UTMX,UTMY,Segment,Sdepth,volume_m,DO,Wtemp,uniqueID,Sdepthm,habitat,color,keep,milesX,milesY,distfrommouth
375000,4266000,CB4MH,29.52756,1e+06,0.09,71.95,375000 4266000,9,Unsuitable,black,YES,233.014125,2650.768686,42.8745989999998
375000,4266000,CB4MH,3.28084,1e+06,7.53,82.8,375000 4266000,1,Tolerable,yellow,YES,233.014125,2650.768686,42.8745989999998
375000,4266000,CB4MH,1.64042,1e+06,7.62,82.82,375000 4266000,0.5,Tolerable,yellow,YES,233.014125,2650.768686,42.8745989999998
375000,4266000,CB4MH,16.4042,1e+06,1.72,77.61,375000 4266000,5,Unsuitable,black,YES,233.014125,2650.768686,42.8745989999998
375000,4266000,CB4MH,4.92126,1e+06,7.41,82.82,375000 4266000,1.5,Tolerable,yellow,YES,233.014125,2650.768686,42.8745989999998
375000,4266000,CB4MH,6.56168,1e+06,7.17,82.6,375000 4266000,2,Tolerable,yellow,YES,233.014125,2650.768686,42.8745989999998
375000,4266000,CB4MH,32.8084,1e+06,0.11,71.8,375000 4266000,10,Unsuitable,black,YES,233.014125,2650.768686,42.8745989999998
375000,4266000,CB4MH,27.88714,1e+06,0.09,72.17,375000 4266000,8.5,Unsuitable,black,YES,233.014125,2650.768686,42.8745989999998
375000,4266000,CB4MH,31.16798,1e+06,0.11,71.8,375000 4266000,9.5,Unsuitable,black,YES,233.014125,2650.768686,42.8745989999998
375000,4266000,CB4MH,21.32546,1e+06,0.36,73.39,375000 4266000,6.5,Unsuitable,black,YES,233.014125,2650.768686,42.8745989999998
375000,4266000,CB4MH,0,1e+06,7.64,82.85,375000 4266000,0,Tolerable,yellow,YES,233.014125,2650.768686,42.8745989999998
375000,4266000,CB4MH,9.84252,1e+06,6,81.97,375000 4266000,3,Suitable,dodgerblue,YES,233.014125,2650.768686,42.8745989999998
375000,4266000,CB4MH,24.6063,1e+06,0.02,72.66,375000 4266000,7.5,Unsuitable,black,YES,233.014125,2650.768686,42.8745989999998
375000,4266000,CB4MH,14.76378,1e+06,2.43,78.99,375000 4266000,4.5,Marginal,orange,YES,233.014125,2650.768686,42.8745989999998
375000,4266000,CB4MH,22.96588,1e+06,0.09,72.96,375000 4266000,7,Unsuitable,black,YES,233.014125,2650.768686,42.8745989999998
375000,4266000,CB4MH,8.2021,1e+06,6.48,82.29,375000 4266000,2.5,Suitable,dodgerblue,YES,233.014125,2650.768686,42.8745989999998
375000,4266000,CB4MH,13.12336,1e+06,3.91,80.96,375000 4266000,4,Tolerable,yellow,YES,233.014125,2650.768686,42.8745989999998
375000,4266000,CB4MH,19.68504,1e+06,0.79,74.02,375000 4266000,6,Unsuitable,black,YES,233.014125,2650.768686,42.8745989999998
375000,4266000,CB4MH,11.48294,1e+06,5.87,82.16,375000 4266000,3.5,Suitable,dodgerblue,YES,233.014125,2650.768686,42.8745989999998
375000,4266000,CB4MH,18.04462,1e+06,1.19,75.69,375000 4266000,5.5,Unsuitable,black,YES,233.014125,2650.768686,42.8745989999998
375000,4266000,CB4MH,26.24672,1e+06,0.05,72.45,375000 4266000,8,Unsuitable,black,YES,233.014125,2650.768686,42.8745989999998
375000,4267000,CB4MH,11.48294,1e+06,5.95,82.29,375000 4267000,3.5,Suitable,dodgerblue,YES,233.014125,2651.390057,43.49597
375000,4267000,CB4MH,1.64042,1e+06,7.66,82.85,375000 4267000,0.5,Tolerable,yellow,YES,233.014125,2651.390057,43.49597
375000,4267000,CB4MH,4.92126,1e+06,7.49,82.85,375000 4267000,1.5,Tolerable,yellow,YES,233.014125,2651.390057,43.49597
375000,4267000,CB4MH,8.2021,1e+06,6.85,82.53,375000 4267000,2.5,Tolerable,yellow,YES,233.014125,2651.390057,43.49597
375000,4267000,CB4MH,29.52756,1e+06,0.09,71.88,375000 4267000,9,Unsuitable,black,YES,233.014125,2651.390057,43.49597
375000,4267000,CB4MH,9.84252,1e+06,6.53,82.32,375000 4267000,3,Suitable,dodgerblue,YES,233.014125,2651.390057,43.49597
375000,4267000,CB4MH,13.12336,1e+06,3.69,80.95,375000 4267000,4,Tolerable,yellow,YES,233.014125,2651.390057,43.49597
375000,4267000,CB4MH,3.28084,1e+06,7.58,82.84,375000 4267000,1,Tolerable,yellow,YES,233.014125,2651.390057,43.49597
375000,4267000,CB4MH,24.6063,1e+06,0.01,72.35,375000 4267000,7.5,Unsuitable,black,YES,233.014125,2651.390057,43.49597
375000,4267000,CB4MH,6.56168,1e+06,7.33,82.69,375000 4267000,2,Tolerable,yellow,YES,233.014125,2651.390057,43.49597
375000,4267000,CB4MH,19.68504,1e+06,0.42,73.21,375000 4267000,6,Unsuitable,black,YES,233.014125,2651.390057,43.49597
375000,4267000,CB4MH,0,1e+06,7.67,82.86,375000 4267000,0,Tolerable,yellow,YES,233.014125,2651.390057,43.49597
375000,4267000,CB4MH,14.76378,1e+06,1.98,78.68,375000 4267000,4.5,Unsuitable,black,YES,233.014125,2651.390057,43.49597
375000,4267000,CB4MH,22.96588,1e+06,0.05,72.55,375000 4267000,7,Unsuitable,black,YES,233.014125,2651.390057,43.49597
375000,4267000,CB4MH,26.24672,1e+06,0.05,72.19,375000 4267000,8,Unsuitable,black,YES,233.014125,2651.390057,43.49597
375000,4267000,CB4MH,18.04462,1e+06,0.7,74.99,375000 4267000,5.5,Unsuitable,black,YES,233.014125,2651.390057,43.49597
375000,4267000,CB4MH,34.44882,1e+06,0.1,71.8,375000 4267000,10.5,Unsuitable,black,YES,233.014125,2651.390057,43.49597
375000,4267000,CB4MH,16.4042,1e+06,1.19,77.09,375000 4267000,5,Unsuitable,black,YES,233.014125,2651.390057,43.49597
375000,4267000,CB4MH,32.8084,1e+06,0.1,71.8,375000 4267000,10,Unsuitable,black,YES,233.014125,2651.390057,43.49597
375000,4267000,CB4MH,31.16798,1e+06,0.1,71.8,375000 4267000,9.5,Unsuitable,black,YES,233.014125,2651.390057,43.49597
375000,4267000,CB4MH,27.88714,1e+06,0.09,72,375000 4267000,8.5,Unsuitable,black,YES,233.014125,2651.390057,43.49597
375000,4267000,CB4MH,21.32546,1e+06,0.19,72.78,375000 4267000,6.5,Unsuitable,black,YES,233.014125,2651.390057,43.49597
375000,4268000,CB4MH,24.6063,1e+06,0,72.05,375000 4268000,7.5,Unsuitable,black,YES,233.014125,2652.011428,44.1173410000001
375000,4268000,CB4MH,27.88714,1e+06,0.1,71.83,375000 4268000,8.5,Unsuitable,black,YES,233.014125,2652.011428,44.1173410000001
375000,4268000,CB4MH,21.32546,1e+06,0.03,72.21,375000 4268000,6.5,Unsuitable,black,YES,233.014125,2652.011428,44.1173410000001
375000,4268000,CB4MH,18.04462,1e+06,0.24,74.33,375000 4268000,5.5,Unsuitable,black,YES,233.014125,2652.011428,44.1173410000001
375000,4268000,CB4MH,14.76378,1e+06,1.53,78.36,375000 4268000,4.5,Unsuitable,black,YES,233.014125,2652.011428,44.1173410000001
375000,4268000,CB4MH,16.4042,1e+06,0.69,76.59,375000 4268000,5,Unsuitable,black,YES,233.014125,2652.011428,44.1173410000001
375000,4268000,CB4MH,19.68504,1e+06,0.07,72.44,375000 4268000,6,Unsuitable,black,YES,233.014125,2652.011428,44.1173410000001
375000,4268000,CB4MH,22.96588,1e+06,0.01,72.17,375000 4268000,7,Unsuitable,black,YES,233.014125,2652.011428,44.1173410000001
375000,4268000,CB4MH,0,1e+06,7.7,82.89,375000 4268000,0,Tolerable,yellow,YES,233.014125,2652.011428,44.1173410000001
375000,4268000,CB4MH,26.24672,1e+06,0.05,71.95,375000 4268000,8,Unsuitable,black,YES,233.014125,2652.011428,44.1173410000001
375000,4268000,CB4MH,4.92126,1e+06,7.56,82.89,375000 4268000,1.5,Tolerable,yellow,YES,233.014125,2652.011428,44.1173410000001
375000,4268000,CB4MH,3.28084,1e+06,7.64,82.89,375000 4268000,1,Tolerable,yellow,YES,233.014125,2652.011428,44.1173410000001
375000,4268000,CB4MH,8.2021,1e+06,7.19,82.75,375000 4268000,2.5,Tolerable,yellow,YES,233.014125,2652.011428,44.1173410000001
375000,4268000,CB4MH,29.52756,1e+06,0.1,71.81,375000 4268000,9,Unsuitable,black,YES,233.014125,2652.011428,44.1173410000001
375000,4268000,CB4MH,9.84252,1e+06,7.02,82.64,375000 4268000,3,Tolerable,yellow,YES,233.014125,2652.011428,44.1173410000001
375000,4268000,CB4MH,37.72966,1e+06,0.1,71.8,375000 4268000,11.5,Unsuitable,black,YES,233.014125,2652.011428,44.1173410000001
375000,4268000,CB4MH,11.48294,1e+06,6,82.38,375000 4268000,3.5,Suitable,dodgerblue,YES,233.014125,2652.011428,44.1173410000001
375000,4268000,CB4MH,31.16798,1e+06,0.1,71.8,375000 4268000,9.5,Unsuitable,black,YES,233.014125,2652.011428,44.1173410000001
375000,4268000,CB4MH,6.56168,1e+06,7.49,82.78,375000 4268000,2,Tolerable,yellow,YES,233.014125,2652.011428,44.1173410000001
375000,4268000,CB4MH,1.64042,1e+06,7.69,82.89,375000 4268000,0.5,Tolerable,yellow,YES,233.014125,2652.011428,44.1173410000001
375000,4268000,CB4MH,36.08924,1e+06,0.1,71.8,375000 4268000,11,Unsuitable,black,YES,233.014125,2652.011428,44.1173410000001
375000,4268000,CB4MH,13.12336,1e+06,3.45,80.91,375000 4268000,4,Tolerable,yellow,YES,233.014125,2652.011428,44.1173410000001
375000,4268000,CB4MH,32.8084,1e+06,0.1,71.8,375000 4268000,10,Unsuitable,black,YES,233.014125,2652.011428,44.1173410000001
375000,4268000,CB4MH,34.44882,1e+06,0.1,71.8,375000 4268000,10.5,Unsuitable,black,YES,233.014125,2652.011428,44.1173410000001
375000,4269000,CB4MH,31.16798,1e+06,0.1,71.8,375000 4269000,9.5,Unsuitable,black,YES,233.014125,2652.632799,44.7387119999999
375000,4269000,CB4MH,24.6063,1e+06,0,72.04,375000 4269000,7.5,Unsuitable,black,YES,233.014125,2652.632799,44.7387119999999
375000,4269000,CB4MH,32.8084,1e+06,0.1,71.8,375000 4269000,10,Unsuitable,black,YES,233.014125,2652.632799,44.7387119999999
375000,4269000,CB4MH,29.52756,1e+06,0.1,71.81,375000 4269000,9,Unsuitable,black,YES,233.014125,2652.632799,44.7387119999999
375000,4269000,CB4MH,26.24672,1e+06,0.05,71.93,375000 4269000,8,Unsuitable,black,YES,233.014125,2652.632799,44.7387119999999
375000,4269000,CB4MH,36.08924,1e+06,0.1,71.8,375000 4269000,11,Unsuitable,black,YES,233.014125,2652.632799,44.7387119999999
375000,4269000,CB4MH,0,1e+06,7.7,82.89,375000 4269000,0,Tolerable,yellow,YES,233.014125,2652.632799,44.7387119999999
375000,4269000,CB4MH,21.32546,1e+06,0.02,72.18,375000 4269000,6.5,Unsuitable,black,YES,233.014125,2652.632799,44.7387119999999
375000,4269000,CB4MH,16.4042,1e+06,0.67,76.57,375000 4269000,5,Unsuitable,black,YES,233.014125,2652.632799,44.7387119999999
375000,4269000,CB4MH,3.28084,1e+06,7.64,82.89,375000 4269000,1,Tolerable,yellow,YES,233.014125,2652.632799,44.7387119999999
375000,4269000,CB4MH,8.2021,1e+06,7.21,82.77,375000 4269000,2.5,Tolerable,yellow,YES,233.014125,2652.632799,44.7387119999999
375000,4269000,CB4MH,27.88714,1e+06,0.1,71.82,375000 4269000,8.5,Unsuitable,black,YES,233.014125,2652.632799,44.7387119999999
375000,4269000,CB4MH,18.04462,1e+06,0.21,74.29,375000 4269000,5.5,Unsuitable,black,YES,233.014125,2652.632799,44.7387119999999
375000,4269000,CB4MH,22.96588,1e+06,0.01,72.15,375000 4269000,7,Unsuitable,black,YES,233.014125,2652.632799,44.7387119999999
375000,4269000,CB4MH,19.68504,1e+06,0.05,72.4,375000 4269000,6,Unsuitable,black,YES,233.014125,2652.632799,44.7387119999999
375000,4269000,CB4MH,4.92126,1e+06,7.56,82.89,375000 4269000,1.5,Tolerable,yellow,YES,233.014125,2652.632799,44.7387119999999
375000,4269000,CB4MH,6.56168,1e+06,7.5,82.78,375000 4269000,2,Tolerable,yellow,YES,233.014125,2652.632799,44.7387119999999
375000,4269000,CB4MH,34.44882,1e+06,0.1,71.8,375000 4269000,10.5,Unsuitable,black,YES,233.014125,2652.632799,44.7387119999999
375000,4269000,CB4MH,9.84252,1e+06,7.04,82.66,375000 4269000,3,Tolerable,yellow,YES,233.014125,2652.632799,44.7387119999999
375000,4269000,CB4MH,13.12336,1e+06,3.43,80.9,375000 4269000,4,Tolerable,yellow,YES,233.014125,2652.632799,44.7387119999999
375000,4269000,CB4MH,1.64042,1e+06,7.7,82.89,375000 4269000,0.5,Tolerable,yellow,YES,233.014125,2652.632799,44.7387119999999
375000,4269000,CB4MH,14.76378,1e+06,1.51,78.34,375000 4269000,4.5,Unsuitable,black,YES,233.014125,2652.632799,44.7387119999999
375000,4269000,CB4MH,11.48294,1e+06,6,82.39,375000 4269000,3.5,Suitable,dodgerblue,YES,233.014125,2652.632799,44.7387119999999
375000,4270000,CB4MH,32.8084,1e+06,0.1,71.79,375000 4270000,10,Unsuitable,black,YES,233.014125,2653.25417,45.360083
375000,4270000,CB4MH,9.84252,1e+06,6.62,82.35,375000 4270000,3,Suitable,dodgerblue,YES,233.014125,2653.25417,45.360083
375000,4270000,CB4MH,13.12336,1e+06,3.63,80.9,375000 4270000,4,Tolerable,yellow,YES,233.014125,2653.25417,45.360083
375000,4270000,CB4MH,21.32546,1e+06,0.17,72.71,375000 4270000,6.5,Unsuitable,black,YES,233.014125,2653.25417,45.360083
375000,4270000,CB4MH,16.4042,1e+06,1.12,77,375000 4270000,5,Unsuitable,black,YES,233.014125,2653.25417,45.360083
375000,4270000,CB4MH,29.52756,1e+06,0.09,71.86,375000 4270000,9,Unsuitable,black,YES,233.014125,2653.25417,45.360083
375000,4270000,CB4MH,19.68504,1e+06,0.37,73.12,375000 4270000,6,Unsuitable,black,YES,233.014125,2653.25417,45.360083
375000,4270000,CB4MH,11.48294,1e+06,5.93,82.26,375000 4270000,3.5,Suitable,dodgerblue,YES,233.014125,2653.25417,45.360083
375000,4270000,CB4MH,3.28084,1e+06,7.59,82.82,375000 4270000,1,Tolerable,yellow,YES,233.014125,2653.25417,45.360083
375000,4270000,CB4MH,27.88714,1e+06,0.09,71.97,375000 4270000,8.5,Unsuitable,black,YES,233.014125,2653.25417,45.360083
375000,4270000,CB4MH,22.96588,1e+06,0.04,72.5,375000 4270000,7,Unsuitable,black,YES,233.014125,2653.25417,45.360083
375000,4270000,CB4MH,8.2021,1e+06,6.9,82.54,375000 4270000,2.5,Tolerable,yellow,YES,233.014125,2653.25417,45.360083
375000,4270000,CB4MH,14.76378,1e+06,1.91,78.61,375000 4270000,4.5,Unsuitable,black,YES,233.014125,2653.25417,45.360083
375000,4270000,CB4MH,4.92126,1e+06,7.5,82.83,375000 4270000,1.5,Tolerable,yellow,YES,233.014125,2653.25417,45.360083
375000,4270000,CB4MH,6.56168,1e+06,7.35,82.67,375000 4270000,2,Tolerable,yellow,YES,233.014125,2653.25417,45.360083
375000,4270000,CB4MH,1.64042,1e+06,7.67,82.83,375000 4270000,0.5,Tolerable,yellow,YES,233.014125,2653.25417,45.360083
375000,4270000,CB4MH,0,1e+06,7.68,82.85,375000 4270000,0,Tolerable,yellow,YES,233.014125,2653.25417,45.360083
375000,4270000,CB4MH,26.24672,1e+06,0.05,72.15,375000 4270000,8,Unsuitable,black,YES,233.014125,2653.25417,45.360083
375000,4270000,CB4MH,31.16798,1e+06,0.1,71.79,375000 4270000,9.5,Unsuitable,black,YES,233.014125,2653.25417,45.360083
375000,4270000,CB4MH,18.04462,1e+06,0.64,74.9,375000 4270000,5.5,Unsuitable,black,YES,233.014125,2653.25417,45.360083
375000,4270000,CB4MH,24.6063,1e+06,0.01,72.3,375000 4270000,7.5,Unsuitable,black,YES,233.014125,2653.25417,45.360083
375000,4271000,CB4MH,26.24672,1e+06,0.05,72.36,375000 4271000,8,Unsuitable,black,YES,233.014125,2653.875541,45.9814539999998
375000,4271000,CB4MH,14.76378,1e+06,2.28,78.78,375000 4271000,4.5,Marginal,orange,YES,233.014125,2653.875541,45.9814539999998
375000,4271000,CB4MH,24.6063,1e+06,0.02,72.56,375000 4271000,7.5,Unsuitable,black,YES,233.014125,2653.875541,45.9814539999998
375000,4271000,CB4MH,11.48294,1e+06,5.72,81.99,375000 4271000,3.5,Suitable,dodgerblue,YES,233.014125,2653.875541,45.9814539999998
375000,4271000,CB4MH,18.04462,1e+06,1.09,75.5,375000 4271000,5.5,Unsuitable,black,YES,233.014125,2653.875541,45.9814539999998
375000,4271000,CB4MH,16.4042,1e+06,1.58,77.38,375000 4271000,5,Unsuitable,black,YES,233.014125,2653.875541,45.9814539999998
375000,4271000,CB4MH,21.32546,1e+06,0.33,73.28,375000 4271000,6.5,Unsuitable,black,YES,233.014125,2653.875541,45.9814539999998
375000,4271000,CB4MH,27.88714,1e+06,0.08,72.1,375000 4271000,8.5,Unsuitable,black,YES,233.014125,2653.875541,45.9814539999998
375000,4271000,CB4MH,0,1e+06,7.66,82.81,375000 4271000,0,Tolerable,yellow,YES,233.014125,2653.875541,45.9814539999998
375000,4271000,CB4MH,19.68504,1e+06,0.71,73.88,375000 4271000,6,Unsuitable,black,YES,233.014125,2653.875541,45.9814539999998
375000,4271000,CB4MH,31.16798,1e+06,0.11,71.75,375000 4271000,9.5,Unsuitable,black,YES,233.014125,2653.875541,45.9814539999998
375000,4271000,CB4MH,3.28084,1e+06,7.55,82.75,375000 4271000,1,Tolerable,yellow,YES,233.014125,2653.875541,45.9814539999998
375000,4271000,CB4MH,8.2021,1e+06,6.56,82.28,375000 4271000,2.5,Suitable,dodgerblue,YES,233.014125,2653.875541,45.9814539999998
375000,4271000,CB4MH,1.64042,1e+06,7.64,82.78,375000 4271000,0.5,Tolerable,yellow,YES,233.014125,2653.875541,45.9814539999998
375000,4271000,CB4MH,6.56168,1e+06,7.18,82.55,375000 4271000,2,Tolerable,yellow,YES,233.014125,2653.875541,45.9814539999998
375000,4271000,CB4MH,4.92126,1e+06,7.43,82.76,375000 4271000,1.5,Tolerable,yellow,YES,233.014125,2653.875541,45.9814539999998
375000,4271000,CB4MH,32.8084,1e+06,0.11,71.75,375000 4271000,10,Unsuitable,black,YES,233.014125,2653.875541,45.9814539999998
375000,4271000,CB4MH,22.96588,1e+06,0.08,72.85,375000 4271000,7,Unsuitable,black,YES,233.014125,2653.875541,45.9814539999998
375000,4271000,CB4MH,9.84252,1e+06,6.13,82.01,375000 4271000,3,Suitable,dodgerblue,YES,233.014125,2653.875541,45.9814539999998
375000,4271000,CB4MH,29.52756,1e+06,0.08,71.9,375000 4271000,9,Unsuitable,black,YES,233.014125,2653.875541,45.9814539999998
375000,4271000,CB4MH,13.12336,1e+06,3.75,80.79,375000 4271000,4,Tolerable,yellow,YES,233.014125,2653.875541,45.9814539999998
375000,4272000,CB4MH,0,1e+06,7.66,82.81,375000 4272000,0,Tolerable,yellow,YES,233.014125,2654.496912,46.6028249999999
375000,4272000,CB4MH,9.84252,1e+06,5.76,81.76,375000 4272000,3,Suitable,dodgerblue,YES,233.014125,2654.496912,46.6028249999999
375000,4272000,CB4MH,32.8084,1e+06,0.11,71.67,375000 4272000,10,Unsuitable,black,YES,233.014125,2654.496912,46.6028249999999
375000,4272000,CB4MH,6.56168,1e+06,7.07,82.47,375000 4272000,2,Tolerable,yellow,YES,233.014125,2654.496912,46.6028249999999
375000,4272000,CB4MH,26.24672,1e+06,0.05,72.44,375000 4272000,8,Unsuitable,black,YES,233.014125,2654.496912,46.6028249999999
375000,4272000,CB4MH,16.4042,1e+06,1.79,77.41,375000 4272000,5,Unsuitable,black,YES,233.014125,2654.496912,46.6028249999999
375000,4272000,CB4MH,19.68504,1e+06,0.89,74.3,375000 4272000,6,Unsuitable,black,YES,233.014125,2654.496912,46.6028249999999
375000,4272000,CB4MH,27.88714,1e+06,0.08,72.14,375000 4272000,8.5,Unsuitable,black,YES,233.014125,2654.496912,46.6028249999999
375000,4272000,CB4MH,1.64042,1e+06,7.63,82.76,375000 4272000,0.5,Tolerable,yellow,YES,233.014125,2654.496912,46.6028249999999
375000,4272000,CB4MH,3.28084,1e+06,7.52,82.71,375000 4272000,1,Tolerable,yellow,YES,233.014125,2654.496912,46.6028249999999
375000,4272000,CB4MH,11.48294,1e+06,5.33,81.6,375000 4272000,3.5,Suitable,dodgerblue,YES,233.014125,2654.496912,46.6028249999999
375000,4272000,CB4MH,31.16798,1e+06,0.11,71.67,375000 4272000,9.5,Unsuitable,black,YES,233.014125,2654.496912,46.6028249999999
375000,4272000,CB4MH,29.52756,1e+06,0.08,71.88,375000 4272000,9,Unsuitable,black,YES,233.014125,2654.496912,46.6028249999999
375000,4272000,CB4MH,24.6063,1e+06,0.03,72.66,375000 4272000,7.5,Unsuitable,black,YES,233.014125,2654.496912,46.6028249999999
375000,4272000,CB4MH,13.12336,1e+06,3.64,80.48,375000 4272000,4,Tolerable,yellow,YES,233.014125,2654.496912,46.6028249999999
375000,4272000,CB4MH,14.76378,1e+06,2.38,78.66,375000 4272000,4.5,Marginal,orange,YES,233.014125,2654.496912,46.6028249999999
375000,4272000,CB4MH,22.96588,1e+06,0.11,73.02,375000 4272000,7,Unsuitable,black,YES,233.014125,2654.496912,46.6028249999999
375000,4272000,CB4MH,4.92126,1e+06,7.38,82.72,375000 4272000,1.5,Tolerable,yellow,YES,233.014125,2654.496912,46.6028249999999
375000,4272000,CB4MH,18.04462,1e+06,1.31,75.75,375000 4272000,5.5,Unsuitable,black,YES,233.014125,2654.496912,46.6028249999999
375000,4272000,CB4MH,21.32546,1e+06,0.42,73.58,375000 4272000,6.5,Unsuitable,black,YES,233.014125,2654.496912,46.6028249999999
375000,4272000,CB4MH,8.2021,1e+06,6.33,82.11,375000 4272000,2.5,Suitable,dodgerblue,YES,233.014125,2654.496912,46.6028249999999
375000,4273000,CB4MH,29.52756,1e+06,0.08,71.79,375000 4273000,9,Unsuitable,black,YES,233.014125,2655.118283,47.2241960000001
375000,4273000,CB4MH,26.24672,1e+06,0.06,72.36,375000 4273000,8,Unsuitable,black,YES,233.014125,2655.118283,47.2241960000001
375000,4273000,CB4MH,18.04462,1e+06,1.29,75.61,375000 4273000,5.5,Unsuitable,black,YES,233.014125,2655.118283,47.2241960000001
375000,4273000,CB4MH,1.64042,1e+06,7.61,82.78,375000 4273000,0.5,Tolerable,yellow,YES,233.014125,2655.118283,47.2241960000001
375000,4273000,CB4MH,21.32546,1e+06,0.43,73.61,375000 4273000,6.5,Unsuitable,black,YES,233.014125,2655.118283,47.2241960000001
375000,4273000,CB4MH,14.76378,1e+06,2.19,78.23,375000 4273000,4.5,Marginal,orange,YES,233.014125,2655.118283,47.2241960000001
375000,4273000,CB4MH,19.68504,1e+06,0.9,74.37,375000 4273000,6,Unsuitable,black,YES,233.014125,2655.118283,47.2241960000001
375000,4273000,CB4MH,27.88714,1e+06,0.08,72.07,375000 4273000,8.5,Unsuitable,black,YES,233.014125,2655.118283,47.2241960000001
375000,4273000,CB4MH,0,1e+06,7.66,82.94,375000 4273000,0,Tolerable,yellow,YES,233.014125,2655.118283,47.2241960000001
375000,4273000,CB4MH,22.96588,1e+06,0.12,72.97,375000 4273000,7,Unsuitable,black,YES,233.014125,2655.118283,47.2241960000001
375000,4273000,CB4MH,4.92126,1e+06,7.33,82.69,375000 4273000,1.5,Tolerable,yellow,YES,233.014125,2655.118283,47.2241960000001
375000,4273000,CB4MH,9.84252,1e+06,5.98,81.88,375000 4273000,3,Suitable,dodgerblue,YES,233.014125,2655.118283,47.2241960000001
375000,4273000,CB4MH,16.4042,1e+06,1.71,77.05,375000 4273000,5,Unsuitable,black,YES,233.014125,2655.118283,47.2241960000001
375000,4273000,CB4MH,24.6063,1e+06,0.05,72.59,375000 4273000,7.5,Unsuitable,black,YES,233.014125,2655.118283,47.2241960000001
375000,4273000,CB4MH,3.28084,1e+06,7.5,82.69,375000 4273000,1,Tolerable,yellow,YES,233.014125,2655.118283,47.2241960000001
375000,4273000,CB4MH,8.2021,1e+06,6.68,82.35,375000 4273000,2.5,Suitable,dodgerblue,YES,233.014125,2655.118283,47.2241960000001
375000,4273000,CB4MH,6.56168,1e+06,7.16,82.63,375000 4273000,2,Tolerable,yellow,YES,233.014125,2655.118283,47.2241960000001
375000,4273000,CB4MH,11.48294,1e+06,4.81,81.12,375000 4273000,3.5,Suitable,dodgerblue,YES,233.014125,2655.118283,47.2241960000001
375000,4273000,CB4MH,13.12336,1e+06,3.28,79.96,375000 4273000,4,Tolerable,yellow,YES,233.014125,2655.118283,47.2241960000001
375000,4286000,CB4MH,21.32546,1e+06,0.07,72.49,375000 4286000,6.5,Unsuitable,black,YES,233.014125,2663.196106,55.3020189999998
375000,4286000,CB4MH,19.68504,1e+06,0.04,73.04,375000 4286000,6,Unsuitable,black,YES,233.014125,2663.196106,55.3020189999998
375000,4286000,CB4MH,9.84252,1e+06,3.94,80.68,375000 4286000,3,Tolerable,yellow,YES,233.014125,2663.196106,55.3020189999998
375000,4286000,CB4MH,8.2021,1e+06,5.63,81.75,375000 4286000,2.5,Suitable,dodgerblue,YES,233.014125,2663.196106,55.3020189999998
375000,4286000,CB4MH,34.44882,1e+06,0.1,71.19,375000 4286000,10.5,Unsuitable,black,YES,233.014125,2663.196106,55.3020189999998
375000,4286000,CB4MH,27.88714,1e+06,0.1,71.44,375000 4286000,8.5,Unsuitable,black,YES,233.014125,2663.196106,55.3020189999998
375000,4286000,CB4MH,1.64042,1e+06,7.9,83.03,375000 4286000,0.5,Tolerable,yellow,YES,233.014125,2663.196106,55.3020189999998
375000,4286000,CB4MH,31.16798,1e+06,0.1,71.21,375000 4286000,9.5,Unsuitable,black,YES,233.014125,2663.196106,55.3020189999998
375000,4286000,CB4MH,3.28084,1e+06,7.54,82.65,375000 4286000,1,Tolerable,yellow,YES,233.014125,2663.196106,55.3020189999998
375000,4286000,CB4MH,14.76378,1e+06,0.44,76.6,375000 4286000,4.5,Unsuitable,black,YES,233.014125,2663.196106,55.3020189999998
375000,4286000,CB4MH,11.48294,1e+06,2.66,79.69,375000 4286000,3.5,Marginal,orange,YES,233.014125,2663.196106,55.3020189999998
375000,4286000,CB4MH,16.4042,1e+06,0.16,75.05,375000 4286000,5,Unsuitable,black,YES,233.014125,2663.196106,55.3020189999998
375000,4286000,CB4MH,18.04462,1e+06,0.04,73.77,375000 4286000,5.5,Unsuitable,black,YES,233.014125,2663.196106,55.3020189999998
375000,4286000,CB4MH,24.6063,1e+06,0.08,71.69,375000 4286000,7.5,Unsuitable,black,YES,233.014125,2663.196106,55.3020189999998
375000,4286000,CB4MH,6.56168,1e+06,6.78,82.38,375000 4286000,2,Suitable,dodgerblue,YES,233.014125,2663.196106,55.3020189999998
375000,4286000,CB4MH,26.24672,1e+06,0.09,71.59,375000 4286000,8,Unsuitable,black,YES,233.014125,2663.196106,55.3020189999998
375000,4286000,CB4MH,4.92126,1e+06,7.14,82.48,375000 4286000,1.5,Tolerable,yellow,YES,233.014125,2663.196106,55.3020189999998
375000,4286000,CB4MH,29.52756,1e+06,0.1,71.27,375000 4286000,9,Unsuitable,black,YES,233.014125,2663.196106,55.3020189999998
375000,4286000,CB4MH,36.08924,1e+06,0.1,71.16,375000 4286000,11,Unsuitable,black,YES,233.014125,2663.196106,55.3020189999998
375000,4286000,CB4MH,0,1e+06,8.1,83.46,375000 4286000,0,Tolerable,yellow,YES,233.014125,2663.196106,55.3020189999998
375000,4286000,CB4MH,13.12336,1e+06,1.15,78.3,375000 4286000,4,Unsuitable,black,YES,233.014125,2663.196106,55.3020189999998
375000,4286000,CB4MH,22.96588,1e+06,0.07,72.01,375000 4286000,7,Unsuitable,black,YES,233.014125,2663.196106,55.3020189999998
375000,4286000,CB4MH,32.8084,1e+06,0.1,71.19,375000 4286000,10,Unsuitable,black,YES,233.014125,2663.196106,55.3020189999998
375000,4287000,CB4MH,8.2021,1e+06,5.65,81.76,375000 4287000,2.5,Suitable,dodgerblue,YES,233.014125,2663.817477,55.9233899999999
375000,4287000,CB4MH,6.56168,1e+06,6.77,82.36,375000 4287000,2,Suitable,dodgerblue,YES,233.014125,2663.817477,55.9233899999999
375000,4287000,CB4MH,0,1e+06,8.24,83.58,375000 4287000,0,Tolerable,yellow,YES,233.014125,2663.817477,55.9233899999999
375000,4287000,CB4MH,1.64042,1e+06,8.01,83.12,375000 4287000,0.5,Tolerable,yellow,YES,233.014125,2663.817477,55.9233899999999
375000,4287000,CB4MH,14.76378,1e+06,0.48,76.89,375000 4287000,4.5,Unsuitable,black,YES,233.014125,2663.817477,55.9233899999999
375000,4287000,CB4MH,19.68504,1e+06,0.04,73.1,375000 4287000,6,Unsuitable,black,YES,233.014125,2663.817477,55.9233899999999
375000,4287000,CB4MH,32.8084,1e+06,0.1,71.19,375000 4287000,10,Unsuitable,black,YES,233.014125,2663.817477,55.9233899999999
375000,4287000,CB4MH,4.92126,1e+06,7.13,82.46,375000 4287000,1.5,Tolerable,yellow,YES,233.014125,2663.817477,55.9233899999999
375000,4287000,CB4MH,13.12336,1e+06,1.18,78.5,375000 4287000,4,Unsuitable,black,YES,233.014125,2663.817477,55.9233899999999
375000,4287000,CB4MH,24.6063,1e+06,0.07,71.74,375000 4287000,7.5,Unsuitable,black,YES,233.014125,2663.817477,55.9233899999999
375000,4287000,CB4MH,36.08924,1e+06,0.1,71.12,375000 4287000,11,Unsuitable,black,YES,233.014125,2663.817477,55.9233899999999
375000,4287000,CB4MH,9.84252,1e+06,4.02,80.75,375000 4287000,3,Suitable,dodgerblue,YES,233.014125,2663.817477,55.9233899999999
375000,4287000,CB4MH,3.28084,1e+06,7.57,82.66,375000 4287000,1,Tolerable,yellow,YES,233.014125,2663.817477,55.9233899999999
375000,4287000,CB4MH,16.4042,1e+06,0.18,75.27,375000 4287000,5,Unsuitable,black,YES,233.014125,2663.817477,55.9233899999999
375000,4287000,CB4MH,29.52756,1e+06,0.1,71.28,375000 4287000,9,Unsuitable,black,YES,233.014125,2663.817477,55.9233899999999
375000,4287000,CB4MH,34.44882,1e+06,0.1,71.19,375000 4287000,10.5,Unsuitable,black,YES,233.014125,2663.817477,55.9233899999999
375000,4287000,CB4MH,22.96588,1e+06,0.07,72.07,375000 4287000,7,Unsuitable,black,YES,233.014125,2663.817477,55.9233899999999
375000,4287000,CB4MH,27.88714,1e+06,0.1,71.47,375000 4287000,8.5,Unsuitable,black,YES,233.014125,2663.817477,55.9233899999999
375000,4287000,CB4MH,11.48294,1e+06,2.62,79.77,375000 4287000,3.5,Marginal,orange,YES,233.014125,2663.817477,55.9233899999999
375000,4287000,CB4MH,18.04462,1e+06,0.05,73.89,375000 4287000,5.5,Unsuitable,black,YES,233.014125,2663.817477,55.9233899999999
375000,4287000,CB4MH,26.24672,1e+06,0.09,71.64,375000 4287000,8,Unsuitable,black,YES,233.014125,2663.817477,55.9233899999999
375000,4287000,CB4MH,21.32546,1e+06,0.07,72.54,375000 4287000,6.5,Unsuitable,black,YES,233.014125,2663.817477,55.9233899999999
375000,4287000,CB4MH,31.16798,1e+06,0.1,71.21,375000 4287000,9.5,Unsuitable,black,YES,233.014125,2663.817477,55.9233899999999
375000,4288000,CB4MH,0,1e+06,8.52,83.72,375000 4288000,0,Tolerable,yellow,YES,233.014125,2664.438848,56.5447610000001
375000,4288000,CB4MH,14.76378,1e+06,0.52,77.16,375000 4288000,4.5,Unsuitable,black,YES,233.014125,2664.438848,56.5447610000001
375000,4288000,CB4MH,24.6063,1e+06,0.07,71.78,375000 4288000,7.5,Unsuitable,black,YES,233.014125,2664.438848,56.5447610000001
375000,4288000,CB4MH,32.8084,1e+06,0.1,71.19,375000 4288000,10,Unsuitable,black,YES,233.014125,2664.438848,56.5447610000001
375000,4288000,CB4MH,21.32546,1e+06,0.06,72.58,375000 4288000,6.5,Unsuitable,black,YES,233.014125,2664.438848,56.5447610000001
375000,4288000,CB4MH,27.88714,1e+06,0.1,71.5,375000 4288000,8.5,Unsuitable,black,YES,233.014125,2664.438848,56.5447610000001
375000,4288000,CB4MH,22.96588,1e+06,0.06,72.12,375000 4288000,7,Unsuitable,black,YES,233.014125,2664.438848,56.5447610000001
375000,4288000,CB4MH,8.2021,1e+06,5.59,81.75,375000 4288000,2.5,Suitable,dodgerblue,YES,233.014125,2664.438848,56.5447610000001
375000,4288000,CB4MH,6.56168,1e+06,6.29,82.22,375000 4288000,2,Suitable,dodgerblue,YES,233.014125,2664.438848,56.5447610000001
375000,4288000,CB4MH,36.08924,1e+06,0.1,71.08,375000 4288000,11,Unsuitable,black,YES,233.014125,2664.438848,56.5447610000001
375000,4288000,CB4MH,3.28084,1e+06,7.62,82.76,375000 4288000,1,Tolerable,yellow,YES,233.014125,2664.438848,56.5447610000001
375000,4288000,CB4MH,19.68504,1e+06,0.05,73.16,375000 4288000,6,Unsuitable,black,YES,233.014125,2664.438848,56.5447610000001
375000,4288000,CB4MH,26.24672,1e+06,0.09,71.68,375000 4288000,8,Unsuitable,black,YES,233.014125,2664.438848,56.5447610000001
375000,4288000,CB4MH,31.16798,1e+06,0.1,71.21,375000 4288000,9.5,Unsuitable,black,YES,233.014125,2664.438848,56.5447610000001
375000,4288000,CB4MH,16.4042,1e+06,0.19,75.48,375000 4288000,5,Unsuitable,black,YES,233.014125,2664.438848,56.5447610000001
375000,4288000,CB4MH,4.92126,1e+06,6.88,82.41,375000 4288000,1.5,Tolerable,yellow,YES,233.014125,2664.438848,56.5447610000001
375000,4288000,CB4MH,9.84252,1e+06,4.53,81.12,375000 4288000,3,Suitable,dodgerblue,YES,233.014125,2664.438848,56.5447610000001
375000,4288000,CB4MH,34.44882,1e+06,0.1,71.19,375000 4288000,10.5,Unsuitable,black,YES,233.014125,2664.438848,56.5447610000001
375000,4288000,CB4MH,29.52756,1e+06,0.1,71.3,375000 4288000,9,Unsuitable,black,YES,233.014125,2664.438848,56.5447610000001
375000,4288000,CB4MH,1.64042,1e+06,8.2,83.27,375000 4288000,0.5,Tolerable,yellow,YES,233.014125,2664.438848,56.5447610000001
375000,4288000,CB4MH,18.04462,1e+06,0.05,74,375000 4288000,5.5,Unsuitable,black,YES,233.014125,2664.438848,56.5447610000001
375000,4288000,CB4MH,11.48294,1e+06,2.58,79.86,375000 4288000,3.5,Marginal,orange,YES,233.014125,2664.438848,56.5447610000001
375000,4288000,CB4MH,13.12336,1e+06,1.21,78.68,375000 4288000,4,Unsuitable,black,YES,233.014125,2664.438848,56.5447610000001
375000,4289000,CB4MH,26.24672,1e+06,0.09,71.71,375000 4289000,8,Unsuitable,black,YES,233.014125,2665.060219,57.1661319999998
375000,4289000,CB4MH,29.52756,1e+06,0.1,71.3,375000 4289000,9,Unsuitable,black,YES,233.014125,2665.060219,57.1661319999998
375000,4289000,CB4MH,31.16798,1e+06,0.1,71.21,375000 4289000,9.5,Unsuitable,black,YES,233.014125,2665.060219,57.1661319999998
375000,4289000,CB4MH,18.04462,1e+06,0.06,74.09,375000 4289000,5.5,Unsuitable,black,YES,233.014125,2665.060219,57.1661319999998
375000,4289000,CB4MH,13.12336,1e+06,1.23,78.85,375000 4289000,4,Unsuitable,black,YES,233.014125,2665.060219,57.1661319999998
375000,4289000,CB4MH,21.32546,1e+06,0.06,72.61,375000 4289000,6.5,Unsuitable,black,YES,233.014125,2665.060219,57.1661319999998
375000,4289000,CB4MH,19.68504,1e+06,0.05,73.21,375000 4289000,6,Unsuitable,black,YES,233.014125,2665.060219,57.1661319999998
375000,4289000,CB4MH,14.76378,1e+06,0.56,77.4,375000 4289000,4.5,Unsuitable,black,YES,233.014125,2665.060219,57.1661319999998
375000,4289000,CB4MH,8.2021,1e+06,5.46,81.87,375000 4289000,2.5,Suitable,dodgerblue,YES,233.014125,2665.060219,57.1661319999998
375000,4289000,CB4MH,22.96588,1e+06,0.06,72.16,375000 4289000,7,Unsuitable,black,YES,233.014125,2665.060219,57.1661319999998
375000,4289000,CB4MH,32.8084,1e+06,0.1,71.18,375000 4289000,10,Unsuitable,black,YES,233.014125,2665.060219,57.1661319999998
375000,4289000,CB4MH,1.64042,1e+06,8.11,83.38,375000 4289000,0.5,Tolerable,yellow,YES,233.014125,2665.060219,57.1661319999998
375000,4289000,CB4MH,4.92126,1e+06,6.76,82.37,375000 4289000,1.5,Suitable,dodgerblue,YES,233.014125,2665.060219,57.1661319999998
375000,4289000,CB4MH,27.88714,1e+06,0.1,71.52,375000 4289000,8.5,Unsuitable,black,YES,233.014125,2665.060219,57.1661319999998
375000,4289000,CB4MH,11.48294,1e+06,2.54,79.94,375000 4289000,3.5,Marginal,orange,YES,233.014125,2665.060219,57.1661319999998
375000,4289000,CB4MH,6.56168,1e+06,6.06,82.08,375000 4289000,2,Suitable,dodgerblue,YES,233.014125,2665.060219,57.1661319999998
375000,4289000,CB4MH,16.4042,1e+06,0.2,75.67,375000 4289000,5,Unsuitable,black,YES,233.014125,2665.060219,57.1661319999998
375000,4289000,CB4MH,0,1e+06,8.43,83.74,375000 4289000,0,Tolerable,yellow,YES,233.014125,2665.060219,57.1661319999998
375000,4289000,CB4MH,3.28084,1e+06,7.5,82.83,375000 4289000,1,Tolerable,yellow,YES,233.014125,2665.060219,57.1661319999998
375000,4289000,CB4MH,24.6063,1e+06,0.07,71.81,375000 4289000,7.5,Unsuitable,black,YES,233.014125,2665.060219,57.1661319999998
375000,4289000,CB4MH,9.84252,1e+06,4.65,81.56,375000 4289000,3,Suitable,dodgerblue,YES,233.014125,2665.060219,57.1661319999998
376000,4263000,CB4MH,27.88714,1e+06,0.1,72.49,376000 4263000,8.5,Unsuitable,black,YES,233.635496,2648.904573,41.0104860000001
376000,4263000,CB4MH,9.84252,1e+06,5.16,81.5,376000 4263000,3,Suitable,dodgerblue,YES,233.635496,2648.904573,41.0104860000001
376000,4263000,CB4MH,22.96588,1e+06,0.18,73.64,376000 4263000,7,Unsuitable,black,YES,233.635496,2648.904573,41.0104860000001
376000,4263000,CB4MH,32.8084,1e+06,0.18,71.96,376000 4263000,10,Unsuitable,black,YES,233.635496,2648.904573,41.0104860000001
376000,4263000,CB4MH,24.6063,1e+06,0.06,73.18,376000 4263000,7.5,Unsuitable,black,YES,233.635496,2648.904573,41.0104860000001
376000,4263000,CB4MH,19.68504,1e+06,1.39,75.33,376000 4263000,6,Unsuitable,black,YES,233.635496,2648.904573,41.0104860000001
376000,4263000,CB4MH,21.32546,1e+06,0.65,74.39,376000 4263000,6.5,Unsuitable,black,YES,233.635496,2648.904573,41.0104860000001
376000,4263000,CB4MH,13.12336,1e+06,4.14,80.88,376000 4263000,4,Suitable,dodgerblue,YES,233.635496,2648.904573,41.0104860000001
376000,4263000,CB4MH,29.52756,1e+06,0.1,72.12,376000 4263000,9,Unsuitable,black,YES,233.635496,2648.904573,41.0104860000001
376000,4263000,CB4MH,14.76378,1e+06,3.13,79.54,376000 4263000,4.5,Tolerable,yellow,YES,233.635496,2648.904573,41.0104860000001
376000,4263000,CB4MH,34.44882,1e+06,0.19,71.96,376000 4263000,10.5,Unsuitable,black,YES,233.635496,2648.904573,41.0104860000001
376000,4263000,CB4MH,31.16798,1e+06,0.18,71.95,376000 4263000,9.5,Unsuitable,black,YES,233.635496,2648.904573,41.0104860000001
376000,4263000,CB4MH,0,1e+06,7.57,82.9,376000 4263000,0,Tolerable,yellow,YES,233.635496,2648.904573,41.0104860000001
376000,4263000,CB4MH,26.24672,1e+06,0.07,72.89,376000 4263000,8,Unsuitable,black,YES,233.635496,2648.904573,41.0104860000001
376000,4263000,CB4MH,3.28084,1e+06,7.42,82.81,376000 4263000,1,Tolerable,yellow,YES,233.635496,2648.904573,41.0104860000001
376000,4263000,CB4MH,11.48294,1e+06,5.38,81.78,376000 4263000,3.5,Suitable,dodgerblue,YES,233.635496,2648.904573,41.0104860000001
376000,4263000,CB4MH,4.92126,1e+06,7.29,82.84,376000 4263000,1.5,Tolerable,yellow,YES,233.635496,2648.904573,41.0104860000001
376000,4263000,CB4MH,8.2021,1e+06,5.97,82.05,376000 4263000,2.5,Suitable,dodgerblue,YES,233.635496,2648.904573,41.0104860000001
376000,4263000,CB4MH,18.04462,1e+06,1.97,76.76,376000 4263000,5.5,Unsuitable,black,YES,233.635496,2648.904573,41.0104860000001
376000,4263000,CB4MH,1.64042,1e+06,7.53,82.85,376000 4263000,0.5,Tolerable,yellow,YES,233.635496,2648.904573,41.0104860000001
376000,4263000,CB4MH,6.56168,1e+06,6.95,82.59,376000 4263000,2,Tolerable,yellow,YES,233.635496,2648.904573,41.0104860000001
376000,4263000,CB4MH,16.4042,1e+06,2.56,78.38,376000 4263000,5,Marginal,orange,YES,233.635496,2648.904573,41.0104860000001
376000,4264000,CB4MH,8.2021,1e+06,6.13,82.12,376000 4264000,2.5,Suitable,dodgerblue,YES,233.635496,2649.525944,41.6318569999999
376000,4264000,CB4MH,29.52756,1e+06,0.09,72.09,376000 4264000,9,Unsuitable,black,YES,233.635496,2649.525944,41.6318569999999
376000,4264000,CB4MH,22.96588,1e+06,0.16,73.62,376000 4264000,7,Unsuitable,black,YES,233.635496,2649.525944,41.6318569999999
376000,4264000,CB4MH,6.56168,1e+06,7,82.58,376000 4264000,2,Tolerable,yellow,YES,233.635496,2649.525944,41.6318569999999
376000,4264000,CB4MH,26.24672,1e+06,0.06,72.87,376000 4264000,8,Unsuitable,black,YES,233.635496,2649.525944,41.6318569999999
376000,4264000,CB4MH,32.8084,1e+06,0.16,71.89,376000 4264000,10,Unsuitable,black,YES,233.635496,2649.525944,41.6318569999999
376000,4264000,CB4MH,24.6063,1e+06,0.05,73.16,376000 4264000,7.5,Unsuitable,black,YES,233.635496,2649.525944,41.6318569999999
376000,4264000,CB4MH,27.88714,1e+06,0.09,72.47,376000 4264000,8.5,Unsuitable,black,YES,233.635496,2649.525944,41.6318569999999
376000,4264000,CB4MH,16.4042,1e+06,2.55,78.43,376000 4264000,5,Marginal,orange,YES,233.635496,2649.525944,41.6318569999999
376000,4264000,CB4MH,0,1e+06,7.57,82.87,376000 4264000,0,Tolerable,yellow,YES,233.635496,2649.525944,41.6318569999999
376000,4264000,CB4MH,18.04462,1e+06,1.97,76.79,376000 4264000,5.5,Unsuitable,black,YES,233.635496,2649.525944,41.6318569999999
376000,4264000,CB4MH,21.32546,1e+06,0.64,74.37,376000 4264000,6.5,Unsuitable,black,YES,233.635496,2649.525944,41.6318569999999
376000,4264000,CB4MH,13.12336,1e+06,4.26,81.01,376000 4264000,4,Suitable,dodgerblue,YES,233.635496,2649.525944,41.6318569999999
376000,4264000,CB4MH,1.64042,1e+06,7.54,82.82,376000 4264000,0.5,Tolerable,yellow,YES,233.635496,2649.525944,41.6318569999999
376000,4264000,CB4MH,31.16798,1e+06,0.15,71.89,376000 4264000,9.5,Unsuitable,black,YES,233.635496,2649.525944,41.6318569999999
376000,4264000,CB4MH,9.84252,1e+06,5.44,81.65,376000 4264000,3,Suitable,dodgerblue,YES,233.635496,2649.525944,41.6318569999999
376000,4264000,CB4MH,19.68504,1e+06,1.38,75.31,376000 4264000,6,Unsuitable,black,YES,233.635496,2649.525944,41.6318569999999
376000,4264000,CB4MH,3.28084,1e+06,7.44,82.77,376000 4264000,1,Tolerable,yellow,YES,233.635496,2649.525944,41.6318569999999
376000,4264000,CB4MH,11.48294,1e+06,5.6,81.93,376000 4264000,3.5,Suitable,dodgerblue,YES,233.635496,2649.525944,41.6318569999999
376000,4264000,CB4MH,14.76378,1e+06,3.18,79.6,376000 4264000,4.5,Tolerable,yellow,YES,233.635496,2649.525944,41.6318569999999
376000,4264000,CB4MH,4.92126,1e+06,7.31,82.81,376000 4264000,1.5,Tolerable,yellow,YES,233.635496,2649.525944,41.6318569999999
376000,4265000,CB4MH,16.4042,1e+06,2.47,78.37,376000 4265000,5,Marginal,orange,YES,233.635496,2650.147315,42.253228
376000,4265000,CB4MH,1.64042,1e+06,7.54,82.79,376000 4265000,0.5,Tolerable,yellow,YES,233.635496,2650.147315,42.253228
376000,4265000,CB4MH,18.04462,1e+06,1.88,76.69,376000 4265000,5.5,Unsuitable,black,YES,233.635496,2650.147315,42.253228
376000,4265000,CB4MH,14.76378,1e+06,3.05,79.45,376000 4265000,4.5,Tolerable,yellow,YES,233.635496,2650.147315,42.253228
376000,4265000,CB4MH,6.56168,1e+06,7.07,82.59,376000 4265000,2,Tolerable,yellow,YES,233.635496,2650.147315,42.253228
376000,4265000,CB4MH,21.32546,1e+06,0.6,74.25,376000 4265000,6.5,Unsuitable,black,YES,233.635496,2650.147315,42.253228
376000,4265000,CB4MH,11.48294,1e+06,5.75,82,376000 4265000,3.5,Suitable,dodgerblue,YES,233.635496,2650.147315,42.253228
376000,4265000,CB4MH,3.28084,1e+06,7.45,82.75,376000 4265000,1,Tolerable,yellow,YES,233.635496,2650.147315,42.253228
376000,4265000,CB4MH,9.84252,1e+06,5.77,81.84,376000 4265000,3,Suitable,dodgerblue,YES,233.635496,2650.147315,42.253228
376000,4265000,CB4MH,8.2021,1e+06,6.33,82.22,376000 4265000,2.5,Suitable,dodgerblue,YES,233.635496,2650.147315,42.253228
376000,4265000,CB4MH,26.24672,1e+06,0.05,72.82,376000 4265000,8,Unsuitable,black,YES,233.635496,2650.147315,42.253228
376000,4265000,CB4MH,4.92126,1e+06,7.33,82.78,376000 4265000,1.5,Tolerable,yellow,YES,233.635496,2650.147315,42.253228
376000,4265000,CB4MH,31.16798,1e+06,0.12,71.82,376000 4265000,9.5,Unsuitable,black,YES,233.635496,2650.147315,42.253228
376000,4265000,CB4MH,19.68504,1e+06,1.31,75.16,376000 4265000,6,Unsuitable,black,YES,233.635496,2650.147315,42.253228
376000,4265000,CB4MH,24.6063,1e+06,0.04,73.1,376000 4265000,7.5,Unsuitable,black,YES,233.635496,2650.147315,42.253228
376000,4265000,CB4MH,32.8084,1e+06,0.13,71.82,376000 4265000,10,Unsuitable,black,YES,233.635496,2650.147315,42.253228
376000,4265000,CB4MH,29.52756,1e+06,0.08,72.06,376000 4265000,9,Unsuitable,black,YES,233.635496,2650.147315,42.253228
376000,4265000,CB4MH,0,1e+06,7.57,82.83,376000 4265000,0,Tolerable,yellow,YES,233.635496,2650.147315,42.253228
376000,4265000,CB4MH,13.12336,1e+06,4.23,81,376000 4265000,4,Suitable,dodgerblue,YES,233.635496,2650.147315,42.253228
376000,4265000,CB4MH,27.88714,1e+06,0.08,72.43,376000 4265000,8.5,Unsuitable,black,YES,233.635496,2650.147315,42.253228
376000,4265000,CB4MH,22.96588,1e+06,0.15,73.54,376000 4265000,7,Unsuitable,black,YES,233.635496,2650.147315,42.253228
376000,4266000,CB4MH,6.56168,1e+06,7.16,82.61,376000 4266000,2,Tolerable,yellow,YES,233.635496,2650.768686,42.8745989999998
376000,4266000,CB4MH,13.12336,1e+06,4.21,81.08,376000 4266000,4,Suitable,dodgerblue,YES,233.635496,2650.768686,42.8745989999998
376000,4266000,CB4MH,27.88714,1e+06,0.08,72.34,376000 4266000,8.5,Unsuitable,black,YES,233.635496,2650.768686,42.8745989999998
376000,4266000,CB4MH,29.52756,1e+06,0.08,72.02,376000 4266000,9,Unsuitable,black,YES,233.635496,2650.768686,42.8745989999998
376000,4266000,CB4MH,4.92126,1e+06,7.37,82.77,376000 4266000,1.5,Tolerable,yellow,YES,233.635496,2650.768686,42.8745989999998
376000,4266000,CB4MH,3.28084,1e+06,7.48,82.74,376000 4266000,1,Tolerable,yellow,YES,233.635496,2650.768686,42.8745989999998
376000,4266000,CB4MH,11.48294,1e+06,5.9,82.13,376000 4266000,3.5,Suitable,dodgerblue,YES,233.635496,2650.768686,42.8745989999998
376000,4266000,CB4MH,14.76378,1e+06,2.91,79.37,376000 4266000,4.5,Marginal,orange,YES,233.635496,2650.768686,42.8745989999998
376000,4266000,CB4MH,9.84252,1e+06,6.14,82.06,376000 4266000,3,Suitable,dodgerblue,YES,233.635496,2650.768686,42.8745989999998
376000,4266000,CB4MH,16.4042,1e+06,2.24,78.17,376000 4266000,5,Marginal,orange,YES,233.635496,2650.768686,42.8745989999998
376000,4266000,CB4MH,26.24672,1e+06,0.04,72.7,376000 4266000,8,Unsuitable,black,YES,233.635496,2650.768686,42.8745989999998
376000,4266000,CB4MH,31.16798,1e+06,0.11,71.8,376000 4266000,9.5,Unsuitable,black,YES,233.635496,2650.768686,42.8745989999998
376000,4266000,CB4MH,19.68504,1e+06,1.15,74.8,376000 4266000,6,Unsuitable,black,YES,233.635496,2650.768686,42.8745989999998
376000,4266000,CB4MH,21.32546,1e+06,0.52,73.98,376000 4266000,6.5,Unsuitable,black,YES,233.635496,2650.768686,42.8745989999998
376000,4266000,CB4MH,1.64042,1e+06,7.56,82.78,376000 4266000,0.5,Tolerable,yellow,YES,233.635496,2650.768686,42.8745989999998
376000,4266000,CB4MH,32.8084,1e+06,0.11,71.8,376000 4266000,10,Unsuitable,black,YES,233.635496,2650.768686,42.8745989999998
376000,4266000,CB4MH,0,1e+06,7.58,82.81,376000 4266000,0,Tolerable,yellow,YES,233.635496,2650.768686,42.8745989999998
376000,4266000,CB4MH,24.6063,1e+06,0.03,72.96,376000 4266000,7.5,Unsuitable,black,YES,233.635496,2650.768686,42.8745989999998
376000,4266000,CB4MH,22.96588,1e+06,0.12,73.35,376000 4266000,7,Unsuitable,black,YES,233.635496,2650.768686,42.8745989999998
376000,4266000,CB4MH,8.2021,1e+06,6.57,82.35,376000 4266000,2.5,Suitable,dodgerblue,YES,233.635496,2650.768686,42.8745989999998
376000,4266000,CB4MH,18.04462,1e+06,1.67,76.4,376000 4266000,5.5,Unsuitable,black,YES,233.635496,2650.768686,42.8745989999998
376000,4274000,CB4MH,1.64042,1e+06,7.63,82.8,376000 4274000,0.5,Tolerable,yellow,YES,233.635496,2655.739654,47.8455669999998
376000,4274000,CB4MH,9.84252,1e+06,5.49,81.55,376000 4274000,3,Suitable,dodgerblue,YES,233.635496,2655.739654,47.8455669999998
376000,4274000,CB4MH,3.28084,1e+06,7.5,82.69,376000 4274000,1,Tolerable,yellow,YES,233.635496,2655.739654,47.8455669999998
376000,4274000,CB4MH,34.44882,1e+06,0.11,71.41,376000 4274000,10.5,Unsuitable,black,YES,233.635496,2655.739654,47.8455669999998
376000,4274000,CB4MH,4.92126,1e+06,7.29,82.67,376000 4274000,1.5,Tolerable,yellow,YES,233.635496,2655.739654,47.8455669999998
376000,4274000,CB4MH,14.76378,1e+06,1.85,77.56,376000 4274000,4.5,Unsuitable,black,YES,233.635496,2655.739654,47.8455669999998
376000,4274000,CB4MH,16.4042,1e+06,1.5,76.44,376000 4274000,5,Unsuitable,black,YES,233.635496,2655.739654,47.8455669999998
376000,4274000,CB4MH,39.37008,1e+06,0.12,71.45,376000 4274000,12,Unsuitable,black,YES,233.635496,2655.739654,47.8455669999998
376000,4274000,CB4MH,27.88714,1e+06,0.08,71.92,376000 4274000,8.5,Unsuitable,black,YES,233.635496,2655.739654,47.8455669999998
376000,4274000,CB4MH,11.48294,1e+06,4.16,80.54,376000 4274000,3.5,Suitable,dodgerblue,YES,233.635496,2655.739654,47.8455669999998
376000,4274000,CB4MH,42.65092,1e+06,0.59,71.89,376000 4274000,13,Unsuitable,black,YES,233.635496,2655.739654,47.8455669999998
376000,4274000,CB4MH,13.12336,1e+06,2.73,79.24,376000 4274000,4,Marginal,orange,YES,233.635496,2655.739654,47.8455669999998
376000,4274000,CB4MH,32.8084,1e+06,0.11,71.41,376000 4274000,10,Unsuitable,black,YES,233.635496,2655.739654,47.8455669999998
376000,4274000,CB4MH,29.52756,1e+06,0.08,71.65,376000 4274000,9,Unsuitable,black,YES,233.635496,2655.739654,47.8455669999998
376000,4274000,CB4MH,0,1e+06,7.7,83.03,376000 4274000,0,Tolerable,yellow,YES,233.635496,2655.739654,47.8455669999998
376000,4274000,CB4MH,31.16798,1e+06,0.11,71.41,376000 4274000,9.5,Unsuitable,black,YES,233.635496,2655.739654,47.8455669999998
376000,4274000,CB4MH,37.72966,1e+06,0.12,71.45,376000 4274000,11.5,Unsuitable,black,YES,233.635496,2655.739654,47.8455669999998
376000,4274000,CB4MH,41.0105,1e+06,0.15,71.81,376000 4274000,12.5,Unsuitable,black,YES,233.635496,2655.739654,47.8455669999998
376000,4274000,CB4MH,36.08924,1e+06,0.11,71.45,376000 4274000,11,Unsuitable,black,YES,233.635496,2655.739654,47.8455669999998
376000,4274000,CB4MH,26.24672,1e+06,0.07,72.2,376000 4274000,8,Unsuitable,black,YES,233.635496,2655.739654,47.8455669999998
376000,4274000,CB4MH,6.56168,1e+06,7.06,82.6,376000 4274000,2,Tolerable,yellow,YES,233.635496,2655.739654,47.8455669999998
376000,4274000,CB4MH,19.68504,1e+06,0.84,74.3,376000 4274000,6,Unsuitable,black,YES,233.635496,2655.739654,47.8455669999998
376000,4274000,CB4MH,18.04462,1e+06,1.17,75.27,376000 4274000,5.5,Unsuitable,black,YES,233.635496,2655.739654,47.8455669999998
376000,4274000,CB4MH,21.32546,1e+06,0.42,73.53,376000 4274000,6.5,Unsuitable,black,YES,233.635496,2655.739654,47.8455669999998
376000,4274000,CB4MH,8.2021,1e+06,6.46,82.2,376000 4274000,2.5,Suitable,dodgerblue,YES,233.635496,2655.739654,47.8455669999998
376000,4274000,CB4MH,24.6063,1e+06,0.06,72.42,376000 4274000,7.5,Unsuitable,black,YES,233.635496,2655.739654,47.8455669999998
376000,4274000,CB4MH,22.96588,1e+06,0.13,72.82,376000 4274000,7,Unsuitable,black,YES,233.635496,2655.739654,47.8455669999998
376000,4275000,CB4MH,19.68504,1e+06,0.56,73.81,376000 4275000,6,Unsuitable,black,YES,233.635496,2656.361025,48.466938
376000,4275000,CB4MH,31.16798,1e+06,0.1,71.25,376000 4275000,9.5,Unsuitable,black,YES,233.635496,2656.361025,48.466938
376000,4275000,CB4MH,16.4042,1e+06,0.96,75.47,376000 4275000,5,Unsuitable,black,YES,233.635496,2656.361025,48.466938
376000,4275000,CB4MH,26.24672,1e+06,0.08,71.89,376000 4275000,8,Unsuitable,black,YES,233.635496,2656.361025,48.466938
376000,4275000,CB4MH,32.8084,1e+06,0.1,71.24,376000 4275000,10,Unsuitable,black,YES,233.635496,2656.361025,48.466938
376000,4275000,CB4MH,27.88714,1e+06,0.09,71.66,376000 4275000,8.5,Unsuitable,black,YES,233.635496,2656.361025,48.466938
376000,4275000,CB4MH,21.32546,1e+06,0.3,73.12,376000 4275000,6.5,Unsuitable,black,YES,233.635496,2656.361025,48.466938
376000,4275000,CB4MH,22.96588,1e+06,0.12,72.43,376000 4275000,7,Unsuitable,black,YES,233.635496,2656.361025,48.466938
376000,4275000,CB4MH,1.64042,1e+06,7.66,82.84,376000 4275000,0.5,Tolerable,yellow,YES,233.635496,2656.361025,48.466938
376000,4275000,CB4MH,18.04462,1e+06,0.75,74.53,376000 4275000,5.5,Unsuitable,black,YES,233.635496,2656.361025,48.466938
376000,4275000,CB4MH,29.52756,1e+06,0.09,71.44,376000 4275000,9,Unsuitable,black,YES,233.635496,2656.361025,48.466938
376000,4275000,CB4MH,3.28084,1e+06,7.52,82.71,376000 4275000,1,Tolerable,yellow,YES,233.635496,2656.361025,48.466938
376000,4275000,CB4MH,8.2021,1e+06,6.32,82.11,376000 4275000,2.5,Suitable,dodgerblue,YES,233.635496,2656.361025,48.466938
376000,4275000,CB4MH,36.08924,1e+06,0.11,71.34,376000 4275000,11,Unsuitable,black,YES,233.635496,2656.361025,48.466938
376000,4275000,CB4MH,9.84252,1e+06,5.15,81.33,376000 4275000,3,Suitable,dodgerblue,YES,233.635496,2656.361025,48.466938
376000,4275000,CB4MH,14.76378,1e+06,1.21,76.62,376000 4275000,4.5,Unsuitable,black,YES,233.635496,2656.361025,48.466938
376000,4275000,CB4MH,0,1e+06,7.75,83.1,376000 4275000,0,Tolerable,yellow,YES,233.635496,2656.361025,48.466938
376000,4275000,CB4MH,4.92126,1e+06,7.28,82.67,376000 4275000,1.5,Tolerable,yellow,YES,233.635496,2656.361025,48.466938
376000,4275000,CB4MH,34.44882,1e+06,0.1,71.24,376000 4275000,10.5,Unsuitable,black,YES,233.635496,2656.361025,48.466938
376000,4275000,CB4MH,6.56168,1e+06,7.01,82.59,376000 4275000,2,Tolerable,yellow,YES,233.635496,2656.361025,48.466938
376000,4275000,CB4MH,37.72966,1e+06,0.11,71.34,376000 4275000,11.5,Unsuitable,black,YES,233.635496,2656.361025,48.466938
376000,4275000,CB4MH,24.6063,1e+06,0.07,72.06,376000 4275000,7.5,Unsuitable,black,YES,233.635496,2656.361025,48.466938
376000,4275000,CB4MH,13.12336,1e+06,1.98,78.39,376000 4275000,4,Unsuitable,black,YES,233.635496,2656.361025,48.466938
376000,4275000,CB4MH,11.48294,1e+06,3.6,80.07,376000 4275000,3.5,Tolerable,yellow,YES,233.635496,2656.361025,48.466938
376000,4276000,CB4MH,29.52756,1e+06,0.09,71.27,376000 4276000,9,Unsuitable,black,YES,233.635496,2656.982396,49.0883089999998
376000,4276000,CB4MH,21.32546,1e+06,0.2,72.72,376000 4276000,6.5,Unsuitable,black,YES,233.635496,2656.982396,49.0883089999998
376000,4276000,CB4MH,13.12336,1e+06,1.31,77.64,376000 4276000,4,Unsuitable,black,YES,233.635496,2656.982396,49.0883089999998
376000,4276000,CB4MH,32.8084,1e+06,0.1,71.16,376000 4276000,10,Unsuitable,black,YES,233.635496,2656.982396,49.0883089999998
376000,4276000,CB4MH,36.08924,1e+06,0.1,71.26,376000 4276000,11,Unsuitable,black,YES,233.635496,2656.982396,49.0883089999998
376000,4276000,CB4MH,6.56168,1e+06,6.95,82.55,376000 4276000,2,Tolerable,yellow,YES,233.635496,2656.982396,49.0883089999998
376000,4276000,CB4MH,18.04462,1e+06,0.38,73.82,376000 4276000,5.5,Unsuitable,black,YES,233.635496,2656.982396,49.0883089999998
376000,4276000,CB4MH,37.72966,1e+06,0.11,71.26,376000 4276000,11.5,Unsuitable,black,YES,233.635496,2656.982396,49.0883089999998
376000,4276000,CB4MH,4.92126,1e+06,7.27,82.65,376000 4276000,1.5,Tolerable,yellow,YES,233.635496,2656.982396,49.0883089999998
376000,4276000,CB4MH,34.44882,1e+06,0.1,71.16,376000 4276000,10.5,Unsuitable,black,YES,233.635496,2656.982396,49.0883089999998
376000,4276000,CB4MH,8.2021,1e+06,6.09,81.99,376000 4276000,2.5,Suitable,dodgerblue,YES,233.635496,2656.982396,49.0883089999998
376000,4276000,CB4MH,1.64042,1e+06,7.68,82.87,376000 4276000,0.5,Tolerable,yellow,YES,233.635496,2656.982396,49.0883089999998
376000,4276000,CB4MH,31.16798,1e+06,0.1,71.17,376000 4276000,9.5,Unsuitable,black,YES,233.635496,2656.982396,49.0883089999998
376000,4276000,CB4MH,0,1e+06,7.77,83.17,376000 4276000,0,Tolerable,yellow,YES,233.635496,2656.982396,49.0883089999998
376000,4276000,CB4MH,22.96588,1e+06,0.11,72.07,376000 4276000,7,Unsuitable,black,YES,233.635496,2656.982396,49.0883089999998
376000,4276000,CB4MH,26.24672,1e+06,0.09,71.6,376000 4276000,8,Unsuitable,black,YES,233.635496,2656.982396,49.0883089999998
376000,4276000,CB4MH,27.88714,1e+06,0.09,71.43,376000 4276000,8.5,Unsuitable,black,YES,233.635496,2656.982396,49.0883089999998
376000,4276000,CB4MH,24.6063,1e+06,0.09,71.73,376000 4276000,7.5,Unsuitable,black,YES,233.635496,2656.982396,49.0883089999998
376000,4276000,CB4MH,19.68504,1e+06,0.3,73.31,376000 4276000,6,Unsuitable,black,YES,233.635496,2656.982396,49.0883089999998
376000,4276000,CB4MH,3.28084,1e+06,7.52,82.71,376000 4276000,1,Tolerable,yellow,YES,233.635496,2656.982396,49.0883089999998
376000,4276000,CB4MH,16.4042,1e+06,0.48,74.58,376000 4276000,5,Unsuitable,black,YES,233.635496,2656.982396,49.0883089999998
376000,4276000,CB4MH,14.76378,1e+06,0.63,75.76,376000 4276000,4.5,Unsuitable,black,YES,233.635496,2656.982396,49.0883089999998
376000,4276000,CB4MH,11.48294,1e+06,3.21,79.75,376000 4276000,3.5,Tolerable,yellow,YES,233.635496,2656.982396,49.0883089999998
376000,4276000,CB4MH,9.84252,1e+06,4.63,81.04,376000 4276000,3,Suitable,dodgerblue,YES,233.635496,2656.982396,49.0883089999998
376000,4277000,CB4MH,29.52756,1e+06,0.1,71.16,376000 4277000,9,Unsuitable,black,YES,233.635496,2657.603767,49.7096799999999
376000,4277000,CB4MH,3.28084,1e+06,7.52,82.71,376000 4277000,1,Tolerable,yellow,YES,233.635496,2657.603767,49.7096799999999
376000,4277000,CB4MH,1.64042,1e+06,7.68,82.88,376000 4277000,0.5,Tolerable,yellow,YES,233.635496,2657.603767,49.7096799999999
376000,4277000,CB4MH,9.84252,1e+06,4.88,81.23,376000 4277000,3,Suitable,dodgerblue,YES,233.635496,2657.603767,49.7096799999999
376000,4277000,CB4MH,24.6063,1e+06,0.1,71.51,376000 4277000,7.5,Unsuitable,black,YES,233.635496,2657.603767,49.7096799999999
376000,4277000,CB4MH,22.96588,1e+06,0.1,71.83,376000 4277000,7,Unsuitable,black,YES,233.635496,2657.603767,49.7096799999999
376000,4277000,CB4MH,4.92126,1e+06,7.29,82.64,376000 4277000,1.5,Tolerable,yellow,YES,233.635496,2657.603767,49.7096799999999
376000,4277000,CB4MH,31.16798,1e+06,0.1,71.12,376000 4277000,9.5,Unsuitable,black,YES,233.635496,2657.603767,49.7096799999999
376000,4277000,CB4MH,11.48294,1e+06,2.99,79.57,376000 4277000,3.5,Marginal,orange,YES,233.635496,2657.603767,49.7096799999999
376000,4277000,CB4MH,18.04462,1e+06,0.13,73.34,376000 4277000,5.5,Unsuitable,black,YES,233.635496,2657.603767,49.7096799999999
376000,4277000,CB4MH,8.2021,1e+06,6.23,82.08,376000 4277000,2.5,Suitable,dodgerblue,YES,233.635496,2657.603767,49.7096799999999
376000,4277000,CB4MH,0,1e+06,7.76,83.16,376000 4277000,0,Tolerable,yellow,YES,233.635496,2657.603767,49.7096799999999
376000,4277000,CB4MH,21.32546,1e+06,0.13,72.44,376000 4277000,6.5,Unsuitable,black,YES,233.635496,2657.603767,49.7096799999999
376000,4277000,CB4MH,14.76378,1e+06,0.25,75.19,376000 4277000,4.5,Unsuitable,black,YES,233.635496,2657.603767,49.7096799999999
376000,4277000,CB4MH,13.12336,1e+06,0.87,77.15,376000 4277000,4,Unsuitable,black,YES,233.635496,2657.603767,49.7096799999999
376000,4277000,CB4MH,26.24672,1e+06,0.1,71.4,376000 4277000,8,Unsuitable,black,YES,233.635496,2657.603767,49.7096799999999
376000,4277000,CB4MH,27.88714,1e+06,0.1,71.28,376000 4277000,8.5,Unsuitable,black,YES,233.635496,2657.603767,49.7096799999999
376000,4277000,CB4MH,6.56168,1e+06,6.98,82.54,376000 4277000,2,Tolerable,yellow,YES,233.635496,2657.603767,49.7096799999999
376000,4277000,CB4MH,19.68504,1e+06,0.14,72.97,376000 4277000,6,Unsuitable,black,YES,233.635496,2657.603767,49.7096799999999
376000,4277000,CB4MH,16.4042,1e+06,0.16,74,376000 4277000,5,Unsuitable,black,YES,233.635496,2657.603767,49.7096799999999
376000,4282000,CB4MH,16.4042,1e+06,0.41,74.54,376000 4282000,5,Unsuitable,black,YES,233.635496,2660.710622,52.8165349999999
376000,4282000,CB4MH,19.68504,1e+06,0.26,73.31,376000 4282000,6,Unsuitable,black,YES,233.635496,2660.710622,52.8165349999999
376000,4282000,CB4MH,8.2021,1e+06,5.85,81.9,376000 4282000,2.5,Suitable,dodgerblue,YES,233.635496,2660.710622,52.8165349999999
376000,4282000,CB4MH,13.12336,1e+06,1.2,77.61,376000 4282000,4,Unsuitable,black,YES,233.635496,2660.710622,52.8165349999999
376000,4282000,CB4MH,11.48294,1e+06,3.1,79.65,376000 4282000,3.5,Tolerable,yellow,YES,233.635496,2660.710622,52.8165349999999
376000,4282000,CB4MH,34.44882,1e+06,0.1,71.15,376000 4282000,10.5,Unsuitable,black,YES,233.635496,2660.710622,52.8165349999999
376000,4282000,CB4MH,31.16798,1e+06,0.1,71.16,376000 4282000,9.5,Unsuitable,black,YES,233.635496,2660.710622,52.8165349999999
376000,4282000,CB4MH,21.32546,1e+06,0.18,72.72,376000 4282000,6.5,Unsuitable,black,YES,233.635496,2660.710622,52.8165349999999
376000,4282000,CB4MH,24.6063,1e+06,0.09,71.73,376000 4282000,7.5,Unsuitable,black,YES,233.635496,2660.710622,52.8165349999999
376000,4282000,CB4MH,9.84252,1e+06,4.21,80.83,376000 4282000,3,Suitable,dodgerblue,YES,233.635496,2660.710622,52.8165349999999
376000,4282000,CB4MH,6.56168,1e+06,6.86,82.54,376000 4282000,2,Tolerable,yellow,YES,233.635496,2660.710622,52.8165349999999
376000,4282000,CB4MH,3.28084,1e+06,7.48,82.7,376000 4282000,1,Tolerable,yellow,YES,233.635496,2660.710622,52.8165349999999
376000,4282000,CB4MH,18.04462,1e+06,0.31,73.79,376000 4282000,5.5,Unsuitable,black,YES,233.635496,2660.710622,52.8165349999999
376000,4282000,CB4MH,27.88714,1e+06,0.09,71.44,376000 4282000,8.5,Unsuitable,black,YES,233.635496,2660.710622,52.8165349999999
376000,4282000,CB4MH,1.64042,1e+06,7.65,82.86,376000 4282000,0.5,Tolerable,yellow,YES,233.635496,2660.710622,52.8165349999999
376000,4282000,CB4MH,22.96588,1e+06,0.11,72.07,376000 4282000,7,Unsuitable,black,YES,233.635496,2660.710622,52.8165349999999
376000,4282000,CB4MH,29.52756,1e+06,0.09,71.27,376000 4282000,9,Unsuitable,black,YES,233.635496,2660.710622,52.8165349999999
376000,4282000,CB4MH,14.76378,1e+06,0.56,75.74,376000 4282000,4.5,Unsuitable,black,YES,233.635496,2660.710622,52.8165349999999
376000,4282000,CB4MH,4.92126,1e+06,7.2,82.63,376000 4282000,1.5,Tolerable,yellow,YES,233.635496,2660.710622,52.8165349999999
376000,4282000,CB4MH,0,1e+06,7.75,83.2,376000 4282000,0,Tolerable,yellow,YES,233.635496,2660.710622,52.8165349999999
376000,4282000,CB4MH,26.24672,1e+06,0.09,71.6,376000 4282000,8,Unsuitable,black,YES,233.635496,2660.710622,52.8165349999999
376000,4282000,CB4MH,32.8084,1e+06,0.1,71.15,376000 4282000,10,Unsuitable,black,YES,233.635496,2660.710622,52.8165349999999
376000,4283000,CB4MH,21.32546,1e+06,0.21,72.88,376000 4283000,6.5,Unsuitable,black,YES,233.635496,2661.331993,53.4379060000001
376000,4283000,CB4MH,14.76378,1e+06,0.72,76.05,376000 4283000,4.5,Unsuitable,black,YES,233.635496,2661.331993,53.4379060000001
376000,4283000,CB4MH,27.88714,1e+06,0.09,71.52,376000 4283000,8.5,Unsuitable,black,YES,233.635496,2661.331993,53.4379060000001
376000,4283000,CB4MH,8.2021,1e+06,5.76,81.87,376000 4283000,2.5,Suitable,dodgerblue,YES,233.635496,2661.331993,53.4379060000001
376000,4283000,CB4MH,42.65092,1e+06,0.1,70.7,376000 4283000,13,Unsuitable,black,YES,233.635496,2661.331993,53.4379060000001
376000,4283000,CB4MH,6.56168,1e+06,6.84,82.53,376000 4283000,2,Tolerable,yellow,YES,233.635496,2661.331993,53.4379060000001
376000,4283000,CB4MH,4.92126,1e+06,7.18,82.63,376000 4283000,1.5,Tolerable,yellow,YES,233.635496,2661.331993,53.4379060000001
376000,4283000,CB4MH,22.96588,1e+06,0.11,72.21,376000 4283000,7,Unsuitable,black,YES,233.635496,2661.331993,53.4379060000001
376000,4283000,CB4MH,1.64042,1e+06,7.63,82.86,376000 4283000,0.5,Tolerable,yellow,YES,233.635496,2661.331993,53.4379060000001
376000,4283000,CB4MH,45.93176,1e+06,0.1,70.7,376000 4283000,14,Unsuitable,black,YES,233.635496,2661.331993,53.4379060000001
376000,4283000,CB4MH,24.6063,1e+06,0.09,71.85,376000 4283000,7.5,Unsuitable,black,YES,233.635496,2661.331993,53.4379060000001
376000,4283000,CB4MH,29.52756,1e+06,0.09,71.33,376000 4283000,9,Unsuitable,black,YES,233.635496,2661.331993,53.4379060000001
376000,4283000,CB4MH,44.29134,1e+06,0.1,70.7,376000 4283000,13.5,Unsuitable,black,YES,233.635496,2661.331993,53.4379060000001
376000,4283000,CB4MH,32.8084,1e+06,0.1,71.17,376000 4283000,10,Unsuitable,black,YES,233.635496,2661.331993,53.4379060000001
376000,4283000,CB4MH,3.28084,1e+06,7.46,82.69,376000 4283000,1,Tolerable,yellow,YES,233.635496,2661.331993,53.4379060000001
376000,4283000,CB4MH,16.4042,1e+06,0.53,74.84,376000 4283000,5,Unsuitable,black,YES,233.635496,2661.331993,53.4379060000001
376000,4283000,CB4MH,31.16798,1e+06,0.1,71.17,376000 4283000,9.5,Unsuitable,black,YES,233.635496,2661.331993,53.4379060000001
376000,4283000,CB4MH,34.44882,1e+06,0.1,71.17,376000 4283000,10.5,Unsuitable,black,YES,233.635496,2661.331993,53.4379060000001
376000,4283000,CB4MH,13.12336,1e+06,1.35,77.86,376000 4283000,4,Unsuitable,black,YES,233.635496,2661.331993,53.4379060000001
376000,4283000,CB4MH,36.08924,1e+06,0.1,71.21,376000 4283000,11,Unsuitable,black,YES,233.635496,2661.331993,53.4379060000001
376000,4283000,CB4MH,19.68504,1e+06,0.32,73.49,376000 4283000,6,Unsuitable,black,YES,233.635496,2661.331993,53.4379060000001
376000,4283000,CB4MH,0,1e+06,7.73,83.2,376000 4283000,0,Tolerable,yellow,YES,233.635496,2661.331993,53.4379060000001
376000,4283000,CB4MH,37.72966,1e+06,0.1,71.21,376000 4283000,11.5,Unsuitable,black,YES,233.635496,2661.331993,53.4379060000001
376000,4283000,CB4MH,11.48294,1e+06,3.18,79.71,376000 4283000,3.5,Tolerable,yellow,YES,233.635496,2661.331993,53.4379060000001
376000,4283000,CB4MH,39.37008,1e+06,0.1,71.21,376000 4283000,12,Unsuitable,black,YES,233.635496,2661.331993,53.4379060000001
376000,4283000,CB4MH,26.24672,1e+06,0.09,71.71,376000 4283000,8,Unsuitable,black,YES,233.635496,2661.331993,53.4379060000001
376000,4283000,CB4MH,18.04462,1e+06,0.41,74.04,376000 4283000,5.5,Unsuitable,black,YES,233.635496,2661.331993,53.4379060000001
376000,4283000,CB4MH,9.84252,1e+06,4.06,80.78,376000 4283000,3,Suitable,dodgerblue,YES,233.635496,2661.331993,53.4379060000001
376000,4283000,CB4MH,41.0105,1e+06,0.1,71.29,376000 4283000,12.5,Unsuitable,black,YES,233.635496,2661.331993,53.4379060000001
376000,4284000,CB4MH,44.29134,1e+06,0.1,70.7,376000 4284000,13.5,Unsuitable,black,YES,233.635496,2661.953364,54.0592769999998
376000,4284000,CB4MH,29.52756,1e+06,0.1,71.22,376000 4284000,9,Unsuitable,black,YES,233.635496,2661.953364,54.0592769999998
376000,4284000,CB4MH,0,1e+06,7.92,83.31,376000 4284000,0,Tolerable,yellow,YES,233.635496,2661.953364,54.0592769999998
376000,4284000,CB4MH,1.64042,1e+06,7.77,82.92,376000 4284000,0.5,Tolerable,yellow,YES,233.635496,2661.953364,54.0592769999998
376000,4284000,CB4MH,14.76378,1e+06,0.32,75.98,376000 4284000,4.5,Unsuitable,black,YES,233.635496,2661.953364,54.0592769999998
376000,4284000,CB4MH,6.56168,1e+06,6.83,82.46,376000 4284000,2,Tolerable,yellow,YES,233.635496,2661.953364,54.0592769999998
376000,4284000,CB4MH,31.16798,1e+06,0.1,71.19,376000 4284000,9.5,Unsuitable,black,YES,233.635496,2661.953364,54.0592769999998
376000,4284000,CB4MH,37.72966,1e+06,0.1,71.2,376000 4284000,11.5,Unsuitable,black,YES,233.635496,2661.953364,54.0592769999998
376000,4284000,CB4MH,21.32546,1e+06,0.08,72.41,376000 4284000,6.5,Unsuitable,black,YES,233.635496,2661.953364,54.0592769999998
376000,4284000,CB4MH,22.96588,1e+06,0.08,71.9,376000 4284000,7,Unsuitable,black,YES,233.635496,2661.953364,54.0592769999998
376000,4284000,CB4MH,3.28084,1e+06,7.52,82.66,376000 4284000,1,Tolerable,yellow,YES,233.635496,2661.953364,54.0592769999998
376000,4284000,CB4MH,4.92126,1e+06,7.18,82.56,376000 4284000,1.5,Tolerable,yellow,YES,233.635496,2661.953364,54.0592769999998
376000,4284000,CB4MH,34.44882,1e+06,0.1,71.18,376000 4284000,10.5,Unsuitable,black,YES,233.635496,2661.953364,54.0592769999998
376000,4284000,CB4MH,13.12336,1e+06,1.03,77.83,376000 4284000,4,Unsuitable,black,YES,233.635496,2661.953364,54.0592769999998
376000,4284000,CB4MH,11.48294,1e+06,2.73,79.55,376000 4284000,3.5,Marginal,orange,YES,233.635496,2661.953364,54.0592769999998
376000,4284000,CB4MH,24.6063,1e+06,0.08,71.59,376000 4284000,7.5,Unsuitable,black,YES,233.635496,2661.953364,54.0592769999998
376000,4284000,CB4MH,9.84252,1e+06,4.02,80.68,376000 4284000,3,Suitable,dodgerblue,YES,233.635496,2661.953364,54.0592769999998
376000,4284000,CB4MH,8.2021,1e+06,5.72,81.79,376000 4284000,2.5,Suitable,dodgerblue,YES,233.635496,2661.953364,54.0592769999998
376000,4284000,CB4MH,47.57218,1e+06,0.1,70.7,376000 4284000,14.5,Unsuitable,black,YES,233.635496,2661.953364,54.0592769999998
376000,4284000,CB4MH,45.93176,1e+06,0.1,70.7,376000 4284000,14,Unsuitable,black,YES,233.635496,2661.953364,54.0592769999998
376000,4284000,CB4MH,16.4042,1e+06,0.11,74.57,376000 4284000,5,Unsuitable,black,YES,233.635496,2661.953364,54.0592769999998
376000,4284000,CB4MH,19.68504,1e+06,0.05,72.92,376000 4284000,6,Unsuitable,black,YES,233.635496,2661.953364,54.0592769999998
376000,4284000,CB4MH,32.8084,1e+06,0.1,71.18,376000 4284000,10,Unsuitable,black,YES,233.635496,2661.953364,54.0592769999998
376000,4284000,CB4MH,26.24672,1e+06,0.09,71.49,376000 4284000,8,Unsuitable,black,YES,233.635496,2661.953364,54.0592769999998
376000,4284000,CB4MH,18.04462,1e+06,0.03,73.53,376000 4284000,5.5,Unsuitable,black,YES,233.635496,2661.953364,54.0592769999998
376000,4284000,CB4MH,42.65092,1e+06,0.1,70.7,376000 4284000,13,Unsuitable,black,YES,233.635496,2661.953364,54.0592769999998
376000,4284000,CB4MH,27.88714,1e+06,0.1,71.36,376000 4284000,8.5,Unsuitable,black,YES,233.635496,2661.953364,54.0592769999998
376000,4284000,CB4MH,39.37008,1e+06,0.1,71.2,376000 4284000,12,Unsuitable,black,YES,233.635496,2661.953364,54.0592769999998
376000,4284000,CB4MH,36.08924,1e+06,0.1,71.2,376000 4284000,11,Unsuitable,black,YES,233.635496,2661.953364,54.0592769999998
376000,4284000,CB4MH,41.0105,1e+06,0.1,71.21,376000 4284000,12.5,Unsuitable,black,YES,233.635496,2661.953364,54.0592769999998
376000,4285000,CB4MH,8.2021,1e+06,5.69,81.78,376000 4285000,2.5,Suitable,dodgerblue,YES,233.635496,2662.574735,54.680648
376000,4285000,CB4MH,3.28084,1e+06,7.53,82.66,376000 4285000,1,Tolerable,yellow,YES,233.635496,2662.574735,54.680648
376000,4285000,CB4MH,0,1e+06,7.99,83.37,376000 4285000,0,Tolerable,yellow,YES,233.635496,2662.574735,54.680648
376000,4285000,CB4MH,27.88714,1e+06,0.1,71.4,376000 4285000,8.5,Unsuitable,black,YES,233.635496,2662.574735,54.680648
376000,4285000,CB4MH,29.52756,1e+06,0.1,71.25,376000 4285000,9,Unsuitable,black,YES,233.635496,2662.574735,54.680648
376000,4285000,CB4MH,36.08924,1e+06,0.1,71.18,376000 4285000,11,Unsuitable,black,YES,233.635496,2662.574735,54.680648
376000,4285000,CB4MH,31.16798,1e+06,0.1,71.2,376000 4285000,9.5,Unsuitable,black,YES,233.635496,2662.574735,54.680648
376000,4285000,CB4MH,34.44882,1e+06,0.1,71.19,376000 4285000,10.5,Unsuitable,black,YES,233.635496,2662.574735,54.680648
376000,4285000,CB4MH,4.92126,1e+06,7.17,82.53,376000 4285000,1.5,Tolerable,yellow,YES,233.635496,2662.574735,54.680648
376000,4285000,CB4MH,13.12336,1e+06,1.09,78.07,376000 4285000,4,Unsuitable,black,YES,233.635496,2662.574735,54.680648
376000,4285000,CB4MH,11.48294,1e+06,2.7,79.61,376000 4285000,3.5,Marginal,orange,YES,233.635496,2662.574735,54.680648
376000,4285000,CB4MH,9.84252,1e+06,4,80.68,376000 4285000,3,Suitable,dodgerblue,YES,233.635496,2662.574735,54.680648
376000,4285000,CB4MH,32.8084,1e+06,0.1,71.19,376000 4285000,10,Unsuitable,black,YES,233.635496,2662.574735,54.680648
376000,4285000,CB4MH,26.24672,1e+06,0.09,71.55,376000 4285000,8,Unsuitable,black,YES,233.635496,2662.574735,54.680648
376000,4285000,CB4MH,1.64042,1e+06,7.83,82.97,376000 4285000,0.5,Tolerable,yellow,YES,233.635496,2662.574735,54.680648
376000,4285000,CB4MH,14.76378,1e+06,0.38,76.29,376000 4285000,4.5,Unsuitable,black,YES,233.635496,2662.574735,54.680648
376000,4285000,CB4MH,6.56168,1e+06,6.81,82.43,376000 4285000,2,Tolerable,yellow,YES,233.635496,2662.574735,54.680648
376000,4285000,CB4MH,24.6063,1e+06,0.08,71.65,376000 4285000,7.5,Unsuitable,black,YES,233.635496,2662.574735,54.680648
376000,4285000,CB4MH,21.32546,1e+06,0.08,72.45,376000 4285000,6.5,Unsuitable,black,YES,233.635496,2662.574735,54.680648
376000,4285000,CB4MH,16.4042,1e+06,0.14,74.81,376000 4285000,5,Unsuitable,black,YES,233.635496,2662.574735,54.680648
376000,4285000,CB4MH,18.04462,1e+06,0.04,73.65,376000 4285000,5.5,Unsuitable,black,YES,233.635496,2662.574735,54.680648
376000,4285000,CB4MH,19.68504,1e+06,0.05,72.99,376000 4285000,6,Unsuitable,black,YES,233.635496,2662.574735,54.680648
376000,4285000,CB4MH,22.96588,1e+06,0.08,71.96,376000 4285000,7,Unsuitable,black,YES,233.635496,2662.574735,54.680648
376000,4289000,CB4MH,32.8084,1e+06,0.1,71.18,376000 4289000,10,Unsuitable,black,YES,233.635496,2665.060219,57.1661319999998
376000,4289000,CB4MH,3.28084,1e+06,7.47,82.83,376000 4289000,1,Tolerable,yellow,YES,233.635496,2665.060219,57.1661319999998
376000,4289000,CB4MH,24.6063,1e+06,0.07,71.84,376000 4289000,7.5,Unsuitable,black,YES,233.635496,2665.060219,57.1661319999998
376000,4289000,CB4MH,22.96588,1e+06,0.06,72.19,376000 4289000,7,Unsuitable,black,YES,233.635496,2665.060219,57.1661319999998
376000,4289000,CB4MH,4.92126,1e+06,6.74,82.38,376000 4289000,1.5,Suitable,dodgerblue,YES,233.635496,2665.060219,57.1661319999998
376000,4289000,CB4MH,26.24672,1e+06,0.09,71.74,376000 4289000,8,Unsuitable,black,YES,233.635496,2665.060219,57.1661319999998
376000,4289000,CB4MH,19.68504,1e+06,0.05,73.25,376000 4289000,6,Unsuitable,black,YES,233.635496,2665.060219,57.1661319999998
376000,4289000,CB4MH,11.48294,1e+06,2.52,79.96,376000 4289000,3.5,Marginal,orange,YES,233.635496,2665.060219,57.1661319999998
376000,4289000,CB4MH,31.16798,1e+06,0.1,71.22,376000 4289000,9.5,Unsuitable,black,YES,233.635496,2665.060219,57.1661319999998
376000,4289000,CB4MH,14.76378,1e+06,0.56,77.45,376000 4289000,4.5,Unsuitable,black,YES,233.635496,2665.060219,57.1661319999998
376000,4289000,CB4MH,18.04462,1e+06,0.06,74.13,376000 4289000,5.5,Unsuitable,black,YES,233.635496,2665.060219,57.1661319999998
376000,4289000,CB4MH,21.32546,1e+06,0.06,72.64,376000 4289000,6.5,Unsuitable,black,YES,233.635496,2665.060219,57.1661319999998
376000,4289000,CB4MH,16.4042,1e+06,0.21,75.71,376000 4289000,5,Unsuitable,black,YES,233.635496,2665.060219,57.1661319999998
376000,4289000,CB4MH,6.56168,1e+06,6.03,82.08,376000 4289000,2,Suitable,dodgerblue,YES,233.635496,2665.060219,57.1661319999998
376000,4289000,CB4MH,13.12336,1e+06,1.22,78.87,376000 4289000,4,Unsuitable,black,YES,233.635496,2665.060219,57.1661319999998
376000,4289000,CB4MH,27.88714,1e+06,0.1,71.54,376000 4289000,8.5,Unsuitable,black,YES,233.635496,2665.060219,57.1661319999998
376000,4289000,CB4MH,1.64042,1e+06,8.05,83.34,376000 4289000,0.5,Tolerable,yellow,YES,233.635496,2665.060219,57.1661319999998
376000,4289000,CB4MH,29.52756,1e+06,0.1,71.31,376000 4289000,9,Unsuitable,black,YES,233.635496,2665.060219,57.1661319999998
376000,4289000,CB4MH,9.84252,1e+06,4.59,81.54,376000 4289000,3,Suitable,dodgerblue,YES,233.635496,2665.060219,57.1661319999998
376000,4289000,CB4MH,8.2021,1e+06,5.41,81.86,376000 4289000,2.5,Suitable,dodgerblue,YES,233.635496,2665.060219,57.1661319999998
376000,4289000,CB4MH,0,1e+06,8.35,83.67,376000 4289000,0,Tolerable,yellow,YES,233.635496,2665.060219,57.1661319999998
376000,4290000,CB4MH,21.32546,1e+06,0.06,72.67,376000 4290000,6.5,Unsuitable,black,YES,233.635496,2665.68159,57.787503
376000,4290000,CB4MH,13.12336,1e+06,1.09,78.98,376000 4290000,4,Unsuitable,black,YES,233.635496,2665.68159,57.787503
376000,4290000,CB4MH,36.08924,1e+06,0.1,70.96,376000 4290000,11,Unsuitable,black,YES,233.635496,2665.68159,57.787503
376000,4290000,CB4MH,9.84252,1e+06,4.54,81.53,376000 4290000,3,Suitable,dodgerblue,YES,233.635496,2665.68159,57.787503
376000,4290000,CB4MH,19.68504,1e+06,0.05,73.3,376000 4290000,6,Unsuitable,black,YES,233.635496,2665.68159,57.787503
376000,4290000,CB4MH,22.96588,1e+06,0.06,72.22,376000 4290000,7,Unsuitable,black,YES,233.635496,2665.68159,57.787503
376000,4290000,CB4MH,16.4042,1e+06,0.19,75.83,376000 4290000,5,Unsuitable,black,YES,233.635496,2665.68159,57.787503
376000,4290000,CB4MH,0,1e+06,8.41,83.73,376000 4290000,0,Tolerable,yellow,YES,233.635496,2665.68159,57.787503
376000,4290000,CB4MH,29.52756,1e+06,0.1,71.32,376000 4290000,9,Unsuitable,black,YES,233.635496,2665.68159,57.787503
376000,4290000,CB4MH,8.2021,1e+06,5.34,81.83,376000 4290000,2.5,Suitable,dodgerblue,YES,233.635496,2665.68159,57.787503
376000,4290000,CB4MH,4.92126,1e+06,6.7,82.36,376000 4290000,1.5,Suitable,dodgerblue,YES,233.635496,2665.68159,57.787503
376000,4290000,CB4MH,1.64042,1e+06,8.09,83.37,376000 4290000,0.5,Tolerable,yellow,YES,233.635496,2665.68159,57.787503
376000,4290000,CB4MH,3.28084,1e+06,7.47,82.84,376000 4290000,1,Tolerable,yellow,YES,233.635496,2665.68159,57.787503
376000,4290000,CB4MH,14.76378,1e+06,0.53,77.64,376000 4290000,4.5,Unsuitable,black,YES,233.635496,2665.68159,57.787503
376000,4290000,CB4MH,18.04462,1e+06,0.07,74.24,376000 4290000,5.5,Unsuitable,black,YES,233.635496,2665.68159,57.787503
376000,4290000,CB4MH,31.16798,1e+06,0.1,71.21,376000 4290000,9.5,Unsuitable,black,YES,233.635496,2665.68159,57.787503
376000,4290000,CB4MH,24.6063,1e+06,0.07,71.86,376000 4290000,7.5,Unsuitable,black,YES,233.635496,2665.68159,57.787503
376000,4290000,CB4MH,27.88714,1e+06,0.1,71.55,376000 4290000,8.5,Unsuitable,black,YES,233.635496,2665.68159,57.787503
376000,4290000,CB4MH,37.72966,1e+06,0.1,70.96,376000 4290000,11.5,Unsuitable,black,YES,233.635496,2665.68159,57.787503
376000,4290000,CB4MH,34.44882,1e+06,0.1,71.17,376000 4290000,10.5,Unsuitable,black,YES,233.635496,2665.68159,57.787503
376000,4290000,CB4MH,11.48294,1e+06,2.48,80.04,376000 4290000,3.5,Marginal,orange,YES,233.635496,2665.68159,57.787503
376000,4290000,CB4MH,6.56168,1e+06,5.96,82.05,376000 4290000,2,Suitable,dodgerblue,YES,233.635496,2665.68159,57.787503
376000,4290000,CB4MH,26.24672,1e+06,0.09,71.76,376000 4290000,8,Unsuitable,black,YES,233.635496,2665.68159,57.787503
376000,4290000,CB4MH,32.8084,1e+06,0.1,71.17,376000 4290000,10,Unsuitable,black,YES,233.635496,2665.68159,57.787503
376000,4291000,CB4MH,45.93176,1e+06,0.1,70.7,376000 4291000,14,Unsuitable,black,YES,233.635496,2666.302961,58.4088739999998
376000,4291000,CB4MH,11.48294,1e+06,2.45,80.12,376000 4291000,3.5,Marginal,orange,YES,233.635496,2666.302961,58.4088739999998
376000,4291000,CB4MH,31.16798,1e+06,0.1,71.2,376000 4291000,9.5,Unsuitable,black,YES,233.635496,2666.302961,58.4088739999998
376000,4291000,CB4MH,3.28084,1e+06,7.48,82.85,376000 4291000,1,Tolerable,yellow,YES,233.635496,2666.302961,58.4088739999998
376000,4291000,CB4MH,1.64042,1e+06,8.13,83.41,376000 4291000,0.5,Tolerable,yellow,YES,233.635496,2666.302961,58.4088739999998
376000,4291000,CB4MH,4.92126,1e+06,6.67,82.34,376000 4291000,1.5,Suitable,dodgerblue,YES,233.635496,2666.302961,58.4088739999998
376000,4291000,CB4MH,6.56168,1e+06,5.91,82.03,376000 4291000,2,Suitable,dodgerblue,YES,233.635496,2666.302961,58.4088739999998
376000,4291000,CB4MH,13.12336,1e+06,1.13,79.11,376000 4291000,4,Unsuitable,black,YES,233.635496,2666.302961,58.4088739999998
376000,4291000,CB4MH,8.2021,1e+06,5.28,81.8,376000 4291000,2.5,Suitable,dodgerblue,YES,233.635496,2666.302961,58.4088739999998
376000,4291000,CB4MH,36.08924,1e+06,0.1,70.91,376000 4291000,11,Unsuitable,black,YES,233.635496,2666.302961,58.4088739999998
376000,4291000,CB4MH,29.52756,1e+06,0.1,71.31,376000 4291000,9,Unsuitable,black,YES,233.635496,2666.302961,58.4088739999998
376000,4291000,CB4MH,22.96588,1e+06,0.05,72.24,376000 4291000,7,Unsuitable,black,YES,233.635496,2666.302961,58.4088739999998
376000,4291000,CB4MH,24.6063,1e+06,0.06,71.88,376000 4291000,7.5,Unsuitable,black,YES,233.635496,2666.302961,58.4088739999998
376000,4291000,CB4MH,39.37008,1e+06,0.1,70.91,376000 4291000,12,Unsuitable,black,YES,233.635496,2666.302961,58.4088739999998
376000,4291000,CB4MH,34.44882,1e+06,0.1,71.16,376000 4291000,10.5,Unsuitable,black,YES,233.635496,2666.302961,58.4088739999998
376000,4291000,CB4MH,37.72966,1e+06,0.1,70.91,376000 4291000,11.5,Unsuitable,black,YES,233.635496,2666.302961,58.4088739999998
376000,4291000,CB4MH,21.32546,1e+06,0.05,72.68,376000 4291000,6.5,Unsuitable,black,YES,233.635496,2666.302961,58.4088739999998
376000,4291000,CB4MH,26.24672,1e+06,0.09,71.78,376000 4291000,8,Unsuitable,black,YES,233.635496,2666.302961,58.4088739999998
376000,4291000,CB4MH,9.84252,1e+06,4.5,81.52,376000 4291000,3,Suitable,dodgerblue,YES,233.635496,2666.302961,58.4088739999998
376000,4291000,CB4MH,42.65092,1e+06,0.1,70.7,376000 4291000,13,Unsuitable,black,YES,233.635496,2666.302961,58.4088739999998
376000,4291000,CB4MH,32.8084,1e+06,0.1,71.16,376000 4291000,10,Unsuitable,black,YES,233.635496,2666.302961,58.4088739999998
376000,4291000,CB4MH,44.29134,1e+06,0.1,70.7,376000 4291000,13.5,Unsuitable,black,YES,233.635496,2666.302961,58.4088739999998
376000,4291000,CB4MH,27.88714,1e+06,0.1,71.56,376000 4291000,8.5,Unsuitable,black,YES,233.635496,2666.302961,58.4088739999998
376000,4291000,CB4MH,16.4042,1e+06,0.2,75.96,376000 4291000,5,Unsuitable,black,YES,233.635496,2666.302961,58.4088739999998
376000,4291000,CB4MH,0,1e+06,8.47,83.77,376000 4291000,0,Tolerable,yellow,YES,233.635496,2666.302961,58.4088739999998
376000,4291000,CB4MH,18.04462,1e+06,0.07,74.29,376000 4291000,5.5,Unsuitable,black,YES,233.635496,2666.302961,58.4088739999998
376000,4291000,CB4MH,47.57218,1e+06,0.1,70.7,376000 4291000,14.5,Unsuitable,black,YES,233.635496,2666.302961,58.4088739999998
376000,4291000,CB4MH,41.0105,1e+06,0.1,70.82,376000 4291000,12.5,Unsuitable,black,YES,233.635496,2666.302961,58.4088739999998
376000,4291000,CB4MH,14.76378,1e+06,0.56,77.82,376000 4291000,4.5,Unsuitable,black,YES,233.635496,2666.302961,58.4088739999998
376000,4291000,CB4MH,19.68504,1e+06,0.05,73.32,376000 4291000,6,Unsuitable,black,YES,233.635496,2666.302961,58.4088739999998
376000,4292000,CB4MH,42.65092,1e+06,0.1,70.7,376000 4292000,13,Unsuitable,black,YES,233.635496,2666.924332,59.0302449999999
376000,4292000,CB4MH,1.64042,1e+06,7.93,83.68,376000 4292000,0.5,Tolerable,yellow,YES,233.635496,2666.924332,59.0302449999999
376000,4292000,CB4MH,0,1e+06,8.35,84.07,376000 4292000,0,Tolerable,yellow,YES,233.635496,2666.924332,59.0302449999999
376000,4292000,CB4MH,36.08924,1e+06,0.1,70.86,376000 4292000,11,Unsuitable,black,YES,233.635496,2666.924332,59.0302449999999
376000,4292000,CB4MH,13.12336,1e+06,1.17,79.2,376000 4292000,4,Unsuitable,black,YES,233.635496,2666.924332,59.0302449999999
376000,4292000,CB4MH,37.72966,1e+06,0.1,70.86,376000 4292000,11.5,Unsuitable,black,YES,233.635496,2666.924332,59.0302449999999
376000,4292000,CB4MH,14.76378,1e+06,0.58,77.96,376000 4292000,4.5,Unsuitable,black,YES,233.635496,2666.924332,59.0302449999999
376000,4292000,CB4MH,11.48294,1e+06,2.42,80.18,376000 4292000,3.5,Marginal,orange,YES,233.635496,2666.924332,59.0302449999999
376000,4292000,CB4MH,32.8084,1e+06,0.1,71.14,376000 4292000,10,Unsuitable,black,YES,233.635496,2666.924332,59.0302449999999
376000,4292000,CB4MH,9.84252,1e+06,4.49,81.52,376000 4292000,3,Suitable,dodgerblue,YES,233.635496,2666.924332,59.0302449999999
376000,4292000,CB4MH,19.68504,1e+06,0.05,73.33,376000 4292000,6,Unsuitable,black,YES,233.635496,2666.924332,59.0302449999999
376000,4292000,CB4MH,34.44882,1e+06,0.1,71.14,376000 4292000,10.5,Unsuitable,black,YES,233.635496,2666.924332,59.0302449999999
376000,4292000,CB4MH,41.0105,1e+06,0.1,70.78,376000 4292000,12.5,Unsuitable,black,YES,233.635496,2666.924332,59.0302449999999
376000,4292000,CB4MH,3.28084,1e+06,7.2,83.07,376000 4292000,1,Tolerable,yellow,YES,233.635496,2666.924332,59.0302449999999
376000,4292000,CB4MH,21.32546,1e+06,0.05,72.67,376000 4292000,6.5,Unsuitable,black,YES,233.635496,2666.924332,59.0302449999999
376000,4292000,CB4MH,16.4042,1e+06,0.21,76.06,376000 4292000,5,Unsuitable,black,YES,233.635496,2666.924332,59.0302449999999
376000,4292000,CB4MH,4.92126,1e+06,6.64,82.32,376000 4292000,1.5,Suitable,dodgerblue,YES,233.635496,2666.924332,59.0302449999999
376000,4292000,CB4MH,24.6063,1e+06,0.06,71.87,376000 4292000,7.5,Unsuitable,black,YES,233.635496,2666.924332,59.0302449999999
376000,4292000,CB4MH,22.96588,1e+06,0.05,72.24,376000 4292000,7,Unsuitable,black,YES,233.635496,2666.924332,59.0302449999999
376000,4292000,CB4MH,26.24672,1e+06,0.09,71.77,376000 4292000,8,Unsuitable,black,YES,233.635496,2666.924332,59.0302449999999
376000,4292000,CB4MH,6.56168,1e+06,5.87,82,376000 4292000,2,Suitable,dodgerblue,YES,233.635496,2666.924332,59.0302449999999
376000,4292000,CB4MH,8.2021,1e+06,5.25,81.78,376000 4292000,2.5,Suitable,dodgerblue,YES,233.635496,2666.924332,59.0302449999999
376000,4292000,CB4MH,27.88714,1e+06,0.1,71.55,376000 4292000,8.5,Unsuitable,black,YES,233.635496,2666.924332,59.0302449999999
376000,4292000,CB4MH,39.37008,1e+06,0.1,70.86,376000 4292000,12,Unsuitable,black,YES,233.635496,2666.924332,59.0302449999999
376000,4292000,CB4MH,31.16798,1e+06,0.1,71.18,376000 4292000,9.5,Unsuitable,black,YES,233.635496,2666.924332,59.0302449999999
376000,4292000,CB4MH,29.52756,1e+06,0.1,71.3,376000 4292000,9,Unsuitable,black,YES,233.635496,2666.924332,59.0302449999999
376000,4292000,CB4MH,18.04462,1e+06,0.07,74.31,376000 4292000,5.5,Unsuitable,black,YES,233.635496,2666.924332,59.0302449999999
376000,4293000,CB4MH,27.88714,1e+06,0.1,71.53,376000 4293000,8.5,Unsuitable,black,YES,233.635496,2667.545703,59.6516160000001
376000,4293000,CB4MH,19.68504,1e+06,0.04,73.3,376000 4293000,6,Unsuitable,black,YES,233.635496,2667.545703,59.6516160000001
376000,4293000,CB4MH,4.92126,1e+06,6.62,82.3,376000 4293000,1.5,Suitable,dodgerblue,YES,233.635496,2667.545703,59.6516160000001
376000,4293000,CB4MH,34.44882,1e+06,0.1,71.12,376000 4293000,10.5,Unsuitable,black,YES,233.635496,2667.545703,59.6516160000001
376000,4293000,CB4MH,22.96588,1e+06,0.05,72.21,376000 4293000,7,Unsuitable,black,YES,233.635496,2667.545703,59.6516160000001
376000,4293000,CB4MH,32.8084,1e+06,0.1,71.12,376000 4293000,10,Unsuitable,black,YES,233.635496,2667.545703,59.6516160000001
376000,4293000,CB4MH,9.84252,1e+06,4.48,81.51,376000 4293000,3,Suitable,dodgerblue,YES,233.635496,2667.545703,59.6516160000001
376000,4293000,CB4MH,24.6063,1e+06,0.06,71.85,376000 4293000,7.5,Unsuitable,black,YES,233.635496,2667.545703,59.6516160000001
376000,4293000,CB4MH,1.64042,1e+06,8,83.67,376000 4293000,0.5,Tolerable,yellow,YES,233.635496,2667.545703,59.6516160000001
376000,4293000,CB4MH,36.08924,1e+06,0.1,70.82,376000 4293000,11,Unsuitable,black,YES,233.635496,2667.545703,59.6516160000001
376000,4293000,CB4MH,13.12336,1e+06,1.21,79.27,376000 4293000,4,Unsuitable,black,YES,233.635496,2667.545703,59.6516160000001
376000,4293000,CB4MH,3.28084,1e+06,7.25,83.04,376000 4293000,1,Tolerable,yellow,YES,233.635496,2667.545703,59.6516160000001
376000,4293000,CB4MH,11.48294,1e+06,2.41,80.23,376000 4293000,3.5,Marginal,orange,YES,233.635496,2667.545703,59.6516160000001
376000,4293000,CB4MH,21.32546,1e+06,0.05,72.63,376000 4293000,6.5,Unsuitable,black,YES,233.635496,2667.545703,59.6516160000001
376000,4293000,CB4MH,31.16798,1e+06,0.1,71.16,376000 4293000,9.5,Unsuitable,black,YES,233.635496,2667.545703,59.6516160000001
376000,4293000,CB4MH,26.24672,1e+06,0.09,71.75,376000 4293000,8,Unsuitable,black,YES,233.635496,2667.545703,59.6516160000001
376000,4293000,CB4MH,16.4042,1e+06,0.21,76.12,376000 4293000,5,Unsuitable,black,YES,233.635496,2667.545703,59.6516160000001
376000,4293000,CB4MH,37.72966,1e+06,0.1,70.82,376000 4293000,11.5,Unsuitable,black,YES,233.635496,2667.545703,59.6516160000001
376000,4293000,CB4MH,8.2021,1e+06,5.22,81.76,376000 4293000,2.5,Suitable,dodgerblue,YES,233.635496,2667.545703,59.6516160000001
376000,4293000,CB4MH,14.76378,1e+06,0.6,78.06,376000 4293000,4.5,Unsuitable,black,YES,233.635496,2667.545703,59.6516160000001
376000,4293000,CB4MH,6.56168,1e+06,5.84,81.99,376000 4293000,2,Suitable,dodgerblue,YES,233.635496,2667.545703,59.6516160000001
376000,4293000,CB4MH,18.04462,1e+06,0.07,74.3,376000 4293000,5.5,Unsuitable,black,YES,233.635496,2667.545703,59.6516160000001
376000,4293000,CB4MH,0,1e+06,8.43,84.07,376000 4293000,0,Tolerable,yellow,YES,233.635496,2667.545703,59.6516160000001
376000,4293000,CB4MH,29.52756,1e+06,0.1,71.28,376000 4293000,9,Unsuitable,black,YES,233.635496,2667.545703,59.6516160000001
377000,4262000,CB4MH,8.2021,1e+06,5.89,82.09,377000 4262000,2.5,Suitable,dodgerblue,YES,234.256867,2648.283202,40.389115
377000,4262000,CB4MH,34.44882,1e+06,0.24,72.07,377000 4262000,10.5,Unsuitable,black,YES,234.256867,2648.283202,40.389115
377000,4262000,CB4MH,18.04462,1e+06,2.06,76.85,377000 4262000,5.5,Marginal,orange,YES,234.256867,2648.283202,40.389115
377000,4262000,CB4MH,32.8084,1e+06,0.23,72.07,377000 4262000,10,Unsuitable,black,YES,234.256867,2648.283202,40.389115
377000,4262000,CB4MH,24.6063,1e+06,0.08,73.27,377000 4262000,7.5,Unsuitable,black,YES,234.256867,2648.283202,40.389115
377000,4262000,CB4MH,19.68504,1e+06,1.46,75.5,377000 4262000,6,Unsuitable,black,YES,234.256867,2648.283202,40.389115
377000,4262000,CB4MH,26.24672,1e+06,0.09,72.97,377000 4262000,8,Unsuitable,black,YES,234.256867,2648.283202,40.389115
377000,4262000,CB4MH,0,1e+06,7.53,82.97,377000 4262000,0,Tolerable,yellow,YES,234.256867,2648.283202,40.389115
377000,4262000,CB4MH,1.64042,1e+06,7.5,82.91,377000 4262000,0.5,Tolerable,yellow,YES,234.256867,2648.283202,40.389115
377000,4262000,CB4MH,6.56168,1e+06,6.93,82.66,377000 4262000,2,Tolerable,yellow,YES,234.256867,2648.283202,40.389115
377000,4262000,CB4MH,9.84252,1e+06,4.97,81.45,377000 4262000,3,Suitable,dodgerblue,YES,234.256867,2648.283202,40.389115
377000,4262000,CB4MH,3.28084,1e+06,7.39,82.86,377000 4262000,1,Tolerable,yellow,YES,234.256867,2648.283202,40.389115
377000,4262000,CB4MH,22.96588,1e+06,0.2,73.74,377000 4262000,7,Unsuitable,black,YES,234.256867,2648.283202,40.389115
377000,4262000,CB4MH,4.92126,1e+06,7.26,82.89,377000 4262000,1.5,Tolerable,yellow,YES,234.256867,2648.283202,40.389115
377000,4262000,CB4MH,21.32546,1e+06,0.7,74.52,377000 4262000,6.5,Unsuitable,black,YES,234.256867,2648.283202,40.389115
377000,4262000,CB4MH,31.16798,1e+06,0.22,72.06,377000 4262000,9.5,Unsuitable,black,YES,234.256867,2648.283202,40.389115
377000,4262000,CB4MH,11.48294,1e+06,5.04,81.56,377000 4262000,3.5,Suitable,dodgerblue,YES,234.256867,2648.283202,40.389115
377000,4262000,CB4MH,16.4042,1e+06,2.66,78.43,377000 4262000,5,Marginal,orange,YES,234.256867,2648.283202,40.389115
377000,4262000,CB4MH,27.88714,1e+06,0.12,72.57,377000 4262000,8.5,Unsuitable,black,YES,234.256867,2648.283202,40.389115
377000,4262000,CB4MH,13.12336,1e+06,3.98,80.67,377000 4262000,4,Tolerable,yellow,YES,234.256867,2648.283202,40.389115
377000,4262000,CB4MH,14.76378,1e+06,3.1,79.48,377000 4262000,4.5,Tolerable,yellow,YES,234.256867,2648.283202,40.389115
377000,4262000,CB4MH,29.52756,1e+06,0.12,72.18,377000 4262000,9,Unsuitable,black,YES,234.256867,2648.283202,40.389115
377000,4263000,CB4MH,16.4042,1e+06,2.79,78.63,377000 4263000,5,Marginal,orange,YES,234.256867,2648.904573,41.0104860000001
377000,4263000,CB4MH,11.48294,1e+06,5.28,81.7,377000 4263000,3.5,Suitable,dodgerblue,YES,234.256867,2648.904573,41.0104860000001
377000,4263000,CB4MH,27.88714,1e+06,0.1,72.58,377000 4263000,8.5,Unsuitable,black,YES,234.256867,2648.904573,41.0104860000001
377000,4263000,CB4MH,18.04462,1e+06,2.18,77.07,377000 4263000,5.5,Marginal,orange,YES,234.256867,2648.904573,41.0104860000001
377000,4263000,CB4MH,8.2021,1e+06,6.03,82.13,377000 4263000,2.5,Suitable,dodgerblue,YES,234.256867,2648.904573,41.0104860000001
377000,4263000,CB4MH,19.68504,1e+06,1.55,75.68,377000 4263000,6,Unsuitable,black,YES,234.256867,2648.904573,41.0104860000001
377000,4263000,CB4MH,21.32546,1e+06,0.73,74.65,377000 4263000,6.5,Unsuitable,black,YES,234.256867,2648.904573,41.0104860000001
377000,4263000,CB4MH,22.96588,1e+06,0.2,73.82,377000 4263000,7,Unsuitable,black,YES,234.256867,2648.904573,41.0104860000001
377000,4263000,CB4MH,31.16798,1e+06,0.19,71.98,377000 4263000,9.5,Unsuitable,black,YES,234.256867,2648.904573,41.0104860000001
377000,4263000,CB4MH,14.76378,1e+06,3.26,79.63,377000 4263000,4.5,Tolerable,yellow,YES,234.256867,2648.904573,41.0104860000001
377000,4263000,CB4MH,24.6063,1e+06,0.06,73.32,377000 4263000,7.5,Unsuitable,black,YES,234.256867,2648.904573,41.0104860000001
377000,4263000,CB4MH,13.12336,1e+06,4.18,80.85,377000 4263000,4,Suitable,dodgerblue,YES,234.256867,2648.904573,41.0104860000001
377000,4263000,CB4MH,9.84252,1e+06,5.22,81.57,377000 4263000,3,Suitable,dodgerblue,YES,234.256867,2648.904573,41.0104860000001
377000,4263000,CB4MH,3.28084,1e+06,7.39,82.81,377000 4263000,1,Tolerable,yellow,YES,234.256867,2648.904573,41.0104860000001
377000,4263000,CB4MH,32.8084,1e+06,0.2,71.98,377000 4263000,10,Unsuitable,black,YES,234.256867,2648.904573,41.0104860000001
377000,4263000,CB4MH,26.24672,1e+06,0.07,73.01,377000 4263000,8,Unsuitable,black,YES,234.256867,2648.904573,41.0104860000001
377000,4263000,CB4MH,34.44882,1e+06,0.21,71.98,377000 4263000,10.5,Unsuitable,black,YES,234.256867,2648.904573,41.0104860000001
377000,4263000,CB4MH,6.56168,1e+06,6.96,82.64,377000 4263000,2,Tolerable,yellow,YES,234.256867,2648.904573,41.0104860000001
377000,4263000,CB4MH,29.52756,1e+06,0.1,72.16,377000 4263000,9,Unsuitable,black,YES,234.256867,2648.904573,41.0104860000001
377000,4263000,CB4MH,4.92126,1e+06,7.26,82.85,377000 4263000,1.5,Tolerable,yellow,YES,234.256867,2648.904573,41.0104860000001
377000,4263000,CB4MH,1.64042,1e+06,7.49,82.86,377000 4263000,0.5,Tolerable,yellow,YES,234.256867,2648.904573,41.0104860000001
377000,4263000,CB4MH,0,1e+06,7.52,82.92,377000 4263000,0,Tolerable,yellow,YES,234.256867,2648.904573,41.0104860000001
377000,4278000,CB4MH,9.84252,1e+06,5.16,81.45,377000 4278000,3,Suitable,dodgerblue,YES,234.256867,2658.225138,50.3310510000001
377000,4278000,CB4MH,11.48294,1e+06,2.89,79.48,377000 4278000,3.5,Marginal,orange,YES,234.256867,2658.225138,50.3310510000001
377000,4278000,CB4MH,3.28084,1e+06,7.51,82.71,377000 4278000,1,Tolerable,yellow,YES,234.256867,2658.225138,50.3310510000001
377000,4278000,CB4MH,1.64042,1e+06,7.67,82.9,377000 4278000,0.5,Tolerable,yellow,YES,234.256867,2658.225138,50.3310510000001
377000,4278000,CB4MH,4.92126,1e+06,7.32,82.63,377000 4278000,1.5,Tolerable,yellow,YES,234.256867,2658.225138,50.3310510000001
377000,4278000,CB4MH,13.12336,1e+06,0.67,76.92,377000 4278000,4,Unsuitable,black,YES,234.256867,2658.225138,50.3310510000001
377000,4278000,CB4MH,26.24672,1e+06,0.1,71.31,377000 4278000,8,Unsuitable,black,YES,234.256867,2658.225138,50.3310510000001
377000,4278000,CB4MH,22.96588,1e+06,0.1,71.71,377000 4278000,7,Unsuitable,black,YES,234.256867,2658.225138,50.3310510000001
377000,4278000,CB4MH,8.2021,1e+06,6.39,82.18,377000 4278000,2.5,Suitable,dodgerblue,YES,234.256867,2658.225138,50.3310510000001
377000,4278000,CB4MH,14.76378,1e+06,0.07,74.93,377000 4278000,4.5,Unsuitable,black,YES,234.256867,2658.225138,50.3310510000001
377000,4278000,CB4MH,24.6063,1e+06,0.1,71.41,377000 4278000,7.5,Unsuitable,black,YES,234.256867,2658.225138,50.3310510000001
377000,4278000,CB4MH,29.52756,1e+06,0.1,71.11,377000 4278000,9,Unsuitable,black,YES,234.256867,2658.225138,50.3310510000001
377000,4278000,CB4MH,34.44882,1e+06,0.1,71.1,377000 4278000,10.5,Unsuitable,black,YES,234.256867,2658.225138,50.3310510000001
377000,4278000,CB4MH,16.4042,1e+06,0.02,73.73,377000 4278000,5,Unsuitable,black,YES,234.256867,2658.225138,50.3310510000001
377000,4278000,CB4MH,31.16798,1e+06,0.1,71.1,377000 4278000,9.5,Unsuitable,black,YES,234.256867,2658.225138,50.3310510000001
377000,4278000,CB4MH,6.56168,1e+06,7.01,82.53,377000 4278000,2,Tolerable,yellow,YES,234.256867,2658.225138,50.3310510000001
377000,4278000,CB4MH,0,1e+06,7.74,83.14,377000 4278000,0,Tolerable,yellow,YES,234.256867,2658.225138,50.3310510000001
377000,4278000,CB4MH,27.88714,1e+06,0.1,71.21,377000 4278000,8.5,Unsuitable,black,YES,234.256867,2658.225138,50.3310510000001
377000,4278000,CB4MH,32.8084,1e+06,0.1,71.1,377000 4278000,10,Unsuitable,black,YES,234.256867,2658.225138,50.3310510000001
377000,4278000,CB4MH,21.32546,1e+06,0.1,72.32,377000 4278000,6.5,Unsuitable,black,YES,234.256867,2658.225138,50.3310510000001
377000,4278000,CB4MH,18.04462,1e+06,0.01,73.13,377000 4278000,5.5,Unsuitable,black,YES,234.256867,2658.225138,50.3310510000001
377000,4278000,CB4MH,36.08924,1e+06,0.1,71.2,377000 4278000,11,Unsuitable,black,YES,234.256867,2658.225138,50.3310510000001
377000,4278000,CB4MH,19.68504,1e+06,0.06,72.82,377000 4278000,6,Unsuitable,black,YES,234.256867,2658.225138,50.3310510000001
377000,4279000,CB4MH,9.84252,1e+06,4.95,81.27,377000 4279000,3,Suitable,dodgerblue,YES,234.256867,2658.846509,50.9524219999998
377000,4279000,CB4MH,41.0105,1e+06,0.1,71.54,377000 4279000,12.5,Unsuitable,black,YES,234.256867,2658.846509,50.9524219999998
377000,4279000,CB4MH,18.04462,1e+06,0.03,73.15,377000 4279000,5.5,Unsuitable,black,YES,234.256867,2658.846509,50.9524219999998
377000,4279000,CB4MH,37.72966,1e+06,0.1,71.2,377000 4279000,11.5,Unsuitable,black,YES,234.256867,2658.846509,50.9524219999998
377000,4279000,CB4MH,29.52756,1e+06,0.1,71.11,377000 4279000,9,Unsuitable,black,YES,234.256867,2658.846509,50.9524219999998
377000,4279000,CB4MH,22.96588,1e+06,0.1,71.73,377000 4279000,7,Unsuitable,black,YES,234.256867,2658.846509,50.9524219999998
377000,4279000,CB4MH,39.37008,1e+06,0.1,71.2,377000 4279000,12,Unsuitable,black,YES,234.256867,2658.846509,50.9524219999998
377000,4279000,CB4MH,31.16798,1e+06,0.1,71.1,377000 4279000,9.5,Unsuitable,black,YES,234.256867,2658.846509,50.9524219999998
377000,4279000,CB4MH,34.44882,1e+06,0.1,71.1,377000 4279000,10.5,Unsuitable,black,YES,234.256867,2658.846509,50.9524219999998
377000,4279000,CB4MH,42.65092,1e+06,0.1,70.7,377000 4279000,13,Unsuitable,black,YES,234.256867,2658.846509,50.9524219999998
377000,4279000,CB4MH,0,1e+06,7.77,83.17,377000 4279000,0,Tolerable,yellow,YES,234.256867,2658.846509,50.9524219999998
377000,4279000,CB4MH,24.6063,1e+06,0.1,71.42,377000 4279000,7.5,Unsuitable,black,YES,234.256867,2658.846509,50.9524219999998
377000,4279000,CB4MH,19.68504,1e+06,0.07,72.84,377000 4279000,6,Unsuitable,black,YES,234.256867,2658.846509,50.9524219999998
377000,4279000,CB4MH,13.12336,1e+06,0.7,76.95,377000 4279000,4,Unsuitable,black,YES,234.256867,2658.846509,50.9524219999998
377000,4279000,CB4MH,3.28084,1e+06,7.52,82.72,377000 4279000,1,Tolerable,yellow,YES,234.256867,2658.846509,50.9524219999998
377000,4279000,CB4MH,11.48294,1e+06,2.88,79.47,377000 4279000,3.5,Marginal,orange,YES,234.256867,2658.846509,50.9524219999998
377000,4279000,CB4MH,4.92126,1e+06,7.3,82.65,377000 4279000,1.5,Tolerable,yellow,YES,234.256867,2658.846509,50.9524219999998
377000,4279000,CB4MH,1.64042,1e+06,7.68,82.9,377000 4279000,0.5,Tolerable,yellow,YES,234.256867,2658.846509,50.9524219999998
377000,4279000,CB4MH,36.08924,1e+06,0.1,71.2,377000 4279000,11,Unsuitable,black,YES,234.256867,2658.846509,50.9524219999998
377000,4279000,CB4MH,8.2021,1e+06,6.28,82.1,377000 4279000,2.5,Suitable,dodgerblue,YES,234.256867,2658.846509,50.9524219999998
377000,4279000,CB4MH,26.24672,1e+06,0.1,71.32,377000 4279000,8,Unsuitable,black,YES,234.256867,2658.846509,50.9524219999998
377000,4279000,CB4MH,14.76378,1e+06,0.09,74.96,377000 4279000,4.5,Unsuitable,black,YES,234.256867,2658.846509,50.9524219999998
377000,4279000,CB4MH,21.32546,1e+06,0.11,72.33,377000 4279000,6.5,Unsuitable,black,YES,234.256867,2658.846509,50.9524219999998
377000,4279000,CB4MH,27.88714,1e+06,0.1,71.22,377000 4279000,8.5,Unsuitable,black,YES,234.256867,2658.846509,50.9524219999998
377000,4279000,CB4MH,16.4042,1e+06,0.03,73.76,377000 4279000,5,Unsuitable,black,YES,234.256867,2658.846509,50.9524219999998
377000,4279000,CB4MH,6.56168,1e+06,6.99,82.55,377000 4279000,2,Tolerable,yellow,YES,234.256867,2658.846509,50.9524219999998
377000,4279000,CB4MH,32.8084,1e+06,0.1,71.1,377000 4279000,10,Unsuitable,black,YES,234.256867,2658.846509,50.9524219999998
377000,4280000,CB4MH,45.93176,1e+06,0.1,70.7,377000 4280000,14,Unsuitable,black,YES,234.256867,2659.46788,51.573793
377000,4280000,CB4MH,47.57218,1e+06,0.1,70.7,377000 4280000,14.5,Unsuitable,black,YES,234.256867,2659.46788,51.573793
377000,4280000,CB4MH,49.2126,1e+06,0.1,70.7,377000 4280000,15,Unsuitable,black,YES,234.256867,2659.46788,51.573793
377000,4280000,CB4MH,29.52756,1e+06,0.1,71.15,377000 4280000,9,Unsuitable,black,YES,234.256867,2659.46788,51.573793
377000,4280000,CB4MH,16.4042,1e+06,0.14,73.96,377000 4280000,5,Unsuitable,black,YES,234.256867,2659.46788,51.573793
377000,4280000,CB4MH,42.65092,1e+06,0.1,70.7,377000 4280000,13,Unsuitable,black,YES,234.256867,2659.46788,51.573793
377000,4280000,CB4MH,41.0105,1e+06,0.1,71.48,377000 4280000,12.5,Unsuitable,black,YES,234.256867,2659.46788,51.573793
377000,4280000,CB4MH,11.48294,1e+06,2.91,79.49,377000 4280000,3.5,Marginal,orange,YES,234.256867,2659.46788,51.573793
377000,4280000,CB4MH,44.29134,1e+06,0.1,70.7,377000 4280000,13.5,Unsuitable,black,YES,234.256867,2659.46788,51.573793
377000,4280000,CB4MH,27.88714,1e+06,0.1,71.27,377000 4280000,8.5,Unsuitable,black,YES,234.256867,2659.46788,51.573793
377000,4280000,CB4MH,6.56168,1e+06,6.94,82.57,377000 4280000,2,Tolerable,yellow,YES,234.256867,2659.46788,51.573793
377000,4280000,CB4MH,22.96588,1e+06,0.1,71.81,377000 4280000,7,Unsuitable,black,YES,234.256867,2659.46788,51.573793
377000,4280000,CB4MH,9.84252,1e+06,4.58,80.97,377000 4280000,3,Suitable,dodgerblue,YES,234.256867,2659.46788,51.573793
377000,4280000,CB4MH,8.2021,1e+06,6.08,81.96,377000 4280000,2.5,Suitable,dodgerblue,YES,234.256867,2659.46788,51.573793
377000,4280000,CB4MH,34.44882,1e+06,0.1,71.12,377000 4280000,10.5,Unsuitable,black,YES,234.256867,2659.46788,51.573793
377000,4280000,CB4MH,0,1e+06,7.81,83.21,377000 4280000,0,Tolerable,yellow,YES,234.256867,2659.46788,51.573793
377000,4280000,CB4MH,32.8084,1e+06,0.1,71.12,377000 4280000,10,Unsuitable,black,YES,234.256867,2659.46788,51.573793
377000,4280000,CB4MH,39.37008,1e+06,0.1,71.21,377000 4280000,12,Unsuitable,black,YES,234.256867,2659.46788,51.573793
377000,4280000,CB4MH,4.92126,1e+06,7.26,82.67,377000 4280000,1.5,Tolerable,yellow,YES,234.256867,2659.46788,51.573793
377000,4280000,CB4MH,36.08924,1e+06,0.1,71.21,377000 4280000,11,Unsuitable,black,YES,234.256867,2659.46788,51.573793
377000,4280000,CB4MH,26.24672,1e+06,0.1,71.39,377000 4280000,8,Unsuitable,black,YES,234.256867,2659.46788,51.573793
377000,4280000,CB4MH,31.16798,1e+06,0.1,71.12,377000 4280000,9.5,Unsuitable,black,YES,234.256867,2659.46788,51.573793
377000,4280000,CB4MH,14.76378,1e+06,0.21,75.14,377000 4280000,4.5,Unsuitable,black,YES,234.256867,2659.46788,51.573793
377000,4280000,CB4MH,13.12336,1e+06,0.83,77.1,377000 4280000,4,Unsuitable,black,YES,234.256867,2659.46788,51.573793
377000,4280000,CB4MH,1.64042,1e+06,7.7,82.89,377000 4280000,0.5,Tolerable,yellow,YES,234.256867,2659.46788,51.573793
377000,4280000,CB4MH,18.04462,1e+06,0.11,73.32,377000 4280000,5.5,Unsuitable,black,YES,234.256867,2659.46788,51.573793
377000,4280000,CB4MH,37.72966,1e+06,0.1,71.21,377000 4280000,11.5,Unsuitable,black,YES,234.256867,2659.46788,51.573793
377000,4280000,CB4MH,21.32546,1e+06,0.13,72.43,377000 4280000,6.5,Unsuitable,black,YES,234.256867,2659.46788,51.573793
377000,4280000,CB4MH,24.6063,1e+06,0.1,71.5,377000 4280000,7.5,Unsuitable,black,YES,234.256867,2659.46788,51.573793
377000,4280000,CB4MH,19.68504,1e+06,0.12,72.96,377000 4280000,6,Unsuitable,black,YES,234.256867,2659.46788,51.573793
377000,4280000,CB4MH,3.28084,1e+06,7.53,82.73,377000 4280000,1,Tolerable,yellow,YES,234.256867,2659.46788,51.573793
377000,4281000,CB4MH,29.52756,1e+06,0.1,71.21,377000 4281000,9,Unsuitable,black,YES,234.256867,2660.089251,52.1951639999998
377000,4281000,CB4MH,11.48294,1e+06,2.98,79.55,377000 4281000,3.5,Marginal,orange,YES,234.256867,2660.089251,52.1951639999998
377000,4281000,CB4MH,31.16798,1e+06,0.1,71.13,377000 4281000,9.5,Unsuitable,black,YES,234.256867,2660.089251,52.1951639999998
377000,4281000,CB4MH,4.92126,1e+06,7.23,82.67,377000 4281000,1.5,Tolerable,yellow,YES,234.256867,2660.089251,52.1951639999998
377000,4281000,CB4MH,16.4042,1e+06,0.27,74.24,377000 4281000,5,Unsuitable,black,YES,234.256867,2660.089251,52.1951639999998
377000,4281000,CB4MH,14.76378,1e+06,0.39,75.44,377000 4281000,4.5,Unsuitable,black,YES,234.256867,2660.089251,52.1951639999998
377000,4281000,CB4MH,0,1e+06,7.79,83.23,377000 4281000,0,Tolerable,yellow,YES,234.256867,2660.089251,52.1951639999998
377000,4281000,CB4MH,34.44882,1e+06,0.1,71.13,377000 4281000,10.5,Unsuitable,black,YES,234.256867,2660.089251,52.1951639999998
377000,4281000,CB4MH,6.56168,1e+06,6.9,82.57,377000 4281000,2,Tolerable,yellow,YES,234.256867,2660.089251,52.1951639999998
377000,4281000,CB4MH,18.04462,1e+06,0.21,73.54,377000 4281000,5.5,Unsuitable,black,YES,234.256867,2660.089251,52.1951639999998
377000,4281000,CB4MH,24.6063,1e+06,0.09,71.61,377000 4281000,7.5,Unsuitable,black,YES,234.256867,2660.089251,52.1951639999998
377000,4281000,CB4MH,21.32546,1e+06,0.16,72.57,377000 4281000,6.5,Unsuitable,black,YES,234.256867,2660.089251,52.1951639999998
377000,4281000,CB4MH,26.24672,1e+06,0.09,71.49,377000 4281000,8,Unsuitable,black,YES,234.256867,2660.089251,52.1951639999998
377000,4281000,CB4MH,37.72966,1e+06,0.1,71.21,377000 4281000,11.5,Unsuitable,black,YES,234.256867,2660.089251,52.1951639999998
377000,4281000,CB4MH,19.68504,1e+06,0.19,73.13,377000 4281000,6,Unsuitable,black,YES,234.256867,2660.089251,52.1951639999998
377000,4281000,CB4MH,9.84252,1e+06,4.37,80.88,377000 4281000,3,Suitable,dodgerblue,YES,234.256867,2660.089251,52.1951639999998
377000,4281000,CB4MH,27.88714,1e+06,0.1,71.35,377000 4281000,8.5,Unsuitable,black,YES,234.256867,2660.089251,52.1951639999998
377000,4281000,CB4MH,3.28084,1e+06,7.51,82.73,377000 4281000,1,Tolerable,yellow,YES,234.256867,2660.089251,52.1951639999998
377000,4281000,CB4MH,13.12336,1e+06,1.01,77.35,377000 4281000,4,Unsuitable,black,YES,234.256867,2660.089251,52.1951639999998
377000,4281000,CB4MH,22.96588,1e+06,0.11,71.94,377000 4281000,7,Unsuitable,black,YES,234.256867,2660.089251,52.1951639999998
377000,4281000,CB4MH,36.08924,1e+06,0.1,71.21,377000 4281000,11,Unsuitable,black,YES,234.256867,2660.089251,52.1951639999998
377000,4281000,CB4MH,1.64042,1e+06,7.68,82.89,377000 4281000,0.5,Tolerable,yellow,YES,234.256867,2660.089251,52.1951639999998
377000,4281000,CB4MH,8.2021,1e+06,5.95,81.92,377000 4281000,2.5,Suitable,dodgerblue,YES,234.256867,2660.089251,52.1951639999998
377000,4281000,CB4MH,32.8084,1e+06,0.1,71.13,377000 4281000,10,Unsuitable,black,YES,234.256867,2660.089251,52.1951639999998
377000,4294000,CB4MH,34.44882,1e+06,0.1,71.09,377000 4294000,10.5,Unsuitable,black,YES,234.256867,2668.167074,60.2729869999998
377000,4294000,CB4MH,41.0105,1e+06,0.1,70.7,377000 4294000,12.5,Unsuitable,black,YES,234.256867,2668.167074,60.2729869999998
377000,4294000,CB4MH,29.52756,1e+06,0.1,71.26,377000 4294000,9,Unsuitable,black,YES,234.256867,2668.167074,60.2729869999998
377000,4294000,CB4MH,37.72966,1e+06,0.1,70.74,377000 4294000,11.5,Unsuitable,black,YES,234.256867,2668.167074,60.2729869999998
377000,4294000,CB4MH,3.28084,1e+06,7.23,82.98,377000 4294000,1,Tolerable,yellow,YES,234.256867,2668.167074,60.2729869999998
377000,4294000,CB4MH,32.8084,1e+06,0.1,71.09,377000 4294000,10,Unsuitable,black,YES,234.256867,2668.167074,60.2729869999998
377000,4294000,CB4MH,31.16798,1e+06,0.1,71.14,377000 4294000,9.5,Unsuitable,black,YES,234.256867,2668.167074,60.2729869999998
377000,4294000,CB4MH,18.04462,1e+06,0.07,74.32,377000 4294000,5.5,Unsuitable,black,YES,234.256867,2668.167074,60.2729869999998
377000,4294000,CB4MH,13.12336,1e+06,1.23,79.34,377000 4294000,4,Unsuitable,black,YES,234.256867,2668.167074,60.2729869999998
377000,4294000,CB4MH,11.48294,1e+06,2.38,80.29,377000 4294000,3.5,Marginal,orange,YES,234.256867,2668.167074,60.2729869999998
377000,4294000,CB4MH,19.68504,1e+06,0.05,73.35,377000 4294000,6,Unsuitable,black,YES,234.256867,2668.167074,60.2729869999998
377000,4294000,CB4MH,39.37008,1e+06,0.1,70.74,377000 4294000,12,Unsuitable,black,YES,234.256867,2668.167074,60.2729869999998
377000,4294000,CB4MH,9.84252,1e+06,4.22,81.4,377000 4294000,3,Suitable,dodgerblue,YES,234.256867,2668.167074,60.2729869999998
377000,4294000,CB4MH,45.93176,1e+06,0.1,70.7,377000 4294000,14,Unsuitable,black,YES,234.256867,2668.167074,60.2729869999998
377000,4294000,CB4MH,42.65092,1e+06,0.1,70.7,377000 4294000,13,Unsuitable,black,YES,234.256867,2668.167074,60.2729869999998
377000,4294000,CB4MH,22.96588,1e+06,0.05,72.22,377000 4294000,7,Unsuitable,black,YES,234.256867,2668.167074,60.2729869999998
377000,4294000,CB4MH,4.92126,1e+06,6.52,82.31,377000 4294000,1.5,Suitable,dodgerblue,YES,234.256867,2668.167074,60.2729869999998
377000,4294000,CB4MH,0,1e+06,8.2,83.78,377000 4294000,0,Tolerable,yellow,YES,234.256867,2668.167074,60.2729869999998
377000,4294000,CB4MH,44.29134,1e+06,0.1,70.7,377000 4294000,13.5,Unsuitable,black,YES,234.256867,2668.167074,60.2729869999998
377000,4294000,CB4MH,36.08924,1e+06,0.1,70.74,377000 4294000,11,Unsuitable,black,YES,234.256867,2668.167074,60.2729869999998
377000,4294000,CB4MH,16.4042,1e+06,0.21,76.21,377000 4294000,5,Unsuitable,black,YES,234.256867,2668.167074,60.2729869999998
377000,4294000,CB4MH,6.56168,1e+06,5.63,81.95,377000 4294000,2,Suitable,dodgerblue,YES,234.256867,2668.167074,60.2729869999998
377000,4294000,CB4MH,1.64042,1e+06,7.85,83.45,377000 4294000,0.5,Tolerable,yellow,YES,234.256867,2668.167074,60.2729869999998
377000,4294000,CB4MH,27.88714,1e+06,0.1,71.53,377000 4294000,8.5,Unsuitable,black,YES,234.256867,2668.167074,60.2729869999998
377000,4294000,CB4MH,24.6063,1e+06,0.06,71.85,377000 4294000,7.5,Unsuitable,black,YES,234.256867,2668.167074,60.2729869999998
377000,4294000,CB4MH,21.32546,1e+06,0.05,72.64,377000 4294000,6.5,Unsuitable,black,YES,234.256867,2668.167074,60.2729869999998
377000,4294000,CB4MH,8.2021,1e+06,4.98,81.69,377000 4294000,2.5,Suitable,dodgerblue,YES,234.256867,2668.167074,60.2729869999998
377000,4294000,CB4MH,14.76378,1e+06,0.62,78.17,377000 4294000,4.5,Unsuitable,black,YES,234.256867,2668.167074,60.2729869999998
377000,4294000,CB4MH,26.24672,1e+06,0.09,71.75,377000 4294000,8,Unsuitable,black,YES,234.256867,2668.167074,60.2729869999998
377000,4295000,CB4MH,24.6063,1e+06,0.06,71.76,377000 4295000,7.5,Unsuitable,black,YES,234.256867,2668.788445,60.894358
377000,4295000,CB4MH,9.84252,1e+06,4.11,81.32,377000 4295000,3,Suitable,dodgerblue,YES,234.256867,2668.788445,60.894358
377000,4295000,CB4MH,49.2126,1e+06,0.1,70.7,377000 4295000,15,Unsuitable,black,YES,234.256867,2668.788445,60.894358
377000,4295000,CB4MH,22.96588,1e+06,0.04,72.11,377000 4295000,7,Unsuitable,black,YES,234.256867,2668.788445,60.894358
377000,4295000,CB4MH,42.65092,1e+06,0.1,70.7,377000 4295000,13,Unsuitable,black,YES,234.256867,2668.788445,60.894358
377000,4295000,CB4MH,44.29134,1e+06,0.1,70.7,377000 4295000,13.5,Unsuitable,black,YES,234.256867,2668.788445,60.894358
377000,4295000,CB4MH,11.48294,1e+06,2.4,80.3,377000 4295000,3.5,Marginal,orange,YES,234.256867,2668.788445,60.894358
377000,4295000,CB4MH,37.72966,1e+06,0.1,70.72,377000 4295000,11.5,Unsuitable,black,YES,234.256867,2668.788445,60.894358
377000,4295000,CB4MH,41.0105,1e+06,0.1,70.7,377000 4295000,12.5,Unsuitable,black,YES,234.256867,2668.788445,60.894358
377000,4295000,CB4MH,47.57218,1e+06,0.1,70.7,377000 4295000,14.5,Unsuitable,black,YES,234.256867,2668.788445,60.894358
377000,4295000,CB4MH,50.85302,1e+06,0.1,70.7,377000 4295000,15.5,Unsuitable,black,YES,234.256867,2668.788445,60.894358
377000,4295000,CB4MH,36.08924,1e+06,0.1,70.72,377000 4295000,11,Unsuitable,black,YES,234.256867,2668.788445,60.894358
377000,4295000,CB4MH,29.52756,1e+06,0.1,71.2,377000 4295000,9,Unsuitable,black,YES,234.256867,2668.788445,60.894358
377000,4295000,CB4MH,34.44882,1e+06,0.1,71.05,377000 4295000,10.5,Unsuitable,black,YES,234.256867,2668.788445,60.894358
377000,4295000,CB4MH,3.28084,1e+06,7.25,82.93,377000 4295000,1,Tolerable,yellow,YES,234.256867,2668.788445,60.894358
377000,4295000,CB4MH,8.2021,1e+06,4.84,81.63,377000 4295000,2.5,Suitable,dodgerblue,YES,234.256867,2668.788445,60.894358
377000,4295000,CB4MH,31.16798,1e+06,0.1,71.09,377000 4295000,9.5,Unsuitable,black,YES,234.256867,2668.788445,60.894358
377000,4295000,CB4MH,16.4042,1e+06,0.2,76.17,377000 4295000,5,Unsuitable,black,YES,234.256867,2668.788445,60.894358
377000,4295000,CB4MH,14.76378,1e+06,0.62,78.18,377000 4295000,4.5,Unsuitable,black,YES,234.256867,2668.788445,60.894358
377000,4295000,CB4MH,13.12336,1e+06,1.29,79.35,377000 4295000,4,Unsuitable,black,YES,234.256867,2668.788445,60.894358
377000,4295000,CB4MH,4.92126,1e+06,6.44,82.28,377000 4295000,1.5,Suitable,dodgerblue,YES,234.256867,2668.788445,60.894358
377000,4295000,CB4MH,19.68504,1e+06,0.04,73.2,377000 4295000,6,Unsuitable,black,YES,234.256867,2668.788445,60.894358
377000,4295000,CB4MH,26.24672,1e+06,0.09,71.66,377000 4295000,8,Unsuitable,black,YES,234.256867,2668.788445,60.894358
377000,4295000,CB4MH,32.8084,1e+06,0.1,71.05,377000 4295000,10,Unsuitable,black,YES,234.256867,2668.788445,60.894358
377000,4295000,CB4MH,18.04462,1e+06,0.06,74.2,377000 4295000,5.5,Unsuitable,black,YES,234.256867,2668.788445,60.894358
377000,4295000,CB4MH,21.32546,1e+06,0.04,72.49,377000 4295000,6.5,Unsuitable,black,YES,234.256867,2668.788445,60.894358
377000,4295000,CB4MH,27.88714,1e+06,0.1,71.44,377000 4295000,8.5,Unsuitable,black,YES,234.256867,2668.788445,60.894358
377000,4295000,CB4MH,45.93176,1e+06,0.1,70.7,377000 4295000,14,Unsuitable,black,YES,234.256867,2668.788445,60.894358
377000,4295000,CB4MH,6.56168,1e+06,5.49,81.9,377000 4295000,2,Suitable,dodgerblue,YES,234.256867,2668.788445,60.894358
377000,4295000,CB4MH,0,1e+06,8.18,83.68,377000 4295000,0,Tolerable,yellow,YES,234.256867,2668.788445,60.894358
377000,4295000,CB4MH,1.64042,1e+06,7.84,83.36,377000 4295000,0.5,Tolerable,yellow,YES,234.256867,2668.788445,60.894358
377000,4295000,CB4MH,39.37008,1e+06,0.1,70.72,377000 4295000,12,Unsuitable,black,YES,234.256867,2668.788445,60.894358
377000,4296000,CB4MH,18.04462,1e+06,0.05,73.97,377000 4296000,5.5,Unsuitable,black,YES,234.256867,2669.409816,61.5157289999997
377000,4296000,CB4MH,21.32546,1e+06,0.03,72.24,377000 4296000,6.5,Unsuitable,black,YES,234.256867,2669.409816,61.5157289999997
377000,4296000,CB4MH,36.08924,1e+06,0.1,70.71,377000 4296000,11,Unsuitable,black,YES,234.256867,2669.409816,61.5157289999997
377000,4296000,CB4MH,16.4042,1e+06,0.17,76.07,377000 4296000,5,Unsuitable,black,YES,234.256867,2669.409816,61.5157289999997
377000,4296000,CB4MH,29.52756,1e+06,0.1,71.09,377000 4296000,9,Unsuitable,black,YES,234.256867,2669.409816,61.5157289999997
377000,4296000,CB4MH,1.64042,1e+06,7.81,83.23,377000 4296000,0.5,Tolerable,yellow,YES,234.256867,2669.409816,61.5157289999997
377000,4296000,CB4MH,19.68504,1e+06,0.03,72.95,377000 4296000,6,Unsuitable,black,YES,234.256867,2669.409816,61.5157289999997
377000,4296000,CB4MH,0,1e+06,8.12,83.52,377000 4296000,0,Tolerable,yellow,YES,234.256867,2669.409816,61.5157289999997
377000,4296000,CB4MH,3.28084,1e+06,7.26,82.87,377000 4296000,1,Tolerable,yellow,YES,234.256867,2669.409816,61.5157289999997
377000,4296000,CB4MH,4.92126,1e+06,6.28,82.27,377000 4296000,1.5,Suitable,dodgerblue,YES,234.256867,2669.409816,61.5157289999997
377000,4296000,CB4MH,22.96588,1e+06,0.03,71.92,377000 4296000,7,Unsuitable,black,YES,234.256867,2669.409816,61.5157289999997
377000,4296000,CB4MH,11.48294,1e+06,2.47,80.35,377000 4296000,3.5,Marginal,orange,YES,234.256867,2669.409816,61.5157289999997
377000,4296000,CB4MH,14.76378,1e+06,0.61,78.14,377000 4296000,4.5,Unsuitable,black,YES,234.256867,2669.409816,61.5157289999997
377000,4296000,CB4MH,9.84252,1e+06,3.85,81.2,377000 4296000,3,Tolerable,yellow,YES,234.256867,2669.409816,61.5157289999997
377000,4296000,CB4MH,13.12336,1e+06,1.38,79.33,377000 4296000,4,Unsuitable,black,YES,234.256867,2669.409816,61.5157289999997
377000,4296000,CB4MH,34.44882,1e+06,0.1,70.97,377000 4296000,10.5,Unsuitable,black,YES,234.256867,2669.409816,61.5157289999997
377000,4296000,CB4MH,41.0105,1e+06,0.1,70.7,377000 4296000,12.5,Unsuitable,black,YES,234.256867,2669.409816,61.5157289999997
377000,4296000,CB4MH,31.16798,1e+06,0.1,71.01,377000 4296000,9.5,Unsuitable,black,YES,234.256867,2669.409816,61.5157289999997
377000,4296000,CB4MH,8.2021,1e+06,4.54,81.54,377000 4296000,2.5,Suitable,dodgerblue,YES,234.256867,2669.409816,61.5157289999997
377000,4296000,CB4MH,27.88714,1e+06,0.1,71.31,377000 4296000,8.5,Unsuitable,black,YES,234.256867,2669.409816,61.5157289999997
377000,4296000,CB4MH,32.8084,1e+06,0.1,70.97,377000 4296000,10,Unsuitable,black,YES,234.256867,2669.409816,61.5157289999997
377000,4296000,CB4MH,26.24672,1e+06,0.08,71.5,377000 4296000,8,Unsuitable,black,YES,234.256867,2669.409816,61.5157289999997
377000,4296000,CB4MH,39.37008,1e+06,0.1,70.71,377000 4296000,12,Unsuitable,black,YES,234.256867,2669.409816,61.5157289999997
377000,4296000,CB4MH,6.56168,1e+06,5.18,81.85,377000 4296000,2,Suitable,dodgerblue,YES,234.256867,2669.409816,61.5157289999997
377000,4296000,CB4MH,24.6063,1e+06,0.05,71.6,377000 4296000,7.5,Unsuitable,black,YES,234.256867,2669.409816,61.5157289999997
377000,4296000,CB4MH,37.72966,1e+06,0.1,70.71,377000 4296000,11.5,Unsuitable,black,YES,234.256867,2669.409816,61.5157289999997
378000,4260000,CB4MH,42.65092,1e+06,0.95,72.98,378000 4260000,13,Unsuitable,black,YES,234.878238,2647.04046,39.146373
378000,4260000,CB4MH,3.28084,1e+06,7.3,82.95,378000 4260000,1,Tolerable,yellow,YES,234.878238,2647.04046,39.146373
378000,4260000,CB4MH,13.12336,1e+06,3.56,80.29,378000 4260000,4,Tolerable,yellow,YES,234.878238,2647.04046,39.146373
378000,4260000,CB4MH,24.6063,1e+06,0.13,73.19,378000 4260000,7.5,Unsuitable,black,YES,234.878238,2647.04046,39.146373
378000,4260000,CB4MH,37.72966,1e+06,0.42,72.35,378000 4260000,11.5,Unsuitable,black,YES,234.878238,2647.04046,39.146373
378000,4260000,CB4MH,0,1e+06,7.44,83.07,378000 4260000,0,Tolerable,yellow,YES,234.878238,2647.04046,39.146373
378000,4260000,CB4MH,29.52756,1e+06,0.19,72.29,378000 4260000,9,Unsuitable,black,YES,234.878238,2647.04046,39.146373
378000,4260000,CB4MH,39.37008,1e+06,0.48,72.35,378000 4260000,12,Unsuitable,black,YES,234.878238,2647.04046,39.146373
378000,4260000,CB4MH,18.04462,1e+06,1.77,76.31,378000 4260000,5.5,Unsuitable,black,YES,234.878238,2647.04046,39.146373
378000,4260000,CB4MH,14.76378,1e+06,2.79,79.17,378000 4260000,4.5,Marginal,orange,YES,234.878238,2647.04046,39.146373
378000,4260000,CB4MH,41.0105,1e+06,0.57,72.46,378000 4260000,12.5,Unsuitable,black,YES,234.878238,2647.04046,39.146373
378000,4260000,CB4MH,26.24672,1e+06,0.14,72.93,378000 4260000,8,Unsuitable,black,YES,234.878238,2647.04046,39.146373
378000,4260000,CB4MH,32.8084,1e+06,0.33,72.32,378000 4260000,10,Unsuitable,black,YES,234.878238,2647.04046,39.146373
378000,4260000,CB4MH,16.4042,1e+06,2.36,77.99,378000 4260000,5,Marginal,orange,YES,234.878238,2647.04046,39.146373
378000,4260000,CB4MH,9.84252,1e+06,5.39,81.95,378000 4260000,3,Suitable,dodgerblue,YES,234.878238,2647.04046,39.146373
378000,4260000,CB4MH,34.44882,1e+06,0.35,72.32,378000 4260000,10.5,Unsuitable,black,YES,234.878238,2647.04046,39.146373
378000,4260000,CB4MH,22.96588,1e+06,0.24,73.6,378000 4260000,7,Unsuitable,black,YES,234.878238,2647.04046,39.146373
378000,4260000,CB4MH,6.56168,1e+06,6.97,82.88,378000 4260000,2,Tolerable,yellow,YES,234.878238,2647.04046,39.146373
378000,4260000,CB4MH,19.68504,1e+06,1.28,75.09,378000 4260000,6,Unsuitable,black,YES,234.878238,2647.04046,39.146373
378000,4260000,CB4MH,27.88714,1e+06,0.19,72.59,378000 4260000,8.5,Unsuitable,black,YES,234.878238,2647.04046,39.146373
378000,4260000,CB4MH,36.08924,1e+06,0.37,72.34,378000 4260000,11,Unsuitable,black,YES,234.878238,2647.04046,39.146373
378000,4260000,CB4MH,21.32546,1e+06,0.66,74.24,378000 4260000,6.5,Unsuitable,black,YES,234.878238,2647.04046,39.146373
378000,4260000,CB4MH,31.16798,1e+06,0.3,72.31,378000 4260000,9.5,Unsuitable,black,YES,234.878238,2647.04046,39.146373
378000,4260000,CB4MH,4.92126,1e+06,7.15,82.95,378000 4260000,1.5,Tolerable,yellow,YES,234.878238,2647.04046,39.146373
378000,4260000,CB4MH,1.64042,1e+06,7.4,83,378000 4260000,0.5,Tolerable,yellow,YES,234.878238,2647.04046,39.146373
378000,4260000,CB4MH,11.48294,1e+06,4.48,81.22,378000 4260000,3.5,Suitable,dodgerblue,YES,234.878238,2647.04046,39.146373
378000,4260000,CB4MH,8.2021,1e+06,6.29,82.54,378000 4260000,2.5,Tolerable,yellow,YES,234.878238,2647.04046,39.146373
378000,4261000,CB4MH,29.52756,1e+06,0.15,72.24,378000 4261000,9,Unsuitable,black,YES,234.878238,2647.661831,39.7677439999998
378000,4261000,CB4MH,4.92126,1e+06,7.18,82.94,378000 4261000,1.5,Tolerable,yellow,YES,234.878238,2647.661831,39.7677439999998
378000,4261000,CB4MH,37.72966,1e+06,0.36,72.24,378000 4261000,11.5,Unsuitable,black,YES,234.878238,2647.661831,39.7677439999998
378000,4261000,CB4MH,27.88714,1e+06,0.15,72.6,378000 4261000,8.5,Unsuitable,black,YES,234.878238,2647.661831,39.7677439999998
378000,4261000,CB4MH,9.84252,1e+06,5.49,81.99,378000 4261000,3,Suitable,dodgerblue,YES,234.878238,2647.661831,39.7677439999998
378000,4261000,CB4MH,36.08924,1e+06,0.32,72.23,378000 4261000,11,Unsuitable,black,YES,234.878238,2647.661831,39.7677439999998
378000,4261000,CB4MH,34.44882,1e+06,0.31,72.21,378000 4261000,10.5,Unsuitable,black,YES,234.878238,2647.661831,39.7677439999998
378000,4261000,CB4MH,32.8084,1e+06,0.29,72.21,378000 4261000,10,Unsuitable,black,YES,234.878238,2647.661831,39.7677439999998
378000,4261000,CB4MH,6.56168,1e+06,7.01,82.89,378000 4261000,2,Tolerable,yellow,YES,234.878238,2647.661831,39.7677439999998
378000,4261000,CB4MH,26.24672,1e+06,0.11,72.98,378000 4261000,8,Unsuitable,black,YES,234.878238,2647.661831,39.7677439999998
378000,4261000,CB4MH,3.28084,1e+06,7.31,82.93,378000 4261000,1,Tolerable,yellow,YES,234.878238,2647.661831,39.7677439999998
378000,4261000,CB4MH,0,1e+06,7.43,83.06,378000 4261000,0,Tolerable,yellow,YES,234.878238,2647.661831,39.7677439999998
378000,4261000,CB4MH,22.96588,1e+06,0.23,73.72,378000 4261000,7,Unsuitable,black,YES,234.878238,2647.661831,39.7677439999998
378000,4261000,CB4MH,16.4042,1e+06,2.58,78.29,378000 4261000,5,Marginal,orange,YES,234.878238,2647.661831,39.7677439999998
378000,4261000,CB4MH,11.48294,1e+06,4.65,81.31,378000 4261000,3.5,Suitable,dodgerblue,YES,234.878238,2647.661831,39.7677439999998
378000,4261000,CB4MH,18.04462,1e+06,1.98,76.67,378000 4261000,5.5,Unsuitable,black,YES,234.878238,2647.661831,39.7677439999998
378000,4261000,CB4MH,19.68504,1e+06,1.42,75.4,378000 4261000,6,Unsuitable,black,YES,234.878238,2647.661831,39.7677439999998
378000,4261000,CB4MH,1.64042,1e+06,7.4,82.98,378000 4261000,0.5,Tolerable,yellow,YES,234.878238,2647.661831,39.7677439999998
378000,4261000,CB4MH,31.16798,1e+06,0.27,72.21,378000 4261000,9.5,Unsuitable,black,YES,234.878238,2647.661831,39.7677439999998
378000,4261000,CB4MH,8.2021,1e+06,6.35,82.55,378000 4261000,2.5,Tolerable,yellow,YES,234.878238,2647.661831,39.7677439999998
378000,4261000,CB4MH,24.6063,1e+06,0.11,73.27,378000 4261000,7.5,Unsuitable,black,YES,234.878238,2647.661831,39.7677439999998
378000,4261000,CB4MH,21.32546,1e+06,0.7,74.46,378000 4261000,6.5,Unsuitable,black,YES,234.878238,2647.661831,39.7677439999998
378000,4261000,CB4MH,14.76378,1e+06,2.94,79.31,378000 4261000,4.5,Marginal,orange,YES,234.878238,2647.661831,39.7677439999998
378000,4261000,CB4MH,13.12336,1e+06,3.72,80.41,378000 4261000,4,Tolerable,yellow,YES,234.878238,2647.661831,39.7677439999998
378000,4297000,CB4MH,1.64042,1e+06,7.59,82.83,378000 4297000,0.5,Tolerable,yellow,YES,234.878238,2670.031187,62.1370999999999
378000,4297000,CB4MH,29.52756,1e+06,0.1,70.93,378000 4297000,9,Unsuitable,black,YES,234.878238,2670.031187,62.1370999999999
378000,4297000,CB4MH,14.76378,1e+06,0.59,78.06,378000 4297000,4.5,Unsuitable,black,YES,234.878238,2670.031187,62.1370999999999
378000,4297000,CB4MH,3.28084,1e+06,7.22,82.73,378000 4297000,1,Tolerable,yellow,YES,234.878238,2670.031187,62.1370999999999
378000,4297000,CB4MH,27.88714,1e+06,0.1,71.11,378000 4297000,8.5,Unsuitable,black,YES,234.878238,2670.031187,62.1370999999999
378000,4297000,CB4MH,26.24672,1e+06,0.08,71.26,378000 4297000,8,Unsuitable,black,YES,234.878238,2670.031187,62.1370999999999
378000,4297000,CB4MH,13.12336,1e+06,1.51,79.29,378000 4297000,4,Unsuitable,black,YES,234.878238,2670.031187,62.1370999999999
378000,4297000,CB4MH,21.32546,1e+06,0.02,71.86,378000 4297000,6.5,Unsuitable,black,YES,234.878238,2670.031187,62.1370999999999
378000,4297000,CB4MH,34.44882,1e+06,0.1,70.86,378000 4297000,10.5,Unsuitable,black,YES,234.878238,2670.031187,62.1370999999999
378000,4297000,CB4MH,24.6063,1e+06,0.04,71.36,378000 4297000,7.5,Unsuitable,black,YES,234.878238,2670.031187,62.1370999999999
378000,4297000,CB4MH,0,1e+06,7.8,83.03,378000 4297000,0,Tolerable,yellow,YES,234.878238,2670.031187,62.1370999999999
378000,4297000,CB4MH,45.93176,1e+06,0.1,70.7,378000 4297000,14,Unsuitable,black,YES,234.878238,2670.031187,62.1370999999999
378000,4297000,CB4MH,22.96588,1e+06,0.02,71.63,378000 4297000,7,Unsuitable,black,YES,234.878238,2670.031187,62.1370999999999
378000,4297000,CB4MH,42.65092,1e+06,0.1,70.7,378000 4297000,13,Unsuitable,black,YES,234.878238,2670.031187,62.1370999999999
378000,4297000,CB4MH,39.37008,1e+06,0.1,70.7,378000 4297000,12,Unsuitable,black,YES,234.878238,2670.031187,62.1370999999999
378000,4297000,CB4MH,19.68504,1e+06,0.02,72.56,378000 4297000,6,Unsuitable,black,YES,234.878238,2670.031187,62.1370999999999
378000,4297000,CB4MH,41.0105,1e+06,0.1,70.7,378000 4297000,12.5,Unsuitable,black,YES,234.878238,2670.031187,62.1370999999999
378000,4297000,CB4MH,31.16798,1e+06,0.1,70.88,378000 4297000,9.5,Unsuitable,black,YES,234.878238,2670.031187,62.1370999999999
378000,4297000,CB4MH,49.2126,1e+06,0.1,70.7,378000 4297000,15,Unsuitable,black,YES,234.878238,2670.031187,62.1370999999999
378000,4297000,CB4MH,18.04462,1e+06,0.03,73.62,378000 4297000,5.5,Unsuitable,black,YES,234.878238,2670.031187,62.1370999999999
378000,4297000,CB4MH,9.84252,1e+06,3.4,80.84,378000 4297000,3,Tolerable,yellow,YES,234.878238,2670.031187,62.1370999999999
378000,4297000,CB4MH,47.57218,1e+06,0.1,70.7,378000 4297000,14.5,Unsuitable,black,YES,234.878238,2670.031187,62.1370999999999
378000,4297000,CB4MH,37.72966,1e+06,0.1,70.7,378000 4297000,11.5,Unsuitable,black,YES,234.878238,2670.031187,62.1370999999999
378000,4297000,CB4MH,6.56168,1e+06,4.7,81.68,378000 4297000,2,Suitable,dodgerblue,YES,234.878238,2670.031187,62.1370999999999
378000,4297000,CB4MH,11.48294,1e+06,2.54,80.28,378000 4297000,3.5,Marginal,orange,YES,234.878238,2670.031187,62.1370999999999
378000,4297000,CB4MH,32.8084,1e+06,0.1,70.86,378000 4297000,10,Unsuitable,black,YES,234.878238,2670.031187,62.1370999999999
378000,4297000,CB4MH,8.2021,1e+06,4.05,81.28,378000 4297000,2.5,Suitable,dodgerblue,YES,234.878238,2670.031187,62.1370999999999
378000,4297000,CB4MH,44.29134,1e+06,0.1,70.7,378000 4297000,13.5,Unsuitable,black,YES,234.878238,2670.031187,62.1370999999999
378000,4297000,CB4MH,16.4042,1e+06,0.12,75.89,378000 4297000,5,Unsuitable,black,YES,234.878238,2670.031187,62.1370999999999
378000,4297000,CB4MH,36.08924,1e+06,0.1,70.7,378000 4297000,11,Unsuitable,black,YES,234.878238,2670.031187,62.1370999999999
378000,4297000,CB4MH,4.92126,1e+06,6.02,82.16,378000 4297000,1.5,Suitable,dodgerblue,YES,234.878238,2670.031187,62.1370999999999
378000,4298000,CB4MH,3.28084,1e+06,7.24,82.63,378000 4298000,1,Tolerable,yellow,YES,234.878238,2670.652558,62.7584710000001
378000,4298000,CB4MH,4.92126,1e+06,5.81,82.03,378000 4298000,1.5,Suitable,dodgerblue,YES,234.878238,2670.652558,62.7584710000001
378000,4298000,CB4MH,36.08924,1e+06,0.1,70.7,378000 4298000,11,Unsuitable,black,YES,234.878238,2670.652558,62.7584710000001
378000,4298000,CB4MH,29.52756,1e+06,0.1,70.75,378000 4298000,9,Unsuitable,black,YES,234.878238,2670.652558,62.7584710000001
378000,4298000,CB4MH,1.64042,1e+06,7.6,82.65,378000 4298000,0.5,Tolerable,yellow,YES,234.878238,2670.652558,62.7584710000001
378000,4298000,CB4MH,34.44882,1e+06,0.1,70.73,378000 4298000,10.5,Unsuitable,black,YES,234.878238,2670.652558,62.7584710000001
378000,4298000,CB4MH,37.72966,1e+06,0.1,70.7,378000 4298000,11.5,Unsuitable,black,YES,234.878238,2670.652558,62.7584710000001
378000,4298000,CB4MH,18.04462,1e+06,0.01,73.21,378000 4298000,5.5,Unsuitable,black,YES,234.878238,2670.652558,62.7584710000001
378000,4298000,CB4MH,0,1e+06,7.8,82.85,378000 4298000,0,Tolerable,yellow,YES,234.878238,2670.652558,62.7584710000001
378000,4298000,CB4MH,11.48294,1e+06,2.63,80.22,378000 4298000,3.5,Marginal,orange,YES,234.878238,2670.652558,62.7584710000001
378000,4298000,CB4MH,6.56168,1e+06,4.3,81.54,378000 4298000,2,Suitable,dodgerblue,YES,234.878238,2670.652558,62.7584710000001
378000,4298000,CB4MH,27.88714,1e+06,0.1,70.86,378000 4298000,8.5,Unsuitable,black,YES,234.878238,2670.652558,62.7584710000001
378000,4298000,CB4MH,31.16798,1e+06,0.1,70.74,378000 4298000,9.5,Unsuitable,black,YES,234.878238,2670.652558,62.7584710000001
378000,4298000,CB4MH,13.12336,1e+06,1.66,79.22,378000 4298000,4,Unsuitable,black,YES,234.878238,2670.652558,62.7584710000001
378000,4298000,CB4MH,21.32546,1e+06,0,71.41,378000 4298000,6.5,Unsuitable,black,YES,234.878238,2670.652558,62.7584710000001
378000,4298000,CB4MH,19.68504,1e+06,0,72.11,378000 4298000,6,Unsuitable,black,YES,234.878238,2670.652558,62.7584710000001
378000,4298000,CB4MH,22.96588,1e+06,0,71.29,378000 4298000,7,Unsuitable,black,YES,234.878238,2670.652558,62.7584710000001
378000,4298000,CB4MH,14.76378,1e+06,0.56,77.94,378000 4298000,4.5,Unsuitable,black,YES,234.878238,2670.652558,62.7584710000001
378000,4298000,CB4MH,26.24672,1e+06,0.08,70.97,378000 4298000,8,Unsuitable,black,YES,234.878238,2670.652558,62.7584710000001
378000,4298000,CB4MH,9.84252,1e+06,3.12,80.57,378000 4298000,3,Tolerable,yellow,YES,234.878238,2670.652558,62.7584710000001
378000,4298000,CB4MH,8.2021,1e+06,3.69,81.06,378000 4298000,2.5,Tolerable,yellow,YES,234.878238,2670.652558,62.7584710000001
378000,4298000,CB4MH,16.4042,1e+06,0.06,75.66,378000 4298000,5,Unsuitable,black,YES,234.878238,2670.652558,62.7584710000001
378000,4298000,CB4MH,24.6063,1e+06,0.03,71.07,378000 4298000,7.5,Unsuitable,black,YES,234.878238,2670.652558,62.7584710000001
378000,4298000,CB4MH,32.8084,1e+06,0.1,70.73,378000 4298000,10,Unsuitable,black,YES,234.878238,2670.652558,62.7584710000001
378000,4300000,CB4MH,8.2021,1e+06,4,81.28,378000 4300000,2.5,Suitable,dodgerblue,YES,234.878238,2671.8953,64.001213
378000,4300000,CB4MH,9.84252,1e+06,3.36,80.85,378000 4300000,3,Tolerable,yellow,YES,234.878238,2671.8953,64.001213
378000,4300000,CB4MH,11.48294,1e+06,2.55,80.29,378000 4300000,3.5,Marginal,orange,YES,234.878238,2671.8953,64.001213
378000,4300000,CB4MH,19.68504,1e+06,0.02,72.52,378000 4300000,6,Unsuitable,black,YES,234.878238,2671.8953,64.001213
378000,4300000,CB4MH,14.76378,1e+06,0.59,78.07,378000 4300000,4.5,Unsuitable,black,YES,234.878238,2671.8953,64.001213
378000,4300000,CB4MH,27.88714,1e+06,0.1,71.08,378000 4300000,8.5,Unsuitable,black,YES,234.878238,2671.8953,64.001213
378000,4300000,CB4MH,6.56168,1e+06,4.64,81.69,378000 4300000,2,Suitable,dodgerblue,YES,234.878238,2671.8953,64.001213
378000,4300000,CB4MH,31.16798,1e+06,0.1,70.87,378000 4300000,9.5,Unsuitable,black,YES,234.878238,2671.8953,64.001213
378000,4300000,CB4MH,13.12336,1e+06,1.53,79.3,378000 4300000,4,Unsuitable,black,YES,234.878238,2671.8953,64.001213
378000,4300000,CB4MH,0,1e+06,7.82,83.09,378000 4300000,0,Tolerable,yellow,YES,234.878238,2671.8953,64.001213
378000,4300000,CB4MH,4.92126,1e+06,5.99,82.17,378000 4300000,1.5,Suitable,dodgerblue,YES,234.878238,2671.8953,64.001213
378000,4300000,CB4MH,24.6063,1e+06,0.04,71.33,378000 4300000,7.5,Unsuitable,black,YES,234.878238,2671.8953,64.001213
378000,4300000,CB4MH,26.24672,1e+06,0.08,71.23,378000 4300000,8,Unsuitable,black,YES,234.878238,2671.8953,64.001213
378000,4300000,CB4MH,3.28084,1e+06,7.2,82.75,378000 4300000,1,Tolerable,yellow,YES,234.878238,2671.8953,64.001213
378000,4300000,CB4MH,29.52756,1e+06,0.1,70.92,378000 4300000,9,Unsuitable,black,YES,234.878238,2671.8953,64.001213
378000,4300000,CB4MH,1.64042,1e+06,7.59,82.87,378000 4300000,0.5,Tolerable,yellow,YES,234.878238,2671.8953,64.001213
378000,4300000,CB4MH,22.96588,1e+06,0.02,71.6,378000 4300000,7,Unsuitable,black,YES,234.878238,2671.8953,64.001213
378000,4300000,CB4MH,18.04462,1e+06,0.03,73.61,378000 4300000,5.5,Unsuitable,black,YES,234.878238,2671.8953,64.001213
378000,4300000,CB4MH,16.4042,1e+06,0.12,75.9,378000 4300000,5,Unsuitable,black,YES,234.878238,2671.8953,64.001213
378000,4300000,CB4MH,21.32546,1e+06,0.02,71.82,378000 4300000,6.5,Unsuitable,black,YES,234.878238,2671.8953,64.001213
378000,4301000,CB4MH,21.32546,1e+06,0.03,72.1,378000 4301000,6.5,Unsuitable,black,YES,234.878238,2672.516671,64.6225839999997
378000,4301000,CB4MH,8.2021,1e+06,4.18,81.44,378000 4301000,2.5,Suitable,dodgerblue,YES,234.878238,2672.516671,64.6225839999997
378000,4301000,CB4MH,4.92126,1e+06,6.1,82.28,378000 4301000,1.5,Suitable,dodgerblue,YES,234.878238,2672.516671,64.6225839999997
378000,4301000,CB4MH,34.44882,1e+06,0.1,70.93,378000 4301000,10.5,Unsuitable,black,YES,234.878238,2672.516671,64.6225839999997
378000,4301000,CB4MH,14.76378,1e+06,0.62,78.16,378000 4301000,4.5,Unsuitable,black,YES,234.878238,2672.516671,64.6225839999997
378000,4301000,CB4MH,27.88714,1e+06,0.1,71.23,378000 4301000,8.5,Unsuitable,black,YES,234.878238,2672.516671,64.6225839999997
378000,4301000,CB4MH,22.96588,1e+06,0.03,71.81,378000 4301000,7,Unsuitable,black,YES,234.878238,2672.516671,64.6225839999997
378000,4301000,CB4MH,6.56168,1e+06,4.83,81.81,378000 4301000,2,Suitable,dodgerblue,YES,234.878238,2672.516671,64.6225839999997
378000,4301000,CB4MH,32.8084,1e+06,0.1,70.93,378000 4301000,10,Unsuitable,black,YES,234.878238,2672.516671,64.6225839999997
378000,4301000,CB4MH,29.52756,1e+06,0.1,71.03,378000 4301000,9,Unsuitable,black,YES,234.878238,2672.516671,64.6225839999997
378000,4301000,CB4MH,24.6063,1e+06,0.05,71.51,378000 4301000,7.5,Unsuitable,black,YES,234.878238,2672.516671,64.6225839999997
378000,4301000,CB4MH,16.4042,1e+06,0.16,76.07,378000 4301000,5,Unsuitable,black,YES,234.878238,2672.516671,64.6225839999997
378000,4301000,CB4MH,26.24672,1e+06,0.08,71.41,378000 4301000,8,Unsuitable,black,YES,234.878238,2672.516671,64.6225839999997
378000,4301000,CB4MH,11.48294,1e+06,2.51,80.36,378000 4301000,3.5,Marginal,orange,YES,234.878238,2672.516671,64.6225839999997
378000,4301000,CB4MH,3.28084,1e+06,7.15,82.85,378000 4301000,1,Tolerable,yellow,YES,234.878238,2672.516671,64.6225839999997
378000,4301000,CB4MH,1.64042,1e+06,7.59,83.05,378000 4301000,0.5,Tolerable,yellow,YES,234.878238,2672.516671,64.6225839999997
378000,4301000,CB4MH,31.16798,1e+06,0.1,70.96,378000 4301000,9.5,Unsuitable,black,YES,234.878238,2672.516671,64.6225839999997
378000,4301000,CB4MH,19.68504,1e+06,0.03,72.81,378000 4301000,6,Unsuitable,black,YES,234.878238,2672.516671,64.6225839999997
378000,4301000,CB4MH,36.08924,1e+06,0.1,70.71,378000 4301000,11,Unsuitable,black,YES,234.878238,2672.516671,64.6225839999997
378000,4301000,CB4MH,18.04462,1e+06,0.05,73.91,378000 4301000,5.5,Unsuitable,black,YES,234.878238,2672.516671,64.6225839999997
378000,4301000,CB4MH,9.84252,1e+06,3.51,81.04,378000 4301000,3,Tolerable,yellow,YES,234.878238,2672.516671,64.6225839999997
378000,4301000,CB4MH,37.72966,1e+06,0.1,70.71,378000 4301000,11.5,Unsuitable,black,YES,234.878238,2672.516671,64.6225839999997
378000,4301000,CB4MH,13.12336,1e+06,1.44,79.35,378000 4301000,4,Unsuitable,black,YES,234.878238,2672.516671,64.6225839999997
378000,4301000,CB4MH,0,1e+06,7.84,83.29,378000 4301000,0,Tolerable,yellow,YES,234.878238,2672.516671,64.6225839999997
378000,4302000,CB4MH,18.04462,1e+06,0.06,74.13,378000 4302000,5.5,Unsuitable,black,YES,234.878238,2673.138042,65.2439549999999
378000,4302000,CB4MH,1.64042,1e+06,7.57,83.21,378000 4302000,0.5,Tolerable,yellow,YES,234.878238,2673.138042,65.2439549999999
378000,4302000,CB4MH,9.84252,1e+06,3.58,81.19,378000 4302000,3,Tolerable,yellow,YES,234.878238,2673.138042,65.2439549999999
378000,4302000,CB4MH,31.16798,1e+06,0.1,71.02,378000 4302000,9.5,Unsuitable,black,YES,234.878238,2673.138042,65.2439549999999
378000,4302000,CB4MH,37.72966,1e+06,0.1,70.71,378000 4302000,11.5,Unsuitable,black,YES,234.878238,2673.138042,65.2439549999999
378000,4302000,CB4MH,39.37008,1e+06,0.1,70.71,378000 4302000,12,Unsuitable,black,YES,234.878238,2673.138042,65.2439549999999
378000,4302000,CB4MH,34.44882,1e+06,0.1,70.98,378000 4302000,10.5,Unsuitable,black,YES,234.878238,2673.138042,65.2439549999999
378000,4302000,CB4MH,13.12336,1e+06,1.38,79.4,378000 4302000,4,Unsuitable,black,YES,234.878238,2673.138042,65.2439549999999
378000,4302000,CB4MH,6.56168,1e+06,4.92,81.91,378000 4302000,2,Suitable,dodgerblue,YES,234.878238,2673.138042,65.2439549999999
378000,4302000,CB4MH,0,1e+06,7.85,83.46,378000 4302000,0,Tolerable,yellow,YES,234.878238,2673.138042,65.2439549999999
378000,4302000,CB4MH,22.96588,1e+06,0.03,71.95,378000 4302000,7,Unsuitable,black,YES,234.878238,2673.138042,65.2439549999999
378000,4302000,CB4MH,11.48294,1e+06,2.49,80.41,378000 4302000,3.5,Marginal,orange,YES,234.878238,2673.138042,65.2439549999999
378000,4302000,CB4MH,14.76378,1e+06,0.63,78.23,378000 4302000,4.5,Unsuitable,black,YES,234.878238,2673.138042,65.2439549999999
378000,4302000,CB4MH,4.92126,1e+06,6.14,82.38,378000 4302000,1.5,Suitable,dodgerblue,YES,234.878238,2673.138042,65.2439549999999
378000,4302000,CB4MH,19.68504,1e+06,0.03,73.01,378000 4302000,6,Unsuitable,black,YES,234.878238,2673.138042,65.2439549999999
378000,4302000,CB4MH,3.28084,1e+06,7.09,82.95,378000 4302000,1,Tolerable,yellow,YES,234.878238,2673.138042,65.2439549999999
378000,4302000,CB4MH,21.32546,1e+06,0.03,72.29,378000 4302000,6.5,Unsuitable,black,YES,234.878238,2673.138042,65.2439549999999
378000,4302000,CB4MH,16.4042,1e+06,0.19,76.19,378000 4302000,5,Unsuitable,black,YES,234.878238,2673.138042,65.2439549999999
378000,4302000,CB4MH,8.2021,1e+06,4.26,81.56,378000 4302000,2.5,Suitable,dodgerblue,YES,234.878238,2673.138042,65.2439549999999
378000,4302000,CB4MH,36.08924,1e+06,0.1,70.71,378000 4302000,11,Unsuitable,black,YES,234.878238,2673.138042,65.2439549999999
378000,4302000,CB4MH,24.6063,1e+06,0.05,71.63,378000 4302000,7.5,Unsuitable,black,YES,234.878238,2673.138042,65.2439549999999
378000,4302000,CB4MH,32.8084,1e+06,0.1,70.99,378000 4302000,10,Unsuitable,black,YES,234.878238,2673.138042,65.2439549999999
378000,4302000,CB4MH,29.52756,1e+06,0.1,71.11,378000 4302000,9,Unsuitable,black,YES,234.878238,2673.138042,65.2439549999999
378000,4302000,CB4MH,26.24672,1e+06,0.08,71.52,378000 4302000,8,Unsuitable,black,YES,234.878238,2673.138042,65.2439549999999
378000,4302000,CB4MH,27.88714,1e+06,0.1,71.33,378000 4302000,8.5,Unsuitable,black,YES,234.878238,2673.138042,65.2439549999999
379000,4259000,CB4MH,1.64042,1e+06,7.4,83.03,379000 4259000,0.5,Tolerable,yellow,YES,235.499609,2646.419089,38.5250019999999
379000,4259000,CB4MH,27.88714,1e+06,0.27,72.76,379000 4259000,8.5,Unsuitable,black,YES,235.499609,2646.419089,38.5250019999999
379000,4259000,CB4MH,0,1e+06,7.45,83.09,379000 4259000,0,Tolerable,yellow,YES,235.499609,2646.419089,38.5250019999999
379000,4259000,CB4MH,16.4042,1e+06,2.13,77.69,379000 4259000,5,Marginal,orange,YES,235.499609,2646.419089,38.5250019999999
379000,4259000,CB4MH,24.6063,1e+06,0.19,73.26,379000 4259000,7.5,Unsuitable,black,YES,235.499609,2646.419089,38.5250019999999
379000,4259000,CB4MH,3.28084,1e+06,7.28,82.98,379000 4259000,1,Tolerable,yellow,YES,235.499609,2646.419089,38.5250019999999
379000,4259000,CB4MH,18.04462,1e+06,1.53,75.89,379000 4259000,5.5,Unsuitable,black,YES,235.499609,2646.419089,38.5250019999999
379000,4259000,CB4MH,36.08924,1e+06,0.45,72.5,379000 4259000,11,Unsuitable,black,YES,235.499609,2646.419089,38.5250019999999
379000,4259000,CB4MH,31.16798,1e+06,0.36,72.47,379000 4259000,9.5,Unsuitable,black,YES,235.499609,2646.419089,38.5250019999999
379000,4259000,CB4MH,22.96588,1e+06,0.29,73.61,379000 4259000,7,Unsuitable,black,YES,235.499609,2646.419089,38.5250019999999
379000,4259000,CB4MH,21.32546,1e+06,0.63,74.09,379000 4259000,6.5,Unsuitable,black,YES,235.499609,2646.419089,38.5250019999999
379000,4259000,CB4MH,14.76378,1e+06,2.61,78.99,379000 4259000,4.5,Marginal,orange,YES,235.499609,2646.419089,38.5250019999999
379000,4259000,CB4MH,26.24672,1e+06,0.21,73.03,379000 4259000,8,Unsuitable,black,YES,235.499609,2646.419089,38.5250019999999
379000,4259000,CB4MH,37.72966,1e+06,0.51,72.51,379000 4259000,11.5,Unsuitable,black,YES,235.499609,2646.419089,38.5250019999999
379000,4259000,CB4MH,32.8084,1e+06,0.39,72.48,379000 4259000,10,Unsuitable,black,YES,235.499609,2646.419089,38.5250019999999
379000,4259000,CB4MH,29.52756,1e+06,0.27,72.53,379000 4259000,9,Unsuitable,black,YES,235.499609,2646.419089,38.5250019999999
379000,4259000,CB4MH,9.84252,1e+06,5.19,81.88,379000 4259000,3,Suitable,dodgerblue,YES,235.499609,2646.419089,38.5250019999999
379000,4259000,CB4MH,6.56168,1e+06,6.9,82.88,379000 4259000,2,Tolerable,yellow,YES,235.499609,2646.419089,38.5250019999999
379000,4259000,CB4MH,34.44882,1e+06,0.42,72.48,379000 4259000,10.5,Unsuitable,black,YES,235.499609,2646.419089,38.5250019999999
379000,4259000,CB4MH,8.2021,1e+06,6.18,82.5,379000 4259000,2.5,Tolerable,yellow,YES,235.499609,2646.419089,38.5250019999999
379000,4259000,CB4MH,19.68504,1e+06,1.13,74.78,379000 4259000,6,Unsuitable,black,YES,235.499609,2646.419089,38.5250019999999
379000,4259000,CB4MH,39.37008,1e+06,0.59,72.51,379000 4259000,12,Unsuitable,black,YES,235.499609,2646.419089,38.5250019999999
379000,4259000,CB4MH,11.48294,1e+06,4.19,81.05,379000 4259000,3.5,Suitable,dodgerblue,YES,235.499609,2646.419089,38.5250019999999
379000,4259000,CB4MH,13.12336,1e+06,3.33,80.08,379000 4259000,4,Tolerable,yellow,YES,235.499609,2646.419089,38.5250019999999
379000,4259000,CB4MH,4.92126,1e+06,7.11,82.97,379000 4259000,1.5,Tolerable,yellow,YES,235.499609,2646.419089,38.5250019999999
379000,4299000,CB4MH,4.92126,1e+06,5.88,82.09,379000 4299000,1.5,Suitable,dodgerblue,YES,235.499609,2671.273929,63.3798419999998
379000,4299000,CB4MH,9.84252,1e+06,3.21,80.67,379000 4299000,3,Tolerable,yellow,YES,235.499609,2671.273929,63.3798419999998
379000,4299000,CB4MH,6.56168,1e+06,4.45,81.6,379000 4299000,2,Suitable,dodgerblue,YES,235.499609,2671.273929,63.3798419999998
379000,4299000,CB4MH,8.2021,1e+06,3.82,81.14,379000 4299000,2.5,Tolerable,yellow,YES,235.499609,2671.273929,63.3798419999998
379000,4299000,CB4MH,1.64042,1e+06,7.56,82.69,379000 4299000,0.5,Tolerable,yellow,YES,235.499609,2671.273929,63.3798419999998
379000,4299000,CB4MH,0,1e+06,7.76,82.88,379000 4299000,0,Tolerable,yellow,YES,235.499609,2671.273929,63.3798419999998
379000,4299000,CB4MH,3.28084,1e+06,7.22,82.67,379000 4299000,1,Tolerable,yellow,YES,235.499609,2671.273929,63.3798419999998
379000,4299000,CB4MH,13.12336,1e+06,1.6,79.25,379000 4299000,4,Unsuitable,black,YES,235.499609,2671.273929,63.3798419999998
379000,4299000,CB4MH,29.52756,1e+06,0.1,70.83,379000 4299000,9,Unsuitable,black,YES,235.499609,2671.273929,63.3798419999998
379000,4299000,CB4MH,32.8084,1e+06,0.1,70.79,379000 4299000,10,Unsuitable,black,YES,235.499609,2671.273929,63.3798419999998
379000,4299000,CB4MH,21.32546,1e+06,0.01,71.61,379000 4299000,6.5,Unsuitable,black,YES,235.499609,2671.273929,63.3798419999998
379000,4299000,CB4MH,22.96588,1e+06,0.01,71.44,379000 4299000,7,Unsuitable,black,YES,235.499609,2671.273929,63.3798419999998
379000,4299000,CB4MH,14.76378,1e+06,0.58,78,379000 4299000,4.5,Unsuitable,black,YES,235.499609,2671.273929,63.3798419999998
379000,4299000,CB4MH,26.24672,1e+06,0.08,71.1,379000 4299000,8,Unsuitable,black,YES,235.499609,2671.273929,63.3798419999998
379000,4299000,CB4MH,31.16798,1e+06,0.1,70.8,379000 4299000,9.5,Unsuitable,black,YES,235.499609,2671.273929,63.3798419999998
379000,4299000,CB4MH,16.4042,1e+06,0.09,75.77,379000 4299000,5,Unsuitable,black,YES,235.499609,2671.273929,63.3798419999998
379000,4299000,CB4MH,18.04462,1e+06,0.02,73.4,379000 4299000,5.5,Unsuitable,black,YES,235.499609,2671.273929,63.3798419999998
379000,4299000,CB4MH,19.68504,1e+06,0.01,72.31,379000 4299000,6,Unsuitable,black,YES,235.499609,2671.273929,63.3798419999998
379000,4299000,CB4MH,27.88714,1e+06,0.1,70.97,379000 4299000,8.5,Unsuitable,black,YES,235.499609,2671.273929,63.3798419999998
379000,4299000,CB4MH,24.6063,1e+06,0.03,71.2,379000 4299000,7.5,Unsuitable,black,YES,235.499609,2671.273929,63.3798419999998
379000,4299000,CB4MH,34.44882,1e+06,0.1,70.79,379000 4299000,10.5,Unsuitable,black,YES,235.499609,2671.273929,63.3798419999998
379000,4299000,CB4MH,11.48294,1e+06,2.58,80.25,379000 4299000,3.5,Marginal,orange,YES,235.499609,2671.273929,63.3798419999998
379000,4299000,CB4MH,36.08924,1e+06,0.1,70.7,379000 4299000,11,Unsuitable,black,YES,235.499609,2671.273929,63.3798419999998
379000,4303000,CB4MH,6.56168,1e+06,5.38,81.98,379000 4303000,2,Suitable,dodgerblue,YES,235.499609,2673.759413,65.8653260000001
379000,4303000,CB4MH,29.52756,1e+06,0.1,71.2,379000 4303000,9,Unsuitable,black,YES,235.499609,2673.759413,65.8653260000001
379000,4303000,CB4MH,24.6063,1e+06,0.06,71.76,379000 4303000,7.5,Unsuitable,black,YES,235.499609,2673.759413,65.8653260000001
379000,4303000,CB4MH,21.32546,1e+06,0.04,72.5,379000 4303000,6.5,Unsuitable,black,YES,235.499609,2673.759413,65.8653260000001
379000,4303000,CB4MH,13.12336,1e+06,1.31,79.46,379000 4303000,4,Unsuitable,black,YES,235.499609,2673.759413,65.8653260000001
379000,4303000,CB4MH,11.48294,1e+06,2.49,80.49,379000 4303000,3.5,Marginal,orange,YES,235.499609,2673.759413,65.8653260000001
379000,4303000,CB4MH,16.4042,1e+06,0.23,76.34,379000 4303000,5,Unsuitable,black,YES,235.499609,2673.759413,65.8653260000001
379000,4303000,CB4MH,14.76378,1e+06,0.65,78.3,379000 4303000,4.5,Unsuitable,black,YES,235.499609,2673.759413,65.8653260000001
379000,4303000,CB4MH,26.24672,1e+06,0.09,71.65,379000 4303000,8,Unsuitable,black,YES,235.499609,2673.759413,65.8653260000001
379000,4303000,CB4MH,22.96588,1e+06,0.04,72.11,379000 4303000,7,Unsuitable,black,YES,235.499609,2673.759413,65.8653260000001
379000,4303000,CB4MH,27.88714,1e+06,0.1,71.44,379000 4303000,8.5,Unsuitable,black,YES,235.499609,2673.759413,65.8653260000001
379000,4303000,CB4MH,37.72966,1e+06,0.1,70.72,379000 4303000,11.5,Unsuitable,black,YES,235.499609,2673.759413,65.8653260000001
379000,4303000,CB4MH,0,1e+06,7.8,83.56,379000 4303000,0,Tolerable,yellow,YES,235.499609,2673.759413,65.8653260000001
379000,4303000,CB4MH,8.2021,1e+06,4.71,81.68,379000 4303000,2.5,Suitable,dodgerblue,YES,235.499609,2673.759413,65.8653260000001
379000,4303000,CB4MH,36.08924,1e+06,0.1,70.72,379000 4303000,11,Unsuitable,black,YES,235.499609,2673.759413,65.8653260000001
379000,4303000,CB4MH,34.44882,1e+06,0.1,71.04,379000 4303000,10.5,Unsuitable,black,YES,235.499609,2673.759413,65.8653260000001
379000,4303000,CB4MH,19.68504,1e+06,0.04,73.24,379000 4303000,6,Unsuitable,black,YES,235.499609,2673.759413,65.8653260000001
379000,4303000,CB4MH,3.28084,1e+06,7.04,83,379000 4303000,1,Tolerable,yellow,YES,235.499609,2673.759413,65.8653260000001
379000,4303000,CB4MH,9.84252,1e+06,3.99,81.36,379000 4303000,3,Tolerable,yellow,YES,235.499609,2673.759413,65.8653260000001
379000,4303000,CB4MH,31.16798,1e+06,0.1,71.09,379000 4303000,9.5,Unsuitable,black,YES,235.499609,2673.759413,65.8653260000001
379000,4303000,CB4MH,32.8084,1e+06,0.1,71.05,379000 4303000,10,Unsuitable,black,YES,235.499609,2673.759413,65.8653260000001
379000,4303000,CB4MH,4.92126,1e+06,6.4,82.4,379000 4303000,1.5,Suitable,dodgerblue,YES,235.499609,2673.759413,65.8653260000001
379000,4303000,CB4MH,1.64042,1e+06,7.43,83.27,379000 4303000,0.5,Tolerable,yellow,YES,235.499609,2673.759413,65.8653260000001
379000,4303000,CB4MH,18.04462,1e+06,0.08,74.38,379000 4303000,5.5,Unsuitable,black,YES,235.499609,2673.759413,65.8653260000001
379000,4304000,CB4MH,18.04462,1e+06,0.1,74.52,379000 4304000,5.5,Unsuitable,black,YES,235.499609,2674.380784,66.4866969999998
379000,4304000,CB4MH,21.32546,1e+06,0.05,72.57,379000 4304000,6.5,Unsuitable,black,YES,235.499609,2674.380784,66.4866969999998
379000,4304000,CB4MH,19.68504,1e+06,0.05,73.35,379000 4304000,6,Unsuitable,black,YES,235.499609,2674.380784,66.4866969999998
379000,4304000,CB4MH,6.56168,1e+06,4.89,82.07,379000 4304000,2,Suitable,dodgerblue,YES,235.499609,2674.380784,66.4866969999998
379000,4304000,CB4MH,11.48294,1e+06,2.5,80.54,379000 4304000,3.5,Marginal,orange,YES,235.499609,2674.380784,66.4866969999998
379000,4304000,CB4MH,24.6063,1e+06,0.06,71.8,379000 4304000,7.5,Unsuitable,black,YES,235.499609,2674.380784,66.4866969999998
379000,4304000,CB4MH,31.16798,1e+06,0.1,71.11,379000 4304000,9.5,Unsuitable,black,YES,235.499609,2674.380784,66.4866969999998
379000,4304000,CB4MH,29.52756,1e+06,0.1,71.23,379000 4304000,9,Unsuitable,black,YES,235.499609,2674.380784,66.4866969999998
379000,4304000,CB4MH,26.24672,1e+06,0.09,71.69,379000 4304000,8,Unsuitable,black,YES,235.499609,2674.380784,66.4866969999998
379000,4304000,CB4MH,1.64042,1e+06,7.36,83.39,379000 4304000,0.5,Tolerable,yellow,YES,235.499609,2674.380784,66.4866969999998
379000,4304000,CB4MH,32.8084,1e+06,0.1,71.07,379000 4304000,10,Unsuitable,black,YES,235.499609,2674.380784,66.4866969999998
379000,4304000,CB4MH,27.88714,1e+06,0.1,71.48,379000 4304000,8.5,Unsuitable,black,YES,235.499609,2674.380784,66.4866969999998
379000,4304000,CB4MH,4.92126,1e+06,6.14,82.57,379000 4304000,1.5,Tolerable,yellow,YES,235.499609,2674.380784,66.4866969999998
379000,4304000,CB4MH,14.76378,1e+06,0.66,78.33,379000 4304000,4.5,Unsuitable,black,YES,235.499609,2674.380784,66.4866969999998
379000,4304000,CB4MH,3.28084,1e+06,7.29,83.13,379000 4304000,1,Tolerable,yellow,YES,235.499609,2674.380784,66.4866969999998
379000,4304000,CB4MH,22.96588,1e+06,0.05,72.16,379000 4304000,7,Unsuitable,black,YES,235.499609,2674.380784,66.4866969999998
379000,4304000,CB4MH,0,1e+06,7.79,83.71,379000 4304000,0,Tolerable,yellow,YES,235.499609,2674.380784,66.4866969999998
379000,4304000,CB4MH,39.37008,1e+06,0.1,70.7,379000 4304000,12,Unsuitable,black,YES,235.499609,2674.380784,66.4866969999998
379000,4304000,CB4MH,9.84252,1e+06,3.52,81.39,379000 4304000,3,Tolerable,yellow,YES,235.499609,2674.380784,66.4866969999998
379000,4304000,CB4MH,16.4042,1e+06,0.25,76.42,379000 4304000,5,Unsuitable,black,YES,235.499609,2674.380784,66.4866969999998
379000,4304000,CB4MH,13.12336,1e+06,1.3,79.49,379000 4304000,4,Unsuitable,black,YES,235.499609,2674.380784,66.4866969999998
379000,4304000,CB4MH,37.72966,1e+06,0.1,70.7,379000 4304000,11.5,Unsuitable,black,YES,235.499609,2674.380784,66.4866969999998
379000,4304000,CB4MH,34.44882,1e+06,0.1,71.06,379000 4304000,10.5,Unsuitable,black,YES,235.499609,2674.380784,66.4866969999998
379000,4304000,CB4MH,36.08924,1e+06,0.1,70.7,379000 4304000,11,Unsuitable,black,YES,235.499609,2674.380784,66.4866969999998
379000,4304000,CB4MH,8.2021,1e+06,4.21,81.73,379000 4304000,2.5,Suitable,dodgerblue,YES,235.499609,2674.380784,66.4866969999998
379000,4305000,CB4MH,16.4042,1e+06,0.28,76.51,379000 4305000,5,Unsuitable,black,YES,235.499609,2675.002155,67.108068
379000,4305000,CB4MH,34.44882,1e+06,0.1,71.06,379000 4305000,10.5,Unsuitable,black,YES,235.499609,2675.002155,67.108068
379000,4305000,CB4MH,39.37008,1e+06,0.1,70.7,379000 4305000,12,Unsuitable,black,YES,235.499609,2675.002155,67.108068
379000,4305000,CB4MH,3.28084,1e+06,7.29,83.25,379000 4305000,1,Tolerable,yellow,YES,235.499609,2675.002155,67.108068
379000,4305000,CB4MH,26.24672,1e+06,0.09,71.72,379000 4305000,8,Unsuitable,black,YES,235.499609,2675.002155,67.108068
379000,4305000,CB4MH,32.8084,1e+06,0.1,71.08,379000 4305000,10,Unsuitable,black,YES,235.499609,2675.002155,67.108068
379000,4305000,CB4MH,4.92126,1e+06,6.08,82.68,379000 4305000,1.5,Tolerable,yellow,YES,235.499609,2675.002155,67.108068
379000,4305000,CB4MH,36.08924,1e+06,0.1,70.7,379000 4305000,11,Unsuitable,black,YES,235.499609,2675.002155,67.108068
379000,4305000,CB4MH,37.72966,1e+06,0.1,70.7,379000 4305000,11.5,Unsuitable,black,YES,235.499609,2675.002155,67.108068
379000,4305000,CB4MH,31.16798,1e+06,0.1,71.13,379000 4305000,9.5,Unsuitable,black,YES,235.499609,2675.002155,67.108068
379000,4305000,CB4MH,21.32546,1e+06,0.05,72.62,379000 4305000,6.5,Unsuitable,black,YES,235.499609,2675.002155,67.108068
379000,4305000,CB4MH,1.64042,1e+06,7.74,83.57,379000 4305000,0.5,Tolerable,yellow,YES,235.499609,2675.002155,67.108068
379000,4305000,CB4MH,27.88714,1e+06,0.1,71.49,379000 4305000,8.5,Unsuitable,black,YES,235.499609,2675.002155,67.108068
379000,4305000,CB4MH,14.76378,1e+06,0.67,78.36,379000 4305000,4.5,Unsuitable,black,YES,235.499609,2675.002155,67.108068
379000,4305000,CB4MH,19.68504,1e+06,0.05,73.44,379000 4305000,6,Unsuitable,black,YES,235.499609,2675.002155,67.108068
379000,4305000,CB4MH,9.84252,1e+06,3.44,81.48,379000 4305000,3,Tolerable,yellow,YES,235.499609,2675.002155,67.108068
379000,4305000,CB4MH,0,1e+06,7.99,83.81,379000 4305000,0,Tolerable,yellow,YES,235.499609,2675.002155,67.108068
379000,4305000,CB4MH,6.56168,1e+06,4.78,82.15,379000 4305000,2,Suitable,dodgerblue,YES,235.499609,2675.002155,67.108068
379000,4305000,CB4MH,29.52756,1e+06,0.1,71.25,379000 4305000,9,Unsuitable,black,YES,235.499609,2675.002155,67.108068
379000,4305000,CB4MH,8.2021,1e+06,4.1,81.81,379000 4305000,2.5,Suitable,dodgerblue,YES,235.499609,2675.002155,67.108068
379000,4305000,CB4MH,18.04462,1e+06,0.12,74.66,379000 4305000,5.5,Unsuitable,black,YES,235.499609,2675.002155,67.108068
379000,4305000,CB4MH,24.6063,1e+06,0.06,71.83,379000 4305000,7.5,Unsuitable,black,YES,235.499609,2675.002155,67.108068
379000,4305000,CB4MH,13.12336,1e+06,1.29,79.52,379000 4305000,4,Unsuitable,black,YES,235.499609,2675.002155,67.108068
379000,4305000,CB4MH,22.96588,1e+06,0.05,72.19,379000 4305000,7,Unsuitable,black,YES,235.499609,2675.002155,67.108068
379000,4305000,CB4MH,11.48294,1e+06,2.52,80.59,379000 4305000,3.5,Marginal,orange,YES,235.499609,2675.002155,67.108068
379000,4306000,CB4MH,4.92126,1e+06,6.01,82.8,379000 4306000,1.5,Tolerable,yellow,YES,235.499609,2675.623526,67.7294389999997
379000,4306000,CB4MH,31.16798,1e+06,0.1,71.14,379000 4306000,9.5,Unsuitable,black,YES,235.499609,2675.623526,67.7294389999997
379000,4306000,CB4MH,27.88714,1e+06,0.1,71.5,379000 4306000,8.5,Unsuitable,black,YES,235.499609,2675.623526,67.7294389999997
379000,4306000,CB4MH,26.24672,1e+06,0.09,71.73,379000 4306000,8,Unsuitable,black,YES,235.499609,2675.623526,67.7294389999997
379000,4306000,CB4MH,11.48294,1e+06,2.53,80.61,379000 4306000,3.5,Marginal,orange,YES,235.499609,2675.623526,67.7294389999997
379000,4306000,CB4MH,8.2021,1e+06,3.96,81.89,379000 4306000,2.5,Tolerable,yellow,YES,235.499609,2675.623526,67.7294389999997
379000,4306000,CB4MH,0,1e+06,8,83.96,379000 4306000,0,Tolerable,yellow,YES,235.499609,2675.623526,67.7294389999997
379000,4306000,CB4MH,29.52756,1e+06,0.1,71.27,379000 4306000,9,Unsuitable,black,YES,235.499609,2675.623526,67.7294389999997
379000,4306000,CB4MH,9.84252,1e+06,3.33,81.56,379000 4306000,3,Tolerable,yellow,YES,235.499609,2675.623526,67.7294389999997
379000,4306000,CB4MH,32.8084,1e+06,0.1,71.09,379000 4306000,10,Unsuitable,black,YES,235.499609,2675.623526,67.7294389999997
379000,4306000,CB4MH,24.6063,1e+06,0.07,71.85,379000 4306000,7.5,Unsuitable,black,YES,235.499609,2675.623526,67.7294389999997
379000,4306000,CB4MH,16.4042,1e+06,0.3,76.61,379000 4306000,5,Unsuitable,black,YES,235.499609,2675.623526,67.7294389999997
379000,4306000,CB4MH,14.76378,1e+06,0.69,78.4,379000 4306000,4.5,Unsuitable,black,YES,235.499609,2675.623526,67.7294389999997
379000,4306000,CB4MH,34.44882,1e+06,0.1,71.07,379000 4306000,10.5,Unsuitable,black,YES,235.499609,2675.623526,67.7294389999997
379000,4306000,CB4MH,18.04462,1e+06,0.13,74.8,379000 4306000,5.5,Unsuitable,black,YES,235.499609,2675.623526,67.7294389999997
379000,4306000,CB4MH,22.96588,1e+06,0.05,72.2,379000 4306000,7,Unsuitable,black,YES,235.499609,2675.623526,67.7294389999997
379000,4306000,CB4MH,36.08924,1e+06,0.1,70.7,379000 4306000,11,Unsuitable,black,YES,235.499609,2675.623526,67.7294389999997
379000,4306000,CB4MH,1.64042,1e+06,7.74,83.72,379000 4306000,0.5,Tolerable,yellow,YES,235.499609,2675.623526,67.7294389999997
379000,4306000,CB4MH,21.32546,1e+06,0.05,72.66,379000 4306000,6.5,Unsuitable,black,YES,235.499609,2675.623526,67.7294389999997
379000,4306000,CB4MH,19.68504,1e+06,0.05,73.52,379000 4306000,6,Unsuitable,black,YES,235.499609,2675.623526,67.7294389999997
379000,4306000,CB4MH,3.28084,1e+06,7.29,83.39,379000 4306000,1,Tolerable,yellow,YES,235.499609,2675.623526,67.7294389999997
379000,4306000,CB4MH,13.12336,1e+06,1.28,79.54,379000 4306000,4,Unsuitable,black,YES,235.499609,2675.623526,67.7294389999997
379000,4306000,CB4MH,6.56168,1e+06,4.63,82.24,379000 4306000,2,Suitable,dodgerblue,YES,235.499609,2675.623526,67.7294389999997
379000,4309000,CB4MH,9.84252,1e+06,4.03,81.75,379000 4309000,3,Suitable,dodgerblue,YES,235.499609,2677.487639,69.5935519999998
379000,4309000,CB4MH,4.92126,1e+06,6.79,82.95,379000 4309000,1.5,Tolerable,yellow,YES,235.499609,2677.487639,69.5935519999998
379000,4309000,CB4MH,22.96588,1e+06,0.07,72.2,379000 4309000,7,Unsuitable,black,YES,235.499609,2677.487639,69.5935519999998
379000,4309000,CB4MH,21.32546,1e+06,0.07,72.74,379000 4309000,6.5,Unsuitable,black,YES,235.499609,2677.487639,69.5935519999998
379000,4309000,CB4MH,24.6063,1e+06,0.08,71.85,379000 4309000,7.5,Unsuitable,black,YES,235.499609,2677.487639,69.5935519999998
379000,4309000,CB4MH,8.2021,1e+06,5.2,82.23,379000 4309000,2.5,Suitable,dodgerblue,YES,235.499609,2677.487639,69.5935519999998
379000,4309000,CB4MH,16.4042,1e+06,0.4,77.07,379000 4309000,5,Unsuitable,black,YES,235.499609,2677.487639,69.5935519999998
379000,4309000,CB4MH,0,1e+06,10.42,84.69,379000 4309000,0,Marginal,orange,YES,235.499609,2677.487639,69.5935519999998
379000,4309000,CB4MH,3.28084,1e+06,8.51,83.66,379000 4309000,1,Tolerable,yellow,YES,235.499609,2677.487639,69.5935519999998
379000,4309000,CB4MH,31.16798,1e+06,0.1,71.17,379000 4309000,9.5,Unsuitable,black,YES,235.499609,2677.487639,69.5935519999998
379000,4309000,CB4MH,29.52756,1e+06,0.1,71.29,379000 4309000,9,Unsuitable,black,YES,235.499609,2677.487639,69.5935519999998
379000,4309000,CB4MH,18.04462,1e+06,0.2,75.32,379000 4309000,5.5,Unsuitable,black,YES,235.499609,2677.487639,69.5935519999998
379000,4309000,CB4MH,19.68504,1e+06,0.07,73.8,379000 4309000,6,Unsuitable,black,YES,235.499609,2677.487639,69.5935519999998
379000,4309000,CB4MH,26.24672,1e+06,0.09,71.71,379000 4309000,8,Unsuitable,black,YES,235.499609,2677.487639,69.5935519999998
379000,4309000,CB4MH,1.64042,1e+06,9.88,84.41,379000 4309000,0.5,Marginal,orange,YES,235.499609,2677.487639,69.5935519999998
379000,4309000,CB4MH,6.56168,1e+06,5.81,82.53,379000 4309000,2,Tolerable,yellow,YES,235.499609,2677.487639,69.5935519999998
379000,4309000,CB4MH,14.76378,1e+06,0.77,78.56,379000 4309000,4.5,Unsuitable,black,YES,235.499609,2677.487639,69.5935519999998
379000,4309000,CB4MH,27.88714,1e+06,0.1,71.49,379000 4309000,8.5,Unsuitable,black,YES,235.499609,2677.487639,69.5935519999998
379000,4309000,CB4MH,13.12336,1e+06,1.31,79.54,379000 4309000,4,Unsuitable,black,YES,235.499609,2677.487639,69.5935519999998
379000,4309000,CB4MH,11.48294,1e+06,2.49,80.56,379000 4309000,3.5,Marginal,orange,YES,235.499609,2677.487639,69.5935519999998
380000,4257000,CB4MH,31.16798,1e+06,0.44,72.71,380000 4257000,9.5,Unsuitable,black,YES,236.12098,2645.176347,37.28226
380000,4257000,CB4MH,16.4042,1e+06,1.54,76.87,380000 4257000,5,Unsuitable,black,YES,236.12098,2645.176347,37.28226
380000,4257000,CB4MH,41.0105,1e+06,0.85,72.8,380000 4257000,12.5,Unsuitable,black,YES,236.12098,2645.176347,37.28226
380000,4257000,CB4MH,1.64042,1e+06,7.41,82.97,380000 4257000,0.5,Tolerable,yellow,YES,236.12098,2645.176347,37.28226
380000,4257000,CB4MH,14.76378,1e+06,2.41,78.8,380000 4257000,4.5,Marginal,orange,YES,236.12098,2645.176347,37.28226
380000,4257000,CB4MH,13.12336,1e+06,3.12,79.92,380000 4257000,4,Tolerable,yellow,YES,236.12098,2645.176347,37.28226
380000,4257000,CB4MH,11.48294,1e+06,3.97,80.96,380000 4257000,3.5,Tolerable,yellow,YES,236.12098,2645.176347,37.28226
380000,4257000,CB4MH,44.29134,1e+06,0.97,72.95,380000 4257000,13.5,Unsuitable,black,YES,236.12098,2645.176347,37.28226
380000,4257000,CB4MH,39.37008,1e+06,0.75,72.73,380000 4257000,12,Unsuitable,black,YES,236.12098,2645.176347,37.28226
380000,4257000,CB4MH,8.2021,1e+06,6.14,82.43,380000 4257000,2.5,Tolerable,yellow,YES,236.12098,2645.176347,37.28226
380000,4257000,CB4MH,37.72966,1e+06,0.64,72.73,380000 4257000,11.5,Unsuitable,black,YES,236.12098,2645.176347,37.28226
380000,4257000,CB4MH,32.8084,1e+06,0.48,72.71,380000 4257000,10,Unsuitable,black,YES,236.12098,2645.176347,37.28226
380000,4257000,CB4MH,24.6063,1e+06,0.27,73.06,380000 4257000,7.5,Unsuitable,black,YES,236.12098,2645.176347,37.28226
380000,4257000,CB4MH,18.04462,1e+06,0.96,74.88,380000 4257000,5.5,Unsuitable,black,YES,236.12098,2645.176347,37.28226
380000,4257000,CB4MH,45.93176,1e+06,0.7,73.4,380000 4257000,14,Unsuitable,black,YES,236.12098,2645.176347,37.28226
380000,4257000,CB4MH,34.44882,1e+06,0.52,72.71,380000 4257000,10.5,Unsuitable,black,YES,236.12098,2645.176347,37.28226
380000,4257000,CB4MH,22.96588,1e+06,0.34,73.29,380000 4257000,7,Unsuitable,black,YES,236.12098,2645.176347,37.28226
380000,4257000,CB4MH,26.24672,1e+06,0.3,72.89,380000 4257000,8,Unsuitable,black,YES,236.12098,2645.176347,37.28226
380000,4257000,CB4MH,0,1e+06,7.48,83.01,380000 4257000,0,Tolerable,yellow,YES,236.12098,2645.176347,37.28226
380000,4257000,CB4MH,29.52756,1e+06,0.38,72.67,380000 4257000,9,Unsuitable,black,YES,236.12098,2645.176347,37.28226
380000,4257000,CB4MH,19.68504,1e+06,0.75,73.95,380000 4257000,6,Unsuitable,black,YES,236.12098,2645.176347,37.28226
380000,4257000,CB4MH,3.28084,1e+06,7.27,82.94,380000 4257000,1,Tolerable,yellow,YES,236.12098,2645.176347,37.28226
380000,4257000,CB4MH,36.08924,1e+06,0.56,72.73,380000 4257000,11,Unsuitable,black,YES,236.12098,2645.176347,37.28226
380000,4257000,CB4MH,21.32546,1e+06,0.51,73.5,380000 4257000,6.5,Unsuitable,black,YES,236.12098,2645.176347,37.28226
380000,4257000,CB4MH,6.56168,1e+06,6.77,82.76,380000 4257000,2,Tolerable,yellow,YES,236.12098,2645.176347,37.28226
380000,4257000,CB4MH,9.84252,1e+06,5.18,81.89,380000 4257000,3,Suitable,dodgerblue,YES,236.12098,2645.176347,37.28226
380000,4257000,CB4MH,42.65092,1e+06,0.97,72.95,380000 4257000,13,Unsuitable,black,YES,236.12098,2645.176347,37.28226
380000,4257000,CB4MH,27.88714,1e+06,0.38,72.75,380000 4257000,8.5,Unsuitable,black,YES,236.12098,2645.176347,37.28226
380000,4257000,CB4MH,4.92126,1e+06,7.04,82.89,380000 4257000,1.5,Tolerable,yellow,YES,236.12098,2645.176347,37.28226
380000,4258000,CB4MH,32.8084,1e+06,0.45,72.63,380000 4258000,10,Unsuitable,black,YES,236.12098,2645.797718,37.9036310000001
380000,4258000,CB4MH,31.16798,1e+06,0.41,72.62,380000 4258000,9.5,Unsuitable,black,YES,236.12098,2645.797718,37.9036310000001
380000,4258000,CB4MH,34.44882,1e+06,0.49,72.63,380000 4258000,10.5,Unsuitable,black,YES,236.12098,2645.797718,37.9036310000001
380000,4258000,CB4MH,27.88714,1e+06,0.33,72.76,380000 4258000,8.5,Unsuitable,black,YES,236.12098,2645.797718,37.9036310000001
380000,4258000,CB4MH,29.52756,1e+06,0.33,72.62,380000 4258000,9,Unsuitable,black,YES,236.12098,2645.797718,37.9036310000001
380000,4258000,CB4MH,36.08924,1e+06,0.52,72.64,380000 4258000,11,Unsuitable,black,YES,236.12098,2645.797718,37.9036310000001
380000,4258000,CB4MH,22.96588,1e+06,0.32,73.43,380000 4258000,7,Unsuitable,black,YES,236.12098,2645.797718,37.9036310000001
380000,4258000,CB4MH,24.6063,1e+06,0.24,73.15,380000 4258000,7.5,Unsuitable,black,YES,236.12098,2645.797718,37.9036310000001
380000,4258000,CB4MH,3.28084,1e+06,7.27,82.98,380000 4258000,1,Tolerable,yellow,YES,236.12098,2645.797718,37.9036310000001
380000,4258000,CB4MH,19.68504,1e+06,0.92,74.3,380000 4258000,6,Unsuitable,black,YES,236.12098,2645.797718,37.9036310000001
380000,4258000,CB4MH,18.04462,1e+06,1.2,75.3,380000 4258000,5.5,Unsuitable,black,YES,236.12098,2645.797718,37.9036310000001
380000,4258000,CB4MH,13.12336,1e+06,3.15,79.94,380000 4258000,4,Tolerable,yellow,YES,236.12098,2645.797718,37.9036310000001
380000,4258000,CB4MH,14.76378,1e+06,2.46,78.85,380000 4258000,4.5,Marginal,orange,YES,236.12098,2645.797718,37.9036310000001
380000,4258000,CB4MH,11.48294,1e+06,3.99,80.95,380000 4258000,3.5,Tolerable,yellow,YES,236.12098,2645.797718,37.9036310000001
380000,4258000,CB4MH,6.56168,1e+06,6.83,82.83,380000 4258000,2,Tolerable,yellow,YES,236.12098,2645.797718,37.9036310000001
380000,4258000,CB4MH,0,1e+06,7.46,83.08,380000 4258000,0,Tolerable,yellow,YES,236.12098,2645.797718,37.9036310000001
380000,4258000,CB4MH,1.64042,1e+06,7.4,83.02,380000 4258000,0.5,Tolerable,yellow,YES,236.12098,2645.797718,37.9036310000001
380000,4258000,CB4MH,26.24672,1e+06,0.27,72.95,380000 4258000,8,Unsuitable,black,YES,236.12098,2645.797718,37.9036310000001
380000,4258000,CB4MH,21.32546,1e+06,0.56,73.75,380000 4258000,6.5,Unsuitable,black,YES,236.12098,2645.797718,37.9036310000001
380000,4258000,CB4MH,4.92126,1e+06,7.07,82.95,380000 4258000,1.5,Tolerable,yellow,YES,236.12098,2645.797718,37.9036310000001
380000,4258000,CB4MH,16.4042,1e+06,1.79,77.21,380000 4258000,5,Unsuitable,black,YES,236.12098,2645.797718,37.9036310000001
380000,4258000,CB4MH,9.84252,1e+06,5.11,81.85,380000 4258000,3,Suitable,dodgerblue,YES,236.12098,2645.797718,37.9036310000001
380000,4258000,CB4MH,8.2021,1e+06,6.12,82.46,380000 4258000,2.5,Tolerable,yellow,YES,236.12098,2645.797718,37.9036310000001
380000,4307000,CB4MH,0,1e+06,9.28,83.61,380000 4307000,0,Tolerable,yellow,YES,236.12098,2676.244897,68.3508099999999
380000,4307000,CB4MH,26.24672,1e+06,0.09,71.74,380000 4307000,8,Unsuitable,black,YES,236.12098,2676.244897,68.3508099999999
380000,4307000,CB4MH,19.68504,1e+06,0.06,73.66,380000 4307000,6,Unsuitable,black,YES,236.12098,2676.244897,68.3508099999999
380000,4307000,CB4MH,21.32546,1e+06,0.06,72.73,380000 4307000,6.5,Unsuitable,black,YES,236.12098,2676.244897,68.3508099999999
380000,4307000,CB4MH,36.08924,1e+06,0.1,70.7,380000 4307000,11,Unsuitable,black,YES,236.12098,2676.244897,68.3508099999999
380000,4307000,CB4MH,18.04462,1e+06,0.16,75,380000 4307000,5.5,Unsuitable,black,YES,236.12098,2676.244897,68.3508099999999
380000,4307000,CB4MH,4.92126,1e+06,6.87,82.43,380000 4307000,1.5,Tolerable,yellow,YES,236.12098,2676.244897,68.3508099999999
380000,4307000,CB4MH,34.44882,1e+06,0.1,71.08,380000 4307000,10.5,Unsuitable,black,YES,236.12098,2676.244897,68.3508099999999
380000,4307000,CB4MH,39.37008,1e+06,0.1,70.7,380000 4307000,12,Unsuitable,black,YES,236.12098,2676.244897,68.3508099999999
380000,4307000,CB4MH,29.52756,1e+06,0.1,71.29,380000 4307000,9,Unsuitable,black,YES,236.12098,2676.244897,68.3508099999999
380000,4307000,CB4MH,1.64042,1e+06,9.13,83.53,380000 4307000,0.5,Tolerable,yellow,YES,236.12098,2676.244897,68.3508099999999
380000,4307000,CB4MH,27.88714,1e+06,0.1,71.52,380000 4307000,8.5,Unsuitable,black,YES,236.12098,2676.244897,68.3508099999999
380000,4307000,CB4MH,16.4042,1e+06,0.33,76.75,380000 4307000,5,Unsuitable,black,YES,236.12098,2676.244897,68.3508099999999
380000,4307000,CB4MH,37.72966,1e+06,0.1,70.7,380000 4307000,11.5,Unsuitable,black,YES,236.12098,2676.244897,68.3508099999999
380000,4307000,CB4MH,11.48294,1e+06,2.56,80.66,380000 4307000,3.5,Marginal,orange,YES,236.12098,2676.244897,68.3508099999999
380000,4307000,CB4MH,3.28084,1e+06,8.24,83.1,380000 4307000,1,Tolerable,yellow,YES,236.12098,2676.244897,68.3508099999999
380000,4307000,CB4MH,13.12336,1e+06,1.28,79.57,380000 4307000,4,Unsuitable,black,YES,236.12098,2676.244897,68.3508099999999
380000,4307000,CB4MH,6.56168,1e+06,6,82.08,380000 4307000,2,Suitable,dodgerblue,YES,236.12098,2676.244897,68.3508099999999
380000,4307000,CB4MH,9.84252,1e+06,4.46,81.41,380000 4307000,3,Suitable,dodgerblue,YES,236.12098,2676.244897,68.3508099999999
380000,4307000,CB4MH,8.2021,1e+06,5.35,81.83,380000 4307000,2.5,Suitable,dodgerblue,YES,236.12098,2676.244897,68.3508099999999
380000,4307000,CB4MH,14.76378,1e+06,0.71,78.45,380000 4307000,4.5,Unsuitable,black,YES,236.12098,2676.244897,68.3508099999999
380000,4307000,CB4MH,24.6063,1e+06,0.07,71.87,380000 4307000,7.5,Unsuitable,black,YES,236.12098,2676.244897,68.3508099999999
380000,4307000,CB4MH,22.96588,1e+06,0.06,72.23,380000 4307000,7,Unsuitable,black,YES,236.12098,2676.244897,68.3508099999999
380000,4307000,CB4MH,31.16798,1e+06,0.1,71.16,380000 4307000,9.5,Unsuitable,black,YES,236.12098,2676.244897,68.3508099999999
380000,4307000,CB4MH,32.8084,1e+06,0.1,71.1,380000 4307000,10,Unsuitable,black,YES,236.12098,2676.244897,68.3508099999999
380000,4308000,CB4MH,0,1e+06,10.32,83.87,380000 4308000,0,Tolerable,yellow,YES,236.12098,2676.866268,68.9721810000001
380000,4308000,CB4MH,32.8084,1e+06,0.1,71.11,380000 4308000,10,Unsuitable,black,YES,236.12098,2676.866268,68.9721810000001
380000,4308000,CB4MH,36.08924,1e+06,0.1,70.7,380000 4308000,11,Unsuitable,black,YES,236.12098,2676.866268,68.9721810000001
380000,4308000,CB4MH,3.28084,1e+06,8.45,82.92,380000 4308000,1,Tolerable,yellow,YES,236.12098,2676.866268,68.9721810000001
380000,4308000,CB4MH,29.52756,1e+06,0.1,71.29,380000 4308000,9,Unsuitable,black,YES,236.12098,2676.866268,68.9721810000001
380000,4308000,CB4MH,27.88714,1e+06,0.1,71.51,380000 4308000,8.5,Unsuitable,black,YES,236.12098,2676.866268,68.9721810000001
380000,4308000,CB4MH,14.76378,1e+06,0.73,78.5,380000 4308000,4.5,Unsuitable,black,YES,236.12098,2676.866268,68.9721810000001
380000,4308000,CB4MH,8.2021,1e+06,5.73,81.72,380000 4308000,2.5,Suitable,dodgerblue,YES,236.12098,2676.866268,68.9721810000001
380000,4308000,CB4MH,37.72966,1e+06,0.1,70.7,380000 4308000,11.5,Unsuitable,black,YES,236.12098,2676.866268,68.9721810000001
380000,4308000,CB4MH,24.6063,1e+06,0.07,71.87,380000 4308000,7.5,Unsuitable,black,YES,236.12098,2676.866268,68.9721810000001
380000,4308000,CB4MH,34.44882,1e+06,0.1,71.07,380000 4308000,10.5,Unsuitable,black,YES,236.12098,2676.866268,68.9721810000001
380000,4308000,CB4MH,11.48294,1e+06,2.55,80.64,380000 4308000,3.5,Marginal,orange,YES,236.12098,2676.866268,68.9721810000001
380000,4308000,CB4MH,16.4042,1e+06,0.37,76.9,380000 4308000,5,Unsuitable,black,YES,236.12098,2676.866268,68.9721810000001
380000,4308000,CB4MH,19.68504,1e+06,0.07,73.74,380000 4308000,6,Unsuitable,black,YES,236.12098,2676.866268,68.9721810000001
380000,4308000,CB4MH,1.64042,1e+06,9.8,83.57,380000 4308000,0.5,Tolerable,yellow,YES,236.12098,2676.866268,68.9721810000001
380000,4308000,CB4MH,31.16798,1e+06,0.1,71.17,380000 4308000,9.5,Unsuitable,black,YES,236.12098,2676.866268,68.9721810000001
380000,4308000,CB4MH,18.04462,1e+06,0.18,75.17,380000 4308000,5.5,Unsuitable,black,YES,236.12098,2676.866268,68.9721810000001
380000,4308000,CB4MH,26.24672,1e+06,0.09,71.73,380000 4308000,8,Unsuitable,black,YES,236.12098,2676.866268,68.9721810000001
380000,4308000,CB4MH,13.12336,1e+06,1.29,79.57,380000 4308000,4,Unsuitable,black,YES,236.12098,2676.866268,68.9721810000001
380000,4308000,CB4MH,6.56168,1e+06,6.35,81.99,380000 4308000,2,Suitable,dodgerblue,YES,236.12098,2676.866268,68.9721810000001
380000,4308000,CB4MH,9.84252,1e+06,4.67,81.48,380000 4308000,3,Suitable,dodgerblue,YES,236.12098,2676.866268,68.9721810000001
380000,4308000,CB4MH,22.96588,1e+06,0.07,72.22,380000 4308000,7,Unsuitable,black,YES,236.12098,2676.866268,68.9721810000001
380000,4308000,CB4MH,21.32546,1e+06,0.07,72.74,380000 4308000,6.5,Unsuitable,black,YES,236.12098,2676.866268,68.9721810000001
380000,4308000,CB4MH,4.92126,1e+06,7.02,82.27,380000 4308000,1.5,Suitable,dodgerblue,YES,236.12098,2676.866268,68.9721810000001
380000,4310000,CB4MH,11.48294,1e+06,2.45,80.51,380000 4310000,3.5,Marginal,orange,YES,236.12098,2678.10901,70.214923
380000,4310000,CB4MH,13.12336,1e+06,1.33,79.53,380000 4310000,4,Unsuitable,black,YES,236.12098,2678.10901,70.214923
380000,4310000,CB4MH,14.76378,1e+06,0.81,78.64,380000 4310000,4.5,Unsuitable,black,YES,236.12098,2678.10901,70.214923
380000,4310000,CB4MH,19.68504,1e+06,0.08,73.93,380000 4310000,6,Unsuitable,black,YES,236.12098,2678.10901,70.214923
380000,4310000,CB4MH,29.52756,1e+06,0.1,71.3,380000 4310000,9,Unsuitable,black,YES,236.12098,2678.10901,70.214923
380000,4310000,CB4MH,26.24672,1e+06,0.09,71.7,380000 4310000,8,Unsuitable,black,YES,236.12098,2678.10901,70.214923
380000,4310000,CB4MH,0,1e+06,10.69,84.57,380000 4310000,0,Marginal,orange,YES,236.12098,2678.10901,70.214923
380000,4310000,CB4MH,31.16798,1e+06,0.1,71.18,380000 4310000,9.5,Unsuitable,black,YES,236.12098,2678.10901,70.214923
380000,4310000,CB4MH,27.88714,1e+06,0.1,71.48,380000 4310000,8.5,Unsuitable,black,YES,236.12098,2678.10901,70.214923
380000,4310000,CB4MH,24.6063,1e+06,0.08,71.85,380000 4310000,7.5,Unsuitable,black,YES,236.12098,2678.10901,70.214923
380000,4310000,CB4MH,22.96588,1e+06,0.08,72.19,380000 4310000,7,Unsuitable,black,YES,236.12098,2678.10901,70.214923
380000,4310000,CB4MH,3.28084,1e+06,8.63,83.47,380000 4310000,1,Tolerable,yellow,YES,236.12098,2678.10901,70.214923
380000,4310000,CB4MH,18.04462,1e+06,0.23,75.57,380000 4310000,5.5,Unsuitable,black,YES,236.12098,2678.10901,70.214923
380000,4310000,CB4MH,9.84252,1e+06,4.4,81.75,380000 4310000,3,Suitable,dodgerblue,YES,236.12098,2678.10901,70.214923
380000,4310000,CB4MH,16.4042,1e+06,0.45,77.29,380000 4310000,5,Unsuitable,black,YES,236.12098,2678.10901,70.214923
380000,4310000,CB4MH,8.2021,1e+06,5.56,82.14,380000 4310000,2.5,Suitable,dodgerblue,YES,236.12098,2678.10901,70.214923
380000,4310000,CB4MH,21.32546,1e+06,0.08,72.77,380000 4310000,6.5,Unsuitable,black,YES,236.12098,2678.10901,70.214923
380000,4310000,CB4MH,32.8084,1e+06,0.1,71.11,380000 4310000,10,Unsuitable,black,YES,236.12098,2678.10901,70.214923
380000,4310000,CB4MH,34.44882,1e+06,0.1,71.05,380000 4310000,10.5,Unsuitable,black,YES,236.12098,2678.10901,70.214923
380000,4310000,CB4MH,6.56168,1e+06,6.19,82.41,380000 4310000,2,Tolerable,yellow,YES,236.12098,2678.10901,70.214923
380000,4310000,CB4MH,1.64042,1e+06,10.13,84.28,380000 4310000,0.5,Marginal,orange,YES,236.12098,2678.10901,70.214923
380000,4310000,CB4MH,4.92126,1e+06,6.98,82.76,380000 4310000,1.5,Tolerable,yellow,YES,236.12098,2678.10901,70.214923
380000,4311000,CB4MH,4.92126,1e+06,7.08,82.68,380000 4311000,1.5,Tolerable,yellow,YES,236.12098,2678.730381,70.8362939999997
380000,4311000,CB4MH,22.96588,1e+06,0.08,72.17,380000 4311000,7,Unsuitable,black,YES,236.12098,2678.730381,70.8362939999997
380000,4311000,CB4MH,21.32546,1e+06,0.08,72.78,380000 4311000,6.5,Unsuitable,black,YES,236.12098,2678.730381,70.8362939999997
380000,4311000,CB4MH,34.44882,1e+06,0.1,71.04,380000 4311000,10.5,Unsuitable,black,YES,236.12098,2678.730381,70.8362939999997
380000,4311000,CB4MH,13.12336,1e+06,1.26,79.54,380000 4311000,4,Unsuitable,black,YES,236.12098,2678.730381,70.8362939999997
380000,4311000,CB4MH,37.72966,1e+06,0.1,70.7,380000 4311000,11.5,Unsuitable,black,YES,236.12098,2678.730381,70.8362939999997
380000,4311000,CB4MH,32.8084,1e+06,0.1,71.11,380000 4311000,10,Unsuitable,black,YES,236.12098,2678.730381,70.8362939999997
380000,4311000,CB4MH,11.48294,1e+06,2.16,80.51,380000 4311000,3.5,Marginal,orange,YES,236.12098,2678.730381,70.8362939999997
380000,4311000,CB4MH,31.16798,1e+06,0.1,71.19,380000 4311000,9.5,Unsuitable,black,YES,236.12098,2678.730381,70.8362939999997
380000,4311000,CB4MH,14.76378,1e+06,0.75,78.88,380000 4311000,4.5,Unsuitable,black,YES,236.12098,2678.730381,70.8362939999997
380000,4311000,CB4MH,19.68504,1e+06,0.08,74.02,380000 4311000,6,Unsuitable,black,YES,236.12098,2678.730381,70.8362939999997
380000,4311000,CB4MH,8.2021,1e+06,5.75,82.11,380000 4311000,2.5,Suitable,dodgerblue,YES,236.12098,2678.730381,70.8362939999997
380000,4311000,CB4MH,39.37008,1e+06,0.1,70.7,380000 4311000,12,Unsuitable,black,YES,236.12098,2678.730381,70.8362939999997
380000,4311000,CB4MH,26.24672,1e+06,0.1,71.67,380000 4311000,8,Unsuitable,black,YES,236.12098,2678.730381,70.8362939999997
380000,4311000,CB4MH,29.52756,1e+06,0.1,71.3,380000 4311000,9,Unsuitable,black,YES,236.12098,2678.730381,70.8362939999997
380000,4311000,CB4MH,9.84252,1e+06,4.65,81.77,380000 4311000,3,Suitable,dodgerblue,YES,236.12098,2678.730381,70.8362939999997
380000,4311000,CB4MH,18.04462,1e+06,0.23,76.26,380000 4311000,5.5,Unsuitable,black,YES,236.12098,2678.730381,70.8362939999997
380000,4311000,CB4MH,6.56168,1e+06,6.37,82.37,380000 4311000,2,Suitable,dodgerblue,YES,236.12098,2678.730381,70.8362939999997
380000,4311000,CB4MH,1.64042,1e+06,10.25,84.23,380000 4311000,0.5,Marginal,orange,YES,236.12098,2678.730381,70.8362939999997
380000,4311000,CB4MH,41.0105,1e+06,0.1,70.7,380000 4311000,12.5,Unsuitable,black,YES,236.12098,2678.730381,70.8362939999997
380000,4311000,CB4MH,36.08924,1e+06,0.1,70.7,380000 4311000,11,Unsuitable,black,YES,236.12098,2678.730381,70.8362939999997
380000,4311000,CB4MH,27.88714,1e+06,0.1,71.46,380000 4311000,8.5,Unsuitable,black,YES,236.12098,2678.730381,70.8362939999997
380000,4311000,CB4MH,0,1e+06,10.81,84.52,380000 4311000,0,Marginal,orange,YES,236.12098,2678.730381,70.8362939999997
380000,4311000,CB4MH,3.28084,1e+06,8.71,83.4,380000 4311000,1,Tolerable,yellow,YES,236.12098,2678.730381,70.8362939999997
380000,4311000,CB4MH,24.6063,1e+06,0.09,71.84,380000 4311000,7.5,Unsuitable,black,YES,236.12098,2678.730381,70.8362939999997
380000,4311000,CB4MH,16.4042,1e+06,0.44,77.84,380000 4311000,5,Unsuitable,black,YES,236.12098,2678.730381,70.8362939999997
380000,4312000,CB4MH,16.4042,1e+06,0.49,78.04,380000 4312000,5,Unsuitable,black,YES,236.12098,2679.351752,71.4576649999999
380000,4312000,CB4MH,9.84252,1e+06,4.73,81.96,380000 4312000,3,Suitable,dodgerblue,YES,236.12098,2679.351752,71.4576649999999
380000,4312000,CB4MH,24.6063,1e+06,0.09,71.83,380000 4312000,7.5,Unsuitable,black,YES,236.12098,2679.351752,71.4576649999999
380000,4312000,CB4MH,11.48294,1e+06,2.09,80.4,380000 4312000,3.5,Marginal,orange,YES,236.12098,2679.351752,71.4576649999999
380000,4312000,CB4MH,6.56168,1e+06,6.55,82.33,380000 4312000,2,Suitable,dodgerblue,YES,236.12098,2679.351752,71.4576649999999
380000,4312000,CB4MH,13.12336,1e+06,1.27,79.51,380000 4312000,4,Unsuitable,black,YES,236.12098,2679.351752,71.4576649999999
380000,4312000,CB4MH,47.57218,1e+06,0.1,70.7,380000 4312000,14.5,Unsuitable,black,YES,236.12098,2679.351752,71.4576649999999
380000,4312000,CB4MH,44.29134,1e+06,0.1,70.7,380000 4312000,13.5,Unsuitable,black,YES,236.12098,2679.351752,71.4576649999999
380000,4312000,CB4MH,41.0105,1e+06,0.1,70.7,380000 4312000,12.5,Unsuitable,black,YES,236.12098,2679.351752,71.4576649999999
380000,4312000,CB4MH,19.68504,1e+06,0.09,74.1,380000 4312000,6,Unsuitable,black,YES,236.12098,2679.351752,71.4576649999999
380000,4312000,CB4MH,29.52756,1e+06,0.1,71.3,380000 4312000,9,Unsuitable,black,YES,236.12098,2679.351752,71.4576649999999
380000,4312000,CB4MH,27.88714,1e+06,0.1,71.45,380000 4312000,8.5,Unsuitable,black,YES,236.12098,2679.351752,71.4576649999999
380000,4312000,CB4MH,0,1e+06,10.93,84.47,380000 4312000,0,Marginal,orange,YES,236.12098,2679.351752,71.4576649999999
380000,4312000,CB4MH,42.65092,1e+06,0.1,70.7,380000 4312000,13,Unsuitable,black,YES,236.12098,2679.351752,71.4576649999999
380000,4312000,CB4MH,14.76378,1e+06,0.8,78.96,380000 4312000,4.5,Unsuitable,black,YES,236.12098,2679.351752,71.4576649999999
380000,4312000,CB4MH,8.2021,1e+06,5.92,82.09,380000 4312000,2.5,Suitable,dodgerblue,YES,236.12098,2679.351752,71.4576649999999
380000,4312000,CB4MH,26.24672,1e+06,0.1,71.66,380000 4312000,8,Unsuitable,black,YES,236.12098,2679.351752,71.4576649999999
380000,4312000,CB4MH,4.92126,1e+06,7.18,82.61,380000 4312000,1.5,Tolerable,yellow,YES,236.12098,2679.351752,71.4576649999999
380000,4312000,CB4MH,34.44882,1e+06,0.1,71.03,380000 4312000,10.5,Unsuitable,black,YES,236.12098,2679.351752,71.4576649999999
380000,4312000,CB4MH,32.8084,1e+06,0.1,71.1,380000 4312000,10,Unsuitable,black,YES,236.12098,2679.351752,71.4576649999999
380000,4312000,CB4MH,21.32546,1e+06,0.09,72.79,380000 4312000,6.5,Unsuitable,black,YES,236.12098,2679.351752,71.4576649999999
380000,4312000,CB4MH,18.04462,1e+06,0.25,76.44,380000 4312000,5.5,Unsuitable,black,YES,236.12098,2679.351752,71.4576649999999
380000,4312000,CB4MH,3.28084,1e+06,8.79,83.33,380000 4312000,1,Tolerable,yellow,YES,236.12098,2679.351752,71.4576649999999
380000,4312000,CB4MH,36.08924,1e+06,0.1,70.7,380000 4312000,11,Unsuitable,black,YES,236.12098,2679.351752,71.4576649999999
380000,4312000,CB4MH,45.93176,1e+06,0.1,70.7,380000 4312000,14,Unsuitable,black,YES,236.12098,2679.351752,71.4576649999999
380000,4312000,CB4MH,39.37008,1e+06,0.1,70.7,380000 4312000,12,Unsuitable,black,YES,236.12098,2679.351752,71.4576649999999
380000,4312000,CB4MH,37.72966,1e+06,0.1,70.7,380000 4312000,11.5,Unsuitable,black,YES,236.12098,2679.351752,71.4576649999999
380000,4312000,CB4MH,1.64042,1e+06,10.38,84.18,380000 4312000,0.5,Tolerable,yellow,YES,236.12098,2679.351752,71.4576649999999
380000,4312000,CB4MH,31.16798,1e+06,0.1,71.19,380000 4312000,9.5,Unsuitable,black,YES,236.12098,2679.351752,71.4576649999999
380000,4312000,CB4MH,22.96588,1e+06,0.09,72.15,380000 4312000,7,Unsuitable,black,YES,236.12098,2679.351752,71.4576649999999
380000,4313000,CB4MH,6.56168,1e+06,6.71,82.3,380000 4313000,2,Suitable,dodgerblue,YES,236.12098,2679.973123,72.0790360000001
380000,4313000,CB4MH,9.84252,1e+06,4.97,81.92,380000 4313000,3,Suitable,dodgerblue,YES,236.12098,2679.973123,72.0790360000001
380000,4313000,CB4MH,1.64042,1e+06,10.51,84.15,380000 4313000,0.5,Tolerable,yellow,YES,236.12098,2679.973123,72.0790360000001
380000,4313000,CB4MH,0,1e+06,11.05,84.43,380000 4313000,0,Marginal,orange,YES,236.12098,2679.973123,72.0790360000001
380000,4313000,CB4MH,29.52756,1e+06,0.1,71.3,380000 4313000,9,Unsuitable,black,YES,236.12098,2679.973123,72.0790360000001
380000,4313000,CB4MH,19.68504,1e+06,0.09,74.17,380000 4313000,6,Unsuitable,black,YES,236.12098,2679.973123,72.0790360000001
380000,4313000,CB4MH,41.0105,1e+06,0.1,70.7,380000 4313000,12.5,Unsuitable,black,YES,236.12098,2679.973123,72.0790360000001
380000,4313000,CB4MH,13.12336,1e+06,1.29,79.46,380000 4313000,4,Unsuitable,black,YES,236.12098,2679.973123,72.0790360000001
380000,4313000,CB4MH,44.29134,1e+06,0.1,70.7,380000 4313000,13.5,Unsuitable,black,YES,236.12098,2679.973123,72.0790360000001
380000,4313000,CB4MH,42.65092,1e+06,0.1,70.7,380000 4313000,13,Unsuitable,black,YES,236.12098,2679.973123,72.0790360000001
380000,4313000,CB4MH,22.96588,1e+06,0.09,72.14,380000 4313000,7,Unsuitable,black,YES,236.12098,2679.973123,72.0790360000001
380000,4313000,CB4MH,39.37008,1e+06,0.1,70.7,380000 4313000,12,Unsuitable,black,YES,236.12098,2679.973123,72.0790360000001
380000,4313000,CB4MH,4.92126,1e+06,7.28,82.55,380000 4313000,1.5,Tolerable,yellow,YES,236.12098,2679.973123,72.0790360000001
380000,4313000,CB4MH,34.44882,1e+06,0.1,71.02,380000 4313000,10.5,Unsuitable,black,YES,236.12098,2679.973123,72.0790360000001
380000,4313000,CB4MH,16.4042,1e+06,0.54,78.2,380000 4313000,5,Unsuitable,black,YES,236.12098,2679.973123,72.0790360000001
380000,4313000,CB4MH,14.76378,1e+06,0.85,79.02,380000 4313000,4.5,Unsuitable,black,YES,236.12098,2679.973123,72.0790360000001
380000,4313000,CB4MH,26.24672,1e+06,0.1,71.64,380000 4313000,8,Unsuitable,black,YES,236.12098,2679.973123,72.0790360000001
380000,4313000,CB4MH,21.32546,1e+06,0.09,72.79,380000 4313000,6.5,Unsuitable,black,YES,236.12098,2679.973123,72.0790360000001
380000,4313000,CB4MH,37.72966,1e+06,0.1,70.7,380000 4313000,11.5,Unsuitable,black,YES,236.12098,2679.973123,72.0790360000001
380000,4313000,CB4MH,24.6063,1e+06,0.09,71.82,380000 4313000,7.5,Unsuitable,black,YES,236.12098,2679.973123,72.0790360000001
380000,4313000,CB4MH,31.16798,1e+06,0.1,71.2,380000 4313000,9.5,Unsuitable,black,YES,236.12098,2679.973123,72.0790360000001
380000,4313000,CB4MH,11.48294,1e+06,2.03,80.28,380000 4313000,3.5,Marginal,orange,YES,236.12098,2679.973123,72.0790360000001
380000,4313000,CB4MH,8.2021,1e+06,6.1,82.08,380000 4313000,2.5,Suitable,dodgerblue,YES,236.12098,2679.973123,72.0790360000001
380000,4313000,CB4MH,18.04462,1e+06,0.28,76.57,380000 4313000,5.5,Unsuitable,black,YES,236.12098,2679.973123,72.0790360000001
380000,4313000,CB4MH,32.8084,1e+06,0.1,71.1,380000 4313000,10,Unsuitable,black,YES,236.12098,2679.973123,72.0790360000001
380000,4313000,CB4MH,27.88714,1e+06,0.1,71.43,380000 4313000,8.5,Unsuitable,black,YES,236.12098,2679.973123,72.0790360000001
380000,4313000,CB4MH,3.28084,1e+06,8.88,83.28,380000 4313000,1,Tolerable,yellow,YES,236.12098,2679.973123,72.0790360000001
380000,4313000,CB4MH,36.08924,1e+06,0.1,70.7,380000 4313000,11,Unsuitable,black,YES,236.12098,2679.973123,72.0790360000001
380000,4323000,CB3MH,18.04462,1e+06,0.31,76.34,380000 4323000,5.5,Unsuitable,black,YES,236.12098,2686.186833,78.2927460000001
380000,4323000,CB3MH,0,1e+06,10.42,84.39,380000 4323000,0,Marginal,orange,YES,236.12098,2686.186833,78.2927460000001
380000,4323000,CB3MH,9.84252,1e+06,6.13,81.93,380000 4323000,3,Suitable,dodgerblue,YES,236.12098,2686.186833,78.2927460000001
380000,4323000,CB3MH,6.56168,1e+06,6.67,82.55,380000 4323000,2,Tolerable,yellow,YES,236.12098,2686.186833,78.2927460000001
380000,4323000,CB3MH,13.12336,1e+06,1.32,78.71,380000 4323000,4,Unsuitable,black,YES,236.12098,2686.186833,78.2927460000001
380000,4323000,CB3MH,1.64042,1e+06,9.82,84.09,380000 4323000,0.5,Tolerable,yellow,YES,236.12098,2686.186833,78.2927460000001
380000,4323000,CB3MH,4.92126,1e+06,7.35,82.95,380000 4323000,1.5,Tolerable,yellow,YES,236.12098,2686.186833,78.2927460000001
380000,4323000,CB3MH,8.2021,1e+06,6.74,82.1,380000 4323000,2.5,Suitable,dodgerblue,YES,236.12098,2686.186833,78.2927460000001
380000,4323000,CB3MH,14.76378,1e+06,0.9,78.25,380000 4323000,4.5,Unsuitable,black,YES,236.12098,2686.186833,78.2927460000001
380000,4323000,CB3MH,11.48294,1e+06,1.84,79.48,380000 4323000,3.5,Unsuitable,black,YES,236.12098,2686.186833,78.2927460000001
380000,4323000,CB3MH,3.28084,1e+06,8.48,83.44,380000 4323000,1,Tolerable,yellow,YES,236.12098,2686.186833,78.2927460000001
380000,4323000,CB3MH,19.68504,1e+06,0.1,74.17,380000 4323000,6,Unsuitable,black,YES,236.12098,2686.186833,78.2927460000001
380000,4323000,CB3MH,16.4042,1e+06,0.62,78.08,380000 4323000,5,Unsuitable,black,YES,236.12098,2686.186833,78.2927460000001
381000,4255000,CB4MH,1.64042,1e+06,7.35,82.78,381000 4255000,0.5,Tolerable,yellow,YES,236.742351,2643.933605,36.039518
381000,4255000,CB4MH,24.6063,1e+06,0.33,72.89,381000 4255000,7.5,Unsuitable,black,YES,236.742351,2643.933605,36.039518
381000,4255000,CB4MH,6.56168,1e+06,6.47,82.38,381000 4255000,2,Suitable,dodgerblue,YES,236.742351,2643.933605,36.039518
381000,4255000,CB4MH,14.76378,1e+06,2.32,78.69,381000 4255000,4.5,Marginal,orange,YES,236.742351,2643.933605,36.039518
381000,4255000,CB4MH,13.12336,1e+06,3.07,79.88,381000 4255000,4,Tolerable,yellow,YES,236.742351,2643.933605,36.039518
381000,4255000,CB4MH,3.28084,1e+06,7.15,82.74,381000 4255000,1,Tolerable,yellow,YES,236.742351,2643.933605,36.039518
381000,4255000,CB4MH,21.32546,1e+06,0.43,73.04,381000 4255000,6.5,Unsuitable,black,YES,236.742351,2643.933605,36.039518
381000,4255000,CB4MH,0,1e+06,7.45,82.8,381000 4255000,0,Tolerable,yellow,YES,236.742351,2643.933605,36.039518
381000,4255000,CB4MH,16.4042,1e+06,1.12,76.31,381000 4255000,5,Unsuitable,black,YES,236.742351,2643.933605,36.039518
381000,4255000,CB4MH,4.92126,1e+06,6.83,82.61,381000 4255000,1.5,Tolerable,yellow,YES,236.742351,2643.933605,36.039518
381000,4255000,CB4MH,27.88714,1e+06,0.46,72.73,381000 4255000,8.5,Unsuitable,black,YES,236.742351,2643.933605,36.039518
381000,4255000,CB4MH,36.08924,1e+06,0.64,72.86,381000 4255000,11,Unsuitable,black,YES,236.742351,2643.933605,36.039518
381000,4255000,CB4MH,22.96588,1e+06,0.38,73.04,381000 4255000,7,Unsuitable,black,YES,236.742351,2643.933605,36.039518
381000,4255000,CB4MH,29.52756,1e+06,0.46,72.77,381000 4255000,9,Unsuitable,black,YES,236.742351,2643.933605,36.039518
381000,4255000,CB4MH,41.0105,1e+06,0.95,72.88,381000 4255000,12.5,Unsuitable,black,YES,236.742351,2643.933605,36.039518
381000,4255000,CB4MH,19.68504,1e+06,0.47,73.31,381000 4255000,6,Unsuitable,black,YES,236.742351,2643.933605,36.039518
381000,4255000,CB4MH,18.04462,1e+06,0.54,74.13,381000 4255000,5.5,Unsuitable,black,YES,236.742351,2643.933605,36.039518
381000,4255000,CB4MH,32.8084,1e+06,0.55,72.85,381000 4255000,10,Unsuitable,black,YES,236.742351,2643.933605,36.039518
381000,4255000,CB4MH,9.84252,1e+06,5.09,81.64,381000 4255000,3,Suitable,dodgerblue,YES,236.742351,2643.933605,36.039518
381000,4255000,CB4MH,26.24672,1e+06,0.37,72.77,381000 4255000,8,Unsuitable,black,YES,236.742351,2643.933605,36.039518
381000,4255000,CB4MH,34.44882,1e+06,0.59,72.85,381000 4255000,10.5,Unsuitable,black,YES,236.742351,2643.933605,36.039518
381000,4255000,CB4MH,8.2021,1e+06,5.94,82.08,381000 4255000,2.5,Suitable,dodgerblue,YES,236.742351,2643.933605,36.039518
381000,4255000,CB4MH,31.16798,1e+06,0.5,72.85,381000 4255000,9.5,Unsuitable,black,YES,236.742351,2643.933605,36.039518
381000,4255000,CB4MH,11.48294,1e+06,3.71,80.63,381000 4255000,3.5,Tolerable,yellow,YES,236.742351,2643.933605,36.039518
381000,4255000,CB4MH,39.37008,1e+06,0.87,72.86,381000 4255000,12,Unsuitable,black,YES,236.742351,2643.933605,36.039518
381000,4255000,CB4MH,37.72966,1e+06,0.73,72.86,381000 4255000,11.5,Unsuitable,black,YES,236.742351,2643.933605,36.039518
381000,4256000,CB4MH,9.84252,1e+06,4.91,81.51,381000 4256000,3,Suitable,dodgerblue,YES,236.742351,2644.554976,36.6608889999998
381000,4256000,CB4MH,42.65092,1e+06,0.98,72.93,381000 4256000,13,Unsuitable,black,YES,236.742351,2644.554976,36.6608889999998
381000,4256000,CB4MH,24.6063,1e+06,0.31,72.95,381000 4256000,7.5,Unsuitable,black,YES,236.742351,2644.554976,36.6608889999998
381000,4256000,CB4MH,44.29134,1e+06,0.98,72.93,381000 4256000,13.5,Unsuitable,black,YES,236.742351,2644.554976,36.6608889999998
381000,4256000,CB4MH,41.0105,1e+06,0.92,72.86,381000 4256000,12.5,Unsuitable,black,YES,236.742351,2644.554976,36.6608889999998
381000,4256000,CB4MH,39.37008,1e+06,0.83,72.82,381000 4256000,12,Unsuitable,black,YES,236.742351,2644.554976,36.6608889999998
381000,4256000,CB4MH,32.8084,1e+06,0.53,72.81,381000 4256000,10,Unsuitable,black,YES,236.742351,2644.554976,36.6608889999998
381000,4256000,CB4MH,37.72966,1e+06,0.7,72.82,381000 4256000,11.5,Unsuitable,black,YES,236.742351,2644.554976,36.6608889999998
381000,4256000,CB4MH,27.88714,1e+06,0.43,72.74,381000 4256000,8.5,Unsuitable,black,YES,236.742351,2644.554976,36.6608889999998
381000,4256000,CB4MH,4.92126,1e+06,6.81,82.62,381000 4256000,1.5,Tolerable,yellow,YES,236.742351,2644.554976,36.6608889999998
381000,4256000,CB4MH,45.93176,1e+06,0.7,73.4,381000 4256000,14,Unsuitable,black,YES,236.742351,2644.554976,36.6608889999998
381000,4256000,CB4MH,14.76378,1e+06,2.34,78.74,381000 4256000,4.5,Marginal,orange,YES,236.742351,2644.554976,36.6608889999998
381000,4256000,CB4MH,0,1e+06,7.41,82.83,381000 4256000,0,Tolerable,yellow,YES,236.742351,2644.554976,36.6608889999998
381000,4256000,CB4MH,3.28084,1e+06,7.11,82.75,381000 4256000,1,Tolerable,yellow,YES,236.742351,2644.554976,36.6608889999998
381000,4256000,CB4MH,6.56168,1e+06,6.44,82.39,381000 4256000,2,Suitable,dodgerblue,YES,236.742351,2644.554976,36.6608889999998
381000,4256000,CB4MH,8.2021,1e+06,5.84,82.03,381000 4256000,2.5,Suitable,dodgerblue,YES,236.742351,2644.554976,36.6608889999998
381000,4256000,CB4MH,21.32546,1e+06,0.46,73.2,381000 4256000,6.5,Unsuitable,black,YES,236.742351,2644.554976,36.6608889999998
381000,4256000,CB4MH,1.64042,1e+06,7.32,82.8,381000 4256000,0.5,Tolerable,yellow,YES,236.742351,2644.554976,36.6608889999998
381000,4256000,CB4MH,36.08924,1e+06,0.61,72.82,381000 4256000,11,Unsuitable,black,YES,236.742351,2644.554976,36.6608889999998
381000,4256000,CB4MH,26.24672,1e+06,0.35,72.82,381000 4256000,8,Unsuitable,black,YES,236.742351,2644.554976,36.6608889999998
381000,4256000,CB4MH,18.04462,1e+06,0.68,74.39,381000 4256000,5.5,Unsuitable,black,YES,236.742351,2644.554976,36.6608889999998
381000,4256000,CB4MH,29.52756,1e+06,0.43,72.74,381000 4256000,9,Unsuitable,black,YES,236.742351,2644.554976,36.6608889999998
381000,4256000,CB4MH,34.44882,1e+06,0.57,72.81,381000 4256000,10.5,Unsuitable,black,YES,236.742351,2644.554976,36.6608889999998
381000,4256000,CB4MH,16.4042,1e+06,1.26,76.5,381000 4256000,5,Unsuitable,black,YES,236.742351,2644.554976,36.6608889999998
381000,4256000,CB4MH,19.68504,1e+06,0.57,73.53,381000 4256000,6,Unsuitable,black,YES,236.742351,2644.554976,36.6608889999998
381000,4256000,CB4MH,13.12336,1e+06,3.06,79.88,381000 4256000,4,Tolerable,yellow,YES,236.742351,2644.554976,36.6608889999998
381000,4256000,CB4MH,22.96588,1e+06,0.37,73.13,381000 4256000,7,Unsuitable,black,YES,236.742351,2644.554976,36.6608889999998
381000,4256000,CB4MH,11.48294,1e+06,3.6,80.49,381000 4256000,3.5,Tolerable,yellow,YES,236.742351,2644.554976,36.6608889999998
381000,4256000,CB4MH,31.16798,1e+06,0.48,72.8,381000 4256000,9.5,Unsuitable,black,YES,236.742351,2644.554976,36.6608889999998
381000,4314000,CB4MH,37.72966,1e+06,0.1,70.7,381000 4314000,11.5,Unsuitable,black,YES,236.742351,2680.594494,72.7004069999998
381000,4314000,CB4MH,6.56168,1e+06,6.89,82.17,381000 4314000,2,Suitable,dodgerblue,YES,236.742351,2680.594494,72.7004069999998
381000,4314000,CB4MH,36.08924,1e+06,0.1,70.7,381000 4314000,11,Unsuitable,black,YES,236.742351,2680.594494,72.7004069999998
381000,4314000,CB4MH,29.52756,1e+06,0.1,71.3,381000 4314000,9,Unsuitable,black,YES,236.742351,2680.594494,72.7004069999998
381000,4314000,CB4MH,9.84252,1e+06,4.96,81.72,381000 4314000,3,Suitable,dodgerblue,YES,236.742351,2680.594494,72.7004069999998
381000,4314000,CB4MH,18.04462,1e+06,0.31,76.64,381000 4314000,5.5,Unsuitable,black,YES,236.742351,2680.594494,72.7004069999998
381000,4314000,CB4MH,8.2021,1e+06,6.21,81.97,381000 4314000,2.5,Suitable,dodgerblue,YES,236.742351,2680.594494,72.7004069999998
381000,4314000,CB4MH,16.4042,1e+06,0.61,78.33,381000 4314000,5,Unsuitable,black,YES,236.742351,2680.594494,72.7004069999998
381000,4314000,CB4MH,3.28084,1e+06,9,83.21,381000 4314000,1,Tolerable,yellow,YES,236.742351,2680.594494,72.7004069999998
381000,4314000,CB4MH,1.64042,1e+06,10.85,84.2,381000 4314000,0.5,Tolerable,yellow,YES,236.742351,2680.594494,72.7004069999998
381000,4314000,CB4MH,24.6063,1e+06,0.1,71.81,381000 4314000,7.5,Unsuitable,black,YES,236.742351,2680.594494,72.7004069999998
381000,4314000,CB4MH,11.48294,1e+06,2.02,80.12,381000 4314000,3.5,Marginal,orange,YES,236.742351,2680.594494,72.7004069999998
381000,4314000,CB4MH,4.92126,1e+06,7.33,82.39,381000 4314000,1.5,Suitable,dodgerblue,YES,236.742351,2680.594494,72.7004069999998
381000,4314000,CB4MH,13.12336,1e+06,1.36,79.4,381000 4314000,4,Unsuitable,black,YES,236.742351,2680.594494,72.7004069999998
381000,4314000,CB4MH,34.44882,1e+06,0.1,71.01,381000 4314000,10.5,Unsuitable,black,YES,236.742351,2680.594494,72.7004069999998
381000,4314000,CB4MH,26.24672,1e+06,0.1,71.62,381000 4314000,8,Unsuitable,black,YES,236.742351,2680.594494,72.7004069999998
381000,4314000,CB4MH,39.37008,1e+06,0.1,70.7,381000 4314000,12,Unsuitable,black,YES,236.742351,2680.594494,72.7004069999998
381000,4314000,CB4MH,19.68504,1e+06,0.1,74.24,381000 4314000,6,Unsuitable,black,YES,236.742351,2680.594494,72.7004069999998
381000,4314000,CB4MH,27.88714,1e+06,0.1,71.42,381000 4314000,8.5,Unsuitable,black,YES,236.742351,2680.594494,72.7004069999998
381000,4314000,CB4MH,32.8084,1e+06,0.1,71.1,381000 4314000,10,Unsuitable,black,YES,236.742351,2680.594494,72.7004069999998
381000,4314000,CB4MH,21.32546,1e+06,0.1,72.8,381000 4314000,6.5,Unsuitable,black,YES,236.742351,2680.594494,72.7004069999998
381000,4314000,CB4MH,0,1e+06,11.41,84.48,381000 4314000,0,Marginal,orange,YES,236.742351,2680.594494,72.7004069999998
381000,4314000,CB4MH,14.76378,1e+06,0.94,79.05,381000 4314000,4.5,Unsuitable,black,YES,236.742351,2680.594494,72.7004069999998
381000,4314000,CB4MH,31.16798,1e+06,0.1,71.2,381000 4314000,9.5,Unsuitable,black,YES,236.742351,2680.594494,72.7004069999998
381000,4314000,CB4MH,22.96588,1e+06,0.1,72.12,381000 4314000,7,Unsuitable,black,YES,236.742351,2680.594494,72.7004069999998
381000,4315000,CB4MH,3.28084,1e+06,9.13,83.24,381000 4315000,1,Tolerable,yellow,YES,236.742351,2681.215865,73.321778
381000,4315000,CB4MH,24.6063,1e+06,0.1,71.81,381000 4315000,7.5,Unsuitable,black,YES,236.742351,2681.215865,73.321778
381000,4315000,CB4MH,4.92126,1e+06,7.32,82.35,381000 4315000,1.5,Suitable,dodgerblue,YES,236.742351,2681.215865,73.321778
381000,4315000,CB4MH,9.84252,1e+06,4.98,81.63,381000 4315000,3,Suitable,dodgerblue,YES,236.742351,2681.215865,73.321778
381000,4315000,CB4MH,0,1e+06,11.58,84.52,381000 4315000,0,Marginal,orange,YES,236.742351,2681.215865,73.321778
381000,4315000,CB4MH,37.72966,1e+06,0.1,70.7,381000 4315000,11.5,Unsuitable,black,YES,236.742351,2681.215865,73.321778
381000,4315000,CB4MH,31.16798,1e+06,0.1,71.2,381000 4315000,9.5,Unsuitable,black,YES,236.742351,2681.215865,73.321778
381000,4315000,CB4MH,36.08924,1e+06,0.1,70.7,381000 4315000,11,Unsuitable,black,YES,236.742351,2681.215865,73.321778
381000,4315000,CB4MH,27.88714,1e+06,0.1,71.41,381000 4315000,8.5,Unsuitable,black,YES,236.742351,2681.215865,73.321778
381000,4315000,CB4MH,6.56168,1e+06,6.87,82.16,381000 4315000,2,Suitable,dodgerblue,YES,236.742351,2681.215865,73.321778
381000,4315000,CB4MH,1.64042,1e+06,11.07,84.28,381000 4315000,0.5,Marginal,orange,YES,236.742351,2681.215865,73.321778
381000,4315000,CB4MH,26.24672,1e+06,0.1,71.61,381000 4315000,8,Unsuitable,black,YES,236.742351,2681.215865,73.321778
381000,4315000,CB4MH,11.48294,1e+06,2,80.02,381000 4315000,3.5,Marginal,orange,YES,236.742351,2681.215865,73.321778
381000,4315000,CB4MH,22.96588,1e+06,0.1,72.11,381000 4315000,7,Unsuitable,black,YES,236.742351,2681.215865,73.321778
381000,4315000,CB4MH,13.12336,1e+06,1.4,79.35,381000 4315000,4,Unsuitable,black,YES,236.742351,2681.215865,73.321778
381000,4315000,CB4MH,29.52756,1e+06,0.1,71.3,381000 4315000,9,Unsuitable,black,YES,236.742351,2681.215865,73.321778
381000,4315000,CB4MH,32.8084,1e+06,0.1,71.1,381000 4315000,10,Unsuitable,black,YES,236.742351,2681.215865,73.321778
381000,4315000,CB4MH,18.04462,1e+06,0.33,76.68,381000 4315000,5.5,Unsuitable,black,YES,236.742351,2681.215865,73.321778
381000,4315000,CB4MH,34.44882,1e+06,0.1,71.01,381000 4315000,10.5,Unsuitable,black,YES,236.742351,2681.215865,73.321778
381000,4315000,CB4MH,8.2021,1e+06,6.2,81.96,381000 4315000,2.5,Suitable,dodgerblue,YES,236.742351,2681.215865,73.321778
381000,4315000,CB4MH,16.4042,1e+06,0.65,78.42,381000 4315000,5,Unsuitable,black,YES,236.742351,2681.215865,73.321778
381000,4315000,CB4MH,21.32546,1e+06,0.1,72.8,381000 4315000,6.5,Unsuitable,black,YES,236.742351,2681.215865,73.321778
381000,4315000,CB4MH,19.68504,1e+06,0.1,74.27,381000 4315000,6,Unsuitable,black,YES,236.742351,2681.215865,73.321778
381000,4315000,CB4MH,14.76378,1e+06,0.99,79.08,381000 4315000,4.5,Unsuitable,black,YES,236.742351,2681.215865,73.321778
381000,4320000,CB3MH,11.48294,1e+06,1.96,79.77,381000 4320000,3.5,Unsuitable,black,YES,236.742351,2684.32272,76.428633
381000,4320000,CB3MH,9.84252,1e+06,6.56,82.11,381000 4320000,3,Suitable,dodgerblue,YES,236.742351,2684.32272,76.428633
381000,4320000,CB3MH,13.12336,1e+06,1.41,79.11,381000 4320000,4,Unsuitable,black,YES,236.742351,2684.32272,76.428633
381000,4320000,CB3MH,21.32546,1e+06,0.1,72.81,381000 4320000,6.5,Unsuitable,black,YES,236.742351,2684.32272,76.428633
381000,4320000,CB3MH,0,1e+06,10.68,84.07,381000 4320000,0,Tolerable,yellow,YES,236.742351,2684.32272,76.428633
381000,4320000,CB3MH,1.64042,1e+06,10.16,83.78,381000 4320000,0.5,Tolerable,yellow,YES,236.742351,2684.32272,76.428633
381000,4320000,CB3MH,3.28084,1e+06,8.86,83.11,381000 4320000,1,Tolerable,yellow,YES,236.742351,2684.32272,76.428633
381000,4320000,CB3MH,6.56168,1e+06,7.34,82.39,381000 4320000,2,Suitable,dodgerblue,YES,236.742351,2684.32272,76.428633
381000,4320000,CB3MH,18.04462,1e+06,0.34,76.58,381000 4320000,5.5,Unsuitable,black,YES,236.742351,2684.32272,76.428633
381000,4320000,CB3MH,14.76378,1e+06,1,78.83,381000 4320000,4.5,Unsuitable,black,YES,236.742351,2684.32272,76.428633
381000,4320000,CB3MH,4.92126,1e+06,7.76,82.62,381000 4320000,1.5,Tolerable,yellow,YES,236.742351,2684.32272,76.428633
381000,4320000,CB3MH,16.4042,1e+06,0.67,78.37,381000 4320000,5,Unsuitable,black,YES,236.742351,2684.32272,76.428633
381000,4320000,CB3MH,8.2021,1e+06,6.93,82.18,381000 4320000,2.5,Suitable,dodgerblue,YES,236.742351,2684.32272,76.428633
381000,4320000,CB3MH,19.68504,1e+06,0.1,74.27,381000 4320000,6,Unsuitable,black,YES,236.742351,2684.32272,76.428633
381000,4320000,CB3MH,22.96588,1e+06,0.1,72.13,381000 4320000,7,Unsuitable,black,YES,236.742351,2684.32272,76.428633
381000,4321000,CB3MH,19.68504,1e+06,0.1,74.25,381000 4321000,6,Unsuitable,black,YES,236.742351,2684.944091,77.0500039999997
381000,4321000,CB3MH,11.48294,1e+06,1.94,79.7,381000 4321000,3.5,Unsuitable,black,YES,236.742351,2684.944091,77.0500039999997
381000,4321000,CB3MH,14.76378,1e+06,0.98,78.69,381000 4321000,4.5,Unsuitable,black,YES,236.742351,2684.944091,77.0500039999997
381000,4321000,CB3MH,0,1e+06,10.67,84.14,381000 4321000,0,Tolerable,yellow,YES,236.742351,2684.944091,77.0500039999997
381000,4321000,CB3MH,21.32546,1e+06,0.1,72.82,381000 4321000,6.5,Unsuitable,black,YES,236.742351,2684.944091,77.0500039999997
381000,4321000,CB3MH,18.04462,1e+06,0.33,76.52,381000 4321000,5.5,Unsuitable,black,YES,236.742351,2684.944091,77.0500039999997
381000,4321000,CB3MH,22.96588,1e+06,0.1,72.14,381000 4321000,7,Unsuitable,black,YES,236.742351,2684.944091,77.0500039999997
381000,4321000,CB3MH,13.12336,1e+06,1.4,79.02,381000 4321000,4,Unsuitable,black,YES,236.742351,2684.944091,77.0500039999997
381000,4321000,CB3MH,8.2021,1e+06,6.79,82.12,381000 4321000,2.5,Suitable,dodgerblue,YES,236.742351,2684.944091,77.0500039999997
381000,4321000,CB3MH,6.56168,1e+06,7.15,82.37,381000 4321000,2,Suitable,dodgerblue,YES,236.742351,2684.944091,77.0500039999997
381000,4321000,CB3MH,3.28084,1e+06,8.72,83.13,381000 4321000,1,Tolerable,yellow,YES,236.742351,2684.944091,77.0500039999997
381000,4321000,CB3MH,24.6063,1e+06,0.1,71.81,381000 4321000,7.5,Unsuitable,black,YES,236.742351,2684.944091,77.0500039999997
381000,4321000,CB3MH,16.4042,1e+06,0.66,78.29,381000 4321000,5,Unsuitable,black,YES,236.742351,2684.944091,77.0500039999997
381000,4321000,CB3MH,9.84252,1e+06,6.33,82.02,381000 4321000,3,Suitable,dodgerblue,YES,236.742351,2684.944091,77.0500039999997
381000,4321000,CB3MH,1.64042,1e+06,10.09,83.83,381000 4321000,0.5,Tolerable,yellow,YES,236.742351,2684.944091,77.0500039999997
381000,4321000,CB3MH,4.92126,1e+06,7.61,82.64,381000 4321000,1.5,Tolerable,yellow,YES,236.742351,2684.944091,77.0500039999997
382000,4253000,CB4MH,34.44882,1e+06,0.62,72.9,382000 4253000,10.5,Unsuitable,black,YES,237.363722,2642.690863,34.7967760000001
382000,4253000,CB4MH,44.29134,1e+06,1,72.9,382000 4253000,13.5,Unsuitable,black,YES,237.363722,2642.690863,34.7967760000001
382000,4253000,CB4MH,8.2021,1e+06,6.17,82.27,382000 4253000,2.5,Suitable,dodgerblue,YES,237.363722,2642.690863,34.7967760000001
382000,4253000,CB4MH,36.08924,1e+06,0.67,72.9,382000 4253000,11,Unsuitable,black,YES,237.363722,2642.690863,34.7967760000001
382000,4253000,CB4MH,19.68504,1e+06,0.36,73.02,382000 4253000,6,Unsuitable,black,YES,237.363722,2642.690863,34.7967760000001
382000,4253000,CB4MH,41.0105,1e+06,1,72.9,382000 4253000,12.5,Unsuitable,black,YES,237.363722,2642.690863,34.7967760000001
382000,4253000,CB4MH,9.84252,1e+06,5.41,81.95,382000 4253000,3,Suitable,dodgerblue,YES,237.363722,2642.690863,34.7967760000001
382000,4253000,CB4MH,21.32546,1e+06,0.4,72.82,382000 4253000,6.5,Unsuitable,black,YES,237.363722,2642.690863,34.7967760000001
382000,4253000,CB4MH,31.16798,1e+06,0.52,72.9,382000 4253000,9.5,Unsuitable,black,YES,237.363722,2642.690863,34.7967760000001
382000,4253000,CB4MH,37.72966,1e+06,0.77,72.9,382000 4253000,11.5,Unsuitable,black,YES,237.363722,2642.690863,34.7967760000001
382000,4253000,CB4MH,27.88714,1e+06,0.5,72.7,382000 4253000,8.5,Unsuitable,black,YES,237.363722,2642.690863,34.7967760000001
382000,4253000,CB4MH,26.24672,1e+06,0.4,72.71,382000 4253000,8,Unsuitable,black,YES,237.363722,2642.690863,34.7967760000001
382000,4253000,CB4MH,24.6063,1e+06,0.35,72.81,382000 4253000,7.5,Unsuitable,black,YES,237.363722,2642.690863,34.7967760000001
382000,4253000,CB4MH,0,1e+06,7.54,82.8,382000 4253000,0,Tolerable,yellow,YES,237.363722,2642.690863,34.7967760000001
382000,4253000,CB4MH,14.76378,1e+06,2.3,78.7,382000 4253000,4.5,Marginal,orange,YES,237.363722,2642.690863,34.7967760000001
382000,4253000,CB4MH,16.4042,1e+06,0.96,76.11,382000 4253000,5,Unsuitable,black,YES,237.363722,2642.690863,34.7967760000001
382000,4253000,CB4MH,1.64042,1e+06,7.44,82.8,382000 4253000,0.5,Tolerable,yellow,YES,237.363722,2642.690863,34.7967760000001
382000,4253000,CB4MH,18.04462,1e+06,0.36,73.82,382000 4253000,5.5,Unsuitable,black,YES,237.363722,2642.690863,34.7967760000001
382000,4253000,CB4MH,29.52756,1e+06,0.5,72.8,382000 4253000,9,Unsuitable,black,YES,237.363722,2642.690863,34.7967760000001
382000,4253000,CB4MH,6.56168,1e+06,6.58,82.48,382000 4253000,2,Tolerable,yellow,YES,237.363722,2642.690863,34.7967760000001
382000,4253000,CB4MH,13.12336,1e+06,3.05,79.9,382000 4253000,4,Tolerable,yellow,YES,237.363722,2642.690863,34.7967760000001
382000,4253000,CB4MH,3.28084,1e+06,7.24,82.79,382000 4253000,1,Tolerable,yellow,YES,237.363722,2642.690863,34.7967760000001
382000,4253000,CB4MH,42.65092,1e+06,1,72.9,382000 4253000,13,Unsuitable,black,YES,237.363722,2642.690863,34.7967760000001
382000,4253000,CB4MH,22.96588,1e+06,0.4,72.91,382000 4253000,7,Unsuitable,black,YES,237.363722,2642.690863,34.7967760000001
382000,4253000,CB4MH,32.8084,1e+06,0.57,72.9,382000 4253000,10,Unsuitable,black,YES,237.363722,2642.690863,34.7967760000001
382000,4253000,CB4MH,11.48294,1e+06,3.92,80.95,382000 4253000,3.5,Tolerable,yellow,YES,237.363722,2642.690863,34.7967760000001
382000,4253000,CB4MH,4.92126,1e+06,6.93,82.68,382000 4253000,1.5,Tolerable,yellow,YES,237.363722,2642.690863,34.7967760000001
382000,4253000,CB4MH,39.37008,1e+06,0.92,72.9,382000 4253000,12,Unsuitable,black,YES,237.363722,2642.690863,34.7967760000001
382000,4254000,CB4MH,19.68504,1e+06,0.38,73.09,382000 4254000,6,Unsuitable,black,YES,237.363722,2643.312234,35.4181469999999
382000,4254000,CB4MH,13.12336,1e+06,3.06,79.9,382000 4254000,4,Tolerable,yellow,YES,237.363722,2643.312234,35.4181469999999
382000,4254000,CB4MH,32.8084,1e+06,0.57,72.89,382000 4254000,10,Unsuitable,black,YES,237.363722,2643.312234,35.4181469999999
382000,4254000,CB4MH,8.2021,1e+06,6.1,82.21,382000 4254000,2.5,Suitable,dodgerblue,YES,237.363722,2643.312234,35.4181469999999
382000,4254000,CB4MH,14.76378,1e+06,2.3,78.69,382000 4254000,4.5,Marginal,orange,YES,237.363722,2643.312234,35.4181469999999
382000,4254000,CB4MH,36.08924,1e+06,0.66,72.89,382000 4254000,11,Unsuitable,black,YES,237.363722,2643.312234,35.4181469999999
382000,4254000,CB4MH,41.0105,1e+06,0.98,72.9,382000 4254000,12.5,Unsuitable,black,YES,237.363722,2643.312234,35.4181469999999
382000,4254000,CB4MH,9.84252,1e+06,5.31,81.86,382000 4254000,3,Suitable,dodgerblue,YES,237.363722,2643.312234,35.4181469999999
382000,4254000,CB4MH,45.93176,1e+06,0.7,73.4,382000 4254000,14,Unsuitable,black,YES,237.363722,2643.312234,35.4181469999999
382000,4254000,CB4MH,4.92126,1e+06,6.9,82.67,382000 4254000,1.5,Tolerable,yellow,YES,237.363722,2643.312234,35.4181469999999
382000,4254000,CB4MH,3.28084,1e+06,7.21,82.78,382000 4254000,1,Tolerable,yellow,YES,237.363722,2643.312234,35.4181469999999
382000,4254000,CB4MH,24.6063,1e+06,0.34,72.83,382000 4254000,7.5,Unsuitable,black,YES,237.363722,2643.312234,35.4181469999999
382000,4254000,CB4MH,27.88714,1e+06,0.49,72.71,382000 4254000,8.5,Unsuitable,black,YES,237.363722,2643.312234,35.4181469999999
382000,4254000,CB4MH,39.37008,1e+06,0.91,72.89,382000 4254000,12,Unsuitable,black,YES,237.363722,2643.312234,35.4181469999999
382000,4254000,CB4MH,21.32546,1e+06,0.41,72.87,382000 4254000,6.5,Unsuitable,black,YES,237.363722,2643.312234,35.4181469999999
382000,4254000,CB4MH,11.48294,1e+06,3.85,80.86,382000 4254000,3.5,Tolerable,yellow,YES,237.363722,2643.312234,35.4181469999999
382000,4254000,CB4MH,26.24672,1e+06,0.39,72.72,382000 4254000,8,Unsuitable,black,YES,237.363722,2643.312234,35.4181469999999
382000,4254000,CB4MH,22.96588,1e+06,0.39,72.94,382000 4254000,7,Unsuitable,black,YES,237.363722,2643.312234,35.4181469999999
382000,4254000,CB4MH,29.52756,1e+06,0.49,72.79,382000 4254000,9,Unsuitable,black,YES,237.363722,2643.312234,35.4181469999999
382000,4254000,CB4MH,37.72966,1e+06,0.76,72.89,382000 4254000,11.5,Unsuitable,black,YES,237.363722,2643.312234,35.4181469999999
382000,4254000,CB4MH,16.4042,1e+06,1,76.15,382000 4254000,5,Unsuitable,black,YES,237.363722,2643.312234,35.4181469999999
382000,4254000,CB4MH,31.16798,1e+06,0.52,72.89,382000 4254000,9.5,Unsuitable,black,YES,237.363722,2643.312234,35.4181469999999
382000,4254000,CB4MH,6.56168,1e+06,6.54,82.45,382000 4254000,2,Tolerable,yellow,YES,237.363722,2643.312234,35.4181469999999
382000,4254000,CB4MH,1.64042,1e+06,7.42,82.8,382000 4254000,0.5,Tolerable,yellow,YES,237.363722,2643.312234,35.4181469999999
382000,4254000,CB4MH,34.44882,1e+06,0.62,72.89,382000 4254000,10.5,Unsuitable,black,YES,237.363722,2643.312234,35.4181469999999
382000,4254000,CB4MH,42.65092,1e+06,0.99,72.91,382000 4254000,13,Unsuitable,black,YES,237.363722,2643.312234,35.4181469999999
382000,4254000,CB4MH,44.29134,1e+06,1,72.91,382000 4254000,13.5,Unsuitable,black,YES,237.363722,2643.312234,35.4181469999999
382000,4254000,CB4MH,18.04462,1e+06,0.4,73.89,382000 4254000,5.5,Unsuitable,black,YES,237.363722,2643.312234,35.4181469999999
382000,4254000,CB4MH,0,1e+06,7.52,82.8,382000 4254000,0,Tolerable,yellow,YES,237.363722,2643.312234,35.4181469999999
382000,4316000,CB4MH,26.24672,1e+06,0.1,71.6,382000 4316000,8,Unsuitable,black,YES,237.363722,2681.837236,73.9431489999997
382000,4316000,CB4MH,6.56168,1e+06,6.46,81.98,382000 4316000,2,Suitable,dodgerblue,YES,237.363722,2681.837236,73.9431489999997
382000,4316000,CB4MH,16.4042,1e+06,0.69,78.48,382000 4316000,5,Unsuitable,black,YES,237.363722,2681.837236,73.9431489999997
382000,4316000,CB4MH,4.92126,1e+06,6.95,82.13,382000 4316000,1.5,Suitable,dodgerblue,YES,237.363722,2681.837236,73.9431489999997
382000,4316000,CB4MH,0,1e+06,12.41,84.9,382000 4316000,0,Marginal,orange,YES,237.363722,2681.837236,73.9431489999997
382000,4316000,CB4MH,14.76378,1e+06,1.04,79.1,382000 4316000,4.5,Unsuitable,black,YES,237.363722,2681.837236,73.9431489999997
382000,4316000,CB4MH,1.64042,1e+06,11.92,84.72,382000 4316000,0.5,Marginal,orange,YES,237.363722,2681.837236,73.9431489999997
382000,4316000,CB4MH,21.32546,1e+06,0.1,72.8,382000 4316000,6.5,Unsuitable,black,YES,237.363722,2681.837236,73.9431489999997
382000,4316000,CB4MH,19.68504,1e+06,0.1,74.29,382000 4316000,6,Unsuitable,black,YES,237.363722,2681.837236,73.9431489999997
382000,4316000,CB4MH,13.12336,1e+06,1.44,79.31,382000 4316000,4,Unsuitable,black,YES,237.363722,2681.837236,73.9431489999997
382000,4316000,CB4MH,3.28084,1e+06,9.41,83.37,382000 4316000,1,Tolerable,yellow,YES,237.363722,2681.837236,73.9431489999997
382000,4316000,CB4MH,9.84252,1e+06,4.02,81.16,382000 4316000,3,Suitable,dodgerblue,YES,237.363722,2681.837236,73.9431489999997
382000,4316000,CB4MH,24.6063,1e+06,0.1,71.8,382000 4316000,7.5,Unsuitable,black,YES,237.363722,2681.837236,73.9431489999997
382000,4316000,CB4MH,29.52756,1e+06,0.1,71.3,382000 4316000,9,Unsuitable,black,YES,237.363722,2681.837236,73.9431489999997
382000,4316000,CB4MH,11.48294,1e+06,2,79.93,382000 4316000,3.5,Marginal,orange,YES,237.363722,2681.837236,73.9431489999997
382000,4316000,CB4MH,27.88714,1e+06,0.1,71.4,382000 4316000,8.5,Unsuitable,black,YES,237.363722,2681.837236,73.9431489999997
382000,4316000,CB4MH,8.2021,1e+06,5.7,81.77,382000 4316000,2.5,Suitable,dodgerblue,YES,237.363722,2681.837236,73.9431489999997
382000,4316000,CB4MH,31.16798,1e+06,0.1,71.2,382000 4316000,9.5,Unsuitable,black,YES,237.363722,2681.837236,73.9431489999997
382000,4316000,CB4MH,18.04462,1e+06,0.35,76.7,382000 4316000,5.5,Unsuitable,black,YES,237.363722,2681.837236,73.9431489999997
382000,4316000,CB4MH,34.44882,1e+06,0.1,71,382000 4316000,10.5,Unsuitable,black,YES,237.363722,2681.837236,73.9431489999997
382000,4316000,CB4MH,32.8084,1e+06,0.1,71.1,382000 4316000,10,Unsuitable,black,YES,237.363722,2681.837236,73.9431489999997
382000,4316000,CB4MH,22.96588,1e+06,0.1,72.1,382000 4316000,7,Unsuitable,black,YES,237.363722,2681.837236,73.9431489999997
382000,4317000,CB3MH,11.48294,1e+06,2,79.9,382000 4317000,3.5,Marginal,orange,YES,237.363722,2682.458607,74.5645199999999
382000,4317000,CB3MH,4.92126,1e+06,6.73,82.01,382000 4317000,1.5,Suitable,dodgerblue,YES,237.363722,2682.458607,74.5645199999999
382000,4317000,CB3MH,29.52756,1e+06,0.1,71.3,382000 4317000,9,Unsuitable,black,YES,237.363722,2682.458607,74.5645199999999
382000,4317000,CB3MH,21.32546,1e+06,0.1,72.8,382000 4317000,6.5,Unsuitable,black,YES,237.363722,2682.458607,74.5645199999999
382000,4317000,CB3MH,24.6063,1e+06,0.1,71.8,382000 4317000,7.5,Unsuitable,black,YES,237.363722,2682.458607,74.5645199999999
382000,4317000,CB3MH,6.56168,1e+06,6.15,81.91,382000 4317000,2,Suitable,dodgerblue,YES,237.363722,2682.458607,74.5645199999999
382000,4317000,CB3MH,8.2021,1e+06,5.35,81.71,382000 4317000,2.5,Suitable,dodgerblue,YES,237.363722,2682.458607,74.5645199999999
382000,4317000,CB3MH,13.12336,1e+06,1.45,79.3,382000 4317000,4,Unsuitable,black,YES,237.363722,2682.458607,74.5645199999999
382000,4317000,CB3MH,1.64042,1e+06,12.97,85.3,382000 4317000,0.5,Marginal,orange,YES,237.363722,2682.458607,74.5645199999999
382000,4317000,CB3MH,3.28084,1e+06,9.95,83.65,382000 4317000,1,Tolerable,yellow,YES,237.363722,2682.458607,74.5645199999999
382000,4317000,CB3MH,26.24672,1e+06,0.1,71.6,382000 4317000,8,Unsuitable,black,YES,237.363722,2682.458607,74.5645199999999
382000,4317000,CB3MH,32.8084,1e+06,0.1,71.1,382000 4317000,10,Unsuitable,black,YES,237.363722,2682.458607,74.5645199999999
382000,4317000,CB3MH,22.96588,1e+06,0.1,72.1,382000 4317000,7,Unsuitable,black,YES,237.363722,2682.458607,74.5645199999999
382000,4317000,CB3MH,27.88714,1e+06,0.1,71.4,382000 4317000,8.5,Unsuitable,black,YES,237.363722,2682.458607,74.5645199999999
382000,4317000,CB3MH,0,1e+06,13.26,85.33,382000 4317000,0,Marginal,orange,YES,237.363722,2682.458607,74.5645199999999
382000,4317000,CB3MH,34.44882,1e+06,0.1,71,382000 4317000,10.5,Unsuitable,black,YES,237.363722,2682.458607,74.5645199999999
382000,4317000,CB3MH,16.4042,1e+06,0.7,78.5,382000 4317000,5,Unsuitable,black,YES,237.363722,2682.458607,74.5645199999999
382000,4317000,CB3MH,31.16798,1e+06,0.1,71.2,382000 4317000,9.5,Unsuitable,black,YES,237.363722,2682.458607,74.5645199999999
382000,4317000,CB3MH,18.04462,1e+06,0.35,76.7,382000 4317000,5.5,Unsuitable,black,YES,237.363722,2682.458607,74.5645199999999
382000,4317000,CB3MH,9.84252,1e+06,3.51,80.92,382000 4317000,3,Tolerable,yellow,YES,237.363722,2682.458607,74.5645199999999
382000,4317000,CB3MH,19.68504,1e+06,0.1,74.3,382000 4317000,6,Unsuitable,black,YES,237.363722,2682.458607,74.5645199999999
382000,4317000,CB3MH,14.76378,1e+06,1.05,79.1,382000 4317000,4.5,Unsuitable,black,YES,237.363722,2682.458607,74.5645199999999
383000,4250000,CB4MH,41.0105,1e+06,0.96,72.93,383000 4250000,12.5,Unsuitable,black,YES,237.985093,2640.82675,32.9326630000001
383000,4250000,CB4MH,44.29134,1e+06,0.98,72.94,383000 4250000,13.5,Unsuitable,black,YES,237.985093,2640.82675,32.9326630000001
383000,4250000,CB4MH,11.48294,1e+06,3.73,80.54,383000 4250000,3.5,Tolerable,yellow,YES,237.985093,2640.82675,32.9326630000001
383000,4250000,CB4MH,45.93176,1e+06,0.7,73.4,383000 4250000,14,Unsuitable,black,YES,237.985093,2640.82675,32.9326630000001
383000,4250000,CB4MH,47.57218,1e+06,0.77,73.4,383000 4250000,14.5,Unsuitable,black,YES,237.985093,2640.82675,32.9326630000001
383000,4250000,CB4MH,34.44882,1e+06,0.61,72.92,383000 4250000,10.5,Unsuitable,black,YES,237.985093,2640.82675,32.9326630000001
383000,4250000,CB4MH,16.4042,1e+06,0.98,76.09,383000 4250000,5,Unsuitable,black,YES,237.985093,2640.82675,32.9326630000001
383000,4250000,CB4MH,24.6063,1e+06,0.34,72.87,383000 4250000,7.5,Unsuitable,black,YES,237.985093,2640.82675,32.9326630000001
383000,4250000,CB4MH,37.72966,1e+06,0.75,72.93,383000 4250000,11.5,Unsuitable,black,YES,237.985093,2640.82675,32.9326630000001
383000,4250000,CB4MH,0,1e+06,7.45,82.73,383000 4250000,0,Tolerable,yellow,YES,237.985093,2640.82675,32.9326630000001
383000,4250000,CB4MH,26.24672,1e+06,0.39,72.77,383000 4250000,8,Unsuitable,black,YES,237.985093,2640.82675,32.9326630000001
383000,4250000,CB4MH,42.65092,1e+06,0.98,72.94,383000 4250000,13,Unsuitable,black,YES,237.985093,2640.82675,32.9326630000001
383000,4250000,CB4MH,49.2126,1e+06,0.93,73.4,383000 4250000,15,Unsuitable,black,YES,237.985093,2640.82675,32.9326630000001
383000,4250000,CB4MH,8.2021,1e+06,5.85,81.9,383000 4250000,2.5,Suitable,dodgerblue,YES,237.985093,2640.82675,32.9326630000001
383000,4250000,CB4MH,36.08924,1e+06,0.65,72.93,383000 4250000,11,Unsuitable,black,YES,237.985093,2640.82675,32.9326630000001
383000,4250000,CB4MH,18.04462,1e+06,0.42,73.92,383000 4250000,5.5,Unsuitable,black,YES,237.985093,2640.82675,32.9326630000001
383000,4250000,CB4MH,22.96588,1e+06,0.39,73,383000 4250000,7,Unsuitable,black,YES,237.985093,2640.82675,32.9326630000001
383000,4250000,CB4MH,39.37008,1e+06,0.89,72.93,383000 4250000,12,Unsuitable,black,YES,237.985093,2640.82675,32.9326630000001
383000,4250000,CB4MH,27.88714,1e+06,0.48,72.75,383000 4250000,8.5,Unsuitable,black,YES,237.985093,2640.82675,32.9326630000001
383000,4250000,CB4MH,14.76378,1e+06,2.25,78.62,383000 4250000,4.5,Marginal,orange,YES,237.985093,2640.82675,32.9326630000001
383000,4250000,CB4MH,3.28084,1e+06,7.11,82.65,383000 4250000,1,Tolerable,yellow,YES,237.985093,2640.82675,32.9326630000001
383000,4250000,CB4MH,9.84252,1e+06,5.07,81.51,383000 4250000,3,Suitable,dodgerblue,YES,237.985093,2640.82675,32.9326630000001
383000,4250000,CB4MH,50.85302,1e+06,1,73.4,383000 4250000,15.5,Unsuitable,black,YES,237.985093,2640.82675,32.9326630000001
383000,4250000,CB4MH,13.12336,1e+06,3.1,79.93,383000 4250000,4,Tolerable,yellow,YES,237.985093,2640.82675,32.9326630000001
383000,4250000,CB4MH,32.8084,1e+06,0.56,72.92,383000 4250000,10,Unsuitable,black,YES,237.985093,2640.82675,32.9326630000001
383000,4250000,CB4MH,19.68504,1e+06,0.39,73.15,383000 4250000,6,Unsuitable,black,YES,237.985093,2640.82675,32.9326630000001
383000,4250000,CB4MH,21.32546,1e+06,0.41,72.94,383000 4250000,6.5,Unsuitable,black,YES,237.985093,2640.82675,32.9326630000001
383000,4250000,CB4MH,1.64042,1e+06,7.35,82.71,383000 4250000,0.5,Tolerable,yellow,YES,237.985093,2640.82675,32.9326630000001
383000,4250000,CB4MH,31.16798,1e+06,0.51,72.91,383000 4250000,9.5,Unsuitable,black,YES,237.985093,2640.82675,32.9326630000001
383000,4250000,CB4MH,4.92126,1e+06,6.75,82.48,383000 4250000,1.5,Tolerable,yellow,YES,237.985093,2640.82675,32.9326630000001
383000,4250000,CB4MH,6.56168,1e+06,6.34,82.2,383000 4250000,2,Suitable,dodgerblue,YES,237.985093,2640.82675,32.9326630000001
383000,4250000,CB4MH,29.52756,1e+06,0.48,72.82,383000 4250000,9,Unsuitable,black,YES,237.985093,2640.82675,32.9326630000001
383000,4251000,CB4MH,29.52756,1e+06,0.49,72.8,383000 4251000,9,Unsuitable,black,YES,237.985093,2641.448121,33.5540339999998
383000,4251000,CB4MH,49.2126,1e+06,0.93,73.4,383000 4251000,15,Unsuitable,black,YES,237.985093,2641.448121,33.5540339999998
383000,4251000,CB4MH,50.85302,1e+06,1,73.4,383000 4251000,15.5,Unsuitable,black,YES,237.985093,2641.448121,33.5540339999998
383000,4251000,CB4MH,27.88714,1e+06,0.49,72.72,383000 4251000,8.5,Unsuitable,black,YES,237.985093,2641.448121,33.5540339999998
383000,4251000,CB4MH,39.37008,1e+06,0.91,72.91,383000 4251000,12,Unsuitable,black,YES,237.985093,2641.448121,33.5540339999998
383000,4251000,CB4MH,31.16798,1e+06,0.52,72.9,383000 4251000,9.5,Unsuitable,black,YES,237.985093,2641.448121,33.5540339999998
383000,4251000,CB4MH,36.08924,1e+06,0.67,72.91,383000 4251000,11,Unsuitable,black,YES,237.985093,2641.448121,33.5540339999998
383000,4251000,CB4MH,47.57218,1e+06,0.77,73.4,383000 4251000,14.5,Unsuitable,black,YES,237.985093,2641.448121,33.5540339999998
383000,4251000,CB4MH,44.29134,1e+06,0.99,72.91,383000 4251000,13.5,Unsuitable,black,YES,237.985093,2641.448121,33.5540339999998
383000,4251000,CB4MH,18.04462,1e+06,0.38,73.85,383000 4251000,5.5,Unsuitable,black,YES,237.985093,2641.448121,33.5540339999998
383000,4251000,CB4MH,24.6063,1e+06,0.35,72.83,383000 4251000,7.5,Unsuitable,black,YES,237.985093,2641.448121,33.5540339999998
383000,4251000,CB4MH,52.49344,1e+06,1,73.4,383000 4251000,16,Unsuitable,black,YES,237.985093,2641.448121,33.5540339999998
383000,4251000,CB4MH,45.93176,1e+06,0.7,73.4,383000 4251000,14,Unsuitable,black,YES,237.985093,2641.448121,33.5540339999998
383000,4251000,CB4MH,37.72966,1e+06,0.77,72.91,383000 4251000,11.5,Unsuitable,black,YES,237.985093,2641.448121,33.5540339999998
383000,4251000,CB4MH,11.48294,1e+06,3.87,80.84,383000 4251000,3.5,Tolerable,yellow,YES,237.985093,2641.448121,33.5540339999998
383000,4251000,CB4MH,4.92126,1e+06,6.88,82.63,383000 4251000,1.5,Tolerable,yellow,YES,237.985093,2641.448121,33.5540339999998
383000,4251000,CB4MH,16.4042,1e+06,0.97,76.11,383000 4251000,5,Unsuitable,black,YES,237.985093,2641.448121,33.5540339999998
383000,4251000,CB4MH,34.44882,1e+06,0.62,72.9,383000 4251000,10.5,Unsuitable,black,YES,237.985093,2641.448121,33.5540339999998
383000,4251000,CB4MH,32.8084,1e+06,0.57,72.9,383000 4251000,10,Unsuitable,black,YES,237.985093,2641.448121,33.5540339999998
383000,4251000,CB4MH,13.12336,1e+06,3.07,79.91,383000 4251000,4,Tolerable,yellow,YES,237.985093,2641.448121,33.5540339999998
383000,4251000,CB4MH,3.28084,1e+06,7.2,82.75,383000 4251000,1,Tolerable,yellow,YES,237.985093,2641.448121,33.5540339999998
383000,4251000,CB4MH,22.96588,1e+06,0.4,72.94,383000 4251000,7,Unsuitable,black,YES,237.985093,2641.448121,33.5540339999998
383000,4251000,CB4MH,0,1e+06,7.51,82.78,383000 4251000,0,Tolerable,yellow,YES,237.985093,2641.448121,33.5540339999998
383000,4251000,CB4MH,42.65092,1e+06,0.99,72.91,383000 4251000,13,Unsuitable,black,YES,237.985093,2641.448121,33.5540339999998
383000,4251000,CB4MH,21.32546,1e+06,0.4,72.85,383000 4251000,6.5,Unsuitable,black,YES,237.985093,2641.448121,33.5540339999998
383000,4251000,CB4MH,8.2021,1e+06,6.08,82.17,383000 4251000,2.5,Suitable,dodgerblue,YES,237.985093,2641.448121,33.5540339999998
383000,4251000,CB4MH,14.76378,1e+06,2.29,78.67,383000 4251000,4.5,Marginal,orange,YES,237.985093,2641.448121,33.5540339999998
383000,4251000,CB4MH,6.56168,1e+06,6.51,82.4,383000 4251000,2,Suitable,dodgerblue,YES,237.985093,2641.448121,33.5540339999998
383000,4251000,CB4MH,26.24672,1e+06,0.4,72.72,383000 4251000,8,Unsuitable,black,YES,237.985093,2641.448121,33.5540339999998
383000,4251000,CB4MH,19.68504,1e+06,0.37,73.06,383000 4251000,6,Unsuitable,black,YES,237.985093,2641.448121,33.5540339999998
383000,4251000,CB4MH,9.84252,1e+06,5.31,81.83,383000 4251000,3,Suitable,dodgerblue,YES,237.985093,2641.448121,33.5540339999998
383000,4251000,CB4MH,1.64042,1e+06,7.41,82.77,383000 4251000,0.5,Tolerable,yellow,YES,237.985093,2641.448121,33.5540339999998
383000,4251000,CB4MH,41.0105,1e+06,0.99,72.91,383000 4251000,12.5,Unsuitable,black,YES,237.985093,2641.448121,33.5540339999998
383000,4252000,CB4MH,44.29134,1e+06,1,72.9,383000 4252000,13.5,Unsuitable,black,YES,237.985093,2642.069492,34.175405
383000,4252000,CB4MH,31.16798,1e+06,0.52,72.9,383000 4252000,9.5,Unsuitable,black,YES,237.985093,2642.069492,34.175405
383000,4252000,CB4MH,22.96588,1e+06,0.4,72.9,383000 4252000,7,Unsuitable,black,YES,237.985093,2642.069492,34.175405
383000,4252000,CB4MH,26.24672,1e+06,0.4,72.7,383000 4252000,8,Unsuitable,black,YES,237.985093,2642.069492,34.175405
383000,4252000,CB4MH,47.57218,1e+06,0.77,73.4,383000 4252000,14.5,Unsuitable,black,YES,237.985093,2642.069492,34.175405
383000,4252000,CB4MH,41.0105,1e+06,1,72.9,383000 4252000,12.5,Unsuitable,black,YES,237.985093,2642.069492,34.175405
383000,4252000,CB4MH,21.32546,1e+06,0.4,72.81,383000 4252000,6.5,Unsuitable,black,YES,237.985093,2642.069492,34.175405
383000,4252000,CB4MH,39.37008,1e+06,0.92,72.9,383000 4252000,12,Unsuitable,black,YES,237.985093,2642.069492,34.175405
383000,4252000,CB4MH,9.84252,1e+06,5.43,81.98,383000 4252000,3,Suitable,dodgerblue,YES,237.985093,2642.069492,34.175405
383000,4252000,CB4MH,1.64042,1e+06,7.45,82.8,383000 4252000,0.5,Tolerable,yellow,YES,237.985093,2642.069492,34.175405
383000,4252000,CB4MH,24.6063,1e+06,0.35,72.8,383000 4252000,7.5,Unsuitable,black,YES,237.985093,2642.069492,34.175405
383000,4252000,CB4MH,19.68504,1e+06,0.35,73.01,383000 4252000,6,Unsuitable,black,YES,237.985093,2642.069492,34.175405
383000,4252000,CB4MH,11.48294,1e+06,3.94,80.98,383000 4252000,3.5,Tolerable,yellow,YES,237.985093,2642.069492,34.175405
383000,4252000,CB4MH,45.93176,1e+06,0.7,73.4,383000 4252000,14,Unsuitable,black,YES,237.985093,2642.069492,34.175405
383000,4252000,CB4MH,4.92126,1e+06,6.94,82.69,383000 4252000,1.5,Tolerable,yellow,YES,237.985093,2642.069492,34.175405
383000,4252000,CB4MH,32.8084,1e+06,0.57,72.9,383000 4252000,10,Unsuitable,black,YES,237.985093,2642.069492,34.175405
383000,4252000,CB4MH,18.04462,1e+06,0.35,73.81,383000 4252000,5.5,Unsuitable,black,YES,237.985093,2642.069492,34.175405
383000,4252000,CB4MH,13.12336,1e+06,3.05,79.9,383000 4252000,4,Tolerable,yellow,YES,237.985093,2642.069492,34.175405
383000,4252000,CB4MH,3.28084,1e+06,7.24,82.8,383000 4252000,1,Tolerable,yellow,YES,237.985093,2642.069492,34.175405
383000,4252000,CB4MH,29.52756,1e+06,0.5,72.8,383000 4252000,9,Unsuitable,black,YES,237.985093,2642.069492,34.175405
383000,4252000,CB4MH,16.4042,1e+06,0.95,76.1,383000 4252000,5,Unsuitable,black,YES,237.985093,2642.069492,34.175405
383000,4252000,CB4MH,8.2021,1e+06,6.18,82.28,383000 4252000,2.5,Suitable,dodgerblue,YES,237.985093,2642.069492,34.175405
383000,4252000,CB4MH,34.44882,1e+06,0.62,72.9,383000 4252000,10.5,Unsuitable,black,YES,237.985093,2642.069492,34.175405
383000,4252000,CB4MH,37.72966,1e+06,0.77,72.9,383000 4252000,11.5,Unsuitable,black,YES,237.985093,2642.069492,34.175405
383000,4252000,CB4MH,0,1e+06,7.55,82.8,383000 4252000,0,Tolerable,yellow,YES,237.985093,2642.069492,34.175405
383000,4252000,CB4MH,6.56168,1e+06,6.59,82.49,383000 4252000,2,Tolerable,yellow,YES,237.985093,2642.069492,34.175405
383000,4252000,CB4MH,14.76378,1e+06,2.3,78.7,383000 4252000,4.5,Marginal,orange,YES,237.985093,2642.069492,34.175405
383000,4252000,CB4MH,42.65092,1e+06,1,72.9,383000 4252000,13,Unsuitable,black,YES,237.985093,2642.069492,34.175405
383000,4252000,CB4MH,36.08924,1e+06,0.67,72.9,383000 4252000,11,Unsuitable,black,YES,237.985093,2642.069492,34.175405
383000,4252000,CB4MH,27.88714,1e+06,0.5,72.7,383000 4252000,8.5,Unsuitable,black,YES,237.985093,2642.069492,34.175405
383000,4318000,CB3MH,3.28084,1e+06,7.3,82.24,383000 4318000,1,Suitable,dodgerblue,YES,237.985093,2683.079978,75.1858910000001
383000,4318000,CB3MH,18.04462,1e+06,0.35,76.69,383000 4318000,5.5,Unsuitable,black,YES,237.985093,2683.079978,75.1858910000001
383000,4318000,CB3MH,1.64042,1e+06,8.94,82.97,383000 4318000,0.5,Tolerable,yellow,YES,237.985093,2683.079978,75.1858910000001
383000,4318000,CB3MH,13.12336,1e+06,1.44,79.26,383000 4318000,4,Unsuitable,black,YES,237.985093,2683.079978,75.1858910000001
383000,4318000,CB3MH,31.16798,1e+06,0.1,71.2,383000 4318000,9.5,Unsuitable,black,YES,237.985093,2683.079978,75.1858910000001
383000,4318000,CB3MH,8.2021,1e+06,5.86,81.46,383000 4318000,2.5,Suitable,dodgerblue,YES,237.985093,2683.079978,75.1858910000001
383000,4318000,CB3MH,22.96588,1e+06,0.1,72.1,383000 4318000,7,Unsuitable,black,YES,237.985093,2683.079978,75.1858910000001
383000,4318000,CB3MH,16.4042,1e+06,0.7,78.49,383000 4318000,5,Unsuitable,black,YES,237.985093,2683.079978,75.1858910000001
383000,4318000,CB3MH,19.68504,1e+06,0.1,74.29,383000 4318000,6,Unsuitable,black,YES,237.985093,2683.079978,75.1858910000001
383000,4318000,CB3MH,21.32546,1e+06,0.1,72.8,383000 4318000,6.5,Unsuitable,black,YES,237.985093,2683.079978,75.1858910000001
383000,4318000,CB3MH,4.92126,1e+06,6.91,82.02,383000 4318000,1.5,Suitable,dodgerblue,YES,237.985093,2683.079978,75.1858910000001
383000,4318000,CB3MH,9.84252,1e+06,4.01,81.11,383000 4318000,3,Suitable,dodgerblue,YES,237.985093,2683.079978,75.1858910000001
383000,4318000,CB3MH,6.56168,1e+06,6.78,81.75,383000 4318000,2,Suitable,dodgerblue,YES,237.985093,2683.079978,75.1858910000001
383000,4318000,CB3MH,27.88714,1e+06,0.1,71.4,383000 4318000,8.5,Unsuitable,black,YES,237.985093,2683.079978,75.1858910000001
383000,4318000,CB3MH,0,1e+06,10.47,83.83,383000 4318000,0,Tolerable,yellow,YES,237.985093,2683.079978,75.1858910000001
383000,4318000,CB3MH,29.52756,1e+06,0.1,71.3,383000 4318000,9,Unsuitable,black,YES,237.985093,2683.079978,75.1858910000001
383000,4318000,CB3MH,26.24672,1e+06,0.1,71.6,383000 4318000,8,Unsuitable,black,YES,237.985093,2683.079978,75.1858910000001
383000,4318000,CB3MH,11.48294,1e+06,1.99,79.87,383000 4318000,3.5,Unsuitable,black,YES,237.985093,2683.079978,75.1858910000001
383000,4318000,CB3MH,14.76378,1e+06,1.04,79.05,383000 4318000,4.5,Unsuitable,black,YES,237.985093,2683.079978,75.1858910000001
383000,4318000,CB3MH,24.6063,1e+06,0.1,71.8,383000 4318000,7.5,Unsuitable,black,YES,237.985093,2683.079978,75.1858910000001
383000,4319000,CB3MH,22.96588,1e+06,0.1,72.1,383000 4319000,7,Unsuitable,black,YES,237.985093,2683.701349,75.8072619999998
383000,4319000,CB3MH,16.4042,1e+06,0.69,78.46,383000 4319000,5,Unsuitable,black,YES,237.985093,2683.701349,75.8072619999998
383000,4319000,CB3MH,1.64042,1e+06,9.61,83.36,383000 4319000,0.5,Tolerable,yellow,YES,237.985093,2683.701349,75.8072619999998
383000,4319000,CB3MH,3.28084,1e+06,7.87,82.53,383000 4319000,1,Tolerable,yellow,YES,237.985093,2683.701349,75.8072619999998
383000,4319000,CB3MH,0,1e+06,10.83,84.03,383000 4319000,0,Tolerable,yellow,YES,237.985093,2683.701349,75.8072619999998
383000,4319000,CB3MH,19.68504,1e+06,0.1,74.29,383000 4319000,6,Unsuitable,black,YES,237.985093,2683.701349,75.8072619999998
383000,4319000,CB3MH,18.04462,1e+06,0.35,76.66,383000 4319000,5.5,Unsuitable,black,YES,237.985093,2683.701349,75.8072619999998
383000,4319000,CB3MH,13.12336,1e+06,1.43,79.19,383000 4319000,4,Unsuitable,black,YES,237.985093,2683.701349,75.8072619999998
383000,4319000,CB3MH,6.56168,1e+06,6.81,81.87,383000 4319000,2,Suitable,dodgerblue,YES,237.985093,2683.701349,75.8072619999998
383000,4319000,CB3MH,4.92126,1e+06,7.03,82.11,383000 4319000,1.5,Suitable,dodgerblue,YES,237.985093,2683.701349,75.8072619999998
383000,4319000,CB3MH,9.84252,1e+06,4.73,81.39,383000 4319000,3,Suitable,dodgerblue,YES,237.985093,2683.701349,75.8072619999998
383000,4319000,CB3MH,14.76378,1e+06,1.02,78.95,383000 4319000,4.5,Unsuitable,black,YES,237.985093,2683.701349,75.8072619999998
383000,4319000,CB3MH,8.2021,1e+06,5.97,81.61,383000 4319000,2.5,Suitable,dodgerblue,YES,237.985093,2683.701349,75.8072619999998
383000,4319000,CB3MH,11.48294,1e+06,1.97,79.82,383000 4319000,3.5,Unsuitable,black,YES,237.985093,2683.701349,75.8072619999998
383000,4319000,CB3MH,21.32546,1e+06,0.1,72.8,383000 4319000,6.5,Unsuitable,black,YES,237.985093,2683.701349,75.8072619999998
383000,4321000,CB3MH,22.96588,1e+06,0.1,72.14,383000 4321000,7,Unsuitable,black,YES,237.985093,2684.944091,77.0500039999997
383000,4321000,CB3MH,9.84252,1e+06,5.47,81.67,383000 4321000,3,Suitable,dodgerblue,YES,237.985093,2684.944091,77.0500039999997
383000,4321000,CB3MH,8.2021,1e+06,6.3,81.86,383000 4321000,2.5,Suitable,dodgerblue,YES,237.985093,2684.944091,77.0500039999997
383000,4321000,CB3MH,14.76378,1e+06,0.97,78.62,383000 4321000,4.5,Unsuitable,black,YES,237.985093,2684.944091,77.0500039999997
383000,4321000,CB3MH,19.68504,1e+06,0.1,74.26,383000 4321000,6,Unsuitable,black,YES,237.985093,2684.944091,77.0500039999997
383000,4321000,CB3MH,16.4042,1e+06,0.66,78.31,383000 4321000,5,Unsuitable,black,YES,237.985093,2684.944091,77.0500039999997
383000,4321000,CB3MH,11.48294,1e+06,1.91,79.65,383000 4321000,3.5,Unsuitable,black,YES,237.985093,2684.944091,77.0500039999997
383000,4321000,CB3MH,6.56168,1e+06,6.87,82.13,383000 4321000,2,Suitable,dodgerblue,YES,237.985093,2684.944091,77.0500039999997
383000,4321000,CB3MH,13.12336,1e+06,1.38,78.96,383000 4321000,4,Unsuitable,black,YES,237.985093,2684.944091,77.0500039999997
383000,4321000,CB3MH,21.32546,1e+06,0.1,72.82,383000 4321000,6.5,Unsuitable,black,YES,237.985093,2684.944091,77.0500039999997
383000,4321000,CB3MH,3.28084,1e+06,8.35,82.91,383000 4321000,1,Tolerable,yellow,YES,237.985093,2684.944091,77.0500039999997
383000,4321000,CB3MH,24.6063,1e+06,0.1,71.81,383000 4321000,7.5,Unsuitable,black,YES,237.985093,2684.944091,77.0500039999997
383000,4321000,CB3MH,18.04462,1e+06,0.33,76.54,383000 4321000,5.5,Unsuitable,black,YES,237.985093,2684.944091,77.0500039999997
383000,4321000,CB3MH,1.64042,1e+06,9.98,83.72,383000 4321000,0.5,Tolerable,yellow,YES,237.985093,2684.944091,77.0500039999997
383000,4321000,CB3MH,4.92126,1e+06,7.25,82.39,383000 4321000,1.5,Suitable,dodgerblue,YES,237.985093,2684.944091,77.0500039999997
383000,4321000,CB3MH,0,1e+06,10.86,84.19,383000 4321000,0,Tolerable,yellow,YES,237.985093,2684.944091,77.0500039999997
384000,4248000,CB5MH_MD,26.24672,1e+06,0.38,72.95,384000 4248000,8,Unsuitable,black,YES,238.606464,2639.584008,31.6899210000001
384000,4248000,CB5MH_MD,50.85302,1e+06,1,73.4,384000 4248000,15.5,Unsuitable,black,YES,238.606464,2639.584008,31.6899210000001
384000,4248000,CB5MH_MD,54.13386,1e+06,1,73.4,384000 4248000,16.5,Unsuitable,black,YES,238.606464,2639.584008,31.6899210000001
384000,4248000,CB5MH_MD,49.2126,1e+06,0.93,73.4,384000 4248000,15,Unsuitable,black,YES,238.606464,2639.584008,31.6899210000001
384000,4248000,CB5MH_MD,42.65092,1e+06,0.89,73.06,384000 4248000,13,Unsuitable,black,YES,238.606464,2639.584008,31.6899210000001
384000,4248000,CB5MH_MD,16.4042,1e+06,0.95,75.86,384000 4248000,5,Unsuitable,black,YES,238.606464,2639.584008,31.6899210000001
384000,4248000,CB5MH_MD,9.84252,1e+06,4.69,80.78,384000 4248000,3,Suitable,dodgerblue,YES,238.606464,2639.584008,31.6899210000001
384000,4248000,CB5MH_MD,21.32546,1e+06,0.41,73.27,384000 4248000,6.5,Unsuitable,black,YES,238.606464,2639.584008,31.6899210000001
384000,4248000,CB5MH_MD,37.72966,1e+06,0.68,73.09,384000 4248000,11.5,Unsuitable,black,YES,238.606464,2639.584008,31.6899210000001
384000,4248000,CB5MH_MD,36.08924,1e+06,0.6,73.06,384000 4248000,11,Unsuitable,black,YES,238.606464,2639.584008,31.6899210000001
384000,4248000,CB5MH_MD,8.2021,1e+06,5.35,81.27,384000 4248000,2.5,Suitable,dodgerblue,YES,238.606464,2639.584008,31.6899210000001
384000,4248000,CB5MH_MD,52.49344,1e+06,1,73.4,384000 4248000,16,Unsuitable,black,YES,238.606464,2639.584008,31.6899210000001
384000,4248000,CB5MH_MD,47.57218,1e+06,0.77,73.4,384000 4248000,14.5,Unsuitable,black,YES,238.606464,2639.584008,31.6899210000001
384000,4248000,CB5MH_MD,14.76378,1e+06,1.89,78.09,384000 4248000,4.5,Unsuitable,black,YES,238.606464,2639.584008,31.6899210000001
384000,4248000,CB5MH_MD,34.44882,1e+06,0.57,73.03,384000 4248000,10.5,Unsuitable,black,YES,238.606464,2639.584008,31.6899210000001
384000,4248000,CB5MH_MD,4.92126,1e+06,6.37,82.04,384000 4248000,1.5,Suitable,dodgerblue,YES,238.606464,2639.584008,31.6899210000001
384000,4248000,CB5MH_MD,45.93176,1e+06,0.7,73.4,384000 4248000,14,Unsuitable,black,YES,238.606464,2639.584008,31.6899210000001
384000,4248000,CB5MH_MD,39.37008,1e+06,0.79,73.09,384000 4248000,12,Unsuitable,black,YES,238.606464,2639.584008,31.6899210000001
384000,4248000,CB5MH_MD,0,1e+06,7.22,82.54,384000 4248000,0,Tolerable,yellow,YES,238.606464,2639.584008,31.6899210000001
384000,4248000,CB5MH_MD,24.6063,1e+06,0.35,73.06,384000 4248000,7.5,Unsuitable,black,YES,238.606464,2639.584008,31.6899210000001
384000,4248000,CB5MH_MD,22.96588,1e+06,0.37,73.22,384000 4248000,7,Unsuitable,black,YES,238.606464,2639.584008,31.6899210000001
384000,4248000,CB5MH_MD,44.29134,1e+06,0.9,73.06,384000 4248000,13.5,Unsuitable,black,YES,238.606464,2639.584008,31.6899210000001
384000,4248000,CB5MH_MD,41.0105,1e+06,0.86,73.06,384000 4248000,12.5,Unsuitable,black,YES,238.606464,2639.584008,31.6899210000001
384000,4248000,CB5MH_MD,32.8084,1e+06,0.53,73.03,384000 4248000,10,Unsuitable,black,YES,238.606464,2639.584008,31.6899210000001
384000,4248000,CB5MH_MD,29.52756,1e+06,0.44,72.92,384000 4248000,9,Unsuitable,black,YES,238.606464,2639.584008,31.6899210000001
384000,4248000,CB5MH_MD,11.48294,1e+06,3.64,79.89,384000 4248000,3.5,Tolerable,yellow,YES,238.606464,2639.584008,31.6899210000001
384000,4248000,CB5MH_MD,3.28084,1e+06,6.81,82.34,384000 4248000,1,Suitable,dodgerblue,YES,238.606464,2639.584008,31.6899210000001
384000,4248000,CB5MH_MD,6.56168,1e+06,5.87,81.65,384000 4248000,2,Suitable,dodgerblue,YES,238.606464,2639.584008,31.6899210000001
384000,4248000,CB5MH_MD,19.68504,1e+06,0.45,73.53,384000 4248000,6,Unsuitable,black,YES,238.606464,2639.584008,31.6899210000001
384000,4248000,CB5MH_MD,31.16798,1e+06,0.48,72.99,384000 4248000,9.5,Unsuitable,black,YES,238.606464,2639.584008,31.6899210000001
384000,4248000,CB5MH_MD,27.88714,1e+06,0.44,72.91,384000 4248000,8.5,Unsuitable,black,YES,238.606464,2639.584008,31.6899210000001
384000,4248000,CB5MH_MD,18.04462,1e+06,0.52,74.14,384000 4248000,5.5,Unsuitable,black,YES,238.606464,2639.584008,31.6899210000001
384000,4248000,CB5MH_MD,13.12336,1e+06,3.1,79.84,384000 4248000,4,Tolerable,yellow,YES,238.606464,2639.584008,31.6899210000001
384000,4248000,CB5MH_MD,1.64042,1e+06,7.12,82.49,384000 4248000,0.5,Tolerable,yellow,YES,238.606464,2639.584008,31.6899210000001
384000,4249000,CB5MH_MD,37.72966,1e+06,0.71,73,384000 4249000,11.5,Unsuitable,black,YES,238.606464,2640.205379,32.3112919999999
384000,4249000,CB5MH_MD,27.88714,1e+06,0.46,72.83,384000 4249000,8.5,Unsuitable,black,YES,238.606464,2640.205379,32.3112919999999
384000,4249000,CB5MH_MD,11.48294,1e+06,3.73,80.23,384000 4249000,3.5,Tolerable,yellow,YES,238.606464,2640.205379,32.3112919999999
384000,4249000,CB5MH_MD,13.12336,1e+06,3.04,79.82,384000 4249000,4,Tolerable,yellow,YES,238.606464,2640.205379,32.3112919999999
384000,4249000,CB5MH_MD,45.93176,1e+06,0.7,73.4,384000 4249000,14,Unsuitable,black,YES,238.606464,2640.205379,32.3112919999999
384000,4249000,CB5MH_MD,31.16798,1e+06,0.5,72.95,384000 4249000,9.5,Unsuitable,black,YES,238.606464,2640.205379,32.3112919999999
384000,4249000,CB5MH_MD,26.24672,1e+06,0.38,72.85,384000 4249000,8,Unsuitable,black,YES,238.606464,2640.205379,32.3112919999999
384000,4249000,CB5MH_MD,32.8084,1e+06,0.55,72.97,384000 4249000,10,Unsuitable,black,YES,238.606464,2640.205379,32.3112919999999
384000,4249000,CB5MH_MD,42.65092,1e+06,0.94,73,384000 4249000,13,Unsuitable,black,YES,238.606464,2640.205379,32.3112919999999
384000,4249000,CB5MH_MD,36.08924,1e+06,0.63,72.99,384000 4249000,11,Unsuitable,black,YES,238.606464,2640.205379,32.3112919999999
384000,4249000,CB5MH_MD,24.6063,1e+06,0.34,72.97,384000 4249000,7.5,Unsuitable,black,YES,238.606464,2640.205379,32.3112919999999
384000,4249000,CB5MH_MD,14.76378,1e+06,2.02,78.29,384000 4249000,4.5,Marginal,orange,YES,238.606464,2640.205379,32.3112919999999
384000,4249000,CB5MH_MD,50.85302,1e+06,1,73.4,384000 4249000,15.5,Unsuitable,black,YES,238.606464,2640.205379,32.3112919999999
384000,4249000,CB5MH_MD,21.32546,1e+06,0.42,73.13,384000 4249000,6.5,Unsuitable,black,YES,238.606464,2640.205379,32.3112919999999
384000,4249000,CB5MH_MD,41.0105,1e+06,0.91,72.99,384000 4249000,12.5,Unsuitable,black,YES,238.606464,2640.205379,32.3112919999999
384000,4249000,CB5MH_MD,18.04462,1e+06,0.49,74.08,384000 4249000,5.5,Unsuitable,black,YES,238.606464,2640.205379,32.3112919999999
384000,4249000,CB5MH_MD,19.68504,1e+06,0.44,73.39,384000 4249000,6,Unsuitable,black,YES,238.606464,2640.205379,32.3112919999999
384000,4249000,CB5MH_MD,29.52756,1e+06,0.46,72.86,384000 4249000,9,Unsuitable,black,YES,238.606464,2640.205379,32.3112919999999
384000,4249000,CB5MH_MD,52.49344,1e+06,1,73.4,384000 4249000,16,Unsuitable,black,YES,238.606464,2640.205379,32.3112919999999
384000,4249000,CB5MH_MD,49.2126,1e+06,0.93,73.4,384000 4249000,15,Unsuitable,black,YES,238.606464,2640.205379,32.3112919999999
384000,4249000,CB5MH_MD,9.84252,1e+06,4.93,81.16,384000 4249000,3,Suitable,dodgerblue,YES,238.606464,2640.205379,32.3112919999999
384000,4249000,CB5MH_MD,47.57218,1e+06,0.77,73.4,384000 4249000,14.5,Unsuitable,black,YES,238.606464,2640.205379,32.3112919999999
384000,4249000,CB5MH_MD,8.2021,1e+06,5.62,81.59,384000 4249000,2.5,Suitable,dodgerblue,YES,238.606464,2640.205379,32.3112919999999
384000,4249000,CB5MH_MD,1.64042,1e+06,7.22,82.59,384000 4249000,0.5,Tolerable,yellow,YES,238.606464,2640.205379,32.3112919999999
384000,4249000,CB5MH_MD,22.96588,1e+06,0.38,73.11,384000 4249000,7,Unsuitable,black,YES,238.606464,2640.205379,32.3112919999999
384000,4249000,CB5MH_MD,3.28084,1e+06,6.94,82.48,384000 4249000,1,Tolerable,yellow,YES,238.606464,2640.205379,32.3112919999999
384000,4249000,CB5MH_MD,34.44882,1e+06,0.59,72.97,384000 4249000,10.5,Unsuitable,black,YES,238.606464,2640.205379,32.3112919999999
384000,4249000,CB5MH_MD,44.29134,1e+06,0.94,73,384000 4249000,13.5,Unsuitable,black,YES,238.606464,2640.205379,32.3112919999999
384000,4249000,CB5MH_MD,16.4042,1e+06,0.99,76,384000 4249000,5,Unsuitable,black,YES,238.606464,2640.205379,32.3112919999999
384000,4249000,CB5MH_MD,39.37008,1e+06,0.84,73,384000 4249000,12,Unsuitable,black,YES,238.606464,2640.205379,32.3112919999999
384000,4249000,CB5MH_MD,0,1e+06,7.31,82.62,384000 4249000,0,Tolerable,yellow,YES,238.606464,2640.205379,32.3112919999999
384000,4249000,CB5MH_MD,4.92126,1e+06,6.55,82.25,384000 4249000,1.5,Suitable,dodgerblue,YES,238.606464,2640.205379,32.3112919999999
384000,4249000,CB5MH_MD,6.56168,1e+06,6.1,81.92,384000 4249000,2,Suitable,dodgerblue,YES,238.606464,2640.205379,32.3112919999999
384000,4321000,CB3MH,13.12336,1e+06,1.35,78.85,384000 4321000,4,Unsuitable,black,YES,238.606464,2684.944091,77.0500039999997
384000,4321000,CB3MH,22.96588,1e+06,0.1,72.12,384000 4321000,7,Unsuitable,black,YES,238.606464,2684.944091,77.0500039999997
384000,4321000,CB3MH,19.68504,1e+06,0.1,74.25,384000 4321000,6,Unsuitable,black,YES,238.606464,2684.944091,77.0500039999997
384000,4321000,CB3MH,18.04462,1e+06,0.33,76.57,384000 4321000,5.5,Unsuitable,black,YES,238.606464,2684.944091,77.0500039999997
384000,4321000,CB3MH,21.32546,1e+06,0.1,72.8,384000 4321000,6.5,Unsuitable,black,YES,238.606464,2684.944091,77.0500039999997
384000,4321000,CB3MH,24.6063,1e+06,0.1,71.81,384000 4321000,7.5,Unsuitable,black,YES,238.606464,2684.944091,77.0500039999997
384000,4321000,CB3MH,11.48294,1e+06,1.88,79.57,384000 4321000,3.5,Unsuitable,black,YES,238.606464,2684.944091,77.0500039999997
384000,4321000,CB3MH,6.56168,1e+06,6.94,82.05,384000 4321000,2,Suitable,dodgerblue,YES,238.606464,2684.944091,77.0500039999997
384000,4321000,CB3MH,14.76378,1e+06,0.95,78.5,384000 4321000,4.5,Unsuitable,black,YES,238.606464,2684.944091,77.0500039999997
384000,4321000,CB3MH,3.28084,1e+06,8.27,82.76,384000 4321000,1,Tolerable,yellow,YES,238.606464,2684.944091,77.0500039999997
384000,4321000,CB3MH,16.4042,1e+06,0.67,78.37,384000 4321000,5,Unsuitable,black,YES,238.606464,2684.944091,77.0500039999997
384000,4321000,CB3MH,9.84252,1e+06,5.2,81.56,384000 4321000,3,Suitable,dodgerblue,YES,238.606464,2684.944091,77.0500039999997
384000,4321000,CB3MH,8.2021,1e+06,6.19,81.81,384000 4321000,2.5,Suitable,dodgerblue,YES,238.606464,2684.944091,77.0500039999997
384000,4321000,CB3MH,1.64042,1e+06,9.92,83.57,384000 4321000,0.5,Tolerable,yellow,YES,238.606464,2684.944091,77.0500039999997
384000,4321000,CB3MH,4.92126,1e+06,7.24,82.26,384000 4321000,1.5,Suitable,dodgerblue,YES,238.606464,2684.944091,77.0500039999997
384000,4321000,CB3MH,0,1e+06,10.87,84.08,384000 4321000,0,Tolerable,yellow,YES,238.606464,2684.944091,77.0500039999997
384000,4322000,CB3MH,8.2021,1e+06,6.27,81.88,384000 4322000,2.5,Suitable,dodgerblue,YES,238.606464,2685.565462,77.6713749999999
384000,4322000,CB3MH,11.48294,1e+06,1.86,79.48,384000 4322000,3.5,Unsuitable,black,YES,238.606464,2685.565462,77.6713749999999
384000,4322000,CB3MH,9.84252,1e+06,5.3,81.59,384000 4322000,3,Suitable,dodgerblue,YES,238.606464,2685.565462,77.6713749999999
384000,4322000,CB3MH,18.04462,1e+06,0.34,76.51,384000 4322000,5.5,Unsuitable,black,YES,238.606464,2685.565462,77.6713749999999
384000,4322000,CB3MH,3.28084,1e+06,8.39,82.83,384000 4322000,1,Tolerable,yellow,YES,238.606464,2685.565462,77.6713749999999
384000,4322000,CB3MH,21.32546,1e+06,0.1,72.84,384000 4322000,6.5,Unsuitable,black,YES,238.606464,2685.565462,77.6713749999999
384000,4322000,CB3MH,1.64042,1e+06,9.99,83.63,384000 4322000,0.5,Tolerable,yellow,YES,238.606464,2685.565462,77.6713749999999
384000,4322000,CB3MH,22.96588,1e+06,0.1,72.16,384000 4322000,7,Unsuitable,black,YES,238.606464,2685.565462,77.6713749999999
384000,4322000,CB3MH,14.76378,1e+06,0.92,78.32,384000 4322000,4.5,Unsuitable,black,YES,238.606464,2685.565462,77.6713749999999
384000,4322000,CB3MH,16.4042,1e+06,0.65,78.23,384000 4322000,5,Unsuitable,black,YES,238.606464,2685.565462,77.6713749999999
384000,4322000,CB3MH,6.56168,1e+06,7,82.11,384000 4322000,2,Suitable,dodgerblue,YES,238.606464,2685.565462,77.6713749999999
384000,4322000,CB3MH,19.68504,1e+06,0.1,74.24,384000 4322000,6,Unsuitable,black,YES,238.606464,2685.565462,77.6713749999999
384000,4322000,CB3MH,4.92126,1e+06,7.31,82.32,384000 4322000,1.5,Suitable,dodgerblue,YES,238.606464,2685.565462,77.6713749999999
384000,4322000,CB3MH,13.12336,1e+06,1.34,78.74,384000 4322000,4,Unsuitable,black,YES,238.606464,2685.565462,77.6713749999999
384000,4322000,CB3MH,0,1e+06,10.85,84.09,384000 4322000,0,Tolerable,yellow,YES,238.606464,2685.565462,77.6713749999999
384000,4322000,CB3MH,24.6063,1e+06,0.1,71.81,384000 4322000,7.5,Unsuitable,black,YES,238.606464,2685.565462,77.6713749999999
384000,4323000,CB3MH,8.2021,1e+06,6.32,81.94,384000 4323000,2.5,Suitable,dodgerblue,YES,238.606464,2686.186833,78.2927460000001
384000,4323000,CB3MH,4.92126,1e+06,7.21,82.56,384000 4323000,1.5,Tolerable,yellow,YES,238.606464,2686.186833,78.2927460000001
384000,4323000,CB3MH,19.68504,1e+06,0.1,74.3,384000 4323000,6,Unsuitable,black,YES,238.606464,2686.186833,78.2927460000001
384000,4323000,CB3MH,11.48294,1e+06,1.79,79.35,384000 4323000,3.5,Unsuitable,black,YES,238.606464,2686.186833,78.2927460000001
384000,4323000,CB3MH,3.28084,1e+06,8.34,83.09,384000 4323000,1,Tolerable,yellow,YES,238.606464,2686.186833,78.2927460000001
384000,4323000,CB3MH,1.64042,1e+06,9.93,83.87,384000 4323000,0.5,Tolerable,yellow,YES,238.606464,2686.186833,78.2927460000001
384000,4323000,CB3MH,9.84252,1e+06,5.3,81.58,384000 4323000,3,Suitable,dodgerblue,YES,238.606464,2686.186833,78.2927460000001
384000,4323000,CB3MH,6.56168,1e+06,6.72,82.24,384000 4323000,2,Suitable,dodgerblue,YES,238.606464,2686.186833,78.2927460000001
384000,4323000,CB3MH,18.04462,1e+06,0.36,76.63,384000 4323000,5.5,Unsuitable,black,YES,238.606464,2686.186833,78.2927460000001
384000,4323000,CB3MH,0,1e+06,10.75,84.29,384000 4323000,0,Marginal,orange,YES,238.606464,2686.186833,78.2927460000001
384000,4323000,CB3MH,16.4042,1e+06,0.67,78.27,384000 4323000,5,Unsuitable,black,YES,238.606464,2686.186833,78.2927460000001
384000,4323000,CB3MH,14.76378,1e+06,0.87,78.06,384000 4323000,4.5,Unsuitable,black,YES,238.606464,2686.186833,78.2927460000001
384000,4323000,CB3MH,13.12336,1e+06,1.28,78.55,384000 4323000,4,Unsuitable,black,YES,238.606464,2686.186833,78.2927460000001
385000,4246000,CB5MH_MD,21.32546,1e+06,0.37,73.57,385000 4246000,6.5,Unsuitable,black,YES,239.227835,2638.341266,30.4471789999998
385000,4246000,CB5MH_MD,13.12336,1e+06,3.38,80.09,385000 4246000,4,Tolerable,yellow,YES,239.227835,2638.341266,30.4471789999998
385000,4246000,CB5MH_MD,4.92126,1e+06,6.34,81.97,385000 4246000,1.5,Suitable,dodgerblue,YES,239.227835,2638.341266,30.4471789999998
385000,4246000,CB5MH_MD,24.6063,1e+06,0.37,73.3,385000 4246000,7.5,Unsuitable,black,YES,239.227835,2638.341266,30.4471789999998
385000,4246000,CB5MH_MD,52.49344,1e+06,1,73.4,385000 4246000,16,Unsuitable,black,YES,239.227835,2638.341266,30.4471789999998
385000,4246000,CB5MH_MD,18.04462,1e+06,0.47,74.07,385000 4246000,5.5,Unsuitable,black,YES,239.227835,2638.341266,30.4471789999998
385000,4246000,CB5MH_MD,11.48294,1e+06,3.94,79.99,385000 4246000,3.5,Tolerable,yellow,YES,239.227835,2638.341266,30.4471789999998
385000,4246000,CB5MH_MD,16.4042,1e+06,0.73,75.34,385000 4246000,5,Unsuitable,black,YES,239.227835,2638.341266,30.4471789999998
385000,4246000,CB5MH_MD,14.76378,1e+06,1.61,77.69,385000 4246000,4.5,Unsuitable,black,YES,239.227835,2638.341266,30.4471789999998
385000,4246000,CB5MH_MD,41.0105,1e+06,0.72,73.29,385000 4246000,12.5,Unsuitable,black,YES,239.227835,2638.341266,30.4471789999998
385000,4246000,CB5MH_MD,57.4147,1e+06,1,73.4,385000 4246000,17.5,Unsuitable,black,YES,239.227835,2638.341266,30.4471789999998
385000,4246000,CB5MH_MD,50.85302,1e+06,1,73.4,385000 4246000,15.5,Unsuitable,black,YES,239.227835,2638.341266,30.4471789999998
385000,4246000,CB5MH_MD,55.77428,1e+06,1,73.4,385000 4246000,17,Unsuitable,black,YES,239.227835,2638.341266,30.4471789999998
385000,4246000,CB5MH_MD,22.96588,1e+06,0.36,73.49,385000 4246000,7,Unsuitable,black,YES,239.227835,2638.341266,30.4471789999998
385000,4246000,CB5MH_MD,19.68504,1e+06,0.42,73.72,385000 4246000,6,Unsuitable,black,YES,239.227835,2638.341266,30.4471789999998
385000,4246000,CB5MH_MD,39.37008,1e+06,0.67,73.35,385000 4246000,12,Unsuitable,black,YES,239.227835,2638.341266,30.4471789999998
385000,4246000,CB5MH_MD,54.13386,1e+06,1,73.4,385000 4246000,16.5,Unsuitable,black,YES,239.227835,2638.341266,30.4471789999998
385000,4246000,CB5MH_MD,45.93176,1e+06,0.7,73.4,385000 4246000,14,Unsuitable,black,YES,239.227835,2638.341266,30.4471789999998
385000,4246000,CB5MH_MD,9.84252,1e+06,4.68,80.66,385000 4246000,3,Suitable,dodgerblue,YES,239.227835,2638.341266,30.4471789999998
385000,4246000,CB5MH_MD,8.2021,1e+06,5.22,81.14,385000 4246000,2.5,Suitable,dodgerblue,YES,239.227835,2638.341266,30.4471789999998
385000,4246000,CB5MH_MD,37.72966,1e+06,0.59,73.35,385000 4246000,11.5,Unsuitable,black,YES,239.227835,2638.341266,30.4471789999998
385000,4246000,CB5MH_MD,1.64042,1e+06,7.17,82.5,385000 4246000,0.5,Tolerable,yellow,YES,239.227835,2638.341266,30.4471789999998
385000,4246000,CB5MH_MD,34.44882,1e+06,0.53,73.22,385000 4246000,10.5,Unsuitable,black,YES,239.227835,2638.341266,30.4471789999998
385000,4246000,CB5MH_MD,47.57218,1e+06,0.77,73.4,385000 4246000,14.5,Unsuitable,black,YES,239.227835,2638.341266,30.4471789999998
385000,4246000,CB5MH_MD,6.56168,1e+06,5.78,81.55,385000 4246000,2,Suitable,dodgerblue,YES,239.227835,2638.341266,30.4471789999998
385000,4246000,CB5MH_MD,3.28084,1e+06,6.8,82.28,385000 4246000,1,Suitable,dodgerblue,YES,239.227835,2638.341266,30.4471789999998
385000,4246000,CB5MH_MD,49.2126,1e+06,0.93,73.4,385000 4246000,15,Unsuitable,black,YES,239.227835,2638.341266,30.4471789999998
385000,4246000,CB5MH_MD,0,1e+06,7.26,82.57,385000 4246000,0,Tolerable,yellow,YES,239.227835,2638.341266,30.4471789999998
385000,4246000,CB5MH_MD,29.52756,1e+06,0.41,73.1,385000 4246000,9,Unsuitable,black,YES,239.227835,2638.341266,30.4471789999998
385000,4246000,CB5MH_MD,27.88714,1e+06,0.41,73.17,385000 4246000,8.5,Unsuitable,black,YES,239.227835,2638.341266,30.4471789999998
385000,4246000,CB5MH_MD,42.65092,1e+06,0.77,73.25,385000 4246000,13,Unsuitable,black,YES,239.227835,2638.341266,30.4471789999998
385000,4246000,CB5MH_MD,31.16798,1e+06,0.45,73.15,385000 4246000,9.5,Unsuitable,black,YES,239.227835,2638.341266,30.4471789999998
385000,4246000,CB5MH_MD,32.8084,1e+06,0.5,73.22,385000 4246000,10,Unsuitable,black,YES,239.227835,2638.341266,30.4471789999998
385000,4246000,CB5MH_MD,44.29134,1e+06,0.79,73.25,385000 4246000,13.5,Unsuitable,black,YES,239.227835,2638.341266,30.4471789999998
385000,4246000,CB5MH_MD,36.08924,1e+06,0.54,73.29,385000 4246000,11,Unsuitable,black,YES,239.227835,2638.341266,30.4471789999998
385000,4246000,CB5MH_MD,26.24672,1e+06,0.38,73.19,385000 4246000,8,Unsuitable,black,YES,239.227835,2638.341266,30.4471789999998
385000,4247000,CB5MH_MD,13.12336,1e+06,3.24,79.97,385000 4247000,4,Tolerable,yellow,YES,239.227835,2638.962637,31.06855
385000,4247000,CB5MH_MD,21.32546,1e+06,0.39,73.45,385000 4247000,6.5,Unsuitable,black,YES,239.227835,2638.962637,31.06855
385000,4247000,CB5MH_MD,3.28084,1e+06,6.8,82.31,385000 4247000,1,Suitable,dodgerblue,YES,239.227835,2638.962637,31.06855
385000,4247000,CB5MH_MD,39.37008,1e+06,0.72,73.24,385000 4247000,12,Unsuitable,black,YES,239.227835,2638.962637,31.06855
385000,4247000,CB5MH_MD,37.72966,1e+06,0.62,73.24,385000 4247000,11.5,Unsuitable,black,YES,239.227835,2638.962637,31.06855
385000,4247000,CB5MH_MD,36.08924,1e+06,0.57,73.19,385000 4247000,11,Unsuitable,black,YES,239.227835,2638.962637,31.06855
385000,4247000,CB5MH_MD,31.16798,1e+06,0.46,73.08,385000 4247000,9.5,Unsuitable,black,YES,239.227835,2638.962637,31.06855
385000,4247000,CB5MH_MD,9.84252,1e+06,4.69,80.71,385000 4247000,3,Suitable,dodgerblue,YES,239.227835,2638.962637,31.06855
385000,4247000,CB5MH_MD,6.56168,1e+06,5.82,81.6,385000 4247000,2,Suitable,dodgerblue,YES,239.227835,2638.962637,31.06855
385000,4247000,CB5MH_MD,8.2021,1e+06,5.28,81.2,385000 4247000,2.5,Suitable,dodgerblue,YES,239.227835,2638.962637,31.06855
385000,4247000,CB5MH_MD,14.76378,1e+06,1.72,77.84,385000 4247000,4.5,Unsuitable,black,YES,239.227835,2638.962637,31.06855
385000,4247000,CB5MH_MD,34.44882,1e+06,0.54,73.13,385000 4247000,10.5,Unsuitable,black,YES,239.227835,2638.962637,31.06855
385000,4247000,CB5MH_MD,24.6063,1e+06,0.36,73.21,385000 4247000,7.5,Unsuitable,black,YES,239.227835,2638.962637,31.06855
385000,4247000,CB5MH_MD,47.57218,1e+06,0.77,73.4,385000 4247000,14.5,Unsuitable,black,YES,239.227835,2638.962637,31.06855
385000,4247000,CB5MH_MD,32.8084,1e+06,0.51,73.13,385000 4247000,10,Unsuitable,black,YES,239.227835,2638.962637,31.06855
385000,4247000,CB5MH_MD,4.92126,1e+06,6.35,82,385000 4247000,1.5,Suitable,dodgerblue,YES,239.227835,2638.962637,31.06855
385000,4247000,CB5MH_MD,1.64042,1e+06,7.15,82.5,385000 4247000,0.5,Tolerable,yellow,YES,239.227835,2638.962637,31.06855
385000,4247000,CB5MH_MD,0,1e+06,7.24,82.56,385000 4247000,0,Tolerable,yellow,YES,239.227835,2638.962637,31.06855
385000,4247000,CB5MH_MD,45.93176,1e+06,0.7,73.4,385000 4247000,14,Unsuitable,black,YES,239.227835,2638.962637,31.06855
385000,4247000,CB5MH_MD,29.52756,1e+06,0.42,73.02,385000 4247000,9,Unsuitable,black,YES,239.227835,2638.962637,31.06855
385000,4247000,CB5MH_MD,19.68504,1e+06,0.44,73.66,385000 4247000,6,Unsuitable,black,YES,239.227835,2638.962637,31.06855
385000,4247000,CB5MH_MD,26.24672,1e+06,0.38,73.09,385000 4247000,8,Unsuitable,black,YES,239.227835,2638.962637,31.06855
385000,4247000,CB5MH_MD,22.96588,1e+06,0.36,73.38,385000 4247000,7,Unsuitable,black,YES,239.227835,2638.962637,31.06855
385000,4247000,CB5MH_MD,27.88714,1e+06,0.42,73.06,385000 4247000,8.5,Unsuitable,black,YES,239.227835,2638.962637,31.06855
385000,4247000,CB5MH_MD,49.2126,1e+06,0.93,73.4,385000 4247000,15,Unsuitable,black,YES,239.227835,2638.962637,31.06855
385000,4247000,CB5MH_MD,52.49344,1e+06,1,73.4,385000 4247000,16,Unsuitable,black,YES,239.227835,2638.962637,31.06855
385000,4247000,CB5MH_MD,18.04462,1e+06,0.51,74.12,385000 4247000,5.5,Unsuitable,black,YES,239.227835,2638.962637,31.06855
385000,4247000,CB5MH_MD,41.0105,1e+06,0.78,73.19,385000 4247000,12.5,Unsuitable,black,YES,239.227835,2638.962637,31.06855
385000,4247000,CB5MH_MD,42.65092,1e+06,0.82,73.17,385000 4247000,13,Unsuitable,black,YES,239.227835,2638.962637,31.06855
385000,4247000,CB5MH_MD,44.29134,1e+06,0.84,73.17,385000 4247000,13.5,Unsuitable,black,YES,239.227835,2638.962637,31.06855
385000,4247000,CB5MH_MD,16.4042,1e+06,0.83,75.57,385000 4247000,5,Unsuitable,black,YES,239.227835,2638.962637,31.06855
385000,4247000,CB5MH_MD,11.48294,1e+06,3.82,79.96,385000 4247000,3.5,Tolerable,yellow,YES,239.227835,2638.962637,31.06855
385000,4247000,CB5MH_MD,50.85302,1e+06,1,73.4,385000 4247000,15.5,Unsuitable,black,YES,239.227835,2638.962637,31.06855
385000,4324000,CB3MH,9.84252,1e+06,5.09,81.48,385000 4324000,3,Suitable,dodgerblue,YES,239.227835,2686.808204,78.9141169999998
385000,4324000,CB3MH,19.68504,1e+06,0.1,74.3,385000 4324000,6,Unsuitable,black,YES,239.227835,2686.808204,78.9141169999998
385000,4324000,CB3MH,1.64042,1e+06,9.88,83.56,385000 4324000,0.5,Tolerable,yellow,YES,239.227835,2686.808204,78.9141169999998
385000,4324000,CB3MH,13.12336,1e+06,1.38,78.58,385000 4324000,4,Unsuitable,black,YES,239.227835,2686.808204,78.9141169999998
385000,4324000,CB3MH,14.76378,1e+06,0.89,77.93,385000 4324000,4.5,Unsuitable,black,YES,239.227835,2686.808204,78.9141169999998
385000,4324000,CB3MH,0,1e+06,10.63,83.94,385000 4324000,0,Tolerable,yellow,YES,239.227835,2686.808204,78.9141169999998
385000,4324000,CB3MH,16.4042,1e+06,0.66,78.17,385000 4324000,5,Unsuitable,black,YES,239.227835,2686.808204,78.9141169999998
385000,4324000,CB3MH,4.92126,1e+06,7.32,82.33,385000 4324000,1.5,Suitable,dodgerblue,YES,239.227835,2686.808204,78.9141169999998
385000,4324000,CB3MH,6.56168,1e+06,6.94,82.1,385000 4324000,2,Suitable,dodgerblue,YES,239.227835,2686.808204,78.9141169999998
385000,4324000,CB3MH,18.04462,1e+06,0.37,76.61,385000 4324000,5.5,Unsuitable,black,YES,239.227835,2686.808204,78.9141169999998
385000,4324000,CB3MH,11.48294,1e+06,1.92,79.41,385000 4324000,3.5,Unsuitable,black,YES,239.227835,2686.808204,78.9141169999998
385000,4324000,CB3MH,8.2021,1e+06,6.28,81.89,385000 4324000,2.5,Suitable,dodgerblue,YES,239.227835,2686.808204,78.9141169999998
385000,4324000,CB3MH,21.32546,1e+06,0.1,72.88,385000 4324000,6.5,Unsuitable,black,YES,239.227835,2686.808204,78.9141169999998
385000,4324000,CB3MH,3.28084,1e+06,8.39,82.84,385000 4324000,1,Tolerable,yellow,YES,239.227835,2686.808204,78.9141169999998
385000,4325000,CB3MH,16.4042,1e+06,0.65,78.08,385000 4325000,5,Unsuitable,black,YES,239.227835,2687.429575,79.535488
385000,4325000,CB3MH,21.32546,1e+06,0.11,72.9,385000 4325000,6.5,Unsuitable,black,YES,239.227835,2687.429575,79.535488
385000,4325000,CB3MH,3.28084,1e+06,8.38,82.85,385000 4325000,1,Tolerable,yellow,YES,239.227835,2687.429575,79.535488
385000,4325000,CB3MH,8.2021,1e+06,6.27,81.91,385000 4325000,2.5,Suitable,dodgerblue,YES,239.227835,2687.429575,79.535488
385000,4325000,CB3MH,19.68504,1e+06,0.11,74.3,385000 4325000,6,Unsuitable,black,YES,239.227835,2687.429575,79.535488
385000,4325000,CB3MH,22.96588,1e+06,0.1,72.23,385000 4325000,7,Unsuitable,black,YES,239.227835,2687.429575,79.535488
385000,4325000,CB3MH,0,1e+06,10.47,83.86,385000 4325000,0,Tolerable,yellow,YES,239.227835,2687.429575,79.535488
385000,4325000,CB3MH,11.48294,1e+06,1.97,79.43,385000 4325000,3.5,Unsuitable,black,YES,239.227835,2687.429575,79.535488
385000,4325000,CB3MH,13.12336,1e+06,1.42,78.6,385000 4325000,4,Unsuitable,black,YES,239.227835,2687.429575,79.535488
385000,4325000,CB3MH,4.92126,1e+06,7.32,82.36,385000 4325000,1.5,Suitable,dodgerblue,YES,239.227835,2687.429575,79.535488
385000,4325000,CB3MH,1.64042,1e+06,9.78,83.52,385000 4325000,0.5,Tolerable,yellow,YES,239.227835,2687.429575,79.535488
385000,4325000,CB3MH,6.56168,1e+06,6.91,82.12,385000 4325000,2,Suitable,dodgerblue,YES,239.227835,2687.429575,79.535488
385000,4325000,CB3MH,18.04462,1e+06,0.38,76.59,385000 4325000,5.5,Unsuitable,black,YES,239.227835,2687.429575,79.535488
385000,4325000,CB3MH,9.84252,1e+06,5.03,81.46,385000 4325000,3,Suitable,dodgerblue,YES,239.227835,2687.429575,79.535488
385000,4325000,CB3MH,14.76378,1e+06,0.89,77.85,385000 4325000,4.5,Unsuitable,black,YES,239.227835,2687.429575,79.535488
385000,4333000,CB3MH,4.92126,1e+06,6.72,82.72,385000 4333000,1.5,Tolerable,yellow,YES,239.227835,2692.400543,84.5064560000001
385000,4333000,CB3MH,0,1e+06,7.67,82.66,385000 4333000,0,Tolerable,yellow,YES,239.227835,2692.400543,84.5064560000001
385000,4333000,CB3MH,1.64042,1e+06,7.47,82.7,385000 4333000,0.5,Tolerable,yellow,YES,239.227835,2692.400543,84.5064560000001
385000,4333000,CB3MH,8.2021,1e+06,5.61,82.02,385000 4333000,2.5,Suitable,dodgerblue,YES,239.227835,2692.400543,84.5064560000001
385000,4333000,CB3MH,6.56168,1e+06,5.83,82.28,385000 4333000,2,Suitable,dodgerblue,YES,239.227835,2692.400543,84.5064560000001
385000,4333000,CB3MH,16.4042,1e+06,0.59,77.39,385000 4333000,5,Unsuitable,black,YES,239.227835,2692.400543,84.5064560000001
385000,4333000,CB3MH,11.48294,1e+06,2.44,79.96,385000 4333000,3.5,Marginal,orange,YES,239.227835,2692.400543,84.5064560000001
385000,4333000,CB3MH,13.12336,1e+06,1.8,79.22,385000 4333000,4,Unsuitable,black,YES,239.227835,2692.400543,84.5064560000001
385000,4333000,CB3MH,9.84252,1e+06,4.24,81.22,385000 4333000,3,Suitable,dodgerblue,YES,239.227835,2692.400543,84.5064560000001
385000,4333000,CB3MH,18.04462,1e+06,0.47,76.53,385000 4333000,5.5,Unsuitable,black,YES,239.227835,2692.400543,84.5064560000001
385000,4333000,CB3MH,3.28084,1e+06,7.21,82.83,385000 4333000,1,Tolerable,yellow,YES,239.227835,2692.400543,84.5064560000001
385000,4333000,CB3MH,14.76378,1e+06,0.91,77.77,385000 4333000,4.5,Unsuitable,black,YES,239.227835,2692.400543,84.5064560000001
385000,4334000,CB3MH,0,1e+06,7.63,82.56,385000 4334000,0,Tolerable,yellow,YES,239.227835,2693.021914,85.1278269999998
385000,4334000,CB3MH,1.64042,1e+06,7.47,82.62,385000 4334000,0.5,Tolerable,yellow,YES,239.227835,2693.021914,85.1278269999998
385000,4334000,CB3MH,13.12336,1e+06,1.81,79.22,385000 4334000,4,Unsuitable,black,YES,239.227835,2693.021914,85.1278269999998
385000,4334000,CB3MH,8.2021,1e+06,5.56,82.01,385000 4334000,2.5,Suitable,dodgerblue,YES,239.227835,2693.021914,85.1278269999998
385000,4334000,CB3MH,4.92126,1e+06,6.76,82.68,385000 4334000,1.5,Tolerable,yellow,YES,239.227835,2693.021914,85.1278269999998
385000,4334000,CB3MH,14.76378,1e+06,0.91,77.74,385000 4334000,4.5,Unsuitable,black,YES,239.227835,2693.021914,85.1278269999998
385000,4334000,CB3MH,11.48294,1e+06,2.43,79.95,385000 4334000,3.5,Marginal,orange,YES,239.227835,2693.021914,85.1278269999998
385000,4334000,CB3MH,3.28084,1e+06,7.26,82.78,385000 4334000,1,Tolerable,yellow,YES,239.227835,2693.021914,85.1278269999998
385000,4334000,CB3MH,16.4042,1e+06,0.59,77.34,385000 4334000,5,Unsuitable,black,YES,239.227835,2693.021914,85.1278269999998
385000,4334000,CB3MH,9.84252,1e+06,4.17,81.18,385000 4334000,3,Suitable,dodgerblue,YES,239.227835,2693.021914,85.1278269999998
385000,4334000,CB3MH,6.56168,1e+06,5.89,82.25,385000 4334000,2,Suitable,dodgerblue,YES,239.227835,2693.021914,85.1278269999998
386000,4244000,CB5MH_MD,31.16798,1e+06,0.43,73.3,386000 4244000,9.5,Unsuitable,black,YES,239.849206,2637.098524,29.2044369999999
386000,4244000,CB5MH_MD,29.52756,1e+06,0.4,73.3,386000 4244000,9,Unsuitable,black,YES,239.849206,2637.098524,29.2044369999999
386000,4244000,CB5MH_MD,22.96588,1e+06,0.35,73.67,386000 4244000,7,Unsuitable,black,YES,239.849206,2637.098524,29.2044369999999
386000,4244000,CB5MH_MD,16.4042,1e+06,0.42,74.78,386000 4244000,5,Unsuitable,black,YES,239.849206,2637.098524,29.2044369999999
386000,4244000,CB5MH_MD,45.93176,1e+06,0.7,73.4,386000 4244000,14,Unsuitable,black,YES,239.849206,2637.098524,29.2044369999999
386000,4244000,CB5MH_MD,4.92126,1e+06,6.76,82.4,386000 4244000,1.5,Suitable,dodgerblue,YES,239.849206,2637.098524,29.2044369999999
386000,4244000,CB5MH_MD,0,1e+06,7.61,82.89,386000 4244000,0,Tolerable,yellow,YES,239.849206,2637.098524,29.2044369999999
386000,4244000,CB5MH_MD,41.0105,1e+06,0.64,73.49,386000 4244000,12.5,Unsuitable,black,YES,239.849206,2637.098524,29.2044369999999
386000,4244000,CB5MH_MD,26.24672,1e+06,0.4,73.39,386000 4244000,8,Unsuitable,black,YES,239.849206,2637.098524,29.2044369999999
386000,4244000,CB5MH_MD,34.44882,1e+06,0.5,73.4,386000 4244000,10.5,Unsuitable,black,YES,239.849206,2637.098524,29.2044369999999
386000,4244000,CB5MH_MD,24.6063,1e+06,0.39,73.48,386000 4244000,7.5,Unsuitable,black,YES,239.849206,2637.098524,29.2044369999999
386000,4244000,CB5MH_MD,13.12336,1e+06,3.71,80.45,386000 4244000,4,Tolerable,yellow,YES,239.849206,2637.098524,29.2044369999999
386000,4244000,CB5MH_MD,32.8084,1e+06,0.48,73.4,386000 4244000,10,Unsuitable,black,YES,239.849206,2637.098524,29.2044369999999
386000,4244000,CB5MH_MD,8.2021,1e+06,5.7,81.82,386000 4244000,2.5,Suitable,dodgerblue,YES,239.849206,2637.098524,29.2044369999999
386000,4244000,CB5MH_MD,6.56168,1e+06,6.23,82.11,386000 4244000,2,Suitable,dodgerblue,YES,239.849206,2637.098524,29.2044369999999
386000,4244000,CB5MH_MD,42.65092,1e+06,0.69,73.39,386000 4244000,13,Unsuitable,black,YES,239.849206,2637.098524,29.2044369999999
386000,4244000,CB5MH_MD,1.64042,1e+06,7.55,82.8,386000 4244000,0.5,Tolerable,yellow,YES,239.849206,2637.098524,29.2044369999999
386000,4244000,CB5MH_MD,39.37008,1e+06,0.59,73.58,386000 4244000,12,Unsuitable,black,YES,239.849206,2637.098524,29.2044369999999
386000,4244000,CB5MH_MD,9.84252,1e+06,5.35,81.51,386000 4244000,3,Suitable,dodgerblue,YES,239.849206,2637.098524,29.2044369999999
386000,4244000,CB5MH_MD,21.32546,1e+06,0.31,73.74,386000 4244000,6.5,Unsuitable,black,YES,239.849206,2637.098524,29.2044369999999
386000,4244000,CB5MH_MD,36.08924,1e+06,0.51,73.49,386000 4244000,11,Unsuitable,black,YES,239.849206,2637.098524,29.2044369999999
386000,4244000,CB5MH_MD,14.76378,1e+06,1.45,77.46,386000 4244000,4.5,Unsuitable,black,YES,239.849206,2637.098524,29.2044369999999
386000,4244000,CB5MH_MD,27.88714,1e+06,0.4,73.39,386000 4244000,8.5,Unsuitable,black,YES,239.849206,2637.098524,29.2044369999999
386000,4244000,CB5MH_MD,37.72966,1e+06,0.54,73.58,386000 4244000,11.5,Unsuitable,black,YES,239.849206,2637.098524,29.2044369999999
386000,4244000,CB5MH_MD,19.68504,1e+06,0.31,73.71,386000 4244000,6,Unsuitable,black,YES,239.849206,2637.098524,29.2044369999999
386000,4244000,CB5MH_MD,11.48294,1e+06,4.9,81.2,386000 4244000,3.5,Suitable,dodgerblue,YES,239.849206,2637.098524,29.2044369999999
386000,4244000,CB5MH_MD,3.28084,1e+06,7.15,82.59,386000 4244000,1,Tolerable,yellow,YES,239.849206,2637.098524,29.2044369999999
386000,4244000,CB5MH_MD,18.04462,1e+06,0.32,73.8,386000 4244000,5.5,Unsuitable,black,YES,239.849206,2637.098524,29.2044369999999
386000,4244000,CB5MH_MD,44.29134,1e+06,0.71,73.39,386000 4244000,13.5,Unsuitable,black,YES,239.849206,2637.098524,29.2044369999999
386000,4245000,CB5MH_MD,8.2021,1e+06,5.52,81.56,386000 4245000,2.5,Suitable,dodgerblue,YES,239.849206,2637.719895,29.8258080000001
386000,4245000,CB5MH_MD,16.4042,1e+06,0.48,74.94,386000 4245000,5,Unsuitable,black,YES,239.849206,2637.719895,29.8258080000001
386000,4245000,CB5MH_MD,44.29134,1e+06,0.73,73.37,386000 4245000,13.5,Unsuitable,black,YES,239.849206,2637.719895,29.8258080000001
386000,4245000,CB5MH_MD,3.28084,1e+06,7.02,82.47,386000 4245000,1,Tolerable,yellow,YES,239.849206,2637.719895,29.8258080000001
386000,4245000,CB5MH_MD,22.96588,1e+06,0.35,73.66,386000 4245000,7,Unsuitable,black,YES,239.849206,2637.719895,29.8258080000001
386000,4245000,CB5MH_MD,45.93176,1e+06,0.7,73.4,386000 4245000,14,Unsuitable,black,YES,239.849206,2637.719895,29.8258080000001
386000,4245000,CB5MH_MD,9.84252,1e+06,5.09,81.18,386000 4245000,3,Suitable,dodgerblue,YES,239.849206,2637.719895,29.8258080000001
386000,4245000,CB5MH_MD,0,1e+06,7.47,82.77,386000 4245000,0,Tolerable,yellow,YES,239.849206,2637.719895,29.8258080000001
386000,4245000,CB5MH_MD,34.44882,1e+06,0.51,73.38,386000 4245000,10.5,Unsuitable,black,YES,239.849206,2637.719895,29.8258080000001
386000,4245000,CB5MH_MD,49.2126,1e+06,0.93,73.4,386000 4245000,15,Unsuitable,black,YES,239.849206,2637.719895,29.8258080000001
386000,4245000,CB5MH_MD,14.76378,1e+06,1.5,77.53,386000 4245000,4.5,Unsuitable,black,YES,239.849206,2637.719895,29.8258080000001
386000,4245000,CB5MH_MD,13.12336,1e+06,3.59,80.31,386000 4245000,4,Tolerable,yellow,YES,239.849206,2637.719895,29.8258080000001
386000,4245000,CB5MH_MD,41.0105,1e+06,0.67,73.46,386000 4245000,12.5,Unsuitable,black,YES,239.849206,2637.719895,29.8258080000001
386000,4245000,CB5MH_MD,19.68504,1e+06,0.32,73.69,386000 4245000,6,Unsuitable,black,YES,239.849206,2637.719895,29.8258080000001
386000,4245000,CB5MH_MD,18.04462,1e+06,0.34,73.86,386000 4245000,5.5,Unsuitable,black,YES,239.849206,2637.719895,29.8258080000001
386000,4245000,CB5MH_MD,47.57218,1e+06,0.77,73.4,386000 4245000,14.5,Unsuitable,black,YES,239.849206,2637.719895,29.8258080000001
386000,4245000,CB5MH_MD,42.65092,1e+06,0.71,73.37,386000 4245000,13,Unsuitable,black,YES,239.849206,2637.719895,29.8258080000001
386000,4245000,CB5MH_MD,1.64042,1e+06,7.4,82.69,386000 4245000,0.5,Tolerable,yellow,YES,239.849206,2637.719895,29.8258080000001
386000,4245000,CB5MH_MD,24.6063,1e+06,0.38,73.47,386000 4245000,7.5,Unsuitable,black,YES,239.849206,2637.719895,29.8258080000001
386000,4245000,CB5MH_MD,4.92126,1e+06,6.59,82.23,386000 4245000,1.5,Suitable,dodgerblue,YES,239.849206,2637.719895,29.8258080000001
386000,4245000,CB5MH_MD,54.13386,1e+06,1,73.4,386000 4245000,16.5,Unsuitable,black,YES,239.849206,2637.719895,29.8258080000001
386000,4245000,CB5MH_MD,55.77428,1e+06,1,73.4,386000 4245000,17,Unsuitable,black,YES,239.849206,2637.719895,29.8258080000001
386000,4245000,CB5MH_MD,52.49344,1e+06,1,73.4,386000 4245000,16,Unsuitable,black,YES,239.849206,2637.719895,29.8258080000001
386000,4245000,CB5MH_MD,50.85302,1e+06,1,73.4,386000 4245000,15.5,Unsuitable,black,YES,239.849206,2637.719895,29.8258080000001
386000,4245000,CB5MH_MD,32.8084,1e+06,0.48,73.38,386000 4245000,10,Unsuitable,black,YES,239.849206,2637.719895,29.8258080000001
386000,4245000,CB5MH_MD,39.37008,1e+06,0.62,73.55,386000 4245000,12,Unsuitable,black,YES,239.849206,2637.719895,29.8258080000001
386000,4245000,CB5MH_MD,6.56168,1e+06,6.06,81.9,386000 4245000,2,Suitable,dodgerblue,YES,239.849206,2637.719895,29.8258080000001
386000,4245000,CB5MH_MD,27.88714,1e+06,0.4,73.36,386000 4245000,8.5,Unsuitable,black,YES,239.849206,2637.719895,29.8258080000001
386000,4245000,CB5MH_MD,11.48294,1e+06,4.54,80.74,386000 4245000,3.5,Suitable,dodgerblue,YES,239.849206,2637.719895,29.8258080000001
386000,4245000,CB5MH_MD,21.32546,1e+06,0.32,73.67,386000 4245000,6.5,Unsuitable,black,YES,239.849206,2637.719895,29.8258080000001
386000,4245000,CB5MH_MD,29.52756,1e+06,0.4,73.27,386000 4245000,9,Unsuitable,black,YES,239.849206,2637.719895,29.8258080000001
386000,4245000,CB5MH_MD,37.72966,1e+06,0.55,73.55,386000 4245000,11.5,Unsuitable,black,YES,239.849206,2637.719895,29.8258080000001
386000,4245000,CB5MH_MD,26.24672,1e+06,0.39,73.37,386000 4245000,8,Unsuitable,black,YES,239.849206,2637.719895,29.8258080000001
386000,4245000,CB5MH_MD,31.16798,1e+06,0.43,73.29,386000 4245000,9.5,Unsuitable,black,YES,239.849206,2637.719895,29.8258080000001
386000,4245000,CB5MH_MD,36.08924,1e+06,0.52,73.46,386000 4245000,11,Unsuitable,black,YES,239.849206,2637.719895,29.8258080000001
386000,4326000,CB3MH,1.64042,1e+06,9.58,83.43,386000 4326000,0.5,Tolerable,yellow,YES,239.849206,2688.050946,80.1568589999997
386000,4326000,CB3MH,0,1e+06,10.21,83.73,386000 4326000,0,Tolerable,yellow,YES,239.849206,2688.050946,80.1568589999997
386000,4326000,CB3MH,16.4042,1e+06,0.64,77.98,386000 4326000,5,Unsuitable,black,YES,239.849206,2688.050946,80.1568589999997
386000,4326000,CB3MH,6.56168,1e+06,6.83,82.13,386000 4326000,2,Suitable,dodgerblue,YES,239.849206,2688.050946,80.1568589999997
386000,4326000,CB3MH,8.2021,1e+06,6.19,81.92,386000 4326000,2.5,Suitable,dodgerblue,YES,239.849206,2688.050946,80.1568589999997
386000,4326000,CB3MH,11.48294,1e+06,2.01,79.43,386000 4326000,3.5,Marginal,orange,YES,239.849206,2688.050946,80.1568589999997
386000,4326000,CB3MH,3.28084,1e+06,8.29,82.84,386000 4326000,1,Tolerable,yellow,YES,239.849206,2688.050946,80.1568589999997
386000,4326000,CB3MH,19.68504,1e+06,0.11,74.3,386000 4326000,6,Unsuitable,black,YES,239.849206,2688.050946,80.1568589999997
386000,4326000,CB3MH,13.12336,1e+06,1.45,78.57,386000 4326000,4,Unsuitable,black,YES,239.849206,2688.050946,80.1568589999997
386000,4326000,CB3MH,24.6063,1e+06,0.1,71.8,386000 4326000,7.5,Unsuitable,black,YES,239.849206,2688.050946,80.1568589999997
386000,4326000,CB3MH,14.76378,1e+06,0.88,77.7,386000 4326000,4.5,Unsuitable,black,YES,239.849206,2688.050946,80.1568589999997
386000,4326000,CB3MH,4.92126,1e+06,7.27,82.38,386000 4326000,1.5,Suitable,dodgerblue,YES,239.849206,2688.050946,80.1568589999997
386000,4326000,CB3MH,9.84252,1e+06,4.83,81.36,386000 4326000,3,Suitable,dodgerblue,YES,239.849206,2688.050946,80.1568589999997
386000,4326000,CB3MH,21.32546,1e+06,0.11,72.93,386000 4326000,6.5,Unsuitable,black,YES,239.849206,2688.050946,80.1568589999997
386000,4326000,CB3MH,22.96588,1e+06,0.1,72.26,386000 4326000,7,Unsuitable,black,YES,239.849206,2688.050946,80.1568589999997
386000,4326000,CB3MH,18.04462,1e+06,0.39,76.58,386000 4326000,5.5,Unsuitable,black,YES,239.849206,2688.050946,80.1568589999997
386000,4331000,CB3MH,18.04462,1e+06,0.46,76.57,386000 4331000,5.5,Unsuitable,black,YES,239.849206,2691.157801,83.2637139999997
386000,4331000,CB3MH,1.64042,1e+06,8.23,82.83,386000 4331000,0.5,Tolerable,yellow,YES,239.849206,2691.157801,83.2637139999997
386000,4331000,CB3MH,0,1e+06,8.5,82.86,386000 4331000,0,Tolerable,yellow,YES,239.849206,2691.157801,83.2637139999997
386000,4331000,CB3MH,16.4042,1e+06,0.61,77.55,386000 4331000,5,Unsuitable,black,YES,239.849206,2691.157801,83.2637139999997
386000,4331000,CB3MH,3.28084,1e+06,7.7,82.76,386000 4331000,1,Tolerable,yellow,YES,239.849206,2691.157801,83.2637139999997
386000,4331000,CB3MH,8.2021,1e+06,5.76,81.98,386000 4331000,2.5,Suitable,dodgerblue,YES,239.849206,2691.157801,83.2637139999997
386000,4331000,CB3MH,24.6063,1e+06,0.1,71.8,386000 4331000,7.5,Unsuitable,black,YES,239.849206,2691.157801,83.2637139999997
386000,4331000,CB3MH,13.12336,1e+06,1.75,79.08,386000 4331000,4,Unsuitable,black,YES,239.849206,2691.157801,83.2637139999997
386000,4331000,CB3MH,14.76378,1e+06,0.91,77.73,386000 4331000,4.5,Unsuitable,black,YES,239.849206,2691.157801,83.2637139999997
386000,4331000,CB3MH,4.92126,1e+06,7.01,82.53,386000 4331000,1.5,Tolerable,yellow,YES,239.849206,2691.157801,83.2637139999997
386000,4331000,CB3MH,9.84252,1e+06,4.42,81.31,386000 4331000,3,Suitable,dodgerblue,YES,239.849206,2691.157801,83.2637139999997
386000,4331000,CB3MH,11.48294,1e+06,2.38,79.85,386000 4331000,3.5,Marginal,orange,YES,239.849206,2691.157801,83.2637139999997
386000,4331000,CB3MH,6.56168,1e+06,6.3,82.19,386000 4331000,2,Suitable,dodgerblue,YES,239.849206,2691.157801,83.2637139999997
386000,4331000,CB3MH,22.96588,1e+06,0.1,72.47,386000 4331000,7,Unsuitable,black,YES,239.849206,2691.157801,83.2637139999997
386000,4331000,CB3MH,19.68504,1e+06,0.12,74.3,386000 4331000,6,Unsuitable,black,YES,239.849206,2691.157801,83.2637139999997
386000,4331000,CB3MH,21.32546,1e+06,0.12,73.1,386000 4331000,6.5,Unsuitable,black,YES,239.849206,2691.157801,83.2637139999997
386000,4332000,CB3MH,16.4042,1e+06,0.6,77.49,386000 4332000,5,Unsuitable,black,YES,239.849206,2691.779172,83.8850849999999
386000,4332000,CB3MH,9.84252,1e+06,4.29,81.24,386000 4332000,3,Suitable,dodgerblue,YES,239.849206,2691.779172,83.8850849999999
386000,4332000,CB3MH,14.76378,1e+06,0.92,77.73,386000 4332000,4.5,Unsuitable,black,YES,239.849206,2691.779172,83.8850849999999
386000,4332000,CB3MH,11.48294,1e+06,2.41,79.89,386000 4332000,3.5,Marginal,orange,YES,239.849206,2691.779172,83.8850849999999
386000,4332000,CB3MH,18.04462,1e+06,0.47,76.58,386000 4332000,5.5,Unsuitable,black,YES,239.849206,2691.779172,83.8850849999999
386000,4332000,CB3MH,1.64042,1e+06,7.47,82.72,386000 4332000,0.5,Tolerable,yellow,YES,239.849206,2691.779172,83.8850849999999
386000,4332000,CB3MH,8.2021,1e+06,5.65,82.02,386000 4332000,2.5,Suitable,dodgerblue,YES,239.849206,2691.779172,83.8850849999999
386000,4332000,CB3MH,13.12336,1e+06,1.78,79.14,386000 4332000,4,Unsuitable,black,YES,239.849206,2691.779172,83.8850849999999
386000,4332000,CB3MH,0,1e+06,7.71,82.71,386000 4332000,0,Tolerable,yellow,YES,239.849206,2691.779172,83.8850849999999
386000,4332000,CB3MH,3.28084,1e+06,7.19,82.84,386000 4332000,1,Tolerable,yellow,YES,239.849206,2691.779172,83.8850849999999
386000,4332000,CB3MH,6.56168,1e+06,5.82,82.29,386000 4332000,2,Suitable,dodgerblue,YES,239.849206,2691.779172,83.8850849999999
386000,4332000,CB3MH,4.92126,1e+06,6.7,82.74,386000 4332000,1.5,Tolerable,yellow,YES,239.849206,2691.779172,83.8850849999999
386000,4334000,CB3MH,3.28084,1e+06,7.3,82.74,386000 4334000,1,Tolerable,yellow,YES,239.849206,2693.021914,85.1278269999998
386000,4334000,CB3MH,0,1e+06,7.62,82.49,386000 4334000,0,Tolerable,yellow,YES,239.849206,2693.021914,85.1278269999998
386000,4334000,CB3MH,11.48294,1e+06,2.42,79.93,386000 4334000,3.5,Marginal,orange,YES,239.849206,2693.021914,85.1278269999998
386000,4334000,CB3MH,16.4042,1e+06,0.61,77.41,386000 4334000,5,Unsuitable,black,YES,239.849206,2693.021914,85.1278269999998
386000,4334000,CB3MH,4.92126,1e+06,6.8,82.64,386000 4334000,1.5,Tolerable,yellow,YES,239.849206,2693.021914,85.1278269999998
386000,4334000,CB3MH,9.84252,1e+06,4.12,81.15,386000 4334000,3,Suitable,dodgerblue,YES,239.849206,2693.021914,85.1278269999998
386000,4334000,CB3MH,6.56168,1e+06,5.94,82.23,386000 4334000,2,Suitable,dodgerblue,YES,239.849206,2693.021914,85.1278269999998
386000,4334000,CB3MH,1.64042,1e+06,7.48,82.56,386000 4334000,0.5,Tolerable,yellow,YES,239.849206,2693.021914,85.1278269999998
386000,4334000,CB3MH,8.2021,1e+06,5.54,82.01,386000 4334000,2.5,Suitable,dodgerblue,YES,239.849206,2693.021914,85.1278269999998
386000,4334000,CB3MH,14.76378,1e+06,0.91,77.73,386000 4334000,4.5,Unsuitable,black,YES,239.849206,2693.021914,85.1278269999998
386000,4334000,CB3MH,13.12336,1e+06,1.81,79.22,386000 4334000,4,Unsuitable,black,YES,239.849206,2693.021914,85.1278269999998
386000,4335000,CB3MH,9.84252,1e+06,4.08,81.12,386000 4335000,3,Suitable,dodgerblue,YES,239.849206,2693.643285,85.749198
386000,4335000,CB3MH,0,1e+06,7.58,82.45,386000 4335000,0,Tolerable,yellow,YES,239.849206,2693.643285,85.749198
386000,4335000,CB3MH,13.12336,1e+06,1.81,79.21,386000 4335000,4,Unsuitable,black,YES,239.849206,2693.643285,85.749198
386000,4335000,CB3MH,14.76378,1e+06,0.9,77.71,386000 4335000,4.5,Unsuitable,black,YES,239.849206,2693.643285,85.749198
386000,4335000,CB3MH,3.28084,1e+06,7.31,82.74,386000 4335000,1,Tolerable,yellow,YES,239.849206,2693.643285,85.749198
386000,4335000,CB3MH,6.56168,1e+06,5.98,82.21,386000 4335000,2,Suitable,dodgerblue,YES,239.849206,2693.643285,85.749198
386000,4335000,CB3MH,4.92126,1e+06,6.83,82.62,386000 4335000,1.5,Tolerable,yellow,YES,239.849206,2693.643285,85.749198
386000,4335000,CB3MH,8.2021,1e+06,5.51,82,386000 4335000,2.5,Suitable,dodgerblue,YES,239.849206,2693.643285,85.749198
386000,4335000,CB3MH,1.64042,1e+06,7.47,82.55,386000 4335000,0.5,Tolerable,yellow,YES,239.849206,2693.643285,85.749198
386000,4335000,CB3MH,11.48294,1e+06,2.41,79.92,386000 4335000,3.5,Marginal,orange,YES,239.849206,2693.643285,85.749198
386000,4336000,CB3MH,0,1e+06,7.58,82.44,386000 4336000,0,Tolerable,yellow,YES,239.849206,2694.264656,86.3705689999997
386000,4336000,CB3MH,4.92126,1e+06,6.83,82.62,386000 4336000,1.5,Tolerable,yellow,YES,239.849206,2694.264656,86.3705689999997
386000,4336000,CB3MH,8.2021,1e+06,5.49,82,386000 4336000,2.5,Suitable,dodgerblue,YES,239.849206,2694.264656,86.3705689999997
386000,4336000,CB3MH,9.84252,1e+06,4.07,81.11,386000 4336000,3,Suitable,dodgerblue,YES,239.849206,2694.264656,86.3705689999997
386000,4336000,CB3MH,11.48294,1e+06,2.41,79.92,386000 4336000,3.5,Marginal,orange,YES,239.849206,2694.264656,86.3705689999997
386000,4336000,CB3MH,6.56168,1e+06,5.97,82.21,386000 4336000,2,Suitable,dodgerblue,YES,239.849206,2694.264656,86.3705689999997
386000,4336000,CB3MH,1.64042,1e+06,7.47,82.53,386000 4336000,0.5,Tolerable,yellow,YES,239.849206,2694.264656,86.3705689999997
386000,4336000,CB3MH,3.28084,1e+06,7.32,82.73,386000 4336000,1,Tolerable,yellow,YES,239.849206,2694.264656,86.3705689999997
387000,4239000,CB5MH_MD,11.48294,1e+06,4.9,81.18,387000 4239000,3.5,Suitable,dodgerblue,YES,240.470577,2633.991669,26.0975819999999
387000,4239000,CB5MH_MD,39.37008,1e+06,0.58,73.64,387000 4239000,12,Unsuitable,black,YES,240.470577,2633.991669,26.0975819999999
387000,4239000,CB5MH_MD,26.24672,1e+06,0.39,73.45,387000 4239000,8,Unsuitable,black,YES,240.470577,2633.991669,26.0975819999999
387000,4239000,CB5MH_MD,4.92126,1e+06,6.74,82.4,387000 4239000,1.5,Suitable,dodgerblue,YES,240.470577,2633.991669,26.0975819999999
387000,4239000,CB5MH_MD,24.6063,1e+06,0.39,73.54,387000 4239000,7.5,Unsuitable,black,YES,240.470577,2633.991669,26.0975819999999
387000,4239000,CB5MH_MD,19.68504,1e+06,0.31,73.77,387000 4239000,6,Unsuitable,black,YES,240.470577,2633.991669,26.0975819999999
387000,4239000,CB5MH_MD,37.72966,1e+06,0.53,73.64,387000 4239000,11.5,Unsuitable,black,YES,240.470577,2633.991669,26.0975819999999
387000,4239000,CB5MH_MD,18.04462,1e+06,0.33,73.86,387000 4239000,5.5,Unsuitable,black,YES,240.470577,2633.991669,26.0975819999999
387000,4239000,CB5MH_MD,32.8084,1e+06,0.47,73.45,387000 4239000,10,Unsuitable,black,YES,240.470577,2633.991669,26.0975819999999
387000,4239000,CB5MH_MD,34.44882,1e+06,0.5,73.45,387000 4239000,10.5,Unsuitable,black,YES,240.470577,2633.991669,26.0975819999999
387000,4239000,CB5MH_MD,21.32546,1e+06,0.31,73.78,387000 4239000,6.5,Unsuitable,black,YES,240.470577,2633.991669,26.0975819999999
387000,4239000,CB5MH_MD,3.28084,1e+06,7.14,82.59,387000 4239000,1,Tolerable,yellow,YES,240.470577,2633.991669,26.0975819999999
387000,4239000,CB5MH_MD,22.96588,1e+06,0.35,73.72,387000 4239000,7,Unsuitable,black,YES,240.470577,2633.991669,26.0975819999999
387000,4239000,CB5MH_MD,8.2021,1e+06,5.7,81.82,387000 4239000,2.5,Suitable,dodgerblue,YES,240.470577,2633.991669,26.0975819999999
387000,4239000,CB5MH_MD,31.16798,1e+06,0.42,73.36,387000 4239000,9.5,Unsuitable,black,YES,240.470577,2633.991669,26.0975819999999
387000,4239000,CB5MH_MD,29.52756,1e+06,0.4,73.36,387000 4239000,9,Unsuitable,black,YES,240.470577,2633.991669,26.0975819999999
387000,4239000,CB5MH_MD,6.56168,1e+06,6.22,82.11,387000 4239000,2,Suitable,dodgerblue,YES,240.470577,2633.991669,26.0975819999999
387000,4239000,CB5MH_MD,16.4042,1e+06,0.42,74.82,387000 4239000,5,Unsuitable,black,YES,240.470577,2633.991669,26.0975819999999
387000,4239000,CB5MH_MD,14.76378,1e+06,1.42,77.44,387000 4239000,4.5,Unsuitable,black,YES,240.470577,2633.991669,26.0975819999999
387000,4239000,CB5MH_MD,9.84252,1e+06,5.34,81.5,387000 4239000,3,Suitable,dodgerblue,YES,240.470577,2633.991669,26.0975819999999
387000,4239000,CB5MH_MD,36.08924,1e+06,0.5,73.54,387000 4239000,11,Unsuitable,black,YES,240.470577,2633.991669,26.0975819999999
387000,4239000,CB5MH_MD,13.12336,1e+06,3.66,80.39,387000 4239000,4,Tolerable,yellow,YES,240.470577,2633.991669,26.0975819999999
387000,4239000,CB5MH_MD,1.64042,1e+06,7.53,82.8,387000 4239000,0.5,Tolerable,yellow,YES,240.470577,2633.991669,26.0975819999999
387000,4239000,CB5MH_MD,27.88714,1e+06,0.4,73.45,387000 4239000,8.5,Unsuitable,black,YES,240.470577,2633.991669,26.0975819999999
387000,4239000,CB5MH_MD,0,1e+06,7.6,82.89,387000 4239000,0,Tolerable,yellow,YES,240.470577,2633.991669,26.0975819999999
387000,4240000,CB5MH_MD,18.04462,1e+06,0.31,73.77,387000 4240000,5.5,Unsuitable,black,YES,240.470577,2634.61304,26.7189530000001
387000,4240000,CB5MH_MD,6.56168,1e+06,6.37,82.29,387000 4240000,2,Suitable,dodgerblue,YES,240.470577,2634.61304,26.7189530000001
387000,4240000,CB5MH_MD,4.92126,1e+06,6.89,82.54,387000 4240000,1.5,Tolerable,yellow,YES,240.470577,2634.61304,26.7189530000001
387000,4240000,CB5MH_MD,9.84252,1e+06,5.55,81.78,387000 4240000,3,Suitable,dodgerblue,YES,240.470577,2634.61304,26.7189530000001
387000,4240000,CB5MH_MD,47.57218,1e+06,0.77,73.4,387000 4240000,14.5,Unsuitable,black,YES,240.470577,2634.61304,26.7189530000001
387000,4240000,CB5MH_MD,8.2021,1e+06,5.86,82.04,387000 4240000,2.5,Suitable,dodgerblue,YES,240.470577,2634.61304,26.7189530000001
387000,4240000,CB5MH_MD,45.93176,1e+06,0.7,73.4,387000 4240000,14,Unsuitable,black,YES,240.470577,2634.61304,26.7189530000001
387000,4240000,CB5MH_MD,11.48294,1e+06,5.18,81.56,387000 4240000,3.5,Suitable,dodgerblue,YES,240.470577,2634.61304,26.7189530000001
387000,4240000,CB5MH_MD,13.12336,1e+06,3.76,80.5,387000 4240000,4,Tolerable,yellow,YES,240.470577,2634.61304,26.7189530000001
387000,4240000,CB5MH_MD,26.24672,1e+06,0.4,73.42,387000 4240000,8,Unsuitable,black,YES,240.470577,2634.61304,26.7189530000001
387000,4240000,CB5MH_MD,42.65092,1e+06,0.68,73.42,387000 4240000,13,Unsuitable,black,YES,240.470577,2634.61304,26.7189530000001
387000,4240000,CB5MH_MD,1.64042,1e+06,7.66,82.89,387000 4240000,0.5,Tolerable,yellow,YES,240.470577,2634.61304,26.7189530000001
387000,4240000,CB5MH_MD,3.28084,1e+06,7.26,82.68,387000 4240000,1,Tolerable,yellow,YES,240.470577,2634.61304,26.7189530000001
387000,4240000,CB5MH_MD,24.6063,1e+06,0.4,73.51,387000 4240000,7.5,Unsuitable,black,YES,240.470577,2634.61304,26.7189530000001
387000,4240000,CB5MH_MD,21.32546,1e+06,0.3,73.79,387000 4240000,6.5,Unsuitable,black,YES,240.470577,2634.61304,26.7189530000001
387000,4240000,CB5MH_MD,19.68504,1e+06,0.31,73.73,387000 4240000,6,Unsuitable,black,YES,240.470577,2634.61304,26.7189530000001
387000,4240000,CB5MH_MD,14.76378,1e+06,1.41,77.42,387000 4240000,4.5,Unsuitable,black,YES,240.470577,2634.61304,26.7189530000001
387000,4240000,CB5MH_MD,0,1e+06,7.72,82.99,387000 4240000,0,Tolerable,yellow,YES,240.470577,2634.61304,26.7189530000001
387000,4240000,CB5MH_MD,41.0105,1e+06,0.63,73.51,387000 4240000,12.5,Unsuitable,black,YES,240.470577,2634.61304,26.7189530000001
387000,4240000,CB5MH_MD,16.4042,1e+06,0.39,74.7,387000 4240000,5,Unsuitable,black,YES,240.470577,2634.61304,26.7189530000001
387000,4240000,CB5MH_MD,50.85302,1e+06,1,73.4,387000 4240000,15.5,Unsuitable,black,YES,240.470577,2634.61304,26.7189530000001
387000,4240000,CB5MH_MD,31.16798,1e+06,0.42,73.32,387000 4240000,9.5,Unsuitable,black,YES,240.470577,2634.61304,26.7189530000001
387000,4240000,CB5MH_MD,44.29134,1e+06,0.7,73.41,387000 4240000,13.5,Unsuitable,black,YES,240.470577,2634.61304,26.7189530000001
387000,4240000,CB5MH_MD,52.49344,1e+06,1,73.4,387000 4240000,16,Unsuitable,black,YES,240.470577,2634.61304,26.7189530000001
387000,4240000,CB5MH_MD,49.2126,1e+06,0.93,73.4,387000 4240000,15,Unsuitable,black,YES,240.470577,2634.61304,26.7189530000001
387000,4240000,CB5MH_MD,29.52756,1e+06,0.4,73.32,387000 4240000,9,Unsuitable,black,YES,240.470577,2634.61304,26.7189530000001
387000,4240000,CB5MH_MD,22.96588,1e+06,0.35,73.71,387000 4240000,7,Unsuitable,black,YES,240.470577,2634.61304,26.7189530000001
387000,4240000,CB5MH_MD,32.8084,1e+06,0.47,73.42,387000 4240000,10,Unsuitable,black,YES,240.470577,2634.61304,26.7189530000001
387000,4240000,CB5MH_MD,37.72966,1e+06,0.53,73.61,387000 4240000,11.5,Unsuitable,black,YES,240.470577,2634.61304,26.7189530000001
387000,4240000,CB5MH_MD,36.08924,1e+06,0.5,73.52,387000 4240000,11,Unsuitable,black,YES,240.470577,2634.61304,26.7189530000001
387000,4240000,CB5MH_MD,27.88714,1e+06,0.4,73.42,387000 4240000,8.5,Unsuitable,black,YES,240.470577,2634.61304,26.7189530000001
387000,4240000,CB5MH_MD,39.37008,1e+06,0.58,73.61,387000 4240000,12,Unsuitable,black,YES,240.470577,2634.61304,26.7189530000001
387000,4240000,CB5MH_MD,34.44882,1e+06,0.5,73.42,387000 4240000,10.5,Unsuitable,black,YES,240.470577,2634.61304,26.7189530000001
387000,4241000,CB5MH_MD,14.76378,1e+06,1.4,77.41,387000 4241000,4.5,Unsuitable,black,YES,240.470577,2635.234411,27.3403239999998
387000,4241000,CB5MH_MD,22.96588,1e+06,0.35,73.7,387000 4241000,7,Unsuitable,black,YES,240.470577,2635.234411,27.3403239999998
387000,4241000,CB5MH_MD,13.12336,1e+06,3.83,80.58,387000 4241000,4,Tolerable,yellow,YES,240.470577,2635.234411,27.3403239999998
387000,4241000,CB5MH_MD,37.72966,1e+06,0.53,73.6,387000 4241000,11.5,Unsuitable,black,YES,240.470577,2635.234411,27.3403239999998
387000,4241000,CB5MH_MD,36.08924,1e+06,0.5,73.5,387000 4241000,11,Unsuitable,black,YES,240.470577,2635.234411,27.3403239999998
387000,4241000,CB5MH_MD,16.4042,1e+06,0.36,74.63,387000 4241000,5,Unsuitable,black,YES,240.470577,2635.234411,27.3403239999998
387000,4241000,CB5MH_MD,42.65092,1e+06,0.68,73.4,387000 4241000,13,Unsuitable,black,YES,240.470577,2635.234411,27.3403239999998
387000,4241000,CB5MH_MD,39.37008,1e+06,0.58,73.6,387000 4241000,12,Unsuitable,black,YES,240.470577,2635.234411,27.3403239999998
387000,4241000,CB5MH_MD,0,1e+06,7.81,83.07,387000 4241000,0,Tolerable,yellow,YES,240.470577,2635.234411,27.3403239999998
387000,4241000,CB5MH_MD,11.48294,1e+06,5.41,81.88,387000 4241000,3.5,Suitable,dodgerblue,YES,240.470577,2635.234411,27.3403239999998
387000,4241000,CB5MH_MD,27.88714,1e+06,0.4,73.4,387000 4241000,8.5,Unsuitable,black,YES,240.470577,2635.234411,27.3403239999998
387000,4241000,CB5MH_MD,8.2021,1e+06,6,82.23,387000 4241000,2.5,Suitable,dodgerblue,YES,240.470577,2635.234411,27.3403239999998
387000,4241000,CB5MH_MD,41.0105,1e+06,0.63,73.5,387000 4241000,12.5,Unsuitable,black,YES,240.470577,2635.234411,27.3403239999998
387000,4241000,CB5MH_MD,9.84252,1e+06,5.73,82.01,387000 4241000,3,Suitable,dodgerblue,YES,240.470577,2635.234411,27.3403239999998
387000,4241000,CB5MH_MD,4.92126,1e+06,7.01,82.65,387000 4241000,1.5,Tolerable,yellow,YES,240.470577,2635.234411,27.3403239999998
387000,4241000,CB5MH_MD,26.24672,1e+06,0.4,73.4,387000 4241000,8,Unsuitable,black,YES,240.470577,2635.234411,27.3403239999998
387000,4241000,CB5MH_MD,18.04462,1e+06,0.3,73.72,387000 4241000,5.5,Unsuitable,black,YES,240.470577,2635.234411,27.3403239999998
387000,4241000,CB5MH_MD,49.2126,1e+06,0.93,73.4,387000 4241000,15,Unsuitable,black,YES,240.470577,2635.234411,27.3403239999998
387000,4241000,CB5MH_MD,19.68504,1e+06,0.3,73.71,387000 4241000,6,Unsuitable,black,YES,240.470577,2635.234411,27.3403239999998
387000,4241000,CB5MH_MD,3.28084,1e+06,7.36,82.77,387000 4241000,1,Tolerable,yellow,YES,240.470577,2635.234411,27.3403239999998
387000,4241000,CB5MH_MD,21.32546,1e+06,0.3,73.8,387000 4241000,6.5,Unsuitable,black,YES,240.470577,2635.234411,27.3403239999998
387000,4241000,CB5MH_MD,6.56168,1e+06,6.5,82.44,387000 4241000,2,Tolerable,yellow,YES,240.470577,2635.234411,27.3403239999998
387000,4241000,CB5MH_MD,29.52756,1e+06,0.4,73.3,387000 4241000,9,Unsuitable,black,YES,240.470577,2635.234411,27.3403239999998
387000,4241000,CB5MH_MD,45.93176,1e+06,0.7,73.4,387000 4241000,14,Unsuitable,black,YES,240.470577,2635.234411,27.3403239999998
387000,4241000,CB5MH_MD,44.29134,1e+06,0.7,73.4,387000 4241000,13.5,Unsuitable,black,YES,240.470577,2635.234411,27.3403239999998
387000,4241000,CB5MH_MD,31.16798,1e+06,0.43,73.3,387000 4241000,9.5,Unsuitable,black,YES,240.470577,2635.234411,27.3403239999998
387000,4241000,CB5MH_MD,34.44882,1e+06,0.5,73.4,387000 4241000,10.5,Unsuitable,black,YES,240.470577,2635.234411,27.3403239999998
387000,4241000,CB5MH_MD,24.6063,1e+06,0.4,73.5,387000 4241000,7.5,Unsuitable,black,YES,240.470577,2635.234411,27.3403239999998
387000,4241000,CB5MH_MD,1.64042,1e+06,7.76,82.97,387000 4241000,0.5,Tolerable,yellow,YES,240.470577,2635.234411,27.3403239999998
387000,4241000,CB5MH_MD,47.57218,1e+06,0.77,73.4,387000 4241000,14.5,Unsuitable,black,YES,240.470577,2635.234411,27.3403239999998
387000,4241000,CB5MH_MD,32.8084,1e+06,0.47,73.4,387000 4241000,10,Unsuitable,black,YES,240.470577,2635.234411,27.3403239999998
387000,4241000,CB5MH_MD,54.13386,1e+06,1,73.4,387000 4241000,16.5,Unsuitable,black,YES,240.470577,2635.234411,27.3403239999998
387000,4241000,CB5MH_MD,52.49344,1e+06,1,73.4,387000 4241000,16,Unsuitable,black,YES,240.470577,2635.234411,27.3403239999998
387000,4241000,CB5MH_MD,50.85302,1e+06,1,73.4,387000 4241000,15.5,Unsuitable,black,YES,240.470577,2635.234411,27.3403239999998
387000,4242000,CB5MH_MD,27.88714,1e+06,0.4,73.4,387000 4242000,8.5,Unsuitable,black,YES,240.470577,2635.855782,27.961695
387000,4242000,CB5MH_MD,11.48294,1e+06,5.5,82,387000 4242000,3.5,Suitable,dodgerblue,YES,240.470577,2635.855782,27.961695
387000,4242000,CB5MH_MD,44.29134,1e+06,0.7,73.4,387000 4242000,13.5,Unsuitable,black,YES,240.470577,2635.855782,27.961695
387000,4242000,CB5MH_MD,31.16798,1e+06,0.43,73.3,387000 4242000,9.5,Unsuitable,black,YES,240.470577,2635.855782,27.961695
387000,4242000,CB5MH_MD,13.12336,1e+06,3.85,80.6,387000 4242000,4,Tolerable,yellow,YES,240.470577,2635.855782,27.961695
387000,4242000,CB5MH_MD,37.72966,1e+06,0.53,73.6,387000 4242000,11.5,Unsuitable,black,YES,240.470577,2635.855782,27.961695
387000,4242000,CB5MH_MD,26.24672,1e+06,0.4,73.4,387000 4242000,8,Unsuitable,black,YES,240.470577,2635.855782,27.961695
387000,4242000,CB5MH_MD,24.6063,1e+06,0.4,73.5,387000 4242000,7.5,Unsuitable,black,YES,240.470577,2635.855782,27.961695
387000,4242000,CB5MH_MD,39.37008,1e+06,0.58,73.6,387000 4242000,12,Unsuitable,black,YES,240.470577,2635.855782,27.961695
387000,4242000,CB5MH_MD,19.68504,1e+06,0.3,73.7,387000 4242000,6,Unsuitable,black,YES,240.470577,2635.855782,27.961695
387000,4242000,CB5MH_MD,45.93176,1e+06,0.7,73.4,387000 4242000,14,Unsuitable,black,YES,240.470577,2635.855782,27.961695
387000,4242000,CB5MH_MD,29.52756,1e+06,0.4,73.3,387000 4242000,9,Unsuitable,black,YES,240.470577,2635.855782,27.961695
387000,4242000,CB5MH_MD,4.92126,1e+06,7.05,82.7,387000 4242000,1.5,Tolerable,yellow,YES,240.470577,2635.855782,27.961695
387000,4242000,CB5MH_MD,0,1e+06,7.85,83.1,387000 4242000,0,Tolerable,yellow,YES,240.470577,2635.855782,27.961695
387000,4242000,CB5MH_MD,18.04462,1e+06,0.3,73.7,387000 4242000,5.5,Unsuitable,black,YES,240.470577,2635.855782,27.961695
387000,4242000,CB5MH_MD,36.08924,1e+06,0.5,73.5,387000 4242000,11,Unsuitable,black,YES,240.470577,2635.855782,27.961695
387000,4242000,CB5MH_MD,41.0105,1e+06,0.63,73.5,387000 4242000,12.5,Unsuitable,black,YES,240.470577,2635.855782,27.961695
387000,4242000,CB5MH_MD,52.49344,1e+06,1,73.4,387000 4242000,16,Unsuitable,black,YES,240.470577,2635.855782,27.961695
387000,4242000,CB5MH_MD,3.28084,1e+06,7.4,82.8,387000 4242000,1,Tolerable,yellow,YES,240.470577,2635.855782,27.961695
387000,4242000,CB5MH_MD,6.56168,1e+06,6.55,82.5,387000 4242000,2,Tolerable,yellow,YES,240.470577,2635.855782,27.961695
387000,4242000,CB5MH_MD,32.8084,1e+06,0.48,73.4,387000 4242000,10,Unsuitable,black,YES,240.470577,2635.855782,27.961695
387000,4242000,CB5MH_MD,8.2021,1e+06,6.05,82.3,387000 4242000,2.5,Suitable,dodgerblue,YES,240.470577,2635.855782,27.961695
387000,4242000,CB5MH_MD,54.13386,1e+06,1,73.4,387000 4242000,16.5,Unsuitable,black,YES,240.470577,2635.855782,27.961695
387000,4242000,CB5MH_MD,42.65092,1e+06,0.68,73.4,387000 4242000,13,Unsuitable,black,YES,240.470577,2635.855782,27.961695
387000,4242000,CB5MH_MD,16.4042,1e+06,0.35,74.6,387000 4242000,5,Unsuitable,black,YES,240.470577,2635.855782,27.961695
387000,4242000,CB5MH_MD,14.76378,1e+06,1.4,77.4,387000 4242000,4.5,Unsuitable,black,YES,240.470577,2635.855782,27.961695
387000,4242000,CB5MH_MD,22.96588,1e+06,0.35,73.7,387000 4242000,7,Unsuitable,black,YES,240.470577,2635.855782,27.961695
387000,4242000,CB5MH_MD,21.32546,1e+06,0.3,73.8,387000 4242000,6.5,Unsuitable,black,YES,240.470577,2635.855782,27.961695
387000,4242000,CB5MH_MD,49.2126,1e+06,0.93,73.4,387000 4242000,15,Unsuitable,black,YES,240.470577,2635.855782,27.961695
387000,4242000,CB5MH_MD,9.84252,1e+06,5.8,82.1,387000 4242000,3,Suitable,dodgerblue,YES,240.470577,2635.855782,27.961695
387000,4242000,CB5MH_MD,55.77428,1e+06,1,73.4,387000 4242000,17,Unsuitable,black,YES,240.470577,2635.855782,27.961695
387000,4242000,CB5MH_MD,1.64042,1e+06,7.8,83,387000 4242000,0.5,Tolerable,yellow,YES,240.470577,2635.855782,27.961695
387000,4242000,CB5MH_MD,47.57218,1e+06,0.77,73.4,387000 4242000,14.5,Unsuitable,black,YES,240.470577,2635.855782,27.961695
387000,4242000,CB5MH_MD,34.44882,1e+06,0.5,73.4,387000 4242000,10.5,Unsuitable,black,YES,240.470577,2635.855782,27.961695
387000,4242000,CB5MH_MD,50.85302,1e+06,1,73.4,387000 4242000,15.5,Unsuitable,black,YES,240.470577,2635.855782,27.961695
387000,4243000,CB5MH_MD,32.8084,1e+06,0.48,73.4,387000 4243000,10,Unsuitable,black,YES,240.470577,2636.477153,28.5830660000002
387000,4243000,CB5MH_MD,55.77428,1e+06,1,73.4,387000 4243000,17,Unsuitable,black,YES,240.470577,2636.477153,28.5830660000002
387000,4243000,CB5MH_MD,0,1e+06,7.8,83.06,387000 4243000,0,Tolerable,yellow,YES,240.470577,2636.477153,28.5830660000002
387000,4243000,CB5MH_MD,26.24672,1e+06,0.4,73.4,387000 4243000,8,Unsuitable,black,YES,240.470577,2636.477153,28.5830660000002
387000,4243000,CB5MH_MD,13.12336,1e+06,3.82,80.57,387000 4243000,4,Tolerable,yellow,YES,240.470577,2636.477153,28.5830660000002
387000,4243000,CB5MH_MD,14.76378,1e+06,1.41,77.41,387000 4243000,4.5,Unsuitable,black,YES,240.470577,2636.477153,28.5830660000002
387000,4243000,CB5MH_MD,34.44882,1e+06,0.5,73.4,387000 4243000,10.5,Unsuitable,black,YES,240.470577,2636.477153,28.5830660000002
387000,4243000,CB5MH_MD,19.68504,1e+06,0.3,73.7,387000 4243000,6,Unsuitable,black,YES,240.470577,2636.477153,28.5830660000002
387000,4243000,CB5MH_MD,1.64042,1e+06,7.75,82.96,387000 4243000,0.5,Tolerable,yellow,YES,240.470577,2636.477153,28.5830660000002
387000,4243000,CB5MH_MD,9.84252,1e+06,5.71,81.98,387000 4243000,3,Suitable,dodgerblue,YES,240.470577,2636.477153,28.5830660000002
387000,4243000,CB5MH_MD,22.96588,1e+06,0.35,73.7,387000 4243000,7,Unsuitable,black,YES,240.470577,2636.477153,28.5830660000002
387000,4243000,CB5MH_MD,27.88714,1e+06,0.4,73.4,387000 4243000,8.5,Unsuitable,black,YES,240.470577,2636.477153,28.5830660000002
387000,4243000,CB5MH_MD,31.16798,1e+06,0.43,73.3,387000 4243000,9.5,Unsuitable,black,YES,240.470577,2636.477153,28.5830660000002
387000,4243000,CB5MH_MD,52.49344,1e+06,1,73.4,387000 4243000,16,Unsuitable,black,YES,240.470577,2636.477153,28.5830660000002
387000,4243000,CB5MH_MD,49.2126,1e+06,0.93,73.4,387000 4243000,15,Unsuitable,black,YES,240.470577,2636.477153,28.5830660000002
387000,4243000,CB5MH_MD,6.56168,1e+06,6.49,82.42,387000 4243000,2,Tolerable,yellow,YES,240.470577,2636.477153,28.5830660000002
387000,4243000,CB5MH_MD,11.48294,1e+06,5.38,81.84,387000 4243000,3.5,Suitable,dodgerblue,YES,240.470577,2636.477153,28.5830660000002
387000,4243000,CB5MH_MD,4.92126,1e+06,6.99,82.64,387000 4243000,1.5,Tolerable,yellow,YES,240.470577,2636.477153,28.5830660000002
387000,4243000,CB5MH_MD,37.72966,1e+06,0.53,73.6,387000 4243000,11.5,Unsuitable,black,YES,240.470577,2636.477153,28.5830660000002
387000,4243000,CB5MH_MD,29.52756,1e+06,0.4,73.3,387000 4243000,9,Unsuitable,black,YES,240.470577,2636.477153,28.5830660000002
387000,4243000,CB5MH_MD,24.6063,1e+06,0.4,73.5,387000 4243000,7.5,Unsuitable,black,YES,240.470577,2636.477153,28.5830660000002
387000,4243000,CB5MH_MD,42.65092,1e+06,0.68,73.4,387000 4243000,13,Unsuitable,black,YES,240.470577,2636.477153,28.5830660000002
387000,4243000,CB5MH_MD,8.2021,1e+06,5.98,82.21,387000 4243000,2.5,Suitable,dodgerblue,YES,240.470577,2636.477153,28.5830660000002
387000,4243000,CB5MH_MD,21.32546,1e+06,0.3,73.79,387000 4243000,6.5,Unsuitable,black,YES,240.470577,2636.477153,28.5830660000002
387000,4243000,CB5MH_MD,16.4042,1e+06,0.36,74.64,387000 4243000,5,Unsuitable,black,YES,240.470577,2636.477153,28.5830660000002
387000,4243000,CB5MH_MD,39.37008,1e+06,0.58,73.6,387000 4243000,12,Unsuitable,black,YES,240.470577,2636.477153,28.5830660000002
387000,4243000,CB5MH_MD,3.28084,1e+06,7.35,82.76,387000 4243000,1,Tolerable,yellow,YES,240.470577,2636.477153,28.5830660000002
387000,4243000,CB5MH_MD,50.85302,1e+06,1,73.4,387000 4243000,15.5,Unsuitable,black,YES,240.470577,2636.477153,28.5830660000002
387000,4243000,CB5MH_MD,47.57218,1e+06,0.77,73.4,387000 4243000,14.5,Unsuitable,black,YES,240.470577,2636.477153,28.5830660000002
387000,4243000,CB5MH_MD,45.93176,1e+06,0.7,73.4,387000 4243000,14,Unsuitable,black,YES,240.470577,2636.477153,28.5830660000002
387000,4243000,CB5MH_MD,36.08924,1e+06,0.5,73.5,387000 4243000,11,Unsuitable,black,YES,240.470577,2636.477153,28.5830660000002
387000,4243000,CB5MH_MD,18.04462,1e+06,0.3,73.72,387000 4243000,5.5,Unsuitable,black,YES,240.470577,2636.477153,28.5830660000002
387000,4243000,CB5MH_MD,41.0105,1e+06,0.63,73.5,387000 4243000,12.5,Unsuitable,black,YES,240.470577,2636.477153,28.5830660000002
387000,4243000,CB5MH_MD,44.29134,1e+06,0.7,73.4,387000 4243000,13.5,Unsuitable,black,YES,240.470577,2636.477153,28.5830660000002
387000,4243000,CB5MH_MD,54.13386,1e+06,1,73.4,387000 4243000,16.5,Unsuitable,black,YES,240.470577,2636.477153,28.5830660000002
387000,4327000,CB3MH,14.76378,1e+06,0.87,77.61,387000 4327000,4.5,Unsuitable,black,YES,240.470577,2688.672317,80.7782299999999
387000,4327000,CB3MH,1.64042,1e+06,9.32,83.31,387000 4327000,0.5,Tolerable,yellow,YES,240.470577,2688.672317,80.7782299999999
387000,4327000,CB3MH,0,1e+06,9.87,83.56,387000 4327000,0,Tolerable,yellow,YES,240.470577,2688.672317,80.7782299999999
387000,4327000,CB3MH,13.12336,1e+06,1.51,78.61,387000 4327000,4,Unsuitable,black,YES,240.470577,2688.672317,80.7782299999999
387000,4327000,CB3MH,3.28084,1e+06,8.18,82.82,387000 4327000,1,Tolerable,yellow,YES,240.470577,2688.672317,80.7782299999999
387000,4327000,CB3MH,16.4042,1e+06,0.64,77.89,387000 4327000,5,Unsuitable,black,YES,240.470577,2688.672317,80.7782299999999
387000,4327000,CB3MH,18.04462,1e+06,0.41,76.59,387000 4327000,5.5,Unsuitable,black,YES,240.470577,2688.672317,80.7782299999999
387000,4327000,CB3MH,4.92126,1e+06,7.22,82.41,387000 4327000,1.5,Tolerable,yellow,YES,240.470577,2688.672317,80.7782299999999
387000,4327000,CB3MH,9.84252,1e+06,4.64,81.29,387000 4327000,3,Suitable,dodgerblue,YES,240.470577,2688.672317,80.7782299999999
387000,4327000,CB3MH,11.48294,1e+06,2.08,79.48,387000 4327000,3.5,Marginal,orange,YES,240.470577,2688.672317,80.7782299999999
387000,4327000,CB3MH,6.56168,1e+06,6.72,82.14,387000 4327000,2,Suitable,dodgerblue,YES,240.470577,2688.672317,80.7782299999999
387000,4327000,CB3MH,8.2021,1e+06,6.1,81.93,387000 4327000,2.5,Suitable,dodgerblue,YES,240.470577,2688.672317,80.7782299999999
387000,4328000,CB3MH,6.56168,1e+06,6.62,82.15,387000 4328000,2,Suitable,dodgerblue,YES,240.470577,2689.293688,81.3996010000001
387000,4328000,CB3MH,3.28084,1e+06,8.07,82.81,387000 4328000,1,Tolerable,yellow,YES,240.470577,2689.293688,81.3996010000001
387000,4328000,CB3MH,11.48294,1e+06,2.17,79.59,387000 4328000,3.5,Marginal,orange,YES,240.470577,2689.293688,81.3996010000001
387000,4328000,CB3MH,14.76378,1e+06,0.89,77.64,387000 4328000,4.5,Unsuitable,black,YES,240.470577,2689.293688,81.3996010000001
387000,4328000,CB3MH,0,1e+06,9.55,83.4,387000 4328000,0,Tolerable,yellow,YES,240.470577,2689.293688,81.3996010000001
387000,4328000,CB3MH,1.64042,1e+06,9.07,83.2,387000 4328000,0.5,Tolerable,yellow,YES,240.470577,2689.293688,81.3996010000001
387000,4328000,CB3MH,13.12336,1e+06,1.58,78.74,387000 4328000,4,Unsuitable,black,YES,240.470577,2689.293688,81.3996010000001
387000,4328000,CB3MH,8.2021,1e+06,6.03,81.95,387000 4328000,2.5,Suitable,dodgerblue,YES,240.470577,2689.293688,81.3996010000001
387000,4328000,CB3MH,4.92126,1e+06,7.17,82.44,387000 4328000,1.5,Tolerable,yellow,YES,240.470577,2689.293688,81.3996010000001
387000,4328000,CB3MH,9.84252,1e+06,4.56,81.26,387000 4328000,3,Suitable,dodgerblue,YES,240.470577,2689.293688,81.3996010000001
387000,4329000,CB3MH,3.28084,1e+06,7.94,82.8,387000 4329000,1,Tolerable,yellow,YES,240.470577,2689.915059,82.0209719999998
387000,4329000,CB3MH,9.84252,1e+06,4.46,81.23,387000 4329000,3,Suitable,dodgerblue,YES,240.470577,2689.915059,82.0209719999998
387000,4329000,CB3MH,0,1e+06,9.19,83.21,387000 4329000,0,Tolerable,yellow,YES,240.470577,2689.915059,82.0209719999998
387000,4329000,CB3MH,4.92126,1e+06,7.12,82.48,387000 4329000,1.5,Tolerable,yellow,YES,240.470577,2689.915059,82.0209719999998
387000,4329000,CB3MH,13.12336,1e+06,1.65,78.87,387000 4329000,4,Unsuitable,black,YES,240.470577,2689.915059,82.0209719999998
387000,4329000,CB3MH,8.2021,1e+06,5.94,81.96,387000 4329000,2.5,Suitable,dodgerblue,YES,240.470577,2689.915059,82.0209719999998
387000,4329000,CB3MH,14.76378,1e+06,0.9,77.67,387000 4329000,4.5,Unsuitable,black,YES,240.470577,2689.915059,82.0209719999998
387000,4329000,CB3MH,1.64042,1e+06,8.78,83.07,387000 4329000,0.5,Tolerable,yellow,YES,240.470577,2689.915059,82.0209719999998
387000,4329000,CB3MH,11.48294,1e+06,2.26,79.69,387000 4329000,3.5,Marginal,orange,YES,240.470577,2689.915059,82.0209719999998
387000,4329000,CB3MH,6.56168,1e+06,6.51,82.17,387000 4329000,2,Suitable,dodgerblue,YES,240.470577,2689.915059,82.0209719999998
387000,4330000,CB3MH,18.04462,1e+06,0.45,76.6,387000 4330000,5.5,Unsuitable,black,YES,240.470577,2690.53643,82.642343
387000,4330000,CB3MH,3.28084,1e+06,7.81,82.77,387000 4330000,1,Tolerable,yellow,YES,240.470577,2690.53643,82.642343
387000,4330000,CB3MH,6.56168,1e+06,6.39,82.18,387000 4330000,2,Suitable,dodgerblue,YES,240.470577,2690.53643,82.642343
387000,4330000,CB3MH,1.64042,1e+06,8.48,82.94,387000 4330000,0.5,Tolerable,yellow,YES,240.470577,2690.53643,82.642343
387000,4330000,CB3MH,8.2021,1e+06,5.84,81.97,387000 4330000,2.5,Suitable,dodgerblue,YES,240.470577,2690.53643,82.642343
387000,4330000,CB3MH,13.12336,1e+06,1.71,78.99,387000 4330000,4,Unsuitable,black,YES,240.470577,2690.53643,82.642343
387000,4330000,CB3MH,16.4042,1e+06,0.62,77.65,387000 4330000,5,Unsuitable,black,YES,240.470577,2690.53643,82.642343
387000,4330000,CB3MH,0,1e+06,8.81,83.02,387000 4330000,0,Tolerable,yellow,YES,240.470577,2690.53643,82.642343
387000,4330000,CB3MH,9.84252,1e+06,4.36,81.2,387000 4330000,3,Suitable,dodgerblue,YES,240.470577,2690.53643,82.642343
387000,4330000,CB3MH,14.76378,1e+06,0.91,77.69,387000 4330000,4.5,Unsuitable,black,YES,240.470577,2690.53643,82.642343
387000,4330000,CB3MH,11.48294,1e+06,2.33,79.78,387000 4330000,3.5,Marginal,orange,YES,240.470577,2690.53643,82.642343
387000,4330000,CB3MH,4.92126,1e+06,7.06,82.51,387000 4330000,1.5,Tolerable,yellow,YES,240.470577,2690.53643,82.642343
388000,4236000,CB5MH_MD,26.24672,1e+06,0.37,73.71,388000 4236000,8,Unsuitable,black,YES,241.091948,2632.127556,24.2334689999998
388000,4236000,CB5MH_MD,37.72966,1e+06,0.51,73.88,388000 4236000,11.5,Unsuitable,black,YES,241.091948,2632.127556,24.2334689999998
388000,4236000,CB5MH_MD,24.6063,1e+06,0.36,73.76,388000 4236000,7.5,Unsuitable,black,YES,241.091948,2632.127556,24.2334689999998
388000,4236000,CB5MH_MD,32.8084,1e+06,0.45,73.72,388000 4236000,10,Unsuitable,black,YES,241.091948,2632.127556,24.2334689999998
388000,4236000,CB5MH_MD,27.88714,1e+06,0.38,73.73,388000 4236000,8.5,Unsuitable,black,YES,241.091948,2632.127556,24.2334689999998
388000,4236000,CB5MH_MD,0,1e+06,7.33,82.71,388000 4236000,0,Tolerable,yellow,YES,241.091948,2632.127556,24.2334689999998
388000,4236000,CB5MH_MD,39.37008,1e+06,0.56,73.88,388000 4236000,12,Unsuitable,black,YES,241.091948,2632.127556,24.2334689999998
388000,4236000,CB5MH_MD,18.04462,1e+06,0.37,74.26,388000 4236000,5.5,Unsuitable,black,YES,241.091948,2632.127556,24.2334689999998
388000,4236000,CB5MH_MD,8.2021,1e+06,5.42,81.46,388000 4236000,2.5,Suitable,dodgerblue,YES,241.091948,2632.127556,24.2334689999998
388000,4236000,CB5MH_MD,29.52756,1e+06,0.38,73.66,388000 4236000,9,Unsuitable,black,YES,241.091948,2632.127556,24.2334689999998
388000,4236000,CB5MH_MD,31.16798,1e+06,0.41,73.65,388000 4236000,9.5,Unsuitable,black,YES,241.091948,2632.127556,24.2334689999998
388000,4236000,CB5MH_MD,14.76378,1e+06,1.37,77.49,388000 4236000,4.5,Unsuitable,black,YES,241.091948,2632.127556,24.2334689999998
388000,4236000,CB5MH_MD,1.64042,1e+06,7.27,82.63,388000 4236000,0.5,Tolerable,yellow,YES,241.091948,2632.127556,24.2334689999998
388000,4236000,CB5MH_MD,6.56168,1e+06,5.99,81.81,388000 4236000,2,Suitable,dodgerblue,YES,241.091948,2632.127556,24.2334689999998
388000,4236000,CB5MH_MD,4.92126,1e+06,6.5,82.15,388000 4236000,1.5,Suitable,dodgerblue,YES,241.091948,2632.127556,24.2334689999998
388000,4236000,CB5MH_MD,21.32546,1e+06,0.31,73.9,388000 4236000,6.5,Unsuitable,black,YES,241.091948,2632.127556,24.2334689999998
388000,4236000,CB5MH_MD,34.44882,1e+06,0.47,73.72,388000 4236000,10.5,Unsuitable,black,YES,241.091948,2632.127556,24.2334689999998
388000,4236000,CB5MH_MD,19.68504,1e+06,0.33,74.02,388000 4236000,6,Unsuitable,black,YES,241.091948,2632.127556,24.2334689999998
388000,4236000,CB5MH_MD,13.12336,1e+06,3.19,79.94,388000 4236000,4,Tolerable,yellow,YES,241.091948,2632.127556,24.2334689999998
388000,4236000,CB5MH_MD,22.96588,1e+06,0.32,73.9,388000 4236000,7,Unsuitable,black,YES,241.091948,2632.127556,24.2334689999998
388000,4236000,CB5MH_MD,11.48294,1e+06,4.09,80.31,388000 4236000,3.5,Suitable,dodgerblue,YES,241.091948,2632.127556,24.2334689999998
388000,4236000,CB5MH_MD,3.28084,1e+06,6.91,82.4,388000 4236000,1,Suitable,dodgerblue,YES,241.091948,2632.127556,24.2334689999998
388000,4236000,CB5MH_MD,36.08924,1e+06,0.48,73.8,388000 4236000,11,Unsuitable,black,YES,241.091948,2632.127556,24.2334689999998
388000,4236000,CB5MH_MD,16.4042,1e+06,0.51,75.27,388000 4236000,5,Unsuitable,black,YES,241.091948,2632.127556,24.2334689999998
388000,4236000,CB5MH_MD,9.84252,1e+06,4.84,80.98,388000 4236000,3,Suitable,dodgerblue,YES,241.091948,2632.127556,24.2334689999998
388000,4237000,CB5MH_MD,36.08924,1e+06,0.49,73.69,388000 4237000,11,Unsuitable,black,YES,241.091948,2632.748927,24.85484
388000,4237000,CB5MH_MD,32.8084,1e+06,0.46,73.6,388000 4237000,10,Unsuitable,black,YES,241.091948,2632.748927,24.85484
388000,4237000,CB5MH_MD,34.44882,1e+06,0.48,73.6,388000 4237000,10.5,Unsuitable,black,YES,241.091948,2632.748927,24.85484
388000,4237000,CB5MH_MD,13.12336,1e+06,3.36,80.1,388000 4237000,4,Tolerable,yellow,YES,241.091948,2632.748927,24.85484
388000,4237000,CB5MH_MD,19.68504,1e+06,0.32,73.92,388000 4237000,6,Unsuitable,black,YES,241.091948,2632.748927,24.85484
388000,4237000,CB5MH_MD,24.6063,1e+06,0.37,73.66,388000 4237000,7.5,Unsuitable,black,YES,241.091948,2632.748927,24.85484
388000,4237000,CB5MH_MD,26.24672,1e+06,0.38,73.6,388000 4237000,8,Unsuitable,black,YES,241.091948,2632.748927,24.85484
388000,4237000,CB5MH_MD,31.16798,1e+06,0.41,73.53,388000 4237000,9.5,Unsuitable,black,YES,241.091948,2632.748927,24.85484
388000,4237000,CB5MH_MD,37.72966,1e+06,0.52,73.77,388000 4237000,11.5,Unsuitable,black,YES,241.091948,2632.748927,24.85484
388000,4237000,CB5MH_MD,42.65092,1e+06,0.66,73.58,388000 4237000,13,Unsuitable,black,YES,241.091948,2632.748927,24.85484
388000,4237000,CB5MH_MD,14.76378,1e+06,1.4,77.48,388000 4237000,4.5,Unsuitable,black,YES,241.091948,2632.748927,24.85484
388000,4237000,CB5MH_MD,27.88714,1e+06,0.39,73.61,388000 4237000,8.5,Unsuitable,black,YES,241.091948,2632.748927,24.85484
388000,4237000,CB5MH_MD,16.4042,1e+06,0.48,75.11,388000 4237000,5,Unsuitable,black,YES,241.091948,2632.748927,24.85484
388000,4237000,CB5MH_MD,11.48294,1e+06,4.34,80.56,388000 4237000,3.5,Suitable,dodgerblue,YES,241.091948,2632.748927,24.85484
388000,4237000,CB5MH_MD,9.84252,1e+06,4.98,81.12,388000 4237000,3,Suitable,dodgerblue,YES,241.091948,2632.748927,24.85484
388000,4237000,CB5MH_MD,22.96588,1e+06,0.33,73.82,388000 4237000,7,Unsuitable,black,YES,241.091948,2632.748927,24.85484
388000,4237000,CB5MH_MD,45.93176,1e+06,0.7,73.4,388000 4237000,14,Unsuitable,black,YES,241.091948,2632.748927,24.85484
388000,4237000,CB5MH_MD,18.04462,1e+06,0.36,74.11,388000 4237000,5.5,Unsuitable,black,YES,241.091948,2632.748927,24.85484
388000,4237000,CB5MH_MD,49.2126,1e+06,0.93,73.4,388000 4237000,15,Unsuitable,black,YES,241.091948,2632.748927,24.85484
388000,4237000,CB5MH_MD,39.37008,1e+06,0.57,73.77,388000 4237000,12,Unsuitable,black,YES,241.091948,2632.748927,24.85484
388000,4237000,CB5MH_MD,21.32546,1e+06,0.31,73.84,388000 4237000,6.5,Unsuitable,black,YES,241.091948,2632.748927,24.85484
388000,4237000,CB5MH_MD,4.92126,1e+06,6.57,82.21,388000 4237000,1.5,Suitable,dodgerblue,YES,241.091948,2632.748927,24.85484
388000,4237000,CB5MH_MD,0,1e+06,7.41,82.76,388000 4237000,0,Tolerable,yellow,YES,241.091948,2632.748927,24.85484
388000,4237000,CB5MH_MD,57.4147,1e+06,1,73.4,388000 4237000,17.5,Unsuitable,black,YES,241.091948,2632.748927,24.85484
388000,4237000,CB5MH_MD,55.77428,1e+06,1,73.4,388000 4237000,17,Unsuitable,black,YES,241.091948,2632.748927,24.85484
388000,4237000,CB5MH_MD,8.2021,1e+06,5.49,81.55,388000 4237000,2.5,Suitable,dodgerblue,YES,241.091948,2632.748927,24.85484
388000,4237000,CB5MH_MD,3.28084,1e+06,6.98,82.45,388000 4237000,1,Tolerable,yellow,YES,241.091948,2632.748927,24.85484
388000,4237000,CB5MH_MD,50.85302,1e+06,1,73.4,388000 4237000,15.5,Unsuitable,black,YES,241.091948,2632.748927,24.85484
388000,4237000,CB5MH_MD,44.29134,1e+06,0.68,73.57,388000 4237000,13.5,Unsuitable,black,YES,241.091948,2632.748927,24.85484
388000,4237000,CB5MH_MD,52.49344,1e+06,1,73.4,388000 4237000,16,Unsuitable,black,YES,241.091948,2632.748927,24.85484
388000,4237000,CB5MH_MD,47.57218,1e+06,0.77,73.4,388000 4237000,14.5,Unsuitable,black,YES,241.091948,2632.748927,24.85484
388000,4237000,CB5MH_MD,29.52756,1e+06,0.39,73.53,388000 4237000,9,Unsuitable,black,YES,241.091948,2632.748927,24.85484
388000,4237000,CB5MH_MD,41.0105,1e+06,0.62,73.68,388000 4237000,12.5,Unsuitable,black,YES,241.091948,2632.748927,24.85484
388000,4237000,CB5MH_MD,54.13386,1e+06,1,73.4,388000 4237000,16.5,Unsuitable,black,YES,241.091948,2632.748927,24.85484
388000,4237000,CB5MH_MD,1.64042,1e+06,7.35,82.68,388000 4237000,0.5,Tolerable,yellow,YES,241.091948,2632.748927,24.85484
388000,4237000,CB5MH_MD,6.56168,1e+06,6.05,81.88,388000 4237000,2,Suitable,dodgerblue,YES,241.091948,2632.748927,24.85484
388000,4238000,CB5MH_MD,14.76378,1e+06,1.41,77.46,388000 4238000,4.5,Unsuitable,black,YES,241.091948,2633.370298,25.4762109999997
388000,4238000,CB5MH_MD,13.12336,1e+06,3.52,80.25,388000 4238000,4,Tolerable,yellow,YES,241.091948,2633.370298,25.4762109999997
388000,4238000,CB5MH_MD,34.44882,1e+06,0.49,73.52,388000 4238000,10.5,Unsuitable,black,YES,241.091948,2633.370298,25.4762109999997
388000,4238000,CB5MH_MD,27.88714,1e+06,0.4,73.52,388000 4238000,8.5,Unsuitable,black,YES,241.091948,2633.370298,25.4762109999997
388000,4238000,CB5MH_MD,29.52756,1e+06,0.4,73.43,388000 4238000,9,Unsuitable,black,YES,241.091948,2633.370298,25.4762109999997
388000,4238000,CB5MH_MD,32.8084,1e+06,0.47,73.52,388000 4238000,10,Unsuitable,black,YES,241.091948,2633.370298,25.4762109999997
388000,4238000,CB5MH_MD,36.08924,1e+06,0.5,73.61,388000 4238000,11,Unsuitable,black,YES,241.091948,2633.370298,25.4762109999997
388000,4238000,CB5MH_MD,19.68504,1e+06,0.32,73.83,388000 4238000,6,Unsuitable,black,YES,241.091948,2633.370298,25.4762109999997
388000,4238000,CB5MH_MD,26.24672,1e+06,0.39,73.51,388000 4238000,8,Unsuitable,black,YES,241.091948,2633.370298,25.4762109999997
388000,4238000,CB5MH_MD,18.04462,1e+06,0.34,73.98,388000 4238000,5.5,Unsuitable,black,YES,241.091948,2633.370298,25.4762109999997
388000,4238000,CB5MH_MD,31.16798,1e+06,0.42,73.44,388000 4238000,9.5,Unsuitable,black,YES,241.091948,2633.370298,25.4762109999997
388000,4238000,CB5MH_MD,4.92126,1e+06,6.65,82.31,388000 4238000,1.5,Suitable,dodgerblue,YES,241.091948,2633.370298,25.4762109999997
388000,4238000,CB5MH_MD,22.96588,1e+06,0.34,73.76,388000 4238000,7,Unsuitable,black,YES,241.091948,2633.370298,25.4762109999997
388000,4238000,CB5MH_MD,24.6063,1e+06,0.38,73.59,388000 4238000,7.5,Unsuitable,black,YES,241.091948,2633.370298,25.4762109999997
388000,4238000,CB5MH_MD,9.84252,1e+06,5.2,81.32,388000 4238000,3,Suitable,dodgerblue,YES,241.091948,2633.370298,25.4762109999997
388000,4238000,CB5MH_MD,41.0105,1e+06,0.63,73.6,388000 4238000,12.5,Unsuitable,black,YES,241.091948,2633.370298,25.4762109999997
388000,4238000,CB5MH_MD,21.32546,1e+06,0.31,73.81,388000 4238000,6.5,Unsuitable,black,YES,241.091948,2633.370298,25.4762109999997
388000,4238000,CB5MH_MD,37.72966,1e+06,0.52,73.7,388000 4238000,11.5,Unsuitable,black,YES,241.091948,2633.370298,25.4762109999997
388000,4238000,CB5MH_MD,16.4042,1e+06,0.45,74.96,388000 4238000,5,Unsuitable,black,YES,241.091948,2633.370298,25.4762109999997
388000,4238000,CB5MH_MD,1.64042,1e+06,7.44,82.74,388000 4238000,0.5,Tolerable,yellow,YES,241.091948,2633.370298,25.4762109999997
388000,4238000,CB5MH_MD,11.48294,1e+06,4.7,80.92,388000 4238000,3.5,Suitable,dodgerblue,YES,241.091948,2633.370298,25.4762109999997
388000,4238000,CB5MH_MD,42.65092,1e+06,0.67,73.5,388000 4238000,13,Unsuitable,black,YES,241.091948,2633.370298,25.4762109999997
388000,4238000,CB5MH_MD,6.56168,1e+06,6.12,82,388000 4238000,2,Suitable,dodgerblue,YES,241.091948,2633.370298,25.4762109999997
388000,4238000,CB5MH_MD,8.2021,1e+06,5.6,81.69,388000 4238000,2.5,Suitable,dodgerblue,YES,241.091948,2633.370298,25.4762109999997
388000,4238000,CB5MH_MD,3.28084,1e+06,7.06,82.52,388000 4238000,1,Tolerable,yellow,YES,241.091948,2633.370298,25.4762109999997
388000,4238000,CB5MH_MD,0,1e+06,7.51,82.83,388000 4238000,0,Tolerable,yellow,YES,241.091948,2633.370298,25.4762109999997
388000,4238000,CB5MH_MD,39.37008,1e+06,0.58,73.7,388000 4238000,12,Unsuitable,black,YES,241.091948,2633.370298,25.4762109999997
388000,4329000,CB3MH,9.84252,1e+06,4.42,81.2,388000 4329000,3,Suitable,dodgerblue,YES,241.091948,2689.915059,82.0209719999998
388000,4329000,CB3MH,8.2021,1e+06,5.92,81.96,388000 4329000,2.5,Suitable,dodgerblue,YES,241.091948,2689.915059,82.0209719999998
388000,4329000,CB3MH,13.12336,1e+06,1.64,78.84,388000 4329000,4,Unsuitable,black,YES,241.091948,2689.915059,82.0209719999998
388000,4329000,CB3MH,11.48294,1e+06,2.25,79.67,388000 4329000,3.5,Marginal,orange,YES,241.091948,2689.915059,82.0209719999998
388000,4329000,CB3MH,4.92126,1e+06,7.11,82.48,388000 4329000,1.5,Tolerable,yellow,YES,241.091948,2689.915059,82.0209719999998
388000,4329000,CB3MH,3.28084,1e+06,7.92,82.79,388000 4329000,1,Tolerable,yellow,YES,241.091948,2689.915059,82.0209719999998
388000,4329000,CB3MH,14.76378,1e+06,0.89,77.63,388000 4329000,4.5,Unsuitable,black,YES,241.091948,2689.915059,82.0209719999998
388000,4329000,CB3MH,0,1e+06,9.15,83.19,388000 4329000,0,Tolerable,yellow,YES,241.091948,2689.915059,82.0209719999998
388000,4329000,CB3MH,1.64042,1e+06,8.74,83.06,388000 4329000,0.5,Tolerable,yellow,YES,241.091948,2689.915059,82.0209719999998
388000,4329000,CB3MH,6.56168,1e+06,6.49,82.16,388000 4329000,2,Suitable,dodgerblue,YES,241.091948,2689.915059,82.0209719999998
389000,4234000,CB5MH_MD,34.44882,1e+06,0.44,74.1,389000 4234000,10.5,Unsuitable,black,YES,241.713319,2630.884814,22.9907269999999
389000,4234000,CB5MH_MD,27.88714,1e+06,0.36,74.13,389000 4234000,8.5,Unsuitable,black,YES,241.713319,2630.884814,22.9907269999999
389000,4234000,CB5MH_MD,11.48294,1e+06,3.65,80.01,389000 4234000,3.5,Tolerable,yellow,YES,241.713319,2630.884814,22.9907269999999
389000,4234000,CB5MH_MD,13.12336,1e+06,2.74,79.57,389000 4234000,4,Marginal,orange,YES,241.713319,2630.884814,22.9907269999999
389000,4234000,CB5MH_MD,16.4042,1e+06,0.53,75.65,389000 4234000,5,Unsuitable,black,YES,241.713319,2630.884814,22.9907269999999
389000,4234000,CB5MH_MD,21.32546,1e+06,0.3,74.14,389000 4234000,6.5,Unsuitable,black,YES,241.713319,2630.884814,22.9907269999999
389000,4234000,CB5MH_MD,19.68504,1e+06,0.32,74.33,389000 4234000,6,Unsuitable,black,YES,241.713319,2630.884814,22.9907269999999
389000,4234000,CB5MH_MD,22.96588,1e+06,0.29,74.18,389000 4234000,7,Unsuitable,black,YES,241.713319,2630.884814,22.9907269999999
389000,4234000,CB5MH_MD,26.24672,1e+06,0.34,74.1,389000 4234000,8,Unsuitable,black,YES,241.713319,2630.884814,22.9907269999999
389000,4234000,CB5MH_MD,32.8084,1e+06,0.41,74.1,389000 4234000,10,Unsuitable,black,YES,241.713319,2630.884814,22.9907269999999
389000,4234000,CB5MH_MD,18.04462,1e+06,0.37,74.64,389000 4234000,5.5,Unsuitable,black,YES,241.713319,2630.884814,22.9907269999999
389000,4234000,CB5MH_MD,6.56168,1e+06,6.02,81.8,389000 4234000,2,Suitable,dodgerblue,YES,241.713319,2630.884814,22.9907269999999
389000,4234000,CB5MH_MD,36.08924,1e+06,0.44,74.16,389000 4234000,11,Unsuitable,black,YES,241.713319,2630.884814,22.9907269999999
389000,4234000,CB5MH_MD,3.28084,1e+06,6.88,82.38,389000 4234000,1,Suitable,dodgerblue,YES,241.713319,2630.884814,22.9907269999999
389000,4234000,CB5MH_MD,37.72966,1e+06,0.47,74.22,389000 4234000,11.5,Unsuitable,black,YES,241.713319,2630.884814,22.9907269999999
389000,4234000,CB5MH_MD,24.6063,1e+06,0.32,74.1,389000 4234000,7.5,Unsuitable,black,YES,241.713319,2630.884814,22.9907269999999
389000,4234000,CB5MH_MD,14.76378,1e+06,1.25,77.51,389000 4234000,4.5,Unsuitable,black,YES,241.713319,2630.884814,22.9907269999999
389000,4234000,CB5MH_MD,8.2021,1e+06,5.43,81.45,389000 4234000,2.5,Suitable,dodgerblue,YES,241.713319,2630.884814,22.9907269999999
389000,4234000,CB5MH_MD,31.16798,1e+06,0.38,74.06,389000 4234000,9.5,Unsuitable,black,YES,241.713319,2630.884814,22.9907269999999
389000,4234000,CB5MH_MD,9.84252,1e+06,4.66,80.9,389000 4234000,3,Suitable,dodgerblue,YES,241.713319,2630.884814,22.9907269999999
389000,4234000,CB5MH_MD,39.37008,1e+06,0.52,74.22,389000 4234000,12,Unsuitable,black,YES,241.713319,2630.884814,22.9907269999999
389000,4234000,CB5MH_MD,29.52756,1e+06,0.36,74.08,389000 4234000,9,Unsuitable,black,YES,241.713319,2630.884814,22.9907269999999
389000,4234000,CB5MH_MD,1.64042,1e+06,7.2,82.6,389000 4234000,0.5,Tolerable,yellow,YES,241.713319,2630.884814,22.9907269999999
389000,4234000,CB5MH_MD,4.92126,1e+06,6.5,82.12,389000 4234000,1.5,Suitable,dodgerblue,YES,241.713319,2630.884814,22.9907269999999
389000,4234000,CB5MH_MD,0,1e+06,7.26,82.66,389000 4234000,0,Tolerable,yellow,YES,241.713319,2630.884814,22.9907269999999
389000,4235000,CB5MH_MD,27.88714,1e+06,0.37,73.93,389000 4235000,8.5,Unsuitable,black,YES,241.713319,2631.506185,23.6120980000001
389000,4235000,CB5MH_MD,11.48294,1e+06,3.87,80.17,389000 4235000,3.5,Tolerable,yellow,YES,241.713319,2631.506185,23.6120980000001
389000,4235000,CB5MH_MD,14.76378,1e+06,1.31,77.51,389000 4235000,4.5,Unsuitable,black,YES,241.713319,2631.506185,23.6120980000001
389000,4235000,CB5MH_MD,6.56168,1e+06,6.01,81.81,389000 4235000,2,Suitable,dodgerblue,YES,241.713319,2631.506185,23.6120980000001
389000,4235000,CB5MH_MD,26.24672,1e+06,0.35,73.91,389000 4235000,8,Unsuitable,black,YES,241.713319,2631.506185,23.6120980000001
389000,4235000,CB5MH_MD,31.16798,1e+06,0.39,73.86,389000 4235000,9.5,Unsuitable,black,YES,241.713319,2631.506185,23.6120980000001
389000,4235000,CB5MH_MD,29.52756,1e+06,0.37,73.87,389000 4235000,9,Unsuitable,black,YES,241.713319,2631.506185,23.6120980000001
389000,4235000,CB5MH_MD,34.44882,1e+06,0.45,73.91,389000 4235000,10.5,Unsuitable,black,YES,241.713319,2631.506185,23.6120980000001
389000,4235000,CB5MH_MD,37.72966,1e+06,0.49,74.05,389000 4235000,11.5,Unsuitable,black,YES,241.713319,2631.506185,23.6120980000001
389000,4235000,CB5MH_MD,22.96588,1e+06,0.31,74.04,389000 4235000,7,Unsuitable,black,YES,241.713319,2631.506185,23.6120980000001
389000,4235000,CB5MH_MD,0,1e+06,7.3,82.69,389000 4235000,0,Tolerable,yellow,YES,241.713319,2631.506185,23.6120980000001
389000,4235000,CB5MH_MD,24.6063,1e+06,0.34,73.93,389000 4235000,7.5,Unsuitable,black,YES,241.713319,2631.506185,23.6120980000001
389000,4235000,CB5MH_MD,8.2021,1e+06,5.43,81.46,389000 4235000,2.5,Suitable,dodgerblue,YES,241.713319,2631.506185,23.6120980000001
389000,4235000,CB5MH_MD,3.28084,1e+06,6.9,82.4,389000 4235000,1,Suitable,dodgerblue,YES,241.713319,2631.506185,23.6120980000001
389000,4235000,CB5MH_MD,13.12336,1e+06,2.96,79.75,389000 4235000,4,Marginal,orange,YES,241.713319,2631.506185,23.6120980000001
389000,4235000,CB5MH_MD,32.8084,1e+06,0.43,73.91,389000 4235000,10,Unsuitable,black,YES,241.713319,2631.506185,23.6120980000001
389000,4235000,CB5MH_MD,42.65092,1e+06,0.62,73.85,389000 4235000,13,Unsuitable,black,YES,241.713319,2631.506185,23.6120980000001
389000,4235000,CB5MH_MD,54.13386,1e+06,1,73.4,389000 4235000,16.5,Unsuitable,black,YES,241.713319,2631.506185,23.6120980000001
389000,4235000,CB5MH_MD,16.4042,1e+06,0.52,75.47,389000 4235000,5,Unsuitable,black,YES,241.713319,2631.506185,23.6120980000001
389000,4235000,CB5MH_MD,1.64042,1e+06,7.24,82.61,389000 4235000,0.5,Tolerable,yellow,YES,241.713319,2631.506185,23.6120980000001
389000,4235000,CB5MH_MD,55.77428,1e+06,1,73.4,389000 4235000,17,Unsuitable,black,YES,241.713319,2631.506185,23.6120980000001
389000,4235000,CB5MH_MD,39.37008,1e+06,0.54,74.05,389000 4235000,12,Unsuitable,black,YES,241.713319,2631.506185,23.6120980000001
389000,4235000,CB5MH_MD,45.93176,1e+06,0.7,73.4,389000 4235000,14,Unsuitable,black,YES,241.713319,2631.506185,23.6120980000001
389000,4235000,CB5MH_MD,19.68504,1e+06,0.32,74.17,389000 4235000,6,Unsuitable,black,YES,241.713319,2631.506185,23.6120980000001
389000,4235000,CB5MH_MD,18.04462,1e+06,0.37,74.46,389000 4235000,5.5,Unsuitable,black,YES,241.713319,2631.506185,23.6120980000001
389000,4235000,CB5MH_MD,41.0105,1e+06,0.58,73.96,389000 4235000,12.5,Unsuitable,black,YES,241.713319,2631.506185,23.6120980000001
389000,4235000,CB5MH_MD,52.49344,1e+06,1,73.4,389000 4235000,16,Unsuitable,black,YES,241.713319,2631.506185,23.6120980000001
389000,4235000,CB5MH_MD,4.92126,1e+06,6.51,82.14,389000 4235000,1.5,Suitable,dodgerblue,YES,241.713319,2631.506185,23.6120980000001
389000,4235000,CB5MH_MD,36.08924,1e+06,0.46,73.98,389000 4235000,11,Unsuitable,black,YES,241.713319,2631.506185,23.6120980000001
389000,4235000,CB5MH_MD,9.84252,1e+06,4.75,80.95,389000 4235000,3,Suitable,dodgerblue,YES,241.713319,2631.506185,23.6120980000001
389000,4235000,CB5MH_MD,50.85302,1e+06,1,73.4,389000 4235000,15.5,Unsuitable,black,YES,241.713319,2631.506185,23.6120980000001
389000,4235000,CB5MH_MD,21.32546,1e+06,0.31,74.02,389000 4235000,6.5,Unsuitable,black,YES,241.713319,2631.506185,23.6120980000001
389000,4235000,CB5MH_MD,47.57218,1e+06,0.77,73.4,389000 4235000,14.5,Unsuitable,black,YES,241.713319,2631.506185,23.6120980000001
389000,4235000,CB5MH_MD,49.2126,1e+06,0.93,73.4,389000 4235000,15,Unsuitable,black,YES,241.713319,2631.506185,23.6120980000001
389000,4235000,CB5MH_MD,44.29134,1e+06,0.63,73.83,389000 4235000,13.5,Unsuitable,black,YES,241.713319,2631.506185,23.6120980000001
389000,4337000,CB3MH,11.48294,1e+06,2.49,80.01,389000 4337000,3.5,Marginal,orange,YES,241.713319,2694.886027,86.9919399999999
389000,4337000,CB3MH,9.84252,1e+06,4.07,81.15,389000 4337000,3,Suitable,dodgerblue,YES,241.713319,2694.886027,86.9919399999999
389000,4337000,CB3MH,13.12336,1e+06,1.85,79.27,389000 4337000,4,Unsuitable,black,YES,241.713319,2694.886027,86.9919399999999
389000,4337000,CB3MH,16.4042,1e+06,0.69,77.6,389000 4337000,5,Unsuitable,black,YES,241.713319,2694.886027,86.9919399999999
389000,4337000,CB3MH,8.2021,1e+06,5.48,82,389000 4337000,2.5,Suitable,dodgerblue,YES,241.713319,2694.886027,86.9919399999999
389000,4337000,CB3MH,0,1e+06,7.5,82.51,389000 4337000,0,Tolerable,yellow,YES,241.713319,2694.886027,86.9919399999999
389000,4337000,CB3MH,4.92126,1e+06,6.78,82.62,389000 4337000,1.5,Tolerable,yellow,YES,241.713319,2694.886027,86.9919399999999
389000,4337000,CB3MH,6.56168,1e+06,5.94,82.22,389000 4337000,2,Suitable,dodgerblue,YES,241.713319,2694.886027,86.9919399999999
389000,4337000,CB3MH,1.64042,1e+06,7.39,82.6,389000 4337000,0.5,Tolerable,yellow,YES,241.713319,2694.886027,86.9919399999999
389000,4337000,CB3MH,3.28084,1e+06,7.22,82.77,389000 4337000,1,Tolerable,yellow,YES,241.713319,2694.886027,86.9919399999999
389000,4337000,CB3MH,14.76378,1e+06,0.93,77.77,389000 4337000,4.5,Unsuitable,black,YES,241.713319,2694.886027,86.9919399999999
389000,4338000,CB3MH,16.4042,1e+06,0.71,77.63,389000 4338000,5,Unsuitable,black,YES,241.713319,2695.507398,87.6133110000001
389000,4338000,CB3MH,3.28084,1e+06,7.11,82.81,389000 4338000,1,Tolerable,yellow,YES,241.713319,2695.507398,87.6133110000001
389000,4338000,CB3MH,13.12336,1e+06,1.96,79.41,389000 4338000,4,Unsuitable,black,YES,241.713319,2695.507398,87.6133110000001
389000,4338000,CB3MH,1.64042,1e+06,7.3,82.65,389000 4338000,0.5,Tolerable,yellow,YES,241.713319,2695.507398,87.6133110000001
389000,4338000,CB3MH,14.76378,1e+06,0.95,77.83,389000 4338000,4.5,Unsuitable,black,YES,241.713319,2695.507398,87.6133110000001
389000,4338000,CB3MH,4.92126,1e+06,6.69,82.64,389000 4338000,1.5,Tolerable,yellow,YES,241.713319,2695.507398,87.6133110000001
389000,4338000,CB3MH,0,1e+06,7.42,82.58,389000 4338000,0,Tolerable,yellow,YES,241.713319,2695.507398,87.6133110000001
389000,4338000,CB3MH,9.84252,1e+06,4.13,81.24,389000 4338000,3,Suitable,dodgerblue,YES,241.713319,2695.507398,87.6133110000001
389000,4338000,CB3MH,6.56168,1e+06,5.88,82.26,389000 4338000,2,Suitable,dodgerblue,YES,241.713319,2695.507398,87.6133110000001
389000,4338000,CB3MH,8.2021,1e+06,5.42,82.02,389000 4338000,2.5,Suitable,dodgerblue,YES,241.713319,2695.507398,87.6133110000001
389000,4338000,CB3MH,11.48294,1e+06,2.64,80.16,389000 4338000,3.5,Marginal,orange,YES,241.713319,2695.507398,87.6133110000001
389000,4339000,CB3MH,0,1e+06,7.23,82.59,389000 4339000,0,Tolerable,yellow,YES,241.713319,2696.128769,88.2346819999998
389000,4339000,CB3MH,6.56168,1e+06,5.87,82.24,389000 4339000,2,Suitable,dodgerblue,YES,241.713319,2696.128769,88.2346819999998
389000,4339000,CB3MH,9.84252,1e+06,4.19,81.34,389000 4339000,3,Suitable,dodgerblue,YES,241.713319,2696.128769,88.2346819999998
389000,4339000,CB3MH,8.2021,1e+06,5.36,82.04,389000 4339000,2.5,Suitable,dodgerblue,YES,241.713319,2696.128769,88.2346819999998
389000,4339000,CB3MH,1.64042,1e+06,7.13,82.65,389000 4339000,0.5,Tolerable,yellow,YES,241.713319,2696.128769,88.2346819999998
389000,4339000,CB3MH,4.92126,1e+06,6.63,82.6,389000 4339000,1.5,Tolerable,yellow,YES,241.713319,2696.128769,88.2346819999998
389000,4339000,CB3MH,3.28084,1e+06,6.94,82.77,389000 4339000,1,Tolerable,yellow,YES,241.713319,2696.128769,88.2346819999998
389000,4339000,CB3MH,11.48294,1e+06,2.82,80.36,389000 4339000,3.5,Marginal,orange,YES,241.713319,2696.128769,88.2346819999998
390000,4232000,CB5MH_MD,32.8084,1e+06,0.36,74.63,390000 4232000,10,Unsuitable,black,YES,242.33469,2629.642072,21.747985
390000,4232000,CB5MH_MD,27.88714,1e+06,0.32,74.69,390000 4232000,8.5,Unsuitable,black,YES,242.33469,2629.642072,21.747985
390000,4232000,CB5MH_MD,21.32546,1e+06,0.27,74.53,390000 4232000,6.5,Unsuitable,black,YES,242.33469,2629.642072,21.747985
390000,4232000,CB5MH_MD,36.08924,1e+06,0.39,74.67,390000 4232000,11,Unsuitable,black,YES,242.33469,2629.642072,21.747985
390000,4232000,CB5MH_MD,13.12336,1e+06,2.17,79.12,390000 4232000,4,Marginal,orange,YES,242.33469,2629.642072,21.747985
390000,4232000,CB5MH_MD,24.6063,1e+06,0.25,74.68,390000 4232000,7.5,Unsuitable,black,YES,242.33469,2629.642072,21.747985
390000,4232000,CB5MH_MD,18.04462,1e+06,0.36,75.13,390000 4232000,5.5,Unsuitable,black,YES,242.33469,2629.642072,21.747985
390000,4232000,CB5MH_MD,22.96588,1e+06,0.23,74.71,390000 4232000,7,Unsuitable,black,YES,242.33469,2629.642072,21.747985
390000,4232000,CB5MH_MD,26.24672,1e+06,0.28,74.74,390000 4232000,8,Unsuitable,black,YES,242.33469,2629.642072,21.747985
390000,4232000,CB5MH_MD,11.48294,1e+06,3.18,79.84,390000 4232000,3.5,Tolerable,yellow,YES,242.33469,2629.642072,21.747985
390000,4232000,CB5MH_MD,29.52756,1e+06,0.32,74.66,390000 4232000,9,Unsuitable,black,YES,242.33469,2629.642072,21.747985
390000,4232000,CB5MH_MD,0,1e+06,7.24,82.66,390000 4232000,0,Tolerable,yellow,YES,242.33469,2629.642072,21.747985
390000,4232000,CB5MH_MD,19.68504,1e+06,0.3,74.77,390000 4232000,6,Unsuitable,black,YES,242.33469,2629.642072,21.747985
390000,4232000,CB5MH_MD,9.84252,1e+06,4.53,80.97,390000 4232000,3,Suitable,dodgerblue,YES,242.33469,2629.642072,21.747985
390000,4232000,CB5MH_MD,16.4042,1e+06,0.51,76.1,390000 4232000,5,Unsuitable,black,YES,242.33469,2629.642072,21.747985
390000,4232000,CB5MH_MD,37.72966,1e+06,0.41,74.72,390000 4232000,11.5,Unsuitable,black,YES,242.33469,2629.642072,21.747985
390000,4232000,CB5MH_MD,1.64042,1e+06,7.19,82.61,390000 4232000,0.5,Tolerable,yellow,YES,242.33469,2629.642072,21.747985
390000,4232000,CB5MH_MD,31.16798,1e+06,0.34,74.62,390000 4232000,9.5,Unsuitable,black,YES,242.33469,2629.642072,21.747985
390000,4232000,CB5MH_MD,34.44882,1e+06,0.38,74.63,390000 4232000,10.5,Unsuitable,black,YES,242.33469,2629.642072,21.747985
390000,4232000,CB5MH_MD,8.2021,1e+06,5.53,81.57,390000 4232000,2.5,Suitable,dodgerblue,YES,242.33469,2629.642072,21.747985
390000,4232000,CB5MH_MD,4.92126,1e+06,6.59,82.17,390000 4232000,1.5,Suitable,dodgerblue,YES,242.33469,2629.642072,21.747985
390000,4232000,CB5MH_MD,6.56168,1e+06,6.16,81.9,390000 4232000,2,Suitable,dodgerblue,YES,242.33469,2629.642072,21.747985
390000,4232000,CB5MH_MD,3.28084,1e+06,6.92,82.42,390000 4232000,1,Tolerable,yellow,YES,242.33469,2629.642072,21.747985
390000,4232000,CB5MH_MD,14.76378,1e+06,1.06,77.52,390000 4232000,4.5,Unsuitable,black,YES,242.33469,2629.642072,21.747985
390000,4233000,CB5MH_MD,52.49344,1e+06,1,73.4,390000 4233000,16,Unsuitable,black,YES,242.33469,2630.263443,22.3693559999997
390000,4233000,CB5MH_MD,13.12336,1e+06,2.44,79.33,390000 4233000,4,Marginal,orange,YES,242.33469,2630.263443,22.3693559999997
390000,4233000,CB5MH_MD,36.08924,1e+06,0.41,74.43,390000 4233000,11,Unsuitable,black,YES,242.33469,2630.263443,22.3693559999997
390000,4233000,CB5MH_MD,18.04462,1e+06,0.36,74.9,390000 4233000,5.5,Unsuitable,black,YES,242.33469,2630.263443,22.3693559999997
390000,4233000,CB5MH_MD,44.29134,1e+06,0.55,74.24,390000 4233000,13.5,Unsuitable,black,YES,242.33469,2630.263443,22.3693559999997
390000,4233000,CB5MH_MD,9.84252,1e+06,4.59,80.94,390000 4233000,3,Suitable,dodgerblue,YES,242.33469,2630.263443,22.3693559999997
390000,4233000,CB5MH_MD,50.85302,1e+06,1,73.4,390000 4233000,15.5,Unsuitable,black,YES,242.33469,2630.263443,22.3693559999997
390000,4233000,CB5MH_MD,49.2126,1e+06,0.93,73.4,390000 4233000,15,Unsuitable,black,YES,242.33469,2630.263443,22.3693559999997
390000,4233000,CB5MH_MD,11.48294,1e+06,3.4,79.93,390000 4233000,3.5,Tolerable,yellow,YES,242.33469,2630.263443,22.3693559999997
390000,4233000,CB5MH_MD,4.92126,1e+06,6.55,82.15,390000 4233000,1.5,Suitable,dodgerblue,YES,242.33469,2630.263443,22.3693559999997
390000,4233000,CB5MH_MD,54.13386,1e+06,1,73.4,390000 4233000,16.5,Unsuitable,black,YES,242.33469,2630.263443,22.3693559999997
390000,4233000,CB5MH_MD,3.28084,1e+06,6.9,82.4,390000 4233000,1,Suitable,dodgerblue,YES,242.33469,2630.263443,22.3693559999997
390000,4233000,CB5MH_MD,0,1e+06,7.25,82.66,390000 4233000,0,Tolerable,yellow,YES,242.33469,2630.263443,22.3693559999997
390000,4233000,CB5MH_MD,45.93176,1e+06,0.7,73.4,390000 4233000,14,Unsuitable,black,YES,242.33469,2630.263443,22.3693559999997
390000,4233000,CB5MH_MD,47.57218,1e+06,0.77,73.4,390000 4233000,14.5,Unsuitable,black,YES,242.33469,2630.263443,22.3693559999997
390000,4233000,CB5MH_MD,42.65092,1e+06,0.54,74.27,390000 4233000,13,Unsuitable,black,YES,242.33469,2630.263443,22.3693559999997
390000,4233000,CB5MH_MD,8.2021,1e+06,5.49,81.52,390000 4233000,2.5,Suitable,dodgerblue,YES,242.33469,2630.263443,22.3693559999997
390000,4233000,CB5MH_MD,34.44882,1e+06,0.41,74.38,390000 4233000,10.5,Unsuitable,black,YES,242.33469,2630.263443,22.3693559999997
390000,4233000,CB5MH_MD,16.4042,1e+06,0.52,75.89,390000 4233000,5,Unsuitable,black,YES,242.33469,2630.263443,22.3693559999997
390000,4233000,CB5MH_MD,37.72966,1e+06,0.44,74.49,390000 4233000,11.5,Unsuitable,black,YES,242.33469,2630.263443,22.3693559999997
390000,4233000,CB5MH_MD,31.16798,1e+06,0.36,74.36,390000 4233000,9.5,Unsuitable,black,YES,242.33469,2630.263443,22.3693559999997
390000,4233000,CB5MH_MD,1.64042,1e+06,7.2,82.6,390000 4233000,0.5,Tolerable,yellow,YES,242.33469,2630.263443,22.3693559999997
390000,4233000,CB5MH_MD,32.8084,1e+06,0.39,74.38,390000 4233000,10,Unsuitable,black,YES,242.33469,2630.263443,22.3693559999997
390000,4233000,CB5MH_MD,6.56168,1e+06,6.1,81.86,390000 4233000,2,Suitable,dodgerblue,YES,242.33469,2630.263443,22.3693559999997
390000,4233000,CB5MH_MD,41.0105,1e+06,0.51,74.4,390000 4233000,12.5,Unsuitable,black,YES,242.33469,2630.263443,22.3693559999997
390000,4233000,CB5MH_MD,19.68504,1e+06,0.31,74.56,390000 4233000,6,Unsuitable,black,YES,242.33469,2630.263443,22.3693559999997
390000,4233000,CB5MH_MD,24.6063,1e+06,0.29,74.35,390000 4233000,7.5,Unsuitable,black,YES,242.33469,2630.263443,22.3693559999997
390000,4233000,CB5MH_MD,14.76378,1e+06,1.15,77.52,390000 4233000,4.5,Unsuitable,black,YES,242.33469,2630.263443,22.3693559999997
390000,4233000,CB5MH_MD,21.32546,1e+06,0.29,74.35,390000 4233000,6.5,Unsuitable,black,YES,242.33469,2630.263443,22.3693559999997
390000,4233000,CB5MH_MD,39.37008,1e+06,0.48,74.49,390000 4233000,12,Unsuitable,black,YES,242.33469,2630.263443,22.3693559999997
390000,4233000,CB5MH_MD,26.24672,1e+06,0.31,74.39,390000 4233000,8,Unsuitable,black,YES,242.33469,2630.263443,22.3693559999997
390000,4233000,CB5MH_MD,27.88714,1e+06,0.34,74.43,390000 4233000,8.5,Unsuitable,black,YES,242.33469,2630.263443,22.3693559999997
390000,4233000,CB5MH_MD,22.96588,1e+06,0.27,74.4,390000 4233000,7,Unsuitable,black,YES,242.33469,2630.263443,22.3693559999997
390000,4233000,CB5MH_MD,29.52756,1e+06,0.34,74.39,390000 4233000,9,Unsuitable,black,YES,242.33469,2630.263443,22.3693559999997
391000,4230000,CB5MH_MD,37.72966,1e+06,0.34,75.27,391000 4230000,11.5,Unsuitable,black,YES,242.956061,2628.39933,20.5052430000001
391000,4230000,CB5MH_MD,27.88714,1e+06,0.28,75.32,391000 4230000,8.5,Unsuitable,black,YES,242.956061,2628.39933,20.5052430000001
391000,4230000,CB5MH_MD,31.16798,1e+06,0.29,75.25,391000 4230000,9.5,Unsuitable,black,YES,242.956061,2628.39933,20.5052430000001
391000,4230000,CB5MH_MD,29.52756,1e+06,0.28,75.3,391000 4230000,9,Unsuitable,black,YES,242.956061,2628.39933,20.5052430000001
391000,4230000,CB5MH_MD,26.24672,1e+06,0.24,75.3,391000 4230000,8,Unsuitable,black,YES,242.956061,2628.39933,20.5052430000001
391000,4230000,CB5MH_MD,22.96588,1e+06,0.19,75.13,391000 4230000,7,Unsuitable,black,YES,242.956061,2628.39933,20.5052430000001
391000,4230000,CB5MH_MD,3.28084,1e+06,7.02,82.49,391000 4230000,1,Tolerable,yellow,YES,242.956061,2628.39933,20.5052430000001
391000,4230000,CB5MH_MD,36.08924,1e+06,0.32,75.24,391000 4230000,11,Unsuitable,black,YES,242.956061,2628.39933,20.5052430000001
391000,4230000,CB5MH_MD,24.6063,1e+06,0.2,75.17,391000 4230000,7.5,Unsuitable,black,YES,242.956061,2628.39933,20.5052430000001
391000,4230000,CB5MH_MD,21.32546,1e+06,0.22,75.29,391000 4230000,6.5,Unsuitable,black,YES,242.956061,2628.39933,20.5052430000001
391000,4230000,CB5MH_MD,9.84252,1e+06,4.44,81.14,391000 4230000,3,Suitable,dodgerblue,YES,242.956061,2628.39933,20.5052430000001
391000,4230000,CB5MH_MD,0,1e+06,7.26,82.69,391000 4230000,0,Tolerable,yellow,YES,242.956061,2628.39933,20.5052430000001
391000,4230000,CB5MH_MD,34.44882,1e+06,0.32,75.21,391000 4230000,10.5,Unsuitable,black,YES,242.956061,2628.39933,20.5052430000001
391000,4230000,CB5MH_MD,4.92126,1e+06,6.76,82.28,391000 4230000,1.5,Suitable,dodgerblue,YES,242.956061,2628.39933,20.5052430000001
391000,4230000,CB5MH_MD,32.8084,1e+06,0.31,75.21,391000 4230000,10,Unsuitable,black,YES,242.956061,2628.39933,20.5052430000001
391000,4230000,CB5MH_MD,11.48294,1e+06,2.67,79.74,391000 4230000,3.5,Marginal,orange,YES,242.956061,2628.39933,20.5052430000001
391000,4230000,CB5MH_MD,16.4042,1e+06,0.4,76.64,391000 4230000,5,Unsuitable,black,YES,242.956061,2628.39933,20.5052430000001
391000,4230000,CB5MH_MD,8.2021,1e+06,5.72,81.78,391000 4230000,2.5,Suitable,dodgerblue,YES,242.956061,2628.39933,20.5052430000001
391000,4230000,CB5MH_MD,1.64042,1e+06,7.23,82.65,391000 4230000,0.5,Tolerable,yellow,YES,242.956061,2628.39933,20.5052430000001
391000,4230000,CB5MH_MD,18.04462,1e+06,0.31,75.9,391000 4230000,5.5,Unsuitable,black,YES,242.956061,2628.39933,20.5052430000001
391000,4230000,CB5MH_MD,6.56168,1e+06,6.4,82.08,391000 4230000,2,Suitable,dodgerblue,YES,242.956061,2628.39933,20.5052430000001
391000,4230000,CB5MH_MD,19.68504,1e+06,0.26,75.55,391000 4230000,6,Unsuitable,black,YES,242.956061,2628.39933,20.5052430000001
391000,4230000,CB5MH_MD,14.76378,1e+06,0.66,77.45,391000 4230000,4.5,Unsuitable,black,YES,242.956061,2628.39933,20.5052430000001
391000,4230000,CB5MH_MD,13.12336,1e+06,1.34,78.53,391000 4230000,4,Unsuitable,black,YES,242.956061,2628.39933,20.5052430000001
391000,4231000,CB5MH_MD,45.93176,1e+06,0.7,73.4,391000 4231000,14,Unsuitable,black,YES,242.956061,2629.020701,21.1266139999998
391000,4231000,CB5MH_MD,50.85302,1e+06,1,73.4,391000 4231000,15.5,Unsuitable,black,YES,242.956061,2629.020701,21.1266139999998
391000,4231000,CB5MH_MD,27.88714,1e+06,0.3,75.04,391000 4231000,8.5,Unsuitable,black,YES,242.956061,2629.020701,21.1266139999998
391000,4231000,CB5MH_MD,52.49344,1e+06,1,73.4,391000 4231000,16,Unsuitable,black,YES,242.956061,2629.020701,21.1266139999998
391000,4231000,CB5MH_MD,29.52756,1e+06,0.3,75.02,391000 4231000,9,Unsuitable,black,YES,242.956061,2629.020701,21.1266139999998
391000,4231000,CB5MH_MD,11.48294,1e+06,2.9,79.79,391000 4231000,3.5,Marginal,orange,YES,242.956061,2629.020701,21.1266139999998
391000,4231000,CB5MH_MD,47.57218,1e+06,0.77,73.4,391000 4231000,14.5,Unsuitable,black,YES,242.956061,2629.020701,21.1266139999998
391000,4231000,CB5MH_MD,32.8084,1e+06,0.33,74.95,391000 4231000,10,Unsuitable,black,YES,242.956061,2629.020701,21.1266139999998
391000,4231000,CB5MH_MD,16.4042,1e+06,0.48,76.37,391000 4231000,5,Unsuitable,black,YES,242.956061,2629.020701,21.1266139999998
391000,4231000,CB5MH_MD,42.65092,1e+06,0.44,74.79,391000 4231000,13,Unsuitable,black,YES,242.956061,2629.020701,21.1266139999998
391000,4231000,CB5MH_MD,49.2126,1e+06,0.93,73.4,391000 4231000,15,Unsuitable,black,YES,242.956061,2629.020701,21.1266139999998
391000,4231000,CB5MH_MD,31.16798,1e+06,0.31,74.97,391000 4231000,9.5,Unsuitable,black,YES,242.956061,2629.020701,21.1266139999998
391000,4231000,CB5MH_MD,26.24672,1e+06,0.26,75.05,391000 4231000,8,Unsuitable,black,YES,242.956061,2629.020701,21.1266139999998
391000,4231000,CB5MH_MD,22.96588,1e+06,0.21,74.95,391000 4231000,7,Unsuitable,black,YES,242.956061,2629.020701,21.1266139999998
391000,4231000,CB5MH_MD,37.72966,1e+06,0.37,75.02,391000 4231000,11.5,Unsuitable,black,YES,242.956061,2629.020701,21.1266139999998
391000,4231000,CB5MH_MD,55.77428,1e+06,1,73.4,391000 4231000,17,Unsuitable,black,YES,242.956061,2629.020701,21.1266139999998
391000,4231000,CB5MH_MD,14.76378,1e+06,0.92,77.53,391000 4231000,4.5,Unsuitable,black,YES,242.956061,2629.020701,21.1266139999998
391000,4231000,CB5MH_MD,19.68504,1e+06,0.29,75.06,391000 4231000,6,Unsuitable,black,YES,242.956061,2629.020701,21.1266139999998
391000,4231000,CB5MH_MD,8.2021,1e+06,5.64,81.69,391000 4231000,2.5,Suitable,dodgerblue,YES,242.956061,2629.020701,21.1266139999998
391000,4231000,CB5MH_MD,21.32546,1e+06,0.25,74.8,391000 4231000,6.5,Unsuitable,black,YES,242.956061,2629.020701,21.1266139999998
391000,4231000,CB5MH_MD,34.44882,1e+06,0.35,74.95,391000 4231000,10.5,Unsuitable,black,YES,242.956061,2629.020701,21.1266139999998
391000,4231000,CB5MH_MD,36.08924,1e+06,0.35,74.99,391000 4231000,11,Unsuitable,black,YES,242.956061,2629.020701,21.1266139999998
391000,4231000,CB5MH_MD,57.4147,1e+06,1,73.4,391000 4231000,17.5,Unsuitable,black,YES,242.956061,2629.020701,21.1266139999998
391000,4231000,CB5MH_MD,13.12336,1e+06,1.81,78.85,391000 4231000,4,Unsuitable,black,YES,242.956061,2629.020701,21.1266139999998
391000,4231000,CB5MH_MD,41.0105,1e+06,0.43,74.93,391000 4231000,12.5,Unsuitable,black,YES,242.956061,2629.020701,21.1266139999998
391000,4231000,CB5MH_MD,6.56168,1e+06,6.29,82,391000 4231000,2,Suitable,dodgerblue,YES,242.956061,2629.020701,21.1266139999998
391000,4231000,CB5MH_MD,1.64042,1e+06,7.21,82.63,391000 4231000,0.5,Tolerable,yellow,YES,242.956061,2629.020701,21.1266139999998
391000,4231000,CB5MH_MD,54.13386,1e+06,1,73.4,391000 4231000,16.5,Unsuitable,black,YES,242.956061,2629.020701,21.1266139999998
391000,4231000,CB5MH_MD,44.29134,1e+06,0.45,74.73,391000 4231000,13.5,Unsuitable,black,YES,242.956061,2629.020701,21.1266139999998
391000,4231000,CB5MH_MD,39.37008,1e+06,0.4,75.02,391000 4231000,12,Unsuitable,black,YES,242.956061,2629.020701,21.1266139999998
391000,4231000,CB5MH_MD,0,1e+06,7.25,82.68,391000 4231000,0,Tolerable,yellow,YES,242.956061,2629.020701,21.1266139999998
391000,4231000,CB5MH_MD,4.92126,1e+06,6.68,82.23,391000 4231000,1.5,Suitable,dodgerblue,YES,242.956061,2629.020701,21.1266139999998
391000,4231000,CB5MH_MD,9.84252,1e+06,4.48,81.07,391000 4231000,3,Suitable,dodgerblue,YES,242.956061,2629.020701,21.1266139999998
391000,4231000,CB5MH_MD,24.6063,1e+06,0.22,74.96,391000 4231000,7.5,Unsuitable,black,YES,242.956061,2629.020701,21.1266139999998
391000,4231000,CB5MH_MD,18.04462,1e+06,0.34,75.44,391000 4231000,5.5,Unsuitable,black,YES,242.956061,2629.020701,21.1266139999998
391000,4231000,CB5MH_MD,3.28084,1e+06,6.98,82.45,391000 4231000,1,Tolerable,yellow,YES,242.956061,2629.020701,21.1266139999998
391000,4346000,CB2OH,0,1e+06,6.41,82.54,391000 4346000,0,Tolerable,yellow,YES,242.956061,2700.478366,92.5842789999997
391000,4346000,CB2OH,6.56168,1e+06,5.57,82.32,391000 4346000,2,Suitable,dodgerblue,YES,242.956061,2700.478366,92.5842789999997
391000,4346000,CB2OH,1.64042,1e+06,6.31,82.53,391000 4346000,0.5,Tolerable,yellow,YES,242.956061,2700.478366,92.5842789999997
391000,4346000,CB2OH,3.28084,1e+06,6.09,82.53,391000 4346000,1,Tolerable,yellow,YES,242.956061,2700.478366,92.5842789999997
391000,4346000,CB2OH,9.84252,1e+06,4.79,82.18,391000 4346000,3,Suitable,dodgerblue,YES,242.956061,2700.478366,92.5842789999997
391000,4346000,CB2OH,4.92126,1e+06,5.93,82.42,391000 4346000,1.5,Tolerable,yellow,YES,242.956061,2700.478366,92.5842789999997
391000,4346000,CB2OH,8.2021,1e+06,5.13,82.21,391000 4346000,2.5,Suitable,dodgerblue,YES,242.956061,2700.478366,92.5842789999997
391000,4347000,CB2OH,0,1e+06,6.4,82.61,391000 4347000,0,Tolerable,yellow,YES,242.956061,2701.099737,93.2056499999999
391000,4347000,CB2OH,11.48294,1e+06,4.21,81.94,391000 4347000,3.5,Suitable,dodgerblue,YES,242.956061,2701.099737,93.2056499999999
391000,4347000,CB2OH,6.56168,1e+06,5.58,82.33,391000 4347000,2,Suitable,dodgerblue,YES,242.956061,2701.099737,93.2056499999999
391000,4347000,CB2OH,8.2021,1e+06,5.15,82.23,391000 4347000,2.5,Suitable,dodgerblue,YES,242.956061,2701.099737,93.2056499999999
391000,4347000,CB2OH,1.64042,1e+06,6.29,82.61,391000 4347000,0.5,Tolerable,yellow,YES,242.956061,2701.099737,93.2056499999999
391000,4347000,CB2OH,14.76378,1e+06,1.42,78.93,391000 4347000,4.5,Unsuitable,black,YES,242.956061,2701.099737,93.2056499999999
391000,4347000,CB2OH,9.84252,1e+06,4.8,82.18,391000 4347000,3,Suitable,dodgerblue,YES,242.956061,2701.099737,93.2056499999999
391000,4347000,CB2OH,16.4042,1e+06,0.8,77.9,391000 4347000,5,Unsuitable,black,YES,242.956061,2701.099737,93.2056499999999
391000,4347000,CB2OH,4.92126,1e+06,5.93,82.44,391000 4347000,1.5,Tolerable,yellow,YES,242.956061,2701.099737,93.2056499999999
391000,4347000,CB2OH,13.12336,1e+06,2.97,80.91,391000 4347000,4,Marginal,orange,YES,242.956061,2701.099737,93.2056499999999
391000,4347000,CB2OH,3.28084,1e+06,6.07,82.59,391000 4347000,1,Tolerable,yellow,YES,242.956061,2701.099737,93.2056499999999
392000,4221000,CB5MH_MD,18.04462,1e+06,0.25,76.9,392000 4221000,5.5,Unsuitable,black,YES,243.577432,2622.806991,14.9129039999998
392000,4221000,CB5MH_MD,4.92126,1e+06,7.25,82.6,392000 4221000,1.5,Tolerable,yellow,YES,243.577432,2622.806991,14.9129039999998
392000,4221000,CB5MH_MD,31.16798,1e+06,0.2,76.4,392000 4221000,9.5,Unsuitable,black,YES,243.577432,2622.806991,14.9129039999998
392000,4221000,CB5MH_MD,26.24672,1e+06,0.15,76.4,392000 4221000,8,Unsuitable,black,YES,243.577432,2622.806991,14.9129039999998
392000,4221000,CB5MH_MD,41.0105,1e+06,0.2,76.2,392000 4221000,12.5,Unsuitable,black,YES,243.577432,2622.806991,14.9129039999998
392000,4221000,CB5MH_MD,14.76378,1e+06,0.21,77.5,392000 4221000,4.5,Unsuitable,black,YES,243.577432,2622.806991,14.9129039999998
392000,4221000,CB5MH_MD,9.84252,1e+06,4.31,81.7,392000 4221000,3,Suitable,dodgerblue,YES,243.577432,2622.806991,14.9129039999998
392000,4221000,CB5MH_MD,32.8084,1e+06,0.2,76.3,392000 4221000,10,Unsuitable,black,YES,243.577432,2622.806991,14.9129039999998
392000,4221000,CB5MH_MD,3.28084,1e+06,7.35,82.7,392000 4221000,1,Tolerable,yellow,YES,243.577432,2622.806991,14.9129039999998
392000,4221000,CB5MH_MD,11.48294,1e+06,1.56,79.71,392000 4221000,3.5,Unsuitable,black,YES,243.577432,2622.806991,14.9129039999998
392000,4221000,CB5MH_MD,29.52756,1e+06,0.2,76.5,392000 4221000,9,Unsuitable,black,YES,243.577432,2622.806991,14.9129039999998
392000,4221000,CB5MH_MD,27.88714,1e+06,0.2,76.5,392000 4221000,8.5,Unsuitable,black,YES,243.577432,2622.806991,14.9129039999998
392000,4221000,CB5MH_MD,42.65092,1e+06,0.2,76,392000 4221000,13,Unsuitable,black,YES,243.577432,2622.806991,14.9129039999998
392000,4221000,CB5MH_MD,39.37008,1e+06,0.2,76.3,392000 4221000,12,Unsuitable,black,YES,243.577432,2622.806991,14.9129039999998
392000,4221000,CB5MH_MD,13.12336,1e+06,0.11,77.61,392000 4221000,4,Unsuitable,black,YES,243.577432,2622.806991,14.9129039999998
392000,4221000,CB5MH_MD,0,1e+06,7.4,82.8,392000 4221000,0,Tolerable,yellow,YES,243.577432,2622.806991,14.9129039999998
392000,4221000,CB5MH_MD,8.2021,1e+06,6.25,82.4,392000 4221000,2.5,Suitable,dodgerblue,YES,243.577432,2622.806991,14.9129039999998
392000,4221000,CB5MH_MD,6.56168,1e+06,7.05,82.6,392000 4221000,2,Tolerable,yellow,YES,243.577432,2622.806991,14.9129039999998
392000,4221000,CB5MH_MD,1.64042,1e+06,7.4,82.8,392000 4221000,0.5,Tolerable,yellow,YES,243.577432,2622.806991,14.9129039999998
392000,4221000,CB5MH_MD,37.72966,1e+06,0.2,76.3,392000 4221000,11.5,Unsuitable,black,YES,243.577432,2622.806991,14.9129039999998
392000,4221000,CB5MH_MD,19.68504,1e+06,0.2,76.5,392000 4221000,6,Unsuitable,black,YES,243.577432,2622.806991,14.9129039999998
392000,4221000,CB5MH_MD,24.6063,1e+06,0.1,76.1,392000 4221000,7.5,Unsuitable,black,YES,243.577432,2622.806991,14.9129039999998
392000,4221000,CB5MH_MD,16.4042,1e+06,0.3,77.6,392000 4221000,5,Unsuitable,black,YES,243.577432,2622.806991,14.9129039999998
392000,4221000,CB5MH_MD,36.08924,1e+06,0.2,76.3,392000 4221000,11,Unsuitable,black,YES,243.577432,2622.806991,14.9129039999998
392000,4221000,CB5MH_MD,21.32546,1e+06,0.15,76.2,392000 4221000,6.5,Unsuitable,black,YES,243.577432,2622.806991,14.9129039999998
392000,4221000,CB5MH_MD,22.96588,1e+06,0.1,75.9,392000 4221000,7,Unsuitable,black,YES,243.577432,2622.806991,14.9129039999998
392000,4221000,CB5MH_MD,34.44882,1e+06,0.2,76.3,392000 4221000,10.5,Unsuitable,black,YES,243.577432,2622.806991,14.9129039999998
392000,4222000,CB5MH_MD,19.68504,1e+06,0.2,76.5,392000 4222000,6,Unsuitable,black,YES,243.577432,2623.428362,15.534275
392000,4222000,CB5MH_MD,4.92126,1e+06,7.25,82.6,392000 4222000,1.5,Tolerable,yellow,YES,243.577432,2623.428362,15.534275
392000,4222000,CB5MH_MD,21.32546,1e+06,0.15,76.2,392000 4222000,6.5,Unsuitable,black,YES,243.577432,2623.428362,15.534275
392000,4222000,CB5MH_MD,22.96588,1e+06,0.1,75.9,392000 4222000,7,Unsuitable,black,YES,243.577432,2623.428362,15.534275
392000,4222000,CB5MH_MD,11.48294,1e+06,1.55,79.7,392000 4222000,3.5,Unsuitable,black,YES,243.577432,2623.428362,15.534275
392000,4222000,CB5MH_MD,8.2021,1e+06,6.25,82.4,392000 4222000,2.5,Suitable,dodgerblue,YES,243.577432,2623.428362,15.534275
392000,4222000,CB5MH_MD,47.57218,1e+06,0.77,73.4,392000 4222000,14.5,Unsuitable,black,YES,243.577432,2623.428362,15.534275
392000,4222000,CB5MH_MD,45.93176,1e+06,0.7,73.4,392000 4222000,14,Unsuitable,black,YES,243.577432,2623.428362,15.534275
392000,4222000,CB5MH_MD,18.04462,1e+06,0.25,76.9,392000 4222000,5.5,Unsuitable,black,YES,243.577432,2623.428362,15.534275
392000,4222000,CB5MH_MD,42.65092,1e+06,0.2,76,392000 4222000,13,Unsuitable,black,YES,243.577432,2623.428362,15.534275
392000,4222000,CB5MH_MD,24.6063,1e+06,0.1,76.1,392000 4222000,7.5,Unsuitable,black,YES,243.577432,2623.428362,15.534275
392000,4222000,CB5MH_MD,9.84252,1e+06,4.3,81.7,392000 4222000,3,Suitable,dodgerblue,YES,243.577432,2623.428362,15.534275
392000,4222000,CB5MH_MD,13.12336,1e+06,0.1,77.6,392000 4222000,4,Unsuitable,black,YES,243.577432,2623.428362,15.534275
392000,4222000,CB5MH_MD,34.44882,1e+06,0.2,76.3,392000 4222000,10.5,Unsuitable,black,YES,243.577432,2623.428362,15.534275
392000,4222000,CB5MH_MD,44.29134,1e+06,0.2,75.9,392000 4222000,13.5,Unsuitable,black,YES,243.577432,2623.428362,15.534275
392000,4222000,CB5MH_MD,6.56168,1e+06,7.05,82.6,392000 4222000,2,Tolerable,yellow,YES,243.577432,2623.428362,15.534275
392000,4222000,CB5MH_MD,39.37008,1e+06,0.2,76.3,392000 4222000,12,Unsuitable,black,YES,243.577432,2623.428362,15.534275
392000,4222000,CB5MH_MD,14.76378,1e+06,0.2,77.5,392000 4222000,4.5,Unsuitable,black,YES,243.577432,2623.428362,15.534275
392000,4222000,CB5MH_MD,31.16798,1e+06,0.2,76.4,392000 4222000,9.5,Unsuitable,black,YES,243.577432,2623.428362,15.534275
392000,4222000,CB5MH_MD,37.72966,1e+06,0.2,76.3,392000 4222000,11.5,Unsuitable,black,YES,243.577432,2623.428362,15.534275
392000,4222000,CB5MH_MD,1.64042,1e+06,7.4,82.8,392000 4222000,0.5,Tolerable,yellow,YES,243.577432,2623.428362,15.534275
392000,4222000,CB5MH_MD,32.8084,1e+06,0.2,76.3,392000 4222000,10,Unsuitable,black,YES,243.577432,2623.428362,15.534275
392000,4222000,CB5MH_MD,3.28084,1e+06,7.35,82.7,392000 4222000,1,Tolerable,yellow,YES,243.577432,2623.428362,15.534275
392000,4222000,CB5MH_MD,29.52756,1e+06,0.2,76.5,392000 4222000,9,Unsuitable,black,YES,243.577432,2623.428362,15.534275
392000,4222000,CB5MH_MD,36.08924,1e+06,0.2,76.3,392000 4222000,11,Unsuitable,black,YES,243.577432,2623.428362,15.534275
392000,4222000,CB5MH_MD,27.88714,1e+06,0.2,76.5,392000 4222000,8.5,Unsuitable,black,YES,243.577432,2623.428362,15.534275
392000,4222000,CB5MH_MD,41.0105,1e+06,0.2,76.2,392000 4222000,12.5,Unsuitable,black,YES,243.577432,2623.428362,15.534275
392000,4222000,CB5MH_MD,26.24672,1e+06,0.15,76.4,392000 4222000,8,Unsuitable,black,YES,243.577432,2623.428362,15.534275
392000,4222000,CB5MH_MD,0,1e+06,7.4,82.8,392000 4222000,0,Tolerable,yellow,YES,243.577432,2623.428362,15.534275
392000,4222000,CB5MH_MD,16.4042,1e+06,0.3,77.6,392000 4222000,5,Unsuitable,black,YES,243.577432,2623.428362,15.534275
392000,4223000,CB5MH_MD,19.68504,1e+06,0.2,76.48,392000 4223000,6,Unsuitable,black,YES,243.577432,2624.049733,16.1556459999997
392000,4223000,CB5MH_MD,41.0105,1e+06,0.2,76.19,392000 4223000,12.5,Unsuitable,black,YES,243.577432,2624.049733,16.1556459999997
392000,4223000,CB5MH_MD,8.2021,1e+06,6.23,82.38,392000 4223000,2.5,Suitable,dodgerblue,YES,243.577432,2624.049733,16.1556459999997
392000,4223000,CB5MH_MD,32.8084,1e+06,0.2,76.29,392000 4223000,10,Unsuitable,black,YES,243.577432,2624.049733,16.1556459999997
392000,4223000,CB5MH_MD,49.2126,1e+06,0.93,73.4,392000 4223000,15,Unsuitable,black,YES,243.577432,2624.049733,16.1556459999997
392000,4223000,CB5MH_MD,27.88714,1e+06,0.2,76.49,392000 4223000,8.5,Unsuitable,black,YES,243.577432,2624.049733,16.1556459999997
392000,4223000,CB5MH_MD,11.48294,1e+06,1.57,79.7,392000 4223000,3.5,Unsuitable,black,YES,243.577432,2624.049733,16.1556459999997
392000,4223000,CB5MH_MD,47.57218,1e+06,0.77,73.4,392000 4223000,14.5,Unsuitable,black,YES,243.577432,2624.049733,16.1556459999997
392000,4223000,CB5MH_MD,36.08924,1e+06,0.2,76.29,392000 4223000,11,Unsuitable,black,YES,243.577432,2624.049733,16.1556459999997
392000,4223000,CB5MH_MD,18.04462,1e+06,0.25,76.88,392000 4223000,5.5,Unsuitable,black,YES,243.577432,2624.049733,16.1556459999997
392000,4223000,CB5MH_MD,24.6063,1e+06,0.1,76.09,392000 4223000,7.5,Unsuitable,black,YES,243.577432,2624.049733,16.1556459999997
392000,4223000,CB5MH_MD,1.64042,1e+06,7.39,82.79,392000 4223000,0.5,Tolerable,yellow,YES,243.577432,2624.049733,16.1556459999997
392000,4223000,CB5MH_MD,22.96588,1e+06,0.1,75.89,392000 4223000,7,Unsuitable,black,YES,243.577432,2624.049733,16.1556459999997
392000,4223000,CB5MH_MD,9.84252,1e+06,4.3,81.69,392000 4223000,3,Suitable,dodgerblue,YES,243.577432,2624.049733,16.1556459999997
392000,4223000,CB5MH_MD,44.29134,1e+06,0.2,75.89,392000 4223000,13.5,Unsuitable,black,YES,243.577432,2624.049733,16.1556459999997
392000,4223000,CB5MH_MD,39.37008,1e+06,0.2,76.29,392000 4223000,12,Unsuitable,black,YES,243.577432,2624.049733,16.1556459999997
392000,4223000,CB5MH_MD,42.65092,1e+06,0.2,75.99,392000 4223000,13,Unsuitable,black,YES,243.577432,2624.049733,16.1556459999997
392000,4223000,CB5MH_MD,14.76378,1e+06,0.21,77.5,392000 4223000,4.5,Unsuitable,black,YES,243.577432,2624.049733,16.1556459999997
392000,4223000,CB5MH_MD,26.24672,1e+06,0.15,76.38,392000 4223000,8,Unsuitable,black,YES,243.577432,2624.049733,16.1556459999997
392000,4223000,CB5MH_MD,16.4042,1e+06,0.3,77.58,392000 4223000,5,Unsuitable,black,YES,243.577432,2624.049733,16.1556459999997
392000,4223000,CB5MH_MD,21.32546,1e+06,0.15,76.18,392000 4223000,6.5,Unsuitable,black,YES,243.577432,2624.049733,16.1556459999997
392000,4223000,CB5MH_MD,6.56168,1e+06,7.03,82.58,392000 4223000,2,Tolerable,yellow,YES,243.577432,2624.049733,16.1556459999997
392000,4223000,CB5MH_MD,37.72966,1e+06,0.2,76.29,392000 4223000,11.5,Unsuitable,black,YES,243.577432,2624.049733,16.1556459999997
392000,4223000,CB5MH_MD,29.52756,1e+06,0.2,76.48,392000 4223000,9,Unsuitable,black,YES,243.577432,2624.049733,16.1556459999997
392000,4223000,CB5MH_MD,3.28084,1e+06,7.34,82.69,392000 4223000,1,Tolerable,yellow,YES,243.577432,2624.049733,16.1556459999997
392000,4223000,CB5MH_MD,13.12336,1e+06,0.13,77.62,392000 4223000,4,Unsuitable,black,YES,243.577432,2624.049733,16.1556459999997
392000,4223000,CB5MH_MD,4.92126,1e+06,7.23,82.59,392000 4223000,1.5,Tolerable,yellow,YES,243.577432,2624.049733,16.1556459999997
392000,4223000,CB5MH_MD,34.44882,1e+06,0.2,76.29,392000 4223000,10.5,Unsuitable,black,YES,243.577432,2624.049733,16.1556459999997
392000,4223000,CB5MH_MD,31.16798,1e+06,0.2,76.39,392000 4223000,9.5,Unsuitable,black,YES,243.577432,2624.049733,16.1556459999997
392000,4223000,CB5MH_MD,45.93176,1e+06,0.7,73.4,392000 4223000,14,Unsuitable,black,YES,243.577432,2624.049733,16.1556459999997
392000,4223000,CB5MH_MD,0,1e+06,7.4,82.79,392000 4223000,0,Tolerable,yellow,YES,243.577432,2624.049733,16.1556459999997
392000,4224000,CB5MH_MD,45.93176,1e+06,0.7,73.4,392000 4224000,14,Unsuitable,black,YES,243.577432,2624.671104,16.7770169999999
392000,4224000,CB5MH_MD,34.44882,1e+06,0.2,76.26,392000 4224000,10.5,Unsuitable,black,YES,243.577432,2624.671104,16.7770169999999
392000,4224000,CB5MH_MD,26.24672,1e+06,0.15,76.35,392000 4224000,8,Unsuitable,black,YES,243.577432,2624.671104,16.7770169999999
392000,4224000,CB5MH_MD,50.85302,1e+06,1,73.4,392000 4224000,15.5,Unsuitable,black,YES,243.577432,2624.671104,16.7770169999999
392000,4224000,CB5MH_MD,32.8084,1e+06,0.2,76.26,392000 4224000,10,Unsuitable,black,YES,243.577432,2624.671104,16.7770169999999
392000,4224000,CB5MH_MD,42.65092,1e+06,0.21,75.96,392000 4224000,13,Unsuitable,black,YES,243.577432,2624.671104,16.7770169999999
392000,4224000,CB5MH_MD,22.96588,1e+06,0.1,75.87,392000 4224000,7,Unsuitable,black,YES,243.577432,2624.671104,16.7770169999999
392000,4224000,CB5MH_MD,49.2126,1e+06,0.93,73.4,392000 4224000,15,Unsuitable,black,YES,243.577432,2624.671104,16.7770169999999
392000,4224000,CB5MH_MD,27.88714,1e+06,0.2,76.45,392000 4224000,8.5,Unsuitable,black,YES,243.577432,2624.671104,16.7770169999999
392000,4224000,CB5MH_MD,37.72966,1e+06,0.2,76.26,392000 4224000,11.5,Unsuitable,black,YES,243.577432,2624.671104,16.7770169999999
392000,4224000,CB5MH_MD,24.6063,1e+06,0.1,76.06,392000 4224000,7.5,Unsuitable,black,YES,243.577432,2624.671104,16.7770169999999
392000,4224000,CB5MH_MD,44.29134,1e+06,0.21,75.86,392000 4224000,13.5,Unsuitable,black,YES,243.577432,2624.671104,16.7770169999999
392000,4224000,CB5MH_MD,6.56168,1e+06,6.98,82.55,392000 4224000,2,Tolerable,yellow,YES,243.577432,2624.671104,16.7770169999999
392000,4224000,CB5MH_MD,36.08924,1e+06,0.2,76.26,392000 4224000,11,Unsuitable,black,YES,243.577432,2624.671104,16.7770169999999
392000,4224000,CB5MH_MD,1.64042,1e+06,7.38,82.78,392000 4224000,0.5,Tolerable,yellow,YES,243.577432,2624.671104,16.7770169999999
392000,4224000,CB5MH_MD,11.48294,1e+06,1.62,79.7,392000 4224000,3.5,Unsuitable,black,YES,243.577432,2624.671104,16.7770169999999
392000,4224000,CB5MH_MD,18.04462,1e+06,0.25,76.83,392000 4224000,5.5,Unsuitable,black,YES,243.577432,2624.671104,16.7770169999999
392000,4224000,CB5MH_MD,47.57218,1e+06,0.77,73.4,392000 4224000,14.5,Unsuitable,black,YES,243.577432,2624.671104,16.7770169999999
392000,4224000,CB5MH_MD,13.12336,1e+06,0.19,77.67,392000 4224000,4,Unsuitable,black,YES,243.577432,2624.671104,16.7770169999999
392000,4224000,CB5MH_MD,21.32546,1e+06,0.15,76.14,392000 4224000,6.5,Unsuitable,black,YES,243.577432,2624.671104,16.7770169999999
392000,4224000,CB5MH_MD,4.92126,1e+06,7.2,82.56,392000 4224000,1.5,Tolerable,yellow,YES,243.577432,2624.671104,16.7770169999999
392000,4224000,CB5MH_MD,9.84252,1e+06,4.3,81.66,392000 4224000,3,Suitable,dodgerblue,YES,243.577432,2624.671104,16.7770169999999
392000,4224000,CB5MH_MD,29.52756,1e+06,0.2,76.45,392000 4224000,9,Unsuitable,black,YES,243.577432,2624.671104,16.7770169999999
392000,4224000,CB5MH_MD,16.4042,1e+06,0.31,77.53,392000 4224000,5,Unsuitable,black,YES,243.577432,2624.671104,16.7770169999999
392000,4224000,CB5MH_MD,39.37008,1e+06,0.21,76.26,392000 4224000,12,Unsuitable,black,YES,243.577432,2624.671104,16.7770169999999
392000,4224000,CB5MH_MD,31.16798,1e+06,0.2,76.35,392000 4224000,9.5,Unsuitable,black,YES,243.577432,2624.671104,16.7770169999999
392000,4224000,CB5MH_MD,14.76378,1e+06,0.23,77.5,392000 4224000,4.5,Unsuitable,black,YES,243.577432,2624.671104,16.7770169999999
392000,4224000,CB5MH_MD,0,1e+06,7.39,82.78,392000 4224000,0,Tolerable,yellow,YES,243.577432,2624.671104,16.7770169999999
392000,4224000,CB5MH_MD,19.68504,1e+06,0.2,76.44,392000 4224000,6,Unsuitable,black,YES,243.577432,2624.671104,16.7770169999999
392000,4224000,CB5MH_MD,3.28084,1e+06,7.32,82.67,392000 4224000,1,Tolerable,yellow,YES,243.577432,2624.671104,16.7770169999999
392000,4224000,CB5MH_MD,8.2021,1e+06,6.19,82.34,392000 4224000,2.5,Suitable,dodgerblue,YES,243.577432,2624.671104,16.7770169999999
392000,4224000,CB5MH_MD,41.0105,1e+06,0.21,76.16,392000 4224000,12.5,Unsuitable,black,YES,243.577432,2624.671104,16.7770169999999
392000,4225000,CB5MH_MD,21.32546,1e+06,0.16,76.07,392000 4225000,6.5,Unsuitable,black,YES,243.577432,2625.292475,17.3983880000001
392000,4225000,CB5MH_MD,55.77428,1e+06,1,73.4,392000 4225000,17,Unsuitable,black,YES,243.577432,2625.292475,17.3983880000001
392000,4225000,CB5MH_MD,29.52756,1e+06,0.21,76.39,392000 4225000,9,Unsuitable,black,YES,243.577432,2625.292475,17.3983880000001
392000,4225000,CB5MH_MD,44.29134,1e+06,0.22,75.81,392000 4225000,13.5,Unsuitable,black,YES,243.577432,2625.292475,17.3983880000001
392000,4225000,CB5MH_MD,42.65092,1e+06,0.22,75.91,392000 4225000,13,Unsuitable,black,YES,243.577432,2625.292475,17.3983880000001
392000,4225000,CB5MH_MD,39.37008,1e+06,0.21,76.21,392000 4225000,12,Unsuitable,black,YES,243.577432,2625.292475,17.3983880000001
392000,4225000,CB5MH_MD,52.49344,1e+06,1,73.4,392000 4225000,16,Unsuitable,black,YES,243.577432,2625.292475,17.3983880000001
392000,4225000,CB5MH_MD,19.68504,1e+06,0.21,76.37,392000 4225000,6,Unsuitable,black,YES,243.577432,2625.292475,17.3983880000001
392000,4225000,CB5MH_MD,18.04462,1e+06,0.26,76.76,392000 4225000,5.5,Unsuitable,black,YES,243.577432,2625.292475,17.3983880000001
392000,4225000,CB5MH_MD,13.12336,1e+06,0.28,77.74,392000 4225000,4,Unsuitable,black,YES,243.577432,2625.292475,17.3983880000001
392000,4225000,CB5MH_MD,54.13386,1e+06,1,73.4,392000 4225000,16.5,Unsuitable,black,YES,243.577432,2625.292475,17.3983880000001
392000,4225000,CB5MH_MD,31.16798,1e+06,0.21,76.29,392000 4225000,9.5,Unsuitable,black,YES,243.577432,2625.292475,17.3983880000001
392000,4225000,CB5MH_MD,4.92126,1e+06,7.15,82.52,392000 4225000,1.5,Tolerable,yellow,YES,243.577432,2625.292475,17.3983880000001
392000,4225000,CB5MH_MD,34.44882,1e+06,0.21,76.2,392000 4225000,10.5,Unsuitable,black,YES,243.577432,2625.292475,17.3983880000001
392000,4225000,CB5MH_MD,9.84252,1e+06,4.31,81.61,392000 4225000,3,Suitable,dodgerblue,YES,243.577432,2625.292475,17.3983880000001
392000,4225000,CB5MH_MD,8.2021,1e+06,6.13,82.28,392000 4225000,2.5,Suitable,dodgerblue,YES,243.577432,2625.292475,17.3983880000001
392000,4225000,CB5MH_MD,41.0105,1e+06,0.21,76.11,392000 4225000,12.5,Unsuitable,black,YES,243.577432,2625.292475,17.3983880000001
392000,4225000,CB5MH_MD,37.72966,1e+06,0.21,76.21,392000 4225000,11.5,Unsuitable,black,YES,243.577432,2625.292475,17.3983880000001
392000,4225000,CB5MH_MD,11.48294,1e+06,1.7,79.7,392000 4225000,3.5,Unsuitable,black,YES,243.577432,2625.292475,17.3983880000001
392000,4225000,CB5MH_MD,45.93176,1e+06,0.7,73.4,392000 4225000,14,Unsuitable,black,YES,243.577432,2625.292475,17.3983880000001
392000,4225000,CB5MH_MD,24.6063,1e+06,0.11,76.01,392000 4225000,7.5,Unsuitable,black,YES,243.577432,2625.292475,17.3983880000001
392000,4225000,CB5MH_MD,50.85302,1e+06,1,73.4,392000 4225000,15.5,Unsuitable,black,YES,243.577432,2625.292475,17.3983880000001
392000,4225000,CB5MH_MD,14.76378,1e+06,0.27,77.49,392000 4225000,4.5,Unsuitable,black,YES,243.577432,2625.292475,17.3983880000001
392000,4225000,CB5MH_MD,27.88714,1e+06,0.21,76.39,392000 4225000,8.5,Unsuitable,black,YES,243.577432,2625.292475,17.3983880000001
392000,4225000,CB5MH_MD,36.08924,1e+06,0.21,76.2,392000 4225000,11,Unsuitable,black,YES,243.577432,2625.292475,17.3983880000001
392000,4225000,CB5MH_MD,32.8084,1e+06,0.21,76.2,392000 4225000,10,Unsuitable,black,YES,243.577432,2625.292475,17.3983880000001
392000,4225000,CB5MH_MD,16.4042,1e+06,0.31,77.46,392000 4225000,5,Unsuitable,black,YES,243.577432,2625.292475,17.3983880000001
392000,4225000,CB5MH_MD,22.96588,1e+06,0.11,75.84,392000 4225000,7,Unsuitable,black,YES,243.577432,2625.292475,17.3983880000001
392000,4225000,CB5MH_MD,6.56168,1e+06,6.92,82.49,392000 4225000,2,Tolerable,yellow,YES,243.577432,2625.292475,17.3983880000001
392000,4225000,CB5MH_MD,26.24672,1e+06,0.16,76.28,392000 4225000,8,Unsuitable,black,YES,243.577432,2625.292475,17.3983880000001
392000,4225000,CB5MH_MD,3.28084,1e+06,7.29,82.64,392000 4225000,1,Tolerable,yellow,YES,243.577432,2625.292475,17.3983880000001
392000,4225000,CB5MH_MD,0,1e+06,7.38,82.76,392000 4225000,0,Tolerable,yellow,YES,243.577432,2625.292475,17.3983880000001
392000,4225000,CB5MH_MD,47.57218,1e+06,0.77,73.4,392000 4225000,14.5,Unsuitable,black,YES,243.577432,2625.292475,17.3983880000001
392000,4225000,CB5MH_MD,49.2126,1e+06,0.93,73.4,392000 4225000,15,Unsuitable,black,YES,243.577432,2625.292475,17.3983880000001
392000,4225000,CB5MH_MD,1.64042,1e+06,7.37,82.75,392000 4225000,0.5,Tolerable,yellow,YES,243.577432,2625.292475,17.3983880000001
392000,4226000,CB5MH_MD,24.6063,1e+06,0.12,75.94,392000 4226000,7.5,Unsuitable,black,YES,243.577432,2625.913846,18.0197589999998
392000,4226000,CB5MH_MD,6.56168,1e+06,6.83,82.42,392000 4226000,2,Tolerable,yellow,YES,243.577432,2625.913846,18.0197589999998
392000,4226000,CB5MH_MD,32.8084,1e+06,0.22,76.12,392000 4226000,10,Unsuitable,black,YES,243.577432,2625.913846,18.0197589999998
392000,4226000,CB5MH_MD,52.49344,1e+06,1,73.4,392000 4226000,16,Unsuitable,black,YES,243.577432,2625.913846,18.0197589999998
392000,4226000,CB5MH_MD,37.72966,1e+06,0.22,76.13,392000 4226000,11.5,Unsuitable,black,YES,243.577432,2625.913846,18.0197589999998
392000,4226000,CB5MH_MD,36.08924,1e+06,0.22,76.13,392000 4226000,11,Unsuitable,black,YES,243.577432,2625.913846,18.0197589999998
392000,4226000,CB5MH_MD,27.88714,1e+06,0.21,76.31,392000 4226000,8.5,Unsuitable,black,YES,243.577432,2625.913846,18.0197589999998
392000,4226000,CB5MH_MD,11.48294,1e+06,1.81,79.69,392000 4226000,3.5,Unsuitable,black,YES,243.577432,2625.913846,18.0197589999998
392000,4226000,CB5MH_MD,8.2021,1e+06,6.06,82.2,392000 4226000,2.5,Suitable,dodgerblue,YES,243.577432,2625.913846,18.0197589999998
392000,4226000,CB5MH_MD,0,1e+06,7.37,82.74,392000 4226000,0,Tolerable,yellow,YES,243.577432,2625.913846,18.0197589999998
392000,4226000,CB5MH_MD,41.0105,1e+06,0.23,76.03,392000 4226000,12.5,Unsuitable,black,YES,243.577432,2625.913846,18.0197589999998
392000,4226000,CB5MH_MD,13.12336,1e+06,0.42,77.84,392000 4226000,4,Unsuitable,black,YES,243.577432,2625.913846,18.0197589999998
392000,4226000,CB5MH_MD,26.24672,1e+06,0.17,76.2,392000 4226000,8,Unsuitable,black,YES,243.577432,2625.913846,18.0197589999998
392000,4226000,CB5MH_MD,42.65092,1e+06,0.23,75.84,392000 4226000,13,Unsuitable,black,YES,243.577432,2625.913846,18.0197589999998
392000,4226000,CB5MH_MD,4.92126,1e+06,7.09,82.47,392000 4226000,1.5,Tolerable,yellow,YES,243.577432,2625.913846,18.0197589999998
392000,4226000,CB5MH_MD,31.16798,1e+06,0.21,76.21,392000 4226000,9.5,Unsuitable,black,YES,243.577432,2625.913846,18.0197589999998
392000,4226000,CB5MH_MD,29.52756,1e+06,0.21,76.3,392000 4226000,9,Unsuitable,black,YES,243.577432,2625.913846,18.0197589999998
392000,4226000,CB5MH_MD,9.84252,1e+06,4.31,81.54,392000 4226000,3,Suitable,dodgerblue,YES,243.577432,2625.913846,18.0197589999998
392000,4226000,CB5MH_MD,39.37008,1e+06,0.22,76.13,392000 4226000,12,Unsuitable,black,YES,243.577432,2625.913846,18.0197589999998
392000,4226000,CB5MH_MD,47.57218,1e+06,0.77,73.4,392000 4226000,14.5,Unsuitable,black,YES,243.577432,2625.913846,18.0197589999998
392000,4226000,CB5MH_MD,34.44882,1e+06,0.22,76.12,392000 4226000,10.5,Unsuitable,black,YES,243.577432,2625.913846,18.0197589999998
392000,4226000,CB5MH_MD,44.29134,1e+06,0.23,75.74,392000 4226000,13.5,Unsuitable,black,YES,243.577432,2625.913846,18.0197589999998
392000,4226000,CB5MH_MD,22.96588,1e+06,0.11,75.78,392000 4226000,7,Unsuitable,black,YES,243.577432,2625.913846,18.0197589999998
392000,4226000,CB5MH_MD,49.2126,1e+06,0.93,73.4,392000 4226000,15,Unsuitable,black,YES,243.577432,2625.913846,18.0197589999998
392000,4226000,CB5MH_MD,1.64042,1e+06,7.35,82.73,392000 4226000,0.5,Tolerable,yellow,YES,243.577432,2625.913846,18.0197589999998
392000,4226000,CB5MH_MD,16.4042,1e+06,0.32,77.35,392000 4226000,5,Unsuitable,black,YES,243.577432,2625.913846,18.0197589999998
392000,4226000,CB5MH_MD,3.28084,1e+06,7.25,82.61,392000 4226000,1,Tolerable,yellow,YES,243.577432,2625.913846,18.0197589999998
392000,4226000,CB5MH_MD,18.04462,1e+06,0.26,76.65,392000 4226000,5.5,Unsuitable,black,YES,243.577432,2625.913846,18.0197589999998
392000,4226000,CB5MH_MD,45.93176,1e+06,0.7,73.4,392000 4226000,14,Unsuitable,black,YES,243.577432,2625.913846,18.0197589999998
392000,4226000,CB5MH_MD,21.32546,1e+06,0.17,75.98,392000 4226000,6.5,Unsuitable,black,YES,243.577432,2625.913846,18.0197589999998
392000,4226000,CB5MH_MD,19.68504,1e+06,0.21,76.27,392000 4226000,6,Unsuitable,black,YES,243.577432,2625.913846,18.0197589999998
392000,4226000,CB5MH_MD,50.85302,1e+06,1,73.4,392000 4226000,15.5,Unsuitable,black,YES,243.577432,2625.913846,18.0197589999998
392000,4226000,CB5MH_MD,14.76378,1e+06,0.32,77.49,392000 4226000,4.5,Unsuitable,black,YES,243.577432,2625.913846,18.0197589999998
392000,4227000,CB5MH_MD,1.64042,1e+06,7.33,82.7,392000 4227000,0.5,Tolerable,yellow,YES,243.577432,2626.535217,18.64113
392000,4227000,CB5MH_MD,32.8084,1e+06,0.23,76,392000 4227000,10,Unsuitable,black,YES,243.577432,2626.535217,18.64113
392000,4227000,CB5MH_MD,47.57218,1e+06,0.77,73.4,392000 4227000,14.5,Unsuitable,black,YES,243.577432,2626.535217,18.64113
392000,4227000,CB5MH_MD,45.93176,1e+06,0.7,73.4,392000 4227000,14,Unsuitable,black,YES,243.577432,2626.535217,18.64113
392000,4227000,CB5MH_MD,37.72966,1e+06,0.23,76.02,392000 4227000,11.5,Unsuitable,black,YES,243.577432,2626.535217,18.64113
392000,4227000,CB5MH_MD,6.56168,1e+06,6.73,82.33,392000 4227000,2,Suitable,dodgerblue,YES,243.577432,2626.535217,18.64113
392000,4227000,CB5MH_MD,27.88714,1e+06,0.22,76.18,392000 4227000,8.5,Unsuitable,black,YES,243.577432,2626.535217,18.64113
392000,4227000,CB5MH_MD,42.65092,1e+06,0.25,75.74,392000 4227000,13,Unsuitable,black,YES,243.577432,2626.535217,18.64113
392000,4227000,CB5MH_MD,8.2021,1e+06,5.97,82.09,392000 4227000,2.5,Suitable,dodgerblue,YES,243.577432,2626.535217,18.64113
392000,4227000,CB5MH_MD,0,1e+06,7.36,82.72,392000 4227000,0,Tolerable,yellow,YES,243.577432,2626.535217,18.64113
392000,4227000,CB5MH_MD,31.16798,1e+06,0.22,76.08,392000 4227000,9.5,Unsuitable,black,YES,243.577432,2626.535217,18.64113
392000,4227000,CB5MH_MD,24.6063,1e+06,0.13,75.84,392000 4227000,7.5,Unsuitable,black,YES,243.577432,2626.535217,18.64113
392000,4227000,CB5MH_MD,22.96588,1e+06,0.12,75.71,392000 4227000,7,Unsuitable,black,YES,243.577432,2626.535217,18.64113
392000,4227000,CB5MH_MD,41.0105,1e+06,0.24,75.92,392000 4227000,12.5,Unsuitable,black,YES,243.577432,2626.535217,18.64113
392000,4227000,CB5MH_MD,36.08924,1e+06,0.23,76.01,392000 4227000,11,Unsuitable,black,YES,243.577432,2626.535217,18.64113
392000,4227000,CB5MH_MD,29.52756,1e+06,0.22,76.17,392000 4227000,9,Unsuitable,black,YES,243.577432,2626.535217,18.64113
392000,4227000,CB5MH_MD,21.32546,1e+06,0.18,75.85,392000 4227000,6.5,Unsuitable,black,YES,243.577432,2626.535217,18.64113
392000,4227000,CB5MH_MD,39.37008,1e+06,0.24,76.02,392000 4227000,12,Unsuitable,black,YES,243.577432,2626.535217,18.64113
392000,4227000,CB5MH_MD,13.12336,1e+06,0.59,77.97,392000 4227000,4,Unsuitable,black,YES,243.577432,2626.535217,18.64113
392000,4227000,CB5MH_MD,49.2126,1e+06,0.93,73.4,392000 4227000,15,Unsuitable,black,YES,243.577432,2626.535217,18.64113
392000,4227000,CB5MH_MD,26.24672,1e+06,0.18,76.08,392000 4227000,8,Unsuitable,black,YES,243.577432,2626.535217,18.64113
392000,4227000,CB5MH_MD,3.28084,1e+06,7.2,82.56,392000 4227000,1,Tolerable,yellow,YES,243.577432,2626.535217,18.64113
392000,4227000,CB5MH_MD,14.76378,1e+06,0.38,77.48,392000 4227000,4.5,Unsuitable,black,YES,243.577432,2626.535217,18.64113
392000,4227000,CB5MH_MD,9.84252,1e+06,4.32,81.45,392000 4227000,3,Suitable,dodgerblue,YES,243.577432,2626.535217,18.64113
392000,4227000,CB5MH_MD,44.29134,1e+06,0.25,75.65,392000 4227000,13.5,Unsuitable,black,YES,243.577432,2626.535217,18.64113
392000,4227000,CB5MH_MD,16.4042,1e+06,0.34,77.22,392000 4227000,5,Unsuitable,black,YES,243.577432,2626.535217,18.64113
392000,4227000,CB5MH_MD,18.04462,1e+06,0.27,76.51,392000 4227000,5.5,Unsuitable,black,YES,243.577432,2626.535217,18.64113
392000,4227000,CB5MH_MD,11.48294,1e+06,1.94,79.69,392000 4227000,3.5,Unsuitable,black,YES,243.577432,2626.535217,18.64113
392000,4227000,CB5MH_MD,4.92126,1e+06,7.02,82.41,392000 4227000,1.5,Tolerable,yellow,YES,243.577432,2626.535217,18.64113
392000,4227000,CB5MH_MD,19.68504,1e+06,0.22,76.14,392000 4227000,6,Unsuitable,black,YES,243.577432,2626.535217,18.64113
392000,4227000,CB5MH_MD,34.44882,1e+06,0.23,76,392000 4227000,10.5,Unsuitable,black,YES,243.577432,2626.535217,18.64113
392000,4228000,CB5MH_MD,4.92126,1e+06,6.95,82.41,392000 4228000,1.5,Tolerable,yellow,YES,243.577432,2627.156588,19.2625009999997
392000,4228000,CB5MH_MD,24.6063,1e+06,0.14,75.72,392000 4228000,7.5,Unsuitable,black,YES,243.577432,2627.156588,19.2625009999997
392000,4228000,CB5MH_MD,19.68504,1e+06,0.23,75.98,392000 4228000,6,Unsuitable,black,YES,243.577432,2627.156588,19.2625009999997
392000,4228000,CB5MH_MD,8.2021,1e+06,5.93,82.03,392000 4228000,2.5,Suitable,dodgerblue,YES,243.577432,2627.156588,19.2625009999997
392000,4228000,CB5MH_MD,26.24672,1e+06,0.19,75.93,392000 4228000,8,Unsuitable,black,YES,243.577432,2627.156588,19.2625009999997
392000,4228000,CB5MH_MD,6.56168,1e+06,6.66,82.29,392000 4228000,2,Suitable,dodgerblue,YES,243.577432,2627.156588,19.2625009999997
392000,4228000,CB5MH_MD,34.44882,1e+06,0.25,75.86,392000 4228000,10.5,Unsuitable,black,YES,243.577432,2627.156588,19.2625009999997
392000,4228000,CB5MH_MD,45.93176,1e+06,0.7,73.4,392000 4228000,14,Unsuitable,black,YES,243.577432,2627.156588,19.2625009999997
392000,4228000,CB5MH_MD,3.28084,1e+06,7.15,82.57,392000 4228000,1,Tolerable,yellow,YES,243.577432,2627.156588,19.2625009999997
392000,4228000,CB5MH_MD,11.48294,1e+06,2.19,79.7,392000 4228000,3.5,Marginal,orange,YES,243.577432,2627.156588,19.2625009999997
392000,4228000,CB5MH_MD,22.96588,1e+06,0.14,75.61,392000 4228000,7,Unsuitable,black,YES,243.577432,2627.156588,19.2625009999997
392000,4228000,CB5MH_MD,47.57218,1e+06,0.77,73.4,392000 4228000,14.5,Unsuitable,black,YES,243.577432,2627.156588,19.2625009999997
392000,4228000,CB5MH_MD,9.84252,1e+06,4.37,81.36,392000 4228000,3,Suitable,dodgerblue,YES,243.577432,2627.156588,19.2625009999997
392000,4228000,CB5MH_MD,31.16798,1e+06,0.23,75.92,392000 4228000,9.5,Unsuitable,black,YES,243.577432,2627.156588,19.2625009999997
392000,4228000,CB5MH_MD,16.4042,1e+06,0.35,77.06,392000 4228000,5,Unsuitable,black,YES,243.577432,2627.156588,19.2625009999997
392000,4228000,CB5MH_MD,0,1e+06,7.31,82.73,392000 4228000,0,Tolerable,yellow,YES,243.577432,2627.156588,19.2625009999997
392000,4228000,CB5MH_MD,32.8084,1e+06,0.24,75.86,392000 4228000,10,Unsuitable,black,YES,243.577432,2627.156588,19.2625009999997
392000,4228000,CB5MH_MD,18.04462,1e+06,0.28,76.35,392000 4228000,5.5,Unsuitable,black,YES,243.577432,2627.156588,19.2625009999997
392000,4228000,CB5MH_MD,42.65092,1e+06,0.27,75.6,392000 4228000,13,Unsuitable,black,YES,243.577432,2627.156588,19.2625009999997
392000,4228000,CB5MH_MD,41.0105,1e+06,0.27,75.79,392000 4228000,12.5,Unsuitable,black,YES,243.577432,2627.156588,19.2625009999997
392000,4228000,CB5MH_MD,44.29134,1e+06,0.28,75.52,392000 4228000,13.5,Unsuitable,black,YES,243.577432,2627.156588,19.2625009999997
392000,4228000,CB5MH_MD,13.12336,1e+06,0.79,78.12,392000 4228000,4,Unsuitable,black,YES,243.577432,2627.156588,19.2625009999997
392000,4228000,CB5MH_MD,21.32546,1e+06,0.19,75.7,392000 4228000,6.5,Unsuitable,black,YES,243.577432,2627.156588,19.2625009999997
392000,4228000,CB5MH_MD,1.64042,1e+06,7.29,82.71,392000 4228000,0.5,Tolerable,yellow,YES,243.577432,2627.156588,19.2625009999997
392000,4228000,CB5MH_MD,49.2126,1e+06,0.93,73.4,392000 4228000,15,Unsuitable,black,YES,243.577432,2627.156588,19.2625009999997
392000,4228000,CB5MH_MD,14.76378,1e+06,0.46,77.47,392000 4228000,4.5,Unsuitable,black,YES,243.577432,2627.156588,19.2625009999997
392000,4228000,CB5MH_MD,37.72966,1e+06,0.25,75.89,392000 4228000,11.5,Unsuitable,black,YES,243.577432,2627.156588,19.2625009999997
392000,4228000,CB5MH_MD,36.08924,1e+06,0.25,75.87,392000 4228000,11,Unsuitable,black,YES,243.577432,2627.156588,19.2625009999997
392000,4228000,CB5MH_MD,29.52756,1e+06,0.23,76.01,392000 4228000,9,Unsuitable,black,YES,243.577432,2627.156588,19.2625009999997
392000,4228000,CB5MH_MD,39.37008,1e+06,0.26,75.89,392000 4228000,12,Unsuitable,black,YES,243.577432,2627.156588,19.2625009999997
392000,4228000,CB5MH_MD,27.88714,1e+06,0.23,76.02,392000 4228000,8.5,Unsuitable,black,YES,243.577432,2627.156588,19.2625009999997
392000,4229000,CB5MH_MD,22.96588,1e+06,0.15,75.48,392000 4229000,7,Unsuitable,black,YES,243.577432,2627.777959,19.8838719999999
392000,4229000,CB5MH_MD,50.85302,1e+06,1,73.4,392000 4229000,15.5,Unsuitable,black,YES,243.577432,2627.777959,19.8838719999999
392000,4229000,CB5MH_MD,27.88714,1e+06,0.24,75.83,392000 4229000,8.5,Unsuitable,black,YES,243.577432,2627.777959,19.8838719999999
392000,4229000,CB5MH_MD,18.04462,1e+06,0.3,76.16,392000 4229000,5.5,Unsuitable,black,YES,243.577432,2627.777959,19.8838719999999
392000,4229000,CB5MH_MD,29.52756,1e+06,0.24,75.81,392000 4229000,9,Unsuitable,black,YES,243.577432,2627.777959,19.8838719999999
392000,4229000,CB5MH_MD,52.49344,1e+06,1,73.4,392000 4229000,16,Unsuitable,black,YES,243.577432,2627.777959,19.8838719999999
392000,4229000,CB5MH_MD,47.57218,1e+06,0.77,73.4,392000 4229000,14.5,Unsuitable,black,YES,243.577432,2627.777959,19.8838719999999
392000,4229000,CB5MH_MD,49.2126,1e+06,0.93,73.4,392000 4229000,15,Unsuitable,black,YES,243.577432,2627.777959,19.8838719999999
392000,4229000,CB5MH_MD,8.2021,1e+06,5.84,81.92,392000 4229000,2.5,Suitable,dodgerblue,YES,243.577432,2627.777959,19.8838719999999
392000,4229000,CB5MH_MD,34.44882,1e+06,0.27,75.67,392000 4229000,10.5,Unsuitable,black,YES,243.577432,2627.777959,19.8838719999999
392000,4229000,CB5MH_MD,26.24672,1e+06,0.2,75.75,392000 4229000,8,Unsuitable,black,YES,243.577432,2627.777959,19.8838719999999
392000,4229000,CB5MH_MD,45.93176,1e+06,0.7,73.4,392000 4229000,14,Unsuitable,black,YES,243.577432,2627.777959,19.8838719999999
392000,4229000,CB5MH_MD,36.08924,1e+06,0.27,75.69,392000 4229000,11,Unsuitable,black,YES,243.577432,2627.777959,19.8838719999999
392000,4229000,CB5MH_MD,21.32546,1e+06,0.2,75.53,392000 4229000,6.5,Unsuitable,black,YES,243.577432,2627.777959,19.8838719999999
392000,4229000,CB5MH_MD,11.48294,1e+06,2.4,79.72,392000 4229000,3.5,Marginal,orange,YES,243.577432,2627.777959,19.8838719999999
392000,4229000,CB5MH_MD,6.56168,1e+06,6.54,82.2,392000 4229000,2,Suitable,dodgerblue,YES,243.577432,2627.777959,19.8838719999999
392000,4229000,CB5MH_MD,24.6063,1e+06,0.16,75.57,392000 4229000,7.5,Unsuitable,black,YES,243.577432,2627.777959,19.8838719999999
392000,4229000,CB5MH_MD,3.28084,1e+06,7.09,82.53,392000 4229000,1,Tolerable,yellow,YES,243.577432,2627.777959,19.8838719999999
392000,4229000,CB5MH_MD,16.4042,1e+06,0.37,76.88,392000 4229000,5,Unsuitable,black,YES,243.577432,2627.777959,19.8838719999999
392000,4229000,CB5MH_MD,19.68504,1e+06,0.24,75.8,392000 4229000,6,Unsuitable,black,YES,243.577432,2627.777959,19.8838719999999
392000,4229000,CB5MH_MD,4.92126,1e+06,6.87,82.35,392000 4229000,1.5,Suitable,dodgerblue,YES,243.577432,2627.777959,19.8838719999999
392000,4229000,CB5MH_MD,37.72966,1e+06,0.27,75.71,392000 4229000,11.5,Unsuitable,black,YES,243.577432,2627.777959,19.8838719999999
392000,4229000,CB5MH_MD,9.84252,1e+06,4.4,81.26,392000 4229000,3,Suitable,dodgerblue,YES,243.577432,2627.777959,19.8838719999999
392000,4229000,CB5MH_MD,31.16798,1e+06,0.25,75.73,392000 4229000,9.5,Unsuitable,black,YES,243.577432,2627.777959,19.8838719999999
392000,4229000,CB5MH_MD,39.37008,1e+06,0.28,75.71,392000 4229000,12,Unsuitable,black,YES,243.577432,2627.777959,19.8838719999999
392000,4229000,CB5MH_MD,14.76378,1e+06,0.54,77.46,392000 4229000,4.5,Unsuitable,black,YES,243.577432,2627.777959,19.8838719999999
392000,4229000,CB5MH_MD,0,1e+06,7.29,82.71,392000 4229000,0,Tolerable,yellow,YES,243.577432,2627.777959,19.8838719999999
392000,4229000,CB5MH_MD,41.0105,1e+06,0.29,75.61,392000 4229000,12.5,Unsuitable,black,YES,243.577432,2627.777959,19.8838719999999
392000,4229000,CB5MH_MD,13.12336,1e+06,1.03,78.3,392000 4229000,4,Unsuitable,black,YES,243.577432,2627.777959,19.8838719999999
392000,4229000,CB5MH_MD,1.64042,1e+06,7.26,82.68,392000 4229000,0.5,Tolerable,yellow,YES,243.577432,2627.777959,19.8838719999999
392000,4229000,CB5MH_MD,32.8084,1e+06,0.26,75.67,392000 4229000,10,Unsuitable,black,YES,243.577432,2627.777959,19.8838719999999
392000,4229000,CB5MH_MD,44.29134,1e+06,0.31,75.36,392000 4229000,13.5,Unsuitable,black,YES,243.577432,2627.777959,19.8838719999999
392000,4229000,CB5MH_MD,42.65092,1e+06,0.3,75.44,392000 4229000,13,Unsuitable,black,YES,243.577432,2627.777959,19.8838719999999
392000,4340000,CB3MH,0,1e+06,6.76,82.63,392000 4340000,0,Tolerable,yellow,YES,243.577432,2696.75014,88.856053
392000,4341000,CB2OH,4.92126,1e+06,6.12,82.47,392000 4341000,1.5,Tolerable,yellow,YES,243.577432,2697.371511,89.4774239999997
392000,4341000,CB2OH,9.84252,1e+06,4.65,81.96,392000 4341000,3,Suitable,dodgerblue,YES,243.577432,2697.371511,89.4774239999997
392000,4341000,CB2OH,14.76378,1e+06,1.31,78.66,392000 4341000,4.5,Unsuitable,black,YES,243.577432,2697.371511,89.4774239999997
392000,4341000,CB2OH,8.2021,1e+06,5.22,82.18,392000 4341000,2.5,Suitable,dodgerblue,YES,243.577432,2697.371511,89.4774239999997
392000,4341000,CB2OH,11.48294,1e+06,3.85,81.52,392000 4341000,3.5,Tolerable,yellow,YES,243.577432,2697.371511,89.4774239999997
392000,4341000,CB2OH,19.68504,1e+06,0.9,77.5,392000 4341000,6,Unsuitable,black,YES,243.577432,2697.371511,89.4774239999997
392000,4341000,CB2OH,18.04462,1e+06,0.8,77.6,392000 4341000,5.5,Unsuitable,black,YES,243.577432,2697.371511,89.4774239999997
392000,4341000,CB2OH,0,1e+06,6.63,82.61,392000 4341000,0,Tolerable,yellow,YES,243.577432,2697.371511,89.4774239999997
392000,4341000,CB2OH,22.96588,1e+06,0.9,77.5,392000 4341000,7,Unsuitable,black,YES,243.577432,2697.371511,89.4774239999997
392000,4341000,CB2OH,16.4042,1e+06,0.8,77.9,392000 4341000,5,Unsuitable,black,YES,243.577432,2697.371511,89.4774239999997
392000,4341000,CB2OH,13.12336,1e+06,2.74,80.57,392000 4341000,4,Marginal,orange,YES,243.577432,2697.371511,89.4774239999997
392000,4341000,CB2OH,6.56168,1e+06,5.66,82.3,392000 4341000,2,Suitable,dodgerblue,YES,243.577432,2697.371511,89.4774239999997
392000,4341000,CB2OH,21.32546,1e+06,0.9,77.5,392000 4341000,6.5,Unsuitable,black,YES,243.577432,2697.371511,89.4774239999997
392000,4341000,CB2OH,1.64042,1e+06,6.52,82.62,392000 4341000,0.5,Tolerable,yellow,YES,243.577432,2697.371511,89.4774239999997
392000,4341000,CB2OH,3.28084,1e+06,6.31,82.64,392000 4341000,1,Tolerable,yellow,YES,243.577432,2697.371511,89.4774239999997
392000,4342000,CB2OH,9.84252,1e+06,4.72,82.07,392000 4342000,3,Suitable,dodgerblue,YES,243.577432,2697.992882,90.0987949999999
392000,4342000,CB2OH,3.28084,1e+06,6.2,82.57,392000 4342000,1,Tolerable,yellow,YES,243.577432,2697.992882,90.0987949999999
392000,4342000,CB2OH,11.48294,1e+06,4.03,81.74,392000 4342000,3.5,Suitable,dodgerblue,YES,243.577432,2697.992882,90.0987949999999
392000,4342000,CB2OH,8.2021,1e+06,5.17,82.2,392000 4342000,2.5,Suitable,dodgerblue,YES,243.577432,2697.992882,90.0987949999999
392000,4342000,CB2OH,4.92126,1e+06,6.02,82.45,392000 4342000,1.5,Tolerable,yellow,YES,243.577432,2697.992882,90.0987949999999
392000,4342000,CB2OH,6.56168,1e+06,5.62,82.31,392000 4342000,2,Suitable,dodgerblue,YES,243.577432,2697.992882,90.0987949999999
392000,4342000,CB2OH,0,1e+06,6.52,82.56,392000 4342000,0,Tolerable,yellow,YES,243.577432,2697.992882,90.0987949999999
392000,4342000,CB2OH,1.64042,1e+06,6.41,82.56,392000 4342000,0.5,Tolerable,yellow,YES,243.577432,2697.992882,90.0987949999999
393000,4209000,CB5MH_MD,19.68504,1e+06,0.45,77.59,393000 4209000,6,Unsuitable,black,YES,244.198803,2615.350539,7.4564519999999
393000,4209000,CB5MH_MD,32.8084,1e+06,0.49,77.68,393000 4209000,10,Unsuitable,black,YES,244.198803,2615.350539,7.4564519999999
393000,4209000,CB5MH_MD,22.96588,1e+06,0.27,76.92,393000 4209000,7,Unsuitable,black,YES,244.198803,2615.350539,7.4564519999999
393000,4209000,CB5MH_MD,26.24672,1e+06,0.33,76.92,393000 4209000,8,Unsuitable,black,YES,244.198803,2615.350539,7.4564519999999
393000,4209000,CB5MH_MD,21.32546,1e+06,0.35,77.26,393000 4209000,6.5,Unsuitable,black,YES,244.198803,2615.350539,7.4564519999999
393000,4209000,CB5MH_MD,18.04462,1e+06,0.62,77.99,393000 4209000,5.5,Unsuitable,black,YES,244.198803,2615.350539,7.4564519999999
393000,4209000,CB5MH_MD,0,1e+06,7.27,82.6,393000 4209000,0,Tolerable,yellow,YES,244.198803,2615.350539,7.4564519999999
393000,4209000,CB5MH_MD,27.88714,1e+06,0.46,77.66,393000 4209000,8.5,Unsuitable,black,YES,244.198803,2615.350539,7.4564519999999
393000,4209000,CB5MH_MD,9.84252,1e+06,4.76,81.87,393000 4209000,3,Suitable,dodgerblue,YES,244.198803,2615.350539,7.4564519999999
393000,4209000,CB5MH_MD,8.2021,1e+06,5.82,82.32,393000 4209000,2.5,Suitable,dodgerblue,YES,244.198803,2615.350539,7.4564519999999
393000,4209000,CB5MH_MD,31.16798,1e+06,0.48,77.72,393000 4209000,9.5,Unsuitable,black,YES,244.198803,2615.350539,7.4564519999999
393000,4209000,CB5MH_MD,14.76378,1e+06,1.28,78.89,393000 4209000,4.5,Unsuitable,black,YES,244.198803,2615.350539,7.4564519999999
393000,4209000,CB5MH_MD,34.44882,1e+06,0.52,77.68,393000 4209000,10.5,Unsuitable,black,YES,244.198803,2615.350539,7.4564519999999
393000,4209000,CB5MH_MD,24.6063,1e+06,0.28,76.88,393000 4209000,7.5,Unsuitable,black,YES,244.198803,2615.350539,7.4564519999999
393000,4209000,CB5MH_MD,29.52756,1e+06,0.47,77.71,393000 4209000,9,Unsuitable,black,YES,244.198803,2615.350539,7.4564519999999
393000,4209000,CB5MH_MD,1.64042,1e+06,7.12,82.56,393000 4209000,0.5,Tolerable,yellow,YES,244.198803,2615.350539,7.4564519999999
393000,4209000,CB5MH_MD,11.48294,1e+06,3.01,80.64,393000 4209000,3.5,Tolerable,yellow,YES,244.198803,2615.350539,7.4564519999999
393000,4209000,CB5MH_MD,3.28084,1e+06,6.92,82.48,393000 4209000,1,Tolerable,yellow,YES,244.198803,2615.350539,7.4564519999999
393000,4209000,CB5MH_MD,6.56168,1e+06,6.51,82.52,393000 4209000,2,Tolerable,yellow,YES,244.198803,2615.350539,7.4564519999999
393000,4209000,CB5MH_MD,36.08924,1e+06,0.55,77.69,393000 4209000,11,Unsuitable,black,YES,244.198803,2615.350539,7.4564519999999
393000,4209000,CB5MH_MD,13.12336,1e+06,1.64,79.37,393000 4209000,4,Unsuitable,black,YES,244.198803,2615.350539,7.4564519999999
393000,4209000,CB5MH_MD,16.4042,1e+06,0.93,78.48,393000 4209000,5,Unsuitable,black,YES,244.198803,2615.350539,7.4564519999999
393000,4209000,CB5MH_MD,4.92126,1e+06,6.86,82.43,393000 4209000,1.5,Tolerable,yellow,YES,244.198803,2615.350539,7.4564519999999
393000,4210000,CB5MH_MD,6.56168,1e+06,6.55,82.37,393000 4210000,2,Suitable,dodgerblue,YES,244.198803,2615.97191,8.07782300000008
393000,4210000,CB5MH_MD,3.28084,1e+06,7.09,82.29,393000 4210000,1,Suitable,dodgerblue,YES,244.198803,2615.97191,8.07782300000008
393000,4210000,CB5MH_MD,22.96588,1e+06,0.24,76.55,393000 4210000,7,Unsuitable,black,YES,244.198803,2615.97191,8.07782300000008
393000,4210000,CB5MH_MD,1.64042,1e+06,7.26,82.37,393000 4210000,0.5,Suitable,dodgerblue,YES,244.198803,2615.97191,8.07782300000008
393000,4210000,CB5MH_MD,31.16798,1e+06,0.41,77.18,393000 4210000,9.5,Unsuitable,black,YES,244.198803,2615.97191,8.07782300000008
393000,4210000,CB5MH_MD,27.88714,1e+06,0.41,77.16,393000 4210000,8.5,Unsuitable,black,YES,244.198803,2615.97191,8.07782300000008
393000,4210000,CB5MH_MD,8.2021,1e+06,5.93,82.25,393000 4210000,2.5,Suitable,dodgerblue,YES,244.198803,2615.97191,8.07782300000008
393000,4210000,CB5MH_MD,39.37008,1e+06,0.2,76.3,393000 4210000,12,Unsuitable,black,YES,244.198803,2615.97191,8.07782300000008
393000,4210000,CB5MH_MD,24.6063,1e+06,0.24,76.52,393000 4210000,7.5,Unsuitable,black,YES,244.198803,2615.97191,8.07782300000008
393000,4210000,CB5MH_MD,11.48294,1e+06,2.95,80.47,393000 4210000,3.5,Marginal,orange,YES,244.198803,2615.97191,8.07782300000008
393000,4210000,CB5MH_MD,36.08924,1e+06,0.44,77.12,393000 4210000,11,Unsuitable,black,YES,244.198803,2615.97191,8.07782300000008
393000,4210000,CB5MH_MD,41.0105,1e+06,0.2,76.2,393000 4210000,12.5,Unsuitable,black,YES,244.198803,2615.97191,8.07782300000008
393000,4210000,CB5MH_MD,29.52756,1e+06,0.41,77.2,393000 4210000,9,Unsuitable,black,YES,244.198803,2615.97191,8.07782300000008
393000,4210000,CB5MH_MD,4.92126,1e+06,6.9,82.29,393000 4210000,1.5,Suitable,dodgerblue,YES,244.198803,2615.97191,8.07782300000008
393000,4210000,CB5MH_MD,13.12336,1e+06,1.48,79.03,393000 4210000,4,Unsuitable,black,YES,244.198803,2615.97191,8.07782300000008
393000,4210000,CB5MH_MD,26.24672,1e+06,0.29,76.57,393000 4210000,8,Unsuitable,black,YES,244.198803,2615.97191,8.07782300000008
393000,4210000,CB5MH_MD,9.84252,1e+06,4.93,81.88,393000 4210000,3,Suitable,dodgerblue,YES,244.198803,2615.97191,8.07782300000008
393000,4210000,CB5MH_MD,37.72966,1e+06,0.2,76.3,393000 4210000,11.5,Unsuitable,black,YES,244.198803,2615.97191,8.07782300000008
393000,4210000,CB5MH_MD,32.8084,1e+06,0.41,77.12,393000 4210000,10,Unsuitable,black,YES,244.198803,2615.97191,8.07782300000008
393000,4210000,CB5MH_MD,34.44882,1e+06,0.42,77.12,393000 4210000,10.5,Unsuitable,black,YES,244.198803,2615.97191,8.07782300000008
393000,4210000,CB5MH_MD,21.32546,1e+06,0.32,76.9,393000 4210000,6.5,Unsuitable,black,YES,244.198803,2615.97191,8.07782300000008
393000,4210000,CB5MH_MD,18.04462,1e+06,0.58,77.66,393000 4210000,5.5,Unsuitable,black,YES,244.198803,2615.97191,8.07782300000008
393000,4210000,CB5MH_MD,16.4042,1e+06,0.87,78.19,393000 4210000,5,Unsuitable,black,YES,244.198803,2615.97191,8.07782300000008
393000,4210000,CB5MH_MD,14.76378,1e+06,1.18,78.57,393000 4210000,4.5,Unsuitable,black,YES,244.198803,2615.97191,8.07782300000008
393000,4210000,CB5MH_MD,19.68504,1e+06,0.41,77.25,393000 4210000,6,Unsuitable,black,YES,244.198803,2615.97191,8.07782300000008
393000,4210000,CB5MH_MD,0,1e+06,7.4,82.4,393000 4210000,0,Suitable,dodgerblue,YES,244.198803,2615.97191,8.07782300000008
393000,4211000,CB5MH_MD,11.48294,1e+06,2.79,80.38,393000 4211000,3.5,Marginal,orange,YES,244.198803,2616.593281,8.69919399999981
393000,4211000,CB5MH_MD,39.37008,1e+06,0.2,76.3,393000 4211000,12,Unsuitable,black,YES,244.198803,2616.593281,8.69919399999981
393000,4211000,CB5MH_MD,9.84252,1e+06,4.86,81.86,393000 4211000,3,Suitable,dodgerblue,YES,244.198803,2616.593281,8.69919399999981
393000,4211000,CB5MH_MD,29.52756,1e+06,0.37,77.08,393000 4211000,9,Unsuitable,black,YES,244.198803,2616.593281,8.69919399999981
393000,4211000,CB5MH_MD,13.12336,1e+06,1.29,78.85,393000 4211000,4,Unsuitable,black,YES,244.198803,2616.593281,8.69919399999981
393000,4211000,CB5MH_MD,37.72966,1e+06,0.2,76.3,393000 4211000,11.5,Unsuitable,black,YES,244.198803,2616.593281,8.69919399999981
393000,4211000,CB5MH_MD,31.16798,1e+06,0.37,77.04,393000 4211000,9.5,Unsuitable,black,YES,244.198803,2616.593281,8.69919399999981
393000,4211000,CB5MH_MD,27.88714,1e+06,0.37,77.04,393000 4211000,8.5,Unsuitable,black,YES,244.198803,2616.593281,8.69919399999981
393000,4211000,CB5MH_MD,16.4042,1e+06,0.77,78.07,393000 4211000,5,Unsuitable,black,YES,244.198803,2616.593281,8.69919399999981
393000,4211000,CB5MH_MD,14.76378,1e+06,1.03,78.42,393000 4211000,4.5,Unsuitable,black,YES,244.198803,2616.593281,8.69919399999981
393000,4211000,CB5MH_MD,18.04462,1e+06,0.53,77.54,393000 4211000,5.5,Unsuitable,black,YES,244.198803,2616.593281,8.69919399999981
393000,4211000,CB5MH_MD,34.44882,1e+06,0.38,76.98,393000 4211000,10.5,Unsuitable,black,YES,244.198803,2616.593281,8.69919399999981
393000,4211000,CB5MH_MD,21.32546,1e+06,0.29,76.8,393000 4211000,6.5,Unsuitable,black,YES,244.198803,2616.593281,8.69919399999981
393000,4211000,CB5MH_MD,0,1e+06,7.39,82.44,393000 4211000,0,Tolerable,yellow,YES,244.198803,2616.593281,8.69919399999981
393000,4211000,CB5MH_MD,6.56168,1e+06,6.57,82.38,393000 4211000,2,Suitable,dodgerblue,YES,244.198803,2616.593281,8.69919399999981
393000,4211000,CB5MH_MD,36.08924,1e+06,0.39,76.98,393000 4211000,11,Unsuitable,black,YES,244.198803,2616.593281,8.69919399999981
393000,4211000,CB5MH_MD,32.8084,1e+06,0.37,76.98,393000 4211000,10,Unsuitable,black,YES,244.198803,2616.593281,8.69919399999981
393000,4211000,CB5MH_MD,3.28084,1e+06,7.1,82.33,393000 4211000,1,Suitable,dodgerblue,YES,244.198803,2616.593281,8.69919399999981
393000,4211000,CB5MH_MD,22.96588,1e+06,0.22,76.46,393000 4211000,7,Unsuitable,black,YES,244.198803,2616.593281,8.69919399999981
393000,4211000,CB5MH_MD,19.68504,1e+06,0.38,77.14,393000 4211000,6,Unsuitable,black,YES,244.198803,2616.593281,8.69919399999981
393000,4211000,CB5MH_MD,4.92126,1e+06,6.91,82.32,393000 4211000,1.5,Suitable,dodgerblue,YES,244.198803,2616.593281,8.69919399999981
393000,4211000,CB5MH_MD,26.24672,1e+06,0.27,76.52,393000 4211000,8,Unsuitable,black,YES,244.198803,2616.593281,8.69919399999981
393000,4211000,CB5MH_MD,1.64042,1e+06,7.26,82.41,393000 4211000,0.5,Tolerable,yellow,YES,244.198803,2616.593281,8.69919399999981
393000,4211000,CB5MH_MD,8.2021,1e+06,5.94,82.25,393000 4211000,2.5,Suitable,dodgerblue,YES,244.198803,2616.593281,8.69919399999981
393000,4211000,CB5MH_MD,24.6063,1e+06,0.22,76.45,393000 4211000,7.5,Unsuitable,black,YES,244.198803,2616.593281,8.69919399999981
393000,4212000,CB5MH_MD,16.4042,1e+06,0.69,77.98,393000 4212000,5,Unsuitable,black,YES,244.198803,2617.214652,9.32056499999999
393000,4212000,CB5MH_MD,3.28084,1e+06,7.11,82.37,393000 4212000,1,Suitable,dodgerblue,YES,244.198803,2617.214652,9.32056499999999
393000,4212000,CB5MH_MD,9.84252,1e+06,4.78,81.84,393000 4212000,3,Suitable,dodgerblue,YES,244.198803,2617.214652,9.32056499999999
393000,4212000,CB5MH_MD,14.76378,1e+06,0.9,78.27,393000 4212000,4.5,Unsuitable,black,YES,244.198803,2617.214652,9.32056499999999
393000,4212000,CB5MH_MD,26.24672,1e+06,0.25,76.49,393000 4212000,8,Unsuitable,black,YES,244.198803,2617.214652,9.32056499999999
393000,4212000,CB5MH_MD,1.64042,1e+06,7.27,82.45,393000 4212000,0.5,Tolerable,yellow,YES,244.198803,2617.214652,9.32056499999999
393000,4212000,CB5MH_MD,4.92126,1e+06,6.93,82.34,393000 4212000,1.5,Suitable,dodgerblue,YES,244.198803,2617.214652,9.32056499999999
393000,4212000,CB5MH_MD,22.96588,1e+06,0.2,76.38,393000 4212000,7,Unsuitable,black,YES,244.198803,2617.214652,9.32056499999999
393000,4212000,CB5MH_MD,36.08924,1e+06,0.36,76.84,393000 4212000,11,Unsuitable,black,YES,244.198803,2617.214652,9.32056499999999
393000,4212000,CB5MH_MD,29.52756,1e+06,0.34,76.96,393000 4212000,9,Unsuitable,black,YES,244.198803,2617.214652,9.32056499999999
393000,4212000,CB5MH_MD,21.32546,1e+06,0.27,76.72,393000 4212000,6.5,Unsuitable,black,YES,244.198803,2617.214652,9.32056499999999
393000,4212000,CB5MH_MD,32.8084,1e+06,0.34,76.84,393000 4212000,10,Unsuitable,black,YES,244.198803,2617.214652,9.32056499999999
393000,4212000,CB5MH_MD,18.04462,1e+06,0.48,77.43,393000 4212000,5.5,Unsuitable,black,YES,244.198803,2617.214652,9.32056499999999
393000,4212000,CB5MH_MD,13.12336,1e+06,1.12,78.68,393000 4212000,4,Unsuitable,black,YES,244.198803,2617.214652,9.32056499999999
393000,4212000,CB5MH_MD,11.48294,1e+06,2.62,80.28,393000 4212000,3.5,Marginal,orange,YES,244.198803,2617.214652,9.32056499999999
393000,4212000,CB5MH_MD,0,1e+06,7.39,82.49,393000 4212000,0,Tolerable,yellow,YES,244.198803,2617.214652,9.32056499999999
393000,4212000,CB5MH_MD,19.68504,1e+06,0.35,77.04,393000 4212000,6,Unsuitable,black,YES,244.198803,2617.214652,9.32056499999999
393000,4212000,CB5MH_MD,24.6063,1e+06,0.2,76.39,393000 4212000,7.5,Unsuitable,black,YES,244.198803,2617.214652,9.32056499999999
393000,4212000,CB5MH_MD,31.16798,1e+06,0.34,76.92,393000 4212000,9.5,Unsuitable,black,YES,244.198803,2617.214652,9.32056499999999
393000,4212000,CB5MH_MD,6.56168,1e+06,6.61,82.4,393000 4212000,2,Suitable,dodgerblue,YES,244.198803,2617.214652,9.32056499999999
393000,4212000,CB5MH_MD,8.2021,1e+06,5.96,82.27,393000 4212000,2.5,Suitable,dodgerblue,YES,244.198803,2617.214652,9.32056499999999
393000,4212000,CB5MH_MD,39.37008,1e+06,0.2,76.3,393000 4212000,12,Unsuitable,black,YES,244.198803,2617.214652,9.32056499999999
393000,4212000,CB5MH_MD,37.72966,1e+06,0.2,76.3,393000 4212000,11.5,Unsuitable,black,YES,244.198803,2617.214652,9.32056499999999
393000,4212000,CB5MH_MD,27.88714,1e+06,0.34,76.93,393000 4212000,8.5,Unsuitable,black,YES,244.198803,2617.214652,9.32056499999999
393000,4212000,CB5MH_MD,34.44882,1e+06,0.34,76.84,393000 4212000,10.5,Unsuitable,black,YES,244.198803,2617.214652,9.32056499999999
393000,4213000,CB5MH_MD,26.24672,1e+06,0.24,76.46,393000 4213000,8,Unsuitable,black,YES,244.198803,2617.836023,9.94193599999971
393000,4213000,CB5MH_MD,32.8084,1e+06,0.31,76.72,393000 4213000,10,Unsuitable,black,YES,244.198803,2617.836023,9.94193599999971
393000,4213000,CB5MH_MD,8.2021,1e+06,5.99,82.28,393000 4213000,2.5,Suitable,dodgerblue,YES,244.198803,2617.836023,9.94193599999971
393000,4213000,CB5MH_MD,27.88714,1e+06,0.31,76.84,393000 4213000,8.5,Unsuitable,black,YES,244.198803,2617.836023,9.94193599999971
393000,4213000,CB5MH_MD,22.96588,1e+06,0.18,76.3,393000 4213000,7,Unsuitable,black,YES,244.198803,2617.836023,9.94193599999971
393000,4213000,CB5MH_MD,19.68504,1e+06,0.32,76.94,393000 4213000,6,Unsuitable,black,YES,244.198803,2617.836023,9.94193599999971
393000,4213000,CB5MH_MD,6.56168,1e+06,6.66,82.42,393000 4213000,2,Tolerable,yellow,YES,244.198803,2617.836023,9.94193599999971
393000,4213000,CB5MH_MD,4.92126,1e+06,6.97,82.38,393000 4213000,1.5,Suitable,dodgerblue,YES,244.198803,2617.836023,9.94193599999971
393000,4213000,CB5MH_MD,1.64042,1e+06,7.28,82.5,393000 4213000,0.5,Tolerable,yellow,YES,244.198803,2617.836023,9.94193599999971
393000,4213000,CB5MH_MD,31.16798,1e+06,0.31,76.8,393000 4213000,9.5,Unsuitable,black,YES,244.198803,2617.836023,9.94193599999971
393000,4213000,CB5MH_MD,24.6063,1e+06,0.19,76.34,393000 4213000,7.5,Unsuitable,black,YES,244.198803,2617.836023,9.94193599999971
393000,4213000,CB5MH_MD,3.28084,1e+06,7.14,82.42,393000 4213000,1,Tolerable,yellow,YES,244.198803,2617.836023,9.94193599999971
393000,4213000,CB5MH_MD,21.32546,1e+06,0.25,76.63,393000 4213000,6.5,Unsuitable,black,YES,244.198803,2617.836023,9.94193599999971
393000,4213000,CB5MH_MD,37.72966,1e+06,0.2,76.3,393000 4213000,11.5,Unsuitable,black,YES,244.198803,2617.836023,9.94193599999971
393000,4213000,CB5MH_MD,34.44882,1e+06,0.31,76.72,393000 4213000,10.5,Unsuitable,black,YES,244.198803,2617.836023,9.94193599999971
393000,4213000,CB5MH_MD,0,1e+06,7.39,82.53,393000 4213000,0,Tolerable,yellow,YES,244.198803,2617.836023,9.94193599999971
393000,4213000,CB5MH_MD,41.0105,1e+06,0.2,76.2,393000 4213000,12.5,Unsuitable,black,YES,244.198803,2617.836023,9.94193599999971
393000,4213000,CB5MH_MD,36.08924,1e+06,0.32,76.72,393000 4213000,11,Unsuitable,black,YES,244.198803,2617.836023,9.94193599999971
393000,4213000,CB5MH_MD,29.52756,1e+06,0.31,76.86,393000 4213000,9,Unsuitable,black,YES,244.198803,2617.836023,9.94193599999971
393000,4213000,CB5MH_MD,13.12336,1e+06,0.95,78.5,393000 4213000,4,Unsuitable,black,YES,244.198803,2617.836023,9.94193599999971
393000,4213000,CB5MH_MD,14.76378,1e+06,0.78,78.14,393000 4213000,4.5,Unsuitable,black,YES,244.198803,2617.836023,9.94193599999971
393000,4213000,CB5MH_MD,39.37008,1e+06,0.2,76.3,393000 4213000,12,Unsuitable,black,YES,244.198803,2617.836023,9.94193599999971
393000,4213000,CB5MH_MD,18.04462,1e+06,0.44,77.33,393000 4213000,5.5,Unsuitable,black,YES,244.198803,2617.836023,9.94193599999971
393000,4213000,CB5MH_MD,11.48294,1e+06,2.45,80.19,393000 4213000,3.5,Marginal,orange,YES,244.198803,2617.836023,9.94193599999971
393000,4213000,CB5MH_MD,9.84252,1e+06,4.71,81.82,393000 4213000,3,Suitable,dodgerblue,YES,244.198803,2617.836023,9.94193599999971
393000,4213000,CB5MH_MD,16.4042,1e+06,0.62,77.9,393000 4213000,5,Unsuitable,black,YES,244.198803,2617.836023,9.94193599999971
393000,4214000,CB5MH_MD,16.4042,1e+06,0.55,77.83,393000 4214000,5,Unsuitable,black,YES,244.198803,2618.457394,10.5633069999999
393000,4214000,CB5MH_MD,26.24672,1e+06,0.22,76.44,393000 4214000,8,Unsuitable,black,YES,244.198803,2618.457394,10.5633069999999
393000,4214000,CB5MH_MD,36.08924,1e+06,0.29,76.62,393000 4214000,11,Unsuitable,black,YES,244.198803,2618.457394,10.5633069999999
393000,4214000,CB5MH_MD,24.6063,1e+06,0.17,76.29,393000 4214000,7.5,Unsuitable,black,YES,244.198803,2618.457394,10.5633069999999
393000,4214000,CB5MH_MD,32.8084,1e+06,0.28,76.62,393000 4214000,10,Unsuitable,black,YES,244.198803,2618.457394,10.5633069999999
393000,4214000,CB5MH_MD,19.68504,1e+06,0.29,76.86,393000 4214000,6,Unsuitable,black,YES,244.198803,2618.457394,10.5633069999999
393000,4214000,CB5MH_MD,27.88714,1e+06,0.28,76.75,393000 4214000,8.5,Unsuitable,black,YES,244.198803,2618.457394,10.5633069999999
393000,4214000,CB5MH_MD,13.12336,1e+06,0.78,78.33,393000 4214000,4,Unsuitable,black,YES,244.198803,2618.457394,10.5633069999999
393000,4214000,CB5MH_MD,34.44882,1e+06,0.28,76.62,393000 4214000,10.5,Unsuitable,black,YES,244.198803,2618.457394,10.5633069999999
393000,4214000,CB5MH_MD,29.52756,1e+06,0.28,76.77,393000 4214000,9,Unsuitable,black,YES,244.198803,2618.457394,10.5633069999999
393000,4214000,CB5MH_MD,14.76378,1e+06,0.66,78.01,393000 4214000,4.5,Unsuitable,black,YES,244.198803,2618.457394,10.5633069999999
393000,4214000,CB5MH_MD,18.04462,1e+06,0.4,77.24,393000 4214000,5.5,Unsuitable,black,YES,244.198803,2618.457394,10.5633069999999
393000,4214000,CB5MH_MD,11.48294,1e+06,2.29,80.1,393000 4214000,3.5,Marginal,orange,YES,244.198803,2618.457394,10.5633069999999
393000,4214000,CB5MH_MD,4.92126,1e+06,7.01,82.42,393000 4214000,1.5,Tolerable,yellow,YES,244.198803,2618.457394,10.5633069999999
393000,4214000,CB5MH_MD,37.72966,1e+06,0.2,76.3,393000 4214000,11.5,Unsuitable,black,YES,244.198803,2618.457394,10.5633069999999
393000,4214000,CB5MH_MD,21.32546,1e+06,0.23,76.55,393000 4214000,6.5,Unsuitable,black,YES,244.198803,2618.457394,10.5633069999999
393000,4214000,CB5MH_MD,6.56168,1e+06,6.72,82.45,393000 4214000,2,Tolerable,yellow,YES,244.198803,2618.457394,10.5633069999999
393000,4214000,CB5MH_MD,22.96588,1e+06,0.17,76.22,393000 4214000,7,Unsuitable,black,YES,244.198803,2618.457394,10.5633069999999
393000,4214000,CB5MH_MD,31.16798,1e+06,0.28,76.7,393000 4214000,9.5,Unsuitable,black,YES,244.198803,2618.457394,10.5633069999999
393000,4214000,CB5MH_MD,8.2021,1e+06,6.03,82.3,393000 4214000,2.5,Suitable,dodgerblue,YES,244.198803,2618.457394,10.5633069999999
393000,4214000,CB5MH_MD,0,1e+06,7.39,82.58,393000 4214000,0,Tolerable,yellow,YES,244.198803,2618.457394,10.5633069999999
393000,4214000,CB5MH_MD,39.37008,1e+06,0.2,76.3,393000 4214000,12,Unsuitable,black,YES,244.198803,2618.457394,10.5633069999999
393000,4214000,CB5MH_MD,9.84252,1e+06,4.63,81.8,393000 4214000,3,Suitable,dodgerblue,YES,244.198803,2618.457394,10.5633069999999
393000,4214000,CB5MH_MD,3.28084,1e+06,7.17,82.47,393000 4214000,1,Tolerable,yellow,YES,244.198803,2618.457394,10.5633069999999
393000,4214000,CB5MH_MD,1.64042,1e+06,7.3,82.56,393000 4214000,0.5,Tolerable,yellow,YES,244.198803,2618.457394,10.5633069999999
393000,4215000,CB5MH_MD,29.52756,1e+06,0.26,76.69,393000 4215000,9,Unsuitable,black,YES,244.198803,2619.078765,11.1846780000001
393000,4215000,CB5MH_MD,24.6063,1e+06,0.15,76.24,393000 4215000,7.5,Unsuitable,black,YES,244.198803,2619.078765,11.1846780000001
393000,4215000,CB5MH_MD,27.88714,1e+06,0.26,76.68,393000 4215000,8.5,Unsuitable,black,YES,244.198803,2619.078765,11.1846780000001
393000,4215000,CB5MH_MD,34.44882,1e+06,0.26,76.53,393000 4215000,10.5,Unsuitable,black,YES,244.198803,2619.078765,11.1846780000001
393000,4215000,CB5MH_MD,21.32546,1e+06,0.21,76.47,393000 4215000,6.5,Unsuitable,black,YES,244.198803,2619.078765,11.1846780000001
393000,4215000,CB5MH_MD,26.24672,1e+06,0.2,76.43,393000 4215000,8,Unsuitable,black,YES,244.198803,2619.078765,11.1846780000001
393000,4215000,CB5MH_MD,16.4042,1e+06,0.49,77.77,393000 4215000,5,Unsuitable,black,YES,244.198803,2619.078765,11.1846780000001
393000,4215000,CB5MH_MD,32.8084,1e+06,0.26,76.53,393000 4215000,10,Unsuitable,black,YES,244.198803,2619.078765,11.1846780000001
393000,4215000,CB5MH_MD,31.16798,1e+06,0.26,76.62,393000 4215000,9.5,Unsuitable,black,YES,244.198803,2619.078765,11.1846780000001
393000,4215000,CB5MH_MD,1.64042,1e+06,7.32,82.61,393000 4215000,0.5,Tolerable,yellow,YES,244.198803,2619.078765,11.1846780000001
393000,4215000,CB5MH_MD,13.12336,1e+06,0.63,78.17,393000 4215000,4,Unsuitable,black,YES,244.198803,2619.078765,11.1846780000001
393000,4215000,CB5MH_MD,22.96588,1e+06,0.15,76.15,393000 4215000,7,Unsuitable,black,YES,244.198803,2619.078765,11.1846780000001
393000,4215000,CB5MH_MD,19.68504,1e+06,0.27,76.77,393000 4215000,6,Unsuitable,black,YES,244.198803,2619.078765,11.1846780000001
393000,4215000,CB5MH_MD,14.76378,1e+06,0.56,77.89,393000 4215000,4.5,Unsuitable,black,YES,244.198803,2619.078765,11.1846780000001
393000,4215000,CB5MH_MD,11.48294,1e+06,2.12,80.01,393000 4215000,3.5,Marginal,orange,YES,244.198803,2619.078765,11.1846780000001
393000,4215000,CB5MH_MD,9.84252,1e+06,4.56,81.78,393000 4215000,3,Suitable,dodgerblue,YES,244.198803,2619.078765,11.1846780000001
393000,4215000,CB5MH_MD,4.92126,1e+06,7.06,82.45,393000 4215000,1.5,Tolerable,yellow,YES,244.198803,2619.078765,11.1846780000001
393000,4215000,CB5MH_MD,18.04462,1e+06,0.36,77.16,393000 4215000,5.5,Unsuitable,black,YES,244.198803,2619.078765,11.1846780000001
393000,4215000,CB5MH_MD,8.2021,1e+06,6.07,82.32,393000 4215000,2.5,Suitable,dodgerblue,YES,244.198803,2619.078765,11.1846780000001
393000,4215000,CB5MH_MD,6.56168,1e+06,6.79,82.48,393000 4215000,2,Tolerable,yellow,YES,244.198803,2619.078765,11.1846780000001
393000,4215000,CB5MH_MD,3.28084,1e+06,7.2,82.52,393000 4215000,1,Tolerable,yellow,YES,244.198803,2619.078765,11.1846780000001
393000,4215000,CB5MH_MD,0,1e+06,7.39,82.63,393000 4215000,0,Tolerable,yellow,YES,244.198803,2619.078765,11.1846780000001
393000,4218000,CB5MH_MD,14.76378,1e+06,0.33,77.61,393000 4218000,4.5,Unsuitable,black,YES,244.198803,2620.942878,13.0487909999997
393000,4218000,CB5MH_MD,13.12336,1e+06,0.33,77.83,393000 4218000,4,Unsuitable,black,YES,244.198803,2620.942878,13.0487909999997
393000,4218000,CB5MH_MD,21.32546,1e+06,0.17,76.23,393000 4218000,6.5,Unsuitable,black,YES,244.198803,2620.942878,13.0487909999997
393000,4218000,CB5MH_MD,32.8084,1e+06,0.22,76.29,393000 4218000,10,Unsuitable,black,YES,244.198803,2620.942878,13.0487909999997
393000,4218000,CB5MH_MD,11.48294,1e+06,1.8,79.84,393000 4218000,3.5,Unsuitable,black,YES,244.198803,2620.942878,13.0487909999997
393000,4218000,CB5MH_MD,9.84252,1e+06,4.41,81.73,393000 4218000,3,Suitable,dodgerblue,YES,244.198803,2620.942878,13.0487909999997
393000,4218000,CB5MH_MD,1.64042,1e+06,7.38,82.75,393000 4218000,0.5,Tolerable,yellow,YES,244.198803,2620.942878,13.0487909999997
393000,4218000,CB5MH_MD,31.16798,1e+06,0.22,76.39,393000 4218000,9.5,Unsuitable,black,YES,244.198803,2620.942878,13.0487909999997
393000,4218000,CB5MH_MD,24.6063,1e+06,0.12,76.09,393000 4218000,7.5,Unsuitable,black,YES,244.198803,2620.942878,13.0487909999997
393000,4218000,CB5MH_MD,18.04462,1e+06,0.28,76.91,393000 4218000,5.5,Unsuitable,black,YES,244.198803,2620.942878,13.0487909999997
393000,4218000,CB5MH_MD,34.44882,1e+06,0.22,76.29,393000 4218000,10.5,Unsuitable,black,YES,244.198803,2620.942878,13.0487909999997
393000,4218000,CB5MH_MD,26.24672,1e+06,0.17,76.34,393000 4218000,8,Unsuitable,black,YES,244.198803,2620.942878,13.0487909999997
393000,4218000,CB5MH_MD,16.4042,1e+06,0.36,77.59,393000 4218000,5,Unsuitable,black,YES,244.198803,2620.942878,13.0487909999997
393000,4218000,CB5MH_MD,22.96588,1e+06,0.12,75.93,393000 4218000,7,Unsuitable,black,YES,244.198803,2620.942878,13.0487909999997
393000,4218000,CB5MH_MD,0,1e+06,7.41,82.75,393000 4218000,0,Tolerable,yellow,YES,244.198803,2620.942878,13.0487909999997
393000,4218000,CB5MH_MD,36.08924,1e+06,0.22,76.3,393000 4218000,11,Unsuitable,black,YES,244.198803,2620.942878,13.0487909999997
393000,4218000,CB5MH_MD,27.88714,1e+06,0.22,76.48,393000 4218000,8.5,Unsuitable,black,YES,244.198803,2620.942878,13.0487909999997
393000,4218000,CB5MH_MD,6.56168,1e+06,6.96,82.56,393000 4218000,2,Tolerable,yellow,YES,244.198803,2620.942878,13.0487909999997
393000,4218000,CB5MH_MD,37.72966,1e+06,0.21,76.24,393000 4218000,11.5,Unsuitable,black,YES,244.198803,2620.942878,13.0487909999997
393000,4218000,CB5MH_MD,4.92126,1e+06,7.19,82.56,393000 4218000,1.5,Tolerable,yellow,YES,244.198803,2620.942878,13.0487909999997
393000,4218000,CB5MH_MD,8.2021,1e+06,6.19,82.37,393000 4218000,2.5,Suitable,dodgerblue,YES,244.198803,2620.942878,13.0487909999997
393000,4218000,CB5MH_MD,19.68504,1e+06,0.22,76.52,393000 4218000,6,Unsuitable,black,YES,244.198803,2620.942878,13.0487909999997
393000,4218000,CB5MH_MD,29.52756,1e+06,0.22,76.48,393000 4218000,9,Unsuitable,black,YES,244.198803,2620.942878,13.0487909999997
393000,4218000,CB5MH_MD,3.28084,1e+06,7.31,82.65,393000 4218000,1,Tolerable,yellow,YES,244.198803,2620.942878,13.0487909999997
393000,4219000,CB5MH_MD,45.93176,1e+06,0.7,73.4,393000 4219000,14,Unsuitable,black,YES,244.198803,2621.564249,13.6701619999999
393000,4219000,CB5MH_MD,19.68504,1e+06,0.21,76.51,393000 4219000,6,Unsuitable,black,YES,244.198803,2621.564249,13.6701619999999
393000,4219000,CB5MH_MD,21.32546,1e+06,0.16,76.21,393000 4219000,6.5,Unsuitable,black,YES,244.198803,2621.564249,13.6701619999999
393000,4219000,CB5MH_MD,11.48294,1e+06,1.69,79.78,393000 4219000,3.5,Unsuitable,black,YES,244.198803,2621.564249,13.6701619999999
393000,4219000,CB5MH_MD,6.56168,1e+06,7,82.58,393000 4219000,2,Tolerable,yellow,YES,244.198803,2621.564249,13.6701619999999
393000,4219000,CB5MH_MD,41.0105,1e+06,0.21,76.16,393000 4219000,12.5,Unsuitable,black,YES,244.198803,2621.564249,13.6701619999999
393000,4219000,CB5MH_MD,57.4147,1e+06,1,73.4,393000 4219000,17.5,Unsuitable,black,YES,244.198803,2621.564249,13.6701619999999
393000,4219000,CB5MH_MD,44.29134,1e+06,0.21,75.87,393000 4219000,13.5,Unsuitable,black,YES,244.198803,2621.564249,13.6701619999999
393000,4219000,CB5MH_MD,18.04462,1e+06,0.27,76.9,393000 4219000,5.5,Unsuitable,black,YES,244.198803,2621.564249,13.6701619999999
393000,4219000,CB5MH_MD,47.57218,1e+06,0.77,73.4,393000 4219000,14.5,Unsuitable,black,YES,244.198803,2621.564249,13.6701619999999
393000,4219000,CB5MH_MD,39.37008,1e+06,0.21,76.26,393000 4219000,12,Unsuitable,black,YES,244.198803,2621.564249,13.6701619999999
393000,4219000,CB5MH_MD,29.52756,1e+06,0.21,76.48,393000 4219000,9,Unsuitable,black,YES,244.198803,2621.564249,13.6701619999999
393000,4219000,CB5MH_MD,9.84252,1e+06,4.36,81.72,393000 4219000,3,Suitable,dodgerblue,YES,244.198803,2621.564249,13.6701619999999
393000,4219000,CB5MH_MD,4.92126,1e+06,7.22,82.58,393000 4219000,1.5,Tolerable,yellow,YES,244.198803,2621.564249,13.6701619999999
393000,4219000,CB5MH_MD,8.2021,1e+06,6.22,82.39,393000 4219000,2.5,Suitable,dodgerblue,YES,244.198803,2621.564249,13.6701619999999
393000,4219000,CB5MH_MD,49.2126,1e+06,0.93,73.4,393000 4219000,15,Unsuitable,black,YES,244.198803,2621.564249,13.6701619999999
393000,4219000,CB5MH_MD,54.13386,1e+06,1,73.4,393000 4219000,16.5,Unsuitable,black,YES,244.198803,2621.564249,13.6701619999999
393000,4219000,CB5MH_MD,55.77428,1e+06,1,73.4,393000 4219000,17,Unsuitable,black,YES,244.198803,2621.564249,13.6701619999999
393000,4219000,CB5MH_MD,42.65092,1e+06,0.21,75.96,393000 4219000,13,Unsuitable,black,YES,244.198803,2621.564249,13.6701619999999
393000,4219000,CB5MH_MD,14.76378,1e+06,0.27,77.56,393000 4219000,4.5,Unsuitable,black,YES,244.198803,2621.564249,13.6701619999999
393000,4219000,CB5MH_MD,32.8084,1e+06,0.21,76.29,393000 4219000,10,Unsuitable,black,YES,244.198803,2621.564249,13.6701619999999
393000,4219000,CB5MH_MD,24.6063,1e+06,0.11,76.09,393000 4219000,7.5,Unsuitable,black,YES,244.198803,2621.564249,13.6701619999999
393000,4219000,CB5MH_MD,3.28084,1e+06,7.33,82.67,393000 4219000,1,Tolerable,yellow,YES,244.198803,2621.564249,13.6701619999999
393000,4219000,CB5MH_MD,22.96588,1e+06,0.11,75.91,393000 4219000,7,Unsuitable,black,YES,244.198803,2621.564249,13.6701619999999
393000,4219000,CB5MH_MD,36.08924,1e+06,0.21,76.29,393000 4219000,11,Unsuitable,black,YES,244.198803,2621.564249,13.6701619999999
393000,4219000,CB5MH_MD,13.12336,1e+06,0.23,77.73,393000 4219000,4,Unsuitable,black,YES,244.198803,2621.564249,13.6701619999999
393000,4219000,CB5MH_MD,37.72966,1e+06,0.2,76.26,393000 4219000,11.5,Unsuitable,black,YES,244.198803,2621.564249,13.6701619999999
393000,4219000,CB5MH_MD,0,1e+06,7.4,82.78,393000 4219000,0,Tolerable,yellow,YES,244.198803,2621.564249,13.6701619999999
393000,4219000,CB5MH_MD,52.49344,1e+06,1,73.4,393000 4219000,16,Unsuitable,black,YES,244.198803,2621.564249,13.6701619999999
393000,4219000,CB5MH_MD,50.85302,1e+06,1,73.4,393000 4219000,15.5,Unsuitable,black,YES,244.198803,2621.564249,13.6701619999999
393000,4219000,CB5MH_MD,16.4042,1e+06,0.33,77.59,393000 4219000,5,Unsuitable,black,YES,244.198803,2621.564249,13.6701619999999
393000,4219000,CB5MH_MD,27.88714,1e+06,0.21,76.48,393000 4219000,8.5,Unsuitable,black,YES,244.198803,2621.564249,13.6701619999999
393000,4219000,CB5MH_MD,26.24672,1e+06,0.16,76.36,393000 4219000,8,Unsuitable,black,YES,244.198803,2621.564249,13.6701619999999
393000,4219000,CB5MH_MD,1.64042,1e+06,7.39,82.77,393000 4219000,0.5,Tolerable,yellow,YES,244.198803,2621.564249,13.6701619999999
393000,4219000,CB5MH_MD,34.44882,1e+06,0.21,76.29,393000 4219000,10.5,Unsuitable,black,YES,244.198803,2621.564249,13.6701619999999
393000,4219000,CB5MH_MD,31.16798,1e+06,0.21,76.39,393000 4219000,9.5,Unsuitable,black,YES,244.198803,2621.564249,13.6701619999999
393000,4220000,CB5MH_MD,8.2021,1e+06,6.24,82.39,393000 4220000,2.5,Suitable,dodgerblue,YES,244.198803,2622.18562,14.2915330000001
393000,4220000,CB5MH_MD,13.12336,1e+06,0.16,77.65,393000 4220000,4,Unsuitable,black,YES,244.198803,2622.18562,14.2915330000001
393000,4220000,CB5MH_MD,32.8084,1e+06,0.2,76.29,393000 4220000,10,Unsuitable,black,YES,244.198803,2622.18562,14.2915330000001
393000,4220000,CB5MH_MD,11.48294,1e+06,1.61,79.73,393000 4220000,3.5,Unsuitable,black,YES,244.198803,2622.18562,14.2915330000001
393000,4220000,CB5MH_MD,4.92126,1e+06,7.24,82.59,393000 4220000,1.5,Tolerable,yellow,YES,244.198803,2622.18562,14.2915330000001
393000,4220000,CB5MH_MD,31.16798,1e+06,0.2,76.39,393000 4220000,9.5,Unsuitable,black,YES,244.198803,2622.18562,14.2915330000001
393000,4220000,CB5MH_MD,34.44882,1e+06,0.2,76.29,393000 4220000,10.5,Unsuitable,black,YES,244.198803,2622.18562,14.2915330000001
393000,4220000,CB5MH_MD,36.08924,1e+06,0.21,76.29,393000 4220000,11,Unsuitable,black,YES,244.198803,2622.18562,14.2915330000001
393000,4220000,CB5MH_MD,41.0105,1e+06,0.2,76.18,393000 4220000,12.5,Unsuitable,black,YES,244.198803,2622.18562,14.2915330000001
393000,4220000,CB5MH_MD,0,1e+06,7.4,82.79,393000 4220000,0,Tolerable,yellow,YES,244.198803,2622.18562,14.2915330000001
393000,4220000,CB5MH_MD,9.84252,1e+06,4.33,81.71,393000 4220000,3,Suitable,dodgerblue,YES,244.198803,2622.18562,14.2915330000001
393000,4220000,CB5MH_MD,1.64042,1e+06,7.4,82.79,393000 4220000,0.5,Tolerable,yellow,YES,244.198803,2622.18562,14.2915330000001
393000,4220000,CB5MH_MD,21.32546,1e+06,0.15,76.2,393000 4220000,6.5,Unsuitable,black,YES,244.198803,2622.18562,14.2915330000001
393000,4220000,CB5MH_MD,18.04462,1e+06,0.26,76.9,393000 4220000,5.5,Unsuitable,black,YES,244.198803,2622.18562,14.2915330000001
393000,4220000,CB5MH_MD,24.6063,1e+06,0.11,76.09,393000 4220000,7.5,Unsuitable,black,YES,244.198803,2622.18562,14.2915330000001
393000,4220000,CB5MH_MD,3.28084,1e+06,7.34,82.69,393000 4220000,1,Tolerable,yellow,YES,244.198803,2622.18562,14.2915330000001
393000,4220000,CB5MH_MD,6.56168,1e+06,7.03,82.59,393000 4220000,2,Tolerable,yellow,YES,244.198803,2622.18562,14.2915330000001
393000,4220000,CB5MH_MD,39.37008,1e+06,0.2,76.28,393000 4220000,12,Unsuitable,black,YES,244.198803,2622.18562,14.2915330000001
393000,4220000,CB5MH_MD,16.4042,1e+06,0.31,77.59,393000 4220000,5,Unsuitable,black,YES,244.198803,2622.18562,14.2915330000001
393000,4220000,CB5MH_MD,22.96588,1e+06,0.1,75.9,393000 4220000,7,Unsuitable,black,YES,244.198803,2622.18562,14.2915330000001
393000,4220000,CB5MH_MD,14.76378,1e+06,0.23,77.52,393000 4220000,4.5,Unsuitable,black,YES,244.198803,2622.18562,14.2915330000001
393000,4220000,CB5MH_MD,19.68504,1e+06,0.21,76.5,393000 4220000,6,Unsuitable,black,YES,244.198803,2622.18562,14.2915330000001
393000,4220000,CB5MH_MD,26.24672,1e+06,0.15,76.38,393000 4220000,8,Unsuitable,black,YES,244.198803,2622.18562,14.2915330000001
393000,4220000,CB5MH_MD,29.52756,1e+06,0.2,76.49,393000 4220000,9,Unsuitable,black,YES,244.198803,2622.18562,14.2915330000001
393000,4220000,CB5MH_MD,37.72966,1e+06,0.2,76.28,393000 4220000,11.5,Unsuitable,black,YES,244.198803,2622.18562,14.2915330000001
393000,4220000,CB5MH_MD,27.88714,1e+06,0.2,76.49,393000 4220000,8.5,Unsuitable,black,YES,244.198803,2622.18562,14.2915330000001
393000,4343000,CB2OH,11.48294,1e+06,4.19,81.92,393000 4343000,3.5,Suitable,dodgerblue,YES,244.198803,2698.614253,90.7201660000001
393000,4343000,CB2OH,4.92126,1e+06,5.94,82.42,393000 4343000,1.5,Tolerable,yellow,YES,244.198803,2698.614253,90.7201660000001
393000,4343000,CB2OH,13.12336,1e+06,2.9,80.86,393000 4343000,4,Marginal,orange,YES,244.198803,2698.614253,90.7201660000001
393000,4343000,CB2OH,8.2021,1e+06,5.13,82.2,393000 4343000,2.5,Suitable,dodgerblue,YES,244.198803,2698.614253,90.7201660000001
393000,4343000,CB2OH,3.28084,1e+06,6.13,82.47,393000 4343000,1,Tolerable,yellow,YES,244.198803,2698.614253,90.7201660000001
393000,4343000,CB2OH,1.64042,1e+06,6.33,82.47,393000 4343000,0.5,Tolerable,yellow,YES,244.198803,2698.614253,90.7201660000001
393000,4343000,CB2OH,9.84252,1e+06,4.78,82.16,393000 4343000,3,Suitable,dodgerblue,YES,244.198803,2698.614253,90.7201660000001
393000,4343000,CB2OH,6.56168,1e+06,5.57,82.31,393000 4343000,2,Suitable,dodgerblue,YES,244.198803,2698.614253,90.7201660000001
393000,4343000,CB2OH,0,1e+06,6.44,82.47,393000 4343000,0,Tolerable,yellow,YES,244.198803,2698.614253,90.7201660000001
393000,4344000,CB2OH,3.28084,1e+06,6.1,82.42,393000 4344000,1,Tolerable,yellow,YES,244.198803,2699.235624,91.3415369999998
393000,4344000,CB2OH,1.64042,1e+06,6.31,82.42,393000 4344000,0.5,Tolerable,yellow,YES,244.198803,2699.235624,91.3415369999998
393000,4344000,CB2OH,4.92126,1e+06,5.91,82.41,393000 4344000,1.5,Tolerable,yellow,YES,244.198803,2699.235624,91.3415369999998
393000,4344000,CB2OH,11.48294,1e+06,4.24,81.98,393000 4344000,3.5,Suitable,dodgerblue,YES,244.198803,2699.235624,91.3415369999998
393000,4344000,CB2OH,8.2021,1e+06,5.11,82.2,393000 4344000,2.5,Suitable,dodgerblue,YES,244.198803,2699.235624,91.3415369999998
393000,4344000,CB2OH,9.84252,1e+06,4.8,82.19,393000 4344000,3,Suitable,dodgerblue,YES,244.198803,2699.235624,91.3415369999998
393000,4344000,CB2OH,6.56168,1e+06,5.56,82.3,393000 4344000,2,Suitable,dodgerblue,YES,244.198803,2699.235624,91.3415369999998
393000,4344000,CB2OH,0,1e+06,6.41,82.42,393000 4344000,0,Tolerable,yellow,YES,244.198803,2699.235624,91.3415369999998
393000,4345000,CB2OH,9.84252,1e+06,4.8,82.2,393000 4345000,3,Suitable,dodgerblue,YES,244.198803,2699.856995,91.962908
393000,4345000,CB2OH,8.2021,1e+06,5.1,82.2,393000 4345000,2.5,Suitable,dodgerblue,YES,244.198803,2699.856995,91.962908
393000,4345000,CB2OH,4.92126,1e+06,5.9,82.4,393000 4345000,1.5,Suitable,dodgerblue,YES,244.198803,2699.856995,91.962908
393000,4345000,CB2OH,6.56168,1e+06,5.55,82.3,393000 4345000,2,Suitable,dodgerblue,YES,244.198803,2699.856995,91.962908
393000,4345000,CB2OH,1.64042,1e+06,6.3,82.4,393000 4345000,0.5,Suitable,dodgerblue,YES,244.198803,2699.856995,91.962908
393000,4345000,CB2OH,3.28084,1e+06,6.1,82.4,393000 4345000,1,Suitable,dodgerblue,YES,244.198803,2699.856995,91.962908
393000,4345000,CB2OH,0,1e+06,6.4,82.4,393000 4345000,0,Suitable,dodgerblue,YES,244.198803,2699.856995,91.962908
393000,4351000,CB2OH,1.64042,1e+06,5.99,83.25,393000 4351000,0.5,Tolerable,yellow,YES,244.198803,2703.585221,95.6911340000002
393000,4351000,CB2OH,4.92126,1e+06,5.9,82.66,393000 4351000,1.5,Tolerable,yellow,YES,244.198803,2703.585221,95.6911340000002
393000,4351000,CB2OH,14.76378,1e+06,1.39,78.85,393000 4351000,4.5,Unsuitable,black,YES,244.198803,2703.585221,95.6911340000002
393000,4351000,CB2OH,18.04462,1e+06,0.8,77.6,393000 4351000,5.5,Unsuitable,black,YES,244.198803,2703.585221,95.6911340000002
393000,4351000,CB2OH,16.4042,1e+06,0.8,77.9,393000 4351000,5,Unsuitable,black,YES,244.198803,2703.585221,95.6911340000002
393000,4351000,CB2OH,6.56168,1e+06,5.65,82.57,393000 4351000,2,Tolerable,yellow,YES,244.198803,2703.585221,95.6911340000002
393000,4351000,CB2OH,11.48294,1e+06,4.5,82.16,393000 4351000,3.5,Suitable,dodgerblue,YES,244.198803,2703.585221,95.6911340000002
393000,4351000,CB2OH,3.28084,1e+06,5.95,82.91,393000 4351000,1,Tolerable,yellow,YES,244.198803,2703.585221,95.6911340000002
393000,4351000,CB2OH,0,1e+06,6.05,83.4,393000 4351000,0,Tolerable,yellow,YES,244.198803,2703.585221,95.6911340000002
393000,4351000,CB2OH,8.2021,1e+06,5.29,82.43,393000 4351000,2.5,Tolerable,yellow,YES,244.198803,2703.585221,95.6911340000002
393000,4351000,CB2OH,13.12336,1e+06,3.62,81.44,393000 4351000,4,Tolerable,yellow,YES,244.198803,2703.585221,95.6911340000002
393000,4351000,CB2OH,9.84252,1e+06,4.97,82.36,393000 4351000,3,Suitable,dodgerblue,YES,244.198803,2703.585221,95.6911340000002
394000,4207000,CB5MH_MD,22.96588,1e+06,0.34,77.23,394000 4207000,7,Unsuitable,black,YES,244.820174,2614.107797,6.21370999999999
394000,4207000,CB5MH_MD,24.6063,1e+06,0.35,77.18,394000 4207000,7.5,Unsuitable,black,YES,244.820174,2614.107797,6.21370999999999
394000,4207000,CB5MH_MD,16.4042,1e+06,1.26,78.99,394000 4207000,5,Unsuitable,black,YES,244.820174,2614.107797,6.21370999999999
394000,4207000,CB5MH_MD,21.32546,1e+06,0.45,77.59,394000 4207000,6.5,Unsuitable,black,YES,244.820174,2614.107797,6.21370999999999
394000,4207000,CB5MH_MD,19.68504,1e+06,0.58,77.99,394000 4207000,6,Unsuitable,black,YES,244.820174,2614.107797,6.21370999999999
394000,4207000,CB5MH_MD,14.76378,1e+06,1.75,79.43,394000 4207000,4.5,Unsuitable,black,YES,244.820174,2614.107797,6.21370999999999
394000,4207000,CB5MH_MD,26.24672,1e+06,0.4,77.22,394000 4207000,8,Unsuitable,black,YES,244.820174,2614.107797,6.21370999999999
394000,4207000,CB5MH_MD,27.88714,1e+06,0.53,77.92,394000 4207000,8.5,Unsuitable,black,YES,244.820174,2614.107797,6.21370999999999
394000,4207000,CB5MH_MD,36.08924,1e+06,0.64,78.01,394000 4207000,11,Unsuitable,black,YES,244.820174,2614.107797,6.21370999999999
394000,4207000,CB5MH_MD,34.44882,1e+06,0.6,78,394000 4207000,10.5,Unsuitable,black,YES,244.820174,2614.107797,6.21370999999999
394000,4207000,CB5MH_MD,39.37008,1e+06,0.56,77.66,394000 4207000,12,Unsuitable,black,YES,244.820174,2614.107797,6.21370999999999
394000,4207000,CB5MH_MD,8.2021,1e+06,5.9,82.36,394000 4207000,2.5,Suitable,dodgerblue,YES,244.820174,2614.107797,6.21370999999999
394000,4207000,CB5MH_MD,32.8084,1e+06,0.57,78,394000 4207000,10,Unsuitable,black,YES,244.820174,2614.107797,6.21370999999999
394000,4207000,CB5MH_MD,31.16798,1e+06,0.56,78.03,394000 4207000,9.5,Unsuitable,black,YES,244.820174,2614.107797,6.21370999999999
394000,4207000,CB5MH_MD,37.72966,1e+06,0.51,77.63,394000 4207000,11.5,Unsuitable,black,YES,244.820174,2614.107797,6.21370999999999
394000,4207000,CB5MH_MD,18.04462,1e+06,0.83,78.46,394000 4207000,5.5,Unsuitable,black,YES,244.820174,2614.107797,6.21370999999999
394000,4207000,CB5MH_MD,29.52756,1e+06,0.55,77.99,394000 4207000,9,Unsuitable,black,YES,244.820174,2614.107797,6.21370999999999
394000,4207000,CB5MH_MD,6.56168,1e+06,6.61,82.58,394000 4207000,2,Tolerable,yellow,YES,244.820174,2614.107797,6.21370999999999
394000,4207000,CB5MH_MD,1.64042,1e+06,7.17,82.53,394000 4207000,0.5,Tolerable,yellow,YES,244.820174,2614.107797,6.21370999999999
394000,4207000,CB5MH_MD,9.84252,1e+06,4.89,81.91,394000 4207000,3,Suitable,dodgerblue,YES,244.820174,2614.107797,6.21370999999999
394000,4207000,CB5MH_MD,13.12336,1e+06,2.21,79.9,394000 4207000,4,Marginal,orange,YES,244.820174,2614.107797,6.21370999999999
394000,4207000,CB5MH_MD,11.48294,1e+06,3.41,80.92,394000 4207000,3.5,Tolerable,yellow,YES,244.820174,2614.107797,6.21370999999999
394000,4207000,CB5MH_MD,4.92126,1e+06,6.95,82.46,394000 4207000,1.5,Tolerable,yellow,YES,244.820174,2614.107797,6.21370999999999
394000,4207000,CB5MH_MD,0,1e+06,7.3,82.56,394000 4207000,0,Tolerable,yellow,YES,244.820174,2614.107797,6.21370999999999
394000,4207000,CB5MH_MD,3.28084,1e+06,6.99,82.45,394000 4207000,1,Tolerable,yellow,YES,244.820174,2614.107797,6.21370999999999
394000,4208000,CB5MH_MD,6.56168,1e+06,6.58,82.56,394000 4208000,2,Tolerable,yellow,YES,244.820174,2614.729168,6.83508099999972
394000,4208000,CB5MH_MD,37.72966,1e+06,0.46,77.43,394000 4208000,11.5,Unsuitable,black,YES,244.820174,2614.729168,6.83508099999972
394000,4208000,CB5MH_MD,29.52756,1e+06,0.51,77.87,394000 4208000,9,Unsuitable,black,YES,244.820174,2614.729168,6.83508099999972
394000,4208000,CB5MH_MD,39.37008,1e+06,0.51,77.45,394000 4208000,12,Unsuitable,black,YES,244.820174,2614.729168,6.83508099999972
394000,4208000,CB5MH_MD,34.44882,1e+06,0.56,77.86,394000 4208000,10.5,Unsuitable,black,YES,244.820174,2614.729168,6.83508099999972
394000,4208000,CB5MH_MD,4.92126,1e+06,6.93,82.46,394000 4208000,1.5,Tolerable,yellow,YES,244.820174,2614.729168,6.83508099999972
394000,4208000,CB5MH_MD,21.32546,1e+06,0.41,77.45,394000 4208000,6.5,Unsuitable,black,YES,244.820174,2614.729168,6.83508099999972
394000,4208000,CB5MH_MD,22.96588,1e+06,0.32,77.1,394000 4208000,7,Unsuitable,black,YES,244.820174,2614.729168,6.83508099999972
394000,4208000,CB5MH_MD,26.24672,1e+06,0.37,77.11,394000 4208000,8,Unsuitable,black,YES,244.820174,2614.729168,6.83508099999972
394000,4208000,CB5MH_MD,1.64042,1e+06,7.15,82.55,394000 4208000,0.5,Tolerable,yellow,YES,244.820174,2614.729168,6.83508099999972
394000,4208000,CB5MH_MD,32.8084,1e+06,0.53,77.86,394000 4208000,10,Unsuitable,black,YES,244.820174,2614.729168,6.83508099999972
394000,4208000,CB5MH_MD,16.4042,1e+06,1.12,78.79,394000 4208000,5,Unsuitable,black,YES,244.820174,2614.729168,6.83508099999972
394000,4208000,CB5MH_MD,24.6063,1e+06,0.32,77.06,394000 4208000,7.5,Unsuitable,black,YES,244.820174,2614.729168,6.83508099999972
394000,4208000,CB5MH_MD,3.28084,1e+06,6.97,82.47,394000 4208000,1,Tolerable,yellow,YES,244.820174,2614.729168,6.83508099999972
394000,4208000,CB5MH_MD,8.2021,1e+06,5.87,82.35,394000 4208000,2.5,Suitable,dodgerblue,YES,244.820174,2614.729168,6.83508099999972
394000,4208000,CB5MH_MD,0,1e+06,7.29,82.58,394000 4208000,0,Tolerable,yellow,YES,244.820174,2614.729168,6.83508099999972
394000,4208000,CB5MH_MD,11.48294,1e+06,3.23,80.81,394000 4208000,3.5,Tolerable,yellow,YES,244.820174,2614.729168,6.83508099999972
394000,4208000,CB5MH_MD,13.12336,1e+06,1.97,79.68,394000 4208000,4,Unsuitable,black,YES,244.820174,2614.729168,6.83508099999972
394000,4208000,CB5MH_MD,31.16798,1e+06,0.52,77.89,394000 4208000,9.5,Unsuitable,black,YES,244.820174,2614.729168,6.83508099999972
394000,4208000,CB5MH_MD,14.76378,1e+06,1.56,79.21,394000 4208000,4.5,Unsuitable,black,YES,244.820174,2614.729168,6.83508099999972
394000,4208000,CB5MH_MD,36.08924,1e+06,0.6,77.87,394000 4208000,11,Unsuitable,black,YES,244.820174,2614.729168,6.83508099999972
394000,4208000,CB5MH_MD,27.88714,1e+06,0.5,77.81,394000 4208000,8.5,Unsuitable,black,YES,244.820174,2614.729168,6.83508099999972
394000,4208000,CB5MH_MD,18.04462,1e+06,0.74,78.27,394000 4208000,5.5,Unsuitable,black,YES,244.820174,2614.729168,6.83508099999972
394000,4208000,CB5MH_MD,9.84252,1e+06,4.83,81.89,394000 4208000,3,Suitable,dodgerblue,YES,244.820174,2614.729168,6.83508099999972
394000,4208000,CB5MH_MD,19.68504,1e+06,0.53,77.83,394000 4208000,6,Unsuitable,black,YES,244.820174,2614.729168,6.83508099999972
394000,4216000,CB5MH_MD,24.6063,1e+06,0.14,76.22,394000 4216000,7.5,Unsuitable,black,YES,244.820174,2619.700136,11.8060489999998
394000,4216000,CB5MH_MD,31.16798,1e+06,0.24,76.56,394000 4216000,9.5,Unsuitable,black,YES,244.820174,2619.700136,11.8060489999998
394000,4216000,CB5MH_MD,19.68504,1e+06,0.26,76.72,394000 4216000,6,Unsuitable,black,YES,244.820174,2619.700136,11.8060489999998
394000,4216000,CB5MH_MD,29.52756,1e+06,0.24,76.64,394000 4216000,9,Unsuitable,black,YES,244.820174,2619.700136,11.8060489999998
394000,4216000,CB5MH_MD,22.96588,1e+06,0.14,76.09,394000 4216000,7,Unsuitable,black,YES,244.820174,2619.700136,11.8060489999998
394000,4216000,CB5MH_MD,34.44882,1e+06,0.24,76.47,394000 4216000,10.5,Unsuitable,black,YES,244.820174,2619.700136,11.8060489999998
394000,4216000,CB5MH_MD,26.24672,1e+06,0.19,76.43,394000 4216000,8,Unsuitable,black,YES,244.820174,2619.700136,11.8060489999998
394000,4216000,CB5MH_MD,27.88714,1e+06,0.24,76.63,394000 4216000,8.5,Unsuitable,black,YES,244.820174,2619.700136,11.8060489999998
394000,4216000,CB5MH_MD,6.56168,1e+06,6.87,82.52,394000 4216000,2,Tolerable,yellow,YES,244.820174,2619.700136,11.8060489999998
394000,4216000,CB5MH_MD,18.04462,1e+06,0.34,77.11,394000 4216000,5.5,Unsuitable,black,YES,244.820174,2619.700136,11.8060489999998
394000,4216000,CB5MH_MD,14.76378,1e+06,0.48,77.81,394000 4216000,4.5,Unsuitable,black,YES,244.820174,2619.700136,11.8060489999998
394000,4216000,CB5MH_MD,11.48294,1e+06,1.98,79.94,394000 4216000,3.5,Unsuitable,black,YES,244.820174,2619.700136,11.8060489999998
394000,4216000,CB5MH_MD,13.12336,1e+06,0.51,78.04,394000 4216000,4,Unsuitable,black,YES,244.820174,2619.700136,11.8060489999998
394000,4216000,CB5MH_MD,21.32546,1e+06,0.2,76.41,394000 4216000,6.5,Unsuitable,black,YES,244.820174,2619.700136,11.8060489999998
394000,4216000,CB5MH_MD,4.92126,1e+06,7.12,82.49,394000 4216000,1.5,Tolerable,yellow,YES,244.820174,2619.700136,11.8060489999998
394000,4216000,CB5MH_MD,0,1e+06,7.39,82.67,394000 4216000,0,Tolerable,yellow,YES,244.820174,2619.700136,11.8060489999998
394000,4216000,CB5MH_MD,8.2021,1e+06,6.13,82.34,394000 4216000,2.5,Suitable,dodgerblue,YES,244.820174,2619.700136,11.8060489999998
394000,4216000,CB5MH_MD,32.8084,1e+06,0.24,76.47,394000 4216000,10,Unsuitable,black,YES,244.820174,2619.700136,11.8060489999998
394000,4216000,CB5MH_MD,3.28084,1e+06,7.25,82.57,394000 4216000,1,Tolerable,yellow,YES,244.820174,2619.700136,11.8060489999998
394000,4216000,CB5MH_MD,16.4042,1e+06,0.46,77.75,394000 4216000,5,Unsuitable,black,YES,244.820174,2619.700136,11.8060489999998
394000,4216000,CB5MH_MD,1.64042,1e+06,7.35,82.66,394000 4216000,0.5,Tolerable,yellow,YES,244.820174,2619.700136,11.8060489999998
394000,4216000,CB5MH_MD,9.84252,1e+06,4.5,81.76,394000 4216000,3,Suitable,dodgerblue,YES,244.820174,2619.700136,11.8060489999998
394000,4217000,CB5MH_MD,27.88714,1e+06,0.23,76.59,394000 4217000,8.5,Unsuitable,black,YES,244.820174,2620.321507,12.42742
394000,4217000,CB5MH_MD,14.76378,1e+06,0.39,77.71,394000 4217000,4.5,Unsuitable,black,YES,244.820174,2620.321507,12.42742
394000,4217000,CB5MH_MD,13.12336,1e+06,0.38,77.9,394000 4217000,4,Unsuitable,black,YES,244.820174,2620.321507,12.42742
394000,4217000,CB5MH_MD,18.04462,1e+06,0.31,77.04,394000 4217000,5.5,Unsuitable,black,YES,244.820174,2620.321507,12.42742
394000,4217000,CB5MH_MD,9.84252,1e+06,4.44,81.74,394000 4217000,3,Suitable,dodgerblue,YES,244.820174,2620.321507,12.42742
394000,4217000,CB5MH_MD,19.68504,1e+06,0.24,76.65,394000 4217000,6,Unsuitable,black,YES,244.820174,2620.321507,12.42742
394000,4217000,CB5MH_MD,24.6063,1e+06,0.13,76.18,394000 4217000,7.5,Unsuitable,black,YES,244.820174,2620.321507,12.42742
394000,4217000,CB5MH_MD,34.44882,1e+06,0.23,76.41,394000 4217000,10.5,Unsuitable,black,YES,244.820174,2620.321507,12.42742
394000,4217000,CB5MH_MD,6.56168,1e+06,6.92,82.54,394000 4217000,2,Tolerable,yellow,YES,244.820174,2620.321507,12.42742
394000,4217000,CB5MH_MD,11.48294,1e+06,1.85,79.86,394000 4217000,3.5,Unsuitable,black,YES,244.820174,2620.321507,12.42742
394000,4217000,CB5MH_MD,8.2021,1e+06,6.16,82.36,394000 4217000,2.5,Suitable,dodgerblue,YES,244.820174,2620.321507,12.42742
394000,4217000,CB5MH_MD,0,1e+06,7.4,82.71,394000 4217000,0,Tolerable,yellow,YES,244.820174,2620.321507,12.42742
394000,4217000,CB5MH_MD,29.52756,1e+06,0.23,76.59,394000 4217000,9,Unsuitable,black,YES,244.820174,2620.321507,12.42742
394000,4217000,CB5MH_MD,26.24672,1e+06,0.18,76.42,394000 4217000,8,Unsuitable,black,YES,244.820174,2620.321507,12.42742
394000,4217000,CB5MH_MD,4.92126,1e+06,7.16,82.53,394000 4217000,1.5,Tolerable,yellow,YES,244.820174,2620.321507,12.42742
394000,4217000,CB5MH_MD,21.32546,1e+06,0.18,76.34,394000 4217000,6.5,Unsuitable,black,YES,244.820174,2620.321507,12.42742
394000,4217000,CB5MH_MD,16.4042,1e+06,0.41,77.7,394000 4217000,5,Unsuitable,black,YES,244.820174,2620.321507,12.42742
394000,4217000,CB5MH_MD,32.8084,1e+06,0.23,76.41,394000 4217000,10,Unsuitable,black,YES,244.820174,2620.321507,12.42742
394000,4217000,CB5MH_MD,22.96588,1e+06,0.13,76.03,394000 4217000,7,Unsuitable,black,YES,244.820174,2620.321507,12.42742
394000,4217000,CB5MH_MD,31.16798,1e+06,0.23,76.5,394000 4217000,9.5,Unsuitable,black,YES,244.820174,2620.321507,12.42742
394000,4217000,CB5MH_MD,1.64042,1e+06,7.36,82.7,394000 4217000,0.5,Tolerable,yellow,YES,244.820174,2620.321507,12.42742
394000,4217000,CB5MH_MD,3.28084,1e+06,7.28,82.61,394000 4217000,1,Tolerable,yellow,YES,244.820174,2620.321507,12.42742
394000,4348000,CB2OH,0,1e+06,6.4,82.59,394000 4348000,0,Tolerable,yellow,YES,244.820174,2701.721108,93.8270210000001
394000,4348000,CB2OH,8.2021,1e+06,5.16,82.26,394000 4348000,2.5,Suitable,dodgerblue,YES,244.820174,2701.721108,93.8270210000001
394000,4348000,CB2OH,3.28084,1e+06,6.07,82.57,394000 4348000,1,Tolerable,yellow,YES,244.820174,2701.721108,93.8270210000001
394000,4348000,CB2OH,9.84252,1e+06,4.83,82.22,394000 4348000,3,Suitable,dodgerblue,YES,244.820174,2701.721108,93.8270210000001
394000,4348000,CB2OH,4.92126,1e+06,5.91,82.45,394000 4348000,1.5,Tolerable,yellow,YES,244.820174,2701.721108,93.8270210000001
394000,4348000,CB2OH,1.64042,1e+06,6.29,82.59,394000 4348000,0.5,Tolerable,yellow,YES,244.820174,2701.721108,93.8270210000001
394000,4348000,CB2OH,6.56168,1e+06,5.57,82.35,394000 4348000,2,Suitable,dodgerblue,YES,244.820174,2701.721108,93.8270210000001
394000,4349000,CB2OH,0,1e+06,6.22,82.93,394000 4349000,0,Tolerable,yellow,YES,244.820174,2702.342479,94.4483919999998
394000,4349000,CB2OH,4.92126,1e+06,5.92,82.54,394000 4349000,1.5,Tolerable,yellow,YES,244.820174,2702.342479,94.4483919999998
394000,4349000,CB2OH,8.2021,1e+06,5.2,82.31,394000 4349000,2.5,Suitable,dodgerblue,YES,244.820174,2702.342479,94.4483919999998
394000,4349000,CB2OH,1.64042,1e+06,6.27,82.71,394000 4349000,0.5,Tolerable,yellow,YES,244.820174,2702.342479,94.4483919999998
394000,4349000,CB2OH,9.84252,1e+06,4.87,82.26,394000 4349000,3,Suitable,dodgerblue,YES,244.820174,2702.342479,94.4483919999998
394000,4349000,CB2OH,6.56168,1e+06,5.61,82.44,394000 4349000,2,Tolerable,yellow,YES,244.820174,2702.342479,94.4483919999998
394000,4349000,CB2OH,11.48294,1e+06,4.34,82.04,394000 4349000,3.5,Suitable,dodgerblue,YES,244.820174,2702.342479,94.4483919999998
394000,4349000,CB2OH,3.28084,1e+06,6.04,82.68,394000 4349000,1,Tolerable,yellow,YES,244.820174,2702.342479,94.4483919999998
394000,4349000,CB2OH,13.12336,1e+06,3.24,81.14,394000 4349000,4,Tolerable,yellow,YES,244.820174,2702.342479,94.4483919999998
394000,4350000,CB2OH,9.84252,1e+06,4.93,82.33,394000 4350000,3,Suitable,dodgerblue,YES,244.820174,2702.96385,95.069763
394000,4350000,CB2OH,0,1e+06,6.15,83.14,394000 4350000,0,Tolerable,yellow,YES,244.820174,2702.96385,95.069763
394000,4350000,CB2OH,3.28084,1e+06,5.99,82.79,394000 4350000,1,Tolerable,yellow,YES,244.820174,2702.96385,95.069763
394000,4350000,CB2OH,1.64042,1e+06,6.07,83.04,394000 4350000,0.5,Tolerable,yellow,YES,244.820174,2702.96385,95.069763
394000,4350000,CB2OH,6.56168,1e+06,5.63,82.52,394000 4350000,2,Tolerable,yellow,YES,244.820174,2702.96385,95.069763
394000,4350000,CB2OH,8.2021,1e+06,5.25,82.38,394000 4350000,2.5,Suitable,dodgerblue,YES,244.820174,2702.96385,95.069763
394000,4350000,CB2OH,4.92126,1e+06,5.91,82.61,394000 4350000,1.5,Tolerable,yellow,YES,244.820174,2702.96385,95.069763
395000,4204000,CB5MH_MD,11.48294,1e+06,4.1,81.37,395000 4204000,3.5,Suitable,dodgerblue,YES,245.441545,2612.243684,4.3495969999999
395000,4204000,CB5MH_MD,4.92126,1e+06,7.15,82.48,395000 4204000,1.5,Tolerable,yellow,YES,245.441545,2612.243684,4.3495969999999
395000,4204000,CB5MH_MD,19.68504,1e+06,0.81,78.6,395000 4204000,6,Unsuitable,black,YES,245.441545,2612.243684,4.3495969999999
395000,4204000,CB5MH_MD,0,1e+06,7.53,82.27,395000 4204000,0,Suitable,dodgerblue,YES,245.441545,2612.243684,4.3495969999999
395000,4204000,CB5MH_MD,26.24672,1e+06,0.51,77.66,395000 4204000,8,Unsuitable,black,YES,245.441545,2612.243684,4.3495969999999
395000,4204000,CB5MH_MD,21.32546,1e+06,0.62,78.07,395000 4204000,6.5,Unsuitable,black,YES,245.441545,2612.243684,4.3495969999999
395000,4204000,CB5MH_MD,18.04462,1e+06,1.18,79.22,395000 4204000,5.5,Unsuitable,black,YES,245.441545,2612.243684,4.3495969999999
395000,4204000,CB5MH_MD,1.64042,1e+06,7.46,82.26,395000 4204000,0.5,Suitable,dodgerblue,YES,245.441545,2612.243684,4.3495969999999
395000,4204000,CB5MH_MD,8.2021,1e+06,6.1,82.41,395000 4204000,2.5,Tolerable,yellow,YES,245.441545,2612.243684,4.3495969999999
395000,4204000,CB5MH_MD,3.28084,1e+06,7.38,82.28,395000 4204000,1,Suitable,dodgerblue,YES,245.441545,2612.243684,4.3495969999999
395000,4204000,CB5MH_MD,22.96588,1e+06,0.47,77.66,395000 4204000,7,Unsuitable,black,YES,245.441545,2612.243684,4.3495969999999
395000,4204000,CB5MH_MD,16.4042,1e+06,1.83,79.82,395000 4204000,5,Unsuitable,black,YES,245.441545,2612.243684,4.3495969999999
395000,4204000,CB5MH_MD,14.76378,1e+06,2.58,80.32,395000 4204000,4.5,Marginal,orange,YES,245.441545,2612.243684,4.3495969999999
395000,4204000,CB5MH_MD,24.6063,1e+06,0.47,77.6,395000 4204000,7.5,Unsuitable,black,YES,245.441545,2612.243684,4.3495969999999
395000,4204000,CB5MH_MD,6.56168,1e+06,6.8,82.66,395000 4204000,2,Tolerable,yellow,YES,245.441545,2612.243684,4.3495969999999
395000,4204000,CB5MH_MD,13.12336,1e+06,3.18,80.74,395000 4204000,4,Tolerable,yellow,YES,245.441545,2612.243684,4.3495969999999
395000,4204000,CB5MH_MD,9.84252,1e+06,5.17,81.97,395000 4204000,3,Suitable,dodgerblue,YES,245.441545,2612.243684,4.3495969999999
395000,4205000,CB5MH_MD,4.92126,1e+06,7.09,82.48,395000 4205000,1.5,Tolerable,yellow,YES,245.441545,2612.865055,4.97096800000008
395000,4205000,CB5MH_MD,39.37008,1e+06,0.69,78.13,395000 4205000,12,Unsuitable,black,YES,245.441545,2612.865055,4.97096800000008
395000,4205000,CB5MH_MD,41.0105,1e+06,0.69,78.03,395000 4205000,12.5,Unsuitable,black,YES,245.441545,2612.865055,4.97096800000008
395000,4205000,CB5MH_MD,16.4042,1e+06,1.66,79.58,395000 4205000,5,Unsuitable,black,YES,245.441545,2612.865055,4.97096800000008
395000,4205000,CB5MH_MD,36.08924,1e+06,0.71,78.24,395000 4205000,11,Unsuitable,black,YES,245.441545,2612.865055,4.97096800000008
395000,4205000,CB5MH_MD,18.04462,1e+06,1.08,79,395000 4205000,5.5,Unsuitable,black,YES,245.441545,2612.865055,4.97096800000008
395000,4205000,CB5MH_MD,27.88714,1e+06,0.59,78.1,395000 4205000,8.5,Unsuitable,black,YES,245.441545,2612.865055,4.97096800000008
395000,4205000,CB5MH_MD,6.56168,1e+06,6.75,82.64,395000 4205000,2,Tolerable,yellow,YES,245.441545,2612.865055,4.97096800000008
395000,4205000,CB5MH_MD,19.68504,1e+06,0.74,78.43,395000 4205000,6,Unsuitable,black,YES,245.441545,2612.865055,4.97096800000008
395000,4205000,CB5MH_MD,29.52756,1e+06,0.61,78.18,395000 4205000,9,Unsuitable,black,YES,245.441545,2612.865055,4.97096800000008
395000,4205000,CB5MH_MD,21.32546,1e+06,0.57,77.94,395000 4205000,6.5,Unsuitable,black,YES,245.441545,2612.865055,4.97096800000008
395000,4205000,CB5MH_MD,3.28084,1e+06,7.33,82.31,395000 4205000,1,Suitable,dodgerblue,YES,245.441545,2612.865055,4.97096800000008
395000,4205000,CB5MH_MD,32.8084,1e+06,0.63,78.23,395000 4205000,10,Unsuitable,black,YES,245.441545,2612.865055,4.97096800000008
395000,4205000,CB5MH_MD,37.72966,1e+06,0.62,78.09,395000 4205000,11.5,Unsuitable,black,YES,245.441545,2612.865055,4.97096800000008
395000,4205000,CB5MH_MD,1.64042,1e+06,7.42,82.29,395000 4205000,0.5,Suitable,dodgerblue,YES,245.441545,2612.865055,4.97096800000008
395000,4205000,CB5MH_MD,0,1e+06,7.5,82.31,395000 4205000,0,Suitable,dodgerblue,YES,245.441545,2612.865055,4.97096800000008
395000,4205000,CB5MH_MD,14.76378,1e+06,2.33,80.07,395000 4205000,4.5,Marginal,orange,YES,245.441545,2612.865055,4.97096800000008
395000,4205000,CB5MH_MD,31.16798,1e+06,0.62,78.24,395000 4205000,9.5,Unsuitable,black,YES,245.441545,2612.865055,4.97096800000008
395000,4205000,CB5MH_MD,9.84252,1e+06,5.08,81.95,395000 4205000,3,Suitable,dodgerblue,YES,245.441545,2612.865055,4.97096800000008
395000,4205000,CB5MH_MD,22.96588,1e+06,0.43,77.54,395000 4205000,7,Unsuitable,black,YES,245.441545,2612.865055,4.97096800000008
395000,4205000,CB5MH_MD,26.24672,1e+06,0.48,77.54,395000 4205000,8,Unsuitable,black,YES,245.441545,2612.865055,4.97096800000008
395000,4205000,CB5MH_MD,13.12336,1e+06,2.89,80.49,395000 4205000,4,Marginal,orange,YES,245.441545,2612.865055,4.97096800000008
395000,4205000,CB5MH_MD,8.2021,1e+06,6.03,82.4,395000 4205000,2.5,Suitable,dodgerblue,YES,245.441545,2612.865055,4.97096800000008
395000,4205000,CB5MH_MD,34.44882,1e+06,0.66,78.23,395000 4205000,10.5,Unsuitable,black,YES,245.441545,2612.865055,4.97096800000008
395000,4205000,CB5MH_MD,24.6063,1e+06,0.43,77.49,395000 4205000,7.5,Unsuitable,black,YES,245.441545,2612.865055,4.97096800000008
395000,4205000,CB5MH_MD,11.48294,1e+06,3.89,81.24,395000 4205000,3.5,Tolerable,yellow,YES,245.441545,2612.865055,4.97096800000008
395000,4206000,CB5MH_MD,14.76378,1e+06,2.09,79.81,395000 4206000,4.5,Marginal,orange,YES,245.441545,2613.486426,5.59233899999981
395000,4206000,CB5MH_MD,11.48294,1e+06,3.68,81.11,395000 4206000,3.5,Tolerable,yellow,YES,245.441545,2613.486426,5.59233899999981
395000,4206000,CB5MH_MD,6.56168,1e+06,6.7,82.63,395000 4206000,2,Tolerable,yellow,YES,245.441545,2613.486426,5.59233899999981
395000,4206000,CB5MH_MD,31.16798,1e+06,0.59,78.16,395000 4206000,9.5,Unsuitable,black,YES,245.441545,2613.486426,5.59233899999981
395000,4206000,CB5MH_MD,27.88714,1e+06,0.57,78.03,395000 4206000,8.5,Unsuitable,black,YES,245.441545,2613.486426,5.59233899999981
395000,4206000,CB5MH_MD,29.52756,1e+06,0.58,78.1,395000 4206000,9,Unsuitable,black,YES,245.441545,2613.486426,5.59233899999981
395000,4206000,CB5MH_MD,22.96588,1e+06,0.4,77.42,395000 4206000,7,Unsuitable,black,YES,245.441545,2613.486426,5.59233899999981
395000,4206000,CB5MH_MD,3.28084,1e+06,7.28,82.34,395000 4206000,1,Suitable,dodgerblue,YES,245.441545,2613.486426,5.59233899999981
395000,4206000,CB5MH_MD,1.64042,1e+06,7.39,82.32,395000 4206000,0.5,Suitable,dodgerblue,YES,245.441545,2613.486426,5.59233899999981
395000,4206000,CB5MH_MD,8.2021,1e+06,5.98,82.39,395000 4206000,2.5,Suitable,dodgerblue,YES,245.441545,2613.486426,5.59233899999981
395000,4206000,CB5MH_MD,0,1e+06,7.48,82.35,395000 4206000,0,Suitable,dodgerblue,YES,245.441545,2613.486426,5.59233899999981
395000,4206000,CB5MH_MD,19.68504,1e+06,0.68,78.26,395000 4206000,6,Unsuitable,black,YES,245.441545,2613.486426,5.59233899999981
395000,4206000,CB5MH_MD,18.04462,1e+06,0.97,78.79,395000 4206000,5.5,Unsuitable,black,YES,245.441545,2613.486426,5.59233899999981
395000,4206000,CB5MH_MD,21.32546,1e+06,0.53,77.8,395000 4206000,6.5,Unsuitable,black,YES,245.441545,2613.486426,5.59233899999981
395000,4206000,CB5MH_MD,16.4042,1e+06,1.5,79.35,395000 4206000,5,Unsuitable,black,YES,245.441545,2613.486426,5.59233899999981
395000,4206000,CB5MH_MD,13.12336,1e+06,2.61,80.25,395000 4206000,4,Marginal,orange,YES,245.441545,2613.486426,5.59233899999981
395000,4206000,CB5MH_MD,9.84252,1e+06,4.99,81.93,395000 4206000,3,Suitable,dodgerblue,YES,245.441545,2613.486426,5.59233899999981
395000,4206000,CB5MH_MD,24.6063,1e+06,0.4,77.37,395000 4206000,7.5,Unsuitable,black,YES,245.441545,2613.486426,5.59233899999981
395000,4206000,CB5MH_MD,4.92126,1e+06,7.04,82.48,395000 4206000,1.5,Tolerable,yellow,YES,245.441545,2613.486426,5.59233899999981
395000,4206000,CB5MH_MD,26.24672,1e+06,0.45,77.42,395000 4206000,8,Unsuitable,black,YES,245.441545,2613.486426,5.59233899999981
395000,4352000,CB2OH,6.56168,1e+06,5.65,82.72,395000 4352000,2,Tolerable,yellow,YES,245.441545,2704.206592,96.3125049999999
395000,4352000,CB2OH,11.48294,1e+06,4.81,82.43,395000 4352000,3.5,Tolerable,yellow,YES,245.441545,2704.206592,96.3125049999999
395000,4352000,CB2OH,0,1e+06,6.05,83.39,395000 4352000,0,Tolerable,yellow,YES,245.441545,2704.206592,96.3125049999999
395000,4352000,CB2OH,1.64042,1e+06,5.99,83.3,395000 4352000,0.5,Tolerable,yellow,YES,245.441545,2704.206592,96.3125049999999
395000,4352000,CB2OH,4.92126,1e+06,5.82,82.78,395000 4352000,1.5,Tolerable,yellow,YES,245.441545,2704.206592,96.3125049999999
395000,4352000,CB2OH,8.2021,1e+06,5.39,82.61,395000 4352000,2.5,Tolerable,yellow,YES,245.441545,2704.206592,96.3125049999999
395000,4352000,CB2OH,3.28084,1e+06,5.91,82.96,395000 4352000,1,Tolerable,yellow,YES,245.441545,2704.206592,96.3125049999999
395000,4352000,CB2OH,9.84252,1e+06,5.15,82.56,395000 4352000,3,Tolerable,yellow,YES,245.441545,2704.206592,96.3125049999999
396000,4199000,CB5MH_MD,9.84252,1e+06,5.77,82.08,396000 4199000,3,Suitable,dodgerblue,YES,246.062916,2609.136829,1.24274199999991
396000,4199000,CB5MH_MD,13.12336,1e+06,4.54,81.75,396000 4199000,4,Suitable,dodgerblue,YES,246.062916,2609.136829,1.24274199999991
396000,4199000,CB5MH_MD,3.28084,1e+06,7.58,82.14,396000 4199000,1,Suitable,dodgerblue,YES,246.062916,2609.136829,1.24274199999991
396000,4199000,CB5MH_MD,6.56168,1e+06,7.13,82.64,396000 4199000,2,Tolerable,yellow,YES,246.062916,2609.136829,1.24274199999991
396000,4199000,CB5MH_MD,14.76378,1e+06,3.76,81.43,396000 4199000,4.5,Tolerable,yellow,YES,246.062916,2609.136829,1.24274199999991
396000,4199000,CB5MH_MD,37.72966,1e+06,0.94,79.49,396000 4199000,11.5,Unsuitable,black,YES,246.062916,2609.136829,1.24274199999991
396000,4199000,CB5MH_MD,11.48294,1e+06,5.13,81.92,396000 4199000,3.5,Suitable,dodgerblue,YES,246.062916,2609.136829,1.24274199999991
396000,4199000,CB5MH_MD,1.64042,1e+06,7.61,82.13,396000 4199000,0.5,Suitable,dodgerblue,YES,246.062916,2609.136829,1.24274199999991
396000,4199000,CB5MH_MD,0,1e+06,7.62,82.13,396000 4199000,0,Suitable,dodgerblue,YES,246.062916,2609.136829,1.24274199999991
396000,4199000,CB5MH_MD,36.08924,1e+06,0.78,78.35,396000 4199000,11,Unsuitable,black,YES,246.062916,2609.136829,1.24274199999991
396000,4199000,CB5MH_MD,34.44882,1e+06,0.73,78.35,396000 4199000,10.5,Unsuitable,black,YES,246.062916,2609.136829,1.24274199999991
396000,4199000,CB5MH_MD,4.92126,1e+06,7.48,82.36,396000 4199000,1.5,Suitable,dodgerblue,YES,246.062916,2609.136829,1.24274199999991
396000,4199000,CB5MH_MD,24.6063,1e+06,0.6,77.92,396000 4199000,7.5,Unsuitable,black,YES,246.062916,2609.136829,1.24274199999991
396000,4199000,CB5MH_MD,22.96588,1e+06,0.62,78.01,396000 4199000,7,Unsuitable,black,YES,246.062916,2609.136829,1.24274199999991
396000,4199000,CB5MH_MD,39.37008,1e+06,1.08,79.56,396000 4199000,12,Unsuitable,black,YES,246.062916,2609.136829,1.24274199999991
396000,4199000,CB5MH_MD,32.8084,1e+06,0.7,78.35,396000 4199000,10,Unsuitable,black,YES,246.062916,2609.136829,1.24274199999991
396000,4199000,CB5MH_MD,21.32546,1e+06,0.86,78.49,396000 4199000,6.5,Unsuitable,black,YES,246.062916,2609.136829,1.24274199999991
396000,4199000,CB5MH_MD,19.68504,1e+06,1.14,79.24,396000 4199000,6,Unsuitable,black,YES,246.062916,2609.136829,1.24274199999991
396000,4199000,CB5MH_MD,8.2021,1e+06,6.49,82.42,396000 4199000,2.5,Tolerable,yellow,YES,246.062916,2609.136829,1.24274199999991
396000,4199000,CB5MH_MD,27.88714,1e+06,0.69,78.16,396000 4199000,8.5,Unsuitable,black,YES,246.062916,2609.136829,1.24274199999991
396000,4199000,CB5MH_MD,26.24672,1e+06,0.65,78.01,396000 4199000,8,Unsuitable,black,YES,246.062916,2609.136829,1.24274199999991
396000,4199000,CB5MH_MD,31.16798,1e+06,0.7,78.35,396000 4199000,9.5,Unsuitable,black,YES,246.062916,2609.136829,1.24274199999991
396000,4199000,CB5MH_MD,18.04462,1e+06,1.7,80.09,396000 4199000,5.5,Unsuitable,black,YES,246.062916,2609.136829,1.24274199999991
396000,4199000,CB5MH_MD,16.4042,1e+06,2.68,80.85,396000 4199000,5,Marginal,orange,YES,246.062916,2609.136829,1.24274199999991
396000,4199000,CB5MH_MD,29.52756,1e+06,0.69,78.25,396000 4199000,9,Unsuitable,black,YES,246.062916,2609.136829,1.24274199999991
396000,4354000,CB2OH,14.76378,1e+06,1.35,78.77,396000 4354000,4.5,Unsuitable,black,YES,246.062916,2705.449334,97.5552469999998
396000,4354000,CB2OH,16.4042,1e+06,0.8,77.9,396000 4354000,5,Unsuitable,black,YES,246.062916,2705.449334,97.5552469999998
396000,4354000,CB2OH,1.64042,1e+06,6.03,83.29,396000 4354000,0.5,Tolerable,yellow,YES,246.062916,2705.449334,97.5552469999998
396000,4354000,CB2OH,0,1e+06,6.1,83.32,396000 4354000,0,Tolerable,yellow,YES,246.062916,2705.449334,97.5552469999998
396000,4354000,CB2OH,6.56168,1e+06,5.64,82.86,396000 4354000,2,Tolerable,yellow,YES,246.062916,2705.449334,97.5552469999998
396000,4354000,CB2OH,9.84252,1e+06,5.34,82.78,396000 4354000,3,Tolerable,yellow,YES,246.062916,2705.449334,97.5552469999998
396000,4354000,CB2OH,3.28084,1e+06,5.86,83.06,396000 4354000,1,Tolerable,yellow,YES,246.062916,2705.449334,97.5552469999998
396000,4354000,CB2OH,4.92126,1e+06,5.7,82.88,396000 4354000,1.5,Tolerable,yellow,YES,246.062916,2705.449334,97.5552469999998
396000,4354000,CB2OH,13.12336,1e+06,4.86,82.5,396000 4354000,4,Tolerable,yellow,YES,246.062916,2705.449334,97.5552469999998
396000,4354000,CB2OH,11.48294,1e+06,5.16,82.73,396000 4354000,3.5,Tolerable,yellow,YES,246.062916,2705.449334,97.5552469999998
396000,4354000,CB2OH,8.2021,1e+06,5.5,82.8,396000 4354000,2.5,Tolerable,yellow,YES,246.062916,2705.449334,97.5552469999998
397000,4197000,CB5MH_MD,14.76378,1e+06,3.99,81.6,397000 4197000,4.5,Tolerable,yellow,YES,246.684287,2607.894087,0
397000,4197000,CB5MH_MD,21.32546,1e+06,0.9,78.5,397000 4197000,6.5,Unsuitable,black,YES,246.684287,2607.894087,0
397000,4197000,CB5MH_MD,18.04462,1e+06,1.8,80.2,397000 4197000,5.5,Unsuitable,black,YES,246.684287,2607.894087,0
397000,4197000,CB5MH_MD,6.56168,1e+06,7.2,82.6,397000 4197000,2,Tolerable,yellow,YES,246.684287,2607.894087,0
397000,4197000,CB5MH_MD,19.68504,1e+06,1.2,79.3,397000 4197000,6,Unsuitable,black,YES,246.684287,2607.894087,0
397000,4197000,CB5MH_MD,22.96588,1e+06,0.65,78,397000 4197000,7,Unsuitable,black,YES,246.684287,2607.894087,0
397000,4197000,CB5MH_MD,16.4042,1e+06,2.85,81,397000 4197000,5,Marginal,orange,YES,246.684287,2607.894087,0
397000,4197000,CB5MH_MD,39.37008,1e+06,1.43,80.9,397000 4197000,12,Unsuitable,black,YES,246.684287,2607.894087,0
397000,4197000,CB5MH_MD,42.65092,1e+06,1.46,80.8,397000 4197000,13,Unsuitable,black,YES,246.684287,2607.894087,0
397000,4197000,CB5MH_MD,37.72966,1e+06,1.87,81.38,397000 4197000,11.5,Unsuitable,black,YES,246.684287,2607.894087,0
397000,4197000,CB5MH_MD,41.0105,1e+06,1.43,80.8,397000 4197000,12.5,Unsuitable,black,YES,246.684287,2607.894087,0
397000,4197000,CB5MH_MD,36.08924,1e+06,0.78,78.31,397000 4197000,11,Unsuitable,black,YES,246.684287,2607.894087,0
397000,4197000,CB5MH_MD,4.92126,1e+06,7.55,82.3,397000 4197000,1.5,Suitable,dodgerblue,YES,246.684287,2607.894087,0
397000,4197000,CB5MH_MD,34.44882,1e+06,0.73,78.31,397000 4197000,10.5,Unsuitable,black,YES,246.684287,2607.894087,0
397000,4197000,CB5MH_MD,1.64042,1e+06,7.7,82,397000 4197000,0.5,Suitable,dodgerblue,YES,246.684287,2607.894087,0
397000,4197000,CB5MH_MD,3.28084,1e+06,7.7,82.01,397000 4197000,1,Suitable,dodgerblue,YES,246.684287,2607.894087,0
397000,4197000,CB5MH_MD,32.8084,1e+06,0.7,78.31,397000 4197000,10,Unsuitable,black,YES,246.684287,2607.894087,0
397000,4197000,CB5MH_MD,0,1e+06,7.7,82,397000 4197000,0,Suitable,dodgerblue,YES,246.684287,2607.894087,0
397000,4197000,CB5MH_MD,8.2021,1e+06,6.6,82.4,397000 4197000,2.5,Suitable,dodgerblue,YES,246.684287,2607.894087,0
397000,4197000,CB5MH_MD,27.88714,1e+06,0.7,78.11,397000 4197000,8.5,Unsuitable,black,YES,246.684287,2607.894087,0
397000,4197000,CB5MH_MD,13.12336,1e+06,4.79,81.9,397000 4197000,4,Suitable,dodgerblue,YES,246.684287,2607.894087,0
397000,4197000,CB5MH_MD,11.48294,1e+06,5.34,82,397000 4197000,3.5,Suitable,dodgerblue,YES,246.684287,2607.894087,0
397000,4197000,CB5MH_MD,24.6063,1e+06,0.63,77.9,397000 4197000,7.5,Unsuitable,black,YES,246.684287,2607.894087,0
397000,4197000,CB5MH_MD,29.52756,1e+06,0.7,78.21,397000 4197000,9,Unsuitable,black,YES,246.684287,2607.894087,0
397000,4197000,CB5MH_MD,9.84252,1e+06,5.94,82.1,397000 4197000,3,Suitable,dodgerblue,YES,246.684287,2607.894087,0
397000,4197000,CB5MH_MD,31.16798,1e+06,0.7,78.31,397000 4197000,9.5,Unsuitable,black,YES,246.684287,2607.894087,0
397000,4197000,CB5MH_MD,26.24672,1e+06,0.68,78,397000 4197000,8,Unsuitable,black,YES,246.684287,2607.894087,0
397000,4198000,CB5MH_MD,27.88714,1e+06,0.71,78.14,397000 4198000,8.5,Unsuitable,black,YES,246.684287,2608.515458,0.621370999999726
397000,4198000,CB5MH_MD,29.52756,1e+06,0.71,78.24,397000 4198000,9,Unsuitable,black,YES,246.684287,2608.515458,0.621370999999726
397000,4198000,CB5MH_MD,14.76378,1e+06,3.96,81.58,397000 4198000,4.5,Tolerable,yellow,YES,246.684287,2608.515458,0.621370999999726
397000,4198000,CB5MH_MD,18.04462,1e+06,1.8,80.2,397000 4198000,5.5,Unsuitable,black,YES,246.684287,2608.515458,0.621370999999726
397000,4198000,CB5MH_MD,0,1e+06,7.68,82.04,397000 4198000,0,Suitable,dodgerblue,YES,246.684287,2608.515458,0.621370999999726
397000,4198000,CB5MH_MD,3.28084,1e+06,7.67,82.04,397000 4198000,1,Suitable,dodgerblue,YES,246.684287,2608.515458,0.621370999999726
397000,4198000,CB5MH_MD,22.96588,1e+06,0.66,78.03,397000 4198000,7,Unsuitable,black,YES,246.684287,2608.515458,0.621370999999726
397000,4198000,CB5MH_MD,19.68504,1e+06,1.21,79.31,397000 4198000,6,Unsuitable,black,YES,246.684287,2608.515458,0.621370999999726
397000,4198000,CB5MH_MD,4.92126,1e+06,7.53,82.33,397000 4198000,1.5,Suitable,dodgerblue,YES,246.684287,2608.515458,0.621370999999726
397000,4198000,CB5MH_MD,32.8084,1e+06,0.71,78.33,397000 4198000,10,Unsuitable,black,YES,246.684287,2608.515458,0.621370999999726
397000,4198000,CB5MH_MD,6.56168,1e+06,7.18,82.62,397000 4198000,2,Tolerable,yellow,YES,246.684287,2608.515458,0.621370999999726
397000,4198000,CB5MH_MD,36.08924,1e+06,0.79,78.33,397000 4198000,11,Unsuitable,black,YES,246.684287,2608.515458,0.621370999999726
397000,4198000,CB5MH_MD,16.4042,1e+06,2.83,80.99,397000 4198000,5,Marginal,orange,YES,246.684287,2608.515458,0.621370999999726
397000,4198000,CB5MH_MD,13.12336,1e+06,4.75,81.89,397000 4198000,4,Suitable,dodgerblue,YES,246.684287,2608.515458,0.621370999999726
397000,4198000,CB5MH_MD,1.64042,1e+06,7.67,82.04,397000 4198000,0.5,Suitable,dodgerblue,YES,246.684287,2608.515458,0.621370999999726
397000,4198000,CB5MH_MD,34.44882,1e+06,0.74,78.33,397000 4198000,10.5,Unsuitable,black,YES,246.684287,2608.515458,0.621370999999726
397000,4198000,CB5MH_MD,21.32546,1e+06,0.91,78.53,397000 4198000,6.5,Unsuitable,black,YES,246.684287,2608.515458,0.621370999999726
397000,4198000,CB5MH_MD,24.6063,1e+06,0.63,77.93,397000 4198000,7.5,Unsuitable,black,YES,246.684287,2608.515458,0.621370999999726
397000,4198000,CB5MH_MD,37.72966,1e+06,1.58,80.42,397000 4198000,11.5,Unsuitable,black,YES,246.684287,2608.515458,0.621370999999726
397000,4198000,CB5MH_MD,26.24672,1e+06,0.68,78.03,397000 4198000,8,Unsuitable,black,YES,246.684287,2608.515458,0.621370999999726
397000,4198000,CB5MH_MD,9.84252,1e+06,5.91,82.1,397000 4198000,3,Suitable,dodgerblue,YES,246.684287,2608.515458,0.621370999999726
397000,4198000,CB5MH_MD,11.48294,1e+06,5.31,82,397000 4198000,3.5,Suitable,dodgerblue,YES,246.684287,2608.515458,0.621370999999726
397000,4198000,CB5MH_MD,31.16798,1e+06,0.71,78.33,397000 4198000,9.5,Unsuitable,black,YES,246.684287,2608.515458,0.621370999999726
397000,4198000,CB5MH_MD,8.2021,1e+06,6.57,82.42,397000 4198000,2.5,Tolerable,yellow,YES,246.684287,2608.515458,0.621370999999726
397000,4202000,CB5MH_MD,18.04462,1e+06,1.47,79.75,397000 4202000,5.5,Unsuitable,black,YES,246.684287,2611.000942,3.106855
397000,4202000,CB5MH_MD,36.08924,1e+06,0.76,78.38,397000 4202000,11,Unsuitable,black,YES,246.684287,2611.000942,3.106855
397000,4202000,CB5MH_MD,31.16798,1e+06,0.68,78.37,397000 4202000,9.5,Unsuitable,black,YES,246.684287,2611.000942,3.106855
397000,4202000,CB5MH_MD,19.68504,1e+06,1,79.01,397000 4202000,6,Unsuitable,black,YES,246.684287,2611.000942,3.106855
397000,4202000,CB5MH_MD,34.44882,1e+06,0.71,78.37,397000 4202000,10.5,Unsuitable,black,YES,246.684287,2611.000942,3.106855
397000,4202000,CB5MH_MD,6.56168,1e+06,6.99,82.68,397000 4202000,2,Tolerable,yellow,YES,246.684287,2611.000942,3.106855
397000,4202000,CB5MH_MD,9.84252,1e+06,5.47,82.03,397000 4202000,3,Suitable,dodgerblue,YES,246.684287,2611.000942,3.106855
397000,4202000,CB5MH_MD,11.48294,1e+06,4.66,81.69,397000 4202000,3.5,Suitable,dodgerblue,YES,246.684287,2611.000942,3.106855
397000,4202000,CB5MH_MD,32.8084,1e+06,0.68,78.37,397000 4202000,10,Unsuitable,black,YES,246.684287,2611.000942,3.106855
397000,4202000,CB5MH_MD,13.12336,1e+06,3.94,81.34,397000 4202000,4,Tolerable,yellow,YES,246.684287,2611.000942,3.106855
397000,4202000,CB5MH_MD,29.52756,1e+06,0.67,78.29,397000 4202000,9,Unsuitable,black,YES,246.684287,2611.000942,3.106855
397000,4202000,CB5MH_MD,16.4042,1e+06,2.31,80.44,397000 4202000,5,Marginal,orange,YES,246.684287,2611.000942,3.106855
397000,4202000,CB5MH_MD,8.2021,1e+06,6.3,82.43,397000 4202000,2.5,Tolerable,yellow,YES,246.684287,2611.000942,3.106855
397000,4202000,CB5MH_MD,26.24672,1e+06,0.6,77.92,397000 4202000,8,Unsuitable,black,YES,246.684287,2611.000942,3.106855
397000,4202000,CB5MH_MD,3.28084,1e+06,7.39,82.33,397000 4202000,1,Suitable,dodgerblue,YES,246.684287,2611.000942,3.106855
397000,4202000,CB5MH_MD,1.64042,1e+06,7.46,82.31,397000 4202000,0.5,Suitable,dodgerblue,YES,246.684287,2611.000942,3.106855
397000,4202000,CB5MH_MD,21.32546,1e+06,0.76,78.36,397000 4202000,6.5,Unsuitable,black,YES,246.684287,2611.000942,3.106855
397000,4202000,CB5MH_MD,14.76378,1e+06,3.24,80.98,397000 4202000,4.5,Tolerable,yellow,YES,246.684287,2611.000942,3.106855
397000,4202000,CB5MH_MD,27.88714,1e+06,0.66,78.19,397000 4202000,8.5,Unsuitable,black,YES,246.684287,2611.000942,3.106855
397000,4202000,CB5MH_MD,39.37008,1e+06,0.9,78.9,397000 4202000,12,Unsuitable,black,YES,246.684287,2611.000942,3.106855
397000,4202000,CB5MH_MD,24.6063,1e+06,0.55,77.84,397000 4202000,7.5,Unsuitable,black,YES,246.684287,2611.000942,3.106855
397000,4202000,CB5MH_MD,0,1e+06,7.5,82.32,397000 4202000,0,Suitable,dodgerblue,YES,246.684287,2611.000942,3.106855
397000,4202000,CB5MH_MD,44.29134,1e+06,0.95,78.67,397000 4202000,13.5,Unsuitable,black,YES,246.684287,2611.000942,3.106855
397000,4202000,CB5MH_MD,41.0105,1e+06,0.9,78.8,397000 4202000,12.5,Unsuitable,black,YES,246.684287,2611.000942,3.106855
397000,4202000,CB5MH_MD,22.96588,1e+06,0.56,77.91,397000 4202000,7,Unsuitable,black,YES,246.684287,2611.000942,3.106855
397000,4202000,CB5MH_MD,4.92126,1e+06,7.33,82.44,397000 4202000,1.5,Tolerable,yellow,YES,246.684287,2611.000942,3.106855
397000,4202000,CB5MH_MD,42.65092,1e+06,0.91,78.72,397000 4202000,13,Unsuitable,black,YES,246.684287,2611.000942,3.106855
397000,4202000,CB5MH_MD,37.72966,1e+06,0.79,78.85,397000 4202000,11.5,Unsuitable,black,YES,246.684287,2611.000942,3.106855
397000,4203000,CB5MH_MD,14.76378,1e+06,3.01,80.76,397000 4203000,4.5,Tolerable,yellow,YES,246.684287,2611.622313,3.72822599999972
397000,4203000,CB5MH_MD,1.64042,1e+06,7.54,82.2,397000 4203000,0.5,Suitable,dodgerblue,YES,246.684287,2611.622313,3.72822599999972
397000,4203000,CB5MH_MD,0,1e+06,7.58,82.21,397000 4203000,0,Suitable,dodgerblue,YES,246.684287,2611.622313,3.72822599999972
397000,4203000,CB5MH_MD,18.04462,1e+06,1.37,79.58,397000 4203000,5.5,Unsuitable,black,YES,246.684287,2611.622313,3.72822599999972
397000,4203000,CB5MH_MD,8.2021,1e+06,6.23,82.43,397000 4203000,2.5,Tolerable,yellow,YES,246.684287,2611.622313,3.72822599999972
397000,4203000,CB5MH_MD,3.28084,1e+06,7.49,82.23,397000 4203000,1,Suitable,dodgerblue,YES,246.684287,2611.622313,3.72822599999972
397000,4203000,CB5MH_MD,19.68504,1e+06,0.93,78.88,397000 4203000,6,Unsuitable,black,YES,246.684287,2611.622313,3.72822599999972
397000,4203000,CB5MH_MD,13.12336,1e+06,3.67,81.13,397000 4203000,4,Tolerable,yellow,YES,246.684287,2611.622313,3.72822599999972
397000,4203000,CB5MH_MD,9.84252,1e+06,5.35,82,397000 4203000,3,Suitable,dodgerblue,YES,246.684287,2611.622313,3.72822599999972
397000,4203000,CB5MH_MD,4.92126,1e+06,7.27,82.47,397000 4203000,1.5,Tolerable,yellow,YES,246.684287,2611.622313,3.72822599999972
397000,4203000,CB5MH_MD,11.48294,1e+06,4.45,81.58,397000 4203000,3.5,Suitable,dodgerblue,YES,246.684287,2611.622313,3.72822599999972
397000,4203000,CB5MH_MD,6.56168,1e+06,6.93,82.69,397000 4203000,2,Tolerable,yellow,YES,246.684287,2611.622313,3.72822599999972
397000,4203000,CB5MH_MD,16.4042,1e+06,2.14,80.24,397000 4203000,5,Marginal,orange,YES,246.684287,2611.622313,3.72822599999972
397000,4353000,CB2OH,13.12336,1e+06,4.82,82.47,397000 4353000,4,Tolerable,yellow,YES,246.684287,2704.827963,96.9338760000001
397000,4353000,CB2OH,6.56168,1e+06,5.64,82.85,397000 4353000,2,Tolerable,yellow,YES,246.684287,2704.827963,96.9338760000001
397000,4353000,CB2OH,4.92126,1e+06,5.7,82.87,397000 4353000,1.5,Tolerable,yellow,YES,246.684287,2704.827963,96.9338760000001
397000,4353000,CB2OH,0,1e+06,6.13,83.25,397000 4353000,0,Tolerable,yellow,YES,246.684287,2704.827963,96.9338760000001
397000,4353000,CB2OH,1.64042,1e+06,6.05,83.25,397000 4353000,0.5,Tolerable,yellow,YES,246.684287,2704.827963,96.9338760000001
397000,4353000,CB2OH,11.48294,1e+06,5.14,82.71,397000 4353000,3.5,Tolerable,yellow,YES,246.684287,2704.827963,96.9338760000001
397000,4353000,CB2OH,8.2021,1e+06,5.49,82.79,397000 4353000,2.5,Tolerable,yellow,YES,246.684287,2704.827963,96.9338760000001
397000,4353000,CB2OH,9.84252,1e+06,5.33,82.77,397000 4353000,3,Tolerable,yellow,YES,246.684287,2704.827963,96.9338760000001
397000,4353000,CB2OH,3.28084,1e+06,5.87,83.04,397000 4353000,1,Tolerable,yellow,YES,246.684287,2704.827963,96.9338760000001
398000,4200000,CB5MH_MD,6.56168,1e+06,7.1,82.66,398000 4200000,2,Tolerable,yellow,YES,247.305658,2609.7582,1.86411300000009
398000,4200000,CB5MH_MD,4.92126,1e+06,7.45,82.39,398000 4200000,1.5,Suitable,dodgerblue,YES,247.305658,2609.7582,1.86411300000009
398000,4200000,CB5MH_MD,13.12336,1e+06,4.42,81.68,398000 4200000,4,Suitable,dodgerblue,YES,247.305658,2609.7582,1.86411300000009
398000,4200000,CB5MH_MD,0,1e+06,7.6,82.17,398000 4200000,0,Suitable,dodgerblue,YES,247.305658,2609.7582,1.86411300000009
398000,4200000,CB5MH_MD,21.32546,1e+06,0.84,78.48,398000 4200000,6.5,Unsuitable,black,YES,247.305658,2609.7582,1.86411300000009
398000,4200000,CB5MH_MD,37.72966,1e+06,1.55,80.16,398000 4200000,11.5,Unsuitable,black,YES,247.305658,2609.7582,1.86411300000009
398000,4200000,CB5MH_MD,1.64042,1e+06,7.58,82.16,398000 4200000,0.5,Suitable,dodgerblue,YES,247.305658,2609.7582,1.86411300000009
398000,4200000,CB5MH_MD,3.28084,1e+06,7.55,82.18,398000 4200000,1,Suitable,dodgerblue,YES,247.305658,2609.7582,1.86411300000009
398000,4200000,CB5MH_MD,14.76378,1e+06,3.66,81.35,398000 4200000,4.5,Tolerable,yellow,YES,247.305658,2609.7582,1.86411300000009
398000,4200000,CB5MH_MD,18.04462,1e+06,1.65,80.03,398000 4200000,5.5,Unsuitable,black,YES,247.305658,2609.7582,1.86411300000009
398000,4200000,CB5MH_MD,32.8084,1e+06,0.76,78.45,398000 4200000,10,Unsuitable,black,YES,247.305658,2609.7582,1.86411300000009
398000,4200000,CB5MH_MD,36.08924,1e+06,0.83,78.45,398000 4200000,11,Unsuitable,black,YES,247.305658,2609.7582,1.86411300000009
398000,4200000,CB5MH_MD,19.68504,1e+06,1.11,79.21,398000 4200000,6,Unsuitable,black,YES,247.305658,2609.7582,1.86411300000009
398000,4200000,CB5MH_MD,11.48294,1e+06,5.03,81.88,398000 4200000,3.5,Suitable,dodgerblue,YES,247.305658,2609.7582,1.86411300000009
398000,4200000,CB5MH_MD,22.96588,1e+06,0.61,78,398000 4200000,7,Unsuitable,black,YES,247.305658,2609.7582,1.86411300000009
398000,4200000,CB5MH_MD,31.16798,1e+06,0.76,78.45,398000 4200000,9.5,Unsuitable,black,YES,247.305658,2609.7582,1.86411300000009
398000,4200000,CB5MH_MD,34.44882,1e+06,0.78,78.45,398000 4200000,10.5,Unsuitable,black,YES,247.305658,2609.7582,1.86411300000009
398000,4200000,CB5MH_MD,29.52756,1e+06,0.76,78.36,398000 4200000,9,Unsuitable,black,YES,247.305658,2609.7582,1.86411300000009
398000,4200000,CB5MH_MD,16.4042,1e+06,2.61,80.78,398000 4200000,5,Marginal,orange,YES,247.305658,2609.7582,1.86411300000009
398000,4200000,CB5MH_MD,27.88714,1e+06,0.76,78.26,398000 4200000,8.5,Unsuitable,black,YES,247.305658,2609.7582,1.86411300000009
398000,4200000,CB5MH_MD,24.6063,1e+06,0.59,77.91,398000 4200000,7.5,Unsuitable,black,YES,247.305658,2609.7582,1.86411300000009
398000,4200000,CB5MH_MD,8.2021,1e+06,6.45,82.43,398000 4200000,2.5,Tolerable,yellow,YES,247.305658,2609.7582,1.86411300000009
398000,4200000,CB5MH_MD,26.24672,1e+06,0.64,78.01,398000 4200000,8,Unsuitable,black,YES,247.305658,2609.7582,1.86411300000009
398000,4200000,CB5MH_MD,9.84252,1e+06,5.71,82.06,398000 4200000,3,Suitable,dodgerblue,YES,247.305658,2609.7582,1.86411300000009
398000,4201000,CB5MH_MD,36.08924,1e+06,0.77,78.38,398000 4201000,11,Unsuitable,black,YES,247.305658,2610.379571,2.48548399999982
398000,4201000,CB5MH_MD,34.44882,1e+06,0.72,78.37,398000 4201000,10.5,Unsuitable,black,YES,247.305658,2610.379571,2.48548399999982
398000,4201000,CB5MH_MD,24.6063,1e+06,0.57,77.89,398000 4201000,7.5,Unsuitable,black,YES,247.305658,2610.379571,2.48548399999982
398000,4201000,CB5MH_MD,22.96588,1e+06,0.59,77.98,398000 4201000,7,Unsuitable,black,YES,247.305658,2610.379571,2.48548399999982
398000,4201000,CB5MH_MD,19.68504,1e+06,1.06,79.13,398000 4201000,6,Unsuitable,black,YES,247.305658,2610.379571,2.48548399999982
398000,4201000,CB5MH_MD,27.88714,1e+06,0.67,78.19,398000 4201000,8.5,Unsuitable,black,YES,247.305658,2610.379571,2.48548399999982
398000,4201000,CB5MH_MD,8.2021,1e+06,6.38,82.43,398000 4201000,2.5,Tolerable,yellow,YES,247.305658,2610.379571,2.48548399999982
398000,4201000,CB5MH_MD,11.48294,1e+06,4.86,81.8,398000 4201000,3.5,Suitable,dodgerblue,YES,247.305658,2610.379571,2.48548399999982
398000,4201000,CB5MH_MD,18.04462,1e+06,1.57,79.92,398000 4201000,5.5,Unsuitable,black,YES,247.305658,2610.379571,2.48548399999982
398000,4201000,CB5MH_MD,16.4042,1e+06,2.48,80.64,398000 4201000,5,Marginal,orange,YES,247.305658,2610.379571,2.48548399999982
398000,4201000,CB5MH_MD,9.84252,1e+06,5.59,82.05,398000 4201000,3,Suitable,dodgerblue,YES,247.305658,2610.379571,2.48548399999982
398000,4201000,CB5MH_MD,4.92126,1e+06,7.4,82.42,398000 4201000,1.5,Tolerable,yellow,YES,247.305658,2610.379571,2.48548399999982
398000,4201000,CB5MH_MD,21.32546,1e+06,0.8,78.44,398000 4201000,6.5,Unsuitable,black,YES,247.305658,2610.379571,2.48548399999982
398000,4201000,CB5MH_MD,29.52756,1e+06,0.68,78.28,398000 4201000,9,Unsuitable,black,YES,247.305658,2610.379571,2.48548399999982
398000,4201000,CB5MH_MD,0,1e+06,7.56,82.24,398000 4201000,0,Suitable,dodgerblue,YES,247.305658,2610.379571,2.48548399999982
398000,4201000,CB5MH_MD,26.24672,1e+06,0.62,77.98,398000 4201000,8,Unsuitable,black,YES,247.305658,2610.379571,2.48548399999982
398000,4201000,CB5MH_MD,13.12336,1e+06,4.21,81.54,398000 4201000,4,Suitable,dodgerblue,YES,247.305658,2610.379571,2.48548399999982
398000,4201000,CB5MH_MD,6.56168,1e+06,7.05,82.68,398000 4201000,2,Tolerable,yellow,YES,247.305658,2610.379571,2.48548399999982
398000,4201000,CB5MH_MD,37.72966,1e+06,0.85,79.09,398000 4201000,11.5,Unsuitable,black,YES,247.305658,2610.379571,2.48548399999982
398000,4201000,CB5MH_MD,14.76378,1e+06,3.48,81.2,398000 4201000,4.5,Tolerable,yellow,YES,247.305658,2610.379571,2.48548399999982
398000,4201000,CB5MH_MD,31.16798,1e+06,0.69,78.38,398000 4201000,9.5,Unsuitable,black,YES,247.305658,2610.379571,2.48548399999982
398000,4201000,CB5MH_MD,3.28084,1e+06,7.48,82.25,398000 4201000,1,Suitable,dodgerblue,YES,247.305658,2610.379571,2.48548399999982
398000,4201000,CB5MH_MD,1.64042,1e+06,7.52,82.24,398000 4201000,0.5,Suitable,dodgerblue,YES,247.305658,2610.379571,2.48548399999982
398000,4201000,CB5MH_MD,32.8084,1e+06,0.69,78.37,398000 4201000,10,Unsuitable,black,YES,247.305658,2610.379571,2.48548399999982
398000,4201000,CB5MH_MD,39.37008,1e+06,0.97,79.16,398000 4201000,12,Unsuitable,black,YES,247.305658,2610.379571,2.48548399999982
398000,4355000,CB2OH,9.84252,1e+06,5.44,82.89,398000 4355000,3,Tolerable,yellow,YES,247.305658,2706.070705,98.176618
398000,4355000,CB2OH,3.28084,1e+06,5.85,83.01,398000 4355000,1,Tolerable,yellow,YES,247.305658,2706.070705,98.176618
398000,4355000,CB2OH,6.56168,1e+06,5.61,82.9,398000 4355000,2,Tolerable,yellow,YES,247.305658,2706.070705,98.176618
398000,4355000,CB2OH,8.2021,1e+06,5.54,82.89,398000 4355000,2.5,Tolerable,yellow,YES,247.305658,2706.070705,98.176618
398000,4355000,CB2OH,11.48294,1e+06,5.33,82.88,398000 4355000,3.5,Tolerable,yellow,YES,247.305658,2706.070705,98.176618
398000,4355000,CB2OH,14.76378,1e+06,1.34,78.74,398000 4355000,4.5,Unsuitable,black,YES,247.305658,2706.070705,98.176618
398000,4355000,CB2OH,13.12336,1e+06,5.16,82.77,398000 4355000,4,Tolerable,yellow,YES,247.305658,2706.070705,98.176618
398000,4355000,CB2OH,1.64042,1e+06,6.14,83.13,398000 4355000,0.5,Tolerable,yellow,YES,247.305658,2706.070705,98.176618
398000,4355000,CB2OH,16.4042,1e+06,0.8,77.9,398000 4355000,5,Unsuitable,black,YES,247.305658,2706.070705,98.176618
398000,4355000,CB2OH,0,1e+06,6.23,83.05,398000 4355000,0,Tolerable,yellow,YES,247.305658,2706.070705,98.176618
398000,4355000,CB2OH,4.92126,1e+06,5.61,82.9,398000 4355000,1.5,Tolerable,yellow,YES,247.305658,2706.070705,98.176618
399000,4356000,CB2OH,6.56168,1e+06,5.6,82.9,399000 4356000,2,Tolerable,yellow,YES,247.927029,2706.692076,98.7979890000002
399000,4356000,CB2OH,8.2021,1e+06,5.55,82.9,399000 4356000,2.5,Tolerable,yellow,YES,247.927029,2706.692076,98.7979890000002
399000,4356000,CB2OH,9.84252,1e+06,5.45,82.9,399000 4356000,3,Tolerable,yellow,YES,247.927029,2706.692076,98.7979890000002
399000,4356000,CB2OH,11.48294,1e+06,5.35,82.9,399000 4356000,3.5,Tolerable,yellow,YES,247.927029,2706.692076,98.7979890000002
399000,4356000,CB2OH,1.64042,1e+06,6.15,83.1,399000 4356000,0.5,Tolerable,yellow,YES,247.927029,2706.692076,98.7979890000002
399000,4356000,CB2OH,0,1e+06,6.25,83,399000 4356000,0,Tolerable,yellow,YES,247.927029,2706.692076,98.7979890000002
399000,4356000,CB2OH,3.28084,1e+06,5.85,83,399000 4356000,1,Tolerable,yellow,YES,247.927029,2706.692076,98.7979890000002
399000,4356000,CB2OH,4.92126,1e+06,5.6,82.9,399000 4356000,1.5,Tolerable,yellow,YES,247.927029,2706.692076,98.7979890000002
399000,4356000,CB2OH,14.76378,1e+06,1.33,78.72,399000 4356000,4.5,Unsuitable,black,YES,247.927029,2706.692076,98.7979890000002
399000,4356000,CB2OH,13.12336,1e+06,5.2,82.8,399000 4356000,4,Tolerable,yellow,YES,247.927029,2706.692076,98.7979890000002
399000,4357000,CB2OH,13.12336,1e+06,5.18,82.78,399000 4357000,4,Tolerable,yellow,YES,247.927029,2707.313447,99.4193599999999
399000,4357000,CB2OH,8.2021,1e+06,5.55,82.89,399000 4357000,2.5,Tolerable,yellow,YES,247.927029,2707.313447,99.4193599999999
399000,4357000,CB2OH,11.48294,1e+06,5.34,82.89,399000 4357000,3.5,Tolerable,yellow,YES,247.927029,2707.313447,99.4193599999999
399000,4357000,CB2OH,0,1e+06,6.23,83.05,399000 4357000,0,Tolerable,yellow,YES,247.927029,2707.313447,99.4193599999999
399000,4357000,CB2OH,6.56168,1e+06,5.61,82.9,399000 4357000,2,Tolerable,yellow,YES,247.927029,2707.313447,99.4193599999999
399000,4357000,CB2OH,3.28084,1e+06,5.85,83.01,399000 4357000,1,Tolerable,yellow,YES,247.927029,2707.313447,99.4193599999999
399000,4357000,CB2OH,1.64042,1e+06,6.14,83.13,399000 4357000,0.5,Tolerable,yellow,YES,247.927029,2707.313447,99.4193599999999
399000,4357000,CB2OH,4.92126,1e+06,5.61,82.9,399000 4357000,1.5,Tolerable,yellow,YES,247.927029,2707.313447,99.4193599999999
399000,4357000,CB2OH,9.84252,1e+06,5.44,82.89,399000 4357000,3,Tolerable,yellow,YES,247.927029,2707.313447,99.4193599999999
402000,4358000,CB2OH,8.2021,1e+06,5.52,82.86,402000 4358000,2.5,Tolerable,yellow,YES,249.791142,2707.934818,100.040731
402000,4358000,CB2OH,11.48294,1e+06,5.29,82.85,402000 4358000,3.5,Tolerable,yellow,YES,249.791142,2707.934818,100.040731
402000,4358000,CB2OH,13.12336,1e+06,5.07,82.69,402000 4358000,4,Tolerable,yellow,YES,249.791142,2707.934818,100.040731
402000,4358000,CB2OH,9.84252,1e+06,5.41,82.86,402000 4358000,3,Tolerable,yellow,YES,249.791142,2707.934818,100.040731
402000,4358000,CB2OH,3.28084,1e+06,5.92,83.15,402000 4358000,1,Tolerable,yellow,YES,249.791142,2707.934818,100.040731
402000,4358000,CB2OH,4.92126,1e+06,5.73,83.01,402000 4358000,1.5,Tolerable,yellow,YES,249.791142,2707.934818,100.040731
402000,4358000,CB2OH,0,1e+06,6.21,83.36,402000 4358000,0,Tolerable,yellow,YES,249.791142,2707.934818,100.040731
402000,4358000,CB2OH,6.56168,1e+06,5.7,83,402000 4358000,2,Tolerable,yellow,YES,249.791142,2707.934818,100.040731
402000,4358000,CB2OH,1.64042,1e+06,6.09,83.42,402000 4358000,0.5,Tolerable,yellow,YES,249.791142,2707.934818,100.040731
403000,4358000,CB2OH,6.56168,1e+06,5.76,83.07,403000 4358000,2,Tolerable,yellow,YES,250.412513,2707.934818,100.040731
403000,4358000,CB2OH,4.92126,1e+06,5.79,83.08,403000 4358000,1.5,Tolerable,yellow,YES,250.412513,2707.934818,100.040731
403000,4358000,CB2OH,9.84252,1e+06,5.4,82.85,403000 4358000,3,Tolerable,yellow,YES,250.412513,2707.934818,100.040731
403000,4358000,CB2OH,11.48294,1e+06,5.26,82.83,403000 4358000,3.5,Tolerable,yellow,YES,250.412513,2707.934818,100.040731
403000,4358000,CB2OH,1.64042,1e+06,6.09,83.51,403000 4358000,0.5,Tolerable,yellow,YES,250.412513,2707.934818,100.040731
403000,4358000,CB2OH,0,1e+06,6.22,83.47,403000 4358000,0,Tolerable,yellow,YES,250.412513,2707.934818,100.040731
403000,4358000,CB2OH,13.12336,1e+06,5.02,82.65,403000 4358000,4,Tolerable,yellow,YES,250.412513,2707.934818,100.040731
403000,4358000,CB2OH,3.28084,1e+06,5.97,83.23,403000 4358000,1,Tolerable,yellow,YES,250.412513,2707.934818,100.040731
403000,4358000,CB2OH,8.2021,1e+06,5.52,82.85,403000 4358000,2.5,Tolerable,yellow,YES,250.412513,2707.934818,100.040731
403000,4359000,CB2OH,6.56168,1e+06,5.82,83.13,403000 4359000,2,Tolerable,yellow,YES,250.412513,2708.556189,100.662102
403000,4359000,CB2OH,3.28084,1e+06,6,83.29,403000 4359000,1,Tolerable,yellow,YES,250.412513,2708.556189,100.662102
403000,4359000,CB2OH,1.64042,1e+06,6.08,83.63,403000 4359000,0.5,Tolerable,yellow,YES,250.412513,2708.556189,100.662102
403000,4359000,CB2OH,4.92126,1e+06,5.85,83.14,403000 4359000,1.5,Tolerable,yellow,YES,250.412513,2708.556189,100.662102
403000,4359000,CB2OH,11.48294,1e+06,5.26,82.82,403000 4359000,3.5,Tolerable,yellow,YES,250.412513,2708.556189,100.662102
403000,4359000,CB2OH,8.2021,1e+06,5.51,82.84,403000 4359000,2.5,Tolerable,yellow,YES,250.412513,2708.556189,100.662102
403000,4359000,CB2OH,0,1e+06,6.22,83.6,403000 4359000,0,Tolerable,yellow,YES,250.412513,2708.556189,100.662102
403000,4359000,CB2OH,9.84252,1e+06,5.39,82.84,403000 4359000,3,Tolerable,yellow,YES,250.412513,2708.556189,100.662102
406000,4360000,CB2OH,4.92126,1e+06,6.26,83.62,406000 4360000,1.5,Tolerable,yellow,YES,252.276626,2709.17756,101.283473
406000,4360000,CB2OH,0,1e+06,6.39,84.03,406000 4360000,0,Tolerable,yellow,YES,252.276626,2709.17756,101.283473
406000,4360000,CB2OH,3.28084,1e+06,6.39,83.67,406000 4360000,1,Tolerable,yellow,YES,252.276626,2709.17756,101.283473
406000,4360000,CB2OH,13.12336,1e+06,4.85,82.51,406000 4360000,4,Tolerable,yellow,YES,252.276626,2709.17756,101.283473
406000,4360000,CB2OH,1.64042,1e+06,6.27,84.02,406000 4360000,0.5,Tolerable,yellow,YES,252.276626,2709.17756,101.283473
406000,4360000,CB2OH,9.84252,1e+06,5.35,82.79,406000 4360000,3,Tolerable,yellow,YES,252.276626,2709.17756,101.283473
406000,4360000,CB2OH,6.56168,1e+06,6.2,83.62,406000 4360000,2,Tolerable,yellow,YES,252.276626,2709.17756,101.283473
406000,4360000,CB2OH,11.48294,1e+06,5.18,82.76,406000 4360000,3.5,Tolerable,yellow,YES,252.276626,2709.17756,101.283473
406000,4360000,CB2OH,8.2021,1e+06,5.48,82.79,406000 4360000,2.5,Tolerable,yellow,YES,252.276626,2709.17756,101.283473
407500,4359500,SASOH,1.64042,62500,4.85,86.4,407500 4359500,0.5,Unsuitable,black,YES,253.2086825,2708.8668745,100.9727875
407500,4359500,SASOH,3.28084,62500,4.8,86.3,407500 4359500,1,Unsuitable,black,YES,253.2086825,2708.8668745,100.9727875
407500,4359500,SASOH,4.92126,62500,4.8,86.2,407500 4359500,1.5,Unsuitable,black,YES,253.2086825,2708.8668745,100.9727875
407500,4359500,SASOH,0,62500,5.1,86.5,407500 4359500,0,Unsuitable,black,YES,253.2086825,2708.8668745,100.9727875
407500,4359500,SASOH,6.56168,62500,4.8,86.2,407500 4359500,2,Unsuitable,black,YES,253.2086825,2708.8668745,100.9727875
407500,4359500,SASOH,8.2021,62500,4.7,86.1,407500 4359500,2.5,Unsuitable,black,YES,253.2086825,2708.8668745,100.9727875
407750,4359500,SASOH,0,62500,5.1,86.5,407750 4359500,0,Unsuitable,black,YES,253.36402525,2708.8668745,100.9727875
407750,4359500,SASOH,1.64042,62500,4.85,86.4,407750 4359500,0.5,Unsuitable,black,YES,253.36402525,2708.8668745,100.9727875
407750,4359500,SASOH,6.56168,62500,4.8,86.2,407750 4359500,2,Unsuitable,black,YES,253.36402525,2708.8668745,100.9727875
407750,4359500,SASOH,8.2021,62500,4.7,86.1,407750 4359500,2.5,Unsuitable,black,YES,253.36402525,2708.8668745,100.9727875
407750,4359500,SASOH,3.28084,62500,4.8,86.3,407750 4359500,1,Unsuitable,black,YES,253.36402525,2708.8668745,100.9727875
407750,4359500,SASOH,4.92126,62500,4.8,86.2,407750 4359500,1.5,Unsuitable,black,YES,253.36402525,2708.8668745,100.9727875
408000,4359500,SASOH,0,62500,5.1,86.5,408000 4359500,0,Unsuitable,black,YES,253.519368,2708.8668745,100.9727875
408000,4359500,SASOH,1.64042,62500,4.85,86.4,408000 4359500,0.5,Unsuitable,black,YES,253.519368,2708.8668745,100.9727875
408000,4359500,SASOH,6.56168,62500,4.8,86.2,408000 4359500,2,Unsuitable,black,YES,253.519368,2708.8668745,100.9727875
408000,4359500,SASOH,8.2021,62500,4.7,86.1,408000 4359500,2.5,Unsuitable,black,YES,253.519368,2708.8668745,100.9727875
408000,4359500,SASOH,3.28084,62500,4.8,86.3,408000 4359500,1,Unsuitable,black,YES,253.519368,2708.8668745,100.9727875
408000,4359500,SASOH,4.92126,62500,4.8,86.2,408000 4359500,1.5,Unsuitable,black,YES,253.519368,2708.8668745,100.9727875
408000,4361000,CB2OH,4.92126,1e+06,6.58,84.04,408000 4361000,1.5,Tolerable,yellow,YES,253.519368,2709.798931,101.904844
408000,4361000,CB2OH,6.56168,1e+06,6.53,84.03,408000 4361000,2,Tolerable,yellow,YES,253.519368,2709.798931,101.904844
408000,4361000,CB2OH,0,1e+06,6.6,84.29,408000 4361000,0,Marginal,orange,YES,253.519368,2709.798931,101.904844
408000,4361000,CB2OH,3.28084,1e+06,6.66,84.06,408000 4361000,1,Tolerable,yellow,YES,253.519368,2709.798931,101.904844
408000,4361000,CB2OH,8.2021,1e+06,5.46,82.77,408000 4361000,2.5,Tolerable,yellow,YES,253.519368,2709.798931,101.904844
408000,4361000,CB2OH,1.64042,1e+06,6.52,84.28,408000 4361000,0.5,Marginal,orange,YES,253.519368,2709.798931,101.904844
408250,4359750,SASOH,6.56168,62500,4.8,86.2,408250 4359750,2,Unsuitable,black,YES,253.67471075,2709.02221725,101.12813025
408250,4359750,SASOH,8.2021,62500,4.7,86.1,408250 4359750,2.5,Unsuitable,black,YES,253.67471075,2709.02221725,101.12813025
408250,4359750,SASOH,1.64042,62500,4.85,86.4,408250 4359750,0.5,Unsuitable,black,YES,253.67471075,2709.02221725,101.12813025
408250,4359750,SASOH,3.28084,62500,4.8,86.3,408250 4359750,1,Unsuitable,black,YES,253.67471075,2709.02221725,101.12813025
408250,4359750,SASOH,4.92126,62500,4.8,86.2,408250 4359750,1.5,Unsuitable,black,YES,253.67471075,2709.02221725,101.12813025
408250,4359750,SASOH,0,62500,5.1,86.5,408250 4359750,0,Unsuitable,black,YES,253.67471075,2709.02221725,101.12813025
409000,4361000,CB2OH,0,1e+06,6.67,84.35,409000 4361000,0,Marginal,orange,YES,254.140739,2709.798931,101.904844
409000,4361000,CB2OH,3.28084,1e+06,6.73,84.17,409000 4361000,1,Tolerable,yellow,YES,254.140739,2709.798931,101.904844
409000,4361000,CB2OH,4.92126,1e+06,6.67,84.15,409000 4361000,1.5,Tolerable,yellow,YES,254.140739,2709.798931,101.904844
409000,4361000,CB2OH,1.64042,1e+06,6.61,84.34,409000 4361000,0.5,Marginal,orange,YES,254.140739,2709.798931,101.904844
409000,4361000,CB2OH,6.56168,1e+06,6.61,84.15,409000 4361000,2,Tolerable,yellow,YES,254.140739,2709.798931,101.904844
409000,4361000,CB2OH,8.2021,1e+06,5.46,82.76,409000 4361000,2.5,Tolerable,yellow,YES,254.140739,2709.798931,101.904844
410000,4360250,SASOH,4.92126,62500,4.8,86.2,410000 4360250,1.5,Unsuitable,black,YES,254.76211,2709.33290275,101.43881575
410000,4360250,SASOH,0,62500,5.1,86.5,410000 4360250,0,Unsuitable,black,YES,254.76211,2709.33290275,101.43881575
410000,4360250,SASOH,3.28084,62500,4.8,86.3,410000 4360250,1,Unsuitable,black,YES,254.76211,2709.33290275,101.43881575
410000,4360250,SASOH,1.64042,62500,4.85,86.4,410000 4360250,0.5,Unsuitable,black,YES,254.76211,2709.33290275,101.43881575
410000,4362000,CB2OH,1.64042,1e+06,6.76,84.46,410000 4362000,0.5,Marginal,orange,YES,254.76211,2710.420302,102.526215
410000,4362000,CB2OH,3.28084,1e+06,6.85,84.36,410000 4362000,1,Marginal,orange,YES,254.76211,2710.420302,102.526215
410000,4362000,CB2OH,6.56168,1e+06,6.76,84.35,410000 4362000,2,Marginal,orange,YES,254.76211,2710.420302,102.526215
410000,4362000,CB2OH,16.4042,1e+06,0.8,77.9,410000 4362000,5,Unsuitable,black,YES,254.76211,2710.420302,102.526215
410000,4362000,CB2OH,0,1e+06,6.8,84.46,410000 4362000,0,Marginal,orange,YES,254.76211,2710.420302,102.526215
410000,4362000,CB2OH,9.84252,1e+06,5.31,82.74,410000 4362000,3,Tolerable,yellow,YES,254.76211,2710.420302,102.526215
410000,4362000,CB2OH,14.76378,1e+06,1.45,79,410000 4362000,4.5,Unsuitable,black,YES,254.76211,2710.420302,102.526215
410000,4362000,CB2OH,13.12336,1e+06,4.69,82.38,410000 4362000,4,Suitable,dodgerblue,YES,254.76211,2710.420302,102.526215
410000,4362000,CB2OH,8.2021,1e+06,5.45,82.74,410000 4362000,2.5,Tolerable,yellow,YES,254.76211,2710.420302,102.526215
410000,4362000,CB2OH,11.48294,1e+06,5.11,82.7,410000 4362000,3.5,Tolerable,yellow,YES,254.76211,2710.420302,102.526215
410000,4362000,CB2OH,4.92126,1e+06,6.82,84.35,410000 4362000,1.5,Marginal,orange,YES,254.76211,2710.420302,102.526215
411000,4363000,CB1TF,3.28084,1e+06,6.93,84.51,411000 4363000,1,Marginal,orange,YES,255.383481,2711.041673,103.147586
411000,4363000,CB1TF,4.92126,1e+06,6.93,84.52,411000 4363000,1.5,Marginal,orange,YES,255.383481,2711.041673,103.147586
411000,4363000,CB1TF,9.84252,1e+06,5.45,82.9,411000 4363000,3,Tolerable,yellow,YES,255.383481,2711.041673,103.147586
411000,4363000,CB1TF,11.48294,1e+06,5.35,82.9,411000 4363000,3.5,Tolerable,yellow,YES,255.383481,2711.041673,103.147586
411000,4363000,CB1TF,6.56168,1e+06,6.88,84.52,411000 4363000,2,Marginal,orange,YES,255.383481,2711.041673,103.147586
411000,4363000,CB1TF,13.12336,1e+06,5.2,82.8,411000 4363000,4,Tolerable,yellow,YES,255.383481,2711.041673,103.147586
411000,4363000,CB1TF,14.76378,1e+06,5.1,82.8,411000 4363000,4.5,Tolerable,yellow,YES,255.383481,2711.041673,103.147586
411000,4363000,CB1TF,1.64042,1e+06,6.91,84.55,411000 4363000,0.5,Marginal,orange,YES,255.383481,2711.041673,103.147586
411000,4363000,CB1TF,8.2021,1e+06,5.55,82.9,411000 4363000,2.5,Tolerable,yellow,YES,255.383481,2711.041673,103.147586
411000,4363000,CB1TF,0,1e+06,6.91,84.55,411000 4363000,0,Marginal,orange,YES,255.383481,2711.041673,103.147586
412000,4364000,CB1TF,4.92126,1e+06,6.97,84.57,412000 4364000,1.5,Marginal,orange,YES,256.004852,2711.663044,103.768957
412000,4364000,CB1TF,6.56168,1e+06,6.93,84.57,412000 4364000,2,Marginal,orange,YES,256.004852,2711.663044,103.768957
412000,4364000,CB1TF,11.48294,1e+06,5.35,82.9,412000 4364000,3.5,Tolerable,yellow,YES,256.004852,2711.663044,103.768957
412000,4364000,CB1TF,3.28084,1e+06,6.97,84.56,412000 4364000,1,Marginal,orange,YES,256.004852,2711.663044,103.768957
412000,4364000,CB1TF,14.76378,1e+06,5.1,82.8,412000 4364000,4.5,Tolerable,yellow,YES,256.004852,2711.663044,103.768957
412000,4364000,CB1TF,1.64042,1e+06,6.96,84.58,412000 4364000,0.5,Marginal,orange,YES,256.004852,2711.663044,103.768957
412000,4364000,CB1TF,13.12336,1e+06,5.2,82.8,412000 4364000,4,Tolerable,yellow,YES,256.004852,2711.663044,103.768957
412000,4364000,CB1TF,8.2021,1e+06,5.55,82.9,412000 4364000,2.5,Tolerable,yellow,YES,256.004852,2711.663044,103.768957
412000,4364000,CB1TF,0,1e+06,6.96,84.58,412000 4364000,0,Marginal,orange,YES,256.004852,2711.663044,103.768957
412000,4364000,CB1TF,9.84252,1e+06,5.45,82.9,412000 4364000,3,Tolerable,yellow,YES,256.004852,2711.663044,103.768957
413000,4365000,CB1TF,1.64042,1e+06,6.97,84.59,413000 4365000,0.5,Marginal,orange,YES,256.626223,2712.284415,104.390328
413000,4365000,CB1TF,6.56168,1e+06,6.94,84.58,413000 4365000,2,Marginal,orange,YES,256.626223,2712.284415,104.390328
413000,4365000,CB1TF,0,1e+06,6.98,84.59,413000 4365000,0,Marginal,orange,YES,256.626223,2712.284415,104.390328
413000,4365000,CB1TF,4.92126,1e+06,6.99,84.58,413000 4365000,1.5,Marginal,orange,YES,256.626223,2712.284415,104.390328
413000,4365000,CB1TF,3.28084,1e+06,6.98,84.58,413000 4365000,1,Marginal,orange,YES,256.626223,2712.284415,104.390328
413000,4365000,CB1TF,9.84252,1e+06,5.45,82.9,413000 4365000,3,Tolerable,yellow,YES,256.626223,2712.284415,104.390328
413000,4365000,CB1TF,8.2021,1e+06,5.55,82.9,413000 4365000,2.5,Tolerable,yellow,YES,256.626223,2712.284415,104.390328
414000,4365500,ELKOH,0,250000,6.99,84.64,414000 4365500,0,Marginal,orange,YES,257.247594,2712.5951005,104.7010135
414000,4365500,ELKOH,3.28084,250000,6.99,84.64,414000 4365500,1,Marginal,orange,YES,257.247594,2712.5951005,104.7010135
414000,4365500,ELKOH,1.64042,250000,6.99,84.64,414000 4365500,0.5,Marginal,orange,YES,257.247594,2712.5951005,104.7010135
414000,4366000,ELKOH,4.92126,250000,6.99,84.63,414000 4366000,1.5,Marginal,orange,YES,257.247594,2712.905786,105.011699
414000,4366000,ELKOH,3.28084,250000,6.99,84.63,414000 4366000,1,Marginal,orange,YES,257.247594,2712.905786,105.011699
414000,4366000,ELKOH,6.56168,250000,6.94,84.63,414000 4366000,2,Marginal,orange,YES,257.247594,2712.905786,105.011699
414000,4366000,ELKOH,0,250000,6.99,84.63,414000 4366000,0,Marginal,orange,YES,257.247594,2712.905786,105.011699
414000,4366000,ELKOH,1.64042,250000,6.99,84.63,414000 4366000,0.5,Marginal,orange,YES,257.247594,2712.905786,105.011699
414000,4366000,ELKOH,9.84252,250000,6.7,85.6,414000 4366000,3,Marginal,orange,YES,257.247594,2712.905786,105.011699
414000,4366000,ELKOH,8.2021,250000,6.7,85.6,414000 4366000,2.5,Marginal,orange,YES,257.247594,2712.905786,105.011699
414500,4366500,ELKOH,9.84252,250000,6.7,85.6,414500 4366500,3,Marginal,orange,YES,257.5582795,2713.2164715,105.3223845
414500,4366500,ELKOH,8.2021,250000,6.7,85.6,414500 4366500,2.5,Marginal,orange,YES,257.5582795,2713.2164715,105.3223845
414500,4366500,ELKOH,3.28084,250000,6.99,84.66,414500 4366500,1,Marginal,orange,YES,257.5582795,2713.2164715,105.3223845
414500,4366500,ELKOH,4.92126,250000,6.99,84.66,414500 4366500,1.5,Marginal,orange,YES,257.5582795,2713.2164715,105.3223845
414500,4366500,ELKOH,1.64042,250000,6.99,84.66,414500 4366500,0.5,Marginal,orange,YES,257.5582795,2713.2164715,105.3223845
414500,4366500,ELKOH,6.56168,250000,6.94,84.66,414500 4366500,2,Marginal,orange,YES,257.5582795,2713.2164715,105.3223845
414500,4366500,ELKOH,0,250000,6.99,84.66,414500 4366500,0,Marginal,orange,YES,257.5582795,2713.2164715,105.3223845
414500,4367000,ELKOH,1.64042,250000,6.99,84.67,414500 4367000,0.5,Marginal,orange,YES,257.5582795,2713.527157,105.63307
414500,4367000,ELKOH,3.28084,250000,6.99,84.67,414500 4367000,1,Marginal,orange,YES,257.5582795,2713.527157,105.63307
414500,4367000,ELKOH,4.92126,250000,6.98,84.67,414500 4367000,1.5,Marginal,orange,YES,257.5582795,2713.527157,105.63307
414500,4367000,ELKOH,8.2021,250000,6.7,85.6,414500 4367000,2.5,Marginal,orange,YES,257.5582795,2713.527157,105.63307
414500,4367000,ELKOH,0,250000,6.99,84.67,414500 4367000,0,Marginal,orange,YES,257.5582795,2713.527157,105.63307
414500,4367000,ELKOH,6.56168,250000,6.93,84.67,414500 4367000,2,Marginal,orange,YES,257.5582795,2713.527157,105.63307
415000,4366000,ELKOH,6.56168,250000,6.93,84.68,415000 4366000,2,Marginal,orange,YES,257.868965,2712.905786,105.011699
415000,4366000,ELKOH,0,250000,6.98,84.68,415000 4366000,0,Marginal,orange,YES,257.868965,2712.905786,105.011699
415000,4366000,ELKOH,9.84252,250000,6.7,85.6,415000 4366000,3,Marginal,orange,YES,257.868965,2712.905786,105.011699
415000,4366000,ELKOH,3.28084,250000,6.98,84.68,415000 4366000,1,Marginal,orange,YES,257.868965,2712.905786,105.011699
415000,4366000,ELKOH,8.2021,250000,6.7,85.6,415000 4366000,2.5,Marginal,orange,YES,257.868965,2712.905786,105.011699
415000,4366000,ELKOH,4.92126,250000,6.98,84.68,415000 4366000,1.5,Marginal,orange,YES,257.868965,2712.905786,105.011699
415000,4366000,ELKOH,1.64042,250000,6.98,84.68,415000 4366000,0.5,Marginal,orange,YES,257.868965,2712.905786,105.011699
415000,4367000,ELKOH,0,250000,6.98,84.7,415000 4367000,0,Marginal,orange,YES,257.868965,2713.527157,105.63307
415000,4367000,ELKOH,3.28084,250000,6.98,84.7,415000 4367000,1,Marginal,orange,YES,257.868965,2713.527157,105.63307
415000,4367000,ELKOH,8.2021,250000,6.7,85.6,415000 4367000,2.5,Marginal,orange,YES,257.868965,2713.527157,105.63307
415000,4367000,ELKOH,6.56168,250000,6.93,84.7,415000 4367000,2,Marginal,orange,YES,257.868965,2713.527157,105.63307
415000,4367000,ELKOH,1.64042,250000,6.98,84.7,415000 4367000,0.5,Marginal,orange,YES,257.868965,2713.527157,105.63307
415000,4367000,ELKOH,4.92126,250000,6.98,84.7,415000 4367000,1.5,Marginal,orange,YES,257.868965,2713.527157,105.63307
415000,4367500,ELKOH,9.84252,250000,6.7,85.6,415000 4367500,3,Marginal,orange,YES,257.868965,2713.8378425,105.9437555
415000,4367500,ELKOH,0,250000,6.98,84.71,415000 4367500,0,Marginal,orange,YES,257.868965,2713.8378425,105.9437555
415000,4367500,ELKOH,1.64042,250000,6.98,84.71,415000 4367500,0.5,Marginal,orange,YES,257.868965,2713.8378425,105.9437555
415000,4367500,ELKOH,6.56168,250000,6.92,84.71,415000 4367500,2,Marginal,orange,YES,257.868965,2713.8378425,105.9437555
415000,4367500,ELKOH,8.2021,250000,6.7,85.6,415000 4367500,2.5,Marginal,orange,YES,257.868965,2713.8378425,105.9437555
415000,4367500,ELKOH,3.28084,250000,6.98,84.71,415000 4367500,1,Marginal,orange,YES,257.868965,2713.8378425,105.9437555
415000,4367500,ELKOH,4.92126,250000,6.97,84.71,415000 4367500,1.5,Marginal,orange,YES,257.868965,2713.8378425,105.9437555
415500,4368000,ELKOH,1.64042,250000,6.97,84.77,415500 4368000,0.5,Marginal,orange,YES,258.1796505,2714.148528,106.254441
415500,4368000,ELKOH,3.28084,250000,6.97,84.77,415500 4368000,1,Marginal,orange,YES,258.1796505,2714.148528,106.254441
415500,4368000,ELKOH,0,250000,6.97,84.77,415500 4368000,0,Marginal,orange,YES,258.1796505,2714.148528,106.254441
415500,4368000,ELKOH,9.84252,250000,6.7,85.6,415500 4368000,3,Marginal,orange,YES,258.1796505,2714.148528,106.254441
415500,4368000,ELKOH,8.2021,250000,6.7,85.6,415500 4368000,2.5,Marginal,orange,YES,258.1796505,2714.148528,106.254441
415500,4368000,ELKOH,6.56168,250000,6.91,84.77,415500 4368000,2,Marginal,orange,YES,258.1796505,2714.148528,106.254441
415500,4368000,ELKOH,4.92126,250000,6.96,84.77,415500 4368000,1.5,Marginal,orange,YES,258.1796505,2714.148528,106.254441
416000,4368000,ELKOH,9.84252,250000,6.7,85.6,416000 4368000,3,Marginal,orange,YES,258.490336,2714.148528,106.254441
416000,4368000,ELKOH,4.92126,250000,6.95,84.82,416000 4368000,1.5,Marginal,orange,YES,258.490336,2714.148528,106.254441
416000,4368000,ELKOH,8.2021,250000,6.7,85.6,416000 4368000,2.5,Marginal,orange,YES,258.490336,2714.148528,106.254441
416000,4368000,ELKOH,6.56168,250000,6.9,84.82,416000 4368000,2,Marginal,orange,YES,258.490336,2714.148528,106.254441
416000,4368000,ELKOH,0,250000,6.96,84.82,416000 4368000,0,Marginal,orange,YES,258.490336,2714.148528,106.254441
416000,4368000,ELKOH,3.28084,250000,6.96,84.82,416000 4368000,1,Marginal,orange,YES,258.490336,2714.148528,106.254441
416000,4368000,ELKOH,1.64042,250000,6.96,84.82,416000 4368000,0.5,Marginal,orange,YES,258.490336,2714.148528,106.254441
416000,4368500,ELKOH,3.28084,250000,6.95,84.85,416000 4368500,1,Marginal,orange,YES,258.490336,2714.4592135,106.5651265
416000,4368500,ELKOH,1.64042,250000,6.95,84.85,416000 4368500,0.5,Marginal,orange,YES,258.490336,2714.4592135,106.5651265
416000,4368500,ELKOH,11.48294,250000,6.7,85.6,416000 4368500,3.5,Marginal,orange,YES,258.490336,2714.4592135,106.5651265
416000,4368500,ELKOH,0,250000,6.95,84.85,416000 4368500,0,Marginal,orange,YES,258.490336,2714.4592135,106.5651265
416000,4368500,ELKOH,4.92126,250000,6.94,84.85,416000 4368500,1.5,Marginal,orange,YES,258.490336,2714.4592135,106.5651265
416000,4368500,ELKOH,9.84252,250000,6.7,85.6,416000 4368500,3,Marginal,orange,YES,258.490336,2714.4592135,106.5651265
416000,4368500,ELKOH,8.2021,250000,6.7,85.6,416000 4368500,2.5,Marginal,orange,YES,258.490336,2714.4592135,106.5651265
416000,4368500,ELKOH,6.56168,250000,6.89,84.85,416000 4368500,2,Marginal,orange,YES,258.490336,2714.4592135,106.5651265
416500,4369000,ELKOH,13.12336,250000,6.7,85.6,416500 4369000,4,Marginal,orange,YES,258.8010215,2714.769899,106.875812
416500,4369000,ELKOH,9.84252,250000,6.7,85.6,416500 4369000,3,Marginal,orange,YES,258.8010215,2714.769899,106.875812
416500,4369000,ELKOH,3.28084,250000,6.93,84.94,416500 4369000,1,Marginal,orange,YES,258.8010215,2714.769899,106.875812
416500,4369000,ELKOH,0,250000,6.93,84.94,416500 4369000,0,Marginal,orange,YES,258.8010215,2714.769899,106.875812
416500,4369000,ELKOH,6.56168,250000,6.87,84.94,416500 4369000,2,Marginal,orange,YES,258.8010215,2714.769899,106.875812
416500,4369000,ELKOH,11.48294,250000,6.7,85.6,416500 4369000,3.5,Marginal,orange,YES,258.8010215,2714.769899,106.875812
416500,4369000,ELKOH,4.92126,250000,6.92,84.94,416500 4369000,1.5,Marginal,orange,YES,258.8010215,2714.769899,106.875812
416500,4369000,ELKOH,1.64042,250000,6.93,84.94,416500 4369000,0.5,Marginal,orange,YES,258.8010215,2714.769899,106.875812
416500,4369000,ELKOH,8.2021,250000,6.7,85.6,416500 4369000,2.5,Marginal,orange,YES,258.8010215,2714.769899,106.875812
417000,4369500,ELKOH,6.56168,250000,6.85,85.04,417000 4369500,2,Marginal,orange,YES,259.111707,2715.0805845,107.1864975
417000,4369500,ELKOH,9.84252,250000,6.7,85.6,417000 4369500,3,Marginal,orange,YES,259.111707,2715.0805845,107.1864975
417000,4369500,ELKOH,4.92126,250000,6.9,85.04,417000 4369500,1.5,Marginal,orange,YES,259.111707,2715.0805845,107.1864975
417000,4369500,ELKOH,11.48294,250000,6.7,85.6,417000 4369500,3.5,Marginal,orange,YES,259.111707,2715.0805845,107.1864975
417000,4369500,ELKOH,1.64042,250000,6.91,85.04,417000 4369500,0.5,Marginal,orange,YES,259.111707,2715.0805845,107.1864975
417000,4369500,ELKOH,8.2021,250000,6.7,85.6,417000 4369500,2.5,Marginal,orange,YES,259.111707,2715.0805845,107.1864975
417000,4369500,ELKOH,3.28084,250000,6.91,85.04,417000 4369500,1,Marginal,orange,YES,259.111707,2715.0805845,107.1864975
417000,4369500,ELKOH,0,250000,6.91,85.04,417000 4369500,0,Marginal,orange,YES,259.111707,2715.0805845,107.1864975
417000,4369500,ELKOH,13.12336,250000,6.7,85.6,417000 4369500,4,Marginal,orange,YES,259.111707,2715.0805845,107.1864975
417500,4370000,ELKOH,4.92126,250000,6.88,85.15,417500 4370000,1.5,Marginal,orange,YES,259.4223925,2715.39127,107.497183
417500,4370000,ELKOH,6.56168,250000,6.83,85.15,417500 4370000,2,Marginal,orange,YES,259.4223925,2715.39127,107.497183
417500,4370000,ELKOH,3.28084,250000,6.89,85.15,417500 4370000,1,Marginal,orange,YES,259.4223925,2715.39127,107.497183
417500,4370000,ELKOH,8.2021,250000,6.7,85.6,417500 4370000,2.5,Marginal,orange,YES,259.4223925,2715.39127,107.497183
417500,4370000,ELKOH,0,250000,6.89,85.15,417500 4370000,0,Marginal,orange,YES,259.4223925,2715.39127,107.497183
417500,4370000,ELKOH,1.64042,250000,6.89,85.15,417500 4370000,0.5,Marginal,orange,YES,259.4223925,2715.39127,107.497183
417500,4370000,ELKOH,9.84252,250000,6.7,85.6,417500 4370000,3,Marginal,orange,YES,259.4223925,2715.39127,107.497183
418000,4370500,ELKOH,4.92126,250000,6.85,85.25,418000 4370500,1.5,Marginal,orange,YES,259.733078,2715.7019555,107.8078685
418000,4370500,ELKOH,8.2021,250000,6.7,85.6,418000 4370500,2.5,Marginal,orange,YES,259.733078,2715.7019555,107.8078685
418000,4370500,ELKOH,3.28084,250000,6.87,85.25,418000 4370500,1,Marginal,orange,YES,259.733078,2715.7019555,107.8078685
418000,4370500,ELKOH,0,250000,6.87,85.25,418000 4370500,0,Marginal,orange,YES,259.733078,2715.7019555,107.8078685
418000,4370500,ELKOH,9.84252,250000,6.7,85.6,418000 4370500,3,Marginal,orange,YES,259.733078,2715.7019555,107.8078685
418000,4370500,ELKOH,1.64042,250000,6.87,85.25,418000 4370500,0.5,Marginal,orange,YES,259.733078,2715.7019555,107.8078685
418000,4370500,ELKOH,6.56168,250000,6.8,85.25,418000 4370500,2,Marginal,orange,YES,259.733078,2715.7019555,107.8078685
419500,4371000,ELKOH,1.64042,250000,6.83,85.43,419500 4371000,0.5,Marginal,orange,YES,260.6651345,2716.012641,108.118554
419500,4371000,ELKOH,0,250000,6.83,85.43,419500 4371000,0,Marginal,orange,YES,260.6651345,2716.012641,108.118554
419500,4371500,ELKOH,1.64042,250000,6.83,85.46,419500 4371500,0.5,Marginal,orange,YES,260.6651345,2716.3233265,108.4292395
419500,4371500,ELKOH,6.56168,250000,6.76,85.46,419500 4371500,2,Marginal,orange,YES,260.6651345,2716.3233265,108.4292395
419500,4371500,ELKOH,0,250000,6.83,85.46,419500 4371500,0,Marginal,orange,YES,260.6651345,2716.3233265,108.4292395
419500,4371500,ELKOH,4.92126,250000,6.81,85.46,419500 4371500,1.5,Marginal,orange,YES,260.6651345,2716.3233265,108.4292395
419500,4371500,ELKOH,3.28084,250000,6.83,85.46,419500 4371500,1,Marginal,orange,YES,260.6651345,2716.3233265,108.4292395
420000,4372000,ELKOH,3.28084,250000,6.82,85.51,420000 4372000,1,Marginal,orange,YES,260.97582,2716.634012,108.739925
420000,4372000,ELKOH,4.92126,250000,6.79,85.51,420000 4372000,1.5,Marginal,orange,YES,260.97582,2716.634012,108.739925
420000,4372000,ELKOH,1.64042,250000,6.82,85.51,420000 4372000,0.5,Marginal,orange,YES,260.97582,2716.634012,108.739925
420000,4372000,ELKOH,0,250000,6.82,85.51,420000 4372000,0,Marginal,orange,YES,260.97582,2716.634012,108.739925
420000,4372500,ELKOH,1.64042,250000,6.81,85.53,420000 4372500,0.5,Marginal,orange,YES,260.97582,2716.9446975,109.0506105
420000,4372500,ELKOH,4.92126,250000,6.79,85.53,420000 4372500,1.5,Marginal,orange,YES,260.97582,2716.9446975,109.0506105
420000,4372500,ELKOH,6.56168,250000,6.74,85.53,420000 4372500,2,Marginal,orange,YES,260.97582,2716.9446975,109.0506105
420000,4372500,ELKOH,0,250000,6.81,85.53,420000 4372500,0,Marginal,orange,YES,260.97582,2716.9446975,109.0506105
420000,4372500,ELKOH,3.28084,250000,6.81,85.53,420000 4372500,1,Marginal,orange,YES,260.97582,2716.9446975,109.0506105
420500,4373000,ELKOH,8.2021,250000,6.7,85.6,420500 4373000,2.5,Marginal,orange,YES,261.2865055,2717.255383,109.361296
420500,4373000,ELKOH,4.92126,250000,6.78,85.56,420500 4373000,1.5,Marginal,orange,YES,261.2865055,2717.255383,109.361296
420500,4373000,ELKOH,3.28084,250000,6.81,85.56,420500 4373000,1,Marginal,orange,YES,261.2865055,2717.255383,109.361296
420500,4373000,ELKOH,9.84252,250000,6.7,85.6,420500 4373000,3,Marginal,orange,YES,261.2865055,2717.255383,109.361296
420500,4373000,ELKOH,0,250000,6.81,85.56,420500 4373000,0,Marginal,orange,YES,261.2865055,2717.255383,109.361296
420500,4373000,ELKOH,6.56168,250000,6.73,85.56,420500 4373000,2,Marginal,orange,YES,261.2865055,2717.255383,109.361296
420500,4373000,ELKOH,1.64042,250000,6.81,85.56,420500 4373000,0.5,Marginal,orange,YES,261.2865055,2717.255383,109.361296
422000,4373500,ELKOH,4.92126,250000,6.78,85.6,422000 4373500,1.5,Marginal,orange,YES,262.218562,2717.5660685,109.6719815
422000,4373500,ELKOH,6.56168,250000,6.73,85.6,422000 4373500,2,Marginal,orange,YES,262.218562,2717.5660685,109.6719815
422000,4373500,ELKOH,1.64042,250000,6.8,85.6,422000 4373500,0.5,Marginal,orange,YES,262.218562,2717.5660685,109.6719815
422000,4373500,ELKOH,14.76378,250000,6.7,85.6,422000 4373500,4.5,Marginal,orange,YES,262.218562,2717.5660685,109.6719815
422000,4373500,ELKOH,3.28084,250000,6.8,85.6,422000 4373500,1,Marginal,orange,YES,262.218562,2717.5660685,109.6719815
422000,4373500,ELKOH,0,250000,6.8,85.6,422000 4373500,0,Marginal,orange,YES,262.218562,2717.5660685,109.6719815
422000,4373500,ELKOH,13.12336,250000,6.7,85.6,422000 4373500,4,Marginal,orange,YES,262.218562,2717.5660685,109.6719815
422000,4373500,ELKOH,11.48294,250000,6.7,85.6,422000 4373500,3.5,Marginal,orange,YES,262.218562,2717.5660685,109.6719815
422000,4373500,ELKOH,9.84252,250000,6.7,85.6,422000 4373500,3,Marginal,orange,YES,262.218562,2717.5660685,109.6719815
422000,4373500,ELKOH,8.2021,250000,6.7,85.6,422000 4373500,2.5,Marginal,orange,YES,262.218562,2717.5660685,109.6719815
423500,4374000,ELKOH,8.2021,250000,6.7,85.6,423500 4374000,2.5,Marginal,orange,YES,263.1506185,2717.876754,109.982667
423500,4374000,ELKOH,9.84252,250000,6.7,85.6,423500 4374000,3,Marginal,orange,YES,263.1506185,2717.876754,109.982667
423500,4374000,ELKOH,6.56168,250000,6.73,85.6,423500 4374000,2,Marginal,orange,YES,263.1506185,2717.876754,109.982667
423500,4374000,ELKOH,4.92126,250000,6.78,85.6,423500 4374000,1.5,Marginal,orange,YES,263.1506185,2717.876754,109.982667
423500,4374000,ELKOH,13.12336,250000,6.7,85.6,423500 4374000,4,Marginal,orange,YES,263.1506185,2717.876754,109.982667
423500,4374000,ELKOH,3.28084,250000,6.8,85.6,423500 4374000,1,Marginal,orange,YES,263.1506185,2717.876754,109.982667
423500,4374000,ELKOH,1.64042,250000,6.8,85.6,423500 4374000,0.5,Marginal,orange,YES,263.1506185,2717.876754,109.982667
423500,4374000,ELKOH,0,250000,6.8,85.6,423500 4374000,0,Marginal,orange,YES,263.1506185,2717.876754,109.982667
423500,4374000,ELKOH,11.48294,250000,6.7,85.6,423500 4374000,3.5,Marginal,orange,YES,263.1506185,2717.876754,109.982667
424000,4374500,ELKOH,3.28084,250000,6.8,85.59,424000 4374500,1,Marginal,orange,YES,263.461304,2718.1874395,110.2933525
424000,4374500,ELKOH,13.12336,250000,6.7,85.6,424000 4374500,4,Marginal,orange,YES,263.461304,2718.1874395,110.2933525
424000,4374500,ELKOH,11.48294,250000,6.7,85.6,424000 4374500,3.5,Marginal,orange,YES,263.461304,2718.1874395,110.2933525
424000,4374500,ELKOH,1.64042,250000,6.8,85.59,424000 4374500,0.5,Marginal,orange,YES,263.461304,2718.1874395,110.2933525
424000,4374500,ELKOH,8.2021,250000,6.7,85.6,424000 4374500,2.5,Marginal,orange,YES,263.461304,2718.1874395,110.2933525
424000,4374500,ELKOH,0,250000,6.8,85.59,424000 4374500,0,Marginal,orange,YES,263.461304,2718.1874395,110.2933525
424000,4374500,ELKOH,14.76378,250000,6.7,85.6,424000 4374500,4.5,Marginal,orange,YES,263.461304,2718.1874395,110.2933525
424000,4374500,ELKOH,9.84252,250000,6.7,85.6,424000 4374500,3,Marginal,orange,YES,263.461304,2718.1874395,110.2933525
424000,4374500,ELKOH,6.56168,250000,6.73,85.59,424000 4374500,2,Marginal,orange,YES,263.461304,2718.1874395,110.2933525
424000,4374500,ELKOH,4.92126,250000,6.78,85.59,424000 4374500,1.5,Marginal,orange,YES,263.461304,2718.1874395,110.2933525
424500,4375000,ELKOH,8.2021,250000,6.7,85.6,424500 4375000,2.5,Marginal,orange,YES,263.7719895,2718.498125,110.604038
424500,4375000,ELKOH,4.92126,250000,6.78,85.58,424500 4375000,1.5,Marginal,orange,YES,263.7719895,2718.498125,110.604038
424500,4375000,ELKOH,6.56168,250000,6.73,85.58,424500 4375000,2,Marginal,orange,YES,263.7719895,2718.498125,110.604038
424500,4375000,ELKOH,9.84252,250000,6.7,85.6,424500 4375000,3,Marginal,orange,YES,263.7719895,2718.498125,110.604038
424500,4375000,ELKOH,0,250000,6.8,85.58,424500 4375000,0,Marginal,orange,YES,263.7719895,2718.498125,110.604038
424500,4375000,ELKOH,1.64042,250000,6.8,85.58,424500 4375000,0.5,Marginal,orange,YES,263.7719895,2718.498125,110.604038
424500,4375000,ELKOH,3.28084,250000,6.8,85.58,424500 4375000,1,Marginal,orange,YES,263.7719895,2718.498125,110.604038
425000,4375300,C&DOH,11.48294,10000,6.57,85.52,425000 4375300,3.5,Marginal,orange,YES,264.082675,2718.6845363,110.7904493
425000,4375300,C&DOH,9.84252,10000,6.57,85.52,425000 4375300,3,Marginal,orange,YES,264.082675,2718.6845363,110.7904493
425000,4375300,C&DOH,3.28084,10000,6.65,85.5,425000 4375300,1,Marginal,orange,YES,264.082675,2718.6845363,110.7904493
425000,4375300,C&DOH,0,10000,6.66,85.5,425000 4375300,0,Marginal,orange,YES,264.082675,2718.6845363,110.7904493
425000,4375300,C&DOH,13.12336,10000,6.57,85.52,425000 4375300,4,Marginal,orange,YES,264.082675,2718.6845363,110.7904493
425000,4375300,C&DOH,6.56168,10000,6.59,85.5,425000 4375300,2,Marginal,orange,YES,264.082675,2718.6845363,110.7904493
425000,4375300,C&DOH,4.92126,10000,6.63,85.5,425000 4375300,1.5,Marginal,orange,YES,264.082675,2718.6845363,110.7904493
425000,4375300,C&DOH,8.2021,10000,6.57,85.52,425000 4375300,2.5,Marginal,orange,YES,264.082675,2718.6845363,110.7904493
425000,4375300,C&DOH,1.64042,10000,6.65,85.5,425000 4375300,0.5,Marginal,orange,YES,264.082675,2718.6845363,110.7904493
425000,4375400,C&DOH,6.56168,10000,6.59,85.5,425000 4375400,2,Marginal,orange,YES,264.082675,2718.7466734,110.8525864
425000,4375400,C&DOH,16.4042,10000,6.56,85.52,425000 4375400,5,Marginal,orange,YES,264.082675,2718.7466734,110.8525864
425000,4375400,C&DOH,13.12336,10000,6.56,85.52,425000 4375400,4,Marginal,orange,YES,264.082675,2718.7466734,110.8525864
425000,4375400,C&DOH,9.84252,10000,6.56,85.52,425000 4375400,3,Marginal,orange,YES,264.082675,2718.7466734,110.8525864
425000,4375400,C&DOH,0,10000,6.66,85.5,425000 4375400,0,Marginal,orange,YES,264.082675,2718.7466734,110.8525864
425000,4375400,C&DOH,14.76378,10000,6.56,85.52,425000 4375400,4.5,Marginal,orange,YES,264.082675,2718.7466734,110.8525864
425000,4375400,C&DOH,11.48294,10000,6.56,85.52,425000 4375400,3.5,Marginal,orange,YES,264.082675,2718.7466734,110.8525864
425000,4375400,C&DOH,1.64042,10000,6.65,85.5,425000 4375400,0.5,Marginal,orange,YES,264.082675,2718.7466734,110.8525864
425000,4375400,C&DOH,4.92126,10000,6.63,85.5,425000 4375400,1.5,Marginal,orange,YES,264.082675,2718.7466734,110.8525864
425000,4375400,C&DOH,3.28084,10000,6.65,85.5,425000 4375400,1,Marginal,orange,YES,264.082675,2718.7466734,110.8525864
425000,4375400,C&DOH,8.2021,10000,6.56,85.52,425000 4375400,2.5,Marginal,orange,YES,264.082675,2718.7466734,110.8525864
425100,4375400,C&DOH,16.4042,10000,6.55,85.51,425100 4375400,5,Marginal,orange,YES,264.1448121,2718.7466734,110.8525864
425100,4375400,C&DOH,6.56168,10000,6.58,85.49,425100 4375400,2,Marginal,orange,YES,264.1448121,2718.7466734,110.8525864
425100,4375400,C&DOH,13.12336,10000,6.55,85.51,425100 4375400,4,Marginal,orange,YES,264.1448121,2718.7466734,110.8525864
425100,4375400,C&DOH,11.48294,10000,6.55,85.51,425100 4375400,3.5,Marginal,orange,YES,264.1448121,2718.7466734,110.8525864
425100,4375400,C&DOH,1.64042,10000,6.63,85.49,425100 4375400,0.5,Marginal,orange,YES,264.1448121,2718.7466734,110.8525864
425100,4375400,C&DOH,9.84252,10000,6.55,85.51,425100 4375400,3,Marginal,orange,YES,264.1448121,2718.7466734,110.8525864
425100,4375400,C&DOH,0,10000,6.65,85.49,425100 4375400,0,Marginal,orange,YES,264.1448121,2718.7466734,110.8525864
425100,4375400,C&DOH,14.76378,10000,6.55,85.51,425100 4375400,4.5,Marginal,orange,YES,264.1448121,2718.7466734,110.8525864
425100,4375400,C&DOH,3.28084,10000,6.63,85.49,425100 4375400,1,Marginal,orange,YES,264.1448121,2718.7466734,110.8525864
425100,4375400,C&DOH,4.92126,10000,6.62,85.49,425100 4375400,1.5,Marginal,orange,YES,264.1448121,2718.7466734,110.8525864
425100,4375400,C&DOH,8.2021,10000,6.55,85.51,425100 4375400,2.5,Marginal,orange,YES,264.1448121,2718.7466734,110.8525864
425100,4375500,C&DOH,6.56168,10000,6.58,85.49,425100 4375500,2,Marginal,orange,YES,264.1448121,2718.8088105,110.9147235
425100,4375500,C&DOH,14.76378,10000,6.55,85.51,425100 4375500,4.5,Marginal,orange,YES,264.1448121,2718.8088105,110.9147235
425100,4375500,C&DOH,4.92126,10000,6.61,85.49,425100 4375500,1.5,Marginal,orange,YES,264.1448121,2718.8088105,110.9147235
425100,4375500,C&DOH,16.4042,10000,6.55,85.51,425100 4375500,5,Marginal,orange,YES,264.1448121,2718.8088105,110.9147235
425100,4375500,C&DOH,3.28084,10000,6.63,85.49,425100 4375500,1,Marginal,orange,YES,264.1448121,2718.8088105,110.9147235
425100,4375500,C&DOH,8.2021,10000,6.55,85.51,425100 4375500,2.5,Marginal,orange,YES,264.1448121,2718.8088105,110.9147235
425100,4375500,C&DOH,11.48294,10000,6.55,85.51,425100 4375500,3.5,Marginal,orange,YES,264.1448121,2718.8088105,110.9147235
425100,4375500,C&DOH,1.64042,10000,6.63,85.49,425100 4375500,0.5,Marginal,orange,YES,264.1448121,2718.8088105,110.9147235
425100,4375500,C&DOH,13.12336,10000,6.55,85.51,425100 4375500,4,Marginal,orange,YES,264.1448121,2718.8088105,110.9147235
425100,4375500,C&DOH,0,10000,6.64,85.49,425100 4375500,0,Marginal,orange,YES,264.1448121,2718.8088105,110.9147235
425100,4375500,C&DOH,9.84252,10000,6.55,85.51,425100 4375500,3,Marginal,orange,YES,264.1448121,2718.8088105,110.9147235
425200,4375500,C&DOH,3.28084,10000,6.62,85.48,425200 4375500,1,Marginal,orange,YES,264.2069492,2718.8088105,110.9147235
425200,4375500,C&DOH,16.4042,10000,6.54,85.5,425200 4375500,5,Marginal,orange,YES,264.2069492,2718.8088105,110.9147235
425200,4375500,C&DOH,1.64042,10000,6.62,85.48,425200 4375500,0.5,Marginal,orange,YES,264.2069492,2718.8088105,110.9147235
425200,4375500,C&DOH,8.2021,10000,6.54,85.5,425200 4375500,2.5,Marginal,orange,YES,264.2069492,2718.8088105,110.9147235
425200,4375500,C&DOH,6.56168,10000,6.57,85.48,425200 4375500,2,Marginal,orange,YES,264.2069492,2718.8088105,110.9147235
425200,4375500,C&DOH,4.92126,10000,6.6,85.48,425200 4375500,1.5,Marginal,orange,YES,264.2069492,2718.8088105,110.9147235
425200,4375500,C&DOH,9.84252,10000,6.54,85.5,425200 4375500,3,Marginal,orange,YES,264.2069492,2718.8088105,110.9147235
425200,4375500,C&DOH,13.12336,10000,6.54,85.5,425200 4375500,4,Marginal,orange,YES,264.2069492,2718.8088105,110.9147235
425200,4375500,C&DOH,0,10000,6.63,85.48,425200 4375500,0,Marginal,orange,YES,264.2069492,2718.8088105,110.9147235
425200,4375500,C&DOH,14.76378,10000,6.54,85.5,425200 4375500,4.5,Marginal,orange,YES,264.2069492,2718.8088105,110.9147235
425200,4375500,C&DOH,11.48294,10000,6.54,85.5,425200 4375500,3.5,Marginal,orange,YES,264.2069492,2718.8088105,110.9147235
425300,4375600,C&DOH,9.84252,10000,6.53,85.5,425300 4375600,3,Marginal,orange,YES,264.2690863,2718.8709476,110.9768606
425300,4375600,C&DOH,6.56168,10000,6.55,85.47,425300 4375600,2,Marginal,orange,YES,264.2690863,2718.8709476,110.9768606
425300,4375600,C&DOH,11.48294,10000,6.53,85.5,425300 4375600,3.5,Marginal,orange,YES,264.2690863,2718.8709476,110.9768606
425300,4375600,C&DOH,8.2021,10000,6.53,85.5,425300 4375600,2.5,Marginal,orange,YES,264.2690863,2718.8709476,110.9768606
425300,4375600,C&DOH,4.92126,10000,6.59,85.47,425300 4375600,1.5,Marginal,orange,YES,264.2690863,2718.8709476,110.9768606
425300,4375600,C&DOH,0,10000,6.62,85.47,425300 4375600,0,Marginal,orange,YES,264.2690863,2718.8709476,110.9768606
425300,4375600,C&DOH,1.64042,10000,6.6,85.47,425300 4375600,0.5,Marginal,orange,YES,264.2690863,2718.8709476,110.9768606
425300,4375600,C&DOH,3.28084,10000,6.6,85.47,425300 4375600,1,Marginal,orange,YES,264.2690863,2718.8709476,110.9768606
425300,4375600,C&DOH,16.4042,10000,6.53,85.5,425300 4375600,5,Marginal,orange,YES,264.2690863,2718.8709476,110.9768606
425300,4375600,C&DOH,13.12336,10000,6.53,85.5,425300 4375600,4,Marginal,orange,YES,264.2690863,2718.8709476,110.9768606
425300,4375600,C&DOH,14.76378,10000,6.53,85.5,425300 4375600,4.5,Marginal,orange,YES,264.2690863,2718.8709476,110.9768606
425400,4375600,C&DOH,4.92126,10000,6.57,85.47,425400 4375600,1.5,Marginal,orange,YES,264.3312234,2718.8709476,110.9768606
425400,4375600,C&DOH,3.28084,10000,6.59,85.47,425400 4375600,1,Marginal,orange,YES,264.3312234,2718.8709476,110.9768606
425400,4375600,C&DOH,14.76378,10000,6.52,85.49,425400 4375600,4.5,Marginal,orange,YES,264.3312234,2718.8709476,110.9768606
425400,4375600,C&DOH,13.12336,10000,6.52,85.49,425400 4375600,4,Marginal,orange,YES,264.3312234,2718.8709476,110.9768606
425400,4375600,C&DOH,8.2021,10000,6.52,85.49,425400 4375600,2.5,Marginal,orange,YES,264.3312234,2718.8709476,110.9768606
425400,4375600,C&DOH,9.84252,10000,6.52,85.49,425400 4375600,3,Marginal,orange,YES,264.3312234,2718.8709476,110.9768606
425400,4375600,C&DOH,1.64042,10000,6.59,85.47,425400 4375600,0.5,Marginal,orange,YES,264.3312234,2718.8709476,110.9768606
425400,4375600,C&DOH,16.4042,10000,6.52,85.49,425400 4375600,5,Marginal,orange,YES,264.3312234,2718.8709476,110.9768606
425400,4375600,C&DOH,0,10000,6.61,85.47,425400 4375600,0,Marginal,orange,YES,264.3312234,2718.8709476,110.9768606
425400,4375600,C&DOH,11.48294,10000,6.52,85.49,425400 4375600,3.5,Marginal,orange,YES,264.3312234,2718.8709476,110.9768606
425400,4375600,C&DOH,6.56168,10000,6.54,85.47,425400 4375600,2,Marginal,orange,YES,264.3312234,2718.8709476,110.9768606
425400,4375700,C&DOH,14.76378,10000,6.51,85.49,425400 4375700,4.5,Marginal,orange,YES,264.3312234,2718.9330847,111.0389977
425400,4375700,C&DOH,11.48294,10000,6.51,85.49,425400 4375700,3.5,Marginal,orange,YES,264.3312234,2718.9330847,111.0389977
425400,4375700,C&DOH,8.2021,10000,6.51,85.49,425400 4375700,2.5,Marginal,orange,YES,264.3312234,2718.9330847,111.0389977
425400,4375700,C&DOH,3.28084,10000,6.59,85.46,425400 4375700,1,Marginal,orange,YES,264.3312234,2718.9330847,111.0389977
425400,4375700,C&DOH,1.64042,10000,6.59,85.46,425400 4375700,0.5,Marginal,orange,YES,264.3312234,2718.9330847,111.0389977
425400,4375700,C&DOH,4.92126,10000,6.57,85.46,425400 4375700,1.5,Marginal,orange,YES,264.3312234,2718.9330847,111.0389977
425400,4375700,C&DOH,13.12336,10000,6.51,85.49,425400 4375700,4,Marginal,orange,YES,264.3312234,2718.9330847,111.0389977
425400,4375700,C&DOH,9.84252,10000,6.51,85.49,425400 4375700,3,Marginal,orange,YES,264.3312234,2718.9330847,111.0389977
425400,4375700,C&DOH,16.4042,10000,6.51,85.49,425400 4375700,5,Marginal,orange,YES,264.3312234,2718.9330847,111.0389977
425400,4375700,C&DOH,6.56168,10000,6.54,85.46,425400 4375700,2,Marginal,orange,YES,264.3312234,2718.9330847,111.0389977
425400,4375700,C&DOH,0,10000,6.6,85.46,425400 4375700,0,Marginal,orange,YES,264.3312234,2718.9330847,111.0389977
425500,4375700,C&DOH,0,10000,6.59,85.46,425500 4375700,0,Marginal,orange,YES,264.3933605,2718.9330847,111.0389977
425500,4375700,C&DOH,14.76378,10000,6.5,85.48,425500 4375700,4.5,Marginal,orange,YES,264.3933605,2718.9330847,111.0389977
425500,4375700,C&DOH,4.92126,10000,6.56,85.46,425500 4375700,1.5,Marginal,orange,YES,264.3933605,2718.9330847,111.0389977
425500,4375700,C&DOH,11.48294,10000,6.5,85.48,425500 4375700,3.5,Marginal,orange,YES,264.3933605,2718.9330847,111.0389977
425500,4375700,C&DOH,16.4042,10000,6.5,85.48,425500 4375700,5,Marginal,orange,YES,264.3933605,2718.9330847,111.0389977
425500,4375700,C&DOH,13.12336,10000,6.5,85.48,425500 4375700,4,Marginal,orange,YES,264.3933605,2718.9330847,111.0389977
425500,4375700,C&DOH,8.2021,10000,6.5,85.48,425500 4375700,2.5,Marginal,orange,YES,264.3933605,2718.9330847,111.0389977
425500,4375700,C&DOH,1.64042,10000,6.57,85.46,425500 4375700,0.5,Marginal,orange,YES,264.3933605,2718.9330847,111.0389977
425500,4375700,C&DOH,3.28084,10000,6.57,85.46,425500 4375700,1,Marginal,orange,YES,264.3933605,2718.9330847,111.0389977
425500,4375700,C&DOH,6.56168,10000,6.53,85.46,425500 4375700,2,Marginal,orange,YES,264.3933605,2718.9330847,111.0389977
425500,4375700,C&DOH,9.84252,10000,6.5,85.48,425500 4375700,3,Marginal,orange,YES,264.3933605,2718.9330847,111.0389977
425500,4375800,C&DOH,16.4042,10000,6.5,85.48,425500 4375800,5,Marginal,orange,YES,264.3933605,2718.9952218,111.1011348
425500,4375800,C&DOH,8.2021,10000,6.5,85.48,425500 4375800,2.5,Marginal,orange,YES,264.3933605,2718.9952218,111.1011348
425500,4375800,C&DOH,9.84252,10000,6.5,85.48,425500 4375800,3,Marginal,orange,YES,264.3933605,2718.9952218,111.1011348
425500,4375800,C&DOH,6.56168,10000,6.52,85.45,425500 4375800,2,Marginal,orange,YES,264.3933605,2718.9952218,111.1011348
425500,4375800,C&DOH,13.12336,10000,6.5,85.48,425500 4375800,4,Marginal,orange,YES,264.3933605,2718.9952218,111.1011348
425500,4375800,C&DOH,3.28084,10000,6.57,85.45,425500 4375800,1,Marginal,orange,YES,264.3933605,2718.9952218,111.1011348
425500,4375800,C&DOH,4.92126,10000,6.55,85.45,425500 4375800,1.5,Marginal,orange,YES,264.3933605,2718.9952218,111.1011348
425500,4375800,C&DOH,14.76378,10000,6.5,85.48,425500 4375800,4.5,Marginal,orange,YES,264.3933605,2718.9952218,111.1011348
425500,4375800,C&DOH,11.48294,10000,6.5,85.48,425500 4375800,3.5,Marginal,orange,YES,264.3933605,2718.9952218,111.1011348
425500,4375800,C&DOH,0,10000,6.59,85.45,425500 4375800,0,Marginal,orange,YES,264.3933605,2718.9952218,111.1011348
425500,4375800,C&DOH,1.64042,10000,6.57,85.45,425500 4375800,0.5,Marginal,orange,YES,264.3933605,2718.9952218,111.1011348
425600,4375700,C&DOH,11.48294,10000,6.49,85.47,425600 4375700,3.5,Marginal,orange,YES,264.4554976,2718.9330847,111.0389977
425600,4375700,C&DOH,16.4042,10000,6.49,85.47,425600 4375700,5,Marginal,orange,YES,264.4554976,2718.9330847,111.0389977
425600,4375700,C&DOH,6.56168,10000,6.52,85.45,425600 4375700,2,Marginal,orange,YES,264.4554976,2718.9330847,111.0389977
425600,4375700,C&DOH,9.84252,10000,6.49,85.47,425600 4375700,3,Marginal,orange,YES,264.4554976,2718.9330847,111.0389977
425600,4375700,C&DOH,13.12336,10000,6.49,85.47,425600 4375700,4,Marginal,orange,YES,264.4554976,2718.9330847,111.0389977
425600,4375700,C&DOH,8.2021,10000,6.49,85.47,425600 4375700,2.5,Marginal,orange,YES,264.4554976,2718.9330847,111.0389977
425600,4375700,C&DOH,1.64042,10000,6.56,85.45,425600 4375700,0.5,Marginal,orange,YES,264.4554976,2718.9330847,111.0389977
425600,4375700,C&DOH,0,10000,6.58,85.45,425600 4375700,0,Marginal,orange,YES,264.4554976,2718.9330847,111.0389977
425600,4375700,C&DOH,14.76378,10000,6.49,85.47,425600 4375700,4.5,Marginal,orange,YES,264.4554976,2718.9330847,111.0389977
425600,4375700,C&DOH,4.92126,10000,6.55,85.45,425600 4375700,1.5,Marginal,orange,YES,264.4554976,2718.9330847,111.0389977
425600,4375700,C&DOH,3.28084,10000,6.56,85.45,425600 4375700,1,Marginal,orange,YES,264.4554976,2718.9330847,111.0389977
425600,4375800,C&DOH,11.48294,10000,6.49,85.47,425600 4375800,3.5,Marginal,orange,YES,264.4554976,2718.9952218,111.1011348
425600,4375800,C&DOH,8.2021,10000,6.49,85.47,425600 4375800,2.5,Marginal,orange,YES,264.4554976,2718.9952218,111.1011348
425600,4375800,C&DOH,1.64042,10000,6.56,85.45,425600 4375800,0.5,Marginal,orange,YES,264.4554976,2718.9952218,111.1011348
425600,4375800,C&DOH,4.92126,10000,6.54,85.45,425600 4375800,1.5,Marginal,orange,YES,264.4554976,2718.9952218,111.1011348
425600,4375800,C&DOH,3.28084,10000,6.56,85.45,425600 4375800,1,Marginal,orange,YES,264.4554976,2718.9952218,111.1011348
425600,4375800,C&DOH,6.56168,10000,6.51,85.45,425600 4375800,2,Marginal,orange,YES,264.4554976,2718.9952218,111.1011348
425600,4375800,C&DOH,14.76378,10000,6.49,85.47,425600 4375800,4.5,Marginal,orange,YES,264.4554976,2718.9952218,111.1011348
425600,4375800,C&DOH,9.84252,10000,6.49,85.47,425600 4375800,3,Marginal,orange,YES,264.4554976,2718.9952218,111.1011348
425600,4375800,C&DOH,13.12336,10000,6.49,85.47,425600 4375800,4,Marginal,orange,YES,264.4554976,2718.9952218,111.1011348
425600,4375800,C&DOH,16.4042,10000,6.49,85.47,425600 4375800,5,Marginal,orange,YES,264.4554976,2718.9952218,111.1011348
425600,4375800,C&DOH,0,10000,6.58,85.45,425600 4375800,0,Marginal,orange,YES,264.4554976,2718.9952218,111.1011348
425600,4375900,C&DOH,6.56168,10000,6.51,85.45,425600 4375900,2,Marginal,orange,YES,264.4554976,2719.0573589,111.1632719
425600,4375900,C&DOH,9.84252,10000,6.48,85.47,425600 4375900,3,Marginal,orange,YES,264.4554976,2719.0573589,111.1632719
425600,4375900,C&DOH,8.2021,10000,6.48,85.47,425600 4375900,2.5,Marginal,orange,YES,264.4554976,2719.0573589,111.1632719
425600,4375900,C&DOH,1.64042,10000,6.55,85.45,425600 4375900,0.5,Marginal,orange,YES,264.4554976,2719.0573589,111.1632719
425600,4375900,C&DOH,0,10000,6.57,85.45,425600 4375900,0,Marginal,orange,YES,264.4554976,2719.0573589,111.1632719
425600,4375900,C&DOH,4.92126,10000,6.54,85.45,425600 4375900,1.5,Marginal,orange,YES,264.4554976,2719.0573589,111.1632719
425600,4375900,C&DOH,3.28084,10000,6.55,85.45,425600 4375900,1,Marginal,orange,YES,264.4554976,2719.0573589,111.1632719
425600,4375900,C&DOH,16.4042,10000,6.48,85.47,425600 4375900,5,Marginal,orange,YES,264.4554976,2719.0573589,111.1632719
425600,4375900,C&DOH,14.76378,10000,6.48,85.47,425600 4375900,4.5,Marginal,orange,YES,264.4554976,2719.0573589,111.1632719
425600,4375900,C&DOH,13.12336,10000,6.48,85.47,425600 4375900,4,Marginal,orange,YES,264.4554976,2719.0573589,111.1632719
425600,4375900,C&DOH,11.48294,10000,6.48,85.47,425600 4375900,3.5,Marginal,orange,YES,264.4554976,2719.0573589,111.1632719
425700,4375900,C&DOH,0,10000,6.56,85.44,425700 4375900,0,Marginal,orange,YES,264.5176347,2719.0573589,111.1632719
425700,4375900,C&DOH,1.64042,10000,6.54,85.44,425700 4375900,0.5,Marginal,orange,YES,264.5176347,2719.0573589,111.1632719
425700,4375900,C&DOH,13.12336,10000,6.47,85.46,425700 4375900,4,Marginal,orange,YES,264.5176347,2719.0573589,111.1632719
425700,4375900,C&DOH,8.2021,10000,6.47,85.46,425700 4375900,2.5,Marginal,orange,YES,264.5176347,2719.0573589,111.1632719
425700,4375900,C&DOH,6.56168,10000,6.5,85.44,425700 4375900,2,Marginal,orange,YES,264.5176347,2719.0573589,111.1632719
425700,4375900,C&DOH,3.28084,10000,6.54,85.44,425700 4375900,1,Marginal,orange,YES,264.5176347,2719.0573589,111.1632719
425700,4375900,C&DOH,9.84252,10000,6.47,85.46,425700 4375900,3,Marginal,orange,YES,264.5176347,2719.0573589,111.1632719
425700,4375900,C&DOH,11.48294,10000,6.47,85.46,425700 4375900,3.5,Marginal,orange,YES,264.5176347,2719.0573589,111.1632719
425700,4375900,C&DOH,4.92126,10000,6.53,85.44,425700 4375900,1.5,Marginal,orange,YES,264.5176347,2719.0573589,111.1632719
425700,4375900,C&DOH,14.76378,10000,6.47,85.46,425700 4375900,4.5,Marginal,orange,YES,264.5176347,2719.0573589,111.1632719
425700,4375900,C&DOH,16.4042,10000,6.47,85.46,425700 4375900,5,Marginal,orange,YES,264.5176347,2719.0573589,111.1632719
425800,4375900,C&DOH,11.48294,10000,6.46,85.46,425800 4375900,3.5,Marginal,orange,YES,264.5797718,2719.0573589,111.1632719
425800,4375900,C&DOH,6.56168,10000,6.49,85.43,425800 4375900,2,Marginal,orange,YES,264.5797718,2719.0573589,111.1632719
425800,4375900,C&DOH,8.2021,10000,6.46,85.46,425800 4375900,2.5,Marginal,orange,YES,264.5797718,2719.0573589,111.1632719
425800,4375900,C&DOH,4.92126,10000,6.51,85.43,425800 4375900,1.5,Marginal,orange,YES,264.5797718,2719.0573589,111.1632719
425800,4375900,C&DOH,1.64042,10000,6.53,85.43,425800 4375900,0.5,Marginal,orange,YES,264.5797718,2719.0573589,111.1632719
425800,4375900,C&DOH,16.4042,10000,6.46,85.46,425800 4375900,5,Marginal,orange,YES,264.5797718,2719.0573589,111.1632719
425800,4375900,C&DOH,9.84252,10000,6.46,85.46,425800 4375900,3,Marginal,orange,YES,264.5797718,2719.0573589,111.1632719
425800,4375900,C&DOH,0,10000,6.55,85.43,425800 4375900,0,Marginal,orange,YES,264.5797718,2719.0573589,111.1632719
425800,4375900,C&DOH,14.76378,10000,6.46,85.46,425800 4375900,4.5,Marginal,orange,YES,264.5797718,2719.0573589,111.1632719
425800,4375900,C&DOH,3.28084,10000,6.53,85.43,425800 4375900,1,Marginal,orange,YES,264.5797718,2719.0573589,111.1632719
425800,4375900,C&DOH,13.12336,10000,6.46,85.46,425800 4375900,4,Marginal,orange,YES,264.5797718,2719.0573589,111.1632719
425800,4376000,C&DOH,9.84252,10000,6.46,85.45,425800 4376000,3,Marginal,orange,YES,264.5797718,2719.119496,111.225409
425800,4376000,C&DOH,11.48294,10000,6.46,85.45,425800 4376000,3.5,Marginal,orange,YES,264.5797718,2719.119496,111.225409
425800,4376000,C&DOH,8.2021,10000,6.46,85.45,425800 4376000,2.5,Marginal,orange,YES,264.5797718,2719.119496,111.225409
425800,4376000,C&DOH,14.76378,10000,6.46,85.45,425800 4376000,4.5,Marginal,orange,YES,264.5797718,2719.119496,111.225409
425800,4376000,C&DOH,6.56168,10000,6.48,85.43,425800 4376000,2,Marginal,orange,YES,264.5797718,2719.119496,111.225409
425800,4376000,C&DOH,3.28084,10000,6.52,85.43,425800 4376000,1,Marginal,orange,YES,264.5797718,2719.119496,111.225409
425800,4376000,C&DOH,4.92126,10000,6.51,85.43,425800 4376000,1.5,Marginal,orange,YES,264.5797718,2719.119496,111.225409
425800,4376000,C&DOH,13.12336,10000,6.46,85.45,425800 4376000,4,Marginal,orange,YES,264.5797718,2719.119496,111.225409
425800,4376000,C&DOH,16.4042,10000,6.46,85.45,425800 4376000,5,Marginal,orange,YES,264.5797718,2719.119496,111.225409
425800,4376000,C&DOH,1.64042,10000,6.52,85.43,425800 4376000,0.5,Marginal,orange,YES,264.5797718,2719.119496,111.225409
425800,4376000,C&DOH,0,10000,6.55,85.43,425800 4376000,0,Marginal,orange,YES,264.5797718,2719.119496,111.225409
425900,4376000,C&DOH,3.28084,10000,6.51,85.43,425900 4376000,1,Marginal,orange,YES,264.6419089,2719.119496,111.225409
425900,4376000,C&DOH,4.92126,10000,6.5,85.43,425900 4376000,1.5,Marginal,orange,YES,264.6419089,2719.119496,111.225409
425900,4376000,C&DOH,13.12336,10000,6.45,85.45,425900 4376000,4,Marginal,orange,YES,264.6419089,2719.119496,111.225409
425900,4376000,C&DOH,0,10000,6.53,85.43,425900 4376000,0,Marginal,orange,YES,264.6419089,2719.119496,111.225409
425900,4376000,C&DOH,6.56168,10000,6.47,85.43,425900 4376000,2,Marginal,orange,YES,264.6419089,2719.119496,111.225409
425900,4376000,C&DOH,16.4042,10000,6.45,85.45,425900 4376000,5,Marginal,orange,YES,264.6419089,2719.119496,111.225409
425900,4376000,C&DOH,14.76378,10000,6.45,85.45,425900 4376000,4.5,Marginal,orange,YES,264.6419089,2719.119496,111.225409
425900,4376000,C&DOH,1.64042,10000,6.51,85.43,425900 4376000,0.5,Marginal,orange,YES,264.6419089,2719.119496,111.225409
425900,4376000,C&DOH,11.48294,10000,6.45,85.45,425900 4376000,3.5,Marginal,orange,YES,264.6419089,2719.119496,111.225409
425900,4376000,C&DOH,9.84252,10000,6.45,85.45,425900 4376000,3,Marginal,orange,YES,264.6419089,2719.119496,111.225409
425900,4376000,C&DOH,8.2021,10000,6.45,85.45,425900 4376000,2.5,Marginal,orange,YES,264.6419089,2719.119496,111.225409
426000,4376000,C&DOH,16.4042,10000,6.44,85.44,426000 4376000,5,Marginal,orange,YES,264.704046,2719.119496,111.225409
426000,4376000,C&DOH,14.76378,10000,6.44,85.44,426000 4376000,4.5,Marginal,orange,YES,264.704046,2719.119496,111.225409
426000,4376000,C&DOH,3.28084,10000,6.5,85.42,426000 4376000,1,Marginal,orange,YES,264.704046,2719.119496,111.225409
426000,4376000,C&DOH,6.56168,10000,6.46,85.42,426000 4376000,2,Marginal,orange,YES,264.704046,2719.119496,111.225409
426000,4376000,C&DOH,4.92126,10000,6.48,85.42,426000 4376000,1.5,Marginal,orange,YES,264.704046,2719.119496,111.225409
426000,4376000,C&DOH,1.64042,10000,6.5,85.42,426000 4376000,0.5,Marginal,orange,YES,264.704046,2719.119496,111.225409
426000,4376000,C&DOH,13.12336,10000,6.44,85.44,426000 4376000,4,Marginal,orange,YES,264.704046,2719.119496,111.225409
426000,4376000,C&DOH,0,10000,6.52,85.42,426000 4376000,0,Marginal,orange,YES,264.704046,2719.119496,111.225409
426000,4376000,C&DOH,11.48294,10000,6.44,85.44,426000 4376000,3.5,Marginal,orange,YES,264.704046,2719.119496,111.225409
426000,4376000,C&DOH,9.84252,10000,6.44,85.44,426000 4376000,3,Marginal,orange,YES,264.704046,2719.119496,111.225409
426000,4376000,C&DOH,8.2021,10000,6.44,85.44,426000 4376000,2.5,Marginal,orange,YES,264.704046,2719.119496,111.225409
426100,4376000,C&DOH,3.28084,10000,6.48,85.41,426100 4376000,1,Marginal,orange,YES,264.7661831,2719.119496,111.225409
426100,4376000,C&DOH,4.92126,10000,6.47,85.41,426100 4376000,1.5,Marginal,orange,YES,264.7661831,2719.119496,111.225409
426100,4376000,C&DOH,13.12336,10000,6.42,85.43,426100 4376000,4,Marginal,orange,YES,264.7661831,2719.119496,111.225409
426100,4376000,C&DOH,16.4042,10000,6.42,85.43,426100 4376000,5,Marginal,orange,YES,264.7661831,2719.119496,111.225409
426100,4376000,C&DOH,1.64042,10000,6.48,85.41,426100 4376000,0.5,Marginal,orange,YES,264.7661831,2719.119496,111.225409
426100,4376000,C&DOH,6.56168,10000,6.45,85.41,426100 4376000,2,Marginal,orange,YES,264.7661831,2719.119496,111.225409
426100,4376000,C&DOH,11.48294,10000,6.42,85.43,426100 4376000,3.5,Marginal,orange,YES,264.7661831,2719.119496,111.225409
426100,4376000,C&DOH,8.2021,10000,6.42,85.43,426100 4376000,2.5,Marginal,orange,YES,264.7661831,2719.119496,111.225409
426100,4376000,C&DOH,14.76378,10000,6.42,85.43,426100 4376000,4.5,Marginal,orange,YES,264.7661831,2719.119496,111.225409
426100,4376000,C&DOH,0,10000,6.51,85.41,426100 4376000,0,Marginal,orange,YES,264.7661831,2719.119496,111.225409
426100,4376000,C&DOH,9.84252,10000,6.42,85.43,426100 4376000,3,Marginal,orange,YES,264.7661831,2719.119496,111.225409
426200,4376000,C&DOH,16.4042,10000,6.41,85.43,426200 4376000,5,Marginal,orange,YES,264.8283202,2719.119496,111.225409
426200,4376000,C&DOH,14.76378,10000,6.41,85.43,426200 4376000,4.5,Marginal,orange,YES,264.8283202,2719.119496,111.225409
426200,4376000,C&DOH,8.2021,10000,6.41,85.43,426200 4376000,2.5,Marginal,orange,YES,264.8283202,2719.119496,111.225409
426200,4376000,C&DOH,6.56168,10000,6.44,85.41,426200 4376000,2,Marginal,orange,YES,264.8283202,2719.119496,111.225409
426200,4376000,C&DOH,1.64042,10000,6.47,85.41,426200 4376000,0.5,Marginal,orange,YES,264.8283202,2719.119496,111.225409
426200,4376000,C&DOH,3.28084,10000,6.47,85.41,426200 4376000,1,Marginal,orange,YES,264.8283202,2719.119496,111.225409
426200,4376000,C&DOH,9.84252,10000,6.41,85.43,426200 4376000,3,Marginal,orange,YES,264.8283202,2719.119496,111.225409
426200,4376000,C&DOH,0,10000,6.5,85.41,426200 4376000,0,Marginal,orange,YES,264.8283202,2719.119496,111.225409
426200,4376000,C&DOH,13.12336,10000,6.41,85.43,426200 4376000,4,Marginal,orange,YES,264.8283202,2719.119496,111.225409
426200,4376000,C&DOH,11.48294,10000,6.41,85.43,426200 4376000,3.5,Marginal,orange,YES,264.8283202,2719.119496,111.225409
426200,4376000,C&DOH,4.92126,10000,6.46,85.41,426200 4376000,1.5,Marginal,orange,YES,264.8283202,2719.119496,111.225409
426300,4376100,C&DOH,1.64042,10000,6.45,85.4,426300 4376100,0.5,Marginal,orange,YES,264.8904573,2719.1816331,111.2875461
426300,4376100,C&DOH,9.84252,10000,6.4,85.42,426300 4376100,3,Marginal,orange,YES,264.8904573,2719.1816331,111.2875461
426300,4376100,C&DOH,3.28084,10000,6.45,85.4,426300 4376100,1,Marginal,orange,YES,264.8904573,2719.1816331,111.2875461
426300,4376100,C&DOH,11.48294,10000,6.4,85.42,426300 4376100,3.5,Marginal,orange,YES,264.8904573,2719.1816331,111.2875461
426300,4376100,C&DOH,14.76378,10000,6.4,85.42,426300 4376100,4.5,Marginal,orange,YES,264.8904573,2719.1816331,111.2875461
426300,4376100,C&DOH,8.2021,10000,6.4,85.42,426300 4376100,2.5,Marginal,orange,YES,264.8904573,2719.1816331,111.2875461
426300,4376100,C&DOH,0,10000,6.48,85.4,426300 4376100,0,Marginal,orange,YES,264.8904573,2719.1816331,111.2875461
426300,4376100,C&DOH,13.12336,10000,6.4,85.42,426300 4376100,4,Marginal,orange,YES,264.8904573,2719.1816331,111.2875461
426300,4376100,C&DOH,16.4042,10000,6.4,85.42,426300 4376100,5,Marginal,orange,YES,264.8904573,2719.1816331,111.2875461
426300,4376100,C&DOH,6.56168,10000,6.42,85.4,426300 4376100,2,Marginal,orange,YES,264.8904573,2719.1816331,111.2875461
426300,4376100,C&DOH,4.92126,10000,6.44,85.4,426300 4376100,1.5,Marginal,orange,YES,264.8904573,2719.1816331,111.2875461
426600,4376100,C&DOH,0,10000,6.45,85.38,426600 4376100,0,Marginal,orange,YES,265.0768686,2719.1816331,111.2875461
426600,4376100,C&DOH,13.12336,10000,6.37,85.4,426600 4376100,4,Marginal,orange,YES,265.0768686,2719.1816331,111.2875461
426600,4376100,C&DOH,14.76378,10000,6.37,85.4,426600 4376100,4.5,Marginal,orange,YES,265.0768686,2719.1816331,111.2875461
426600,4376100,C&DOH,1.64042,10000,6.41,85.38,426600 4376100,0.5,Marginal,orange,YES,265.0768686,2719.1816331,111.2875461
426600,4376100,C&DOH,9.84252,10000,6.37,85.4,426600 4376100,3,Marginal,orange,YES,265.0768686,2719.1816331,111.2875461
426600,4376100,C&DOH,6.56168,10000,6.39,85.38,426600 4376100,2,Marginal,orange,YES,265.0768686,2719.1816331,111.2875461
426600,4376100,C&DOH,3.28084,10000,6.41,85.38,426600 4376100,1,Marginal,orange,YES,265.0768686,2719.1816331,111.2875461
426600,4376100,C&DOH,16.4042,10000,6.37,85.4,426600 4376100,5,Marginal,orange,YES,265.0768686,2719.1816331,111.2875461
426600,4376100,C&DOH,11.48294,10000,6.37,85.4,426600 4376100,3.5,Marginal,orange,YES,265.0768686,2719.1816331,111.2875461
426600,4376100,C&DOH,4.92126,10000,6.41,85.38,426600 4376100,1.5,Marginal,orange,YES,265.0768686,2719.1816331,111.2875461
426600,4376100,C&DOH,8.2021,10000,6.37,85.4,426600 4376100,2.5,Marginal,orange,YES,265.0768686,2719.1816331,111.2875461
426900,4376100,C&DOH,16.4042,10000,6.34,85.38,426900 4376100,5,Marginal,orange,YES,265.2632799,2719.1816331,111.2875461
426900,4376100,C&DOH,9.84252,10000,6.34,85.38,426900 4376100,3,Marginal,orange,YES,265.2632799,2719.1816331,111.2875461
426900,4376100,C&DOH,13.12336,10000,6.34,85.38,426900 4376100,4,Marginal,orange,YES,265.2632799,2719.1816331,111.2875461
426900,4376100,C&DOH,14.76378,10000,6.34,85.38,426900 4376100,4.5,Marginal,orange,YES,265.2632799,2719.1816331,111.2875461
426900,4376100,C&DOH,6.56168,10000,6.36,85.37,426900 4376100,2,Marginal,orange,YES,265.2632799,2719.1816331,111.2875461
426900,4376100,C&DOH,1.64042,10000,6.38,85.37,426900 4376100,0.5,Marginal,orange,YES,265.2632799,2719.1816331,111.2875461
426900,4376100,C&DOH,11.48294,10000,6.34,85.38,426900 4376100,3.5,Marginal,orange,YES,265.2632799,2719.1816331,111.2875461
426900,4376100,C&DOH,0,10000,6.41,85.37,426900 4376100,0,Marginal,orange,YES,265.2632799,2719.1816331,111.2875461
426900,4376100,C&DOH,8.2021,10000,6.34,85.38,426900 4376100,2.5,Marginal,orange,YES,265.2632799,2719.1816331,111.2875461
426900,4376100,C&DOH,3.28084,10000,6.38,85.37,426900 4376100,1,Marginal,orange,YES,265.2632799,2719.1816331,111.2875461
426900,4376100,C&DOH,4.92126,10000,6.37,85.37,426900 4376100,1.5,Marginal,orange,YES,265.2632799,2719.1816331,111.2875461
427200,4376100,C&DOH,16.4042,10000,6.31,85.37,427200 4376100,5,Marginal,orange,YES,265.4496912,2719.1816331,111.2875461
427200,4376100,C&DOH,3.28084,10000,6.34,85.35,427200 4376100,1,Marginal,orange,YES,265.4496912,2719.1816331,111.2875461
427200,4376100,C&DOH,1.64042,10000,6.34,85.35,427200 4376100,0.5,Marginal,orange,YES,265.4496912,2719.1816331,111.2875461
427200,4376100,C&DOH,6.56168,10000,6.33,85.35,427200 4376100,2,Marginal,orange,YES,265.4496912,2719.1816331,111.2875461
427200,4376100,C&DOH,4.92126,10000,6.34,85.35,427200 4376100,1.5,Marginal,orange,YES,265.4496912,2719.1816331,111.2875461
427200,4376100,C&DOH,0,10000,6.38,85.35,427200 4376100,0,Marginal,orange,YES,265.4496912,2719.1816331,111.2875461
427200,4376100,C&DOH,11.48294,10000,6.31,85.37,427200 4376100,3.5,Marginal,orange,YES,265.4496912,2719.1816331,111.2875461
427200,4376100,C&DOH,8.2021,10000,6.31,85.37,427200 4376100,2.5,Marginal,orange,YES,265.4496912,2719.1816331,111.2875461
427200,4376100,C&DOH,14.76378,10000,6.31,85.37,427200 4376100,4.5,Marginal,orange,YES,265.4496912,2719.1816331,111.2875461
427200,4376100,C&DOH,13.12336,10000,6.31,85.37,427200 4376100,4,Marginal,orange,YES,265.4496912,2719.1816331,111.2875461
427200,4376100,C&DOH,9.84252,10000,6.31,85.37,427200 4376100,3,Marginal,orange,YES,265.4496912,2719.1816331,111.2875461
427300,4376100,C&DOH,6.56168,10000,6.32,85.35,427300 4376100,2,Marginal,orange,YES,265.5118283,2719.1816331,111.2875461
427300,4376100,C&DOH,8.2021,10000,6.3,85.36,427300 4376100,2.5,Marginal,orange,YES,265.5118283,2719.1816331,111.2875461
427300,4376100,C&DOH,16.4042,10000,6.3,85.36,427300 4376100,5,Marginal,orange,YES,265.5118283,2719.1816331,111.2875461
427300,4376100,C&DOH,13.12336,10000,6.3,85.36,427300 4376100,4,Marginal,orange,YES,265.5118283,2719.1816331,111.2875461
427300,4376100,C&DOH,4.92126,10000,6.33,85.35,427300 4376100,1.5,Marginal,orange,YES,265.5118283,2719.1816331,111.2875461
427300,4376100,C&DOH,1.64042,10000,6.33,85.35,427300 4376100,0.5,Marginal,orange,YES,265.5118283,2719.1816331,111.2875461
427300,4376100,C&DOH,9.84252,10000,6.3,85.36,427300 4376100,3,Marginal,orange,YES,265.5118283,2719.1816331,111.2875461
427300,4376100,C&DOH,0,10000,6.37,85.35,427300 4376100,0,Marginal,orange,YES,265.5118283,2719.1816331,111.2875461
427300,4376100,C&DOH,11.48294,10000,6.3,85.36,427300 4376100,3.5,Marginal,orange,YES,265.5118283,2719.1816331,111.2875461
427300,4376100,C&DOH,3.28084,10000,6.33,85.35,427300 4376100,1,Marginal,orange,YES,265.5118283,2719.1816331,111.2875461
427300,4376100,C&DOH,14.76378,10000,6.3,85.36,427300 4376100,4.5,Marginal,orange,YES,265.5118283,2719.1816331,111.2875461
427600,4376100,C&DOH,0,10000,6.34,85.34,427600 4376100,0,Marginal,orange,YES,265.6982396,2719.1816331,111.2875461
427600,4376100,C&DOH,9.84252,10000,6.28,85.35,427600 4376100,3,Marginal,orange,YES,265.6982396,2719.1816331,111.2875461
427600,4376100,C&DOH,13.12336,10000,6.28,85.35,427600 4376100,4,Marginal,orange,YES,265.6982396,2719.1816331,111.2875461
427600,4376100,C&DOH,3.28084,10000,6.3,85.34,427600 4376100,1,Marginal,orange,YES,265.6982396,2719.1816331,111.2875461
427600,4376100,C&DOH,6.56168,10000,6.29,85.34,427600 4376100,2,Marginal,orange,YES,265.6982396,2719.1816331,111.2875461
427600,4376100,C&DOH,4.92126,10000,6.3,85.34,427600 4376100,1.5,Marginal,orange,YES,265.6982396,2719.1816331,111.2875461
427600,4376100,C&DOH,11.48294,10000,6.28,85.35,427600 4376100,3.5,Marginal,orange,YES,265.6982396,2719.1816331,111.2875461
427600,4376100,C&DOH,14.76378,10000,6.28,85.35,427600 4376100,4.5,Marginal,orange,YES,265.6982396,2719.1816331,111.2875461
427600,4376100,C&DOH,1.64042,10000,6.3,85.34,427600 4376100,0.5,Marginal,orange,YES,265.6982396,2719.1816331,111.2875461
427600,4376100,C&DOH,16.4042,10000,6.28,85.35,427600 4376100,5,Marginal,orange,YES,265.6982396,2719.1816331,111.2875461
427600,4376100,C&DOH,8.2021,10000,6.28,85.35,427600 4376100,2.5,Marginal,orange,YES,265.6982396,2719.1816331,111.2875461
427900,4376100,C&DOH,14.76378,10000,6.26,85.33,427900 4376100,4.5,Marginal,orange,YES,265.8846509,2719.1816331,111.2875461
427900,4376100,C&DOH,13.12336,10000,6.26,85.33,427900 4376100,4,Marginal,orange,YES,265.8846509,2719.1816331,111.2875461
427900,4376100,C&DOH,16.4042,10000,6.26,85.33,427900 4376100,5,Marginal,orange,YES,265.8846509,2719.1816331,111.2875461
427900,4376100,C&DOH,4.92126,10000,6.27,85.33,427900 4376100,1.5,Marginal,orange,YES,265.8846509,2719.1816331,111.2875461
427900,4376100,C&DOH,1.64042,10000,6.28,85.33,427900 4376100,0.5,Marginal,orange,YES,265.8846509,2719.1816331,111.2875461
427900,4376100,C&DOH,11.48294,10000,6.26,85.33,427900 4376100,3.5,Marginal,orange,YES,265.8846509,2719.1816331,111.2875461
427900,4376100,C&DOH,0,10000,6.32,85.33,427900 4376100,0,Marginal,orange,YES,265.8846509,2719.1816331,111.2875461
427900,4376100,C&DOH,3.28084,10000,6.28,85.33,427900 4376100,1,Marginal,orange,YES,265.8846509,2719.1816331,111.2875461
427900,4376100,C&DOH,8.2021,10000,6.26,85.33,427900 4376100,2.5,Marginal,orange,YES,265.8846509,2719.1816331,111.2875461
427900,4376100,C&DOH,6.56168,10000,6.27,85.33,427900 4376100,2,Marginal,orange,YES,265.8846509,2719.1816331,111.2875461
427900,4376100,C&DOH,9.84252,10000,6.26,85.33,427900 4376100,3,Marginal,orange,YES,265.8846509,2719.1816331,111.2875461
428200,4376100,C&DOH,13.12336,10000,6.24,85.32,428200 4376100,4,Marginal,orange,YES,266.0710622,2719.1816331,111.2875461
428200,4376100,C&DOH,0,10000,6.3,85.32,428200 4376100,0,Marginal,orange,YES,266.0710622,2719.1816331,111.2875461
428200,4376100,C&DOH,1.64042,10000,6.25,85.32,428200 4376100,0.5,Marginal,orange,YES,266.0710622,2719.1816331,111.2875461
428200,4376100,C&DOH,4.92126,10000,6.25,85.32,428200 4376100,1.5,Marginal,orange,YES,266.0710622,2719.1816331,111.2875461
428200,4376100,C&DOH,3.28084,10000,6.25,85.32,428200 4376100,1,Marginal,orange,YES,266.0710622,2719.1816331,111.2875461
428200,4376100,C&DOH,9.84252,10000,6.24,85.32,428200 4376100,3,Marginal,orange,YES,266.0710622,2719.1816331,111.2875461
428200,4376100,C&DOH,8.2021,10000,6.24,85.32,428200 4376100,2.5,Marginal,orange,YES,266.0710622,2719.1816331,111.2875461
428200,4376100,C&DOH,16.4042,10000,6.24,85.32,428200 4376100,5,Marginal,orange,YES,266.0710622,2719.1816331,111.2875461
428200,4376100,C&DOH,11.48294,10000,6.24,85.32,428200 4376100,3.5,Marginal,orange,YES,266.0710622,2719.1816331,111.2875461
428200,4376100,C&DOH,14.76378,10000,6.24,85.32,428200 4376100,4.5,Marginal,orange,YES,266.0710622,2719.1816331,111.2875461
428200,4376100,C&DOH,6.56168,10000,6.25,85.32,428200 4376100,2,Marginal,orange,YES,266.0710622,2719.1816331,111.2875461
