UTMX,UTMY,Segment,Sdepth,volume_m,DO,Wtemp,uniqueID,Sdepthm,habitat,color,keep,milesX,milesY,distfrommouth
375000,4266000,CB4MH,63.97638,1e+06,0.1,80.09,375000 4266000,19.5,Unsuitable,black,YES,233.014125,2650.768686,42.8745989999998
375000,4266000,CB4MH,18.04462,1e+06,5.24,80.52,375000 4266000,5.5,Suitable,dodgerblue,YES,233.014125,2650.768686,42.8745989999998
375000,4266000,CB4MH,41.0105,1e+06,0.2,80.76,375000 4266000,12.5,Unsuitable,black,YES,233.014125,2650.768686,42.8745989999998
375000,4266000,CB4MH,67.25722,1e+06,0.1,80.09,375000 4266000,20.5,Unsuitable,black,YES,233.014125,2650.768686,42.8745989999998
375000,4266000,CB4MH,31.16798,1e+06,0.7,81.03,375000 4266000,9.5,Unsuitable,black,YES,233.014125,2650.768686,42.8745989999998
375000,4266000,CB4MH,37.72966,1e+06,0.36,80.94,375000 4266000,11.5,Unsuitable,black,YES,233.014125,2650.768686,42.8745989999998
375000,4266000,CB4MH,21.32546,1e+06,4.05,80.83,375000 4266000,6.5,Suitable,dodgerblue,YES,233.014125,2650.768686,42.8745989999998
375000,4266000,CB4MH,11.48294,1e+06,6.42,80.08,375000 4266000,3.5,Suitable,dodgerblue,YES,233.014125,2650.768686,42.8745989999998
375000,4266000,CB4MH,4.92126,1e+06,6.78,79.97,375000 4266000,1.5,Suitable,dodgerblue,YES,233.014125,2650.768686,42.8745989999998
375000,4266000,CB4MH,50.85302,1e+06,0.1,80.49,375000 4266000,15.5,Unsuitable,black,YES,233.014125,2650.768686,42.8745989999998
375000,4266000,CB4MH,24.6063,1e+06,2.43,80.93,375000 4266000,7.5,Marginal,orange,YES,233.014125,2650.768686,42.8745989999998
375000,4266000,CB4MH,34.44882,1e+06,0.51,81,375000 4266000,10.5,Unsuitable,black,YES,233.014125,2650.768686,42.8745989999998
375000,4266000,CB4MH,57.4147,1e+06,0.1,80.24,375000 4266000,17.5,Unsuitable,black,YES,233.014125,2650.768686,42.8745989999998
375000,4266000,CB4MH,44.29134,1e+06,0.12,80.61,375000 4266000,13.5,Unsuitable,black,YES,233.014125,2650.768686,42.8745989999998
375000,4266000,CB4MH,27.88714,1e+06,1.31,81.11,375000 4266000,8.5,Unsuitable,black,YES,233.014125,2650.768686,42.8745989999998
375000,4266000,CB4MH,47.57218,1e+06,0.11,80.53,375000 4266000,14.5,Unsuitable,black,YES,233.014125,2650.768686,42.8745989999998
375000,4266000,CB4MH,1.64042,1e+06,6.84,79.96,375000 4266000,0.5,Suitable,dodgerblue,YES,233.014125,2650.768686,42.8745989999998
375000,4266000,CB4MH,60.69554,1e+06,0.1,80.14,375000 4266000,18.5,Unsuitable,black,YES,233.014125,2650.768686,42.8745989999998
375000,4266000,CB4MH,8.2021,1e+06,6.67,80.02,375000 4266000,2.5,Suitable,dodgerblue,YES,233.014125,2650.768686,42.8745989999998
375000,4266000,CB4MH,14.76378,1e+06,5.93,80.25,375000 4266000,4.5,Suitable,dodgerblue,YES,233.014125,2650.768686,42.8745989999998
375000,4266000,CB4MH,54.13386,1e+06,0.1,80.34,375000 4266000,16.5,Unsuitable,black,YES,233.014125,2650.768686,42.8745989999998
375000,4267000,CB4MH,1.64042,1e+06,6.78,79.83,375000 4267000,0.5,Suitable,dodgerblue,YES,233.014125,2651.390057,43.49597
375000,4267000,CB4MH,4.92126,1e+06,6.74,79.84,375000 4267000,1.5,Suitable,dodgerblue,YES,233.014125,2651.390057,43.49597
375000,4267000,CB4MH,44.29134,1e+06,0.11,80.56,375000 4267000,13.5,Unsuitable,black,YES,233.014125,2651.390057,43.49597
375000,4267000,CB4MH,11.48294,1e+06,6.52,79.9,375000 4267000,3.5,Suitable,dodgerblue,YES,233.014125,2651.390057,43.49597
375000,4267000,CB4MH,34.44882,1e+06,0.43,81,375000 4267000,10.5,Unsuitable,black,YES,233.014125,2651.390057,43.49597
375000,4267000,CB4MH,63.97638,1e+06,0.1,80.1,375000 4267000,19.5,Unsuitable,black,YES,233.014125,2651.390057,43.49597
375000,4267000,CB4MH,14.76378,1e+06,6.09,80.09,375000 4267000,4.5,Suitable,dodgerblue,YES,233.014125,2651.390057,43.49597
375000,4267000,CB4MH,67.25722,1e+06,0.1,80.1,375000 4267000,20.5,Unsuitable,black,YES,233.014125,2651.390057,43.49597
375000,4267000,CB4MH,60.69554,1e+06,0.1,80.12,375000 4267000,18.5,Unsuitable,black,YES,233.014125,2651.390057,43.49597
375000,4267000,CB4MH,70.53806,1e+06,0.1,80.1,375000 4267000,21.5,Unsuitable,black,YES,233.014125,2651.390057,43.49597
375000,4267000,CB4MH,21.32546,1e+06,4.21,80.82,375000 4267000,6.5,Suitable,dodgerblue,YES,233.014125,2651.390057,43.49597
375000,4267000,CB4MH,8.2021,1e+06,6.68,79.87,375000 4267000,2.5,Suitable,dodgerblue,YES,233.014125,2651.390057,43.49597
375000,4267000,CB4MH,31.16798,1e+06,0.63,81.07,375000 4267000,9.5,Unsuitable,black,YES,233.014125,2651.390057,43.49597
375000,4267000,CB4MH,18.04462,1e+06,5.38,80.42,375000 4267000,5.5,Suitable,dodgerblue,YES,233.014125,2651.390057,43.49597
375000,4267000,CB4MH,24.6063,1e+06,2.58,80.97,375000 4267000,7.5,Marginal,orange,YES,233.014125,2651.390057,43.49597
375000,4267000,CB4MH,37.72966,1e+06,0.28,80.92,375000 4267000,11.5,Unsuitable,black,YES,233.014125,2651.390057,43.49597
375000,4267000,CB4MH,57.4147,1e+06,0.1,80.22,375000 4267000,17.5,Unsuitable,black,YES,233.014125,2651.390057,43.49597
375000,4267000,CB4MH,54.13386,1e+06,0.1,80.32,375000 4267000,16.5,Unsuitable,black,YES,233.014125,2651.390057,43.49597
375000,4267000,CB4MH,50.85302,1e+06,0.1,80.45,375000 4267000,15.5,Unsuitable,black,YES,233.014125,2651.390057,43.49597
375000,4267000,CB4MH,41.0105,1e+06,0.15,80.73,375000 4267000,12.5,Unsuitable,black,YES,233.014125,2651.390057,43.49597
375000,4267000,CB4MH,47.57218,1e+06,0.1,80.47,375000 4267000,14.5,Unsuitable,black,YES,233.014125,2651.390057,43.49597
375000,4267000,CB4MH,27.88714,1e+06,1.29,81.16,375000 4267000,8.5,Unsuitable,black,YES,233.014125,2651.390057,43.49597
375000,4268000,CB4MH,18.04462,1e+06,5.52,80.32,375000 4268000,5.5,Suitable,dodgerblue,YES,233.014125,2652.011428,44.1173410000001
375000,4268000,CB4MH,37.72966,1e+06,0.21,80.9,375000 4268000,11.5,Unsuitable,black,YES,233.014125,2652.011428,44.1173410000001
375000,4268000,CB4MH,34.44882,1e+06,0.36,81,375000 4268000,10.5,Unsuitable,black,YES,233.014125,2652.011428,44.1173410000001
375000,4268000,CB4MH,73.8189,1e+06,0.1,80.1,375000 4268000,22.5,Unsuitable,black,YES,233.014125,2652.011428,44.1173410000001
375000,4268000,CB4MH,31.16798,1e+06,0.56,81.1,375000 4268000,9.5,Unsuitable,black,YES,233.014125,2652.011428,44.1173410000001
375000,4268000,CB4MH,63.97638,1e+06,0.1,80.1,375000 4268000,19.5,Unsuitable,black,YES,233.014125,2652.011428,44.1173410000001
375000,4268000,CB4MH,21.32546,1e+06,4.37,80.8,375000 4268000,6.5,Suitable,dodgerblue,YES,233.014125,2652.011428,44.1173410000001
375000,4268000,CB4MH,24.6063,1e+06,2.72,81,375000 4268000,7.5,Marginal,orange,YES,233.014125,2652.011428,44.1173410000001
375000,4268000,CB4MH,27.88714,1e+06,1.26,81.19,375000 4268000,8.5,Unsuitable,black,YES,233.014125,2652.011428,44.1173410000001
375000,4268000,CB4MH,14.76378,1e+06,6.27,79.93,375000 4268000,4.5,Suitable,dodgerblue,YES,233.014125,2652.011428,44.1173410000001
375000,4268000,CB4MH,11.48294,1e+06,6.63,79.73,375000 4268000,3.5,Suitable,dodgerblue,YES,233.014125,2652.011428,44.1173410000001
375000,4268000,CB4MH,4.92126,1e+06,6.71,79.72,375000 4268000,1.5,Suitable,dodgerblue,YES,233.014125,2652.011428,44.1173410000001
375000,4268000,CB4MH,1.64042,1e+06,6.71,79.71,375000 4268000,0.5,Suitable,dodgerblue,YES,233.014125,2652.011428,44.1173410000001
375000,4268000,CB4MH,67.25722,1e+06,0.1,80.1,375000 4268000,20.5,Unsuitable,black,YES,233.014125,2652.011428,44.1173410000001
375000,4268000,CB4MH,41.0105,1e+06,0.11,80.71,375000 4268000,12.5,Unsuitable,black,YES,233.014125,2652.011428,44.1173410000001
375000,4268000,CB4MH,47.57218,1e+06,0.1,80.41,375000 4268000,14.5,Unsuitable,black,YES,233.014125,2652.011428,44.1173410000001
375000,4268000,CB4MH,54.13386,1e+06,0.1,80.3,375000 4268000,16.5,Unsuitable,black,YES,233.014125,2652.011428,44.1173410000001
375000,4268000,CB4MH,77.09974,1e+06,0.1,80.1,375000 4268000,23.5,Unsuitable,black,YES,233.014125,2652.011428,44.1173410000001
375000,4268000,CB4MH,44.29134,1e+06,0.1,80.51,375000 4268000,13.5,Unsuitable,black,YES,233.014125,2652.011428,44.1173410000001
375000,4268000,CB4MH,70.53806,1e+06,0.1,80.1,375000 4268000,21.5,Unsuitable,black,YES,233.014125,2652.011428,44.1173410000001
375000,4268000,CB4MH,8.2021,1e+06,6.7,79.72,375000 4268000,2.5,Suitable,dodgerblue,YES,233.014125,2652.011428,44.1173410000001
375000,4268000,CB4MH,50.85302,1e+06,0.1,80.41,375000 4268000,15.5,Unsuitable,black,YES,233.014125,2652.011428,44.1173410000001
375000,4268000,CB4MH,57.4147,1e+06,0.1,80.2,375000 4268000,17.5,Unsuitable,black,YES,233.014125,2652.011428,44.1173410000001
375000,4268000,CB4MH,60.69554,1e+06,0.1,80.1,375000 4268000,18.5,Unsuitable,black,YES,233.014125,2652.011428,44.1173410000001
375000,4269000,CB4MH,57.4147,1e+06,0.1,80.2,375000 4269000,17.5,Unsuitable,black,YES,233.014125,2652.632799,44.7387119999999
375000,4269000,CB4MH,73.8189,1e+06,0.1,80.1,375000 4269000,22.5,Unsuitable,black,YES,233.014125,2652.632799,44.7387119999999
375000,4269000,CB4MH,50.85302,1e+06,0.1,80.41,375000 4269000,15.5,Unsuitable,black,YES,233.014125,2652.632799,44.7387119999999
375000,4269000,CB4MH,47.57218,1e+06,0.1,80.41,375000 4269000,14.5,Unsuitable,black,YES,233.014125,2652.632799,44.7387119999999
375000,4269000,CB4MH,41.0105,1e+06,0.11,80.7,375000 4269000,12.5,Unsuitable,black,YES,233.014125,2652.632799,44.7387119999999
375000,4269000,CB4MH,4.92126,1e+06,6.71,79.71,375000 4269000,1.5,Suitable,dodgerblue,YES,233.014125,2652.632799,44.7387119999999
375000,4269000,CB4MH,18.04462,1e+06,5.52,80.31,375000 4269000,5.5,Suitable,dodgerblue,YES,233.014125,2652.632799,44.7387119999999
375000,4269000,CB4MH,27.88714,1e+06,1.25,81.2,375000 4269000,8.5,Unsuitable,black,YES,233.014125,2652.632799,44.7387119999999
375000,4269000,CB4MH,24.6063,1e+06,2.73,81,375000 4269000,7.5,Marginal,orange,YES,233.014125,2652.632799,44.7387119999999
375000,4269000,CB4MH,44.29134,1e+06,0.1,80.51,375000 4269000,13.5,Unsuitable,black,YES,233.014125,2652.632799,44.7387119999999
375000,4269000,CB4MH,54.13386,1e+06,0.1,80.3,375000 4269000,16.5,Unsuitable,black,YES,233.014125,2652.632799,44.7387119999999
375000,4269000,CB4MH,34.44882,1e+06,0.36,81,375000 4269000,10.5,Unsuitable,black,YES,233.014125,2652.632799,44.7387119999999
375000,4269000,CB4MH,37.72966,1e+06,0.21,80.9,375000 4269000,11.5,Unsuitable,black,YES,233.014125,2652.632799,44.7387119999999
375000,4269000,CB4MH,70.53806,1e+06,0.1,80.1,375000 4269000,21.5,Unsuitable,black,YES,233.014125,2652.632799,44.7387119999999
375000,4269000,CB4MH,21.32546,1e+06,4.37,80.8,375000 4269000,6.5,Suitable,dodgerblue,YES,233.014125,2652.632799,44.7387119999999
375000,4269000,CB4MH,11.48294,1e+06,6.64,79.72,375000 4269000,3.5,Suitable,dodgerblue,YES,233.014125,2652.632799,44.7387119999999
375000,4269000,CB4MH,1.64042,1e+06,6.71,79.71,375000 4269000,0.5,Suitable,dodgerblue,YES,233.014125,2652.632799,44.7387119999999
375000,4269000,CB4MH,14.76378,1e+06,6.27,79.92,375000 4269000,4.5,Suitable,dodgerblue,YES,233.014125,2652.632799,44.7387119999999
375000,4269000,CB4MH,31.16798,1e+06,0.56,81.1,375000 4269000,9.5,Unsuitable,black,YES,233.014125,2652.632799,44.7387119999999
375000,4269000,CB4MH,60.69554,1e+06,0.1,80.1,375000 4269000,18.5,Unsuitable,black,YES,233.014125,2652.632799,44.7387119999999
375000,4269000,CB4MH,63.97638,1e+06,0.1,80.1,375000 4269000,19.5,Unsuitable,black,YES,233.014125,2652.632799,44.7387119999999
375000,4269000,CB4MH,8.2021,1e+06,6.7,79.72,375000 4269000,2.5,Suitable,dodgerblue,YES,233.014125,2652.632799,44.7387119999999
375000,4269000,CB4MH,67.25722,1e+06,0.1,80.1,375000 4269000,20.5,Unsuitable,black,YES,233.014125,2652.632799,44.7387119999999
375000,4270000,CB4MH,31.16798,1e+06,0.62,81.07,375000 4270000,9.5,Unsuitable,black,YES,233.014125,2653.25417,45.360083
375000,4270000,CB4MH,34.44882,1e+06,0.42,81,375000 4270000,10.5,Unsuitable,black,YES,233.014125,2653.25417,45.360083
375000,4270000,CB4MH,47.57218,1e+06,0.1,80.46,375000 4270000,14.5,Unsuitable,black,YES,233.014125,2653.25417,45.360083
375000,4270000,CB4MH,50.85302,1e+06,0.1,80.44,375000 4270000,15.5,Unsuitable,black,YES,233.014125,2653.25417,45.360083
375000,4270000,CB4MH,27.88714,1e+06,1.27,81.16,375000 4270000,8.5,Unsuitable,black,YES,233.014125,2653.25417,45.360083
375000,4270000,CB4MH,24.6063,1e+06,2.57,80.98,375000 4270000,7.5,Marginal,orange,YES,233.014125,2653.25417,45.360083
375000,4270000,CB4MH,54.13386,1e+06,0.1,80.32,375000 4270000,16.5,Unsuitable,black,YES,233.014125,2653.25417,45.360083
375000,4270000,CB4MH,21.32546,1e+06,4.18,80.82,375000 4270000,6.5,Suitable,dodgerblue,YES,233.014125,2653.25417,45.360083
375000,4270000,CB4MH,41.0105,1e+06,0.14,80.73,375000 4270000,12.5,Unsuitable,black,YES,233.014125,2653.25417,45.360083
375000,4270000,CB4MH,14.76378,1e+06,6.1,80.06,375000 4270000,4.5,Suitable,dodgerblue,YES,233.014125,2653.25417,45.360083
375000,4270000,CB4MH,8.2021,1e+06,6.71,79.82,375000 4270000,2.5,Suitable,dodgerblue,YES,233.014125,2653.25417,45.360083
375000,4270000,CB4MH,63.97638,1e+06,0.1,80.1,375000 4270000,19.5,Unsuitable,black,YES,233.014125,2653.25417,45.360083
375000,4270000,CB4MH,44.29134,1e+06,0.11,80.55,375000 4270000,13.5,Unsuitable,black,YES,233.014125,2653.25417,45.360083
375000,4270000,CB4MH,4.92126,1e+06,6.76,79.79,375000 4270000,1.5,Suitable,dodgerblue,YES,233.014125,2653.25417,45.360083
375000,4270000,CB4MH,11.48294,1e+06,6.57,79.85,375000 4270000,3.5,Suitable,dodgerblue,YES,233.014125,2653.25417,45.360083
375000,4270000,CB4MH,57.4147,1e+06,0.1,80.22,375000 4270000,17.5,Unsuitable,black,YES,233.014125,2653.25417,45.360083
375000,4270000,CB4MH,37.72966,1e+06,0.27,80.92,375000 4270000,11.5,Unsuitable,black,YES,233.014125,2653.25417,45.360083
375000,4270000,CB4MH,1.64042,1e+06,6.79,79.78,375000 4270000,0.5,Suitable,dodgerblue,YES,233.014125,2653.25417,45.360083
375000,4270000,CB4MH,67.25722,1e+06,0.1,80.1,375000 4270000,20.5,Unsuitable,black,YES,233.014125,2653.25417,45.360083
375000,4270000,CB4MH,18.04462,1e+06,5.34,80.41,375000 4270000,5.5,Suitable,dodgerblue,YES,233.014125,2653.25417,45.360083
375000,4270000,CB4MH,60.69554,1e+06,0.1,80.12,375000 4270000,18.5,Unsuitable,black,YES,233.014125,2653.25417,45.360083
375000,4271000,CB4MH,11.48294,1e+06,6.51,79.97,375000 4271000,3.5,Suitable,dodgerblue,YES,233.014125,2653.875541,45.9814539999998
375000,4271000,CB4MH,37.72966,1e+06,0.34,80.93,375000 4271000,11.5,Unsuitable,black,YES,233.014125,2653.875541,45.9814539999998
375000,4271000,CB4MH,4.92126,1e+06,6.85,79.86,375000 4271000,1.5,Suitable,dodgerblue,YES,233.014125,2653.875541,45.9814539999998
375000,4271000,CB4MH,50.85302,1e+06,0.1,80.48,375000 4271000,15.5,Unsuitable,black,YES,233.014125,2653.875541,45.9814539999998
375000,4271000,CB4MH,18.04462,1e+06,5.09,80.52,375000 4271000,5.5,Suitable,dodgerblue,YES,233.014125,2653.875541,45.9814539999998
375000,4271000,CB4MH,67.25722,1e+06,0.1,80.09,375000 4271000,20.5,Unsuitable,black,YES,233.014125,2653.875541,45.9814539999998
375000,4271000,CB4MH,14.76378,1e+06,5.91,80.2,375000 4271000,4.5,Suitable,dodgerblue,YES,233.014125,2653.875541,45.9814539999998
375000,4271000,CB4MH,8.2021,1e+06,6.74,79.92,375000 4271000,2.5,Suitable,dodgerblue,YES,233.014125,2653.875541,45.9814539999998
375000,4271000,CB4MH,31.16798,1e+06,0.67,81.03,375000 4271000,9.5,Unsuitable,black,YES,233.014125,2653.875541,45.9814539999998
375000,4271000,CB4MH,21.32546,1e+06,3.92,80.84,375000 4271000,6.5,Tolerable,yellow,YES,233.014125,2653.875541,45.9814539999998
375000,4271000,CB4MH,1.64042,1e+06,6.89,79.84,375000 4271000,0.5,Suitable,dodgerblue,YES,233.014125,2653.875541,45.9814539999998
375000,4271000,CB4MH,24.6063,1e+06,2.35,80.96,375000 4271000,7.5,Marginal,orange,YES,233.014125,2653.875541,45.9814539999998
375000,4271000,CB4MH,34.44882,1e+06,0.48,80.99,375000 4271000,10.5,Unsuitable,black,YES,233.014125,2653.875541,45.9814539999998
375000,4271000,CB4MH,27.88714,1e+06,1.26,81.11,375000 4271000,8.5,Unsuitable,black,YES,233.014125,2653.875541,45.9814539999998
375000,4271000,CB4MH,44.29134,1e+06,0.11,80.59,375000 4271000,13.5,Unsuitable,black,YES,233.014125,2653.875541,45.9814539999998
375000,4271000,CB4MH,60.69554,1e+06,0.1,80.14,375000 4271000,18.5,Unsuitable,black,YES,233.014125,2653.875541,45.9814539999998
375000,4271000,CB4MH,41.0105,1e+06,0.18,80.75,375000 4271000,12.5,Unsuitable,black,YES,233.014125,2653.875541,45.9814539999998
375000,4271000,CB4MH,63.97638,1e+06,0.1,80.09,375000 4271000,19.5,Unsuitable,black,YES,233.014125,2653.875541,45.9814539999998
375000,4271000,CB4MH,57.4147,1e+06,0.1,80.24,375000 4271000,17.5,Unsuitable,black,YES,233.014125,2653.875541,45.9814539999998
375000,4271000,CB4MH,54.13386,1e+06,0.1,80.34,375000 4271000,16.5,Unsuitable,black,YES,233.014125,2653.875541,45.9814539999998
375000,4271000,CB4MH,47.57218,1e+06,0.1,80.52,375000 4271000,14.5,Unsuitable,black,YES,233.014125,2653.875541,45.9814539999998
375000,4272000,CB4MH,4.92126,1e+06,6.94,79.9,375000 4272000,1.5,Suitable,dodgerblue,YES,233.014125,2654.496912,46.6028249999999
375000,4272000,CB4MH,27.88714,1e+06,1.19,81.07,375000 4272000,8.5,Unsuitable,black,YES,233.014125,2654.496912,46.6028249999999
375000,4272000,CB4MH,11.48294,1e+06,6.52,80.04,375000 4272000,3.5,Suitable,dodgerblue,YES,233.014125,2654.496912,46.6028249999999
375000,4272000,CB4MH,24.6063,1e+06,2.13,80.96,375000 4272000,7.5,Marginal,orange,YES,233.014125,2654.496912,46.6028249999999
375000,4272000,CB4MH,31.16798,1e+06,0.68,81,375000 4272000,9.5,Unsuitable,black,YES,233.014125,2654.496912,46.6028249999999
375000,4272000,CB4MH,47.57218,1e+06,0.11,80.55,375000 4272000,14.5,Unsuitable,black,YES,233.014125,2654.496912,46.6028249999999
375000,4272000,CB4MH,41.0105,1e+06,0.21,80.76,375000 4272000,12.5,Unsuitable,black,YES,233.014125,2654.496912,46.6028249999999
375000,4272000,CB4MH,34.44882,1e+06,0.5,80.97,375000 4272000,10.5,Unsuitable,black,YES,233.014125,2654.496912,46.6028249999999
375000,4272000,CB4MH,44.29134,1e+06,0.12,80.61,375000 4272000,13.5,Unsuitable,black,YES,233.014125,2654.496912,46.6028249999999
375000,4272000,CB4MH,8.2021,1e+06,6.81,79.96,375000 4272000,2.5,Suitable,dodgerblue,YES,233.014125,2654.496912,46.6028249999999
375000,4272000,CB4MH,63.97638,1e+06,0.1,80.09,375000 4272000,19.5,Unsuitable,black,YES,233.014125,2654.496912,46.6028249999999
375000,4272000,CB4MH,50.85302,1e+06,0.1,80.5,375000 4272000,15.5,Unsuitable,black,YES,233.014125,2654.496912,46.6028249999999
375000,4272000,CB4MH,57.4147,1e+06,0.1,80.25,375000 4272000,17.5,Unsuitable,black,YES,233.014125,2654.496912,46.6028249999999
375000,4272000,CB4MH,54.13386,1e+06,0.1,80.35,375000 4272000,16.5,Unsuitable,black,YES,233.014125,2654.496912,46.6028249999999
375000,4272000,CB4MH,1.64042,1e+06,7,79.88,375000 4272000,0.5,Suitable,dodgerblue,YES,233.014125,2654.496912,46.6028249999999
375000,4272000,CB4MH,14.76378,1e+06,5.75,80.3,375000 4272000,4.5,Suitable,dodgerblue,YES,233.014125,2654.496912,46.6028249999999
375000,4272000,CB4MH,67.25722,1e+06,0.1,80.09,375000 4272000,20.5,Unsuitable,black,YES,233.014125,2654.496912,46.6028249999999
375000,4272000,CB4MH,21.32546,1e+06,3.64,80.86,375000 4272000,6.5,Tolerable,yellow,YES,233.014125,2654.496912,46.6028249999999
375000,4272000,CB4MH,18.04462,1e+06,4.8,80.61,375000 4272000,5.5,Suitable,dodgerblue,YES,233.014125,2654.496912,46.6028249999999
375000,4272000,CB4MH,60.69554,1e+06,0.1,80.14,375000 4272000,18.5,Unsuitable,black,YES,233.014125,2654.496912,46.6028249999999
375000,4272000,CB4MH,37.72966,1e+06,0.37,80.94,375000 4272000,11.5,Unsuitable,black,YES,233.014125,2654.496912,46.6028249999999
375000,4273000,CB4MH,54.13386,1e+06,0.1,80.35,375000 4273000,16.5,Unsuitable,black,YES,233.014125,2655.118283,47.2241960000001
375000,4273000,CB4MH,60.69554,1e+06,0.1,80.14,375000 4273000,18.5,Unsuitable,black,YES,233.014125,2655.118283,47.2241960000001
375000,4273000,CB4MH,37.72966,1e+06,0.36,80.92,375000 4273000,11.5,Unsuitable,black,YES,233.014125,2655.118283,47.2241960000001
375000,4273000,CB4MH,27.88714,1e+06,1.06,81.04,375000 4273000,8.5,Unsuitable,black,YES,233.014125,2655.118283,47.2241960000001
375000,4273000,CB4MH,24.6063,1e+06,1.75,81.02,375000 4273000,7.5,Unsuitable,black,YES,233.014125,2655.118283,47.2241960000001
375000,4273000,CB4MH,34.44882,1e+06,0.48,80.95,375000 4273000,10.5,Unsuitable,black,YES,233.014125,2655.118283,47.2241960000001
375000,4273000,CB4MH,57.4147,1e+06,0.1,80.25,375000 4273000,17.5,Unsuitable,black,YES,233.014125,2655.118283,47.2241960000001
375000,4273000,CB4MH,41.0105,1e+06,0.21,80.75,375000 4273000,12.5,Unsuitable,black,YES,233.014125,2655.118283,47.2241960000001
375000,4273000,CB4MH,8.2021,1e+06,6.78,79.73,375000 4273000,2.5,Suitable,dodgerblue,YES,233.014125,2655.118283,47.2241960000001
375000,4273000,CB4MH,44.29134,1e+06,0.12,80.6,375000 4273000,13.5,Unsuitable,black,YES,233.014125,2655.118283,47.2241960000001
375000,4273000,CB4MH,18.04462,1e+06,3.49,80.7,375000 4273000,5.5,Tolerable,yellow,YES,233.014125,2655.118283,47.2241960000001
375000,4273000,CB4MH,1.64042,1e+06,7.15,79.61,375000 4273000,0.5,Suitable,dodgerblue,YES,233.014125,2655.118283,47.2241960000001
375000,4273000,CB4MH,14.76378,1e+06,4.64,80.37,375000 4273000,4.5,Suitable,dodgerblue,YES,233.014125,2655.118283,47.2241960000001
375000,4273000,CB4MH,11.48294,1e+06,5.99,79.95,375000 4273000,3.5,Suitable,dodgerblue,YES,233.014125,2655.118283,47.2241960000001
375000,4273000,CB4MH,21.32546,1e+06,2.73,80.9,375000 4273000,6.5,Marginal,orange,YES,233.014125,2655.118283,47.2241960000001
375000,4273000,CB4MH,31.16798,1e+06,0.63,80.97,375000 4273000,9.5,Unsuitable,black,YES,233.014125,2655.118283,47.2241960000001
375000,4273000,CB4MH,47.57218,1e+06,0.11,80.55,375000 4273000,14.5,Unsuitable,black,YES,233.014125,2655.118283,47.2241960000001
375000,4273000,CB4MH,4.92126,1e+06,7.07,79.63,375000 4273000,1.5,Suitable,dodgerblue,YES,233.014125,2655.118283,47.2241960000001
375000,4273000,CB4MH,50.85302,1e+06,0.1,80.5,375000 4273000,15.5,Unsuitable,black,YES,233.014125,2655.118283,47.2241960000001
375000,4286000,CB4MH,31.16798,1e+06,0.2,80.65,375000 4286000,9.5,Unsuitable,black,YES,233.014125,2663.196106,55.3020189999998
375000,4286000,CB4MH,21.32546,1e+06,2.81,80.92,375000 4286000,6.5,Marginal,orange,YES,233.014125,2663.196106,55.3020189999998
375000,4286000,CB4MH,24.6063,1e+06,0.53,80.87,375000 4286000,7.5,Unsuitable,black,YES,233.014125,2663.196106,55.3020189999998
375000,4286000,CB4MH,37.72966,1e+06,0.11,80.6,375000 4286000,11.5,Unsuitable,black,YES,233.014125,2663.196106,55.3020189999998
375000,4286000,CB4MH,11.48294,1e+06,6.69,80.19,375000 4286000,3.5,Suitable,dodgerblue,YES,233.014125,2663.196106,55.3020189999998
375000,4286000,CB4MH,44.29134,1e+06,0.1,80.37,375000 4286000,13.5,Unsuitable,black,YES,233.014125,2663.196106,55.3020189999998
375000,4286000,CB4MH,1.64042,1e+06,7.89,79.88,375000 4286000,0.5,Suitable,dodgerblue,YES,233.014125,2663.196106,55.3020189999998
375000,4286000,CB4MH,27.88714,1e+06,0.27,80.71,375000 4286000,8.5,Unsuitable,black,YES,233.014125,2663.196106,55.3020189999998
375000,4286000,CB4MH,34.44882,1e+06,0.15,80.59,375000 4286000,10.5,Unsuitable,black,YES,233.014125,2663.196106,55.3020189999998
375000,4286000,CB4MH,70.53806,1e+06,0.1,80.22,375000 4286000,21.5,Unsuitable,black,YES,233.014125,2663.196106,55.3020189999998
375000,4286000,CB4MH,18.04462,1e+06,3.96,80.87,375000 4286000,5.5,Tolerable,yellow,YES,233.014125,2663.196106,55.3020189999998
375000,4286000,CB4MH,63.97638,1e+06,0.1,80.22,375000 4286000,19.5,Unsuitable,black,YES,233.014125,2663.196106,55.3020189999998
375000,4286000,CB4MH,4.92126,1e+06,7.82,79.88,375000 4286000,1.5,Suitable,dodgerblue,YES,233.014125,2663.196106,55.3020189999998
375000,4286000,CB4MH,8.2021,1e+06,7.55,79.96,375000 4286000,2.5,Suitable,dodgerblue,YES,233.014125,2663.196106,55.3020189999998
375000,4286000,CB4MH,54.13386,1e+06,0.1,80.34,375000 4286000,16.5,Unsuitable,black,YES,233.014125,2663.196106,55.3020189999998
375000,4286000,CB4MH,73.8189,1e+06,0.1,80.22,375000 4286000,22.5,Unsuitable,black,YES,233.014125,2663.196106,55.3020189999998
375000,4286000,CB4MH,60.69554,1e+06,0.1,80.22,375000 4286000,18.5,Unsuitable,black,YES,233.014125,2663.196106,55.3020189999998
375000,4286000,CB4MH,41.0105,1e+06,0.1,80.49,375000 4286000,12.5,Unsuitable,black,YES,233.014125,2663.196106,55.3020189999998
375000,4286000,CB4MH,14.76378,1e+06,5.19,80.6,375000 4286000,4.5,Suitable,dodgerblue,YES,233.014125,2663.196106,55.3020189999998
375000,4286000,CB4MH,67.25722,1e+06,0.1,80.22,375000 4286000,20.5,Unsuitable,black,YES,233.014125,2663.196106,55.3020189999998
375000,4286000,CB4MH,47.57218,1e+06,0.1,80.36,375000 4286000,14.5,Unsuitable,black,YES,233.014125,2663.196106,55.3020189999998
375000,4286000,CB4MH,57.4147,1e+06,0.1,80.28,375000 4286000,17.5,Unsuitable,black,YES,233.014125,2663.196106,55.3020189999998
375000,4286000,CB4MH,50.85302,1e+06,0.1,80.38,375000 4286000,15.5,Unsuitable,black,YES,233.014125,2663.196106,55.3020189999998
375000,4287000,CB4MH,44.29134,1e+06,0.1,80.36,375000 4287000,13.5,Unsuitable,black,YES,233.014125,2663.817477,55.9233899999999
375000,4287000,CB4MH,63.97638,1e+06,0.1,80.24,375000 4287000,19.5,Unsuitable,black,YES,233.014125,2663.817477,55.9233899999999
375000,4287000,CB4MH,70.53806,1e+06,0.1,80.24,375000 4287000,21.5,Unsuitable,black,YES,233.014125,2663.817477,55.9233899999999
375000,4287000,CB4MH,47.57218,1e+06,0.1,80.35,375000 4287000,14.5,Unsuitable,black,YES,233.014125,2663.817477,55.9233899999999
375000,4287000,CB4MH,34.44882,1e+06,0.15,80.54,375000 4287000,10.5,Unsuitable,black,YES,233.014125,2663.817477,55.9233899999999
375000,4287000,CB4MH,73.8189,1e+06,0.1,80.24,375000 4287000,22.5,Unsuitable,black,YES,233.014125,2663.817477,55.9233899999999
375000,4287000,CB4MH,11.48294,1e+06,6.9,80.2,375000 4287000,3.5,Suitable,dodgerblue,YES,233.014125,2663.817477,55.9233899999999
375000,4287000,CB4MH,1.64042,1e+06,7.99,79.91,375000 4287000,0.5,Suitable,dodgerblue,YES,233.014125,2663.817477,55.9233899999999
375000,4287000,CB4MH,18.04462,1e+06,4.39,80.82,375000 4287000,5.5,Suitable,dodgerblue,YES,233.014125,2663.817477,55.9233899999999
375000,4287000,CB4MH,41.0105,1e+06,0.1,80.47,375000 4287000,12.5,Unsuitable,black,YES,233.014125,2663.817477,55.9233899999999
375000,4287000,CB4MH,14.76378,1e+06,5.53,80.57,375000 4287000,4.5,Suitable,dodgerblue,YES,233.014125,2663.817477,55.9233899999999
375000,4287000,CB4MH,24.6063,1e+06,0.53,80.81,375000 4287000,7.5,Unsuitable,black,YES,233.014125,2663.817477,55.9233899999999
375000,4287000,CB4MH,4.92126,1e+06,7.92,79.91,375000 4287000,1.5,Suitable,dodgerblue,YES,233.014125,2663.817477,55.9233899999999
375000,4287000,CB4MH,60.69554,1e+06,0.1,80.24,375000 4287000,18.5,Unsuitable,black,YES,233.014125,2663.817477,55.9233899999999
375000,4287000,CB4MH,31.16798,1e+06,0.19,80.59,375000 4287000,9.5,Unsuitable,black,YES,233.014125,2663.817477,55.9233899999999
375000,4287000,CB4MH,67.25722,1e+06,0.1,80.24,375000 4287000,20.5,Unsuitable,black,YES,233.014125,2663.817477,55.9233899999999
375000,4287000,CB4MH,27.88714,1e+06,0.26,80.64,375000 4287000,8.5,Unsuitable,black,YES,233.014125,2663.817477,55.9233899999999
375000,4287000,CB4MH,21.32546,1e+06,3.28,80.87,375000 4287000,6.5,Tolerable,yellow,YES,233.014125,2663.817477,55.9233899999999
375000,4287000,CB4MH,54.13386,1e+06,0.1,80.35,375000 4287000,16.5,Unsuitable,black,YES,233.014125,2663.817477,55.9233899999999
375000,4287000,CB4MH,57.4147,1e+06,0.1,80.29,375000 4287000,17.5,Unsuitable,black,YES,233.014125,2663.817477,55.9233899999999
375000,4287000,CB4MH,8.2021,1e+06,7.68,79.99,375000 4287000,2.5,Suitable,dodgerblue,YES,233.014125,2663.817477,55.9233899999999
375000,4287000,CB4MH,37.72966,1e+06,0.11,80.55,375000 4287000,11.5,Unsuitable,black,YES,233.014125,2663.817477,55.9233899999999
375000,4287000,CB4MH,50.85302,1e+06,0.1,80.38,375000 4287000,15.5,Unsuitable,black,YES,233.014125,2663.817477,55.9233899999999
375000,4288000,CB4MH,18.04462,1e+06,4.29,80.66,375000 4288000,5.5,Suitable,dodgerblue,YES,233.014125,2664.438848,56.5447610000001
375000,4288000,CB4MH,4.92126,1e+06,7.94,79.72,375000 4288000,1.5,Suitable,dodgerblue,YES,233.014125,2664.438848,56.5447610000001
375000,4288000,CB4MH,21.32546,1e+06,3.55,80.69,375000 4288000,6.5,Tolerable,yellow,YES,233.014125,2664.438848,56.5447610000001
375000,4288000,CB4MH,44.29134,1e+06,0.1,80.35,375000 4288000,13.5,Unsuitable,black,YES,233.014125,2664.438848,56.5447610000001
375000,4288000,CB4MH,24.6063,1e+06,0.53,80.74,375000 4288000,7.5,Unsuitable,black,YES,233.014125,2664.438848,56.5447610000001
375000,4288000,CB4MH,8.2021,1e+06,7.72,79.81,375000 4288000,2.5,Suitable,dodgerblue,YES,233.014125,2664.438848,56.5447610000001
375000,4288000,CB4MH,73.8189,1e+06,0.1,80.27,375000 4288000,22.5,Unsuitable,black,YES,233.014125,2664.438848,56.5447610000001
375000,4288000,CB4MH,41.0105,1e+06,0.1,80.44,375000 4288000,12.5,Unsuitable,black,YES,233.014125,2664.438848,56.5447610000001
375000,4288000,CB4MH,34.44882,1e+06,0.14,80.48,375000 4288000,10.5,Unsuitable,black,YES,233.014125,2664.438848,56.5447610000001
375000,4288000,CB4MH,1.64042,1e+06,7.99,79.72,375000 4288000,0.5,Suitable,dodgerblue,YES,233.014125,2664.438848,56.5447610000001
375000,4288000,CB4MH,11.48294,1e+06,6.94,80.07,375000 4288000,3.5,Suitable,dodgerblue,YES,233.014125,2664.438848,56.5447610000001
375000,4288000,CB4MH,67.25722,1e+06,0.1,80.27,375000 4288000,20.5,Unsuitable,black,YES,233.014125,2664.438848,56.5447610000001
375000,4288000,CB4MH,50.85302,1e+06,0.1,80.37,375000 4288000,15.5,Unsuitable,black,YES,233.014125,2664.438848,56.5447610000001
375000,4288000,CB4MH,60.69554,1e+06,0.1,80.27,375000 4288000,18.5,Unsuitable,black,YES,233.014125,2664.438848,56.5447610000001
375000,4288000,CB4MH,14.76378,1e+06,5.51,80.46,375000 4288000,4.5,Suitable,dodgerblue,YES,233.014125,2664.438848,56.5447610000001
375000,4288000,CB4MH,27.88714,1e+06,0.24,80.57,375000 4288000,8.5,Unsuitable,black,YES,233.014125,2664.438848,56.5447610000001
375000,4288000,CB4MH,47.57218,1e+06,0.1,80.34,375000 4288000,14.5,Unsuitable,black,YES,233.014125,2664.438848,56.5447610000001
375000,4288000,CB4MH,63.97638,1e+06,0.1,80.27,375000 4288000,19.5,Unsuitable,black,YES,233.014125,2664.438848,56.5447610000001
375000,4288000,CB4MH,54.13386,1e+06,0.1,80.36,375000 4288000,16.5,Unsuitable,black,YES,233.014125,2664.438848,56.5447610000001
375000,4288000,CB4MH,31.16798,1e+06,0.18,80.53,375000 4288000,9.5,Unsuitable,black,YES,233.014125,2664.438848,56.5447610000001
375000,4288000,CB4MH,70.53806,1e+06,0.1,80.27,375000 4288000,21.5,Unsuitable,black,YES,233.014125,2664.438848,56.5447610000001
375000,4288000,CB4MH,37.72966,1e+06,0.11,80.5,375000 4288000,11.5,Unsuitable,black,YES,233.014125,2664.438848,56.5447610000001
375000,4288000,CB4MH,57.4147,1e+06,0.1,80.31,375000 4288000,17.5,Unsuitable,black,YES,233.014125,2664.438848,56.5447610000001
375000,4289000,CB4MH,41.0105,1e+06,0.1,80.42,375000 4289000,12.5,Unsuitable,black,YES,233.014125,2665.060219,57.1661319999998
375000,4289000,CB4MH,18.04462,1e+06,5.12,80.43,375000 4289000,5.5,Suitable,dodgerblue,YES,233.014125,2665.060219,57.1661319999998
375000,4289000,CB4MH,50.85302,1e+06,0.1,80.37,375000 4289000,15.5,Unsuitable,black,YES,233.014125,2665.060219,57.1661319999998
375000,4289000,CB4MH,21.32546,1e+06,4.13,80.49,375000 4289000,6.5,Suitable,dodgerblue,YES,233.014125,2665.060219,57.1661319999998
375000,4289000,CB4MH,54.13386,1e+06,0.1,80.36,375000 4289000,16.5,Unsuitable,black,YES,233.014125,2665.060219,57.1661319999998
375000,4289000,CB4MH,44.29134,1e+06,0.1,80.35,375000 4289000,13.5,Unsuitable,black,YES,233.014125,2665.060219,57.1661319999998
375000,4289000,CB4MH,24.6063,1e+06,0.52,80.67,375000 4289000,7.5,Unsuitable,black,YES,233.014125,2665.060219,57.1661319999998
375000,4289000,CB4MH,60.69554,1e+06,0.1,80.29,375000 4289000,18.5,Unsuitable,black,YES,233.014125,2665.060219,57.1661319999998
375000,4289000,CB4MH,63.97638,1e+06,0.1,80.29,375000 4289000,19.5,Unsuitable,black,YES,233.014125,2665.060219,57.1661319999998
375000,4289000,CB4MH,11.48294,1e+06,7.63,79.94,375000 4289000,3.5,Suitable,dodgerblue,YES,233.014125,2665.060219,57.1661319999998
375000,4289000,CB4MH,47.57218,1e+06,0.1,80.34,375000 4289000,14.5,Unsuitable,black,YES,233.014125,2665.060219,57.1661319999998
375000,4289000,CB4MH,67.25722,1e+06,0.1,80.29,375000 4289000,20.5,Unsuitable,black,YES,233.014125,2665.060219,57.1661319999998
375000,4289000,CB4MH,57.4147,1e+06,0.1,80.33,375000 4289000,17.5,Unsuitable,black,YES,233.014125,2665.060219,57.1661319999998
375000,4289000,CB4MH,27.88714,1e+06,0.22,80.5,375000 4289000,8.5,Unsuitable,black,YES,233.014125,2665.060219,57.1661319999998
375000,4289000,CB4MH,1.64042,1e+06,8,79.75,375000 4289000,0.5,Suitable,dodgerblue,YES,233.014125,2665.060219,57.1661319999998
375000,4289000,CB4MH,14.76378,1e+06,6.59,80.18,375000 4289000,4.5,Suitable,dodgerblue,YES,233.014125,2665.060219,57.1661319999998
375000,4289000,CB4MH,37.72966,1e+06,0.11,80.46,375000 4289000,11.5,Unsuitable,black,YES,233.014125,2665.060219,57.1661319999998
375000,4289000,CB4MH,8.2021,1e+06,7.84,79.85,375000 4289000,2.5,Suitable,dodgerblue,YES,233.014125,2665.060219,57.1661319999998
375000,4289000,CB4MH,4.92126,1e+06,7.93,79.77,375000 4289000,1.5,Suitable,dodgerblue,YES,233.014125,2665.060219,57.1661319999998
375000,4289000,CB4MH,31.16798,1e+06,0.16,80.47,375000 4289000,9.5,Unsuitable,black,YES,233.014125,2665.060219,57.1661319999998
375000,4289000,CB4MH,34.44882,1e+06,0.13,80.43,375000 4289000,10.5,Unsuitable,black,YES,233.014125,2665.060219,57.1661319999998
376000,4263000,CB4MH,34.44882,1e+06,0.67,81.02,376000 4263000,10.5,Unsuitable,black,YES,233.635496,2648.904573,41.0104860000001
376000,4263000,CB4MH,4.92126,1e+06,6.84,80.25,376000 4263000,1.5,Suitable,dodgerblue,YES,233.635496,2648.904573,41.0104860000001
376000,4263000,CB4MH,1.64042,1e+06,6.96,80.25,376000 4263000,0.5,Suitable,dodgerblue,YES,233.635496,2648.904573,41.0104860000001
376000,4263000,CB4MH,27.88714,1e+06,1.58,80.98,376000 4263000,8.5,Unsuitable,black,YES,233.635496,2648.904573,41.0104860000001
376000,4263000,CB4MH,60.69554,1e+06,0.11,80.15,376000 4263000,18.5,Unsuitable,black,YES,233.635496,2648.904573,41.0104860000001
376000,4263000,CB4MH,63.97638,1e+06,0.13,80.03,376000 4263000,19.5,Unsuitable,black,YES,233.635496,2648.904573,41.0104860000001
376000,4263000,CB4MH,67.25722,1e+06,0.13,80.03,376000 4263000,20.5,Unsuitable,black,YES,233.635496,2648.904573,41.0104860000001
376000,4263000,CB4MH,41.0105,1e+06,0.29,80.81,376000 4263000,12.5,Unsuitable,black,YES,233.635496,2648.904573,41.0104860000001
376000,4263000,CB4MH,11.48294,1e+06,6.17,80.41,376000 4263000,3.5,Suitable,dodgerblue,YES,233.635496,2648.904573,41.0104860000001
376000,4263000,CB4MH,50.85302,1e+06,0.12,80.54,376000 4263000,15.5,Unsuitable,black,YES,233.635496,2648.904573,41.0104860000001
376000,4263000,CB4MH,47.57218,1e+06,0.13,80.64,376000 4263000,14.5,Unsuitable,black,YES,233.635496,2648.904573,41.0104860000001
376000,4263000,CB4MH,24.6063,1e+06,2.2,80.86,376000 4263000,7.5,Marginal,orange,YES,233.635496,2648.904573,41.0104860000001
376000,4263000,CB4MH,70.53806,1e+06,0.14,80.03,376000 4263000,21.5,Unsuitable,black,YES,233.635496,2648.904573,41.0104860000001
376000,4263000,CB4MH,57.4147,1e+06,0.11,80.26,376000 4263000,17.5,Unsuitable,black,YES,233.635496,2648.904573,41.0104860000001
376000,4263000,CB4MH,37.72966,1e+06,0.51,80.98,376000 4263000,11.5,Unsuitable,black,YES,233.635496,2648.904573,41.0104860000001
376000,4263000,CB4MH,44.29134,1e+06,0.15,80.69,376000 4263000,13.5,Unsuitable,black,YES,233.635496,2648.904573,41.0104860000001
376000,4263000,CB4MH,54.13386,1e+06,0.11,80.37,376000 4263000,16.5,Unsuitable,black,YES,233.635496,2648.904573,41.0104860000001
376000,4263000,CB4MH,8.2021,1e+06,6.6,80.32,376000 4263000,2.5,Suitable,dodgerblue,YES,233.635496,2648.904573,41.0104860000001
376000,4263000,CB4MH,31.16798,1e+06,0.97,80.93,376000 4263000,9.5,Unsuitable,black,YES,233.635496,2648.904573,41.0104860000001
376000,4263000,CB4MH,14.76378,1e+06,5.55,80.55,376000 4263000,4.5,Suitable,dodgerblue,YES,233.635496,2648.904573,41.0104860000001
376000,4263000,CB4MH,18.04462,1e+06,4.88,80.71,376000 4263000,5.5,Suitable,dodgerblue,YES,233.635496,2648.904573,41.0104860000001
376000,4263000,CB4MH,21.32546,1e+06,3.72,80.86,376000 4263000,6.5,Tolerable,yellow,YES,233.635496,2648.904573,41.0104860000001
376000,4264000,CB4MH,47.57218,1e+06,0.12,80.64,376000 4264000,14.5,Unsuitable,black,YES,233.635496,2649.525944,41.6318569999999
376000,4264000,CB4MH,60.69554,1e+06,0.11,80.16,376000 4264000,18.5,Unsuitable,black,YES,233.635496,2649.525944,41.6318569999999
376000,4264000,CB4MH,67.25722,1e+06,0.12,80.05,376000 4264000,20.5,Unsuitable,black,YES,233.635496,2649.525944,41.6318569999999
376000,4264000,CB4MH,18.04462,1e+06,4.9,80.67,376000 4264000,5.5,Suitable,dodgerblue,YES,233.635496,2649.525944,41.6318569999999
376000,4264000,CB4MH,1.64042,1e+06,6.93,80.16,376000 4264000,0.5,Suitable,dodgerblue,YES,233.635496,2649.525944,41.6318569999999
376000,4264000,CB4MH,27.88714,1e+06,1.53,81.01,376000 4264000,8.5,Unsuitable,black,YES,233.635496,2649.525944,41.6318569999999
376000,4264000,CB4MH,63.97638,1e+06,0.12,80.05,376000 4264000,19.5,Unsuitable,black,YES,233.635496,2649.525944,41.6318569999999
376000,4264000,CB4MH,4.92126,1e+06,6.82,80.16,376000 4264000,1.5,Suitable,dodgerblue,YES,233.635496,2649.525944,41.6318569999999
376000,4264000,CB4MH,34.44882,1e+06,0.65,81.01,376000 4264000,10.5,Unsuitable,black,YES,233.635496,2649.525944,41.6318569999999
376000,4264000,CB4MH,44.29134,1e+06,0.14,80.69,376000 4264000,13.5,Unsuitable,black,YES,233.635496,2649.525944,41.6318569999999
376000,4264000,CB4MH,41.0105,1e+06,0.28,80.81,376000 4264000,12.5,Unsuitable,black,YES,233.635496,2649.525944,41.6318569999999
376000,4264000,CB4MH,54.13386,1e+06,0.11,80.37,376000 4264000,16.5,Unsuitable,black,YES,233.635496,2649.525944,41.6318569999999
376000,4264000,CB4MH,57.4147,1e+06,0.11,80.26,376000 4264000,17.5,Unsuitable,black,YES,233.635496,2649.525944,41.6318569999999
376000,4264000,CB4MH,14.76378,1e+06,5.58,80.49,376000 4264000,4.5,Suitable,dodgerblue,YES,233.635496,2649.525944,41.6318569999999
376000,4264000,CB4MH,37.72966,1e+06,0.5,80.98,376000 4264000,11.5,Unsuitable,black,YES,233.635496,2649.525944,41.6318569999999
376000,4264000,CB4MH,31.16798,1e+06,0.92,80.96,376000 4264000,9.5,Unsuitable,black,YES,233.635496,2649.525944,41.6318569999999
376000,4264000,CB4MH,11.48294,1e+06,6.19,80.33,376000 4264000,3.5,Suitable,dodgerblue,YES,233.635496,2649.525944,41.6318569999999
376000,4264000,CB4MH,24.6063,1e+06,2.27,80.88,376000 4264000,7.5,Marginal,orange,YES,233.635496,2649.525944,41.6318569999999
376000,4264000,CB4MH,21.32546,1e+06,3.76,80.85,376000 4264000,6.5,Tolerable,yellow,YES,233.635496,2649.525944,41.6318569999999
376000,4264000,CB4MH,50.85302,1e+06,0.12,80.55,376000 4264000,15.5,Unsuitable,black,YES,233.635496,2649.525944,41.6318569999999
376000,4264000,CB4MH,8.2021,1e+06,6.61,80.24,376000 4264000,2.5,Suitable,dodgerblue,YES,233.635496,2649.525944,41.6318569999999
376000,4265000,CB4MH,11.48294,1e+06,6.22,80.24,376000 4265000,3.5,Suitable,dodgerblue,YES,233.635496,2650.147315,42.253228
376000,4265000,CB4MH,47.57218,1e+06,0.11,80.62,376000 4265000,14.5,Unsuitable,black,YES,233.635496,2650.147315,42.253228
376000,4265000,CB4MH,44.29134,1e+06,0.13,80.68,376000 4265000,13.5,Unsuitable,black,YES,233.635496,2650.147315,42.253228
376000,4265000,CB4MH,54.13386,1e+06,0.11,80.37,376000 4265000,16.5,Unsuitable,black,YES,233.635496,2650.147315,42.253228
376000,4265000,CB4MH,4.92126,1e+06,6.8,80.07,376000 4265000,1.5,Suitable,dodgerblue,YES,233.635496,2650.147315,42.253228
376000,4265000,CB4MH,41.0105,1e+06,0.26,80.81,376000 4265000,12.5,Unsuitable,black,YES,233.635496,2650.147315,42.253228
376000,4265000,CB4MH,60.69554,1e+06,0.1,80.16,376000 4265000,18.5,Unsuitable,black,YES,233.635496,2650.147315,42.253228
376000,4265000,CB4MH,34.44882,1e+06,0.63,81,376000 4265000,10.5,Unsuitable,black,YES,233.635496,2650.147315,42.253228
376000,4265000,CB4MH,57.4147,1e+06,0.1,80.27,376000 4265000,17.5,Unsuitable,black,YES,233.635496,2650.147315,42.253228
376000,4265000,CB4MH,8.2021,1e+06,6.61,80.15,376000 4265000,2.5,Suitable,dodgerblue,YES,233.635496,2650.147315,42.253228
376000,4265000,CB4MH,24.6063,1e+06,2.35,80.9,376000 4265000,7.5,Marginal,orange,YES,233.635496,2650.147315,42.253228
376000,4265000,CB4MH,21.32546,1e+06,3.83,80.84,376000 4265000,6.5,Tolerable,yellow,YES,233.635496,2650.147315,42.253228
376000,4265000,CB4MH,31.16798,1e+06,0.8,80.98,376000 4265000,9.5,Unsuitable,black,YES,233.635496,2650.147315,42.253228
376000,4265000,CB4MH,14.76378,1e+06,5.61,80.41,376000 4265000,4.5,Suitable,dodgerblue,YES,233.635496,2650.147315,42.253228
376000,4265000,CB4MH,37.72966,1e+06,0.47,80.97,376000 4265000,11.5,Unsuitable,black,YES,233.635496,2650.147315,42.253228
376000,4265000,CB4MH,1.64042,1e+06,6.9,80.05,376000 4265000,0.5,Suitable,dodgerblue,YES,233.635496,2650.147315,42.253228
376000,4265000,CB4MH,18.04462,1e+06,4.93,80.62,376000 4265000,5.5,Suitable,dodgerblue,YES,233.635496,2650.147315,42.253228
376000,4265000,CB4MH,27.88714,1e+06,1.35,81.04,376000 4265000,8.5,Unsuitable,black,YES,233.635496,2650.147315,42.253228
376000,4265000,CB4MH,50.85302,1e+06,0.11,80.54,376000 4265000,15.5,Unsuitable,black,YES,233.635496,2650.147315,42.253228
376000,4265000,CB4MH,63.97638,1e+06,0.11,80.08,376000 4265000,19.5,Unsuitable,black,YES,233.635496,2650.147315,42.253228
376000,4265000,CB4MH,67.25722,1e+06,0.11,80.08,376000 4265000,20.5,Unsuitable,black,YES,233.635496,2650.147315,42.253228
376000,4266000,CB4MH,18.04462,1e+06,5,80.56,376000 4266000,5.5,Suitable,dodgerblue,YES,233.635496,2650.768686,42.8745989999998
376000,4266000,CB4MH,47.57218,1e+06,0.11,80.59,376000 4266000,14.5,Unsuitable,black,YES,233.635496,2650.768686,42.8745989999998
376000,4266000,CB4MH,24.6063,1e+06,2.45,80.93,376000 4266000,7.5,Marginal,orange,YES,233.635496,2650.768686,42.8745989999998
376000,4266000,CB4MH,67.25722,1e+06,0.1,80.09,376000 4266000,20.5,Unsuitable,black,YES,233.635496,2650.768686,42.8745989999998
376000,4266000,CB4MH,1.64042,1e+06,6.86,79.95,376000 4266000,0.5,Suitable,dodgerblue,YES,233.635496,2650.768686,42.8745989999998
376000,4266000,CB4MH,54.13386,1e+06,0.1,80.36,376000 4266000,16.5,Unsuitable,black,YES,233.635496,2650.768686,42.8745989999998
376000,4266000,CB4MH,11.48294,1e+06,6.27,80.12,376000 4266000,3.5,Suitable,dodgerblue,YES,233.635496,2650.768686,42.8745989999998
376000,4266000,CB4MH,31.16798,1e+06,0.77,81.01,376000 4266000,9.5,Unsuitable,black,YES,233.635496,2650.768686,42.8745989999998
376000,4266000,CB4MH,63.97638,1e+06,0.1,80.09,376000 4266000,19.5,Unsuitable,black,YES,233.635496,2650.768686,42.8745989999998
376000,4266000,CB4MH,14.76378,1e+06,5.69,80.31,376000 4266000,4.5,Suitable,dodgerblue,YES,233.635496,2650.768686,42.8745989999998
376000,4266000,CB4MH,8.2021,1e+06,6.62,80.04,376000 4266000,2.5,Suitable,dodgerblue,YES,233.635496,2650.768686,42.8745989999998
376000,4266000,CB4MH,44.29134,1e+06,0.12,80.66,376000 4266000,13.5,Unsuitable,black,YES,233.635496,2650.768686,42.8745989999998
376000,4266000,CB4MH,27.88714,1e+06,1.36,81.08,376000 4266000,8.5,Unsuitable,black,YES,233.635496,2650.768686,42.8745989999998
376000,4266000,CB4MH,37.72966,1e+06,0.43,80.96,376000 4266000,11.5,Unsuitable,black,YES,233.635496,2650.768686,42.8745989999998
376000,4266000,CB4MH,57.4147,1e+06,0.1,80.26,376000 4266000,17.5,Unsuitable,black,YES,233.635496,2650.768686,42.8745989999998
376000,4266000,CB4MH,41.0105,1e+06,0.24,80.79,376000 4266000,12.5,Unsuitable,black,YES,233.635496,2650.768686,42.8745989999998
376000,4266000,CB4MH,4.92126,1e+06,6.78,79.96,376000 4266000,1.5,Suitable,dodgerblue,YES,233.635496,2650.768686,42.8745989999998
376000,4266000,CB4MH,21.32546,1e+06,3.92,80.83,376000 4266000,6.5,Tolerable,yellow,YES,233.635496,2650.768686,42.8745989999998
376000,4266000,CB4MH,50.85302,1e+06,0.11,80.53,376000 4266000,15.5,Unsuitable,black,YES,233.635496,2650.768686,42.8745989999998
376000,4266000,CB4MH,34.44882,1e+06,0.58,81,376000 4266000,10.5,Unsuitable,black,YES,233.635496,2650.768686,42.8745989999998
376000,4266000,CB4MH,60.69554,1e+06,0.1,80.16,376000 4266000,18.5,Unsuitable,black,YES,233.635496,2650.768686,42.8745989999998
376000,4274000,CB4MH,31.16798,1e+06,0.56,80.93,376000 4274000,9.5,Unsuitable,black,YES,233.635496,2655.739654,47.8455669999998
376000,4274000,CB4MH,63.97638,1e+06,0.1,80.1,376000 4274000,19.5,Unsuitable,black,YES,233.635496,2655.739654,47.8455669999998
376000,4274000,CB4MH,67.25722,1e+06,0.1,80.1,376000 4274000,20.5,Unsuitable,black,YES,233.635496,2655.739654,47.8455669999998
376000,4274000,CB4MH,77.09974,1e+06,0.1,80.09,376000 4274000,23.5,Unsuitable,black,YES,233.635496,2655.739654,47.8455669999998
376000,4274000,CB4MH,41.0105,1e+06,0.2,80.72,376000 4274000,12.5,Unsuitable,black,YES,233.635496,2655.739654,47.8455669999998
376000,4274000,CB4MH,21.32546,1e+06,2.13,80.95,376000 4274000,6.5,Marginal,orange,YES,233.635496,2655.739654,47.8455669999998
376000,4274000,CB4MH,86.94226,1e+06,0.15,79.82,376000 4274000,26.5,Unsuitable,black,YES,233.635496,2655.739654,47.8455669999998
376000,4274000,CB4MH,57.4147,1e+06,0.1,80.24,376000 4274000,17.5,Unsuitable,black,YES,233.635496,2655.739654,47.8455669999998
376000,4274000,CB4MH,70.53806,1e+06,0.1,80.1,376000 4274000,21.5,Unsuitable,black,YES,233.635496,2655.739654,47.8455669999998
376000,4274000,CB4MH,27.88714,1e+06,0.86,81.01,376000 4274000,8.5,Unsuitable,black,YES,233.635496,2655.739654,47.8455669999998
376000,4274000,CB4MH,47.57218,1e+06,0.11,80.54,376000 4274000,14.5,Unsuitable,black,YES,233.635496,2655.739654,47.8455669999998
376000,4274000,CB4MH,37.72966,1e+06,0.32,80.9,376000 4274000,11.5,Unsuitable,black,YES,233.635496,2655.739654,47.8455669999998
376000,4274000,CB4MH,83.66142,1e+06,0.11,80.07,376000 4274000,25.5,Unsuitable,black,YES,233.635496,2655.739654,47.8455669999998
376000,4274000,CB4MH,80.38058,1e+06,0.1,80.09,376000 4274000,24.5,Unsuitable,black,YES,233.635496,2655.739654,47.8455669999998
376000,4274000,CB4MH,34.44882,1e+06,0.43,80.91,376000 4274000,10.5,Unsuitable,black,YES,233.635496,2655.739654,47.8455669999998
376000,4274000,CB4MH,73.8189,1e+06,0.1,80.09,376000 4274000,22.5,Unsuitable,black,YES,233.635496,2655.739654,47.8455669999998
376000,4274000,CB4MH,44.29134,1e+06,0.12,80.57,376000 4274000,13.5,Unsuitable,black,YES,233.635496,2655.739654,47.8455669999998
376000,4274000,CB4MH,18.04462,1e+06,2.81,80.82,376000 4274000,5.5,Marginal,orange,YES,233.635496,2655.739654,47.8455669999998
376000,4274000,CB4MH,54.13386,1e+06,0.1,80.34,376000 4274000,16.5,Unsuitable,black,YES,233.635496,2655.739654,47.8455669999998
376000,4274000,CB4MH,4.92126,1e+06,7.22,79.59,376000 4274000,1.5,Suitable,dodgerblue,YES,233.635496,2655.739654,47.8455669999998
376000,4274000,CB4MH,8.2021,1e+06,6.86,79.7,376000 4274000,2.5,Suitable,dodgerblue,YES,233.635496,2655.739654,47.8455669999998
376000,4274000,CB4MH,24.6063,1e+06,1.33,81.05,376000 4274000,7.5,Unsuitable,black,YES,233.635496,2655.739654,47.8455669999998
376000,4274000,CB4MH,14.76378,1e+06,4.16,80.48,376000 4274000,4.5,Suitable,dodgerblue,YES,233.635496,2655.739654,47.8455669999998
376000,4274000,CB4MH,60.69554,1e+06,0.1,80.14,376000 4274000,18.5,Unsuitable,black,YES,233.635496,2655.739654,47.8455669999998
376000,4274000,CB4MH,1.64042,1e+06,7.31,79.58,376000 4274000,0.5,Suitable,dodgerblue,YES,233.635496,2655.739654,47.8455669999998
376000,4274000,CB4MH,11.48294,1e+06,5.85,79.98,376000 4274000,3.5,Suitable,dodgerblue,YES,233.635496,2655.739654,47.8455669999998
376000,4274000,CB4MH,50.85302,1e+06,0.1,80.49,376000 4274000,15.5,Unsuitable,black,YES,233.635496,2655.739654,47.8455669999998
376000,4275000,CB4MH,14.76378,1e+06,3.9,80.52,376000 4275000,4.5,Tolerable,yellow,YES,233.635496,2656.361025,48.466938
376000,4275000,CB4MH,18.04462,1e+06,2.34,80.9,376000 4275000,5.5,Marginal,orange,YES,233.635496,2656.361025,48.466938
376000,4275000,CB4MH,21.32546,1e+06,1.7,80.99,376000 4275000,6.5,Unsuitable,black,YES,233.635496,2656.361025,48.466938
376000,4275000,CB4MH,8.2021,1e+06,6.96,79.65,376000 4275000,2.5,Suitable,dodgerblue,YES,233.635496,2656.361025,48.466938
376000,4275000,CB4MH,67.25722,1e+06,0.1,80.11,376000 4275000,20.5,Unsuitable,black,YES,233.635496,2656.361025,48.466938
376000,4275000,CB4MH,54.13386,1e+06,0.1,80.33,376000 4275000,16.5,Unsuitable,black,YES,233.635496,2656.361025,48.466938
376000,4275000,CB4MH,41.0105,1e+06,0.16,80.67,376000 4275000,12.5,Unsuitable,black,YES,233.635496,2656.361025,48.466938
376000,4275000,CB4MH,73.8189,1e+06,0.1,80.11,376000 4275000,22.5,Unsuitable,black,YES,233.635496,2656.361025,48.466938
376000,4275000,CB4MH,34.44882,1e+06,0.32,80.86,376000 4275000,10.5,Unsuitable,black,YES,233.635496,2656.361025,48.466938
376000,4275000,CB4MH,57.4147,1e+06,0.1,80.23,376000 4275000,17.5,Unsuitable,black,YES,233.635496,2656.361025,48.466938
376000,4275000,CB4MH,27.88714,1e+06,0.63,81,376000 4275000,8.5,Unsuitable,black,YES,233.635496,2656.361025,48.466938
376000,4275000,CB4MH,77.09974,1e+06,0.1,80.1,376000 4275000,23.5,Unsuitable,black,YES,233.635496,2656.361025,48.466938
376000,4275000,CB4MH,11.48294,1e+06,5.85,79.96,376000 4275000,3.5,Suitable,dodgerblue,YES,233.635496,2656.361025,48.466938
376000,4275000,CB4MH,24.6063,1e+06,1.01,81.07,376000 4275000,7.5,Unsuitable,black,YES,233.635496,2656.361025,48.466938
376000,4275000,CB4MH,63.97638,1e+06,0.1,80.11,376000 4275000,19.5,Unsuitable,black,YES,233.635496,2656.361025,48.466938
376000,4275000,CB4MH,44.29134,1e+06,0.11,80.5,376000 4275000,13.5,Unsuitable,black,YES,233.635496,2656.361025,48.466938
376000,4275000,CB4MH,4.92126,1e+06,7.35,79.55,376000 4275000,1.5,Suitable,dodgerblue,YES,233.635496,2656.361025,48.466938
376000,4275000,CB4MH,47.57218,1e+06,0.1,80.49,376000 4275000,14.5,Unsuitable,black,YES,233.635496,2656.361025,48.466938
376000,4275000,CB4MH,1.64042,1e+06,7.45,79.54,376000 4275000,0.5,Suitable,dodgerblue,YES,233.635496,2656.361025,48.466938
376000,4275000,CB4MH,60.69554,1e+06,0.1,80.13,376000 4275000,18.5,Unsuitable,black,YES,233.635496,2656.361025,48.466938
376000,4275000,CB4MH,37.72966,1e+06,0.24,80.85,376000 4275000,11.5,Unsuitable,black,YES,233.635496,2656.361025,48.466938
376000,4275000,CB4MH,50.85302,1e+06,0.1,80.46,376000 4275000,15.5,Unsuitable,black,YES,233.635496,2656.361025,48.466938
376000,4275000,CB4MH,31.16798,1e+06,0.43,80.91,376000 4275000,9.5,Unsuitable,black,YES,233.635496,2656.361025,48.466938
376000,4275000,CB4MH,70.53806,1e+06,0.1,80.11,376000 4275000,21.5,Unsuitable,black,YES,233.635496,2656.361025,48.466938
376000,4276000,CB4MH,67.25722,1e+06,0.1,80.11,376000 4276000,20.5,Unsuitable,black,YES,233.635496,2656.982396,49.0883089999998
376000,4276000,CB4MH,57.4147,1e+06,0.1,80.22,376000 4276000,17.5,Unsuitable,black,YES,233.635496,2656.982396,49.0883089999998
376000,4276000,CB4MH,63.97638,1e+06,0.1,80.11,376000 4276000,19.5,Unsuitable,black,YES,233.635496,2656.982396,49.0883089999998
376000,4276000,CB4MH,4.92126,1e+06,7.53,79.6,376000 4276000,1.5,Suitable,dodgerblue,YES,233.635496,2656.982396,49.0883089999998
376000,4276000,CB4MH,54.13386,1e+06,0.1,80.32,376000 4276000,16.5,Unsuitable,black,YES,233.635496,2656.982396,49.0883089999998
376000,4276000,CB4MH,24.6063,1e+06,0.78,81.08,376000 4276000,7.5,Unsuitable,black,YES,233.635496,2656.982396,49.0883089999998
376000,4276000,CB4MH,11.48294,1e+06,6.11,79.94,376000 4276000,3.5,Suitable,dodgerblue,YES,233.635496,2656.982396,49.0883089999998
376000,4276000,CB4MH,60.69554,1e+06,0.1,80.12,376000 4276000,18.5,Unsuitable,black,YES,233.635496,2656.982396,49.0883089999998
376000,4276000,CB4MH,1.64042,1e+06,7.6,79.6,376000 4276000,0.5,Suitable,dodgerblue,YES,233.635496,2656.982396,49.0883089999998
376000,4276000,CB4MH,73.8189,1e+06,0.1,80.11,376000 4276000,22.5,Unsuitable,black,YES,233.635496,2656.982396,49.0883089999998
376000,4276000,CB4MH,77.09974,1e+06,0.1,80.1,376000 4276000,23.5,Unsuitable,black,YES,233.635496,2656.982396,49.0883089999998
376000,4276000,CB4MH,41.0105,1e+06,0.13,80.63,376000 4276000,12.5,Unsuitable,black,YES,233.635496,2656.982396,49.0883089999998
376000,4276000,CB4MH,34.44882,1e+06,0.23,80.83,376000 4276000,10.5,Unsuitable,black,YES,233.635496,2656.982396,49.0883089999998
376000,4276000,CB4MH,21.32546,1e+06,1.43,81.02,376000 4276000,6.5,Unsuitable,black,YES,233.635496,2656.982396,49.0883089999998
376000,4276000,CB4MH,27.88714,1e+06,0.41,81,376000 4276000,8.5,Unsuitable,black,YES,233.635496,2656.982396,49.0883089999998
376000,4276000,CB4MH,44.29134,1e+06,0.1,80.45,376000 4276000,13.5,Unsuitable,black,YES,233.635496,2656.982396,49.0883089999998
376000,4276000,CB4MH,70.53806,1e+06,0.1,80.11,376000 4276000,21.5,Unsuitable,black,YES,233.635496,2656.982396,49.0883089999998
376000,4276000,CB4MH,47.57218,1e+06,0.1,80.44,376000 4276000,14.5,Unsuitable,black,YES,233.635496,2656.982396,49.0883089999998
376000,4276000,CB4MH,37.72966,1e+06,0.17,80.82,376000 4276000,11.5,Unsuitable,black,YES,233.635496,2656.982396,49.0883089999998
376000,4276000,CB4MH,31.16798,1e+06,0.32,80.9,376000 4276000,9.5,Unsuitable,black,YES,233.635496,2656.982396,49.0883089999998
376000,4276000,CB4MH,8.2021,1e+06,7.16,79.66,376000 4276000,2.5,Suitable,dodgerblue,YES,233.635496,2656.982396,49.0883089999998
376000,4276000,CB4MH,18.04462,1e+06,2.23,80.96,376000 4276000,5.5,Marginal,orange,YES,233.635496,2656.982396,49.0883089999998
376000,4276000,CB4MH,50.85302,1e+06,0.1,80.43,376000 4276000,15.5,Unsuitable,black,YES,233.635496,2656.982396,49.0883089999998
376000,4276000,CB4MH,14.76378,1e+06,4.02,80.54,376000 4276000,4.5,Suitable,dodgerblue,YES,233.635496,2656.982396,49.0883089999998
376000,4277000,CB4MH,8.2021,1e+06,7.28,79.59,376000 4277000,2.5,Suitable,dodgerblue,YES,233.635496,2657.603767,49.7096799999999
376000,4277000,CB4MH,54.13386,1e+06,0.1,80.31,376000 4277000,16.5,Unsuitable,black,YES,233.635496,2657.603767,49.7096799999999
376000,4277000,CB4MH,27.88714,1e+06,0.27,81,376000 4277000,8.5,Unsuitable,black,YES,233.635496,2657.603767,49.7096799999999
376000,4277000,CB4MH,4.92126,1e+06,7.62,79.55,376000 4277000,1.5,Suitable,dodgerblue,YES,233.635496,2657.603767,49.7096799999999
376000,4277000,CB4MH,14.76378,1e+06,4.1,80.47,376000 4277000,4.5,Suitable,dodgerblue,YES,233.635496,2657.603767,49.7096799999999
376000,4277000,CB4MH,41.0105,1e+06,0.11,80.61,376000 4277000,12.5,Unsuitable,black,YES,233.635496,2657.603767,49.7096799999999
376000,4277000,CB4MH,47.57218,1e+06,0.1,80.41,376000 4277000,14.5,Unsuitable,black,YES,233.635496,2657.603767,49.7096799999999
376000,4277000,CB4MH,50.85302,1e+06,0.1,80.41,376000 4277000,15.5,Unsuitable,black,YES,233.635496,2657.603767,49.7096799999999
376000,4277000,CB4MH,31.16798,1e+06,0.24,80.9,376000 4277000,9.5,Unsuitable,black,YES,233.635496,2657.603767,49.7096799999999
376000,4277000,CB4MH,11.48294,1e+06,6.37,79.83,376000 4277000,3.5,Suitable,dodgerblue,YES,233.635496,2657.603767,49.7096799999999
376000,4277000,CB4MH,34.44882,1e+06,0.18,80.81,376000 4277000,10.5,Unsuitable,black,YES,233.635496,2657.603767,49.7096799999999
376000,4277000,CB4MH,44.29134,1e+06,0.1,80.42,376000 4277000,13.5,Unsuitable,black,YES,233.635496,2657.603767,49.7096799999999
376000,4277000,CB4MH,21.32546,1e+06,1.29,81.02,376000 4277000,6.5,Unsuitable,black,YES,233.635496,2657.603767,49.7096799999999
376000,4277000,CB4MH,24.6063,1e+06,0.67,81.09,376000 4277000,7.5,Unsuitable,black,YES,233.635496,2657.603767,49.7096799999999
376000,4277000,CB4MH,18.04462,1e+06,1.99,80.99,376000 4277000,5.5,Unsuitable,black,YES,233.635496,2657.603767,49.7096799999999
376000,4277000,CB4MH,1.64042,1e+06,7.69,79.55,376000 4277000,0.5,Suitable,dodgerblue,YES,233.635496,2657.603767,49.7096799999999
376000,4277000,CB4MH,63.97638,1e+06,0.1,80.1,376000 4277000,19.5,Unsuitable,black,YES,233.635496,2657.603767,49.7096799999999
376000,4277000,CB4MH,37.72966,1e+06,0.12,80.81,376000 4277000,11.5,Unsuitable,black,YES,233.635496,2657.603767,49.7096799999999
376000,4277000,CB4MH,57.4147,1e+06,0.1,80.21,376000 4277000,17.5,Unsuitable,black,YES,233.635496,2657.603767,49.7096799999999
376000,4277000,CB4MH,60.69554,1e+06,0.1,80.11,376000 4277000,18.5,Unsuitable,black,YES,233.635496,2657.603767,49.7096799999999
376000,4282000,CB4MH,21.32546,1e+06,1.47,81.01,376000 4282000,6.5,Unsuitable,black,YES,233.635496,2660.710622,52.8165349999999
376000,4282000,CB4MH,8.2021,1e+06,7.12,79.78,376000 4282000,2.5,Suitable,dodgerblue,YES,233.635496,2660.710622,52.8165349999999
376000,4282000,CB4MH,1.64042,1e+06,7.61,79.71,376000 4282000,0.5,Suitable,dodgerblue,YES,233.635496,2660.710622,52.8165349999999
376000,4282000,CB4MH,31.16798,1e+06,0.28,80.89,376000 4282000,9.5,Unsuitable,black,YES,233.635496,2660.710622,52.8165349999999
376000,4282000,CB4MH,44.29134,1e+06,0.1,80.43,376000 4282000,13.5,Unsuitable,black,YES,233.635496,2660.710622,52.8165349999999
376000,4282000,CB4MH,54.13386,1e+06,0.1,80.32,376000 4282000,16.5,Unsuitable,black,YES,233.635496,2660.710622,52.8165349999999
376000,4282000,CB4MH,4.92126,1e+06,7.51,79.71,376000 4282000,1.5,Suitable,dodgerblue,YES,233.635496,2660.710622,52.8165349999999
376000,4282000,CB4MH,11.48294,1e+06,5.99,80.07,376000 4282000,3.5,Suitable,dodgerblue,YES,233.635496,2660.710622,52.8165349999999
376000,4282000,CB4MH,50.85302,1e+06,0.1,80.42,376000 4282000,15.5,Unsuitable,black,YES,233.635496,2660.710622,52.8165349999999
376000,4282000,CB4MH,70.53806,1e+06,0.1,80.13,376000 4282000,21.5,Unsuitable,black,YES,233.635496,2660.710622,52.8165349999999
376000,4282000,CB4MH,18.04462,1e+06,2.37,80.98,376000 4282000,5.5,Marginal,orange,YES,233.635496,2660.710622,52.8165349999999
376000,4282000,CB4MH,41.0105,1e+06,0.12,80.61,376000 4282000,12.5,Unsuitable,black,YES,233.635496,2660.710622,52.8165349999999
376000,4282000,CB4MH,14.76378,1e+06,3.99,80.62,376000 4282000,4.5,Tolerable,yellow,YES,233.635496,2660.710622,52.8165349999999
376000,4282000,CB4MH,47.57218,1e+06,0.1,80.43,376000 4282000,14.5,Unsuitable,black,YES,233.635496,2660.710622,52.8165349999999
376000,4282000,CB4MH,67.25722,1e+06,0.1,80.13,376000 4282000,20.5,Unsuitable,black,YES,233.635496,2660.710622,52.8165349999999
376000,4282000,CB4MH,37.72966,1e+06,0.15,80.8,376000 4282000,11.5,Unsuitable,black,YES,233.635496,2660.710622,52.8165349999999
376000,4282000,CB4MH,57.4147,1e+06,0.1,80.22,376000 4282000,17.5,Unsuitable,black,YES,233.635496,2660.710622,52.8165349999999
376000,4282000,CB4MH,27.88714,1e+06,0.36,80.98,376000 4282000,8.5,Unsuitable,black,YES,233.635496,2660.710622,52.8165349999999
376000,4282000,CB4MH,60.69554,1e+06,0.1,80.13,376000 4282000,18.5,Unsuitable,black,YES,233.635496,2660.710622,52.8165349999999
376000,4282000,CB4MH,24.6063,1e+06,0.71,81.09,376000 4282000,7.5,Unsuitable,black,YES,233.635496,2660.710622,52.8165349999999
376000,4282000,CB4MH,63.97638,1e+06,0.1,80.13,376000 4282000,19.5,Unsuitable,black,YES,233.635496,2660.710622,52.8165349999999
376000,4282000,CB4MH,34.44882,1e+06,0.21,80.8,376000 4282000,10.5,Unsuitable,black,YES,233.635496,2660.710622,52.8165349999999
376000,4283000,CB4MH,37.72966,1e+06,0.17,80.79,376000 4283000,11.5,Unsuitable,black,YES,233.635496,2661.331993,53.4379060000001
376000,4283000,CB4MH,54.13386,1e+06,0.1,80.32,376000 4283000,16.5,Unsuitable,black,YES,233.635496,2661.331993,53.4379060000001
376000,4283000,CB4MH,1.64042,1e+06,7.59,79.77,376000 4283000,0.5,Suitable,dodgerblue,YES,233.635496,2661.331993,53.4379060000001
376000,4283000,CB4MH,11.48294,1e+06,5.99,80.12,376000 4283000,3.5,Suitable,dodgerblue,YES,233.635496,2661.331993,53.4379060000001
376000,4283000,CB4MH,8.2021,1e+06,7.11,79.84,376000 4283000,2.5,Suitable,dodgerblue,YES,233.635496,2661.331993,53.4379060000001
376000,4283000,CB4MH,47.57218,1e+06,0.1,80.43,376000 4283000,14.5,Unsuitable,black,YES,233.635496,2661.331993,53.4379060000001
376000,4283000,CB4MH,34.44882,1e+06,0.23,80.79,376000 4283000,10.5,Unsuitable,black,YES,233.635496,2661.331993,53.4379060000001
376000,4283000,CB4MH,18.04462,1e+06,2.57,80.97,376000 4283000,5.5,Marginal,orange,YES,233.635496,2661.331993,53.4379060000001
376000,4283000,CB4MH,27.88714,1e+06,0.4,80.96,376000 4283000,8.5,Unsuitable,black,YES,233.635496,2661.331993,53.4379060000001
376000,4283000,CB4MH,50.85302,1e+06,0.1,80.42,376000 4283000,15.5,Unsuitable,black,YES,233.635496,2661.331993,53.4379060000001
376000,4283000,CB4MH,4.92126,1e+06,7.5,79.77,376000 4283000,1.5,Suitable,dodgerblue,YES,233.635496,2661.331993,53.4379060000001
376000,4283000,CB4MH,41.0105,1e+06,0.13,80.61,376000 4283000,12.5,Unsuitable,black,YES,233.635496,2661.331993,53.4379060000001
376000,4283000,CB4MH,93.50394,1e+06,0.1,80.2,376000 4283000,28.5,Unsuitable,black,YES,233.635496,2661.331993,53.4379060000001
376000,4283000,CB4MH,44.29134,1e+06,0.1,80.44,376000 4283000,13.5,Unsuitable,black,YES,233.635496,2661.331993,53.4379060000001
376000,4283000,CB4MH,73.8189,1e+06,0.1,80.14,376000 4283000,22.5,Unsuitable,black,YES,233.635496,2661.331993,53.4379060000001
376000,4283000,CB4MH,14.76378,1e+06,4.09,80.64,376000 4283000,4.5,Suitable,dodgerblue,YES,233.635496,2661.331993,53.4379060000001
376000,4283000,CB4MH,24.6063,1e+06,0.75,81.08,376000 4283000,7.5,Unsuitable,black,YES,233.635496,2661.331993,53.4379060000001
376000,4283000,CB4MH,67.25722,1e+06,0.1,80.14,376000 4283000,20.5,Unsuitable,black,YES,233.635496,2661.331993,53.4379060000001
376000,4283000,CB4MH,83.66142,1e+06,0.1,80.15,376000 4283000,25.5,Unsuitable,black,YES,233.635496,2661.331993,53.4379060000001
376000,4283000,CB4MH,31.16798,1e+06,0.31,80.87,376000 4283000,9.5,Unsuitable,black,YES,233.635496,2661.331993,53.4379060000001
376000,4283000,CB4MH,77.09974,1e+06,0.1,80.12,376000 4283000,23.5,Unsuitable,black,YES,233.635496,2661.331993,53.4379060000001
376000,4283000,CB4MH,21.32546,1e+06,1.58,81.01,376000 4283000,6.5,Unsuitable,black,YES,233.635496,2661.331993,53.4379060000001
376000,4283000,CB4MH,90.2231,1e+06,0.1,80.2,376000 4283000,27.5,Unsuitable,black,YES,233.635496,2661.331993,53.4379060000001
376000,4283000,CB4MH,86.94226,1e+06,0.1,80.2,376000 4283000,26.5,Unsuitable,black,YES,233.635496,2661.331993,53.4379060000001
376000,4283000,CB4MH,80.38058,1e+06,0.1,80.12,376000 4283000,24.5,Unsuitable,black,YES,233.635496,2661.331993,53.4379060000001
376000,4283000,CB4MH,63.97638,1e+06,0.1,80.14,376000 4283000,19.5,Unsuitable,black,YES,233.635496,2661.331993,53.4379060000001
376000,4283000,CB4MH,57.4147,1e+06,0.1,80.23,376000 4283000,17.5,Unsuitable,black,YES,233.635496,2661.331993,53.4379060000001
376000,4283000,CB4MH,60.69554,1e+06,0.1,80.14,376000 4283000,18.5,Unsuitable,black,YES,233.635496,2661.331993,53.4379060000001
376000,4283000,CB4MH,70.53806,1e+06,0.1,80.14,376000 4283000,21.5,Unsuitable,black,YES,233.635496,2661.331993,53.4379060000001
376000,4284000,CB4MH,41.0105,1e+06,0.1,80.54,376000 4284000,12.5,Unsuitable,black,YES,233.635496,2661.953364,54.0592769999998
376000,4284000,CB4MH,47.57218,1e+06,0.1,80.38,376000 4284000,14.5,Unsuitable,black,YES,233.635496,2661.953364,54.0592769999998
376000,4284000,CB4MH,21.32546,1e+06,2.01,80.98,376000 4284000,6.5,Marginal,orange,YES,233.635496,2661.953364,54.0592769999998
376000,4284000,CB4MH,50.85302,1e+06,0.1,80.39,376000 4284000,15.5,Unsuitable,black,YES,233.635496,2661.953364,54.0592769999998
376000,4284000,CB4MH,57.4147,1e+06,0.1,80.24,376000 4284000,17.5,Unsuitable,black,YES,233.635496,2661.953364,54.0592769999998
376000,4284000,CB4MH,24.6063,1e+06,0.53,80.98,376000 4284000,7.5,Unsuitable,black,YES,233.635496,2661.953364,54.0592769999998
376000,4284000,CB4MH,80.38058,1e+06,0.1,80.12,376000 4284000,24.5,Unsuitable,black,YES,233.635496,2661.953364,54.0592769999998
376000,4284000,CB4MH,31.16798,1e+06,0.21,80.77,376000 4284000,9.5,Unsuitable,black,YES,233.635496,2661.953364,54.0592769999998
376000,4284000,CB4MH,37.72966,1e+06,0.11,80.69,376000 4284000,11.5,Unsuitable,black,YES,233.635496,2661.953364,54.0592769999998
376000,4284000,CB4MH,34.44882,1e+06,0.16,80.69,376000 4284000,10.5,Unsuitable,black,YES,233.635496,2661.953364,54.0592769999998
376000,4284000,CB4MH,73.8189,1e+06,0.1,80.17,376000 4284000,22.5,Unsuitable,black,YES,233.635496,2661.953364,54.0592769999998
376000,4284000,CB4MH,54.13386,1e+06,0.1,80.32,376000 4284000,16.5,Unsuitable,black,YES,233.635496,2661.953364,54.0592769999998
376000,4284000,CB4MH,60.69554,1e+06,0.1,80.17,376000 4284000,18.5,Unsuitable,black,YES,233.635496,2661.953364,54.0592769999998
376000,4284000,CB4MH,90.2231,1e+06,0.1,80.2,376000 4284000,27.5,Unsuitable,black,YES,233.635496,2661.953364,54.0592769999998
376000,4284000,CB4MH,27.88714,1e+06,0.28,80.84,376000 4284000,8.5,Unsuitable,black,YES,233.635496,2661.953364,54.0592769999998
376000,4284000,CB4MH,86.94226,1e+06,0.1,80.2,376000 4284000,26.5,Unsuitable,black,YES,233.635496,2661.953364,54.0592769999998
376000,4284000,CB4MH,14.76378,1e+06,4.47,80.63,376000 4284000,4.5,Suitable,dodgerblue,YES,233.635496,2661.953364,54.0592769999998
376000,4284000,CB4MH,70.53806,1e+06,0.1,80.17,376000 4284000,21.5,Unsuitable,black,YES,233.635496,2661.953364,54.0592769999998
376000,4284000,CB4MH,11.48294,1e+06,6.27,80.13,376000 4284000,3.5,Suitable,dodgerblue,YES,233.635496,2661.953364,54.0592769999998
376000,4284000,CB4MH,44.29134,1e+06,0.1,80.39,376000 4284000,13.5,Unsuitable,black,YES,233.635496,2661.953364,54.0592769999998
376000,4284000,CB4MH,63.97638,1e+06,0.1,80.17,376000 4284000,19.5,Unsuitable,black,YES,233.635496,2661.953364,54.0592769999998
376000,4284000,CB4MH,77.09974,1e+06,0.1,80.14,376000 4284000,23.5,Unsuitable,black,YES,233.635496,2661.953364,54.0592769999998
376000,4284000,CB4MH,1.64042,1e+06,7.75,79.77,376000 4284000,0.5,Suitable,dodgerblue,YES,233.635496,2661.953364,54.0592769999998
376000,4284000,CB4MH,83.66142,1e+06,0.1,80.15,376000 4284000,25.5,Unsuitable,black,YES,233.635496,2661.953364,54.0592769999998
376000,4284000,CB4MH,18.04462,1e+06,3.05,80.94,376000 4284000,5.5,Tolerable,yellow,YES,233.635496,2661.953364,54.0592769999998
376000,4284000,CB4MH,96.78478,1e+06,0.1,80.2,376000 4284000,29.5,Unsuitable,black,YES,233.635496,2661.953364,54.0592769999998
376000,4284000,CB4MH,8.2021,1e+06,7.32,79.84,376000 4284000,2.5,Suitable,dodgerblue,YES,233.635496,2661.953364,54.0592769999998
376000,4284000,CB4MH,93.50394,1e+06,0.1,80.2,376000 4284000,28.5,Unsuitable,black,YES,233.635496,2661.953364,54.0592769999998
376000,4284000,CB4MH,4.92126,1e+06,7.66,79.77,376000 4284000,1.5,Suitable,dodgerblue,YES,233.635496,2661.953364,54.0592769999998
376000,4284000,CB4MH,67.25722,1e+06,0.1,80.17,376000 4284000,20.5,Unsuitable,black,YES,233.635496,2661.953364,54.0592769999998
376000,4285000,CB4MH,21.32546,1e+06,2.32,80.96,376000 4285000,6.5,Marginal,orange,YES,233.635496,2662.574735,54.680648
376000,4285000,CB4MH,34.44882,1e+06,0.15,80.64,376000 4285000,10.5,Unsuitable,black,YES,233.635496,2662.574735,54.680648
376000,4285000,CB4MH,8.2021,1e+06,7.4,79.88,376000 4285000,2.5,Suitable,dodgerblue,YES,233.635496,2662.574735,54.680648
376000,4285000,CB4MH,47.57218,1e+06,0.1,80.37,376000 4285000,14.5,Unsuitable,black,YES,233.635496,2662.574735,54.680648
376000,4285000,CB4MH,24.6063,1e+06,0.53,80.93,376000 4285000,7.5,Unsuitable,black,YES,233.635496,2662.574735,54.680648
376000,4285000,CB4MH,14.76378,1e+06,4.73,80.62,376000 4285000,4.5,Suitable,dodgerblue,YES,233.635496,2662.574735,54.680648
376000,4285000,CB4MH,18.04462,1e+06,3.39,80.91,376000 4285000,5.5,Tolerable,yellow,YES,233.635496,2662.574735,54.680648
376000,4285000,CB4MH,50.85302,1e+06,0.1,80.38,376000 4285000,15.5,Unsuitable,black,YES,233.635496,2662.574735,54.680648
376000,4285000,CB4MH,11.48294,1e+06,6.41,80.16,376000 4285000,3.5,Suitable,dodgerblue,YES,233.635496,2662.574735,54.680648
376000,4285000,CB4MH,67.25722,1e+06,0.1,80.19,376000 4285000,20.5,Unsuitable,black,YES,233.635496,2662.574735,54.680648
376000,4285000,CB4MH,1.64042,1e+06,7.8,79.81,376000 4285000,0.5,Suitable,dodgerblue,YES,233.635496,2662.574735,54.680648
376000,4285000,CB4MH,37.72966,1e+06,0.11,80.64,376000 4285000,11.5,Unsuitable,black,YES,233.635496,2662.574735,54.680648
376000,4285000,CB4MH,63.97638,1e+06,0.1,80.19,376000 4285000,19.5,Unsuitable,black,YES,233.635496,2662.574735,54.680648
376000,4285000,CB4MH,54.13386,1e+06,0.1,80.33,376000 4285000,16.5,Unsuitable,black,YES,233.635496,2662.574735,54.680648
376000,4285000,CB4MH,70.53806,1e+06,0.1,80.19,376000 4285000,21.5,Unsuitable,black,YES,233.635496,2662.574735,54.680648
376000,4285000,CB4MH,4.92126,1e+06,7.72,79.81,376000 4285000,1.5,Suitable,dodgerblue,YES,233.635496,2662.574735,54.680648
376000,4285000,CB4MH,73.8189,1e+06,0.1,80.19,376000 4285000,22.5,Unsuitable,black,YES,233.635496,2662.574735,54.680648
376000,4285000,CB4MH,57.4147,1e+06,0.1,80.26,376000 4285000,17.5,Unsuitable,black,YES,233.635496,2662.574735,54.680648
376000,4285000,CB4MH,31.16798,1e+06,0.2,80.71,376000 4285000,9.5,Unsuitable,black,YES,233.635496,2662.574735,54.680648
376000,4285000,CB4MH,44.29134,1e+06,0.1,80.38,376000 4285000,13.5,Unsuitable,black,YES,233.635496,2662.574735,54.680648
376000,4285000,CB4MH,41.0105,1e+06,0.1,80.52,376000 4285000,12.5,Unsuitable,black,YES,233.635496,2662.574735,54.680648
376000,4285000,CB4MH,27.88714,1e+06,0.27,80.78,376000 4285000,8.5,Unsuitable,black,YES,233.635496,2662.574735,54.680648
376000,4285000,CB4MH,60.69554,1e+06,0.1,80.19,376000 4285000,18.5,Unsuitable,black,YES,233.635496,2662.574735,54.680648
376000,4289000,CB4MH,44.29134,1e+06,0.1,80.34,376000 4289000,13.5,Unsuitable,black,YES,233.635496,2665.060219,57.1661319999998
376000,4289000,CB4MH,34.44882,1e+06,0.13,80.42,376000 4289000,10.5,Unsuitable,black,YES,233.635496,2665.060219,57.1661319999998
376000,4289000,CB4MH,1.64042,1e+06,7.93,79.73,376000 4289000,0.5,Suitable,dodgerblue,YES,233.635496,2665.060219,57.1661319999998
376000,4289000,CB4MH,18.04462,1e+06,4.94,80.43,376000 4289000,5.5,Suitable,dodgerblue,YES,233.635496,2665.060219,57.1661319999998
376000,4289000,CB4MH,24.6063,1e+06,0.53,80.66,376000 4289000,7.5,Unsuitable,black,YES,233.635496,2665.060219,57.1661319999998
376000,4289000,CB4MH,37.72966,1e+06,0.11,80.45,376000 4289000,11.5,Unsuitable,black,YES,233.635496,2665.060219,57.1661319999998
376000,4289000,CB4MH,63.97638,1e+06,0.1,80.3,376000 4289000,19.5,Unsuitable,black,YES,233.635496,2665.060219,57.1661319999998
376000,4289000,CB4MH,54.13386,1e+06,0.1,80.37,376000 4289000,16.5,Unsuitable,black,YES,233.635496,2665.060219,57.1661319999998
376000,4289000,CB4MH,4.92126,1e+06,7.86,79.76,376000 4289000,1.5,Suitable,dodgerblue,YES,233.635496,2665.060219,57.1661319999998
376000,4289000,CB4MH,57.4147,1e+06,0.1,80.33,376000 4289000,17.5,Unsuitable,black,YES,233.635496,2665.060219,57.1661319999998
376000,4289000,CB4MH,60.69554,1e+06,0.1,80.3,376000 4289000,18.5,Unsuitable,black,YES,233.635496,2665.060219,57.1661319999998
376000,4289000,CB4MH,14.76378,1e+06,6.47,80.17,376000 4289000,4.5,Suitable,dodgerblue,YES,233.635496,2665.060219,57.1661319999998
376000,4289000,CB4MH,21.32546,1e+06,3.91,80.49,376000 4289000,6.5,Tolerable,yellow,YES,233.635496,2665.060219,57.1661319999998
376000,4289000,CB4MH,27.88714,1e+06,0.21,80.49,376000 4289000,8.5,Unsuitable,black,YES,233.635496,2665.060219,57.1661319999998
376000,4289000,CB4MH,50.85302,1e+06,0.1,80.37,376000 4289000,15.5,Unsuitable,black,YES,233.635496,2665.060219,57.1661319999998
376000,4289000,CB4MH,11.48294,1e+06,7.54,79.93,376000 4289000,3.5,Suitable,dodgerblue,YES,233.635496,2665.060219,57.1661319999998
376000,4289000,CB4MH,67.25722,1e+06,0.1,80.3,376000 4289000,20.5,Unsuitable,black,YES,233.635496,2665.060219,57.1661319999998
376000,4289000,CB4MH,47.57218,1e+06,0.1,80.33,376000 4289000,14.5,Unsuitable,black,YES,233.635496,2665.060219,57.1661319999998
376000,4289000,CB4MH,31.16798,1e+06,0.16,80.45,376000 4289000,9.5,Unsuitable,black,YES,233.635496,2665.060219,57.1661319999998
376000,4289000,CB4MH,41.0105,1e+06,0.1,80.41,376000 4289000,12.5,Unsuitable,black,YES,233.635496,2665.060219,57.1661319999998
376000,4289000,CB4MH,8.2021,1e+06,7.76,79.84,376000 4289000,2.5,Suitable,dodgerblue,YES,233.635496,2665.060219,57.1661319999998
376000,4290000,CB4MH,11.48294,1e+06,7.59,79.96,376000 4290000,3.5,Suitable,dodgerblue,YES,233.635496,2665.68159,57.787503
376000,4290000,CB4MH,73.8189,1e+06,0.1,80.32,376000 4290000,22.5,Unsuitable,black,YES,233.635496,2665.68159,57.787503
376000,4290000,CB4MH,67.25722,1e+06,0.1,80.32,376000 4290000,20.5,Unsuitable,black,YES,233.635496,2665.68159,57.787503
376000,4290000,CB4MH,1.64042,1e+06,7.95,79.75,376000 4290000,0.5,Suitable,dodgerblue,YES,233.635496,2665.68159,57.787503
376000,4290000,CB4MH,34.44882,1e+06,0.11,80.29,376000 4290000,10.5,Unsuitable,black,YES,233.635496,2665.68159,57.787503
376000,4290000,CB4MH,24.6063,1e+06,0.52,80.58,376000 4290000,7.5,Unsuitable,black,YES,233.635496,2665.68159,57.787503
376000,4290000,CB4MH,57.4147,1e+06,0.1,80.35,376000 4290000,17.5,Unsuitable,black,YES,233.635496,2665.68159,57.787503
376000,4290000,CB4MH,60.69554,1e+06,0.1,80.32,376000 4290000,18.5,Unsuitable,black,YES,233.635496,2665.68159,57.787503
376000,4290000,CB4MH,37.72966,1e+06,0.1,80.33,376000 4290000,11.5,Unsuitable,black,YES,233.635496,2665.68159,57.787503
376000,4290000,CB4MH,21.32546,1e+06,4.14,80.45,376000 4290000,6.5,Suitable,dodgerblue,YES,233.635496,2665.68159,57.787503
376000,4290000,CB4MH,4.92126,1e+06,7.88,79.78,376000 4290000,1.5,Suitable,dodgerblue,YES,233.635496,2665.68159,57.787503
376000,4290000,CB4MH,14.76378,1e+06,6.62,80.17,376000 4290000,4.5,Suitable,dodgerblue,YES,233.635496,2665.68159,57.787503
376000,4290000,CB4MH,50.85302,1e+06,0.1,80.36,376000 4290000,15.5,Unsuitable,black,YES,233.635496,2665.68159,57.787503
376000,4290000,CB4MH,27.88714,1e+06,0.13,80.32,376000 4290000,8.5,Unsuitable,black,YES,233.635496,2665.68159,57.787503
376000,4290000,CB4MH,18.04462,1e+06,5.19,80.4,376000 4290000,5.5,Suitable,dodgerblue,YES,233.635496,2665.68159,57.787503
376000,4290000,CB4MH,77.09974,1e+06,0.1,80.28,376000 4290000,23.5,Unsuitable,black,YES,233.635496,2665.68159,57.787503
376000,4290000,CB4MH,8.2021,1e+06,7.79,79.87,376000 4290000,2.5,Suitable,dodgerblue,YES,233.635496,2665.68159,57.787503
376000,4290000,CB4MH,47.57218,1e+06,0.1,80.33,376000 4290000,14.5,Unsuitable,black,YES,233.635496,2665.68159,57.787503
376000,4290000,CB4MH,54.13386,1e+06,0.1,80.37,376000 4290000,16.5,Unsuitable,black,YES,233.635496,2665.68159,57.787503
376000,4290000,CB4MH,31.16798,1e+06,0.12,80.31,376000 4290000,9.5,Unsuitable,black,YES,233.635496,2665.68159,57.787503
376000,4290000,CB4MH,70.53806,1e+06,0.1,80.32,376000 4290000,21.5,Unsuitable,black,YES,233.635496,2665.68159,57.787503
376000,4290000,CB4MH,44.29134,1e+06,0.1,80.33,376000 4290000,13.5,Unsuitable,black,YES,233.635496,2665.68159,57.787503
376000,4290000,CB4MH,63.97638,1e+06,0.1,80.32,376000 4290000,19.5,Unsuitable,black,YES,233.635496,2665.68159,57.787503
376000,4290000,CB4MH,41.0105,1e+06,0.11,80.33,376000 4290000,12.5,Unsuitable,black,YES,233.635496,2665.68159,57.787503
376000,4291000,CB4MH,93.50394,1e+06,0.1,80.2,376000 4291000,28.5,Unsuitable,black,YES,233.635496,2666.302961,58.4088739999998
376000,4291000,CB4MH,41.0105,1e+06,0.11,80.31,376000 4291000,12.5,Unsuitable,black,YES,233.635496,2666.302961,58.4088739999998
376000,4291000,CB4MH,44.29134,1e+06,0.1,80.33,376000 4291000,13.5,Unsuitable,black,YES,233.635496,2666.302961,58.4088739999998
376000,4291000,CB4MH,57.4147,1e+06,0.1,80.36,376000 4291000,17.5,Unsuitable,black,YES,233.635496,2666.302961,58.4088739999998
376000,4291000,CB4MH,47.57218,1e+06,0.1,80.32,376000 4291000,14.5,Unsuitable,black,YES,233.635496,2666.302961,58.4088739999998
376000,4291000,CB4MH,50.85302,1e+06,0.1,80.36,376000 4291000,15.5,Unsuitable,black,YES,233.635496,2666.302961,58.4088739999998
376000,4291000,CB4MH,21.32546,1e+06,4.34,80.43,376000 4291000,6.5,Suitable,dodgerblue,YES,233.635496,2666.302961,58.4088739999998
376000,4291000,CB4MH,8.2021,1e+06,7.83,79.89,376000 4291000,2.5,Suitable,dodgerblue,YES,233.635496,2666.302961,58.4088739999998
376000,4291000,CB4MH,60.69554,1e+06,0.1,80.34,376000 4291000,18.5,Unsuitable,black,YES,233.635496,2666.302961,58.4088739999998
376000,4291000,CB4MH,24.6063,1e+06,0.52,80.52,376000 4291000,7.5,Unsuitable,black,YES,233.635496,2666.302961,58.4088739999998
376000,4291000,CB4MH,31.16798,1e+06,0.12,80.27,376000 4291000,9.5,Unsuitable,black,YES,233.635496,2666.302961,58.4088739999998
376000,4291000,CB4MH,90.2231,1e+06,0.1,80.2,376000 4291000,27.5,Unsuitable,black,YES,233.635496,2666.302961,58.4088739999998
376000,4291000,CB4MH,4.92126,1e+06,7.91,79.8,376000 4291000,1.5,Suitable,dodgerblue,YES,233.635496,2666.302961,58.4088739999998
376000,4291000,CB4MH,83.66142,1e+06,0.1,80.19,376000 4291000,25.5,Unsuitable,black,YES,233.635496,2666.302961,58.4088739999998
376000,4291000,CB4MH,37.72966,1e+06,0.1,80.3,376000 4291000,11.5,Unsuitable,black,YES,233.635496,2666.302961,58.4088739999998
376000,4291000,CB4MH,96.78478,1e+06,0.1,80.2,376000 4291000,29.5,Unsuitable,black,YES,233.635496,2666.302961,58.4088739999998
376000,4291000,CB4MH,67.25722,1e+06,0.1,80.34,376000 4291000,20.5,Unsuitable,black,YES,233.635496,2666.302961,58.4088739999998
376000,4291000,CB4MH,11.48294,1e+06,7.65,79.98,376000 4291000,3.5,Suitable,dodgerblue,YES,233.635496,2666.302961,58.4088739999998
376000,4291000,CB4MH,70.53806,1e+06,0.1,80.34,376000 4291000,21.5,Unsuitable,black,YES,233.635496,2666.302961,58.4088739999998
376000,4291000,CB4MH,27.88714,1e+06,0.12,80.28,376000 4291000,8.5,Unsuitable,black,YES,233.635496,2666.302961,58.4088739999998
376000,4291000,CB4MH,18.04462,1e+06,5.41,80.37,376000 4291000,5.5,Suitable,dodgerblue,YES,233.635496,2666.302961,58.4088739999998
376000,4291000,CB4MH,34.44882,1e+06,0.11,80.26,376000 4291000,10.5,Unsuitable,black,YES,233.635496,2666.302961,58.4088739999998
376000,4291000,CB4MH,80.38058,1e+06,0.1,80.23,376000 4291000,24.5,Unsuitable,black,YES,233.635496,2666.302961,58.4088739999998
376000,4291000,CB4MH,73.8189,1e+06,0.1,80.34,376000 4291000,22.5,Unsuitable,black,YES,233.635496,2666.302961,58.4088739999998
376000,4291000,CB4MH,14.76378,1e+06,6.75,80.16,376000 4291000,4.5,Suitable,dodgerblue,YES,233.635496,2666.302961,58.4088739999998
376000,4291000,CB4MH,86.94226,1e+06,0.1,80.2,376000 4291000,26.5,Unsuitable,black,YES,233.635496,2666.302961,58.4088739999998
376000,4291000,CB4MH,1.64042,1e+06,7.98,79.77,376000 4291000,0.5,Suitable,dodgerblue,YES,233.635496,2666.302961,58.4088739999998
376000,4291000,CB4MH,63.97638,1e+06,0.1,80.34,376000 4291000,19.5,Unsuitable,black,YES,233.635496,2666.302961,58.4088739999998
376000,4291000,CB4MH,54.13386,1e+06,0.1,80.38,376000 4291000,16.5,Unsuitable,black,YES,233.635496,2666.302961,58.4088739999998
376000,4291000,CB4MH,77.09974,1e+06,0.1,80.3,376000 4291000,23.5,Unsuitable,black,YES,233.635496,2666.302961,58.4088739999998
376000,4292000,CB4MH,14.76378,1e+06,6.87,80.16,376000 4292000,4.5,Suitable,dodgerblue,YES,233.635496,2666.924332,59.0302449999999
376000,4292000,CB4MH,11.48294,1e+06,7.7,80,376000 4292000,3.5,Suitable,dodgerblue,YES,233.635496,2666.924332,59.0302449999999
376000,4292000,CB4MH,4.92126,1e+06,7.56,79.92,376000 4292000,1.5,Suitable,dodgerblue,YES,233.635496,2666.924332,59.0302449999999
376000,4292000,CB4MH,1.64042,1e+06,7.74,79.98,376000 4292000,0.5,Suitable,dodgerblue,YES,233.635496,2666.924332,59.0302449999999
376000,4292000,CB4MH,8.2021,1e+06,7.87,79.91,376000 4292000,2.5,Suitable,dodgerblue,YES,233.635496,2666.924332,59.0302449999999
376000,4292000,CB4MH,18.04462,1e+06,5.6,80.34,376000 4292000,5.5,Suitable,dodgerblue,YES,233.635496,2666.924332,59.0302449999999
376000,4292000,CB4MH,83.66142,1e+06,0.1,80.19,376000 4292000,25.5,Unsuitable,black,YES,233.635496,2666.924332,59.0302449999999
376000,4292000,CB4MH,34.44882,1e+06,0.11,80.24,376000 4292000,10.5,Unsuitable,black,YES,233.635496,2666.924332,59.0302449999999
376000,4292000,CB4MH,31.16798,1e+06,0.11,80.25,376000 4292000,9.5,Unsuitable,black,YES,233.635496,2666.924332,59.0302449999999
376000,4292000,CB4MH,80.38058,1e+06,0.1,80.25,376000 4292000,24.5,Unsuitable,black,YES,233.635496,2666.924332,59.0302449999999
376000,4292000,CB4MH,27.88714,1e+06,0.12,80.25,376000 4292000,8.5,Unsuitable,black,YES,233.635496,2666.924332,59.0302449999999
376000,4292000,CB4MH,37.72966,1e+06,0.1,80.29,376000 4292000,11.5,Unsuitable,black,YES,233.635496,2666.924332,59.0302449999999
376000,4292000,CB4MH,21.32546,1e+06,4.53,80.4,376000 4292000,6.5,Suitable,dodgerblue,YES,233.635496,2666.924332,59.0302449999999
376000,4292000,CB4MH,57.4147,1e+06,0.1,80.37,376000 4292000,17.5,Unsuitable,black,YES,233.635496,2666.924332,59.0302449999999
376000,4292000,CB4MH,70.53806,1e+06,0.1,80.36,376000 4292000,21.5,Unsuitable,black,YES,233.635496,2666.924332,59.0302449999999
376000,4292000,CB4MH,73.8189,1e+06,0.1,80.36,376000 4292000,22.5,Unsuitable,black,YES,233.635496,2666.924332,59.0302449999999
376000,4292000,CB4MH,54.13386,1e+06,0.1,80.39,376000 4292000,16.5,Unsuitable,black,YES,233.635496,2666.924332,59.0302449999999
376000,4292000,CB4MH,50.85302,1e+06,0.1,80.36,376000 4292000,15.5,Unsuitable,black,YES,233.635496,2666.924332,59.0302449999999
376000,4292000,CB4MH,77.09974,1e+06,0.1,80.33,376000 4292000,23.5,Unsuitable,black,YES,233.635496,2666.924332,59.0302449999999
376000,4292000,CB4MH,24.6063,1e+06,0.51,80.46,376000 4292000,7.5,Unsuitable,black,YES,233.635496,2666.924332,59.0302449999999
376000,4292000,CB4MH,44.29134,1e+06,0.1,80.32,376000 4292000,13.5,Unsuitable,black,YES,233.635496,2666.924332,59.0302449999999
376000,4292000,CB4MH,86.94226,1e+06,0.1,80.2,376000 4292000,26.5,Unsuitable,black,YES,233.635496,2666.924332,59.0302449999999
376000,4292000,CB4MH,63.97638,1e+06,0.1,80.36,376000 4292000,19.5,Unsuitable,black,YES,233.635496,2666.924332,59.0302449999999
376000,4292000,CB4MH,47.57218,1e+06,0.1,80.32,376000 4292000,14.5,Unsuitable,black,YES,233.635496,2666.924332,59.0302449999999
376000,4292000,CB4MH,60.69554,1e+06,0.1,80.36,376000 4292000,18.5,Unsuitable,black,YES,233.635496,2666.924332,59.0302449999999
376000,4292000,CB4MH,41.0105,1e+06,0.11,80.31,376000 4292000,12.5,Unsuitable,black,YES,233.635496,2666.924332,59.0302449999999
376000,4292000,CB4MH,67.25722,1e+06,0.1,80.36,376000 4292000,20.5,Unsuitable,black,YES,233.635496,2666.924332,59.0302449999999
376000,4293000,CB4MH,77.09974,1e+06,0.1,80.35,376000 4293000,23.5,Unsuitable,black,YES,233.635496,2667.545703,59.6516160000001
376000,4293000,CB4MH,67.25722,1e+06,0.1,80.37,376000 4293000,20.5,Unsuitable,black,YES,233.635496,2667.545703,59.6516160000001
376000,4293000,CB4MH,63.97638,1e+06,0.1,80.37,376000 4293000,19.5,Unsuitable,black,YES,233.635496,2667.545703,59.6516160000001
376000,4293000,CB4MH,18.04462,1e+06,5.77,80.33,376000 4293000,5.5,Suitable,dodgerblue,YES,233.635496,2667.545703,59.6516160000001
376000,4293000,CB4MH,8.2021,1e+06,7.92,79.92,376000 4293000,2.5,Suitable,dodgerblue,YES,233.635496,2667.545703,59.6516160000001
376000,4293000,CB4MH,24.6063,1e+06,0.5,80.42,376000 4293000,7.5,Unsuitable,black,YES,233.635496,2667.545703,59.6516160000001
376000,4293000,CB4MH,4.92126,1e+06,7.64,79.92,376000 4293000,1.5,Suitable,dodgerblue,YES,233.635496,2667.545703,59.6516160000001
376000,4293000,CB4MH,21.32546,1e+06,4.71,80.39,376000 4293000,6.5,Suitable,dodgerblue,YES,233.635496,2667.545703,59.6516160000001
376000,4293000,CB4MH,31.16798,1e+06,0.11,80.23,376000 4293000,9.5,Unsuitable,black,YES,233.635496,2667.545703,59.6516160000001
376000,4293000,CB4MH,44.29134,1e+06,0.1,80.32,376000 4293000,13.5,Unsuitable,black,YES,233.635496,2667.545703,59.6516160000001
376000,4293000,CB4MH,50.85302,1e+06,0.1,80.36,376000 4293000,15.5,Unsuitable,black,YES,233.635496,2667.545703,59.6516160000001
376000,4293000,CB4MH,41.0105,1e+06,0.1,80.31,376000 4293000,12.5,Unsuitable,black,YES,233.635496,2667.545703,59.6516160000001
376000,4293000,CB4MH,1.64042,1e+06,7.81,79.96,376000 4293000,0.5,Suitable,dodgerblue,YES,233.635496,2667.545703,59.6516160000001
376000,4293000,CB4MH,14.76378,1e+06,6.98,80.17,376000 4293000,4.5,Suitable,dodgerblue,YES,233.635496,2667.545703,59.6516160000001
376000,4293000,CB4MH,47.57218,1e+06,0.1,80.32,376000 4293000,14.5,Unsuitable,black,YES,233.635496,2667.545703,59.6516160000001
376000,4293000,CB4MH,70.53806,1e+06,0.1,80.37,376000 4293000,21.5,Unsuitable,black,YES,233.635496,2667.545703,59.6516160000001
376000,4293000,CB4MH,54.13386,1e+06,0.1,80.39,376000 4293000,16.5,Unsuitable,black,YES,233.635496,2667.545703,59.6516160000001
376000,4293000,CB4MH,73.8189,1e+06,0.1,80.37,376000 4293000,22.5,Unsuitable,black,YES,233.635496,2667.545703,59.6516160000001
376000,4293000,CB4MH,34.44882,1e+06,0.1,80.22,376000 4293000,10.5,Unsuitable,black,YES,233.635496,2667.545703,59.6516160000001
376000,4293000,CB4MH,60.69554,1e+06,0.1,80.37,376000 4293000,18.5,Unsuitable,black,YES,233.635496,2667.545703,59.6516160000001
376000,4293000,CB4MH,57.4147,1e+06,0.1,80.38,376000 4293000,17.5,Unsuitable,black,YES,233.635496,2667.545703,59.6516160000001
376000,4293000,CB4MH,37.72966,1e+06,0.1,80.27,376000 4293000,11.5,Unsuitable,black,YES,233.635496,2667.545703,59.6516160000001
376000,4293000,CB4MH,27.88714,1e+06,0.11,80.23,376000 4293000,8.5,Unsuitable,black,YES,233.635496,2667.545703,59.6516160000001
376000,4293000,CB4MH,11.48294,1e+06,7.75,80.02,376000 4293000,3.5,Suitable,dodgerblue,YES,233.635496,2667.545703,59.6516160000001
377000,4262000,CB4MH,41.0105,1e+06,0.33,80.81,377000 4262000,12.5,Unsuitable,black,YES,234.256867,2648.283202,40.389115
377000,4262000,CB4MH,4.92126,1e+06,6.84,80.36,377000 4262000,1.5,Suitable,dodgerblue,YES,234.256867,2648.283202,40.389115
377000,4262000,CB4MH,60.69554,1e+06,0.11,80.14,377000 4262000,18.5,Unsuitable,black,YES,234.256867,2648.283202,40.389115
377000,4262000,CB4MH,63.97638,1e+06,0.15,79.99,377000 4262000,19.5,Unsuitable,black,YES,234.256867,2648.283202,40.389115
377000,4262000,CB4MH,44.29134,1e+06,0.18,80.71,377000 4262000,13.5,Unsuitable,black,YES,234.256867,2648.283202,40.389115
377000,4262000,CB4MH,54.13386,1e+06,0.12,80.36,377000 4262000,16.5,Unsuitable,black,YES,234.256867,2648.283202,40.389115
377000,4262000,CB4MH,21.32546,1e+06,3.6,80.87,377000 4262000,6.5,Tolerable,yellow,YES,234.256867,2648.283202,40.389115
377000,4262000,CB4MH,27.88714,1e+06,1.66,80.93,377000 4262000,8.5,Unsuitable,black,YES,234.256867,2648.283202,40.389115
377000,4262000,CB4MH,1.64042,1e+06,6.99,80.37,377000 4262000,0.5,Suitable,dodgerblue,YES,234.256867,2648.283202,40.389115
377000,4262000,CB4MH,37.72966,1e+06,0.55,80.99,377000 4262000,11.5,Unsuitable,black,YES,234.256867,2648.283202,40.389115
377000,4262000,CB4MH,24.6063,1e+06,2.15,80.84,377000 4262000,7.5,Marginal,orange,YES,234.256867,2648.283202,40.389115
377000,4262000,CB4MH,31.16798,1e+06,1.04,80.89,377000 4262000,9.5,Unsuitable,black,YES,234.256867,2648.283202,40.389115
377000,4262000,CB4MH,8.2021,1e+06,6.57,80.42,377000 4262000,2.5,Suitable,dodgerblue,YES,234.256867,2648.283202,40.389115
377000,4262000,CB4MH,18.04462,1e+06,4.72,80.76,377000 4262000,5.5,Suitable,dodgerblue,YES,234.256867,2648.283202,40.389115
377000,4262000,CB4MH,70.53806,1e+06,0.15,79.99,377000 4262000,21.5,Unsuitable,black,YES,234.256867,2648.283202,40.389115
377000,4262000,CB4MH,14.76378,1e+06,5.4,80.63,377000 4262000,4.5,Suitable,dodgerblue,YES,234.256867,2648.283202,40.389115
377000,4262000,CB4MH,50.85302,1e+06,0.14,80.54,377000 4262000,15.5,Unsuitable,black,YES,234.256867,2648.283202,40.389115
377000,4262000,CB4MH,47.57218,1e+06,0.15,80.65,377000 4262000,14.5,Unsuitable,black,YES,234.256867,2648.283202,40.389115
377000,4262000,CB4MH,67.25722,1e+06,0.15,79.99,377000 4262000,20.5,Unsuitable,black,YES,234.256867,2648.283202,40.389115
377000,4262000,CB4MH,34.44882,1e+06,0.72,81.03,377000 4262000,10.5,Unsuitable,black,YES,234.256867,2648.283202,40.389115
377000,4262000,CB4MH,11.48294,1e+06,6.06,80.51,377000 4262000,3.5,Suitable,dodgerblue,YES,234.256867,2648.283202,40.389115
377000,4262000,CB4MH,57.4147,1e+06,0.11,80.25,377000 4262000,17.5,Unsuitable,black,YES,234.256867,2648.283202,40.389115
377000,4263000,CB4MH,47.57218,1e+06,0.13,80.67,377000 4263000,14.5,Unsuitable,black,YES,234.256867,2648.904573,41.0104860000001
377000,4263000,CB4MH,24.6063,1e+06,2.21,80.85,377000 4263000,7.5,Marginal,orange,YES,234.256867,2648.904573,41.0104860000001
377000,4263000,CB4MH,37.72966,1e+06,0.55,80.99,377000 4263000,11.5,Unsuitable,black,YES,234.256867,2648.904573,41.0104860000001
377000,4263000,CB4MH,8.2021,1e+06,6.56,80.35,377000 4263000,2.5,Suitable,dodgerblue,YES,234.256867,2648.904573,41.0104860000001
377000,4263000,CB4MH,41.0105,1e+06,0.32,80.82,377000 4263000,12.5,Unsuitable,black,YES,234.256867,2648.904573,41.0104860000001
377000,4263000,CB4MH,21.32546,1e+06,3.63,80.86,377000 4263000,6.5,Tolerable,yellow,YES,234.256867,2648.904573,41.0104860000001
377000,4263000,CB4MH,67.25722,1e+06,0.14,80.02,377000 4263000,20.5,Unsuitable,black,YES,234.256867,2648.904573,41.0104860000001
377000,4263000,CB4MH,70.53806,1e+06,0.14,80.02,377000 4263000,21.5,Unsuitable,black,YES,234.256867,2648.904573,41.0104860000001
377000,4263000,CB4MH,14.76378,1e+06,5.39,80.59,377000 4263000,4.5,Suitable,dodgerblue,YES,234.256867,2648.904573,41.0104860000001
377000,4263000,CB4MH,1.64042,1e+06,6.97,80.28,377000 4263000,0.5,Suitable,dodgerblue,YES,234.256867,2648.904573,41.0104860000001
377000,4263000,CB4MH,27.88714,1e+06,1.6,80.95,377000 4263000,8.5,Unsuitable,black,YES,234.256867,2648.904573,41.0104860000001
377000,4263000,CB4MH,31.16798,1e+06,1,80.91,377000 4263000,9.5,Unsuitable,black,YES,234.256867,2648.904573,41.0104860000001
377000,4263000,CB4MH,11.48294,1e+06,6.07,80.45,377000 4263000,3.5,Suitable,dodgerblue,YES,234.256867,2648.904573,41.0104860000001
377000,4263000,CB4MH,44.29134,1e+06,0.16,80.72,377000 4263000,13.5,Unsuitable,black,YES,234.256867,2648.904573,41.0104860000001
377000,4263000,CB4MH,60.69554,1e+06,0.11,80.16,377000 4263000,18.5,Unsuitable,black,YES,234.256867,2648.904573,41.0104860000001
377000,4263000,CB4MH,34.44882,1e+06,0.71,81.02,377000 4263000,10.5,Unsuitable,black,YES,234.256867,2648.904573,41.0104860000001
377000,4263000,CB4MH,4.92126,1e+06,6.83,80.27,377000 4263000,1.5,Suitable,dodgerblue,YES,234.256867,2648.904573,41.0104860000001
377000,4263000,CB4MH,54.13386,1e+06,0.12,80.38,377000 4263000,16.5,Unsuitable,black,YES,234.256867,2648.904573,41.0104860000001
377000,4263000,CB4MH,50.85302,1e+06,0.13,80.56,377000 4263000,15.5,Unsuitable,black,YES,234.256867,2648.904573,41.0104860000001
377000,4263000,CB4MH,57.4147,1e+06,0.11,80.27,377000 4263000,17.5,Unsuitable,black,YES,234.256867,2648.904573,41.0104860000001
377000,4263000,CB4MH,63.97638,1e+06,0.14,80.02,377000 4263000,19.5,Unsuitable,black,YES,234.256867,2648.904573,41.0104860000001
377000,4263000,CB4MH,18.04462,1e+06,4.71,80.74,377000 4263000,5.5,Suitable,dodgerblue,YES,234.256867,2648.904573,41.0104860000001
377000,4278000,CB4MH,24.6063,1e+06,0.62,81.1,377000 4278000,7.5,Unsuitable,black,YES,234.256867,2658.225138,50.3310510000001
377000,4278000,CB4MH,70.53806,1e+06,0.1,80.1,377000 4278000,21.5,Unsuitable,black,YES,234.256867,2658.225138,50.3310510000001
377000,4278000,CB4MH,11.48294,1e+06,6.66,79.72,377000 4278000,3.5,Suitable,dodgerblue,YES,234.256867,2658.225138,50.3310510000001
377000,4278000,CB4MH,31.16798,1e+06,0.2,80.9,377000 4278000,9.5,Unsuitable,black,YES,234.256867,2658.225138,50.3310510000001
377000,4278000,CB4MH,14.76378,1e+06,4.23,80.4,377000 4278000,4.5,Suitable,dodgerblue,YES,234.256867,2658.225138,50.3310510000001
377000,4278000,CB4MH,41.0105,1e+06,0.1,80.6,377000 4278000,12.5,Unsuitable,black,YES,234.256867,2658.225138,50.3310510000001
377000,4278000,CB4MH,54.13386,1e+06,0.1,80.3,377000 4278000,16.5,Unsuitable,black,YES,234.256867,2658.225138,50.3310510000001
377000,4278000,CB4MH,63.97638,1e+06,0.1,80.1,377000 4278000,19.5,Unsuitable,black,YES,234.256867,2658.225138,50.3310510000001
377000,4278000,CB4MH,73.8189,1e+06,0.1,80.1,377000 4278000,22.5,Unsuitable,black,YES,234.256867,2658.225138,50.3310510000001
377000,4278000,CB4MH,4.92126,1e+06,7.7,79.51,377000 4278000,1.5,Suitable,dodgerblue,YES,234.256867,2658.225138,50.3310510000001
377000,4278000,CB4MH,27.88714,1e+06,0.21,81,377000 4278000,8.5,Unsuitable,black,YES,234.256867,2658.225138,50.3310510000001
377000,4278000,CB4MH,1.64042,1e+06,7.77,79.51,377000 4278000,0.5,Suitable,dodgerblue,YES,234.256867,2658.225138,50.3310510000001
377000,4278000,CB4MH,34.44882,1e+06,0.15,80.8,377000 4278000,10.5,Unsuitable,black,YES,234.256867,2658.225138,50.3310510000001
377000,4278000,CB4MH,8.2021,1e+06,7.39,79.53,377000 4278000,2.5,Suitable,dodgerblue,YES,234.256867,2658.225138,50.3310510000001
377000,4278000,CB4MH,37.72966,1e+06,0.1,80.8,377000 4278000,11.5,Unsuitable,black,YES,234.256867,2658.225138,50.3310510000001
377000,4278000,CB4MH,18.04462,1e+06,1.82,81,377000 4278000,5.5,Unsuitable,black,YES,234.256867,2658.225138,50.3310510000001
377000,4278000,CB4MH,67.25722,1e+06,0.1,80.1,377000 4278000,20.5,Unsuitable,black,YES,234.256867,2658.225138,50.3310510000001
377000,4278000,CB4MH,50.85302,1e+06,0.1,80.4,377000 4278000,15.5,Unsuitable,black,YES,234.256867,2658.225138,50.3310510000001
377000,4278000,CB4MH,47.57218,1e+06,0.1,80.4,377000 4278000,14.5,Unsuitable,black,YES,234.256867,2658.225138,50.3310510000001
377000,4278000,CB4MH,60.69554,1e+06,0.1,80.1,377000 4278000,18.5,Unsuitable,black,YES,234.256867,2658.225138,50.3310510000001
377000,4278000,CB4MH,21.32546,1e+06,1.21,81.01,377000 4278000,6.5,Unsuitable,black,YES,234.256867,2658.225138,50.3310510000001
377000,4278000,CB4MH,57.4147,1e+06,0.1,80.2,377000 4278000,17.5,Unsuitable,black,YES,234.256867,2658.225138,50.3310510000001
377000,4278000,CB4MH,44.29134,1e+06,0.1,80.4,377000 4278000,13.5,Unsuitable,black,YES,234.256867,2658.225138,50.3310510000001
377000,4279000,CB4MH,11.48294,1e+06,6.35,79.8,377000 4279000,3.5,Suitable,dodgerblue,YES,234.256867,2658.846509,50.9524219999998
377000,4279000,CB4MH,63.97638,1e+06,0.1,80.1,377000 4279000,19.5,Unsuitable,black,YES,234.256867,2658.846509,50.9524219999998
377000,4279000,CB4MH,27.88714,1e+06,0.21,81,377000 4279000,8.5,Unsuitable,black,YES,234.256867,2658.846509,50.9524219999998
377000,4279000,CB4MH,1.64042,1e+06,7.71,79.51,377000 4279000,0.5,Suitable,dodgerblue,YES,234.256867,2658.846509,50.9524219999998
377000,4279000,CB4MH,31.16798,1e+06,0.21,80.9,377000 4279000,9.5,Unsuitable,black,YES,234.256867,2658.846509,50.9524219999998
377000,4279000,CB4MH,77.09974,1e+06,0.1,80.1,377000 4279000,23.5,Unsuitable,black,YES,234.256867,2658.846509,50.9524219999998
377000,4279000,CB4MH,24.6063,1e+06,0.6,81.1,377000 4279000,7.5,Unsuitable,black,YES,234.256867,2658.846509,50.9524219999998
377000,4279000,CB4MH,18.04462,1e+06,1.8,81,377000 4279000,5.5,Unsuitable,black,YES,234.256867,2658.846509,50.9524219999998
377000,4279000,CB4MH,50.85302,1e+06,0.1,80.4,377000 4279000,15.5,Unsuitable,black,YES,234.256867,2658.846509,50.9524219999998
377000,4279000,CB4MH,44.29134,1e+06,0.1,80.4,377000 4279000,13.5,Unsuitable,black,YES,234.256867,2658.846509,50.9524219999998
377000,4279000,CB4MH,80.38058,1e+06,0.1,80.1,377000 4279000,24.5,Unsuitable,black,YES,234.256867,2658.846509,50.9524219999998
377000,4279000,CB4MH,14.76378,1e+06,3.98,80.47,377000 4279000,4.5,Tolerable,yellow,YES,234.256867,2658.846509,50.9524219999998
377000,4279000,CB4MH,4.92126,1e+06,7.64,79.51,377000 4279000,1.5,Suitable,dodgerblue,YES,234.256867,2658.846509,50.9524219999998
377000,4279000,CB4MH,34.44882,1e+06,0.16,80.8,377000 4279000,10.5,Unsuitable,black,YES,234.256867,2658.846509,50.9524219999998
377000,4279000,CB4MH,73.8189,1e+06,0.1,80.1,377000 4279000,22.5,Unsuitable,black,YES,234.256867,2658.846509,50.9524219999998
377000,4279000,CB4MH,54.13386,1e+06,0.1,80.3,377000 4279000,16.5,Unsuitable,black,YES,234.256867,2658.846509,50.9524219999998
377000,4279000,CB4MH,60.69554,1e+06,0.1,80.1,377000 4279000,18.5,Unsuitable,black,YES,234.256867,2658.846509,50.9524219999998
377000,4279000,CB4MH,57.4147,1e+06,0.1,80.2,377000 4279000,17.5,Unsuitable,black,YES,234.256867,2658.846509,50.9524219999998
377000,4279000,CB4MH,41.0105,1e+06,0.1,80.6,377000 4279000,12.5,Unsuitable,black,YES,234.256867,2658.846509,50.9524219999998
377000,4279000,CB4MH,86.94226,1e+06,0.1,80.2,377000 4279000,26.5,Unsuitable,black,YES,234.256867,2658.846509,50.9524219999998
377000,4279000,CB4MH,8.2021,1e+06,7.28,79.56,377000 4279000,2.5,Suitable,dodgerblue,YES,234.256867,2658.846509,50.9524219999998
377000,4279000,CB4MH,21.32546,1e+06,1.19,81.02,377000 4279000,6.5,Unsuitable,black,YES,234.256867,2658.846509,50.9524219999998
377000,4279000,CB4MH,83.66142,1e+06,0.1,80.12,377000 4279000,25.5,Unsuitable,black,YES,234.256867,2658.846509,50.9524219999998
377000,4279000,CB4MH,67.25722,1e+06,0.1,80.1,377000 4279000,20.5,Unsuitable,black,YES,234.256867,2658.846509,50.9524219999998
377000,4279000,CB4MH,70.53806,1e+06,0.1,80.1,377000 4279000,21.5,Unsuitable,black,YES,234.256867,2658.846509,50.9524219999998
377000,4279000,CB4MH,47.57218,1e+06,0.1,80.4,377000 4279000,14.5,Unsuitable,black,YES,234.256867,2658.846509,50.9524219999998
377000,4279000,CB4MH,37.72966,1e+06,0.1,80.8,377000 4279000,11.5,Unsuitable,black,YES,234.256867,2658.846509,50.9524219999998
377000,4280000,CB4MH,90.2231,1e+06,0.1,80.2,377000 4280000,27.5,Unsuitable,black,YES,234.256867,2659.46788,51.573793
377000,4280000,CB4MH,24.6063,1e+06,0.6,81.1,377000 4280000,7.5,Unsuitable,black,YES,234.256867,2659.46788,51.573793
377000,4280000,CB4MH,86.94226,1e+06,0.1,80.2,377000 4280000,26.5,Unsuitable,black,YES,234.256867,2659.46788,51.573793
377000,4280000,CB4MH,70.53806,1e+06,0.1,80.11,377000 4280000,21.5,Unsuitable,black,YES,234.256867,2659.46788,51.573793
377000,4280000,CB4MH,80.38058,1e+06,0.1,80.1,377000 4280000,24.5,Unsuitable,black,YES,234.256867,2659.46788,51.573793
377000,4280000,CB4MH,67.25722,1e+06,0.1,80.11,377000 4280000,20.5,Unsuitable,black,YES,234.256867,2659.46788,51.573793
377000,4280000,CB4MH,11.48294,1e+06,5.89,79.95,377000 4280000,3.5,Suitable,dodgerblue,YES,234.256867,2659.46788,51.573793
377000,4280000,CB4MH,41.0105,1e+06,0.11,80.61,377000 4280000,12.5,Unsuitable,black,YES,234.256867,2659.46788,51.573793
377000,4280000,CB4MH,100.06562,1e+06,0.1,80.2,377000 4280000,30.5,Unsuitable,black,YES,234.256867,2659.46788,51.573793
377000,4280000,CB4MH,93.50394,1e+06,0.1,80.2,377000 4280000,28.5,Unsuitable,black,YES,234.256867,2659.46788,51.573793
377000,4280000,CB4MH,27.88714,1e+06,0.26,81,377000 4280000,8.5,Unsuitable,black,YES,234.256867,2659.46788,51.573793
377000,4280000,CB4MH,73.8189,1e+06,0.1,80.11,377000 4280000,22.5,Unsuitable,black,YES,234.256867,2659.46788,51.573793
377000,4280000,CB4MH,57.4147,1e+06,0.1,80.21,377000 4280000,17.5,Unsuitable,black,YES,234.256867,2659.46788,51.573793
377000,4280000,CB4MH,83.66142,1e+06,0.1,80.13,377000 4280000,25.5,Unsuitable,black,YES,234.256867,2659.46788,51.573793
377000,4280000,CB4MH,50.85302,1e+06,0.1,80.41,377000 4280000,15.5,Unsuitable,black,YES,234.256867,2659.46788,51.573793
377000,4280000,CB4MH,34.44882,1e+06,0.17,80.8,377000 4280000,10.5,Unsuitable,black,YES,234.256867,2659.46788,51.573793
377000,4280000,CB4MH,63.97638,1e+06,0.1,80.11,377000 4280000,19.5,Unsuitable,black,YES,234.256867,2659.46788,51.573793
377000,4280000,CB4MH,96.78478,1e+06,0.1,80.2,377000 4280000,29.5,Unsuitable,black,YES,234.256867,2659.46788,51.573793
377000,4280000,CB4MH,18.04462,1e+06,1.87,80.99,377000 4280000,5.5,Unsuitable,black,YES,234.256867,2659.46788,51.573793
377000,4280000,CB4MH,1.64042,1e+06,7.62,79.54,377000 4280000,0.5,Suitable,dodgerblue,YES,234.256867,2659.46788,51.573793
377000,4280000,CB4MH,44.29134,1e+06,0.1,80.41,377000 4280000,13.5,Unsuitable,black,YES,234.256867,2659.46788,51.573793
377000,4280000,CB4MH,54.13386,1e+06,0.1,80.31,377000 4280000,16.5,Unsuitable,black,YES,234.256867,2659.46788,51.573793
377000,4280000,CB4MH,21.32546,1e+06,1.2,81.04,377000 4280000,6.5,Unsuitable,black,YES,234.256867,2659.46788,51.573793
377000,4280000,CB4MH,77.09974,1e+06,0.1,80.1,377000 4280000,23.5,Unsuitable,black,YES,234.256867,2659.46788,51.573793
377000,4280000,CB4MH,47.57218,1e+06,0.1,80.41,377000 4280000,14.5,Unsuitable,black,YES,234.256867,2659.46788,51.573793
377000,4280000,CB4MH,8.2021,1e+06,7.11,79.62,377000 4280000,2.5,Suitable,dodgerblue,YES,234.256867,2659.46788,51.573793
377000,4280000,CB4MH,4.92126,1e+06,7.53,79.54,377000 4280000,1.5,Suitable,dodgerblue,YES,234.256867,2659.46788,51.573793
377000,4280000,CB4MH,37.72966,1e+06,0.12,80.8,377000 4280000,11.5,Unsuitable,black,YES,234.256867,2659.46788,51.573793
377000,4280000,CB4MH,60.69554,1e+06,0.1,80.11,377000 4280000,18.5,Unsuitable,black,YES,234.256867,2659.46788,51.573793
377000,4280000,CB4MH,14.76378,1e+06,3.65,80.58,377000 4280000,4.5,Tolerable,yellow,YES,234.256867,2659.46788,51.573793
377000,4280000,CB4MH,31.16798,1e+06,0.23,80.9,377000 4280000,9.5,Unsuitable,black,YES,234.256867,2659.46788,51.573793
377000,4281000,CB4MH,14.76378,1e+06,3.66,80.63,377000 4281000,4.5,Tolerable,yellow,YES,234.256867,2660.089251,52.1951639999998
377000,4281000,CB4MH,21.32546,1e+06,1.29,81.03,377000 4281000,6.5,Unsuitable,black,YES,234.256867,2660.089251,52.1951639999998
377000,4281000,CB4MH,27.88714,1e+06,0.31,80.99,377000 4281000,8.5,Unsuitable,black,YES,234.256867,2660.089251,52.1951639999998
377000,4281000,CB4MH,63.97638,1e+06,0.1,80.11,377000 4281000,19.5,Unsuitable,black,YES,234.256867,2660.089251,52.1951639999998
377000,4281000,CB4MH,34.44882,1e+06,0.19,80.8,377000 4281000,10.5,Unsuitable,black,YES,234.256867,2660.089251,52.1951639999998
377000,4281000,CB4MH,37.72966,1e+06,0.14,80.8,377000 4281000,11.5,Unsuitable,black,YES,234.256867,2660.089251,52.1951639999998
377000,4281000,CB4MH,67.25722,1e+06,0.1,80.11,377000 4281000,20.5,Unsuitable,black,YES,234.256867,2660.089251,52.1951639999998
377000,4281000,CB4MH,47.57218,1e+06,0.1,80.42,377000 4281000,14.5,Unsuitable,black,YES,234.256867,2660.089251,52.1951639999998
377000,4281000,CB4MH,11.48294,1e+06,5.8,80.03,377000 4281000,3.5,Suitable,dodgerblue,YES,234.256867,2660.089251,52.1951639999998
377000,4281000,CB4MH,50.85302,1e+06,0.1,80.41,377000 4281000,15.5,Unsuitable,black,YES,234.256867,2660.089251,52.1951639999998
377000,4281000,CB4MH,31.16798,1e+06,0.26,80.9,377000 4281000,9.5,Unsuitable,black,YES,234.256867,2660.089251,52.1951639999998
377000,4281000,CB4MH,73.8189,1e+06,0.1,80.11,377000 4281000,22.5,Unsuitable,black,YES,234.256867,2660.089251,52.1951639999998
377000,4281000,CB4MH,60.69554,1e+06,0.1,80.12,377000 4281000,18.5,Unsuitable,black,YES,234.256867,2660.089251,52.1951639999998
377000,4281000,CB4MH,8.2021,1e+06,7.07,79.69,377000 4281000,2.5,Suitable,dodgerblue,YES,234.256867,2660.089251,52.1951639999998
377000,4281000,CB4MH,24.6063,1e+06,0.63,81.09,377000 4281000,7.5,Unsuitable,black,YES,234.256867,2660.089251,52.1951639999998
377000,4281000,CB4MH,57.4147,1e+06,0.1,80.21,377000 4281000,17.5,Unsuitable,black,YES,234.256867,2660.089251,52.1951639999998
377000,4281000,CB4MH,70.53806,1e+06,0.1,80.11,377000 4281000,21.5,Unsuitable,black,YES,234.256867,2660.089251,52.1951639999998
377000,4281000,CB4MH,1.64042,1e+06,7.59,79.61,377000 4281000,0.5,Suitable,dodgerblue,YES,234.256867,2660.089251,52.1951639999998
377000,4281000,CB4MH,4.92126,1e+06,7.5,79.61,377000 4281000,1.5,Suitable,dodgerblue,YES,234.256867,2660.089251,52.1951639999998
377000,4281000,CB4MH,41.0105,1e+06,0.12,80.61,377000 4281000,12.5,Unsuitable,black,YES,234.256867,2660.089251,52.1951639999998
377000,4281000,CB4MH,44.29134,1e+06,0.1,80.42,377000 4281000,13.5,Unsuitable,black,YES,234.256867,2660.089251,52.1951639999998
377000,4281000,CB4MH,54.13386,1e+06,0.1,80.31,377000 4281000,16.5,Unsuitable,black,YES,234.256867,2660.089251,52.1951639999998
377000,4281000,CB4MH,77.09974,1e+06,0.1,80.11,377000 4281000,23.5,Unsuitable,black,YES,234.256867,2660.089251,52.1951639999998
377000,4281000,CB4MH,18.04462,1e+06,2.03,80.99,377000 4281000,5.5,Marginal,orange,YES,234.256867,2660.089251,52.1951639999998
377000,4294000,CB4MH,37.72966,1e+06,0.1,80.26,377000 4294000,11.5,Unsuitable,black,YES,234.256867,2668.167074,60.2729869999998
377000,4294000,CB4MH,4.92126,1e+06,7.51,79.85,377000 4294000,1.5,Suitable,dodgerblue,YES,234.256867,2668.167074,60.2729869999998
377000,4294000,CB4MH,67.25722,1e+06,0.1,80.38,377000 4294000,20.5,Unsuitable,black,YES,234.256867,2668.167074,60.2729869999998
377000,4294000,CB4MH,31.16798,1e+06,0.1,80.21,377000 4294000,9.5,Unsuitable,black,YES,234.256867,2668.167074,60.2729869999998
377000,4294000,CB4MH,77.09974,1e+06,0.1,80.38,377000 4294000,23.5,Unsuitable,black,YES,234.256867,2668.167074,60.2729869999998
377000,4294000,CB4MH,86.94226,1e+06,0.1,80.2,377000 4294000,26.5,Unsuitable,black,YES,234.256867,2668.167074,60.2729869999998
377000,4294000,CB4MH,63.97638,1e+06,0.1,80.38,377000 4294000,19.5,Unsuitable,black,YES,234.256867,2668.167074,60.2729869999998
377000,4294000,CB4MH,70.53806,1e+06,0.1,80.38,377000 4294000,21.5,Unsuitable,black,YES,234.256867,2668.167074,60.2729869999998
377000,4294000,CB4MH,50.85302,1e+06,0.1,80.36,377000 4294000,15.5,Unsuitable,black,YES,234.256867,2668.167074,60.2729869999998
377000,4294000,CB4MH,47.57218,1e+06,0.1,80.31,377000 4294000,14.5,Unsuitable,black,YES,234.256867,2668.167074,60.2729869999998
377000,4294000,CB4MH,34.44882,1e+06,0.1,80.21,377000 4294000,10.5,Unsuitable,black,YES,234.256867,2668.167074,60.2729869999998
377000,4294000,CB4MH,54.13386,1e+06,0.1,80.39,377000 4294000,16.5,Unsuitable,black,YES,234.256867,2668.167074,60.2729869999998
377000,4294000,CB4MH,93.50394,1e+06,0.1,80.2,377000 4294000,28.5,Unsuitable,black,YES,234.256867,2668.167074,60.2729869999998
377000,4294000,CB4MH,57.4147,1e+06,0.1,80.39,377000 4294000,17.5,Unsuitable,black,YES,234.256867,2668.167074,60.2729869999998
377000,4294000,CB4MH,18.04462,1e+06,5.19,80.34,377000 4294000,5.5,Suitable,dodgerblue,YES,234.256867,2668.167074,60.2729869999998
377000,4294000,CB4MH,27.88714,1e+06,0.11,80.21,377000 4294000,8.5,Unsuitable,black,YES,234.256867,2668.167074,60.2729869999998
377000,4294000,CB4MH,90.2231,1e+06,0.1,80.2,377000 4294000,27.5,Unsuitable,black,YES,234.256867,2668.167074,60.2729869999998
377000,4294000,CB4MH,60.69554,1e+06,0.1,80.38,377000 4294000,18.5,Unsuitable,black,YES,234.256867,2668.167074,60.2729869999998
377000,4294000,CB4MH,24.6063,1e+06,0.49,80.37,377000 4294000,7.5,Unsuitable,black,YES,234.256867,2668.167074,60.2729869999998
377000,4294000,CB4MH,11.48294,1e+06,7.44,80,377000 4294000,3.5,Suitable,dodgerblue,YES,234.256867,2668.167074,60.2729869999998
377000,4294000,CB4MH,1.64042,1e+06,7.66,79.87,377000 4294000,0.5,Suitable,dodgerblue,YES,234.256867,2668.167074,60.2729869999998
377000,4294000,CB4MH,14.76378,1e+06,6.56,80.16,377000 4294000,4.5,Suitable,dodgerblue,YES,234.256867,2668.167074,60.2729869999998
377000,4294000,CB4MH,83.66142,1e+06,0.1,80.2,377000 4294000,25.5,Unsuitable,black,YES,234.256867,2668.167074,60.2729869999998
377000,4294000,CB4MH,44.29134,1e+06,0.1,80.31,377000 4294000,13.5,Unsuitable,black,YES,234.256867,2668.167074,60.2729869999998
377000,4294000,CB4MH,80.38058,1e+06,0.1,80.28,377000 4294000,24.5,Unsuitable,black,YES,234.256867,2668.167074,60.2729869999998
377000,4294000,CB4MH,41.0105,1e+06,0.1,80.3,377000 4294000,12.5,Unsuitable,black,YES,234.256867,2668.167074,60.2729869999998
377000,4294000,CB4MH,21.32546,1e+06,3.95,80.39,377000 4294000,6.5,Tolerable,yellow,YES,234.256867,2668.167074,60.2729869999998
377000,4294000,CB4MH,8.2021,1e+06,7.66,79.88,377000 4294000,2.5,Suitable,dodgerblue,YES,234.256867,2668.167074,60.2729869999998
377000,4294000,CB4MH,73.8189,1e+06,0.1,80.39,377000 4294000,22.5,Unsuitable,black,YES,234.256867,2668.167074,60.2729869999998
377000,4295000,CB4MH,96.78478,1e+06,0.1,80.2,377000 4295000,29.5,Unsuitable,black,YES,234.256867,2668.788445,60.894358
377000,4295000,CB4MH,41.0105,1e+06,0.1,80.32,377000 4295000,12.5,Unsuitable,black,YES,234.256867,2668.788445,60.894358
377000,4295000,CB4MH,83.66142,1e+06,0.1,80.2,377000 4295000,25.5,Unsuitable,black,YES,234.256867,2668.788445,60.894358
377000,4295000,CB4MH,57.4147,1e+06,0.1,80.39,377000 4295000,17.5,Unsuitable,black,YES,234.256867,2668.788445,60.894358
377000,4295000,CB4MH,18.04462,1e+06,5.07,80.35,377000 4295000,5.5,Suitable,dodgerblue,YES,234.256867,2668.788445,60.894358
377000,4295000,CB4MH,93.50394,1e+06,0.1,80.2,377000 4295000,28.5,Unsuitable,black,YES,234.256867,2668.788445,60.894358
377000,4295000,CB4MH,44.29134,1e+06,0.1,80.32,377000 4295000,13.5,Unsuitable,black,YES,234.256867,2668.788445,60.894358
377000,4295000,CB4MH,60.69554,1e+06,0.1,80.39,377000 4295000,18.5,Unsuitable,black,YES,234.256867,2668.788445,60.894358
377000,4295000,CB4MH,54.13386,1e+06,0.1,80.39,377000 4295000,16.5,Unsuitable,black,YES,234.256867,2668.788445,60.894358
377000,4295000,CB4MH,80.38058,1e+06,0.1,80.29,377000 4295000,24.5,Unsuitable,black,YES,234.256867,2668.788445,60.894358
377000,4295000,CB4MH,73.8189,1e+06,0.1,80.39,377000 4295000,22.5,Unsuitable,black,YES,234.256867,2668.788445,60.894358
377000,4295000,CB4MH,34.44882,1e+06,0.1,80.2,377000 4295000,10.5,Unsuitable,black,YES,234.256867,2668.788445,60.894358
377000,4295000,CB4MH,27.88714,1e+06,0.11,80.2,377000 4295000,8.5,Unsuitable,black,YES,234.256867,2668.788445,60.894358
377000,4295000,CB4MH,37.72966,1e+06,0.1,80.26,377000 4295000,11.5,Unsuitable,black,YES,234.256867,2668.788445,60.894358
377000,4295000,CB4MH,14.76378,1e+06,6.45,80.18,377000 4295000,4.5,Suitable,dodgerblue,YES,234.256867,2668.788445,60.894358
377000,4295000,CB4MH,63.97638,1e+06,0.1,80.39,377000 4295000,19.5,Unsuitable,black,YES,234.256867,2668.788445,60.894358
377000,4295000,CB4MH,50.85302,1e+06,0.1,80.36,377000 4295000,15.5,Unsuitable,black,YES,234.256867,2668.788445,60.894358
377000,4295000,CB4MH,103.34646,1e+06,0.1,80.2,377000 4295000,31.5,Unsuitable,black,YES,234.256867,2668.788445,60.894358
377000,4295000,CB4MH,86.94226,1e+06,0.1,80.2,377000 4295000,26.5,Unsuitable,black,YES,234.256867,2668.788445,60.894358
377000,4295000,CB4MH,67.25722,1e+06,0.1,80.39,377000 4295000,20.5,Unsuitable,black,YES,234.256867,2668.788445,60.894358
377000,4295000,CB4MH,70.53806,1e+06,0.1,80.39,377000 4295000,21.5,Unsuitable,black,YES,234.256867,2668.788445,60.894358
377000,4295000,CB4MH,24.6063,1e+06,0.46,80.34,377000 4295000,7.5,Unsuitable,black,YES,234.256867,2668.788445,60.894358
377000,4295000,CB4MH,77.09974,1e+06,0.1,80.39,377000 4295000,23.5,Unsuitable,black,YES,234.256867,2668.788445,60.894358
377000,4295000,CB4MH,21.32546,1e+06,3.76,80.38,377000 4295000,6.5,Tolerable,yellow,YES,234.256867,2668.788445,60.894358
377000,4295000,CB4MH,31.16798,1e+06,0.1,80.2,377000 4295000,9.5,Unsuitable,black,YES,234.256867,2668.788445,60.894358
377000,4295000,CB4MH,4.92126,1e+06,7.52,79.83,377000 4295000,1.5,Suitable,dodgerblue,YES,234.256867,2668.788445,60.894358
377000,4295000,CB4MH,1.64042,1e+06,7.64,79.84,377000 4295000,0.5,Suitable,dodgerblue,YES,234.256867,2668.788445,60.894358
377000,4295000,CB4MH,47.57218,1e+06,0.1,80.32,377000 4295000,14.5,Unsuitable,black,YES,234.256867,2668.788445,60.894358
377000,4295000,CB4MH,100.06562,1e+06,0.1,80.2,377000 4295000,30.5,Unsuitable,black,YES,234.256867,2668.788445,60.894358
377000,4295000,CB4MH,90.2231,1e+06,0.1,80.2,377000 4295000,27.5,Unsuitable,black,YES,234.256867,2668.788445,60.894358
377000,4295000,CB4MH,8.2021,1e+06,7.61,79.88,377000 4295000,2.5,Suitable,dodgerblue,YES,234.256867,2668.788445,60.894358
377000,4295000,CB4MH,11.48294,1e+06,7.36,80.01,377000 4295000,3.5,Suitable,dodgerblue,YES,234.256867,2668.788445,60.894358
377000,4296000,CB4MH,34.44882,1e+06,0.1,80.2,377000 4296000,10.5,Unsuitable,black,YES,234.256867,2669.409816,61.5157289999997
377000,4296000,CB4MH,60.69554,1e+06,0.1,80.39,377000 4296000,18.5,Unsuitable,black,YES,234.256867,2669.409816,61.5157289999997
377000,4296000,CB4MH,44.29134,1e+06,0.1,80.34,377000 4296000,13.5,Unsuitable,black,YES,234.256867,2669.409816,61.5157289999997
377000,4296000,CB4MH,27.88714,1e+06,0.1,80.2,377000 4296000,8.5,Unsuitable,black,YES,234.256867,2669.409816,61.5157289999997
377000,4296000,CB4MH,14.76378,1e+06,6.18,80.21,377000 4296000,4.5,Suitable,dodgerblue,YES,234.256867,2669.409816,61.5157289999997
377000,4296000,CB4MH,37.72966,1e+06,0.1,80.27,377000 4296000,11.5,Unsuitable,black,YES,234.256867,2669.409816,61.5157289999997
377000,4296000,CB4MH,63.97638,1e+06,0.1,80.39,377000 4296000,19.5,Unsuitable,black,YES,234.256867,2669.409816,61.5157289999997
377000,4296000,CB4MH,4.92126,1e+06,7.49,79.81,377000 4296000,1.5,Suitable,dodgerblue,YES,234.256867,2669.409816,61.5157289999997
377000,4296000,CB4MH,54.13386,1e+06,0.1,80.4,377000 4296000,16.5,Unsuitable,black,YES,234.256867,2669.409816,61.5157289999997
377000,4296000,CB4MH,80.38058,1e+06,0.1,80.3,377000 4296000,24.5,Unsuitable,black,YES,234.256867,2669.409816,61.5157289999997
377000,4296000,CB4MH,47.57218,1e+06,0.1,80.34,377000 4296000,14.5,Unsuitable,black,YES,234.256867,2669.409816,61.5157289999997
377000,4296000,CB4MH,24.6063,1e+06,0.44,80.28,377000 4296000,7.5,Unsuitable,black,YES,234.256867,2669.409816,61.5157289999997
377000,4296000,CB4MH,31.16798,1e+06,0.1,80.2,377000 4296000,9.5,Unsuitable,black,YES,234.256867,2669.409816,61.5157289999997
377000,4296000,CB4MH,77.09974,1e+06,0.1,80.39,377000 4296000,23.5,Unsuitable,black,YES,234.256867,2669.409816,61.5157289999997
377000,4296000,CB4MH,67.25722,1e+06,0.1,80.39,377000 4296000,20.5,Unsuitable,black,YES,234.256867,2669.409816,61.5157289999997
377000,4296000,CB4MH,8.2021,1e+06,7.46,79.89,377000 4296000,2.5,Suitable,dodgerblue,YES,234.256867,2669.409816,61.5157289999997
377000,4296000,CB4MH,41.0105,1e+06,0.1,80.33,377000 4296000,12.5,Unsuitable,black,YES,234.256867,2669.409816,61.5157289999997
377000,4296000,CB4MH,11.48294,1e+06,7.14,80.03,377000 4296000,3.5,Suitable,dodgerblue,YES,234.256867,2669.409816,61.5157289999997
377000,4296000,CB4MH,21.32546,1e+06,3.39,80.37,377000 4296000,6.5,Tolerable,yellow,YES,234.256867,2669.409816,61.5157289999997
377000,4296000,CB4MH,18.04462,1e+06,4.79,80.35,377000 4296000,5.5,Suitable,dodgerblue,YES,234.256867,2669.409816,61.5157289999997
377000,4296000,CB4MH,1.64042,1e+06,7.59,79.81,377000 4296000,0.5,Suitable,dodgerblue,YES,234.256867,2669.409816,61.5157289999997
377000,4296000,CB4MH,83.66142,1e+06,0.1,80.2,377000 4296000,25.5,Unsuitable,black,YES,234.256867,2669.409816,61.5157289999997
377000,4296000,CB4MH,70.53806,1e+06,0.1,80.39,377000 4296000,21.5,Unsuitable,black,YES,234.256867,2669.409816,61.5157289999997
377000,4296000,CB4MH,57.4147,1e+06,0.1,80.39,377000 4296000,17.5,Unsuitable,black,YES,234.256867,2669.409816,61.5157289999997
377000,4296000,CB4MH,73.8189,1e+06,0.1,80.4,377000 4296000,22.5,Unsuitable,black,YES,234.256867,2669.409816,61.5157289999997
377000,4296000,CB4MH,50.85302,1e+06,0.1,80.37,377000 4296000,15.5,Unsuitable,black,YES,234.256867,2669.409816,61.5157289999997
378000,4260000,CB4MH,14.76378,1e+06,5.16,80.79,378000 4260000,4.5,Suitable,dodgerblue,YES,234.878238,2647.04046,39.146373
378000,4260000,CB4MH,70.53806,1e+06,0.18,79.9,378000 4260000,21.5,Unsuitable,black,YES,234.878238,2647.04046,39.146373
378000,4260000,CB4MH,18.04462,1e+06,4.46,80.88,378000 4260000,5.5,Suitable,dodgerblue,YES,234.878238,2647.04046,39.146373
378000,4260000,CB4MH,1.64042,1e+06,7.25,80.52,378000 4260000,0.5,Suitable,dodgerblue,YES,234.878238,2647.04046,39.146373
378000,4260000,CB4MH,50.85302,1e+06,0.18,80.5,378000 4260000,15.5,Unsuitable,black,YES,234.878238,2647.04046,39.146373
378000,4260000,CB4MH,31.16798,1e+06,1.2,80.87,378000 4260000,9.5,Unsuitable,black,YES,234.878238,2647.04046,39.146373
378000,4260000,CB4MH,37.72966,1e+06,0.59,80.99,378000 4260000,11.5,Unsuitable,black,YES,234.878238,2647.04046,39.146373
378000,4260000,CB4MH,57.4147,1e+06,0.13,80.2,378000 4260000,17.5,Unsuitable,black,YES,234.878238,2647.04046,39.146373
378000,4260000,CB4MH,24.6063,1e+06,2.83,80.87,378000 4260000,7.5,Marginal,orange,YES,234.878238,2647.04046,39.146373
378000,4260000,CB4MH,47.57218,1e+06,0.2,80.63,378000 4260000,14.5,Unsuitable,black,YES,234.878238,2647.04046,39.146373
378000,4260000,CB4MH,44.29134,1e+06,0.23,80.69,378000 4260000,13.5,Unsuitable,black,YES,234.878238,2647.04046,39.146373
378000,4260000,CB4MH,41.0105,1e+06,0.37,80.79,378000 4260000,12.5,Unsuitable,black,YES,234.878238,2647.04046,39.146373
378000,4260000,CB4MH,11.48294,1e+06,6.02,80.64,378000 4260000,3.5,Suitable,dodgerblue,YES,234.878238,2647.04046,39.146373
378000,4260000,CB4MH,21.32546,1e+06,3.76,80.92,378000 4260000,6.5,Tolerable,yellow,YES,234.878238,2647.04046,39.146373
378000,4260000,CB4MH,86.94226,1e+06,0.28,79.53,378000 4260000,26.5,Unsuitable,black,YES,234.878238,2647.04046,39.146373
378000,4260000,CB4MH,83.66142,1e+06,0.2,79.79,378000 4260000,25.5,Unsuitable,black,YES,234.878238,2647.04046,39.146373
378000,4260000,CB4MH,67.25722,1e+06,0.18,79.9,378000 4260000,20.5,Unsuitable,black,YES,234.878238,2647.04046,39.146373
378000,4260000,CB4MH,34.44882,1e+06,0.8,81.08,378000 4260000,10.5,Unsuitable,black,YES,234.878238,2647.04046,39.146373
378000,4260000,CB4MH,80.38058,1e+06,0.19,79.82,378000 4260000,24.5,Unsuitable,black,YES,234.878238,2647.04046,39.146373
378000,4260000,CB4MH,63.97638,1e+06,0.18,79.9,378000 4260000,19.5,Unsuitable,black,YES,234.878238,2647.04046,39.146373
378000,4260000,CB4MH,4.92126,1e+06,7.03,80.41,378000 4260000,1.5,Suitable,dodgerblue,YES,234.878238,2647.04046,39.146373
378000,4260000,CB4MH,27.88714,1e+06,1.92,80.89,378000 4260000,8.5,Unsuitable,black,YES,234.878238,2647.04046,39.146373
378000,4260000,CB4MH,8.2021,1e+06,6.71,80.48,378000 4260000,2.5,Suitable,dodgerblue,YES,234.878238,2647.04046,39.146373
378000,4260000,CB4MH,73.8189,1e+06,0.19,79.86,378000 4260000,22.5,Unsuitable,black,YES,234.878238,2647.04046,39.146373
378000,4260000,CB4MH,60.69554,1e+06,0.13,80.07,378000 4260000,18.5,Unsuitable,black,YES,234.878238,2647.04046,39.146373
378000,4260000,CB4MH,77.09974,1e+06,0.19,79.82,378000 4260000,23.5,Unsuitable,black,YES,234.878238,2647.04046,39.146373
378000,4260000,CB4MH,54.13386,1e+06,0.15,80.34,378000 4260000,16.5,Unsuitable,black,YES,234.878238,2647.04046,39.146373
378000,4261000,CB4MH,57.4147,1e+06,0.12,80.23,378000 4261000,17.5,Unsuitable,black,YES,234.878238,2647.661831,39.7677439999998
378000,4261000,CB4MH,50.85302,1e+06,0.16,80.53,378000 4261000,15.5,Unsuitable,black,YES,234.878238,2647.661831,39.7677439999998
378000,4261000,CB4MH,60.69554,1e+06,0.12,80.11,378000 4261000,18.5,Unsuitable,black,YES,234.878238,2647.661831,39.7677439999998
378000,4261000,CB4MH,18.04462,1e+06,4.41,80.85,378000 4261000,5.5,Suitable,dodgerblue,YES,234.878238,2647.661831,39.7677439999998
378000,4261000,CB4MH,67.25722,1e+06,0.17,79.94,378000 4261000,20.5,Unsuitable,black,YES,234.878238,2647.661831,39.7677439999998
378000,4261000,CB4MH,11.48294,1e+06,5.96,80.6,378000 4261000,3.5,Suitable,dodgerblue,YES,234.878238,2647.661831,39.7677439999998
378000,4261000,CB4MH,8.2021,1e+06,6.64,80.44,378000 4261000,2.5,Suitable,dodgerblue,YES,234.878238,2647.661831,39.7677439999998
378000,4261000,CB4MH,70.53806,1e+06,0.17,79.94,378000 4261000,21.5,Unsuitable,black,YES,234.878238,2647.661831,39.7677439999998
378000,4261000,CB4MH,14.76378,1e+06,5.12,80.74,378000 4261000,4.5,Suitable,dodgerblue,YES,234.878238,2647.661831,39.7677439999998
378000,4261000,CB4MH,1.64042,1e+06,7.17,80.46,378000 4261000,0.5,Suitable,dodgerblue,YES,234.878238,2647.661831,39.7677439999998
378000,4261000,CB4MH,31.16798,1e+06,1.12,80.86,378000 4261000,9.5,Unsuitable,black,YES,234.878238,2647.661831,39.7677439999998
378000,4261000,CB4MH,41.0105,1e+06,0.35,80.81,378000 4261000,12.5,Unsuitable,black,YES,234.878238,2647.661831,39.7677439999998
378000,4261000,CB4MH,4.92126,1e+06,6.97,80.37,378000 4261000,1.5,Suitable,dodgerblue,YES,234.878238,2647.661831,39.7677439999998
378000,4261000,CB4MH,44.29134,1e+06,0.2,80.7,378000 4261000,13.5,Unsuitable,black,YES,234.878238,2647.661831,39.7677439999998
378000,4261000,CB4MH,77.09974,1e+06,0.18,79.87,378000 4261000,23.5,Unsuitable,black,YES,234.878238,2647.661831,39.7677439999998
378000,4261000,CB4MH,21.32546,1e+06,3.68,80.9,378000 4261000,6.5,Tolerable,yellow,YES,234.878238,2647.661831,39.7677439999998
378000,4261000,CB4MH,63.97638,1e+06,0.17,79.94,378000 4261000,19.5,Unsuitable,black,YES,234.878238,2647.661831,39.7677439999998
378000,4261000,CB4MH,47.57218,1e+06,0.17,80.65,378000 4261000,14.5,Unsuitable,black,YES,234.878238,2647.661831,39.7677439999998
378000,4261000,CB4MH,37.72966,1e+06,0.58,80.99,378000 4261000,11.5,Unsuitable,black,YES,234.878238,2647.661831,39.7677439999998
378000,4261000,CB4MH,54.13386,1e+06,0.13,80.35,378000 4261000,16.5,Unsuitable,black,YES,234.878238,2647.661831,39.7677439999998
378000,4261000,CB4MH,73.8189,1e+06,0.18,79.9,378000 4261000,22.5,Unsuitable,black,YES,234.878238,2647.661831,39.7677439999998
378000,4261000,CB4MH,24.6063,1e+06,2.7,80.86,378000 4261000,7.5,Marginal,orange,YES,234.878238,2647.661831,39.7677439999998
378000,4261000,CB4MH,27.88714,1e+06,1.77,80.89,378000 4261000,8.5,Unsuitable,black,YES,234.878238,2647.661831,39.7677439999998
378000,4261000,CB4MH,34.44882,1e+06,0.77,81.05,378000 4261000,10.5,Unsuitable,black,YES,234.878238,2647.661831,39.7677439999998
378000,4297000,CB4MH,47.57218,1e+06,0.1,80.36,378000 4297000,14.5,Unsuitable,black,YES,234.878238,2670.031187,62.1370999999999
378000,4297000,CB4MH,37.72966,1e+06,0.1,80.28,378000 4297000,11.5,Unsuitable,black,YES,234.878238,2670.031187,62.1370999999999
378000,4297000,CB4MH,96.78478,1e+06,0.1,80.2,378000 4297000,29.5,Unsuitable,black,YES,234.878238,2670.031187,62.1370999999999
378000,4297000,CB4MH,41.0105,1e+06,0.1,80.36,378000 4297000,12.5,Unsuitable,black,YES,234.878238,2670.031187,62.1370999999999
378000,4297000,CB4MH,60.69554,1e+06,0.1,80.4,378000 4297000,18.5,Unsuitable,black,YES,234.878238,2670.031187,62.1370999999999
378000,4297000,CB4MH,57.4147,1e+06,0.1,80.4,378000 4297000,17.5,Unsuitable,black,YES,234.878238,2670.031187,62.1370999999999
378000,4297000,CB4MH,11.48294,1e+06,6.75,80.04,378000 4297000,3.5,Suitable,dodgerblue,YES,234.878238,2670.031187,62.1370999999999
378000,4297000,CB4MH,83.66142,1e+06,0.1,80.2,378000 4297000,25.5,Unsuitable,black,YES,234.878238,2670.031187,62.1370999999999
378000,4297000,CB4MH,70.53806,1e+06,0.1,80.4,378000 4297000,21.5,Unsuitable,black,YES,234.878238,2670.031187,62.1370999999999
378000,4297000,CB4MH,80.38058,1e+06,0.1,80.3,378000 4297000,24.5,Unsuitable,black,YES,234.878238,2670.031187,62.1370999999999
378000,4297000,CB4MH,50.85302,1e+06,0.1,80.38,378000 4297000,15.5,Unsuitable,black,YES,234.878238,2670.031187,62.1370999999999
378000,4297000,CB4MH,63.97638,1e+06,0.1,80.4,378000 4297000,19.5,Unsuitable,black,YES,234.878238,2670.031187,62.1370999999999
378000,4297000,CB4MH,34.44882,1e+06,0.1,80.2,378000 4297000,10.5,Unsuitable,black,YES,234.878238,2670.031187,62.1370999999999
378000,4297000,CB4MH,100.06562,1e+06,0.1,80.2,378000 4297000,30.5,Unsuitable,black,YES,234.878238,2670.031187,62.1370999999999
378000,4297000,CB4MH,67.25722,1e+06,0.1,80.4,378000 4297000,20.5,Unsuitable,black,YES,234.878238,2670.031187,62.1370999999999
378000,4297000,CB4MH,44.29134,1e+06,0.1,80.36,378000 4297000,13.5,Unsuitable,black,YES,234.878238,2670.031187,62.1370999999999
378000,4297000,CB4MH,73.8189,1e+06,0.1,80.4,378000 4297000,22.5,Unsuitable,black,YES,234.878238,2670.031187,62.1370999999999
378000,4297000,CB4MH,1.64042,1e+06,7.34,79.71,378000 4297000,0.5,Suitable,dodgerblue,YES,234.878238,2670.031187,62.1370999999999
378000,4297000,CB4MH,4.92126,1e+06,7.28,79.72,378000 4297000,1.5,Suitable,dodgerblue,YES,234.878238,2670.031187,62.1370999999999
378000,4297000,CB4MH,90.2231,1e+06,0.1,80.2,378000 4297000,27.5,Unsuitable,black,YES,234.878238,2670.031187,62.1370999999999
378000,4297000,CB4MH,24.6063,1e+06,0.36,80.29,378000 4297000,7.5,Unsuitable,black,YES,234.878238,2670.031187,62.1370999999999
378000,4297000,CB4MH,86.94226,1e+06,0.1,80.2,378000 4297000,26.5,Unsuitable,black,YES,234.878238,2670.031187,62.1370999999999
378000,4297000,CB4MH,27.88714,1e+06,0.1,80.2,378000 4297000,8.5,Unsuitable,black,YES,234.878238,2670.031187,62.1370999999999
378000,4297000,CB4MH,31.16798,1e+06,0.1,80.2,378000 4297000,9.5,Unsuitable,black,YES,234.878238,2670.031187,62.1370999999999
378000,4297000,CB4MH,93.50394,1e+06,0.1,80.2,378000 4297000,28.5,Unsuitable,black,YES,234.878238,2670.031187,62.1370999999999
378000,4297000,CB4MH,21.32546,1e+06,2.13,80.39,378000 4297000,6.5,Marginal,orange,YES,234.878238,2670.031187,62.1370999999999
378000,4297000,CB4MH,8.2021,1e+06,7.19,79.81,378000 4297000,2.5,Suitable,dodgerblue,YES,234.878238,2670.031187,62.1370999999999
378000,4297000,CB4MH,77.09974,1e+06,0.1,80.4,378000 4297000,23.5,Unsuitable,black,YES,234.878238,2670.031187,62.1370999999999
378000,4297000,CB4MH,54.13386,1e+06,0.1,80.4,378000 4297000,16.5,Unsuitable,black,YES,234.878238,2670.031187,62.1370999999999
378000,4297000,CB4MH,18.04462,1e+06,3.87,80.43,378000 4297000,5.5,Tolerable,yellow,YES,234.878238,2670.031187,62.1370999999999
378000,4297000,CB4MH,14.76378,1e+06,5.51,80.29,378000 4297000,4.5,Suitable,dodgerblue,YES,234.878238,2670.031187,62.1370999999999
378000,4298000,CB4MH,18.04462,1e+06,3.62,80.49,378000 4298000,5.5,Tolerable,yellow,YES,234.878238,2670.652558,62.7584710000001
378000,4298000,CB4MH,60.69554,1e+06,0.1,80.4,378000 4298000,18.5,Unsuitable,black,YES,234.878238,2670.652558,62.7584710000001
378000,4298000,CB4MH,34.44882,1e+06,0.1,80.2,378000 4298000,10.5,Unsuitable,black,YES,234.878238,2670.652558,62.7584710000001
378000,4298000,CB4MH,24.6063,1e+06,0.27,80.3,378000 4298000,7.5,Unsuitable,black,YES,234.878238,2670.652558,62.7584710000001
378000,4298000,CB4MH,14.76378,1e+06,5.27,80.38,378000 4298000,4.5,Suitable,dodgerblue,YES,234.878238,2670.652558,62.7584710000001
378000,4298000,CB4MH,11.48294,1e+06,6.63,80.09,378000 4298000,3.5,Suitable,dodgerblue,YES,234.878238,2670.652558,62.7584710000001
378000,4298000,CB4MH,57.4147,1e+06,0.1,80.4,378000 4298000,17.5,Unsuitable,black,YES,234.878238,2670.652558,62.7584710000001
378000,4298000,CB4MH,77.09974,1e+06,0.1,80.4,378000 4298000,23.5,Unsuitable,black,YES,234.878238,2670.652558,62.7584710000001
378000,4298000,CB4MH,31.16798,1e+06,0.1,80.2,378000 4298000,9.5,Unsuitable,black,YES,234.878238,2670.652558,62.7584710000001
378000,4298000,CB4MH,1.64042,1e+06,7.31,79.7,378000 4298000,0.5,Suitable,dodgerblue,YES,234.878238,2670.652558,62.7584710000001
378000,4298000,CB4MH,73.8189,1e+06,0.1,80.4,378000 4298000,22.5,Unsuitable,black,YES,234.878238,2670.652558,62.7584710000001
378000,4298000,CB4MH,8.2021,1e+06,7.16,79.8,378000 4298000,2.5,Suitable,dodgerblue,YES,234.878238,2670.652558,62.7584710000001
378000,4298000,CB4MH,4.92126,1e+06,7.3,79.7,378000 4298000,1.5,Suitable,dodgerblue,YES,234.878238,2670.652558,62.7584710000001
378000,4298000,CB4MH,21.32546,1e+06,1.75,80.4,378000 4298000,6.5,Unsuitable,black,YES,234.878238,2670.652558,62.7584710000001
378000,4298000,CB4MH,70.53806,1e+06,0.1,80.4,378000 4298000,21.5,Unsuitable,black,YES,234.878238,2670.652558,62.7584710000001
378000,4298000,CB4MH,41.0105,1e+06,0.1,80.39,378000 4298000,12.5,Unsuitable,black,YES,234.878238,2670.652558,62.7584710000001
378000,4298000,CB4MH,27.88714,1e+06,0.1,80.2,378000 4298000,8.5,Unsuitable,black,YES,234.878238,2670.652558,62.7584710000001
378000,4298000,CB4MH,37.72966,1e+06,0.1,80.3,378000 4298000,11.5,Unsuitable,black,YES,234.878238,2670.652558,62.7584710000001
378000,4298000,CB4MH,54.13386,1e+06,0.1,80.4,378000 4298000,16.5,Unsuitable,black,YES,234.878238,2670.652558,62.7584710000001
378000,4298000,CB4MH,50.85302,1e+06,0.1,80.4,378000 4298000,15.5,Unsuitable,black,YES,234.878238,2670.652558,62.7584710000001
378000,4298000,CB4MH,67.25722,1e+06,0.1,80.4,378000 4298000,20.5,Unsuitable,black,YES,234.878238,2670.652558,62.7584710000001
378000,4298000,CB4MH,44.29134,1e+06,0.1,80.39,378000 4298000,13.5,Unsuitable,black,YES,234.878238,2670.652558,62.7584710000001
378000,4298000,CB4MH,63.97638,1e+06,0.1,80.4,378000 4298000,19.5,Unsuitable,black,YES,234.878238,2670.652558,62.7584710000001
378000,4298000,CB4MH,47.57218,1e+06,0.1,80.39,378000 4298000,14.5,Unsuitable,black,YES,234.878238,2670.652558,62.7584710000001
378000,4300000,CB4MH,27.88714,1e+06,0.1,80.19,378000 4300000,8.5,Unsuitable,black,YES,234.878238,2671.8953,64.001213
378000,4300000,CB4MH,4.92126,1e+06,7.28,79.74,378000 4300000,1.5,Suitable,dodgerblue,YES,234.878238,2671.8953,64.001213
378000,4300000,CB4MH,24.6063,1e+06,0.36,80.28,378000 4300000,7.5,Unsuitable,black,YES,234.878238,2671.8953,64.001213
378000,4300000,CB4MH,31.16798,1e+06,0.1,80.19,378000 4300000,9.5,Unsuitable,black,YES,234.878238,2671.8953,64.001213
378000,4300000,CB4MH,41.0105,1e+06,0.1,80.36,378000 4300000,12.5,Unsuitable,black,YES,234.878238,2671.8953,64.001213
378000,4300000,CB4MH,63.97638,1e+06,0.1,80.4,378000 4300000,19.5,Unsuitable,black,YES,234.878238,2671.8953,64.001213
378000,4300000,CB4MH,14.76378,1e+06,5.49,80.29,378000 4300000,4.5,Suitable,dodgerblue,YES,234.878238,2671.8953,64.001213
378000,4300000,CB4MH,44.29134,1e+06,0.1,80.37,378000 4300000,13.5,Unsuitable,black,YES,234.878238,2671.8953,64.001213
378000,4300000,CB4MH,8.2021,1e+06,7.16,79.83,378000 4300000,2.5,Suitable,dodgerblue,YES,234.878238,2671.8953,64.001213
378000,4300000,CB4MH,18.04462,1e+06,3.89,80.43,378000 4300000,5.5,Tolerable,yellow,YES,234.878238,2671.8953,64.001213
378000,4300000,CB4MH,50.85302,1e+06,0.1,80.38,378000 4300000,15.5,Unsuitable,black,YES,234.878238,2671.8953,64.001213
378000,4300000,CB4MH,21.32546,1e+06,2.18,80.38,378000 4300000,6.5,Marginal,orange,YES,234.878238,2671.8953,64.001213
378000,4300000,CB4MH,57.4147,1e+06,0.1,80.4,378000 4300000,17.5,Unsuitable,black,YES,234.878238,2671.8953,64.001213
378000,4300000,CB4MH,1.64042,1e+06,7.34,79.74,378000 4300000,0.5,Suitable,dodgerblue,YES,234.878238,2671.8953,64.001213
378000,4300000,CB4MH,54.13386,1e+06,0.1,80.4,378000 4300000,16.5,Unsuitable,black,YES,234.878238,2671.8953,64.001213
378000,4300000,CB4MH,11.48294,1e+06,6.71,80.05,378000 4300000,3.5,Suitable,dodgerblue,YES,234.878238,2671.8953,64.001213
378000,4300000,CB4MH,34.44882,1e+06,0.1,80.19,378000 4300000,10.5,Unsuitable,black,YES,234.878238,2671.8953,64.001213
378000,4300000,CB4MH,37.72966,1e+06,0.1,80.27,378000 4300000,11.5,Unsuitable,black,YES,234.878238,2671.8953,64.001213
378000,4300000,CB4MH,47.57218,1e+06,0.1,80.37,378000 4300000,14.5,Unsuitable,black,YES,234.878238,2671.8953,64.001213
378000,4300000,CB4MH,60.69554,1e+06,0.1,80.4,378000 4300000,18.5,Unsuitable,black,YES,234.878238,2671.8953,64.001213
378000,4301000,CB4MH,34.44882,1e+06,0.1,80.18,378000 4301000,10.5,Unsuitable,black,YES,234.878238,2672.516671,64.6225839999997
378000,4301000,CB4MH,24.6063,1e+06,0.42,80.26,378000 4301000,7.5,Unsuitable,black,YES,234.878238,2672.516671,64.6225839999997
378000,4301000,CB4MH,41.0105,1e+06,0.1,80.33,378000 4301000,12.5,Unsuitable,black,YES,234.878238,2672.516671,64.6225839999997
378000,4301000,CB4MH,73.8189,1e+06,0.1,80.4,378000 4301000,22.5,Unsuitable,black,YES,234.878238,2672.516671,64.6225839999997
378000,4301000,CB4MH,18.04462,1e+06,4.1,80.38,378000 4301000,5.5,Suitable,dodgerblue,YES,234.878238,2672.516671,64.6225839999997
378000,4301000,CB4MH,44.29134,1e+06,0.1,80.35,378000 4301000,13.5,Unsuitable,black,YES,234.878238,2672.516671,64.6225839999997
378000,4301000,CB4MH,77.09974,1e+06,0.1,80.4,378000 4301000,23.5,Unsuitable,black,YES,234.878238,2672.516671,64.6225839999997
378000,4301000,CB4MH,54.13386,1e+06,0.1,80.4,378000 4301000,16.5,Unsuitable,black,YES,234.878238,2672.516671,64.6225839999997
378000,4301000,CB4MH,14.76378,1e+06,5.64,80.24,378000 4301000,4.5,Suitable,dodgerblue,YES,234.878238,2672.516671,64.6225839999997
378000,4301000,CB4MH,47.57218,1e+06,0.1,80.35,378000 4301000,14.5,Unsuitable,black,YES,234.878238,2672.516671,64.6225839999997
378000,4301000,CB4MH,1.64042,1e+06,7.36,79.79,378000 4301000,0.5,Suitable,dodgerblue,YES,234.878238,2672.516671,64.6225839999997
378000,4301000,CB4MH,57.4147,1e+06,0.1,80.39,378000 4301000,17.5,Unsuitable,black,YES,234.878238,2672.516671,64.6225839999997
378000,4301000,CB4MH,70.53806,1e+06,0.1,80.39,378000 4301000,21.5,Unsuitable,black,YES,234.878238,2672.516671,64.6225839999997
378000,4301000,CB4MH,37.72966,1e+06,0.1,80.26,378000 4301000,11.5,Unsuitable,black,YES,234.878238,2672.516671,64.6225839999997
378000,4301000,CB4MH,21.32546,1e+06,2.53,80.37,378000 4301000,6.5,Marginal,orange,YES,234.878238,2672.516671,64.6225839999997
378000,4301000,CB4MH,8.2021,1e+06,7.16,79.86,378000 4301000,2.5,Suitable,dodgerblue,YES,234.878238,2672.516671,64.6225839999997
378000,4301000,CB4MH,60.69554,1e+06,0.1,80.39,378000 4301000,18.5,Unsuitable,black,YES,234.878238,2672.516671,64.6225839999997
378000,4301000,CB4MH,31.16798,1e+06,0.1,80.18,378000 4301000,9.5,Unsuitable,black,YES,234.878238,2672.516671,64.6225839999997
378000,4301000,CB4MH,11.48294,1e+06,6.75,80.03,378000 4301000,3.5,Suitable,dodgerblue,YES,234.878238,2672.516671,64.6225839999997
378000,4301000,CB4MH,4.92126,1e+06,7.25,79.77,378000 4301000,1.5,Suitable,dodgerblue,YES,234.878238,2672.516671,64.6225839999997
378000,4301000,CB4MH,67.25722,1e+06,0.1,80.39,378000 4301000,20.5,Unsuitable,black,YES,234.878238,2672.516671,64.6225839999997
378000,4301000,CB4MH,63.97638,1e+06,0.1,80.39,378000 4301000,19.5,Unsuitable,black,YES,234.878238,2672.516671,64.6225839999997
378000,4301000,CB4MH,27.88714,1e+06,0.11,80.18,378000 4301000,8.5,Unsuitable,black,YES,234.878238,2672.516671,64.6225839999997
378000,4301000,CB4MH,50.85302,1e+06,0.1,80.37,378000 4301000,15.5,Unsuitable,black,YES,234.878238,2672.516671,64.6225839999997
378000,4302000,CB4MH,80.38058,1e+06,0.1,80.3,378000 4302000,24.5,Unsuitable,black,YES,234.878238,2673.138042,65.2439549999999
378000,4302000,CB4MH,41.0105,1e+06,0.1,80.3,378000 4302000,12.5,Unsuitable,black,YES,234.878238,2673.138042,65.2439549999999
378000,4302000,CB4MH,57.4147,1e+06,0.1,80.39,378000 4302000,17.5,Unsuitable,black,YES,234.878238,2673.138042,65.2439549999999
378000,4302000,CB4MH,54.13386,1e+06,0.1,80.39,378000 4302000,16.5,Unsuitable,black,YES,234.878238,2673.138042,65.2439549999999
378000,4302000,CB4MH,60.69554,1e+06,0.1,80.39,378000 4302000,18.5,Unsuitable,black,YES,234.878238,2673.138042,65.2439549999999
378000,4302000,CB4MH,47.57218,1e+06,0.1,80.33,378000 4302000,14.5,Unsuitable,black,YES,234.878238,2673.138042,65.2439549999999
378000,4302000,CB4MH,34.44882,1e+06,0.1,80.17,378000 4302000,10.5,Unsuitable,black,YES,234.878238,2673.138042,65.2439549999999
378000,4302000,CB4MH,31.16798,1e+06,0.1,80.17,378000 4302000,9.5,Unsuitable,black,YES,234.878238,2673.138042,65.2439549999999
378000,4302000,CB4MH,44.29134,1e+06,0.1,80.33,378000 4302000,13.5,Unsuitable,black,YES,234.878238,2673.138042,65.2439549999999
378000,4302000,CB4MH,1.64042,1e+06,7.36,79.85,378000 4302000,0.5,Suitable,dodgerblue,YES,234.878238,2673.138042,65.2439549999999
378000,4302000,CB4MH,50.85302,1e+06,0.1,80.36,378000 4302000,15.5,Unsuitable,black,YES,234.878238,2673.138042,65.2439549999999
378000,4302000,CB4MH,77.09974,1e+06,0.1,80.39,378000 4302000,23.5,Unsuitable,black,YES,234.878238,2673.138042,65.2439549999999
378000,4302000,CB4MH,24.6063,1e+06,0.47,80.23,378000 4302000,7.5,Unsuitable,black,YES,234.878238,2673.138042,65.2439549999999
378000,4302000,CB4MH,63.97638,1e+06,0.1,80.39,378000 4302000,19.5,Unsuitable,black,YES,234.878238,2673.138042,65.2439549999999
378000,4302000,CB4MH,37.72966,1e+06,0.1,80.24,378000 4302000,11.5,Unsuitable,black,YES,234.878238,2673.138042,65.2439549999999
378000,4302000,CB4MH,27.88714,1e+06,0.11,80.16,378000 4302000,8.5,Unsuitable,black,YES,234.878238,2673.138042,65.2439549999999
378000,4302000,CB4MH,73.8189,1e+06,0.1,80.39,378000 4302000,22.5,Unsuitable,black,YES,234.878238,2673.138042,65.2439549999999
378000,4302000,CB4MH,4.92126,1e+06,7.2,79.81,378000 4302000,1.5,Suitable,dodgerblue,YES,234.878238,2673.138042,65.2439549999999
378000,4302000,CB4MH,11.48294,1e+06,6.72,80.02,378000 4302000,3.5,Suitable,dodgerblue,YES,234.878238,2673.138042,65.2439549999999
378000,4302000,CB4MH,70.53806,1e+06,0.1,80.39,378000 4302000,21.5,Unsuitable,black,YES,234.878238,2673.138042,65.2439549999999
378000,4302000,CB4MH,67.25722,1e+06,0.1,80.39,378000 4302000,20.5,Unsuitable,black,YES,234.878238,2673.138042,65.2439549999999
378000,4302000,CB4MH,8.2021,1e+06,7.12,79.89,378000 4302000,2.5,Suitable,dodgerblue,YES,234.878238,2673.138042,65.2439549999999
378000,4302000,CB4MH,18.04462,1e+06,4.24,80.35,378000 4302000,5.5,Suitable,dodgerblue,YES,234.878238,2673.138042,65.2439549999999
378000,4302000,CB4MH,14.76378,1e+06,5.7,80.2,378000 4302000,4.5,Suitable,dodgerblue,YES,234.878238,2673.138042,65.2439549999999
378000,4302000,CB4MH,21.32546,1e+06,2.78,80.35,378000 4302000,6.5,Marginal,orange,YES,234.878238,2673.138042,65.2439549999999
379000,4259000,CB4MH,8.2021,1e+06,6.8,80.54,379000 4259000,2.5,Suitable,dodgerblue,YES,235.499609,2646.419089,38.5250019999999
379000,4259000,CB4MH,31.16798,1e+06,1.34,80.88,379000 4259000,9.5,Unsuitable,black,YES,235.499609,2646.419089,38.5250019999999
379000,4259000,CB4MH,54.13386,1e+06,0.2,80.3,379000 4259000,16.5,Unsuitable,black,YES,235.499609,2646.419089,38.5250019999999
379000,4259000,CB4MH,34.44882,1e+06,0.91,81.15,379000 4259000,10.5,Unsuitable,black,YES,235.499609,2646.419089,38.5250019999999
379000,4259000,CB4MH,41.0105,1e+06,0.46,80.82,379000 4259000,12.5,Unsuitable,black,YES,235.499609,2646.419089,38.5250019999999
379000,4259000,CB4MH,1.64042,1e+06,7.36,80.63,379000 4259000,0.5,Suitable,dodgerblue,YES,235.499609,2646.419089,38.5250019999999
379000,4259000,CB4MH,77.09974,1e+06,0.21,79.74,379000 4259000,23.5,Unsuitable,black,YES,235.499609,2646.419089,38.5250019999999
379000,4259000,CB4MH,11.48294,1e+06,6.09,80.73,379000 4259000,3.5,Suitable,dodgerblue,YES,235.499609,2646.419089,38.5250019999999
379000,4259000,CB4MH,24.6063,1e+06,3.01,80.88,379000 4259000,7.5,Tolerable,yellow,YES,235.499609,2646.419089,38.5250019999999
379000,4259000,CB4MH,47.57218,1e+06,0.28,80.63,379000 4259000,14.5,Unsuitable,black,YES,235.499609,2646.419089,38.5250019999999
379000,4259000,CB4MH,18.04462,1e+06,4.51,80.94,379000 4259000,5.5,Suitable,dodgerblue,YES,235.499609,2646.419089,38.5250019999999
379000,4259000,CB4MH,60.69554,1e+06,0.18,80,379000 4259000,18.5,Unsuitable,black,YES,235.499609,2646.419089,38.5250019999999
379000,4259000,CB4MH,37.72966,1e+06,0.68,81.02,379000 4259000,11.5,Unsuitable,black,YES,235.499609,2646.419089,38.5250019999999
379000,4259000,CB4MH,50.85302,1e+06,0.25,80.46,379000 4259000,15.5,Unsuitable,black,YES,235.499609,2646.419089,38.5250019999999
379000,4259000,CB4MH,27.88714,1e+06,2.15,80.88,379000 4259000,8.5,Marginal,orange,YES,235.499609,2646.419089,38.5250019999999
379000,4259000,CB4MH,44.29134,1e+06,0.32,80.71,379000 4259000,13.5,Unsuitable,black,YES,235.499609,2646.419089,38.5250019999999
379000,4259000,CB4MH,67.25722,1e+06,0.2,79.85,379000 4259000,20.5,Unsuitable,black,YES,235.499609,2646.419089,38.5250019999999
379000,4259000,CB4MH,73.8189,1e+06,0.2,79.79,379000 4259000,22.5,Unsuitable,black,YES,235.499609,2646.419089,38.5250019999999
379000,4259000,CB4MH,80.38058,1e+06,0.21,79.74,379000 4259000,24.5,Unsuitable,black,YES,235.499609,2646.419089,38.5250019999999
379000,4259000,CB4MH,14.76378,1e+06,5.2,80.89,379000 4259000,4.5,Suitable,dodgerblue,YES,235.499609,2646.419089,38.5250019999999
379000,4259000,CB4MH,57.4147,1e+06,0.18,80.14,379000 4259000,17.5,Unsuitable,black,YES,235.499609,2646.419089,38.5250019999999
379000,4259000,CB4MH,21.32546,1e+06,3.86,80.95,379000 4259000,6.5,Tolerable,yellow,YES,235.499609,2646.419089,38.5250019999999
379000,4259000,CB4MH,4.92126,1e+06,7.13,80.48,379000 4259000,1.5,Suitable,dodgerblue,YES,235.499609,2646.419089,38.5250019999999
379000,4259000,CB4MH,63.97638,1e+06,0.2,79.85,379000 4259000,19.5,Unsuitable,black,YES,235.499609,2646.419089,38.5250019999999
379000,4259000,CB4MH,70.53806,1e+06,0.2,79.85,379000 4259000,21.5,Unsuitable,black,YES,235.499609,2646.419089,38.5250019999999
379000,4299000,CB4MH,44.29134,1e+06,0.1,80.38,379000 4299000,13.5,Unsuitable,black,YES,235.499609,2671.273929,63.3798419999998
379000,4299000,CB4MH,8.2021,1e+06,7.13,79.8,379000 4299000,2.5,Suitable,dodgerblue,YES,235.499609,2671.273929,63.3798419999998
379000,4299000,CB4MH,14.76378,1e+06,5.3,80.34,379000 4299000,4.5,Suitable,dodgerblue,YES,235.499609,2671.273929,63.3798419999998
379000,4299000,CB4MH,11.48294,1e+06,6.63,80.06,379000 4299000,3.5,Suitable,dodgerblue,YES,235.499609,2671.273929,63.3798419999998
379000,4299000,CB4MH,47.57218,1e+06,0.1,80.38,379000 4299000,14.5,Unsuitable,black,YES,235.499609,2671.273929,63.3798419999998
379000,4299000,CB4MH,34.44882,1e+06,0.1,80.2,379000 4299000,10.5,Unsuitable,black,YES,235.499609,2671.273929,63.3798419999998
379000,4299000,CB4MH,37.72966,1e+06,0.1,80.29,379000 4299000,11.5,Unsuitable,black,YES,235.499609,2671.273929,63.3798419999998
379000,4299000,CB4MH,41.0105,1e+06,0.1,80.38,379000 4299000,12.5,Unsuitable,black,YES,235.499609,2671.273929,63.3798419999998
379000,4299000,CB4MH,73.8189,1e+06,0.1,80.4,379000 4299000,22.5,Unsuitable,black,YES,235.499609,2671.273929,63.3798419999998
379000,4299000,CB4MH,70.53806,1e+06,0.1,80.4,379000 4299000,21.5,Unsuitable,black,YES,235.499609,2671.273929,63.3798419999998
379000,4299000,CB4MH,1.64042,1e+06,7.29,79.7,379000 4299000,0.5,Suitable,dodgerblue,YES,235.499609,2671.273929,63.3798419999998
379000,4299000,CB4MH,60.69554,1e+06,0.1,80.4,379000 4299000,18.5,Unsuitable,black,YES,235.499609,2671.273929,63.3798419999998
379000,4299000,CB4MH,18.04462,1e+06,3.63,80.46,379000 4299000,5.5,Tolerable,yellow,YES,235.499609,2671.273929,63.3798419999998
379000,4299000,CB4MH,63.97638,1e+06,0.1,80.4,379000 4299000,19.5,Unsuitable,black,YES,235.499609,2671.273929,63.3798419999998
379000,4299000,CB4MH,67.25722,1e+06,0.1,80.4,379000 4299000,20.5,Unsuitable,black,YES,235.499609,2671.273929,63.3798419999998
379000,4299000,CB4MH,4.92126,1e+06,7.26,79.7,379000 4299000,1.5,Suitable,dodgerblue,YES,235.499609,2671.273929,63.3798419999998
379000,4299000,CB4MH,57.4147,1e+06,0.1,80.4,379000 4299000,17.5,Unsuitable,black,YES,235.499609,2671.273929,63.3798419999998
379000,4299000,CB4MH,31.16798,1e+06,0.1,80.2,379000 4299000,9.5,Unsuitable,black,YES,235.499609,2671.273929,63.3798419999998
379000,4299000,CB4MH,50.85302,1e+06,0.1,80.39,379000 4299000,15.5,Unsuitable,black,YES,235.499609,2671.273929,63.3798419999998
379000,4299000,CB4MH,21.32546,1e+06,1.79,80.4,379000 4299000,6.5,Unsuitable,black,YES,235.499609,2671.273929,63.3798419999998
379000,4299000,CB4MH,24.6063,1e+06,0.31,80.3,379000 4299000,7.5,Unsuitable,black,YES,235.499609,2671.273929,63.3798419999998
379000,4299000,CB4MH,27.88714,1e+06,0.1,80.2,379000 4299000,8.5,Unsuitable,black,YES,235.499609,2671.273929,63.3798419999998
379000,4299000,CB4MH,54.13386,1e+06,0.1,80.4,379000 4299000,16.5,Unsuitable,black,YES,235.499609,2671.273929,63.3798419999998
379000,4303000,CB4MH,21.32546,1e+06,3.02,80.34,379000 4303000,6.5,Tolerable,yellow,YES,235.499609,2673.759413,65.8653260000001
379000,4303000,CB4MH,11.48294,1e+06,7.08,80.02,379000 4303000,3.5,Suitable,dodgerblue,YES,235.499609,2673.759413,65.8653260000001
379000,4303000,CB4MH,24.6063,1e+06,0.54,80.2,379000 4303000,7.5,Unsuitable,black,YES,235.499609,2673.759413,65.8653260000001
379000,4303000,CB4MH,60.69554,1e+06,0.1,80.38,379000 4303000,18.5,Unsuitable,black,YES,235.499609,2673.759413,65.8653260000001
379000,4303000,CB4MH,63.97638,1e+06,0.1,80.38,379000 4303000,19.5,Unsuitable,black,YES,235.499609,2673.759413,65.8653260000001
379000,4303000,CB4MH,14.76378,1e+06,6.09,80.19,379000 4303000,4.5,Suitable,dodgerblue,YES,235.499609,2673.759413,65.8653260000001
379000,4303000,CB4MH,37.72966,1e+06,0.1,80.21,379000 4303000,11.5,Unsuitable,black,YES,235.499609,2673.759413,65.8653260000001
379000,4303000,CB4MH,47.57218,1e+06,0.1,80.32,379000 4303000,14.5,Unsuitable,black,YES,235.499609,2673.759413,65.8653260000001
379000,4303000,CB4MH,8.2021,1e+06,7.37,79.88,379000 4303000,2.5,Suitable,dodgerblue,YES,235.499609,2673.759413,65.8653260000001
379000,4303000,CB4MH,41.0105,1e+06,0.11,80.26,379000 4303000,12.5,Unsuitable,black,YES,235.499609,2673.759413,65.8653260000001
379000,4303000,CB4MH,1.64042,1e+06,7.4,79.93,379000 4303000,0.5,Suitable,dodgerblue,YES,235.499609,2673.759413,65.8653260000001
379000,4303000,CB4MH,73.8189,1e+06,0.1,80.39,379000 4303000,22.5,Unsuitable,black,YES,235.499609,2673.759413,65.8653260000001
379000,4303000,CB4MH,70.53806,1e+06,0.1,80.38,379000 4303000,21.5,Unsuitable,black,YES,235.499609,2673.759413,65.8653260000001
379000,4303000,CB4MH,77.09974,1e+06,0.1,80.39,379000 4303000,23.5,Unsuitable,black,YES,235.499609,2673.759413,65.8653260000001
379000,4303000,CB4MH,27.88714,1e+06,0.12,80.14,379000 4303000,8.5,Unsuitable,black,YES,235.499609,2673.759413,65.8653260000001
379000,4303000,CB4MH,31.16798,1e+06,0.1,80.15,379000 4303000,9.5,Unsuitable,black,YES,235.499609,2673.759413,65.8653260000001
379000,4303000,CB4MH,44.29134,1e+06,0.1,80.31,379000 4303000,13.5,Unsuitable,black,YES,235.499609,2673.759413,65.8653260000001
379000,4303000,CB4MH,50.85302,1e+06,0.1,80.35,379000 4303000,15.5,Unsuitable,black,YES,235.499609,2673.759413,65.8653260000001
379000,4303000,CB4MH,54.13386,1e+06,0.1,80.39,379000 4303000,16.5,Unsuitable,black,YES,235.499609,2673.759413,65.8653260000001
379000,4303000,CB4MH,57.4147,1e+06,0.1,80.38,379000 4303000,17.5,Unsuitable,black,YES,235.499609,2673.759413,65.8653260000001
379000,4303000,CB4MH,18.04462,1e+06,4.57,80.34,379000 4303000,5.5,Suitable,dodgerblue,YES,235.499609,2673.759413,65.8653260000001
379000,4303000,CB4MH,67.25722,1e+06,0.1,80.38,379000 4303000,20.5,Unsuitable,black,YES,235.499609,2673.759413,65.8653260000001
379000,4303000,CB4MH,34.44882,1e+06,0.1,80.16,379000 4303000,10.5,Unsuitable,black,YES,235.499609,2673.759413,65.8653260000001
379000,4303000,CB4MH,4.92126,1e+06,7.21,79.89,379000 4303000,1.5,Suitable,dodgerblue,YES,235.499609,2673.759413,65.8653260000001
379000,4304000,CB4MH,37.72966,1e+06,0.1,80.19,379000 4304000,11.5,Unsuitable,black,YES,235.499609,2674.380784,66.4866969999998
379000,4304000,CB4MH,57.4147,1e+06,0.1,80.38,379000 4304000,17.5,Unsuitable,black,YES,235.499609,2674.380784,66.4866969999998
379000,4304000,CB4MH,41.0105,1e+06,0.11,80.24,379000 4304000,12.5,Unsuitable,black,YES,235.499609,2674.380784,66.4866969999998
379000,4304000,CB4MH,14.76378,1e+06,5.55,80.15,379000 4304000,4.5,Suitable,dodgerblue,YES,235.499609,2674.380784,66.4866969999998
379000,4304000,CB4MH,18.04462,1e+06,4.16,80.29,379000 4304000,5.5,Suitable,dodgerblue,YES,235.499609,2674.380784,66.4866969999998
379000,4304000,CB4MH,24.6063,1e+06,0.57,80.16,379000 4304000,7.5,Unsuitable,black,YES,235.499609,2674.380784,66.4866969999998
379000,4304000,CB4MH,1.64042,1e+06,7.39,80.02,379000 4304000,0.5,Suitable,dodgerblue,YES,235.499609,2674.380784,66.4866969999998
379000,4304000,CB4MH,70.53806,1e+06,0.1,80.38,379000 4304000,21.5,Unsuitable,black,YES,235.499609,2674.380784,66.4866969999998
379000,4304000,CB4MH,73.8189,1e+06,0.1,80.4,379000 4304000,22.5,Unsuitable,black,YES,235.499609,2674.380784,66.4866969999998
379000,4304000,CB4MH,31.16798,1e+06,0.1,80.13,379000 4304000,9.5,Unsuitable,black,YES,235.499609,2674.380784,66.4866969999998
379000,4304000,CB4MH,63.97638,1e+06,0.1,80.38,379000 4304000,19.5,Unsuitable,black,YES,235.499609,2674.380784,66.4866969999998
379000,4304000,CB4MH,80.38058,1e+06,0.1,80.3,379000 4304000,24.5,Unsuitable,black,YES,235.499609,2674.380784,66.4866969999998
379000,4304000,CB4MH,67.25722,1e+06,0.1,80.38,379000 4304000,20.5,Unsuitable,black,YES,235.499609,2674.380784,66.4866969999998
379000,4304000,CB4MH,21.32546,1e+06,2.83,80.32,379000 4304000,6.5,Marginal,orange,YES,235.499609,2674.380784,66.4866969999998
379000,4304000,CB4MH,50.85302,1e+06,0.1,80.34,379000 4304000,15.5,Unsuitable,black,YES,235.499609,2674.380784,66.4866969999998
379000,4304000,CB4MH,8.2021,1e+06,6.9,79.95,379000 4304000,2.5,Suitable,dodgerblue,YES,235.499609,2674.380784,66.4866969999998
379000,4304000,CB4MH,34.44882,1e+06,0.1,80.14,379000 4304000,10.5,Unsuitable,black,YES,235.499609,2674.380784,66.4866969999998
379000,4304000,CB4MH,11.48294,1e+06,6.48,80.01,379000 4304000,3.5,Suitable,dodgerblue,YES,235.499609,2674.380784,66.4866969999998
379000,4304000,CB4MH,47.57218,1e+06,0.1,80.31,379000 4304000,14.5,Unsuitable,black,YES,235.499609,2674.380784,66.4866969999998
379000,4304000,CB4MH,60.69554,1e+06,0.1,80.38,379000 4304000,18.5,Unsuitable,black,YES,235.499609,2674.380784,66.4866969999998
379000,4304000,CB4MH,4.92126,1e+06,7.16,79.96,379000 4304000,1.5,Suitable,dodgerblue,YES,235.499609,2674.380784,66.4866969999998
379000,4304000,CB4MH,27.88714,1e+06,0.13,80.12,379000 4304000,8.5,Unsuitable,black,YES,235.499609,2674.380784,66.4866969999998
379000,4304000,CB4MH,77.09974,1e+06,0.1,80.4,379000 4304000,23.5,Unsuitable,black,YES,235.499609,2674.380784,66.4866969999998
379000,4304000,CB4MH,44.29134,1e+06,0.1,80.3,379000 4304000,13.5,Unsuitable,black,YES,235.499609,2674.380784,66.4866969999998
379000,4304000,CB4MH,54.13386,1e+06,0.1,80.38,379000 4304000,16.5,Unsuitable,black,YES,235.499609,2674.380784,66.4866969999998
379000,4305000,CB4MH,1.64042,1e+06,7.49,80.04,379000 4305000,0.5,Suitable,dodgerblue,YES,235.499609,2675.002155,67.108068
379000,4305000,CB4MH,80.38058,1e+06,0.1,80.3,379000 4305000,24.5,Unsuitable,black,YES,235.499609,2675.002155,67.108068
379000,4305000,CB4MH,67.25722,1e+06,0.1,80.37,379000 4305000,20.5,Unsuitable,black,YES,235.499609,2675.002155,67.108068
379000,4305000,CB4MH,70.53806,1e+06,0.1,80.37,379000 4305000,21.5,Unsuitable,black,YES,235.499609,2675.002155,67.108068
379000,4305000,CB4MH,77.09974,1e+06,0.1,80.4,379000 4305000,23.5,Unsuitable,black,YES,235.499609,2675.002155,67.108068
379000,4305000,CB4MH,21.32546,1e+06,2.87,80.29,379000 4305000,6.5,Marginal,orange,YES,235.499609,2675.002155,67.108068
379000,4305000,CB4MH,57.4147,1e+06,0.1,80.37,379000 4305000,17.5,Unsuitable,black,YES,235.499609,2675.002155,67.108068
379000,4305000,CB4MH,24.6063,1e+06,0.56,80.19,379000 4305000,7.5,Unsuitable,black,YES,235.499609,2675.002155,67.108068
379000,4305000,CB4MH,73.8189,1e+06,0.1,80.4,379000 4305000,22.5,Unsuitable,black,YES,235.499609,2675.002155,67.108068
379000,4305000,CB4MH,27.88714,1e+06,0.14,80.1,379000 4305000,8.5,Unsuitable,black,YES,235.499609,2675.002155,67.108068
379000,4305000,CB4MH,4.92126,1e+06,7.21,80.04,379000 4305000,1.5,Suitable,dodgerblue,YES,235.499609,2675.002155,67.108068
379000,4305000,CB4MH,34.44882,1e+06,0.1,80.13,379000 4305000,10.5,Unsuitable,black,YES,235.499609,2675.002155,67.108068
379000,4305000,CB4MH,8.2021,1e+06,6.77,80,379000 4305000,2.5,Suitable,dodgerblue,YES,235.499609,2675.002155,67.108068
379000,4305000,CB4MH,37.72966,1e+06,0.11,80.17,379000 4305000,11.5,Unsuitable,black,YES,235.499609,2675.002155,67.108068
379000,4305000,CB4MH,18.04462,1e+06,4.12,80.27,379000 4305000,5.5,Suitable,dodgerblue,YES,235.499609,2675.002155,67.108068
379000,4305000,CB4MH,44.29134,1e+06,0.1,80.29,379000 4305000,13.5,Unsuitable,black,YES,235.499609,2675.002155,67.108068
379000,4305000,CB4MH,11.48294,1e+06,6.31,80.02,379000 4305000,3.5,Suitable,dodgerblue,YES,235.499609,2675.002155,67.108068
379000,4305000,CB4MH,31.16798,1e+06,0.1,80.11,379000 4305000,9.5,Unsuitable,black,YES,235.499609,2675.002155,67.108068
379000,4305000,CB4MH,63.97638,1e+06,0.1,80.37,379000 4305000,19.5,Unsuitable,black,YES,235.499609,2675.002155,67.108068
379000,4305000,CB4MH,47.57218,1e+06,0.1,80.3,379000 4305000,14.5,Unsuitable,black,YES,235.499609,2675.002155,67.108068
379000,4305000,CB4MH,41.0105,1e+06,0.11,80.21,379000 4305000,12.5,Unsuitable,black,YES,235.499609,2675.002155,67.108068
379000,4305000,CB4MH,54.13386,1e+06,0.1,80.37,379000 4305000,16.5,Unsuitable,black,YES,235.499609,2675.002155,67.108068
379000,4305000,CB4MH,14.76378,1e+06,5.44,80.14,379000 4305000,4.5,Suitable,dodgerblue,YES,235.499609,2675.002155,67.108068
379000,4305000,CB4MH,60.69554,1e+06,0.1,80.37,379000 4305000,18.5,Unsuitable,black,YES,235.499609,2675.002155,67.108068
379000,4305000,CB4MH,50.85302,1e+06,0.1,80.34,379000 4305000,15.5,Unsuitable,black,YES,235.499609,2675.002155,67.108068
379000,4306000,CB4MH,31.16798,1e+06,0.1,80.1,379000 4306000,9.5,Unsuitable,black,YES,235.499609,2675.623526,67.7294389999997
379000,4306000,CB4MH,11.48294,1e+06,6.09,80.03,379000 4306000,3.5,Suitable,dodgerblue,YES,235.499609,2675.623526,67.7294389999997
379000,4306000,CB4MH,60.69554,1e+06,0.1,80.36,379000 4306000,18.5,Unsuitable,black,YES,235.499609,2675.623526,67.7294389999997
379000,4306000,CB4MH,21.32546,1e+06,2.86,80.26,379000 4306000,6.5,Marginal,orange,YES,235.499609,2675.623526,67.7294389999997
379000,4306000,CB4MH,24.6063,1e+06,0.59,80.16,379000 4306000,7.5,Unsuitable,black,YES,235.499609,2675.623526,67.7294389999997
379000,4306000,CB4MH,18.04462,1e+06,4.03,80.24,379000 4306000,5.5,Suitable,dodgerblue,YES,235.499609,2675.623526,67.7294389999997
379000,4306000,CB4MH,57.4147,1e+06,0.1,80.36,379000 4306000,17.5,Unsuitable,black,YES,235.499609,2675.623526,67.7294389999997
379000,4306000,CB4MH,1.64042,1e+06,7.47,80.14,379000 4306000,0.5,Suitable,dodgerblue,YES,235.499609,2675.623526,67.7294389999997
379000,4306000,CB4MH,8.2021,1e+06,6.61,80.05,379000 4306000,2.5,Suitable,dodgerblue,YES,235.499609,2675.623526,67.7294389999997
379000,4306000,CB4MH,27.88714,1e+06,0.16,80.08,379000 4306000,8.5,Unsuitable,black,YES,235.499609,2675.623526,67.7294389999997
379000,4306000,CB4MH,44.29134,1e+06,0.1,80.27,379000 4306000,13.5,Unsuitable,black,YES,235.499609,2675.623526,67.7294389999997
379000,4306000,CB4MH,54.13386,1e+06,0.1,80.36,379000 4306000,16.5,Unsuitable,black,YES,235.499609,2675.623526,67.7294389999997
379000,4306000,CB4MH,63.97638,1e+06,0.1,80.36,379000 4306000,19.5,Unsuitable,black,YES,235.499609,2675.623526,67.7294389999997
379000,4306000,CB4MH,37.72966,1e+06,0.11,80.15,379000 4306000,11.5,Unsuitable,black,YES,235.499609,2675.623526,67.7294389999997
379000,4306000,CB4MH,34.44882,1e+06,0.1,80.11,379000 4306000,10.5,Unsuitable,black,YES,235.499609,2675.623526,67.7294389999997
379000,4306000,CB4MH,41.0105,1e+06,0.11,80.19,379000 4306000,12.5,Unsuitable,black,YES,235.499609,2675.623526,67.7294389999997
379000,4306000,CB4MH,4.92126,1e+06,7.14,80.14,379000 4306000,1.5,Suitable,dodgerblue,YES,235.499609,2675.623526,67.7294389999997
379000,4306000,CB4MH,14.76378,1e+06,5.27,80.13,379000 4306000,4.5,Suitable,dodgerblue,YES,235.499609,2675.623526,67.7294389999997
379000,4306000,CB4MH,73.8189,1e+06,0.1,80.4,379000 4306000,22.5,Unsuitable,black,YES,235.499609,2675.623526,67.7294389999997
379000,4306000,CB4MH,50.85302,1e+06,0.1,80.33,379000 4306000,15.5,Unsuitable,black,YES,235.499609,2675.623526,67.7294389999997
379000,4306000,CB4MH,70.53806,1e+06,0.1,80.36,379000 4306000,21.5,Unsuitable,black,YES,235.499609,2675.623526,67.7294389999997
379000,4306000,CB4MH,67.25722,1e+06,0.1,80.36,379000 4306000,20.5,Unsuitable,black,YES,235.499609,2675.623526,67.7294389999997
379000,4306000,CB4MH,47.57218,1e+06,0.1,80.29,379000 4306000,14.5,Unsuitable,black,YES,235.499609,2675.623526,67.7294389999997
379000,4309000,CB4MH,34.44882,1e+06,0.1,80.08,379000 4309000,10.5,Unsuitable,black,YES,235.499609,2677.487639,69.5935519999998
379000,4309000,CB4MH,24.6063,1e+06,0.73,80.09,379000 4309000,7.5,Unsuitable,black,YES,235.499609,2677.487639,69.5935519999998
379000,4309000,CB4MH,47.57218,1e+06,0.1,80.26,379000 4309000,14.5,Unsuitable,black,YES,235.499609,2677.487639,69.5935519999998
379000,4309000,CB4MH,18.04462,1e+06,3.07,79.98,379000 4309000,5.5,Tolerable,yellow,YES,235.499609,2677.487639,69.5935519999998
379000,4309000,CB4MH,50.85302,1e+06,0.1,80.28,379000 4309000,15.5,Unsuitable,black,YES,235.499609,2677.487639,69.5935519999998
379000,4309000,CB4MH,60.69554,1e+06,0.1,80.31,379000 4309000,18.5,Unsuitable,black,YES,235.499609,2677.487639,69.5935519999998
379000,4309000,CB4MH,57.4147,1e+06,0.1,80.31,379000 4309000,17.5,Unsuitable,black,YES,235.499609,2677.487639,69.5935519999998
379000,4309000,CB4MH,44.29134,1e+06,0.1,80.22,379000 4309000,13.5,Unsuitable,black,YES,235.499609,2677.487639,69.5935519999998
379000,4309000,CB4MH,54.13386,1e+06,0.1,80.31,379000 4309000,16.5,Unsuitable,black,YES,235.499609,2677.487639,69.5935519999998
379000,4309000,CB4MH,14.76378,1e+06,3.74,80.03,379000 4309000,4.5,Tolerable,yellow,YES,235.499609,2677.487639,69.5935519999998
379000,4309000,CB4MH,21.32546,1e+06,2.76,80.02,379000 4309000,6.5,Marginal,orange,YES,235.499609,2677.487639,69.5935519999998
379000,4309000,CB4MH,31.16798,1e+06,0.1,80.06,379000 4309000,9.5,Unsuitable,black,YES,235.499609,2677.487639,69.5935519999998
379000,4309000,CB4MH,27.88714,1e+06,0.2,80.05,379000 4309000,8.5,Unsuitable,black,YES,235.499609,2677.487639,69.5935519999998
379000,4309000,CB4MH,1.64042,1e+06,8.2,80.34,379000 4309000,0.5,Suitable,dodgerblue,YES,235.499609,2677.487639,69.5935519999998
379000,4309000,CB4MH,37.72966,1e+06,0.11,80.11,379000 4309000,11.5,Unsuitable,black,YES,235.499609,2677.487639,69.5935519999998
379000,4309000,CB4MH,63.97638,1e+06,0.1,80.31,379000 4309000,19.5,Unsuitable,black,YES,235.499609,2677.487639,69.5935519999998
379000,4309000,CB4MH,11.48294,1e+06,4.9,80.04,379000 4309000,3.5,Suitable,dodgerblue,YES,235.499609,2677.487639,69.5935519999998
379000,4309000,CB4MH,4.92126,1e+06,7.43,80.27,379000 4309000,1.5,Suitable,dodgerblue,YES,235.499609,2677.487639,69.5935519999998
379000,4309000,CB4MH,8.2021,1e+06,6.2,80.13,379000 4309000,2.5,Suitable,dodgerblue,YES,235.499609,2677.487639,69.5935519999998
379000,4309000,CB4MH,41.0105,1e+06,0.12,80.13,379000 4309000,12.5,Unsuitable,black,YES,235.499609,2677.487639,69.5935519999998
380000,4257000,CB4MH,27.88714,1e+06,2.76,80.95,380000 4257000,8.5,Marginal,orange,YES,236.12098,2645.176347,37.28226
380000,4257000,CB4MH,31.16798,1e+06,1.69,80.98,380000 4257000,9.5,Unsuitable,black,YES,236.12098,2645.176347,37.28226
380000,4257000,CB4MH,18.04462,1e+06,4.76,81.02,380000 4257000,5.5,Suitable,dodgerblue,YES,236.12098,2645.176347,37.28226
380000,4257000,CB4MH,34.44882,1e+06,1,81.22,380000 4257000,10.5,Unsuitable,black,YES,236.12098,2645.176347,37.28226
380000,4257000,CB4MH,44.29134,1e+06,0.4,80.67,380000 4257000,13.5,Unsuitable,black,YES,236.12098,2645.176347,37.28226
380000,4257000,CB4MH,21.32546,1e+06,4.22,81.01,380000 4257000,6.5,Suitable,dodgerblue,YES,236.12098,2645.176347,37.28226
380000,4257000,CB4MH,11.48294,1e+06,6.33,80.8,380000 4257000,3.5,Suitable,dodgerblue,YES,236.12098,2645.176347,37.28226
380000,4257000,CB4MH,90.2231,1e+06,0.25,79.52,380000 4257000,27.5,Unsuitable,black,YES,236.12098,2645.176347,37.28226
380000,4257000,CB4MH,93.50394,1e+06,0.7,79.6,380000 4257000,28.5,Unsuitable,black,YES,236.12098,2645.176347,37.28226
380000,4257000,CB4MH,70.53806,1e+06,0.21,79.77,380000 4257000,21.5,Unsuitable,black,YES,236.12098,2645.176347,37.28226
380000,4257000,CB4MH,50.85302,1e+06,0.31,80.39,380000 4257000,15.5,Unsuitable,black,YES,236.12098,2645.176347,37.28226
380000,4257000,CB4MH,14.76378,1e+06,5.4,80.99,380000 4257000,4.5,Suitable,dodgerblue,YES,236.12098,2645.176347,37.28226
380000,4257000,CB4MH,77.09974,1e+06,0.22,79.62,380000 4257000,23.5,Unsuitable,black,YES,236.12098,2645.176347,37.28226
380000,4257000,CB4MH,41.0105,1e+06,0.51,80.78,380000 4257000,12.5,Unsuitable,black,YES,236.12098,2645.176347,37.28226
380000,4257000,CB4MH,47.57218,1e+06,0.36,80.58,380000 4257000,14.5,Unsuitable,black,YES,236.12098,2645.176347,37.28226
380000,4257000,CB4MH,63.97638,1e+06,0.21,79.77,380000 4257000,19.5,Unsuitable,black,YES,236.12098,2645.176347,37.28226
380000,4257000,CB4MH,54.13386,1e+06,0.23,80.25,380000 4257000,16.5,Unsuitable,black,YES,236.12098,2645.176347,37.28226
380000,4257000,CB4MH,37.72966,1e+06,0.72,81.02,380000 4257000,11.5,Unsuitable,black,YES,236.12098,2645.176347,37.28226
380000,4257000,CB4MH,73.8189,1e+06,0.22,79.7,380000 4257000,22.5,Unsuitable,black,YES,236.12098,2645.176347,37.28226
380000,4257000,CB4MH,8.2021,1e+06,7.07,80.53,380000 4257000,2.5,Suitable,dodgerblue,YES,236.12098,2645.176347,37.28226
380000,4257000,CB4MH,67.25722,1e+06,0.21,79.77,380000 4257000,20.5,Unsuitable,black,YES,236.12098,2645.176347,37.28226
380000,4257000,CB4MH,80.38058,1e+06,0.22,79.62,380000 4257000,24.5,Unsuitable,black,YES,236.12098,2645.176347,37.28226
380000,4257000,CB4MH,57.4147,1e+06,0.2,80.07,380000 4257000,17.5,Unsuitable,black,YES,236.12098,2645.176347,37.28226
380000,4257000,CB4MH,1.64042,1e+06,7.6,80.67,380000 4257000,0.5,Suitable,dodgerblue,YES,236.12098,2645.176347,37.28226
380000,4257000,CB4MH,24.6063,1e+06,3.55,80.96,380000 4257000,7.5,Tolerable,yellow,YES,236.12098,2645.176347,37.28226
380000,4257000,CB4MH,4.92126,1e+06,7.36,80.46,380000 4257000,1.5,Suitable,dodgerblue,YES,236.12098,2645.176347,37.28226
380000,4257000,CB4MH,86.94226,1e+06,0.25,79.52,380000 4257000,26.5,Unsuitable,black,YES,236.12098,2645.176347,37.28226
380000,4257000,CB4MH,60.69554,1e+06,0.2,79.9,380000 4257000,18.5,Unsuitable,black,YES,236.12098,2645.176347,37.28226
380000,4257000,CB4MH,83.66142,1e+06,0.23,79.6,380000 4257000,25.5,Unsuitable,black,YES,236.12098,2645.176347,37.28226
380000,4258000,CB4MH,24.6063,1e+06,3.28,80.92,380000 4258000,7.5,Tolerable,yellow,YES,236.12098,2645.797718,37.9036310000001
380000,4258000,CB4MH,8.2021,1e+06,6.94,80.56,380000 4258000,2.5,Suitable,dodgerblue,YES,236.12098,2645.797718,37.9036310000001
380000,4258000,CB4MH,70.53806,1e+06,0.21,79.8,380000 4258000,21.5,Unsuitable,black,YES,236.12098,2645.797718,37.9036310000001
380000,4258000,CB4MH,67.25722,1e+06,0.21,79.8,380000 4258000,20.5,Unsuitable,black,YES,236.12098,2645.797718,37.9036310000001
380000,4258000,CB4MH,34.44882,1e+06,0.97,81.19,380000 4258000,10.5,Unsuitable,black,YES,236.12098,2645.797718,37.9036310000001
380000,4258000,CB4MH,44.29134,1e+06,0.37,80.69,380000 4258000,13.5,Unsuitable,black,YES,236.12098,2645.797718,37.9036310000001
380000,4258000,CB4MH,73.8189,1e+06,0.21,79.73,380000 4258000,22.5,Unsuitable,black,YES,236.12098,2645.797718,37.9036310000001
380000,4258000,CB4MH,21.32546,1e+06,4.04,80.99,380000 4258000,6.5,Suitable,dodgerblue,YES,236.12098,2645.797718,37.9036310000001
380000,4258000,CB4MH,4.92126,1e+06,7.25,80.5,380000 4258000,1.5,Suitable,dodgerblue,YES,236.12098,2645.797718,37.9036310000001
380000,4258000,CB4MH,41.0105,1e+06,0.49,80.79,380000 4258000,12.5,Unsuitable,black,YES,236.12098,2645.797718,37.9036310000001
380000,4258000,CB4MH,63.97638,1e+06,0.21,79.8,380000 4258000,19.5,Unsuitable,black,YES,236.12098,2645.797718,37.9036310000001
380000,4258000,CB4MH,14.76378,1e+06,5.29,80.96,380000 4258000,4.5,Suitable,dodgerblue,YES,236.12098,2645.797718,37.9036310000001
380000,4258000,CB4MH,37.72966,1e+06,0.71,81.02,380000 4258000,11.5,Unsuitable,black,YES,236.12098,2645.797718,37.9036310000001
380000,4258000,CB4MH,27.88714,1e+06,2.46,80.9,380000 4258000,8.5,Marginal,orange,YES,236.12098,2645.797718,37.9036310000001
380000,4258000,CB4MH,57.4147,1e+06,0.19,80.1,380000 4258000,17.5,Unsuitable,black,YES,236.12098,2645.797718,37.9036310000001
380000,4258000,CB4MH,18.04462,1e+06,4.63,81,380000 4258000,5.5,Suitable,dodgerblue,YES,236.12098,2645.797718,37.9036310000001
380000,4258000,CB4MH,50.85302,1e+06,0.28,80.42,380000 4258000,15.5,Unsuitable,black,YES,236.12098,2645.797718,37.9036310000001
380000,4258000,CB4MH,54.13386,1e+06,0.22,80.27,380000 4258000,16.5,Unsuitable,black,YES,236.12098,2645.797718,37.9036310000001
380000,4258000,CB4MH,1.64042,1e+06,7.5,80.69,380000 4258000,0.5,Suitable,dodgerblue,YES,236.12098,2645.797718,37.9036310000001
380000,4258000,CB4MH,11.48294,1e+06,6.21,80.79,380000 4258000,3.5,Suitable,dodgerblue,YES,236.12098,2645.797718,37.9036310000001
380000,4258000,CB4MH,31.16798,1e+06,1.53,80.92,380000 4258000,9.5,Unsuitable,black,YES,236.12098,2645.797718,37.9036310000001
380000,4258000,CB4MH,60.69554,1e+06,0.19,79.94,380000 4258000,18.5,Unsuitable,black,YES,236.12098,2645.797718,37.9036310000001
380000,4258000,CB4MH,47.57218,1e+06,0.33,80.6,380000 4258000,14.5,Unsuitable,black,YES,236.12098,2645.797718,37.9036310000001
380000,4307000,CB4MH,31.16798,1e+06,0.1,80.07,380000 4307000,9.5,Unsuitable,black,YES,236.12098,2676.244897,68.3508099999999
380000,4307000,CB4MH,80.38058,1e+06,0.1,80.3,380000 4307000,24.5,Unsuitable,black,YES,236.12098,2676.244897,68.3508099999999
380000,4307000,CB4MH,54.13386,1e+06,0.1,80.34,380000 4307000,16.5,Unsuitable,black,YES,236.12098,2676.244897,68.3508099999999
380000,4307000,CB4MH,27.88714,1e+06,0.17,80.05,380000 4307000,8.5,Unsuitable,black,YES,236.12098,2676.244897,68.3508099999999
380000,4307000,CB4MH,77.09974,1e+06,0.1,80.4,380000 4307000,23.5,Unsuitable,black,YES,236.12098,2676.244897,68.3508099999999
380000,4307000,CB4MH,37.72966,1e+06,0.11,80.12,380000 4307000,11.5,Unsuitable,black,YES,236.12098,2676.244897,68.3508099999999
380000,4307000,CB4MH,63.97638,1e+06,0.1,80.34,380000 4307000,19.5,Unsuitable,black,YES,236.12098,2676.244897,68.3508099999999
380000,4307000,CB4MH,24.6063,1e+06,0.89,80.11,380000 4307000,7.5,Unsuitable,black,YES,236.12098,2676.244897,68.3508099999999
380000,4307000,CB4MH,57.4147,1e+06,0.1,80.34,380000 4307000,17.5,Unsuitable,black,YES,236.12098,2676.244897,68.3508099999999
380000,4307000,CB4MH,14.76378,1e+06,5.49,80.08,380000 4307000,4.5,Suitable,dodgerblue,YES,236.12098,2676.244897,68.3508099999999
380000,4307000,CB4MH,11.48294,1e+06,6.69,79.96,380000 4307000,3.5,Suitable,dodgerblue,YES,236.12098,2676.244897,68.3508099999999
380000,4307000,CB4MH,67.25722,1e+06,0.1,80.34,380000 4307000,20.5,Unsuitable,black,YES,236.12098,2676.244897,68.3508099999999
380000,4307000,CB4MH,34.44882,1e+06,0.1,80.09,380000 4307000,10.5,Unsuitable,black,YES,236.12098,2676.244897,68.3508099999999
380000,4307000,CB4MH,60.69554,1e+06,0.1,80.34,380000 4307000,18.5,Unsuitable,black,YES,236.12098,2676.244897,68.3508099999999
380000,4307000,CB4MH,21.32546,1e+06,2.66,80.23,380000 4307000,6.5,Marginal,orange,YES,236.12098,2676.244897,68.3508099999999
380000,4307000,CB4MH,47.57218,1e+06,0.1,80.28,380000 4307000,14.5,Unsuitable,black,YES,236.12098,2676.244897,68.3508099999999
380000,4307000,CB4MH,18.04462,1e+06,3.97,80.21,380000 4307000,5.5,Tolerable,yellow,YES,236.12098,2676.244897,68.3508099999999
380000,4307000,CB4MH,50.85302,1e+06,0.1,80.31,380000 4307000,15.5,Unsuitable,black,YES,236.12098,2676.244897,68.3508099999999
380000,4307000,CB4MH,1.64042,1e+06,8.04,79.69,380000 4307000,0.5,Suitable,dodgerblue,YES,236.12098,2676.244897,68.3508099999999
380000,4307000,CB4MH,44.29134,1e+06,0.1,80.25,380000 4307000,13.5,Unsuitable,black,YES,236.12098,2676.244897,68.3508099999999
380000,4307000,CB4MH,4.92126,1e+06,7.79,79.72,380000 4307000,1.5,Suitable,dodgerblue,YES,236.12098,2676.244897,68.3508099999999
380000,4307000,CB4MH,41.0105,1e+06,0.12,80.15,380000 4307000,12.5,Unsuitable,black,YES,236.12098,2676.244897,68.3508099999999
380000,4307000,CB4MH,73.8189,1e+06,0.1,80.4,380000 4307000,22.5,Unsuitable,black,YES,236.12098,2676.244897,68.3508099999999
380000,4307000,CB4MH,8.2021,1e+06,7.32,79.82,380000 4307000,2.5,Suitable,dodgerblue,YES,236.12098,2676.244897,68.3508099999999
380000,4307000,CB4MH,70.53806,1e+06,0.1,80.34,380000 4307000,21.5,Unsuitable,black,YES,236.12098,2676.244897,68.3508099999999
380000,4308000,CB4MH,70.53806,1e+06,0.1,80.33,380000 4308000,21.5,Unsuitable,black,YES,236.12098,2676.866268,68.9721810000001
380000,4308000,CB4MH,4.92126,1e+06,7.8,79.8,380000 4308000,1.5,Suitable,dodgerblue,YES,236.12098,2676.866268,68.9721810000001
380000,4308000,CB4MH,77.09974,1e+06,0.1,80.4,380000 4308000,23.5,Unsuitable,black,YES,236.12098,2676.866268,68.9721810000001
380000,4308000,CB4MH,37.72966,1e+06,0.11,80.11,380000 4308000,11.5,Unsuitable,black,YES,236.12098,2676.866268,68.9721810000001
380000,4308000,CB4MH,11.48294,1e+06,6.07,80.03,380000 4308000,3.5,Suitable,dodgerblue,YES,236.12098,2676.866268,68.9721810000001
380000,4308000,CB4MH,14.76378,1e+06,4.68,80.13,380000 4308000,4.5,Suitable,dodgerblue,YES,236.12098,2676.866268,68.9721810000001
380000,4308000,CB4MH,50.85302,1e+06,0.1,80.3,380000 4308000,15.5,Unsuitable,black,YES,236.12098,2676.866268,68.9721810000001
380000,4308000,CB4MH,44.29134,1e+06,0.1,80.23,380000 4308000,13.5,Unsuitable,black,YES,236.12098,2676.866268,68.9721810000001
380000,4308000,CB4MH,60.69554,1e+06,0.1,80.33,380000 4308000,18.5,Unsuitable,black,YES,236.12098,2676.866268,68.9721810000001
380000,4308000,CB4MH,67.25722,1e+06,0.1,80.33,380000 4308000,20.5,Unsuitable,black,YES,236.12098,2676.866268,68.9721810000001
380000,4308000,CB4MH,73.8189,1e+06,0.1,80.4,380000 4308000,22.5,Unsuitable,black,YES,236.12098,2676.866268,68.9721810000001
380000,4308000,CB4MH,63.97638,1e+06,0.1,80.33,380000 4308000,19.5,Unsuitable,black,YES,236.12098,2676.866268,68.9721810000001
380000,4308000,CB4MH,24.6063,1e+06,0.7,80.12,380000 4308000,7.5,Unsuitable,black,YES,236.12098,2676.866268,68.9721810000001
380000,4308000,CB4MH,57.4147,1e+06,0.1,80.33,380000 4308000,17.5,Unsuitable,black,YES,236.12098,2676.866268,68.9721810000001
380000,4308000,CB4MH,18.04462,1e+06,3.65,80.15,380000 4308000,5.5,Tolerable,yellow,YES,236.12098,2676.866268,68.9721810000001
380000,4308000,CB4MH,41.0105,1e+06,0.12,80.13,380000 4308000,12.5,Unsuitable,black,YES,236.12098,2676.866268,68.9721810000001
380000,4308000,CB4MH,47.57218,1e+06,0.1,80.27,380000 4308000,14.5,Unsuitable,black,YES,236.12098,2676.866268,68.9721810000001
380000,4308000,CB4MH,1.64042,1e+06,8.23,79.82,380000 4308000,0.5,Suitable,dodgerblue,YES,236.12098,2676.866268,68.9721810000001
380000,4308000,CB4MH,8.2021,1e+06,7.11,79.88,380000 4308000,2.5,Suitable,dodgerblue,YES,236.12098,2676.866268,68.9721810000001
380000,4308000,CB4MH,54.13386,1e+06,0.1,80.33,380000 4308000,16.5,Unsuitable,black,YES,236.12098,2676.866268,68.9721810000001
380000,4308000,CB4MH,34.44882,1e+06,0.1,80.08,380000 4308000,10.5,Unsuitable,black,YES,236.12098,2676.866268,68.9721810000001
380000,4308000,CB4MH,31.16798,1e+06,0.1,80.06,380000 4308000,9.5,Unsuitable,black,YES,236.12098,2676.866268,68.9721810000001
380000,4308000,CB4MH,27.88714,1e+06,0.19,80.04,380000 4308000,8.5,Unsuitable,black,YES,236.12098,2676.866268,68.9721810000001
380000,4308000,CB4MH,21.32546,1e+06,2.89,80.19,380000 4308000,6.5,Marginal,orange,YES,236.12098,2676.866268,68.9721810000001
380000,4310000,CB4MH,57.4147,1e+06,0.1,80.29,380000 4310000,17.5,Unsuitable,black,YES,236.12098,2678.10901,70.214923
380000,4310000,CB4MH,70.53806,1e+06,0.1,80.29,380000 4310000,21.5,Unsuitable,black,YES,236.12098,2678.10901,70.214923
380000,4310000,CB4MH,41.0105,1e+06,0.12,80.11,380000 4310000,12.5,Unsuitable,black,YES,236.12098,2678.10901,70.214923
380000,4310000,CB4MH,67.25722,1e+06,0.1,80.29,380000 4310000,20.5,Unsuitable,black,YES,236.12098,2678.10901,70.214923
380000,4310000,CB4MH,31.16798,1e+06,0.1,80.05,380000 4310000,9.5,Unsuitable,black,YES,236.12098,2678.10901,70.214923
380000,4310000,CB4MH,34.44882,1e+06,0.1,80.07,380000 4310000,10.5,Unsuitable,black,YES,236.12098,2678.10901,70.214923
380000,4310000,CB4MH,37.72966,1e+06,0.11,80.09,380000 4310000,11.5,Unsuitable,black,YES,236.12098,2678.10901,70.214923
380000,4310000,CB4MH,50.85302,1e+06,0.1,80.27,380000 4310000,15.5,Unsuitable,black,YES,236.12098,2678.10901,70.214923
380000,4310000,CB4MH,54.13386,1e+06,0.1,80.29,380000 4310000,16.5,Unsuitable,black,YES,236.12098,2678.10901,70.214923
380000,4310000,CB4MH,63.97638,1e+06,0.1,80.29,380000 4310000,19.5,Unsuitable,black,YES,236.12098,2678.10901,70.214923
380000,4310000,CB4MH,47.57218,1e+06,0.1,80.25,380000 4310000,14.5,Unsuitable,black,YES,236.12098,2678.10901,70.214923
380000,4310000,CB4MH,60.69554,1e+06,0.1,80.29,380000 4310000,18.5,Unsuitable,black,YES,236.12098,2678.10901,70.214923
380000,4310000,CB4MH,8.2021,1e+06,6.46,80.06,380000 4310000,2.5,Suitable,dodgerblue,YES,236.12098,2678.10901,70.214923
380000,4310000,CB4MH,4.92126,1e+06,7.58,80.14,380000 4310000,1.5,Suitable,dodgerblue,YES,236.12098,2678.10901,70.214923
380000,4310000,CB4MH,11.48294,1e+06,5.19,80.03,380000 4310000,3.5,Suitable,dodgerblue,YES,236.12098,2678.10901,70.214923
380000,4310000,CB4MH,1.64042,1e+06,8.29,80.19,380000 4310000,0.5,Suitable,dodgerblue,YES,236.12098,2678.10901,70.214923
380000,4310000,CB4MH,44.29134,1e+06,0.1,80.19,380000 4310000,13.5,Unsuitable,black,YES,236.12098,2678.10901,70.214923
380000,4310000,CB4MH,18.04462,1e+06,3.24,80,380000 4310000,5.5,Tolerable,yellow,YES,236.12098,2678.10901,70.214923
380000,4310000,CB4MH,14.76378,1e+06,3.96,80.03,380000 4310000,4.5,Tolerable,yellow,YES,236.12098,2678.10901,70.214923
380000,4310000,CB4MH,21.32546,1e+06,3.04,80.02,380000 4310000,6.5,Tolerable,yellow,YES,236.12098,2678.10901,70.214923
380000,4310000,CB4MH,27.88714,1e+06,0.22,80.04,380000 4310000,8.5,Unsuitable,black,YES,236.12098,2678.10901,70.214923
380000,4310000,CB4MH,24.6063,1e+06,0.83,80.09,380000 4310000,7.5,Unsuitable,black,YES,236.12098,2678.10901,70.214923
380000,4311000,CB4MH,47.57218,1e+06,0.1,80.23,380000 4311000,14.5,Unsuitable,black,YES,236.12098,2678.730381,70.8362939999997
380000,4311000,CB4MH,67.25722,1e+06,0.1,80.27,380000 4311000,20.5,Unsuitable,black,YES,236.12098,2678.730381,70.8362939999997
380000,4311000,CB4MH,44.29134,1e+06,0.1,80.17,380000 4311000,13.5,Unsuitable,black,YES,236.12098,2678.730381,70.8362939999997
380000,4311000,CB4MH,34.44882,1e+06,0.28,80.01,380000 4311000,10.5,Unsuitable,black,YES,236.12098,2678.730381,70.8362939999997
380000,4311000,CB4MH,18.04462,1e+06,3.35,80.01,380000 4311000,5.5,Tolerable,yellow,YES,236.12098,2678.730381,70.8362939999997
380000,4311000,CB4MH,21.32546,1e+06,3.23,80.01,380000 4311000,6.5,Tolerable,yellow,YES,236.12098,2678.730381,70.8362939999997
380000,4311000,CB4MH,83.66142,1e+06,0.1,80.2,380000 4311000,25.5,Unsuitable,black,YES,236.12098,2678.730381,70.8362939999997
380000,4311000,CB4MH,80.38058,1e+06,0.1,80.3,380000 4311000,24.5,Unsuitable,black,YES,236.12098,2678.730381,70.8362939999997
380000,4311000,CB4MH,60.69554,1e+06,0.1,80.27,380000 4311000,18.5,Unsuitable,black,YES,236.12098,2678.730381,70.8362939999997
380000,4311000,CB4MH,8.2021,1e+06,6.61,80.03,380000 4311000,2.5,Suitable,dodgerblue,YES,236.12098,2678.730381,70.8362939999997
380000,4311000,CB4MH,73.8189,1e+06,0.1,80.4,380000 4311000,22.5,Unsuitable,black,YES,236.12098,2678.730381,70.8362939999997
380000,4311000,CB4MH,27.88714,1e+06,0.43,79.99,380000 4311000,8.5,Unsuitable,black,YES,236.12098,2678.730381,70.8362939999997
380000,4311000,CB4MH,37.72966,1e+06,0.11,80.09,380000 4311000,11.5,Unsuitable,black,YES,236.12098,2678.730381,70.8362939999997
380000,4311000,CB4MH,54.13386,1e+06,0.1,80.27,380000 4311000,16.5,Unsuitable,black,YES,236.12098,2678.730381,70.8362939999997
380000,4311000,CB4MH,24.6063,1e+06,1.02,79.98,380000 4311000,7.5,Unsuitable,black,YES,236.12098,2678.730381,70.8362939999997
380000,4311000,CB4MH,11.48294,1e+06,5.36,80.03,380000 4311000,3.5,Suitable,dodgerblue,YES,236.12098,2678.730381,70.8362939999997
380000,4311000,CB4MH,70.53806,1e+06,0.1,80.27,380000 4311000,21.5,Unsuitable,black,YES,236.12098,2678.730381,70.8362939999997
380000,4311000,CB4MH,31.16798,1e+06,0.28,79.99,380000 4311000,9.5,Unsuitable,black,YES,236.12098,2678.730381,70.8362939999997
380000,4311000,CB4MH,77.09974,1e+06,0.1,80.4,380000 4311000,23.5,Unsuitable,black,YES,236.12098,2678.730381,70.8362939999997
380000,4311000,CB4MH,41.0105,1e+06,0.11,80.1,380000 4311000,12.5,Unsuitable,black,YES,236.12098,2678.730381,70.8362939999997
380000,4311000,CB4MH,63.97638,1e+06,0.1,80.27,380000 4311000,19.5,Unsuitable,black,YES,236.12098,2678.730381,70.8362939999997
380000,4311000,CB4MH,50.85302,1e+06,0.1,80.25,380000 4311000,15.5,Unsuitable,black,YES,236.12098,2678.730381,70.8362939999997
380000,4311000,CB4MH,1.64042,1e+06,8.36,80.12,380000 4311000,0.5,Suitable,dodgerblue,YES,236.12098,2678.730381,70.8362939999997
380000,4311000,CB4MH,57.4147,1e+06,0.1,80.27,380000 4311000,17.5,Unsuitable,black,YES,236.12098,2678.730381,70.8362939999997
380000,4311000,CB4MH,14.76378,1e+06,4.1,80.03,380000 4311000,4.5,Suitable,dodgerblue,YES,236.12098,2678.730381,70.8362939999997
380000,4311000,CB4MH,4.92126,1e+06,7.68,80.08,380000 4311000,1.5,Suitable,dodgerblue,YES,236.12098,2678.730381,70.8362939999997
380000,4312000,CB4MH,86.94226,1e+06,0.1,80.2,380000 4312000,26.5,Unsuitable,black,YES,236.12098,2679.351752,71.4576649999999
380000,4312000,CB4MH,83.66142,1e+06,0.1,80.2,380000 4312000,25.5,Unsuitable,black,YES,236.12098,2679.351752,71.4576649999999
380000,4312000,CB4MH,1.64042,1e+06,8.43,80.06,380000 4312000,0.5,Suitable,dodgerblue,YES,236.12098,2679.351752,71.4576649999999
380000,4312000,CB4MH,37.72966,1e+06,0.11,80.09,380000 4312000,11.5,Unsuitable,black,YES,236.12098,2679.351752,71.4576649999999
380000,4312000,CB4MH,90.2231,1e+06,0.1,80.2,380000 4312000,27.5,Unsuitable,black,YES,236.12098,2679.351752,71.4576649999999
380000,4312000,CB4MH,93.50394,1e+06,0.1,80.2,380000 4312000,28.5,Unsuitable,black,YES,236.12098,2679.351752,71.4576649999999
380000,4312000,CB4MH,77.09974,1e+06,0.1,80.4,380000 4312000,23.5,Unsuitable,black,YES,236.12098,2679.351752,71.4576649999999
380000,4312000,CB4MH,41.0105,1e+06,0.11,80.1,380000 4312000,12.5,Unsuitable,black,YES,236.12098,2679.351752,71.4576649999999
380000,4312000,CB4MH,96.78478,1e+06,0.1,80.2,380000 4312000,29.5,Unsuitable,black,YES,236.12098,2679.351752,71.4576649999999
380000,4312000,CB4MH,80.38058,1e+06,0.1,80.3,380000 4312000,24.5,Unsuitable,black,YES,236.12098,2679.351752,71.4576649999999
380000,4312000,CB4MH,47.57218,1e+06,0.1,80.23,380000 4312000,14.5,Unsuitable,black,YES,236.12098,2679.351752,71.4576649999999
380000,4312000,CB4MH,24.6063,1e+06,1.29,79.98,380000 4312000,7.5,Unsuitable,black,YES,236.12098,2679.351752,71.4576649999999
380000,4312000,CB4MH,21.32546,1e+06,3.51,80.01,380000 4312000,6.5,Tolerable,yellow,YES,236.12098,2679.351752,71.4576649999999
380000,4312000,CB4MH,50.85302,1e+06,0.1,80.24,380000 4312000,15.5,Unsuitable,black,YES,236.12098,2679.351752,71.4576649999999
380000,4312000,CB4MH,4.92126,1e+06,7.78,80.02,380000 4312000,1.5,Suitable,dodgerblue,YES,236.12098,2679.351752,71.4576649999999
380000,4312000,CB4MH,11.48294,1e+06,5.54,80.02,380000 4312000,3.5,Suitable,dodgerblue,YES,236.12098,2679.351752,71.4576649999999
380000,4312000,CB4MH,73.8189,1e+06,0.1,80.4,380000 4312000,22.5,Unsuitable,black,YES,236.12098,2679.351752,71.4576649999999
380000,4312000,CB4MH,44.29134,1e+06,0.1,80.15,380000 4312000,13.5,Unsuitable,black,YES,236.12098,2679.351752,71.4576649999999
380000,4312000,CB4MH,63.97638,1e+06,0.1,80.25,380000 4312000,19.5,Unsuitable,black,YES,236.12098,2679.351752,71.4576649999999
380000,4312000,CB4MH,70.53806,1e+06,0.1,80.25,380000 4312000,21.5,Unsuitable,black,YES,236.12098,2679.351752,71.4576649999999
380000,4312000,CB4MH,67.25722,1e+06,0.1,80.25,380000 4312000,20.5,Unsuitable,black,YES,236.12098,2679.351752,71.4576649999999
380000,4312000,CB4MH,31.16798,1e+06,0.27,80.01,380000 4312000,9.5,Unsuitable,black,YES,236.12098,2679.351752,71.4576649999999
380000,4312000,CB4MH,8.2021,1e+06,6.76,80,380000 4312000,2.5,Suitable,dodgerblue,YES,236.12098,2679.351752,71.4576649999999
380000,4312000,CB4MH,60.69554,1e+06,0.1,80.25,380000 4312000,18.5,Unsuitable,black,YES,236.12098,2679.351752,71.4576649999999
380000,4312000,CB4MH,14.76378,1e+06,4.25,80.03,380000 4312000,4.5,Suitable,dodgerblue,YES,236.12098,2679.351752,71.4576649999999
380000,4312000,CB4MH,27.88714,1e+06,0.42,80.01,380000 4312000,8.5,Unsuitable,black,YES,236.12098,2679.351752,71.4576649999999
380000,4312000,CB4MH,18.04462,1e+06,3.48,80.01,380000 4312000,5.5,Tolerable,yellow,YES,236.12098,2679.351752,71.4576649999999
380000,4312000,CB4MH,57.4147,1e+06,0.1,80.25,380000 4312000,17.5,Unsuitable,black,YES,236.12098,2679.351752,71.4576649999999
380000,4312000,CB4MH,54.13386,1e+06,0.1,80.25,380000 4312000,16.5,Unsuitable,black,YES,236.12098,2679.351752,71.4576649999999
380000,4312000,CB4MH,34.44882,1e+06,0.26,80.02,380000 4312000,10.5,Unsuitable,black,YES,236.12098,2679.351752,71.4576649999999
380000,4313000,CB4MH,80.38058,1e+06,0.1,80.3,380000 4313000,24.5,Unsuitable,black,YES,236.12098,2679.973123,72.0790360000001
380000,4313000,CB4MH,44.29134,1e+06,0.1,80.13,380000 4313000,13.5,Unsuitable,black,YES,236.12098,2679.973123,72.0790360000001
380000,4313000,CB4MH,60.69554,1e+06,0.1,80.23,380000 4313000,18.5,Unsuitable,black,YES,236.12098,2679.973123,72.0790360000001
380000,4313000,CB4MH,90.2231,1e+06,0.1,80.2,380000 4313000,27.5,Unsuitable,black,YES,236.12098,2679.973123,72.0790360000001
380000,4313000,CB4MH,41.0105,1e+06,0.11,80.1,380000 4313000,12.5,Unsuitable,black,YES,236.12098,2679.973123,72.0790360000001
380000,4313000,CB4MH,37.72966,1e+06,0.1,80.09,380000 4313000,11.5,Unsuitable,black,YES,236.12098,2679.973123,72.0790360000001
380000,4313000,CB4MH,83.66142,1e+06,0.1,80.2,380000 4313000,25.5,Unsuitable,black,YES,236.12098,2679.973123,72.0790360000001
380000,4313000,CB4MH,57.4147,1e+06,0.1,80.23,380000 4313000,17.5,Unsuitable,black,YES,236.12098,2679.973123,72.0790360000001
380000,4313000,CB4MH,54.13386,1e+06,0.1,80.23,380000 4313000,16.5,Unsuitable,black,YES,236.12098,2679.973123,72.0790360000001
380000,4313000,CB4MH,18.04462,1e+06,3.62,80.02,380000 4313000,5.5,Tolerable,yellow,YES,236.12098,2679.973123,72.0790360000001
380000,4313000,CB4MH,34.44882,1e+06,0.24,80.03,380000 4313000,10.5,Unsuitable,black,YES,236.12098,2679.973123,72.0790360000001
380000,4313000,CB4MH,50.85302,1e+06,0.1,80.22,380000 4313000,15.5,Unsuitable,black,YES,236.12098,2679.973123,72.0790360000001
380000,4313000,CB4MH,67.25722,1e+06,0.1,80.23,380000 4313000,20.5,Unsuitable,black,YES,236.12098,2679.973123,72.0790360000001
380000,4313000,CB4MH,86.94226,1e+06,0.1,80.2,380000 4313000,26.5,Unsuitable,black,YES,236.12098,2679.973123,72.0790360000001
380000,4313000,CB4MH,70.53806,1e+06,0.1,80.23,380000 4313000,21.5,Unsuitable,black,YES,236.12098,2679.973123,72.0790360000001
380000,4313000,CB4MH,1.64042,1e+06,8.52,80,380000 4313000,0.5,Suitable,dodgerblue,YES,236.12098,2679.973123,72.0790360000001
380000,4313000,CB4MH,24.6063,1e+06,1.3,80.01,380000 4313000,7.5,Unsuitable,black,YES,236.12098,2679.973123,72.0790360000001
380000,4313000,CB4MH,73.8189,1e+06,0.1,80.4,380000 4313000,22.5,Unsuitable,black,YES,236.12098,2679.973123,72.0790360000001
380000,4313000,CB4MH,4.92126,1e+06,7.9,79.96,380000 4313000,1.5,Suitable,dodgerblue,YES,236.12098,2679.973123,72.0790360000001
380000,4313000,CB4MH,11.48294,1e+06,5.73,80.02,380000 4313000,3.5,Suitable,dodgerblue,YES,236.12098,2679.973123,72.0790360000001
380000,4313000,CB4MH,31.16798,1e+06,0.25,80.03,380000 4313000,9.5,Unsuitable,black,YES,236.12098,2679.973123,72.0790360000001
380000,4313000,CB4MH,47.57218,1e+06,0.1,80.22,380000 4313000,14.5,Unsuitable,black,YES,236.12098,2679.973123,72.0790360000001
380000,4313000,CB4MH,77.09974,1e+06,0.1,80.4,380000 4313000,23.5,Unsuitable,black,YES,236.12098,2679.973123,72.0790360000001
380000,4313000,CB4MH,63.97638,1e+06,0.1,80.23,380000 4313000,19.5,Unsuitable,black,YES,236.12098,2679.973123,72.0790360000001
380000,4313000,CB4MH,14.76378,1e+06,4.43,80.03,380000 4313000,4.5,Suitable,dodgerblue,YES,236.12098,2679.973123,72.0790360000001
380000,4313000,CB4MH,8.2021,1e+06,6.93,79.97,380000 4313000,2.5,Suitable,dodgerblue,YES,236.12098,2679.973123,72.0790360000001
380000,4313000,CB4MH,27.88714,1e+06,0.41,80.03,380000 4313000,8.5,Unsuitable,black,YES,236.12098,2679.973123,72.0790360000001
380000,4313000,CB4MH,21.32546,1e+06,3.64,80.01,380000 4313000,6.5,Tolerable,yellow,YES,236.12098,2679.973123,72.0790360000001
380000,4323000,CB3MH,27.88714,1e+06,0.26,79.89,380000 4323000,8.5,Unsuitable,black,YES,236.12098,2686.186833,78.2927460000001
380000,4323000,CB3MH,37.72966,1e+06,0.11,80.08,380000 4323000,11.5,Unsuitable,black,YES,236.12098,2686.186833,78.2927460000001
380000,4323000,CB3MH,31.16798,1e+06,0.13,79.87,380000 4323000,9.5,Unsuitable,black,YES,236.12098,2686.186833,78.2927460000001
380000,4323000,CB3MH,4.92126,1e+06,8.31,80.02,380000 4323000,1.5,Suitable,dodgerblue,YES,236.12098,2686.186833,78.2927460000001
380000,4323000,CB3MH,11.48294,1e+06,5.88,80,380000 4323000,3.5,Suitable,dodgerblue,YES,236.12098,2686.186833,78.2927460000001
380000,4323000,CB3MH,8.2021,1e+06,7.24,80,380000 4323000,2.5,Suitable,dodgerblue,YES,236.12098,2686.186833,78.2927460000001
380000,4323000,CB3MH,14.76378,1e+06,4.64,80,380000 4323000,4.5,Suitable,dodgerblue,YES,236.12098,2686.186833,78.2927460000001
380000,4323000,CB3MH,18.04462,1e+06,4.01,80.01,380000 4323000,5.5,Suitable,dodgerblue,YES,236.12098,2686.186833,78.2927460000001
380000,4323000,CB3MH,21.32546,1e+06,4.09,79.94,380000 4323000,6.5,Suitable,dodgerblue,YES,236.12098,2686.186833,78.2927460000001
380000,4323000,CB3MH,41.0105,1e+06,0.11,80.09,380000 4323000,12.5,Unsuitable,black,YES,236.12098,2686.186833,78.2927460000001
380000,4323000,CB3MH,34.44882,1e+06,0.11,80.08,380000 4323000,10.5,Unsuitable,black,YES,236.12098,2686.186833,78.2927460000001
380000,4323000,CB3MH,24.6063,1e+06,0.98,79.92,380000 4323000,7.5,Unsuitable,black,YES,236.12098,2686.186833,78.2927460000001
380000,4323000,CB3MH,1.64042,1e+06,8.84,80.08,380000 4323000,0.5,Suitable,dodgerblue,YES,236.12098,2686.186833,78.2927460000001
381000,4255000,CB4MH,34.44882,1e+06,1.07,81.28,381000 4255000,10.5,Unsuitable,black,YES,236.742351,2643.933605,36.039518
381000,4255000,CB4MH,21.32546,1e+06,4.77,81.03,381000 4255000,6.5,Suitable,dodgerblue,YES,236.742351,2643.933605,36.039518
381000,4255000,CB4MH,14.76378,1e+06,5.69,81.05,381000 4255000,4.5,Suitable,dodgerblue,YES,236.742351,2643.933605,36.039518
381000,4255000,CB4MH,1.64042,1e+06,7.85,80.63,381000 4255000,0.5,Suitable,dodgerblue,YES,236.742351,2643.933605,36.039518
381000,4255000,CB4MH,47.57218,1e+06,0.41,80.53,381000 4255000,14.5,Unsuitable,black,YES,236.742351,2643.933605,36.039518
381000,4255000,CB4MH,77.09974,1e+06,0.22,79.54,381000 4255000,23.5,Unsuitable,black,YES,236.742351,2643.933605,36.039518
381000,4255000,CB4MH,11.48294,1e+06,6.64,80.8,381000 4255000,3.5,Suitable,dodgerblue,YES,236.742351,2643.933605,36.039518
381000,4255000,CB4MH,80.38058,1e+06,0.22,79.54,381000 4255000,24.5,Unsuitable,black,YES,236.742351,2643.933605,36.039518
381000,4255000,CB4MH,57.4147,1e+06,0.21,80.02,381000 4255000,17.5,Unsuitable,black,YES,236.742351,2643.933605,36.039518
381000,4255000,CB4MH,24.6063,1e+06,4.34,81,381000 4255000,7.5,Suitable,dodgerblue,YES,236.742351,2643.933605,36.039518
381000,4255000,CB4MH,18.04462,1e+06,5.14,81.05,381000 4255000,5.5,Suitable,dodgerblue,YES,236.742351,2643.933605,36.039518
381000,4255000,CB4MH,8.2021,1e+06,7.37,80.45,381000 4255000,2.5,Suitable,dodgerblue,YES,236.742351,2643.933605,36.039518
381000,4255000,CB4MH,60.69554,1e+06,0.21,79.83,381000 4255000,18.5,Unsuitable,black,YES,236.742351,2643.933605,36.039518
381000,4255000,CB4MH,54.13386,1e+06,0.25,80.21,381000 4255000,16.5,Unsuitable,black,YES,236.742351,2643.933605,36.039518
381000,4255000,CB4MH,41.0105,1e+06,0.54,80.73,381000 4255000,12.5,Unsuitable,black,YES,236.742351,2643.933605,36.039518
381000,4255000,CB4MH,63.97638,1e+06,0.21,79.72,381000 4255000,19.5,Unsuitable,black,YES,236.742351,2643.933605,36.039518
381000,4255000,CB4MH,67.25722,1e+06,0.21,79.72,381000 4255000,20.5,Unsuitable,black,YES,236.742351,2643.933605,36.039518
381000,4255000,CB4MH,70.53806,1e+06,0.21,79.72,381000 4255000,21.5,Unsuitable,black,YES,236.742351,2643.933605,36.039518
381000,4255000,CB4MH,27.88714,1e+06,3.67,80.99,381000 4255000,8.5,Tolerable,yellow,YES,236.742351,2643.933605,36.039518
381000,4255000,CB4MH,4.92126,1e+06,7.6,80.36,381000 4255000,1.5,Suitable,dodgerblue,YES,236.742351,2643.933605,36.039518
381000,4255000,CB4MH,44.29134,1e+06,0.46,80.63,381000 4255000,13.5,Unsuitable,black,YES,236.742351,2643.933605,36.039518
381000,4255000,CB4MH,83.66142,1e+06,0.22,79.53,381000 4255000,25.5,Unsuitable,black,YES,236.742351,2643.933605,36.039518
381000,4255000,CB4MH,73.8189,1e+06,0.21,79.63,381000 4255000,22.5,Unsuitable,black,YES,236.742351,2643.933605,36.039518
381000,4255000,CB4MH,50.85302,1e+06,0.34,80.33,381000 4255000,15.5,Unsuitable,black,YES,236.742351,2643.933605,36.039518
381000,4255000,CB4MH,37.72966,1e+06,0.74,81.01,381000 4255000,11.5,Unsuitable,black,YES,236.742351,2643.933605,36.039518
381000,4255000,CB4MH,31.16798,1e+06,2.08,81.13,381000 4255000,9.5,Marginal,orange,YES,236.742351,2643.933605,36.039518
381000,4256000,CB4MH,21.32546,1e+06,4.65,81,381000 4256000,6.5,Suitable,dodgerblue,YES,236.742351,2644.554976,36.6608889999998
381000,4256000,CB4MH,1.64042,1e+06,7.79,80.67,381000 4256000,0.5,Suitable,dodgerblue,YES,236.742351,2644.554976,36.6608889999998
381000,4256000,CB4MH,11.48294,1e+06,6.54,80.82,381000 4256000,3.5,Suitable,dodgerblue,YES,236.742351,2644.554976,36.6608889999998
381000,4256000,CB4MH,24.6063,1e+06,4.19,80.95,381000 4256000,7.5,Suitable,dodgerblue,YES,236.742351,2644.554976,36.6608889999998
381000,4256000,CB4MH,4.92126,1e+06,7.54,80.42,381000 4256000,1.5,Suitable,dodgerblue,YES,236.742351,2644.554976,36.6608889999998
381000,4256000,CB4MH,27.88714,1e+06,3.53,80.93,381000 4256000,8.5,Tolerable,yellow,YES,236.742351,2644.554976,36.6608889999998
381000,4256000,CB4MH,80.38058,1e+06,0.22,79.57,381000 4256000,24.5,Unsuitable,black,YES,236.742351,2644.554976,36.6608889999998
381000,4256000,CB4MH,8.2021,1e+06,7.28,80.5,381000 4256000,2.5,Suitable,dodgerblue,YES,236.742351,2644.554976,36.6608889999998
381000,4256000,CB4MH,77.09974,1e+06,0.22,79.57,381000 4256000,23.5,Unsuitable,black,YES,236.742351,2644.554976,36.6608889999998
381000,4256000,CB4MH,83.66142,1e+06,0.22,79.55,381000 4256000,25.5,Unsuitable,black,YES,236.742351,2644.554976,36.6608889999998
381000,4256000,CB4MH,67.25722,1e+06,0.21,79.74,381000 4256000,20.5,Unsuitable,black,YES,236.742351,2644.554976,36.6608889999998
381000,4256000,CB4MH,93.50394,1e+06,0.7,79.6,381000 4256000,28.5,Unsuitable,black,YES,236.742351,2644.554976,36.6608889999998
381000,4256000,CB4MH,90.2231,1e+06,0.23,79.51,381000 4256000,27.5,Unsuitable,black,YES,236.742351,2644.554976,36.6608889999998
381000,4256000,CB4MH,31.16798,1e+06,1.91,81.06,381000 4256000,9.5,Unsuitable,black,YES,236.742351,2644.554976,36.6608889999998
381000,4256000,CB4MH,54.13386,1e+06,0.25,80.22,381000 4256000,16.5,Unsuitable,black,YES,236.742351,2644.554976,36.6608889999998
381000,4256000,CB4MH,47.57218,1e+06,0.39,80.55,381000 4256000,14.5,Unsuitable,black,YES,236.742351,2644.554976,36.6608889999998
381000,4256000,CB4MH,14.76378,1e+06,5.6,81.05,381000 4256000,4.5,Suitable,dodgerblue,YES,236.742351,2644.554976,36.6608889999998
381000,4256000,CB4MH,44.29134,1e+06,0.44,80.65,381000 4256000,13.5,Unsuitable,black,YES,236.742351,2644.554976,36.6608889999998
381000,4256000,CB4MH,57.4147,1e+06,0.21,80.03,381000 4256000,17.5,Unsuitable,black,YES,236.742351,2644.554976,36.6608889999998
381000,4256000,CB4MH,34.44882,1e+06,1.05,81.26,381000 4256000,10.5,Unsuitable,black,YES,236.742351,2644.554976,36.6608889999998
381000,4256000,CB4MH,60.69554,1e+06,0.21,79.85,381000 4256000,18.5,Unsuitable,black,YES,236.742351,2644.554976,36.6608889999998
381000,4256000,CB4MH,86.94226,1e+06,0.23,79.51,381000 4256000,26.5,Unsuitable,black,YES,236.742351,2644.554976,36.6608889999998
381000,4256000,CB4MH,41.0105,1e+06,0.54,80.75,381000 4256000,12.5,Unsuitable,black,YES,236.742351,2644.554976,36.6608889999998
381000,4256000,CB4MH,37.72966,1e+06,0.74,81.02,381000 4256000,11.5,Unsuitable,black,YES,236.742351,2644.554976,36.6608889999998
381000,4256000,CB4MH,18.04462,1e+06,5.05,81.03,381000 4256000,5.5,Suitable,dodgerblue,YES,236.742351,2644.554976,36.6608889999998
381000,4256000,CB4MH,70.53806,1e+06,0.21,79.74,381000 4256000,21.5,Unsuitable,black,YES,236.742351,2644.554976,36.6608889999998
381000,4256000,CB4MH,63.97638,1e+06,0.21,79.74,381000 4256000,19.5,Unsuitable,black,YES,236.742351,2644.554976,36.6608889999998
381000,4256000,CB4MH,73.8189,1e+06,0.22,79.65,381000 4256000,22.5,Unsuitable,black,YES,236.742351,2644.554976,36.6608889999998
381000,4256000,CB4MH,50.85302,1e+06,0.33,80.35,381000 4256000,15.5,Unsuitable,black,YES,236.742351,2644.554976,36.6608889999998
381000,4314000,CB4MH,41.0105,1e+06,0.1,80.1,381000 4314000,12.5,Unsuitable,black,YES,236.742351,2680.594494,72.7004069999998
381000,4314000,CB4MH,70.53806,1e+06,0.1,80.22,381000 4314000,21.5,Unsuitable,black,YES,236.742351,2680.594494,72.7004069999998
381000,4314000,CB4MH,11.48294,1e+06,5.84,80.05,381000 4314000,3.5,Suitable,dodgerblue,YES,236.742351,2680.594494,72.7004069999998
381000,4314000,CB4MH,44.29134,1e+06,0.1,80.12,381000 4314000,13.5,Unsuitable,black,YES,236.742351,2680.594494,72.7004069999998
381000,4314000,CB4MH,50.85302,1e+06,0.1,80.21,381000 4314000,15.5,Unsuitable,black,YES,236.742351,2680.594494,72.7004069999998
381000,4314000,CB4MH,8.2021,1e+06,6.99,79.95,381000 4314000,2.5,Suitable,dodgerblue,YES,236.742351,2680.594494,72.7004069999998
381000,4314000,CB4MH,54.13386,1e+06,0.1,80.22,381000 4314000,16.5,Unsuitable,black,YES,236.742351,2680.594494,72.7004069999998
381000,4314000,CB4MH,47.57218,1e+06,0.1,80.21,381000 4314000,14.5,Unsuitable,black,YES,236.742351,2680.594494,72.7004069999998
381000,4314000,CB4MH,73.8189,1e+06,0.1,80.4,381000 4314000,22.5,Unsuitable,black,YES,236.742351,2680.594494,72.7004069999998
381000,4314000,CB4MH,67.25722,1e+06,0.1,80.22,381000 4314000,20.5,Unsuitable,black,YES,236.742351,2680.594494,72.7004069999998
381000,4314000,CB4MH,21.32546,1e+06,3.56,80.03,381000 4314000,6.5,Tolerable,yellow,YES,236.742351,2680.594494,72.7004069999998
381000,4314000,CB4MH,18.04462,1e+06,3.62,80.06,381000 4314000,5.5,Tolerable,yellow,YES,236.742351,2680.594494,72.7004069999998
381000,4314000,CB4MH,14.76378,1e+06,4.48,80.07,381000 4314000,4.5,Suitable,dodgerblue,YES,236.742351,2680.594494,72.7004069999998
381000,4314000,CB4MH,60.69554,1e+06,0.1,80.22,381000 4314000,18.5,Unsuitable,black,YES,236.742351,2680.594494,72.7004069999998
381000,4314000,CB4MH,31.16798,1e+06,0.18,80.06,381000 4314000,9.5,Unsuitable,black,YES,236.742351,2680.594494,72.7004069999998
381000,4314000,CB4MH,80.38058,1e+06,0.1,80.3,381000 4314000,24.5,Unsuitable,black,YES,236.742351,2680.594494,72.7004069999998
381000,4314000,CB4MH,57.4147,1e+06,0.1,80.22,381000 4314000,17.5,Unsuitable,black,YES,236.742351,2680.594494,72.7004069999998
381000,4314000,CB4MH,77.09974,1e+06,0.1,80.4,381000 4314000,23.5,Unsuitable,black,YES,236.742351,2680.594494,72.7004069999998
381000,4314000,CB4MH,63.97638,1e+06,0.1,80.22,381000 4314000,19.5,Unsuitable,black,YES,236.742351,2680.594494,72.7004069999998
381000,4314000,CB4MH,24.6063,1e+06,1.31,80.05,381000 4314000,7.5,Unsuitable,black,YES,236.742351,2680.594494,72.7004069999998
381000,4314000,CB4MH,37.72966,1e+06,0.1,80.09,381000 4314000,11.5,Unsuitable,black,YES,236.742351,2680.594494,72.7004069999998
381000,4314000,CB4MH,27.88714,1e+06,0.36,80.06,381000 4314000,8.5,Unsuitable,black,YES,236.742351,2680.594494,72.7004069999998
381000,4314000,CB4MH,1.64042,1e+06,8.43,79.92,381000 4314000,0.5,Suitable,dodgerblue,YES,236.742351,2680.594494,72.7004069999998
381000,4314000,CB4MH,34.44882,1e+06,0.18,80.06,381000 4314000,10.5,Unsuitable,black,YES,236.742351,2680.594494,72.7004069999998
381000,4314000,CB4MH,4.92126,1e+06,7.86,79.89,381000 4314000,1.5,Suitable,dodgerblue,YES,236.742351,2680.594494,72.7004069999998
381000,4315000,CB4MH,34.44882,1e+06,0.15,80.08,381000 4315000,10.5,Unsuitable,black,YES,236.742351,2681.215865,73.321778
381000,4315000,CB4MH,21.32546,1e+06,3.54,80.03,381000 4315000,6.5,Tolerable,yellow,YES,236.742351,2681.215865,73.321778
381000,4315000,CB4MH,24.6063,1e+06,1.31,80.07,381000 4315000,7.5,Unsuitable,black,YES,236.742351,2681.215865,73.321778
381000,4315000,CB4MH,57.4147,1e+06,0.1,80.21,381000 4315000,17.5,Unsuitable,black,YES,236.742351,2681.215865,73.321778
381000,4315000,CB4MH,44.29134,1e+06,0.1,80.11,381000 4315000,13.5,Unsuitable,black,YES,236.742351,2681.215865,73.321778
381000,4315000,CB4MH,4.92126,1e+06,7.89,79.88,381000 4315000,1.5,Suitable,dodgerblue,YES,236.742351,2681.215865,73.321778
381000,4315000,CB4MH,60.69554,1e+06,0.1,80.21,381000 4315000,18.5,Unsuitable,black,YES,236.742351,2681.215865,73.321778
381000,4315000,CB4MH,50.85302,1e+06,0.1,80.21,381000 4315000,15.5,Unsuitable,black,YES,236.742351,2681.215865,73.321778
381000,4315000,CB4MH,18.04462,1e+06,3.64,80.06,381000 4315000,5.5,Tolerable,yellow,YES,236.742351,2681.215865,73.321778
381000,4315000,CB4MH,27.88714,1e+06,0.34,80.08,381000 4315000,8.5,Unsuitable,black,YES,236.742351,2681.215865,73.321778
381000,4315000,CB4MH,73.8189,1e+06,0.1,80.4,381000 4315000,22.5,Unsuitable,black,YES,236.742351,2681.215865,73.321778
381000,4315000,CB4MH,54.13386,1e+06,0.1,80.21,381000 4315000,16.5,Unsuitable,black,YES,236.742351,2681.215865,73.321778
381000,4315000,CB4MH,31.16798,1e+06,0.15,80.08,381000 4315000,9.5,Unsuitable,black,YES,236.742351,2681.215865,73.321778
381000,4315000,CB4MH,63.97638,1e+06,0.1,80.21,381000 4315000,19.5,Unsuitable,black,YES,236.742351,2681.215865,73.321778
381000,4315000,CB4MH,1.64042,1e+06,8.44,79.9,381000 4315000,0.5,Suitable,dodgerblue,YES,236.742351,2681.215865,73.321778
381000,4315000,CB4MH,14.76378,1e+06,4.52,80.06,381000 4315000,4.5,Suitable,dodgerblue,YES,236.742351,2681.215865,73.321778
381000,4315000,CB4MH,11.48294,1e+06,5.89,80.04,381000 4315000,3.5,Suitable,dodgerblue,YES,236.742351,2681.215865,73.321778
381000,4315000,CB4MH,41.0105,1e+06,0.1,80.1,381000 4315000,12.5,Unsuitable,black,YES,236.742351,2681.215865,73.321778
381000,4315000,CB4MH,77.09974,1e+06,0.1,80.4,381000 4315000,23.5,Unsuitable,black,YES,236.742351,2681.215865,73.321778
381000,4315000,CB4MH,70.53806,1e+06,0.1,80.21,381000 4315000,21.5,Unsuitable,black,YES,236.742351,2681.215865,73.321778
381000,4315000,CB4MH,67.25722,1e+06,0.1,80.21,381000 4315000,20.5,Unsuitable,black,YES,236.742351,2681.215865,73.321778
381000,4315000,CB4MH,47.57218,1e+06,0.1,80.2,381000 4315000,14.5,Unsuitable,black,YES,236.742351,2681.215865,73.321778
381000,4315000,CB4MH,8.2021,1e+06,7.03,79.94,381000 4315000,2.5,Suitable,dodgerblue,YES,236.742351,2681.215865,73.321778
381000,4315000,CB4MH,37.72966,1e+06,0.1,80.1,381000 4315000,11.5,Unsuitable,black,YES,236.742351,2681.215865,73.321778
381000,4320000,CB3MH,41.0105,1e+06,0.1,80.1,381000 4320000,12.5,Unsuitable,black,YES,236.742351,2684.32272,76.428633
381000,4320000,CB3MH,24.6063,1e+06,1.2,80.05,381000 4320000,7.5,Unsuitable,black,YES,236.742351,2684.32272,76.428633
381000,4320000,CB3MH,8.2021,1e+06,7.67,79.89,381000 4320000,2.5,Suitable,dodgerblue,YES,236.742351,2684.32272,76.428633
381000,4320000,CB3MH,27.88714,1e+06,0.29,80.04,381000 4320000,8.5,Unsuitable,black,YES,236.742351,2684.32272,76.428633
381000,4320000,CB3MH,11.48294,1e+06,6.51,79.98,381000 4320000,3.5,Suitable,dodgerblue,YES,236.742351,2684.32272,76.428633
381000,4320000,CB3MH,37.72966,1e+06,0.1,80.1,381000 4320000,11.5,Unsuitable,black,YES,236.742351,2684.32272,76.428633
381000,4320000,CB3MH,44.29134,1e+06,0.1,80.1,381000 4320000,13.5,Unsuitable,black,YES,236.742351,2684.32272,76.428633
381000,4320000,CB3MH,31.16798,1e+06,0.11,80.04,381000 4320000,9.5,Unsuitable,black,YES,236.742351,2684.32272,76.428633
381000,4320000,CB3MH,4.92126,1e+06,8.58,79.83,381000 4320000,1.5,Suitable,dodgerblue,YES,236.742351,2684.32272,76.428633
381000,4320000,CB3MH,18.04462,1e+06,4.45,80,381000 4320000,5.5,Suitable,dodgerblue,YES,236.742351,2684.32272,76.428633
381000,4320000,CB3MH,47.57218,1e+06,0.1,80.2,381000 4320000,14.5,Unsuitable,black,YES,236.742351,2684.32272,76.428633
381000,4320000,CB3MH,34.44882,1e+06,0.1,80.1,381000 4320000,10.5,Unsuitable,black,YES,236.742351,2684.32272,76.428633
381000,4320000,CB3MH,21.32546,1e+06,4.53,79.96,381000 4320000,6.5,Suitable,dodgerblue,YES,236.742351,2684.32272,76.428633
381000,4320000,CB3MH,1.64042,1e+06,9.12,79.86,381000 4320000,0.5,Suitable,dodgerblue,YES,236.742351,2684.32272,76.428633
381000,4320000,CB3MH,14.76378,1e+06,5.24,80,381000 4320000,4.5,Suitable,dodgerblue,YES,236.742351,2684.32272,76.428633
381000,4321000,CB3MH,41.0105,1e+06,0.1,80.1,381000 4321000,12.5,Unsuitable,black,YES,236.742351,2684.944091,77.0500039999997
381000,4321000,CB3MH,37.72966,1e+06,0.1,80.1,381000 4321000,11.5,Unsuitable,black,YES,236.742351,2684.944091,77.0500039999997
381000,4321000,CB3MH,34.44882,1e+06,0.1,80.09,381000 4321000,10.5,Unsuitable,black,YES,236.742351,2684.944091,77.0500039999997
381000,4321000,CB3MH,31.16798,1e+06,0.11,80,381000 4321000,9.5,Unsuitable,black,YES,236.742351,2684.944091,77.0500039999997
381000,4321000,CB3MH,11.48294,1e+06,6.2,79.99,381000 4321000,3.5,Suitable,dodgerblue,YES,236.742351,2684.944091,77.0500039999997
381000,4321000,CB3MH,44.29134,1e+06,0.1,80.1,381000 4321000,13.5,Unsuitable,black,YES,236.742351,2684.944091,77.0500039999997
381000,4321000,CB3MH,14.76378,1e+06,4.91,80.01,381000 4321000,4.5,Suitable,dodgerblue,YES,236.742351,2684.944091,77.0500039999997
381000,4321000,CB3MH,21.32546,1e+06,4.34,79.96,381000 4321000,6.5,Suitable,dodgerblue,YES,236.742351,2684.944091,77.0500039999997
381000,4321000,CB3MH,4.92126,1e+06,8.37,79.87,381000 4321000,1.5,Suitable,dodgerblue,YES,236.742351,2684.944091,77.0500039999997
381000,4321000,CB3MH,18.04462,1e+06,4.2,80.01,381000 4321000,5.5,Suitable,dodgerblue,YES,236.742351,2684.944091,77.0500039999997
381000,4321000,CB3MH,24.6063,1e+06,1.14,80.02,381000 4321000,7.5,Unsuitable,black,YES,236.742351,2684.944091,77.0500039999997
381000,4321000,CB3MH,50.85302,1e+06,0.1,80.21,381000 4321000,15.5,Unsuitable,black,YES,236.742351,2684.944091,77.0500039999997
381000,4321000,CB3MH,47.57218,1e+06,0.1,80.19,381000 4321000,14.5,Unsuitable,black,YES,236.742351,2684.944091,77.0500039999997
381000,4321000,CB3MH,27.88714,1e+06,0.28,80,381000 4321000,8.5,Unsuitable,black,YES,236.742351,2684.944091,77.0500039999997
381000,4321000,CB3MH,1.64042,1e+06,8.93,79.91,381000 4321000,0.5,Suitable,dodgerblue,YES,236.742351,2684.944091,77.0500039999997
381000,4321000,CB3MH,8.2021,1e+06,7.43,79.92,381000 4321000,2.5,Suitable,dodgerblue,YES,236.742351,2684.944091,77.0500039999997
382000,4253000,CB4MH,41.0105,1e+06,0.55,80.7,382000 4253000,12.5,Unsuitable,black,YES,237.363722,2642.690863,34.7967760000001
382000,4253000,CB4MH,34.44882,1e+06,1.1,81.3,382000 4253000,10.5,Unsuitable,black,YES,237.363722,2642.690863,34.7967760000001
382000,4253000,CB4MH,83.66142,1e+06,0.2,79.5,382000 4253000,25.5,Unsuitable,black,YES,237.363722,2642.690863,34.7967760000001
382000,4253000,CB4MH,80.38058,1e+06,0.2,79.5,382000 4253000,24.5,Unsuitable,black,YES,237.363722,2642.690863,34.7967760000001
382000,4253000,CB4MH,24.6063,1e+06,4.44,81.09,382000 4253000,7.5,Suitable,dodgerblue,YES,237.363722,2642.690863,34.7967760000001
382000,4253000,CB4MH,90.2231,1e+06,0.2,79.5,382000 4253000,27.5,Unsuitable,black,YES,237.363722,2642.690863,34.7967760000001
382000,4253000,CB4MH,70.53806,1e+06,0.2,79.7,382000 4253000,21.5,Unsuitable,black,YES,237.363722,2642.690863,34.7967760000001
382000,4253000,CB4MH,27.88714,1e+06,3.75,81.09,382000 4253000,8.5,Tolerable,yellow,YES,237.363722,2642.690863,34.7967760000001
382000,4253000,CB4MH,44.29134,1e+06,0.47,80.6,382000 4253000,13.5,Unsuitable,black,YES,237.363722,2642.690863,34.7967760000001
382000,4253000,CB4MH,63.97638,1e+06,0.2,79.7,382000 4253000,19.5,Unsuitable,black,YES,237.363722,2642.690863,34.7967760000001
382000,4253000,CB4MH,77.09974,1e+06,0.2,79.5,382000 4253000,23.5,Unsuitable,black,YES,237.363722,2642.690863,34.7967760000001
382000,4253000,CB4MH,31.16798,1e+06,2.23,81.2,382000 4253000,9.5,Marginal,orange,YES,237.363722,2642.690863,34.7967760000001
382000,4253000,CB4MH,54.13386,1e+06,0.25,80.2,382000 4253000,16.5,Unsuitable,black,YES,237.363722,2642.690863,34.7967760000001
382000,4253000,CB4MH,37.72966,1e+06,0.75,81,382000 4253000,11.5,Unsuitable,black,YES,237.363722,2642.690863,34.7967760000001
382000,4253000,CB4MH,4.92126,1e+06,7.69,80.31,382000 4253000,1.5,Suitable,dodgerblue,YES,237.363722,2642.690863,34.7967760000001
382000,4253000,CB4MH,60.69554,1e+06,0.2,79.8,382000 4253000,18.5,Unsuitable,black,YES,237.363722,2642.690863,34.7967760000001
382000,4253000,CB4MH,18.04462,1e+06,5.2,81.1,382000 4253000,5.5,Suitable,dodgerblue,YES,237.363722,2642.690863,34.7967760000001
382000,4253000,CB4MH,67.25722,1e+06,0.2,79.7,382000 4253000,20.5,Unsuitable,black,YES,237.363722,2642.690863,34.7967760000001
382000,4253000,CB4MH,57.4147,1e+06,0.2,80,382000 4253000,17.5,Unsuitable,black,YES,237.363722,2642.690863,34.7967760000001
382000,4253000,CB4MH,21.32546,1e+06,4.85,81.09,382000 4253000,6.5,Suitable,dodgerblue,YES,237.363722,2642.690863,34.7967760000001
382000,4253000,CB4MH,73.8189,1e+06,0.2,79.6,382000 4253000,22.5,Unsuitable,black,YES,237.363722,2642.690863,34.7967760000001
382000,4253000,CB4MH,47.57218,1e+06,0.42,80.5,382000 4253000,14.5,Unsuitable,black,YES,237.363722,2642.690863,34.7967760000001
382000,4253000,CB4MH,1.64042,1e+06,7.94,80.6,382000 4253000,0.5,Suitable,dodgerblue,YES,237.363722,2642.690863,34.7967760000001
382000,4253000,CB4MH,8.2021,1e+06,7.49,80.41,382000 4253000,2.5,Suitable,dodgerblue,YES,237.363722,2642.690863,34.7967760000001
382000,4253000,CB4MH,14.76378,1e+06,5.74,81.1,382000 4253000,4.5,Suitable,dodgerblue,YES,237.363722,2642.690863,34.7967760000001
382000,4253000,CB4MH,50.85302,1e+06,0.35,80.3,382000 4253000,15.5,Unsuitable,black,YES,237.363722,2642.690863,34.7967760000001
382000,4253000,CB4MH,86.94226,1e+06,0.2,79.5,382000 4253000,26.5,Unsuitable,black,YES,237.363722,2642.690863,34.7967760000001
382000,4253000,CB4MH,11.48294,1e+06,6.74,80.8,382000 4253000,3.5,Suitable,dodgerblue,YES,237.363722,2642.690863,34.7967760000001
382000,4254000,CB4MH,24.6063,1e+06,4.42,81.07,382000 4254000,7.5,Suitable,dodgerblue,YES,237.363722,2643.312234,35.4181469999999
382000,4254000,CB4MH,60.69554,1e+06,0.2,79.81,382000 4254000,18.5,Unsuitable,black,YES,237.363722,2643.312234,35.4181469999999
382000,4254000,CB4MH,21.32546,1e+06,4.83,81.08,382000 4254000,6.5,Suitable,dodgerblue,YES,237.363722,2643.312234,35.4181469999999
382000,4254000,CB4MH,4.92126,1e+06,7.67,80.33,382000 4254000,1.5,Suitable,dodgerblue,YES,237.363722,2643.312234,35.4181469999999
382000,4254000,CB4MH,57.4147,1e+06,0.2,80,382000 4254000,17.5,Unsuitable,black,YES,237.363722,2643.312234,35.4181469999999
382000,4254000,CB4MH,1.64042,1e+06,7.92,80.62,382000 4254000,0.5,Suitable,dodgerblue,YES,237.363722,2643.312234,35.4181469999999
382000,4254000,CB4MH,63.97638,1e+06,0.2,79.71,382000 4254000,19.5,Unsuitable,black,YES,237.363722,2643.312234,35.4181469999999
382000,4254000,CB4MH,8.2021,1e+06,7.46,80.42,382000 4254000,2.5,Suitable,dodgerblue,YES,237.363722,2643.312234,35.4181469999999
382000,4254000,CB4MH,18.04462,1e+06,5.18,81.09,382000 4254000,5.5,Suitable,dodgerblue,YES,237.363722,2643.312234,35.4181469999999
382000,4254000,CB4MH,83.66142,1e+06,0.21,79.51,382000 4254000,25.5,Unsuitable,black,YES,237.363722,2643.312234,35.4181469999999
382000,4254000,CB4MH,27.88714,1e+06,3.74,81.07,382000 4254000,8.5,Tolerable,yellow,YES,237.363722,2643.312234,35.4181469999999
382000,4254000,CB4MH,50.85302,1e+06,0.35,80.31,382000 4254000,15.5,Unsuitable,black,YES,237.363722,2643.312234,35.4181469999999
382000,4254000,CB4MH,90.2231,1e+06,0.21,79.5,382000 4254000,27.5,Unsuitable,black,YES,237.363722,2643.312234,35.4181469999999
382000,4254000,CB4MH,86.94226,1e+06,0.21,79.5,382000 4254000,26.5,Unsuitable,black,YES,237.363722,2643.312234,35.4181469999999
382000,4254000,CB4MH,77.09974,1e+06,0.21,79.51,382000 4254000,23.5,Unsuitable,black,YES,237.363722,2643.312234,35.4181469999999
382000,4254000,CB4MH,11.48294,1e+06,6.71,80.81,382000 4254000,3.5,Suitable,dodgerblue,YES,237.363722,2643.312234,35.4181469999999
382000,4254000,CB4MH,73.8189,1e+06,0.21,79.61,382000 4254000,22.5,Unsuitable,black,YES,237.363722,2643.312234,35.4181469999999
382000,4254000,CB4MH,41.0105,1e+06,0.55,80.71,382000 4254000,12.5,Unsuitable,black,YES,237.363722,2643.312234,35.4181469999999
382000,4254000,CB4MH,37.72966,1e+06,0.75,81,382000 4254000,11.5,Unsuitable,black,YES,237.363722,2643.312234,35.4181469999999
382000,4254000,CB4MH,93.50394,1e+06,0.7,79.6,382000 4254000,28.5,Unsuitable,black,YES,237.363722,2643.312234,35.4181469999999
382000,4254000,CB4MH,54.13386,1e+06,0.25,80.2,382000 4254000,16.5,Unsuitable,black,YES,237.363722,2643.312234,35.4181469999999
382000,4254000,CB4MH,80.38058,1e+06,0.21,79.51,382000 4254000,24.5,Unsuitable,black,YES,237.363722,2643.312234,35.4181469999999
382000,4254000,CB4MH,14.76378,1e+06,5.73,81.09,382000 4254000,4.5,Suitable,dodgerblue,YES,237.363722,2643.312234,35.4181469999999
382000,4254000,CB4MH,47.57218,1e+06,0.42,80.51,382000 4254000,14.5,Unsuitable,black,YES,237.363722,2643.312234,35.4181469999999
382000,4254000,CB4MH,31.16798,1e+06,2.2,81.18,382000 4254000,9.5,Marginal,orange,YES,237.363722,2643.312234,35.4181469999999
382000,4254000,CB4MH,67.25722,1e+06,0.2,79.71,382000 4254000,20.5,Unsuitable,black,YES,237.363722,2643.312234,35.4181469999999
382000,4254000,CB4MH,44.29134,1e+06,0.47,80.61,382000 4254000,13.5,Unsuitable,black,YES,237.363722,2643.312234,35.4181469999999
382000,4254000,CB4MH,34.44882,1e+06,1.09,81.29,382000 4254000,10.5,Unsuitable,black,YES,237.363722,2643.312234,35.4181469999999
382000,4254000,CB4MH,70.53806,1e+06,0.21,79.71,382000 4254000,21.5,Unsuitable,black,YES,237.363722,2643.312234,35.4181469999999
382000,4316000,CB4MH,50.85302,1e+06,0.1,80.2,382000 4316000,15.5,Unsuitable,black,YES,237.363722,2681.837236,73.9431489999997
382000,4316000,CB4MH,8.2021,1e+06,6.55,79.97,382000 4316000,2.5,Suitable,dodgerblue,YES,237.363722,2681.837236,73.9431489999997
382000,4316000,CB4MH,18.04462,1e+06,3.03,80.08,382000 4316000,5.5,Tolerable,yellow,YES,237.363722,2681.837236,73.9431489999997
382000,4316000,CB4MH,54.13386,1e+06,0.1,80.2,382000 4316000,16.5,Unsuitable,black,YES,237.363722,2681.837236,73.9431489999997
382000,4316000,CB4MH,37.72966,1e+06,0.1,80.1,382000 4316000,11.5,Unsuitable,black,YES,237.363722,2681.837236,73.9431489999997
382000,4316000,CB4MH,27.88714,1e+06,0.31,80.09,382000 4316000,8.5,Unsuitable,black,YES,237.363722,2681.837236,73.9431489999997
382000,4316000,CB4MH,1.64042,1e+06,7.93,79.91,382000 4316000,0.5,Suitable,dodgerblue,YES,237.363722,2681.837236,73.9431489999997
382000,4316000,CB4MH,4.92126,1e+06,7.39,79.89,382000 4316000,1.5,Suitable,dodgerblue,YES,237.363722,2681.837236,73.9431489999997
382000,4316000,CB4MH,44.29134,1e+06,0.1,80.1,382000 4316000,13.5,Unsuitable,black,YES,237.363722,2681.837236,73.9431489999997
382000,4316000,CB4MH,24.6063,1e+06,1.3,80.09,382000 4316000,7.5,Unsuitable,black,YES,237.363722,2681.837236,73.9431489999997
382000,4316000,CB4MH,14.76378,1e+06,3.95,80.08,382000 4316000,4.5,Tolerable,yellow,YES,237.363722,2681.837236,73.9431489999997
382000,4316000,CB4MH,70.53806,1e+06,0.1,80.2,382000 4316000,21.5,Unsuitable,black,YES,237.363722,2681.837236,73.9431489999997
382000,4316000,CB4MH,57.4147,1e+06,0.1,80.2,382000 4316000,17.5,Unsuitable,black,YES,237.363722,2681.837236,73.9431489999997
382000,4316000,CB4MH,21.32546,1e+06,2.85,80.08,382000 4316000,6.5,Marginal,orange,YES,237.363722,2681.837236,73.9431489999997
382000,4316000,CB4MH,67.25722,1e+06,0.1,80.2,382000 4316000,20.5,Unsuitable,black,YES,237.363722,2681.837236,73.9431489999997
382000,4316000,CB4MH,11.48294,1e+06,5.41,80.07,382000 4316000,3.5,Suitable,dodgerblue,YES,237.363722,2681.837236,73.9431489999997
382000,4316000,CB4MH,47.57218,1e+06,0.1,80.2,382000 4316000,14.5,Unsuitable,black,YES,237.363722,2681.837236,73.9431489999997
382000,4316000,CB4MH,34.44882,1e+06,0.11,80.1,382000 4316000,10.5,Unsuitable,black,YES,237.363722,2681.837236,73.9431489999997
382000,4316000,CB4MH,63.97638,1e+06,0.1,80.2,382000 4316000,19.5,Unsuitable,black,YES,237.363722,2681.837236,73.9431489999997
382000,4316000,CB4MH,31.16798,1e+06,0.11,80.09,382000 4316000,9.5,Unsuitable,black,YES,237.363722,2681.837236,73.9431489999997
382000,4316000,CB4MH,60.69554,1e+06,0.1,80.2,382000 4316000,18.5,Unsuitable,black,YES,237.363722,2681.837236,73.9431489999997
382000,4316000,CB4MH,41.0105,1e+06,0.1,80.1,382000 4316000,12.5,Unsuitable,black,YES,237.363722,2681.837236,73.9431489999997
382000,4317000,CB3MH,47.57218,1e+06,0.1,80.2,382000 4317000,14.5,Unsuitable,black,YES,237.363722,2682.458607,74.5645199999999
382000,4317000,CB3MH,18.04462,1e+06,2.91,80.1,382000 4317000,5.5,Marginal,orange,YES,237.363722,2682.458607,74.5645199999999
382000,4317000,CB3MH,44.29134,1e+06,0.1,80.1,382000 4317000,13.5,Unsuitable,black,YES,237.363722,2682.458607,74.5645199999999
382000,4317000,CB3MH,11.48294,1e+06,5.39,80.1,382000 4317000,3.5,Suitable,dodgerblue,YES,237.363722,2682.458607,74.5645199999999
382000,4317000,CB3MH,8.2021,1e+06,6.46,80,382000 4317000,2.5,Suitable,dodgerblue,YES,237.363722,2682.458607,74.5645199999999
382000,4317000,CB3MH,31.16798,1e+06,0.1,80.1,382000 4317000,9.5,Unsuitable,black,YES,237.363722,2682.458607,74.5645199999999
382000,4317000,CB3MH,63.97638,1e+06,0.1,80.2,382000 4317000,19.5,Unsuitable,black,YES,237.363722,2682.458607,74.5645199999999
382000,4317000,CB3MH,50.85302,1e+06,0.1,80.2,382000 4317000,15.5,Unsuitable,black,YES,237.363722,2682.458607,74.5645199999999
382000,4317000,CB3MH,1.64042,1e+06,7.72,79.9,382000 4317000,0.5,Suitable,dodgerblue,YES,237.363722,2682.458607,74.5645199999999
382000,4317000,CB3MH,60.69554,1e+06,0.1,80.2,382000 4317000,18.5,Unsuitable,black,YES,237.363722,2682.458607,74.5645199999999
382000,4317000,CB3MH,37.72966,1e+06,0.1,80.1,382000 4317000,11.5,Unsuitable,black,YES,237.363722,2682.458607,74.5645199999999
382000,4317000,CB3MH,54.13386,1e+06,0.1,80.2,382000 4317000,16.5,Unsuitable,black,YES,237.363722,2682.458607,74.5645199999999
382000,4317000,CB3MH,57.4147,1e+06,0.1,80.2,382000 4317000,17.5,Unsuitable,black,YES,237.363722,2682.458607,74.5645199999999
382000,4317000,CB3MH,41.0105,1e+06,0.1,80.1,382000 4317000,12.5,Unsuitable,black,YES,237.363722,2682.458607,74.5645199999999
382000,4317000,CB3MH,24.6063,1e+06,1.3,80.1,382000 4317000,7.5,Unsuitable,black,YES,237.363722,2682.458607,74.5645199999999
382000,4317000,CB3MH,67.25722,1e+06,0.1,80.2,382000 4317000,20.5,Unsuitable,black,YES,237.363722,2682.458607,74.5645199999999
382000,4317000,CB3MH,14.76378,1e+06,3.94,80.1,382000 4317000,4.5,Tolerable,yellow,YES,237.363722,2682.458607,74.5645199999999
382000,4317000,CB3MH,21.32546,1e+06,2.49,80.1,382000 4317000,6.5,Marginal,orange,YES,237.363722,2682.458607,74.5645199999999
382000,4317000,CB3MH,70.53806,1e+06,0.1,80.2,382000 4317000,21.5,Unsuitable,black,YES,237.363722,2682.458607,74.5645199999999
382000,4317000,CB3MH,34.44882,1e+06,0.1,80.1,382000 4317000,10.5,Unsuitable,black,YES,237.363722,2682.458607,74.5645199999999
382000,4317000,CB3MH,4.92126,1e+06,7.26,79.9,382000 4317000,1.5,Suitable,dodgerblue,YES,237.363722,2682.458607,74.5645199999999
382000,4317000,CB3MH,27.88714,1e+06,0.3,80.1,382000 4317000,8.5,Unsuitable,black,YES,237.363722,2682.458607,74.5645199999999
383000,4250000,CB4MH,86.94226,1e+06,0.24,79.51,383000 4250000,26.5,Unsuitable,black,YES,237.985093,2640.82675,32.9326630000001
383000,4250000,CB4MH,11.48294,1e+06,6.66,80.77,383000 4250000,3.5,Suitable,dodgerblue,YES,237.985093,2640.82675,32.9326630000001
383000,4250000,CB4MH,24.6063,1e+06,4.48,81.03,383000 4250000,7.5,Suitable,dodgerblue,YES,237.985093,2640.82675,32.9326630000001
383000,4250000,CB4MH,54.13386,1e+06,0.27,80.2,383000 4250000,16.5,Unsuitable,black,YES,237.985093,2640.82675,32.9326630000001
383000,4250000,CB4MH,57.4147,1e+06,0.23,80,383000 4250000,17.5,Unsuitable,black,YES,237.985093,2640.82675,32.9326630000001
383000,4250000,CB4MH,90.2231,1e+06,0.24,79.51,383000 4250000,27.5,Unsuitable,black,YES,237.985093,2640.82675,32.9326630000001
383000,4250000,CB4MH,50.85302,1e+06,0.36,80.32,383000 4250000,15.5,Unsuitable,black,YES,237.985093,2640.82675,32.9326630000001
383000,4250000,CB4MH,103.34646,1e+06,0.7,79.5,383000 4250000,31.5,Unsuitable,black,YES,237.985093,2640.82675,32.9326630000001
383000,4250000,CB4MH,41.0105,1e+06,0.57,80.74,383000 4250000,12.5,Unsuitable,black,YES,237.985093,2640.82675,32.9326630000001
383000,4250000,CB4MH,44.29134,1e+06,0.48,80.63,383000 4250000,13.5,Unsuitable,black,YES,237.985093,2640.82675,32.9326630000001
383000,4250000,CB4MH,18.04462,1e+06,5.22,81.04,383000 4250000,5.5,Suitable,dodgerblue,YES,237.985093,2640.82675,32.9326630000001
383000,4250000,CB4MH,83.66142,1e+06,0.23,79.52,383000 4250000,25.5,Unsuitable,black,YES,237.985093,2640.82675,32.9326630000001
383000,4250000,CB4MH,27.88714,1e+06,3.85,81.02,383000 4250000,8.5,Tolerable,yellow,YES,237.985093,2640.82675,32.9326630000001
383000,4250000,CB4MH,100.06562,1e+06,0.7,79.5,383000 4250000,30.5,Unsuitable,black,YES,237.985093,2640.82675,32.9326630000001
383000,4250000,CB4MH,37.72966,1e+06,0.76,81.02,383000 4250000,11.5,Unsuitable,black,YES,237.985093,2640.82675,32.9326630000001
383000,4250000,CB4MH,8.2021,1e+06,7.39,80.42,383000 4250000,2.5,Suitable,dodgerblue,YES,237.985093,2640.82675,32.9326630000001
383000,4250000,CB4MH,60.69554,1e+06,0.23,79.81,383000 4250000,18.5,Unsuitable,black,YES,237.985093,2640.82675,32.9326630000001
383000,4250000,CB4MH,34.44882,1e+06,1.09,81.29,383000 4250000,10.5,Unsuitable,black,YES,237.985093,2640.82675,32.9326630000001
383000,4250000,CB4MH,96.78478,1e+06,0.7,79.5,383000 4250000,29.5,Unsuitable,black,YES,237.985093,2640.82675,32.9326630000001
383000,4250000,CB4MH,47.57218,1e+06,0.43,80.53,383000 4250000,14.5,Unsuitable,black,YES,237.985093,2640.82675,32.9326630000001
383000,4250000,CB4MH,93.50394,1e+06,0.7,79.6,383000 4250000,28.5,Unsuitable,black,YES,237.985093,2640.82675,32.9326630000001
383000,4250000,CB4MH,77.09974,1e+06,0.23,79.52,383000 4250000,23.5,Unsuitable,black,YES,237.985093,2640.82675,32.9326630000001
383000,4250000,CB4MH,31.16798,1e+06,2.14,81.18,383000 4250000,9.5,Marginal,orange,YES,237.985093,2640.82675,32.9326630000001
383000,4250000,CB4MH,70.53806,1e+06,0.23,79.71,383000 4250000,21.5,Unsuitable,black,YES,237.985093,2640.82675,32.9326630000001
383000,4250000,CB4MH,1.64042,1e+06,7.85,80.59,383000 4250000,0.5,Suitable,dodgerblue,YES,237.985093,2640.82675,32.9326630000001
383000,4250000,CB4MH,4.92126,1e+06,7.6,80.33,383000 4250000,1.5,Suitable,dodgerblue,YES,237.985093,2640.82675,32.9326630000001
383000,4250000,CB4MH,21.32546,1e+06,4.88,81.04,383000 4250000,6.5,Suitable,dodgerblue,YES,237.985093,2640.82675,32.9326630000001
383000,4250000,CB4MH,73.8189,1e+06,0.23,79.61,383000 4250000,22.5,Unsuitable,black,YES,237.985093,2640.82675,32.9326630000001
383000,4250000,CB4MH,67.25722,1e+06,0.23,79.71,383000 4250000,20.5,Unsuitable,black,YES,237.985093,2640.82675,32.9326630000001
383000,4250000,CB4MH,80.38058,1e+06,0.23,79.52,383000 4250000,24.5,Unsuitable,black,YES,237.985093,2640.82675,32.9326630000001
383000,4250000,CB4MH,63.97638,1e+06,0.23,79.71,383000 4250000,19.5,Unsuitable,black,YES,237.985093,2640.82675,32.9326630000001
383000,4250000,CB4MH,14.76378,1e+06,5.72,81.04,383000 4250000,4.5,Suitable,dodgerblue,YES,237.985093,2640.82675,32.9326630000001
383000,4251000,CB4MH,77.09974,1e+06,0.21,79.51,383000 4251000,23.5,Unsuitable,black,YES,237.985093,2641.448121,33.5540339999998
383000,4251000,CB4MH,96.78478,1e+06,0.7,79.5,383000 4251000,29.5,Unsuitable,black,YES,237.985093,2641.448121,33.5540339999998
383000,4251000,CB4MH,21.32546,1e+06,4.85,81.08,383000 4251000,6.5,Suitable,dodgerblue,YES,237.985093,2641.448121,33.5540339999998
383000,4251000,CB4MH,8.2021,1e+06,7.46,80.41,383000 4251000,2.5,Suitable,dodgerblue,YES,237.985093,2641.448121,33.5540339999998
383000,4251000,CB4MH,80.38058,1e+06,0.21,79.51,383000 4251000,24.5,Unsuitable,black,YES,237.985093,2641.448121,33.5540339999998
383000,4251000,CB4MH,34.44882,1e+06,1.09,81.3,383000 4251000,10.5,Unsuitable,black,YES,237.985093,2641.448121,33.5540339999998
383000,4251000,CB4MH,44.29134,1e+06,0.48,80.61,383000 4251000,13.5,Unsuitable,black,YES,237.985093,2641.448121,33.5540339999998
383000,4251000,CB4MH,18.04462,1e+06,5.2,81.08,383000 4251000,5.5,Suitable,dodgerblue,YES,237.985093,2641.448121,33.5540339999998
383000,4251000,CB4MH,67.25722,1e+06,0.21,79.7,383000 4251000,20.5,Unsuitable,black,YES,237.985093,2641.448121,33.5540339999998
383000,4251000,CB4MH,11.48294,1e+06,6.71,80.79,383000 4251000,3.5,Suitable,dodgerblue,YES,237.985093,2641.448121,33.5540339999998
383000,4251000,CB4MH,37.72966,1e+06,0.75,81.01,383000 4251000,11.5,Unsuitable,black,YES,237.985093,2641.448121,33.5540339999998
383000,4251000,CB4MH,41.0105,1e+06,0.56,80.71,383000 4251000,12.5,Unsuitable,black,YES,237.985093,2641.448121,33.5540339999998
383000,4251000,CB4MH,100.06562,1e+06,0.7,79.5,383000 4251000,30.5,Unsuitable,black,YES,237.985093,2641.448121,33.5540339999998
383000,4251000,CB4MH,4.92126,1e+06,7.66,80.32,383000 4251000,1.5,Suitable,dodgerblue,YES,237.985093,2641.448121,33.5540339999998
383000,4251000,CB4MH,93.50394,1e+06,0.7,79.6,383000 4251000,28.5,Unsuitable,black,YES,237.985093,2641.448121,33.5540339999998
383000,4251000,CB4MH,70.53806,1e+06,0.21,79.7,383000 4251000,21.5,Unsuitable,black,YES,237.985093,2641.448121,33.5540339999998
383000,4251000,CB4MH,31.16798,1e+06,2.21,81.19,383000 4251000,9.5,Marginal,orange,YES,237.985093,2641.448121,33.5540339999998
383000,4251000,CB4MH,86.94226,1e+06,0.21,79.5,383000 4251000,26.5,Unsuitable,black,YES,237.985093,2641.448121,33.5540339999998
383000,4251000,CB4MH,83.66142,1e+06,0.21,79.51,383000 4251000,25.5,Unsuitable,black,YES,237.985093,2641.448121,33.5540339999998
383000,4251000,CB4MH,24.6063,1e+06,4.45,81.07,383000 4251000,7.5,Suitable,dodgerblue,YES,237.985093,2641.448121,33.5540339999998
383000,4251000,CB4MH,90.2231,1e+06,0.21,79.5,383000 4251000,27.5,Unsuitable,black,YES,237.985093,2641.448121,33.5540339999998
383000,4251000,CB4MH,54.13386,1e+06,0.26,80.2,383000 4251000,16.5,Unsuitable,black,YES,237.985093,2641.448121,33.5540339999998
383000,4251000,CB4MH,103.34646,1e+06,0.7,79.5,383000 4251000,31.5,Unsuitable,black,YES,237.985093,2641.448121,33.5540339999998
383000,4251000,CB4MH,14.76378,1e+06,5.73,81.08,383000 4251000,4.5,Suitable,dodgerblue,YES,237.985093,2641.448121,33.5540339999998
383000,4251000,CB4MH,106.6273,1e+06,0.7,79.4,383000 4251000,32.5,Unsuitable,black,YES,237.985093,2641.448121,33.5540339999998
383000,4251000,CB4MH,27.88714,1e+06,3.77,81.07,383000 4251000,8.5,Tolerable,yellow,YES,237.985093,2641.448121,33.5540339999998
383000,4251000,CB4MH,47.57218,1e+06,0.43,80.51,383000 4251000,14.5,Unsuitable,black,YES,237.985093,2641.448121,33.5540339999998
383000,4251000,CB4MH,73.8189,1e+06,0.21,79.61,383000 4251000,22.5,Unsuitable,black,YES,237.985093,2641.448121,33.5540339999998
383000,4251000,CB4MH,1.64042,1e+06,7.91,80.6,383000 4251000,0.5,Suitable,dodgerblue,YES,237.985093,2641.448121,33.5540339999998
383000,4251000,CB4MH,63.97638,1e+06,0.21,79.7,383000 4251000,19.5,Unsuitable,black,YES,237.985093,2641.448121,33.5540339999998
383000,4251000,CB4MH,60.69554,1e+06,0.21,79.8,383000 4251000,18.5,Unsuitable,black,YES,237.985093,2641.448121,33.5540339999998
383000,4251000,CB4MH,57.4147,1e+06,0.21,80,383000 4251000,17.5,Unsuitable,black,YES,237.985093,2641.448121,33.5540339999998
383000,4251000,CB4MH,50.85302,1e+06,0.35,80.31,383000 4251000,15.5,Unsuitable,black,YES,237.985093,2641.448121,33.5540339999998
383000,4252000,CB4MH,11.48294,1e+06,6.74,80.8,383000 4252000,3.5,Suitable,dodgerblue,YES,237.985093,2642.069492,34.175405
383000,4252000,CB4MH,44.29134,1e+06,0.48,80.6,383000 4252000,13.5,Unsuitable,black,YES,237.985093,2642.069492,34.175405
383000,4252000,CB4MH,90.2231,1e+06,0.2,79.5,383000 4252000,27.5,Unsuitable,black,YES,237.985093,2642.069492,34.175405
383000,4252000,CB4MH,93.50394,1e+06,0.7,79.6,383000 4252000,28.5,Unsuitable,black,YES,237.985093,2642.069492,34.175405
383000,4252000,CB4MH,14.76378,1e+06,5.75,81.1,383000 4252000,4.5,Suitable,dodgerblue,YES,237.985093,2642.069492,34.175405
383000,4252000,CB4MH,1.64042,1e+06,7.95,80.6,383000 4252000,0.5,Suitable,dodgerblue,YES,237.985093,2642.069492,34.175405
383000,4252000,CB4MH,4.92126,1e+06,7.7,80.3,383000 4252000,1.5,Suitable,dodgerblue,YES,237.985093,2642.069492,34.175405
383000,4252000,CB4MH,77.09974,1e+06,0.2,79.5,383000 4252000,23.5,Unsuitable,black,YES,237.985093,2642.069492,34.175405
383000,4252000,CB4MH,27.88714,1e+06,3.75,81.1,383000 4252000,8.5,Tolerable,yellow,YES,237.985093,2642.069492,34.175405
383000,4252000,CB4MH,47.57218,1e+06,0.43,80.5,383000 4252000,14.5,Unsuitable,black,YES,237.985093,2642.069492,34.175405
383000,4252000,CB4MH,41.0105,1e+06,0.55,80.7,383000 4252000,12.5,Unsuitable,black,YES,237.985093,2642.069492,34.175405
383000,4252000,CB4MH,86.94226,1e+06,0.2,79.5,383000 4252000,26.5,Unsuitable,black,YES,237.985093,2642.069492,34.175405
383000,4252000,CB4MH,8.2021,1e+06,7.49,80.4,383000 4252000,2.5,Suitable,dodgerblue,YES,237.985093,2642.069492,34.175405
383000,4252000,CB4MH,70.53806,1e+06,0.2,79.7,383000 4252000,21.5,Unsuitable,black,YES,237.985093,2642.069492,34.175405
383000,4252000,CB4MH,73.8189,1e+06,0.2,79.6,383000 4252000,22.5,Unsuitable,black,YES,237.985093,2642.069492,34.175405
383000,4252000,CB4MH,96.78478,1e+06,0.7,79.5,383000 4252000,29.5,Unsuitable,black,YES,237.985093,2642.069492,34.175405
383000,4252000,CB4MH,83.66142,1e+06,0.2,79.5,383000 4252000,25.5,Unsuitable,black,YES,237.985093,2642.069492,34.175405
383000,4252000,CB4MH,31.16798,1e+06,2.24,81.2,383000 4252000,9.5,Marginal,orange,YES,237.985093,2642.069492,34.175405
383000,4252000,CB4MH,24.6063,1e+06,4.45,81.1,383000 4252000,7.5,Suitable,dodgerblue,YES,237.985093,2642.069492,34.175405
383000,4252000,CB4MH,18.04462,1e+06,5.2,81.1,383000 4252000,5.5,Suitable,dodgerblue,YES,237.985093,2642.069492,34.175405
383000,4252000,CB4MH,80.38058,1e+06,0.2,79.5,383000 4252000,24.5,Unsuitable,black,YES,237.985093,2642.069492,34.175405
383000,4252000,CB4MH,60.69554,1e+06,0.2,79.8,383000 4252000,18.5,Unsuitable,black,YES,237.985093,2642.069492,34.175405
383000,4252000,CB4MH,54.13386,1e+06,0.25,80.2,383000 4252000,16.5,Unsuitable,black,YES,237.985093,2642.069492,34.175405
383000,4252000,CB4MH,50.85302,1e+06,0.35,80.3,383000 4252000,15.5,Unsuitable,black,YES,237.985093,2642.069492,34.175405
383000,4252000,CB4MH,37.72966,1e+06,0.75,81,383000 4252000,11.5,Unsuitable,black,YES,237.985093,2642.069492,34.175405
383000,4252000,CB4MH,21.32546,1e+06,4.85,81.1,383000 4252000,6.5,Suitable,dodgerblue,YES,237.985093,2642.069492,34.175405
383000,4252000,CB4MH,67.25722,1e+06,0.2,79.7,383000 4252000,20.5,Unsuitable,black,YES,237.985093,2642.069492,34.175405
383000,4252000,CB4MH,57.4147,1e+06,0.2,80,383000 4252000,17.5,Unsuitable,black,YES,237.985093,2642.069492,34.175405
383000,4252000,CB4MH,34.44882,1e+06,1.1,81.3,383000 4252000,10.5,Unsuitable,black,YES,237.985093,2642.069492,34.175405
383000,4252000,CB4MH,63.97638,1e+06,0.2,79.7,383000 4252000,19.5,Unsuitable,black,YES,237.985093,2642.069492,34.175405
383000,4318000,CB3MH,44.29134,1e+06,0.1,80.1,383000 4318000,13.5,Unsuitable,black,YES,237.985093,2683.079978,75.1858910000001
383000,4318000,CB3MH,11.48294,1e+06,3.84,80.01,383000 4318000,3.5,Tolerable,yellow,YES,237.985093,2683.079978,75.1858910000001
383000,4318000,CB3MH,31.16798,1e+06,0.1,80.09,383000 4318000,9.5,Unsuitable,black,YES,237.985093,2683.079978,75.1858910000001
383000,4318000,CB3MH,21.32546,1e+06,2.82,80.07,383000 4318000,6.5,Marginal,orange,YES,237.985093,2683.079978,75.1858910000001
383000,4318000,CB3MH,24.6063,1e+06,1.28,80.09,383000 4318000,7.5,Unsuitable,black,YES,237.985093,2683.079978,75.1858910000001
383000,4318000,CB3MH,63.97638,1e+06,0.1,80.2,383000 4318000,19.5,Unsuitable,black,YES,237.985093,2683.079978,75.1858910000001
383000,4318000,CB3MH,54.13386,1e+06,0.1,80.2,383000 4318000,16.5,Unsuitable,black,YES,237.985093,2683.079978,75.1858910000001
383000,4318000,CB3MH,60.69554,1e+06,0.1,80.2,383000 4318000,18.5,Unsuitable,black,YES,237.985093,2683.079978,75.1858910000001
383000,4318000,CB3MH,57.4147,1e+06,0.1,80.2,383000 4318000,17.5,Unsuitable,black,YES,237.985093,2683.079978,75.1858910000001
383000,4318000,CB3MH,14.76378,1e+06,2.1,80.1,383000 4318000,4.5,Marginal,orange,YES,237.985093,2683.079978,75.1858910000001
383000,4318000,CB3MH,47.57218,1e+06,0.1,80.2,383000 4318000,14.5,Unsuitable,black,YES,237.985093,2683.079978,75.1858910000001
383000,4318000,CB3MH,41.0105,1e+06,0.1,80.1,383000 4318000,12.5,Unsuitable,black,YES,237.985093,2683.079978,75.1858910000001
383000,4318000,CB3MH,18.04462,1e+06,1.6,80.1,383000 4318000,5.5,Unsuitable,black,YES,237.985093,2683.079978,75.1858910000001
383000,4318000,CB3MH,50.85302,1e+06,0.1,80.2,383000 4318000,15.5,Unsuitable,black,YES,237.985093,2683.079978,75.1858910000001
383000,4318000,CB3MH,1.64042,1e+06,7.28,79.98,383000 4318000,0.5,Suitable,dodgerblue,YES,237.985093,2683.079978,75.1858910000001
383000,4318000,CB3MH,34.44882,1e+06,0.1,80.1,383000 4318000,10.5,Unsuitable,black,YES,237.985093,2683.079978,75.1858910000001
383000,4318000,CB3MH,4.92126,1e+06,6.41,79.9,383000 4318000,1.5,Suitable,dodgerblue,YES,237.985093,2683.079978,75.1858910000001
383000,4318000,CB3MH,27.88714,1e+06,0.3,80.09,383000 4318000,8.5,Unsuitable,black,YES,237.985093,2683.079978,75.1858910000001
383000,4318000,CB3MH,37.72966,1e+06,0.1,80.1,383000 4318000,11.5,Unsuitable,black,YES,237.985093,2683.079978,75.1858910000001
383000,4318000,CB3MH,8.2021,1e+06,5.44,79.91,383000 4318000,2.5,Suitable,dodgerblue,YES,237.985093,2683.079978,75.1858910000001
383000,4319000,CB3MH,37.72966,1e+06,0.1,80.1,383000 4319000,11.5,Unsuitable,black,YES,237.985093,2683.701349,75.8072619999998
383000,4319000,CB3MH,31.16798,1e+06,0.1,80.07,383000 4319000,9.5,Unsuitable,black,YES,237.985093,2683.701349,75.8072619999998
383000,4319000,CB3MH,47.57218,1e+06,0.1,80.2,383000 4319000,14.5,Unsuitable,black,YES,237.985093,2683.701349,75.8072619999998
383000,4319000,CB3MH,14.76378,1e+06,2.83,80.09,383000 4319000,4.5,Marginal,orange,YES,237.985093,2683.701349,75.8072619999998
383000,4319000,CB3MH,44.29134,1e+06,0.1,80.1,383000 4319000,13.5,Unsuitable,black,YES,237.985093,2683.701349,75.8072619999998
383000,4319000,CB3MH,1.64042,1e+06,7.63,79.96,383000 4319000,0.5,Suitable,dodgerblue,YES,237.985093,2683.701349,75.8072619999998
383000,4319000,CB3MH,11.48294,1e+06,4.46,80.02,383000 4319000,3.5,Suitable,dodgerblue,YES,237.985093,2683.701349,75.8072619999998
383000,4319000,CB3MH,21.32546,1e+06,3.29,80.04,383000 4319000,6.5,Tolerable,yellow,YES,237.985093,2683.701349,75.8072619999998
383000,4319000,CB3MH,41.0105,1e+06,0.1,80.1,383000 4319000,12.5,Unsuitable,black,YES,237.985093,2683.701349,75.8072619999998
383000,4319000,CB3MH,34.44882,1e+06,0.1,80.1,383000 4319000,10.5,Unsuitable,black,YES,237.985093,2683.701349,75.8072619999998
383000,4319000,CB3MH,8.2021,1e+06,5.93,79.92,383000 4319000,2.5,Suitable,dodgerblue,YES,237.985093,2683.701349,75.8072619999998
383000,4319000,CB3MH,24.6063,1e+06,1.25,80.07,383000 4319000,7.5,Unsuitable,black,YES,237.985093,2683.701349,75.8072619999998
383000,4319000,CB3MH,27.88714,1e+06,0.29,80.07,383000 4319000,8.5,Unsuitable,black,YES,237.985093,2683.701349,75.8072619999998
383000,4319000,CB3MH,18.04462,1e+06,2.21,80.08,383000 4319000,5.5,Marginal,orange,YES,237.985093,2683.701349,75.8072619999998
383000,4319000,CB3MH,4.92126,1e+06,6.86,79.89,383000 4319000,1.5,Suitable,dodgerblue,YES,237.985093,2683.701349,75.8072619999998
383000,4321000,CB3MH,18.04462,1e+06,3.16,80.05,383000 4321000,5.5,Tolerable,yellow,YES,237.985093,2684.944091,77.0500039999997
383000,4321000,CB3MH,24.6063,1e+06,1.13,80.01,383000 4321000,7.5,Unsuitable,black,YES,237.985093,2684.944091,77.0500039999997
383000,4321000,CB3MH,21.32546,1e+06,3.72,79.98,383000 4321000,6.5,Tolerable,yellow,YES,237.985093,2684.944091,77.0500039999997
383000,4321000,CB3MH,14.76378,1e+06,3.82,80.05,383000 4321000,4.5,Tolerable,yellow,YES,237.985093,2684.944091,77.0500039999997
383000,4321000,CB3MH,11.48294,1e+06,5.28,80.01,383000 4321000,3.5,Suitable,dodgerblue,YES,237.985093,2684.944091,77.0500039999997
383000,4321000,CB3MH,27.88714,1e+06,0.28,79.99,383000 4321000,8.5,Unsuitable,black,YES,237.985093,2684.944091,77.0500039999997
383000,4321000,CB3MH,41.0105,1e+06,0.1,80.1,383000 4321000,12.5,Unsuitable,black,YES,237.985093,2684.944091,77.0500039999997
383000,4321000,CB3MH,47.57218,1e+06,0.1,80.19,383000 4321000,14.5,Unsuitable,black,YES,237.985093,2684.944091,77.0500039999997
383000,4321000,CB3MH,1.64042,1e+06,8.23,79.95,383000 4321000,0.5,Suitable,dodgerblue,YES,237.985093,2684.944091,77.0500039999997
383000,4321000,CB3MH,8.2021,1e+06,6.63,79.93,383000 4321000,2.5,Suitable,dodgerblue,YES,237.985093,2684.944091,77.0500039999997
383000,4321000,CB3MH,44.29134,1e+06,0.1,80.1,383000 4321000,13.5,Unsuitable,black,YES,237.985093,2684.944091,77.0500039999997
383000,4321000,CB3MH,31.16798,1e+06,0.11,79.98,383000 4321000,9.5,Unsuitable,black,YES,237.985093,2684.944091,77.0500039999997
383000,4321000,CB3MH,34.44882,1e+06,0.1,80.1,383000 4321000,10.5,Unsuitable,black,YES,237.985093,2684.944091,77.0500039999997
383000,4321000,CB3MH,4.92126,1e+06,7.58,79.9,383000 4321000,1.5,Suitable,dodgerblue,YES,237.985093,2684.944091,77.0500039999997
383000,4321000,CB3MH,37.72966,1e+06,0.1,80.1,383000 4321000,11.5,Unsuitable,black,YES,237.985093,2684.944091,77.0500039999997
383000,4321000,CB3MH,50.85302,1e+06,0.1,80.21,383000 4321000,15.5,Unsuitable,black,YES,237.985093,2684.944091,77.0500039999997
384000,4248000,CB5MH_MD,77.09974,1e+06,0.36,79.58,384000 4248000,23.5,Unsuitable,black,YES,238.606464,2639.584008,31.6899210000001
384000,4248000,CB5MH_MD,106.6273,1e+06,0.7,79.4,384000 4248000,32.5,Unsuitable,black,YES,238.606464,2639.584008,31.6899210000001
384000,4248000,CB5MH_MD,41.0105,1e+06,1.11,80.94,384000 4248000,12.5,Unsuitable,black,YES,238.606464,2639.584008,31.6899210000001
384000,4248000,CB5MH_MD,109.90814,1e+06,0.7,79.3,384000 4248000,33.5,Unsuitable,black,YES,238.606464,2639.584008,31.6899210000001
384000,4248000,CB5MH_MD,44.29134,1e+06,0.93,80.81,384000 4248000,13.5,Unsuitable,black,YES,238.606464,2639.584008,31.6899210000001
384000,4248000,CB5MH_MD,86.94226,1e+06,0.36,79.57,384000 4248000,26.5,Unsuitable,black,YES,238.606464,2639.584008,31.6899210000001
384000,4248000,CB5MH_MD,27.88714,1e+06,4.29,80.96,384000 4248000,8.5,Suitable,dodgerblue,YES,238.606464,2639.584008,31.6899210000001
384000,4248000,CB5MH_MD,80.38058,1e+06,0.36,79.58,384000 4248000,24.5,Unsuitable,black,YES,238.606464,2639.584008,31.6899210000001
384000,4248000,CB5MH_MD,24.6063,1e+06,4.73,80.96,384000 4248000,7.5,Suitable,dodgerblue,YES,238.606464,2639.584008,31.6899210000001
384000,4248000,CB5MH_MD,70.53806,1e+06,0.33,79.71,384000 4248000,21.5,Unsuitable,black,YES,238.606464,2639.584008,31.6899210000001
384000,4248000,CB5MH_MD,83.66142,1e+06,0.36,79.58,384000 4248000,25.5,Unsuitable,black,YES,238.606464,2639.584008,31.6899210000001
384000,4248000,CB5MH_MD,67.25722,1e+06,0.32,79.71,384000 4248000,20.5,Unsuitable,black,YES,238.606464,2639.584008,31.6899210000001
384000,4248000,CB5MH_MD,37.72966,1e+06,1.31,81.13,384000 4248000,11.5,Unsuitable,black,YES,238.606464,2639.584008,31.6899210000001
384000,4248000,CB5MH_MD,63.97638,1e+06,0.32,79.71,384000 4248000,19.5,Unsuitable,black,YES,238.606464,2639.584008,31.6899210000001
384000,4248000,CB5MH_MD,96.78478,1e+06,0.7,79.5,384000 4248000,29.5,Unsuitable,black,YES,238.606464,2639.584008,31.6899210000001
384000,4248000,CB5MH_MD,50.85302,1e+06,0.66,80.44,384000 4248000,15.5,Unsuitable,black,YES,238.606464,2639.584008,31.6899210000001
384000,4248000,CB5MH_MD,11.48294,1e+06,6.48,80.68,384000 4248000,3.5,Suitable,dodgerblue,YES,238.606464,2639.584008,31.6899210000001
384000,4248000,CB5MH_MD,34.44882,1e+06,1.58,81.28,384000 4248000,10.5,Unsuitable,black,YES,238.606464,2639.584008,31.6899210000001
384000,4248000,CB5MH_MD,73.8189,1e+06,0.35,79.65,384000 4248000,22.5,Unsuitable,black,YES,238.606464,2639.584008,31.6899210000001
384000,4248000,CB5MH_MD,90.2231,1e+06,0.36,79.57,384000 4248000,27.5,Unsuitable,black,YES,238.606464,2639.584008,31.6899210000001
384000,4248000,CB5MH_MD,93.50394,1e+06,0.7,79.6,384000 4248000,28.5,Unsuitable,black,YES,238.606464,2639.584008,31.6899210000001
384000,4248000,CB5MH_MD,1.64042,1e+06,7.53,80.48,384000 4248000,0.5,Suitable,dodgerblue,YES,238.606464,2639.584008,31.6899210000001
384000,4248000,CB5MH_MD,21.32546,1e+06,5.07,80.96,384000 4248000,6.5,Suitable,dodgerblue,YES,238.606464,2639.584008,31.6899210000001
384000,4248000,CB5MH_MD,100.06562,1e+06,0.7,79.5,384000 4248000,30.5,Unsuitable,black,YES,238.606464,2639.584008,31.6899210000001
384000,4248000,CB5MH_MD,4.92126,1e+06,7.3,80.35,384000 4248000,1.5,Suitable,dodgerblue,YES,238.606464,2639.584008,31.6899210000001
384000,4248000,CB5MH_MD,31.16798,1e+06,2.35,81.19,384000 4248000,9.5,Marginal,orange,YES,238.606464,2639.584008,31.6899210000001
384000,4248000,CB5MH_MD,18.04462,1e+06,5.35,80.93,384000 4248000,5.5,Suitable,dodgerblue,YES,238.606464,2639.584008,31.6899210000001
384000,4248000,CB5MH_MD,103.34646,1e+06,0.7,79.5,384000 4248000,31.5,Unsuitable,black,YES,238.606464,2639.584008,31.6899210000001
384000,4248000,CB5MH_MD,14.76378,1e+06,5.69,80.91,384000 4248000,4.5,Suitable,dodgerblue,YES,238.606464,2639.584008,31.6899210000001
384000,4248000,CB5MH_MD,60.69554,1e+06,0.32,79.79,384000 4248000,18.5,Unsuitable,black,YES,238.606464,2639.584008,31.6899210000001
384000,4248000,CB5MH_MD,57.4147,1e+06,0.32,79.96,384000 4248000,17.5,Unsuitable,black,YES,238.606464,2639.584008,31.6899210000001
384000,4248000,CB5MH_MD,8.2021,1e+06,7.12,80.45,384000 4248000,2.5,Suitable,dodgerblue,YES,238.606464,2639.584008,31.6899210000001
384000,4248000,CB5MH_MD,47.57218,1e+06,0.8,80.69,384000 4248000,14.5,Unsuitable,black,YES,238.606464,2639.584008,31.6899210000001
384000,4248000,CB5MH_MD,54.13386,1e+06,0.35,80.18,384000 4248000,16.5,Unsuitable,black,YES,238.606464,2639.584008,31.6899210000001
384000,4249000,CB5MH_MD,54.13386,1e+06,0.31,80.19,384000 4249000,16.5,Unsuitable,black,YES,238.606464,2640.205379,32.3112919999999
384000,4249000,CB5MH_MD,47.57218,1e+06,0.68,80.63,384000 4249000,14.5,Unsuitable,black,YES,238.606464,2640.205379,32.3112919999999
384000,4249000,CB5MH_MD,1.64042,1e+06,7.66,80.52,384000 4249000,0.5,Suitable,dodgerblue,YES,238.606464,2640.205379,32.3112919999999
384000,4249000,CB5MH_MD,44.29134,1e+06,0.79,80.74,384000 4249000,13.5,Unsuitable,black,YES,238.606464,2640.205379,32.3112919999999
384000,4249000,CB5MH_MD,41.0105,1e+06,0.93,80.86,384000 4249000,12.5,Unsuitable,black,YES,238.606464,2640.205379,32.3112919999999
384000,4249000,CB5MH_MD,8.2021,1e+06,7.24,80.44,384000 4249000,2.5,Suitable,dodgerblue,YES,238.606464,2640.205379,32.3112919999999
384000,4249000,CB5MH_MD,103.34646,1e+06,0.7,79.5,384000 4249000,31.5,Unsuitable,black,YES,238.606464,2640.205379,32.3112919999999
384000,4249000,CB5MH_MD,100.06562,1e+06,0.7,79.5,384000 4249000,30.5,Unsuitable,black,YES,238.606464,2640.205379,32.3112919999999
384000,4249000,CB5MH_MD,57.4147,1e+06,0.27,79.98,384000 4249000,17.5,Unsuitable,black,YES,238.606464,2640.205379,32.3112919999999
384000,4249000,CB5MH_MD,106.6273,1e+06,0.7,79.4,384000 4249000,32.5,Unsuitable,black,YES,238.606464,2640.205379,32.3112919999999
384000,4249000,CB5MH_MD,21.32546,1e+06,5.02,81,384000 4249000,6.5,Suitable,dodgerblue,YES,238.606464,2640.205379,32.3112919999999
384000,4249000,CB5MH_MD,73.8189,1e+06,0.29,79.63,384000 4249000,22.5,Unsuitable,black,YES,238.606464,2640.205379,32.3112919999999
384000,4249000,CB5MH_MD,83.66142,1e+06,0.29,79.55,384000 4249000,25.5,Unsuitable,black,YES,238.606464,2640.205379,32.3112919999999
384000,4249000,CB5MH_MD,50.85302,1e+06,0.56,80.4,384000 4249000,15.5,Unsuitable,black,YES,238.606464,2640.205379,32.3112919999999
384000,4249000,CB5MH_MD,31.16798,1e+06,2.33,81.18,384000 4249000,9.5,Marginal,orange,YES,238.606464,2640.205379,32.3112919999999
384000,4249000,CB5MH_MD,34.44882,1e+06,1.44,81.28,384000 4249000,10.5,Unsuitable,black,YES,238.606464,2640.205379,32.3112919999999
384000,4249000,CB5MH_MD,60.69554,1e+06,0.27,79.8,384000 4249000,18.5,Unsuitable,black,YES,238.606464,2640.205379,32.3112919999999
384000,4249000,CB5MH_MD,63.97638,1e+06,0.27,79.71,384000 4249000,19.5,Unsuitable,black,YES,238.606464,2640.205379,32.3112919999999
384000,4249000,CB5MH_MD,80.38058,1e+06,0.29,79.55,384000 4249000,24.5,Unsuitable,black,YES,238.606464,2640.205379,32.3112919999999
384000,4249000,CB5MH_MD,90.2231,1e+06,0.3,79.54,384000 4249000,27.5,Unsuitable,black,YES,238.606464,2640.205379,32.3112919999999
384000,4249000,CB5MH_MD,96.78478,1e+06,0.7,79.5,384000 4249000,29.5,Unsuitable,black,YES,238.606464,2640.205379,32.3112919999999
384000,4249000,CB5MH_MD,37.72966,1e+06,1.14,81.09,384000 4249000,11.5,Unsuitable,black,YES,238.606464,2640.205379,32.3112919999999
384000,4249000,CB5MH_MD,14.76378,1e+06,5.72,80.97,384000 4249000,4.5,Suitable,dodgerblue,YES,238.606464,2640.205379,32.3112919999999
384000,4249000,CB5MH_MD,27.88714,1e+06,4.14,81,384000 4249000,8.5,Suitable,dodgerblue,YES,238.606464,2640.205379,32.3112919999999
384000,4249000,CB5MH_MD,67.25722,1e+06,0.27,79.71,384000 4249000,20.5,Unsuitable,black,YES,238.606464,2640.205379,32.3112919999999
384000,4249000,CB5MH_MD,11.48294,1e+06,6.57,80.72,384000 4249000,3.5,Suitable,dodgerblue,YES,238.606464,2640.205379,32.3112919999999
384000,4249000,CB5MH_MD,77.09974,1e+06,0.29,79.55,384000 4249000,23.5,Unsuitable,black,YES,238.606464,2640.205379,32.3112919999999
384000,4249000,CB5MH_MD,4.92126,1e+06,7.42,80.34,384000 4249000,1.5,Suitable,dodgerblue,YES,238.606464,2640.205379,32.3112919999999
384000,4249000,CB5MH_MD,24.6063,1e+06,4.66,81,384000 4249000,7.5,Suitable,dodgerblue,YES,238.606464,2640.205379,32.3112919999999
384000,4249000,CB5MH_MD,70.53806,1e+06,0.28,79.71,384000 4249000,21.5,Unsuitable,black,YES,238.606464,2640.205379,32.3112919999999
384000,4249000,CB5MH_MD,18.04462,1e+06,5.32,80.98,384000 4249000,5.5,Suitable,dodgerblue,YES,238.606464,2640.205379,32.3112919999999
384000,4249000,CB5MH_MD,86.94226,1e+06,0.3,79.54,384000 4249000,26.5,Unsuitable,black,YES,238.606464,2640.205379,32.3112919999999
384000,4249000,CB5MH_MD,93.50394,1e+06,0.7,79.6,384000 4249000,28.5,Unsuitable,black,YES,238.606464,2640.205379,32.3112919999999
384000,4321000,CB3MH,50.85302,1e+06,0.1,80.21,384000 4321000,15.5,Unsuitable,black,YES,238.606464,2684.944091,77.0500039999997
384000,4321000,CB3MH,8.2021,1e+06,6.5,79.95,384000 4321000,2.5,Suitable,dodgerblue,YES,238.606464,2684.944091,77.0500039999997
384000,4321000,CB3MH,24.6063,1e+06,1.09,79.98,384000 4321000,7.5,Unsuitable,black,YES,238.606464,2684.944091,77.0500039999997
384000,4321000,CB3MH,11.48294,1e+06,5.18,80.04,384000 4321000,3.5,Suitable,dodgerblue,YES,238.606464,2684.944091,77.0500039999997
384000,4321000,CB3MH,44.29134,1e+06,0.1,80.11,384000 4321000,13.5,Unsuitable,black,YES,238.606464,2684.944091,77.0500039999997
384000,4321000,CB3MH,21.32546,1e+06,3.51,79.98,384000 4321000,6.5,Tolerable,yellow,YES,238.606464,2684.944091,77.0500039999997
384000,4321000,CB3MH,18.04462,1e+06,2.91,80.06,384000 4321000,5.5,Marginal,orange,YES,238.606464,2684.944091,77.0500039999997
384000,4321000,CB3MH,14.76378,1e+06,3.66,80.08,384000 4321000,4.5,Tolerable,yellow,YES,238.606464,2684.944091,77.0500039999997
384000,4321000,CB3MH,1.64042,1e+06,8.07,79.96,384000 4321000,0.5,Suitable,dodgerblue,YES,238.606464,2684.944091,77.0500039999997
384000,4321000,CB3MH,41.0105,1e+06,0.1,80.11,384000 4321000,12.5,Unsuitable,black,YES,238.606464,2684.944091,77.0500039999997
384000,4321000,CB3MH,37.72966,1e+06,0.1,80.11,384000 4321000,11.5,Unsuitable,black,YES,238.606464,2684.944091,77.0500039999997
384000,4321000,CB3MH,47.57218,1e+06,0.1,80.21,384000 4321000,14.5,Unsuitable,black,YES,238.606464,2684.944091,77.0500039999997
384000,4321000,CB3MH,31.16798,1e+06,0.12,79.96,384000 4321000,9.5,Unsuitable,black,YES,238.606464,2684.944091,77.0500039999997
384000,4321000,CB3MH,34.44882,1e+06,0.1,80.11,384000 4321000,10.5,Unsuitable,black,YES,238.606464,2684.944091,77.0500039999997
384000,4321000,CB3MH,4.92126,1e+06,7.39,79.9,384000 4321000,1.5,Suitable,dodgerblue,YES,238.606464,2684.944091,77.0500039999997
384000,4321000,CB3MH,27.88714,1e+06,0.27,79.96,384000 4321000,8.5,Unsuitable,black,YES,238.606464,2684.944091,77.0500039999997
384000,4322000,CB3MH,34.44882,1e+06,0.1,80.06,384000 4322000,10.5,Unsuitable,black,YES,238.606464,2685.565462,77.6713749999999
384000,4322000,CB3MH,21.32546,1e+06,3.51,79.97,384000 4322000,6.5,Tolerable,yellow,YES,238.606464,2685.565462,77.6713749999999
384000,4322000,CB3MH,14.76378,1e+06,3.96,80.08,384000 4322000,4.5,Tolerable,yellow,YES,238.606464,2685.565462,77.6713749999999
384000,4322000,CB3MH,50.85302,1e+06,0.1,80.21,384000 4322000,15.5,Unsuitable,black,YES,238.606464,2685.565462,77.6713749999999
384000,4322000,CB3MH,27.88714,1e+06,0.26,79.91,384000 4322000,8.5,Unsuitable,black,YES,238.606464,2685.565462,77.6713749999999
384000,4322000,CB3MH,18.04462,1e+06,3.17,80.06,384000 4322000,5.5,Tolerable,yellow,YES,238.606464,2685.565462,77.6713749999999
384000,4322000,CB3MH,11.48294,1e+06,5.44,80.05,384000 4322000,3.5,Suitable,dodgerblue,YES,238.606464,2685.565462,77.6713749999999
384000,4322000,CB3MH,4.92126,1e+06,7.58,79.91,384000 4322000,1.5,Suitable,dodgerblue,YES,238.606464,2685.565462,77.6713749999999
384000,4322000,CB3MH,41.0105,1e+06,0.1,80.1,384000 4322000,12.5,Unsuitable,black,YES,238.606464,2685.565462,77.6713749999999
384000,4322000,CB3MH,24.6063,1e+06,1.02,79.94,384000 4322000,7.5,Unsuitable,black,YES,238.606464,2685.565462,77.6713749999999
384000,4322000,CB3MH,31.16798,1e+06,0.12,79.9,384000 4322000,9.5,Unsuitable,black,YES,238.606464,2685.565462,77.6713749999999
384000,4322000,CB3MH,1.64042,1e+06,8.22,79.97,384000 4322000,0.5,Suitable,dodgerblue,YES,238.606464,2685.565462,77.6713749999999
384000,4322000,CB3MH,47.57218,1e+06,0.1,80.19,384000 4322000,14.5,Unsuitable,black,YES,238.606464,2685.565462,77.6713749999999
384000,4322000,CB3MH,37.72966,1e+06,0.11,80.06,384000 4322000,11.5,Unsuitable,black,YES,238.606464,2685.565462,77.6713749999999
384000,4322000,CB3MH,44.29134,1e+06,0.1,80.1,384000 4322000,13.5,Unsuitable,black,YES,238.606464,2685.565462,77.6713749999999
384000,4322000,CB3MH,8.2021,1e+06,6.71,79.96,384000 4322000,2.5,Suitable,dodgerblue,YES,238.606464,2685.565462,77.6713749999999
384000,4323000,CB3MH,24.6063,1e+06,0.94,79.88,384000 4323000,7.5,Unsuitable,black,YES,238.606464,2686.186833,78.2927460000001
384000,4323000,CB3MH,1.64042,1e+06,8.32,80.01,384000 4323000,0.5,Suitable,dodgerblue,YES,238.606464,2686.186833,78.2927460000001
384000,4323000,CB3MH,37.72966,1e+06,0.11,80.03,384000 4323000,11.5,Unsuitable,black,YES,238.606464,2686.186833,78.2927460000001
384000,4323000,CB3MH,8.2021,1e+06,6.7,79.96,384000 4323000,2.5,Suitable,dodgerblue,YES,238.606464,2686.186833,78.2927460000001
384000,4323000,CB3MH,21.32546,1e+06,3.43,79.95,384000 4323000,6.5,Tolerable,yellow,YES,238.606464,2686.186833,78.2927460000001
384000,4323000,CB3MH,18.04462,1e+06,3.33,80.06,384000 4323000,5.5,Tolerable,yellow,YES,238.606464,2686.186833,78.2927460000001
384000,4323000,CB3MH,34.44882,1e+06,0.11,80.04,384000 4323000,10.5,Unsuitable,black,YES,238.606464,2686.186833,78.2927460000001
384000,4323000,CB3MH,27.88714,1e+06,0.26,79.84,384000 4323000,8.5,Unsuitable,black,YES,238.606464,2686.186833,78.2927460000001
384000,4323000,CB3MH,31.16798,1e+06,0.13,79.83,384000 4323000,9.5,Unsuitable,black,YES,238.606464,2686.186833,78.2927460000001
384000,4323000,CB3MH,14.76378,1e+06,3.91,80.03,384000 4323000,4.5,Tolerable,yellow,YES,238.606464,2686.186833,78.2927460000001
384000,4323000,CB3MH,4.92126,1e+06,7.7,79.95,384000 4323000,1.5,Suitable,dodgerblue,YES,238.606464,2686.186833,78.2927460000001
384000,4323000,CB3MH,11.48294,1e+06,5.32,80.01,384000 4323000,3.5,Suitable,dodgerblue,YES,238.606464,2686.186833,78.2927460000001
384000,4323000,CB3MH,41.0105,1e+06,0.11,80.08,384000 4323000,12.5,Unsuitable,black,YES,238.606464,2686.186833,78.2927460000001
385000,4246000,CB5MH_MD,106.6273,1e+06,0.7,79.4,385000 4246000,32.5,Unsuitable,black,YES,239.227835,2638.341266,30.4471789999998
385000,4246000,CB5MH_MD,60.69554,1e+06,0.46,79.75,385000 4246000,18.5,Unsuitable,black,YES,239.227835,2638.341266,30.4471789999998
385000,4246000,CB5MH_MD,34.44882,1e+06,1.57,81.28,385000 4246000,10.5,Unsuitable,black,YES,239.227835,2638.341266,30.4471789999998
385000,4246000,CB5MH_MD,37.72966,1e+06,1.38,81.23,385000 4246000,11.5,Unsuitable,black,YES,239.227835,2638.341266,30.4471789999998
385000,4246000,CB5MH_MD,50.85302,1e+06,0.76,80.48,385000 4246000,15.5,Unsuitable,black,YES,239.227835,2638.341266,30.4471789999998
385000,4246000,CB5MH_MD,113.18898,1e+06,0.7,79.3,385000 4246000,34.5,Unsuitable,black,YES,239.227835,2638.341266,30.4471789999998
385000,4246000,CB5MH_MD,103.34646,1e+06,0.7,79.5,385000 4246000,31.5,Unsuitable,black,YES,239.227835,2638.341266,30.4471789999998
385000,4246000,CB5MH_MD,27.88714,1e+06,3.89,81.03,385000 4246000,8.5,Tolerable,yellow,YES,239.227835,2638.341266,30.4471789999998
385000,4246000,CB5MH_MD,116.46982,1e+06,0.7,79.3,385000 4246000,35.5,Unsuitable,black,YES,239.227835,2638.341266,30.4471789999998
385000,4246000,CB5MH_MD,1.64042,1e+06,7.36,80.49,385000 4246000,0.5,Suitable,dodgerblue,YES,239.227835,2638.341266,30.4471789999998
385000,4246000,CB5MH_MD,57.4147,1e+06,0.46,79.88,385000 4246000,17.5,Unsuitable,black,YES,239.227835,2638.341266,30.4471789999998
385000,4246000,CB5MH_MD,119.75066,1e+06,0.7,79.3,385000 4246000,36.5,Unsuitable,black,YES,239.227835,2638.341266,30.4471789999998
385000,4246000,CB5MH_MD,44.29134,1e+06,1.02,80.94,385000 4246000,13.5,Unsuitable,black,YES,239.227835,2638.341266,30.4471789999998
385000,4246000,CB5MH_MD,41.0105,1e+06,1.23,81.1,385000 4246000,12.5,Unsuitable,black,YES,239.227835,2638.341266,30.4471789999998
385000,4246000,CB5MH_MD,47.57218,1e+06,0.89,80.78,385000 4246000,14.5,Unsuitable,black,YES,239.227835,2638.341266,30.4471789999998
385000,4246000,CB5MH_MD,96.78478,1e+06,0.7,79.5,385000 4246000,29.5,Unsuitable,black,YES,239.227835,2638.341266,30.4471789999998
385000,4246000,CB5MH_MD,24.6063,1e+06,4.26,81.03,385000 4246000,7.5,Suitable,dodgerblue,YES,239.227835,2638.341266,30.4471789999998
385000,4246000,CB5MH_MD,109.90814,1e+06,0.7,79.3,385000 4246000,33.5,Unsuitable,black,YES,239.227835,2638.341266,30.4471789999998
385000,4246000,CB5MH_MD,14.76378,1e+06,5.24,80.96,385000 4246000,4.5,Suitable,dodgerblue,YES,239.227835,2638.341266,30.4471789999998
385000,4246000,CB5MH_MD,31.16798,1e+06,2.1,81.26,385000 4246000,9.5,Marginal,orange,YES,239.227835,2638.341266,30.4471789999998
385000,4246000,CB5MH_MD,54.13386,1e+06,0.48,80.14,385000 4246000,16.5,Unsuitable,black,YES,239.227835,2638.341266,30.4471789999998
385000,4246000,CB5MH_MD,73.8189,1e+06,0.52,79.68,385000 4246000,22.5,Unsuitable,black,YES,239.227835,2638.341266,30.4471789999998
385000,4246000,CB5MH_MD,90.2231,1e+06,0.55,79.64,385000 4246000,27.5,Unsuitable,black,YES,239.227835,2638.341266,30.4471789999998
385000,4246000,CB5MH_MD,83.66142,1e+06,0.54,79.65,385000 4246000,25.5,Unsuitable,black,YES,239.227835,2638.341266,30.4471789999998
385000,4246000,CB5MH_MD,21.32546,1e+06,4.67,81.03,385000 4246000,6.5,Suitable,dodgerblue,YES,239.227835,2638.341266,30.4471789999998
385000,4246000,CB5MH_MD,93.50394,1e+06,0.7,79.6,385000 4246000,28.5,Unsuitable,black,YES,239.227835,2638.341266,30.4471789999998
385000,4246000,CB5MH_MD,11.48294,1e+06,6.08,80.73,385000 4246000,3.5,Suitable,dodgerblue,YES,239.227835,2638.341266,30.4471789999998
385000,4246000,CB5MH_MD,100.06562,1e+06,0.7,79.5,385000 4246000,30.5,Unsuitable,black,YES,239.227835,2638.341266,30.4471789999998
385000,4246000,CB5MH_MD,18.04462,1e+06,4.97,81,385000 4246000,5.5,Suitable,dodgerblue,YES,239.227835,2638.341266,30.4471789999998
385000,4246000,CB5MH_MD,80.38058,1e+06,0.54,79.65,385000 4246000,24.5,Unsuitable,black,YES,239.227835,2638.341266,30.4471789999998
385000,4246000,CB5MH_MD,8.2021,1e+06,6.85,80.56,385000 4246000,2.5,Suitable,dodgerblue,YES,239.227835,2638.341266,30.4471789999998
385000,4246000,CB5MH_MD,86.94226,1e+06,0.55,79.64,385000 4246000,26.5,Unsuitable,black,YES,239.227835,2638.341266,30.4471789999998
385000,4246000,CB5MH_MD,63.97638,1e+06,0.47,79.71,385000 4246000,19.5,Unsuitable,black,YES,239.227835,2638.341266,30.4471789999998
385000,4246000,CB5MH_MD,4.92126,1e+06,7.07,80.44,385000 4246000,1.5,Suitable,dodgerblue,YES,239.227835,2638.341266,30.4471789999998
385000,4246000,CB5MH_MD,67.25722,1e+06,0.47,79.71,385000 4246000,20.5,Unsuitable,black,YES,239.227835,2638.341266,30.4471789999998
385000,4246000,CB5MH_MD,77.09974,1e+06,0.54,79.65,385000 4246000,23.5,Unsuitable,black,YES,239.227835,2638.341266,30.4471789999998
385000,4246000,CB5MH_MD,70.53806,1e+06,0.49,79.71,385000 4246000,21.5,Unsuitable,black,YES,239.227835,2638.341266,30.4471789999998
385000,4247000,CB5MH_MD,73.8189,1e+06,0.45,79.67,385000 4247000,22.5,Unsuitable,black,YES,239.227835,2638.962637,31.06855
385000,4247000,CB5MH_MD,50.85302,1e+06,0.72,80.47,385000 4247000,15.5,Unsuitable,black,YES,239.227835,2638.962637,31.06855
385000,4247000,CB5MH_MD,27.88714,1e+06,4.05,81,385000 4247000,8.5,Suitable,dodgerblue,YES,239.227835,2638.962637,31.06855
385000,4247000,CB5MH_MD,11.48294,1e+06,6.24,80.71,385000 4247000,3.5,Suitable,dodgerblue,YES,239.227835,2638.962637,31.06855
385000,4247000,CB5MH_MD,47.57218,1e+06,0.86,80.75,385000 4247000,14.5,Unsuitable,black,YES,239.227835,2638.962637,31.06855
385000,4247000,CB5MH_MD,21.32546,1e+06,4.84,81,385000 4247000,6.5,Suitable,dodgerblue,YES,239.227835,2638.962637,31.06855
385000,4247000,CB5MH_MD,14.76378,1e+06,5.42,80.94,385000 4247000,4.5,Suitable,dodgerblue,YES,239.227835,2638.962637,31.06855
385000,4247000,CB5MH_MD,37.72966,1e+06,1.37,81.19,385000 4247000,11.5,Unsuitable,black,YES,239.227835,2638.962637,31.06855
385000,4247000,CB5MH_MD,80.38058,1e+06,0.46,79.62,385000 4247000,24.5,Unsuitable,black,YES,239.227835,2638.962637,31.06855
385000,4247000,CB5MH_MD,54.13386,1e+06,0.42,80.16,385000 4247000,16.5,Unsuitable,black,YES,239.227835,2638.962637,31.06855
385000,4247000,CB5MH_MD,18.04462,1e+06,5.12,80.97,385000 4247000,5.5,Suitable,dodgerblue,YES,239.227835,2638.962637,31.06855
385000,4247000,CB5MH_MD,70.53806,1e+06,0.42,79.71,385000 4247000,21.5,Unsuitable,black,YES,239.227835,2638.962637,31.06855
385000,4247000,CB5MH_MD,31.16798,1e+06,2.21,81.22,385000 4247000,9.5,Marginal,orange,YES,239.227835,2638.962637,31.06855
385000,4247000,CB5MH_MD,34.44882,1e+06,1.59,81.28,385000 4247000,10.5,Unsuitable,black,YES,239.227835,2638.962637,31.06855
385000,4247000,CB5MH_MD,100.06562,1e+06,0.7,79.5,385000 4247000,30.5,Unsuitable,black,YES,239.227835,2638.962637,31.06855
385000,4247000,CB5MH_MD,77.09974,1e+06,0.46,79.62,385000 4247000,23.5,Unsuitable,black,YES,239.227835,2638.962637,31.06855
385000,4247000,CB5MH_MD,24.6063,1e+06,4.45,81,385000 4247000,7.5,Suitable,dodgerblue,YES,239.227835,2638.962637,31.06855
385000,4247000,CB5MH_MD,1.64042,1e+06,7.42,80.49,385000 4247000,0.5,Suitable,dodgerblue,YES,239.227835,2638.962637,31.06855
385000,4247000,CB5MH_MD,8.2021,1e+06,6.95,80.52,385000 4247000,2.5,Suitable,dodgerblue,YES,239.227835,2638.962637,31.06855
385000,4247000,CB5MH_MD,106.6273,1e+06,0.7,79.4,385000 4247000,32.5,Unsuitable,black,YES,239.227835,2638.962637,31.06855
385000,4247000,CB5MH_MD,67.25722,1e+06,0.41,79.71,385000 4247000,20.5,Unsuitable,black,YES,239.227835,2638.962637,31.06855
385000,4247000,CB5MH_MD,63.97638,1e+06,0.41,79.71,385000 4247000,19.5,Unsuitable,black,YES,239.227835,2638.962637,31.06855
385000,4247000,CB5MH_MD,57.4147,1e+06,0.4,79.91,385000 4247000,17.5,Unsuitable,black,YES,239.227835,2638.962637,31.06855
385000,4247000,CB5MH_MD,4.92126,1e+06,7.16,80.41,385000 4247000,1.5,Suitable,dodgerblue,YES,239.227835,2638.962637,31.06855
385000,4247000,CB5MH_MD,93.50394,1e+06,0.7,79.6,385000 4247000,28.5,Unsuitable,black,YES,239.227835,2638.962637,31.06855
385000,4247000,CB5MH_MD,83.66142,1e+06,0.46,79.62,385000 4247000,25.5,Unsuitable,black,YES,239.227835,2638.962637,31.06855
385000,4247000,CB5MH_MD,60.69554,1e+06,0.4,79.77,385000 4247000,18.5,Unsuitable,black,YES,239.227835,2638.962637,31.06855
385000,4247000,CB5MH_MD,44.29134,1e+06,0.99,80.89,385000 4247000,13.5,Unsuitable,black,YES,239.227835,2638.962637,31.06855
385000,4247000,CB5MH_MD,41.0105,1e+06,1.19,81.04,385000 4247000,12.5,Unsuitable,black,YES,239.227835,2638.962637,31.06855
385000,4247000,CB5MH_MD,90.2231,1e+06,0.47,79.61,385000 4247000,27.5,Unsuitable,black,YES,239.227835,2638.962637,31.06855
385000,4247000,CB5MH_MD,96.78478,1e+06,0.7,79.5,385000 4247000,29.5,Unsuitable,black,YES,239.227835,2638.962637,31.06855
385000,4247000,CB5MH_MD,86.94226,1e+06,0.47,79.61,385000 4247000,26.5,Unsuitable,black,YES,239.227835,2638.962637,31.06855
385000,4247000,CB5MH_MD,103.34646,1e+06,0.7,79.5,385000 4247000,31.5,Unsuitable,black,YES,239.227835,2638.962637,31.06855
385000,4324000,CB3MH,11.48294,1e+06,5.39,79.9,385000 4324000,3.5,Suitable,dodgerblue,YES,239.227835,2686.808204,78.9141169999998
385000,4324000,CB3MH,8.2021,1e+06,6.82,79.74,385000 4324000,2.5,Suitable,dodgerblue,YES,239.227835,2686.808204,78.9141169999998
385000,4324000,CB3MH,31.16798,1e+06,0.15,79.72,385000 4324000,9.5,Unsuitable,black,YES,239.227835,2686.808204,78.9141169999998
385000,4324000,CB3MH,37.72966,1e+06,0.11,80,385000 4324000,11.5,Unsuitable,black,YES,239.227835,2686.808204,78.9141169999998
385000,4324000,CB3MH,1.64042,1e+06,8.26,79.73,385000 4324000,0.5,Suitable,dodgerblue,YES,239.227835,2686.808204,78.9141169999998
385000,4324000,CB3MH,4.92126,1e+06,7.68,79.69,385000 4324000,1.5,Suitable,dodgerblue,YES,239.227835,2686.808204,78.9141169999998
385000,4324000,CB3MH,34.44882,1e+06,0.11,80.01,385000 4324000,10.5,Unsuitable,black,YES,239.227835,2686.808204,78.9141169999998
385000,4324000,CB3MH,44.29134,1e+06,0.11,80.06,385000 4324000,13.5,Unsuitable,black,YES,239.227835,2686.808204,78.9141169999998
385000,4324000,CB3MH,41.0105,1e+06,0.11,80.06,385000 4324000,12.5,Unsuitable,black,YES,239.227835,2686.808204,78.9141169999998
385000,4324000,CB3MH,21.32546,1e+06,3.14,79.92,385000 4324000,6.5,Tolerable,yellow,YES,239.227835,2686.808204,78.9141169999998
385000,4324000,CB3MH,14.76378,1e+06,3.78,80.02,385000 4324000,4.5,Tolerable,yellow,YES,239.227835,2686.808204,78.9141169999998
385000,4324000,CB3MH,24.6063,1e+06,0.84,79.79,385000 4324000,7.5,Unsuitable,black,YES,239.227835,2686.808204,78.9141169999998
385000,4324000,CB3MH,18.04462,1e+06,3,80.03,385000 4324000,5.5,Tolerable,yellow,YES,239.227835,2686.808204,78.9141169999998
385000,4324000,CB3MH,27.88714,1e+06,0.25,79.75,385000 4324000,8.5,Unsuitable,black,YES,239.227835,2686.808204,78.9141169999998
385000,4325000,CB3MH,34.44882,1e+06,0.11,79.98,385000 4325000,10.5,Unsuitable,black,YES,239.227835,2687.429575,79.535488
385000,4325000,CB3MH,11.48294,1e+06,5.42,79.85,385000 4325000,3.5,Suitable,dodgerblue,YES,239.227835,2687.429575,79.535488
385000,4325000,CB3MH,18.04462,1e+06,2.95,80.02,385000 4325000,5.5,Marginal,orange,YES,239.227835,2687.429575,79.535488
385000,4325000,CB3MH,8.2021,1e+06,6.89,79.67,385000 4325000,2.5,Suitable,dodgerblue,YES,239.227835,2687.429575,79.535488
385000,4325000,CB3MH,41.0105,1e+06,0.11,80.05,385000 4325000,12.5,Unsuitable,black,YES,239.227835,2687.429575,79.535488
385000,4325000,CB3MH,47.57218,1e+06,0.11,80.14,385000 4325000,14.5,Unsuitable,black,YES,239.227835,2687.429575,79.535488
385000,4325000,CB3MH,44.29134,1e+06,0.11,80.05,385000 4325000,13.5,Unsuitable,black,YES,239.227835,2687.429575,79.535488
385000,4325000,CB3MH,1.64042,1e+06,8.28,79.66,385000 4325000,0.5,Suitable,dodgerblue,YES,239.227835,2687.429575,79.535488
385000,4325000,CB3MH,21.32546,1e+06,2.96,79.89,385000 4325000,6.5,Marginal,orange,YES,239.227835,2687.429575,79.535488
385000,4325000,CB3MH,27.88714,1e+06,0.25,79.69,385000 4325000,8.5,Unsuitable,black,YES,239.227835,2687.429575,79.535488
385000,4325000,CB3MH,31.16798,1e+06,0.15,79.66,385000 4325000,9.5,Unsuitable,black,YES,239.227835,2687.429575,79.535488
385000,4325000,CB3MH,37.72966,1e+06,0.12,79.97,385000 4325000,11.5,Unsuitable,black,YES,239.227835,2687.429575,79.535488
385000,4325000,CB3MH,4.92126,1e+06,7.73,79.62,385000 4325000,1.5,Suitable,dodgerblue,YES,239.227835,2687.429575,79.535488
385000,4325000,CB3MH,14.76378,1e+06,3.74,80.01,385000 4325000,4.5,Tolerable,yellow,YES,239.227835,2687.429575,79.535488
385000,4325000,CB3MH,24.6063,1e+06,0.76,79.75,385000 4325000,7.5,Unsuitable,black,YES,239.227835,2687.429575,79.535488
385000,4333000,CB3MH,4.92126,1e+06,7.45,78.63,385000 4333000,1.5,Suitable,dodgerblue,YES,239.227835,2692.400543,84.5064560000001
385000,4333000,CB3MH,21.32546,1e+06,0.65,79.63,385000 4333000,6.5,Unsuitable,black,YES,239.227835,2692.400543,84.5064560000001
385000,4333000,CB3MH,11.48294,1e+06,4.37,79.09,385000 4333000,3.5,Suitable,dodgerblue,YES,239.227835,2692.400543,84.5064560000001
385000,4333000,CB3MH,1.64042,1e+06,7.59,78.65,385000 4333000,0.5,Suitable,dodgerblue,YES,239.227835,2692.400543,84.5064560000001
385000,4333000,CB3MH,31.16798,1e+06,0.2,79.27,385000 4333000,9.5,Unsuitable,black,YES,239.227835,2692.400543,84.5064560000001
385000,4333000,CB3MH,18.04462,1e+06,0.95,79.88,385000 4333000,5.5,Unsuitable,black,YES,239.227835,2692.400543,84.5064560000001
385000,4333000,CB3MH,34.44882,1e+06,0.13,79.71,385000 4333000,10.5,Unsuitable,black,YES,239.227835,2692.400543,84.5064560000001
385000,4333000,CB3MH,8.2021,1e+06,6.82,78.6,385000 4333000,2.5,Suitable,dodgerblue,YES,239.227835,2692.400543,84.5064560000001
385000,4333000,CB3MH,24.6063,1e+06,0.2,79.46,385000 4333000,7.5,Unsuitable,black,YES,239.227835,2692.400543,84.5064560000001
385000,4333000,CB3MH,37.72966,1e+06,0.15,79.67,385000 4333000,11.5,Unsuitable,black,YES,239.227835,2692.400543,84.5064560000001
385000,4333000,CB3MH,27.88714,1e+06,0.17,79.36,385000 4333000,8.5,Unsuitable,black,YES,239.227835,2692.400543,84.5064560000001
385000,4333000,CB3MH,14.76378,1e+06,1.67,79.78,385000 4333000,4.5,Unsuitable,black,YES,239.227835,2692.400543,84.5064560000001
385000,4334000,CB3MH,21.32546,1e+06,0.5,79.62,385000 4334000,6.5,Unsuitable,black,YES,239.227835,2693.021914,85.1278269999998
385000,4334000,CB3MH,31.16798,1e+06,0.2,79.24,385000 4334000,9.5,Unsuitable,black,YES,239.227835,2693.021914,85.1278269999998
385000,4334000,CB3MH,18.04462,1e+06,0.8,79.89,385000 4334000,5.5,Unsuitable,black,YES,239.227835,2693.021914,85.1278269999998
385000,4334000,CB3MH,4.92126,1e+06,7.5,78.54,385000 4334000,1.5,Suitable,dodgerblue,YES,239.227835,2693.021914,85.1278269999998
385000,4334000,CB3MH,14.76378,1e+06,1.62,79.79,385000 4334000,4.5,Unsuitable,black,YES,239.227835,2693.021914,85.1278269999998
385000,4334000,CB3MH,11.48294,1e+06,4.4,79.05,385000 4334000,3.5,Suitable,dodgerblue,YES,239.227835,2693.021914,85.1278269999998
385000,4334000,CB3MH,34.44882,1e+06,0.13,79.68,385000 4334000,10.5,Unsuitable,black,YES,239.227835,2693.021914,85.1278269999998
385000,4334000,CB3MH,24.6063,1e+06,0.16,79.44,385000 4334000,7.5,Unsuitable,black,YES,239.227835,2693.021914,85.1278269999998
385000,4334000,CB3MH,27.88714,1e+06,0.16,79.34,385000 4334000,8.5,Unsuitable,black,YES,239.227835,2693.021914,85.1278269999998
385000,4334000,CB3MH,1.64042,1e+06,7.62,78.56,385000 4334000,0.5,Suitable,dodgerblue,YES,239.227835,2693.021914,85.1278269999998
385000,4334000,CB3MH,8.2021,1e+06,6.9,78.53,385000 4334000,2.5,Suitable,dodgerblue,YES,239.227835,2693.021914,85.1278269999998
386000,4244000,CB5MH_MD,21.32546,1e+06,3.61,81.32,386000 4244000,6.5,Tolerable,yellow,YES,239.849206,2637.098524,29.2044369999999
386000,4244000,CB5MH_MD,24.6063,1e+06,3.02,81.32,386000 4244000,7.5,Tolerable,yellow,YES,239.849206,2637.098524,29.2044369999999
386000,4244000,CB5MH_MD,4.92126,1e+06,6.85,80.6,386000 4244000,1.5,Suitable,dodgerblue,YES,239.849206,2637.098524,29.2044369999999
386000,4244000,CB5MH_MD,70.53806,1e+06,0.6,79.7,386000 4244000,21.5,Unsuitable,black,YES,239.849206,2637.098524,29.2044369999999
386000,4244000,CB5MH_MD,73.8189,1e+06,0.65,79.7,386000 4244000,22.5,Unsuitable,black,YES,239.849206,2637.098524,29.2044369999999
386000,4244000,CB5MH_MD,11.48294,1e+06,5.43,80.96,386000 4244000,3.5,Suitable,dodgerblue,YES,239.849206,2637.098524,29.2044369999999
386000,4244000,CB5MH_MD,18.04462,1e+06,3.99,81.31,386000 4244000,5.5,Tolerable,yellow,YES,239.849206,2637.098524,29.2044369999999
386000,4244000,CB5MH_MD,1.64042,1e+06,7.27,80.62,386000 4244000,0.5,Suitable,dodgerblue,YES,239.849206,2637.098524,29.2044369999999
386000,4244000,CB5MH_MD,63.97638,1e+06,0.58,79.7,386000 4244000,19.5,Unsuitable,black,YES,239.849206,2637.098524,29.2044369999999
386000,4244000,CB5MH_MD,60.69554,1e+06,0.58,79.71,386000 4244000,18.5,Unsuitable,black,YES,239.849206,2637.098524,29.2044369999999
386000,4244000,CB5MH_MD,8.2021,1e+06,6.52,80.77,386000 4244000,2.5,Suitable,dodgerblue,YES,239.849206,2637.098524,29.2044369999999
386000,4244000,CB5MH_MD,77.09974,1e+06,0.67,79.69,386000 4244000,23.5,Unsuitable,black,YES,239.849206,2637.098524,29.2044369999999
386000,4244000,CB5MH_MD,27.88714,1e+06,2.58,81.32,386000 4244000,8.5,Marginal,orange,YES,239.849206,2637.098524,29.2044369999999
386000,4244000,CB5MH_MD,37.72966,1e+06,1.12,81.29,386000 4244000,11.5,Unsuitable,black,YES,239.849206,2637.098524,29.2044369999999
386000,4244000,CB5MH_MD,14.76378,1e+06,4.27,81.22,386000 4244000,4.5,Suitable,dodgerblue,YES,239.849206,2637.098524,29.2044369999999
386000,4244000,CB5MH_MD,44.29134,1e+06,0.87,81,386000 4244000,13.5,Unsuitable,black,YES,239.849206,2637.098524,29.2044369999999
386000,4244000,CB5MH_MD,67.25722,1e+06,0.58,79.7,386000 4244000,20.5,Unsuitable,black,YES,239.849206,2637.098524,29.2044369999999
386000,4244000,CB5MH_MD,93.50394,1e+06,0.7,79.6,386000 4244000,28.5,Unsuitable,black,YES,239.849206,2637.098524,29.2044369999999
386000,4244000,CB5MH_MD,50.85302,1e+06,0.71,80.43,386000 4244000,15.5,Unsuitable,black,YES,239.849206,2637.098524,29.2044369999999
386000,4244000,CB5MH_MD,41.0105,1e+06,1.04,81.19,386000 4244000,12.5,Unsuitable,black,YES,239.849206,2637.098524,29.2044369999999
386000,4244000,CB5MH_MD,47.57218,1e+06,0.79,80.81,386000 4244000,14.5,Unsuitable,black,YES,239.849206,2637.098524,29.2044369999999
386000,4244000,CB5MH_MD,57.4147,1e+06,0.58,79.82,386000 4244000,17.5,Unsuitable,black,YES,239.849206,2637.098524,29.2044369999999
386000,4244000,CB5MH_MD,54.13386,1e+06,0.58,80.11,386000 4244000,16.5,Unsuitable,black,YES,239.849206,2637.098524,29.2044369999999
386000,4244000,CB5MH_MD,34.44882,1e+06,1.25,81.3,386000 4244000,10.5,Unsuitable,black,YES,239.849206,2637.098524,29.2044369999999
386000,4244000,CB5MH_MD,31.16798,1e+06,1.62,81.36,386000 4244000,9.5,Unsuitable,black,YES,239.849206,2637.098524,29.2044369999999
386000,4244000,CB5MH_MD,83.66142,1e+06,0.67,79.69,386000 4244000,25.5,Unsuitable,black,YES,239.849206,2637.098524,29.2044369999999
386000,4244000,CB5MH_MD,86.94226,1e+06,0.67,79.69,386000 4244000,26.5,Unsuitable,black,YES,239.849206,2637.098524,29.2044369999999
386000,4244000,CB5MH_MD,90.2231,1e+06,0.67,79.69,386000 4244000,27.5,Unsuitable,black,YES,239.849206,2637.098524,29.2044369999999
386000,4244000,CB5MH_MD,80.38058,1e+06,0.67,79.69,386000 4244000,24.5,Unsuitable,black,YES,239.849206,2637.098524,29.2044369999999
386000,4245000,CB5MH_MD,100.06562,1e+06,0.7,79.5,386000 4245000,30.5,Unsuitable,black,YES,239.849206,2637.719895,29.8258080000001
386000,4245000,CB5MH_MD,37.72966,1e+06,1.24,81.27,386000 4245000,11.5,Unsuitable,black,YES,239.849206,2637.719895,29.8258080000001
386000,4245000,CB5MH_MD,24.6063,1e+06,3.5,81.21,386000 4245000,7.5,Tolerable,yellow,YES,239.849206,2637.719895,29.8258080000001
386000,4245000,CB5MH_MD,8.2021,1e+06,6.64,80.69,386000 4245000,2.5,Suitable,dodgerblue,YES,239.849206,2637.719895,29.8258080000001
386000,4245000,CB5MH_MD,96.78478,1e+06,0.7,79.5,386000 4245000,29.5,Unsuitable,black,YES,239.849206,2637.719895,29.8258080000001
386000,4245000,CB5MH_MD,34.44882,1e+06,1.39,81.29,386000 4245000,10.5,Unsuitable,black,YES,239.849206,2637.719895,29.8258080000001
386000,4245000,CB5MH_MD,11.48294,1e+06,5.67,80.87,386000 4245000,3.5,Suitable,dodgerblue,YES,239.849206,2637.719895,29.8258080000001
386000,4245000,CB5MH_MD,113.18898,1e+06,0.7,79.3,386000 4245000,34.5,Unsuitable,black,YES,239.849206,2637.719895,29.8258080000001
386000,4245000,CB5MH_MD,4.92126,1e+06,6.93,80.54,386000 4245000,1.5,Suitable,dodgerblue,YES,239.849206,2637.719895,29.8258080000001
386000,4245000,CB5MH_MD,27.88714,1e+06,3.08,81.21,386000 4245000,8.5,Tolerable,yellow,YES,239.849206,2637.719895,29.8258080000001
386000,4245000,CB5MH_MD,14.76378,1e+06,4.64,81.12,386000 4245000,4.5,Suitable,dodgerblue,YES,239.849206,2637.719895,29.8258080000001
386000,4245000,CB5MH_MD,83.66142,1e+06,0.63,79.67,386000 4245000,25.5,Unsuitable,black,YES,239.849206,2637.719895,29.8258080000001
386000,4245000,CB5MH_MD,18.04462,1e+06,4.37,81.19,386000 4245000,5.5,Suitable,dodgerblue,YES,239.849206,2637.719895,29.8258080000001
386000,4245000,CB5MH_MD,93.50394,1e+06,0.7,79.6,386000 4245000,28.5,Unsuitable,black,YES,239.849206,2637.719895,29.8258080000001
386000,4245000,CB5MH_MD,31.16798,1e+06,1.79,81.32,386000 4245000,9.5,Unsuitable,black,YES,239.849206,2637.719895,29.8258080000001
386000,4245000,CB5MH_MD,90.2231,1e+06,0.63,79.67,386000 4245000,27.5,Unsuitable,black,YES,239.849206,2637.719895,29.8258080000001
386000,4245000,CB5MH_MD,1.64042,1e+06,7.3,80.57,386000 4245000,0.5,Suitable,dodgerblue,YES,239.849206,2637.719895,29.8258080000001
386000,4245000,CB5MH_MD,60.69554,1e+06,0.54,79.73,386000 4245000,18.5,Unsuitable,black,YES,239.849206,2637.719895,29.8258080000001
386000,4245000,CB5MH_MD,106.6273,1e+06,0.7,79.4,386000 4245000,32.5,Unsuitable,black,YES,239.849206,2637.719895,29.8258080000001
386000,4245000,CB5MH_MD,109.90814,1e+06,0.7,79.3,386000 4245000,33.5,Unsuitable,black,YES,239.849206,2637.719895,29.8258080000001
386000,4245000,CB5MH_MD,21.32546,1e+06,4.02,81.21,386000 4245000,6.5,Suitable,dodgerblue,YES,239.849206,2637.719895,29.8258080000001
386000,4245000,CB5MH_MD,57.4147,1e+06,0.54,79.84,386000 4245000,17.5,Unsuitable,black,YES,239.849206,2637.719895,29.8258080000001
386000,4245000,CB5MH_MD,67.25722,1e+06,0.55,79.71,386000 4245000,20.5,Unsuitable,black,YES,239.849206,2637.719895,29.8258080000001
386000,4245000,CB5MH_MD,86.94226,1e+06,0.63,79.67,386000 4245000,26.5,Unsuitable,black,YES,239.849206,2637.719895,29.8258080000001
386000,4245000,CB5MH_MD,63.97638,1e+06,0.55,79.71,386000 4245000,19.5,Unsuitable,black,YES,239.849206,2637.719895,29.8258080000001
386000,4245000,CB5MH_MD,77.09974,1e+06,0.63,79.68,386000 4245000,23.5,Unsuitable,black,YES,239.849206,2637.719895,29.8258080000001
386000,4245000,CB5MH_MD,73.8189,1e+06,0.61,79.69,386000 4245000,22.5,Unsuitable,black,YES,239.849206,2637.719895,29.8258080000001
386000,4245000,CB5MH_MD,103.34646,1e+06,0.7,79.5,386000 4245000,31.5,Unsuitable,black,YES,239.849206,2637.719895,29.8258080000001
386000,4245000,CB5MH_MD,44.29134,1e+06,0.95,80.98,386000 4245000,13.5,Unsuitable,black,YES,239.849206,2637.719895,29.8258080000001
386000,4245000,CB5MH_MD,80.38058,1e+06,0.63,79.67,386000 4245000,24.5,Unsuitable,black,YES,239.849206,2637.719895,29.8258080000001
386000,4245000,CB5MH_MD,41.0105,1e+06,1.13,81.16,386000 4245000,12.5,Unsuitable,black,YES,239.849206,2637.719895,29.8258080000001
386000,4245000,CB5MH_MD,47.57218,1e+06,0.84,80.8,386000 4245000,14.5,Unsuitable,black,YES,239.849206,2637.719895,29.8258080000001
386000,4245000,CB5MH_MD,70.53806,1e+06,0.57,79.7,386000 4245000,21.5,Unsuitable,black,YES,239.849206,2637.719895,29.8258080000001
386000,4245000,CB5MH_MD,54.13386,1e+06,0.55,80.13,386000 4245000,16.5,Unsuitable,black,YES,239.849206,2637.719895,29.8258080000001
386000,4245000,CB5MH_MD,50.85302,1e+06,0.74,80.45,386000 4245000,15.5,Unsuitable,black,YES,239.849206,2637.719895,29.8258080000001
386000,4326000,CB3MH,24.6063,1e+06,0.65,79.68,386000 4326000,7.5,Unsuitable,black,YES,239.849206,2688.050946,80.1568589999997
386000,4326000,CB3MH,34.44882,1e+06,0.11,79.94,386000 4326000,10.5,Unsuitable,black,YES,239.849206,2688.050946,80.1568589999997
386000,4326000,CB3MH,4.92126,1e+06,7.72,79.51,386000 4326000,1.5,Suitable,dodgerblue,YES,239.849206,2688.050946,80.1568589999997
386000,4326000,CB3MH,37.72966,1e+06,0.12,79.92,386000 4326000,11.5,Unsuitable,black,YES,239.849206,2688.050946,80.1568589999997
386000,4326000,CB3MH,21.32546,1e+06,2.6,79.86,386000 4326000,6.5,Marginal,orange,YES,239.849206,2688.050946,80.1568589999997
386000,4326000,CB3MH,11.48294,1e+06,5.33,79.77,386000 4326000,3.5,Suitable,dodgerblue,YES,239.849206,2688.050946,80.1568589999997
386000,4326000,CB3MH,8.2021,1e+06,6.91,79.55,386000 4326000,2.5,Suitable,dodgerblue,YES,239.849206,2688.050946,80.1568589999997
386000,4326000,CB3MH,41.0105,1e+06,0.11,80.04,386000 4326000,12.5,Unsuitable,black,YES,239.849206,2688.050946,80.1568589999997
386000,4326000,CB3MH,44.29134,1e+06,0.11,80.04,386000 4326000,13.5,Unsuitable,black,YES,239.849206,2688.050946,80.1568589999997
386000,4326000,CB3MH,31.16798,1e+06,0.16,79.57,386000 4326000,9.5,Unsuitable,black,YES,239.849206,2688.050946,80.1568589999997
386000,4326000,CB3MH,27.88714,1e+06,0.23,79.61,386000 4326000,8.5,Unsuitable,black,YES,239.849206,2688.050946,80.1568589999997
386000,4326000,CB3MH,1.64042,1e+06,8.23,79.54,386000 4326000,0.5,Suitable,dodgerblue,YES,239.849206,2688.050946,80.1568589999997
386000,4326000,CB3MH,18.04462,1e+06,2.73,80.01,386000 4326000,5.5,Marginal,orange,YES,239.849206,2688.050946,80.1568589999997
386000,4326000,CB3MH,47.57218,1e+06,0.11,80.13,386000 4326000,14.5,Unsuitable,black,YES,239.849206,2688.050946,80.1568589999997
386000,4326000,CB3MH,50.85302,1e+06,0.1,80.2,386000 4326000,15.5,Unsuitable,black,YES,239.849206,2688.050946,80.1568589999997
386000,4326000,CB3MH,14.76378,1e+06,3.53,79.99,386000 4326000,4.5,Tolerable,yellow,YES,239.849206,2688.050946,80.1568589999997
386000,4331000,CB3MH,41.0105,1e+06,0.13,79.97,386000 4331000,12.5,Unsuitable,black,YES,239.849206,2691.157801,83.2637139999997
386000,4331000,CB3MH,50.85302,1e+06,0.1,80.2,386000 4331000,15.5,Unsuitable,black,YES,239.849206,2691.157801,83.2637139999997
386000,4331000,CB3MH,21.32546,1e+06,1.03,79.67,386000 4331000,6.5,Unsuitable,black,YES,239.849206,2691.157801,83.2637139999997
386000,4331000,CB3MH,44.29134,1e+06,0.13,79.97,386000 4331000,13.5,Unsuitable,black,YES,239.849206,2691.157801,83.2637139999997
386000,4331000,CB3MH,47.57218,1e+06,0.13,80.03,386000 4331000,14.5,Unsuitable,black,YES,239.849206,2691.157801,83.2637139999997
386000,4331000,CB3MH,34.44882,1e+06,0.12,79.76,386000 4331000,10.5,Unsuitable,black,YES,239.849206,2691.157801,83.2637139999997
386000,4331000,CB3MH,24.6063,1e+06,0.28,79.48,386000 4331000,7.5,Unsuitable,black,YES,239.849206,2691.157801,83.2637139999997
386000,4331000,CB3MH,18.04462,1e+06,1.35,79.94,386000 4331000,5.5,Unsuitable,black,YES,239.849206,2691.157801,83.2637139999997
386000,4331000,CB3MH,27.88714,1e+06,0.18,79.39,386000 4331000,8.5,Unsuitable,black,YES,239.849206,2691.157801,83.2637139999997
386000,4331000,CB3MH,8.2021,1e+06,7.04,78.8,386000 4331000,2.5,Suitable,dodgerblue,YES,239.849206,2691.157801,83.2637139999997
386000,4331000,CB3MH,11.48294,1e+06,4.8,79.27,386000 4331000,3.5,Suitable,dodgerblue,YES,239.849206,2691.157801,83.2637139999997
386000,4331000,CB3MH,31.16798,1e+06,0.19,79.31,386000 4331000,9.5,Unsuitable,black,YES,239.849206,2691.157801,83.2637139999997
386000,4331000,CB3MH,37.72966,1e+06,0.14,79.73,386000 4331000,11.5,Unsuitable,black,YES,239.849206,2691.157801,83.2637139999997
386000,4331000,CB3MH,14.76378,1e+06,2.25,79.86,386000 4331000,4.5,Marginal,orange,YES,239.849206,2691.157801,83.2637139999997
386000,4331000,CB3MH,1.64042,1e+06,7.91,78.79,386000 4331000,0.5,Suitable,dodgerblue,YES,239.849206,2691.157801,83.2637139999997
386000,4331000,CB3MH,4.92126,1e+06,7.68,78.78,386000 4331000,1.5,Suitable,dodgerblue,YES,239.849206,2691.157801,83.2637139999997
386000,4332000,CB3MH,4.92126,1e+06,7.41,78.68,386000 4332000,1.5,Suitable,dodgerblue,YES,239.849206,2691.779172,83.8850849999999
386000,4332000,CB3MH,34.44882,1e+06,0.12,79.73,386000 4332000,10.5,Unsuitable,black,YES,239.849206,2691.779172,83.8850849999999
386000,4332000,CB3MH,18.04462,1e+06,1.06,79.88,386000 4332000,5.5,Unsuitable,black,YES,239.849206,2691.779172,83.8850849999999
386000,4332000,CB3MH,21.32546,1e+06,0.76,79.64,386000 4332000,6.5,Unsuitable,black,YES,239.849206,2691.779172,83.8850849999999
386000,4332000,CB3MH,8.2021,1e+06,6.76,78.65,386000 4332000,2.5,Suitable,dodgerblue,YES,239.849206,2691.779172,83.8850849999999
386000,4332000,CB3MH,14.76378,1e+06,1.7,79.78,386000 4332000,4.5,Unsuitable,black,YES,239.849206,2691.779172,83.8850849999999
386000,4332000,CB3MH,1.64042,1e+06,7.57,78.7,386000 4332000,0.5,Suitable,dodgerblue,YES,239.849206,2691.779172,83.8850849999999
386000,4332000,CB3MH,37.72966,1e+06,0.14,79.69,386000 4332000,11.5,Unsuitable,black,YES,239.849206,2691.779172,83.8850849999999
386000,4332000,CB3MH,11.48294,1e+06,4.35,79.11,386000 4332000,3.5,Suitable,dodgerblue,YES,239.849206,2691.779172,83.8850849999999
386000,4332000,CB3MH,24.6063,1e+06,0.22,79.46,386000 4332000,7.5,Unsuitable,black,YES,239.849206,2691.779172,83.8850849999999
386000,4332000,CB3MH,27.88714,1e+06,0.17,79.36,386000 4332000,8.5,Unsuitable,black,YES,239.849206,2691.779172,83.8850849999999
386000,4332000,CB3MH,31.16798,1e+06,0.19,79.27,386000 4332000,9.5,Unsuitable,black,YES,239.849206,2691.779172,83.8850849999999
386000,4334000,CB3MH,21.32546,1e+06,0.39,79.61,386000 4334000,6.5,Unsuitable,black,YES,239.849206,2693.021914,85.1278269999998
386000,4334000,CB3MH,24.6063,1e+06,0.14,79.42,386000 4334000,7.5,Unsuitable,black,YES,239.849206,2693.021914,85.1278269999998
386000,4334000,CB3MH,1.64042,1e+06,7.65,78.49,386000 4334000,0.5,Suitable,dodgerblue,YES,239.849206,2693.021914,85.1278269999998
386000,4334000,CB3MH,31.16798,1e+06,0.2,79.22,386000 4334000,9.5,Unsuitable,black,YES,239.849206,2693.021914,85.1278269999998
386000,4334000,CB3MH,11.48294,1e+06,4.43,79.03,386000 4334000,3.5,Suitable,dodgerblue,YES,239.849206,2693.021914,85.1278269999998
386000,4334000,CB3MH,8.2021,1e+06,6.96,78.47,386000 4334000,2.5,Suitable,dodgerblue,YES,239.849206,2693.021914,85.1278269999998
386000,4334000,CB3MH,14.76378,1e+06,1.57,79.79,386000 4334000,4.5,Unsuitable,black,YES,239.849206,2693.021914,85.1278269999998
386000,4334000,CB3MH,4.92126,1e+06,7.53,78.48,386000 4334000,1.5,Suitable,dodgerblue,YES,239.849206,2693.021914,85.1278269999998
386000,4334000,CB3MH,34.44882,1e+06,0.12,79.67,386000 4334000,10.5,Unsuitable,black,YES,239.849206,2693.021914,85.1278269999998
386000,4334000,CB3MH,18.04462,1e+06,0.7,79.89,386000 4334000,5.5,Unsuitable,black,YES,239.849206,2693.021914,85.1278269999998
386000,4334000,CB3MH,27.88714,1e+06,0.16,79.32,386000 4334000,8.5,Unsuitable,black,YES,239.849206,2693.021914,85.1278269999998
386000,4335000,CB3MH,24.6063,1e+06,0.12,79.41,386000 4335000,7.5,Unsuitable,black,YES,239.849206,2693.643285,85.749198
386000,4335000,CB3MH,18.04462,1e+06,0.61,79.9,386000 4335000,5.5,Unsuitable,black,YES,239.849206,2693.643285,85.749198
386000,4335000,CB3MH,4.92126,1e+06,7.58,78.46,386000 4335000,1.5,Suitable,dodgerblue,YES,239.849206,2693.643285,85.749198
386000,4335000,CB3MH,1.64042,1e+06,7.68,78.46,386000 4335000,0.5,Suitable,dodgerblue,YES,239.849206,2693.643285,85.749198
386000,4335000,CB3MH,31.16798,1e+06,0.2,79.21,386000 4335000,9.5,Unsuitable,black,YES,239.849206,2693.643285,85.749198
386000,4335000,CB3MH,21.32546,1e+06,0.31,79.6,386000 4335000,6.5,Unsuitable,black,YES,239.849206,2693.643285,85.749198
386000,4335000,CB3MH,11.48294,1e+06,4.44,79.01,386000 4335000,3.5,Suitable,dodgerblue,YES,239.849206,2693.643285,85.749198
386000,4335000,CB3MH,14.76378,1e+06,1.54,79.79,386000 4335000,4.5,Unsuitable,black,YES,239.849206,2693.643285,85.749198
386000,4335000,CB3MH,27.88714,1e+06,0.15,79.31,386000 4335000,8.5,Unsuitable,black,YES,239.849206,2693.643285,85.749198
386000,4335000,CB3MH,8.2021,1e+06,7.02,78.44,386000 4335000,2.5,Suitable,dodgerblue,YES,239.849206,2693.643285,85.749198
386000,4336000,CB3MH,21.32546,1e+06,0.29,79.6,386000 4336000,6.5,Unsuitable,black,YES,239.849206,2694.264656,86.3705689999997
386000,4336000,CB3MH,11.48294,1e+06,4.46,79.01,386000 4336000,3.5,Suitable,dodgerblue,YES,239.849206,2694.264656,86.3705689999997
386000,4336000,CB3MH,4.92126,1e+06,7.58,78.44,386000 4336000,1.5,Suitable,dodgerblue,YES,239.849206,2694.264656,86.3705689999997
386000,4336000,CB3MH,18.04462,1e+06,0.58,79.9,386000 4336000,5.5,Unsuitable,black,YES,239.849206,2694.264656,86.3705689999997
386000,4336000,CB3MH,14.76378,1e+06,1.54,79.8,386000 4336000,4.5,Unsuitable,black,YES,239.849206,2694.264656,86.3705689999997
386000,4336000,CB3MH,1.64042,1e+06,7.68,78.45,386000 4336000,0.5,Suitable,dodgerblue,YES,239.849206,2694.264656,86.3705689999997
386000,4336000,CB3MH,8.2021,1e+06,7.02,78.43,386000 4336000,2.5,Suitable,dodgerblue,YES,239.849206,2694.264656,86.3705689999997
386000,4336000,CB3MH,24.6063,1e+06,0.11,79.41,386000 4336000,7.5,Unsuitable,black,YES,239.849206,2694.264656,86.3705689999997
387000,4239000,CB5MH_MD,60.69554,1e+06,0.59,79.72,387000 4239000,18.5,Unsuitable,black,YES,240.470577,2633.991669,26.0975819999999
387000,4239000,CB5MH_MD,54.13386,1e+06,0.6,80.12,387000 4239000,16.5,Unsuitable,black,YES,240.470577,2633.991669,26.0975819999999
387000,4239000,CB5MH_MD,67.25722,1e+06,0.59,79.71,387000 4239000,20.5,Unsuitable,black,YES,240.470577,2633.991669,26.0975819999999
387000,4239000,CB5MH_MD,63.97638,1e+06,0.59,79.71,387000 4239000,19.5,Unsuitable,black,YES,240.470577,2633.991669,26.0975819999999
387000,4239000,CB5MH_MD,37.72966,1e+06,1.21,81.3,387000 4239000,11.5,Unsuitable,black,YES,240.470577,2633.991669,26.0975819999999
387000,4239000,CB5MH_MD,14.76378,1e+06,4.29,81.22,387000 4239000,4.5,Suitable,dodgerblue,YES,240.470577,2633.991669,26.0975819999999
387000,4239000,CB5MH_MD,4.92126,1e+06,6.83,80.61,387000 4239000,1.5,Suitable,dodgerblue,YES,240.470577,2633.991669,26.0975819999999
387000,4239000,CB5MH_MD,57.4147,1e+06,0.59,79.82,387000 4239000,17.5,Unsuitable,black,YES,240.470577,2633.991669,26.0975819999999
387000,4239000,CB5MH_MD,18.04462,1e+06,4.01,81.3,387000 4239000,5.5,Suitable,dodgerblue,YES,240.470577,2633.991669,26.0975819999999
387000,4239000,CB5MH_MD,47.57218,1e+06,0.85,80.83,387000 4239000,14.5,Unsuitable,black,YES,240.470577,2633.991669,26.0975819999999
387000,4239000,CB5MH_MD,70.53806,1e+06,0.61,79.71,387000 4239000,21.5,Unsuitable,black,YES,240.470577,2633.991669,26.0975819999999
387000,4239000,CB5MH_MD,24.6063,1e+06,3.05,81.31,387000 4239000,7.5,Tolerable,yellow,YES,240.470577,2633.991669,26.0975819999999
387000,4239000,CB5MH_MD,73.8189,1e+06,0.66,79.7,387000 4239000,22.5,Unsuitable,black,YES,240.470577,2633.991669,26.0975819999999
387000,4239000,CB5MH_MD,41.0105,1e+06,1.13,81.2,387000 4239000,12.5,Unsuitable,black,YES,240.470577,2633.991669,26.0975819999999
387000,4239000,CB5MH_MD,50.85302,1e+06,0.75,80.46,387000 4239000,15.5,Unsuitable,black,YES,240.470577,2633.991669,26.0975819999999
387000,4239000,CB5MH_MD,8.2021,1e+06,6.5,80.78,387000 4239000,2.5,Suitable,dodgerblue,YES,240.470577,2633.991669,26.0975819999999
387000,4239000,CB5MH_MD,77.09974,1e+06,0.68,79.69,387000 4239000,23.5,Unsuitable,black,YES,240.470577,2633.991669,26.0975819999999
387000,4239000,CB5MH_MD,27.88714,1e+06,2.62,81.31,387000 4239000,8.5,Marginal,orange,YES,240.470577,2633.991669,26.0975819999999
387000,4239000,CB5MH_MD,11.48294,1e+06,5.42,80.96,387000 4239000,3.5,Suitable,dodgerblue,YES,240.470577,2633.991669,26.0975819999999
387000,4239000,CB5MH_MD,44.29134,1e+06,0.94,81.01,387000 4239000,13.5,Unsuitable,black,YES,240.470577,2633.991669,26.0975819999999
387000,4239000,CB5MH_MD,80.38058,1e+06,0.68,79.69,387000 4239000,24.5,Unsuitable,black,YES,240.470577,2633.991669,26.0975819999999
387000,4239000,CB5MH_MD,31.16798,1e+06,1.75,81.36,387000 4239000,9.5,Unsuitable,black,YES,240.470577,2633.991669,26.0975819999999
387000,4239000,CB5MH_MD,1.64042,1e+06,7.25,80.62,387000 4239000,0.5,Suitable,dodgerblue,YES,240.470577,2633.991669,26.0975819999999
387000,4239000,CB5MH_MD,21.32546,1e+06,3.63,81.31,387000 4239000,6.5,Tolerable,yellow,YES,240.470577,2633.991669,26.0975819999999
387000,4239000,CB5MH_MD,34.44882,1e+06,1.35,81.3,387000 4239000,10.5,Unsuitable,black,YES,240.470577,2633.991669,26.0975819999999
387000,4240000,CB5MH_MD,34.44882,1e+06,1.19,81.3,387000 4240000,10.5,Unsuitable,black,YES,240.470577,2634.61304,26.7189530000001
387000,4240000,CB5MH_MD,44.29134,1e+06,0.84,81.01,387000 4240000,13.5,Unsuitable,black,YES,240.470577,2634.61304,26.7189530000001
387000,4240000,CB5MH_MD,18.04462,1e+06,3.72,81.39,387000 4240000,5.5,Tolerable,yellow,YES,240.470577,2634.61304,26.7189530000001
387000,4240000,CB5MH_MD,57.4147,1e+06,0.59,79.81,387000 4240000,17.5,Unsuitable,black,YES,240.470577,2634.61304,26.7189530000001
387000,4240000,CB5MH_MD,37.72966,1e+06,1.07,81.3,387000 4240000,11.5,Unsuitable,black,YES,240.470577,2634.61304,26.7189530000001
387000,4240000,CB5MH_MD,24.6063,1e+06,2.67,81.4,387000 4240000,7.5,Marginal,orange,YES,240.470577,2634.61304,26.7189530000001
387000,4240000,CB5MH_MD,70.53806,1e+06,0.62,79.7,387000 4240000,21.5,Unsuitable,black,YES,240.470577,2634.61304,26.7189530000001
387000,4240000,CB5MH_MD,11.48294,1e+06,5.25,81.02,387000 4240000,3.5,Suitable,dodgerblue,YES,240.470577,2634.61304,26.7189530000001
387000,4240000,CB5MH_MD,1.64042,1e+06,7.25,80.66,387000 4240000,0.5,Suitable,dodgerblue,YES,240.470577,2634.61304,26.7189530000001
387000,4240000,CB5MH_MD,14.76378,1e+06,4.01,81.3,387000 4240000,4.5,Suitable,dodgerblue,YES,240.470577,2634.61304,26.7189530000001
387000,4240000,CB5MH_MD,60.69554,1e+06,0.59,79.71,387000 4240000,18.5,Unsuitable,black,YES,240.470577,2634.61304,26.7189530000001
387000,4240000,CB5MH_MD,27.88714,1e+06,2.21,81.4,387000 4240000,8.5,Marginal,orange,YES,240.470577,2634.61304,26.7189530000001
387000,4240000,CB5MH_MD,21.32546,1e+06,3.31,81.4,387000 4240000,6.5,Tolerable,yellow,YES,240.470577,2634.61304,26.7189530000001
387000,4240000,CB5MH_MD,96.78478,1e+06,0.7,79.5,387000 4240000,29.5,Unsuitable,black,YES,240.470577,2634.61304,26.7189530000001
387000,4240000,CB5MH_MD,4.92126,1e+06,6.8,80.65,387000 4240000,1.5,Suitable,dodgerblue,YES,240.470577,2634.61304,26.7189530000001
387000,4240000,CB5MH_MD,41.0105,1e+06,1.01,81.2,387000 4240000,12.5,Unsuitable,black,YES,240.470577,2634.61304,26.7189530000001
387000,4240000,CB5MH_MD,54.13386,1e+06,0.6,80.11,387000 4240000,16.5,Unsuitable,black,YES,240.470577,2634.61304,26.7189530000001
387000,4240000,CB5MH_MD,8.2021,1e+06,6.43,80.84,387000 4240000,2.5,Suitable,dodgerblue,YES,240.470577,2634.61304,26.7189530000001
387000,4240000,CB5MH_MD,77.09974,1e+06,0.69,79.7,387000 4240000,23.5,Unsuitable,black,YES,240.470577,2634.61304,26.7189530000001
387000,4240000,CB5MH_MD,106.6273,1e+06,0.7,79.4,387000 4240000,32.5,Unsuitable,black,YES,240.470577,2634.61304,26.7189530000001
387000,4240000,CB5MH_MD,31.16798,1e+06,1.57,81.38,387000 4240000,9.5,Unsuitable,black,YES,240.470577,2634.61304,26.7189530000001
387000,4240000,CB5MH_MD,47.57218,1e+06,0.77,80.81,387000 4240000,14.5,Unsuitable,black,YES,240.470577,2634.61304,26.7189530000001
387000,4240000,CB5MH_MD,90.2231,1e+06,0.69,79.69,387000 4240000,27.5,Unsuitable,black,YES,240.470577,2634.61304,26.7189530000001
387000,4240000,CB5MH_MD,73.8189,1e+06,0.67,79.7,387000 4240000,22.5,Unsuitable,black,YES,240.470577,2634.61304,26.7189530000001
387000,4240000,CB5MH_MD,67.25722,1e+06,0.59,79.7,387000 4240000,20.5,Unsuitable,black,YES,240.470577,2634.61304,26.7189530000001
387000,4240000,CB5MH_MD,93.50394,1e+06,0.7,79.6,387000 4240000,28.5,Unsuitable,black,YES,240.470577,2634.61304,26.7189530000001
387000,4240000,CB5MH_MD,100.06562,1e+06,0.7,79.5,387000 4240000,30.5,Unsuitable,black,YES,240.470577,2634.61304,26.7189530000001
387000,4240000,CB5MH_MD,50.85302,1e+06,0.7,80.43,387000 4240000,15.5,Unsuitable,black,YES,240.470577,2634.61304,26.7189530000001
387000,4240000,CB5MH_MD,63.97638,1e+06,0.59,79.71,387000 4240000,19.5,Unsuitable,black,YES,240.470577,2634.61304,26.7189530000001
387000,4240000,CB5MH_MD,103.34646,1e+06,0.7,79.5,387000 4240000,31.5,Unsuitable,black,YES,240.470577,2634.61304,26.7189530000001
387000,4240000,CB5MH_MD,83.66142,1e+06,0.69,79.7,387000 4240000,25.5,Unsuitable,black,YES,240.470577,2634.61304,26.7189530000001
387000,4240000,CB5MH_MD,80.38058,1e+06,0.69,79.7,387000 4240000,24.5,Unsuitable,black,YES,240.470577,2634.61304,26.7189530000001
387000,4240000,CB5MH_MD,86.94226,1e+06,0.69,79.69,387000 4240000,26.5,Unsuitable,black,YES,240.470577,2634.61304,26.7189530000001
387000,4241000,CB5MH_MD,54.13386,1e+06,0.6,80.1,387000 4241000,16.5,Unsuitable,black,YES,240.470577,2635.234411,27.3403239999998
387000,4241000,CB5MH_MD,80.38058,1e+06,0.7,79.7,387000 4241000,24.5,Unsuitable,black,YES,240.470577,2635.234411,27.3403239999998
387000,4241000,CB5MH_MD,37.72966,1e+06,0.98,81.3,387000 4241000,11.5,Unsuitable,black,YES,240.470577,2635.234411,27.3403239999998
387000,4241000,CB5MH_MD,90.2231,1e+06,0.7,79.7,387000 4241000,27.5,Unsuitable,black,YES,240.470577,2635.234411,27.3403239999998
387000,4241000,CB5MH_MD,86.94226,1e+06,0.7,79.7,387000 4241000,26.5,Unsuitable,black,YES,240.470577,2635.234411,27.3403239999998
387000,4241000,CB5MH_MD,73.8189,1e+06,0.67,79.7,387000 4241000,22.5,Unsuitable,black,YES,240.470577,2635.234411,27.3403239999998
387000,4241000,CB5MH_MD,109.90814,1e+06,0.7,79.3,387000 4241000,33.5,Unsuitable,black,YES,240.470577,2635.234411,27.3403239999998
387000,4241000,CB5MH_MD,34.44882,1e+06,1.08,81.3,387000 4241000,10.5,Unsuitable,black,YES,240.470577,2635.234411,27.3403239999998
387000,4241000,CB5MH_MD,57.4147,1e+06,0.6,79.8,387000 4241000,17.5,Unsuitable,black,YES,240.470577,2635.234411,27.3403239999998
387000,4241000,CB5MH_MD,83.66142,1e+06,0.7,79.7,387000 4241000,25.5,Unsuitable,black,YES,240.470577,2635.234411,27.3403239999998
387000,4241000,CB5MH_MD,106.6273,1e+06,0.7,79.4,387000 4241000,32.5,Unsuitable,black,YES,240.470577,2635.234411,27.3403239999998
387000,4241000,CB5MH_MD,63.97638,1e+06,0.6,79.7,387000 4241000,19.5,Unsuitable,black,YES,240.470577,2635.234411,27.3403239999998
387000,4241000,CB5MH_MD,41.0105,1e+06,0.93,81.2,387000 4241000,12.5,Unsuitable,black,YES,240.470577,2635.234411,27.3403239999998
387000,4241000,CB5MH_MD,44.29134,1e+06,0.77,81,387000 4241000,13.5,Unsuitable,black,YES,240.470577,2635.234411,27.3403239999998
387000,4241000,CB5MH_MD,93.50394,1e+06,0.7,79.6,387000 4241000,28.5,Unsuitable,black,YES,240.470577,2635.234411,27.3403239999998
387000,4241000,CB5MH_MD,31.16798,1e+06,1.44,81.4,387000 4241000,9.5,Unsuitable,black,YES,240.470577,2635.234411,27.3403239999998
387000,4241000,CB5MH_MD,103.34646,1e+06,0.7,79.5,387000 4241000,31.5,Unsuitable,black,YES,240.470577,2635.234411,27.3403239999998
387000,4241000,CB5MH_MD,96.78478,1e+06,0.7,79.5,387000 4241000,29.5,Unsuitable,black,YES,240.470577,2635.234411,27.3403239999998
387000,4241000,CB5MH_MD,50.85302,1e+06,0.66,80.41,387000 4241000,15.5,Unsuitable,black,YES,240.470577,2635.234411,27.3403239999998
387000,4241000,CB5MH_MD,24.6063,1e+06,2.37,81.47,387000 4241000,7.5,Marginal,orange,YES,240.470577,2635.234411,27.3403239999998
387000,4241000,CB5MH_MD,27.88714,1e+06,1.87,81.47,387000 4241000,8.5,Unsuitable,black,YES,240.470577,2635.234411,27.3403239999998
387000,4241000,CB5MH_MD,47.57218,1e+06,0.72,80.8,387000 4241000,14.5,Unsuitable,black,YES,240.470577,2635.234411,27.3403239999998
387000,4241000,CB5MH_MD,14.76378,1e+06,3.79,81.37,387000 4241000,4.5,Tolerable,yellow,YES,240.470577,2635.234411,27.3403239999998
387000,4241000,CB5MH_MD,18.04462,1e+06,3.49,81.47,387000 4241000,5.5,Tolerable,yellow,YES,240.470577,2635.234411,27.3403239999998
387000,4241000,CB5MH_MD,11.48294,1e+06,5.1,81.08,387000 4241000,3.5,Suitable,dodgerblue,YES,240.470577,2635.234411,27.3403239999998
387000,4241000,CB5MH_MD,8.2021,1e+06,6.37,80.88,387000 4241000,2.5,Suitable,dodgerblue,YES,240.470577,2635.234411,27.3403239999998
387000,4241000,CB5MH_MD,67.25722,1e+06,0.6,79.7,387000 4241000,20.5,Unsuitable,black,YES,240.470577,2635.234411,27.3403239999998
387000,4241000,CB5MH_MD,77.09974,1e+06,0.7,79.7,387000 4241000,23.5,Unsuitable,black,YES,240.470577,2635.234411,27.3403239999998
387000,4241000,CB5MH_MD,100.06562,1e+06,0.7,79.5,387000 4241000,30.5,Unsuitable,black,YES,240.470577,2635.234411,27.3403239999998
387000,4241000,CB5MH_MD,60.69554,1e+06,0.6,79.7,387000 4241000,18.5,Unsuitable,black,YES,240.470577,2635.234411,27.3403239999998
387000,4241000,CB5MH_MD,1.64042,1e+06,7.25,80.69,387000 4241000,0.5,Suitable,dodgerblue,YES,240.470577,2635.234411,27.3403239999998
387000,4241000,CB5MH_MD,4.92126,1e+06,6.76,80.69,387000 4241000,1.5,Suitable,dodgerblue,YES,240.470577,2635.234411,27.3403239999998
387000,4241000,CB5MH_MD,70.53806,1e+06,0.62,79.7,387000 4241000,21.5,Unsuitable,black,YES,240.470577,2635.234411,27.3403239999998
387000,4241000,CB5MH_MD,21.32546,1e+06,3.05,81.47,387000 4241000,6.5,Tolerable,yellow,YES,240.470577,2635.234411,27.3403239999998
387000,4242000,CB5MH_MD,31.16798,1e+06,1.4,81.4,387000 4242000,9.5,Unsuitable,black,YES,240.470577,2635.855782,27.961695
387000,4242000,CB5MH_MD,80.38058,1e+06,0.7,79.7,387000 4242000,24.5,Unsuitable,black,YES,240.470577,2635.855782,27.961695
387000,4242000,CB5MH_MD,60.69554,1e+06,0.6,79.7,387000 4242000,18.5,Unsuitable,black,YES,240.470577,2635.855782,27.961695
387000,4242000,CB5MH_MD,93.50394,1e+06,0.7,79.6,387000 4242000,28.5,Unsuitable,black,YES,240.470577,2635.855782,27.961695
387000,4242000,CB5MH_MD,54.13386,1e+06,0.6,80.1,387000 4242000,16.5,Unsuitable,black,YES,240.470577,2635.855782,27.961695
387000,4242000,CB5MH_MD,83.66142,1e+06,0.7,79.7,387000 4242000,25.5,Unsuitable,black,YES,240.470577,2635.855782,27.961695
387000,4242000,CB5MH_MD,8.2021,1e+06,6.35,80.9,387000 4242000,2.5,Suitable,dodgerblue,YES,240.470577,2635.855782,27.961695
387000,4242000,CB5MH_MD,27.88714,1e+06,1.75,81.5,387000 4242000,8.5,Unsuitable,black,YES,240.470577,2635.855782,27.961695
387000,4242000,CB5MH_MD,24.6063,1e+06,2.25,81.5,387000 4242000,7.5,Marginal,orange,YES,240.470577,2635.855782,27.961695
387000,4242000,CB5MH_MD,77.09974,1e+06,0.7,79.7,387000 4242000,23.5,Unsuitable,black,YES,240.470577,2635.855782,27.961695
387000,4242000,CB5MH_MD,67.25722,1e+06,0.6,79.7,387000 4242000,20.5,Unsuitable,black,YES,240.470577,2635.855782,27.961695
387000,4242000,CB5MH_MD,1.64042,1e+06,7.25,80.7,387000 4242000,0.5,Suitable,dodgerblue,YES,240.470577,2635.855782,27.961695
387000,4242000,CB5MH_MD,73.8189,1e+06,0.67,79.7,387000 4242000,22.5,Unsuitable,black,YES,240.470577,2635.855782,27.961695
387000,4242000,CB5MH_MD,41.0105,1e+06,0.9,81.2,387000 4242000,12.5,Unsuitable,black,YES,240.470577,2635.855782,27.961695
387000,4242000,CB5MH_MD,44.29134,1e+06,0.75,81,387000 4242000,13.5,Unsuitable,black,YES,240.470577,2635.855782,27.961695
387000,4242000,CB5MH_MD,63.97638,1e+06,0.6,79.7,387000 4242000,19.5,Unsuitable,black,YES,240.470577,2635.855782,27.961695
387000,4242000,CB5MH_MD,106.6273,1e+06,0.7,79.4,387000 4242000,32.5,Unsuitable,black,YES,240.470577,2635.855782,27.961695
387000,4242000,CB5MH_MD,47.57218,1e+06,0.7,80.8,387000 4242000,14.5,Unsuitable,black,YES,240.470577,2635.855782,27.961695
387000,4242000,CB5MH_MD,70.53806,1e+06,0.62,79.7,387000 4242000,21.5,Unsuitable,black,YES,240.470577,2635.855782,27.961695
387000,4242000,CB5MH_MD,21.32546,1e+06,2.95,81.5,387000 4242000,6.5,Marginal,orange,YES,240.470577,2635.855782,27.961695
387000,4242000,CB5MH_MD,37.72966,1e+06,0.95,81.3,387000 4242000,11.5,Unsuitable,black,YES,240.470577,2635.855782,27.961695
387000,4242000,CB5MH_MD,100.06562,1e+06,0.7,79.5,387000 4242000,30.5,Unsuitable,black,YES,240.470577,2635.855782,27.961695
387000,4242000,CB5MH_MD,57.4147,1e+06,0.6,79.8,387000 4242000,17.5,Unsuitable,black,YES,240.470577,2635.855782,27.961695
387000,4242000,CB5MH_MD,96.78478,1e+06,0.7,79.5,387000 4242000,29.5,Unsuitable,black,YES,240.470577,2635.855782,27.961695
387000,4242000,CB5MH_MD,11.48294,1e+06,5.05,81.1,387000 4242000,3.5,Suitable,dodgerblue,YES,240.470577,2635.855782,27.961695
387000,4242000,CB5MH_MD,4.92126,1e+06,6.75,80.7,387000 4242000,1.5,Suitable,dodgerblue,YES,240.470577,2635.855782,27.961695
387000,4242000,CB5MH_MD,34.44882,1e+06,1.05,81.3,387000 4242000,10.5,Unsuitable,black,YES,240.470577,2635.855782,27.961695
387000,4242000,CB5MH_MD,50.85302,1e+06,0.65,80.4,387000 4242000,15.5,Unsuitable,black,YES,240.470577,2635.855782,27.961695
387000,4242000,CB5MH_MD,14.76378,1e+06,3.7,81.4,387000 4242000,4.5,Tolerable,yellow,YES,240.470577,2635.855782,27.961695
387000,4242000,CB5MH_MD,90.2231,1e+06,0.7,79.7,387000 4242000,27.5,Unsuitable,black,YES,240.470577,2635.855782,27.961695
387000,4242000,CB5MH_MD,113.18898,1e+06,0.7,79.3,387000 4242000,34.5,Unsuitable,black,YES,240.470577,2635.855782,27.961695
387000,4242000,CB5MH_MD,18.04462,1e+06,3.4,81.5,387000 4242000,5.5,Tolerable,yellow,YES,240.470577,2635.855782,27.961695
387000,4242000,CB5MH_MD,86.94226,1e+06,0.7,79.7,387000 4242000,26.5,Unsuitable,black,YES,240.470577,2635.855782,27.961695
387000,4242000,CB5MH_MD,109.90814,1e+06,0.7,79.3,387000 4242000,33.5,Unsuitable,black,YES,240.470577,2635.855782,27.961695
387000,4242000,CB5MH_MD,103.34646,1e+06,0.7,79.5,387000 4242000,31.5,Unsuitable,black,YES,240.470577,2635.855782,27.961695
387000,4243000,CB5MH_MD,11.48294,1e+06,5.13,81.07,387000 4243000,3.5,Suitable,dodgerblue,YES,240.470577,2636.477153,28.5830660000002
387000,4243000,CB5MH_MD,113.18898,1e+06,0.7,79.3,387000 4243000,34.5,Unsuitable,black,YES,240.470577,2636.477153,28.5830660000002
387000,4243000,CB5MH_MD,73.8189,1e+06,0.67,79.7,387000 4243000,22.5,Unsuitable,black,YES,240.470577,2636.477153,28.5830660000002
387000,4243000,CB5MH_MD,1.64042,1e+06,7.25,80.68,387000 4243000,0.5,Suitable,dodgerblue,YES,240.470577,2636.477153,28.5830660000002
387000,4243000,CB5MH_MD,57.4147,1e+06,0.6,79.8,387000 4243000,17.5,Unsuitable,black,YES,240.470577,2636.477153,28.5830660000002
387000,4243000,CB5MH_MD,86.94226,1e+06,0.69,79.7,387000 4243000,26.5,Unsuitable,black,YES,240.470577,2636.477153,28.5830660000002
387000,4243000,CB5MH_MD,109.90814,1e+06,0.7,79.3,387000 4243000,33.5,Unsuitable,black,YES,240.470577,2636.477153,28.5830660000002
387000,4243000,CB5MH_MD,34.44882,1e+06,1.09,81.3,387000 4243000,10.5,Unsuitable,black,YES,240.470577,2636.477153,28.5830660000002
387000,4243000,CB5MH_MD,8.2021,1e+06,6.38,80.88,387000 4243000,2.5,Suitable,dodgerblue,YES,240.470577,2636.477153,28.5830660000002
387000,4243000,CB5MH_MD,67.25722,1e+06,0.6,79.7,387000 4243000,20.5,Unsuitable,black,YES,240.470577,2636.477153,28.5830660000002
387000,4243000,CB5MH_MD,83.66142,1e+06,0.69,79.7,387000 4243000,25.5,Unsuitable,black,YES,240.470577,2636.477153,28.5830660000002
387000,4243000,CB5MH_MD,60.69554,1e+06,0.6,79.7,387000 4243000,18.5,Unsuitable,black,YES,240.470577,2636.477153,28.5830660000002
387000,4243000,CB5MH_MD,4.92126,1e+06,6.77,80.68,387000 4243000,1.5,Suitable,dodgerblue,YES,240.470577,2636.477153,28.5830660000002
387000,4243000,CB5MH_MD,54.13386,1e+06,0.6,80.1,387000 4243000,16.5,Unsuitable,black,YES,240.470577,2636.477153,28.5830660000002
387000,4243000,CB5MH_MD,77.09974,1e+06,0.69,79.7,387000 4243000,23.5,Unsuitable,black,YES,240.470577,2636.477153,28.5830660000002
387000,4243000,CB5MH_MD,63.97638,1e+06,0.6,79.7,387000 4243000,19.5,Unsuitable,black,YES,240.470577,2636.477153,28.5830660000002
387000,4243000,CB5MH_MD,21.32546,1e+06,3.08,81.46,387000 4243000,6.5,Tolerable,yellow,YES,240.470577,2636.477153,28.5830660000002
387000,4243000,CB5MH_MD,27.88714,1e+06,1.92,81.46,387000 4243000,8.5,Unsuitable,black,YES,240.470577,2636.477153,28.5830660000002
387000,4243000,CB5MH_MD,70.53806,1e+06,0.62,79.7,387000 4243000,21.5,Unsuitable,black,YES,240.470577,2636.477153,28.5830660000002
387000,4243000,CB5MH_MD,24.6063,1e+06,2.41,81.46,387000 4243000,7.5,Marginal,orange,YES,240.470577,2636.477153,28.5830660000002
387000,4243000,CB5MH_MD,47.57218,1e+06,0.72,80.8,387000 4243000,14.5,Unsuitable,black,YES,240.470577,2636.477153,28.5830660000002
387000,4243000,CB5MH_MD,31.16798,1e+06,1.45,81.39,387000 4243000,9.5,Unsuitable,black,YES,240.470577,2636.477153,28.5830660000002
387000,4243000,CB5MH_MD,103.34646,1e+06,0.7,79.5,387000 4243000,31.5,Unsuitable,black,YES,240.470577,2636.477153,28.5830660000002
387000,4243000,CB5MH_MD,50.85302,1e+06,0.66,80.41,387000 4243000,15.5,Unsuitable,black,YES,240.470577,2636.477153,28.5830660000002
387000,4243000,CB5MH_MD,100.06562,1e+06,0.7,79.5,387000 4243000,30.5,Unsuitable,black,YES,240.470577,2636.477153,28.5830660000002
387000,4243000,CB5MH_MD,18.04462,1e+06,3.52,81.46,387000 4243000,5.5,Tolerable,yellow,YES,240.470577,2636.477153,28.5830660000002
387000,4243000,CB5MH_MD,14.76378,1e+06,3.82,81.36,387000 4243000,4.5,Tolerable,yellow,YES,240.470577,2636.477153,28.5830660000002
387000,4243000,CB5MH_MD,96.78478,1e+06,0.7,79.5,387000 4243000,29.5,Unsuitable,black,YES,240.470577,2636.477153,28.5830660000002
387000,4243000,CB5MH_MD,90.2231,1e+06,0.69,79.7,387000 4243000,27.5,Unsuitable,black,YES,240.470577,2636.477153,28.5830660000002
387000,4243000,CB5MH_MD,37.72966,1e+06,0.99,81.3,387000 4243000,11.5,Unsuitable,black,YES,240.470577,2636.477153,28.5830660000002
387000,4243000,CB5MH_MD,106.6273,1e+06,0.7,79.4,387000 4243000,32.5,Unsuitable,black,YES,240.470577,2636.477153,28.5830660000002
387000,4243000,CB5MH_MD,93.50394,1e+06,0.7,79.6,387000 4243000,28.5,Unsuitable,black,YES,240.470577,2636.477153,28.5830660000002
387000,4243000,CB5MH_MD,44.29134,1e+06,0.78,81,387000 4243000,13.5,Unsuitable,black,YES,240.470577,2636.477153,28.5830660000002
387000,4243000,CB5MH_MD,80.38058,1e+06,0.69,79.7,387000 4243000,24.5,Unsuitable,black,YES,240.470577,2636.477153,28.5830660000002
387000,4243000,CB5MH_MD,41.0105,1e+06,0.93,81.2,387000 4243000,12.5,Unsuitable,black,YES,240.470577,2636.477153,28.5830660000002
387000,4327000,CB3MH,34.44882,1e+06,0.11,79.89,387000 4327000,10.5,Unsuitable,black,YES,240.470577,2688.672317,80.7782299999999
387000,4327000,CB3MH,1.64042,1e+06,8.16,79.39,387000 4327000,0.5,Suitable,dodgerblue,YES,240.470577,2688.672317,80.7782299999999
387000,4327000,CB3MH,18.04462,1e+06,2.45,79.99,387000 4327000,5.5,Marginal,orange,YES,240.470577,2688.672317,80.7782299999999
387000,4327000,CB3MH,11.48294,1e+06,5.22,79.67,387000 4327000,3.5,Suitable,dodgerblue,YES,240.470577,2688.672317,80.7782299999999
387000,4327000,CB3MH,27.88714,1e+06,0.22,79.55,387000 4327000,8.5,Unsuitable,black,YES,240.470577,2688.672317,80.7782299999999
387000,4327000,CB3MH,24.6063,1e+06,0.55,79.62,387000 4327000,7.5,Unsuitable,black,YES,240.470577,2688.672317,80.7782299999999
387000,4327000,CB3MH,21.32546,1e+06,2.22,79.82,387000 4327000,6.5,Marginal,orange,YES,240.470577,2688.672317,80.7782299999999
387000,4327000,CB3MH,37.72966,1e+06,0.12,79.87,387000 4327000,11.5,Unsuitable,black,YES,240.470577,2688.672317,80.7782299999999
387000,4327000,CB3MH,14.76378,1e+06,3.28,79.96,387000 4327000,4.5,Tolerable,yellow,YES,240.470577,2688.672317,80.7782299999999
387000,4327000,CB3MH,8.2021,1e+06,6.93,79.4,387000 4327000,2.5,Suitable,dodgerblue,YES,240.470577,2688.672317,80.7782299999999
387000,4327000,CB3MH,31.16798,1e+06,0.17,79.5,387000 4327000,9.5,Unsuitable,black,YES,240.470577,2688.672317,80.7782299999999
387000,4327000,CB3MH,4.92126,1e+06,7.71,79.36,387000 4327000,1.5,Suitable,dodgerblue,YES,240.470577,2688.672317,80.7782299999999
387000,4328000,CB3MH,14.76378,1e+06,3.05,79.94,387000 4328000,4.5,Tolerable,yellow,YES,240.470577,2689.293688,81.3996010000001
387000,4328000,CB3MH,1.64042,1e+06,8.12,79.25,387000 4328000,0.5,Suitable,dodgerblue,YES,240.470577,2689.293688,81.3996010000001
387000,4328000,CB3MH,21.32546,1e+06,1.93,79.78,387000 4328000,6.5,Unsuitable,black,YES,240.470577,2689.293688,81.3996010000001
387000,4328000,CB3MH,31.16798,1e+06,0.18,79.44,387000 4328000,9.5,Unsuitable,black,YES,240.470577,2689.293688,81.3996010000001
387000,4328000,CB3MH,18.04462,1e+06,2.21,79.98,387000 4328000,5.5,Marginal,orange,YES,240.470577,2689.293688,81.3996010000001
387000,4328000,CB3MH,24.6063,1e+06,0.48,79.58,387000 4328000,7.5,Unsuitable,black,YES,240.470577,2689.293688,81.3996010000001
387000,4328000,CB3MH,11.48294,1e+06,5.14,79.57,387000 4328000,3.5,Suitable,dodgerblue,YES,240.470577,2689.293688,81.3996010000001
387000,4328000,CB3MH,27.88714,1e+06,0.21,79.5,387000 4328000,8.5,Unsuitable,black,YES,240.470577,2689.293688,81.3996010000001
387000,4328000,CB3MH,8.2021,1e+06,6.97,79.26,387000 4328000,2.5,Suitable,dodgerblue,YES,240.470577,2689.293688,81.3996010000001
387000,4328000,CB3MH,4.92126,1e+06,7.71,79.22,387000 4328000,1.5,Suitable,dodgerblue,YES,240.470577,2689.293688,81.3996010000001
387000,4329000,CB3MH,24.6063,1e+06,0.41,79.55,387000 4329000,7.5,Unsuitable,black,YES,240.470577,2689.915059,82.0209719999998
387000,4329000,CB3MH,18.04462,1e+06,1.91,79.96,387000 4329000,5.5,Unsuitable,black,YES,240.470577,2689.915059,82.0209719999998
387000,4329000,CB3MH,27.88714,1e+06,0.2,79.46,387000 4329000,8.5,Unsuitable,black,YES,240.470577,2689.915059,82.0209719999998
387000,4329000,CB3MH,31.16798,1e+06,0.18,79.39,387000 4329000,9.5,Unsuitable,black,YES,240.470577,2689.915059,82.0209719999998
387000,4329000,CB3MH,1.64042,1e+06,8.05,79.09,387000 4329000,0.5,Suitable,dodgerblue,YES,240.470577,2689.915059,82.0209719999998
387000,4329000,CB3MH,4.92126,1e+06,7.71,79.07,387000 4329000,1.5,Suitable,dodgerblue,YES,240.470577,2689.915059,82.0209719999998
387000,4329000,CB3MH,21.32546,1e+06,1.61,79.75,387000 4329000,6.5,Unsuitable,black,YES,240.470577,2689.915059,82.0209719999998
387000,4329000,CB3MH,8.2021,1e+06,7,79.1,387000 4329000,2.5,Suitable,dodgerblue,YES,240.470577,2689.915059,82.0209719999998
387000,4329000,CB3MH,14.76378,1e+06,2.78,79.91,387000 4329000,4.5,Marginal,orange,YES,240.470577,2689.915059,82.0209719999998
387000,4329000,CB3MH,11.48294,1e+06,5.02,79.47,387000 4329000,3.5,Suitable,dodgerblue,YES,240.470577,2689.915059,82.0209719999998
387000,4330000,CB3MH,37.72966,1e+06,0.14,79.75,387000 4330000,11.5,Unsuitable,black,YES,240.470577,2690.53643,82.642343
387000,4330000,CB3MH,1.64042,1e+06,7.97,78.92,387000 4330000,0.5,Suitable,dodgerblue,YES,240.470577,2690.53643,82.642343
387000,4330000,CB3MH,34.44882,1e+06,0.12,79.79,387000 4330000,10.5,Unsuitable,black,YES,240.470577,2690.53643,82.642343
387000,4330000,CB3MH,4.92126,1e+06,7.69,78.91,387000 4330000,1.5,Suitable,dodgerblue,YES,240.470577,2690.53643,82.642343
387000,4330000,CB3MH,18.04462,1e+06,1.6,79.95,387000 4330000,5.5,Unsuitable,black,YES,240.470577,2690.53643,82.642343
387000,4330000,CB3MH,21.32546,1e+06,1.28,79.71,387000 4330000,6.5,Unsuitable,black,YES,240.470577,2690.53643,82.642343
387000,4330000,CB3MH,11.48294,1e+06,4.9,79.35,387000 4330000,3.5,Suitable,dodgerblue,YES,240.470577,2690.53643,82.642343
387000,4330000,CB3MH,8.2021,1e+06,7.02,78.93,387000 4330000,2.5,Suitable,dodgerblue,YES,240.470577,2690.53643,82.642343
387000,4330000,CB3MH,24.6063,1e+06,0.34,79.51,387000 4330000,7.5,Unsuitable,black,YES,240.470577,2690.53643,82.642343
387000,4330000,CB3MH,14.76378,1e+06,2.49,79.88,387000 4330000,4.5,Marginal,orange,YES,240.470577,2690.53643,82.642343
387000,4330000,CB3MH,27.88714,1e+06,0.19,79.42,387000 4330000,8.5,Unsuitable,black,YES,240.470577,2690.53643,82.642343
387000,4330000,CB3MH,31.16798,1e+06,0.19,79.34,387000 4330000,9.5,Unsuitable,black,YES,240.470577,2690.53643,82.642343
388000,4236000,CB5MH_MD,34.44882,1e+06,1.86,81.3,388000 4236000,10.5,Unsuitable,black,YES,241.091948,2632.127556,24.2334689999998
388000,4236000,CB5MH_MD,8.2021,1e+06,6.72,80.74,388000 4236000,2.5,Suitable,dodgerblue,YES,241.091948,2632.127556,24.2334689999998
388000,4236000,CB5MH_MD,77.09974,1e+06,0.65,79.69,388000 4236000,23.5,Unsuitable,black,YES,241.091948,2632.127556,24.2334689999998
388000,4236000,CB5MH_MD,1.64042,1e+06,7.28,80.6,388000 4236000,0.5,Suitable,dodgerblue,YES,241.091948,2632.127556,24.2334689999998
388000,4236000,CB5MH_MD,37.72966,1e+06,1.65,81.31,388000 4236000,11.5,Unsuitable,black,YES,241.091948,2632.127556,24.2334689999998
388000,4236000,CB5MH_MD,21.32546,1e+06,4.55,81.15,388000 4236000,6.5,Suitable,dodgerblue,YES,241.091948,2632.127556,24.2334689999998
388000,4236000,CB5MH_MD,4.92126,1e+06,6.98,80.61,388000 4236000,1.5,Suitable,dodgerblue,YES,241.091948,2632.127556,24.2334689999998
388000,4236000,CB5MH_MD,11.48294,1e+06,5.92,80.86,388000 4236000,3.5,Suitable,dodgerblue,YES,241.091948,2632.127556,24.2334689999998
388000,4236000,CB5MH_MD,60.69554,1e+06,0.59,79.79,388000 4236000,18.5,Unsuitable,black,YES,241.091948,2632.127556,24.2334689999998
388000,4236000,CB5MH_MD,27.88714,1e+06,3.67,81.13,388000 4236000,8.5,Tolerable,yellow,YES,241.091948,2632.127556,24.2334689999998
388000,4236000,CB5MH_MD,63.97638,1e+06,0.59,79.76,388000 4236000,19.5,Unsuitable,black,YES,241.091948,2632.127556,24.2334689999998
388000,4236000,CB5MH_MD,24.6063,1e+06,4.07,81.13,388000 4236000,7.5,Suitable,dodgerblue,YES,241.091948,2632.127556,24.2334689999998
388000,4236000,CB5MH_MD,18.04462,1e+06,4.85,81.14,388000 4236000,5.5,Suitable,dodgerblue,YES,241.091948,2632.127556,24.2334689999998
388000,4236000,CB5MH_MD,67.25722,1e+06,0.59,79.75,388000 4236000,20.5,Unsuitable,black,YES,241.091948,2632.127556,24.2334689999998
388000,4236000,CB5MH_MD,80.38058,1e+06,0.65,79.68,388000 4236000,24.5,Unsuitable,black,YES,241.091948,2632.127556,24.2334689999998
388000,4236000,CB5MH_MD,44.29134,1e+06,1.26,81.05,388000 4236000,13.5,Unsuitable,black,YES,241.091948,2632.127556,24.2334689999998
388000,4236000,CB5MH_MD,73.8189,1e+06,0.64,79.72,388000 4236000,22.5,Unsuitable,black,YES,241.091948,2632.127556,24.2334689999998
388000,4236000,CB5MH_MD,50.85302,1e+06,0.93,80.57,388000 4236000,15.5,Unsuitable,black,YES,241.091948,2632.127556,24.2334689999998
388000,4236000,CB5MH_MD,47.57218,1e+06,1.09,80.89,388000 4236000,14.5,Unsuitable,black,YES,241.091948,2632.127556,24.2334689999998
388000,4236000,CB5MH_MD,14.76378,1e+06,5.08,81.07,388000 4236000,4.5,Suitable,dodgerblue,YES,241.091948,2632.127556,24.2334689999998
388000,4236000,CB5MH_MD,54.13386,1e+06,0.62,80.19,388000 4236000,16.5,Unsuitable,black,YES,241.091948,2632.127556,24.2334689999998
388000,4236000,CB5MH_MD,70.53806,1e+06,0.6,79.74,388000 4236000,21.5,Unsuitable,black,YES,241.091948,2632.127556,24.2334689999998
388000,4236000,CB5MH_MD,31.16798,1e+06,2.39,81.31,388000 4236000,9.5,Marginal,orange,YES,241.091948,2632.127556,24.2334689999998
388000,4236000,CB5MH_MD,57.4147,1e+06,0.59,79.89,388000 4236000,17.5,Unsuitable,black,YES,241.091948,2632.127556,24.2334689999998
388000,4236000,CB5MH_MD,41.0105,1e+06,1.5,81.22,388000 4236000,12.5,Unsuitable,black,YES,241.091948,2632.127556,24.2334689999998
388000,4237000,CB5MH_MD,73.8189,1e+06,0.64,79.71,388000 4237000,22.5,Unsuitable,black,YES,241.091948,2632.748927,24.85484
388000,4237000,CB5MH_MD,80.38058,1e+06,0.66,79.68,388000 4237000,24.5,Unsuitable,black,YES,241.091948,2632.748927,24.85484
388000,4237000,CB5MH_MD,70.53806,1e+06,0.6,79.73,388000 4237000,21.5,Unsuitable,black,YES,241.091948,2632.748927,24.85484
388000,4237000,CB5MH_MD,34.44882,1e+06,1.69,81.3,388000 4237000,10.5,Unsuitable,black,YES,241.091948,2632.748927,24.85484
388000,4237000,CB5MH_MD,41.0105,1e+06,1.38,81.21,388000 4237000,12.5,Unsuitable,black,YES,241.091948,2632.748927,24.85484
388000,4237000,CB5MH_MD,67.25722,1e+06,0.59,79.73,388000 4237000,20.5,Unsuitable,black,YES,241.091948,2632.748927,24.85484
388000,4237000,CB5MH_MD,93.50394,1e+06,0.7,79.59,388000 4237000,28.5,Unsuitable,black,YES,241.091948,2632.748927,24.85484
388000,4237000,CB5MH_MD,57.4147,1e+06,0.59,79.87,388000 4237000,17.5,Unsuitable,black,YES,241.091948,2632.748927,24.85484
388000,4237000,CB5MH_MD,44.29134,1e+06,1.15,81.04,388000 4237000,13.5,Unsuitable,black,YES,241.091948,2632.748927,24.85484
388000,4237000,CB5MH_MD,60.69554,1e+06,0.59,79.76,388000 4237000,18.5,Unsuitable,black,YES,241.091948,2632.748927,24.85484
388000,4237000,CB5MH_MD,1.64042,1e+06,7.27,80.6,388000 4237000,0.5,Suitable,dodgerblue,YES,241.091948,2632.748927,24.85484
388000,4237000,CB5MH_MD,86.94226,1e+06,0.66,79.68,388000 4237000,26.5,Unsuitable,black,YES,241.091948,2632.748927,24.85484
388000,4237000,CB5MH_MD,47.57218,1e+06,1.01,80.86,388000 4237000,14.5,Unsuitable,black,YES,241.091948,2632.748927,24.85484
388000,4237000,CB5MH_MD,83.66142,1e+06,0.66,79.68,388000 4237000,25.5,Unsuitable,black,YES,241.091948,2632.748927,24.85484
388000,4237000,CB5MH_MD,90.2231,1e+06,0.66,79.67,388000 4237000,27.5,Unsuitable,black,YES,241.091948,2632.748927,24.85484
388000,4237000,CB5MH_MD,8.2021,1e+06,6.65,80.76,388000 4237000,2.5,Suitable,dodgerblue,YES,241.091948,2632.748927,24.85484
388000,4237000,CB5MH_MD,50.85302,1e+06,0.87,80.53,388000 4237000,15.5,Unsuitable,black,YES,241.091948,2632.748927,24.85484
388000,4237000,CB5MH_MD,14.76378,1e+06,4.83,81.11,388000 4237000,4.5,Suitable,dodgerblue,YES,241.091948,2632.748927,24.85484
388000,4237000,CB5MH_MD,77.09974,1e+06,0.66,79.69,388000 4237000,23.5,Unsuitable,black,YES,241.091948,2632.748927,24.85484
388000,4237000,CB5MH_MD,109.90814,1e+06,0.7,79.3,388000 4237000,33.5,Unsuitable,black,YES,241.091948,2632.748927,24.85484
388000,4237000,CB5MH_MD,37.72966,1e+06,1.5,81.3,388000 4237000,11.5,Unsuitable,black,YES,241.091948,2632.748927,24.85484
388000,4237000,CB5MH_MD,100.06562,1e+06,0.7,79.5,388000 4237000,30.5,Unsuitable,black,YES,241.091948,2632.748927,24.85484
388000,4237000,CB5MH_MD,106.6273,1e+06,0.7,79.4,388000 4237000,32.5,Unsuitable,black,YES,241.091948,2632.748927,24.85484
388000,4237000,CB5MH_MD,116.46982,1e+06,0.7,79.3,388000 4237000,35.5,Unsuitable,black,YES,241.091948,2632.748927,24.85484
388000,4237000,CB5MH_MD,18.04462,1e+06,4.59,81.19,388000 4237000,5.5,Suitable,dodgerblue,YES,241.091948,2632.748927,24.85484
388000,4237000,CB5MH_MD,63.97638,1e+06,0.59,79.74,388000 4237000,19.5,Unsuitable,black,YES,241.091948,2632.748927,24.85484
388000,4237000,CB5MH_MD,21.32546,1e+06,4.26,81.2,388000 4237000,6.5,Suitable,dodgerblue,YES,241.091948,2632.748927,24.85484
388000,4237000,CB5MH_MD,31.16798,1e+06,2.17,81.33,388000 4237000,9.5,Marginal,orange,YES,241.091948,2632.748927,24.85484
388000,4237000,CB5MH_MD,54.13386,1e+06,0.61,80.16,388000 4237000,16.5,Unsuitable,black,YES,241.091948,2632.748927,24.85484
388000,4237000,CB5MH_MD,24.6063,1e+06,3.75,81.18,388000 4237000,7.5,Tolerable,yellow,YES,241.091948,2632.748927,24.85484
388000,4237000,CB5MH_MD,27.88714,1e+06,3.35,81.18,388000 4237000,8.5,Tolerable,yellow,YES,241.091948,2632.748927,24.85484
388000,4237000,CB5MH_MD,96.78478,1e+06,0.7,79.5,388000 4237000,29.5,Unsuitable,black,YES,241.091948,2632.748927,24.85484
388000,4237000,CB5MH_MD,11.48294,1e+06,5.76,80.89,388000 4237000,3.5,Suitable,dodgerblue,YES,241.091948,2632.748927,24.85484
388000,4237000,CB5MH_MD,113.18898,1e+06,0.7,79.3,388000 4237000,34.5,Unsuitable,black,YES,241.091948,2632.748927,24.85484
388000,4237000,CB5MH_MD,103.34646,1e+06,0.7,79.5,388000 4237000,31.5,Unsuitable,black,YES,241.091948,2632.748927,24.85484
388000,4237000,CB5MH_MD,4.92126,1e+06,6.92,80.61,388000 4237000,1.5,Suitable,dodgerblue,YES,241.091948,2632.748927,24.85484
388000,4238000,CB5MH_MD,60.69554,1e+06,0.59,79.74,388000 4238000,18.5,Unsuitable,black,YES,241.091948,2633.370298,25.4762109999997
388000,4238000,CB5MH_MD,77.09974,1e+06,0.67,79.69,388000 4238000,23.5,Unsuitable,black,YES,241.091948,2633.370298,25.4762109999997
388000,4238000,CB5MH_MD,34.44882,1e+06,1.51,81.3,388000 4238000,10.5,Unsuitable,black,YES,241.091948,2633.370298,25.4762109999997
388000,4238000,CB5MH_MD,73.8189,1e+06,0.65,79.7,388000 4238000,22.5,Unsuitable,black,YES,241.091948,2633.370298,25.4762109999997
388000,4238000,CB5MH_MD,67.25722,1e+06,0.59,79.72,388000 4238000,20.5,Unsuitable,black,YES,241.091948,2633.370298,25.4762109999997
388000,4238000,CB5MH_MD,44.29134,1e+06,1.04,81.02,388000 4238000,13.5,Unsuitable,black,YES,241.091948,2633.370298,25.4762109999997
388000,4238000,CB5MH_MD,63.97638,1e+06,0.59,79.73,388000 4238000,19.5,Unsuitable,black,YES,241.091948,2633.370298,25.4762109999997
388000,4238000,CB5MH_MD,54.13386,1e+06,0.6,80.14,388000 4238000,16.5,Unsuitable,black,YES,241.091948,2633.370298,25.4762109999997
388000,4238000,CB5MH_MD,47.57218,1e+06,0.92,80.84,388000 4238000,14.5,Unsuitable,black,YES,241.091948,2633.370298,25.4762109999997
388000,4238000,CB5MH_MD,24.6063,1e+06,3.32,81.25,388000 4238000,7.5,Tolerable,yellow,YES,241.091948,2633.370298,25.4762109999997
388000,4238000,CB5MH_MD,41.0105,1e+06,1.24,81.21,388000 4238000,12.5,Unsuitable,black,YES,241.091948,2633.370298,25.4762109999997
388000,4238000,CB5MH_MD,57.4147,1e+06,0.59,79.84,388000 4238000,17.5,Unsuitable,black,YES,241.091948,2633.370298,25.4762109999997
388000,4238000,CB5MH_MD,70.53806,1e+06,0.61,79.72,388000 4238000,21.5,Unsuitable,black,YES,241.091948,2633.370298,25.4762109999997
388000,4238000,CB5MH_MD,31.16798,1e+06,1.95,81.35,388000 4238000,9.5,Unsuitable,black,YES,241.091948,2633.370298,25.4762109999997
388000,4238000,CB5MH_MD,18.04462,1e+06,4.22,81.24,388000 4238000,5.5,Suitable,dodgerblue,YES,241.091948,2633.370298,25.4762109999997
388000,4238000,CB5MH_MD,27.88714,1e+06,2.91,81.25,388000 4238000,8.5,Marginal,orange,YES,241.091948,2633.370298,25.4762109999997
388000,4238000,CB5MH_MD,11.48294,1e+06,5.55,80.91,388000 4238000,3.5,Suitable,dodgerblue,YES,241.091948,2633.370298,25.4762109999997
388000,4238000,CB5MH_MD,86.94226,1e+06,0.67,79.68,388000 4238000,26.5,Unsuitable,black,YES,241.091948,2633.370298,25.4762109999997
388000,4238000,CB5MH_MD,14.76378,1e+06,4.49,81.17,388000 4238000,4.5,Suitable,dodgerblue,YES,241.091948,2633.370298,25.4762109999997
388000,4238000,CB5MH_MD,1.64042,1e+06,7.25,80.59,388000 4238000,0.5,Suitable,dodgerblue,YES,241.091948,2633.370298,25.4762109999997
388000,4238000,CB5MH_MD,37.72966,1e+06,1.35,81.3,388000 4238000,11.5,Unsuitable,black,YES,241.091948,2633.370298,25.4762109999997
388000,4238000,CB5MH_MD,21.32546,1e+06,3.86,81.25,388000 4238000,6.5,Tolerable,yellow,YES,241.091948,2633.370298,25.4762109999997
388000,4238000,CB5MH_MD,50.85302,1e+06,0.81,80.49,388000 4238000,15.5,Unsuitable,black,YES,241.091948,2633.370298,25.4762109999997
388000,4238000,CB5MH_MD,8.2021,1e+06,6.55,80.75,388000 4238000,2.5,Suitable,dodgerblue,YES,241.091948,2633.370298,25.4762109999997
388000,4238000,CB5MH_MD,4.92126,1e+06,6.86,80.59,388000 4238000,1.5,Suitable,dodgerblue,YES,241.091948,2633.370298,25.4762109999997
388000,4238000,CB5MH_MD,83.66142,1e+06,0.67,79.69,388000 4238000,25.5,Unsuitable,black,YES,241.091948,2633.370298,25.4762109999997
388000,4238000,CB5MH_MD,80.38058,1e+06,0.67,79.69,388000 4238000,24.5,Unsuitable,black,YES,241.091948,2633.370298,25.4762109999997
388000,4329000,CB3MH,8.2021,1e+06,6.99,79.08,388000 4329000,2.5,Suitable,dodgerblue,YES,241.091948,2689.915059,82.0209719999998
388000,4329000,CB3MH,31.16798,1e+06,0.18,79.39,388000 4329000,9.5,Unsuitable,black,YES,241.091948,2689.915059,82.0209719999998
388000,4329000,CB3MH,11.48294,1e+06,5,79.45,388000 4329000,3.5,Suitable,dodgerblue,YES,241.091948,2689.915059,82.0209719999998
388000,4329000,CB3MH,18.04462,1e+06,1.86,79.96,388000 4329000,5.5,Unsuitable,black,YES,241.091948,2689.915059,82.0209719999998
388000,4329000,CB3MH,21.32546,1e+06,1.56,79.74,388000 4329000,6.5,Unsuitable,black,YES,241.091948,2689.915059,82.0209719999998
388000,4329000,CB3MH,24.6063,1e+06,0.4,79.54,388000 4329000,7.5,Unsuitable,black,YES,241.091948,2689.915059,82.0209719999998
388000,4329000,CB3MH,27.88714,1e+06,0.21,79.46,388000 4329000,8.5,Unsuitable,black,YES,241.091948,2689.915059,82.0209719999998
388000,4329000,CB3MH,14.76378,1e+06,2.73,79.91,388000 4329000,4.5,Marginal,orange,YES,241.091948,2689.915059,82.0209719999998
388000,4329000,CB3MH,4.92126,1e+06,7.69,79.05,388000 4329000,1.5,Suitable,dodgerblue,YES,241.091948,2689.915059,82.0209719999998
388000,4329000,CB3MH,1.64042,1e+06,8.03,79.07,388000 4329000,0.5,Suitable,dodgerblue,YES,241.091948,2689.915059,82.0209719999998
389000,4234000,CB5MH_MD,44.29134,1e+06,1.42,81.09,389000 4234000,13.5,Unsuitable,black,YES,241.713319,2630.884814,22.9907269999999
389000,4234000,CB5MH_MD,41.0105,1e+06,1.7,81.24,389000 4234000,12.5,Unsuitable,black,YES,241.713319,2630.884814,22.9907269999999
389000,4234000,CB5MH_MD,34.44882,1e+06,2.15,81.31,389000 4234000,10.5,Marginal,orange,YES,241.713319,2630.884814,22.9907269999999
389000,4234000,CB5MH_MD,77.09974,1e+06,0.64,79.7,389000 4234000,23.5,Unsuitable,black,YES,241.713319,2630.884814,22.9907269999999
389000,4234000,CB5MH_MD,1.64042,1e+06,7.37,80.64,389000 4234000,0.5,Suitable,dodgerblue,YES,241.713319,2630.884814,22.9907269999999
389000,4234000,CB5MH_MD,27.88714,1e+06,4.15,81.06,389000 4234000,8.5,Suitable,dodgerblue,YES,241.713319,2630.884814,22.9907269999999
389000,4234000,CB5MH_MD,73.8189,1e+06,0.64,79.74,389000 4234000,22.5,Unsuitable,black,YES,241.713319,2630.884814,22.9907269999999
389000,4234000,CB5MH_MD,31.16798,1e+06,2.8,81.28,389000 4234000,9.5,Marginal,orange,YES,241.713319,2630.884814,22.9907269999999
389000,4234000,CB5MH_MD,37.72966,1e+06,1.87,81.33,389000 4234000,11.5,Unsuitable,black,YES,241.713319,2630.884814,22.9907269999999
389000,4234000,CB5MH_MD,63.97638,1e+06,0.61,79.83,389000 4234000,19.5,Unsuitable,black,YES,241.713319,2630.884814,22.9907269999999
389000,4234000,CB5MH_MD,50.85302,1e+06,1.03,80.65,389000 4234000,15.5,Unsuitable,black,YES,241.713319,2630.884814,22.9907269999999
389000,4234000,CB5MH_MD,24.6063,1e+06,4.58,81.06,389000 4234000,7.5,Suitable,dodgerblue,YES,241.713319,2630.884814,22.9907269999999
389000,4234000,CB5MH_MD,18.04462,1e+06,5.32,81.1,389000 4234000,5.5,Suitable,dodgerblue,YES,241.713319,2630.884814,22.9907269999999
389000,4234000,CB5MH_MD,80.38058,1e+06,0.64,79.68,389000 4234000,24.5,Unsuitable,black,YES,241.713319,2630.884814,22.9907269999999
389000,4234000,CB5MH_MD,8.2021,1e+06,6.9,80.76,389000 4234000,2.5,Suitable,dodgerblue,YES,241.713319,2630.884814,22.9907269999999
389000,4234000,CB5MH_MD,67.25722,1e+06,0.61,79.8,389000 4234000,20.5,Unsuitable,black,YES,241.713319,2630.884814,22.9907269999999
389000,4234000,CB5MH_MD,21.32546,1e+06,5.04,81.1,389000 4234000,6.5,Suitable,dodgerblue,YES,241.713319,2630.884814,22.9907269999999
389000,4234000,CB5MH_MD,11.48294,1e+06,6.24,80.85,389000 4234000,3.5,Suitable,dodgerblue,YES,241.713319,2630.884814,22.9907269999999
389000,4234000,CB5MH_MD,70.53806,1e+06,0.62,79.78,389000 4234000,21.5,Unsuitable,black,YES,241.713319,2630.884814,22.9907269999999
389000,4234000,CB5MH_MD,47.57218,1e+06,1.21,80.94,389000 4234000,14.5,Unsuitable,black,YES,241.713319,2630.884814,22.9907269999999
389000,4234000,CB5MH_MD,14.76378,1e+06,5.53,81.03,389000 4234000,4.5,Suitable,dodgerblue,YES,241.713319,2630.884814,22.9907269999999
389000,4234000,CB5MH_MD,54.13386,1e+06,0.67,80.27,389000 4234000,16.5,Unsuitable,black,YES,241.713319,2630.884814,22.9907269999999
389000,4234000,CB5MH_MD,4.92126,1e+06,7.12,80.65,389000 4234000,1.5,Suitable,dodgerblue,YES,241.713319,2630.884814,22.9907269999999
389000,4234000,CB5MH_MD,60.69554,1e+06,0.61,79.87,389000 4234000,18.5,Unsuitable,black,YES,241.713319,2630.884814,22.9907269999999
389000,4234000,CB5MH_MD,57.4147,1e+06,0.61,79.98,389000 4234000,17.5,Unsuitable,black,YES,241.713319,2630.884814,22.9907269999999
389000,4235000,CB5MH_MD,113.18898,1e+06,0.7,79.3,389000 4235000,34.5,Unsuitable,black,YES,241.713319,2631.506185,23.6120980000001
389000,4235000,CB5MH_MD,11.48294,1e+06,6.08,80.86,389000 4235000,3.5,Suitable,dodgerblue,YES,241.713319,2631.506185,23.6120980000001
389000,4235000,CB5MH_MD,70.53806,1e+06,0.61,79.76,389000 4235000,21.5,Unsuitable,black,YES,241.713319,2631.506185,23.6120980000001
389000,4235000,CB5MH_MD,103.34646,1e+06,0.7,79.5,389000 4235000,31.5,Unsuitable,black,YES,241.713319,2631.506185,23.6120980000001
389000,4235000,CB5MH_MD,34.44882,1e+06,2,81.3,389000 4235000,10.5,Marginal,orange,YES,241.713319,2631.506185,23.6120980000001
389000,4235000,CB5MH_MD,73.8189,1e+06,0.63,79.73,389000 4235000,22.5,Unsuitable,black,YES,241.713319,2631.506185,23.6120980000001
389000,4235000,CB5MH_MD,54.13386,1e+06,0.64,80.23,389000 4235000,16.5,Unsuitable,black,YES,241.713319,2631.506185,23.6120980000001
389000,4235000,CB5MH_MD,77.09974,1e+06,0.65,79.7,389000 4235000,23.5,Unsuitable,black,YES,241.713319,2631.506185,23.6120980000001
389000,4235000,CB5MH_MD,1.64042,1e+06,7.33,80.62,389000 4235000,0.5,Suitable,dodgerblue,YES,241.713319,2631.506185,23.6120980000001
389000,4235000,CB5MH_MD,80.38058,1e+06,0.65,79.68,389000 4235000,24.5,Unsuitable,black,YES,241.713319,2631.506185,23.6120980000001
389000,4235000,CB5MH_MD,31.16798,1e+06,2.6,81.29,389000 4235000,9.5,Marginal,orange,YES,241.713319,2631.506185,23.6120980000001
389000,4235000,CB5MH_MD,83.66142,1e+06,0.65,79.68,389000 4235000,25.5,Unsuitable,black,YES,241.713319,2631.506185,23.6120980000001
389000,4235000,CB5MH_MD,63.97638,1e+06,0.6,79.8,389000 4235000,19.5,Unsuitable,black,YES,241.713319,2631.506185,23.6120980000001
389000,4235000,CB5MH_MD,37.72966,1e+06,1.76,81.32,389000 4235000,11.5,Unsuitable,black,YES,241.713319,2631.506185,23.6120980000001
389000,4235000,CB5MH_MD,67.25722,1e+06,0.6,79.78,389000 4235000,20.5,Unsuitable,black,YES,241.713319,2631.506185,23.6120980000001
389000,4235000,CB5MH_MD,60.69554,1e+06,0.6,79.83,389000 4235000,18.5,Unsuitable,black,YES,241.713319,2631.506185,23.6120980000001
389000,4235000,CB5MH_MD,100.06562,1e+06,0.7,79.5,389000 4235000,30.5,Unsuitable,black,YES,241.713319,2631.506185,23.6120980000001
389000,4235000,CB5MH_MD,109.90814,1e+06,0.7,79.3,389000 4235000,33.5,Unsuitable,black,YES,241.713319,2631.506185,23.6120980000001
389000,4235000,CB5MH_MD,44.29134,1e+06,1.33,81.07,389000 4235000,13.5,Unsuitable,black,YES,241.713319,2631.506185,23.6120980000001
389000,4235000,CB5MH_MD,27.88714,1e+06,3.91,81.09,389000 4235000,8.5,Tolerable,yellow,YES,241.713319,2631.506185,23.6120980000001
389000,4235000,CB5MH_MD,18.04462,1e+06,5.09,81.12,389000 4235000,5.5,Suitable,dodgerblue,YES,241.713319,2631.506185,23.6120980000001
389000,4235000,CB5MH_MD,50.85302,1e+06,0.98,80.61,389000 4235000,15.5,Unsuitable,black,YES,241.713319,2631.506185,23.6120980000001
389000,4235000,CB5MH_MD,41.0105,1e+06,1.6,81.23,389000 4235000,12.5,Unsuitable,black,YES,241.713319,2631.506185,23.6120980000001
389000,4235000,CB5MH_MD,21.32546,1e+06,4.8,81.12,389000 4235000,6.5,Suitable,dodgerblue,YES,241.713319,2631.506185,23.6120980000001
389000,4235000,CB5MH_MD,96.78478,1e+06,0.7,79.5,389000 4235000,29.5,Unsuitable,black,YES,241.713319,2631.506185,23.6120980000001
389000,4235000,CB5MH_MD,90.2231,1e+06,0.65,79.64,389000 4235000,27.5,Unsuitable,black,YES,241.713319,2631.506185,23.6120980000001
389000,4235000,CB5MH_MD,57.4147,1e+06,0.6,79.94,389000 4235000,17.5,Unsuitable,black,YES,241.713319,2631.506185,23.6120980000001
389000,4235000,CB5MH_MD,24.6063,1e+06,4.33,81.09,389000 4235000,7.5,Suitable,dodgerblue,YES,241.713319,2631.506185,23.6120980000001
389000,4235000,CB5MH_MD,14.76378,1e+06,5.31,81.05,389000 4235000,4.5,Suitable,dodgerblue,YES,241.713319,2631.506185,23.6120980000001
389000,4235000,CB5MH_MD,4.92126,1e+06,7.05,80.63,389000 4235000,1.5,Suitable,dodgerblue,YES,241.713319,2631.506185,23.6120980000001
389000,4235000,CB5MH_MD,86.94226,1e+06,0.65,79.66,389000 4235000,26.5,Unsuitable,black,YES,241.713319,2631.506185,23.6120980000001
389000,4235000,CB5MH_MD,106.6273,1e+06,0.7,79.4,389000 4235000,32.5,Unsuitable,black,YES,241.713319,2631.506185,23.6120980000001
389000,4235000,CB5MH_MD,47.57218,1e+06,1.15,80.91,389000 4235000,14.5,Unsuitable,black,YES,241.713319,2631.506185,23.6120980000001
389000,4235000,CB5MH_MD,93.50394,1e+06,0.7,79.58,389000 4235000,28.5,Unsuitable,black,YES,241.713319,2631.506185,23.6120980000001
389000,4235000,CB5MH_MD,8.2021,1e+06,6.82,80.75,389000 4235000,2.5,Suitable,dodgerblue,YES,241.713319,2631.506185,23.6120980000001
389000,4337000,CB3MH,21.32546,1e+06,0.37,79.61,389000 4337000,6.5,Unsuitable,black,YES,241.713319,2694.886027,86.9919399999999
389000,4337000,CB3MH,27.88714,1e+06,0.17,79.33,389000 4337000,8.5,Unsuitable,black,YES,241.713319,2694.886027,86.9919399999999
389000,4337000,CB3MH,14.76378,1e+06,1.65,79.77,389000 4337000,4.5,Unsuitable,black,YES,241.713319,2694.886027,86.9919399999999
389000,4337000,CB3MH,4.92126,1e+06,7.49,78.54,389000 4337000,1.5,Suitable,dodgerblue,YES,241.713319,2694.886027,86.9919399999999
389000,4337000,CB3MH,31.16798,1e+06,0.2,79.23,389000 4337000,9.5,Unsuitable,black,YES,241.713319,2694.886027,86.9919399999999
389000,4337000,CB3MH,8.2021,1e+06,6.92,78.51,389000 4337000,2.5,Suitable,dodgerblue,YES,241.713319,2694.886027,86.9919399999999
389000,4337000,CB3MH,18.04462,1e+06,0.71,79.88,389000 4337000,5.5,Unsuitable,black,YES,241.713319,2694.886027,86.9919399999999
389000,4337000,CB3MH,1.64042,1e+06,7.59,78.55,389000 4337000,0.5,Suitable,dodgerblue,YES,241.713319,2694.886027,86.9919399999999
389000,4337000,CB3MH,34.44882,1e+06,0.11,79.54,389000 4337000,10.5,Unsuitable,black,YES,241.713319,2694.886027,86.9919399999999
389000,4337000,CB3MH,24.6063,1e+06,0.16,79.43,389000 4337000,7.5,Unsuitable,black,YES,241.713319,2694.886027,86.9919399999999
389000,4337000,CB3MH,11.48294,1e+06,4.46,79.01,389000 4337000,3.5,Suitable,dodgerblue,YES,241.713319,2694.886027,86.9919399999999
389000,4338000,CB3MH,1.64042,1e+06,7.49,78.66,389000 4338000,0.5,Suitable,dodgerblue,YES,241.713319,2695.507398,87.6133110000001
389000,4338000,CB3MH,8.2021,1e+06,6.82,78.59,389000 4338000,2.5,Suitable,dodgerblue,YES,241.713319,2695.507398,87.6133110000001
389000,4338000,CB3MH,18.04462,1e+06,0.86,79.85,389000 4338000,5.5,Unsuitable,black,YES,241.713319,2695.507398,87.6133110000001
389000,4338000,CB3MH,21.32546,1e+06,0.47,79.62,389000 4338000,6.5,Unsuitable,black,YES,241.713319,2695.507398,87.6133110000001
389000,4338000,CB3MH,24.6063,1e+06,0.22,79.45,389000 4338000,7.5,Unsuitable,black,YES,241.713319,2695.507398,87.6133110000001
389000,4338000,CB3MH,14.76378,1e+06,1.83,79.72,389000 4338000,4.5,Unsuitable,black,YES,241.713319,2695.507398,87.6133110000001
389000,4338000,CB3MH,34.44882,1e+06,0.11,79.51,389000 4338000,10.5,Unsuitable,black,YES,241.713319,2695.507398,87.6133110000001
389000,4338000,CB3MH,27.88714,1e+06,0.21,79.35,389000 4338000,8.5,Unsuitable,black,YES,241.713319,2695.507398,87.6133110000001
389000,4338000,CB3MH,31.16798,1e+06,0.2,79.26,389000 4338000,9.5,Unsuitable,black,YES,241.713319,2695.507398,87.6133110000001
389000,4338000,CB3MH,4.92126,1e+06,7.39,78.64,389000 4338000,1.5,Suitable,dodgerblue,YES,241.713319,2695.507398,87.6133110000001
389000,4338000,CB3MH,11.48294,1e+06,4.5,79.01,389000 4338000,3.5,Suitable,dodgerblue,YES,241.713319,2695.507398,87.6133110000001
389000,4339000,CB3MH,21.32546,1e+06,0.64,79.62,389000 4339000,6.5,Unsuitable,black,YES,241.713319,2696.128769,88.2346819999998
389000,4339000,CB3MH,18.04462,1e+06,1.08,79.81,389000 4339000,5.5,Unsuitable,black,YES,241.713319,2696.128769,88.2346819999998
389000,4339000,CB3MH,8.2021,1e+06,6.65,78.67,389000 4339000,2.5,Suitable,dodgerblue,YES,241.713319,2696.128769,88.2346819999998
389000,4339000,CB3MH,24.6063,1e+06,0.31,79.49,389000 4339000,7.5,Unsuitable,black,YES,241.713319,2696.128769,88.2346819999998
389000,4339000,CB3MH,11.48294,1e+06,4.64,79.04,389000 4339000,3.5,Suitable,dodgerblue,YES,241.713319,2696.128769,88.2346819999998
389000,4339000,CB3MH,14.76378,1e+06,2.12,79.69,389000 4339000,4.5,Marginal,orange,YES,241.713319,2696.128769,88.2346819999998
389000,4339000,CB3MH,4.92126,1e+06,7.17,78.74,389000 4339000,1.5,Suitable,dodgerblue,YES,241.713319,2696.128769,88.2346819999998
389000,4339000,CB3MH,1.64042,1e+06,7.28,78.75,389000 4339000,0.5,Suitable,dodgerblue,YES,241.713319,2696.128769,88.2346819999998
390000,4232000,CB5MH_MD,70.53806,1e+06,0.65,79.83,390000 4232000,21.5,Unsuitable,black,YES,242.33469,2629.642072,21.747985
390000,4232000,CB5MH_MD,57.4147,1e+06,0.6,80.1,390000 4232000,17.5,Unsuitable,black,YES,242.33469,2629.642072,21.747985
390000,4232000,CB5MH_MD,1.64042,1e+06,7.53,80.71,390000 4232000,0.5,Suitable,dodgerblue,YES,242.33469,2629.642072,21.747985
390000,4232000,CB5MH_MD,60.69554,1e+06,0.65,79.97,390000 4232000,18.5,Unsuitable,black,YES,242.33469,2629.642072,21.747985
390000,4232000,CB5MH_MD,44.29134,1e+06,1.53,81.14,390000 4232000,13.5,Unsuitable,black,YES,242.33469,2629.642072,21.747985
390000,4232000,CB5MH_MD,31.16798,1e+06,3.21,81.25,390000 4232000,9.5,Tolerable,yellow,YES,242.33469,2629.642072,21.747985
390000,4232000,CB5MH_MD,11.48294,1e+06,6.6,80.88,390000 4232000,3.5,Suitable,dodgerblue,YES,242.33469,2629.642072,21.747985
390000,4232000,CB5MH_MD,54.13386,1e+06,0.69,80.37,390000 4232000,16.5,Unsuitable,black,YES,242.33469,2629.642072,21.747985
390000,4232000,CB5MH_MD,37.72966,1e+06,2.03,81.36,390000 4232000,11.5,Marginal,orange,YES,242.33469,2629.642072,21.747985
390000,4232000,CB5MH_MD,47.57218,1e+06,1.31,81,390000 4232000,14.5,Unsuitable,black,YES,242.33469,2629.642072,21.747985
390000,4232000,CB5MH_MD,63.97638,1e+06,0.65,79.92,390000 4232000,19.5,Unsuitable,black,YES,242.33469,2629.642072,21.747985
390000,4232000,CB5MH_MD,8.2021,1e+06,7.14,80.81,390000 4232000,2.5,Suitable,dodgerblue,YES,242.33469,2629.642072,21.747985
390000,4232000,CB5MH_MD,73.8189,1e+06,0.65,79.78,390000 4232000,22.5,Unsuitable,black,YES,242.33469,2629.642072,21.747985
390000,4232000,CB5MH_MD,21.32546,1e+06,5.54,81.09,390000 4232000,6.5,Suitable,dodgerblue,YES,242.33469,2629.642072,21.747985
390000,4232000,CB5MH_MD,24.6063,1e+06,5.08,81.02,390000 4232000,7.5,Suitable,dodgerblue,YES,242.33469,2629.642072,21.747985
390000,4232000,CB5MH_MD,41.0105,1e+06,1.84,81.27,390000 4232000,12.5,Unsuitable,black,YES,242.33469,2629.642072,21.747985
390000,4232000,CB5MH_MD,27.88714,1e+06,4.57,81.02,390000 4232000,8.5,Suitable,dodgerblue,YES,242.33469,2629.642072,21.747985
390000,4232000,CB5MH_MD,50.85302,1e+06,1.12,80.73,390000 4232000,15.5,Unsuitable,black,YES,242.33469,2629.642072,21.747985
390000,4232000,CB5MH_MD,77.09974,1e+06,0.65,79.72,390000 4232000,23.5,Unsuitable,black,YES,242.33469,2629.642072,21.747985
390000,4232000,CB5MH_MD,4.92126,1e+06,7.33,80.72,390000 4232000,1.5,Suitable,dodgerblue,YES,242.33469,2629.642072,21.747985
390000,4232000,CB5MH_MD,14.76378,1e+06,6.01,81.04,390000 4232000,4.5,Suitable,dodgerblue,YES,242.33469,2629.642072,21.747985
390000,4232000,CB5MH_MD,34.44882,1e+06,2.39,81.32,390000 4232000,10.5,Marginal,orange,YES,242.33469,2629.642072,21.747985
390000,4232000,CB5MH_MD,67.25722,1e+06,0.65,79.88,390000 4232000,20.5,Unsuitable,black,YES,242.33469,2629.642072,21.747985
390000,4232000,CB5MH_MD,18.04462,1e+06,5.8,81.11,390000 4232000,5.5,Suitable,dodgerblue,YES,242.33469,2629.642072,21.747985
390000,4233000,CB5MH_MD,44.29134,1e+06,1.48,81.11,390000 4233000,13.5,Unsuitable,black,YES,242.33469,2630.263443,22.3693559999997
390000,4233000,CB5MH_MD,109.90814,1e+06,0.7,79.3,390000 4233000,33.5,Unsuitable,black,YES,242.33469,2630.263443,22.3693559999997
390000,4233000,CB5MH_MD,41.0105,1e+06,1.77,81.26,390000 4233000,12.5,Unsuitable,black,YES,242.33469,2630.263443,22.3693559999997
390000,4233000,CB5MH_MD,100.06562,1e+06,0.7,79.5,390000 4233000,30.5,Unsuitable,black,YES,242.33469,2630.263443,22.3693559999997
390000,4233000,CB5MH_MD,24.6063,1e+06,4.85,81.04,390000 4233000,7.5,Suitable,dodgerblue,YES,242.33469,2630.263443,22.3693559999997
390000,4233000,CB5MH_MD,106.6273,1e+06,0.7,79.4,390000 4233000,32.5,Unsuitable,black,YES,242.33469,2630.263443,22.3693559999997
390000,4233000,CB5MH_MD,83.66142,1e+06,0.65,79.68,390000 4233000,25.5,Unsuitable,black,YES,242.33469,2630.263443,22.3693559999997
390000,4233000,CB5MH_MD,1.64042,1e+06,7.46,80.68,390000 4233000,0.5,Suitable,dodgerblue,YES,242.33469,2630.263443,22.3693559999997
390000,4233000,CB5MH_MD,73.8189,1e+06,0.64,79.76,390000 4233000,22.5,Unsuitable,black,YES,242.33469,2630.263443,22.3693559999997
390000,4233000,CB5MH_MD,90.2231,1e+06,0.65,79.61,390000 4233000,27.5,Unsuitable,black,YES,242.33469,2630.263443,22.3693559999997
390000,4233000,CB5MH_MD,80.38058,1e+06,0.65,79.68,390000 4233000,24.5,Unsuitable,black,YES,242.33469,2630.263443,22.3693559999997
390000,4233000,CB5MH_MD,93.50394,1e+06,0.7,79.56,390000 4233000,28.5,Unsuitable,black,YES,242.33469,2630.263443,22.3693559999997
390000,4233000,CB5MH_MD,34.44882,1e+06,2.28,81.32,390000 4233000,10.5,Marginal,orange,YES,242.33469,2630.263443,22.3693559999997
390000,4233000,CB5MH_MD,63.97638,1e+06,0.63,79.88,390000 4233000,19.5,Unsuitable,black,YES,242.33469,2630.263443,22.3693559999997
390000,4233000,CB5MH_MD,96.78478,1e+06,0.7,79.5,390000 4233000,29.5,Unsuitable,black,YES,242.33469,2630.263443,22.3693559999997
390000,4233000,CB5MH_MD,60.69554,1e+06,0.63,79.93,390000 4233000,18.5,Unsuitable,black,YES,242.33469,2630.263443,22.3693559999997
390000,4233000,CB5MH_MD,27.88714,1e+06,4.37,81.04,390000 4233000,8.5,Suitable,dodgerblue,YES,242.33469,2630.263443,22.3693559999997
390000,4233000,CB5MH_MD,4.92126,1e+06,7.23,80.69,390000 4233000,1.5,Suitable,dodgerblue,YES,242.33469,2630.263443,22.3693559999997
390000,4233000,CB5MH_MD,37.72966,1e+06,1.95,81.35,390000 4233000,11.5,Unsuitable,black,YES,242.33469,2630.263443,22.3693559999997
390000,4233000,CB5MH_MD,18.04462,1e+06,5.57,81.1,390000 4233000,5.5,Suitable,dodgerblue,YES,242.33469,2630.263443,22.3693559999997
390000,4233000,CB5MH_MD,8.2021,1e+06,7.03,80.79,390000 4233000,2.5,Suitable,dodgerblue,YES,242.33469,2630.263443,22.3693559999997
390000,4233000,CB5MH_MD,70.53806,1e+06,0.63,79.81,390000 4233000,21.5,Unsuitable,black,YES,242.33469,2630.263443,22.3693559999997
390000,4233000,CB5MH_MD,54.13386,1e+06,0.7,80.33,390000 4233000,16.5,Unsuitable,black,YES,242.33469,2630.263443,22.3693559999997
390000,4233000,CB5MH_MD,103.34646,1e+06,0.7,79.5,390000 4233000,31.5,Unsuitable,black,YES,242.33469,2630.263443,22.3693559999997
390000,4233000,CB5MH_MD,31.16798,1e+06,3.02,81.26,390000 4233000,9.5,Tolerable,yellow,YES,242.33469,2630.263443,22.3693559999997
390000,4233000,CB5MH_MD,14.76378,1e+06,5.79,81.04,390000 4233000,4.5,Suitable,dodgerblue,YES,242.33469,2630.263443,22.3693559999997
390000,4233000,CB5MH_MD,77.09974,1e+06,0.65,79.71,390000 4233000,23.5,Unsuitable,black,YES,242.33469,2630.263443,22.3693559999997
390000,4233000,CB5MH_MD,67.25722,1e+06,0.63,79.84,390000 4233000,20.5,Unsuitable,black,YES,242.33469,2630.263443,22.3693559999997
390000,4233000,CB5MH_MD,21.32546,1e+06,5.31,81.1,390000 4233000,6.5,Suitable,dodgerblue,YES,242.33469,2630.263443,22.3693559999997
390000,4233000,CB5MH_MD,86.94226,1e+06,0.65,79.64,390000 4233000,26.5,Unsuitable,black,YES,242.33469,2630.263443,22.3693559999997
390000,4233000,CB5MH_MD,57.4147,1e+06,0.63,80.04,390000 4233000,17.5,Unsuitable,black,YES,242.33469,2630.263443,22.3693559999997
390000,4233000,CB5MH_MD,11.48294,1e+06,6.43,80.87,390000 4233000,3.5,Suitable,dodgerblue,YES,242.33469,2630.263443,22.3693559999997
390000,4233000,CB5MH_MD,47.57218,1e+06,1.26,80.97,390000 4233000,14.5,Unsuitable,black,YES,242.33469,2630.263443,22.3693559999997
390000,4233000,CB5MH_MD,50.85302,1e+06,1.07,80.69,390000 4233000,15.5,Unsuitable,black,YES,242.33469,2630.263443,22.3693559999997
391000,4230000,CB5MH_MD,1.64042,1e+06,7.74,80.82,391000 4230000,0.5,Suitable,dodgerblue,YES,242.956061,2628.39933,20.5052430000001
391000,4230000,CB5MH_MD,27.88714,1e+06,4.94,81,391000 4230000,8.5,Suitable,dodgerblue,YES,242.956061,2628.39933,20.5052430000001
391000,4230000,CB5MH_MD,47.57218,1e+06,1.34,81.06,391000 4230000,14.5,Unsuitable,black,YES,242.956061,2628.39933,20.5052430000001
391000,4230000,CB5MH_MD,31.16798,1e+06,3.86,81.23,391000 4230000,9.5,Tolerable,yellow,YES,242.956061,2628.39933,20.5052430000001
391000,4230000,CB5MH_MD,37.72966,1e+06,2.41,81.42,391000 4230000,11.5,Marginal,orange,YES,242.956061,2628.39933,20.5052430000001
391000,4230000,CB5MH_MD,63.97638,1e+06,0.7,80.02,391000 4230000,19.5,Unsuitable,black,YES,242.956061,2628.39933,20.5052430000001
391000,4230000,CB5MH_MD,44.29134,1e+06,1.58,81.18,391000 4230000,13.5,Unsuitable,black,YES,242.956061,2628.39933,20.5052430000001
391000,4230000,CB5MH_MD,18.04462,1e+06,6.31,81.15,391000 4230000,5.5,Suitable,dodgerblue,YES,242.956061,2628.39933,20.5052430000001
391000,4230000,CB5MH_MD,50.85302,1e+06,1.16,80.83,391000 4230000,15.5,Unsuitable,black,YES,242.956061,2628.39933,20.5052430000001
391000,4230000,CB5MH_MD,8.2021,1e+06,7.42,80.89,391000 4230000,2.5,Suitable,dodgerblue,YES,242.956061,2628.39933,20.5052430000001
391000,4230000,CB5MH_MD,14.76378,1e+06,6.53,81.07,391000 4230000,4.5,Suitable,dodgerblue,YES,242.956061,2628.39933,20.5052430000001
391000,4230000,CB5MH_MD,11.48294,1e+06,7,80.93,391000 4230000,3.5,Suitable,dodgerblue,YES,242.956061,2628.39933,20.5052430000001
391000,4230000,CB5MH_MD,41.0105,1e+06,2.01,81.33,391000 4230000,12.5,Marginal,orange,YES,242.956061,2628.39933,20.5052430000001
391000,4230000,CB5MH_MD,70.53806,1e+06,0.69,79.89,391000 4230000,21.5,Unsuitable,black,YES,242.956061,2628.39933,20.5052430000001
391000,4230000,CB5MH_MD,77.09974,1e+06,0.66,79.75,391000 4230000,23.5,Unsuitable,black,YES,242.956061,2628.39933,20.5052430000001
391000,4230000,CB5MH_MD,54.13386,1e+06,0.77,80.48,391000 4230000,16.5,Unsuitable,black,YES,242.956061,2628.39933,20.5052430000001
391000,4230000,CB5MH_MD,57.4147,1e+06,0.65,80.21,391000 4230000,17.5,Unsuitable,black,YES,242.956061,2628.39933,20.5052430000001
391000,4230000,CB5MH_MD,73.8189,1e+06,0.67,79.82,391000 4230000,22.5,Unsuitable,black,YES,242.956061,2628.39933,20.5052430000001
391000,4230000,CB5MH_MD,4.92126,1e+06,7.59,80.83,391000 4230000,1.5,Suitable,dodgerblue,YES,242.956061,2628.39933,20.5052430000001
391000,4230000,CB5MH_MD,60.69554,1e+06,0.7,80.09,391000 4230000,18.5,Unsuitable,black,YES,242.956061,2628.39933,20.5052430000001
391000,4230000,CB5MH_MD,24.6063,1e+06,5.57,81,391000 4230000,7.5,Suitable,dodgerblue,YES,242.956061,2628.39933,20.5052430000001
391000,4230000,CB5MH_MD,34.44882,1e+06,2.95,81.34,391000 4230000,10.5,Marginal,orange,YES,242.956061,2628.39933,20.5052430000001
391000,4230000,CB5MH_MD,67.25722,1e+06,0.7,79.96,391000 4230000,20.5,Unsuitable,black,YES,242.956061,2628.39933,20.5052430000001
391000,4230000,CB5MH_MD,21.32546,1e+06,6.06,81.11,391000 4230000,6.5,Suitable,dodgerblue,YES,242.956061,2628.39933,20.5052430000001
391000,4231000,CB5MH_MD,63.97638,1e+06,0.67,79.98,391000 4231000,19.5,Unsuitable,black,YES,242.956061,2629.020701,21.1266139999998
391000,4231000,CB5MH_MD,54.13386,1e+06,0.73,80.43,391000 4231000,16.5,Unsuitable,black,YES,242.956061,2629.020701,21.1266139999998
391000,4231000,CB5MH_MD,96.78478,1e+06,0.7,79.5,391000 4231000,29.5,Unsuitable,black,YES,242.956061,2629.020701,21.1266139999998
391000,4231000,CB5MH_MD,93.50394,1e+06,0.7,79.54,391000 4231000,28.5,Unsuitable,black,YES,242.956061,2629.020701,21.1266139999998
391000,4231000,CB5MH_MD,106.6273,1e+06,0.7,79.4,391000 4231000,32.5,Unsuitable,black,YES,242.956061,2629.020701,21.1266139999998
391000,4231000,CB5MH_MD,70.53806,1e+06,0.67,79.87,391000 4231000,21.5,Unsuitable,black,YES,242.956061,2629.020701,21.1266139999998
391000,4231000,CB5MH_MD,37.72966,1e+06,2.09,81.38,391000 4231000,11.5,Marginal,orange,YES,242.956061,2629.020701,21.1266139999998
391000,4231000,CB5MH_MD,44.29134,1e+06,1.58,81.16,391000 4231000,13.5,Unsuitable,black,YES,242.956061,2629.020701,21.1266139999998
391000,4231000,CB5MH_MD,60.69554,1e+06,0.67,80.04,391000 4231000,18.5,Unsuitable,black,YES,242.956061,2629.020701,21.1266139999998
391000,4231000,CB5MH_MD,41.0105,1e+06,1.89,81.29,391000 4231000,12.5,Unsuitable,black,YES,242.956061,2629.020701,21.1266139999998
391000,4231000,CB5MH_MD,67.25722,1e+06,0.67,79.92,391000 4231000,20.5,Unsuitable,black,YES,242.956061,2629.020701,21.1266139999998
391000,4231000,CB5MH_MD,109.90814,1e+06,0.7,79.3,391000 4231000,33.5,Unsuitable,black,YES,242.956061,2629.020701,21.1266139999998
391000,4231000,CB5MH_MD,77.09974,1e+06,0.65,79.74,391000 4231000,23.5,Unsuitable,black,YES,242.956061,2629.020701,21.1266139999998
391000,4231000,CB5MH_MD,83.66142,1e+06,0.65,79.68,391000 4231000,25.5,Unsuitable,black,YES,242.956061,2629.020701,21.1266139999998
391000,4231000,CB5MH_MD,50.85302,1e+06,1.15,80.78,391000 4231000,15.5,Unsuitable,black,YES,242.956061,2629.020701,21.1266139999998
391000,4231000,CB5MH_MD,113.18898,1e+06,0.7,79.3,391000 4231000,34.5,Unsuitable,black,YES,242.956061,2629.020701,21.1266139999998
391000,4231000,CB5MH_MD,100.06562,1e+06,0.7,79.5,391000 4231000,30.5,Unsuitable,black,YES,242.956061,2629.020701,21.1266139999998
391000,4231000,CB5MH_MD,14.76378,1e+06,6.3,81.06,391000 4231000,4.5,Suitable,dodgerblue,YES,242.956061,2629.020701,21.1266139999998
391000,4231000,CB5MH_MD,116.46982,1e+06,0.7,79.3,391000 4231000,35.5,Unsuitable,black,YES,242.956061,2629.020701,21.1266139999998
391000,4231000,CB5MH_MD,57.4147,1e+06,0.63,80.16,391000 4231000,17.5,Unsuitable,black,YES,242.956061,2629.020701,21.1266139999998
391000,4231000,CB5MH_MD,31.16798,1e+06,3.42,81.24,391000 4231000,9.5,Tolerable,yellow,YES,242.956061,2629.020701,21.1266139999998
391000,4231000,CB5MH_MD,90.2231,1e+06,0.65,79.57,391000 4231000,27.5,Unsuitable,black,YES,242.956061,2629.020701,21.1266139999998
391000,4231000,CB5MH_MD,119.75066,1e+06,0.7,79.3,391000 4231000,36.5,Unsuitable,black,YES,242.956061,2629.020701,21.1266139999998
391000,4231000,CB5MH_MD,27.88714,1e+06,4.77,81.01,391000 4231000,8.5,Suitable,dodgerblue,YES,242.956061,2629.020701,21.1266139999998
391000,4231000,CB5MH_MD,80.38058,1e+06,0.65,79.68,391000 4231000,24.5,Unsuitable,black,YES,242.956061,2629.020701,21.1266139999998
391000,4231000,CB5MH_MD,73.8189,1e+06,0.66,79.8,391000 4231000,22.5,Unsuitable,black,YES,242.956061,2629.020701,21.1266139999998
391000,4231000,CB5MH_MD,103.34646,1e+06,0.7,79.5,391000 4231000,31.5,Unsuitable,black,YES,242.956061,2629.020701,21.1266139999998
391000,4231000,CB5MH_MD,86.94226,1e+06,0.65,79.63,391000 4231000,26.5,Unsuitable,black,YES,242.956061,2629.020701,21.1266139999998
391000,4231000,CB5MH_MD,4.92126,1e+06,7.48,80.78,391000 4231000,1.5,Suitable,dodgerblue,YES,242.956061,2629.020701,21.1266139999998
391000,4231000,CB5MH_MD,24.6063,1e+06,5.35,81.01,391000 4231000,7.5,Suitable,dodgerblue,YES,242.956061,2629.020701,21.1266139999998
391000,4231000,CB5MH_MD,21.32546,1e+06,5.83,81.1,391000 4231000,6.5,Suitable,dodgerblue,YES,242.956061,2629.020701,21.1266139999998
391000,4231000,CB5MH_MD,47.57218,1e+06,1.34,81.03,391000 4231000,14.5,Unsuitable,black,YES,242.956061,2629.020701,21.1266139999998
391000,4231000,CB5MH_MD,34.44882,1e+06,2.5,81.34,391000 4231000,10.5,Marginal,orange,YES,242.956061,2629.020701,21.1266139999998
391000,4231000,CB5MH_MD,8.2021,1e+06,7.29,80.85,391000 4231000,2.5,Suitable,dodgerblue,YES,242.956061,2629.020701,21.1266139999998
391000,4231000,CB5MH_MD,18.04462,1e+06,6.08,81.13,391000 4231000,5.5,Suitable,dodgerblue,YES,242.956061,2629.020701,21.1266139999998
391000,4231000,CB5MH_MD,1.64042,1e+06,7.65,80.77,391000 4231000,0.5,Suitable,dodgerblue,YES,242.956061,2629.020701,21.1266139999998
391000,4231000,CB5MH_MD,11.48294,1e+06,6.82,80.91,391000 4231000,3.5,Suitable,dodgerblue,YES,242.956061,2629.020701,21.1266139999998
391000,4346000,CB2OH,21.32546,1e+06,1.8,79.61,391000 4346000,6.5,Unsuitable,black,YES,242.956061,2700.478366,92.5842789999997
391000,4346000,CB2OH,8.2021,1e+06,5.45,78.91,391000 4346000,2.5,Suitable,dodgerblue,YES,242.956061,2700.478366,92.5842789999997
391000,4346000,CB2OH,1.64042,1e+06,5.71,78.96,391000 4346000,0.5,Suitable,dodgerblue,YES,242.956061,2700.478366,92.5842789999997
391000,4346000,CB2OH,14.76378,1e+06,3.85,79.15,391000 4346000,4.5,Tolerable,yellow,YES,242.956061,2700.478366,92.5842789999997
391000,4346000,CB2OH,11.48294,1e+06,5.01,78.83,391000 4346000,3.5,Suitable,dodgerblue,YES,242.956061,2700.478366,92.5842789999997
391000,4346000,CB2OH,4.92126,1e+06,5.68,78.95,391000 4346000,1.5,Suitable,dodgerblue,YES,242.956061,2700.478366,92.5842789999997
391000,4346000,CB2OH,18.04462,1e+06,2.63,79.43,391000 4346000,5.5,Marginal,orange,YES,242.956061,2700.478366,92.5842789999997
391000,4347000,CB2OH,31.16798,1e+06,0.2,79.48,391000 4347000,9.5,Unsuitable,black,YES,242.956061,2701.099737,93.2056499999999
391000,4347000,CB2OH,11.48294,1e+06,5,78.85,391000 4347000,3.5,Suitable,dodgerblue,YES,242.956061,2701.099737,93.2056499999999
391000,4347000,CB2OH,27.88714,1e+06,0.46,79.6,391000 4347000,8.5,Unsuitable,black,YES,242.956061,2701.099737,93.2056499999999
391000,4347000,CB2OH,8.2021,1e+06,5.49,78.97,391000 4347000,2.5,Suitable,dodgerblue,YES,242.956061,2701.099737,93.2056499999999
391000,4347000,CB2OH,1.64042,1e+06,5.8,79.05,391000 4347000,0.5,Suitable,dodgerblue,YES,242.956061,2701.099737,93.2056499999999
391000,4347000,CB2OH,34.44882,1e+06,0.1,79.4,391000 4347000,10.5,Unsuitable,black,YES,242.956061,2701.099737,93.2056499999999
391000,4347000,CB2OH,4.92126,1e+06,5.75,79.03,391000 4347000,1.5,Suitable,dodgerblue,YES,242.956061,2701.099737,93.2056499999999
391000,4347000,CB2OH,18.04462,1e+06,2.62,79.45,391000 4347000,5.5,Marginal,orange,YES,242.956061,2701.099737,93.2056499999999
391000,4347000,CB2OH,14.76378,1e+06,3.83,79.16,391000 4347000,4.5,Tolerable,yellow,YES,242.956061,2701.099737,93.2056499999999
391000,4347000,CB2OH,21.32546,1e+06,1.8,79.62,391000 4347000,6.5,Unsuitable,black,YES,242.956061,2701.099737,93.2056499999999
391000,4347000,CB2OH,24.6063,1e+06,0.91,79.7,391000 4347000,7.5,Unsuitable,black,YES,242.956061,2701.099737,93.2056499999999
392000,4221000,CB5MH_MD,31.16798,1e+06,4.3,81.2,392000 4221000,9.5,Suitable,dodgerblue,YES,243.577432,2622.806991,14.9129039999998
392000,4221000,CB5MH_MD,41.0105,1e+06,2.05,81.4,392000 4221000,12.5,Marginal,orange,YES,243.577432,2622.806991,14.9129039999998
392000,4221000,CB5MH_MD,18.04462,1e+06,7.39,81.3,392000 4221000,5.5,Suitable,dodgerblue,YES,243.577432,2622.806991,14.9129039999998
392000,4221000,CB5MH_MD,63.97638,1e+06,0.8,80.2,392000 4221000,19.5,Unsuitable,black,YES,243.577432,2622.806991,14.9129039999998
392000,4221000,CB5MH_MD,44.29134,1e+06,1.69,81.3,392000 4221000,13.5,Unsuitable,black,YES,243.577432,2622.806991,14.9129039999998
392000,4221000,CB5MH_MD,34.44882,1e+06,2.91,81.4,392000 4221000,10.5,Marginal,orange,YES,243.577432,2622.806991,14.9129039999998
392000,4221000,CB5MH_MD,37.72966,1e+06,2.25,81.5,392000 4221000,11.5,Marginal,orange,YES,243.577432,2622.806991,14.9129039999998
392000,4221000,CB5MH_MD,24.6063,1e+06,6.54,81,392000 4221000,7.5,Suitable,dodgerblue,YES,243.577432,2622.806991,14.9129039999998
392000,4221000,CB5MH_MD,4.92126,1e+06,8.24,81.1,392000 4221000,1.5,Suitable,dodgerblue,YES,243.577432,2622.806991,14.9129039999998
392000,4221000,CB5MH_MD,70.53806,1e+06,0.77,80,392000 4221000,21.5,Unsuitable,black,YES,243.577432,2622.806991,14.9129039999998
392000,4221000,CB5MH_MD,11.48294,1e+06,7.89,81.1,392000 4221000,3.5,Suitable,dodgerblue,YES,243.577432,2622.806991,14.9129039999998
392000,4221000,CB5MH_MD,1.64042,1e+06,8.29,81.1,392000 4221000,0.5,Suitable,dodgerblue,YES,243.577432,2622.806991,14.9129039999998
392000,4221000,CB5MH_MD,14.76378,1e+06,7.64,81.2,392000 4221000,4.5,Suitable,dodgerblue,YES,243.577432,2622.806991,14.9129039999998
392000,4221000,CB5MH_MD,47.57218,1e+06,1.45,81.2,392000 4221000,14.5,Unsuitable,black,YES,243.577432,2622.806991,14.9129039999998
392000,4221000,CB5MH_MD,60.69554,1e+06,0.8,80.3,392000 4221000,18.5,Unsuitable,black,YES,243.577432,2622.806991,14.9129039999998
392000,4221000,CB5MH_MD,8.2021,1e+06,8.09,81.1,392000 4221000,2.5,Suitable,dodgerblue,YES,243.577432,2622.806991,14.9129039999998
392000,4221000,CB5MH_MD,67.25722,1e+06,0.8,80.1,392000 4221000,20.5,Unsuitable,black,YES,243.577432,2622.806991,14.9129039999998
392000,4221000,CB5MH_MD,73.8189,1e+06,0.73,79.9,392000 4221000,22.5,Unsuitable,black,YES,243.577432,2622.806991,14.9129039999998
392000,4221000,CB5MH_MD,77.09974,1e+06,0.7,79.8,392000 4221000,23.5,Unsuitable,black,YES,243.577432,2622.806991,14.9129039999998
392000,4221000,CB5MH_MD,27.88714,1e+06,5.59,81,392000 4221000,8.5,Suitable,dodgerblue,YES,243.577432,2622.806991,14.9129039999998
392000,4221000,CB5MH_MD,80.38058,1e+06,0.7,79.7,392000 4221000,24.5,Unsuitable,black,YES,243.577432,2622.806991,14.9129039999998
392000,4221000,CB5MH_MD,83.66142,1e+06,0.7,79.7,392000 4221000,25.5,Unsuitable,black,YES,243.577432,2622.806991,14.9129039999998
392000,4221000,CB5MH_MD,86.94226,1e+06,0.7,79.6,392000 4221000,26.5,Unsuitable,black,YES,243.577432,2622.806991,14.9129039999998
392000,4221000,CB5MH_MD,54.13386,1e+06,1,80.7,392000 4221000,16.5,Unsuitable,black,YES,243.577432,2622.806991,14.9129039999998
392000,4221000,CB5MH_MD,50.85302,1e+06,1.3,81,392000 4221000,15.5,Unsuitable,black,YES,243.577432,2622.806991,14.9129039999998
392000,4221000,CB5MH_MD,21.32546,1e+06,7.14,81.2,392000 4221000,6.5,Suitable,dodgerblue,YES,243.577432,2622.806991,14.9129039999998
392000,4221000,CB5MH_MD,57.4147,1e+06,0.8,80.4,392000 4221000,17.5,Unsuitable,black,YES,243.577432,2622.806991,14.9129039999998
392000,4222000,CB5MH_MD,27.88714,1e+06,5.6,81,392000 4222000,8.5,Suitable,dodgerblue,YES,243.577432,2623.428362,15.534275
392000,4222000,CB5MH_MD,83.66142,1e+06,0.7,79.7,392000 4222000,25.5,Unsuitable,black,YES,243.577432,2623.428362,15.534275
392000,4222000,CB5MH_MD,86.94226,1e+06,0.7,79.6,392000 4222000,26.5,Unsuitable,black,YES,243.577432,2623.428362,15.534275
392000,4222000,CB5MH_MD,90.2231,1e+06,0.7,79.5,392000 4222000,27.5,Unsuitable,black,YES,243.577432,2623.428362,15.534275
392000,4222000,CB5MH_MD,47.57218,1e+06,1.45,81.2,392000 4222000,14.5,Unsuitable,black,YES,243.577432,2623.428362,15.534275
392000,4222000,CB5MH_MD,93.50394,1e+06,0.7,79.5,392000 4222000,28.5,Unsuitable,black,YES,243.577432,2623.428362,15.534275
392000,4222000,CB5MH_MD,31.16798,1e+06,4.3,81.2,392000 4222000,9.5,Suitable,dodgerblue,YES,243.577432,2623.428362,15.534275
392000,4222000,CB5MH_MD,54.13386,1e+06,1,80.7,392000 4222000,16.5,Unsuitable,black,YES,243.577432,2623.428362,15.534275
392000,4222000,CB5MH_MD,77.09974,1e+06,0.7,79.8,392000 4222000,23.5,Unsuitable,black,YES,243.577432,2623.428362,15.534275
392000,4222000,CB5MH_MD,70.53806,1e+06,0.77,80,392000 4222000,21.5,Unsuitable,black,YES,243.577432,2623.428362,15.534275
392000,4222000,CB5MH_MD,21.32546,1e+06,7.15,81.2,392000 4222000,6.5,Suitable,dodgerblue,YES,243.577432,2623.428362,15.534275
392000,4222000,CB5MH_MD,67.25722,1e+06,0.8,80.1,392000 4222000,20.5,Unsuitable,black,YES,243.577432,2623.428362,15.534275
392000,4222000,CB5MH_MD,14.76378,1e+06,7.65,81.2,392000 4222000,4.5,Suitable,dodgerblue,YES,243.577432,2623.428362,15.534275
392000,4222000,CB5MH_MD,37.72966,1e+06,2.25,81.5,392000 4222000,11.5,Marginal,orange,YES,243.577432,2623.428362,15.534275
392000,4222000,CB5MH_MD,80.38058,1e+06,0.7,79.7,392000 4222000,24.5,Unsuitable,black,YES,243.577432,2623.428362,15.534275
392000,4222000,CB5MH_MD,44.29134,1e+06,1.7,81.3,392000 4222000,13.5,Unsuitable,black,YES,243.577432,2623.428362,15.534275
392000,4222000,CB5MH_MD,63.97638,1e+06,0.8,80.2,392000 4222000,19.5,Unsuitable,black,YES,243.577432,2623.428362,15.534275
392000,4222000,CB5MH_MD,50.85302,1e+06,1.3,81,392000 4222000,15.5,Unsuitable,black,YES,243.577432,2623.428362,15.534275
392000,4222000,CB5MH_MD,1.64042,1e+06,8.3,81.1,392000 4222000,0.5,Suitable,dodgerblue,YES,243.577432,2623.428362,15.534275
392000,4222000,CB5MH_MD,18.04462,1e+06,7.4,81.3,392000 4222000,5.5,Suitable,dodgerblue,YES,243.577432,2623.428362,15.534275
392000,4222000,CB5MH_MD,60.69554,1e+06,0.8,80.3,392000 4222000,18.5,Unsuitable,black,YES,243.577432,2623.428362,15.534275
392000,4222000,CB5MH_MD,11.48294,1e+06,7.9,81.1,392000 4222000,3.5,Suitable,dodgerblue,YES,243.577432,2623.428362,15.534275
392000,4222000,CB5MH_MD,24.6063,1e+06,6.55,81,392000 4222000,7.5,Suitable,dodgerblue,YES,243.577432,2623.428362,15.534275
392000,4222000,CB5MH_MD,96.78478,1e+06,0.7,79.5,392000 4222000,29.5,Unsuitable,black,YES,243.577432,2623.428362,15.534275
392000,4222000,CB5MH_MD,57.4147,1e+06,0.8,80.4,392000 4222000,17.5,Unsuitable,black,YES,243.577432,2623.428362,15.534275
392000,4222000,CB5MH_MD,8.2021,1e+06,8.1,81.1,392000 4222000,2.5,Suitable,dodgerblue,YES,243.577432,2623.428362,15.534275
392000,4222000,CB5MH_MD,73.8189,1e+06,0.72,79.9,392000 4222000,22.5,Unsuitable,black,YES,243.577432,2623.428362,15.534275
392000,4222000,CB5MH_MD,34.44882,1e+06,2.9,81.4,392000 4222000,10.5,Marginal,orange,YES,243.577432,2623.428362,15.534275
392000,4222000,CB5MH_MD,41.0105,1e+06,2.05,81.4,392000 4222000,12.5,Marginal,orange,YES,243.577432,2623.428362,15.534275
392000,4222000,CB5MH_MD,4.92126,1e+06,8.25,81.1,392000 4222000,1.5,Suitable,dodgerblue,YES,243.577432,2623.428362,15.534275
392000,4223000,CB5MH_MD,100.06562,1e+06,0.7,79.5,392000 4223000,30.5,Unsuitable,black,YES,243.577432,2624.049733,16.1556459999997
392000,4223000,CB5MH_MD,54.13386,1e+06,0.99,80.69,392000 4223000,16.5,Unsuitable,black,YES,243.577432,2624.049733,16.1556459999997
392000,4223000,CB5MH_MD,31.16798,1e+06,4.3,81.2,392000 4223000,9.5,Suitable,dodgerblue,YES,243.577432,2624.049733,16.1556459999997
392000,4223000,CB5MH_MD,77.09974,1e+06,0.7,79.8,392000 4223000,23.5,Unsuitable,black,YES,243.577432,2624.049733,16.1556459999997
392000,4223000,CB5MH_MD,80.38058,1e+06,0.7,79.7,392000 4223000,24.5,Unsuitable,black,YES,243.577432,2624.049733,16.1556459999997
392000,4223000,CB5MH_MD,47.57218,1e+06,1.44,81.19,392000 4223000,14.5,Unsuitable,black,YES,243.577432,2624.049733,16.1556459999997
392000,4223000,CB5MH_MD,57.4147,1e+06,0.79,80.4,392000 4223000,17.5,Unsuitable,black,YES,243.577432,2624.049733,16.1556459999997
392000,4223000,CB5MH_MD,96.78478,1e+06,0.7,79.5,392000 4223000,29.5,Unsuitable,black,YES,243.577432,2624.049733,16.1556459999997
392000,4223000,CB5MH_MD,21.32546,1e+06,7.13,81.2,392000 4223000,6.5,Suitable,dodgerblue,YES,243.577432,2624.049733,16.1556459999997
392000,4223000,CB5MH_MD,86.94226,1e+06,0.7,79.6,392000 4223000,26.5,Unsuitable,black,YES,243.577432,2624.049733,16.1556459999997
392000,4223000,CB5MH_MD,90.2231,1e+06,0.7,79.5,392000 4223000,27.5,Unsuitable,black,YES,243.577432,2624.049733,16.1556459999997
392000,4223000,CB5MH_MD,24.6063,1e+06,6.53,81,392000 4223000,7.5,Suitable,dodgerblue,YES,243.577432,2624.049733,16.1556459999997
392000,4223000,CB5MH_MD,18.04462,1e+06,7.38,81.3,392000 4223000,5.5,Suitable,dodgerblue,YES,243.577432,2624.049733,16.1556459999997
392000,4223000,CB5MH_MD,27.88714,1e+06,5.59,81,392000 4223000,8.5,Suitable,dodgerblue,YES,243.577432,2624.049733,16.1556459999997
392000,4223000,CB5MH_MD,4.92126,1e+06,8.23,81.09,392000 4223000,1.5,Suitable,dodgerblue,YES,243.577432,2624.049733,16.1556459999997
392000,4223000,CB5MH_MD,34.44882,1e+06,2.92,81.4,392000 4223000,10.5,Marginal,orange,YES,243.577432,2624.049733,16.1556459999997
392000,4223000,CB5MH_MD,70.53806,1e+06,0.77,80,392000 4223000,21.5,Unsuitable,black,YES,243.577432,2624.049733,16.1556459999997
392000,4223000,CB5MH_MD,83.66142,1e+06,0.7,79.7,392000 4223000,25.5,Unsuitable,black,YES,243.577432,2624.049733,16.1556459999997
392000,4223000,CB5MH_MD,44.29134,1e+06,1.69,81.29,392000 4223000,13.5,Unsuitable,black,YES,243.577432,2624.049733,16.1556459999997
392000,4223000,CB5MH_MD,60.69554,1e+06,0.8,80.3,392000 4223000,18.5,Unsuitable,black,YES,243.577432,2624.049733,16.1556459999997
392000,4223000,CB5MH_MD,73.8189,1e+06,0.72,79.9,392000 4223000,22.5,Unsuitable,black,YES,243.577432,2624.049733,16.1556459999997
392000,4223000,CB5MH_MD,67.25722,1e+06,0.8,80.1,392000 4223000,20.5,Unsuitable,black,YES,243.577432,2624.049733,16.1556459999997
392000,4223000,CB5MH_MD,14.76378,1e+06,7.63,81.2,392000 4223000,4.5,Suitable,dodgerblue,YES,243.577432,2624.049733,16.1556459999997
392000,4223000,CB5MH_MD,63.97638,1e+06,0.8,80.2,392000 4223000,19.5,Unsuitable,black,YES,243.577432,2624.049733,16.1556459999997
392000,4223000,CB5MH_MD,41.0105,1e+06,2.05,81.4,392000 4223000,12.5,Marginal,orange,YES,243.577432,2624.049733,16.1556459999997
392000,4223000,CB5MH_MD,50.85302,1e+06,1.29,80.99,392000 4223000,15.5,Unsuitable,black,YES,243.577432,2624.049733,16.1556459999997
392000,4223000,CB5MH_MD,93.50394,1e+06,0.7,79.5,392000 4223000,28.5,Unsuitable,black,YES,243.577432,2624.049733,16.1556459999997
392000,4223000,CB5MH_MD,37.72966,1e+06,2.27,81.5,392000 4223000,11.5,Marginal,orange,YES,243.577432,2624.049733,16.1556459999997
392000,4223000,CB5MH_MD,1.64042,1e+06,8.28,81.09,392000 4223000,0.5,Suitable,dodgerblue,YES,243.577432,2624.049733,16.1556459999997
392000,4223000,CB5MH_MD,8.2021,1e+06,8.08,81.1,392000 4223000,2.5,Suitable,dodgerblue,YES,243.577432,2624.049733,16.1556459999997
392000,4223000,CB5MH_MD,11.48294,1e+06,7.88,81.1,392000 4223000,3.5,Suitable,dodgerblue,YES,243.577432,2624.049733,16.1556459999997
392000,4224000,CB5MH_MD,60.69554,1e+06,0.8,80.29,392000 4224000,18.5,Unsuitable,black,YES,243.577432,2624.671104,16.7770169999999
392000,4224000,CB5MH_MD,57.4147,1e+06,0.79,80.39,392000 4224000,17.5,Unsuitable,black,YES,243.577432,2624.671104,16.7770169999999
392000,4224000,CB5MH_MD,37.72966,1e+06,2.29,81.49,392000 4224000,11.5,Marginal,orange,YES,243.577432,2624.671104,16.7770169999999
392000,4224000,CB5MH_MD,63.97638,1e+06,0.8,80.19,392000 4224000,19.5,Unsuitable,black,YES,243.577432,2624.671104,16.7770169999999
392000,4224000,CB5MH_MD,86.94226,1e+06,0.7,79.6,392000 4224000,26.5,Unsuitable,black,YES,243.577432,2624.671104,16.7770169999999
392000,4224000,CB5MH_MD,73.8189,1e+06,0.72,79.9,392000 4224000,22.5,Unsuitable,black,YES,243.577432,2624.671104,16.7770169999999
392000,4224000,CB5MH_MD,47.57218,1e+06,1.43,81.18,392000 4224000,14.5,Unsuitable,black,YES,243.577432,2624.671104,16.7770169999999
392000,4224000,CB5MH_MD,54.13386,1e+06,0.98,80.68,392000 4224000,16.5,Unsuitable,black,YES,243.577432,2624.671104,16.7770169999999
392000,4224000,CB5MH_MD,44.29134,1e+06,1.68,81.29,392000 4224000,13.5,Unsuitable,black,YES,243.577432,2624.671104,16.7770169999999
392000,4224000,CB5MH_MD,96.78478,1e+06,0.7,79.5,392000 4224000,29.5,Unsuitable,black,YES,243.577432,2624.671104,16.7770169999999
392000,4224000,CB5MH_MD,67.25722,1e+06,0.8,80.09,392000 4224000,20.5,Unsuitable,black,YES,243.577432,2624.671104,16.7770169999999
392000,4224000,CB5MH_MD,34.44882,1e+06,2.94,81.39,392000 4224000,10.5,Marginal,orange,YES,243.577432,2624.671104,16.7770169999999
392000,4224000,CB5MH_MD,50.85302,1e+06,1.28,80.98,392000 4224000,15.5,Unsuitable,black,YES,243.577432,2624.671104,16.7770169999999
392000,4224000,CB5MH_MD,31.16798,1e+06,4.3,81.2,392000 4224000,9.5,Suitable,dodgerblue,YES,243.577432,2624.671104,16.7770169999999
392000,4224000,CB5MH_MD,41.0105,1e+06,2.05,81.39,392000 4224000,12.5,Marginal,orange,YES,243.577432,2624.671104,16.7770169999999
392000,4224000,CB5MH_MD,24.6063,1e+06,6.48,81,392000 4224000,7.5,Suitable,dodgerblue,YES,243.577432,2624.671104,16.7770169999999
392000,4224000,CB5MH_MD,80.38058,1e+06,0.7,79.7,392000 4224000,24.5,Unsuitable,black,YES,243.577432,2624.671104,16.7770169999999
392000,4224000,CB5MH_MD,103.34646,1e+06,0.7,79.5,392000 4224000,31.5,Unsuitable,black,YES,243.577432,2624.671104,16.7770169999999
392000,4224000,CB5MH_MD,70.53806,1e+06,0.77,80,392000 4224000,21.5,Unsuitable,black,YES,243.577432,2624.671104,16.7770169999999
392000,4224000,CB5MH_MD,100.06562,1e+06,0.7,79.5,392000 4224000,30.5,Unsuitable,black,YES,243.577432,2624.671104,16.7770169999999
392000,4224000,CB5MH_MD,27.88714,1e+06,5.56,81,392000 4224000,8.5,Suitable,dodgerblue,YES,243.577432,2624.671104,16.7770169999999
392000,4224000,CB5MH_MD,83.66142,1e+06,0.7,79.7,392000 4224000,25.5,Unsuitable,black,YES,243.577432,2624.671104,16.7770169999999
392000,4224000,CB5MH_MD,14.76378,1e+06,7.57,81.19,392000 4224000,4.5,Suitable,dodgerblue,YES,243.577432,2624.671104,16.7770169999999
392000,4224000,CB5MH_MD,77.09974,1e+06,0.7,79.8,392000 4224000,23.5,Unsuitable,black,YES,243.577432,2624.671104,16.7770169999999
392000,4224000,CB5MH_MD,21.32546,1e+06,7.08,81.19,392000 4224000,6.5,Suitable,dodgerblue,YES,243.577432,2624.671104,16.7770169999999
392000,4224000,CB5MH_MD,90.2231,1e+06,0.7,79.5,392000 4224000,27.5,Unsuitable,black,YES,243.577432,2624.671104,16.7770169999999
392000,4224000,CB5MH_MD,4.92126,1e+06,8.19,81.08,392000 4224000,1.5,Suitable,dodgerblue,YES,243.577432,2624.671104,16.7770169999999
392000,4224000,CB5MH_MD,18.04462,1e+06,7.33,81.29,392000 4224000,5.5,Suitable,dodgerblue,YES,243.577432,2624.671104,16.7770169999999
392000,4224000,CB5MH_MD,93.50394,1e+06,0.7,79.5,392000 4224000,28.5,Unsuitable,black,YES,243.577432,2624.671104,16.7770169999999
392000,4224000,CB5MH_MD,11.48294,1e+06,7.83,81.09,392000 4224000,3.5,Suitable,dodgerblue,YES,243.577432,2624.671104,16.7770169999999
392000,4224000,CB5MH_MD,1.64042,1e+06,8.25,81.08,392000 4224000,0.5,Suitable,dodgerblue,YES,243.577432,2624.671104,16.7770169999999
392000,4224000,CB5MH_MD,8.2021,1e+06,8.04,81.08,392000 4224000,2.5,Suitable,dodgerblue,YES,243.577432,2624.671104,16.7770169999999
392000,4225000,CB5MH_MD,93.50394,1e+06,0.7,79.5,392000 4225000,28.5,Unsuitable,black,YES,243.577432,2625.292475,17.3983880000001
392000,4225000,CB5MH_MD,90.2231,1e+06,0.7,79.51,392000 4225000,27.5,Unsuitable,black,YES,243.577432,2625.292475,17.3983880000001
392000,4225000,CB5MH_MD,77.09974,1e+06,0.7,79.8,392000 4225000,23.5,Unsuitable,black,YES,243.577432,2625.292475,17.3983880000001
392000,4225000,CB5MH_MD,86.94226,1e+06,0.7,79.6,392000 4225000,26.5,Unsuitable,black,YES,243.577432,2625.292475,17.3983880000001
392000,4225000,CB5MH_MD,83.66142,1e+06,0.7,79.7,392000 4225000,25.5,Unsuitable,black,YES,243.577432,2625.292475,17.3983880000001
392000,4225000,CB5MH_MD,80.38058,1e+06,0.7,79.7,392000 4225000,24.5,Unsuitable,black,YES,243.577432,2625.292475,17.3983880000001
392000,4225000,CB5MH_MD,37.72966,1e+06,2.33,81.49,392000 4225000,11.5,Marginal,orange,YES,243.577432,2625.292475,17.3983880000001
392000,4225000,CB5MH_MD,63.97638,1e+06,0.79,80.18,392000 4225000,19.5,Unsuitable,black,YES,243.577432,2625.292475,17.3983880000001
392000,4225000,CB5MH_MD,73.8189,1e+06,0.72,79.89,392000 4225000,22.5,Unsuitable,black,YES,243.577432,2625.292475,17.3983880000001
392000,4225000,CB5MH_MD,31.16798,1e+06,4.28,81.2,392000 4225000,9.5,Suitable,dodgerblue,YES,243.577432,2625.292475,17.3983880000001
392000,4225000,CB5MH_MD,96.78478,1e+06,0.7,79.5,392000 4225000,29.5,Unsuitable,black,YES,243.577432,2625.292475,17.3983880000001
392000,4225000,CB5MH_MD,70.53806,1e+06,0.77,79.99,392000 4225000,21.5,Unsuitable,black,YES,243.577432,2625.292475,17.3983880000001
392000,4225000,CB5MH_MD,34.44882,1e+06,2.97,81.39,392000 4225000,10.5,Marginal,orange,YES,243.577432,2625.292475,17.3983880000001
392000,4225000,CB5MH_MD,106.6273,1e+06,0.7,79.4,392000 4225000,32.5,Unsuitable,black,YES,243.577432,2625.292475,17.3983880000001
392000,4225000,CB5MH_MD,113.18898,1e+06,0.7,79.3,392000 4225000,34.5,Unsuitable,black,YES,243.577432,2625.292475,17.3983880000001
392000,4225000,CB5MH_MD,67.25722,1e+06,0.79,80.09,392000 4225000,20.5,Unsuitable,black,YES,243.577432,2625.292475,17.3983880000001
392000,4225000,CB5MH_MD,109.90814,1e+06,0.7,79.3,392000 4225000,33.5,Unsuitable,black,YES,243.577432,2625.292475,17.3983880000001
392000,4225000,CB5MH_MD,14.76378,1e+06,7.49,81.18,392000 4225000,4.5,Suitable,dodgerblue,YES,243.577432,2625.292475,17.3983880000001
392000,4225000,CB5MH_MD,100.06562,1e+06,0.7,79.5,392000 4225000,30.5,Unsuitable,black,YES,243.577432,2625.292475,17.3983880000001
392000,4225000,CB5MH_MD,41.0105,1e+06,2.05,81.38,392000 4225000,12.5,Marginal,orange,YES,243.577432,2625.292475,17.3983880000001
392000,4225000,CB5MH_MD,27.88714,1e+06,5.51,81.01,392000 4225000,8.5,Suitable,dodgerblue,YES,243.577432,2625.292475,17.3983880000001
392000,4225000,CB5MH_MD,103.34646,1e+06,0.7,79.5,392000 4225000,31.5,Unsuitable,black,YES,243.577432,2625.292475,17.3983880000001
392000,4225000,CB5MH_MD,44.29134,1e+06,1.67,81.27,392000 4225000,13.5,Unsuitable,black,YES,243.577432,2625.292475,17.3983880000001
392000,4225000,CB5MH_MD,54.13386,1e+06,0.96,80.67,392000 4225000,16.5,Unsuitable,black,YES,243.577432,2625.292475,17.3983880000001
392000,4225000,CB5MH_MD,18.04462,1e+06,7.25,81.28,392000 4225000,5.5,Suitable,dodgerblue,YES,243.577432,2625.292475,17.3983880000001
392000,4225000,CB5MH_MD,21.32546,1e+06,6.99,81.19,392000 4225000,6.5,Suitable,dodgerblue,YES,243.577432,2625.292475,17.3983880000001
392000,4225000,CB5MH_MD,11.48294,1e+06,7.76,81.07,392000 4225000,3.5,Suitable,dodgerblue,YES,243.577432,2625.292475,17.3983880000001
392000,4225000,CB5MH_MD,50.85302,1e+06,1.27,80.97,392000 4225000,15.5,Unsuitable,black,YES,243.577432,2625.292475,17.3983880000001
392000,4225000,CB5MH_MD,24.6063,1e+06,6.4,81,392000 4225000,7.5,Suitable,dodgerblue,YES,243.577432,2625.292475,17.3983880000001
392000,4225000,CB5MH_MD,60.69554,1e+06,0.79,80.28,392000 4225000,18.5,Unsuitable,black,YES,243.577432,2625.292475,17.3983880000001
392000,4225000,CB5MH_MD,57.4147,1e+06,0.77,80.38,392000 4225000,17.5,Unsuitable,black,YES,243.577432,2625.292475,17.3983880000001
392000,4225000,CB5MH_MD,8.2021,1e+06,7.99,81.07,392000 4225000,2.5,Suitable,dodgerblue,YES,243.577432,2625.292475,17.3983880000001
392000,4225000,CB5MH_MD,4.92126,1e+06,8.14,81.06,392000 4225000,1.5,Suitable,dodgerblue,YES,243.577432,2625.292475,17.3983880000001
392000,4225000,CB5MH_MD,47.57218,1e+06,1.42,81.17,392000 4225000,14.5,Unsuitable,black,YES,243.577432,2625.292475,17.3983880000001
392000,4225000,CB5MH_MD,1.64042,1e+06,8.2,81.06,392000 4225000,0.5,Suitable,dodgerblue,YES,243.577432,2625.292475,17.3983880000001
392000,4226000,CB5MH_MD,90.2231,1e+06,0.7,79.51,392000 4226000,27.5,Unsuitable,black,YES,243.577432,2625.913846,18.0197589999998
392000,4226000,CB5MH_MD,86.94226,1e+06,0.7,79.61,392000 4226000,26.5,Unsuitable,black,YES,243.577432,2625.913846,18.0197589999998
392000,4226000,CB5MH_MD,60.69554,1e+06,0.79,80.26,392000 4226000,18.5,Unsuitable,black,YES,243.577432,2625.913846,18.0197589999998
392000,4226000,CB5MH_MD,8.2021,1e+06,7.92,81.04,392000 4226000,2.5,Suitable,dodgerblue,YES,243.577432,2625.913846,18.0197589999998
392000,4226000,CB5MH_MD,31.16798,1e+06,4.25,81.21,392000 4226000,9.5,Suitable,dodgerblue,YES,243.577432,2625.913846,18.0197589999998
392000,4226000,CB5MH_MD,70.53806,1e+06,0.77,79.98,392000 4226000,21.5,Unsuitable,black,YES,243.577432,2625.913846,18.0197589999998
392000,4226000,CB5MH_MD,73.8189,1e+06,0.72,79.89,392000 4226000,22.5,Unsuitable,black,YES,243.577432,2625.913846,18.0197589999998
392000,4226000,CB5MH_MD,54.13386,1e+06,0.94,80.65,392000 4226000,16.5,Unsuitable,black,YES,243.577432,2625.913846,18.0197589999998
392000,4226000,CB5MH_MD,4.92126,1e+06,8.07,81.03,392000 4226000,1.5,Suitable,dodgerblue,YES,243.577432,2625.913846,18.0197589999998
392000,4226000,CB5MH_MD,83.66142,1e+06,0.7,79.7,392000 4226000,25.5,Unsuitable,black,YES,243.577432,2625.913846,18.0197589999998
392000,4226000,CB5MH_MD,24.6063,1e+06,6.29,81,392000 4226000,7.5,Suitable,dodgerblue,YES,243.577432,2625.913846,18.0197589999998
392000,4226000,CB5MH_MD,1.64042,1e+06,8.14,81.03,392000 4226000,0.5,Suitable,dodgerblue,YES,243.577432,2625.913846,18.0197589999998
392000,4226000,CB5MH_MD,27.88714,1e+06,5.43,81.01,392000 4226000,8.5,Suitable,dodgerblue,YES,243.577432,2625.913846,18.0197589999998
392000,4226000,CB5MH_MD,67.25722,1e+06,0.79,80.08,392000 4226000,20.5,Unsuitable,black,YES,243.577432,2625.913846,18.0197589999998
392000,4226000,CB5MH_MD,80.38058,1e+06,0.7,79.7,392000 4226000,24.5,Unsuitable,black,YES,243.577432,2625.913846,18.0197589999998
392000,4226000,CB5MH_MD,63.97638,1e+06,0.79,80.17,392000 4226000,19.5,Unsuitable,black,YES,243.577432,2625.913846,18.0197589999998
392000,4226000,CB5MH_MD,96.78478,1e+06,0.7,79.5,392000 4226000,29.5,Unsuitable,black,YES,243.577432,2625.913846,18.0197589999998
392000,4226000,CB5MH_MD,57.4147,1e+06,0.76,80.36,392000 4226000,17.5,Unsuitable,black,YES,243.577432,2625.913846,18.0197589999998
392000,4226000,CB5MH_MD,100.06562,1e+06,0.7,79.5,392000 4226000,30.5,Unsuitable,black,YES,243.577432,2625.913846,18.0197589999998
392000,4226000,CB5MH_MD,14.76378,1e+06,7.37,81.16,392000 4226000,4.5,Suitable,dodgerblue,YES,243.577432,2625.913846,18.0197589999998
392000,4226000,CB5MH_MD,21.32546,1e+06,6.88,81.18,392000 4226000,6.5,Suitable,dodgerblue,YES,243.577432,2625.913846,18.0197589999998
392000,4226000,CB5MH_MD,77.09974,1e+06,0.7,79.79,392000 4226000,23.5,Unsuitable,black,YES,243.577432,2625.913846,18.0197589999998
392000,4226000,CB5MH_MD,47.57218,1e+06,1.41,81.15,392000 4226000,14.5,Unsuitable,black,YES,243.577432,2625.913846,18.0197589999998
392000,4226000,CB5MH_MD,18.04462,1e+06,7.14,81.26,392000 4226000,5.5,Suitable,dodgerblue,YES,243.577432,2625.913846,18.0197589999998
392000,4226000,CB5MH_MD,50.85302,1e+06,1.25,80.95,392000 4226000,15.5,Unsuitable,black,YES,243.577432,2625.913846,18.0197589999998
392000,4226000,CB5MH_MD,106.6273,1e+06,0.7,79.4,392000 4226000,32.5,Unsuitable,black,YES,243.577432,2625.913846,18.0197589999998
392000,4226000,CB5MH_MD,37.72966,1e+06,2.36,81.48,392000 4226000,11.5,Marginal,orange,YES,243.577432,2625.913846,18.0197589999998
392000,4226000,CB5MH_MD,11.48294,1e+06,7.67,81.06,392000 4226000,3.5,Suitable,dodgerblue,YES,243.577432,2625.913846,18.0197589999998
392000,4226000,CB5MH_MD,44.29134,1e+06,1.65,81.26,392000 4226000,13.5,Unsuitable,black,YES,243.577432,2625.913846,18.0197589999998
392000,4226000,CB5MH_MD,34.44882,1e+06,3,81.38,392000 4226000,10.5,Tolerable,yellow,YES,243.577432,2625.913846,18.0197589999998
392000,4226000,CB5MH_MD,41.0105,1e+06,2.05,81.38,392000 4226000,12.5,Marginal,orange,YES,243.577432,2625.913846,18.0197589999998
392000,4226000,CB5MH_MD,103.34646,1e+06,0.7,79.5,392000 4226000,31.5,Unsuitable,black,YES,243.577432,2625.913846,18.0197589999998
392000,4226000,CB5MH_MD,93.50394,1e+06,0.7,79.51,392000 4226000,28.5,Unsuitable,black,YES,243.577432,2625.913846,18.0197589999998
392000,4227000,CB5MH_MD,63.97638,1e+06,0.78,80.15,392000 4227000,19.5,Unsuitable,black,YES,243.577432,2626.535217,18.64113
392000,4227000,CB5MH_MD,54.13386,1e+06,0.91,80.62,392000 4227000,16.5,Unsuitable,black,YES,243.577432,2626.535217,18.64113
392000,4227000,CB5MH_MD,60.69554,1e+06,0.78,80.24,392000 4227000,18.5,Unsuitable,black,YES,243.577432,2626.535217,18.64113
392000,4227000,CB5MH_MD,96.78478,1e+06,0.7,79.5,392000 4227000,29.5,Unsuitable,black,YES,243.577432,2626.535217,18.64113
392000,4227000,CB5MH_MD,57.4147,1e+06,0.74,80.34,392000 4227000,17.5,Unsuitable,black,YES,243.577432,2626.535217,18.64113
392000,4227000,CB5MH_MD,90.2231,1e+06,0.7,79.52,392000 4227000,27.5,Unsuitable,black,YES,243.577432,2626.535217,18.64113
392000,4227000,CB5MH_MD,100.06562,1e+06,0.7,79.5,392000 4227000,30.5,Unsuitable,black,YES,243.577432,2626.535217,18.64113
392000,4227000,CB5MH_MD,70.53806,1e+06,0.76,79.97,392000 4227000,21.5,Unsuitable,black,YES,243.577432,2626.535217,18.64113
392000,4227000,CB5MH_MD,50.85302,1e+06,1.23,80.92,392000 4227000,15.5,Unsuitable,black,YES,243.577432,2626.535217,18.64113
392000,4227000,CB5MH_MD,31.16798,1e+06,4.19,81.21,392000 4227000,9.5,Suitable,dodgerblue,YES,243.577432,2626.535217,18.64113
392000,4227000,CB5MH_MD,83.66142,1e+06,0.7,79.7,392000 4227000,25.5,Unsuitable,black,YES,243.577432,2626.535217,18.64113
392000,4227000,CB5MH_MD,47.57218,1e+06,1.39,81.13,392000 4227000,14.5,Unsuitable,black,YES,243.577432,2626.535217,18.64113
392000,4227000,CB5MH_MD,86.94226,1e+06,0.7,79.61,392000 4227000,26.5,Unsuitable,black,YES,243.577432,2626.535217,18.64113
392000,4227000,CB5MH_MD,44.29134,1e+06,1.63,81.24,392000 4227000,13.5,Unsuitable,black,YES,243.577432,2626.535217,18.64113
392000,4227000,CB5MH_MD,93.50394,1e+06,0.7,79.51,392000 4227000,28.5,Unsuitable,black,YES,243.577432,2626.535217,18.64113
392000,4227000,CB5MH_MD,80.38058,1e+06,0.7,79.7,392000 4227000,24.5,Unsuitable,black,YES,243.577432,2626.535217,18.64113
392000,4227000,CB5MH_MD,41.0105,1e+06,2.04,81.37,392000 4227000,12.5,Marginal,orange,YES,243.577432,2626.535217,18.64113
392000,4227000,CB5MH_MD,21.32546,1e+06,6.73,81.17,392000 4227000,6.5,Suitable,dodgerblue,YES,243.577432,2626.535217,18.64113
392000,4227000,CB5MH_MD,24.6063,1e+06,6.15,81.01,392000 4227000,7.5,Suitable,dodgerblue,YES,243.577432,2626.535217,18.64113
392000,4227000,CB5MH_MD,1.64042,1e+06,8.07,81,392000 4227000,0.5,Suitable,dodgerblue,YES,243.577432,2626.535217,18.64113
392000,4227000,CB5MH_MD,4.92126,1e+06,7.98,81,392000 4227000,1.5,Suitable,dodgerblue,YES,243.577432,2626.535217,18.64113
392000,4227000,CB5MH_MD,27.88714,1e+06,5.34,81.01,392000 4227000,8.5,Suitable,dodgerblue,YES,243.577432,2626.535217,18.64113
392000,4227000,CB5MH_MD,18.04462,1e+06,7,81.24,392000 4227000,5.5,Suitable,dodgerblue,YES,243.577432,2626.535217,18.64113
392000,4227000,CB5MH_MD,67.25722,1e+06,0.78,80.06,392000 4227000,20.5,Unsuitable,black,YES,243.577432,2626.535217,18.64113
392000,4227000,CB5MH_MD,34.44882,1e+06,3.02,81.37,392000 4227000,10.5,Tolerable,yellow,YES,243.577432,2626.535217,18.64113
392000,4227000,CB5MH_MD,73.8189,1e+06,0.72,79.88,392000 4227000,22.5,Unsuitable,black,YES,243.577432,2626.535217,18.64113
392000,4227000,CB5MH_MD,77.09974,1e+06,0.7,79.79,392000 4227000,23.5,Unsuitable,black,YES,243.577432,2626.535217,18.64113
392000,4227000,CB5MH_MD,37.72966,1e+06,2.39,81.47,392000 4227000,11.5,Marginal,orange,YES,243.577432,2626.535217,18.64113
392000,4227000,CB5MH_MD,8.2021,1e+06,7.83,81.01,392000 4227000,2.5,Suitable,dodgerblue,YES,243.577432,2626.535217,18.64113
392000,4227000,CB5MH_MD,11.48294,1e+06,7.55,81.03,392000 4227000,3.5,Suitable,dodgerblue,YES,243.577432,2626.535217,18.64113
392000,4227000,CB5MH_MD,14.76378,1e+06,7.23,81.15,392000 4227000,4.5,Suitable,dodgerblue,YES,243.577432,2626.535217,18.64113
392000,4228000,CB5MH_MD,4.92126,1e+06,7.87,80.94,392000 4228000,1.5,Suitable,dodgerblue,YES,243.577432,2627.156588,19.2625009999997
392000,4228000,CB5MH_MD,8.2021,1e+06,7.7,80.97,392000 4228000,2.5,Suitable,dodgerblue,YES,243.577432,2627.156588,19.2625009999997
392000,4228000,CB5MH_MD,50.85302,1e+06,1.21,80.9,392000 4228000,15.5,Unsuitable,black,YES,243.577432,2627.156588,19.2625009999997
392000,4228000,CB5MH_MD,57.4147,1e+06,0.72,80.31,392000 4228000,17.5,Unsuitable,black,YES,243.577432,2627.156588,19.2625009999997
392000,4228000,CB5MH_MD,60.69554,1e+06,0.77,80.21,392000 4228000,18.5,Unsuitable,black,YES,243.577432,2627.156588,19.2625009999997
392000,4228000,CB5MH_MD,77.09974,1e+06,0.7,79.78,392000 4228000,23.5,Unsuitable,black,YES,243.577432,2627.156588,19.2625009999997
392000,4228000,CB5MH_MD,100.06562,1e+06,0.7,79.5,392000 4228000,30.5,Unsuitable,black,YES,243.577432,2627.156588,19.2625009999997
392000,4228000,CB5MH_MD,73.8189,1e+06,0.72,79.87,392000 4228000,22.5,Unsuitable,black,YES,243.577432,2627.156588,19.2625009999997
392000,4228000,CB5MH_MD,47.57218,1e+06,1.38,81.11,392000 4228000,14.5,Unsuitable,black,YES,243.577432,2627.156588,19.2625009999997
392000,4228000,CB5MH_MD,1.64042,1e+06,7.97,80.93,392000 4228000,0.5,Suitable,dodgerblue,YES,243.577432,2627.156588,19.2625009999997
392000,4228000,CB5MH_MD,44.29134,1e+06,1.62,81.22,392000 4228000,13.5,Unsuitable,black,YES,243.577432,2627.156588,19.2625009999997
392000,4228000,CB5MH_MD,37.72966,1e+06,2.41,81.45,392000 4228000,11.5,Marginal,orange,YES,243.577432,2627.156588,19.2625009999997
392000,4228000,CB5MH_MD,27.88714,1e+06,5.25,81,392000 4228000,8.5,Suitable,dodgerblue,YES,243.577432,2627.156588,19.2625009999997
392000,4228000,CB5MH_MD,31.16798,1e+06,4.11,81.21,392000 4228000,9.5,Suitable,dodgerblue,YES,243.577432,2627.156588,19.2625009999997
392000,4228000,CB5MH_MD,67.25722,1e+06,0.77,80.04,392000 4228000,20.5,Unsuitable,black,YES,243.577432,2627.156588,19.2625009999997
392000,4228000,CB5MH_MD,70.53806,1e+06,0.75,79.95,392000 4228000,21.5,Unsuitable,black,YES,243.577432,2627.156588,19.2625009999997
392000,4228000,CB5MH_MD,96.78478,1e+06,0.7,79.5,392000 4228000,29.5,Unsuitable,black,YES,243.577432,2627.156588,19.2625009999997
392000,4228000,CB5MH_MD,54.13386,1e+06,0.88,80.59,392000 4228000,16.5,Unsuitable,black,YES,243.577432,2627.156588,19.2625009999997
392000,4228000,CB5MH_MD,41.0105,1e+06,2.04,81.35,392000 4228000,12.5,Marginal,orange,YES,243.577432,2627.156588,19.2625009999997
392000,4228000,CB5MH_MD,34.44882,1e+06,3.01,81.36,392000 4228000,10.5,Tolerable,yellow,YES,243.577432,2627.156588,19.2625009999997
392000,4228000,CB5MH_MD,90.2231,1e+06,0.7,79.53,392000 4228000,27.5,Unsuitable,black,YES,243.577432,2627.156588,19.2625009999997
392000,4228000,CB5MH_MD,18.04462,1e+06,6.79,81.2,392000 4228000,5.5,Suitable,dodgerblue,YES,243.577432,2627.156588,19.2625009999997
392000,4228000,CB5MH_MD,86.94226,1e+06,0.7,79.62,392000 4228000,26.5,Unsuitable,black,YES,243.577432,2627.156588,19.2625009999997
392000,4228000,CB5MH_MD,14.76378,1e+06,7.02,81.12,392000 4228000,4.5,Suitable,dodgerblue,YES,243.577432,2627.156588,19.2625009999997
392000,4228000,CB5MH_MD,24.6063,1e+06,6.01,81,392000 4228000,7.5,Suitable,dodgerblue,YES,243.577432,2627.156588,19.2625009999997
392000,4228000,CB5MH_MD,21.32546,1e+06,6.54,81.14,392000 4228000,6.5,Suitable,dodgerblue,YES,243.577432,2627.156588,19.2625009999997
392000,4228000,CB5MH_MD,83.66142,1e+06,0.7,79.7,392000 4228000,25.5,Unsuitable,black,YES,243.577432,2627.156588,19.2625009999997
392000,4228000,CB5MH_MD,80.38058,1e+06,0.7,79.7,392000 4228000,24.5,Unsuitable,black,YES,243.577432,2627.156588,19.2625009999997
392000,4228000,CB5MH_MD,93.50394,1e+06,0.7,79.52,392000 4228000,28.5,Unsuitable,black,YES,243.577432,2627.156588,19.2625009999997
392000,4228000,CB5MH_MD,11.48294,1e+06,7.38,81,392000 4228000,3.5,Suitable,dodgerblue,YES,243.577432,2627.156588,19.2625009999997
392000,4228000,CB5MH_MD,63.97638,1e+06,0.77,80.12,392000 4228000,19.5,Unsuitable,black,YES,243.577432,2627.156588,19.2625009999997
392000,4229000,CB5MH_MD,1.64042,1e+06,7.87,80.88,392000 4229000,0.5,Suitable,dodgerblue,YES,243.577432,2627.777959,19.8838719999999
392000,4229000,CB5MH_MD,80.38058,1e+06,0.7,79.7,392000 4229000,24.5,Unsuitable,black,YES,243.577432,2627.777959,19.8838719999999
392000,4229000,CB5MH_MD,41.0105,1e+06,2.03,81.34,392000 4229000,12.5,Marginal,orange,YES,243.577432,2627.777959,19.8838719999999
392000,4229000,CB5MH_MD,90.2231,1e+06,0.7,79.54,392000 4229000,27.5,Unsuitable,black,YES,243.577432,2627.777959,19.8838719999999
392000,4229000,CB5MH_MD,103.34646,1e+06,0.7,79.5,392000 4229000,31.5,Unsuitable,black,YES,243.577432,2627.777959,19.8838719999999
392000,4229000,CB5MH_MD,100.06562,1e+06,0.7,79.5,392000 4229000,30.5,Unsuitable,black,YES,243.577432,2627.777959,19.8838719999999
392000,4229000,CB5MH_MD,83.66142,1e+06,0.7,79.7,392000 4229000,25.5,Unsuitable,black,YES,243.577432,2627.777959,19.8838719999999
392000,4229000,CB5MH_MD,93.50394,1e+06,0.7,79.52,392000 4229000,28.5,Unsuitable,black,YES,243.577432,2627.777959,19.8838719999999
392000,4229000,CB5MH_MD,24.6063,1e+06,5.82,81,392000 4229000,7.5,Suitable,dodgerblue,YES,243.577432,2627.777959,19.8838719999999
392000,4229000,CB5MH_MD,96.78478,1e+06,0.7,79.5,392000 4229000,29.5,Unsuitable,black,YES,243.577432,2627.777959,19.8838719999999
392000,4229000,CB5MH_MD,86.94226,1e+06,0.7,79.62,392000 4229000,26.5,Unsuitable,black,YES,243.577432,2627.777959,19.8838719999999
392000,4229000,CB5MH_MD,60.69554,1e+06,0.76,80.17,392000 4229000,18.5,Unsuitable,black,YES,243.577432,2627.777959,19.8838719999999
392000,4229000,CB5MH_MD,27.88714,1e+06,5.11,81,392000 4229000,8.5,Suitable,dodgerblue,YES,243.577432,2627.777959,19.8838719999999
392000,4229000,CB5MH_MD,54.13386,1e+06,0.85,80.55,392000 4229000,16.5,Unsuitable,black,YES,243.577432,2627.777959,19.8838719999999
392000,4229000,CB5MH_MD,31.16798,1e+06,4.01,81.22,392000 4229000,9.5,Suitable,dodgerblue,YES,243.577432,2627.777959,19.8838719999999
392000,4229000,CB5MH_MD,77.09974,1e+06,0.7,79.78,392000 4229000,23.5,Unsuitable,black,YES,243.577432,2627.777959,19.8838719999999
392000,4229000,CB5MH_MD,57.4147,1e+06,0.71,80.27,392000 4229000,17.5,Unsuitable,black,YES,243.577432,2627.777959,19.8838719999999
392000,4229000,CB5MH_MD,73.8189,1e+06,0.71,79.86,392000 4229000,22.5,Unsuitable,black,YES,243.577432,2627.777959,19.8838719999999
392000,4229000,CB5MH_MD,70.53806,1e+06,0.74,79.93,392000 4229000,21.5,Unsuitable,black,YES,243.577432,2627.777959,19.8838719999999
392000,4229000,CB5MH_MD,67.25722,1e+06,0.76,80.01,392000 4229000,20.5,Unsuitable,black,YES,243.577432,2627.777959,19.8838719999999
392000,4229000,CB5MH_MD,18.04462,1e+06,6.58,81.18,392000 4229000,5.5,Suitable,dodgerblue,YES,243.577432,2627.777959,19.8838719999999
392000,4229000,CB5MH_MD,63.97638,1e+06,0.76,80.09,392000 4229000,19.5,Unsuitable,black,YES,243.577432,2627.777959,19.8838719999999
392000,4229000,CB5MH_MD,11.48294,1e+06,7.22,80.97,392000 4229000,3.5,Suitable,dodgerblue,YES,243.577432,2627.777959,19.8838719999999
392000,4229000,CB5MH_MD,106.6273,1e+06,0.7,79.4,392000 4229000,32.5,Unsuitable,black,YES,243.577432,2627.777959,19.8838719999999
392000,4229000,CB5MH_MD,4.92126,1e+06,7.75,80.89,392000 4229000,1.5,Suitable,dodgerblue,YES,243.577432,2627.777959,19.8838719999999
392000,4229000,CB5MH_MD,21.32546,1e+06,6.33,81.13,392000 4229000,6.5,Suitable,dodgerblue,YES,243.577432,2627.777959,19.8838719999999
392000,4229000,CB5MH_MD,50.85302,1e+06,1.19,80.86,392000 4229000,15.5,Unsuitable,black,YES,243.577432,2627.777959,19.8838719999999
392000,4229000,CB5MH_MD,8.2021,1e+06,7.58,80.94,392000 4229000,2.5,Suitable,dodgerblue,YES,243.577432,2627.777959,19.8838719999999
392000,4229000,CB5MH_MD,34.44882,1e+06,2.99,81.35,392000 4229000,10.5,Marginal,orange,YES,243.577432,2627.777959,19.8838719999999
392000,4229000,CB5MH_MD,14.76378,1e+06,6.8,81.1,392000 4229000,4.5,Suitable,dodgerblue,YES,243.577432,2627.777959,19.8838719999999
392000,4229000,CB5MH_MD,37.72966,1e+06,2.41,81.44,392000 4229000,11.5,Marginal,orange,YES,243.577432,2627.777959,19.8838719999999
392000,4229000,CB5MH_MD,44.29134,1e+06,1.6,81.2,392000 4229000,13.5,Unsuitable,black,YES,243.577432,2627.777959,19.8838719999999
392000,4229000,CB5MH_MD,47.57218,1e+06,1.36,81.09,392000 4229000,14.5,Unsuitable,black,YES,243.577432,2627.777959,19.8838719999999
392000,4340000,CB3MH,1.64042,1e+06,6.48,78.96,392000 4340000,0.5,Suitable,dodgerblue,YES,243.577432,2696.75014,88.856053
392000,4341000,CB2OH,27.88714,1e+06,0.4,79.54,392000 4341000,8.5,Unsuitable,black,YES,243.577432,2697.371511,89.4774239999997
392000,4341000,CB2OH,44.29134,1e+06,0.2,79.3,392000 4341000,13.5,Unsuitable,black,YES,243.577432,2697.371511,89.4774239999997
392000,4341000,CB2OH,24.6063,1e+06,0.75,79.64,392000 4341000,7.5,Unsuitable,black,YES,243.577432,2697.371511,89.4774239999997
392000,4341000,CB2OH,18.04462,1e+06,2.2,79.54,392000 4341000,5.5,Marginal,orange,YES,243.577432,2697.371511,89.4774239999997
392000,4341000,CB2OH,21.32546,1e+06,1.49,79.62,392000 4341000,6.5,Unsuitable,black,YES,243.577432,2697.371511,89.4774239999997
392000,4341000,CB2OH,34.44882,1e+06,0.1,79.4,392000 4341000,10.5,Unsuitable,black,YES,243.577432,2697.371511,89.4774239999997
392000,4341000,CB2OH,4.92126,1e+06,6.14,78.96,392000 4341000,1.5,Suitable,dodgerblue,YES,243.577432,2697.371511,89.4774239999997
392000,4341000,CB2OH,14.76378,1e+06,3.35,79.3,392000 4341000,4.5,Tolerable,yellow,YES,243.577432,2697.371511,89.4774239999997
392000,4341000,CB2OH,37.72966,1e+06,0.15,79.3,392000 4341000,11.5,Unsuitable,black,YES,243.577432,2697.371511,89.4774239999997
392000,4341000,CB2OH,1.64042,1e+06,6.2,78.97,392000 4341000,0.5,Suitable,dodgerblue,YES,243.577432,2697.371511,89.4774239999997
392000,4341000,CB2OH,11.48294,1e+06,4.89,78.88,392000 4341000,3.5,Suitable,dodgerblue,YES,243.577432,2697.371511,89.4774239999997
392000,4341000,CB2OH,31.16798,1e+06,0.2,79.42,392000 4341000,9.5,Unsuitable,black,YES,243.577432,2697.371511,89.4774239999997
392000,4341000,CB2OH,8.2021,1e+06,5.8,78.89,392000 4341000,2.5,Suitable,dodgerblue,YES,243.577432,2697.371511,89.4774239999997
392000,4341000,CB2OH,41.0105,1e+06,0.2,79.3,392000 4341000,12.5,Unsuitable,black,YES,243.577432,2697.371511,89.4774239999997
392000,4341000,CB2OH,47.57218,1e+06,0.2,79.3,392000 4341000,14.5,Unsuitable,black,YES,243.577432,2697.371511,89.4774239999997
392000,4342000,CB2OH,4.92126,1e+06,5.9,78.94,392000 4342000,1.5,Suitable,dodgerblue,YES,243.577432,2697.992882,90.0987949999999
392000,4342000,CB2OH,8.2021,1e+06,5.62,78.89,392000 4342000,2.5,Suitable,dodgerblue,YES,243.577432,2697.992882,90.0987949999999
392000,4342000,CB2OH,11.48294,1e+06,4.95,78.85,392000 4342000,3.5,Suitable,dodgerblue,YES,243.577432,2697.992882,90.0987949999999
392000,4342000,CB2OH,18.04462,1e+06,2.42,79.49,392000 4342000,5.5,Marginal,orange,YES,243.577432,2697.992882,90.0987949999999
392000,4342000,CB2OH,24.6063,1e+06,0.83,79.67,392000 4342000,7.5,Unsuitable,black,YES,243.577432,2697.992882,90.0987949999999
392000,4342000,CB2OH,1.64042,1e+06,5.94,78.95,392000 4342000,0.5,Suitable,dodgerblue,YES,243.577432,2697.992882,90.0987949999999
392000,4342000,CB2OH,14.76378,1e+06,3.61,79.22,392000 4342000,4.5,Tolerable,yellow,YES,243.577432,2697.992882,90.0987949999999
392000,4342000,CB2OH,21.32546,1e+06,1.65,79.61,392000 4342000,6.5,Unsuitable,black,YES,243.577432,2697.992882,90.0987949999999
393000,4209000,CB5MH_MD,47.57218,1e+06,1.17,80.78,393000 4209000,14.5,Unsuitable,black,YES,244.198803,2615.350539,7.4564519999999
393000,4209000,CB5MH_MD,70.53806,1e+06,0.83,80.01,393000 4209000,21.5,Unsuitable,black,YES,244.198803,2615.350539,7.4564519999999
393000,4209000,CB5MH_MD,21.32546,1e+06,6.75,81.05,393000 4209000,6.5,Suitable,dodgerblue,YES,244.198803,2615.350539,7.4564519999999
393000,4209000,CB5MH_MD,50.85302,1e+06,1.05,80.64,393000 4209000,15.5,Unsuitable,black,YES,244.198803,2615.350539,7.4564519999999
393000,4209000,CB5MH_MD,60.69554,1e+06,0.9,80.23,393000 4209000,18.5,Unsuitable,black,YES,244.198803,2615.350539,7.4564519999999
393000,4209000,CB5MH_MD,44.29134,1e+06,1.27,80.86,393000 4209000,13.5,Unsuitable,black,YES,244.198803,2615.350539,7.4564519999999
393000,4209000,CB5MH_MD,63.97638,1e+06,0.86,80.17,393000 4209000,19.5,Unsuitable,black,YES,244.198803,2615.350539,7.4564519999999
393000,4209000,CB5MH_MD,67.25722,1e+06,0.85,80.11,393000 4209000,20.5,Unsuitable,black,YES,244.198803,2615.350539,7.4564519999999
393000,4209000,CB5MH_MD,57.4147,1e+06,0.71,80.33,393000 4209000,17.5,Unsuitable,black,YES,244.198803,2615.350539,7.4564519999999
393000,4209000,CB5MH_MD,73.8189,1e+06,0.8,79.91,393000 4209000,22.5,Unsuitable,black,YES,244.198803,2615.350539,7.4564519999999
393000,4209000,CB5MH_MD,18.04462,1e+06,7.02,81.08,393000 4209000,5.5,Suitable,dodgerblue,YES,244.198803,2615.350539,7.4564519999999
393000,4209000,CB5MH_MD,11.48294,1e+06,7.18,80.9,393000 4209000,3.5,Suitable,dodgerblue,YES,244.198803,2615.350539,7.4564519999999
393000,4209000,CB5MH_MD,37.72966,1e+06,3.39,81.22,393000 4209000,11.5,Tolerable,yellow,YES,244.198803,2615.350539,7.4564519999999
393000,4209000,CB5MH_MD,4.92126,1e+06,7.3,80.89,393000 4209000,1.5,Suitable,dodgerblue,YES,244.198803,2615.350539,7.4564519999999
393000,4209000,CB5MH_MD,27.88714,1e+06,5.69,81.05,393000 4209000,8.5,Suitable,dodgerblue,YES,244.198803,2615.350539,7.4564519999999
393000,4209000,CB5MH_MD,54.13386,1e+06,0.88,80.46,393000 4209000,16.5,Unsuitable,black,YES,244.198803,2615.350539,7.4564519999999
393000,4209000,CB5MH_MD,41.0105,1e+06,1.98,81.04,393000 4209000,12.5,Unsuitable,black,YES,244.198803,2615.350539,7.4564519999999
393000,4209000,CB5MH_MD,34.44882,1e+06,4.52,81.2,393000 4209000,10.5,Suitable,dodgerblue,YES,244.198803,2615.350539,7.4564519999999
393000,4209000,CB5MH_MD,14.76378,1e+06,7.08,80.99,393000 4209000,4.5,Suitable,dodgerblue,YES,244.198803,2615.350539,7.4564519999999
393000,4209000,CB5MH_MD,31.16798,1e+06,5.18,81.1,393000 4209000,9.5,Suitable,dodgerblue,YES,244.198803,2615.350539,7.4564519999999
393000,4209000,CB5MH_MD,8.2021,1e+06,7.26,80.89,393000 4209000,2.5,Suitable,dodgerblue,YES,244.198803,2615.350539,7.4564519999999
393000,4209000,CB5MH_MD,24.6063,1e+06,6.22,81,393000 4209000,7.5,Suitable,dodgerblue,YES,244.198803,2615.350539,7.4564519999999
393000,4209000,CB5MH_MD,1.64042,1e+06,7.32,80.89,393000 4209000,0.5,Suitable,dodgerblue,YES,244.198803,2615.350539,7.4564519999999
393000,4210000,CB5MH_MD,18.04462,1e+06,7.09,81.14,393000 4210000,5.5,Suitable,dodgerblue,YES,244.198803,2615.97191,8.07782300000008
393000,4210000,CB5MH_MD,14.76378,1e+06,7.16,81.04,393000 4210000,4.5,Suitable,dodgerblue,YES,244.198803,2615.97191,8.07782300000008
393000,4210000,CB5MH_MD,70.53806,1e+06,0.83,80,393000 4210000,21.5,Unsuitable,black,YES,244.198803,2615.97191,8.07782300000008
393000,4210000,CB5MH_MD,77.09974,1e+06,0.78,79.84,393000 4210000,23.5,Unsuitable,black,YES,244.198803,2615.97191,8.07782300000008
393000,4210000,CB5MH_MD,60.69554,1e+06,0.86,80.22,393000 4210000,18.5,Unsuitable,black,YES,244.198803,2615.97191,8.07782300000008
393000,4210000,CB5MH_MD,83.66142,1e+06,0.7,79.7,393000 4210000,25.5,Unsuitable,black,YES,244.198803,2615.97191,8.07782300000008
393000,4210000,CB5MH_MD,50.85302,1e+06,0.84,80.64,393000 4210000,15.5,Unsuitable,black,YES,244.198803,2615.97191,8.07782300000008
393000,4210000,CB5MH_MD,1.64042,1e+06,7.38,80.97,393000 4210000,0.5,Suitable,dodgerblue,YES,244.198803,2615.97191,8.07782300000008
393000,4210000,CB5MH_MD,31.16798,1e+06,5.08,81.12,393000 4210000,9.5,Suitable,dodgerblue,YES,244.198803,2615.97191,8.07782300000008
393000,4210000,CB5MH_MD,80.38058,1e+06,0.7,79.7,393000 4210000,24.5,Unsuitable,black,YES,244.198803,2615.97191,8.07782300000008
393000,4210000,CB5MH_MD,63.97638,1e+06,0.84,80.16,393000 4210000,19.5,Unsuitable,black,YES,244.198803,2615.97191,8.07782300000008
393000,4210000,CB5MH_MD,21.32546,1e+06,6.79,81.1,393000 4210000,6.5,Suitable,dodgerblue,YES,244.198803,2615.97191,8.07782300000008
393000,4210000,CB5MH_MD,37.72966,1e+06,3.19,81.25,393000 4210000,11.5,Tolerable,yellow,YES,244.198803,2615.97191,8.07782300000008
393000,4210000,CB5MH_MD,24.6063,1e+06,6.21,81.03,393000 4210000,7.5,Suitable,dodgerblue,YES,244.198803,2615.97191,8.07782300000008
393000,4210000,CB5MH_MD,73.8189,1e+06,0.8,79.9,393000 4210000,22.5,Unsuitable,black,YES,244.198803,2615.97191,8.07782300000008
393000,4210000,CB5MH_MD,11.48294,1e+06,7.22,80.97,393000 4210000,3.5,Suitable,dodgerblue,YES,244.198803,2615.97191,8.07782300000008
393000,4210000,CB5MH_MD,27.88714,1e+06,5.64,81.07,393000 4210000,8.5,Suitable,dodgerblue,YES,244.198803,2615.97191,8.07782300000008
393000,4210000,CB5MH_MD,34.44882,1e+06,4.35,81.22,393000 4210000,10.5,Suitable,dodgerblue,YES,244.198803,2615.97191,8.07782300000008
393000,4210000,CB5MH_MD,8.2021,1e+06,7.31,80.97,393000 4210000,2.5,Suitable,dodgerblue,YES,244.198803,2615.97191,8.07782300000008
393000,4210000,CB5MH_MD,47.57218,1e+06,0.92,80.78,393000 4210000,14.5,Unsuitable,black,YES,244.198803,2615.97191,8.07782300000008
393000,4210000,CB5MH_MD,57.4147,1e+06,0.59,80.31,393000 4210000,17.5,Unsuitable,black,YES,244.198803,2615.97191,8.07782300000008
393000,4210000,CB5MH_MD,67.25722,1e+06,0.84,80.1,393000 4210000,20.5,Unsuitable,black,YES,244.198803,2615.97191,8.07782300000008
393000,4210000,CB5MH_MD,44.29134,1e+06,1.01,80.85,393000 4210000,13.5,Unsuitable,black,YES,244.198803,2615.97191,8.07782300000008
393000,4210000,CB5MH_MD,41.0105,1e+06,1.75,81.04,393000 4210000,12.5,Unsuitable,black,YES,244.198803,2615.97191,8.07782300000008
393000,4210000,CB5MH_MD,54.13386,1e+06,0.7,80.44,393000 4210000,16.5,Unsuitable,black,YES,244.198803,2615.97191,8.07782300000008
393000,4210000,CB5MH_MD,4.92126,1e+06,7.36,80.97,393000 4210000,1.5,Suitable,dodgerblue,YES,244.198803,2615.97191,8.07782300000008
393000,4211000,CB5MH_MD,77.09974,1e+06,0.77,79.83,393000 4211000,23.5,Unsuitable,black,YES,244.198803,2616.593281,8.69919399999981
393000,4211000,CB5MH_MD,14.76378,1e+06,7.2,81.06,393000 4211000,4.5,Suitable,dodgerblue,YES,244.198803,2616.593281,8.69919399999981
393000,4211000,CB5MH_MD,11.48294,1e+06,7.28,80.99,393000 4211000,3.5,Suitable,dodgerblue,YES,244.198803,2616.593281,8.69919399999981
393000,4211000,CB5MH_MD,24.6063,1e+06,6.22,81.03,393000 4211000,7.5,Suitable,dodgerblue,YES,244.198803,2616.593281,8.69919399999981
393000,4211000,CB5MH_MD,73.8189,1e+06,0.78,79.9,393000 4211000,22.5,Unsuitable,black,YES,244.198803,2616.593281,8.69919399999981
393000,4211000,CB5MH_MD,27.88714,1e+06,5.63,81.07,393000 4211000,8.5,Suitable,dodgerblue,YES,244.198803,2616.593281,8.69919399999981
393000,4211000,CB5MH_MD,44.29134,1e+06,1.05,80.89,393000 4211000,13.5,Unsuitable,black,YES,244.198803,2616.593281,8.69919399999981
393000,4211000,CB5MH_MD,1.64042,1e+06,7.46,80.99,393000 4211000,0.5,Suitable,dodgerblue,YES,244.198803,2616.593281,8.69919399999981
393000,4211000,CB5MH_MD,8.2021,1e+06,7.37,80.99,393000 4211000,2.5,Suitable,dodgerblue,YES,244.198803,2616.593281,8.69919399999981
393000,4211000,CB5MH_MD,21.32546,1e+06,6.81,81.11,393000 4211000,6.5,Suitable,dodgerblue,YES,244.198803,2616.593281,8.69919399999981
393000,4211000,CB5MH_MD,18.04462,1e+06,7.11,81.16,393000 4211000,5.5,Suitable,dodgerblue,YES,244.198803,2616.593281,8.69919399999981
393000,4211000,CB5MH_MD,34.44882,1e+06,4.25,81.24,393000 4211000,10.5,Suitable,dodgerblue,YES,244.198803,2616.593281,8.69919399999981
393000,4211000,CB5MH_MD,57.4147,1e+06,0.6,80.32,393000 4211000,17.5,Unsuitable,black,YES,244.198803,2616.593281,8.69919399999981
393000,4211000,CB5MH_MD,60.69554,1e+06,0.85,80.23,393000 4211000,18.5,Unsuitable,black,YES,244.198803,2616.593281,8.69919399999981
393000,4211000,CB5MH_MD,67.25722,1e+06,0.83,80.1,393000 4211000,20.5,Unsuitable,black,YES,244.198803,2616.593281,8.69919399999981
393000,4211000,CB5MH_MD,80.38058,1e+06,0.7,79.7,393000 4211000,24.5,Unsuitable,black,YES,244.198803,2616.593281,8.69919399999981
393000,4211000,CB5MH_MD,54.13386,1e+06,0.71,80.47,393000 4211000,16.5,Unsuitable,black,YES,244.198803,2616.593281,8.69919399999981
393000,4211000,CB5MH_MD,37.72966,1e+06,3.13,81.28,393000 4211000,11.5,Tolerable,yellow,YES,244.198803,2616.593281,8.69919399999981
393000,4211000,CB5MH_MD,50.85302,1e+06,0.87,80.67,393000 4211000,15.5,Unsuitable,black,YES,244.198803,2616.593281,8.69919399999981
393000,4211000,CB5MH_MD,63.97638,1e+06,0.83,80.17,393000 4211000,19.5,Unsuitable,black,YES,244.198803,2616.593281,8.69919399999981
393000,4211000,CB5MH_MD,70.53806,1e+06,0.82,80,393000 4211000,21.5,Unsuitable,black,YES,244.198803,2616.593281,8.69919399999981
393000,4211000,CB5MH_MD,31.16798,1e+06,5.02,81.14,393000 4211000,9.5,Suitable,dodgerblue,YES,244.198803,2616.593281,8.69919399999981
393000,4211000,CB5MH_MD,47.57218,1e+06,0.94,80.81,393000 4211000,14.5,Unsuitable,black,YES,244.198803,2616.593281,8.69919399999981
393000,4211000,CB5MH_MD,4.92126,1e+06,7.43,80.99,393000 4211000,1.5,Suitable,dodgerblue,YES,244.198803,2616.593281,8.69919399999981
393000,4211000,CB5MH_MD,41.0105,1e+06,1.78,81.08,393000 4211000,12.5,Unsuitable,black,YES,244.198803,2616.593281,8.69919399999981
393000,4212000,CB5MH_MD,1.64042,1e+06,7.55,81.01,393000 4212000,0.5,Suitable,dodgerblue,YES,244.198803,2617.214652,9.32056499999999
393000,4212000,CB5MH_MD,18.04462,1e+06,7.14,81.18,393000 4212000,5.5,Suitable,dodgerblue,YES,244.198803,2617.214652,9.32056499999999
393000,4212000,CB5MH_MD,47.57218,1e+06,0.99,80.86,393000 4212000,14.5,Unsuitable,black,YES,244.198803,2617.214652,9.32056499999999
393000,4212000,CB5MH_MD,11.48294,1e+06,7.34,81.01,393000 4212000,3.5,Suitable,dodgerblue,YES,244.198803,2617.214652,9.32056499999999
393000,4212000,CB5MH_MD,44.29134,1e+06,1.11,80.94,393000 4212000,13.5,Unsuitable,black,YES,244.198803,2617.214652,9.32056499999999
393000,4212000,CB5MH_MD,4.92126,1e+06,7.52,81.01,393000 4212000,1.5,Suitable,dodgerblue,YES,244.198803,2617.214652,9.32056499999999
393000,4212000,CB5MH_MD,31.16798,1e+06,4.95,81.15,393000 4212000,9.5,Suitable,dodgerblue,YES,244.198803,2617.214652,9.32056499999999
393000,4212000,CB5MH_MD,24.6063,1e+06,6.25,81.03,393000 4212000,7.5,Suitable,dodgerblue,YES,244.198803,2617.214652,9.32056499999999
393000,4212000,CB5MH_MD,8.2021,1e+06,7.45,81.01,393000 4212000,2.5,Suitable,dodgerblue,YES,244.198803,2617.214652,9.32056499999999
393000,4212000,CB5MH_MD,41.0105,1e+06,1.81,81.12,393000 4212000,12.5,Unsuitable,black,YES,244.198803,2617.214652,9.32056499999999
393000,4212000,CB5MH_MD,67.25722,1e+06,0.83,80.1,393000 4212000,20.5,Unsuitable,black,YES,244.198803,2617.214652,9.32056499999999
393000,4212000,CB5MH_MD,37.72966,1e+06,3.05,81.31,393000 4212000,11.5,Tolerable,yellow,YES,244.198803,2617.214652,9.32056499999999
393000,4212000,CB5MH_MD,27.88714,1e+06,5.62,81.06,393000 4212000,8.5,Suitable,dodgerblue,YES,244.198803,2617.214652,9.32056499999999
393000,4212000,CB5MH_MD,21.32546,1e+06,6.85,81.13,393000 4212000,6.5,Suitable,dodgerblue,YES,244.198803,2617.214652,9.32056499999999
393000,4212000,CB5MH_MD,14.76378,1e+06,7.25,81.08,393000 4212000,4.5,Suitable,dodgerblue,YES,244.198803,2617.214652,9.32056499999999
393000,4212000,CB5MH_MD,54.13386,1e+06,0.73,80.49,393000 4212000,16.5,Unsuitable,black,YES,244.198803,2617.214652,9.32056499999999
393000,4212000,CB5MH_MD,77.09974,1e+06,0.75,79.83,393000 4212000,23.5,Unsuitable,black,YES,244.198803,2617.214652,9.32056499999999
393000,4212000,CB5MH_MD,70.53806,1e+06,0.81,80,393000 4212000,21.5,Unsuitable,black,YES,244.198803,2617.214652,9.32056499999999
393000,4212000,CB5MH_MD,73.8189,1e+06,0.77,79.9,393000 4212000,22.5,Unsuitable,black,YES,244.198803,2617.214652,9.32056499999999
393000,4212000,CB5MH_MD,63.97638,1e+06,0.83,80.17,393000 4212000,19.5,Unsuitable,black,YES,244.198803,2617.214652,9.32056499999999
393000,4212000,CB5MH_MD,34.44882,1e+06,4.11,81.26,393000 4212000,10.5,Suitable,dodgerblue,YES,244.198803,2617.214652,9.32056499999999
393000,4212000,CB5MH_MD,50.85302,1e+06,0.9,80.71,393000 4212000,15.5,Unsuitable,black,YES,244.198803,2617.214652,9.32056499999999
393000,4212000,CB5MH_MD,60.69554,1e+06,0.84,80.25,393000 4212000,18.5,Unsuitable,black,YES,244.198803,2617.214652,9.32056499999999
393000,4212000,CB5MH_MD,57.4147,1e+06,0.61,80.33,393000 4212000,17.5,Unsuitable,black,YES,244.198803,2617.214652,9.32056499999999
393000,4212000,CB5MH_MD,80.38058,1e+06,0.7,79.7,393000 4212000,24.5,Unsuitable,black,YES,244.198803,2617.214652,9.32056499999999
393000,4213000,CB5MH_MD,27.88714,1e+06,5.61,81.06,393000 4213000,8.5,Suitable,dodgerblue,YES,244.198803,2617.836023,9.94193599999971
393000,4213000,CB5MH_MD,50.85302,1e+06,0.95,80.75,393000 4213000,15.5,Unsuitable,black,YES,244.198803,2617.836023,9.94193599999971
393000,4213000,CB5MH_MD,73.8189,1e+06,0.76,79.9,393000 4213000,22.5,Unsuitable,black,YES,244.198803,2617.836023,9.94193599999971
393000,4213000,CB5MH_MD,60.69554,1e+06,0.83,80.26,393000 4213000,18.5,Unsuitable,black,YES,244.198803,2617.836023,9.94193599999971
393000,4213000,CB5MH_MD,4.92126,1e+06,7.62,81.03,393000 4213000,1.5,Suitable,dodgerblue,YES,244.198803,2617.836023,9.94193599999971
393000,4213000,CB5MH_MD,14.76378,1e+06,7.3,81.1,393000 4213000,4.5,Suitable,dodgerblue,YES,244.198803,2617.836023,9.94193599999971
393000,4213000,CB5MH_MD,1.64042,1e+06,7.65,81.03,393000 4213000,0.5,Suitable,dodgerblue,YES,244.198803,2617.836023,9.94193599999971
393000,4213000,CB5MH_MD,63.97638,1e+06,0.82,80.18,393000 4213000,19.5,Unsuitable,black,YES,244.198803,2617.836023,9.94193599999971
393000,4213000,CB5MH_MD,24.6063,1e+06,6.28,81.03,393000 4213000,7.5,Suitable,dodgerblue,YES,244.198803,2617.836023,9.94193599999971
393000,4213000,CB5MH_MD,57.4147,1e+06,0.63,80.34,393000 4213000,17.5,Unsuitable,black,YES,244.198803,2617.836023,9.94193599999971
393000,4213000,CB5MH_MD,67.25722,1e+06,0.82,80.1,393000 4213000,20.5,Unsuitable,black,YES,244.198803,2617.836023,9.94193599999971
393000,4213000,CB5MH_MD,70.53806,1e+06,0.8,80,393000 4213000,21.5,Unsuitable,black,YES,244.198803,2617.836023,9.94193599999971
393000,4213000,CB5MH_MD,8.2021,1e+06,7.54,81.03,393000 4213000,2.5,Suitable,dodgerblue,YES,244.198803,2617.836023,9.94193599999971
393000,4213000,CB5MH_MD,21.32546,1e+06,6.88,81.14,393000 4213000,6.5,Suitable,dodgerblue,YES,244.198803,2617.836023,9.94193599999971
393000,4213000,CB5MH_MD,54.13386,1e+06,0.76,80.52,393000 4213000,16.5,Unsuitable,black,YES,244.198803,2617.836023,9.94193599999971
393000,4213000,CB5MH_MD,11.48294,1e+06,7.42,81.03,393000 4213000,3.5,Suitable,dodgerblue,YES,244.198803,2617.836023,9.94193599999971
393000,4213000,CB5MH_MD,47.57218,1e+06,1.04,80.9,393000 4213000,14.5,Unsuitable,black,YES,244.198803,2617.836023,9.94193599999971
393000,4213000,CB5MH_MD,31.16798,1e+06,4.86,81.16,393000 4213000,9.5,Suitable,dodgerblue,YES,244.198803,2617.836023,9.94193599999971
393000,4213000,CB5MH_MD,18.04462,1e+06,7.18,81.2,393000 4213000,5.5,Suitable,dodgerblue,YES,244.198803,2617.836023,9.94193599999971
393000,4213000,CB5MH_MD,41.0105,1e+06,1.84,81.16,393000 4213000,12.5,Unsuitable,black,YES,244.198803,2617.836023,9.94193599999971
393000,4213000,CB5MH_MD,44.29134,1e+06,1.18,80.99,393000 4213000,13.5,Unsuitable,black,YES,244.198803,2617.836023,9.94193599999971
393000,4213000,CB5MH_MD,80.38058,1e+06,0.7,79.7,393000 4213000,24.5,Unsuitable,black,YES,244.198803,2617.836023,9.94193599999971
393000,4213000,CB5MH_MD,77.09974,1e+06,0.74,79.82,393000 4213000,23.5,Unsuitable,black,YES,244.198803,2617.836023,9.94193599999971
393000,4213000,CB5MH_MD,83.66142,1e+06,0.7,79.7,393000 4213000,25.5,Unsuitable,black,YES,244.198803,2617.836023,9.94193599999971
393000,4213000,CB5MH_MD,37.72966,1e+06,2.95,81.34,393000 4213000,11.5,Marginal,orange,YES,244.198803,2617.836023,9.94193599999971
393000,4213000,CB5MH_MD,34.44882,1e+06,3.96,81.28,393000 4213000,10.5,Tolerable,yellow,YES,244.198803,2617.836023,9.94193599999971
393000,4214000,CB5MH_MD,73.8189,1e+06,0.75,79.9,393000 4214000,22.5,Unsuitable,black,YES,244.198803,2618.457394,10.5633069999999
393000,4214000,CB5MH_MD,57.4147,1e+06,0.66,80.35,393000 4214000,17.5,Unsuitable,black,YES,244.198803,2618.457394,10.5633069999999
393000,4214000,CB5MH_MD,80.38058,1e+06,0.7,79.7,393000 4214000,24.5,Unsuitable,black,YES,244.198803,2618.457394,10.5633069999999
393000,4214000,CB5MH_MD,14.76378,1e+06,7.36,81.12,393000 4214000,4.5,Suitable,dodgerblue,YES,244.198803,2618.457394,10.5633069999999
393000,4214000,CB5MH_MD,50.85302,1e+06,1,80.79,393000 4214000,15.5,Unsuitable,black,YES,244.198803,2618.457394,10.5633069999999
393000,4214000,CB5MH_MD,44.29134,1e+06,1.27,81.04,393000 4214000,13.5,Unsuitable,black,YES,244.198803,2618.457394,10.5633069999999
393000,4214000,CB5MH_MD,67.25722,1e+06,0.82,80.1,393000 4214000,20.5,Unsuitable,black,YES,244.198803,2618.457394,10.5633069999999
393000,4214000,CB5MH_MD,77.09974,1e+06,0.73,79.82,393000 4214000,23.5,Unsuitable,black,YES,244.198803,2618.457394,10.5633069999999
393000,4214000,CB5MH_MD,31.16798,1e+06,4.77,81.16,393000 4214000,9.5,Suitable,dodgerblue,YES,244.198803,2618.457394,10.5633069999999
393000,4214000,CB5MH_MD,27.88714,1e+06,5.61,81.05,393000 4214000,8.5,Suitable,dodgerblue,YES,244.198803,2618.457394,10.5633069999999
393000,4214000,CB5MH_MD,21.32546,1e+06,6.93,81.15,393000 4214000,6.5,Suitable,dodgerblue,YES,244.198803,2618.457394,10.5633069999999
393000,4214000,CB5MH_MD,34.44882,1e+06,3.78,81.3,393000 4214000,10.5,Tolerable,yellow,YES,244.198803,2618.457394,10.5633069999999
393000,4214000,CB5MH_MD,54.13386,1e+06,0.8,80.55,393000 4214000,16.5,Unsuitable,black,YES,244.198803,2618.457394,10.5633069999999
393000,4214000,CB5MH_MD,41.0105,1e+06,1.88,81.21,393000 4214000,12.5,Unsuitable,black,YES,244.198803,2618.457394,10.5633069999999
393000,4214000,CB5MH_MD,24.6063,1e+06,6.33,81.03,393000 4214000,7.5,Suitable,dodgerblue,YES,244.198803,2618.457394,10.5633069999999
393000,4214000,CB5MH_MD,60.69554,1e+06,0.82,80.27,393000 4214000,18.5,Unsuitable,black,YES,244.198803,2618.457394,10.5633069999999
393000,4214000,CB5MH_MD,47.57218,1e+06,1.11,80.95,393000 4214000,14.5,Unsuitable,black,YES,244.198803,2618.457394,10.5633069999999
393000,4214000,CB5MH_MD,63.97638,1e+06,0.82,80.18,393000 4214000,19.5,Unsuitable,black,YES,244.198803,2618.457394,10.5633069999999
393000,4214000,CB5MH_MD,1.64042,1e+06,7.76,81.04,393000 4214000,0.5,Suitable,dodgerblue,YES,244.198803,2618.457394,10.5633069999999
393000,4214000,CB5MH_MD,37.72966,1e+06,2.84,81.37,393000 4214000,11.5,Marginal,orange,YES,244.198803,2618.457394,10.5633069999999
393000,4214000,CB5MH_MD,4.92126,1e+06,7.73,81.04,393000 4214000,1.5,Suitable,dodgerblue,YES,244.198803,2618.457394,10.5633069999999
393000,4214000,CB5MH_MD,70.53806,1e+06,0.79,80,393000 4214000,21.5,Unsuitable,black,YES,244.198803,2618.457394,10.5633069999999
393000,4214000,CB5MH_MD,11.48294,1e+06,7.5,81.04,393000 4214000,3.5,Suitable,dodgerblue,YES,244.198803,2618.457394,10.5633069999999
393000,4214000,CB5MH_MD,8.2021,1e+06,7.63,81.04,393000 4214000,2.5,Suitable,dodgerblue,YES,244.198803,2618.457394,10.5633069999999
393000,4214000,CB5MH_MD,18.04462,1e+06,7.22,81.22,393000 4214000,5.5,Suitable,dodgerblue,YES,244.198803,2618.457394,10.5633069999999
393000,4215000,CB5MH_MD,34.44882,1e+06,3.6,81.32,393000 4215000,10.5,Tolerable,yellow,YES,244.198803,2619.078765,11.1846780000001
393000,4215000,CB5MH_MD,70.53806,1e+06,0.79,80,393000 4215000,21.5,Unsuitable,black,YES,244.198803,2619.078765,11.1846780000001
393000,4215000,CB5MH_MD,63.97638,1e+06,0.81,80.19,393000 4215000,19.5,Unsuitable,black,YES,244.198803,2619.078765,11.1846780000001
393000,4215000,CB5MH_MD,21.32546,1e+06,6.97,81.16,393000 4215000,6.5,Suitable,dodgerblue,YES,244.198803,2619.078765,11.1846780000001
393000,4215000,CB5MH_MD,14.76378,1e+06,7.42,81.13,393000 4215000,4.5,Suitable,dodgerblue,YES,244.198803,2619.078765,11.1846780000001
393000,4215000,CB5MH_MD,31.16798,1e+06,4.67,81.17,393000 4215000,9.5,Suitable,dodgerblue,YES,244.198803,2619.078765,11.1846780000001
393000,4215000,CB5MH_MD,4.92126,1e+06,7.84,81.05,393000 4215000,1.5,Suitable,dodgerblue,YES,244.198803,2619.078765,11.1846780000001
393000,4215000,CB5MH_MD,18.04462,1e+06,7.25,81.23,393000 4215000,5.5,Suitable,dodgerblue,YES,244.198803,2619.078765,11.1846780000001
393000,4215000,CB5MH_MD,57.4147,1e+06,0.68,80.36,393000 4215000,17.5,Unsuitable,black,YES,244.198803,2619.078765,11.1846780000001
393000,4215000,CB5MH_MD,47.57218,1e+06,1.18,81.01,393000 4215000,14.5,Unsuitable,black,YES,244.198803,2619.078765,11.1846780000001
393000,4215000,CB5MH_MD,8.2021,1e+06,7.73,81.05,393000 4215000,2.5,Suitable,dodgerblue,YES,244.198803,2619.078765,11.1846780000001
393000,4215000,CB5MH_MD,1.64042,1e+06,7.87,81.05,393000 4215000,0.5,Suitable,dodgerblue,YES,244.198803,2619.078765,11.1846780000001
393000,4215000,CB5MH_MD,44.29134,1e+06,1.36,81.1,393000 4215000,13.5,Unsuitable,black,YES,244.198803,2619.078765,11.1846780000001
393000,4215000,CB5MH_MD,54.13386,1e+06,0.84,80.58,393000 4215000,16.5,Unsuitable,black,YES,244.198803,2619.078765,11.1846780000001
393000,4215000,CB5MH_MD,41.0105,1e+06,1.92,81.25,393000 4215000,12.5,Unsuitable,black,YES,244.198803,2619.078765,11.1846780000001
393000,4215000,CB5MH_MD,67.25722,1e+06,0.81,80.1,393000 4215000,20.5,Unsuitable,black,YES,244.198803,2619.078765,11.1846780000001
393000,4215000,CB5MH_MD,24.6063,1e+06,6.37,81.02,393000 4215000,7.5,Suitable,dodgerblue,YES,244.198803,2619.078765,11.1846780000001
393000,4215000,CB5MH_MD,27.88714,1e+06,5.61,81.04,393000 4215000,8.5,Suitable,dodgerblue,YES,244.198803,2619.078765,11.1846780000001
393000,4215000,CB5MH_MD,50.85302,1e+06,1.06,80.84,393000 4215000,15.5,Unsuitable,black,YES,244.198803,2619.078765,11.1846780000001
393000,4215000,CB5MH_MD,60.69554,1e+06,0.82,80.28,393000 4215000,18.5,Unsuitable,black,YES,244.198803,2619.078765,11.1846780000001
393000,4215000,CB5MH_MD,11.48294,1e+06,7.59,81.05,393000 4215000,3.5,Suitable,dodgerblue,YES,244.198803,2619.078765,11.1846780000001
393000,4215000,CB5MH_MD,37.72966,1e+06,2.72,81.4,393000 4215000,11.5,Marginal,orange,YES,244.198803,2619.078765,11.1846780000001
393000,4218000,CB5MH_MD,63.97638,1e+06,0.8,80.19,393000 4218000,19.5,Unsuitable,black,YES,244.198803,2620.942878,13.0487909999997
393000,4218000,CB5MH_MD,18.04462,1e+06,7.27,81.28,393000 4218000,5.5,Suitable,dodgerblue,YES,244.198803,2620.942878,13.0487909999997
393000,4218000,CB5MH_MD,44.29134,1e+06,1.58,81.23,393000 4218000,13.5,Unsuitable,black,YES,244.198803,2620.942878,13.0487909999997
393000,4218000,CB5MH_MD,34.44882,1e+06,3.07,81.38,393000 4218000,10.5,Tolerable,yellow,YES,244.198803,2620.942878,13.0487909999997
393000,4218000,CB5MH_MD,21.32546,1e+06,7.01,81.2,393000 4218000,6.5,Suitable,dodgerblue,YES,244.198803,2620.942878,13.0487909999997
393000,4218000,CB5MH_MD,47.57218,1e+06,1.35,81.13,393000 4218000,14.5,Unsuitable,black,YES,244.198803,2620.942878,13.0487909999997
393000,4218000,CB5MH_MD,70.53806,1e+06,0.78,79.99,393000 4218000,21.5,Unsuitable,black,YES,244.198803,2620.942878,13.0487909999997
393000,4218000,CB5MH_MD,77.09974,1e+06,0.71,79.8,393000 4218000,23.5,Unsuitable,black,YES,244.198803,2620.942878,13.0487909999997
393000,4218000,CB5MH_MD,4.92126,1e+06,8.09,81.08,393000 4218000,1.5,Suitable,dodgerblue,YES,244.198803,2620.942878,13.0487909999997
393000,4218000,CB5MH_MD,37.72966,1e+06,2.37,81.47,393000 4218000,11.5,Marginal,orange,YES,244.198803,2620.942878,13.0487909999997
393000,4218000,CB5MH_MD,41.0105,1e+06,1.99,81.35,393000 4218000,12.5,Unsuitable,black,YES,244.198803,2620.942878,13.0487909999997
393000,4218000,CB5MH_MD,1.64042,1e+06,8.15,81.08,393000 4218000,0.5,Suitable,dodgerblue,YES,244.198803,2620.942878,13.0487909999997
393000,4218000,CB5MH_MD,27.88714,1e+06,5.52,81.02,393000 4218000,8.5,Suitable,dodgerblue,YES,244.198803,2620.942878,13.0487909999997
393000,4218000,CB5MH_MD,24.6063,1e+06,6.41,81.02,393000 4218000,7.5,Suitable,dodgerblue,YES,244.198803,2620.942878,13.0487909999997
393000,4218000,CB5MH_MD,31.16798,1e+06,4.35,81.2,393000 4218000,9.5,Suitable,dodgerblue,YES,244.198803,2620.942878,13.0487909999997
393000,4218000,CB5MH_MD,50.85302,1e+06,1.21,80.94,393000 4218000,15.5,Unsuitable,black,YES,244.198803,2620.942878,13.0487909999997
393000,4218000,CB5MH_MD,60.69554,1e+06,0.8,80.28,393000 4218000,18.5,Unsuitable,black,YES,244.198803,2620.942878,13.0487909999997
393000,4218000,CB5MH_MD,14.76378,1e+06,7.5,81.18,393000 4218000,4.5,Suitable,dodgerblue,YES,244.198803,2620.942878,13.0487909999997
393000,4218000,CB5MH_MD,57.4147,1e+06,0.76,80.38,393000 4218000,17.5,Unsuitable,black,YES,244.198803,2620.942878,13.0487909999997
393000,4218000,CB5MH_MD,54.13386,1e+06,0.94,80.65,393000 4218000,16.5,Unsuitable,black,YES,244.198803,2620.942878,13.0487909999997
393000,4218000,CB5MH_MD,67.25722,1e+06,0.8,80.09,393000 4218000,20.5,Unsuitable,black,YES,244.198803,2620.942878,13.0487909999997
393000,4218000,CB5MH_MD,8.2021,1e+06,7.95,81.08,393000 4218000,2.5,Suitable,dodgerblue,YES,244.198803,2620.942878,13.0487909999997
393000,4218000,CB5MH_MD,73.8189,1e+06,0.73,79.9,393000 4218000,22.5,Unsuitable,black,YES,244.198803,2620.942878,13.0487909999997
393000,4218000,CB5MH_MD,11.48294,1e+06,7.75,81.09,393000 4218000,3.5,Suitable,dodgerblue,YES,244.198803,2620.942878,13.0487909999997
393000,4219000,CB5MH_MD,31.16798,1e+06,4.32,81.2,393000 4219000,9.5,Suitable,dodgerblue,YES,244.198803,2621.564249,13.6701619999999
393000,4219000,CB5MH_MD,50.85302,1e+06,1.25,80.97,393000 4219000,15.5,Unsuitable,black,YES,244.198803,2621.564249,13.6701619999999
393000,4219000,CB5MH_MD,60.69554,1e+06,0.8,80.29,393000 4219000,18.5,Unsuitable,black,YES,244.198803,2621.564249,13.6701619999999
393000,4219000,CB5MH_MD,21.32546,1e+06,7.07,81.2,393000 4219000,6.5,Suitable,dodgerblue,YES,244.198803,2621.564249,13.6701619999999
393000,4219000,CB5MH_MD,18.04462,1e+06,7.33,81.29,393000 4219000,5.5,Suitable,dodgerblue,YES,244.198803,2621.564249,13.6701619999999
393000,4219000,CB5MH_MD,24.6063,1e+06,6.47,81.01,393000 4219000,7.5,Suitable,dodgerblue,YES,244.198803,2621.564249,13.6701619999999
393000,4219000,CB5MH_MD,57.4147,1e+06,0.78,80.39,393000 4219000,17.5,Unsuitable,black,YES,244.198803,2621.564249,13.6701619999999
393000,4219000,CB5MH_MD,106.6273,1e+06,0.7,79.4,393000 4219000,32.5,Unsuitable,black,YES,244.198803,2621.564249,13.6701619999999
393000,4219000,CB5MH_MD,96.78478,1e+06,0.7,79.5,393000 4219000,29.5,Unsuitable,black,YES,244.198803,2621.564249,13.6701619999999
393000,4219000,CB5MH_MD,54.13386,1e+06,0.97,80.67,393000 4219000,16.5,Unsuitable,black,YES,244.198803,2621.564249,13.6701619999999
393000,4219000,CB5MH_MD,27.88714,1e+06,5.55,81.01,393000 4219000,8.5,Suitable,dodgerblue,YES,244.198803,2621.564249,13.6701619999999
393000,4219000,CB5MH_MD,14.76378,1e+06,7.56,81.19,393000 4219000,4.5,Suitable,dodgerblue,YES,244.198803,2621.564249,13.6701619999999
393000,4219000,CB5MH_MD,1.64042,1e+06,8.22,81.09,393000 4219000,0.5,Suitable,dodgerblue,YES,244.198803,2621.564249,13.6701619999999
393000,4219000,CB5MH_MD,11.48294,1e+06,7.81,81.09,393000 4219000,3.5,Suitable,dodgerblue,YES,244.198803,2621.564249,13.6701619999999
393000,4219000,CB5MH_MD,47.57218,1e+06,1.4,81.16,393000 4219000,14.5,Unsuitable,black,YES,244.198803,2621.564249,13.6701619999999
393000,4219000,CB5MH_MD,90.2231,1e+06,0.7,79.5,393000 4219000,27.5,Unsuitable,black,YES,244.198803,2621.564249,13.6701619999999
393000,4219000,CB5MH_MD,100.06562,1e+06,0.7,79.5,393000 4219000,30.5,Unsuitable,black,YES,244.198803,2621.564249,13.6701619999999
393000,4219000,CB5MH_MD,119.75066,1e+06,0.7,79.3,393000 4219000,36.5,Unsuitable,black,YES,244.198803,2621.564249,13.6701619999999
393000,4219000,CB5MH_MD,4.92126,1e+06,8.16,81.09,393000 4219000,1.5,Suitable,dodgerblue,YES,244.198803,2621.564249,13.6701619999999
393000,4219000,CB5MH_MD,80.38058,1e+06,0.7,79.7,393000 4219000,24.5,Unsuitable,black,YES,244.198803,2621.564249,13.6701619999999
393000,4219000,CB5MH_MD,86.94226,1e+06,0.7,79.6,393000 4219000,26.5,Unsuitable,black,YES,244.198803,2621.564249,13.6701619999999
393000,4219000,CB5MH_MD,8.2021,1e+06,8.02,81.09,393000 4219000,2.5,Suitable,dodgerblue,YES,244.198803,2621.564249,13.6701619999999
393000,4219000,CB5MH_MD,113.18898,1e+06,0.7,79.3,393000 4219000,34.5,Unsuitable,black,YES,244.198803,2621.564249,13.6701619999999
393000,4219000,CB5MH_MD,109.90814,1e+06,0.7,79.3,393000 4219000,33.5,Unsuitable,black,YES,244.198803,2621.564249,13.6701619999999
393000,4219000,CB5MH_MD,63.97638,1e+06,0.8,80.19,393000 4219000,19.5,Unsuitable,black,YES,244.198803,2621.564249,13.6701619999999
393000,4219000,CB5MH_MD,93.50394,1e+06,0.7,79.5,393000 4219000,28.5,Unsuitable,black,YES,244.198803,2621.564249,13.6701619999999
393000,4219000,CB5MH_MD,44.29134,1e+06,1.63,81.26,393000 4219000,13.5,Unsuitable,black,YES,244.198803,2621.564249,13.6701619999999
393000,4219000,CB5MH_MD,37.72966,1e+06,2.31,81.48,393000 4219000,11.5,Marginal,orange,YES,244.198803,2621.564249,13.6701619999999
393000,4219000,CB5MH_MD,83.66142,1e+06,0.7,79.7,393000 4219000,25.5,Unsuitable,black,YES,244.198803,2621.564249,13.6701619999999
393000,4219000,CB5MH_MD,103.34646,1e+06,0.7,79.5,393000 4219000,31.5,Unsuitable,black,YES,244.198803,2621.564249,13.6701619999999
393000,4219000,CB5MH_MD,41.0105,1e+06,2.01,81.37,393000 4219000,12.5,Marginal,orange,YES,244.198803,2621.564249,13.6701619999999
393000,4219000,CB5MH_MD,73.8189,1e+06,0.73,79.9,393000 4219000,22.5,Unsuitable,black,YES,244.198803,2621.564249,13.6701619999999
393000,4219000,CB5MH_MD,77.09974,1e+06,0.7,79.8,393000 4219000,23.5,Unsuitable,black,YES,244.198803,2621.564249,13.6701619999999
393000,4219000,CB5MH_MD,70.53806,1e+06,0.77,80,393000 4219000,21.5,Unsuitable,black,YES,244.198803,2621.564249,13.6701619999999
393000,4219000,CB5MH_MD,116.46982,1e+06,0.7,79.3,393000 4219000,35.5,Unsuitable,black,YES,244.198803,2621.564249,13.6701619999999
393000,4219000,CB5MH_MD,34.44882,1e+06,2.99,81.39,393000 4219000,10.5,Marginal,orange,YES,244.198803,2621.564249,13.6701619999999
393000,4219000,CB5MH_MD,67.25722,1e+06,0.8,80.09,393000 4219000,20.5,Unsuitable,black,YES,244.198803,2621.564249,13.6701619999999
393000,4220000,CB5MH_MD,24.6063,1e+06,6.51,81,393000 4220000,7.5,Suitable,dodgerblue,YES,244.198803,2622.18562,14.2915330000001
393000,4220000,CB5MH_MD,21.32546,1e+06,7.11,81.2,393000 4220000,6.5,Suitable,dodgerblue,YES,244.198803,2622.18562,14.2915330000001
393000,4220000,CB5MH_MD,4.92126,1e+06,8.21,81.09,393000 4220000,1.5,Suitable,dodgerblue,YES,244.198803,2622.18562,14.2915330000001
393000,4220000,CB5MH_MD,83.66142,1e+06,0.7,79.7,393000 4220000,25.5,Unsuitable,black,YES,244.198803,2622.18562,14.2915330000001
393000,4220000,CB5MH_MD,11.48294,1e+06,7.86,81.1,393000 4220000,3.5,Suitable,dodgerblue,YES,244.198803,2622.18562,14.2915330000001
393000,4220000,CB5MH_MD,8.2021,1e+06,8.07,81.1,393000 4220000,2.5,Suitable,dodgerblue,YES,244.198803,2622.18562,14.2915330000001
393000,4220000,CB5MH_MD,18.04462,1e+06,7.37,81.3,393000 4220000,5.5,Suitable,dodgerblue,YES,244.198803,2622.18562,14.2915330000001
393000,4220000,CB5MH_MD,54.13386,1e+06,0.99,80.69,393000 4220000,16.5,Unsuitable,black,YES,244.198803,2622.18562,14.2915330000001
393000,4220000,CB5MH_MD,1.64042,1e+06,8.27,81.09,393000 4220000,0.5,Suitable,dodgerblue,YES,244.198803,2622.18562,14.2915330000001
393000,4220000,CB5MH_MD,77.09974,1e+06,0.7,79.8,393000 4220000,23.5,Unsuitable,black,YES,244.198803,2622.18562,14.2915330000001
393000,4220000,CB5MH_MD,47.57218,1e+06,1.43,81.19,393000 4220000,14.5,Unsuitable,black,YES,244.198803,2622.18562,14.2915330000001
393000,4220000,CB5MH_MD,80.38058,1e+06,0.7,79.7,393000 4220000,24.5,Unsuitable,black,YES,244.198803,2622.18562,14.2915330000001
393000,4220000,CB5MH_MD,50.85302,1e+06,1.28,80.99,393000 4220000,15.5,Unsuitable,black,YES,244.198803,2622.18562,14.2915330000001
393000,4220000,CB5MH_MD,63.97638,1e+06,0.8,80.2,393000 4220000,19.5,Unsuitable,black,YES,244.198803,2622.18562,14.2915330000001
393000,4220000,CB5MH_MD,27.88714,1e+06,5.58,81.01,393000 4220000,8.5,Suitable,dodgerblue,YES,244.198803,2622.18562,14.2915330000001
393000,4220000,CB5MH_MD,31.16798,1e+06,4.31,81.2,393000 4220000,9.5,Suitable,dodgerblue,YES,244.198803,2622.18562,14.2915330000001
393000,4220000,CB5MH_MD,67.25722,1e+06,0.8,80.1,393000 4220000,20.5,Unsuitable,black,YES,244.198803,2622.18562,14.2915330000001
393000,4220000,CB5MH_MD,60.69554,1e+06,0.8,80.3,393000 4220000,18.5,Unsuitable,black,YES,244.198803,2622.18562,14.2915330000001
393000,4220000,CB5MH_MD,73.8189,1e+06,0.73,79.9,393000 4220000,22.5,Unsuitable,black,YES,244.198803,2622.18562,14.2915330000001
393000,4220000,CB5MH_MD,14.76378,1e+06,7.61,81.2,393000 4220000,4.5,Suitable,dodgerblue,YES,244.198803,2622.18562,14.2915330000001
393000,4220000,CB5MH_MD,70.53806,1e+06,0.77,80,393000 4220000,21.5,Unsuitable,black,YES,244.198803,2622.18562,14.2915330000001
393000,4220000,CB5MH_MD,57.4147,1e+06,0.79,80.39,393000 4220000,17.5,Unsuitable,black,YES,244.198803,2622.18562,14.2915330000001
393000,4220000,CB5MH_MD,44.29134,1e+06,1.67,81.29,393000 4220000,13.5,Unsuitable,black,YES,244.198803,2622.18562,14.2915330000001
393000,4220000,CB5MH_MD,37.72966,1e+06,2.27,81.49,393000 4220000,11.5,Marginal,orange,YES,244.198803,2622.18562,14.2915330000001
393000,4220000,CB5MH_MD,34.44882,1e+06,2.93,81.39,393000 4220000,10.5,Marginal,orange,YES,244.198803,2622.18562,14.2915330000001
393000,4220000,CB5MH_MD,41.0105,1e+06,2.03,81.39,393000 4220000,12.5,Marginal,orange,YES,244.198803,2622.18562,14.2915330000001
393000,4343000,CB2OH,18.04462,1e+06,2.61,79.43,393000 4343000,5.5,Marginal,orange,YES,244.198803,2698.614253,90.7201660000001
393000,4343000,CB2OH,14.76378,1e+06,3.84,79.14,393000 4343000,4.5,Tolerable,yellow,YES,244.198803,2698.614253,90.7201660000001
393000,4343000,CB2OH,1.64042,1e+06,5.67,78.87,393000 4343000,0.5,Suitable,dodgerblue,YES,244.198803,2698.614253,90.7201660000001
393000,4343000,CB2OH,27.88714,1e+06,0.42,79.59,393000 4343000,8.5,Unsuitable,black,YES,244.198803,2698.614253,90.7201660000001
393000,4343000,CB2OH,21.32546,1e+06,1.79,79.61,393000 4343000,6.5,Unsuitable,black,YES,244.198803,2698.614253,90.7201660000001
393000,4343000,CB2OH,8.2021,1e+06,5.45,78.85,393000 4343000,2.5,Suitable,dodgerblue,YES,244.198803,2698.614253,90.7201660000001
393000,4343000,CB2OH,24.6063,1e+06,0.88,79.69,393000 4343000,7.5,Unsuitable,black,YES,244.198803,2698.614253,90.7201660000001
393000,4343000,CB2OH,11.48294,1e+06,5.02,78.82,393000 4343000,3.5,Suitable,dodgerblue,YES,244.198803,2698.614253,90.7201660000001
393000,4343000,CB2OH,4.92126,1e+06,5.65,78.87,393000 4343000,1.5,Suitable,dodgerblue,YES,244.198803,2698.614253,90.7201660000001
393000,4344000,CB2OH,14.76378,1e+06,3.92,79.11,393000 4344000,4.5,Tolerable,yellow,YES,244.198803,2699.235624,91.3415369999998
393000,4344000,CB2OH,8.2021,1e+06,5.37,78.82,393000 4344000,2.5,Suitable,dodgerblue,YES,244.198803,2699.235624,91.3415369999998
393000,4344000,CB2OH,1.64042,1e+06,5.55,78.82,393000 4344000,0.5,Suitable,dodgerblue,YES,244.198803,2699.235624,91.3415369999998
393000,4344000,CB2OH,21.32546,1e+06,1.84,79.6,393000 4344000,6.5,Unsuitable,black,YES,244.198803,2699.235624,91.3415369999998
393000,4344000,CB2OH,24.6063,1e+06,0.9,79.7,393000 4344000,7.5,Unsuitable,black,YES,244.198803,2699.235624,91.3415369999998
393000,4344000,CB2OH,4.92126,1e+06,5.54,78.82,393000 4344000,1.5,Suitable,dodgerblue,YES,244.198803,2699.235624,91.3415369999998
393000,4344000,CB2OH,11.48294,1e+06,5.04,78.81,393000 4344000,3.5,Suitable,dodgerblue,YES,244.198803,2699.235624,91.3415369999998
393000,4344000,CB2OH,18.04462,1e+06,2.68,79.41,393000 4344000,5.5,Marginal,orange,YES,244.198803,2699.235624,91.3415369999998
393000,4345000,CB2OH,21.32546,1e+06,1.85,79.6,393000 4345000,6.5,Unsuitable,black,YES,244.198803,2699.856995,91.962908
393000,4345000,CB2OH,4.92126,1e+06,5.5,78.8,393000 4345000,1.5,Suitable,dodgerblue,YES,244.198803,2699.856995,91.962908
393000,4345000,CB2OH,8.2021,1e+06,5.35,78.8,393000 4345000,2.5,Suitable,dodgerblue,YES,244.198803,2699.856995,91.962908
393000,4345000,CB2OH,18.04462,1e+06,2.7,79.4,393000 4345000,5.5,Marginal,orange,YES,244.198803,2699.856995,91.962908
393000,4345000,CB2OH,14.76378,1e+06,3.95,79.1,393000 4345000,4.5,Tolerable,yellow,YES,244.198803,2699.856995,91.962908
393000,4345000,CB2OH,11.48294,1e+06,5.05,78.8,393000 4345000,3.5,Suitable,dodgerblue,YES,244.198803,2699.856995,91.962908
393000,4345000,CB2OH,1.64042,1e+06,5.5,78.8,393000 4345000,0.5,Suitable,dodgerblue,YES,244.198803,2699.856995,91.962908
393000,4351000,CB2OH,31.16798,1e+06,0.2,79.47,393000 4351000,9.5,Unsuitable,black,YES,244.198803,2703.585221,95.6911340000002
393000,4351000,CB2OH,8.2021,1e+06,5.53,79.61,393000 4351000,2.5,Suitable,dodgerblue,YES,244.198803,2703.585221,95.6911340000002
393000,4351000,CB2OH,18.04462,1e+06,2.77,79.58,393000 4351000,5.5,Marginal,orange,YES,244.198803,2703.585221,95.6911340000002
393000,4351000,CB2OH,37.72966,1e+06,0.15,79.3,393000 4351000,11.5,Unsuitable,black,YES,244.198803,2703.585221,95.6911340000002
393000,4351000,CB2OH,11.48294,1e+06,4.93,79.1,393000 4351000,3.5,Suitable,dodgerblue,YES,244.198803,2703.585221,95.6911340000002
393000,4351000,CB2OH,14.76378,1e+06,3.89,79.36,393000 4351000,4.5,Tolerable,yellow,YES,244.198803,2703.585221,95.6911340000002
393000,4351000,CB2OH,27.88714,1e+06,0.85,79.68,393000 4351000,8.5,Unsuitable,black,YES,244.198803,2703.585221,95.6911340000002
393000,4351000,CB2OH,4.92126,1e+06,6.08,79.94,393000 4351000,1.5,Suitable,dodgerblue,YES,244.198803,2703.585221,95.6911340000002
393000,4351000,CB2OH,1.64042,1e+06,6.2,79.96,393000 4351000,0.5,Suitable,dodgerblue,YES,244.198803,2703.585221,95.6911340000002
393000,4351000,CB2OH,34.44882,1e+06,0.1,79.4,393000 4351000,10.5,Unsuitable,black,YES,244.198803,2703.585221,95.6911340000002
393000,4351000,CB2OH,21.32546,1e+06,1.97,79.74,393000 4351000,6.5,Unsuitable,black,YES,244.198803,2703.585221,95.6911340000002
393000,4351000,CB2OH,24.6063,1e+06,1.21,79.78,393000 4351000,7.5,Unsuitable,black,YES,244.198803,2703.585221,95.6911340000002
394000,4207000,CB5MH_MD,60.69554,1e+06,0.92,80.2,394000 4207000,18.5,Unsuitable,black,YES,244.820174,2614.107797,6.21370999999999
394000,4207000,CB5MH_MD,57.4147,1e+06,0.8,80.32,394000 4207000,17.5,Unsuitable,black,YES,244.820174,2614.107797,6.21370999999999
394000,4207000,CB5MH_MD,50.85302,1e+06,1.17,80.62,394000 4207000,15.5,Unsuitable,black,YES,244.820174,2614.107797,6.21370999999999
394000,4207000,CB5MH_MD,77.09974,1e+06,0.82,79.86,394000 4207000,23.5,Unsuitable,black,YES,244.820174,2614.107797,6.21370999999999
394000,4207000,CB5MH_MD,67.25722,1e+06,0.87,80.11,394000 4207000,20.5,Unsuitable,black,YES,244.820174,2614.107797,6.21370999999999
394000,4207000,CB5MH_MD,1.64042,1e+06,7.26,80.82,394000 4207000,0.5,Suitable,dodgerblue,YES,244.820174,2614.107797,6.21370999999999
394000,4207000,CB5MH_MD,18.04462,1e+06,6.99,81.02,394000 4207000,5.5,Suitable,dodgerblue,YES,244.820174,2614.107797,6.21370999999999
394000,4207000,CB5MH_MD,63.97638,1e+06,0.87,80.16,394000 4207000,19.5,Unsuitable,black,YES,244.820174,2614.107797,6.21370999999999
394000,4207000,CB5MH_MD,34.44882,1e+06,4.51,81.16,394000 4207000,10.5,Suitable,dodgerblue,YES,244.820174,2614.107797,6.21370999999999
394000,4207000,CB5MH_MD,47.57218,1e+06,1.29,80.75,394000 4207000,14.5,Unsuitable,black,YES,244.820174,2614.107797,6.21370999999999
394000,4207000,CB5MH_MD,41.0105,1e+06,1.99,80.96,394000 4207000,12.5,Unsuitable,black,YES,244.820174,2614.107797,6.21370999999999
394000,4207000,CB5MH_MD,54.13386,1e+06,0.99,80.44,394000 4207000,16.5,Unsuitable,black,YES,244.820174,2614.107797,6.21370999999999
394000,4207000,CB5MH_MD,21.32546,1e+06,6.77,81,394000 4207000,6.5,Suitable,dodgerblue,YES,244.820174,2614.107797,6.21370999999999
394000,4207000,CB5MH_MD,31.16798,1e+06,5.2,81.06,394000 4207000,9.5,Suitable,dodgerblue,YES,244.820174,2614.107797,6.21370999999999
394000,4207000,CB5MH_MD,27.88714,1e+06,5.75,81,394000 4207000,8.5,Suitable,dodgerblue,YES,244.820174,2614.107797,6.21370999999999
394000,4207000,CB5MH_MD,44.29134,1e+06,1.38,80.82,394000 4207000,13.5,Unsuitable,black,YES,244.820174,2614.107797,6.21370999999999
394000,4207000,CB5MH_MD,73.8189,1e+06,0.83,79.91,394000 4207000,22.5,Unsuitable,black,YES,244.820174,2614.107797,6.21370999999999
394000,4207000,CB5MH_MD,80.38058,1e+06,0.71,79.73,394000 4207000,24.5,Unsuitable,black,YES,244.820174,2614.107797,6.21370999999999
394000,4207000,CB5MH_MD,24.6063,1e+06,6.29,80.96,394000 4207000,7.5,Suitable,dodgerblue,YES,244.820174,2614.107797,6.21370999999999
394000,4207000,CB5MH_MD,14.76378,1e+06,7.03,80.93,394000 4207000,4.5,Suitable,dodgerblue,YES,244.820174,2614.107797,6.21370999999999
394000,4207000,CB5MH_MD,70.53806,1e+06,0.85,80.01,394000 4207000,21.5,Unsuitable,black,YES,244.820174,2614.107797,6.21370999999999
394000,4207000,CB5MH_MD,37.72966,1e+06,3.34,81.14,394000 4207000,11.5,Tolerable,yellow,YES,244.820174,2614.107797,6.21370999999999
394000,4207000,CB5MH_MD,4.92126,1e+06,7.25,80.82,394000 4207000,1.5,Suitable,dodgerblue,YES,244.820174,2614.107797,6.21370999999999
394000,4207000,CB5MH_MD,11.48294,1e+06,7.15,80.83,394000 4207000,3.5,Suitable,dodgerblue,YES,244.820174,2614.107797,6.21370999999999
394000,4207000,CB5MH_MD,8.2021,1e+06,7.21,80.82,394000 4207000,2.5,Suitable,dodgerblue,YES,244.820174,2614.107797,6.21370999999999
394000,4208000,CB5MH_MD,18.04462,1e+06,7.01,81.04,394000 4208000,5.5,Suitable,dodgerblue,YES,244.820174,2614.729168,6.83508099999972
394000,4208000,CB5MH_MD,73.8189,1e+06,0.82,79.91,394000 4208000,22.5,Unsuitable,black,YES,244.820174,2614.729168,6.83508099999972
394000,4208000,CB5MH_MD,80.38058,1e+06,0.71,79.73,394000 4208000,24.5,Unsuitable,black,YES,244.820174,2614.729168,6.83508099999972
394000,4208000,CB5MH_MD,24.6063,1e+06,6.27,80.98,394000 4208000,7.5,Suitable,dodgerblue,YES,244.820174,2614.729168,6.83508099999972
394000,4208000,CB5MH_MD,70.53806,1e+06,0.84,80.01,394000 4208000,21.5,Unsuitable,black,YES,244.820174,2614.729168,6.83508099999972
394000,4208000,CB5MH_MD,50.85302,1e+06,1.14,80.64,394000 4208000,15.5,Unsuitable,black,YES,244.820174,2614.729168,6.83508099999972
394000,4208000,CB5MH_MD,34.44882,1e+06,4.49,81.18,394000 4208000,10.5,Suitable,dodgerblue,YES,244.820174,2614.729168,6.83508099999972
394000,4208000,CB5MH_MD,77.09974,1e+06,0.81,79.85,394000 4208000,23.5,Unsuitable,black,YES,244.820174,2614.729168,6.83508099999972
394000,4208000,CB5MH_MD,14.76378,1e+06,7.06,80.95,394000 4208000,4.5,Suitable,dodgerblue,YES,244.820174,2614.729168,6.83508099999972
394000,4208000,CB5MH_MD,47.57218,1e+06,1.26,80.77,394000 4208000,14.5,Unsuitable,black,YES,244.820174,2614.729168,6.83508099999972
394000,4208000,CB5MH_MD,54.13386,1e+06,0.96,80.45,394000 4208000,16.5,Unsuitable,black,YES,244.820174,2614.729168,6.83508099999972
394000,4208000,CB5MH_MD,21.32546,1e+06,6.77,81.02,394000 4208000,6.5,Suitable,dodgerblue,YES,244.820174,2614.729168,6.83508099999972
394000,4208000,CB5MH_MD,57.4147,1e+06,0.77,80.32,394000 4208000,17.5,Unsuitable,black,YES,244.820174,2614.729168,6.83508099999972
394000,4208000,CB5MH_MD,27.88714,1e+06,5.73,81.02,394000 4208000,8.5,Suitable,dodgerblue,YES,244.820174,2614.729168,6.83508099999972
394000,4208000,CB5MH_MD,67.25722,1e+06,0.86,80.11,394000 4208000,20.5,Unsuitable,black,YES,244.820174,2614.729168,6.83508099999972
394000,4208000,CB5MH_MD,11.48294,1e+06,7.17,80.86,394000 4208000,3.5,Suitable,dodgerblue,YES,244.820174,2614.729168,6.83508099999972
394000,4208000,CB5MH_MD,8.2021,1e+06,7.24,80.85,394000 4208000,2.5,Suitable,dodgerblue,YES,244.820174,2614.729168,6.83508099999972
394000,4208000,CB5MH_MD,63.97638,1e+06,0.87,80.16,394000 4208000,19.5,Unsuitable,black,YES,244.820174,2614.729168,6.83508099999972
394000,4208000,CB5MH_MD,41.0105,1e+06,2,81,394000 4208000,12.5,Marginal,orange,YES,244.820174,2614.729168,6.83508099999972
394000,4208000,CB5MH_MD,4.92126,1e+06,7.28,80.85,394000 4208000,1.5,Suitable,dodgerblue,YES,244.820174,2614.729168,6.83508099999972
394000,4208000,CB5MH_MD,37.72966,1e+06,3.34,81.18,394000 4208000,11.5,Tolerable,yellow,YES,244.820174,2614.729168,6.83508099999972
394000,4208000,CB5MH_MD,31.16798,1e+06,5.18,81.08,394000 4208000,9.5,Suitable,dodgerblue,YES,244.820174,2614.729168,6.83508099999972
394000,4208000,CB5MH_MD,1.64042,1e+06,7.3,80.85,394000 4208000,0.5,Suitable,dodgerblue,YES,244.820174,2614.729168,6.83508099999972
394000,4208000,CB5MH_MD,60.69554,1e+06,0.91,80.21,394000 4208000,18.5,Unsuitable,black,YES,244.820174,2614.729168,6.83508099999972
394000,4208000,CB5MH_MD,44.29134,1e+06,1.36,80.84,394000 4208000,13.5,Unsuitable,black,YES,244.820174,2614.729168,6.83508099999972
394000,4216000,CB5MH_MD,24.6063,1e+06,6.43,81.01,394000 4216000,7.5,Suitable,dodgerblue,YES,244.820174,2619.700136,11.8060489999998
394000,4216000,CB5MH_MD,70.53806,1e+06,0.79,80,394000 4216000,21.5,Unsuitable,black,YES,244.820174,2619.700136,11.8060489999998
394000,4216000,CB5MH_MD,21.32546,1e+06,7.02,81.17,394000 4216000,6.5,Suitable,dodgerblue,YES,244.820174,2619.700136,11.8060489999998
394000,4216000,CB5MH_MD,18.04462,1e+06,7.29,81.25,394000 4216000,5.5,Suitable,dodgerblue,YES,244.820174,2619.700136,11.8060489999998
394000,4216000,CB5MH_MD,60.69554,1e+06,0.81,80.28,394000 4216000,18.5,Unsuitable,black,YES,244.820174,2619.700136,11.8060489999998
394000,4216000,CB5MH_MD,14.76378,1e+06,7.48,81.15,394000 4216000,4.5,Suitable,dodgerblue,YES,244.820174,2619.700136,11.8060489999998
394000,4216000,CB5MH_MD,4.92126,1e+06,7.95,81.06,394000 4216000,1.5,Suitable,dodgerblue,YES,244.820174,2619.700136,11.8060489999998
394000,4216000,CB5MH_MD,50.85302,1e+06,1.13,80.88,394000 4216000,15.5,Unsuitable,black,YES,244.820174,2619.700136,11.8060489999998
394000,4216000,CB5MH_MD,57.4147,1e+06,0.72,80.37,394000 4216000,17.5,Unsuitable,black,YES,244.820174,2619.700136,11.8060489999998
394000,4216000,CB5MH_MD,1.64042,1e+06,7.99,81.06,394000 4216000,0.5,Suitable,dodgerblue,YES,244.820174,2619.700136,11.8060489999998
394000,4216000,CB5MH_MD,8.2021,1e+06,7.83,81.06,394000 4216000,2.5,Suitable,dodgerblue,YES,244.820174,2619.700136,11.8060489999998
394000,4216000,CB5MH_MD,37.72966,1e+06,2.58,81.42,394000 4216000,11.5,Marginal,orange,YES,244.820174,2619.700136,11.8060489999998
394000,4216000,CB5MH_MD,41.0105,1e+06,1.95,81.29,394000 4216000,12.5,Unsuitable,black,YES,244.820174,2619.700136,11.8060489999998
394000,4216000,CB5MH_MD,11.48294,1e+06,7.67,81.06,394000 4216000,3.5,Suitable,dodgerblue,YES,244.820174,2619.700136,11.8060489999998
394000,4216000,CB5MH_MD,31.16798,1e+06,4.57,81.18,394000 4216000,9.5,Suitable,dodgerblue,YES,244.820174,2619.700136,11.8060489999998
394000,4216000,CB5MH_MD,34.44882,1e+06,3.4,81.34,394000 4216000,10.5,Tolerable,yellow,YES,244.820174,2619.700136,11.8060489999998
394000,4216000,CB5MH_MD,47.57218,1e+06,1.26,81.06,394000 4216000,14.5,Unsuitable,black,YES,244.820174,2619.700136,11.8060489999998
394000,4216000,CB5MH_MD,44.29134,1e+06,1.46,81.15,394000 4216000,13.5,Unsuitable,black,YES,244.820174,2619.700136,11.8060489999998
394000,4216000,CB5MH_MD,67.25722,1e+06,0.81,80.1,394000 4216000,20.5,Unsuitable,black,YES,244.820174,2619.700136,11.8060489999998
394000,4216000,CB5MH_MD,54.13386,1e+06,0.89,80.62,394000 4216000,16.5,Unsuitable,black,YES,244.820174,2619.700136,11.8060489999998
394000,4216000,CB5MH_MD,63.97638,1e+06,0.81,80.19,394000 4216000,19.5,Unsuitable,black,YES,244.820174,2619.700136,11.8060489999998
394000,4216000,CB5MH_MD,27.88714,1e+06,5.61,81.03,394000 4216000,8.5,Suitable,dodgerblue,YES,244.820174,2619.700136,11.8060489999998
394000,4217000,CB5MH_MD,44.29134,1e+06,1.53,81.2,394000 4217000,13.5,Unsuitable,black,YES,244.820174,2620.321507,12.42742
394000,4217000,CB5MH_MD,34.44882,1e+06,3.25,81.36,394000 4217000,10.5,Tolerable,yellow,YES,244.820174,2620.321507,12.42742
394000,4217000,CB5MH_MD,41.0105,1e+06,1.98,81.32,394000 4217000,12.5,Unsuitable,black,YES,244.820174,2620.321507,12.42742
394000,4217000,CB5MH_MD,21.32546,1e+06,7.06,81.18,394000 4217000,6.5,Suitable,dodgerblue,YES,244.820174,2620.321507,12.42742
394000,4217000,CB5MH_MD,63.97638,1e+06,0.81,80.19,394000 4217000,19.5,Unsuitable,black,YES,244.820174,2620.321507,12.42742
394000,4217000,CB5MH_MD,27.88714,1e+06,5.61,81.02,394000 4217000,8.5,Suitable,dodgerblue,YES,244.820174,2620.321507,12.42742
394000,4217000,CB5MH_MD,37.72966,1e+06,2.48,81.45,394000 4217000,11.5,Marginal,orange,YES,244.820174,2620.321507,12.42742
394000,4217000,CB5MH_MD,54.13386,1e+06,0.92,80.64,394000 4217000,16.5,Unsuitable,black,YES,244.820174,2620.321507,12.42742
394000,4217000,CB5MH_MD,70.53806,1e+06,0.78,80,394000 4217000,21.5,Unsuitable,black,YES,244.820174,2620.321507,12.42742
394000,4217000,CB5MH_MD,18.04462,1e+06,7.33,81.27,394000 4217000,5.5,Suitable,dodgerblue,YES,244.820174,2620.321507,12.42742
394000,4217000,CB5MH_MD,14.76378,1e+06,7.53,81.17,394000 4217000,4.5,Suitable,dodgerblue,YES,244.820174,2620.321507,12.42742
394000,4217000,CB5MH_MD,8.2021,1e+06,7.91,81.08,394000 4217000,2.5,Suitable,dodgerblue,YES,244.820174,2620.321507,12.42742
394000,4217000,CB5MH_MD,60.69554,1e+06,0.81,80.29,394000 4217000,18.5,Unsuitable,black,YES,244.820174,2620.321507,12.42742
394000,4217000,CB5MH_MD,24.6063,1e+06,6.46,81.01,394000 4217000,7.5,Suitable,dodgerblue,YES,244.820174,2620.321507,12.42742
394000,4217000,CB5MH_MD,67.25722,1e+06,0.81,80.1,394000 4217000,20.5,Unsuitable,black,YES,244.820174,2620.321507,12.42742
394000,4217000,CB5MH_MD,50.85302,1e+06,1.18,80.92,394000 4217000,15.5,Unsuitable,black,YES,244.820174,2620.321507,12.42742
394000,4217000,CB5MH_MD,57.4147,1e+06,0.74,80.38,394000 4217000,17.5,Unsuitable,black,YES,244.820174,2620.321507,12.42742
394000,4217000,CB5MH_MD,31.16798,1e+06,4.49,81.19,394000 4217000,9.5,Suitable,dodgerblue,YES,244.820174,2620.321507,12.42742
394000,4217000,CB5MH_MD,47.57218,1e+06,1.31,81.1,394000 4217000,14.5,Unsuitable,black,YES,244.820174,2620.321507,12.42742
394000,4217000,CB5MH_MD,11.48294,1e+06,7.74,81.08,394000 4217000,3.5,Suitable,dodgerblue,YES,244.820174,2620.321507,12.42742
394000,4217000,CB5MH_MD,4.92126,1e+06,8.04,81.08,394000 4217000,1.5,Suitable,dodgerblue,YES,244.820174,2620.321507,12.42742
394000,4217000,CB5MH_MD,1.64042,1e+06,8.08,81.08,394000 4217000,0.5,Suitable,dodgerblue,YES,244.820174,2620.321507,12.42742
394000,4348000,CB2OH,14.76378,1e+06,3.87,79.18,394000 4348000,4.5,Tolerable,yellow,YES,244.820174,2701.721108,93.8270210000001
394000,4348000,CB2OH,11.48294,1e+06,5,78.87,394000 4348000,3.5,Suitable,dodgerblue,YES,244.820174,2701.721108,93.8270210000001
394000,4348000,CB2OH,1.64042,1e+06,5.78,79,394000 4348000,0.5,Suitable,dodgerblue,YES,244.820174,2701.721108,93.8270210000001
394000,4348000,CB2OH,18.04462,1e+06,2.67,79.46,394000 4348000,5.5,Marginal,orange,YES,244.820174,2701.721108,93.8270210000001
394000,4348000,CB2OH,4.92126,1e+06,5.73,78.99,394000 4348000,1.5,Suitable,dodgerblue,YES,244.820174,2701.721108,93.8270210000001
394000,4348000,CB2OH,21.32546,1e+06,1.85,79.64,394000 4348000,6.5,Unsuitable,black,YES,244.820174,2701.721108,93.8270210000001
394000,4348000,CB2OH,8.2021,1e+06,5.46,78.95,394000 4348000,2.5,Suitable,dodgerblue,YES,244.820174,2701.721108,93.8270210000001
394000,4349000,CB2OH,21.32546,1e+06,1.88,79.67,394000 4349000,6.5,Unsuitable,black,YES,244.820174,2702.342479,94.4483919999998
394000,4349000,CB2OH,27.88714,1e+06,0.62,79.64,394000 4349000,8.5,Unsuitable,black,YES,244.820174,2702.342479,94.4483919999998
394000,4349000,CB2OH,4.92126,1e+06,5.81,79.4,394000 4349000,1.5,Suitable,dodgerblue,YES,244.820174,2702.342479,94.4483919999998
394000,4349000,CB2OH,24.6063,1e+06,1.04,79.74,394000 4349000,7.5,Unsuitable,black,YES,244.820174,2702.342479,94.4483919999998
394000,4349000,CB2OH,11.48294,1e+06,4.98,78.96,394000 4349000,3.5,Suitable,dodgerblue,YES,244.820174,2702.342479,94.4483919999998
394000,4349000,CB2OH,1.64042,1e+06,5.88,79.42,394000 4349000,0.5,Suitable,dodgerblue,YES,244.820174,2702.342479,94.4483919999998
394000,4349000,CB2OH,14.76378,1e+06,3.88,79.25,394000 4349000,4.5,Tolerable,yellow,YES,244.820174,2702.342479,94.4483919999998
394000,4349000,CB2OH,18.04462,1e+06,2.69,79.5,394000 4349000,5.5,Marginal,orange,YES,244.820174,2702.342479,94.4483919999998
394000,4349000,CB2OH,8.2021,1e+06,5.51,79.05,394000 4349000,2.5,Suitable,dodgerblue,YES,244.820174,2702.342479,94.4483919999998
394000,4350000,CB2OH,11.48294,1e+06,4.95,79.04,394000 4350000,3.5,Suitable,dodgerblue,YES,244.820174,2702.96385,95.069763
394000,4350000,CB2OH,8.2021,1e+06,5.49,79.41,394000 4350000,2.5,Suitable,dodgerblue,YES,244.820174,2702.96385,95.069763
394000,4350000,CB2OH,14.76378,1e+06,3.89,79.31,394000 4350000,4.5,Tolerable,yellow,YES,244.820174,2702.96385,95.069763
394000,4350000,CB2OH,18.04462,1e+06,2.74,79.55,394000 4350000,5.5,Marginal,orange,YES,244.820174,2702.96385,95.069763
394000,4350000,CB2OH,1.64042,1e+06,6.05,79.65,394000 4350000,0.5,Suitable,dodgerblue,YES,244.820174,2702.96385,95.069763
394000,4350000,CB2OH,4.92126,1e+06,5.95,79.63,394000 4350000,1.5,Suitable,dodgerblue,YES,244.820174,2702.96385,95.069763
394000,4350000,CB2OH,21.32546,1e+06,1.94,79.71,394000 4350000,6.5,Unsuitable,black,YES,244.820174,2702.96385,95.069763
395000,4204000,CB5MH_MD,8.2021,1e+06,7.11,80.76,395000 4204000,2.5,Suitable,dodgerblue,YES,245.441545,2612.243684,4.3495969999999
395000,4204000,CB5MH_MD,24.6063,1e+06,6.42,80.89,395000 4204000,7.5,Suitable,dodgerblue,YES,245.441545,2612.243684,4.3495969999999
395000,4204000,CB5MH_MD,1.64042,1e+06,7.19,80.77,395000 4204000,0.5,Suitable,dodgerblue,YES,245.441545,2612.243684,4.3495969999999
395000,4204000,CB5MH_MD,54.13386,1e+06,1.15,80.4,395000 4204000,16.5,Unsuitable,black,YES,245.441545,2612.243684,4.3495969999999
395000,4204000,CB5MH_MD,21.32546,1e+06,6.82,80.91,395000 4204000,6.5,Suitable,dodgerblue,YES,245.441545,2612.243684,4.3495969999999
395000,4204000,CB5MH_MD,4.92126,1e+06,7.16,80.77,395000 4204000,1.5,Suitable,dodgerblue,YES,245.441545,2612.243684,4.3495969999999
395000,4204000,CB5MH_MD,41.0105,1e+06,1.95,80.84,395000 4204000,12.5,Unsuitable,black,YES,245.441545,2612.243684,4.3495969999999
395000,4204000,CB5MH_MD,27.88714,1e+06,5.83,80.92,395000 4204000,8.5,Suitable,dodgerblue,YES,245.441545,2612.243684,4.3495969999999
395000,4204000,CB5MH_MD,14.76378,1e+06,6.99,80.83,395000 4204000,4.5,Suitable,dodgerblue,YES,245.441545,2612.243684,4.3495969999999
395000,4204000,CB5MH_MD,11.48294,1e+06,7.04,80.76,395000 4204000,3.5,Suitable,dodgerblue,YES,245.441545,2612.243684,4.3495969999999
395000,4204000,CB5MH_MD,44.29134,1e+06,1.52,80.75,395000 4204000,13.5,Unsuitable,black,YES,245.441545,2612.243684,4.3495969999999
395000,4204000,CB5MH_MD,50.85302,1e+06,1.33,80.59,395000 4204000,15.5,Unsuitable,black,YES,245.441545,2612.243684,4.3495969999999
395000,4204000,CB5MH_MD,37.72966,1e+06,3.16,81.02,395000 4204000,11.5,Tolerable,yellow,YES,245.441545,2612.243684,4.3495969999999
395000,4204000,CB5MH_MD,18.04462,1e+06,6.97,80.92,395000 4204000,5.5,Suitable,dodgerblue,YES,245.441545,2612.243684,4.3495969999999
395000,4204000,CB5MH_MD,34.44882,1e+06,4.41,81.1,395000 4204000,10.5,Suitable,dodgerblue,YES,245.441545,2612.243684,4.3495969999999
395000,4204000,CB5MH_MD,47.57218,1e+06,1.46,80.71,395000 4204000,14.5,Unsuitable,black,YES,245.441545,2612.243684,4.3495969999999
395000,4204000,CB5MH_MD,31.16798,1e+06,5.17,81,395000 4204000,9.5,Suitable,dodgerblue,YES,245.441545,2612.243684,4.3495969999999
395000,4205000,CB5MH_MD,8.2021,1e+06,7.12,80.79,395000 4205000,2.5,Suitable,dodgerblue,YES,245.441545,2612.865055,4.97096800000008
395000,4205000,CB5MH_MD,1.64042,1e+06,7.21,80.81,395000 4205000,0.5,Suitable,dodgerblue,YES,245.441545,2612.865055,4.97096800000008
395000,4205000,CB5MH_MD,83.66142,1e+06,0.73,79.74,395000 4205000,25.5,Unsuitable,black,YES,245.441545,2612.865055,4.97096800000008
395000,4205000,CB5MH_MD,11.48294,1e+06,7.05,80.79,395000 4205000,3.5,Suitable,dodgerblue,YES,245.441545,2612.865055,4.97096800000008
395000,4205000,CB5MH_MD,57.4147,1e+06,0.91,80.3,395000 4205000,17.5,Unsuitable,black,YES,245.441545,2612.865055,4.97096800000008
395000,4205000,CB5MH_MD,4.92126,1e+06,7.18,80.8,395000 4205000,1.5,Suitable,dodgerblue,YES,245.441545,2612.865055,4.97096800000008
395000,4205000,CB5MH_MD,67.25722,1e+06,0.88,80.11,395000 4205000,20.5,Unsuitable,black,YES,245.441545,2612.865055,4.97096800000008
395000,4205000,CB5MH_MD,18.04462,1e+06,6.98,80.95,395000 4205000,5.5,Suitable,dodgerblue,YES,245.441545,2612.865055,4.97096800000008
395000,4205000,CB5MH_MD,44.29134,1e+06,1.5,80.78,395000 4205000,13.5,Unsuitable,black,YES,245.441545,2612.865055,4.97096800000008
395000,4205000,CB5MH_MD,60.69554,1e+06,0.94,80.17,395000 4205000,18.5,Unsuitable,black,YES,245.441545,2612.865055,4.97096800000008
395000,4205000,CB5MH_MD,47.57218,1e+06,1.42,80.72,395000 4205000,14.5,Unsuitable,black,YES,245.441545,2612.865055,4.97096800000008
395000,4205000,CB5MH_MD,63.97638,1e+06,0.89,80.14,395000 4205000,19.5,Unsuitable,black,YES,245.441545,2612.865055,4.97096800000008
395000,4205000,CB5MH_MD,54.13386,1e+06,1.11,80.41,395000 4205000,16.5,Unsuitable,black,YES,245.441545,2612.865055,4.97096800000008
395000,4205000,CB5MH_MD,21.32546,1e+06,6.8,80.93,395000 4205000,6.5,Suitable,dodgerblue,YES,245.441545,2612.865055,4.97096800000008
395000,4205000,CB5MH_MD,14.76378,1e+06,7,80.86,395000 4205000,4.5,Suitable,dodgerblue,YES,245.441545,2612.865055,4.97096800000008
395000,4205000,CB5MH_MD,41.0105,1e+06,1.97,80.88,395000 4205000,12.5,Unsuitable,black,YES,245.441545,2612.865055,4.97096800000008
395000,4205000,CB5MH_MD,77.09974,1e+06,0.84,79.87,395000 4205000,23.5,Unsuitable,black,YES,245.441545,2612.865055,4.97096800000008
395000,4205000,CB5MH_MD,50.85302,1e+06,1.29,80.6,395000 4205000,15.5,Unsuitable,black,YES,245.441545,2612.865055,4.97096800000008
395000,4205000,CB5MH_MD,31.16798,1e+06,5.18,81.02,395000 4205000,9.5,Suitable,dodgerblue,YES,245.441545,2612.865055,4.97096800000008
395000,4205000,CB5MH_MD,27.88714,1e+06,5.8,80.94,395000 4205000,8.5,Suitable,dodgerblue,YES,245.441545,2612.865055,4.97096800000008
395000,4205000,CB5MH_MD,70.53806,1e+06,0.86,80.01,395000 4205000,21.5,Unsuitable,black,YES,245.441545,2612.865055,4.97096800000008
395000,4205000,CB5MH_MD,73.8189,1e+06,0.85,79.91,395000 4205000,22.5,Unsuitable,black,YES,245.441545,2612.865055,4.97096800000008
395000,4205000,CB5MH_MD,80.38058,1e+06,0.72,79.74,395000 4205000,24.5,Unsuitable,black,YES,245.441545,2612.865055,4.97096800000008
395000,4205000,CB5MH_MD,34.44882,1e+06,4.44,81.12,395000 4205000,10.5,Suitable,dodgerblue,YES,245.441545,2612.865055,4.97096800000008
395000,4205000,CB5MH_MD,37.72966,1e+06,3.22,81.05,395000 4205000,11.5,Tolerable,yellow,YES,245.441545,2612.865055,4.97096800000008
395000,4205000,CB5MH_MD,24.6063,1e+06,6.39,80.91,395000 4205000,7.5,Suitable,dodgerblue,YES,245.441545,2612.865055,4.97096800000008
395000,4206000,CB5MH_MD,60.69554,1e+06,0.93,80.18,395000 4206000,18.5,Unsuitable,black,YES,245.441545,2613.486426,5.59233899999981
395000,4206000,CB5MH_MD,57.4147,1e+06,0.87,80.31,395000 4206000,17.5,Unsuitable,black,YES,245.441545,2613.486426,5.59233899999981
395000,4206000,CB5MH_MD,4.92126,1e+06,7.21,80.83,395000 4206000,1.5,Suitable,dodgerblue,YES,245.441545,2613.486426,5.59233899999981
395000,4206000,CB5MH_MD,63.97638,1e+06,0.88,80.15,395000 4206000,19.5,Unsuitable,black,YES,245.441545,2613.486426,5.59233899999981
395000,4206000,CB5MH_MD,37.72966,1e+06,3.26,81.09,395000 4206000,11.5,Tolerable,yellow,YES,245.441545,2613.486426,5.59233899999981
395000,4206000,CB5MH_MD,21.32546,1e+06,6.79,80.96,395000 4206000,6.5,Suitable,dodgerblue,YES,245.441545,2613.486426,5.59233899999981
395000,4206000,CB5MH_MD,27.88714,1e+06,5.78,80.97,395000 4206000,8.5,Suitable,dodgerblue,YES,245.441545,2613.486426,5.59233899999981
395000,4206000,CB5MH_MD,18.04462,1e+06,6.98,80.98,395000 4206000,5.5,Suitable,dodgerblue,YES,245.441545,2613.486426,5.59233899999981
395000,4206000,CB5MH_MD,44.29134,1e+06,1.47,80.8,395000 4206000,13.5,Unsuitable,black,YES,245.441545,2613.486426,5.59233899999981
395000,4206000,CB5MH_MD,24.6063,1e+06,6.35,80.93,395000 4206000,7.5,Suitable,dodgerblue,YES,245.441545,2613.486426,5.59233899999981
395000,4206000,CB5MH_MD,34.44882,1e+06,4.46,81.14,395000 4206000,10.5,Suitable,dodgerblue,YES,245.441545,2613.486426,5.59233899999981
395000,4206000,CB5MH_MD,31.16798,1e+06,5.18,81.04,395000 4206000,9.5,Suitable,dodgerblue,YES,245.441545,2613.486426,5.59233899999981
395000,4206000,CB5MH_MD,14.76378,1e+06,7.02,80.89,395000 4206000,4.5,Suitable,dodgerblue,YES,245.441545,2613.486426,5.59233899999981
395000,4206000,CB5MH_MD,8.2021,1e+06,7.15,80.82,395000 4206000,2.5,Suitable,dodgerblue,YES,245.441545,2613.486426,5.59233899999981
395000,4206000,CB5MH_MD,47.57218,1e+06,1.38,80.74,395000 4206000,14.5,Unsuitable,black,YES,245.441545,2613.486426,5.59233899999981
395000,4206000,CB5MH_MD,1.64042,1e+06,7.24,80.84,395000 4206000,0.5,Suitable,dodgerblue,YES,245.441545,2613.486426,5.59233899999981
395000,4206000,CB5MH_MD,41.0105,1e+06,1.99,80.91,395000 4206000,12.5,Unsuitable,black,YES,245.441545,2613.486426,5.59233899999981
395000,4206000,CB5MH_MD,54.13386,1e+06,1.07,80.43,395000 4206000,16.5,Unsuitable,black,YES,245.441545,2613.486426,5.59233899999981
395000,4206000,CB5MH_MD,11.48294,1e+06,7.07,80.82,395000 4206000,3.5,Suitable,dodgerblue,YES,245.441545,2613.486426,5.59233899999981
395000,4206000,CB5MH_MD,50.85302,1e+06,1.25,80.61,395000 4206000,15.5,Unsuitable,black,YES,245.441545,2613.486426,5.59233899999981
395000,4352000,CB2OH,1.64042,1e+06,6.18,79.77,395000 4352000,0.5,Suitable,dodgerblue,YES,245.441545,2704.206592,96.3125049999999
395000,4352000,CB2OH,11.48294,1e+06,4.87,79.26,395000 4352000,3.5,Suitable,dodgerblue,YES,245.441545,2704.206592,96.3125049999999
395000,4352000,CB2OH,8.2021,1e+06,5.54,79.62,395000 4352000,2.5,Suitable,dodgerblue,YES,245.441545,2704.206592,96.3125049999999
395000,4352000,CB2OH,24.6063,1e+06,1.49,79.86,395000 4352000,7.5,Unsuitable,black,YES,245.441545,2704.206592,96.3125049999999
395000,4352000,CB2OH,14.76378,1e+06,3.99,79.46,395000 4352000,4.5,Tolerable,yellow,YES,245.441545,2704.206592,96.3125049999999
395000,4352000,CB2OH,21.32546,1e+06,2.18,79.84,395000 4352000,6.5,Marginal,orange,YES,245.441545,2704.206592,96.3125049999999
395000,4352000,CB2OH,18.04462,1e+06,2.97,79.67,395000 4352000,5.5,Marginal,orange,YES,245.441545,2704.206592,96.3125049999999
395000,4352000,CB2OH,4.92126,1e+06,6.04,79.76,395000 4352000,1.5,Suitable,dodgerblue,YES,245.441545,2704.206592,96.3125049999999
396000,4199000,CB5MH_MD,4.92126,1e+06,7.1,80.61,396000 4199000,1.5,Suitable,dodgerblue,YES,246.062916,2609.136829,1.24274199999991
396000,4199000,CB5MH_MD,27.88714,1e+06,5.9,80.82,396000 4199000,8.5,Suitable,dodgerblue,YES,246.062916,2609.136829,1.24274199999991
396000,4199000,CB5MH_MD,14.76378,1e+06,6.99,80.72,396000 4199000,4.5,Suitable,dodgerblue,YES,246.062916,2609.136829,1.24274199999991
396000,4199000,CB5MH_MD,31.16798,1e+06,5.04,80.91,396000 4199000,9.5,Suitable,dodgerblue,YES,246.062916,2609.136829,1.24274199999991
396000,4199000,CB5MH_MD,24.6063,1e+06,6.62,80.81,396000 4199000,7.5,Suitable,dodgerblue,YES,246.062916,2609.136829,1.24274199999991
396000,4199000,CB5MH_MD,21.32546,1e+06,6.92,80.81,396000 4199000,6.5,Suitable,dodgerblue,YES,246.062916,2609.136829,1.24274199999991
396000,4199000,CB5MH_MD,1.64042,1e+06,7.11,80.61,396000 4199000,0.5,Suitable,dodgerblue,YES,246.062916,2609.136829,1.24274199999991
396000,4199000,CB5MH_MD,8.2021,1e+06,7.08,80.6,396000 4199000,2.5,Suitable,dodgerblue,YES,246.062916,2609.136829,1.24274199999991
396000,4199000,CB5MH_MD,18.04462,1e+06,6.99,80.81,396000 4199000,5.5,Suitable,dodgerblue,YES,246.062916,2609.136829,1.24274199999991
396000,4199000,CB5MH_MD,67.25722,1e+06,0.9,80.1,396000 4199000,20.5,Unsuitable,black,YES,246.062916,2609.136829,1.24274199999991
396000,4199000,CB5MH_MD,73.8189,1e+06,0.89,79.9,396000 4199000,22.5,Unsuitable,black,YES,246.062916,2609.136829,1.24274199999991
396000,4199000,CB5MH_MD,80.38058,1e+06,0.73,79.77,396000 4199000,24.5,Unsuitable,black,YES,246.062916,2609.136829,1.24274199999991
396000,4199000,CB5MH_MD,63.97638,1e+06,0.9,80.11,396000 4199000,19.5,Unsuitable,black,YES,246.062916,2609.136829,1.24274199999991
396000,4199000,CB5MH_MD,77.09974,1e+06,0.89,79.9,396000 4199000,23.5,Unsuitable,black,YES,246.062916,2609.136829,1.24274199999991
396000,4199000,CB5MH_MD,11.48294,1e+06,7.03,80.61,396000 4199000,3.5,Suitable,dodgerblue,YES,246.062916,2609.136829,1.24274199999991
396000,4199000,CB5MH_MD,70.53806,1e+06,0.89,80,396000 4199000,21.5,Unsuitable,black,YES,246.062916,2609.136829,1.24274199999991
396000,4199000,CB5MH_MD,60.69554,1e+06,0.95,80.11,396000 4199000,18.5,Unsuitable,black,YES,246.062916,2609.136829,1.24274199999991
396000,4199000,CB5MH_MD,44.29134,1e+06,1.48,80.63,396000 4199000,13.5,Unsuitable,black,YES,246.062916,2609.136829,1.24274199999991
396000,4199000,CB5MH_MD,57.4147,1e+06,1.06,80.22,396000 4199000,17.5,Unsuitable,black,YES,246.062916,2609.136829,1.24274199999991
396000,4199000,CB5MH_MD,41.0105,1e+06,1.67,80.64,396000 4199000,12.5,Unsuitable,black,YES,246.062916,2609.136829,1.24274199999991
396000,4199000,CB5MH_MD,50.85302,1e+06,1.37,80.52,396000 4199000,15.5,Unsuitable,black,YES,246.062916,2609.136829,1.24274199999991
396000,4199000,CB5MH_MD,54.13386,1e+06,1.21,80.32,396000 4199000,16.5,Unsuitable,black,YES,246.062916,2609.136829,1.24274199999991
396000,4199000,CB5MH_MD,34.44882,1e+06,4.13,81.02,396000 4199000,10.5,Suitable,dodgerblue,YES,246.062916,2609.136829,1.24274199999991
396000,4199000,CB5MH_MD,37.72966,1e+06,2.73,80.84,396000 4199000,11.5,Marginal,orange,YES,246.062916,2609.136829,1.24274199999991
396000,4199000,CB5MH_MD,47.57218,1e+06,1.47,80.62,396000 4199000,14.5,Unsuitable,black,YES,246.062916,2609.136829,1.24274199999991
396000,4354000,CB2OH,31.16798,1e+06,0.2,79.45,396000 4354000,9.5,Unsuitable,black,YES,246.062916,2705.449334,97.5552469999998
396000,4354000,CB2OH,21.32546,1e+06,2.42,79.95,396000 4354000,6.5,Marginal,orange,YES,246.062916,2705.449334,97.5552469999998
396000,4354000,CB2OH,8.2021,1e+06,5.53,79.55,396000 4354000,2.5,Suitable,dodgerblue,YES,246.062916,2705.449334,97.5552469999998
396000,4354000,CB2OH,11.48294,1e+06,4.8,79.43,396000 4354000,3.5,Suitable,dodgerblue,YES,246.062916,2705.449334,97.5552469999998
396000,4354000,CB2OH,1.64042,1e+06,6.38,79.62,396000 4354000,0.5,Suitable,dodgerblue,YES,246.062916,2705.449334,97.5552469999998
396000,4354000,CB2OH,4.92126,1e+06,6.18,79.61,396000 4354000,1.5,Suitable,dodgerblue,YES,246.062916,2705.449334,97.5552469999998
396000,4354000,CB2OH,34.44882,1e+06,0.1,79.4,396000 4354000,10.5,Unsuitable,black,YES,246.062916,2705.449334,97.5552469999998
396000,4354000,CB2OH,14.76378,1e+06,4.1,79.56,396000 4354000,4.5,Suitable,dodgerblue,YES,246.062916,2705.449334,97.5552469999998
396000,4354000,CB2OH,18.04462,1e+06,3.21,79.76,396000 4354000,5.5,Tolerable,yellow,YES,246.062916,2705.449334,97.5552469999998
396000,4354000,CB2OH,24.6063,1e+06,1.79,79.95,396000 4354000,7.5,Unsuitable,black,YES,246.062916,2705.449334,97.5552469999998
396000,4354000,CB2OH,27.88714,1e+06,1.56,79.85,396000 4354000,8.5,Unsuitable,black,YES,246.062916,2705.449334,97.5552469999998
397000,4197000,CB5MH_MD,8.2021,1e+06,7.1,80.6,397000 4197000,2.5,Suitable,dodgerblue,YES,246.684287,2607.894087,0
397000,4197000,CB5MH_MD,86.94226,1e+06,0.81,79.7,397000 4197000,26.5,Unsuitable,black,YES,246.684287,2607.894087,0
397000,4197000,CB5MH_MD,14.76378,1e+06,7,80.7,397000 4197000,4.5,Suitable,dodgerblue,YES,246.684287,2607.894087,0
397000,4197000,CB5MH_MD,44.29134,1e+06,1.4,80.6,397000 4197000,13.5,Unsuitable,black,YES,246.684287,2607.894087,0
397000,4197000,CB5MH_MD,11.48294,1e+06,7.05,80.6,397000 4197000,3.5,Suitable,dodgerblue,YES,246.684287,2607.894087,0
397000,4197000,CB5MH_MD,34.44882,1e+06,4.05,81,397000 4197000,10.5,Suitable,dodgerblue,YES,246.684287,2607.894087,0
397000,4197000,CB5MH_MD,24.6063,1e+06,6.65,80.8,397000 4197000,7.5,Suitable,dodgerblue,YES,246.684287,2607.894087,0
397000,4197000,CB5MH_MD,37.72966,1e+06,2.6,80.8,397000 4197000,11.5,Marginal,orange,YES,246.684287,2607.894087,0
397000,4197000,CB5MH_MD,1.64042,1e+06,7.1,80.6,397000 4197000,0.5,Suitable,dodgerblue,YES,246.684287,2607.894087,0
397000,4197000,CB5MH_MD,77.09974,1e+06,0.9,79.9,397000 4197000,23.5,Unsuitable,black,YES,246.684287,2607.894087,0
397000,4197000,CB5MH_MD,70.53806,1e+06,0.9,80,397000 4197000,21.5,Unsuitable,black,YES,246.684287,2607.894087,0
397000,4197000,CB5MH_MD,27.88714,1e+06,5.9,80.8,397000 4197000,8.5,Suitable,dodgerblue,YES,246.684287,2607.894087,0
397000,4197000,CB5MH_MD,80.38058,1e+06,0.75,79.8,397000 4197000,24.5,Unsuitable,black,YES,246.684287,2607.894087,0
397000,4197000,CB5MH_MD,31.16798,1e+06,5,80.9,397000 4197000,9.5,Suitable,dodgerblue,YES,246.684287,2607.894087,0
397000,4197000,CB5MH_MD,73.8189,1e+06,0.9,79.9,397000 4197000,22.5,Unsuitable,black,YES,246.684287,2607.894087,0
397000,4197000,CB5MH_MD,67.25722,1e+06,0.9,80.1,397000 4197000,20.5,Unsuitable,black,YES,246.684287,2607.894087,0
397000,4197000,CB5MH_MD,41.0105,1e+06,1.56,80.6,397000 4197000,12.5,Unsuitable,black,YES,246.684287,2607.894087,0
397000,4197000,CB5MH_MD,83.66142,1e+06,0.76,79.8,397000 4197000,25.5,Unsuitable,black,YES,246.684287,2607.894087,0
397000,4197000,CB5MH_MD,54.13386,1e+06,1.18,80.3,397000 4197000,16.5,Unsuitable,black,YES,246.684287,2607.894087,0
397000,4197000,CB5MH_MD,18.04462,1e+06,7,80.8,397000 4197000,5.5,Suitable,dodgerblue,YES,246.684287,2607.894087,0
397000,4197000,CB5MH_MD,21.32546,1e+06,6.95,80.8,397000 4197000,6.5,Suitable,dodgerblue,YES,246.684287,2607.894087,0
397000,4197000,CB5MH_MD,4.92126,1e+06,7.1,80.6,397000 4197000,1.5,Suitable,dodgerblue,YES,246.684287,2607.894087,0
397000,4197000,CB5MH_MD,63.97638,1e+06,0.9,80.1,397000 4197000,19.5,Unsuitable,black,YES,246.684287,2607.894087,0
397000,4197000,CB5MH_MD,57.4147,1e+06,1.05,80.2,397000 4197000,17.5,Unsuitable,black,YES,246.684287,2607.894087,0
397000,4197000,CB5MH_MD,50.85302,1e+06,1.33,80.5,397000 4197000,15.5,Unsuitable,black,YES,246.684287,2607.894087,0
397000,4197000,CB5MH_MD,47.57218,1e+06,1.4,80.6,397000 4197000,14.5,Unsuitable,black,YES,246.684287,2607.894087,0
397000,4197000,CB5MH_MD,60.69554,1e+06,0.95,80.1,397000 4197000,18.5,Unsuitable,black,YES,246.684287,2607.894087,0
397000,4198000,CB5MH_MD,63.97638,1e+06,0.9,80.1,397000 4198000,19.5,Unsuitable,black,YES,246.684287,2608.515458,0.621370999999726
397000,4198000,CB5MH_MD,57.4147,1e+06,1.06,80.21,397000 4198000,17.5,Unsuitable,black,YES,246.684287,2608.515458,0.621370999999726
397000,4198000,CB5MH_MD,77.09974,1e+06,0.9,79.9,397000 4198000,23.5,Unsuitable,black,YES,246.684287,2608.515458,0.621370999999726
397000,4198000,CB5MH_MD,8.2021,1e+06,7.1,80.6,397000 4198000,2.5,Suitable,dodgerblue,YES,246.684287,2608.515458,0.621370999999726
397000,4198000,CB5MH_MD,11.48294,1e+06,7.05,80.6,397000 4198000,3.5,Suitable,dodgerblue,YES,246.684287,2608.515458,0.621370999999726
397000,4198000,CB5MH_MD,31.16798,1e+06,5.01,80.9,397000 4198000,9.5,Suitable,dodgerblue,YES,246.684287,2608.515458,0.621370999999726
397000,4198000,CB5MH_MD,41.0105,1e+06,1.59,80.61,397000 4198000,12.5,Unsuitable,black,YES,246.684287,2608.515458,0.621370999999726
397000,4198000,CB5MH_MD,60.69554,1e+06,0.96,80.1,397000 4198000,18.5,Unsuitable,black,YES,246.684287,2608.515458,0.621370999999726
397000,4198000,CB5MH_MD,44.29134,1e+06,1.43,80.61,397000 4198000,13.5,Unsuitable,black,YES,246.684287,2608.515458,0.621370999999726
397000,4198000,CB5MH_MD,14.76378,1e+06,6.99,80.7,397000 4198000,4.5,Suitable,dodgerblue,YES,246.684287,2608.515458,0.621370999999726
397000,4198000,CB5MH_MD,54.13386,1e+06,1.19,80.31,397000 4198000,16.5,Unsuitable,black,YES,246.684287,2608.515458,0.621370999999726
397000,4198000,CB5MH_MD,1.64042,1e+06,7.1,80.6,397000 4198000,0.5,Suitable,dodgerblue,YES,246.684287,2608.515458,0.621370999999726
397000,4198000,CB5MH_MD,73.8189,1e+06,0.9,79.9,397000 4198000,22.5,Unsuitable,black,YES,246.684287,2608.515458,0.621370999999726
397000,4198000,CB5MH_MD,47.57218,1e+06,1.43,80.6,397000 4198000,14.5,Unsuitable,black,YES,246.684287,2608.515458,0.621370999999726
397000,4198000,CB5MH_MD,70.53806,1e+06,0.9,80,397000 4198000,21.5,Unsuitable,black,YES,246.684287,2608.515458,0.621370999999726
397000,4198000,CB5MH_MD,34.44882,1e+06,4.07,81,397000 4198000,10.5,Suitable,dodgerblue,YES,246.684287,2608.515458,0.621370999999726
397000,4198000,CB5MH_MD,4.92126,1e+06,7.1,80.6,397000 4198000,1.5,Suitable,dodgerblue,YES,246.684287,2608.515458,0.621370999999726
397000,4198000,CB5MH_MD,18.04462,1e+06,6.99,80.8,397000 4198000,5.5,Suitable,dodgerblue,YES,246.684287,2608.515458,0.621370999999726
397000,4198000,CB5MH_MD,24.6063,1e+06,6.64,80.8,397000 4198000,7.5,Suitable,dodgerblue,YES,246.684287,2608.515458,0.621370999999726
397000,4198000,CB5MH_MD,50.85302,1e+06,1.35,80.5,397000 4198000,15.5,Unsuitable,black,YES,246.684287,2608.515458,0.621370999999726
397000,4198000,CB5MH_MD,67.25722,1e+06,0.9,80.1,397000 4198000,20.5,Unsuitable,black,YES,246.684287,2608.515458,0.621370999999726
397000,4198000,CB5MH_MD,27.88714,1e+06,5.9,80.8,397000 4198000,8.5,Suitable,dodgerblue,YES,246.684287,2608.515458,0.621370999999726
397000,4198000,CB5MH_MD,37.72966,1e+06,2.64,80.81,397000 4198000,11.5,Marginal,orange,YES,246.684287,2608.515458,0.621370999999726
397000,4198000,CB5MH_MD,21.32546,1e+06,6.94,80.8,397000 4198000,6.5,Suitable,dodgerblue,YES,246.684287,2608.515458,0.621370999999726
397000,4202000,CB5MH_MD,34.44882,1e+06,4.26,81.05,397000 4202000,10.5,Suitable,dodgerblue,YES,246.684287,2611.000942,3.106855
397000,4202000,CB5MH_MD,57.4147,1e+06,1.04,80.26,397000 4202000,17.5,Unsuitable,black,YES,246.684287,2611.000942,3.106855
397000,4202000,CB5MH_MD,31.16798,1e+06,5.1,80.95,397000 4202000,9.5,Suitable,dodgerblue,YES,246.684287,2611.000942,3.106855
397000,4202000,CB5MH_MD,21.32546,1e+06,6.88,80.85,397000 4202000,6.5,Suitable,dodgerblue,YES,246.684287,2611.000942,3.106855
397000,4202000,CB5MH_MD,18.04462,1e+06,6.97,80.85,397000 4202000,5.5,Suitable,dodgerblue,YES,246.684287,2611.000942,3.106855
397000,4202000,CB5MH_MD,14.76378,1e+06,6.98,80.76,397000 4202000,4.5,Suitable,dodgerblue,YES,246.684287,2611.000942,3.106855
397000,4202000,CB5MH_MD,63.97638,1e+06,0.9,80.12,397000 4202000,19.5,Unsuitable,black,YES,246.684287,2611.000942,3.106855
397000,4202000,CB5MH_MD,37.72966,1e+06,2.94,80.91,397000 4202000,11.5,Marginal,orange,YES,246.684287,2611.000942,3.106855
397000,4202000,CB5MH_MD,41.0105,1e+06,1.84,80.73,397000 4202000,12.5,Unsuitable,black,YES,246.684287,2611.000942,3.106855
397000,4202000,CB5MH_MD,60.69554,1e+06,0.95,80.14,397000 4202000,18.5,Unsuitable,black,YES,246.684287,2611.000942,3.106855
397000,4202000,CB5MH_MD,4.92126,1e+06,7.08,80.63,397000 4202000,1.5,Suitable,dodgerblue,YES,246.684287,2611.000942,3.106855
397000,4202000,CB5MH_MD,73.8189,1e+06,0.88,79.91,397000 4202000,22.5,Unsuitable,black,YES,246.684287,2611.000942,3.106855
397000,4202000,CB5MH_MD,27.88714,1e+06,5.88,80.86,397000 4202000,8.5,Suitable,dodgerblue,YES,246.684287,2611.000942,3.106855
397000,4202000,CB5MH_MD,70.53806,1e+06,0.88,80.01,397000 4202000,21.5,Unsuitable,black,YES,246.684287,2611.000942,3.106855
397000,4202000,CB5MH_MD,67.25722,1e+06,0.89,80.11,397000 4202000,20.5,Unsuitable,black,YES,246.684287,2611.000942,3.106855
397000,4202000,CB5MH_MD,11.48294,1e+06,7,80.63,397000 4202000,3.5,Suitable,dodgerblue,YES,246.684287,2611.000942,3.106855
397000,4202000,CB5MH_MD,83.66142,1e+06,0.74,79.76,397000 4202000,25.5,Unsuitable,black,YES,246.684287,2611.000942,3.106855
397000,4202000,CB5MH_MD,24.6063,1e+06,6.54,80.84,397000 4202000,7.5,Suitable,dodgerblue,YES,246.684287,2611.000942,3.106855
397000,4202000,CB5MH_MD,50.85302,1e+06,1.4,80.56,397000 4202000,15.5,Unsuitable,black,YES,246.684287,2611.000942,3.106855
397000,4202000,CB5MH_MD,80.38058,1e+06,0.73,79.76,397000 4202000,24.5,Unsuitable,black,YES,246.684287,2611.000942,3.106855
397000,4202000,CB5MH_MD,86.94226,1e+06,0.76,79.66,397000 4202000,26.5,Unsuitable,black,YES,246.684287,2611.000942,3.106855
397000,4202000,CB5MH_MD,1.64042,1e+06,7.1,80.64,397000 4202000,0.5,Suitable,dodgerblue,YES,246.684287,2611.000942,3.106855
397000,4202000,CB5MH_MD,90.2231,1e+06,0.8,79.61,397000 4202000,27.5,Unsuitable,black,YES,246.684287,2611.000942,3.106855
397000,4202000,CB5MH_MD,8.2021,1e+06,7.05,80.62,397000 4202000,2.5,Suitable,dodgerblue,YES,246.684287,2611.000942,3.106855
397000,4202000,CB5MH_MD,54.13386,1e+06,1.22,80.37,397000 4202000,16.5,Unsuitable,black,YES,246.684287,2611.000942,3.106855
397000,4202000,CB5MH_MD,47.57218,1e+06,1.52,80.67,397000 4202000,14.5,Unsuitable,black,YES,246.684287,2611.000942,3.106855
397000,4202000,CB5MH_MD,77.09974,1e+06,0.88,79.89,397000 4202000,23.5,Unsuitable,black,YES,246.684287,2611.000942,3.106855
397000,4202000,CB5MH_MD,44.29134,1e+06,1.56,80.7,397000 4202000,13.5,Unsuitable,black,YES,246.684287,2611.000942,3.106855
397000,4203000,CB5MH_MD,4.92126,1e+06,7.15,80.71,397000 4203000,1.5,Suitable,dodgerblue,YES,246.684287,2611.622313,3.72822599999972
397000,4203000,CB5MH_MD,27.88714,1e+06,5.86,80.88,397000 4203000,8.5,Suitable,dodgerblue,YES,246.684287,2611.622313,3.72822599999972
397000,4203000,CB5MH_MD,11.48294,1e+06,7.04,80.7,397000 4203000,3.5,Suitable,dodgerblue,YES,246.684287,2611.622313,3.72822599999972
397000,4203000,CB5MH_MD,31.16798,1e+06,5.12,80.96,397000 4203000,9.5,Suitable,dodgerblue,YES,246.684287,2611.622313,3.72822599999972
397000,4203000,CB5MH_MD,1.64042,1e+06,7.17,80.72,397000 4203000,0.5,Suitable,dodgerblue,YES,246.684287,2611.622313,3.72822599999972
397000,4203000,CB5MH_MD,8.2021,1e+06,7.1,80.7,397000 4203000,2.5,Suitable,dodgerblue,YES,246.684287,2611.622313,3.72822599999972
397000,4203000,CB5MH_MD,34.44882,1e+06,4.3,81.07,397000 4203000,10.5,Suitable,dodgerblue,YES,246.684287,2611.622313,3.72822599999972
397000,4203000,CB5MH_MD,18.04462,1e+06,6.97,80.87,397000 4203000,5.5,Suitable,dodgerblue,YES,246.684287,2611.622313,3.72822599999972
397000,4203000,CB5MH_MD,21.32546,1e+06,6.86,80.87,397000 4203000,6.5,Suitable,dodgerblue,YES,246.684287,2611.622313,3.72822599999972
397000,4203000,CB5MH_MD,24.6063,1e+06,6.5,80.86,397000 4203000,7.5,Suitable,dodgerblue,YES,246.684287,2611.622313,3.72822599999972
397000,4203000,CB5MH_MD,41.0105,1e+06,1.9,80.77,397000 4203000,12.5,Unsuitable,black,YES,246.684287,2611.622313,3.72822599999972
397000,4203000,CB5MH_MD,14.76378,1e+06,6.99,80.78,397000 4203000,4.5,Suitable,dodgerblue,YES,246.684287,2611.622313,3.72822599999972
397000,4203000,CB5MH_MD,37.72966,1e+06,3.02,80.95,397000 4203000,11.5,Tolerable,yellow,YES,246.684287,2611.622313,3.72822599999972
397000,4353000,CB2OH,21.32546,1e+06,2.4,79.94,397000 4353000,6.5,Marginal,orange,YES,246.684287,2704.827963,96.9338760000001
397000,4353000,CB2OH,24.6063,1e+06,1.77,79.95,397000 4353000,7.5,Unsuitable,black,YES,246.684287,2704.827963,96.9338760000001
397000,4353000,CB2OH,14.76378,1e+06,4.09,79.56,397000 4353000,4.5,Suitable,dodgerblue,YES,246.684287,2704.827963,96.9338760000001
397000,4353000,CB2OH,11.48294,1e+06,4.8,79.42,397000 4353000,3.5,Suitable,dodgerblue,YES,246.684287,2704.827963,96.9338760000001
397000,4353000,CB2OH,18.04462,1e+06,3.2,79.75,397000 4353000,5.5,Tolerable,yellow,YES,246.684287,2704.827963,96.9338760000001
397000,4353000,CB2OH,1.64042,1e+06,6.37,79.54,397000 4353000,0.5,Suitable,dodgerblue,YES,246.684287,2704.827963,96.9338760000001
397000,4353000,CB2OH,4.92126,1e+06,6.17,79.53,397000 4353000,1.5,Suitable,dodgerblue,YES,246.684287,2704.827963,96.9338760000001
397000,4353000,CB2OH,27.88714,1e+06,1.54,79.85,397000 4353000,8.5,Unsuitable,black,YES,246.684287,2704.827963,96.9338760000001
397000,4353000,CB2OH,8.2021,1e+06,5.53,79.5,397000 4353000,2.5,Suitable,dodgerblue,YES,246.684287,2704.827963,96.9338760000001
398000,4200000,CB5MH_MD,14.76378,1e+06,6.99,80.72,398000 4200000,4.5,Suitable,dodgerblue,YES,247.305658,2609.7582,1.86411300000009
398000,4200000,CB5MH_MD,37.72966,1e+06,2.77,80.85,398000 4200000,11.5,Marginal,orange,YES,247.305658,2609.7582,1.86411300000009
398000,4200000,CB5MH_MD,4.92126,1e+06,7.09,80.61,398000 4200000,1.5,Suitable,dodgerblue,YES,247.305658,2609.7582,1.86411300000009
398000,4200000,CB5MH_MD,8.2021,1e+06,7.08,80.61,398000 4200000,2.5,Suitable,dodgerblue,YES,247.305658,2609.7582,1.86411300000009
398000,4200000,CB5MH_MD,47.57218,1e+06,1.49,80.63,398000 4200000,14.5,Unsuitable,black,YES,247.305658,2609.7582,1.86411300000009
398000,4200000,CB5MH_MD,77.09974,1e+06,0.89,79.89,398000 4200000,23.5,Unsuitable,black,YES,247.305658,2609.7582,1.86411300000009
398000,4200000,CB5MH_MD,18.04462,1e+06,6.98,80.82,398000 4200000,5.5,Suitable,dodgerblue,YES,247.305658,2609.7582,1.86411300000009
398000,4200000,CB5MH_MD,1.64042,1e+06,7.11,80.62,398000 4200000,0.5,Suitable,dodgerblue,YES,247.305658,2609.7582,1.86411300000009
398000,4200000,CB5MH_MD,31.16798,1e+06,5.05,80.92,398000 4200000,9.5,Suitable,dodgerblue,YES,247.305658,2609.7582,1.86411300000009
398000,4200000,CB5MH_MD,50.85302,1e+06,1.39,80.53,398000 4200000,15.5,Unsuitable,black,YES,247.305658,2609.7582,1.86411300000009
398000,4200000,CB5MH_MD,11.48294,1e+06,7.03,80.61,398000 4200000,3.5,Suitable,dodgerblue,YES,247.305658,2609.7582,1.86411300000009
398000,4200000,CB5MH_MD,70.53806,1e+06,0.89,80,398000 4200000,21.5,Unsuitable,black,YES,247.305658,2609.7582,1.86411300000009
398000,4200000,CB5MH_MD,67.25722,1e+06,0.9,80.1,398000 4200000,20.5,Unsuitable,black,YES,247.305658,2609.7582,1.86411300000009
398000,4200000,CB5MH_MD,41.0105,1e+06,1.71,80.66,398000 4200000,12.5,Unsuitable,black,YES,247.305658,2609.7582,1.86411300000009
398000,4200000,CB5MH_MD,54.13386,1e+06,1.22,80.33,398000 4200000,16.5,Unsuitable,black,YES,247.305658,2609.7582,1.86411300000009
398000,4200000,CB5MH_MD,63.97638,1e+06,0.9,80.11,398000 4200000,19.5,Unsuitable,black,YES,247.305658,2609.7582,1.86411300000009
398000,4200000,CB5MH_MD,44.29134,1e+06,1.51,80.65,398000 4200000,13.5,Unsuitable,black,YES,247.305658,2609.7582,1.86411300000009
398000,4200000,CB5MH_MD,27.88714,1e+06,5.9,80.82,398000 4200000,8.5,Suitable,dodgerblue,YES,247.305658,2609.7582,1.86411300000009
398000,4200000,CB5MH_MD,73.8189,1e+06,0.89,79.9,398000 4200000,22.5,Unsuitable,black,YES,247.305658,2609.7582,1.86411300000009
398000,4200000,CB5MH_MD,21.32546,1e+06,6.91,80.82,398000 4200000,6.5,Suitable,dodgerblue,YES,247.305658,2609.7582,1.86411300000009
398000,4200000,CB5MH_MD,24.6063,1e+06,6.6,80.82,398000 4200000,7.5,Suitable,dodgerblue,YES,247.305658,2609.7582,1.86411300000009
398000,4200000,CB5MH_MD,34.44882,1e+06,4.15,81.02,398000 4200000,10.5,Suitable,dodgerblue,YES,247.305658,2609.7582,1.86411300000009
398000,4200000,CB5MH_MD,60.69554,1e+06,0.98,80.12,398000 4200000,18.5,Unsuitable,black,YES,247.305658,2609.7582,1.86411300000009
398000,4200000,CB5MH_MD,57.4147,1e+06,1.06,80.23,398000 4200000,17.5,Unsuitable,black,YES,247.305658,2609.7582,1.86411300000009
398000,4201000,CB5MH_MD,21.32546,1e+06,6.9,80.83,398000 4201000,6.5,Suitable,dodgerblue,YES,247.305658,2610.379571,2.48548399999982
398000,4201000,CB5MH_MD,57.4147,1e+06,1.05,80.24,398000 4201000,17.5,Unsuitable,black,YES,247.305658,2610.379571,2.48548399999982
398000,4201000,CB5MH_MD,50.85302,1e+06,1.4,80.54,398000 4201000,15.5,Unsuitable,black,YES,247.305658,2610.379571,2.48548399999982
398000,4201000,CB5MH_MD,73.8189,1e+06,0.88,79.91,398000 4201000,22.5,Unsuitable,black,YES,247.305658,2610.379571,2.48548399999982
398000,4201000,CB5MH_MD,63.97638,1e+06,0.9,80.12,398000 4201000,19.5,Unsuitable,black,YES,247.305658,2610.379571,2.48548399999982
398000,4201000,CB5MH_MD,18.04462,1e+06,6.98,80.83,398000 4201000,5.5,Suitable,dodgerblue,YES,247.305658,2610.379571,2.48548399999982
398000,4201000,CB5MH_MD,67.25722,1e+06,0.89,80.11,398000 4201000,20.5,Unsuitable,black,YES,247.305658,2610.379571,2.48548399999982
398000,4201000,CB5MH_MD,60.69554,1e+06,0.95,80.13,398000 4201000,18.5,Unsuitable,black,YES,247.305658,2610.379571,2.48548399999982
398000,4201000,CB5MH_MD,70.53806,1e+06,0.89,80.01,398000 4201000,21.5,Unsuitable,black,YES,247.305658,2610.379571,2.48548399999982
398000,4201000,CB5MH_MD,37.72966,1e+06,2.85,80.88,398000 4201000,11.5,Marginal,orange,YES,247.305658,2610.379571,2.48548399999982
398000,4201000,CB5MH_MD,54.13386,1e+06,1.23,80.35,398000 4201000,16.5,Unsuitable,black,YES,247.305658,2610.379571,2.48548399999982
398000,4201000,CB5MH_MD,14.76378,1e+06,6.98,80.74,398000 4201000,4.5,Suitable,dodgerblue,YES,247.305658,2610.379571,2.48548399999982
398000,4201000,CB5MH_MD,47.57218,1e+06,1.52,80.65,398000 4201000,14.5,Unsuitable,black,YES,247.305658,2610.379571,2.48548399999982
398000,4201000,CB5MH_MD,44.29134,1e+06,1.55,80.67,398000 4201000,13.5,Unsuitable,black,YES,247.305658,2610.379571,2.48548399999982
398000,4201000,CB5MH_MD,80.38058,1e+06,0.73,79.76,398000 4201000,24.5,Unsuitable,black,YES,247.305658,2610.379571,2.48548399999982
398000,4201000,CB5MH_MD,34.44882,1e+06,4.2,81.04,398000 4201000,10.5,Suitable,dodgerblue,YES,247.305658,2610.379571,2.48548399999982
398000,4201000,CB5MH_MD,24.6063,1e+06,6.58,80.83,398000 4201000,7.5,Suitable,dodgerblue,YES,247.305658,2610.379571,2.48548399999982
398000,4201000,CB5MH_MD,77.09974,1e+06,0.88,79.89,398000 4201000,23.5,Unsuitable,black,YES,247.305658,2610.379571,2.48548399999982
398000,4201000,CB5MH_MD,31.16798,1e+06,5.08,80.93,398000 4201000,9.5,Suitable,dodgerblue,YES,247.305658,2610.379571,2.48548399999982
398000,4201000,CB5MH_MD,41.0105,1e+06,1.78,80.7,398000 4201000,12.5,Unsuitable,black,YES,247.305658,2610.379571,2.48548399999982
398000,4201000,CB5MH_MD,8.2021,1e+06,7.07,80.61,398000 4201000,2.5,Suitable,dodgerblue,YES,247.305658,2610.379571,2.48548399999982
398000,4201000,CB5MH_MD,4.92126,1e+06,7.09,80.62,398000 4201000,1.5,Suitable,dodgerblue,YES,247.305658,2610.379571,2.48548399999982
398000,4201000,CB5MH_MD,11.48294,1e+06,7.02,80.62,398000 4201000,3.5,Suitable,dodgerblue,YES,247.305658,2610.379571,2.48548399999982
398000,4201000,CB5MH_MD,1.64042,1e+06,7.11,80.62,398000 4201000,0.5,Suitable,dodgerblue,YES,247.305658,2610.379571,2.48548399999982
398000,4201000,CB5MH_MD,27.88714,1e+06,5.89,80.84,398000 4201000,8.5,Suitable,dodgerblue,YES,247.305658,2610.379571,2.48548399999982
398000,4355000,CB2OH,14.76378,1e+06,4.15,79.6,398000 4355000,4.5,Suitable,dodgerblue,YES,247.305658,2706.070705,98.176618
398000,4355000,CB2OH,1.64042,1e+06,6.49,79.26,398000 4355000,0.5,Suitable,dodgerblue,YES,247.305658,2706.070705,98.176618
398000,4355000,CB2OH,18.04462,1e+06,3.33,79.8,398000 4355000,5.5,Tolerable,yellow,YES,247.305658,2706.070705,98.176618
398000,4355000,CB2OH,24.6063,1e+06,1.93,79.99,398000 4355000,7.5,Unsuitable,black,YES,247.305658,2706.070705,98.176618
398000,4355000,CB2OH,4.92126,1e+06,6.24,79.26,398000 4355000,1.5,Suitable,dodgerblue,YES,247.305658,2706.070705,98.176618
398000,4355000,CB2OH,8.2021,1e+06,5.51,79.33,398000 4355000,2.5,Suitable,dodgerblue,YES,247.305658,2706.070705,98.176618
398000,4355000,CB2OH,27.88714,1e+06,1.73,79.89,398000 4355000,8.5,Unsuitable,black,YES,247.305658,2706.070705,98.176618
398000,4355000,CB2OH,34.44882,1e+06,0.1,79.4,398000 4355000,10.5,Unsuitable,black,YES,247.305658,2706.070705,98.176618
398000,4355000,CB2OH,21.32546,1e+06,2.54,79.99,398000 4355000,6.5,Marginal,orange,YES,247.305658,2706.070705,98.176618
398000,4355000,CB2OH,31.16798,1e+06,0.2,79.44,398000 4355000,9.5,Unsuitable,black,YES,247.305658,2706.070705,98.176618
398000,4355000,CB2OH,11.48294,1e+06,4.76,79.49,398000 4355000,3.5,Suitable,dodgerblue,YES,247.305658,2706.070705,98.176618
399000,4356000,CB2OH,27.88714,1e+06,1.75,79.9,399000 4356000,8.5,Unsuitable,black,YES,247.927029,2706.692076,98.7979890000002
399000,4356000,CB2OH,1.64042,1e+06,6.5,79.2,399000 4356000,0.5,Suitable,dodgerblue,YES,247.927029,2706.692076,98.7979890000002
399000,4356000,CB2OH,24.6063,1e+06,1.95,80,399000 4356000,7.5,Unsuitable,black,YES,247.927029,2706.692076,98.7979890000002
399000,4356000,CB2OH,4.92126,1e+06,6.25,79.2,399000 4356000,1.5,Suitable,dodgerblue,YES,247.927029,2706.692076,98.7979890000002
399000,4356000,CB2OH,21.32546,1e+06,2.55,80,399000 4356000,6.5,Marginal,orange,YES,247.927029,2706.692076,98.7979890000002
399000,4356000,CB2OH,18.04462,1e+06,3.35,79.8,399000 4356000,5.5,Tolerable,yellow,YES,247.927029,2706.692076,98.7979890000002
399000,4356000,CB2OH,11.48294,1e+06,4.75,79.5,399000 4356000,3.5,Suitable,dodgerblue,YES,247.927029,2706.692076,98.7979890000002
399000,4356000,CB2OH,14.76378,1e+06,4.15,79.6,399000 4356000,4.5,Suitable,dodgerblue,YES,247.927029,2706.692076,98.7979890000002
399000,4356000,CB2OH,31.16798,1e+06,0.2,79.43,399000 4356000,9.5,Unsuitable,black,YES,247.927029,2706.692076,98.7979890000002
399000,4356000,CB2OH,8.2021,1e+06,5.5,79.3,399000 4356000,2.5,Suitable,dodgerblue,YES,247.927029,2706.692076,98.7979890000002
399000,4357000,CB2OH,24.6063,1e+06,1.94,80,399000 4357000,7.5,Unsuitable,black,YES,247.927029,2707.313447,99.4193599999999
399000,4357000,CB2OH,11.48294,1e+06,4.76,79.5,399000 4357000,3.5,Suitable,dodgerblue,YES,247.927029,2707.313447,99.4193599999999
399000,4357000,CB2OH,27.88714,1e+06,1.74,79.9,399000 4357000,8.5,Unsuitable,black,YES,247.927029,2707.313447,99.4193599999999
399000,4357000,CB2OH,14.76378,1e+06,4.15,79.6,399000 4357000,4.5,Suitable,dodgerblue,YES,247.927029,2707.313447,99.4193599999999
399000,4357000,CB2OH,4.92126,1e+06,6.24,79.26,399000 4357000,1.5,Suitable,dodgerblue,YES,247.927029,2707.313447,99.4193599999999
399000,4357000,CB2OH,1.64042,1e+06,6.49,79.26,399000 4357000,0.5,Suitable,dodgerblue,YES,247.927029,2707.313447,99.4193599999999
399000,4357000,CB2OH,8.2021,1e+06,5.51,79.34,399000 4357000,2.5,Suitable,dodgerblue,YES,247.927029,2707.313447,99.4193599999999
399000,4357000,CB2OH,18.04462,1e+06,3.34,79.8,399000 4357000,5.5,Tolerable,yellow,YES,247.927029,2707.313447,99.4193599999999
399000,4357000,CB2OH,21.32546,1e+06,2.54,80,399000 4357000,6.5,Marginal,orange,YES,247.927029,2707.313447,99.4193599999999
402000,4358000,CB2OH,8.2021,1e+06,5.58,79.61,402000 4358000,2.5,Suitable,dodgerblue,YES,249.791142,2707.934818,100.040731
402000,4358000,CB2OH,18.04462,1e+06,3.31,79.78,402000 4358000,5.5,Tolerable,yellow,YES,249.791142,2707.934818,100.040731
402000,4358000,CB2OH,14.76378,1e+06,4.25,79.62,402000 4358000,4.5,Suitable,dodgerblue,YES,249.791142,2707.934818,100.040731
402000,4358000,CB2OH,1.64042,1e+06,6.42,79.53,402000 4358000,0.5,Suitable,dodgerblue,YES,249.791142,2707.934818,100.040731
402000,4358000,CB2OH,21.32546,1e+06,2.51,79.98,402000 4358000,6.5,Marginal,orange,YES,249.791142,2707.934818,100.040731
402000,4358000,CB2OH,24.6063,1e+06,1.89,79.98,402000 4358000,7.5,Unsuitable,black,YES,249.791142,2707.934818,100.040731
402000,4358000,CB2OH,11.48294,1e+06,4.84,79.52,402000 4358000,3.5,Suitable,dodgerblue,YES,249.791142,2707.934818,100.040731
402000,4358000,CB2OH,4.92126,1e+06,6.21,79.52,402000 4358000,1.5,Suitable,dodgerblue,YES,249.791142,2707.934818,100.040731
402000,4358000,CB2OH,27.88714,1e+06,1.67,79.88,402000 4358000,8.5,Unsuitable,black,YES,249.791142,2707.934818,100.040731
403000,4358000,CB2OH,1.64042,1e+06,6.4,79.62,403000 4358000,0.5,Suitable,dodgerblue,YES,250.412513,2707.934818,100.040731
403000,4358000,CB2OH,18.04462,1e+06,3.3,79.77,403000 4358000,5.5,Tolerable,yellow,YES,250.412513,2707.934818,100.040731
403000,4358000,CB2OH,21.32546,1e+06,2.5,79.97,403000 4358000,6.5,Marginal,orange,YES,250.412513,2707.934818,100.040731
403000,4358000,CB2OH,8.2021,1e+06,5.62,79.69,403000 4358000,2.5,Suitable,dodgerblue,YES,250.412513,2707.934818,100.040731
403000,4358000,CB2OH,24.6063,1e+06,1.87,79.98,403000 4358000,7.5,Unsuitable,black,YES,250.412513,2707.934818,100.040731
403000,4358000,CB2OH,14.76378,1e+06,4.31,79.64,403000 4358000,4.5,Suitable,dodgerblue,YES,250.412513,2707.934818,100.040731
403000,4358000,CB2OH,4.92126,1e+06,6.21,79.61,403000 4358000,1.5,Suitable,dodgerblue,YES,250.412513,2707.934818,100.040731
403000,4358000,CB2OH,27.88714,1e+06,1.65,79.88,403000 4358000,8.5,Unsuitable,black,YES,250.412513,2707.934818,100.040731
403000,4358000,CB2OH,11.48294,1e+06,4.89,79.54,403000 4358000,3.5,Suitable,dodgerblue,YES,250.412513,2707.934818,100.040731
403000,4359000,CB2OH,14.76378,1e+06,4.36,79.66,403000 4359000,4.5,Suitable,dodgerblue,YES,250.412513,2708.556189,100.662102
403000,4359000,CB2OH,24.6063,1e+06,1.86,79.97,403000 4359000,7.5,Unsuitable,black,YES,250.412513,2708.556189,100.662102
403000,4359000,CB2OH,4.92126,1e+06,6.21,79.71,403000 4359000,1.5,Suitable,dodgerblue,YES,250.412513,2708.556189,100.662102
403000,4359000,CB2OH,18.04462,1e+06,3.29,79.77,403000 4359000,5.5,Tolerable,yellow,YES,250.412513,2708.556189,100.662102
403000,4359000,CB2OH,8.2021,1e+06,5.65,79.8,403000 4359000,2.5,Suitable,dodgerblue,YES,250.412513,2708.556189,100.662102
403000,4359000,CB2OH,21.32546,1e+06,2.49,79.97,403000 4359000,6.5,Marginal,orange,YES,250.412513,2708.556189,100.662102
403000,4359000,CB2OH,11.48294,1e+06,4.93,79.56,403000 4359000,3.5,Suitable,dodgerblue,YES,250.412513,2708.556189,100.662102
403000,4359000,CB2OH,1.64042,1e+06,6.39,79.73,403000 4359000,0.5,Suitable,dodgerblue,YES,250.412513,2708.556189,100.662102
406000,4360000,CB2OH,8.2021,1e+06,5.84,80,406000 4360000,2.5,Suitable,dodgerblue,YES,252.276626,2709.17756,101.283473
406000,4360000,CB2OH,11.48294,1e+06,5.23,79.76,406000 4360000,3.5,Suitable,dodgerblue,YES,252.276626,2709.17756,101.283473
406000,4360000,CB2OH,21.32546,1e+06,2.44,79.94,406000 4360000,6.5,Marginal,orange,YES,252.276626,2709.17756,101.283473
406000,4360000,CB2OH,4.92126,1e+06,6.27,79.92,406000 4360000,1.5,Suitable,dodgerblue,YES,252.276626,2709.17756,101.283473
406000,4360000,CB2OH,1.64042,1e+06,6.4,79.93,406000 4360000,0.5,Suitable,dodgerblue,YES,252.276626,2709.17756,101.283473
406000,4360000,CB2OH,27.88714,1e+06,1.55,79.85,406000 4360000,8.5,Unsuitable,black,YES,252.276626,2709.17756,101.283473
406000,4360000,CB2OH,18.04462,1e+06,3.25,79.74,406000 4360000,5.5,Tolerable,yellow,YES,252.276626,2709.17756,101.283473
406000,4360000,CB2OH,24.6063,1e+06,1.79,79.95,406000 4360000,7.5,Unsuitable,black,YES,252.276626,2709.17756,101.283473
406000,4360000,CB2OH,14.76378,1e+06,4.76,79.83,406000 4360000,4.5,Suitable,dodgerblue,YES,252.276626,2709.17756,101.283473
407500,4359500,SASOH,14.76378,62500,5.6,83.7,407500 4359500,4.5,Tolerable,yellow,YES,253.2086825,2708.8668745,100.9727875
407500,4359500,SASOH,18.04462,62500,5.55,83.6,407500 4359500,5.5,Tolerable,yellow,YES,253.2086825,2708.8668745,100.9727875
407500,4359500,SASOH,11.48294,62500,5.65,83.8,407500 4359500,3.5,Tolerable,yellow,YES,253.2086825,2708.8668745,100.9727875
407500,4359500,SASOH,8.2021,62500,5.7,83.8,407500 4359500,2.5,Tolerable,yellow,YES,253.2086825,2708.8668745,100.9727875
407500,4359500,SASOH,1.64042,62500,5.8,83.9,407500 4359500,0.5,Tolerable,yellow,YES,253.2086825,2708.8668745,100.9727875
407500,4359500,SASOH,4.92126,62500,5.7,83.8,407500 4359500,1.5,Tolerable,yellow,YES,253.2086825,2708.8668745,100.9727875
407750,4359500,SASOH,8.2021,62500,5.7,83.8,407750 4359500,2.5,Tolerable,yellow,YES,253.36402525,2708.8668745,100.9727875
407750,4359500,SASOH,11.48294,62500,5.65,83.8,407750 4359500,3.5,Tolerable,yellow,YES,253.36402525,2708.8668745,100.9727875
407750,4359500,SASOH,4.92126,62500,5.7,83.8,407750 4359500,1.5,Tolerable,yellow,YES,253.36402525,2708.8668745,100.9727875
407750,4359500,SASOH,1.64042,62500,5.8,83.9,407750 4359500,0.5,Tolerable,yellow,YES,253.36402525,2708.8668745,100.9727875
407750,4359500,SASOH,14.76378,62500,5.6,83.7,407750 4359500,4.5,Tolerable,yellow,YES,253.36402525,2708.8668745,100.9727875
407750,4359500,SASOH,18.04462,62500,5.55,83.6,407750 4359500,5.5,Tolerable,yellow,YES,253.36402525,2708.8668745,100.9727875
408000,4359500,SASOH,1.64042,62500,5.8,83.9,408000 4359500,0.5,Tolerable,yellow,YES,253.519368,2708.8668745,100.9727875
408000,4359500,SASOH,4.92126,62500,5.7,83.8,408000 4359500,1.5,Tolerable,yellow,YES,253.519368,2708.8668745,100.9727875
408000,4359500,SASOH,8.2021,62500,5.7,83.8,408000 4359500,2.5,Tolerable,yellow,YES,253.519368,2708.8668745,100.9727875
408000,4359500,SASOH,11.48294,62500,5.65,83.8,408000 4359500,3.5,Tolerable,yellow,YES,253.519368,2708.8668745,100.9727875
408000,4359500,SASOH,14.76378,62500,5.6,83.7,408000 4359500,4.5,Tolerable,yellow,YES,253.519368,2708.8668745,100.9727875
408000,4359500,SASOH,18.04462,62500,5.55,83.6,408000 4359500,5.5,Tolerable,yellow,YES,253.519368,2708.8668745,100.9727875
408000,4361000,CB2OH,8.2021,1e+06,6,80.05,408000 4361000,2.5,Suitable,dodgerblue,YES,253.519368,2709.798931,101.904844
408000,4361000,CB2OH,11.48294,1e+06,5.46,79.94,408000 4361000,3.5,Suitable,dodgerblue,YES,253.519368,2709.798931,101.904844
408000,4361000,CB2OH,1.64042,1e+06,6.46,79.97,408000 4361000,0.5,Suitable,dodgerblue,YES,253.519368,2709.798931,101.904844
408000,4361000,CB2OH,4.92126,1e+06,6.36,79.96,408000 4361000,1.5,Suitable,dodgerblue,YES,253.519368,2709.798931,101.904844
408000,4361000,CB2OH,14.76378,1e+06,5.1,79.98,408000 4361000,4.5,Suitable,dodgerblue,YES,253.519368,2709.798931,101.904844
408000,4361000,CB2OH,18.04462,1e+06,3.23,79.72,408000 4361000,5.5,Tolerable,yellow,YES,253.519368,2709.798931,101.904844
408250,4359750,SASOH,18.04462,62500,5.55,83.6,408250 4359750,5.5,Tolerable,yellow,YES,253.67471075,2709.02221725,101.12813025
408250,4359750,SASOH,14.76378,62500,5.6,83.7,408250 4359750,4.5,Tolerable,yellow,YES,253.67471075,2709.02221725,101.12813025
408250,4359750,SASOH,1.64042,62500,5.8,83.9,408250 4359750,0.5,Tolerable,yellow,YES,253.67471075,2709.02221725,101.12813025
408250,4359750,SASOH,4.92126,62500,5.7,83.8,408250 4359750,1.5,Tolerable,yellow,YES,253.67471075,2709.02221725,101.12813025
408250,4359750,SASOH,8.2021,62500,5.7,83.8,408250 4359750,2.5,Tolerable,yellow,YES,253.67471075,2709.02221725,101.12813025
408250,4359750,SASOH,11.48294,62500,5.65,83.8,408250 4359750,3.5,Tolerable,yellow,YES,253.67471075,2709.02221725,101.12813025
409000,4361000,CB2OH,4.92126,1e+06,6.4,79.96,409000 4361000,1.5,Suitable,dodgerblue,YES,254.140739,2709.798931,101.904844
409000,4361000,CB2OH,11.48294,1e+06,5.52,79.99,409000 4361000,3.5,Suitable,dodgerblue,YES,254.140739,2709.798931,101.904844
409000,4361000,CB2OH,18.04462,1e+06,3.22,79.72,409000 4361000,5.5,Tolerable,yellow,YES,254.140739,2709.798931,101.904844
409000,4361000,CB2OH,1.64042,1e+06,6.48,79.96,409000 4361000,0.5,Suitable,dodgerblue,YES,254.140739,2709.798931,101.904844
409000,4361000,CB2OH,8.2021,1e+06,6.04,80.04,409000 4361000,2.5,Suitable,dodgerblue,YES,254.140739,2709.798931,101.904844
409000,4361000,CB2OH,14.76378,1e+06,5.19,80.03,409000 4361000,4.5,Suitable,dodgerblue,YES,254.140739,2709.798931,101.904844
410000,4360250,SASOH,11.48294,62500,5.65,83.8,410000 4360250,3.5,Tolerable,yellow,YES,254.76211,2709.33290275,101.43881575
410000,4360250,SASOH,8.2021,62500,5.7,83.8,410000 4360250,2.5,Tolerable,yellow,YES,254.76211,2709.33290275,101.43881575
410000,4360250,SASOH,1.64042,62500,5.8,83.9,410000 4360250,0.5,Tolerable,yellow,YES,254.76211,2709.33290275,101.43881575
410000,4360250,SASOH,4.92126,62500,5.7,83.8,410000 4360250,1.5,Tolerable,yellow,YES,254.76211,2709.33290275,101.43881575
410000,4362000,CB2OH,21.32546,1e+06,2.39,79.91,410000 4362000,6.5,Marginal,orange,YES,254.76211,2710.420302,102.526215
410000,4362000,CB2OH,18.04462,1e+06,3.21,79.71,410000 4362000,5.5,Tolerable,yellow,YES,254.76211,2710.420302,102.526215
410000,4362000,CB2OH,1.64042,1e+06,6.53,79.95,410000 4362000,0.5,Suitable,dodgerblue,YES,254.76211,2710.420302,102.526215
410000,4362000,CB2OH,4.92126,1e+06,6.46,79.95,410000 4362000,1.5,Suitable,dodgerblue,YES,254.76211,2710.420302,102.526215
410000,4362000,CB2OH,11.48294,1e+06,5.62,80.08,410000 4362000,3.5,Suitable,dodgerblue,YES,254.76211,2710.420302,102.526215
410000,4362000,CB2OH,31.16798,1e+06,0.2,79.5,410000 4362000,9.5,Unsuitable,black,YES,254.76211,2710.420302,102.526215
410000,4362000,CB2OH,8.2021,1e+06,6.13,80.04,410000 4362000,2.5,Suitable,dodgerblue,YES,254.76211,2710.420302,102.526215
410000,4362000,CB2OH,27.88714,1e+06,1.45,79.83,410000 4362000,8.5,Unsuitable,black,YES,254.76211,2710.420302,102.526215
410000,4362000,CB2OH,24.6063,1e+06,1.72,79.93,410000 4362000,7.5,Unsuitable,black,YES,254.76211,2710.420302,102.526215
410000,4362000,CB2OH,34.44882,1e+06,0.1,79.4,410000 4362000,10.5,Unsuitable,black,YES,254.76211,2710.420302,102.526215
410000,4362000,CB2OH,14.76378,1e+06,5.35,80.1,410000 4362000,4.5,Suitable,dodgerblue,YES,254.76211,2710.420302,102.526215
411000,4363000,CB1TF,1.64042,1e+06,6.64,80.08,411000 4363000,0.5,Suitable,dodgerblue,YES,255.383481,2711.041673,103.147586
411000,4363000,CB1TF,11.48294,1e+06,5.76,80.26,411000 4363000,3.5,Suitable,dodgerblue,YES,255.383481,2711.041673,103.147586
411000,4363000,CB1TF,18.04462,1e+06,3.35,79.8,411000 4363000,5.5,Tolerable,yellow,YES,255.383481,2711.041673,103.147586
411000,4363000,CB1TF,8.2021,1e+06,6.25,80.08,411000 4363000,2.5,Suitable,dodgerblue,YES,255.383481,2711.041673,103.147586
411000,4363000,CB1TF,4.92126,1e+06,6.57,79.99,411000 4363000,1.5,Suitable,dodgerblue,YES,255.383481,2711.041673,103.147586
411000,4363000,CB1TF,24.6063,1e+06,1.95,80,411000 4363000,7.5,Unsuitable,black,YES,255.383481,2711.041673,103.147586
411000,4363000,CB1TF,21.32546,1e+06,2.55,80,411000 4363000,6.5,Marginal,orange,YES,255.383481,2711.041673,103.147586
411000,4363000,CB1TF,14.76378,1e+06,5.48,80.17,411000 4363000,4.5,Suitable,dodgerblue,YES,255.383481,2711.041673,103.147586
411000,4363000,CB1TF,27.88714,1e+06,1.75,79.9,411000 4363000,8.5,Unsuitable,black,YES,255.383481,2711.041673,103.147586
411000,4363000,CB1TF,31.16798,1e+06,1.7,79.9,411000 4363000,9.5,Unsuitable,black,YES,255.383481,2711.041673,103.147586
412000,4364000,CB1TF,21.32546,1e+06,2.55,80,412000 4364000,6.5,Marginal,orange,YES,256.004852,2711.663044,103.768957
412000,4364000,CB1TF,4.92126,1e+06,6.56,79.95,412000 4364000,1.5,Suitable,dodgerblue,YES,256.004852,2711.663044,103.768957
412000,4364000,CB1TF,31.16798,1e+06,1.7,79.9,412000 4364000,9.5,Unsuitable,black,YES,256.004852,2711.663044,103.768957
412000,4364000,CB1TF,18.04462,1e+06,3.35,79.8,412000 4364000,5.5,Tolerable,yellow,YES,256.004852,2711.663044,103.768957
412000,4364000,CB1TF,27.88714,1e+06,1.75,79.9,412000 4364000,8.5,Unsuitable,black,YES,256.004852,2711.663044,103.768957
412000,4364000,CB1TF,1.64042,1e+06,6.62,80,412000 4364000,0.5,Suitable,dodgerblue,YES,256.004852,2711.663044,103.768957
412000,4364000,CB1TF,24.6063,1e+06,1.95,80,412000 4364000,7.5,Unsuitable,black,YES,256.004852,2711.663044,103.768957
412000,4364000,CB1TF,8.2021,1e+06,6.26,80.04,412000 4364000,2.5,Suitable,dodgerblue,YES,256.004852,2711.663044,103.768957
412000,4364000,CB1TF,14.76378,1e+06,5.52,80.19,412000 4364000,4.5,Suitable,dodgerblue,YES,256.004852,2711.663044,103.768957
412000,4364000,CB1TF,11.48294,1e+06,5.76,80.24,412000 4364000,3.5,Suitable,dodgerblue,YES,256.004852,2711.663044,103.768957
413000,4365000,CB1TF,8.2021,1e+06,6.26,80.03,413000 4365000,2.5,Suitable,dodgerblue,YES,256.626223,2712.284415,104.390328
413000,4365000,CB1TF,14.76378,1e+06,5.54,80.19,413000 4365000,4.5,Suitable,dodgerblue,YES,256.626223,2712.284415,104.390328
413000,4365000,CB1TF,21.32546,1e+06,2.55,80,413000 4365000,6.5,Marginal,orange,YES,256.626223,2712.284415,104.390328
413000,4365000,CB1TF,4.92126,1e+06,6.56,79.93,413000 4365000,1.5,Suitable,dodgerblue,YES,256.626223,2712.284415,104.390328
413000,4365000,CB1TF,18.04462,1e+06,3.35,79.8,413000 4365000,5.5,Tolerable,yellow,YES,256.626223,2712.284415,104.390328
413000,4365000,CB1TF,11.48294,1e+06,5.76,80.22,413000 4365000,3.5,Suitable,dodgerblue,YES,256.626223,2712.284415,104.390328
413000,4365000,CB1TF,1.64042,1e+06,6.61,79.97,413000 4365000,0.5,Suitable,dodgerblue,YES,256.626223,2712.284415,104.390328
414000,4365500,ELKOH,8.2021,250000,6.28,80.1,414000 4365500,2.5,Suitable,dodgerblue,YES,257.247594,2712.5951005,104.7010135
414000,4365500,ELKOH,4.92126,250000,6.57,80.01,414000 4365500,1.5,Suitable,dodgerblue,YES,257.247594,2712.5951005,104.7010135
414000,4365500,ELKOH,1.64042,250000,6.62,80.01,414000 4365500,0.5,Suitable,dodgerblue,YES,257.247594,2712.5951005,104.7010135
414000,4366000,ELKOH,21.32546,250000,6.9,82.6,414000 4366000,6.5,Tolerable,yellow,YES,257.247594,2712.905786,105.011699
414000,4366000,ELKOH,11.48294,250000,5.79,80.29,414000 4366000,3.5,Suitable,dodgerblue,YES,257.247594,2712.905786,105.011699
414000,4366000,ELKOH,18.04462,250000,6.9,82.7,414000 4366000,5.5,Tolerable,yellow,YES,257.247594,2712.905786,105.011699
414000,4366000,ELKOH,1.64042,250000,6.62,80.01,414000 4366000,0.5,Suitable,dodgerblue,YES,257.247594,2712.905786,105.011699
414000,4366000,ELKOH,8.2021,250000,6.28,80.1,414000 4366000,2.5,Suitable,dodgerblue,YES,257.247594,2712.905786,105.011699
414000,4366000,ELKOH,14.76378,250000,5.6,80.29,414000 4366000,4.5,Suitable,dodgerblue,YES,257.247594,2712.905786,105.011699
414000,4366000,ELKOH,4.92126,250000,6.57,80.01,414000 4366000,1.5,Suitable,dodgerblue,YES,257.247594,2712.905786,105.011699
414500,4366500,ELKOH,18.04462,250000,6.9,82.7,414500 4366500,5.5,Tolerable,yellow,YES,257.5582795,2713.2164715,105.3223845
414500,4366500,ELKOH,14.76378,250000,5.63,80.35,414500 4366500,4.5,Suitable,dodgerblue,YES,257.5582795,2713.2164715,105.3223845
414500,4366500,ELKOH,8.2021,250000,6.29,80.16,414500 4366500,2.5,Suitable,dodgerblue,YES,257.5582795,2713.2164715,105.3223845
414500,4366500,ELKOH,11.48294,250000,5.82,80.35,414500 4366500,3.5,Suitable,dodgerblue,YES,257.5582795,2713.2164715,105.3223845
414500,4366500,ELKOH,21.32546,250000,6.9,82.6,414500 4366500,6.5,Tolerable,yellow,YES,257.5582795,2713.2164715,105.3223845
414500,4366500,ELKOH,4.92126,250000,6.59,80.08,414500 4366500,1.5,Suitable,dodgerblue,YES,257.5582795,2713.2164715,105.3223845
414500,4366500,ELKOH,1.64042,250000,6.64,80.09,414500 4366500,0.5,Suitable,dodgerblue,YES,257.5582795,2713.2164715,105.3223845
414500,4367000,ELKOH,11.48294,250000,5.83,80.38,414500 4367000,3.5,Suitable,dodgerblue,YES,257.5582795,2713.527157,105.63307
414500,4367000,ELKOH,4.92126,250000,6.59,80.11,414500 4367000,1.5,Suitable,dodgerblue,YES,257.5582795,2713.527157,105.63307
414500,4367000,ELKOH,8.2021,250000,6.3,80.19,414500 4367000,2.5,Suitable,dodgerblue,YES,257.5582795,2713.527157,105.63307
414500,4367000,ELKOH,1.64042,250000,6.64,80.12,414500 4367000,0.5,Suitable,dodgerblue,YES,257.5582795,2713.527157,105.63307
414500,4367000,ELKOH,14.76378,250000,5.64,80.38,414500 4367000,4.5,Suitable,dodgerblue,YES,257.5582795,2713.527157,105.63307
414500,4367000,ELKOH,18.04462,250000,6.9,82.7,414500 4367000,5.5,Tolerable,yellow,YES,257.5582795,2713.527157,105.63307
415000,4366000,ELKOH,21.32546,250000,6.9,82.6,415000 4366000,6.5,Tolerable,yellow,YES,257.868965,2712.905786,105.011699
415000,4366000,ELKOH,1.64042,250000,6.65,80.16,415000 4366000,0.5,Suitable,dodgerblue,YES,257.868965,2712.905786,105.011699
415000,4366000,ELKOH,14.76378,250000,5.66,80.41,415000 4366000,4.5,Suitable,dodgerblue,YES,257.868965,2712.905786,105.011699
415000,4366000,ELKOH,18.04462,250000,6.9,82.7,415000 4366000,5.5,Tolerable,yellow,YES,257.868965,2712.905786,105.011699
415000,4366000,ELKOH,4.92126,250000,6.6,80.15,415000 4366000,1.5,Suitable,dodgerblue,YES,257.868965,2712.905786,105.011699
415000,4366000,ELKOH,8.2021,250000,6.31,80.22,415000 4366000,2.5,Suitable,dodgerblue,YES,257.868965,2712.905786,105.011699
415000,4366000,ELKOH,11.48294,250000,5.84,80.41,415000 4366000,3.5,Suitable,dodgerblue,YES,257.868965,2712.905786,105.011699
415000,4367000,ELKOH,18.04462,250000,6.9,82.7,415000 4367000,5.5,Tolerable,yellow,YES,257.868965,2713.527157,105.63307
415000,4367000,ELKOH,14.76378,250000,5.68,80.45,415000 4367000,4.5,Suitable,dodgerblue,YES,257.868965,2713.527157,105.63307
415000,4367000,ELKOH,8.2021,250000,6.32,80.27,415000 4367000,2.5,Suitable,dodgerblue,YES,257.868965,2713.527157,105.63307
415000,4367000,ELKOH,11.48294,250000,5.86,80.45,415000 4367000,3.5,Suitable,dodgerblue,YES,257.868965,2713.527157,105.63307
415000,4367000,ELKOH,4.92126,250000,6.61,80.2,415000 4367000,1.5,Suitable,dodgerblue,YES,257.868965,2713.527157,105.63307
415000,4367000,ELKOH,1.64042,250000,6.66,80.21,415000 4367000,0.5,Suitable,dodgerblue,YES,257.868965,2713.527157,105.63307
415000,4367500,ELKOH,4.92126,250000,6.62,80.25,415000 4367500,1.5,Suitable,dodgerblue,YES,257.868965,2713.8378425,105.9437555
415000,4367500,ELKOH,21.32546,250000,6.9,82.6,415000 4367500,6.5,Tolerable,yellow,YES,257.868965,2713.8378425,105.9437555
415000,4367500,ELKOH,18.04462,250000,6.9,82.7,415000 4367500,5.5,Tolerable,yellow,YES,257.868965,2713.8378425,105.9437555
415000,4367500,ELKOH,11.48294,250000,5.88,80.49,415000 4367500,3.5,Suitable,dodgerblue,YES,257.868965,2713.8378425,105.9437555
415000,4367500,ELKOH,1.64042,250000,6.67,80.26,415000 4367500,0.5,Suitable,dodgerblue,YES,257.868965,2713.8378425,105.9437555
415000,4367500,ELKOH,14.76378,250000,5.7,80.49,415000 4367500,4.5,Suitable,dodgerblue,YES,257.868965,2713.8378425,105.9437555
415000,4367500,ELKOH,8.2021,250000,6.33,80.31,415000 4367500,2.5,Suitable,dodgerblue,YES,257.868965,2713.8378425,105.9437555
415500,4368000,ELKOH,1.64042,250000,6.7,80.45,415500 4368000,0.5,Suitable,dodgerblue,YES,258.1796505,2714.148528,106.254441
415500,4368000,ELKOH,18.04462,250000,6.9,82.7,415500 4368000,5.5,Tolerable,yellow,YES,258.1796505,2714.148528,106.254441
415500,4368000,ELKOH,21.32546,250000,6.9,82.6,415500 4368000,6.5,Tolerable,yellow,YES,258.1796505,2714.148528,106.254441
415500,4368000,ELKOH,14.76378,250000,5.78,80.65,415500 4368000,4.5,Suitable,dodgerblue,YES,258.1796505,2714.148528,106.254441
415500,4368000,ELKOH,11.48294,250000,5.95,80.65,415500 4368000,3.5,Suitable,dodgerblue,YES,258.1796505,2714.148528,106.254441
415500,4368000,ELKOH,4.92126,250000,6.65,80.43,415500 4368000,1.5,Suitable,dodgerblue,YES,258.1796505,2714.148528,106.254441
415500,4368000,ELKOH,8.2021,250000,6.38,80.48,415500 4368000,2.5,Suitable,dodgerblue,YES,258.1796505,2714.148528,106.254441
416000,4368000,ELKOH,18.04462,250000,6.9,82.7,416000 4368000,5.5,Tolerable,yellow,YES,258.490336,2714.148528,106.254441
416000,4368000,ELKOH,14.76378,250000,5.84,80.77,416000 4368000,4.5,Suitable,dodgerblue,YES,258.490336,2714.148528,106.254441
416000,4368000,ELKOH,21.32546,250000,6.9,82.6,416000 4368000,6.5,Tolerable,yellow,YES,258.490336,2714.148528,106.254441
416000,4368000,ELKOH,11.48294,250000,6,80.77,416000 4368000,3.5,Suitable,dodgerblue,YES,258.490336,2714.148528,106.254441
416000,4368000,ELKOH,8.2021,250000,6.41,80.61,416000 4368000,2.5,Suitable,dodgerblue,YES,258.490336,2714.148528,106.254441
416000,4368000,ELKOH,1.64042,250000,6.73,80.6,416000 4368000,0.5,Suitable,dodgerblue,YES,258.490336,2714.148528,106.254441
416000,4368000,ELKOH,4.92126,250000,6.68,80.57,416000 4368000,1.5,Suitable,dodgerblue,YES,258.490336,2714.148528,106.254441
416000,4368500,ELKOH,4.92126,250000,6.7,80.67,416000 4368500,1.5,Suitable,dodgerblue,YES,258.490336,2714.4592135,106.5651265
416000,4368500,ELKOH,24.6063,250000,6.9,82.6,416000 4368500,7.5,Tolerable,yellow,YES,258.490336,2714.4592135,106.5651265
416000,4368500,ELKOH,8.2021,250000,6.44,80.69,416000 4368500,2.5,Suitable,dodgerblue,YES,258.490336,2714.4592135,106.5651265
416000,4368500,ELKOH,1.64042,250000,6.75,80.69,416000 4368500,0.5,Suitable,dodgerblue,YES,258.490336,2714.4592135,106.5651265
416000,4368500,ELKOH,18.04462,250000,6.9,82.7,416000 4368500,5.5,Tolerable,yellow,YES,258.490336,2714.4592135,106.5651265
416000,4368500,ELKOH,14.76378,250000,5.88,80.84,416000 4368500,4.5,Suitable,dodgerblue,YES,258.490336,2714.4592135,106.5651265
416000,4368500,ELKOH,11.48294,250000,6.03,80.84,416000 4368500,3.5,Suitable,dodgerblue,YES,258.490336,2714.4592135,106.5651265
416000,4368500,ELKOH,21.32546,250000,6.9,82.6,416000 4368500,6.5,Tolerable,yellow,YES,258.490336,2714.4592135,106.5651265
416500,4369000,ELKOH,18.04462,250000,6.9,82.7,416500 4369000,5.5,Tolerable,yellow,YES,258.8010215,2714.769899,106.875812
416500,4369000,ELKOH,14.76378,250000,6.01,81.08,416500 4369000,4.5,Suitable,dodgerblue,YES,258.8010215,2714.769899,106.875812
416500,4369000,ELKOH,24.6063,250000,6.9,82.6,416500 4369000,7.5,Tolerable,yellow,YES,258.8010215,2714.769899,106.875812
416500,4369000,ELKOH,1.64042,250000,6.8,80.98,416500 4369000,0.5,Suitable,dodgerblue,YES,258.8010215,2714.769899,106.875812
416500,4369000,ELKOH,4.92126,250000,6.75,80.95,416500 4369000,1.5,Suitable,dodgerblue,YES,258.8010215,2714.769899,106.875812
416500,4369000,ELKOH,8.2021,250000,6.5,80.95,416500 4369000,2.5,Suitable,dodgerblue,YES,258.8010215,2714.769899,106.875812
416500,4369000,ELKOH,21.32546,250000,6.9,82.6,416500 4369000,6.5,Tolerable,yellow,YES,258.8010215,2714.769899,106.875812
416500,4369000,ELKOH,11.48294,250000,6.14,81.08,416500 4369000,3.5,Suitable,dodgerblue,YES,258.8010215,2714.769899,106.875812
416500,4369000,ELKOH,27.88714,250000,6.9,82.6,416500 4369000,8.5,Tolerable,yellow,YES,258.8010215,2714.769899,106.875812
417000,4369500,ELKOH,11.48294,250000,6.26,81.34,417000 4369500,3.5,Suitable,dodgerblue,YES,259.111707,2715.0805845,107.1864975
417000,4369500,ELKOH,8.2021,250000,6.58,81.23,417000 4369500,2.5,Suitable,dodgerblue,YES,259.111707,2715.0805845,107.1864975
417000,4369500,ELKOH,24.6063,250000,6.9,82.6,417000 4369500,7.5,Tolerable,yellow,YES,259.111707,2715.0805845,107.1864975
417000,4369500,ELKOH,21.32546,250000,6.9,82.6,417000 4369500,6.5,Tolerable,yellow,YES,259.111707,2715.0805845,107.1864975
417000,4369500,ELKOH,1.64042,250000,6.86,81.31,417000 4369500,0.5,Suitable,dodgerblue,YES,259.111707,2715.0805845,107.1864975
417000,4369500,ELKOH,4.92126,250000,6.81,81.26,417000 4369500,1.5,Suitable,dodgerblue,YES,259.111707,2715.0805845,107.1864975
417000,4369500,ELKOH,18.04462,250000,6.9,82.7,417000 4369500,5.5,Tolerable,yellow,YES,259.111707,2715.0805845,107.1864975
417000,4369500,ELKOH,14.76378,250000,6.14,81.34,417000 4369500,4.5,Suitable,dodgerblue,YES,259.111707,2715.0805845,107.1864975
417000,4369500,ELKOH,27.88714,250000,6.9,82.6,417000 4369500,8.5,Tolerable,yellow,YES,259.111707,2715.0805845,107.1864975
417500,4370000,ELKOH,11.48294,250000,6.38,81.62,417500 4370000,3.5,Suitable,dodgerblue,YES,259.4223925,2715.39127,107.497183
417500,4370000,ELKOH,21.32546,250000,6.9,82.6,417500 4370000,6.5,Tolerable,yellow,YES,259.4223925,2715.39127,107.497183
417500,4370000,ELKOH,1.64042,250000,6.93,81.64,417500 4370000,0.5,Suitable,dodgerblue,YES,259.4223925,2715.39127,107.497183
417500,4370000,ELKOH,14.76378,250000,6.29,81.62,417500 4370000,4.5,Suitable,dodgerblue,YES,259.4223925,2715.39127,107.497183
417500,4370000,ELKOH,18.04462,250000,6.9,82.7,417500 4370000,5.5,Tolerable,yellow,YES,259.4223925,2715.39127,107.497183
417500,4370000,ELKOH,8.2021,250000,6.66,81.53,417500 4370000,2.5,Suitable,dodgerblue,YES,259.4223925,2715.39127,107.497183
417500,4370000,ELKOH,4.92126,250000,6.88,81.59,417500 4370000,1.5,Suitable,dodgerblue,YES,259.4223925,2715.39127,107.497183
418000,4370500,ELKOH,11.48294,250000,6.49,81.88,418000 4370500,3.5,Suitable,dodgerblue,YES,259.733078,2715.7019555,107.8078685
418000,4370500,ELKOH,18.04462,250000,6.9,82.7,418000 4370500,5.5,Tolerable,yellow,YES,259.733078,2715.7019555,107.8078685
418000,4370500,ELKOH,8.2021,250000,6.74,81.81,418000 4370500,2.5,Suitable,dodgerblue,YES,259.733078,2715.7019555,107.8078685
418000,4370500,ELKOH,1.64042,250000,6.99,81.97,418000 4370500,0.5,Suitable,dodgerblue,YES,259.733078,2715.7019555,107.8078685
418000,4370500,ELKOH,21.32546,250000,6.9,82.6,418000 4370500,6.5,Tolerable,yellow,YES,259.733078,2715.7019555,107.8078685
418000,4370500,ELKOH,4.92126,250000,6.94,81.91,418000 4370500,1.5,Suitable,dodgerblue,YES,259.733078,2715.7019555,107.8078685
418000,4370500,ELKOH,14.76378,250000,6.42,81.88,418000 4370500,4.5,Suitable,dodgerblue,YES,259.733078,2715.7019555,107.8078685
419500,4371000,ELKOH,4.92126,250000,7.05,82.48,419500 4371000,1.5,Tolerable,yellow,YES,260.6651345,2716.012641,108.118554
419500,4371000,ELKOH,1.64042,250000,7.1,82.56,419500 4371000,0.5,Tolerable,yellow,YES,260.6651345,2716.012641,108.118554
419500,4371500,ELKOH,14.76378,250000,6.71,82.44,419500 4371500,4.5,Tolerable,yellow,YES,260.6651345,2716.3233265,108.4292395
419500,4371500,ELKOH,8.2021,250000,6.89,82.41,419500 4371500,2.5,Tolerable,yellow,YES,260.6651345,2716.3233265,108.4292395
419500,4371500,ELKOH,1.64042,250000,7.12,82.65,419500 4371500,0.5,Tolerable,yellow,YES,260.6651345,2716.3233265,108.4292395
419500,4371500,ELKOH,4.92126,250000,7.07,82.57,419500 4371500,1.5,Tolerable,yellow,YES,260.6651345,2716.3233265,108.4292395
419500,4371500,ELKOH,11.48294,250000,6.74,82.44,419500 4371500,3.5,Tolerable,yellow,YES,260.6651345,2716.3233265,108.4292395
420000,4372000,ELKOH,11.48294,250000,6.8,82.58,420000 4372000,3.5,Tolerable,yellow,YES,260.97582,2716.634012,108.739925
420000,4372000,ELKOH,4.92126,250000,7.1,82.73,420000 4372000,1.5,Tolerable,yellow,YES,260.97582,2716.634012,108.739925
420000,4372000,ELKOH,8.2021,250000,6.94,82.56,420000 4372000,2.5,Tolerable,yellow,YES,260.97582,2716.634012,108.739925
420000,4372000,ELKOH,1.64042,250000,7.15,82.82,420000 4372000,0.5,Tolerable,yellow,YES,260.97582,2716.634012,108.739925
420000,4372500,ELKOH,8.2021,250000,6.95,82.6,420000 4372500,2.5,Tolerable,yellow,YES,260.97582,2716.9446975,109.0506105
420000,4372500,ELKOH,14.76378,250000,6.8,82.61,420000 4372500,4.5,Tolerable,yellow,YES,260.97582,2716.9446975,109.0506105
420000,4372500,ELKOH,11.48294,250000,6.82,82.61,420000 4372500,3.5,Tolerable,yellow,YES,260.97582,2716.9446975,109.0506105
420000,4372500,ELKOH,4.92126,250000,7.11,82.78,420000 4372500,1.5,Tolerable,yellow,YES,260.97582,2716.9446975,109.0506105
420000,4372500,ELKOH,1.64042,250000,7.16,82.87,420000 4372500,0.5,Tolerable,yellow,YES,260.97582,2716.9446975,109.0506105
420500,4373000,ELKOH,1.64042,250000,7.18,82.97,420500 4373000,0.5,Tolerable,yellow,YES,261.2865055,2717.255383,109.361296
420500,4373000,ELKOH,21.32546,250000,6.9,82.6,420500 4373000,6.5,Tolerable,yellow,YES,261.2865055,2717.255383,109.361296
420500,4373000,ELKOH,4.92126,250000,7.13,82.88,420500 4373000,1.5,Tolerable,yellow,YES,261.2865055,2717.255383,109.361296
420500,4373000,ELKOH,18.04462,250000,6.9,82.7,420500 4373000,5.5,Tolerable,yellow,YES,261.2865055,2717.255383,109.361296
420500,4373000,ELKOH,11.48294,250000,6.85,82.7,420500 4373000,3.5,Tolerable,yellow,YES,261.2865055,2717.255383,109.361296
420500,4373000,ELKOH,14.76378,250000,6.85,82.7,420500 4373000,4.5,Tolerable,yellow,YES,261.2865055,2717.255383,109.361296
420500,4373000,ELKOH,8.2021,250000,6.97,82.69,420500 4373000,2.5,Tolerable,yellow,YES,261.2865055,2717.255383,109.361296
422000,4373500,ELKOH,4.92126,250000,7.15,82.99,422000 4373500,1.5,Tolerable,yellow,YES,262.218562,2717.5660685,109.6719815
422000,4373500,ELKOH,11.48294,250000,6.9,82.79,422000 4373500,3.5,Tolerable,yellow,YES,262.218562,2717.5660685,109.6719815
422000,4373500,ELKOH,24.6063,250000,6.9,82.6,422000 4373500,7.5,Tolerable,yellow,YES,262.218562,2717.5660685,109.6719815
422000,4373500,ELKOH,21.32546,250000,6.9,82.6,422000 4373500,6.5,Tolerable,yellow,YES,262.218562,2717.5660685,109.6719815
422000,4373500,ELKOH,8.2021,250000,7,82.79,422000 4373500,2.5,Tolerable,yellow,YES,262.218562,2717.5660685,109.6719815
422000,4373500,ELKOH,1.64042,250000,7.2,83.09,422000 4373500,0.5,Tolerable,yellow,YES,262.218562,2717.5660685,109.6719815
422000,4373500,ELKOH,27.88714,250000,6.9,82.6,422000 4373500,8.5,Tolerable,yellow,YES,262.218562,2717.5660685,109.6719815
422000,4373500,ELKOH,14.76378,250000,6.9,82.79,422000 4373500,4.5,Tolerable,yellow,YES,262.218562,2717.5660685,109.6719815
422000,4373500,ELKOH,31.16798,250000,6.9,82.6,422000 4373500,9.5,Tolerable,yellow,YES,262.218562,2717.5660685,109.6719815
422000,4373500,ELKOH,18.04462,250000,6.9,82.7,422000 4373500,5.5,Tolerable,yellow,YES,262.218562,2717.5660685,109.6719815
423500,4374000,ELKOH,14.76378,250000,6.89,82.79,423500 4374000,4.5,Tolerable,yellow,YES,263.1506185,2717.876754,109.982667
423500,4374000,ELKOH,11.48294,250000,6.89,82.79,423500 4374000,3.5,Tolerable,yellow,YES,263.1506185,2717.876754,109.982667
423500,4374000,ELKOH,18.04462,250000,6.9,82.7,423500 4374000,5.5,Tolerable,yellow,YES,263.1506185,2717.876754,109.982667
423500,4374000,ELKOH,27.88714,250000,6.9,82.6,423500 4374000,8.5,Tolerable,yellow,YES,263.1506185,2717.876754,109.982667
423500,4374000,ELKOH,21.32546,250000,6.9,82.6,423500 4374000,6.5,Tolerable,yellow,YES,263.1506185,2717.876754,109.982667
423500,4374000,ELKOH,4.92126,250000,7.15,82.99,423500 4374000,1.5,Tolerable,yellow,YES,263.1506185,2717.876754,109.982667
423500,4374000,ELKOH,24.6063,250000,6.9,82.6,423500 4374000,7.5,Tolerable,yellow,YES,263.1506185,2717.876754,109.982667
423500,4374000,ELKOH,8.2021,250000,7,82.79,423500 4374000,2.5,Tolerable,yellow,YES,263.1506185,2717.876754,109.982667
423500,4374000,ELKOH,1.64042,250000,7.2,83.09,423500 4374000,0.5,Tolerable,yellow,YES,263.1506185,2717.876754,109.982667
424000,4374500,ELKOH,24.6063,250000,6.9,82.6,424000 4374500,7.5,Tolerable,yellow,YES,263.461304,2718.1874395,110.2933525
424000,4374500,ELKOH,18.04462,250000,6.9,82.7,424000 4374500,5.5,Tolerable,yellow,YES,263.461304,2718.1874395,110.2933525
424000,4374500,ELKOH,4.92126,250000,7.14,82.96,424000 4374500,1.5,Tolerable,yellow,YES,263.461304,2718.1874395,110.2933525
424000,4374500,ELKOH,31.16798,250000,6.9,82.6,424000 4374500,9.5,Tolerable,yellow,YES,263.461304,2718.1874395,110.2933525
424000,4374500,ELKOH,21.32546,250000,6.9,82.6,424000 4374500,6.5,Tolerable,yellow,YES,263.461304,2718.1874395,110.2933525
424000,4374500,ELKOH,27.88714,250000,6.9,82.6,424000 4374500,8.5,Tolerable,yellow,YES,263.461304,2718.1874395,110.2933525
424000,4374500,ELKOH,1.64042,250000,7.19,83.06,424000 4374500,0.5,Tolerable,yellow,YES,263.461304,2718.1874395,110.2933525
424000,4374500,ELKOH,14.76378,250000,6.88,82.77,424000 4374500,4.5,Tolerable,yellow,YES,263.461304,2718.1874395,110.2933525
424000,4374500,ELKOH,8.2021,250000,6.99,82.77,424000 4374500,2.5,Tolerable,yellow,YES,263.461304,2718.1874395,110.2933525
424000,4374500,ELKOH,11.48294,250000,6.89,82.77,424000 4374500,3.5,Tolerable,yellow,YES,263.461304,2718.1874395,110.2933525
424500,4375000,ELKOH,14.76378,250000,6.87,82.74,424500 4375000,4.5,Tolerable,yellow,YES,263.7719895,2718.498125,110.604038
424500,4375000,ELKOH,8.2021,250000,6.98,82.74,424500 4375000,2.5,Tolerable,yellow,YES,263.7719895,2718.498125,110.604038
424500,4375000,ELKOH,21.32546,250000,6.9,82.6,424500 4375000,6.5,Tolerable,yellow,YES,263.7719895,2718.498125,110.604038
424500,4375000,ELKOH,18.04462,250000,6.9,82.7,424500 4375000,5.5,Tolerable,yellow,YES,263.7719895,2718.498125,110.604038
424500,4375000,ELKOH,4.92126,250000,7.14,82.93,424500 4375000,1.5,Tolerable,yellow,YES,263.7719895,2718.498125,110.604038
424500,4375000,ELKOH,1.64042,250000,7.19,83.03,424500 4375000,0.5,Tolerable,yellow,YES,263.7719895,2718.498125,110.604038
424500,4375000,ELKOH,11.48294,250000,6.87,82.74,424500 4375000,3.5,Tolerable,yellow,YES,263.7719895,2718.498125,110.604038
425000,4375300,C&DOH,18.04462,10000,7.07,82.86,425000 4375300,5.5,Tolerable,yellow,YES,264.082675,2718.6845363,110.7904493
425000,4375300,C&DOH,14.76378,10000,7.05,82.87,425000 4375300,4.5,Tolerable,yellow,YES,264.082675,2718.6845363,110.7904493
425000,4375300,C&DOH,21.32546,10000,7.05,82.79,425000 4375300,6.5,Tolerable,yellow,YES,264.082675,2718.6845363,110.7904493
425000,4375300,C&DOH,8.2021,10000,7.14,82.94,425000 4375300,2.5,Tolerable,yellow,YES,264.082675,2718.6845363,110.7904493
425000,4375300,C&DOH,11.48294,10000,7.05,82.89,425000 4375300,3.5,Tolerable,yellow,YES,264.082675,2718.6845363,110.7904493
425000,4375300,C&DOH,1.64042,10000,7.29,83.23,425000 4375300,0.5,Tolerable,yellow,YES,264.082675,2718.6845363,110.7904493
425000,4375300,C&DOH,24.6063,10000,7.03,82.79,425000 4375300,7.5,Tolerable,yellow,YES,264.082675,2718.6845363,110.7904493
425000,4375300,C&DOH,27.88714,10000,7.01,82.79,425000 4375300,8.5,Tolerable,yellow,YES,264.082675,2718.6845363,110.7904493
425000,4375300,C&DOH,4.92126,10000,7.25,83.13,425000 4375300,1.5,Tolerable,yellow,YES,264.082675,2718.6845363,110.7904493
425000,4375400,C&DOH,34.44882,10000,6.99,82.79,425000 4375400,10.5,Tolerable,yellow,YES,264.082675,2718.7466734,110.8525864
425000,4375400,C&DOH,1.64042,10000,7.29,83.24,425000 4375400,0.5,Tolerable,yellow,YES,264.082675,2718.7466734,110.8525864
425000,4375400,C&DOH,24.6063,10000,7.03,82.79,425000 4375400,7.5,Tolerable,yellow,YES,264.082675,2718.7466734,110.8525864
425000,4375400,C&DOH,31.16798,10000,7,82.79,425000 4375400,9.5,Tolerable,yellow,YES,264.082675,2718.7466734,110.8525864
425000,4375400,C&DOH,27.88714,10000,7.02,82.79,425000 4375400,8.5,Tolerable,yellow,YES,264.082675,2718.7466734,110.8525864
425000,4375400,C&DOH,14.76378,10000,7.05,82.87,425000 4375400,4.5,Tolerable,yellow,YES,264.082675,2718.7466734,110.8525864
425000,4375400,C&DOH,18.04462,10000,7.08,82.86,425000 4375400,5.5,Tolerable,yellow,YES,264.082675,2718.7466734,110.8525864
425000,4375400,C&DOH,11.48294,10000,7.06,82.9,425000 4375400,3.5,Tolerable,yellow,YES,264.082675,2718.7466734,110.8525864
425000,4375400,C&DOH,21.32546,10000,7.05,82.79,425000 4375400,6.5,Tolerable,yellow,YES,264.082675,2718.7466734,110.8525864
425000,4375400,C&DOH,4.92126,10000,7.26,83.14,425000 4375400,1.5,Tolerable,yellow,YES,264.082675,2718.7466734,110.8525864
425000,4375400,C&DOH,8.2021,10000,7.14,82.95,425000 4375400,2.5,Tolerable,yellow,YES,264.082675,2718.7466734,110.8525864
425100,4375400,C&DOH,4.92126,10000,7.26,83.15,425100 4375400,1.5,Tolerable,yellow,YES,264.1448121,2718.7466734,110.8525864
425100,4375400,C&DOH,34.44882,10000,6.99,82.8,425100 4375400,10.5,Tolerable,yellow,YES,264.1448121,2718.7466734,110.8525864
425100,4375400,C&DOH,21.32546,10000,7.06,82.8,425100 4375400,6.5,Tolerable,yellow,YES,264.1448121,2718.7466734,110.8525864
425100,4375400,C&DOH,31.16798,10000,7.01,82.8,425100 4375400,9.5,Tolerable,yellow,YES,264.1448121,2718.7466734,110.8525864
425100,4375400,C&DOH,8.2021,10000,7.15,82.96,425100 4375400,2.5,Tolerable,yellow,YES,264.1448121,2718.7466734,110.8525864
425100,4375400,C&DOH,1.64042,10000,7.3,83.25,425100 4375400,0.5,Tolerable,yellow,YES,264.1448121,2718.7466734,110.8525864
425100,4375400,C&DOH,18.04462,10000,7.09,82.88,425100 4375400,5.5,Tolerable,yellow,YES,264.1448121,2718.7466734,110.8525864
425100,4375400,C&DOH,24.6063,10000,7.04,82.8,425100 4375400,7.5,Tolerable,yellow,YES,264.1448121,2718.7466734,110.8525864
425100,4375400,C&DOH,11.48294,10000,7.07,82.91,425100 4375400,3.5,Tolerable,yellow,YES,264.1448121,2718.7466734,110.8525864
425100,4375400,C&DOH,14.76378,10000,7.07,82.88,425100 4375400,4.5,Tolerable,yellow,YES,264.1448121,2718.7466734,110.8525864
425100,4375400,C&DOH,27.88714,10000,7.02,82.8,425100 4375400,8.5,Tolerable,yellow,YES,264.1448121,2718.7466734,110.8525864
425100,4375500,C&DOH,1.64042,10000,7.3,83.25,425100 4375500,0.5,Tolerable,yellow,YES,264.1448121,2718.8088105,110.9147235
425100,4375500,C&DOH,14.76378,10000,7.07,82.88,425100 4375500,4.5,Tolerable,yellow,YES,264.1448121,2718.8088105,110.9147235
425100,4375500,C&DOH,4.92126,10000,7.27,83.16,425100 4375500,1.5,Tolerable,yellow,YES,264.1448121,2718.8088105,110.9147235
425100,4375500,C&DOH,34.44882,10000,7,82.81,425100 4375500,10.5,Tolerable,yellow,YES,264.1448121,2718.8088105,110.9147235
425100,4375500,C&DOH,18.04462,10000,7.09,82.88,425100 4375500,5.5,Tolerable,yellow,YES,264.1448121,2718.8088105,110.9147235
425100,4375500,C&DOH,8.2021,10000,7.16,82.96,425100 4375500,2.5,Tolerable,yellow,YES,264.1448121,2718.8088105,110.9147235
425100,4375500,C&DOH,21.32546,10000,7.06,82.81,425100 4375500,6.5,Tolerable,yellow,YES,264.1448121,2718.8088105,110.9147235
425100,4375500,C&DOH,24.6063,10000,7.04,82.81,425100 4375500,7.5,Tolerable,yellow,YES,264.1448121,2718.8088105,110.9147235
425100,4375500,C&DOH,31.16798,10000,7.01,82.81,425100 4375500,9.5,Tolerable,yellow,YES,264.1448121,2718.8088105,110.9147235
425100,4375500,C&DOH,27.88714,10000,7.03,82.81,425100 4375500,8.5,Tolerable,yellow,YES,264.1448121,2718.8088105,110.9147235
425100,4375500,C&DOH,11.48294,10000,7.08,82.91,425100 4375500,3.5,Tolerable,yellow,YES,264.1448121,2718.8088105,110.9147235
425200,4375500,C&DOH,21.32546,10000,7.08,82.82,425200 4375500,6.5,Tolerable,yellow,YES,264.2069492,2718.8088105,110.9147235
425200,4375500,C&DOH,11.48294,10000,7.09,82.92,425200 4375500,3.5,Tolerable,yellow,YES,264.2069492,2718.8088105,110.9147235
425200,4375500,C&DOH,31.16798,10000,7.02,82.82,425200 4375500,9.5,Tolerable,yellow,YES,264.2069492,2718.8088105,110.9147235
425200,4375500,C&DOH,8.2021,10000,7.17,82.98,425200 4375500,2.5,Tolerable,yellow,YES,264.2069492,2718.8088105,110.9147235
425200,4375500,C&DOH,24.6063,10000,7.05,82.82,425200 4375500,7.5,Tolerable,yellow,YES,264.2069492,2718.8088105,110.9147235
425200,4375500,C&DOH,27.88714,10000,7.04,82.82,425200 4375500,8.5,Tolerable,yellow,YES,264.2069492,2718.8088105,110.9147235
425200,4375500,C&DOH,18.04462,10000,7.11,82.89,425200 4375500,5.5,Tolerable,yellow,YES,264.2069492,2718.8088105,110.9147235
425200,4375500,C&DOH,1.64042,10000,7.31,83.27,425200 4375500,0.5,Tolerable,yellow,YES,264.2069492,2718.8088105,110.9147235
425200,4375500,C&DOH,4.92126,10000,7.28,83.17,425200 4375500,1.5,Tolerable,yellow,YES,264.2069492,2718.8088105,110.9147235
425200,4375500,C&DOH,14.76378,10000,7.08,82.89,425200 4375500,4.5,Tolerable,yellow,YES,264.2069492,2718.8088105,110.9147235
425200,4375500,C&DOH,34.44882,10000,7,82.82,425200 4375500,10.5,Tolerable,yellow,YES,264.2069492,2718.8088105,110.9147235
425300,4375600,C&DOH,31.16798,10000,7.03,82.84,425300 4375600,9.5,Tolerable,yellow,YES,264.2690863,2718.8709476,110.9768606
425300,4375600,C&DOH,11.48294,10000,7.11,82.94,425300 4375600,3.5,Tolerable,yellow,YES,264.2690863,2718.8709476,110.9768606
425300,4375600,C&DOH,27.88714,10000,7.05,82.84,425300 4375600,8.5,Tolerable,yellow,YES,264.2690863,2718.8709476,110.9768606
425300,4375600,C&DOH,21.32546,10000,7.09,82.84,425300 4375600,6.5,Tolerable,yellow,YES,264.2690863,2718.8709476,110.9768606
425300,4375600,C&DOH,24.6063,10000,7.07,82.84,425300 4375600,7.5,Tolerable,yellow,YES,264.2690863,2718.8709476,110.9768606
425300,4375600,C&DOH,18.04462,10000,7.13,82.91,425300 4375600,5.5,Tolerable,yellow,YES,264.2690863,2718.8709476,110.9768606
425300,4375600,C&DOH,1.64042,10000,7.32,83.29,425300 4375600,0.5,Tolerable,yellow,YES,264.2690863,2718.8709476,110.9768606
425300,4375600,C&DOH,8.2021,10000,7.18,83,425300 4375600,2.5,Tolerable,yellow,YES,264.2690863,2718.8709476,110.9768606
425300,4375600,C&DOH,4.92126,10000,7.29,83.19,425300 4375600,1.5,Tolerable,yellow,YES,264.2690863,2718.8709476,110.9768606
425300,4375600,C&DOH,14.76378,10000,7.1,82.9,425300 4375600,4.5,Tolerable,yellow,YES,264.2690863,2718.8709476,110.9768606
425300,4375600,C&DOH,34.44882,10000,7.01,82.84,425300 4375600,10.5,Tolerable,yellow,YES,264.2690863,2718.8709476,110.9768606
425400,4375600,C&DOH,31.16798,10000,7.04,82.86,425400 4375600,9.5,Tolerable,yellow,YES,264.3312234,2718.8709476,110.9768606
425400,4375600,C&DOH,14.76378,10000,7.12,82.91,425400 4375600,4.5,Tolerable,yellow,YES,264.3312234,2718.8709476,110.9768606
425400,4375600,C&DOH,34.44882,10000,7.02,82.86,425400 4375600,10.5,Tolerable,yellow,YES,264.3312234,2718.8709476,110.9768606
425400,4375600,C&DOH,11.48294,10000,7.12,82.95,425400 4375600,3.5,Tolerable,yellow,YES,264.3312234,2718.8709476,110.9768606
425400,4375600,C&DOH,4.92126,10000,7.3,83.21,425400 4375600,1.5,Tolerable,yellow,YES,264.3312234,2718.8709476,110.9768606
425400,4375600,C&DOH,27.88714,10000,7.06,82.86,425400 4375600,8.5,Tolerable,yellow,YES,264.3312234,2718.8709476,110.9768606
425400,4375600,C&DOH,1.64042,10000,7.33,83.3,425400 4375600,0.5,Tolerable,yellow,YES,264.3312234,2718.8709476,110.9768606
425400,4375600,C&DOH,8.2021,10000,7.2,83.02,425400 4375600,2.5,Tolerable,yellow,YES,264.3312234,2718.8709476,110.9768606
425400,4375600,C&DOH,18.04462,10000,7.14,82.92,425400 4375600,5.5,Tolerable,yellow,YES,264.3312234,2718.8709476,110.9768606
425400,4375600,C&DOH,24.6063,10000,7.08,82.86,425400 4375600,7.5,Tolerable,yellow,YES,264.3312234,2718.8709476,110.9768606
425400,4375600,C&DOH,21.32546,10000,7.1,82.86,425400 4375600,6.5,Tolerable,yellow,YES,264.3312234,2718.8709476,110.9768606
425400,4375700,C&DOH,24.6063,10000,7.08,82.86,425400 4375700,7.5,Tolerable,yellow,YES,264.3312234,2718.9330847,111.0389977
425400,4375700,C&DOH,34.44882,10000,7.02,82.86,425400 4375700,10.5,Tolerable,yellow,YES,264.3312234,2718.9330847,111.0389977
425400,4375700,C&DOH,27.88714,10000,7.06,82.86,425400 4375700,8.5,Tolerable,yellow,YES,264.3312234,2718.9330847,111.0389977
425400,4375700,C&DOH,18.04462,10000,7.15,82.93,425400 4375700,5.5,Tolerable,yellow,YES,264.3312234,2718.9330847,111.0389977
425400,4375700,C&DOH,21.32546,10000,7.11,82.86,425400 4375700,6.5,Tolerable,yellow,YES,264.3312234,2718.9330847,111.0389977
425400,4375700,C&DOH,14.76378,10000,7.12,82.92,425400 4375700,4.5,Tolerable,yellow,YES,264.3312234,2718.9330847,111.0389977
425400,4375700,C&DOH,8.2021,10000,7.2,83.02,425400 4375700,2.5,Tolerable,yellow,YES,264.3312234,2718.9330847,111.0389977
425400,4375700,C&DOH,31.16798,10000,7.04,82.86,425400 4375700,9.5,Tolerable,yellow,YES,264.3312234,2718.9330847,111.0389977
425400,4375700,C&DOH,11.48294,10000,7.13,82.95,425400 4375700,3.5,Tolerable,yellow,YES,264.3312234,2718.9330847,111.0389977
425400,4375700,C&DOH,1.64042,10000,7.33,83.31,425400 4375700,0.5,Tolerable,yellow,YES,264.3312234,2718.9330847,111.0389977
425400,4375700,C&DOH,4.92126,10000,7.3,83.21,425400 4375700,1.5,Tolerable,yellow,YES,264.3312234,2718.9330847,111.0389977
425500,4375700,C&DOH,18.04462,10000,7.16,82.94,425500 4375700,5.5,Tolerable,yellow,YES,264.3933605,2718.9330847,111.0389977
425500,4375700,C&DOH,4.92126,10000,7.31,83.23,425500 4375700,1.5,Tolerable,yellow,YES,264.3933605,2718.9330847,111.0389977
425500,4375700,C&DOH,1.64042,10000,7.34,83.33,425500 4375700,0.5,Tolerable,yellow,YES,264.3933605,2718.9330847,111.0389977
425500,4375700,C&DOH,21.32546,10000,7.12,82.88,425500 4375700,6.5,Tolerable,yellow,YES,264.3933605,2718.9330847,111.0389977
425500,4375700,C&DOH,8.2021,10000,7.21,83.04,425500 4375700,2.5,Tolerable,yellow,YES,264.3933605,2718.9330847,111.0389977
425500,4375700,C&DOH,31.16798,10000,7.05,82.88,425500 4375700,9.5,Tolerable,yellow,YES,264.3933605,2718.9330847,111.0389977
425500,4375700,C&DOH,34.44882,10000,7.03,82.88,425500 4375700,10.5,Tolerable,yellow,YES,264.3933605,2718.9330847,111.0389977
425500,4375700,C&DOH,14.76378,10000,7.14,82.93,425500 4375700,4.5,Tolerable,yellow,YES,264.3933605,2718.9330847,111.0389977
425500,4375700,C&DOH,27.88714,10000,7.07,82.88,425500 4375700,8.5,Tolerable,yellow,YES,264.3933605,2718.9330847,111.0389977
425500,4375700,C&DOH,24.6063,10000,7.09,82.88,425500 4375700,7.5,Tolerable,yellow,YES,264.3933605,2718.9330847,111.0389977
425500,4375700,C&DOH,11.48294,10000,7.14,82.96,425500 4375700,3.5,Tolerable,yellow,YES,264.3933605,2718.9330847,111.0389977
425500,4375800,C&DOH,1.64042,10000,7.34,83.33,425500 4375800,0.5,Tolerable,yellow,YES,264.3933605,2718.9952218,111.1011348
425500,4375800,C&DOH,34.44882,10000,7.03,82.88,425500 4375800,10.5,Tolerable,yellow,YES,264.3933605,2718.9952218,111.1011348
425500,4375800,C&DOH,31.16798,10000,7.05,82.88,425500 4375800,9.5,Tolerable,yellow,YES,264.3933605,2718.9952218,111.1011348
425500,4375800,C&DOH,21.32546,10000,7.12,82.88,425500 4375800,6.5,Tolerable,yellow,YES,264.3933605,2718.9952218,111.1011348
425500,4375800,C&DOH,24.6063,10000,7.09,82.88,425500 4375800,7.5,Tolerable,yellow,YES,264.3933605,2718.9952218,111.1011348
425500,4375800,C&DOH,18.04462,10000,7.16,82.94,425500 4375800,5.5,Tolerable,yellow,YES,264.3933605,2718.9952218,111.1011348
425500,4375800,C&DOH,27.88714,10000,7.07,82.88,425500 4375800,8.5,Tolerable,yellow,YES,264.3933605,2718.9952218,111.1011348
425500,4375800,C&DOH,8.2021,10000,7.22,83.04,425500 4375800,2.5,Tolerable,yellow,YES,264.3933605,2718.9952218,111.1011348
425500,4375800,C&DOH,14.76378,10000,7.14,82.93,425500 4375800,4.5,Tolerable,yellow,YES,264.3933605,2718.9952218,111.1011348
425500,4375800,C&DOH,11.48294,10000,7.15,82.97,425500 4375800,3.5,Tolerable,yellow,YES,264.3933605,2718.9952218,111.1011348
425500,4375800,C&DOH,4.92126,10000,7.31,83.23,425500 4375800,1.5,Tolerable,yellow,YES,264.3933605,2718.9952218,111.1011348
425600,4375700,C&DOH,31.16798,10000,7.06,82.89,425600 4375700,9.5,Tolerable,yellow,YES,264.4554976,2718.9330847,111.0389977
425600,4375700,C&DOH,24.6063,10000,7.1,82.89,425600 4375700,7.5,Tolerable,yellow,YES,264.4554976,2718.9330847,111.0389977
425600,4375700,C&DOH,27.88714,10000,7.08,82.89,425600 4375700,8.5,Tolerable,yellow,YES,264.4554976,2718.9330847,111.0389977
425600,4375700,C&DOH,11.48294,10000,7.16,82.98,425600 4375700,3.5,Tolerable,yellow,YES,264.4554976,2718.9330847,111.0389977
425600,4375700,C&DOH,34.44882,10000,7.04,82.89,425600 4375700,10.5,Tolerable,yellow,YES,264.4554976,2718.9330847,111.0389977
425600,4375700,C&DOH,21.32546,10000,7.13,82.89,425600 4375700,6.5,Tolerable,yellow,YES,264.4554976,2718.9330847,111.0389977
425600,4375700,C&DOH,4.92126,10000,7.32,83.25,425600 4375700,1.5,Tolerable,yellow,YES,264.4554976,2718.9330847,111.0389977
425600,4375700,C&DOH,8.2021,10000,7.23,83.05,425600 4375700,2.5,Tolerable,yellow,YES,264.4554976,2718.9330847,111.0389977
425600,4375700,C&DOH,18.04462,10000,7.17,82.95,425600 4375700,5.5,Tolerable,yellow,YES,264.4554976,2718.9330847,111.0389977
425600,4375700,C&DOH,1.64042,10000,7.35,83.34,425600 4375700,0.5,Tolerable,yellow,YES,264.4554976,2718.9330847,111.0389977
425600,4375700,C&DOH,14.76378,10000,7.15,82.94,425600 4375700,4.5,Tolerable,yellow,YES,264.4554976,2718.9330847,111.0389977
425600,4375800,C&DOH,11.48294,10000,7.16,82.98,425600 4375800,3.5,Tolerable,yellow,YES,264.4554976,2718.9952218,111.1011348
425600,4375800,C&DOH,18.04462,10000,7.18,82.96,425600 4375800,5.5,Tolerable,yellow,YES,264.4554976,2718.9952218,111.1011348
425600,4375800,C&DOH,4.92126,10000,7.32,83.25,425600 4375800,1.5,Tolerable,yellow,YES,264.4554976,2718.9952218,111.1011348
425600,4375800,C&DOH,34.44882,10000,7.04,82.9,425600 4375800,10.5,Tolerable,yellow,YES,264.4554976,2718.9952218,111.1011348
425600,4375800,C&DOH,14.76378,10000,7.16,82.94,425600 4375800,4.5,Tolerable,yellow,YES,264.4554976,2718.9952218,111.1011348
425600,4375800,C&DOH,31.16798,10000,7.06,82.9,425600 4375800,9.5,Tolerable,yellow,YES,264.4554976,2718.9952218,111.1011348
425600,4375800,C&DOH,24.6063,10000,7.1,82.9,425600 4375800,7.5,Tolerable,yellow,YES,264.4554976,2718.9952218,111.1011348
425600,4375800,C&DOH,8.2021,10000,7.23,83.06,425600 4375800,2.5,Tolerable,yellow,YES,264.4554976,2718.9952218,111.1011348
425600,4375800,C&DOH,1.64042,10000,7.35,83.35,425600 4375800,0.5,Tolerable,yellow,YES,264.4554976,2718.9952218,111.1011348
425600,4375800,C&DOH,21.32546,10000,7.14,82.9,425600 4375800,6.5,Tolerable,yellow,YES,264.4554976,2718.9952218,111.1011348
425600,4375800,C&DOH,27.88714,10000,7.08,82.9,425600 4375800,8.5,Tolerable,yellow,YES,264.4554976,2718.9952218,111.1011348
425600,4375900,C&DOH,18.04462,10000,7.18,82.96,425600 4375900,5.5,Tolerable,yellow,YES,264.4554976,2719.0573589,111.1632719
425600,4375900,C&DOH,21.32546,10000,7.14,82.9,425600 4375900,6.5,Tolerable,yellow,YES,264.4554976,2719.0573589,111.1632719
425600,4375900,C&DOH,14.76378,10000,7.16,82.94,425600 4375900,4.5,Tolerable,yellow,YES,264.4554976,2719.0573589,111.1632719
425600,4375900,C&DOH,8.2021,10000,7.23,83.06,425600 4375900,2.5,Tolerable,yellow,YES,264.4554976,2719.0573589,111.1632719
425600,4375900,C&DOH,31.16798,10000,7.06,82.9,425600 4375900,9.5,Tolerable,yellow,YES,264.4554976,2719.0573589,111.1632719
425600,4375900,C&DOH,27.88714,10000,7.08,82.9,425600 4375900,8.5,Tolerable,yellow,YES,264.4554976,2719.0573589,111.1632719
425600,4375900,C&DOH,4.92126,10000,7.32,83.25,425600 4375900,1.5,Tolerable,yellow,YES,264.4554976,2719.0573589,111.1632719
425600,4375900,C&DOH,34.44882,10000,7.04,82.9,425600 4375900,10.5,Tolerable,yellow,YES,264.4554976,2719.0573589,111.1632719
425600,4375900,C&DOH,11.48294,10000,7.16,82.98,425600 4375900,3.5,Tolerable,yellow,YES,264.4554976,2719.0573589,111.1632719
425600,4375900,C&DOH,24.6063,10000,7.11,82.9,425600 4375900,7.5,Tolerable,yellow,YES,264.4554976,2719.0573589,111.1632719
425600,4375900,C&DOH,1.64042,10000,7.35,83.35,425600 4375900,0.5,Tolerable,yellow,YES,264.4554976,2719.0573589,111.1632719
425700,4375900,C&DOH,27.88714,10000,7.09,82.92,425700 4375900,8.5,Tolerable,yellow,YES,264.5176347,2719.0573589,111.1632719
425700,4375900,C&DOH,21.32546,10000,7.15,82.92,425700 4375900,6.5,Tolerable,yellow,YES,264.5176347,2719.0573589,111.1632719
425700,4375900,C&DOH,24.6063,10000,7.12,82.92,425700 4375900,7.5,Tolerable,yellow,YES,264.5176347,2719.0573589,111.1632719
425700,4375900,C&DOH,18.04462,10000,7.2,82.97,425700 4375900,5.5,Tolerable,yellow,YES,264.5176347,2719.0573589,111.1632719
425700,4375900,C&DOH,1.64042,10000,7.36,83.37,425700 4375900,0.5,Tolerable,yellow,YES,264.5176347,2719.0573589,111.1632719
425700,4375900,C&DOH,31.16798,10000,7.07,82.92,425700 4375900,9.5,Tolerable,yellow,YES,264.5176347,2719.0573589,111.1632719
425700,4375900,C&DOH,14.76378,10000,7.17,82.95,425700 4375900,4.5,Tolerable,yellow,YES,264.5176347,2719.0573589,111.1632719
425700,4375900,C&DOH,11.48294,10000,7.18,83,425700 4375900,3.5,Tolerable,yellow,YES,264.5176347,2719.0573589,111.1632719
425700,4375900,C&DOH,4.92126,10000,7.33,83.27,425700 4375900,1.5,Tolerable,yellow,YES,264.5176347,2719.0573589,111.1632719
425700,4375900,C&DOH,34.44882,10000,7.05,82.92,425700 4375900,10.5,Tolerable,yellow,YES,264.5176347,2719.0573589,111.1632719
425700,4375900,C&DOH,8.2021,10000,7.25,83.08,425700 4375900,2.5,Tolerable,yellow,YES,264.5176347,2719.0573589,111.1632719
425800,4375900,C&DOH,8.2021,10000,7.26,83.1,425800 4375900,2.5,Tolerable,yellow,YES,264.5797718,2719.0573589,111.1632719
425800,4375900,C&DOH,21.32546,10000,7.16,82.94,425800 4375900,6.5,Tolerable,yellow,YES,264.5797718,2719.0573589,111.1632719
425800,4375900,C&DOH,4.92126,10000,7.34,83.29,425800 4375900,1.5,Tolerable,yellow,YES,264.5797718,2719.0573589,111.1632719
425800,4375900,C&DOH,18.04462,10000,7.21,82.99,425800 4375900,5.5,Tolerable,yellow,YES,264.5797718,2719.0573589,111.1632719
425800,4375900,C&DOH,34.44882,10000,7.06,82.94,425800 4375900,10.5,Tolerable,yellow,YES,264.5797718,2719.0573589,111.1632719
425800,4375900,C&DOH,14.76378,10000,7.19,82.96,425800 4375900,4.5,Tolerable,yellow,YES,264.5797718,2719.0573589,111.1632719
425800,4375900,C&DOH,11.48294,10000,7.2,83.01,425800 4375900,3.5,Tolerable,yellow,YES,264.5797718,2719.0573589,111.1632719
425800,4375900,C&DOH,24.6063,10000,7.13,82.94,425800 4375900,7.5,Tolerable,yellow,YES,264.5797718,2719.0573589,111.1632719
425800,4375900,C&DOH,1.64042,10000,7.37,83.39,425800 4375900,0.5,Tolerable,yellow,YES,264.5797718,2719.0573589,111.1632719
425800,4375900,C&DOH,31.16798,10000,7.08,82.94,425800 4375900,9.5,Tolerable,yellow,YES,264.5797718,2719.0573589,111.1632719
425800,4375900,C&DOH,27.88714,10000,7.1,82.94,425800 4375900,8.5,Tolerable,yellow,YES,264.5797718,2719.0573589,111.1632719
425800,4376000,C&DOH,31.16798,10000,7.08,82.94,425800 4376000,9.5,Tolerable,yellow,YES,264.5797718,2719.119496,111.225409
425800,4376000,C&DOH,8.2021,10000,7.26,83.1,425800 4376000,2.5,Tolerable,yellow,YES,264.5797718,2719.119496,111.225409
425800,4376000,C&DOH,18.04462,10000,7.21,82.99,425800 4376000,5.5,Tolerable,yellow,YES,264.5797718,2719.119496,111.225409
425800,4376000,C&DOH,21.32546,10000,7.17,82.94,425800 4376000,6.5,Tolerable,yellow,YES,264.5797718,2719.119496,111.225409
425800,4376000,C&DOH,34.44882,10000,7.06,82.94,425800 4376000,10.5,Tolerable,yellow,YES,264.5797718,2719.119496,111.225409
425800,4376000,C&DOH,27.88714,10000,7.11,82.94,425800 4376000,8.5,Tolerable,yellow,YES,264.5797718,2719.119496,111.225409
425800,4376000,C&DOH,14.76378,10000,7.19,82.97,425800 4376000,4.5,Tolerable,yellow,YES,264.5797718,2719.119496,111.225409
425800,4376000,C&DOH,1.64042,10000,7.37,83.39,425800 4376000,0.5,Tolerable,yellow,YES,264.5797718,2719.119496,111.225409
425800,4376000,C&DOH,24.6063,10000,7.13,82.94,425800 4376000,7.5,Tolerable,yellow,YES,264.5797718,2719.119496,111.225409
425800,4376000,C&DOH,4.92126,10000,7.35,83.29,425800 4376000,1.5,Tolerable,yellow,YES,264.5797718,2719.119496,111.225409
425800,4376000,C&DOH,11.48294,10000,7.2,83.01,425800 4376000,3.5,Tolerable,yellow,YES,264.5797718,2719.119496,111.225409
425900,4376000,C&DOH,4.92126,10000,7.36,83.31,425900 4376000,1.5,Tolerable,yellow,YES,264.6419089,2719.119496,111.225409
425900,4376000,C&DOH,8.2021,10000,7.28,83.12,425900 4376000,2.5,Tolerable,yellow,YES,264.6419089,2719.119496,111.225409
425900,4376000,C&DOH,24.6063,10000,7.14,82.95,425900 4376000,7.5,Tolerable,yellow,YES,264.6419089,2719.119496,111.225409
425900,4376000,C&DOH,34.44882,10000,7.06,82.95,425900 4376000,10.5,Tolerable,yellow,YES,264.6419089,2719.119496,111.225409
425900,4376000,C&DOH,14.76378,10000,7.21,82.98,425900 4376000,4.5,Tolerable,yellow,YES,264.6419089,2719.119496,111.225409
425900,4376000,C&DOH,18.04462,10000,7.23,83,425900 4376000,5.5,Tolerable,yellow,YES,264.6419089,2719.119496,111.225409
425900,4376000,C&DOH,1.64042,10000,7.38,83.41,425900 4376000,0.5,Tolerable,yellow,YES,264.6419089,2719.119496,111.225409
425900,4376000,C&DOH,21.32546,10000,7.18,82.95,425900 4376000,6.5,Tolerable,yellow,YES,264.6419089,2719.119496,111.225409
425900,4376000,C&DOH,11.48294,10000,7.21,83.03,425900 4376000,3.5,Tolerable,yellow,YES,264.6419089,2719.119496,111.225409
425900,4376000,C&DOH,27.88714,10000,7.12,82.95,425900 4376000,8.5,Tolerable,yellow,YES,264.6419089,2719.119496,111.225409
425900,4376000,C&DOH,31.16798,10000,7.09,82.95,425900 4376000,9.5,Tolerable,yellow,YES,264.6419089,2719.119496,111.225409
426000,4376000,C&DOH,8.2021,10000,7.29,83.14,426000 4376000,2.5,Tolerable,yellow,YES,264.704046,2719.119496,111.225409
426000,4376000,C&DOH,27.88714,10000,7.12,82.97,426000 4376000,8.5,Tolerable,yellow,YES,264.704046,2719.119496,111.225409
426000,4376000,C&DOH,11.48294,10000,7.23,83.04,426000 4376000,3.5,Tolerable,yellow,YES,264.704046,2719.119496,111.225409
426000,4376000,C&DOH,24.6063,10000,7.15,82.97,426000 4376000,7.5,Tolerable,yellow,YES,264.704046,2719.119496,111.225409
426000,4376000,C&DOH,34.44882,10000,7.07,82.97,426000 4376000,10.5,Tolerable,yellow,YES,264.704046,2719.119496,111.225409
426000,4376000,C&DOH,31.16798,10000,7.1,82.97,426000 4376000,9.5,Tolerable,yellow,YES,264.704046,2719.119496,111.225409
426000,4376000,C&DOH,1.64042,10000,7.39,83.43,426000 4376000,0.5,Tolerable,yellow,YES,264.704046,2719.119496,111.225409
426000,4376000,C&DOH,4.92126,10000,7.37,83.33,426000 4376000,1.5,Tolerable,yellow,YES,264.704046,2719.119496,111.225409
426000,4376000,C&DOH,21.32546,10000,7.19,82.97,426000 4376000,6.5,Tolerable,yellow,YES,264.704046,2719.119496,111.225409
426000,4376000,C&DOH,14.76378,10000,7.23,82.99,426000 4376000,4.5,Tolerable,yellow,YES,264.704046,2719.119496,111.225409
426000,4376000,C&DOH,18.04462,10000,7.24,83.02,426000 4376000,5.5,Tolerable,yellow,YES,264.704046,2719.119496,111.225409
426100,4376000,C&DOH,14.76378,10000,7.24,83,426100 4376000,4.5,Tolerable,yellow,YES,264.7661831,2719.119496,111.225409
426100,4376000,C&DOH,11.48294,10000,7.25,83.06,426100 4376000,3.5,Tolerable,yellow,YES,264.7661831,2719.119496,111.225409
426100,4376000,C&DOH,4.92126,10000,7.38,83.35,426100 4376000,1.5,Tolerable,yellow,YES,264.7661831,2719.119496,111.225409
426100,4376000,C&DOH,8.2021,10000,7.3,83.16,426100 4376000,2.5,Tolerable,yellow,YES,264.7661831,2719.119496,111.225409
426100,4376000,C&DOH,34.44882,10000,7.08,82.99,426100 4376000,10.5,Tolerable,yellow,YES,264.7661831,2719.119496,111.225409
426100,4376000,C&DOH,31.16798,10000,7.11,82.99,426100 4376000,9.5,Tolerable,yellow,YES,264.7661831,2719.119496,111.225409
426100,4376000,C&DOH,21.32546,10000,7.2,82.99,426100 4376000,6.5,Tolerable,yellow,YES,264.7661831,2719.119496,111.225409
426100,4376000,C&DOH,18.04462,10000,7.26,83.03,426100 4376000,5.5,Tolerable,yellow,YES,264.7661831,2719.119496,111.225409
426100,4376000,C&DOH,27.88714,10000,7.13,82.99,426100 4376000,8.5,Tolerable,yellow,YES,264.7661831,2719.119496,111.225409
426100,4376000,C&DOH,1.64042,10000,7.4,83.45,426100 4376000,0.5,Tolerable,yellow,YES,264.7661831,2719.119496,111.225409
426100,4376000,C&DOH,24.6063,10000,7.16,82.99,426100 4376000,7.5,Tolerable,yellow,YES,264.7661831,2719.119496,111.225409
426200,4376000,C&DOH,27.88714,10000,7.14,83,426200 4376000,8.5,Tolerable,yellow,YES,264.8283202,2719.119496,111.225409
426200,4376000,C&DOH,34.44882,10000,7.09,83,426200 4376000,10.5,Tolerable,yellow,YES,264.8283202,2719.119496,111.225409
426200,4376000,C&DOH,24.6063,10000,7.17,83,426200 4376000,7.5,Tolerable,yellow,YES,264.8283202,2719.119496,111.225409
426200,4376000,C&DOH,18.04462,10000,7.27,83.04,426200 4376000,5.5,Tolerable,yellow,YES,264.8283202,2719.119496,111.225409
426200,4376000,C&DOH,1.64042,10000,7.41,83.47,426200 4376000,0.5,Tolerable,yellow,YES,264.8283202,2719.119496,111.225409
426200,4376000,C&DOH,4.92126,10000,7.39,83.37,426200 4376000,1.5,Tolerable,yellow,YES,264.8283202,2719.119496,111.225409
426200,4376000,C&DOH,31.16798,10000,7.12,83,426200 4376000,9.5,Tolerable,yellow,YES,264.8283202,2719.119496,111.225409
426200,4376000,C&DOH,14.76378,10000,7.26,83.01,426200 4376000,4.5,Tolerable,yellow,YES,264.8283202,2719.119496,111.225409
426200,4376000,C&DOH,8.2021,10000,7.32,83.18,426200 4376000,2.5,Tolerable,yellow,YES,264.8283202,2719.119496,111.225409
426200,4376000,C&DOH,21.32546,10000,7.22,83,426200 4376000,6.5,Tolerable,yellow,YES,264.8283202,2719.119496,111.225409
426200,4376000,C&DOH,11.48294,10000,7.26,83.07,426200 4376000,3.5,Tolerable,yellow,YES,264.8283202,2719.119496,111.225409
426300,4376100,C&DOH,11.48294,10000,7.28,83.09,426300 4376100,3.5,Tolerable,yellow,YES,264.8904573,2719.1816331,111.2875461
426300,4376100,C&DOH,34.44882,10000,7.1,83.02,426300 4376100,10.5,Tolerable,yellow,YES,264.8904573,2719.1816331,111.2875461
426300,4376100,C&DOH,31.16798,10000,7.13,83.02,426300 4376100,9.5,Tolerable,yellow,YES,264.8904573,2719.1816331,111.2875461
426300,4376100,C&DOH,1.64042,10000,7.42,83.49,426300 4376100,0.5,Tolerable,yellow,YES,264.8904573,2719.1816331,111.2875461
426300,4376100,C&DOH,8.2021,10000,7.33,83.2,426300 4376100,2.5,Tolerable,yellow,YES,264.8904573,2719.1816331,111.2875461
426300,4376100,C&DOH,21.32546,10000,7.23,83.02,426300 4376100,6.5,Tolerable,yellow,YES,264.8904573,2719.1816331,111.2875461
426300,4376100,C&DOH,27.88714,10000,7.16,83.02,426300 4376100,8.5,Tolerable,yellow,YES,264.8904573,2719.1816331,111.2875461
426300,4376100,C&DOH,14.76378,10000,7.28,83.03,426300 4376100,4.5,Tolerable,yellow,YES,264.8904573,2719.1816331,111.2875461
426300,4376100,C&DOH,24.6063,10000,7.19,83.02,426300 4376100,7.5,Tolerable,yellow,YES,264.8904573,2719.1816331,111.2875461
426300,4376100,C&DOH,18.04462,10000,7.29,83.06,426300 4376100,5.5,Tolerable,yellow,YES,264.8904573,2719.1816331,111.2875461
426300,4376100,C&DOH,4.92126,10000,7.4,83.39,426300 4376100,1.5,Tolerable,yellow,YES,264.8904573,2719.1816331,111.2875461
426600,4376100,C&DOH,24.6063,10000,7.22,83.07,426600 4376100,7.5,Tolerable,yellow,YES,265.0768686,2719.1816331,111.2875461
426600,4376100,C&DOH,27.88714,10000,7.18,83.07,426600 4376100,8.5,Tolerable,yellow,YES,265.0768686,2719.1816331,111.2875461
426600,4376100,C&DOH,31.16798,10000,7.15,83.07,426600 4376100,9.5,Tolerable,yellow,YES,265.0768686,2719.1816331,111.2875461
426600,4376100,C&DOH,34.44882,10000,7.12,83.07,426600 4376100,10.5,Tolerable,yellow,YES,265.0768686,2719.1816331,111.2875461
426600,4376100,C&DOH,14.76378,10000,7.32,83.07,426600 4376100,4.5,Tolerable,yellow,YES,265.0768686,2719.1816331,111.2875461
426600,4376100,C&DOH,8.2021,10000,7.37,83.26,426600 4376100,2.5,Tolerable,yellow,YES,265.0768686,2719.1816331,111.2875461
426600,4376100,C&DOH,1.64042,10000,7.45,83.55,426600 4376100,0.5,Tolerable,yellow,YES,265.0768686,2719.1816331,111.2875461
426600,4376100,C&DOH,21.32546,10000,7.27,83.07,426600 4376100,6.5,Tolerable,yellow,YES,265.0768686,2719.1816331,111.2875461
426600,4376100,C&DOH,4.92126,10000,7.43,83.45,426600 4376100,1.5,Tolerable,yellow,YES,265.0768686,2719.1816331,111.2875461
426600,4376100,C&DOH,18.04462,10000,7.33,83.1,426600 4376100,5.5,Tolerable,yellow,YES,265.0768686,2719.1816331,111.2875461
426600,4376100,C&DOH,11.48294,10000,7.33,83.13,426600 4376100,3.5,Tolerable,yellow,YES,265.0768686,2719.1816331,111.2875461
426900,4376100,C&DOH,1.64042,10000,7.47,83.61,426900 4376100,0.5,Tolerable,yellow,YES,265.2632799,2719.1816331,111.2875461
426900,4376100,C&DOH,4.92126,10000,7.46,83.51,426900 4376100,1.5,Tolerable,yellow,YES,265.2632799,2719.1816331,111.2875461
426900,4376100,C&DOH,18.04462,10000,7.37,83.14,426900 4376100,5.5,Tolerable,yellow,YES,265.2632799,2719.1816331,111.2875461
426900,4376100,C&DOH,34.44882,10000,7.14,83.11,426900 4376100,10.5,Tolerable,yellow,YES,265.2632799,2719.1816331,111.2875461
426900,4376100,C&DOH,21.32546,10000,7.3,83.11,426900 4376100,6.5,Tolerable,yellow,YES,265.2632799,2719.1816331,111.2875461
426900,4376100,C&DOH,27.88714,10000,7.21,83.11,426900 4376100,8.5,Tolerable,yellow,YES,265.2632799,2719.1816331,111.2875461
426900,4376100,C&DOH,11.48294,10000,7.38,83.18,426900 4376100,3.5,Tolerable,yellow,YES,265.2632799,2719.1816331,111.2875461
426900,4376100,C&DOH,31.16798,10000,7.17,83.11,426900 4376100,9.5,Tolerable,yellow,YES,265.2632799,2719.1816331,111.2875461
426900,4376100,C&DOH,14.76378,10000,7.37,83.1,426900 4376100,4.5,Tolerable,yellow,YES,265.2632799,2719.1816331,111.2875461
426900,4376100,C&DOH,24.6063,10000,7.24,83.11,426900 4376100,7.5,Tolerable,yellow,YES,265.2632799,2719.1816331,111.2875461
426900,4376100,C&DOH,8.2021,10000,7.41,83.31,426900 4376100,2.5,Tolerable,yellow,YES,265.2632799,2719.1816331,111.2875461
427200,4376100,C&DOH,4.92126,10000,7.49,83.56,427200 4376100,1.5,Tolerable,yellow,YES,265.4496912,2719.1816331,111.2875461
427200,4376100,C&DOH,8.2021,10000,7.45,83.37,427200 4376100,2.5,Tolerable,yellow,YES,265.4496912,2719.1816331,111.2875461
427200,4376100,C&DOH,18.04462,10000,7.41,83.17,427200 4376100,5.5,Tolerable,yellow,YES,265.4496912,2719.1816331,111.2875461
427200,4376100,C&DOH,11.48294,10000,7.42,83.22,427200 4376100,3.5,Tolerable,yellow,YES,265.4496912,2719.1816331,111.2875461
427200,4376100,C&DOH,34.44882,10000,7.15,83.15,427200 4376100,10.5,Tolerable,yellow,YES,265.4496912,2719.1816331,111.2875461
427200,4376100,C&DOH,14.76378,10000,7.42,83.14,427200 4376100,4.5,Tolerable,yellow,YES,265.4496912,2719.1816331,111.2875461
427200,4376100,C&DOH,27.88714,10000,7.23,83.15,427200 4376100,8.5,Tolerable,yellow,YES,265.4496912,2719.1816331,111.2875461
427200,4376100,C&DOH,1.64042,10000,7.5,83.66,427200 4376100,0.5,Tolerable,yellow,YES,265.4496912,2719.1816331,111.2875461
427200,4376100,C&DOH,21.32546,10000,7.33,83.15,427200 4376100,6.5,Tolerable,yellow,YES,265.4496912,2719.1816331,111.2875461
427200,4376100,C&DOH,31.16798,10000,7.19,83.15,427200 4376100,9.5,Tolerable,yellow,YES,265.4496912,2719.1816331,111.2875461
427200,4376100,C&DOH,24.6063,10000,7.27,83.15,427200 4376100,7.5,Tolerable,yellow,YES,265.4496912,2719.1816331,111.2875461
427300,4376100,C&DOH,27.88714,10000,7.24,83.16,427300 4376100,8.5,Tolerable,yellow,YES,265.5118283,2719.1816331,111.2875461
427300,4376100,C&DOH,18.04462,10000,7.42,83.18,427300 4376100,5.5,Tolerable,yellow,YES,265.5118283,2719.1816331,111.2875461
427300,4376100,C&DOH,24.6063,10000,7.28,83.16,427300 4376100,7.5,Tolerable,yellow,YES,265.5118283,2719.1816331,111.2875461
427300,4376100,C&DOH,31.16798,10000,7.2,83.16,427300 4376100,9.5,Tolerable,yellow,YES,265.5118283,2719.1816331,111.2875461
427300,4376100,C&DOH,8.2021,10000,7.46,83.38,427300 4376100,2.5,Tolerable,yellow,YES,265.5118283,2719.1816331,111.2875461
427300,4376100,C&DOH,4.92126,10000,7.49,83.58,427300 4376100,1.5,Tolerable,yellow,YES,265.5118283,2719.1816331,111.2875461
427300,4376100,C&DOH,21.32546,10000,7.34,83.16,427300 4376100,6.5,Tolerable,yellow,YES,265.5118283,2719.1816331,111.2875461
427300,4376100,C&DOH,11.48294,10000,7.43,83.23,427300 4376100,3.5,Tolerable,yellow,YES,265.5118283,2719.1816331,111.2875461
427300,4376100,C&DOH,14.76378,10000,7.43,83.15,427300 4376100,4.5,Tolerable,yellow,YES,265.5118283,2719.1816331,111.2875461
427300,4376100,C&DOH,34.44882,10000,7.16,83.16,427300 4376100,10.5,Tolerable,yellow,YES,265.5118283,2719.1816331,111.2875461
427300,4376100,C&DOH,1.64042,10000,7.51,83.68,427300 4376100,0.5,Tolerable,yellow,YES,265.5118283,2719.1816331,111.2875461
427600,4376100,C&DOH,21.32546,10000,7.37,83.19,427600 4376100,6.5,Tolerable,yellow,YES,265.6982396,2719.1816331,111.2875461
427600,4376100,C&DOH,1.64042,10000,7.53,83.73,427600 4376100,0.5,Tolerable,yellow,YES,265.6982396,2719.1816331,111.2875461
427600,4376100,C&DOH,4.92126,10000,7.52,83.63,427600 4376100,1.5,Tolerable,yellow,YES,265.6982396,2719.1816331,111.2875461
427600,4376100,C&DOH,34.44882,10000,7.18,83.19,427600 4376100,10.5,Tolerable,yellow,YES,265.6982396,2719.1816331,111.2875461
427600,4376100,C&DOH,8.2021,10000,7.49,83.43,427600 4376100,2.5,Tolerable,yellow,YES,265.6982396,2719.1816331,111.2875461
427600,4376100,C&DOH,11.48294,10000,7.47,83.27,427600 4376100,3.5,Tolerable,yellow,YES,265.6982396,2719.1816331,111.2875461
427600,4376100,C&DOH,27.88714,10000,7.26,83.19,427600 4376100,8.5,Tolerable,yellow,YES,265.6982396,2719.1816331,111.2875461
427600,4376100,C&DOH,18.04462,10000,7.45,83.21,427600 4376100,5.5,Tolerable,yellow,YES,265.6982396,2719.1816331,111.2875461
427600,4376100,C&DOH,24.6063,10000,7.3,83.19,427600 4376100,7.5,Tolerable,yellow,YES,265.6982396,2719.1816331,111.2875461
427600,4376100,C&DOH,14.76378,10000,7.47,83.18,427600 4376100,4.5,Tolerable,yellow,YES,265.6982396,2719.1816331,111.2875461
427600,4376100,C&DOH,31.16798,10000,7.22,83.19,427600 4376100,9.5,Tolerable,yellow,YES,265.6982396,2719.1816331,111.2875461
427900,4376100,C&DOH,8.2021,10000,7.52,83.47,427900 4376100,2.5,Tolerable,yellow,YES,265.8846509,2719.1816331,111.2875461
427900,4376100,C&DOH,24.6063,10000,7.32,83.22,427900 4376100,7.5,Tolerable,yellow,YES,265.8846509,2719.1816331,111.2875461
427900,4376100,C&DOH,31.16798,10000,7.23,83.22,427900 4376100,9.5,Tolerable,yellow,YES,265.8846509,2719.1816331,111.2875461
427900,4376100,C&DOH,14.76378,10000,7.5,83.21,427900 4376100,4.5,Tolerable,yellow,YES,265.8846509,2719.1816331,111.2875461
427900,4376100,C&DOH,1.64042,10000,7.54,83.77,427900 4376100,0.5,Tolerable,yellow,YES,265.8846509,2719.1816331,111.2875461
427900,4376100,C&DOH,18.04462,10000,7.48,83.23,427900 4376100,5.5,Tolerable,yellow,YES,265.8846509,2719.1816331,111.2875461
427900,4376100,C&DOH,11.48294,10000,7.5,83.3,427900 4376100,3.5,Tolerable,yellow,YES,265.8846509,2719.1816331,111.2875461
427900,4376100,C&DOH,4.92126,10000,7.54,83.67,427900 4376100,1.5,Tolerable,yellow,YES,265.8846509,2719.1816331,111.2875461
427900,4376100,C&DOH,27.88714,10000,7.28,83.22,427900 4376100,8.5,Tolerable,yellow,YES,265.8846509,2719.1816331,111.2875461
427900,4376100,C&DOH,21.32546,10000,7.39,83.22,427900 4376100,6.5,Tolerable,yellow,YES,265.8846509,2719.1816331,111.2875461
427900,4376100,C&DOH,34.44882,10000,7.19,83.22,427900 4376100,10.5,Tolerable,yellow,YES,265.8846509,2719.1816331,111.2875461
428200,4376100,C&DOH,34.44882,10000,7.2,83.24,428200 4376100,10.5,Tolerable,yellow,YES,266.0710622,2719.1816331,111.2875461
428200,4376100,C&DOH,11.48294,10000,7.53,83.33,428200 4376100,3.5,Tolerable,yellow,YES,266.0710622,2719.1816331,111.2875461
428200,4376100,C&DOH,14.76378,10000,7.53,83.24,428200 4376100,4.5,Tolerable,yellow,YES,266.0710622,2719.1816331,111.2875461
428200,4376100,C&DOH,21.32546,10000,7.41,83.24,428200 4376100,6.5,Tolerable,yellow,YES,266.0710622,2719.1816331,111.2875461
428200,4376100,C&DOH,27.88714,10000,7.29,83.24,428200 4376100,8.5,Tolerable,yellow,YES,266.0710622,2719.1816331,111.2875461
428200,4376100,C&DOH,18.04462,10000,7.5,83.25,428200 4376100,5.5,Tolerable,yellow,YES,266.0710622,2719.1816331,111.2875461
428200,4376100,C&DOH,24.6063,10000,7.34,83.24,428200 4376100,7.5,Tolerable,yellow,YES,266.0710622,2719.1816331,111.2875461
428200,4376100,C&DOH,1.64042,10000,7.56,83.8,428200 4376100,0.5,Tolerable,yellow,YES,266.0710622,2719.1816331,111.2875461
428200,4376100,C&DOH,31.16798,10000,7.25,83.24,428200 4376100,9.5,Tolerable,yellow,YES,266.0710622,2719.1816331,111.2875461
428200,4376100,C&DOH,8.2021,10000,7.54,83.51,428200 4376100,2.5,Tolerable,yellow,YES,266.0710622,2719.1816331,111.2875461
428200,4376100,C&DOH,4.92126,10000,7.56,83.71,428200 4376100,1.5,Tolerable,yellow,YES,266.0710622,2719.1816331,111.2875461
