UTMX,UTMY,Segment,Sdepth,volume_m,DO,Wtemp,uniqueID,Sdepthm,habitat,color,keep,milesx,milesy,distfrommouth
300500,4254500,POTOH,6.56168,250000,7.03,84.85,300500 4254500,2,Marginal,orange,YES,186.7219855,2643.6229195,35.1074615000002
300500,4254500,POTOH,1.64042,250000,7.18,85.06,300500 4254500,0.5,Marginal,orange,YES,186.7219855,2643.6229195,35.1074615000002
300500,4254500,POTOH,4.92126,250000,7.08,84.96,300500 4254500,1.5,Marginal,orange,YES,186.7219855,2643.6229195,35.1074615000002
300500,4254500,POTOH,3.28084,250000,7.13,84.96,300500 4254500,1,Marginal,orange,YES,186.7219855,2643.6229195,35.1074615000002
300500,4254500,POTOH,0,250000,7.22,85.06,300500 4254500,0,Marginal,orange,YES,186.7219855,2643.6229195,35.1074615000002
301000,4265500,POTOH,6.56168,250000,7.16,85.27,301000 4265500,2,Marginal,orange,YES,187.032671,2650.4580005,41.9425425000004
301000,4265500,POTOH,9.84252,250000,7.09,85.28,301000 4265500,3,Marginal,orange,YES,187.032671,2650.4580005,41.9425425000004
301000,4265500,POTOH,8.2021,250000,7.12,85.27,301000 4265500,2.5,Marginal,orange,YES,187.032671,2650.4580005,41.9425425000004
301000,4265500,POTOH,3.28084,250000,7.27,85.43,301000 4265500,1,Marginal,orange,YES,187.032671,2650.4580005,41.9425425000004
301000,4265500,POTOH,11.48294,250000,7.06,85.28,301000 4265500,3.5,Marginal,orange,YES,187.032671,2650.4580005,41.9425425000004
301000,4265500,POTOH,1.64042,250000,7.31,85.44,301000 4265500,0.5,Marginal,orange,YES,187.032671,2650.4580005,41.9425425000004
301000,4265500,POTOH,4.92126,250000,7.23,85.33,301000 4265500,1.5,Marginal,orange,YES,187.032671,2650.4580005,41.9425425000004
301000,4265500,POTOH,0,250000,7.35,85.45,301000 4265500,0,Marginal,orange,YES,187.032671,2650.4580005,41.9425425000004
301000,4266000,POTOH,11.48294,250000,7.07,85.28,301000 4266000,3.5,Marginal,orange,YES,187.032671,2650.768686,42.253228
301000,4266000,POTOH,6.56168,250000,7.18,85.28,301000 4266000,2,Marginal,orange,YES,187.032671,2650.768686,42.253228
301000,4266000,POTOH,3.28084,250000,7.28,85.42,301000 4266000,1,Marginal,orange,YES,187.032671,2650.768686,42.253228
301000,4266000,POTOH,13.12336,250000,5.6,84.7,301000 4266000,4,Marginal,orange,YES,187.032671,2650.768686,42.253228
301000,4266000,POTOH,4.92126,250000,7.24,85.33,301000 4266000,1.5,Marginal,orange,YES,187.032671,2650.768686,42.253228
301000,4266000,POTOH,1.64042,250000,7.32,85.43,301000 4266000,0.5,Marginal,orange,YES,187.032671,2650.768686,42.253228
301000,4266000,POTOH,14.76378,250000,6.19,85.5,301000 4266000,4.5,Marginal,orange,YES,187.032671,2650.768686,42.253228
301000,4266000,POTOH,0,250000,7.36,85.44,301000 4266000,0,Marginal,orange,YES,187.032671,2650.768686,42.253228
301000,4266000,POTOH,9.84252,250000,7.1,85.29,301000 4266000,3,Marginal,orange,YES,187.032671,2650.768686,42.253228
301000,4266000,POTOH,8.2021,250000,7.14,85.28,301000 4266000,2.5,Marginal,orange,YES,187.032671,2650.768686,42.253228
301500,4256000,POTOH,6.56168,250000,6.96,84.83,301500 4256000,2,Marginal,orange,YES,187.3433565,2644.554976,36.039518
301500,4256000,POTOH,0,250000,7.16,85.05,301500 4256000,0,Marginal,orange,YES,187.3433565,2644.554976,36.039518
301500,4256000,POTOH,1.64042,250000,7.12,85.04,301500 4256000,0.5,Marginal,orange,YES,187.3433565,2644.554976,36.039518
301500,4256000,POTOH,4.92126,250000,7.02,84.93,301500 4256000,1.5,Marginal,orange,YES,187.3433565,2644.554976,36.039518
301500,4256000,POTOH,3.28084,250000,7.07,84.94,301500 4256000,1,Marginal,orange,YES,187.3433565,2644.554976,36.039518
301500,4256500,POTOH,3.28084,250000,7.04,84.94,301500 4256500,1,Marginal,orange,YES,187.3433565,2644.8656615,36.3502035000001
301500,4256500,POTOH,0,250000,7.13,85.05,301500 4256500,0,Marginal,orange,YES,187.3433565,2644.8656615,36.3502035000001
301500,4256500,POTOH,4.92126,250000,7,84.93,301500 4256500,1.5,Marginal,orange,YES,187.3433565,2644.8656615,36.3502035000001
301500,4256500,POTOH,1.64042,250000,7.09,85.03,301500 4256500,0.5,Marginal,orange,YES,187.3433565,2644.8656615,36.3502035000001
301500,4256500,POTOH,6.56168,250000,6.93,84.82,301500 4256500,2,Marginal,orange,YES,187.3433565,2644.8656615,36.3502035000001
301500,4257000,POTOH,8.2021,250000,6.82,84.81,301500 4257000,2.5,Marginal,orange,YES,187.3433565,2645.176347,36.6608890000002
301500,4257000,POTOH,1.64042,250000,7.07,85.04,301500 4257000,0.5,Marginal,orange,YES,187.3433565,2645.176347,36.6608890000002
301500,4257000,POTOH,0,250000,7.11,85.06,301500 4257000,0,Marginal,orange,YES,187.3433565,2645.176347,36.6608890000002
301500,4257000,POTOH,3.28084,250000,7.02,84.95,301500 4257000,1,Marginal,orange,YES,187.3433565,2645.176347,36.6608890000002
301500,4257000,POTOH,4.92126,250000,6.98,84.93,301500 4257000,1.5,Marginal,orange,YES,187.3433565,2645.176347,36.6608890000002
301500,4257000,POTOH,6.56168,250000,6.91,84.82,301500 4257000,2,Marginal,orange,YES,187.3433565,2645.176347,36.6608890000002
301500,4257500,POTOH,8.2021,250000,6.8,84.81,301500 4257500,2.5,Marginal,orange,YES,187.3433565,2645.4870325,36.9715745000003
301500,4257500,POTOH,0,250000,7.1,85.07,301500 4257500,0,Marginal,orange,YES,187.3433565,2645.4870325,36.9715745000003
301500,4257500,POTOH,4.92126,250000,6.97,84.94,301500 4257500,1.5,Marginal,orange,YES,187.3433565,2645.4870325,36.9715745000003
301500,4257500,POTOH,6.56168,250000,6.89,84.82,301500 4257500,2,Marginal,orange,YES,187.3433565,2645.4870325,36.9715745000003
301500,4257500,POTOH,1.64042,250000,7.05,85.05,301500 4257500,0.5,Marginal,orange,YES,187.3433565,2645.4870325,36.9715745000003
301500,4257500,POTOH,3.28084,250000,7.01,84.96,301500 4257500,1,Marginal,orange,YES,187.3433565,2645.4870325,36.9715745000003
301500,4258000,POTOH,6.56168,250000,6.87,84.83,301500 4258000,2,Marginal,orange,YES,187.3433565,2645.797718,37.2822600000004
301500,4258000,POTOH,8.2021,250000,6.79,84.82,301500 4258000,2.5,Marginal,orange,YES,187.3433565,2645.797718,37.2822600000004
301500,4258000,POTOH,3.28084,250000,7,84.99,301500 4258000,1,Marginal,orange,YES,187.3433565,2645.797718,37.2822600000004
301500,4258000,POTOH,4.92126,250000,6.97,84.96,301500 4258000,1.5,Marginal,orange,YES,187.3433565,2645.797718,37.2822600000004
301500,4258000,POTOH,0,250000,7.09,85.09,301500 4258000,0,Marginal,orange,YES,187.3433565,2645.797718,37.2822600000004
301500,4258000,POTOH,1.64042,250000,7.04,85.07,301500 4258000,0.5,Marginal,orange,YES,187.3433565,2645.797718,37.2822600000004
301500,4258500,POTOH,3.28084,250000,7,85.01,301500 4258500,1,Marginal,orange,YES,187.3433565,2646.1084035,37.5929455
301500,4258500,POTOH,8.2021,250000,6.79,84.84,301500 4258500,2.5,Marginal,orange,YES,187.3433565,2646.1084035,37.5929455
301500,4258500,POTOH,4.92126,250000,6.96,84.98,301500 4258500,1.5,Marginal,orange,YES,187.3433565,2646.1084035,37.5929455
301500,4258500,POTOH,9.84252,250000,6.35,84.75,301500 4258500,3,Marginal,orange,YES,187.3433565,2646.1084035,37.5929455
301500,4258500,POTOH,0,250000,7.09,85.12,301500 4258500,0,Marginal,orange,YES,187.3433565,2646.1084035,37.5929455
301500,4258500,POTOH,6.56168,250000,6.87,84.85,301500 4258500,2,Marginal,orange,YES,187.3433565,2646.1084035,37.5929455
301500,4258500,POTOH,1.64042,250000,7.04,85.09,301500 4258500,0.5,Marginal,orange,YES,187.3433565,2646.1084035,37.5929455
301500,4259000,POTOH,8.2021,250000,6.79,84.86,301500 4259000,2.5,Marginal,orange,YES,187.3433565,2646.419089,37.9036310000001
301500,4259000,POTOH,1.64042,250000,7.04,85.12,301500 4259000,0.5,Marginal,orange,YES,187.3433565,2646.419089,37.9036310000001
301500,4259000,POTOH,4.92126,250000,6.97,85.01,301500 4259000,1.5,Marginal,orange,YES,187.3433565,2646.419089,37.9036310000001
301500,4259000,POTOH,3.28084,250000,7,85.05,301500 4259000,1,Marginal,orange,YES,187.3433565,2646.419089,37.9036310000001
301500,4259000,POTOH,9.84252,250000,6.44,84.82,301500 4259000,3,Marginal,orange,YES,187.3433565,2646.419089,37.9036310000001
301500,4259000,POTOH,6.56168,250000,6.87,84.87,301500 4259000,2,Marginal,orange,YES,187.3433565,2646.419089,37.9036310000001
301500,4259000,POTOH,0,250000,7.09,85.15,301500 4259000,0,Marginal,orange,YES,187.3433565,2646.419089,37.9036310000001
301500,4259500,POTOH,1.64042,250000,7.05,85.15,301500 4259500,0.5,Marginal,orange,YES,187.3433565,2646.7297745,38.2143165000002
301500,4259500,POTOH,4.92126,250000,6.98,85.04,301500 4259500,1.5,Marginal,orange,YES,187.3433565,2646.7297745,38.2143165000002
301500,4259500,POTOH,6.56168,250000,6.87,84.9,301500 4259500,2,Marginal,orange,YES,187.3433565,2646.7297745,38.2143165000002
301500,4259500,POTOH,3.28084,250000,7.01,85.08,301500 4259500,1,Marginal,orange,YES,187.3433565,2646.7297745,38.2143165000002
301500,4259500,POTOH,11.48294,250000,6.46,84.86,301500 4259500,3.5,Marginal,orange,YES,187.3433565,2646.7297745,38.2143165000002
301500,4259500,POTOH,9.84252,250000,6.52,84.88,301500 4259500,3,Marginal,orange,YES,187.3433565,2646.7297745,38.2143165000002
301500,4259500,POTOH,8.2021,250000,6.8,84.89,301500 4259500,2.5,Marginal,orange,YES,187.3433565,2646.7297745,38.2143165000002
301500,4259500,POTOH,0,250000,7.1,85.18,301500 4259500,0,Marginal,orange,YES,187.3433565,2646.7297745,38.2143165000002
301500,4260000,POTOH,11.48294,250000,6.54,84.92,301500 4260000,3.5,Marginal,orange,YES,187.3433565,2647.04046,38.5250020000003
301500,4260000,POTOH,1.64042,250000,7.06,85.19,301500 4260000,0.5,Marginal,orange,YES,187.3433565,2647.04046,38.5250020000003
301500,4260000,POTOH,0,250000,7.11,85.22,301500 4260000,0,Marginal,orange,YES,187.3433565,2647.04046,38.5250020000003
301500,4260000,POTOH,9.84252,250000,6.6,84.94,301500 4260000,3,Marginal,orange,YES,187.3433565,2647.04046,38.5250020000003
301500,4260000,POTOH,4.92126,250000,7,85.07,301500 4260000,1.5,Marginal,orange,YES,187.3433565,2647.04046,38.5250020000003
301500,4260000,POTOH,6.56168,250000,6.88,84.94,301500 4260000,2,Marginal,orange,YES,187.3433565,2647.04046,38.5250020000003
301500,4260000,POTOH,8.2021,250000,6.81,84.92,301500 4260000,2.5,Marginal,orange,YES,187.3433565,2647.04046,38.5250020000003
301500,4260000,POTOH,3.28084,250000,7.02,85.12,301500 4260000,1,Marginal,orange,YES,187.3433565,2647.04046,38.5250020000003
301500,4260500,POTOH,6.56168,250000,6.9,84.97,301500 4260500,2,Marginal,orange,YES,187.3433565,2647.3511455,38.8356875000004
301500,4260500,POTOH,8.2021,250000,6.84,84.96,301500 4260500,2.5,Marginal,orange,YES,187.3433565,2647.3511455,38.8356875000004
301500,4260500,POTOH,9.84252,250000,6.67,85,301500 4260500,3,Marginal,orange,YES,187.3433565,2647.3511455,38.8356875000004
301500,4260500,POTOH,1.64042,250000,7.08,85.22,301500 4260500,0.5,Marginal,orange,YES,187.3433565,2647.3511455,38.8356875000004
301500,4260500,POTOH,0,250000,7.13,85.26,301500 4260500,0,Marginal,orange,YES,187.3433565,2647.3511455,38.8356875000004
301500,4260500,POTOH,11.48294,250000,6.61,84.98,301500 4260500,3.5,Marginal,orange,YES,187.3433565,2647.3511455,38.8356875000004
301500,4260500,POTOH,4.92126,250000,7.02,85.11,301500 4260500,1.5,Marginal,orange,YES,187.3433565,2647.3511455,38.8356875000004
301500,4260500,POTOH,3.28084,250000,7.04,85.17,301500 4260500,1,Marginal,orange,YES,187.3433565,2647.3511455,38.8356875000004
301500,4261000,POTOH,13.12336,250000,5.14,84.08,301500 4261000,4,Tolerable,yellow,YES,187.3433565,2647.661831,39.146373
301500,4261000,POTOH,6.56168,250000,6.93,85.01,301500 4261000,2,Marginal,orange,YES,187.3433565,2647.661831,39.146373
301500,4261000,POTOH,9.84252,250000,6.73,85.05,301500 4261000,3,Marginal,orange,YES,187.3433565,2647.661831,39.146373
301500,4261000,POTOH,4.92126,250000,7.04,85.15,301500 4261000,1.5,Marginal,orange,YES,187.3433565,2647.661831,39.146373
301500,4261000,POTOH,8.2021,250000,6.86,85,301500 4261000,2.5,Marginal,orange,YES,187.3433565,2647.661831,39.146373
301500,4261000,POTOH,1.64042,250000,7.1,85.26,301500 4261000,0.5,Marginal,orange,YES,187.3433565,2647.661831,39.146373
301500,4261000,POTOH,11.48294,250000,6.68,85.04,301500 4261000,3.5,Marginal,orange,YES,187.3433565,2647.661831,39.146373
301500,4261000,POTOH,0,250000,7.15,85.29,301500 4261000,0,Marginal,orange,YES,187.3433565,2647.661831,39.146373
301500,4261000,POTOH,3.28084,250000,7.06,85.21,301500 4261000,1,Marginal,orange,YES,187.3433565,2647.661831,39.146373
301500,4261500,POTOH,8.2021,250000,6.89,85.04,301500 4261500,2.5,Marginal,orange,YES,187.3433565,2647.9725165,39.4570585000001
301500,4261500,POTOH,4.92126,250000,7.06,85.18,301500 4261500,1.5,Marginal,orange,YES,187.3433565,2647.9725165,39.4570585000001
301500,4261500,POTOH,13.12336,250000,5.19,84.15,301500 4261500,4,Tolerable,yellow,YES,187.3433565,2647.9725165,39.4570585000001
301500,4261500,POTOH,9.84252,250000,6.8,85.09,301500 4261500,3,Marginal,orange,YES,187.3433565,2647.9725165,39.4570585000001
301500,4261500,POTOH,11.48294,250000,6.75,85.08,301500 4261500,3.5,Marginal,orange,YES,187.3433565,2647.9725165,39.4570585000001
301500,4261500,POTOH,6.56168,250000,6.95,85.05,301500 4261500,2,Marginal,orange,YES,187.3433565,2647.9725165,39.4570585000001
301500,4261500,POTOH,3.28084,250000,7.09,85.25,301500 4261500,1,Marginal,orange,YES,187.3433565,2647.9725165,39.4570585000001
301500,4261500,POTOH,0,250000,7.17,85.32,301500 4261500,0,Marginal,orange,YES,187.3433565,2647.9725165,39.4570585000001
301500,4261500,POTOH,1.64042,250000,7.13,85.29,301500 4261500,0.5,Marginal,orange,YES,187.3433565,2647.9725165,39.4570585000001
301500,4261500,POTOH,14.76378,250000,6.19,85.5,301500 4261500,4.5,Marginal,orange,YES,187.3433565,2647.9725165,39.4570585000001
301500,4262000,POTOH,3.28084,250000,7.11,85.28,301500 4262000,1,Marginal,orange,YES,187.3433565,2648.283202,39.7677440000002
301500,4262000,POTOH,1.64042,250000,7.15,85.32,301500 4262000,0.5,Marginal,orange,YES,187.3433565,2648.283202,39.7677440000002
301500,4262000,POTOH,4.92126,250000,7.09,85.21,301500 4262000,1.5,Marginal,orange,YES,187.3433565,2648.283202,39.7677440000002
301500,4262000,POTOH,6.56168,250000,6.98,85.09,301500 4262000,2,Marginal,orange,YES,187.3433565,2648.283202,39.7677440000002
301500,4262000,POTOH,8.2021,250000,6.93,85.08,301500 4262000,2.5,Marginal,orange,YES,187.3433565,2648.283202,39.7677440000002
301500,4262000,POTOH,11.48294,250000,6.81,85.13,301500 4262000,3.5,Marginal,orange,YES,187.3433565,2648.283202,39.7677440000002
301500,4262000,POTOH,9.84252,250000,6.85,85.13,301500 4262000,3,Marginal,orange,YES,187.3433565,2648.283202,39.7677440000002
301500,4262000,POTOH,13.12336,250000,5.24,84.22,301500 4262000,4,Marginal,orange,YES,187.3433565,2648.283202,39.7677440000002
301500,4262000,POTOH,0,250000,7.2,85.35,301500 4262000,0,Marginal,orange,YES,187.3433565,2648.283202,39.7677440000002
301500,4262500,POTOH,0,250000,7.28,85.5,301500 4262500,0,Marginal,orange,YES,187.3433565,2648.5938875,40.0784295000003
301500,4262500,POTOH,8.2021,250000,6.96,85.12,301500 4262500,2.5,Marginal,orange,YES,187.3433565,2648.5938875,40.0784295000003
301500,4262500,POTOH,9.84252,250000,6.9,85.17,301500 4262500,3,Marginal,orange,YES,187.3433565,2648.5938875,40.0784295000003
301500,4262500,POTOH,11.48294,250000,6.86,85.16,301500 4262500,3.5,Marginal,orange,YES,187.3433565,2648.5938875,40.0784295000003
301500,4262500,POTOH,1.64042,250000,7.23,85.47,301500 4262500,0.5,Marginal,orange,YES,187.3433565,2648.5938875,40.0784295000003
301500,4262500,POTOH,13.12336,250000,5.29,84.28,301500 4262500,4,Marginal,orange,YES,187.3433565,2648.5938875,40.0784295000003
301500,4262500,POTOH,3.28084,250000,7.2,85.44,301500 4262500,1,Marginal,orange,YES,187.3433565,2648.5938875,40.0784295000003
301500,4262500,POTOH,6.56168,250000,7.01,85.13,301500 4262500,2,Marginal,orange,YES,187.3433565,2648.5938875,40.0784295000003
301500,4262500,POTOH,4.92126,250000,7.17,85.36,301500 4262500,1.5,Marginal,orange,YES,187.3433565,2648.5938875,40.0784295000003
301500,4263000,POTOH,3.28084,250000,7.21,85.44,301500 4263000,1,Marginal,orange,YES,187.3433565,2648.904573,40.3891150000004
301500,4263000,POTOH,11.48294,250000,6.91,85.19,301500 4263000,3.5,Marginal,orange,YES,187.3433565,2648.904573,40.3891150000004
301500,4263000,POTOH,4.92126,250000,7.18,85.36,301500 4263000,1.5,Marginal,orange,YES,187.3433565,2648.904573,40.3891150000004
301500,4263000,POTOH,9.84252,250000,6.95,85.2,301500 4263000,3,Marginal,orange,YES,187.3433565,2648.904573,40.3891150000004
301500,4263000,POTOH,0,250000,7.29,85.5,301500 4263000,0,Marginal,orange,YES,187.3433565,2648.904573,40.3891150000004
301500,4263000,POTOH,1.64042,250000,7.24,85.47,301500 4263000,0.5,Marginal,orange,YES,187.3433565,2648.904573,40.3891150000004
301500,4263000,POTOH,6.56168,250000,7.05,85.16,301500 4263000,2,Marginal,orange,YES,187.3433565,2648.904573,40.3891150000004
301500,4263000,POTOH,8.2021,250000,7,85.16,301500 4263000,2.5,Marginal,orange,YES,187.3433565,2648.904573,40.3891150000004
301500,4263500,POTOH,8.2021,250000,7.03,85.19,301500 4263500,2.5,Marginal,orange,YES,187.3433565,2649.2152585,40.6998005
301500,4263500,POTOH,6.56168,250000,7.08,85.2,301500 4263500,2,Marginal,orange,YES,187.3433565,2649.2152585,40.6998005
301500,4263500,POTOH,9.84252,250000,6.99,85.22,301500 4263500,3,Marginal,orange,YES,187.3433565,2649.2152585,40.6998005
301500,4263500,POTOH,1.64042,250000,7.26,85.47,301500 4263500,0.5,Marginal,orange,YES,187.3433565,2649.2152585,40.6998005
301500,4263500,POTOH,11.48294,250000,6.95,85.22,301500 4263500,3.5,Marginal,orange,YES,187.3433565,2649.2152585,40.6998005
301500,4263500,POTOH,3.28084,250000,7.22,85.44,301500 4263500,1,Marginal,orange,YES,187.3433565,2649.2152585,40.6998005
301500,4263500,POTOH,0,250000,7.3,85.5,301500 4263500,0,Marginal,orange,YES,187.3433565,2649.2152585,40.6998005
301500,4263500,POTOH,4.92126,250000,7.19,85.36,301500 4263500,1.5,Marginal,orange,YES,187.3433565,2649.2152585,40.6998005
301500,4264000,POTOH,3.28084,250000,7.24,85.44,301500 4264000,1,Marginal,orange,YES,187.3433565,2649.525944,41.0104860000001
301500,4264000,POTOH,0,250000,7.31,85.49,301500 4264000,0,Marginal,orange,YES,187.3433565,2649.525944,41.0104860000001
301500,4264000,POTOH,4.92126,250000,7.2,85.35,301500 4264000,1.5,Marginal,orange,YES,187.3433565,2649.525944,41.0104860000001
301500,4264000,POTOH,8.2021,250000,7.06,85.22,301500 4264000,2.5,Marginal,orange,YES,187.3433565,2649.525944,41.0104860000001
301500,4264000,POTOH,6.56168,250000,7.11,85.22,301500 4264000,2,Marginal,orange,YES,187.3433565,2649.525944,41.0104860000001
301500,4264000,POTOH,9.84252,250000,7.03,85.25,301500 4264000,3,Marginal,orange,YES,187.3433565,2649.525944,41.0104860000001
301500,4264000,POTOH,1.64042,250000,7.27,85.46,301500 4264000,0.5,Marginal,orange,YES,187.3433565,2649.525944,41.0104860000001
301500,4264500,POTOH,8.2021,250000,7.09,85.24,301500 4264500,2.5,Marginal,orange,YES,187.3433565,2649.8366295,41.3211715000002
301500,4264500,POTOH,3.28084,250000,7.25,85.44,301500 4264500,1,Marginal,orange,YES,187.3433565,2649.8366295,41.3211715000002
301500,4264500,POTOH,9.84252,250000,7.06,85.26,301500 4264500,3,Marginal,orange,YES,187.3433565,2649.8366295,41.3211715000002
301500,4264500,POTOH,1.64042,250000,7.29,85.45,301500 4264500,0.5,Marginal,orange,YES,187.3433565,2649.8366295,41.3211715000002
301500,4264500,POTOH,0,250000,7.33,85.47,301500 4264500,0,Marginal,orange,YES,187.3433565,2649.8366295,41.3211715000002
301500,4264500,POTOH,4.92126,250000,7.22,85.35,301500 4264500,1.5,Marginal,orange,YES,187.3433565,2649.8366295,41.3211715000002
301500,4264500,POTOH,6.56168,250000,7.13,85.25,301500 4264500,2,Marginal,orange,YES,187.3433565,2649.8366295,41.3211715000002
301500,4265000,POTOH,1.64042,250000,7.3,85.44,301500 4265000,0.5,Marginal,orange,YES,187.3433565,2650.147315,41.6318570000003
301500,4265000,POTOH,6.56168,250000,7.16,85.26,301500 4265000,2,Marginal,orange,YES,187.3433565,2650.147315,41.6318570000003
301500,4265000,POTOH,9.84252,250000,7.08,85.28,301500 4265000,3,Marginal,orange,YES,187.3433565,2650.147315,41.6318570000003
301500,4265000,POTOH,3.28084,250000,7.26,85.43,301500 4265000,1,Marginal,orange,YES,187.3433565,2650.147315,41.6318570000003
301500,4265000,POTOH,8.2021,250000,7.12,85.26,301500 4265000,2.5,Marginal,orange,YES,187.3433565,2650.147315,41.6318570000003
301500,4265000,POTOH,4.92126,250000,7.23,85.34,301500 4265000,1.5,Marginal,orange,YES,187.3433565,2650.147315,41.6318570000003
301500,4265000,POTOH,11.48294,250000,7.05,85.27,301500 4265000,3.5,Marginal,orange,YES,187.3433565,2650.147315,41.6318570000003
301500,4265000,POTOH,0,250000,7.34,85.46,301500 4265000,0,Marginal,orange,YES,187.3433565,2650.147315,41.6318570000003
302000,4253000,POTOH,11.48294,250000,4.99,83.52,302000 4253000,3.5,Tolerable,yellow,YES,187.654042,2642.690863,34.1754050000004
302000,4253000,POTOH,8.2021,250000,7.02,84.9,302000 4253000,2.5,Marginal,orange,YES,187.654042,2642.690863,34.1754050000004
302000,4253000,POTOH,3.28084,250000,7.2,85,302000 4253000,1,Marginal,orange,YES,187.654042,2642.690863,34.1754050000004
302000,4253000,POTOH,0,250000,7.29,85.1,302000 4253000,0,Marginal,orange,YES,187.654042,2642.690863,34.1754050000004
302000,4253000,POTOH,4.92126,250000,7.15,85,302000 4253000,1.5,Marginal,orange,YES,187.654042,2642.690863,34.1754050000004
302000,4253000,POTOH,6.56168,250000,7.1,84.9,302000 4253000,2,Marginal,orange,YES,187.654042,2642.690863,34.1754050000004
302000,4253000,POTOH,1.64042,250000,7.25,85.1,302000 4253000,0.5,Marginal,orange,YES,187.654042,2642.690863,34.1754050000004
302000,4253000,POTOH,9.84252,250000,5.21,83.64,302000 4253000,3,Tolerable,yellow,YES,187.654042,2642.690863,34.1754050000004
302000,4253500,POTOH,6.56168,250000,7.1,84.9,302000 4253500,2,Marginal,orange,YES,187.654042,2643.0015485,34.4860905000001
302000,4253500,POTOH,9.84252,250000,5.28,83.7,302000 4253500,3,Tolerable,yellow,YES,187.654042,2643.0015485,34.4860905000001
302000,4253500,POTOH,11.48294,250000,5.06,83.59,302000 4253500,3.5,Tolerable,yellow,YES,187.654042,2643.0015485,34.4860905000001
302000,4253500,POTOH,0,250000,7.28,85.1,302000 4253500,0,Marginal,orange,YES,187.654042,2643.0015485,34.4860905000001
302000,4253500,POTOH,1.64042,250000,7.24,85.1,302000 4253500,0.5,Marginal,orange,YES,187.654042,2643.0015485,34.4860905000001
302000,4253500,POTOH,4.92126,250000,7.15,85,302000 4253500,1.5,Marginal,orange,YES,187.654042,2643.0015485,34.4860905000001
302000,4253500,POTOH,3.28084,250000,7.19,85,302000 4253500,1,Marginal,orange,YES,187.654042,2643.0015485,34.4860905000001
302000,4253500,POTOH,8.2021,250000,7.02,84.89,302000 4253500,2.5,Marginal,orange,YES,187.654042,2643.0015485,34.4860905000001
302000,4254000,POTOH,0,250000,7.26,85.09,302000 4254000,0,Marginal,orange,YES,187.654042,2643.312234,34.7967760000001
302000,4254000,POTOH,9.84252,250000,5.35,83.77,302000 4254000,3,Tolerable,yellow,YES,187.654042,2643.312234,34.7967760000001
302000,4254000,POTOH,11.48294,250000,5.13,83.65,302000 4254000,3.5,Tolerable,yellow,YES,187.654042,2643.312234,34.7967760000001
302000,4254000,POTOH,3.28084,250000,7.18,84.98,302000 4254000,1,Marginal,orange,YES,187.654042,2643.312234,34.7967760000001
302000,4254000,POTOH,4.92126,250000,7.13,84.98,302000 4254000,1.5,Marginal,orange,YES,187.654042,2643.312234,34.7967760000001
302000,4254000,POTOH,6.56168,250000,7.08,84.88,302000 4254000,2,Marginal,orange,YES,187.654042,2643.312234,34.7967760000001
302000,4254000,POTOH,1.64042,250000,7.23,85.08,302000 4254000,0.5,Marginal,orange,YES,187.654042,2643.312234,34.7967760000001
302000,4254000,POTOH,8.2021,250000,7,84.88,302000 4254000,2.5,Marginal,orange,YES,187.654042,2643.312234,34.7967760000001
302000,4255000,POTOH,6.56168,250000,7.02,84.85,302000 4255000,2,Marginal,orange,YES,187.654042,2643.933605,35.4181470000003
302000,4255000,POTOH,8.2021,250000,6.94,84.85,302000 4255000,2.5,Marginal,orange,YES,187.654042,2643.933605,35.4181470000003
302000,4255000,POTOH,1.64042,250000,7.17,85.05,302000 4255000,0.5,Marginal,orange,YES,187.654042,2643.933605,35.4181470000003
302000,4255000,POTOH,4.92126,250000,7.08,84.95,302000 4255000,1.5,Marginal,orange,YES,187.654042,2643.933605,35.4181470000003
302000,4255000,POTOH,3.28084,250000,7.12,84.96,302000 4255000,1,Marginal,orange,YES,187.654042,2643.933605,35.4181470000003
302000,4255000,POTOH,0,250000,7.21,85.06,302000 4255000,0,Marginal,orange,YES,187.654042,2643.933605,35.4181470000003
302000,4255500,POTOH,4.92126,250000,7.05,84.94,302000 4255500,1.5,Marginal,orange,YES,187.654042,2644.2442905,35.7288325000004
302000,4255500,POTOH,8.2021,250000,6.9,84.83,302000 4255500,2.5,Marginal,orange,YES,187.654042,2644.2442905,35.7288325000004
302000,4255500,POTOH,6.56168,250000,6.99,84.83,302000 4255500,2,Marginal,orange,YES,187.654042,2644.2442905,35.7288325000004
302000,4255500,POTOH,1.64042,250000,7.14,85.04,302000 4255500,0.5,Marginal,orange,YES,187.654042,2644.2442905,35.7288325000004
302000,4255500,POTOH,0,250000,7.18,85.05,302000 4255500,0,Marginal,orange,YES,187.654042,2644.2442905,35.7288325000004
302000,4255500,POTOH,3.28084,250000,7.09,84.95,302000 4255500,1,Marginal,orange,YES,187.654042,2644.2442905,35.7288325000004
302000,4266500,POTTF,13.12336,250000,5.67,84.8,302000 4266500,4,Marginal,orange,YES,187.654042,2651.0793715,42.5639135000001
302000,4266500,POTTF,11.48294,250000,7.1,85.3,302000 4266500,3.5,Marginal,orange,YES,187.654042,2651.0793715,42.5639135000001
302000,4266500,POTTF,4.92126,250000,7.26,85.31,302000 4266500,1.5,Marginal,orange,YES,187.654042,2651.0793715,42.5639135000001
302000,4266500,POTTF,3.28084,250000,7.3,85.41,302000 4266500,1,Marginal,orange,YES,187.654042,2651.0793715,42.5639135000001
302000,4266500,POTTF,9.84252,250000,7.14,85.3,302000 4266500,3,Marginal,orange,YES,187.654042,2651.0793715,42.5639135000001
302000,4266500,POTTF,8.2021,250000,7.17,85.3,302000 4266500,2.5,Marginal,orange,YES,187.654042,2651.0793715,42.5639135000001
302000,4266500,POTTF,0,250000,7.38,85.41,302000 4266500,0,Marginal,orange,YES,187.654042,2651.0793715,42.5639135000001
302000,4266500,POTTF,1.64042,250000,7.35,85.41,302000 4266500,0.5,Marginal,orange,YES,187.654042,2651.0793715,42.5639135000001
302000,4266500,POTTF,6.56168,250000,7.21,85.3,302000 4266500,2,Marginal,orange,YES,187.654042,2651.0793715,42.5639135000001
302000,4267000,POTTF,8.2021,250000,7.17,85.3,302000 4267000,2.5,Marginal,orange,YES,187.654042,2651.390057,42.8745990000002
302000,4267000,POTTF,3.28084,250000,7.3,85.4,302000 4267000,1,Marginal,orange,YES,187.654042,2651.390057,42.8745990000002
302000,4267000,POTTF,4.92126,250000,7.26,85.3,302000 4267000,1.5,Marginal,orange,YES,187.654042,2651.390057,42.8745990000002
302000,4267000,POTTF,6.56168,250000,7.21,85.3,302000 4267000,2,Marginal,orange,YES,187.654042,2651.390057,42.8745990000002
302000,4267000,POTTF,1.64042,250000,7.35,85.4,302000 4267000,0.5,Marginal,orange,YES,187.654042,2651.390057,42.8745990000002
302000,4267000,POTTF,11.48294,250000,7.11,85.3,302000 4267000,3.5,Marginal,orange,YES,187.654042,2651.390057,42.8745990000002
302000,4267000,POTTF,9.84252,250000,7.14,85.3,302000 4267000,3,Marginal,orange,YES,187.654042,2651.390057,42.8745990000002
302000,4267000,POTTF,0,250000,7.38,85.41,302000 4267000,0,Marginal,orange,YES,187.654042,2651.390057,42.8745990000002
302500,4251500,POTOH,1.64042,250000,7.13,85.01,302500 4251500,0.5,Marginal,orange,YES,187.9647275,2641.7588065,33.2433485000001
302500,4251500,POTOH,8.2021,250000,6.89,84.79,302500 4251500,2.5,Marginal,orange,YES,187.9647275,2641.7588065,33.2433485000001
302500,4251500,POTOH,4.92126,250000,7.04,84.91,302500 4251500,1.5,Marginal,orange,YES,187.9647275,2641.7588065,33.2433485000001
302500,4251500,POTOH,3.28084,250000,7.08,84.91,302500 4251500,1,Marginal,orange,YES,187.9647275,2641.7588065,33.2433485000001
302500,4251500,POTOH,6.56168,250000,6.98,84.8,302500 4251500,2,Marginal,orange,YES,187.9647275,2641.7588065,33.2433485000001
302500,4251500,POTOH,0,250000,7.17,85.02,302500 4251500,0,Marginal,orange,YES,187.9647275,2641.7588065,33.2433485000001
302500,4252000,POTOH,4.92126,250000,7.1,84.96,302500 4252000,1.5,Marginal,orange,YES,187.9647275,2642.069492,33.5540340000002
302500,4252000,POTOH,0,250000,7.23,85.06,302500 4252000,0,Marginal,orange,YES,187.9647275,2642.069492,33.5540340000002
302500,4252000,POTOH,8.2021,250000,6.96,84.84,302500 4252000,2.5,Marginal,orange,YES,187.9647275,2642.069492,33.5540340000002
302500,4252000,POTOH,3.28084,250000,7.14,84.96,302500 4252000,1,Marginal,orange,YES,187.9647275,2642.069492,33.5540340000002
302500,4252000,POTOH,6.56168,250000,7.04,84.85,302500 4252000,2,Marginal,orange,YES,187.9647275,2642.069492,33.5540340000002
302500,4252000,POTOH,1.64042,250000,7.19,85.06,302500 4252000,0.5,Marginal,orange,YES,187.9647275,2642.069492,33.5540340000002
302500,4252500,POTOH,4.92126,250000,7.13,84.98,302500 4252500,1.5,Marginal,orange,YES,187.9647275,2642.3801775,33.8647195000003
302500,4252500,POTOH,1.64042,250000,7.23,85.08,302500 4252500,0.5,Marginal,orange,YES,187.9647275,2642.3801775,33.8647195000003
302500,4252500,POTOH,8.2021,250000,7,84.88,302500 4252500,2.5,Marginal,orange,YES,187.9647275,2642.3801775,33.8647195000003
302500,4252500,POTOH,6.56168,250000,7.08,84.88,302500 4252500,2,Marginal,orange,YES,187.9647275,2642.3801775,33.8647195000003
302500,4252500,POTOH,0,250000,7.26,85.08,302500 4252500,0,Marginal,orange,YES,187.9647275,2642.3801775,33.8647195000003
302500,4252500,POTOH,3.28084,250000,7.18,84.98,302500 4252500,1,Marginal,orange,YES,187.9647275,2642.3801775,33.8647195000003
302500,4267500,POTTF,8.2021,250000,7.17,85.3,302500 4267500,2.5,Marginal,orange,YES,187.9647275,2651.7007425,43.1852845000003
302500,4267500,POTTF,4.92126,250000,7.26,85.3,302500 4267500,1.5,Marginal,orange,YES,187.9647275,2651.7007425,43.1852845000003
302500,4267500,POTTF,1.64042,250000,7.35,85.4,302500 4267500,0.5,Marginal,orange,YES,187.9647275,2651.7007425,43.1852845000003
302500,4267500,POTTF,9.84252,250000,7.14,85.3,302500 4267500,3,Marginal,orange,YES,187.9647275,2651.7007425,43.1852845000003
302500,4267500,POTTF,13.12336,250000,5.77,84.92,302500 4267500,4,Marginal,orange,YES,187.9647275,2651.7007425,43.1852845000003
302500,4267500,POTTF,11.48294,250000,7.11,85.3,302500 4267500,3.5,Marginal,orange,YES,187.9647275,2651.7007425,43.1852845000003
302500,4267500,POTTF,0,250000,7.38,85.4,302500 4267500,0,Marginal,orange,YES,187.9647275,2651.7007425,43.1852845000003
302500,4267500,POTTF,6.56168,250000,7.21,85.3,302500 4267500,2,Marginal,orange,YES,187.9647275,2651.7007425,43.1852845000003
302500,4267500,POTTF,3.28084,250000,7.3,85.4,302500 4267500,1,Marginal,orange,YES,187.9647275,2651.7007425,43.1852845000003
303000,4249500,POTOH,6.56168,250000,6.39,84.32,303000 4249500,2,Marginal,orange,YES,188.275413,2640.5160645,32.0006065000002
303000,4249500,POTOH,0,250000,6.63,84.58,303000 4249500,0,Marginal,orange,YES,188.275413,2640.5160645,32.0006065000002
303000,4249500,POTOH,4.92126,250000,6.47,84.45,303000 4249500,1.5,Marginal,orange,YES,188.275413,2640.5160645,32.0006065000002
303000,4249500,POTOH,1.64042,250000,6.58,84.55,303000 4249500,0.5,Marginal,orange,YES,188.275413,2640.5160645,32.0006065000002
303000,4249500,POTOH,3.28084,250000,6.51,84.45,303000 4249500,1,Marginal,orange,YES,188.275413,2640.5160645,32.0006065000002
303000,4249500,POTOH,8.2021,250000,6.26,84.28,303000 4249500,2.5,Marginal,orange,YES,188.275413,2640.5160645,32.0006065000002
303000,4250500,POTOH,3.28084,250000,6.81,84.69,303000 4250500,1,Marginal,orange,YES,188.275413,2641.1374355,32.6219775000004
303000,4250500,POTOH,4.92126,250000,6.76,84.69,303000 4250500,1.5,Marginal,orange,YES,188.275413,2641.1374355,32.6219775000004
303000,4250500,POTOH,11.48294,250000,4.62,83.16,303000 4250500,3.5,Tolerable,yellow,YES,188.275413,2641.1374355,32.6219775000004
303000,4250500,POTOH,8.2021,250000,6.59,84.54,303000 4250500,2.5,Marginal,orange,YES,188.275413,2641.1374355,32.6219775000004
303000,4250500,POTOH,6.56168,250000,6.7,84.56,303000 4250500,2,Marginal,orange,YES,188.275413,2641.1374355,32.6219775000004
303000,4250500,POTOH,0,250000,6.91,84.81,303000 4250500,0,Marginal,orange,YES,188.275413,2641.1374355,32.6219775000004
303000,4250500,POTOH,1.64042,250000,6.87,84.79,303000 4250500,0.5,Marginal,orange,YES,188.275413,2641.1374355,32.6219775000004
303000,4250500,POTOH,9.84252,250000,4.85,83.29,303000 4250500,3,Tolerable,yellow,YES,188.275413,2641.1374355,32.6219775000004
303000,4268000,POTTF,11.48294,250000,7.09,85.3,303000 4268000,3.5,Marginal,orange,YES,188.275413,2652.011428,43.4959700000004
303000,4268000,POTTF,9.84252,250000,7.13,85.29,303000 4268000,3,Marginal,orange,YES,188.275413,2652.011428,43.4959700000004
303000,4268000,POTTF,8.2021,250000,7.16,85.29,303000 4268000,2.5,Marginal,orange,YES,188.275413,2652.011428,43.4959700000004
303000,4268000,POTTF,13.12336,250000,5.82,84.99,303000 4268000,4,Marginal,orange,YES,188.275413,2652.011428,43.4959700000004
303000,4268000,POTTF,1.64042,250000,7.33,85.42,303000 4268000,0.5,Marginal,orange,YES,188.275413,2652.011428,43.4959700000004
303000,4268000,POTTF,0,250000,7.37,85.43,303000 4268000,0,Marginal,orange,YES,188.275413,2652.011428,43.4959700000004
303000,4268000,POTTF,4.92126,250000,7.25,85.32,303000 4268000,1.5,Marginal,orange,YES,188.275413,2652.011428,43.4959700000004
303000,4268000,POTTF,6.56168,250000,7.2,85.3,303000 4268000,2,Marginal,orange,YES,188.275413,2652.011428,43.4959700000004
303000,4268000,POTTF,3.28084,250000,7.29,85.42,303000 4268000,1,Marginal,orange,YES,188.275413,2652.011428,43.4959700000004
303000,4268500,POTTF,9.84252,250000,7.11,85.29,303000 4268500,3,Marginal,orange,YES,188.275413,2652.3221135,43.8066555
303000,4268500,POTTF,0,250000,7.35,85.46,303000 4268500,0,Marginal,orange,YES,188.275413,2652.3221135,43.8066555
303000,4268500,POTTF,1.64042,250000,7.31,85.45,303000 4268500,0.5,Marginal,orange,YES,188.275413,2652.3221135,43.8066555
303000,4268500,POTTF,4.92126,250000,7.23,85.34,303000 4268500,1.5,Marginal,orange,YES,188.275413,2652.3221135,43.8066555
303000,4268500,POTTF,6.56168,250000,7.19,85.3,303000 4268500,2,Marginal,orange,YES,188.275413,2652.3221135,43.8066555
303000,4268500,POTTF,13.12336,250000,5.85,85.03,303000 4268500,4,Marginal,orange,YES,188.275413,2652.3221135,43.8066555
303000,4268500,POTTF,8.2021,250000,7.15,85.3,303000 4268500,2.5,Marginal,orange,YES,188.275413,2652.3221135,43.8066555
303000,4268500,POTTF,3.28084,250000,7.27,85.44,303000 4268500,1,Marginal,orange,YES,188.275413,2652.3221135,43.8066555
303000,4268500,POTTF,11.48294,250000,7.08,85.29,303000 4268500,3.5,Marginal,orange,YES,188.275413,2652.3221135,43.8066555
303500,4249000,POTOH,8.2021,250000,5.96,84.03,303500 4249000,2.5,Tolerable,yellow,YES,188.5860985,2640.205379,31.6899210000001
303500,4249000,POTOH,6.56168,250000,6.11,84.09,303500 4249000,2,Tolerable,yellow,YES,188.5860985,2640.205379,31.6899210000001
303500,4249000,POTOH,1.64042,250000,6.3,84.31,303500 4249000,0.5,Marginal,orange,YES,188.5860985,2640.205379,31.6899210000001
303500,4249000,POTOH,3.28084,250000,6.23,84.21,303500 4249000,1,Marginal,orange,YES,188.5860985,2640.205379,31.6899210000001
303500,4249000,POTOH,0,250000,6.36,84.36,303500 4249000,0,Marginal,orange,YES,188.5860985,2640.205379,31.6899210000001
303500,4249000,POTOH,4.92126,250000,6.19,84.2,303500 4249000,1.5,Tolerable,yellow,YES,188.5860985,2640.205379,31.6899210000001
303500,4250000,POTOH,0,250000,6.66,84.61,303500 4250000,0,Marginal,orange,YES,188.5860985,2640.82675,32.3112920000003
303500,4250000,POTOH,3.28084,250000,6.55,84.48,303500 4250000,1,Marginal,orange,YES,188.5860985,2640.82675,32.3112920000003
303500,4250000,POTOH,9.84252,250000,4.8,83.26,303500 4250000,3,Tolerable,yellow,YES,188.5860985,2640.82675,32.3112920000003
303500,4250000,POTOH,8.2021,250000,6.3,84.31,303500 4250000,2.5,Marginal,orange,YES,188.5860985,2640.82675,32.3112920000003
303500,4250000,POTOH,6.56168,250000,6.43,84.35,303500 4250000,2,Marginal,orange,YES,188.5860985,2640.82675,32.3112920000003
303500,4250000,POTOH,1.64042,250000,6.61,84.57,303500 4250000,0.5,Marginal,orange,YES,188.5860985,2640.82675,32.3112920000003
303500,4250000,POTOH,4.92126,250000,6.5,84.47,303500 4250000,1.5,Marginal,orange,YES,188.5860985,2640.82675,32.3112920000003
303500,4269000,POTTF,13.12336,250000,5.9,85.1,303500 4269000,4,Marginal,orange,YES,188.5860985,2652.632799,44.1173410000001
303500,4269000,POTTF,9.84252,250000,7.07,85.28,303500 4269000,3,Marginal,orange,YES,188.5860985,2652.632799,44.1173410000001
303500,4269000,POTTF,3.28084,250000,7.23,85.49,303500 4269000,1,Marginal,orange,YES,188.5860985,2652.632799,44.1173410000001
303500,4269000,POTTF,8.2021,250000,7.12,85.29,303500 4269000,2.5,Marginal,orange,YES,188.5860985,2652.632799,44.1173410000001
303500,4269000,POTTF,1.64042,250000,7.26,85.51,303500 4269000,0.5,Marginal,orange,YES,188.5860985,2652.632799,44.1173410000001
303500,4269000,POTTF,0,250000,7.3,85.55,303500 4269000,0,Marginal,orange,YES,188.5860985,2652.632799,44.1173410000001
303500,4269000,POTTF,11.48294,250000,7.04,85.29,303500 4269000,3.5,Marginal,orange,YES,188.5860985,2652.632799,44.1173410000001
303500,4269000,POTTF,4.92126,250000,7.2,85.4,303500 4269000,1.5,Marginal,orange,YES,188.5860985,2652.632799,44.1173410000001
303500,4269000,POTTF,6.56168,250000,7.16,85.29,303500 4269000,2,Marginal,orange,YES,188.5860985,2652.632799,44.1173410000001
303500,4269500,POTTF,11.48294,250000,7.01,85.28,303500 4269500,3.5,Marginal,orange,YES,188.5860985,2652.9434845,44.4280265000002
303500,4269500,POTTF,13.12336,250000,6.05,85.03,303500 4269500,4,Marginal,orange,YES,188.5860985,2652.9434845,44.4280265000002
303500,4269500,POTTF,8.2021,250000,7.09,85.29,303500 4269500,2.5,Marginal,orange,YES,188.5860985,2652.9434845,44.4280265000002
303500,4269500,POTTF,9.84252,250000,7.03,85.27,303500 4269500,3,Marginal,orange,YES,188.5860985,2652.9434845,44.4280265000002
303500,4269500,POTTF,6.56168,250000,7.13,85.29,303500 4269500,2,Marginal,orange,YES,188.5860985,2652.9434845,44.4280265000002
303500,4269500,POTTF,1.64042,250000,7.22,85.56,303500 4269500,0.5,Marginal,orange,YES,188.5860985,2652.9434845,44.4280265000002
303500,4269500,POTTF,0,250000,7.27,85.6,303500 4269500,0,Marginal,orange,YES,188.5860985,2652.9434845,44.4280265000002
303500,4269500,POTTF,3.28084,250000,7.19,85.53,303500 4269500,1,Marginal,orange,YES,188.5860985,2652.9434845,44.4280265000002
303500,4269500,POTTF,4.92126,250000,7.18,85.44,303500 4269500,1.5,Marginal,orange,YES,188.5860985,2652.9434845,44.4280265000002
303500,4269500,POTTF,14.76378,250000,6.3,85.34,303500 4269500,4.5,Marginal,orange,YES,188.5860985,2652.9434845,44.4280265000002
304000,4248500,POTOH,6.56168,250000,5.82,83.85,304000 4248500,2,Tolerable,yellow,YES,188.896784,2639.8946935,31.3792355000001
304000,4248500,POTOH,9.84252,250000,4.74,83.22,304000 4248500,3,Tolerable,yellow,YES,188.896784,2639.8946935,31.3792355000001
304000,4248500,POTOH,4.92126,250000,5.87,83.89,304000 4248500,1.5,Tolerable,yellow,YES,188.896784,2639.8946935,31.3792355000001
304000,4248500,POTOH,1.64042,250000,6.01,84,304000 4248500,0.5,Tolerable,yellow,YES,188.896784,2639.8946935,31.3792355000001
304000,4248500,POTOH,8.2021,250000,5.65,83.79,304000 4248500,2.5,Tolerable,yellow,YES,188.896784,2639.8946935,31.3792355000001
304000,4248500,POTOH,3.28084,250000,5.93,83.9,304000 4248500,1,Tolerable,yellow,YES,188.896784,2639.8946935,31.3792355000001
304000,4248500,POTOH,0,250000,6.08,84.06,304000 4248500,0,Tolerable,yellow,YES,188.896784,2639.8946935,31.3792355000001
304000,4270000,POTTF,11.48294,250000,6.95,85.27,304000 4270000,3.5,Marginal,orange,YES,188.896784,2653.25417,44.7387120000003
304000,4270000,POTTF,0,250000,7.2,85.73,304000 4270000,0,Marginal,orange,YES,188.896784,2653.25417,44.7387120000003
304000,4270000,POTTF,9.84252,250000,6.97,85.27,304000 4270000,3,Marginal,orange,YES,188.896784,2653.25417,44.7387120000003
304000,4270000,POTTF,1.64042,250000,7.15,85.66,304000 4270000,0.5,Marginal,orange,YES,188.896784,2653.25417,44.7387120000003
304000,4270000,POTTF,6.56168,250000,7.07,85.29,304000 4270000,2,Marginal,orange,YES,188.896784,2653.25417,44.7387120000003
304000,4270000,POTTF,13.12336,250000,6.08,85.09,304000 4270000,4,Marginal,orange,YES,188.896784,2653.25417,44.7387120000003
304000,4270000,POTTF,3.28084,250000,7.13,85.62,304000 4270000,1,Marginal,orange,YES,188.896784,2653.25417,44.7387120000003
304000,4270000,POTTF,8.2021,250000,7.04,85.29,304000 4270000,2.5,Marginal,orange,YES,188.896784,2653.25417,44.7387120000003
304000,4270000,POTTF,4.92126,250000,7.14,85.53,304000 4270000,1.5,Marginal,orange,YES,188.896784,2653.25417,44.7387120000003
304000,4270500,POTTF,0,250000,7.17,85.79,304000 4270500,0,Marginal,orange,YES,188.896784,2653.5648555,45.0493975000004
304000,4270500,POTTF,4.92126,250000,7.11,85.57,304000 4270500,1.5,Marginal,orange,YES,188.896784,2653.5648555,45.0493975000004
304000,4270500,POTTF,8.2021,250000,6.99,85.29,304000 4270500,2.5,Marginal,orange,YES,188.896784,2653.5648555,45.0493975000004
304000,4270500,POTTF,3.28084,250000,7.1,85.66,304000 4270500,1,Marginal,orange,YES,188.896784,2653.5648555,45.0493975000004
304000,4270500,POTTF,13.12336,250000,6.1,85.12,304000 4270500,4,Marginal,orange,YES,188.896784,2653.5648555,45.0493975000004
304000,4270500,POTTF,9.84252,250000,6.92,85.26,304000 4270500,3,Marginal,orange,YES,188.896784,2653.5648555,45.0493975000004
304000,4270500,POTTF,6.56168,250000,7.03,85.29,304000 4270500,2,Marginal,orange,YES,188.896784,2653.5648555,45.0493975000004
304000,4270500,POTTF,1.64042,250000,7.11,85.7,304000 4270500,0.5,Marginal,orange,YES,188.896784,2653.5648555,45.0493975000004
304000,4270500,POTTF,11.48294,250000,6.91,85.27,304000 4270500,3.5,Marginal,orange,YES,188.896784,2653.5648555,45.0493975000004
304500,4271000,POTTF,6.56168,250000,6.95,85.29,304500 4271000,2,Marginal,orange,YES,189.2074695,2653.875541,45.360083
304500,4271000,POTTF,4.92126,250000,7.06,85.65,304500 4271000,1.5,Marginal,orange,YES,189.2074695,2653.875541,45.360083
304500,4271000,POTTF,9.84252,250000,6.89,85.28,304500 4271000,3,Marginal,orange,YES,189.2074695,2653.875541,45.360083
304500,4271000,POTTF,3.28084,250000,7.02,85.73,304500 4271000,1,Marginal,orange,YES,189.2074695,2653.875541,45.360083
304500,4271000,POTTF,0,250000,7.1,85.91,304500 4271000,0,Marginal,orange,YES,189.2074695,2653.875541,45.360083
304500,4271000,POTTF,1.64042,250000,7.03,85.8,304500 4271000,0.5,Marginal,orange,YES,189.2074695,2653.875541,45.360083
304500,4271000,POTTF,8.2021,250000,6.91,85.29,304500 4271000,2.5,Marginal,orange,YES,189.2074695,2653.875541,45.360083
304500,4271500,POTTF,8.2021,250000,6.86,85.29,304500 4271500,2.5,Marginal,orange,YES,189.2074695,2654.1862265,45.6707685000001
304500,4271500,POTTF,1.64042,250000,7,85.82,304500 4271500,0.5,Marginal,orange,YES,189.2074695,2654.1862265,45.6707685000001
304500,4271500,POTTF,4.92126,250000,7.03,85.66,304500 4271500,1.5,Marginal,orange,YES,189.2074695,2654.1862265,45.6707685000001
304500,4271500,POTTF,6.56168,250000,6.89,85.29,304500 4271500,2,Marginal,orange,YES,189.2074695,2654.1862265,45.6707685000001
304500,4271500,POTTF,0,250000,7.07,85.94,304500 4271500,0,Marginal,orange,YES,189.2074695,2654.1862265,45.6707685000001
304500,4271500,POTTF,3.28084,250000,6.99,85.75,304500 4271500,1,Marginal,orange,YES,189.2074695,2654.1862265,45.6707685000001
305000,4248000,POTOH,9.84252,250000,4.71,83.2,305000 4248000,3,Tolerable,yellow,YES,189.518155,2639.584008,31.0685500000004
305000,4248000,POTOH,3.28084,250000,5.53,83.58,305000 4248000,1,Tolerable,yellow,YES,189.518155,2639.584008,31.0685500000004
305000,4248000,POTOH,0,250000,5.7,83.76,305000 4248000,0,Tolerable,yellow,YES,189.518155,2639.584008,31.0685500000004
305000,4248000,POTOH,4.92126,250000,5.48,83.57,305000 4248000,1.5,Tolerable,yellow,YES,189.518155,2639.584008,31.0685500000004
305000,4248000,POTOH,8.2021,250000,5.25,83.46,305000 4248000,2.5,Tolerable,yellow,YES,189.518155,2639.584008,31.0685500000004
305000,4248000,POTOH,1.64042,250000,5.63,83.67,305000 4248000,0.5,Tolerable,yellow,YES,189.518155,2639.584008,31.0685500000004
305000,4248000,POTOH,6.56168,250000,5.43,83.55,305000 4248000,2,Tolerable,yellow,YES,189.518155,2639.584008,31.0685500000004
305000,4272000,POTTF,0,250000,7.02,86.03,305000 4272000,0,Unsuitable,black,YES,189.518155,2654.496912,45.9814540000002
305000,4272000,POTTF,3.28084,250000,6.94,85.81,305000 4272000,1,Marginal,orange,YES,189.518155,2654.496912,45.9814540000002
305000,4272000,POTTF,1.64042,250000,6.95,85.88,305000 4272000,0.5,Marginal,orange,YES,189.518155,2654.496912,45.9814540000002
305000,4272000,POTTF,8.2021,250000,6.77,85.3,305000 4272000,2.5,Marginal,orange,YES,189.518155,2654.496912,45.9814540000002
305000,4272000,POTTF,4.92126,250000,6.99,85.72,305000 4272000,1.5,Marginal,orange,YES,189.518155,2654.496912,45.9814540000002
305000,4272000,POTTF,6.56168,250000,6.8,85.3,305000 4272000,2,Marginal,orange,YES,189.518155,2654.496912,45.9814540000002
305500,4245500,POTOH,1.64042,250000,5.49,83.55,305500 4245500,0.5,Tolerable,yellow,YES,189.8288405,2638.0305805,29.5151225000004
305500,4245500,POTOH,0,250000,5.57,83.64,305500 4245500,0,Tolerable,yellow,YES,189.8288405,2638.0305805,29.5151225000004
305500,4245500,POTOH,3.28084,250000,5.4,83.46,305500 4245500,1,Tolerable,yellow,YES,189.8288405,2638.0305805,29.5151225000004
305500,4247000,POTOH,9.84252,250000,4.7,83.2,305500 4247000,3,Tolerable,yellow,YES,189.8288405,2638.962637,30.4471790000002
305500,4247000,POTOH,6.56168,250000,5.25,83.41,305500 4247000,2,Tolerable,yellow,YES,189.8288405,2638.962637,30.4471790000002
305500,4247000,POTOH,13.12336,250000,4.31,82.97,305500 4247000,4,Tolerable,yellow,YES,189.8288405,2638.962637,30.4471790000002
305500,4247000,POTOH,3.28084,250000,5.35,83.42,305500 4247000,1,Tolerable,yellow,YES,189.8288405,2638.962637,30.4471790000002
305500,4247000,POTOH,4.92126,250000,5.3,83.42,305500 4247000,1.5,Tolerable,yellow,YES,189.8288405,2638.962637,30.4471790000002
305500,4247000,POTOH,8.2021,250000,5.06,83.32,305500 4247000,2.5,Tolerable,yellow,YES,189.8288405,2638.962637,30.4471790000002
305500,4247000,POTOH,0,250000,5.53,83.62,305500 4247000,0,Tolerable,yellow,YES,189.8288405,2638.962637,30.4471790000002
305500,4247000,POTOH,11.48294,250000,4.5,83.09,305500 4247000,3.5,Tolerable,yellow,YES,189.8288405,2638.962637,30.4471790000002
305500,4247000,POTOH,1.64042,250000,5.45,83.52,305500 4247000,0.5,Tolerable,yellow,YES,189.8288405,2638.962637,30.4471790000002
306000,4246000,POTOH,6.56168,250000,5.21,83.38,306000 4246000,2,Tolerable,yellow,YES,190.139526,2638.341266,29.8258080000001
306000,4246000,POTOH,1.64042,250000,5.4,83.49,306000 4246000,0.5,Tolerable,yellow,YES,190.139526,2638.341266,29.8258080000001
306000,4246000,POTOH,3.28084,250000,5.31,83.39,306000 4246000,1,Tolerable,yellow,YES,190.139526,2638.341266,29.8258080000001
306000,4246000,POTOH,4.92126,250000,5.26,83.38,306000 4246000,1.5,Tolerable,yellow,YES,190.139526,2638.341266,29.8258080000001
306000,4246000,POTOH,0,250000,5.49,83.58,306000 4246000,0,Tolerable,yellow,YES,190.139526,2638.341266,29.8258080000001
306000,4247500,POTOH,11.48294,250000,4.5,83.1,306000 4247500,3.5,Tolerable,yellow,YES,190.139526,2639.2733225,30.7578645000003
306000,4247500,POTOH,6.56168,250000,5.19,83.37,306000 4247500,2,Tolerable,yellow,YES,190.139526,2639.2733225,30.7578645000003
306000,4247500,POTOH,4.92126,250000,5.24,83.37,306000 4247500,1.5,Tolerable,yellow,YES,190.139526,2639.2733225,30.7578645000003
306000,4247500,POTOH,0,250000,5.47,83.57,306000 4247500,0,Tolerable,yellow,YES,190.139526,2639.2733225,30.7578645000003
306000,4247500,POTOH,3.28084,250000,5.29,83.37,306000 4247500,1,Tolerable,yellow,YES,190.139526,2639.2733225,30.7578645000003
306000,4247500,POTOH,1.64042,250000,5.38,83.47,306000 4247500,0.5,Tolerable,yellow,YES,190.139526,2639.2733225,30.7578645000003
306000,4247500,POTOH,8.2021,250000,5,83.27,306000 4247500,2.5,Tolerable,yellow,YES,190.139526,2639.2733225,30.7578645000003
306000,4247500,POTOH,9.84252,250000,4.69,83.2,306000 4247500,3,Tolerable,yellow,YES,190.139526,2639.2733225,30.7578645000003
307000,4272500,POTTF,3.28084,250000,6.88,85.96,307000 4272500,1,Marginal,orange,YES,190.760897,2654.8075975,46.2921395000003
307000,4272500,POTTF,4.92126,250000,6.97,85.88,307000 4272500,1.5,Marginal,orange,YES,190.760897,2654.8075975,46.2921395000003
307000,4272500,POTTF,6.56168,250000,6.54,85.35,307000 4272500,2,Marginal,orange,YES,190.760897,2654.8075975,46.2921395000003
307000,4272500,POTTF,1.64042,250000,6.87,86.05,307000 4272500,0.5,Unsuitable,black,YES,190.760897,2654.8075975,46.2921395000003
307000,4272500,POTTF,0,250000,6.95,86.23,307000 4272500,0,Unsuitable,black,YES,190.760897,2654.8075975,46.2921395000003
307000,4272500,POTTF,9.84252,250000,6.51,85.33,307000 4272500,3,Marginal,orange,YES,190.760897,2654.8075975,46.2921395000003
307000,4272500,POTTF,8.2021,250000,6.52,85.35,307000 4272500,2.5,Marginal,orange,YES,190.760897,2654.8075975,46.2921395000003
307500,4247000,POTOH,3.28084,250000,5.19,83.3,307500 4247000,1,Tolerable,yellow,YES,191.0715825,2638.962637,30.4471790000002
307500,4247000,POTOH,4.92126,250000,5.15,83.3,307500 4247000,1.5,Tolerable,yellow,YES,191.0715825,2638.962637,30.4471790000002
307500,4247000,POTOH,9.84252,250000,4.69,83.2,307500 4247000,3,Tolerable,yellow,YES,191.0715825,2638.962637,30.4471790000002
307500,4247000,POTOH,0,250000,5.37,83.5,307500 4247000,0,Tolerable,yellow,YES,191.0715825,2638.962637,30.4471790000002
307500,4247000,POTOH,16.4042,250000,0.7,79.1,307500 4247000,5,Unsuitable,black,YES,191.0715825,2638.962637,30.4471790000002
307500,4247000,POTOH,19.68504,250000,0.45,78.5,307500 4247000,6,Unsuitable,black,YES,191.0715825,2638.962637,30.4471790000002
307500,4247000,POTOH,22.96588,250000,0.3,78.3,307500 4247000,7,Unsuitable,black,YES,191.0715825,2638.962637,30.4471790000002
307500,4247000,POTOH,21.32546,250000,0.3,78.3,307500 4247000,6.5,Unsuitable,black,YES,191.0715825,2638.962637,30.4471790000002
307500,4247000,POTOH,18.04462,250000,0.55,78.8,307500 4247000,5.5,Unsuitable,black,YES,191.0715825,2638.962637,30.4471790000002
307500,4247000,POTOH,1.64042,250000,5.29,83.4,307500 4247000,0.5,Tolerable,yellow,YES,191.0715825,2638.962637,30.4471790000002
307500,4247000,POTOH,24.6063,250000,0.3,78.3,307500 4247000,7.5,Unsuitable,black,YES,191.0715825,2638.962637,30.4471790000002
307500,4247000,POTOH,13.12336,250000,4.33,83,307500 4247000,4,Tolerable,yellow,YES,191.0715825,2638.962637,30.4471790000002
307500,4247000,POTOH,14.76378,250000,1,79.3,307500 4247000,4.5,Unsuitable,black,YES,191.0715825,2638.962637,30.4471790000002
307500,4247000,POTOH,8.2021,250000,4.91,83.2,307500 4247000,2.5,Tolerable,yellow,YES,191.0715825,2638.962637,30.4471790000002
307500,4247000,POTOH,6.56168,250000,5.11,83.3,307500 4247000,2,Tolerable,yellow,YES,191.0715825,2638.962637,30.4471790000002
307500,4247000,POTOH,11.48294,250000,4.5,83.1,307500 4247000,3.5,Tolerable,yellow,YES,191.0715825,2638.962637,30.4471790000002
307500,4273000,POTTF,9.84252,250000,6.42,85.36,307500 4273000,3,Marginal,orange,YES,191.0715825,2655.118283,46.6028250000004
307500,4273000,POTTF,0,250000,6.9,86.21,307500 4273000,0,Unsuitable,black,YES,191.0715825,2655.118283,46.6028250000004
307500,4273000,POTTF,1.64042,250000,6.82,86.02,307500 4273000,0.5,Unsuitable,black,YES,191.0715825,2655.118283,46.6028250000004
307500,4273000,POTTF,8.2021,250000,6.43,85.36,307500 4273000,2.5,Marginal,orange,YES,191.0715825,2655.118283,46.6028250000004
307500,4273000,POTTF,4.92126,250000,6.91,85.85,307500 4273000,1.5,Marginal,orange,YES,191.0715825,2655.118283,46.6028250000004
307500,4273000,POTTF,3.28084,250000,6.83,85.93,307500 4273000,1,Marginal,orange,YES,191.0715825,2655.118283,46.6028250000004
307500,4273000,POTTF,6.56168,250000,6.45,85.36,307500 4273000,2,Marginal,orange,YES,191.0715825,2655.118283,46.6028250000004
308000,4246500,POTOH,3.28084,250000,5.22,83.32,308000 4246500,1,Tolerable,yellow,YES,191.382268,2638.6519515,30.1364935000001
308000,4246500,POTOH,6.56168,250000,5.13,83.32,308000 4246500,2,Tolerable,yellow,YES,191.382268,2638.6519515,30.1364935000001
308000,4246500,POTOH,11.48294,250000,4.5,83.1,308000 4246500,3.5,Tolerable,yellow,YES,191.382268,2638.6519515,30.1364935000001
308000,4246500,POTOH,9.84252,250000,4.69,83.2,308000 4246500,3,Tolerable,yellow,YES,191.382268,2638.6519515,30.1364935000001
308000,4246500,POTOH,13.12336,250000,4.33,82.99,308000 4246500,4,Tolerable,yellow,YES,191.382268,2638.6519515,30.1364935000001
308000,4246500,POTOH,0,250000,5.4,83.52,308000 4246500,0,Tolerable,yellow,YES,191.382268,2638.6519515,30.1364935000001
308000,4246500,POTOH,8.2021,250000,4.93,83.22,308000 4246500,2.5,Tolerable,yellow,YES,191.382268,2638.6519515,30.1364935000001
308000,4246500,POTOH,4.92126,250000,5.17,83.32,308000 4246500,1.5,Tolerable,yellow,YES,191.382268,2638.6519515,30.1364935000001
308000,4246500,POTOH,1.64042,250000,5.32,83.42,308000 4246500,0.5,Tolerable,yellow,YES,191.382268,2638.6519515,30.1364935000001
308000,4273500,POTTF,9.84252,250000,6.35,85.39,308000 4273500,3,Marginal,orange,YES,191.382268,2655.4289685,46.9135105
308000,4273500,POTTF,1.64042,250000,6.74,85.95,308000 4273500,0.5,Marginal,orange,YES,191.382268,2655.4289685,46.9135105
308000,4273500,POTTF,4.92126,250000,6.8,85.79,308000 4273500,1.5,Marginal,orange,YES,191.382268,2655.4289685,46.9135105
308000,4273500,POTTF,8.2021,250000,6.36,85.39,308000 4273500,2.5,Marginal,orange,YES,191.382268,2655.4289685,46.9135105
308000,4273500,POTTF,0,250000,6.82,86.13,308000 4273500,0,Unsuitable,black,YES,191.382268,2655.4289685,46.9135105
308000,4273500,POTTF,3.28084,250000,6.74,85.85,308000 4273500,1,Marginal,orange,YES,191.382268,2655.4289685,46.9135105
308000,4273500,POTTF,6.56168,250000,6.37,85.39,308000 4273500,2,Marginal,orange,YES,191.382268,2655.4289685,46.9135105
308500,4274000,POTTF,3.28084,250000,6.62,85.74,308500 4274000,1,Marginal,orange,YES,191.6929535,2655.739654,47.2241960000001
308500,4274000,POTTF,6.56168,250000,6.31,85.42,308500 4274000,2,Marginal,orange,YES,191.6929535,2655.739654,47.2241960000001
308500,4274000,POTTF,1.64042,250000,6.63,85.84,308500 4274000,0.5,Marginal,orange,YES,191.6929535,2655.739654,47.2241960000001
308500,4274000,POTTF,0,250000,6.7,86.03,308500 4274000,0,Unsuitable,black,YES,191.6929535,2655.739654,47.2241960000001
308500,4274000,POTTF,9.84252,250000,6.29,85.42,308500 4274000,3,Marginal,orange,YES,191.6929535,2655.739654,47.2241960000001
308500,4274000,POTTF,8.2021,250000,6.3,85.42,308500 4274000,2.5,Marginal,orange,YES,191.6929535,2655.739654,47.2241960000001
308500,4274000,POTTF,4.92126,250000,6.65,85.7,308500 4274000,1.5,Marginal,orange,YES,191.6929535,2655.739654,47.2241960000001
308500,4274500,POTTF,3.28084,250000,6.54,85.67,308500 4274500,1,Marginal,orange,YES,191.6929535,2656.0503395,47.5348815000002
308500,4274500,POTTF,0,250000,6.63,85.96,308500 4274500,0,Marginal,orange,YES,191.6929535,2656.0503395,47.5348815000002
308500,4274500,POTTF,8.2021,250000,6.28,85.43,308500 4274500,2.5,Marginal,orange,YES,191.6929535,2656.0503395,47.5348815000002
308500,4274500,POTTF,9.84252,250000,6.27,85.43,308500 4274500,3,Marginal,orange,YES,191.6929535,2656.0503395,47.5348815000002
308500,4274500,POTTF,4.92126,250000,6.55,85.64,308500 4274500,1.5,Marginal,orange,YES,191.6929535,2656.0503395,47.5348815000002
308500,4274500,POTTF,6.56168,250000,6.29,85.43,308500 4274500,2,Marginal,orange,YES,191.6929535,2656.0503395,47.5348815000002
308500,4274500,POTTF,11.48294,250000,6.27,85.47,308500 4274500,3.5,Marginal,orange,YES,191.6929535,2656.0503395,47.5348815000002
308500,4274500,POTTF,1.64042,250000,6.57,85.77,308500 4274500,0.5,Marginal,orange,YES,191.6929535,2656.0503395,47.5348815000002
309500,4247500,POTOH,14.76378,250000,1,79.3,309500 4247500,4.5,Unsuitable,black,YES,192.3143245,2639.2733225,30.7578645000003
309500,4247500,POTOH,8.2021,250000,5.02,83.28,309500 4247500,2.5,Tolerable,yellow,YES,192.3143245,2639.2733225,30.7578645000003
309500,4247500,POTOH,0,250000,5.51,83.59,309500 4247500,0,Tolerable,yellow,YES,192.3143245,2639.2733225,30.7578645000003
309500,4247500,POTOH,11.48294,250000,4.49,83.07,309500 4247500,3.5,Tolerable,yellow,YES,192.3143245,2639.2733225,30.7578645000003
309500,4247500,POTOH,18.04462,250000,0.55,78.8,309500 4247500,5.5,Unsuitable,black,YES,192.3143245,2639.2733225,30.7578645000003
309500,4247500,POTOH,3.28084,250000,5.33,83.39,309500 4247500,1,Tolerable,yellow,YES,192.3143245,2639.2733225,30.7578645000003
309500,4247500,POTOH,13.12336,250000,4.28,82.94,309500 4247500,4,Tolerable,yellow,YES,192.3143245,2639.2733225,30.7578645000003
309500,4247500,POTOH,16.4042,250000,0.7,79.1,309500 4247500,5,Unsuitable,black,YES,192.3143245,2639.2733225,30.7578645000003
309500,4247500,POTOH,19.68504,250000,0.45,78.5,309500 4247500,6,Unsuitable,black,YES,192.3143245,2639.2733225,30.7578645000003
309500,4247500,POTOH,4.92126,250000,5.27,83.39,309500 4247500,1.5,Tolerable,yellow,YES,192.3143245,2639.2733225,30.7578645000003
309500,4247500,POTOH,6.56168,250000,5.22,83.38,309500 4247500,2,Tolerable,yellow,YES,192.3143245,2639.2733225,30.7578645000003
309500,4247500,POTOH,1.64042,250000,5.43,83.49,309500 4247500,0.5,Tolerable,yellow,YES,192.3143245,2639.2733225,30.7578645000003
309500,4247500,POTOH,9.84252,250000,4.69,83.18,309500 4247500,3,Tolerable,yellow,YES,192.3143245,2639.2733225,30.7578645000003
309500,4275000,POTTF,4.92126,250000,6.34,85.54,309500 4275000,1.5,Marginal,orange,YES,192.3143245,2656.361025,47.8455670000003
309500,4275000,POTTF,11.48294,250000,6.22,85.49,309500 4275000,3.5,Marginal,orange,YES,192.3143245,2656.361025,47.8455670000003
309500,4275000,POTTF,0,250000,6.46,85.85,309500 4275000,0,Marginal,orange,YES,192.3143245,2656.361025,47.8455670000003
309500,4275000,POTTF,1.64042,250000,6.42,85.65,309500 4275000,0.5,Marginal,orange,YES,192.3143245,2656.361025,47.8455670000003
309500,4275000,POTTF,13.12336,250000,6.21,85.49,309500 4275000,4,Marginal,orange,YES,192.3143245,2656.361025,47.8455670000003
309500,4275000,POTTF,14.76378,250000,6.19,85.49,309500 4275000,4.5,Marginal,orange,YES,192.3143245,2656.361025,47.8455670000003
309500,4275000,POTTF,3.28084,250000,6.37,85.55,309500 4275000,1,Marginal,orange,YES,192.3143245,2656.361025,47.8455670000003
309500,4275000,POTTF,9.84252,250000,6.22,85.48,309500 4275000,3,Marginal,orange,YES,192.3143245,2656.361025,47.8455670000003
309500,4275000,POTTF,6.56168,250000,6.23,85.48,309500 4275000,2,Marginal,orange,YES,192.3143245,2656.361025,47.8455670000003
309500,4275000,POTTF,8.2021,250000,6.22,85.48,309500 4275000,2.5,Marginal,orange,YES,192.3143245,2656.361025,47.8455670000003
310000,4248000,POTOH,6.56168,250000,5.29,83.42,310000 4248000,2,Tolerable,yellow,YES,192.62501,2639.584008,31.0685500000004
310000,4248000,POTOH,16.4042,250000,0.7,79.1,310000 4248000,5,Unsuitable,black,YES,192.62501,2639.584008,31.0685500000004
310000,4248000,POTOH,14.76378,250000,1,79.3,310000 4248000,4.5,Unsuitable,black,YES,192.62501,2639.584008,31.0685500000004
310000,4248000,POTOH,9.84252,250000,4.69,83.17,310000 4248000,3,Tolerable,yellow,YES,192.62501,2639.584008,31.0685500000004
310000,4248000,POTOH,0,250000,5.59,83.63,310000 4248000,0,Tolerable,yellow,YES,192.62501,2639.584008,31.0685500000004
310000,4248000,POTOH,13.12336,250000,4.25,82.9,310000 4248000,4,Tolerable,yellow,YES,192.62501,2639.584008,31.0685500000004
310000,4248000,POTOH,11.48294,250000,4.47,83.05,310000 4248000,3.5,Tolerable,yellow,YES,192.62501,2639.584008,31.0685500000004
310000,4248000,POTOH,4.92126,250000,5.34,83.43,310000 4248000,1.5,Tolerable,yellow,YES,192.62501,2639.584008,31.0685500000004
310000,4248000,POTOH,1.64042,250000,5.5,83.54,310000 4248000,0.5,Tolerable,yellow,YES,192.62501,2639.584008,31.0685500000004
310000,4248000,POTOH,3.28084,250000,5.4,83.44,310000 4248000,1,Tolerable,yellow,YES,192.62501,2639.584008,31.0685500000004
310000,4248000,POTOH,8.2021,250000,5.09,83.32,310000 4248000,2.5,Tolerable,yellow,YES,192.62501,2639.584008,31.0685500000004
310500,4248500,POTOH,4.92126,250000,5.42,83.48,310500 4248500,1.5,Tolerable,yellow,YES,192.9356955,2639.8946935,31.3792355000001
310500,4248500,POTOH,0,250000,5.68,83.68,310500 4248500,0,Tolerable,yellow,YES,192.9356955,2639.8946935,31.3792355000001
310500,4248500,POTOH,11.48294,250000,4.46,83.03,310500 4248500,3.5,Tolerable,yellow,YES,192.9356955,2639.8946935,31.3792355000001
310500,4248500,POTOH,3.28084,250000,5.49,83.5,310500 4248500,1,Tolerable,yellow,YES,192.9356955,2639.8946935,31.3792355000001
310500,4248500,POTOH,8.2021,250000,5.16,83.36,310500 4248500,2.5,Tolerable,yellow,YES,192.9356955,2639.8946935,31.3792355000001
310500,4248500,POTOH,13.12336,250000,4.2,82.84,310500 4248500,4,Tolerable,yellow,YES,192.9356955,2639.8946935,31.3792355000001
310500,4248500,POTOH,9.84252,250000,4.69,83.15,310500 4248500,3,Tolerable,yellow,YES,192.9356955,2639.8946935,31.3792355000001
310500,4248500,POTOH,1.64042,250000,5.59,83.6,310500 4248500,0.5,Tolerable,yellow,YES,192.9356955,2639.8946935,31.3792355000001
310500,4248500,POTOH,6.56168,250000,5.36,83.46,310500 4248500,2,Tolerable,yellow,YES,192.9356955,2639.8946935,31.3792355000001
311000,4249000,POTOH,8.2021,250000,5.24,83.4,311000 4249000,2.5,Tolerable,yellow,YES,193.246381,2640.205379,31.6899210000001
311000,4249000,POTOH,1.64042,250000,5.69,83.65,311000 4249000,0.5,Tolerable,yellow,YES,193.246381,2640.205379,31.6899210000001
311000,4249000,POTOH,13.12336,250000,4.13,82.77,311000 4249000,4,Tolerable,yellow,YES,193.246381,2640.205379,31.6899210000001
311000,4249000,POTOH,6.56168,250000,5.44,83.5,311000 4249000,2,Tolerable,yellow,YES,193.246381,2640.205379,31.6899210000001
311000,4249000,POTOH,11.48294,250000,4.43,82.99,311000 4249000,3.5,Tolerable,yellow,YES,193.246381,2640.205379,31.6899210000001
311000,4249000,POTOH,4.92126,250000,5.51,83.53,311000 4249000,1.5,Tolerable,yellow,YES,193.246381,2640.205379,31.6899210000001
311000,4249000,POTOH,0,250000,5.77,83.73,311000 4249000,0,Tolerable,yellow,YES,193.246381,2640.205379,31.6899210000001
311000,4249000,POTOH,3.28084,250000,5.59,83.55,311000 4249000,1,Tolerable,yellow,YES,193.246381,2640.205379,31.6899210000001
311000,4249000,POTOH,9.84252,250000,4.69,83.13,311000 4249000,3,Tolerable,yellow,YES,193.246381,2640.205379,31.6899210000001
311000,4275500,POTTF,19.68504,250000,7.1,84.2,311000 4275500,6,Tolerable,yellow,YES,193.246381,2656.6717105,48.1562525000004
311000,4275500,POTTF,9.84252,250000,6.2,85.5,311000 4275500,3,Marginal,orange,YES,193.246381,2656.6717105,48.1562525000004
311000,4275500,POTTF,1.64042,250000,6.35,85.6,311000 4275500,0.5,Marginal,orange,YES,193.246381,2656.6717105,48.1562525000004
311000,4275500,POTTF,3.28084,250000,6.29,85.5,311000 4275500,1,Marginal,orange,YES,193.246381,2656.6717105,48.1562525000004
311000,4275500,POTTF,8.2021,250000,6.2,85.5,311000 4275500,2.5,Marginal,orange,YES,193.246381,2656.6717105,48.1562525000004
311000,4275500,POTTF,14.76378,250000,6.19,85.5,311000 4275500,4.5,Marginal,orange,YES,193.246381,2656.6717105,48.1562525000004
311000,4275500,POTTF,18.04462,250000,6.12,85.5,311000 4275500,5.5,Marginal,orange,YES,193.246381,2656.6717105,48.1562525000004
311000,4275500,POTTF,11.48294,250000,6.2,85.5,311000 4275500,3.5,Marginal,orange,YES,193.246381,2656.6717105,48.1562525000004
311000,4275500,POTTF,0,250000,6.39,85.8,311000 4275500,0,Marginal,orange,YES,193.246381,2656.6717105,48.1562525000004
311000,4275500,POTTF,6.56168,250000,6.21,85.5,311000 4275500,2,Marginal,orange,YES,193.246381,2656.6717105,48.1562525000004
311000,4275500,POTTF,13.12336,250000,6.2,85.5,311000 4275500,4,Marginal,orange,YES,193.246381,2656.6717105,48.1562525000004
311000,4275500,POTTF,16.4042,250000,6.15,85.5,311000 4275500,5,Marginal,orange,YES,193.246381,2656.6717105,48.1562525000004
311000,4275500,POTTF,4.92126,250000,6.25,85.5,311000 4275500,1.5,Marginal,orange,YES,193.246381,2656.6717105,48.1562525000004
311500,4249500,POTOH,13.12336,250000,4.05,82.67,311500 4249500,4,Tolerable,yellow,YES,193.5570665,2640.5160645,32.0006065000002
311500,4249500,POTOH,9.84252,250000,4.68,83.1,311500 4249500,3,Tolerable,yellow,YES,193.5570665,2640.5160645,32.0006065000002
311500,4249500,POTOH,3.28084,250000,5.68,83.61,311500 4249500,1,Tolerable,yellow,YES,193.5570665,2640.5160645,32.0006065000002
311500,4249500,POTOH,1.64042,250000,5.79,83.7,311500 4249500,0.5,Tolerable,yellow,YES,193.5570665,2640.5160645,32.0006065000002
311500,4249500,POTOH,8.2021,250000,5.31,83.44,311500 4249500,2.5,Tolerable,yellow,YES,193.5570665,2640.5160645,32.0006065000002
311500,4249500,POTOH,4.92126,250000,5.59,83.57,311500 4249500,1.5,Tolerable,yellow,YES,193.5570665,2640.5160645,32.0006065000002
311500,4249500,POTOH,11.48294,250000,4.4,82.94,311500 4249500,3.5,Tolerable,yellow,YES,193.5570665,2640.5160645,32.0006065000002
311500,4249500,POTOH,6.56168,250000,5.51,83.53,311500 4249500,2,Tolerable,yellow,YES,193.5570665,2640.5160645,32.0006065000002
311500,4249500,POTOH,0,250000,5.87,83.77,311500 4249500,0,Tolerable,yellow,YES,193.5570665,2640.5160645,32.0006065000002
312500,4248500,POTOH,0,250000,5.91,83.75,312500 4248500,0,Tolerable,yellow,YES,194.1784375,2639.8946935,31.3792355000001
312500,4248500,POTOH,3.28084,250000,5.71,83.58,312500 4248500,1,Tolerable,yellow,YES,194.1784375,2639.8946935,31.3792355000001
312500,4248500,POTOH,8.2021,250000,5.29,83.38,312500 4248500,2.5,Tolerable,yellow,YES,194.1784375,2639.8946935,31.3792355000001
312500,4248500,POTOH,6.56168,250000,5.5,83.49,312500 4248500,2,Tolerable,yellow,YES,194.1784375,2639.8946935,31.3792355000001
312500,4248500,POTOH,4.92126,250000,5.6,83.53,312500 4248500,1.5,Tolerable,yellow,YES,194.1784375,2639.8946935,31.3792355000001
312500,4248500,POTOH,1.64042,250000,5.82,83.68,312500 4248500,0.5,Tolerable,yellow,YES,194.1784375,2639.8946935,31.3792355000001
312500,4248500,POTOH,11.48294,250000,4.32,82.84,312500 4248500,3.5,Tolerable,yellow,YES,194.1784375,2639.8946935,31.3792355000001
312500,4248500,POTOH,9.84252,250000,4.64,83.02,312500 4248500,3,Tolerable,yellow,YES,194.1784375,2639.8946935,31.3792355000001
312500,4250000,POTOH,1.64042,250000,5.93,83.75,312500 4250000,0.5,Tolerable,yellow,YES,194.1784375,2640.82675,32.3112920000003
312500,4250000,POTOH,6.56168,250000,5.6,83.55,312500 4250000,2,Tolerable,yellow,YES,194.1784375,2640.82675,32.3112920000003
312500,4250000,POTOH,4.92126,250000,5.7,83.6,312500 4250000,1.5,Tolerable,yellow,YES,194.1784375,2640.82675,32.3112920000003
312500,4250000,POTOH,3.28084,250000,5.82,83.66,312500 4250000,1,Tolerable,yellow,YES,194.1784375,2640.82675,32.3112920000003
312500,4250000,POTOH,8.2021,250000,5.39,83.45,312500 4250000,2.5,Tolerable,yellow,YES,194.1784375,2640.82675,32.3112920000003
312500,4250000,POTOH,0,250000,6.02,83.82,312500 4250000,0,Tolerable,yellow,YES,194.1784375,2640.82675,32.3112920000003
312500,4250000,POTOH,13.12336,250000,3.87,82.46,312500 4250000,4,Tolerable,yellow,YES,194.1784375,2640.82675,32.3112920000003
312500,4250000,POTOH,9.84252,250000,4.66,83.02,312500 4250000,3,Tolerable,yellow,YES,194.1784375,2640.82675,32.3112920000003
312500,4250000,POTOH,11.48294,250000,4.32,82.82,312500 4250000,3.5,Tolerable,yellow,YES,194.1784375,2640.82675,32.3112920000003
313000,4249000,POTOH,11.48294,250000,4.26,82.76,313000 4249000,3.5,Tolerable,yellow,YES,194.489123,2640.205379,31.6899210000001
313000,4249000,POTOH,4.92126,250000,5.66,83.55,313000 4249000,1.5,Tolerable,yellow,YES,194.489123,2640.205379,31.6899210000001
313000,4249000,POTOH,3.28084,250000,5.79,83.61,313000 4249000,1,Tolerable,yellow,YES,194.489123,2640.205379,31.6899210000001
313000,4249000,POTOH,18.04462,250000,0.55,78.8,313000 4249000,5.5,Unsuitable,black,YES,194.489123,2640.205379,31.6899210000001
313000,4249000,POTOH,13.12336,250000,3.82,82.41,313000 4249000,4,Tolerable,yellow,YES,194.489123,2640.205379,31.6899210000001
313000,4249000,POTOH,8.2021,250000,5.33,83.39,313000 4249000,2.5,Tolerable,yellow,YES,194.489123,2640.205379,31.6899210000001
313000,4249000,POTOH,9.84252,250000,4.62,82.97,313000 4249000,3,Tolerable,yellow,YES,194.489123,2640.205379,31.6899210000001
313000,4249000,POTOH,21.32546,250000,0.3,78.3,313000 4249000,6.5,Unsuitable,black,YES,194.489123,2640.205379,31.6899210000001
313000,4249000,POTOH,6.56168,250000,5.55,83.49,313000 4249000,2,Tolerable,yellow,YES,194.489123,2640.205379,31.6899210000001
313000,4249000,POTOH,0,250000,6,83.77,313000 4249000,0,Tolerable,yellow,YES,194.489123,2640.205379,31.6899210000001
313000,4249000,POTOH,16.4042,250000,0.7,79.1,313000 4249000,5,Unsuitable,black,YES,194.489123,2640.205379,31.6899210000001
313000,4249000,POTOH,14.76378,250000,1,79.3,313000 4249000,4.5,Unsuitable,black,YES,194.489123,2640.205379,31.6899210000001
313000,4249000,POTOH,1.64042,250000,5.9,83.7,313000 4249000,0.5,Tolerable,yellow,YES,194.489123,2640.205379,31.6899210000001
313000,4249000,POTOH,19.68504,250000,0.45,78.5,313000 4249000,6,Unsuitable,black,YES,194.489123,2640.205379,31.6899210000001
313000,4250500,POTOH,3.28084,250000,5.9,83.69,313000 4250500,1,Tolerable,yellow,YES,194.489123,2641.1374355,32.6219775000004
313000,4250500,POTOH,6.56168,250000,5.65,83.56,313000 4250500,2,Tolerable,yellow,YES,194.489123,2641.1374355,32.6219775000004
313000,4250500,POTOH,4.92126,250000,5.77,83.62,313000 4250500,1.5,Tolerable,yellow,YES,194.489123,2641.1374355,32.6219775000004
313000,4250500,POTOH,9.84252,250000,4.64,82.97,313000 4250500,3,Tolerable,yellow,YES,194.489123,2641.1374355,32.6219775000004
313000,4250500,POTOH,0,250000,6.1,83.84,313000 4250500,0,Tolerable,yellow,YES,194.489123,2641.1374355,32.6219775000004
313000,4250500,POTOH,8.2021,250000,5.43,83.46,313000 4250500,2.5,Tolerable,yellow,YES,194.489123,2641.1374355,32.6219775000004
313000,4250500,POTOH,1.64042,250000,6.01,83.78,313000 4250500,0.5,Tolerable,yellow,YES,194.489123,2641.1374355,32.6219775000004
313000,4250500,POTOH,11.48294,250000,4.26,82.75,313000 4250500,3.5,Tolerable,yellow,YES,194.489123,2641.1374355,32.6219775000004
313000,4250500,POTOH,13.12336,250000,3.75,82.32,313000 4250500,4,Tolerable,yellow,YES,194.489123,2641.1374355,32.6219775000004
313500,4249500,POTOH,9.84252,250000,4.6,82.91,313500 4249500,3,Tolerable,yellow,YES,194.7998085,2640.5160645,32.0006065000002
313500,4249500,POTOH,3.28084,250000,5.87,83.63,313500 4249500,1,Tolerable,yellow,YES,194.7998085,2640.5160645,32.0006065000002
313500,4249500,POTOH,13.12336,250000,3.7,82.26,313500 4249500,4,Tolerable,yellow,YES,194.7998085,2640.5160645,32.0006065000002
313500,4249500,POTOH,16.4042,250000,0.7,79.1,313500 4249500,5,Unsuitable,black,YES,194.7998085,2640.5160645,32.0006065000002
313500,4249500,POTOH,8.2021,250000,5.37,83.38,313500 4249500,2.5,Tolerable,yellow,YES,194.7998085,2640.5160645,32.0006065000002
313500,4249500,POTOH,1.64042,250000,5.98,83.72,313500 4249500,0.5,Tolerable,yellow,YES,194.7998085,2640.5160645,32.0006065000002
313500,4249500,POTOH,0,250000,6.08,83.78,313500 4249500,0,Tolerable,yellow,YES,194.7998085,2640.5160645,32.0006065000002
313500,4249500,POTOH,4.92126,250000,5.72,83.56,313500 4249500,1.5,Tolerable,yellow,YES,194.7998085,2640.5160645,32.0006065000002
313500,4249500,POTOH,14.76378,250000,1,79.3,313500 4249500,4.5,Unsuitable,black,YES,194.7998085,2640.5160645,32.0006065000002
313500,4249500,POTOH,6.56168,250000,5.6,83.49,313500 4249500,2,Tolerable,yellow,YES,194.7998085,2640.5160645,32.0006065000002
313500,4249500,POTOH,11.48294,250000,4.19,82.68,313500 4249500,3.5,Tolerable,yellow,YES,194.7998085,2640.5160645,32.0006065000002
313500,4251000,POTOH,3.28084,250000,5.97,83.71,313500 4251000,1,Tolerable,yellow,YES,194.7998085,2641.448121,32.9326630000001
313500,4251000,POTOH,11.48294,250000,4.31,82.83,313500 4251000,3.5,Tolerable,yellow,YES,194.7998085,2641.448121,32.9326630000001
313500,4251000,POTOH,6.56168,250000,5.69,83.56,313500 4251000,2,Tolerable,yellow,YES,194.7998085,2641.448121,32.9326630000001
313500,4251000,POTOH,9.84252,250000,4.71,83.05,313500 4251000,3,Tolerable,yellow,YES,194.7998085,2641.448121,32.9326630000001
313500,4251000,POTOH,1.64042,250000,6.09,83.8,313500 4251000,0.5,Tolerable,yellow,YES,194.7998085,2641.448121,32.9326630000001
313500,4251000,POTOH,0,250000,6.19,83.85,313500 4251000,0,Tolerable,yellow,YES,194.7998085,2641.448121,32.9326630000001
313500,4251000,POTOH,13.12336,250000,3.77,82.38,313500 4251000,4,Tolerable,yellow,YES,194.7998085,2641.448121,32.9326630000001
313500,4251000,POTOH,8.2021,250000,5.47,83.45,313500 4251000,2.5,Tolerable,yellow,YES,194.7998085,2641.448121,32.9326630000001
313500,4251000,POTOH,14.76378,250000,2.12,80.64,313500 4251000,4.5,Marginal,orange,YES,194.7998085,2641.448121,32.9326630000001
313500,4251000,POTOH,4.92126,250000,5.82,83.63,313500 4251000,1.5,Tolerable,yellow,YES,194.7998085,2641.448121,32.9326630000001
314000,4276000,POTTF,19.68504,250000,7.1,84.2,314000 4276000,6,Tolerable,yellow,YES,195.110494,2656.982396,48.466938
314000,4276000,POTTF,16.4042,250000,6.21,85.42,314000 4276000,5,Marginal,orange,YES,195.110494,2656.982396,48.466938
314000,4276000,POTTF,8.2021,250000,6.31,85.31,314000 4276000,2.5,Marginal,orange,YES,195.110494,2656.982396,48.466938
314000,4276000,POTTF,0,250000,6.59,85.78,314000 4276000,0,Marginal,orange,YES,195.110494,2656.982396,48.466938
314000,4276000,POTTF,1.64042,250000,6.53,85.6,314000 4276000,0.5,Marginal,orange,YES,195.110494,2656.982396,48.466938
314000,4276000,POTTF,4.92126,250000,6.45,85.45,314000 4276000,1.5,Marginal,orange,YES,195.110494,2656.982396,48.466938
314000,4276000,POTTF,18.04462,250000,6.18,85.42,314000 4276000,5.5,Marginal,orange,YES,195.110494,2656.982396,48.466938
314000,4276000,POTTF,21.32546,250000,7.1,84.2,314000 4276000,6.5,Tolerable,yellow,YES,195.110494,2656.982396,48.466938
314000,4276000,POTTF,6.56168,250000,6.32,85.31,314000 4276000,2,Marginal,orange,YES,195.110494,2656.982396,48.466938
314000,4276000,POTTF,24.6063,250000,7.1,84.2,314000 4276000,7.5,Tolerable,yellow,YES,195.110494,2656.982396,48.466938
314000,4276000,POTTF,14.76378,250000,6.24,85.42,314000 4276000,4.5,Marginal,orange,YES,195.110494,2656.982396,48.466938
314000,4276000,POTTF,13.12336,250000,6.26,85.42,314000 4276000,4,Marginal,orange,YES,195.110494,2656.982396,48.466938
314000,4276000,POTTF,3.28084,250000,6.48,85.49,314000 4276000,1,Marginal,orange,YES,195.110494,2656.982396,48.466938
314000,4276000,POTTF,11.48294,250000,6.3,85.42,314000 4276000,3.5,Marginal,orange,YES,195.110494,2656.982396,48.466938
314000,4276000,POTTF,9.84252,250000,6.3,85.31,314000 4276000,3,Marginal,orange,YES,195.110494,2656.982396,48.466938
314000,4276000,POTTF,22.96588,250000,7.1,84.2,314000 4276000,7,Tolerable,yellow,YES,195.110494,2656.982396,48.466938
314500,4250000,POTOH,6.56168,250000,5.64,83.45,314500 4250000,2,Tolerable,yellow,YES,195.4211795,2640.82675,32.3112920000003
314500,4250000,POTOH,11.48294,250000,4.03,82.48,314500 4250000,3.5,Tolerable,yellow,YES,195.4211795,2640.82675,32.3112920000003
314500,4250000,POTOH,4.92126,250000,5.8,83.53,314500 4250000,1.5,Tolerable,yellow,YES,195.4211795,2640.82675,32.3112920000003
314500,4250000,POTOH,9.84252,250000,4.52,82.76,314500 4250000,3,Tolerable,yellow,YES,195.4211795,2640.82675,32.3112920000003
314500,4250000,POTOH,0,250000,6.22,83.77,314500 4250000,0,Tolerable,yellow,YES,195.4211795,2640.82675,32.3112920000003
314500,4250000,POTOH,1.64042,250000,6.11,83.72,314500 4250000,0.5,Tolerable,yellow,YES,195.4211795,2640.82675,32.3112920000003
314500,4250000,POTOH,3.28084,250000,5.98,83.63,314500 4250000,1,Tolerable,yellow,YES,195.4211795,2640.82675,32.3112920000003
314500,4250000,POTOH,8.2021,250000,5.4,83.33,314500 4250000,2.5,Tolerable,yellow,YES,195.4211795,2640.82675,32.3112920000003
314500,4276500,POTTF,19.68504,250000,7.1,84.2,314500 4276500,6,Tolerable,yellow,YES,195.4211795,2657.2930815,48.7776235000001
314500,4276500,POTTF,9.84252,250000,6.33,85.23,314500 4276500,3,Marginal,orange,YES,195.4211795,2657.2930815,48.7776235000001
314500,4276500,POTTF,11.48294,250000,6.33,85.38,314500 4276500,3.5,Marginal,orange,YES,195.4211795,2657.2930815,48.7776235000001
314500,4276500,POTTF,0,250000,6.64,85.74,314500 4276500,0,Marginal,orange,YES,195.4211795,2657.2930815,48.7776235000001
314500,4276500,POTTF,6.56168,250000,6.35,85.23,314500 4276500,2,Marginal,orange,YES,195.4211795,2657.2930815,48.7776235000001
314500,4276500,POTTF,1.64042,250000,6.57,85.56,314500 4276500,0.5,Marginal,orange,YES,195.4211795,2657.2930815,48.7776235000001
314500,4276500,POTTF,4.92126,250000,6.49,85.39,314500 4276500,1.5,Marginal,orange,YES,195.4211795,2657.2930815,48.7776235000001
314500,4276500,POTTF,14.76378,250000,6.27,85.38,314500 4276500,4.5,Marginal,orange,YES,195.4211795,2657.2930815,48.7776235000001
314500,4276500,POTTF,8.2021,250000,6.34,85.23,314500 4276500,2.5,Marginal,orange,YES,195.4211795,2657.2930815,48.7776235000001
314500,4276500,POTTF,16.4042,250000,6.24,85.38,314500 4276500,5,Marginal,orange,YES,195.4211795,2657.2930815,48.7776235000001
314500,4276500,POTTF,18.04462,250000,6.21,85.38,314500 4276500,5.5,Marginal,orange,YES,195.4211795,2657.2930815,48.7776235000001
314500,4276500,POTTF,3.28084,250000,6.52,85.44,314500 4276500,1,Marginal,orange,YES,195.4211795,2657.2930815,48.7776235000001
314500,4276500,POTTF,13.12336,250000,6.28,85.38,314500 4276500,4,Marginal,orange,YES,195.4211795,2657.2930815,48.7776235000001
314500,4277000,POTTF,1.64042,250000,6.59,85.54,314500 4277000,0.5,Marginal,orange,YES,195.4211795,2657.603767,49.0883090000002
314500,4277000,POTTF,8.2021,250000,6.35,85.19,314500 4277000,2.5,Marginal,orange,YES,195.4211795,2657.603767,49.0883090000002
314500,4277000,POTTF,3.28084,250000,6.53,85.41,314500 4277000,1,Marginal,orange,YES,195.4211795,2657.603767,49.0883090000002
314500,4277000,POTTF,4.92126,250000,6.5,85.36,314500 4277000,1.5,Marginal,orange,YES,195.4211795,2657.603767,49.0883090000002
314500,4277000,POTTF,0,250000,6.65,85.71,314500 4277000,0,Marginal,orange,YES,195.4211795,2657.603767,49.0883090000002
314500,4277000,POTTF,6.56168,250000,6.36,85.2,314500 4277000,2,Marginal,orange,YES,195.4211795,2657.603767,49.0883090000002
314500,4280000,POTTF,1.64042,250000,6.77,85.31,314500 4280000,0.5,Marginal,orange,YES,195.4211795,2659.46788,50.9524220000003
314500,4280000,POTTF,3.28084,250000,6.68,85.13,314500 4280000,1,Marginal,orange,YES,195.4211795,2659.46788,50.9524220000003
314500,4280000,POTTF,6.56168,250000,6.46,84.82,314500 4280000,2,Marginal,orange,YES,195.4211795,2659.46788,50.9524220000003
314500,4280000,POTTF,8.2021,250000,6.43,84.8,314500 4280000,2.5,Marginal,orange,YES,195.4211795,2659.46788,50.9524220000003
314500,4280000,POTTF,0,250000,6.85,85.44,314500 4280000,0,Marginal,orange,YES,195.4211795,2659.46788,50.9524220000003
314500,4280000,POTTF,4.92126,250000,6.6,85.01,314500 4280000,1.5,Marginal,orange,YES,195.4211795,2659.46788,50.9524220000003
314500,4280500,POTTF,8.2021,250000,6.44,84.73,314500 4280500,2.5,Marginal,orange,YES,195.4211795,2659.7785655,51.2631075000004
314500,4280500,POTTF,1.64042,250000,6.8,85.26,314500 4280500,0.5,Marginal,orange,YES,195.4211795,2659.7785655,51.2631075000004
314500,4280500,POTTF,14.76378,250000,6.47,85.1,314500 4280500,4.5,Marginal,orange,YES,195.4211795,2659.7785655,51.2631075000004
314500,4280500,POTTF,13.12336,250000,6.48,85.1,314500 4280500,4,Marginal,orange,YES,195.4211795,2659.7785655,51.2631075000004
314500,4280500,POTTF,11.48294,250000,6.53,85.14,314500 4280500,3.5,Marginal,orange,YES,195.4211795,2659.7785655,51.2631075000004
314500,4280500,POTTF,6.56168,250000,6.47,84.74,314500 4280500,2,Marginal,orange,YES,195.4211795,2659.7785655,51.2631075000004
314500,4280500,POTTF,4.92126,250000,6.61,84.95,314500 4280500,1.5,Marginal,orange,YES,195.4211795,2659.7785655,51.2631075000004
314500,4280500,POTTF,0,250000,6.95,85.39,314500 4280500,0,Marginal,orange,YES,195.4211795,2659.7785655,51.2631075000004
314500,4280500,POTTF,9.84252,250000,6.41,84.73,314500 4280500,3,Marginal,orange,YES,195.4211795,2659.7785655,51.2631075000004
314500,4280500,POTTF,3.28084,250000,6.7,85.07,314500 4280500,1,Marginal,orange,YES,195.4211795,2659.7785655,51.2631075000004
314500,4281000,POTTF,1.64042,250000,6.83,85.22,314500 4281000,0.5,Marginal,orange,YES,195.4211795,2660.089251,51.573793
314500,4281000,POTTF,6.56168,250000,6.48,84.68,314500 4281000,2,Marginal,orange,YES,195.4211795,2660.089251,51.573793
314500,4281000,POTTF,3.28084,250000,6.72,85.02,314500 4281000,1,Marginal,orange,YES,195.4211795,2660.089251,51.573793
314500,4281000,POTTF,4.92126,250000,6.62,84.88,314500 4281000,1.5,Marginal,orange,YES,195.4211795,2660.089251,51.573793
314500,4281000,POTTF,0,250000,6.98,85.35,314500 4281000,0,Marginal,orange,YES,195.4211795,2660.089251,51.573793
314500,4281500,POTTF,3.28084,250000,6.74,84.97,314500 4281500,1,Marginal,orange,YES,195.4211795,2660.3999365,51.8844785000001
314500,4281500,POTTF,6.56168,250000,6.48,84.62,314500 4281500,2,Marginal,orange,YES,195.4211795,2660.3999365,51.8844785000001
314500,4281500,POTTF,4.92126,250000,6.62,84.82,314500 4281500,1.5,Marginal,orange,YES,195.4211795,2660.3999365,51.8844785000001
314500,4281500,POTTF,1.64042,250000,6.86,85.19,314500 4281500,0.5,Marginal,orange,YES,195.4211795,2660.3999365,51.8844785000001
314500,4281500,POTTF,0,250000,7.01,85.32,314500 4281500,0,Marginal,orange,YES,195.4211795,2660.3999365,51.8844785000001
314500,4282000,POTTF,3.28084,250000,6.75,84.93,314500 4282000,1,Marginal,orange,YES,195.4211795,2660.710622,52.1951640000002
314500,4282000,POTTF,1.64042,250000,6.88,85.16,314500 4282000,0.5,Marginal,orange,YES,195.4211795,2660.710622,52.1951640000002
314500,4282000,POTTF,8.2021,250000,6.43,84.56,314500 4282000,2.5,Marginal,orange,YES,195.4211795,2660.710622,52.1951640000002
314500,4282000,POTTF,0,250000,7.03,85.29,314500 4282000,0,Marginal,orange,YES,195.4211795,2660.710622,52.1951640000002
314500,4282000,POTTF,6.56168,250000,6.48,84.57,314500 4282000,2,Marginal,orange,YES,195.4211795,2660.710622,52.1951640000002
314500,4282000,POTTF,9.84252,250000,6.4,84.56,314500 4282000,3,Marginal,orange,YES,195.4211795,2660.710622,52.1951640000002
314500,4282000,POTTF,4.92126,250000,6.62,84.77,314500 4282000,1.5,Marginal,orange,YES,195.4211795,2660.710622,52.1951640000002
314500,4282500,POTTF,4.92126,250000,6.62,84.72,314500 4282500,1.5,Marginal,orange,YES,195.4211795,2661.0213075,52.5058495000003
314500,4282500,POTTF,3.28084,250000,6.76,84.89,314500 4282500,1,Marginal,orange,YES,195.4211795,2661.0213075,52.5058495000003
314500,4282500,POTTF,11.48294,250000,6.67,84.95,314500 4282500,3.5,Marginal,orange,YES,195.4211795,2661.0213075,52.5058495000003
314500,4282500,POTTF,1.64042,250000,6.9,85.14,314500 4282500,0.5,Marginal,orange,YES,195.4211795,2661.0213075,52.5058495000003
314500,4282500,POTTF,18.04462,250000,6.59,84.88,314500 4282500,5.5,Marginal,orange,YES,195.4211795,2661.0213075,52.5058495000003
314500,4282500,POTTF,6.56168,250000,6.47,84.52,314500 4282500,2,Marginal,orange,YES,195.4211795,2661.0213075,52.5058495000003
314500,4282500,POTTF,16.4042,250000,6.61,84.88,314500 4282500,5,Marginal,orange,YES,195.4211795,2661.0213075,52.5058495000003
314500,4282500,POTTF,9.84252,250000,6.39,84.51,314500 4282500,3,Marginal,orange,YES,195.4211795,2661.0213075,52.5058495000003
314500,4282500,POTTF,8.2021,250000,6.42,84.51,314500 4282500,2.5,Marginal,orange,YES,195.4211795,2661.0213075,52.5058495000003
314500,4282500,POTTF,13.12336,250000,6.63,84.88,314500 4282500,4,Marginal,orange,YES,195.4211795,2661.0213075,52.5058495000003
314500,4282500,POTTF,0,250000,7.04,85.27,314500 4282500,0,Marginal,orange,YES,195.4211795,2661.0213075,52.5058495000003
314500,4282500,POTTF,14.76378,250000,6.62,84.88,314500 4282500,4.5,Marginal,orange,YES,195.4211795,2661.0213075,52.5058495000003
315000,4277500,POTTF,4.92126,250000,6.54,85.28,315000 4277500,1.5,Marginal,orange,YES,195.731865,2657.9144525,49.3989945000003
315000,4277500,POTTF,0,250000,6.71,85.64,315000 4277500,0,Marginal,orange,YES,195.731865,2657.9144525,49.3989945000003
315000,4277500,POTTF,13.12336,250000,6.34,85.3,315000 4277500,4,Marginal,orange,YES,195.731865,2657.9144525,49.3989945000003
315000,4277500,POTTF,3.28084,250000,6.58,85.34,315000 4277500,1,Marginal,orange,YES,195.731865,2657.9144525,49.3989945000003
315000,4277500,POTTF,8.2021,250000,6.38,85.08,315000 4277500,2.5,Marginal,orange,YES,195.731865,2657.9144525,49.3989945000003
315000,4277500,POTTF,11.48294,250000,6.39,85.32,315000 4277500,3.5,Marginal,orange,YES,195.731865,2657.9144525,49.3989945000003
315000,4277500,POTTF,14.76378,250000,6.33,85.3,315000 4277500,4.5,Marginal,orange,YES,195.731865,2657.9144525,49.3989945000003
315000,4277500,POTTF,6.56168,250000,6.4,85.09,315000 4277500,2,Marginal,orange,YES,195.731865,2657.9144525,49.3989945000003
315000,4277500,POTTF,9.84252,250000,6.37,85.08,315000 4277500,3,Marginal,orange,YES,195.731865,2657.9144525,49.3989945000003
315000,4277500,POTTF,16.4042,250000,6.3,85.3,315000 4277500,5,Marginal,orange,YES,195.731865,2657.9144525,49.3989945000003
315000,4277500,POTTF,1.64042,250000,6.64,85.48,315000 4277500,0.5,Marginal,orange,YES,195.731865,2657.9144525,49.3989945000003
315000,4278000,POTTF,8.2021,250000,6.4,85.03,315000 4278000,2.5,Marginal,orange,YES,195.731865,2658.225138,49.7096800000004
315000,4278000,POTTF,4.92126,250000,6.55,85.22,315000 4278000,1.5,Marginal,orange,YES,195.731865,2658.225138,49.7096800000004
315000,4278000,POTTF,6.56168,250000,6.42,85.04,315000 4278000,2,Marginal,orange,YES,195.731865,2658.225138,49.7096800000004
315000,4278000,POTTF,13.12336,250000,6.36,85.27,315000 4278000,4,Marginal,orange,YES,195.731865,2658.225138,49.7096800000004
315000,4278000,POTTF,0,250000,6.74,85.6,315000 4278000,0,Marginal,orange,YES,195.731865,2658.225138,49.7096800000004
315000,4278000,POTTF,3.28084,250000,6.6,85.3,315000 4278000,1,Marginal,orange,YES,195.731865,2658.225138,49.7096800000004
315000,4278000,POTTF,11.48294,250000,6.41,85.29,315000 4278000,3.5,Marginal,orange,YES,195.731865,2658.225138,49.7096800000004
315000,4278000,POTTF,1.64042,250000,6.67,85.45,315000 4278000,0.5,Marginal,orange,YES,195.731865,2658.225138,49.7096800000004
315000,4278000,POTTF,9.84252,250000,6.38,85.03,315000 4278000,3,Marginal,orange,YES,195.731865,2658.225138,49.7096800000004
315000,4278500,POTTF,0,250000,6.77,85.55,315000 4278500,0,Marginal,orange,YES,195.731865,2658.5358235,50.0203655
315000,4278500,POTTF,14.76378,250000,6.37,85.24,315000 4278500,4.5,Marginal,orange,YES,195.731865,2658.5358235,50.0203655
315000,4278500,POTTF,13.12336,250000,6.38,85.24,315000 4278500,4,Marginal,orange,YES,195.731865,2658.5358235,50.0203655
315000,4278500,POTTF,9.84252,250000,6.39,84.97,315000 4278500,3,Marginal,orange,YES,195.731865,2658.5358235,50.0203655
315000,4278500,POTTF,1.64042,250000,6.7,85.41,315000 4278500,0.5,Marginal,orange,YES,195.731865,2658.5358235,50.0203655
315000,4278500,POTTF,8.2021,250000,6.41,84.97,315000 4278500,2.5,Marginal,orange,YES,195.731865,2658.5358235,50.0203655
315000,4278500,POTTF,6.56168,250000,6.43,84.98,315000 4278500,2,Marginal,orange,YES,195.731865,2658.5358235,50.0203655
315000,4278500,POTTF,3.28084,250000,6.62,85.25,315000 4278500,1,Marginal,orange,YES,195.731865,2658.5358235,50.0203655
315000,4278500,POTTF,4.92126,250000,6.57,85.17,315000 4278500,1.5,Marginal,orange,YES,195.731865,2658.5358235,50.0203655
315000,4278500,POTTF,11.48294,250000,6.43,85.26,315000 4278500,3.5,Marginal,orange,YES,195.731865,2658.5358235,50.0203655
315000,4279000,POTTF,13.12336,250000,6.41,85.2,315000 4279000,4,Marginal,orange,YES,195.731865,2658.846509,50.3310510000001
315000,4279000,POTTF,8.2021,250000,6.42,84.9,315000 4279000,2.5,Marginal,orange,YES,195.731865,2658.846509,50.3310510000001
315000,4279000,POTTF,1.64042,250000,6.73,85.36,315000 4279000,0.5,Marginal,orange,YES,195.731865,2658.846509,50.3310510000001
315000,4279000,POTTF,14.76378,250000,6.4,85.2,315000 4279000,4.5,Marginal,orange,YES,195.731865,2658.846509,50.3310510000001
315000,4279000,POTTF,9.84252,250000,6.4,84.9,315000 4279000,3,Marginal,orange,YES,195.731865,2658.846509,50.3310510000001
315000,4279000,POTTF,11.48294,250000,6.46,85.22,315000 4279000,3.5,Marginal,orange,YES,195.731865,2658.846509,50.3310510000001
315000,4279000,POTTF,3.28084,250000,6.65,85.2,315000 4279000,1,Marginal,orange,YES,195.731865,2658.846509,50.3310510000001
315000,4279000,POTTF,0,250000,6.81,85.5,315000 4279000,0,Marginal,orange,YES,195.731865,2658.846509,50.3310510000001
315000,4279000,POTTF,6.56168,250000,6.45,84.91,315000 4279000,2,Marginal,orange,YES,195.731865,2658.846509,50.3310510000001
315000,4279000,POTTF,4.92126,250000,6.58,85.11,315000 4279000,1.5,Marginal,orange,YES,195.731865,2658.846509,50.3310510000001
315000,4279500,POTTF,4.92126,250000,6.6,85.04,315000 4279500,1.5,Marginal,orange,YES,195.731865,2659.1571945,50.6417365000002
315000,4279500,POTTF,9.84252,250000,6.41,84.83,315000 4279500,3,Marginal,orange,YES,195.731865,2659.1571945,50.6417365000002
315000,4279500,POTTF,11.48294,250000,6.49,85.19,315000 4279500,3.5,Marginal,orange,YES,195.731865,2659.1571945,50.6417365000002
315000,4279500,POTTF,8.2021,250000,6.43,84.83,315000 4279500,2.5,Marginal,orange,YES,195.731865,2659.1571945,50.6417365000002
315000,4279500,POTTF,13.12336,250000,6.44,85.15,315000 4279500,4,Marginal,orange,YES,195.731865,2659.1571945,50.6417365000002
315000,4279500,POTTF,3.28084,250000,6.67,85.15,315000 4279500,1,Marginal,orange,YES,195.731865,2659.1571945,50.6417365000002
315000,4279500,POTTF,1.64042,250000,6.76,85.32,315000 4279500,0.5,Marginal,orange,YES,195.731865,2659.1571945,50.6417365000002
315000,4279500,POTTF,0,250000,6.84,85.45,315000 4279500,0,Marginal,orange,YES,195.731865,2659.1571945,50.6417365000002
315000,4279500,POTTF,6.56168,250000,6.46,84.84,315000 4279500,2,Marginal,orange,YES,195.731865,2659.1571945,50.6417365000002
315000,4280000,POTTF,1.64042,250000,6.79,85.28,315000 4280000,0.5,Marginal,orange,YES,195.731865,2659.46788,50.9524220000003
315000,4280000,POTTF,3.28084,250000,6.7,85.09,315000 4280000,1,Marginal,orange,YES,195.731865,2659.46788,50.9524220000003
315000,4280000,POTTF,0,250000,6.95,85.4,315000 4280000,0,Marginal,orange,YES,195.731865,2659.46788,50.9524220000003
315000,4280000,POTTF,4.92126,250000,6.61,84.97,315000 4280000,1.5,Marginal,orange,YES,195.731865,2659.46788,50.9524220000003
315000,4280000,POTTF,6.56168,250000,6.47,84.77,315000 4280000,2,Marginal,orange,YES,195.731865,2659.46788,50.9524220000003
315000,4283000,POTTF,11.48294,250000,6.74,84.86,315000 4283000,3.5,Marginal,orange,YES,195.731865,2661.331993,52.8165350000004
315000,4283000,POTTF,0,250000,7.06,85.24,315000 4283000,0,Marginal,orange,YES,195.731865,2661.331993,52.8165350000004
315000,4283000,POTTF,4.92126,250000,6.62,84.66,315000 4283000,1.5,Marginal,orange,YES,195.731865,2661.331993,52.8165350000004
315000,4283000,POTTF,3.28084,250000,6.77,84.84,315000 4283000,1,Marginal,orange,YES,195.731865,2661.331993,52.8165350000004
315000,4283000,POTTF,1.64042,250000,6.92,85.11,315000 4283000,0.5,Marginal,orange,YES,195.731865,2661.331993,52.8165350000004
315000,4283000,POTTF,13.12336,250000,6.71,84.77,315000 4283000,4,Marginal,orange,YES,195.731865,2661.331993,52.8165350000004
315000,4283000,POTTF,16.4042,250000,6.69,84.77,315000 4283000,5,Marginal,orange,YES,195.731865,2661.331993,52.8165350000004
315000,4283000,POTTF,14.76378,250000,6.7,84.77,315000 4283000,4.5,Marginal,orange,YES,195.731865,2661.331993,52.8165350000004
315000,4283000,POTTF,6.56168,250000,6.46,84.47,315000 4283000,2,Marginal,orange,YES,195.731865,2661.331993,52.8165350000004
315000,4283000,POTTF,9.84252,250000,6.36,84.46,315000 4283000,3,Marginal,orange,YES,195.731865,2661.331993,52.8165350000004
315000,4283000,POTTF,8.2021,250000,6.41,84.46,315000 4283000,2.5,Marginal,orange,YES,195.731865,2661.331993,52.8165350000004
315500,4283500,POTTF,9.84252,250000,6.34,84.42,315500 4283500,3,Marginal,orange,YES,196.0425505,2661.6426785,53.1272205
315500,4283500,POTTF,1.64042,250000,6.93,85.1,315500 4283500,0.5,Marginal,orange,YES,196.0425505,2661.6426785,53.1272205
315500,4283500,POTTF,8.2021,250000,6.39,84.42,315500 4283500,2.5,Marginal,orange,YES,196.0425505,2661.6426785,53.1272205
315500,4283500,POTTF,3.28084,250000,6.77,84.82,315500 4283500,1,Marginal,orange,YES,196.0425505,2661.6426785,53.1272205
315500,4283500,POTTF,0,250000,7.06,85.21,315500 4283500,0,Marginal,orange,YES,196.0425505,2661.6426785,53.1272205
315500,4283500,POTTF,4.92126,250000,6.61,84.62,315500 4283500,1.5,Marginal,orange,YES,196.0425505,2661.6426785,53.1272205
315500,4283500,POTTF,6.56168,250000,6.44,84.43,315500 4283500,2,Marginal,orange,YES,196.0425505,2661.6426785,53.1272205
316000,4283500,POTTF,0,250000,7.06,85.21,316000 4283500,0,Marginal,orange,YES,196.353236,2661.6426785,53.1272205
316000,4283500,POTTF,1.64042,250000,6.93,85.1,316000 4283500,0.5,Marginal,orange,YES,196.353236,2661.6426785,53.1272205
316000,4283500,POTTF,3.28084,250000,6.77,84.81,316000 4283500,1,Marginal,orange,YES,196.353236,2661.6426785,53.1272205
316000,4284000,POTTF,6.56168,250000,6.42,84.41,316000 4284000,2,Marginal,orange,YES,196.353236,2661.953364,53.4379060000001
316000,4284000,POTTF,3.28084,250000,6.76,84.8,316000 4284000,1,Marginal,orange,YES,196.353236,2661.953364,53.4379060000001
316000,4284000,POTTF,0,250000,7.06,85.2,316000 4284000,0,Marginal,orange,YES,196.353236,2661.953364,53.4379060000001
316000,4284000,POTTF,1.64042,250000,6.93,85.1,316000 4284000,0.5,Marginal,orange,YES,196.353236,2661.953364,53.4379060000001
316000,4284000,POTTF,4.92126,250000,6.59,84.6,316000 4284000,1.5,Marginal,orange,YES,196.353236,2661.953364,53.4379060000001
316000,4284000,POTTF,8.2021,250000,6.37,84.4,316000 4284000,2.5,Marginal,orange,YES,196.353236,2661.953364,53.4379060000001
316000,4284500,POTTF,3.28084,250000,6.76,84.8,316000 4284500,1,Marginal,orange,YES,196.353236,2662.2640495,53.7485915000002
316000,4284500,POTTF,1.64042,250000,6.93,85.1,316000 4284500,0.5,Marginal,orange,YES,196.353236,2662.2640495,53.7485915000002
316000,4284500,POTTF,4.92126,250000,6.59,84.6,316000 4284500,1.5,Marginal,orange,YES,196.353236,2662.2640495,53.7485915000002
316000,4284500,POTTF,0,250000,7.06,85.2,316000 4284500,0,Marginal,orange,YES,196.353236,2662.2640495,53.7485915000002
316500,4284000,POTTF,4.92126,250000,6.59,84.6,316500 4284000,1.5,Marginal,orange,YES,196.6639215,2661.953364,53.4379060000001
316500,4284000,POTTF,0,250000,7.06,85.2,316500 4284000,0,Marginal,orange,YES,196.6639215,2661.953364,53.4379060000001
316500,4284000,POTTF,1.64042,250000,6.93,85.1,316500 4284000,0.5,Marginal,orange,YES,196.6639215,2661.953364,53.4379060000001
316500,4284000,POTTF,3.28084,250000,6.76,84.8,316500 4284000,1,Marginal,orange,YES,196.6639215,2661.953364,53.4379060000001
316500,4284500,POTTF,3.28084,250000,6.76,84.8,316500 4284500,1,Marginal,orange,YES,196.6639215,2662.2640495,53.7485915000002
316500,4284500,POTTF,1.64042,250000,6.93,85.1,316500 4284500,0.5,Marginal,orange,YES,196.6639215,2662.2640495,53.7485915000002
316500,4284500,POTTF,9.84252,250000,6.31,84.4,316500 4284500,3,Marginal,orange,YES,196.6639215,2662.2640495,53.7485915000002
316500,4284500,POTTF,4.92126,250000,6.59,84.6,316500 4284500,1.5,Marginal,orange,YES,196.6639215,2662.2640495,53.7485915000002
316500,4284500,POTTF,0,250000,7.06,85.2,316500 4284500,0,Marginal,orange,YES,196.6639215,2662.2640495,53.7485915000002
316500,4284500,POTTF,11.48294,250000,6.91,84.6,316500 4284500,3.5,Marginal,orange,YES,196.6639215,2662.2640495,53.7485915000002
316500,4284500,POTTF,6.56168,250000,6.42,84.4,316500 4284500,2,Marginal,orange,YES,196.6639215,2662.2640495,53.7485915000002
316500,4284500,POTTF,8.2021,250000,6.36,84.4,316500 4284500,2.5,Marginal,orange,YES,196.6639215,2662.2640495,53.7485915000002
317000,4284000,POTTF,3.28084,250000,6.77,84.8,317000 4284000,1,Marginal,orange,YES,196.974607,2661.953364,53.4379060000001
317000,4284000,POTTF,4.92126,250000,6.6,84.6,317000 4284000,1.5,Marginal,orange,YES,196.974607,2661.953364,53.4379060000001
317000,4284000,POTTF,1.64042,250000,6.93,85.09,317000 4284000,0.5,Marginal,orange,YES,196.974607,2661.953364,53.4379060000001
317000,4284000,POTTF,0,250000,7.06,85.2,317000 4284000,0,Marginal,orange,YES,196.974607,2661.953364,53.4379060000001
317000,4284500,POTTF,3.28084,250000,6.76,84.8,317000 4284500,1,Marginal,orange,YES,196.974607,2662.2640495,53.7485915000002
317000,4284500,POTTF,0,250000,7.06,85.2,317000 4284500,0,Marginal,orange,YES,196.974607,2662.2640495,53.7485915000002
317000,4284500,POTTF,6.56168,250000,6.43,84.4,317000 4284500,2,Marginal,orange,YES,196.974607,2662.2640495,53.7485915000002
317000,4284500,POTTF,4.92126,250000,6.6,84.6,317000 4284500,1.5,Marginal,orange,YES,196.974607,2662.2640495,53.7485915000002
317000,4284500,POTTF,8.2021,250000,6.37,84.4,317000 4284500,2.5,Marginal,orange,YES,196.974607,2662.2640495,53.7485915000002
317000,4284500,POTTF,1.64042,250000,6.93,85.1,317000 4284500,0.5,Marginal,orange,YES,196.974607,2662.2640495,53.7485915000002
317000,4285000,POTTF,3.28084,250000,6.77,84.8,317000 4285000,1,Marginal,orange,YES,196.974607,2662.574735,54.0592770000003
317000,4285000,POTTF,1.64042,250000,6.93,85.09,317000 4285000,0.5,Marginal,orange,YES,196.974607,2662.574735,54.0592770000003
317000,4285000,POTTF,0,250000,7.06,85.2,317000 4285000,0,Marginal,orange,YES,196.974607,2662.574735,54.0592770000003
317500,4251500,POTOH,13.12336,250000,2.84,81.3,317500 4251500,4,Marginal,orange,YES,197.2852925,2641.7588065,33.2433485000001
317500,4251500,POTOH,11.48294,250000,3.6,81.99,317500 4251500,3.5,Tolerable,yellow,YES,197.2852925,2641.7588065,33.2433485000001
317500,4251500,POTOH,1.64042,250000,6.36,83.65,317500 4251500,0.5,Tolerable,yellow,YES,197.2852925,2641.7588065,33.2433485000001
317500,4251500,POTOH,8.2021,250000,5.31,82.97,317500 4251500,2.5,Tolerable,yellow,YES,197.2852925,2641.7588065,33.2433485000001
317500,4251500,POTOH,4.92126,250000,5.9,83.36,317500 4251500,1.5,Tolerable,yellow,YES,197.2852925,2641.7588065,33.2433485000001
317500,4251500,POTOH,3.28084,250000,6.19,83.55,317500 4251500,1,Tolerable,yellow,YES,197.2852925,2641.7588065,33.2433485000001
317500,4251500,POTOH,0,250000,6.51,83.7,317500 4251500,0,Tolerable,yellow,YES,197.2852925,2641.7588065,33.2433485000001
317500,4251500,POTOH,9.84252,250000,4.33,82.42,317500 4251500,3,Tolerable,yellow,YES,197.2852925,2641.7588065,33.2433485000001
317500,4251500,POTOH,6.56168,250000,5.63,83.14,317500 4251500,2,Tolerable,yellow,YES,197.2852925,2641.7588065,33.2433485000001
317500,4251500,POTOH,14.76378,250000,1.63,80.06,317500 4251500,4.5,Unsuitable,black,YES,197.2852925,2641.7588065,33.2433485000001
317500,4284500,POTTF,6.56168,250000,6.45,84.41,317500 4284500,2,Marginal,orange,YES,197.2852925,2662.2640495,53.7485915000002
317500,4284500,POTTF,8.2021,250000,6.4,84.41,317500 4284500,2.5,Marginal,orange,YES,197.2852925,2662.2640495,53.7485915000002
317500,4284500,POTTF,3.28084,250000,6.78,84.8,317500 4284500,1,Marginal,orange,YES,197.2852925,2662.2640495,53.7485915000002
317500,4284500,POTTF,4.92126,250000,6.62,84.6,317500 4284500,1.5,Marginal,orange,YES,197.2852925,2662.2640495,53.7485915000002
317500,4284500,POTTF,0,250000,7.07,85.2,317500 4284500,0,Marginal,orange,YES,197.2852925,2662.2640495,53.7485915000002
317500,4284500,POTTF,1.64042,250000,6.94,85.08,317500 4284500,0.5,Marginal,orange,YES,197.2852925,2662.2640495,53.7485915000002
317500,4285000,POTTF,3.28084,250000,6.78,84.79,317500 4285000,1,Marginal,orange,YES,197.2852925,2662.574735,54.0592770000003
317500,4285000,POTTF,4.92126,250000,6.62,84.6,317500 4285000,1.5,Marginal,orange,YES,197.2852925,2662.574735,54.0592770000003
317500,4285000,POTTF,6.56168,250000,6.46,84.41,317500 4285000,2,Marginal,orange,YES,197.2852925,2662.574735,54.0592770000003
317500,4285000,POTTF,0,250000,7.08,85.2,317500 4285000,0,Marginal,orange,YES,197.2852925,2662.574735,54.0592770000003
317500,4285000,POTTF,1.64042,250000,6.94,85.07,317500 4285000,0.5,Marginal,orange,YES,197.2852925,2662.574735,54.0592770000003
317500,4285000,POTTF,8.2021,250000,6.4,84.41,317500 4285000,2.5,Marginal,orange,YES,197.2852925,2662.574735,54.0592770000003
318000,4284500,POTTF,4.92126,250000,6.65,84.6,318000 4284500,1.5,Marginal,orange,YES,197.595978,2662.2640495,53.7485915000002
318000,4284500,POTTF,0,250000,7.1,85.19,318000 4284500,0,Marginal,orange,YES,197.595978,2662.2640495,53.7485915000002
318000,4284500,POTTF,1.64042,250000,6.95,85.04,318000 4284500,0.5,Marginal,orange,YES,197.595978,2662.2640495,53.7485915000002
318000,4284500,POTTF,6.56168,250000,6.5,84.42,318000 4284500,2,Marginal,orange,YES,197.595978,2662.2640495,53.7485915000002
318000,4284500,POTTF,3.28084,250000,6.8,84.79,318000 4284500,1,Marginal,orange,YES,197.595978,2662.2640495,53.7485915000002
318000,4284500,POTTF,8.2021,250000,6.45,84.41,318000 4284500,2.5,Marginal,orange,YES,197.595978,2662.2640495,53.7485915000002
318000,4285000,POTTF,3.28084,250000,6.81,84.78,318000 4285000,1,Marginal,orange,YES,197.595978,2662.574735,54.0592770000003
318000,4285000,POTTF,1.64042,250000,6.95,85.03,318000 4285000,0.5,Marginal,orange,YES,197.595978,2662.574735,54.0592770000003
318000,4285000,POTTF,0,250000,7.1,85.19,318000 4285000,0,Marginal,orange,YES,197.595978,2662.574735,54.0592770000003
318000,4285000,POTTF,8.2021,250000,6.46,84.41,318000 4285000,2.5,Marginal,orange,YES,197.595978,2662.574735,54.0592770000003
318000,4285000,POTTF,4.92126,250000,6.66,84.6,318000 4285000,1.5,Marginal,orange,YES,197.595978,2662.574735,54.0592770000003
318000,4285000,POTTF,9.84252,250000,6.42,84.41,318000 4285000,3,Marginal,orange,YES,197.595978,2662.574735,54.0592770000003
318000,4285000,POTTF,6.56168,250000,6.51,84.42,318000 4285000,2,Marginal,orange,YES,197.595978,2662.574735,54.0592770000003
318500,4252000,POTOH,18.04462,250000,1.15,79.52,318500 4252000,5.5,Unsuitable,black,YES,197.9066635,2642.069492,33.5540340000002
318500,4252000,POTOH,16.4042,250000,1.29,79.79,318500 4252000,5,Unsuitable,black,YES,197.9066635,2642.069492,33.5540340000002
318500,4252000,POTOH,13.12336,250000,2.61,81.03,318500 4252000,4,Marginal,orange,YES,197.9066635,2642.069492,33.5540340000002
318500,4252000,POTOH,4.92126,250000,5.91,83.26,318500 4252000,1.5,Tolerable,yellow,YES,197.9066635,2642.069492,33.5540340000002
318500,4252000,POTOH,11.48294,250000,3.41,81.77,318500 4252000,3.5,Tolerable,yellow,YES,197.9066635,2642.069492,33.5540340000002
318500,4252000,POTOH,6.56168,250000,5.6,83.01,318500 4252000,2,Tolerable,yellow,YES,197.9066635,2642.069492,33.5540340000002
318500,4252000,POTOH,8.2021,250000,5.25,82.83,318500 4252000,2.5,Tolerable,yellow,YES,197.9066635,2642.069492,33.5540340000002
318500,4252000,POTOH,0,250000,6.59,83.62,318500 4252000,0,Tolerable,yellow,YES,197.9066635,2642.069492,33.5540340000002
318500,4252000,POTOH,1.64042,250000,6.43,83.57,318500 4252000,0.5,Tolerable,yellow,YES,197.9066635,2642.069492,33.5540340000002
318500,4252000,POTOH,3.28084,250000,6.25,83.47,318500 4252000,1,Tolerable,yellow,YES,197.9066635,2642.069492,33.5540340000002
318500,4252000,POTOH,14.76378,250000,1.56,79.97,318500 4252000,4.5,Unsuitable,black,YES,197.9066635,2642.069492,33.5540340000002
318500,4252000,POTOH,9.84252,250000,4.22,82.25,318500 4252000,3,Suitable,dodgerblue,YES,197.9066635,2642.069492,33.5540340000002
318500,4252000,POTOH,19.68504,250000,0.45,78.5,318500 4252000,6,Unsuitable,black,YES,197.9066635,2642.069492,33.5540340000002
318500,4284500,POTTF,4.92126,250000,6.71,84.59,318500 4284500,1.5,Marginal,orange,YES,197.9066635,2662.2640495,53.7485915000002
318500,4284500,POTTF,1.64042,250000,6.97,84.99,318500 4284500,0.5,Marginal,orange,YES,197.9066635,2662.2640495,53.7485915000002
318500,4284500,POTTF,3.28084,250000,6.84,84.76,318500 4284500,1,Marginal,orange,YES,197.9066635,2662.2640495,53.7485915000002
318500,4284500,POTTF,0,250000,7.13,85.18,318500 4284500,0,Marginal,orange,YES,197.9066635,2662.2640495,53.7485915000002
318500,4285000,POTTF,6.56168,250000,6.59,84.43,318500 4285000,2,Marginal,orange,YES,197.9066635,2662.574735,54.0592770000003
318500,4285000,POTTF,1.64042,250000,6.98,84.97,318500 4285000,0.5,Marginal,orange,YES,197.9066635,2662.574735,54.0592770000003
318500,4285000,POTTF,9.84252,250000,6.52,84.4,318500 4285000,3,Marginal,orange,YES,197.9066635,2662.574735,54.0592770000003
318500,4285000,POTTF,0,250000,7.14,85.16,318500 4285000,0,Marginal,orange,YES,197.9066635,2662.574735,54.0592770000003
318500,4285000,POTTF,8.2021,250000,6.55,84.4,318500 4285000,2.5,Marginal,orange,YES,197.9066635,2662.574735,54.0592770000003
318500,4285000,POTTF,3.28084,250000,6.85,84.75,318500 4285000,1,Marginal,orange,YES,197.9066635,2662.574735,54.0592770000003
318500,4285000,POTTF,4.92126,250000,6.73,84.59,318500 4285000,1.5,Marginal,orange,YES,197.9066635,2662.574735,54.0592770000003
318500,4285500,POTTF,1.64042,250000,6.99,84.95,318500 4285500,0.5,Marginal,orange,YES,197.9066635,2662.8854205,54.3699625000004
318500,4285500,POTTF,3.28084,250000,6.87,84.74,318500 4285500,1,Marginal,orange,YES,197.9066635,2662.8854205,54.3699625000004
318500,4285500,POTTF,4.92126,250000,6.75,84.58,318500 4285500,1.5,Marginal,orange,YES,197.9066635,2662.8854205,54.3699625000004
318500,4285500,POTTF,0,250000,7.15,85.15,318500 4285500,0,Marginal,orange,YES,197.9066635,2662.8854205,54.3699625000004
318500,4308500,POTTF,8.2021,250000,6.75,84.35,318500 4308500,2.5,Marginal,orange,YES,197.9066635,2677.1769535,68.6614955
318500,4308500,POTTF,6.56168,250000,6.78,84.4,318500 4308500,2,Marginal,orange,YES,197.9066635,2677.1769535,68.6614955
318500,4308500,POTTF,1.64042,250000,7.06,84.78,318500 4308500,0.5,Marginal,orange,YES,197.9066635,2677.1769535,68.6614955
318500,4308500,POTTF,0,250000,7.31,85.33,318500 4308500,0,Marginal,orange,YES,197.9066635,2677.1769535,68.6614955
318500,4308500,POTTF,4.92126,250000,6.87,84.49,318500 4308500,1.5,Marginal,orange,YES,197.9066635,2677.1769535,68.6614955
318500,4308500,POTTF,3.28084,250000,6.97,84.64,318500 4308500,1,Marginal,orange,YES,197.9066635,2677.1769535,68.6614955
318500,4308500,POTTF,9.84252,250000,6.73,84.35,318500 4308500,3,Marginal,orange,YES,197.9066635,2677.1769535,68.6614955
319000,4285000,POTTF,3.28084,250000,6.91,84.71,319000 4285000,1,Marginal,orange,YES,198.217349,2662.574735,54.0592770000003
319000,4285000,POTTF,0,250000,7.18,85.12,319000 4285000,0,Marginal,orange,YES,198.217349,2662.574735,54.0592770000003
319000,4285000,POTTF,9.84252,250000,6.63,84.39,319000 4285000,3,Marginal,orange,YES,198.217349,2662.574735,54.0592770000003
319000,4285000,POTTF,1.64042,250000,7.01,84.89,319000 4285000,0.5,Marginal,orange,YES,198.217349,2662.574735,54.0592770000003
319000,4285000,POTTF,8.2021,250000,6.66,84.39,319000 4285000,2.5,Marginal,orange,YES,198.217349,2662.574735,54.0592770000003
319000,4285000,POTTF,6.56168,250000,6.69,84.43,319000 4285000,2,Marginal,orange,YES,198.217349,2662.574735,54.0592770000003
319000,4285000,POTTF,4.92126,250000,6.8,84.56,319000 4285000,1.5,Marginal,orange,YES,198.217349,2662.574735,54.0592770000003
319000,4285000,POTTF,11.48294,250000,7.05,84.38,319000 4285000,3.5,Marginal,orange,YES,198.217349,2662.574735,54.0592770000003
319500,4252500,POTOH,13.12336,250000,2.41,80.8,319500 4252500,4,Marginal,orange,YES,198.5280345,2642.3801775,33.8647195000003
319500,4252500,POTOH,14.76378,250000,1.5,79.89,319500 4252500,4.5,Unsuitable,black,YES,198.5280345,2642.3801775,33.8647195000003
319500,4252500,POTOH,11.48294,250000,3.23,81.56,319500 4252500,3.5,Tolerable,yellow,YES,198.5280345,2642.3801775,33.8647195000003
319500,4252500,POTOH,9.84252,250000,4.12,82.09,319500 4252500,3,Suitable,dodgerblue,YES,198.5280345,2642.3801775,33.8647195000003
319500,4252500,POTOH,4.92126,250000,5.91,83.16,319500 4252500,1.5,Tolerable,yellow,YES,198.5280345,2642.3801775,33.8647195000003
319500,4252500,POTOH,0,250000,6.66,83.54,319500 4252500,0,Tolerable,yellow,YES,198.5280345,2642.3801775,33.8647195000003
319500,4252500,POTOH,16.4042,250000,1.22,79.71,319500 4252500,5,Unsuitable,black,YES,198.5280345,2642.3801775,33.8647195000003
319500,4252500,POTOH,8.2021,250000,5.18,82.68,319500 4252500,2.5,Tolerable,yellow,YES,198.5280345,2642.3801775,33.8647195000003
319500,4252500,POTOH,1.64042,250000,6.49,83.5,319500 4252500,0.5,Tolerable,yellow,YES,198.5280345,2642.3801775,33.8647195000003
319500,4252500,POTOH,6.56168,250000,5.56,82.88,319500 4252500,2,Tolerable,yellow,YES,198.5280345,2642.3801775,33.8647195000003
319500,4252500,POTOH,18.04462,250000,1.08,79.44,319500 4252500,5.5,Unsuitable,black,YES,198.5280345,2642.3801775,33.8647195000003
319500,4252500,POTOH,3.28084,250000,6.29,83.4,319500 4252500,1,Tolerable,yellow,YES,198.5280345,2642.3801775,33.8647195000003
319500,4285000,POTTF,0,250000,7.21,85.07,319500 4285000,0,Marginal,orange,YES,198.5280345,2662.574735,54.0592770000003
319500,4285000,POTTF,1.64042,250000,7.05,84.79,319500 4285000,0.5,Marginal,orange,YES,198.5280345,2662.574735,54.0592770000003
319500,4285000,POTTF,3.28084,250000,6.97,84.67,319500 4285000,1,Marginal,orange,YES,198.5280345,2662.574735,54.0592770000003
319500,4285000,POTTF,9.84252,250000,6.76,84.38,319500 4285000,3,Marginal,orange,YES,198.5280345,2662.574735,54.0592770000003
319500,4285000,POTTF,8.2021,250000,6.78,84.38,319500 4285000,2.5,Marginal,orange,YES,198.5280345,2662.574735,54.0592770000003
319500,4285000,POTTF,4.92126,250000,6.89,84.53,319500 4285000,1.5,Marginal,orange,YES,198.5280345,2662.574735,54.0592770000003
319500,4285000,POTTF,6.56168,250000,6.8,84.43,319500 4285000,2,Marginal,orange,YES,198.5280345,2662.574735,54.0592770000003
319500,4285000,POTTF,11.48294,250000,7.06,84.36,319500 4285000,3.5,Marginal,orange,YES,198.5280345,2662.574735,54.0592770000003
319500,4285500,POTTF,1.64042,250000,7.07,84.76,319500 4285500,0.5,Marginal,orange,YES,198.5280345,2662.8854205,54.3699625000004
319500,4285500,POTTF,3.28084,250000,6.99,84.65,319500 4285500,1,Marginal,orange,YES,198.5280345,2662.8854205,54.3699625000004
319500,4285500,POTTF,0,250000,7.21,85.03,319500 4285500,0,Marginal,orange,YES,198.5280345,2662.8854205,54.3699625000004
320000,4285000,POTTF,3.28084,250000,7.03,86.35,320000 4285000,1,Unsuitable,black,YES,198.83872,2662.574735,54.0592770000003
320000,4285000,POTTF,0,250000,7.24,85.01,320000 4285000,0,Marginal,orange,YES,198.83872,2662.574735,54.0592770000003
320000,4285000,POTTF,4.92126,250000,6.97,86.25,320000 4285000,1.5,Unsuitable,black,YES,198.83872,2662.574735,54.0592770000003
320000,4285000,POTTF,1.64042,250000,7.09,86.39,320000 4285000,0.5,Unsuitable,black,YES,198.83872,2662.574735,54.0592770000003
320000,4285500,POTTF,0,250000,7.24,84.94,320000 4285500,0,Marginal,orange,YES,198.83872,2662.8854205,54.3699625000004
320000,4285500,POTTF,1.64042,250000,7.11,84.66,320000 4285500,0.5,Marginal,orange,YES,198.83872,2662.8854205,54.3699625000004
320000,4285500,POTTF,6.56168,250000,6.94,84.42,320000 4285500,2,Marginal,orange,YES,198.83872,2662.8854205,54.3699625000004
320000,4285500,POTTF,4.92126,250000,7,84.48,320000 4285500,1.5,Marginal,orange,YES,198.83872,2662.8854205,54.3699625000004
320000,4285500,POTTF,3.28084,250000,7.05,84.6,320000 4285500,1,Marginal,orange,YES,198.83872,2662.8854205,54.3699625000004
320000,4285500,POTTF,8.2021,250000,6.92,84.34,320000 4285500,2.5,Marginal,orange,YES,198.83872,2662.8854205,54.3699625000004
320000,4308000,POTTF,3.28084,250000,6.97,84.64,320000 4308000,1,Marginal,orange,YES,198.83872,2676.866268,68.3508100000004
320000,4308000,POTTF,6.56168,250000,6.79,84.4,320000 4308000,2,Marginal,orange,YES,198.83872,2676.866268,68.3508100000004
320000,4308000,POTTF,4.92126,250000,6.88,84.49,320000 4308000,1.5,Marginal,orange,YES,198.83872,2676.866268,68.3508100000004
320000,4308000,POTTF,9.84252,250000,6.74,84.35,320000 4308000,3,Marginal,orange,YES,198.83872,2676.866268,68.3508100000004
320000,4308000,POTTF,8.2021,250000,6.76,84.35,320000 4308000,2.5,Marginal,orange,YES,198.83872,2676.866268,68.3508100000004
320000,4308000,POTTF,1.64042,250000,7.06,84.78,320000 4308000,0.5,Marginal,orange,YES,198.83872,2676.866268,68.3508100000004
320000,4308000,POTTF,0,250000,7.32,85.33,320000 4308000,0,Marginal,orange,YES,198.83872,2676.866268,68.3508100000004
320500,4285500,POTTF,11.48294,250000,7.09,84.31,320500 4285500,3.5,Marginal,orange,YES,199.1494055,2662.8854205,54.3699625000004
320500,4285500,POTTF,13.12336,250000,7.09,84.22,320500 4285500,4,Marginal,orange,YES,199.1494055,2662.8854205,54.3699625000004
320500,4285500,POTTF,0,250000,7.24,84.85,320500 4285500,0,Marginal,orange,YES,199.1494055,2662.8854205,54.3699625000004
320500,4285500,POTTF,8.2021,250000,7,84.32,320500 4285500,2.5,Marginal,orange,YES,199.1494055,2662.8854205,54.3699625000004
320500,4285500,POTTF,1.64042,250000,7.14,84.59,320500 4285500,0.5,Marginal,orange,YES,199.1494055,2662.8854205,54.3699625000004
320500,4285500,POTTF,9.84252,250000,7,84.32,320500 4285500,3,Marginal,orange,YES,199.1494055,2662.8854205,54.3699625000004
320500,4285500,POTTF,6.56168,250000,7.01,84.41,320500 4285500,2,Marginal,orange,YES,199.1494055,2662.8854205,54.3699625000004
320500,4285500,POTTF,3.28084,250000,7.1,84.56,320500 4285500,1,Marginal,orange,YES,199.1494055,2662.8854205,54.3699625000004
320500,4285500,POTTF,4.92126,250000,7.06,84.44,320500 4285500,1.5,Marginal,orange,YES,199.1494055,2662.8854205,54.3699625000004
320500,4285500,POTTF,14.76378,250000,7.09,84.22,320500 4285500,4.5,Marginal,orange,YES,199.1494055,2662.8854205,54.3699625000004
320500,4308000,POTTF,4.92126,250000,6.88,84.49,320500 4308000,1.5,Marginal,orange,YES,199.1494055,2676.866268,68.3508100000004
320500,4308000,POTTF,6.56168,250000,6.79,84.4,320500 4308000,2,Marginal,orange,YES,199.1494055,2676.866268,68.3508100000004
320500,4308000,POTTF,0,250000,7.32,85.34,320500 4308000,0,Marginal,orange,YES,199.1494055,2676.866268,68.3508100000004
320500,4308000,POTTF,1.64042,250000,7.06,84.77,320500 4308000,0.5,Marginal,orange,YES,199.1494055,2676.866268,68.3508100000004
320500,4308000,POTTF,3.28084,250000,6.97,84.64,320500 4308000,1,Marginal,orange,YES,199.1494055,2676.866268,68.3508100000004
321000,4285500,POTTF,6.56168,250000,7.06,84.41,321000 4285500,2,Marginal,orange,YES,199.460091,2662.8854205,54.3699625000004
321000,4285500,POTTF,4.92126,250000,7.09,84.42,321000 4285500,1.5,Marginal,orange,YES,199.460091,2662.8854205,54.3699625000004
321000,4285500,POTTF,14.76378,250000,7.09,84.21,321000 4285500,4.5,Marginal,orange,YES,199.460091,2662.8854205,54.3699625000004
321000,4285500,POTTF,0,250000,7.24,84.75,321000 4285500,0,Marginal,orange,YES,199.460091,2662.8854205,54.3699625000004
321000,4285500,POTTF,8.2021,250000,7.06,84.31,321000 4285500,2.5,Marginal,orange,YES,199.460091,2662.8854205,54.3699625000004
321000,4285500,POTTF,3.28084,250000,7.12,84.53,321000 4285500,1,Marginal,orange,YES,199.460091,2662.8854205,54.3699625000004
321000,4285500,POTTF,9.84252,250000,7.05,84.31,321000 4285500,3,Marginal,orange,YES,199.460091,2662.8854205,54.3699625000004
321000,4285500,POTTF,18.04462,250000,7.09,84.21,321000 4285500,5.5,Marginal,orange,YES,199.460091,2662.8854205,54.3699625000004
321000,4285500,POTTF,11.48294,250000,7.09,84.31,321000 4285500,3.5,Marginal,orange,YES,199.460091,2662.8854205,54.3699625000004
321000,4285500,POTTF,13.12336,250000,7.09,84.21,321000 4285500,4,Marginal,orange,YES,199.460091,2662.8854205,54.3699625000004
321000,4285500,POTTF,19.68504,250000,7.1,84.2,321000 4285500,6,Tolerable,yellow,YES,199.460091,2662.8854205,54.3699625000004
321000,4285500,POTTF,16.4042,250000,7.09,84.21,321000 4285500,5,Marginal,orange,YES,199.460091,2662.8854205,54.3699625000004
321000,4285500,POTTF,1.64042,250000,7.16,84.54,321000 4285500,0.5,Marginal,orange,YES,199.460091,2662.8854205,54.3699625000004
321500,4286000,POTTF,9.84252,250000,7.09,84.3,321500 4286000,3,Marginal,orange,YES,199.7707765,2663.196106,54.680648
321500,4286000,POTTF,4.92126,250000,7.12,84.4,321500 4286000,1.5,Marginal,orange,YES,199.7707765,2663.196106,54.680648
321500,4286000,POTTF,8.2021,250000,7.09,84.3,321500 4286000,2.5,Marginal,orange,YES,199.7707765,2663.196106,54.680648
321500,4286000,POTTF,1.64042,250000,7.17,84.51,321500 4286000,0.5,Marginal,orange,YES,199.7707765,2663.196106,54.680648
321500,4286000,POTTF,0,250000,7.2,84.55,321500 4286000,0,Marginal,orange,YES,199.7707765,2663.196106,54.680648
321500,4286000,POTTF,6.56168,250000,7.1,84.4,321500 4286000,2,Marginal,orange,YES,199.7707765,2663.196106,54.680648
321500,4286000,POTTF,3.28084,250000,7.15,84.5,321500 4286000,1,Marginal,orange,YES,199.7707765,2663.196106,54.680648
321500,4306500,POTTF,0,250000,7.32,85.34,321500 4306500,0,Marginal,orange,YES,199.7707765,2675.9342115,67.4187535000001
321500,4307000,POTTF,3.28084,250000,6.97,84.63,321500 4307000,1,Marginal,orange,YES,199.7707765,2676.244897,67.7294390000002
321500,4307000,POTTF,8.2021,250000,6.77,84.34,321500 4307000,2.5,Marginal,orange,YES,199.7707765,2676.244897,67.7294390000002
321500,4307000,POTTF,4.92126,250000,6.88,84.49,321500 4307000,1.5,Marginal,orange,YES,199.7707765,2676.244897,67.7294390000002
321500,4307000,POTTF,1.64042,250000,7.06,84.77,321500 4307000,0.5,Marginal,orange,YES,199.7707765,2676.244897,67.7294390000002
321500,4307000,POTTF,6.56168,250000,6.79,84.4,321500 4307000,2,Marginal,orange,YES,199.7707765,2676.244897,67.7294390000002
321500,4307000,POTTF,0,250000,7.32,85.34,321500 4307000,0,Marginal,orange,YES,199.7707765,2676.244897,67.7294390000002
321500,4307500,POTTF,11.48294,250000,7.1,84.3,321500 4307500,3.5,Marginal,orange,YES,199.7707765,2676.5555825,68.0401245000003
321500,4307500,POTTF,6.56168,250000,6.79,84.4,321500 4307500,2,Marginal,orange,YES,199.7707765,2676.5555825,68.0401245000003
321500,4307500,POTTF,8.2021,250000,6.76,84.35,321500 4307500,2.5,Marginal,orange,YES,199.7707765,2676.5555825,68.0401245000003
321500,4307500,POTTF,3.28084,250000,6.97,84.64,321500 4307500,1,Marginal,orange,YES,199.7707765,2676.5555825,68.0401245000003
321500,4307500,POTTF,9.84252,250000,6.74,84.35,321500 4307500,3,Marginal,orange,YES,199.7707765,2676.5555825,68.0401245000003
321500,4307500,POTTF,0,250000,7.32,85.34,321500 4307500,0,Marginal,orange,YES,199.7707765,2676.5555825,68.0401245000003
321500,4307500,POTTF,13.12336,250000,7.1,84.2,321500 4307500,4,Tolerable,yellow,YES,199.7707765,2676.5555825,68.0401245000003
321500,4307500,POTTF,1.64042,250000,7.06,84.77,321500 4307500,0.5,Marginal,orange,YES,199.7707765,2676.5555825,68.0401245000003
321500,4307500,POTTF,4.92126,250000,6.88,84.49,321500 4307500,1.5,Marginal,orange,YES,199.7707765,2676.5555825,68.0401245000003
322000,4253500,POTOH,4.92126,250000,5.89,82.93,322000 4253500,1.5,Tolerable,yellow,YES,200.081462,2643.0015485,34.4860905000001
322000,4253500,POTOH,1.64042,250000,6.58,83.33,322000 4253500,0.5,Tolerable,yellow,YES,200.081462,2643.0015485,34.4860905000001
322000,4253500,POTOH,31.16798,250000,0.3,78.3,322000 4253500,9.5,Unsuitable,black,YES,200.081462,2643.0015485,34.4860905000001
322000,4253500,POTOH,26.24672,250000,0.3,78.3,322000 4253500,8,Unsuitable,black,YES,200.081462,2643.0015485,34.4860905000001
322000,4253500,POTOH,6.56168,250000,5.47,82.62,322000 4253500,2,Tolerable,yellow,YES,200.081462,2643.0015485,34.4860905000001
322000,4253500,POTOH,19.68504,250000,0.45,78.5,322000 4253500,6,Unsuitable,black,YES,200.081462,2643.0015485,34.4860905000001
322000,4253500,POTOH,0,250000,6.77,83.35,322000 4253500,0,Tolerable,yellow,YES,200.081462,2643.0015485,34.4860905000001
322000,4253500,POTOH,14.76378,250000,1.38,79.75,322000 4253500,4.5,Unsuitable,black,YES,200.081462,2643.0015485,34.4860905000001
322000,4253500,POTOH,3.28084,250000,6.35,83.23,322000 4253500,1,Tolerable,yellow,YES,200.081462,2643.0015485,34.4860905000001
322000,4253500,POTOH,13.12336,250000,2.05,80.39,322000 4253500,4,Marginal,orange,YES,200.081462,2643.0015485,34.4860905000001
322000,4253500,POTOH,21.32546,250000,0.3,78.3,322000 4253500,6.5,Unsuitable,black,YES,200.081462,2643.0015485,34.4860905000001
322000,4253500,POTOH,11.48294,250000,2.88,81.16,322000 4253500,3.5,Marginal,orange,YES,200.081462,2643.0015485,34.4860905000001
322000,4253500,POTOH,18.04462,250000,0.95,79.28,322000 4253500,5.5,Unsuitable,black,YES,200.081462,2643.0015485,34.4860905000001
322000,4253500,POTOH,29.52756,250000,0.3,78.3,322000 4253500,9,Unsuitable,black,YES,200.081462,2643.0015485,34.4860905000001
322000,4253500,POTOH,16.4042,250000,1.09,79.56,322000 4253500,5,Unsuitable,black,YES,200.081462,2643.0015485,34.4860905000001
322000,4253500,POTOH,9.84252,250000,3.9,81.76,322000 4253500,3,Tolerable,yellow,YES,200.081462,2643.0015485,34.4860905000001
322000,4253500,POTOH,8.2021,250000,5.04,82.39,322000 4253500,2.5,Suitable,dodgerblue,YES,200.081462,2643.0015485,34.4860905000001
322000,4253500,POTOH,24.6063,250000,0.3,78.3,322000 4253500,7.5,Unsuitable,black,YES,200.081462,2643.0015485,34.4860905000001
322000,4253500,POTOH,22.96588,250000,0.3,78.3,322000 4253500,7,Unsuitable,black,YES,200.081462,2643.0015485,34.4860905000001
322000,4253500,POTOH,27.88714,250000,0.3,78.3,322000 4253500,8.5,Unsuitable,black,YES,200.081462,2643.0015485,34.4860905000001
322000,4286000,POTTF,4.92126,250000,7.13,84.3,322000 4286000,1.5,Marginal,orange,YES,200.081462,2663.196106,54.680648
322000,4286000,POTTF,3.28084,250000,7.15,84.4,322000 4286000,1,Marginal,orange,YES,200.081462,2663.196106,54.680648
322000,4286000,POTTF,11.48294,250000,7.1,84.2,322000 4286000,3.5,Tolerable,yellow,YES,200.081462,2663.196106,54.680648
322000,4286000,POTTF,1.64042,250000,7.18,84.4,322000 4286000,0.5,Marginal,orange,YES,200.081462,2663.196106,54.680648
322000,4286000,POTTF,0,250000,7.2,84.52,322000 4286000,0,Marginal,orange,YES,200.081462,2663.196106,54.680648
322000,4286000,POTTF,13.12336,250000,7.1,84.2,322000 4286000,4,Tolerable,yellow,YES,200.081462,2663.196106,54.680648
322000,4286000,POTTF,9.84252,250000,7.1,84.2,322000 4286000,3,Tolerable,yellow,YES,200.081462,2663.196106,54.680648
322000,4286000,POTTF,8.2021,250000,7.1,84.3,322000 4286000,2.5,Marginal,orange,YES,200.081462,2663.196106,54.680648
322000,4286000,POTTF,6.56168,250000,7.1,84.3,322000 4286000,2,Marginal,orange,YES,200.081462,2663.196106,54.680648
322000,4286000,POTTF,14.76378,250000,7.1,84.2,322000 4286000,4.5,Tolerable,yellow,YES,200.081462,2663.196106,54.680648
322000,4286000,POTTF,16.4042,250000,7.1,84.74,322000 4286000,5,Marginal,orange,YES,200.081462,2663.196106,54.680648
322000,4286000,POTTF,18.04462,250000,7.1,85.29,322000 4286000,5.5,Marginal,orange,YES,200.081462,2663.196106,54.680648
322000,4306000,POTTF,6.56168,250000,6.8,84.4,322000 4306000,2,Marginal,orange,YES,200.081462,2675.623526,67.108068
322000,4306000,POTTF,4.92126,250000,6.89,84.49,322000 4306000,1.5,Marginal,orange,YES,200.081462,2675.623526,67.108068
322000,4306000,POTTF,0,250000,7.32,85.34,322000 4306000,0,Marginal,orange,YES,200.081462,2675.623526,67.108068
322000,4306000,POTTF,3.28084,250000,6.98,84.63,322000 4306000,1,Marginal,orange,YES,200.081462,2675.623526,67.108068
322000,4306000,POTTF,1.64042,250000,7.07,84.77,322000 4306000,0.5,Marginal,orange,YES,200.081462,2675.623526,67.108068
322500,4254000,POTOH,4.92126,250000,5.9,82.94,322500 4254000,1.5,Tolerable,yellow,YES,200.3921475,2643.312234,34.7967760000001
322500,4254000,POTOH,0,250000,6.78,83.36,322500 4254000,0,Tolerable,yellow,YES,200.3921475,2643.312234,34.7967760000001
322500,4254000,POTOH,3.28084,250000,6.36,83.23,322500 4254000,1,Tolerable,yellow,YES,200.3921475,2643.312234,34.7967760000001
322500,4254000,POTOH,1.64042,250000,6.58,83.33,322500 4254000,0.5,Tolerable,yellow,YES,200.3921475,2643.312234,34.7967760000001
322500,4286500,POTTF,29.52756,250000,7.1,84.2,322500 4286500,9,Tolerable,yellow,YES,200.3921475,2663.5067915,54.9913335000001
322500,4286500,POTTF,19.68504,250000,7.1,84.2,322500 4286500,6,Tolerable,yellow,YES,200.3921475,2663.5067915,54.9913335000001
322500,4286500,POTTF,9.84252,250000,7.09,84.3,322500 4286500,3,Marginal,orange,YES,200.3921475,2663.5067915,54.9913335000001
322500,4286500,POTTF,11.48294,250000,7.1,84.3,322500 4286500,3.5,Marginal,orange,YES,200.3921475,2663.5067915,54.9913335000001
322500,4286500,POTTF,8.2021,250000,7.09,84.3,322500 4286500,2.5,Marginal,orange,YES,200.3921475,2663.5067915,54.9913335000001
322500,4286500,POTTF,27.88714,250000,7.1,84.2,322500 4286500,8.5,Tolerable,yellow,YES,200.3921475,2663.5067915,54.9913335000001
322500,4286500,POTTF,21.32546,250000,7.1,84.2,322500 4286500,6.5,Tolerable,yellow,YES,200.3921475,2663.5067915,54.9913335000001
322500,4286500,POTTF,22.96588,250000,7.1,84.2,322500 4286500,7,Tolerable,yellow,YES,200.3921475,2663.5067915,54.9913335000001
322500,4286500,POTTF,4.92126,250000,7.12,84.41,322500 4286500,1.5,Marginal,orange,YES,200.3921475,2663.5067915,54.9913335000001
322500,4286500,POTTF,26.24672,250000,7.1,84.2,322500 4286500,8,Tolerable,yellow,YES,200.3921475,2663.5067915,54.9913335000001
322500,4286500,POTTF,0,250000,7.24,84.7,322500 4286500,0,Marginal,orange,YES,200.3921475,2663.5067915,54.9913335000001
322500,4286500,POTTF,16.4042,250000,7.1,84.2,322500 4286500,5,Tolerable,yellow,YES,200.3921475,2663.5067915,54.9913335000001
322500,4286500,POTTF,31.16798,250000,7.1,84.2,322500 4286500,9.5,Tolerable,yellow,YES,200.3921475,2663.5067915,54.9913335000001
322500,4286500,POTTF,13.12336,250000,7.1,84.2,322500 4286500,4,Tolerable,yellow,YES,200.3921475,2663.5067915,54.9913335000001
322500,4286500,POTTF,18.04462,250000,7.1,84.2,322500 4286500,5.5,Tolerable,yellow,YES,200.3921475,2663.5067915,54.9913335000001
322500,4286500,POTTF,1.64042,250000,7.17,84.51,322500 4286500,0.5,Marginal,orange,YES,200.3921475,2663.5067915,54.9913335000001
322500,4286500,POTTF,14.76378,250000,7.1,84.2,322500 4286500,4.5,Tolerable,yellow,YES,200.3921475,2663.5067915,54.9913335000001
322500,4286500,POTTF,3.28084,250000,7.14,84.51,322500 4286500,1,Marginal,orange,YES,200.3921475,2663.5067915,54.9913335000001
322500,4286500,POTTF,24.6063,250000,7.1,84.2,322500 4286500,7.5,Tolerable,yellow,YES,200.3921475,2663.5067915,54.9913335000001
322500,4286500,POTTF,6.56168,250000,7.09,84.4,322500 4286500,2,Marginal,orange,YES,200.3921475,2663.5067915,54.9913335000001
322500,4292000,POTTF,3.28084,250000,7,84.63,322500 4292000,1,Marginal,orange,YES,200.3921475,2666.924332,58.4088740000002
322500,4292000,POTTF,0,250000,7.3,85.28,322500 4292000,0,Marginal,orange,YES,200.3921475,2666.924332,58.4088740000002
322500,4292000,POTTF,1.64042,250000,7.07,84.72,322500 4292000,0.5,Marginal,orange,YES,200.3921475,2666.924332,58.4088740000002
322500,4292500,POTTF,0,250000,7.3,85.3,322500 4292500,0,Marginal,orange,YES,200.3921475,2667.2350175,58.7195595000003
322500,4292500,POTTF,1.64042,250000,7.06,84.73,322500 4292500,0.5,Marginal,orange,YES,200.3921475,2667.2350175,58.7195595000003
322500,4292500,POTTF,3.28084,250000,6.99,84.64,322500 4292500,1,Marginal,orange,YES,200.3921475,2667.2350175,58.7195595000003
322500,4293000,POTTF,6.56168,250000,6.85,84.48,322500 4293000,2,Marginal,orange,YES,200.3921475,2667.545703,59.0302450000004
322500,4293000,POTTF,0,250000,7.29,85.31,322500 4293000,0,Marginal,orange,YES,200.3921475,2667.545703,59.0302450000004
322500,4293000,POTTF,3.28084,250000,6.98,84.65,322500 4293000,1,Marginal,orange,YES,200.3921475,2667.545703,59.0302450000004
322500,4293000,POTTF,4.92126,250000,6.92,84.53,322500 4293000,1.5,Marginal,orange,YES,200.3921475,2667.545703,59.0302450000004
322500,4293000,POTTF,1.64042,250000,7.05,84.74,322500 4293000,0.5,Marginal,orange,YES,200.3921475,2667.545703,59.0302450000004
322500,4293500,POTTF,1.64042,250000,7.04,84.76,322500 4293500,0.5,Marginal,orange,YES,200.3921475,2667.8563885,59.3409305
322500,4293500,POTTF,3.28084,250000,6.97,84.66,322500 4293500,1,Marginal,orange,YES,200.3921475,2667.8563885,59.3409305
322500,4293500,POTTF,0,250000,7.29,85.31,322500 4293500,0,Marginal,orange,YES,200.3921475,2667.8563885,59.3409305
322500,4293500,POTTF,4.92126,250000,6.91,84.54,322500 4293500,1.5,Marginal,orange,YES,200.3921475,2667.8563885,59.3409305
322500,4294000,POTTF,0,250000,7.28,85.32,322500 4294000,0,Marginal,orange,YES,200.3921475,2668.167074,59.6516160000001
322500,4305500,POTTF,1.64042,250000,7.07,84.76,322500 4305500,0.5,Marginal,orange,YES,200.3921475,2675.3128405,66.7973825000004
322500,4305500,POTTF,0,250000,7.32,85.34,322500 4305500,0,Marginal,orange,YES,200.3921475,2675.3128405,66.7973825000004
322500,4305500,POTTF,3.28084,250000,6.98,84.63,322500 4305500,1,Marginal,orange,YES,200.3921475,2675.3128405,66.7973825000004
323000,4254500,POTOH,0,250000,6.79,83.38,323000 4254500,0,Tolerable,yellow,YES,200.702833,2643.6229195,35.1074615000002
323000,4254500,POTOH,3.28084,250000,6.36,83.25,323000 4254500,1,Tolerable,yellow,YES,200.702833,2643.6229195,35.1074615000002
323000,4254500,POTOH,1.64042,250000,6.59,83.35,323000 4254500,0.5,Tolerable,yellow,YES,200.702833,2643.6229195,35.1074615000002
323000,4257000,POTOH,1.64042,250000,6.58,83.65,323000 4257000,0.5,Tolerable,yellow,YES,200.702833,2645.176347,36.6608890000002
323000,4257000,POTOH,3.28084,250000,6.39,83.55,323000 4257000,1,Tolerable,yellow,YES,200.702833,2645.176347,36.6608890000002
323000,4257000,POTOH,0,250000,6.75,83.69,323000 4257000,0,Tolerable,yellow,YES,200.702833,2645.176347,36.6608890000002
323000,4257500,POTOH,3.28084,250000,6.39,83.61,323000 4257500,1,Tolerable,yellow,YES,200.702833,2645.4870325,36.9715745000003
323000,4257500,POTOH,1.64042,250000,6.58,83.71,323000 4257500,0.5,Tolerable,yellow,YES,200.702833,2645.4870325,36.9715745000003
323000,4257500,POTOH,0,250000,6.75,83.76,323000 4257500,0,Tolerable,yellow,YES,200.702833,2645.4870325,36.9715745000003
323000,4258000,POTOH,3.28084,250000,6.28,83.74,323000 4258000,1,Tolerable,yellow,YES,200.702833,2645.797718,37.2822600000004
323000,4258000,POTOH,1.64042,250000,6.46,83.84,323000 4258000,0.5,Tolerable,yellow,YES,200.702833,2645.797718,37.2822600000004
323000,4258000,POTOH,0,250000,6.63,83.92,323000 4258000,0,Tolerable,yellow,YES,200.702833,2645.797718,37.2822600000004
323000,4287000,POTTF,1.64042,250000,7.16,84.54,323000 4287000,0.5,Marginal,orange,YES,200.702833,2663.817477,55.3020190000002
323000,4287000,POTTF,13.12336,250000,7.09,84.21,323000 4287000,4,Marginal,orange,YES,200.702833,2663.817477,55.3020190000002
323000,4287000,POTTF,4.92126,250000,7.1,84.42,323000 4287000,1.5,Marginal,orange,YES,200.702833,2663.817477,55.3020190000002
323000,4287000,POTTF,14.76378,250000,7.09,84.21,323000 4287000,4.5,Marginal,orange,YES,200.702833,2663.817477,55.3020190000002
323000,4287000,POTTF,9.84252,250000,7.06,84.31,323000 4287000,3,Marginal,orange,YES,200.702833,2663.817477,55.3020190000002
323000,4287000,POTTF,8.2021,250000,7.07,84.31,323000 4287000,2.5,Marginal,orange,YES,200.702833,2663.817477,55.3020190000002
323000,4287000,POTTF,6.56168,250000,7.07,84.41,323000 4287000,2,Marginal,orange,YES,200.702833,2663.817477,55.3020190000002
323000,4287000,POTTF,11.48294,250000,7.09,84.31,323000 4287000,3.5,Marginal,orange,YES,200.702833,2663.817477,55.3020190000002
323000,4287000,POTTF,0,250000,7.33,85.07,323000 4287000,0,Marginal,orange,YES,200.702833,2663.817477,55.3020190000002
323000,4287000,POTTF,3.28084,250000,7.13,84.52,323000 4287000,1,Marginal,orange,YES,200.702833,2663.817477,55.3020190000002
323000,4287500,POTTF,8.2021,250000,7.05,84.32,323000 4287500,2.5,Marginal,orange,YES,200.702833,2664.1281625,55.6127045000003
323000,4287500,POTTF,1.64042,250000,7.15,84.55,323000 4287500,0.5,Marginal,orange,YES,200.702833,2664.1281625,55.6127045000003
323000,4287500,POTTF,4.92126,250000,7.09,84.43,323000 4287500,1.5,Marginal,orange,YES,200.702833,2664.1281625,55.6127045000003
323000,4287500,POTTF,0,250000,7.33,85.1,323000 4287500,0,Marginal,orange,YES,200.702833,2664.1281625,55.6127045000003
323000,4287500,POTTF,6.56168,250000,7.06,84.41,323000 4287500,2,Marginal,orange,YES,200.702833,2664.1281625,55.6127045000003
323000,4287500,POTTF,9.84252,250000,7.05,84.32,323000 4287500,3,Marginal,orange,YES,200.702833,2664.1281625,55.6127045000003
323000,4287500,POTTF,3.28084,250000,7.12,84.54,323000 4287500,1,Marginal,orange,YES,200.702833,2664.1281625,55.6127045000003
323000,4288000,POTTF,0,250000,7.34,85.14,323000 4288000,0,Marginal,orange,YES,200.702833,2664.438848,55.9233900000004
323000,4288000,POTTF,1.64042,250000,7.14,84.57,323000 4288000,0.5,Marginal,orange,YES,200.702833,2664.438848,55.9233900000004
323000,4288500,POTTF,4.92126,250000,7.06,84.46,323000 4288500,1.5,Marginal,orange,YES,200.702833,2664.7495335,56.2340755
323000,4288500,POTTF,6.56168,250000,7.02,84.42,323000 4288500,2,Marginal,orange,YES,200.702833,2664.7495335,56.2340755
323000,4288500,POTTF,1.64042,250000,7.13,84.6,323000 4288500,0.5,Marginal,orange,YES,200.702833,2664.7495335,56.2340755
323000,4288500,POTTF,0,250000,7.34,85.17,323000 4288500,0,Marginal,orange,YES,200.702833,2664.7495335,56.2340755
323000,4288500,POTTF,3.28084,250000,7.1,84.57,323000 4288500,1,Marginal,orange,YES,200.702833,2664.7495335,56.2340755
323000,4289000,POTTF,6.56168,250000,7,84.43,323000 4289000,2,Marginal,orange,YES,200.702833,2665.060219,56.5447610000001
323000,4289000,POTTF,3.28084,250000,7.08,84.58,323000 4289000,1,Marginal,orange,YES,200.702833,2665.060219,56.5447610000001
323000,4289000,POTTF,9.84252,250000,6.98,84.34,323000 4289000,3,Marginal,orange,YES,200.702833,2665.060219,56.5447610000001
323000,4289000,POTTF,8.2021,250000,6.99,84.34,323000 4289000,2.5,Marginal,orange,YES,200.702833,2665.060219,56.5447610000001
323000,4289000,POTTF,1.64042,250000,7.12,84.62,323000 4289000,0.5,Marginal,orange,YES,200.702833,2665.060219,56.5447610000001
323000,4289000,POTTF,0,250000,7.34,85.2,323000 4289000,0,Marginal,orange,YES,200.702833,2665.060219,56.5447610000001
323000,4289000,POTTF,11.48294,250000,7.08,84.33,323000 4289000,3.5,Marginal,orange,YES,200.702833,2665.060219,56.5447610000001
323000,4289000,POTTF,4.92126,250000,7.04,84.47,323000 4289000,1.5,Marginal,orange,YES,200.702833,2665.060219,56.5447610000001
323000,4289500,POTTF,14.76378,250000,7.07,84.24,323000 4289500,4.5,Marginal,orange,YES,200.702833,2665.3709045,56.8554465000002
323000,4289500,POTTF,13.12336,250000,7.07,84.24,323000 4289500,4,Marginal,orange,YES,200.702833,2665.3709045,56.8554465000002
323000,4289500,POTTF,16.4042,250000,7.07,84.24,323000 4289500,5,Marginal,orange,YES,200.702833,2665.3709045,56.8554465000002
323000,4289500,POTTF,0,250000,7.33,85.23,323000 4289500,0,Marginal,orange,YES,200.702833,2665.3709045,56.8554465000002
323000,4289500,POTTF,1.64042,250000,7.11,84.65,323000 4289500,0.5,Marginal,orange,YES,200.702833,2665.3709045,56.8554465000002
323000,4289500,POTTF,4.92126,250000,7.02,84.49,323000 4289500,1.5,Marginal,orange,YES,200.702833,2665.3709045,56.8554465000002
323000,4289500,POTTF,9.84252,250000,6.96,84.35,323000 4289500,3,Marginal,orange,YES,200.702833,2665.3709045,56.8554465000002
323000,4289500,POTTF,6.56168,250000,6.97,84.43,323000 4289500,2,Marginal,orange,YES,200.702833,2665.3709045,56.8554465000002
323000,4289500,POTTF,11.48294,250000,7.07,84.34,323000 4289500,3.5,Marginal,orange,YES,200.702833,2665.3709045,56.8554465000002
323000,4289500,POTTF,3.28084,250000,7.07,84.6,323000 4289500,1,Marginal,orange,YES,200.702833,2665.3709045,56.8554465000002
323000,4289500,POTTF,8.2021,250000,6.96,84.35,323000 4289500,2.5,Marginal,orange,YES,200.702833,2665.3709045,56.8554465000002
323000,4290000,POTTF,0,250000,7.33,85.25,323000 4290000,0,Marginal,orange,YES,200.702833,2665.68159,57.1661320000003
323000,4290000,POTTF,8.2021,250000,6.94,84.36,323000 4290000,2.5,Marginal,orange,YES,200.702833,2665.68159,57.1661320000003
323000,4290000,POTTF,6.56168,250000,6.95,84.44,323000 4290000,2,Marginal,orange,YES,200.702833,2665.68159,57.1661320000003
323000,4290000,POTTF,3.28084,250000,7.05,84.62,323000 4290000,1,Marginal,orange,YES,200.702833,2665.68159,57.1661320000003
323000,4290000,POTTF,11.48294,250000,7.06,84.35,323000 4290000,3.5,Marginal,orange,YES,200.702833,2665.68159,57.1661320000003
323000,4290000,POTTF,1.64042,250000,7.1,84.68,323000 4290000,0.5,Marginal,orange,YES,200.702833,2665.68159,57.1661320000003
323000,4290000,POTTF,13.12336,250000,7.06,84.25,323000 4290000,4,Marginal,orange,YES,200.702833,2665.68159,57.1661320000003
323000,4290000,POTTF,9.84252,250000,6.93,84.36,323000 4290000,3,Marginal,orange,YES,200.702833,2665.68159,57.1661320000003
323000,4290000,POTTF,14.76378,250000,7.06,84.25,323000 4290000,4.5,Marginal,orange,YES,200.702833,2665.68159,57.1661320000003
323000,4290000,POTTF,4.92126,250000,7.01,84.51,323000 4290000,1.5,Marginal,orange,YES,200.702833,2665.68159,57.1661320000003
323000,4290500,POTTF,11.48294,250000,7.05,84.36,323000 4290500,3.5,Marginal,orange,YES,200.702833,2665.9922755,57.4768175000004
323000,4290500,POTTF,8.2021,250000,6.92,84.37,323000 4290500,2.5,Marginal,orange,YES,200.702833,2665.9922755,57.4768175000004
323000,4290500,POTTF,1.64042,250000,7.09,84.7,323000 4290500,0.5,Marginal,orange,YES,200.702833,2665.9922755,57.4768175000004
323000,4290500,POTTF,3.28084,250000,7.04,84.64,323000 4290500,1,Marginal,orange,YES,200.702833,2665.9922755,57.4768175000004
323000,4290500,POTTF,6.56168,250000,6.93,84.44,323000 4290500,2,Marginal,orange,YES,200.702833,2665.9922755,57.4768175000004
323000,4290500,POTTF,13.12336,250000,7.05,84.27,323000 4290500,4,Marginal,orange,YES,200.702833,2665.9922755,57.4768175000004
323000,4290500,POTTF,9.84252,250000,6.91,84.37,323000 4290500,3,Marginal,orange,YES,200.702833,2665.9922755,57.4768175000004
323000,4290500,POTTF,0,250000,7.33,85.27,323000 4290500,0,Marginal,orange,YES,200.702833,2665.9922755,57.4768175000004
323000,4290500,POTTF,4.92126,250000,6.99,84.52,323000 4290500,1.5,Marginal,orange,YES,200.702833,2665.9922755,57.4768175000004
323000,4291000,POTTF,11.48294,250000,7.05,84.37,323000 4291000,3.5,Marginal,orange,YES,200.702833,2666.302961,57.787503
323000,4291000,POTTF,9.84252,250000,6.89,84.38,323000 4291000,3,Marginal,orange,YES,200.702833,2666.302961,57.787503
323000,4291000,POTTF,1.64042,250000,7.08,84.72,323000 4291000,0.5,Marginal,orange,YES,200.702833,2666.302961,57.787503
323000,4291000,POTTF,3.28084,250000,7.03,84.66,323000 4291000,1,Marginal,orange,YES,200.702833,2666.302961,57.787503
323000,4291000,POTTF,8.2021,250000,6.9,84.38,323000 4291000,2.5,Marginal,orange,YES,200.702833,2666.302961,57.787503
323000,4291000,POTTF,6.56168,250000,6.92,84.45,323000 4291000,2,Marginal,orange,YES,200.702833,2666.302961,57.787503
323000,4291000,POTTF,0,250000,7.32,85.28,323000 4291000,0,Marginal,orange,YES,200.702833,2666.302961,57.787503
323000,4291000,POTTF,4.92126,250000,6.98,84.54,323000 4291000,1.5,Marginal,orange,YES,200.702833,2666.302961,57.787503
323000,4291500,POTTF,6.56168,250000,6.9,84.46,323000 4291500,2,Marginal,orange,YES,200.702833,2666.6136465,58.0981885000001
323000,4291500,POTTF,8.2021,250000,6.88,84.39,323000 4291500,2.5,Marginal,orange,YES,200.702833,2666.6136465,58.0981885000001
323000,4291500,POTTF,0,250000,7.32,85.29,323000 4291500,0,Marginal,orange,YES,200.702833,2666.6136465,58.0981885000001
323000,4291500,POTTF,1.64042,250000,7.08,84.7,323000 4291500,0.5,Marginal,orange,YES,200.702833,2666.6136465,58.0981885000001
323000,4291500,POTTF,3.28084,250000,7.02,84.62,323000 4291500,1,Marginal,orange,YES,200.702833,2666.6136465,58.0981885000001
323000,4291500,POTTF,4.92126,250000,6.96,84.5,323000 4291500,1.5,Marginal,orange,YES,200.702833,2666.6136465,58.0981885000001
323000,4295000,POTTF,8.2021,250000,6.79,84.44,323000 4295000,2.5,Marginal,orange,YES,200.702833,2668.788445,60.2729870000003
323000,4295000,POTTF,1.64042,250000,7.03,84.78,323000 4295000,0.5,Marginal,orange,YES,200.702833,2668.788445,60.2729870000003
323000,4295000,POTTF,3.28084,250000,6.95,84.68,323000 4295000,1,Marginal,orange,YES,200.702833,2668.788445,60.2729870000003
323000,4295000,POTTF,4.92126,250000,6.88,84.56,323000 4295000,1.5,Marginal,orange,YES,200.702833,2668.788445,60.2729870000003
323000,4295000,POTTF,9.84252,250000,6.77,84.44,323000 4295000,3,Marginal,orange,YES,200.702833,2668.788445,60.2729870000003
323000,4295000,POTTF,6.56168,250000,6.81,84.5,323000 4295000,2,Marginal,orange,YES,200.702833,2668.788445,60.2729870000003
323000,4295000,POTTF,0,250000,7.28,85.34,323000 4295000,0,Marginal,orange,YES,200.702833,2668.788445,60.2729870000003
323000,4295500,POTTF,9.84252,250000,6.77,84.44,323000 4295500,3,Marginal,orange,YES,200.702833,2669.0991305,60.5836725000004
323000,4295500,POTTF,8.2021,250000,6.78,84.44,323000 4295500,2.5,Marginal,orange,YES,200.702833,2669.0991305,60.5836725000004
323000,4295500,POTTF,11.48294,250000,6.98,84.47,323000 4295500,3.5,Marginal,orange,YES,200.702833,2669.0991305,60.5836725000004
323000,4295500,POTTF,4.92126,250000,6.87,84.57,323000 4295500,1.5,Marginal,orange,YES,200.702833,2669.0991305,60.5836725000004
323000,4295500,POTTF,3.28084,250000,6.95,84.69,323000 4295500,1,Marginal,orange,YES,200.702833,2669.0991305,60.5836725000004
323000,4295500,POTTF,0,250000,7.28,85.35,323000 4295500,0,Marginal,orange,YES,200.702833,2669.0991305,60.5836725000004
323000,4295500,POTTF,6.56168,250000,6.8,84.5,323000 4295500,2,Marginal,orange,YES,200.702833,2669.0991305,60.5836725000004
323000,4295500,POTTF,1.64042,250000,7.02,84.79,323000 4295500,0.5,Marginal,orange,YES,200.702833,2669.0991305,60.5836725000004
323000,4295500,POTTF,13.12336,250000,6.98,84.38,323000 4295500,4,Marginal,orange,YES,200.702833,2669.0991305,60.5836725000004
323000,4296000,POTTF,3.28084,250000,6.94,84.7,323000 4296000,1,Marginal,orange,YES,200.702833,2669.409816,60.894358
323000,4296000,POTTF,9.84252,250000,6.76,84.45,323000 4296000,3,Marginal,orange,YES,200.702833,2669.409816,60.894358
323000,4296000,POTTF,6.56168,250000,6.79,84.51,323000 4296000,2,Marginal,orange,YES,200.702833,2669.409816,60.894358
323000,4296000,POTTF,1.64042,250000,7.01,84.8,323000 4296000,0.5,Marginal,orange,YES,200.702833,2669.409816,60.894358
323000,4296000,POTTF,11.48294,250000,6.97,84.48,323000 4296000,3.5,Marginal,orange,YES,200.702833,2669.409816,60.894358
323000,4296000,POTTF,4.92126,250000,6.87,84.57,323000 4296000,1.5,Marginal,orange,YES,200.702833,2669.409816,60.894358
323000,4296000,POTTF,8.2021,250000,6.77,84.45,323000 4296000,2.5,Marginal,orange,YES,200.702833,2669.409816,60.894358
323000,4296000,POTTF,0,250000,7.27,85.35,323000 4296000,0,Marginal,orange,YES,200.702833,2669.409816,60.894358
323000,4296500,POTTF,4.92126,250000,6.86,84.58,323000 4296500,1.5,Marginal,orange,YES,200.702833,2669.7205015,61.2050435000001
323000,4296500,POTTF,1.64042,250000,7.01,84.81,323000 4296500,0.5,Marginal,orange,YES,200.702833,2669.7205015,61.2050435000001
323000,4296500,POTTF,9.84252,250000,6.75,84.46,323000 4296500,3,Marginal,orange,YES,200.702833,2669.7205015,61.2050435000001
323000,4296500,POTTF,8.2021,250000,6.76,84.46,323000 4296500,2.5,Marginal,orange,YES,200.702833,2669.7205015,61.2050435000001
323000,4296500,POTTF,3.28084,250000,6.93,84.7,323000 4296500,1,Marginal,orange,YES,200.702833,2669.7205015,61.2050435000001
323000,4296500,POTTF,0,250000,7.27,85.36,323000 4296500,0,Marginal,orange,YES,200.702833,2669.7205015,61.2050435000001
323000,4296500,POTTF,6.56168,250000,6.78,84.51,323000 4296500,2,Marginal,orange,YES,200.702833,2669.7205015,61.2050435000001
323000,4297000,POTTF,4.92126,250000,6.85,84.59,323000 4297000,1.5,Marginal,orange,YES,200.702833,2670.031187,61.5157290000002
323000,4297000,POTTF,0,250000,7.26,85.36,323000 4297000,0,Marginal,orange,YES,200.702833,2670.031187,61.5157290000002
323000,4297000,POTTF,3.28084,250000,6.93,84.71,323000 4297000,1,Marginal,orange,YES,200.702833,2670.031187,61.5157290000002
323000,4297000,POTTF,1.64042,250000,7,84.82,323000 4297000,0.5,Marginal,orange,YES,200.702833,2670.031187,61.5157290000002
323000,4304500,POTTF,0,250000,7.33,85.34,323000 4304500,0,Marginal,orange,YES,200.702833,2674.6914695,66.1760115000002
323000,4304500,POTTF,3.28084,250000,6.98,84.63,323000 4304500,1,Marginal,orange,YES,200.702833,2674.6914695,66.1760115000002
323000,4304500,POTTF,1.64042,250000,7.07,84.76,323000 4304500,0.5,Marginal,orange,YES,200.702833,2674.6914695,66.1760115000002
323000,4305000,POTTF,0,250000,7.32,85.34,323000 4305000,0,Marginal,orange,YES,200.702833,2675.002155,66.4866970000003
323000,4305000,POTTF,3.28084,250000,6.98,84.63,323000 4305000,1,Marginal,orange,YES,200.702833,2675.002155,66.4866970000003
323000,4305000,POTTF,1.64042,250000,7.07,84.76,323000 4305000,0.5,Marginal,orange,YES,200.702833,2675.002155,66.4866970000003
323500,4253000,POTOH,24.6063,250000,0.3,78.3,323500 4253000,7.5,Unsuitable,black,YES,201.0135185,2642.690863,34.1754050000004
323500,4253000,POTOH,13.12336,250000,1.6,79.85,323500 4253000,4,Unsuitable,black,YES,201.0135185,2642.690863,34.1754050000004
323500,4253000,POTOH,16.4042,250000,0.7,79.1,323500 4253000,5,Unsuitable,black,YES,201.0135185,2642.690863,34.1754050000004
323500,4253000,POTOH,22.96588,250000,0.3,78.3,323500 4253000,7,Unsuitable,black,YES,201.0135185,2642.690863,34.1754050000004
323500,4253000,POTOH,21.32546,250000,0.3,78.3,323500 4253000,6.5,Unsuitable,black,YES,201.0135185,2642.690863,34.1754050000004
323500,4253000,POTOH,18.04462,250000,0.55,78.8,323500 4253000,5.5,Unsuitable,black,YES,201.0135185,2642.690863,34.1754050000004
323500,4253000,POTOH,27.88714,250000,0.3,78.3,323500 4253000,8.5,Unsuitable,black,YES,201.0135185,2642.690863,34.1754050000004
323500,4253000,POTOH,3.28084,250000,6.37,83.06,323500 4253000,1,Tolerable,yellow,YES,201.0135185,2642.690863,34.1754050000004
323500,4253000,POTOH,11.48294,250000,2.2,80.4,323500 4253000,3.5,Marginal,orange,YES,201.0135185,2642.690863,34.1754050000004
323500,4253000,POTOH,14.76378,250000,1,79.3,323500 4253000,4.5,Unsuitable,black,YES,201.0135185,2642.690863,34.1754050000004
323500,4253000,POTOH,26.24672,250000,0.3,78.3,323500 4253000,8,Unsuitable,black,YES,201.0135185,2642.690863,34.1754050000004
323500,4253000,POTOH,6.56168,250000,5.3,82.29,323500 4253000,2,Suitable,dodgerblue,YES,201.0135185,2642.690863,34.1754050000004
323500,4253000,POTOH,0,250000,6.83,83.17,323500 4253000,0,Tolerable,yellow,YES,201.0135185,2642.690863,34.1754050000004
323500,4253000,POTOH,8.2021,250000,4.81,82.03,323500 4253000,2.5,Suitable,dodgerblue,YES,201.0135185,2642.690863,34.1754050000004
323500,4253000,POTOH,1.64042,250000,6.62,83.16,323500 4253000,0.5,Tolerable,yellow,YES,201.0135185,2642.690863,34.1754050000004
323500,4253000,POTOH,9.84252,250000,3.44,81.13,323500 4253000,3,Tolerable,yellow,YES,201.0135185,2642.690863,34.1754050000004
323500,4253000,POTOH,19.68504,250000,0.45,78.5,323500 4253000,6,Unsuitable,black,YES,201.0135185,2642.690863,34.1754050000004
323500,4253000,POTOH,4.92126,250000,5.84,82.73,323500 4253000,1.5,Tolerable,yellow,YES,201.0135185,2642.690863,34.1754050000004
323500,4256500,POTOH,0,250000,6.77,83.59,323500 4256500,0,Tolerable,yellow,YES,201.0135185,2644.8656615,36.3502035000001
323500,4256500,POTOH,3.28084,250000,6.38,83.45,323500 4256500,1,Tolerable,yellow,YES,201.0135185,2644.8656615,36.3502035000001
323500,4256500,POTOH,1.64042,250000,6.58,83.55,323500 4256500,0.5,Tolerable,yellow,YES,201.0135185,2644.8656615,36.3502035000001
323500,4297500,POTTF,1.64042,250000,7.08,84.72,323500 4297500,0.5,Marginal,orange,YES,201.0135185,2670.3418725,61.8264145000003
323500,4297500,POTTF,0,250000,7.34,85.33,323500 4297500,0,Marginal,orange,YES,201.0135185,2670.3418725,61.8264145000003
323500,4298000,POTTF,8.2021,250000,6.82,84.34,323500 4298000,2.5,Marginal,orange,YES,201.0135185,2670.652558,62.1371000000004
323500,4298000,POTTF,4.92126,250000,6.92,84.48,323500 4298000,1.5,Marginal,orange,YES,201.0135185,2670.652558,62.1371000000004
323500,4298000,POTTF,0,250000,7.34,85.33,323500 4298000,0,Marginal,orange,YES,201.0135185,2670.652558,62.1371000000004
323500,4298000,POTTF,3.28084,250000,7,84.61,323500 4298000,1,Marginal,orange,YES,201.0135185,2670.652558,62.1371000000004
323500,4298000,POTTF,6.56168,250000,6.84,84.4,323500 4298000,2,Marginal,orange,YES,201.0135185,2670.652558,62.1371000000004
323500,4298000,POTTF,1.64042,250000,7.08,84.73,323500 4298000,0.5,Marginal,orange,YES,201.0135185,2670.652558,62.1371000000004
323500,4298500,POTTF,8.2021,250000,6.81,84.34,323500 4298500,2.5,Marginal,orange,YES,201.0135185,2670.9632435,62.4477855
323500,4298500,POTTF,3.28084,250000,7,84.62,323500 4298500,1,Marginal,orange,YES,201.0135185,2670.9632435,62.4477855
323500,4298500,POTTF,1.64042,250000,7.08,84.73,323500 4298500,0.5,Marginal,orange,YES,201.0135185,2670.9632435,62.4477855
323500,4298500,POTTF,0,250000,7.33,85.34,323500 4298500,0,Marginal,orange,YES,201.0135185,2670.9632435,62.4477855
323500,4298500,POTTF,9.84252,250000,6.79,84.34,323500 4298500,3,Marginal,orange,YES,201.0135185,2670.9632435,62.4477855
323500,4298500,POTTF,6.56168,250000,6.84,84.4,323500 4298500,2,Marginal,orange,YES,201.0135185,2670.9632435,62.4477855
323500,4298500,POTTF,4.92126,250000,6.92,84.48,323500 4298500,1.5,Marginal,orange,YES,201.0135185,2670.9632435,62.4477855
323500,4298500,POTTF,11.48294,250000,7.1,84.3,323500 4298500,3.5,Marginal,orange,YES,201.0135185,2670.9632435,62.4477855
323500,4299000,POTTF,4.92126,250000,6.92,84.48,323500 4299000,1.5,Marginal,orange,YES,201.0135185,2671.273929,62.7584710000001
323500,4299000,POTTF,3.28084,250000,7,84.62,323500 4299000,1,Marginal,orange,YES,201.0135185,2671.273929,62.7584710000001
323500,4299000,POTTF,1.64042,250000,7.08,84.73,323500 4299000,0.5,Marginal,orange,YES,201.0135185,2671.273929,62.7584710000001
323500,4299000,POTTF,0,250000,7.33,85.34,323500 4299000,0,Marginal,orange,YES,201.0135185,2671.273929,62.7584710000001
323500,4299000,POTTF,6.56168,250000,6.83,84.4,323500 4299000,2,Marginal,orange,YES,201.0135185,2671.273929,62.7584710000001
324000,4255000,POTOH,3.28084,250000,6.37,83.24,324000 4255000,1,Tolerable,yellow,YES,201.324204,2643.933605,35.4181470000003
324000,4255000,POTOH,0,250000,6.8,83.37,324000 4255000,0,Tolerable,yellow,YES,201.324204,2643.933605,35.4181470000003
324000,4255000,POTOH,1.64042,250000,6.6,83.34,324000 4255000,0.5,Tolerable,yellow,YES,201.324204,2643.933605,35.4181470000003
324000,4255500,POTOH,0,250000,6.79,83.43,324000 4255500,0,Tolerable,yellow,YES,201.324204,2644.2442905,35.7288325000004
324000,4255500,POTOH,1.64042,250000,6.6,83.4,324000 4255500,0.5,Tolerable,yellow,YES,201.324204,2644.2442905,35.7288325000004
324000,4255500,POTOH,3.28084,250000,6.38,83.3,324000 4255500,1,Tolerable,yellow,YES,201.324204,2644.2442905,35.7288325000004
324000,4256000,POTOH,0,250000,6.78,83.49,324000 4256000,0,Tolerable,yellow,YES,201.324204,2644.554976,36.039518
324000,4256000,POTOH,1.64042,250000,6.59,83.46,324000 4256000,0.5,Tolerable,yellow,YES,201.324204,2644.554976,36.039518
324000,4256000,POTOH,3.28084,250000,6.38,83.36,324000 4256000,1,Tolerable,yellow,YES,201.324204,2644.554976,36.039518
324000,4299500,POTTF,0,250000,7.34,85.34,324000 4299500,0,Marginal,orange,YES,201.324204,2671.5846145,63.0691565000002
324000,4300000,POTTF,3.28084,250000,7,84.62,324000 4300000,1,Marginal,orange,YES,201.324204,2671.8953,63.3798420000003
324000,4300000,POTTF,11.48294,250000,7.1,84.3,324000 4300000,3.5,Marginal,orange,YES,201.324204,2671.8953,63.3798420000003
324000,4300000,POTTF,4.92126,250000,6.91,84.48,324000 4300000,1.5,Marginal,orange,YES,201.324204,2671.8953,63.3798420000003
324000,4300000,POTTF,9.84252,250000,6.79,84.34,324000 4300000,3,Marginal,orange,YES,201.324204,2671.8953,63.3798420000003
324000,4300000,POTTF,0,250000,7.33,85.34,324000 4300000,0,Marginal,orange,YES,201.324204,2671.8953,63.3798420000003
324000,4300000,POTTF,6.56168,250000,6.83,84.4,324000 4300000,2,Marginal,orange,YES,201.324204,2671.8953,63.3798420000003
324000,4300000,POTTF,8.2021,250000,6.8,84.34,324000 4300000,2.5,Marginal,orange,YES,201.324204,2671.8953,63.3798420000003
324000,4300000,POTTF,1.64042,250000,7.08,84.74,324000 4300000,0.5,Marginal,orange,YES,201.324204,2671.8953,63.3798420000003
324000,4300500,POTTF,1.64042,250000,7.08,84.74,324000 4300500,0.5,Marginal,orange,YES,201.324204,2672.2059855,63.6905275000004
324000,4300500,POTTF,3.28084,250000,6.99,84.62,324000 4300500,1,Marginal,orange,YES,201.324204,2672.2059855,63.6905275000004
324000,4300500,POTTF,4.92126,250000,6.91,84.48,324000 4300500,1.5,Marginal,orange,YES,201.324204,2672.2059855,63.6905275000004
324000,4300500,POTTF,0,250000,7.33,85.34,324000 4300500,0,Marginal,orange,YES,201.324204,2672.2059855,63.6905275000004
324000,4303000,POTTF,3.28084,250000,6.99,84.63,324000 4303000,1,Marginal,orange,YES,201.324204,2673.759413,65.2439550000004
324000,4303000,POTTF,0,250000,7.33,85.35,324000 4303000,0,Marginal,orange,YES,201.324204,2673.759413,65.2439550000004
324000,4303000,POTTF,1.64042,250000,7.07,84.75,324000 4303000,0.5,Marginal,orange,YES,201.324204,2673.759413,65.2439550000004
324000,4303500,POTTF,4.92126,250000,6.9,84.48,324000 4303500,1.5,Marginal,orange,YES,201.324204,2674.0700985,65.5546405
324000,4303500,POTTF,1.64042,250000,7.07,84.75,324000 4303500,0.5,Marginal,orange,YES,201.324204,2674.0700985,65.5546405
324000,4303500,POTTF,0,250000,7.33,85.35,324000 4303500,0,Marginal,orange,YES,201.324204,2674.0700985,65.5546405
324000,4303500,POTTF,3.28084,250000,6.99,84.63,324000 4303500,1,Marginal,orange,YES,201.324204,2674.0700985,65.5546405
324000,4303500,POTTF,6.56168,250000,6.81,84.4,324000 4303500,2,Marginal,orange,YES,201.324204,2674.0700985,65.5546405
324500,4252500,POTOH,24.6063,250000,0.3,78.3,324500 4252500,7.5,Unsuitable,black,YES,201.6348895,2642.3801775,33.8647195000003
324500,4252500,POTOH,26.24672,250000,0.3,78.3,324500 4252500,8,Unsuitable,black,YES,201.6348895,2642.3801775,33.8647195000003
324500,4252500,POTOH,22.96588,250000,0.3,78.3,324500 4252500,7,Unsuitable,black,YES,201.6348895,2642.3801775,33.8647195000003
324500,4252500,POTOH,27.88714,250000,0.3,78.3,324500 4252500,8.5,Unsuitable,black,YES,201.6348895,2642.3801775,33.8647195000003
324500,4252500,POTOH,21.32546,250000,0.3,78.3,324500 4252500,6.5,Unsuitable,black,YES,201.6348895,2642.3801775,33.8647195000003
324500,4252500,POTOH,13.12336,250000,1.51,79.74,324500 4252500,4,Unsuitable,black,YES,201.6348895,2642.3801775,33.8647195000003
324500,4252500,POTOH,9.84252,250000,3.39,81.06,324500 4252500,3,Tolerable,yellow,YES,201.6348895,2642.3801775,33.8647195000003
324500,4252500,POTOH,11.48294,250000,2.12,80.3,324500 4252500,3.5,Marginal,orange,YES,201.6348895,2642.3801775,33.8647195000003
324500,4252500,POTOH,19.68504,250000,0.45,78.5,324500 4252500,6,Unsuitable,black,YES,201.6348895,2642.3801775,33.8647195000003
324500,4252500,POTOH,16.4042,250000,0.7,79.1,324500 4252500,5,Unsuitable,black,YES,201.6348895,2642.3801775,33.8647195000003
324500,4252500,POTOH,14.76378,250000,1,79.3,324500 4252500,4.5,Unsuitable,black,YES,201.6348895,2642.3801775,33.8647195000003
324500,4252500,POTOH,4.92126,250000,5.82,82.6,324500 4252500,1.5,Tolerable,yellow,YES,201.6348895,2642.3801775,33.8647195000003
324500,4252500,POTOH,3.28084,250000,6.38,82.95,324500 4252500,1,Tolerable,yellow,YES,201.6348895,2642.3801775,33.8647195000003
324500,4252500,POTOH,8.2021,250000,4.76,81.93,324500 4252500,2.5,Suitable,dodgerblue,YES,201.6348895,2642.3801775,33.8647195000003
324500,4252500,POTOH,29.52756,250000,0.3,78.3,324500 4252500,9,Unsuitable,black,YES,201.6348895,2642.3801775,33.8647195000003
324500,4252500,POTOH,6.56168,250000,5.27,82.2,324500 4252500,2,Suitable,dodgerblue,YES,201.6348895,2642.3801775,33.8647195000003
324500,4252500,POTOH,1.64042,250000,6.64,83.05,324500 4252500,0.5,Tolerable,yellow,YES,201.6348895,2642.3801775,33.8647195000003
324500,4252500,POTOH,18.04462,250000,0.55,78.8,324500 4252500,5.5,Unsuitable,black,YES,201.6348895,2642.3801775,33.8647195000003
324500,4252500,POTOH,0,250000,6.87,83.06,324500 4252500,0,Tolerable,yellow,YES,201.6348895,2642.3801775,33.8647195000003
324500,4294500,POTTF,3.28084,250000,6.96,84.67,324500 4294500,1,Marginal,orange,YES,201.6348895,2668.4777595,59.9623015000002
324500,4294500,POTTF,1.64042,250000,7.03,84.77,324500 4294500,0.5,Marginal,orange,YES,201.6348895,2668.4777595,59.9623015000002
324500,4294500,POTTF,0,250000,7.3,85.37,324500 4294500,0,Marginal,orange,YES,201.6348895,2668.4777595,59.9623015000002
324500,4301500,POTTF,3.28084,250000,6.99,84.62,324500 4301500,1,Marginal,orange,YES,201.6348895,2672.8273565,64.3118985000001
324500,4301500,POTTF,0,250000,7.33,85.35,324500 4301500,0,Marginal,orange,YES,201.6348895,2672.8273565,64.3118985000001
324500,4301500,POTTF,1.64042,250000,7.08,84.74,324500 4301500,0.5,Marginal,orange,YES,201.6348895,2672.8273565,64.3118985000001
324500,4302000,POTTF,1.64042,250000,7.07,84.75,324500 4302000,0.5,Marginal,orange,YES,201.6348895,2673.138042,64.6225840000002
324500,4302000,POTTF,6.56168,250000,6.82,84.4,324500 4302000,2,Marginal,orange,YES,201.6348895,2673.138042,64.6225840000002
324500,4302000,POTTF,4.92126,250000,6.91,84.48,324500 4302000,1.5,Marginal,orange,YES,201.6348895,2673.138042,64.6225840000002
324500,4302000,POTTF,3.28084,250000,6.99,84.62,324500 4302000,1,Marginal,orange,YES,201.6348895,2673.138042,64.6225840000002
324500,4302000,POTTF,0,250000,7.33,85.35,324500 4302000,0,Marginal,orange,YES,201.6348895,2673.138042,64.6225840000002
324500,4302000,POTTF,8.2021,250000,6.8,84.34,324500 4302000,2.5,Marginal,orange,YES,201.6348895,2673.138042,64.6225840000002
324500,4302500,POTTF,0,250000,7.33,85.35,324500 4302500,0,Marginal,orange,YES,201.6348895,2673.4487275,64.9332695000003
324500,4302500,POTTF,3.28084,250000,6.99,84.62,324500 4302500,1,Marginal,orange,YES,201.6348895,2673.4487275,64.9332695000003
324500,4302500,POTTF,1.64042,250000,7.07,84.75,324500 4302500,0.5,Marginal,orange,YES,201.6348895,2673.4487275,64.9332695000003
325000,4251000,POTMH,11.48294,1e+06,1.95,80.1,325000 4251000,3.5,Unsuitable,black,YES,201.945575,2641.448121,32.9326630000001
325000,4251000,POTMH,9.84252,1e+06,3.3,80.9,325000 4251000,3,Tolerable,yellow,YES,201.945575,2641.448121,32.9326630000001
325000,4251000,POTMH,4.92126,1e+06,5.75,82.3,325000 4251000,1.5,Suitable,dodgerblue,YES,201.945575,2641.448121,32.9326630000001
325000,4251000,POTMH,1.64042,1e+06,6.7,82.8,325000 4251000,0.5,Tolerable,yellow,YES,201.945575,2641.448121,32.9326630000001
325000,4251000,POTMH,6.56168,1e+06,5.2,82,325000 4251000,2,Suitable,dodgerblue,YES,201.945575,2641.448121,32.9326630000001
325000,4251000,POTMH,0,1e+06,6.95,82.8,325000 4251000,0,Tolerable,yellow,YES,201.945575,2641.448121,32.9326630000001
325000,4251000,POTMH,3.28084,1e+06,6.4,82.7,325000 4251000,1,Tolerable,yellow,YES,201.945575,2641.448121,32.9326630000001
325000,4251000,POTMH,13.12336,1e+06,1.3,79.5,325000 4251000,4,Unsuitable,black,YES,201.945575,2641.448121,32.9326630000001
325000,4251000,POTMH,14.76378,1e+06,1,79.3,325000 4251000,4.5,Unsuitable,black,YES,201.945575,2641.448121,32.9326630000001
325000,4251000,POTMH,8.2021,1e+06,4.65,81.7,325000 4251000,2.5,Suitable,dodgerblue,YES,201.945575,2641.448121,32.9326630000001
325000,4252000,POTMH,4.92126,1e+06,5.75,82.3,325000 4252000,1.5,Suitable,dodgerblue,YES,201.945575,2642.069492,33.5540340000002
325000,4252000,POTMH,3.28084,1e+06,6.4,82.7,325000 4252000,1,Tolerable,yellow,YES,201.945575,2642.069492,33.5540340000002
325000,4252000,POTMH,6.56168,1e+06,5.2,82,325000 4252000,2,Suitable,dodgerblue,YES,201.945575,2642.069492,33.5540340000002
325000,4252000,POTMH,0,1e+06,6.95,82.8,325000 4252000,0,Tolerable,yellow,YES,201.945575,2642.069492,33.5540340000002
325000,4252000,POTMH,1.64042,1e+06,6.7,82.8,325000 4252000,0.5,Tolerable,yellow,YES,201.945575,2642.069492,33.5540340000002
325000,4252000,POTMH,19.68504,1e+06,0.45,78.5,325000 4252000,6,Unsuitable,black,YES,201.945575,2642.069492,33.5540340000002
325000,4252000,POTMH,16.4042,1e+06,0.7,79.1,325000 4252000,5,Unsuitable,black,YES,201.945575,2642.069492,33.5540340000002
325000,4252000,POTMH,18.04462,1e+06,0.55,78.8,325000 4252000,5.5,Unsuitable,black,YES,201.945575,2642.069492,33.5540340000002
325000,4252000,POTMH,13.12336,1e+06,1.3,79.5,325000 4252000,4,Unsuitable,black,YES,201.945575,2642.069492,33.5540340000002
325000,4252000,POTMH,14.76378,1e+06,1,79.3,325000 4252000,4.5,Unsuitable,black,YES,201.945575,2642.069492,33.5540340000002
325000,4252000,POTMH,11.48294,1e+06,1.95,80.1,325000 4252000,3.5,Unsuitable,black,YES,201.945575,2642.069492,33.5540340000002
325000,4252000,POTMH,9.84252,1e+06,3.3,80.9,325000 4252000,3,Tolerable,yellow,YES,201.945575,2642.069492,33.5540340000002
325000,4252000,POTMH,8.2021,1e+06,4.65,81.7,325000 4252000,2.5,Suitable,dodgerblue,YES,201.945575,2642.069492,33.5540340000002
326000,4243000,POTMH,8.2021,1e+06,4.65,81.7,326000 4243000,2.5,Suitable,dodgerblue,YES,202.566946,2636.477153,27.9616950000004
326000,4243000,POTMH,9.84252,1e+06,3.3,80.9,326000 4243000,3,Tolerable,yellow,YES,202.566946,2636.477153,27.9616950000004
326000,4243000,POTMH,6.56168,1e+06,5.2,82,326000 4243000,2,Suitable,dodgerblue,YES,202.566946,2636.477153,27.9616950000004
326000,4243000,POTMH,1.64042,1e+06,6.7,82.8,326000 4243000,0.5,Tolerable,yellow,YES,202.566946,2636.477153,27.9616950000004
326000,4243000,POTMH,13.12336,1e+06,1.3,79.5,326000 4243000,4,Unsuitable,black,YES,202.566946,2636.477153,27.9616950000004
326000,4243000,POTMH,16.4042,1e+06,0.7,79.1,326000 4243000,5,Unsuitable,black,YES,202.566946,2636.477153,27.9616950000004
326000,4243000,POTMH,3.28084,1e+06,6.4,82.7,326000 4243000,1,Tolerable,yellow,YES,202.566946,2636.477153,27.9616950000004
326000,4243000,POTMH,11.48294,1e+06,1.95,80.1,326000 4243000,3.5,Unsuitable,black,YES,202.566946,2636.477153,27.9616950000004
326000,4243000,POTMH,14.76378,1e+06,1,79.3,326000 4243000,4.5,Unsuitable,black,YES,202.566946,2636.477153,27.9616950000004
326000,4243000,POTMH,4.92126,1e+06,5.75,82.3,326000 4243000,1.5,Suitable,dodgerblue,YES,202.566946,2636.477153,27.9616950000004
326000,4243000,POTMH,0,1e+06,6.95,82.8,326000 4243000,0,Tolerable,yellow,YES,202.566946,2636.477153,27.9616950000004
326000,4244000,POTMH,8.2021,1e+06,4.65,81.7,326000 4244000,2.5,Suitable,dodgerblue,YES,202.566946,2637.098524,28.5830660000002
326000,4244000,POTMH,14.76378,1e+06,1,79.3,326000 4244000,4.5,Unsuitable,black,YES,202.566946,2637.098524,28.5830660000002
326000,4244000,POTMH,6.56168,1e+06,5.2,82,326000 4244000,2,Suitable,dodgerblue,YES,202.566946,2637.098524,28.5830660000002
326000,4244000,POTMH,18.04462,1e+06,0.55,78.8,326000 4244000,5.5,Unsuitable,black,YES,202.566946,2637.098524,28.5830660000002
326000,4244000,POTMH,3.28084,1e+06,6.4,82.7,326000 4244000,1,Tolerable,yellow,YES,202.566946,2637.098524,28.5830660000002
326000,4244000,POTMH,0,1e+06,6.95,82.8,326000 4244000,0,Tolerable,yellow,YES,202.566946,2637.098524,28.5830660000002
326000,4244000,POTMH,4.92126,1e+06,5.75,82.3,326000 4244000,1.5,Suitable,dodgerblue,YES,202.566946,2637.098524,28.5830660000002
326000,4244000,POTMH,31.16798,1e+06,0.3,78.3,326000 4244000,9.5,Unsuitable,black,YES,202.566946,2637.098524,28.5830660000002
326000,4244000,POTMH,24.6063,1e+06,0.3,78.3,326000 4244000,7.5,Unsuitable,black,YES,202.566946,2637.098524,28.5830660000002
326000,4244000,POTMH,1.64042,1e+06,6.7,82.8,326000 4244000,0.5,Tolerable,yellow,YES,202.566946,2637.098524,28.5830660000002
326000,4244000,POTMH,9.84252,1e+06,3.3,80.9,326000 4244000,3,Tolerable,yellow,YES,202.566946,2637.098524,28.5830660000002
326000,4244000,POTMH,26.24672,1e+06,0.3,78.3,326000 4244000,8,Unsuitable,black,YES,202.566946,2637.098524,28.5830660000002
326000,4244000,POTMH,21.32546,1e+06,0.3,78.3,326000 4244000,6.5,Unsuitable,black,YES,202.566946,2637.098524,28.5830660000002
326000,4244000,POTMH,27.88714,1e+06,0.3,78.3,326000 4244000,8.5,Unsuitable,black,YES,202.566946,2637.098524,28.5830660000002
326000,4244000,POTMH,22.96588,1e+06,0.3,78.3,326000 4244000,7,Unsuitable,black,YES,202.566946,2637.098524,28.5830660000002
326000,4244000,POTMH,13.12336,1e+06,1.3,79.5,326000 4244000,4,Unsuitable,black,YES,202.566946,2637.098524,28.5830660000002
326000,4244000,POTMH,29.52756,1e+06,0.3,78.3,326000 4244000,9,Unsuitable,black,YES,202.566946,2637.098524,28.5830660000002
326000,4244000,POTMH,11.48294,1e+06,1.95,80.1,326000 4244000,3.5,Unsuitable,black,YES,202.566946,2637.098524,28.5830660000002
326000,4244000,POTMH,19.68504,1e+06,0.45,78.5,326000 4244000,6,Unsuitable,black,YES,202.566946,2637.098524,28.5830660000002
326000,4244000,POTMH,16.4042,1e+06,0.7,79.1,326000 4244000,5,Unsuitable,black,YES,202.566946,2637.098524,28.5830660000002
326000,4245000,POTMH,4.92126,1e+06,5.75,82.3,326000 4245000,1.5,Suitable,dodgerblue,YES,202.566946,2637.719895,29.2044370000003
326000,4245000,POTMH,26.24672,1e+06,0.3,78.3,326000 4245000,8,Unsuitable,black,YES,202.566946,2637.719895,29.2044370000003
326000,4245000,POTMH,29.52756,1e+06,0.3,78.3,326000 4245000,9,Unsuitable,black,YES,202.566946,2637.719895,29.2044370000003
326000,4245000,POTMH,31.16798,1e+06,0.3,78.3,326000 4245000,9.5,Unsuitable,black,YES,202.566946,2637.719895,29.2044370000003
326000,4245000,POTMH,9.84252,1e+06,3.3,80.9,326000 4245000,3,Tolerable,yellow,YES,202.566946,2637.719895,29.2044370000003
326000,4245000,POTMH,1.64042,1e+06,6.7,82.8,326000 4245000,0.5,Tolerable,yellow,YES,202.566946,2637.719895,29.2044370000003
326000,4245000,POTMH,27.88714,1e+06,0.3,78.3,326000 4245000,8.5,Unsuitable,black,YES,202.566946,2637.719895,29.2044370000003
326000,4245000,POTMH,6.56168,1e+06,5.2,82,326000 4245000,2,Suitable,dodgerblue,YES,202.566946,2637.719895,29.2044370000003
326000,4245000,POTMH,24.6063,1e+06,0.3,78.3,326000 4245000,7.5,Unsuitable,black,YES,202.566946,2637.719895,29.2044370000003
326000,4245000,POTMH,8.2021,1e+06,4.65,81.7,326000 4245000,2.5,Suitable,dodgerblue,YES,202.566946,2637.719895,29.2044370000003
326000,4245000,POTMH,13.12336,1e+06,1.3,79.5,326000 4245000,4,Unsuitable,black,YES,202.566946,2637.719895,29.2044370000003
326000,4245000,POTMH,16.4042,1e+06,0.7,79.1,326000 4245000,5,Unsuitable,black,YES,202.566946,2637.719895,29.2044370000003
326000,4245000,POTMH,3.28084,1e+06,6.4,82.7,326000 4245000,1,Tolerable,yellow,YES,202.566946,2637.719895,29.2044370000003
326000,4245000,POTMH,19.68504,1e+06,0.45,78.5,326000 4245000,6,Unsuitable,black,YES,202.566946,2637.719895,29.2044370000003
326000,4245000,POTMH,21.32546,1e+06,0.3,78.3,326000 4245000,6.5,Unsuitable,black,YES,202.566946,2637.719895,29.2044370000003
326000,4245000,POTMH,14.76378,1e+06,1,79.3,326000 4245000,4.5,Unsuitable,black,YES,202.566946,2637.719895,29.2044370000003
326000,4245000,POTMH,0,1e+06,6.95,82.8,326000 4245000,0,Tolerable,yellow,YES,202.566946,2637.719895,29.2044370000003
326000,4245000,POTMH,18.04462,1e+06,0.55,78.8,326000 4245000,5.5,Unsuitable,black,YES,202.566946,2637.719895,29.2044370000003
326000,4245000,POTMH,11.48294,1e+06,1.95,80.1,326000 4245000,3.5,Unsuitable,black,YES,202.566946,2637.719895,29.2044370000003
326000,4245000,POTMH,22.96588,1e+06,0.3,78.3,326000 4245000,7,Unsuitable,black,YES,202.566946,2637.719895,29.2044370000003
326000,4246000,POTMH,26.24672,1e+06,0.3,78.3,326000 4246000,8,Unsuitable,black,YES,202.566946,2638.341266,29.8258080000001
326000,4246000,POTMH,18.04462,1e+06,0.55,78.8,326000 4246000,5.5,Unsuitable,black,YES,202.566946,2638.341266,29.8258080000001
326000,4246000,POTMH,16.4042,1e+06,0.7,79.1,326000 4246000,5,Unsuitable,black,YES,202.566946,2638.341266,29.8258080000001
326000,4246000,POTMH,24.6063,1e+06,0.3,78.3,326000 4246000,7.5,Unsuitable,black,YES,202.566946,2638.341266,29.8258080000001
326000,4246000,POTMH,14.76378,1e+06,1,79.3,326000 4246000,4.5,Unsuitable,black,YES,202.566946,2638.341266,29.8258080000001
326000,4246000,POTMH,3.28084,1e+06,6.4,82.7,326000 4246000,1,Tolerable,yellow,YES,202.566946,2638.341266,29.8258080000001
326000,4246000,POTMH,9.84252,1e+06,3.3,80.9,326000 4246000,3,Tolerable,yellow,YES,202.566946,2638.341266,29.8258080000001
326000,4246000,POTMH,1.64042,1e+06,6.7,82.8,326000 4246000,0.5,Tolerable,yellow,YES,202.566946,2638.341266,29.8258080000001
326000,4246000,POTMH,21.32546,1e+06,0.3,78.3,326000 4246000,6.5,Unsuitable,black,YES,202.566946,2638.341266,29.8258080000001
326000,4246000,POTMH,8.2021,1e+06,4.65,81.7,326000 4246000,2.5,Suitable,dodgerblue,YES,202.566946,2638.341266,29.8258080000001
326000,4246000,POTMH,4.92126,1e+06,5.75,82.3,326000 4246000,1.5,Suitable,dodgerblue,YES,202.566946,2638.341266,29.8258080000001
326000,4246000,POTMH,6.56168,1e+06,5.2,82,326000 4246000,2,Suitable,dodgerblue,YES,202.566946,2638.341266,29.8258080000001
326000,4246000,POTMH,0,1e+06,6.95,82.8,326000 4246000,0,Tolerable,yellow,YES,202.566946,2638.341266,29.8258080000001
326000,4246000,POTMH,13.12336,1e+06,1.3,79.5,326000 4246000,4,Unsuitable,black,YES,202.566946,2638.341266,29.8258080000001
326000,4246000,POTMH,11.48294,1e+06,1.95,80.1,326000 4246000,3.5,Unsuitable,black,YES,202.566946,2638.341266,29.8258080000001
326000,4246000,POTMH,19.68504,1e+06,0.45,78.5,326000 4246000,6,Unsuitable,black,YES,202.566946,2638.341266,29.8258080000001
326000,4246000,POTMH,22.96588,1e+06,0.3,78.3,326000 4246000,7,Unsuitable,black,YES,202.566946,2638.341266,29.8258080000001
326000,4247000,POTMH,14.76378,1e+06,1,79.3,326000 4247000,4.5,Unsuitable,black,YES,202.566946,2638.962637,30.4471790000002
326000,4247000,POTMH,8.2021,1e+06,4.65,81.7,326000 4247000,2.5,Suitable,dodgerblue,YES,202.566946,2638.962637,30.4471790000002
326000,4247000,POTMH,3.28084,1e+06,6.4,82.7,326000 4247000,1,Tolerable,yellow,YES,202.566946,2638.962637,30.4471790000002
326000,4247000,POTMH,13.12336,1e+06,1.3,79.5,326000 4247000,4,Unsuitable,black,YES,202.566946,2638.962637,30.4471790000002
326000,4247000,POTMH,0,1e+06,6.95,82.8,326000 4247000,0,Tolerable,yellow,YES,202.566946,2638.962637,30.4471790000002
326000,4247000,POTMH,11.48294,1e+06,1.95,80.1,326000 4247000,3.5,Unsuitable,black,YES,202.566946,2638.962637,30.4471790000002
326000,4247000,POTMH,6.56168,1e+06,5.2,82,326000 4247000,2,Suitable,dodgerblue,YES,202.566946,2638.962637,30.4471790000002
326000,4247000,POTMH,1.64042,1e+06,6.7,82.8,326000 4247000,0.5,Tolerable,yellow,YES,202.566946,2638.962637,30.4471790000002
326000,4247000,POTMH,18.04462,1e+06,0.55,78.8,326000 4247000,5.5,Unsuitable,black,YES,202.566946,2638.962637,30.4471790000002
326000,4247000,POTMH,9.84252,1e+06,3.3,80.9,326000 4247000,3,Tolerable,yellow,YES,202.566946,2638.962637,30.4471790000002
326000,4247000,POTMH,4.92126,1e+06,5.75,82.3,326000 4247000,1.5,Suitable,dodgerblue,YES,202.566946,2638.962637,30.4471790000002
326000,4247000,POTMH,19.68504,1e+06,0.45,78.5,326000 4247000,6,Unsuitable,black,YES,202.566946,2638.962637,30.4471790000002
326000,4247000,POTMH,16.4042,1e+06,0.7,79.1,326000 4247000,5,Unsuitable,black,YES,202.566946,2638.962637,30.4471790000002
326000,4248000,POTMH,19.68504,1e+06,0.45,78.5,326000 4248000,6,Unsuitable,black,YES,202.566946,2639.584008,31.0685500000004
326000,4248000,POTMH,13.12336,1e+06,1.3,79.5,326000 4248000,4,Unsuitable,black,YES,202.566946,2639.584008,31.0685500000004
326000,4248000,POTMH,21.32546,1e+06,0.3,78.3,326000 4248000,6.5,Unsuitable,black,YES,202.566946,2639.584008,31.0685500000004
326000,4248000,POTMH,6.56168,1e+06,5.2,82,326000 4248000,2,Suitable,dodgerblue,YES,202.566946,2639.584008,31.0685500000004
326000,4248000,POTMH,4.92126,1e+06,5.75,82.3,326000 4248000,1.5,Suitable,dodgerblue,YES,202.566946,2639.584008,31.0685500000004
326000,4248000,POTMH,18.04462,1e+06,0.55,78.8,326000 4248000,5.5,Unsuitable,black,YES,202.566946,2639.584008,31.0685500000004
326000,4248000,POTMH,11.48294,1e+06,1.95,80.1,326000 4248000,3.5,Unsuitable,black,YES,202.566946,2639.584008,31.0685500000004
326000,4248000,POTMH,16.4042,1e+06,0.7,79.1,326000 4248000,5,Unsuitable,black,YES,202.566946,2639.584008,31.0685500000004
326000,4248000,POTMH,9.84252,1e+06,3.3,80.9,326000 4248000,3,Tolerable,yellow,YES,202.566946,2639.584008,31.0685500000004
326000,4248000,POTMH,3.28084,1e+06,6.4,82.7,326000 4248000,1,Tolerable,yellow,YES,202.566946,2639.584008,31.0685500000004
326000,4248000,POTMH,1.64042,1e+06,6.7,82.8,326000 4248000,0.5,Tolerable,yellow,YES,202.566946,2639.584008,31.0685500000004
326000,4248000,POTMH,14.76378,1e+06,1,79.3,326000 4248000,4.5,Unsuitable,black,YES,202.566946,2639.584008,31.0685500000004
326000,4248000,POTMH,0,1e+06,6.95,82.8,326000 4248000,0,Tolerable,yellow,YES,202.566946,2639.584008,31.0685500000004
326000,4248000,POTMH,8.2021,1e+06,4.65,81.7,326000 4248000,2.5,Suitable,dodgerblue,YES,202.566946,2639.584008,31.0685500000004
326000,4249000,POTMH,6.56168,1e+06,5.2,82,326000 4249000,2,Suitable,dodgerblue,YES,202.566946,2640.205379,31.6899210000001
326000,4249000,POTMH,0,1e+06,6.95,82.8,326000 4249000,0,Tolerable,yellow,YES,202.566946,2640.205379,31.6899210000001
326000,4249000,POTMH,21.32546,1e+06,0.3,78.3,326000 4249000,6.5,Unsuitable,black,YES,202.566946,2640.205379,31.6899210000001
326000,4249000,POTMH,9.84252,1e+06,3.3,80.9,326000 4249000,3,Tolerable,yellow,YES,202.566946,2640.205379,31.6899210000001
326000,4249000,POTMH,19.68504,1e+06,0.45,78.5,326000 4249000,6,Unsuitable,black,YES,202.566946,2640.205379,31.6899210000001
326000,4249000,POTMH,4.92126,1e+06,5.75,82.3,326000 4249000,1.5,Suitable,dodgerblue,YES,202.566946,2640.205379,31.6899210000001
326000,4249000,POTMH,8.2021,1e+06,4.65,81.7,326000 4249000,2.5,Suitable,dodgerblue,YES,202.566946,2640.205379,31.6899210000001
326000,4249000,POTMH,11.48294,1e+06,1.95,80.1,326000 4249000,3.5,Unsuitable,black,YES,202.566946,2640.205379,31.6899210000001
326000,4249000,POTMH,1.64042,1e+06,6.7,82.8,326000 4249000,0.5,Tolerable,yellow,YES,202.566946,2640.205379,31.6899210000001
326000,4249000,POTMH,16.4042,1e+06,0.7,79.1,326000 4249000,5,Unsuitable,black,YES,202.566946,2640.205379,31.6899210000001
326000,4249000,POTMH,13.12336,1e+06,1.3,79.5,326000 4249000,4,Unsuitable,black,YES,202.566946,2640.205379,31.6899210000001
326000,4249000,POTMH,22.96588,1e+06,0.3,78.3,326000 4249000,7,Unsuitable,black,YES,202.566946,2640.205379,31.6899210000001
326000,4249000,POTMH,18.04462,1e+06,0.55,78.8,326000 4249000,5.5,Unsuitable,black,YES,202.566946,2640.205379,31.6899210000001
326000,4249000,POTMH,14.76378,1e+06,1,79.3,326000 4249000,4.5,Unsuitable,black,YES,202.566946,2640.205379,31.6899210000001
326000,4249000,POTMH,3.28084,1e+06,6.4,82.7,326000 4249000,1,Tolerable,yellow,YES,202.566946,2640.205379,31.6899210000001
326000,4250000,POTMH,1.64042,1e+06,6.7,82.8,326000 4250000,0.5,Tolerable,yellow,YES,202.566946,2640.82675,32.3112920000003
326000,4250000,POTMH,21.32546,1e+06,0.3,78.3,326000 4250000,6.5,Unsuitable,black,YES,202.566946,2640.82675,32.3112920000003
326000,4250000,POTMH,24.6063,1e+06,0.3,78.3,326000 4250000,7.5,Unsuitable,black,YES,202.566946,2640.82675,32.3112920000003
326000,4250000,POTMH,22.96588,1e+06,0.3,78.3,326000 4250000,7,Unsuitable,black,YES,202.566946,2640.82675,32.3112920000003
326000,4250000,POTMH,19.68504,1e+06,0.45,78.5,326000 4250000,6,Unsuitable,black,YES,202.566946,2640.82675,32.3112920000003
326000,4250000,POTMH,9.84252,1e+06,3.3,80.9,326000 4250000,3,Tolerable,yellow,YES,202.566946,2640.82675,32.3112920000003
326000,4250000,POTMH,8.2021,1e+06,4.65,81.7,326000 4250000,2.5,Suitable,dodgerblue,YES,202.566946,2640.82675,32.3112920000003
326000,4250000,POTMH,3.28084,1e+06,6.4,82.7,326000 4250000,1,Tolerable,yellow,YES,202.566946,2640.82675,32.3112920000003
326000,4250000,POTMH,4.92126,1e+06,5.75,82.3,326000 4250000,1.5,Suitable,dodgerblue,YES,202.566946,2640.82675,32.3112920000003
326000,4250000,POTMH,18.04462,1e+06,0.55,78.8,326000 4250000,5.5,Unsuitable,black,YES,202.566946,2640.82675,32.3112920000003
326000,4250000,POTMH,26.24672,1e+06,0.3,78.3,326000 4250000,8,Unsuitable,black,YES,202.566946,2640.82675,32.3112920000003
326000,4250000,POTMH,14.76378,1e+06,1,79.3,326000 4250000,4.5,Unsuitable,black,YES,202.566946,2640.82675,32.3112920000003
326000,4250000,POTMH,13.12336,1e+06,1.3,79.5,326000 4250000,4,Unsuitable,black,YES,202.566946,2640.82675,32.3112920000003
326000,4250000,POTMH,16.4042,1e+06,0.7,79.1,326000 4250000,5,Unsuitable,black,YES,202.566946,2640.82675,32.3112920000003
326000,4250000,POTMH,6.56168,1e+06,5.2,82,326000 4250000,2,Suitable,dodgerblue,YES,202.566946,2640.82675,32.3112920000003
326000,4250000,POTMH,11.48294,1e+06,1.95,80.1,326000 4250000,3.5,Unsuitable,black,YES,202.566946,2640.82675,32.3112920000003
326000,4250000,POTMH,0,1e+06,6.95,82.8,326000 4250000,0,Tolerable,yellow,YES,202.566946,2640.82675,32.3112920000003
327000,4240000,POTMH,4.92126,1e+06,5.75,82.3,327000 4240000,1.5,Suitable,dodgerblue,YES,203.188317,2634.61304,26.0975820000003
327000,4240000,POTMH,1.64042,1e+06,6.7,82.8,327000 4240000,0.5,Tolerable,yellow,YES,203.188317,2634.61304,26.0975820000003
327000,4240000,POTMH,11.48294,1e+06,1.95,80.1,327000 4240000,3.5,Unsuitable,black,YES,203.188317,2634.61304,26.0975820000003
327000,4240000,POTMH,13.12336,1e+06,1.3,79.5,327000 4240000,4,Unsuitable,black,YES,203.188317,2634.61304,26.0975820000003
327000,4240000,POTMH,3.28084,1e+06,6.4,82.7,327000 4240000,1,Tolerable,yellow,YES,203.188317,2634.61304,26.0975820000003
327000,4240000,POTMH,8.2021,1e+06,4.65,81.7,327000 4240000,2.5,Suitable,dodgerblue,YES,203.188317,2634.61304,26.0975820000003
327000,4240000,POTMH,6.56168,1e+06,5.2,82,327000 4240000,2,Suitable,dodgerblue,YES,203.188317,2634.61304,26.0975820000003
327000,4240000,POTMH,0,1e+06,6.95,82.8,327000 4240000,0,Tolerable,yellow,YES,203.188317,2634.61304,26.0975820000003
327000,4240000,POTMH,9.84252,1e+06,3.3,80.9,327000 4240000,3,Tolerable,yellow,YES,203.188317,2634.61304,26.0975820000003
327000,4241000,POTMH,8.2021,1e+06,4.65,81.7,327000 4241000,2.5,Suitable,dodgerblue,YES,203.188317,2635.234411,26.7189530000001
327000,4241000,POTMH,11.48294,1e+06,1.95,80.1,327000 4241000,3.5,Unsuitable,black,YES,203.188317,2635.234411,26.7189530000001
327000,4241000,POTMH,9.84252,1e+06,3.3,80.9,327000 4241000,3,Tolerable,yellow,YES,203.188317,2635.234411,26.7189530000001
327000,4241000,POTMH,1.64042,1e+06,6.7,82.8,327000 4241000,0.5,Tolerable,yellow,YES,203.188317,2635.234411,26.7189530000001
327000,4241000,POTMH,6.56168,1e+06,5.2,82,327000 4241000,2,Suitable,dodgerblue,YES,203.188317,2635.234411,26.7189530000001
327000,4241000,POTMH,4.92126,1e+06,5.75,82.3,327000 4241000,1.5,Suitable,dodgerblue,YES,203.188317,2635.234411,26.7189530000001
327000,4241000,POTMH,3.28084,1e+06,6.4,82.7,327000 4241000,1,Tolerable,yellow,YES,203.188317,2635.234411,26.7189530000001
327000,4241000,POTMH,0,1e+06,6.95,82.8,327000 4241000,0,Tolerable,yellow,YES,203.188317,2635.234411,26.7189530000001
327000,4242000,POTMH,0,1e+06,6.95,82.8,327000 4242000,0,Tolerable,yellow,YES,203.188317,2635.855782,27.3403240000002
327000,4242000,POTMH,8.2021,1e+06,4.65,81.7,327000 4242000,2.5,Suitable,dodgerblue,YES,203.188317,2635.855782,27.3403240000002
327000,4242000,POTMH,3.28084,1e+06,6.4,82.7,327000 4242000,1,Tolerable,yellow,YES,203.188317,2635.855782,27.3403240000002
327000,4242000,POTMH,1.64042,1e+06,6.7,82.8,327000 4242000,0.5,Tolerable,yellow,YES,203.188317,2635.855782,27.3403240000002
327000,4242000,POTMH,6.56168,1e+06,5.2,82,327000 4242000,2,Suitable,dodgerblue,YES,203.188317,2635.855782,27.3403240000002
327000,4242000,POTMH,13.12336,1e+06,1.3,79.5,327000 4242000,4,Unsuitable,black,YES,203.188317,2635.855782,27.3403240000002
327000,4242000,POTMH,9.84252,1e+06,3.3,80.9,327000 4242000,3,Tolerable,yellow,YES,203.188317,2635.855782,27.3403240000002
327000,4242000,POTMH,4.92126,1e+06,5.75,82.3,327000 4242000,1.5,Suitable,dodgerblue,YES,203.188317,2635.855782,27.3403240000002
327000,4242000,POTMH,11.48294,1e+06,1.95,80.1,327000 4242000,3.5,Unsuitable,black,YES,203.188317,2635.855782,27.3403240000002
330000,4239000,POTMH,14.76378,1e+06,1,79.3,330000 4239000,4.5,Unsuitable,black,YES,205.05243,2633.991669,25.4762110000002
330000,4239000,POTMH,13.12336,1e+06,1.3,79.5,330000 4239000,4,Unsuitable,black,YES,205.05243,2633.991669,25.4762110000002
330000,4239000,POTMH,27.88714,1e+06,0.3,78.3,330000 4239000,8.5,Unsuitable,black,YES,205.05243,2633.991669,25.4762110000002
330000,4239000,POTMH,4.92126,1e+06,5.75,82.3,330000 4239000,1.5,Suitable,dodgerblue,YES,205.05243,2633.991669,25.4762110000002
330000,4239000,POTMH,16.4042,1e+06,0.7,79.1,330000 4239000,5,Unsuitable,black,YES,205.05243,2633.991669,25.4762110000002
330000,4239000,POTMH,6.56168,1e+06,5.2,82,330000 4239000,2,Suitable,dodgerblue,YES,205.05243,2633.991669,25.4762110000002
330000,4239000,POTMH,3.28084,1e+06,6.4,82.7,330000 4239000,1,Tolerable,yellow,YES,205.05243,2633.991669,25.4762110000002
330000,4239000,POTMH,18.04462,1e+06,0.55,78.8,330000 4239000,5.5,Unsuitable,black,YES,205.05243,2633.991669,25.4762110000002
330000,4239000,POTMH,26.24672,1e+06,0.3,78.3,330000 4239000,8,Unsuitable,black,YES,205.05243,2633.991669,25.4762110000002
330000,4239000,POTMH,11.48294,1e+06,1.95,80.1,330000 4239000,3.5,Unsuitable,black,YES,205.05243,2633.991669,25.4762110000002
330000,4239000,POTMH,22.96588,1e+06,0.3,78.3,330000 4239000,7,Unsuitable,black,YES,205.05243,2633.991669,25.4762110000002
330000,4239000,POTMH,24.6063,1e+06,0.3,78.3,330000 4239000,7.5,Unsuitable,black,YES,205.05243,2633.991669,25.4762110000002
330000,4239000,POTMH,21.32546,1e+06,0.3,78.3,330000 4239000,6.5,Unsuitable,black,YES,205.05243,2633.991669,25.4762110000002
330000,4239000,POTMH,19.68504,1e+06,0.45,78.5,330000 4239000,6,Unsuitable,black,YES,205.05243,2633.991669,25.4762110000002
330000,4239000,POTMH,8.2021,1e+06,4.65,81.7,330000 4239000,2.5,Suitable,dodgerblue,YES,205.05243,2633.991669,25.4762110000002
330000,4239000,POTMH,9.84252,1e+06,3.3,80.9,330000 4239000,3,Tolerable,yellow,YES,205.05243,2633.991669,25.4762110000002
330000,4239000,POTMH,0,1e+06,6.95,82.8,330000 4239000,0,Tolerable,yellow,YES,205.05243,2633.991669,25.4762110000002
330000,4239000,POTMH,1.64042,1e+06,6.7,82.8,330000 4239000,0.5,Tolerable,yellow,YES,205.05243,2633.991669,25.4762110000002
331000,4238000,POTMH,14.76378,1e+06,1,79.3,331000 4238000,4.5,Unsuitable,black,YES,205.673801,2633.370298,24.85484
331000,4238000,POTMH,11.48294,1e+06,1.95,80.1,331000 4238000,3.5,Unsuitable,black,YES,205.673801,2633.370298,24.85484
331000,4238000,POTMH,4.92126,1e+06,5.75,82.3,331000 4238000,1.5,Suitable,dodgerblue,YES,205.673801,2633.370298,24.85484
331000,4238000,POTMH,3.28084,1e+06,6.4,82.7,331000 4238000,1,Tolerable,yellow,YES,205.673801,2633.370298,24.85484
331000,4238000,POTMH,0,1e+06,6.95,82.8,331000 4238000,0,Tolerable,yellow,YES,205.673801,2633.370298,24.85484
331000,4238000,POTMH,16.4042,1e+06,0.7,79.1,331000 4238000,5,Unsuitable,black,YES,205.673801,2633.370298,24.85484
331000,4238000,POTMH,1.64042,1e+06,6.7,82.8,331000 4238000,0.5,Tolerable,yellow,YES,205.673801,2633.370298,24.85484
331000,4238000,POTMH,13.12336,1e+06,1.3,79.5,331000 4238000,4,Unsuitable,black,YES,205.673801,2633.370298,24.85484
331000,4238000,POTMH,8.2021,1e+06,4.65,81.7,331000 4238000,2.5,Suitable,dodgerblue,YES,205.673801,2633.370298,24.85484
331000,4238000,POTMH,6.56168,1e+06,5.2,82,331000 4238000,2,Suitable,dodgerblue,YES,205.673801,2633.370298,24.85484
331000,4238000,POTMH,9.84252,1e+06,3.3,80.9,331000 4238000,3,Tolerable,yellow,YES,205.673801,2633.370298,24.85484
332000,4237000,POTMH,0,1e+06,6.95,82.8,332000 4237000,0,Tolerable,yellow,YES,206.295172,2632.748927,24.2334690000002
332000,4237000,POTMH,13.12336,1e+06,1.3,79.5,332000 4237000,4,Unsuitable,black,YES,206.295172,2632.748927,24.2334690000002
332000,4237000,POTMH,9.84252,1e+06,3.3,80.9,332000 4237000,3,Tolerable,yellow,YES,206.295172,2632.748927,24.2334690000002
332000,4237000,POTMH,1.64042,1e+06,6.7,82.8,332000 4237000,0.5,Tolerable,yellow,YES,206.295172,2632.748927,24.2334690000002
332000,4237000,POTMH,14.76378,1e+06,1,79.3,332000 4237000,4.5,Unsuitable,black,YES,206.295172,2632.748927,24.2334690000002
332000,4237000,POTMH,11.48294,1e+06,1.95,80.1,332000 4237000,3.5,Unsuitable,black,YES,206.295172,2632.748927,24.2334690000002
332000,4237000,POTMH,4.92126,1e+06,5.75,82.3,332000 4237000,1.5,Suitable,dodgerblue,YES,206.295172,2632.748927,24.2334690000002
332000,4237000,POTMH,3.28084,1e+06,6.4,82.7,332000 4237000,1,Tolerable,yellow,YES,206.295172,2632.748927,24.2334690000002
332000,4237000,POTMH,6.56168,1e+06,5.2,82,332000 4237000,2,Suitable,dodgerblue,YES,206.295172,2632.748927,24.2334690000002
332000,4237000,POTMH,8.2021,1e+06,4.65,81.7,332000 4237000,2.5,Suitable,dodgerblue,YES,206.295172,2632.748927,24.2334690000002
333000,4236000,POTMH,3.28084,1e+06,6.4,82.7,333000 4236000,1,Tolerable,yellow,YES,206.916543,2632.127556,23.6120980000001
333000,4236000,POTMH,4.92126,1e+06,5.75,82.3,333000 4236000,1.5,Suitable,dodgerblue,YES,206.916543,2632.127556,23.6120980000001
333000,4236000,POTMH,8.2021,1e+06,4.65,81.7,333000 4236000,2.5,Suitable,dodgerblue,YES,206.916543,2632.127556,23.6120980000001
333000,4236000,POTMH,6.56168,1e+06,5.2,82,333000 4236000,2,Suitable,dodgerblue,YES,206.916543,2632.127556,23.6120980000001
333000,4236000,POTMH,9.84252,1e+06,3.3,80.9,333000 4236000,3,Tolerable,yellow,YES,206.916543,2632.127556,23.6120980000001
333000,4236000,POTMH,1.64042,1e+06,6.7,82.8,333000 4236000,0.5,Tolerable,yellow,YES,206.916543,2632.127556,23.6120980000001
333000,4236000,POTMH,0,1e+06,6.95,82.8,333000 4236000,0,Tolerable,yellow,YES,206.916543,2632.127556,23.6120980000001
333000,4236000,POTMH,11.48294,1e+06,1.95,80.1,333000 4236000,3.5,Unsuitable,black,YES,206.916543,2632.127556,23.6120980000001
338000,4234000,POTMH,3.28084,1e+06,5.89,82.45,338000 4234000,1,Tolerable,yellow,YES,210.023398,2630.884814,22.3693560000002
338000,4234000,POTMH,9.84252,1e+06,3,80.69,338000 4234000,3,Tolerable,yellow,YES,210.023398,2630.884814,22.3693560000002
338000,4234000,POTMH,0,1e+06,6.69,82.62,338000 4234000,0,Tolerable,yellow,YES,210.023398,2630.884814,22.3693560000002
338000,4234000,POTMH,11.48294,1e+06,2,80.14,338000 4234000,3.5,Marginal,orange,YES,210.023398,2630.884814,22.3693560000002
338000,4234000,POTMH,1.64042,1e+06,6.22,82.55,338000 4234000,0.5,Tolerable,yellow,YES,210.023398,2630.884814,22.3693560000002
338000,4234000,POTMH,8.2021,1e+06,4.12,81.45,338000 4234000,2.5,Suitable,dodgerblue,YES,210.023398,2630.884814,22.3693560000002
338000,4234000,POTMH,6.56168,1e+06,4.81,81.89,338000 4234000,2,Suitable,dodgerblue,YES,210.023398,2630.884814,22.3693560000002
338000,4234000,POTMH,13.12336,1e+06,1.44,79.64,338000 4234000,4,Unsuitable,black,YES,210.023398,2630.884814,22.3693560000002
338000,4234000,POTMH,4.92126,1e+06,5.38,82.19,338000 4234000,1.5,Suitable,dodgerblue,YES,210.023398,2630.884814,22.3693560000002
340000,4228000,POTMH,9.84252,1e+06,2.82,80.56,340000 4228000,3,Marginal,orange,YES,211.26614,2627.156588,18.64113
340000,4228000,POTMH,0,1e+06,6.53,82.52,340000 4228000,0,Tolerable,yellow,YES,211.26614,2627.156588,18.64113
340000,4228000,POTMH,4.92126,1e+06,5.16,82.13,340000 4228000,1.5,Suitable,dodgerblue,YES,211.26614,2627.156588,18.64113
340000,4228000,POTMH,8.2021,1e+06,3.81,81.31,340000 4228000,2.5,Tolerable,yellow,YES,211.26614,2627.156588,18.64113
340000,4228000,POTMH,1.64042,1e+06,5.94,82.41,340000 4228000,0.5,Tolerable,yellow,YES,211.26614,2627.156588,18.64113
340000,4228000,POTMH,3.28084,1e+06,5.59,82.31,340000 4228000,1,Suitable,dodgerblue,YES,211.26614,2627.156588,18.64113
340000,4228000,POTMH,6.56168,1e+06,4.58,81.83,340000 4228000,2,Suitable,dodgerblue,YES,211.26614,2627.156588,18.64113
340000,4235000,POTMH,0,1e+06,6.65,82.6,340000 4235000,0,Tolerable,yellow,YES,211.26614,2631.506185,22.9907270000003
340000,4235000,POTMH,11.48294,1e+06,2.01,80.14,340000 4235000,3.5,Marginal,orange,YES,211.26614,2631.506185,22.9907270000003
340000,4235000,POTMH,4.92126,1e+06,5.33,82.18,340000 4235000,1.5,Suitable,dodgerblue,YES,211.26614,2631.506185,22.9907270000003
340000,4235000,POTMH,1.64042,1e+06,6.16,82.52,340000 4235000,0.5,Tolerable,yellow,YES,211.26614,2631.506185,22.9907270000003
340000,4235000,POTMH,3.28084,1e+06,5.82,82.42,340000 4235000,1,Tolerable,yellow,YES,211.26614,2631.506185,22.9907270000003
340000,4235000,POTMH,8.2021,1e+06,4.05,81.42,340000 4235000,2.5,Suitable,dodgerblue,YES,211.26614,2631.506185,22.9907270000003
340000,4235000,POTMH,9.84252,1e+06,2.96,80.66,340000 4235000,3,Marginal,orange,YES,211.26614,2631.506185,22.9907270000003
340000,4235000,POTMH,6.56168,1e+06,4.76,81.88,340000 4235000,2,Suitable,dodgerblue,YES,211.26614,2631.506185,22.9907270000003
340000,4236000,POTMH,8.2021,1e+06,4.09,81.44,340000 4236000,2.5,Suitable,dodgerblue,YES,211.26614,2632.127556,23.6120980000001
340000,4236000,POTMH,14.76378,1e+06,0.96,79.08,340000 4236000,4.5,Unsuitable,black,YES,211.26614,2632.127556,23.6120980000001
340000,4236000,POTMH,6.56168,1e+06,4.79,81.89,340000 4236000,2,Suitable,dodgerblue,YES,211.26614,2632.127556,23.6120980000001
340000,4236000,POTMH,9.84252,1e+06,2.98,80.68,340000 4236000,3,Marginal,orange,YES,211.26614,2632.127556,23.6120980000001
340000,4236000,POTMH,16.4042,1e+06,0.5,78.17,340000 4236000,5,Unsuitable,black,YES,211.26614,2632.127556,23.6120980000001
340000,4236000,POTMH,3.28084,1e+06,5.86,82.44,340000 4236000,1,Tolerable,yellow,YES,211.26614,2632.127556,23.6120980000001
340000,4236000,POTMH,13.12336,1e+06,1.45,79.65,340000 4236000,4,Unsuitable,black,YES,211.26614,2632.127556,23.6120980000001
340000,4236000,POTMH,0,1e+06,6.67,82.61,340000 4236000,0,Tolerable,yellow,YES,211.26614,2632.127556,23.6120980000001
340000,4236000,POTMH,4.92126,1e+06,5.36,82.19,340000 4236000,1.5,Suitable,dodgerblue,YES,211.26614,2632.127556,23.6120980000001
340000,4236000,POTMH,1.64042,1e+06,6.2,82.54,340000 4236000,0.5,Tolerable,yellow,YES,211.26614,2632.127556,23.6120980000001
340000,4236000,POTMH,11.48294,1e+06,2.01,80.14,340000 4236000,3.5,Marginal,orange,YES,211.26614,2632.127556,23.6120980000001
341000,4229000,POTMH,6.56168,1e+06,4.57,81.83,341000 4229000,2,Suitable,dodgerblue,YES,211.887511,2627.777959,19.2625010000002
341000,4229000,POTMH,8.2021,1e+06,3.78,81.3,341000 4229000,2.5,Tolerable,yellow,YES,211.887511,2627.777959,19.2625010000002
341000,4229000,POTMH,9.84252,1e+06,2.81,80.55,341000 4229000,3,Marginal,orange,YES,211.887511,2627.777959,19.2625010000002
341000,4229000,POTMH,1.64042,1e+06,5.92,82.4,341000 4229000,0.5,Suitable,dodgerblue,YES,211.887511,2627.777959,19.2625010000002
341000,4229000,POTMH,0,1e+06,6.52,82.51,341000 4229000,0,Tolerable,yellow,YES,211.887511,2627.777959,19.2625010000002
341000,4229000,POTMH,3.28084,1e+06,5.56,82.3,341000 4229000,1,Suitable,dodgerblue,YES,211.887511,2627.777959,19.2625010000002
341000,4229000,POTMH,4.92126,1e+06,5.14,82.13,341000 4229000,1.5,Suitable,dodgerblue,YES,211.887511,2627.777959,19.2625010000002
341000,4233000,POTMH,0,1e+06,6.58,82.56,341000 4233000,0,Tolerable,yellow,YES,211.887511,2630.263443,21.747985
341000,4233000,POTMH,4.92126,1e+06,5.24,82.15,341000 4233000,1.5,Suitable,dodgerblue,YES,211.887511,2630.263443,21.747985
341000,4233000,POTMH,11.48294,1e+06,2.02,80.15,341000 4233000,3.5,Marginal,orange,YES,211.887511,2630.263443,21.747985
341000,4233000,POTMH,1.64042,1e+06,6.04,82.46,341000 4233000,0.5,Tolerable,yellow,YES,211.887511,2630.263443,21.747985
341000,4233000,POTMH,9.84252,1e+06,2.89,80.61,341000 4233000,3,Marginal,orange,YES,211.887511,2630.263443,21.747985
341000,4233000,POTMH,13.12336,1e+06,1.49,79.69,341000 4233000,4,Unsuitable,black,YES,211.887511,2630.263443,21.747985
341000,4233000,POTMH,6.56168,1e+06,4.66,81.85,341000 4233000,2,Suitable,dodgerblue,YES,211.887511,2630.263443,21.747985
341000,4233000,POTMH,3.28084,1e+06,5.69,82.36,341000 4233000,1,Suitable,dodgerblue,YES,211.887511,2630.263443,21.747985
341000,4233000,POTMH,8.2021,1e+06,3.92,81.36,341000 4233000,2.5,Tolerable,yellow,YES,211.887511,2630.263443,21.747985
342000,4232000,POTMH,6.56168,1e+06,4.6,81.84,342000 4232000,2,Suitable,dodgerblue,YES,212.508882,2629.642072,21.1266140000002
342000,4232000,POTMH,11.48294,1e+06,2.03,80.15,342000 4232000,3.5,Marginal,orange,YES,212.508882,2629.642072,21.1266140000002
342000,4232000,POTMH,0,1e+06,6.54,82.53,342000 4232000,0,Tolerable,yellow,YES,212.508882,2629.642072,21.1266140000002
342000,4232000,POTMH,4.92126,1e+06,5.17,82.14,342000 4232000,1.5,Suitable,dodgerblue,YES,212.508882,2629.642072,21.1266140000002
342000,4232000,POTMH,14.76378,1e+06,0.95,78.97,342000 4232000,4.5,Unsuitable,black,YES,212.508882,2629.642072,21.1266140000002
342000,4232000,POTMH,8.2021,1e+06,3.83,81.32,342000 4232000,2.5,Tolerable,yellow,YES,212.508882,2629.642072,21.1266140000002
342000,4232000,POTMH,9.84252,1e+06,2.83,80.57,342000 4232000,3,Marginal,orange,YES,212.508882,2629.642072,21.1266140000002
342000,4232000,POTMH,1.64042,1e+06,5.96,82.42,342000 4232000,0.5,Tolerable,yellow,YES,212.508882,2629.642072,21.1266140000002
342000,4232000,POTMH,13.12336,1e+06,1.52,79.72,342000 4232000,4,Unsuitable,black,YES,212.508882,2629.642072,21.1266140000002
342000,4232000,POTMH,3.28084,1e+06,5.6,82.32,342000 4232000,1,Suitable,dodgerblue,YES,212.508882,2629.642072,21.1266140000002
343000,4230000,POTMH,1.64042,1e+06,5.85,82.36,343000 4230000,0.5,Suitable,dodgerblue,YES,213.130253,2628.39933,19.8838720000003
343000,4230000,POTMH,9.84252,1e+06,2.76,80.52,343000 4230000,3,Marginal,orange,YES,213.130253,2628.39933,19.8838720000003
343000,4230000,POTMH,3.28084,1e+06,5.49,82.26,343000 4230000,1,Suitable,dodgerblue,YES,213.130253,2628.39933,19.8838720000003
343000,4230000,POTMH,6.56168,1e+06,4.51,81.81,343000 4230000,2,Suitable,dodgerblue,YES,213.130253,2628.39933,19.8838720000003
343000,4230000,POTMH,8.2021,1e+06,3.7,81.26,343000 4230000,2.5,Tolerable,yellow,YES,213.130253,2628.39933,19.8838720000003
343000,4230000,POTMH,11.48294,1e+06,2.04,80.16,343000 4230000,3.5,Marginal,orange,YES,213.130253,2628.39933,19.8838720000003
343000,4230000,POTMH,4.92126,1e+06,5.09,82.11,343000 4230000,1.5,Suitable,dodgerblue,YES,213.130253,2628.39933,19.8838720000003
343000,4230000,POTMH,13.12336,1e+06,1.55,79.75,343000 4230000,4,Unsuitable,black,YES,213.130253,2628.39933,19.8838720000003
343000,4230000,POTMH,0,1e+06,6.48,82.48,343000 4230000,0,Tolerable,yellow,YES,213.130253,2628.39933,19.8838720000003
343000,4231000,POTMH,11.48294,1e+06,2.04,80.16,343000 4231000,3.5,Marginal,orange,YES,213.130253,2629.020701,20.5052430000001
343000,4231000,POTMH,14.76378,1e+06,0.94,78.93,343000 4231000,4.5,Unsuitable,black,YES,213.130253,2629.020701,20.5052430000001
343000,4231000,POTMH,4.92126,1e+06,5.11,82.12,343000 4231000,1.5,Suitable,dodgerblue,YES,213.130253,2629.020701,20.5052430000001
343000,4231000,POTMH,1.64042,1e+06,5.88,82.37,343000 4231000,0.5,Suitable,dodgerblue,YES,213.130253,2629.020701,20.5052430000001
343000,4231000,POTMH,9.84252,1e+06,2.78,80.53,343000 4231000,3,Marginal,orange,YES,213.130253,2629.020701,20.5052430000001
343000,4231000,POTMH,13.12336,1e+06,1.54,79.74,343000 4231000,4,Unsuitable,black,YES,213.130253,2629.020701,20.5052430000001
343000,4231000,POTMH,3.28084,1e+06,5.52,82.27,343000 4231000,1,Suitable,dodgerblue,YES,213.130253,2629.020701,20.5052430000001
343000,4231000,POTMH,6.56168,1e+06,4.53,81.82,343000 4231000,2,Suitable,dodgerblue,YES,213.130253,2629.020701,20.5052430000001
343000,4231000,POTMH,0,1e+06,6.49,82.5,343000 4231000,0,Tolerable,yellow,YES,213.130253,2629.020701,20.5052430000001
343000,4231000,POTMH,16.4042,1e+06,0.36,77.58,343000 4231000,5,Unsuitable,black,YES,213.130253,2629.020701,20.5052430000001
343000,4231000,POTMH,8.2021,1e+06,3.74,81.27,343000 4231000,2.5,Tolerable,yellow,YES,213.130253,2629.020701,20.5052430000001
363000,4223000,POTMH,4.92126,1e+06,4.74,82.02,363000 4223000,1.5,Suitable,dodgerblue,YES,225.557673,2624.049733,15.534275
363000,4223000,POTMH,9.84252,1e+06,2.52,80.35,363000 4223000,3,Marginal,orange,YES,225.557673,2624.049733,15.534275
363000,4223000,POTMH,3.28084,1e+06,4.99,82.02,363000 4223000,1,Suitable,dodgerblue,YES,225.557673,2624.049733,15.534275
363000,4223000,POTMH,1.64042,1e+06,5.39,82.12,363000 4223000,0.5,Suitable,dodgerblue,YES,225.557673,2624.049733,15.534275
363000,4223000,POTMH,6.56168,1e+06,4.15,81.73,363000 4223000,2,Suitable,dodgerblue,YES,225.557673,2624.049733,15.534275
363000,4223000,POTMH,19.68504,1e+06,0.1,77.7,363000 4223000,6,Unsuitable,black,YES,225.557673,2624.049733,15.534275
363000,4223000,POTMH,0,1e+06,6.22,82.32,363000 4223000,0,Suitable,dodgerblue,YES,225.557673,2624.049733,15.534275
363000,4223000,POTMH,18.04462,1e+06,0,75.64,363000 4223000,5.5,Unsuitable,black,YES,225.557673,2624.049733,15.534275
363000,4223000,POTMH,31.16798,1e+06,0.1,77.4,363000 4223000,9.5,Unsuitable,black,YES,225.557673,2624.049733,15.534275
363000,4223000,POTMH,8.2021,1e+06,3.21,81.04,363000 4223000,2.5,Tolerable,yellow,YES,225.557673,2624.049733,15.534275
363000,4223000,POTMH,34.44882,1e+06,0.1,77.4,363000 4223000,10.5,Unsuitable,black,YES,225.557673,2624.049733,15.534275
363000,4223000,POTMH,21.32546,1e+06,0.1,77.6,363000 4223000,6.5,Unsuitable,black,YES,225.557673,2624.049733,15.534275
363000,4223000,POTMH,14.76378,1e+06,0.94,78.75,363000 4223000,4.5,Unsuitable,black,YES,225.557673,2624.049733,15.534275
363000,4223000,POTMH,29.52756,1e+06,0.1,77.4,363000 4223000,9,Unsuitable,black,YES,225.557673,2624.049733,15.534275
363000,4223000,POTMH,32.8084,1e+06,0.1,77.4,363000 4223000,10,Unsuitable,black,YES,225.557673,2624.049733,15.534275
363000,4223000,POTMH,27.88714,1e+06,0.1,77.4,363000 4223000,8.5,Unsuitable,black,YES,225.557673,2624.049733,15.534275
363000,4223000,POTMH,22.96588,1e+06,0.1,77.5,363000 4223000,7,Unsuitable,black,YES,225.557673,2624.049733,15.534275
363000,4223000,POTMH,13.12336,1e+06,1.77,79.96,363000 4223000,4,Unsuitable,black,YES,225.557673,2624.049733,15.534275
363000,4223000,POTMH,16.4042,1e+06,0.15,76.64,363000 4223000,5,Unsuitable,black,YES,225.557673,2624.049733,15.534275
363000,4223000,POTMH,26.24672,1e+06,0.1,77.4,363000 4223000,8,Unsuitable,black,YES,225.557673,2624.049733,15.534275
363000,4223000,POTMH,24.6063,1e+06,0.1,77.4,363000 4223000,7.5,Unsuitable,black,YES,225.557673,2624.049733,15.534275
363000,4223000,POTMH,11.48294,1e+06,2.17,80.25,363000 4223000,3.5,Marginal,orange,YES,225.557673,2624.049733,15.534275
363000,4224000,POTMH,13.12336,1e+06,1.74,79.93,363000 4224000,4,Unsuitable,black,YES,225.557673,2624.671104,16.1556460000002
363000,4224000,POTMH,11.48294,1e+06,2.14,80.23,363000 4224000,3.5,Marginal,orange,YES,225.557673,2624.671104,16.1556460000002
363000,4224000,POTMH,26.24672,1e+06,0.1,77.4,363000 4224000,8,Unsuitable,black,YES,225.557673,2624.671104,16.1556460000002
363000,4224000,POTMH,16.4042,1e+06,0.15,76.62,363000 4224000,5,Unsuitable,black,YES,225.557673,2624.671104,16.1556460000002
363000,4224000,POTMH,6.56168,1e+06,4.13,81.72,363000 4224000,2,Suitable,dodgerblue,YES,225.557673,2624.671104,16.1556460000002
363000,4224000,POTMH,24.6063,1e+06,0.1,77.4,363000 4224000,7.5,Unsuitable,black,YES,225.557673,2624.671104,16.1556460000002
363000,4224000,POTMH,29.52756,1e+06,0.1,77.4,363000 4224000,9,Unsuitable,black,YES,225.557673,2624.671104,16.1556460000002
363000,4224000,POTMH,4.92126,1e+06,4.72,82.01,363000 4224000,1.5,Suitable,dodgerblue,YES,225.557673,2624.671104,16.1556460000002
363000,4224000,POTMH,9.84252,1e+06,2.49,80.33,363000 4224000,3,Marginal,orange,YES,225.557673,2624.671104,16.1556460000002
363000,4224000,POTMH,3.28084,1e+06,4.97,82.01,363000 4224000,1,Suitable,dodgerblue,YES,225.557673,2624.671104,16.1556460000002
363000,4224000,POTMH,0,1e+06,6.21,82.31,363000 4224000,0,Suitable,dodgerblue,YES,225.557673,2624.671104,16.1556460000002
363000,4224000,POTMH,14.76378,1e+06,0.92,78.72,363000 4224000,4.5,Unsuitable,black,YES,225.557673,2624.671104,16.1556460000002
363000,4224000,POTMH,27.88714,1e+06,0.1,77.4,363000 4224000,8.5,Unsuitable,black,YES,225.557673,2624.671104,16.1556460000002
363000,4224000,POTMH,18.04462,1e+06,0,75.62,363000 4224000,5.5,Unsuitable,black,YES,225.557673,2624.671104,16.1556460000002
363000,4224000,POTMH,31.16798,1e+06,0.1,77.4,363000 4224000,9.5,Unsuitable,black,YES,225.557673,2624.671104,16.1556460000002
363000,4224000,POTMH,19.68504,1e+06,0.1,77.7,363000 4224000,6,Unsuitable,black,YES,225.557673,2624.671104,16.1556460000002
363000,4224000,POTMH,1.64042,1e+06,5.37,82.11,363000 4224000,0.5,Suitable,dodgerblue,YES,225.557673,2624.671104,16.1556460000002
363000,4224000,POTMH,22.96588,1e+06,0.1,77.5,363000 4224000,7,Unsuitable,black,YES,225.557673,2624.671104,16.1556460000002
363000,4224000,POTMH,8.2021,1e+06,3.18,81.02,363000 4224000,2.5,Tolerable,yellow,YES,225.557673,2624.671104,16.1556460000002
363000,4224000,POTMH,21.32546,1e+06,0.1,77.6,363000 4224000,6.5,Unsuitable,black,YES,225.557673,2624.671104,16.1556460000002
363000,4225000,POTMH,6.56168,1e+06,4.12,81.71,363000 4225000,2,Suitable,dodgerblue,YES,225.557673,2625.292475,16.7770170000003
363000,4225000,POTMH,4.92126,1e+06,4.71,82.01,363000 4225000,1.5,Suitable,dodgerblue,YES,225.557673,2625.292475,16.7770170000003
363000,4225000,POTMH,1.64042,1e+06,5.36,82.11,363000 4225000,0.5,Suitable,dodgerblue,YES,225.557673,2625.292475,16.7770170000003
363000,4225000,POTMH,11.48294,1e+06,2.12,80.22,363000 4225000,3.5,Marginal,orange,YES,225.557673,2625.292475,16.7770170000003
363000,4225000,POTMH,14.76378,1e+06,0.91,78.71,363000 4225000,4.5,Unsuitable,black,YES,225.557673,2625.292475,16.7770170000003
363000,4225000,POTMH,3.28084,1e+06,4.96,82.01,363000 4225000,1,Suitable,dodgerblue,YES,225.557673,2625.292475,16.7770170000003
363000,4225000,POTMH,9.84252,1e+06,2.47,80.32,363000 4225000,3,Marginal,orange,YES,225.557673,2625.292475,16.7770170000003
363000,4225000,POTMH,13.12336,1e+06,1.72,79.92,363000 4225000,4,Unsuitable,black,YES,225.557673,2625.292475,16.7770170000003
363000,4225000,POTMH,0,1e+06,6.21,82.31,363000 4225000,0,Suitable,dodgerblue,YES,225.557673,2625.292475,16.7770170000003
363000,4225000,POTMH,16.4042,1e+06,0.15,76.61,363000 4225000,5,Unsuitable,black,YES,225.557673,2625.292475,16.7770170000003
363000,4225000,POTMH,8.2021,1e+06,3.17,81.01,363000 4225000,2.5,Tolerable,yellow,YES,225.557673,2625.292475,16.7770170000003
364000,4222000,POTMH,6.56168,1e+06,4.22,81.78,364000 4222000,2,Suitable,dodgerblue,YES,226.179044,2623.428362,14.9129040000003
364000,4222000,POTMH,1.64042,1e+06,5.44,82.15,364000 4222000,0.5,Suitable,dodgerblue,YES,226.179044,2623.428362,14.9129040000003
364000,4222000,POTMH,11.48294,1e+06,2.27,80.33,364000 4222000,3.5,Marginal,orange,YES,226.179044,2623.428362,14.9129040000003
364000,4222000,POTMH,3.28084,1e+06,5.05,82.05,364000 4222000,1,Suitable,dodgerblue,YES,226.179044,2623.428362,14.9129040000003
364000,4222000,POTMH,22.96588,1e+06,0.1,77.5,364000 4222000,7,Unsuitable,black,YES,226.179044,2623.428362,14.9129040000003
364000,4222000,POTMH,13.12336,1e+06,1.87,80.04,364000 4222000,4,Unsuitable,black,YES,226.179044,2623.428362,14.9129040000003
364000,4222000,POTMH,4.92126,1e+06,4.8,82.06,364000 4222000,1.5,Suitable,dodgerblue,YES,226.179044,2623.428362,14.9129040000003
364000,4222000,POTMH,29.52756,1e+06,0.1,77.4,364000 4222000,9,Unsuitable,black,YES,226.179044,2623.428362,14.9129040000003
364000,4222000,POTMH,0,1e+06,6.25,82.34,364000 4222000,0,Suitable,dodgerblue,YES,226.179044,2623.428362,14.9129040000003
364000,4222000,POTMH,9.84252,1e+06,2.61,80.42,364000 4222000,3,Marginal,orange,YES,226.179044,2623.428362,14.9129040000003
364000,4222000,POTMH,32.8084,1e+06,0.1,77.4,364000 4222000,10,Unsuitable,black,YES,226.179044,2623.428362,14.9129040000003
364000,4222000,POTMH,16.4042,1e+06,0.15,76.69,364000 4222000,5,Unsuitable,black,YES,226.179044,2623.428362,14.9129040000003
364000,4222000,POTMH,24.6063,1e+06,0.1,77.4,364000 4222000,7.5,Unsuitable,black,YES,226.179044,2623.428362,14.9129040000003
364000,4222000,POTMH,14.76378,1e+06,0.99,78.81,364000 4222000,4.5,Unsuitable,black,YES,226.179044,2623.428362,14.9129040000003
364000,4222000,POTMH,31.16798,1e+06,0.1,77.4,364000 4222000,9.5,Unsuitable,black,YES,226.179044,2623.428362,14.9129040000003
364000,4222000,POTMH,8.2021,1e+06,3.29,81.1,364000 4222000,2.5,Tolerable,yellow,YES,226.179044,2623.428362,14.9129040000003
364000,4222000,POTMH,19.68504,1e+06,0.1,77.7,364000 4222000,6,Unsuitable,black,YES,226.179044,2623.428362,14.9129040000003
364000,4222000,POTMH,34.44882,1e+06,0.1,77.4,364000 4222000,10.5,Unsuitable,black,YES,226.179044,2623.428362,14.9129040000003
364000,4222000,POTMH,26.24672,1e+06,0.1,77.4,364000 4222000,8,Unsuitable,black,YES,226.179044,2623.428362,14.9129040000003
364000,4222000,POTMH,27.88714,1e+06,0.1,77.4,364000 4222000,8.5,Unsuitable,black,YES,226.179044,2623.428362,14.9129040000003
364000,4222000,POTMH,21.32546,1e+06,0.1,77.6,364000 4222000,6.5,Unsuitable,black,YES,226.179044,2623.428362,14.9129040000003
364000,4222000,POTMH,18.04462,1e+06,0,75.69,364000 4222000,5.5,Unsuitable,black,YES,226.179044,2623.428362,14.9129040000003
364000,4226000,POTMH,6.56168,1e+06,4.14,81.73,364000 4226000,2,Suitable,dodgerblue,YES,226.179044,2625.913846,17.3983880000001
364000,4226000,POTMH,8.2021,1e+06,3.19,81.03,364000 4226000,2.5,Tolerable,yellow,YES,226.179044,2625.913846,17.3983880000001
364000,4226000,POTMH,0,1e+06,6.22,82.31,364000 4226000,0,Suitable,dodgerblue,YES,226.179044,2625.913846,17.3983880000001
364000,4226000,POTMH,1.64042,1e+06,5.38,82.11,364000 4226000,0.5,Suitable,dodgerblue,YES,226.179044,2625.913846,17.3983880000001
364000,4226000,POTMH,3.28084,1e+06,4.98,82.02,364000 4226000,1,Suitable,dodgerblue,YES,226.179044,2625.913846,17.3983880000001
364000,4226000,POTMH,4.92126,1e+06,4.73,82.02,364000 4226000,1.5,Suitable,dodgerblue,YES,226.179044,2625.913846,17.3983880000001
364000,4227000,POTMH,3.28084,1e+06,4.95,82,364000 4227000,1,Suitable,dodgerblue,YES,226.179044,2626.535217,18.0197590000003
364000,4227000,POTMH,1.64042,1e+06,5.35,82.1,364000 4227000,0.5,Suitable,dodgerblue,YES,226.179044,2626.535217,18.0197590000003
364000,4227000,POTMH,4.92126,1e+06,4.7,82,364000 4227000,1.5,Suitable,dodgerblue,YES,226.179044,2626.535217,18.0197590000003
364000,4227000,POTMH,0,1e+06,6.2,82.3,364000 4227000,0,Suitable,dodgerblue,YES,226.179044,2626.535217,18.0197590000003
365000,4220000,POTMH,4.92126,1e+06,4.96,82.15,365000 4220000,1.5,Suitable,dodgerblue,YES,226.800415,2622.18562,13.6701620000003
365000,4220000,POTMH,6.56168,1e+06,4.4,81.91,365000 4220000,2,Suitable,dodgerblue,YES,226.800415,2622.18562,13.6701620000003
365000,4220000,POTMH,18.04462,1e+06,0.01,75.83,365000 4220000,5.5,Unsuitable,black,YES,226.800415,2622.18562,13.6701620000003
365000,4220000,POTMH,0,1e+06,6.34,82.4,365000 4220000,0,Suitable,dodgerblue,YES,226.800415,2622.18562,13.6701620000003
365000,4220000,POTMH,11.48294,1e+06,2.52,80.53,365000 4220000,3.5,Marginal,orange,YES,226.800415,2622.18562,13.6701620000003
365000,4220000,POTMH,31.16798,1e+06,0.1,77.4,365000 4220000,9.5,Unsuitable,black,YES,226.800415,2622.18562,13.6701620000003
365000,4220000,POTMH,1.64042,1e+06,5.57,82.22,365000 4220000,0.5,Suitable,dodgerblue,YES,226.800415,2622.18562,13.6701620000003
365000,4220000,POTMH,16.4042,1e+06,0.16,76.82,365000 4220000,5,Unsuitable,black,YES,226.800415,2622.18562,13.6701620000003
365000,4220000,POTMH,8.2021,1e+06,3.51,81.27,365000 4220000,2.5,Tolerable,yellow,YES,226.800415,2622.18562,13.6701620000003
365000,4220000,POTMH,29.52756,1e+06,0.1,77.4,365000 4220000,9,Unsuitable,black,YES,226.800415,2622.18562,13.6701620000003
365000,4220000,POTMH,9.84252,1e+06,2.85,80.62,365000 4220000,3,Marginal,orange,YES,226.800415,2622.18562,13.6701620000003
365000,4220000,POTMH,26.24672,1e+06,0.1,77.4,365000 4220000,8,Unsuitable,black,YES,226.800415,2622.18562,13.6701620000003
365000,4220000,POTMH,24.6063,1e+06,0.1,77.4,365000 4220000,7.5,Unsuitable,black,YES,226.800415,2622.18562,13.6701620000003
365000,4220000,POTMH,19.68504,1e+06,0.1,77.7,365000 4220000,6,Unsuitable,black,YES,226.800415,2622.18562,13.6701620000003
365000,4220000,POTMH,21.32546,1e+06,0.1,77.6,365000 4220000,6.5,Unsuitable,black,YES,226.800415,2622.18562,13.6701620000003
365000,4220000,POTMH,14.76378,1e+06,1.12,78.98,365000 4220000,4.5,Unsuitable,black,YES,226.800415,2622.18562,13.6701620000003
365000,4220000,POTMH,27.88714,1e+06,0.1,77.4,365000 4220000,8.5,Unsuitable,black,YES,226.800415,2622.18562,13.6701620000003
365000,4220000,POTMH,13.12336,1e+06,2.14,80.26,365000 4220000,4,Marginal,orange,YES,226.800415,2622.18562,13.6701620000003
365000,4220000,POTMH,3.28084,1e+06,5.21,82.13,365000 4220000,1,Suitable,dodgerblue,YES,226.800415,2622.18562,13.6701620000003
365000,4220000,POTMH,32.8084,1e+06,0.1,77.4,365000 4220000,10,Unsuitable,black,YES,226.800415,2622.18562,13.6701620000003
365000,4220000,POTMH,22.96588,1e+06,0.1,77.5,365000 4220000,7,Unsuitable,black,YES,226.800415,2622.18562,13.6701620000003
365000,4221000,POTMH,18.04462,1e+06,0.01,75.77,365000 4221000,5.5,Unsuitable,black,YES,226.800415,2622.806991,14.2915330000001
365000,4221000,POTMH,16.4042,1e+06,0.16,76.76,365000 4221000,5,Unsuitable,black,YES,226.800415,2622.806991,14.2915330000001
365000,4221000,POTMH,8.2021,1e+06,3.42,81.2,365000 4221000,2.5,Tolerable,yellow,YES,226.800415,2622.806991,14.2915330000001
365000,4221000,POTMH,14.76378,1e+06,1.07,78.91,365000 4221000,4.5,Unsuitable,black,YES,226.800415,2622.806991,14.2915330000001
365000,4221000,POTMH,6.56168,1e+06,4.33,81.86,365000 4221000,2,Suitable,dodgerblue,YES,226.800415,2622.806991,14.2915330000001
365000,4221000,POTMH,0,1e+06,6.3,82.37,365000 4221000,0,Suitable,dodgerblue,YES,226.800415,2622.806991,14.2915330000001
365000,4221000,POTMH,21.32546,1e+06,0.1,77.6,365000 4221000,6.5,Unsuitable,black,YES,226.800415,2622.806991,14.2915330000001
365000,4221000,POTMH,31.16798,1e+06,0.1,77.4,365000 4221000,9.5,Unsuitable,black,YES,226.800415,2622.806991,14.2915330000001
365000,4221000,POTMH,13.12336,1e+06,2.03,80.17,365000 4221000,4,Marginal,orange,YES,226.800415,2622.806991,14.2915330000001
365000,4221000,POTMH,19.68504,1e+06,0.1,77.7,365000 4221000,6,Unsuitable,black,YES,226.800415,2622.806991,14.2915330000001
365000,4221000,POTMH,29.52756,1e+06,0.1,77.4,365000 4221000,9,Unsuitable,black,YES,226.800415,2622.806991,14.2915330000001
365000,4221000,POTMH,9.84252,1e+06,2.75,80.54,365000 4221000,3,Marginal,orange,YES,226.800415,2622.806991,14.2915330000001
365000,4221000,POTMH,32.8084,1e+06,0.1,77.4,365000 4221000,10,Unsuitable,black,YES,226.800415,2622.806991,14.2915330000001
365000,4221000,POTMH,11.48294,1e+06,2.42,80.44,365000 4221000,3.5,Marginal,orange,YES,226.800415,2622.806991,14.2915330000001
365000,4221000,POTMH,22.96588,1e+06,0.1,77.5,365000 4221000,7,Unsuitable,black,YES,226.800415,2622.806991,14.2915330000001
365000,4221000,POTMH,34.44882,1e+06,0.1,77.4,365000 4221000,10.5,Unsuitable,black,YES,226.800415,2622.806991,14.2915330000001
365000,4221000,POTMH,1.64042,1e+06,5.52,82.19,365000 4221000,0.5,Suitable,dodgerblue,YES,226.800415,2622.806991,14.2915330000001
365000,4221000,POTMH,4.92126,1e+06,4.9,82.11,365000 4221000,1.5,Suitable,dodgerblue,YES,226.800415,2622.806991,14.2915330000001
365000,4221000,POTMH,24.6063,1e+06,0.1,77.4,365000 4221000,7.5,Unsuitable,black,YES,226.800415,2622.806991,14.2915330000001
365000,4221000,POTMH,26.24672,1e+06,0.1,77.4,365000 4221000,8,Unsuitable,black,YES,226.800415,2622.806991,14.2915330000001
365000,4221000,POTMH,3.28084,1e+06,5.14,82.1,365000 4221000,1,Suitable,dodgerblue,YES,226.800415,2622.806991,14.2915330000001
365000,4221000,POTMH,27.88714,1e+06,0.1,77.4,365000 4221000,8.5,Unsuitable,black,YES,226.800415,2622.806991,14.2915330000001
366000,4219000,POTMH,14.76378,1e+06,1.25,79.14,366000 4219000,4.5,Unsuitable,black,YES,227.421786,2621.564249,13.0487910000002
366000,4219000,POTMH,16.4042,1e+06,0.17,76.94,366000 4219000,5,Unsuitable,black,YES,227.421786,2621.564249,13.0487910000002
366000,4219000,POTMH,34.44882,1e+06,0.1,77.4,366000 4219000,10.5,Unsuitable,black,YES,227.421786,2621.564249,13.0487910000002
366000,4219000,POTMH,9.84252,1e+06,3.08,80.8,366000 4219000,3,Tolerable,yellow,YES,227.421786,2621.564249,13.0487910000002
366000,4219000,POTMH,29.52756,1e+06,0.1,77.4,366000 4219000,9,Unsuitable,black,YES,227.421786,2621.564249,13.0487910000002
366000,4219000,POTMH,0,1e+06,6.42,82.46,366000 4219000,0,Tolerable,yellow,YES,227.421786,2621.564249,13.0487910000002
366000,4219000,POTMH,18.04462,1e+06,0.02,75.96,366000 4219000,5.5,Unsuitable,black,YES,227.421786,2621.564249,13.0487910000002
366000,4219000,POTMH,13.12336,1e+06,2.39,80.46,366000 4219000,4,Marginal,orange,YES,227.421786,2621.564249,13.0487910000002
366000,4219000,POTMH,4.92126,1e+06,5.12,82.23,366000 4219000,1.5,Suitable,dodgerblue,YES,227.421786,2621.564249,13.0487910000002
366000,4219000,POTMH,31.16798,1e+06,0.1,77.4,366000 4219000,9.5,Unsuitable,black,YES,227.421786,2621.564249,13.0487910000002
366000,4219000,POTMH,8.2021,1e+06,3.72,81.42,366000 4219000,2.5,Tolerable,yellow,YES,227.421786,2621.564249,13.0487910000002
366000,4219000,POTMH,21.32546,1e+06,0.1,77.6,366000 4219000,6.5,Unsuitable,black,YES,227.421786,2621.564249,13.0487910000002
366000,4219000,POTMH,24.6063,1e+06,0.1,77.4,366000 4219000,7.5,Unsuitable,black,YES,227.421786,2621.564249,13.0487910000002
366000,4219000,POTMH,6.56168,1e+06,4.58,82.03,366000 4219000,2,Suitable,dodgerblue,YES,227.421786,2621.564249,13.0487910000002
366000,4219000,POTMH,3.28084,1e+06,5.36,82.2,366000 4219000,1,Suitable,dodgerblue,YES,227.421786,2621.564249,13.0487910000002
366000,4219000,POTMH,32.8084,1e+06,0.1,77.4,366000 4219000,10,Unsuitable,black,YES,227.421786,2621.564249,13.0487910000002
366000,4219000,POTMH,11.48294,1e+06,2.77,80.72,366000 4219000,3.5,Marginal,orange,YES,227.421786,2621.564249,13.0487910000002
366000,4219000,POTMH,26.24672,1e+06,0.1,77.4,366000 4219000,8,Unsuitable,black,YES,227.421786,2621.564249,13.0487910000002
366000,4219000,POTMH,27.88714,1e+06,0.1,77.4,366000 4219000,8.5,Unsuitable,black,YES,227.421786,2621.564249,13.0487910000002
366000,4219000,POTMH,19.68504,1e+06,0.1,77.7,366000 4219000,6,Unsuitable,black,YES,227.421786,2621.564249,13.0487910000002
366000,4219000,POTMH,22.96588,1e+06,0.1,77.5,366000 4219000,7,Unsuitable,black,YES,227.421786,2621.564249,13.0487910000002
366000,4219000,POTMH,1.64042,1e+06,5.7,82.29,366000 4219000,0.5,Suitable,dodgerblue,YES,227.421786,2621.564249,13.0487910000002
367000,4217000,POTMH,26.24672,1e+06,0.1,77.4,367000 4217000,8,Unsuitable,black,YES,228.043157,2620.321507,11.8060490000003
367000,4217000,POTMH,24.6063,1e+06,0.1,77.4,367000 4217000,7.5,Unsuitable,black,YES,228.043157,2620.321507,11.8060490000003
367000,4217000,POTMH,21.32546,1e+06,0.1,77.6,367000 4217000,6.5,Unsuitable,black,YES,228.043157,2620.321507,11.8060490000003
367000,4217000,POTMH,4.92126,1e+06,5.42,82.41,367000 4217000,1.5,Tolerable,yellow,YES,228.043157,2620.321507,11.8060490000003
367000,4217000,POTMH,6.56168,1e+06,4.93,82.27,367000 4217000,2,Suitable,dodgerblue,YES,228.043157,2620.321507,11.8060490000003
367000,4217000,POTMH,22.96588,1e+06,0.1,77.5,367000 4217000,7,Unsuitable,black,YES,228.043157,2620.321507,11.8060490000003
367000,4217000,POTMH,1.64042,1e+06,5.96,82.43,367000 4217000,0.5,Tolerable,yellow,YES,228.043157,2620.321507,11.8060490000003
367000,4217000,POTMH,0,1e+06,6.58,82.57,367000 4217000,0,Tolerable,yellow,YES,228.043157,2620.321507,11.8060490000003
367000,4217000,POTMH,3.28084,1e+06,5.66,82.35,367000 4217000,1,Suitable,dodgerblue,YES,228.043157,2620.321507,11.8060490000003
367000,4217000,POTMH,19.68504,1e+06,0.1,77.7,367000 4217000,6,Unsuitable,black,YES,228.043157,2620.321507,11.8060490000003
367000,4217000,POTMH,16.4042,1e+06,0.18,77.2,367000 4217000,5,Unsuitable,black,YES,228.043157,2620.321507,11.8060490000003
367000,4217000,POTMH,11.48294,1e+06,3.26,81.1,367000 4217000,3.5,Tolerable,yellow,YES,228.043157,2620.321507,11.8060490000003
367000,4217000,POTMH,18.04462,1e+06,0.03,76.23,367000 4217000,5.5,Unsuitable,black,YES,228.043157,2620.321507,11.8060490000003
367000,4217000,POTMH,8.2021,1e+06,4.14,81.74,367000 4217000,2.5,Suitable,dodgerblue,YES,228.043157,2620.321507,11.8060490000003
367000,4217000,POTMH,9.84252,1e+06,3.54,81.17,367000 4217000,3,Tolerable,yellow,YES,228.043157,2620.321507,11.8060490000003
367000,4217000,POTMH,13.12336,1e+06,2.9,80.88,367000 4217000,4,Marginal,orange,YES,228.043157,2620.321507,11.8060490000003
367000,4217000,POTMH,14.76378,1e+06,1.51,79.46,367000 4217000,4.5,Unsuitable,black,YES,228.043157,2620.321507,11.8060490000003
367000,4218000,POTMH,22.96588,1e+06,0.1,77.5,367000 4218000,7,Unsuitable,black,YES,228.043157,2620.942878,12.42742
367000,4218000,POTMH,24.6063,1e+06,0.1,77.4,367000 4218000,7.5,Unsuitable,black,YES,228.043157,2620.942878,12.42742
367000,4218000,POTMH,19.68504,1e+06,0.1,77.7,367000 4218000,6,Unsuitable,black,YES,228.043157,2620.942878,12.42742
367000,4218000,POTMH,21.32546,1e+06,0.1,77.6,367000 4218000,6.5,Unsuitable,black,YES,228.043157,2620.942878,12.42742
367000,4218000,POTMH,16.4042,1e+06,0.17,77.11,367000 4218000,5,Unsuitable,black,YES,228.043157,2620.942878,12.42742
367000,4218000,POTMH,13.12336,1e+06,2.71,80.73,367000 4218000,4,Marginal,orange,YES,228.043157,2620.942878,12.42742
367000,4218000,POTMH,6.56168,1e+06,4.8,82.18,367000 4218000,2,Suitable,dodgerblue,YES,228.043157,2620.942878,12.42742
367000,4218000,POTMH,18.04462,1e+06,0.02,76.13,367000 4218000,5.5,Unsuitable,black,YES,228.043157,2620.942878,12.42742
367000,4218000,POTMH,9.84252,1e+06,3.37,81.04,367000 4218000,3,Tolerable,yellow,YES,228.043157,2620.942878,12.42742
367000,4218000,POTMH,26.24672,1e+06,0.1,77.4,367000 4218000,8,Unsuitable,black,YES,228.043157,2620.942878,12.42742
367000,4218000,POTMH,14.76378,1e+06,1.42,79.34,367000 4218000,4.5,Unsuitable,black,YES,228.043157,2620.942878,12.42742
367000,4218000,POTMH,3.28084,1e+06,5.55,82.3,367000 4218000,1,Suitable,dodgerblue,YES,228.043157,2620.942878,12.42742
367000,4218000,POTMH,1.64042,1e+06,5.87,82.38,367000 4218000,0.5,Suitable,dodgerblue,YES,228.043157,2620.942878,12.42742
367000,4218000,POTMH,8.2021,1e+06,3.99,81.62,367000 4218000,2.5,Tolerable,yellow,YES,228.043157,2620.942878,12.42742
367000,4218000,POTMH,4.92126,1e+06,5.31,82.35,367000 4218000,1.5,Suitable,dodgerblue,YES,228.043157,2620.942878,12.42742
367000,4218000,POTMH,11.48294,1e+06,3.08,80.96,367000 4218000,3.5,Tolerable,yellow,YES,228.043157,2620.942878,12.42742
367000,4218000,POTMH,0,1e+06,6.52,82.53,367000 4218000,0,Tolerable,yellow,YES,228.043157,2620.942878,12.42742
368000,4216000,POTMH,13.12336,1e+06,3.3,81.21,368000 4216000,4,Tolerable,yellow,YES,228.664528,2619.700136,11.1846780000001
368000,4216000,POTMH,11.48294,1e+06,3.65,81.4,368000 4216000,3.5,Tolerable,yellow,YES,228.664528,2619.700136,11.1846780000001
368000,4216000,POTMH,16.4042,1e+06,0.19,77.4,368000 4216000,5,Unsuitable,black,YES,228.664528,2619.700136,11.1846780000001
368000,4216000,POTMH,14.76378,1e+06,1.72,79.72,368000 4216000,4.5,Unsuitable,black,YES,228.664528,2619.700136,11.1846780000001
368000,4216000,POTMH,9.84252,1e+06,3.9,81.46,368000 4216000,3,Tolerable,yellow,YES,228.664528,2619.700136,11.1846780000001
368000,4216000,POTMH,24.6063,1e+06,0.1,77.4,368000 4216000,7.5,Unsuitable,black,YES,228.664528,2619.700136,11.1846780000001
368000,4216000,POTMH,8.2021,1e+06,4.48,81.98,368000 4216000,2.5,Suitable,dodgerblue,YES,228.664528,2619.700136,11.1846780000001
368000,4216000,POTMH,3.28084,1e+06,5.9,82.47,368000 4216000,1,Tolerable,yellow,YES,228.664528,2619.700136,11.1846780000001
368000,4216000,POTMH,18.04462,1e+06,0.04,76.44,368000 4216000,5.5,Unsuitable,black,YES,228.664528,2619.700136,11.1846780000001
368000,4216000,POTMH,26.24672,1e+06,0.1,77.4,368000 4216000,8,Unsuitable,black,YES,228.664528,2619.700136,11.1846780000001
368000,4216000,POTMH,22.96588,1e+06,0.1,77.5,368000 4216000,7,Unsuitable,black,YES,228.664528,2619.700136,11.1846780000001
368000,4216000,POTMH,0,1e+06,6.71,82.66,368000 4216000,0,Tolerable,yellow,YES,228.664528,2619.700136,11.1846780000001
368000,4216000,POTMH,19.68504,1e+06,0.1,77.7,368000 4216000,6,Unsuitable,black,YES,228.664528,2619.700136,11.1846780000001
368000,4216000,POTMH,1.64042,1e+06,6.17,82.54,368000 4216000,0.5,Tolerable,yellow,YES,228.664528,2619.700136,11.1846780000001
368000,4216000,POTMH,21.32546,1e+06,0.1,77.6,368000 4216000,6.5,Unsuitable,black,YES,228.664528,2619.700136,11.1846780000001
368000,4216000,POTMH,6.56168,1e+06,5.21,82.46,368000 4216000,2,Tolerable,yellow,YES,228.664528,2619.700136,11.1846780000001
368000,4216000,POTMH,4.92126,1e+06,5.66,82.55,368000 4216000,1.5,Tolerable,yellow,YES,228.664528,2619.700136,11.1846780000001
370000,4215000,POTMH,18.04462,1e+06,0.35,77.58,370000 4215000,5.5,Unsuitable,black,YES,229.90727,2619.078765,10.5633070000004
370000,4215000,POTMH,14.76378,1e+06,2.4,80.58,370000 4215000,4.5,Marginal,orange,YES,229.90727,2619.078765,10.5633070000004
370000,4215000,POTMH,8.2021,1e+06,5.3,82.58,370000 4215000,2.5,Tolerable,yellow,YES,229.90727,2619.078765,10.5633070000004
370000,4215000,POTMH,16.4042,1e+06,0.62,78.45,370000 4215000,5,Unsuitable,black,YES,229.90727,2619.078765,10.5633070000004
370000,4215000,POTMH,9.84252,1e+06,4.84,82.2,370000 4215000,3,Suitable,dodgerblue,YES,229.90727,2619.078765,10.5633070000004
370000,4215000,POTMH,26.24672,1e+06,0.22,78.38,370000 4215000,8,Unsuitable,black,YES,229.90727,2619.078765,10.5633070000004
370000,4215000,POTMH,13.12336,1e+06,4.24,82.02,370000 4215000,4,Suitable,dodgerblue,YES,229.90727,2619.078765,10.5633070000004
370000,4215000,POTMH,11.48294,1e+06,4.63,82.16,370000 4215000,3.5,Suitable,dodgerblue,YES,229.90727,2619.078765,10.5633070000004
370000,4215000,POTMH,24.6063,1e+06,0.3,78.46,370000 4215000,7.5,Unsuitable,black,YES,229.90727,2619.078765,10.5633070000004
370000,4215000,POTMH,3.28084,1e+06,6.39,82.82,370000 4215000,1,Tolerable,yellow,YES,229.90727,2619.078765,10.5633070000004
370000,4215000,POTMH,22.96588,1e+06,0.38,78.58,370000 4215000,7,Unsuitable,black,YES,229.90727,2619.078765,10.5633070000004
370000,4215000,POTMH,19.68504,1e+06,0.45,78.76,370000 4215000,6,Unsuitable,black,YES,229.90727,2619.078765,10.5633070000004
370000,4215000,POTMH,4.92126,1e+06,6.2,82.91,370000 4215000,1.5,Tolerable,yellow,YES,229.90727,2619.078765,10.5633070000004
370000,4215000,POTMH,6.56168,1e+06,5.85,82.92,370000 4215000,2,Tolerable,yellow,YES,229.90727,2619.078765,10.5633070000004
370000,4215000,POTMH,0,1e+06,6.92,82.94,370000 4215000,0,Tolerable,yellow,YES,229.90727,2619.078765,10.5633070000004
370000,4215000,POTMH,1.64042,1e+06,6.57,82.86,370000 4215000,0.5,Tolerable,yellow,YES,229.90727,2619.078765,10.5633070000004
370000,4215000,POTMH,21.32546,1e+06,0.39,78.66,370000 4215000,6.5,Unsuitable,black,YES,229.90727,2619.078765,10.5633070000004
374000,4214000,POTMH,0,1e+06,7.23,83.17,374000 4214000,0,Tolerable,yellow,YES,232.392754,2618.457394,9.94193600000017
374000,4214000,POTMH,8.2021,1e+06,6.11,83.18,374000 4214000,2.5,Tolerable,yellow,YES,232.392754,2618.457394,9.94193600000017
374000,4214000,POTMH,9.84252,1e+06,5.74,82.92,374000 4214000,3,Tolerable,yellow,YES,232.392754,2618.457394,9.94193600000017
374000,4214000,POTMH,31.16798,1e+06,0.4,81.2,374000 4214000,9.5,Unsuitable,black,YES,232.392754,2618.457394,9.94193600000017
374000,4214000,POTMH,14.76378,1e+06,2.9,81.2,374000 4214000,4.5,Marginal,orange,YES,232.392754,2618.457394,9.94193600000017
374000,4214000,POTMH,6.56168,1e+06,6.53,83.38,374000 4214000,2,Tolerable,yellow,YES,232.392754,2618.457394,9.94193600000017
374000,4214000,POTMH,16.4042,1e+06,0.64,78.94,374000 4214000,5,Unsuitable,black,YES,232.392754,2618.457394,9.94193600000017
374000,4214000,POTMH,18.04462,1e+06,0.37,78.09,374000 4214000,5.5,Unsuitable,black,YES,232.392754,2618.457394,9.94193600000017
374000,4214000,POTMH,29.52756,1e+06,0.5,81.4,374000 4214000,9,Unsuitable,black,YES,232.392754,2618.457394,9.94193600000017
374000,4214000,POTMH,13.12336,1e+06,5.22,82.83,374000 4214000,4,Tolerable,yellow,YES,232.392754,2618.457394,9.94193600000017
374000,4214000,POTMH,21.32546,1e+06,0.31,78.37,374000 4214000,6.5,Unsuitable,black,YES,232.392754,2618.457394,9.94193600000017
374000,4214000,POTMH,3.28084,1e+06,6.97,83.11,374000 4214000,1,Tolerable,yellow,YES,232.392754,2618.457394,9.94193600000017
374000,4214000,POTMH,11.48294,1e+06,5.58,82.9,374000 4214000,3.5,Tolerable,yellow,YES,232.392754,2618.457394,9.94193600000017
374000,4214000,POTMH,19.68504,1e+06,0.35,78.47,374000 4214000,6,Unsuitable,black,YES,232.392754,2618.457394,9.94193600000017
374000,4214000,POTMH,26.24672,1e+06,0.19,78.11,374000 4214000,8,Unsuitable,black,YES,232.392754,2618.457394,9.94193600000017
374000,4214000,POTMH,4.92126,1e+06,6.79,83.24,374000 4214000,1.5,Tolerable,yellow,YES,232.392754,2618.457394,9.94193600000017
374000,4214000,POTMH,27.88714,1e+06,0.17,78.11,374000 4214000,8.5,Unsuitable,black,YES,232.392754,2618.457394,9.94193600000017
374000,4214000,POTMH,1.64042,1e+06,7.07,83.13,374000 4214000,0.5,Tolerable,yellow,YES,232.392754,2618.457394,9.94193600000017
374000,4214000,POTMH,24.6063,1e+06,0.25,78.17,374000 4214000,7.5,Unsuitable,black,YES,232.392754,2618.457394,9.94193600000017
374000,4214000,POTMH,22.96588,1e+06,0.3,78.28,374000 4214000,7,Unsuitable,black,YES,232.392754,2618.457394,9.94193600000017
376000,4213000,POTMH,6.56168,1e+06,6.81,83.57,376000 4213000,2,Tolerable,yellow,YES,233.635496,2617.836023,9.32056499999999
376000,4213000,POTMH,4.92126,1e+06,7.04,83.37,376000 4213000,1.5,Tolerable,yellow,YES,233.635496,2617.836023,9.32056499999999
376000,4213000,POTMH,11.48294,1e+06,5.95,83.19,376000 4213000,3.5,Tolerable,yellow,YES,233.635496,2617.836023,9.32056499999999
376000,4213000,POTMH,31.16798,1e+06,0.4,81.2,376000 4213000,9.5,Unsuitable,black,YES,233.635496,2617.836023,9.32056499999999
376000,4213000,POTMH,3.28084,1e+06,7.22,83.21,376000 4213000,1,Tolerable,yellow,YES,233.635496,2617.836023,9.32056499999999
376000,4213000,POTMH,13.12336,1e+06,5.62,83.14,376000 4213000,4,Tolerable,yellow,YES,233.635496,2617.836023,9.32056499999999
376000,4213000,POTMH,27.88714,1e+06,0.15,77.9,376000 4213000,8.5,Unsuitable,black,YES,233.635496,2617.836023,9.32056499999999
376000,4213000,POTMH,29.52756,1e+06,0.5,81.4,376000 4213000,9,Unsuitable,black,YES,233.635496,2617.836023,9.32056499999999
376000,4213000,POTMH,18.04462,1e+06,0.32,78.16,376000 4213000,5.5,Unsuitable,black,YES,233.635496,2617.836023,9.32056499999999
376000,4213000,POTMH,9.84252,1e+06,6.08,83.2,376000 4213000,3,Tolerable,yellow,YES,233.635496,2617.836023,9.32056499999999
376000,4213000,POTMH,0,1e+06,7.38,83.24,376000 4213000,0,Tolerable,yellow,YES,233.635496,2617.836023,9.32056499999999
376000,4213000,POTMH,14.76378,1e+06,3.06,81.4,376000 4213000,4.5,Tolerable,yellow,YES,233.635496,2617.836023,9.32056499999999
376000,4213000,POTMH,24.6063,1e+06,0.2,77.94,376000 4213000,7.5,Unsuitable,black,YES,233.635496,2617.836023,9.32056499999999
376000,4213000,POTMH,8.2021,1e+06,6.43,83.42,376000 4213000,2.5,Tolerable,yellow,YES,233.635496,2617.836023,9.32056499999999
376000,4213000,POTMH,1.64042,1e+06,7.29,83.22,376000 4213000,0.5,Tolerable,yellow,YES,233.635496,2617.836023,9.32056499999999
376000,4213000,POTMH,16.4042,1e+06,0.56,79.02,376000 4213000,5,Unsuitable,black,YES,233.635496,2617.836023,9.32056499999999
376000,4213000,POTMH,22.96588,1e+06,0.24,78.05,376000 4213000,7,Unsuitable,black,YES,233.635496,2617.836023,9.32056499999999
376000,4213000,POTMH,19.68504,1e+06,0.28,78.24,376000 4213000,6,Unsuitable,black,YES,233.635496,2617.836023,9.32056499999999
376000,4213000,POTMH,26.24672,1e+06,0.16,77.9,376000 4213000,8,Unsuitable,black,YES,233.635496,2617.836023,9.32056499999999
376000,4213000,POTMH,21.32546,1e+06,0.25,78.14,376000 4213000,6.5,Unsuitable,black,YES,233.635496,2617.836023,9.32056499999999
377000,4212000,POTMH,14.76378,1e+06,3.11,81.46,377000 4212000,4.5,Tolerable,yellow,YES,234.256867,2617.214652,8.69919400000026
377000,4212000,POTMH,8.2021,1e+06,6.58,83.53,377000 4212000,2.5,Tolerable,yellow,YES,234.256867,2617.214652,8.69919400000026
377000,4212000,POTMH,27.88714,1e+06,0.13,77.75,377000 4212000,8.5,Unsuitable,black,YES,234.256867,2617.214652,8.69919400000026
377000,4212000,POTMH,18.04462,1e+06,0.26,78.12,377000 4212000,5.5,Unsuitable,black,YES,234.256867,2617.214652,8.69919400000026
377000,4212000,POTMH,9.84252,1e+06,6.23,83.32,377000 4212000,3,Tolerable,yellow,YES,234.256867,2617.214652,8.69919400000026
377000,4212000,POTMH,13.12336,1e+06,5.8,83.29,377000 4212000,4,Tolerable,yellow,YES,234.256867,2617.214652,8.69919400000026
377000,4212000,POTMH,16.4042,1e+06,0.48,78.98,377000 4212000,5,Unsuitable,black,YES,234.256867,2617.214652,8.69919400000026
377000,4212000,POTMH,1.64042,1e+06,7.41,83.26,377000 4212000,0.5,Tolerable,yellow,YES,234.256867,2617.214652,8.69919400000026
377000,4212000,POTMH,3.28084,1e+06,7.34,83.25,377000 4212000,1,Tolerable,yellow,YES,234.256867,2617.214652,8.69919400000026
377000,4212000,POTMH,6.56168,1e+06,6.94,83.66,377000 4212000,2,Tolerable,yellow,YES,234.256867,2617.214652,8.69919400000026
377000,4212000,POTMH,4.92126,1e+06,7.15,83.42,377000 4212000,1.5,Tolerable,yellow,YES,234.256867,2617.214652,8.69919400000026
377000,4212000,POTMH,24.6063,1e+06,0.17,77.77,377000 4212000,7.5,Unsuitable,black,YES,234.256867,2617.214652,8.69919400000026
377000,4212000,POTMH,22.96588,1e+06,0.2,77.88,377000 4212000,7,Unsuitable,black,YES,234.256867,2617.214652,8.69919400000026
377000,4212000,POTMH,0,1e+06,7.46,83.27,377000 4212000,0,Tolerable,yellow,YES,234.256867,2617.214652,8.69919400000026
377000,4212000,POTMH,11.48294,1e+06,6.11,83.31,377000 4212000,3.5,Tolerable,yellow,YES,234.256867,2617.214652,8.69919400000026
377000,4212000,POTMH,26.24672,1e+06,0.14,77.75,377000 4212000,8,Unsuitable,black,YES,234.256867,2617.214652,8.69919400000026
377000,4212000,POTMH,21.32546,1e+06,0.2,77.97,377000 4212000,6.5,Unsuitable,black,YES,234.256867,2617.214652,8.69919400000026
377000,4212000,POTMH,19.68504,1e+06,0.22,78.07,377000 4212000,6,Unsuitable,black,YES,234.256867,2617.214652,8.69919400000026
378000,4211000,POTMH,13.12336,1e+06,5.88,83.37,378000 4211000,4,Tolerable,yellow,YES,234.878238,2616.593281,8.07782300000008
378000,4211000,POTMH,22.96588,1e+06,0.18,77.84,378000 4211000,7,Unsuitable,black,YES,234.878238,2616.593281,8.07782300000008
378000,4211000,POTMH,24.6063,1e+06,0.16,77.73,378000 4211000,7.5,Unsuitable,black,YES,234.878238,2616.593281,8.07782300000008
378000,4211000,POTMH,3.28084,1e+06,7.43,83.27,378000 4211000,1,Tolerable,yellow,YES,234.878238,2616.593281,8.07782300000008
378000,4211000,POTMH,26.24672,1e+06,0.14,77.72,378000 4211000,8,Unsuitable,black,YES,234.878238,2616.593281,8.07782300000008
378000,4211000,POTMH,6.56168,1e+06,7.02,83.7,378000 4211000,2,Tolerable,yellow,YES,234.878238,2616.593281,8.07782300000008
378000,4211000,POTMH,11.48294,1e+06,6.19,83.39,378000 4211000,3.5,Tolerable,yellow,YES,234.878238,2616.593281,8.07782300000008
378000,4211000,POTMH,9.84252,1e+06,6.31,83.39,378000 4211000,3,Tolerable,yellow,YES,234.878238,2616.593281,8.07782300000008
378000,4211000,POTMH,29.52756,1e+06,0.48,81.4,378000 4211000,9,Unsuitable,black,YES,234.878238,2616.593281,8.07782300000008
378000,4211000,POTMH,4.92126,1e+06,7.24,83.45,378000 4211000,1.5,Tolerable,yellow,YES,234.878238,2616.593281,8.07782300000008
378000,4211000,POTMH,1.64042,1e+06,7.48,83.28,378000 4211000,0.5,Tolerable,yellow,YES,234.878238,2616.593281,8.07782300000008
378000,4211000,POTMH,8.2021,1e+06,6.66,83.59,378000 4211000,2.5,Tolerable,yellow,YES,234.878238,2616.593281,8.07782300000008
378000,4211000,POTMH,18.04462,1e+06,0.22,78.15,378000 4211000,5.5,Unsuitable,black,YES,234.878238,2616.593281,8.07782300000008
378000,4211000,POTMH,19.68504,1e+06,0.19,78.03,378000 4211000,6,Unsuitable,black,YES,234.878238,2616.593281,8.07782300000008
378000,4211000,POTMH,27.88714,1e+06,0.13,77.72,378000 4211000,8.5,Unsuitable,black,YES,234.878238,2616.593281,8.07782300000008
378000,4211000,POTMH,21.32546,1e+06,0.18,77.93,378000 4211000,6.5,Unsuitable,black,YES,234.878238,2616.593281,8.07782300000008
378000,4211000,POTMH,14.76378,1e+06,3.13,81.52,378000 4211000,4.5,Tolerable,yellow,YES,234.878238,2616.593281,8.07782300000008
378000,4211000,POTMH,16.4042,1e+06,0.42,79.01,378000 4211000,5,Unsuitable,black,YES,234.878238,2616.593281,8.07782300000008
378000,4211000,POTMH,0,1e+06,7.51,83.28,378000 4211000,0,Tolerable,yellow,YES,234.878238,2616.593281,8.07782300000008
379000,4210000,POTMH,11.48294,1e+06,6.27,83.45,379000 4210000,3.5,Tolerable,yellow,YES,235.499609,2615.97191,7.45645200000035
379000,4210000,POTMH,27.88714,1e+06,0.12,77.56,379000 4210000,8.5,Unsuitable,black,YES,235.499609,2615.97191,7.45645200000035
379000,4210000,POTMH,13.12336,1e+06,5.99,83.44,379000 4210000,4,Tolerable,yellow,YES,235.499609,2615.97191,7.45645200000035
379000,4210000,POTMH,9.84252,1e+06,6.39,83.45,379000 4210000,3,Tolerable,yellow,YES,235.499609,2615.97191,7.45645200000035
379000,4210000,POTMH,26.24672,1e+06,0.12,77.56,379000 4210000,8,Unsuitable,black,YES,235.499609,2615.97191,7.45645200000035
379000,4210000,POTMH,4.92126,1e+06,7.3,83.47,379000 4210000,1.5,Tolerable,yellow,YES,235.499609,2615.97191,7.45645200000035
379000,4210000,POTMH,6.56168,1e+06,7.09,83.75,379000 4210000,2,Tolerable,yellow,YES,235.499609,2615.97191,7.45645200000035
379000,4210000,POTMH,8.2021,1e+06,6.74,83.65,379000 4210000,2.5,Tolerable,yellow,YES,235.499609,2615.97191,7.45645200000035
379000,4210000,POTMH,14.76378,1e+06,3.14,81.52,379000 4210000,4.5,Tolerable,yellow,YES,235.499609,2615.97191,7.45645200000035
379000,4210000,POTMH,19.68504,1e+06,0.15,77.87,379000 4210000,6,Unsuitable,black,YES,235.499609,2615.97191,7.45645200000035
379000,4210000,POTMH,21.32546,1e+06,0.14,77.77,379000 4210000,6.5,Unsuitable,black,YES,235.499609,2615.97191,7.45645200000035
379000,4210000,POTMH,22.96588,1e+06,0.14,77.67,379000 4210000,7,Unsuitable,black,YES,235.499609,2615.97191,7.45645200000035
379000,4210000,POTMH,24.6063,1e+06,0.13,77.57,379000 4210000,7.5,Unsuitable,black,YES,235.499609,2615.97191,7.45645200000035
379000,4210000,POTMH,3.28084,1e+06,7.49,83.29,379000 4210000,1,Tolerable,yellow,YES,235.499609,2615.97191,7.45645200000035
379000,4210000,POTMH,0,1e+06,7.56,83.29,379000 4210000,0,Tolerable,yellow,YES,235.499609,2615.97191,7.45645200000035
379000,4210000,POTMH,18.04462,1e+06,0.16,78.04,379000 4210000,5.5,Unsuitable,black,YES,235.499609,2615.97191,7.45645200000035
379000,4210000,POTMH,1.64042,1e+06,7.55,83.29,379000 4210000,0.5,Tolerable,yellow,YES,235.499609,2615.97191,7.45645200000035
379000,4210000,POTMH,16.4042,1e+06,0.34,78.92,379000 4210000,5,Unsuitable,black,YES,235.499609,2615.97191,7.45645200000035
381000,4209000,POTMH,11.48294,1e+06,6.35,83.5,381000 4209000,3.5,Tolerable,yellow,YES,236.742351,2615.350539,6.83508100000017
381000,4209000,POTMH,13.12336,1e+06,6.1,83.5,381000 4209000,4,Tolerable,yellow,YES,236.742351,2615.350539,6.83508100000017
381000,4209000,POTMH,14.76378,1e+06,3.15,81.5,381000 4209000,4.5,Tolerable,yellow,YES,236.742351,2615.350539,6.83508100000017
381000,4209000,POTMH,16.4042,1e+06,0.26,78.81,381000 4209000,5,Unsuitable,black,YES,236.742351,2615.350539,6.83508100000017
381000,4209000,POTMH,32.8084,1e+06,0.34,81.12,381000 4209000,10,Unsuitable,black,YES,236.742351,2615.350539,6.83508100000017
381000,4209000,POTMH,31.16798,1e+06,0.4,81.24,381000 4209000,9.5,Unsuitable,black,YES,236.742351,2615.350539,6.83508100000017
381000,4209000,POTMH,9.84252,1e+06,6.45,83.5,381000 4209000,3,Tolerable,yellow,YES,236.742351,2615.350539,6.83508100000017
381000,4209000,POTMH,6.56168,1e+06,7.15,83.8,381000 4209000,2,Tolerable,yellow,YES,236.742351,2615.350539,6.83508100000017
381000,4209000,POTMH,8.2021,1e+06,6.8,83.7,381000 4209000,2.5,Tolerable,yellow,YES,236.742351,2615.350539,6.83508100000017
381000,4209000,POTMH,29.52756,1e+06,0.48,81.4,381000 4209000,9,Unsuitable,black,YES,236.742351,2615.350539,6.83508100000017
381000,4209000,POTMH,1.64042,1e+06,7.6,83.3,381000 4209000,0.5,Tolerable,yellow,YES,236.742351,2615.350539,6.83508100000017
381000,4209000,POTMH,3.28084,1e+06,7.55,83.3,381000 4209000,1,Tolerable,yellow,YES,236.742351,2615.350539,6.83508100000017
381000,4209000,POTMH,22.96588,1e+06,0.1,77.51,381000 4209000,7,Unsuitable,black,YES,236.742351,2615.350539,6.83508100000017
381000,4209000,POTMH,18.04462,1e+06,0.1,77.91,381000 4209000,5.5,Unsuitable,black,YES,236.742351,2615.350539,6.83508100000017
381000,4209000,POTMH,19.68504,1e+06,0.1,77.71,381000 4209000,6,Unsuitable,black,YES,236.742351,2615.350539,6.83508100000017
381000,4209000,POTMH,4.92126,1e+06,7.35,83.5,381000 4209000,1.5,Tolerable,yellow,YES,236.742351,2615.350539,6.83508100000017
381000,4209000,POTMH,27.88714,1e+06,0.1,77.41,381000 4209000,8.5,Unsuitable,black,YES,236.742351,2615.350539,6.83508100000017
381000,4209000,POTMH,0,1e+06,7.6,83.3,381000 4209000,0,Tolerable,yellow,YES,236.742351,2615.350539,6.83508100000017
381000,4209000,POTMH,24.6063,1e+06,0.1,77.41,381000 4209000,7.5,Unsuitable,black,YES,236.742351,2615.350539,6.83508100000017
381000,4209000,POTMH,21.32546,1e+06,0.1,77.61,381000 4209000,6.5,Unsuitable,black,YES,236.742351,2615.350539,6.83508100000017
381000,4209000,POTMH,26.24672,1e+06,0.1,77.41,381000 4209000,8,Unsuitable,black,YES,236.742351,2615.350539,6.83508100000017
383000,4208000,POTMH,3.28084,1e+06,7.54,83.3,383000 4208000,1,Tolerable,yellow,YES,237.985093,2614.729168,6.21370999999999
383000,4208000,POTMH,1.64042,1e+06,7.59,83.3,383000 4208000,0.5,Tolerable,yellow,YES,237.985093,2614.729168,6.21370999999999
383000,4208000,POTMH,18.04462,1e+06,0.13,77.98,383000 4208000,5.5,Unsuitable,black,YES,237.985093,2614.729168,6.21370999999999
383000,4208000,POTMH,0,1e+06,7.59,83.3,383000 4208000,0,Tolerable,yellow,YES,237.985093,2614.729168,6.21370999999999
383000,4208000,POTMH,19.68504,1e+06,0.12,77.78,383000 4208000,6,Unsuitable,black,YES,237.985093,2614.729168,6.21370999999999
383000,4208000,POTMH,21.32546,1e+06,0.12,77.68,383000 4208000,6.5,Unsuitable,black,YES,237.985093,2614.729168,6.21370999999999
383000,4208000,POTMH,11.48294,1e+06,6.34,83.5,383000 4208000,3.5,Tolerable,yellow,YES,237.985093,2614.729168,6.21370999999999
383000,4208000,POTMH,6.56168,1e+06,7.14,83.79,383000 4208000,2,Tolerable,yellow,YES,237.985093,2614.729168,6.21370999999999
383000,4208000,POTMH,22.96588,1e+06,0.12,77.58,383000 4208000,7,Unsuitable,black,YES,237.985093,2614.729168,6.21370999999999
383000,4208000,POTMH,16.4042,1e+06,0.29,78.87,383000 4208000,5,Unsuitable,black,YES,237.985093,2614.729168,6.21370999999999
383000,4208000,POTMH,4.92126,1e+06,7.34,83.5,383000 4208000,1.5,Tolerable,yellow,YES,237.985093,2614.729168,6.21370999999999
383000,4208000,POTMH,24.6063,1e+06,0.11,77.48,383000 4208000,7.5,Unsuitable,black,YES,237.985093,2614.729168,6.21370999999999
383000,4208000,POTMH,13.12336,1e+06,6.08,83.5,383000 4208000,4,Tolerable,yellow,YES,237.985093,2614.729168,6.21370999999999
383000,4208000,POTMH,9.84252,1e+06,6.45,83.5,383000 4208000,3,Tolerable,yellow,YES,237.985093,2614.729168,6.21370999999999
383000,4208000,POTMH,14.76378,1e+06,3.16,81.52,383000 4208000,4.5,Tolerable,yellow,YES,237.985093,2614.729168,6.21370999999999
383000,4208000,POTMH,8.2021,1e+06,6.79,83.69,383000 4208000,2.5,Tolerable,yellow,YES,237.985093,2614.729168,6.21370999999999
384000,4204000,POTMH,14.76378,1e+06,3.22,81.8,384000 4204000,4.5,Tolerable,yellow,YES,238.606464,2612.243684,3.72822600000018
384000,4204000,POTMH,18.04462,1e+06,0.46,78.84,384000 4204000,5.5,Unsuitable,black,YES,238.606464,2612.243684,3.72822600000018
384000,4204000,POTMH,0,1e+06,7.51,83.36,384000 4204000,0,Tolerable,yellow,YES,238.606464,2612.243684,3.72822600000018
384000,4204000,POTMH,1.64042,1e+06,7.51,83.35,384000 4204000,0.5,Tolerable,yellow,YES,238.606464,2612.243684,3.72822600000018
384000,4204000,POTMH,3.28084,1e+06,7.47,83.34,384000 4204000,1,Tolerable,yellow,YES,238.606464,2612.243684,3.72822600000018
384000,4204000,POTMH,4.92126,1e+06,7.28,83.45,384000 4204000,1.5,Tolerable,yellow,YES,238.606464,2612.243684,3.72822600000018
384000,4204000,POTMH,11.48294,1e+06,6.17,83.49,384000 4204000,3.5,Tolerable,yellow,YES,238.606464,2612.243684,3.72822600000018
384000,4204000,POTMH,13.12336,1e+06,5.78,83.45,384000 4204000,4,Tolerable,yellow,YES,238.606464,2612.243684,3.72822600000018
384000,4204000,POTMH,9.84252,1e+06,6.36,83.47,384000 4204000,3,Tolerable,yellow,YES,238.606464,2612.243684,3.72822600000018
384000,4204000,POTMH,16.4042,1e+06,0.72,79.6,384000 4204000,5,Unsuitable,black,YES,238.606464,2612.243684,3.72822600000018
384000,4204000,POTMH,6.56168,1e+06,7.04,83.66,384000 4204000,2,Tolerable,yellow,YES,238.606464,2612.243684,3.72822600000018
384000,4204000,POTMH,8.2021,1e+06,6.69,83.6,384000 4204000,2.5,Tolerable,yellow,YES,238.606464,2612.243684,3.72822600000018
384000,4205000,POTMH,18.04462,1e+06,0.37,78.6,384000 4205000,5.5,Unsuitable,black,YES,238.606464,2612.865055,4.34959700000036
384000,4205000,POTMH,3.28084,1e+06,7.49,83.33,384000 4205000,1,Tolerable,yellow,YES,238.606464,2612.865055,4.34959700000036
384000,4205000,POTMH,9.84252,1e+06,6.39,83.48,384000 4205000,3,Tolerable,yellow,YES,238.606464,2612.865055,4.34959700000036
384000,4205000,POTMH,11.48294,1e+06,6.23,83.49,384000 4205000,3.5,Tolerable,yellow,YES,238.606464,2612.865055,4.34959700000036
384000,4205000,POTMH,6.56168,1e+06,7.07,83.7,384000 4205000,2,Tolerable,yellow,YES,238.606464,2612.865055,4.34959700000036
384000,4205000,POTMH,8.2021,1e+06,6.73,83.63,384000 4205000,2.5,Tolerable,yellow,YES,238.606464,2612.865055,4.34959700000036
384000,4205000,POTMH,14.76378,1e+06,3.21,81.72,384000 4205000,4.5,Tolerable,yellow,YES,238.606464,2612.865055,4.34959700000036
384000,4205000,POTMH,13.12336,1e+06,5.87,83.47,384000 4205000,4,Tolerable,yellow,YES,238.606464,2612.865055,4.34959700000036
384000,4205000,POTMH,4.92126,1e+06,7.3,83.47,384000 4205000,1.5,Tolerable,yellow,YES,238.606464,2612.865055,4.34959700000036
384000,4205000,POTMH,0,1e+06,7.53,83.34,384000 4205000,0,Tolerable,yellow,YES,238.606464,2612.865055,4.34959700000036
384000,4205000,POTMH,1.64042,1e+06,7.53,83.34,384000 4205000,0.5,Tolerable,yellow,YES,238.606464,2612.865055,4.34959700000036
384000,4205000,POTMH,16.4042,1e+06,0.6,79.39,384000 4205000,5,Unsuitable,black,YES,238.606464,2612.865055,4.34959700000036
384000,4206000,POTMH,4.92126,1e+06,7.32,83.48,384000 4206000,1.5,Tolerable,yellow,YES,238.606464,2613.486426,4.97096800000008
384000,4206000,POTMH,3.28084,1e+06,7.51,83.31,384000 4206000,1,Tolerable,yellow,YES,238.606464,2613.486426,4.97096800000008
384000,4206000,POTMH,13.12336,1e+06,5.97,83.47,384000 4206000,4,Tolerable,yellow,YES,238.606464,2613.486426,4.97096800000008
384000,4206000,POTMH,19.68504,1e+06,0.2,78.09,384000 4206000,6,Unsuitable,black,YES,238.606464,2613.486426,4.97096800000008
384000,4206000,POTMH,0,1e+06,7.55,83.31,384000 4206000,0,Tolerable,yellow,YES,238.606464,2613.486426,4.97096800000008
384000,4206000,POTMH,18.04462,1e+06,0.23,78.29,384000 4206000,5.5,Unsuitable,black,YES,238.606464,2613.486426,4.97096800000008
384000,4206000,POTMH,8.2021,1e+06,6.76,83.65,384000 4206000,2.5,Tolerable,yellow,YES,238.606464,2613.486426,4.97096800000008
384000,4206000,POTMH,1.64042,1e+06,7.55,83.31,384000 4206000,0.5,Tolerable,yellow,YES,238.606464,2613.486426,4.97096800000008
384000,4206000,POTMH,16.4042,1e+06,0.43,79.13,384000 4206000,5,Unsuitable,black,YES,238.606464,2613.486426,4.97096800000008
384000,4206000,POTMH,11.48294,1e+06,6.28,83.48,384000 4206000,3.5,Tolerable,yellow,YES,238.606464,2613.486426,4.97096800000008
384000,4206000,POTMH,14.76378,1e+06,3.17,81.62,384000 4206000,4.5,Tolerable,yellow,YES,238.606464,2613.486426,4.97096800000008
384000,4206000,POTMH,6.56168,1e+06,7.1,83.74,384000 4206000,2,Tolerable,yellow,YES,238.606464,2613.486426,4.97096800000008
384000,4206000,POTMH,9.84252,1e+06,6.42,83.48,384000 4206000,3,Tolerable,yellow,YES,238.606464,2613.486426,4.97096800000008
384000,4207000,POTMH,14.76378,1e+06,3.17,81.58,384000 4207000,4.5,Tolerable,yellow,YES,238.606464,2614.107797,5.59233900000027
384000,4207000,POTMH,13.12336,1e+06,6.02,83.48,384000 4207000,4,Tolerable,yellow,YES,238.606464,2614.107797,5.59233900000027
384000,4207000,POTMH,16.4042,1e+06,0.38,79.02,384000 4207000,5,Unsuitable,black,YES,238.606464,2614.107797,5.59233900000027
384000,4207000,POTMH,4.92126,1e+06,7.33,83.49,384000 4207000,1.5,Tolerable,yellow,YES,238.606464,2614.107797,5.59233900000027
384000,4207000,POTMH,11.48294,1e+06,6.31,83.49,384000 4207000,3.5,Tolerable,yellow,YES,238.606464,2614.107797,5.59233900000027
384000,4207000,POTMH,9.84252,1e+06,6.43,83.49,384000 4207000,3,Tolerable,yellow,YES,238.606464,2614.107797,5.59233900000027
384000,4207000,POTMH,3.28084,1e+06,7.52,83.31,384000 4207000,1,Tolerable,yellow,YES,238.606464,2614.107797,5.59233900000027
384000,4207000,POTMH,21.32546,1e+06,0.16,77.86,384000 4207000,6.5,Unsuitable,black,YES,238.606464,2614.107797,5.59233900000027
384000,4207000,POTMH,6.56168,1e+06,7.12,83.76,384000 4207000,2,Tolerable,yellow,YES,238.606464,2614.107797,5.59233900000027
384000,4207000,POTMH,8.2021,1e+06,6.77,83.67,384000 4207000,2.5,Tolerable,yellow,YES,238.606464,2614.107797,5.59233900000027
384000,4207000,POTMH,1.64042,1e+06,7.57,83.31,384000 4207000,0.5,Tolerable,yellow,YES,238.606464,2614.107797,5.59233900000027
384000,4207000,POTMH,0,1e+06,7.57,83.31,384000 4207000,0,Tolerable,yellow,YES,238.606464,2614.107797,5.59233900000027
384000,4207000,POTMH,18.04462,1e+06,0.19,78.17,384000 4207000,5.5,Unsuitable,black,YES,238.606464,2614.107797,5.59233900000027
384000,4207000,POTMH,19.68504,1e+06,0.17,77.97,384000 4207000,6,Unsuitable,black,YES,238.606464,2614.107797,5.59233900000027
386000,4201000,POTMH,0,1e+06,7.42,83.41,386000 4201000,0,Tolerable,yellow,YES,239.849206,2610.379571,1.86411300000009
386000,4201000,POTMH,1.64042,1e+06,7.42,83.39,386000 4201000,0.5,Tolerable,yellow,YES,239.849206,2610.379571,1.86411300000009
386000,4201000,POTMH,11.48294,1e+06,5.85,83.44,386000 4201000,3.5,Tolerable,yellow,YES,239.849206,2610.379571,1.86411300000009
386000,4201000,POTMH,4.92126,1e+06,7.2,83.36,386000 4201000,1.5,Tolerable,yellow,YES,239.849206,2610.379571,1.86411300000009
386000,4201000,POTMH,6.56168,1e+06,6.88,83.44,386000 4201000,2,Tolerable,yellow,YES,239.849206,2610.379571,1.86411300000009
386000,4201000,POTMH,8.2021,1e+06,6.51,83.42,386000 4201000,2.5,Tolerable,yellow,YES,239.849206,2610.379571,1.86411300000009
386000,4201000,POTMH,3.28084,1e+06,7.39,83.35,386000 4201000,1,Tolerable,yellow,YES,239.849206,2610.379571,1.86411300000009
386000,4201000,POTMH,13.12336,1e+06,5.25,83.35,386000 4201000,4,Tolerable,yellow,YES,239.849206,2610.379571,1.86411300000009
386000,4201000,POTMH,9.84252,1e+06,6.18,83.4,386000 4201000,3,Tolerable,yellow,YES,239.849206,2610.379571,1.86411300000009
386000,4203000,POTMH,11.48294,1e+06,6,83.46,386000 4203000,3.5,Tolerable,yellow,YES,239.849206,2611.622313,3.106855
386000,4203000,POTMH,16.4042,1e+06,1.03,80.17,386000 4203000,5,Unsuitable,black,YES,239.849206,2611.622313,3.106855
386000,4203000,POTMH,18.04462,1e+06,0.7,79.52,386000 4203000,5.5,Unsuitable,black,YES,239.849206,2611.622313,3.106855
386000,4203000,POTMH,1.64042,1e+06,7.46,83.37,386000 4203000,0.5,Tolerable,yellow,YES,239.849206,2611.622313,3.106855
386000,4203000,POTMH,14.76378,1e+06,3.23,81.99,386000 4203000,4.5,Tolerable,yellow,YES,239.849206,2611.622313,3.106855
386000,4203000,POTMH,3.28084,1e+06,7.42,83.35,386000 4203000,1,Tolerable,yellow,YES,239.849206,2611.622313,3.106855
386000,4203000,POTMH,13.12336,1e+06,5.49,83.39,386000 4203000,4,Tolerable,yellow,YES,239.849206,2611.622313,3.106855
386000,4203000,POTMH,0,1e+06,7.46,83.38,386000 4203000,0,Tolerable,yellow,YES,239.849206,2611.622313,3.106855
386000,4203000,POTMH,9.84252,1e+06,6.27,83.43,386000 4203000,3,Tolerable,yellow,YES,239.849206,2611.622313,3.106855
386000,4203000,POTMH,4.92126,1e+06,7.24,83.4,386000 4203000,1.5,Tolerable,yellow,YES,239.849206,2611.622313,3.106855
386000,4203000,POTMH,6.56168,1e+06,6.95,83.54,386000 4203000,2,Tolerable,yellow,YES,239.849206,2611.622313,3.106855
386000,4203000,POTMH,8.2021,1e+06,6.6,83.5,386000 4203000,2.5,Tolerable,yellow,YES,239.849206,2611.622313,3.106855
387000,4200000,POTMH,0,1e+06,7.39,83.42,387000 4200000,0,Tolerable,yellow,YES,240.470577,2609.7582,1.24274200000036
387000,4200000,POTMH,11.48294,1e+06,5.69,83.41,387000 4200000,3.5,Tolerable,yellow,YES,240.470577,2609.7582,1.24274200000036
387000,4200000,POTMH,6.56168,1e+06,6.81,83.34,387000 4200000,2,Tolerable,yellow,YES,240.470577,2609.7582,1.24274200000036
387000,4200000,POTMH,8.2021,1e+06,6.43,83.34,387000 4200000,2.5,Tolerable,yellow,YES,240.470577,2609.7582,1.24274200000036
387000,4200000,POTMH,9.84252,1e+06,6.09,83.36,387000 4200000,3,Tolerable,yellow,YES,240.470577,2609.7582,1.24274200000036
387000,4200000,POTMH,3.28084,1e+06,7.36,83.35,387000 4200000,1,Tolerable,yellow,YES,240.470577,2609.7582,1.24274200000036
387000,4200000,POTMH,4.92126,1e+06,7.17,83.3,387000 4200000,1.5,Tolerable,yellow,YES,240.470577,2609.7582,1.24274200000036
387000,4200000,POTMH,1.64042,1e+06,7.39,83.39,387000 4200000,0.5,Tolerable,yellow,YES,240.470577,2609.7582,1.24274200000036
387000,4202000,POTMH,8.2021,1e+06,6.51,83.41,387000 4202000,2.5,Tolerable,yellow,YES,240.470577,2611.000942,2.48548400000027
387000,4202000,POTMH,4.92126,1e+06,7.2,83.35,387000 4202000,1.5,Tolerable,yellow,YES,240.470577,2611.000942,2.48548400000027
387000,4202000,POTMH,13.12336,1e+06,5.25,83.34,387000 4202000,4,Tolerable,yellow,YES,240.470577,2611.000942,2.48548400000027
387000,4202000,POTMH,6.56168,1e+06,6.88,83.44,387000 4202000,2,Tolerable,yellow,YES,240.470577,2611.000942,2.48548400000027
387000,4202000,POTMH,9.84252,1e+06,6.18,83.39,387000 4202000,3,Tolerable,yellow,YES,240.470577,2611.000942,2.48548400000027
387000,4202000,POTMH,11.48294,1e+06,5.85,83.43,387000 4202000,3.5,Tolerable,yellow,YES,240.470577,2611.000942,2.48548400000027
387000,4202000,POTMH,3.28084,1e+06,7.39,83.35,387000 4202000,1,Tolerable,yellow,YES,240.470577,2611.000942,2.48548400000027
387000,4202000,POTMH,14.76378,1e+06,3.21,82.13,387000 4202000,4.5,Tolerable,yellow,YES,240.470577,2611.000942,2.48548400000027
387000,4202000,POTMH,16.4042,1e+06,1.24,80.59,387000 4202000,5,Unsuitable,black,YES,240.470577,2611.000942,2.48548400000027
387000,4202000,POTMH,18.04462,1e+06,0.86,80.03,387000 4202000,5.5,Unsuitable,black,YES,240.470577,2611.000942,2.48548400000027
387000,4202000,POTMH,1.64042,1e+06,7.42,83.38,387000 4202000,0.5,Tolerable,yellow,YES,240.470577,2611.000942,2.48548400000027
387000,4202000,POTMH,0,1e+06,7.42,83.4,387000 4202000,0,Tolerable,yellow,YES,240.470577,2611.000942,2.48548400000027
388000,4198000,POTMH,0,1e+06,7.35,83.43,388000 4198000,0,Tolerable,yellow,YES,241.091948,2608.515458,0
388000,4198000,POTMH,1.64042,1e+06,7.35,83.4,388000 4198000,0.5,Tolerable,yellow,YES,241.091948,2608.515458,0
388000,4198000,POTMH,3.28084,1e+06,7.33,83.35,388000 4198000,1,Tolerable,yellow,YES,241.091948,2608.515458,0
388000,4198000,POTMH,4.92126,1e+06,7.13,83.24,388000 4198000,1.5,Tolerable,yellow,YES,241.091948,2608.515458,0
388000,4198000,POTMH,6.56168,1e+06,6.72,83.2,388000 4198000,2,Tolerable,yellow,YES,241.091948,2608.515458,0
388000,4198000,POTMH,8.2021,1e+06,6.31,83.23,388000 4198000,2.5,Tolerable,yellow,YES,241.091948,2608.515458,0
388000,4199000,POTMH,3.28084,1e+06,7.34,83.34,388000 4199000,1,Tolerable,yellow,YES,241.091948,2609.136829,0.621371000000181
388000,4199000,POTMH,0,1e+06,7.36,83.42,388000 4199000,0,Tolerable,yellow,YES,241.091948,2609.136829,0.621371000000181
388000,4199000,POTMH,1.64042,1e+06,7.36,83.39,388000 4199000,0.5,Tolerable,yellow,YES,241.091948,2609.136829,0.621371000000181
388000,4199000,POTMH,9.84252,1e+06,6,83.31,388000 4199000,3,Tolerable,yellow,YES,241.091948,2609.136829,0.621371000000181
388000,4199000,POTMH,4.92126,1e+06,7.14,83.25,388000 4199000,1.5,Tolerable,yellow,YES,241.091948,2609.136829,0.621371000000181
388000,4199000,POTMH,6.56168,1e+06,6.75,83.24,388000 4199000,2,Tolerable,yellow,YES,241.091948,2609.136829,0.621371000000181
388000,4199000,POTMH,8.2021,1e+06,6.34,83.25,388000 4199000,2.5,Tolerable,yellow,YES,241.091948,2609.136829,0.621371000000181
