UTMX,UTMY,Segment,Sdepth,volume_m,DO,Wtemp,uniqueID,Sdepthm,habitat,color,keep,milesX,milesY,distfrommouth
375000,4266000,CB4MH,6.56168,1e+06,5.08,78.01,375000 4266000,2,Suitable,dodgerblue,YES,233.014125,2650.768686,42.8745989999998
375000,4266000,CB4MH,8.2021,1e+06,3.98,77.6,375000 4266000,2.5,Tolerable,yellow,YES,233.014125,2650.768686,42.8745989999998
375000,4266000,CB4MH,18.04462,1e+06,0.39,72.26,375000 4266000,5.5,Unsuitable,black,YES,233.014125,2650.768686,42.8745989999998
375000,4266000,CB4MH,1.64042,1e+06,8.19,81.15,375000 4266000,0.5,Suitable,dodgerblue,YES,233.014125,2650.768686,42.8745989999998
375000,4266000,CB4MH,22.96588,1e+06,0.21,70.72,375000 4266000,7,Unsuitable,black,YES,233.014125,2650.768686,42.8745989999998
375000,4266000,CB4MH,26.24672,1e+06,0.19,70.2,375000 4266000,8,Unsuitable,black,YES,233.014125,2650.768686,42.8745989999998
375000,4266000,CB4MH,3.28084,1e+06,7.82,80.47,375000 4266000,1,Suitable,dodgerblue,YES,233.014125,2650.768686,42.8745989999998
375000,4266000,CB4MH,24.6063,1e+06,0.19,70.38,375000 4266000,7.5,Unsuitable,black,YES,233.014125,2650.768686,42.8745989999998
375000,4266000,CB4MH,19.68504,1e+06,0.32,71.51,375000 4266000,6,Unsuitable,black,YES,233.014125,2650.768686,42.8745989999998
375000,4266000,CB4MH,9.84252,1e+06,3.28,77.26,375000 4266000,3,Tolerable,yellow,YES,233.014125,2650.768686,42.8745989999998
375000,4266000,CB4MH,11.48294,1e+06,2.96,76.91,375000 4266000,3.5,Marginal,orange,YES,233.014125,2650.768686,42.8745989999998
375000,4266000,CB4MH,0,1e+06,8.27,81.61,375000 4266000,0,Suitable,dodgerblue,YES,233.014125,2650.768686,42.8745989999998
375000,4266000,CB4MH,32.8084,1e+06,0.12,69.84,375000 4266000,10,Unsuitable,black,YES,233.014125,2650.768686,42.8745989999998
375000,4266000,CB4MH,29.52756,1e+06,0.13,69.92,375000 4266000,9,Unsuitable,black,YES,233.014125,2650.768686,42.8745989999998
375000,4266000,CB4MH,31.16798,1e+06,0.12,69.84,375000 4266000,9.5,Unsuitable,black,YES,233.014125,2650.768686,42.8745989999998
375000,4266000,CB4MH,16.4042,1e+06,0.45,72.91,375000 4266000,5,Unsuitable,black,YES,233.014125,2650.768686,42.8745989999998
375000,4266000,CB4MH,21.32546,1e+06,0.25,71.13,375000 4266000,6.5,Unsuitable,black,YES,233.014125,2650.768686,42.8745989999998
375000,4266000,CB4MH,14.76378,1e+06,0.69,73.56,375000 4266000,4.5,Unsuitable,black,YES,233.014125,2650.768686,42.8745989999998
375000,4266000,CB4MH,13.12336,1e+06,1.62,75.11,375000 4266000,4,Unsuitable,black,YES,233.014125,2650.768686,42.8745989999998
375000,4266000,CB4MH,4.92126,1e+06,6.52,79.13,375000 4266000,1.5,Suitable,dodgerblue,YES,233.014125,2650.768686,42.8745989999998
375000,4266000,CB4MH,27.88714,1e+06,0.17,70.09,375000 4266000,8.5,Unsuitable,black,YES,233.014125,2650.768686,42.8745989999998
375000,4267000,CB4MH,13.12336,1e+06,1.73,75.41,375000 4267000,4,Unsuitable,black,YES,233.014125,2651.390057,43.49597
375000,4267000,CB4MH,1.64042,1e+06,8.12,81.19,375000 4267000,0.5,Suitable,dodgerblue,YES,233.014125,2651.390057,43.49597
375000,4267000,CB4MH,6.56168,1e+06,5.1,78.06,375000 4267000,2,Suitable,dodgerblue,YES,233.014125,2651.390057,43.49597
375000,4267000,CB4MH,24.6063,1e+06,0.19,70.38,375000 4267000,7.5,Unsuitable,black,YES,233.014125,2651.390057,43.49597
375000,4267000,CB4MH,31.16798,1e+06,0.11,69.81,375000 4267000,9.5,Unsuitable,black,YES,233.014125,2651.390057,43.49597
375000,4267000,CB4MH,11.48294,1e+06,3.1,77.26,375000 4267000,3.5,Tolerable,yellow,YES,233.014125,2651.390057,43.49597
375000,4267000,CB4MH,14.76378,1e+06,0.72,73.79,375000 4267000,4.5,Unsuitable,black,YES,233.014125,2651.390057,43.49597
375000,4267000,CB4MH,22.96588,1e+06,0.21,70.75,375000 4267000,7,Unsuitable,black,YES,233.014125,2651.390057,43.49597
375000,4267000,CB4MH,27.88714,1e+06,0.17,70.09,375000 4267000,8.5,Unsuitable,black,YES,233.014125,2651.390057,43.49597
375000,4267000,CB4MH,3.28084,1e+06,7.8,80.55,375000 4267000,1,Suitable,dodgerblue,YES,233.014125,2651.390057,43.49597
375000,4267000,CB4MH,8.2021,1e+06,4.17,77.94,375000 4267000,2.5,Suitable,dodgerblue,YES,233.014125,2651.390057,43.49597
375000,4267000,CB4MH,4.92126,1e+06,6.5,79.18,375000 4267000,1.5,Suitable,dodgerblue,YES,233.014125,2651.390057,43.49597
375000,4267000,CB4MH,16.4042,1e+06,0.47,73.15,375000 4267000,5,Unsuitable,black,YES,233.014125,2651.390057,43.49597
375000,4267000,CB4MH,9.84252,1e+06,3.55,77.77,375000 4267000,3,Tolerable,yellow,YES,233.014125,2651.390057,43.49597
375000,4267000,CB4MH,21.32546,1e+06,0.26,71.21,375000 4267000,6.5,Unsuitable,black,YES,233.014125,2651.390057,43.49597
375000,4267000,CB4MH,26.24672,1e+06,0.19,70.19,375000 4267000,8,Unsuitable,black,YES,233.014125,2651.390057,43.49597
375000,4267000,CB4MH,34.44882,1e+06,0.13,69.81,375000 4267000,10.5,Unsuitable,black,YES,233.014125,2651.390057,43.49597
375000,4267000,CB4MH,29.52756,1e+06,0.13,69.9,375000 4267000,9,Unsuitable,black,YES,233.014125,2651.390057,43.49597
375000,4267000,CB4MH,18.04462,1e+06,0.42,72.37,375000 4267000,5.5,Unsuitable,black,YES,233.014125,2651.390057,43.49597
375000,4267000,CB4MH,0,1e+06,8.21,81.76,375000 4267000,0,Suitable,dodgerblue,YES,233.014125,2651.390057,43.49597
375000,4267000,CB4MH,32.8084,1e+06,0.11,69.81,375000 4267000,10,Unsuitable,black,YES,233.014125,2651.390057,43.49597
375000,4267000,CB4MH,19.68504,1e+06,0.33,71.6,375000 4267000,6,Unsuitable,black,YES,233.014125,2651.390057,43.49597
375000,4268000,CB4MH,26.24672,1e+06,0.2,70.2,375000 4268000,8,Unsuitable,black,YES,233.014125,2652.011428,44.1173410000001
375000,4268000,CB4MH,24.6063,1e+06,0.2,70.4,375000 4268000,7.5,Unsuitable,black,YES,233.014125,2652.011428,44.1173410000001
375000,4268000,CB4MH,16.4042,1e+06,0.5,73.36,375000 4268000,5,Unsuitable,black,YES,233.014125,2652.011428,44.1173410000001
375000,4268000,CB4MH,22.96588,1e+06,0.22,70.79,375000 4268000,7,Unsuitable,black,YES,233.014125,2652.011428,44.1173410000001
375000,4268000,CB4MH,27.88714,1e+06,0.17,70.1,375000 4268000,8.5,Unsuitable,black,YES,233.014125,2652.011428,44.1173410000001
375000,4268000,CB4MH,32.8084,1e+06,0.1,69.8,375000 4268000,10,Unsuitable,black,YES,233.014125,2652.011428,44.1173410000001
375000,4268000,CB4MH,29.52756,1e+06,0.13,69.9,375000 4268000,9,Unsuitable,black,YES,233.014125,2652.011428,44.1173410000001
375000,4268000,CB4MH,18.04462,1e+06,0.44,72.48,375000 4268000,5.5,Unsuitable,black,YES,233.014125,2652.011428,44.1173410000001
375000,4268000,CB4MH,19.68504,1e+06,0.35,71.68,375000 4268000,6,Unsuitable,black,YES,233.014125,2652.011428,44.1173410000001
375000,4268000,CB4MH,31.16798,1e+06,0.1,69.8,375000 4268000,9.5,Unsuitable,black,YES,233.014125,2652.011428,44.1173410000001
375000,4268000,CB4MH,37.72966,1e+06,0.2,69.8,375000 4268000,11.5,Unsuitable,black,YES,233.014125,2652.011428,44.1173410000001
375000,4268000,CB4MH,21.32546,1e+06,0.27,71.28,375000 4268000,6.5,Unsuitable,black,YES,233.014125,2652.011428,44.1173410000001
375000,4268000,CB4MH,14.76378,1e+06,0.74,73.97,375000 4268000,4.5,Unsuitable,black,YES,233.014125,2652.011428,44.1173410000001
375000,4268000,CB4MH,0,1e+06,8.16,81.89,375000 4268000,0,Suitable,dodgerblue,YES,233.014125,2652.011428,44.1173410000001
375000,4268000,CB4MH,36.08924,1e+06,0.18,69.8,375000 4268000,11,Unsuitable,black,YES,233.014125,2652.011428,44.1173410000001
375000,4268000,CB4MH,4.92126,1e+06,6.49,79.21,375000 4268000,1.5,Suitable,dodgerblue,YES,233.014125,2652.011428,44.1173410000001
375000,4268000,CB4MH,9.84252,1e+06,3.8,78.24,375000 4268000,3,Tolerable,yellow,YES,233.014125,2652.011428,44.1173410000001
375000,4268000,CB4MH,13.12336,1e+06,1.83,75.66,375000 4268000,4,Unsuitable,black,YES,233.014125,2652.011428,44.1173410000001
375000,4268000,CB4MH,1.64042,1e+06,8.06,81.21,375000 4268000,0.5,Suitable,dodgerblue,YES,233.014125,2652.011428,44.1173410000001
375000,4268000,CB4MH,34.44882,1e+06,0.13,69.8,375000 4268000,10.5,Unsuitable,black,YES,233.014125,2652.011428,44.1173410000001
375000,4268000,CB4MH,3.28084,1e+06,7.8,80.61,375000 4268000,1,Suitable,dodgerblue,YES,233.014125,2652.011428,44.1173410000001
375000,4268000,CB4MH,8.2021,1e+06,4.36,78.26,375000 4268000,2.5,Suitable,dodgerblue,YES,233.014125,2652.011428,44.1173410000001
375000,4268000,CB4MH,11.48294,1e+06,3.23,77.57,375000 4268000,3.5,Tolerable,yellow,YES,233.014125,2652.011428,44.1173410000001
375000,4268000,CB4MH,6.56168,1e+06,5.14,78.11,375000 4268000,2,Suitable,dodgerblue,YES,233.014125,2652.011428,44.1173410000001
375000,4269000,CB4MH,4.92126,1e+06,6.5,79.21,375000 4269000,1.5,Suitable,dodgerblue,YES,233.014125,2652.632799,44.7387119999999
375000,4269000,CB4MH,26.24672,1e+06,0.2,70.2,375000 4269000,8,Unsuitable,black,YES,233.014125,2652.632799,44.7387119999999
375000,4269000,CB4MH,3.28084,1e+06,7.8,80.6,375000 4269000,1,Suitable,dodgerblue,YES,233.014125,2652.632799,44.7387119999999
375000,4269000,CB4MH,22.96588,1e+06,0.22,70.79,375000 4269000,7,Unsuitable,black,YES,233.014125,2652.632799,44.7387119999999
375000,4269000,CB4MH,31.16798,1e+06,0.1,69.8,375000 4269000,9.5,Unsuitable,black,YES,233.014125,2652.632799,44.7387119999999
375000,4269000,CB4MH,1.64042,1e+06,8.06,81.21,375000 4269000,0.5,Suitable,dodgerblue,YES,233.014125,2652.632799,44.7387119999999
375000,4269000,CB4MH,6.56168,1e+06,5.14,78.11,375000 4269000,2,Suitable,dodgerblue,YES,233.014125,2652.632799,44.7387119999999
375000,4269000,CB4MH,27.88714,1e+06,0.17,70.1,375000 4269000,8.5,Unsuitable,black,YES,233.014125,2652.632799,44.7387119999999
375000,4269000,CB4MH,9.84252,1e+06,3.82,78.25,375000 4269000,3,Tolerable,yellow,YES,233.014125,2652.632799,44.7387119999999
375000,4269000,CB4MH,24.6063,1e+06,0.2,70.4,375000 4269000,7.5,Unsuitable,black,YES,233.014125,2652.632799,44.7387119999999
375000,4269000,CB4MH,32.8084,1e+06,0.1,69.8,375000 4269000,10,Unsuitable,black,YES,233.014125,2652.632799,44.7387119999999
375000,4269000,CB4MH,11.48294,1e+06,3.23,77.57,375000 4269000,3.5,Tolerable,yellow,YES,233.014125,2652.632799,44.7387119999999
375000,4269000,CB4MH,36.08924,1e+06,0.18,69.8,375000 4269000,11,Unsuitable,black,YES,233.014125,2652.632799,44.7387119999999
375000,4269000,CB4MH,0,1e+06,8.16,81.9,375000 4269000,0,Suitable,dodgerblue,YES,233.014125,2652.632799,44.7387119999999
375000,4269000,CB4MH,8.2021,1e+06,4.37,78.27,375000 4269000,2.5,Suitable,dodgerblue,YES,233.014125,2652.632799,44.7387119999999
375000,4269000,CB4MH,29.52756,1e+06,0.13,69.9,375000 4269000,9,Unsuitable,black,YES,233.014125,2652.632799,44.7387119999999
375000,4269000,CB4MH,16.4042,1e+06,0.5,73.37,375000 4269000,5,Unsuitable,black,YES,233.014125,2652.632799,44.7387119999999
375000,4269000,CB4MH,13.12336,1e+06,1.84,75.67,375000 4269000,4,Unsuitable,black,YES,233.014125,2652.632799,44.7387119999999
375000,4269000,CB4MH,18.04462,1e+06,0.45,72.49,375000 4269000,5.5,Unsuitable,black,YES,233.014125,2652.632799,44.7387119999999
375000,4269000,CB4MH,21.32546,1e+06,0.27,71.29,375000 4269000,6.5,Unsuitable,black,YES,233.014125,2652.632799,44.7387119999999
375000,4269000,CB4MH,34.44882,1e+06,0.13,69.8,375000 4269000,10.5,Unsuitable,black,YES,233.014125,2652.632799,44.7387119999999
375000,4269000,CB4MH,19.68504,1e+06,0.35,71.69,375000 4269000,6,Unsuitable,black,YES,233.014125,2652.632799,44.7387119999999
375000,4269000,CB4MH,14.76378,1e+06,0.75,73.98,375000 4269000,4.5,Unsuitable,black,YES,233.014125,2652.632799,44.7387119999999
375000,4270000,CB4MH,16.4042,1e+06,0.48,73.2,375000 4270000,5,Unsuitable,black,YES,233.014125,2653.25417,45.360083
375000,4270000,CB4MH,22.96588,1e+06,0.21,70.76,375000 4270000,7,Unsuitable,black,YES,233.014125,2653.25417,45.360083
375000,4270000,CB4MH,18.04462,1e+06,0.42,72.39,375000 4270000,5.5,Unsuitable,black,YES,233.014125,2653.25417,45.360083
375000,4270000,CB4MH,24.6063,1e+06,0.19,70.39,375000 4270000,7.5,Unsuitable,black,YES,233.014125,2653.25417,45.360083
375000,4270000,CB4MH,14.76378,1e+06,0.73,73.83,375000 4270000,4.5,Unsuitable,black,YES,233.014125,2653.25417,45.360083
375000,4270000,CB4MH,13.12336,1e+06,1.74,75.46,375000 4270000,4,Unsuitable,black,YES,233.014125,2653.25417,45.360083
375000,4270000,CB4MH,21.32546,1e+06,0.26,71.22,375000 4270000,6.5,Unsuitable,black,YES,233.014125,2653.25417,45.360083
375000,4270000,CB4MH,26.24672,1e+06,0.19,70.19,375000 4270000,8,Unsuitable,black,YES,233.014125,2653.25417,45.360083
375000,4270000,CB4MH,8.2021,1e+06,4.2,78.07,375000 4270000,2.5,Suitable,dodgerblue,YES,233.014125,2653.25417,45.360083
375000,4270000,CB4MH,32.8084,1e+06,0.1,69.81,375000 4270000,10,Unsuitable,black,YES,233.014125,2653.25417,45.360083
375000,4270000,CB4MH,6.56168,1e+06,5.09,78.16,375000 4270000,2,Suitable,dodgerblue,YES,233.014125,2653.25417,45.360083
375000,4270000,CB4MH,9.84252,1e+06,3.59,77.92,375000 4270000,3,Tolerable,yellow,YES,233.014125,2653.25417,45.360083
375000,4270000,CB4MH,0,1e+06,8.2,81.87,375000 4270000,0,Suitable,dodgerblue,YES,233.014125,2653.25417,45.360083
375000,4270000,CB4MH,19.68504,1e+06,0.33,71.61,375000 4270000,6,Unsuitable,black,YES,233.014125,2653.25417,45.360083
375000,4270000,CB4MH,11.48294,1e+06,3.09,77.38,375000 4270000,3.5,Tolerable,yellow,YES,233.014125,2653.25417,45.360083
375000,4270000,CB4MH,31.16798,1e+06,0.1,69.81,375000 4270000,9.5,Unsuitable,black,YES,233.014125,2653.25417,45.360083
375000,4270000,CB4MH,3.28084,1e+06,7.78,80.63,375000 4270000,1,Suitable,dodgerblue,YES,233.014125,2653.25417,45.360083
375000,4270000,CB4MH,29.52756,1e+06,0.13,69.9,375000 4270000,9,Unsuitable,black,YES,233.014125,2653.25417,45.360083
375000,4270000,CB4MH,1.64042,1e+06,8.11,81.29,375000 4270000,0.5,Suitable,dodgerblue,YES,233.014125,2653.25417,45.360083
375000,4270000,CB4MH,27.88714,1e+06,0.17,70.09,375000 4270000,8.5,Unsuitable,black,YES,233.014125,2653.25417,45.360083
375000,4270000,CB4MH,4.92126,1e+06,6.47,79.26,375000 4270000,1.5,Suitable,dodgerblue,YES,233.014125,2653.25417,45.360083
375000,4271000,CB4MH,26.24672,1e+06,0.18,70.18,375000 4271000,8,Unsuitable,black,YES,233.014125,2653.875541,45.9814539999998
375000,4271000,CB4MH,16.4042,1e+06,0.46,73.03,375000 4271000,5,Unsuitable,black,YES,233.014125,2653.875541,45.9814539999998
375000,4271000,CB4MH,14.76378,1e+06,0.72,73.69,375000 4271000,4.5,Unsuitable,black,YES,233.014125,2653.875541,45.9814539999998
375000,4271000,CB4MH,0,1e+06,8.25,81.83,375000 4271000,0,Suitable,dodgerblue,YES,233.014125,2653.875541,45.9814539999998
375000,4271000,CB4MH,3.28084,1e+06,7.75,80.66,375000 4271000,1,Suitable,dodgerblue,YES,233.014125,2653.875541,45.9814539999998
375000,4271000,CB4MH,24.6063,1e+06,0.18,70.38,375000 4271000,7.5,Unsuitable,black,YES,233.014125,2653.875541,45.9814539999998
375000,4271000,CB4MH,6.56168,1e+06,5.05,78.23,375000 4271000,2,Suitable,dodgerblue,YES,233.014125,2653.875541,45.9814539999998
375000,4271000,CB4MH,32.8084,1e+06,0.11,69.82,375000 4271000,10,Unsuitable,black,YES,233.014125,2653.875541,45.9814539999998
375000,4271000,CB4MH,8.2021,1e+06,4.02,77.87,375000 4271000,2.5,Suitable,dodgerblue,YES,233.014125,2653.875541,45.9814539999998
375000,4271000,CB4MH,27.88714,1e+06,0.16,70.07,375000 4271000,8.5,Unsuitable,black,YES,233.014125,2653.875541,45.9814539999998
375000,4271000,CB4MH,18.04462,1e+06,0.39,72.31,375000 4271000,5.5,Unsuitable,black,YES,233.014125,2653.875541,45.9814539999998
375000,4271000,CB4MH,22.96588,1e+06,0.2,70.73,375000 4271000,7,Unsuitable,black,YES,233.014125,2653.875541,45.9814539999998
375000,4271000,CB4MH,19.68504,1e+06,0.3,71.55,375000 4271000,6,Unsuitable,black,YES,233.014125,2653.875541,45.9814539999998
375000,4271000,CB4MH,1.64042,1e+06,8.16,81.36,375000 4271000,0.5,Suitable,dodgerblue,YES,233.014125,2653.875541,45.9814539999998
375000,4271000,CB4MH,11.48294,1e+06,2.92,77.13,375000 4271000,3.5,Marginal,orange,YES,233.014125,2653.875541,45.9814539999998
375000,4271000,CB4MH,29.52756,1e+06,0.13,69.89,375000 4271000,9,Unsuitable,black,YES,233.014125,2653.875541,45.9814539999998
375000,4271000,CB4MH,21.32546,1e+06,0.24,71.15,375000 4271000,6.5,Unsuitable,black,YES,233.014125,2653.875541,45.9814539999998
375000,4271000,CB4MH,31.16798,1e+06,0.11,69.82,375000 4271000,9.5,Unsuitable,black,YES,233.014125,2653.875541,45.9814539999998
375000,4271000,CB4MH,4.92126,1e+06,6.45,79.32,375000 4271000,1.5,Suitable,dodgerblue,YES,233.014125,2653.875541,45.9814539999998
375000,4271000,CB4MH,13.12336,1e+06,1.65,75.22,375000 4271000,4,Unsuitable,black,YES,233.014125,2653.875541,45.9814539999998
375000,4271000,CB4MH,9.84252,1e+06,3.35,77.56,375000 4271000,3,Tolerable,yellow,YES,233.014125,2653.875541,45.9814539999998
375000,4272000,CB4MH,4.92126,1e+06,6.44,79.37,375000 4272000,1.5,Suitable,dodgerblue,YES,233.014125,2654.496912,46.6028249999999
375000,4272000,CB4MH,8.2021,1e+06,3.95,77.76,375000 4272000,2.5,Tolerable,yellow,YES,233.014125,2654.496912,46.6028249999999
375000,4272000,CB4MH,11.48294,1e+06,2.77,76.9,375000 4272000,3.5,Marginal,orange,YES,233.014125,2654.496912,46.6028249999999
375000,4272000,CB4MH,18.04462,1e+06,0.36,72.31,375000 4272000,5.5,Unsuitable,black,YES,233.014125,2654.496912,46.6028249999999
375000,4272000,CB4MH,1.64042,1e+06,8.17,81.4,375000 4272000,0.5,Suitable,dodgerblue,YES,233.014125,2654.496912,46.6028249999999
375000,4272000,CB4MH,16.4042,1e+06,0.48,72.96,375000 4272000,5,Unsuitable,black,YES,233.014125,2654.496912,46.6028249999999
375000,4272000,CB4MH,29.52756,1e+06,0.13,69.89,375000 4272000,9,Unsuitable,black,YES,233.014125,2654.496912,46.6028249999999
375000,4272000,CB4MH,31.16798,1e+06,0.11,69.83,375000 4272000,9.5,Unsuitable,black,YES,233.014125,2654.496912,46.6028249999999
375000,4272000,CB4MH,6.56168,1e+06,5.07,78.33,375000 4272000,2,Suitable,dodgerblue,YES,233.014125,2654.496912,46.6028249999999
375000,4272000,CB4MH,13.12336,1e+06,1.6,75.08,375000 4272000,4,Unsuitable,black,YES,233.014125,2654.496912,46.6028249999999
375000,4272000,CB4MH,9.84252,1e+06,3.22,77.32,375000 4272000,3,Tolerable,yellow,YES,233.014125,2654.496912,46.6028249999999
375000,4272000,CB4MH,14.76378,1e+06,0.75,73.66,375000 4272000,4.5,Unsuitable,black,YES,233.014125,2654.496912,46.6028249999999
375000,4272000,CB4MH,19.68504,1e+06,0.27,71.55,375000 4272000,6,Unsuitable,black,YES,233.014125,2654.496912,46.6028249999999
375000,4272000,CB4MH,0,1e+06,8.27,81.79,375000 4272000,0,Suitable,dodgerblue,YES,233.014125,2654.496912,46.6028249999999
375000,4272000,CB4MH,27.88714,1e+06,0.16,70.05,375000 4272000,8.5,Unsuitable,black,YES,233.014125,2654.496912,46.6028249999999
375000,4272000,CB4MH,32.8084,1e+06,0.12,69.83,375000 4272000,10,Unsuitable,black,YES,233.014125,2654.496912,46.6028249999999
375000,4272000,CB4MH,21.32546,1e+06,0.22,71.15,375000 4272000,6.5,Unsuitable,black,YES,233.014125,2654.496912,46.6028249999999
375000,4272000,CB4MH,24.6063,1e+06,0.17,70.4,375000 4272000,7.5,Unsuitable,black,YES,233.014125,2654.496912,46.6028249999999
375000,4272000,CB4MH,26.24672,1e+06,0.17,70.19,375000 4272000,8,Unsuitable,black,YES,233.014125,2654.496912,46.6028249999999
375000,4272000,CB4MH,22.96588,1e+06,0.19,70.75,375000 4272000,7,Unsuitable,black,YES,233.014125,2654.496912,46.6028249999999
375000,4272000,CB4MH,3.28084,1e+06,7.7,80.65,375000 4272000,1,Suitable,dodgerblue,YES,233.014125,2654.496912,46.6028249999999
375000,4273000,CB4MH,16.4042,1e+06,0.51,73.03,375000 4273000,5,Unsuitable,black,YES,233.014125,2655.118283,47.2241960000001
375000,4273000,CB4MH,0,1e+06,7.93,81.12,375000 4273000,0,Suitable,dodgerblue,YES,233.014125,2655.118283,47.2241960000001
375000,4273000,CB4MH,13.12336,1e+06,1.62,75.06,375000 4273000,4,Unsuitable,black,YES,233.014125,2655.118283,47.2241960000001
375000,4273000,CB4MH,18.04462,1e+06,0.35,72.4,375000 4273000,5.5,Unsuitable,black,YES,233.014125,2655.118283,47.2241960000001
375000,4273000,CB4MH,29.52756,1e+06,0.13,69.89,375000 4273000,9,Unsuitable,black,YES,233.014125,2655.118283,47.2241960000001
375000,4273000,CB4MH,8.2021,1e+06,4.14,77.87,375000 4273000,2.5,Suitable,dodgerblue,YES,233.014125,2655.118283,47.2241960000001
375000,4273000,CB4MH,21.32546,1e+06,0.2,71.21,375000 4273000,6.5,Unsuitable,black,YES,233.014125,2655.118283,47.2241960000001
375000,4273000,CB4MH,14.76378,1e+06,0.82,73.76,375000 4273000,4.5,Unsuitable,black,YES,233.014125,2655.118283,47.2241960000001
375000,4273000,CB4MH,11.48294,1e+06,2.65,76.72,375000 4273000,3.5,Marginal,orange,YES,233.014125,2655.118283,47.2241960000001
375000,4273000,CB4MH,24.6063,1e+06,0.16,70.45,375000 4273000,7.5,Unsuitable,black,YES,233.014125,2655.118283,47.2241960000001
375000,4273000,CB4MH,19.68504,1e+06,0.25,71.63,375000 4273000,6,Unsuitable,black,YES,233.014125,2655.118283,47.2241960000001
375000,4273000,CB4MH,6.56168,1e+06,4.97,78.27,375000 4273000,2,Suitable,dodgerblue,YES,233.014125,2655.118283,47.2241960000001
375000,4273000,CB4MH,26.24672,1e+06,0.16,70.19,375000 4273000,8,Unsuitable,black,YES,233.014125,2655.118283,47.2241960000001
375000,4273000,CB4MH,3.28084,1e+06,6.88,79.88,375000 4273000,1,Suitable,dodgerblue,YES,233.014125,2655.118283,47.2241960000001
375000,4273000,CB4MH,9.84252,1e+06,3.46,77.5,375000 4273000,3,Tolerable,yellow,YES,233.014125,2655.118283,47.2241960000001
375000,4273000,CB4MH,1.64042,1e+06,7.62,80.61,375000 4273000,0.5,Suitable,dodgerblue,YES,233.014125,2655.118283,47.2241960000001
375000,4273000,CB4MH,22.96588,1e+06,0.17,70.8,375000 4273000,7,Unsuitable,black,YES,233.014125,2655.118283,47.2241960000001
375000,4273000,CB4MH,4.92126,1e+06,5.84,78.91,375000 4273000,1.5,Suitable,dodgerblue,YES,233.014125,2655.118283,47.2241960000001
375000,4273000,CB4MH,27.88714,1e+06,0.15,70.03,375000 4273000,8.5,Unsuitable,black,YES,233.014125,2655.118283,47.2241960000001
375000,4286000,CB4MH,21.32546,1e+06,0.1,71.2,375000 4286000,6.5,Unsuitable,black,YES,233.014125,2663.196106,55.3020189999998
375000,4286000,CB4MH,11.48294,1e+06,1.71,75.52,375000 4286000,3.5,Unsuitable,black,YES,233.014125,2663.196106,55.3020189999998
375000,4286000,CB4MH,6.56168,1e+06,4.26,78.06,375000 4286000,2,Suitable,dodgerblue,YES,233.014125,2663.196106,55.3020189999998
375000,4286000,CB4MH,18.04462,1e+06,0.22,72.18,375000 4286000,5.5,Unsuitable,black,YES,233.014125,2663.196106,55.3020189999998
375000,4286000,CB4MH,16.4042,1e+06,0.45,72.94,375000 4286000,5,Unsuitable,black,YES,233.014125,2663.196106,55.3020189999998
375000,4286000,CB4MH,19.68504,1e+06,0.11,71.58,375000 4286000,6,Unsuitable,black,YES,233.014125,2663.196106,55.3020189999998
375000,4286000,CB4MH,8.2021,1e+06,3.18,76.97,375000 4286000,2.5,Tolerable,yellow,YES,233.014125,2663.196106,55.3020189999998
375000,4286000,CB4MH,13.12336,1e+06,1.21,74.76,375000 4286000,4,Unsuitable,black,YES,233.014125,2663.196106,55.3020189999998
375000,4286000,CB4MH,32.8084,1e+06,0.1,69.74,375000 4286000,10,Unsuitable,black,YES,233.014125,2663.196106,55.3020189999998
375000,4286000,CB4MH,9.84252,1e+06,2.37,75.91,375000 4286000,3,Marginal,orange,YES,233.014125,2663.196106,55.3020189999998
375000,4286000,CB4MH,14.76378,1e+06,0.76,73.77,375000 4286000,4.5,Unsuitable,black,YES,233.014125,2663.196106,55.3020189999998
375000,4286000,CB4MH,4.92126,1e+06,5.47,78.81,375000 4286000,1.5,Suitable,dodgerblue,YES,233.014125,2663.196106,55.3020189999998
375000,4286000,CB4MH,27.88714,1e+06,0.09,69.9,375000 4286000,8.5,Unsuitable,black,YES,233.014125,2663.196106,55.3020189999998
375000,4286000,CB4MH,26.24672,1e+06,0.09,70.1,375000 4286000,8,Unsuitable,black,YES,233.014125,2663.196106,55.3020189999998
375000,4286000,CB4MH,0,1e+06,9.25,81.77,375000 4286000,0,Suitable,dodgerblue,YES,233.014125,2663.196106,55.3020189999998
375000,4286000,CB4MH,29.52756,1e+06,0.08,69.79,375000 4286000,9,Unsuitable,black,YES,233.014125,2663.196106,55.3020189999998
375000,4286000,CB4MH,24.6063,1e+06,0.09,70.51,375000 4286000,7.5,Unsuitable,black,YES,233.014125,2663.196106,55.3020189999998
375000,4286000,CB4MH,31.16798,1e+06,0.09,69.76,375000 4286000,9.5,Unsuitable,black,YES,233.014125,2663.196106,55.3020189999998
375000,4286000,CB4MH,36.08924,1e+06,0.11,69.68,375000 4286000,11,Unsuitable,black,YES,233.014125,2663.196106,55.3020189999998
375000,4286000,CB4MH,34.44882,1e+06,0.1,69.76,375000 4286000,10.5,Unsuitable,black,YES,233.014125,2663.196106,55.3020189999998
375000,4286000,CB4MH,22.96588,1e+06,0.09,70.89,375000 4286000,7,Unsuitable,black,YES,233.014125,2663.196106,55.3020189999998
375000,4286000,CB4MH,1.64042,1e+06,8.78,81.32,375000 4286000,0.5,Suitable,dodgerblue,YES,233.014125,2663.196106,55.3020189999998
375000,4286000,CB4MH,3.28084,1e+06,7.31,80.17,375000 4286000,1,Suitable,dodgerblue,YES,233.014125,2663.196106,55.3020189999998
375000,4287000,CB4MH,32.8084,1e+06,0.09,69.73,375000 4287000,10,Unsuitable,black,YES,233.014125,2663.817477,55.9233899999999
375000,4287000,CB4MH,3.28084,1e+06,7.51,80.21,375000 4287000,1,Suitable,dodgerblue,YES,233.014125,2663.817477,55.9233899999999
375000,4287000,CB4MH,27.88714,1e+06,0.08,69.9,375000 4287000,8.5,Unsuitable,black,YES,233.014125,2663.817477,55.9233899999999
375000,4287000,CB4MH,36.08924,1e+06,0.11,69.64,375000 4287000,11,Unsuitable,black,YES,233.014125,2663.817477,55.9233899999999
375000,4287000,CB4MH,34.44882,1e+06,0.1,69.75,375000 4287000,10.5,Unsuitable,black,YES,233.014125,2663.817477,55.9233899999999
375000,4287000,CB4MH,11.48294,1e+06,1.53,75.31,375000 4287000,3.5,Unsuitable,black,YES,233.014125,2663.817477,55.9233899999999
375000,4287000,CB4MH,31.16798,1e+06,0.08,69.75,375000 4287000,9.5,Unsuitable,black,YES,233.014125,2663.817477,55.9233899999999
375000,4287000,CB4MH,26.24672,1e+06,0.09,70.08,375000 4287000,8,Unsuitable,black,YES,233.014125,2663.817477,55.9233899999999
375000,4287000,CB4MH,22.96588,1e+06,0.09,70.83,375000 4287000,7,Unsuitable,black,YES,233.014125,2663.817477,55.9233899999999
375000,4287000,CB4MH,19.68504,1e+06,0.1,71.44,375000 4287000,6,Unsuitable,black,YES,233.014125,2663.817477,55.9233899999999
375000,4287000,CB4MH,29.52756,1e+06,0.08,69.79,375000 4287000,9,Unsuitable,black,YES,233.014125,2663.817477,55.9233899999999
375000,4287000,CB4MH,0,1e+06,9.55,81.86,375000 4287000,0,Suitable,dodgerblue,YES,233.014125,2663.817477,55.9233899999999
375000,4287000,CB4MH,24.6063,1e+06,0.09,70.48,375000 4287000,7.5,Unsuitable,black,YES,233.014125,2663.817477,55.9233899999999
375000,4287000,CB4MH,1.64042,1e+06,9.09,81.41,375000 4287000,0.5,Suitable,dodgerblue,YES,233.014125,2663.817477,55.9233899999999
375000,4287000,CB4MH,6.56168,1e+06,4.37,78.11,375000 4287000,2,Suitable,dodgerblue,YES,233.014125,2663.817477,55.9233899999999
375000,4287000,CB4MH,21.32546,1e+06,0.09,71.09,375000 4287000,6.5,Unsuitable,black,YES,233.014125,2663.817477,55.9233899999999
375000,4287000,CB4MH,4.92126,1e+06,5.58,78.84,375000 4287000,1.5,Suitable,dodgerblue,YES,233.014125,2663.817477,55.9233899999999
375000,4287000,CB4MH,9.84252,1e+06,2.34,75.87,375000 4287000,3,Marginal,orange,YES,233.014125,2663.817477,55.9233899999999
375000,4287000,CB4MH,13.12336,1e+06,1.04,74.47,375000 4287000,4,Unsuitable,black,YES,233.014125,2663.817477,55.9233899999999
375000,4287000,CB4MH,16.4042,1e+06,0.39,72.65,375000 4287000,5,Unsuitable,black,YES,233.014125,2663.817477,55.9233899999999
375000,4287000,CB4MH,8.2021,1e+06,3.23,76.99,375000 4287000,2.5,Tolerable,yellow,YES,233.014125,2663.817477,55.9233899999999
375000,4287000,CB4MH,14.76378,1e+06,0.65,73.47,375000 4287000,4.5,Unsuitable,black,YES,233.014125,2663.817477,55.9233899999999
375000,4287000,CB4MH,18.04462,1e+06,0.2,71.97,375000 4287000,5.5,Unsuitable,black,YES,233.014125,2663.817477,55.9233899999999
375000,4288000,CB4MH,13.12336,1e+06,0.87,74.2,375000 4288000,4,Unsuitable,black,YES,233.014125,2664.438848,56.5447610000001
375000,4288000,CB4MH,0,1e+06,9.52,80.97,375000 4288000,0,Suitable,dodgerblue,YES,233.014125,2664.438848,56.5447610000001
375000,4288000,CB4MH,4.92126,1e+06,5.57,78.49,375000 4288000,1.5,Suitable,dodgerblue,YES,233.014125,2664.438848,56.5447610000001
375000,4288000,CB4MH,32.8084,1e+06,0.09,69.71,375000 4288000,10,Unsuitable,black,YES,233.014125,2664.438848,56.5447610000001
375000,4288000,CB4MH,6.56168,1e+06,4.91,78.22,375000 4288000,2,Suitable,dodgerblue,YES,233.014125,2664.438848,56.5447610000001
375000,4288000,CB4MH,9.84252,1e+06,2.5,76.15,375000 4288000,3,Marginal,orange,YES,233.014125,2664.438848,56.5447610000001
375000,4288000,CB4MH,3.28084,1e+06,6.87,79.24,375000 4288000,1,Suitable,dodgerblue,YES,233.014125,2664.438848,56.5447610000001
375000,4288000,CB4MH,18.04462,1e+06,0.17,71.76,375000 4288000,5.5,Unsuitable,black,YES,233.014125,2664.438848,56.5447610000001
375000,4288000,CB4MH,34.44882,1e+06,0.1,69.74,375000 4288000,10.5,Unsuitable,black,YES,233.014125,2664.438848,56.5447610000001
375000,4288000,CB4MH,11.48294,1e+06,1.34,75.09,375000 4288000,3.5,Unsuitable,black,YES,233.014125,2664.438848,56.5447610000001
375000,4288000,CB4MH,36.08924,1e+06,0.11,69.6,375000 4288000,11,Unsuitable,black,YES,233.014125,2664.438848,56.5447610000001
375000,4288000,CB4MH,27.88714,1e+06,0.08,69.89,375000 4288000,8.5,Unsuitable,black,YES,233.014125,2664.438848,56.5447610000001
375000,4288000,CB4MH,24.6063,1e+06,0.08,70.45,375000 4288000,7.5,Unsuitable,black,YES,233.014125,2664.438848,56.5447610000001
375000,4288000,CB4MH,1.64042,1e+06,8.68,80.36,375000 4288000,0.5,Suitable,dodgerblue,YES,233.014125,2664.438848,56.5447610000001
375000,4288000,CB4MH,19.68504,1e+06,0.09,71.29,375000 4288000,6,Unsuitable,black,YES,233.014125,2664.438848,56.5447610000001
375000,4288000,CB4MH,16.4042,1e+06,0.33,72.37,375000 4288000,5,Unsuitable,black,YES,233.014125,2664.438848,56.5447610000001
375000,4288000,CB4MH,8.2021,1e+06,3.74,77.3,375000 4288000,2.5,Tolerable,yellow,YES,233.014125,2664.438848,56.5447610000001
375000,4288000,CB4MH,22.96588,1e+06,0.08,70.77,375000 4288000,7,Unsuitable,black,YES,233.014125,2664.438848,56.5447610000001
375000,4288000,CB4MH,31.16798,1e+06,0.08,69.74,375000 4288000,9.5,Unsuitable,black,YES,233.014125,2664.438848,56.5447610000001
375000,4288000,CB4MH,21.32546,1e+06,0.09,70.99,375000 4288000,6.5,Unsuitable,black,YES,233.014125,2664.438848,56.5447610000001
375000,4288000,CB4MH,29.52756,1e+06,0.07,69.78,375000 4288000,9,Unsuitable,black,YES,233.014125,2664.438848,56.5447610000001
375000,4288000,CB4MH,14.76378,1e+06,0.55,73.18,375000 4288000,4.5,Unsuitable,black,YES,233.014125,2664.438848,56.5447610000001
375000,4288000,CB4MH,26.24672,1e+06,0.08,70.06,375000 4288000,8,Unsuitable,black,YES,233.014125,2664.438848,56.5447610000001
375000,4289000,CB4MH,8.2021,1e+06,3.77,77.42,375000 4289000,2.5,Tolerable,yellow,YES,233.014125,2665.060219,57.1661319999998
375000,4289000,CB4MH,9.84252,1e+06,2.18,75.94,375000 4289000,3,Marginal,orange,YES,233.014125,2665.060219,57.1661319999998
375000,4289000,CB4MH,31.16798,1e+06,0.08,69.73,375000 4289000,9.5,Unsuitable,black,YES,233.014125,2665.060219,57.1661319999998
375000,4289000,CB4MH,26.24672,1e+06,0.07,70.03,375000 4289000,8,Unsuitable,black,YES,233.014125,2665.060219,57.1661319999998
375000,4289000,CB4MH,1.64042,1e+06,9.02,80.8,375000 4289000,0.5,Suitable,dodgerblue,YES,233.014125,2665.060219,57.1661319999998
375000,4289000,CB4MH,6.56168,1e+06,4.95,78.34,375000 4289000,2,Suitable,dodgerblue,YES,233.014125,2665.060219,57.1661319999998
375000,4289000,CB4MH,16.4042,1e+06,0.28,72.11,375000 4289000,5,Unsuitable,black,YES,233.014125,2665.060219,57.1661319999998
375000,4289000,CB4MH,4.92126,1e+06,5.58,78.61,375000 4289000,1.5,Suitable,dodgerblue,YES,233.014125,2665.060219,57.1661319999998
375000,4289000,CB4MH,0,1e+06,9.69,81.3,375000 4289000,0,Suitable,dodgerblue,YES,233.014125,2665.060219,57.1661319999998
375000,4289000,CB4MH,14.76378,1e+06,0.45,72.91,375000 4289000,4.5,Unsuitable,black,YES,233.014125,2665.060219,57.1661319999998
375000,4289000,CB4MH,29.52756,1e+06,0.07,69.77,375000 4289000,9,Unsuitable,black,YES,233.014125,2665.060219,57.1661319999998
375000,4289000,CB4MH,27.88714,1e+06,0.07,69.88,375000 4289000,8.5,Unsuitable,black,YES,233.014125,2665.060219,57.1661319999998
375000,4289000,CB4MH,32.8084,1e+06,0.09,69.7,375000 4289000,10,Unsuitable,black,YES,233.014125,2665.060219,57.1661319999998
375000,4289000,CB4MH,22.96588,1e+06,0.08,70.71,375000 4289000,7,Unsuitable,black,YES,233.014125,2665.060219,57.1661319999998
375000,4289000,CB4MH,11.48294,1e+06,1.14,74.86,375000 4289000,3.5,Unsuitable,black,YES,233.014125,2665.060219,57.1661319999998
375000,4289000,CB4MH,3.28084,1e+06,7.15,79.57,375000 4289000,1,Suitable,dodgerblue,YES,233.014125,2665.060219,57.1661319999998
375000,4289000,CB4MH,19.68504,1e+06,0.09,71.16,375000 4289000,6,Unsuitable,black,YES,233.014125,2665.060219,57.1661319999998
375000,4289000,CB4MH,13.12336,1e+06,0.72,73.94,375000 4289000,4,Unsuitable,black,YES,233.014125,2665.060219,57.1661319999998
375000,4289000,CB4MH,21.32546,1e+06,0.08,70.9,375000 4289000,6.5,Unsuitable,black,YES,233.014125,2665.060219,57.1661319999998
375000,4289000,CB4MH,24.6063,1e+06,0.07,70.41,375000 4289000,7.5,Unsuitable,black,YES,233.014125,2665.060219,57.1661319999998
375000,4289000,CB4MH,18.04462,1e+06,0.15,71.57,375000 4289000,5.5,Unsuitable,black,YES,233.014125,2665.060219,57.1661319999998
376000,4263000,CB4MH,6.56168,1e+06,5.2,77.68,376000 4263000,2,Suitable,dodgerblue,YES,233.635496,2648.904573,41.0104860000001
376000,4263000,CB4MH,0,1e+06,8.29,80.91,376000 4263000,0,Suitable,dodgerblue,YES,233.635496,2648.904573,41.0104860000001
376000,4263000,CB4MH,1.64042,1e+06,8.22,80.61,376000 4263000,0.5,Suitable,dodgerblue,YES,233.635496,2648.904573,41.0104860000001
376000,4263000,CB4MH,13.12336,1e+06,1.47,74.26,376000 4263000,4,Unsuitable,black,YES,233.635496,2648.904573,41.0104860000001
376000,4263000,CB4MH,32.8084,1e+06,0.24,70.15,376000 4263000,10,Unsuitable,black,YES,233.635496,2648.904573,41.0104860000001
376000,4263000,CB4MH,29.52756,1e+06,0.19,70.05,376000 4263000,9,Unsuitable,black,YES,233.635496,2648.904573,41.0104860000001
376000,4263000,CB4MH,27.88714,1e+06,0.22,70.22,376000 4263000,8.5,Unsuitable,black,YES,233.635496,2648.904573,41.0104860000001
376000,4263000,CB4MH,22.96588,1e+06,0.24,70.78,376000 4263000,7,Unsuitable,black,YES,233.635496,2648.904573,41.0104860000001
376000,4263000,CB4MH,18.04462,1e+06,0.4,72.17,376000 4263000,5.5,Unsuitable,black,YES,233.635496,2648.904573,41.0104860000001
376000,4263000,CB4MH,9.84252,1e+06,2.93,76.16,376000 4263000,3,Marginal,orange,YES,233.635496,2648.904573,41.0104860000001
376000,4263000,CB4MH,4.92126,1e+06,6.57,78.72,376000 4263000,1.5,Suitable,dodgerblue,YES,233.635496,2648.904573,41.0104860000001
376000,4263000,CB4MH,31.16798,1e+06,0.17,69.97,376000 4263000,9.5,Unsuitable,black,YES,233.635496,2648.904573,41.0104860000001
376000,4263000,CB4MH,34.44882,1e+06,0.25,70.12,376000 4263000,10.5,Unsuitable,black,YES,233.635496,2648.904573,41.0104860000001
376000,4263000,CB4MH,3.28084,1e+06,7.78,79.93,376000 4263000,1,Suitable,dodgerblue,YES,233.635496,2648.904573,41.0104860000001
376000,4263000,CB4MH,21.32546,1e+06,0.29,71.14,376000 4263000,6.5,Unsuitable,black,YES,233.635496,2648.904573,41.0104860000001
376000,4263000,CB4MH,16.4042,1e+06,0.5,72.27,376000 4263000,5,Unsuitable,black,YES,233.635496,2648.904573,41.0104860000001
376000,4263000,CB4MH,24.6063,1e+06,0.22,70.48,376000 4263000,7.5,Unsuitable,black,YES,233.635496,2648.904573,41.0104860000001
376000,4263000,CB4MH,11.48294,1e+06,2.76,75.98,376000 4263000,3.5,Marginal,orange,YES,233.635496,2648.904573,41.0104860000001
376000,4263000,CB4MH,26.24672,1e+06,0.23,70.34,376000 4263000,8,Unsuitable,black,YES,233.635496,2648.904573,41.0104860000001
376000,4263000,CB4MH,8.2021,1e+06,3.84,76.82,376000 4263000,2.5,Tolerable,yellow,YES,233.635496,2648.904573,41.0104860000001
376000,4263000,CB4MH,14.76378,1e+06,0.69,72.89,376000 4263000,4.5,Unsuitable,black,YES,233.635496,2648.904573,41.0104860000001
376000,4263000,CB4MH,19.68504,1e+06,0.34,71.5,376000 4263000,6,Unsuitable,black,YES,233.635496,2648.904573,41.0104860000001
376000,4264000,CB4MH,11.48294,1e+06,2.77,76.19,376000 4264000,3.5,Marginal,orange,YES,233.635496,2649.525944,41.6318569999999
376000,4264000,CB4MH,9.84252,1e+06,3.03,76.47,376000 4264000,3,Tolerable,yellow,YES,233.635496,2649.525944,41.6318569999999
376000,4264000,CB4MH,27.88714,1e+06,0.19,70.15,376000 4264000,8.5,Unsuitable,black,YES,233.635496,2649.525944,41.6318569999999
376000,4264000,CB4MH,26.24672,1e+06,0.21,70.26,376000 4264000,8,Unsuitable,black,YES,233.635496,2649.525944,41.6318569999999
376000,4264000,CB4MH,6.56168,1e+06,5.14,77.78,376000 4264000,2,Suitable,dodgerblue,YES,233.635496,2649.525944,41.6318569999999
376000,4264000,CB4MH,22.96588,1e+06,0.22,70.71,376000 4264000,7,Unsuitable,black,YES,233.635496,2649.525944,41.6318569999999
376000,4264000,CB4MH,3.28084,1e+06,7.74,80.05,376000 4264000,1,Suitable,dodgerblue,YES,233.635496,2649.525944,41.6318569999999
376000,4264000,CB4MH,4.92126,1e+06,6.5,78.82,376000 4264000,1.5,Suitable,dodgerblue,YES,233.635496,2649.525944,41.6318569999999
376000,4264000,CB4MH,32.8084,1e+06,0.2,70.04,376000 4264000,10,Unsuitable,black,YES,233.635496,2649.525944,41.6318569999999
376000,4264000,CB4MH,1.64042,1e+06,8.18,80.74,376000 4264000,0.5,Suitable,dodgerblue,YES,233.635496,2649.525944,41.6318569999999
376000,4264000,CB4MH,21.32546,1e+06,0.26,71.07,376000 4264000,6.5,Unsuitable,black,YES,233.635496,2649.525944,41.6318569999999
376000,4264000,CB4MH,29.52756,1e+06,0.16,69.99,376000 4264000,9,Unsuitable,black,YES,233.635496,2649.525944,41.6318569999999
376000,4264000,CB4MH,14.76378,1e+06,0.66,73.02,376000 4264000,4.5,Unsuitable,black,YES,233.635496,2649.525944,41.6318569999999
376000,4264000,CB4MH,19.68504,1e+06,0.32,71.43,376000 4264000,6,Unsuitable,black,YES,233.635496,2649.525944,41.6318569999999
376000,4264000,CB4MH,8.2021,1e+06,3.88,77.04,376000 4264000,2.5,Tolerable,yellow,YES,233.635496,2649.525944,41.6318569999999
376000,4264000,CB4MH,31.16798,1e+06,0.15,69.91,376000 4264000,9.5,Unsuitable,black,YES,233.635496,2649.525944,41.6318569999999
376000,4264000,CB4MH,16.4042,1e+06,0.46,72.38,376000 4264000,5,Unsuitable,black,YES,233.635496,2649.525944,41.6318569999999
376000,4264000,CB4MH,0,1e+06,8.26,81.06,376000 4264000,0,Suitable,dodgerblue,YES,233.635496,2649.525944,41.6318569999999
376000,4264000,CB4MH,24.6063,1e+06,0.2,70.42,376000 4264000,7.5,Unsuitable,black,YES,233.635496,2649.525944,41.6318569999999
376000,4264000,CB4MH,13.12336,1e+06,1.46,74.44,376000 4264000,4,Unsuitable,black,YES,233.635496,2649.525944,41.6318569999999
376000,4264000,CB4MH,18.04462,1e+06,0.37,72.12,376000 4264000,5.5,Unsuitable,black,YES,233.635496,2649.525944,41.6318569999999
376000,4265000,CB4MH,32.8084,1e+06,0.14,69.89,376000 4265000,10,Unsuitable,black,YES,233.635496,2650.147315,42.253228
376000,4265000,CB4MH,13.12336,1e+06,1.47,74.67,376000 4265000,4,Unsuitable,black,YES,233.635496,2650.147315,42.253228
376000,4265000,CB4MH,11.48294,1e+06,2.77,76.39,376000 4265000,3.5,Marginal,orange,YES,233.635496,2650.147315,42.253228
376000,4265000,CB4MH,29.52756,1e+06,0.14,69.94,376000 4265000,9,Unsuitable,black,YES,233.635496,2650.147315,42.253228
376000,4265000,CB4MH,4.92126,1e+06,6.43,78.92,376000 4265000,1.5,Suitable,dodgerblue,YES,233.635496,2650.147315,42.253228
376000,4265000,CB4MH,18.04462,1e+06,0.36,72.1,376000 4265000,5.5,Unsuitable,black,YES,233.635496,2650.147315,42.253228
376000,4265000,CB4MH,14.76378,1e+06,0.66,73.22,376000 4265000,4.5,Unsuitable,black,YES,233.635496,2650.147315,42.253228
376000,4265000,CB4MH,1.64042,1e+06,8.14,80.85,376000 4265000,0.5,Suitable,dodgerblue,YES,233.635496,2650.147315,42.253228
376000,4265000,CB4MH,22.96588,1e+06,0.2,70.67,376000 4265000,7,Unsuitable,black,YES,233.635496,2650.147315,42.253228
376000,4265000,CB4MH,19.68504,1e+06,0.3,71.39,376000 4265000,6,Unsuitable,black,YES,233.635496,2650.147315,42.253228
376000,4265000,CB4MH,6.56168,1e+06,5.09,77.89,376000 4265000,2,Suitable,dodgerblue,YES,233.635496,2650.147315,42.253228
376000,4265000,CB4MH,24.6063,1e+06,0.19,70.37,376000 4265000,7.5,Unsuitable,black,YES,233.635496,2650.147315,42.253228
376000,4265000,CB4MH,16.4042,1e+06,0.42,72.53,376000 4265000,5,Unsuitable,black,YES,233.635496,2650.147315,42.253228
376000,4265000,CB4MH,21.32546,1e+06,0.24,71.03,376000 4265000,6.5,Unsuitable,black,YES,233.635496,2650.147315,42.253228
376000,4265000,CB4MH,8.2021,1e+06,3.94,77.29,376000 4265000,2.5,Tolerable,yellow,YES,233.635496,2650.147315,42.253228
376000,4265000,CB4MH,27.88714,1e+06,0.17,70.1,376000 4265000,8.5,Unsuitable,black,YES,233.635496,2650.147315,42.253228
376000,4265000,CB4MH,26.24672,1e+06,0.19,70.21,376000 4265000,8,Unsuitable,black,YES,233.635496,2650.147315,42.253228
376000,4265000,CB4MH,3.28084,1e+06,7.69,80.17,376000 4265000,1,Suitable,dodgerblue,YES,233.635496,2650.147315,42.253228
376000,4265000,CB4MH,9.84252,1e+06,3.16,76.82,376000 4265000,3,Tolerable,yellow,YES,233.635496,2650.147315,42.253228
376000,4265000,CB4MH,0,1e+06,8.22,81.22,376000 4265000,0,Suitable,dodgerblue,YES,233.635496,2650.147315,42.253228
376000,4265000,CB4MH,31.16798,1e+06,0.13,69.87,376000 4265000,9.5,Unsuitable,black,YES,233.635496,2650.147315,42.253228
376000,4266000,CB4MH,32.8084,1e+06,0.12,69.85,376000 4266000,10,Unsuitable,black,YES,233.635496,2650.768686,42.8745989999998
376000,4266000,CB4MH,27.88714,1e+06,0.17,70.08,376000 4266000,8.5,Unsuitable,black,YES,233.635496,2650.768686,42.8745989999998
376000,4266000,CB4MH,0,1e+06,8.18,81.38,376000 4266000,0,Suitable,dodgerblue,YES,233.635496,2650.768686,42.8745989999998
376000,4266000,CB4MH,18.04462,1e+06,0.36,72.13,376000 4266000,5.5,Unsuitable,black,YES,233.635496,2650.768686,42.8745989999998
376000,4266000,CB4MH,19.68504,1e+06,0.3,71.41,376000 4266000,6,Unsuitable,black,YES,233.635496,2650.768686,42.8745989999998
376000,4266000,CB4MH,1.64042,1e+06,8.1,80.95,376000 4266000,0.5,Suitable,dodgerblue,YES,233.635496,2650.768686,42.8745989999998
376000,4266000,CB4MH,24.6063,1e+06,0.18,70.35,376000 4266000,7.5,Unsuitable,black,YES,233.635496,2650.768686,42.8745989999998
376000,4266000,CB4MH,31.16798,1e+06,0.12,69.84,376000 4266000,9.5,Unsuitable,black,YES,233.635496,2650.768686,42.8745989999998
376000,4266000,CB4MH,4.92126,1e+06,6.38,79,376000 4266000,1.5,Suitable,dodgerblue,YES,233.635496,2650.768686,42.8745989999998
376000,4266000,CB4MH,26.24672,1e+06,0.18,70.18,376000 4266000,8,Unsuitable,black,YES,233.635496,2650.768686,42.8745989999998
376000,4266000,CB4MH,13.12336,1e+06,1.52,74.91,376000 4266000,4,Unsuitable,black,YES,233.635496,2650.768686,42.8745989999998
376000,4266000,CB4MH,14.76378,1e+06,0.65,73.4,376000 4266000,4.5,Unsuitable,black,YES,233.635496,2650.768686,42.8745989999998
376000,4266000,CB4MH,22.96588,1e+06,0.2,70.66,376000 4266000,7,Unsuitable,black,YES,233.635496,2650.768686,42.8745989999998
376000,4266000,CB4MH,29.52756,1e+06,0.13,69.91,376000 4266000,9,Unsuitable,black,YES,233.635496,2650.768686,42.8745989999998
376000,4266000,CB4MH,9.84252,1e+06,3.33,77.21,376000 4266000,3,Tolerable,yellow,YES,233.635496,2650.768686,42.8745989999998
376000,4266000,CB4MH,8.2021,1e+06,4.03,77.56,376000 4266000,2.5,Suitable,dodgerblue,YES,233.635496,2650.768686,42.8745989999998
376000,4266000,CB4MH,11.48294,1e+06,2.85,76.69,376000 4266000,3.5,Marginal,orange,YES,233.635496,2650.768686,42.8745989999998
376000,4266000,CB4MH,21.32546,1e+06,0.23,71.04,376000 4266000,6.5,Unsuitable,black,YES,233.635496,2650.768686,42.8745989999998
376000,4266000,CB4MH,3.28084,1e+06,7.65,80.28,376000 4266000,1,Suitable,dodgerblue,YES,233.635496,2650.768686,42.8745989999998
376000,4266000,CB4MH,6.56168,1e+06,5.07,77.98,376000 4266000,2,Suitable,dodgerblue,YES,233.635496,2650.768686,42.8745989999998
376000,4266000,CB4MH,16.4042,1e+06,0.42,72.72,376000 4266000,5,Unsuitable,black,YES,233.635496,2650.768686,42.8745989999998
376000,4274000,CB4MH,36.08924,1e+06,0.14,69.82,376000 4274000,11,Unsuitable,black,YES,233.635496,2655.739654,47.8455669999998
376000,4274000,CB4MH,14.76378,1e+06,0.93,73.98,376000 4274000,4.5,Unsuitable,black,YES,233.635496,2655.739654,47.8455669999998
376000,4274000,CB4MH,41.0105,1e+06,0.22,69.83,376000 4274000,12.5,Unsuitable,black,YES,233.635496,2655.739654,47.8455669999998
376000,4274000,CB4MH,32.8084,1e+06,0.12,69.84,376000 4274000,10,Unsuitable,black,YES,233.635496,2655.739654,47.8455669999998
376000,4274000,CB4MH,31.16798,1e+06,0.11,69.83,376000 4274000,9.5,Unsuitable,black,YES,233.635496,2655.739654,47.8455669999998
376000,4274000,CB4MH,1.64042,1e+06,7.48,80.42,376000 4274000,0.5,Suitable,dodgerblue,YES,233.635496,2655.739654,47.8455669999998
376000,4274000,CB4MH,34.44882,1e+06,0.12,69.84,376000 4274000,10.5,Unsuitable,black,YES,233.635496,2655.739654,47.8455669999998
376000,4274000,CB4MH,19.68504,1e+06,0.2,71.76,376000 4274000,6,Unsuitable,black,YES,233.635496,2655.739654,47.8455669999998
376000,4274000,CB4MH,13.12336,1e+06,1.65,75.14,376000 4274000,4,Unsuitable,black,YES,233.635496,2655.739654,47.8455669999998
376000,4274000,CB4MH,39.37008,1e+06,0.15,69.76,376000 4274000,12,Unsuitable,black,YES,233.635496,2655.739654,47.8455669999998
376000,4274000,CB4MH,27.88714,1e+06,0.14,70,376000 4274000,8.5,Unsuitable,black,YES,233.635496,2655.739654,47.8455669999998
376000,4274000,CB4MH,42.65092,1e+06,0.42,70.07,376000 4274000,13,Unsuitable,black,YES,233.635496,2655.739654,47.8455669999998
376000,4274000,CB4MH,37.72966,1e+06,0.15,69.82,376000 4274000,11.5,Unsuitable,black,YES,233.635496,2655.739654,47.8455669999998
376000,4274000,CB4MH,3.28084,1e+06,6.61,79.66,376000 4274000,1,Suitable,dodgerblue,YES,233.635496,2655.739654,47.8455669999998
376000,4274000,CB4MH,18.04462,1e+06,0.32,72.55,376000 4274000,5.5,Unsuitable,black,YES,233.635496,2655.739654,47.8455669999998
376000,4274000,CB4MH,29.52756,1e+06,0.12,69.87,376000 4274000,9,Unsuitable,black,YES,233.635496,2655.739654,47.8455669999998
376000,4274000,CB4MH,21.32546,1e+06,0.17,71.3,376000 4274000,6.5,Unsuitable,black,YES,233.635496,2655.739654,47.8455669999998
376000,4274000,CB4MH,6.56168,1e+06,4.95,78.31,376000 4274000,2,Suitable,dodgerblue,YES,233.635496,2655.739654,47.8455669999998
376000,4274000,CB4MH,9.84252,1e+06,3.34,77.26,376000 4274000,3,Tolerable,yellow,YES,233.635496,2655.739654,47.8455669999998
376000,4274000,CB4MH,26.24672,1e+06,0.14,70.19,376000 4274000,8,Unsuitable,black,YES,233.635496,2655.739654,47.8455669999998
376000,4274000,CB4MH,0,1e+06,7.88,80.92,376000 4274000,0,Suitable,dodgerblue,YES,233.635496,2655.739654,47.8455669999998
376000,4274000,CB4MH,16.4042,1e+06,0.56,73.21,376000 4274000,5,Unsuitable,black,YES,233.635496,2655.739654,47.8455669999998
376000,4274000,CB4MH,11.48294,1e+06,2.51,76.51,376000 4274000,3.5,Marginal,orange,YES,233.635496,2655.739654,47.8455669999998
376000,4274000,CB4MH,24.6063,1e+06,0.14,70.5,376000 4274000,7.5,Unsuitable,black,YES,233.635496,2655.739654,47.8455669999998
376000,4274000,CB4MH,22.96588,1e+06,0.15,70.88,376000 4274000,7,Unsuitable,black,YES,233.635496,2655.739654,47.8455669999998
376000,4274000,CB4MH,4.92126,1e+06,5.69,78.82,376000 4274000,1.5,Suitable,dodgerblue,YES,233.635496,2655.739654,47.8455669999998
376000,4274000,CB4MH,8.2021,1e+06,4.06,77.76,376000 4274000,2.5,Suitable,dodgerblue,YES,233.635496,2655.739654,47.8455669999998
376000,4275000,CB4MH,22.96588,1e+06,0.12,70.98,376000 4275000,7,Unsuitable,black,YES,233.635496,2656.361025,48.466938
376000,4275000,CB4MH,19.68504,1e+06,0.15,71.92,376000 4275000,6,Unsuitable,black,YES,233.635496,2656.361025,48.466938
376000,4275000,CB4MH,26.24672,1e+06,0.12,70.17,376000 4275000,8,Unsuitable,black,YES,233.635496,2656.361025,48.466938
376000,4275000,CB4MH,0,1e+06,7.85,80.81,376000 4275000,0,Suitable,dodgerblue,YES,233.635496,2656.361025,48.466938
376000,4275000,CB4MH,13.12336,1e+06,1.76,75.39,376000 4275000,4,Unsuitable,black,YES,233.635496,2656.361025,48.466938
376000,4275000,CB4MH,4.92126,1e+06,5.64,78.8,376000 4275000,1.5,Suitable,dodgerblue,YES,233.635496,2656.361025,48.466938
376000,4275000,CB4MH,18.04462,1e+06,0.3,72.75,376000 4275000,5.5,Unsuitable,black,YES,233.635496,2656.361025,48.466938
376000,4275000,CB4MH,14.76378,1e+06,1.06,74.37,376000 4275000,4.5,Unsuitable,black,YES,233.635496,2656.361025,48.466938
376000,4275000,CB4MH,27.88714,1e+06,0.11,69.94,376000 4275000,8.5,Unsuitable,black,YES,233.635496,2656.361025,48.466938
376000,4275000,CB4MH,29.52756,1e+06,0.1,69.82,376000 4275000,9,Unsuitable,black,YES,233.635496,2656.361025,48.466938
376000,4275000,CB4MH,37.72966,1e+06,0.13,69.81,376000 4275000,11.5,Unsuitable,black,YES,233.635496,2656.361025,48.466938
376000,4275000,CB4MH,32.8084,1e+06,0.1,69.8,376000 4275000,10,Unsuitable,black,YES,233.635496,2656.361025,48.466938
376000,4275000,CB4MH,24.6063,1e+06,0.12,70.56,376000 4275000,7.5,Unsuitable,black,YES,233.635496,2656.361025,48.466938
376000,4275000,CB4MH,31.16798,1e+06,0.1,69.8,376000 4275000,9.5,Unsuitable,black,YES,233.635496,2656.361025,48.466938
376000,4275000,CB4MH,1.64042,1e+06,7.39,80.32,376000 4275000,0.5,Suitable,dodgerblue,YES,233.635496,2656.361025,48.466938
376000,4275000,CB4MH,11.48294,1e+06,2.48,76.42,376000 4275000,3.5,Marginal,orange,YES,233.635496,2656.361025,48.466938
376000,4275000,CB4MH,21.32546,1e+06,0.13,71.41,376000 4275000,6.5,Unsuitable,black,YES,233.635496,2656.361025,48.466938
376000,4275000,CB4MH,3.28084,1e+06,6.46,79.53,376000 4275000,1,Suitable,dodgerblue,YES,233.635496,2656.361025,48.466938
376000,4275000,CB4MH,36.08924,1e+06,0.13,69.81,376000 4275000,11,Unsuitable,black,YES,233.635496,2656.361025,48.466938
376000,4275000,CB4MH,9.84252,1e+06,3.3,77.14,376000 4275000,3,Tolerable,yellow,YES,233.635496,2656.361025,48.466938
376000,4275000,CB4MH,6.56168,1e+06,5,78.38,376000 4275000,2,Suitable,dodgerblue,YES,233.635496,2656.361025,48.466938
376000,4275000,CB4MH,16.4042,1e+06,0.63,73.56,376000 4275000,5,Unsuitable,black,YES,233.635496,2656.361025,48.466938
376000,4275000,CB4MH,8.2021,1e+06,4.08,77.72,376000 4275000,2.5,Suitable,dodgerblue,YES,233.635496,2656.361025,48.466938
376000,4275000,CB4MH,34.44882,1e+06,0.11,69.8,376000 4275000,10.5,Unsuitable,black,YES,233.635496,2656.361025,48.466938
376000,4276000,CB4MH,13.12336,1e+06,1.85,75.67,376000 4276000,4,Unsuitable,black,YES,233.635496,2656.982396,49.0883089999998
376000,4276000,CB4MH,31.16798,1e+06,0.1,69.8,376000 4276000,9.5,Unsuitable,black,YES,233.635496,2656.982396,49.0883089999998
376000,4276000,CB4MH,24.6063,1e+06,0.11,70.63,376000 4276000,7.5,Unsuitable,black,YES,233.635496,2656.982396,49.0883089999998
376000,4276000,CB4MH,36.08924,1e+06,0.11,69.81,376000 4276000,11,Unsuitable,black,YES,233.635496,2656.982396,49.0883089999998
376000,4276000,CB4MH,34.44882,1e+06,0.1,69.8,376000 4276000,10.5,Unsuitable,black,YES,233.635496,2656.982396,49.0883089999998
376000,4276000,CB4MH,21.32546,1e+06,0.11,71.55,376000 4276000,6.5,Unsuitable,black,YES,233.635496,2656.982396,49.0883089999998
376000,4276000,CB4MH,22.96588,1e+06,0.11,71.09,376000 4276000,7,Unsuitable,black,YES,233.635496,2656.982396,49.0883089999998
376000,4276000,CB4MH,19.68504,1e+06,0.12,72.11,376000 4276000,6,Unsuitable,black,YES,233.635496,2656.982396,49.0883089999998
376000,4276000,CB4MH,37.72966,1e+06,0.11,69.81,376000 4276000,11.5,Unsuitable,black,YES,233.635496,2656.982396,49.0883089999998
376000,4276000,CB4MH,29.52756,1e+06,0.1,69.81,376000 4276000,9,Unsuitable,black,YES,233.635496,2656.982396,49.0883089999998
376000,4276000,CB4MH,18.04462,1e+06,0.3,72.97,376000 4276000,5.5,Unsuitable,black,YES,233.635496,2656.982396,49.0883089999998
376000,4276000,CB4MH,1.64042,1e+06,7.53,80.54,376000 4276000,0.5,Suitable,dodgerblue,YES,233.635496,2656.982396,49.0883089999998
376000,4276000,CB4MH,14.76378,1e+06,1.18,74.77,376000 4276000,4.5,Unsuitable,black,YES,233.635496,2656.982396,49.0883089999998
376000,4276000,CB4MH,0,1e+06,7.99,81.01,376000 4276000,0,Suitable,dodgerblue,YES,233.635496,2656.982396,49.0883089999998
376000,4276000,CB4MH,8.2021,1e+06,3.92,77.58,376000 4276000,2.5,Tolerable,yellow,YES,233.635496,2656.982396,49.0883089999998
376000,4276000,CB4MH,4.92126,1e+06,5.56,78.83,376000 4276000,1.5,Suitable,dodgerblue,YES,233.635496,2656.982396,49.0883089999998
376000,4276000,CB4MH,11.48294,1e+06,2.5,76.39,376000 4276000,3.5,Marginal,orange,YES,233.635496,2656.982396,49.0883089999998
376000,4276000,CB4MH,3.28084,1e+06,6.53,79.67,376000 4276000,1,Suitable,dodgerblue,YES,233.635496,2656.982396,49.0883089999998
376000,4276000,CB4MH,6.56168,1e+06,4.87,78.38,376000 4276000,2,Suitable,dodgerblue,YES,233.635496,2656.982396,49.0883089999998
376000,4276000,CB4MH,27.88714,1e+06,0.11,69.92,376000 4276000,8.5,Unsuitable,black,YES,233.635496,2656.982396,49.0883089999998
376000,4276000,CB4MH,32.8084,1e+06,0.1,69.8,376000 4276000,10,Unsuitable,black,YES,233.635496,2656.982396,49.0883089999998
376000,4276000,CB4MH,9.84252,1e+06,3.12,76.82,376000 4276000,3,Tolerable,yellow,YES,233.635496,2656.982396,49.0883089999998
376000,4276000,CB4MH,16.4042,1e+06,0.69,73.91,376000 4276000,5,Unsuitable,black,YES,233.635496,2656.982396,49.0883089999998
376000,4276000,CB4MH,26.24672,1e+06,0.11,70.19,376000 4276000,8,Unsuitable,black,YES,233.635496,2656.982396,49.0883089999998
376000,4277000,CB4MH,13.12336,1e+06,1.92,75.88,376000 4277000,4,Unsuitable,black,YES,233.635496,2657.603767,49.7096799999999
376000,4277000,CB4MH,29.52756,1e+06,0.1,69.8,376000 4277000,9,Unsuitable,black,YES,233.635496,2657.603767,49.7096799999999
376000,4277000,CB4MH,16.4042,1e+06,0.73,74.16,376000 4277000,5,Unsuitable,black,YES,233.635496,2657.603767,49.7096799999999
376000,4277000,CB4MH,6.56168,1e+06,5.27,78.66,376000 4277000,2,Suitable,dodgerblue,YES,233.635496,2657.603767,49.7096799999999
376000,4277000,CB4MH,8.2021,1e+06,4.31,77.85,376000 4277000,2.5,Suitable,dodgerblue,YES,233.635496,2657.603767,49.7096799999999
376000,4277000,CB4MH,0,1e+06,7.88,80.94,376000 4277000,0,Suitable,dodgerblue,YES,233.635496,2657.603767,49.7096799999999
376000,4277000,CB4MH,11.48294,1e+06,2.63,76.47,376000 4277000,3.5,Marginal,orange,YES,233.635496,2657.603767,49.7096799999999
376000,4277000,CB4MH,31.16798,1e+06,0.1,69.8,376000 4277000,9.5,Unsuitable,black,YES,233.635496,2657.603767,49.7096799999999
376000,4277000,CB4MH,1.64042,1e+06,7.49,80.52,376000 4277000,0.5,Suitable,dodgerblue,YES,233.635496,2657.603767,49.7096799999999
376000,4277000,CB4MH,26.24672,1e+06,0.1,70.2,376000 4277000,8,Unsuitable,black,YES,233.635496,2657.603767,49.7096799999999
376000,4277000,CB4MH,21.32546,1e+06,0.1,71.65,376000 4277000,6.5,Unsuitable,black,YES,233.635496,2657.603767,49.7096799999999
376000,4277000,CB4MH,24.6063,1e+06,0.1,70.68,376000 4277000,7.5,Unsuitable,black,YES,233.635496,2657.603767,49.7096799999999
376000,4277000,CB4MH,19.68504,1e+06,0.11,72.23,376000 4277000,6,Unsuitable,black,YES,233.635496,2657.603767,49.7096799999999
376000,4277000,CB4MH,27.88714,1e+06,0.1,69.91,376000 4277000,8.5,Unsuitable,black,YES,233.635496,2657.603767,49.7096799999999
376000,4277000,CB4MH,4.92126,1e+06,5.71,78.93,376000 4277000,1.5,Suitable,dodgerblue,YES,233.635496,2657.603767,49.7096799999999
376000,4277000,CB4MH,22.96588,1e+06,0.1,71.16,376000 4277000,7,Unsuitable,black,YES,233.635496,2657.603767,49.7096799999999
376000,4277000,CB4MH,14.76378,1e+06,1.26,75.05,376000 4277000,4.5,Unsuitable,black,YES,233.635496,2657.603767,49.7096799999999
376000,4277000,CB4MH,3.28084,1e+06,6.52,79.65,376000 4277000,1,Suitable,dodgerblue,YES,233.635496,2657.603767,49.7096799999999
376000,4277000,CB4MH,9.84252,1e+06,3.39,77.02,376000 4277000,3,Tolerable,yellow,YES,233.635496,2657.603767,49.7096799999999
376000,4277000,CB4MH,18.04462,1e+06,0.3,73.12,376000 4277000,5.5,Unsuitable,black,YES,233.635496,2657.603767,49.7096799999999
376000,4282000,CB4MH,19.68504,1e+06,0.12,72.08,376000 4282000,6,Unsuitable,black,YES,233.635496,2660.710622,52.8165349999999
376000,4282000,CB4MH,26.24672,1e+06,0.11,70.19,376000 4282000,8,Unsuitable,black,YES,233.635496,2660.710622,52.8165349999999
376000,4282000,CB4MH,13.12336,1e+06,1.79,75.77,376000 4282000,4,Unsuitable,black,YES,233.635496,2660.710622,52.8165349999999
376000,4282000,CB4MH,16.4042,1e+06,0.67,73.95,376000 4282000,5,Unsuitable,black,YES,233.635496,2660.710622,52.8165349999999
376000,4282000,CB4MH,31.16798,1e+06,0.1,69.81,376000 4282000,9.5,Unsuitable,black,YES,233.635496,2660.710622,52.8165349999999
376000,4282000,CB4MH,14.76378,1e+06,1.15,74.84,376000 4282000,4.5,Unsuitable,black,YES,233.635496,2660.710622,52.8165349999999
376000,4282000,CB4MH,21.32546,1e+06,0.11,71.54,376000 4282000,6.5,Unsuitable,black,YES,233.635496,2660.710622,52.8165349999999
376000,4282000,CB4MH,8.2021,1e+06,3.66,77.1,376000 4282000,2.5,Tolerable,yellow,YES,233.635496,2660.710622,52.8165349999999
376000,4282000,CB4MH,18.04462,1e+06,0.29,72.93,376000 4282000,5.5,Unsuitable,black,YES,233.635496,2660.710622,52.8165349999999
376000,4282000,CB4MH,11.48294,1e+06,2.42,76.32,376000 4282000,3.5,Marginal,orange,YES,233.635496,2660.710622,52.8165349999999
376000,4282000,CB4MH,32.8084,1e+06,0.1,69.79,376000 4282000,10,Unsuitable,black,YES,233.635496,2660.710622,52.8165349999999
376000,4282000,CB4MH,24.6063,1e+06,0.11,70.64,376000 4282000,7.5,Unsuitable,black,YES,233.635496,2660.710622,52.8165349999999
376000,4282000,CB4MH,27.88714,1e+06,0.1,69.92,376000 4282000,8.5,Unsuitable,black,YES,233.635496,2660.710622,52.8165349999999
376000,4282000,CB4MH,6.56168,1e+06,4.58,77.99,376000 4282000,2,Suitable,dodgerblue,YES,233.635496,2660.710622,52.8165349999999
376000,4282000,CB4MH,22.96588,1e+06,0.11,71.1,376000 4282000,7,Unsuitable,black,YES,233.635496,2660.710622,52.8165349999999
376000,4282000,CB4MH,9.84252,1e+06,2.94,76.3,376000 4282000,3,Marginal,orange,YES,233.635496,2660.710622,52.8165349999999
376000,4282000,CB4MH,0,1e+06,8.09,80.82,376000 4282000,0,Suitable,dodgerblue,YES,233.635496,2660.710622,52.8165349999999
376000,4282000,CB4MH,34.44882,1e+06,0.1,69.79,376000 4282000,10.5,Unsuitable,black,YES,233.635496,2660.710622,52.8165349999999
376000,4282000,CB4MH,1.64042,1e+06,7.6,80.37,376000 4282000,0.5,Suitable,dodgerblue,YES,233.635496,2660.710622,52.8165349999999
376000,4282000,CB4MH,4.92126,1e+06,5.41,78.55,376000 4282000,1.5,Suitable,dodgerblue,YES,233.635496,2660.710622,52.8165349999999
376000,4282000,CB4MH,3.28084,1e+06,6.53,79.47,376000 4282000,1,Suitable,dodgerblue,YES,233.635496,2660.710622,52.8165349999999
376000,4282000,CB4MH,29.52756,1e+06,0.1,69.82,376000 4282000,9,Unsuitable,black,YES,233.635496,2660.710622,52.8165349999999
376000,4283000,CB4MH,16.4042,1e+06,0.63,73.79,376000 4283000,5,Unsuitable,black,YES,233.635496,2661.331993,53.4379060000001
376000,4283000,CB4MH,3.28084,1e+06,6.59,79.47,376000 4283000,1,Suitable,dodgerblue,YES,233.635496,2661.331993,53.4379060000001
376000,4283000,CB4MH,4.92126,1e+06,5.37,78.45,376000 4283000,1.5,Suitable,dodgerblue,YES,233.635496,2661.331993,53.4379060000001
376000,4283000,CB4MH,27.88714,1e+06,0.11,69.93,376000 4283000,8.5,Unsuitable,black,YES,233.635496,2661.331993,53.4379060000001
376000,4283000,CB4MH,6.56168,1e+06,4.43,77.81,376000 4283000,2,Suitable,dodgerblue,YES,233.635496,2661.331993,53.4379060000001
376000,4283000,CB4MH,8.2021,1e+06,3.53,76.9,376000 4283000,2.5,Tolerable,yellow,YES,233.635496,2661.331993,53.4379060000001
376000,4283000,CB4MH,1.64042,1e+06,7.69,80.38,376000 4283000,0.5,Suitable,dodgerblue,YES,233.635496,2661.331993,53.4379060000001
376000,4283000,CB4MH,39.37008,1e+06,0.11,69.66,376000 4283000,12,Unsuitable,black,YES,233.635496,2661.331993,53.4379060000001
376000,4283000,CB4MH,9.84252,1e+06,2.85,76.09,376000 4283000,3,Marginal,orange,YES,233.635496,2661.331993,53.4379060000001
376000,4283000,CB4MH,31.16798,1e+06,0.1,69.81,376000 4283000,9.5,Unsuitable,black,YES,233.635496,2661.331993,53.4379060000001
376000,4283000,CB4MH,22.96588,1e+06,0.11,71.06,376000 4283000,7,Unsuitable,black,YES,233.635496,2661.331993,53.4379060000001
376000,4283000,CB4MH,42.65092,1e+06,0.1,69.1,376000 4283000,13,Unsuitable,black,YES,233.635496,2661.331993,53.4379060000001
376000,4283000,CB4MH,24.6063,1e+06,0.11,70.63,376000 4283000,7.5,Unsuitable,black,YES,233.635496,2661.331993,53.4379060000001
376000,4283000,CB4MH,11.48294,1e+06,2.4,76.31,376000 4283000,3.5,Marginal,orange,YES,233.635496,2661.331993,53.4379060000001
376000,4283000,CB4MH,0,1e+06,8.17,80.82,376000 4283000,0,Suitable,dodgerblue,YES,233.635496,2661.331993,53.4379060000001
376000,4283000,CB4MH,14.76378,1e+06,1.09,74.69,376000 4283000,4.5,Unsuitable,black,YES,233.635496,2661.331993,53.4379060000001
376000,4283000,CB4MH,36.08924,1e+06,0.11,69.76,376000 4283000,11,Unsuitable,black,YES,233.635496,2661.331993,53.4379060000001
376000,4283000,CB4MH,37.72966,1e+06,0.11,69.75,376000 4283000,11.5,Unsuitable,black,YES,233.635496,2661.331993,53.4379060000001
376000,4283000,CB4MH,32.8084,1e+06,0.1,69.78,376000 4283000,10,Unsuitable,black,YES,233.635496,2661.331993,53.4379060000001
376000,4283000,CB4MH,18.04462,1e+06,0.29,72.81,376000 4283000,5.5,Unsuitable,black,YES,233.635496,2661.331993,53.4379060000001
376000,4283000,CB4MH,45.93176,1e+06,0.1,69.1,376000 4283000,14,Unsuitable,black,YES,233.635496,2661.331993,53.4379060000001
376000,4283000,CB4MH,44.29134,1e+06,0.1,69.1,376000 4283000,13.5,Unsuitable,black,YES,233.635496,2661.331993,53.4379060000001
376000,4283000,CB4MH,19.68504,1e+06,0.12,71.99,376000 4283000,6,Unsuitable,black,YES,233.635496,2661.331993,53.4379060000001
376000,4283000,CB4MH,29.52756,1e+06,0.1,69.82,376000 4283000,9,Unsuitable,black,YES,233.635496,2661.331993,53.4379060000001
376000,4283000,CB4MH,13.12336,1e+06,1.71,75.67,376000 4283000,4,Unsuitable,black,YES,233.635496,2661.331993,53.4379060000001
376000,4283000,CB4MH,26.24672,1e+06,0.11,70.19,376000 4283000,8,Unsuitable,black,YES,233.635496,2661.331993,53.4379060000001
376000,4283000,CB4MH,34.44882,1e+06,0.1,69.79,376000 4283000,10.5,Unsuitable,black,YES,233.635496,2661.331993,53.4379060000001
376000,4283000,CB4MH,21.32546,1e+06,0.11,71.48,376000 4283000,6.5,Unsuitable,black,YES,233.635496,2661.331993,53.4379060000001
376000,4283000,CB4MH,41.0105,1e+06,0.15,69.47,376000 4283000,12.5,Unsuitable,black,YES,233.635496,2661.331993,53.4379060000001
376000,4284000,CB4MH,14.76378,1e+06,0.98,74.35,376000 4284000,4.5,Unsuitable,black,YES,233.635496,2661.953364,54.0592769999998
376000,4284000,CB4MH,18.04462,1e+06,0.26,72.6,376000 4284000,5.5,Unsuitable,black,YES,233.635496,2661.953364,54.0592769999998
376000,4284000,CB4MH,22.96588,1e+06,0.1,71.01,376000 4284000,7,Unsuitable,black,YES,233.635496,2661.953364,54.0592769999998
376000,4284000,CB4MH,31.16798,1e+06,0.09,69.78,376000 4284000,9.5,Unsuitable,black,YES,233.635496,2661.953364,54.0592769999998
376000,4284000,CB4MH,16.4042,1e+06,0.57,73.5,376000 4284000,5,Unsuitable,black,YES,233.635496,2661.953364,54.0592769999998
376000,4284000,CB4MH,13.12336,1e+06,1.53,75.29,376000 4284000,4,Unsuitable,black,YES,233.635496,2661.953364,54.0592769999998
376000,4284000,CB4MH,45.93176,1e+06,0.1,69.1,376000 4284000,14,Unsuitable,black,YES,233.635496,2661.953364,54.0592769999998
376000,4284000,CB4MH,32.8084,1e+06,0.1,69.77,376000 4284000,10,Unsuitable,black,YES,233.635496,2661.953364,54.0592769999998
376000,4284000,CB4MH,9.84252,1e+06,2.57,76.18,376000 4284000,3,Marginal,orange,YES,233.635496,2661.953364,54.0592769999998
376000,4284000,CB4MH,27.88714,1e+06,0.1,69.91,376000 4284000,8.5,Unsuitable,black,YES,233.635496,2661.953364,54.0592769999998
376000,4284000,CB4MH,34.44882,1e+06,0.1,69.78,376000 4284000,10.5,Unsuitable,black,YES,233.635496,2661.953364,54.0592769999998
376000,4284000,CB4MH,29.52756,1e+06,0.09,69.8,376000 4284000,9,Unsuitable,black,YES,233.635496,2661.953364,54.0592769999998
376000,4284000,CB4MH,19.68504,1e+06,0.11,71.87,376000 4284000,6,Unsuitable,black,YES,233.635496,2661.953364,54.0592769999998
376000,4284000,CB4MH,41.0105,1e+06,0.15,69.43,376000 4284000,12.5,Unsuitable,black,YES,233.635496,2661.953364,54.0592769999998
376000,4284000,CB4MH,11.48294,1e+06,2.03,75.88,376000 4284000,3.5,Marginal,orange,YES,233.635496,2661.953364,54.0592769999998
376000,4284000,CB4MH,39.37008,1e+06,0.11,69.64,376000 4284000,12,Unsuitable,black,YES,233.635496,2661.953364,54.0592769999998
376000,4284000,CB4MH,42.65092,1e+06,0.1,69.1,376000 4284000,13,Unsuitable,black,YES,233.635496,2661.953364,54.0592769999998
376000,4284000,CB4MH,4.92126,1e+06,5.38,78.76,376000 4284000,1.5,Suitable,dodgerblue,YES,233.635496,2661.953364,54.0592769999998
376000,4284000,CB4MH,3.28084,1e+06,6.86,79.92,376000 4284000,1,Suitable,dodgerblue,YES,233.635496,2661.953364,54.0592769999998
376000,4284000,CB4MH,36.08924,1e+06,0.11,69.74,376000 4284000,11,Unsuitable,black,YES,233.635496,2661.953364,54.0592769999998
376000,4284000,CB4MH,47.57218,1e+06,0.1,69.2,376000 4284000,14.5,Unsuitable,black,YES,233.635496,2661.953364,54.0592769999998
376000,4284000,CB4MH,26.24672,1e+06,0.1,70.15,376000 4284000,8,Unsuitable,black,YES,233.635496,2661.953364,54.0592769999998
376000,4284000,CB4MH,21.32546,1e+06,0.11,71.4,376000 4284000,6.5,Unsuitable,black,YES,233.635496,2661.953364,54.0592769999998
376000,4284000,CB4MH,1.64042,1e+06,8.16,80.95,376000 4284000,0.5,Suitable,dodgerblue,YES,233.635496,2661.953364,54.0592769999998
376000,4284000,CB4MH,8.2021,1e+06,3.32,77.1,376000 4284000,2.5,Tolerable,yellow,YES,233.635496,2661.953364,54.0592769999998
376000,4284000,CB4MH,44.29134,1e+06,0.1,69.1,376000 4284000,13.5,Unsuitable,black,YES,233.635496,2661.953364,54.0592769999998
376000,4284000,CB4MH,37.72966,1e+06,0.11,69.73,376000 4284000,11.5,Unsuitable,black,YES,233.635496,2661.953364,54.0592769999998
376000,4284000,CB4MH,24.6063,1e+06,0.1,70.59,376000 4284000,7.5,Unsuitable,black,YES,233.635496,2661.953364,54.0592769999998
376000,4284000,CB4MH,6.56168,1e+06,4.33,78.09,376000 4284000,2,Suitable,dodgerblue,YES,233.635496,2661.953364,54.0592769999998
376000,4284000,CB4MH,0,1e+06,8.65,81.42,376000 4284000,0,Suitable,dodgerblue,YES,233.635496,2661.953364,54.0592769999998
376000,4285000,CB4MH,13.12336,1e+06,1.37,75.03,376000 4285000,4,Unsuitable,black,YES,233.635496,2662.574735,54.680648
376000,4285000,CB4MH,6.56168,1e+06,4.31,78.07,376000 4285000,2,Suitable,dodgerblue,YES,233.635496,2662.574735,54.680648
376000,4285000,CB4MH,14.76378,1e+06,0.87,74.06,376000 4285000,4.5,Unsuitable,black,YES,233.635496,2662.574735,54.680648
376000,4285000,CB4MH,9.84252,1e+06,2.5,76.09,376000 4285000,3,Marginal,orange,YES,233.635496,2662.574735,54.680648
376000,4285000,CB4MH,27.88714,1e+06,0.09,69.91,376000 4285000,8.5,Unsuitable,black,YES,233.635496,2662.574735,54.680648
376000,4285000,CB4MH,31.16798,1e+06,0.09,69.77,376000 4285000,9.5,Unsuitable,black,YES,233.635496,2662.574735,54.680648
376000,4285000,CB4MH,16.4042,1e+06,0.51,73.22,376000 4285000,5,Unsuitable,black,YES,233.635496,2662.574735,54.680648
376000,4285000,CB4MH,24.6063,1e+06,0.1,70.55,376000 4285000,7.5,Unsuitable,black,YES,233.635496,2662.574735,54.680648
376000,4285000,CB4MH,4.92126,1e+06,5.41,78.77,376000 4285000,1.5,Suitable,dodgerblue,YES,233.635496,2662.574735,54.680648
376000,4285000,CB4MH,29.52756,1e+06,0.09,69.8,376000 4285000,9,Unsuitable,black,YES,233.635496,2662.574735,54.680648
376000,4285000,CB4MH,26.24672,1e+06,0.1,70.13,376000 4285000,8,Unsuitable,black,YES,233.635496,2662.574735,54.680648
376000,4285000,CB4MH,32.8084,1e+06,0.1,69.76,376000 4285000,10,Unsuitable,black,YES,233.635496,2662.574735,54.680648
376000,4285000,CB4MH,18.04462,1e+06,0.24,72.39,376000 4285000,5.5,Unsuitable,black,YES,233.635496,2662.574735,54.680648
376000,4285000,CB4MH,21.32546,1e+06,0.1,71.3,376000 4285000,6.5,Unsuitable,black,YES,233.635496,2662.574735,54.680648
376000,4285000,CB4MH,0,1e+06,8.88,81.54,376000 4285000,0,Suitable,dodgerblue,YES,233.635496,2662.574735,54.680648
376000,4285000,CB4MH,3.28084,1e+06,7.02,80,376000 4285000,1,Suitable,dodgerblue,YES,233.635496,2662.574735,54.680648
376000,4285000,CB4MH,19.68504,1e+06,0.11,71.73,376000 4285000,6,Unsuitable,black,YES,233.635496,2662.574735,54.680648
376000,4285000,CB4MH,34.44882,1e+06,0.1,69.77,376000 4285000,10.5,Unsuitable,black,YES,233.635496,2662.574735,54.680648
376000,4285000,CB4MH,11.48294,1e+06,1.88,75.71,376000 4285000,3.5,Unsuitable,black,YES,233.635496,2662.574735,54.680648
376000,4285000,CB4MH,1.64042,1e+06,8.39,81.07,376000 4285000,0.5,Suitable,dodgerblue,YES,233.635496,2662.574735,54.680648
376000,4285000,CB4MH,36.08924,1e+06,0.11,69.71,376000 4285000,11,Unsuitable,black,YES,233.635496,2662.574735,54.680648
376000,4285000,CB4MH,22.96588,1e+06,0.1,70.95,376000 4285000,7,Unsuitable,black,YES,233.635496,2662.574735,54.680648
376000,4285000,CB4MH,8.2021,1e+06,3.27,77.05,376000 4285000,2.5,Tolerable,yellow,YES,233.635496,2662.574735,54.680648
376000,4289000,CB4MH,11.48294,1e+06,1.11,74.84,376000 4289000,3.5,Unsuitable,black,YES,233.635496,2665.060219,57.1661319999998
376000,4289000,CB4MH,26.24672,1e+06,0.07,70.03,376000 4289000,8,Unsuitable,black,YES,233.635496,2665.060219,57.1661319999998
376000,4289000,CB4MH,13.12336,1e+06,0.69,73.9,376000 4289000,4,Unsuitable,black,YES,233.635496,2665.060219,57.1661319999998
376000,4289000,CB4MH,24.6063,1e+06,0.07,70.41,376000 4289000,7.5,Unsuitable,black,YES,233.635496,2665.060219,57.1661319999998
376000,4289000,CB4MH,14.76378,1e+06,0.44,72.87,376000 4289000,4.5,Unsuitable,black,YES,233.635496,2665.060219,57.1661319999998
376000,4289000,CB4MH,21.32546,1e+06,0.08,70.88,376000 4289000,6.5,Unsuitable,black,YES,233.635496,2665.060219,57.1661319999998
376000,4289000,CB4MH,29.52756,1e+06,0.07,69.77,376000 4289000,9,Unsuitable,black,YES,233.635496,2665.060219,57.1661319999998
376000,4289000,CB4MH,27.88714,1e+06,0.07,69.88,376000 4289000,8.5,Unsuitable,black,YES,233.635496,2665.060219,57.1661319999998
376000,4289000,CB4MH,16.4042,1e+06,0.27,72.06,376000 4289000,5,Unsuitable,black,YES,233.635496,2665.060219,57.1661319999998
376000,4289000,CB4MH,9.84252,1e+06,2.14,75.93,376000 4289000,3,Marginal,orange,YES,233.635496,2665.060219,57.1661319999998
376000,4289000,CB4MH,18.04462,1e+06,0.15,71.53,376000 4289000,5.5,Unsuitable,black,YES,233.635496,2665.060219,57.1661319999998
376000,4289000,CB4MH,31.16798,1e+06,0.08,69.73,376000 4289000,9.5,Unsuitable,black,YES,233.635496,2665.060219,57.1661319999998
376000,4289000,CB4MH,22.96588,1e+06,0.08,70.71,376000 4289000,7,Unsuitable,black,YES,233.635496,2665.060219,57.1661319999998
376000,4289000,CB4MH,19.68504,1e+06,0.09,71.14,376000 4289000,6,Unsuitable,black,YES,233.635496,2665.060219,57.1661319999998
376000,4289000,CB4MH,32.8084,1e+06,0.09,69.7,376000 4289000,10,Unsuitable,black,YES,233.635496,2665.060219,57.1661319999998
376000,4289000,CB4MH,6.56168,1e+06,4.86,78.29,376000 4289000,2,Suitable,dodgerblue,YES,233.635496,2665.060219,57.1661319999998
376000,4289000,CB4MH,3.28084,1e+06,7.02,79.54,376000 4289000,1,Suitable,dodgerblue,YES,233.635496,2665.060219,57.1661319999998
376000,4289000,CB4MH,4.92126,1e+06,5.49,78.58,376000 4289000,1.5,Suitable,dodgerblue,YES,233.635496,2665.060219,57.1661319999998
376000,4289000,CB4MH,0,1e+06,9.53,81.24,376000 4289000,0,Suitable,dodgerblue,YES,233.635496,2665.060219,57.1661319999998
376000,4289000,CB4MH,8.2021,1e+06,3.71,77.4,376000 4289000,2.5,Tolerable,yellow,YES,233.635496,2665.060219,57.1661319999998
376000,4289000,CB4MH,1.64042,1e+06,8.85,80.75,376000 4289000,0.5,Suitable,dodgerblue,YES,233.635496,2665.060219,57.1661319999998
376000,4290000,CB4MH,27.88714,1e+06,0.07,69.87,376000 4290000,8.5,Unsuitable,black,YES,233.635496,2665.68159,57.787503
376000,4290000,CB4MH,21.32546,1e+06,0.07,70.79,376000 4290000,6.5,Unsuitable,black,YES,233.635496,2665.68159,57.787503
376000,4290000,CB4MH,26.24672,1e+06,0.07,70.01,376000 4290000,8,Unsuitable,black,YES,233.635496,2665.68159,57.787503
376000,4290000,CB4MH,14.76378,1e+06,0.38,72.24,376000 4290000,4.5,Unsuitable,black,YES,233.635496,2665.68159,57.787503
376000,4290000,CB4MH,1.64042,1e+06,8.98,80.76,376000 4290000,0.5,Suitable,dodgerblue,YES,233.635496,2665.68159,57.787503
376000,4290000,CB4MH,8.2021,1e+06,3.63,77.33,376000 4290000,2.5,Tolerable,yellow,YES,233.635496,2665.68159,57.787503
376000,4290000,CB4MH,16.4042,1e+06,0.21,71.44,376000 4290000,5,Unsuitable,black,YES,233.635496,2665.68159,57.787503
376000,4290000,CB4MH,6.56168,1e+06,4.8,78.23,376000 4290000,2,Suitable,dodgerblue,YES,233.635496,2665.68159,57.787503
376000,4290000,CB4MH,9.84252,1e+06,2.03,75.83,376000 4290000,3,Marginal,orange,YES,233.635496,2665.68159,57.787503
376000,4290000,CB4MH,13.12336,1e+06,0.57,73.2,376000 4290000,4,Unsuitable,black,YES,233.635496,2665.68159,57.787503
376000,4290000,CB4MH,31.16798,1e+06,0.07,69.72,376000 4290000,9.5,Unsuitable,black,YES,233.635496,2665.68159,57.787503
376000,4290000,CB4MH,19.68504,1e+06,0.08,71.02,376000 4290000,6,Unsuitable,black,YES,233.635496,2665.68159,57.787503
376000,4290000,CB4MH,18.04462,1e+06,0.11,71.01,376000 4290000,5.5,Unsuitable,black,YES,233.635496,2665.68159,57.787503
376000,4290000,CB4MH,24.6063,1e+06,0.07,70.38,376000 4290000,7.5,Unsuitable,black,YES,233.635496,2665.68159,57.787503
376000,4290000,CB4MH,36.08924,1e+06,0.11,69.51,376000 4290000,11,Unsuitable,black,YES,233.635496,2665.68159,57.787503
376000,4290000,CB4MH,22.96588,1e+06,0.07,70.66,376000 4290000,7,Unsuitable,black,YES,233.635496,2665.68159,57.787503
376000,4290000,CB4MH,11.48294,1e+06,0.92,74.61,376000 4290000,3.5,Unsuitable,black,YES,233.635496,2665.68159,57.787503
376000,4290000,CB4MH,29.52756,1e+06,0.06,69.77,376000 4290000,9,Unsuitable,black,YES,233.635496,2665.68159,57.787503
376000,4290000,CB4MH,37.72966,1e+06,0.11,69.45,376000 4290000,11.5,Unsuitable,black,YES,233.635496,2665.68159,57.787503
376000,4290000,CB4MH,32.8084,1e+06,0.09,69.68,376000 4290000,10,Unsuitable,black,YES,233.635496,2665.68159,57.787503
376000,4290000,CB4MH,3.28084,1e+06,7.07,79.52,376000 4290000,1,Suitable,dodgerblue,YES,233.635496,2665.68159,57.787503
376000,4290000,CB4MH,0,1e+06,9.69,81.27,376000 4290000,0,Suitable,dodgerblue,YES,233.635496,2665.68159,57.787503
376000,4290000,CB4MH,34.44882,1e+06,0.1,69.72,376000 4290000,10.5,Unsuitable,black,YES,233.635496,2665.68159,57.787503
376000,4290000,CB4MH,4.92126,1e+06,5.47,78.54,376000 4290000,1.5,Suitable,dodgerblue,YES,233.635496,2665.68159,57.787503
376000,4291000,CB4MH,6.56168,1e+06,4.76,78.19,376000 4291000,2,Suitable,dodgerblue,YES,233.635496,2666.302961,58.4088739999998
376000,4291000,CB4MH,24.6063,1e+06,0.06,70.35,376000 4291000,7.5,Unsuitable,black,YES,233.635496,2666.302961,58.4088739999998
376000,4291000,CB4MH,21.32546,1e+06,0.07,70.72,376000 4291000,6.5,Unsuitable,black,YES,233.635496,2666.302961,58.4088739999998
376000,4291000,CB4MH,18.04462,1e+06,0.09,70.89,376000 4291000,5.5,Unsuitable,black,YES,233.635496,2666.302961,58.4088739999998
376000,4291000,CB4MH,11.48294,1e+06,0.74,74.4,376000 4291000,3.5,Unsuitable,black,YES,233.635496,2666.302961,58.4088739999998
376000,4291000,CB4MH,9.84252,1e+06,1.94,75.75,376000 4291000,3,Unsuitable,black,YES,233.635496,2666.302961,58.4088739999998
376000,4291000,CB4MH,22.96588,1e+06,0.06,70.61,376000 4291000,7,Unsuitable,black,YES,233.635496,2666.302961,58.4088739999998
376000,4291000,CB4MH,27.88714,1e+06,0.06,69.86,376000 4291000,8.5,Unsuitable,black,YES,233.635496,2666.302961,58.4088739999998
376000,4291000,CB4MH,29.52756,1e+06,0.06,69.76,376000 4291000,9,Unsuitable,black,YES,233.635496,2666.302961,58.4088739999998
376000,4291000,CB4MH,31.16798,1e+06,0.07,69.71,376000 4291000,9.5,Unsuitable,black,YES,233.635496,2666.302961,58.4088739999998
376000,4291000,CB4MH,3.28084,1e+06,7.11,79.51,376000 4291000,1,Suitable,dodgerblue,YES,233.635496,2666.302961,58.4088739999998
376000,4291000,CB4MH,19.68504,1e+06,0.07,70.91,376000 4291000,6,Unsuitable,black,YES,233.635496,2666.302961,58.4088739999998
376000,4291000,CB4MH,39.37008,1e+06,0.11,69.3,376000 4291000,12,Unsuitable,black,YES,233.635496,2666.302961,58.4088739999998
376000,4291000,CB4MH,14.76378,1e+06,0.3,72.07,376000 4291000,4.5,Unsuitable,black,YES,233.635496,2666.302961,58.4088739999998
376000,4291000,CB4MH,45.93176,1e+06,0.1,69.1,376000 4291000,14,Unsuitable,black,YES,233.635496,2666.302961,58.4088739999998
376000,4291000,CB4MH,41.0105,1e+06,0.11,69.17,376000 4291000,12.5,Unsuitable,black,YES,233.635496,2666.302961,58.4088739999998
376000,4291000,CB4MH,4.92126,1e+06,5.46,78.51,376000 4291000,1.5,Suitable,dodgerblue,YES,233.635496,2666.302961,58.4088739999998
376000,4291000,CB4MH,36.08924,1e+06,0.11,69.46,376000 4291000,11,Unsuitable,black,YES,233.635496,2666.302961,58.4088739999998
376000,4291000,CB4MH,32.8084,1e+06,0.09,69.67,376000 4291000,10,Unsuitable,black,YES,233.635496,2666.302961,58.4088739999998
376000,4291000,CB4MH,13.12336,1e+06,0.46,73.04,376000 4291000,4,Unsuitable,black,YES,233.635496,2666.302961,58.4088739999998
376000,4291000,CB4MH,44.29134,1e+06,0.1,69.1,376000 4291000,13.5,Unsuitable,black,YES,233.635496,2666.302961,58.4088739999998
376000,4291000,CB4MH,37.72966,1e+06,0.11,69.4,376000 4291000,11.5,Unsuitable,black,YES,233.635496,2666.302961,58.4088739999998
376000,4291000,CB4MH,34.44882,1e+06,0.1,69.71,376000 4291000,10.5,Unsuitable,black,YES,233.635496,2666.302961,58.4088739999998
376000,4291000,CB4MH,1.64042,1e+06,9.09,80.77,376000 4291000,0.5,Suitable,dodgerblue,YES,233.635496,2666.302961,58.4088739999998
376000,4291000,CB4MH,26.24672,1e+06,0.06,69.99,376000 4291000,8,Unsuitable,black,YES,233.635496,2666.302961,58.4088739999998
376000,4291000,CB4MH,42.65092,1e+06,0.1,69.1,376000 4291000,13,Unsuitable,black,YES,233.635496,2666.302961,58.4088739999998
376000,4291000,CB4MH,0,1e+06,9.83,81.29,376000 4291000,0,Suitable,dodgerblue,YES,233.635496,2666.302961,58.4088739999998
376000,4291000,CB4MH,8.2021,1e+06,3.57,77.28,376000 4291000,2.5,Tolerable,yellow,YES,233.635496,2666.302961,58.4088739999998
376000,4291000,CB4MH,47.57218,1e+06,0.1,69.2,376000 4291000,14.5,Unsuitable,black,YES,233.635496,2666.302961,58.4088739999998
376000,4291000,CB4MH,16.4042,1e+06,0.17,71.28,376000 4291000,5,Unsuitable,black,YES,233.635496,2666.302961,58.4088739999998
376000,4292000,CB4MH,11.48294,1e+06,0.59,74.21,376000 4292000,3.5,Unsuitable,black,YES,233.635496,2666.924332,59.0302449999999
376000,4292000,CB4MH,37.72966,1e+06,0.11,69.35,376000 4292000,11.5,Unsuitable,black,YES,233.635496,2666.924332,59.0302449999999
376000,4292000,CB4MH,1.64042,1e+06,9.08,80.42,376000 4292000,0.5,Suitable,dodgerblue,YES,233.635496,2666.924332,59.0302449999999
376000,4292000,CB4MH,31.16798,1e+06,0.07,69.7,376000 4292000,9.5,Unsuitable,black,YES,233.635496,2666.924332,59.0302449999999
376000,4292000,CB4MH,26.24672,1e+06,0.06,69.97,376000 4292000,8,Unsuitable,black,YES,233.635496,2666.924332,59.0302449999999
376000,4292000,CB4MH,39.37008,1e+06,0.11,69.25,376000 4292000,12,Unsuitable,black,YES,233.635496,2666.924332,59.0302449999999
376000,4292000,CB4MH,42.65092,1e+06,0.1,69.1,376000 4292000,13,Unsuitable,black,YES,233.635496,2666.924332,59.0302449999999
376000,4292000,CB4MH,13.12336,1e+06,0.37,72.91,376000 4292000,4,Unsuitable,black,YES,233.635496,2666.924332,59.0302449999999
376000,4292000,CB4MH,6.56168,1e+06,4.74,78.16,376000 4292000,2,Suitable,dodgerblue,YES,233.635496,2666.924332,59.0302449999999
376000,4292000,CB4MH,29.52756,1e+06,0.06,69.75,376000 4292000,9,Unsuitable,black,YES,233.635496,2666.924332,59.0302449999999
376000,4292000,CB4MH,19.68504,1e+06,0.06,70.83,376000 4292000,6,Unsuitable,black,YES,233.635496,2666.924332,59.0302449999999
376000,4292000,CB4MH,9.84252,1e+06,1.89,75.69,376000 4292000,3,Unsuitable,black,YES,233.635496,2666.924332,59.0302449999999
376000,4292000,CB4MH,27.88714,1e+06,0.06,69.85,376000 4292000,8.5,Unsuitable,black,YES,233.635496,2666.924332,59.0302449999999
376000,4292000,CB4MH,8.2021,1e+06,3.54,77.24,376000 4292000,2.5,Tolerable,yellow,YES,233.635496,2666.924332,59.0302449999999
376000,4292000,CB4MH,36.08924,1e+06,0.1,69.42,376000 4292000,11,Unsuitable,black,YES,233.635496,2666.924332,59.0302449999999
376000,4292000,CB4MH,24.6063,1e+06,0.06,70.32,376000 4292000,7.5,Unsuitable,black,YES,233.635496,2666.924332,59.0302449999999
376000,4292000,CB4MH,0,1e+06,9.89,81.04,376000 4292000,0,Suitable,dodgerblue,YES,233.635496,2666.924332,59.0302449999999
376000,4292000,CB4MH,4.92126,1e+06,5.46,78.49,376000 4292000,1.5,Suitable,dodgerblue,YES,233.635496,2666.924332,59.0302449999999
376000,4292000,CB4MH,18.04462,1e+06,0.08,70.81,376000 4292000,5.5,Unsuitable,black,YES,233.635496,2666.924332,59.0302449999999
376000,4292000,CB4MH,22.96588,1e+06,0.06,70.57,376000 4292000,7,Unsuitable,black,YES,233.635496,2666.924332,59.0302449999999
376000,4292000,CB4MH,41.0105,1e+06,0.11,69.15,376000 4292000,12.5,Unsuitable,black,YES,233.635496,2666.924332,59.0302449999999
376000,4292000,CB4MH,34.44882,1e+06,0.1,69.69,376000 4292000,10.5,Unsuitable,black,YES,233.635496,2666.924332,59.0302449999999
376000,4292000,CB4MH,3.28084,1e+06,7.06,79.17,376000 4292000,1,Suitable,dodgerblue,YES,233.635496,2666.924332,59.0302449999999
376000,4292000,CB4MH,14.76378,1e+06,0.24,71.94,376000 4292000,4.5,Unsuitable,black,YES,233.635496,2666.924332,59.0302449999999
376000,4292000,CB4MH,21.32546,1e+06,0.06,70.66,376000 4292000,6.5,Unsuitable,black,YES,233.635496,2666.924332,59.0302449999999
376000,4292000,CB4MH,16.4042,1e+06,0.14,71.17,376000 4292000,5,Unsuitable,black,YES,233.635496,2666.924332,59.0302449999999
376000,4292000,CB4MH,32.8084,1e+06,0.09,69.65,376000 4292000,10,Unsuitable,black,YES,233.635496,2666.924332,59.0302449999999
376000,4293000,CB4MH,24.6063,1e+06,0.05,70.29,376000 4293000,7.5,Unsuitable,black,YES,233.635496,2667.545703,59.6516160000001
376000,4293000,CB4MH,19.68504,1e+06,0.06,70.77,376000 4293000,6,Unsuitable,black,YES,233.635496,2667.545703,59.6516160000001
376000,4293000,CB4MH,4.92126,1e+06,5.47,78.46,376000 4293000,1.5,Suitable,dodgerblue,YES,233.635496,2667.545703,59.6516160000001
376000,4293000,CB4MH,21.32546,1e+06,0.06,70.61,376000 4293000,6.5,Unsuitable,black,YES,233.635496,2667.545703,59.6516160000001
376000,4293000,CB4MH,36.08924,1e+06,0.1,69.39,376000 4293000,11,Unsuitable,black,YES,233.635496,2667.545703,59.6516160000001
376000,4293000,CB4MH,26.24672,1e+06,0.05,69.94,376000 4293000,8,Unsuitable,black,YES,233.635496,2667.545703,59.6516160000001
376000,4293000,CB4MH,34.44882,1e+06,0.1,69.67,376000 4293000,10.5,Unsuitable,black,YES,233.635496,2667.545703,59.6516160000001
376000,4293000,CB4MH,9.84252,1e+06,1.85,75.64,376000 4293000,3,Unsuitable,black,YES,233.635496,2667.545703,59.6516160000001
376000,4293000,CB4MH,27.88714,1e+06,0.05,69.84,376000 4293000,8.5,Unsuitable,black,YES,233.635496,2667.545703,59.6516160000001
376000,4293000,CB4MH,22.96588,1e+06,0.05,70.53,376000 4293000,7,Unsuitable,black,YES,233.635496,2667.545703,59.6516160000001
376000,4293000,CB4MH,1.64042,1e+06,9.18,80.47,376000 4293000,0.5,Suitable,dodgerblue,YES,233.635496,2667.545703,59.6516160000001
376000,4293000,CB4MH,3.28084,1e+06,7.11,79.2,376000 4293000,1,Suitable,dodgerblue,YES,233.635496,2667.545703,59.6516160000001
376000,4293000,CB4MH,11.48294,1e+06,0.46,74.03,376000 4293000,3.5,Unsuitable,black,YES,233.635496,2667.545703,59.6516160000001
376000,4293000,CB4MH,6.56168,1e+06,4.74,78.14,376000 4293000,2,Suitable,dodgerblue,YES,233.635496,2667.545703,59.6516160000001
376000,4293000,CB4MH,32.8084,1e+06,0.09,69.63,376000 4293000,10,Unsuitable,black,YES,233.635496,2667.545703,59.6516160000001
376000,4293000,CB4MH,0,1e+06,10,81.09,376000 4293000,0,Suitable,dodgerblue,YES,233.635496,2667.545703,59.6516160000001
376000,4293000,CB4MH,13.12336,1e+06,0.29,72.8,376000 4293000,4,Unsuitable,black,YES,233.635496,2667.545703,59.6516160000001
376000,4293000,CB4MH,18.04462,1e+06,0.07,70.76,376000 4293000,5.5,Unsuitable,black,YES,233.635496,2667.545703,59.6516160000001
376000,4293000,CB4MH,14.76378,1e+06,0.19,71.84,376000 4293000,4.5,Unsuitable,black,YES,233.635496,2667.545703,59.6516160000001
376000,4293000,CB4MH,8.2021,1e+06,3.51,77.21,376000 4293000,2.5,Tolerable,yellow,YES,233.635496,2667.545703,59.6516160000001
376000,4293000,CB4MH,31.16798,1e+06,0.06,69.68,376000 4293000,9.5,Unsuitable,black,YES,233.635496,2667.545703,59.6516160000001
376000,4293000,CB4MH,37.72966,1e+06,0.1,69.31,376000 4293000,11.5,Unsuitable,black,YES,233.635496,2667.545703,59.6516160000001
376000,4293000,CB4MH,29.52756,1e+06,0.05,69.73,376000 4293000,9,Unsuitable,black,YES,233.635496,2667.545703,59.6516160000001
376000,4293000,CB4MH,16.4042,1e+06,0.11,71.09,376000 4293000,5,Unsuitable,black,YES,233.635496,2667.545703,59.6516160000001
377000,4262000,CB4MH,18.04462,1e+06,0.43,72.22,377000 4262000,5.5,Unsuitable,black,YES,234.256867,2648.283202,40.389115
377000,4262000,CB4MH,8.2021,1e+06,3.91,76.49,377000 4262000,2.5,Tolerable,yellow,YES,234.256867,2648.283202,40.389115
377000,4262000,CB4MH,26.24672,1e+06,0.27,70.46,377000 4262000,8,Unsuitable,black,YES,234.256867,2648.283202,40.389115
377000,4262000,CB4MH,1.64042,1e+06,8.18,80.2,377000 4262000,0.5,Suitable,dodgerblue,YES,234.256867,2648.283202,40.389115
377000,4262000,CB4MH,31.16798,1e+06,0.21,70.07,377000 4262000,9.5,Unsuitable,black,YES,234.256867,2648.283202,40.389115
377000,4262000,CB4MH,21.32546,1e+06,0.34,71.24,377000 4262000,6.5,Unsuitable,black,YES,234.256867,2648.283202,40.389115
377000,4262000,CB4MH,24.6063,1e+06,0.26,70.58,377000 4262000,7.5,Unsuitable,black,YES,234.256867,2648.283202,40.389115
377000,4262000,CB4MH,0,1e+06,8.25,80.47,377000 4262000,0,Suitable,dodgerblue,YES,234.256867,2648.283202,40.389115
377000,4262000,CB4MH,34.44882,1e+06,0.32,70.28,377000 4262000,10.5,Unsuitable,black,YES,234.256867,2648.283202,40.389115
377000,4262000,CB4MH,3.28084,1e+06,7.74,79.55,377000 4262000,1,Suitable,dodgerblue,YES,234.256867,2648.283202,40.389115
377000,4262000,CB4MH,14.76378,1e+06,0.73,72.66,377000 4262000,4.5,Unsuitable,black,YES,234.256867,2648.283202,40.389115
377000,4262000,CB4MH,6.56168,1e+06,5.33,77.45,377000 4262000,2,Suitable,dodgerblue,YES,234.256867,2648.283202,40.389115
377000,4262000,CB4MH,27.88714,1e+06,0.26,70.33,377000 4262000,8.5,Unsuitable,black,YES,234.256867,2648.283202,40.389115
377000,4262000,CB4MH,13.12336,1e+06,1.46,73.96,377000 4262000,4,Unsuitable,black,YES,234.256867,2648.283202,40.389115
377000,4262000,CB4MH,19.68504,1e+06,0.39,71.58,377000 4262000,6,Unsuitable,black,YES,234.256867,2648.283202,40.389115
377000,4262000,CB4MH,11.48294,1e+06,2.73,75.62,377000 4262000,3.5,Marginal,orange,YES,234.256867,2648.283202,40.389115
377000,4262000,CB4MH,4.92126,1e+06,6.59,78.42,377000 4262000,1.5,Suitable,dodgerblue,YES,234.256867,2648.283202,40.389115
377000,4262000,CB4MH,32.8084,1e+06,0.32,70.34,377000 4262000,10,Unsuitable,black,YES,234.256867,2648.283202,40.389115
377000,4262000,CB4MH,29.52756,1e+06,0.23,70.16,377000 4262000,9,Unsuitable,black,YES,234.256867,2648.283202,40.389115
377000,4262000,CB4MH,16.4042,1e+06,0.55,72.08,377000 4262000,5,Unsuitable,black,YES,234.256867,2648.283202,40.389115
377000,4262000,CB4MH,9.84252,1e+06,2.9,75.74,377000 4262000,3,Marginal,orange,YES,234.256867,2648.283202,40.389115
377000,4262000,CB4MH,22.96588,1e+06,0.28,70.87,377000 4262000,7,Unsuitable,black,YES,234.256867,2648.283202,40.389115
377000,4263000,CB4MH,19.68504,1e+06,0.34,71.46,377000 4263000,6,Unsuitable,black,YES,234.256867,2648.904573,41.0104860000001
377000,4263000,CB4MH,26.24672,1e+06,0.23,70.35,377000 4263000,8,Unsuitable,black,YES,234.256867,2648.904573,41.0104860000001
377000,4263000,CB4MH,16.4042,1e+06,0.5,72.12,377000 4263000,5,Unsuitable,black,YES,234.256867,2648.904573,41.0104860000001
377000,4263000,CB4MH,21.32546,1e+06,0.29,71.11,377000 4263000,6.5,Unsuitable,black,YES,234.256867,2648.904573,41.0104860000001
377000,4263000,CB4MH,29.52756,1e+06,0.19,70.06,377000 4263000,9,Unsuitable,black,YES,234.256867,2648.904573,41.0104860000001
377000,4263000,CB4MH,24.6063,1e+06,0.22,70.48,377000 4263000,7.5,Unsuitable,black,YES,234.256867,2648.904573,41.0104860000001
377000,4263000,CB4MH,4.92126,1e+06,6.51,78.52,377000 4263000,1.5,Suitable,dodgerblue,YES,234.256867,2648.904573,41.0104860000001
377000,4263000,CB4MH,6.56168,1e+06,5.26,77.57,377000 4263000,2,Suitable,dodgerblue,YES,234.256867,2648.904573,41.0104860000001
377000,4263000,CB4MH,27.88714,1e+06,0.22,70.22,377000 4263000,8.5,Unsuitable,black,YES,234.256867,2648.904573,41.0104860000001
377000,4263000,CB4MH,14.76378,1e+06,0.69,72.74,377000 4263000,4.5,Unsuitable,black,YES,234.256867,2648.904573,41.0104860000001
377000,4263000,CB4MH,18.04462,1e+06,0.39,72.12,377000 4263000,5.5,Unsuitable,black,YES,234.256867,2648.904573,41.0104860000001
377000,4263000,CB4MH,13.12336,1e+06,1.43,74.07,377000 4263000,4,Unsuitable,black,YES,234.256867,2648.904573,41.0104860000001
377000,4263000,CB4MH,11.48294,1e+06,2.7,75.75,377000 4263000,3.5,Marginal,orange,YES,234.256867,2648.904573,41.0104860000001
377000,4263000,CB4MH,3.28084,1e+06,7.68,79.68,377000 4263000,1,Suitable,dodgerblue,YES,234.256867,2648.904573,41.0104860000001
377000,4263000,CB4MH,9.84252,1e+06,2.98,76.02,377000 4263000,3,Marginal,orange,YES,234.256867,2648.904573,41.0104860000001
377000,4263000,CB4MH,0,1e+06,8.22,80.62,377000 4263000,0,Suitable,dodgerblue,YES,234.256867,2648.904573,41.0104860000001
377000,4263000,CB4MH,34.44882,1e+06,0.27,70.16,377000 4263000,10.5,Unsuitable,black,YES,234.256867,2648.904573,41.0104860000001
377000,4263000,CB4MH,32.8084,1e+06,0.26,70.2,377000 4263000,10,Unsuitable,black,YES,234.256867,2648.904573,41.0104860000001
377000,4263000,CB4MH,31.16798,1e+06,0.18,69.98,377000 4263000,9.5,Unsuitable,black,YES,234.256867,2648.904573,41.0104860000001
377000,4263000,CB4MH,1.64042,1e+06,8.15,80.34,377000 4263000,0.5,Suitable,dodgerblue,YES,234.256867,2648.904573,41.0104860000001
377000,4263000,CB4MH,8.2021,1e+06,3.93,76.71,377000 4263000,2.5,Tolerable,yellow,YES,234.256867,2648.904573,41.0104860000001
377000,4263000,CB4MH,22.96588,1e+06,0.24,70.76,377000 4263000,7,Unsuitable,black,YES,234.256867,2648.904573,41.0104860000001
377000,4278000,CB4MH,22.96588,1e+06,0.1,71.2,377000 4278000,7,Unsuitable,black,YES,234.256867,2658.225138,50.3310510000001
377000,4278000,CB4MH,24.6063,1e+06,0.1,70.7,377000 4278000,7.5,Unsuitable,black,YES,234.256867,2658.225138,50.3310510000001
377000,4278000,CB4MH,9.84252,1e+06,3.65,77.23,377000 4278000,3,Tolerable,yellow,YES,234.256867,2658.225138,50.3310510000001
377000,4278000,CB4MH,13.12336,1e+06,1.95,75.99,377000 4278000,4,Unsuitable,black,YES,234.256867,2658.225138,50.3310510000001
377000,4278000,CB4MH,11.48294,1e+06,2.76,76.56,377000 4278000,3.5,Marginal,orange,YES,234.256867,2658.225138,50.3310510000001
377000,4278000,CB4MH,29.52756,1e+06,0.1,69.8,377000 4278000,9,Unsuitable,black,YES,234.256867,2658.225138,50.3310510000001
377000,4278000,CB4MH,4.92126,1e+06,5.87,79.04,377000 4278000,1.5,Suitable,dodgerblue,YES,234.256867,2658.225138,50.3310510000001
377000,4278000,CB4MH,3.28084,1e+06,6.55,79.65,377000 4278000,1,Suitable,dodgerblue,YES,234.256867,2658.225138,50.3310510000001
377000,4278000,CB4MH,19.68504,1e+06,0.1,72.29,377000 4278000,6,Unsuitable,black,YES,234.256867,2658.225138,50.3310510000001
377000,4278000,CB4MH,31.16798,1e+06,0.1,69.8,377000 4278000,9.5,Unsuitable,black,YES,234.256867,2658.225138,50.3310510000001
377000,4278000,CB4MH,34.44882,1e+06,0.1,69.8,377000 4278000,10.5,Unsuitable,black,YES,234.256867,2658.225138,50.3310510000001
377000,4278000,CB4MH,6.56168,1e+06,5.65,78.93,377000 4278000,2,Suitable,dodgerblue,YES,234.256867,2658.225138,50.3310510000001
377000,4278000,CB4MH,21.32546,1e+06,0.1,71.69,377000 4278000,6.5,Unsuitable,black,YES,234.256867,2658.225138,50.3310510000001
377000,4278000,CB4MH,18.04462,1e+06,0.3,73.19,377000 4278000,5.5,Unsuitable,black,YES,234.256867,2658.225138,50.3310510000001
377000,4278000,CB4MH,1.64042,1e+06,7.46,80.53,377000 4278000,0.5,Suitable,dodgerblue,YES,234.256867,2658.225138,50.3310510000001
377000,4278000,CB4MH,14.76378,1e+06,1.3,75.18,377000 4278000,4.5,Unsuitable,black,YES,234.256867,2658.225138,50.3310510000001
377000,4278000,CB4MH,8.2021,1e+06,4.69,78.13,377000 4278000,2.5,Suitable,dodgerblue,YES,234.256867,2658.225138,50.3310510000001
377000,4278000,CB4MH,26.24672,1e+06,0.1,70.2,377000 4278000,8,Unsuitable,black,YES,234.256867,2658.225138,50.3310510000001
377000,4278000,CB4MH,32.8084,1e+06,0.1,69.8,377000 4278000,10,Unsuitable,black,YES,234.256867,2658.225138,50.3310510000001
377000,4278000,CB4MH,27.88714,1e+06,0.1,69.9,377000 4278000,8.5,Unsuitable,black,YES,234.256867,2658.225138,50.3310510000001
377000,4278000,CB4MH,16.4042,1e+06,0.75,74.29,377000 4278000,5,Unsuitable,black,YES,234.256867,2658.225138,50.3310510000001
377000,4278000,CB4MH,36.08924,1e+06,0.1,69.8,377000 4278000,11,Unsuitable,black,YES,234.256867,2658.225138,50.3310510000001
377000,4278000,CB4MH,0,1e+06,7.78,80.9,377000 4278000,0,Suitable,dodgerblue,YES,234.256867,2658.225138,50.3310510000001
377000,4279000,CB4MH,37.72966,1e+06,0.1,69.8,377000 4279000,11.5,Unsuitable,black,YES,234.256867,2658.846509,50.9524219999998
377000,4279000,CB4MH,8.2021,1e+06,4.43,77.94,377000 4279000,2.5,Suitable,dodgerblue,YES,234.256867,2658.846509,50.9524219999998
377000,4279000,CB4MH,11.48294,1e+06,2.63,76.46,377000 4279000,3.5,Marginal,orange,YES,234.256867,2658.846509,50.9524219999998
377000,4279000,CB4MH,42.65092,1e+06,0.1,69.1,377000 4279000,13,Unsuitable,black,YES,234.256867,2658.846509,50.9524219999998
377000,4279000,CB4MH,1.64042,1e+06,7.4,80.41,377000 4279000,0.5,Suitable,dodgerblue,YES,234.256867,2658.846509,50.9524219999998
377000,4279000,CB4MH,36.08924,1e+06,0.1,69.8,377000 4279000,11,Unsuitable,black,YES,234.256867,2658.846509,50.9524219999998
377000,4279000,CB4MH,18.04462,1e+06,0.3,73.18,377000 4279000,5.5,Unsuitable,black,YES,234.256867,2658.846509,50.9524219999998
377000,4279000,CB4MH,4.92126,1e+06,5.75,78.93,377000 4279000,1.5,Suitable,dodgerblue,YES,234.256867,2658.846509,50.9524219999998
377000,4279000,CB4MH,26.24672,1e+06,0.1,70.2,377000 4279000,8,Unsuitable,black,YES,234.256867,2658.846509,50.9524219999998
377000,4279000,CB4MH,13.12336,1e+06,1.94,75.97,377000 4279000,4,Unsuitable,black,YES,234.256867,2658.846509,50.9524219999998
377000,4279000,CB4MH,0,1e+06,7.81,80.84,377000 4279000,0,Suitable,dodgerblue,YES,234.256867,2658.846509,50.9524219999998
377000,4279000,CB4MH,34.44882,1e+06,0.1,69.8,377000 4279000,10.5,Unsuitable,black,YES,234.256867,2658.846509,50.9524219999998
377000,4279000,CB4MH,39.37008,1e+06,0.1,69.7,377000 4279000,12,Unsuitable,black,YES,234.256867,2658.846509,50.9524219999998
377000,4279000,CB4MH,29.52756,1e+06,0.1,69.8,377000 4279000,9,Unsuitable,black,YES,234.256867,2658.846509,50.9524219999998
377000,4279000,CB4MH,6.56168,1e+06,5.4,78.74,377000 4279000,2,Suitable,dodgerblue,YES,234.256867,2658.846509,50.9524219999998
377000,4279000,CB4MH,16.4042,1e+06,0.75,74.27,377000 4279000,5,Unsuitable,black,YES,234.256867,2658.846509,50.9524219999998
377000,4279000,CB4MH,3.28084,1e+06,6.45,79.56,377000 4279000,1,Suitable,dodgerblue,YES,234.256867,2658.846509,50.9524219999998
377000,4279000,CB4MH,41.0105,1e+06,0.18,69.64,377000 4279000,12.5,Unsuitable,black,YES,234.256867,2658.846509,50.9524219999998
377000,4279000,CB4MH,24.6063,1e+06,0.1,70.7,377000 4279000,7.5,Unsuitable,black,YES,234.256867,2658.846509,50.9524219999998
377000,4279000,CB4MH,31.16798,1e+06,0.1,69.8,377000 4279000,9.5,Unsuitable,black,YES,234.256867,2658.846509,50.9524219999998
377000,4279000,CB4MH,21.32546,1e+06,0.1,71.69,377000 4279000,6.5,Unsuitable,black,YES,234.256867,2658.846509,50.9524219999998
377000,4279000,CB4MH,19.68504,1e+06,0.1,72.29,377000 4279000,6,Unsuitable,black,YES,234.256867,2658.846509,50.9524219999998
377000,4279000,CB4MH,9.84252,1e+06,3.47,77.1,377000 4279000,3,Tolerable,yellow,YES,234.256867,2658.846509,50.9524219999998
377000,4279000,CB4MH,22.96588,1e+06,0.1,71.19,377000 4279000,7,Unsuitable,black,YES,234.256867,2658.846509,50.9524219999998
377000,4279000,CB4MH,14.76378,1e+06,1.29,75.16,377000 4279000,4.5,Unsuitable,black,YES,234.256867,2658.846509,50.9524219999998
377000,4279000,CB4MH,27.88714,1e+06,0.1,69.9,377000 4279000,8.5,Unsuitable,black,YES,234.256867,2658.846509,50.9524219999998
377000,4279000,CB4MH,32.8084,1e+06,0.1,69.8,377000 4279000,10,Unsuitable,black,YES,234.256867,2658.846509,50.9524219999998
377000,4280000,CB4MH,4.92126,1e+06,5.53,78.76,377000 4280000,1.5,Suitable,dodgerblue,YES,234.256867,2659.46788,51.573793
377000,4280000,CB4MH,44.29134,1e+06,0.1,69.1,377000 4280000,13.5,Unsuitable,black,YES,234.256867,2659.46788,51.573793
377000,4280000,CB4MH,42.65092,1e+06,0.1,69.1,377000 4280000,13,Unsuitable,black,YES,234.256867,2659.46788,51.573793
377000,4280000,CB4MH,11.48294,1e+06,2.42,76.3,377000 4280000,3.5,Marginal,orange,YES,234.256867,2659.46788,51.573793
377000,4280000,CB4MH,13.12336,1e+06,1.92,75.88,377000 4280000,4,Unsuitable,black,YES,234.256867,2659.46788,51.573793
377000,4280000,CB4MH,45.93176,1e+06,0.1,69.1,377000 4280000,14,Unsuitable,black,YES,234.256867,2659.46788,51.573793
377000,4280000,CB4MH,29.52756,1e+06,0.1,69.8,377000 4280000,9,Unsuitable,black,YES,234.256867,2659.46788,51.573793
377000,4280000,CB4MH,27.88714,1e+06,0.1,69.91,377000 4280000,8.5,Unsuitable,black,YES,234.256867,2659.46788,51.573793
377000,4280000,CB4MH,49.2126,1e+06,0.1,69.3,377000 4280000,15,Unsuitable,black,YES,234.256867,2659.46788,51.573793
377000,4280000,CB4MH,8.2021,1e+06,3.96,77.59,377000 4280000,2.5,Tolerable,yellow,YES,234.256867,2659.46788,51.573793
377000,4280000,CB4MH,47.57218,1e+06,0.1,69.2,377000 4280000,14.5,Unsuitable,black,YES,234.256867,2659.46788,51.573793
377000,4280000,CB4MH,14.76378,1e+06,1.27,75.06,377000 4280000,4.5,Unsuitable,black,YES,234.256867,2659.46788,51.573793
377000,4280000,CB4MH,6.56168,1e+06,4.94,78.4,377000 4280000,2,Suitable,dodgerblue,YES,234.256867,2659.46788,51.573793
377000,4280000,CB4MH,18.04462,1e+06,0.3,73.12,377000 4280000,5.5,Unsuitable,black,YES,234.256867,2659.46788,51.573793
377000,4280000,CB4MH,31.16798,1e+06,0.1,69.8,377000 4280000,9.5,Unsuitable,black,YES,234.256867,2659.46788,51.573793
377000,4280000,CB4MH,9.84252,1e+06,3.15,76.86,377000 4280000,3,Tolerable,yellow,YES,234.256867,2659.46788,51.573793
377000,4280000,CB4MH,34.44882,1e+06,0.1,69.8,377000 4280000,10.5,Unsuitable,black,YES,234.256867,2659.46788,51.573793
377000,4280000,CB4MH,24.6063,1e+06,0.1,70.68,377000 4280000,7.5,Unsuitable,black,YES,234.256867,2659.46788,51.573793
377000,4280000,CB4MH,1.64042,1e+06,7.36,80.29,377000 4280000,0.5,Suitable,dodgerblue,YES,234.256867,2659.46788,51.573793
377000,4280000,CB4MH,39.37008,1e+06,0.1,69.7,377000 4280000,12,Unsuitable,black,YES,234.256867,2659.46788,51.573793
377000,4280000,CB4MH,3.28084,1e+06,6.33,79.45,377000 4280000,1,Suitable,dodgerblue,YES,234.256867,2659.46788,51.573793
377000,4280000,CB4MH,41.0105,1e+06,0.17,69.6,377000 4280000,12.5,Unsuitable,black,YES,234.256867,2659.46788,51.573793
377000,4280000,CB4MH,19.68504,1e+06,0.11,72.24,377000 4280000,6,Unsuitable,black,YES,234.256867,2659.46788,51.573793
377000,4280000,CB4MH,16.4042,1e+06,0.73,74.17,377000 4280000,5,Unsuitable,black,YES,234.256867,2659.46788,51.573793
377000,4280000,CB4MH,37.72966,1e+06,0.1,69.79,377000 4280000,11.5,Unsuitable,black,YES,234.256867,2659.46788,51.573793
377000,4280000,CB4MH,26.24672,1e+06,0.1,70.2,377000 4280000,8,Unsuitable,black,YES,234.256867,2659.46788,51.573793
377000,4280000,CB4MH,21.32546,1e+06,0.1,71.65,377000 4280000,6.5,Unsuitable,black,YES,234.256867,2659.46788,51.573793
377000,4280000,CB4MH,32.8084,1e+06,0.1,69.8,377000 4280000,10,Unsuitable,black,YES,234.256867,2659.46788,51.573793
377000,4280000,CB4MH,0,1e+06,7.89,80.79,377000 4280000,0,Suitable,dodgerblue,YES,234.256867,2659.46788,51.573793
377000,4280000,CB4MH,36.08924,1e+06,0.1,69.8,377000 4280000,11,Unsuitable,black,YES,234.256867,2659.46788,51.573793
377000,4280000,CB4MH,22.96588,1e+06,0.1,71.17,377000 4280000,7,Unsuitable,black,YES,234.256867,2659.46788,51.573793
377000,4281000,CB4MH,29.52756,1e+06,0.1,69.81,377000 4281000,9,Unsuitable,black,YES,234.256867,2660.089251,52.1951639999998
377000,4281000,CB4MH,19.68504,1e+06,0.11,72.17,377000 4281000,6,Unsuitable,black,YES,234.256867,2660.089251,52.1951639999998
377000,4281000,CB4MH,9.84252,1e+06,3.05,76.57,377000 4281000,3,Tolerable,yellow,YES,234.256867,2660.089251,52.1951639999998
377000,4281000,CB4MH,31.16798,1e+06,0.1,69.8,377000 4281000,9.5,Unsuitable,black,YES,234.256867,2660.089251,52.1951639999998
377000,4281000,CB4MH,32.8084,1e+06,0.1,69.79,377000 4281000,10,Unsuitable,black,YES,234.256867,2660.089251,52.1951639999998
377000,4281000,CB4MH,11.48294,1e+06,2.37,76.27,377000 4281000,3.5,Marginal,orange,YES,234.256867,2660.089251,52.1951639999998
377000,4281000,CB4MH,34.44882,1e+06,0.1,69.8,377000 4281000,10.5,Unsuitable,black,YES,234.256867,2660.089251,52.1951639999998
377000,4281000,CB4MH,26.24672,1e+06,0.1,70.19,377000 4281000,8,Unsuitable,black,YES,234.256867,2660.089251,52.1951639999998
377000,4281000,CB4MH,24.6063,1e+06,0.1,70.66,377000 4281000,7.5,Unsuitable,black,YES,234.256867,2660.089251,52.1951639999998
377000,4281000,CB4MH,13.12336,1e+06,1.86,75.86,377000 4281000,4,Unsuitable,black,YES,234.256867,2660.089251,52.1951639999998
377000,4281000,CB4MH,22.96588,1e+06,0.11,71.13,377000 4281000,7,Unsuitable,black,YES,234.256867,2660.089251,52.1951639999998
377000,4281000,CB4MH,14.76378,1e+06,1.21,74.98,377000 4281000,4.5,Unsuitable,black,YES,234.256867,2660.089251,52.1951639999998
377000,4281000,CB4MH,16.4042,1e+06,0.7,74.09,377000 4281000,5,Unsuitable,black,YES,234.256867,2660.089251,52.1951639999998
377000,4281000,CB4MH,27.88714,1e+06,0.1,69.91,377000 4281000,8.5,Unsuitable,black,YES,234.256867,2660.089251,52.1951639999998
377000,4281000,CB4MH,18.04462,1e+06,0.3,73.03,377000 4281000,5.5,Unsuitable,black,YES,234.256867,2660.089251,52.1951639999998
377000,4281000,CB4MH,8.2021,1e+06,3.8,77.29,377000 4281000,2.5,Tolerable,yellow,YES,234.256867,2660.089251,52.1951639999998
377000,4281000,CB4MH,21.32546,1e+06,0.11,71.6,377000 4281000,6.5,Unsuitable,black,YES,234.256867,2660.089251,52.1951639999998
377000,4281000,CB4MH,1.64042,1e+06,7.4,80.18,377000 4281000,0.5,Suitable,dodgerblue,YES,234.256867,2660.089251,52.1951639999998
377000,4281000,CB4MH,4.92126,1e+06,5.46,78.58,377000 4281000,1.5,Suitable,dodgerblue,YES,234.256867,2660.089251,52.1951639999998
377000,4281000,CB4MH,37.72966,1e+06,0.1,69.79,377000 4281000,11.5,Unsuitable,black,YES,234.256867,2660.089251,52.1951639999998
377000,4281000,CB4MH,3.28084,1e+06,6.35,79.33,377000 4281000,1,Suitable,dodgerblue,YES,234.256867,2660.089251,52.1951639999998
377000,4281000,CB4MH,36.08924,1e+06,0.1,69.79,377000 4281000,11,Unsuitable,black,YES,234.256867,2660.089251,52.1951639999998
377000,4281000,CB4MH,6.56168,1e+06,4.76,78.13,377000 4281000,2,Suitable,dodgerblue,YES,234.256867,2660.089251,52.1951639999998
377000,4281000,CB4MH,0,1e+06,7.95,80.67,377000 4281000,0,Suitable,dodgerblue,YES,234.256867,2660.089251,52.1951639999998
377000,4294000,CB4MH,34.44882,1e+06,0.1,69.65,377000 4294000,10.5,Unsuitable,black,YES,234.256867,2668.167074,60.2729869999998
377000,4294000,CB4MH,21.32546,1e+06,0.05,70.53,377000 4294000,6.5,Unsuitable,black,YES,234.256867,2668.167074,60.2729869999998
377000,4294000,CB4MH,22.96588,1e+06,0.05,70.48,377000 4294000,7,Unsuitable,black,YES,234.256867,2668.167074,60.2729869999998
377000,4294000,CB4MH,29.52756,1e+06,0.05,69.72,377000 4294000,9,Unsuitable,black,YES,234.256867,2668.167074,60.2729869999998
377000,4294000,CB4MH,37.72966,1e+06,0.1,69.25,377000 4294000,11.5,Unsuitable,black,YES,234.256867,2668.167074,60.2729869999998
377000,4294000,CB4MH,0,1e+06,9.51,80.91,377000 4294000,0,Suitable,dodgerblue,YES,234.256867,2668.167074,60.2729869999998
377000,4294000,CB4MH,32.8084,1e+06,0.09,69.61,377000 4294000,10,Unsuitable,black,YES,234.256867,2668.167074,60.2729869999998
377000,4294000,CB4MH,36.08924,1e+06,0.1,69.34,377000 4294000,11,Unsuitable,black,YES,234.256867,2668.167074,60.2729869999998
377000,4294000,CB4MH,42.65092,1e+06,0.1,69.1,377000 4294000,13,Unsuitable,black,YES,234.256867,2668.167074,60.2729869999998
377000,4294000,CB4MH,13.12336,1e+06,0.2,72.73,377000 4294000,4,Unsuitable,black,YES,234.256867,2668.167074,60.2729869999998
377000,4294000,CB4MH,24.6063,1e+06,0.05,70.26,377000 4294000,7.5,Unsuitable,black,YES,234.256867,2668.167074,60.2729869999998
377000,4294000,CB4MH,3.28084,1e+06,6.63,79.08,377000 4294000,1,Suitable,dodgerblue,YES,234.256867,2668.167074,60.2729869999998
377000,4294000,CB4MH,1.64042,1e+06,8.62,80.31,377000 4294000,0.5,Suitable,dodgerblue,YES,234.256867,2668.167074,60.2729869999998
377000,4294000,CB4MH,39.37008,1e+06,0.1,69.15,377000 4294000,12,Unsuitable,black,YES,234.256867,2668.167074,60.2729869999998
377000,4294000,CB4MH,14.76378,1e+06,0.14,71.77,377000 4294000,4.5,Unsuitable,black,YES,234.256867,2668.167074,60.2729869999998
377000,4294000,CB4MH,31.16798,1e+06,0.06,69.66,377000 4294000,9.5,Unsuitable,black,YES,234.256867,2668.167074,60.2729869999998
377000,4294000,CB4MH,27.88714,1e+06,0.05,69.82,377000 4294000,8.5,Unsuitable,black,YES,234.256867,2668.167074,60.2729869999998
377000,4294000,CB4MH,16.4042,1e+06,0.09,71.02,377000 4294000,5,Unsuitable,black,YES,234.256867,2668.167074,60.2729869999998
377000,4294000,CB4MH,8.2021,1e+06,3.27,77.07,377000 4294000,2.5,Tolerable,yellow,YES,234.256867,2668.167074,60.2729869999998
377000,4294000,CB4MH,44.29134,1e+06,0.1,69.1,377000 4294000,13.5,Unsuitable,black,YES,234.256867,2668.167074,60.2729869999998
377000,4294000,CB4MH,41.0105,1e+06,0.1,69.1,377000 4294000,12.5,Unsuitable,black,YES,234.256867,2668.167074,60.2729869999998
377000,4294000,CB4MH,11.48294,1e+06,0.32,73.86,377000 4294000,3.5,Unsuitable,black,YES,234.256867,2668.167074,60.2729869999998
377000,4294000,CB4MH,26.24672,1e+06,0.05,69.92,377000 4294000,8,Unsuitable,black,YES,234.256867,2668.167074,60.2729869999998
377000,4294000,CB4MH,4.92126,1e+06,5.09,78.3,377000 4294000,1.5,Suitable,dodgerblue,YES,234.256867,2668.167074,60.2729869999998
377000,4294000,CB4MH,45.93176,1e+06,0.1,69.1,377000 4294000,14,Unsuitable,black,YES,234.256867,2668.167074,60.2729869999998
377000,4294000,CB4MH,18.04462,1e+06,0.06,70.72,377000 4294000,5.5,Unsuitable,black,YES,234.256867,2668.167074,60.2729869999998
377000,4294000,CB4MH,9.84252,1e+06,1.67,75.54,377000 4294000,3,Unsuitable,black,YES,234.256867,2668.167074,60.2729869999998
377000,4294000,CB4MH,19.68504,1e+06,0.05,70.67,377000 4294000,6,Unsuitable,black,YES,234.256867,2668.167074,60.2729869999998
377000,4294000,CB4MH,6.56168,1e+06,4.35,77.91,377000 4294000,2,Suitable,dodgerblue,YES,234.256867,2668.167074,60.2729869999998
377000,4295000,CB4MH,47.57218,1e+06,0.1,69.2,377000 4295000,14.5,Unsuitable,black,YES,234.256867,2668.788445,60.894358
377000,4295000,CB4MH,41.0105,1e+06,0.1,69.1,377000 4295000,12.5,Unsuitable,black,YES,234.256867,2668.788445,60.894358
377000,4295000,CB4MH,24.6063,1e+06,0.04,70.21,377000 4295000,7.5,Unsuitable,black,YES,234.256867,2668.788445,60.894358
377000,4295000,CB4MH,34.44882,1e+06,0.1,69.61,377000 4295000,10.5,Unsuitable,black,YES,234.256867,2668.788445,60.894358
377000,4295000,CB4MH,22.96588,1e+06,0.04,70.44,377000 4295000,7,Unsuitable,black,YES,234.256867,2668.788445,60.894358
377000,4295000,CB4MH,31.16798,1e+06,0.06,69.63,377000 4295000,9.5,Unsuitable,black,YES,234.256867,2668.788445,60.894358
377000,4295000,CB4MH,36.08924,1e+06,0.1,69.32,377000 4295000,11,Unsuitable,black,YES,234.256867,2668.788445,60.894358
377000,4295000,CB4MH,21.32546,1e+06,0.04,70.5,377000 4295000,6.5,Unsuitable,black,YES,234.256867,2668.788445,60.894358
377000,4295000,CB4MH,19.68504,1e+06,0.04,70.64,377000 4295000,6,Unsuitable,black,YES,234.256867,2668.788445,60.894358
377000,4295000,CB4MH,32.8084,1e+06,0.09,69.57,377000 4295000,10,Unsuitable,black,YES,234.256867,2668.788445,60.894358
377000,4295000,CB4MH,44.29134,1e+06,0.1,69.1,377000 4295000,13.5,Unsuitable,black,YES,234.256867,2668.788445,60.894358
377000,4295000,CB4MH,8.2021,1e+06,3.16,76.99,377000 4295000,2.5,Tolerable,yellow,YES,234.256867,2668.788445,60.894358
377000,4295000,CB4MH,16.4042,1e+06,0.07,71,377000 4295000,5,Unsuitable,black,YES,234.256867,2668.788445,60.894358
377000,4295000,CB4MH,26.24672,1e+06,0.04,69.88,377000 4295000,8,Unsuitable,black,YES,234.256867,2668.788445,60.894358
377000,4295000,CB4MH,29.52756,1e+06,0.04,69.69,377000 4295000,9,Unsuitable,black,YES,234.256867,2668.788445,60.894358
377000,4295000,CB4MH,39.37008,1e+06,0.1,69.13,377000 4295000,12,Unsuitable,black,YES,234.256867,2668.788445,60.894358
377000,4295000,CB4MH,18.04462,1e+06,0.05,70.71,377000 4295000,5.5,Unsuitable,black,YES,234.256867,2668.788445,60.894358
377000,4295000,CB4MH,49.2126,1e+06,0.1,69.3,377000 4295000,15,Unsuitable,black,YES,234.256867,2668.788445,60.894358
377000,4295000,CB4MH,37.72966,1e+06,0.1,69.23,377000 4295000,11.5,Unsuitable,black,YES,234.256867,2668.788445,60.894358
377000,4295000,CB4MH,42.65092,1e+06,0.1,69.1,377000 4295000,13,Unsuitable,black,YES,234.256867,2668.788445,60.894358
377000,4295000,CB4MH,45.93176,1e+06,0.1,69.1,377000 4295000,14,Unsuitable,black,YES,234.256867,2668.788445,60.894358
377000,4295000,CB4MH,13.12336,1e+06,0.15,72.61,377000 4295000,4,Unsuitable,black,YES,234.256867,2668.788445,60.894358
377000,4295000,CB4MH,14.76378,1e+06,0.1,71.7,377000 4295000,4.5,Unsuitable,black,YES,234.256867,2668.788445,60.894358
377000,4295000,CB4MH,9.84252,1e+06,1.59,75.46,377000 4295000,3,Unsuitable,black,YES,234.256867,2668.788445,60.894358
377000,4295000,CB4MH,0,1e+06,9.43,80.82,377000 4295000,0,Suitable,dodgerblue,YES,234.256867,2668.788445,60.894358
377000,4295000,CB4MH,27.88714,1e+06,0.04,69.79,377000 4295000,8.5,Unsuitable,black,YES,234.256867,2668.788445,60.894358
377000,4295000,CB4MH,11.48294,1e+06,0.25,73.7,377000 4295000,3.5,Unsuitable,black,YES,234.256867,2668.788445,60.894358
377000,4295000,CB4MH,50.85302,1e+06,0.1,69.3,377000 4295000,15.5,Unsuitable,black,YES,234.256867,2668.788445,60.894358
377000,4295000,CB4MH,6.56168,1e+06,4.19,77.78,377000 4295000,2,Suitable,dodgerblue,YES,234.256867,2668.788445,60.894358
377000,4295000,CB4MH,4.92126,1e+06,4.92,78.19,377000 4295000,1.5,Suitable,dodgerblue,YES,234.256867,2668.788445,60.894358
377000,4295000,CB4MH,1.64042,1e+06,8.46,80.21,377000 4295000,0.5,Suitable,dodgerblue,YES,234.256867,2668.788445,60.894358
377000,4295000,CB4MH,3.28084,1e+06,6.43,78.98,377000 4295000,1,Suitable,dodgerblue,YES,234.256867,2668.788445,60.894358
377000,4296000,CB4MH,39.37008,1e+06,0.1,69.11,377000 4296000,12,Unsuitable,black,YES,234.256867,2669.409816,61.5157289999997
377000,4296000,CB4MH,16.4042,1e+06,0.05,70.99,377000 4296000,5,Unsuitable,black,YES,234.256867,2669.409816,61.5157289999997
377000,4296000,CB4MH,32.8084,1e+06,0.08,69.51,377000 4296000,10,Unsuitable,black,YES,234.256867,2669.409816,61.5157289999997
377000,4296000,CB4MH,24.6063,1e+06,0.03,70.15,377000 4296000,7.5,Unsuitable,black,YES,234.256867,2669.409816,61.5157289999997
377000,4296000,CB4MH,31.16798,1e+06,0.05,69.58,377000 4296000,9.5,Unsuitable,black,YES,234.256867,2669.409816,61.5157289999997
377000,4296000,CB4MH,37.72966,1e+06,0.1,69.22,377000 4296000,11.5,Unsuitable,black,YES,234.256867,2669.409816,61.5157289999997
377000,4296000,CB4MH,4.92126,1e+06,4.62,77.93,377000 4296000,1.5,Suitable,dodgerblue,YES,234.256867,2669.409816,61.5157289999997
377000,4296000,CB4MH,41.0105,1e+06,0.1,69.1,377000 4296000,12.5,Unsuitable,black,YES,234.256867,2669.409816,61.5157289999997
377000,4296000,CB4MH,34.44882,1e+06,0.1,69.54,377000 4296000,10.5,Unsuitable,black,YES,234.256867,2669.409816,61.5157289999997
377000,4296000,CB4MH,22.96588,1e+06,0.03,70.39,377000 4296000,7,Unsuitable,black,YES,234.256867,2669.409816,61.5157289999997
377000,4296000,CB4MH,13.12336,1e+06,0.1,72.46,377000 4296000,4,Unsuitable,black,YES,234.256867,2669.409816,61.5157289999997
377000,4296000,CB4MH,8.2021,1e+06,2.93,76.74,377000 4296000,2.5,Marginal,orange,YES,234.256867,2669.409816,61.5157289999997
377000,4296000,CB4MH,29.52756,1e+06,0.03,69.65,377000 4296000,9,Unsuitable,black,YES,234.256867,2669.409816,61.5157289999997
377000,4296000,CB4MH,36.08924,1e+06,0.1,69.31,377000 4296000,11,Unsuitable,black,YES,234.256867,2669.409816,61.5157289999997
377000,4296000,CB4MH,11.48294,1e+06,0.21,73.38,377000 4296000,3.5,Unsuitable,black,YES,234.256867,2669.409816,61.5157289999997
377000,4296000,CB4MH,27.88714,1e+06,0.03,69.75,377000 4296000,8.5,Unsuitable,black,YES,234.256867,2669.409816,61.5157289999997
377000,4296000,CB4MH,21.32546,1e+06,0.03,70.47,377000 4296000,6.5,Unsuitable,black,YES,234.256867,2669.409816,61.5157289999997
377000,4296000,CB4MH,0,1e+06,9.28,80.63,377000 4296000,0,Suitable,dodgerblue,YES,234.256867,2669.409816,61.5157289999997
377000,4296000,CB4MH,19.68504,1e+06,0.03,70.62,377000 4296000,6,Unsuitable,black,YES,234.256867,2669.409816,61.5157289999997
377000,4296000,CB4MH,14.76378,1e+06,0.07,71.63,377000 4296000,4.5,Unsuitable,black,YES,234.256867,2669.409816,61.5157289999997
377000,4296000,CB4MH,9.84252,1e+06,1.44,75.24,377000 4296000,3,Unsuitable,black,YES,234.256867,2669.409816,61.5157289999997
377000,4296000,CB4MH,18.04462,1e+06,0.04,70.7,377000 4296000,5.5,Unsuitable,black,YES,234.256867,2669.409816,61.5157289999997
377000,4296000,CB4MH,1.64042,1e+06,8.16,79.99,377000 4296000,0.5,Suitable,dodgerblue,YES,234.256867,2669.409816,61.5157289999997
377000,4296000,CB4MH,6.56168,1e+06,3.85,77.47,377000 4296000,2,Tolerable,yellow,YES,234.256867,2669.409816,61.5157289999997
377000,4296000,CB4MH,26.24672,1e+06,0.03,69.82,377000 4296000,8,Unsuitable,black,YES,234.256867,2669.409816,61.5157289999997
377000,4296000,CB4MH,3.28084,1e+06,6.08,78.76,377000 4296000,1,Suitable,dodgerblue,YES,234.256867,2669.409816,61.5157289999997
378000,4260000,CB4MH,6.56168,1e+06,5.99,77.74,378000 4260000,2,Suitable,dodgerblue,YES,234.878238,2647.04046,39.146373
378000,4260000,CB4MH,8.2021,1e+06,4.86,77.04,378000 4260000,2.5,Suitable,dodgerblue,YES,234.878238,2647.04046,39.146373
378000,4260000,CB4MH,4.92126,1e+06,6.74,78.28,378000 4260000,1.5,Suitable,dodgerblue,YES,234.878238,2647.04046,39.146373
378000,4260000,CB4MH,9.84252,1e+06,3.76,76.32,378000 4260000,3,Tolerable,yellow,YES,234.878238,2647.04046,39.146373
378000,4260000,CB4MH,3.28084,1e+06,7.63,79.06,378000 4260000,1,Suitable,dodgerblue,YES,234.878238,2647.04046,39.146373
378000,4260000,CB4MH,41.0105,1e+06,0.49,70.56,378000 4260000,12.5,Unsuitable,black,YES,234.878238,2647.04046,39.146373
378000,4260000,CB4MH,14.76378,1e+06,0.83,72.57,378000 4260000,4.5,Unsuitable,black,YES,234.878238,2647.04046,39.146373
378000,4260000,CB4MH,39.37008,1e+06,0.45,70.53,378000 4260000,12,Unsuitable,black,YES,234.878238,2647.04046,39.146373
378000,4260000,CB4MH,34.44882,1e+06,0.46,70.61,378000 4260000,10.5,Unsuitable,black,YES,234.878238,2647.04046,39.146373
378000,4260000,CB4MH,29.52756,1e+06,0.36,70.5,378000 4260000,9,Unsuitable,black,YES,234.878238,2647.04046,39.146373
378000,4260000,CB4MH,16.4042,1e+06,0.69,72.07,378000 4260000,5,Unsuitable,black,YES,234.878238,2647.04046,39.146373
378000,4260000,CB4MH,19.68504,1e+06,0.54,71.96,378000 4260000,6,Unsuitable,black,YES,234.878238,2647.04046,39.146373
378000,4260000,CB4MH,37.72966,1e+06,0.45,70.56,378000 4260000,11.5,Unsuitable,black,YES,234.878238,2647.04046,39.146373
378000,4260000,CB4MH,0,1e+06,8.15,79.78,378000 4260000,0,Suitable,dodgerblue,YES,234.878238,2647.04046,39.146373
378000,4260000,CB4MH,26.24672,1e+06,0.4,70.84,378000 4260000,8,Unsuitable,black,YES,234.878238,2647.04046,39.146373
378000,4260000,CB4MH,18.04462,1e+06,0.57,72.52,378000 4260000,5.5,Unsuitable,black,YES,234.878238,2647.04046,39.146373
378000,4260000,CB4MH,31.16798,1e+06,0.34,70.35,378000 4260000,9.5,Unsuitable,black,YES,234.878238,2647.04046,39.146373
378000,4260000,CB4MH,36.08924,1e+06,0.46,70.56,378000 4260000,11,Unsuitable,black,YES,234.878238,2647.04046,39.146373
378000,4260000,CB4MH,13.12336,1e+06,1.55,73.8,378000 4260000,4,Unsuitable,black,YES,234.878238,2647.04046,39.146373
378000,4260000,CB4MH,27.88714,1e+06,0.39,70.69,378000 4260000,8.5,Unsuitable,black,YES,234.878238,2647.04046,39.146373
378000,4260000,CB4MH,42.65092,1e+06,0.72,71.08,378000 4260000,13,Unsuitable,black,YES,234.878238,2647.04046,39.146373
378000,4260000,CB4MH,24.6063,1e+06,0.37,70.9,378000 4260000,7.5,Unsuitable,black,YES,234.878238,2647.04046,39.146373
378000,4260000,CB4MH,32.8084,1e+06,0.48,70.71,378000 4260000,10,Unsuitable,black,YES,234.878238,2647.04046,39.146373
378000,4260000,CB4MH,21.32546,1e+06,0.5,71.64,378000 4260000,6.5,Unsuitable,black,YES,234.878238,2647.04046,39.146373
378000,4260000,CB4MH,11.48294,1e+06,2.83,75.45,378000 4260000,3.5,Marginal,orange,YES,234.878238,2647.04046,39.146373
378000,4260000,CB4MH,1.64042,1e+06,8.1,79.56,378000 4260000,0.5,Suitable,dodgerblue,YES,234.878238,2647.04046,39.146373
378000,4260000,CB4MH,22.96588,1e+06,0.41,71.21,378000 4260000,7,Unsuitable,black,YES,234.878238,2647.04046,39.146373
378000,4261000,CB4MH,8.2021,1e+06,4.74,76.91,378000 4261000,2.5,Suitable,dodgerblue,YES,234.878238,2647.661831,39.7677439999998
378000,4261000,CB4MH,3.28084,1e+06,7.55,79,378000 4261000,1,Suitable,dodgerblue,YES,234.878238,2647.661831,39.7677439999998
378000,4261000,CB4MH,31.16798,1e+06,0.28,70.21,378000 4261000,9.5,Unsuitable,black,YES,234.878238,2647.661831,39.7677439999998
378000,4261000,CB4MH,6.56168,1e+06,5.86,77.61,378000 4261000,2,Suitable,dodgerblue,YES,234.878238,2647.661831,39.7677439999998
378000,4261000,CB4MH,36.08924,1e+06,0.41,70.43,378000 4261000,11,Unsuitable,black,YES,234.878238,2647.661831,39.7677439999998
378000,4261000,CB4MH,0,1e+06,8.09,79.76,378000 4261000,0,Suitable,dodgerblue,YES,234.878238,2647.661831,39.7677439999998
378000,4261000,CB4MH,27.88714,1e+06,0.32,70.51,378000 4261000,8.5,Unsuitable,black,YES,234.878238,2647.661831,39.7677439999998
378000,4261000,CB4MH,21.32546,1e+06,0.42,71.43,378000 4261000,6.5,Unsuitable,black,YES,234.878238,2647.661831,39.7677439999998
378000,4261000,CB4MH,19.68504,1e+06,0.46,71.76,378000 4261000,6,Unsuitable,black,YES,234.878238,2647.661831,39.7677439999998
378000,4261000,CB4MH,1.64042,1e+06,8.03,79.52,378000 4261000,0.5,Suitable,dodgerblue,YES,234.878238,2647.661831,39.7677439999998
378000,4261000,CB4MH,34.44882,1e+06,0.4,70.47,378000 4261000,10.5,Unsuitable,black,YES,234.878238,2647.661831,39.7677439999998
378000,4261000,CB4MH,32.8084,1e+06,0.41,70.56,378000 4261000,10,Unsuitable,black,YES,234.878238,2647.661831,39.7677439999998
378000,4261000,CB4MH,4.92126,1e+06,6.63,78.17,378000 4261000,1.5,Suitable,dodgerblue,YES,234.878238,2647.661831,39.7677439999998
378000,4261000,CB4MH,37.72966,1e+06,0.41,70.43,378000 4261000,11.5,Unsuitable,black,YES,234.878238,2647.661831,39.7677439999998
378000,4261000,CB4MH,9.84252,1e+06,3.65,76.2,378000 4261000,3,Tolerable,yellow,YES,234.878238,2647.661831,39.7677439999998
378000,4261000,CB4MH,24.6063,1e+06,0.31,70.74,378000 4261000,7.5,Unsuitable,black,YES,234.878238,2647.661831,39.7677439999998
378000,4261000,CB4MH,22.96588,1e+06,0.34,71.03,378000 4261000,7,Unsuitable,black,YES,234.878238,2647.661831,39.7677439999998
378000,4261000,CB4MH,13.12336,1e+06,1.5,73.73,378000 4261000,4,Unsuitable,black,YES,234.878238,2647.661831,39.7677439999998
378000,4261000,CB4MH,26.24672,1e+06,0.34,70.65,378000 4261000,8,Unsuitable,black,YES,234.878238,2647.661831,39.7677439999998
378000,4261000,CB4MH,14.76378,1e+06,0.79,72.5,378000 4261000,4.5,Unsuitable,black,YES,234.878238,2647.661831,39.7677439999998
378000,4261000,CB4MH,11.48294,1e+06,2.75,75.35,378000 4261000,3.5,Marginal,orange,YES,234.878238,2647.661831,39.7677439999998
378000,4261000,CB4MH,29.52756,1e+06,0.3,70.33,378000 4261000,9,Unsuitable,black,YES,234.878238,2647.661831,39.7677439999998
378000,4261000,CB4MH,16.4042,1e+06,0.63,71.96,378000 4261000,5,Unsuitable,black,YES,234.878238,2647.661831,39.7677439999998
378000,4261000,CB4MH,18.04462,1e+06,0.5,72.35,378000 4261000,5.5,Unsuitable,black,YES,234.878238,2647.661831,39.7677439999998
378000,4297000,CB4MH,3.28084,1e+06,4.99,78.18,378000 4297000,1,Suitable,dodgerblue,YES,234.878238,2670.031187,62.1370999999999
378000,4297000,CB4MH,22.96588,1e+06,0.02,70.31,378000 4297000,7,Unsuitable,black,YES,234.878238,2670.031187,62.1370999999999
378000,4297000,CB4MH,0,1e+06,8.58,80.06,378000 4297000,0,Suitable,dodgerblue,YES,234.878238,2670.031187,62.1370999999999
378000,4297000,CB4MH,42.65092,1e+06,0.1,69.1,378000 4297000,13,Unsuitable,black,YES,234.878238,2670.031187,62.1370999999999
378000,4297000,CB4MH,16.4042,1e+06,0.02,70.99,378000 4297000,5,Unsuitable,black,YES,234.878238,2670.031187,62.1370999999999
378000,4297000,CB4MH,14.76378,1e+06,0.03,71.53,378000 4297000,4.5,Unsuitable,black,YES,234.878238,2670.031187,62.1370999999999
378000,4297000,CB4MH,9.84252,1e+06,1.21,75.02,378000 4297000,3,Unsuitable,black,YES,234.878238,2670.031187,62.1370999999999
378000,4297000,CB4MH,6.56168,1e+06,3.18,76.98,378000 4297000,2,Tolerable,yellow,YES,234.878238,2670.031187,62.1370999999999
378000,4297000,CB4MH,19.68504,1e+06,0.02,70.61,378000 4297000,6,Unsuitable,black,YES,234.878238,2670.031187,62.1370999999999
378000,4297000,CB4MH,11.48294,1e+06,0.11,73.19,378000 4297000,3.5,Unsuitable,black,YES,234.878238,2670.031187,62.1370999999999
378000,4297000,CB4MH,36.08924,1e+06,0.1,69.3,378000 4297000,11,Unsuitable,black,YES,234.878238,2670.031187,62.1370999999999
378000,4297000,CB4MH,44.29134,1e+06,0.1,69.1,378000 4297000,13.5,Unsuitable,black,YES,234.878238,2670.031187,62.1370999999999
378000,4297000,CB4MH,32.8084,1e+06,0.08,69.43,378000 4297000,10,Unsuitable,black,YES,234.878238,2670.031187,62.1370999999999
378000,4297000,CB4MH,29.52756,1e+06,0.02,69.59,378000 4297000,9,Unsuitable,black,YES,234.878238,2670.031187,62.1370999999999
378000,4297000,CB4MH,26.24672,1e+06,0.02,69.73,378000 4297000,8,Unsuitable,black,YES,234.878238,2670.031187,62.1370999999999
378000,4297000,CB4MH,1.64042,1e+06,7.11,79.36,378000 4297000,0.5,Suitable,dodgerblue,YES,234.878238,2670.031187,62.1370999999999
378000,4297000,CB4MH,41.0105,1e+06,0.1,69.1,378000 4297000,12.5,Unsuitable,black,YES,234.878238,2670.031187,62.1370999999999
378000,4297000,CB4MH,45.93176,1e+06,0.1,69.1,378000 4297000,14,Unsuitable,black,YES,234.878238,2670.031187,62.1370999999999
378000,4297000,CB4MH,39.37008,1e+06,0.1,69.1,378000 4297000,12,Unsuitable,black,YES,234.878238,2670.031187,62.1370999999999
378000,4297000,CB4MH,8.2021,1e+06,2.54,76.46,378000 4297000,2.5,Marginal,orange,YES,234.878238,2670.031187,62.1370999999999
378000,4297000,CB4MH,18.04462,1e+06,0.02,70.7,378000 4297000,5.5,Unsuitable,black,YES,234.878238,2670.031187,62.1370999999999
378000,4297000,CB4MH,37.72966,1e+06,0.1,69.2,378000 4297000,11.5,Unsuitable,black,YES,234.878238,2670.031187,62.1370999999999
378000,4297000,CB4MH,31.16798,1e+06,0.04,69.51,378000 4297000,9.5,Unsuitable,black,YES,234.878238,2670.031187,62.1370999999999
378000,4297000,CB4MH,13.12336,1e+06,0.04,72.23,378000 4297000,4,Unsuitable,black,YES,234.878238,2670.031187,62.1370999999999
378000,4297000,CB4MH,49.2126,1e+06,0.1,69.3,378000 4297000,15,Unsuitable,black,YES,234.878238,2670.031187,62.1370999999999
378000,4297000,CB4MH,47.57218,1e+06,0.1,69.2,378000 4297000,14.5,Unsuitable,black,YES,234.878238,2670.031187,62.1370999999999
378000,4297000,CB4MH,4.92126,1e+06,3.87,77.48,378000 4297000,1.5,Tolerable,yellow,YES,234.878238,2670.031187,62.1370999999999
378000,4297000,CB4MH,24.6063,1e+06,0.02,70.05,378000 4297000,7.5,Unsuitable,black,YES,234.878238,2670.031187,62.1370999999999
378000,4297000,CB4MH,27.88714,1e+06,0.02,69.69,378000 4297000,8.5,Unsuitable,black,YES,234.878238,2670.031187,62.1370999999999
378000,4297000,CB4MH,21.32546,1e+06,0.02,70.44,378000 4297000,6.5,Unsuitable,black,YES,234.878238,2670.031187,62.1370999999999
378000,4297000,CB4MH,34.44882,1e+06,0.1,69.44,378000 4297000,10.5,Unsuitable,black,YES,234.878238,2670.031187,62.1370999999999
378000,4298000,CB4MH,8.2021,1e+06,2.31,76.25,378000 4298000,2.5,Marginal,orange,YES,234.878238,2670.652558,62.7584710000001
378000,4298000,CB4MH,21.32546,1e+06,0,70.41,378000 4298000,6.5,Unsuitable,black,YES,234.878238,2670.652558,62.7584710000001
378000,4298000,CB4MH,6.56168,1e+06,2.8,76.68,378000 4298000,2,Marginal,orange,YES,234.878238,2670.652558,62.7584710000001
378000,4298000,CB4MH,11.48294,1e+06,0.06,72.95,378000 4298000,3.5,Unsuitable,black,YES,234.878238,2670.652558,62.7584710000001
378000,4298000,CB4MH,26.24672,1e+06,0,69.63,378000 4298000,8,Unsuitable,black,YES,234.878238,2670.652558,62.7584710000001
378000,4298000,CB4MH,14.76378,1e+06,0.01,71.42,378000 4298000,4.5,Unsuitable,black,YES,234.878238,2670.652558,62.7584710000001
378000,4298000,CB4MH,31.16798,1e+06,0.03,69.42,378000 4298000,9.5,Unsuitable,black,YES,234.878238,2670.652558,62.7584710000001
378000,4298000,CB4MH,29.52756,1e+06,0,69.52,378000 4298000,9,Unsuitable,black,YES,234.878238,2670.652558,62.7584710000001
378000,4298000,CB4MH,37.72966,1e+06,0.1,69.2,378000 4298000,11.5,Unsuitable,black,YES,234.878238,2670.652558,62.7584710000001
378000,4298000,CB4MH,32.8084,1e+06,0.08,69.33,378000 4298000,10,Unsuitable,black,YES,234.878238,2670.652558,62.7584710000001
378000,4298000,CB4MH,27.88714,1e+06,0,69.62,378000 4298000,8.5,Unsuitable,black,YES,234.878238,2670.652558,62.7584710000001
378000,4298000,CB4MH,9.84252,1e+06,1.08,74.84,378000 4298000,3,Unsuitable,black,YES,234.878238,2670.652558,62.7584710000001
378000,4298000,CB4MH,18.04462,1e+06,0,70.7,378000 4298000,5.5,Unsuitable,black,YES,234.878238,2670.652558,62.7584710000001
378000,4298000,CB4MH,24.6063,1e+06,0,69.93,378000 4298000,7.5,Unsuitable,black,YES,234.878238,2670.652558,62.7584710000001
378000,4298000,CB4MH,19.68504,1e+06,0,70.6,378000 4298000,6,Unsuitable,black,YES,234.878238,2670.652558,62.7584710000001
378000,4298000,CB4MH,34.44882,1e+06,0.1,69.33,378000 4298000,10.5,Unsuitable,black,YES,234.878238,2670.652558,62.7584710000001
378000,4298000,CB4MH,4.92126,1e+06,3.46,77.18,378000 4298000,1.5,Tolerable,yellow,YES,234.878238,2670.652558,62.7584710000001
378000,4298000,CB4MH,13.12336,1e+06,0.01,71.96,378000 4298000,4,Unsuitable,black,YES,234.878238,2670.652558,62.7584710000001
378000,4298000,CB4MH,1.64042,1e+06,6.75,78.92,378000 4298000,0.5,Suitable,dodgerblue,YES,234.878238,2670.652558,62.7584710000001
378000,4298000,CB4MH,36.08924,1e+06,0.1,69.3,378000 4298000,11,Unsuitable,black,YES,234.878238,2670.652558,62.7584710000001
378000,4298000,CB4MH,3.28084,1e+06,4.44,77.72,378000 4298000,1,Suitable,dodgerblue,YES,234.878238,2670.652558,62.7584710000001
378000,4298000,CB4MH,16.4042,1e+06,0,70.99,378000 4298000,5,Unsuitable,black,YES,234.878238,2670.652558,62.7584710000001
378000,4298000,CB4MH,22.96588,1e+06,0,70.22,378000 4298000,7,Unsuitable,black,YES,234.878238,2670.652558,62.7584710000001
378000,4298000,CB4MH,0,1e+06,8.52,79.7,378000 4298000,0,Suitable,dodgerblue,YES,234.878238,2670.652558,62.7584710000001
378000,4300000,CB4MH,16.4042,1e+06,0.02,70.95,378000 4300000,5,Unsuitable,black,YES,234.878238,2671.8953,64.001213
378000,4300000,CB4MH,1.64042,1e+06,7.17,79.34,378000 4300000,0.5,Suitable,dodgerblue,YES,234.878238,2671.8953,64.001213
378000,4300000,CB4MH,24.6063,1e+06,0.02,70.03,378000 4300000,7.5,Unsuitable,black,YES,234.878238,2671.8953,64.001213
378000,4300000,CB4MH,14.76378,1e+06,0.03,71.48,378000 4300000,4.5,Unsuitable,black,YES,234.878238,2671.8953,64.001213
378000,4300000,CB4MH,29.52756,1e+06,0.02,69.58,378000 4300000,9,Unsuitable,black,YES,234.878238,2671.8953,64.001213
378000,4300000,CB4MH,4.92126,1e+06,3.87,77.47,378000 4300000,1.5,Tolerable,yellow,YES,234.878238,2671.8953,64.001213
378000,4300000,CB4MH,26.24672,1e+06,0.02,69.72,378000 4300000,8,Unsuitable,black,YES,234.878238,2671.8953,64.001213
378000,4300000,CB4MH,13.12336,1e+06,0.05,72.16,378000 4300000,4,Unsuitable,black,YES,234.878238,2671.8953,64.001213
378000,4300000,CB4MH,0,1e+06,8.64,80.04,378000 4300000,0,Suitable,dodgerblue,YES,234.878238,2671.8953,64.001213
378000,4300000,CB4MH,27.88714,1e+06,0.02,69.68,378000 4300000,8.5,Unsuitable,black,YES,234.878238,2671.8953,64.001213
378000,4300000,CB4MH,8.2021,1e+06,2.51,76.42,378000 4300000,2.5,Marginal,orange,YES,234.878238,2671.8953,64.001213
378000,4300000,CB4MH,22.96588,1e+06,0.02,70.3,378000 4300000,7,Unsuitable,black,YES,234.878238,2671.8953,64.001213
378000,4300000,CB4MH,3.28084,1e+06,5.03,78.15,378000 4300000,1,Suitable,dodgerblue,YES,234.878238,2671.8953,64.001213
378000,4300000,CB4MH,6.56168,1e+06,3.14,76.95,378000 4300000,2,Tolerable,yellow,YES,234.878238,2671.8953,64.001213
378000,4300000,CB4MH,18.04462,1e+06,0.02,70.67,378000 4300000,5.5,Unsuitable,black,YES,234.878238,2671.8953,64.001213
378000,4300000,CB4MH,9.84252,1e+06,1.19,74.99,378000 4300000,3,Unsuitable,black,YES,234.878238,2671.8953,64.001213
378000,4300000,CB4MH,11.48294,1e+06,0.12,73.12,378000 4300000,3.5,Unsuitable,black,YES,234.878238,2671.8953,64.001213
378000,4300000,CB4MH,19.68504,1e+06,0.02,70.61,378000 4300000,6,Unsuitable,black,YES,234.878238,2671.8953,64.001213
378000,4300000,CB4MH,21.32546,1e+06,0.02,70.43,378000 4300000,6.5,Unsuitable,black,YES,234.878238,2671.8953,64.001213
378000,4300000,CB4MH,31.16798,1e+06,0.04,69.5,378000 4300000,9.5,Unsuitable,black,YES,234.878238,2671.8953,64.001213
378000,4301000,CB4MH,0,1e+06,8.76,80.26,378000 4301000,0,Suitable,dodgerblue,YES,234.878238,2672.516671,64.6225839999997
378000,4301000,CB4MH,31.16798,1e+06,0.05,69.55,378000 4301000,9.5,Unsuitable,black,YES,234.878238,2672.516671,64.6225839999997
378000,4301000,CB4MH,8.2021,1e+06,2.64,76.48,378000 4301000,2.5,Marginal,orange,YES,234.878238,2672.516671,64.6225839999997
378000,4301000,CB4MH,14.76378,1e+06,0.06,71.5,378000 4301000,4.5,Unsuitable,black,YES,234.878238,2672.516671,64.6225839999997
378000,4301000,CB4MH,1.64042,1e+06,7.49,79.59,378000 4301000,0.5,Suitable,dodgerblue,YES,234.878238,2672.516671,64.6225839999997
378000,4301000,CB4MH,3.28084,1e+06,5.45,78.41,378000 4301000,1,Suitable,dodgerblue,YES,234.878238,2672.516671,64.6225839999997
378000,4301000,CB4MH,24.6063,1e+06,0.03,70.1,378000 4301000,7.5,Unsuitable,black,YES,234.878238,2672.516671,64.6225839999997
378000,4301000,CB4MH,21.32546,1e+06,0.03,70.45,378000 4301000,6.5,Unsuitable,black,YES,234.878238,2672.516671,64.6225839999997
378000,4301000,CB4MH,4.92126,1e+06,4.16,77.63,378000 4301000,1.5,Suitable,dodgerblue,YES,234.878238,2672.516671,64.6225839999997
378000,4301000,CB4MH,9.84252,1e+06,1.26,75.04,378000 4301000,3,Unsuitable,black,YES,234.878238,2672.516671,64.6225839999997
378000,4301000,CB4MH,34.44882,1e+06,0.1,69.5,378000 4301000,10.5,Unsuitable,black,YES,234.878238,2672.516671,64.6225839999997
378000,4301000,CB4MH,19.68504,1e+06,0.03,70.61,378000 4301000,6,Unsuitable,black,YES,234.878238,2672.516671,64.6225839999997
378000,4301000,CB4MH,37.72966,1e+06,0.1,69.21,378000 4301000,11.5,Unsuitable,black,YES,234.878238,2672.516671,64.6225839999997
378000,4301000,CB4MH,32.8084,1e+06,0.08,69.48,378000 4301000,10,Unsuitable,black,YES,234.878238,2672.516671,64.6225839999997
378000,4301000,CB4MH,13.12336,1e+06,0.09,72.27,378000 4301000,4,Unsuitable,black,YES,234.878238,2672.516671,64.6225839999997
378000,4301000,CB4MH,27.88714,1e+06,0.03,69.73,378000 4301000,8.5,Unsuitable,black,YES,234.878238,2672.516671,64.6225839999997
378000,4301000,CB4MH,29.52756,1e+06,0.03,69.63,378000 4301000,9,Unsuitable,black,YES,234.878238,2672.516671,64.6225839999997
378000,4301000,CB4MH,36.08924,1e+06,0.1,69.31,378000 4301000,11,Unsuitable,black,YES,234.878238,2672.516671,64.6225839999997
378000,4301000,CB4MH,18.04462,1e+06,0.03,70.62,378000 4301000,5.5,Unsuitable,black,YES,234.878238,2672.516671,64.6225839999997
378000,4301000,CB4MH,11.48294,1e+06,0.19,73.19,378000 4301000,3.5,Unsuitable,black,YES,234.878238,2672.516671,64.6225839999997
378000,4301000,CB4MH,6.56168,1e+06,3.38,77.09,378000 4301000,2,Tolerable,yellow,YES,234.878238,2672.516671,64.6225839999997
378000,4301000,CB4MH,16.4042,1e+06,0.04,70.9,378000 4301000,5,Unsuitable,black,YES,234.878238,2672.516671,64.6225839999997
378000,4301000,CB4MH,26.24672,1e+06,0.03,69.78,378000 4301000,8,Unsuitable,black,YES,234.878238,2672.516671,64.6225839999997
378000,4301000,CB4MH,22.96588,1e+06,0.03,70.35,378000 4301000,7,Unsuitable,black,YES,234.878238,2672.516671,64.6225839999997
378000,4302000,CB4MH,27.88714,1e+06,0.03,69.75,378000 4302000,8.5,Unsuitable,black,YES,234.878238,2673.138042,65.2439549999999
378000,4302000,CB4MH,22.96588,1e+06,0.03,70.38,378000 4302000,7,Unsuitable,black,YES,234.878238,2673.138042,65.2439549999999
378000,4302000,CB4MH,39.37008,1e+06,0.1,69.11,378000 4302000,12,Unsuitable,black,YES,234.878238,2673.138042,65.2439549999999
378000,4302000,CB4MH,29.52756,1e+06,0.03,69.65,378000 4302000,9,Unsuitable,black,YES,234.878238,2673.138042,65.2439549999999
378000,4302000,CB4MH,24.6063,1e+06,0.03,70.15,378000 4302000,7.5,Unsuitable,black,YES,234.878238,2673.138042,65.2439549999999
378000,4302000,CB4MH,13.12336,1e+06,0.14,72.29,378000 4302000,4,Unsuitable,black,YES,234.878238,2673.138042,65.2439549999999
378000,4302000,CB4MH,36.08924,1e+06,0.1,69.32,378000 4302000,11,Unsuitable,black,YES,234.878238,2673.138042,65.2439549999999
378000,4302000,CB4MH,34.44882,1e+06,0.1,69.55,378000 4302000,10.5,Unsuitable,black,YES,234.878238,2673.138042,65.2439549999999
378000,4302000,CB4MH,9.84252,1e+06,1.31,75.02,378000 4302000,3,Unsuitable,black,YES,234.878238,2673.138042,65.2439549999999
378000,4302000,CB4MH,4.92126,1e+06,4.36,77.69,378000 4302000,1.5,Suitable,dodgerblue,YES,234.878238,2673.138042,65.2439549999999
378000,4302000,CB4MH,16.4042,1e+06,0.05,70.83,378000 4302000,5,Unsuitable,black,YES,234.878238,2673.138042,65.2439549999999
378000,4302000,CB4MH,14.76378,1e+06,0.09,71.47,378000 4302000,4.5,Unsuitable,black,YES,234.878238,2673.138042,65.2439549999999
378000,4302000,CB4MH,26.24672,1e+06,0.03,69.82,378000 4302000,8,Unsuitable,black,YES,234.878238,2673.138042,65.2439549999999
378000,4302000,CB4MH,0,1e+06,8.86,80.38,378000 4302000,0,Suitable,dodgerblue,YES,234.878238,2673.138042,65.2439549999999
378000,4302000,CB4MH,19.68504,1e+06,0.03,70.61,378000 4302000,6,Unsuitable,black,YES,234.878238,2673.138042,65.2439549999999
378000,4302000,CB4MH,37.72966,1e+06,0.1,69.22,378000 4302000,11.5,Unsuitable,black,YES,234.878238,2673.138042,65.2439549999999
378000,4302000,CB4MH,32.8084,1e+06,0.08,69.52,378000 4302000,10,Unsuitable,black,YES,234.878238,2673.138042,65.2439549999999
378000,4302000,CB4MH,18.04462,1e+06,0.04,70.55,378000 4302000,5.5,Unsuitable,black,YES,234.878238,2673.138042,65.2439549999999
378000,4302000,CB4MH,3.28084,1e+06,5.74,78.55,378000 4302000,1,Suitable,dodgerblue,YES,234.878238,2673.138042,65.2439549999999
378000,4302000,CB4MH,21.32546,1e+06,0.03,70.46,378000 4302000,6.5,Unsuitable,black,YES,234.878238,2673.138042,65.2439549999999
378000,4302000,CB4MH,6.56168,1e+06,3.51,77.13,378000 4302000,2,Tolerable,yellow,YES,234.878238,2673.138042,65.2439549999999
378000,4302000,CB4MH,8.2021,1e+06,2.7,76.45,378000 4302000,2.5,Marginal,orange,YES,234.878238,2673.138042,65.2439549999999
378000,4302000,CB4MH,11.48294,1e+06,0.26,73.19,378000 4302000,3.5,Unsuitable,black,YES,234.878238,2673.138042,65.2439549999999
378000,4302000,CB4MH,31.16798,1e+06,0.05,69.58,378000 4302000,9.5,Unsuitable,black,YES,234.878238,2673.138042,65.2439549999999
378000,4302000,CB4MH,1.64042,1e+06,7.71,79.72,378000 4302000,0.5,Suitable,dodgerblue,YES,234.878238,2673.138042,65.2439549999999
379000,4259000,CB4MH,11.48294,1e+06,2.93,75.54,379000 4259000,3.5,Marginal,orange,YES,235.499609,2646.419089,38.5250019999999
379000,4259000,CB4MH,3.28084,1e+06,7.74,79.12,379000 4259000,1,Suitable,dodgerblue,YES,235.499609,2646.419089,38.5250019999999
379000,4259000,CB4MH,4.92126,1e+06,6.92,78.42,379000 4259000,1.5,Suitable,dodgerblue,YES,235.499609,2646.419089,38.5250019999999
379000,4259000,CB4MH,19.68504,1e+06,0.73,72.36,379000 4259000,6,Unsuitable,black,YES,235.499609,2646.419089,38.5250019999999
379000,4259000,CB4MH,6.56168,1e+06,6.2,77.92,379000 4259000,2,Suitable,dodgerblue,YES,235.499609,2646.419089,38.5250019999999
379000,4259000,CB4MH,29.52756,1e+06,0.53,71,379000 4259000,9,Unsuitable,black,YES,235.499609,2646.419089,38.5250019999999
379000,4259000,CB4MH,37.72966,1e+06,0.52,70.73,379000 4259000,11.5,Unsuitable,black,YES,235.499609,2646.419089,38.5250019999999
379000,4259000,CB4MH,8.2021,1e+06,5.05,77.18,379000 4259000,2.5,Suitable,dodgerblue,YES,235.499609,2646.419089,38.5250019999999
379000,4259000,CB4MH,18.04462,1e+06,0.74,72.82,379000 4259000,5.5,Unsuitable,black,YES,235.499609,2646.419089,38.5250019999999
379000,4259000,CB4MH,31.16798,1e+06,0.5,70.8,379000 4259000,9.5,Unsuitable,black,YES,235.499609,2646.419089,38.5250019999999
379000,4259000,CB4MH,16.4042,1e+06,0.78,72.2,379000 4259000,5,Unsuitable,black,YES,235.499609,2646.419089,38.5250019999999
379000,4259000,CB4MH,36.08924,1e+06,0.53,70.74,379000 4259000,11,Unsuitable,black,YES,235.499609,2646.419089,38.5250019999999
379000,4259000,CB4MH,34.44882,1e+06,0.55,70.81,379000 4259000,10.5,Unsuitable,black,YES,235.499609,2646.419089,38.5250019999999
379000,4259000,CB4MH,14.76378,1e+06,0.89,72.65,379000 4259000,4.5,Unsuitable,black,YES,235.499609,2646.419089,38.5250019999999
379000,4259000,CB4MH,39.37008,1e+06,0.52,70.71,379000 4259000,12,Unsuitable,black,YES,235.499609,2646.419089,38.5250019999999
379000,4259000,CB4MH,13.12336,1e+06,1.62,73.85,379000 4259000,4,Unsuitable,black,YES,235.499609,2646.419089,38.5250019999999
379000,4259000,CB4MH,24.6063,1e+06,0.53,71.33,379000 4259000,7.5,Unsuitable,black,YES,235.499609,2646.419089,38.5250019999999
379000,4259000,CB4MH,22.96588,1e+06,0.56,71.6,379000 4259000,7,Unsuitable,black,YES,235.499609,2646.419089,38.5250019999999
379000,4259000,CB4MH,32.8084,1e+06,0.58,70.93,379000 4259000,10,Unsuitable,black,YES,235.499609,2646.419089,38.5250019999999
379000,4259000,CB4MH,27.88714,1e+06,0.56,71.21,379000 4259000,8.5,Unsuitable,black,YES,235.499609,2646.419089,38.5250019999999
379000,4259000,CB4MH,9.84252,1e+06,3.9,76.43,379000 4259000,3,Tolerable,yellow,YES,235.499609,2646.419089,38.5250019999999
379000,4259000,CB4MH,1.64042,1e+06,8.2,79.58,379000 4259000,0.5,Suitable,dodgerblue,YES,235.499609,2646.419089,38.5250019999999
379000,4259000,CB4MH,0,1e+06,8.24,79.76,379000 4259000,0,Suitable,dodgerblue,YES,235.499609,2646.419089,38.5250019999999
379000,4259000,CB4MH,26.24672,1e+06,0.58,71.35,379000 4259000,8,Unsuitable,black,YES,235.499609,2646.419089,38.5250019999999
379000,4259000,CB4MH,21.32546,1e+06,0.68,72.06,379000 4259000,6.5,Unsuitable,black,YES,235.499609,2646.419089,38.5250019999999
379000,4299000,CB4MH,19.68504,1e+06,0.01,70.6,379000 4299000,6,Unsuitable,black,YES,235.499609,2671.273929,63.3798419999998
379000,4299000,CB4MH,3.28084,1e+06,4.6,77.89,379000 4299000,1,Suitable,dodgerblue,YES,235.499609,2671.273929,63.3798419999998
379000,4299000,CB4MH,9.84252,1e+06,1.11,74.91,379000 4299000,3,Unsuitable,black,YES,235.499609,2671.273929,63.3798419999998
379000,4299000,CB4MH,18.04462,1e+06,0.01,70.7,379000 4299000,5.5,Unsuitable,black,YES,235.499609,2671.273929,63.3798419999998
379000,4299000,CB4MH,6.56168,1e+06,2.91,76.78,379000 4299000,2,Marginal,orange,YES,235.499609,2671.273929,63.3798419999998
379000,4299000,CB4MH,8.2021,1e+06,2.38,76.32,379000 4299000,2.5,Marginal,orange,YES,235.499609,2671.273929,63.3798419999998
379000,4299000,CB4MH,4.92126,1e+06,3.58,77.29,379000 4299000,1.5,Tolerable,yellow,YES,235.499609,2671.273929,63.3798419999998
379000,4299000,CB4MH,32.8084,1e+06,0.08,69.37,379000 4299000,10,Unsuitable,black,YES,235.499609,2671.273929,63.3798419999998
379000,4299000,CB4MH,31.16798,1e+06,0.03,69.46,379000 4299000,9.5,Unsuitable,black,YES,235.499609,2671.273929,63.3798419999998
379000,4299000,CB4MH,24.6063,1e+06,0.01,69.98,379000 4299000,7.5,Unsuitable,black,YES,235.499609,2671.273929,63.3798419999998
379000,4299000,CB4MH,21.32546,1e+06,0.01,70.42,379000 4299000,6.5,Unsuitable,black,YES,235.499609,2671.273929,63.3798419999998
379000,4299000,CB4MH,29.52756,1e+06,0.01,69.55,379000 4299000,9,Unsuitable,black,YES,235.499609,2671.273929,63.3798419999998
379000,4299000,CB4MH,26.24672,1e+06,0.01,69.67,379000 4299000,8,Unsuitable,black,YES,235.499609,2671.273929,63.3798419999998
379000,4299000,CB4MH,14.76378,1e+06,0.01,71.47,379000 4299000,4.5,Unsuitable,black,YES,235.499609,2671.273929,63.3798419999998
379000,4299000,CB4MH,13.12336,1e+06,0.02,72.08,379000 4299000,4,Unsuitable,black,YES,235.499609,2671.273929,63.3798419999998
379000,4299000,CB4MH,11.48294,1e+06,0.08,73.05,379000 4299000,3.5,Unsuitable,black,YES,235.499609,2671.273929,63.3798419999998
379000,4299000,CB4MH,34.44882,1e+06,0.1,69.38,379000 4299000,10.5,Unsuitable,black,YES,235.499609,2671.273929,63.3798419999998
379000,4299000,CB4MH,22.96588,1e+06,0.01,70.26,379000 4299000,7,Unsuitable,black,YES,235.499609,2671.273929,63.3798419999998
379000,4299000,CB4MH,36.08924,1e+06,0.1,69.3,379000 4299000,11,Unsuitable,black,YES,235.499609,2671.273929,63.3798419999998
379000,4299000,CB4MH,1.64042,1e+06,6.81,79.07,379000 4299000,0.5,Suitable,dodgerblue,YES,235.499609,2671.273929,63.3798419999998
379000,4299000,CB4MH,16.4042,1e+06,0.01,70.99,379000 4299000,5,Unsuitable,black,YES,235.499609,2671.273929,63.3798419999998
379000,4299000,CB4MH,27.88714,1e+06,0.01,69.65,379000 4299000,8.5,Unsuitable,black,YES,235.499609,2671.273929,63.3798419999998
379000,4299000,CB4MH,0,1e+06,8.46,79.82,379000 4299000,0,Suitable,dodgerblue,YES,235.499609,2671.273929,63.3798419999998
379000,4303000,CB4MH,21.32546,1e+06,0.04,70.46,379000 4303000,6.5,Unsuitable,black,YES,235.499609,2673.759413,65.8653260000001
379000,4303000,CB4MH,37.72966,1e+06,0.1,69.24,379000 4303000,11.5,Unsuitable,black,YES,235.499609,2673.759413,65.8653260000001
379000,4303000,CB4MH,8.2021,1e+06,3.09,76.45,379000 4303000,2.5,Tolerable,yellow,YES,235.499609,2673.759413,65.8653260000001
379000,4303000,CB4MH,27.88714,1e+06,0.04,69.78,379000 4303000,8.5,Unsuitable,black,YES,235.499609,2673.759413,65.8653260000001
379000,4303000,CB4MH,31.16798,1e+06,0.06,69.62,379000 4303000,9.5,Unsuitable,black,YES,235.499609,2673.759413,65.8653260000001
379000,4303000,CB4MH,19.68504,1e+06,0.04,70.6,379000 4303000,6,Unsuitable,black,YES,235.499609,2673.759413,65.8653260000001
379000,4303000,CB4MH,29.52756,1e+06,0.04,69.68,379000 4303000,9,Unsuitable,black,YES,235.499609,2673.759413,65.8653260000001
379000,4303000,CB4MH,14.76378,1e+06,0.13,71.41,379000 4303000,4.5,Unsuitable,black,YES,235.499609,2673.759413,65.8653260000001
379000,4303000,CB4MH,26.24672,1e+06,0.04,69.86,379000 4303000,8,Unsuitable,black,YES,235.499609,2673.759413,65.8653260000001
379000,4303000,CB4MH,32.8084,1e+06,0.09,69.56,379000 4303000,10,Unsuitable,black,YES,235.499609,2673.759413,65.8653260000001
379000,4303000,CB4MH,16.4042,1e+06,0.07,70.72,379000 4303000,5,Unsuitable,black,YES,235.499609,2673.759413,65.8653260000001
379000,4303000,CB4MH,13.12336,1e+06,0.21,72.28,379000 4303000,4,Unsuitable,black,YES,235.499609,2673.759413,65.8653260000001
379000,4303000,CB4MH,24.6063,1e+06,0.04,70.19,379000 4303000,7.5,Unsuitable,black,YES,235.499609,2673.759413,65.8653260000001
379000,4303000,CB4MH,22.96588,1e+06,0.04,70.41,379000 4303000,7,Unsuitable,black,YES,235.499609,2673.759413,65.8653260000001
379000,4303000,CB4MH,18.04462,1e+06,0.05,70.44,379000 4303000,5.5,Unsuitable,black,YES,235.499609,2673.759413,65.8653260000001
379000,4303000,CB4MH,9.84252,1e+06,1.57,74.93,379000 4303000,3,Unsuitable,black,YES,235.499609,2673.759413,65.8653260000001
379000,4303000,CB4MH,11.48294,1e+06,0.36,73.15,379000 4303000,3.5,Unsuitable,black,YES,235.499609,2673.759413,65.8653260000001
379000,4303000,CB4MH,6.56168,1e+06,3.99,77.18,379000 4303000,2,Tolerable,yellow,YES,235.499609,2673.759413,65.8653260000001
379000,4303000,CB4MH,3.28084,1e+06,5.85,78.65,379000 4303000,1,Suitable,dodgerblue,YES,235.499609,2673.759413,65.8653260000001
379000,4303000,CB4MH,1.64042,1e+06,7.59,79.8,379000 4303000,0.5,Suitable,dodgerblue,YES,235.499609,2673.759413,65.8653260000001
379000,4303000,CB4MH,4.92126,1e+06,4.71,77.65,379000 4303000,1.5,Suitable,dodgerblue,YES,235.499609,2673.759413,65.8653260000001
379000,4303000,CB4MH,36.08924,1e+06,0.1,69.33,379000 4303000,11,Unsuitable,black,YES,235.499609,2673.759413,65.8653260000001
379000,4303000,CB4MH,34.44882,1e+06,0.1,69.6,379000 4303000,10.5,Unsuitable,black,YES,235.499609,2673.759413,65.8653260000001
379000,4303000,CB4MH,0,1e+06,8.76,80.51,379000 4303000,0,Suitable,dodgerblue,YES,235.499609,2673.759413,65.8653260000001
379000,4304000,CB4MH,19.68504,1e+06,0.05,70.55,379000 4304000,6,Unsuitable,black,YES,235.499609,2674.380784,66.4866969999998
379000,4304000,CB4MH,1.64042,1e+06,7.64,79.79,379000 4304000,0.5,Suitable,dodgerblue,YES,235.499609,2674.380784,66.4866969999998
379000,4304000,CB4MH,8.2021,1e+06,2.68,76.25,379000 4304000,2.5,Marginal,orange,YES,235.499609,2674.380784,66.4866969999998
379000,4304000,CB4MH,13.12336,1e+06,0.27,72.2,379000 4304000,4,Unsuitable,black,YES,235.499609,2674.380784,66.4866969999998
379000,4304000,CB4MH,0,1e+06,8.81,80.53,379000 4304000,0,Suitable,dodgerblue,YES,235.499609,2674.380784,66.4866969999998
379000,4304000,CB4MH,32.8084,1e+06,0.09,69.56,379000 4304000,10,Unsuitable,black,YES,235.499609,2674.380784,66.4866969999998
379000,4304000,CB4MH,34.44882,1e+06,0.1,69.6,379000 4304000,10.5,Unsuitable,black,YES,235.499609,2674.380784,66.4866969999998
379000,4304000,CB4MH,36.08924,1e+06,0.1,69.32,379000 4304000,11,Unsuitable,black,YES,235.499609,2674.380784,66.4866969999998
379000,4304000,CB4MH,21.32546,1e+06,0.05,70.41,379000 4304000,6.5,Unsuitable,black,YES,235.499609,2674.380784,66.4866969999998
379000,4304000,CB4MH,3.28084,1e+06,6.13,78.66,379000 4304000,1,Suitable,dodgerblue,YES,235.499609,2674.380784,66.4866969999998
379000,4304000,CB4MH,37.72966,1e+06,0.09,69.23,379000 4304000,11.5,Unsuitable,black,YES,235.499609,2674.380784,66.4866969999998
379000,4304000,CB4MH,39.37008,1e+06,0.1,69.1,379000 4304000,12,Unsuitable,black,YES,235.499609,2674.380784,66.4866969999998
379000,4304000,CB4MH,24.6063,1e+06,0.05,70.18,379000 4304000,7.5,Unsuitable,black,YES,235.499609,2674.380784,66.4866969999998
379000,4304000,CB4MH,27.88714,1e+06,0.05,69.78,379000 4304000,8.5,Unsuitable,black,YES,235.499609,2674.380784,66.4866969999998
379000,4304000,CB4MH,26.24672,1e+06,0.05,69.86,379000 4304000,8,Unsuitable,black,YES,235.499609,2674.380784,66.4866969999998
379000,4304000,CB4MH,11.48294,1e+06,0.44,73.03,379000 4304000,3.5,Unsuitable,black,YES,235.499609,2674.380784,66.4866969999998
379000,4304000,CB4MH,9.84252,1e+06,1.3,74.87,379000 4304000,3,Unsuitable,black,YES,235.499609,2674.380784,66.4866969999998
379000,4304000,CB4MH,31.16798,1e+06,0.06,69.62,379000 4304000,9.5,Unsuitable,black,YES,235.499609,2674.380784,66.4866969999998
379000,4304000,CB4MH,18.04462,1e+06,0.06,70.33,379000 4304000,5.5,Unsuitable,black,YES,235.499609,2674.380784,66.4866969999998
379000,4304000,CB4MH,6.56168,1e+06,3.52,76.98,379000 4304000,2,Tolerable,yellow,YES,235.499609,2674.380784,66.4866969999998
379000,4304000,CB4MH,14.76378,1e+06,0.16,71.32,379000 4304000,4.5,Unsuitable,black,YES,235.499609,2674.380784,66.4866969999998
379000,4304000,CB4MH,22.96588,1e+06,0.05,70.38,379000 4304000,7,Unsuitable,black,YES,235.499609,2674.380784,66.4866969999998
379000,4304000,CB4MH,29.52756,1e+06,0.05,69.68,379000 4304000,9,Unsuitable,black,YES,235.499609,2674.380784,66.4866969999998
379000,4304000,CB4MH,4.92126,1e+06,4.52,77.65,379000 4304000,1.5,Suitable,dodgerblue,YES,235.499609,2674.380784,66.4866969999998
379000,4304000,CB4MH,16.4042,1e+06,0.08,70.63,379000 4304000,5,Unsuitable,black,YES,235.499609,2674.380784,66.4866969999998
379000,4305000,CB4MH,27.88714,1e+06,0.05,69.78,379000 4305000,8.5,Unsuitable,black,YES,235.499609,2675.002155,67.108068
379000,4305000,CB4MH,21.32546,1e+06,0.05,70.39,379000 4305000,6.5,Unsuitable,black,YES,235.499609,2675.002155,67.108068
379000,4305000,CB4MH,36.08924,1e+06,0.1,69.32,379000 4305000,11,Unsuitable,black,YES,235.499609,2675.002155,67.108068
379000,4305000,CB4MH,16.4042,1e+06,0.09,70.54,379000 4305000,5,Unsuitable,black,YES,235.499609,2675.002155,67.108068
379000,4305000,CB4MH,34.44882,1e+06,0.1,69.6,379000 4305000,10.5,Unsuitable,black,YES,235.499609,2675.002155,67.108068
379000,4305000,CB4MH,29.52756,1e+06,0.05,69.68,379000 4305000,9,Unsuitable,black,YES,235.499609,2675.002155,67.108068
379000,4305000,CB4MH,31.16798,1e+06,0.06,69.61,379000 4305000,9.5,Unsuitable,black,YES,235.499609,2675.002155,67.108068
379000,4305000,CB4MH,26.24672,1e+06,0.05,69.86,379000 4305000,8,Unsuitable,black,YES,235.499609,2675.002155,67.108068
379000,4305000,CB4MH,37.72966,1e+06,0.09,69.24,379000 4305000,11.5,Unsuitable,black,YES,235.499609,2675.002155,67.108068
379000,4305000,CB4MH,24.6063,1e+06,0.05,70.17,379000 4305000,7.5,Unsuitable,black,YES,235.499609,2675.002155,67.108068
379000,4305000,CB4MH,6.56168,1e+06,3.47,76.82,379000 4305000,2,Tolerable,yellow,YES,235.499609,2675.002155,67.108068
379000,4305000,CB4MH,14.76378,1e+06,0.19,71.23,379000 4305000,4.5,Unsuitable,black,YES,235.499609,2675.002155,67.108068
379000,4305000,CB4MH,39.37008,1e+06,0.1,69.1,379000 4305000,12,Unsuitable,black,YES,235.499609,2675.002155,67.108068
379000,4305000,CB4MH,8.2021,1e+06,2.62,76.05,379000 4305000,2.5,Marginal,orange,YES,235.499609,2675.002155,67.108068
379000,4305000,CB4MH,1.64042,1e+06,8.04,79.74,379000 4305000,0.5,Suitable,dodgerblue,YES,235.499609,2675.002155,67.108068
379000,4305000,CB4MH,13.12336,1e+06,0.34,72.1,379000 4305000,4,Unsuitable,black,YES,235.499609,2675.002155,67.108068
379000,4305000,CB4MH,19.68504,1e+06,0.05,70.53,379000 4305000,6,Unsuitable,black,YES,235.499609,2675.002155,67.108068
379000,4305000,CB4MH,32.8084,1e+06,0.09,69.56,379000 4305000,10,Unsuitable,black,YES,235.499609,2675.002155,67.108068
379000,4305000,CB4MH,18.04462,1e+06,0.07,70.23,379000 4305000,5.5,Unsuitable,black,YES,235.499609,2675.002155,67.108068
379000,4305000,CB4MH,22.96588,1e+06,0.05,70.36,379000 4305000,7,Unsuitable,black,YES,235.499609,2675.002155,67.108068
379000,4305000,CB4MH,3.28084,1e+06,6.27,78.6,379000 4305000,1,Suitable,dodgerblue,YES,235.499609,2675.002155,67.108068
379000,4305000,CB4MH,9.84252,1e+06,1.28,74.71,379000 4305000,3,Unsuitable,black,YES,235.499609,2675.002155,67.108068
379000,4305000,CB4MH,11.48294,1e+06,0.52,72.9,379000 4305000,3.5,Unsuitable,black,YES,235.499609,2675.002155,67.108068
379000,4305000,CB4MH,0,1e+06,8.96,80.31,379000 4305000,0,Suitable,dodgerblue,YES,235.499609,2675.002155,67.108068
379000,4305000,CB4MH,4.92126,1e+06,4.57,77.54,379000 4305000,1.5,Suitable,dodgerblue,YES,235.499609,2675.002155,67.108068
379000,4306000,CB4MH,6.56168,1e+06,3.39,76.61,379000 4306000,2,Tolerable,yellow,YES,235.499609,2675.623526,67.7294389999997
379000,4306000,CB4MH,22.96588,1e+06,0.05,70.32,379000 4306000,7,Unsuitable,black,YES,235.499609,2675.623526,67.7294389999997
379000,4306000,CB4MH,34.44882,1e+06,0.1,69.59,379000 4306000,10.5,Unsuitable,black,YES,235.499609,2675.623526,67.7294389999997
379000,4306000,CB4MH,0,1e+06,8.97,80.21,379000 4306000,0,Suitable,dodgerblue,YES,235.499609,2675.623526,67.7294389999997
379000,4306000,CB4MH,9.84252,1e+06,1.25,74.51,379000 4306000,3,Unsuitable,black,YES,235.499609,2675.623526,67.7294389999997
379000,4306000,CB4MH,16.4042,1e+06,0.1,70.47,379000 4306000,5,Unsuitable,black,YES,235.499609,2675.623526,67.7294389999997
379000,4306000,CB4MH,1.64042,1e+06,8.09,79.62,379000 4306000,0.5,Suitable,dodgerblue,YES,235.499609,2675.623526,67.7294389999997
379000,4306000,CB4MH,18.04462,1e+06,0.08,70.15,379000 4306000,5.5,Unsuitable,black,YES,235.499609,2675.623526,67.7294389999997
379000,4306000,CB4MH,19.68504,1e+06,0.05,70.5,379000 4306000,6,Unsuitable,black,YES,235.499609,2675.623526,67.7294389999997
379000,4306000,CB4MH,11.48294,1e+06,0.36,73.51,379000 4306000,3.5,Unsuitable,black,YES,235.499609,2675.623526,67.7294389999997
379000,4306000,CB4MH,24.6063,1e+06,0.05,70.15,379000 4306000,7.5,Unsuitable,black,YES,235.499609,2675.623526,67.7294389999997
379000,4306000,CB4MH,36.08924,1e+06,0.1,69.33,379000 4306000,11,Unsuitable,black,YES,235.499609,2675.623526,67.7294389999997
379000,4306000,CB4MH,32.8084,1e+06,0.09,69.56,379000 4306000,10,Unsuitable,black,YES,235.499609,2675.623526,67.7294389999997
379000,4306000,CB4MH,26.24672,1e+06,0.05,69.86,379000 4306000,8,Unsuitable,black,YES,235.499609,2675.623526,67.7294389999997
379000,4306000,CB4MH,3.28084,1e+06,6.38,78.51,379000 4306000,1,Suitable,dodgerblue,YES,235.499609,2675.623526,67.7294389999997
379000,4306000,CB4MH,8.2021,1e+06,2.54,75.81,379000 4306000,2.5,Marginal,orange,YES,235.499609,2675.623526,67.7294389999997
379000,4306000,CB4MH,13.12336,1e+06,0.39,72.01,379000 4306000,4,Unsuitable,black,YES,235.499609,2675.623526,67.7294389999997
379000,4306000,CB4MH,31.16798,1e+06,0.07,69.61,379000 4306000,9.5,Unsuitable,black,YES,235.499609,2675.623526,67.7294389999997
379000,4306000,CB4MH,21.32546,1e+06,0.05,70.35,379000 4306000,6.5,Unsuitable,black,YES,235.499609,2675.623526,67.7294389999997
379000,4306000,CB4MH,14.76378,1e+06,0.22,71.15,379000 4306000,4.5,Unsuitable,black,YES,235.499609,2675.623526,67.7294389999997
379000,4306000,CB4MH,27.88714,1e+06,0.05,69.77,379000 4306000,8.5,Unsuitable,black,YES,235.499609,2675.623526,67.7294389999997
379000,4306000,CB4MH,4.92126,1e+06,4.59,77.41,379000 4306000,1.5,Suitable,dodgerblue,YES,235.499609,2675.623526,67.7294389999997
379000,4306000,CB4MH,29.52756,1e+06,0.05,69.67,379000 4306000,9,Unsuitable,black,YES,235.499609,2675.623526,67.7294389999997
379000,4309000,CB4MH,31.16798,1e+06,0.08,69.55,379000 4309000,9.5,Unsuitable,black,YES,235.499609,2677.487639,69.5935519999998
379000,4309000,CB4MH,4.92126,1e+06,4.99,77.53,379000 4309000,1.5,Suitable,dodgerblue,YES,235.499609,2677.487639,69.5935519999998
379000,4309000,CB4MH,29.52756,1e+06,0.07,69.62,379000 4309000,9,Unsuitable,black,YES,235.499609,2677.487639,69.5935519999998
379000,4309000,CB4MH,19.68504,1e+06,0.07,70.37,379000 4309000,6,Unsuitable,black,YES,235.499609,2677.487639,69.5935519999998
379000,4309000,CB4MH,27.88714,1e+06,0.07,69.72,379000 4309000,8.5,Unsuitable,black,YES,235.499609,2677.487639,69.5935519999998
379000,4309000,CB4MH,8.2021,1e+06,3.01,75.36,379000 4309000,2.5,Tolerable,yellow,YES,235.499609,2677.487639,69.5935519999998
379000,4309000,CB4MH,11.48294,1e+06,0.56,73.43,379000 4309000,3.5,Unsuitable,black,YES,235.499609,2677.487639,69.5935519999998
379000,4309000,CB4MH,22.96588,1e+06,0.07,70.17,379000 4309000,7,Unsuitable,black,YES,235.499609,2677.487639,69.5935519999998
379000,4309000,CB4MH,18.04462,1e+06,0.09,70.05,379000 4309000,5.5,Unsuitable,black,YES,235.499609,2677.487639,69.5935519999998
379000,4309000,CB4MH,21.32546,1e+06,0.07,70.18,379000 4309000,6.5,Unsuitable,black,YES,235.499609,2677.487639,69.5935519999998
379000,4309000,CB4MH,13.12336,1e+06,0.46,71.86,379000 4309000,4,Unsuitable,black,YES,235.499609,2677.487639,69.5935519999998
379000,4309000,CB4MH,24.6063,1e+06,0.07,70.05,379000 4309000,7.5,Unsuitable,black,YES,235.499609,2677.487639,69.5935519999998
379000,4309000,CB4MH,9.84252,1e+06,1.55,73.81,379000 4309000,3,Unsuitable,black,YES,235.499609,2677.487639,69.5935519999998
379000,4309000,CB4MH,16.4042,1e+06,0.12,70.42,379000 4309000,5,Unsuitable,black,YES,235.499609,2677.487639,69.5935519999998
379000,4309000,CB4MH,14.76378,1e+06,0.25,71.08,379000 4309000,4.5,Unsuitable,black,YES,235.499609,2677.487639,69.5935519999998
379000,4309000,CB4MH,0,1e+06,8.32,79.61,379000 4309000,0,Suitable,dodgerblue,YES,235.499609,2677.487639,69.5935519999998
379000,4309000,CB4MH,3.28084,1e+06,6.26,78.56,379000 4309000,1,Suitable,dodgerblue,YES,235.499609,2677.487639,69.5935519999998
379000,4309000,CB4MH,6.56168,1e+06,3.9,76.48,379000 4309000,2,Tolerable,yellow,YES,235.499609,2677.487639,69.5935519999998
379000,4309000,CB4MH,1.64042,1e+06,7.21,79.23,379000 4309000,0.5,Suitable,dodgerblue,YES,235.499609,2677.487639,69.5935519999998
379000,4309000,CB4MH,26.24672,1e+06,0.07,69.82,379000 4309000,8,Unsuitable,black,YES,235.499609,2677.487639,69.5935519999998
380000,4257000,CB4MH,6.56168,1e+06,6.47,78.73,380000 4257000,2,Suitable,dodgerblue,YES,236.12098,2645.176347,37.28226
380000,4257000,CB4MH,11.48294,1e+06,3.24,76.43,380000 4257000,3.5,Tolerable,yellow,YES,236.12098,2645.176347,37.28226
380000,4257000,CB4MH,16.4042,1e+06,0.96,72.86,380000 4257000,5,Unsuitable,black,YES,236.12098,2645.176347,37.28226
380000,4257000,CB4MH,4.92126,1e+06,7.21,79.17,380000 4257000,1.5,Suitable,dodgerblue,YES,236.12098,2645.176347,37.28226
380000,4257000,CB4MH,3.28084,1e+06,7.98,79.77,380000 4257000,1,Suitable,dodgerblue,YES,236.12098,2645.176347,37.28226
380000,4257000,CB4MH,39.37008,1e+06,0.62,70.95,380000 4257000,12,Unsuitable,black,YES,236.12098,2645.176347,37.28226
380000,4257000,CB4MH,0,1e+06,8.46,80.3,380000 4257000,0,Suitable,dodgerblue,YES,236.12098,2645.176347,37.28226
380000,4257000,CB4MH,9.84252,1e+06,4.35,77.43,380000 4257000,3,Suitable,dodgerblue,YES,236.12098,2645.176347,37.28226
380000,4257000,CB4MH,8.2021,1e+06,5.44,78.08,380000 4257000,2.5,Suitable,dodgerblue,YES,236.12098,2645.176347,37.28226
380000,4257000,CB4MH,41.0105,1e+06,0.64,70.92,380000 4257000,12.5,Unsuitable,black,YES,236.12098,2645.176347,37.28226
380000,4257000,CB4MH,1.64042,1e+06,8.44,80.2,380000 4257000,0.5,Suitable,dodgerblue,YES,236.12098,2645.176347,37.28226
380000,4257000,CB4MH,18.04462,1e+06,0.96,73.3,380000 4257000,5.5,Unsuitable,black,YES,236.12098,2645.176347,37.28226
380000,4257000,CB4MH,45.93176,1e+06,0.8,72,380000 4257000,14,Unsuitable,black,YES,236.12098,2645.176347,37.28226
380000,4257000,CB4MH,13.12336,1e+06,1.78,74.49,380000 4257000,4,Unsuitable,black,YES,236.12098,2645.176347,37.28226
380000,4257000,CB4MH,42.65092,1e+06,0.71,71,380000 4257000,13,Unsuitable,black,YES,236.12098,2645.176347,37.28226
380000,4257000,CB4MH,34.44882,1e+06,0.67,71.06,380000 4257000,10.5,Unsuitable,black,YES,236.12098,2645.176347,37.28226
380000,4257000,CB4MH,14.76378,1e+06,0.97,73.24,380000 4257000,4.5,Unsuitable,black,YES,236.12098,2645.176347,37.28226
380000,4257000,CB4MH,37.72966,1e+06,0.62,70.97,380000 4257000,11.5,Unsuitable,black,YES,236.12098,2645.176347,37.28226
380000,4257000,CB4MH,21.32546,1e+06,0.94,72.69,380000 4257000,6.5,Unsuitable,black,YES,236.12098,2645.176347,37.28226
380000,4257000,CB4MH,19.68504,1e+06,0.97,72.96,380000 4257000,6,Unsuitable,black,YES,236.12098,2645.176347,37.28226
380000,4257000,CB4MH,29.52756,1e+06,0.73,71.52,380000 4257000,9,Unsuitable,black,YES,236.12098,2645.176347,37.28226
380000,4257000,CB4MH,27.88714,1e+06,0.77,71.76,380000 4257000,8.5,Unsuitable,black,YES,236.12098,2645.176347,37.28226
380000,4257000,CB4MH,36.08924,1e+06,0.64,70.98,380000 4257000,11,Unsuitable,black,YES,236.12098,2645.176347,37.28226
380000,4257000,CB4MH,44.29134,1e+06,0.71,71,380000 4257000,13.5,Unsuitable,black,YES,236.12098,2645.176347,37.28226
380000,4257000,CB4MH,31.16798,1e+06,0.69,71.23,380000 4257000,9.5,Unsuitable,black,YES,236.12098,2645.176347,37.28226
380000,4257000,CB4MH,24.6063,1e+06,0.71,71.82,380000 4257000,7.5,Unsuitable,black,YES,236.12098,2645.176347,37.28226
380000,4257000,CB4MH,26.24672,1e+06,0.79,71.93,380000 4257000,8,Unsuitable,black,YES,236.12098,2645.176347,37.28226
380000,4257000,CB4MH,22.96588,1e+06,0.77,72.13,380000 4257000,7,Unsuitable,black,YES,236.12098,2645.176347,37.28226
380000,4257000,CB4MH,32.8084,1e+06,0.71,71.22,380000 4257000,10,Unsuitable,black,YES,236.12098,2645.176347,37.28226
380000,4258000,CB4MH,32.8084,1e+06,0.66,71.12,380000 4258000,10,Unsuitable,black,YES,236.12098,2645.797718,37.9036310000001
380000,4258000,CB4MH,16.4042,1e+06,0.89,72.49,380000 4258000,5,Unsuitable,black,YES,236.12098,2645.797718,37.9036310000001
380000,4258000,CB4MH,14.76378,1e+06,0.94,72.89,380000 4258000,4.5,Unsuitable,black,YES,236.12098,2645.797718,37.9036310000001
380000,4258000,CB4MH,21.32546,1e+06,0.83,72.43,380000 4258000,6.5,Unsuitable,black,YES,236.12098,2645.797718,37.9036310000001
380000,4258000,CB4MH,29.52756,1e+06,0.65,71.31,380000 4258000,9,Unsuitable,black,YES,236.12098,2645.797718,37.9036310000001
380000,4258000,CB4MH,11.48294,1e+06,3.09,75.9,380000 4258000,3.5,Tolerable,yellow,YES,236.12098,2645.797718,37.9036310000001
380000,4258000,CB4MH,34.44882,1e+06,0.63,70.97,380000 4258000,10.5,Unsuitable,black,YES,236.12098,2645.797718,37.9036310000001
380000,4258000,CB4MH,1.64042,1e+06,8.33,79.81,380000 4258000,0.5,Suitable,dodgerblue,YES,236.12098,2645.797718,37.9036310000001
380000,4258000,CB4MH,18.04462,1e+06,0.87,73.11,380000 4258000,5.5,Unsuitable,black,YES,236.12098,2645.797718,37.9036310000001
380000,4258000,CB4MH,19.68504,1e+06,0.87,72.72,380000 4258000,6,Unsuitable,black,YES,236.12098,2645.797718,37.9036310000001
380000,4258000,CB4MH,13.12336,1e+06,1.71,74.1,380000 4258000,4,Unsuitable,black,YES,236.12098,2645.797718,37.9036310000001
380000,4258000,CB4MH,6.56168,1e+06,6.39,78.29,380000 4258000,2,Suitable,dodgerblue,YES,236.12098,2645.797718,37.9036310000001
380000,4258000,CB4MH,8.2021,1e+06,5.28,77.57,380000 4258000,2.5,Suitable,dodgerblue,YES,236.12098,2645.797718,37.9036310000001
380000,4258000,CB4MH,22.96588,1e+06,0.68,71.92,380000 4258000,7,Unsuitable,black,YES,236.12098,2645.797718,37.9036310000001
380000,4258000,CB4MH,26.24672,1e+06,0.7,71.7,380000 4258000,8,Unsuitable,black,YES,236.12098,2645.797718,37.9036310000001
380000,4258000,CB4MH,24.6063,1e+06,0.64,71.62,380000 4258000,7.5,Unsuitable,black,YES,236.12098,2645.797718,37.9036310000001
380000,4258000,CB4MH,36.08924,1e+06,0.6,70.9,380000 4258000,11,Unsuitable,black,YES,236.12098,2645.797718,37.9036310000001
380000,4258000,CB4MH,27.88714,1e+06,0.69,71.55,380000 4258000,8.5,Unsuitable,black,YES,236.12098,2645.797718,37.9036310000001
380000,4258000,CB4MH,0,1e+06,8.36,79.95,380000 4258000,0,Suitable,dodgerblue,YES,236.12098,2645.797718,37.9036310000001
380000,4258000,CB4MH,31.16798,1e+06,0.61,71.06,380000 4258000,9.5,Unsuitable,black,YES,236.12098,2645.797718,37.9036310000001
380000,4258000,CB4MH,9.84252,1e+06,4.13,76.84,380000 4258000,3,Suitable,dodgerblue,YES,236.12098,2645.797718,37.9036310000001
380000,4258000,CB4MH,3.28084,1e+06,7.87,79.38,380000 4258000,1,Suitable,dodgerblue,YES,236.12098,2645.797718,37.9036310000001
380000,4258000,CB4MH,4.92126,1e+06,7.1,78.75,380000 4258000,1.5,Suitable,dodgerblue,YES,236.12098,2645.797718,37.9036310000001
380000,4307000,CB4MH,21.32546,1e+06,0.06,70.29,380000 4307000,6.5,Unsuitable,black,YES,236.12098,2676.244897,68.3508099999999
380000,4307000,CB4MH,0,1e+06,8.17,80.34,380000 4307000,0,Suitable,dodgerblue,YES,236.12098,2676.244897,68.3508099999999
380000,4307000,CB4MH,22.96588,1e+06,0.06,70.28,380000 4307000,7,Unsuitable,black,YES,236.12098,2676.244897,68.3508099999999
380000,4307000,CB4MH,36.08924,1e+06,0.1,69.34,380000 4307000,11,Unsuitable,black,YES,236.12098,2676.244897,68.3508099999999
380000,4307000,CB4MH,18.04462,1e+06,0.09,70.01,380000 4307000,5.5,Unsuitable,black,YES,236.12098,2676.244897,68.3508099999999
380000,4307000,CB4MH,19.68504,1e+06,0.06,70.46,380000 4307000,6,Unsuitable,black,YES,236.12098,2676.244897,68.3508099999999
380000,4307000,CB4MH,13.12336,1e+06,0.48,71.85,380000 4307000,4,Unsuitable,black,YES,236.12098,2676.244897,68.3508099999999
380000,4307000,CB4MH,4.92126,1e+06,4.5,78.11,380000 4307000,1.5,Suitable,dodgerblue,YES,236.12098,2676.244897,68.3508099999999
380000,4307000,CB4MH,32.8084,1e+06,0.09,69.55,380000 4307000,10,Unsuitable,black,YES,236.12098,2676.244897,68.3508099999999
380000,4307000,CB4MH,27.88714,1e+06,0.06,69.76,380000 4307000,8.5,Unsuitable,black,YES,236.12098,2676.244897,68.3508099999999
380000,4307000,CB4MH,34.44882,1e+06,0.1,69.59,380000 4307000,10.5,Unsuitable,black,YES,236.12098,2676.244897,68.3508099999999
380000,4307000,CB4MH,37.72966,1e+06,0.08,69.28,380000 4307000,11.5,Unsuitable,black,YES,236.12098,2676.244897,68.3508099999999
380000,4307000,CB4MH,14.76378,1e+06,0.26,71.02,380000 4307000,4.5,Unsuitable,black,YES,236.12098,2676.244897,68.3508099999999
380000,4307000,CB4MH,3.28084,1e+06,5.36,78.93,380000 4307000,1,Suitable,dodgerblue,YES,236.12098,2676.244897,68.3508099999999
380000,4307000,CB4MH,29.52756,1e+06,0.06,69.66,380000 4307000,9,Unsuitable,black,YES,236.12098,2676.244897,68.3508099999999
380000,4307000,CB4MH,11.48294,1e+06,0.43,73.49,380000 4307000,3.5,Unsuitable,black,YES,236.12098,2676.244897,68.3508099999999
380000,4307000,CB4MH,24.6063,1e+06,0.06,70.13,380000 4307000,7.5,Unsuitable,black,YES,236.12098,2676.244897,68.3508099999999
380000,4307000,CB4MH,26.24672,1e+06,0.06,69.85,380000 4307000,8,Unsuitable,black,YES,236.12098,2676.244897,68.3508099999999
380000,4307000,CB4MH,8.2021,1e+06,3.01,76.6,380000 4307000,2.5,Tolerable,yellow,YES,236.12098,2676.244897,68.3508099999999
380000,4307000,CB4MH,39.37008,1e+06,0.1,69.1,380000 4307000,12,Unsuitable,black,YES,236.12098,2676.244897,68.3508099999999
380000,4307000,CB4MH,16.4042,1e+06,0.12,70.34,380000 4307000,5,Unsuitable,black,YES,236.12098,2676.244897,68.3508099999999
380000,4307000,CB4MH,31.16798,1e+06,0.07,69.59,380000 4307000,9.5,Unsuitable,black,YES,236.12098,2676.244897,68.3508099999999
380000,4307000,CB4MH,9.84252,1e+06,1.4,74.89,380000 4307000,3,Unsuitable,black,YES,236.12098,2676.244897,68.3508099999999
380000,4307000,CB4MH,6.56168,1e+06,3.95,77.55,380000 4307000,2,Tolerable,yellow,YES,236.12098,2676.244897,68.3508099999999
380000,4307000,CB4MH,1.64042,1e+06,6.82,79.87,380000 4307000,0.5,Suitable,dodgerblue,YES,236.12098,2676.244897,68.3508099999999
380000,4308000,CB4MH,6.56168,1e+06,4.25,77.48,380000 4308000,2,Suitable,dodgerblue,YES,236.12098,2676.866268,68.9721810000001
380000,4308000,CB4MH,19.68504,1e+06,0.07,70.41,380000 4308000,6,Unsuitable,black,YES,236.12098,2676.866268,68.9721810000001
380000,4308000,CB4MH,32.8084,1e+06,0.09,69.54,380000 4308000,10,Unsuitable,black,YES,236.12098,2676.866268,68.9721810000001
380000,4308000,CB4MH,26.24672,1e+06,0.07,69.84,380000 4308000,8,Unsuitable,black,YES,236.12098,2676.866268,68.9721810000001
380000,4308000,CB4MH,29.52756,1e+06,0.07,69.64,380000 4308000,9,Unsuitable,black,YES,236.12098,2676.866268,68.9721810000001
380000,4308000,CB4MH,31.16798,1e+06,0.07,69.57,380000 4308000,9.5,Unsuitable,black,YES,236.12098,2676.866268,68.9721810000001
380000,4308000,CB4MH,13.12336,1e+06,0.5,71.8,380000 4308000,4,Unsuitable,black,YES,236.12098,2676.866268,68.9721810000001
380000,4308000,CB4MH,22.96588,1e+06,0.07,70.22,380000 4308000,7,Unsuitable,black,YES,236.12098,2676.866268,68.9721810000001
380000,4308000,CB4MH,34.44882,1e+06,0.1,69.57,380000 4308000,10.5,Unsuitable,black,YES,236.12098,2676.866268,68.9721810000001
380000,4308000,CB4MH,16.4042,1e+06,0.13,70.33,380000 4308000,5,Unsuitable,black,YES,236.12098,2676.866268,68.9721810000001
380000,4308000,CB4MH,37.72966,1e+06,0.07,69.3,380000 4308000,11.5,Unsuitable,black,YES,236.12098,2676.866268,68.9721810000001
380000,4308000,CB4MH,21.32546,1e+06,0.07,70.23,380000 4308000,6.5,Unsuitable,black,YES,236.12098,2676.866268,68.9721810000001
380000,4308000,CB4MH,3.28084,1e+06,5.64,78.87,380000 4308000,1,Suitable,dodgerblue,YES,236.12098,2676.866268,68.9721810000001
380000,4308000,CB4MH,36.08924,1e+06,0.1,69.35,380000 4308000,11,Unsuitable,black,YES,236.12098,2676.866268,68.9721810000001
380000,4308000,CB4MH,14.76378,1e+06,0.27,71,380000 4308000,4.5,Unsuitable,black,YES,236.12098,2676.866268,68.9721810000001
380000,4308000,CB4MH,0,1e+06,8.47,80.12,380000 4308000,0,Suitable,dodgerblue,YES,236.12098,2676.866268,68.9721810000001
380000,4308000,CB4MH,9.84252,1e+06,1.69,74.77,380000 4308000,3,Unsuitable,black,YES,236.12098,2676.866268,68.9721810000001
380000,4308000,CB4MH,27.88714,1e+06,0.07,69.74,380000 4308000,8.5,Unsuitable,black,YES,236.12098,2676.866268,68.9721810000001
380000,4308000,CB4MH,24.6063,1e+06,0.07,70.09,380000 4308000,7.5,Unsuitable,black,YES,236.12098,2676.866268,68.9721810000001
380000,4308000,CB4MH,18.04462,1e+06,0.09,69.98,380000 4308000,5.5,Unsuitable,black,YES,236.12098,2676.866268,68.9721810000001
380000,4308000,CB4MH,8.2021,1e+06,3.36,76.53,380000 4308000,2.5,Tolerable,yellow,YES,236.12098,2676.866268,68.9721810000001
380000,4308000,CB4MH,4.92126,1e+06,4.81,78.11,380000 4308000,1.5,Suitable,dodgerblue,YES,236.12098,2676.866268,68.9721810000001
380000,4308000,CB4MH,11.48294,1e+06,0.49,73.45,380000 4308000,3.5,Unsuitable,black,YES,236.12098,2676.866268,68.9721810000001
380000,4308000,CB4MH,1.64042,1e+06,7.05,79.69,380000 4308000,0.5,Suitable,dodgerblue,YES,236.12098,2676.866268,68.9721810000001
380000,4310000,CB4MH,13.12336,1e+06,0.48,71.82,380000 4310000,4,Unsuitable,black,YES,236.12098,2678.10901,70.214923
380000,4310000,CB4MH,26.24672,1e+06,0.08,69.8,380000 4310000,8,Unsuitable,black,YES,236.12098,2678.10901,70.214923
380000,4310000,CB4MH,16.4042,1e+06,0.13,70.43,380000 4310000,5,Unsuitable,black,YES,236.12098,2678.10901,70.214923
380000,4310000,CB4MH,11.48294,1e+06,0.61,73.38,380000 4310000,3.5,Unsuitable,black,YES,236.12098,2678.10901,70.214923
380000,4310000,CB4MH,18.04462,1e+06,0.1,70.03,380000 4310000,5.5,Unsuitable,black,YES,236.12098,2678.10901,70.214923
380000,4310000,CB4MH,14.76378,1e+06,0.26,71.07,380000 4310000,4.5,Unsuitable,black,YES,236.12098,2678.10901,70.214923
380000,4310000,CB4MH,3.28084,1e+06,6.19,78.77,380000 4310000,1,Suitable,dodgerblue,YES,236.12098,2678.10901,70.214923
380000,4310000,CB4MH,19.68504,1e+06,0.08,70.31,380000 4310000,6,Unsuitable,black,YES,236.12098,2678.10901,70.214923
380000,4310000,CB4MH,22.96588,1e+06,0.08,70.09,380000 4310000,7,Unsuitable,black,YES,236.12098,2678.10901,70.214923
380000,4310000,CB4MH,4.92126,1e+06,5.08,77.8,380000 4310000,1.5,Suitable,dodgerblue,YES,236.12098,2678.10901,70.214923
380000,4310000,CB4MH,29.52756,1e+06,0.08,69.6,380000 4310000,9,Unsuitable,black,YES,236.12098,2678.10901,70.214923
380000,4310000,CB4MH,8.2021,1e+06,3.22,75.74,380000 4310000,2.5,Tolerable,yellow,YES,236.12098,2678.10901,70.214923
380000,4310000,CB4MH,34.44882,1e+06,0.1,69.51,380000 4310000,10.5,Unsuitable,black,YES,236.12098,2678.10901,70.214923
380000,4310000,CB4MH,27.88714,1e+06,0.08,69.7,380000 4310000,8.5,Unsuitable,black,YES,236.12098,2678.10901,70.214923
380000,4310000,CB4MH,32.8084,1e+06,0.09,69.5,380000 4310000,10,Unsuitable,black,YES,236.12098,2678.10901,70.214923
380000,4310000,CB4MH,21.32546,1e+06,0.08,70.1,380000 4310000,6.5,Unsuitable,black,YES,236.12098,2678.10901,70.214923
380000,4310000,CB4MH,6.56168,1e+06,4.16,76.88,380000 4310000,2,Suitable,dodgerblue,YES,236.12098,2678.10901,70.214923
380000,4310000,CB4MH,31.16798,1e+06,0.08,69.52,380000 4310000,9.5,Unsuitable,black,YES,236.12098,2678.10901,70.214923
380000,4310000,CB4MH,24.6063,1e+06,0.08,70,380000 4310000,7.5,Unsuitable,black,YES,236.12098,2678.10901,70.214923
380000,4310000,CB4MH,1.64042,1e+06,7.19,79.45,380000 4310000,0.5,Suitable,dodgerblue,YES,236.12098,2678.10901,70.214923
380000,4310000,CB4MH,0,1e+06,8.36,79.82,380000 4310000,0,Suitable,dodgerblue,YES,236.12098,2678.10901,70.214923
380000,4310000,CB4MH,9.84252,1e+06,1.65,74.09,380000 4310000,3,Unsuitable,black,YES,236.12098,2678.10901,70.214923
380000,4311000,CB4MH,21.32546,1e+06,0.08,70.03,380000 4311000,6.5,Unsuitable,black,YES,236.12098,2678.730381,70.8362939999997
380000,4311000,CB4MH,22.96588,1e+06,0.08,70.02,380000 4311000,7,Unsuitable,black,YES,236.12098,2678.730381,70.8362939999997
380000,4311000,CB4MH,13.12336,1e+06,0.45,71.13,380000 4311000,4,Unsuitable,black,YES,236.12098,2678.730381,70.8362939999997
380000,4311000,CB4MH,9.84252,1e+06,1.69,74.21,380000 4311000,3,Unsuitable,black,YES,236.12098,2678.730381,70.8362939999997
380000,4311000,CB4MH,4.92126,1e+06,5.11,77.93,380000 4311000,1.5,Suitable,dodgerblue,YES,236.12098,2678.730381,70.8362939999997
380000,4311000,CB4MH,37.72966,1e+06,0.06,69.36,380000 4311000,11.5,Unsuitable,black,YES,236.12098,2678.730381,70.8362939999997
380000,4311000,CB4MH,34.44882,1e+06,0.1,69.49,380000 4311000,10.5,Unsuitable,black,YES,236.12098,2678.730381,70.8362939999997
380000,4311000,CB4MH,16.4042,1e+06,0.13,70.12,380000 4311000,5,Unsuitable,black,YES,236.12098,2678.730381,70.8362939999997
380000,4311000,CB4MH,8.2021,1e+06,3.31,75.91,380000 4311000,2.5,Tolerable,yellow,YES,236.12098,2678.730381,70.8362939999997
380000,4311000,CB4MH,24.6063,1e+06,0.08,69.95,380000 4311000,7.5,Unsuitable,black,YES,236.12098,2678.730381,70.8362939999997
380000,4311000,CB4MH,3.28084,1e+06,6.15,78.87,380000 4311000,1,Suitable,dodgerblue,YES,236.12098,2678.730381,70.8362939999997
380000,4311000,CB4MH,31.16798,1e+06,0.09,69.49,380000 4311000,9.5,Unsuitable,black,YES,236.12098,2678.730381,70.8362939999997
380000,4311000,CB4MH,19.68504,1e+06,0.08,70.26,380000 4311000,6,Unsuitable,black,YES,236.12098,2678.730381,70.8362939999997
380000,4311000,CB4MH,27.88714,1e+06,0.08,69.68,380000 4311000,8.5,Unsuitable,black,YES,236.12098,2678.730381,70.8362939999997
380000,4311000,CB4MH,39.37008,1e+06,0.1,69.1,380000 4311000,12,Unsuitable,black,YES,236.12098,2678.730381,70.8362939999997
380000,4311000,CB4MH,6.56168,1e+06,4.28,77.06,380000 4311000,2,Suitable,dodgerblue,YES,236.12098,2678.730381,70.8362939999997
380000,4311000,CB4MH,0,1e+06,8.38,79.92,380000 4311000,0,Suitable,dodgerblue,YES,236.12098,2678.730381,70.8362939999997
380000,4311000,CB4MH,1.64042,1e+06,7.17,79.55,380000 4311000,0.5,Suitable,dodgerblue,YES,236.12098,2678.730381,70.8362939999997
380000,4311000,CB4MH,36.08924,1e+06,0.1,69.38,380000 4311000,11,Unsuitable,black,YES,236.12098,2678.730381,70.8362939999997
380000,4311000,CB4MH,14.76378,1e+06,0.24,70.61,380000 4311000,4.5,Unsuitable,black,YES,236.12098,2678.730381,70.8362939999997
380000,4311000,CB4MH,41.0105,1e+06,0.1,69.1,380000 4311000,12.5,Unsuitable,black,YES,236.12098,2678.730381,70.8362939999997
380000,4311000,CB4MH,29.52756,1e+06,0.08,69.58,380000 4311000,9,Unsuitable,black,YES,236.12098,2678.730381,70.8362939999997
380000,4311000,CB4MH,26.24672,1e+06,0.08,69.77,380000 4311000,8,Unsuitable,black,YES,236.12098,2678.730381,70.8362939999997
380000,4311000,CB4MH,32.8084,1e+06,0.1,69.47,380000 4311000,10,Unsuitable,black,YES,236.12098,2678.730381,70.8362939999997
380000,4311000,CB4MH,18.04462,1e+06,0.1,69.72,380000 4311000,5.5,Unsuitable,black,YES,236.12098,2678.730381,70.8362939999997
380000,4311000,CB4MH,11.48294,1e+06,0.96,72.75,380000 4311000,3.5,Unsuitable,black,YES,236.12098,2678.730381,70.8362939999997
380000,4312000,CB4MH,22.96588,1e+06,0.09,69.96,380000 4312000,7,Unsuitable,black,YES,236.12098,2679.351752,71.4576649999999
380000,4312000,CB4MH,41.0105,1e+06,0.1,69.1,380000 4312000,12.5,Unsuitable,black,YES,236.12098,2679.351752,71.4576649999999
380000,4312000,CB4MH,36.08924,1e+06,0.1,69.39,380000 4312000,11,Unsuitable,black,YES,236.12098,2679.351752,71.4576649999999
380000,4312000,CB4MH,21.32546,1e+06,0.09,69.96,380000 4312000,6.5,Unsuitable,black,YES,236.12098,2679.351752,71.4576649999999
380000,4312000,CB4MH,11.48294,1e+06,0.94,72.51,380000 4312000,3.5,Unsuitable,black,YES,236.12098,2679.351752,71.4576649999999
380000,4312000,CB4MH,45.93176,1e+06,0.1,69.1,380000 4312000,14,Unsuitable,black,YES,236.12098,2679.351752,71.4576649999999
380000,4312000,CB4MH,42.65092,1e+06,0.1,69.1,380000 4312000,13,Unsuitable,black,YES,236.12098,2679.351752,71.4576649999999
380000,4312000,CB4MH,18.04462,1e+06,0.1,69.86,380000 4312000,5.5,Unsuitable,black,YES,236.12098,2679.351752,71.4576649999999
380000,4312000,CB4MH,13.12336,1e+06,0.4,71.31,380000 4312000,4,Unsuitable,black,YES,236.12098,2679.351752,71.4576649999999
380000,4312000,CB4MH,16.4042,1e+06,0.12,70.28,380000 4312000,5,Unsuitable,black,YES,236.12098,2679.351752,71.4576649999999
380000,4312000,CB4MH,29.52756,1e+06,0.09,69.56,380000 4312000,9,Unsuitable,black,YES,236.12098,2679.351752,71.4576649999999
380000,4312000,CB4MH,34.44882,1e+06,0.1,69.46,380000 4312000,10.5,Unsuitable,black,YES,236.12098,2679.351752,71.4576649999999
380000,4312000,CB4MH,31.16798,1e+06,0.09,69.47,380000 4312000,9.5,Unsuitable,black,YES,236.12098,2679.351752,71.4576649999999
380000,4312000,CB4MH,37.72966,1e+06,0.06,69.37,380000 4312000,11.5,Unsuitable,black,YES,236.12098,2679.351752,71.4576649999999
380000,4312000,CB4MH,47.57218,1e+06,0.1,69.2,380000 4312000,14.5,Unsuitable,black,YES,236.12098,2679.351752,71.4576649999999
380000,4312000,CB4MH,9.84252,1e+06,1.73,74.32,380000 4312000,3,Unsuitable,black,YES,236.12098,2679.351752,71.4576649999999
380000,4312000,CB4MH,39.37008,1e+06,0.1,69.1,380000 4312000,12,Unsuitable,black,YES,236.12098,2679.351752,71.4576649999999
380000,4312000,CB4MH,27.88714,1e+06,0.09,69.66,380000 4312000,8.5,Unsuitable,black,YES,236.12098,2679.351752,71.4576649999999
380000,4312000,CB4MH,4.92126,1e+06,5.15,78.06,380000 4312000,1.5,Suitable,dodgerblue,YES,236.12098,2679.351752,71.4576649999999
380000,4312000,CB4MH,26.24672,1e+06,0.09,69.75,380000 4312000,8,Unsuitable,black,YES,236.12098,2679.351752,71.4576649999999
380000,4312000,CB4MH,32.8084,1e+06,0.1,69.45,380000 4312000,10,Unsuitable,black,YES,236.12098,2679.351752,71.4576649999999
380000,4312000,CB4MH,24.6063,1e+06,0.09,69.91,380000 4312000,7.5,Unsuitable,black,YES,236.12098,2679.351752,71.4576649999999
380000,4312000,CB4MH,8.2021,1e+06,3.4,76.07,380000 4312000,2.5,Tolerable,yellow,YES,236.12098,2679.351752,71.4576649999999
380000,4312000,CB4MH,1.64042,1e+06,7.15,79.65,380000 4312000,0.5,Suitable,dodgerblue,YES,236.12098,2679.351752,71.4576649999999
380000,4312000,CB4MH,3.28084,1e+06,6.11,78.96,380000 4312000,1,Suitable,dodgerblue,YES,236.12098,2679.351752,71.4576649999999
380000,4312000,CB4MH,0,1e+06,8.4,80.01,380000 4312000,0,Suitable,dodgerblue,YES,236.12098,2679.351752,71.4576649999999
380000,4312000,CB4MH,6.56168,1e+06,4.4,77.24,380000 4312000,2,Suitable,dodgerblue,YES,236.12098,2679.351752,71.4576649999999
380000,4312000,CB4MH,19.68504,1e+06,0.09,70.22,380000 4312000,6,Unsuitable,black,YES,236.12098,2679.351752,71.4576649999999
380000,4312000,CB4MH,14.76378,1e+06,0.21,70.79,380000 4312000,4.5,Unsuitable,black,YES,236.12098,2679.351752,71.4576649999999
380000,4312000,CB4MH,44.29134,1e+06,0.1,69.1,380000 4312000,13.5,Unsuitable,black,YES,236.12098,2679.351752,71.4576649999999
380000,4313000,CB4MH,41.0105,1e+06,0.1,69.1,380000 4313000,12.5,Unsuitable,black,YES,236.12098,2679.973123,72.0790360000001
380000,4313000,CB4MH,39.37008,1e+06,0.1,69.1,380000 4313000,12,Unsuitable,black,YES,236.12098,2679.973123,72.0790360000001
380000,4313000,CB4MH,31.16798,1e+06,0.09,69.44,380000 4313000,9.5,Unsuitable,black,YES,236.12098,2679.973123,72.0790360000001
380000,4313000,CB4MH,1.64042,1e+06,7.11,79.74,380000 4313000,0.5,Suitable,dodgerblue,YES,236.12098,2679.973123,72.0790360000001
380000,4313000,CB4MH,26.24672,1e+06,0.09,69.74,380000 4313000,8,Unsuitable,black,YES,236.12098,2679.973123,72.0790360000001
380000,4313000,CB4MH,42.65092,1e+06,0.1,69.1,380000 4313000,13,Unsuitable,black,YES,236.12098,2679.973123,72.0790360000001
380000,4313000,CB4MH,4.92126,1e+06,5.18,78.17,380000 4313000,1.5,Suitable,dodgerblue,YES,236.12098,2679.973123,72.0790360000001
380000,4313000,CB4MH,44.29134,1e+06,0.1,69.1,380000 4313000,13.5,Unsuitable,black,YES,236.12098,2679.973123,72.0790360000001
380000,4313000,CB4MH,19.68504,1e+06,0.09,70.18,380000 4313000,6,Unsuitable,black,YES,236.12098,2679.973123,72.0790360000001
380000,4313000,CB4MH,6.56168,1e+06,4.52,77.4,380000 4313000,2,Suitable,dodgerblue,YES,236.12098,2679.973123,72.0790360000001
380000,4313000,CB4MH,29.52756,1e+06,0.09,69.54,380000 4313000,9,Unsuitable,black,YES,236.12098,2679.973123,72.0790360000001
380000,4313000,CB4MH,8.2021,1e+06,3.48,76.21,380000 4313000,2.5,Tolerable,yellow,YES,236.12098,2679.973123,72.0790360000001
380000,4313000,CB4MH,16.4042,1e+06,0.12,70.45,380000 4313000,5,Unsuitable,black,YES,236.12098,2679.973123,72.0790360000001
380000,4313000,CB4MH,37.72966,1e+06,0.05,69.38,380000 4313000,11.5,Unsuitable,black,YES,236.12098,2679.973123,72.0790360000001
380000,4313000,CB4MH,21.32546,1e+06,0.09,69.91,380000 4313000,6.5,Unsuitable,black,YES,236.12098,2679.973123,72.0790360000001
380000,4313000,CB4MH,13.12336,1e+06,0.34,71.52,380000 4313000,4,Unsuitable,black,YES,236.12098,2679.973123,72.0790360000001
380000,4313000,CB4MH,18.04462,1e+06,0.1,70.01,380000 4313000,5.5,Unsuitable,black,YES,236.12098,2679.973123,72.0790360000001
380000,4313000,CB4MH,36.08924,1e+06,0.1,69.39,380000 4313000,11,Unsuitable,black,YES,236.12098,2679.973123,72.0790360000001
380000,4313000,CB4MH,0,1e+06,8.41,80.08,380000 4313000,0,Suitable,dodgerblue,YES,236.12098,2679.973123,72.0790360000001
380000,4313000,CB4MH,22.96588,1e+06,0.09,69.91,380000 4313000,7,Unsuitable,black,YES,236.12098,2679.973123,72.0790360000001
380000,4313000,CB4MH,27.88714,1e+06,0.09,69.64,380000 4313000,8.5,Unsuitable,black,YES,236.12098,2679.973123,72.0790360000001
380000,4313000,CB4MH,24.6063,1e+06,0.09,69.88,380000 4313000,7.5,Unsuitable,black,YES,236.12098,2679.973123,72.0790360000001
380000,4313000,CB4MH,34.44882,1e+06,0.1,69.44,380000 4313000,10.5,Unsuitable,black,YES,236.12098,2679.973123,72.0790360000001
380000,4313000,CB4MH,11.48294,1e+06,0.89,72.7,380000 4313000,3.5,Unsuitable,black,YES,236.12098,2679.973123,72.0790360000001
380000,4313000,CB4MH,32.8084,1e+06,0.1,69.44,380000 4313000,10,Unsuitable,black,YES,236.12098,2679.973123,72.0790360000001
380000,4313000,CB4MH,3.28084,1e+06,6.06,79.04,380000 4313000,1,Suitable,dodgerblue,YES,236.12098,2679.973123,72.0790360000001
380000,4313000,CB4MH,14.76378,1e+06,0.18,70.97,380000 4313000,4.5,Unsuitable,black,YES,236.12098,2679.973123,72.0790360000001
380000,4313000,CB4MH,9.84252,1e+06,1.76,74.41,380000 4313000,3,Unsuitable,black,YES,236.12098,2679.973123,72.0790360000001
380000,4323000,CB3MH,9.84252,1e+06,1.97,74.85,380000 4323000,3,Unsuitable,black,YES,236.12098,2686.186833,78.2927460000001
380000,4323000,CB3MH,19.68504,1e+06,0.12,69.86,380000 4323000,6,Unsuitable,black,YES,236.12098,2686.186833,78.2927460000001
380000,4323000,CB3MH,3.28084,1e+06,6.2,78.78,380000 4323000,1,Suitable,dodgerblue,YES,236.12098,2686.186833,78.2927460000001
380000,4323000,CB3MH,0,1e+06,8.2,79.49,380000 4323000,0,Suitable,dodgerblue,YES,236.12098,2686.186833,78.2927460000001
380000,4323000,CB3MH,4.92126,1e+06,5.45,77.95,380000 4323000,1.5,Suitable,dodgerblue,YES,236.12098,2686.186833,78.2927460000001
380000,4323000,CB3MH,6.56168,1e+06,4.81,77.18,380000 4323000,2,Suitable,dodgerblue,YES,236.12098,2686.186833,78.2927460000001
380000,4323000,CB3MH,11.48294,1e+06,0.93,73.09,380000 4323000,3.5,Unsuitable,black,YES,236.12098,2686.186833,78.2927460000001
380000,4323000,CB3MH,1.64042,1e+06,7.12,79.32,380000 4323000,0.5,Suitable,dodgerblue,YES,236.12098,2686.186833,78.2927460000001
380000,4323000,CB3MH,18.04462,1e+06,0.14,70.31,380000 4323000,5.5,Unsuitable,black,YES,236.12098,2686.186833,78.2927460000001
380000,4323000,CB3MH,16.4042,1e+06,0.21,70.54,380000 4323000,5,Unsuitable,black,YES,236.12098,2686.186833,78.2927460000001
380000,4323000,CB3MH,8.2021,1e+06,3.81,76.73,380000 4323000,2.5,Tolerable,yellow,YES,236.12098,2686.186833,78.2927460000001
380000,4323000,CB3MH,14.76378,1e+06,0.28,71.06,380000 4323000,4.5,Unsuitable,black,YES,236.12098,2686.186833,78.2927460000001
380000,4323000,CB3MH,13.12336,1e+06,0.45,71.61,380000 4323000,4,Unsuitable,black,YES,236.12098,2686.186833,78.2927460000001
381000,4255000,CB4MH,29.52756,1e+06,0.87,71.87,381000 4255000,9,Unsuitable,black,YES,236.742351,2643.933605,36.039518
381000,4255000,CB4MH,13.12336,1e+06,2.17,74.86,381000 4255000,4,Marginal,orange,YES,236.742351,2643.933605,36.039518
381000,4255000,CB4MH,19.68504,1e+06,1.16,73.4,381000 4255000,6,Unsuitable,black,YES,236.742351,2643.933605,36.039518
381000,4255000,CB4MH,26.24672,1e+06,0.93,72.33,381000 4255000,8,Unsuitable,black,YES,236.742351,2643.933605,36.039518
381000,4255000,CB4MH,6.56168,1e+06,6.81,79.05,381000 4255000,2,Suitable,dodgerblue,YES,236.742351,2643.933605,36.039518
381000,4255000,CB4MH,14.76378,1e+06,1.04,74.01,381000 4255000,4.5,Unsuitable,black,YES,236.742351,2643.933605,36.039518
381000,4255000,CB4MH,16.4042,1e+06,1.14,73.69,381000 4255000,5,Unsuitable,black,YES,236.742351,2643.933605,36.039518
381000,4255000,CB4MH,37.72966,1e+06,0.68,71.08,381000 4255000,11.5,Unsuitable,black,YES,236.742351,2643.933605,36.039518
381000,4255000,CB4MH,18.04462,1e+06,1.12,73.65,381000 4255000,5.5,Unsuitable,black,YES,236.742351,2643.933605,36.039518
381000,4255000,CB4MH,11.48294,1e+06,3.78,76.99,381000 4255000,3.5,Tolerable,yellow,YES,236.742351,2643.933605,36.039518
381000,4255000,CB4MH,3.28084,1e+06,8.22,79.88,381000 4255000,1,Suitable,dodgerblue,YES,236.742351,2643.933605,36.039518
381000,4255000,CB4MH,1.64042,1e+06,8.69,80.26,381000 4255000,0.5,Suitable,dodgerblue,YES,236.742351,2643.933605,36.039518
381000,4255000,CB4MH,24.6063,1e+06,0.84,72.16,381000 4255000,7.5,Unsuitable,black,YES,236.742351,2643.933605,36.039518
381000,4255000,CB4MH,21.32546,1e+06,1.14,73.17,381000 4255000,6.5,Unsuitable,black,YES,236.742351,2643.933605,36.039518
381000,4255000,CB4MH,4.92126,1e+06,7.53,79.41,381000 4255000,1.5,Suitable,dodgerblue,YES,236.742351,2643.933605,36.039518
381000,4255000,CB4MH,0,1e+06,8.69,80.27,381000 4255000,0,Suitable,dodgerblue,YES,236.742351,2643.933605,36.039518
381000,4255000,CB4MH,22.96588,1e+06,0.92,72.52,381000 4255000,7,Unsuitable,black,YES,236.742351,2643.933605,36.039518
381000,4255000,CB4MH,36.08924,1e+06,0.7,71.09,381000 4255000,11,Unsuitable,black,YES,236.742351,2643.933605,36.039518
381000,4255000,CB4MH,9.84252,1e+06,5.03,78.07,381000 4255000,3,Suitable,dodgerblue,YES,236.742351,2643.933605,36.039518
381000,4255000,CB4MH,8.2021,1e+06,5.99,78.55,381000 4255000,2.5,Suitable,dodgerblue,YES,236.742351,2643.933605,36.039518
381000,4255000,CB4MH,27.88714,1e+06,0.91,72.15,381000 4255000,8.5,Unsuitable,black,YES,236.742351,2643.933605,36.039518
381000,4255000,CB4MH,41.0105,1e+06,0.68,71,381000 4255000,12.5,Unsuitable,black,YES,236.742351,2643.933605,36.039518
381000,4255000,CB4MH,39.37008,1e+06,0.68,71.07,381000 4255000,12,Unsuitable,black,YES,236.742351,2643.933605,36.039518
381000,4255000,CB4MH,31.16798,1e+06,0.82,71.51,381000 4255000,9.5,Unsuitable,black,YES,236.742351,2643.933605,36.039518
381000,4255000,CB4MH,32.8084,1e+06,0.79,71.37,381000 4255000,10,Unsuitable,black,YES,236.742351,2643.933605,36.039518
381000,4255000,CB4MH,34.44882,1e+06,0.75,71.18,381000 4255000,10.5,Unsuitable,black,YES,236.742351,2643.933605,36.039518
381000,4256000,CB4MH,45.93176,1e+06,0.8,72,381000 4256000,14,Unsuitable,black,YES,236.742351,2644.554976,36.6608889999998
381000,4256000,CB4MH,34.44882,1e+06,0.73,71.15,381000 4256000,10.5,Unsuitable,black,YES,236.742351,2644.554976,36.6608889999998
381000,4256000,CB4MH,22.96588,1e+06,0.87,72.39,381000 4256000,7,Unsuitable,black,YES,236.742351,2644.554976,36.6608889999998
381000,4256000,CB4MH,8.2021,1e+06,5.93,77.96,381000 4256000,2.5,Suitable,dodgerblue,YES,236.742351,2644.554976,36.6608889999998
381000,4256000,CB4MH,21.32546,1e+06,1.07,73.01,381000 4256000,6.5,Unsuitable,black,YES,236.742351,2644.554976,36.6608889999998
381000,4256000,CB4MH,0,1e+06,8.62,79.73,381000 4256000,0,Suitable,dodgerblue,YES,236.742351,2644.554976,36.6608889999998
381000,4256000,CB4MH,27.88714,1e+06,0.86,72.02,381000 4256000,8.5,Unsuitable,black,YES,236.742351,2644.554976,36.6608889999998
381000,4256000,CB4MH,9.84252,1e+06,4.92,77.4,381000 4256000,3,Suitable,dodgerblue,YES,236.742351,2644.554976,36.6608889999998
381000,4256000,CB4MH,6.56168,1e+06,6.82,78.53,381000 4256000,2,Suitable,dodgerblue,YES,236.742351,2644.554976,36.6608889999998
381000,4256000,CB4MH,29.52756,1e+06,0.82,71.76,381000 4256000,9,Unsuitable,black,YES,236.742351,2644.554976,36.6608889999998
381000,4256000,CB4MH,24.6063,1e+06,0.8,72.05,381000 4256000,7.5,Unsuitable,black,YES,236.742351,2644.554976,36.6608889999998
381000,4256000,CB4MH,14.76378,1e+06,1.01,73.67,381000 4256000,4.5,Unsuitable,black,YES,236.742351,2644.554976,36.6608889999998
381000,4256000,CB4MH,16.4042,1e+06,1.06,73.33,381000 4256000,5,Unsuitable,black,YES,236.742351,2644.554976,36.6608889999998
381000,4256000,CB4MH,32.8084,1e+06,0.77,71.33,381000 4256000,10,Unsuitable,black,YES,236.742351,2644.554976,36.6608889999998
381000,4256000,CB4MH,1.64042,1e+06,8.61,79.72,381000 4256000,0.5,Suitable,dodgerblue,YES,236.742351,2644.554976,36.6608889999998
381000,4256000,CB4MH,11.48294,1e+06,3.71,76.37,381000 4256000,3.5,Tolerable,yellow,YES,236.742351,2644.554976,36.6608889999998
381000,4256000,CB4MH,13.12336,1e+06,2.18,74.39,381000 4256000,4,Marginal,orange,YES,236.742351,2644.554976,36.6608889999998
381000,4256000,CB4MH,4.92126,1e+06,7.49,78.88,381000 4256000,1.5,Suitable,dodgerblue,YES,236.742351,2644.554976,36.6608889999998
381000,4256000,CB4MH,44.29134,1e+06,0.71,70.97,381000 4256000,13.5,Unsuitable,black,YES,236.742351,2644.554976,36.6608889999998
381000,4256000,CB4MH,37.72966,1e+06,0.66,71.05,381000 4256000,11.5,Unsuitable,black,YES,236.742351,2644.554976,36.6608889999998
381000,4256000,CB4MH,19.68504,1e+06,1.09,73.25,381000 4256000,6,Unsuitable,black,YES,236.742351,2644.554976,36.6608889999998
381000,4256000,CB4MH,31.16798,1e+06,0.78,71.42,381000 4256000,9.5,Unsuitable,black,YES,236.742351,2644.554976,36.6608889999998
381000,4256000,CB4MH,26.24672,1e+06,0.89,72.2,381000 4256000,8,Unsuitable,black,YES,236.742351,2644.554976,36.6608889999998
381000,4256000,CB4MH,41.0105,1e+06,0.67,70.98,381000 4256000,12.5,Unsuitable,black,YES,236.742351,2644.554976,36.6608889999998
381000,4256000,CB4MH,3.28084,1e+06,8.15,79.34,381000 4256000,1,Suitable,dodgerblue,YES,236.742351,2644.554976,36.6608889999998
381000,4256000,CB4MH,39.37008,1e+06,0.66,71.04,381000 4256000,12,Unsuitable,black,YES,236.742351,2644.554976,36.6608889999998
381000,4256000,CB4MH,42.65092,1e+06,0.71,70.97,381000 4256000,13,Unsuitable,black,YES,236.742351,2644.554976,36.6608889999998
381000,4256000,CB4MH,18.04462,1e+06,1.07,73.53,381000 4256000,5.5,Unsuitable,black,YES,236.742351,2644.554976,36.6608889999998
381000,4256000,CB4MH,36.08924,1e+06,0.68,71.06,381000 4256000,11,Unsuitable,black,YES,236.742351,2644.554976,36.6608889999998
381000,4314000,CB4MH,0,1e+06,8.45,80.1,381000 4314000,0,Suitable,dodgerblue,YES,236.742351,2680.594494,72.7004069999998
381000,4314000,CB4MH,32.8084,1e+06,0.1,69.42,381000 4314000,10,Unsuitable,black,YES,236.742351,2680.594494,72.7004069999998
381000,4314000,CB4MH,11.48294,1e+06,0.78,72.84,381000 4314000,3.5,Unsuitable,black,YES,236.742351,2680.594494,72.7004069999998
381000,4314000,CB4MH,4.92126,1e+06,5.26,78.2,381000 4314000,1.5,Suitable,dodgerblue,YES,236.742351,2680.594494,72.7004069999998
381000,4314000,CB4MH,6.56168,1e+06,4.76,77.58,381000 4314000,2,Suitable,dodgerblue,YES,236.742351,2680.594494,72.7004069999998
381000,4314000,CB4MH,24.6063,1e+06,0.1,69.84,381000 4314000,7.5,Unsuitable,black,YES,236.742351,2680.594494,72.7004069999998
381000,4314000,CB4MH,9.84252,1e+06,1.8,74.45,381000 4314000,3,Unsuitable,black,YES,236.742351,2680.594494,72.7004069999998
381000,4314000,CB4MH,16.4042,1e+06,0.11,70.72,381000 4314000,5,Unsuitable,black,YES,236.742351,2680.594494,72.7004069999998
381000,4314000,CB4MH,8.2021,1e+06,3.64,76.36,381000 4314000,2.5,Tolerable,yellow,YES,236.742351,2680.594494,72.7004069999998
381000,4314000,CB4MH,3.28084,1e+06,5.97,78.97,381000 4314000,1,Suitable,dodgerblue,YES,236.742351,2680.594494,72.7004069999998
381000,4314000,CB4MH,22.96588,1e+06,0.1,69.85,381000 4314000,7,Unsuitable,black,YES,236.742351,2680.594494,72.7004069999998
381000,4314000,CB4MH,39.37008,1e+06,0.1,69.1,381000 4314000,12,Unsuitable,black,YES,236.742351,2680.594494,72.7004069999998
381000,4314000,CB4MH,19.68504,1e+06,0.1,70.14,381000 4314000,6,Unsuitable,black,YES,236.742351,2680.594494,72.7004069999998
381000,4314000,CB4MH,13.12336,1e+06,0.29,71.85,381000 4314000,4,Unsuitable,black,YES,236.742351,2680.594494,72.7004069999998
381000,4314000,CB4MH,29.52756,1e+06,0.1,69.52,381000 4314000,9,Unsuitable,black,YES,236.742351,2680.594494,72.7004069999998
381000,4314000,CB4MH,18.04462,1e+06,0.1,70.26,381000 4314000,5.5,Unsuitable,black,YES,236.742351,2680.594494,72.7004069999998
381000,4314000,CB4MH,37.72966,1e+06,0.05,69.39,381000 4314000,11.5,Unsuitable,black,YES,236.742351,2680.594494,72.7004069999998
381000,4314000,CB4MH,1.64042,1e+06,7.09,79.71,381000 4314000,0.5,Suitable,dodgerblue,YES,236.742351,2680.594494,72.7004069999998
381000,4314000,CB4MH,31.16798,1e+06,0.1,69.42,381000 4314000,9.5,Unsuitable,black,YES,236.742351,2680.594494,72.7004069999998
381000,4314000,CB4MH,26.24672,1e+06,0.1,69.72,381000 4314000,8,Unsuitable,black,YES,236.742351,2680.594494,72.7004069999998
381000,4314000,CB4MH,21.32546,1e+06,0.1,69.85,381000 4314000,6.5,Unsuitable,black,YES,236.742351,2680.594494,72.7004069999998
381000,4314000,CB4MH,14.76378,1e+06,0.15,71.28,381000 4314000,4.5,Unsuitable,black,YES,236.742351,2680.594494,72.7004069999998
381000,4314000,CB4MH,34.44882,1e+06,0.1,69.42,381000 4314000,10.5,Unsuitable,black,YES,236.742351,2680.594494,72.7004069999998
381000,4314000,CB4MH,27.88714,1e+06,0.1,69.62,381000 4314000,8.5,Unsuitable,black,YES,236.742351,2680.594494,72.7004069999998
381000,4314000,CB4MH,36.08924,1e+06,0.1,69.4,381000 4314000,11,Unsuitable,black,YES,236.742351,2680.594494,72.7004069999998
381000,4315000,CB4MH,32.8084,1e+06,0.1,69.41,381000 4315000,10,Unsuitable,black,YES,236.742351,2681.215865,73.321778
381000,4315000,CB4MH,36.08924,1e+06,0.1,69.4,381000 4315000,11,Unsuitable,black,YES,236.742351,2681.215865,73.321778
381000,4315000,CB4MH,3.28084,1e+06,5.85,78.97,381000 4315000,1,Suitable,dodgerblue,YES,236.742351,2681.215865,73.321778
381000,4315000,CB4MH,0,1e+06,8.44,80.17,381000 4315000,0,Suitable,dodgerblue,YES,236.742351,2681.215865,73.321778
381000,4315000,CB4MH,9.84252,1e+06,1.74,74.43,381000 4315000,3,Unsuitable,black,YES,236.742351,2681.215865,73.321778
381000,4315000,CB4MH,24.6063,1e+06,0.1,69.82,381000 4315000,7.5,Unsuitable,black,YES,236.742351,2681.215865,73.321778
381000,4315000,CB4MH,6.56168,1e+06,4.7,77.62,381000 4315000,2,Suitable,dodgerblue,YES,236.742351,2681.215865,73.321778
381000,4315000,CB4MH,34.44882,1e+06,0.1,69.41,381000 4315000,10.5,Unsuitable,black,YES,236.742351,2681.215865,73.321778
381000,4315000,CB4MH,8.2021,1e+06,3.56,76.36,381000 4315000,2.5,Tolerable,yellow,YES,236.742351,2681.215865,73.321778
381000,4315000,CB4MH,4.92126,1e+06,5.19,78.22,381000 4315000,1.5,Suitable,dodgerblue,YES,236.742351,2681.215865,73.321778
381000,4315000,CB4MH,1.64042,1e+06,6.99,79.73,381000 4315000,0.5,Suitable,dodgerblue,YES,236.742351,2681.215865,73.321778
381000,4315000,CB4MH,37.72966,1e+06,0.05,69.4,381000 4315000,11.5,Unsuitable,black,YES,236.742351,2681.215865,73.321778
381000,4315000,CB4MH,26.24672,1e+06,0.1,69.71,381000 4315000,8,Unsuitable,black,YES,236.742351,2681.215865,73.321778
381000,4315000,CB4MH,19.68504,1e+06,0.1,70.12,381000 4315000,6,Unsuitable,black,YES,236.742351,2681.215865,73.321778
381000,4315000,CB4MH,27.88714,1e+06,0.1,69.61,381000 4315000,8.5,Unsuitable,black,YES,236.742351,2681.215865,73.321778
381000,4315000,CB4MH,13.12336,1e+06,0.25,72.04,381000 4315000,4,Unsuitable,black,YES,236.742351,2681.215865,73.321778
381000,4315000,CB4MH,11.48294,1e+06,0.71,72.94,381000 4315000,3.5,Unsuitable,black,YES,236.742351,2681.215865,73.321778
381000,4315000,CB4MH,29.52756,1e+06,0.1,69.51,381000 4315000,9,Unsuitable,black,YES,236.742351,2681.215865,73.321778
381000,4315000,CB4MH,21.32546,1e+06,0.1,69.83,381000 4315000,6.5,Unsuitable,black,YES,236.742351,2681.215865,73.321778
381000,4315000,CB4MH,22.96588,1e+06,0.1,69.83,381000 4315000,7,Unsuitable,black,YES,236.742351,2681.215865,73.321778
381000,4315000,CB4MH,14.76378,1e+06,0.13,71.46,381000 4315000,4.5,Unsuitable,black,YES,236.742351,2681.215865,73.321778
381000,4315000,CB4MH,16.4042,1e+06,0.11,70.89,381000 4315000,5,Unsuitable,black,YES,236.742351,2681.215865,73.321778
381000,4315000,CB4MH,18.04462,1e+06,0.1,70.41,381000 4315000,5.5,Unsuitable,black,YES,236.742351,2681.215865,73.321778
381000,4315000,CB4MH,31.16798,1e+06,0.1,69.41,381000 4315000,9.5,Unsuitable,black,YES,236.742351,2681.215865,73.321778
381000,4320000,CB3MH,11.48294,1e+06,1.03,73.38,381000 4320000,3.5,Unsuitable,black,YES,236.742351,2684.32272,76.428633
381000,4320000,CB3MH,9.84252,1e+06,2.04,74.79,381000 4320000,3,Marginal,orange,YES,236.742351,2684.32272,76.428633
381000,4320000,CB3MH,8.2021,1e+06,3.93,76.7,381000 4320000,2.5,Tolerable,yellow,YES,236.742351,2684.32272,76.428633
381000,4320000,CB3MH,0,1e+06,8.42,80.15,381000 4320000,0,Suitable,dodgerblue,YES,236.742351,2684.32272,76.428633
381000,4320000,CB3MH,3.28084,1e+06,6.2,79.44,381000 4320000,1,Suitable,dodgerblue,YES,236.742351,2684.32272,76.428633
381000,4320000,CB3MH,19.68504,1e+06,0.1,70.06,381000 4320000,6,Unsuitable,black,YES,236.742351,2684.32272,76.428633
381000,4320000,CB3MH,1.64042,1e+06,7.19,80.01,381000 4320000,0.5,Suitable,dodgerblue,YES,236.742351,2684.32272,76.428633
381000,4320000,CB3MH,13.12336,1e+06,0.22,72.07,381000 4320000,4,Unsuitable,black,YES,236.742351,2684.32272,76.428633
381000,4320000,CB3MH,4.92126,1e+06,5.46,78.58,381000 4320000,1.5,Suitable,dodgerblue,YES,236.742351,2684.32272,76.428633
381000,4320000,CB3MH,16.4042,1e+06,0.12,70.94,381000 4320000,5,Unsuitable,black,YES,236.742351,2684.32272,76.428633
381000,4320000,CB3MH,21.32546,1e+06,0.1,69.77,381000 4320000,6.5,Unsuitable,black,YES,236.742351,2684.32272,76.428633
381000,4320000,CB3MH,14.76378,1e+06,0.12,71.5,381000 4320000,4.5,Unsuitable,black,YES,236.742351,2684.32272,76.428633
381000,4320000,CB3MH,22.96588,1e+06,0.1,69.77,381000 4320000,7,Unsuitable,black,YES,236.742351,2684.32272,76.428633
381000,4320000,CB3MH,18.04462,1e+06,0.11,70.54,381000 4320000,5.5,Unsuitable,black,YES,236.742351,2684.32272,76.428633
381000,4320000,CB3MH,6.56168,1e+06,5.02,77.87,381000 4320000,2,Suitable,dodgerblue,YES,236.742351,2684.32272,76.428633
381000,4321000,CB3MH,18.04462,1e+06,0.11,70.5,381000 4321000,5.5,Unsuitable,black,YES,236.742351,2684.944091,77.0500039999997
381000,4321000,CB3MH,0,1e+06,8.38,80.04,381000 4321000,0,Suitable,dodgerblue,YES,236.742351,2684.944091,77.0500039999997
381000,4321000,CB3MH,11.48294,1e+06,0.98,73.26,381000 4321000,3.5,Unsuitable,black,YES,236.742351,2684.944091,77.0500039999997
381000,4321000,CB3MH,4.92126,1e+06,5.44,78.43,381000 4321000,1.5,Suitable,dodgerblue,YES,236.742351,2684.944091,77.0500039999997
381000,4321000,CB3MH,1.64042,1e+06,7.21,79.88,381000 4321000,0.5,Suitable,dodgerblue,YES,236.742351,2684.944091,77.0500039999997
381000,4321000,CB3MH,14.76378,1e+06,0.13,71.41,381000 4321000,4.5,Unsuitable,black,YES,236.742351,2684.944091,77.0500039999997
381000,4321000,CB3MH,21.32546,1e+06,0.1,69.74,381000 4321000,6.5,Unsuitable,black,YES,236.742351,2684.944091,77.0500039999997
381000,4321000,CB3MH,22.96588,1e+06,0.1,69.74,381000 4321000,7,Unsuitable,black,YES,236.742351,2684.944091,77.0500039999997
381000,4321000,CB3MH,16.4042,1e+06,0.13,70.86,381000 4321000,5,Unsuitable,black,YES,236.742351,2684.944091,77.0500039999997
381000,4321000,CB3MH,19.68504,1e+06,0.11,70.03,381000 4321000,6,Unsuitable,black,YES,236.742351,2684.944091,77.0500039999997
381000,4321000,CB3MH,8.2021,1e+06,3.88,76.61,381000 4321000,2.5,Tolerable,yellow,YES,236.742351,2684.944091,77.0500039999997
381000,4321000,CB3MH,24.6063,1e+06,0.1,69.72,381000 4321000,7.5,Unsuitable,black,YES,236.742351,2684.944091,77.0500039999997
381000,4321000,CB3MH,13.12336,1e+06,0.22,71.95,381000 4321000,4,Unsuitable,black,YES,236.742351,2684.944091,77.0500039999997
381000,4321000,CB3MH,9.84252,1e+06,2.02,74.73,381000 4321000,3,Marginal,orange,YES,236.742351,2684.944091,77.0500039999997
381000,4321000,CB3MH,6.56168,1e+06,4.93,77.71,381000 4321000,2,Suitable,dodgerblue,YES,236.742351,2684.944091,77.0500039999997
381000,4321000,CB3MH,3.28084,1e+06,6.22,79.29,381000 4321000,1,Suitable,dodgerblue,YES,236.742351,2684.944091,77.0500039999997
382000,4253000,CB4MH,24.6063,1e+06,0.9,72.29,382000 4253000,7.5,Unsuitable,black,YES,237.363722,2642.690863,34.7967760000001
382000,4253000,CB4MH,18.04462,1e+06,1.19,73.79,382000 4253000,5.5,Unsuitable,black,YES,237.363722,2642.690863,34.7967760000001
382000,4253000,CB4MH,26.24672,1e+06,1,72.49,382000 4253000,8,Unsuitable,black,YES,237.363722,2642.690863,34.7967760000001
382000,4253000,CB4MH,29.52756,1e+06,0.92,71.99,382000 4253000,9,Unsuitable,black,YES,237.363722,2642.690863,34.7967760000001
382000,4253000,CB4MH,27.88714,1e+06,0.97,72.29,382000 4253000,8.5,Unsuitable,black,YES,237.363722,2642.690863,34.7967760000001
382000,4253000,CB4MH,32.8084,1e+06,0.82,71.4,382000 4253000,10,Unsuitable,black,YES,237.363722,2642.690863,34.7967760000001
382000,4253000,CB4MH,31.16798,1e+06,0.87,71.6,382000 4253000,9.5,Unsuitable,black,YES,237.363722,2642.690863,34.7967760000001
382000,4253000,CB4MH,34.44882,1e+06,0.77,71.2,382000 4253000,10.5,Unsuitable,black,YES,237.363722,2642.690863,34.7967760000001
382000,4253000,CB4MH,37.72966,1e+06,0.7,71.1,382000 4253000,11.5,Unsuitable,black,YES,237.363722,2642.690863,34.7967760000001
382000,4253000,CB4MH,14.76378,1e+06,1.05,74.37,382000 4253000,4.5,Unsuitable,black,YES,237.363722,2642.690863,34.7967760000001
382000,4253000,CB4MH,36.08924,1e+06,0.72,71.1,382000 4253000,11,Unsuitable,black,YES,237.363722,2642.690863,34.7967760000001
382000,4253000,CB4MH,0,1e+06,8.8,81.38,382000 4253000,0,Suitable,dodgerblue,YES,237.363722,2642.690863,34.7967760000001
382000,4253000,CB4MH,9.84252,1e+06,5.1,79.26,382000 4253000,3,Suitable,dodgerblue,YES,237.363722,2642.690863,34.7967760000001
382000,4253000,CB4MH,16.4042,1e+06,1.2,74.07,382000 4253000,5,Unsuitable,black,YES,237.363722,2642.690863,34.7967760000001
382000,4253000,CB4MH,4.92126,1e+06,7.55,80.48,382000 4253000,1.5,Suitable,dodgerblue,YES,237.363722,2642.690863,34.7967760000001
382000,4253000,CB4MH,21.32546,1e+06,1.24,73.38,382000 4253000,6.5,Unsuitable,black,YES,237.363722,2642.690863,34.7967760000001
382000,4253000,CB4MH,8.2021,1e+06,6.01,79.67,382000 4253000,2.5,Suitable,dodgerblue,YES,237.363722,2642.690863,34.7967760000001
382000,4253000,CB4MH,44.29134,1e+06,0.7,70.91,382000 4253000,13.5,Unsuitable,black,YES,237.363722,2642.690863,34.7967760000001
382000,4253000,CB4MH,22.96588,1e+06,0.99,72.69,382000 4253000,7,Unsuitable,black,YES,237.363722,2642.690863,34.7967760000001
382000,4253000,CB4MH,6.56168,1e+06,6.76,80.08,382000 4253000,2,Suitable,dodgerblue,YES,237.363722,2642.690863,34.7967760000001
382000,4253000,CB4MH,42.65092,1e+06,0.7,70.91,382000 4253000,13,Unsuitable,black,YES,237.363722,2642.690863,34.7967760000001
382000,4253000,CB4MH,3.28084,1e+06,8.3,80.98,382000 4253000,1,Suitable,dodgerblue,YES,237.363722,2642.690863,34.7967760000001
382000,4253000,CB4MH,11.48294,1e+06,3.76,78.07,382000 4253000,3.5,Tolerable,yellow,YES,237.363722,2642.690863,34.7967760000001
382000,4253000,CB4MH,19.68504,1e+06,1.24,73.59,382000 4253000,6,Unsuitable,black,YES,237.363722,2642.690863,34.7967760000001
382000,4253000,CB4MH,13.12336,1e+06,2.03,75.7,382000 4253000,4,Marginal,orange,YES,237.363722,2642.690863,34.7967760000001
382000,4253000,CB4MH,39.37008,1e+06,0.7,71.1,382000 4253000,12,Unsuitable,black,YES,237.363722,2642.690863,34.7967760000001
382000,4253000,CB4MH,41.0105,1e+06,0.7,71,382000 4253000,12.5,Unsuitable,black,YES,237.363722,2642.690863,34.7967760000001
382000,4253000,CB4MH,1.64042,1e+06,8.8,81.37,382000 4253000,0.5,Suitable,dodgerblue,YES,237.363722,2642.690863,34.7967760000001
382000,4254000,CB4MH,27.88714,1e+06,0.96,72.26,382000 4254000,8.5,Unsuitable,black,YES,237.363722,2643.312234,35.4181469999999
382000,4254000,CB4MH,39.37008,1e+06,0.69,71.1,382000 4254000,12,Unsuitable,black,YES,237.363722,2643.312234,35.4181469999999
382000,4254000,CB4MH,45.93176,1e+06,0.8,72,382000 4254000,14,Unsuitable,black,YES,237.363722,2643.312234,35.4181469999999
382000,4254000,CB4MH,18.04462,1e+06,1.18,73.76,382000 4254000,5.5,Unsuitable,black,YES,237.363722,2643.312234,35.4181469999999
382000,4254000,CB4MH,31.16798,1e+06,0.86,71.58,382000 4254000,9.5,Unsuitable,black,YES,237.363722,2643.312234,35.4181469999999
382000,4254000,CB4MH,29.52756,1e+06,0.91,71.97,382000 4254000,9,Unsuitable,black,YES,237.363722,2643.312234,35.4181469999999
382000,4254000,CB4MH,14.76378,1e+06,1.05,74.29,382000 4254000,4.5,Unsuitable,black,YES,237.363722,2643.312234,35.4181469999999
382000,4254000,CB4MH,41.0105,1e+06,0.7,71.01,382000 4254000,12.5,Unsuitable,black,YES,237.363722,2643.312234,35.4181469999999
382000,4254000,CB4MH,24.6063,1e+06,0.88,72.27,382000 4254000,7.5,Unsuitable,black,YES,237.363722,2643.312234,35.4181469999999
382000,4254000,CB4MH,11.48294,1e+06,3.77,77.79,382000 4254000,3.5,Tolerable,yellow,YES,237.363722,2643.312234,35.4181469999999
382000,4254000,CB4MH,26.24672,1e+06,0.98,72.46,382000 4254000,8,Unsuitable,black,YES,237.363722,2643.312234,35.4181469999999
382000,4254000,CB4MH,19.68504,1e+06,1.22,73.55,382000 4254000,6,Unsuitable,black,YES,237.363722,2643.312234,35.4181469999999
382000,4254000,CB4MH,42.65092,1e+06,0.7,70.92,382000 4254000,13,Unsuitable,black,YES,237.363722,2643.312234,35.4181469999999
382000,4254000,CB4MH,37.72966,1e+06,0.7,71.1,382000 4254000,11.5,Unsuitable,black,YES,237.363722,2643.312234,35.4181469999999
382000,4254000,CB4MH,9.84252,1e+06,5.09,78.95,382000 4254000,3,Suitable,dodgerblue,YES,237.363722,2643.312234,35.4181469999999
382000,4254000,CB4MH,34.44882,1e+06,0.77,71.2,382000 4254000,10.5,Unsuitable,black,YES,237.363722,2643.312234,35.4181469999999
382000,4254000,CB4MH,32.8084,1e+06,0.82,71.4,382000 4254000,10,Unsuitable,black,YES,237.363722,2643.312234,35.4181469999999
382000,4254000,CB4MH,22.96588,1e+06,0.98,72.65,382000 4254000,7,Unsuitable,black,YES,237.363722,2643.312234,35.4181469999999
382000,4254000,CB4MH,36.08924,1e+06,0.72,71.1,382000 4254000,11,Unsuitable,black,YES,237.363722,2643.312234,35.4181469999999
382000,4254000,CB4MH,16.4042,1e+06,1.18,73.98,382000 4254000,5,Unsuitable,black,YES,237.363722,2643.312234,35.4181469999999
382000,4254000,CB4MH,1.64042,1e+06,8.79,81.11,382000 4254000,0.5,Suitable,dodgerblue,YES,237.363722,2643.312234,35.4181469999999
382000,4254000,CB4MH,4.92126,1e+06,7.56,80.23,382000 4254000,1.5,Suitable,dodgerblue,YES,237.363722,2643.312234,35.4181469999999
382000,4254000,CB4MH,13.12336,1e+06,2.08,75.5,382000 4254000,4,Marginal,orange,YES,237.363722,2643.312234,35.4181469999999
382000,4254000,CB4MH,6.56168,1e+06,6.8,79.84,382000 4254000,2,Suitable,dodgerblue,YES,237.363722,2643.312234,35.4181469999999
382000,4254000,CB4MH,21.32546,1e+06,1.22,73.33,382000 4254000,6.5,Unsuitable,black,YES,237.363722,2643.312234,35.4181469999999
382000,4254000,CB4MH,44.29134,1e+06,0.7,70.92,382000 4254000,13.5,Unsuitable,black,YES,237.363722,2643.312234,35.4181469999999
382000,4254000,CB4MH,3.28084,1e+06,8.29,80.72,382000 4254000,1,Suitable,dodgerblue,YES,237.363722,2643.312234,35.4181469999999
382000,4254000,CB4MH,0,1e+06,8.79,81.12,382000 4254000,0,Suitable,dodgerblue,YES,237.363722,2643.312234,35.4181469999999
382000,4254000,CB4MH,8.2021,1e+06,6.02,79.4,382000 4254000,2.5,Suitable,dodgerblue,YES,237.363722,2643.312234,35.4181469999999
382000,4316000,CB4MH,13.12336,1e+06,0.21,72.24,382000 4316000,4,Unsuitable,black,YES,237.363722,2681.837236,73.9431489999997
382000,4316000,CB4MH,31.16798,1e+06,0.1,69.4,382000 4316000,9.5,Unsuitable,black,YES,237.363722,2681.837236,73.9431489999997
382000,4316000,CB4MH,22.96588,1e+06,0.1,69.81,382000 4316000,7,Unsuitable,black,YES,237.363722,2681.837236,73.9431489999997
382000,4316000,CB4MH,32.8084,1e+06,0.1,69.4,382000 4316000,10,Unsuitable,black,YES,237.363722,2681.837236,73.9431489999997
382000,4316000,CB4MH,24.6063,1e+06,0.1,69.8,382000 4316000,7.5,Unsuitable,black,YES,237.363722,2681.837236,73.9431489999997
382000,4316000,CB4MH,14.76378,1e+06,0.11,71.65,382000 4316000,4.5,Unsuitable,black,YES,237.363722,2681.837236,73.9431489999997
382000,4316000,CB4MH,3.28084,1e+06,5.45,78.64,382000 4316000,1,Suitable,dodgerblue,YES,237.363722,2681.837236,73.9431489999997
382000,4316000,CB4MH,26.24672,1e+06,0.1,69.7,382000 4316000,8,Unsuitable,black,YES,237.363722,2681.837236,73.9431489999997
382000,4316000,CB4MH,21.32546,1e+06,0.1,69.81,382000 4316000,6.5,Unsuitable,black,YES,237.363722,2681.837236,73.9431489999997
382000,4316000,CB4MH,16.4042,1e+06,0.1,71.05,382000 4316000,5,Unsuitable,black,YES,237.363722,2681.837236,73.9431489999997
382000,4316000,CB4MH,11.48294,1e+06,0.41,72.8,382000 4316000,3.5,Unsuitable,black,YES,237.363722,2681.837236,73.9431489999997
382000,4316000,CB4MH,0,1e+06,8.41,80.27,382000 4316000,0,Suitable,dodgerblue,YES,237.363722,2681.837236,73.9431489999997
382000,4316000,CB4MH,27.88714,1e+06,0.1,69.6,382000 4316000,8.5,Unsuitable,black,YES,237.363722,2681.837236,73.9431489999997
382000,4316000,CB4MH,19.68504,1e+06,0.1,70.1,382000 4316000,6,Unsuitable,black,YES,237.363722,2681.837236,73.9431489999997
382000,4316000,CB4MH,18.04462,1e+06,0.1,70.56,382000 4316000,5.5,Unsuitable,black,YES,237.363722,2681.837236,73.9431489999997
382000,4316000,CB4MH,4.92126,1e+06,4.89,77.98,382000 4316000,1.5,Suitable,dodgerblue,YES,237.363722,2681.837236,73.9431489999997
382000,4316000,CB4MH,8.2021,1e+06,3.19,76.09,382000 4316000,2.5,Tolerable,yellow,YES,237.363722,2681.837236,73.9431489999997
382000,4316000,CB4MH,29.52756,1e+06,0.1,69.5,382000 4316000,9,Unsuitable,black,YES,237.363722,2681.837236,73.9431489999997
382000,4316000,CB4MH,34.44882,1e+06,0.1,69.4,382000 4316000,10.5,Unsuitable,black,YES,237.363722,2681.837236,73.9431489999997
382000,4316000,CB4MH,1.64042,1e+06,6.73,79.57,382000 4316000,0.5,Suitable,dodgerblue,YES,237.363722,2681.837236,73.9431489999997
382000,4316000,CB4MH,9.84252,1e+06,1.47,74.17,382000 4316000,3,Unsuitable,black,YES,237.363722,2681.837236,73.9431489999997
382000,4316000,CB4MH,6.56168,1e+06,4.34,77.45,382000 4316000,2,Suitable,dodgerblue,YES,237.363722,2681.837236,73.9431489999997
382000,4317000,CB3MH,34.44882,1e+06,0.1,69.4,382000 4317000,10.5,Unsuitable,black,YES,237.363722,2682.458607,74.5645199999999
382000,4317000,CB3MH,0,1e+06,8.36,80.3,382000 4317000,0,Suitable,dodgerblue,YES,237.363722,2682.458607,74.5645199999999
382000,4317000,CB3MH,24.6063,1e+06,0.1,69.8,382000 4317000,7.5,Unsuitable,black,YES,237.363722,2682.458607,74.5645199999999
382000,4317000,CB3MH,8.2021,1e+06,2.81,75.76,382000 4317000,2.5,Marginal,orange,YES,237.363722,2682.458607,74.5645199999999
382000,4317000,CB3MH,29.52756,1e+06,0.1,69.5,382000 4317000,9,Unsuitable,black,YES,237.363722,2682.458607,74.5645199999999
382000,4317000,CB3MH,31.16798,1e+06,0.1,69.4,382000 4317000,9.5,Unsuitable,black,YES,237.363722,2682.458607,74.5645199999999
382000,4317000,CB3MH,3.28084,1e+06,4.94,78.26,382000 4317000,1,Suitable,dodgerblue,YES,237.363722,2682.458607,74.5645199999999
382000,4317000,CB3MH,11.48294,1e+06,0.27,72.71,382000 4317000,3.5,Unsuitable,black,YES,237.363722,2682.458607,74.5645199999999
382000,4317000,CB3MH,27.88714,1e+06,0.1,69.6,382000 4317000,8.5,Unsuitable,black,YES,237.363722,2682.458607,74.5645199999999
382000,4317000,CB3MH,1.64042,1e+06,6.32,79.34,382000 4317000,0.5,Suitable,dodgerblue,YES,237.363722,2682.458607,74.5645199999999
382000,4317000,CB3MH,26.24672,1e+06,0.1,69.7,382000 4317000,8,Unsuitable,black,YES,237.363722,2682.458607,74.5645199999999
382000,4317000,CB3MH,22.96588,1e+06,0.1,69.8,382000 4317000,7,Unsuitable,black,YES,237.363722,2682.458607,74.5645199999999
382000,4317000,CB3MH,9.84252,1e+06,1.15,73.77,382000 4317000,3,Unsuitable,black,YES,237.363722,2682.458607,74.5645199999999
382000,4317000,CB3MH,16.4042,1e+06,0.1,71.1,382000 4317000,5,Unsuitable,black,YES,237.363722,2682.458607,74.5645199999999
382000,4317000,CB3MH,21.32546,1e+06,0.1,69.8,382000 4317000,6.5,Unsuitable,black,YES,237.363722,2682.458607,74.5645199999999
382000,4317000,CB3MH,6.56168,1e+06,4.09,77.32,382000 4317000,2,Suitable,dodgerblue,YES,237.363722,2682.458607,74.5645199999999
382000,4317000,CB3MH,4.92126,1e+06,4.6,77.74,382000 4317000,1.5,Suitable,dodgerblue,YES,237.363722,2682.458607,74.5645199999999
382000,4317000,CB3MH,14.76378,1e+06,0.1,71.7,382000 4317000,4.5,Unsuitable,black,YES,237.363722,2682.458607,74.5645199999999
382000,4317000,CB3MH,19.68504,1e+06,0.1,70.1,382000 4317000,6,Unsuitable,black,YES,237.363722,2682.458607,74.5645199999999
382000,4317000,CB3MH,32.8084,1e+06,0.1,69.4,382000 4317000,10,Unsuitable,black,YES,237.363722,2682.458607,74.5645199999999
382000,4317000,CB3MH,18.04462,1e+06,0.1,70.6,382000 4317000,5.5,Unsuitable,black,YES,237.363722,2682.458607,74.5645199999999
382000,4317000,CB3MH,13.12336,1e+06,0.2,72.3,382000 4317000,4,Unsuitable,black,YES,237.363722,2682.458607,74.5645199999999
383000,4250000,CB4MH,13.12336,1e+06,2.35,74.9,383000 4250000,4,Marginal,orange,YES,237.985093,2640.82675,32.9326630000001
383000,4250000,CB4MH,14.76378,1e+06,1.06,74.28,383000 4250000,4.5,Unsuitable,black,YES,237.985093,2640.82675,32.9326630000001
383000,4250000,CB4MH,49.2126,1e+06,0.73,71.8,383000 4250000,15,Unsuitable,black,YES,237.985093,2640.82675,32.9326630000001
383000,4250000,CB4MH,4.92126,1e+06,7.59,79.39,383000 4250000,1.5,Suitable,dodgerblue,YES,237.985093,2640.82675,32.9326630000001
383000,4250000,CB4MH,50.85302,1e+06,0.7,71.8,383000 4250000,15.5,Unsuitable,black,YES,237.985093,2640.82675,32.9326630000001
383000,4250000,CB4MH,1.64042,1e+06,8.79,80.27,383000 4250000,0.5,Suitable,dodgerblue,YES,237.985093,2640.82675,32.9326630000001
383000,4250000,CB4MH,47.57218,1e+06,0.77,71.9,383000 4250000,14.5,Unsuitable,black,YES,237.985093,2640.82675,32.9326630000001
383000,4250000,CB4MH,6.56168,1e+06,6.89,79.04,383000 4250000,2,Suitable,dodgerblue,YES,237.985093,2640.82675,32.9326630000001
383000,4250000,CB4MH,9.84252,1e+06,5.19,78.06,383000 4250000,3,Suitable,dodgerblue,YES,237.985093,2640.82675,32.9326630000001
383000,4250000,CB4MH,24.6063,1e+06,0.88,72.29,383000 4250000,7.5,Unsuitable,black,YES,237.985093,2640.82675,32.9326630000001
383000,4250000,CB4MH,0,1e+06,8.79,80.28,383000 4250000,0,Suitable,dodgerblue,YES,237.985093,2640.82675,32.9326630000001
383000,4250000,CB4MH,21.32546,1e+06,1.18,73.29,383000 4250000,6.5,Unsuitable,black,YES,237.985093,2640.82675,32.9326630000001
383000,4250000,CB4MH,44.29134,1e+06,0.71,70.98,383000 4250000,13.5,Unsuitable,black,YES,237.985093,2640.82675,32.9326630000001
383000,4250000,CB4MH,41.0105,1e+06,0.7,71.06,383000 4250000,12.5,Unsuitable,black,YES,237.985093,2640.82675,32.9326630000001
383000,4250000,CB4MH,45.93176,1e+06,0.8,72,383000 4250000,14,Unsuitable,black,YES,237.985093,2640.82675,32.9326630000001
383000,4250000,CB4MH,29.52756,1e+06,0.91,72.01,383000 4250000,9,Unsuitable,black,YES,237.985093,2640.82675,32.9326630000001
383000,4250000,CB4MH,11.48294,1e+06,3.93,76.97,383000 4250000,3.5,Tolerable,yellow,YES,237.985093,2640.82675,32.9326630000001
383000,4250000,CB4MH,19.68504,1e+06,1.2,73.53,383000 4250000,6,Unsuitable,black,YES,237.985093,2640.82675,32.9326630000001
383000,4250000,CB4MH,8.2021,1e+06,6.11,78.55,383000 4250000,2.5,Suitable,dodgerblue,YES,237.985093,2640.82675,32.9326630000001
383000,4250000,CB4MH,26.24672,1e+06,0.98,72.48,383000 4250000,8,Unsuitable,black,YES,237.985093,2640.82675,32.9326630000001
383000,4250000,CB4MH,34.44882,1e+06,0.78,71.28,383000 4250000,10.5,Unsuitable,black,YES,237.985093,2640.82675,32.9326630000001
383000,4250000,CB4MH,3.28084,1e+06,8.29,79.87,383000 4250000,1,Suitable,dodgerblue,YES,237.985093,2640.82675,32.9326630000001
383000,4250000,CB4MH,27.88714,1e+06,0.96,72.29,383000 4250000,8.5,Unsuitable,black,YES,237.985093,2640.82675,32.9326630000001
383000,4250000,CB4MH,36.08924,1e+06,0.73,71.18,383000 4250000,11,Unsuitable,black,YES,237.985093,2640.82675,32.9326630000001
383000,4250000,CB4MH,22.96588,1e+06,0.96,72.64,383000 4250000,7,Unsuitable,black,YES,237.985093,2640.82675,32.9326630000001
383000,4250000,CB4MH,42.65092,1e+06,0.71,70.98,383000 4250000,13,Unsuitable,black,YES,237.985093,2640.82675,32.9326630000001
383000,4250000,CB4MH,32.8084,1e+06,0.83,71.48,383000 4250000,10,Unsuitable,black,YES,237.985093,2640.82675,32.9326630000001
383000,4250000,CB4MH,16.4042,1e+06,1.18,73.96,383000 4250000,5,Unsuitable,black,YES,237.985093,2640.82675,32.9326630000001
383000,4250000,CB4MH,18.04462,1e+06,1.17,73.76,383000 4250000,5.5,Unsuitable,black,YES,237.985093,2640.82675,32.9326630000001
383000,4250000,CB4MH,31.16798,1e+06,0.87,71.65,383000 4250000,9.5,Unsuitable,black,YES,237.985093,2640.82675,32.9326630000001
383000,4250000,CB4MH,39.37008,1e+06,0.7,71.16,383000 4250000,12,Unsuitable,black,YES,237.985093,2640.82675,32.9326630000001
383000,4250000,CB4MH,37.72966,1e+06,0.71,71.18,383000 4250000,11.5,Unsuitable,black,YES,237.985093,2640.82675,32.9326630000001
383000,4251000,CB4MH,42.65092,1e+06,0.7,70.93,383000 4251000,13,Unsuitable,black,YES,237.985093,2641.448121,33.5540339999998
383000,4251000,CB4MH,37.72966,1e+06,0.7,71.12,383000 4251000,11.5,Unsuitable,black,YES,237.985093,2641.448121,33.5540339999998
383000,4251000,CB4MH,34.44882,1e+06,0.78,71.22,383000 4251000,10.5,Unsuitable,black,YES,237.985093,2641.448121,33.5540339999998
383000,4251000,CB4MH,41.0105,1e+06,0.7,71.02,383000 4251000,12.5,Unsuitable,black,YES,237.985093,2641.448121,33.5540339999998
383000,4251000,CB4MH,39.37008,1e+06,0.7,71.12,383000 4251000,12,Unsuitable,black,YES,237.985093,2641.448121,33.5540339999998
383000,4251000,CB4MH,31.16798,1e+06,0.87,71.61,383000 4251000,9.5,Unsuitable,black,YES,237.985093,2641.448121,33.5540339999998
383000,4251000,CB4MH,18.04462,1e+06,1.19,73.78,383000 4251000,5.5,Unsuitable,black,YES,237.985093,2641.448121,33.5540339999998
383000,4251000,CB4MH,0,1e+06,8.79,81.07,383000 4251000,0,Suitable,dodgerblue,YES,237.985093,2641.448121,33.5540339999998
383000,4251000,CB4MH,1.64042,1e+06,8.79,81.07,383000 4251000,0.5,Suitable,dodgerblue,YES,237.985093,2641.448121,33.5540339999998
383000,4251000,CB4MH,13.12336,1e+06,2.12,75.48,383000 4251000,4,Marginal,orange,YES,237.985093,2641.448121,33.5540339999998
383000,4251000,CB4MH,9.84252,1e+06,5.12,78.92,383000 4251000,3,Suitable,dodgerblue,YES,237.985093,2641.448121,33.5540339999998
383000,4251000,CB4MH,27.88714,1e+06,0.97,72.29,383000 4251000,8.5,Unsuitable,black,YES,237.985093,2641.448121,33.5540339999998
383000,4251000,CB4MH,16.4042,1e+06,1.19,74.04,383000 4251000,5,Unsuitable,black,YES,237.985093,2641.448121,33.5540339999998
383000,4251000,CB4MH,47.57218,1e+06,0.77,71.9,383000 4251000,14.5,Unsuitable,black,YES,237.985093,2641.448121,33.5540339999998
383000,4251000,CB4MH,50.85302,1e+06,0.7,71.8,383000 4251000,15.5,Unsuitable,black,YES,237.985093,2641.448121,33.5540339999998
383000,4251000,CB4MH,19.68504,1e+06,1.23,73.57,383000 4251000,6,Unsuitable,black,YES,237.985093,2641.448121,33.5540339999998
383000,4251000,CB4MH,36.08924,1e+06,0.73,71.12,383000 4251000,11,Unsuitable,black,YES,237.985093,2641.448121,33.5540339999998
383000,4251000,CB4MH,14.76378,1e+06,1.05,74.34,383000 4251000,4.5,Unsuitable,black,YES,237.985093,2641.448121,33.5540339999998
383000,4251000,CB4MH,4.92126,1e+06,7.56,80.18,383000 4251000,1.5,Suitable,dodgerblue,YES,237.985093,2641.448121,33.5540339999998
383000,4251000,CB4MH,22.96588,1e+06,0.98,72.67,383000 4251000,7,Unsuitable,black,YES,237.985093,2641.448121,33.5540339999998
383000,4251000,CB4MH,8.2021,1e+06,6.03,79.36,383000 4251000,2.5,Suitable,dodgerblue,YES,237.985093,2641.448121,33.5540339999998
383000,4251000,CB4MH,32.8084,1e+06,0.83,71.42,383000 4251000,10,Unsuitable,black,YES,237.985093,2641.448121,33.5540339999998
383000,4251000,CB4MH,49.2126,1e+06,0.73,71.8,383000 4251000,15,Unsuitable,black,YES,237.985093,2641.448121,33.5540339999998
383000,4251000,CB4MH,24.6063,1e+06,0.89,72.29,383000 4251000,7.5,Unsuitable,black,YES,237.985093,2641.448121,33.5540339999998
383000,4251000,CB4MH,21.32546,1e+06,1.22,73.36,383000 4251000,6.5,Unsuitable,black,YES,237.985093,2641.448121,33.5540339999998
383000,4251000,CB4MH,45.93176,1e+06,0.8,72,383000 4251000,14,Unsuitable,black,YES,237.985093,2641.448121,33.5540339999998
383000,4251000,CB4MH,3.28084,1e+06,8.3,80.67,383000 4251000,1,Suitable,dodgerblue,YES,237.985093,2641.448121,33.5540339999998
383000,4251000,CB4MH,11.48294,1e+06,3.81,77.76,383000 4251000,3.5,Tolerable,yellow,YES,237.985093,2641.448121,33.5540339999998
383000,4251000,CB4MH,6.56168,1e+06,6.8,79.79,383000 4251000,2,Suitable,dodgerblue,YES,237.985093,2641.448121,33.5540339999998
383000,4251000,CB4MH,26.24672,1e+06,0.99,72.48,383000 4251000,8,Unsuitable,black,YES,237.985093,2641.448121,33.5540339999998
383000,4251000,CB4MH,29.52756,1e+06,0.92,72,383000 4251000,9,Unsuitable,black,YES,237.985093,2641.448121,33.5540339999998
383000,4251000,CB4MH,52.49344,1e+06,0.7,71.8,383000 4251000,16,Unsuitable,black,YES,237.985093,2641.448121,33.5540339999998
383000,4251000,CB4MH,44.29134,1e+06,0.7,70.93,383000 4251000,13.5,Unsuitable,black,YES,237.985093,2641.448121,33.5540339999998
383000,4252000,CB4MH,47.57218,1e+06,0.77,71.9,383000 4252000,14.5,Unsuitable,black,YES,237.985093,2642.069492,34.175405
383000,4252000,CB4MH,3.28084,1e+06,8.3,81.04,383000 4252000,1,Suitable,dodgerblue,YES,237.985093,2642.069492,34.175405
383000,4252000,CB4MH,42.65092,1e+06,0.7,70.9,383000 4252000,13,Unsuitable,black,YES,237.985093,2642.069492,34.175405
383000,4252000,CB4MH,36.08924,1e+06,0.73,71.1,383000 4252000,11,Unsuitable,black,YES,237.985093,2642.069492,34.175405
383000,4252000,CB4MH,44.29134,1e+06,0.7,70.9,383000 4252000,13.5,Unsuitable,black,YES,237.985093,2642.069492,34.175405
383000,4252000,CB4MH,45.93176,1e+06,0.8,72,383000 4252000,14,Unsuitable,black,YES,237.985093,2642.069492,34.175405
383000,4252000,CB4MH,39.37008,1e+06,0.7,71.1,383000 4252000,12,Unsuitable,black,YES,237.985093,2642.069492,34.175405
383000,4252000,CB4MH,0,1e+06,8.8,81.45,383000 4252000,0,Suitable,dodgerblue,YES,237.985093,2642.069492,34.175405
383000,4252000,CB4MH,19.68504,1e+06,1.25,73.6,383000 4252000,6,Unsuitable,black,YES,237.985093,2642.069492,34.175405
383000,4252000,CB4MH,21.32546,1e+06,1.25,73.39,383000 4252000,6.5,Unsuitable,black,YES,237.985093,2642.069492,34.175405
383000,4252000,CB4MH,37.72966,1e+06,0.7,71.1,383000 4252000,11.5,Unsuitable,black,YES,237.985093,2642.069492,34.175405
383000,4252000,CB4MH,18.04462,1e+06,1.2,73.8,383000 4252000,5.5,Unsuitable,black,YES,237.985093,2642.069492,34.175405
383000,4252000,CB4MH,16.4042,1e+06,1.2,74.09,383000 4252000,5,Unsuitable,black,YES,237.985093,2642.069492,34.175405
383000,4252000,CB4MH,9.84252,1e+06,5.1,79.34,383000 4252000,3,Suitable,dodgerblue,YES,237.985093,2642.069492,34.175405
383000,4252000,CB4MH,1.64042,1e+06,8.8,81.44,383000 4252000,0.5,Suitable,dodgerblue,YES,237.985093,2642.069492,34.175405
383000,4252000,CB4MH,41.0105,1e+06,0.7,71,383000 4252000,12.5,Unsuitable,black,YES,237.985093,2642.069492,34.175405
383000,4252000,CB4MH,8.2021,1e+06,6,79.74,383000 4252000,2.5,Suitable,dodgerblue,YES,237.985093,2642.069492,34.175405
383000,4252000,CB4MH,34.44882,1e+06,0.77,71.2,383000 4252000,10.5,Unsuitable,black,YES,237.985093,2642.069492,34.175405
383000,4252000,CB4MH,6.56168,1e+06,6.76,80.15,383000 4252000,2,Suitable,dodgerblue,YES,237.985093,2642.069492,34.175405
383000,4252000,CB4MH,27.88714,1e+06,0.97,72.3,383000 4252000,8.5,Unsuitable,black,YES,237.985093,2642.069492,34.175405
383000,4252000,CB4MH,22.96588,1e+06,1,72.7,383000 4252000,7,Unsuitable,black,YES,237.985093,2642.069492,34.175405
383000,4252000,CB4MH,32.8084,1e+06,0.82,71.4,383000 4252000,10,Unsuitable,black,YES,237.985093,2642.069492,34.175405
383000,4252000,CB4MH,11.48294,1e+06,3.76,78.14,383000 4252000,3.5,Tolerable,yellow,YES,237.985093,2642.069492,34.175405
383000,4252000,CB4MH,31.16798,1e+06,0.87,71.6,383000 4252000,9.5,Unsuitable,black,YES,237.985093,2642.069492,34.175405
383000,4252000,CB4MH,29.52756,1e+06,0.92,72,383000 4252000,9,Unsuitable,black,YES,237.985093,2642.069492,34.175405
383000,4252000,CB4MH,4.92126,1e+06,7.55,80.55,383000 4252000,1.5,Suitable,dodgerblue,YES,237.985093,2642.069492,34.175405
383000,4252000,CB4MH,24.6063,1e+06,0.9,72.3,383000 4252000,7.5,Unsuitable,black,YES,237.985093,2642.069492,34.175405
383000,4252000,CB4MH,26.24672,1e+06,1,72.5,383000 4252000,8,Unsuitable,black,YES,237.985093,2642.069492,34.175405
383000,4252000,CB4MH,13.12336,1e+06,2.01,75.76,383000 4252000,4,Marginal,orange,YES,237.985093,2642.069492,34.175405
383000,4252000,CB4MH,14.76378,1e+06,1.05,74.39,383000 4252000,4.5,Unsuitable,black,YES,237.985093,2642.069492,34.175405
383000,4318000,CB3MH,3.28084,1e+06,7.01,79.51,383000 4318000,1,Suitable,dodgerblue,YES,237.985093,2683.079978,75.1858910000001
383000,4318000,CB3MH,4.92126,1e+06,5.55,78.4,383000 4318000,1.5,Suitable,dodgerblue,YES,237.985093,2683.079978,75.1858910000001
383000,4318000,CB3MH,14.76378,1e+06,0.1,71.66,383000 4318000,4.5,Unsuitable,black,YES,237.985093,2683.079978,75.1858910000001
383000,4318000,CB3MH,19.68504,1e+06,0.1,70.1,383000 4318000,6,Unsuitable,black,YES,237.985093,2683.079978,75.1858910000001
383000,4318000,CB3MH,9.84252,1e+06,2.27,75.42,383000 4318000,3,Marginal,orange,YES,237.985093,2683.079978,75.1858910000001
383000,4318000,CB3MH,1.64042,1e+06,8.14,80.17,383000 4318000,0.5,Suitable,dodgerblue,YES,237.985093,2683.079978,75.1858910000001
383000,4318000,CB3MH,29.52756,1e+06,0.1,69.5,383000 4318000,9,Unsuitable,black,YES,237.985093,2683.079978,75.1858910000001
383000,4318000,CB3MH,8.2021,1e+06,4.02,77,383000 4318000,2.5,Suitable,dodgerblue,YES,237.985093,2683.079978,75.1858910000001
383000,4318000,CB3MH,18.04462,1e+06,0.1,70.6,383000 4318000,5.5,Unsuitable,black,YES,237.985093,2683.079978,75.1858910000001
383000,4318000,CB3MH,11.48294,1e+06,0.39,72.79,383000 4318000,3.5,Unsuitable,black,YES,237.985093,2683.079978,75.1858910000001
383000,4318000,CB3MH,27.88714,1e+06,0.1,69.6,383000 4318000,8.5,Unsuitable,black,YES,237.985093,2683.079978,75.1858910000001
383000,4318000,CB3MH,26.24672,1e+06,0.1,69.7,383000 4318000,8,Unsuitable,black,YES,237.985093,2683.079978,75.1858910000001
383000,4318000,CB3MH,22.96588,1e+06,0.1,69.8,383000 4318000,7,Unsuitable,black,YES,237.985093,2683.079978,75.1858910000001
383000,4318000,CB3MH,24.6063,1e+06,0.1,69.8,383000 4318000,7.5,Unsuitable,black,YES,237.985093,2683.079978,75.1858910000001
383000,4318000,CB3MH,13.12336,1e+06,0.2,72.25,383000 4318000,4,Unsuitable,black,YES,237.985093,2683.079978,75.1858910000001
383000,4318000,CB3MH,21.32546,1e+06,0.1,69.8,383000 4318000,6.5,Unsuitable,black,YES,237.985093,2683.079978,75.1858910000001
383000,4318000,CB3MH,0,1e+06,8.56,80.37,383000 4318000,0,Suitable,dodgerblue,YES,237.985093,2683.079978,75.1858910000001
383000,4318000,CB3MH,6.56168,1e+06,4.59,77.48,383000 4318000,2,Suitable,dodgerblue,YES,237.985093,2683.079978,75.1858910000001
383000,4318000,CB3MH,16.4042,1e+06,0.1,71.06,383000 4318000,5,Unsuitable,black,YES,237.985093,2683.079978,75.1858910000001
383000,4318000,CB3MH,31.16798,1e+06,0.1,69.4,383000 4318000,9.5,Unsuitable,black,YES,237.985093,2683.079978,75.1858910000001
383000,4319000,CB3MH,22.96588,1e+06,0.1,69.81,383000 4319000,7,Unsuitable,black,YES,237.985093,2683.701349,75.8072619999998
383000,4319000,CB3MH,11.48294,1e+06,0.58,72.91,383000 4319000,3.5,Unsuitable,black,YES,237.985093,2683.701349,75.8072619999998
383000,4319000,CB3MH,14.76378,1e+06,0.11,71.58,383000 4319000,4.5,Unsuitable,black,YES,237.985093,2683.701349,75.8072619999998
383000,4319000,CB3MH,8.2021,1e+06,3.85,76.77,383000 4319000,2.5,Tolerable,yellow,YES,237.985093,2683.701349,75.8072619999998
383000,4319000,CB3MH,13.12336,1e+06,0.21,72.16,383000 4319000,4,Unsuitable,black,YES,237.985093,2683.701349,75.8072619999998
383000,4319000,CB3MH,9.84252,1e+06,2.1,75.1,383000 4319000,3,Marginal,orange,YES,237.985093,2683.701349,75.8072619999998
383000,4319000,CB3MH,18.04462,1e+06,0.1,70.6,383000 4319000,5.5,Unsuitable,black,YES,237.985093,2683.701349,75.8072619999998
383000,4319000,CB3MH,4.92126,1e+06,5.42,78.33,383000 4319000,1.5,Suitable,dodgerblue,YES,237.985093,2683.701349,75.8072619999998
383000,4319000,CB3MH,21.32546,1e+06,0.1,69.81,383000 4319000,6.5,Unsuitable,black,YES,237.985093,2683.701349,75.8072619999998
383000,4319000,CB3MH,1.64042,1e+06,7.78,80.02,383000 4319000,0.5,Suitable,dodgerblue,YES,237.985093,2683.701349,75.8072619999998
383000,4319000,CB3MH,0,1e+06,8.52,80.3,383000 4319000,0,Suitable,dodgerblue,YES,237.985093,2683.701349,75.8072619999998
383000,4319000,CB3MH,16.4042,1e+06,0.11,71,383000 4319000,5,Unsuitable,black,YES,237.985093,2683.701349,75.8072619999998
383000,4319000,CB3MH,6.56168,1e+06,4.6,77.5,383000 4319000,2,Suitable,dodgerblue,YES,237.985093,2683.701349,75.8072619999998
383000,4319000,CB3MH,19.68504,1e+06,0.1,70.11,383000 4319000,6,Unsuitable,black,YES,237.985093,2683.701349,75.8072619999998
383000,4319000,CB3MH,3.28084,1e+06,6.64,79.33,383000 4319000,1,Suitable,dodgerblue,YES,237.985093,2683.701349,75.8072619999998
383000,4321000,CB3MH,13.12336,1e+06,0.23,71.88,383000 4321000,4,Unsuitable,black,YES,237.985093,2684.944091,77.0500039999997
383000,4321000,CB3MH,1.64042,1e+06,7.43,79.87,383000 4321000,0.5,Suitable,dodgerblue,YES,237.985093,2684.944091,77.0500039999997
383000,4321000,CB3MH,21.32546,1e+06,0.1,69.75,383000 4321000,6.5,Unsuitable,black,YES,237.985093,2684.944091,77.0500039999997
383000,4321000,CB3MH,22.96588,1e+06,0.1,69.75,383000 4321000,7,Unsuitable,black,YES,237.985093,2684.944091,77.0500039999997
383000,4321000,CB3MH,6.56168,1e+06,4.71,77.54,383000 4321000,2,Suitable,dodgerblue,YES,237.985093,2684.944091,77.0500039999997
383000,4321000,CB3MH,4.92126,1e+06,5.39,78.31,383000 4321000,1.5,Suitable,dodgerblue,YES,237.985093,2684.944091,77.0500039999997
383000,4321000,CB3MH,0,1e+06,8.43,80.13,383000 4321000,0,Suitable,dodgerblue,YES,237.985093,2684.944091,77.0500039999997
383000,4321000,CB3MH,11.48294,1e+06,0.78,72.93,383000 4321000,3.5,Unsuitable,black,YES,237.985093,2684.944091,77.0500039999997
383000,4321000,CB3MH,14.76378,1e+06,0.14,71.34,383000 4321000,4.5,Unsuitable,black,YES,237.985093,2684.944091,77.0500039999997
383000,4321000,CB3MH,19.68504,1e+06,0.1,70.04,383000 4321000,6,Unsuitable,black,YES,237.985093,2684.944091,77.0500039999997
383000,4321000,CB3MH,3.28084,1e+06,6.35,79.21,383000 4321000,1,Suitable,dodgerblue,YES,237.985093,2684.944091,77.0500039999997
383000,4321000,CB3MH,8.2021,1e+06,3.78,76.51,383000 4321000,2.5,Tolerable,yellow,YES,237.985093,2684.944091,77.0500039999997
383000,4321000,CB3MH,9.84252,1e+06,2,74.74,383000 4321000,3,Marginal,orange,YES,237.985093,2684.944091,77.0500039999997
383000,4321000,CB3MH,18.04462,1e+06,0.11,70.52,383000 4321000,5.5,Unsuitable,black,YES,237.985093,2684.944091,77.0500039999997
383000,4321000,CB3MH,24.6063,1e+06,0.1,69.74,383000 4321000,7.5,Unsuitable,black,YES,237.985093,2684.944091,77.0500039999997
383000,4321000,CB3MH,16.4042,1e+06,0.13,70.8,383000 4321000,5,Unsuitable,black,YES,237.985093,2684.944091,77.0500039999997
384000,4248000,CB5MH_MD,36.08924,1e+06,0.77,71.51,384000 4248000,11,Unsuitable,black,YES,238.606464,2639.584008,31.6899210000001
384000,4248000,CB5MH_MD,54.13386,1e+06,0.7,71.8,384000 4248000,16.5,Unsuitable,black,YES,238.606464,2639.584008,31.6899210000001
384000,4248000,CB5MH_MD,34.44882,1e+06,0.82,71.6,384000 4248000,10.5,Unsuitable,black,YES,238.606464,2639.584008,31.6899210000001
384000,4248000,CB5MH_MD,37.72966,1e+06,0.74,71.47,384000 4248000,11.5,Unsuitable,black,YES,238.606464,2639.584008,31.6899210000001
384000,4248000,CB5MH_MD,18.04462,1e+06,1.76,73.12,384000 4248000,5.5,Unsuitable,black,YES,238.606464,2639.584008,31.6899210000001
384000,4248000,CB5MH_MD,32.8084,1e+06,0.87,71.8,384000 4248000,10,Unsuitable,black,YES,238.606464,2639.584008,31.6899210000001
384000,4248000,CB5MH_MD,22.96588,1e+06,1.42,72.03,384000 4248000,7,Unsuitable,black,YES,238.606464,2639.584008,31.6899210000001
384000,4248000,CB5MH_MD,52.49344,1e+06,0.7,71.8,384000 4248000,16,Unsuitable,black,YES,238.606464,2639.584008,31.6899210000001
384000,4248000,CB5MH_MD,4.92126,1e+06,7.69,76.61,384000 4248000,1.5,Suitable,dodgerblue,YES,238.606464,2639.584008,31.6899210000001
384000,4248000,CB5MH_MD,8.2021,1e+06,6.48,75.81,384000 4248000,2.5,Suitable,dodgerblue,YES,238.606464,2639.584008,31.6899210000001
384000,4248000,CB5MH_MD,21.32546,1e+06,1.59,72.52,384000 4248000,6.5,Unsuitable,black,YES,238.606464,2639.584008,31.6899210000001
384000,4248000,CB5MH_MD,11.48294,1e+06,4.63,74.45,384000 4248000,3.5,Suitable,dodgerblue,YES,238.606464,2639.584008,31.6899210000001
384000,4248000,CB5MH_MD,9.84252,1e+06,5.66,75.26,384000 4248000,3,Suitable,dodgerblue,YES,238.606464,2639.584008,31.6899210000001
384000,4248000,CB5MH_MD,16.4042,1e+06,1.83,73.26,384000 4248000,5,Unsuitable,black,YES,238.606464,2639.584008,31.6899210000001
384000,4248000,CB5MH_MD,13.12336,1e+06,3.43,73.07,384000 4248000,4,Tolerable,yellow,YES,238.606464,2639.584008,31.6899210000001
384000,4248000,CB5MH_MD,31.16798,1e+06,0.89,71.92,384000 4248000,9.5,Unsuitable,black,YES,238.606464,2639.584008,31.6899210000001
384000,4248000,CB5MH_MD,6.56168,1e+06,7.18,76.36,384000 4248000,2,Suitable,dodgerblue,YES,238.606464,2639.584008,31.6899210000001
384000,4248000,CB5MH_MD,19.68504,1e+06,1.69,72.85,384000 4248000,6,Unsuitable,black,YES,238.606464,2639.584008,31.6899210000001
384000,4248000,CB5MH_MD,14.76378,1e+06,1.81,73.59,384000 4248000,4.5,Unsuitable,black,YES,238.606464,2639.584008,31.6899210000001
384000,4248000,CB5MH_MD,3.28084,1e+06,8.32,77.03,384000 4248000,1,Suitable,dodgerblue,YES,238.606464,2639.584008,31.6899210000001
384000,4248000,CB5MH_MD,49.2126,1e+06,0.73,71.8,384000 4248000,15,Unsuitable,black,YES,238.606464,2639.584008,31.6899210000001
384000,4248000,CB5MH_MD,0,1e+06,8.83,77.5,384000 4248000,0,Suitable,dodgerblue,YES,238.606464,2639.584008,31.6899210000001
384000,4248000,CB5MH_MD,29.52756,1e+06,0.93,72.21,384000 4248000,9,Unsuitable,black,YES,238.606464,2639.584008,31.6899210000001
384000,4248000,CB5MH_MD,50.85302,1e+06,0.7,71.8,384000 4248000,15.5,Unsuitable,black,YES,238.606464,2639.584008,31.6899210000001
384000,4248000,CB5MH_MD,27.88714,1e+06,0.96,72.44,384000 4248000,8.5,Unsuitable,black,YES,238.606464,2639.584008,31.6899210000001
384000,4248000,CB5MH_MD,39.37008,1e+06,0.73,71.41,384000 4248000,12,Unsuitable,black,YES,238.606464,2639.584008,31.6899210000001
384000,4248000,CB5MH_MD,44.29134,1e+06,0.73,71.26,384000 4248000,13.5,Unsuitable,black,YES,238.606464,2639.584008,31.6899210000001
384000,4248000,CB5MH_MD,42.65092,1e+06,0.73,71.26,384000 4248000,13,Unsuitable,black,YES,238.606464,2639.584008,31.6899210000001
384000,4248000,CB5MH_MD,1.64042,1e+06,8.82,77.44,384000 4248000,0.5,Suitable,dodgerblue,YES,238.606464,2639.584008,31.6899210000001
384000,4248000,CB5MH_MD,24.6063,1e+06,0.89,72.42,384000 4248000,7.5,Unsuitable,black,YES,238.606464,2639.584008,31.6899210000001
384000,4248000,CB5MH_MD,45.93176,1e+06,0.8,72,384000 4248000,14,Unsuitable,black,YES,238.606464,2639.584008,31.6899210000001
384000,4248000,CB5MH_MD,26.24672,1e+06,0.98,72.57,384000 4248000,8,Unsuitable,black,YES,238.606464,2639.584008,31.6899210000001
384000,4248000,CB5MH_MD,41.0105,1e+06,0.72,71.31,384000 4248000,12.5,Unsuitable,black,YES,238.606464,2639.584008,31.6899210000001
384000,4248000,CB5MH_MD,47.57218,1e+06,0.77,71.9,384000 4248000,14.5,Unsuitable,black,YES,238.606464,2639.584008,31.6899210000001
384000,4249000,CB5MH_MD,29.52756,1e+06,0.92,72.09,384000 4249000,9,Unsuitable,black,YES,238.606464,2640.205379,32.3112919999999
384000,4249000,CB5MH_MD,21.32546,1e+06,1.49,72.78,384000 4249000,6.5,Unsuitable,black,YES,238.606464,2640.205379,32.3112919999999
384000,4249000,CB5MH_MD,27.88714,1e+06,0.96,72.35,384000 4249000,8.5,Unsuitable,black,YES,238.606464,2640.205379,32.3112919999999
384000,4249000,CB5MH_MD,22.96588,1e+06,1.3,72.22,384000 4249000,7,Unsuitable,black,YES,238.606464,2640.205379,32.3112919999999
384000,4249000,CB5MH_MD,31.16798,1e+06,0.87,71.77,384000 4249000,9.5,Unsuitable,black,YES,238.606464,2640.205379,32.3112919999999
384000,4249000,CB5MH_MD,0,1e+06,8.82,78.64,384000 4249000,0,Suitable,dodgerblue,YES,238.606464,2640.205379,32.3112919999999
384000,4249000,CB5MH_MD,44.29134,1e+06,0.72,71.11,384000 4249000,13.5,Unsuitable,black,YES,238.606464,2640.205379,32.3112919999999
384000,4249000,CB5MH_MD,14.76378,1e+06,1.58,73.77,384000 4249000,4.5,Unsuitable,black,YES,238.606464,2640.205379,32.3112919999999
384000,4249000,CB5MH_MD,52.49344,1e+06,0.7,71.8,384000 4249000,16,Unsuitable,black,YES,238.606464,2640.205379,32.3112919999999
384000,4249000,CB5MH_MD,34.44882,1e+06,0.8,71.43,384000 4249000,10.5,Unsuitable,black,YES,238.606464,2640.205379,32.3112919999999
384000,4249000,CB5MH_MD,3.28084,1e+06,8.32,78.19,384000 4249000,1,Suitable,dodgerblue,YES,238.606464,2640.205379,32.3112919999999
384000,4249000,CB5MH_MD,4.92126,1e+06,7.66,77.75,384000 4249000,1.5,Suitable,dodgerblue,YES,238.606464,2640.205379,32.3112919999999
384000,4249000,CB5MH_MD,1.64042,1e+06,8.81,78.6,384000 4249000,0.5,Suitable,dodgerblue,YES,238.606464,2640.205379,32.3112919999999
384000,4249000,CB5MH_MD,42.65092,1e+06,0.72,71.11,384000 4249000,13,Unsuitable,black,YES,238.606464,2640.205379,32.3112919999999
384000,4249000,CB5MH_MD,19.68504,1e+06,1.56,73.06,384000 4249000,6,Unsuitable,black,YES,238.606464,2640.205379,32.3112919999999
384000,4249000,CB5MH_MD,47.57218,1e+06,0.77,71.9,384000 4249000,14.5,Unsuitable,black,YES,238.606464,2640.205379,32.3112919999999
384000,4249000,CB5MH_MD,49.2126,1e+06,0.73,71.8,384000 4249000,15,Unsuitable,black,YES,238.606464,2640.205379,32.3112919999999
384000,4249000,CB5MH_MD,13.12336,1e+06,3.02,73.87,384000 4249000,4,Tolerable,yellow,YES,238.606464,2640.205379,32.3112919999999
384000,4249000,CB5MH_MD,36.08924,1e+06,0.75,71.33,384000 4249000,11,Unsuitable,black,YES,238.606464,2640.205379,32.3112919999999
384000,4249000,CB5MH_MD,18.04462,1e+06,1.59,73.3,384000 4249000,5.5,Unsuitable,black,YES,238.606464,2640.205379,32.3112919999999
384000,4249000,CB5MH_MD,39.37008,1e+06,0.71,71.28,384000 4249000,12,Unsuitable,black,YES,238.606464,2640.205379,32.3112919999999
384000,4249000,CB5MH_MD,16.4042,1e+06,1.64,73.46,384000 4249000,5,Unsuitable,black,YES,238.606464,2640.205379,32.3112919999999
384000,4249000,CB5MH_MD,37.72966,1e+06,0.72,71.31,384000 4249000,11.5,Unsuitable,black,YES,238.606464,2640.205379,32.3112919999999
384000,4249000,CB5MH_MD,11.48294,1e+06,4.38,75.55,384000 4249000,3.5,Suitable,dodgerblue,YES,238.606464,2640.205379,32.3112919999999
384000,4249000,CB5MH_MD,45.93176,1e+06,0.8,72,384000 4249000,14,Unsuitable,black,YES,238.606464,2640.205379,32.3112919999999
384000,4249000,CB5MH_MD,24.6063,1e+06,0.88,72.34,384000 4249000,7.5,Unsuitable,black,YES,238.606464,2640.205379,32.3112919999999
384000,4249000,CB5MH_MD,41.0105,1e+06,0.71,71.18,384000 4249000,12.5,Unsuitable,black,YES,238.606464,2640.205379,32.3112919999999
384000,4249000,CB5MH_MD,26.24672,1e+06,0.98,72.51,384000 4249000,8,Unsuitable,black,YES,238.606464,2640.205379,32.3112919999999
384000,4249000,CB5MH_MD,32.8084,1e+06,0.85,71.62,384000 4249000,10,Unsuitable,black,YES,238.606464,2640.205379,32.3112919999999
384000,4249000,CB5MH_MD,50.85302,1e+06,0.7,71.8,384000 4249000,15.5,Unsuitable,black,YES,238.606464,2640.205379,32.3112919999999
384000,4249000,CB5MH_MD,9.84252,1e+06,5.51,76.48,384000 4249000,3,Suitable,dodgerblue,YES,238.606464,2640.205379,32.3112919999999
384000,4249000,CB5MH_MD,6.56168,1e+06,7.06,77.46,384000 4249000,2,Suitable,dodgerblue,YES,238.606464,2640.205379,32.3112919999999
384000,4249000,CB5MH_MD,8.2021,1e+06,6.35,76.97,384000 4249000,2.5,Suitable,dodgerblue,YES,238.606464,2640.205379,32.3112919999999
384000,4321000,CB3MH,6.56168,1e+06,4.66,77.38,384000 4321000,2,Suitable,dodgerblue,YES,238.606464,2684.944091,77.0500039999997
384000,4321000,CB3MH,13.12336,1e+06,0.24,71.75,384000 4321000,4,Unsuitable,black,YES,238.606464,2684.944091,77.0500039999997
384000,4321000,CB3MH,16.4042,1e+06,0.15,70.7,384000 4321000,5,Unsuitable,black,YES,238.606464,2684.944091,77.0500039999997
384000,4321000,CB3MH,18.04462,1e+06,0.1,70.61,384000 4321000,5.5,Unsuitable,black,YES,238.606464,2684.944091,77.0500039999997
384000,4321000,CB3MH,8.2021,1e+06,3.76,76.44,384000 4321000,2.5,Tolerable,yellow,YES,238.606464,2684.944091,77.0500039999997
384000,4321000,CB3MH,21.32546,1e+06,0.1,69.84,384000 4321000,6.5,Unsuitable,black,YES,238.606464,2684.944091,77.0500039999997
384000,4321000,CB3MH,14.76378,1e+06,0.15,71.22,384000 4321000,4.5,Unsuitable,black,YES,238.606464,2684.944091,77.0500039999997
384000,4321000,CB3MH,24.6063,1e+06,0.1,69.83,384000 4321000,7.5,Unsuitable,black,YES,238.606464,2684.944091,77.0500039999997
384000,4321000,CB3MH,11.48294,1e+06,0.72,72.76,384000 4321000,3.5,Unsuitable,black,YES,238.606464,2684.944091,77.0500039999997
384000,4321000,CB3MH,22.96588,1e+06,0.1,69.84,384000 4321000,7,Unsuitable,black,YES,238.606464,2684.944091,77.0500039999997
384000,4321000,CB3MH,4.92126,1e+06,5.37,78.17,384000 4321000,1.5,Suitable,dodgerblue,YES,238.606464,2684.944091,77.0500039999997
384000,4321000,CB3MH,1.64042,1e+06,7.52,79.78,384000 4321000,0.5,Suitable,dodgerblue,YES,238.606464,2684.944091,77.0500039999997
384000,4321000,CB3MH,0,1e+06,8.46,80.05,384000 4321000,0,Suitable,dodgerblue,YES,238.606464,2684.944091,77.0500039999997
384000,4321000,CB3MH,19.68504,1e+06,0.1,70.13,384000 4321000,6,Unsuitable,black,YES,238.606464,2684.944091,77.0500039999997
384000,4321000,CB3MH,9.84252,1e+06,2,74.71,384000 4321000,3,Marginal,orange,YES,238.606464,2684.944091,77.0500039999997
384000,4321000,CB3MH,3.28084,1e+06,6.41,79.09,384000 4321000,1,Suitable,dodgerblue,YES,238.606464,2684.944091,77.0500039999997
384000,4322000,CB3MH,19.68504,1e+06,0.12,70.1,384000 4322000,6,Unsuitable,black,YES,238.606464,2685.565462,77.6713749999999
384000,4322000,CB3MH,8.2021,1e+06,3.73,76.3,384000 4322000,2.5,Tolerable,yellow,YES,238.606464,2685.565462,77.6713749999999
384000,4322000,CB3MH,18.04462,1e+06,0.13,70.56,384000 4322000,5.5,Unsuitable,black,YES,238.606464,2685.565462,77.6713749999999
384000,4322000,CB3MH,13.12336,1e+06,0.25,71.61,384000 4322000,4,Unsuitable,black,YES,238.606464,2685.565462,77.6713749999999
384000,4322000,CB3MH,0,1e+06,8.44,79.93,384000 4322000,0,Suitable,dodgerblue,YES,238.606464,2685.565462,77.6713749999999
384000,4322000,CB3MH,24.6063,1e+06,0.1,69.69,384000 4322000,7.5,Unsuitable,black,YES,238.606464,2685.565462,77.6713749999999
384000,4322000,CB3MH,3.28084,1e+06,6.34,78.99,384000 4322000,1,Suitable,dodgerblue,YES,238.606464,2685.565462,77.6713749999999
384000,4322000,CB3MH,9.84252,1e+06,1.97,74.55,384000 4322000,3,Unsuitable,black,YES,238.606464,2685.565462,77.6713749999999
384000,4322000,CB3MH,6.56168,1e+06,4.68,77.31,384000 4322000,2,Suitable,dodgerblue,YES,238.606464,2685.565462,77.6713749999999
384000,4322000,CB3MH,21.32546,1e+06,0.11,69.82,384000 4322000,6.5,Unsuitable,black,YES,238.606464,2685.565462,77.6713749999999
384000,4322000,CB3MH,22.96588,1e+06,0.1,69.81,384000 4322000,7,Unsuitable,black,YES,238.606464,2685.565462,77.6713749999999
384000,4322000,CB3MH,16.4042,1e+06,0.16,70.62,384000 4322000,5,Unsuitable,black,YES,238.606464,2685.565462,77.6713749999999
384000,4322000,CB3MH,4.92126,1e+06,5.36,78.09,384000 4322000,1.5,Suitable,dodgerblue,YES,238.606464,2685.565462,77.6713749999999
384000,4322000,CB3MH,1.64042,1e+06,7.44,79.67,384000 4322000,0.5,Suitable,dodgerblue,YES,238.606464,2685.565462,77.6713749999999
384000,4322000,CB3MH,11.48294,1e+06,0.75,72.69,384000 4322000,3.5,Unsuitable,black,YES,238.606464,2685.565462,77.6713749999999
384000,4322000,CB3MH,14.76378,1e+06,0.16,71.11,384000 4322000,4.5,Unsuitable,black,YES,238.606464,2685.565462,77.6713749999999
384000,4323000,CB3MH,4.92126,1e+06,5.4,78.12,384000 4323000,1.5,Suitable,dodgerblue,YES,238.606464,2686.186833,78.2927460000001
384000,4323000,CB3MH,3.28084,1e+06,6.3,79,384000 4323000,1,Suitable,dodgerblue,YES,238.606464,2686.186833,78.2927460000001
384000,4323000,CB3MH,11.48294,1e+06,0.76,72.62,384000 4323000,3.5,Unsuitable,black,YES,238.606464,2686.186833,78.2927460000001
384000,4323000,CB3MH,8.2021,1e+06,3.7,76.16,384000 4323000,2.5,Tolerable,yellow,YES,238.606464,2686.186833,78.2927460000001
384000,4323000,CB3MH,19.68504,1e+06,0.13,70.07,384000 4323000,6,Unsuitable,black,YES,238.606464,2686.186833,78.2927460000001
384000,4323000,CB3MH,9.84252,1e+06,1.94,74.41,384000 4323000,3,Unsuitable,black,YES,238.606464,2686.186833,78.2927460000001
384000,4323000,CB3MH,18.04462,1e+06,0.15,70.53,384000 4323000,5.5,Unsuitable,black,YES,238.606464,2686.186833,78.2927460000001
384000,4323000,CB3MH,14.76378,1e+06,0.27,70.9,384000 4323000,4.5,Unsuitable,black,YES,238.606464,2686.186833,78.2927460000001
384000,4323000,CB3MH,13.12336,1e+06,0.41,71.4,384000 4323000,4,Unsuitable,black,YES,238.606464,2686.186833,78.2927460000001
384000,4323000,CB3MH,6.56168,1e+06,4.7,77.35,384000 4323000,2,Suitable,dodgerblue,YES,238.606464,2686.186833,78.2927460000001
384000,4323000,CB3MH,1.64042,1e+06,7.33,79.63,384000 4323000,0.5,Suitable,dodgerblue,YES,238.606464,2686.186833,78.2927460000001
384000,4323000,CB3MH,16.4042,1e+06,0.22,70.41,384000 4323000,5,Unsuitable,black,YES,238.606464,2686.186833,78.2927460000001
384000,4323000,CB3MH,0,1e+06,8.34,79.89,384000 4323000,0,Suitable,dodgerblue,YES,238.606464,2686.186833,78.2927460000001
385000,4246000,CB5MH_MD,47.57218,1e+06,0.77,71.9,385000 4246000,14.5,Unsuitable,black,YES,239.227835,2638.341266,30.4471789999998
385000,4246000,CB5MH_MD,57.4147,1e+06,0.7,71.8,385000 4246000,17.5,Unsuitable,black,YES,239.227835,2638.341266,30.4471789999998
385000,4246000,CB5MH_MD,50.85302,1e+06,0.7,71.8,385000 4246000,15.5,Unsuitable,black,YES,239.227835,2638.341266,30.4471789999998
385000,4246000,CB5MH_MD,42.65092,1e+06,0.77,71.67,385000 4246000,13,Unsuitable,black,YES,239.227835,2638.341266,30.4471789999998
385000,4246000,CB5MH_MD,41.0105,1e+06,0.76,71.72,385000 4246000,12.5,Unsuitable,black,YES,239.227835,2638.341266,30.4471789999998
385000,4246000,CB5MH_MD,22.96588,1e+06,1.35,72.07,385000 4246000,7,Unsuitable,black,YES,239.227835,2638.341266,30.4471789999998
385000,4246000,CB5MH_MD,45.93176,1e+06,0.8,72,385000 4246000,14,Unsuitable,black,YES,239.227835,2638.341266,30.4471789999998
385000,4246000,CB5MH_MD,49.2126,1e+06,0.73,71.8,385000 4246000,15,Unsuitable,black,YES,239.227835,2638.341266,30.4471789999998
385000,4246000,CB5MH_MD,44.29134,1e+06,0.77,71.67,385000 4246000,13.5,Unsuitable,black,YES,239.227835,2638.341266,30.4471789999998
385000,4246000,CB5MH_MD,8.2021,1e+06,6.25,75.63,385000 4246000,2.5,Suitable,dodgerblue,YES,239.227835,2638.341266,30.4471789999998
385000,4246000,CB5MH_MD,1.64042,1e+06,8.92,77.76,385000 4246000,0.5,Suitable,dodgerblue,YES,239.227835,2638.341266,30.4471789999998
385000,4246000,CB5MH_MD,21.32546,1e+06,1.42,72.4,385000 4246000,6.5,Unsuitable,black,YES,239.227835,2638.341266,30.4471789999998
385000,4246000,CB5MH_MD,19.68504,1e+06,1.61,72.89,385000 4246000,6,Unsuitable,black,YES,239.227835,2638.341266,30.4471789999998
385000,4246000,CB5MH_MD,52.49344,1e+06,0.7,71.8,385000 4246000,16,Unsuitable,black,YES,239.227835,2638.341266,30.4471789999998
385000,4246000,CB5MH_MD,3.28084,1e+06,8.27,77.2,385000 4246000,1,Suitable,dodgerblue,YES,239.227835,2638.341266,30.4471789999998
385000,4246000,CB5MH_MD,55.77428,1e+06,0.7,71.8,385000 4246000,17,Unsuitable,black,YES,239.227835,2638.341266,30.4471789999998
385000,4246000,CB5MH_MD,6.56168,1e+06,7.11,76.49,385000 4246000,2,Suitable,dodgerblue,YES,239.227835,2638.341266,30.4471789999998
385000,4246000,CB5MH_MD,0,1e+06,8.95,77.86,385000 4246000,0,Suitable,dodgerblue,YES,239.227835,2638.341266,30.4471789999998
385000,4246000,CB5MH_MD,14.76378,1e+06,1.88,73.82,385000 4246000,4.5,Unsuitable,black,YES,239.227835,2638.341266,30.4471789999998
385000,4246000,CB5MH_MD,39.37008,1e+06,0.77,71.82,385000 4246000,12,Unsuitable,black,YES,239.227835,2638.341266,30.4471789999998
385000,4246000,CB5MH_MD,37.72966,1e+06,0.81,71.96,385000 4246000,11.5,Unsuitable,black,YES,239.227835,2638.341266,30.4471789999998
385000,4246000,CB5MH_MD,24.6063,1e+06,0.93,72.74,385000 4246000,7.5,Unsuitable,black,YES,239.227835,2638.341266,30.4471789999998
385000,4246000,CB5MH_MD,54.13386,1e+06,0.7,71.8,385000 4246000,16.5,Unsuitable,black,YES,239.227835,2638.341266,30.4471789999998
385000,4246000,CB5MH_MD,4.92126,1e+06,7.55,76.7,385000 4246000,1.5,Suitable,dodgerblue,YES,239.227835,2638.341266,30.4471789999998
385000,4246000,CB5MH_MD,29.52756,1e+06,1,72.63,385000 4246000,9,Unsuitable,black,YES,239.227835,2638.341266,30.4471789999998
385000,4246000,CB5MH_MD,16.4042,1e+06,1.84,73.43,385000 4246000,5,Unsuitable,black,YES,239.227835,2638.341266,30.4471789999998
385000,4246000,CB5MH_MD,9.84252,1e+06,5.33,74.76,385000 4246000,3,Suitable,dodgerblue,YES,239.227835,2638.341266,30.4471789999998
385000,4246000,CB5MH_MD,11.48294,1e+06,4.39,73.94,385000 4246000,3.5,Suitable,dodgerblue,YES,239.227835,2638.341266,30.4471789999998
385000,4246000,CB5MH_MD,13.12336,1e+06,3.42,72.86,385000 4246000,4,Tolerable,yellow,YES,239.227835,2638.341266,30.4471789999998
385000,4246000,CB5MH_MD,26.24672,1e+06,1.03,72.85,385000 4246000,8,Unsuitable,black,YES,239.227835,2638.341266,30.4471789999998
385000,4246000,CB5MH_MD,34.44882,1e+06,0.9,72.13,385000 4246000,10.5,Unsuitable,black,YES,239.227835,2638.341266,30.4471789999998
385000,4246000,CB5MH_MD,18.04462,1e+06,1.75,73.22,385000 4246000,5.5,Unsuitable,black,YES,239.227835,2638.341266,30.4471789999998
385000,4246000,CB5MH_MD,32.8084,1e+06,0.95,72.32,385000 4246000,10,Unsuitable,black,YES,239.227835,2638.341266,30.4471789999998
385000,4246000,CB5MH_MD,27.88714,1e+06,1.02,72.79,385000 4246000,8.5,Unsuitable,black,YES,239.227835,2638.341266,30.4471789999998
385000,4246000,CB5MH_MD,31.16798,1e+06,0.97,72.45,385000 4246000,9.5,Unsuitable,black,YES,239.227835,2638.341266,30.4471789999998
385000,4246000,CB5MH_MD,36.08924,1e+06,0.85,72.03,385000 4246000,11,Unsuitable,black,YES,239.227835,2638.341266,30.4471789999998
385000,4247000,CB5MH_MD,36.08924,1e+06,0.82,71.81,385000 4247000,11,Unsuitable,black,YES,239.227835,2638.962637,31.06855
385000,4247000,CB5MH_MD,34.44882,1e+06,0.86,71.9,385000 4247000,10.5,Unsuitable,black,YES,239.227835,2638.962637,31.06855
385000,4247000,CB5MH_MD,11.48294,1e+06,4.49,74.13,385000 4247000,3.5,Suitable,dodgerblue,YES,239.227835,2638.962637,31.06855
385000,4247000,CB5MH_MD,19.68504,1e+06,1.66,72.85,385000 4247000,6,Unsuitable,black,YES,239.227835,2638.962637,31.06855
385000,4247000,CB5MH_MD,41.0105,1e+06,0.74,71.55,385000 4247000,12.5,Unsuitable,black,YES,239.227835,2638.962637,31.06855
385000,4247000,CB5MH_MD,1.64042,1e+06,8.88,77.6,385000 4247000,0.5,Suitable,dodgerblue,YES,239.227835,2638.962637,31.06855
385000,4247000,CB5MH_MD,21.32546,1e+06,1.5,72.42,385000 4247000,6.5,Unsuitable,black,YES,239.227835,2638.962637,31.06855
385000,4247000,CB5MH_MD,9.84252,1e+06,5.47,74.94,385000 4247000,3,Suitable,dodgerblue,YES,239.227835,2638.962637,31.06855
385000,4247000,CB5MH_MD,49.2126,1e+06,0.73,71.8,385000 4247000,15,Unsuitable,black,YES,239.227835,2638.962637,31.06855
385000,4247000,CB5MH_MD,42.65092,1e+06,0.75,71.5,385000 4247000,13,Unsuitable,black,YES,239.227835,2638.962637,31.06855
385000,4247000,CB5MH_MD,22.96588,1e+06,1.39,72.03,385000 4247000,7,Unsuitable,black,YES,239.227835,2638.962637,31.06855
385000,4247000,CB5MH_MD,44.29134,1e+06,0.75,71.5,385000 4247000,13.5,Unsuitable,black,YES,239.227835,2638.962637,31.06855
385000,4247000,CB5MH_MD,3.28084,1e+06,8.29,77.11,385000 4247000,1,Suitable,dodgerblue,YES,239.227835,2638.962637,31.06855
385000,4247000,CB5MH_MD,29.52756,1e+06,0.97,72.44,385000 4247000,9,Unsuitable,black,YES,239.227835,2638.962637,31.06855
385000,4247000,CB5MH_MD,24.6063,1e+06,0.91,72.59,385000 4247000,7.5,Unsuitable,black,YES,239.227835,2638.962637,31.06855
385000,4247000,CB5MH_MD,45.93176,1e+06,0.8,72,385000 4247000,14,Unsuitable,black,YES,239.227835,2638.962637,31.06855
385000,4247000,CB5MH_MD,32.8084,1e+06,0.91,72.1,385000 4247000,10,Unsuitable,black,YES,239.227835,2638.962637,31.06855
385000,4247000,CB5MH_MD,31.16798,1e+06,0.93,72.22,385000 4247000,9.5,Unsuitable,black,YES,239.227835,2638.962637,31.06855
385000,4247000,CB5MH_MD,26.24672,1e+06,1,72.72,385000 4247000,8,Unsuitable,black,YES,239.227835,2638.962637,31.06855
385000,4247000,CB5MH_MD,37.72966,1e+06,0.78,71.75,385000 4247000,11.5,Unsuitable,black,YES,239.227835,2638.962637,31.06855
385000,4247000,CB5MH_MD,50.85302,1e+06,0.7,71.8,385000 4247000,15.5,Unsuitable,black,YES,239.227835,2638.962637,31.06855
385000,4247000,CB5MH_MD,0,1e+06,8.9,77.69,385000 4247000,0,Suitable,dodgerblue,YES,239.227835,2638.962637,31.06855
385000,4247000,CB5MH_MD,52.49344,1e+06,0.7,71.8,385000 4247000,16,Unsuitable,black,YES,239.227835,2638.962637,31.06855
385000,4247000,CB5MH_MD,47.57218,1e+06,0.77,71.9,385000 4247000,14.5,Unsuitable,black,YES,239.227835,2638.962637,31.06855
385000,4247000,CB5MH_MD,4.92126,1e+06,7.61,76.64,385000 4247000,1.5,Suitable,dodgerblue,YES,239.227835,2638.962637,31.06855
385000,4247000,CB5MH_MD,18.04462,1e+06,1.77,73.15,385000 4247000,5.5,Unsuitable,black,YES,239.227835,2638.962637,31.06855
385000,4247000,CB5MH_MD,6.56168,1e+06,7.14,76.41,385000 4247000,2,Suitable,dodgerblue,YES,239.227835,2638.962637,31.06855
385000,4247000,CB5MH_MD,8.2021,1e+06,6.35,75.68,385000 4247000,2.5,Suitable,dodgerblue,YES,239.227835,2638.962637,31.06855
385000,4247000,CB5MH_MD,27.88714,1e+06,0.99,72.63,385000 4247000,8.5,Unsuitable,black,YES,239.227835,2638.962637,31.06855
385000,4247000,CB5MH_MD,14.76378,1e+06,1.87,73.68,385000 4247000,4.5,Unsuitable,black,YES,239.227835,2638.962637,31.06855
385000,4247000,CB5MH_MD,16.4042,1e+06,1.85,73.32,385000 4247000,5,Unsuitable,black,YES,239.227835,2638.962637,31.06855
385000,4247000,CB5MH_MD,13.12336,1e+06,3.43,72.93,385000 4247000,4,Tolerable,yellow,YES,239.227835,2638.962637,31.06855
385000,4247000,CB5MH_MD,39.37008,1e+06,0.75,71.65,385000 4247000,12,Unsuitable,black,YES,239.227835,2638.962637,31.06855
385000,4324000,CB3MH,13.12336,1e+06,0.33,71.5,385000 4324000,4,Unsuitable,black,YES,239.227835,2686.808204,78.9141169999998
385000,4324000,CB3MH,9.84252,1e+06,1.86,74.82,385000 4324000,3,Unsuitable,black,YES,239.227835,2686.808204,78.9141169999998
385000,4324000,CB3MH,1.64042,1e+06,7.23,80.04,385000 4324000,0.5,Suitable,dodgerblue,YES,239.227835,2686.808204,78.9141169999998
385000,4324000,CB3MH,21.32546,1e+06,0.12,69.82,385000 4324000,6.5,Unsuitable,black,YES,239.227835,2686.808204,78.9141169999998
385000,4324000,CB3MH,0,1e+06,8.24,80.38,385000 4324000,0,Suitable,dodgerblue,YES,239.227835,2686.808204,78.9141169999998
385000,4324000,CB3MH,18.04462,1e+06,0.17,70.53,385000 4324000,5.5,Unsuitable,black,YES,239.227835,2686.808204,78.9141169999998
385000,4324000,CB3MH,4.92126,1e+06,5.2,78.33,385000 4324000,1.5,Suitable,dodgerblue,YES,239.227835,2686.808204,78.9141169999998
385000,4324000,CB3MH,19.68504,1e+06,0.14,70.09,385000 4324000,6,Unsuitable,black,YES,239.227835,2686.808204,78.9141169999998
385000,4324000,CB3MH,8.2021,1e+06,3.59,76.61,385000 4324000,2.5,Tolerable,yellow,YES,239.227835,2686.808204,78.9141169999998
385000,4324000,CB3MH,14.76378,1e+06,0.22,71.04,385000 4324000,4.5,Unsuitable,black,YES,239.227835,2686.808204,78.9141169999998
385000,4324000,CB3MH,6.56168,1e+06,4.56,77.59,385000 4324000,2,Suitable,dodgerblue,YES,239.227835,2686.808204,78.9141169999998
385000,4324000,CB3MH,3.28084,1e+06,6.14,79.28,385000 4324000,1,Suitable,dodgerblue,YES,239.227835,2686.808204,78.9141169999998
385000,4324000,CB3MH,11.48294,1e+06,0.72,72.38,385000 4324000,3.5,Unsuitable,black,YES,239.227835,2686.808204,78.9141169999998
385000,4324000,CB3MH,16.4042,1e+06,0.2,70.61,385000 4324000,5,Unsuitable,black,YES,239.227835,2686.808204,78.9141169999998
385000,4325000,CB3MH,22.96588,1e+06,0.12,69.83,385000 4325000,7,Unsuitable,black,YES,239.227835,2687.429575,79.535488
385000,4325000,CB3MH,6.56168,1e+06,4.49,77.53,385000 4325000,2,Suitable,dodgerblue,YES,239.227835,2687.429575,79.535488
385000,4325000,CB3MH,19.68504,1e+06,0.15,70.09,385000 4325000,6,Unsuitable,black,YES,239.227835,2687.429575,79.535488
385000,4325000,CB3MH,18.04462,1e+06,0.2,70.51,385000 4325000,5.5,Unsuitable,black,YES,239.227835,2687.429575,79.535488
385000,4325000,CB3MH,9.84252,1e+06,1.79,74.77,385000 4325000,3,Unsuitable,black,YES,239.227835,2687.429575,79.535488
385000,4325000,CB3MH,14.76378,1e+06,0.22,71.12,385000 4325000,4.5,Unsuitable,black,YES,239.227835,2687.429575,79.535488
385000,4325000,CB3MH,0,1e+06,8.13,80.4,385000 4325000,0,Suitable,dodgerblue,YES,239.227835,2687.429575,79.535488
385000,4325000,CB3MH,3.28084,1e+06,6.05,79.25,385000 4325000,1,Suitable,dodgerblue,YES,239.227835,2687.429575,79.535488
385000,4325000,CB3MH,16.4042,1e+06,0.19,70.7,385000 4325000,5,Unsuitable,black,YES,239.227835,2687.429575,79.535488
385000,4325000,CB3MH,13.12336,1e+06,0.33,71.56,385000 4325000,4,Unsuitable,black,YES,239.227835,2687.429575,79.535488
385000,4325000,CB3MH,21.32546,1e+06,0.13,69.84,385000 4325000,6.5,Unsuitable,black,YES,239.227835,2687.429575,79.535488
385000,4325000,CB3MH,4.92126,1e+06,5.12,78.27,385000 4325000,1.5,Suitable,dodgerblue,YES,239.227835,2687.429575,79.535488
385000,4325000,CB3MH,8.2021,1e+06,3.49,76.55,385000 4325000,2.5,Tolerable,yellow,YES,239.227835,2687.429575,79.535488
385000,4325000,CB3MH,1.64042,1e+06,7.13,80.04,385000 4325000,0.5,Suitable,dodgerblue,YES,239.227835,2687.429575,79.535488
385000,4325000,CB3MH,11.48294,1e+06,0.7,72.35,385000 4325000,3.5,Unsuitable,black,YES,239.227835,2687.429575,79.535488
385000,4333000,CB3MH,0,1e+06,6.33,80.62,385000 4333000,0,Suitable,dodgerblue,YES,239.227835,2692.400543,84.5064560000001
385000,4333000,CB3MH,3.28084,1e+06,4.95,78.45,385000 4333000,1,Suitable,dodgerblue,YES,239.227835,2692.400543,84.5064560000001
385000,4333000,CB3MH,1.64042,1e+06,5.91,79.8,385000 4333000,0.5,Suitable,dodgerblue,YES,239.227835,2692.400543,84.5064560000001
385000,4333000,CB3MH,11.48294,1e+06,0.33,73.16,385000 4333000,3.5,Unsuitable,black,YES,239.227835,2692.400543,84.5064560000001
385000,4333000,CB3MH,13.12336,1e+06,0.26,72.69,385000 4333000,4,Unsuitable,black,YES,239.227835,2692.400543,84.5064560000001
385000,4333000,CB3MH,16.4042,1e+06,0.06,71.97,385000 4333000,5,Unsuitable,black,YES,239.227835,2692.400543,84.5064560000001
385000,4333000,CB3MH,8.2021,1e+06,1.94,75.75,385000 4333000,2.5,Unsuitable,black,YES,239.227835,2692.400543,84.5064560000001
385000,4333000,CB3MH,4.92126,1e+06,3.95,77.11,385000 4333000,1.5,Tolerable,yellow,YES,239.227835,2692.400543,84.5064560000001
385000,4333000,CB3MH,18.04462,1e+06,0.37,70.71,385000 4333000,5.5,Unsuitable,black,YES,239.227835,2692.400543,84.5064560000001
385000,4333000,CB3MH,14.76378,1e+06,0.11,72.31,385000 4333000,4.5,Unsuitable,black,YES,239.227835,2692.400543,84.5064560000001
385000,4333000,CB3MH,6.56168,1e+06,3.01,76.26,385000 4333000,2,Tolerable,yellow,YES,239.227835,2692.400543,84.5064560000001
385000,4333000,CB3MH,9.84252,1e+06,0.83,74.26,385000 4333000,3,Unsuitable,black,YES,239.227835,2692.400543,84.5064560000001
385000,4334000,CB3MH,4.92126,1e+06,3.87,77.12,385000 4334000,1.5,Tolerable,yellow,YES,239.227835,2693.021914,85.1278269999998
385000,4334000,CB3MH,14.76378,1e+06,0.07,72.35,385000 4334000,4.5,Unsuitable,black,YES,239.227835,2693.021914,85.1278269999998
385000,4334000,CB3MH,1.64042,1e+06,5.85,79.89,385000 4334000,0.5,Suitable,dodgerblue,YES,239.227835,2693.021914,85.1278269999998
385000,4334000,CB3MH,9.84252,1e+06,0.75,74.17,385000 4334000,3,Unsuitable,black,YES,239.227835,2693.021914,85.1278269999998
385000,4334000,CB3MH,3.28084,1e+06,4.88,78.48,385000 4334000,1,Suitable,dodgerblue,YES,239.227835,2693.021914,85.1278269999998
385000,4334000,CB3MH,13.12336,1e+06,0.21,72.7,385000 4334000,4,Unsuitable,black,YES,239.227835,2693.021914,85.1278269999998
385000,4334000,CB3MH,11.48294,1e+06,0.28,73.12,385000 4334000,3.5,Unsuitable,black,YES,239.227835,2693.021914,85.1278269999998
385000,4334000,CB3MH,16.4042,1e+06,0.04,72.02,385000 4334000,5,Unsuitable,black,YES,239.227835,2693.021914,85.1278269999998
385000,4334000,CB3MH,0,1e+06,6.28,80.73,385000 4334000,0,Suitable,dodgerblue,YES,239.227835,2693.021914,85.1278269999998
385000,4334000,CB3MH,8.2021,1e+06,1.83,75.66,385000 4334000,2.5,Unsuitable,black,YES,239.227835,2693.021914,85.1278269999998
385000,4334000,CB3MH,6.56168,1e+06,2.95,76.28,385000 4334000,2,Marginal,orange,YES,239.227835,2693.021914,85.1278269999998
386000,4244000,CB5MH_MD,45.93176,1e+06,0.8,72,386000 4244000,14,Unsuitable,black,YES,239.849206,2637.098524,29.2044369999999
386000,4244000,CB5MH_MD,27.88714,1e+06,1.1,73.16,386000 4244000,8.5,Unsuitable,black,YES,239.849206,2637.098524,29.2044369999999
386000,4244000,CB5MH_MD,21.32546,1e+06,0.95,72.81,386000 4244000,6.5,Unsuitable,black,YES,239.849206,2637.098524,29.2044369999999
386000,4244000,CB5MH_MD,32.8084,1e+06,1.02,72.73,386000 4244000,10,Unsuitable,black,YES,239.849206,2637.098524,29.2044369999999
386000,4244000,CB5MH_MD,19.68504,1e+06,1.19,73.46,386000 4244000,6,Unsuitable,black,YES,239.849206,2637.098524,29.2044369999999
386000,4244000,CB5MH_MD,29.52756,1e+06,1.09,73.05,386000 4244000,9,Unsuitable,black,YES,239.849206,2637.098524,29.2044369999999
386000,4244000,CB5MH_MD,3.28084,1e+06,8.13,80.76,386000 4244000,1,Suitable,dodgerblue,YES,239.849206,2637.098524,29.2044369999999
386000,4244000,CB5MH_MD,4.92126,1e+06,7.12,80.02,386000 4244000,1.5,Suitable,dodgerblue,YES,239.849206,2637.098524,29.2044369999999
386000,4244000,CB5MH_MD,31.16798,1e+06,1.07,72.93,386000 4244000,9.5,Unsuitable,black,YES,239.849206,2637.098524,29.2044369999999
386000,4244000,CB5MH_MD,8.2021,1e+06,5.37,78.37,386000 4244000,2.5,Suitable,dodgerblue,YES,239.849206,2637.098524,29.2044369999999
386000,4244000,CB5MH_MD,13.12336,1e+06,2.32,74.57,386000 4244000,4,Marginal,orange,YES,239.849206,2637.098524,29.2044369999999
386000,4244000,CB5MH_MD,22.96588,1e+06,0.97,72.58,386000 4244000,7,Unsuitable,black,YES,239.849206,2637.098524,29.2044369999999
386000,4244000,CB5MH_MD,6.56168,1e+06,6.62,79.76,386000 4244000,2,Suitable,dodgerblue,YES,239.849206,2637.098524,29.2044369999999
386000,4244000,CB5MH_MD,11.48294,1e+06,3.22,75.81,386000 4244000,3.5,Tolerable,yellow,YES,239.849206,2637.098524,29.2044369999999
386000,4244000,CB5MH_MD,37.72966,1e+06,0.87,72.34,386000 4244000,11.5,Unsuitable,black,YES,239.849206,2637.098524,29.2044369999999
386000,4244000,CB5MH_MD,16.4042,1e+06,1.43,74.14,386000 4244000,5,Unsuitable,black,YES,239.849206,2637.098524,29.2044369999999
386000,4244000,CB5MH_MD,9.84252,1e+06,4.18,76.91,386000 4244000,3,Suitable,dodgerblue,YES,239.849206,2637.098524,29.2044369999999
386000,4244000,CB5MH_MD,34.44882,1e+06,0.97,72.53,386000 4244000,10.5,Unsuitable,black,YES,239.849206,2637.098524,29.2044369999999
386000,4244000,CB5MH_MD,1.64042,1e+06,9.13,81.6,386000 4244000,0.5,Suitable,dodgerblue,YES,239.849206,2637.098524,29.2044369999999
386000,4244000,CB5MH_MD,0,1e+06,9.17,81.76,386000 4244000,0,Suitable,dodgerblue,YES,239.849206,2637.098524,29.2044369999999
386000,4244000,CB5MH_MD,41.0105,1e+06,0.8,72.05,386000 4244000,12.5,Unsuitable,black,YES,239.849206,2637.098524,29.2044369999999
386000,4244000,CB5MH_MD,14.76378,1e+06,1.49,74.6,386000 4244000,4.5,Unsuitable,black,YES,239.849206,2637.098524,29.2044369999999
386000,4244000,CB5MH_MD,44.29134,1e+06,0.8,71.95,386000 4244000,13.5,Unsuitable,black,YES,239.849206,2637.098524,29.2044369999999
386000,4244000,CB5MH_MD,24.6063,1e+06,1,73.07,386000 4244000,7.5,Unsuitable,black,YES,239.849206,2637.098524,29.2044369999999
386000,4244000,CB5MH_MD,42.65092,1e+06,0.8,71.95,386000 4244000,13,Unsuitable,black,YES,239.849206,2637.098524,29.2044369999999
386000,4244000,CB5MH_MD,26.24672,1e+06,1.1,73.17,386000 4244000,8,Unsuitable,black,YES,239.849206,2637.098524,29.2044369999999
386000,4244000,CB5MH_MD,18.04462,1e+06,1.38,73.84,386000 4244000,5.5,Unsuitable,black,YES,239.849206,2637.098524,29.2044369999999
386000,4244000,CB5MH_MD,39.37008,1e+06,0.82,72.15,386000 4244000,12,Unsuitable,black,YES,239.849206,2637.098524,29.2044369999999
386000,4244000,CB5MH_MD,36.08924,1e+06,0.92,72.43,386000 4244000,11,Unsuitable,black,YES,239.849206,2637.098524,29.2044369999999
386000,4245000,CB5MH_MD,1.64042,1e+06,9.05,80.1,386000 4245000,0.5,Suitable,dodgerblue,YES,239.849206,2637.719895,29.8258080000001
386000,4245000,CB5MH_MD,16.4042,1e+06,1.59,73.86,386000 4245000,5,Unsuitable,black,YES,239.849206,2637.719895,29.8258080000001
386000,4245000,CB5MH_MD,26.24672,1e+06,1.08,73.08,386000 4245000,8,Unsuitable,black,YES,239.849206,2637.719895,29.8258080000001
386000,4245000,CB5MH_MD,8.2021,1e+06,5.71,77.29,386000 4245000,2.5,Suitable,dodgerblue,YES,239.849206,2637.719895,29.8258080000001
386000,4245000,CB5MH_MD,14.76378,1e+06,1.64,74.31,386000 4245000,4.5,Unsuitable,black,YES,239.849206,2637.719895,29.8258080000001
386000,4245000,CB5MH_MD,13.12336,1e+06,2.75,73.9,386000 4245000,4,Marginal,orange,YES,239.849206,2637.719895,29.8258080000001
386000,4245000,CB5MH_MD,24.6063,1e+06,0.98,72.97,386000 4245000,7.5,Unsuitable,black,YES,239.849206,2637.719895,29.8258080000001
386000,4245000,CB5MH_MD,32.8084,1e+06,1,72.64,386000 4245000,10,Unsuitable,black,YES,239.849206,2637.719895,29.8258080000001
386000,4245000,CB5MH_MD,45.93176,1e+06,0.8,72,386000 4245000,14,Unsuitable,black,YES,239.849206,2637.719895,29.8258080000001
386000,4245000,CB5MH_MD,0,1e+06,9.08,80.24,386000 4245000,0,Suitable,dodgerblue,YES,239.849206,2637.719895,29.8258080000001
386000,4245000,CB5MH_MD,44.29134,1e+06,0.79,71.88,386000 4245000,13.5,Unsuitable,black,YES,239.849206,2637.719895,29.8258080000001
386000,4245000,CB5MH_MD,3.28084,1e+06,8.18,79.38,386000 4245000,1,Suitable,dodgerblue,YES,239.849206,2637.719895,29.8258080000001
386000,4245000,CB5MH_MD,4.92126,1e+06,7.28,78.72,386000 4245000,1.5,Suitable,dodgerblue,YES,239.849206,2637.719895,29.8258080000001
386000,4245000,CB5MH_MD,55.77428,1e+06,0.7,71.8,386000 4245000,17,Unsuitable,black,YES,239.849206,2637.719895,29.8258080000001
386000,4245000,CB5MH_MD,31.16798,1e+06,1.04,72.79,386000 4245000,9.5,Unsuitable,black,YES,239.849206,2637.719895,29.8258080000001
386000,4245000,CB5MH_MD,54.13386,1e+06,0.7,71.8,386000 4245000,16.5,Unsuitable,black,YES,239.849206,2637.719895,29.8258080000001
386000,4245000,CB5MH_MD,11.48294,1e+06,3.67,75.07,386000 4245000,3.5,Tolerable,yellow,YES,239.849206,2637.719895,29.8258080000001
386000,4245000,CB5MH_MD,6.56168,1e+06,6.81,78.48,386000 4245000,2,Suitable,dodgerblue,YES,239.849206,2637.719895,29.8258080000001
386000,4245000,CB5MH_MD,50.85302,1e+06,0.7,71.8,386000 4245000,15.5,Unsuitable,black,YES,239.849206,2637.719895,29.8258080000001
386000,4245000,CB5MH_MD,9.84252,1e+06,4.62,76.06,386000 4245000,3,Suitable,dodgerblue,YES,239.849206,2637.719895,29.8258080000001
386000,4245000,CB5MH_MD,27.88714,1e+06,1.07,73.05,386000 4245000,8.5,Unsuitable,black,YES,239.849206,2637.719895,29.8258080000001
386000,4245000,CB5MH_MD,52.49344,1e+06,0.7,71.8,386000 4245000,16,Unsuitable,black,YES,239.849206,2637.719895,29.8258080000001
386000,4245000,CB5MH_MD,29.52756,1e+06,1.07,72.93,386000 4245000,9,Unsuitable,black,YES,239.849206,2637.719895,29.8258080000001
386000,4245000,CB5MH_MD,37.72966,1e+06,0.86,72.25,386000 4245000,11.5,Unsuitable,black,YES,239.849206,2637.719895,29.8258080000001
386000,4245000,CB5MH_MD,18.04462,1e+06,1.54,73.65,386000 4245000,5.5,Unsuitable,black,YES,239.849206,2637.719895,29.8258080000001
386000,4245000,CB5MH_MD,39.37008,1e+06,0.82,72.08,386000 4245000,12,Unsuitable,black,YES,239.849206,2637.719895,29.8258080000001
386000,4245000,CB5MH_MD,47.57218,1e+06,0.77,71.9,386000 4245000,14.5,Unsuitable,black,YES,239.849206,2637.719895,29.8258080000001
386000,4245000,CB5MH_MD,21.32546,1e+06,1.14,72.69,386000 4245000,6.5,Unsuitable,black,YES,239.849206,2637.719895,29.8258080000001
386000,4245000,CB5MH_MD,41.0105,1e+06,0.79,71.98,386000 4245000,12.5,Unsuitable,black,YES,239.849206,2637.719895,29.8258080000001
386000,4245000,CB5MH_MD,42.65092,1e+06,0.79,71.88,386000 4245000,13,Unsuitable,black,YES,239.849206,2637.719895,29.8258080000001
386000,4245000,CB5MH_MD,22.96588,1e+06,1.12,72.43,386000 4245000,7,Unsuitable,black,YES,239.849206,2637.719895,29.8258080000001
386000,4245000,CB5MH_MD,19.68504,1e+06,1.36,73.29,386000 4245000,6,Unsuitable,black,YES,239.849206,2637.719895,29.8258080000001
386000,4245000,CB5MH_MD,36.08924,1e+06,0.9,72.34,386000 4245000,11,Unsuitable,black,YES,239.849206,2637.719895,29.8258080000001
386000,4245000,CB5MH_MD,49.2126,1e+06,0.73,71.8,386000 4245000,15,Unsuitable,black,YES,239.849206,2637.719895,29.8258080000001
386000,4245000,CB5MH_MD,34.44882,1e+06,0.95,72.44,386000 4245000,10.5,Unsuitable,black,YES,239.849206,2637.719895,29.8258080000001
386000,4326000,CB3MH,16.4042,1e+06,0.19,70.77,386000 4326000,5,Unsuitable,black,YES,239.849206,2688.050946,80.1568589999997
386000,4326000,CB3MH,6.56168,1e+06,4.33,77.42,386000 4326000,2,Suitable,dodgerblue,YES,239.849206,2688.050946,80.1568589999997
386000,4326000,CB3MH,24.6063,1e+06,0.1,69.24,386000 4326000,7.5,Unsuitable,black,YES,239.849206,2688.050946,80.1568589999997
386000,4326000,CB3MH,11.48294,1e+06,0.65,72.2,386000 4326000,3.5,Unsuitable,black,YES,239.849206,2688.050946,80.1568589999997
386000,4326000,CB3MH,13.12336,1e+06,0.34,71.58,386000 4326000,4,Unsuitable,black,YES,239.849206,2688.050946,80.1568589999997
386000,4326000,CB3MH,22.96588,1e+06,0.13,69.9,386000 4326000,7,Unsuitable,black,YES,239.849206,2688.050946,80.1568589999997
386000,4326000,CB3MH,19.68504,1e+06,0.17,70.15,386000 4326000,6,Unsuitable,black,YES,239.849206,2688.050946,80.1568589999997
386000,4326000,CB3MH,0,1e+06,7.95,80.45,386000 4326000,0,Suitable,dodgerblue,YES,239.849206,2688.050946,80.1568589999997
386000,4326000,CB3MH,8.2021,1e+06,3.31,76.44,386000 4326000,2.5,Tolerable,yellow,YES,239.849206,2688.050946,80.1568589999997
386000,4326000,CB3MH,18.04462,1e+06,0.22,70.55,386000 4326000,5.5,Unsuitable,black,YES,239.849206,2688.050946,80.1568589999997
386000,4326000,CB3MH,21.32546,1e+06,0.14,69.91,386000 4326000,6.5,Unsuitable,black,YES,239.849206,2688.050946,80.1568589999997
386000,4326000,CB3MH,1.64042,1e+06,6.99,80.03,386000 4326000,0.5,Suitable,dodgerblue,YES,239.849206,2688.050946,80.1568589999997
386000,4326000,CB3MH,14.76378,1e+06,0.22,71.16,386000 4326000,4.5,Unsuitable,black,YES,239.849206,2688.050946,80.1568589999997
386000,4326000,CB3MH,9.84252,1e+06,1.67,74.69,386000 4326000,3,Unsuitable,black,YES,239.849206,2688.050946,80.1568589999997
386000,4326000,CB3MH,3.28084,1e+06,5.92,79.17,386000 4326000,1,Suitable,dodgerblue,YES,239.849206,2688.050946,80.1568589999997
386000,4326000,CB3MH,4.92126,1e+06,4.99,78.16,386000 4326000,1.5,Suitable,dodgerblue,YES,239.849206,2688.050946,80.1568589999997
386000,4331000,CB3MH,19.68504,1e+06,0.24,70.43,386000 4331000,6,Unsuitable,black,YES,239.849206,2691.157801,83.2637139999997
386000,4331000,CB3MH,4.92126,1e+06,4.18,77.47,386000 4331000,1.5,Suitable,dodgerblue,YES,239.849206,2691.157801,83.2637139999997
386000,4331000,CB3MH,1.64042,1e+06,6.17,80.01,386000 4331000,0.5,Suitable,dodgerblue,YES,239.849206,2691.157801,83.2637139999997
386000,4331000,CB3MH,11.48294,1e+06,0.42,73.25,386000 4331000,3.5,Unsuitable,black,YES,239.849206,2691.157801,83.2637139999997
386000,4331000,CB3MH,18.04462,1e+06,0.33,70.72,386000 4331000,5.5,Unsuitable,black,YES,239.849206,2691.157801,83.2637139999997
386000,4331000,CB3MH,9.84252,1e+06,0.97,74.23,386000 4331000,3,Unsuitable,black,YES,239.849206,2691.157801,83.2637139999997
386000,4331000,CB3MH,22.96588,1e+06,0.17,70.23,386000 4331000,7,Unsuitable,black,YES,239.849206,2691.157801,83.2637139999997
386000,4331000,CB3MH,21.32546,1e+06,0.18,70.25,386000 4331000,6.5,Unsuitable,black,YES,239.849206,2691.157801,83.2637139999997
386000,4331000,CB3MH,14.76378,1e+06,0.09,72.1,386000 4331000,4.5,Unsuitable,black,YES,239.849206,2691.157801,83.2637139999997
386000,4331000,CB3MH,6.56168,1e+06,3.37,76.69,386000 4331000,2,Tolerable,yellow,YES,239.849206,2691.157801,83.2637139999997
386000,4331000,CB3MH,8.2021,1e+06,2.23,75.82,386000 4331000,2.5,Marginal,orange,YES,239.849206,2691.157801,83.2637139999997
386000,4331000,CB3MH,3.28084,1e+06,5.14,78.73,386000 4331000,1,Suitable,dodgerblue,YES,239.849206,2691.157801,83.2637139999997
386000,4331000,CB3MH,13.12336,1e+06,0.22,72.46,386000 4331000,4,Unsuitable,black,YES,239.849206,2691.157801,83.2637139999997
386000,4331000,CB3MH,24.6063,1e+06,0.1,68.53,386000 4331000,7.5,Unsuitable,black,YES,239.849206,2691.157801,83.2637139999997
386000,4331000,CB3MH,16.4042,1e+06,0.08,71.77,386000 4331000,5,Unsuitable,black,YES,239.849206,2691.157801,83.2637139999997
386000,4331000,CB3MH,0,1e+06,6.8,80.74,386000 4331000,0,Suitable,dodgerblue,YES,239.849206,2691.157801,83.2637139999997
386000,4332000,CB3MH,9.84252,1e+06,0.9,74.32,386000 4332000,3,Unsuitable,black,YES,239.849206,2691.779172,83.8850849999999
386000,4332000,CB3MH,8.2021,1e+06,2.02,75.81,386000 4332000,2.5,Marginal,orange,YES,239.849206,2691.779172,83.8850849999999
386000,4332000,CB3MH,16.4042,1e+06,0.05,71.91,386000 4332000,5,Unsuitable,black,YES,239.849206,2691.779172,83.8850849999999
386000,4332000,CB3MH,11.48294,1e+06,0.35,73.19,386000 4332000,3.5,Unsuitable,black,YES,239.849206,2691.779172,83.8850849999999
386000,4332000,CB3MH,3.28084,1e+06,5.01,78.46,386000 4332000,1,Suitable,dodgerblue,YES,239.849206,2691.779172,83.8850849999999
386000,4332000,CB3MH,1.64042,1e+06,5.96,79.78,386000 4332000,0.5,Suitable,dodgerblue,YES,239.849206,2691.779172,83.8850849999999
386000,4332000,CB3MH,14.76378,1e+06,0.07,72.23,386000 4332000,4.5,Unsuitable,black,YES,239.849206,2691.779172,83.8850849999999
386000,4332000,CB3MH,0,1e+06,6.37,80.58,386000 4332000,0,Suitable,dodgerblue,YES,239.849206,2691.779172,83.8850849999999
386000,4332000,CB3MH,13.12336,1e+06,0.19,72.58,386000 4332000,4,Unsuitable,black,YES,239.849206,2691.779172,83.8850849999999
386000,4332000,CB3MH,6.56168,1e+06,3.05,76.27,386000 4332000,2,Tolerable,yellow,YES,239.849206,2691.779172,83.8850849999999
386000,4332000,CB3MH,18.04462,1e+06,0.35,70.79,386000 4332000,5.5,Unsuitable,black,YES,239.849206,2691.779172,83.8850849999999
386000,4332000,CB3MH,4.92126,1e+06,4,77.12,386000 4332000,1.5,Suitable,dodgerblue,YES,239.849206,2691.779172,83.8850849999999
386000,4334000,CB3MH,3.28084,1e+06,4.82,78.5,386000 4334000,1,Suitable,dodgerblue,YES,239.849206,2693.021914,85.1278269999998
386000,4334000,CB3MH,8.2021,1e+06,1.76,75.6,386000 4334000,2.5,Unsuitable,black,YES,239.849206,2693.021914,85.1278269999998
386000,4334000,CB3MH,0,1e+06,6.25,80.82,386000 4334000,0,Suitable,dodgerblue,YES,239.849206,2693.021914,85.1278269999998
386000,4334000,CB3MH,1.64042,1e+06,5.81,79.95,386000 4334000,0.5,Suitable,dodgerblue,YES,239.849206,2693.021914,85.1278269999998
386000,4334000,CB3MH,4.92126,1e+06,3.82,77.12,386000 4334000,1.5,Tolerable,yellow,YES,239.849206,2693.021914,85.1278269999998
386000,4334000,CB3MH,16.4042,1e+06,0.02,72.06,386000 4334000,5,Unsuitable,black,YES,239.849206,2693.021914,85.1278269999998
386000,4334000,CB3MH,14.76378,1e+06,0.04,72.38,386000 4334000,4.5,Unsuitable,black,YES,239.849206,2693.021914,85.1278269999998
386000,4334000,CB3MH,13.12336,1e+06,0.16,72.71,386000 4334000,4,Unsuitable,black,YES,239.849206,2693.021914,85.1278269999998
386000,4334000,CB3MH,9.84252,1e+06,0.69,74.11,386000 4334000,3,Unsuitable,black,YES,239.849206,2693.021914,85.1278269999998
386000,4334000,CB3MH,6.56168,1e+06,2.91,76.3,386000 4334000,2,Marginal,orange,YES,239.849206,2693.021914,85.1278269999998
386000,4334000,CB3MH,11.48294,1e+06,0.25,73.07,386000 4334000,3.5,Unsuitable,black,YES,239.849206,2693.021914,85.1278269999998
386000,4335000,CB3MH,14.76378,1e+06,0.02,72.39,386000 4335000,4.5,Unsuitable,black,YES,239.849206,2693.643285,85.749198
386000,4335000,CB3MH,4.92126,1e+06,3.78,77.11,386000 4335000,1.5,Tolerable,yellow,YES,239.849206,2693.643285,85.749198
386000,4335000,CB3MH,6.56168,1e+06,2.87,76.3,386000 4335000,2,Marginal,orange,YES,239.849206,2693.643285,85.749198
386000,4335000,CB3MH,0,1e+06,6.21,80.86,386000 4335000,0,Suitable,dodgerblue,YES,239.849206,2693.643285,85.749198
386000,4335000,CB3MH,8.2021,1e+06,1.69,75.54,386000 4335000,2.5,Unsuitable,black,YES,239.849206,2693.643285,85.749198
386000,4335000,CB3MH,3.28084,1e+06,4.77,78.49,386000 4335000,1,Suitable,dodgerblue,YES,239.849206,2693.643285,85.749198
386000,4335000,CB3MH,1.64042,1e+06,5.76,79.97,386000 4335000,0.5,Suitable,dodgerblue,YES,239.849206,2693.643285,85.749198
386000,4335000,CB3MH,13.12336,1e+06,0.13,72.71,386000 4335000,4,Unsuitable,black,YES,239.849206,2693.643285,85.749198
386000,4335000,CB3MH,9.84252,1e+06,0.64,74.05,386000 4335000,3,Unsuitable,black,YES,239.849206,2693.643285,85.749198
386000,4335000,CB3MH,11.48294,1e+06,0.22,73.04,386000 4335000,3.5,Unsuitable,black,YES,239.849206,2693.643285,85.749198
386000,4336000,CB3MH,6.56168,1e+06,2.88,76.29,386000 4336000,2,Marginal,orange,YES,239.849206,2694.264656,86.3705689999997
386000,4336000,CB3MH,8.2021,1e+06,1.69,75.51,386000 4336000,2.5,Unsuitable,black,YES,239.849206,2694.264656,86.3705689999997
386000,4336000,CB3MH,0,1e+06,6.21,80.87,386000 4336000,0,Suitable,dodgerblue,YES,239.849206,2694.264656,86.3705689999997
386000,4336000,CB3MH,3.28084,1e+06,4.77,78.5,386000 4336000,1,Suitable,dodgerblue,YES,239.849206,2694.264656,86.3705689999997
386000,4336000,CB3MH,4.92126,1e+06,3.78,77.09,386000 4336000,1.5,Tolerable,yellow,YES,239.849206,2694.264656,86.3705689999997
386000,4336000,CB3MH,1.64042,1e+06,5.76,79.98,386000 4336000,0.5,Suitable,dodgerblue,YES,239.849206,2694.264656,86.3705689999997
386000,4336000,CB3MH,9.84252,1e+06,0.64,74.02,386000 4336000,3,Unsuitable,black,YES,239.849206,2694.264656,86.3705689999997
386000,4336000,CB3MH,11.48294,1e+06,0.24,73.02,386000 4336000,3.5,Unsuitable,black,YES,239.849206,2694.264656,86.3705689999997
387000,4239000,CB5MH_MD,26.24672,1e+06,1.11,73.2,387000 4239000,8,Unsuitable,black,YES,240.470577,2633.991669,26.0975819999999
387000,4239000,CB5MH_MD,4.92126,1e+06,7.13,79.79,387000 4239000,1.5,Suitable,dodgerblue,YES,240.470577,2633.991669,26.0975819999999
387000,4239000,CB5MH_MD,29.52756,1e+06,1.1,73.09,387000 4239000,9,Unsuitable,black,YES,240.470577,2633.991669,26.0975819999999
387000,4239000,CB5MH_MD,18.04462,1e+06,1.48,73.77,387000 4239000,5.5,Unsuitable,black,YES,240.470577,2633.991669,26.0975819999999
387000,4239000,CB5MH_MD,34.44882,1e+06,0.97,72.58,387000 4239000,10.5,Unsuitable,black,YES,240.470577,2633.991669,26.0975819999999
387000,4239000,CB5MH_MD,6.56168,1e+06,6.65,79.54,387000 4239000,2,Suitable,dodgerblue,YES,240.470577,2633.991669,26.0975819999999
387000,4239000,CB5MH_MD,39.37008,1e+06,0.83,72.2,387000 4239000,12,Unsuitable,black,YES,240.470577,2633.991669,26.0975819999999
387000,4239000,CB5MH_MD,22.96588,1e+06,1.06,72.52,387000 4239000,7,Unsuitable,black,YES,240.470577,2633.991669,26.0975819999999
387000,4239000,CB5MH_MD,21.32546,1e+06,1.04,72.74,387000 4239000,6.5,Unsuitable,black,YES,240.470577,2633.991669,26.0975819999999
387000,4239000,CB5MH_MD,14.76378,1e+06,1.61,74.6,387000 4239000,4.5,Unsuitable,black,YES,240.470577,2633.991669,26.0975819999999
387000,4239000,CB5MH_MD,32.8084,1e+06,1.02,72.78,387000 4239000,10,Unsuitable,black,YES,240.470577,2633.991669,26.0975819999999
387000,4239000,CB5MH_MD,8.2021,1e+06,5.4,78.16,387000 4239000,2.5,Suitable,dodgerblue,YES,240.470577,2633.991669,26.0975819999999
387000,4239000,CB5MH_MD,27.88714,1e+06,1.1,73.19,387000 4239000,8.5,Unsuitable,black,YES,240.470577,2633.991669,26.0975819999999
387000,4239000,CB5MH_MD,11.48294,1e+06,3.29,75.63,387000 4239000,3.5,Tolerable,yellow,YES,240.470577,2633.991669,26.0975819999999
387000,4239000,CB5MH_MD,13.12336,1e+06,2.41,74.44,387000 4239000,4,Marginal,orange,YES,240.470577,2633.991669,26.0975819999999
387000,4239000,CB5MH_MD,3.28084,1e+06,8.14,80.53,387000 4239000,1,Suitable,dodgerblue,YES,240.470577,2633.991669,26.0975819999999
387000,4239000,CB5MH_MD,0,1e+06,9.17,81.52,387000 4239000,0,Suitable,dodgerblue,YES,240.470577,2633.991669,26.0975819999999
387000,4239000,CB5MH_MD,9.84252,1e+06,4.23,76.71,387000 4239000,3,Suitable,dodgerblue,YES,240.470577,2633.991669,26.0975819999999
387000,4239000,CB5MH_MD,37.72966,1e+06,0.88,72.38,387000 4239000,11.5,Unsuitable,black,YES,240.470577,2633.991669,26.0975819999999
387000,4239000,CB5MH_MD,24.6063,1e+06,1.01,73.1,387000 4239000,7.5,Unsuitable,black,YES,240.470577,2633.991669,26.0975819999999
387000,4239000,CB5MH_MD,31.16798,1e+06,1.07,72.98,387000 4239000,9.5,Unsuitable,black,YES,240.470577,2633.991669,26.0975819999999
387000,4239000,CB5MH_MD,1.64042,1e+06,9.13,81.36,387000 4239000,0.5,Suitable,dodgerblue,YES,240.470577,2633.991669,26.0975819999999
387000,4239000,CB5MH_MD,16.4042,1e+06,1.55,74.14,387000 4239000,5,Unsuitable,black,YES,240.470577,2633.991669,26.0975819999999
387000,4239000,CB5MH_MD,36.08924,1e+06,0.93,72.48,387000 4239000,11,Unsuitable,black,YES,240.470577,2633.991669,26.0975819999999
387000,4239000,CB5MH_MD,19.68504,1e+06,1.28,73.39,387000 4239000,6,Unsuitable,black,YES,240.470577,2633.991669,26.0975819999999
387000,4240000,CB5MH_MD,13.12336,1e+06,2,75.09,387000 4240000,4,Marginal,orange,YES,240.470577,2634.61304,26.7189530000001
387000,4240000,CB5MH_MD,9.84252,1e+06,3.86,77.56,387000 4240000,3,Tolerable,yellow,YES,240.470577,2634.61304,26.7189530000001
387000,4240000,CB5MH_MD,6.56168,1e+06,6.48,80.71,387000 4240000,2,Suitable,dodgerblue,YES,240.470577,2634.61304,26.7189530000001
387000,4240000,CB5MH_MD,44.29134,1e+06,0.8,72,387000 4240000,13.5,Unsuitable,black,YES,240.470577,2634.61304,26.7189530000001
387000,4240000,CB5MH_MD,31.16798,1e+06,1.07,72.98,387000 4240000,9.5,Unsuitable,black,YES,240.470577,2634.61304,26.7189530000001
387000,4240000,CB5MH_MD,11.48294,1e+06,2.89,76.38,387000 4240000,3.5,Marginal,orange,YES,240.470577,2634.61304,26.7189530000001
387000,4240000,CB5MH_MD,18.04462,1e+06,1.31,73.94,387000 4240000,5.5,Unsuitable,black,YES,240.470577,2634.61304,26.7189530000001
387000,4240000,CB5MH_MD,4.92126,1e+06,7,80.98,387000 4240000,1.5,Suitable,dodgerblue,YES,240.470577,2634.61304,26.7189530000001
387000,4240000,CB5MH_MD,22.96588,1e+06,0.9,72.66,387000 4240000,7,Unsuitable,black,YES,240.470577,2634.61304,26.7189530000001
387000,4240000,CB5MH_MD,45.93176,1e+06,0.8,72,387000 4240000,14,Unsuitable,black,YES,240.470577,2634.61304,26.7189530000001
387000,4240000,CB5MH_MD,49.2126,1e+06,0.73,71.8,387000 4240000,15,Unsuitable,black,YES,240.470577,2634.61304,26.7189530000001
387000,4240000,CB5MH_MD,24.6063,1e+06,1,73.1,387000 4240000,7.5,Unsuitable,black,YES,240.470577,2634.61304,26.7189530000001
387000,4240000,CB5MH_MD,1.64042,1e+06,9.18,82.71,387000 4240000,0.5,Tolerable,yellow,YES,240.470577,2634.61304,26.7189530000001
387000,4240000,CB5MH_MD,41.0105,1e+06,0.8,72.1,387000 4240000,12.5,Unsuitable,black,YES,240.470577,2634.61304,26.7189530000001
387000,4240000,CB5MH_MD,8.2021,1e+06,5.12,79.18,387000 4240000,2.5,Suitable,dodgerblue,YES,240.470577,2634.61304,26.7189530000001
387000,4240000,CB5MH_MD,14.76378,1e+06,1.42,74.8,387000 4240000,4.5,Unsuitable,black,YES,240.470577,2634.61304,26.7189530000001
387000,4240000,CB5MH_MD,0,1e+06,9.23,82.89,387000 4240000,0,Tolerable,yellow,YES,240.470577,2634.61304,26.7189530000001
387000,4240000,CB5MH_MD,37.72966,1e+06,0.88,72.39,387000 4240000,11.5,Unsuitable,black,YES,240.470577,2634.61304,26.7189530000001
387000,4240000,CB5MH_MD,29.52756,1e+06,1.1,73.09,387000 4240000,9,Unsuitable,black,YES,240.470577,2634.61304,26.7189530000001
387000,4240000,CB5MH_MD,3.28084,1e+06,8.1,81.8,387000 4240000,1,Suitable,dodgerblue,YES,240.470577,2634.61304,26.7189530000001
387000,4240000,CB5MH_MD,26.24672,1e+06,1.1,73.2,387000 4240000,8,Unsuitable,black,YES,240.470577,2634.61304,26.7189530000001
387000,4240000,CB5MH_MD,47.57218,1e+06,0.77,71.9,387000 4240000,14.5,Unsuitable,black,YES,240.470577,2634.61304,26.7189530000001
387000,4240000,CB5MH_MD,34.44882,1e+06,0.97,72.59,387000 4240000,10.5,Unsuitable,black,YES,240.470577,2634.61304,26.7189530000001
387000,4240000,CB5MH_MD,50.85302,1e+06,0.7,71.8,387000 4240000,15.5,Unsuitable,black,YES,240.470577,2634.61304,26.7189530000001
387000,4240000,CB5MH_MD,32.8084,1e+06,1.02,72.78,387000 4240000,10,Unsuitable,black,YES,240.470577,2634.61304,26.7189530000001
387000,4240000,CB5MH_MD,42.65092,1e+06,0.8,72,387000 4240000,13,Unsuitable,black,YES,240.470577,2634.61304,26.7189530000001
387000,4240000,CB5MH_MD,52.49344,1e+06,0.7,71.8,387000 4240000,16,Unsuitable,black,YES,240.470577,2634.61304,26.7189530000001
387000,4240000,CB5MH_MD,39.37008,1e+06,0.83,72.19,387000 4240000,12,Unsuitable,black,YES,240.470577,2634.61304,26.7189530000001
387000,4240000,CB5MH_MD,19.68504,1e+06,1.11,73.55,387000 4240000,6,Unsuitable,black,YES,240.470577,2634.61304,26.7189530000001
387000,4240000,CB5MH_MD,21.32546,1e+06,0.86,72.88,387000 4240000,6.5,Unsuitable,black,YES,240.470577,2634.61304,26.7189530000001
387000,4240000,CB5MH_MD,36.08924,1e+06,0.92,72.49,387000 4240000,11,Unsuitable,black,YES,240.470577,2634.61304,26.7189530000001
387000,4240000,CB5MH_MD,27.88714,1e+06,1.1,73.19,387000 4240000,8.5,Unsuitable,black,YES,240.470577,2634.61304,26.7189530000001
387000,4240000,CB5MH_MD,16.4042,1e+06,1.36,74.32,387000 4240000,5,Unsuitable,black,YES,240.470577,2634.61304,26.7189530000001
387000,4241000,CB5MH_MD,34.44882,1e+06,0.97,72.6,387000 4241000,10.5,Unsuitable,black,YES,240.470577,2635.234411,27.3403239999998
387000,4241000,CB5MH_MD,39.37008,1e+06,0.83,72.2,387000 4241000,12,Unsuitable,black,YES,240.470577,2635.234411,27.3403239999998
387000,4241000,CB5MH_MD,31.16798,1e+06,1.07,72.99,387000 4241000,9.5,Unsuitable,black,YES,240.470577,2635.234411,27.3403239999998
387000,4241000,CB5MH_MD,14.76378,1e+06,1.29,74.95,387000 4241000,4.5,Unsuitable,black,YES,240.470577,2635.234411,27.3403239999998
387000,4241000,CB5MH_MD,36.08924,1e+06,0.92,72.5,387000 4241000,11,Unsuitable,black,YES,240.470577,2635.234411,27.3403239999998
387000,4241000,CB5MH_MD,29.52756,1e+06,1.1,73.1,387000 4241000,9,Unsuitable,black,YES,240.470577,2635.234411,27.3403239999998
387000,4241000,CB5MH_MD,21.32546,1e+06,0.74,72.97,387000 4241000,6.5,Unsuitable,black,YES,240.470577,2635.234411,27.3403239999998
387000,4241000,CB5MH_MD,49.2126,1e+06,0.73,71.8,387000 4241000,15,Unsuitable,black,YES,240.470577,2635.234411,27.3403239999998
387000,4241000,CB5MH_MD,50.85302,1e+06,0.7,71.8,387000 4241000,15.5,Unsuitable,black,YES,240.470577,2635.234411,27.3403239999998
387000,4241000,CB5MH_MD,27.88714,1e+06,1.1,73.2,387000 4241000,8.5,Unsuitable,black,YES,240.470577,2635.234411,27.3403239999998
387000,4241000,CB5MH_MD,26.24672,1e+06,1.1,73.2,387000 4241000,8,Unsuitable,black,YES,240.470577,2635.234411,27.3403239999998
387000,4241000,CB5MH_MD,9.84252,1e+06,3.56,78.25,387000 4241000,3,Tolerable,yellow,YES,240.470577,2635.234411,27.3403239999998
387000,4241000,CB5MH_MD,18.04462,1e+06,1.19,74.06,387000 4241000,5.5,Unsuitable,black,YES,240.470577,2635.234411,27.3403239999998
387000,4241000,CB5MH_MD,22.96588,1e+06,0.79,72.77,387000 4241000,7,Unsuitable,black,YES,240.470577,2635.234411,27.3403239999998
387000,4241000,CB5MH_MD,41.0105,1e+06,0.8,72.1,387000 4241000,12.5,Unsuitable,black,YES,240.470577,2635.234411,27.3403239999998
387000,4241000,CB5MH_MD,3.28084,1e+06,8.06,82.82,387000 4241000,1,Tolerable,yellow,YES,240.470577,2635.234411,27.3403239999998
387000,4241000,CB5MH_MD,0,1e+06,9.28,83.99,387000 4241000,0,Tolerable,yellow,YES,240.470577,2635.234411,27.3403239999998
387000,4241000,CB5MH_MD,19.68504,1e+06,0.99,73.66,387000 4241000,6,Unsuitable,black,YES,240.470577,2635.234411,27.3403239999998
387000,4241000,CB5MH_MD,11.48294,1e+06,2.57,76.98,387000 4241000,3.5,Marginal,orange,YES,240.470577,2635.234411,27.3403239999998
387000,4241000,CB5MH_MD,45.93176,1e+06,0.8,72,387000 4241000,14,Unsuitable,black,YES,240.470577,2635.234411,27.3403239999998
387000,4241000,CB5MH_MD,4.92126,1e+06,6.89,81.94,387000 4241000,1.5,Suitable,dodgerblue,YES,240.470577,2635.234411,27.3403239999998
387000,4241000,CB5MH_MD,32.8084,1e+06,1.02,72.79,387000 4241000,10,Unsuitable,black,YES,240.470577,2635.234411,27.3403239999998
387000,4241000,CB5MH_MD,37.72966,1e+06,0.87,72.4,387000 4241000,11.5,Unsuitable,black,YES,240.470577,2635.234411,27.3403239999998
387000,4241000,CB5MH_MD,13.12336,1e+06,1.67,75.61,387000 4241000,4,Unsuitable,black,YES,240.470577,2635.234411,27.3403239999998
387000,4241000,CB5MH_MD,16.4042,1e+06,1.24,74.46,387000 4241000,5,Unsuitable,black,YES,240.470577,2635.234411,27.3403239999998
387000,4241000,CB5MH_MD,52.49344,1e+06,0.7,71.8,387000 4241000,16,Unsuitable,black,YES,240.470577,2635.234411,27.3403239999998
387000,4241000,CB5MH_MD,44.29134,1e+06,0.8,72,387000 4241000,13.5,Unsuitable,black,YES,240.470577,2635.234411,27.3403239999998
387000,4241000,CB5MH_MD,24.6063,1e+06,1,73.1,387000 4241000,7.5,Unsuitable,black,YES,240.470577,2635.234411,27.3403239999998
387000,4241000,CB5MH_MD,54.13386,1e+06,0.7,71.8,387000 4241000,16.5,Unsuitable,black,YES,240.470577,2635.234411,27.3403239999998
387000,4241000,CB5MH_MD,1.64042,1e+06,9.23,83.8,387000 4241000,0.5,Tolerable,yellow,YES,240.470577,2635.234411,27.3403239999998
387000,4241000,CB5MH_MD,47.57218,1e+06,0.77,71.9,387000 4241000,14.5,Unsuitable,black,YES,240.470577,2635.234411,27.3403239999998
387000,4241000,CB5MH_MD,8.2021,1e+06,4.89,80,387000 4241000,2.5,Suitable,dodgerblue,YES,240.470577,2635.234411,27.3403239999998
387000,4241000,CB5MH_MD,6.56168,1e+06,6.35,81.65,387000 4241000,2,Suitable,dodgerblue,YES,240.470577,2635.234411,27.3403239999998
387000,4241000,CB5MH_MD,42.65092,1e+06,0.8,72,387000 4241000,13,Unsuitable,black,YES,240.470577,2635.234411,27.3403239999998
387000,4242000,CB5MH_MD,11.48294,1e+06,2.45,77.2,387000 4242000,3.5,Marginal,orange,YES,240.470577,2635.855782,27.961695
387000,4242000,CB5MH_MD,49.2126,1e+06,0.73,71.8,387000 4242000,15,Unsuitable,black,YES,240.470577,2635.855782,27.961695
387000,4242000,CB5MH_MD,36.08924,1e+06,0.92,72.5,387000 4242000,11,Unsuitable,black,YES,240.470577,2635.855782,27.961695
387000,4242000,CB5MH_MD,9.84252,1e+06,3.45,78.5,387000 4242000,3,Tolerable,yellow,YES,240.470577,2635.855782,27.961695
387000,4242000,CB5MH_MD,42.65092,1e+06,0.8,72,387000 4242000,13,Unsuitable,black,YES,240.470577,2635.855782,27.961695
387000,4242000,CB5MH_MD,1.64042,1e+06,9.25,84.2,387000 4242000,0.5,Tolerable,yellow,YES,240.470577,2635.855782,27.961695
387000,4242000,CB5MH_MD,37.72966,1e+06,0.87,72.4,387000 4242000,11.5,Unsuitable,black,YES,240.470577,2635.855782,27.961695
387000,4242000,CB5MH_MD,22.96588,1e+06,0.75,72.8,387000 4242000,7,Unsuitable,black,YES,240.470577,2635.855782,27.961695
387000,4242000,CB5MH_MD,16.4042,1e+06,1.2,74.5,387000 4242000,5,Unsuitable,black,YES,240.470577,2635.855782,27.961695
387000,4242000,CB5MH_MD,29.52756,1e+06,1.1,73.1,387000 4242000,9,Unsuitable,black,YES,240.470577,2635.855782,27.961695
387000,4242000,CB5MH_MD,8.2021,1e+06,4.8,80.3,387000 4242000,2.5,Suitable,dodgerblue,YES,240.470577,2635.855782,27.961695
387000,4242000,CB5MH_MD,26.24672,1e+06,1.1,73.2,387000 4242000,8,Unsuitable,black,YES,240.470577,2635.855782,27.961695
387000,4242000,CB5MH_MD,32.8084,1e+06,1.02,72.8,387000 4242000,10,Unsuitable,black,YES,240.470577,2635.855782,27.961695
387000,4242000,CB5MH_MD,31.16798,1e+06,1.07,73,387000 4242000,9.5,Unsuitable,black,YES,240.470577,2635.855782,27.961695
387000,4242000,CB5MH_MD,50.85302,1e+06,0.7,71.8,387000 4242000,15.5,Unsuitable,black,YES,240.470577,2635.855782,27.961695
387000,4242000,CB5MH_MD,27.88714,1e+06,1.1,73.2,387000 4242000,8.5,Unsuitable,black,YES,240.470577,2635.855782,27.961695
387000,4242000,CB5MH_MD,45.93176,1e+06,0.8,72,387000 4242000,14,Unsuitable,black,YES,240.470577,2635.855782,27.961695
387000,4242000,CB5MH_MD,18.04462,1e+06,1.15,74.1,387000 4242000,5.5,Unsuitable,black,YES,240.470577,2635.855782,27.961695
387000,4242000,CB5MH_MD,14.76378,1e+06,1.25,75,387000 4242000,4.5,Unsuitable,black,YES,240.470577,2635.855782,27.961695
387000,4242000,CB5MH_MD,52.49344,1e+06,0.7,71.8,387000 4242000,16,Unsuitable,black,YES,240.470577,2635.855782,27.961695
387000,4242000,CB5MH_MD,21.32546,1e+06,0.7,73,387000 4242000,6.5,Unsuitable,black,YES,240.470577,2635.855782,27.961695
387000,4242000,CB5MH_MD,34.44882,1e+06,0.97,72.6,387000 4242000,10.5,Unsuitable,black,YES,240.470577,2635.855782,27.961695
387000,4242000,CB5MH_MD,0,1e+06,9.3,84.4,387000 4242000,0,Marginal,orange,YES,240.470577,2635.855782,27.961695
387000,4242000,CB5MH_MD,44.29134,1e+06,0.8,72,387000 4242000,13.5,Unsuitable,black,YES,240.470577,2635.855782,27.961695
387000,4242000,CB5MH_MD,19.68504,1e+06,0.95,73.7,387000 4242000,6,Unsuitable,black,YES,240.470577,2635.855782,27.961695
387000,4242000,CB5MH_MD,4.92126,1e+06,6.85,82.3,387000 4242000,1.5,Suitable,dodgerblue,YES,240.470577,2635.855782,27.961695
387000,4242000,CB5MH_MD,24.6063,1e+06,1,73.1,387000 4242000,7.5,Unsuitable,black,YES,240.470577,2635.855782,27.961695
387000,4242000,CB5MH_MD,6.56168,1e+06,6.3,82,387000 4242000,2,Suitable,dodgerblue,YES,240.470577,2635.855782,27.961695
387000,4242000,CB5MH_MD,55.77428,1e+06,0.7,71.8,387000 4242000,17,Unsuitable,black,YES,240.470577,2635.855782,27.961695
387000,4242000,CB5MH_MD,13.12336,1e+06,1.55,75.8,387000 4242000,4,Unsuitable,black,YES,240.470577,2635.855782,27.961695
387000,4242000,CB5MH_MD,41.0105,1e+06,0.8,72.1,387000 4242000,12.5,Unsuitable,black,YES,240.470577,2635.855782,27.961695
387000,4242000,CB5MH_MD,54.13386,1e+06,0.7,71.8,387000 4242000,16.5,Unsuitable,black,YES,240.470577,2635.855782,27.961695
387000,4242000,CB5MH_MD,3.28084,1e+06,8.05,83.2,387000 4242000,1,Tolerable,yellow,YES,240.470577,2635.855782,27.961695
387000,4242000,CB5MH_MD,47.57218,1e+06,0.77,71.9,387000 4242000,14.5,Unsuitable,black,YES,240.470577,2635.855782,27.961695
387000,4242000,CB5MH_MD,39.37008,1e+06,0.83,72.2,387000 4242000,12,Unsuitable,black,YES,240.470577,2635.855782,27.961695
387000,4243000,CB5MH_MD,0,1e+06,9.27,83.86,387000 4243000,0,Tolerable,yellow,YES,240.470577,2636.477153,28.5830660000002
387000,4243000,CB5MH_MD,13.12336,1e+06,1.71,75.55,387000 4243000,4,Unsuitable,black,YES,240.470577,2636.477153,28.5830660000002
387000,4243000,CB5MH_MD,14.76378,1e+06,1.3,74.94,387000 4243000,4.5,Unsuitable,black,YES,240.470577,2636.477153,28.5830660000002
387000,4243000,CB5MH_MD,36.08924,1e+06,0.92,72.49,387000 4243000,11,Unsuitable,black,YES,240.470577,2636.477153,28.5830660000002
387000,4243000,CB5MH_MD,54.13386,1e+06,0.7,71.8,387000 4243000,16.5,Unsuitable,black,YES,240.470577,2636.477153,28.5830660000002
387000,4243000,CB5MH_MD,34.44882,1e+06,0.97,72.59,387000 4243000,10.5,Unsuitable,black,YES,240.470577,2636.477153,28.5830660000002
387000,4243000,CB5MH_MD,27.88714,1e+06,1.1,73.19,387000 4243000,8.5,Unsuitable,black,YES,240.470577,2636.477153,28.5830660000002
387000,4243000,CB5MH_MD,18.04462,1e+06,1.2,74.05,387000 4243000,5.5,Unsuitable,black,YES,240.470577,2636.477153,28.5830660000002
387000,4243000,CB5MH_MD,26.24672,1e+06,1.1,73.2,387000 4243000,8,Unsuitable,black,YES,240.470577,2636.477153,28.5830660000002
387000,4243000,CB5MH_MD,37.72966,1e+06,0.87,72.39,387000 4243000,11.5,Unsuitable,black,YES,240.470577,2636.477153,28.5830660000002
387000,4243000,CB5MH_MD,29.52756,1e+06,1.1,73.09,387000 4243000,9,Unsuitable,black,YES,240.470577,2636.477153,28.5830660000002
387000,4243000,CB5MH_MD,52.49344,1e+06,0.7,71.8,387000 4243000,16,Unsuitable,black,YES,240.470577,2636.477153,28.5830660000002
387000,4243000,CB5MH_MD,24.6063,1e+06,1,73.09,387000 4243000,7.5,Unsuitable,black,YES,240.470577,2636.477153,28.5830660000002
387000,4243000,CB5MH_MD,55.77428,1e+06,0.7,71.8,387000 4243000,17,Unsuitable,black,YES,240.470577,2636.477153,28.5830660000002
387000,4243000,CB5MH_MD,32.8084,1e+06,1.02,72.79,387000 4243000,10,Unsuitable,black,YES,240.470577,2636.477153,28.5830660000002
387000,4243000,CB5MH_MD,31.16798,1e+06,1.07,72.99,387000 4243000,9.5,Unsuitable,black,YES,240.470577,2636.477153,28.5830660000002
387000,4243000,CB5MH_MD,4.92126,1e+06,6.9,81.83,387000 4243000,1.5,Suitable,dodgerblue,YES,240.470577,2636.477153,28.5830660000002
387000,4243000,CB5MH_MD,1.64042,1e+06,9.23,83.67,387000 4243000,0.5,Tolerable,yellow,YES,240.470577,2636.477153,28.5830660000002
387000,4243000,CB5MH_MD,9.84252,1e+06,3.6,78.17,387000 4243000,3,Tolerable,yellow,YES,240.470577,2636.477153,28.5830660000002
387000,4243000,CB5MH_MD,39.37008,1e+06,0.82,72.19,387000 4243000,12,Unsuitable,black,YES,240.470577,2636.477153,28.5830660000002
387000,4243000,CB5MH_MD,50.85302,1e+06,0.7,71.8,387000 4243000,15.5,Unsuitable,black,YES,240.470577,2636.477153,28.5830660000002
387000,4243000,CB5MH_MD,44.29134,1e+06,0.8,71.99,387000 4243000,13.5,Unsuitable,black,YES,240.470577,2636.477153,28.5830660000002
387000,4243000,CB5MH_MD,6.56168,1e+06,6.37,81.54,387000 4243000,2,Suitable,dodgerblue,YES,240.470577,2636.477153,28.5830660000002
387000,4243000,CB5MH_MD,11.48294,1e+06,2.61,76.91,387000 4243000,3.5,Marginal,orange,YES,240.470577,2636.477153,28.5830660000002
387000,4243000,CB5MH_MD,47.57218,1e+06,0.77,71.9,387000 4243000,14.5,Unsuitable,black,YES,240.470577,2636.477153,28.5830660000002
387000,4243000,CB5MH_MD,45.93176,1e+06,0.8,72,387000 4243000,14,Unsuitable,black,YES,240.470577,2636.477153,28.5830660000002
387000,4243000,CB5MH_MD,22.96588,1e+06,0.8,72.76,387000 4243000,7,Unsuitable,black,YES,240.470577,2636.477153,28.5830660000002
387000,4243000,CB5MH_MD,19.68504,1e+06,1,73.65,387000 4243000,6,Unsuitable,black,YES,240.470577,2636.477153,28.5830660000002
387000,4243000,CB5MH_MD,3.28084,1e+06,8.07,82.7,387000 4243000,1,Tolerable,yellow,YES,240.470577,2636.477153,28.5830660000002
387000,4243000,CB5MH_MD,8.2021,1e+06,4.92,79.9,387000 4243000,2.5,Suitable,dodgerblue,YES,240.470577,2636.477153,28.5830660000002
387000,4243000,CB5MH_MD,42.65092,1e+06,0.8,71.99,387000 4243000,13,Unsuitable,black,YES,240.470577,2636.477153,28.5830660000002
387000,4243000,CB5MH_MD,49.2126,1e+06,0.73,71.8,387000 4243000,15,Unsuitable,black,YES,240.470577,2636.477153,28.5830660000002
387000,4243000,CB5MH_MD,41.0105,1e+06,0.8,72.09,387000 4243000,12.5,Unsuitable,black,YES,240.470577,2636.477153,28.5830660000002
387000,4243000,CB5MH_MD,21.32546,1e+06,0.75,72.96,387000 4243000,6.5,Unsuitable,black,YES,240.470577,2636.477153,28.5830660000002
387000,4243000,CB5MH_MD,16.4042,1e+06,1.25,74.44,387000 4243000,5,Unsuitable,black,YES,240.470577,2636.477153,28.5830660000002
387000,4327000,CB3MH,18.04462,1e+06,0.25,70.62,387000 4327000,5.5,Unsuitable,black,YES,240.470577,2688.672317,80.7782299999999
387000,4327000,CB3MH,4.92126,1e+06,4.83,78.02,387000 4327000,1.5,Suitable,dodgerblue,YES,240.470577,2688.672317,80.7782299999999
387000,4327000,CB3MH,11.48294,1e+06,0.59,72.14,387000 4327000,3.5,Unsuitable,black,YES,240.470577,2688.672317,80.7782299999999
387000,4327000,CB3MH,16.4042,1e+06,0.18,70.91,387000 4327000,5,Unsuitable,black,YES,240.470577,2688.672317,80.7782299999999
387000,4327000,CB3MH,1.64042,1e+06,6.82,80.03,387000 4327000,0.5,Suitable,dodgerblue,YES,240.470577,2688.672317,80.7782299999999
387000,4327000,CB3MH,14.76378,1e+06,0.21,71.27,387000 4327000,4.5,Unsuitable,black,YES,240.470577,2688.672317,80.7782299999999
387000,4327000,CB3MH,8.2021,1e+06,3.09,76.32,387000 4327000,2.5,Tolerable,yellow,YES,240.470577,2688.672317,80.7782299999999
387000,4327000,CB3MH,3.28084,1e+06,5.76,79.08,387000 4327000,1,Suitable,dodgerblue,YES,240.470577,2688.672317,80.7782299999999
387000,4327000,CB3MH,6.56168,1e+06,4.14,77.27,387000 4327000,2,Suitable,dodgerblue,YES,240.470577,2688.672317,80.7782299999999
387000,4327000,CB3MH,9.84252,1e+06,1.53,74.6,387000 4327000,3,Unsuitable,black,YES,240.470577,2688.672317,80.7782299999999
387000,4327000,CB3MH,0,1e+06,7.72,80.51,387000 4327000,0,Suitable,dodgerblue,YES,240.470577,2688.672317,80.7782299999999
387000,4327000,CB3MH,13.12336,1e+06,0.34,71.68,387000 4327000,4,Unsuitable,black,YES,240.470577,2688.672317,80.7782299999999
387000,4328000,CB3MH,1.64042,1e+06,6.67,80.02,387000 4328000,0.5,Suitable,dodgerblue,YES,240.470577,2689.293688,81.3996010000001
387000,4328000,CB3MH,6.56168,1e+06,3.96,77.14,387000 4328000,2,Tolerable,yellow,YES,240.470577,2689.293688,81.3996010000001
387000,4328000,CB3MH,3.28084,1e+06,5.61,79,387000 4328000,1,Suitable,dodgerblue,YES,240.470577,2689.293688,81.3996010000001
387000,4328000,CB3MH,9.84252,1e+06,1.4,74.51,387000 4328000,3,Unsuitable,black,YES,240.470577,2689.293688,81.3996010000001
387000,4328000,CB3MH,13.12336,1e+06,0.31,71.9,387000 4328000,4,Unsuitable,black,YES,240.470577,2689.293688,81.3996010000001
387000,4328000,CB3MH,4.92126,1e+06,4.67,77.89,387000 4328000,1.5,Suitable,dodgerblue,YES,240.470577,2689.293688,81.3996010000001
387000,4328000,CB3MH,8.2021,1e+06,2.89,76.2,387000 4328000,2.5,Marginal,orange,YES,240.470577,2689.293688,81.3996010000001
387000,4328000,CB3MH,14.76378,1e+06,0.19,71.5,387000 4328000,4.5,Unsuitable,black,YES,240.470577,2689.293688,81.3996010000001
387000,4328000,CB3MH,0,1e+06,7.5,80.56,387000 4328000,0,Suitable,dodgerblue,YES,240.470577,2689.293688,81.3996010000001
387000,4328000,CB3MH,11.48294,1e+06,0.53,72.25,387000 4328000,3.5,Unsuitable,black,YES,240.470577,2689.293688,81.3996010000001
387000,4329000,CB3MH,6.56168,1e+06,3.75,76.98,387000 4329000,2,Tolerable,yellow,YES,240.470577,2689.915059,82.0209719999998
387000,4329000,CB3MH,11.48294,1e+06,0.47,72.39,387000 4329000,3.5,Unsuitable,black,YES,240.470577,2689.915059,82.0209719999998
387000,4329000,CB3MH,3.28084,1e+06,5.45,78.91,387000 4329000,1,Suitable,dodgerblue,YES,240.470577,2689.915059,82.0209719999998
387000,4329000,CB3MH,1.64042,1e+06,6.49,80.02,387000 4329000,0.5,Suitable,dodgerblue,YES,240.470577,2689.915059,82.0209719999998
387000,4329000,CB3MH,8.2021,1e+06,2.66,76.07,387000 4329000,2.5,Marginal,orange,YES,240.470577,2689.915059,82.0209719999998
387000,4329000,CB3MH,9.84252,1e+06,1.25,74.41,387000 4329000,3,Unsuitable,black,YES,240.470577,2689.915059,82.0209719999998
387000,4329000,CB3MH,13.12336,1e+06,0.29,72.11,387000 4329000,4,Unsuitable,black,YES,240.470577,2689.915059,82.0209719999998
387000,4329000,CB3MH,0,1e+06,7.26,80.62,387000 4329000,0,Suitable,dodgerblue,YES,240.470577,2689.915059,82.0209719999998
387000,4329000,CB3MH,4.92126,1e+06,4.5,77.75,387000 4329000,1.5,Suitable,dodgerblue,YES,240.470577,2689.915059,82.0209719999998
387000,4329000,CB3MH,14.76378,1e+06,0.16,71.72,387000 4329000,4.5,Unsuitable,black,YES,240.470577,2689.915059,82.0209719999998
387000,4330000,CB3MH,16.4042,1e+06,0.1,71.59,387000 4330000,5,Unsuitable,black,YES,240.470577,2690.53643,82.642343
387000,4330000,CB3MH,18.04462,1e+06,0.31,70.77,387000 4330000,5.5,Unsuitable,black,YES,240.470577,2690.53643,82.642343
387000,4330000,CB3MH,0,1e+06,7,80.69,387000 4330000,0,Suitable,dodgerblue,YES,240.470577,2690.53643,82.642343
387000,4330000,CB3MH,6.56168,1e+06,3.54,76.82,387000 4330000,2,Tolerable,yellow,YES,240.470577,2690.53643,82.642343
387000,4330000,CB3MH,14.76378,1e+06,0.13,71.93,387000 4330000,4.5,Unsuitable,black,YES,240.470577,2690.53643,82.642343
387000,4330000,CB3MH,9.84252,1e+06,1.09,74.31,387000 4330000,3,Unsuitable,black,YES,240.470577,2690.53643,82.642343
387000,4330000,CB3MH,1.64042,1e+06,6.31,80.02,387000 4330000,0.5,Suitable,dodgerblue,YES,240.470577,2690.53643,82.642343
387000,4330000,CB3MH,4.92126,1e+06,4.32,77.59,387000 4330000,1.5,Suitable,dodgerblue,YES,240.470577,2690.53643,82.642343
387000,4330000,CB3MH,3.28084,1e+06,5.28,78.81,387000 4330000,1,Suitable,dodgerblue,YES,240.470577,2690.53643,82.642343
387000,4330000,CB3MH,13.12336,1e+06,0.26,72.31,387000 4330000,4,Unsuitable,black,YES,240.470577,2690.53643,82.642343
387000,4330000,CB3MH,8.2021,1e+06,2.42,75.93,387000 4330000,2.5,Marginal,orange,YES,240.470577,2690.53643,82.642343
387000,4330000,CB3MH,11.48294,1e+06,0.4,72.53,387000 4330000,3.5,Unsuitable,black,YES,240.470577,2690.53643,82.642343
388000,4236000,CB5MH_MD,3.28084,1e+06,8.19,77.96,388000 4236000,1,Suitable,dodgerblue,YES,241.091948,2632.127556,24.2334689999998
388000,4236000,CB5MH_MD,6.56168,1e+06,6.91,77.1,388000 4236000,2,Suitable,dodgerblue,YES,241.091948,2632.127556,24.2334689999998
388000,4236000,CB5MH_MD,39.37008,1e+06,0.87,72.31,388000 4236000,12,Unsuitable,black,YES,241.091948,2632.127556,24.2334689999998
388000,4236000,CB5MH_MD,1.64042,1e+06,8.94,78.61,388000 4236000,0.5,Suitable,dodgerblue,YES,241.091948,2632.127556,24.2334689999998
388000,4236000,CB5MH_MD,21.32546,1e+06,1.56,72.51,388000 4236000,6.5,Unsuitable,black,YES,241.091948,2632.127556,24.2334689999998
388000,4236000,CB5MH_MD,32.8084,1e+06,1.04,72.85,388000 4236000,10,Unsuitable,black,YES,241.091948,2632.127556,24.2334689999998
388000,4236000,CB5MH_MD,4.92126,1e+06,7.39,77.36,388000 4236000,1.5,Suitable,dodgerblue,YES,241.091948,2632.127556,24.2334689999998
388000,4236000,CB5MH_MD,36.08924,1e+06,0.95,72.56,388000 4236000,11,Unsuitable,black,YES,241.091948,2632.127556,24.2334689999998
388000,4236000,CB5MH_MD,34.44882,1e+06,1,72.66,388000 4236000,10.5,Unsuitable,black,YES,241.091948,2632.127556,24.2334689999998
388000,4236000,CB5MH_MD,22.96588,1e+06,1.52,72.25,388000 4236000,7,Unsuitable,black,YES,241.091948,2632.127556,24.2334689999998
388000,4236000,CB5MH_MD,13.12336,1e+06,3.28,73.22,388000 4236000,4,Tolerable,yellow,YES,241.091948,2632.127556,24.2334689999998
388000,4236000,CB5MH_MD,0,1e+06,8.96,78.72,388000 4236000,0,Suitable,dodgerblue,YES,241.091948,2632.127556,24.2334689999998
388000,4236000,CB5MH_MD,8.2021,1e+06,5.84,76,388000 4236000,2.5,Suitable,dodgerblue,YES,241.091948,2632.127556,24.2334689999998
388000,4236000,CB5MH_MD,37.72966,1e+06,0.91,72.47,388000 4236000,11.5,Unsuitable,black,YES,241.091948,2632.127556,24.2334689999998
388000,4236000,CB5MH_MD,19.68504,1e+06,1.79,73.07,388000 4236000,6,Unsuitable,black,YES,241.091948,2632.127556,24.2334689999998
388000,4236000,CB5MH_MD,26.24672,1e+06,1.14,73.27,388000 4236000,8,Unsuitable,black,YES,241.091948,2632.127556,24.2334689999998
388000,4236000,CB5MH_MD,27.88714,1e+06,1.14,73.25,388000 4236000,8.5,Unsuitable,black,YES,241.091948,2632.127556,24.2334689999998
388000,4236000,CB5MH_MD,24.6063,1e+06,1.05,73.19,388000 4236000,7.5,Unsuitable,black,YES,241.091948,2632.127556,24.2334689999998
388000,4236000,CB5MH_MD,16.4042,1e+06,2.07,73.75,388000 4236000,5,Marginal,orange,YES,241.091948,2632.127556,24.2334689999998
388000,4236000,CB5MH_MD,11.48294,1e+06,3.96,74.05,388000 4236000,3.5,Tolerable,yellow,YES,241.091948,2632.127556,24.2334689999998
388000,4236000,CB5MH_MD,18.04462,1e+06,1.98,73.42,388000 4236000,5.5,Unsuitable,black,YES,241.091948,2632.127556,24.2334689999998
388000,4236000,CB5MH_MD,14.76378,1e+06,2.15,74.13,388000 4236000,4.5,Marginal,orange,YES,241.091948,2632.127556,24.2334689999998
388000,4236000,CB5MH_MD,31.16798,1e+06,1.09,73.03,388000 4236000,9.5,Unsuitable,black,YES,241.091948,2632.127556,24.2334689999998
388000,4236000,CB5MH_MD,29.52756,1e+06,1.12,73.15,388000 4236000,9,Unsuitable,black,YES,241.091948,2632.127556,24.2334689999998
388000,4236000,CB5MH_MD,9.84252,1e+06,4.79,74.87,388000 4236000,3,Suitable,dodgerblue,YES,241.091948,2632.127556,24.2334689999998
388000,4237000,CB5MH_MD,21.32546,1e+06,1.39,72.57,388000 4237000,6.5,Unsuitable,black,YES,241.091948,2632.748927,24.85484
388000,4237000,CB5MH_MD,29.52756,1e+06,1.11,73.11,388000 4237000,9,Unsuitable,black,YES,241.091948,2632.748927,24.85484
388000,4237000,CB5MH_MD,27.88714,1e+06,1.12,73.22,388000 4237000,8.5,Unsuitable,black,YES,241.091948,2632.748927,24.85484
388000,4237000,CB5MH_MD,42.65092,1e+06,0.83,72.07,388000 4237000,13,Unsuitable,black,YES,241.091948,2632.748927,24.85484
388000,4237000,CB5MH_MD,26.24672,1e+06,1.13,73.24,388000 4237000,8,Unsuitable,black,YES,241.091948,2632.748927,24.85484
388000,4237000,CB5MH_MD,18.04462,1e+06,1.82,73.51,388000 4237000,5.5,Unsuitable,black,YES,241.091948,2632.748927,24.85484
388000,4237000,CB5MH_MD,34.44882,1e+06,0.99,72.62,388000 4237000,10.5,Unsuitable,black,YES,241.091948,2632.748927,24.85484
388000,4237000,CB5MH_MD,31.16798,1e+06,1.08,73,388000 4237000,9.5,Unsuitable,black,YES,241.091948,2632.748927,24.85484
388000,4237000,CB5MH_MD,57.4147,1e+06,0.7,71.8,388000 4237000,17.5,Unsuitable,black,YES,241.091948,2632.748927,24.85484
388000,4237000,CB5MH_MD,6.56168,1e+06,6.84,77.8,388000 4237000,2,Suitable,dodgerblue,YES,241.091948,2632.748927,24.85484
388000,4237000,CB5MH_MD,9.84252,1e+06,4.62,75.38,388000 4237000,3,Suitable,dodgerblue,YES,241.091948,2632.748927,24.85484
388000,4237000,CB5MH_MD,19.68504,1e+06,1.62,73.15,388000 4237000,6,Unsuitable,black,YES,241.091948,2632.748927,24.85484
388000,4237000,CB5MH_MD,13.12336,1e+06,3.03,73.55,388000 4237000,4,Tolerable,yellow,YES,241.091948,2632.748927,24.85484
388000,4237000,CB5MH_MD,32.8084,1e+06,1.03,72.81,388000 4237000,10,Unsuitable,black,YES,241.091948,2632.748927,24.85484
388000,4237000,CB5MH_MD,52.49344,1e+06,0.7,71.8,388000 4237000,16,Unsuitable,black,YES,241.091948,2632.748927,24.85484
388000,4237000,CB5MH_MD,37.72966,1e+06,0.9,72.42,388000 4237000,11.5,Unsuitable,black,YES,241.091948,2632.748927,24.85484
388000,4237000,CB5MH_MD,4.92126,1e+06,7.31,78.06,388000 4237000,1.5,Suitable,dodgerblue,YES,241.091948,2632.748927,24.85484
388000,4237000,CB5MH_MD,50.85302,1e+06,0.7,71.8,388000 4237000,15.5,Unsuitable,black,YES,241.091948,2632.748927,24.85484
388000,4237000,CB5MH_MD,55.77428,1e+06,0.7,71.8,388000 4237000,17,Unsuitable,black,YES,241.091948,2632.748927,24.85484
388000,4237000,CB5MH_MD,1.64042,1e+06,9,79.4,388000 4237000,0.5,Suitable,dodgerblue,YES,241.091948,2632.748927,24.85484
388000,4237000,CB5MH_MD,24.6063,1e+06,1.03,73.15,388000 4237000,7.5,Unsuitable,black,YES,241.091948,2632.748927,24.85484
388000,4237000,CB5MH_MD,39.37008,1e+06,0.86,72.26,388000 4237000,12,Unsuitable,black,YES,241.091948,2632.748927,24.85484
388000,4237000,CB5MH_MD,14.76378,1e+06,1.97,74.27,388000 4237000,4.5,Unsuitable,black,YES,241.091948,2632.748927,24.85484
388000,4237000,CB5MH_MD,36.08924,1e+06,0.94,72.52,388000 4237000,11,Unsuitable,black,YES,241.091948,2632.748927,24.85484
388000,4237000,CB5MH_MD,49.2126,1e+06,0.73,71.8,388000 4237000,15,Unsuitable,black,YES,241.091948,2632.748927,24.85484
388000,4237000,CB5MH_MD,45.93176,1e+06,0.8,72,388000 4237000,14,Unsuitable,black,YES,241.091948,2632.748927,24.85484
388000,4237000,CB5MH_MD,47.57218,1e+06,0.77,71.9,388000 4237000,14.5,Unsuitable,black,YES,241.091948,2632.748927,24.85484
388000,4237000,CB5MH_MD,22.96588,1e+06,1.37,72.32,388000 4237000,7,Unsuitable,black,YES,241.091948,2632.748927,24.85484
388000,4237000,CB5MH_MD,41.0105,1e+06,0.83,72.16,388000 4237000,12.5,Unsuitable,black,YES,241.091948,2632.748927,24.85484
388000,4237000,CB5MH_MD,54.13386,1e+06,0.7,71.8,388000 4237000,16.5,Unsuitable,black,YES,241.091948,2632.748927,24.85484
388000,4237000,CB5MH_MD,0,1e+06,9.03,79.53,388000 4237000,0,Suitable,dodgerblue,YES,241.091948,2632.748927,24.85484
388000,4237000,CB5MH_MD,3.28084,1e+06,8.17,78.7,388000 4237000,1,Suitable,dodgerblue,YES,241.091948,2632.748927,24.85484
388000,4237000,CB5MH_MD,8.2021,1e+06,5.71,76.61,388000 4237000,2.5,Suitable,dodgerblue,YES,241.091948,2632.748927,24.85484
388000,4237000,CB5MH_MD,16.4042,1e+06,1.9,73.86,388000 4237000,5,Unsuitable,black,YES,241.091948,2632.748927,24.85484
388000,4237000,CB5MH_MD,11.48294,1e+06,3.76,74.48,388000 4237000,3.5,Tolerable,yellow,YES,241.091948,2632.748927,24.85484
388000,4237000,CB5MH_MD,44.29134,1e+06,0.83,72.07,388000 4237000,13.5,Unsuitable,black,YES,241.091948,2632.748927,24.85484
388000,4238000,CB5MH_MD,29.52756,1e+06,1.11,73.09,388000 4238000,9,Unsuitable,black,YES,241.091948,2633.370298,25.4762109999997
388000,4238000,CB5MH_MD,27.88714,1e+06,1.11,73.2,388000 4238000,8.5,Unsuitable,black,YES,241.091948,2633.370298,25.4762109999997
388000,4238000,CB5MH_MD,13.12336,1e+06,2.7,73.99,388000 4238000,4,Marginal,orange,YES,241.091948,2633.370298,25.4762109999997
388000,4238000,CB5MH_MD,24.6063,1e+06,1.02,73.12,388000 4238000,7.5,Unsuitable,black,YES,241.091948,2633.370298,25.4762109999997
388000,4238000,CB5MH_MD,36.08924,1e+06,0.93,72.49,388000 4238000,11,Unsuitable,black,YES,241.091948,2633.370298,25.4762109999997
388000,4238000,CB5MH_MD,14.76378,1e+06,1.78,74.44,388000 4238000,4.5,Unsuitable,black,YES,241.091948,2633.370298,25.4762109999997
388000,4238000,CB5MH_MD,19.68504,1e+06,1.45,73.27,388000 4238000,6,Unsuitable,black,YES,241.091948,2633.370298,25.4762109999997
388000,4238000,CB5MH_MD,34.44882,1e+06,0.98,72.59,388000 4238000,10.5,Unsuitable,black,YES,241.091948,2633.370298,25.4762109999997
388000,4238000,CB5MH_MD,32.8084,1e+06,1.03,72.79,388000 4238000,10,Unsuitable,black,YES,241.091948,2633.370298,25.4762109999997
388000,4238000,CB5MH_MD,22.96588,1e+06,1.2,72.42,388000 4238000,7,Unsuitable,black,YES,241.091948,2633.370298,25.4762109999997
388000,4238000,CB5MH_MD,21.32546,1e+06,1.21,72.66,388000 4238000,6.5,Unsuitable,black,YES,241.091948,2633.370298,25.4762109999997
388000,4238000,CB5MH_MD,18.04462,1e+06,1.64,73.64,388000 4238000,5.5,Unsuitable,black,YES,241.091948,2633.370298,25.4762109999997
388000,4238000,CB5MH_MD,31.16798,1e+06,1.08,72.98,388000 4238000,9.5,Unsuitable,black,YES,241.091948,2633.370298,25.4762109999997
388000,4238000,CB5MH_MD,16.4042,1e+06,1.72,74,388000 4238000,5,Unsuitable,black,YES,241.091948,2633.370298,25.4762109999997
388000,4238000,CB5MH_MD,42.65092,1e+06,0.82,72.03,388000 4238000,13,Unsuitable,black,YES,241.091948,2633.370298,25.4762109999997
388000,4238000,CB5MH_MD,11.48294,1e+06,3.58,75.11,388000 4238000,3.5,Tolerable,yellow,YES,241.091948,2633.370298,25.4762109999997
388000,4238000,CB5MH_MD,26.24672,1e+06,1.11,73.21,388000 4238000,8,Unsuitable,black,YES,241.091948,2633.370298,25.4762109999997
388000,4238000,CB5MH_MD,37.72966,1e+06,0.89,72.4,388000 4238000,11.5,Unsuitable,black,YES,241.091948,2633.370298,25.4762109999997
388000,4238000,CB5MH_MD,1.64042,1e+06,9.08,80.38,388000 4238000,0.5,Suitable,dodgerblue,YES,241.091948,2633.370298,25.4762109999997
388000,4238000,CB5MH_MD,6.56168,1e+06,6.77,78.7,388000 4238000,2,Suitable,dodgerblue,YES,241.091948,2633.370298,25.4762109999997
388000,4238000,CB5MH_MD,8.2021,1e+06,5.61,77.43,388000 4238000,2.5,Suitable,dodgerblue,YES,241.091948,2633.370298,25.4762109999997
388000,4238000,CB5MH_MD,3.28084,1e+06,8.17,79.62,388000 4238000,1,Suitable,dodgerblue,YES,241.091948,2633.370298,25.4762109999997
388000,4238000,CB5MH_MD,4.92126,1e+06,7.23,78.93,388000 4238000,1.5,Suitable,dodgerblue,YES,241.091948,2633.370298,25.4762109999997
388000,4238000,CB5MH_MD,9.84252,1e+06,4.5,76.11,388000 4238000,3,Suitable,dodgerblue,YES,241.091948,2633.370298,25.4762109999997
388000,4238000,CB5MH_MD,0,1e+06,9.12,80.54,388000 4238000,0,Suitable,dodgerblue,YES,241.091948,2633.370298,25.4762109999997
388000,4238000,CB5MH_MD,41.0105,1e+06,0.82,72.13,388000 4238000,12.5,Unsuitable,black,YES,241.091948,2633.370298,25.4762109999997
388000,4238000,CB5MH_MD,39.37008,1e+06,0.84,72.22,388000 4238000,12,Unsuitable,black,YES,241.091948,2633.370298,25.4762109999997
388000,4329000,CB3MH,13.12336,1e+06,0.3,72.07,388000 4329000,4,Unsuitable,black,YES,241.091948,2689.915059,82.0209719999998
388000,4329000,CB3MH,14.76378,1e+06,0.17,71.68,388000 4329000,4.5,Unsuitable,black,YES,241.091948,2689.915059,82.0209719999998
388000,4329000,CB3MH,8.2021,1e+06,2.63,76.05,388000 4329000,2.5,Marginal,orange,YES,241.091948,2689.915059,82.0209719999998
388000,4329000,CB3MH,4.92126,1e+06,4.48,77.73,388000 4329000,1.5,Suitable,dodgerblue,YES,241.091948,2689.915059,82.0209719999998
388000,4329000,CB3MH,0,1e+06,7.23,80.63,388000 4329000,0,Suitable,dodgerblue,YES,241.091948,2689.915059,82.0209719999998
388000,4329000,CB3MH,1.64042,1e+06,6.47,80.02,388000 4329000,0.5,Suitable,dodgerblue,YES,241.091948,2689.915059,82.0209719999998
388000,4329000,CB3MH,3.28084,1e+06,5.43,78.89,388000 4329000,1,Suitable,dodgerblue,YES,241.091948,2689.915059,82.0209719999998
388000,4329000,CB3MH,6.56168,1e+06,3.73,76.96,388000 4329000,2,Tolerable,yellow,YES,241.091948,2689.915059,82.0209719999998
388000,4329000,CB3MH,11.48294,1e+06,0.46,72.31,388000 4329000,3.5,Unsuitable,black,YES,241.091948,2689.915059,82.0209719999998
388000,4329000,CB3MH,9.84252,1e+06,1.23,74.4,388000 4329000,3,Unsuitable,black,YES,241.091948,2689.915059,82.0209719999998
389000,4234000,CB5MH_MD,13.12336,1e+06,3.47,73.1,389000 4234000,4,Tolerable,yellow,YES,241.713319,2630.884814,22.9907269999999
389000,4234000,CB5MH_MD,36.08924,1e+06,1,72.73,389000 4234000,11,Unsuitable,black,YES,241.713319,2630.884814,22.9907269999999
389000,4234000,CB5MH_MD,39.37008,1e+06,0.93,72.52,389000 4234000,12,Unsuitable,black,YES,241.713319,2630.884814,22.9907269999999
389000,4234000,CB5MH_MD,6.56168,1e+06,6.91,76.56,389000 4234000,2,Suitable,dodgerblue,YES,241.713319,2630.884814,22.9907269999999
389000,4234000,CB5MH_MD,14.76378,1e+06,2.35,74.16,389000 4234000,4.5,Marginal,orange,YES,241.713319,2630.884814,22.9907269999999
389000,4234000,CB5MH_MD,9.84252,1e+06,4.8,74.56,389000 4234000,3,Suitable,dodgerblue,YES,241.713319,2630.884814,22.9907269999999
389000,4234000,CB5MH_MD,4.92126,1e+06,7.45,76.89,389000 4234000,1.5,Suitable,dodgerblue,YES,241.713319,2630.884814,22.9907269999999
389000,4234000,CB5MH_MD,32.8084,1e+06,1.08,73.01,389000 4234000,10,Unsuitable,black,YES,241.713319,2630.884814,22.9907269999999
389000,4234000,CB5MH_MD,37.72966,1e+06,0.97,72.65,389000 4234000,11.5,Unsuitable,black,YES,241.713319,2630.884814,22.9907269999999
389000,4234000,CB5MH_MD,21.32546,1e+06,1.78,72.65,389000 4234000,6.5,Unsuitable,black,YES,241.713319,2630.884814,22.9907269999999
389000,4234000,CB5MH_MD,19.68504,1e+06,1.99,73.17,389000 4234000,6,Unsuitable,black,YES,241.713319,2630.884814,22.9907269999999
389000,4234000,CB5MH_MD,31.16798,1e+06,1.13,73.18,389000 4234000,9.5,Unsuitable,black,YES,241.713319,2630.884814,22.9907269999999
389000,4234000,CB5MH_MD,24.6063,1e+06,1.12,73.35,389000 4234000,7.5,Unsuitable,black,YES,241.713319,2630.884814,22.9907269999999
389000,4234000,CB5MH_MD,18.04462,1e+06,2.18,73.52,389000 4234000,5.5,Marginal,orange,YES,241.713319,2630.884814,22.9907269999999
389000,4234000,CB5MH_MD,34.44882,1e+06,1.04,72.83,389000 4234000,10.5,Unsuitable,black,YES,241.713319,2630.884814,22.9907269999999
389000,4234000,CB5MH_MD,16.4042,1e+06,2.28,73.83,389000 4234000,5,Marginal,orange,YES,241.713319,2630.884814,22.9907269999999
389000,4234000,CB5MH_MD,8.2021,1e+06,5.86,75.56,389000 4234000,2.5,Suitable,dodgerblue,YES,241.713319,2630.884814,22.9907269999999
389000,4234000,CB5MH_MD,11.48294,1e+06,4.04,73.82,389000 4234000,3.5,Suitable,dodgerblue,YES,241.713319,2630.884814,22.9907269999999
389000,4234000,CB5MH_MD,3.28084,1e+06,8.18,77.45,389000 4234000,1,Suitable,dodgerblue,YES,241.713319,2630.884814,22.9907269999999
389000,4234000,CB5MH_MD,1.64042,1e+06,8.82,78.02,389000 4234000,0.5,Suitable,dodgerblue,YES,241.713319,2630.884814,22.9907269999999
389000,4234000,CB5MH_MD,0,1e+06,8.83,78.09,389000 4234000,0,Suitable,dodgerblue,YES,241.713319,2630.884814,22.9907269999999
389000,4234000,CB5MH_MD,22.96588,1e+06,1.7,72.36,389000 4234000,7,Unsuitable,black,YES,241.713319,2630.884814,22.9907269999999
389000,4234000,CB5MH_MD,26.24672,1e+06,1.19,73.41,389000 4234000,8,Unsuitable,black,YES,241.713319,2630.884814,22.9907269999999
389000,4234000,CB5MH_MD,29.52756,1e+06,1.17,73.29,389000 4234000,9,Unsuitable,black,YES,241.713319,2630.884814,22.9907269999999
389000,4234000,CB5MH_MD,27.88714,1e+06,1.18,73.39,389000 4234000,8.5,Unsuitable,black,YES,241.713319,2630.884814,22.9907269999999
389000,4235000,CB5MH_MD,45.93176,1e+06,0.8,72,389000 4235000,14,Unsuitable,black,YES,241.713319,2631.506185,23.6120980000001
389000,4235000,CB5MH_MD,39.37008,1e+06,0.9,72.41,389000 4235000,12,Unsuitable,black,YES,241.713319,2631.506185,23.6120980000001
389000,4235000,CB5MH_MD,3.28084,1e+06,8.18,77.74,389000 4235000,1,Suitable,dodgerblue,YES,241.713319,2631.506185,23.6120980000001
389000,4235000,CB5MH_MD,34.44882,1e+06,1.02,72.74,389000 4235000,10.5,Unsuitable,black,YES,241.713319,2631.506185,23.6120980000001
389000,4235000,CB5MH_MD,36.08924,1e+06,0.98,72.64,389000 4235000,11,Unsuitable,black,YES,241.713319,2631.506185,23.6120980000001
389000,4235000,CB5MH_MD,55.77428,1e+06,0.7,71.8,389000 4235000,17,Unsuitable,black,YES,241.713319,2631.506185,23.6120980000001
389000,4235000,CB5MH_MD,13.12336,1e+06,3.37,73.18,389000 4235000,4,Tolerable,yellow,YES,241.713319,2631.506185,23.6120980000001
389000,4235000,CB5MH_MD,54.13386,1e+06,0.7,71.8,389000 4235000,16.5,Unsuitable,black,YES,241.713319,2631.506185,23.6120980000001
389000,4235000,CB5MH_MD,31.16798,1e+06,1.11,73.1,389000 4235000,9.5,Unsuitable,black,YES,241.713319,2631.506185,23.6120980000001
389000,4235000,CB5MH_MD,47.57218,1e+06,0.77,71.9,389000 4235000,14.5,Unsuitable,black,YES,241.713319,2631.506185,23.6120980000001
389000,4235000,CB5MH_MD,32.8084,1e+06,1.06,72.92,389000 4235000,10,Unsuitable,black,YES,241.713319,2631.506185,23.6120980000001
389000,4235000,CB5MH_MD,14.76378,1e+06,2.24,74.16,389000 4235000,4.5,Marginal,orange,YES,241.713319,2631.506185,23.6120980000001
389000,4235000,CB5MH_MD,6.56168,1e+06,6.91,76.86,389000 4235000,2,Suitable,dodgerblue,YES,241.713319,2631.506185,23.6120980000001
389000,4235000,CB5MH_MD,29.52756,1e+06,1.14,73.22,389000 4235000,9,Unsuitable,black,YES,241.713319,2631.506185,23.6120980000001
389000,4235000,CB5MH_MD,49.2126,1e+06,0.73,71.8,389000 4235000,15,Unsuitable,black,YES,241.713319,2631.506185,23.6120980000001
389000,4235000,CB5MH_MD,27.88714,1e+06,1.16,73.32,389000 4235000,8.5,Unsuitable,black,YES,241.713319,2631.506185,23.6120980000001
389000,4235000,CB5MH_MD,16.4042,1e+06,2.17,73.8,389000 4235000,5,Marginal,orange,YES,241.713319,2631.506185,23.6120980000001
389000,4235000,CB5MH_MD,19.68504,1e+06,1.89,73.13,389000 4235000,6,Unsuitable,black,YES,241.713319,2631.506185,23.6120980000001
389000,4235000,CB5MH_MD,9.84252,1e+06,4.79,74.74,389000 4235000,3,Suitable,dodgerblue,YES,241.713319,2631.506185,23.6120980000001
389000,4235000,CB5MH_MD,1.64042,1e+06,8.88,78.34,389000 4235000,0.5,Suitable,dodgerblue,YES,241.713319,2631.506185,23.6120980000001
389000,4235000,CB5MH_MD,26.24672,1e+06,1.17,73.34,389000 4235000,8,Unsuitable,black,YES,241.713319,2631.506185,23.6120980000001
389000,4235000,CB5MH_MD,0,1e+06,8.89,78.43,389000 4235000,0,Suitable,dodgerblue,YES,241.713319,2631.506185,23.6120980000001
389000,4235000,CB5MH_MD,4.92126,1e+06,7.42,77.15,389000 4235000,1.5,Suitable,dodgerblue,YES,241.713319,2631.506185,23.6120980000001
389000,4235000,CB5MH_MD,8.2021,1e+06,5.84,75.8,389000 4235000,2.5,Suitable,dodgerblue,YES,241.713319,2631.506185,23.6120980000001
389000,4235000,CB5MH_MD,50.85302,1e+06,0.7,71.8,389000 4235000,15.5,Unsuitable,black,YES,241.713319,2631.506185,23.6120980000001
389000,4235000,CB5MH_MD,11.48294,1e+06,3.99,73.95,389000 4235000,3.5,Tolerable,yellow,YES,241.713319,2631.506185,23.6120980000001
389000,4235000,CB5MH_MD,44.29134,1e+06,0.89,72.25,389000 4235000,13.5,Unsuitable,black,YES,241.713319,2631.506185,23.6120980000001
389000,4235000,CB5MH_MD,22.96588,1e+06,1.61,72.31,389000 4235000,7,Unsuitable,black,YES,241.713319,2631.506185,23.6120980000001
389000,4235000,CB5MH_MD,37.72966,1e+06,0.94,72.55,389000 4235000,11.5,Unsuitable,black,YES,241.713319,2631.506185,23.6120980000001
389000,4235000,CB5MH_MD,24.6063,1e+06,1.09,73.27,389000 4235000,7.5,Unsuitable,black,YES,241.713319,2631.506185,23.6120980000001
389000,4235000,CB5MH_MD,52.49344,1e+06,0.7,71.8,389000 4235000,16,Unsuitable,black,YES,241.713319,2631.506185,23.6120980000001
389000,4235000,CB5MH_MD,21.32546,1e+06,1.67,72.59,389000 4235000,6.5,Unsuitable,black,YES,241.713319,2631.506185,23.6120980000001
389000,4235000,CB5MH_MD,41.0105,1e+06,0.89,72.33,389000 4235000,12.5,Unsuitable,black,YES,241.713319,2631.506185,23.6120980000001
389000,4235000,CB5MH_MD,18.04462,1e+06,2.07,73.48,389000 4235000,5.5,Marginal,orange,YES,241.713319,2631.506185,23.6120980000001
389000,4235000,CB5MH_MD,42.65092,1e+06,0.89,72.25,389000 4235000,13,Unsuitable,black,YES,241.713319,2631.506185,23.6120980000001
389000,4337000,CB3MH,13.12336,1e+06,0.2,72.78,389000 4337000,4,Unsuitable,black,YES,241.713319,2694.886027,86.9919399999999
389000,4337000,CB3MH,14.76378,1e+06,0.06,72.43,389000 4337000,4.5,Unsuitable,black,YES,241.713319,2694.886027,86.9919399999999
389000,4337000,CB3MH,9.84252,1e+06,0.72,74.18,389000 4337000,3,Unsuitable,black,YES,241.713319,2694.886027,86.9919399999999
389000,4337000,CB3MH,16.4042,1e+06,0.04,72.11,389000 4337000,5,Unsuitable,black,YES,241.713319,2694.886027,86.9919399999999
389000,4337000,CB3MH,1.64042,1e+06,5.79,79.99,389000 4337000,0.5,Suitable,dodgerblue,YES,241.713319,2694.886027,86.9919399999999
389000,4337000,CB3MH,0,1e+06,6.24,80.87,389000 4337000,0,Suitable,dodgerblue,YES,241.713319,2694.886027,86.9919399999999
389000,4337000,CB3MH,8.2021,1e+06,1.76,75.64,389000 4337000,2.5,Unsuitable,black,YES,241.713319,2694.886027,86.9919399999999
389000,4337000,CB3MH,11.48294,1e+06,0.33,73.13,389000 4337000,3.5,Unsuitable,black,YES,241.713319,2694.886027,86.9919399999999
389000,4337000,CB3MH,4.92126,1e+06,3.82,77.21,389000 4337000,1.5,Tolerable,yellow,YES,241.713319,2694.886027,86.9919399999999
389000,4337000,CB3MH,6.56168,1e+06,2.92,76.38,389000 4337000,2,Marginal,orange,YES,241.713319,2694.886027,86.9919399999999
389000,4337000,CB3MH,3.28084,1e+06,4.81,78.57,389000 4337000,1,Suitable,dodgerblue,YES,241.713319,2694.886027,86.9919399999999
389000,4338000,CB3MH,13.12336,1e+06,0.35,73.02,389000 4338000,4,Unsuitable,black,YES,241.713319,2695.507398,87.6133110000001
389000,4338000,CB3MH,3.28084,1e+06,4.86,78.66,389000 4338000,1,Suitable,dodgerblue,YES,241.713319,2695.507398,87.6133110000001
389000,4338000,CB3MH,1.64042,1e+06,5.82,80.02,389000 4338000,0.5,Suitable,dodgerblue,YES,241.713319,2695.507398,87.6133110000001
389000,4338000,CB3MH,16.4042,1e+06,0.14,72.3,389000 4338000,5,Unsuitable,black,YES,241.713319,2695.507398,87.6133110000001
389000,4338000,CB3MH,8.2021,1e+06,1.94,75.78,389000 4338000,2.5,Unsuitable,black,YES,241.713319,2695.507398,87.6133110000001
389000,4338000,CB3MH,4.92126,1e+06,3.86,77.39,389000 4338000,1.5,Tolerable,yellow,YES,241.713319,2695.507398,87.6133110000001
389000,4338000,CB3MH,14.76378,1e+06,0.19,72.63,389000 4338000,4.5,Unsuitable,black,YES,241.713319,2695.507398,87.6133110000001
389000,4338000,CB3MH,0,1e+06,6.26,80.87,389000 4338000,0,Suitable,dodgerblue,YES,241.713319,2695.507398,87.6133110000001
389000,4338000,CB3MH,11.48294,1e+06,0.51,73.4,389000 4338000,3.5,Unsuitable,black,YES,241.713319,2695.507398,87.6133110000001
389000,4338000,CB3MH,6.56168,1e+06,2.98,76.55,389000 4338000,2,Marginal,orange,YES,241.713319,2695.507398,87.6133110000001
389000,4338000,CB3MH,9.84252,1e+06,0.95,74.39,389000 4338000,3,Unsuitable,black,YES,241.713319,2695.507398,87.6133110000001
389000,4339000,CB3MH,11.48294,1e+06,0.72,73.7,389000 4339000,3.5,Unsuitable,black,YES,241.713319,2696.128769,88.2346819999998
389000,4339000,CB3MH,9.84252,1e+06,1.17,74.69,389000 4339000,3,Unsuitable,black,YES,241.713319,2696.128769,88.2346819999998
389000,4339000,CB3MH,1.64042,1e+06,5.87,80.29,389000 4339000,0.5,Suitable,dodgerblue,YES,241.713319,2696.128769,88.2346819999998
389000,4339000,CB3MH,4.92126,1e+06,3.97,77.59,389000 4339000,1.5,Tolerable,yellow,YES,241.713319,2696.128769,88.2346819999998
389000,4339000,CB3MH,8.2021,1e+06,2.13,76,389000 4339000,2.5,Marginal,orange,YES,241.713319,2696.128769,88.2346819999998
389000,4339000,CB3MH,3.28084,1e+06,4.93,79.02,389000 4339000,1,Suitable,dodgerblue,YES,241.713319,2696.128769,88.2346819999998
389000,4339000,CB3MH,0,1e+06,6.3,81.11,389000 4339000,0,Suitable,dodgerblue,YES,241.713319,2696.128769,88.2346819999998
389000,4339000,CB3MH,6.56168,1e+06,3.15,76.75,389000 4339000,2,Tolerable,yellow,YES,241.713319,2696.128769,88.2346819999998
390000,4232000,CB5MH_MD,26.24672,1e+06,1.18,73.57,390000 4232000,8,Unsuitable,black,YES,242.33469,2629.642072,21.747985
390000,4232000,CB5MH_MD,31.16798,1e+06,1.19,73.43,390000 4232000,9.5,Unsuitable,black,YES,242.33469,2629.642072,21.747985
390000,4232000,CB5MH_MD,18.04462,1e+06,2.26,73.9,390000 4232000,5.5,Marginal,orange,YES,242.33469,2629.642072,21.747985
390000,4232000,CB5MH_MD,24.6063,1e+06,1.13,73.57,390000 4232000,7.5,Unsuitable,black,YES,242.33469,2629.642072,21.747985
390000,4232000,CB5MH_MD,36.08924,1e+06,1.07,73.02,390000 4232000,11,Unsuitable,black,YES,242.33469,2629.642072,21.747985
390000,4232000,CB5MH_MD,8.2021,1e+06,5.66,75.76,390000 4232000,2.5,Suitable,dodgerblue,YES,242.33469,2629.642072,21.747985
390000,4232000,CB5MH_MD,19.68504,1e+06,2.09,73.55,390000 4232000,6,Marginal,orange,YES,242.33469,2629.642072,21.747985
390000,4232000,CB5MH_MD,0,1e+06,8.67,78.26,390000 4232000,0,Suitable,dodgerblue,YES,242.33469,2629.642072,21.747985
390000,4232000,CB5MH_MD,14.76378,1e+06,2.43,74.47,390000 4232000,4.5,Marginal,orange,YES,242.33469,2629.642072,21.747985
390000,4232000,CB5MH_MD,27.88714,1e+06,1.16,73.55,390000 4232000,8.5,Unsuitable,black,YES,242.33469,2629.642072,21.747985
390000,4232000,CB5MH_MD,9.84252,1e+06,4.54,74.83,390000 4232000,3,Suitable,dodgerblue,YES,242.33469,2629.642072,21.747985
390000,4232000,CB5MH_MD,4.92126,1e+06,7.44,77.16,390000 4232000,1.5,Suitable,dodgerblue,YES,242.33469,2629.642072,21.747985
390000,4232000,CB5MH_MD,16.4042,1e+06,2.37,74.2,390000 4232000,5,Marginal,orange,YES,242.33469,2629.642072,21.747985
390000,4232000,CB5MH_MD,1.64042,1e+06,8.69,78.24,390000 4232000,0.5,Suitable,dodgerblue,YES,242.33469,2629.642072,21.747985
390000,4232000,CB5MH_MD,21.32546,1e+06,1.89,73.06,390000 4232000,6.5,Unsuitable,black,YES,242.33469,2629.642072,21.747985
390000,4232000,CB5MH_MD,11.48294,1e+06,3.82,74.1,390000 4232000,3.5,Tolerable,yellow,YES,242.33469,2629.642072,21.747985
390000,4232000,CB5MH_MD,32.8084,1e+06,1.14,73.27,390000 4232000,10,Unsuitable,black,YES,242.33469,2629.642072,21.747985
390000,4232000,CB5MH_MD,37.72966,1e+06,1.04,72.93,390000 4232000,11.5,Unsuitable,black,YES,242.33469,2629.642072,21.747985
390000,4232000,CB5MH_MD,34.44882,1e+06,1.1,73.12,390000 4232000,10.5,Unsuitable,black,YES,242.33469,2629.642072,21.747985
390000,4232000,CB5MH_MD,22.96588,1e+06,1.79,72.74,390000 4232000,7,Unsuitable,black,YES,242.33469,2629.642072,21.747985
390000,4232000,CB5MH_MD,6.56168,1e+06,6.78,76.73,390000 4232000,2,Suitable,dodgerblue,YES,242.33469,2629.642072,21.747985
390000,4232000,CB5MH_MD,3.28084,1e+06,8.14,77.74,390000 4232000,1,Suitable,dodgerblue,YES,242.33469,2629.642072,21.747985
390000,4232000,CB5MH_MD,29.52756,1e+06,1.22,73.51,390000 4232000,9,Unsuitable,black,YES,242.33469,2629.642072,21.747985
390000,4232000,CB5MH_MD,13.12336,1e+06,3.41,73.47,390000 4232000,4,Tolerable,yellow,YES,242.33469,2629.642072,21.747985
390000,4233000,CB5MH_MD,44.29134,1e+06,0.97,72.56,390000 4233000,13.5,Unsuitable,black,YES,242.33469,2630.263443,22.3693559999997
390000,4233000,CB5MH_MD,45.93176,1e+06,0.8,72,390000 4233000,14,Unsuitable,black,YES,242.33469,2630.263443,22.3693559999997
390000,4233000,CB5MH_MD,16.4042,1e+06,2.32,74.03,390000 4233000,5,Marginal,orange,YES,242.33469,2630.263443,22.3693559999997
390000,4233000,CB5MH_MD,39.37008,1e+06,0.98,72.69,390000 4233000,12,Unsuitable,black,YES,242.33469,2630.263443,22.3693559999997
390000,4233000,CB5MH_MD,6.56168,1e+06,6.84,76.68,390000 4233000,2,Suitable,dodgerblue,YES,242.33469,2630.263443,22.3693559999997
390000,4233000,CB5MH_MD,14.76378,1e+06,2.39,74.33,390000 4233000,4.5,Marginal,orange,YES,242.33469,2630.263443,22.3693559999997
390000,4233000,CB5MH_MD,52.49344,1e+06,0.7,71.8,390000 4233000,16,Unsuitable,black,YES,242.33469,2630.263443,22.3693559999997
390000,4233000,CB5MH_MD,50.85302,1e+06,0.7,71.8,390000 4233000,15.5,Unsuitable,black,YES,242.33469,2630.263443,22.3693559999997
390000,4233000,CB5MH_MD,47.57218,1e+06,0.77,71.9,390000 4233000,14.5,Unsuitable,black,YES,242.33469,2630.263443,22.3693559999997
390000,4233000,CB5MH_MD,18.04462,1e+06,2.22,73.73,390000 4233000,5.5,Marginal,orange,YES,242.33469,2630.263443,22.3693559999997
390000,4233000,CB5MH_MD,8.2021,1e+06,5.74,75.69,390000 4233000,2.5,Suitable,dodgerblue,YES,242.33469,2630.263443,22.3693559999997
390000,4233000,CB5MH_MD,37.72966,1e+06,1.01,72.79,390000 4233000,11.5,Unsuitable,black,YES,242.33469,2630.263443,22.3693559999997
390000,4233000,CB5MH_MD,49.2126,1e+06,0.73,71.8,390000 4233000,15,Unsuitable,black,YES,242.33469,2630.263443,22.3693559999997
390000,4233000,CB5MH_MD,13.12336,1e+06,3.43,73.32,390000 4233000,4,Tolerable,yellow,YES,242.33469,2630.263443,22.3693559999997
390000,4233000,CB5MH_MD,41.0105,1e+06,0.97,72.62,390000 4233000,12.5,Unsuitable,black,YES,242.33469,2630.263443,22.3693559999997
390000,4233000,CB5MH_MD,27.88714,1e+06,1.22,73.49,390000 4233000,8.5,Unsuitable,black,YES,242.33469,2630.263443,22.3693559999997
390000,4233000,CB5MH_MD,29.52756,1e+06,1.2,73.41,390000 4233000,9,Unsuitable,black,YES,242.33469,2630.263443,22.3693559999997
390000,4233000,CB5MH_MD,36.08924,1e+06,1.04,72.88,390000 4233000,11,Unsuitable,black,YES,242.33469,2630.263443,22.3693559999997
390000,4233000,CB5MH_MD,32.8084,1e+06,1.11,73.15,390000 4233000,10,Unsuitable,black,YES,242.33469,2630.263443,22.3693559999997
390000,4233000,CB5MH_MD,1.64042,1e+06,8.75,78.17,390000 4233000,0.5,Suitable,dodgerblue,YES,242.33469,2630.263443,22.3693559999997
390000,4233000,CB5MH_MD,4.92126,1e+06,7.44,77.06,390000 4233000,1.5,Suitable,dodgerblue,YES,242.33469,2630.263443,22.3693559999997
390000,4233000,CB5MH_MD,11.48294,1e+06,3.91,73.98,390000 4233000,3.5,Tolerable,yellow,YES,242.33469,2630.263443,22.3693559999997
390000,4233000,CB5MH_MD,42.65092,1e+06,0.97,72.56,390000 4233000,13,Unsuitable,black,YES,242.33469,2630.263443,22.3693559999997
390000,4233000,CB5MH_MD,22.96588,1e+06,1.74,72.57,390000 4233000,7,Unsuitable,black,YES,242.33469,2630.263443,22.3693559999997
390000,4233000,CB5MH_MD,3.28084,1e+06,8.16,77.63,390000 4233000,1,Suitable,dodgerblue,YES,242.33469,2630.263443,22.3693559999997
390000,4233000,CB5MH_MD,26.24672,1e+06,1.23,73.52,390000 4233000,8,Unsuitable,black,YES,242.33469,2630.263443,22.3693559999997
390000,4233000,CB5MH_MD,31.16798,1e+06,1.16,73.31,390000 4233000,9.5,Unsuitable,black,YES,242.33469,2630.263443,22.3693559999997
390000,4233000,CB5MH_MD,54.13386,1e+06,0.7,71.8,390000 4233000,16.5,Unsuitable,black,YES,242.33469,2630.263443,22.3693559999997
390000,4233000,CB5MH_MD,0,1e+06,8.75,78.21,390000 4233000,0,Suitable,dodgerblue,YES,242.33469,2630.263443,22.3693559999997
390000,4233000,CB5MH_MD,21.32546,1e+06,1.83,72.88,390000 4233000,6.5,Unsuitable,black,YES,242.33469,2630.263443,22.3693559999997
390000,4233000,CB5MH_MD,9.84252,1e+06,4.65,74.72,390000 4233000,3,Suitable,dodgerblue,YES,242.33469,2630.263443,22.3693559999997
390000,4233000,CB5MH_MD,34.44882,1e+06,1.07,72.98,390000 4233000,10.5,Unsuitable,black,YES,242.33469,2630.263443,22.3693559999997
390000,4233000,CB5MH_MD,19.68504,1e+06,2.04,73.38,390000 4233000,6,Marginal,orange,YES,242.33469,2630.263443,22.3693559999997
390000,4233000,CB5MH_MD,24.6063,1e+06,1.17,73.48,390000 4233000,7.5,Unsuitable,black,YES,242.33469,2630.263443,22.3693559999997
391000,4230000,CB5MH_MD,21.32546,1e+06,1.81,73.63,391000 4230000,6.5,Unsuitable,black,YES,242.956061,2628.39933,20.5052430000001
391000,4230000,CB5MH_MD,4.92126,1e+06,7.37,78.04,391000 4230000,1.5,Suitable,dodgerblue,YES,242.956061,2628.39933,20.5052430000001
391000,4230000,CB5MH_MD,13.12336,1e+06,3.14,74.23,391000 4230000,4,Tolerable,yellow,YES,242.956061,2628.39933,20.5052430000001
391000,4230000,CB5MH_MD,19.68504,1e+06,1.99,74.12,391000 4230000,6,Unsuitable,black,YES,242.956061,2628.39933,20.5052430000001
391000,4230000,CB5MH_MD,32.8084,1e+06,1.2,73.58,391000 4230000,10,Unsuitable,black,YES,242.956061,2628.39933,20.5052430000001
391000,4230000,CB5MH_MD,3.28084,1e+06,8.06,78.67,391000 4230000,1,Suitable,dodgerblue,YES,242.956061,2628.39933,20.5052430000001
391000,4230000,CB5MH_MD,6.56168,1e+06,6.53,77.45,391000 4230000,2,Suitable,dodgerblue,YES,242.956061,2628.39933,20.5052430000001
391000,4230000,CB5MH_MD,18.04462,1e+06,2.16,74.58,391000 4230000,5.5,Marginal,orange,YES,242.956061,2628.39933,20.5052430000001
391000,4230000,CB5MH_MD,37.72966,1e+06,1.13,73.25,391000 4230000,11.5,Unsuitable,black,YES,242.956061,2628.39933,20.5052430000001
391000,4230000,CB5MH_MD,31.16798,1e+06,1.25,73.72,391000 4230000,9.5,Unsuitable,black,YES,242.956061,2628.39933,20.5052430000001
391000,4230000,CB5MH_MD,29.52756,1e+06,1.29,73.78,391000 4230000,9,Unsuitable,black,YES,242.956061,2628.39933,20.5052430000001
391000,4230000,CB5MH_MD,22.96588,1e+06,1.71,73.36,391000 4230000,7,Unsuitable,black,YES,242.956061,2628.39933,20.5052430000001
391000,4230000,CB5MH_MD,16.4042,1e+06,2.28,74.91,391000 4230000,5,Marginal,orange,YES,242.956061,2628.39933,20.5052430000001
391000,4230000,CB5MH_MD,0,1e+06,8.5,79.08,391000 4230000,0,Suitable,dodgerblue,YES,242.956061,2628.39933,20.5052430000001
391000,4230000,CB5MH_MD,34.44882,1e+06,1.17,73.45,391000 4230000,10.5,Unsuitable,black,YES,242.956061,2628.39933,20.5052430000001
391000,4230000,CB5MH_MD,27.88714,1e+06,1.23,73.77,391000 4230000,8.5,Unsuitable,black,YES,242.956061,2628.39933,20.5052430000001
391000,4230000,CB5MH_MD,1.64042,1e+06,8.54,79.12,391000 4230000,0.5,Suitable,dodgerblue,YES,242.956061,2628.39933,20.5052430000001
391000,4230000,CB5MH_MD,36.08924,1e+06,1.15,73.35,391000 4230000,11,Unsuitable,black,YES,242.956061,2628.39933,20.5052430000001
391000,4230000,CB5MH_MD,26.24672,1e+06,1.25,73.79,391000 4230000,8,Unsuitable,black,YES,242.956061,2628.39933,20.5052430000001
391000,4230000,CB5MH_MD,14.76378,1e+06,2.4,75.2,391000 4230000,4.5,Marginal,orange,YES,242.956061,2628.39933,20.5052430000001
391000,4230000,CB5MH_MD,11.48294,1e+06,3.37,74.8,391000 4230000,3.5,Tolerable,yellow,YES,242.956061,2628.39933,20.5052430000001
391000,4230000,CB5MH_MD,8.2021,1e+06,5.28,76.47,391000 4230000,2.5,Suitable,dodgerblue,YES,242.956061,2628.39933,20.5052430000001
391000,4230000,CB5MH_MD,24.6063,1e+06,1.22,73.82,391000 4230000,7.5,Unsuitable,black,YES,242.956061,2628.39933,20.5052430000001
391000,4230000,CB5MH_MD,9.84252,1e+06,4.04,75.55,391000 4230000,3,Suitable,dodgerblue,YES,242.956061,2628.39933,20.5052430000001
391000,4231000,CB5MH_MD,16.4042,1e+06,2.36,74.53,391000 4231000,5,Marginal,orange,YES,242.956061,2629.020701,21.1266139999998
391000,4231000,CB5MH_MD,41.0105,1e+06,1.07,72.99,391000 4231000,12.5,Unsuitable,black,YES,242.956061,2629.020701,21.1266139999998
391000,4231000,CB5MH_MD,21.32546,1e+06,1.89,73.39,391000 4231000,6.5,Unsuitable,black,YES,242.956061,2629.020701,21.1266139999998
391000,4231000,CB5MH_MD,44.29134,1e+06,1.07,72.95,391000 4231000,13.5,Unsuitable,black,YES,242.956061,2629.020701,21.1266139999998
391000,4231000,CB5MH_MD,42.65092,1e+06,1.07,72.95,391000 4231000,13,Unsuitable,black,YES,242.956061,2629.020701,21.1266139999998
391000,4231000,CB5MH_MD,57.4147,1e+06,0.7,71.8,391000 4231000,17.5,Unsuitable,black,YES,242.956061,2629.020701,21.1266139999998
391000,4231000,CB5MH_MD,24.6063,1e+06,1.17,73.71,391000 4231000,7.5,Unsuitable,black,YES,242.956061,2629.020701,21.1266139999998
391000,4231000,CB5MH_MD,14.76378,1e+06,2.41,74.78,391000 4231000,4.5,Marginal,orange,YES,242.956061,2629.020701,21.1266139999998
391000,4231000,CB5MH_MD,32.8084,1e+06,1.17,73.44,391000 4231000,10,Unsuitable,black,YES,242.956061,2629.020701,21.1266139999998
391000,4231000,CB5MH_MD,50.85302,1e+06,0.7,71.8,391000 4231000,15.5,Unsuitable,black,YES,242.956061,2629.020701,21.1266139999998
391000,4231000,CB5MH_MD,27.88714,1e+06,1.2,73.67,391000 4231000,8.5,Unsuitable,black,YES,242.956061,2629.020701,21.1266139999998
391000,4231000,CB5MH_MD,22.96588,1e+06,1.78,73.06,391000 4231000,7,Unsuitable,black,YES,242.956061,2629.020701,21.1266139999998
391000,4231000,CB5MH_MD,11.48294,1e+06,3.57,74.49,391000 4231000,3.5,Tolerable,yellow,YES,242.956061,2629.020701,21.1266139999998
391000,4231000,CB5MH_MD,54.13386,1e+06,0.7,71.8,391000 4231000,16.5,Unsuitable,black,YES,242.956061,2629.020701,21.1266139999998
391000,4231000,CB5MH_MD,45.93176,1e+06,0.8,72,391000 4231000,14,Unsuitable,black,YES,242.956061,2629.020701,21.1266139999998
391000,4231000,CB5MH_MD,39.37008,1e+06,1.08,73.04,391000 4231000,12,Unsuitable,black,YES,242.956061,2629.020701,21.1266139999998
391000,4231000,CB5MH_MD,3.28084,1e+06,8.1,78.26,391000 4231000,1,Suitable,dodgerblue,YES,242.956061,2629.020701,21.1266139999998
391000,4231000,CB5MH_MD,29.52756,1e+06,1.26,73.66,391000 4231000,9,Unsuitable,black,YES,242.956061,2629.020701,21.1266139999998
391000,4231000,CB5MH_MD,8.2021,1e+06,5.45,76.16,391000 4231000,2.5,Suitable,dodgerblue,YES,242.956061,2629.020701,21.1266139999998
391000,4231000,CB5MH_MD,26.24672,1e+06,1.22,73.69,391000 4231000,8,Unsuitable,black,YES,242.956061,2629.020701,21.1266139999998
391000,4231000,CB5MH_MD,55.77428,1e+06,0.7,71.8,391000 4231000,17,Unsuitable,black,YES,242.956061,2629.020701,21.1266139999998
391000,4231000,CB5MH_MD,9.84252,1e+06,4.26,75.23,391000 4231000,3,Suitable,dodgerblue,YES,242.956061,2629.020701,21.1266139999998
391000,4231000,CB5MH_MD,4.92126,1e+06,7.4,77.66,391000 4231000,1.5,Suitable,dodgerblue,YES,242.956061,2629.020701,21.1266139999998
391000,4231000,CB5MH_MD,52.49344,1e+06,0.7,71.8,391000 4231000,16,Unsuitable,black,YES,242.956061,2629.020701,21.1266139999998
391000,4231000,CB5MH_MD,49.2126,1e+06,0.73,71.8,391000 4231000,15,Unsuitable,black,YES,242.956061,2629.020701,21.1266139999998
391000,4231000,CB5MH_MD,37.72966,1e+06,1.09,73.11,391000 4231000,11.5,Unsuitable,black,YES,242.956061,2629.020701,21.1266139999998
391000,4231000,CB5MH_MD,18.04462,1e+06,2.25,74.24,391000 4231000,5.5,Marginal,orange,YES,242.956061,2629.020701,21.1266139999998
391000,4231000,CB5MH_MD,31.16798,1e+06,1.22,73.59,391000 4231000,9.5,Unsuitable,black,YES,242.956061,2629.020701,21.1266139999998
391000,4231000,CB5MH_MD,19.68504,1e+06,2.08,73.88,391000 4231000,6,Marginal,orange,YES,242.956061,2629.020701,21.1266139999998
391000,4231000,CB5MH_MD,13.12336,1e+06,3.25,73.9,391000 4231000,4,Tolerable,yellow,YES,242.956061,2629.020701,21.1266139999998
391000,4231000,CB5MH_MD,0,1e+06,8.58,78.72,391000 4231000,0,Suitable,dodgerblue,YES,242.956061,2629.020701,21.1266139999998
391000,4231000,CB5MH_MD,1.64042,1e+06,8.61,78.74,391000 4231000,0.5,Suitable,dodgerblue,YES,242.956061,2629.020701,21.1266139999998
391000,4231000,CB5MH_MD,47.57218,1e+06,0.77,71.9,391000 4231000,14.5,Unsuitable,black,YES,242.956061,2629.020701,21.1266139999998
391000,4231000,CB5MH_MD,34.44882,1e+06,1.14,73.3,391000 4231000,10.5,Unsuitable,black,YES,242.956061,2629.020701,21.1266139999998
391000,4231000,CB5MH_MD,36.08924,1e+06,1.11,73.2,391000 4231000,11,Unsuitable,black,YES,242.956061,2629.020701,21.1266139999998
391000,4231000,CB5MH_MD,6.56168,1e+06,6.64,77.13,391000 4231000,2,Suitable,dodgerblue,YES,242.956061,2629.020701,21.1266139999998
391000,4346000,CB2OH,3.28084,1e+06,5.27,80.67,391000 4346000,1,Suitable,dodgerblue,YES,242.956061,2700.478366,92.5842789999997
391000,4346000,CB2OH,4.92126,1e+06,4.19,79.48,391000 4346000,1.5,Suitable,dodgerblue,YES,242.956061,2700.478366,92.5842789999997
391000,4346000,CB2OH,0,1e+06,6.38,81.99,391000 4346000,0,Suitable,dodgerblue,YES,242.956061,2700.478366,92.5842789999997
391000,4346000,CB2OH,9.84252,1e+06,2.23,76.84,391000 4346000,3,Marginal,orange,YES,242.956061,2700.478366,92.5842789999997
391000,4346000,CB2OH,8.2021,1e+06,2.89,77.65,391000 4346000,2.5,Marginal,orange,YES,242.956061,2700.478366,92.5842789999997
391000,4346000,CB2OH,6.56168,1e+06,3.5,78.33,391000 4346000,2,Tolerable,yellow,YES,242.956061,2700.478366,92.5842789999997
391000,4346000,CB2OH,1.64042,1e+06,6.07,81.38,391000 4346000,0.5,Suitable,dodgerblue,YES,242.956061,2700.478366,92.5842789999997
391000,4347000,CB2OH,9.84252,1e+06,2.28,76.91,391000 4347000,3,Marginal,orange,YES,242.956061,2701.099737,93.2056499999999
391000,4347000,CB2OH,3.28084,1e+06,5.3,80.63,391000 4347000,1,Suitable,dodgerblue,YES,242.956061,2701.099737,93.2056499999999
391000,4347000,CB2OH,6.56168,1e+06,3.54,78.39,391000 4347000,2,Tolerable,yellow,YES,242.956061,2701.099737,93.2056499999999
391000,4347000,CB2OH,0,1e+06,6.4,81.95,391000 4347000,0,Suitable,dodgerblue,YES,242.956061,2701.099737,93.2056499999999
391000,4347000,CB2OH,1.64042,1e+06,6.08,81.34,391000 4347000,0.5,Suitable,dodgerblue,YES,242.956061,2701.099737,93.2056499999999
391000,4347000,CB2OH,14.76378,1e+06,0.79,74.17,391000 4347000,4.5,Unsuitable,black,YES,242.956061,2701.099737,93.2056499999999
391000,4347000,CB2OH,11.48294,1e+06,1.75,75.93,391000 4347000,3.5,Unsuitable,black,YES,242.956061,2701.099737,93.2056499999999
391000,4347000,CB2OH,8.2021,1e+06,2.94,77.72,391000 4347000,2.5,Marginal,orange,YES,242.956061,2701.099737,93.2056499999999
391000,4347000,CB2OH,13.12336,1e+06,1.25,75.09,391000 4347000,4,Unsuitable,black,YES,242.956061,2701.099737,93.2056499999999
391000,4347000,CB2OH,16.4042,1e+06,0.59,73.69,391000 4347000,5,Unsuitable,black,YES,242.956061,2701.099737,93.2056499999999
391000,4347000,CB2OH,4.92126,1e+06,4.22,79.51,391000 4347000,1.5,Suitable,dodgerblue,YES,242.956061,2701.099737,93.2056499999999
392000,4221000,CB5MH_MD,9.84252,1e+06,2.56,78.01,392000 4221000,3,Marginal,orange,YES,243.577432,2622.806991,14.9129039999998
392000,4221000,CB5MH_MD,6.56168,1e+06,5.81,80.11,392000 4221000,2,Suitable,dodgerblue,YES,243.577432,2622.806991,14.9129039999998
392000,4221000,CB5MH_MD,42.65092,1e+06,1.3,73.9,392000 4221000,13,Unsuitable,black,YES,243.577432,2622.806991,14.9129039999998
392000,4221000,CB5MH_MD,11.48294,1e+06,1.96,77.11,392000 4221000,3.5,Unsuitable,black,YES,243.577432,2622.806991,14.9129039999998
392000,4221000,CB5MH_MD,13.12336,1e+06,2.15,76.61,392000 4221000,4,Marginal,orange,YES,243.577432,2622.806991,14.9129039999998
392000,4221000,CB5MH_MD,8.2021,1e+06,4.16,79.01,392000 4221000,2.5,Suitable,dodgerblue,YES,243.577432,2622.806991,14.9129039999998
392000,4221000,CB5MH_MD,4.92126,1e+06,7.1,81.11,392000 4221000,1.5,Suitable,dodgerblue,YES,243.577432,2622.806991,14.9129039999998
392000,4221000,CB5MH_MD,32.8084,1e+06,1.33,74.2,392000 4221000,10,Unsuitable,black,YES,243.577432,2622.806991,14.9129039999998
392000,4221000,CB5MH_MD,29.52756,1e+06,1.43,74.3,392000 4221000,9,Unsuitable,black,YES,243.577432,2622.806991,14.9129039999998
392000,4221000,CB5MH_MD,41.0105,1e+06,1.3,73.9,392000 4221000,12.5,Unsuitable,black,YES,243.577432,2622.806991,14.9129039999998
392000,4221000,CB5MH_MD,14.76378,1e+06,2.15,76.5,392000 4221000,4.5,Marginal,orange,YES,243.577432,2622.806991,14.9129039999998
392000,4221000,CB5MH_MD,31.16798,1e+06,1.38,74.3,392000 4221000,9.5,Unsuitable,black,YES,243.577432,2622.806991,14.9129039999998
392000,4221000,CB5MH_MD,1.64042,1e+06,8.2,82.31,392000 4221000,0.5,Suitable,dodgerblue,YES,243.577432,2622.806991,14.9129039999998
392000,4221000,CB5MH_MD,0,1e+06,8.1,82.11,392000 4221000,0,Suitable,dodgerblue,YES,243.577432,2622.806991,14.9129039999998
392000,4221000,CB5MH_MD,21.32546,1e+06,1.74,75.19,392000 4221000,6.5,Unsuitable,black,YES,243.577432,2622.806991,14.9129039999998
392000,4221000,CB5MH_MD,19.68504,1e+06,1.89,75.69,392000 4221000,6,Unsuitable,black,YES,243.577432,2622.806991,14.9129039999998
392000,4221000,CB5MH_MD,34.44882,1e+06,1.3,74.1,392000 4221000,10.5,Unsuitable,black,YES,243.577432,2622.806991,14.9129039999998
392000,4221000,CB5MH_MD,18.04462,1e+06,2.04,76.09,392000 4221000,5.5,Marginal,orange,YES,243.577432,2622.806991,14.9129039999998
392000,4221000,CB5MH_MD,24.6063,1e+06,1.5,74.4,392000 4221000,7.5,Unsuitable,black,YES,243.577432,2622.806991,14.9129039999998
392000,4221000,CB5MH_MD,37.72966,1e+06,1.3,73.9,392000 4221000,11.5,Unsuitable,black,YES,243.577432,2622.806991,14.9129039999998
392000,4221000,CB5MH_MD,36.08924,1e+06,1.3,74,392000 4221000,11,Unsuitable,black,YES,243.577432,2622.806991,14.9129039999998
392000,4221000,CB5MH_MD,27.88714,1e+06,1.47,74.3,392000 4221000,8.5,Unsuitable,black,YES,243.577432,2622.806991,14.9129039999998
392000,4221000,CB5MH_MD,26.24672,1e+06,1.5,74.3,392000 4221000,8,Unsuitable,black,YES,243.577432,2622.806991,14.9129039999998
392000,4221000,CB5MH_MD,39.37008,1e+06,1.3,73.9,392000 4221000,12,Unsuitable,black,YES,243.577432,2622.806991,14.9129039999998
392000,4221000,CB5MH_MD,3.28084,1e+06,7.85,81.91,392000 4221000,1,Suitable,dodgerblue,YES,243.577432,2622.806991,14.9129039999998
392000,4221000,CB5MH_MD,16.4042,1e+06,2.14,76.4,392000 4221000,5,Marginal,orange,YES,243.577432,2622.806991,14.9129039999998
392000,4221000,CB5MH_MD,22.96588,1e+06,1.6,74.79,392000 4221000,7,Unsuitable,black,YES,243.577432,2622.806991,14.9129039999998
392000,4222000,CB5MH_MD,11.48294,1e+06,1.96,77.1,392000 4222000,3.5,Unsuitable,black,YES,243.577432,2623.428362,15.534275
392000,4222000,CB5MH_MD,42.65092,1e+06,1.3,73.9,392000 4222000,13,Unsuitable,black,YES,243.577432,2623.428362,15.534275
392000,4222000,CB5MH_MD,44.29134,1e+06,1.3,73.9,392000 4222000,13.5,Unsuitable,black,YES,243.577432,2623.428362,15.534275
392000,4222000,CB5MH_MD,4.92126,1e+06,7.1,81.1,392000 4222000,1.5,Suitable,dodgerblue,YES,243.577432,2623.428362,15.534275
392000,4222000,CB5MH_MD,39.37008,1e+06,1.3,73.9,392000 4222000,12,Unsuitable,black,YES,243.577432,2623.428362,15.534275
392000,4222000,CB5MH_MD,24.6063,1e+06,1.5,74.4,392000 4222000,7.5,Unsuitable,black,YES,243.577432,2623.428362,15.534275
392000,4222000,CB5MH_MD,29.52756,1e+06,1.42,74.3,392000 4222000,9,Unsuitable,black,YES,243.577432,2623.428362,15.534275
392000,4222000,CB5MH_MD,41.0105,1e+06,1.3,73.9,392000 4222000,12.5,Unsuitable,black,YES,243.577432,2623.428362,15.534275
392000,4222000,CB5MH_MD,13.12336,1e+06,2.15,76.6,392000 4222000,4,Marginal,orange,YES,243.577432,2623.428362,15.534275
392000,4222000,CB5MH_MD,31.16798,1e+06,1.37,74.3,392000 4222000,9.5,Unsuitable,black,YES,243.577432,2623.428362,15.534275
392000,4222000,CB5MH_MD,32.8084,1e+06,1.32,74.2,392000 4222000,10,Unsuitable,black,YES,243.577432,2623.428362,15.534275
392000,4222000,CB5MH_MD,3.28084,1e+06,7.85,81.9,392000 4222000,1,Suitable,dodgerblue,YES,243.577432,2623.428362,15.534275
392000,4222000,CB5MH_MD,36.08924,1e+06,1.3,74,392000 4222000,11,Unsuitable,black,YES,243.577432,2623.428362,15.534275
392000,4222000,CB5MH_MD,8.2021,1e+06,4.15,79,392000 4222000,2.5,Suitable,dodgerblue,YES,243.577432,2623.428362,15.534275
392000,4222000,CB5MH_MD,14.76378,1e+06,2.15,76.5,392000 4222000,4.5,Marginal,orange,YES,243.577432,2623.428362,15.534275
392000,4222000,CB5MH_MD,27.88714,1e+06,1.47,74.3,392000 4222000,8.5,Unsuitable,black,YES,243.577432,2623.428362,15.534275
392000,4222000,CB5MH_MD,21.32546,1e+06,1.75,75.2,392000 4222000,6.5,Unsuitable,black,YES,243.577432,2623.428362,15.534275
392000,4222000,CB5MH_MD,37.72966,1e+06,1.3,73.9,392000 4222000,11.5,Unsuitable,black,YES,243.577432,2623.428362,15.534275
392000,4222000,CB5MH_MD,45.93176,1e+06,0.8,72,392000 4222000,14,Unsuitable,black,YES,243.577432,2623.428362,15.534275
392000,4222000,CB5MH_MD,47.57218,1e+06,0.77,71.9,392000 4222000,14.5,Unsuitable,black,YES,243.577432,2623.428362,15.534275
392000,4222000,CB5MH_MD,22.96588,1e+06,1.6,74.8,392000 4222000,7,Unsuitable,black,YES,243.577432,2623.428362,15.534275
392000,4222000,CB5MH_MD,16.4042,1e+06,2.15,76.4,392000 4222000,5,Marginal,orange,YES,243.577432,2623.428362,15.534275
392000,4222000,CB5MH_MD,6.56168,1e+06,5.8,80.1,392000 4222000,2,Suitable,dodgerblue,YES,243.577432,2623.428362,15.534275
392000,4222000,CB5MH_MD,34.44882,1e+06,1.3,74.1,392000 4222000,10.5,Unsuitable,black,YES,243.577432,2623.428362,15.534275
392000,4222000,CB5MH_MD,0,1e+06,8.1,82.1,392000 4222000,0,Suitable,dodgerblue,YES,243.577432,2623.428362,15.534275
392000,4222000,CB5MH_MD,19.68504,1e+06,1.9,75.7,392000 4222000,6,Unsuitable,black,YES,243.577432,2623.428362,15.534275
392000,4222000,CB5MH_MD,18.04462,1e+06,2.05,76.1,392000 4222000,5.5,Marginal,orange,YES,243.577432,2623.428362,15.534275
392000,4222000,CB5MH_MD,26.24672,1e+06,1.5,74.3,392000 4222000,8,Unsuitable,black,YES,243.577432,2623.428362,15.534275
392000,4222000,CB5MH_MD,9.84252,1e+06,2.56,78,392000 4222000,3,Marginal,orange,YES,243.577432,2623.428362,15.534275
392000,4222000,CB5MH_MD,1.64042,1e+06,8.2,82.3,392000 4222000,0.5,Suitable,dodgerblue,YES,243.577432,2623.428362,15.534275
392000,4223000,CB5MH_MD,16.4042,1e+06,2.15,76.36,392000 4223000,5,Marginal,orange,YES,243.577432,2624.049733,16.1556459999997
392000,4223000,CB5MH_MD,36.08924,1e+06,1.3,73.99,392000 4223000,11,Unsuitable,black,YES,243.577432,2624.049733,16.1556459999997
392000,4223000,CB5MH_MD,26.24672,1e+06,1.49,74.29,392000 4223000,8,Unsuitable,black,YES,243.577432,2624.049733,16.1556459999997
392000,4223000,CB5MH_MD,24.6063,1e+06,1.49,74.39,392000 4223000,7.5,Unsuitable,black,YES,243.577432,2624.049733,16.1556459999997
392000,4223000,CB5MH_MD,21.32546,1e+06,1.75,75.15,392000 4223000,6.5,Unsuitable,black,YES,243.577432,2624.049733,16.1556459999997
392000,4223000,CB5MH_MD,45.93176,1e+06,0.8,72,392000 4223000,14,Unsuitable,black,YES,243.577432,2624.049733,16.1556459999997
392000,4223000,CB5MH_MD,44.29134,1e+06,1.3,73.89,392000 4223000,13.5,Unsuitable,black,YES,243.577432,2624.049733,16.1556459999997
392000,4223000,CB5MH_MD,39.37008,1e+06,1.3,73.89,392000 4223000,12,Unsuitable,black,YES,243.577432,2624.049733,16.1556459999997
392000,4223000,CB5MH_MD,37.72966,1e+06,1.3,73.89,392000 4223000,11.5,Unsuitable,black,YES,243.577432,2624.049733,16.1556459999997
392000,4223000,CB5MH_MD,14.76378,1e+06,2.15,76.47,392000 4223000,4.5,Marginal,orange,YES,243.577432,2624.049733,16.1556459999997
392000,4223000,CB5MH_MD,49.2126,1e+06,0.73,71.8,392000 4223000,15,Unsuitable,black,YES,243.577432,2624.049733,16.1556459999997
392000,4223000,CB5MH_MD,13.12336,1e+06,2.17,76.58,392000 4223000,4,Marginal,orange,YES,243.577432,2624.049733,16.1556459999997
392000,4223000,CB5MH_MD,11.48294,1e+06,1.99,77.09,392000 4223000,3.5,Unsuitable,black,YES,243.577432,2624.049733,16.1556459999997
392000,4223000,CB5MH_MD,34.44882,1e+06,1.3,74.09,392000 4223000,10.5,Unsuitable,black,YES,243.577432,2624.049733,16.1556459999997
392000,4223000,CB5MH_MD,41.0105,1e+06,1.3,73.89,392000 4223000,12.5,Unsuitable,black,YES,243.577432,2624.049733,16.1556459999997
392000,4223000,CB5MH_MD,6.56168,1e+06,5.82,80.08,392000 4223000,2,Suitable,dodgerblue,YES,243.577432,2624.049733,16.1556459999997
392000,4223000,CB5MH_MD,0,1e+06,8.11,82.07,392000 4223000,0,Suitable,dodgerblue,YES,243.577432,2624.049733,16.1556459999997
392000,4223000,CB5MH_MD,4.92126,1e+06,7.11,81.07,392000 4223000,1.5,Suitable,dodgerblue,YES,243.577432,2624.049733,16.1556459999997
392000,4223000,CB5MH_MD,42.65092,1e+06,1.3,73.89,392000 4223000,13,Unsuitable,black,YES,243.577432,2624.049733,16.1556459999997
392000,4223000,CB5MH_MD,47.57218,1e+06,0.77,71.9,392000 4223000,14.5,Unsuitable,black,YES,243.577432,2624.049733,16.1556459999997
392000,4223000,CB5MH_MD,19.68504,1e+06,1.9,75.65,392000 4223000,6,Unsuitable,black,YES,243.577432,2624.049733,16.1556459999997
392000,4223000,CB5MH_MD,8.2021,1e+06,4.19,78.98,392000 4223000,2.5,Suitable,dodgerblue,YES,243.577432,2624.049733,16.1556459999997
392000,4223000,CB5MH_MD,27.88714,1e+06,1.46,74.29,392000 4223000,8.5,Unsuitable,black,YES,243.577432,2624.049733,16.1556459999997
392000,4223000,CB5MH_MD,32.8084,1e+06,1.32,74.19,392000 4223000,10,Unsuitable,black,YES,243.577432,2624.049733,16.1556459999997
392000,4223000,CB5MH_MD,31.16798,1e+06,1.37,74.29,392000 4223000,9.5,Unsuitable,black,YES,243.577432,2624.049733,16.1556459999997
392000,4223000,CB5MH_MD,29.52756,1e+06,1.42,74.29,392000 4223000,9,Unsuitable,black,YES,243.577432,2624.049733,16.1556459999997
392000,4223000,CB5MH_MD,18.04462,1e+06,2.05,76.06,392000 4223000,5.5,Marginal,orange,YES,243.577432,2624.049733,16.1556459999997
392000,4223000,CB5MH_MD,9.84252,1e+06,2.6,77.99,392000 4223000,3,Marginal,orange,YES,243.577432,2624.049733,16.1556459999997
392000,4223000,CB5MH_MD,3.28084,1e+06,7.85,81.86,392000 4223000,1,Suitable,dodgerblue,YES,243.577432,2624.049733,16.1556459999997
392000,4223000,CB5MH_MD,22.96588,1e+06,1.6,74.76,392000 4223000,7,Unsuitable,black,YES,243.577432,2624.049733,16.1556459999997
392000,4223000,CB5MH_MD,1.64042,1e+06,8.2,82.26,392000 4223000,0.5,Suitable,dodgerblue,YES,243.577432,2624.049733,16.1556459999997
392000,4224000,CB5MH_MD,24.6063,1e+06,1.47,74.36,392000 4224000,7.5,Unsuitable,black,YES,243.577432,2624.671104,16.7770169999999
392000,4224000,CB5MH_MD,29.52756,1e+06,1.42,74.28,392000 4224000,9,Unsuitable,black,YES,243.577432,2624.671104,16.7770169999999
392000,4224000,CB5MH_MD,22.96588,1e+06,1.6,74.68,392000 4224000,7,Unsuitable,black,YES,243.577432,2624.671104,16.7770169999999
392000,4224000,CB5MH_MD,13.12336,1e+06,2.21,76.53,392000 4224000,4,Marginal,orange,YES,243.577432,2624.671104,16.7770169999999
392000,4224000,CB5MH_MD,41.0105,1e+06,1.29,73.87,392000 4224000,12.5,Unsuitable,black,YES,243.577432,2624.671104,16.7770169999999
392000,4224000,CB5MH_MD,21.32546,1e+06,1.75,75.06,392000 4224000,6.5,Unsuitable,black,YES,243.577432,2624.671104,16.7770169999999
392000,4224000,CB5MH_MD,26.24672,1e+06,1.47,74.26,392000 4224000,8,Unsuitable,black,YES,243.577432,2624.671104,16.7770169999999
392000,4224000,CB5MH_MD,27.88714,1e+06,1.45,74.26,392000 4224000,8.5,Unsuitable,black,YES,243.577432,2624.671104,16.7770169999999
392000,4224000,CB5MH_MD,31.16798,1e+06,1.37,74.28,392000 4224000,9.5,Unsuitable,black,YES,243.577432,2624.671104,16.7770169999999
392000,4224000,CB5MH_MD,47.57218,1e+06,0.77,71.9,392000 4224000,14.5,Unsuitable,black,YES,243.577432,2624.671104,16.7770169999999
392000,4224000,CB5MH_MD,37.72966,1e+06,1.29,73.88,392000 4224000,11.5,Unsuitable,black,YES,243.577432,2624.671104,16.7770169999999
392000,4224000,CB5MH_MD,34.44882,1e+06,1.3,74.08,392000 4224000,10.5,Unsuitable,black,YES,243.577432,2624.671104,16.7770169999999
392000,4224000,CB5MH_MD,39.37008,1e+06,1.29,73.87,392000 4224000,12,Unsuitable,black,YES,243.577432,2624.671104,16.7770169999999
392000,4224000,CB5MH_MD,16.4042,1e+06,2.15,76.28,392000 4224000,5,Marginal,orange,YES,243.577432,2624.671104,16.7770169999999
392000,4224000,CB5MH_MD,14.76378,1e+06,2.17,76.4,392000 4224000,4.5,Marginal,orange,YES,243.577432,2624.671104,16.7770169999999
392000,4224000,CB5MH_MD,18.04462,1e+06,2.05,75.97,392000 4224000,5.5,Marginal,orange,YES,243.577432,2624.671104,16.7770169999999
392000,4224000,CB5MH_MD,49.2126,1e+06,0.73,71.8,392000 4224000,15,Unsuitable,black,YES,243.577432,2624.671104,16.7770169999999
392000,4224000,CB5MH_MD,32.8084,1e+06,1.32,74.18,392000 4224000,10,Unsuitable,black,YES,243.577432,2624.671104,16.7770169999999
392000,4224000,CB5MH_MD,9.84252,1e+06,2.68,77.95,392000 4224000,3,Marginal,orange,YES,243.577432,2624.671104,16.7770169999999
392000,4224000,CB5MH_MD,8.2021,1e+06,4.25,78.94,392000 4224000,2.5,Suitable,dodgerblue,YES,243.577432,2624.671104,16.7770169999999
392000,4224000,CB5MH_MD,19.68504,1e+06,1.9,75.56,392000 4224000,6,Unsuitable,black,YES,243.577432,2624.671104,16.7770169999999
392000,4224000,CB5MH_MD,36.08924,1e+06,1.29,73.98,392000 4224000,11,Unsuitable,black,YES,243.577432,2624.671104,16.7770169999999
392000,4224000,CB5MH_MD,45.93176,1e+06,0.8,72,392000 4224000,14,Unsuitable,black,YES,243.577432,2624.671104,16.7770169999999
392000,4224000,CB5MH_MD,4.92126,1e+06,7.12,80.99,392000 4224000,1.5,Suitable,dodgerblue,YES,243.577432,2624.671104,16.7770169999999
392000,4224000,CB5MH_MD,3.28084,1e+06,7.86,81.78,392000 4224000,1,Suitable,dodgerblue,YES,243.577432,2624.671104,16.7770169999999
392000,4224000,CB5MH_MD,6.56168,1e+06,5.86,80.03,392000 4224000,2,Suitable,dodgerblue,YES,243.577432,2624.671104,16.7770169999999
392000,4224000,CB5MH_MD,50.85302,1e+06,0.7,71.8,392000 4224000,15.5,Unsuitable,black,YES,243.577432,2624.671104,16.7770169999999
392000,4224000,CB5MH_MD,0,1e+06,8.12,81.99,392000 4224000,0,Suitable,dodgerblue,YES,243.577432,2624.671104,16.7770169999999
392000,4224000,CB5MH_MD,11.48294,1e+06,2.07,77.06,392000 4224000,3.5,Marginal,orange,YES,243.577432,2624.671104,16.7770169999999
392000,4224000,CB5MH_MD,44.29134,1e+06,1.29,73.87,392000 4224000,13.5,Unsuitable,black,YES,243.577432,2624.671104,16.7770169999999
392000,4224000,CB5MH_MD,1.64042,1e+06,8.21,82.18,392000 4224000,0.5,Suitable,dodgerblue,YES,243.577432,2624.671104,16.7770169999999
392000,4224000,CB5MH_MD,42.65092,1e+06,1.29,73.87,392000 4224000,13,Unsuitable,black,YES,243.577432,2624.671104,16.7770169999999
392000,4225000,CB5MH_MD,37.72966,1e+06,1.29,73.85,392000 4225000,11.5,Unsuitable,black,YES,243.577432,2625.292475,17.3983880000001
392000,4225000,CB5MH_MD,42.65092,1e+06,1.28,73.84,392000 4225000,13,Unsuitable,black,YES,243.577432,2625.292475,17.3983880000001
392000,4225000,CB5MH_MD,18.04462,1e+06,2.05,75.84,392000 4225000,5.5,Marginal,orange,YES,243.577432,2625.292475,17.3983880000001
392000,4225000,CB5MH_MD,54.13386,1e+06,0.7,71.8,392000 4225000,16.5,Unsuitable,black,YES,243.577432,2625.292475,17.3983880000001
392000,4225000,CB5MH_MD,41.0105,1e+06,1.28,73.84,392000 4225000,12.5,Unsuitable,black,YES,243.577432,2625.292475,17.3983880000001
392000,4225000,CB5MH_MD,55.77428,1e+06,0.7,71.8,392000 4225000,17,Unsuitable,black,YES,243.577432,2625.292475,17.3983880000001
392000,4225000,CB5MH_MD,29.52756,1e+06,1.41,74.26,392000 4225000,9,Unsuitable,black,YES,243.577432,2625.292475,17.3983880000001
392000,4225000,CB5MH_MD,44.29134,1e+06,1.28,73.84,392000 4225000,13.5,Unsuitable,black,YES,243.577432,2625.292475,17.3983880000001
392000,4225000,CB5MH_MD,36.08924,1e+06,1.29,73.95,392000 4225000,11,Unsuitable,black,YES,243.577432,2625.292475,17.3983880000001
392000,4225000,CB5MH_MD,34.44882,1e+06,1.29,74.05,392000 4225000,10.5,Unsuitable,black,YES,243.577432,2625.292475,17.3983880000001
392000,4225000,CB5MH_MD,39.37008,1e+06,1.28,73.84,392000 4225000,12,Unsuitable,black,YES,243.577432,2625.292475,17.3983880000001
392000,4225000,CB5MH_MD,27.88714,1e+06,1.42,74.23,392000 4225000,8.5,Unsuitable,black,YES,243.577432,2625.292475,17.3983880000001
392000,4225000,CB5MH_MD,6.56168,1e+06,5.92,79.94,392000 4225000,2,Suitable,dodgerblue,YES,243.577432,2625.292475,17.3983880000001
392000,4225000,CB5MH_MD,31.16798,1e+06,1.36,74.26,392000 4225000,9.5,Unsuitable,black,YES,243.577432,2625.292475,17.3983880000001
392000,4225000,CB5MH_MD,16.4042,1e+06,2.15,76.15,392000 4225000,5,Marginal,orange,YES,243.577432,2625.292475,17.3983880000001
392000,4225000,CB5MH_MD,32.8084,1e+06,1.31,74.15,392000 4225000,10,Unsuitable,black,YES,243.577432,2625.292475,17.3983880000001
392000,4225000,CB5MH_MD,13.12336,1e+06,2.27,76.44,392000 4225000,4,Marginal,orange,YES,243.577432,2625.292475,17.3983880000001
392000,4225000,CB5MH_MD,9.84252,1e+06,2.81,77.88,392000 4225000,3,Marginal,orange,YES,243.577432,2625.292475,17.3983880000001
392000,4225000,CB5MH_MD,47.57218,1e+06,0.77,71.9,392000 4225000,14.5,Unsuitable,black,YES,243.577432,2625.292475,17.3983880000001
392000,4225000,CB5MH_MD,8.2021,1e+06,4.35,78.87,392000 4225000,2.5,Suitable,dodgerblue,YES,243.577432,2625.292475,17.3983880000001
392000,4225000,CB5MH_MD,49.2126,1e+06,0.73,71.8,392000 4225000,15,Unsuitable,black,YES,243.577432,2625.292475,17.3983880000001
392000,4225000,CB5MH_MD,24.6063,1e+06,1.44,74.33,392000 4225000,7.5,Unsuitable,black,YES,243.577432,2625.292475,17.3983880000001
392000,4225000,CB5MH_MD,4.92126,1e+06,7.13,80.87,392000 4225000,1.5,Suitable,dodgerblue,YES,243.577432,2625.292475,17.3983880000001
392000,4225000,CB5MH_MD,45.93176,1e+06,0.8,72,392000 4225000,14,Unsuitable,black,YES,243.577432,2625.292475,17.3983880000001
392000,4225000,CB5MH_MD,11.48294,1e+06,2.19,76.99,392000 4225000,3.5,Marginal,orange,YES,243.577432,2625.292475,17.3983880000001
392000,4225000,CB5MH_MD,22.96588,1e+06,1.61,74.55,392000 4225000,7,Unsuitable,black,YES,243.577432,2625.292475,17.3983880000001
392000,4225000,CB5MH_MD,26.24672,1e+06,1.45,74.23,392000 4225000,8,Unsuitable,black,YES,243.577432,2625.292475,17.3983880000001
392000,4225000,CB5MH_MD,21.32546,1e+06,1.75,74.92,392000 4225000,6.5,Unsuitable,black,YES,243.577432,2625.292475,17.3983880000001
392000,4225000,CB5MH_MD,50.85302,1e+06,0.7,71.8,392000 4225000,15.5,Unsuitable,black,YES,243.577432,2625.292475,17.3983880000001
392000,4225000,CB5MH_MD,14.76378,1e+06,2.19,76.3,392000 4225000,4.5,Marginal,orange,YES,243.577432,2625.292475,17.3983880000001
392000,4225000,CB5MH_MD,52.49344,1e+06,0.7,71.8,392000 4225000,16,Unsuitable,black,YES,243.577432,2625.292475,17.3983880000001
392000,4225000,CB5MH_MD,1.64042,1e+06,8.23,82.05,392000 4225000,0.5,Suitable,dodgerblue,YES,243.577432,2625.292475,17.3983880000001
392000,4225000,CB5MH_MD,19.68504,1e+06,1.9,75.41,392000 4225000,6,Unsuitable,black,YES,243.577432,2625.292475,17.3983880000001
392000,4225000,CB5MH_MD,0,1e+06,8.14,81.87,392000 4225000,0,Suitable,dodgerblue,YES,243.577432,2625.292475,17.3983880000001
392000,4225000,CB5MH_MD,3.28084,1e+06,7.87,81.64,392000 4225000,1,Suitable,dodgerblue,YES,243.577432,2625.292475,17.3983880000001
392000,4226000,CB5MH_MD,42.65092,1e+06,1.27,73.78,392000 4226000,13,Unsuitable,black,YES,243.577432,2625.913846,18.0197589999998
392000,4226000,CB5MH_MD,36.08924,1e+06,1.28,73.91,392000 4226000,11,Unsuitable,black,YES,243.577432,2625.913846,18.0197589999998
392000,4226000,CB5MH_MD,41.0105,1e+06,1.27,73.79,392000 4226000,12.5,Unsuitable,black,YES,243.577432,2625.913846,18.0197589999998
392000,4226000,CB5MH_MD,0,1e+06,8.18,81.71,392000 4226000,0,Suitable,dodgerblue,YES,243.577432,2625.913846,18.0197589999998
392000,4226000,CB5MH_MD,39.37008,1e+06,1.27,73.79,392000 4226000,12,Unsuitable,black,YES,243.577432,2625.913846,18.0197589999998
392000,4226000,CB5MH_MD,27.88714,1e+06,1.39,74.18,392000 4226000,8.5,Unsuitable,black,YES,243.577432,2625.913846,18.0197589999998
392000,4226000,CB5MH_MD,29.52756,1e+06,1.4,74.23,392000 4226000,9,Unsuitable,black,YES,243.577432,2625.913846,18.0197589999998
392000,4226000,CB5MH_MD,13.12336,1e+06,2.34,76.3,392000 4226000,4,Marginal,orange,YES,243.577432,2625.913846,18.0197589999998
392000,4226000,CB5MH_MD,11.48294,1e+06,2.33,76.88,392000 4226000,3.5,Marginal,orange,YES,243.577432,2625.913846,18.0197589999998
392000,4226000,CB5MH_MD,24.6063,1e+06,1.41,74.28,392000 4226000,7.5,Unsuitable,black,YES,243.577432,2625.913846,18.0197589999998
392000,4226000,CB5MH_MD,50.85302,1e+06,0.7,71.8,392000 4226000,15.5,Unsuitable,black,YES,243.577432,2625.913846,18.0197589999998
392000,4226000,CB5MH_MD,32.8084,1e+06,1.31,74.11,392000 4226000,10,Unsuitable,black,YES,243.577432,2625.913846,18.0197589999998
392000,4226000,CB5MH_MD,1.64042,1e+06,8.26,81.86,392000 4226000,0.5,Suitable,dodgerblue,YES,243.577432,2625.913846,18.0197589999998
392000,4226000,CB5MH_MD,34.44882,1e+06,1.28,74.01,392000 4226000,10.5,Unsuitable,black,YES,243.577432,2625.913846,18.0197589999998
392000,4226000,CB5MH_MD,45.93176,1e+06,0.8,72,392000 4226000,14,Unsuitable,black,YES,243.577432,2625.913846,18.0197589999998
392000,4226000,CB5MH_MD,6.56168,1e+06,6,79.8,392000 4226000,2,Suitable,dodgerblue,YES,243.577432,2625.913846,18.0197589999998
392000,4226000,CB5MH_MD,31.16798,1e+06,1.36,74.22,392000 4226000,9.5,Unsuitable,black,YES,243.577432,2625.913846,18.0197589999998
392000,4226000,CB5MH_MD,9.84252,1e+06,2.97,77.76,392000 4226000,3,Marginal,orange,YES,243.577432,2625.913846,18.0197589999998
392000,4226000,CB5MH_MD,52.49344,1e+06,0.7,71.8,392000 4226000,16,Unsuitable,black,YES,243.577432,2625.913846,18.0197589999998
392000,4226000,CB5MH_MD,14.76378,1e+06,2.22,76.15,392000 4226000,4.5,Marginal,orange,YES,243.577432,2625.913846,18.0197589999998
392000,4226000,CB5MH_MD,26.24672,1e+06,1.42,74.18,392000 4226000,8,Unsuitable,black,YES,243.577432,2625.913846,18.0197589999998
392000,4226000,CB5MH_MD,37.72966,1e+06,1.27,73.81,392000 4226000,11.5,Unsuitable,black,YES,243.577432,2625.913846,18.0197589999998
392000,4226000,CB5MH_MD,16.4042,1e+06,2.16,75.98,392000 4226000,5,Marginal,orange,YES,243.577432,2625.913846,18.0197589999998
392000,4226000,CB5MH_MD,8.2021,1e+06,4.48,78.75,392000 4226000,2.5,Suitable,dodgerblue,YES,243.577432,2625.913846,18.0197589999998
392000,4226000,CB5MH_MD,4.92126,1e+06,7.15,80.69,392000 4226000,1.5,Suitable,dodgerblue,YES,243.577432,2625.913846,18.0197589999998
392000,4226000,CB5MH_MD,21.32546,1e+06,1.75,74.74,392000 4226000,6.5,Unsuitable,black,YES,243.577432,2625.913846,18.0197589999998
392000,4226000,CB5MH_MD,18.04462,1e+06,2.06,75.66,392000 4226000,5.5,Marginal,orange,YES,243.577432,2625.913846,18.0197589999998
392000,4226000,CB5MH_MD,47.57218,1e+06,0.77,71.9,392000 4226000,14.5,Unsuitable,black,YES,243.577432,2625.913846,18.0197589999998
392000,4226000,CB5MH_MD,49.2126,1e+06,0.73,71.8,392000 4226000,15,Unsuitable,black,YES,243.577432,2625.913846,18.0197589999998
392000,4226000,CB5MH_MD,19.68504,1e+06,1.91,75.23,392000 4226000,6,Unsuitable,black,YES,243.577432,2625.913846,18.0197589999998
392000,4226000,CB5MH_MD,3.28084,1e+06,7.88,81.45,392000 4226000,1,Suitable,dodgerblue,YES,243.577432,2625.913846,18.0197589999998
392000,4226000,CB5MH_MD,22.96588,1e+06,1.62,74.39,392000 4226000,7,Unsuitable,black,YES,243.577432,2625.913846,18.0197589999998
392000,4226000,CB5MH_MD,44.29134,1e+06,1.27,73.78,392000 4226000,13.5,Unsuitable,black,YES,243.577432,2625.913846,18.0197589999998
392000,4227000,CB5MH_MD,29.52756,1e+06,1.39,74.18,392000 4227000,9,Unsuitable,black,YES,243.577432,2626.535217,18.64113
392000,4227000,CB5MH_MD,47.57218,1e+06,0.77,71.9,392000 4227000,14.5,Unsuitable,black,YES,243.577432,2626.535217,18.64113
392000,4227000,CB5MH_MD,49.2126,1e+06,0.73,71.8,392000 4227000,15,Unsuitable,black,YES,243.577432,2626.535217,18.64113
392000,4227000,CB5MH_MD,32.8084,1e+06,1.29,74.06,392000 4227000,10,Unsuitable,black,YES,243.577432,2626.535217,18.64113
392000,4227000,CB5MH_MD,27.88714,1e+06,1.36,74.12,392000 4227000,8.5,Unsuitable,black,YES,243.577432,2626.535217,18.64113
392000,4227000,CB5MH_MD,37.72966,1e+06,1.26,73.75,392000 4227000,11.5,Unsuitable,black,YES,243.577432,2626.535217,18.64113
392000,4227000,CB5MH_MD,22.96588,1e+06,1.63,74.18,392000 4227000,7,Unsuitable,black,YES,243.577432,2626.535217,18.64113
392000,4227000,CB5MH_MD,24.6063,1e+06,1.37,74.21,392000 4227000,7.5,Unsuitable,black,YES,243.577432,2626.535217,18.64113
392000,4227000,CB5MH_MD,42.65092,1e+06,1.25,73.71,392000 4227000,13,Unsuitable,black,YES,243.577432,2626.535217,18.64113
392000,4227000,CB5MH_MD,41.0105,1e+06,1.25,73.72,392000 4227000,12.5,Unsuitable,black,YES,243.577432,2626.535217,18.64113
392000,4227000,CB5MH_MD,39.37008,1e+06,1.25,73.73,392000 4227000,12,Unsuitable,black,YES,243.577432,2626.535217,18.64113
392000,4227000,CB5MH_MD,26.24672,1e+06,1.38,74.13,392000 4227000,8,Unsuitable,black,YES,243.577432,2626.535217,18.64113
392000,4227000,CB5MH_MD,18.04462,1e+06,2.08,75.44,392000 4227000,5.5,Marginal,orange,YES,243.577432,2626.535217,18.64113
392000,4227000,CB5MH_MD,0,1e+06,8.22,81.5,392000 4227000,0,Suitable,dodgerblue,YES,243.577432,2626.535217,18.64113
392000,4227000,CB5MH_MD,21.32546,1e+06,1.76,74.51,392000 4227000,6.5,Unsuitable,black,YES,243.577432,2626.535217,18.64113
392000,4227000,CB5MH_MD,45.93176,1e+06,0.8,72,392000 4227000,14,Unsuitable,black,YES,243.577432,2626.535217,18.64113
392000,4227000,CB5MH_MD,34.44882,1e+06,1.27,73.95,392000 4227000,10.5,Unsuitable,black,YES,243.577432,2626.535217,18.64113
392000,4227000,CB5MH_MD,31.16798,1e+06,1.34,74.17,392000 4227000,9.5,Unsuitable,black,YES,243.577432,2626.535217,18.64113
392000,4227000,CB5MH_MD,44.29134,1e+06,1.25,73.71,392000 4227000,13.5,Unsuitable,black,YES,243.577432,2626.535217,18.64113
392000,4227000,CB5MH_MD,13.12336,1e+06,2.42,76.12,392000 4227000,4,Marginal,orange,YES,243.577432,2626.535217,18.64113
392000,4227000,CB5MH_MD,36.08924,1e+06,1.26,73.85,392000 4227000,11,Unsuitable,black,YES,243.577432,2626.535217,18.64113
392000,4227000,CB5MH_MD,19.68504,1e+06,1.92,75,392000 4227000,6,Unsuitable,black,YES,243.577432,2626.535217,18.64113
392000,4227000,CB5MH_MD,16.4042,1e+06,2.18,75.77,392000 4227000,5,Marginal,orange,YES,243.577432,2626.535217,18.64113
392000,4227000,CB5MH_MD,11.48294,1e+06,2.5,76.73,392000 4227000,3.5,Marginal,orange,YES,243.577432,2626.535217,18.64113
392000,4227000,CB5MH_MD,4.92126,1e+06,7.18,80.47,392000 4227000,1.5,Suitable,dodgerblue,YES,243.577432,2626.535217,18.64113
392000,4227000,CB5MH_MD,3.28084,1e+06,7.9,81.21,392000 4227000,1,Suitable,dodgerblue,YES,243.577432,2626.535217,18.64113
392000,4227000,CB5MH_MD,8.2021,1e+06,4.62,78.59,392000 4227000,2.5,Suitable,dodgerblue,YES,243.577432,2626.535217,18.64113
392000,4227000,CB5MH_MD,14.76378,1e+06,2.26,75.96,392000 4227000,4.5,Marginal,orange,YES,243.577432,2626.535217,18.64113
392000,4227000,CB5MH_MD,1.64042,1e+06,8.3,81.63,392000 4227000,0.5,Suitable,dodgerblue,YES,243.577432,2626.535217,18.64113
392000,4227000,CB5MH_MD,9.84252,1e+06,3.16,77.61,392000 4227000,3,Tolerable,yellow,YES,243.577432,2626.535217,18.64113
392000,4227000,CB5MH_MD,6.56168,1e+06,6.08,79.64,392000 4227000,2,Suitable,dodgerblue,YES,243.577432,2626.535217,18.64113
392000,4228000,CB5MH_MD,36.08924,1e+06,1.24,73.77,392000 4228000,11,Unsuitable,black,YES,243.577432,2627.156588,19.2625009999997
392000,4228000,CB5MH_MD,49.2126,1e+06,0.73,71.8,392000 4228000,15,Unsuitable,black,YES,243.577432,2627.156588,19.2625009999997
392000,4228000,CB5MH_MD,0,1e+06,8.33,80.21,392000 4228000,0,Suitable,dodgerblue,YES,243.577432,2627.156588,19.2625009999997
392000,4228000,CB5MH_MD,21.32546,1e+06,1.78,74.26,392000 4228000,6.5,Unsuitable,black,YES,243.577432,2627.156588,19.2625009999997
392000,4228000,CB5MH_MD,32.8084,1e+06,1.28,73.99,392000 4228000,10,Unsuitable,black,YES,243.577432,2627.156588,19.2625009999997
392000,4228000,CB5MH_MD,34.44882,1e+06,1.25,73.87,392000 4228000,10.5,Unsuitable,black,YES,243.577432,2627.156588,19.2625009999997
392000,4228000,CB5MH_MD,26.24672,1e+06,1.35,74.06,392000 4228000,8,Unsuitable,black,YES,243.577432,2627.156588,19.2625009999997
392000,4228000,CB5MH_MD,19.68504,1e+06,1.94,74.75,392000 4228000,6,Unsuitable,black,YES,243.577432,2627.156588,19.2625009999997
392000,4228000,CB5MH_MD,18.04462,1e+06,2.1,75.2,392000 4228000,5.5,Marginal,orange,YES,243.577432,2627.156588,19.2625009999997
392000,4228000,CB5MH_MD,47.57218,1e+06,0.77,71.9,392000 4228000,14.5,Unsuitable,black,YES,243.577432,2627.156588,19.2625009999997
392000,4228000,CB5MH_MD,1.64042,1e+06,8.39,80.32,392000 4228000,0.5,Suitable,dodgerblue,YES,243.577432,2627.156588,19.2625009999997
392000,4228000,CB5MH_MD,9.84252,1e+06,3.46,76.49,392000 4228000,3,Tolerable,yellow,YES,243.577432,2627.156588,19.2625009999997
392000,4228000,CB5MH_MD,6.56168,1e+06,6.24,78.44,392000 4228000,2,Suitable,dodgerblue,YES,243.577432,2627.156588,19.2625009999997
392000,4228000,CB5MH_MD,13.12336,1e+06,2.77,75.16,392000 4228000,4,Marginal,orange,YES,243.577432,2627.156588,19.2625009999997
392000,4228000,CB5MH_MD,31.16798,1e+06,1.33,74.1,392000 4228000,9.5,Unsuitable,black,YES,243.577432,2627.156588,19.2625009999997
392000,4228000,CB5MH_MD,24.6063,1e+06,1.33,74.14,392000 4228000,7.5,Unsuitable,black,YES,243.577432,2627.156588,19.2625009999997
392000,4228000,CB5MH_MD,3.28084,1e+06,7.98,79.89,392000 4228000,1,Suitable,dodgerblue,YES,243.577432,2627.156588,19.2625009999997
392000,4228000,CB5MH_MD,4.92126,1e+06,7.27,79.2,392000 4228000,1.5,Suitable,dodgerblue,YES,243.577432,2627.156588,19.2625009999997
392000,4228000,CB5MH_MD,8.2021,1e+06,4.84,77.43,392000 4228000,2.5,Suitable,dodgerblue,YES,243.577432,2627.156588,19.2625009999997
392000,4228000,CB5MH_MD,45.93176,1e+06,0.8,72,392000 4228000,14,Unsuitable,black,YES,243.577432,2627.156588,19.2625009999997
392000,4228000,CB5MH_MD,29.52756,1e+06,1.38,74.12,392000 4228000,9,Unsuitable,black,YES,243.577432,2627.156588,19.2625009999997
392000,4228000,CB5MH_MD,42.65092,1e+06,1.22,73.61,392000 4228000,13,Unsuitable,black,YES,243.577432,2627.156588,19.2625009999997
392000,4228000,CB5MH_MD,16.4042,1e+06,2.21,75.53,392000 4228000,5,Marginal,orange,YES,243.577432,2627.156588,19.2625009999997
392000,4228000,CB5MH_MD,44.29134,1e+06,1.22,73.61,392000 4228000,13.5,Unsuitable,black,YES,243.577432,2627.156588,19.2625009999997
392000,4228000,CB5MH_MD,39.37008,1e+06,1.23,73.64,392000 4228000,12,Unsuitable,black,YES,243.577432,2627.156588,19.2625009999997
392000,4228000,CB5MH_MD,41.0105,1e+06,1.22,73.62,392000 4228000,12.5,Unsuitable,black,YES,243.577432,2627.156588,19.2625009999997
392000,4228000,CB5MH_MD,11.48294,1e+06,2.82,75.68,392000 4228000,3.5,Marginal,orange,YES,243.577432,2627.156588,19.2625009999997
392000,4228000,CB5MH_MD,37.72966,1e+06,1.23,73.67,392000 4228000,11.5,Unsuitable,black,YES,243.577432,2627.156588,19.2625009999997
392000,4228000,CB5MH_MD,14.76378,1e+06,2.3,75.75,392000 4228000,4.5,Marginal,orange,YES,243.577432,2627.156588,19.2625009999997
392000,4228000,CB5MH_MD,22.96588,1e+06,1.65,73.95,392000 4228000,7,Unsuitable,black,YES,243.577432,2627.156588,19.2625009999997
392000,4228000,CB5MH_MD,27.88714,1e+06,1.33,74.05,392000 4228000,8.5,Unsuitable,black,YES,243.577432,2627.156588,19.2625009999997
392000,4229000,CB5MH_MD,39.37008,1e+06,1.2,73.53,392000 4229000,12,Unsuitable,black,YES,243.577432,2627.777959,19.8838719999999
392000,4229000,CB5MH_MD,37.72966,1e+06,1.21,73.57,392000 4229000,11.5,Unsuitable,black,YES,243.577432,2627.777959,19.8838719999999
392000,4229000,CB5MH_MD,47.57218,1e+06,0.77,71.9,392000 4229000,14.5,Unsuitable,black,YES,243.577432,2627.777959,19.8838719999999
392000,4229000,CB5MH_MD,34.44882,1e+06,1.23,73.77,392000 4229000,10.5,Unsuitable,black,YES,243.577432,2627.777959,19.8838719999999
392000,4229000,CB5MH_MD,27.88714,1e+06,1.29,73.98,392000 4229000,8.5,Unsuitable,black,YES,243.577432,2627.777959,19.8838719999999
392000,4229000,CB5MH_MD,45.93176,1e+06,0.8,72,392000 4229000,14,Unsuitable,black,YES,243.577432,2627.777959,19.8838719999999
392000,4229000,CB5MH_MD,9.84252,1e+06,3.71,76.08,392000 4229000,3,Tolerable,yellow,YES,243.577432,2627.777959,19.8838719999999
392000,4229000,CB5MH_MD,31.16798,1e+06,1.31,74.02,392000 4229000,9.5,Unsuitable,black,YES,243.577432,2627.777959,19.8838719999999
392000,4229000,CB5MH_MD,4.92126,1e+06,7.31,78.7,392000 4229000,1.5,Suitable,dodgerblue,YES,243.577432,2627.777959,19.8838719999999
392000,4229000,CB5MH_MD,13.12336,1e+06,2.93,74.75,392000 4229000,4,Marginal,orange,YES,243.577432,2627.777959,19.8838719999999
392000,4229000,CB5MH_MD,8.2021,1e+06,5.03,77.01,392000 4229000,2.5,Suitable,dodgerblue,YES,243.577432,2627.777959,19.8838719999999
392000,4229000,CB5MH_MD,44.29134,1e+06,1.19,73.49,392000 4229000,13.5,Unsuitable,black,YES,243.577432,2627.777959,19.8838719999999
392000,4229000,CB5MH_MD,41.0105,1e+06,1.19,73.51,392000 4229000,12.5,Unsuitable,black,YES,243.577432,2627.777959,19.8838719999999
392000,4229000,CB5MH_MD,52.49344,1e+06,0.7,71.8,392000 4229000,16,Unsuitable,black,YES,243.577432,2627.777959,19.8838719999999
392000,4229000,CB5MH_MD,11.48294,1e+06,3.06,75.3,392000 4229000,3.5,Tolerable,yellow,YES,243.577432,2627.777959,19.8838719999999
392000,4229000,CB5MH_MD,29.52756,1e+06,1.35,74.04,392000 4229000,9,Unsuitable,black,YES,243.577432,2627.777959,19.8838719999999
392000,4229000,CB5MH_MD,49.2126,1e+06,0.73,71.8,392000 4229000,15,Unsuitable,black,YES,243.577432,2627.777959,19.8838719999999
392000,4229000,CB5MH_MD,1.64042,1e+06,8.46,79.8,392000 4229000,0.5,Suitable,dodgerblue,YES,243.577432,2627.777959,19.8838719999999
392000,4229000,CB5MH_MD,0,1e+06,8.4,79.72,392000 4229000,0,Suitable,dodgerblue,YES,243.577432,2627.777959,19.8838719999999
392000,4229000,CB5MH_MD,50.85302,1e+06,0.7,71.8,392000 4229000,15.5,Unsuitable,black,YES,243.577432,2627.777959,19.8838719999999
392000,4229000,CB5MH_MD,42.65092,1e+06,1.19,73.49,392000 4229000,13,Unsuitable,black,YES,243.577432,2627.777959,19.8838719999999
392000,4229000,CB5MH_MD,32.8084,1e+06,1.26,73.9,392000 4229000,10,Unsuitable,black,YES,243.577432,2627.777959,19.8838719999999
392000,4229000,CB5MH_MD,22.96588,1e+06,1.67,73.7,392000 4229000,7,Unsuitable,black,YES,243.577432,2627.777959,19.8838719999999
392000,4229000,CB5MH_MD,36.08924,1e+06,1.22,73.67,392000 4229000,11,Unsuitable,black,YES,243.577432,2627.777959,19.8838719999999
392000,4229000,CB5MH_MD,19.68504,1e+06,1.96,74.48,392000 4229000,6,Unsuitable,black,YES,243.577432,2627.777959,19.8838719999999
392000,4229000,CB5MH_MD,6.56168,1e+06,6.37,78.01,392000 4229000,2,Suitable,dodgerblue,YES,243.577432,2627.777959,19.8838719999999
392000,4229000,CB5MH_MD,3.28084,1e+06,8.02,79.36,392000 4229000,1,Suitable,dodgerblue,YES,243.577432,2627.777959,19.8838719999999
392000,4229000,CB5MH_MD,18.04462,1e+06,2.12,74.93,392000 4229000,5.5,Marginal,orange,YES,243.577432,2627.777959,19.8838719999999
392000,4229000,CB5MH_MD,14.76378,1e+06,2.34,75.52,392000 4229000,4.5,Marginal,orange,YES,243.577432,2627.777959,19.8838719999999
392000,4229000,CB5MH_MD,24.6063,1e+06,1.29,74.06,392000 4229000,7.5,Unsuitable,black,YES,243.577432,2627.777959,19.8838719999999
392000,4229000,CB5MH_MD,26.24672,1e+06,1.31,73.99,392000 4229000,8,Unsuitable,black,YES,243.577432,2627.777959,19.8838719999999
392000,4229000,CB5MH_MD,16.4042,1e+06,2.23,75.27,392000 4229000,5,Marginal,orange,YES,243.577432,2627.777959,19.8838719999999
392000,4229000,CB5MH_MD,21.32546,1e+06,1.79,73.99,392000 4229000,6.5,Unsuitable,black,YES,243.577432,2627.777959,19.8838719999999
392000,4340000,CB3MH,0,1e+06,6.37,81.57,392000 4340000,0,Suitable,dodgerblue,YES,243.577432,2696.75014,88.856053
392000,4341000,CB2OH,9.84252,1e+06,1.95,76.34,392000 4341000,3,Unsuitable,black,YES,243.577432,2697.371511,89.4774239999997
392000,4341000,CB2OH,13.12336,1e+06,1.03,74.63,392000 4341000,4,Unsuitable,black,YES,243.577432,2697.371511,89.4774239999997
392000,4341000,CB2OH,19.68504,1e+06,0.3,73.2,392000 4341000,6,Unsuitable,black,YES,243.577432,2697.371511,89.4774239999997
392000,4341000,CB2OH,8.2021,1e+06,2.69,77.28,392000 4341000,2.5,Marginal,orange,YES,243.577432,2697.371511,89.4774239999997
392000,4341000,CB2OH,6.56168,1e+06,3.41,77.98,392000 4341000,2,Tolerable,yellow,YES,243.577432,2697.371511,89.4774239999997
392000,4341000,CB2OH,11.48294,1e+06,1.45,75.35,392000 4341000,3.5,Unsuitable,black,YES,243.577432,2697.371511,89.4774239999997
392000,4341000,CB2OH,14.76378,1e+06,0.64,73.84,392000 4341000,4.5,Unsuitable,black,YES,243.577432,2697.371511,89.4774239999997
392000,4341000,CB2OH,0,1e+06,6.37,81.72,392000 4341000,0,Suitable,dodgerblue,YES,243.577432,2697.371511,89.4774239999997
392000,4341000,CB2OH,3.28084,1e+06,5.2,80.2,392000 4341000,1,Suitable,dodgerblue,YES,243.577432,2697.371511,89.4774239999997
392000,4341000,CB2OH,16.4042,1e+06,0.49,73.39,392000 4341000,5,Unsuitable,black,YES,243.577432,2697.371511,89.4774239999997
392000,4341000,CB2OH,22.96588,1e+06,0.3,73.2,392000 4341000,7,Unsuitable,black,YES,243.577432,2697.371511,89.4774239999997
392000,4341000,CB2OH,1.64042,1e+06,6.02,81.06,392000 4341000,0.5,Suitable,dodgerblue,YES,243.577432,2697.371511,89.4774239999997
392000,4341000,CB2OH,4.92126,1e+06,4.13,79.03,392000 4341000,1.5,Suitable,dodgerblue,YES,243.577432,2697.371511,89.4774239999997
392000,4341000,CB2OH,18.04462,1e+06,0.35,73.3,392000 4341000,5.5,Unsuitable,black,YES,243.577432,2697.371511,89.4774239999997
392000,4341000,CB2OH,21.32546,1e+06,0.3,73.2,392000 4341000,6.5,Unsuitable,black,YES,243.577432,2697.371511,89.4774239999997
392000,4342000,CB2OH,0,1e+06,6.38,81.87,392000 4342000,0,Suitable,dodgerblue,YES,243.577432,2697.992882,90.0987949999999
392000,4342000,CB2OH,11.48294,1e+06,1.57,75.6,392000 4342000,3.5,Unsuitable,black,YES,243.577432,2697.992882,90.0987949999999
392000,4342000,CB2OH,4.92126,1e+06,4.16,79.26,392000 4342000,1.5,Suitable,dodgerblue,YES,243.577432,2697.992882,90.0987949999999
392000,4342000,CB2OH,9.84252,1e+06,2.09,76.58,392000 4342000,3,Marginal,orange,YES,243.577432,2697.992882,90.0987949999999
392000,4342000,CB2OH,8.2021,1e+06,2.78,77.46,392000 4342000,2.5,Marginal,orange,YES,243.577432,2697.992882,90.0987949999999
392000,4342000,CB2OH,6.56168,1e+06,3.45,78.15,392000 4342000,2,Tolerable,yellow,YES,243.577432,2697.992882,90.0987949999999
392000,4342000,CB2OH,3.28084,1e+06,5.23,80.44,392000 4342000,1,Suitable,dodgerblue,YES,243.577432,2697.992882,90.0987949999999
392000,4342000,CB2OH,1.64042,1e+06,6.04,81.23,392000 4342000,0.5,Suitable,dodgerblue,YES,243.577432,2697.992882,90.0987949999999
393000,4209000,CB5MH_MD,34.44882,1e+06,1.94,74.61,393000 4209000,10.5,Unsuitable,black,YES,244.198803,2615.350539,7.4564519999999
393000,4209000,CB5MH_MD,24.6063,1e+06,1.32,74.23,393000 4209000,7.5,Unsuitable,black,YES,244.198803,2615.350539,7.4564519999999
393000,4209000,CB5MH_MD,19.68504,1e+06,1.49,74.73,393000 4209000,6,Unsuitable,black,YES,244.198803,2615.350539,7.4564519999999
393000,4209000,CB5MH_MD,11.48294,1e+06,3.99,78.86,393000 4209000,3.5,Tolerable,yellow,YES,244.198803,2615.350539,7.4564519999999
393000,4209000,CB5MH_MD,22.96588,1e+06,1.37,74.45,393000 4209000,7,Unsuitable,black,YES,244.198803,2615.350539,7.4564519999999
393000,4209000,CB5MH_MD,18.04462,1e+06,1.56,75.37,393000 4209000,5.5,Unsuitable,black,YES,244.198803,2615.350539,7.4564519999999
393000,4209000,CB5MH_MD,13.12336,1e+06,3.19,77.95,393000 4209000,4,Tolerable,yellow,YES,244.198803,2615.350539,7.4564519999999
393000,4209000,CB5MH_MD,27.88714,1e+06,1.3,74.07,393000 4209000,8.5,Unsuitable,black,YES,244.198803,2615.350539,7.4564519999999
393000,4209000,CB5MH_MD,36.08924,1e+06,1.96,74.55,393000 4209000,11,Unsuitable,black,YES,244.198803,2615.350539,7.4564519999999
393000,4209000,CB5MH_MD,21.32546,1e+06,1.43,74.44,393000 4209000,6.5,Unsuitable,black,YES,244.198803,2615.350539,7.4564519999999
393000,4209000,CB5MH_MD,26.24672,1e+06,1.3,74.1,393000 4209000,8,Unsuitable,black,YES,244.198803,2615.350539,7.4564519999999
393000,4209000,CB5MH_MD,31.16798,1e+06,1.98,74.71,393000 4209000,9.5,Unsuitable,black,YES,244.198803,2615.350539,7.4564519999999
393000,4209000,CB5MH_MD,32.8084,1e+06,1.95,74.67,393000 4209000,10,Unsuitable,black,YES,244.198803,2615.350539,7.4564519999999
393000,4209000,CB5MH_MD,6.56168,1e+06,6.77,81.47,393000 4209000,2,Suitable,dodgerblue,YES,244.198803,2615.350539,7.4564519999999
393000,4209000,CB5MH_MD,16.4042,1e+06,1.63,75.87,393000 4209000,5,Unsuitable,black,YES,244.198803,2615.350539,7.4564519999999
393000,4209000,CB5MH_MD,9.84252,1e+06,4.81,79.77,393000 4209000,3,Suitable,dodgerblue,YES,244.198803,2615.350539,7.4564519999999
393000,4209000,CB5MH_MD,4.92126,1e+06,7.4,82.25,393000 4209000,1.5,Suitable,dodgerblue,YES,244.198803,2615.350539,7.4564519999999
393000,4209000,CB5MH_MD,14.76378,1e+06,2.13,76.74,393000 4209000,4.5,Marginal,orange,YES,244.198803,2615.350539,7.4564519999999
393000,4209000,CB5MH_MD,29.52756,1e+06,1.99,74.72,393000 4209000,9,Unsuitable,black,YES,244.198803,2615.350539,7.4564519999999
393000,4209000,CB5MH_MD,3.28084,1e+06,7.79,82.7,393000 4209000,1,Tolerable,yellow,YES,244.198803,2615.350539,7.4564519999999
393000,4209000,CB5MH_MD,8.2021,1e+06,5.89,80.72,393000 4209000,2.5,Suitable,dodgerblue,YES,244.198803,2615.350539,7.4564519999999
393000,4209000,CB5MH_MD,0,1e+06,8.02,82.95,393000 4209000,0,Tolerable,yellow,YES,244.198803,2615.350539,7.4564519999999
393000,4209000,CB5MH_MD,1.64042,1e+06,8.02,82.93,393000 4209000,0.5,Tolerable,yellow,YES,244.198803,2615.350539,7.4564519999999
393000,4210000,CB5MH_MD,8.2021,1e+06,5.78,80.92,393000 4210000,2.5,Suitable,dodgerblue,YES,244.198803,2615.97191,8.07782300000008
393000,4210000,CB5MH_MD,34.44882,1e+06,1.8,74.76,393000 4210000,10.5,Unsuitable,black,YES,244.198803,2615.97191,8.07782300000008
393000,4210000,CB5MH_MD,0,1e+06,8.04,82.97,393000 4210000,0,Tolerable,yellow,YES,244.198803,2615.97191,8.07782300000008
393000,4210000,CB5MH_MD,14.76378,1e+06,1.92,76.86,393000 4210000,4.5,Unsuitable,black,YES,244.198803,2615.97191,8.07782300000008
393000,4210000,CB5MH_MD,41.0105,1e+06,1.3,73.9,393000 4210000,12.5,Unsuitable,black,YES,244.198803,2615.97191,8.07782300000008
393000,4210000,CB5MH_MD,6.56168,1e+06,6.71,81.67,393000 4210000,2,Suitable,dodgerblue,YES,244.198803,2615.97191,8.07782300000008
393000,4210000,CB5MH_MD,9.84252,1e+06,4.66,79.98,393000 4210000,3,Suitable,dodgerblue,YES,244.198803,2615.97191,8.07782300000008
393000,4210000,CB5MH_MD,13.12336,1e+06,3.01,78.08,393000 4210000,4,Tolerable,yellow,YES,244.198803,2615.97191,8.07782300000008
393000,4210000,CB5MH_MD,11.48294,1e+06,3.83,79.06,393000 4210000,3.5,Tolerable,yellow,YES,244.198803,2615.97191,8.07782300000008
393000,4210000,CB5MH_MD,31.16798,1e+06,1.84,74.88,393000 4210000,9.5,Unsuitable,black,YES,244.198803,2615.97191,8.07782300000008
393000,4210000,CB5MH_MD,37.72966,1e+06,1.84,74.64,393000 4210000,11.5,Unsuitable,black,YES,244.198803,2615.97191,8.07782300000008
393000,4210000,CB5MH_MD,24.6063,1e+06,1.19,74.28,393000 4210000,7.5,Unsuitable,black,YES,244.198803,2615.97191,8.07782300000008
393000,4210000,CB5MH_MD,32.8084,1e+06,1.81,74.82,393000 4210000,10,Unsuitable,black,YES,244.198803,2615.97191,8.07782300000008
393000,4210000,CB5MH_MD,29.52756,1e+06,1.86,74.88,393000 4210000,9,Unsuitable,black,YES,244.198803,2615.97191,8.07782300000008
393000,4210000,CB5MH_MD,39.37008,1e+06,1.3,73.9,393000 4210000,12,Unsuitable,black,YES,244.198803,2615.97191,8.07782300000008
393000,4210000,CB5MH_MD,36.08924,1e+06,1.82,74.7,393000 4210000,11,Unsuitable,black,YES,244.198803,2615.97191,8.07782300000008
393000,4210000,CB5MH_MD,26.24672,1e+06,1.19,74.16,393000 4210000,8,Unsuitable,black,YES,244.198803,2615.97191,8.07782300000008
393000,4210000,CB5MH_MD,3.28084,1e+06,7.79,82.72,393000 4210000,1,Tolerable,yellow,YES,244.198803,2615.97191,8.07782300000008
393000,4210000,CB5MH_MD,18.04462,1e+06,1.39,75.5,393000 4210000,5.5,Unsuitable,black,YES,244.198803,2615.97191,8.07782300000008
393000,4210000,CB5MH_MD,16.4042,1e+06,1.44,76,393000 4210000,5,Unsuitable,black,YES,244.198803,2615.97191,8.07782300000008
393000,4210000,CB5MH_MD,4.92126,1e+06,7.37,82.29,393000 4210000,1.5,Suitable,dodgerblue,YES,244.198803,2615.97191,8.07782300000008
393000,4210000,CB5MH_MD,27.88714,1e+06,1.18,74.13,393000 4210000,8.5,Unsuitable,black,YES,244.198803,2615.97191,8.07782300000008
393000,4210000,CB5MH_MD,21.32546,1e+06,1.28,74.49,393000 4210000,6.5,Unsuitable,black,YES,244.198803,2615.97191,8.07782300000008
393000,4210000,CB5MH_MD,19.68504,1e+06,1.33,74.81,393000 4210000,6,Unsuitable,black,YES,244.198803,2615.97191,8.07782300000008
393000,4210000,CB5MH_MD,22.96588,1e+06,1.22,74.5,393000 4210000,7,Unsuitable,black,YES,244.198803,2615.97191,8.07782300000008
393000,4210000,CB5MH_MD,1.64042,1e+06,8.05,82.96,393000 4210000,0.5,Tolerable,yellow,YES,244.198803,2615.97191,8.07782300000008
393000,4211000,CB5MH_MD,37.72966,1e+06,1.74,74.51,393000 4211000,11.5,Unsuitable,black,YES,244.198803,2616.593281,8.69919399999981
393000,4211000,CB5MH_MD,13.12336,1e+06,2.94,77.96,393000 4211000,4,Marginal,orange,YES,244.198803,2616.593281,8.69919399999981
393000,4211000,CB5MH_MD,36.08924,1e+06,1.73,74.58,393000 4211000,11,Unsuitable,black,YES,244.198803,2616.593281,8.69919399999981
393000,4211000,CB5MH_MD,11.48294,1e+06,3.69,78.92,393000 4211000,3.5,Tolerable,yellow,YES,244.198803,2616.593281,8.69919399999981
393000,4211000,CB5MH_MD,9.84252,1e+06,4.5,79.83,393000 4211000,3,Suitable,dodgerblue,YES,244.198803,2616.593281,8.69919399999981
393000,4211000,CB5MH_MD,27.88714,1e+06,1.18,74.1,393000 4211000,8.5,Unsuitable,black,YES,244.198803,2616.593281,8.69919399999981
393000,4211000,CB5MH_MD,6.56168,1e+06,6.64,81.52,393000 4211000,2,Suitable,dodgerblue,YES,244.198803,2616.593281,8.69919399999981
393000,4211000,CB5MH_MD,4.92126,1e+06,7.34,82.17,393000 4211000,1.5,Suitable,dodgerblue,YES,244.198803,2616.593281,8.69919399999981
393000,4211000,CB5MH_MD,18.04462,1e+06,1.41,75.54,393000 4211000,5.5,Unsuitable,black,YES,244.198803,2616.593281,8.69919399999981
393000,4211000,CB5MH_MD,21.32546,1e+06,1.28,74.52,393000 4211000,6.5,Unsuitable,black,YES,244.198803,2616.593281,8.69919399999981
393000,4211000,CB5MH_MD,16.4042,1e+06,1.47,76.04,393000 4211000,5,Unsuitable,black,YES,244.198803,2616.593281,8.69919399999981
393000,4211000,CB5MH_MD,26.24672,1e+06,1.18,74.14,393000 4211000,8,Unsuitable,black,YES,244.198803,2616.593281,8.69919399999981
393000,4211000,CB5MH_MD,31.16798,1e+06,1.76,74.77,393000 4211000,9.5,Unsuitable,black,YES,244.198803,2616.593281,8.69919399999981
393000,4211000,CB5MH_MD,8.2021,1e+06,5.66,80.75,393000 4211000,2.5,Suitable,dodgerblue,YES,244.198803,2616.593281,8.69919399999981
393000,4211000,CB5MH_MD,32.8084,1e+06,1.72,74.71,393000 4211000,10,Unsuitable,black,YES,244.198803,2616.593281,8.69919399999981
393000,4211000,CB5MH_MD,1.64042,1e+06,8.06,82.89,393000 4211000,0.5,Tolerable,yellow,YES,244.198803,2616.593281,8.69919399999981
393000,4211000,CB5MH_MD,0,1e+06,8.05,82.88,393000 4211000,0,Tolerable,yellow,YES,244.198803,2616.593281,8.69919399999981
393000,4211000,CB5MH_MD,39.37008,1e+06,1.3,73.9,393000 4211000,12,Unsuitable,black,YES,244.198803,2616.593281,8.69919399999981
393000,4211000,CB5MH_MD,14.76378,1e+06,1.92,76.82,393000 4211000,4.5,Unsuitable,black,YES,244.198803,2616.593281,8.69919399999981
393000,4211000,CB5MH_MD,22.96588,1e+06,1.22,74.5,393000 4211000,7,Unsuitable,black,YES,244.198803,2616.593281,8.69919399999981
393000,4211000,CB5MH_MD,34.44882,1e+06,1.72,74.64,393000 4211000,10.5,Unsuitable,black,YES,244.198803,2616.593281,8.69919399999981
393000,4211000,CB5MH_MD,29.52756,1e+06,1.78,74.77,393000 4211000,9,Unsuitable,black,YES,244.198803,2616.593281,8.69919399999981
393000,4211000,CB5MH_MD,19.68504,1e+06,1.35,74.86,393000 4211000,6,Unsuitable,black,YES,244.198803,2616.593281,8.69919399999981
393000,4211000,CB5MH_MD,24.6063,1e+06,1.18,74.25,393000 4211000,7.5,Unsuitable,black,YES,244.198803,2616.593281,8.69919399999981
393000,4211000,CB5MH_MD,3.28084,1e+06,7.8,82.63,393000 4211000,1,Tolerable,yellow,YES,244.198803,2616.593281,8.69919399999981
393000,4212000,CB5MH_MD,11.48294,1e+06,3.52,78.73,393000 4212000,3.5,Tolerable,yellow,YES,244.198803,2617.214652,9.32056499999999
393000,4212000,CB5MH_MD,8.2021,1e+06,5.51,80.56,393000 4212000,2.5,Suitable,dodgerblue,YES,244.198803,2617.214652,9.32056499999999
393000,4212000,CB5MH_MD,4.92126,1e+06,7.32,82.04,393000 4212000,1.5,Suitable,dodgerblue,YES,244.198803,2617.214652,9.32056499999999
393000,4212000,CB5MH_MD,21.32546,1e+06,1.31,74.57,393000 4212000,6.5,Unsuitable,black,YES,244.198803,2617.214652,9.32056499999999
393000,4212000,CB5MH_MD,22.96588,1e+06,1.24,74.51,393000 4212000,7,Unsuitable,black,YES,244.198803,2617.214652,9.32056499999999
393000,4212000,CB5MH_MD,14.76378,1e+06,1.92,76.78,393000 4212000,4.5,Unsuitable,black,YES,244.198803,2617.214652,9.32056499999999
393000,4212000,CB5MH_MD,26.24672,1e+06,1.19,74.13,393000 4212000,8,Unsuitable,black,YES,244.198803,2617.214652,9.32056499999999
393000,4212000,CB5MH_MD,13.12336,1e+06,2.85,77.82,393000 4212000,4,Marginal,orange,YES,244.198803,2617.214652,9.32056499999999
393000,4212000,CB5MH_MD,19.68504,1e+06,1.39,74.93,393000 4212000,6,Unsuitable,black,YES,244.198803,2617.214652,9.32056499999999
393000,4212000,CB5MH_MD,6.56168,1e+06,6.55,81.36,393000 4212000,2,Suitable,dodgerblue,YES,244.198803,2617.214652,9.32056499999999
393000,4212000,CB5MH_MD,3.28084,1e+06,7.8,82.54,393000 4212000,1,Tolerable,yellow,YES,244.198803,2617.214652,9.32056499999999
393000,4212000,CB5MH_MD,1.64042,1e+06,8.07,82.82,393000 4212000,0.5,Tolerable,yellow,YES,244.198803,2617.214652,9.32056499999999
393000,4212000,CB5MH_MD,9.84252,1e+06,4.31,79.64,393000 4212000,3,Suitable,dodgerblue,YES,244.198803,2617.214652,9.32056499999999
393000,4212000,CB5MH_MD,0,1e+06,8.05,82.79,393000 4212000,0,Tolerable,yellow,YES,244.198803,2617.214652,9.32056499999999
393000,4212000,CB5MH_MD,27.88714,1e+06,1.18,74.1,393000 4212000,8.5,Unsuitable,black,YES,244.198803,2617.214652,9.32056499999999
393000,4212000,CB5MH_MD,16.4042,1e+06,1.52,76.07,393000 4212000,5,Unsuitable,black,YES,244.198803,2617.214652,9.32056499999999
393000,4212000,CB5MH_MD,24.6063,1e+06,1.19,74.25,393000 4212000,7.5,Unsuitable,black,YES,244.198803,2617.214652,9.32056499999999
393000,4212000,CB5MH_MD,39.37008,1e+06,1.3,73.9,393000 4212000,12,Unsuitable,black,YES,244.198803,2617.214652,9.32056499999999
393000,4212000,CB5MH_MD,34.44882,1e+06,1.63,74.53,393000 4212000,10.5,Unsuitable,black,YES,244.198803,2617.214652,9.32056499999999
393000,4212000,CB5MH_MD,32.8084,1e+06,1.64,74.61,393000 4212000,10,Unsuitable,black,YES,244.198803,2617.214652,9.32056499999999
393000,4212000,CB5MH_MD,37.72966,1e+06,1.65,74.39,393000 4212000,11.5,Unsuitable,black,YES,244.198803,2617.214652,9.32056499999999
393000,4212000,CB5MH_MD,29.52756,1e+06,1.71,74.68,393000 4212000,9,Unsuitable,black,YES,244.198803,2617.214652,9.32056499999999
393000,4212000,CB5MH_MD,36.08924,1e+06,1.65,74.46,393000 4212000,11,Unsuitable,black,YES,244.198803,2617.214652,9.32056499999999
393000,4212000,CB5MH_MD,18.04462,1e+06,1.46,75.59,393000 4212000,5.5,Unsuitable,black,YES,244.198803,2617.214652,9.32056499999999
393000,4212000,CB5MH_MD,31.16798,1e+06,1.68,74.68,393000 4212000,9.5,Unsuitable,black,YES,244.198803,2617.214652,9.32056499999999
393000,4213000,CB5MH_MD,0,1e+06,8.06,82.69,393000 4213000,0,Tolerable,yellow,YES,244.198803,2617.836023,9.94193599999971
393000,4213000,CB5MH_MD,19.68504,1e+06,1.44,75.02,393000 4213000,6,Unsuitable,black,YES,244.198803,2617.836023,9.94193599999971
393000,4213000,CB5MH_MD,36.08924,1e+06,1.57,74.36,393000 4213000,11,Unsuitable,black,YES,244.198803,2617.836023,9.94193599999971
393000,4213000,CB5MH_MD,29.52756,1e+06,1.65,74.59,393000 4213000,9,Unsuitable,black,YES,244.198803,2617.836023,9.94193599999971
393000,4213000,CB5MH_MD,1.64042,1e+06,8.09,82.74,393000 4213000,0.5,Tolerable,yellow,YES,244.198803,2617.836023,9.94193599999971
393000,4213000,CB5MH_MD,21.32546,1e+06,1.36,74.64,393000 4213000,6.5,Unsuitable,black,YES,244.198803,2617.836023,9.94193599999971
393000,4213000,CB5MH_MD,18.04462,1e+06,1.53,75.66,393000 4213000,5.5,Unsuitable,black,YES,244.198803,2617.836023,9.94193599999971
393000,4213000,CB5MH_MD,31.16798,1e+06,1.61,74.59,393000 4213000,9.5,Unsuitable,black,YES,244.198803,2617.836023,9.94193599999971
393000,4213000,CB5MH_MD,24.6063,1e+06,1.22,74.25,393000 4213000,7.5,Unsuitable,black,YES,244.198803,2617.836023,9.94193599999971
393000,4213000,CB5MH_MD,8.2021,1e+06,5.33,80.35,393000 4213000,2.5,Suitable,dodgerblue,YES,244.198803,2617.836023,9.94193599999971
393000,4213000,CB5MH_MD,4.92126,1e+06,7.29,81.9,393000 4213000,1.5,Suitable,dodgerblue,YES,244.198803,2617.836023,9.94193599999971
393000,4213000,CB5MH_MD,3.28084,1e+06,7.81,82.45,393000 4213000,1,Tolerable,yellow,YES,244.198803,2617.836023,9.94193599999971
393000,4213000,CB5MH_MD,6.56168,1e+06,6.45,81.18,393000 4213000,2,Suitable,dodgerblue,YES,244.198803,2617.836023,9.94193599999971
393000,4213000,CB5MH_MD,22.96588,1e+06,1.27,74.53,393000 4213000,7,Unsuitable,black,YES,244.198803,2617.836023,9.94193599999971
393000,4213000,CB5MH_MD,32.8084,1e+06,1.57,74.52,393000 4213000,10,Unsuitable,black,YES,244.198803,2617.836023,9.94193599999971
393000,4213000,CB5MH_MD,34.44882,1e+06,1.56,74.44,393000 4213000,10.5,Unsuitable,black,YES,244.198803,2617.836023,9.94193599999971
393000,4213000,CB5MH_MD,27.88714,1e+06,1.21,74.11,393000 4213000,8.5,Unsuitable,black,YES,244.198803,2617.836023,9.94193599999971
393000,4213000,CB5MH_MD,37.72966,1e+06,1.57,74.28,393000 4213000,11.5,Unsuitable,black,YES,244.198803,2617.836023,9.94193599999971
393000,4213000,CB5MH_MD,26.24672,1e+06,1.22,74.14,393000 4213000,8,Unsuitable,black,YES,244.198803,2617.836023,9.94193599999971
393000,4213000,CB5MH_MD,41.0105,1e+06,1.3,73.9,393000 4213000,12.5,Unsuitable,black,YES,244.198803,2617.836023,9.94193599999971
393000,4213000,CB5MH_MD,39.37008,1e+06,1.3,73.9,393000 4213000,12,Unsuitable,black,YES,244.198803,2617.836023,9.94193599999971
393000,4213000,CB5MH_MD,9.84252,1e+06,4.07,79.42,393000 4213000,3,Suitable,dodgerblue,YES,244.198803,2617.836023,9.94193599999971
393000,4213000,CB5MH_MD,16.4042,1e+06,1.6,76.12,393000 4213000,5,Unsuitable,black,YES,244.198803,2617.836023,9.94193599999971
393000,4213000,CB5MH_MD,13.12336,1e+06,2.76,77.65,393000 4213000,4,Marginal,orange,YES,244.198803,2617.836023,9.94193599999971
393000,4213000,CB5MH_MD,14.76378,1e+06,1.94,76.74,393000 4213000,4.5,Unsuitable,black,YES,244.198803,2617.836023,9.94193599999971
393000,4213000,CB5MH_MD,11.48294,1e+06,3.31,78.52,393000 4213000,3.5,Tolerable,yellow,YES,244.198803,2617.836023,9.94193599999971
393000,4214000,CB5MH_MD,26.24672,1e+06,1.26,74.16,393000 4214000,8,Unsuitable,black,YES,244.198803,2618.457394,10.5633069999999
393000,4214000,CB5MH_MD,27.88714,1e+06,1.25,74.13,393000 4214000,8.5,Unsuitable,black,YES,244.198803,2618.457394,10.5633069999999
393000,4214000,CB5MH_MD,21.32546,1e+06,1.42,74.73,393000 4214000,6.5,Unsuitable,black,YES,244.198803,2618.457394,10.5633069999999
393000,4214000,CB5MH_MD,14.76378,1e+06,1.97,76.69,393000 4214000,4.5,Unsuitable,black,YES,244.198803,2618.457394,10.5633069999999
393000,4214000,CB5MH_MD,13.12336,1e+06,2.65,77.47,393000 4214000,4,Marginal,orange,YES,244.198803,2618.457394,10.5633069999999
393000,4214000,CB5MH_MD,31.16798,1e+06,1.55,74.52,393000 4214000,9.5,Unsuitable,black,YES,244.198803,2618.457394,10.5633069999999
393000,4214000,CB5MH_MD,24.6063,1e+06,1.26,74.27,393000 4214000,7.5,Unsuitable,black,YES,244.198803,2618.457394,10.5633069999999
393000,4214000,CB5MH_MD,16.4042,1e+06,1.68,76.17,393000 4214000,5,Unsuitable,black,YES,244.198803,2618.457394,10.5633069999999
393000,4214000,CB5MH_MD,19.68504,1e+06,1.51,75.13,393000 4214000,6,Unsuitable,black,YES,244.198803,2618.457394,10.5633069999999
393000,4214000,CB5MH_MD,37.72966,1e+06,1.51,74.18,393000 4214000,11.5,Unsuitable,black,YES,244.198803,2618.457394,10.5633069999999
393000,4214000,CB5MH_MD,36.08924,1e+06,1.5,74.27,393000 4214000,11,Unsuitable,black,YES,244.198803,2618.457394,10.5633069999999
393000,4214000,CB5MH_MD,22.96588,1e+06,1.32,74.57,393000 4214000,7,Unsuitable,black,YES,244.198803,2618.457394,10.5633069999999
393000,4214000,CB5MH_MD,34.44882,1e+06,1.49,74.35,393000 4214000,10.5,Unsuitable,black,YES,244.198803,2618.457394,10.5633069999999
393000,4214000,CB5MH_MD,18.04462,1e+06,1.61,75.73,393000 4214000,5.5,Unsuitable,black,YES,244.198803,2618.457394,10.5633069999999
393000,4214000,CB5MH_MD,6.56168,1e+06,6.34,80.99,393000 4214000,2,Suitable,dodgerblue,YES,244.198803,2618.457394,10.5633069999999
393000,4214000,CB5MH_MD,39.37008,1e+06,1.3,73.9,393000 4214000,12,Unsuitable,black,YES,244.198803,2618.457394,10.5633069999999
393000,4214000,CB5MH_MD,32.8084,1e+06,1.51,74.44,393000 4214000,10,Unsuitable,black,YES,244.198803,2618.457394,10.5633069999999
393000,4214000,CB5MH_MD,29.52756,1e+06,1.59,74.52,393000 4214000,9,Unsuitable,black,YES,244.198803,2618.457394,10.5633069999999
393000,4214000,CB5MH_MD,11.48294,1e+06,3.08,78.28,393000 4214000,3.5,Tolerable,yellow,YES,244.198803,2618.457394,10.5633069999999
393000,4214000,CB5MH_MD,9.84252,1e+06,3.82,79.18,393000 4214000,3,Tolerable,yellow,YES,244.198803,2618.457394,10.5633069999999
393000,4214000,CB5MH_MD,4.92126,1e+06,7.25,81.76,393000 4214000,1.5,Suitable,dodgerblue,YES,244.198803,2618.457394,10.5633069999999
393000,4214000,CB5MH_MD,0,1e+06,8.06,82.59,393000 4214000,0,Tolerable,yellow,YES,244.198803,2618.457394,10.5633069999999
393000,4214000,CB5MH_MD,8.2021,1e+06,5.13,80.12,393000 4214000,2.5,Suitable,dodgerblue,YES,244.198803,2618.457394,10.5633069999999
393000,4214000,CB5MH_MD,1.64042,1e+06,8.11,82.66,393000 4214000,0.5,Tolerable,yellow,YES,244.198803,2618.457394,10.5633069999999
393000,4214000,CB5MH_MD,3.28084,1e+06,7.81,82.35,393000 4214000,1,Suitable,dodgerblue,YES,244.198803,2618.457394,10.5633069999999
393000,4215000,CB5MH_MD,9.84252,1e+06,3.55,78.93,393000 4215000,3,Tolerable,yellow,YES,244.198803,2619.078765,11.1846780000001
393000,4215000,CB5MH_MD,16.4042,1e+06,1.78,76.22,393000 4215000,5,Unsuitable,black,YES,244.198803,2619.078765,11.1846780000001
393000,4215000,CB5MH_MD,1.64042,1e+06,8.13,82.59,393000 4215000,0.5,Tolerable,yellow,YES,244.198803,2619.078765,11.1846780000001
393000,4215000,CB5MH_MD,31.16798,1e+06,1.5,74.46,393000 4215000,9.5,Unsuitable,black,YES,244.198803,2619.078765,11.1846780000001
393000,4215000,CB5MH_MD,26.24672,1e+06,1.3,74.18,393000 4215000,8,Unsuitable,black,YES,244.198803,2619.078765,11.1846780000001
393000,4215000,CB5MH_MD,13.12336,1e+06,2.55,77.29,393000 4215000,4,Marginal,orange,YES,244.198803,2619.078765,11.1846780000001
393000,4215000,CB5MH_MD,6.56168,1e+06,6.23,80.8,393000 4215000,2,Suitable,dodgerblue,YES,244.198803,2619.078765,11.1846780000001
393000,4215000,CB5MH_MD,14.76378,1e+06,2.01,76.65,393000 4215000,4.5,Marginal,orange,YES,244.198803,2619.078765,11.1846780000001
393000,4215000,CB5MH_MD,21.32546,1e+06,1.48,74.82,393000 4215000,6.5,Unsuitable,black,YES,244.198803,2619.078765,11.1846780000001
393000,4215000,CB5MH_MD,29.52756,1e+06,1.54,74.46,393000 4215000,9,Unsuitable,black,YES,244.198803,2619.078765,11.1846780000001
393000,4215000,CB5MH_MD,22.96588,1e+06,1.38,74.62,393000 4215000,7,Unsuitable,black,YES,244.198803,2619.078765,11.1846780000001
393000,4215000,CB5MH_MD,27.88714,1e+06,1.29,74.16,393000 4215000,8.5,Unsuitable,black,YES,244.198803,2619.078765,11.1846780000001
393000,4215000,CB5MH_MD,34.44882,1e+06,1.44,74.28,393000 4215000,10.5,Unsuitable,black,YES,244.198803,2619.078765,11.1846780000001
393000,4215000,CB5MH_MD,4.92126,1e+06,7.22,81.62,393000 4215000,1.5,Suitable,dodgerblue,YES,244.198803,2619.078765,11.1846780000001
393000,4215000,CB5MH_MD,8.2021,1e+06,4.92,79.88,393000 4215000,2.5,Suitable,dodgerblue,YES,244.198803,2619.078765,11.1846780000001
393000,4215000,CB5MH_MD,0,1e+06,8.07,82.48,393000 4215000,0,Tolerable,yellow,YES,244.198803,2619.078765,11.1846780000001
393000,4215000,CB5MH_MD,11.48294,1e+06,2.85,78.04,393000 4215000,3.5,Marginal,orange,YES,244.198803,2619.078765,11.1846780000001
393000,4215000,CB5MH_MD,19.68504,1e+06,1.59,75.24,393000 4215000,6,Unsuitable,black,YES,244.198803,2619.078765,11.1846780000001
393000,4215000,CB5MH_MD,3.28084,1e+06,7.82,82.25,393000 4215000,1,Suitable,dodgerblue,YES,244.198803,2619.078765,11.1846780000001
393000,4215000,CB5MH_MD,32.8084,1e+06,1.46,74.37,393000 4215000,10,Unsuitable,black,YES,244.198803,2619.078765,11.1846780000001
393000,4215000,CB5MH_MD,18.04462,1e+06,1.7,75.81,393000 4215000,5.5,Unsuitable,black,YES,244.198803,2619.078765,11.1846780000001
393000,4215000,CB5MH_MD,24.6063,1e+06,1.3,74.29,393000 4215000,7.5,Unsuitable,black,YES,244.198803,2619.078765,11.1846780000001
393000,4218000,CB5MH_MD,34.44882,1e+06,1.33,74.11,393000 4218000,10.5,Unsuitable,black,YES,244.198803,2620.942878,13.0487909999997
393000,4218000,CB5MH_MD,22.96588,1e+06,1.51,74.7,393000 4218000,7,Unsuitable,black,YES,244.198803,2620.942878,13.0487909999997
393000,4218000,CB5MH_MD,21.32546,1e+06,1.65,75.04,393000 4218000,6.5,Unsuitable,black,YES,244.198803,2620.942878,13.0487909999997
393000,4218000,CB5MH_MD,13.12336,1e+06,2.26,76.79,393000 4218000,4,Marginal,orange,YES,244.198803,2620.942878,13.0487909999997
393000,4218000,CB5MH_MD,18.04462,1e+06,1.92,75.97,393000 4218000,5.5,Unsuitable,black,YES,244.198803,2620.942878,13.0487909999997
393000,4218000,CB5MH_MD,19.68504,1e+06,1.78,75.52,393000 4218000,6,Unsuitable,black,YES,244.198803,2620.942878,13.0487909999997
393000,4218000,CB5MH_MD,16.4042,1e+06,2.02,76.31,393000 4218000,5,Marginal,orange,YES,244.198803,2620.942878,13.0487909999997
393000,4218000,CB5MH_MD,29.52756,1e+06,1.45,74.31,393000 4218000,9,Unsuitable,black,YES,244.198803,2620.942878,13.0487909999997
393000,4218000,CB5MH_MD,31.16798,1e+06,1.4,74.31,393000 4218000,9.5,Unsuitable,black,YES,244.198803,2620.942878,13.0487909999997
393000,4218000,CB5MH_MD,9.84252,1e+06,2.87,78.29,393000 4218000,3,Marginal,orange,YES,244.198803,2620.942878,13.0487909999997
393000,4218000,CB5MH_MD,37.72966,1e+06,1.33,73.92,393000 4218000,11.5,Unsuitable,black,YES,244.198803,2620.942878,13.0487909999997
393000,4218000,CB5MH_MD,14.76378,1e+06,2.09,76.51,393000 4218000,4.5,Marginal,orange,YES,244.198803,2620.942878,13.0487909999997
393000,4218000,CB5MH_MD,8.2021,1e+06,4.4,79.29,393000 4218000,2.5,Suitable,dodgerblue,YES,244.198803,2620.942878,13.0487909999997
393000,4218000,CB5MH_MD,1.64042,1e+06,8.2,82.42,393000 4218000,0.5,Tolerable,yellow,YES,244.198803,2620.942878,13.0487909999997
393000,4218000,CB5MH_MD,0,1e+06,8.12,82.26,393000 4218000,0,Suitable,dodgerblue,YES,244.198803,2620.942878,13.0487909999997
393000,4218000,CB5MH_MD,26.24672,1e+06,1.43,74.24,393000 4218000,8,Unsuitable,black,YES,244.198803,2620.942878,13.0487909999997
393000,4218000,CB5MH_MD,11.48294,1e+06,2.23,77.39,393000 4218000,3.5,Marginal,orange,YES,244.198803,2620.942878,13.0487909999997
393000,4218000,CB5MH_MD,27.88714,1e+06,1.41,74.23,393000 4218000,8.5,Unsuitable,black,YES,244.198803,2620.942878,13.0487909999997
393000,4218000,CB5MH_MD,24.6063,1e+06,1.43,74.34,393000 4218000,7.5,Unsuitable,black,YES,244.198803,2620.942878,13.0487909999997
393000,4218000,CB5MH_MD,36.08924,1e+06,1.33,74.02,393000 4218000,11,Unsuitable,black,YES,244.198803,2620.942878,13.0487909999997
393000,4218000,CB5MH_MD,6.56168,1e+06,5.94,80.35,393000 4218000,2,Suitable,dodgerblue,YES,244.198803,2620.942878,13.0487909999997
393000,4218000,CB5MH_MD,3.28084,1e+06,7.85,82.03,393000 4218000,1,Suitable,dodgerblue,YES,244.198803,2620.942878,13.0487909999997
393000,4218000,CB5MH_MD,32.8084,1e+06,1.35,74.21,393000 4218000,10,Unsuitable,black,YES,244.198803,2620.942878,13.0487909999997
393000,4218000,CB5MH_MD,4.92126,1e+06,7.13,81.28,393000 4218000,1.5,Suitable,dodgerblue,YES,244.198803,2620.942878,13.0487909999997
393000,4219000,CB5MH_MD,13.12336,1e+06,2.21,76.7,393000 4219000,4,Marginal,orange,YES,244.198803,2621.564249,13.6701619999999
393000,4219000,CB5MH_MD,9.84252,1e+06,2.72,78.16,393000 4219000,3,Marginal,orange,YES,244.198803,2621.564249,13.6701619999999
393000,4219000,CB5MH_MD,45.93176,1e+06,0.8,72,393000 4219000,14,Unsuitable,black,YES,244.198803,2621.564249,13.6701619999999
393000,4219000,CB5MH_MD,26.24672,1e+06,1.46,74.27,393000 4219000,8,Unsuitable,black,YES,244.198803,2621.564249,13.6701619999999
393000,4219000,CB5MH_MD,24.6063,1e+06,1.46,74.36,393000 4219000,7.5,Unsuitable,black,YES,244.198803,2621.564249,13.6701619999999
393000,4219000,CB5MH_MD,50.85302,1e+06,0.7,71.8,393000 4219000,15.5,Unsuitable,black,YES,244.198803,2621.564249,13.6701619999999
393000,4219000,CB5MH_MD,8.2021,1e+06,4.28,79.16,393000 4219000,2.5,Suitable,dodgerblue,YES,244.198803,2621.564249,13.6701619999999
393000,4219000,CB5MH_MD,57.4147,1e+06,0.7,71.8,393000 4219000,17.5,Unsuitable,black,YES,244.198803,2621.564249,13.6701619999999
393000,4219000,CB5MH_MD,6.56168,1e+06,5.87,80.24,393000 4219000,2,Suitable,dodgerblue,YES,244.198803,2621.564249,13.6701619999999
393000,4219000,CB5MH_MD,11.48294,1e+06,2.1,77.25,393000 4219000,3.5,Marginal,orange,YES,244.198803,2621.564249,13.6701619999999
393000,4219000,CB5MH_MD,47.57218,1e+06,0.77,71.9,393000 4219000,14.5,Unsuitable,black,YES,244.198803,2621.564249,13.6701619999999
393000,4219000,CB5MH_MD,1.64042,1e+06,8.2,82.37,393000 4219000,0.5,Suitable,dodgerblue,YES,244.198803,2621.564249,13.6701619999999
393000,4219000,CB5MH_MD,54.13386,1e+06,0.7,71.8,393000 4219000,16.5,Unsuitable,black,YES,244.198803,2621.564249,13.6701619999999
393000,4219000,CB5MH_MD,42.65092,1e+06,1.29,73.87,393000 4219000,13,Unsuitable,black,YES,244.198803,2621.564249,13.6701619999999
393000,4219000,CB5MH_MD,4.92126,1e+06,7.12,81.2,393000 4219000,1.5,Suitable,dodgerblue,YES,244.198803,2621.564249,13.6701619999999
393000,4219000,CB5MH_MD,44.29134,1e+06,1.29,73.87,393000 4219000,13.5,Unsuitable,black,YES,244.198803,2621.564249,13.6701619999999
393000,4219000,CB5MH_MD,27.88714,1e+06,1.44,74.26,393000 4219000,8.5,Unsuitable,black,YES,244.198803,2621.564249,13.6701619999999
393000,4219000,CB5MH_MD,3.28084,1e+06,7.85,81.97,393000 4219000,1,Suitable,dodgerblue,YES,244.198803,2621.564249,13.6701619999999
393000,4219000,CB5MH_MD,22.96588,1e+06,1.55,74.74,393000 4219000,7,Unsuitable,black,YES,244.198803,2621.564249,13.6701619999999
393000,4219000,CB5MH_MD,21.32546,1e+06,1.69,75.11,393000 4219000,6.5,Unsuitable,black,YES,244.198803,2621.564249,13.6701619999999
393000,4219000,CB5MH_MD,19.68504,1e+06,1.84,75.6,393000 4219000,6,Unsuitable,black,YES,244.198803,2621.564249,13.6701619999999
393000,4219000,CB5MH_MD,37.72966,1e+06,1.31,73.91,393000 4219000,11.5,Unsuitable,black,YES,244.198803,2621.564249,13.6701619999999
393000,4219000,CB5MH_MD,0,1e+06,8.11,82.19,393000 4219000,0,Suitable,dodgerblue,YES,244.198803,2621.564249,13.6701619999999
393000,4219000,CB5MH_MD,49.2126,1e+06,0.73,71.8,393000 4219000,15,Unsuitable,black,YES,244.198803,2621.564249,13.6701619999999
393000,4219000,CB5MH_MD,18.04462,1e+06,1.98,76.03,393000 4219000,5.5,Unsuitable,black,YES,244.198803,2621.564249,13.6701619999999
393000,4219000,CB5MH_MD,52.49344,1e+06,0.7,71.8,393000 4219000,16,Unsuitable,black,YES,244.198803,2621.564249,13.6701619999999
393000,4219000,CB5MH_MD,29.52756,1e+06,1.44,74.3,393000 4219000,9,Unsuitable,black,YES,244.198803,2621.564249,13.6701619999999
393000,4219000,CB5MH_MD,41.0105,1e+06,1.29,73.88,393000 4219000,12.5,Unsuitable,black,YES,244.198803,2621.564249,13.6701619999999
393000,4219000,CB5MH_MD,36.08924,1e+06,1.31,74,393000 4219000,11,Unsuitable,black,YES,244.198803,2621.564249,13.6701619999999
393000,4219000,CB5MH_MD,16.4042,1e+06,2.08,76.35,393000 4219000,5,Marginal,orange,YES,244.198803,2621.564249,13.6701619999999
393000,4219000,CB5MH_MD,39.37008,1e+06,1.29,73.88,393000 4219000,12,Unsuitable,black,YES,244.198803,2621.564249,13.6701619999999
393000,4219000,CB5MH_MD,14.76378,1e+06,2.11,76.5,393000 4219000,4.5,Marginal,orange,YES,244.198803,2621.564249,13.6701619999999
393000,4219000,CB5MH_MD,31.16798,1e+06,1.39,74.3,393000 4219000,9.5,Unsuitable,black,YES,244.198803,2621.564249,13.6701619999999
393000,4219000,CB5MH_MD,34.44882,1e+06,1.31,74.1,393000 4219000,10.5,Unsuitable,black,YES,244.198803,2621.564249,13.6701619999999
393000,4219000,CB5MH_MD,32.8084,1e+06,1.34,74.2,393000 4219000,10,Unsuitable,black,YES,244.198803,2621.564249,13.6701619999999
393000,4219000,CB5MH_MD,55.77428,1e+06,0.7,71.8,393000 4219000,17,Unsuitable,black,YES,244.198803,2621.564249,13.6701619999999
393000,4220000,CB5MH_MD,6.56168,1e+06,5.83,80.16,393000 4220000,2,Suitable,dodgerblue,YES,244.198803,2622.18562,14.2915330000001
393000,4220000,CB5MH_MD,24.6063,1e+06,1.48,74.38,393000 4220000,7.5,Unsuitable,black,YES,244.198803,2622.18562,14.2915330000001
393000,4220000,CB5MH_MD,39.37008,1e+06,1.3,73.89,393000 4220000,12,Unsuitable,black,YES,244.198803,2622.18562,14.2915330000001
393000,4220000,CB5MH_MD,8.2021,1e+06,4.2,79.06,393000 4220000,2.5,Suitable,dodgerblue,YES,244.198803,2622.18562,14.2915330000001
393000,4220000,CB5MH_MD,1.64042,1e+06,8.2,82.33,393000 4220000,0.5,Suitable,dodgerblue,YES,244.198803,2622.18562,14.2915330000001
393000,4220000,CB5MH_MD,11.48294,1e+06,2.01,77.16,393000 4220000,3.5,Marginal,orange,YES,244.198803,2622.18562,14.2915330000001
393000,4220000,CB5MH_MD,22.96588,1e+06,1.58,74.78,393000 4220000,7,Unsuitable,black,YES,244.198803,2622.18562,14.2915330000001
393000,4220000,CB5MH_MD,41.0105,1e+06,1.3,73.89,393000 4220000,12.5,Unsuitable,black,YES,244.198803,2622.18562,14.2915330000001
393000,4220000,CB5MH_MD,21.32546,1e+06,1.73,75.16,393000 4220000,6.5,Unsuitable,black,YES,244.198803,2622.18562,14.2915330000001
393000,4220000,CB5MH_MD,13.12336,1e+06,2.17,76.64,393000 4220000,4,Marginal,orange,YES,244.198803,2622.18562,14.2915330000001
393000,4220000,CB5MH_MD,4.92126,1e+06,7.11,81.14,393000 4220000,1.5,Suitable,dodgerblue,YES,244.198803,2622.18562,14.2915330000001
393000,4220000,CB5MH_MD,0,1e+06,8.11,82.14,393000 4220000,0,Suitable,dodgerblue,YES,244.198803,2622.18562,14.2915330000001
393000,4220000,CB5MH_MD,36.08924,1e+06,1.31,74,393000 4220000,11,Unsuitable,black,YES,244.198803,2622.18562,14.2915330000001
393000,4220000,CB5MH_MD,9.84252,1e+06,2.62,78.06,393000 4220000,3,Marginal,orange,YES,244.198803,2622.18562,14.2915330000001
393000,4220000,CB5MH_MD,31.16798,1e+06,1.38,74.3,393000 4220000,9.5,Unsuitable,black,YES,244.198803,2622.18562,14.2915330000001
393000,4220000,CB5MH_MD,37.72966,1e+06,1.3,73.9,393000 4220000,11.5,Unsuitable,black,YES,244.198803,2622.18562,14.2915330000001
393000,4220000,CB5MH_MD,26.24672,1e+06,1.48,74.29,393000 4220000,8,Unsuitable,black,YES,244.198803,2622.18562,14.2915330000001
393000,4220000,CB5MH_MD,34.44882,1e+06,1.31,74.1,393000 4220000,10.5,Unsuitable,black,YES,244.198803,2622.18562,14.2915330000001
393000,4220000,CB5MH_MD,3.28084,1e+06,7.85,81.93,393000 4220000,1,Suitable,dodgerblue,YES,244.198803,2622.18562,14.2915330000001
393000,4220000,CB5MH_MD,29.52756,1e+06,1.43,74.3,393000 4220000,9,Unsuitable,black,YES,244.198803,2622.18562,14.2915330000001
393000,4220000,CB5MH_MD,27.88714,1e+06,1.46,74.28,393000 4220000,8.5,Unsuitable,black,YES,244.198803,2622.18562,14.2915330000001
393000,4220000,CB5MH_MD,14.76378,1e+06,2.13,76.5,393000 4220000,4.5,Marginal,orange,YES,244.198803,2622.18562,14.2915330000001
393000,4220000,CB5MH_MD,19.68504,1e+06,1.87,75.66,393000 4220000,6,Unsuitable,black,YES,244.198803,2622.18562,14.2915330000001
393000,4220000,CB5MH_MD,32.8084,1e+06,1.33,74.2,393000 4220000,10,Unsuitable,black,YES,244.198803,2622.18562,14.2915330000001
393000,4220000,CB5MH_MD,18.04462,1e+06,2.02,76.07,393000 4220000,5.5,Marginal,orange,YES,244.198803,2622.18562,14.2915330000001
393000,4220000,CB5MH_MD,16.4042,1e+06,2.12,76.38,393000 4220000,5,Marginal,orange,YES,244.198803,2622.18562,14.2915330000001
393000,4343000,CB2OH,11.48294,1e+06,1.65,75.78,393000 4343000,3.5,Unsuitable,black,YES,244.198803,2698.614253,90.7201660000001
393000,4343000,CB2OH,13.12336,1e+06,1.13,74.92,393000 4343000,4,Unsuitable,black,YES,244.198803,2698.614253,90.7201660000001
393000,4343000,CB2OH,1.64042,1e+06,6.05,81.41,393000 4343000,0.5,Suitable,dodgerblue,YES,244.198803,2698.614253,90.7201660000001
393000,4343000,CB2OH,9.84252,1e+06,2.19,76.77,393000 4343000,3,Marginal,orange,YES,244.198803,2698.614253,90.7201660000001
393000,4343000,CB2OH,8.2021,1e+06,2.85,77.59,393000 4343000,2.5,Marginal,orange,YES,244.198803,2698.614253,90.7201660000001
393000,4343000,CB2OH,4.92126,1e+06,4.17,79.44,393000 4343000,1.5,Suitable,dodgerblue,YES,244.198803,2698.614253,90.7201660000001
393000,4343000,CB2OH,3.28084,1e+06,5.25,80.68,393000 4343000,1,Suitable,dodgerblue,YES,244.198803,2698.614253,90.7201660000001
393000,4343000,CB2OH,0,1e+06,6.36,82.02,393000 4343000,0,Suitable,dodgerblue,YES,244.198803,2698.614253,90.7201660000001
393000,4343000,CB2OH,6.56168,1e+06,3.47,78.28,393000 4343000,2,Tolerable,yellow,YES,244.198803,2698.614253,90.7201660000001
393000,4344000,CB2OH,4.92126,1e+06,4.16,79.49,393000 4344000,1.5,Suitable,dodgerblue,YES,244.198803,2699.235624,91.3415369999998
393000,4344000,CB2OH,11.48294,1e+06,1.66,75.8,393000 4344000,3.5,Unsuitable,black,YES,244.198803,2699.235624,91.3415369999998
393000,4344000,CB2OH,8.2021,1e+06,2.86,77.6,393000 4344000,2.5,Marginal,orange,YES,244.198803,2699.235624,91.3415369999998
393000,4344000,CB2OH,6.56168,1e+06,3.46,78.3,393000 4344000,2,Tolerable,yellow,YES,244.198803,2699.235624,91.3415369999998
393000,4344000,CB2OH,0,1e+06,6.35,82.08,393000 4344000,0,Suitable,dodgerblue,YES,244.198803,2699.235624,91.3415369999998
393000,4344000,CB2OH,9.84252,1e+06,2.2,76.8,393000 4344000,3,Marginal,orange,YES,244.198803,2699.235624,91.3415369999998
393000,4344000,CB2OH,3.28084,1e+06,5.25,80.77,393000 4344000,1,Suitable,dodgerblue,YES,244.198803,2699.235624,91.3415369999998
393000,4344000,CB2OH,1.64042,1e+06,6.05,81.48,393000 4344000,0.5,Suitable,dodgerblue,YES,244.198803,2699.235624,91.3415369999998
393000,4345000,CB2OH,1.64042,1e+06,6.05,81.5,393000 4345000,0.5,Suitable,dodgerblue,YES,244.198803,2699.856995,91.962908
393000,4345000,CB2OH,6.56168,1e+06,3.45,78.3,393000 4345000,2,Tolerable,yellow,YES,244.198803,2699.856995,91.962908
393000,4345000,CB2OH,0,1e+06,6.35,82.1,393000 4345000,0,Suitable,dodgerblue,YES,244.198803,2699.856995,91.962908
393000,4345000,CB2OH,3.28084,1e+06,5.25,80.8,393000 4345000,1,Suitable,dodgerblue,YES,244.198803,2699.856995,91.962908
393000,4345000,CB2OH,8.2021,1e+06,2.85,77.6,393000 4345000,2.5,Marginal,orange,YES,244.198803,2699.856995,91.962908
393000,4345000,CB2OH,9.84252,1e+06,2.2,76.8,393000 4345000,3,Marginal,orange,YES,244.198803,2699.856995,91.962908
393000,4345000,CB2OH,4.92126,1e+06,4.15,79.5,393000 4345000,1.5,Suitable,dodgerblue,YES,244.198803,2699.856995,91.962908
393000,4351000,CB2OH,14.76378,1e+06,1.97,76.06,393000 4351000,4.5,Unsuitable,black,YES,244.198803,2703.585221,95.6911340000002
393000,4351000,CB2OH,9.84252,1e+06,3.17,78.27,393000 4351000,3,Tolerable,yellow,YES,244.198803,2703.585221,95.6911340000002
393000,4351000,CB2OH,4.92126,1e+06,4.8,80.3,393000 4351000,1.5,Suitable,dodgerblue,YES,244.198803,2703.585221,95.6911340000002
393000,4351000,CB2OH,16.4042,1e+06,1.75,75.61,393000 4351000,5,Unsuitable,black,YES,244.198803,2703.585221,95.6911340000002
393000,4351000,CB2OH,13.12336,1e+06,2.32,76.77,393000 4351000,4,Marginal,orange,YES,244.198803,2703.585221,95.6911340000002
393000,4351000,CB2OH,11.48294,1e+06,2.68,77.41,393000 4351000,3.5,Marginal,orange,YES,244.198803,2703.585221,95.6911340000002
393000,4351000,CB2OH,3.28084,1e+06,5.51,80.85,393000 4351000,1,Suitable,dodgerblue,YES,244.198803,2703.585221,95.6911340000002
393000,4351000,CB2OH,1.64042,1e+06,6.09,81.22,393000 4351000,0.5,Suitable,dodgerblue,YES,244.198803,2703.585221,95.6911340000002
393000,4351000,CB2OH,8.2021,1e+06,3.86,79.06,393000 4351000,2.5,Tolerable,yellow,YES,244.198803,2703.585221,95.6911340000002
393000,4351000,CB2OH,6.56168,1e+06,4.31,79.54,393000 4351000,2,Suitable,dodgerblue,YES,244.198803,2703.585221,95.6911340000002
393000,4351000,CB2OH,18.04462,1e+06,0.35,73.3,393000 4351000,5.5,Unsuitable,black,YES,244.198803,2703.585221,95.6911340000002
393000,4351000,CB2OH,0,1e+06,6.39,81.78,393000 4351000,0,Suitable,dodgerblue,YES,244.198803,2703.585221,95.6911340000002
394000,4207000,CB5MH_MD,29.52756,1e+06,2.15,74.9,394000 4207000,9,Marginal,orange,YES,244.820174,2614.107797,6.21370999999999
394000,4207000,CB5MH_MD,27.88714,1e+06,1.52,74.29,394000 4207000,8.5,Unsuitable,black,YES,244.820174,2614.107797,6.21370999999999
394000,4207000,CB5MH_MD,31.16798,1e+06,2.14,74.89,394000 4207000,9.5,Marginal,orange,YES,244.820174,2614.107797,6.21370999999999
394000,4207000,CB5MH_MD,32.8084,1e+06,2.12,74.86,394000 4207000,10,Marginal,orange,YES,244.820174,2614.107797,6.21370999999999
394000,4207000,CB5MH_MD,37.72966,1e+06,2.16,74.73,394000 4207000,11.5,Marginal,orange,YES,244.820174,2614.107797,6.21370999999999
394000,4207000,CB5MH_MD,24.6063,1e+06,1.54,74.43,394000 4207000,7.5,Unsuitable,black,YES,244.820174,2614.107797,6.21370999999999
394000,4207000,CB5MH_MD,26.24672,1e+06,1.52,74.32,394000 4207000,8,Unsuitable,black,YES,244.820174,2614.107797,6.21370999999999
394000,4207000,CB5MH_MD,16.4042,1e+06,1.82,75.83,394000 4207000,5,Unsuitable,black,YES,244.820174,2614.107797,6.21370999999999
394000,4207000,CB5MH_MD,0,1e+06,8.03,83.07,394000 4207000,0,Tolerable,yellow,YES,244.820174,2614.107797,6.21370999999999
394000,4207000,CB5MH_MD,8.2021,1e+06,5.92,80.81,394000 4207000,2.5,Suitable,dodgerblue,YES,244.820174,2614.107797,6.21370999999999
394000,4207000,CB5MH_MD,21.32546,1e+06,1.64,74.6,394000 4207000,6.5,Unsuitable,black,YES,244.820174,2614.107797,6.21370999999999
394000,4207000,CB5MH_MD,9.84252,1e+06,4.85,79.77,394000 4207000,3,Suitable,dodgerblue,YES,244.820174,2614.107797,6.21370999999999
394000,4207000,CB5MH_MD,14.76378,1e+06,2.31,76.79,394000 4207000,4.5,Marginal,orange,YES,244.820174,2614.107797,6.21370999999999
394000,4207000,CB5MH_MD,13.12336,1e+06,3.28,77.99,394000 4207000,4,Tolerable,yellow,YES,244.820174,2614.107797,6.21370999999999
394000,4207000,CB5MH_MD,39.37008,1e+06,1.57,73.46,394000 4207000,12,Unsuitable,black,YES,244.820174,2614.107797,6.21370999999999
394000,4207000,CB5MH_MD,22.96588,1e+06,1.58,74.62,394000 4207000,7,Unsuitable,black,YES,244.820174,2614.107797,6.21370999999999
394000,4207000,CB5MH_MD,36.08924,1e+06,2.15,74.77,394000 4207000,11,Marginal,orange,YES,244.820174,2614.107797,6.21370999999999
394000,4207000,CB5MH_MD,34.44882,1e+06,2.12,74.82,394000 4207000,10.5,Marginal,orange,YES,244.820174,2614.107797,6.21370999999999
394000,4207000,CB5MH_MD,11.48294,1e+06,4,78.81,394000 4207000,3.5,Suitable,dodgerblue,YES,244.820174,2614.107797,6.21370999999999
394000,4207000,CB5MH_MD,6.56168,1e+06,6.8,81.61,394000 4207000,2,Suitable,dodgerblue,YES,244.820174,2614.107797,6.21370999999999
394000,4207000,CB5MH_MD,4.92126,1e+06,7.44,82.44,394000 4207000,1.5,Tolerable,yellow,YES,244.820174,2614.107797,6.21370999999999
394000,4207000,CB5MH_MD,3.28084,1e+06,7.8,82.84,394000 4207000,1,Tolerable,yellow,YES,244.820174,2614.107797,6.21370999999999
394000,4207000,CB5MH_MD,1.64042,1e+06,8.02,83.05,394000 4207000,0.5,Tolerable,yellow,YES,244.820174,2614.107797,6.21370999999999
394000,4207000,CB5MH_MD,18.04462,1e+06,1.75,75.38,394000 4207000,5.5,Unsuitable,black,YES,244.820174,2614.107797,6.21370999999999
394000,4207000,CB5MH_MD,19.68504,1e+06,1.69,74.86,394000 4207000,6,Unsuitable,black,YES,244.820174,2614.107797,6.21370999999999
394000,4208000,CB5MH_MD,8.2021,1e+06,5.88,80.73,394000 4208000,2.5,Suitable,dodgerblue,YES,244.820174,2614.729168,6.83508099999972
394000,4208000,CB5MH_MD,39.37008,1e+06,1.53,73.52,394000 4208000,12,Unsuitable,black,YES,244.820174,2614.729168,6.83508099999972
394000,4208000,CB5MH_MD,37.72966,1e+06,2.07,74.62,394000 4208000,11.5,Marginal,orange,YES,244.820174,2614.729168,6.83508099999972
394000,4208000,CB5MH_MD,6.56168,1e+06,6.77,81.52,394000 4208000,2,Suitable,dodgerblue,YES,244.820174,2614.729168,6.83508099999972
394000,4208000,CB5MH_MD,26.24672,1e+06,1.45,74.24,394000 4208000,8,Unsuitable,black,YES,244.820174,2614.729168,6.83508099999972
394000,4208000,CB5MH_MD,16.4042,1e+06,1.77,75.85,394000 4208000,5,Unsuitable,black,YES,244.820174,2614.729168,6.83508099999972
394000,4208000,CB5MH_MD,11.48294,1e+06,3.96,78.79,394000 4208000,3.5,Tolerable,yellow,YES,244.820174,2614.729168,6.83508099999972
394000,4208000,CB5MH_MD,34.44882,1e+06,2.04,74.72,394000 4208000,10.5,Marginal,orange,YES,244.820174,2614.729168,6.83508099999972
394000,4208000,CB5MH_MD,27.88714,1e+06,1.45,74.21,394000 4208000,8.5,Unsuitable,black,YES,244.820174,2614.729168,6.83508099999972
394000,4208000,CB5MH_MD,22.96588,1e+06,1.51,74.56,394000 4208000,7,Unsuitable,black,YES,244.820174,2614.729168,6.83508099999972
394000,4208000,CB5MH_MD,9.84252,1e+06,4.8,79.73,394000 4208000,3,Suitable,dodgerblue,YES,244.820174,2614.729168,6.83508099999972
394000,4208000,CB5MH_MD,29.52756,1e+06,2.08,74.82,394000 4208000,9,Marginal,orange,YES,244.820174,2614.729168,6.83508099999972
394000,4208000,CB5MH_MD,13.12336,1e+06,3.23,77.94,394000 4208000,4,Tolerable,yellow,YES,244.820174,2614.729168,6.83508099999972
394000,4208000,CB5MH_MD,19.68504,1e+06,1.63,74.83,394000 4208000,6,Unsuitable,black,YES,244.820174,2614.729168,6.83508099999972
394000,4208000,CB5MH_MD,4.92126,1e+06,7.42,82.35,394000 4208000,1.5,Suitable,dodgerblue,YES,244.820174,2614.729168,6.83508099999972
394000,4208000,CB5MH_MD,18.04462,1e+06,1.69,75.39,394000 4208000,5.5,Unsuitable,black,YES,244.820174,2614.729168,6.83508099999972
394000,4208000,CB5MH_MD,3.28084,1e+06,7.8,82.78,394000 4208000,1,Tolerable,yellow,YES,244.820174,2614.729168,6.83508099999972
394000,4208000,CB5MH_MD,36.08924,1e+06,2.07,74.67,394000 4208000,11,Marginal,orange,YES,244.820174,2614.729168,6.83508099999972
394000,4208000,CB5MH_MD,1.64042,1e+06,8.02,82.99,394000 4208000,0.5,Tolerable,yellow,YES,244.820174,2614.729168,6.83508099999972
394000,4208000,CB5MH_MD,21.32546,1e+06,1.57,74.56,394000 4208000,6.5,Unsuitable,black,YES,244.820174,2614.729168,6.83508099999972
394000,4208000,CB5MH_MD,14.76378,1e+06,2.25,76.77,394000 4208000,4.5,Marginal,orange,YES,244.820174,2614.729168,6.83508099999972
394000,4208000,CB5MH_MD,32.8084,1e+06,2.05,74.77,394000 4208000,10,Marginal,orange,YES,244.820174,2614.729168,6.83508099999972
394000,4208000,CB5MH_MD,24.6063,1e+06,1.46,74.36,394000 4208000,7.5,Unsuitable,black,YES,244.820174,2614.729168,6.83508099999972
394000,4208000,CB5MH_MD,31.16798,1e+06,2.07,74.81,394000 4208000,9.5,Marginal,orange,YES,244.820174,2614.729168,6.83508099999972
394000,4208000,CB5MH_MD,0,1e+06,8.03,83,394000 4208000,0,Tolerable,yellow,YES,244.820174,2614.729168,6.83508099999972
394000,4216000,CB5MH_MD,9.84252,1e+06,3.27,78.67,394000 4216000,3,Tolerable,yellow,YES,244.820174,2619.700136,11.8060489999998
394000,4216000,CB5MH_MD,27.88714,1e+06,1.35,74.21,394000 4216000,8.5,Unsuitable,black,YES,244.820174,2619.700136,11.8060489999998
394000,4216000,CB5MH_MD,11.48294,1e+06,2.59,77.77,394000 4216000,3.5,Marginal,orange,YES,244.820174,2619.700136,11.8060489999998
394000,4216000,CB5MH_MD,1.64042,1e+06,8.15,82.51,394000 4216000,0.5,Tolerable,yellow,YES,244.820174,2619.700136,11.8060489999998
394000,4216000,CB5MH_MD,24.6063,1e+06,1.37,74.33,394000 4216000,7.5,Unsuitable,black,YES,244.820174,2619.700136,11.8060489999998
394000,4216000,CB5MH_MD,0,1e+06,8.08,82.38,394000 4216000,0,Suitable,dodgerblue,YES,244.820174,2619.700136,11.8060489999998
394000,4216000,CB5MH_MD,3.28084,1e+06,7.83,82.16,394000 4216000,1,Suitable,dodgerblue,YES,244.820174,2619.700136,11.8060489999998
394000,4216000,CB5MH_MD,26.24672,1e+06,1.37,74.23,394000 4216000,8,Unsuitable,black,YES,244.820174,2619.700136,11.8060489999998
394000,4216000,CB5MH_MD,8.2021,1e+06,4.71,79.64,394000 4216000,2.5,Suitable,dodgerblue,YES,244.820174,2619.700136,11.8060489999998
394000,4216000,CB5MH_MD,4.92126,1e+06,7.19,81.48,394000 4216000,1.5,Suitable,dodgerblue,YES,244.820174,2619.700136,11.8060489999998
394000,4216000,CB5MH_MD,14.76378,1e+06,2.05,76.61,394000 4216000,4.5,Marginal,orange,YES,244.820174,2619.700136,11.8060489999998
394000,4216000,CB5MH_MD,21.32546,1e+06,1.57,74.94,394000 4216000,6.5,Unsuitable,black,YES,244.820174,2619.700136,11.8060489999998
394000,4216000,CB5MH_MD,6.56168,1e+06,6.11,80.61,394000 4216000,2,Suitable,dodgerblue,YES,244.820174,2619.700136,11.8060489999998
394000,4216000,CB5MH_MD,22.96588,1e+06,1.45,74.68,394000 4216000,7,Unsuitable,black,YES,244.820174,2619.700136,11.8060489999998
394000,4216000,CB5MH_MD,29.52756,1e+06,1.51,74.42,394000 4216000,9,Unsuitable,black,YES,244.820174,2619.700136,11.8060489999998
394000,4216000,CB5MH_MD,32.8084,1e+06,1.42,74.33,394000 4216000,10,Unsuitable,black,YES,244.820174,2619.700136,11.8060489999998
394000,4216000,CB5MH_MD,19.68504,1e+06,1.69,75.38,394000 4216000,6,Unsuitable,black,YES,244.820174,2619.700136,11.8060489999998
394000,4216000,CB5MH_MD,31.16798,1e+06,1.47,74.42,394000 4216000,9.5,Unsuitable,black,YES,244.820174,2619.700136,11.8060489999998
394000,4216000,CB5MH_MD,18.04462,1e+06,1.8,75.89,394000 4216000,5.5,Unsuitable,black,YES,244.820174,2619.700136,11.8060489999998
394000,4216000,CB5MH_MD,34.44882,1e+06,1.4,74.23,394000 4216000,10.5,Unsuitable,black,YES,244.820174,2619.700136,11.8060489999998
394000,4216000,CB5MH_MD,16.4042,1e+06,1.89,76.27,394000 4216000,5,Unsuitable,black,YES,244.820174,2619.700136,11.8060489999998
394000,4216000,CB5MH_MD,13.12336,1e+06,2.44,77.1,394000 4216000,4,Marginal,orange,YES,244.820174,2619.700136,11.8060489999998
394000,4217000,CB5MH_MD,9.84252,1e+06,3.06,78.47,394000 4217000,3,Tolerable,yellow,YES,244.820174,2620.321507,12.42742
394000,4217000,CB5MH_MD,21.32546,1e+06,1.62,75.01,394000 4217000,6.5,Unsuitable,black,YES,244.820174,2620.321507,12.42742
394000,4217000,CB5MH_MD,19.68504,1e+06,1.75,75.47,394000 4217000,6,Unsuitable,black,YES,244.820174,2620.321507,12.42742
394000,4217000,CB5MH_MD,29.52756,1e+06,1.48,74.38,394000 4217000,9,Unsuitable,black,YES,244.820174,2620.321507,12.42742
394000,4217000,CB5MH_MD,31.16798,1e+06,1.44,74.38,394000 4217000,9.5,Unsuitable,black,YES,244.820174,2620.321507,12.42742
394000,4217000,CB5MH_MD,18.04462,1e+06,1.88,75.95,394000 4217000,5.5,Unsuitable,black,YES,244.820174,2620.321507,12.42742
394000,4217000,CB5MH_MD,13.12336,1e+06,2.35,76.95,394000 4217000,4,Marginal,orange,YES,244.820174,2620.321507,12.42742
394000,4217000,CB5MH_MD,6.56168,1e+06,6.02,80.46,394000 4217000,2,Suitable,dodgerblue,YES,244.820174,2620.321507,12.42742
394000,4217000,CB5MH_MD,16.4042,1e+06,1.97,76.31,394000 4217000,5,Unsuitable,black,YES,244.820174,2620.321507,12.42742
394000,4217000,CB5MH_MD,11.48294,1e+06,2.4,77.57,394000 4217000,3.5,Marginal,orange,YES,244.820174,2620.321507,12.42742
394000,4217000,CB5MH_MD,32.8084,1e+06,1.39,74.28,394000 4217000,10,Unsuitable,black,YES,244.820174,2620.321507,12.42742
394000,4217000,CB5MH_MD,3.28084,1e+06,7.84,82.08,394000 4217000,1,Suitable,dodgerblue,YES,244.820174,2620.321507,12.42742
394000,4217000,CB5MH_MD,26.24672,1e+06,1.41,74.25,394000 4217000,8,Unsuitable,black,YES,244.820174,2620.321507,12.42742
394000,4217000,CB5MH_MD,34.44882,1e+06,1.37,74.19,394000 4217000,10.5,Unsuitable,black,YES,244.820174,2620.321507,12.42742
394000,4217000,CB5MH_MD,14.76378,1e+06,2.08,76.58,394000 4217000,4.5,Marginal,orange,YES,244.820174,2620.321507,12.42742
394000,4217000,CB5MH_MD,22.96588,1e+06,1.49,74.71,394000 4217000,7,Unsuitable,black,YES,244.820174,2620.321507,12.42742
394000,4217000,CB5MH_MD,24.6063,1e+06,1.41,74.35,394000 4217000,7.5,Unsuitable,black,YES,244.820174,2620.321507,12.42742
394000,4217000,CB5MH_MD,8.2021,1e+06,4.54,79.45,394000 4217000,2.5,Suitable,dodgerblue,YES,244.820174,2620.321507,12.42742
394000,4217000,CB5MH_MD,27.88714,1e+06,1.39,74.24,394000 4217000,8.5,Unsuitable,black,YES,244.820174,2620.321507,12.42742
394000,4217000,CB5MH_MD,4.92126,1e+06,7.16,81.37,394000 4217000,1.5,Suitable,dodgerblue,YES,244.820174,2620.321507,12.42742
394000,4217000,CB5MH_MD,1.64042,1e+06,8.16,82.45,394000 4217000,0.5,Tolerable,yellow,YES,244.820174,2620.321507,12.42742
394000,4217000,CB5MH_MD,0,1e+06,8.09,82.3,394000 4217000,0,Suitable,dodgerblue,YES,244.820174,2620.321507,12.42742
394000,4348000,CB2OH,1.64042,1e+06,6.08,81.44,394000 4348000,0.5,Suitable,dodgerblue,YES,244.820174,2701.721108,93.8270210000001
394000,4348000,CB2OH,4.92126,1e+06,4.29,79.65,394000 4348000,1.5,Suitable,dodgerblue,YES,244.820174,2701.721108,93.8270210000001
394000,4348000,CB2OH,9.84252,1e+06,2.42,77.14,394000 4348000,3,Marginal,orange,YES,244.820174,2701.721108,93.8270210000001
394000,4348000,CB2OH,0,1e+06,6.39,82.03,394000 4348000,0,Suitable,dodgerblue,YES,244.820174,2701.721108,93.8270210000001
394000,4348000,CB2OH,3.28084,1e+06,5.32,80.75,394000 4348000,1,Suitable,dodgerblue,YES,244.820174,2701.721108,93.8270210000001
394000,4348000,CB2OH,8.2021,1e+06,3.06,77.92,394000 4348000,2.5,Tolerable,yellow,YES,244.820174,2701.721108,93.8270210000001
394000,4348000,CB2OH,6.56168,1e+06,3.64,78.56,394000 4348000,2,Tolerable,yellow,YES,244.820174,2701.721108,93.8270210000001
394000,4349000,CB2OH,9.84252,1e+06,2.65,77.48,394000 4349000,3,Marginal,orange,YES,244.820174,2702.342479,94.4483919999998
394000,4349000,CB2OH,1.64042,1e+06,6.08,81.36,394000 4349000,0.5,Suitable,dodgerblue,YES,244.820174,2702.342479,94.4483919999998
394000,4349000,CB2OH,13.12336,1e+06,1.69,75.79,394000 4349000,4,Unsuitable,black,YES,244.820174,2702.342479,94.4483919999998
394000,4349000,CB2OH,0,1e+06,6.38,81.94,394000 4349000,0,Suitable,dodgerblue,YES,244.820174,2702.342479,94.4483919999998
394000,4349000,CB2OH,6.56168,1e+06,3.89,78.9,394000 4349000,2,Tolerable,yellow,YES,244.820174,2702.342479,94.4483919999998
394000,4349000,CB2OH,4.92126,1e+06,4.48,79.87,394000 4349000,1.5,Suitable,dodgerblue,YES,244.820174,2702.342479,94.4483919999998
394000,4349000,CB2OH,8.2021,1e+06,3.36,78.31,394000 4349000,2.5,Tolerable,yellow,YES,244.820174,2702.342479,94.4483919999998
394000,4349000,CB2OH,11.48294,1e+06,2.14,76.55,394000 4349000,3.5,Marginal,orange,YES,244.820174,2702.342479,94.4483919999998
394000,4349000,CB2OH,3.28084,1e+06,5.38,80.78,394000 4349000,1,Suitable,dodgerblue,YES,244.820174,2702.342479,94.4483919999998
394000,4350000,CB2OH,4.92126,1e+06,4.67,80.13,394000 4350000,1.5,Suitable,dodgerblue,YES,244.820174,2702.96385,95.069763
394000,4350000,CB2OH,1.64042,1e+06,6.08,81.35,394000 4350000,0.5,Suitable,dodgerblue,YES,244.820174,2702.96385,95.069763
394000,4350000,CB2OH,0,1e+06,6.39,81.91,394000 4350000,0,Suitable,dodgerblue,YES,244.820174,2702.96385,95.069763
394000,4350000,CB2OH,8.2021,1e+06,3.67,78.77,394000 4350000,2.5,Tolerable,yellow,YES,244.820174,2702.96385,95.069763
394000,4350000,CB2OH,6.56168,1e+06,4.14,79.29,394000 4350000,2,Suitable,dodgerblue,YES,244.820174,2702.96385,95.069763
394000,4350000,CB2OH,3.28084,1e+06,5.46,80.86,394000 4350000,1,Suitable,dodgerblue,YES,244.820174,2702.96385,95.069763
394000,4350000,CB2OH,9.84252,1e+06,2.97,77.97,394000 4350000,3,Marginal,orange,YES,244.820174,2702.96385,95.069763
395000,4204000,CB5MH_MD,3.28084,1e+06,7.87,82.88,395000 4204000,1,Tolerable,yellow,YES,245.441545,2612.243684,4.3495969999999
395000,4204000,CB5MH_MD,0,1e+06,8.11,83.12,395000 4204000,0,Tolerable,yellow,YES,245.441545,2612.243684,4.3495969999999
395000,4204000,CB5MH_MD,26.24672,1e+06,1.89,74.74,395000 4204000,8,Unsuitable,black,YES,245.441545,2612.243684,4.3495969999999
395000,4204000,CB5MH_MD,13.12336,1e+06,3.37,78.09,395000 4204000,4,Tolerable,yellow,YES,245.441545,2612.243684,4.3495969999999
395000,4204000,CB5MH_MD,1.64042,1e+06,8.08,83.08,395000 4204000,0.5,Tolerable,yellow,YES,245.441545,2612.243684,4.3495969999999
395000,4204000,CB5MH_MD,9.84252,1e+06,4.82,79.79,395000 4204000,3,Suitable,dodgerblue,YES,245.441545,2612.243684,4.3495969999999
395000,4204000,CB5MH_MD,24.6063,1e+06,1.91,74.82,395000 4204000,7.5,Unsuitable,black,YES,245.441545,2612.243684,4.3495969999999
395000,4204000,CB5MH_MD,11.48294,1e+06,3.92,78.72,395000 4204000,3.5,Tolerable,yellow,YES,245.441545,2612.243684,4.3495969999999
395000,4204000,CB5MH_MD,4.92126,1e+06,7.5,82.58,395000 4204000,1.5,Tolerable,yellow,YES,245.441545,2612.243684,4.3495969999999
395000,4204000,CB5MH_MD,19.68504,1e+06,2.02,75.13,395000 4204000,6,Marginal,orange,YES,245.441545,2612.243684,4.3495969999999
395000,4204000,CB5MH_MD,6.56168,1e+06,6.81,81.91,395000 4204000,2,Suitable,dodgerblue,YES,245.441545,2612.243684,4.3495969999999
395000,4204000,CB5MH_MD,18.04462,1e+06,2.07,75.44,395000 4204000,5.5,Marginal,orange,YES,245.441545,2612.243684,4.3495969999999
395000,4204000,CB5MH_MD,8.2021,1e+06,5.9,81,395000 4204000,2.5,Suitable,dodgerblue,YES,245.441545,2612.243684,4.3495969999999
395000,4204000,CB5MH_MD,21.32546,1e+06,1.99,74.94,395000 4204000,6.5,Unsuitable,black,YES,245.441545,2612.243684,4.3495969999999
395000,4204000,CB5MH_MD,16.4042,1e+06,2.12,75.8,395000 4204000,5,Marginal,orange,YES,245.441545,2612.243684,4.3495969999999
395000,4204000,CB5MH_MD,22.96588,1e+06,1.94,74.95,395000 4204000,7,Unsuitable,black,YES,245.441545,2612.243684,4.3495969999999
395000,4204000,CB5MH_MD,14.76378,1e+06,2.6,76.91,395000 4204000,4.5,Marginal,orange,YES,245.441545,2612.243684,4.3495969999999
395000,4205000,CB5MH_MD,0,1e+06,8.11,83.05,395000 4205000,0,Tolerable,yellow,YES,245.441545,2612.865055,4.97096800000008
395000,4205000,CB5MH_MD,4.92126,1e+06,7.48,82.47,395000 4205000,1.5,Tolerable,yellow,YES,245.441545,2612.865055,4.97096800000008
395000,4205000,CB5MH_MD,8.2021,1e+06,5.9,80.92,395000 4205000,2.5,Suitable,dodgerblue,YES,245.441545,2612.865055,4.97096800000008
395000,4205000,CB5MH_MD,32.8084,1e+06,2.27,75.06,395000 4205000,10,Marginal,orange,YES,245.441545,2612.865055,4.97096800000008
395000,4205000,CB5MH_MD,31.16798,1e+06,2.28,75.08,395000 4205000,9.5,Marginal,orange,YES,245.441545,2612.865055,4.97096800000008
395000,4205000,CB5MH_MD,1.64042,1e+06,8.08,83.01,395000 4205000,0.5,Tolerable,yellow,YES,245.441545,2612.865055,4.97096800000008
395000,4205000,CB5MH_MD,22.96588,1e+06,1.85,74.85,395000 4205000,7,Unsuitable,black,YES,245.441545,2612.865055,4.97096800000008
395000,4205000,CB5MH_MD,19.68504,1e+06,1.93,75.05,395000 4205000,6,Unsuitable,black,YES,245.441545,2612.865055,4.97096800000008
395000,4205000,CB5MH_MD,26.24672,1e+06,1.78,74.62,395000 4205000,8,Unsuitable,black,YES,245.441545,2612.865055,4.97096800000008
395000,4205000,CB5MH_MD,6.56168,1e+06,6.8,81.8,395000 4205000,2,Suitable,dodgerblue,YES,245.441545,2612.865055,4.97096800000008
395000,4205000,CB5MH_MD,3.28084,1e+06,7.87,82.8,395000 4205000,1,Tolerable,yellow,YES,245.441545,2612.865055,4.97096800000008
395000,4205000,CB5MH_MD,37.72966,1e+06,2.32,74.97,395000 4205000,11.5,Marginal,orange,YES,245.441545,2612.865055,4.97096800000008
395000,4205000,CB5MH_MD,29.52756,1e+06,2.27,75.09,395000 4205000,9,Marginal,orange,YES,245.441545,2612.865055,4.97096800000008
395000,4205000,CB5MH_MD,27.88714,1e+06,1.79,74.59,395000 4205000,8.5,Unsuitable,black,YES,245.441545,2612.865055,4.97096800000008
395000,4205000,CB5MH_MD,21.32546,1e+06,1.89,74.84,395000 4205000,6.5,Unsuitable,black,YES,245.441545,2612.865055,4.97096800000008
395000,4205000,CB5MH_MD,41.0105,1e+06,1.65,73.3,395000 4205000,12.5,Unsuitable,black,YES,245.441545,2612.865055,4.97096800000008
395000,4205000,CB5MH_MD,9.84252,1e+06,4.82,79.77,395000 4205000,3,Suitable,dodgerblue,YES,245.441545,2612.865055,4.97096800000008
395000,4205000,CB5MH_MD,14.76378,1e+06,2.52,76.87,395000 4205000,4.5,Marginal,orange,YES,245.441545,2612.865055,4.97096800000008
395000,4205000,CB5MH_MD,13.12336,1e+06,3.34,78.04,395000 4205000,4,Tolerable,yellow,YES,245.441545,2612.865055,4.97096800000008
395000,4205000,CB5MH_MD,34.44882,1e+06,2.28,75.03,395000 4205000,10.5,Marginal,orange,YES,245.441545,2612.865055,4.97096800000008
395000,4205000,CB5MH_MD,24.6063,1e+06,1.8,74.7,395000 4205000,7.5,Unsuitable,black,YES,245.441545,2612.865055,4.97096800000008
395000,4205000,CB5MH_MD,39.37008,1e+06,1.66,73.3,395000 4205000,12,Unsuitable,black,YES,245.441545,2612.865055,4.97096800000008
395000,4205000,CB5MH_MD,16.4042,1e+06,2.05,75.81,395000 4205000,5,Marginal,orange,YES,245.441545,2612.865055,4.97096800000008
395000,4205000,CB5MH_MD,36.08924,1e+06,2.31,75,395000 4205000,11,Marginal,orange,YES,245.441545,2612.865055,4.97096800000008
395000,4205000,CB5MH_MD,18.04462,1e+06,1.98,75.42,395000 4205000,5.5,Unsuitable,black,YES,245.441545,2612.865055,4.97096800000008
395000,4205000,CB5MH_MD,11.48294,1e+06,3.94,78.73,395000 4205000,3.5,Tolerable,yellow,YES,245.441545,2612.865055,4.97096800000008
395000,4206000,CB5MH_MD,1.64042,1e+06,8.08,82.95,395000 4206000,0.5,Tolerable,yellow,YES,245.441545,2613.486426,5.59233899999981
395000,4206000,CB5MH_MD,31.16798,1e+06,2.22,75,395000 4206000,9.5,Marginal,orange,YES,245.441545,2613.486426,5.59233899999981
395000,4206000,CB5MH_MD,21.32546,1e+06,1.8,74.75,395000 4206000,6.5,Unsuitable,black,YES,245.441545,2613.486426,5.59233899999981
395000,4206000,CB5MH_MD,18.04462,1e+06,1.91,75.41,395000 4206000,5.5,Unsuitable,black,YES,245.441545,2613.486426,5.59233899999981
395000,4206000,CB5MH_MD,27.88714,1e+06,1.69,74.48,395000 4206000,8.5,Unsuitable,black,YES,245.441545,2613.486426,5.59233899999981
395000,4206000,CB5MH_MD,22.96588,1e+06,1.75,74.76,395000 4206000,7,Unsuitable,black,YES,245.441545,2613.486426,5.59233899999981
395000,4206000,CB5MH_MD,8.2021,1e+06,5.89,80.85,395000 4206000,2.5,Suitable,dodgerblue,YES,245.441545,2613.486426,5.59233899999981
395000,4206000,CB5MH_MD,6.56168,1e+06,6.79,81.7,395000 4206000,2,Suitable,dodgerblue,YES,245.441545,2613.486426,5.59233899999981
395000,4206000,CB5MH_MD,29.52756,1e+06,2.22,75.01,395000 4206000,9,Marginal,orange,YES,245.441545,2613.486426,5.59233899999981
395000,4206000,CB5MH_MD,9.84252,1e+06,4.81,79.74,395000 4206000,3,Suitable,dodgerblue,YES,245.441545,2613.486426,5.59233899999981
395000,4206000,CB5MH_MD,24.6063,1e+06,1.71,74.59,395000 4206000,7.5,Unsuitable,black,YES,245.441545,2613.486426,5.59233899999981
395000,4206000,CB5MH_MD,16.4042,1e+06,1.97,75.82,395000 4206000,5,Unsuitable,black,YES,245.441545,2613.486426,5.59233899999981
395000,4206000,CB5MH_MD,3.28084,1e+06,7.86,82.72,395000 4206000,1,Tolerable,yellow,YES,245.441545,2613.486426,5.59233899999981
395000,4206000,CB5MH_MD,26.24672,1e+06,1.69,74.5,395000 4206000,8,Unsuitable,black,YES,245.441545,2613.486426,5.59233899999981
395000,4206000,CB5MH_MD,0,1e+06,8.1,82.99,395000 4206000,0,Tolerable,yellow,YES,245.441545,2613.486426,5.59233899999981
395000,4206000,CB5MH_MD,19.68504,1e+06,1.85,74.98,395000 4206000,6,Unsuitable,black,YES,245.441545,2613.486426,5.59233899999981
395000,4206000,CB5MH_MD,14.76378,1e+06,2.45,76.83,395000 4206000,4.5,Marginal,orange,YES,245.441545,2613.486426,5.59233899999981
395000,4206000,CB5MH_MD,11.48294,1e+06,3.94,78.73,395000 4206000,3.5,Tolerable,yellow,YES,245.441545,2613.486426,5.59233899999981
395000,4206000,CB5MH_MD,13.12336,1e+06,3.31,78,395000 4206000,4,Tolerable,yellow,YES,245.441545,2613.486426,5.59233899999981
395000,4206000,CB5MH_MD,4.92126,1e+06,7.47,82.36,395000 4206000,1.5,Suitable,dodgerblue,YES,245.441545,2613.486426,5.59233899999981
395000,4352000,CB2OH,8.2021,1e+06,4.57,80.14,395000 4352000,2.5,Suitable,dodgerblue,YES,245.441545,2704.206592,96.3125049999999
395000,4352000,CB2OH,0,1e+06,6.25,82.01,395000 4352000,0,Suitable,dodgerblue,YES,245.441545,2704.206592,96.3125049999999
395000,4352000,CB2OH,11.48294,1e+06,3.52,78.76,395000 4352000,3.5,Tolerable,yellow,YES,245.441545,2704.206592,96.3125049999999
395000,4352000,CB2OH,9.84252,1e+06,3.97,79.52,395000 4352000,3,Tolerable,yellow,YES,245.441545,2704.206592,96.3125049999999
395000,4352000,CB2OH,3.28084,1e+06,5.67,81.33,395000 4352000,1,Suitable,dodgerblue,YES,245.441545,2704.206592,96.3125049999999
395000,4352000,CB2OH,1.64042,1e+06,6.01,81.59,395000 4352000,0.5,Suitable,dodgerblue,YES,245.441545,2704.206592,96.3125049999999
395000,4352000,CB2OH,6.56168,1e+06,4.88,80.47,395000 4352000,2,Suitable,dodgerblue,YES,245.441545,2704.206592,96.3125049999999
395000,4352000,CB2OH,4.92126,1e+06,5.22,80.97,395000 4352000,1.5,Suitable,dodgerblue,YES,245.441545,2704.206592,96.3125049999999
396000,4199000,CB5MH_MD,14.76378,1e+06,2.85,77.21,396000 4199000,4.5,Marginal,orange,YES,246.062916,2609.136829,1.24274199999991
396000,4199000,CB5MH_MD,13.12336,1e+06,3.38,78.38,396000 4199000,4,Tolerable,yellow,YES,246.062916,2609.136829,1.24274199999991
396000,4199000,CB5MH_MD,6.56168,1e+06,6.8,82.59,396000 4199000,2,Tolerable,yellow,YES,246.062916,2609.136829,1.24274199999991
396000,4199000,CB5MH_MD,9.84252,1e+06,4.68,80.06,396000 4199000,3,Suitable,dodgerblue,YES,246.062916,2609.136829,1.24274199999991
396000,4199000,CB5MH_MD,1.64042,1e+06,8.05,83.52,396000 4199000,0.5,Tolerable,yellow,YES,246.062916,2609.136829,1.24274199999991
396000,4199000,CB5MH_MD,11.48294,1e+06,3.71,78.81,396000 4199000,3.5,Tolerable,yellow,YES,246.062916,2609.136829,1.24274199999991
396000,4199000,CB5MH_MD,3.28084,1e+06,7.86,83.4,396000 4199000,1,Tolerable,yellow,YES,246.062916,2609.136829,1.24274199999991
396000,4199000,CB5MH_MD,31.16798,1e+06,2.48,75.59,396000 4199000,9.5,Marginal,orange,YES,246.062916,2609.136829,1.24274199999991
396000,4199000,CB5MH_MD,37.72966,1e+06,2.57,75.57,396000 4199000,11.5,Marginal,orange,YES,246.062916,2609.136829,1.24274199999991
396000,4199000,CB5MH_MD,0,1e+06,8.1,83.54,396000 4199000,0,Tolerable,yellow,YES,246.062916,2609.136829,1.24274199999991
396000,4199000,CB5MH_MD,39.37008,1e+06,1.95,72.84,396000 4199000,12,Unsuitable,black,YES,246.062916,2609.136829,1.24274199999991
396000,4199000,CB5MH_MD,32.8084,1e+06,2.48,75.59,396000 4199000,10,Marginal,orange,YES,246.062916,2609.136829,1.24274199999991
396000,4199000,CB5MH_MD,21.32546,1e+06,2.37,75.48,396000 4199000,6.5,Marginal,orange,YES,246.062916,2609.136829,1.24274199999991
396000,4199000,CB5MH_MD,36.08924,1e+06,2.55,75.58,396000 4199000,11,Marginal,orange,YES,246.062916,2609.136829,1.24274199999991
396000,4199000,CB5MH_MD,8.2021,1e+06,5.82,81.52,396000 4199000,2.5,Suitable,dodgerblue,YES,246.062916,2609.136829,1.24274199999991
396000,4199000,CB5MH_MD,29.52756,1e+06,2.46,75.59,396000 4199000,9,Marginal,orange,YES,246.062916,2609.136829,1.24274199999991
396000,4199000,CB5MH_MD,26.24672,1e+06,2.34,75.44,396000 4199000,8,Marginal,orange,YES,246.062916,2609.136829,1.24274199999991
396000,4199000,CB5MH_MD,4.92126,1e+06,7.55,83.25,396000 4199000,1.5,Tolerable,yellow,YES,246.062916,2609.136829,1.24274199999991
396000,4199000,CB5MH_MD,34.44882,1e+06,2.5,75.58,396000 4199000,10.5,Marginal,orange,YES,246.062916,2609.136829,1.24274199999991
396000,4199000,CB5MH_MD,24.6063,1e+06,2.34,75.46,396000 4199000,7.5,Marginal,orange,YES,246.062916,2609.136829,1.24274199999991
396000,4199000,CB5MH_MD,18.04462,1e+06,2.39,75.64,396000 4199000,5.5,Marginal,orange,YES,246.062916,2609.136829,1.24274199999991
396000,4199000,CB5MH_MD,27.88714,1e+06,2.36,75.44,396000 4199000,8.5,Marginal,orange,YES,246.062916,2609.136829,1.24274199999991
396000,4199000,CB5MH_MD,19.68504,1e+06,2.37,75.6,396000 4199000,6,Marginal,orange,YES,246.062916,2609.136829,1.24274199999991
396000,4199000,CB5MH_MD,22.96588,1e+06,2.36,75.48,396000 4199000,7,Marginal,orange,YES,246.062916,2609.136829,1.24274199999991
396000,4199000,CB5MH_MD,16.4042,1e+06,2.4,75.86,396000 4199000,5,Marginal,orange,YES,246.062916,2609.136829,1.24274199999991
396000,4354000,CB2OH,1.64042,1e+06,6.07,82.07,396000 4354000,0.5,Suitable,dodgerblue,YES,246.062916,2705.449334,97.5552469999998
396000,4354000,CB2OH,9.84252,1e+06,4.84,80.88,396000 4354000,3,Suitable,dodgerblue,YES,246.062916,2705.449334,97.5552469999998
396000,4354000,CB2OH,6.56168,1e+06,5.47,81.47,396000 4354000,2,Suitable,dodgerblue,YES,246.062916,2705.449334,97.5552469999998
396000,4354000,CB2OH,0,1e+06,6.28,82.42,396000 4354000,0,Tolerable,yellow,YES,246.062916,2705.449334,97.5552469999998
396000,4354000,CB2OH,14.76378,1e+06,4.08,79.48,396000 4354000,4.5,Suitable,dodgerblue,YES,246.062916,2705.449334,97.5552469999998
396000,4354000,CB2OH,16.4042,1e+06,3.79,79.07,396000 4354000,5,Tolerable,yellow,YES,246.062916,2705.449334,97.5552469999998
396000,4354000,CB2OH,11.48294,1e+06,4.42,80.22,396000 4354000,3.5,Suitable,dodgerblue,YES,246.062916,2705.449334,97.5552469999998
396000,4354000,CB2OH,3.28084,1e+06,5.91,81.99,396000 4354000,1,Suitable,dodgerblue,YES,246.062916,2705.449334,97.5552469999998
396000,4354000,CB2OH,8.2021,1e+06,5.29,81.29,396000 4354000,2.5,Suitable,dodgerblue,YES,246.062916,2705.449334,97.5552469999998
396000,4354000,CB2OH,4.92126,1e+06,5.65,81.7,396000 4354000,1.5,Suitable,dodgerblue,YES,246.062916,2705.449334,97.5552469999998
396000,4354000,CB2OH,13.12336,1e+06,4.27,79.86,396000 4354000,4,Suitable,dodgerblue,YES,246.062916,2705.449334,97.5552469999998
397000,4197000,CB5MH_MD,4.92126,1e+06,7.55,83.49,397000 4197000,1.5,Tolerable,yellow,YES,246.684287,2607.894087,0
397000,4197000,CB5MH_MD,3.28084,1e+06,7.85,83.59,397000 4197000,1,Tolerable,yellow,YES,246.684287,2607.894087,0
397000,4197000,CB5MH_MD,6.56168,1e+06,6.8,82.79,397000 4197000,2,Tolerable,yellow,YES,246.684287,2607.894087,0
397000,4197000,CB5MH_MD,42.65092,1e+06,2.14,72.2,397000 4197000,13,Marginal,orange,YES,246.684287,2607.894087,0
397000,4197000,CB5MH_MD,0,1e+06,8.1,83.69,397000 4197000,0,Tolerable,yellow,YES,246.684287,2607.894087,0
397000,4197000,CB5MH_MD,11.48294,1e+06,3.65,78.9,397000 4197000,3.5,Tolerable,yellow,YES,246.684287,2607.894087,0
397000,4197000,CB5MH_MD,21.32546,1e+06,2.4,75.6,397000 4197000,6.5,Marginal,orange,YES,246.684287,2607.894087,0
397000,4197000,CB5MH_MD,19.68504,1e+06,2.4,75.7,397000 4197000,6,Marginal,orange,YES,246.684287,2607.894087,0
397000,4197000,CB5MH_MD,16.4042,1e+06,2.4,75.9,397000 4197000,5,Marginal,orange,YES,246.684287,2607.894087,0
397000,4197000,CB5MH_MD,37.72966,1e+06,2.6,75.7,397000 4197000,11.5,Marginal,orange,YES,246.684287,2607.894087,0
397000,4197000,CB5MH_MD,18.04462,1e+06,2.4,75.7,397000 4197000,5.5,Marginal,orange,YES,246.684287,2607.894087,0
397000,4197000,CB5MH_MD,13.12336,1e+06,3.35,78.5,397000 4197000,4,Tolerable,yellow,YES,246.684287,2607.894087,0
397000,4197000,CB5MH_MD,39.37008,1e+06,2.21,72.4,397000 4197000,12,Marginal,orange,YES,246.684287,2607.894087,0
397000,4197000,CB5MH_MD,31.16798,1e+06,2.5,75.7,397000 4197000,9.5,Marginal,orange,YES,246.684287,2607.894087,0
397000,4197000,CB5MH_MD,34.44882,1e+06,2.53,75.7,397000 4197000,10.5,Marginal,orange,YES,246.684287,2607.894087,0
397000,4197000,CB5MH_MD,1.64042,1e+06,8.05,83.69,397000 4197000,0.5,Tolerable,yellow,YES,246.684287,2607.894087,0
397000,4197000,CB5MH_MD,14.76378,1e+06,2.85,77.3,397000 4197000,4.5,Marginal,orange,YES,246.684287,2607.894087,0
397000,4197000,CB5MH_MD,36.08924,1e+06,2.58,75.7,397000 4197000,11,Marginal,orange,YES,246.684287,2607.894087,0
397000,4197000,CB5MH_MD,29.52756,1e+06,2.48,75.7,397000 4197000,9,Marginal,orange,YES,246.684287,2607.894087,0
397000,4197000,CB5MH_MD,26.24672,1e+06,2.4,75.6,397000 4197000,8,Marginal,orange,YES,246.684287,2607.894087,0
397000,4197000,CB5MH_MD,22.96588,1e+06,2.4,75.6,397000 4197000,7,Marginal,orange,YES,246.684287,2607.894087,0
397000,4197000,CB5MH_MD,24.6063,1e+06,2.4,75.6,397000 4197000,7.5,Marginal,orange,YES,246.684287,2607.894087,0
397000,4197000,CB5MH_MD,32.8084,1e+06,2.5,75.7,397000 4197000,10,Marginal,orange,YES,246.684287,2607.894087,0
397000,4197000,CB5MH_MD,27.88714,1e+06,2.43,75.6,397000 4197000,8.5,Marginal,orange,YES,246.684287,2607.894087,0
397000,4197000,CB5MH_MD,9.84252,1e+06,4.65,80.19,397000 4197000,3,Suitable,dodgerblue,YES,246.684287,2607.894087,0
397000,4197000,CB5MH_MD,41.0105,1e+06,2.17,72.4,397000 4197000,12.5,Marginal,orange,YES,246.684287,2607.894087,0
397000,4197000,CB5MH_MD,8.2021,1e+06,5.8,81.69,397000 4197000,2.5,Suitable,dodgerblue,YES,246.684287,2607.894087,0
397000,4198000,CB5MH_MD,4.92126,1e+06,7.55,83.42,397000 4198000,1.5,Tolerable,yellow,YES,246.684287,2608.515458,0.621370999999726
397000,4198000,CB5MH_MD,31.16798,1e+06,2.51,75.68,397000 4198000,9.5,Marginal,orange,YES,246.684287,2608.515458,0.621370999999726
397000,4198000,CB5MH_MD,29.52756,1e+06,2.48,75.68,397000 4198000,9,Marginal,orange,YES,246.684287,2608.515458,0.621370999999726
397000,4198000,CB5MH_MD,14.76378,1e+06,2.87,77.28,397000 4198000,4.5,Marginal,orange,YES,246.684287,2608.515458,0.621370999999726
397000,4198000,CB5MH_MD,6.56168,1e+06,6.8,82.74,397000 4198000,2,Tolerable,yellow,YES,246.684287,2608.515458,0.621370999999726
397000,4198000,CB5MH_MD,27.88714,1e+06,2.42,75.57,397000 4198000,8.5,Marginal,orange,YES,246.684287,2608.515458,0.621370999999726
397000,4198000,CB5MH_MD,37.72966,1e+06,2.6,75.67,397000 4198000,11.5,Marginal,orange,YES,246.684287,2608.515458,0.621370999999726
397000,4198000,CB5MH_MD,22.96588,1e+06,2.41,75.58,397000 4198000,7,Marginal,orange,YES,246.684287,2608.515458,0.621370999999726
397000,4198000,CB5MH_MD,8.2021,1e+06,5.81,81.65,397000 4198000,2.5,Suitable,dodgerblue,YES,246.684287,2608.515458,0.621370999999726
397000,4198000,CB5MH_MD,0,1e+06,8.1,83.65,397000 4198000,0,Tolerable,yellow,YES,246.684287,2608.515458,0.621370999999726
397000,4198000,CB5MH_MD,21.32546,1e+06,2.41,75.58,397000 4198000,6.5,Marginal,orange,YES,246.684287,2608.515458,0.621370999999726
397000,4198000,CB5MH_MD,32.8084,1e+06,2.51,75.68,397000 4198000,10,Marginal,orange,YES,246.684287,2608.515458,0.621370999999726
397000,4198000,CB5MH_MD,3.28084,1e+06,7.85,83.54,397000 4198000,1,Tolerable,yellow,YES,246.684287,2608.515458,0.621370999999726
397000,4198000,CB5MH_MD,34.44882,1e+06,2.53,75.67,397000 4198000,10.5,Marginal,orange,YES,246.684287,2608.515458,0.621370999999726
397000,4198000,CB5MH_MD,26.24672,1e+06,2.4,75.57,397000 4198000,8,Marginal,orange,YES,246.684287,2608.515458,0.621370999999726
397000,4198000,CB5MH_MD,24.6063,1e+06,2.4,75.58,397000 4198000,7.5,Marginal,orange,YES,246.684287,2608.515458,0.621370999999726
397000,4198000,CB5MH_MD,19.68504,1e+06,2.41,75.68,397000 4198000,6,Marginal,orange,YES,246.684287,2608.515458,0.621370999999726
397000,4198000,CB5MH_MD,16.4042,1e+06,2.42,75.9,397000 4198000,5,Marginal,orange,YES,246.684287,2608.515458,0.621370999999726
397000,4198000,CB5MH_MD,36.08924,1e+06,2.58,75.67,397000 4198000,11,Marginal,orange,YES,246.684287,2608.515458,0.621370999999726
397000,4198000,CB5MH_MD,18.04462,1e+06,2.41,75.69,397000 4198000,5.5,Marginal,orange,YES,246.684287,2608.515458,0.621370999999726
397000,4198000,CB5MH_MD,13.12336,1e+06,3.37,78.47,397000 4198000,4,Tolerable,yellow,YES,246.684287,2608.515458,0.621370999999726
397000,4198000,CB5MH_MD,1.64042,1e+06,8.05,83.65,397000 4198000,0.5,Tolerable,yellow,YES,246.684287,2608.515458,0.621370999999726
397000,4198000,CB5MH_MD,9.84252,1e+06,4.67,80.16,397000 4198000,3,Suitable,dodgerblue,YES,246.684287,2608.515458,0.621370999999726
397000,4198000,CB5MH_MD,11.48294,1e+06,3.68,78.88,397000 4198000,3.5,Tolerable,yellow,YES,246.684287,2608.515458,0.621370999999726
397000,4202000,CB5MH_MD,16.4042,1e+06,2.33,75.82,397000 4202000,5,Marginal,orange,YES,246.684287,2611.000942,3.106855
397000,4202000,CB5MH_MD,8.2021,1e+06,5.84,81.22,397000 4202000,2.5,Suitable,dodgerblue,YES,246.684287,2611.000942,3.106855
397000,4202000,CB5MH_MD,14.76378,1e+06,2.78,77.05,397000 4202000,4.5,Marginal,orange,YES,246.684287,2611.000942,3.106855
397000,4202000,CB5MH_MD,19.68504,1e+06,2.26,75.39,397000 4202000,6,Marginal,orange,YES,246.684287,2611.000942,3.106855
397000,4202000,CB5MH_MD,13.12336,1e+06,3.39,78.2,397000 4202000,4,Tolerable,yellow,YES,246.684287,2611.000942,3.106855
397000,4202000,CB5MH_MD,29.52756,1e+06,2.41,75.39,397000 4202000,9,Marginal,orange,YES,246.684287,2611.000942,3.106855
397000,4202000,CB5MH_MD,11.48294,1e+06,3.79,78.69,397000 4202000,3.5,Tolerable,yellow,YES,246.684287,2611.000942,3.106855
397000,4202000,CB5MH_MD,9.84252,1e+06,4.73,79.87,397000 4202000,3,Suitable,dodgerblue,YES,246.684287,2611.000942,3.106855
397000,4202000,CB5MH_MD,18.04462,1e+06,2.29,75.54,397000 4202000,5.5,Marginal,orange,YES,246.684287,2611.000942,3.106855
397000,4202000,CB5MH_MD,34.44882,1e+06,2.43,75.36,397000 4202000,10.5,Marginal,orange,YES,246.684287,2611.000942,3.106855
397000,4202000,CB5MH_MD,36.08924,1e+06,2.48,75.35,397000 4202000,11,Marginal,orange,YES,246.684287,2611.000942,3.106855
397000,4202000,CB5MH_MD,27.88714,1e+06,2.19,75.12,397000 4202000,8.5,Marginal,orange,YES,246.684287,2611.000942,3.106855
397000,4202000,CB5MH_MD,0,1e+06,8.1,83.3,397000 4202000,0,Tolerable,yellow,YES,246.684287,2611.000942,3.106855
397000,4202000,CB5MH_MD,24.6063,1e+06,2.18,75.17,397000 4202000,7.5,Marginal,orange,YES,246.684287,2611.000942,3.106855
397000,4202000,CB5MH_MD,1.64042,1e+06,8.06,83.27,397000 4202000,0.5,Tolerable,yellow,YES,246.684287,2611.000942,3.106855
397000,4202000,CB5MH_MD,41.0105,1e+06,1.8,73.05,397000 4202000,12.5,Unsuitable,black,YES,246.684287,2611.000942,3.106855
397000,4202000,CB5MH_MD,31.16798,1e+06,2.42,75.38,397000 4202000,9.5,Marginal,orange,YES,246.684287,2611.000942,3.106855
397000,4202000,CB5MH_MD,44.29134,1e+06,1.77,72.94,397000 4202000,13.5,Unsuitable,black,YES,246.684287,2611.000942,3.106855
397000,4202000,CB5MH_MD,32.8084,1e+06,2.42,75.38,397000 4202000,10,Marginal,orange,YES,246.684287,2611.000942,3.106855
397000,4202000,CB5MH_MD,42.65092,1e+06,1.78,72.94,397000 4202000,13,Unsuitable,black,YES,246.684287,2611.000942,3.106855
397000,4202000,CB5MH_MD,6.56168,1e+06,6.8,82.22,397000 4202000,2,Suitable,dodgerblue,YES,246.684287,2611.000942,3.106855
397000,4202000,CB5MH_MD,22.96588,1e+06,2.21,75.24,397000 4202000,7,Marginal,orange,YES,246.684287,2611.000942,3.106855
397000,4202000,CB5MH_MD,4.92126,1e+06,7.55,82.88,397000 4202000,1.5,Tolerable,yellow,YES,246.684287,2611.000942,3.106855
397000,4202000,CB5MH_MD,26.24672,1e+06,2.17,75.13,397000 4202000,8,Marginal,orange,YES,246.684287,2611.000942,3.106855
397000,4202000,CB5MH_MD,21.32546,1e+06,2.24,75.25,397000 4202000,6.5,Marginal,orange,YES,246.684287,2611.000942,3.106855
397000,4202000,CB5MH_MD,39.37008,1e+06,1.82,73.05,397000 4202000,12,Unsuitable,black,YES,246.684287,2611.000942,3.106855
397000,4202000,CB5MH_MD,37.72966,1e+06,2.49,75.33,397000 4202000,11.5,Marginal,orange,YES,246.684287,2611.000942,3.106855
397000,4202000,CB5MH_MD,3.28084,1e+06,7.87,83.12,397000 4202000,1,Tolerable,yellow,YES,246.684287,2611.000942,3.106855
397000,4203000,CB5MH_MD,19.68504,1e+06,2.19,75.31,397000 4203000,6,Marginal,orange,YES,246.684287,2611.622313,3.72822599999972
397000,4203000,CB5MH_MD,4.92126,1e+06,7.52,82.78,397000 4203000,1.5,Tolerable,yellow,YES,246.684287,2611.622313,3.72822599999972
397000,4203000,CB5MH_MD,8.2021,1e+06,5.85,81.11,397000 4203000,2.5,Suitable,dodgerblue,YES,246.684287,2611.622313,3.72822599999972
397000,4203000,CB5MH_MD,0,1e+06,8.12,83.24,397000 4203000,0,Tolerable,yellow,YES,246.684287,2611.622313,3.72822599999972
397000,4203000,CB5MH_MD,3.28084,1e+06,7.88,83.03,397000 4203000,1,Tolerable,yellow,YES,246.684287,2611.622313,3.72822599999972
397000,4203000,CB5MH_MD,1.64042,1e+06,8.08,83.21,397000 4203000,0.5,Tolerable,yellow,YES,246.684287,2611.622313,3.72822599999972
397000,4203000,CB5MH_MD,6.56168,1e+06,6.8,82.08,397000 4203000,2,Suitable,dodgerblue,YES,246.684287,2611.622313,3.72822599999972
397000,4203000,CB5MH_MD,14.76378,1e+06,2.73,76.99,397000 4203000,4.5,Marginal,orange,YES,246.684287,2611.622313,3.72822599999972
397000,4203000,CB5MH_MD,13.12336,1e+06,3.38,78.13,397000 4203000,4,Tolerable,yellow,YES,246.684287,2611.622313,3.72822599999972
397000,4203000,CB5MH_MD,18.04462,1e+06,2.23,75.51,397000 4203000,5.5,Marginal,orange,YES,246.684287,2611.622313,3.72822599999972
397000,4203000,CB5MH_MD,9.84252,1e+06,4.74,79.8,397000 4203000,3,Suitable,dodgerblue,YES,246.684287,2611.622313,3.72822599999972
397000,4203000,CB5MH_MD,11.48294,1e+06,3.82,78.67,397000 4203000,3.5,Tolerable,yellow,YES,246.684287,2611.622313,3.72822599999972
397000,4203000,CB5MH_MD,16.4042,1e+06,2.28,75.81,397000 4203000,5,Marginal,orange,YES,246.684287,2611.622313,3.72822599999972
397000,4353000,CB2OH,11.48294,1e+06,4.37,80.14,397000 4353000,3.5,Suitable,dodgerblue,YES,246.684287,2704.827963,96.9338760000001
397000,4353000,CB2OH,13.12336,1e+06,4.21,79.76,397000 4353000,4,Suitable,dodgerblue,YES,246.684287,2704.827963,96.9338760000001
397000,4353000,CB2OH,6.56168,1e+06,5.43,81.4,397000 4353000,2,Suitable,dodgerblue,YES,246.684287,2704.827963,96.9338760000001
397000,4353000,CB2OH,3.28084,1e+06,5.9,81.98,397000 4353000,1,Suitable,dodgerblue,YES,246.684287,2704.827963,96.9338760000001
397000,4353000,CB2OH,0,1e+06,6.29,82.48,397000 4353000,0,Tolerable,yellow,YES,246.684287,2704.827963,96.9338760000001
397000,4353000,CB2OH,1.64042,1e+06,6.08,82.13,397000 4353000,0.5,Suitable,dodgerblue,YES,246.684287,2704.827963,96.9338760000001
397000,4353000,CB2OH,4.92126,1e+06,5.62,81.66,397000 4353000,1.5,Suitable,dodgerblue,YES,246.684287,2704.827963,96.9338760000001
397000,4353000,CB2OH,9.84252,1e+06,4.79,80.8,397000 4353000,3,Suitable,dodgerblue,YES,246.684287,2704.827963,96.9338760000001
397000,4353000,CB2OH,8.2021,1e+06,5.25,81.22,397000 4353000,2.5,Suitable,dodgerblue,YES,246.684287,2704.827963,96.9338760000001
398000,4200000,CB5MH_MD,18.04462,1e+06,2.38,75.62,398000 4200000,5.5,Marginal,orange,YES,247.305658,2609.7582,1.86411300000009
398000,4200000,CB5MH_MD,37.72966,1e+06,2.61,75.58,398000 4200000,11.5,Marginal,orange,YES,247.305658,2609.7582,1.86411300000009
398000,4200000,CB5MH_MD,8.2021,1e+06,5.82,81.44,398000 4200000,2.5,Suitable,dodgerblue,YES,247.305658,2609.7582,1.86411300000009
398000,4200000,CB5MH_MD,6.56168,1e+06,6.8,82.5,398000 4200000,2,Tolerable,yellow,YES,247.305658,2609.7582,1.86411300000009
398000,4200000,CB5MH_MD,0,1e+06,8.1,83.48,398000 4200000,0,Tolerable,yellow,YES,247.305658,2609.7582,1.86411300000009
398000,4200000,CB5MH_MD,26.24672,1e+06,2.31,75.38,398000 4200000,8,Marginal,orange,YES,247.305658,2609.7582,1.86411300000009
398000,4200000,CB5MH_MD,34.44882,1e+06,2.55,75.59,398000 4200000,10.5,Marginal,orange,YES,247.305658,2609.7582,1.86411300000009
398000,4200000,CB5MH_MD,22.96588,1e+06,2.34,75.44,398000 4200000,7,Marginal,orange,YES,247.305658,2609.7582,1.86411300000009
398000,4200000,CB5MH_MD,24.6063,1e+06,2.32,75.4,398000 4200000,7.5,Marginal,orange,YES,247.305658,2609.7582,1.86411300000009
398000,4200000,CB5MH_MD,36.08924,1e+06,2.59,75.58,398000 4200000,11,Marginal,orange,YES,247.305658,2609.7582,1.86411300000009
398000,4200000,CB5MH_MD,31.16798,1e+06,2.53,75.6,398000 4200000,9.5,Marginal,orange,YES,247.305658,2609.7582,1.86411300000009
398000,4200000,CB5MH_MD,14.76378,1e+06,2.85,77.17,398000 4200000,4.5,Marginal,orange,YES,247.305658,2609.7582,1.86411300000009
398000,4200000,CB5MH_MD,3.28084,1e+06,7.87,83.34,398000 4200000,1,Tolerable,yellow,YES,247.305658,2609.7582,1.86411300000009
398000,4200000,CB5MH_MD,1.64042,1e+06,8.06,83.47,398000 4200000,0.5,Tolerable,yellow,YES,247.305658,2609.7582,1.86411300000009
398000,4200000,CB5MH_MD,9.84252,1e+06,4.69,80.01,398000 4200000,3,Suitable,dodgerblue,YES,247.305658,2609.7582,1.86411300000009
398000,4200000,CB5MH_MD,4.92126,1e+06,7.55,83.17,398000 4200000,1.5,Tolerable,yellow,YES,247.305658,2609.7582,1.86411300000009
398000,4200000,CB5MH_MD,19.68504,1e+06,2.36,75.56,398000 4200000,6,Marginal,orange,YES,247.305658,2609.7582,1.86411300000009
398000,4200000,CB5MH_MD,29.52756,1e+06,2.51,75.61,398000 4200000,9,Marginal,orange,YES,247.305658,2609.7582,1.86411300000009
398000,4200000,CB5MH_MD,13.12336,1e+06,3.38,78.33,398000 4200000,4,Tolerable,yellow,YES,247.305658,2609.7582,1.86411300000009
398000,4200000,CB5MH_MD,21.32546,1e+06,2.35,75.44,398000 4200000,6.5,Marginal,orange,YES,247.305658,2609.7582,1.86411300000009
398000,4200000,CB5MH_MD,16.4042,1e+06,2.4,75.85,398000 4200000,5,Marginal,orange,YES,247.305658,2609.7582,1.86411300000009
398000,4200000,CB5MH_MD,32.8084,1e+06,2.53,75.6,398000 4200000,10,Marginal,orange,YES,247.305658,2609.7582,1.86411300000009
398000,4200000,CB5MH_MD,11.48294,1e+06,3.72,78.77,398000 4200000,3.5,Tolerable,yellow,YES,247.305658,2609.7582,1.86411300000009
398000,4200000,CB5MH_MD,27.88714,1e+06,2.33,75.38,398000 4200000,8.5,Marginal,orange,YES,247.305658,2609.7582,1.86411300000009
398000,4201000,CB5MH_MD,9.84252,1e+06,4.71,79.93,398000 4201000,3,Suitable,dodgerblue,YES,247.305658,2610.379571,2.48548399999982
398000,4201000,CB5MH_MD,34.44882,1e+06,2.47,75.45,398000 4201000,10.5,Marginal,orange,YES,247.305658,2610.379571,2.48548399999982
398000,4201000,CB5MH_MD,32.8084,1e+06,2.45,75.46,398000 4201000,10,Marginal,orange,YES,247.305658,2610.379571,2.48548399999982
398000,4201000,CB5MH_MD,6.56168,1e+06,6.8,82.36,398000 4201000,2,Suitable,dodgerblue,YES,247.305658,2610.379571,2.48548399999982
398000,4201000,CB5MH_MD,8.2021,1e+06,5.83,81.32,398000 4201000,2.5,Suitable,dodgerblue,YES,247.305658,2610.379571,2.48548399999982
398000,4201000,CB5MH_MD,31.16798,1e+06,2.45,75.46,398000 4201000,9.5,Marginal,orange,YES,247.305658,2610.379571,2.48548399999982
398000,4201000,CB5MH_MD,36.08924,1e+06,2.51,75.44,398000 4201000,11,Marginal,orange,YES,247.305658,2610.379571,2.48548399999982
398000,4201000,CB5MH_MD,27.88714,1e+06,2.27,75.26,398000 4201000,8.5,Marginal,orange,YES,247.305658,2610.379571,2.48548399999982
398000,4201000,CB5MH_MD,26.24672,1e+06,2.25,75.27,398000 4201000,8,Marginal,orange,YES,247.305658,2610.379571,2.48548399999982
398000,4201000,CB5MH_MD,21.32546,1e+06,2.31,75.36,398000 4201000,6.5,Marginal,orange,YES,247.305658,2610.379571,2.48548399999982
398000,4201000,CB5MH_MD,29.52756,1e+06,2.43,75.47,398000 4201000,9,Marginal,orange,YES,247.305658,2610.379571,2.48548399999982
398000,4201000,CB5MH_MD,11.48294,1e+06,3.75,78.72,398000 4201000,3.5,Tolerable,yellow,YES,247.305658,2610.379571,2.48548399999982
398000,4201000,CB5MH_MD,37.72966,1e+06,2.53,75.43,398000 4201000,11.5,Marginal,orange,YES,247.305658,2610.379571,2.48548399999982
398000,4201000,CB5MH_MD,4.92126,1e+06,7.55,83.02,398000 4201000,1.5,Tolerable,yellow,YES,247.305658,2610.379571,2.48548399999982
398000,4201000,CB5MH_MD,22.96588,1e+06,2.29,75.35,398000 4201000,7,Marginal,orange,YES,247.305658,2610.379571,2.48548399999982
398000,4201000,CB5MH_MD,16.4042,1e+06,2.38,75.83,398000 4201000,5,Marginal,orange,YES,247.305658,2610.379571,2.48548399999982
398000,4201000,CB5MH_MD,24.6063,1e+06,2.27,75.3,398000 4201000,7.5,Marginal,orange,YES,247.305658,2610.379571,2.48548399999982
398000,4201000,CB5MH_MD,19.68504,1e+06,2.33,75.49,398000 4201000,6,Marginal,orange,YES,247.305658,2610.379571,2.48548399999982
398000,4201000,CB5MH_MD,14.76378,1e+06,2.83,77.11,398000 4201000,4.5,Marginal,orange,YES,247.305658,2610.379571,2.48548399999982
398000,4201000,CB5MH_MD,3.28084,1e+06,7.87,83.23,398000 4201000,1,Tolerable,yellow,YES,247.305658,2610.379571,2.48548399999982
398000,4201000,CB5MH_MD,1.64042,1e+06,8.06,83.37,398000 4201000,0.5,Tolerable,yellow,YES,247.305658,2610.379571,2.48548399999982
398000,4201000,CB5MH_MD,0,1e+06,8.1,83.39,398000 4201000,0,Tolerable,yellow,YES,247.305658,2610.379571,2.48548399999982
398000,4201000,CB5MH_MD,18.04462,1e+06,2.35,75.58,398000 4201000,5.5,Marginal,orange,YES,247.305658,2610.379571,2.48548399999982
398000,4201000,CB5MH_MD,39.37008,1e+06,1.86,72.97,398000 4201000,12,Unsuitable,black,YES,247.305658,2610.379571,2.48548399999982
398000,4201000,CB5MH_MD,13.12336,1e+06,3.39,78.26,398000 4201000,4,Tolerable,yellow,YES,247.305658,2610.379571,2.48548399999982
398000,4355000,CB2OH,16.4042,1e+06,4.27,79.9,398000 4355000,5,Suitable,dodgerblue,YES,247.305658,2706.070705,98.176618
398000,4355000,CB2OH,3.28084,1e+06,5.95,82.27,398000 4355000,1,Suitable,dodgerblue,YES,247.305658,2706.070705,98.176618
398000,4355000,CB2OH,0,1e+06,6.34,82.92,398000 4355000,0,Tolerable,yellow,YES,247.305658,2706.070705,98.176618
398000,4355000,CB2OH,13.12336,1e+06,4.74,80.61,398000 4355000,4,Suitable,dodgerblue,YES,247.305658,2706.070705,98.176618
398000,4355000,CB2OH,8.2021,1e+06,5.61,81.83,398000 4355000,2.5,Suitable,dodgerblue,YES,247.305658,2706.070705,98.176618
398000,4355000,CB2OH,9.84252,1e+06,5.25,81.52,398000 4355000,3,Suitable,dodgerblue,YES,247.305658,2706.070705,98.176618
398000,4355000,CB2OH,4.92126,1e+06,5.83,82.06,398000 4355000,1.5,Suitable,dodgerblue,YES,247.305658,2706.070705,98.176618
398000,4355000,CB2OH,6.56168,1e+06,5.72,81.94,398000 4355000,2,Suitable,dodgerblue,YES,247.305658,2706.070705,98.176618
398000,4355000,CB2OH,1.64042,1e+06,6.14,82.61,398000 4355000,0.5,Tolerable,yellow,YES,247.305658,2706.070705,98.176618
398000,4355000,CB2OH,14.76378,1e+06,4.59,80.3,398000 4355000,4.5,Suitable,dodgerblue,YES,247.305658,2706.070705,98.176618
398000,4355000,CB2OH,11.48294,1e+06,4.85,80.92,398000 4355000,3.5,Suitable,dodgerblue,YES,247.305658,2706.070705,98.176618
399000,4356000,CB2OH,0,1e+06,6.35,83,399000 4356000,0,Tolerable,yellow,YES,247.927029,2706.692076,98.7979890000002
399000,4356000,CB2OH,1.64042,1e+06,6.15,82.7,399000 4356000,0.5,Tolerable,yellow,YES,247.927029,2706.692076,98.7979890000002
399000,4356000,CB2OH,11.48294,1e+06,4.9,81,399000 4356000,3.5,Suitable,dodgerblue,YES,247.927029,2706.692076,98.7979890000002
399000,4356000,CB2OH,3.28084,1e+06,5.95,82.3,399000 4356000,1,Suitable,dodgerblue,YES,247.927029,2706.692076,98.7979890000002
399000,4356000,CB2OH,13.12336,1e+06,4.8,80.7,399000 4356000,4,Suitable,dodgerblue,YES,247.927029,2706.692076,98.7979890000002
399000,4356000,CB2OH,14.76378,1e+06,4.65,80.4,399000 4356000,4.5,Suitable,dodgerblue,YES,247.927029,2706.692076,98.7979890000002
399000,4356000,CB2OH,9.84252,1e+06,5.3,81.6,399000 4356000,3,Suitable,dodgerblue,YES,247.927029,2706.692076,98.7979890000002
399000,4356000,CB2OH,4.92126,1e+06,5.85,82.1,399000 4356000,1.5,Suitable,dodgerblue,YES,247.927029,2706.692076,98.7979890000002
399000,4356000,CB2OH,8.2021,1e+06,5.65,81.9,399000 4356000,2.5,Suitable,dodgerblue,YES,247.927029,2706.692076,98.7979890000002
399000,4356000,CB2OH,6.56168,1e+06,5.75,82,399000 4356000,2,Suitable,dodgerblue,YES,247.927029,2706.692076,98.7979890000002
399000,4357000,CB2OH,6.56168,1e+06,5.74,81.96,399000 4357000,2,Suitable,dodgerblue,YES,247.927029,2707.313447,99.4193599999999
399000,4357000,CB2OH,13.12336,1e+06,4.77,80.64,399000 4357000,4,Suitable,dodgerblue,YES,247.927029,2707.313447,99.4193599999999
399000,4357000,CB2OH,4.92126,1e+06,5.84,82.07,399000 4357000,1.5,Suitable,dodgerblue,YES,247.927029,2707.313447,99.4193599999999
399000,4357000,CB2OH,3.28084,1e+06,5.95,82.28,399000 4357000,1,Suitable,dodgerblue,YES,247.927029,2707.313447,99.4193599999999
399000,4357000,CB2OH,9.84252,1e+06,5.27,81.55,399000 4357000,3,Suitable,dodgerblue,YES,247.927029,2707.313447,99.4193599999999
399000,4357000,CB2OH,11.48294,1e+06,4.87,80.95,399000 4357000,3.5,Suitable,dodgerblue,YES,247.927029,2707.313447,99.4193599999999
399000,4357000,CB2OH,0,1e+06,6.34,82.92,399000 4357000,0,Tolerable,yellow,YES,247.927029,2707.313447,99.4193599999999
399000,4357000,CB2OH,8.2021,1e+06,5.63,81.86,399000 4357000,2.5,Suitable,dodgerblue,YES,247.927029,2707.313447,99.4193599999999
399000,4357000,CB2OH,1.64042,1e+06,6.14,82.62,399000 4357000,0.5,Tolerable,yellow,YES,247.927029,2707.313447,99.4193599999999
402000,4358000,CB2OH,11.48294,1e+06,4.72,80.71,402000 4358000,3.5,Suitable,dodgerblue,YES,249.791142,2707.934818,100.040731
402000,4358000,CB2OH,6.56168,1e+06,5.74,81.82,402000 4358000,2,Suitable,dodgerblue,YES,249.791142,2707.934818,100.040731
402000,4358000,CB2OH,4.92126,1e+06,5.87,81.97,402000 4358000,1.5,Suitable,dodgerblue,YES,249.791142,2707.934818,100.040731
402000,4358000,CB2OH,13.12336,1e+06,4.59,80.37,402000 4358000,4,Suitable,dodgerblue,YES,249.791142,2707.934818,100.040731
402000,4358000,CB2OH,0,1e+06,6.4,82.52,402000 4358000,0,Tolerable,yellow,YES,249.791142,2707.934818,100.040731
402000,4358000,CB2OH,3.28084,1e+06,6.03,82.12,402000 4358000,1,Suitable,dodgerblue,YES,249.791142,2707.934818,100.040731
402000,4358000,CB2OH,9.84252,1e+06,5.12,81.33,402000 4358000,3,Suitable,dodgerblue,YES,249.791142,2707.934818,100.040731
402000,4358000,CB2OH,8.2021,1e+06,5.64,81.7,402000 4358000,2.5,Suitable,dodgerblue,YES,249.791142,2707.934818,100.040731
402000,4358000,CB2OH,1.64042,1e+06,6.2,82.24,402000 4358000,0.5,Suitable,dodgerblue,YES,249.791142,2707.934818,100.040731
403000,4358000,CB2OH,1.64042,1e+06,6.25,82.13,403000 4358000,0.5,Suitable,dodgerblue,YES,250.412513,2707.934818,100.040731
403000,4358000,CB2OH,13.12336,1e+06,4.51,80.25,403000 4358000,4,Suitable,dodgerblue,YES,250.412513,2707.934818,100.040731
403000,4358000,CB2OH,8.2021,1e+06,5.68,81.65,403000 4358000,2.5,Suitable,dodgerblue,YES,250.412513,2707.934818,100.040731
403000,4358000,CB2OH,0,1e+06,6.45,82.41,403000 4358000,0,Tolerable,yellow,YES,250.412513,2707.934818,100.040731
403000,4358000,CB2OH,6.56168,1e+06,5.77,81.77,403000 4358000,2,Suitable,dodgerblue,YES,250.412513,2707.934818,100.040731
403000,4358000,CB2OH,11.48294,1e+06,4.65,80.6,403000 4358000,3.5,Suitable,dodgerblue,YES,250.412513,2707.934818,100.040731
403000,4358000,CB2OH,9.84252,1e+06,5.06,81.23,403000 4358000,3,Suitable,dodgerblue,YES,250.412513,2707.934818,100.040731
403000,4358000,CB2OH,3.28084,1e+06,6.08,82.07,403000 4358000,1,Suitable,dodgerblue,YES,250.412513,2707.934818,100.040731
403000,4358000,CB2OH,4.92126,1e+06,5.9,81.94,403000 4358000,1.5,Suitable,dodgerblue,YES,250.412513,2707.934818,100.040731
403000,4359000,CB2OH,6.56168,1e+06,5.82,81.77,403000 4359000,2,Suitable,dodgerblue,YES,250.412513,2708.556189,100.662102
403000,4359000,CB2OH,11.48294,1e+06,4.62,80.55,403000 4359000,3.5,Suitable,dodgerblue,YES,250.412513,2708.556189,100.662102
403000,4359000,CB2OH,4.92126,1e+06,5.95,81.93,403000 4359000,1.5,Suitable,dodgerblue,YES,250.412513,2708.556189,100.662102
403000,4359000,CB2OH,9.84252,1e+06,5.03,81.19,403000 4359000,3,Suitable,dodgerblue,YES,250.412513,2708.556189,100.662102
403000,4359000,CB2OH,0,1e+06,6.48,82.28,403000 4359000,0,Suitable,dodgerblue,YES,250.412513,2708.556189,100.662102
403000,4359000,CB2OH,3.28084,1e+06,6.13,82.04,403000 4359000,1,Suitable,dodgerblue,YES,250.412513,2708.556189,100.662102
403000,4359000,CB2OH,8.2021,1e+06,5.73,81.64,403000 4359000,2.5,Suitable,dodgerblue,YES,250.412513,2708.556189,100.662102
403000,4359000,CB2OH,1.64042,1e+06,6.27,82,403000 4359000,0.5,Suitable,dodgerblue,YES,250.412513,2708.556189,100.662102
406000,4360000,CB2OH,13.12336,1e+06,4.24,79.83,406000 4360000,4,Suitable,dodgerblue,YES,252.276626,2709.17756,101.283473
406000,4360000,CB2OH,1.64042,1e+06,6.6,81.84,406000 4360000,0.5,Suitable,dodgerblue,YES,252.276626,2709.17756,101.283473
406000,4360000,CB2OH,9.84252,1e+06,4.83,80.88,406000 4360000,3,Suitable,dodgerblue,YES,252.276626,2709.17756,101.283473
406000,4360000,CB2OH,0,1e+06,6.8,82.12,406000 4360000,0,Suitable,dodgerblue,YES,252.276626,2709.17756,101.283473
406000,4360000,CB2OH,11.48294,1e+06,4.41,80.22,406000 4360000,3.5,Suitable,dodgerblue,YES,252.276626,2709.17756,101.283473
406000,4360000,CB2OH,8.2021,1e+06,6.21,81.68,406000 4360000,2.5,Suitable,dodgerblue,YES,252.276626,2709.17756,101.283473
406000,4360000,CB2OH,3.28084,1e+06,6.54,82.13,406000 4360000,1,Suitable,dodgerblue,YES,252.276626,2709.17756,101.283473
406000,4360000,CB2OH,6.56168,1e+06,6.21,81.78,406000 4360000,2,Suitable,dodgerblue,YES,252.276626,2709.17756,101.283473
406000,4360000,CB2OH,4.92126,1e+06,6.32,81.93,406000 4360000,1.5,Suitable,dodgerblue,YES,252.276626,2709.17756,101.283473
407500,4359500,SASOH,4.92126,62500,5.8,77,407500 4359500,1.5,Suitable,dodgerblue,YES,253.2086825,2708.8668745,100.9727875
407500,4359500,SASOH,0,62500,6.1,77.1,407500 4359500,0,Suitable,dodgerblue,YES,253.2086825,2708.8668745,100.9727875
407500,4359500,SASOH,1.64042,62500,5.9,77,407500 4359500,0.5,Suitable,dodgerblue,YES,253.2086825,2708.8668745,100.9727875
407500,4359500,SASOH,3.28084,62500,5.85,77,407500 4359500,1,Suitable,dodgerblue,YES,253.2086825,2708.8668745,100.9727875
407500,4359500,SASOH,6.56168,62500,5.8,77,407500 4359500,2,Suitable,dodgerblue,YES,253.2086825,2708.8668745,100.9727875
407500,4359500,SASOH,8.2021,62500,5.8,77,407500 4359500,2.5,Suitable,dodgerblue,YES,253.2086825,2708.8668745,100.9727875
407750,4359500,SASOH,8.2021,62500,5.8,77,407750 4359500,2.5,Suitable,dodgerblue,YES,253.36402525,2708.8668745,100.9727875
407750,4359500,SASOH,0,62500,6.1,77.1,407750 4359500,0,Suitable,dodgerblue,YES,253.36402525,2708.8668745,100.9727875
407750,4359500,SASOH,1.64042,62500,5.9,77,407750 4359500,0.5,Suitable,dodgerblue,YES,253.36402525,2708.8668745,100.9727875
407750,4359500,SASOH,6.56168,62500,5.8,77,407750 4359500,2,Suitable,dodgerblue,YES,253.36402525,2708.8668745,100.9727875
407750,4359500,SASOH,4.92126,62500,5.8,77,407750 4359500,1.5,Suitable,dodgerblue,YES,253.36402525,2708.8668745,100.9727875
407750,4359500,SASOH,3.28084,62500,5.85,77,407750 4359500,1,Suitable,dodgerblue,YES,253.36402525,2708.8668745,100.9727875
408000,4359500,SASOH,6.56168,62500,5.8,77,408000 4359500,2,Suitable,dodgerblue,YES,253.519368,2708.8668745,100.9727875
408000,4359500,SASOH,8.2021,62500,5.8,77,408000 4359500,2.5,Suitable,dodgerblue,YES,253.519368,2708.8668745,100.9727875
408000,4359500,SASOH,4.92126,62500,5.8,77,408000 4359500,1.5,Suitable,dodgerblue,YES,253.519368,2708.8668745,100.9727875
408000,4359500,SASOH,3.28084,62500,5.85,77,408000 4359500,1,Suitable,dodgerblue,YES,253.519368,2708.8668745,100.9727875
408000,4359500,SASOH,1.64042,62500,5.9,77,408000 4359500,0.5,Suitable,dodgerblue,YES,253.519368,2708.8668745,100.9727875
408000,4359500,SASOH,0,62500,6.1,77.1,408000 4359500,0,Suitable,dodgerblue,YES,253.519368,2708.8668745,100.9727875
408000,4361000,CB2OH,3.28084,1e+06,6.91,82.14,408000 4361000,1,Suitable,dodgerblue,YES,253.519368,2709.798931,101.904844
408000,4361000,CB2OH,0,1e+06,7.13,82.22,408000 4361000,0,Suitable,dodgerblue,YES,253.519368,2709.798931,101.904844
408000,4361000,CB2OH,1.64042,1e+06,6.93,81.93,408000 4361000,0.5,Suitable,dodgerblue,YES,253.519368,2709.798931,101.904844
408000,4361000,CB2OH,6.56168,1e+06,6.61,81.92,408000 4361000,2,Suitable,dodgerblue,YES,253.519368,2709.798931,101.904844
408000,4361000,CB2OH,8.2021,1e+06,6.69,81.85,408000 4361000,2.5,Suitable,dodgerblue,YES,253.519368,2709.798931,101.904844
408000,4361000,CB2OH,4.92126,1e+06,6.68,82.01,408000 4361000,1.5,Suitable,dodgerblue,YES,253.519368,2709.798931,101.904844
408250,4359750,SASOH,8.2021,62500,5.8,77,408250 4359750,2.5,Suitable,dodgerblue,YES,253.67471075,2709.02221725,101.12813025
408250,4359750,SASOH,0,62500,6.1,77.1,408250 4359750,0,Suitable,dodgerblue,YES,253.67471075,2709.02221725,101.12813025
408250,4359750,SASOH,1.64042,62500,5.9,77,408250 4359750,0.5,Suitable,dodgerblue,YES,253.67471075,2709.02221725,101.12813025
408250,4359750,SASOH,3.28084,62500,5.85,77,408250 4359750,1,Suitable,dodgerblue,YES,253.67471075,2709.02221725,101.12813025
408250,4359750,SASOH,4.92126,62500,5.8,77,408250 4359750,1.5,Suitable,dodgerblue,YES,253.67471075,2709.02221725,101.12813025
408250,4359750,SASOH,6.56168,62500,5.8,77,408250 4359750,2,Suitable,dodgerblue,YES,253.67471075,2709.02221725,101.12813025
409000,4361000,CB2OH,8.2021,1e+06,6.82,81.91,409000 4361000,2.5,Suitable,dodgerblue,YES,254.140739,2709.798931,101.904844
409000,4361000,CB2OH,3.28084,1e+06,7,82.15,409000 4361000,1,Suitable,dodgerblue,YES,254.140739,2709.798931,101.904844
409000,4361000,CB2OH,6.56168,1e+06,6.72,81.96,409000 4361000,2,Suitable,dodgerblue,YES,254.140739,2709.798931,101.904844
409000,4361000,CB2OH,1.64042,1e+06,7.03,81.99,409000 4361000,0.5,Suitable,dodgerblue,YES,254.140739,2709.798931,101.904844
409000,4361000,CB2OH,4.92126,1e+06,6.78,82.04,409000 4361000,1.5,Suitable,dodgerblue,YES,254.140739,2709.798931,101.904844
409000,4361000,CB2OH,0,1e+06,7.23,82.28,409000 4361000,0,Suitable,dodgerblue,YES,254.140739,2709.798931,101.904844
410000,4360250,SASOH,4.92126,62500,5.8,77,410000 4360250,1.5,Suitable,dodgerblue,YES,254.76211,2709.33290275,101.43881575
410000,4360250,SASOH,0,62500,6.1,77.1,410000 4360250,0,Suitable,dodgerblue,YES,254.76211,2709.33290275,101.43881575
410000,4360250,SASOH,1.64042,62500,5.9,77,410000 4360250,0.5,Suitable,dodgerblue,YES,254.76211,2709.33290275,101.43881575
410000,4360250,SASOH,3.28084,62500,5.85,77,410000 4360250,1,Suitable,dodgerblue,YES,254.76211,2709.33290275,101.43881575
410000,4362000,CB2OH,14.76378,1e+06,3.75,78.95,410000 4362000,4.5,Tolerable,yellow,YES,254.76211,2710.420302,102.526215
410000,4362000,CB2OH,13.12336,1e+06,3.98,79.41,410000 4362000,4,Tolerable,yellow,YES,254.76211,2710.420302,102.526215
410000,4362000,CB2OH,9.84252,1e+06,4.61,80.53,410000 4362000,3,Suitable,dodgerblue,YES,254.76211,2710.420302,102.526215
410000,4362000,CB2OH,0,1e+06,7.42,82.39,410000 4362000,0,Suitable,dodgerblue,YES,254.76211,2710.420302,102.526215
410000,4362000,CB2OH,16.4042,1e+06,3.46,78.53,410000 4362000,5,Tolerable,yellow,YES,254.76211,2710.420302,102.526215
410000,4362000,CB2OH,4.92126,1e+06,6.96,82.11,410000 4362000,1.5,Suitable,dodgerblue,YES,254.76211,2710.420302,102.526215
410000,4362000,CB2OH,6.56168,1e+06,6.93,82.06,410000 4362000,2,Suitable,dodgerblue,YES,254.76211,2710.420302,102.526215
410000,4362000,CB2OH,3.28084,1e+06,7.18,82.17,410000 4362000,1,Suitable,dodgerblue,YES,254.76211,2710.420302,102.526215
410000,4362000,CB2OH,11.48294,1e+06,4.18,79.84,410000 4362000,3.5,Suitable,dodgerblue,YES,254.76211,2710.420302,102.526215
410000,4362000,CB2OH,8.2021,1e+06,7.07,82.03,410000 4362000,2.5,Suitable,dodgerblue,YES,254.76211,2710.420302,102.526215
410000,4362000,CB2OH,1.64042,1e+06,7.22,82.09,410000 4362000,0.5,Suitable,dodgerblue,YES,254.76211,2710.420302,102.526215
411000,4363000,CB1TF,14.76378,1e+06,4.65,80.4,411000 4363000,4.5,Suitable,dodgerblue,YES,255.383481,2711.041673,103.147586
411000,4363000,CB1TF,9.84252,1e+06,5.3,81.6,411000 4363000,3,Suitable,dodgerblue,YES,255.383481,2711.041673,103.147586
411000,4363000,CB1TF,0,1e+06,7.7,82.63,411000 4363000,0,Tolerable,yellow,YES,255.383481,2711.041673,103.147586
411000,4363000,CB1TF,1.64042,1e+06,7.49,82.3,411000 4363000,0.5,Suitable,dodgerblue,YES,255.383481,2711.041673,103.147586
411000,4363000,CB1TF,11.48294,1e+06,4.9,81,411000 4363000,3.5,Suitable,dodgerblue,YES,255.383481,2711.041673,103.147586
411000,4363000,CB1TF,3.28084,1e+06,7.34,82.28,411000 4363000,1,Suitable,dodgerblue,YES,255.383481,2711.041673,103.147586
411000,4363000,CB1TF,6.56168,1e+06,7.13,82.26,411000 4363000,2,Suitable,dodgerblue,YES,255.383481,2711.041673,103.147586
411000,4363000,CB1TF,8.2021,1e+06,7.31,82.19,411000 4363000,2.5,Suitable,dodgerblue,YES,255.383481,2711.041673,103.147586
411000,4363000,CB1TF,4.92126,1e+06,7.14,82.27,411000 4363000,1.5,Suitable,dodgerblue,YES,255.383481,2711.041673,103.147586
411000,4363000,CB1TF,13.12336,1e+06,4.8,80.7,411000 4363000,4,Suitable,dodgerblue,YES,255.383481,2711.041673,103.147586
412000,4364000,CB1TF,6.56168,1e+06,7.17,82.23,412000 4364000,2,Suitable,dodgerblue,YES,256.004852,2711.663044,103.768957
412000,4364000,CB1TF,8.2021,1e+06,7.37,82.19,412000 4364000,2.5,Suitable,dodgerblue,YES,256.004852,2711.663044,103.768957
412000,4364000,CB1TF,1.64042,1e+06,7.5,82.29,412000 4364000,0.5,Suitable,dodgerblue,YES,256.004852,2711.663044,103.768957
412000,4364000,CB1TF,3.28084,1e+06,7.38,82.24,412000 4364000,1,Suitable,dodgerblue,YES,256.004852,2711.663044,103.768957
412000,4364000,CB1TF,4.92126,1e+06,7.18,82.23,412000 4364000,1.5,Suitable,dodgerblue,YES,256.004852,2711.663044,103.768957
412000,4364000,CB1TF,9.84252,1e+06,5.3,81.6,412000 4364000,3,Suitable,dodgerblue,YES,256.004852,2711.663044,103.768957
412000,4364000,CB1TF,14.76378,1e+06,4.65,80.4,412000 4364000,4.5,Suitable,dodgerblue,YES,256.004852,2711.663044,103.768957
412000,4364000,CB1TF,11.48294,1e+06,4.9,81,412000 4364000,3.5,Suitable,dodgerblue,YES,256.004852,2711.663044,103.768957
412000,4364000,CB1TF,0,1e+06,7.71,82.61,412000 4364000,0,Tolerable,yellow,YES,256.004852,2711.663044,103.768957
412000,4364000,CB1TF,13.12336,1e+06,4.8,80.7,412000 4364000,4,Suitable,dodgerblue,YES,256.004852,2711.663044,103.768957
413000,4365000,CB1TF,6.56168,1e+06,7.19,82.22,413000 4365000,2,Suitable,dodgerblue,YES,256.626223,2712.284415,104.390328
413000,4365000,CB1TF,3.28084,1e+06,7.39,82.23,413000 4365000,1,Suitable,dodgerblue,YES,256.626223,2712.284415,104.390328
413000,4365000,CB1TF,4.92126,1e+06,7.19,82.22,413000 4365000,1.5,Suitable,dodgerblue,YES,256.626223,2712.284415,104.390328
413000,4365000,CB1TF,0,1e+06,7.71,82.6,413000 4365000,0,Tolerable,yellow,YES,256.626223,2712.284415,104.390328
413000,4365000,CB1TF,1.64042,1e+06,7.51,82.29,413000 4365000,0.5,Suitable,dodgerblue,YES,256.626223,2712.284415,104.390328
413000,4365000,CB1TF,8.2021,1e+06,7.38,82.2,413000 4365000,2.5,Suitable,dodgerblue,YES,256.626223,2712.284415,104.390328
413000,4365000,CB1TF,9.84252,1e+06,5.3,81.6,413000 4365000,3,Suitable,dodgerblue,YES,256.626223,2712.284415,104.390328
414000,4365500,ELKOH,0,250000,7.71,82.36,414000 4365500,0,Suitable,dodgerblue,YES,257.247594,2712.5951005,104.7010135
414000,4365500,ELKOH,1.64042,250000,7.51,82.07,414000 4365500,0.5,Suitable,dodgerblue,YES,257.247594,2712.5951005,104.7010135
414000,4365500,ELKOH,3.28084,250000,7.41,81.97,414000 4365500,1,Suitable,dodgerblue,YES,257.247594,2712.5951005,104.7010135
414000,4366000,ELKOH,4.92126,250000,7.22,81.97,414000 4366000,1.5,Suitable,dodgerblue,YES,257.247594,2712.905786,105.011699
414000,4366000,ELKOH,3.28084,250000,7.41,81.97,414000 4366000,1,Suitable,dodgerblue,YES,257.247594,2712.905786,105.011699
414000,4366000,ELKOH,8.2021,250000,7.41,81.97,414000 4366000,2.5,Suitable,dodgerblue,YES,257.247594,2712.905786,105.011699
414000,4366000,ELKOH,0,250000,7.71,82.37,414000 4366000,0,Suitable,dodgerblue,YES,257.247594,2712.905786,105.011699
414000,4366000,ELKOH,1.64042,250000,7.51,82.07,414000 4366000,0.5,Suitable,dodgerblue,YES,257.247594,2712.905786,105.011699
414000,4366000,ELKOH,6.56168,250000,7.22,81.97,414000 4366000,2,Suitable,dodgerblue,YES,257.247594,2712.905786,105.011699
414000,4366000,ELKOH,9.84252,250000,7.7,75.7,414000 4366000,3,Suitable,dodgerblue,YES,257.247594,2712.905786,105.011699
414500,4366500,ELKOH,8.2021,250000,7.42,81.82,414500 4366500,2.5,Suitable,dodgerblue,YES,257.5582795,2713.2164715,105.3223845
414500,4366500,ELKOH,4.92126,250000,7.23,81.82,414500 4366500,1.5,Suitable,dodgerblue,YES,257.5582795,2713.2164715,105.3223845
414500,4366500,ELKOH,6.56168,250000,7.23,81.82,414500 4366500,2,Suitable,dodgerblue,YES,257.5582795,2713.2164715,105.3223845
414500,4366500,ELKOH,3.28084,250000,7.42,81.82,414500 4366500,1,Suitable,dodgerblue,YES,257.5582795,2713.2164715,105.3223845
414500,4366500,ELKOH,9.84252,250000,7.7,75.7,414500 4366500,3,Suitable,dodgerblue,YES,257.5582795,2713.2164715,105.3223845
414500,4366500,ELKOH,1.64042,250000,7.51,81.92,414500 4366500,0.5,Suitable,dodgerblue,YES,257.5582795,2713.2164715,105.3223845
414500,4366500,ELKOH,0,250000,7.71,82.21,414500 4366500,0,Suitable,dodgerblue,YES,257.5582795,2713.2164715,105.3223845
414500,4367000,ELKOH,1.64042,250000,7.52,81.86,414500 4367000,0.5,Suitable,dodgerblue,YES,257.5582795,2713.527157,105.63307
414500,4367000,ELKOH,0,250000,7.71,82.15,414500 4367000,0,Suitable,dodgerblue,YES,257.5582795,2713.527157,105.63307
414500,4367000,ELKOH,8.2021,250000,7.42,81.76,414500 4367000,2.5,Suitable,dodgerblue,YES,257.5582795,2713.527157,105.63307
414500,4367000,ELKOH,3.28084,250000,7.42,81.76,414500 4367000,1,Suitable,dodgerblue,YES,257.5582795,2713.527157,105.63307
414500,4367000,ELKOH,4.92126,250000,7.23,81.76,414500 4367000,1.5,Suitable,dodgerblue,YES,257.5582795,2713.527157,105.63307
414500,4367000,ELKOH,6.56168,250000,7.23,81.76,414500 4367000,2,Suitable,dodgerblue,YES,257.5582795,2713.527157,105.63307
415000,4366000,ELKOH,0,250000,7.71,82.06,415000 4366000,0,Suitable,dodgerblue,YES,257.868965,2712.905786,105.011699
415000,4366000,ELKOH,9.84252,250000,7.7,75.7,415000 4366000,3,Suitable,dodgerblue,YES,257.868965,2712.905786,105.011699
415000,4366000,ELKOH,8.2021,250000,7.42,81.68,415000 4366000,2.5,Suitable,dodgerblue,YES,257.868965,2712.905786,105.011699
415000,4366000,ELKOH,4.92126,250000,7.24,81.68,415000 4366000,1.5,Suitable,dodgerblue,YES,257.868965,2712.905786,105.011699
415000,4366000,ELKOH,1.64042,250000,7.52,81.78,415000 4366000,0.5,Suitable,dodgerblue,YES,257.868965,2712.905786,105.011699
415000,4366000,ELKOH,6.56168,250000,7.24,81.68,415000 4366000,2,Suitable,dodgerblue,YES,257.868965,2712.905786,105.011699
415000,4366000,ELKOH,3.28084,250000,7.42,81.68,415000 4366000,1,Suitable,dodgerblue,YES,257.868965,2712.905786,105.011699
415000,4367000,ELKOH,8.2021,250000,7.43,81.57,415000 4367000,2.5,Suitable,dodgerblue,YES,257.868965,2713.527157,105.63307
415000,4367000,ELKOH,3.28084,250000,7.43,81.57,415000 4367000,1,Suitable,dodgerblue,YES,257.868965,2713.527157,105.63307
415000,4367000,ELKOH,0,250000,7.71,81.95,415000 4367000,0,Suitable,dodgerblue,YES,257.868965,2713.527157,105.63307
415000,4367000,ELKOH,6.56168,250000,7.25,81.57,415000 4367000,2,Suitable,dodgerblue,YES,257.868965,2713.527157,105.63307
415000,4367000,ELKOH,4.92126,250000,7.25,81.57,415000 4367000,1.5,Suitable,dodgerblue,YES,257.868965,2713.527157,105.63307
415000,4367000,ELKOH,1.64042,250000,7.52,81.67,415000 4367000,0.5,Suitable,dodgerblue,YES,257.868965,2713.527157,105.63307
415000,4367500,ELKOH,8.2021,250000,7.43,81.48,415000 4367500,2.5,Suitable,dodgerblue,YES,257.868965,2713.8378425,105.9437555
415000,4367500,ELKOH,0,250000,7.72,81.85,415000 4367500,0,Suitable,dodgerblue,YES,257.868965,2713.8378425,105.9437555
415000,4367500,ELKOH,6.56168,250000,7.26,81.48,415000 4367500,2,Suitable,dodgerblue,YES,257.868965,2713.8378425,105.9437555
415000,4367500,ELKOH,9.84252,250000,7.7,75.7,415000 4367500,3,Suitable,dodgerblue,YES,257.868965,2713.8378425,105.9437555
415000,4367500,ELKOH,4.92126,250000,7.26,81.48,415000 4367500,1.5,Suitable,dodgerblue,YES,257.868965,2713.8378425,105.9437555
415000,4367500,ELKOH,3.28084,250000,7.43,81.48,415000 4367500,1,Suitable,dodgerblue,YES,257.868965,2713.8378425,105.9437555
415000,4367500,ELKOH,1.64042,250000,7.53,81.58,415000 4367500,0.5,Suitable,dodgerblue,YES,257.868965,2713.8378425,105.9437555
415500,4368000,ELKOH,9.84252,250000,7.7,75.7,415500 4368000,3,Suitable,dodgerblue,YES,258.1796505,2714.148528,106.254441
415500,4368000,ELKOH,0,250000,7.73,81.45,415500 4368000,0,Suitable,dodgerblue,YES,258.1796505,2714.148528,106.254441
415500,4368000,ELKOH,1.64042,250000,7.54,81.19,415500 4368000,0.5,Suitable,dodgerblue,YES,258.1796505,2714.148528,106.254441
415500,4368000,ELKOH,8.2021,250000,7.45,81.09,415500 4368000,2.5,Suitable,dodgerblue,YES,258.1796505,2714.148528,106.254441
415500,4368000,ELKOH,4.92126,250000,7.29,81.09,415500 4368000,1.5,Suitable,dodgerblue,YES,258.1796505,2714.148528,106.254441
415500,4368000,ELKOH,6.56168,250000,7.29,81.09,415500 4368000,2,Suitable,dodgerblue,YES,258.1796505,2714.148528,106.254441
415500,4368000,ELKOH,3.28084,250000,7.45,81.09,415500 4368000,1,Suitable,dodgerblue,YES,258.1796505,2714.148528,106.254441
416000,4368000,ELKOH,3.28084,250000,7.47,80.79,416000 4368000,1,Suitable,dodgerblue,YES,258.490336,2714.148528,106.254441
416000,4368000,ELKOH,8.2021,250000,7.47,80.79,416000 4368000,2.5,Suitable,dodgerblue,YES,258.490336,2714.148528,106.254441
416000,4368000,ELKOH,1.64042,250000,7.55,80.89,416000 4368000,0.5,Suitable,dodgerblue,YES,258.490336,2714.148528,106.254441
416000,4368000,ELKOH,0,250000,7.73,81.14,416000 4368000,0,Suitable,dodgerblue,YES,258.490336,2714.148528,106.254441
416000,4368000,ELKOH,6.56168,250000,7.31,80.79,416000 4368000,2,Suitable,dodgerblue,YES,258.490336,2714.148528,106.254441
416000,4368000,ELKOH,9.84252,250000,7.7,75.7,416000 4368000,3,Suitable,dodgerblue,YES,258.490336,2714.148528,106.254441
416000,4368000,ELKOH,4.92126,250000,7.31,80.79,416000 4368000,1.5,Suitable,dodgerblue,YES,258.490336,2714.148528,106.254441
416000,4368500,ELKOH,4.92126,250000,7.32,80.59,416000 4368500,1.5,Suitable,dodgerblue,YES,258.490336,2714.4592135,106.5651265
416000,4368500,ELKOH,8.2021,250000,7.47,80.59,416000 4368500,2.5,Suitable,dodgerblue,YES,258.490336,2714.4592135,106.5651265
416000,4368500,ELKOH,1.64042,250000,7.56,80.69,416000 4368500,0.5,Suitable,dodgerblue,YES,258.490336,2714.4592135,106.5651265
416000,4368500,ELKOH,3.28084,250000,7.47,80.59,416000 4368500,1,Suitable,dodgerblue,YES,258.490336,2714.4592135,106.5651265
416000,4368500,ELKOH,6.56168,250000,7.32,80.59,416000 4368500,2,Suitable,dodgerblue,YES,258.490336,2714.4592135,106.5651265
416000,4368500,ELKOH,0,250000,7.74,80.94,416000 4368500,0,Suitable,dodgerblue,YES,258.490336,2714.4592135,106.5651265
416000,4368500,ELKOH,11.48294,250000,7.7,75.7,416000 4368500,3.5,Suitable,dodgerblue,YES,258.490336,2714.4592135,106.5651265
416000,4368500,ELKOH,9.84252,250000,7.7,75.7,416000 4368500,3,Suitable,dodgerblue,YES,258.490336,2714.4592135,106.5651265
416500,4369000,ELKOH,11.48294,250000,7.7,75.7,416500 4369000,3.5,Suitable,dodgerblue,YES,258.8010215,2714.769899,106.875812
416500,4369000,ELKOH,1.64042,250000,7.58,80.1,416500 4369000,0.5,Suitable,dodgerblue,YES,258.8010215,2714.769899,106.875812
416500,4369000,ELKOH,6.56168,250000,7.37,80,416500 4369000,2,Suitable,dodgerblue,YES,258.8010215,2714.769899,106.875812
416500,4369000,ELKOH,13.12336,250000,7.7,75.7,416500 4369000,4,Suitable,dodgerblue,YES,258.8010215,2714.769899,106.875812
416500,4369000,ELKOH,8.2021,250000,7.5,80,416500 4369000,2.5,Suitable,dodgerblue,YES,258.8010215,2714.769899,106.875812
416500,4369000,ELKOH,4.92126,250000,7.37,80,416500 4369000,1.5,Suitable,dodgerblue,YES,258.8010215,2714.769899,106.875812
416500,4369000,ELKOH,0,250000,7.75,80.33,416500 4369000,0,Suitable,dodgerblue,YES,258.8010215,2714.769899,106.875812
416500,4369000,ELKOH,3.28084,250000,7.5,80,416500 4369000,1,Suitable,dodgerblue,YES,258.8010215,2714.769899,106.875812
416500,4369000,ELKOH,9.84252,250000,7.7,75.7,416500 4369000,3,Suitable,dodgerblue,YES,258.8010215,2714.769899,106.875812
417000,4369500,ELKOH,3.28084,250000,7.53,79.34,417000 4369500,1,Suitable,dodgerblue,YES,259.111707,2715.0805845,107.1864975
417000,4369500,ELKOH,11.48294,250000,7.7,75.7,417000 4369500,3.5,Suitable,dodgerblue,YES,259.111707,2715.0805845,107.1864975
417000,4369500,ELKOH,1.64042,250000,7.61,79.44,417000 4369500,0.5,Suitable,dodgerblue,YES,259.111707,2715.0805845,107.1864975
417000,4369500,ELKOH,8.2021,250000,7.53,79.34,417000 4369500,2.5,Suitable,dodgerblue,YES,259.111707,2715.0805845,107.1864975
417000,4369500,ELKOH,0,250000,7.77,79.65,417000 4369500,0,Suitable,dodgerblue,YES,259.111707,2715.0805845,107.1864975
417000,4369500,ELKOH,9.84252,250000,7.7,75.7,417000 4369500,3,Suitable,dodgerblue,YES,259.111707,2715.0805845,107.1864975
417000,4369500,ELKOH,13.12336,250000,7.7,75.7,417000 4369500,4,Suitable,dodgerblue,YES,259.111707,2715.0805845,107.1864975
417000,4369500,ELKOH,4.92126,250000,7.42,79.34,417000 4369500,1.5,Suitable,dodgerblue,YES,259.111707,2715.0805845,107.1864975
417000,4369500,ELKOH,6.56168,250000,7.42,79.34,417000 4369500,2,Suitable,dodgerblue,YES,259.111707,2715.0805845,107.1864975
417500,4370000,ELKOH,6.56168,250000,7.47,78.66,417500 4370000,2,Suitable,dodgerblue,YES,259.4223925,2715.39127,107.497183
417500,4370000,ELKOH,8.2021,250000,7.56,78.66,417500 4370000,2.5,Suitable,dodgerblue,YES,259.4223925,2715.39127,107.497183
417500,4370000,ELKOH,9.84252,250000,7.7,75.7,417500 4370000,3,Suitable,dodgerblue,YES,259.4223925,2715.39127,107.497183
417500,4370000,ELKOH,3.28084,250000,7.56,78.66,417500 4370000,1,Suitable,dodgerblue,YES,259.4223925,2715.39127,107.497183
417500,4370000,ELKOH,4.92126,250000,7.47,78.66,417500 4370000,1.5,Suitable,dodgerblue,YES,259.4223925,2715.39127,107.497183
417500,4370000,ELKOH,1.64042,250000,7.64,78.76,417500 4370000,0.5,Suitable,dodgerblue,YES,259.4223925,2715.39127,107.497183
417500,4370000,ELKOH,0,250000,7.78,78.95,417500 4370000,0,Suitable,dodgerblue,YES,259.4223925,2715.39127,107.497183
418000,4370500,ELKOH,4.92126,250000,7.52,77.99,418000 4370500,1.5,Suitable,dodgerblue,YES,259.733078,2715.7019555,107.8078685
418000,4370500,ELKOH,0,250000,7.8,78.26,418000 4370500,0,Suitable,dodgerblue,YES,259.733078,2715.7019555,107.8078685
418000,4370500,ELKOH,6.56168,250000,7.52,77.99,418000 4370500,2,Suitable,dodgerblue,YES,259.733078,2715.7019555,107.8078685
418000,4370500,ELKOH,3.28084,250000,7.59,77.99,418000 4370500,1,Suitable,dodgerblue,YES,259.733078,2715.7019555,107.8078685
418000,4370500,ELKOH,8.2021,250000,7.59,77.99,418000 4370500,2.5,Suitable,dodgerblue,YES,259.733078,2715.7019555,107.8078685
418000,4370500,ELKOH,1.64042,250000,7.66,78.09,418000 4370500,0.5,Suitable,dodgerblue,YES,259.733078,2715.7019555,107.8078685
418000,4370500,ELKOH,9.84252,250000,7.7,75.7,418000 4370500,3,Suitable,dodgerblue,YES,259.733078,2715.7019555,107.8078685
419500,4371000,ELKOH,1.64042,250000,7.71,76.89,419500 4371000,0.5,Suitable,dodgerblue,YES,260.6651345,2716.012641,108.118554
419500,4371000,ELKOH,0,250000,7.82,77.02,419500 4371000,0,Suitable,dodgerblue,YES,260.6651345,2716.012641,108.118554
419500,4371500,ELKOH,3.28084,250000,7.66,76.61,419500 4371500,1,Suitable,dodgerblue,YES,260.6651345,2716.3233265,108.4292395
419500,4371500,ELKOH,1.64042,250000,7.71,76.71,419500 4371500,0.5,Suitable,dodgerblue,YES,260.6651345,2716.3233265,108.4292395
419500,4371500,ELKOH,4.92126,250000,7.63,76.61,419500 4371500,1.5,Suitable,dodgerblue,YES,260.6651345,2716.3233265,108.4292395
419500,4371500,ELKOH,0,250000,7.83,76.84,419500 4371500,0,Suitable,dodgerblue,YES,260.6651345,2716.3233265,108.4292395
419500,4371500,ELKOH,6.56168,250000,7.63,76.61,419500 4371500,2,Suitable,dodgerblue,YES,260.6651345,2716.3233265,108.4292395
420000,4372000,ELKOH,3.28084,250000,7.67,76.26,420000 4372000,1,Suitable,dodgerblue,YES,260.97582,2716.634012,108.739925
420000,4372000,ELKOH,4.92126,250000,7.66,76.26,420000 4372000,1.5,Suitable,dodgerblue,YES,260.97582,2716.634012,108.739925
420000,4372000,ELKOH,1.64042,250000,7.73,76.36,420000 4372000,0.5,Suitable,dodgerblue,YES,260.97582,2716.634012,108.739925
420000,4372000,ELKOH,0,250000,7.84,76.48,420000 4372000,0,Suitable,dodgerblue,YES,260.97582,2716.634012,108.739925
420000,4372500,ELKOH,1.64042,250000,7.73,76.26,420000 4372500,0.5,Suitable,dodgerblue,YES,260.97582,2716.9446975,109.0506105
420000,4372500,ELKOH,6.56168,250000,7.66,76.16,420000 4372500,2,Suitable,dodgerblue,YES,260.97582,2716.9446975,109.0506105
420000,4372500,ELKOH,3.28084,250000,7.68,76.16,420000 4372500,1,Suitable,dodgerblue,YES,260.97582,2716.9446975,109.0506105
420000,4372500,ELKOH,0,250000,7.84,76.38,420000 4372500,0,Suitable,dodgerblue,YES,260.97582,2716.9446975,109.0506105
420000,4372500,ELKOH,4.92126,250000,7.66,76.16,420000 4372500,1.5,Suitable,dodgerblue,YES,260.97582,2716.9446975,109.0506105
420500,4373000,ELKOH,8.2021,250000,7.69,75.95,420500 4373000,2.5,Suitable,dodgerblue,YES,261.2865055,2717.255383,109.361296
420500,4373000,ELKOH,9.84252,250000,7.7,75.7,420500 4373000,3,Suitable,dodgerblue,YES,261.2865055,2717.255383,109.361296
420500,4373000,ELKOH,4.92126,250000,7.68,75.95,420500 4373000,1.5,Suitable,dodgerblue,YES,261.2865055,2717.255383,109.361296
420500,4373000,ELKOH,0,250000,7.84,76.16,420500 4373000,0,Suitable,dodgerblue,YES,261.2865055,2717.255383,109.361296
420500,4373000,ELKOH,6.56168,250000,7.68,75.95,420500 4373000,2,Suitable,dodgerblue,YES,261.2865055,2717.255383,109.361296
420500,4373000,ELKOH,3.28084,250000,7.69,75.95,420500 4373000,1,Suitable,dodgerblue,YES,261.2865055,2717.255383,109.361296
420500,4373000,ELKOH,1.64042,250000,7.74,76.05,420500 4373000,0.5,Suitable,dodgerblue,YES,261.2865055,2717.255383,109.361296
422000,4373500,ELKOH,3.28084,250000,7.7,75.72,422000 4373500,1,Suitable,dodgerblue,YES,262.218562,2717.5660685,109.6719815
422000,4373500,ELKOH,14.76378,250000,7.7,75.7,422000 4373500,4.5,Suitable,dodgerblue,YES,262.218562,2717.5660685,109.6719815
422000,4373500,ELKOH,13.12336,250000,7.7,75.7,422000 4373500,4,Suitable,dodgerblue,YES,262.218562,2717.5660685,109.6719815
422000,4373500,ELKOH,9.84252,250000,7.7,75.7,422000 4373500,3,Suitable,dodgerblue,YES,262.218562,2717.5660685,109.6719815
422000,4373500,ELKOH,0,250000,7.85,75.92,422000 4373500,0,Suitable,dodgerblue,YES,262.218562,2717.5660685,109.6719815
422000,4373500,ELKOH,1.64042,250000,7.75,75.82,422000 4373500,0.5,Suitable,dodgerblue,YES,262.218562,2717.5660685,109.6719815
422000,4373500,ELKOH,6.56168,250000,7.7,75.72,422000 4373500,2,Suitable,dodgerblue,YES,262.218562,2717.5660685,109.6719815
422000,4373500,ELKOH,11.48294,250000,7.7,75.7,422000 4373500,3.5,Suitable,dodgerblue,YES,262.218562,2717.5660685,109.6719815
422000,4373500,ELKOH,8.2021,250000,7.7,75.72,422000 4373500,2.5,Suitable,dodgerblue,YES,262.218562,2717.5660685,109.6719815
422000,4373500,ELKOH,4.92126,250000,7.7,75.72,422000 4373500,1.5,Suitable,dodgerblue,YES,262.218562,2717.5660685,109.6719815
423500,4374000,ELKOH,4.92126,250000,7.7,75.73,423500 4374000,1.5,Suitable,dodgerblue,YES,263.1506185,2717.876754,109.982667
423500,4374000,ELKOH,9.84252,250000,7.7,75.7,423500 4374000,3,Suitable,dodgerblue,YES,263.1506185,2717.876754,109.982667
423500,4374000,ELKOH,3.28084,250000,7.7,75.73,423500 4374000,1,Suitable,dodgerblue,YES,263.1506185,2717.876754,109.982667
423500,4374000,ELKOH,1.64042,250000,7.75,75.83,423500 4374000,0.5,Suitable,dodgerblue,YES,263.1506185,2717.876754,109.982667
423500,4374000,ELKOH,8.2021,250000,7.7,75.73,423500 4374000,2.5,Suitable,dodgerblue,YES,263.1506185,2717.876754,109.982667
423500,4374000,ELKOH,6.56168,250000,7.7,75.73,423500 4374000,2,Suitable,dodgerblue,YES,263.1506185,2717.876754,109.982667
423500,4374000,ELKOH,0,250000,7.85,75.93,423500 4374000,0,Suitable,dodgerblue,YES,263.1506185,2717.876754,109.982667
423500,4374000,ELKOH,11.48294,250000,7.7,75.7,423500 4374000,3.5,Suitable,dodgerblue,YES,263.1506185,2717.876754,109.982667
423500,4374000,ELKOH,13.12336,250000,7.7,75.7,423500 4374000,4,Suitable,dodgerblue,YES,263.1506185,2717.876754,109.982667
424000,4374500,ELKOH,9.84252,250000,7.7,75.7,424000 4374500,3,Suitable,dodgerblue,YES,263.461304,2718.1874395,110.2933525
424000,4374500,ELKOH,13.12336,250000,7.7,75.7,424000 4374500,4,Suitable,dodgerblue,YES,263.461304,2718.1874395,110.2933525
424000,4374500,ELKOH,11.48294,250000,7.7,75.7,424000 4374500,3.5,Suitable,dodgerblue,YES,263.461304,2718.1874395,110.2933525
424000,4374500,ELKOH,8.2021,250000,7.7,75.78,424000 4374500,2.5,Suitable,dodgerblue,YES,263.461304,2718.1874395,110.2933525
424000,4374500,ELKOH,4.92126,250000,7.69,75.78,424000 4374500,1.5,Suitable,dodgerblue,YES,263.461304,2718.1874395,110.2933525
424000,4374500,ELKOH,0,250000,7.85,75.98,424000 4374500,0,Suitable,dodgerblue,YES,263.461304,2718.1874395,110.2933525
424000,4374500,ELKOH,14.76378,250000,7.7,75.7,424000 4374500,4.5,Suitable,dodgerblue,YES,263.461304,2718.1874395,110.2933525
424000,4374500,ELKOH,3.28084,250000,7.7,75.78,424000 4374500,1,Suitable,dodgerblue,YES,263.461304,2718.1874395,110.2933525
424000,4374500,ELKOH,6.56168,250000,7.69,75.78,424000 4374500,2,Suitable,dodgerblue,YES,263.461304,2718.1874395,110.2933525
424000,4374500,ELKOH,1.64042,250000,7.75,75.88,424000 4374500,0.5,Suitable,dodgerblue,YES,263.461304,2718.1874395,110.2933525
424500,4375000,ELKOH,8.2021,250000,7.69,75.84,424500 4375000,2.5,Suitable,dodgerblue,YES,263.7719895,2718.498125,110.604038
424500,4375000,ELKOH,6.56168,250000,7.69,75.84,424500 4375000,2,Suitable,dodgerblue,YES,263.7719895,2718.498125,110.604038
424500,4375000,ELKOH,1.64042,250000,7.74,75.94,424500 4375000,0.5,Suitable,dodgerblue,YES,263.7719895,2718.498125,110.604038
424500,4375000,ELKOH,4.92126,250000,7.69,75.84,424500 4375000,1.5,Suitable,dodgerblue,YES,263.7719895,2718.498125,110.604038
424500,4375000,ELKOH,3.28084,250000,7.69,75.84,424500 4375000,1,Suitable,dodgerblue,YES,263.7719895,2718.498125,110.604038
424500,4375000,ELKOH,9.84252,250000,7.7,75.7,424500 4375000,3,Suitable,dodgerblue,YES,263.7719895,2718.498125,110.604038
424500,4375000,ELKOH,0,250000,7.85,76.05,424500 4375000,0,Suitable,dodgerblue,YES,263.7719895,2718.498125,110.604038
425000,4375300,C&DOH,3.28084,10000,7.64,75.67,425000 4375300,1,Suitable,dodgerblue,YES,264.082675,2718.6845363,110.7904493
425000,4375300,C&DOH,8.2021,10000,7.64,75.67,425000 4375300,2.5,Suitable,dodgerblue,YES,264.082675,2718.6845363,110.7904493
425000,4375300,C&DOH,11.48294,10000,7.65,75.51,425000 4375300,3.5,Suitable,dodgerblue,YES,264.082675,2718.6845363,110.7904493
425000,4375300,C&DOH,13.12336,10000,7.65,75.51,425000 4375300,4,Suitable,dodgerblue,YES,264.082675,2718.6845363,110.7904493
425000,4375300,C&DOH,6.56168,10000,7.64,75.67,425000 4375300,2,Suitable,dodgerblue,YES,264.082675,2718.6845363,110.7904493
425000,4375300,C&DOH,9.84252,10000,7.65,75.51,425000 4375300,3,Suitable,dodgerblue,YES,264.082675,2718.6845363,110.7904493
425000,4375300,C&DOH,4.92126,10000,7.64,75.67,425000 4375300,1.5,Suitable,dodgerblue,YES,264.082675,2718.6845363,110.7904493
425000,4375300,C&DOH,0,10000,7.78,75.82,425000 4375300,0,Suitable,dodgerblue,YES,264.082675,2718.6845363,110.7904493
425000,4375300,C&DOH,1.64042,10000,7.69,75.75,425000 4375300,0.5,Suitable,dodgerblue,YES,264.082675,2718.6845363,110.7904493
425000,4375400,C&DOH,16.4042,10000,7.65,75.51,425000 4375400,5,Suitable,dodgerblue,YES,264.082675,2718.7466734,110.8525864
425000,4375400,C&DOH,8.2021,10000,7.64,75.67,425000 4375400,2.5,Suitable,dodgerblue,YES,264.082675,2718.7466734,110.8525864
425000,4375400,C&DOH,11.48294,10000,7.65,75.51,425000 4375400,3.5,Suitable,dodgerblue,YES,264.082675,2718.7466734,110.8525864
425000,4375400,C&DOH,0,10000,7.78,75.82,425000 4375400,0,Suitable,dodgerblue,YES,264.082675,2718.7466734,110.8525864
425000,4375400,C&DOH,14.76378,10000,7.65,75.51,425000 4375400,4.5,Suitable,dodgerblue,YES,264.082675,2718.7466734,110.8525864
425000,4375400,C&DOH,9.84252,10000,7.65,75.51,425000 4375400,3,Suitable,dodgerblue,YES,264.082675,2718.7466734,110.8525864
425000,4375400,C&DOH,3.28084,10000,7.64,75.67,425000 4375400,1,Suitable,dodgerblue,YES,264.082675,2718.7466734,110.8525864
425000,4375400,C&DOH,6.56168,10000,7.63,75.67,425000 4375400,2,Suitable,dodgerblue,YES,264.082675,2718.7466734,110.8525864
425000,4375400,C&DOH,13.12336,10000,7.65,75.51,425000 4375400,4,Suitable,dodgerblue,YES,264.082675,2718.7466734,110.8525864
425000,4375400,C&DOH,1.64042,10000,7.69,75.74,425000 4375400,0.5,Suitable,dodgerblue,YES,264.082675,2718.7466734,110.8525864
425000,4375400,C&DOH,4.92126,10000,7.63,75.67,425000 4375400,1.5,Suitable,dodgerblue,YES,264.082675,2718.7466734,110.8525864
425100,4375400,C&DOH,16.4042,10000,7.64,75.5,425100 4375400,5,Suitable,dodgerblue,YES,264.1448121,2718.7466734,110.8525864
425100,4375400,C&DOH,1.64042,10000,7.69,75.73,425100 4375400,0.5,Suitable,dodgerblue,YES,264.1448121,2718.7466734,110.8525864
425100,4375400,C&DOH,14.76378,10000,7.64,75.5,425100 4375400,4.5,Suitable,dodgerblue,YES,264.1448121,2718.7466734,110.8525864
425100,4375400,C&DOH,9.84252,10000,7.64,75.5,425100 4375400,3,Suitable,dodgerblue,YES,264.1448121,2718.7466734,110.8525864
425100,4375400,C&DOH,0,10000,7.78,75.81,425100 4375400,0,Suitable,dodgerblue,YES,264.1448121,2718.7466734,110.8525864
425100,4375400,C&DOH,6.56168,10000,7.63,75.66,425100 4375400,2,Suitable,dodgerblue,YES,264.1448121,2718.7466734,110.8525864
425100,4375400,C&DOH,11.48294,10000,7.64,75.5,425100 4375400,3.5,Suitable,dodgerblue,YES,264.1448121,2718.7466734,110.8525864
425100,4375400,C&DOH,3.28084,10000,7.64,75.66,425100 4375400,1,Suitable,dodgerblue,YES,264.1448121,2718.7466734,110.8525864
425100,4375400,C&DOH,8.2021,10000,7.64,75.66,425100 4375400,2.5,Suitable,dodgerblue,YES,264.1448121,2718.7466734,110.8525864
425100,4375400,C&DOH,13.12336,10000,7.64,75.5,425100 4375400,4,Suitable,dodgerblue,YES,264.1448121,2718.7466734,110.8525864
425100,4375400,C&DOH,4.92126,10000,7.63,75.66,425100 4375400,1.5,Suitable,dodgerblue,YES,264.1448121,2718.7466734,110.8525864
425100,4375500,C&DOH,4.92126,10000,7.63,75.66,425100 4375500,1.5,Suitable,dodgerblue,YES,264.1448121,2718.8088105,110.9147235
425100,4375500,C&DOH,14.76378,10000,7.64,75.49,425100 4375500,4.5,Suitable,dodgerblue,YES,264.1448121,2718.8088105,110.9147235
425100,4375500,C&DOH,1.64042,10000,7.69,75.73,425100 4375500,0.5,Suitable,dodgerblue,YES,264.1448121,2718.8088105,110.9147235
425100,4375500,C&DOH,6.56168,10000,7.63,75.66,425100 4375500,2,Suitable,dodgerblue,YES,264.1448121,2718.8088105,110.9147235
425100,4375500,C&DOH,3.28084,10000,7.63,75.66,425100 4375500,1,Suitable,dodgerblue,YES,264.1448121,2718.8088105,110.9147235
425100,4375500,C&DOH,9.84252,10000,7.64,75.49,425100 4375500,3,Suitable,dodgerblue,YES,264.1448121,2718.8088105,110.9147235
425100,4375500,C&DOH,8.2021,10000,7.63,75.66,425100 4375500,2.5,Suitable,dodgerblue,YES,264.1448121,2718.8088105,110.9147235
425100,4375500,C&DOH,11.48294,10000,7.64,75.49,425100 4375500,3.5,Suitable,dodgerblue,YES,264.1448121,2718.8088105,110.9147235
425100,4375500,C&DOH,16.4042,10000,7.64,75.49,425100 4375500,5,Suitable,dodgerblue,YES,264.1448121,2718.8088105,110.9147235
425100,4375500,C&DOH,0,10000,7.77,75.8,425100 4375500,0,Suitable,dodgerblue,YES,264.1448121,2718.8088105,110.9147235
425100,4375500,C&DOH,13.12336,10000,7.64,75.49,425100 4375500,4,Suitable,dodgerblue,YES,264.1448121,2718.8088105,110.9147235
425200,4375500,C&DOH,14.76378,10000,7.64,75.48,425200 4375500,4.5,Suitable,dodgerblue,YES,264.2069492,2718.8088105,110.9147235
425200,4375500,C&DOH,13.12336,10000,7.64,75.48,425200 4375500,4,Suitable,dodgerblue,YES,264.2069492,2718.8088105,110.9147235
425200,4375500,C&DOH,6.56168,10000,7.63,75.65,425200 4375500,2,Suitable,dodgerblue,YES,264.2069492,2718.8088105,110.9147235
425200,4375500,C&DOH,9.84252,10000,7.64,75.48,425200 4375500,3,Suitable,dodgerblue,YES,264.2069492,2718.8088105,110.9147235
425200,4375500,C&DOH,11.48294,10000,7.64,75.48,425200 4375500,3.5,Suitable,dodgerblue,YES,264.2069492,2718.8088105,110.9147235
425200,4375500,C&DOH,8.2021,10000,7.63,75.65,425200 4375500,2.5,Suitable,dodgerblue,YES,264.2069492,2718.8088105,110.9147235
425200,4375500,C&DOH,4.92126,10000,7.63,75.65,425200 4375500,1.5,Suitable,dodgerblue,YES,264.2069492,2718.8088105,110.9147235
425200,4375500,C&DOH,16.4042,10000,7.64,75.48,425200 4375500,5,Suitable,dodgerblue,YES,264.2069492,2718.8088105,110.9147235
425200,4375500,C&DOH,3.28084,10000,7.63,75.65,425200 4375500,1,Suitable,dodgerblue,YES,264.2069492,2718.8088105,110.9147235
425200,4375500,C&DOH,1.64042,10000,7.68,75.71,425200 4375500,0.5,Suitable,dodgerblue,YES,264.2069492,2718.8088105,110.9147235
425200,4375500,C&DOH,0,10000,7.77,75.79,425200 4375500,0,Suitable,dodgerblue,YES,264.2069492,2718.8088105,110.9147235
425300,4375600,C&DOH,11.48294,10000,7.63,75.46,425300 4375600,3.5,Suitable,dodgerblue,YES,264.2690863,2718.8709476,110.9768606
425300,4375600,C&DOH,13.12336,10000,7.63,75.46,425300 4375600,4,Suitable,dodgerblue,YES,264.2690863,2718.8709476,110.9768606
425300,4375600,C&DOH,9.84252,10000,7.63,75.46,425300 4375600,3,Suitable,dodgerblue,YES,264.2690863,2718.8709476,110.9768606
425300,4375600,C&DOH,1.64042,10000,7.68,75.7,425300 4375600,0.5,Suitable,dodgerblue,YES,264.2690863,2718.8709476,110.9768606
425300,4375600,C&DOH,14.76378,10000,7.63,75.46,425300 4375600,4.5,Suitable,dodgerblue,YES,264.2690863,2718.8709476,110.9768606
425300,4375600,C&DOH,16.4042,10000,7.63,75.46,425300 4375600,5,Suitable,dodgerblue,YES,264.2690863,2718.8709476,110.9768606
425300,4375600,C&DOH,3.28084,10000,7.62,75.63,425300 4375600,1,Suitable,dodgerblue,YES,264.2690863,2718.8709476,110.9768606
425300,4375600,C&DOH,0,10000,7.76,75.77,425300 4375600,0,Suitable,dodgerblue,YES,264.2690863,2718.8709476,110.9768606
425300,4375600,C&DOH,8.2021,10000,7.62,75.63,425300 4375600,2.5,Suitable,dodgerblue,YES,264.2690863,2718.8709476,110.9768606
425300,4375600,C&DOH,6.56168,10000,7.62,75.63,425300 4375600,2,Suitable,dodgerblue,YES,264.2690863,2718.8709476,110.9768606
425300,4375600,C&DOH,4.92126,10000,7.62,75.63,425300 4375600,1.5,Suitable,dodgerblue,YES,264.2690863,2718.8709476,110.9768606
425400,4375600,C&DOH,8.2021,10000,7.62,75.62,425400 4375600,2.5,Suitable,dodgerblue,YES,264.3312234,2718.8709476,110.9768606
425400,4375600,C&DOH,16.4042,10000,7.63,75.44,425400 4375600,5,Suitable,dodgerblue,YES,264.3312234,2718.8709476,110.9768606
425400,4375600,C&DOH,4.92126,10000,7.62,75.62,425400 4375600,1.5,Suitable,dodgerblue,YES,264.3312234,2718.8709476,110.9768606
425400,4375600,C&DOH,6.56168,10000,7.62,75.62,425400 4375600,2,Suitable,dodgerblue,YES,264.3312234,2718.8709476,110.9768606
425400,4375600,C&DOH,1.64042,10000,7.67,75.68,425400 4375600,0.5,Suitable,dodgerblue,YES,264.3312234,2718.8709476,110.9768606
425400,4375600,C&DOH,13.12336,10000,7.63,75.44,425400 4375600,4,Suitable,dodgerblue,YES,264.3312234,2718.8709476,110.9768606
425400,4375600,C&DOH,14.76378,10000,7.63,75.44,425400 4375600,4.5,Suitable,dodgerblue,YES,264.3312234,2718.8709476,110.9768606
425400,4375600,C&DOH,9.84252,10000,7.63,75.44,425400 4375600,3,Suitable,dodgerblue,YES,264.3312234,2718.8709476,110.9768606
425400,4375600,C&DOH,3.28084,10000,7.62,75.62,425400 4375600,1,Suitable,dodgerblue,YES,264.3312234,2718.8709476,110.9768606
425400,4375600,C&DOH,0,10000,7.76,75.75,425400 4375600,0,Suitable,dodgerblue,YES,264.3312234,2718.8709476,110.9768606
425400,4375600,C&DOH,11.48294,10000,7.63,75.44,425400 4375600,3.5,Suitable,dodgerblue,YES,264.3312234,2718.8709476,110.9768606
425400,4375700,C&DOH,14.76378,10000,7.62,75.44,425400 4375700,4.5,Suitable,dodgerblue,YES,264.3312234,2718.9330847,111.0389977
425400,4375700,C&DOH,11.48294,10000,7.62,75.44,425400 4375700,3.5,Suitable,dodgerblue,YES,264.3312234,2718.9330847,111.0389977
425400,4375700,C&DOH,3.28084,10000,7.62,75.61,425400 4375700,1,Suitable,dodgerblue,YES,264.3312234,2718.9330847,111.0389977
425400,4375700,C&DOH,13.12336,10000,7.62,75.44,425400 4375700,4,Suitable,dodgerblue,YES,264.3312234,2718.9330847,111.0389977
425400,4375700,C&DOH,16.4042,10000,7.62,75.44,425400 4375700,5,Suitable,dodgerblue,YES,264.3312234,2718.9330847,111.0389977
425400,4375700,C&DOH,6.56168,10000,7.61,75.61,425400 4375700,2,Suitable,dodgerblue,YES,264.3312234,2718.9330847,111.0389977
425400,4375700,C&DOH,0,10000,7.75,75.75,425400 4375700,0,Suitable,dodgerblue,YES,264.3312234,2718.9330847,111.0389977
425400,4375700,C&DOH,1.64042,10000,7.67,75.68,425400 4375700,0.5,Suitable,dodgerblue,YES,264.3312234,2718.9330847,111.0389977
425400,4375700,C&DOH,8.2021,10000,7.62,75.61,425400 4375700,2.5,Suitable,dodgerblue,YES,264.3312234,2718.9330847,111.0389977
425400,4375700,C&DOH,4.92126,10000,7.61,75.61,425400 4375700,1.5,Suitable,dodgerblue,YES,264.3312234,2718.9330847,111.0389977
425400,4375700,C&DOH,9.84252,10000,7.62,75.44,425400 4375700,3,Suitable,dodgerblue,YES,264.3312234,2718.9330847,111.0389977
425500,4375700,C&DOH,3.28084,10000,7.61,75.6,425500 4375700,1,Suitable,dodgerblue,YES,264.3933605,2718.9330847,111.0389977
425500,4375700,C&DOH,1.64042,10000,7.67,75.66,425500 4375700,0.5,Suitable,dodgerblue,YES,264.3933605,2718.9330847,111.0389977
425500,4375700,C&DOH,8.2021,10000,7.61,75.6,425500 4375700,2.5,Suitable,dodgerblue,YES,264.3933605,2718.9330847,111.0389977
425500,4375700,C&DOH,14.76378,10000,7.62,75.42,425500 4375700,4.5,Suitable,dodgerblue,YES,264.3933605,2718.9330847,111.0389977
425500,4375700,C&DOH,13.12336,10000,7.62,75.42,425500 4375700,4,Suitable,dodgerblue,YES,264.3933605,2718.9330847,111.0389977
425500,4375700,C&DOH,0,10000,7.75,75.73,425500 4375700,0,Suitable,dodgerblue,YES,264.3933605,2718.9330847,111.0389977
425500,4375700,C&DOH,9.84252,10000,7.62,75.42,425500 4375700,3,Suitable,dodgerblue,YES,264.3933605,2718.9330847,111.0389977
425500,4375700,C&DOH,6.56168,10000,7.61,75.6,425500 4375700,2,Suitable,dodgerblue,YES,264.3933605,2718.9330847,111.0389977
425500,4375700,C&DOH,4.92126,10000,7.61,75.6,425500 4375700,1.5,Suitable,dodgerblue,YES,264.3933605,2718.9330847,111.0389977
425500,4375700,C&DOH,16.4042,10000,7.62,75.42,425500 4375700,5,Suitable,dodgerblue,YES,264.3933605,2718.9330847,111.0389977
425500,4375700,C&DOH,11.48294,10000,7.62,75.42,425500 4375700,3.5,Suitable,dodgerblue,YES,264.3933605,2718.9330847,111.0389977
425500,4375800,C&DOH,6.56168,10000,7.61,75.6,425500 4375800,2,Suitable,dodgerblue,YES,264.3933605,2718.9952218,111.1011348
425500,4375800,C&DOH,4.92126,10000,7.61,75.6,425500 4375800,1.5,Suitable,dodgerblue,YES,264.3933605,2718.9952218,111.1011348
425500,4375800,C&DOH,14.76378,10000,7.62,75.42,425500 4375800,4.5,Suitable,dodgerblue,YES,264.3933605,2718.9952218,111.1011348
425500,4375800,C&DOH,9.84252,10000,7.62,75.42,425500 4375800,3,Suitable,dodgerblue,YES,264.3933605,2718.9952218,111.1011348
425500,4375800,C&DOH,11.48294,10000,7.62,75.42,425500 4375800,3.5,Suitable,dodgerblue,YES,264.3933605,2718.9952218,111.1011348
425500,4375800,C&DOH,16.4042,10000,7.62,75.42,425500 4375800,5,Suitable,dodgerblue,YES,264.3933605,2718.9952218,111.1011348
425500,4375800,C&DOH,0,10000,7.75,75.72,425500 4375800,0,Suitable,dodgerblue,YES,264.3933605,2718.9952218,111.1011348
425500,4375800,C&DOH,13.12336,10000,7.62,75.42,425500 4375800,4,Suitable,dodgerblue,YES,264.3933605,2718.9952218,111.1011348
425500,4375800,C&DOH,3.28084,10000,7.61,75.6,425500 4375800,1,Suitable,dodgerblue,YES,264.3933605,2718.9952218,111.1011348
425500,4375800,C&DOH,8.2021,10000,7.61,75.6,425500 4375800,2.5,Suitable,dodgerblue,YES,264.3933605,2718.9952218,111.1011348
425500,4375800,C&DOH,1.64042,10000,7.66,75.66,425500 4375800,0.5,Suitable,dodgerblue,YES,264.3933605,2718.9952218,111.1011348
425600,4375700,C&DOH,14.76378,10000,7.62,75.41,425600 4375700,4.5,Suitable,dodgerblue,YES,264.4554976,2718.9330847,111.0389977
425600,4375700,C&DOH,9.84252,10000,7.62,75.41,425600 4375700,3,Suitable,dodgerblue,YES,264.4554976,2718.9330847,111.0389977
425600,4375700,C&DOH,11.48294,10000,7.62,75.41,425600 4375700,3.5,Suitable,dodgerblue,YES,264.4554976,2718.9330847,111.0389977
425600,4375700,C&DOH,13.12336,10000,7.62,75.41,425600 4375700,4,Suitable,dodgerblue,YES,264.4554976,2718.9330847,111.0389977
425600,4375700,C&DOH,8.2021,10000,7.61,75.58,425600 4375700,2.5,Suitable,dodgerblue,YES,264.4554976,2718.9330847,111.0389977
425600,4375700,C&DOH,4.92126,10000,7.6,75.58,425600 4375700,1.5,Suitable,dodgerblue,YES,264.4554976,2718.9330847,111.0389977
425600,4375700,C&DOH,3.28084,10000,7.61,75.58,425600 4375700,1,Suitable,dodgerblue,YES,264.4554976,2718.9330847,111.0389977
425600,4375700,C&DOH,16.4042,10000,7.62,75.41,425600 4375700,5,Suitable,dodgerblue,YES,264.4554976,2718.9330847,111.0389977
425600,4375700,C&DOH,1.64042,10000,7.66,75.64,425600 4375700,0.5,Suitable,dodgerblue,YES,264.4554976,2718.9330847,111.0389977
425600,4375700,C&DOH,0,10000,7.74,75.71,425600 4375700,0,Suitable,dodgerblue,YES,264.4554976,2718.9330847,111.0389977
425600,4375700,C&DOH,6.56168,10000,7.6,75.58,425600 4375700,2,Suitable,dodgerblue,YES,264.4554976,2718.9330847,111.0389977
425600,4375800,C&DOH,4.92126,10000,7.6,75.58,425600 4375800,1.5,Suitable,dodgerblue,YES,264.4554976,2718.9952218,111.1011348
425600,4375800,C&DOH,11.48294,10000,7.61,75.4,425600 4375800,3.5,Suitable,dodgerblue,YES,264.4554976,2718.9952218,111.1011348
425600,4375800,C&DOH,8.2021,10000,7.61,75.58,425600 4375800,2.5,Suitable,dodgerblue,YES,264.4554976,2718.9952218,111.1011348
425600,4375800,C&DOH,3.28084,10000,7.61,75.58,425600 4375800,1,Suitable,dodgerblue,YES,264.4554976,2718.9952218,111.1011348
425600,4375800,C&DOH,9.84252,10000,7.61,75.4,425600 4375800,3,Suitable,dodgerblue,YES,264.4554976,2718.9952218,111.1011348
425600,4375800,C&DOH,6.56168,10000,7.6,75.58,425600 4375800,2,Suitable,dodgerblue,YES,264.4554976,2718.9952218,111.1011348
425600,4375800,C&DOH,1.64042,10000,7.66,75.64,425600 4375800,0.5,Suitable,dodgerblue,YES,264.4554976,2718.9952218,111.1011348
425600,4375800,C&DOH,0,10000,7.74,75.7,425600 4375800,0,Suitable,dodgerblue,YES,264.4554976,2718.9952218,111.1011348
425600,4375800,C&DOH,16.4042,10000,7.61,75.4,425600 4375800,5,Suitable,dodgerblue,YES,264.4554976,2718.9952218,111.1011348
425600,4375800,C&DOH,13.12336,10000,7.61,75.4,425600 4375800,4,Suitable,dodgerblue,YES,264.4554976,2718.9952218,111.1011348
425600,4375800,C&DOH,14.76378,10000,7.61,75.4,425600 4375800,4.5,Suitable,dodgerblue,YES,264.4554976,2718.9952218,111.1011348
425600,4375900,C&DOH,8.2021,10000,7.61,75.58,425600 4375900,2.5,Suitable,dodgerblue,YES,264.4554976,2719.0573589,111.1632719
425600,4375900,C&DOH,3.28084,10000,7.61,75.58,425600 4375900,1,Suitable,dodgerblue,YES,264.4554976,2719.0573589,111.1632719
425600,4375900,C&DOH,1.64042,10000,7.66,75.64,425600 4375900,0.5,Suitable,dodgerblue,YES,264.4554976,2719.0573589,111.1632719
425600,4375900,C&DOH,9.84252,10000,7.61,75.4,425600 4375900,3,Suitable,dodgerblue,YES,264.4554976,2719.0573589,111.1632719
425600,4375900,C&DOH,6.56168,10000,7.6,75.58,425600 4375900,2,Suitable,dodgerblue,YES,264.4554976,2719.0573589,111.1632719
425600,4375900,C&DOH,13.12336,10000,7.61,75.4,425600 4375900,4,Suitable,dodgerblue,YES,264.4554976,2719.0573589,111.1632719
425600,4375900,C&DOH,11.48294,10000,7.61,75.4,425600 4375900,3.5,Suitable,dodgerblue,YES,264.4554976,2719.0573589,111.1632719
425600,4375900,C&DOH,16.4042,10000,7.61,75.4,425600 4375900,5,Suitable,dodgerblue,YES,264.4554976,2719.0573589,111.1632719
425600,4375900,C&DOH,4.92126,10000,7.6,75.58,425600 4375900,1.5,Suitable,dodgerblue,YES,264.4554976,2719.0573589,111.1632719
425600,4375900,C&DOH,0,10000,7.74,75.7,425600 4375900,0,Suitable,dodgerblue,YES,264.4554976,2719.0573589,111.1632719
425600,4375900,C&DOH,14.76378,10000,7.61,75.4,425600 4375900,4.5,Suitable,dodgerblue,YES,264.4554976,2719.0573589,111.1632719
425700,4375900,C&DOH,14.76378,10000,7.61,75.38,425700 4375900,4.5,Suitable,dodgerblue,YES,264.5176347,2719.0573589,111.1632719
425700,4375900,C&DOH,9.84252,10000,7.61,75.38,425700 4375900,3,Suitable,dodgerblue,YES,264.5176347,2719.0573589,111.1632719
425700,4375900,C&DOH,13.12336,10000,7.61,75.38,425700 4375900,4,Suitable,dodgerblue,YES,264.5176347,2719.0573589,111.1632719
425700,4375900,C&DOH,6.56168,10000,7.6,75.56,425700 4375900,2,Suitable,dodgerblue,YES,264.5176347,2719.0573589,111.1632719
425700,4375900,C&DOH,8.2021,10000,7.6,75.56,425700 4375900,2.5,Suitable,dodgerblue,YES,264.5176347,2719.0573589,111.1632719
425700,4375900,C&DOH,0,10000,7.73,75.68,425700 4375900,0,Suitable,dodgerblue,YES,264.5176347,2719.0573589,111.1632719
425700,4375900,C&DOH,11.48294,10000,7.61,75.38,425700 4375900,3.5,Suitable,dodgerblue,YES,264.5176347,2719.0573589,111.1632719
425700,4375900,C&DOH,4.92126,10000,7.6,75.56,425700 4375900,1.5,Suitable,dodgerblue,YES,264.5176347,2719.0573589,111.1632719
425700,4375900,C&DOH,1.64042,10000,7.65,75.62,425700 4375900,0.5,Suitable,dodgerblue,YES,264.5176347,2719.0573589,111.1632719
425700,4375900,C&DOH,3.28084,10000,7.6,75.56,425700 4375900,1,Suitable,dodgerblue,YES,264.5176347,2719.0573589,111.1632719
425700,4375900,C&DOH,16.4042,10000,7.61,75.38,425700 4375900,5,Suitable,dodgerblue,YES,264.5176347,2719.0573589,111.1632719
425800,4375900,C&DOH,9.84252,10000,7.6,75.36,425800 4375900,3,Suitable,dodgerblue,YES,264.5797718,2719.0573589,111.1632719
425800,4375900,C&DOH,3.28084,10000,7.6,75.55,425800 4375900,1,Suitable,dodgerblue,YES,264.5797718,2719.0573589,111.1632719
425800,4375900,C&DOH,8.2021,10000,7.6,75.55,425800 4375900,2.5,Suitable,dodgerblue,YES,264.5797718,2719.0573589,111.1632719
425800,4375900,C&DOH,14.76378,10000,7.6,75.36,425800 4375900,4.5,Suitable,dodgerblue,YES,264.5797718,2719.0573589,111.1632719
425800,4375900,C&DOH,6.56168,10000,7.59,75.55,425800 4375900,2,Suitable,dodgerblue,YES,264.5797718,2719.0573589,111.1632719
425800,4375900,C&DOH,1.64042,10000,7.65,75.6,425800 4375900,0.5,Suitable,dodgerblue,YES,264.5797718,2719.0573589,111.1632719
425800,4375900,C&DOH,0,10000,7.73,75.66,425800 4375900,0,Suitable,dodgerblue,YES,264.5797718,2719.0573589,111.1632719
425800,4375900,C&DOH,16.4042,10000,7.6,75.36,425800 4375900,5,Suitable,dodgerblue,YES,264.5797718,2719.0573589,111.1632719
425800,4375900,C&DOH,4.92126,10000,7.59,75.55,425800 4375900,1.5,Suitable,dodgerblue,YES,264.5797718,2719.0573589,111.1632719
425800,4375900,C&DOH,13.12336,10000,7.6,75.36,425800 4375900,4,Suitable,dodgerblue,YES,264.5797718,2719.0573589,111.1632719
425800,4375900,C&DOH,11.48294,10000,7.6,75.36,425800 4375900,3.5,Suitable,dodgerblue,YES,264.5797718,2719.0573589,111.1632719
425800,4376000,C&DOH,8.2021,10000,7.6,75.54,425800 4376000,2.5,Suitable,dodgerblue,YES,264.5797718,2719.119496,111.225409
425800,4376000,C&DOH,13.12336,10000,7.6,75.36,425800 4376000,4,Suitable,dodgerblue,YES,264.5797718,2719.119496,111.225409
425800,4376000,C&DOH,6.56168,10000,7.59,75.54,425800 4376000,2,Suitable,dodgerblue,YES,264.5797718,2719.119496,111.225409
425800,4376000,C&DOH,14.76378,10000,7.6,75.36,425800 4376000,4.5,Suitable,dodgerblue,YES,264.5797718,2719.119496,111.225409
425800,4376000,C&DOH,16.4042,10000,7.6,75.36,425800 4376000,5,Suitable,dodgerblue,YES,264.5797718,2719.119496,111.225409
425800,4376000,C&DOH,11.48294,10000,7.6,75.36,425800 4376000,3.5,Suitable,dodgerblue,YES,264.5797718,2719.119496,111.225409
425800,4376000,C&DOH,1.64042,10000,7.65,75.6,425800 4376000,0.5,Suitable,dodgerblue,YES,264.5797718,2719.119496,111.225409
425800,4376000,C&DOH,3.28084,10000,7.6,75.54,425800 4376000,1,Suitable,dodgerblue,YES,264.5797718,2719.119496,111.225409
425800,4376000,C&DOH,9.84252,10000,7.6,75.36,425800 4376000,3,Suitable,dodgerblue,YES,264.5797718,2719.119496,111.225409
425800,4376000,C&DOH,0,10000,7.73,75.66,425800 4376000,0,Suitable,dodgerblue,YES,264.5797718,2719.119496,111.225409
425800,4376000,C&DOH,4.92126,10000,7.59,75.54,425800 4376000,1.5,Suitable,dodgerblue,YES,264.5797718,2719.119496,111.225409
425900,4376000,C&DOH,1.64042,10000,7.64,75.58,425900 4376000,0.5,Suitable,dodgerblue,YES,264.6419089,2719.119496,111.225409
425900,4376000,C&DOH,14.76378,10000,7.6,75.35,425900 4376000,4.5,Suitable,dodgerblue,YES,264.6419089,2719.119496,111.225409
425900,4376000,C&DOH,0,10000,7.72,75.63,425900 4376000,0,Suitable,dodgerblue,YES,264.6419089,2719.119496,111.225409
425900,4376000,C&DOH,3.28084,10000,7.59,75.53,425900 4376000,1,Suitable,dodgerblue,YES,264.6419089,2719.119496,111.225409
425900,4376000,C&DOH,13.12336,10000,7.6,75.35,425900 4376000,4,Suitable,dodgerblue,YES,264.6419089,2719.119496,111.225409
425900,4376000,C&DOH,9.84252,10000,7.6,75.35,425900 4376000,3,Suitable,dodgerblue,YES,264.6419089,2719.119496,111.225409
425900,4376000,C&DOH,4.92126,10000,7.59,75.53,425900 4376000,1.5,Suitable,dodgerblue,YES,264.6419089,2719.119496,111.225409
425900,4376000,C&DOH,6.56168,10000,7.59,75.53,425900 4376000,2,Suitable,dodgerblue,YES,264.6419089,2719.119496,111.225409
425900,4376000,C&DOH,8.2021,10000,7.59,75.53,425900 4376000,2.5,Suitable,dodgerblue,YES,264.6419089,2719.119496,111.225409
425900,4376000,C&DOH,11.48294,10000,7.6,75.35,425900 4376000,3.5,Suitable,dodgerblue,YES,264.6419089,2719.119496,111.225409
425900,4376000,C&DOH,16.4042,10000,7.6,75.35,425900 4376000,5,Suitable,dodgerblue,YES,264.6419089,2719.119496,111.225409
426000,4376000,C&DOH,3.28084,10000,7.59,75.51,426000 4376000,1,Suitable,dodgerblue,YES,264.704046,2719.119496,111.225409
426000,4376000,C&DOH,13.12336,10000,7.59,75.33,426000 4376000,4,Suitable,dodgerblue,YES,264.704046,2719.119496,111.225409
426000,4376000,C&DOH,4.92126,10000,7.58,75.51,426000 4376000,1.5,Suitable,dodgerblue,YES,264.704046,2719.119496,111.225409
426000,4376000,C&DOH,14.76378,10000,7.59,75.33,426000 4376000,4.5,Suitable,dodgerblue,YES,264.704046,2719.119496,111.225409
426000,4376000,C&DOH,6.56168,10000,7.58,75.51,426000 4376000,2,Suitable,dodgerblue,YES,264.704046,2719.119496,111.225409
426000,4376000,C&DOH,11.48294,10000,7.59,75.33,426000 4376000,3.5,Suitable,dodgerblue,YES,264.704046,2719.119496,111.225409
426000,4376000,C&DOH,16.4042,10000,7.59,75.33,426000 4376000,5,Suitable,dodgerblue,YES,264.704046,2719.119496,111.225409
426000,4376000,C&DOH,1.64042,10000,7.64,75.56,426000 4376000,0.5,Suitable,dodgerblue,YES,264.704046,2719.119496,111.225409
426000,4376000,C&DOH,8.2021,10000,7.59,75.51,426000 4376000,2.5,Suitable,dodgerblue,YES,264.704046,2719.119496,111.225409
426000,4376000,C&DOH,9.84252,10000,7.59,75.33,426000 4376000,3,Suitable,dodgerblue,YES,264.704046,2719.119496,111.225409
426000,4376000,C&DOH,0,10000,7.72,75.61,426000 4376000,0,Suitable,dodgerblue,YES,264.704046,2719.119496,111.225409
426100,4376000,C&DOH,6.56168,10000,7.58,75.49,426100 4376000,2,Suitable,dodgerblue,YES,264.7661831,2719.119496,111.225409
426100,4376000,C&DOH,4.92126,10000,7.58,75.49,426100 4376000,1.5,Suitable,dodgerblue,YES,264.7661831,2719.119496,111.225409
426100,4376000,C&DOH,3.28084,10000,7.58,75.49,426100 4376000,1,Suitable,dodgerblue,YES,264.7661831,2719.119496,111.225409
426100,4376000,C&DOH,14.76378,10000,7.59,75.31,426100 4376000,4.5,Suitable,dodgerblue,YES,264.7661831,2719.119496,111.225409
426100,4376000,C&DOH,1.64042,10000,7.64,75.54,426100 4376000,0.5,Suitable,dodgerblue,YES,264.7661831,2719.119496,111.225409
426100,4376000,C&DOH,13.12336,10000,7.59,75.31,426100 4376000,4,Suitable,dodgerblue,YES,264.7661831,2719.119496,111.225409
426100,4376000,C&DOH,8.2021,10000,7.58,75.49,426100 4376000,2.5,Suitable,dodgerblue,YES,264.7661831,2719.119496,111.225409
426100,4376000,C&DOH,16.4042,10000,7.59,75.31,426100 4376000,5,Suitable,dodgerblue,YES,264.7661831,2719.119496,111.225409
426100,4376000,C&DOH,11.48294,10000,7.59,75.31,426100 4376000,3.5,Suitable,dodgerblue,YES,264.7661831,2719.119496,111.225409
426100,4376000,C&DOH,0,10000,7.71,75.59,426100 4376000,0,Suitable,dodgerblue,YES,264.7661831,2719.119496,111.225409
426100,4376000,C&DOH,9.84252,10000,7.59,75.31,426100 4376000,3,Suitable,dodgerblue,YES,264.7661831,2719.119496,111.225409
426200,4376000,C&DOH,13.12336,10000,7.59,75.3,426200 4376000,4,Suitable,dodgerblue,YES,264.8283202,2719.119496,111.225409
426200,4376000,C&DOH,1.64042,10000,7.63,75.52,426200 4376000,0.5,Suitable,dodgerblue,YES,264.8283202,2719.119496,111.225409
426200,4376000,C&DOH,14.76378,10000,7.59,75.3,426200 4376000,4.5,Suitable,dodgerblue,YES,264.8283202,2719.119496,111.225409
426200,4376000,C&DOH,16.4042,10000,7.59,75.3,426200 4376000,5,Suitable,dodgerblue,YES,264.8283202,2719.119496,111.225409
426200,4376000,C&DOH,11.48294,10000,7.59,75.3,426200 4376000,3.5,Suitable,dodgerblue,YES,264.8283202,2719.119496,111.225409
426200,4376000,C&DOH,9.84252,10000,7.59,75.3,426200 4376000,3,Suitable,dodgerblue,YES,264.8283202,2719.119496,111.225409
426200,4376000,C&DOH,8.2021,10000,7.58,75.47,426200 4376000,2.5,Suitable,dodgerblue,YES,264.8283202,2719.119496,111.225409
426200,4376000,C&DOH,0,10000,7.71,75.56,426200 4376000,0,Suitable,dodgerblue,YES,264.8283202,2719.119496,111.225409
426200,4376000,C&DOH,4.92126,10000,7.58,75.47,426200 4376000,1.5,Suitable,dodgerblue,YES,264.8283202,2719.119496,111.225409
426200,4376000,C&DOH,6.56168,10000,7.58,75.47,426200 4376000,2,Suitable,dodgerblue,YES,264.8283202,2719.119496,111.225409
426200,4376000,C&DOH,3.28084,10000,7.58,75.47,426200 4376000,1,Suitable,dodgerblue,YES,264.8283202,2719.119496,111.225409
426300,4376100,C&DOH,4.92126,10000,7.57,75.45,426300 4376100,1.5,Suitable,dodgerblue,YES,264.8904573,2719.1816331,111.2875461
426300,4376100,C&DOH,13.12336,10000,7.58,75.28,426300 4376100,4,Suitable,dodgerblue,YES,264.8904573,2719.1816331,111.2875461
426300,4376100,C&DOH,14.76378,10000,7.58,75.28,426300 4376100,4.5,Suitable,dodgerblue,YES,264.8904573,2719.1816331,111.2875461
426300,4376100,C&DOH,3.28084,10000,7.58,75.45,426300 4376100,1,Suitable,dodgerblue,YES,264.8904573,2719.1816331,111.2875461
426300,4376100,C&DOH,8.2021,10000,7.58,75.45,426300 4376100,2.5,Suitable,dodgerblue,YES,264.8904573,2719.1816331,111.2875461
426300,4376100,C&DOH,11.48294,10000,7.58,75.28,426300 4376100,3.5,Suitable,dodgerblue,YES,264.8904573,2719.1816331,111.2875461
426300,4376100,C&DOH,16.4042,10000,7.58,75.28,426300 4376100,5,Suitable,dodgerblue,YES,264.8904573,2719.1816331,111.2875461
426300,4376100,C&DOH,9.84252,10000,7.58,75.28,426300 4376100,3,Suitable,dodgerblue,YES,264.8904573,2719.1816331,111.2875461
426300,4376100,C&DOH,6.56168,10000,7.57,75.45,426300 4376100,2,Suitable,dodgerblue,YES,264.8904573,2719.1816331,111.2875461
426300,4376100,C&DOH,0,10000,7.7,75.54,426300 4376100,0,Suitable,dodgerblue,YES,264.8904573,2719.1816331,111.2875461
426300,4376100,C&DOH,1.64042,10000,7.63,75.49,426300 4376100,0.5,Suitable,dodgerblue,YES,264.8904573,2719.1816331,111.2875461
426600,4376100,C&DOH,11.48294,10000,7.57,75.23,426600 4376100,3.5,Suitable,dodgerblue,YES,265.0768686,2719.1816331,111.2875461
426600,4376100,C&DOH,14.76378,10000,7.57,75.23,426600 4376100,4.5,Suitable,dodgerblue,YES,265.0768686,2719.1816331,111.2875461
426600,4376100,C&DOH,4.92126,10000,7.56,75.39,426600 4376100,1.5,Suitable,dodgerblue,YES,265.0768686,2719.1816331,111.2875461
426600,4376100,C&DOH,8.2021,10000,7.56,75.39,426600 4376100,2.5,Suitable,dodgerblue,YES,265.0768686,2719.1816331,111.2875461
426600,4376100,C&DOH,16.4042,10000,7.57,75.23,426600 4376100,5,Suitable,dodgerblue,YES,265.0768686,2719.1816331,111.2875461
426600,4376100,C&DOH,1.64042,10000,7.61,75.43,426600 4376100,0.5,Suitable,dodgerblue,YES,265.0768686,2719.1816331,111.2875461
426600,4376100,C&DOH,13.12336,10000,7.57,75.23,426600 4376100,4,Suitable,dodgerblue,YES,265.0768686,2719.1816331,111.2875461
426600,4376100,C&DOH,0,10000,7.68,75.47,426600 4376100,0,Suitable,dodgerblue,YES,265.0768686,2719.1816331,111.2875461
426600,4376100,C&DOH,9.84252,10000,7.57,75.23,426600 4376100,3,Suitable,dodgerblue,YES,265.0768686,2719.1816331,111.2875461
426600,4376100,C&DOH,6.56168,10000,7.56,75.39,426600 4376100,2,Suitable,dodgerblue,YES,265.0768686,2719.1816331,111.2875461
426600,4376100,C&DOH,3.28084,10000,7.56,75.39,426600 4376100,1,Suitable,dodgerblue,YES,265.0768686,2719.1816331,111.2875461
426900,4376100,C&DOH,1.64042,10000,7.6,75.36,426900 4376100,0.5,Suitable,dodgerblue,YES,265.2632799,2719.1816331,111.2875461
426900,4376100,C&DOH,0,10000,7.67,75.39,426900 4376100,0,Suitable,dodgerblue,YES,265.2632799,2719.1816331,111.2875461
426900,4376100,C&DOH,11.48294,10000,7.55,75.19,426900 4376100,3.5,Suitable,dodgerblue,YES,265.2632799,2719.1816331,111.2875461
426900,4376100,C&DOH,16.4042,10000,7.55,75.19,426900 4376100,5,Suitable,dodgerblue,YES,265.2632799,2719.1816331,111.2875461
426900,4376100,C&DOH,13.12336,10000,7.55,75.19,426900 4376100,4,Suitable,dodgerblue,YES,265.2632799,2719.1816331,111.2875461
426900,4376100,C&DOH,8.2021,10000,7.55,75.33,426900 4376100,2.5,Suitable,dodgerblue,YES,265.2632799,2719.1816331,111.2875461
426900,4376100,C&DOH,9.84252,10000,7.55,75.19,426900 4376100,3,Suitable,dodgerblue,YES,265.2632799,2719.1816331,111.2875461
426900,4376100,C&DOH,6.56168,10000,7.55,75.33,426900 4376100,2,Suitable,dodgerblue,YES,265.2632799,2719.1816331,111.2875461
426900,4376100,C&DOH,14.76378,10000,7.55,75.19,426900 4376100,4.5,Suitable,dodgerblue,YES,265.2632799,2719.1816331,111.2875461
426900,4376100,C&DOH,3.28084,10000,7.55,75.33,426900 4376100,1,Suitable,dodgerblue,YES,265.2632799,2719.1816331,111.2875461
426900,4376100,C&DOH,4.92126,10000,7.55,75.33,426900 4376100,1.5,Suitable,dodgerblue,YES,265.2632799,2719.1816331,111.2875461
427200,4376100,C&DOH,4.92126,10000,7.54,75.27,427200 4376100,1.5,Suitable,dodgerblue,YES,265.4496912,2719.1816331,111.2875461
427200,4376100,C&DOH,1.64042,10000,7.59,75.3,427200 4376100,0.5,Suitable,dodgerblue,YES,265.4496912,2719.1816331,111.2875461
427200,4376100,C&DOH,0,10000,7.66,75.32,427200 4376100,0,Suitable,dodgerblue,YES,265.4496912,2719.1816331,111.2875461
427200,4376100,C&DOH,16.4042,10000,7.54,75.15,427200 4376100,5,Suitable,dodgerblue,YES,265.4496912,2719.1816331,111.2875461
427200,4376100,C&DOH,9.84252,10000,7.54,75.15,427200 4376100,3,Suitable,dodgerblue,YES,265.4496912,2719.1816331,111.2875461
427200,4376100,C&DOH,3.28084,10000,7.54,75.27,427200 4376100,1,Suitable,dodgerblue,YES,265.4496912,2719.1816331,111.2875461
427200,4376100,C&DOH,13.12336,10000,7.54,75.15,427200 4376100,4,Suitable,dodgerblue,YES,265.4496912,2719.1816331,111.2875461
427200,4376100,C&DOH,11.48294,10000,7.54,75.15,427200 4376100,3.5,Suitable,dodgerblue,YES,265.4496912,2719.1816331,111.2875461
427200,4376100,C&DOH,6.56168,10000,7.54,75.27,427200 4376100,2,Suitable,dodgerblue,YES,265.4496912,2719.1816331,111.2875461
427200,4376100,C&DOH,8.2021,10000,7.54,75.27,427200 4376100,2.5,Suitable,dodgerblue,YES,265.4496912,2719.1816331,111.2875461
427200,4376100,C&DOH,14.76378,10000,7.54,75.15,427200 4376100,4.5,Suitable,dodgerblue,YES,265.4496912,2719.1816331,111.2875461
427300,4376100,C&DOH,3.28084,10000,7.54,75.25,427300 4376100,1,Suitable,dodgerblue,YES,265.5118283,2719.1816331,111.2875461
427300,4376100,C&DOH,8.2021,10000,7.54,75.25,427300 4376100,2.5,Suitable,dodgerblue,YES,265.5118283,2719.1816331,111.2875461
427300,4376100,C&DOH,1.64042,10000,7.59,75.28,427300 4376100,0.5,Suitable,dodgerblue,YES,265.5118283,2719.1816331,111.2875461
427300,4376100,C&DOH,14.76378,10000,7.54,75.14,427300 4376100,4.5,Suitable,dodgerblue,YES,265.5118283,2719.1816331,111.2875461
427300,4376100,C&DOH,6.56168,10000,7.53,75.25,427300 4376100,2,Suitable,dodgerblue,YES,265.5118283,2719.1816331,111.2875461
427300,4376100,C&DOH,16.4042,10000,7.54,75.14,427300 4376100,5,Suitable,dodgerblue,YES,265.5118283,2719.1816331,111.2875461
427300,4376100,C&DOH,13.12336,10000,7.54,75.14,427300 4376100,4,Suitable,dodgerblue,YES,265.5118283,2719.1816331,111.2875461
427300,4376100,C&DOH,4.92126,10000,7.53,75.25,427300 4376100,1.5,Suitable,dodgerblue,YES,265.5118283,2719.1816331,111.2875461
427300,4376100,C&DOH,9.84252,10000,7.54,75.14,427300 4376100,3,Suitable,dodgerblue,YES,265.5118283,2719.1816331,111.2875461
427300,4376100,C&DOH,11.48294,10000,7.54,75.14,427300 4376100,3.5,Suitable,dodgerblue,YES,265.5118283,2719.1816331,111.2875461
427300,4376100,C&DOH,0,10000,7.65,75.3,427300 4376100,0,Suitable,dodgerblue,YES,265.5118283,2719.1816331,111.2875461
427600,4376100,C&DOH,16.4042,10000,7.53,75.11,427600 4376100,5,Suitable,dodgerblue,YES,265.6982396,2719.1816331,111.2875461
427600,4376100,C&DOH,1.64042,10000,7.58,75.22,427600 4376100,0.5,Suitable,dodgerblue,YES,265.6982396,2719.1816331,111.2875461
427600,4376100,C&DOH,6.56168,10000,7.53,75.2,427600 4376100,2,Suitable,dodgerblue,YES,265.6982396,2719.1816331,111.2875461
427600,4376100,C&DOH,9.84252,10000,7.53,75.11,427600 4376100,3,Suitable,dodgerblue,YES,265.6982396,2719.1816331,111.2875461
427600,4376100,C&DOH,0,10000,7.64,75.24,427600 4376100,0,Suitable,dodgerblue,YES,265.6982396,2719.1816331,111.2875461
427600,4376100,C&DOH,13.12336,10000,7.53,75.11,427600 4376100,4,Suitable,dodgerblue,YES,265.6982396,2719.1816331,111.2875461
427600,4376100,C&DOH,11.48294,10000,7.53,75.11,427600 4376100,3.5,Suitable,dodgerblue,YES,265.6982396,2719.1816331,111.2875461
427600,4376100,C&DOH,3.28084,10000,7.53,75.2,427600 4376100,1,Suitable,dodgerblue,YES,265.6982396,2719.1816331,111.2875461
427600,4376100,C&DOH,4.92126,10000,7.53,75.2,427600 4376100,1.5,Suitable,dodgerblue,YES,265.6982396,2719.1816331,111.2875461
427600,4376100,C&DOH,8.2021,10000,7.53,75.2,427600 4376100,2.5,Suitable,dodgerblue,YES,265.6982396,2719.1816331,111.2875461
427600,4376100,C&DOH,14.76378,10000,7.53,75.11,427600 4376100,4.5,Suitable,dodgerblue,YES,265.6982396,2719.1816331,111.2875461
427900,4376100,C&DOH,3.28084,10000,7.52,75.15,427900 4376100,1,Suitable,dodgerblue,YES,265.8846509,2719.1816331,111.2875461
427900,4376100,C&DOH,11.48294,10000,7.52,75.08,427900 4376100,3.5,Suitable,dodgerblue,YES,265.8846509,2719.1816331,111.2875461
427900,4376100,C&DOH,14.76378,10000,7.52,75.08,427900 4376100,4.5,Suitable,dodgerblue,YES,265.8846509,2719.1816331,111.2875461
427900,4376100,C&DOH,6.56168,10000,7.52,75.15,427900 4376100,2,Suitable,dodgerblue,YES,265.8846509,2719.1816331,111.2875461
427900,4376100,C&DOH,4.92126,10000,7.52,75.15,427900 4376100,1.5,Suitable,dodgerblue,YES,265.8846509,2719.1816331,111.2875461
427900,4376100,C&DOH,0,10000,7.63,75.18,427900 4376100,0,Suitable,dodgerblue,YES,265.8846509,2719.1816331,111.2875461
427900,4376100,C&DOH,1.64042,10000,7.57,75.17,427900 4376100,0.5,Suitable,dodgerblue,YES,265.8846509,2719.1816331,111.2875461
427900,4376100,C&DOH,9.84252,10000,7.52,75.08,427900 4376100,3,Suitable,dodgerblue,YES,265.8846509,2719.1816331,111.2875461
427900,4376100,C&DOH,16.4042,10000,7.52,75.08,427900 4376100,5,Suitable,dodgerblue,YES,265.8846509,2719.1816331,111.2875461
427900,4376100,C&DOH,13.12336,10000,7.52,75.08,427900 4376100,4,Suitable,dodgerblue,YES,265.8846509,2719.1816331,111.2875461
427900,4376100,C&DOH,8.2021,10000,7.52,75.15,427900 4376100,2.5,Suitable,dodgerblue,YES,265.8846509,2719.1816331,111.2875461
428200,4376100,C&DOH,0,10000,7.62,75.13,428200 4376100,0,Suitable,dodgerblue,YES,266.0710622,2719.1816331,111.2875461
428200,4376100,C&DOH,9.84252,10000,7.52,75.06,428200 4376100,3,Suitable,dodgerblue,YES,266.0710622,2719.1816331,111.2875461
428200,4376100,C&DOH,3.28084,10000,7.52,75.11,428200 4376100,1,Suitable,dodgerblue,YES,266.0710622,2719.1816331,111.2875461
428200,4376100,C&DOH,11.48294,10000,7.52,75.06,428200 4376100,3.5,Suitable,dodgerblue,YES,266.0710622,2719.1816331,111.2875461
428200,4376100,C&DOH,4.92126,10000,7.51,75.11,428200 4376100,1.5,Suitable,dodgerblue,YES,266.0710622,2719.1816331,111.2875461
428200,4376100,C&DOH,8.2021,10000,7.52,75.11,428200 4376100,2.5,Suitable,dodgerblue,YES,266.0710622,2719.1816331,111.2875461
428200,4376100,C&DOH,16.4042,10000,7.52,75.06,428200 4376100,5,Suitable,dodgerblue,YES,266.0710622,2719.1816331,111.2875461
428200,4376100,C&DOH,13.12336,10000,7.52,75.06,428200 4376100,4,Suitable,dodgerblue,YES,266.0710622,2719.1816331,111.2875461
428200,4376100,C&DOH,6.56168,10000,7.51,75.11,428200 4376100,2,Suitable,dodgerblue,YES,266.0710622,2719.1816331,111.2875461
428200,4376100,C&DOH,1.64042,10000,7.57,75.12,428200 4376100,0.5,Suitable,dodgerblue,YES,266.0710622,2719.1816331,111.2875461
428200,4376100,C&DOH,14.76378,10000,7.52,75.06,428200 4376100,4.5,Suitable,dodgerblue,YES,266.0710622,2719.1816331,111.2875461
