UTMX,UTMY,Segment,Sdepth,volume_m,DO,Wtemp,uniqueID,Sdepthm,habitat,color,keep,milesX,milesY,distfrommouth
375000,4266000,CB4MH,4.92126,1e+06,10.03,53.5,375000 4266000,1.5,Suitable,dodgerblue,YES,233.014125,2650.768686,42.8745989999998
375000,4266000,CB4MH,31.16798,1e+06,9.27,53.4,375000 4266000,9.5,Suitable,dodgerblue,YES,233.014125,2650.768686,42.8745989999998
375000,4266000,CB4MH,57.4147,1e+06,7.49,56.8,375000 4266000,17.5,Suitable,dodgerblue,YES,233.014125,2650.768686,42.8745989999998
375000,4266000,CB4MH,63.97638,1e+06,7.31,57.1,375000 4266000,19.5,Suitable,dodgerblue,YES,233.014125,2650.768686,42.8745989999998
375000,4266000,CB4MH,11.48294,1e+06,9.84,53.4,375000 4266000,3.5,Suitable,dodgerblue,YES,233.014125,2650.768686,42.8745989999998
375000,4266000,CB4MH,41.0105,1e+06,8.86,53.8,375000 4266000,12.5,Suitable,dodgerblue,YES,233.014125,2650.768686,42.8745989999998
375000,4266000,CB4MH,47.57218,1e+06,8.03,55.8,375000 4266000,14.5,Suitable,dodgerblue,YES,233.014125,2650.768686,42.8745989999998
375000,4266000,CB4MH,18.04462,1e+06,9.57,53.4,375000 4266000,5.5,Suitable,dodgerblue,YES,233.014125,2650.768686,42.8745989999998
375000,4266000,CB4MH,34.44882,1e+06,9.1,53.7,375000 4266000,10.5,Suitable,dodgerblue,YES,233.014125,2650.768686,42.8745989999998
375000,4266000,CB4MH,67.25722,1e+06,7.25,57.2,375000 4266000,20.5,Suitable,dodgerblue,YES,233.014125,2650.768686,42.8745989999998
375000,4266000,CB4MH,54.13386,1e+06,7.58,56.7,375000 4266000,16.5,Suitable,dodgerblue,YES,233.014125,2650.768686,42.8745989999998
375000,4266000,CB4MH,14.76378,1e+06,9.75,53.4,375000 4266000,4.5,Suitable,dodgerblue,YES,233.014125,2650.768686,42.8745989999998
375000,4266000,CB4MH,44.29134,1e+06,8.61,54.5,375000 4266000,13.5,Suitable,dodgerblue,YES,233.014125,2650.768686,42.8745989999998
375000,4266000,CB4MH,27.88714,1e+06,9.37,53.4,375000 4266000,8.5,Suitable,dodgerblue,YES,233.014125,2650.768686,42.8745989999998
375000,4266000,CB4MH,21.32546,1e+06,9.43,53.4,375000 4266000,6.5,Suitable,dodgerblue,YES,233.014125,2650.768686,42.8745989999998
375000,4266000,CB4MH,37.72966,1e+06,8.96,53.8,375000 4266000,11.5,Suitable,dodgerblue,YES,233.014125,2650.768686,42.8745989999998
375000,4266000,CB4MH,8.2021,1e+06,9.94,53.4,375000 4266000,2.5,Suitable,dodgerblue,YES,233.014125,2650.768686,42.8745989999998
375000,4266000,CB4MH,24.6063,1e+06,9.42,53.4,375000 4266000,7.5,Suitable,dodgerblue,YES,233.014125,2650.768686,42.8745989999998
375000,4266000,CB4MH,1.64042,1e+06,10.08,53.5,375000 4266000,0.5,Suitable,dodgerblue,YES,233.014125,2650.768686,42.8745989999998
375000,4266000,CB4MH,50.85302,1e+06,7.63,56.5,375000 4266000,15.5,Suitable,dodgerblue,YES,233.014125,2650.768686,42.8745989999998
375000,4266000,CB4MH,60.69554,1e+06,7.39,57,375000 4266000,18.5,Suitable,dodgerblue,YES,233.014125,2650.768686,42.8745989999998
375000,4267000,CB4MH,63.97638,1e+06,7.29,57.2,375000 4267000,19.5,Suitable,dodgerblue,YES,233.014125,2651.390057,43.49597
375000,4267000,CB4MH,44.29134,1e+06,8.61,54.5,375000 4267000,13.5,Suitable,dodgerblue,YES,233.014125,2651.390057,43.49597
375000,4267000,CB4MH,14.76378,1e+06,9.75,53.5,375000 4267000,4.5,Suitable,dodgerblue,YES,233.014125,2651.390057,43.49597
375000,4267000,CB4MH,1.64042,1e+06,10.09,53.7,375000 4267000,0.5,Suitable,dodgerblue,YES,233.014125,2651.390057,43.49597
375000,4267000,CB4MH,4.92126,1e+06,10.04,53.7,375000 4267000,1.5,Suitable,dodgerblue,YES,233.014125,2651.390057,43.49597
375000,4267000,CB4MH,21.32546,1e+06,9.41,53.5,375000 4267000,6.5,Suitable,dodgerblue,YES,233.014125,2651.390057,43.49597
375000,4267000,CB4MH,37.72966,1e+06,8.95,53.8,375000 4267000,11.5,Suitable,dodgerblue,YES,233.014125,2651.390057,43.49597
375000,4267000,CB4MH,41.0105,1e+06,8.86,53.8,375000 4267000,12.5,Suitable,dodgerblue,YES,233.014125,2651.390057,43.49597
375000,4267000,CB4MH,47.57218,1e+06,8.01,55.9,375000 4267000,14.5,Suitable,dodgerblue,YES,233.014125,2651.390057,43.49597
375000,4267000,CB4MH,70.53806,1e+06,7.21,57.4,375000 4267000,21.5,Suitable,dodgerblue,YES,233.014125,2651.390057,43.49597
375000,4267000,CB4MH,18.04462,1e+06,9.56,53.5,375000 4267000,5.5,Suitable,dodgerblue,YES,233.014125,2651.390057,43.49597
375000,4267000,CB4MH,11.48294,1e+06,9.85,53.5,375000 4267000,3.5,Suitable,dodgerblue,YES,233.014125,2651.390057,43.49597
375000,4267000,CB4MH,34.44882,1e+06,9.1,53.7,375000 4267000,10.5,Suitable,dodgerblue,YES,233.014125,2651.390057,43.49597
375000,4267000,CB4MH,60.69554,1e+06,7.36,57.1,375000 4267000,18.5,Suitable,dodgerblue,YES,233.014125,2651.390057,43.49597
375000,4267000,CB4MH,31.16798,1e+06,9.26,53.5,375000 4267000,9.5,Suitable,dodgerblue,YES,233.014125,2651.390057,43.49597
375000,4267000,CB4MH,24.6063,1e+06,9.41,53.5,375000 4267000,7.5,Suitable,dodgerblue,YES,233.014125,2651.390057,43.49597
375000,4267000,CB4MH,54.13386,1e+06,7.55,56.8,375000 4267000,16.5,Suitable,dodgerblue,YES,233.014125,2651.390057,43.49597
375000,4267000,CB4MH,67.25722,1e+06,7.23,57.3,375000 4267000,20.5,Suitable,dodgerblue,YES,233.014125,2651.390057,43.49597
375000,4267000,CB4MH,27.88714,1e+06,9.36,53.5,375000 4267000,8.5,Suitable,dodgerblue,YES,233.014125,2651.390057,43.49597
375000,4267000,CB4MH,50.85302,1e+06,7.6,56.6,375000 4267000,15.5,Suitable,dodgerblue,YES,233.014125,2651.390057,43.49597
375000,4267000,CB4MH,8.2021,1e+06,9.94,53.6,375000 4267000,2.5,Suitable,dodgerblue,YES,233.014125,2651.390057,43.49597
375000,4267000,CB4MH,57.4147,1e+06,7.47,56.9,375000 4267000,17.5,Suitable,dodgerblue,YES,233.014125,2651.390057,43.49597
375000,4268000,CB4MH,31.16798,1e+06,9.25,53.6,375000 4268000,9.5,Suitable,dodgerblue,YES,233.014125,2652.011428,44.1173410000001
375000,4268000,CB4MH,18.04462,1e+06,9.55,53.6,375000 4268000,5.5,Suitable,dodgerblue,YES,233.014125,2652.011428,44.1173410000001
375000,4268000,CB4MH,34.44882,1e+06,9.1,53.7,375000 4268000,10.5,Suitable,dodgerblue,YES,233.014125,2652.011428,44.1173410000001
375000,4268000,CB4MH,21.32546,1e+06,9.4,53.6,375000 4268000,6.5,Suitable,dodgerblue,YES,233.014125,2652.011428,44.1173410000001
375000,4268000,CB4MH,24.6063,1e+06,9.4,53.6,375000 4268000,7.5,Suitable,dodgerblue,YES,233.014125,2652.011428,44.1173410000001
375000,4268000,CB4MH,63.97638,1e+06,7.28,57.2,375000 4268000,19.5,Suitable,dodgerblue,YES,233.014125,2652.011428,44.1173410000001
375000,4268000,CB4MH,11.48294,1e+06,9.85,53.6,375000 4268000,3.5,Suitable,dodgerblue,YES,233.014125,2652.011428,44.1173410000001
375000,4268000,CB4MH,44.29134,1e+06,8.6,54.5,375000 4268000,13.5,Suitable,dodgerblue,YES,233.014125,2652.011428,44.1173410000001
375000,4268000,CB4MH,14.76378,1e+06,9.75,53.6,375000 4268000,4.5,Suitable,dodgerblue,YES,233.014125,2652.011428,44.1173410000001
375000,4268000,CB4MH,67.25722,1e+06,7.22,57.3,375000 4268000,20.5,Suitable,dodgerblue,YES,233.014125,2652.011428,44.1173410000001
375000,4268000,CB4MH,77.09974,1e+06,7.2,57.4,375000 4268000,23.5,Suitable,dodgerblue,YES,233.014125,2652.011428,44.1173410000001
375000,4268000,CB4MH,1.64042,1e+06,10.1,53.8,375000 4268000,0.5,Suitable,dodgerblue,YES,233.014125,2652.011428,44.1173410000001
375000,4268000,CB4MH,41.0105,1e+06,8.85,53.8,375000 4268000,12.5,Suitable,dodgerblue,YES,233.014125,2652.011428,44.1173410000001
375000,4268000,CB4MH,4.92126,1e+06,10.05,53.8,375000 4268000,1.5,Suitable,dodgerblue,YES,233.014125,2652.011428,44.1173410000001
375000,4268000,CB4MH,60.69554,1e+06,7.35,57.1,375000 4268000,18.5,Suitable,dodgerblue,YES,233.014125,2652.011428,44.1173410000001
375000,4268000,CB4MH,27.88714,1e+06,9.35,53.6,375000 4268000,8.5,Suitable,dodgerblue,YES,233.014125,2652.011428,44.1173410000001
375000,4268000,CB4MH,50.85302,1e+06,7.58,56.6,375000 4268000,15.5,Suitable,dodgerblue,YES,233.014125,2652.011428,44.1173410000001
375000,4268000,CB4MH,47.57218,1e+06,8,55.9,375000 4268000,14.5,Suitable,dodgerblue,YES,233.014125,2652.011428,44.1173410000001
375000,4268000,CB4MH,73.8189,1e+06,7.2,57.4,375000 4268000,22.5,Suitable,dodgerblue,YES,233.014125,2652.011428,44.1173410000001
375000,4268000,CB4MH,54.13386,1e+06,7.53,56.8,375000 4268000,16.5,Suitable,dodgerblue,YES,233.014125,2652.011428,44.1173410000001
375000,4268000,CB4MH,57.4147,1e+06,7.45,56.9,375000 4268000,17.5,Suitable,dodgerblue,YES,233.014125,2652.011428,44.1173410000001
375000,4268000,CB4MH,37.72966,1e+06,8.95,53.8,375000 4268000,11.5,Suitable,dodgerblue,YES,233.014125,2652.011428,44.1173410000001
375000,4268000,CB4MH,70.53806,1e+06,7.2,57.4,375000 4268000,21.5,Suitable,dodgerblue,YES,233.014125,2652.011428,44.1173410000001
375000,4268000,CB4MH,8.2021,1e+06,9.95,53.7,375000 4268000,2.5,Suitable,dodgerblue,YES,233.014125,2652.011428,44.1173410000001
375000,4269000,CB4MH,37.72966,1e+06,8.95,53.8,375000 4269000,11.5,Suitable,dodgerblue,YES,233.014125,2652.632799,44.7387119999999
375000,4269000,CB4MH,11.48294,1e+06,9.85,53.6,375000 4269000,3.5,Suitable,dodgerblue,YES,233.014125,2652.632799,44.7387119999999
375000,4269000,CB4MH,50.85302,1e+06,7.58,56.6,375000 4269000,15.5,Suitable,dodgerblue,YES,233.014125,2652.632799,44.7387119999999
375000,4269000,CB4MH,57.4147,1e+06,7.45,56.9,375000 4269000,17.5,Suitable,dodgerblue,YES,233.014125,2652.632799,44.7387119999999
375000,4269000,CB4MH,47.57218,1e+06,8,55.9,375000 4269000,14.5,Suitable,dodgerblue,YES,233.014125,2652.632799,44.7387119999999
375000,4269000,CB4MH,54.13386,1e+06,7.53,56.8,375000 4269000,16.5,Suitable,dodgerblue,YES,233.014125,2652.632799,44.7387119999999
375000,4269000,CB4MH,73.8189,1e+06,7.2,57.4,375000 4269000,22.5,Suitable,dodgerblue,YES,233.014125,2652.632799,44.7387119999999
375000,4269000,CB4MH,24.6063,1e+06,9.4,53.6,375000 4269000,7.5,Suitable,dodgerblue,YES,233.014125,2652.632799,44.7387119999999
375000,4269000,CB4MH,44.29134,1e+06,8.6,54.5,375000 4269000,13.5,Suitable,dodgerblue,YES,233.014125,2652.632799,44.7387119999999
375000,4269000,CB4MH,1.64042,1e+06,10.1,53.8,375000 4269000,0.5,Suitable,dodgerblue,YES,233.014125,2652.632799,44.7387119999999
375000,4269000,CB4MH,67.25722,1e+06,7.22,57.3,375000 4269000,20.5,Suitable,dodgerblue,YES,233.014125,2652.632799,44.7387119999999
375000,4269000,CB4MH,60.69554,1e+06,7.35,57.1,375000 4269000,18.5,Suitable,dodgerblue,YES,233.014125,2652.632799,44.7387119999999
375000,4269000,CB4MH,41.0105,1e+06,8.85,53.8,375000 4269000,12.5,Suitable,dodgerblue,YES,233.014125,2652.632799,44.7387119999999
375000,4269000,CB4MH,31.16798,1e+06,9.25,53.6,375000 4269000,9.5,Suitable,dodgerblue,YES,233.014125,2652.632799,44.7387119999999
375000,4269000,CB4MH,70.53806,1e+06,7.2,57.4,375000 4269000,21.5,Suitable,dodgerblue,YES,233.014125,2652.632799,44.7387119999999
375000,4269000,CB4MH,18.04462,1e+06,9.55,53.6,375000 4269000,5.5,Suitable,dodgerblue,YES,233.014125,2652.632799,44.7387119999999
375000,4269000,CB4MH,27.88714,1e+06,9.35,53.6,375000 4269000,8.5,Suitable,dodgerblue,YES,233.014125,2652.632799,44.7387119999999
375000,4269000,CB4MH,8.2021,1e+06,9.95,53.7,375000 4269000,2.5,Suitable,dodgerblue,YES,233.014125,2652.632799,44.7387119999999
375000,4269000,CB4MH,14.76378,1e+06,9.75,53.6,375000 4269000,4.5,Suitable,dodgerblue,YES,233.014125,2652.632799,44.7387119999999
375000,4269000,CB4MH,4.92126,1e+06,10.05,53.8,375000 4269000,1.5,Suitable,dodgerblue,YES,233.014125,2652.632799,44.7387119999999
375000,4269000,CB4MH,34.44882,1e+06,9.1,53.7,375000 4269000,10.5,Suitable,dodgerblue,YES,233.014125,2652.632799,44.7387119999999
375000,4269000,CB4MH,63.97638,1e+06,7.28,57.2,375000 4269000,19.5,Suitable,dodgerblue,YES,233.014125,2652.632799,44.7387119999999
375000,4269000,CB4MH,21.32546,1e+06,9.4,53.6,375000 4269000,6.5,Suitable,dodgerblue,YES,233.014125,2652.632799,44.7387119999999
375000,4270000,CB4MH,8.2021,1e+06,9.95,53.6,375000 4270000,2.5,Suitable,dodgerblue,YES,233.014125,2653.25417,45.360083
375000,4270000,CB4MH,1.64042,1e+06,10.1,53.7,375000 4270000,0.5,Suitable,dodgerblue,YES,233.014125,2653.25417,45.360083
375000,4270000,CB4MH,14.76378,1e+06,9.75,53.5,375000 4270000,4.5,Suitable,dodgerblue,YES,233.014125,2653.25417,45.360083
375000,4270000,CB4MH,47.57218,1e+06,8.02,55.9,375000 4270000,14.5,Suitable,dodgerblue,YES,233.014125,2653.25417,45.360083
375000,4270000,CB4MH,41.0105,1e+06,8.86,53.8,375000 4270000,12.5,Suitable,dodgerblue,YES,233.014125,2653.25417,45.360083
375000,4270000,CB4MH,11.48294,1e+06,9.85,53.5,375000 4270000,3.5,Suitable,dodgerblue,YES,233.014125,2653.25417,45.360083
375000,4270000,CB4MH,18.04462,1e+06,9.56,53.5,375000 4270000,5.5,Suitable,dodgerblue,YES,233.014125,2653.25417,45.360083
375000,4270000,CB4MH,4.92126,1e+06,10.05,53.7,375000 4270000,1.5,Suitable,dodgerblue,YES,233.014125,2653.25417,45.360083
375000,4270000,CB4MH,34.44882,1e+06,9.1,53.7,375000 4270000,10.5,Suitable,dodgerblue,YES,233.014125,2653.25417,45.360083
375000,4270000,CB4MH,27.88714,1e+06,9.36,53.5,375000 4270000,8.5,Suitable,dodgerblue,YES,233.014125,2653.25417,45.360083
375000,4270000,CB4MH,24.6063,1e+06,9.41,53.5,375000 4270000,7.5,Suitable,dodgerblue,YES,233.014125,2653.25417,45.360083
375000,4270000,CB4MH,31.16798,1e+06,9.26,53.5,375000 4270000,9.5,Suitable,dodgerblue,YES,233.014125,2653.25417,45.360083
375000,4270000,CB4MH,67.25722,1e+06,7.23,57.3,375000 4270000,20.5,Suitable,dodgerblue,YES,233.014125,2653.25417,45.360083
375000,4270000,CB4MH,57.4147,1e+06,7.47,56.9,375000 4270000,17.5,Suitable,dodgerblue,YES,233.014125,2653.25417,45.360083
375000,4270000,CB4MH,44.29134,1e+06,8.61,54.5,375000 4270000,13.5,Suitable,dodgerblue,YES,233.014125,2653.25417,45.360083
375000,4270000,CB4MH,21.32546,1e+06,9.42,53.5,375000 4270000,6.5,Suitable,dodgerblue,YES,233.014125,2653.25417,45.360083
375000,4270000,CB4MH,50.85302,1e+06,7.6,56.6,375000 4270000,15.5,Suitable,dodgerblue,YES,233.014125,2653.25417,45.360083
375000,4270000,CB4MH,37.72966,1e+06,8.96,53.8,375000 4270000,11.5,Suitable,dodgerblue,YES,233.014125,2653.25417,45.360083
375000,4270000,CB4MH,54.13386,1e+06,7.55,56.7,375000 4270000,16.5,Suitable,dodgerblue,YES,233.014125,2653.25417,45.360083
375000,4270000,CB4MH,63.97638,1e+06,7.29,57.2,375000 4270000,19.5,Suitable,dodgerblue,YES,233.014125,2653.25417,45.360083
375000,4270000,CB4MH,60.69554,1e+06,7.37,57.1,375000 4270000,18.5,Suitable,dodgerblue,YES,233.014125,2653.25417,45.360083
375000,4271000,CB4MH,37.72966,1e+06,8.98,53.8,375000 4271000,11.5,Suitable,dodgerblue,YES,233.014125,2653.875541,45.9814539999998
375000,4271000,CB4MH,44.29134,1e+06,8.63,54.5,375000 4271000,13.5,Suitable,dodgerblue,YES,233.014125,2653.875541,45.9814539999998
375000,4271000,CB4MH,54.13386,1e+06,7.61,56.6,375000 4271000,16.5,Suitable,dodgerblue,YES,233.014125,2653.875541,45.9814539999998
375000,4271000,CB4MH,60.69554,1e+06,7.41,57,375000 4271000,18.5,Suitable,dodgerblue,YES,233.014125,2653.875541,45.9814539999998
375000,4271000,CB4MH,50.85302,1e+06,7.66,56.4,375000 4271000,15.5,Suitable,dodgerblue,YES,233.014125,2653.875541,45.9814539999998
375000,4271000,CB4MH,1.64042,1e+06,10.09,53.5,375000 4271000,0.5,Suitable,dodgerblue,YES,233.014125,2653.875541,45.9814539999998
375000,4271000,CB4MH,14.76378,1e+06,9.76,53.3,375000 4271000,4.5,Suitable,dodgerblue,YES,233.014125,2653.875541,45.9814539999998
375000,4271000,CB4MH,41.0105,1e+06,8.88,53.8,375000 4271000,12.5,Suitable,dodgerblue,YES,233.014125,2653.875541,45.9814539999998
375000,4271000,CB4MH,31.16798,1e+06,9.27,53.4,375000 4271000,9.5,Suitable,dodgerblue,YES,233.014125,2653.875541,45.9814539999998
375000,4271000,CB4MH,11.48294,1e+06,9.85,53.3,375000 4271000,3.5,Suitable,dodgerblue,YES,233.014125,2653.875541,45.9814539999998
375000,4271000,CB4MH,8.2021,1e+06,9.94,53.4,375000 4271000,2.5,Suitable,dodgerblue,YES,233.014125,2653.875541,45.9814539999998
375000,4271000,CB4MH,18.04462,1e+06,9.59,53.3,375000 4271000,5.5,Suitable,dodgerblue,YES,233.014125,2653.875541,45.9814539999998
375000,4271000,CB4MH,24.6063,1e+06,9.42,53.4,375000 4271000,7.5,Suitable,dodgerblue,YES,233.014125,2653.875541,45.9814539999998
375000,4271000,CB4MH,27.88714,1e+06,9.36,53.4,375000 4271000,8.5,Suitable,dodgerblue,YES,233.014125,2653.875541,45.9814539999998
375000,4271000,CB4MH,34.44882,1e+06,9.12,53.7,375000 4271000,10.5,Suitable,dodgerblue,YES,233.014125,2653.875541,45.9814539999998
375000,4271000,CB4MH,67.25722,1e+06,7.25,57.2,375000 4271000,20.5,Suitable,dodgerblue,YES,233.014125,2653.875541,45.9814539999998
375000,4271000,CB4MH,57.4147,1e+06,7.52,56.7,375000 4271000,17.5,Suitable,dodgerblue,YES,233.014125,2653.875541,45.9814539999998
375000,4271000,CB4MH,4.92126,1e+06,10.04,53.5,375000 4271000,1.5,Suitable,dodgerblue,YES,233.014125,2653.875541,45.9814539999998
375000,4271000,CB4MH,63.97638,1e+06,7.32,57.1,375000 4271000,19.5,Suitable,dodgerblue,YES,233.014125,2653.875541,45.9814539999998
375000,4271000,CB4MH,21.32546,1e+06,9.45,53.3,375000 4271000,6.5,Suitable,dodgerblue,YES,233.014125,2653.875541,45.9814539999998
375000,4271000,CB4MH,47.57218,1e+06,8.06,55.8,375000 4271000,14.5,Suitable,dodgerblue,YES,233.014125,2653.875541,45.9814539999998
375000,4272000,CB4MH,50.85302,1e+06,7.75,56.3,375000 4272000,15.5,Suitable,dodgerblue,YES,233.014125,2654.496912,46.6028249999999
375000,4272000,CB4MH,63.97638,1e+06,7.37,56.9,375000 4272000,19.5,Suitable,dodgerblue,YES,233.014125,2654.496912,46.6028249999999
375000,4272000,CB4MH,8.2021,1e+06,9.93,53.2,375000 4272000,2.5,Suitable,dodgerblue,YES,233.014125,2654.496912,46.6028249999999
375000,4272000,CB4MH,31.16798,1e+06,9.29,53.3,375000 4272000,9.5,Suitable,dodgerblue,YES,233.014125,2654.496912,46.6028249999999
375000,4272000,CB4MH,34.44882,1e+06,9.14,53.7,375000 4272000,10.5,Suitable,dodgerblue,YES,233.014125,2654.496912,46.6028249999999
375000,4272000,CB4MH,21.32546,1e+06,9.48,53.2,375000 4272000,6.5,Suitable,dodgerblue,YES,233.014125,2654.496912,46.6028249999999
375000,4272000,CB4MH,41.0105,1e+06,8.91,53.8,375000 4272000,12.5,Suitable,dodgerblue,YES,233.014125,2654.496912,46.6028249999999
375000,4272000,CB4MH,4.92126,1e+06,10.03,53.3,375000 4272000,1.5,Suitable,dodgerblue,YES,233.014125,2654.496912,46.6028249999999
375000,4272000,CB4MH,37.72966,1e+06,9.01,53.8,375000 4272000,11.5,Suitable,dodgerblue,YES,233.014125,2654.496912,46.6028249999999
375000,4272000,CB4MH,57.4147,1e+06,7.6,56.6,375000 4272000,17.5,Suitable,dodgerblue,YES,233.014125,2654.496912,46.6028249999999
375000,4272000,CB4MH,67.25722,1e+06,7.28,57.1,375000 4272000,20.5,Suitable,dodgerblue,YES,233.014125,2654.496912,46.6028249999999
375000,4272000,CB4MH,14.76378,1e+06,9.77,53.2,375000 4272000,4.5,Suitable,dodgerblue,YES,233.014125,2654.496912,46.6028249999999
375000,4272000,CB4MH,27.88714,1e+06,9.37,53.3,375000 4272000,8.5,Suitable,dodgerblue,YES,233.014125,2654.496912,46.6028249999999
375000,4272000,CB4MH,24.6063,1e+06,9.43,53.3,375000 4272000,7.5,Suitable,dodgerblue,YES,233.014125,2654.496912,46.6028249999999
375000,4272000,CB4MH,47.57218,1e+06,8.12,55.7,375000 4272000,14.5,Suitable,dodgerblue,YES,233.014125,2654.496912,46.6028249999999
375000,4272000,CB4MH,18.04462,1e+06,9.62,53.2,375000 4272000,5.5,Suitable,dodgerblue,YES,233.014125,2654.496912,46.6028249999999
375000,4272000,CB4MH,11.48294,1e+06,9.84,53.2,375000 4272000,3.5,Suitable,dodgerblue,YES,233.014125,2654.496912,46.6028249999999
375000,4272000,CB4MH,1.64042,1e+06,10.08,53.3,375000 4272000,0.5,Suitable,dodgerblue,YES,233.014125,2654.496912,46.6028249999999
375000,4272000,CB4MH,44.29134,1e+06,8.67,54.4,375000 4272000,13.5,Suitable,dodgerblue,YES,233.014125,2654.496912,46.6028249999999
375000,4272000,CB4MH,60.69554,1e+06,7.47,56.8,375000 4272000,18.5,Suitable,dodgerblue,YES,233.014125,2654.496912,46.6028249999999
375000,4272000,CB4MH,54.13386,1e+06,7.69,56.4,375000 4272000,16.5,Suitable,dodgerblue,YES,233.014125,2654.496912,46.6028249999999
375000,4273000,CB4MH,27.88714,1e+06,9.38,53.3,375000 4273000,8.5,Suitable,dodgerblue,YES,233.014125,2655.118283,47.2241960000001
375000,4273000,CB4MH,60.69554,1e+06,7.55,56.6,375000 4273000,18.5,Suitable,dodgerblue,YES,233.014125,2655.118283,47.2241960000001
375000,4273000,CB4MH,41.0105,1e+06,8.96,53.8,375000 4273000,12.5,Suitable,dodgerblue,YES,233.014125,2655.118283,47.2241960000001
375000,4273000,CB4MH,47.57218,1e+06,8.2,55.5,375000 4273000,14.5,Suitable,dodgerblue,YES,233.014125,2655.118283,47.2241960000001
375000,4273000,CB4MH,18.04462,1e+06,9.66,53.1,375000 4273000,5.5,Suitable,dodgerblue,YES,233.014125,2655.118283,47.2241960000001
375000,4273000,CB4MH,14.76378,1e+06,9.78,53.1,375000 4273000,4.5,Suitable,dodgerblue,YES,233.014125,2655.118283,47.2241960000001
375000,4273000,CB4MH,50.85302,1e+06,7.87,56,375000 4273000,15.5,Suitable,dodgerblue,YES,233.014125,2655.118283,47.2241960000001
375000,4273000,CB4MH,24.6063,1e+06,9.44,53.3,375000 4273000,7.5,Suitable,dodgerblue,YES,233.014125,2655.118283,47.2241960000001
375000,4273000,CB4MH,4.92126,1e+06,10.02,53.2,375000 4273000,1.5,Suitable,dodgerblue,YES,233.014125,2655.118283,47.2241960000001
375000,4273000,CB4MH,21.32546,1e+06,9.52,53.1,375000 4273000,6.5,Suitable,dodgerblue,YES,233.014125,2655.118283,47.2241960000001
375000,4273000,CB4MH,57.4147,1e+06,7.7,56.3,375000 4273000,17.5,Suitable,dodgerblue,YES,233.014125,2655.118283,47.2241960000001
375000,4273000,CB4MH,44.29134,1e+06,8.72,54.4,375000 4273000,13.5,Suitable,dodgerblue,YES,233.014125,2655.118283,47.2241960000001
375000,4273000,CB4MH,34.44882,1e+06,9.17,53.7,375000 4273000,10.5,Suitable,dodgerblue,YES,233.014125,2655.118283,47.2241960000001
375000,4273000,CB4MH,54.13386,1e+06,7.81,56.2,375000 4273000,16.5,Suitable,dodgerblue,YES,233.014125,2655.118283,47.2241960000001
375000,4273000,CB4MH,31.16798,1e+06,9.3,53.3,375000 4273000,9.5,Suitable,dodgerblue,YES,233.014125,2655.118283,47.2241960000001
375000,4273000,CB4MH,37.72966,1e+06,9.06,53.7,375000 4273000,11.5,Suitable,dodgerblue,YES,233.014125,2655.118283,47.2241960000001
375000,4273000,CB4MH,11.48294,1e+06,9.84,53.1,375000 4273000,3.5,Suitable,dodgerblue,YES,233.014125,2655.118283,47.2241960000001
375000,4273000,CB4MH,8.2021,1e+06,9.91,53.1,375000 4273000,2.5,Suitable,dodgerblue,YES,233.014125,2655.118283,47.2241960000001
375000,4273000,CB4MH,1.64042,1e+06,10.08,53.2,375000 4273000,0.5,Suitable,dodgerblue,YES,233.014125,2655.118283,47.2241960000001
375000,4286000,CB4MH,24.6063,1e+06,9.42,53.2,375000 4286000,7.5,Suitable,dodgerblue,YES,233.014125,2663.196106,55.3020189999998
375000,4286000,CB4MH,21.32546,1e+06,9.56,53,375000 4286000,6.5,Suitable,dodgerblue,YES,233.014125,2663.196106,55.3020189999998
375000,4286000,CB4MH,11.48294,1e+06,9.77,53,375000 4286000,3.5,Suitable,dodgerblue,YES,233.014125,2663.196106,55.3020189999998
375000,4286000,CB4MH,63.97638,1e+06,7.34,56.6,375000 4286000,19.5,Suitable,dodgerblue,YES,233.014125,2663.196106,55.3020189999998
375000,4286000,CB4MH,14.76378,1e+06,9.74,53,375000 4286000,4.5,Suitable,dodgerblue,YES,233.014125,2663.196106,55.3020189999998
375000,4286000,CB4MH,4.92126,1e+06,10,52.4,375000 4286000,1.5,Suitable,dodgerblue,YES,233.014125,2663.196106,55.3020189999998
375000,4286000,CB4MH,8.2021,1e+06,9.89,52.5,375000 4286000,2.5,Suitable,dodgerblue,YES,233.014125,2663.196106,55.3020189999998
375000,4286000,CB4MH,57.4147,1e+06,7.68,56.1,375000 4286000,17.5,Suitable,dodgerblue,YES,233.014125,2663.196106,55.3020189999998
375000,4286000,CB4MH,18.04462,1e+06,9.68,53,375000 4286000,5.5,Suitable,dodgerblue,YES,233.014125,2663.196106,55.3020189999998
375000,4286000,CB4MH,31.16798,1e+06,9.22,53.3,375000 4286000,9.5,Suitable,dodgerblue,YES,233.014125,2663.196106,55.3020189999998
375000,4286000,CB4MH,1.64042,1e+06,10.08,52.5,375000 4286000,0.5,Suitable,dodgerblue,YES,233.014125,2663.196106,55.3020189999998
375000,4286000,CB4MH,34.44882,1e+06,9.11,53.7,375000 4286000,10.5,Suitable,dodgerblue,YES,233.014125,2663.196106,55.3020189999998
375000,4286000,CB4MH,60.69554,1e+06,7.49,56.4,375000 4286000,18.5,Suitable,dodgerblue,YES,233.014125,2663.196106,55.3020189999998
375000,4286000,CB4MH,54.13386,1e+06,7.9,55.8,375000 4286000,16.5,Suitable,dodgerblue,YES,233.014125,2663.196106,55.3020189999998
375000,4286000,CB4MH,47.57218,1e+06,8.27,55.2,375000 4286000,14.5,Suitable,dodgerblue,YES,233.014125,2663.196106,55.3020189999998
375000,4286000,CB4MH,70.53806,1e+06,7.07,57.3,375000 4286000,21.5,Suitable,dodgerblue,YES,233.014125,2663.196106,55.3020189999998
375000,4286000,CB4MH,37.72966,1e+06,8.99,54,375000 4286000,11.5,Suitable,dodgerblue,YES,233.014125,2663.196106,55.3020189999998
375000,4286000,CB4MH,44.29134,1e+06,8.65,54.4,375000 4286000,13.5,Suitable,dodgerblue,YES,233.014125,2663.196106,55.3020189999998
375000,4286000,CB4MH,41.0105,1e+06,8.88,54,375000 4286000,12.5,Suitable,dodgerblue,YES,233.014125,2663.196106,55.3020189999998
375000,4286000,CB4MH,73.8189,1e+06,7.06,57.4,375000 4286000,22.5,Suitable,dodgerblue,YES,233.014125,2663.196106,55.3020189999998
375000,4286000,CB4MH,50.85302,1e+06,8.05,55.5,375000 4286000,15.5,Suitable,dodgerblue,YES,233.014125,2663.196106,55.3020189999998
375000,4286000,CB4MH,27.88714,1e+06,9.32,53.3,375000 4286000,8.5,Suitable,dodgerblue,YES,233.014125,2663.196106,55.3020189999998
375000,4286000,CB4MH,67.25722,1e+06,7.18,57.1,375000 4286000,20.5,Suitable,dodgerblue,YES,233.014125,2663.196106,55.3020189999998
375000,4287000,CB4MH,54.13386,1e+06,7.83,55.9,375000 4287000,16.5,Suitable,dodgerblue,YES,233.014125,2663.817477,55.9233899999999
375000,4287000,CB4MH,14.76378,1e+06,9.73,52.9,375000 4287000,4.5,Suitable,dodgerblue,YES,233.014125,2663.817477,55.9233899999999
375000,4287000,CB4MH,18.04462,1e+06,9.67,52.9,375000 4287000,5.5,Suitable,dodgerblue,YES,233.014125,2663.817477,55.9233899999999
375000,4287000,CB4MH,50.85302,1e+06,8.01,55.6,375000 4287000,15.5,Suitable,dodgerblue,YES,233.014125,2663.817477,55.9233899999999
375000,4287000,CB4MH,47.57218,1e+06,8.22,55.2,375000 4287000,14.5,Suitable,dodgerblue,YES,233.014125,2663.817477,55.9233899999999
375000,4287000,CB4MH,44.29134,1e+06,8.58,54.5,375000 4287000,13.5,Suitable,dodgerblue,YES,233.014125,2663.817477,55.9233899999999
375000,4287000,CB4MH,24.6063,1e+06,9.4,53.2,375000 4287000,7.5,Suitable,dodgerblue,YES,233.014125,2663.817477,55.9233899999999
375000,4287000,CB4MH,67.25722,1e+06,7.11,57.2,375000 4287000,20.5,Suitable,dodgerblue,YES,233.014125,2663.817477,55.9233899999999
375000,4287000,CB4MH,4.92126,1e+06,10.01,52.3,375000 4287000,1.5,Suitable,dodgerblue,YES,233.014125,2663.817477,55.9233899999999
375000,4287000,CB4MH,60.69554,1e+06,7.4,56.6,375000 4287000,18.5,Suitable,dodgerblue,YES,233.014125,2663.817477,55.9233899999999
375000,4287000,CB4MH,21.32546,1e+06,9.55,53,375000 4287000,6.5,Suitable,dodgerblue,YES,233.014125,2663.817477,55.9233899999999
375000,4287000,CB4MH,41.0105,1e+06,8.81,54.1,375000 4287000,12.5,Suitable,dodgerblue,YES,233.014125,2663.817477,55.9233899999999
375000,4287000,CB4MH,70.53806,1e+06,7,57.4,375000 4287000,21.5,Suitable,dodgerblue,YES,233.014125,2663.817477,55.9233899999999
375000,4287000,CB4MH,37.72966,1e+06,8.92,54.1,375000 4287000,11.5,Suitable,dodgerblue,YES,233.014125,2663.817477,55.9233899999999
375000,4287000,CB4MH,57.4147,1e+06,7.58,56.3,375000 4287000,17.5,Suitable,dodgerblue,YES,233.014125,2663.817477,55.9233899999999
375000,4287000,CB4MH,1.64042,1e+06,10.07,52.3,375000 4287000,0.5,Suitable,dodgerblue,YES,233.014125,2663.817477,55.9233899999999
375000,4287000,CB4MH,73.8189,1e+06,6.98,57.4,375000 4287000,22.5,Suitable,dodgerblue,YES,233.014125,2663.817477,55.9233899999999
375000,4287000,CB4MH,63.97638,1e+06,7.26,56.8,375000 4287000,19.5,Suitable,dodgerblue,YES,233.014125,2663.817477,55.9233899999999
375000,4287000,CB4MH,8.2021,1e+06,9.89,52.4,375000 4287000,2.5,Suitable,dodgerblue,YES,233.014125,2663.817477,55.9233899999999
375000,4287000,CB4MH,27.88714,1e+06,9.3,53.2,375000 4287000,8.5,Suitable,dodgerblue,YES,233.014125,2663.817477,55.9233899999999
375000,4287000,CB4MH,34.44882,1e+06,9.05,53.7,375000 4287000,10.5,Suitable,dodgerblue,YES,233.014125,2663.817477,55.9233899999999
375000,4287000,CB4MH,31.16798,1e+06,9.19,53.3,375000 4287000,9.5,Suitable,dodgerblue,YES,233.014125,2663.817477,55.9233899999999
375000,4287000,CB4MH,11.48294,1e+06,9.77,52.9,375000 4287000,3.5,Suitable,dodgerblue,YES,233.014125,2663.817477,55.9233899999999
375000,4288000,CB4MH,18.04462,1e+06,9.65,52.9,375000 4288000,5.5,Suitable,dodgerblue,YES,233.014125,2664.438848,56.5447610000001
375000,4288000,CB4MH,70.53806,1e+06,6.93,57.5,375000 4288000,21.5,Suitable,dodgerblue,YES,233.014125,2664.438848,56.5447610000001
375000,4288000,CB4MH,27.88714,1e+06,9.26,53.4,375000 4288000,8.5,Suitable,dodgerblue,YES,233.014125,2664.438848,56.5447610000001
375000,4288000,CB4MH,37.72966,1e+06,8.85,54.2,375000 4288000,11.5,Suitable,dodgerblue,YES,233.014125,2664.438848,56.5447610000001
375000,4288000,CB4MH,14.76378,1e+06,9.71,52.9,375000 4288000,4.5,Suitable,dodgerblue,YES,233.014125,2664.438848,56.5447610000001
375000,4288000,CB4MH,8.2021,1e+06,9.9,52.3,375000 4288000,2.5,Suitable,dodgerblue,YES,233.014125,2664.438848,56.5447610000001
375000,4288000,CB4MH,4.92126,1e+06,10.01,52.1,375000 4288000,1.5,Suitable,dodgerblue,YES,233.014125,2664.438848,56.5447610000001
375000,4288000,CB4MH,57.4147,1e+06,7.47,56.5,375000 4288000,17.5,Suitable,dodgerblue,YES,233.014125,2664.438848,56.5447610000001
375000,4288000,CB4MH,54.13386,1e+06,7.75,56.1,375000 4288000,16.5,Suitable,dodgerblue,YES,233.014125,2664.438848,56.5447610000001
375000,4288000,CB4MH,24.6063,1e+06,9.37,53.3,375000 4288000,7.5,Suitable,dodgerblue,YES,233.014125,2664.438848,56.5447610000001
375000,4288000,CB4MH,34.44882,1e+06,9,53.8,375000 4288000,10.5,Suitable,dodgerblue,YES,233.014125,2664.438848,56.5447610000001
375000,4288000,CB4MH,63.97638,1e+06,7.17,56.9,375000 4288000,19.5,Suitable,dodgerblue,YES,233.014125,2664.438848,56.5447610000001
375000,4288000,CB4MH,1.64042,1e+06,10.07,52.2,375000 4288000,0.5,Suitable,dodgerblue,YES,233.014125,2664.438848,56.5447610000001
375000,4288000,CB4MH,11.48294,1e+06,9.75,52.9,375000 4288000,3.5,Suitable,dodgerblue,YES,233.014125,2664.438848,56.5447610000001
375000,4288000,CB4MH,31.16798,1e+06,9.13,53.5,375000 4288000,9.5,Suitable,dodgerblue,YES,233.014125,2664.438848,56.5447610000001
375000,4288000,CB4MH,47.57218,1e+06,8.16,55.3,375000 4288000,14.5,Suitable,dodgerblue,YES,233.014125,2664.438848,56.5447610000001
375000,4288000,CB4MH,21.32546,1e+06,9.54,53,375000 4288000,6.5,Suitable,dodgerblue,YES,233.014125,2664.438848,56.5447610000001
375000,4288000,CB4MH,60.69554,1e+06,7.31,56.7,375000 4288000,18.5,Suitable,dodgerblue,YES,233.014125,2664.438848,56.5447610000001
375000,4288000,CB4MH,44.29134,1e+06,8.51,54.6,375000 4288000,13.5,Suitable,dodgerblue,YES,233.014125,2664.438848,56.5447610000001
375000,4288000,CB4MH,73.8189,1e+06,6.91,57.5,375000 4288000,22.5,Suitable,dodgerblue,YES,233.014125,2664.438848,56.5447610000001
375000,4288000,CB4MH,50.85302,1e+06,7.97,55.6,375000 4288000,15.5,Suitable,dodgerblue,YES,233.014125,2664.438848,56.5447610000001
375000,4288000,CB4MH,41.0105,1e+06,8.73,54.3,375000 4288000,12.5,Suitable,dodgerblue,YES,233.014125,2664.438848,56.5447610000001
375000,4288000,CB4MH,67.25722,1e+06,7.03,57.2,375000 4288000,20.5,Suitable,dodgerblue,YES,233.014125,2664.438848,56.5447610000001
375000,4289000,CB4MH,24.6063,1e+06,9.35,53.3,375000 4289000,7.5,Suitable,dodgerblue,YES,233.014125,2665.060219,57.1661319999998
375000,4289000,CB4MH,14.76378,1e+06,9.69,52.9,375000 4289000,4.5,Suitable,dodgerblue,YES,233.014125,2665.060219,57.1661319999998
375000,4289000,CB4MH,21.32546,1e+06,9.52,53,375000 4289000,6.5,Suitable,dodgerblue,YES,233.014125,2665.060219,57.1661319999998
375000,4289000,CB4MH,18.04462,1e+06,9.63,52.9,375000 4289000,5.5,Suitable,dodgerblue,YES,233.014125,2665.060219,57.1661319999998
375000,4289000,CB4MH,60.69554,1e+06,7.21,56.9,375000 4289000,18.5,Suitable,dodgerblue,YES,233.014125,2665.060219,57.1661319999998
375000,4289000,CB4MH,63.97638,1e+06,7.08,57,375000 4289000,19.5,Suitable,dodgerblue,YES,233.014125,2665.060219,57.1661319999998
375000,4289000,CB4MH,8.2021,1e+06,9.9,52.2,375000 4289000,2.5,Suitable,dodgerblue,YES,233.014125,2665.060219,57.1661319999998
375000,4289000,CB4MH,67.25722,1e+06,6.94,57.3,375000 4289000,20.5,Suitable,dodgerblue,YES,233.014125,2665.060219,57.1661319999998
375000,4289000,CB4MH,50.85302,1e+06,7.92,55.7,375000 4289000,15.5,Suitable,dodgerblue,YES,233.014125,2665.060219,57.1661319999998
375000,4289000,CB4MH,44.29134,1e+06,8.43,54.7,375000 4289000,13.5,Suitable,dodgerblue,YES,233.014125,2665.060219,57.1661319999998
375000,4289000,CB4MH,4.92126,1e+06,10.01,52,375000 4289000,1.5,Suitable,dodgerblue,YES,233.014125,2665.060219,57.1661319999998
375000,4289000,CB4MH,37.72966,1e+06,8.77,54.3,375000 4289000,11.5,Suitable,dodgerblue,YES,233.014125,2665.060219,57.1661319999998
375000,4289000,CB4MH,47.57218,1e+06,8.11,55.3,375000 4289000,14.5,Suitable,dodgerblue,YES,233.014125,2665.060219,57.1661319999998
375000,4289000,CB4MH,1.64042,1e+06,10.07,52.1,375000 4289000,0.5,Suitable,dodgerblue,YES,233.014125,2665.060219,57.1661319999998
375000,4289000,CB4MH,11.48294,1e+06,9.74,52.9,375000 4289000,3.5,Suitable,dodgerblue,YES,233.014125,2665.060219,57.1661319999998
375000,4289000,CB4MH,54.13386,1e+06,7.68,56.2,375000 4289000,16.5,Suitable,dodgerblue,YES,233.014125,2665.060219,57.1661319999998
375000,4289000,CB4MH,41.0105,1e+06,8.65,54.4,375000 4289000,12.5,Suitable,dodgerblue,YES,233.014125,2665.060219,57.1661319999998
375000,4289000,CB4MH,57.4147,1e+06,7.37,56.6,375000 4289000,17.5,Suitable,dodgerblue,YES,233.014125,2665.060219,57.1661319999998
375000,4289000,CB4MH,31.16798,1e+06,9.1,53.5,375000 4289000,9.5,Suitable,dodgerblue,YES,233.014125,2665.060219,57.1661319999998
375000,4289000,CB4MH,34.44882,1e+06,8.94,53.8,375000 4289000,10.5,Suitable,dodgerblue,YES,233.014125,2665.060219,57.1661319999998
375000,4289000,CB4MH,27.88714,1e+06,9.24,53.4,375000 4289000,8.5,Suitable,dodgerblue,YES,233.014125,2665.060219,57.1661319999998
376000,4263000,CB4MH,34.44882,1e+06,9.08,53.8,376000 4263000,10.5,Suitable,dodgerblue,YES,233.635496,2648.904573,41.0104860000001
376000,4263000,CB4MH,14.76378,1e+06,9.72,52.7,376000 4263000,4.5,Suitable,dodgerblue,YES,233.635496,2648.904573,41.0104860000001
376000,4263000,CB4MH,70.53806,1e+06,7.36,57.1,376000 4263000,21.5,Suitable,dodgerblue,YES,233.635496,2648.904573,41.0104860000001
376000,4263000,CB4MH,1.64042,1e+06,9.99,52.8,376000 4263000,0.5,Suitable,dodgerblue,YES,233.635496,2648.904573,41.0104860000001
376000,4263000,CB4MH,63.97638,1e+06,7.47,56.8,376000 4263000,19.5,Suitable,dodgerblue,YES,233.635496,2648.904573,41.0104860000001
376000,4263000,CB4MH,27.88714,1e+06,9.4,52.7,376000 4263000,8.5,Suitable,dodgerblue,YES,233.635496,2648.904573,41.0104860000001
376000,4263000,CB4MH,4.92126,1e+06,9.96,52.8,376000 4263000,1.5,Suitable,dodgerblue,YES,233.635496,2648.904573,41.0104860000001
376000,4263000,CB4MH,57.4147,1e+06,7.67,56.5,376000 4263000,17.5,Suitable,dodgerblue,YES,233.635496,2648.904573,41.0104860000001
376000,4263000,CB4MH,47.57218,1e+06,8.16,55.6,376000 4263000,14.5,Suitable,dodgerblue,YES,233.635496,2648.904573,41.0104860000001
376000,4263000,CB4MH,54.13386,1e+06,7.76,56.4,376000 4263000,16.5,Suitable,dodgerblue,YES,233.635496,2648.904573,41.0104860000001
376000,4263000,CB4MH,37.72966,1e+06,8.97,53.9,376000 4263000,11.5,Suitable,dodgerblue,YES,233.635496,2648.904573,41.0104860000001
376000,4263000,CB4MH,67.25722,1e+06,7.4,57,376000 4263000,20.5,Suitable,dodgerblue,YES,233.635496,2648.904573,41.0104860000001
376000,4263000,CB4MH,60.69554,1e+06,7.55,56.7,376000 4263000,18.5,Suitable,dodgerblue,YES,233.635496,2648.904573,41.0104860000001
376000,4263000,CB4MH,44.29134,1e+06,8.66,54.5,376000 4263000,13.5,Suitable,dodgerblue,YES,233.635496,2648.904573,41.0104860000001
376000,4263000,CB4MH,50.85302,1e+06,7.82,56.2,376000 4263000,15.5,Suitable,dodgerblue,YES,233.635496,2648.904573,41.0104860000001
376000,4263000,CB4MH,31.16798,1e+06,9.33,52.7,376000 4263000,9.5,Suitable,dodgerblue,YES,233.635496,2648.904573,41.0104860000001
376000,4263000,CB4MH,11.48294,1e+06,9.8,52.7,376000 4263000,3.5,Suitable,dodgerblue,YES,233.635496,2648.904573,41.0104860000001
376000,4263000,CB4MH,24.6063,1e+06,9.45,52.7,376000 4263000,7.5,Suitable,dodgerblue,YES,233.635496,2648.904573,41.0104860000001
376000,4263000,CB4MH,21.32546,1e+06,9.48,52.7,376000 4263000,6.5,Suitable,dodgerblue,YES,233.635496,2648.904573,41.0104860000001
376000,4263000,CB4MH,8.2021,1e+06,9.88,52.7,376000 4263000,2.5,Suitable,dodgerblue,YES,233.635496,2648.904573,41.0104860000001
376000,4263000,CB4MH,41.0105,1e+06,8.88,53.9,376000 4263000,12.5,Suitable,dodgerblue,YES,233.635496,2648.904573,41.0104860000001
376000,4263000,CB4MH,18.04462,1e+06,9.59,52.7,376000 4263000,5.5,Suitable,dodgerblue,YES,233.635496,2648.904573,41.0104860000001
376000,4264000,CB4MH,54.13386,1e+06,7.7,56.5,376000 4264000,16.5,Suitable,dodgerblue,YES,233.635496,2649.525944,41.6318569999999
376000,4264000,CB4MH,57.4147,1e+06,7.61,56.6,376000 4264000,17.5,Suitable,dodgerblue,YES,233.635496,2649.525944,41.6318569999999
376000,4264000,CB4MH,67.25722,1e+06,7.34,57.1,376000 4264000,20.5,Suitable,dodgerblue,YES,233.635496,2649.525944,41.6318569999999
376000,4264000,CB4MH,31.16798,1e+06,9.32,52.9,376000 4264000,9.5,Suitable,dodgerblue,YES,233.635496,2649.525944,41.6318569999999
376000,4264000,CB4MH,44.29134,1e+06,8.64,54.5,376000 4264000,13.5,Suitable,dodgerblue,YES,233.635496,2649.525944,41.6318569999999
376000,4264000,CB4MH,41.0105,1e+06,8.87,53.9,376000 4264000,12.5,Suitable,dodgerblue,YES,233.635496,2649.525944,41.6318569999999
376000,4264000,CB4MH,60.69554,1e+06,7.5,56.8,376000 4264000,18.5,Suitable,dodgerblue,YES,233.635496,2649.525944,41.6318569999999
376000,4264000,CB4MH,50.85302,1e+06,7.75,56.3,376000 4264000,15.5,Suitable,dodgerblue,YES,233.635496,2649.525944,41.6318569999999
376000,4264000,CB4MH,18.04462,1e+06,9.59,52.9,376000 4264000,5.5,Suitable,dodgerblue,YES,233.635496,2649.525944,41.6318569999999
376000,4264000,CB4MH,47.57218,1e+06,8.12,55.7,376000 4264000,14.5,Suitable,dodgerblue,YES,233.635496,2649.525944,41.6318569999999
376000,4264000,CB4MH,63.97638,1e+06,7.42,56.9,376000 4264000,19.5,Suitable,dodgerblue,YES,233.635496,2649.525944,41.6318569999999
376000,4264000,CB4MH,37.72966,1e+06,8.97,53.9,376000 4264000,11.5,Suitable,dodgerblue,YES,233.635496,2649.525944,41.6318569999999
376000,4264000,CB4MH,8.2021,1e+06,9.9,52.9,376000 4264000,2.5,Suitable,dodgerblue,YES,233.635496,2649.525944,41.6318569999999
376000,4264000,CB4MH,24.6063,1e+06,9.45,52.9,376000 4264000,7.5,Suitable,dodgerblue,YES,233.635496,2649.525944,41.6318569999999
376000,4264000,CB4MH,4.92126,1e+06,9.98,53,376000 4264000,1.5,Suitable,dodgerblue,YES,233.635496,2649.525944,41.6318569999999
376000,4264000,CB4MH,14.76378,1e+06,9.73,52.9,376000 4264000,4.5,Suitable,dodgerblue,YES,233.635496,2649.525944,41.6318569999999
376000,4264000,CB4MH,34.44882,1e+06,9.09,53.8,376000 4264000,10.5,Suitable,dodgerblue,YES,233.635496,2649.525944,41.6318569999999
376000,4264000,CB4MH,27.88714,1e+06,9.4,52.9,376000 4264000,8.5,Suitable,dodgerblue,YES,233.635496,2649.525944,41.6318569999999
376000,4264000,CB4MH,11.48294,1e+06,9.82,52.8,376000 4264000,3.5,Suitable,dodgerblue,YES,233.635496,2649.525944,41.6318569999999
376000,4264000,CB4MH,21.32546,1e+06,9.47,52.9,376000 4264000,6.5,Suitable,dodgerblue,YES,233.635496,2649.525944,41.6318569999999
376000,4264000,CB4MH,1.64042,1e+06,10.03,53,376000 4264000,0.5,Suitable,dodgerblue,YES,233.635496,2649.525944,41.6318569999999
376000,4265000,CB4MH,18.04462,1e+06,9.58,53.1,376000 4265000,5.5,Suitable,dodgerblue,YES,233.635496,2650.147315,42.253228
376000,4265000,CB4MH,41.0105,1e+06,8.87,53.8,376000 4265000,12.5,Suitable,dodgerblue,YES,233.635496,2650.147315,42.253228
376000,4265000,CB4MH,8.2021,1e+06,9.92,53.1,376000 4265000,2.5,Suitable,dodgerblue,YES,233.635496,2650.147315,42.253228
376000,4265000,CB4MH,47.57218,1e+06,8.07,55.8,376000 4265000,14.5,Suitable,dodgerblue,YES,233.635496,2650.147315,42.253228
376000,4265000,CB4MH,37.72966,1e+06,8.97,53.8,376000 4265000,11.5,Suitable,dodgerblue,YES,233.635496,2650.147315,42.253228
376000,4265000,CB4MH,11.48294,1e+06,9.83,53.1,376000 4265000,3.5,Suitable,dodgerblue,YES,233.635496,2650.147315,42.253228
376000,4265000,CB4MH,34.44882,1e+06,9.1,53.7,376000 4265000,10.5,Suitable,dodgerblue,YES,233.635496,2650.147315,42.253228
376000,4265000,CB4MH,1.64042,1e+06,10.05,53.2,376000 4265000,0.5,Suitable,dodgerblue,YES,233.635496,2650.147315,42.253228
376000,4265000,CB4MH,44.29134,1e+06,8.63,54.5,376000 4265000,13.5,Suitable,dodgerblue,YES,233.635496,2650.147315,42.253228
376000,4265000,CB4MH,57.4147,1e+06,7.53,56.7,376000 4265000,17.5,Suitable,dodgerblue,YES,233.635496,2650.147315,42.253228
376000,4265000,CB4MH,4.92126,1e+06,10.01,53.2,376000 4265000,1.5,Suitable,dodgerblue,YES,233.635496,2650.147315,42.253228
376000,4265000,CB4MH,67.25722,1e+06,7.28,57.2,376000 4265000,20.5,Suitable,dodgerblue,YES,233.635496,2650.147315,42.253228
376000,4265000,CB4MH,60.69554,1e+06,7.42,56.9,376000 4265000,18.5,Suitable,dodgerblue,YES,233.635496,2650.147315,42.253228
376000,4265000,CB4MH,54.13386,1e+06,7.62,56.6,376000 4265000,16.5,Suitable,dodgerblue,YES,233.635496,2650.147315,42.253228
376000,4265000,CB4MH,27.88714,1e+06,9.39,53.1,376000 4265000,8.5,Suitable,dodgerblue,YES,233.635496,2650.147315,42.253228
376000,4265000,CB4MH,50.85302,1e+06,7.68,56.4,376000 4265000,15.5,Suitable,dodgerblue,YES,233.635496,2650.147315,42.253228
376000,4265000,CB4MH,14.76378,1e+06,9.74,53.1,376000 4265000,4.5,Suitable,dodgerblue,YES,233.635496,2650.147315,42.253228
376000,4265000,CB4MH,31.16798,1e+06,9.3,53.1,376000 4265000,9.5,Suitable,dodgerblue,YES,233.635496,2650.147315,42.253228
376000,4265000,CB4MH,24.6063,1e+06,9.44,53.1,376000 4265000,7.5,Suitable,dodgerblue,YES,233.635496,2650.147315,42.253228
376000,4265000,CB4MH,63.97638,1e+06,7.35,57.1,376000 4265000,19.5,Suitable,dodgerblue,YES,233.635496,2650.147315,42.253228
376000,4265000,CB4MH,21.32546,1e+06,9.45,53.1,376000 4265000,6.5,Suitable,dodgerblue,YES,233.635496,2650.147315,42.253228
376000,4266000,CB4MH,18.04462,1e+06,9.57,53.3,376000 4266000,5.5,Suitable,dodgerblue,YES,233.635496,2650.768686,42.8745989999998
376000,4266000,CB4MH,8.2021,1e+06,9.93,53.3,376000 4266000,2.5,Suitable,dodgerblue,YES,233.635496,2650.768686,42.8745989999998
376000,4266000,CB4MH,27.88714,1e+06,9.37,53.3,376000 4266000,8.5,Suitable,dodgerblue,YES,233.635496,2650.768686,42.8745989999998
376000,4266000,CB4MH,1.64042,1e+06,10.07,53.4,376000 4266000,0.5,Suitable,dodgerblue,YES,233.635496,2650.768686,42.8745989999998
376000,4266000,CB4MH,37.72966,1e+06,8.96,53.8,376000 4266000,11.5,Suitable,dodgerblue,YES,233.635496,2650.768686,42.8745989999998
376000,4266000,CB4MH,57.4147,1e+06,7.5,56.8,376000 4266000,17.5,Suitable,dodgerblue,YES,233.635496,2650.768686,42.8745989999998
376000,4266000,CB4MH,67.25722,1e+06,7.25,57.2,376000 4266000,20.5,Suitable,dodgerblue,YES,233.635496,2650.768686,42.8745989999998
376000,4266000,CB4MH,21.32546,1e+06,9.44,53.3,376000 4266000,6.5,Suitable,dodgerblue,YES,233.635496,2650.768686,42.8745989999998
376000,4266000,CB4MH,24.6063,1e+06,9.42,53.3,376000 4266000,7.5,Suitable,dodgerblue,YES,233.635496,2650.768686,42.8745989999998
376000,4266000,CB4MH,34.44882,1e+06,9.1,53.7,376000 4266000,10.5,Suitable,dodgerblue,YES,233.635496,2650.768686,42.8745989999998
376000,4266000,CB4MH,54.13386,1e+06,7.58,56.7,376000 4266000,16.5,Suitable,dodgerblue,YES,233.635496,2650.768686,42.8745989999998
376000,4266000,CB4MH,4.92126,1e+06,10.03,53.4,376000 4266000,1.5,Suitable,dodgerblue,YES,233.635496,2650.768686,42.8745989999998
376000,4266000,CB4MH,14.76378,1e+06,9.75,53.3,376000 4266000,4.5,Suitable,dodgerblue,YES,233.635496,2650.768686,42.8745989999998
376000,4266000,CB4MH,63.97638,1e+06,7.32,57.1,376000 4266000,19.5,Suitable,dodgerblue,YES,233.635496,2650.768686,42.8745989999998
376000,4266000,CB4MH,31.16798,1e+06,9.28,53.3,376000 4266000,9.5,Suitable,dodgerblue,YES,233.635496,2650.768686,42.8745989999998
376000,4266000,CB4MH,11.48294,1e+06,9.84,53.3,376000 4266000,3.5,Suitable,dodgerblue,YES,233.635496,2650.768686,42.8745989999998
376000,4266000,CB4MH,47.57218,1e+06,8.04,55.8,376000 4266000,14.5,Suitable,dodgerblue,YES,233.635496,2650.768686,42.8745989999998
376000,4266000,CB4MH,60.69554,1e+06,7.39,57,376000 4266000,18.5,Suitable,dodgerblue,YES,233.635496,2650.768686,42.8745989999998
376000,4266000,CB4MH,44.29134,1e+06,8.62,54.5,376000 4266000,13.5,Suitable,dodgerblue,YES,233.635496,2650.768686,42.8745989999998
376000,4266000,CB4MH,50.85302,1e+06,7.64,56.5,376000 4266000,15.5,Suitable,dodgerblue,YES,233.635496,2650.768686,42.8745989999998
376000,4266000,CB4MH,41.0105,1e+06,8.86,53.8,376000 4266000,12.5,Suitable,dodgerblue,YES,233.635496,2650.768686,42.8745989999998
376000,4274000,CB4MH,50.85302,1e+06,8.02,55.7,376000 4274000,15.5,Suitable,dodgerblue,YES,233.635496,2655.739654,47.8455669999998
376000,4274000,CB4MH,86.94226,1e+06,7.08,57.2,376000 4274000,26.5,Suitable,dodgerblue,YES,233.635496,2655.739654,47.8455669999998
376000,4274000,CB4MH,57.4147,1e+06,7.82,56,376000 4274000,17.5,Suitable,dodgerblue,YES,233.635496,2655.739654,47.8455669999998
376000,4274000,CB4MH,44.29134,1e+06,8.77,54.3,376000 4274000,13.5,Suitable,dodgerblue,YES,233.635496,2655.739654,47.8455669999998
376000,4274000,CB4MH,63.97638,1e+06,7.5,56.5,376000 4274000,19.5,Suitable,dodgerblue,YES,233.635496,2655.739654,47.8455669999998
376000,4274000,CB4MH,73.8189,1e+06,7.26,57.3,376000 4274000,22.5,Suitable,dodgerblue,YES,233.635496,2655.739654,47.8455669999998
376000,4274000,CB4MH,60.69554,1e+06,7.64,56.3,376000 4274000,18.5,Suitable,dodgerblue,YES,233.635496,2655.739654,47.8455669999998
376000,4274000,CB4MH,1.64042,1e+06,10.08,53.2,376000 4274000,0.5,Suitable,dodgerblue,YES,233.635496,2655.739654,47.8455669999998
376000,4274000,CB4MH,11.48294,1e+06,9.83,53.1,376000 4274000,3.5,Suitable,dodgerblue,YES,233.635496,2655.739654,47.8455669999998
376000,4274000,CB4MH,24.6063,1e+06,9.45,53.3,376000 4274000,7.5,Suitable,dodgerblue,YES,233.635496,2655.739654,47.8455669999998
376000,4274000,CB4MH,4.92126,1e+06,10.01,53.1,376000 4274000,1.5,Suitable,dodgerblue,YES,233.635496,2655.739654,47.8455669999998
376000,4274000,CB4MH,80.38058,1e+06,7.19,57.5,376000 4274000,24.5,Suitable,dodgerblue,YES,233.635496,2655.739654,47.8455669999998
376000,4274000,CB4MH,37.72966,1e+06,9.11,53.7,376000 4274000,11.5,Suitable,dodgerblue,YES,233.635496,2655.739654,47.8455669999998
376000,4274000,CB4MH,21.32546,1e+06,9.57,53.1,376000 4274000,6.5,Suitable,dodgerblue,YES,233.635496,2655.739654,47.8455669999998
376000,4274000,CB4MH,67.25722,1e+06,7.36,56.9,376000 4274000,20.5,Suitable,dodgerblue,YES,233.635496,2655.739654,47.8455669999998
376000,4274000,CB4MH,8.2021,1e+06,9.89,53.1,376000 4274000,2.5,Suitable,dodgerblue,YES,233.635496,2655.739654,47.8455669999998
376000,4274000,CB4MH,27.88714,1e+06,9.38,53.3,376000 4274000,8.5,Suitable,dodgerblue,YES,233.635496,2655.739654,47.8455669999998
376000,4274000,CB4MH,54.13386,1e+06,7.95,55.8,376000 4274000,16.5,Suitable,dodgerblue,YES,233.635496,2655.739654,47.8455669999998
376000,4274000,CB4MH,18.04462,1e+06,9.7,53.1,376000 4274000,5.5,Suitable,dodgerblue,YES,233.635496,2655.739654,47.8455669999998
376000,4274000,CB4MH,70.53806,1e+06,7.26,57.2,376000 4274000,21.5,Suitable,dodgerblue,YES,233.635496,2655.739654,47.8455669999998
376000,4274000,CB4MH,14.76378,1e+06,9.79,53.1,376000 4274000,4.5,Suitable,dodgerblue,YES,233.635496,2655.739654,47.8455669999998
376000,4274000,CB4MH,34.44882,1e+06,9.2,53.7,376000 4274000,10.5,Suitable,dodgerblue,YES,233.635496,2655.739654,47.8455669999998
376000,4274000,CB4MH,83.66142,1e+06,7.11,57.2,376000 4274000,25.5,Suitable,dodgerblue,YES,233.635496,2655.739654,47.8455669999998
376000,4274000,CB4MH,47.57218,1e+06,8.31,55.3,376000 4274000,14.5,Suitable,dodgerblue,YES,233.635496,2655.739654,47.8455669999998
376000,4274000,CB4MH,31.16798,1e+06,9.31,53.3,376000 4274000,9.5,Suitable,dodgerblue,YES,233.635496,2655.739654,47.8455669999998
376000,4274000,CB4MH,41.0105,1e+06,9.01,53.8,376000 4274000,12.5,Suitable,dodgerblue,YES,233.635496,2655.739654,47.8455669999998
376000,4274000,CB4MH,77.09974,1e+06,7.26,57.3,376000 4274000,23.5,Suitable,dodgerblue,YES,233.635496,2655.739654,47.8455669999998
376000,4275000,CB4MH,14.76378,1e+06,9.79,53.2,376000 4275000,4.5,Suitable,dodgerblue,YES,233.635496,2656.361025,48.466938
376000,4275000,CB4MH,24.6063,1e+06,9.46,53.4,376000 4275000,7.5,Suitable,dodgerblue,YES,233.635496,2656.361025,48.466938
376000,4275000,CB4MH,18.04462,1e+06,9.72,53.2,376000 4275000,5.5,Suitable,dodgerblue,YES,233.635496,2656.361025,48.466938
376000,4275000,CB4MH,67.25722,1e+06,7.39,56.8,376000 4275000,20.5,Suitable,dodgerblue,YES,233.635496,2656.361025,48.466938
376000,4275000,CB4MH,21.32546,1e+06,9.59,53.2,376000 4275000,6.5,Suitable,dodgerblue,YES,233.635496,2656.361025,48.466938
376000,4275000,CB4MH,31.16798,1e+06,9.31,53.4,376000 4275000,9.5,Suitable,dodgerblue,YES,233.635496,2656.361025,48.466938
376000,4275000,CB4MH,11.48294,1e+06,9.82,53.2,376000 4275000,3.5,Suitable,dodgerblue,YES,233.635496,2656.361025,48.466938
376000,4275000,CB4MH,27.88714,1e+06,9.37,53.4,376000 4275000,8.5,Suitable,dodgerblue,YES,233.635496,2656.361025,48.466938
376000,4275000,CB4MH,60.69554,1e+06,7.72,56.1,376000 4275000,18.5,Suitable,dodgerblue,YES,233.635496,2656.361025,48.466938
376000,4275000,CB4MH,1.64042,1e+06,10.08,53.3,376000 4275000,0.5,Suitable,dodgerblue,YES,233.635496,2656.361025,48.466938
376000,4275000,CB4MH,50.85302,1e+06,8.13,55.5,376000 4275000,15.5,Suitable,dodgerblue,YES,233.635496,2656.361025,48.466938
376000,4275000,CB4MH,41.0105,1e+06,9.07,53.8,376000 4275000,12.5,Suitable,dodgerblue,YES,233.635496,2656.361025,48.466938
376000,4275000,CB4MH,63.97638,1e+06,7.56,56.4,376000 4275000,19.5,Suitable,dodgerblue,YES,233.635496,2656.361025,48.466938
376000,4275000,CB4MH,70.53806,1e+06,7.27,57.2,376000 4275000,21.5,Suitable,dodgerblue,YES,233.635496,2656.361025,48.466938
376000,4275000,CB4MH,54.13386,1e+06,8.06,55.6,376000 4275000,16.5,Suitable,dodgerblue,YES,233.635496,2656.361025,48.466938
376000,4275000,CB4MH,4.92126,1e+06,10,53.2,376000 4275000,1.5,Suitable,dodgerblue,YES,233.635496,2656.361025,48.466938
376000,4275000,CB4MH,73.8189,1e+06,7.27,57.2,376000 4275000,22.5,Suitable,dodgerblue,YES,233.635496,2656.361025,48.466938
376000,4275000,CB4MH,8.2021,1e+06,9.87,53.2,376000 4275000,2.5,Suitable,dodgerblue,YES,233.635496,2656.361025,48.466938
376000,4275000,CB4MH,44.29134,1e+06,8.82,54.2,376000 4275000,13.5,Suitable,dodgerblue,YES,233.635496,2656.361025,48.466938
376000,4275000,CB4MH,77.09974,1e+06,7.27,57.2,376000 4275000,23.5,Suitable,dodgerblue,YES,233.635496,2656.361025,48.466938
376000,4275000,CB4MH,57.4147,1e+06,7.92,55.7,376000 4275000,17.5,Suitable,dodgerblue,YES,233.635496,2656.361025,48.466938
376000,4275000,CB4MH,34.44882,1e+06,9.24,53.6,376000 4275000,10.5,Suitable,dodgerblue,YES,233.635496,2656.361025,48.466938
376000,4275000,CB4MH,37.72966,1e+06,9.17,53.7,376000 4275000,11.5,Suitable,dodgerblue,YES,233.635496,2656.361025,48.466938
376000,4275000,CB4MH,47.57218,1e+06,8.39,55.1,376000 4275000,14.5,Suitable,dodgerblue,YES,233.635496,2656.361025,48.466938
376000,4276000,CB4MH,77.09974,1e+06,7.29,57.2,376000 4276000,23.5,Suitable,dodgerblue,YES,233.635496,2656.982396,49.0883089999998
376000,4276000,CB4MH,41.0105,1e+06,9.11,53.7,376000 4276000,12.5,Suitable,dodgerblue,YES,233.635496,2656.982396,49.0883089999998
376000,4276000,CB4MH,44.29134,1e+06,8.86,54.2,376000 4276000,13.5,Suitable,dodgerblue,YES,233.635496,2656.982396,49.0883089999998
376000,4276000,CB4MH,60.69554,1e+06,7.78,55.9,376000 4276000,18.5,Suitable,dodgerblue,YES,233.635496,2656.982396,49.0883089999998
376000,4276000,CB4MH,4.92126,1e+06,10,53.4,376000 4276000,1.5,Suitable,dodgerblue,YES,233.635496,2656.982396,49.0883089999998
376000,4276000,CB4MH,47.57218,1e+06,8.45,55,376000 4276000,14.5,Suitable,dodgerblue,YES,233.635496,2656.982396,49.0883089999998
376000,4276000,CB4MH,67.25722,1e+06,7.42,56.8,376000 4276000,20.5,Suitable,dodgerblue,YES,233.635496,2656.982396,49.0883089999998
376000,4276000,CB4MH,57.4147,1e+06,8,55.6,376000 4276000,17.5,Suitable,dodgerblue,YES,233.635496,2656.982396,49.0883089999998
376000,4276000,CB4MH,24.6063,1e+06,9.45,53.5,376000 4276000,7.5,Suitable,dodgerblue,YES,233.635496,2656.982396,49.0883089999998
376000,4276000,CB4MH,50.85302,1e+06,8.21,55.3,376000 4276000,15.5,Suitable,dodgerblue,YES,233.635496,2656.982396,49.0883089999998
376000,4276000,CB4MH,1.64042,1e+06,10.09,53.5,376000 4276000,0.5,Suitable,dodgerblue,YES,233.635496,2656.982396,49.0883089999998
376000,4276000,CB4MH,63.97638,1e+06,7.61,56.2,376000 4276000,19.5,Suitable,dodgerblue,YES,233.635496,2656.982396,49.0883089999998
376000,4276000,CB4MH,27.88714,1e+06,9.36,53.5,376000 4276000,8.5,Suitable,dodgerblue,YES,233.635496,2656.982396,49.0883089999998
376000,4276000,CB4MH,70.53806,1e+06,7.29,57.1,376000 4276000,21.5,Suitable,dodgerblue,YES,233.635496,2656.982396,49.0883089999998
376000,4276000,CB4MH,34.44882,1e+06,9.27,53.6,376000 4276000,10.5,Suitable,dodgerblue,YES,233.635496,2656.982396,49.0883089999998
376000,4276000,CB4MH,18.04462,1e+06,9.74,53.4,376000 4276000,5.5,Suitable,dodgerblue,YES,233.635496,2656.982396,49.0883089999998
376000,4276000,CB4MH,21.32546,1e+06,9.6,53.4,376000 4276000,6.5,Suitable,dodgerblue,YES,233.635496,2656.982396,49.0883089999998
376000,4276000,CB4MH,31.16798,1e+06,9.31,53.5,376000 4276000,9.5,Suitable,dodgerblue,YES,233.635496,2656.982396,49.0883089999998
376000,4276000,CB4MH,37.72966,1e+06,9.21,53.6,376000 4276000,11.5,Suitable,dodgerblue,YES,233.635496,2656.982396,49.0883089999998
376000,4276000,CB4MH,11.48294,1e+06,9.81,53.4,376000 4276000,3.5,Suitable,dodgerblue,YES,233.635496,2656.982396,49.0883089999998
376000,4276000,CB4MH,8.2021,1e+06,9.86,53.4,376000 4276000,2.5,Suitable,dodgerblue,YES,233.635496,2656.982396,49.0883089999998
376000,4276000,CB4MH,54.13386,1e+06,8.15,55.4,376000 4276000,16.5,Suitable,dodgerblue,YES,233.635496,2656.982396,49.0883089999998
376000,4276000,CB4MH,14.76378,1e+06,9.8,53.4,376000 4276000,4.5,Suitable,dodgerblue,YES,233.635496,2656.982396,49.0883089999998
376000,4276000,CB4MH,73.8189,1e+06,7.29,57.2,376000 4276000,22.5,Suitable,dodgerblue,YES,233.635496,2656.982396,49.0883089999998
376000,4277000,CB4MH,27.88714,1e+06,9.35,53.6,376000 4277000,8.5,Suitable,dodgerblue,YES,233.635496,2657.603767,49.7096799999999
376000,4277000,CB4MH,21.32546,1e+06,9.6,53.5,376000 4277000,6.5,Suitable,dodgerblue,YES,233.635496,2657.603767,49.7096799999999
376000,4277000,CB4MH,57.4147,1e+06,8.05,55.5,376000 4277000,17.5,Suitable,dodgerblue,YES,233.635496,2657.603767,49.7096799999999
376000,4277000,CB4MH,14.76378,1e+06,9.8,53.5,376000 4277000,4.5,Suitable,dodgerblue,YES,233.635496,2657.603767,49.7096799999999
376000,4277000,CB4MH,24.6063,1e+06,9.45,53.6,376000 4277000,7.5,Suitable,dodgerblue,YES,233.635496,2657.603767,49.7096799999999
376000,4277000,CB4MH,50.85302,1e+06,8.26,55.2,376000 4277000,15.5,Suitable,dodgerblue,YES,233.635496,2657.603767,49.7096799999999
376000,4277000,CB4MH,34.44882,1e+06,9.29,53.6,376000 4277000,10.5,Suitable,dodgerblue,YES,233.635496,2657.603767,49.7096799999999
376000,4277000,CB4MH,63.97638,1e+06,7.63,56.1,376000 4277000,19.5,Suitable,dodgerblue,YES,233.635496,2657.603767,49.7096799999999
376000,4277000,CB4MH,18.04462,1e+06,9.75,53.5,376000 4277000,5.5,Suitable,dodgerblue,YES,233.635496,2657.603767,49.7096799999999
376000,4277000,CB4MH,4.92126,1e+06,10,53.5,376000 4277000,1.5,Suitable,dodgerblue,YES,233.635496,2657.603767,49.7096799999999
376000,4277000,CB4MH,41.0105,1e+06,9.14,53.7,376000 4277000,12.5,Suitable,dodgerblue,YES,233.635496,2657.603767,49.7096799999999
376000,4277000,CB4MH,60.69554,1e+06,7.81,55.8,376000 4277000,18.5,Suitable,dodgerblue,YES,233.635496,2657.603767,49.7096799999999
376000,4277000,CB4MH,8.2021,1e+06,9.85,53.5,376000 4277000,2.5,Suitable,dodgerblue,YES,233.635496,2657.603767,49.7096799999999
376000,4277000,CB4MH,47.57218,1e+06,8.48,54.9,376000 4277000,14.5,Suitable,dodgerblue,YES,233.635496,2657.603767,49.7096799999999
376000,4277000,CB4MH,1.64042,1e+06,10.1,53.6,376000 4277000,0.5,Suitable,dodgerblue,YES,233.635496,2657.603767,49.7096799999999
376000,4277000,CB4MH,54.13386,1e+06,8.2,55.3,376000 4277000,16.5,Suitable,dodgerblue,YES,233.635496,2657.603767,49.7096799999999
376000,4277000,CB4MH,37.72966,1e+06,9.24,53.6,376000 4277000,11.5,Suitable,dodgerblue,YES,233.635496,2657.603767,49.7096799999999
376000,4277000,CB4MH,44.29134,1e+06,8.89,54.1,376000 4277000,13.5,Suitable,dodgerblue,YES,233.635496,2657.603767,49.7096799999999
376000,4277000,CB4MH,31.16798,1e+06,9.3,53.6,376000 4277000,9.5,Suitable,dodgerblue,YES,233.635496,2657.603767,49.7096799999999
376000,4277000,CB4MH,11.48294,1e+06,9.8,53.5,376000 4277000,3.5,Suitable,dodgerblue,YES,233.635496,2657.603767,49.7096799999999
376000,4282000,CB4MH,18.04462,1e+06,9.73,53.3,376000 4282000,5.5,Suitable,dodgerblue,YES,233.635496,2660.710622,52.8165349999999
376000,4282000,CB4MH,54.13386,1e+06,8.13,55.4,376000 4282000,16.5,Suitable,dodgerblue,YES,233.635496,2660.710622,52.8165349999999
376000,4282000,CB4MH,47.57218,1e+06,8.43,55,376000 4282000,14.5,Suitable,dodgerblue,YES,233.635496,2660.710622,52.8165349999999
376000,4282000,CB4MH,31.16798,1e+06,9.29,53.4,376000 4282000,9.5,Suitable,dodgerblue,YES,233.635496,2660.710622,52.8165349999999
376000,4282000,CB4MH,4.92126,1e+06,9.98,53.3,376000 4282000,1.5,Suitable,dodgerblue,YES,233.635496,2660.710622,52.8165349999999
376000,4282000,CB4MH,1.64042,1e+06,10.07,53.4,376000 4282000,0.5,Suitable,dodgerblue,YES,233.635496,2660.710622,52.8165349999999
376000,4282000,CB4MH,44.29134,1e+06,8.84,54.2,376000 4282000,13.5,Suitable,dodgerblue,YES,233.635496,2660.710622,52.8165349999999
376000,4282000,CB4MH,11.48294,1e+06,9.8,53.3,376000 4282000,3.5,Suitable,dodgerblue,YES,233.635496,2660.710622,52.8165349999999
376000,4282000,CB4MH,27.88714,1e+06,9.35,53.4,376000 4282000,8.5,Suitable,dodgerblue,YES,233.635496,2660.710622,52.8165349999999
376000,4282000,CB4MH,24.6063,1e+06,9.45,53.4,376000 4282000,7.5,Suitable,dodgerblue,YES,233.635496,2660.710622,52.8165349999999
376000,4282000,CB4MH,21.32546,1e+06,9.59,53.3,376000 4282000,6.5,Suitable,dodgerblue,YES,233.635496,2660.710622,52.8165349999999
376000,4282000,CB4MH,63.97638,1e+06,7.57,56.3,376000 4282000,19.5,Suitable,dodgerblue,YES,233.635496,2660.710622,52.8165349999999
376000,4282000,CB4MH,70.53806,1e+06,7.25,57.2,376000 4282000,21.5,Suitable,dodgerblue,YES,233.635496,2660.710622,52.8165349999999
376000,4282000,CB4MH,50.85302,1e+06,8.21,55.3,376000 4282000,15.5,Suitable,dodgerblue,YES,233.635496,2660.710622,52.8165349999999
376000,4282000,CB4MH,14.76378,1e+06,9.79,53.3,376000 4282000,4.5,Suitable,dodgerblue,YES,233.635496,2660.710622,52.8165349999999
376000,4282000,CB4MH,41.0105,1e+06,9.09,53.8,376000 4282000,12.5,Suitable,dodgerblue,YES,233.635496,2660.710622,52.8165349999999
376000,4282000,CB4MH,37.72966,1e+06,9.19,53.7,376000 4282000,11.5,Suitable,dodgerblue,YES,233.635496,2660.710622,52.8165349999999
376000,4282000,CB4MH,67.25722,1e+06,7.39,56.8,376000 4282000,20.5,Suitable,dodgerblue,YES,233.635496,2660.710622,52.8165349999999
376000,4282000,CB4MH,8.2021,1e+06,9.85,53.3,376000 4282000,2.5,Suitable,dodgerblue,YES,233.635496,2660.710622,52.8165349999999
376000,4282000,CB4MH,60.69554,1e+06,7.74,56,376000 4282000,18.5,Suitable,dodgerblue,YES,233.635496,2660.710622,52.8165349999999
376000,4282000,CB4MH,57.4147,1e+06,7.97,55.6,376000 4282000,17.5,Suitable,dodgerblue,YES,233.635496,2660.710622,52.8165349999999
376000,4282000,CB4MH,34.44882,1e+06,9.25,53.7,376000 4282000,10.5,Suitable,dodgerblue,YES,233.635496,2660.710622,52.8165349999999
376000,4283000,CB4MH,37.72966,1e+06,9.15,53.7,376000 4283000,11.5,Suitable,dodgerblue,YES,233.635496,2661.331993,53.4379060000001
376000,4283000,CB4MH,44.29134,1e+06,8.8,54.2,376000 4283000,13.5,Suitable,dodgerblue,YES,233.635496,2661.331993,53.4379060000001
376000,4283000,CB4MH,54.13386,1e+06,8.08,55.5,376000 4283000,16.5,Suitable,dodgerblue,YES,233.635496,2661.331993,53.4379060000001
376000,4283000,CB4MH,21.32546,1e+06,9.59,53.2,376000 4283000,6.5,Suitable,dodgerblue,YES,233.635496,2661.331993,53.4379060000001
376000,4283000,CB4MH,60.69554,1e+06,7.7,56.1,376000 4283000,18.5,Suitable,dodgerblue,YES,233.635496,2661.331993,53.4379060000001
376000,4283000,CB4MH,34.44882,1e+06,9.22,53.7,376000 4283000,10.5,Suitable,dodgerblue,YES,233.635496,2661.331993,53.4379060000001
376000,4283000,CB4MH,67.25722,1e+06,7.35,56.8,376000 4283000,20.5,Suitable,dodgerblue,YES,233.635496,2661.331993,53.4379060000001
376000,4283000,CB4MH,41.0105,1e+06,9.05,53.8,376000 4283000,12.5,Suitable,dodgerblue,YES,233.635496,2661.331993,53.4379060000001
376000,4283000,CB4MH,24.6063,1e+06,9.45,53.4,376000 4283000,7.5,Suitable,dodgerblue,YES,233.635496,2661.331993,53.4379060000001
376000,4283000,CB4MH,93.50394,1e+06,6.1,58.3,376000 4283000,28.5,Suitable,dodgerblue,YES,233.635496,2661.331993,53.4379060000001
376000,4283000,CB4MH,80.38058,1e+06,6.74,57.8,376000 4283000,24.5,Suitable,dodgerblue,YES,233.635496,2661.331993,53.4379060000001
376000,4283000,CB4MH,18.04462,1e+06,9.72,53.2,376000 4283000,5.5,Suitable,dodgerblue,YES,233.635496,2661.331993,53.4379060000001
376000,4283000,CB4MH,14.76378,1e+06,9.78,53.2,376000 4283000,4.5,Suitable,dodgerblue,YES,233.635496,2661.331993,53.4379060000001
376000,4283000,CB4MH,8.2021,1e+06,9.85,53.2,376000 4283000,2.5,Suitable,dodgerblue,YES,233.635496,2661.331993,53.4379060000001
376000,4283000,CB4MH,4.92126,1e+06,9.98,53.2,376000 4283000,1.5,Suitable,dodgerblue,YES,233.635496,2661.331993,53.4379060000001
376000,4283000,CB4MH,47.57218,1e+06,8.4,55,376000 4283000,14.5,Suitable,dodgerblue,YES,233.635496,2661.331993,53.4379060000001
376000,4283000,CB4MH,31.16798,1e+06,9.29,53.4,376000 4283000,9.5,Suitable,dodgerblue,YES,233.635496,2661.331993,53.4379060000001
376000,4283000,CB4MH,86.94226,1e+06,6.12,58.3,376000 4283000,26.5,Suitable,dodgerblue,YES,233.635496,2661.331993,53.4379060000001
376000,4283000,CB4MH,70.53806,1e+06,7.22,57.2,376000 4283000,21.5,Suitable,dodgerblue,YES,233.635496,2661.331993,53.4379060000001
376000,4283000,CB4MH,1.64042,1e+06,10.06,53.3,376000 4283000,0.5,Suitable,dodgerblue,YES,233.635496,2661.331993,53.4379060000001
376000,4283000,CB4MH,27.88714,1e+06,9.35,53.4,376000 4283000,8.5,Suitable,dodgerblue,YES,233.635496,2661.331993,53.4379060000001
376000,4283000,CB4MH,50.85302,1e+06,8.17,55.4,376000 4283000,15.5,Suitable,dodgerblue,YES,233.635496,2661.331993,53.4379060000001
376000,4283000,CB4MH,90.2231,1e+06,6.1,58.3,376000 4283000,27.5,Suitable,dodgerblue,YES,233.635496,2661.331993,53.4379060000001
376000,4283000,CB4MH,77.09974,1e+06,7.21,57.3,376000 4283000,23.5,Suitable,dodgerblue,YES,233.635496,2661.331993,53.4379060000001
376000,4283000,CB4MH,11.48294,1e+06,9.79,53.2,376000 4283000,3.5,Suitable,dodgerblue,YES,233.635496,2661.331993,53.4379060000001
376000,4283000,CB4MH,63.97638,1e+06,7.53,56.3,376000 4283000,19.5,Suitable,dodgerblue,YES,233.635496,2661.331993,53.4379060000001
376000,4283000,CB4MH,57.4147,1e+06,7.91,55.7,376000 4283000,17.5,Suitable,dodgerblue,YES,233.635496,2661.331993,53.4379060000001
376000,4283000,CB4MH,83.66142,1e+06,6.17,58.3,376000 4283000,25.5,Suitable,dodgerblue,YES,233.635496,2661.331993,53.4379060000001
376000,4283000,CB4MH,73.8189,1e+06,7.22,57.3,376000 4283000,22.5,Suitable,dodgerblue,YES,233.635496,2661.331993,53.4379060000001
376000,4284000,CB4MH,24.6063,1e+06,9.44,53.3,376000 4284000,7.5,Suitable,dodgerblue,YES,233.635496,2661.953364,54.0592769999998
376000,4284000,CB4MH,31.16798,1e+06,9.27,53.3,376000 4284000,9.5,Suitable,dodgerblue,YES,233.635496,2661.953364,54.0592769999998
376000,4284000,CB4MH,63.97638,1e+06,7.48,56.4,376000 4284000,19.5,Suitable,dodgerblue,YES,233.635496,2661.953364,54.0592769999998
376000,4284000,CB4MH,34.44882,1e+06,9.18,53.7,376000 4284000,10.5,Suitable,dodgerblue,YES,233.635496,2661.953364,54.0592769999998
376000,4284000,CB4MH,18.04462,1e+06,9.71,53.1,376000 4284000,5.5,Suitable,dodgerblue,YES,233.635496,2661.953364,54.0592769999998
376000,4284000,CB4MH,70.53806,1e+06,7.18,57.2,376000 4284000,21.5,Suitable,dodgerblue,YES,233.635496,2661.953364,54.0592769999998
376000,4284000,CB4MH,21.32546,1e+06,9.58,53.1,376000 4284000,6.5,Suitable,dodgerblue,YES,233.635496,2661.953364,54.0592769999998
376000,4284000,CB4MH,67.25722,1e+06,7.31,56.9,376000 4284000,20.5,Suitable,dodgerblue,YES,233.635496,2661.953364,54.0592769999998
376000,4284000,CB4MH,47.57218,1e+06,8.36,55.1,376000 4284000,14.5,Suitable,dodgerblue,YES,233.635496,2661.953364,54.0592769999998
376000,4284000,CB4MH,57.4147,1e+06,7.85,55.8,376000 4284000,17.5,Suitable,dodgerblue,YES,233.635496,2661.953364,54.0592769999998
376000,4284000,CB4MH,73.8189,1e+06,7.17,57.3,376000 4284000,22.5,Suitable,dodgerblue,YES,233.635496,2661.953364,54.0592769999998
376000,4284000,CB4MH,50.85302,1e+06,8.14,55.4,376000 4284000,15.5,Suitable,dodgerblue,YES,233.635496,2661.953364,54.0592769999998
376000,4284000,CB4MH,14.76378,1e+06,9.77,53.1,376000 4284000,4.5,Suitable,dodgerblue,YES,233.635496,2661.953364,54.0592769999998
376000,4284000,CB4MH,77.09974,1e+06,7.17,57.3,376000 4284000,23.5,Suitable,dodgerblue,YES,233.635496,2661.953364,54.0592769999998
376000,4284000,CB4MH,90.2231,1e+06,6.1,58.3,376000 4284000,27.5,Suitable,dodgerblue,YES,233.635496,2661.953364,54.0592769999998
376000,4284000,CB4MH,80.38058,1e+06,6.68,57.9,376000 4284000,24.5,Suitable,dodgerblue,YES,233.635496,2661.953364,54.0592769999998
376000,4284000,CB4MH,93.50394,1e+06,6.1,58.3,376000 4284000,28.5,Suitable,dodgerblue,YES,233.635496,2661.953364,54.0592769999998
376000,4284000,CB4MH,27.88714,1e+06,9.35,53.3,376000 4284000,8.5,Suitable,dodgerblue,YES,233.635496,2661.953364,54.0592769999998
376000,4284000,CB4MH,54.13386,1e+06,8.03,55.6,376000 4284000,16.5,Suitable,dodgerblue,YES,233.635496,2661.953364,54.0592769999998
376000,4284000,CB4MH,86.94226,1e+06,6.12,58.3,376000 4284000,26.5,Suitable,dodgerblue,YES,233.635496,2661.953364,54.0592769999998
376000,4284000,CB4MH,83.66142,1e+06,6.17,58.3,376000 4284000,25.5,Suitable,dodgerblue,YES,233.635496,2661.953364,54.0592769999998
376000,4284000,CB4MH,11.48294,1e+06,9.79,53.1,376000 4284000,3.5,Suitable,dodgerblue,YES,233.635496,2661.953364,54.0592769999998
376000,4284000,CB4MH,8.2021,1e+06,9.84,53.1,376000 4284000,2.5,Suitable,dodgerblue,YES,233.635496,2661.953364,54.0592769999998
376000,4284000,CB4MH,96.78478,1e+06,6.1,58.3,376000 4284000,29.5,Suitable,dodgerblue,YES,233.635496,2661.953364,54.0592769999998
376000,4284000,CB4MH,37.72966,1e+06,9.11,53.8,376000 4284000,11.5,Suitable,dodgerblue,YES,233.635496,2661.953364,54.0592769999998
376000,4284000,CB4MH,4.92126,1e+06,9.97,53.1,376000 4284000,1.5,Suitable,dodgerblue,YES,233.635496,2661.953364,54.0592769999998
376000,4284000,CB4MH,1.64042,1e+06,10.04,53.2,376000 4284000,0.5,Suitable,dodgerblue,YES,233.635496,2661.953364,54.0592769999998
376000,4284000,CB4MH,41.0105,1e+06,9,53.9,376000 4284000,12.5,Suitable,dodgerblue,YES,233.635496,2661.953364,54.0592769999998
376000,4284000,CB4MH,60.69554,1e+06,7.64,56.2,376000 4284000,18.5,Suitable,dodgerblue,YES,233.635496,2661.953364,54.0592769999998
376000,4284000,CB4MH,44.29134,1e+06,8.76,54.3,376000 4284000,13.5,Suitable,dodgerblue,YES,233.635496,2661.953364,54.0592769999998
376000,4285000,CB4MH,27.88714,1e+06,9.34,53.3,376000 4285000,8.5,Suitable,dodgerblue,YES,233.635496,2662.574735,54.680648
376000,4285000,CB4MH,34.44882,1e+06,9.14,53.8,376000 4285000,10.5,Suitable,dodgerblue,YES,233.635496,2662.574735,54.680648
376000,4285000,CB4MH,31.16798,1e+06,9.25,53.3,376000 4285000,9.5,Suitable,dodgerblue,YES,233.635496,2662.574735,54.680648
376000,4285000,CB4MH,50.85302,1e+06,8.1,55.5,376000 4285000,15.5,Suitable,dodgerblue,YES,233.635496,2662.574735,54.680648
376000,4285000,CB4MH,24.6063,1e+06,9.43,53.2,376000 4285000,7.5,Suitable,dodgerblue,YES,233.635496,2662.574735,54.680648
376000,4285000,CB4MH,41.0105,1e+06,8.95,54,376000 4285000,12.5,Suitable,dodgerblue,YES,233.635496,2662.574735,54.680648
376000,4285000,CB4MH,18.04462,1e+06,9.7,53,376000 4285000,5.5,Suitable,dodgerblue,YES,233.635496,2662.574735,54.680648
376000,4285000,CB4MH,37.72966,1e+06,9.05,53.9,376000 4285000,11.5,Suitable,dodgerblue,YES,233.635496,2662.574735,54.680648
376000,4285000,CB4MH,47.57218,1e+06,8.32,55.1,376000 4285000,14.5,Suitable,dodgerblue,YES,233.635496,2662.574735,54.680648
376000,4285000,CB4MH,67.25722,1e+06,7.25,57,376000 4285000,20.5,Suitable,dodgerblue,YES,233.635496,2662.574735,54.680648
376000,4285000,CB4MH,21.32546,1e+06,9.58,53.1,376000 4285000,6.5,Suitable,dodgerblue,YES,233.635496,2662.574735,54.680648
376000,4285000,CB4MH,70.53806,1e+06,7.13,57.3,376000 4285000,21.5,Suitable,dodgerblue,YES,233.635496,2662.574735,54.680648
376000,4285000,CB4MH,57.4147,1e+06,7.77,56,376000 4285000,17.5,Suitable,dodgerblue,YES,233.635496,2662.574735,54.680648
376000,4285000,CB4MH,1.64042,1e+06,10.03,53.1,376000 4285000,0.5,Suitable,dodgerblue,YES,233.635496,2662.574735,54.680648
376000,4285000,CB4MH,63.97638,1e+06,7.41,56.5,376000 4285000,19.5,Suitable,dodgerblue,YES,233.635496,2662.574735,54.680648
376000,4285000,CB4MH,4.92126,1e+06,9.96,53,376000 4285000,1.5,Suitable,dodgerblue,YES,233.635496,2662.574735,54.680648
376000,4285000,CB4MH,60.69554,1e+06,7.57,56.3,376000 4285000,18.5,Suitable,dodgerblue,YES,233.635496,2662.574735,54.680648
376000,4285000,CB4MH,73.8189,1e+06,7.12,57.3,376000 4285000,22.5,Suitable,dodgerblue,YES,233.635496,2662.574735,54.680648
376000,4285000,CB4MH,8.2021,1e+06,9.84,53,376000 4285000,2.5,Suitable,dodgerblue,YES,233.635496,2662.574735,54.680648
376000,4285000,CB4MH,54.13386,1e+06,7.97,55.7,376000 4285000,16.5,Suitable,dodgerblue,YES,233.635496,2662.574735,54.680648
376000,4285000,CB4MH,14.76378,1e+06,9.76,53,376000 4285000,4.5,Suitable,dodgerblue,YES,233.635496,2662.574735,54.680648
376000,4285000,CB4MH,11.48294,1e+06,9.78,53,376000 4285000,3.5,Suitable,dodgerblue,YES,233.635496,2662.574735,54.680648
376000,4285000,CB4MH,44.29134,1e+06,8.71,54.4,376000 4285000,13.5,Suitable,dodgerblue,YES,233.635496,2662.574735,54.680648
376000,4289000,CB4MH,44.29134,1e+06,8.42,54.7,376000 4289000,13.5,Suitable,dodgerblue,YES,233.635496,2665.060219,57.1661319999998
376000,4289000,CB4MH,37.72966,1e+06,8.76,54.3,376000 4289000,11.5,Suitable,dodgerblue,YES,233.635496,2665.060219,57.1661319999998
376000,4289000,CB4MH,24.6063,1e+06,9.35,53.3,376000 4289000,7.5,Suitable,dodgerblue,YES,233.635496,2665.060219,57.1661319999998
376000,4289000,CB4MH,57.4147,1e+06,7.35,56.6,376000 4289000,17.5,Suitable,dodgerblue,YES,233.635496,2665.060219,57.1661319999998
376000,4289000,CB4MH,31.16798,1e+06,9.09,53.5,376000 4289000,9.5,Suitable,dodgerblue,YES,233.635496,2665.060219,57.1661319999998
376000,4289000,CB4MH,41.0105,1e+06,8.64,54.4,376000 4289000,12.5,Suitable,dodgerblue,YES,233.635496,2665.060219,57.1661319999998
376000,4289000,CB4MH,60.69554,1e+06,7.2,56.9,376000 4289000,18.5,Suitable,dodgerblue,YES,233.635496,2665.060219,57.1661319999998
376000,4289000,CB4MH,11.48294,1e+06,9.74,52.9,376000 4289000,3.5,Suitable,dodgerblue,YES,233.635496,2665.060219,57.1661319999998
376000,4289000,CB4MH,14.76378,1e+06,9.69,52.9,376000 4289000,4.5,Suitable,dodgerblue,YES,233.635496,2665.060219,57.1661319999998
376000,4289000,CB4MH,34.44882,1e+06,8.93,53.8,376000 4289000,10.5,Suitable,dodgerblue,YES,233.635496,2665.060219,57.1661319999998
376000,4289000,CB4MH,1.64042,1e+06,10.06,52.1,376000 4289000,0.5,Suitable,dodgerblue,YES,233.635496,2665.060219,57.1661319999998
376000,4289000,CB4MH,18.04462,1e+06,9.63,52.9,376000 4289000,5.5,Suitable,dodgerblue,YES,233.635496,2665.060219,57.1661319999998
376000,4289000,CB4MH,47.57218,1e+06,8.1,55.3,376000 4289000,14.5,Suitable,dodgerblue,YES,233.635496,2665.060219,57.1661319999998
376000,4289000,CB4MH,63.97638,1e+06,7.07,57.1,376000 4289000,19.5,Suitable,dodgerblue,YES,233.635496,2665.060219,57.1661319999998
376000,4289000,CB4MH,67.25722,1e+06,6.93,57.4,376000 4289000,20.5,Suitable,dodgerblue,YES,233.635496,2665.060219,57.1661319999998
376000,4289000,CB4MH,27.88714,1e+06,9.24,53.4,376000 4289000,8.5,Suitable,dodgerblue,YES,233.635496,2665.060219,57.1661319999998
376000,4289000,CB4MH,4.92126,1e+06,10,52.1,376000 4289000,1.5,Suitable,dodgerblue,YES,233.635496,2665.060219,57.1661319999998
376000,4289000,CB4MH,8.2021,1e+06,9.89,52.2,376000 4289000,2.5,Suitable,dodgerblue,YES,233.635496,2665.060219,57.1661319999998
376000,4289000,CB4MH,21.32546,1e+06,9.53,52.9,376000 4289000,6.5,Suitable,dodgerblue,YES,233.635496,2665.060219,57.1661319999998
376000,4289000,CB4MH,54.13386,1e+06,7.67,56.2,376000 4289000,16.5,Suitable,dodgerblue,YES,233.635496,2665.060219,57.1661319999998
376000,4289000,CB4MH,50.85302,1e+06,7.92,55.7,376000 4289000,15.5,Suitable,dodgerblue,YES,233.635496,2665.060219,57.1661319999998
376000,4290000,CB4MH,60.69554,1e+06,7.1,57,376000 4290000,18.5,Suitable,dodgerblue,YES,233.635496,2665.68159,57.787503
376000,4290000,CB4MH,67.25722,1e+06,6.84,57.5,376000 4290000,20.5,Suitable,dodgerblue,YES,233.635496,2665.68159,57.787503
376000,4290000,CB4MH,34.44882,1e+06,8.87,53.9,376000 4290000,10.5,Suitable,dodgerblue,YES,233.635496,2665.68159,57.787503
376000,4290000,CB4MH,77.09974,1e+06,6.69,57.7,376000 4290000,23.5,Suitable,dodgerblue,YES,233.635496,2665.68159,57.787503
376000,4290000,CB4MH,73.8189,1e+06,6.72,57.6,376000 4290000,22.5,Suitable,dodgerblue,YES,233.635496,2665.68159,57.787503
376000,4290000,CB4MH,4.92126,1e+06,10,52,376000 4290000,1.5,Suitable,dodgerblue,YES,233.635496,2665.68159,57.787503
376000,4290000,CB4MH,24.6063,1e+06,9.33,53.3,376000 4290000,7.5,Suitable,dodgerblue,YES,233.635496,2665.68159,57.787503
376000,4290000,CB4MH,27.88714,1e+06,9.21,53.4,376000 4290000,8.5,Suitable,dodgerblue,YES,233.635496,2665.68159,57.787503
376000,4290000,CB4MH,44.29134,1e+06,8.35,54.8,376000 4290000,13.5,Suitable,dodgerblue,YES,233.635496,2665.68159,57.787503
376000,4290000,CB4MH,18.04462,1e+06,9.62,52.6,376000 4290000,5.5,Suitable,dodgerblue,YES,233.635496,2665.68159,57.787503
376000,4290000,CB4MH,70.53806,1e+06,6.75,57.6,376000 4290000,21.5,Suitable,dodgerblue,YES,233.635496,2665.68159,57.787503
376000,4290000,CB4MH,11.48294,1e+06,9.71,52.6,376000 4290000,3.5,Suitable,dodgerblue,YES,233.635496,2665.68159,57.787503
376000,4290000,CB4MH,21.32546,1e+06,9.52,52.7,376000 4290000,6.5,Suitable,dodgerblue,YES,233.635496,2665.68159,57.787503
376000,4290000,CB4MH,54.13386,1e+06,7.59,56.3,376000 4290000,16.5,Suitable,dodgerblue,YES,233.635496,2665.68159,57.787503
376000,4290000,CB4MH,31.16798,1e+06,9.05,53.6,376000 4290000,9.5,Suitable,dodgerblue,YES,233.635496,2665.68159,57.787503
376000,4290000,CB4MH,8.2021,1e+06,9.89,52.2,376000 4290000,2.5,Suitable,dodgerblue,YES,233.635496,2665.68159,57.787503
376000,4290000,CB4MH,47.57218,1e+06,8.04,55.3,376000 4290000,14.5,Suitable,dodgerblue,YES,233.635496,2665.68159,57.787503
376000,4290000,CB4MH,14.76378,1e+06,9.66,52.6,376000 4290000,4.5,Suitable,dodgerblue,YES,233.635496,2665.68159,57.787503
376000,4290000,CB4MH,37.72966,1e+06,8.68,54.4,376000 4290000,11.5,Suitable,dodgerblue,YES,233.635496,2665.68159,57.787503
376000,4290000,CB4MH,1.64042,1e+06,10.06,52.1,376000 4290000,0.5,Suitable,dodgerblue,YES,233.635496,2665.68159,57.787503
376000,4290000,CB4MH,57.4147,1e+06,7.24,56.8,376000 4290000,17.5,Suitable,dodgerblue,YES,233.635496,2665.68159,57.787503
376000,4290000,CB4MH,63.97638,1e+06,6.97,57.2,376000 4290000,19.5,Suitable,dodgerblue,YES,233.635496,2665.68159,57.787503
376000,4290000,CB4MH,50.85302,1e+06,7.87,55.7,376000 4290000,15.5,Suitable,dodgerblue,YES,233.635496,2665.68159,57.787503
376000,4290000,CB4MH,41.0105,1e+06,8.55,54.5,376000 4290000,12.5,Suitable,dodgerblue,YES,233.635496,2665.68159,57.787503
376000,4291000,CB4MH,18.04462,1e+06,9.6,52.7,376000 4291000,5.5,Suitable,dodgerblue,YES,233.635496,2666.302961,58.4088739999998
376000,4291000,CB4MH,73.8189,1e+06,6.64,57.7,376000 4291000,22.5,Suitable,dodgerblue,YES,233.635496,2666.302961,58.4088739999998
376000,4291000,CB4MH,47.57218,1e+06,7.99,55.4,376000 4291000,14.5,Suitable,dodgerblue,YES,233.635496,2666.302961,58.4088739999998
376000,4291000,CB4MH,24.6063,1e+06,9.31,53.3,376000 4291000,7.5,Suitable,dodgerblue,YES,233.635496,2666.302961,58.4088739999998
376000,4291000,CB4MH,50.85302,1e+06,7.83,55.8,376000 4291000,15.5,Suitable,dodgerblue,YES,233.635496,2666.302961,58.4088739999998
376000,4291000,CB4MH,8.2021,1e+06,9.89,52.2,376000 4291000,2.5,Suitable,dodgerblue,YES,233.635496,2666.302961,58.4088739999998
376000,4291000,CB4MH,11.48294,1e+06,9.69,52.7,376000 4291000,3.5,Suitable,dodgerblue,YES,233.635496,2666.302961,58.4088739999998
376000,4291000,CB4MH,14.76378,1e+06,9.64,52.7,376000 4291000,4.5,Suitable,dodgerblue,YES,233.635496,2666.302961,58.4088739999998
376000,4291000,CB4MH,37.72966,1e+06,8.6,54.6,376000 4291000,11.5,Suitable,dodgerblue,YES,233.635496,2666.302961,58.4088739999998
376000,4291000,CB4MH,80.38058,1e+06,6.32,58.1,376000 4291000,24.5,Suitable,dodgerblue,YES,233.635496,2666.302961,58.4088739999998
376000,4291000,CB4MH,86.94226,1e+06,6.12,58.3,376000 4291000,26.5,Suitable,dodgerblue,YES,233.635496,2666.302961,58.4088739999998
376000,4291000,CB4MH,4.92126,1e+06,10.07,51.9,376000 4291000,1.5,Suitable,dodgerblue,YES,233.635496,2666.302961,58.4088739999998
376000,4291000,CB4MH,90.2231,1e+06,6.1,58.3,376000 4291000,27.5,Suitable,dodgerblue,YES,233.635496,2666.302961,58.4088739999998
376000,4291000,CB4MH,63.97638,1e+06,6.88,57.3,376000 4291000,19.5,Suitable,dodgerblue,YES,233.635496,2666.302961,58.4088739999998
376000,4291000,CB4MH,31.16798,1e+06,9.01,53.6,376000 4291000,9.5,Suitable,dodgerblue,YES,233.635496,2666.302961,58.4088739999998
376000,4291000,CB4MH,77.09974,1e+06,6.61,57.8,376000 4291000,23.5,Suitable,dodgerblue,YES,233.635496,2666.302961,58.4088739999998
376000,4291000,CB4MH,96.78478,1e+06,6.1,58.3,376000 4291000,29.5,Suitable,dodgerblue,YES,233.635496,2666.302961,58.4088739999998
376000,4291000,CB4MH,57.4147,1e+06,7.13,57,376000 4291000,17.5,Suitable,dodgerblue,YES,233.635496,2666.302961,58.4088739999998
376000,4291000,CB4MH,54.13386,1e+06,7.51,56.5,376000 4291000,16.5,Suitable,dodgerblue,YES,233.635496,2666.302961,58.4088739999998
376000,4291000,CB4MH,44.29134,1e+06,8.27,54.9,376000 4291000,13.5,Suitable,dodgerblue,YES,233.635496,2666.302961,58.4088739999998
376000,4291000,CB4MH,93.50394,1e+06,6.1,58.3,376000 4291000,28.5,Suitable,dodgerblue,YES,233.635496,2666.302961,58.4088739999998
376000,4291000,CB4MH,83.66142,1e+06,6.17,58.3,376000 4291000,25.5,Suitable,dodgerblue,YES,233.635496,2666.302961,58.4088739999998
376000,4291000,CB4MH,34.44882,1e+06,8.81,54,376000 4291000,10.5,Suitable,dodgerblue,YES,233.635496,2666.302961,58.4088739999998
376000,4291000,CB4MH,21.32546,1e+06,9.5,52.8,376000 4291000,6.5,Suitable,dodgerblue,YES,233.635496,2666.302961,58.4088739999998
376000,4291000,CB4MH,70.53806,1e+06,6.67,57.7,376000 4291000,21.5,Suitable,dodgerblue,YES,233.635496,2666.302961,58.4088739999998
376000,4291000,CB4MH,41.0105,1e+06,8.47,54.6,376000 4291000,12.5,Suitable,dodgerblue,YES,233.635496,2666.302961,58.4088739999998
376000,4291000,CB4MH,67.25722,1e+06,6.76,57.6,376000 4291000,20.5,Suitable,dodgerblue,YES,233.635496,2666.302961,58.4088739999998
376000,4291000,CB4MH,27.88714,1e+06,9.19,53.4,376000 4291000,8.5,Suitable,dodgerblue,YES,233.635496,2666.302961,58.4088739999998
376000,4291000,CB4MH,1.64042,1e+06,10.14,51.9,376000 4291000,0.5,Suitable,dodgerblue,YES,233.635496,2666.302961,58.4088739999998
376000,4291000,CB4MH,60.69554,1e+06,7,57.2,376000 4291000,18.5,Suitable,dodgerblue,YES,233.635496,2666.302961,58.4088739999998
376000,4292000,CB4MH,4.92126,1e+06,10.06,51.9,376000 4292000,1.5,Suitable,dodgerblue,YES,233.635496,2666.924332,59.0302449999999
376000,4292000,CB4MH,11.48294,1e+06,9.7,52.6,376000 4292000,3.5,Suitable,dodgerblue,YES,233.635496,2666.924332,59.0302449999999
376000,4292000,CB4MH,44.29134,1e+06,8.2,55,376000 4292000,13.5,Suitable,dodgerblue,YES,233.635496,2666.924332,59.0302449999999
376000,4292000,CB4MH,70.53806,1e+06,6.6,57.7,376000 4292000,21.5,Suitable,dodgerblue,YES,233.635496,2666.924332,59.0302449999999
376000,4292000,CB4MH,1.64042,1e+06,10.12,51.9,376000 4292000,0.5,Suitable,dodgerblue,YES,233.635496,2666.924332,59.0302449999999
376000,4292000,CB4MH,27.88714,1e+06,9.16,53.4,376000 4292000,8.5,Suitable,dodgerblue,YES,233.635496,2666.924332,59.0302449999999
376000,4292000,CB4MH,14.76378,1e+06,9.61,52.6,376000 4292000,4.5,Suitable,dodgerblue,YES,233.635496,2666.924332,59.0302449999999
376000,4292000,CB4MH,18.04462,1e+06,9.54,52.7,376000 4292000,5.5,Suitable,dodgerblue,YES,233.635496,2666.924332,59.0302449999999
376000,4292000,CB4MH,86.94226,1e+06,6.12,58.3,376000 4292000,26.5,Suitable,dodgerblue,YES,233.635496,2666.924332,59.0302449999999
376000,4292000,CB4MH,83.66142,1e+06,6.17,58.3,376000 4292000,25.5,Suitable,dodgerblue,YES,233.635496,2666.924332,59.0302449999999
376000,4292000,CB4MH,41.0105,1e+06,8.4,54.8,376000 4292000,12.5,Suitable,dodgerblue,YES,233.635496,2666.924332,59.0302449999999
376000,4292000,CB4MH,80.38058,1e+06,6.3,58.1,376000 4292000,24.5,Suitable,dodgerblue,YES,233.635496,2666.924332,59.0302449999999
376000,4292000,CB4MH,8.2021,1e+06,9.88,52.3,376000 4292000,2.5,Suitable,dodgerblue,YES,233.635496,2666.924332,59.0302449999999
376000,4292000,CB4MH,63.97638,1e+06,6.8,57.4,376000 4292000,19.5,Suitable,dodgerblue,YES,233.635496,2666.924332,59.0302449999999
376000,4292000,CB4MH,21.32546,1e+06,9.43,52.8,376000 4292000,6.5,Suitable,dodgerblue,YES,233.635496,2666.924332,59.0302449999999
376000,4292000,CB4MH,57.4147,1e+06,7.04,57.2,376000 4292000,17.5,Suitable,dodgerblue,YES,233.635496,2666.924332,59.0302449999999
376000,4292000,CB4MH,34.44882,1e+06,8.75,54.1,376000 4292000,10.5,Suitable,dodgerblue,YES,233.635496,2666.924332,59.0302449999999
376000,4292000,CB4MH,24.6063,1e+06,9.29,53.3,376000 4292000,7.5,Suitable,dodgerblue,YES,233.635496,2666.924332,59.0302449999999
376000,4292000,CB4MH,67.25722,1e+06,6.68,57.6,376000 4292000,20.5,Suitable,dodgerblue,YES,233.635496,2666.924332,59.0302449999999
376000,4292000,CB4MH,31.16798,1e+06,8.97,53.7,376000 4292000,9.5,Suitable,dodgerblue,YES,233.635496,2666.924332,59.0302449999999
376000,4292000,CB4MH,54.13386,1e+06,7.45,56.6,376000 4292000,16.5,Suitable,dodgerblue,YES,233.635496,2666.924332,59.0302449999999
376000,4292000,CB4MH,73.8189,1e+06,6.56,57.7,376000 4292000,22.5,Suitable,dodgerblue,YES,233.635496,2666.924332,59.0302449999999
376000,4292000,CB4MH,47.57218,1e+06,7.94,55.4,376000 4292000,14.5,Suitable,dodgerblue,YES,233.635496,2666.924332,59.0302449999999
376000,4292000,CB4MH,37.72966,1e+06,8.53,54.7,376000 4292000,11.5,Suitable,dodgerblue,YES,233.635496,2666.924332,59.0302449999999
376000,4292000,CB4MH,60.69554,1e+06,6.91,57.3,376000 4292000,18.5,Suitable,dodgerblue,YES,233.635496,2666.924332,59.0302449999999
376000,4292000,CB4MH,77.09974,1e+06,6.53,57.8,376000 4292000,23.5,Suitable,dodgerblue,YES,233.635496,2666.924332,59.0302449999999
376000,4292000,CB4MH,50.85302,1e+06,7.8,55.8,376000 4292000,15.5,Suitable,dodgerblue,YES,233.635496,2666.924332,59.0302449999999
376000,4293000,CB4MH,67.25722,1e+06,6.57,57.8,376000 4293000,20.5,Suitable,dodgerblue,YES,233.635496,2667.545703,59.6516160000001
376000,4293000,CB4MH,63.97638,1e+06,6.67,57.6,376000 4293000,19.5,Suitable,dodgerblue,YES,233.635496,2667.545703,59.6516160000001
376000,4293000,CB4MH,50.85302,1e+06,7.68,55.9,376000 4293000,15.5,Suitable,dodgerblue,YES,233.635496,2667.545703,59.6516160000001
376000,4293000,CB4MH,44.29134,1e+06,8.06,55.2,376000 4293000,13.5,Suitable,dodgerblue,YES,233.635496,2667.545703,59.6516160000001
376000,4293000,CB4MH,8.2021,1e+06,9.87,52.3,376000 4293000,2.5,Suitable,dodgerblue,YES,233.635496,2667.545703,59.6516160000001
376000,4293000,CB4MH,73.8189,1e+06,6.45,57.8,376000 4293000,22.5,Suitable,dodgerblue,YES,233.635496,2667.545703,59.6516160000001
376000,4293000,CB4MH,77.09974,1e+06,6.46,57.9,376000 4293000,23.5,Suitable,dodgerblue,YES,233.635496,2667.545703,59.6516160000001
376000,4293000,CB4MH,70.53806,1e+06,6.49,57.8,376000 4293000,21.5,Suitable,dodgerblue,YES,233.635496,2667.545703,59.6516160000001
376000,4293000,CB4MH,1.64042,1e+06,10.09,52,376000 4293000,0.5,Suitable,dodgerblue,YES,233.635496,2667.545703,59.6516160000001
376000,4293000,CB4MH,31.16798,1e+06,8.93,53.7,376000 4293000,9.5,Suitable,dodgerblue,YES,233.635496,2667.545703,59.6516160000001
376000,4293000,CB4MH,54.13386,1e+06,7.31,56.8,376000 4293000,16.5,Suitable,dodgerblue,YES,233.635496,2667.545703,59.6516160000001
376000,4293000,CB4MH,21.32546,1e+06,9.42,52.9,376000 4293000,6.5,Suitable,dodgerblue,YES,233.635496,2667.545703,59.6516160000001
376000,4293000,CB4MH,18.04462,1e+06,9.53,52.7,376000 4293000,5.5,Suitable,dodgerblue,YES,233.635496,2667.545703,59.6516160000001
376000,4293000,CB4MH,37.72966,1e+06,8.42,54.8,376000 4293000,11.5,Suitable,dodgerblue,YES,233.635496,2667.545703,59.6516160000001
376000,4293000,CB4MH,47.57218,1e+06,7.82,55.6,376000 4293000,14.5,Suitable,dodgerblue,YES,233.635496,2667.545703,59.6516160000001
376000,4293000,CB4MH,11.48294,1e+06,9.69,52.7,376000 4293000,3.5,Suitable,dodgerblue,YES,233.635496,2667.545703,59.6516160000001
376000,4293000,CB4MH,4.92126,1e+06,10.04,52,376000 4293000,1.5,Suitable,dodgerblue,YES,233.635496,2667.545703,59.6516160000001
376000,4293000,CB4MH,27.88714,1e+06,9.14,53.5,376000 4293000,8.5,Suitable,dodgerblue,YES,233.635496,2667.545703,59.6516160000001
376000,4293000,CB4MH,34.44882,1e+06,8.69,54.2,376000 4293000,10.5,Suitable,dodgerblue,YES,233.635496,2667.545703,59.6516160000001
376000,4293000,CB4MH,41.0105,1e+06,8.27,54.9,376000 4293000,12.5,Suitable,dodgerblue,YES,233.635496,2667.545703,59.6516160000001
376000,4293000,CB4MH,57.4147,1e+06,6.89,57.3,376000 4293000,17.5,Suitable,dodgerblue,YES,233.635496,2667.545703,59.6516160000001
376000,4293000,CB4MH,60.69554,1e+06,6.78,57.5,376000 4293000,18.5,Suitable,dodgerblue,YES,233.635496,2667.545703,59.6516160000001
376000,4293000,CB4MH,24.6063,1e+06,9.27,53.3,376000 4293000,7.5,Suitable,dodgerblue,YES,233.635496,2667.545703,59.6516160000001
376000,4293000,CB4MH,14.76378,1e+06,9.6,52.7,376000 4293000,4.5,Suitable,dodgerblue,YES,233.635496,2667.545703,59.6516160000001
377000,4262000,CB4MH,4.92126,1e+06,9.91,52.5,377000 4262000,1.5,Suitable,dodgerblue,YES,234.256867,2648.283202,40.389115
377000,4262000,CB4MH,41.0105,1e+06,8.88,54,377000 4262000,12.5,Suitable,dodgerblue,YES,234.256867,2648.283202,40.389115
377000,4262000,CB4MH,44.29134,1e+06,8.68,54.5,377000 4262000,13.5,Suitable,dodgerblue,YES,234.256867,2648.283202,40.389115
377000,4262000,CB4MH,50.85302,1e+06,7.92,56,377000 4262000,15.5,Suitable,dodgerblue,YES,234.256867,2648.283202,40.389115
377000,4262000,CB4MH,27.88714,1e+06,9.41,52.4,377000 4262000,8.5,Suitable,dodgerblue,YES,234.256867,2648.283202,40.389115
377000,4262000,CB4MH,21.32546,1e+06,9.49,52.5,377000 4262000,6.5,Suitable,dodgerblue,YES,234.256867,2648.283202,40.389115
377000,4262000,CB4MH,57.4147,1e+06,7.75,56.4,377000 4262000,17.5,Suitable,dodgerblue,YES,234.256867,2648.283202,40.389115
377000,4262000,CB4MH,63.97638,1e+06,7.56,56.7,377000 4262000,19.5,Suitable,dodgerblue,YES,234.256867,2648.283202,40.389115
377000,4262000,CB4MH,8.2021,1e+06,9.85,52.4,377000 4262000,2.5,Suitable,dodgerblue,YES,234.256867,2648.283202,40.389115
377000,4262000,CB4MH,60.69554,1e+06,7.64,56.6,377000 4262000,18.5,Suitable,dodgerblue,YES,234.256867,2648.283202,40.389115
377000,4262000,CB4MH,14.76378,1e+06,9.7,52.4,377000 4262000,4.5,Suitable,dodgerblue,YES,234.256867,2648.283202,40.389115
377000,4262000,CB4MH,67.25722,1e+06,7.48,56.8,377000 4262000,20.5,Suitable,dodgerblue,YES,234.256867,2648.283202,40.389115
377000,4262000,CB4MH,18.04462,1e+06,9.59,52.4,377000 4262000,5.5,Suitable,dodgerblue,YES,234.256867,2648.283202,40.389115
377000,4262000,CB4MH,54.13386,1e+06,7.85,56.2,377000 4262000,16.5,Suitable,dodgerblue,YES,234.256867,2648.283202,40.389115
377000,4262000,CB4MH,1.64042,1e+06,9.95,52.5,377000 4262000,0.5,Suitable,dodgerblue,YES,234.256867,2648.283202,40.389115
377000,4262000,CB4MH,47.57218,1e+06,8.23,55.5,377000 4262000,14.5,Suitable,dodgerblue,YES,234.256867,2648.283202,40.389115
377000,4262000,CB4MH,11.48294,1e+06,9.78,52.4,377000 4262000,3.5,Suitable,dodgerblue,YES,234.256867,2648.283202,40.389115
377000,4262000,CB4MH,37.72966,1e+06,8.96,54,377000 4262000,11.5,Suitable,dodgerblue,YES,234.256867,2648.283202,40.389115
377000,4262000,CB4MH,24.6063,1e+06,9.46,52.4,377000 4262000,7.5,Suitable,dodgerblue,YES,234.256867,2648.283202,40.389115
377000,4262000,CB4MH,34.44882,1e+06,9.06,53.9,377000 4262000,10.5,Suitable,dodgerblue,YES,234.256867,2648.283202,40.389115
377000,4262000,CB4MH,31.16798,1e+06,9.34,52.4,377000 4262000,9.5,Suitable,dodgerblue,YES,234.256867,2648.283202,40.389115
377000,4262000,CB4MH,70.53806,1e+06,7.44,56.9,377000 4262000,21.5,Suitable,dodgerblue,YES,234.256867,2648.283202,40.389115
377000,4263000,CB4MH,57.4147,1e+06,7.69,56.5,377000 4263000,17.5,Suitable,dodgerblue,YES,234.256867,2648.904573,41.0104860000001
377000,4263000,CB4MH,67.25722,1e+06,7.42,56.9,377000 4263000,20.5,Suitable,dodgerblue,YES,234.256867,2648.904573,41.0104860000001
377000,4263000,CB4MH,63.97638,1e+06,7.49,56.8,377000 4263000,19.5,Suitable,dodgerblue,YES,234.256867,2648.904573,41.0104860000001
377000,4263000,CB4MH,44.29134,1e+06,8.66,54.5,377000 4263000,13.5,Suitable,dodgerblue,YES,234.256867,2648.904573,41.0104860000001
377000,4263000,CB4MH,1.64042,1e+06,9.98,52.6,377000 4263000,0.5,Suitable,dodgerblue,YES,234.256867,2648.904573,41.0104860000001
377000,4263000,CB4MH,50.85302,1e+06,7.85,56.1,377000 4263000,15.5,Suitable,dodgerblue,YES,234.256867,2648.904573,41.0104860000001
377000,4263000,CB4MH,60.69554,1e+06,7.58,56.7,377000 4263000,18.5,Suitable,dodgerblue,YES,234.256867,2648.904573,41.0104860000001
377000,4263000,CB4MH,47.57218,1e+06,8.18,55.6,377000 4263000,14.5,Suitable,dodgerblue,YES,234.256867,2648.904573,41.0104860000001
377000,4263000,CB4MH,21.32546,1e+06,9.5,52.5,377000 4263000,6.5,Suitable,dodgerblue,YES,234.256867,2648.904573,41.0104860000001
377000,4263000,CB4MH,70.53806,1e+06,7.38,57.1,377000 4263000,21.5,Suitable,dodgerblue,YES,234.256867,2648.904573,41.0104860000001
377000,4263000,CB4MH,37.72966,1e+06,8.97,53.9,377000 4263000,11.5,Suitable,dodgerblue,YES,234.256867,2648.904573,41.0104860000001
377000,4263000,CB4MH,34.44882,1e+06,9.08,53.8,377000 4263000,10.5,Suitable,dodgerblue,YES,234.256867,2648.904573,41.0104860000001
377000,4263000,CB4MH,41.0105,1e+06,8.88,53.9,377000 4263000,12.5,Suitable,dodgerblue,YES,234.256867,2648.904573,41.0104860000001
377000,4263000,CB4MH,18.04462,1e+06,9.6,52.5,377000 4263000,5.5,Suitable,dodgerblue,YES,234.256867,2648.904573,41.0104860000001
377000,4263000,CB4MH,4.92126,1e+06,9.95,52.6,377000 4263000,1.5,Suitable,dodgerblue,YES,234.256867,2648.904573,41.0104860000001
377000,4263000,CB4MH,31.16798,1e+06,9.35,52.5,377000 4263000,9.5,Suitable,dodgerblue,YES,234.256867,2648.904573,41.0104860000001
377000,4263000,CB4MH,11.48294,1e+06,9.8,52.5,377000 4263000,3.5,Suitable,dodgerblue,YES,234.256867,2648.904573,41.0104860000001
377000,4263000,CB4MH,27.88714,1e+06,9.42,52.5,377000 4263000,8.5,Suitable,dodgerblue,YES,234.256867,2648.904573,41.0104860000001
377000,4263000,CB4MH,24.6063,1e+06,9.47,52.5,377000 4263000,7.5,Suitable,dodgerblue,YES,234.256867,2648.904573,41.0104860000001
377000,4263000,CB4MH,54.13386,1e+06,7.78,56.3,377000 4263000,16.5,Suitable,dodgerblue,YES,234.256867,2648.904573,41.0104860000001
377000,4263000,CB4MH,8.2021,1e+06,9.88,52.5,377000 4263000,2.5,Suitable,dodgerblue,YES,234.256867,2648.904573,41.0104860000001
377000,4263000,CB4MH,14.76378,1e+06,9.72,52.5,377000 4263000,4.5,Suitable,dodgerblue,YES,234.256867,2648.904573,41.0104860000001
377000,4278000,CB4MH,27.88714,1e+06,9.35,53.6,377000 4278000,8.5,Suitable,dodgerblue,YES,234.256867,2658.225138,50.3310510000001
377000,4278000,CB4MH,11.48294,1e+06,9.8,53.6,377000 4278000,3.5,Suitable,dodgerblue,YES,234.256867,2658.225138,50.3310510000001
377000,4278000,CB4MH,8.2021,1e+06,9.85,53.6,377000 4278000,2.5,Suitable,dodgerblue,YES,234.256867,2658.225138,50.3310510000001
377000,4278000,CB4MH,14.76378,1e+06,9.8,53.6,377000 4278000,4.5,Suitable,dodgerblue,YES,234.256867,2658.225138,50.3310510000001
377000,4278000,CB4MH,34.44882,1e+06,9.3,53.6,377000 4278000,10.5,Suitable,dodgerblue,YES,234.256867,2658.225138,50.3310510000001
377000,4278000,CB4MH,57.4147,1e+06,8.07,55.4,377000 4278000,17.5,Suitable,dodgerblue,YES,234.256867,2658.225138,50.3310510000001
377000,4278000,CB4MH,18.04462,1e+06,9.75,53.6,377000 4278000,5.5,Suitable,dodgerblue,YES,234.256867,2658.225138,50.3310510000001
377000,4278000,CB4MH,47.57218,1e+06,8.5,54.9,377000 4278000,14.5,Suitable,dodgerblue,YES,234.256867,2658.225138,50.3310510000001
377000,4278000,CB4MH,24.6063,1e+06,9.45,53.6,377000 4278000,7.5,Suitable,dodgerblue,YES,234.256867,2658.225138,50.3310510000001
377000,4278000,CB4MH,31.16798,1e+06,9.3,53.6,377000 4278000,9.5,Suitable,dodgerblue,YES,234.256867,2658.225138,50.3310510000001
377000,4278000,CB4MH,70.53806,1e+06,7.3,57.1,377000 4278000,21.5,Suitable,dodgerblue,YES,234.256867,2658.225138,50.3310510000001
377000,4278000,CB4MH,41.0105,1e+06,9.15,53.7,377000 4278000,12.5,Suitable,dodgerblue,YES,234.256867,2658.225138,50.3310510000001
377000,4278000,CB4MH,4.92126,1e+06,10,53.6,377000 4278000,1.5,Suitable,dodgerblue,YES,234.256867,2658.225138,50.3310510000001
377000,4278000,CB4MH,21.32546,1e+06,9.6,53.6,377000 4278000,6.5,Suitable,dodgerblue,YES,234.256867,2658.225138,50.3310510000001
377000,4278000,CB4MH,50.85302,1e+06,8.28,55.2,377000 4278000,15.5,Suitable,dodgerblue,YES,234.256867,2658.225138,50.3310510000001
377000,4278000,CB4MH,44.29134,1e+06,8.9,54.1,377000 4278000,13.5,Suitable,dodgerblue,YES,234.256867,2658.225138,50.3310510000001
377000,4278000,CB4MH,63.97638,1e+06,7.65,56.1,377000 4278000,19.5,Suitable,dodgerblue,YES,234.256867,2658.225138,50.3310510000001
377000,4278000,CB4MH,54.13386,1e+06,8.22,55.2,377000 4278000,16.5,Suitable,dodgerblue,YES,234.256867,2658.225138,50.3310510000001
377000,4278000,CB4MH,60.69554,1e+06,7.83,55.8,377000 4278000,18.5,Suitable,dodgerblue,YES,234.256867,2658.225138,50.3310510000001
377000,4278000,CB4MH,67.25722,1e+06,7.45,56.7,377000 4278000,20.5,Suitable,dodgerblue,YES,234.256867,2658.225138,50.3310510000001
377000,4278000,CB4MH,73.8189,1e+06,7.3,57.2,377000 4278000,22.5,Suitable,dodgerblue,YES,234.256867,2658.225138,50.3310510000001
377000,4278000,CB4MH,1.64042,1e+06,10.1,53.7,377000 4278000,0.5,Suitable,dodgerblue,YES,234.256867,2658.225138,50.3310510000001
377000,4278000,CB4MH,37.72966,1e+06,9.25,53.6,377000 4278000,11.5,Suitable,dodgerblue,YES,234.256867,2658.225138,50.3310510000001
377000,4279000,CB4MH,60.69554,1e+06,7.83,55.8,377000 4279000,18.5,Suitable,dodgerblue,YES,234.256867,2658.846509,50.9524219999998
377000,4279000,CB4MH,31.16798,1e+06,9.3,53.6,377000 4279000,9.5,Suitable,dodgerblue,YES,234.256867,2658.846509,50.9524219999998
377000,4279000,CB4MH,34.44882,1e+06,9.3,53.6,377000 4279000,10.5,Suitable,dodgerblue,YES,234.256867,2658.846509,50.9524219999998
377000,4279000,CB4MH,24.6063,1e+06,9.45,53.6,377000 4279000,7.5,Suitable,dodgerblue,YES,234.256867,2658.846509,50.9524219999998
377000,4279000,CB4MH,57.4147,1e+06,8.06,55.4,377000 4279000,17.5,Suitable,dodgerblue,YES,234.256867,2658.846509,50.9524219999998
377000,4279000,CB4MH,63.97638,1e+06,7.65,56.1,377000 4279000,19.5,Suitable,dodgerblue,YES,234.256867,2658.846509,50.9524219999998
377000,4279000,CB4MH,27.88714,1e+06,9.35,53.6,377000 4279000,8.5,Suitable,dodgerblue,YES,234.256867,2658.846509,50.9524219999998
377000,4279000,CB4MH,37.72966,1e+06,9.25,53.6,377000 4279000,11.5,Suitable,dodgerblue,YES,234.256867,2658.846509,50.9524219999998
377000,4279000,CB4MH,41.0105,1e+06,9.15,53.7,377000 4279000,12.5,Suitable,dodgerblue,YES,234.256867,2658.846509,50.9524219999998
377000,4279000,CB4MH,54.13386,1e+06,8.21,55.2,377000 4279000,16.5,Suitable,dodgerblue,YES,234.256867,2658.846509,50.9524219999998
377000,4279000,CB4MH,50.85302,1e+06,8.28,55.2,377000 4279000,15.5,Suitable,dodgerblue,YES,234.256867,2658.846509,50.9524219999998
377000,4279000,CB4MH,70.53806,1e+06,7.3,57.1,377000 4279000,21.5,Suitable,dodgerblue,YES,234.256867,2658.846509,50.9524219999998
377000,4279000,CB4MH,80.38058,1e+06,6.97,57.7,377000 4279000,24.5,Suitable,dodgerblue,YES,234.256867,2658.846509,50.9524219999998
377000,4279000,CB4MH,47.57218,1e+06,8.5,54.9,377000 4279000,14.5,Suitable,dodgerblue,YES,234.256867,2658.846509,50.9524219999998
377000,4279000,CB4MH,4.92126,1e+06,10,53.6,377000 4279000,1.5,Suitable,dodgerblue,YES,234.256867,2658.846509,50.9524219999998
377000,4279000,CB4MH,18.04462,1e+06,9.75,53.6,377000 4279000,5.5,Suitable,dodgerblue,YES,234.256867,2658.846509,50.9524219999998
377000,4279000,CB4MH,86.94226,1e+06,6.12,58.3,377000 4279000,26.5,Suitable,dodgerblue,YES,234.256867,2658.846509,50.9524219999998
377000,4279000,CB4MH,44.29134,1e+06,8.9,54.1,377000 4279000,13.5,Suitable,dodgerblue,YES,234.256867,2658.846509,50.9524219999998
377000,4279000,CB4MH,83.66142,1e+06,6.17,58.3,377000 4279000,25.5,Suitable,dodgerblue,YES,234.256867,2658.846509,50.9524219999998
377000,4279000,CB4MH,77.09974,1e+06,7.3,57.2,377000 4279000,23.5,Suitable,dodgerblue,YES,234.256867,2658.846509,50.9524219999998
377000,4279000,CB4MH,67.25722,1e+06,7.45,56.7,377000 4279000,20.5,Suitable,dodgerblue,YES,234.256867,2658.846509,50.9524219999998
377000,4279000,CB4MH,11.48294,1e+06,9.8,53.6,377000 4279000,3.5,Suitable,dodgerblue,YES,234.256867,2658.846509,50.9524219999998
377000,4279000,CB4MH,73.8189,1e+06,7.3,57.2,377000 4279000,22.5,Suitable,dodgerblue,YES,234.256867,2658.846509,50.9524219999998
377000,4279000,CB4MH,14.76378,1e+06,9.8,53.6,377000 4279000,4.5,Suitable,dodgerblue,YES,234.256867,2658.846509,50.9524219999998
377000,4279000,CB4MH,21.32546,1e+06,9.6,53.6,377000 4279000,6.5,Suitable,dodgerblue,YES,234.256867,2658.846509,50.9524219999998
377000,4279000,CB4MH,1.64042,1e+06,10.1,53.7,377000 4279000,0.5,Suitable,dodgerblue,YES,234.256867,2658.846509,50.9524219999998
377000,4279000,CB4MH,8.2021,1e+06,9.85,53.6,377000 4279000,2.5,Suitable,dodgerblue,YES,234.256867,2658.846509,50.9524219999998
377000,4280000,CB4MH,73.8189,1e+06,7.29,57.2,377000 4280000,22.5,Suitable,dodgerblue,YES,234.256867,2659.46788,51.573793
377000,4280000,CB4MH,83.66142,1e+06,6.17,58.3,377000 4280000,25.5,Suitable,dodgerblue,YES,234.256867,2659.46788,51.573793
377000,4280000,CB4MH,96.78478,1e+06,6.1,58.3,377000 4280000,29.5,Suitable,dodgerblue,YES,234.256867,2659.46788,51.573793
377000,4280000,CB4MH,90.2231,1e+06,6.1,58.3,377000 4280000,27.5,Suitable,dodgerblue,YES,234.256867,2659.46788,51.573793
377000,4280000,CB4MH,21.32546,1e+06,9.6,53.5,377000 4280000,6.5,Suitable,dodgerblue,YES,234.256867,2659.46788,51.573793
377000,4280000,CB4MH,93.50394,1e+06,6.1,58.3,377000 4280000,28.5,Suitable,dodgerblue,YES,234.256867,2659.46788,51.573793
377000,4280000,CB4MH,77.09974,1e+06,7.29,57.2,377000 4280000,23.5,Suitable,dodgerblue,YES,234.256867,2659.46788,51.573793
377000,4280000,CB4MH,4.92126,1e+06,10,53.5,377000 4280000,1.5,Suitable,dodgerblue,YES,234.256867,2659.46788,51.573793
377000,4280000,CB4MH,100.06562,1e+06,6.1,58.3,377000 4280000,30.5,Suitable,dodgerblue,YES,234.256867,2659.46788,51.573793
377000,4280000,CB4MH,67.25722,1e+06,7.44,56.7,377000 4280000,20.5,Suitable,dodgerblue,YES,234.256867,2659.46788,51.573793
377000,4280000,CB4MH,14.76378,1e+06,9.8,53.5,377000 4280000,4.5,Suitable,dodgerblue,YES,234.256867,2659.46788,51.573793
377000,4280000,CB4MH,27.88714,1e+06,9.35,53.5,377000 4280000,8.5,Suitable,dodgerblue,YES,234.256867,2659.46788,51.573793
377000,4280000,CB4MH,63.97638,1e+06,7.63,56.1,377000 4280000,19.5,Suitable,dodgerblue,YES,234.256867,2659.46788,51.573793
377000,4280000,CB4MH,18.04462,1e+06,9.75,53.5,377000 4280000,5.5,Suitable,dodgerblue,YES,234.256867,2659.46788,51.573793
377000,4280000,CB4MH,37.72966,1e+06,9.24,53.6,377000 4280000,11.5,Suitable,dodgerblue,YES,234.256867,2659.46788,51.573793
377000,4280000,CB4MH,47.57218,1e+06,8.48,54.9,377000 4280000,14.5,Suitable,dodgerblue,YES,234.256867,2659.46788,51.573793
377000,4280000,CB4MH,44.29134,1e+06,8.89,54.1,377000 4280000,13.5,Suitable,dodgerblue,YES,234.256867,2659.46788,51.573793
377000,4280000,CB4MH,24.6063,1e+06,9.45,53.5,377000 4280000,7.5,Suitable,dodgerblue,YES,234.256867,2659.46788,51.573793
377000,4280000,CB4MH,86.94226,1e+06,6.12,58.3,377000 4280000,26.5,Suitable,dodgerblue,YES,234.256867,2659.46788,51.573793
377000,4280000,CB4MH,1.64042,1e+06,10.09,53.6,377000 4280000,0.5,Suitable,dodgerblue,YES,234.256867,2659.46788,51.573793
377000,4280000,CB4MH,80.38058,1e+06,6.92,57.7,377000 4280000,24.5,Suitable,dodgerblue,YES,234.256867,2659.46788,51.573793
377000,4280000,CB4MH,41.0105,1e+06,9.14,53.7,377000 4280000,12.5,Suitable,dodgerblue,YES,234.256867,2659.46788,51.573793
377000,4280000,CB4MH,54.13386,1e+06,8.2,55.2,377000 4280000,16.5,Suitable,dodgerblue,YES,234.256867,2659.46788,51.573793
377000,4280000,CB4MH,11.48294,1e+06,9.8,53.5,377000 4280000,3.5,Suitable,dodgerblue,YES,234.256867,2659.46788,51.573793
377000,4280000,CB4MH,60.69554,1e+06,7.81,55.8,377000 4280000,18.5,Suitable,dodgerblue,YES,234.256867,2659.46788,51.573793
377000,4280000,CB4MH,70.53806,1e+06,7.29,57.1,377000 4280000,21.5,Suitable,dodgerblue,YES,234.256867,2659.46788,51.573793
377000,4280000,CB4MH,34.44882,1e+06,9.29,53.6,377000 4280000,10.5,Suitable,dodgerblue,YES,234.256867,2659.46788,51.573793
377000,4280000,CB4MH,8.2021,1e+06,9.85,53.5,377000 4280000,2.5,Suitable,dodgerblue,YES,234.256867,2659.46788,51.573793
377000,4280000,CB4MH,31.16798,1e+06,9.3,53.5,377000 4280000,9.5,Suitable,dodgerblue,YES,234.256867,2659.46788,51.573793
377000,4280000,CB4MH,50.85302,1e+06,8.26,55.2,377000 4280000,15.5,Suitable,dodgerblue,YES,234.256867,2659.46788,51.573793
377000,4280000,CB4MH,57.4147,1e+06,8.05,55.5,377000 4280000,17.5,Suitable,dodgerblue,YES,234.256867,2659.46788,51.573793
377000,4281000,CB4MH,27.88714,1e+06,9.36,53.5,377000 4281000,8.5,Suitable,dodgerblue,YES,234.256867,2660.089251,52.1951639999998
377000,4281000,CB4MH,47.57218,1e+06,8.46,55,377000 4281000,14.5,Suitable,dodgerblue,YES,234.256867,2660.089251,52.1951639999998
377000,4281000,CB4MH,37.72966,1e+06,9.22,53.6,377000 4281000,11.5,Suitable,dodgerblue,YES,234.256867,2660.089251,52.1951639999998
377000,4281000,CB4MH,21.32546,1e+06,9.6,53.4,377000 4281000,6.5,Suitable,dodgerblue,YES,234.256867,2660.089251,52.1951639999998
377000,4281000,CB4MH,54.13386,1e+06,8.17,55.3,377000 4281000,16.5,Suitable,dodgerblue,YES,234.256867,2660.089251,52.1951639999998
377000,4281000,CB4MH,60.69554,1e+06,7.78,55.9,377000 4281000,18.5,Suitable,dodgerblue,YES,234.256867,2660.089251,52.1951639999998
377000,4281000,CB4MH,34.44882,1e+06,9.27,53.6,377000 4281000,10.5,Suitable,dodgerblue,YES,234.256867,2660.089251,52.1951639999998
377000,4281000,CB4MH,18.04462,1e+06,9.74,53.4,377000 4281000,5.5,Suitable,dodgerblue,YES,234.256867,2660.089251,52.1951639999998
377000,4281000,CB4MH,77.09974,1e+06,7.27,57.2,377000 4281000,23.5,Suitable,dodgerblue,YES,234.256867,2660.089251,52.1951639999998
377000,4281000,CB4MH,44.29134,1e+06,8.87,54.1,377000 4281000,13.5,Suitable,dodgerblue,YES,234.256867,2660.089251,52.1951639999998
377000,4281000,CB4MH,57.4147,1e+06,8.01,55.5,377000 4281000,17.5,Suitable,dodgerblue,YES,234.256867,2660.089251,52.1951639999998
377000,4281000,CB4MH,24.6063,1e+06,9.45,53.5,377000 4281000,7.5,Suitable,dodgerblue,YES,234.256867,2660.089251,52.1951639999998
377000,4281000,CB4MH,4.92126,1e+06,9.99,53.4,377000 4281000,1.5,Suitable,dodgerblue,YES,234.256867,2660.089251,52.1951639999998
377000,4281000,CB4MH,1.64042,1e+06,10.08,53.5,377000 4281000,0.5,Suitable,dodgerblue,YES,234.256867,2660.089251,52.1951639999998
377000,4281000,CB4MH,67.25722,1e+06,7.42,56.8,377000 4281000,20.5,Suitable,dodgerblue,YES,234.256867,2660.089251,52.1951639999998
377000,4281000,CB4MH,50.85302,1e+06,8.24,55.3,377000 4281000,15.5,Suitable,dodgerblue,YES,234.256867,2660.089251,52.1951639999998
377000,4281000,CB4MH,31.16798,1e+06,9.3,53.5,377000 4281000,9.5,Suitable,dodgerblue,YES,234.256867,2660.089251,52.1951639999998
377000,4281000,CB4MH,63.97638,1e+06,7.61,56.2,377000 4281000,19.5,Suitable,dodgerblue,YES,234.256867,2660.089251,52.1951639999998
377000,4281000,CB4MH,70.53806,1e+06,7.27,57.1,377000 4281000,21.5,Suitable,dodgerblue,YES,234.256867,2660.089251,52.1951639999998
377000,4281000,CB4MH,14.76378,1e+06,9.79,53.4,377000 4281000,4.5,Suitable,dodgerblue,YES,234.256867,2660.089251,52.1951639999998
377000,4281000,CB4MH,11.48294,1e+06,9.8,53.4,377000 4281000,3.5,Suitable,dodgerblue,YES,234.256867,2660.089251,52.1951639999998
377000,4281000,CB4MH,73.8189,1e+06,7.27,57.2,377000 4281000,22.5,Suitable,dodgerblue,YES,234.256867,2660.089251,52.1951639999998
377000,4281000,CB4MH,41.0105,1e+06,9.12,53.7,377000 4281000,12.5,Suitable,dodgerblue,YES,234.256867,2660.089251,52.1951639999998
377000,4281000,CB4MH,8.2021,1e+06,9.85,53.4,377000 4281000,2.5,Suitable,dodgerblue,YES,234.256867,2660.089251,52.1951639999998
377000,4294000,CB4MH,57.4147,1e+06,6.81,57.5,377000 4294000,17.5,Suitable,dodgerblue,YES,234.256867,2668.167074,60.2729869999998
377000,4294000,CB4MH,83.66142,1e+06,6.17,58.3,377000 4294000,25.5,Suitable,dodgerblue,YES,234.256867,2668.167074,60.2729869999998
377000,4294000,CB4MH,31.16798,1e+06,8.84,53.8,377000 4294000,9.5,Suitable,dodgerblue,YES,234.256867,2668.167074,60.2729869999998
377000,4294000,CB4MH,4.92126,1e+06,9.98,52.2,377000 4294000,1.5,Suitable,dodgerblue,YES,234.256867,2668.167074,60.2729869999998
377000,4294000,CB4MH,1.64042,1e+06,10.04,52.2,377000 4294000,0.5,Suitable,dodgerblue,YES,234.256867,2668.167074,60.2729869999998
377000,4294000,CB4MH,37.72966,1e+06,8.36,54.9,377000 4294000,11.5,Suitable,dodgerblue,YES,234.256867,2668.167074,60.2729869999998
377000,4294000,CB4MH,63.97638,1e+06,6.6,57.7,377000 4294000,19.5,Suitable,dodgerblue,YES,234.256867,2668.167074,60.2729869999998
377000,4294000,CB4MH,67.25722,1e+06,6.49,57.8,377000 4294000,20.5,Suitable,dodgerblue,YES,234.256867,2668.167074,60.2729869999998
377000,4294000,CB4MH,21.32546,1e+06,9.4,53,377000 4294000,6.5,Suitable,dodgerblue,YES,234.256867,2668.167074,60.2729869999998
377000,4294000,CB4MH,14.76378,1e+06,9.57,52.9,377000 4294000,4.5,Suitable,dodgerblue,YES,234.256867,2668.167074,60.2729869999998
377000,4294000,CB4MH,11.48294,1e+06,9.67,52.8,377000 4294000,3.5,Suitable,dodgerblue,YES,234.256867,2668.167074,60.2729869999998
377000,4294000,CB4MH,18.04462,1e+06,9.51,52.9,377000 4294000,5.5,Suitable,dodgerblue,YES,234.256867,2668.167074,60.2729869999998
377000,4294000,CB4MH,44.29134,1e+06,8.01,55.3,377000 4294000,13.5,Suitable,dodgerblue,YES,234.256867,2668.167074,60.2729869999998
377000,4294000,CB4MH,70.53806,1e+06,6.42,57.9,377000 4294000,21.5,Suitable,dodgerblue,YES,234.256867,2668.167074,60.2729869999998
377000,4294000,CB4MH,47.57218,1e+06,7.79,55.5,377000 4294000,14.5,Suitable,dodgerblue,YES,234.256867,2668.167074,60.2729869999998
377000,4294000,CB4MH,60.69554,1e+06,6.7,57.6,377000 4294000,18.5,Suitable,dodgerblue,YES,234.256867,2668.167074,60.2729869999998
377000,4294000,CB4MH,41.0105,1e+06,8.2,55,377000 4294000,12.5,Suitable,dodgerblue,YES,234.256867,2668.167074,60.2729869999998
377000,4294000,CB4MH,34.44882,1e+06,8.58,54.4,377000 4294000,10.5,Suitable,dodgerblue,YES,234.256867,2668.167074,60.2729869999998
377000,4294000,CB4MH,8.2021,1e+06,9.82,52.6,377000 4294000,2.5,Suitable,dodgerblue,YES,234.256867,2668.167074,60.2729869999998
377000,4294000,CB4MH,27.88714,1e+06,9.07,53.6,377000 4294000,8.5,Suitable,dodgerblue,YES,234.256867,2668.167074,60.2729869999998
377000,4294000,CB4MH,50.85302,1e+06,7.68,55.9,377000 4294000,15.5,Suitable,dodgerblue,YES,234.256867,2668.167074,60.2729869999998
377000,4294000,CB4MH,80.38058,1e+06,6.22,58.2,377000 4294000,24.5,Suitable,dodgerblue,YES,234.256867,2668.167074,60.2729869999998
377000,4294000,CB4MH,77.09974,1e+06,6.36,57.9,377000 4294000,23.5,Suitable,dodgerblue,YES,234.256867,2668.167074,60.2729869999998
377000,4294000,CB4MH,54.13386,1e+06,7.27,56.8,377000 4294000,16.5,Suitable,dodgerblue,YES,234.256867,2668.167074,60.2729869999998
377000,4294000,CB4MH,73.8189,1e+06,6.38,57.9,377000 4294000,22.5,Suitable,dodgerblue,YES,234.256867,2668.167074,60.2729869999998
377000,4294000,CB4MH,93.50394,1e+06,6.1,58.3,377000 4294000,28.5,Suitable,dodgerblue,YES,234.256867,2668.167074,60.2729869999998
377000,4294000,CB4MH,24.6063,1e+06,9.21,53.4,377000 4294000,7.5,Suitable,dodgerblue,YES,234.256867,2668.167074,60.2729869999998
377000,4294000,CB4MH,86.94226,1e+06,6.12,58.3,377000 4294000,26.5,Suitable,dodgerblue,YES,234.256867,2668.167074,60.2729869999998
377000,4294000,CB4MH,90.2231,1e+06,6.1,58.3,377000 4294000,27.5,Suitable,dodgerblue,YES,234.256867,2668.167074,60.2729869999998
377000,4295000,CB4MH,24.6063,1e+06,9.2,53.4,377000 4295000,7.5,Suitable,dodgerblue,YES,234.256867,2668.788445,60.894358
377000,4295000,CB4MH,77.09974,1e+06,6.33,58,377000 4295000,23.5,Suitable,dodgerblue,YES,234.256867,2668.788445,60.894358
377000,4295000,CB4MH,67.25722,1e+06,6.47,57.9,377000 4295000,20.5,Suitable,dodgerblue,YES,234.256867,2668.788445,60.894358
377000,4295000,CB4MH,100.06562,1e+06,6.1,58.3,377000 4295000,30.5,Suitable,dodgerblue,YES,234.256867,2668.788445,60.894358
377000,4295000,CB4MH,86.94226,1e+06,6.12,58.3,377000 4295000,26.5,Suitable,dodgerblue,YES,234.256867,2668.788445,60.894358
377000,4295000,CB4MH,31.16798,1e+06,8.82,53.9,377000 4295000,9.5,Suitable,dodgerblue,YES,234.256867,2668.788445,60.894358
377000,4295000,CB4MH,90.2231,1e+06,6.1,58.3,377000 4295000,27.5,Suitable,dodgerblue,YES,234.256867,2668.788445,60.894358
377000,4295000,CB4MH,73.8189,1e+06,6.35,57.9,377000 4295000,22.5,Suitable,dodgerblue,YES,234.256867,2668.788445,60.894358
377000,4295000,CB4MH,44.29134,1e+06,8,55.3,377000 4295000,13.5,Suitable,dodgerblue,YES,234.256867,2668.788445,60.894358
377000,4295000,CB4MH,47.57218,1e+06,7.79,55.5,377000 4295000,14.5,Suitable,dodgerblue,YES,234.256867,2668.788445,60.894358
377000,4295000,CB4MH,50.85302,1e+06,7.68,55.9,377000 4295000,15.5,Suitable,dodgerblue,YES,234.256867,2668.788445,60.894358
377000,4295000,CB4MH,96.78478,1e+06,6.1,58.3,377000 4295000,29.5,Suitable,dodgerblue,YES,234.256867,2668.788445,60.894358
377000,4295000,CB4MH,80.38058,1e+06,6.22,58.2,377000 4295000,24.5,Suitable,dodgerblue,YES,234.256867,2668.788445,60.894358
377000,4295000,CB4MH,34.44882,1e+06,8.55,54.4,377000 4295000,10.5,Suitable,dodgerblue,YES,234.256867,2668.788445,60.894358
377000,4295000,CB4MH,41.0105,1e+06,8.19,55.1,377000 4295000,12.5,Suitable,dodgerblue,YES,234.256867,2668.788445,60.894358
377000,4295000,CB4MH,18.04462,1e+06,9.5,52.9,377000 4295000,5.5,Suitable,dodgerblue,YES,234.256867,2668.788445,60.894358
377000,4295000,CB4MH,11.48294,1e+06,9.66,52.9,377000 4295000,3.5,Suitable,dodgerblue,YES,234.256867,2668.788445,60.894358
377000,4295000,CB4MH,54.13386,1e+06,7.25,56.9,377000 4295000,16.5,Suitable,dodgerblue,YES,234.256867,2668.788445,60.894358
377000,4295000,CB4MH,37.72966,1e+06,8.34,55,377000 4295000,11.5,Suitable,dodgerblue,YES,234.256867,2668.788445,60.894358
377000,4295000,CB4MH,60.69554,1e+06,6.67,57.6,377000 4295000,18.5,Suitable,dodgerblue,YES,234.256867,2668.788445,60.894358
377000,4295000,CB4MH,27.88714,1e+06,9.06,53.6,377000 4295000,8.5,Suitable,dodgerblue,YES,234.256867,2668.788445,60.894358
377000,4295000,CB4MH,57.4147,1e+06,6.78,57.5,377000 4295000,17.5,Suitable,dodgerblue,YES,234.256867,2668.788445,60.894358
377000,4295000,CB4MH,63.97638,1e+06,6.57,57.7,377000 4295000,19.5,Suitable,dodgerblue,YES,234.256867,2668.788445,60.894358
377000,4295000,CB4MH,93.50394,1e+06,6.1,58.3,377000 4295000,28.5,Suitable,dodgerblue,YES,234.256867,2668.788445,60.894358
377000,4295000,CB4MH,21.32546,1e+06,9.4,53.1,377000 4295000,6.5,Suitable,dodgerblue,YES,234.256867,2668.788445,60.894358
377000,4295000,CB4MH,83.66142,1e+06,6.17,58.3,377000 4295000,25.5,Suitable,dodgerblue,YES,234.256867,2668.788445,60.894358
377000,4295000,CB4MH,14.76378,1e+06,9.56,52.9,377000 4295000,4.5,Suitable,dodgerblue,YES,234.256867,2668.788445,60.894358
377000,4295000,CB4MH,1.64042,1e+06,10,52.4,377000 4295000,0.5,Suitable,dodgerblue,YES,234.256867,2668.788445,60.894358
377000,4295000,CB4MH,8.2021,1e+06,9.8,52.7,377000 4295000,2.5,Suitable,dodgerblue,YES,234.256867,2668.788445,60.894358
377000,4295000,CB4MH,70.53806,1e+06,6.4,57.9,377000 4295000,21.5,Suitable,dodgerblue,YES,234.256867,2668.788445,60.894358
377000,4295000,CB4MH,4.92126,1e+06,9.95,52.4,377000 4295000,1.5,Suitable,dodgerblue,YES,234.256867,2668.788445,60.894358
377000,4295000,CB4MH,103.34646,1e+06,6.1,58.3,377000 4295000,31.5,Suitable,dodgerblue,YES,234.256867,2668.788445,60.894358
377000,4296000,CB4MH,41.0105,1e+06,8.18,55.1,377000 4296000,12.5,Suitable,dodgerblue,YES,234.256867,2669.409816,61.5157289999997
377000,4296000,CB4MH,47.57218,1e+06,7.79,55.5,377000 4296000,14.5,Suitable,dodgerblue,YES,234.256867,2669.409816,61.5157289999997
377000,4296000,CB4MH,14.76378,1e+06,9.56,53,377000 4296000,4.5,Suitable,dodgerblue,YES,234.256867,2669.409816,61.5157289999997
377000,4296000,CB4MH,77.09974,1e+06,6.3,58,377000 4296000,23.5,Suitable,dodgerblue,YES,234.256867,2669.409816,61.5157289999997
377000,4296000,CB4MH,60.69554,1e+06,6.66,57.7,377000 4296000,18.5,Suitable,dodgerblue,YES,234.256867,2669.409816,61.5157289999997
377000,4296000,CB4MH,44.29134,1e+06,7.99,55.3,377000 4296000,13.5,Suitable,dodgerblue,YES,234.256867,2669.409816,61.5157289999997
377000,4296000,CB4MH,80.38058,1e+06,6.22,58.2,377000 4296000,24.5,Suitable,dodgerblue,YES,234.256867,2669.409816,61.5157289999997
377000,4296000,CB4MH,1.64042,1e+06,9.96,52.5,377000 4296000,0.5,Suitable,dodgerblue,YES,234.256867,2669.409816,61.5157289999997
377000,4296000,CB4MH,67.25722,1e+06,6.46,57.9,377000 4296000,20.5,Suitable,dodgerblue,YES,234.256867,2669.409816,61.5157289999997
377000,4296000,CB4MH,21.32546,1e+06,9.4,53.2,377000 4296000,6.5,Suitable,dodgerblue,YES,234.256867,2669.409816,61.5157289999997
377000,4296000,CB4MH,4.92126,1e+06,9.92,52.5,377000 4296000,1.5,Suitable,dodgerblue,YES,234.256867,2669.409816,61.5157289999997
377000,4296000,CB4MH,50.85302,1e+06,7.68,55.9,377000 4296000,15.5,Suitable,dodgerblue,YES,234.256867,2669.409816,61.5157289999997
377000,4296000,CB4MH,34.44882,1e+06,8.53,54.5,377000 4296000,10.5,Suitable,dodgerblue,YES,234.256867,2669.409816,61.5157289999997
377000,4296000,CB4MH,70.53806,1e+06,6.39,57.9,377000 4296000,21.5,Suitable,dodgerblue,YES,234.256867,2669.409816,61.5157289999997
377000,4296000,CB4MH,37.72966,1e+06,8.33,55,377000 4296000,11.5,Suitable,dodgerblue,YES,234.256867,2669.409816,61.5157289999997
377000,4296000,CB4MH,11.48294,1e+06,9.66,53,377000 4296000,3.5,Suitable,dodgerblue,YES,234.256867,2669.409816,61.5157289999997
377000,4296000,CB4MH,18.04462,1e+06,9.5,53,377000 4296000,5.5,Suitable,dodgerblue,YES,234.256867,2669.409816,61.5157289999997
377000,4296000,CB4MH,24.6063,1e+06,9.2,53.4,377000 4296000,7.5,Suitable,dodgerblue,YES,234.256867,2669.409816,61.5157289999997
377000,4296000,CB4MH,8.2021,1e+06,9.79,52.7,377000 4296000,2.5,Suitable,dodgerblue,YES,234.256867,2669.409816,61.5157289999997
377000,4296000,CB4MH,83.66142,1e+06,6.17,58.3,377000 4296000,25.5,Suitable,dodgerblue,YES,234.256867,2669.409816,61.5157289999997
377000,4296000,CB4MH,54.13386,1e+06,7.25,56.9,377000 4296000,16.5,Suitable,dodgerblue,YES,234.256867,2669.409816,61.5157289999997
377000,4296000,CB4MH,63.97638,1e+06,6.56,57.8,377000 4296000,19.5,Suitable,dodgerblue,YES,234.256867,2669.409816,61.5157289999997
377000,4296000,CB4MH,73.8189,1e+06,6.34,57.9,377000 4296000,22.5,Suitable,dodgerblue,YES,234.256867,2669.409816,61.5157289999997
377000,4296000,CB4MH,27.88714,1e+06,9.05,53.6,377000 4296000,8.5,Suitable,dodgerblue,YES,234.256867,2669.409816,61.5157289999997
377000,4296000,CB4MH,31.16798,1e+06,8.81,53.9,377000 4296000,9.5,Suitable,dodgerblue,YES,234.256867,2669.409816,61.5157289999997
377000,4296000,CB4MH,57.4147,1e+06,6.76,57.6,377000 4296000,17.5,Suitable,dodgerblue,YES,234.256867,2669.409816,61.5157289999997
378000,4260000,CB4MH,41.0105,1e+06,8.87,54.2,378000 4260000,12.5,Suitable,dodgerblue,YES,234.878238,2647.04046,39.146373
378000,4260000,CB4MH,57.4147,1e+06,7.91,56.1,378000 4260000,17.5,Suitable,dodgerblue,YES,234.878238,2647.04046,39.146373
378000,4260000,CB4MH,70.53806,1e+06,7.6,56.7,378000 4260000,21.5,Suitable,dodgerblue,YES,234.878238,2647.04046,39.146373
378000,4260000,CB4MH,18.04462,1e+06,9.48,52.9,378000 4260000,5.5,Suitable,dodgerblue,YES,234.878238,2647.04046,39.146373
378000,4260000,CB4MH,14.76378,1e+06,9.56,52.8,378000 4260000,4.5,Suitable,dodgerblue,YES,234.878238,2647.04046,39.146373
378000,4260000,CB4MH,83.66142,1e+06,7.95,56.2,378000 4260000,25.5,Suitable,dodgerblue,YES,234.878238,2647.04046,39.146373
378000,4260000,CB4MH,60.69554,1e+06,7.8,56.3,378000 4260000,18.5,Suitable,dodgerblue,YES,234.878238,2647.04046,39.146373
378000,4260000,CB4MH,37.72966,1e+06,8.95,54.1,378000 4260000,11.5,Suitable,dodgerblue,YES,234.878238,2647.04046,39.146373
378000,4260000,CB4MH,11.48294,1e+06,9.64,52.8,378000 4260000,3.5,Suitable,dodgerblue,YES,234.878238,2647.04046,39.146373
378000,4260000,CB4MH,31.16798,1e+06,9.31,52.4,378000 4260000,9.5,Suitable,dodgerblue,YES,234.878238,2647.04046,39.146373
378000,4260000,CB4MH,63.97638,1e+06,7.72,56.4,378000 4260000,19.5,Suitable,dodgerblue,YES,234.878238,2647.04046,39.146373
378000,4260000,CB4MH,50.85302,1e+06,8.1,55.7,378000 4260000,15.5,Suitable,dodgerblue,YES,234.878238,2647.04046,39.146373
378000,4260000,CB4MH,47.57218,1e+06,8.35,55.3,378000 4260000,14.5,Suitable,dodgerblue,YES,234.878238,2647.04046,39.146373
378000,4260000,CB4MH,44.29134,1e+06,8.7,54.6,378000 4260000,13.5,Suitable,dodgerblue,YES,234.878238,2647.04046,39.146373
378000,4260000,CB4MH,24.6063,1e+06,9.38,52.9,378000 4260000,7.5,Suitable,dodgerblue,YES,234.878238,2647.04046,39.146373
378000,4260000,CB4MH,54.13386,1e+06,8.01,55.9,378000 4260000,16.5,Suitable,dodgerblue,YES,234.878238,2647.04046,39.146373
378000,4260000,CB4MH,73.8189,1e+06,7.6,56.7,378000 4260000,22.5,Suitable,dodgerblue,YES,234.878238,2647.04046,39.146373
378000,4260000,CB4MH,34.44882,1e+06,9.02,54,378000 4260000,10.5,Suitable,dodgerblue,YES,234.878238,2647.04046,39.146373
378000,4260000,CB4MH,67.25722,1e+06,7.64,56.6,378000 4260000,20.5,Suitable,dodgerblue,YES,234.878238,2647.04046,39.146373
378000,4260000,CB4MH,21.32546,1e+06,9.41,52.9,378000 4260000,6.5,Suitable,dodgerblue,YES,234.878238,2647.04046,39.146373
378000,4260000,CB4MH,77.09974,1e+06,7.59,56.7,378000 4260000,23.5,Suitable,dodgerblue,YES,234.878238,2647.04046,39.146373
378000,4260000,CB4MH,80.38058,1e+06,7.62,56.8,378000 4260000,24.5,Suitable,dodgerblue,YES,234.878238,2647.04046,39.146373
378000,4260000,CB4MH,86.94226,1e+06,7.95,56.2,378000 4260000,26.5,Suitable,dodgerblue,YES,234.878238,2647.04046,39.146373
378000,4260000,CB4MH,27.88714,1e+06,9.33,52.9,378000 4260000,8.5,Suitable,dodgerblue,YES,234.878238,2647.04046,39.146373
378000,4260000,CB4MH,4.92126,1e+06,9.74,52.9,378000 4260000,1.5,Suitable,dodgerblue,YES,234.878238,2647.04046,39.146373
378000,4260000,CB4MH,1.64042,1e+06,9.76,52.9,378000 4260000,0.5,Suitable,dodgerblue,YES,234.878238,2647.04046,39.146373
378000,4260000,CB4MH,8.2021,1e+06,9.7,52.8,378000 4260000,2.5,Suitable,dodgerblue,YES,234.878238,2647.04046,39.146373
378000,4261000,CB4MH,67.25722,1e+06,7.58,56.7,378000 4261000,20.5,Suitable,dodgerblue,YES,234.878238,2647.661831,39.7677439999998
378000,4261000,CB4MH,63.97638,1e+06,7.65,56.5,378000 4261000,19.5,Suitable,dodgerblue,YES,234.878238,2647.661831,39.7677439999998
378000,4261000,CB4MH,50.85302,1e+06,8.03,55.8,378000 4261000,15.5,Suitable,dodgerblue,YES,234.878238,2647.661831,39.7677439999998
378000,4261000,CB4MH,14.76378,1e+06,9.67,52.2,378000 4261000,4.5,Suitable,dodgerblue,YES,234.878238,2647.661831,39.7677439999998
378000,4261000,CB4MH,37.72966,1e+06,8.95,54.1,378000 4261000,11.5,Suitable,dodgerblue,YES,234.878238,2647.661831,39.7677439999998
378000,4261000,CB4MH,11.48294,1e+06,9.74,52.2,378000 4261000,3.5,Suitable,dodgerblue,YES,234.878238,2647.661831,39.7677439999998
378000,4261000,CB4MH,24.6063,1e+06,9.45,52.2,378000 4261000,7.5,Suitable,dodgerblue,YES,234.878238,2647.661831,39.7677439999998
378000,4261000,CB4MH,77.09974,1e+06,7.52,56.8,378000 4261000,23.5,Suitable,dodgerblue,YES,234.878238,2647.661831,39.7677439999998
378000,4261000,CB4MH,44.29134,1e+06,8.69,54.6,378000 4261000,13.5,Suitable,dodgerblue,YES,234.878238,2647.661831,39.7677439999998
378000,4261000,CB4MH,27.88714,1e+06,9.4,52.2,378000 4261000,8.5,Suitable,dodgerblue,YES,234.878238,2647.661831,39.7677439999998
378000,4261000,CB4MH,21.32546,1e+06,9.49,52.3,378000 4261000,6.5,Suitable,dodgerblue,YES,234.878238,2647.661831,39.7677439999998
378000,4261000,CB4MH,73.8189,1e+06,7.53,56.8,378000 4261000,22.5,Suitable,dodgerblue,YES,234.878238,2647.661831,39.7677439999998
378000,4261000,CB4MH,70.53806,1e+06,7.54,56.8,378000 4261000,21.5,Suitable,dodgerblue,YES,234.878238,2647.661831,39.7677439999998
378000,4261000,CB4MH,34.44882,1e+06,9.04,54,378000 4261000,10.5,Suitable,dodgerblue,YES,234.878238,2647.661831,39.7677439999998
378000,4261000,CB4MH,4.92126,1e+06,9.86,52.3,378000 4261000,1.5,Suitable,dodgerblue,YES,234.878238,2647.661831,39.7677439999998
378000,4261000,CB4MH,1.64042,1e+06,9.89,52.3,378000 4261000,0.5,Suitable,dodgerblue,YES,234.878238,2647.661831,39.7677439999998
378000,4261000,CB4MH,60.69554,1e+06,7.74,56.4,378000 4261000,18.5,Suitable,dodgerblue,YES,234.878238,2647.661831,39.7677439999998
378000,4261000,CB4MH,18.04462,1e+06,9.58,52.2,378000 4261000,5.5,Suitable,dodgerblue,YES,234.878238,2647.661831,39.7677439999998
378000,4261000,CB4MH,54.13386,1e+06,7.95,56,378000 4261000,16.5,Suitable,dodgerblue,YES,234.878238,2647.661831,39.7677439999998
378000,4261000,CB4MH,57.4147,1e+06,7.85,56.2,378000 4261000,17.5,Suitable,dodgerblue,YES,234.878238,2647.661831,39.7677439999998
378000,4261000,CB4MH,31.16798,1e+06,9.35,52.3,378000 4261000,9.5,Suitable,dodgerblue,YES,234.878238,2647.661831,39.7677439999998
378000,4261000,CB4MH,8.2021,1e+06,9.81,52.2,378000 4261000,2.5,Suitable,dodgerblue,YES,234.878238,2647.661831,39.7677439999998
378000,4261000,CB4MH,47.57218,1e+06,8.3,55.4,378000 4261000,14.5,Suitable,dodgerblue,YES,234.878238,2647.661831,39.7677439999998
378000,4261000,CB4MH,41.0105,1e+06,8.88,54.1,378000 4261000,12.5,Suitable,dodgerblue,YES,234.878238,2647.661831,39.7677439999998
378000,4297000,CB4MH,8.2021,1e+06,9.76,52.9,378000 4297000,2.5,Suitable,dodgerblue,YES,234.878238,2670.031187,62.1370999999999
378000,4297000,CB4MH,11.48294,1e+06,9.65,53.1,378000 4297000,3.5,Suitable,dodgerblue,YES,234.878238,2670.031187,62.1370999999999
378000,4297000,CB4MH,27.88714,1e+06,9.05,53.7,378000 4297000,8.5,Suitable,dodgerblue,YES,234.878238,2670.031187,62.1370999999999
378000,4297000,CB4MH,73.8189,1e+06,6.33,57.9,378000 4297000,22.5,Suitable,dodgerblue,YES,234.878238,2670.031187,62.1370999999999
378000,4297000,CB4MH,1.64042,1e+06,9.92,52.8,378000 4297000,0.5,Suitable,dodgerblue,YES,234.878238,2670.031187,62.1370999999999
378000,4297000,CB4MH,31.16798,1e+06,8.8,54,378000 4297000,9.5,Suitable,dodgerblue,YES,234.878238,2670.031187,62.1370999999999
378000,4297000,CB4MH,93.50394,1e+06,6.1,58.3,378000 4297000,28.5,Suitable,dodgerblue,YES,234.878238,2670.031187,62.1370999999999
378000,4297000,CB4MH,50.85302,1e+06,7.69,55.9,378000 4297000,15.5,Suitable,dodgerblue,YES,234.878238,2670.031187,62.1370999999999
378000,4297000,CB4MH,96.78478,1e+06,6.1,58.3,378000 4297000,29.5,Suitable,dodgerblue,YES,234.878238,2670.031187,62.1370999999999
378000,4297000,CB4MH,70.53806,1e+06,6.38,57.9,378000 4297000,21.5,Suitable,dodgerblue,YES,234.878238,2670.031187,62.1370999999999
378000,4297000,CB4MH,44.29134,1e+06,8,55.3,378000 4297000,13.5,Suitable,dodgerblue,YES,234.878238,2670.031187,62.1370999999999
378000,4297000,CB4MH,4.92126,1e+06,9.87,52.8,378000 4297000,1.5,Suitable,dodgerblue,YES,234.878238,2670.031187,62.1370999999999
378000,4297000,CB4MH,90.2231,1e+06,6.1,58.3,378000 4297000,27.5,Suitable,dodgerblue,YES,234.878238,2670.031187,62.1370999999999
378000,4297000,CB4MH,67.25722,1e+06,6.45,57.9,378000 4297000,20.5,Suitable,dodgerblue,YES,234.878238,2670.031187,62.1370999999999
378000,4297000,CB4MH,21.32546,1e+06,9.4,53.3,378000 4297000,6.5,Suitable,dodgerblue,YES,234.878238,2670.031187,62.1370999999999
378000,4297000,CB4MH,86.94226,1e+06,6.12,58.3,378000 4297000,26.5,Suitable,dodgerblue,YES,234.878238,2670.031187,62.1370999999999
378000,4297000,CB4MH,37.72966,1e+06,8.32,55,378000 4297000,11.5,Suitable,dodgerblue,YES,234.878238,2670.031187,62.1370999999999
378000,4297000,CB4MH,63.97638,1e+06,6.55,57.8,378000 4297000,19.5,Suitable,dodgerblue,YES,234.878238,2670.031187,62.1370999999999
378000,4297000,CB4MH,54.13386,1e+06,7.25,56.9,378000 4297000,16.5,Suitable,dodgerblue,YES,234.878238,2670.031187,62.1370999999999
378000,4297000,CB4MH,24.6063,1e+06,9.2,53.5,378000 4297000,7.5,Suitable,dodgerblue,YES,234.878238,2670.031187,62.1370999999999
378000,4297000,CB4MH,47.57218,1e+06,7.8,55.5,378000 4297000,14.5,Suitable,dodgerblue,YES,234.878238,2670.031187,62.1370999999999
378000,4297000,CB4MH,77.09974,1e+06,6.29,58,378000 4297000,23.5,Suitable,dodgerblue,YES,234.878238,2670.031187,62.1370999999999
378000,4297000,CB4MH,83.66142,1e+06,6.17,58.3,378000 4297000,25.5,Suitable,dodgerblue,YES,234.878238,2670.031187,62.1370999999999
378000,4297000,CB4MH,60.69554,1e+06,6.65,57.7,378000 4297000,18.5,Suitable,dodgerblue,YES,234.878238,2670.031187,62.1370999999999
378000,4297000,CB4MH,14.76378,1e+06,9.55,53.1,378000 4297000,4.5,Suitable,dodgerblue,YES,234.878238,2670.031187,62.1370999999999
378000,4297000,CB4MH,41.0105,1e+06,8.18,55.1,378000 4297000,12.5,Suitable,dodgerblue,YES,234.878238,2670.031187,62.1370999999999
378000,4297000,CB4MH,57.4147,1e+06,6.75,57.6,378000 4297000,17.5,Suitable,dodgerblue,YES,234.878238,2670.031187,62.1370999999999
378000,4297000,CB4MH,100.06562,1e+06,6.1,58.3,378000 4297000,30.5,Suitable,dodgerblue,YES,234.878238,2670.031187,62.1370999999999
378000,4297000,CB4MH,80.38058,1e+06,6.22,58.2,378000 4297000,24.5,Suitable,dodgerblue,YES,234.878238,2670.031187,62.1370999999999
378000,4297000,CB4MH,18.04462,1e+06,9.5,53.1,378000 4297000,5.5,Suitable,dodgerblue,YES,234.878238,2670.031187,62.1370999999999
378000,4297000,CB4MH,34.44882,1e+06,8.51,54.6,378000 4297000,10.5,Suitable,dodgerblue,YES,234.878238,2670.031187,62.1370999999999
378000,4298000,CB4MH,77.09974,1e+06,6.28,58,378000 4298000,23.5,Suitable,dodgerblue,YES,234.878238,2670.652558,62.7584710000001
378000,4298000,CB4MH,57.4147,1e+06,6.75,57.6,378000 4298000,17.5,Suitable,dodgerblue,YES,234.878238,2670.652558,62.7584710000001
378000,4298000,CB4MH,1.64042,1e+06,9.9,52.9,378000 4298000,0.5,Suitable,dodgerblue,YES,234.878238,2670.652558,62.7584710000001
378000,4298000,CB4MH,63.97638,1e+06,6.55,57.8,378000 4298000,19.5,Suitable,dodgerblue,YES,234.878238,2670.652558,62.7584710000001
378000,4298000,CB4MH,31.16798,1e+06,8.8,54,378000 4298000,9.5,Suitable,dodgerblue,YES,234.878238,2670.652558,62.7584710000001
378000,4298000,CB4MH,60.69554,1e+06,6.65,57.7,378000 4298000,18.5,Suitable,dodgerblue,YES,234.878238,2670.652558,62.7584710000001
378000,4298000,CB4MH,11.48294,1e+06,9.65,53.1,378000 4298000,3.5,Suitable,dodgerblue,YES,234.878238,2670.652558,62.7584710000001
378000,4298000,CB4MH,18.04462,1e+06,9.5,53.1,378000 4298000,5.5,Suitable,dodgerblue,YES,234.878238,2670.652558,62.7584710000001
378000,4298000,CB4MH,21.32546,1e+06,9.4,53.3,378000 4298000,6.5,Suitable,dodgerblue,YES,234.878238,2670.652558,62.7584710000001
378000,4298000,CB4MH,54.13386,1e+06,7.25,56.9,378000 4298000,16.5,Suitable,dodgerblue,YES,234.878238,2670.652558,62.7584710000001
378000,4298000,CB4MH,24.6063,1e+06,9.2,53.5,378000 4298000,7.5,Suitable,dodgerblue,YES,234.878238,2670.652558,62.7584710000001
378000,4298000,CB4MH,41.0105,1e+06,8.18,55.1,378000 4298000,12.5,Suitable,dodgerblue,YES,234.878238,2670.652558,62.7584710000001
378000,4298000,CB4MH,37.72966,1e+06,8.32,55,378000 4298000,11.5,Suitable,dodgerblue,YES,234.878238,2670.652558,62.7584710000001
378000,4298000,CB4MH,44.29134,1e+06,8,55.3,378000 4298000,13.5,Suitable,dodgerblue,YES,234.878238,2670.652558,62.7584710000001
378000,4298000,CB4MH,47.57218,1e+06,7.8,55.5,378000 4298000,14.5,Suitable,dodgerblue,YES,234.878238,2670.652558,62.7584710000001
378000,4298000,CB4MH,73.8189,1e+06,6.33,57.9,378000 4298000,22.5,Suitable,dodgerblue,YES,234.878238,2670.652558,62.7584710000001
378000,4298000,CB4MH,8.2021,1e+06,9.75,53,378000 4298000,2.5,Suitable,dodgerblue,YES,234.878238,2670.652558,62.7584710000001
378000,4298000,CB4MH,70.53806,1e+06,6.38,57.9,378000 4298000,21.5,Suitable,dodgerblue,YES,234.878238,2670.652558,62.7584710000001
378000,4298000,CB4MH,50.85302,1e+06,7.7,55.9,378000 4298000,15.5,Suitable,dodgerblue,YES,234.878238,2670.652558,62.7584710000001
378000,4298000,CB4MH,14.76378,1e+06,9.55,53.1,378000 4298000,4.5,Suitable,dodgerblue,YES,234.878238,2670.652558,62.7584710000001
378000,4298000,CB4MH,4.92126,1e+06,9.85,52.9,378000 4298000,1.5,Suitable,dodgerblue,YES,234.878238,2670.652558,62.7584710000001
378000,4298000,CB4MH,34.44882,1e+06,8.5,54.6,378000 4298000,10.5,Suitable,dodgerblue,YES,234.878238,2670.652558,62.7584710000001
378000,4298000,CB4MH,27.88714,1e+06,9.05,53.7,378000 4298000,8.5,Suitable,dodgerblue,YES,234.878238,2670.652558,62.7584710000001
378000,4298000,CB4MH,67.25722,1e+06,6.45,57.9,378000 4298000,20.5,Suitable,dodgerblue,YES,234.878238,2670.652558,62.7584710000001
378000,4300000,CB4MH,8.2021,1e+06,9.77,52.8,378000 4300000,2.5,Suitable,dodgerblue,YES,234.878238,2671.8953,64.001213
378000,4300000,CB4MH,1.64042,1e+06,9.93,52.7,378000 4300000,0.5,Suitable,dodgerblue,YES,234.878238,2671.8953,64.001213
378000,4300000,CB4MH,60.69554,1e+06,6.65,57.7,378000 4300000,18.5,Suitable,dodgerblue,YES,234.878238,2671.8953,64.001213
378000,4300000,CB4MH,27.88714,1e+06,9.05,53.7,378000 4300000,8.5,Suitable,dodgerblue,YES,234.878238,2671.8953,64.001213
378000,4300000,CB4MH,14.76378,1e+06,9.54,53,378000 4300000,4.5,Suitable,dodgerblue,YES,234.878238,2671.8953,64.001213
378000,4300000,CB4MH,18.04462,1e+06,9.49,53,378000 4300000,5.5,Suitable,dodgerblue,YES,234.878238,2671.8953,64.001213
378000,4300000,CB4MH,4.92126,1e+06,9.88,52.7,378000 4300000,1.5,Suitable,dodgerblue,YES,234.878238,2671.8953,64.001213
378000,4300000,CB4MH,63.97638,1e+06,6.55,57.8,378000 4300000,19.5,Suitable,dodgerblue,YES,234.878238,2671.8953,64.001213
378000,4300000,CB4MH,31.16798,1e+06,8.8,54,378000 4300000,9.5,Suitable,dodgerblue,YES,234.878238,2671.8953,64.001213
378000,4300000,CB4MH,54.13386,1e+06,7.24,56.9,378000 4300000,16.5,Suitable,dodgerblue,YES,234.878238,2671.8953,64.001213
378000,4300000,CB4MH,11.48294,1e+06,9.64,53,378000 4300000,3.5,Suitable,dodgerblue,YES,234.878238,2671.8953,64.001213
378000,4300000,CB4MH,21.32546,1e+06,9.39,53.2,378000 4300000,6.5,Suitable,dodgerblue,YES,234.878238,2671.8953,64.001213
378000,4300000,CB4MH,44.29134,1e+06,7.99,55.3,378000 4300000,13.5,Suitable,dodgerblue,YES,234.878238,2671.8953,64.001213
378000,4300000,CB4MH,50.85302,1e+06,7.68,55.9,378000 4300000,15.5,Suitable,dodgerblue,YES,234.878238,2671.8953,64.001213
378000,4300000,CB4MH,37.72966,1e+06,8.32,55,378000 4300000,11.5,Suitable,dodgerblue,YES,234.878238,2671.8953,64.001213
378000,4300000,CB4MH,24.6063,1e+06,9.2,53.5,378000 4300000,7.5,Suitable,dodgerblue,YES,234.878238,2671.8953,64.001213
378000,4300000,CB4MH,41.0105,1e+06,8.17,55.1,378000 4300000,12.5,Suitable,dodgerblue,YES,234.878238,2671.8953,64.001213
378000,4300000,CB4MH,34.44882,1e+06,8.51,54.5,378000 4300000,10.5,Suitable,dodgerblue,YES,234.878238,2671.8953,64.001213
378000,4300000,CB4MH,47.57218,1e+06,7.79,55.5,378000 4300000,14.5,Suitable,dodgerblue,YES,234.878238,2671.8953,64.001213
378000,4300000,CB4MH,57.4147,1e+06,6.75,57.6,378000 4300000,17.5,Suitable,dodgerblue,YES,234.878238,2671.8953,64.001213
378000,4301000,CB4MH,34.44882,1e+06,8.51,54.5,378000 4301000,10.5,Suitable,dodgerblue,YES,234.878238,2672.516671,64.6225839999997
378000,4301000,CB4MH,63.97638,1e+06,6.54,57.8,378000 4301000,19.5,Suitable,dodgerblue,YES,234.878238,2672.516671,64.6225839999997
378000,4301000,CB4MH,31.16798,1e+06,8.8,53.9,378000 4301000,9.5,Suitable,dodgerblue,YES,234.878238,2672.516671,64.6225839999997
378000,4301000,CB4MH,50.85302,1e+06,7.66,56,378000 4301000,15.5,Suitable,dodgerblue,YES,234.878238,2672.516671,64.6225839999997
378000,4301000,CB4MH,41.0105,1e+06,8.16,55.1,378000 4301000,12.5,Suitable,dodgerblue,YES,234.878238,2672.516671,64.6225839999997
378000,4301000,CB4MH,14.76378,1e+06,9.53,52.9,378000 4301000,4.5,Suitable,dodgerblue,YES,234.878238,2672.516671,64.6225839999997
378000,4301000,CB4MH,27.88714,1e+06,9.04,53.6,378000 4301000,8.5,Suitable,dodgerblue,YES,234.878238,2672.516671,64.6225839999997
378000,4301000,CB4MH,24.6063,1e+06,9.19,53.4,378000 4301000,7.5,Suitable,dodgerblue,YES,234.878238,2672.516671,64.6225839999997
378000,4301000,CB4MH,47.57218,1e+06,7.76,55.6,378000 4301000,14.5,Suitable,dodgerblue,YES,234.878238,2672.516671,64.6225839999997
378000,4301000,CB4MH,44.29134,1e+06,7.96,55.3,378000 4301000,13.5,Suitable,dodgerblue,YES,234.878238,2672.516671,64.6225839999997
378000,4301000,CB4MH,11.48294,1e+06,9.63,52.9,378000 4301000,3.5,Suitable,dodgerblue,YES,234.878238,2672.516671,64.6225839999997
378000,4301000,CB4MH,37.72966,1e+06,8.31,55,378000 4301000,11.5,Suitable,dodgerblue,YES,234.878238,2672.516671,64.6225839999997
378000,4301000,CB4MH,18.04462,1e+06,9.47,52.9,378000 4301000,5.5,Suitable,dodgerblue,YES,234.878238,2672.516671,64.6225839999997
378000,4301000,CB4MH,67.25722,1e+06,6.44,57.9,378000 4301000,20.5,Suitable,dodgerblue,YES,234.878238,2672.516671,64.6225839999997
378000,4301000,CB4MH,57.4147,1e+06,6.74,57.6,378000 4301000,17.5,Suitable,dodgerblue,YES,234.878238,2672.516671,64.6225839999997
378000,4301000,CB4MH,54.13386,1e+06,7.22,56.9,378000 4301000,16.5,Suitable,dodgerblue,YES,234.878238,2672.516671,64.6225839999997
378000,4301000,CB4MH,73.8189,1e+06,6.32,57.9,378000 4301000,22.5,Suitable,dodgerblue,YES,234.878238,2672.516671,64.6225839999997
378000,4301000,CB4MH,60.69554,1e+06,6.64,57.7,378000 4301000,18.5,Suitable,dodgerblue,YES,234.878238,2672.516671,64.6225839999997
378000,4301000,CB4MH,21.32546,1e+06,9.36,53.1,378000 4301000,6.5,Suitable,dodgerblue,YES,234.878238,2672.516671,64.6225839999997
378000,4301000,CB4MH,4.92126,1e+06,9.93,52.4,378000 4301000,1.5,Suitable,dodgerblue,YES,234.878238,2672.516671,64.6225839999997
378000,4301000,CB4MH,70.53806,1e+06,6.37,57.9,378000 4301000,21.5,Suitable,dodgerblue,YES,234.878238,2672.516671,64.6225839999997
378000,4301000,CB4MH,1.64042,1e+06,9.97,52.4,378000 4301000,0.5,Suitable,dodgerblue,YES,234.878238,2672.516671,64.6225839999997
378000,4301000,CB4MH,8.2021,1e+06,9.79,52.6,378000 4301000,2.5,Suitable,dodgerblue,YES,234.878238,2672.516671,64.6225839999997
378000,4301000,CB4MH,77.09974,1e+06,6.29,58,378000 4301000,23.5,Suitable,dodgerblue,YES,234.878238,2672.516671,64.6225839999997
378000,4302000,CB4MH,80.38058,1e+06,6.22,58.2,378000 4302000,24.5,Suitable,dodgerblue,YES,234.878238,2673.138042,65.2439549999999
378000,4302000,CB4MH,57.4147,1e+06,6.71,57.6,378000 4302000,17.5,Suitable,dodgerblue,YES,234.878238,2673.138042,65.2439549999999
378000,4302000,CB4MH,1.64042,1e+06,10.03,52,378000 4302000,0.5,Suitable,dodgerblue,YES,234.878238,2673.138042,65.2439549999999
378000,4302000,CB4MH,63.97638,1e+06,6.52,57.8,378000 4302000,19.5,Suitable,dodgerblue,YES,234.878238,2673.138042,65.2439549999999
378000,4302000,CB4MH,77.09974,1e+06,6.3,58,378000 4302000,23.5,Suitable,dodgerblue,YES,234.878238,2673.138042,65.2439549999999
378000,4302000,CB4MH,8.2021,1e+06,9.82,52.3,378000 4302000,2.5,Suitable,dodgerblue,YES,234.878238,2673.138042,65.2439549999999
378000,4302000,CB4MH,21.32546,1e+06,9.33,53,378000 4302000,6.5,Suitable,dodgerblue,YES,234.878238,2673.138042,65.2439549999999
378000,4302000,CB4MH,18.04462,1e+06,9.43,52.8,378000 4302000,5.5,Suitable,dodgerblue,YES,234.878238,2673.138042,65.2439549999999
378000,4302000,CB4MH,73.8189,1e+06,6.31,57.9,378000 4302000,22.5,Suitable,dodgerblue,YES,234.878238,2673.138042,65.2439549999999
378000,4302000,CB4MH,31.16798,1e+06,8.8,53.8,378000 4302000,9.5,Suitable,dodgerblue,YES,234.878238,2673.138042,65.2439549999999
378000,4302000,CB4MH,4.92126,1e+06,9.98,52,378000 4302000,1.5,Suitable,dodgerblue,YES,234.878238,2673.138042,65.2439549999999
378000,4302000,CB4MH,47.57218,1e+06,7.72,55.6,378000 4302000,14.5,Suitable,dodgerblue,YES,234.878238,2673.138042,65.2439549999999
378000,4302000,CB4MH,34.44882,1e+06,8.52,54.3,378000 4302000,10.5,Suitable,dodgerblue,YES,234.878238,2673.138042,65.2439549999999
378000,4302000,CB4MH,37.72966,1e+06,8.29,55,378000 4302000,11.5,Suitable,dodgerblue,YES,234.878238,2673.138042,65.2439549999999
378000,4302000,CB4MH,41.0105,1e+06,8.12,55.2,378000 4302000,12.5,Suitable,dodgerblue,YES,234.878238,2673.138042,65.2439549999999
378000,4302000,CB4MH,11.48294,1e+06,9.62,52.7,378000 4302000,3.5,Suitable,dodgerblue,YES,234.878238,2673.138042,65.2439549999999
378000,4302000,CB4MH,67.25722,1e+06,6.42,57.9,378000 4302000,20.5,Suitable,dodgerblue,YES,234.878238,2673.138042,65.2439549999999
378000,4302000,CB4MH,54.13386,1e+06,7.19,56.9,378000 4302000,16.5,Suitable,dodgerblue,YES,234.878238,2673.138042,65.2439549999999
378000,4302000,CB4MH,50.85302,1e+06,7.61,56,378000 4302000,15.5,Suitable,dodgerblue,YES,234.878238,2673.138042,65.2439549999999
378000,4302000,CB4MH,24.6063,1e+06,9.17,53.3,378000 4302000,7.5,Suitable,dodgerblue,YES,234.878238,2673.138042,65.2439549999999
378000,4302000,CB4MH,27.88714,1e+06,9.03,53.5,378000 4302000,8.5,Suitable,dodgerblue,YES,234.878238,2673.138042,65.2439549999999
378000,4302000,CB4MH,44.29134,1e+06,7.92,55.4,378000 4302000,13.5,Suitable,dodgerblue,YES,234.878238,2673.138042,65.2439549999999
378000,4302000,CB4MH,14.76378,1e+06,9.51,52.8,378000 4302000,4.5,Suitable,dodgerblue,YES,234.878238,2673.138042,65.2439549999999
378000,4302000,CB4MH,70.53806,1e+06,6.36,57.9,378000 4302000,21.5,Suitable,dodgerblue,YES,234.878238,2673.138042,65.2439549999999
378000,4302000,CB4MH,60.69554,1e+06,6.62,57.7,378000 4302000,18.5,Suitable,dodgerblue,YES,234.878238,2673.138042,65.2439549999999
379000,4259000,CB4MH,24.6063,1e+06,9.34,53,379000 4259000,7.5,Suitable,dodgerblue,YES,235.499609,2646.419089,38.5250019999999
379000,4259000,CB4MH,11.48294,1e+06,9.58,52.9,379000 4259000,3.5,Suitable,dodgerblue,YES,235.499609,2646.419089,38.5250019999999
379000,4259000,CB4MH,50.85302,1e+06,8.21,55.5,379000 4259000,15.5,Suitable,dodgerblue,YES,235.499609,2646.419089,38.5250019999999
379000,4259000,CB4MH,21.32546,1e+06,9.37,53,379000 4259000,6.5,Suitable,dodgerblue,YES,235.499609,2646.419089,38.5250019999999
379000,4259000,CB4MH,34.44882,1e+06,8.99,54.1,379000 4259000,10.5,Suitable,dodgerblue,YES,235.499609,2646.419089,38.5250019999999
379000,4259000,CB4MH,67.25722,1e+06,7.74,56.4,379000 4259000,20.5,Suitable,dodgerblue,YES,235.499609,2646.419089,38.5250019999999
379000,4259000,CB4MH,14.76378,1e+06,9.5,52.9,379000 4259000,4.5,Suitable,dodgerblue,YES,235.499609,2646.419089,38.5250019999999
379000,4259000,CB4MH,18.04462,1e+06,9.43,53,379000 4259000,5.5,Suitable,dodgerblue,YES,235.499609,2646.419089,38.5250019999999
379000,4259000,CB4MH,44.29134,1e+06,8.71,54.6,379000 4259000,13.5,Suitable,dodgerblue,YES,235.499609,2646.419089,38.5250019999999
379000,4259000,CB4MH,1.64042,1e+06,9.68,53,379000 4259000,0.5,Suitable,dodgerblue,YES,235.499609,2646.419089,38.5250019999999
379000,4259000,CB4MH,31.16798,1e+06,9.24,52.6,379000 4259000,9.5,Suitable,dodgerblue,YES,235.499609,2646.419089,38.5250019999999
379000,4259000,CB4MH,8.2021,1e+06,9.64,52.9,379000 4259000,2.5,Suitable,dodgerblue,YES,235.499609,2646.419089,38.5250019999999
379000,4259000,CB4MH,77.09974,1e+06,7.68,56.6,379000 4259000,23.5,Suitable,dodgerblue,YES,235.499609,2646.419089,38.5250019999999
379000,4259000,CB4MH,63.97638,1e+06,7.81,56.3,379000 4259000,19.5,Suitable,dodgerblue,YES,235.499609,2646.419089,38.5250019999999
379000,4259000,CB4MH,60.69554,1e+06,7.89,56.2,379000 4259000,18.5,Suitable,dodgerblue,YES,235.499609,2646.419089,38.5250019999999
379000,4259000,CB4MH,80.38058,1e+06,7.71,56.6,379000 4259000,24.5,Suitable,dodgerblue,YES,235.499609,2646.419089,38.5250019999999
379000,4259000,CB4MH,37.72966,1e+06,8.93,54.2,379000 4259000,11.5,Suitable,dodgerblue,YES,235.499609,2646.419089,38.5250019999999
379000,4259000,CB4MH,27.88714,1e+06,9.29,53.1,379000 4259000,8.5,Suitable,dodgerblue,YES,235.499609,2646.419089,38.5250019999999
379000,4259000,CB4MH,4.92126,1e+06,9.67,53,379000 4259000,1.5,Suitable,dodgerblue,YES,235.499609,2646.419089,38.5250019999999
379000,4259000,CB4MH,41.0105,1e+06,8.86,54.3,379000 4259000,12.5,Suitable,dodgerblue,YES,235.499609,2646.419089,38.5250019999999
379000,4259000,CB4MH,70.53806,1e+06,7.7,56.5,379000 4259000,21.5,Suitable,dodgerblue,YES,235.499609,2646.419089,38.5250019999999
379000,4259000,CB4MH,54.13386,1e+06,8.11,55.7,379000 4259000,16.5,Suitable,dodgerblue,YES,235.499609,2646.419089,38.5250019999999
379000,4259000,CB4MH,47.57218,1e+06,8.42,55.2,379000 4259000,14.5,Suitable,dodgerblue,YES,235.499609,2646.419089,38.5250019999999
379000,4259000,CB4MH,57.4147,1e+06,8,56,379000 4259000,17.5,Suitable,dodgerblue,YES,235.499609,2646.419089,38.5250019999999
379000,4259000,CB4MH,73.8189,1e+06,7.69,56.5,379000 4259000,22.5,Suitable,dodgerblue,YES,235.499609,2646.419089,38.5250019999999
379000,4299000,CB4MH,1.64042,1e+06,9.91,52.9,379000 4299000,0.5,Suitable,dodgerblue,YES,235.499609,2671.273929,63.3798419999998
379000,4299000,CB4MH,63.97638,1e+06,6.55,57.8,379000 4299000,19.5,Suitable,dodgerblue,YES,235.499609,2671.273929,63.3798419999998
379000,4299000,CB4MH,8.2021,1e+06,9.75,53,379000 4299000,2.5,Suitable,dodgerblue,YES,235.499609,2671.273929,63.3798419999998
379000,4299000,CB4MH,44.29134,1e+06,8,55.3,379000 4299000,13.5,Suitable,dodgerblue,YES,235.499609,2671.273929,63.3798419999998
379000,4299000,CB4MH,14.76378,1e+06,9.55,53.1,379000 4299000,4.5,Suitable,dodgerblue,YES,235.499609,2671.273929,63.3798419999998
379000,4299000,CB4MH,41.0105,1e+06,8.18,55.1,379000 4299000,12.5,Suitable,dodgerblue,YES,235.499609,2671.273929,63.3798419999998
379000,4299000,CB4MH,27.88714,1e+06,9.05,53.7,379000 4299000,8.5,Suitable,dodgerblue,YES,235.499609,2671.273929,63.3798419999998
379000,4299000,CB4MH,67.25722,1e+06,6.45,57.9,379000 4299000,20.5,Suitable,dodgerblue,YES,235.499609,2671.273929,63.3798419999998
379000,4299000,CB4MH,47.57218,1e+06,7.8,55.5,379000 4299000,14.5,Suitable,dodgerblue,YES,235.499609,2671.273929,63.3798419999998
379000,4299000,CB4MH,31.16798,1e+06,8.8,54,379000 4299000,9.5,Suitable,dodgerblue,YES,235.499609,2671.273929,63.3798419999998
379000,4299000,CB4MH,34.44882,1e+06,8.5,54.6,379000 4299000,10.5,Suitable,dodgerblue,YES,235.499609,2671.273929,63.3798419999998
379000,4299000,CB4MH,37.72966,1e+06,8.32,55,379000 4299000,11.5,Suitable,dodgerblue,YES,235.499609,2671.273929,63.3798419999998
379000,4299000,CB4MH,54.13386,1e+06,7.25,56.9,379000 4299000,16.5,Suitable,dodgerblue,YES,235.499609,2671.273929,63.3798419999998
379000,4299000,CB4MH,24.6063,1e+06,9.2,53.5,379000 4299000,7.5,Suitable,dodgerblue,YES,235.499609,2671.273929,63.3798419999998
379000,4299000,CB4MH,11.48294,1e+06,9.65,53.1,379000 4299000,3.5,Suitable,dodgerblue,YES,235.499609,2671.273929,63.3798419999998
379000,4299000,CB4MH,21.32546,1e+06,9.4,53.3,379000 4299000,6.5,Suitable,dodgerblue,YES,235.499609,2671.273929,63.3798419999998
379000,4299000,CB4MH,60.69554,1e+06,6.65,57.7,379000 4299000,18.5,Suitable,dodgerblue,YES,235.499609,2671.273929,63.3798419999998
379000,4299000,CB4MH,57.4147,1e+06,6.75,57.6,379000 4299000,17.5,Suitable,dodgerblue,YES,235.499609,2671.273929,63.3798419999998
379000,4299000,CB4MH,73.8189,1e+06,6.33,57.9,379000 4299000,22.5,Suitable,dodgerblue,YES,235.499609,2671.273929,63.3798419999998
379000,4299000,CB4MH,50.85302,1e+06,7.7,55.9,379000 4299000,15.5,Suitable,dodgerblue,YES,235.499609,2671.273929,63.3798419999998
379000,4299000,CB4MH,70.53806,1e+06,6.38,57.9,379000 4299000,21.5,Suitable,dodgerblue,YES,235.499609,2671.273929,63.3798419999998
379000,4299000,CB4MH,4.92126,1e+06,9.86,52.9,379000 4299000,1.5,Suitable,dodgerblue,YES,235.499609,2671.273929,63.3798419999998
379000,4299000,CB4MH,18.04462,1e+06,9.5,53.1,379000 4299000,5.5,Suitable,dodgerblue,YES,235.499609,2671.273929,63.3798419999998
379000,4303000,CB4MH,14.76378,1e+06,9.48,52.6,379000 4303000,4.5,Suitable,dodgerblue,YES,235.499609,2673.759413,65.8653260000001
379000,4303000,CB4MH,77.09974,1e+06,6.32,58,379000 4303000,23.5,Suitable,dodgerblue,YES,235.499609,2673.759413,65.8653260000001
379000,4303000,CB4MH,11.48294,1e+06,9.59,52.5,379000 4303000,3.5,Suitable,dodgerblue,YES,235.499609,2673.759413,65.8653260000001
379000,4303000,CB4MH,70.53806,1e+06,6.33,58,379000 4303000,21.5,Suitable,dodgerblue,YES,235.499609,2673.759413,65.8653260000001
379000,4303000,CB4MH,67.25722,1e+06,6.39,57.9,379000 4303000,20.5,Suitable,dodgerblue,YES,235.499609,2673.759413,65.8653260000001
379000,4303000,CB4MH,73.8189,1e+06,6.28,58,379000 4303000,22.5,Suitable,dodgerblue,YES,235.499609,2673.759413,65.8653260000001
379000,4303000,CB4MH,8.2021,1e+06,9.83,52.1,379000 4303000,2.5,Suitable,dodgerblue,YES,235.499609,2673.759413,65.8653260000001
379000,4303000,CB4MH,4.92126,1e+06,9.98,51.8,379000 4303000,1.5,Suitable,dodgerblue,YES,235.499609,2673.759413,65.8653260000001
379000,4303000,CB4MH,1.64042,1e+06,10.03,51.8,379000 4303000,0.5,Suitable,dodgerblue,YES,235.499609,2673.759413,65.8653260000001
379000,4303000,CB4MH,31.16798,1e+06,8.79,53.7,379000 4303000,9.5,Suitable,dodgerblue,YES,235.499609,2673.759413,65.8653260000001
379000,4303000,CB4MH,21.32546,1e+06,9.29,52.8,379000 4303000,6.5,Suitable,dodgerblue,YES,235.499609,2673.759413,65.8653260000001
379000,4303000,CB4MH,27.88714,1e+06,9.02,53.4,379000 4303000,8.5,Suitable,dodgerblue,YES,235.499609,2673.759413,65.8653260000001
379000,4303000,CB4MH,34.44882,1e+06,8.54,54.2,379000 4303000,10.5,Suitable,dodgerblue,YES,235.499609,2673.759413,65.8653260000001
379000,4303000,CB4MH,50.85302,1e+06,7.54,56.1,379000 4303000,15.5,Suitable,dodgerblue,YES,235.499609,2673.759413,65.8653260000001
379000,4303000,CB4MH,44.29134,1e+06,7.86,55.5,379000 4303000,13.5,Suitable,dodgerblue,YES,235.499609,2673.759413,65.8653260000001
379000,4303000,CB4MH,41.0105,1e+06,8.07,55.2,379000 4303000,12.5,Suitable,dodgerblue,YES,235.499609,2673.759413,65.8653260000001
379000,4303000,CB4MH,37.72966,1e+06,8.26,55,379000 4303000,11.5,Suitable,dodgerblue,YES,235.499609,2673.759413,65.8653260000001
379000,4303000,CB4MH,60.69554,1e+06,6.58,57.7,379000 4303000,18.5,Suitable,dodgerblue,YES,235.499609,2673.759413,65.8653260000001
379000,4303000,CB4MH,54.13386,1e+06,7.13,57,379000 4303000,16.5,Suitable,dodgerblue,YES,235.499609,2673.759413,65.8653260000001
379000,4303000,CB4MH,18.04462,1e+06,9.4,52.7,379000 4303000,5.5,Suitable,dodgerblue,YES,235.499609,2673.759413,65.8653260000001
379000,4303000,CB4MH,24.6063,1e+06,9.15,53.2,379000 4303000,7.5,Suitable,dodgerblue,YES,235.499609,2673.759413,65.8653260000001
379000,4303000,CB4MH,63.97638,1e+06,6.49,57.8,379000 4303000,19.5,Suitable,dodgerblue,YES,235.499609,2673.759413,65.8653260000001
379000,4303000,CB4MH,47.57218,1e+06,7.65,55.7,379000 4303000,14.5,Suitable,dodgerblue,YES,235.499609,2673.759413,65.8653260000001
379000,4303000,CB4MH,57.4147,1e+06,6.68,57.6,379000 4303000,17.5,Suitable,dodgerblue,YES,235.499609,2673.759413,65.8653260000001
379000,4304000,CB4MH,1.64042,1e+06,10.1,51.4,379000 4304000,0.5,Suitable,dodgerblue,YES,235.499609,2674.380784,66.4866969999998
379000,4304000,CB4MH,18.04462,1e+06,9.35,52.5,379000 4304000,5.5,Suitable,dodgerblue,YES,235.499609,2674.380784,66.4866969999998
379000,4304000,CB4MH,37.72966,1e+06,8.18,55.1,379000 4304000,11.5,Suitable,dodgerblue,YES,235.499609,2674.380784,66.4866969999998
379000,4304000,CB4MH,73.8189,1e+06,6.2,58,379000 4304000,22.5,Suitable,dodgerblue,YES,235.499609,2674.380784,66.4866969999998
379000,4304000,CB4MH,24.6063,1e+06,9.13,53.1,379000 4304000,7.5,Suitable,dodgerblue,YES,235.499609,2674.380784,66.4866969999998
379000,4304000,CB4MH,11.48294,1e+06,9.56,52.4,379000 4304000,3.5,Suitable,dodgerblue,YES,235.499609,2674.380784,66.4866969999998
379000,4304000,CB4MH,8.2021,1e+06,9.85,51.8,379000 4304000,2.5,Suitable,dodgerblue,YES,235.499609,2674.380784,66.4866969999998
379000,4304000,CB4MH,14.76378,1e+06,9.44,52.4,379000 4304000,4.5,Suitable,dodgerblue,YES,235.499609,2674.380784,66.4866969999998
379000,4304000,CB4MH,34.44882,1e+06,8.54,54.1,379000 4304000,10.5,Suitable,dodgerblue,YES,235.499609,2674.380784,66.4866969999998
379000,4304000,CB4MH,47.57218,1e+06,7.52,55.9,379000 4304000,14.5,Suitable,dodgerblue,YES,235.499609,2674.380784,66.4866969999998
379000,4304000,CB4MH,57.4147,1e+06,6.56,57.8,379000 4304000,17.5,Suitable,dodgerblue,YES,235.499609,2674.380784,66.4866969999998
379000,4304000,CB4MH,27.88714,1e+06,8.99,53.3,379000 4304000,8.5,Suitable,dodgerblue,YES,235.499609,2674.380784,66.4866969999998
379000,4304000,CB4MH,70.53806,1e+06,6.25,58,379000 4304000,21.5,Suitable,dodgerblue,YES,235.499609,2674.380784,66.4866969999998
379000,4304000,CB4MH,41.0105,1e+06,7.95,55.3,379000 4304000,12.5,Suitable,dodgerblue,YES,235.499609,2674.380784,66.4866969999998
379000,4304000,CB4MH,63.97638,1e+06,6.39,58,379000 4304000,19.5,Suitable,dodgerblue,YES,235.499609,2674.380784,66.4866969999998
379000,4304000,CB4MH,4.92126,1e+06,10.05,51.4,379000 4304000,1.5,Suitable,dodgerblue,YES,235.499609,2674.380784,66.4866969999998
379000,4304000,CB4MH,44.29134,1e+06,7.72,55.7,379000 4304000,13.5,Suitable,dodgerblue,YES,235.499609,2674.380784,66.4866969999998
379000,4304000,CB4MH,21.32546,1e+06,9.25,52.7,379000 4304000,6.5,Suitable,dodgerblue,YES,235.499609,2674.380784,66.4866969999998
379000,4304000,CB4MH,67.25722,1e+06,6.31,58,379000 4304000,20.5,Suitable,dodgerblue,YES,235.499609,2674.380784,66.4866969999998
379000,4304000,CB4MH,77.09974,1e+06,6.28,58,379000 4304000,23.5,Suitable,dodgerblue,YES,235.499609,2674.380784,66.4866969999998
379000,4304000,CB4MH,50.85302,1e+06,7.41,56.3,379000 4304000,15.5,Suitable,dodgerblue,YES,235.499609,2674.380784,66.4866969999998
379000,4304000,CB4MH,60.69554,1e+06,6.48,57.9,379000 4304000,18.5,Suitable,dodgerblue,YES,235.499609,2674.380784,66.4866969999998
379000,4304000,CB4MH,54.13386,1e+06,7.01,57.1,379000 4304000,16.5,Suitable,dodgerblue,YES,235.499609,2674.380784,66.4866969999998
379000,4304000,CB4MH,80.38058,1e+06,6.22,58.2,379000 4304000,24.5,Suitable,dodgerblue,YES,235.499609,2674.380784,66.4866969999998
379000,4304000,CB4MH,31.16798,1e+06,8.78,53.6,379000 4304000,9.5,Suitable,dodgerblue,YES,235.499609,2674.380784,66.4866969999998
379000,4305000,CB4MH,73.8189,1e+06,6.14,58.1,379000 4305000,22.5,Suitable,dodgerblue,YES,235.499609,2675.002155,67.108068
379000,4305000,CB4MH,67.25722,1e+06,6.24,58.1,379000 4305000,20.5,Suitable,dodgerblue,YES,235.499609,2675.002155,67.108068
379000,4305000,CB4MH,37.72966,1e+06,8.11,55.1,379000 4305000,11.5,Suitable,dodgerblue,YES,235.499609,2675.002155,67.108068
379000,4305000,CB4MH,44.29134,1e+06,7.59,55.8,379000 4305000,13.5,Suitable,dodgerblue,YES,235.499609,2675.002155,67.108068
379000,4305000,CB4MH,54.13386,1e+06,6.89,57.3,379000 4305000,16.5,Suitable,dodgerblue,YES,235.499609,2675.002155,67.108068
379000,4305000,CB4MH,57.4147,1e+06,6.47,57.9,379000 4305000,17.5,Suitable,dodgerblue,YES,235.499609,2675.002155,67.108068
379000,4305000,CB4MH,47.57218,1e+06,7.39,56.1,379000 4305000,14.5,Suitable,dodgerblue,YES,235.499609,2675.002155,67.108068
379000,4305000,CB4MH,1.64042,1e+06,10.12,51.4,379000 4305000,0.5,Suitable,dodgerblue,YES,235.499609,2675.002155,67.108068
379000,4305000,CB4MH,4.92126,1e+06,10.03,51.5,379000 4305000,1.5,Suitable,dodgerblue,YES,235.499609,2675.002155,67.108068
379000,4305000,CB4MH,27.88714,1e+06,8.95,53.3,379000 4305000,8.5,Suitable,dodgerblue,YES,235.499609,2675.002155,67.108068
379000,4305000,CB4MH,63.97638,1e+06,6.32,58,379000 4305000,19.5,Suitable,dodgerblue,YES,235.499609,2675.002155,67.108068
379000,4305000,CB4MH,11.48294,1e+06,9.53,52.2,379000 4305000,3.5,Suitable,dodgerblue,YES,235.499609,2675.002155,67.108068
379000,4305000,CB4MH,77.09974,1e+06,6.28,58,379000 4305000,23.5,Suitable,dodgerblue,YES,235.499609,2675.002155,67.108068
379000,4305000,CB4MH,34.44882,1e+06,8.52,54,379000 4305000,10.5,Suitable,dodgerblue,YES,235.499609,2675.002155,67.108068
379000,4305000,CB4MH,60.69554,1e+06,6.39,57.9,379000 4305000,18.5,Suitable,dodgerblue,YES,235.499609,2675.002155,67.108068
379000,4305000,CB4MH,70.53806,1e+06,6.18,58.1,379000 4305000,21.5,Suitable,dodgerblue,YES,235.499609,2675.002155,67.108068
379000,4305000,CB4MH,31.16798,1e+06,8.74,53.6,379000 4305000,9.5,Suitable,dodgerblue,YES,235.499609,2675.002155,67.108068
379000,4305000,CB4MH,50.85302,1e+06,7.28,56.4,379000 4305000,15.5,Suitable,dodgerblue,YES,235.499609,2675.002155,67.108068
379000,4305000,CB4MH,80.38058,1e+06,6.22,58.2,379000 4305000,24.5,Suitable,dodgerblue,YES,235.499609,2675.002155,67.108068
379000,4305000,CB4MH,14.76378,1e+06,9.41,52.3,379000 4305000,4.5,Suitable,dodgerblue,YES,235.499609,2675.002155,67.108068
379000,4305000,CB4MH,8.2021,1e+06,9.84,51.8,379000 4305000,2.5,Suitable,dodgerblue,YES,235.499609,2675.002155,67.108068
379000,4305000,CB4MH,24.6063,1e+06,9.09,53.1,379000 4305000,7.5,Suitable,dodgerblue,YES,235.499609,2675.002155,67.108068
379000,4305000,CB4MH,21.32546,1e+06,9.19,52.5,379000 4305000,6.5,Suitable,dodgerblue,YES,235.499609,2675.002155,67.108068
379000,4305000,CB4MH,41.0105,1e+06,7.85,55.5,379000 4305000,12.5,Suitable,dodgerblue,YES,235.499609,2675.002155,67.108068
379000,4305000,CB4MH,18.04462,1e+06,9.3,52.4,379000 4305000,5.5,Suitable,dodgerblue,YES,235.499609,2675.002155,67.108068
379000,4306000,CB4MH,4.92126,1e+06,10.06,51.2,379000 4306000,1.5,Suitable,dodgerblue,YES,235.499609,2675.623526,67.7294389999997
379000,4306000,CB4MH,31.16798,1e+06,8.7,53.6,379000 4306000,9.5,Suitable,dodgerblue,YES,235.499609,2675.623526,67.7294389999997
379000,4306000,CB4MH,8.2021,1e+06,9.72,51.8,379000 4306000,2.5,Suitable,dodgerblue,YES,235.499609,2675.623526,67.7294389999997
379000,4306000,CB4MH,24.6063,1e+06,9.04,53,379000 4306000,7.5,Suitable,dodgerblue,YES,235.499609,2675.623526,67.7294389999997
379000,4306000,CB4MH,63.97638,1e+06,6.23,58.1,379000 4306000,19.5,Suitable,dodgerblue,YES,235.499609,2675.623526,67.7294389999997
379000,4306000,CB4MH,27.88714,1e+06,8.9,53.3,379000 4306000,8.5,Suitable,dodgerblue,YES,235.499609,2675.623526,67.7294389999997
379000,4306000,CB4MH,18.04462,1e+06,9.25,52.3,379000 4306000,5.5,Suitable,dodgerblue,YES,235.499609,2675.623526,67.7294389999997
379000,4306000,CB4MH,11.48294,1e+06,9.5,52.1,379000 4306000,3.5,Suitable,dodgerblue,YES,235.499609,2675.623526,67.7294389999997
379000,4306000,CB4MH,34.44882,1e+06,8.49,53.9,379000 4306000,10.5,Suitable,dodgerblue,YES,235.499609,2675.623526,67.7294389999997
379000,4306000,CB4MH,60.69554,1e+06,6.3,58,379000 4306000,18.5,Suitable,dodgerblue,YES,235.499609,2675.623526,67.7294389999997
379000,4306000,CB4MH,73.8189,1e+06,6.07,58.2,379000 4306000,22.5,Suitable,dodgerblue,YES,235.499609,2675.623526,67.7294389999997
379000,4306000,CB4MH,37.72966,1e+06,8.04,55.2,379000 4306000,11.5,Suitable,dodgerblue,YES,235.499609,2675.623526,67.7294389999997
379000,4306000,CB4MH,21.32546,1e+06,9.14,52.4,379000 4306000,6.5,Suitable,dodgerblue,YES,235.499609,2675.623526,67.7294389999997
379000,4306000,CB4MH,47.57218,1e+06,7.23,56.3,379000 4306000,14.5,Suitable,dodgerblue,YES,235.499609,2675.623526,67.7294389999997
379000,4306000,CB4MH,41.0105,1e+06,7.72,55.6,379000 4306000,12.5,Suitable,dodgerblue,YES,235.499609,2675.623526,67.7294389999997
379000,4306000,CB4MH,70.53806,1e+06,6.11,58.2,379000 4306000,21.5,Suitable,dodgerblue,YES,235.499609,2675.623526,67.7294389999997
379000,4306000,CB4MH,67.25722,1e+06,6.16,58.2,379000 4306000,20.5,Suitable,dodgerblue,YES,235.499609,2675.623526,67.7294389999997
379000,4306000,CB4MH,14.76378,1e+06,9.36,52.2,379000 4306000,4.5,Suitable,dodgerblue,YES,235.499609,2675.623526,67.7294389999997
379000,4306000,CB4MH,44.29134,1e+06,7.43,56,379000 4306000,13.5,Suitable,dodgerblue,YES,235.499609,2675.623526,67.7294389999997
379000,4306000,CB4MH,1.64042,1e+06,10.16,51.2,379000 4306000,0.5,Suitable,dodgerblue,YES,235.499609,2675.623526,67.7294389999997
379000,4306000,CB4MH,54.13386,1e+06,6.76,57.4,379000 4306000,16.5,Suitable,dodgerblue,YES,235.499609,2675.623526,67.7294389999997
379000,4306000,CB4MH,57.4147,1e+06,6.37,58,379000 4306000,17.5,Suitable,dodgerblue,YES,235.499609,2675.623526,67.7294389999997
379000,4306000,CB4MH,50.85302,1e+06,7.12,56.6,379000 4306000,15.5,Suitable,dodgerblue,YES,235.499609,2675.623526,67.7294389999997
379000,4309000,CB4MH,14.76378,1e+06,9.2,52.2,379000 4309000,4.5,Suitable,dodgerblue,YES,235.499609,2677.487639,69.5935519999998
379000,4309000,CB4MH,41.0105,1e+06,7.29,56.1,379000 4309000,12.5,Suitable,dodgerblue,YES,235.499609,2677.487639,69.5935519999998
379000,4309000,CB4MH,8.2021,1e+06,9.68,51.6,379000 4309000,2.5,Suitable,dodgerblue,YES,235.499609,2677.487639,69.5935519999998
379000,4309000,CB4MH,34.44882,1e+06,8.32,54,379000 4309000,10.5,Suitable,dodgerblue,YES,235.499609,2677.487639,69.5935519999998
379000,4309000,CB4MH,54.13386,1e+06,6.29,57.9,379000 4309000,16.5,Suitable,dodgerblue,YES,235.499609,2677.487639,69.5935519999998
379000,4309000,CB4MH,37.72966,1e+06,7.77,55.3,379000 4309000,11.5,Suitable,dodgerblue,YES,235.499609,2677.487639,69.5935519999998
379000,4309000,CB4MH,11.48294,1e+06,9.36,52,379000 4309000,3.5,Suitable,dodgerblue,YES,235.499609,2677.487639,69.5935519999998
379000,4309000,CB4MH,31.16798,1e+06,8.48,53.8,379000 4309000,9.5,Suitable,dodgerblue,YES,235.499609,2677.487639,69.5935519999998
379000,4309000,CB4MH,18.04462,1e+06,9.07,52.4,379000 4309000,5.5,Suitable,dodgerblue,YES,235.499609,2677.487639,69.5935519999998
379000,4309000,CB4MH,60.69554,1e+06,5.96,58.4,379000 4309000,18.5,Suitable,dodgerblue,YES,235.499609,2677.487639,69.5935519999998
379000,4309000,CB4MH,4.92126,1e+06,10.11,50.9,379000 4309000,1.5,Suitable,dodgerblue,YES,235.499609,2677.487639,69.5935519999998
379000,4309000,CB4MH,63.97638,1e+06,5.92,58.4,379000 4309000,19.5,Suitable,dodgerblue,YES,235.499609,2677.487639,69.5935519999998
379000,4309000,CB4MH,27.88714,1e+06,8.69,53.5,379000 4309000,8.5,Suitable,dodgerblue,YES,235.499609,2677.487639,69.5935519999998
379000,4309000,CB4MH,57.4147,1e+06,6,58.3,379000 4309000,17.5,Suitable,dodgerblue,YES,235.499609,2677.487639,69.5935519999998
379000,4309000,CB4MH,50.85302,1e+06,6.56,57.3,379000 4309000,15.5,Suitable,dodgerblue,YES,235.499609,2677.487639,69.5935519999998
379000,4309000,CB4MH,21.32546,1e+06,8.95,52.5,379000 4309000,6.5,Suitable,dodgerblue,YES,235.499609,2677.487639,69.5935519999998
379000,4309000,CB4MH,1.64042,1e+06,10.25,50.8,379000 4309000,0.5,Suitable,dodgerblue,YES,235.499609,2677.487639,69.5935519999998
379000,4309000,CB4MH,47.57218,1e+06,6.69,57,379000 4309000,14.5,Suitable,dodgerblue,YES,235.499609,2677.487639,69.5935519999998
379000,4309000,CB4MH,44.29134,1e+06,6.89,56.7,379000 4309000,13.5,Suitable,dodgerblue,YES,235.499609,2677.487639,69.5935519999998
379000,4309000,CB4MH,24.6063,1e+06,8.84,53.2,379000 4309000,7.5,Suitable,dodgerblue,YES,235.499609,2677.487639,69.5935519999998
380000,4257000,CB4MH,41.0105,1e+06,8.84,54.4,380000 4257000,12.5,Suitable,dodgerblue,YES,236.12098,2645.176347,37.28226
380000,4257000,CB4MH,14.76378,1e+06,9.39,53.4,380000 4257000,4.5,Suitable,dodgerblue,YES,236.12098,2645.176347,37.28226
380000,4257000,CB4MH,90.2231,1e+06,7.93,56.2,380000 4257000,27.5,Suitable,dodgerblue,YES,236.12098,2645.176347,37.28226
380000,4257000,CB4MH,27.88714,1e+06,9.15,53.7,380000 4257000,8.5,Suitable,dodgerblue,YES,236.12098,2645.176347,37.28226
380000,4257000,CB4MH,47.57218,1e+06,8.51,55.1,380000 4257000,14.5,Suitable,dodgerblue,YES,236.12098,2645.176347,37.28226
380000,4257000,CB4MH,24.6063,1e+06,9.22,53.6,380000 4257000,7.5,Suitable,dodgerblue,YES,236.12098,2645.176347,37.28226
380000,4257000,CB4MH,31.16798,1e+06,9.1,53.2,380000 4257000,9.5,Suitable,dodgerblue,YES,236.12098,2645.176347,37.28226
380000,4257000,CB4MH,54.13386,1e+06,8.22,55.5,380000 4257000,16.5,Suitable,dodgerblue,YES,236.12098,2645.176347,37.28226
380000,4257000,CB4MH,8.2021,1e+06,9.53,53.5,380000 4257000,2.5,Suitable,dodgerblue,YES,236.12098,2645.176347,37.28226
380000,4257000,CB4MH,93.50394,1e+06,8.2,55.6,380000 4257000,28.5,Suitable,dodgerblue,YES,236.12098,2645.176347,37.28226
380000,4257000,CB4MH,11.48294,1e+06,9.47,53.4,380000 4257000,3.5,Suitable,dodgerblue,YES,236.12098,2645.176347,37.28226
380000,4257000,CB4MH,37.72966,1e+06,8.91,54.4,380000 4257000,11.5,Suitable,dodgerblue,YES,236.12098,2645.176347,37.28226
380000,4257000,CB4MH,67.25722,1e+06,7.85,56.2,380000 4257000,20.5,Suitable,dodgerblue,YES,236.12098,2645.176347,37.28226
380000,4257000,CB4MH,50.85302,1e+06,8.34,55.3,380000 4257000,15.5,Suitable,dodgerblue,YES,236.12098,2645.176347,37.28226
380000,4257000,CB4MH,73.8189,1e+06,7.82,56.3,380000 4257000,22.5,Suitable,dodgerblue,YES,236.12098,2645.176347,37.28226
380000,4257000,CB4MH,1.64042,1e+06,9.55,53.6,380000 4257000,0.5,Suitable,dodgerblue,YES,236.12098,2645.176347,37.28226
380000,4257000,CB4MH,18.04462,1e+06,9.31,53.5,380000 4257000,5.5,Suitable,dodgerblue,YES,236.12098,2645.176347,37.28226
380000,4257000,CB4MH,34.44882,1e+06,8.94,54.3,380000 4257000,10.5,Suitable,dodgerblue,YES,236.12098,2645.176347,37.28226
380000,4257000,CB4MH,63.97638,1e+06,7.92,56.1,380000 4257000,19.5,Suitable,dodgerblue,YES,236.12098,2645.176347,37.28226
380000,4257000,CB4MH,21.32546,1e+06,9.26,53.6,380000 4257000,6.5,Suitable,dodgerblue,YES,236.12098,2645.176347,37.28226
380000,4257000,CB4MH,77.09974,1e+06,7.81,56.4,380000 4257000,23.5,Suitable,dodgerblue,YES,236.12098,2645.176347,37.28226
380000,4257000,CB4MH,86.94226,1e+06,7.93,56.2,380000 4257000,26.5,Suitable,dodgerblue,YES,236.12098,2645.176347,37.28226
380000,4257000,CB4MH,83.66142,1e+06,7.93,56.2,380000 4257000,25.5,Suitable,dodgerblue,YES,236.12098,2645.176347,37.28226
380000,4257000,CB4MH,80.38058,1e+06,7.83,56.4,380000 4257000,24.5,Suitable,dodgerblue,YES,236.12098,2645.176347,37.28226
380000,4257000,CB4MH,57.4147,1e+06,8.1,55.8,380000 4257000,17.5,Suitable,dodgerblue,YES,236.12098,2645.176347,37.28226
380000,4257000,CB4MH,44.29134,1e+06,8.72,54.7,380000 4257000,13.5,Suitable,dodgerblue,YES,236.12098,2645.176347,37.28226
380000,4257000,CB4MH,4.92126,1e+06,9.54,53.6,380000 4257000,1.5,Suitable,dodgerblue,YES,236.12098,2645.176347,37.28226
380000,4257000,CB4MH,70.53806,1e+06,7.82,56.3,380000 4257000,21.5,Suitable,dodgerblue,YES,236.12098,2645.176347,37.28226
380000,4257000,CB4MH,60.69554,1e+06,8,56,380000 4257000,18.5,Suitable,dodgerblue,YES,236.12098,2645.176347,37.28226
380000,4258000,CB4MH,34.44882,1e+06,8.96,54.2,380000 4258000,10.5,Suitable,dodgerblue,YES,236.12098,2645.797718,37.9036310000001
380000,4258000,CB4MH,18.04462,1e+06,9.37,53.2,380000 4258000,5.5,Suitable,dodgerblue,YES,236.12098,2645.797718,37.9036310000001
380000,4258000,CB4MH,54.13386,1e+06,8.18,55.6,380000 4258000,16.5,Suitable,dodgerblue,YES,236.12098,2645.797718,37.9036310000001
380000,4258000,CB4MH,21.32546,1e+06,9.32,53.3,380000 4258000,6.5,Suitable,dodgerblue,YES,236.12098,2645.797718,37.9036310000001
380000,4258000,CB4MH,1.64042,1e+06,9.61,53.2,380000 4258000,0.5,Suitable,dodgerblue,YES,236.12098,2645.797718,37.9036310000001
380000,4258000,CB4MH,24.6063,1e+06,9.28,53.3,380000 4258000,7.5,Suitable,dodgerblue,YES,236.12098,2645.797718,37.9036310000001
380000,4258000,CB4MH,60.69554,1e+06,7.96,56.1,380000 4258000,18.5,Suitable,dodgerblue,YES,236.12098,2645.797718,37.9036310000001
380000,4258000,CB4MH,31.16798,1e+06,9.17,52.9,380000 4258000,9.5,Suitable,dodgerblue,YES,236.12098,2645.797718,37.9036310000001
380000,4258000,CB4MH,37.72966,1e+06,8.92,54.3,380000 4258000,11.5,Suitable,dodgerblue,YES,236.12098,2645.797718,37.9036310000001
380000,4258000,CB4MH,63.97638,1e+06,7.88,56.2,380000 4258000,19.5,Suitable,dodgerblue,YES,236.12098,2645.797718,37.9036310000001
380000,4258000,CB4MH,70.53806,1e+06,7.78,56.3,380000 4258000,21.5,Suitable,dodgerblue,YES,236.12098,2645.797718,37.9036310000001
380000,4258000,CB4MH,67.25722,1e+06,7.81,56.3,380000 4258000,20.5,Suitable,dodgerblue,YES,236.12098,2645.797718,37.9036310000001
380000,4258000,CB4MH,47.57218,1e+06,8.48,55.1,380000 4258000,14.5,Suitable,dodgerblue,YES,236.12098,2645.797718,37.9036310000001
380000,4258000,CB4MH,57.4147,1e+06,8.07,55.9,380000 4258000,17.5,Suitable,dodgerblue,YES,236.12098,2645.797718,37.9036310000001
380000,4258000,CB4MH,27.88714,1e+06,9.22,53.3,380000 4258000,8.5,Suitable,dodgerblue,YES,236.12098,2645.797718,37.9036310000001
380000,4258000,CB4MH,44.29134,1e+06,8.72,54.7,380000 4258000,13.5,Suitable,dodgerblue,YES,236.12098,2645.797718,37.9036310000001
380000,4258000,CB4MH,8.2021,1e+06,9.58,53.2,380000 4258000,2.5,Suitable,dodgerblue,YES,236.12098,2645.797718,37.9036310000001
380000,4258000,CB4MH,4.92126,1e+06,9.6,53.2,380000 4258000,1.5,Suitable,dodgerblue,YES,236.12098,2645.797718,37.9036310000001
380000,4258000,CB4MH,14.76378,1e+06,9.44,53.1,380000 4258000,4.5,Suitable,dodgerblue,YES,236.12098,2645.797718,37.9036310000001
380000,4258000,CB4MH,73.8189,1e+06,7.77,56.4,380000 4258000,22.5,Suitable,dodgerblue,YES,236.12098,2645.797718,37.9036310000001
380000,4258000,CB4MH,41.0105,1e+06,8.85,54.4,380000 4258000,12.5,Suitable,dodgerblue,YES,236.12098,2645.797718,37.9036310000001
380000,4258000,CB4MH,50.85302,1e+06,8.29,55.4,380000 4258000,15.5,Suitable,dodgerblue,YES,236.12098,2645.797718,37.9036310000001
380000,4258000,CB4MH,11.48294,1e+06,9.52,53.1,380000 4258000,3.5,Suitable,dodgerblue,YES,236.12098,2645.797718,37.9036310000001
380000,4307000,CB4MH,60.69554,1e+06,6.17,58.2,380000 4307000,18.5,Suitable,dodgerblue,YES,236.12098,2676.244897,68.3508099999999
380000,4307000,CB4MH,80.38058,1e+06,6.22,58.2,380000 4307000,24.5,Suitable,dodgerblue,YES,236.12098,2676.244897,68.3508099999999
380000,4307000,CB4MH,24.6063,1e+06,8.98,53,380000 4307000,7.5,Suitable,dodgerblue,YES,236.12098,2676.244897,68.3508099999999
380000,4307000,CB4MH,21.32546,1e+06,9.09,52.4,380000 4307000,6.5,Suitable,dodgerblue,YES,236.12098,2676.244897,68.3508099999999
380000,4307000,CB4MH,57.4147,1e+06,6.22,58.1,380000 4307000,17.5,Suitable,dodgerblue,YES,236.12098,2676.244897,68.3508099999999
380000,4307000,CB4MH,47.57218,1e+06,7.02,56.6,380000 4307000,14.5,Suitable,dodgerblue,YES,236.12098,2676.244897,68.3508099999999
380000,4307000,CB4MH,63.97638,1e+06,6.11,58.2,380000 4307000,19.5,Suitable,dodgerblue,YES,236.12098,2676.244897,68.3508099999999
380000,4307000,CB4MH,8.2021,1e+06,9.69,51.7,380000 4307000,2.5,Suitable,dodgerblue,YES,236.12098,2676.244897,68.3508099999999
380000,4307000,CB4MH,31.16798,1e+06,8.65,53.5,380000 4307000,9.5,Suitable,dodgerblue,YES,236.12098,2676.244897,68.3508099999999
380000,4307000,CB4MH,37.72966,1e+06,7.93,55.2,380000 4307000,11.5,Suitable,dodgerblue,YES,236.12098,2676.244897,68.3508099999999
380000,4307000,CB4MH,44.29134,1e+06,7.22,56.3,380000 4307000,13.5,Suitable,dodgerblue,YES,236.12098,2676.244897,68.3508099999999
380000,4307000,CB4MH,77.09974,1e+06,6.28,58,380000 4307000,23.5,Suitable,dodgerblue,YES,236.12098,2676.244897,68.3508099999999
380000,4307000,CB4MH,34.44882,1e+06,8.46,53.8,380000 4307000,10.5,Suitable,dodgerblue,YES,236.12098,2676.244897,68.3508099999999
380000,4307000,CB4MH,54.13386,1e+06,6.58,57.6,380000 4307000,16.5,Suitable,dodgerblue,YES,236.12098,2676.244897,68.3508099999999
380000,4307000,CB4MH,18.04462,1e+06,9.2,52.3,380000 4307000,5.5,Suitable,dodgerblue,YES,236.12098,2676.244897,68.3508099999999
380000,4307000,CB4MH,27.88714,1e+06,8.85,53.3,380000 4307000,8.5,Suitable,dodgerblue,YES,236.12098,2676.244897,68.3508099999999
380000,4307000,CB4MH,73.8189,1e+06,5.98,58.3,380000 4307000,22.5,Suitable,dodgerblue,YES,236.12098,2676.244897,68.3508099999999
380000,4307000,CB4MH,41.0105,1e+06,7.56,55.8,380000 4307000,12.5,Suitable,dodgerblue,YES,236.12098,2676.244897,68.3508099999999
380000,4307000,CB4MH,70.53806,1e+06,6.01,58.3,380000 4307000,21.5,Suitable,dodgerblue,YES,236.12098,2676.244897,68.3508099999999
380000,4307000,CB4MH,50.85302,1e+06,6.9,56.9,380000 4307000,15.5,Suitable,dodgerblue,YES,236.12098,2676.244897,68.3508099999999
380000,4307000,CB4MH,67.25722,1e+06,6.05,58.3,380000 4307000,20.5,Suitable,dodgerblue,YES,236.12098,2676.244897,68.3508099999999
380000,4307000,CB4MH,1.64042,1e+06,10.03,51.4,380000 4307000,0.5,Suitable,dodgerblue,YES,236.12098,2676.244897,68.3508099999999
380000,4307000,CB4MH,4.92126,1e+06,9.93,51.5,380000 4307000,1.5,Suitable,dodgerblue,YES,236.12098,2676.244897,68.3508099999999
380000,4307000,CB4MH,11.48294,1e+06,9.44,52,380000 4307000,3.5,Suitable,dodgerblue,YES,236.12098,2676.244897,68.3508099999999
380000,4307000,CB4MH,14.76378,1e+06,9.3,52.2,380000 4307000,4.5,Suitable,dodgerblue,YES,236.12098,2676.244897,68.3508099999999
380000,4308000,CB4MH,21.32546,1e+06,9.02,52.5,380000 4308000,6.5,Suitable,dodgerblue,YES,236.12098,2676.866268,68.9721810000001
380000,4308000,CB4MH,44.29134,1e+06,7.03,56.6,380000 4308000,13.5,Suitable,dodgerblue,YES,236.12098,2676.866268,68.9721810000001
380000,4308000,CB4MH,24.6063,1e+06,8.91,53.1,380000 4308000,7.5,Suitable,dodgerblue,YES,236.12098,2676.866268,68.9721810000001
380000,4308000,CB4MH,11.48294,1e+06,9.39,52,380000 4308000,3.5,Suitable,dodgerblue,YES,236.12098,2676.866268,68.9721810000001
380000,4308000,CB4MH,67.25722,1e+06,5.95,58.4,380000 4308000,20.5,Suitable,dodgerblue,YES,236.12098,2676.866268,68.9721810000001
380000,4308000,CB4MH,77.09974,1e+06,6.28,58,380000 4308000,23.5,Suitable,dodgerblue,YES,236.12098,2676.866268,68.9721810000001
380000,4308000,CB4MH,18.04462,1e+06,9.13,52.3,380000 4308000,5.5,Suitable,dodgerblue,YES,236.12098,2676.866268,68.9721810000001
380000,4308000,CB4MH,63.97638,1e+06,6,58.3,380000 4308000,19.5,Suitable,dodgerblue,YES,236.12098,2676.866268,68.9721810000001
380000,4308000,CB4MH,1.64042,1e+06,10.07,51.3,380000 4308000,0.5,Suitable,dodgerblue,YES,236.12098,2676.866268,68.9721810000001
380000,4308000,CB4MH,47.57218,1e+06,6.83,56.8,380000 4308000,14.5,Suitable,dodgerblue,YES,236.12098,2676.866268,68.9721810000001
380000,4308000,CB4MH,60.69554,1e+06,6.05,58.3,380000 4308000,18.5,Suitable,dodgerblue,YES,236.12098,2676.866268,68.9721810000001
380000,4308000,CB4MH,70.53806,1e+06,5.92,58.4,380000 4308000,21.5,Suitable,dodgerblue,YES,236.12098,2676.866268,68.9721810000001
380000,4308000,CB4MH,8.2021,1e+06,9.68,51.7,380000 4308000,2.5,Suitable,dodgerblue,YES,236.12098,2676.866268,68.9721810000001
380000,4308000,CB4MH,50.85302,1e+06,6.71,57.2,380000 4308000,15.5,Suitable,dodgerblue,YES,236.12098,2676.866268,68.9721810000001
380000,4308000,CB4MH,27.88714,1e+06,8.77,53.4,380000 4308000,8.5,Suitable,dodgerblue,YES,236.12098,2676.866268,68.9721810000001
380000,4308000,CB4MH,14.76378,1e+06,9.24,52.2,380000 4308000,4.5,Suitable,dodgerblue,YES,236.12098,2676.866268,68.9721810000001
380000,4308000,CB4MH,31.16798,1e+06,8.57,53.6,380000 4308000,9.5,Suitable,dodgerblue,YES,236.12098,2676.866268,68.9721810000001
380000,4308000,CB4MH,41.0105,1e+06,7.41,55.9,380000 4308000,12.5,Suitable,dodgerblue,YES,236.12098,2676.866268,68.9721810000001
380000,4308000,CB4MH,54.13386,1e+06,6.41,57.7,380000 4308000,16.5,Suitable,dodgerblue,YES,236.12098,2676.866268,68.9721810000001
380000,4308000,CB4MH,37.72966,1e+06,7.84,55.3,380000 4308000,11.5,Suitable,dodgerblue,YES,236.12098,2676.866268,68.9721810000001
380000,4308000,CB4MH,73.8189,1e+06,5.9,58.4,380000 4308000,22.5,Suitable,dodgerblue,YES,236.12098,2676.866268,68.9721810000001
380000,4308000,CB4MH,57.4147,1e+06,6.1,58.2,380000 4308000,17.5,Suitable,dodgerblue,YES,236.12098,2676.866268,68.9721810000001
380000,4308000,CB4MH,34.44882,1e+06,8.4,53.9,380000 4308000,10.5,Suitable,dodgerblue,YES,236.12098,2676.866268,68.9721810000001
380000,4308000,CB4MH,4.92126,1e+06,9.95,51.4,380000 4308000,1.5,Suitable,dodgerblue,YES,236.12098,2676.866268,68.9721810000001
380000,4310000,CB4MH,50.85302,1e+06,6.34,57.6,380000 4310000,15.5,Suitable,dodgerblue,YES,236.12098,2678.10901,70.214923
380000,4310000,CB4MH,41.0105,1e+06,7.12,56.2,380000 4310000,12.5,Suitable,dodgerblue,YES,236.12098,2678.10901,70.214923
380000,4310000,CB4MH,24.6063,1e+06,8.74,53.3,380000 4310000,7.5,Suitable,dodgerblue,YES,236.12098,2678.10901,70.214923
380000,4310000,CB4MH,47.57218,1e+06,6.48,57.3,380000 4310000,14.5,Suitable,dodgerblue,YES,236.12098,2678.10901,70.214923
380000,4310000,CB4MH,37.72966,1e+06,7.66,55.4,380000 4310000,11.5,Suitable,dodgerblue,YES,236.12098,2678.10901,70.214923
380000,4310000,CB4MH,4.92126,1e+06,9.99,51.3,380000 4310000,1.5,Suitable,dodgerblue,YES,236.12098,2678.10901,70.214923
380000,4310000,CB4MH,31.16798,1e+06,8.36,54,380000 4310000,9.5,Suitable,dodgerblue,YES,236.12098,2678.10901,70.214923
380000,4310000,CB4MH,67.25722,1e+06,5.77,58.5,380000 4310000,20.5,Suitable,dodgerblue,YES,236.12098,2678.10901,70.214923
380000,4310000,CB4MH,34.44882,1e+06,8.21,54.2,380000 4310000,10.5,Suitable,dodgerblue,YES,236.12098,2678.10901,70.214923
380000,4310000,CB4MH,54.13386,1e+06,6.11,58,380000 4310000,16.5,Suitable,dodgerblue,YES,236.12098,2678.10901,70.214923
380000,4310000,CB4MH,44.29134,1e+06,6.68,57,380000 4310000,13.5,Suitable,dodgerblue,YES,236.12098,2678.10901,70.214923
380000,4310000,CB4MH,27.88714,1e+06,8.58,53.7,380000 4310000,8.5,Suitable,dodgerblue,YES,236.12098,2678.10901,70.214923
380000,4310000,CB4MH,21.32546,1e+06,8.87,52.7,380000 4310000,6.5,Suitable,dodgerblue,YES,236.12098,2678.10901,70.214923
380000,4310000,CB4MH,11.48294,1e+06,9.26,52.1,380000 4310000,3.5,Suitable,dodgerblue,YES,236.12098,2678.10901,70.214923
380000,4310000,CB4MH,18.04462,1e+06,8.98,52.6,380000 4310000,5.5,Suitable,dodgerblue,YES,236.12098,2678.10901,70.214923
380000,4310000,CB4MH,1.64042,1e+06,10.17,51.1,380000 4310000,0.5,Suitable,dodgerblue,YES,236.12098,2678.10901,70.214923
380000,4310000,CB4MH,63.97638,1e+06,5.8,58.5,380000 4310000,19.5,Suitable,dodgerblue,YES,236.12098,2678.10901,70.214923
380000,4310000,CB4MH,60.69554,1e+06,5.83,58.5,380000 4310000,18.5,Suitable,dodgerblue,YES,236.12098,2678.10901,70.214923
380000,4310000,CB4MH,70.53806,1e+06,5.75,58.5,380000 4310000,21.5,Suitable,dodgerblue,YES,236.12098,2678.10901,70.214923
380000,4310000,CB4MH,14.76378,1e+06,9.1,52.4,380000 4310000,4.5,Suitable,dodgerblue,YES,236.12098,2678.10901,70.214923
380000,4310000,CB4MH,8.2021,1e+06,9.64,51.6,380000 4310000,2.5,Suitable,dodgerblue,YES,236.12098,2678.10901,70.214923
380000,4310000,CB4MH,57.4147,1e+06,5.86,58.5,380000 4310000,17.5,Suitable,dodgerblue,YES,236.12098,2678.10901,70.214923
380000,4311000,CB4MH,31.16798,1e+06,8.24,54.2,380000 4311000,9.5,Suitable,dodgerblue,YES,236.12098,2678.730381,70.8362939999997
380000,4311000,CB4MH,21.32546,1e+06,8.79,52.8,380000 4311000,6.5,Suitable,dodgerblue,YES,236.12098,2678.730381,70.8362939999997
380000,4311000,CB4MH,27.88714,1e+06,8.47,53.9,380000 4311000,8.5,Suitable,dodgerblue,YES,236.12098,2678.730381,70.8362939999997
380000,4311000,CB4MH,41.0105,1e+06,7,56.4,380000 4311000,12.5,Suitable,dodgerblue,YES,236.12098,2678.730381,70.8362939999997
380000,4311000,CB4MH,8.2021,1e+06,9.61,51.7,380000 4311000,2.5,Suitable,dodgerblue,YES,236.12098,2678.730381,70.8362939999997
380000,4311000,CB4MH,14.76378,1e+06,9.01,52.6,380000 4311000,4.5,Suitable,dodgerblue,YES,236.12098,2678.730381,70.8362939999997
380000,4311000,CB4MH,47.57218,1e+06,6.33,57.5,380000 4311000,14.5,Suitable,dodgerblue,YES,236.12098,2678.730381,70.8362939999997
380000,4311000,CB4MH,44.29134,1e+06,6.53,57.2,380000 4311000,13.5,Suitable,dodgerblue,YES,236.12098,2678.730381,70.8362939999997
380000,4311000,CB4MH,34.44882,1e+06,8.1,54.4,380000 4311000,10.5,Suitable,dodgerblue,YES,236.12098,2678.730381,70.8362939999997
380000,4311000,CB4MH,80.38058,1e+06,6.22,58.2,380000 4311000,24.5,Suitable,dodgerblue,YES,236.12098,2678.730381,70.8362939999997
380000,4311000,CB4MH,70.53806,1e+06,5.68,58.6,380000 4311000,21.5,Suitable,dodgerblue,YES,236.12098,2678.730381,70.8362939999997
380000,4311000,CB4MH,1.64042,1e+06,10.22,51.1,380000 4311000,0.5,Suitable,dodgerblue,YES,236.12098,2678.730381,70.8362939999997
380000,4311000,CB4MH,24.6063,1e+06,8.64,53.5,380000 4311000,7.5,Suitable,dodgerblue,YES,236.12098,2678.730381,70.8362939999997
380000,4311000,CB4MH,11.48294,1e+06,9.18,52.3,380000 4311000,3.5,Suitable,dodgerblue,YES,236.12098,2678.730381,70.8362939999997
380000,4311000,CB4MH,77.09974,1e+06,6.28,58,380000 4311000,23.5,Suitable,dodgerblue,YES,236.12098,2678.730381,70.8362939999997
380000,4311000,CB4MH,67.25722,1e+06,5.7,58.6,380000 4311000,20.5,Suitable,dodgerblue,YES,236.12098,2678.730381,70.8362939999997
380000,4311000,CB4MH,37.72966,1e+06,7.59,55.4,380000 4311000,11.5,Suitable,dodgerblue,YES,236.12098,2678.730381,70.8362939999997
380000,4311000,CB4MH,83.66142,1e+06,6.17,58.3,380000 4311000,25.5,Suitable,dodgerblue,YES,236.12098,2678.730381,70.8362939999997
380000,4311000,CB4MH,54.13386,1e+06,5.98,58.2,380000 4311000,16.5,Suitable,dodgerblue,YES,236.12098,2678.730381,70.8362939999997
380000,4311000,CB4MH,4.92126,1e+06,10.02,51.2,380000 4311000,1.5,Suitable,dodgerblue,YES,236.12098,2678.730381,70.8362939999997
380000,4311000,CB4MH,73.8189,1e+06,5.67,58.6,380000 4311000,22.5,Suitable,dodgerblue,YES,236.12098,2678.730381,70.8362939999997
380000,4311000,CB4MH,63.97638,1e+06,5.72,58.6,380000 4311000,19.5,Suitable,dodgerblue,YES,236.12098,2678.730381,70.8362939999997
380000,4311000,CB4MH,60.69554,1e+06,5.74,58.6,380000 4311000,18.5,Suitable,dodgerblue,YES,236.12098,2678.730381,70.8362939999997
380000,4311000,CB4MH,50.85302,1e+06,6.19,57.8,380000 4311000,15.5,Suitable,dodgerblue,YES,236.12098,2678.730381,70.8362939999997
380000,4311000,CB4MH,18.04462,1e+06,8.9,52.7,380000 4311000,5.5,Suitable,dodgerblue,YES,236.12098,2678.730381,70.8362939999997
380000,4311000,CB4MH,57.4147,1e+06,5.76,58.6,380000 4311000,17.5,Suitable,dodgerblue,YES,236.12098,2678.730381,70.8362939999997
380000,4312000,CB4MH,50.85302,1e+06,6.07,58,380000 4312000,15.5,Suitable,dodgerblue,YES,236.12098,2679.351752,71.4576649999999
380000,4312000,CB4MH,1.64042,1e+06,10.31,50.9,380000 4312000,0.5,Suitable,dodgerblue,YES,236.12098,2679.351752,71.4576649999999
380000,4312000,CB4MH,80.38058,1e+06,6.22,58.2,380000 4312000,24.5,Suitable,dodgerblue,YES,236.12098,2679.351752,71.4576649999999
380000,4312000,CB4MH,73.8189,1e+06,5.62,58.7,380000 4312000,22.5,Suitable,dodgerblue,YES,236.12098,2679.351752,71.4576649999999
380000,4312000,CB4MH,96.78478,1e+06,6.1,58.3,380000 4312000,29.5,Suitable,dodgerblue,YES,236.12098,2679.351752,71.4576649999999
380000,4312000,CB4MH,24.6063,1e+06,8.54,53.6,380000 4312000,7.5,Suitable,dodgerblue,YES,236.12098,2679.351752,71.4576649999999
380000,4312000,CB4MH,27.88714,1e+06,8.36,54.1,380000 4312000,8.5,Suitable,dodgerblue,YES,236.12098,2679.351752,71.4576649999999
380000,4312000,CB4MH,47.57218,1e+06,6.21,57.6,380000 4312000,14.5,Suitable,dodgerblue,YES,236.12098,2679.351752,71.4576649999999
380000,4312000,CB4MH,18.04462,1e+06,8.84,52.8,380000 4312000,5.5,Suitable,dodgerblue,YES,236.12098,2679.351752,71.4576649999999
380000,4312000,CB4MH,14.76378,1e+06,8.95,52.6,380000 4312000,4.5,Suitable,dodgerblue,YES,236.12098,2679.351752,71.4576649999999
380000,4312000,CB4MH,31.16798,1e+06,8.12,54.4,380000 4312000,9.5,Suitable,dodgerblue,YES,236.12098,2679.351752,71.4576649999999
380000,4312000,CB4MH,63.97638,1e+06,5.65,58.7,380000 4312000,19.5,Suitable,dodgerblue,YES,236.12098,2679.351752,71.4576649999999
380000,4312000,CB4MH,41.0105,1e+06,6.91,56.5,380000 4312000,12.5,Suitable,dodgerblue,YES,236.12098,2679.351752,71.4576649999999
380000,4312000,CB4MH,70.53806,1e+06,5.62,58.7,380000 4312000,21.5,Suitable,dodgerblue,YES,236.12098,2679.351752,71.4576649999999
380000,4312000,CB4MH,11.48294,1e+06,9.13,52.2,380000 4312000,3.5,Suitable,dodgerblue,YES,236.12098,2679.351752,71.4576649999999
380000,4312000,CB4MH,21.32546,1e+06,8.71,52.9,380000 4312000,6.5,Suitable,dodgerblue,YES,236.12098,2679.351752,71.4576649999999
380000,4312000,CB4MH,60.69554,1e+06,5.66,58.6,380000 4312000,18.5,Suitable,dodgerblue,YES,236.12098,2679.351752,71.4576649999999
380000,4312000,CB4MH,93.50394,1e+06,6.1,58.3,380000 4312000,28.5,Suitable,dodgerblue,YES,236.12098,2679.351752,71.4576649999999
380000,4312000,CB4MH,44.29134,1e+06,6.41,57.4,380000 4312000,13.5,Suitable,dodgerblue,YES,236.12098,2679.351752,71.4576649999999
380000,4312000,CB4MH,57.4147,1e+06,5.68,58.6,380000 4312000,17.5,Suitable,dodgerblue,YES,236.12098,2679.351752,71.4576649999999
380000,4312000,CB4MH,37.72966,1e+06,7.53,55.4,380000 4312000,11.5,Suitable,dodgerblue,YES,236.12098,2679.351752,71.4576649999999
380000,4312000,CB4MH,77.09974,1e+06,6.28,58,380000 4312000,23.5,Suitable,dodgerblue,YES,236.12098,2679.351752,71.4576649999999
380000,4312000,CB4MH,34.44882,1e+06,7.99,54.6,380000 4312000,10.5,Suitable,dodgerblue,YES,236.12098,2679.351752,71.4576649999999
380000,4312000,CB4MH,83.66142,1e+06,6.17,58.3,380000 4312000,25.5,Suitable,dodgerblue,YES,236.12098,2679.351752,71.4576649999999
380000,4312000,CB4MH,8.2021,1e+06,9.61,51.6,380000 4312000,2.5,Suitable,dodgerblue,YES,236.12098,2679.351752,71.4576649999999
380000,4312000,CB4MH,4.92126,1e+06,10.08,51.1,380000 4312000,1.5,Suitable,dodgerblue,YES,236.12098,2679.351752,71.4576649999999
380000,4312000,CB4MH,90.2231,1e+06,6.1,58.3,380000 4312000,27.5,Suitable,dodgerblue,YES,236.12098,2679.351752,71.4576649999999
380000,4312000,CB4MH,67.25722,1e+06,5.63,58.7,380000 4312000,20.5,Suitable,dodgerblue,YES,236.12098,2679.351752,71.4576649999999
380000,4312000,CB4MH,86.94226,1e+06,6.12,58.3,380000 4312000,26.5,Suitable,dodgerblue,YES,236.12098,2679.351752,71.4576649999999
380000,4312000,CB4MH,54.13386,1e+06,5.88,58.3,380000 4312000,16.5,Suitable,dodgerblue,YES,236.12098,2679.351752,71.4576649999999
380000,4313000,CB4MH,34.44882,1e+06,7.87,54.8,380000 4313000,10.5,Suitable,dodgerblue,YES,236.12098,2679.973123,72.0790360000001
380000,4313000,CB4MH,37.72966,1e+06,7.48,55.5,380000 4313000,11.5,Suitable,dodgerblue,YES,236.12098,2679.973123,72.0790360000001
380000,4313000,CB4MH,18.04462,1e+06,8.77,53,380000 4313000,5.5,Suitable,dodgerblue,YES,236.12098,2679.973123,72.0790360000001
380000,4313000,CB4MH,80.38058,1e+06,6.22,58.2,380000 4313000,24.5,Suitable,dodgerblue,YES,236.12098,2679.973123,72.0790360000001
380000,4313000,CB4MH,47.57218,1e+06,6.12,57.8,380000 4313000,14.5,Suitable,dodgerblue,YES,236.12098,2679.973123,72.0790360000001
380000,4313000,CB4MH,1.64042,1e+06,10.35,50.9,380000 4313000,0.5,Suitable,dodgerblue,YES,236.12098,2679.973123,72.0790360000001
380000,4313000,CB4MH,90.2231,1e+06,6.1,58.3,380000 4313000,27.5,Suitable,dodgerblue,YES,236.12098,2679.973123,72.0790360000001
380000,4313000,CB4MH,31.16798,1e+06,8,54.7,380000 4313000,9.5,Suitable,dodgerblue,YES,236.12098,2679.973123,72.0790360000001
380000,4313000,CB4MH,41.0105,1e+06,6.84,56.6,380000 4313000,12.5,Suitable,dodgerblue,YES,236.12098,2679.973123,72.0790360000001
380000,4313000,CB4MH,24.6063,1e+06,8.45,53.8,380000 4313000,7.5,Suitable,dodgerblue,YES,236.12098,2679.973123,72.0790360000001
380000,4313000,CB4MH,50.85302,1e+06,5.97,58.1,380000 4313000,15.5,Suitable,dodgerblue,YES,236.12098,2679.973123,72.0790360000001
380000,4313000,CB4MH,86.94226,1e+06,6.12,58.3,380000 4313000,26.5,Suitable,dodgerblue,YES,236.12098,2679.973123,72.0790360000001
380000,4313000,CB4MH,54.13386,1e+06,5.8,58.4,380000 4313000,16.5,Suitable,dodgerblue,YES,236.12098,2679.973123,72.0790360000001
380000,4313000,CB4MH,44.29134,1e+06,6.32,57.5,380000 4313000,13.5,Suitable,dodgerblue,YES,236.12098,2679.973123,72.0790360000001
380000,4313000,CB4MH,8.2021,1e+06,9.58,51.7,380000 4313000,2.5,Suitable,dodgerblue,YES,236.12098,2679.973123,72.0790360000001
380000,4313000,CB4MH,27.88714,1e+06,8.25,54.3,380000 4313000,8.5,Suitable,dodgerblue,YES,236.12098,2679.973123,72.0790360000001
380000,4313000,CB4MH,77.09974,1e+06,6.28,58,380000 4313000,23.5,Suitable,dodgerblue,YES,236.12098,2679.973123,72.0790360000001
380000,4313000,CB4MH,57.4147,1e+06,5.61,58.7,380000 4313000,17.5,Suitable,dodgerblue,YES,236.12098,2679.973123,72.0790360000001
380000,4313000,CB4MH,21.32546,1e+06,8.64,53.2,380000 4313000,6.5,Suitable,dodgerblue,YES,236.12098,2679.973123,72.0790360000001
380000,4313000,CB4MH,14.76378,1e+06,8.86,52.8,380000 4313000,4.5,Suitable,dodgerblue,YES,236.12098,2679.973123,72.0790360000001
380000,4313000,CB4MH,73.8189,1e+06,5.58,58.7,380000 4313000,22.5,Suitable,dodgerblue,YES,236.12098,2679.973123,72.0790360000001
380000,4313000,CB4MH,83.66142,1e+06,6.17,58.3,380000 4313000,25.5,Suitable,dodgerblue,YES,236.12098,2679.973123,72.0790360000001
380000,4313000,CB4MH,67.25722,1e+06,5.59,58.7,380000 4313000,20.5,Suitable,dodgerblue,YES,236.12098,2679.973123,72.0790360000001
380000,4313000,CB4MH,60.69554,1e+06,5.61,58.7,380000 4313000,18.5,Suitable,dodgerblue,YES,236.12098,2679.973123,72.0790360000001
380000,4313000,CB4MH,4.92126,1e+06,10.1,51.1,380000 4313000,1.5,Suitable,dodgerblue,YES,236.12098,2679.973123,72.0790360000001
380000,4313000,CB4MH,70.53806,1e+06,5.58,58.7,380000 4313000,21.5,Suitable,dodgerblue,YES,236.12098,2679.973123,72.0790360000001
380000,4313000,CB4MH,11.48294,1e+06,9.05,52.4,380000 4313000,3.5,Suitable,dodgerblue,YES,236.12098,2679.973123,72.0790360000001
380000,4313000,CB4MH,63.97638,1e+06,5.6,58.7,380000 4313000,19.5,Suitable,dodgerblue,YES,236.12098,2679.973123,72.0790360000001
380000,4323000,CB3MH,24.6063,1e+06,8.58,53.4,380000 4323000,7.5,Suitable,dodgerblue,YES,236.12098,2686.186833,78.2927460000001
380000,4323000,CB3MH,37.72966,1e+06,7.52,55.4,380000 4323000,11.5,Suitable,dodgerblue,YES,236.12098,2686.186833,78.2927460000001
380000,4323000,CB3MH,31.16798,1e+06,8.15,54.3,380000 4323000,9.5,Suitable,dodgerblue,YES,236.12098,2686.186833,78.2927460000001
380000,4323000,CB3MH,21.32546,1e+06,8.77,53.1,380000 4323000,6.5,Suitable,dodgerblue,YES,236.12098,2686.186833,78.2927460000001
380000,4323000,CB3MH,14.76378,1e+06,9.03,52,380000 4323000,4.5,Suitable,dodgerblue,YES,236.12098,2686.186833,78.2927460000001
380000,4323000,CB3MH,11.48294,1e+06,9.31,51.5,380000 4323000,3.5,Suitable,dodgerblue,YES,236.12098,2686.186833,78.2927460000001
380000,4323000,CB3MH,4.92126,1e+06,10.08,50.6,380000 4323000,1.5,Suitable,dodgerblue,YES,236.12098,2686.186833,78.2927460000001
380000,4323000,CB3MH,34.44882,1e+06,7.93,54.8,380000 4323000,10.5,Suitable,dodgerblue,YES,236.12098,2686.186833,78.2927460000001
380000,4323000,CB3MH,1.64042,1e+06,10.27,50.4,380000 4323000,0.5,Suitable,dodgerblue,YES,236.12098,2686.186833,78.2927460000001
380000,4323000,CB3MH,27.88714,1e+06,8.38,53.9,380000 4323000,8.5,Suitable,dodgerblue,YES,236.12098,2686.186833,78.2927460000001
380000,4323000,CB3MH,41.0105,1e+06,6.89,56.5,380000 4323000,12.5,Suitable,dodgerblue,YES,236.12098,2686.186833,78.2927460000001
380000,4323000,CB3MH,8.2021,1e+06,9.72,51,380000 4323000,2.5,Suitable,dodgerblue,YES,236.12098,2686.186833,78.2927460000001
380000,4323000,CB3MH,18.04462,1e+06,8.85,53,380000 4323000,5.5,Suitable,dodgerblue,YES,236.12098,2686.186833,78.2927460000001
381000,4255000,CB4MH,77.09974,1e+06,7.88,56.2,381000 4255000,23.5,Suitable,dodgerblue,YES,236.742351,2643.933605,36.039518
381000,4255000,CB4MH,54.13386,1e+06,8.27,55.4,381000 4255000,16.5,Suitable,dodgerblue,YES,236.742351,2643.933605,36.039518
381000,4255000,CB4MH,18.04462,1e+06,9.18,53.9,381000 4255000,5.5,Suitable,dodgerblue,YES,236.742351,2643.933605,36.039518
381000,4255000,CB4MH,11.48294,1e+06,9.36,53.8,381000 4255000,3.5,Suitable,dodgerblue,YES,236.742351,2643.933605,36.039518
381000,4255000,CB4MH,70.53806,1e+06,7.89,56.1,381000 4255000,21.5,Suitable,dodgerblue,YES,236.742351,2643.933605,36.039518
381000,4255000,CB4MH,1.64042,1e+06,9.42,53.9,381000 4255000,0.5,Suitable,dodgerblue,YES,236.742351,2643.933605,36.039518
381000,4255000,CB4MH,44.29134,1e+06,8.72,54.8,381000 4255000,13.5,Suitable,dodgerblue,YES,236.742351,2643.933605,36.039518
381000,4255000,CB4MH,4.92126,1e+06,9.42,53.9,381000 4255000,1.5,Suitable,dodgerblue,YES,236.742351,2643.933605,36.039518
381000,4255000,CB4MH,34.44882,1e+06,8.91,54.4,381000 4255000,10.5,Suitable,dodgerblue,YES,236.742351,2643.933605,36.039518
381000,4255000,CB4MH,37.72966,1e+06,8.89,54.5,381000 4255000,11.5,Suitable,dodgerblue,YES,236.742351,2643.933605,36.039518
381000,4255000,CB4MH,57.4147,1e+06,8.15,55.8,381000 4255000,17.5,Suitable,dodgerblue,YES,236.742351,2643.933605,36.039518
381000,4255000,CB4MH,50.85302,1e+06,8.41,55.2,381000 4255000,15.5,Suitable,dodgerblue,YES,236.742351,2643.933605,36.039518
381000,4255000,CB4MH,73.8189,1e+06,7.88,56.1,381000 4255000,22.5,Suitable,dodgerblue,YES,236.742351,2643.933605,36.039518
381000,4255000,CB4MH,21.32546,1e+06,9.14,54,381000 4255000,6.5,Suitable,dodgerblue,YES,236.742351,2643.933605,36.039518
381000,4255000,CB4MH,41.0105,1e+06,8.83,54.5,381000 4255000,12.5,Suitable,dodgerblue,YES,236.742351,2643.933605,36.039518
381000,4255000,CB4MH,24.6063,1e+06,9.09,54.1,381000 4255000,7.5,Suitable,dodgerblue,YES,236.742351,2643.933605,36.039518
381000,4255000,CB4MH,63.97638,1e+06,7.97,56.1,381000 4255000,19.5,Suitable,dodgerblue,YES,236.742351,2643.933605,36.039518
381000,4255000,CB4MH,80.38058,1e+06,7.89,56.3,381000 4255000,24.5,Suitable,dodgerblue,YES,236.742351,2643.933605,36.039518
381000,4255000,CB4MH,27.88714,1e+06,9.01,54.2,381000 4255000,8.5,Suitable,dodgerblue,YES,236.742351,2643.933605,36.039518
381000,4255000,CB4MH,60.69554,1e+06,8.05,56,381000 4255000,18.5,Suitable,dodgerblue,YES,236.742351,2643.933605,36.039518
381000,4255000,CB4MH,14.76378,1e+06,9.27,53.8,381000 4255000,4.5,Suitable,dodgerblue,YES,236.742351,2643.933605,36.039518
381000,4255000,CB4MH,8.2021,1e+06,9.41,53.9,381000 4255000,2.5,Suitable,dodgerblue,YES,236.742351,2643.933605,36.039518
381000,4255000,CB4MH,47.57218,1e+06,8.56,55,381000 4255000,14.5,Suitable,dodgerblue,YES,236.742351,2643.933605,36.039518
381000,4255000,CB4MH,67.25722,1e+06,7.91,56.1,381000 4255000,20.5,Suitable,dodgerblue,YES,236.742351,2643.933605,36.039518
381000,4255000,CB4MH,31.16798,1e+06,8.97,53.9,381000 4255000,9.5,Suitable,dodgerblue,YES,236.742351,2643.933605,36.039518
381000,4255000,CB4MH,83.66142,1e+06,7.91,56.3,381000 4255000,25.5,Suitable,dodgerblue,YES,236.742351,2643.933605,36.039518
381000,4256000,CB4MH,86.94226,1e+06,7.92,56.3,381000 4256000,26.5,Suitable,dodgerblue,YES,236.742351,2644.554976,36.6608889999998
381000,4256000,CB4MH,24.6063,1e+06,9.15,53.9,381000 4256000,7.5,Suitable,dodgerblue,YES,236.742351,2644.554976,36.6608889999998
381000,4256000,CB4MH,21.32546,1e+06,9.19,53.8,381000 4256000,6.5,Suitable,dodgerblue,YES,236.742351,2644.554976,36.6608889999998
381000,4256000,CB4MH,83.66142,1e+06,7.92,56.3,381000 4256000,25.5,Suitable,dodgerblue,YES,236.742351,2644.554976,36.6608889999998
381000,4256000,CB4MH,90.2231,1e+06,7.92,56.3,381000 4256000,27.5,Suitable,dodgerblue,YES,236.742351,2644.554976,36.6608889999998
381000,4256000,CB4MH,57.4147,1e+06,8.14,55.8,381000 4256000,17.5,Suitable,dodgerblue,YES,236.742351,2644.554976,36.6608889999998
381000,4256000,CB4MH,4.92126,1e+06,9.48,53.8,381000 4256000,1.5,Suitable,dodgerblue,YES,236.742351,2644.554976,36.6608889999998
381000,4256000,CB4MH,93.50394,1e+06,8.2,55.6,381000 4256000,28.5,Suitable,dodgerblue,YES,236.742351,2644.554976,36.6608889999998
381000,4256000,CB4MH,27.88714,1e+06,9.07,53.9,381000 4256000,8.5,Suitable,dodgerblue,YES,236.742351,2644.554976,36.6608889999998
381000,4256000,CB4MH,63.97638,1e+06,7.95,56.1,381000 4256000,19.5,Suitable,dodgerblue,YES,236.742351,2644.554976,36.6608889999998
381000,4256000,CB4MH,60.69554,1e+06,8.03,56,381000 4256000,18.5,Suitable,dodgerblue,YES,236.742351,2644.554976,36.6608889999998
381000,4256000,CB4MH,11.48294,1e+06,9.42,53.6,381000 4256000,3.5,Suitable,dodgerblue,YES,236.742351,2644.554976,36.6608889999998
381000,4256000,CB4MH,18.04462,1e+06,9.24,53.7,381000 4256000,5.5,Suitable,dodgerblue,YES,236.742351,2644.554976,36.6608889999998
381000,4256000,CB4MH,8.2021,1e+06,9.47,53.7,381000 4256000,2.5,Suitable,dodgerblue,YES,236.742351,2644.554976,36.6608889999998
381000,4256000,CB4MH,14.76378,1e+06,9.33,53.7,381000 4256000,4.5,Suitable,dodgerblue,YES,236.742351,2644.554976,36.6608889999998
381000,4256000,CB4MH,1.64042,1e+06,9.48,53.8,381000 4256000,0.5,Suitable,dodgerblue,YES,236.742351,2644.554976,36.6608889999998
381000,4256000,CB4MH,77.09974,1e+06,7.86,56.3,381000 4256000,23.5,Suitable,dodgerblue,YES,236.742351,2644.554976,36.6608889999998
381000,4256000,CB4MH,80.38058,1e+06,7.87,56.3,381000 4256000,24.5,Suitable,dodgerblue,YES,236.742351,2644.554976,36.6608889999998
381000,4256000,CB4MH,54.13386,1e+06,8.26,55.4,381000 4256000,16.5,Suitable,dodgerblue,YES,236.742351,2644.554976,36.6608889999998
381000,4256000,CB4MH,67.25722,1e+06,7.9,56.1,381000 4256000,20.5,Suitable,dodgerblue,YES,236.742351,2644.554976,36.6608889999998
381000,4256000,CB4MH,73.8189,1e+06,7.86,56.2,381000 4256000,22.5,Suitable,dodgerblue,YES,236.742351,2644.554976,36.6608889999998
381000,4256000,CB4MH,31.16798,1e+06,9.02,53.7,381000 4256000,9.5,Suitable,dodgerblue,YES,236.742351,2644.554976,36.6608889999998
381000,4256000,CB4MH,50.85302,1e+06,8.39,55.3,381000 4256000,15.5,Suitable,dodgerblue,YES,236.742351,2644.554976,36.6608889999998
381000,4256000,CB4MH,44.29134,1e+06,8.73,54.7,381000 4256000,13.5,Suitable,dodgerblue,YES,236.742351,2644.554976,36.6608889999998
381000,4256000,CB4MH,37.72966,1e+06,8.9,54.4,381000 4256000,11.5,Suitable,dodgerblue,YES,236.742351,2644.554976,36.6608889999998
381000,4256000,CB4MH,70.53806,1e+06,7.87,56.2,381000 4256000,21.5,Suitable,dodgerblue,YES,236.742351,2644.554976,36.6608889999998
381000,4256000,CB4MH,34.44882,1e+06,8.92,54.3,381000 4256000,10.5,Suitable,dodgerblue,YES,236.742351,2644.554976,36.6608889999998
381000,4256000,CB4MH,41.0105,1e+06,8.83,54.5,381000 4256000,12.5,Suitable,dodgerblue,YES,236.742351,2644.554976,36.6608889999998
381000,4256000,CB4MH,47.57218,1e+06,8.54,55,381000 4256000,14.5,Suitable,dodgerblue,YES,236.742351,2644.554976,36.6608889999998
381000,4314000,CB4MH,73.8189,1e+06,5.54,58.8,381000 4314000,22.5,Suitable,dodgerblue,YES,236.742351,2680.594494,72.7004069999998
381000,4314000,CB4MH,34.44882,1e+06,7.71,55.1,381000 4314000,10.5,Suitable,dodgerblue,YES,236.742351,2680.594494,72.7004069999998
381000,4314000,CB4MH,57.4147,1e+06,5.55,58.7,381000 4314000,17.5,Suitable,dodgerblue,YES,236.742351,2680.594494,72.7004069999998
381000,4314000,CB4MH,37.72966,1e+06,7.44,55.5,381000 4314000,11.5,Suitable,dodgerblue,YES,236.742351,2680.594494,72.7004069999998
381000,4314000,CB4MH,1.64042,1e+06,10.42,51,381000 4314000,0.5,Suitable,dodgerblue,YES,236.742351,2680.594494,72.7004069999998
381000,4314000,CB4MH,67.25722,1e+06,5.54,58.8,381000 4314000,20.5,Suitable,dodgerblue,YES,236.742351,2680.594494,72.7004069999998
381000,4314000,CB4MH,31.16798,1e+06,7.82,55,381000 4314000,9.5,Suitable,dodgerblue,YES,236.742351,2680.594494,72.7004069999998
381000,4314000,CB4MH,50.85302,1e+06,5.88,58.2,381000 4314000,15.5,Suitable,dodgerblue,YES,236.742351,2680.594494,72.7004069999998
381000,4314000,CB4MH,24.6063,1e+06,8.32,54.1,381000 4314000,7.5,Suitable,dodgerblue,YES,236.742351,2680.594494,72.7004069999998
381000,4314000,CB4MH,21.32546,1e+06,8.54,53.5,381000 4314000,6.5,Suitable,dodgerblue,YES,236.742351,2680.594494,72.7004069999998
381000,4314000,CB4MH,18.04462,1e+06,8.65,53.4,381000 4314000,5.5,Suitable,dodgerblue,YES,236.742351,2680.594494,72.7004069999998
381000,4314000,CB4MH,60.69554,1e+06,5.55,58.8,381000 4314000,18.5,Suitable,dodgerblue,YES,236.742351,2680.594494,72.7004069999998
381000,4314000,CB4MH,63.97638,1e+06,5.54,58.8,381000 4314000,19.5,Suitable,dodgerblue,YES,236.742351,2680.594494,72.7004069999998
381000,4314000,CB4MH,4.92126,1e+06,10.12,51.3,381000 4314000,1.5,Suitable,dodgerblue,YES,236.742351,2680.594494,72.7004069999998
381000,4314000,CB4MH,27.88714,1e+06,8.09,54.6,381000 4314000,8.5,Suitable,dodgerblue,YES,236.742351,2680.594494,72.7004069999998
381000,4314000,CB4MH,77.09974,1e+06,6.28,58,381000 4314000,23.5,Suitable,dodgerblue,YES,236.742351,2680.594494,72.7004069999998
381000,4314000,CB4MH,41.0105,1e+06,6.76,56.6,381000 4314000,12.5,Suitable,dodgerblue,YES,236.742351,2680.594494,72.7004069999998
381000,4314000,CB4MH,11.48294,1e+06,8.91,52.8,381000 4314000,3.5,Suitable,dodgerblue,YES,236.742351,2680.594494,72.7004069999998
381000,4314000,CB4MH,47.57218,1e+06,6.03,57.9,381000 4314000,14.5,Suitable,dodgerblue,YES,236.742351,2680.594494,72.7004069999998
381000,4314000,CB4MH,14.76378,1e+06,8.72,53.2,381000 4314000,4.5,Suitable,dodgerblue,YES,236.742351,2680.594494,72.7004069999998
381000,4314000,CB4MH,8.2021,1e+06,9.52,51.9,381000 4314000,2.5,Suitable,dodgerblue,YES,236.742351,2680.594494,72.7004069999998
381000,4314000,CB4MH,70.53806,1e+06,5.54,58.8,381000 4314000,21.5,Suitable,dodgerblue,YES,236.742351,2680.594494,72.7004069999998
381000,4314000,CB4MH,54.13386,1e+06,5.72,58.4,381000 4314000,16.5,Suitable,dodgerblue,YES,236.742351,2680.594494,72.7004069999998
381000,4314000,CB4MH,80.38058,1e+06,6.22,58.2,381000 4314000,24.5,Suitable,dodgerblue,YES,236.742351,2680.594494,72.7004069999998
381000,4314000,CB4MH,44.29134,1e+06,6.23,57.6,381000 4314000,13.5,Suitable,dodgerblue,YES,236.742351,2680.594494,72.7004069999998
381000,4315000,CB4MH,34.44882,1e+06,7.62,55.3,381000 4315000,10.5,Suitable,dodgerblue,YES,236.742351,2681.215865,73.321778
381000,4315000,CB4MH,8.2021,1e+06,9.49,52,381000 4315000,2.5,Suitable,dodgerblue,YES,236.742351,2681.215865,73.321778
381000,4315000,CB4MH,31.16798,1e+06,7.72,55.2,381000 4315000,9.5,Suitable,dodgerblue,YES,236.742351,2681.215865,73.321778
381000,4315000,CB4MH,11.48294,1e+06,8.84,53,381000 4315000,3.5,Suitable,dodgerblue,YES,236.742351,2681.215865,73.321778
381000,4315000,CB4MH,14.76378,1e+06,8.65,53.4,381000 4315000,4.5,Suitable,dodgerblue,YES,236.742351,2681.215865,73.321778
381000,4315000,CB4MH,1.64042,1e+06,10.45,51,381000 4315000,0.5,Suitable,dodgerblue,YES,236.742351,2681.215865,73.321778
381000,4315000,CB4MH,44.29134,1e+06,6.19,57.7,381000 4315000,13.5,Suitable,dodgerblue,YES,236.742351,2681.215865,73.321778
381000,4315000,CB4MH,27.88714,1e+06,8.01,54.8,381000 4315000,8.5,Suitable,dodgerblue,YES,236.742351,2681.215865,73.321778
381000,4315000,CB4MH,60.69554,1e+06,5.52,58.8,381000 4315000,18.5,Suitable,dodgerblue,YES,236.742351,2681.215865,73.321778
381000,4315000,CB4MH,63.97638,1e+06,5.52,58.8,381000 4315000,19.5,Suitable,dodgerblue,YES,236.742351,2681.215865,73.321778
381000,4315000,CB4MH,18.04462,1e+06,8.59,53.6,381000 4315000,5.5,Suitable,dodgerblue,YES,236.742351,2681.215865,73.321778
381000,4315000,CB4MH,70.53806,1e+06,5.52,58.8,381000 4315000,21.5,Suitable,dodgerblue,YES,236.742351,2681.215865,73.321778
381000,4315000,CB4MH,47.57218,1e+06,5.99,57.9,381000 4315000,14.5,Suitable,dodgerblue,YES,236.742351,2681.215865,73.321778
381000,4315000,CB4MH,37.72966,1e+06,7.42,55.5,381000 4315000,11.5,Suitable,dodgerblue,YES,236.742351,2681.215865,73.321778
381000,4315000,CB4MH,67.25722,1e+06,5.52,58.8,381000 4315000,20.5,Suitable,dodgerblue,YES,236.742351,2681.215865,73.321778
381000,4315000,CB4MH,73.8189,1e+06,5.52,58.8,381000 4315000,22.5,Suitable,dodgerblue,YES,236.742351,2681.215865,73.321778
381000,4315000,CB4MH,77.09974,1e+06,6.28,58,381000 4315000,23.5,Suitable,dodgerblue,YES,236.742351,2681.215865,73.321778
381000,4315000,CB4MH,57.4147,1e+06,5.53,58.8,381000 4315000,17.5,Suitable,dodgerblue,YES,236.742351,2681.215865,73.321778
381000,4315000,CB4MH,50.85302,1e+06,5.84,58.3,381000 4315000,15.5,Suitable,dodgerblue,YES,236.742351,2681.215865,73.321778
381000,4315000,CB4MH,21.32546,1e+06,8.48,53.7,381000 4315000,6.5,Suitable,dodgerblue,YES,236.742351,2681.215865,73.321778
381000,4315000,CB4MH,54.13386,1e+06,5.68,58.5,381000 4315000,16.5,Suitable,dodgerblue,YES,236.742351,2681.215865,73.321778
381000,4315000,CB4MH,24.6063,1e+06,8.24,54.2,381000 4315000,7.5,Suitable,dodgerblue,YES,236.742351,2681.215865,73.321778
381000,4315000,CB4MH,41.0105,1e+06,6.73,56.7,381000 4315000,12.5,Suitable,dodgerblue,YES,236.742351,2681.215865,73.321778
381000,4315000,CB4MH,4.92126,1e+06,10.13,51.3,381000 4315000,1.5,Suitable,dodgerblue,YES,236.742351,2681.215865,73.321778
381000,4320000,CB3MH,11.48294,1e+06,8.92,52.7,381000 4320000,3.5,Suitable,dodgerblue,YES,236.742351,2684.32272,76.428633
381000,4320000,CB3MH,4.92126,1e+06,10.13,51.2,381000 4320000,1.5,Suitable,dodgerblue,YES,236.742351,2684.32272,76.428633
381000,4320000,CB3MH,44.29134,1e+06,6.22,57.6,381000 4320000,13.5,Suitable,dodgerblue,YES,236.742351,2684.32272,76.428633
381000,4320000,CB3MH,27.88714,1e+06,8.06,54.6,381000 4320000,8.5,Suitable,dodgerblue,YES,236.742351,2684.32272,76.428633
381000,4320000,CB3MH,14.76378,1e+06,8.71,53.2,381000 4320000,4.5,Suitable,dodgerblue,YES,236.742351,2684.32272,76.428633
381000,4320000,CB3MH,18.04462,1e+06,8.62,53.6,381000 4320000,5.5,Suitable,dodgerblue,YES,236.742351,2684.32272,76.428633
381000,4320000,CB3MH,1.64042,1e+06,10.43,50.9,381000 4320000,0.5,Suitable,dodgerblue,YES,236.742351,2684.32272,76.428633
381000,4320000,CB3MH,41.0105,1e+06,6.75,56.6,381000 4320000,12.5,Suitable,dodgerblue,YES,236.742351,2684.32272,76.428633
381000,4320000,CB3MH,21.32546,1e+06,8.53,53.7,381000 4320000,6.5,Suitable,dodgerblue,YES,236.742351,2684.32272,76.428633
381000,4320000,CB3MH,37.72966,1e+06,7.43,55.5,381000 4320000,11.5,Suitable,dodgerblue,YES,236.742351,2684.32272,76.428633
381000,4320000,CB3MH,34.44882,1e+06,7.65,55.3,381000 4320000,10.5,Suitable,dodgerblue,YES,236.742351,2684.32272,76.428633
381000,4320000,CB3MH,8.2021,1e+06,9.53,51.8,381000 4320000,2.5,Suitable,dodgerblue,YES,236.742351,2684.32272,76.428633
381000,4320000,CB3MH,24.6063,1e+06,8.3,54.1,381000 4320000,7.5,Suitable,dodgerblue,YES,236.742351,2684.32272,76.428633
381000,4320000,CB3MH,47.57218,1e+06,6.02,57.9,381000 4320000,14.5,Suitable,dodgerblue,YES,236.742351,2684.32272,76.428633
381000,4320000,CB3MH,31.16798,1e+06,7.78,55.1,381000 4320000,9.5,Suitable,dodgerblue,YES,236.742351,2684.32272,76.428633
381000,4321000,CB3MH,27.88714,1e+06,8.16,54.4,381000 4321000,8.5,Suitable,dodgerblue,YES,236.742351,2684.944091,77.0500039999997
381000,4321000,CB3MH,47.57218,1e+06,6.06,57.8,381000 4321000,14.5,Suitable,dodgerblue,YES,236.742351,2684.944091,77.0500039999997
381000,4321000,CB3MH,24.6063,1e+06,8.38,53.9,381000 4321000,7.5,Suitable,dodgerblue,YES,236.742351,2684.944091,77.0500039999997
381000,4321000,CB3MH,50.85302,1e+06,5.86,58.2,381000 4321000,15.5,Suitable,dodgerblue,YES,236.742351,2684.944091,77.0500039999997
381000,4321000,CB3MH,14.76378,1e+06,8.8,52.9,381000 4321000,4.5,Suitable,dodgerblue,YES,236.742351,2684.944091,77.0500039999997
381000,4321000,CB3MH,11.48294,1e+06,9.03,52.4,381000 4321000,3.5,Suitable,dodgerblue,YES,236.742351,2684.944091,77.0500039999997
381000,4321000,CB3MH,41.0105,1e+06,6.78,56.6,381000 4321000,12.5,Suitable,dodgerblue,YES,236.742351,2684.944091,77.0500039999997
381000,4321000,CB3MH,34.44882,1e+06,7.74,55.2,381000 4321000,10.5,Suitable,dodgerblue,YES,236.742351,2684.944091,77.0500039999997
381000,4321000,CB3MH,18.04462,1e+06,8.69,53.4,381000 4321000,5.5,Suitable,dodgerblue,YES,236.742351,2684.944091,77.0500039999997
381000,4321000,CB3MH,31.16798,1e+06,7.89,54.9,381000 4321000,9.5,Suitable,dodgerblue,YES,236.742351,2684.944091,77.0500039999997
381000,4321000,CB3MH,1.64042,1e+06,10.39,50.8,381000 4321000,0.5,Suitable,dodgerblue,YES,236.742351,2684.944091,77.0500039999997
381000,4321000,CB3MH,44.29134,1e+06,6.26,57.5,381000 4321000,13.5,Suitable,dodgerblue,YES,236.742351,2684.944091,77.0500039999997
381000,4321000,CB3MH,4.92126,1e+06,10.12,51,381000 4321000,1.5,Suitable,dodgerblue,YES,236.742351,2684.944091,77.0500039999997
381000,4321000,CB3MH,21.32546,1e+06,8.6,53.5,381000 4321000,6.5,Suitable,dodgerblue,YES,236.742351,2684.944091,77.0500039999997
381000,4321000,CB3MH,8.2021,1e+06,9.58,51.6,381000 4321000,2.5,Suitable,dodgerblue,YES,236.742351,2684.944091,77.0500039999997
381000,4321000,CB3MH,37.72966,1e+06,7.45,55.5,381000 4321000,11.5,Suitable,dodgerblue,YES,236.742351,2684.944091,77.0500039999997
382000,4253000,CB4MH,31.16798,1e+06,8.91,54.3,382000 4253000,9.5,Suitable,dodgerblue,YES,237.363722,2642.690863,34.7967760000001
382000,4253000,CB4MH,37.72966,1e+06,8.88,54.5,382000 4253000,11.5,Suitable,dodgerblue,YES,237.363722,2642.690863,34.7967760000001
382000,4253000,CB4MH,73.8189,1e+06,7.9,56.1,382000 4253000,22.5,Suitable,dodgerblue,YES,237.363722,2642.690863,34.7967760000001
382000,4253000,CB4MH,47.57218,1e+06,8.57,55,382000 4253000,14.5,Suitable,dodgerblue,YES,237.363722,2642.690863,34.7967760000001
382000,4253000,CB4MH,70.53806,1e+06,7.9,56.1,382000 4253000,21.5,Suitable,dodgerblue,YES,237.363722,2642.690863,34.7967760000001
382000,4253000,CB4MH,34.44882,1e+06,8.9,54.4,382000 4253000,10.5,Suitable,dodgerblue,YES,237.363722,2642.690863,34.7967760000001
382000,4253000,CB4MH,41.0105,1e+06,8.82,54.6,382000 4253000,12.5,Suitable,dodgerblue,YES,237.363722,2642.690863,34.7967760000001
382000,4253000,CB4MH,77.09974,1e+06,7.9,56.2,382000 4253000,23.5,Suitable,dodgerblue,YES,237.363722,2642.690863,34.7967760000001
382000,4253000,CB4MH,63.97638,1e+06,7.97,56.1,382000 4253000,19.5,Suitable,dodgerblue,YES,237.363722,2642.690863,34.7967760000001
382000,4253000,CB4MH,8.2021,1e+06,9.4,53.9,382000 4253000,2.5,Suitable,dodgerblue,YES,237.363722,2642.690863,34.7967760000001
382000,4253000,CB4MH,27.88714,1e+06,8.95,54.2,382000 4253000,8.5,Suitable,dodgerblue,YES,237.363722,2642.690863,34.7967760000001
382000,4253000,CB4MH,80.38058,1e+06,7.9,56.3,382000 4253000,24.5,Suitable,dodgerblue,YES,237.363722,2642.690863,34.7967760000001
382000,4253000,CB4MH,86.94226,1e+06,7.9,56.3,382000 4253000,26.5,Suitable,dodgerblue,YES,237.363722,2642.690863,34.7967760000001
382000,4253000,CB4MH,57.4147,1e+06,8.15,55.8,382000 4253000,17.5,Suitable,dodgerblue,YES,237.363722,2642.690863,34.7967760000001
382000,4253000,CB4MH,21.32546,1e+06,9.1,54,382000 4253000,6.5,Suitable,dodgerblue,YES,237.363722,2642.690863,34.7967760000001
382000,4253000,CB4MH,24.6063,1e+06,9.05,54.1,382000 4253000,7.5,Suitable,dodgerblue,YES,237.363722,2642.690863,34.7967760000001
382000,4253000,CB4MH,11.48294,1e+06,9.35,53.8,382000 4253000,3.5,Suitable,dodgerblue,YES,237.363722,2642.690863,34.7967760000001
382000,4253000,CB4MH,1.64042,1e+06,9.4,54,382000 4253000,0.5,Suitable,dodgerblue,YES,237.363722,2642.690863,34.7967760000001
382000,4253000,CB4MH,60.69554,1e+06,8.05,56,382000 4253000,18.5,Suitable,dodgerblue,YES,237.363722,2642.690863,34.7967760000001
382000,4253000,CB4MH,18.04462,1e+06,9.15,53.9,382000 4253000,5.5,Suitable,dodgerblue,YES,237.363722,2642.690863,34.7967760000001
382000,4253000,CB4MH,14.76378,1e+06,9.25,53.8,382000 4253000,4.5,Suitable,dodgerblue,YES,237.363722,2642.690863,34.7967760000001
382000,4253000,CB4MH,50.85302,1e+06,8.43,55.2,382000 4253000,15.5,Suitable,dodgerblue,YES,237.363722,2642.690863,34.7967760000001
382000,4253000,CB4MH,44.29134,1e+06,8.72,54.8,382000 4253000,13.5,Suitable,dodgerblue,YES,237.363722,2642.690863,34.7967760000001
382000,4253000,CB4MH,83.66142,1e+06,7.9,56.3,382000 4253000,25.5,Suitable,dodgerblue,YES,237.363722,2642.690863,34.7967760000001
382000,4253000,CB4MH,54.13386,1e+06,8.28,55.4,382000 4253000,16.5,Suitable,dodgerblue,YES,237.363722,2642.690863,34.7967760000001
382000,4253000,CB4MH,4.92126,1e+06,9.4,54,382000 4253000,1.5,Suitable,dodgerblue,YES,237.363722,2642.690863,34.7967760000001
382000,4253000,CB4MH,90.2231,1e+06,7.9,56.3,382000 4253000,27.5,Suitable,dodgerblue,YES,237.363722,2642.690863,34.7967760000001
382000,4253000,CB4MH,67.25722,1e+06,7.92,56.1,382000 4253000,20.5,Suitable,dodgerblue,YES,237.363722,2642.690863,34.7967760000001
382000,4254000,CB4MH,54.13386,1e+06,8.28,55.4,382000 4254000,16.5,Suitable,dodgerblue,YES,237.363722,2643.312234,35.4181469999999
382000,4254000,CB4MH,27.88714,1e+06,8.97,54.2,382000 4254000,8.5,Suitable,dodgerblue,YES,237.363722,2643.312234,35.4181469999999
382000,4254000,CB4MH,14.76378,1e+06,9.25,53.8,382000 4254000,4.5,Suitable,dodgerblue,YES,237.363722,2643.312234,35.4181469999999
382000,4254000,CB4MH,31.16798,1e+06,8.92,54.2,382000 4254000,9.5,Suitable,dodgerblue,YES,237.363722,2643.312234,35.4181469999999
382000,4254000,CB4MH,50.85302,1e+06,8.43,55.2,382000 4254000,15.5,Suitable,dodgerblue,YES,237.363722,2643.312234,35.4181469999999
382000,4254000,CB4MH,70.53806,1e+06,7.9,56.1,382000 4254000,21.5,Suitable,dodgerblue,YES,237.363722,2643.312234,35.4181469999999
382000,4254000,CB4MH,44.29134,1e+06,8.72,54.8,382000 4254000,13.5,Suitable,dodgerblue,YES,237.363722,2643.312234,35.4181469999999
382000,4254000,CB4MH,34.44882,1e+06,8.9,54.4,382000 4254000,10.5,Suitable,dodgerblue,YES,237.363722,2643.312234,35.4181469999999
382000,4254000,CB4MH,37.72966,1e+06,8.88,54.5,382000 4254000,11.5,Suitable,dodgerblue,YES,237.363722,2643.312234,35.4181469999999
382000,4254000,CB4MH,73.8189,1e+06,7.9,56.1,382000 4254000,22.5,Suitable,dodgerblue,YES,237.363722,2643.312234,35.4181469999999
382000,4254000,CB4MH,41.0105,1e+06,8.82,54.6,382000 4254000,12.5,Suitable,dodgerblue,YES,237.363722,2643.312234,35.4181469999999
382000,4254000,CB4MH,77.09974,1e+06,7.9,56.2,382000 4254000,23.5,Suitable,dodgerblue,YES,237.363722,2643.312234,35.4181469999999
382000,4254000,CB4MH,21.32546,1e+06,9.11,54,382000 4254000,6.5,Suitable,dodgerblue,YES,237.363722,2643.312234,35.4181469999999
382000,4254000,CB4MH,93.50394,1e+06,8.2,55.6,382000 4254000,28.5,Suitable,dodgerblue,YES,237.363722,2643.312234,35.4181469999999
382000,4254000,CB4MH,67.25722,1e+06,7.92,56.1,382000 4254000,20.5,Suitable,dodgerblue,YES,237.363722,2643.312234,35.4181469999999
382000,4254000,CB4MH,24.6063,1e+06,9.06,54.1,382000 4254000,7.5,Suitable,dodgerblue,YES,237.363722,2643.312234,35.4181469999999
382000,4254000,CB4MH,8.2021,1e+06,9.4,53.9,382000 4254000,2.5,Suitable,dodgerblue,YES,237.363722,2643.312234,35.4181469999999
382000,4254000,CB4MH,47.57218,1e+06,8.57,55,382000 4254000,14.5,Suitable,dodgerblue,YES,237.363722,2643.312234,35.4181469999999
382000,4254000,CB4MH,1.64042,1e+06,9.4,54,382000 4254000,0.5,Suitable,dodgerblue,YES,237.363722,2643.312234,35.4181469999999
382000,4254000,CB4MH,57.4147,1e+06,8.15,55.8,382000 4254000,17.5,Suitable,dodgerblue,YES,237.363722,2643.312234,35.4181469999999
382000,4254000,CB4MH,86.94226,1e+06,7.9,56.3,382000 4254000,26.5,Suitable,dodgerblue,YES,237.363722,2643.312234,35.4181469999999
382000,4254000,CB4MH,63.97638,1e+06,7.97,56.1,382000 4254000,19.5,Suitable,dodgerblue,YES,237.363722,2643.312234,35.4181469999999
382000,4254000,CB4MH,11.48294,1e+06,9.35,53.8,382000 4254000,3.5,Suitable,dodgerblue,YES,237.363722,2643.312234,35.4181469999999
382000,4254000,CB4MH,18.04462,1e+06,9.16,53.9,382000 4254000,5.5,Suitable,dodgerblue,YES,237.363722,2643.312234,35.4181469999999
382000,4254000,CB4MH,90.2231,1e+06,7.9,56.3,382000 4254000,27.5,Suitable,dodgerblue,YES,237.363722,2643.312234,35.4181469999999
382000,4254000,CB4MH,4.92126,1e+06,9.4,54,382000 4254000,1.5,Suitable,dodgerblue,YES,237.363722,2643.312234,35.4181469999999
382000,4254000,CB4MH,60.69554,1e+06,8.05,56,382000 4254000,18.5,Suitable,dodgerblue,YES,237.363722,2643.312234,35.4181469999999
382000,4254000,CB4MH,83.66142,1e+06,7.9,56.3,382000 4254000,25.5,Suitable,dodgerblue,YES,237.363722,2643.312234,35.4181469999999
382000,4254000,CB4MH,80.38058,1e+06,7.9,56.3,382000 4254000,24.5,Suitable,dodgerblue,YES,237.363722,2643.312234,35.4181469999999
382000,4316000,CB4MH,37.72966,1e+06,7.4,55.5,382000 4316000,11.5,Suitable,dodgerblue,YES,237.363722,2681.837236,73.9431489999997
382000,4316000,CB4MH,4.92126,1e+06,10.15,51.4,382000 4316000,1.5,Suitable,dodgerblue,YES,237.363722,2681.837236,73.9431489999997
382000,4316000,CB4MH,47.57218,1e+06,5.96,58,382000 4316000,14.5,Suitable,dodgerblue,YES,237.363722,2681.837236,73.9431489999997
382000,4316000,CB4MH,60.69554,1e+06,5.5,58.8,382000 4316000,18.5,Suitable,dodgerblue,YES,237.363722,2681.837236,73.9431489999997
382000,4316000,CB4MH,27.88714,1e+06,7.92,54.9,382000 4316000,8.5,Suitable,dodgerblue,YES,237.363722,2681.837236,73.9431489999997
382000,4316000,CB4MH,34.44882,1e+06,7.53,55.5,382000 4316000,10.5,Suitable,dodgerblue,YES,237.363722,2681.837236,73.9431489999997
382000,4316000,CB4MH,24.6063,1e+06,8.17,54.4,382000 4316000,7.5,Suitable,dodgerblue,YES,237.363722,2681.837236,73.9431489999997
382000,4316000,CB4MH,18.04462,1e+06,8.52,53.8,382000 4316000,5.5,Suitable,dodgerblue,YES,237.363722,2681.837236,73.9431489999997
382000,4316000,CB4MH,21.32546,1e+06,8.42,53.9,382000 4316000,6.5,Suitable,dodgerblue,YES,237.363722,2681.837236,73.9431489999997
382000,4316000,CB4MH,63.97638,1e+06,5.5,58.8,382000 4316000,19.5,Suitable,dodgerblue,YES,237.363722,2681.837236,73.9431489999997
382000,4316000,CB4MH,31.16798,1e+06,7.63,55.4,382000 4316000,9.5,Suitable,dodgerblue,YES,237.363722,2681.837236,73.9431489999997
382000,4316000,CB4MH,14.76378,1e+06,8.57,53.6,382000 4316000,4.5,Suitable,dodgerblue,YES,237.363722,2681.837236,73.9431489999997
382000,4316000,CB4MH,57.4147,1e+06,5.5,58.8,382000 4316000,17.5,Suitable,dodgerblue,YES,237.363722,2681.837236,73.9431489999997
382000,4316000,CB4MH,8.2021,1e+06,9.46,52.2,382000 4316000,2.5,Suitable,dodgerblue,YES,237.363722,2681.837236,73.9431489999997
382000,4316000,CB4MH,50.85302,1e+06,5.81,58.3,382000 4316000,15.5,Suitable,dodgerblue,YES,237.363722,2681.837236,73.9431489999997
382000,4316000,CB4MH,67.25722,1e+06,5.5,58.8,382000 4316000,20.5,Suitable,dodgerblue,YES,237.363722,2681.837236,73.9431489999997
382000,4316000,CB4MH,11.48294,1e+06,8.77,53.2,382000 4316000,3.5,Suitable,dodgerblue,YES,237.363722,2681.837236,73.9431489999997
382000,4316000,CB4MH,44.29134,1e+06,6.16,57.7,382000 4316000,13.5,Suitable,dodgerblue,YES,237.363722,2681.837236,73.9431489999997
382000,4316000,CB4MH,54.13386,1e+06,5.66,58.5,382000 4316000,16.5,Suitable,dodgerblue,YES,237.363722,2681.837236,73.9431489999997
382000,4316000,CB4MH,1.64042,1e+06,10.49,51.1,382000 4316000,0.5,Suitable,dodgerblue,YES,237.363722,2681.837236,73.9431489999997
382000,4316000,CB4MH,41.0105,1e+06,6.71,56.7,382000 4316000,12.5,Suitable,dodgerblue,YES,237.363722,2681.837236,73.9431489999997
382000,4316000,CB4MH,70.53806,1e+06,5.5,58.8,382000 4316000,21.5,Suitable,dodgerblue,YES,237.363722,2681.837236,73.9431489999997
382000,4317000,CB3MH,8.2021,1e+06,9.45,52.2,382000 4317000,2.5,Suitable,dodgerblue,YES,237.363722,2682.458607,74.5645199999999
382000,4317000,CB3MH,70.53806,1e+06,5.5,58.8,382000 4317000,21.5,Suitable,dodgerblue,YES,237.363722,2682.458607,74.5645199999999
382000,4317000,CB3MH,21.32546,1e+06,8.4,54,382000 4317000,6.5,Suitable,dodgerblue,YES,237.363722,2682.458607,74.5645199999999
382000,4317000,CB3MH,54.13386,1e+06,5.65,58.5,382000 4317000,16.5,Suitable,dodgerblue,YES,237.363722,2682.458607,74.5645199999999
382000,4317000,CB3MH,50.85302,1e+06,5.8,58.3,382000 4317000,15.5,Suitable,dodgerblue,YES,237.363722,2682.458607,74.5645199999999
382000,4317000,CB3MH,60.69554,1e+06,5.5,58.8,382000 4317000,18.5,Suitable,dodgerblue,YES,237.363722,2682.458607,74.5645199999999
382000,4317000,CB3MH,4.92126,1e+06,10.15,51.4,382000 4317000,1.5,Suitable,dodgerblue,YES,237.363722,2682.458607,74.5645199999999
382000,4317000,CB3MH,1.64042,1e+06,10.5,51.1,382000 4317000,0.5,Suitable,dodgerblue,YES,237.363722,2682.458607,74.5645199999999
382000,4317000,CB3MH,31.16798,1e+06,7.6,55.5,382000 4317000,9.5,Suitable,dodgerblue,YES,237.363722,2682.458607,74.5645199999999
382000,4317000,CB3MH,57.4147,1e+06,5.5,58.8,382000 4317000,17.5,Suitable,dodgerblue,YES,237.363722,2682.458607,74.5645199999999
382000,4317000,CB3MH,11.48294,1e+06,8.75,53.2,382000 4317000,3.5,Suitable,dodgerblue,YES,237.363722,2682.458607,74.5645199999999
382000,4317000,CB3MH,18.04462,1e+06,8.5,53.9,382000 4317000,5.5,Suitable,dodgerblue,YES,237.363722,2682.458607,74.5645199999999
382000,4317000,CB3MH,41.0105,1e+06,6.7,56.7,382000 4317000,12.5,Suitable,dodgerblue,YES,237.363722,2682.458607,74.5645199999999
382000,4317000,CB3MH,67.25722,1e+06,5.5,58.8,382000 4317000,20.5,Suitable,dodgerblue,YES,237.363722,2682.458607,74.5645199999999
382000,4317000,CB3MH,24.6063,1e+06,8.15,54.4,382000 4317000,7.5,Suitable,dodgerblue,YES,237.363722,2682.458607,74.5645199999999
382000,4317000,CB3MH,14.76378,1e+06,8.55,53.7,382000 4317000,4.5,Suitable,dodgerblue,YES,237.363722,2682.458607,74.5645199999999
382000,4317000,CB3MH,44.29134,1e+06,6.15,57.7,382000 4317000,13.5,Suitable,dodgerblue,YES,237.363722,2682.458607,74.5645199999999
382000,4317000,CB3MH,34.44882,1e+06,7.5,55.6,382000 4317000,10.5,Suitable,dodgerblue,YES,237.363722,2682.458607,74.5645199999999
382000,4317000,CB3MH,47.57218,1e+06,5.95,58,382000 4317000,14.5,Suitable,dodgerblue,YES,237.363722,2682.458607,74.5645199999999
382000,4317000,CB3MH,63.97638,1e+06,5.5,58.8,382000 4317000,19.5,Suitable,dodgerblue,YES,237.363722,2682.458607,74.5645199999999
382000,4317000,CB3MH,37.72966,1e+06,7.4,55.5,382000 4317000,11.5,Suitable,dodgerblue,YES,237.363722,2682.458607,74.5645199999999
382000,4317000,CB3MH,27.88714,1e+06,7.9,55,382000 4317000,8.5,Suitable,dodgerblue,YES,237.363722,2682.458607,74.5645199999999
383000,4250000,CB4MH,4.92126,1e+06,9.38,54.3,383000 4250000,1.5,Suitable,dodgerblue,YES,237.985093,2640.82675,32.9326630000001
383000,4250000,CB4MH,96.78478,1e+06,8.2,55.6,383000 4250000,29.5,Suitable,dodgerblue,YES,237.985093,2640.82675,32.9326630000001
383000,4250000,CB4MH,90.2231,1e+06,7.92,56.2,383000 4250000,27.5,Suitable,dodgerblue,YES,237.985093,2640.82675,32.9326630000001
383000,4250000,CB4MH,44.29134,1e+06,8.73,54.8,383000 4250000,13.5,Suitable,dodgerblue,YES,237.985093,2640.82675,32.9326630000001
383000,4250000,CB4MH,11.48294,1e+06,9.32,54.2,383000 4250000,3.5,Suitable,dodgerblue,YES,237.985093,2640.82675,32.9326630000001
383000,4250000,CB4MH,8.2021,1e+06,9.37,54.2,383000 4250000,2.5,Suitable,dodgerblue,YES,237.985093,2640.82675,32.9326630000001
383000,4250000,CB4MH,34.44882,1e+06,8.9,54.4,383000 4250000,10.5,Suitable,dodgerblue,YES,237.985093,2640.82675,32.9326630000001
383000,4250000,CB4MH,70.53806,1e+06,7.93,56.1,383000 4250000,21.5,Suitable,dodgerblue,YES,237.985093,2640.82675,32.9326630000001
383000,4250000,CB4MH,27.88714,1e+06,8.98,54.5,383000 4250000,8.5,Suitable,dodgerblue,YES,237.985093,2640.82675,32.9326630000001
383000,4250000,CB4MH,47.57218,1e+06,8.58,55,383000 4250000,14.5,Suitable,dodgerblue,YES,237.985093,2640.82675,32.9326630000001
383000,4250000,CB4MH,100.06562,1e+06,8.2,55.6,383000 4250000,30.5,Suitable,dodgerblue,YES,237.985093,2640.82675,32.9326630000001
383000,4250000,CB4MH,83.66142,1e+06,7.92,56.2,383000 4250000,25.5,Suitable,dodgerblue,YES,237.985093,2640.82675,32.9326630000001
383000,4250000,CB4MH,41.0105,1e+06,8.83,54.6,383000 4250000,12.5,Suitable,dodgerblue,YES,237.985093,2640.82675,32.9326630000001
383000,4250000,CB4MH,73.8189,1e+06,7.92,56.1,383000 4250000,22.5,Suitable,dodgerblue,YES,237.985093,2640.82675,32.9326630000001
383000,4250000,CB4MH,31.16798,1e+06,8.93,54.2,383000 4250000,9.5,Suitable,dodgerblue,YES,237.985093,2640.82675,32.9326630000001
383000,4250000,CB4MH,18.04462,1e+06,9.15,54.3,383000 4250000,5.5,Suitable,dodgerblue,YES,237.985093,2640.82675,32.9326630000001
383000,4250000,CB4MH,50.85302,1e+06,8.44,55.2,383000 4250000,15.5,Suitable,dodgerblue,YES,237.985093,2640.82675,32.9326630000001
383000,4250000,CB4MH,14.76378,1e+06,9.23,54.2,383000 4250000,4.5,Suitable,dodgerblue,YES,237.985093,2640.82675,32.9326630000001
383000,4250000,CB4MH,1.64042,1e+06,9.39,54.3,383000 4250000,0.5,Suitable,dodgerblue,YES,237.985093,2640.82675,32.9326630000001
383000,4250000,CB4MH,67.25722,1e+06,7.96,56,383000 4250000,20.5,Suitable,dodgerblue,YES,237.985093,2640.82675,32.9326630000001
383000,4250000,CB4MH,86.94226,1e+06,7.92,56.2,383000 4250000,26.5,Suitable,dodgerblue,YES,237.985093,2640.82675,32.9326630000001
383000,4250000,CB4MH,103.34646,1e+06,8.2,55.6,383000 4250000,31.5,Suitable,dodgerblue,YES,237.985093,2640.82675,32.9326630000001
383000,4250000,CB4MH,63.97638,1e+06,8.01,56,383000 4250000,19.5,Suitable,dodgerblue,YES,237.985093,2640.82675,32.9326630000001
383000,4250000,CB4MH,37.72966,1e+06,8.88,54.5,383000 4250000,11.5,Suitable,dodgerblue,YES,237.985093,2640.82675,32.9326630000001
383000,4250000,CB4MH,93.50394,1e+06,8.2,55.6,383000 4250000,28.5,Suitable,dodgerblue,YES,237.985093,2640.82675,32.9326630000001
383000,4250000,CB4MH,80.38058,1e+06,7.91,56.3,383000 4250000,24.5,Suitable,dodgerblue,YES,237.985093,2640.82675,32.9326630000001
383000,4250000,CB4MH,57.4147,1e+06,8.19,55.7,383000 4250000,17.5,Suitable,dodgerblue,YES,237.985093,2640.82675,32.9326630000001
383000,4250000,CB4MH,54.13386,1e+06,8.31,55.4,383000 4250000,16.5,Suitable,dodgerblue,YES,237.985093,2640.82675,32.9326630000001
383000,4250000,CB4MH,24.6063,1e+06,9.06,54.5,383000 4250000,7.5,Suitable,dodgerblue,YES,237.985093,2640.82675,32.9326630000001
383000,4250000,CB4MH,21.32546,1e+06,9.11,54.4,383000 4250000,6.5,Suitable,dodgerblue,YES,237.985093,2640.82675,32.9326630000001
383000,4250000,CB4MH,77.09974,1e+06,7.92,56.2,383000 4250000,23.5,Suitable,dodgerblue,YES,237.985093,2640.82675,32.9326630000001
383000,4250000,CB4MH,60.69554,1e+06,8.09,55.9,383000 4250000,18.5,Suitable,dodgerblue,YES,237.985093,2640.82675,32.9326630000001
383000,4251000,CB4MH,77.09974,1e+06,7.9,56.2,383000 4251000,23.5,Suitable,dodgerblue,YES,237.985093,2641.448121,33.5540339999998
383000,4251000,CB4MH,14.76378,1e+06,9.25,53.9,383000 4251000,4.5,Suitable,dodgerblue,YES,237.985093,2641.448121,33.5540339999998
383000,4251000,CB4MH,103.34646,1e+06,8.2,55.6,383000 4251000,31.5,Suitable,dodgerblue,YES,237.985093,2641.448121,33.5540339999998
383000,4251000,CB4MH,50.85302,1e+06,8.43,55.2,383000 4251000,15.5,Suitable,dodgerblue,YES,237.985093,2641.448121,33.5540339999998
383000,4251000,CB4MH,73.8189,1e+06,7.91,56.1,383000 4251000,22.5,Suitable,dodgerblue,YES,237.985093,2641.448121,33.5540339999998
383000,4251000,CB4MH,34.44882,1e+06,8.9,54.4,383000 4251000,10.5,Suitable,dodgerblue,YES,237.985093,2641.448121,33.5540339999998
383000,4251000,CB4MH,80.38058,1e+06,7.9,56.3,383000 4251000,24.5,Suitable,dodgerblue,YES,237.985093,2641.448121,33.5540339999998
383000,4251000,CB4MH,4.92126,1e+06,9.4,54.1,383000 4251000,1.5,Suitable,dodgerblue,YES,237.985093,2641.448121,33.5540339999998
383000,4251000,CB4MH,90.2231,1e+06,7.91,56.3,383000 4251000,27.5,Suitable,dodgerblue,YES,237.985093,2641.448121,33.5540339999998
383000,4251000,CB4MH,93.50394,1e+06,8.2,55.6,383000 4251000,28.5,Suitable,dodgerblue,YES,237.985093,2641.448121,33.5540339999998
383000,4251000,CB4MH,106.6273,1e+06,8.2,55.6,383000 4251000,32.5,Suitable,dodgerblue,YES,237.985093,2641.448121,33.5540339999998
383000,4251000,CB4MH,54.13386,1e+06,8.29,55.4,383000 4251000,16.5,Suitable,dodgerblue,YES,237.985093,2641.448121,33.5540339999998
383000,4251000,CB4MH,21.32546,1e+06,9.1,54.1,383000 4251000,6.5,Suitable,dodgerblue,YES,237.985093,2641.448121,33.5540339999998
383000,4251000,CB4MH,67.25722,1e+06,7.93,56.1,383000 4251000,20.5,Suitable,dodgerblue,YES,237.985093,2641.448121,33.5540339999998
383000,4251000,CB4MH,96.78478,1e+06,8.2,55.6,383000 4251000,29.5,Suitable,dodgerblue,YES,237.985093,2641.448121,33.5540339999998
383000,4251000,CB4MH,70.53806,1e+06,7.91,56.1,383000 4251000,21.5,Suitable,dodgerblue,YES,237.985093,2641.448121,33.5540339999998
383000,4251000,CB4MH,24.6063,1e+06,9.06,54.2,383000 4251000,7.5,Suitable,dodgerblue,YES,237.985093,2641.448121,33.5540339999998
383000,4251000,CB4MH,47.57218,1e+06,8.57,55,383000 4251000,14.5,Suitable,dodgerblue,YES,237.985093,2641.448121,33.5540339999998
383000,4251000,CB4MH,63.97638,1e+06,7.98,56.1,383000 4251000,19.5,Suitable,dodgerblue,YES,237.985093,2641.448121,33.5540339999998
383000,4251000,CB4MH,11.48294,1e+06,9.34,53.9,383000 4251000,3.5,Suitable,dodgerblue,YES,237.985093,2641.448121,33.5540339999998
383000,4251000,CB4MH,27.88714,1e+06,8.96,54.3,383000 4251000,8.5,Suitable,dodgerblue,YES,237.985093,2641.448121,33.5540339999998
383000,4251000,CB4MH,8.2021,1e+06,9.39,54,383000 4251000,2.5,Suitable,dodgerblue,YES,237.985093,2641.448121,33.5540339999998
383000,4251000,CB4MH,31.16798,1e+06,8.91,54.2,383000 4251000,9.5,Suitable,dodgerblue,YES,237.985093,2641.448121,33.5540339999998
383000,4251000,CB4MH,86.94226,1e+06,7.91,56.3,383000 4251000,26.5,Suitable,dodgerblue,YES,237.985093,2641.448121,33.5540339999998
383000,4251000,CB4MH,37.72966,1e+06,8.88,54.5,383000 4251000,11.5,Suitable,dodgerblue,YES,237.985093,2641.448121,33.5540339999998
383000,4251000,CB4MH,57.4147,1e+06,8.16,55.8,383000 4251000,17.5,Suitable,dodgerblue,YES,237.985093,2641.448121,33.5540339999998
383000,4251000,CB4MH,18.04462,1e+06,9.15,54,383000 4251000,5.5,Suitable,dodgerblue,YES,237.985093,2641.448121,33.5540339999998
383000,4251000,CB4MH,60.69554,1e+06,8.06,56,383000 4251000,18.5,Suitable,dodgerblue,YES,237.985093,2641.448121,33.5540339999998
383000,4251000,CB4MH,41.0105,1e+06,8.82,54.6,383000 4251000,12.5,Suitable,dodgerblue,YES,237.985093,2641.448121,33.5540339999998
383000,4251000,CB4MH,100.06562,1e+06,8.2,55.6,383000 4251000,30.5,Suitable,dodgerblue,YES,237.985093,2641.448121,33.5540339999998
383000,4251000,CB4MH,83.66142,1e+06,7.91,56.3,383000 4251000,25.5,Suitable,dodgerblue,YES,237.985093,2641.448121,33.5540339999998
383000,4251000,CB4MH,44.29134,1e+06,8.72,54.8,383000 4251000,13.5,Suitable,dodgerblue,YES,237.985093,2641.448121,33.5540339999998
383000,4251000,CB4MH,1.64042,1e+06,9.4,54.1,383000 4251000,0.5,Suitable,dodgerblue,YES,237.985093,2641.448121,33.5540339999998
383000,4252000,CB4MH,83.66142,1e+06,7.9,56.3,383000 4252000,25.5,Suitable,dodgerblue,YES,237.985093,2642.069492,34.175405
383000,4252000,CB4MH,57.4147,1e+06,8.15,55.8,383000 4252000,17.5,Suitable,dodgerblue,YES,237.985093,2642.069492,34.175405
383000,4252000,CB4MH,73.8189,1e+06,7.9,56.1,383000 4252000,22.5,Suitable,dodgerblue,YES,237.985093,2642.069492,34.175405
383000,4252000,CB4MH,70.53806,1e+06,7.9,56.1,383000 4252000,21.5,Suitable,dodgerblue,YES,237.985093,2642.069492,34.175405
383000,4252000,CB4MH,93.50394,1e+06,8.2,55.6,383000 4252000,28.5,Suitable,dodgerblue,YES,237.985093,2642.069492,34.175405
383000,4252000,CB4MH,8.2021,1e+06,9.4,53.9,383000 4252000,2.5,Suitable,dodgerblue,YES,237.985093,2642.069492,34.175405
383000,4252000,CB4MH,41.0105,1e+06,8.82,54.6,383000 4252000,12.5,Suitable,dodgerblue,YES,237.985093,2642.069492,34.175405
383000,4252000,CB4MH,44.29134,1e+06,8.72,54.8,383000 4252000,13.5,Suitable,dodgerblue,YES,237.985093,2642.069492,34.175405
383000,4252000,CB4MH,96.78478,1e+06,8.2,55.6,383000 4252000,29.5,Suitable,dodgerblue,YES,237.985093,2642.069492,34.175405
383000,4252000,CB4MH,86.94226,1e+06,7.9,56.3,383000 4252000,26.5,Suitable,dodgerblue,YES,237.985093,2642.069492,34.175405
383000,4252000,CB4MH,54.13386,1e+06,8.28,55.4,383000 4252000,16.5,Suitable,dodgerblue,YES,237.985093,2642.069492,34.175405
383000,4252000,CB4MH,21.32546,1e+06,9.1,54,383000 4252000,6.5,Suitable,dodgerblue,YES,237.985093,2642.069492,34.175405
383000,4252000,CB4MH,90.2231,1e+06,7.9,56.3,383000 4252000,27.5,Suitable,dodgerblue,YES,237.985093,2642.069492,34.175405
383000,4252000,CB4MH,11.48294,1e+06,9.35,53.8,383000 4252000,3.5,Suitable,dodgerblue,YES,237.985093,2642.069492,34.175405
383000,4252000,CB4MH,14.76378,1e+06,9.25,53.8,383000 4252000,4.5,Suitable,dodgerblue,YES,237.985093,2642.069492,34.175405
383000,4252000,CB4MH,24.6063,1e+06,9.05,54.1,383000 4252000,7.5,Suitable,dodgerblue,YES,237.985093,2642.069492,34.175405
383000,4252000,CB4MH,4.92126,1e+06,9.4,54,383000 4252000,1.5,Suitable,dodgerblue,YES,237.985093,2642.069492,34.175405
383000,4252000,CB4MH,77.09974,1e+06,7.9,56.2,383000 4252000,23.5,Suitable,dodgerblue,YES,237.985093,2642.069492,34.175405
383000,4252000,CB4MH,80.38058,1e+06,7.9,56.3,383000 4252000,24.5,Suitable,dodgerblue,YES,237.985093,2642.069492,34.175405
383000,4252000,CB4MH,1.64042,1e+06,9.4,54,383000 4252000,0.5,Suitable,dodgerblue,YES,237.985093,2642.069492,34.175405
383000,4252000,CB4MH,50.85302,1e+06,8.43,55.2,383000 4252000,15.5,Suitable,dodgerblue,YES,237.985093,2642.069492,34.175405
383000,4252000,CB4MH,47.57218,1e+06,8.57,55,383000 4252000,14.5,Suitable,dodgerblue,YES,237.985093,2642.069492,34.175405
383000,4252000,CB4MH,27.88714,1e+06,8.95,54.2,383000 4252000,8.5,Suitable,dodgerblue,YES,237.985093,2642.069492,34.175405
383000,4252000,CB4MH,63.97638,1e+06,7.97,56.1,383000 4252000,19.5,Suitable,dodgerblue,YES,237.985093,2642.069492,34.175405
383000,4252000,CB4MH,60.69554,1e+06,8.05,56,383000 4252000,18.5,Suitable,dodgerblue,YES,237.985093,2642.069492,34.175405
383000,4252000,CB4MH,37.72966,1e+06,8.88,54.5,383000 4252000,11.5,Suitable,dodgerblue,YES,237.985093,2642.069492,34.175405
383000,4252000,CB4MH,18.04462,1e+06,9.15,53.9,383000 4252000,5.5,Suitable,dodgerblue,YES,237.985093,2642.069492,34.175405
383000,4252000,CB4MH,67.25722,1e+06,7.92,56.1,383000 4252000,20.5,Suitable,dodgerblue,YES,237.985093,2642.069492,34.175405
383000,4252000,CB4MH,31.16798,1e+06,8.9,54.3,383000 4252000,9.5,Suitable,dodgerblue,YES,237.985093,2642.069492,34.175405
383000,4252000,CB4MH,34.44882,1e+06,8.9,54.4,383000 4252000,10.5,Suitable,dodgerblue,YES,237.985093,2642.069492,34.175405
383000,4318000,CB3MH,24.6063,1e+06,8.18,54.3,383000 4318000,7.5,Suitable,dodgerblue,YES,237.985093,2683.079978,75.1858910000001
383000,4318000,CB3MH,57.4147,1e+06,5.5,58.8,383000 4318000,17.5,Suitable,dodgerblue,YES,237.985093,2683.079978,75.1858910000001
383000,4318000,CB3MH,31.16798,1e+06,7.63,55.4,383000 4318000,9.5,Suitable,dodgerblue,YES,237.985093,2683.079978,75.1858910000001
383000,4318000,CB3MH,18.04462,1e+06,8.52,53.8,383000 4318000,5.5,Suitable,dodgerblue,YES,237.985093,2683.079978,75.1858910000001
383000,4318000,CB3MH,27.88714,1e+06,7.93,54.9,383000 4318000,8.5,Suitable,dodgerblue,YES,237.985093,2683.079978,75.1858910000001
383000,4318000,CB3MH,11.48294,1e+06,8.78,53.1,383000 4318000,3.5,Suitable,dodgerblue,YES,237.985093,2683.079978,75.1858910000001
383000,4318000,CB3MH,44.29134,1e+06,6.16,57.7,383000 4318000,13.5,Suitable,dodgerblue,YES,237.985093,2683.079978,75.1858910000001
383000,4318000,CB3MH,37.72966,1e+06,7.4,55.5,383000 4318000,11.5,Suitable,dodgerblue,YES,237.985093,2683.079978,75.1858910000001
383000,4318000,CB3MH,60.69554,1e+06,5.5,58.8,383000 4318000,18.5,Suitable,dodgerblue,YES,237.985093,2683.079978,75.1858910000001
383000,4318000,CB3MH,47.57218,1e+06,5.96,58,383000 4318000,14.5,Suitable,dodgerblue,YES,237.985093,2683.079978,75.1858910000001
383000,4318000,CB3MH,4.92126,1e+06,10.15,51.4,383000 4318000,1.5,Suitable,dodgerblue,YES,237.985093,2683.079978,75.1858910000001
383000,4318000,CB3MH,63.97638,1e+06,5.5,58.8,383000 4318000,19.5,Suitable,dodgerblue,YES,237.985093,2683.079978,75.1858910000001
383000,4318000,CB3MH,21.32546,1e+06,8.42,53.9,383000 4318000,6.5,Suitable,dodgerblue,YES,237.985093,2683.079978,75.1858910000001
383000,4318000,CB3MH,14.76378,1e+06,8.57,53.6,383000 4318000,4.5,Suitable,dodgerblue,YES,237.985093,2683.079978,75.1858910000001
383000,4318000,CB3MH,41.0105,1e+06,6.7,56.7,383000 4318000,12.5,Suitable,dodgerblue,YES,237.985093,2683.079978,75.1858910000001
383000,4318000,CB3MH,1.64042,1e+06,10.49,51.1,383000 4318000,0.5,Suitable,dodgerblue,YES,237.985093,2683.079978,75.1858910000001
383000,4318000,CB3MH,50.85302,1e+06,5.81,58.3,383000 4318000,15.5,Suitable,dodgerblue,YES,237.985093,2683.079978,75.1858910000001
383000,4318000,CB3MH,34.44882,1e+06,7.53,55.5,383000 4318000,10.5,Suitable,dodgerblue,YES,237.985093,2683.079978,75.1858910000001
383000,4318000,CB3MH,8.2021,1e+06,9.46,52.2,383000 4318000,2.5,Suitable,dodgerblue,YES,237.985093,2683.079978,75.1858910000001
383000,4318000,CB3MH,54.13386,1e+06,5.66,58.5,383000 4318000,16.5,Suitable,dodgerblue,YES,237.985093,2683.079978,75.1858910000001
383000,4319000,CB3MH,41.0105,1e+06,6.71,56.7,383000 4319000,12.5,Suitable,dodgerblue,YES,237.985093,2683.701349,75.8072619999998
383000,4319000,CB3MH,4.92126,1e+06,10.14,51.3,383000 4319000,1.5,Suitable,dodgerblue,YES,237.985093,2683.701349,75.8072619999998
383000,4319000,CB3MH,1.64042,1e+06,10.47,51,383000 4319000,0.5,Suitable,dodgerblue,YES,237.985093,2683.701349,75.8072619999998
383000,4319000,CB3MH,21.32546,1e+06,8.47,53.8,383000 4319000,6.5,Suitable,dodgerblue,YES,237.985093,2683.701349,75.8072619999998
383000,4319000,CB3MH,37.72966,1e+06,7.41,55.5,383000 4319000,11.5,Suitable,dodgerblue,YES,237.985093,2683.701349,75.8072619999998
383000,4319000,CB3MH,27.88714,1e+06,7.99,54.8,383000 4319000,8.5,Suitable,dodgerblue,YES,237.985093,2683.701349,75.8072619999998
383000,4319000,CB3MH,8.2021,1e+06,9.49,52.1,383000 4319000,2.5,Suitable,dodgerblue,YES,237.985093,2683.701349,75.8072619999998
383000,4319000,CB3MH,11.48294,1e+06,8.83,53,383000 4319000,3.5,Suitable,dodgerblue,YES,237.985093,2683.701349,75.8072619999998
383000,4319000,CB3MH,31.16798,1e+06,7.7,55.3,383000 4319000,9.5,Suitable,dodgerblue,YES,237.985093,2683.701349,75.8072619999998
383000,4319000,CB3MH,24.6063,1e+06,8.23,54.2,383000 4319000,7.5,Suitable,dodgerblue,YES,237.985093,2683.701349,75.8072619999998
383000,4319000,CB3MH,14.76378,1e+06,8.62,53.5,383000 4319000,4.5,Suitable,dodgerblue,YES,237.985093,2683.701349,75.8072619999998
383000,4319000,CB3MH,47.57218,1e+06,5.97,58,383000 4319000,14.5,Suitable,dodgerblue,YES,237.985093,2683.701349,75.8072619999998
383000,4319000,CB3MH,34.44882,1e+06,7.58,55.4,383000 4319000,10.5,Suitable,dodgerblue,YES,237.985093,2683.701349,75.8072619999998
383000,4319000,CB3MH,44.29134,1e+06,6.17,57.7,383000 4319000,13.5,Suitable,dodgerblue,YES,237.985093,2683.701349,75.8072619999998
383000,4319000,CB3MH,18.04462,1e+06,8.57,53.7,383000 4319000,5.5,Suitable,dodgerblue,YES,237.985093,2683.701349,75.8072619999998
383000,4321000,CB3MH,47.57218,1e+06,6.05,57.9,383000 4321000,14.5,Suitable,dodgerblue,YES,237.985093,2684.944091,77.0500039999997
383000,4321000,CB3MH,31.16798,1e+06,7.92,54.8,383000 4321000,9.5,Suitable,dodgerblue,YES,237.985093,2684.944091,77.0500039999997
383000,4321000,CB3MH,44.29134,1e+06,6.25,57.6,383000 4321000,13.5,Suitable,dodgerblue,YES,237.985093,2684.944091,77.0500039999997
383000,4321000,CB3MH,41.0105,1e+06,6.77,56.6,383000 4321000,12.5,Suitable,dodgerblue,YES,237.985093,2684.944091,77.0500039999997
383000,4321000,CB3MH,14.76378,1e+06,8.8,52.9,383000 4321000,4.5,Suitable,dodgerblue,YES,237.985093,2684.944091,77.0500039999997
383000,4321000,CB3MH,1.64042,1e+06,10.4,50.8,383000 4321000,0.5,Suitable,dodgerblue,YES,237.985093,2684.944091,77.0500039999997
383000,4321000,CB3MH,27.88714,1e+06,8.19,54.3,383000 4321000,8.5,Suitable,dodgerblue,YES,237.985093,2684.944091,77.0500039999997
383000,4321000,CB3MH,37.72966,1e+06,7.45,55.5,383000 4321000,11.5,Suitable,dodgerblue,YES,237.985093,2684.944091,77.0500039999997
383000,4321000,CB3MH,4.92126,1e+06,10.12,51.1,383000 4321000,1.5,Suitable,dodgerblue,YES,237.985093,2684.944091,77.0500039999997
383000,4321000,CB3MH,11.48294,1e+06,9.01,52.5,383000 4321000,3.5,Suitable,dodgerblue,YES,237.985093,2684.944091,77.0500039999997
383000,4321000,CB3MH,8.2021,1e+06,9.57,51.7,383000 4321000,2.5,Suitable,dodgerblue,YES,237.985093,2684.944091,77.0500039999997
383000,4321000,CB3MH,21.32546,1e+06,8.63,53.5,383000 4321000,6.5,Suitable,dodgerblue,YES,237.985093,2684.944091,77.0500039999997
383000,4321000,CB3MH,18.04462,1e+06,8.71,53.4,383000 4321000,5.5,Suitable,dodgerblue,YES,237.985093,2684.944091,77.0500039999997
383000,4321000,CB3MH,50.85302,1e+06,5.85,58.2,383000 4321000,15.5,Suitable,dodgerblue,YES,237.985093,2684.944091,77.0500039999997
383000,4321000,CB3MH,24.6063,1e+06,8.41,53.8,383000 4321000,7.5,Suitable,dodgerblue,YES,237.985093,2684.944091,77.0500039999997
383000,4321000,CB3MH,34.44882,1e+06,7.77,55.1,383000 4321000,10.5,Suitable,dodgerblue,YES,237.985093,2684.944091,77.0500039999997
384000,4248000,CB5MH_MD,103.34646,1e+06,8.2,55.6,384000 4248000,31.5,Suitable,dodgerblue,YES,238.606464,2639.584008,31.6899210000001
384000,4248000,CB5MH_MD,109.90814,1e+06,8.2,55.6,384000 4248000,33.5,Suitable,dodgerblue,YES,238.606464,2639.584008,31.6899210000001
384000,4248000,CB5MH_MD,93.50394,1e+06,8.2,55.6,384000 4248000,28.5,Suitable,dodgerblue,YES,238.606464,2639.584008,31.6899210000001
384000,4248000,CB5MH_MD,54.13386,1e+06,8.42,55.2,384000 4248000,16.5,Suitable,dodgerblue,YES,238.606464,2639.584008,31.6899210000001
384000,4248000,CB5MH_MD,90.2231,1e+06,8,56.1,384000 4248000,27.5,Suitable,dodgerblue,YES,238.606464,2639.584008,31.6899210000001
384000,4248000,CB5MH_MD,18.04462,1e+06,9.06,55.8,384000 4248000,5.5,Suitable,dodgerblue,YES,238.606464,2639.584008,31.6899210000001
384000,4248000,CB5MH_MD,4.92126,1e+06,9.27,55.6,384000 4248000,1.5,Suitable,dodgerblue,YES,238.606464,2639.584008,31.6899210000001
384000,4248000,CB5MH_MD,41.0105,1e+06,8.83,55.1,384000 4248000,12.5,Suitable,dodgerblue,YES,238.606464,2639.584008,31.6899210000001
384000,4248000,CB5MH_MD,86.94226,1e+06,8,56.1,384000 4248000,26.5,Suitable,dodgerblue,YES,238.606464,2639.584008,31.6899210000001
384000,4248000,CB5MH_MD,21.32546,1e+06,9.03,55.8,384000 4248000,6.5,Suitable,dodgerblue,YES,238.606464,2639.584008,31.6899210000001
384000,4248000,CB5MH_MD,106.6273,1e+06,8.2,55.6,384000 4248000,32.5,Suitable,dodgerblue,YES,238.606464,2639.584008,31.6899210000001
384000,4248000,CB5MH_MD,100.06562,1e+06,8.2,55.6,384000 4248000,30.5,Suitable,dodgerblue,YES,238.606464,2639.584008,31.6899210000001
384000,4248000,CB5MH_MD,96.78478,1e+06,8.2,55.6,384000 4248000,29.5,Suitable,dodgerblue,YES,238.606464,2639.584008,31.6899210000001
384000,4248000,CB5MH_MD,63.97638,1e+06,8.17,55.7,384000 4248000,19.5,Suitable,dodgerblue,YES,238.606464,2639.584008,31.6899210000001
384000,4248000,CB5MH_MD,80.38058,1e+06,7.98,56.1,384000 4248000,24.5,Suitable,dodgerblue,YES,238.606464,2639.584008,31.6899210000001
384000,4248000,CB5MH_MD,11.48294,1e+06,9.16,55.7,384000 4248000,3.5,Suitable,dodgerblue,YES,238.606464,2639.584008,31.6899210000001
384000,4248000,CB5MH_MD,83.66142,1e+06,8,56.1,384000 4248000,25.5,Suitable,dodgerblue,YES,238.606464,2639.584008,31.6899210000001
384000,4248000,CB5MH_MD,8.2021,1e+06,9.22,55.6,384000 4248000,2.5,Suitable,dodgerblue,YES,238.606464,2639.584008,31.6899210000001
384000,4248000,CB5MH_MD,60.69554,1e+06,8.24,55.6,384000 4248000,18.5,Suitable,dodgerblue,YES,238.606464,2639.584008,31.6899210000001
384000,4248000,CB5MH_MD,31.16798,1e+06,8.94,54.7,384000 4248000,9.5,Suitable,dodgerblue,YES,238.606464,2639.584008,31.6899210000001
384000,4248000,CB5MH_MD,27.88714,1e+06,8.96,56,384000 4248000,8.5,Suitable,dodgerblue,YES,238.606464,2639.584008,31.6899210000001
384000,4248000,CB5MH_MD,77.09974,1e+06,8,56,384000 4248000,23.5,Suitable,dodgerblue,YES,238.606464,2639.584008,31.6899210000001
384000,4248000,CB5MH_MD,24.6063,1e+06,9,55.9,384000 4248000,7.5,Suitable,dodgerblue,YES,238.606464,2639.584008,31.6899210000001
384000,4248000,CB5MH_MD,50.85302,1e+06,8.52,55,384000 4248000,15.5,Suitable,dodgerblue,YES,238.606464,2639.584008,31.6899210000001
384000,4248000,CB5MH_MD,70.53806,1e+06,8.05,55.9,384000 4248000,21.5,Suitable,dodgerblue,YES,238.606464,2639.584008,31.6899210000001
384000,4248000,CB5MH_MD,73.8189,1e+06,8.02,55.9,384000 4248000,22.5,Suitable,dodgerblue,YES,238.606464,2639.584008,31.6899210000001
384000,4248000,CB5MH_MD,57.4147,1e+06,8.33,55.5,384000 4248000,17.5,Suitable,dodgerblue,YES,238.606464,2639.584008,31.6899210000001
384000,4248000,CB5MH_MD,67.25722,1e+06,8.1,55.8,384000 4248000,20.5,Suitable,dodgerblue,YES,238.606464,2639.584008,31.6899210000001
384000,4248000,CB5MH_MD,47.57218,1e+06,8.64,55.4,384000 4248000,14.5,Suitable,dodgerblue,YES,238.606464,2639.584008,31.6899210000001
384000,4248000,CB5MH_MD,14.76378,1e+06,9.11,55.7,384000 4248000,4.5,Suitable,dodgerblue,YES,238.606464,2639.584008,31.6899210000001
384000,4248000,CB5MH_MD,1.64042,1e+06,9.28,55.6,384000 4248000,0.5,Suitable,dodgerblue,YES,238.606464,2639.584008,31.6899210000001
384000,4248000,CB5MH_MD,34.44882,1e+06,8.89,55,384000 4248000,10.5,Suitable,dodgerblue,YES,238.606464,2639.584008,31.6899210000001
384000,4248000,CB5MH_MD,44.29134,1e+06,8.76,55.3,384000 4248000,13.5,Suitable,dodgerblue,YES,238.606464,2639.584008,31.6899210000001
384000,4248000,CB5MH_MD,37.72966,1e+06,8.87,55,384000 4248000,11.5,Suitable,dodgerblue,YES,238.606464,2639.584008,31.6899210000001
384000,4249000,CB5MH_MD,86.94226,1e+06,7.96,56.2,384000 4249000,26.5,Suitable,dodgerblue,YES,238.606464,2640.205379,32.3112919999999
384000,4249000,CB5MH_MD,90.2231,1e+06,7.96,56.2,384000 4249000,27.5,Suitable,dodgerblue,YES,238.606464,2640.205379,32.3112919999999
384000,4249000,CB5MH_MD,83.66142,1e+06,7.96,56.2,384000 4249000,25.5,Suitable,dodgerblue,YES,238.606464,2640.205379,32.3112919999999
384000,4249000,CB5MH_MD,93.50394,1e+06,8.2,55.6,384000 4249000,28.5,Suitable,dodgerblue,YES,238.606464,2640.205379,32.3112919999999
384000,4249000,CB5MH_MD,4.92126,1e+06,9.3,55.1,384000 4249000,1.5,Suitable,dodgerblue,YES,238.606464,2640.205379,32.3112919999999
384000,4249000,CB5MH_MD,80.38058,1e+06,7.94,56.2,384000 4249000,24.5,Suitable,dodgerblue,YES,238.606464,2640.205379,32.3112919999999
384000,4249000,CB5MH_MD,77.09974,1e+06,7.95,56.1,384000 4249000,23.5,Suitable,dodgerblue,YES,238.606464,2640.205379,32.3112919999999
384000,4249000,CB5MH_MD,103.34646,1e+06,8.2,55.6,384000 4249000,31.5,Suitable,dodgerblue,YES,238.606464,2640.205379,32.3112919999999
384000,4249000,CB5MH_MD,24.6063,1e+06,9.01,55.4,384000 4249000,7.5,Suitable,dodgerblue,YES,238.606464,2640.205379,32.3112919999999
384000,4249000,CB5MH_MD,100.06562,1e+06,8.2,55.6,384000 4249000,30.5,Suitable,dodgerblue,YES,238.606464,2640.205379,32.3112919999999
384000,4249000,CB5MH_MD,27.88714,1e+06,8.95,55.4,384000 4249000,8.5,Suitable,dodgerblue,YES,238.606464,2640.205379,32.3112919999999
384000,4249000,CB5MH_MD,63.97638,1e+06,8.08,55.9,384000 4249000,19.5,Suitable,dodgerblue,YES,238.606464,2640.205379,32.3112919999999
384000,4249000,CB5MH_MD,106.6273,1e+06,8.2,55.6,384000 4249000,32.5,Suitable,dodgerblue,YES,238.606464,2640.205379,32.3112919999999
384000,4249000,CB5MH_MD,73.8189,1e+06,7.97,56,384000 4249000,22.5,Suitable,dodgerblue,YES,238.606464,2640.205379,32.3112919999999
384000,4249000,CB5MH_MD,67.25722,1e+06,8.02,55.9,384000 4249000,20.5,Suitable,dodgerblue,YES,238.606464,2640.205379,32.3112919999999
384000,4249000,CB5MH_MD,60.69554,1e+06,8.16,55.8,384000 4249000,18.5,Suitable,dodgerblue,YES,238.606464,2640.205379,32.3112919999999
384000,4249000,CB5MH_MD,41.0105,1e+06,8.82,55,384000 4249000,12.5,Suitable,dodgerblue,YES,238.606464,2640.205379,32.3112919999999
384000,4249000,CB5MH_MD,96.78478,1e+06,8.2,55.6,384000 4249000,29.5,Suitable,dodgerblue,YES,238.606464,2640.205379,32.3112919999999
384000,4249000,CB5MH_MD,70.53806,1e+06,7.99,56,384000 4249000,21.5,Suitable,dodgerblue,YES,238.606464,2640.205379,32.3112919999999
384000,4249000,CB5MH_MD,44.29134,1e+06,8.74,55.1,384000 4249000,13.5,Suitable,dodgerblue,YES,238.606464,2640.205379,32.3112919999999
384000,4249000,CB5MH_MD,54.13386,1e+06,8.36,55.3,384000 4249000,16.5,Suitable,dodgerblue,YES,238.606464,2640.205379,32.3112919999999
384000,4249000,CB5MH_MD,18.04462,1e+06,9.09,55.2,384000 4249000,5.5,Suitable,dodgerblue,YES,238.606464,2640.205379,32.3112919999999
384000,4249000,CB5MH_MD,21.32546,1e+06,9.05,55.3,384000 4249000,6.5,Suitable,dodgerblue,YES,238.606464,2640.205379,32.3112919999999
384000,4249000,CB5MH_MD,14.76378,1e+06,9.15,55.1,384000 4249000,4.5,Suitable,dodgerblue,YES,238.606464,2640.205379,32.3112919999999
384000,4249000,CB5MH_MD,31.16798,1e+06,8.93,54.5,384000 4249000,9.5,Suitable,dodgerblue,YES,238.606464,2640.205379,32.3112919999999
384000,4249000,CB5MH_MD,37.72966,1e+06,8.87,54.9,384000 4249000,11.5,Suitable,dodgerblue,YES,238.606464,2640.205379,32.3112919999999
384000,4249000,CB5MH_MD,47.57218,1e+06,8.61,55.3,384000 4249000,14.5,Suitable,dodgerblue,YES,238.606464,2640.205379,32.3112919999999
384000,4249000,CB5MH_MD,57.4147,1e+06,8.25,55.6,384000 4249000,17.5,Suitable,dodgerblue,YES,238.606464,2640.205379,32.3112919999999
384000,4249000,CB5MH_MD,11.48294,1e+06,9.21,55.1,384000 4249000,3.5,Suitable,dodgerblue,YES,238.606464,2640.205379,32.3112919999999
384000,4249000,CB5MH_MD,34.44882,1e+06,8.89,54.8,384000 4249000,10.5,Suitable,dodgerblue,YES,238.606464,2640.205379,32.3112919999999
384000,4249000,CB5MH_MD,50.85302,1e+06,8.48,55.1,384000 4249000,15.5,Suitable,dodgerblue,YES,238.606464,2640.205379,32.3112919999999
384000,4249000,CB5MH_MD,1.64042,1e+06,9.31,55.1,384000 4249000,0.5,Suitable,dodgerblue,YES,238.606464,2640.205379,32.3112919999999
384000,4249000,CB5MH_MD,8.2021,1e+06,9.27,55.1,384000 4249000,2.5,Suitable,dodgerblue,YES,238.606464,2640.205379,32.3112919999999
384000,4321000,CB3MH,1.64042,1e+06,10.38,50.8,384000 4321000,0.5,Suitable,dodgerblue,YES,238.606464,2684.944091,77.0500039999997
384000,4321000,CB3MH,4.92126,1e+06,10.12,51,384000 4321000,1.5,Suitable,dodgerblue,YES,238.606464,2684.944091,77.0500039999997
384000,4321000,CB3MH,41.0105,1e+06,6.75,56.6,384000 4321000,12.5,Suitable,dodgerblue,YES,238.606464,2684.944091,77.0500039999997
384000,4321000,CB3MH,21.32546,1e+06,8.68,53.3,384000 4321000,6.5,Suitable,dodgerblue,YES,238.606464,2684.944091,77.0500039999997
384000,4321000,CB3MH,44.29134,1e+06,6.21,57.6,384000 4321000,13.5,Suitable,dodgerblue,YES,238.606464,2684.944091,77.0500039999997
384000,4321000,CB3MH,37.72966,1e+06,7.43,55.5,384000 4321000,11.5,Suitable,dodgerblue,YES,238.606464,2684.944091,77.0500039999997
384000,4321000,CB3MH,8.2021,1e+06,9.59,51.6,384000 4321000,2.5,Suitable,dodgerblue,YES,238.606464,2684.944091,77.0500039999997
384000,4321000,CB3MH,50.85302,1e+06,5.86,58.2,384000 4321000,15.5,Suitable,dodgerblue,YES,238.606464,2684.944091,77.0500039999997
384000,4321000,CB3MH,47.57218,1e+06,6.01,57.9,384000 4321000,14.5,Suitable,dodgerblue,YES,238.606464,2684.944091,77.0500039999997
384000,4321000,CB3MH,11.48294,1e+06,9.05,52.4,384000 4321000,3.5,Suitable,dodgerblue,YES,238.606464,2684.944091,77.0500039999997
384000,4321000,CB3MH,14.76378,1e+06,8.84,52.8,384000 4321000,4.5,Suitable,dodgerblue,YES,238.606464,2684.944091,77.0500039999997
384000,4321000,CB3MH,27.88714,1e+06,8.25,54.2,384000 4321000,8.5,Suitable,dodgerblue,YES,238.606464,2684.944091,77.0500039999997
384000,4321000,CB3MH,31.16798,1e+06,8,54.6,384000 4321000,9.5,Suitable,dodgerblue,YES,238.606464,2684.944091,77.0500039999997
384000,4321000,CB3MH,18.04462,1e+06,8.76,53.3,384000 4321000,5.5,Suitable,dodgerblue,YES,238.606464,2684.944091,77.0500039999997
384000,4321000,CB3MH,24.6063,1e+06,8.47,53.7,384000 4321000,7.5,Suitable,dodgerblue,YES,238.606464,2684.944091,77.0500039999997
384000,4321000,CB3MH,34.44882,1e+06,7.82,55,384000 4321000,10.5,Suitable,dodgerblue,YES,238.606464,2684.944091,77.0500039999997
384000,4322000,CB3MH,27.88714,1e+06,8.37,53.9,384000 4322000,8.5,Suitable,dodgerblue,YES,238.606464,2685.565462,77.6713749999999
384000,4322000,CB3MH,50.85302,1e+06,5.88,58.2,384000 4322000,15.5,Suitable,dodgerblue,YES,238.606464,2685.565462,77.6713749999999
384000,4322000,CB3MH,31.16798,1e+06,8.13,54.3,384000 4322000,9.5,Suitable,dodgerblue,YES,238.606464,2685.565462,77.6713749999999
384000,4322000,CB3MH,18.04462,1e+06,8.85,53,384000 4322000,5.5,Suitable,dodgerblue,YES,238.606464,2685.565462,77.6713749999999
384000,4322000,CB3MH,24.6063,1e+06,8.57,53.4,384000 4322000,7.5,Suitable,dodgerblue,YES,238.606464,2685.565462,77.6713749999999
384000,4322000,CB3MH,34.44882,1e+06,7.95,54.7,384000 4322000,10.5,Suitable,dodgerblue,YES,238.606464,2685.565462,77.6713749999999
384000,4322000,CB3MH,37.72966,1e+06,7.56,55.2,384000 4322000,11.5,Suitable,dodgerblue,YES,238.606464,2685.565462,77.6713749999999
384000,4322000,CB3MH,21.32546,1e+06,8.77,53.1,384000 4322000,6.5,Suitable,dodgerblue,YES,238.606464,2685.565462,77.6713749999999
384000,4322000,CB3MH,47.57218,1e+06,6.11,57.8,384000 4322000,14.5,Suitable,dodgerblue,YES,238.606464,2685.565462,77.6713749999999
384000,4322000,CB3MH,44.29134,1e+06,6.31,57.5,384000 4322000,13.5,Suitable,dodgerblue,YES,238.606464,2685.565462,77.6713749999999
384000,4322000,CB3MH,11.48294,1e+06,9.15,52.1,384000 4322000,3.5,Suitable,dodgerblue,YES,238.606464,2685.565462,77.6713749999999
384000,4322000,CB3MH,41.0105,1e+06,6.82,56.6,384000 4322000,12.5,Suitable,dodgerblue,YES,238.606464,2685.565462,77.6713749999999
384000,4322000,CB3MH,8.2021,1e+06,9.63,51.4,384000 4322000,2.5,Suitable,dodgerblue,YES,238.606464,2685.565462,77.6713749999999
384000,4322000,CB3MH,14.76378,1e+06,8.94,52.5,384000 4322000,4.5,Suitable,dodgerblue,YES,238.606464,2685.565462,77.6713749999999
384000,4322000,CB3MH,1.64042,1e+06,10.34,50.7,384000 4322000,0.5,Suitable,dodgerblue,YES,238.606464,2685.565462,77.6713749999999
384000,4322000,CB3MH,4.92126,1e+06,10.1,50.9,384000 4322000,1.5,Suitable,dodgerblue,YES,238.606464,2685.565462,77.6713749999999
384000,4323000,CB3MH,21.32546,1e+06,8.85,52.9,384000 4323000,6.5,Suitable,dodgerblue,YES,238.606464,2686.186833,78.2927460000001
384000,4323000,CB3MH,18.04462,1e+06,8.93,52.8,384000 4323000,5.5,Suitable,dodgerblue,YES,238.606464,2686.186833,78.2927460000001
384000,4323000,CB3MH,4.92126,1e+06,10.09,50.8,384000 4323000,1.5,Suitable,dodgerblue,YES,238.606464,2686.186833,78.2927460000001
384000,4323000,CB3MH,1.64042,1e+06,10.3,50.6,384000 4323000,0.5,Suitable,dodgerblue,YES,238.606464,2686.186833,78.2927460000001
384000,4323000,CB3MH,24.6063,1e+06,8.67,53.2,384000 4323000,7.5,Suitable,dodgerblue,YES,238.606464,2686.186833,78.2927460000001
384000,4323000,CB3MH,41.0105,1e+06,6.79,56.6,384000 4323000,12.5,Suitable,dodgerblue,YES,238.606464,2686.186833,78.2927460000001
384000,4323000,CB3MH,34.44882,1e+06,8.11,54.3,384000 4323000,10.5,Suitable,dodgerblue,YES,238.606464,2686.186833,78.2927460000001
384000,4323000,CB3MH,27.88714,1e+06,8.49,53.6,384000 4323000,8.5,Suitable,dodgerblue,YES,238.606464,2686.186833,78.2927460000001
384000,4323000,CB3MH,14.76378,1e+06,9.03,52.2,384000 4323000,4.5,Suitable,dodgerblue,YES,238.606464,2686.186833,78.2927460000001
384000,4323000,CB3MH,31.16798,1e+06,8.27,54,384000 4323000,9.5,Suitable,dodgerblue,YES,238.606464,2686.186833,78.2927460000001
384000,4323000,CB3MH,11.48294,1e+06,9.25,51.8,384000 4323000,3.5,Suitable,dodgerblue,YES,238.606464,2686.186833,78.2927460000001
384000,4323000,CB3MH,37.72966,1e+06,7.59,55.1,384000 4323000,11.5,Suitable,dodgerblue,YES,238.606464,2686.186833,78.2927460000001
384000,4323000,CB3MH,8.2021,1e+06,9.68,51.2,384000 4323000,2.5,Suitable,dodgerblue,YES,238.606464,2686.186833,78.2927460000001
385000,4246000,CB5MH_MD,116.46982,1e+06,8.2,55.6,385000 4246000,35.5,Suitable,dodgerblue,YES,239.227835,2638.341266,30.4471789999998
385000,4246000,CB5MH_MD,109.90814,1e+06,8.2,55.6,385000 4246000,33.5,Suitable,dodgerblue,YES,239.227835,2638.341266,30.4471789999998
385000,4246000,CB5MH_MD,113.18898,1e+06,8.2,55.6,385000 4246000,34.5,Suitable,dodgerblue,YES,239.227835,2638.341266,30.4471789999998
385000,4246000,CB5MH_MD,96.78478,1e+06,8.2,55.6,385000 4246000,29.5,Suitable,dodgerblue,YES,239.227835,2638.341266,30.4471789999998
385000,4246000,CB5MH_MD,24.6063,1e+06,8.99,56,385000 4246000,7.5,Suitable,dodgerblue,YES,239.227835,2638.341266,30.4471789999998
385000,4246000,CB5MH_MD,31.16798,1e+06,8.95,54.7,385000 4246000,9.5,Suitable,dodgerblue,YES,239.227835,2638.341266,30.4471789999998
385000,4246000,CB5MH_MD,103.34646,1e+06,8.2,55.6,385000 4246000,31.5,Suitable,dodgerblue,YES,239.227835,2638.341266,30.4471789999998
385000,4246000,CB5MH_MD,50.85302,1e+06,8.66,54.8,385000 4246000,15.5,Suitable,dodgerblue,YES,239.227835,2638.341266,30.4471789999998
385000,4246000,CB5MH_MD,93.50394,1e+06,8.2,55.6,385000 4246000,28.5,Suitable,dodgerblue,YES,239.227835,2638.341266,30.4471789999998
385000,4246000,CB5MH_MD,41.0105,1e+06,8.86,55,385000 4246000,12.5,Suitable,dodgerblue,YES,239.227835,2638.341266,30.4471789999998
385000,4246000,CB5MH_MD,27.88714,1e+06,8.97,56.1,385000 4246000,8.5,Suitable,dodgerblue,YES,239.227835,2638.341266,30.4471789999998
385000,4246000,CB5MH_MD,119.75066,1e+06,8.2,55.6,385000 4246000,36.5,Suitable,dodgerblue,YES,239.227835,2638.341266,30.4471789999998
385000,4246000,CB5MH_MD,80.38058,1e+06,8.1,55.8,385000 4246000,24.5,Suitable,dodgerblue,YES,239.227835,2638.341266,30.4471789999998
385000,4246000,CB5MH_MD,106.6273,1e+06,8.2,55.6,385000 4246000,32.5,Suitable,dodgerblue,YES,239.227835,2638.341266,30.4471789999998
385000,4246000,CB5MH_MD,90.2231,1e+06,8.11,55.8,385000 4246000,27.5,Suitable,dodgerblue,YES,239.227835,2638.341266,30.4471789999998
385000,4246000,CB5MH_MD,14.76378,1e+06,9.07,55.9,385000 4246000,4.5,Suitable,dodgerblue,YES,239.227835,2638.341266,30.4471789999998
385000,4246000,CB5MH_MD,11.48294,1e+06,9.09,55.9,385000 4246000,3.5,Suitable,dodgerblue,YES,239.227835,2638.341266,30.4471789999998
385000,4246000,CB5MH_MD,70.53806,1e+06,8.26,55.6,385000 4246000,21.5,Suitable,dodgerblue,YES,239.227835,2638.341266,30.4471789999998
385000,4246000,CB5MH_MD,100.06562,1e+06,8.2,55.6,385000 4246000,30.5,Suitable,dodgerblue,YES,239.227835,2638.341266,30.4471789999998
385000,4246000,CB5MH_MD,8.2021,1e+06,9.16,55.6,385000 4246000,2.5,Suitable,dodgerblue,YES,239.227835,2638.341266,30.4471789999998
385000,4246000,CB5MH_MD,54.13386,1e+06,8.62,54.9,385000 4246000,16.5,Suitable,dodgerblue,YES,239.227835,2638.341266,30.4471789999998
385000,4246000,CB5MH_MD,47.57218,1e+06,8.72,55.3,385000 4246000,14.5,Suitable,dodgerblue,YES,239.227835,2638.341266,30.4471789999998
385000,4246000,CB5MH_MD,37.72966,1e+06,8.88,55,385000 4246000,11.5,Suitable,dodgerblue,YES,239.227835,2638.341266,30.4471789999998
385000,4246000,CB5MH_MD,73.8189,1e+06,8.19,55.7,385000 4246000,22.5,Suitable,dodgerblue,YES,239.227835,2638.341266,30.4471789999998
385000,4246000,CB5MH_MD,77.09974,1e+06,8.14,55.8,385000 4246000,23.5,Suitable,dodgerblue,YES,239.227835,2638.341266,30.4471789999998
385000,4246000,CB5MH_MD,4.92126,1e+06,9.25,55.5,385000 4246000,1.5,Suitable,dodgerblue,YES,239.227835,2638.341266,30.4471789999998
385000,4246000,CB5MH_MD,34.44882,1e+06,8.89,55,385000 4246000,10.5,Suitable,dodgerblue,YES,239.227835,2638.341266,30.4471789999998
385000,4246000,CB5MH_MD,21.32546,1e+06,9.02,56,385000 4246000,6.5,Suitable,dodgerblue,YES,239.227835,2638.341266,30.4471789999998
385000,4246000,CB5MH_MD,86.94226,1e+06,8.11,55.8,385000 4246000,26.5,Suitable,dodgerblue,YES,239.227835,2638.341266,30.4471789999998
385000,4246000,CB5MH_MD,83.66142,1e+06,8.11,55.8,385000 4246000,25.5,Suitable,dodgerblue,YES,239.227835,2638.341266,30.4471789999998
385000,4246000,CB5MH_MD,57.4147,1e+06,8.56,55.1,385000 4246000,17.5,Suitable,dodgerblue,YES,239.227835,2638.341266,30.4471789999998
385000,4246000,CB5MH_MD,44.29134,1e+06,8.81,55.1,385000 4246000,13.5,Suitable,dodgerblue,YES,239.227835,2638.341266,30.4471789999998
385000,4246000,CB5MH_MD,63.97638,1e+06,8.42,55.2,385000 4246000,19.5,Suitable,dodgerblue,YES,239.227835,2638.341266,30.4471789999998
385000,4246000,CB5MH_MD,60.69554,1e+06,8.49,55.1,385000 4246000,18.5,Suitable,dodgerblue,YES,239.227835,2638.341266,30.4471789999998
385000,4246000,CB5MH_MD,67.25722,1e+06,8.33,55.4,385000 4246000,20.5,Suitable,dodgerblue,YES,239.227835,2638.341266,30.4471789999998
385000,4246000,CB5MH_MD,18.04462,1e+06,9.05,55.9,385000 4246000,5.5,Suitable,dodgerblue,YES,239.227835,2638.341266,30.4471789999998
385000,4246000,CB5MH_MD,1.64042,1e+06,9.27,55.5,385000 4246000,0.5,Suitable,dodgerblue,YES,239.227835,2638.341266,30.4471789999998
385000,4247000,CB5MH_MD,73.8189,1e+06,8.12,55.8,385000 4247000,22.5,Suitable,dodgerblue,YES,239.227835,2638.962637,31.06855
385000,4247000,CB5MH_MD,83.66142,1e+06,8.06,55.9,385000 4247000,25.5,Suitable,dodgerblue,YES,239.227835,2638.962637,31.06855
385000,4247000,CB5MH_MD,11.48294,1e+06,9.12,55.8,385000 4247000,3.5,Suitable,dodgerblue,YES,239.227835,2638.962637,31.06855
385000,4247000,CB5MH_MD,18.04462,1e+06,9.05,55.9,385000 4247000,5.5,Suitable,dodgerblue,YES,239.227835,2638.962637,31.06855
385000,4247000,CB5MH_MD,21.32546,1e+06,9.02,55.9,385000 4247000,6.5,Suitable,dodgerblue,YES,239.227835,2638.962637,31.06855
385000,4247000,CB5MH_MD,77.09974,1e+06,8.08,55.9,385000 4247000,23.5,Suitable,dodgerblue,YES,239.227835,2638.962637,31.06855
385000,4247000,CB5MH_MD,80.38058,1e+06,8.05,56,385000 4247000,24.5,Suitable,dodgerblue,YES,239.227835,2638.962637,31.06855
385000,4247000,CB5MH_MD,54.13386,1e+06,8.54,55,385000 4247000,16.5,Suitable,dodgerblue,YES,239.227835,2638.962637,31.06855
385000,4247000,CB5MH_MD,27.88714,1e+06,8.96,56,385000 4247000,8.5,Suitable,dodgerblue,YES,239.227835,2638.962637,31.06855
385000,4247000,CB5MH_MD,67.25722,1e+06,8.24,55.6,385000 4247000,20.5,Suitable,dodgerblue,YES,239.227835,2638.962637,31.06855
385000,4247000,CB5MH_MD,93.50394,1e+06,8.2,55.6,385000 4247000,28.5,Suitable,dodgerblue,YES,239.227835,2638.962637,31.06855
385000,4247000,CB5MH_MD,63.97638,1e+06,8.31,55.4,385000 4247000,19.5,Suitable,dodgerblue,YES,239.227835,2638.962637,31.06855
385000,4247000,CB5MH_MD,103.34646,1e+06,8.2,55.6,385000 4247000,31.5,Suitable,dodgerblue,YES,239.227835,2638.962637,31.06855
385000,4247000,CB5MH_MD,70.53806,1e+06,8.17,55.7,385000 4247000,21.5,Suitable,dodgerblue,YES,239.227835,2638.962637,31.06855
385000,4247000,CB5MH_MD,41.0105,1e+06,8.84,55.1,385000 4247000,12.5,Suitable,dodgerblue,YES,239.227835,2638.962637,31.06855
385000,4247000,CB5MH_MD,14.76378,1e+06,9.08,55.8,385000 4247000,4.5,Suitable,dodgerblue,YES,239.227835,2638.962637,31.06855
385000,4247000,CB5MH_MD,86.94226,1e+06,8.06,55.9,385000 4247000,26.5,Suitable,dodgerblue,YES,239.227835,2638.962637,31.06855
385000,4247000,CB5MH_MD,37.72966,1e+06,8.87,55,385000 4247000,11.5,Suitable,dodgerblue,YES,239.227835,2638.962637,31.06855
385000,4247000,CB5MH_MD,50.85302,1e+06,8.6,54.9,385000 4247000,15.5,Suitable,dodgerblue,YES,239.227835,2638.962637,31.06855
385000,4247000,CB5MH_MD,90.2231,1e+06,8.06,55.9,385000 4247000,27.5,Suitable,dodgerblue,YES,239.227835,2638.962637,31.06855
385000,4247000,CB5MH_MD,57.4147,1e+06,8.47,55.2,385000 4247000,17.5,Suitable,dodgerblue,YES,239.227835,2638.962637,31.06855
385000,4247000,CB5MH_MD,106.6273,1e+06,8.2,55.6,385000 4247000,32.5,Suitable,dodgerblue,YES,239.227835,2638.962637,31.06855
385000,4247000,CB5MH_MD,4.92126,1e+06,9.25,55.5,385000 4247000,1.5,Suitable,dodgerblue,YES,239.227835,2638.962637,31.06855
385000,4247000,CB5MH_MD,100.06562,1e+06,8.2,55.6,385000 4247000,30.5,Suitable,dodgerblue,YES,239.227835,2638.962637,31.06855
385000,4247000,CB5MH_MD,8.2021,1e+06,9.18,55.6,385000 4247000,2.5,Suitable,dodgerblue,YES,239.227835,2638.962637,31.06855
385000,4247000,CB5MH_MD,34.44882,1e+06,8.89,55,385000 4247000,10.5,Suitable,dodgerblue,YES,239.227835,2638.962637,31.06855
385000,4247000,CB5MH_MD,1.64042,1e+06,9.27,55.5,385000 4247000,0.5,Suitable,dodgerblue,YES,239.227835,2638.962637,31.06855
385000,4247000,CB5MH_MD,47.57218,1e+06,8.69,55.4,385000 4247000,14.5,Suitable,dodgerblue,YES,239.227835,2638.962637,31.06855
385000,4247000,CB5MH_MD,31.16798,1e+06,8.95,54.7,385000 4247000,9.5,Suitable,dodgerblue,YES,239.227835,2638.962637,31.06855
385000,4247000,CB5MH_MD,96.78478,1e+06,8.2,55.6,385000 4247000,29.5,Suitable,dodgerblue,YES,239.227835,2638.962637,31.06855
385000,4247000,CB5MH_MD,44.29134,1e+06,8.79,55.2,385000 4247000,13.5,Suitable,dodgerblue,YES,239.227835,2638.962637,31.06855
385000,4247000,CB5MH_MD,60.69554,1e+06,8.39,55.3,385000 4247000,18.5,Suitable,dodgerblue,YES,239.227835,2638.962637,31.06855
385000,4247000,CB5MH_MD,24.6063,1e+06,8.99,56,385000 4247000,7.5,Suitable,dodgerblue,YES,239.227835,2638.962637,31.06855
385000,4324000,CB3MH,31.16798,1e+06,8.54,53.3,385000 4324000,9.5,Suitable,dodgerblue,YES,239.227835,2686.808204,78.9141169999998
385000,4324000,CB3MH,1.64042,1e+06,10.26,50.5,385000 4324000,0.5,Suitable,dodgerblue,YES,239.227835,2686.808204,78.9141169999998
385000,4324000,CB3MH,24.6063,1e+06,8.9,52.5,385000 4324000,7.5,Suitable,dodgerblue,YES,239.227835,2686.808204,78.9141169999998
385000,4324000,CB3MH,21.32546,1e+06,9.06,52.3,385000 4324000,6.5,Suitable,dodgerblue,YES,239.227835,2686.808204,78.9141169999998
385000,4324000,CB3MH,8.2021,1e+06,9.74,51,385000 4324000,2.5,Suitable,dodgerblue,YES,239.227835,2686.808204,78.9141169999998
385000,4324000,CB3MH,4.92126,1e+06,10.08,50.6,385000 4324000,1.5,Suitable,dodgerblue,YES,239.227835,2686.808204,78.9141169999998
385000,4324000,CB3MH,41.0105,1e+06,6.82,56.5,385000 4324000,12.5,Suitable,dodgerblue,YES,239.227835,2686.808204,78.9141169999998
385000,4324000,CB3MH,37.72966,1e+06,7.69,54.9,385000 4324000,11.5,Suitable,dodgerblue,YES,239.227835,2686.808204,78.9141169999998
385000,4324000,CB3MH,27.88714,1e+06,8.73,52.9,385000 4324000,8.5,Suitable,dodgerblue,YES,239.227835,2686.808204,78.9141169999998
385000,4324000,CB3MH,11.48294,1e+06,9.37,51.5,385000 4324000,3.5,Suitable,dodgerblue,YES,239.227835,2686.808204,78.9141169999998
385000,4324000,CB3MH,44.29134,1e+06,6.32,57.5,385000 4324000,13.5,Suitable,dodgerblue,YES,239.227835,2686.808204,78.9141169999998
385000,4324000,CB3MH,34.44882,1e+06,8.32,53.9,385000 4324000,10.5,Suitable,dodgerblue,YES,239.227835,2686.808204,78.9141169999998
385000,4324000,CB3MH,18.04462,1e+06,9.13,52.2,385000 4324000,5.5,Suitable,dodgerblue,YES,239.227835,2686.808204,78.9141169999998
385000,4324000,CB3MH,14.76378,1e+06,9.16,51.9,385000 4324000,4.5,Suitable,dodgerblue,YES,239.227835,2686.808204,78.9141169999998
385000,4325000,CB3MH,8.2021,1e+06,9.78,50.9,385000 4325000,2.5,Suitable,dodgerblue,YES,239.227835,2687.429575,79.535488
385000,4325000,CB3MH,24.6063,1e+06,9,52.3,385000 4325000,7.5,Suitable,dodgerblue,YES,239.227835,2687.429575,79.535488
385000,4325000,CB3MH,21.32546,1e+06,9.15,52,385000 4325000,6.5,Suitable,dodgerblue,YES,239.227835,2687.429575,79.535488
385000,4325000,CB3MH,41.0105,1e+06,6.86,56.5,385000 4325000,12.5,Suitable,dodgerblue,YES,239.227835,2687.429575,79.535488
385000,4325000,CB3MH,44.29134,1e+06,6.38,57.4,385000 4325000,13.5,Suitable,dodgerblue,YES,239.227835,2687.429575,79.535488
385000,4325000,CB3MH,47.57218,1e+06,6.19,57.7,385000 4325000,14.5,Suitable,dodgerblue,YES,239.227835,2687.429575,79.535488
385000,4325000,CB3MH,11.48294,1e+06,9.45,51.3,385000 4325000,3.5,Suitable,dodgerblue,YES,239.227835,2687.429575,79.535488
385000,4325000,CB3MH,4.92126,1e+06,10.07,50.5,385000 4325000,1.5,Suitable,dodgerblue,YES,239.227835,2687.429575,79.535488
385000,4325000,CB3MH,1.64042,1e+06,10.23,50.4,385000 4325000,0.5,Suitable,dodgerblue,YES,239.227835,2687.429575,79.535488
385000,4325000,CB3MH,37.72966,1e+06,7.77,54.8,385000 4325000,11.5,Suitable,dodgerblue,YES,239.227835,2687.429575,79.535488
385000,4325000,CB3MH,27.88714,1e+06,8.84,52.6,385000 4325000,8.5,Suitable,dodgerblue,YES,239.227835,2687.429575,79.535488
385000,4325000,CB3MH,34.44882,1e+06,8.42,53.7,385000 4325000,10.5,Suitable,dodgerblue,YES,239.227835,2687.429575,79.535488
385000,4325000,CB3MH,31.16798,1e+06,8.66,53,385000 4325000,9.5,Suitable,dodgerblue,YES,239.227835,2687.429575,79.535488
385000,4325000,CB3MH,14.76378,1e+06,9.23,51.6,385000 4325000,4.5,Suitable,dodgerblue,YES,239.227835,2687.429575,79.535488
385000,4325000,CB3MH,18.04462,1e+06,9.22,51.9,385000 4325000,5.5,Suitable,dodgerblue,YES,239.227835,2687.429575,79.535488
385000,4333000,CB3MH,4.92126,1e+06,10.07,50,385000 4333000,1.5,Suitable,dodgerblue,YES,239.227835,2692.400543,84.5064560000001
385000,4333000,CB3MH,1.64042,1e+06,10.13,49.9,385000 4333000,0.5,Suitable,dodgerblue,YES,239.227835,2692.400543,84.5064560000001
385000,4333000,CB3MH,27.88714,1e+06,9.31,51.3,385000 4333000,8.5,Suitable,dodgerblue,YES,239.227835,2692.400543,84.5064560000001
385000,4333000,CB3MH,18.04462,1e+06,9.61,50.7,385000 4333000,5.5,Suitable,dodgerblue,YES,239.227835,2692.400543,84.5064560000001
385000,4333000,CB3MH,11.48294,1e+06,9.88,50.1,385000 4333000,3.5,Suitable,dodgerblue,YES,239.227835,2692.400543,84.5064560000001
385000,4333000,CB3MH,24.6063,1e+06,9.45,51,385000 4333000,7.5,Suitable,dodgerblue,YES,239.227835,2692.400543,84.5064560000001
385000,4333000,CB3MH,21.32546,1e+06,9.56,50.8,385000 4333000,6.5,Suitable,dodgerblue,YES,239.227835,2692.400543,84.5064560000001
385000,4333000,CB3MH,37.72966,1e+06,8.61,53.1,385000 4333000,11.5,Suitable,dodgerblue,YES,239.227835,2692.400543,84.5064560000001
385000,4333000,CB3MH,8.2021,1e+06,10,50.1,385000 4333000,2.5,Suitable,dodgerblue,YES,239.227835,2692.400543,84.5064560000001
385000,4333000,CB3MH,14.76378,1e+06,9.71,50.4,385000 4333000,4.5,Suitable,dodgerblue,YES,239.227835,2692.400543,84.5064560000001
385000,4333000,CB3MH,34.44882,1e+06,9,52.4,385000 4333000,10.5,Suitable,dodgerblue,YES,239.227835,2692.400543,84.5064560000001
385000,4333000,CB3MH,31.16798,1e+06,9.16,51.6,385000 4333000,9.5,Suitable,dodgerblue,YES,239.227835,2692.400543,84.5064560000001
385000,4334000,CB3MH,14.76378,1e+06,9.73,50.3,385000 4334000,4.5,Suitable,dodgerblue,YES,239.227835,2693.021914,85.1278269999998
385000,4334000,CB3MH,34.44882,1e+06,9.06,52.3,385000 4334000,10.5,Suitable,dodgerblue,YES,239.227835,2693.021914,85.1278269999998
385000,4334000,CB3MH,18.04462,1e+06,9.63,50.6,385000 4334000,5.5,Suitable,dodgerblue,YES,239.227835,2693.021914,85.1278269999998
385000,4334000,CB3MH,8.2021,1e+06,10,50.1,385000 4334000,2.5,Suitable,dodgerblue,YES,239.227835,2693.021914,85.1278269999998
385000,4334000,CB3MH,31.16798,1e+06,9.18,51.5,385000 4334000,9.5,Suitable,dodgerblue,YES,239.227835,2693.021914,85.1278269999998
385000,4334000,CB3MH,1.64042,1e+06,10.12,49.9,385000 4334000,0.5,Suitable,dodgerblue,YES,239.227835,2693.021914,85.1278269999998
385000,4334000,CB3MH,24.6063,1e+06,9.47,50.9,385000 4334000,7.5,Suitable,dodgerblue,YES,239.227835,2693.021914,85.1278269999998
385000,4334000,CB3MH,4.92126,1e+06,10.07,50,385000 4334000,1.5,Suitable,dodgerblue,YES,239.227835,2693.021914,85.1278269999998
385000,4334000,CB3MH,27.88714,1e+06,9.33,51.2,385000 4334000,8.5,Suitable,dodgerblue,YES,239.227835,2693.021914,85.1278269999998
385000,4334000,CB3MH,11.48294,1e+06,9.89,50.1,385000 4334000,3.5,Suitable,dodgerblue,YES,239.227835,2693.021914,85.1278269999998
385000,4334000,CB3MH,21.32546,1e+06,9.58,50.7,385000 4334000,6.5,Suitable,dodgerblue,YES,239.227835,2693.021914,85.1278269999998
386000,4244000,CB5MH_MD,14.76378,1e+06,9.08,54.8,386000 4244000,4.5,Suitable,dodgerblue,YES,239.849206,2637.098524,29.2044369999999
386000,4244000,CB5MH_MD,63.97638,1e+06,8.61,54.9,386000 4244000,19.5,Suitable,dodgerblue,YES,239.849206,2637.098524,29.2044369999999
386000,4244000,CB5MH_MD,41.0105,1e+06,8.89,54.5,386000 4244000,12.5,Suitable,dodgerblue,YES,239.849206,2637.098524,29.2044369999999
386000,4244000,CB5MH_MD,73.8189,1e+06,8.32,55.5,386000 4244000,22.5,Suitable,dodgerblue,YES,239.849206,2637.098524,29.2044369999999
386000,4244000,CB5MH_MD,4.92126,1e+06,9.31,54.1,386000 4244000,1.5,Suitable,dodgerblue,YES,239.849206,2637.098524,29.2044369999999
386000,4244000,CB5MH_MD,8.2021,1e+06,9.18,54.4,386000 4244000,2.5,Suitable,dodgerblue,YES,239.849206,2637.098524,29.2044369999999
386000,4244000,CB5MH_MD,37.72966,1e+06,8.89,54.5,386000 4244000,11.5,Suitable,dodgerblue,YES,239.849206,2637.098524,29.2044369999999
386000,4244000,CB5MH_MD,1.64042,1e+06,9.35,54.1,386000 4244000,0.5,Suitable,dodgerblue,YES,239.849206,2637.098524,29.2044369999999
386000,4244000,CB5MH_MD,21.32546,1e+06,9.03,54.9,386000 4244000,6.5,Suitable,dodgerblue,YES,239.849206,2637.098524,29.2044369999999
386000,4244000,CB5MH_MD,24.6063,1e+06,8.99,54.9,386000 4244000,7.5,Suitable,dodgerblue,YES,239.849206,2637.098524,29.2044369999999
386000,4244000,CB5MH_MD,34.44882,1e+06,8.9,54.5,386000 4244000,10.5,Suitable,dodgerblue,YES,239.849206,2637.098524,29.2044369999999
386000,4244000,CB5MH_MD,50.85302,1e+06,8.78,54.5,386000 4244000,15.5,Suitable,dodgerblue,YES,239.849206,2637.098524,29.2044369999999
386000,4244000,CB5MH_MD,70.53806,1e+06,8.42,55.3,386000 4244000,21.5,Suitable,dodgerblue,YES,239.849206,2637.098524,29.2044369999999
386000,4244000,CB5MH_MD,44.29134,1e+06,8.87,54.6,386000 4244000,13.5,Suitable,dodgerblue,YES,239.849206,2637.098524,29.2044369999999
386000,4244000,CB5MH_MD,18.04462,1e+06,9.08,54.8,386000 4244000,5.5,Suitable,dodgerblue,YES,239.849206,2637.098524,29.2044369999999
386000,4244000,CB5MH_MD,67.25722,1e+06,8.51,55.2,386000 4244000,20.5,Suitable,dodgerblue,YES,239.849206,2637.098524,29.2044369999999
386000,4244000,CB5MH_MD,27.88714,1e+06,8.99,55,386000 4244000,8.5,Suitable,dodgerblue,YES,239.849206,2637.098524,29.2044369999999
386000,4244000,CB5MH_MD,11.48294,1e+06,9.09,54.8,386000 4244000,3.5,Suitable,dodgerblue,YES,239.849206,2637.098524,29.2044369999999
386000,4244000,CB5MH_MD,47.57218,1e+06,8.8,54.7,386000 4244000,14.5,Suitable,dodgerblue,YES,239.849206,2637.098524,29.2044369999999
386000,4244000,CB5MH_MD,54.13386,1e+06,8.77,54.6,386000 4244000,16.5,Suitable,dodgerblue,YES,239.849206,2637.098524,29.2044369999999
386000,4244000,CB5MH_MD,86.94226,1e+06,8.18,55.6,386000 4244000,26.5,Suitable,dodgerblue,YES,239.849206,2637.098524,29.2044369999999
386000,4244000,CB5MH_MD,80.38058,1e+06,8.2,55.6,386000 4244000,24.5,Suitable,dodgerblue,YES,239.849206,2637.098524,29.2044369999999
386000,4244000,CB5MH_MD,60.69554,1e+06,8.68,54.8,386000 4244000,18.5,Suitable,dodgerblue,YES,239.849206,2637.098524,29.2044369999999
386000,4244000,CB5MH_MD,77.09974,1e+06,8.26,55.6,386000 4244000,23.5,Suitable,dodgerblue,YES,239.849206,2637.098524,29.2044369999999
386000,4244000,CB5MH_MD,93.50394,1e+06,8.2,55.6,386000 4244000,28.5,Suitable,dodgerblue,YES,239.849206,2637.098524,29.2044369999999
386000,4244000,CB5MH_MD,31.16798,1e+06,8.95,54.5,386000 4244000,9.5,Suitable,dodgerblue,YES,239.849206,2637.098524,29.2044369999999
386000,4244000,CB5MH_MD,90.2231,1e+06,8.18,55.6,386000 4244000,27.5,Suitable,dodgerblue,YES,239.849206,2637.098524,29.2044369999999
386000,4244000,CB5MH_MD,57.4147,1e+06,8.74,54.8,386000 4244000,17.5,Suitable,dodgerblue,YES,239.849206,2637.098524,29.2044369999999
386000,4244000,CB5MH_MD,83.66142,1e+06,8.18,55.6,386000 4244000,25.5,Suitable,dodgerblue,YES,239.849206,2637.098524,29.2044369999999
386000,4245000,CB5MH_MD,8.2021,1e+06,9.17,54.9,386000 4245000,2.5,Suitable,dodgerblue,YES,239.849206,2637.719895,29.8258080000001
386000,4245000,CB5MH_MD,100.06562,1e+06,8.2,55.6,386000 4245000,30.5,Suitable,dodgerblue,YES,239.849206,2637.719895,29.8258080000001
386000,4245000,CB5MH_MD,67.25722,1e+06,8.47,55.2,386000 4245000,20.5,Suitable,dodgerblue,YES,239.849206,2637.719895,29.8258080000001
386000,4245000,CB5MH_MD,31.16798,1e+06,8.95,54.6,386000 4245000,9.5,Suitable,dodgerblue,YES,239.849206,2637.719895,29.8258080000001
386000,4245000,CB5MH_MD,96.78478,1e+06,8.2,55.6,386000 4245000,29.5,Suitable,dodgerblue,YES,239.849206,2637.719895,29.8258080000001
386000,4245000,CB5MH_MD,80.38058,1e+06,8.18,55.7,386000 4245000,24.5,Suitable,dodgerblue,YES,239.849206,2637.719895,29.8258080000001
386000,4245000,CB5MH_MD,24.6063,1e+06,8.99,55.3,386000 4245000,7.5,Suitable,dodgerblue,YES,239.849206,2637.719895,29.8258080000001
386000,4245000,CB5MH_MD,109.90814,1e+06,8.2,55.6,386000 4245000,33.5,Suitable,dodgerblue,YES,239.849206,2637.719895,29.8258080000001
386000,4245000,CB5MH_MD,93.50394,1e+06,8.2,55.6,386000 4245000,28.5,Suitable,dodgerblue,YES,239.849206,2637.719895,29.8258080000001
386000,4245000,CB5MH_MD,37.72966,1e+06,8.89,54.7,386000 4245000,11.5,Suitable,dodgerblue,YES,239.849206,2637.719895,29.8258080000001
386000,4245000,CB5MH_MD,103.34646,1e+06,8.2,55.6,386000 4245000,31.5,Suitable,dodgerblue,YES,239.849206,2637.719895,29.8258080000001
386000,4245000,CB5MH_MD,73.8189,1e+06,8.29,55.6,386000 4245000,22.5,Suitable,dodgerblue,YES,239.849206,2637.719895,29.8258080000001
386000,4245000,CB5MH_MD,11.48294,1e+06,9.09,55.2,386000 4245000,3.5,Suitable,dodgerblue,YES,239.849206,2637.719895,29.8258080000001
386000,4245000,CB5MH_MD,21.32546,1e+06,9.03,55.3,386000 4245000,6.5,Suitable,dodgerblue,YES,239.849206,2637.719895,29.8258080000001
386000,4245000,CB5MH_MD,27.88714,1e+06,8.98,55.4,386000 4245000,8.5,Suitable,dodgerblue,YES,239.849206,2637.719895,29.8258080000001
386000,4245000,CB5MH_MD,14.76378,1e+06,9.08,55.2,386000 4245000,4.5,Suitable,dodgerblue,YES,239.849206,2637.719895,29.8258080000001
386000,4245000,CB5MH_MD,44.29134,1e+06,8.85,54.8,386000 4245000,13.5,Suitable,dodgerblue,YES,239.849206,2637.719895,29.8258080000001
386000,4245000,CB5MH_MD,106.6273,1e+06,8.2,55.6,386000 4245000,32.5,Suitable,dodgerblue,YES,239.849206,2637.719895,29.8258080000001
386000,4245000,CB5MH_MD,113.18898,1e+06,8.2,55.6,386000 4245000,34.5,Suitable,dodgerblue,YES,239.849206,2637.719895,29.8258080000001
386000,4245000,CB5MH_MD,86.94226,1e+06,8.16,55.7,386000 4245000,26.5,Suitable,dodgerblue,YES,239.849206,2637.719895,29.8258080000001
386000,4245000,CB5MH_MD,90.2231,1e+06,8.16,55.7,386000 4245000,27.5,Suitable,dodgerblue,YES,239.849206,2637.719895,29.8258080000001
386000,4245000,CB5MH_MD,63.97638,1e+06,8.56,55,386000 4245000,19.5,Suitable,dodgerblue,YES,239.849206,2637.719895,29.8258080000001
386000,4245000,CB5MH_MD,83.66142,1e+06,8.16,55.7,386000 4245000,25.5,Suitable,dodgerblue,YES,239.849206,2637.719895,29.8258080000001
386000,4245000,CB5MH_MD,34.44882,1e+06,8.89,54.7,386000 4245000,10.5,Suitable,dodgerblue,YES,239.849206,2637.719895,29.8258080000001
386000,4245000,CB5MH_MD,77.09974,1e+06,8.23,55.7,386000 4245000,23.5,Suitable,dodgerblue,YES,239.849206,2637.719895,29.8258080000001
386000,4245000,CB5MH_MD,57.4147,1e+06,8.7,54.8,386000 4245000,17.5,Suitable,dodgerblue,YES,239.849206,2637.719895,29.8258080000001
386000,4245000,CB5MH_MD,41.0105,1e+06,8.88,54.7,386000 4245000,12.5,Suitable,dodgerblue,YES,239.849206,2637.719895,29.8258080000001
386000,4245000,CB5MH_MD,60.69554,1e+06,8.63,54.9,386000 4245000,18.5,Suitable,dodgerblue,YES,239.849206,2637.719895,29.8258080000001
386000,4245000,CB5MH_MD,18.04462,1e+06,9.07,55.2,386000 4245000,5.5,Suitable,dodgerblue,YES,239.849206,2637.719895,29.8258080000001
386000,4245000,CB5MH_MD,50.85302,1e+06,8.75,54.6,386000 4245000,15.5,Suitable,dodgerblue,YES,239.849206,2637.719895,29.8258080000001
386000,4245000,CB5MH_MD,70.53806,1e+06,8.38,55.4,386000 4245000,21.5,Suitable,dodgerblue,YES,239.849206,2637.719895,29.8258080000001
386000,4245000,CB5MH_MD,4.92126,1e+06,9.28,54.6,386000 4245000,1.5,Suitable,dodgerblue,YES,239.849206,2637.719895,29.8258080000001
386000,4245000,CB5MH_MD,54.13386,1e+06,8.73,54.7,386000 4245000,16.5,Suitable,dodgerblue,YES,239.849206,2637.719895,29.8258080000001
386000,4245000,CB5MH_MD,1.64042,1e+06,9.32,54.6,386000 4245000,0.5,Suitable,dodgerblue,YES,239.849206,2637.719895,29.8258080000001
386000,4245000,CB5MH_MD,47.57218,1e+06,8.78,54.9,386000 4245000,14.5,Suitable,dodgerblue,YES,239.849206,2637.719895,29.8258080000001
386000,4326000,CB3MH,24.6063,1e+06,9.15,51.9,386000 4326000,7.5,Suitable,dodgerblue,YES,239.849206,2688.050946,80.1568589999997
386000,4326000,CB3MH,11.48294,1e+06,9.54,51,386000 4326000,3.5,Suitable,dodgerblue,YES,239.849206,2688.050946,80.1568589999997
386000,4326000,CB3MH,4.92126,1e+06,10.07,50.4,386000 4326000,1.5,Suitable,dodgerblue,YES,239.849206,2688.050946,80.1568589999997
386000,4326000,CB3MH,14.76378,1e+06,9.34,51.4,386000 4326000,4.5,Suitable,dodgerblue,YES,239.849206,2688.050946,80.1568589999997
386000,4326000,CB3MH,8.2021,1e+06,9.82,50.7,386000 4326000,2.5,Suitable,dodgerblue,YES,239.849206,2688.050946,80.1568589999997
386000,4326000,CB3MH,41.0105,1e+06,6.91,56.4,386000 4326000,12.5,Suitable,dodgerblue,YES,239.849206,2688.050946,80.1568589999997
386000,4326000,CB3MH,47.57218,1e+06,6.26,57.6,386000 4326000,14.5,Suitable,dodgerblue,YES,239.849206,2688.050946,80.1568589999997
386000,4326000,CB3MH,18.04462,1e+06,9.35,51.6,386000 4326000,5.5,Suitable,dodgerblue,YES,239.849206,2688.050946,80.1568589999997
386000,4326000,CB3MH,27.88714,1e+06,9,52.2,386000 4326000,8.5,Suitable,dodgerblue,YES,239.849206,2688.050946,80.1568589999997
386000,4326000,CB3MH,1.64042,1e+06,10.2,50.3,386000 4326000,0.5,Suitable,dodgerblue,YES,239.849206,2688.050946,80.1568589999997
386000,4326000,CB3MH,31.16798,1e+06,8.84,52.5,386000 4326000,9.5,Suitable,dodgerblue,YES,239.849206,2688.050946,80.1568589999997
386000,4326000,CB3MH,50.85302,1e+06,5.8,58.3,386000 4326000,15.5,Suitable,dodgerblue,YES,239.849206,2688.050946,80.1568589999997
386000,4326000,CB3MH,21.32546,1e+06,9.28,51.7,386000 4326000,6.5,Suitable,dodgerblue,YES,239.849206,2688.050946,80.1568589999997
386000,4326000,CB3MH,34.44882,1e+06,8.59,53.3,386000 4326000,10.5,Suitable,dodgerblue,YES,239.849206,2688.050946,80.1568589999997
386000,4326000,CB3MH,37.72966,1e+06,7.89,54.5,386000 4326000,11.5,Suitable,dodgerblue,YES,239.849206,2688.050946,80.1568589999997
386000,4326000,CB3MH,44.29134,1e+06,6.44,57.3,386000 4326000,13.5,Suitable,dodgerblue,YES,239.849206,2688.050946,80.1568589999997
386000,4331000,CB3MH,27.88714,1e+06,9.3,51.3,386000 4331000,8.5,Suitable,dodgerblue,YES,239.849206,2691.157801,83.2637139999997
386000,4331000,CB3MH,11.48294,1e+06,9.83,50.2,386000 4331000,3.5,Suitable,dodgerblue,YES,239.849206,2691.157801,83.2637139999997
386000,4331000,CB3MH,44.29134,1e+06,6.8,56.8,386000 4331000,13.5,Suitable,dodgerblue,YES,239.849206,2691.157801,83.2637139999997
386000,4331000,CB3MH,41.0105,1e+06,7.17,56.1,386000 4331000,12.5,Suitable,dodgerblue,YES,239.849206,2691.157801,83.2637139999997
386000,4331000,CB3MH,24.6063,1e+06,9.45,51,386000 4331000,7.5,Suitable,dodgerblue,YES,239.849206,2691.157801,83.2637139999997
386000,4331000,CB3MH,14.76378,1e+06,9.65,50.5,386000 4331000,4.5,Suitable,dodgerblue,YES,239.849206,2691.157801,83.2637139999997
386000,4331000,CB3MH,8.2021,1e+06,9.98,50.1,386000 4331000,2.5,Suitable,dodgerblue,YES,239.849206,2691.157801,83.2637139999997
386000,4331000,CB3MH,21.32546,1e+06,9.55,50.8,386000 4331000,6.5,Suitable,dodgerblue,YES,239.849206,2691.157801,83.2637139999997
386000,4331000,CB3MH,34.44882,1e+06,8.92,52.6,386000 4331000,10.5,Suitable,dodgerblue,YES,239.849206,2691.157801,83.2637139999997
386000,4331000,CB3MH,37.72966,1e+06,8.44,53.4,386000 4331000,11.5,Suitable,dodgerblue,YES,239.849206,2691.157801,83.2637139999997
386000,4331000,CB3MH,31.16798,1e+06,9.16,51.6,386000 4331000,9.5,Suitable,dodgerblue,YES,239.849206,2691.157801,83.2637139999997
386000,4331000,CB3MH,50.85302,1e+06,5.8,58.3,386000 4331000,15.5,Suitable,dodgerblue,YES,239.849206,2691.157801,83.2637139999997
386000,4331000,CB3MH,18.04462,1e+06,9.61,50.7,386000 4331000,5.5,Suitable,dodgerblue,YES,239.849206,2691.157801,83.2637139999997
386000,4331000,CB3MH,4.92126,1e+06,10.08,50,386000 4331000,1.5,Suitable,dodgerblue,YES,239.849206,2691.157801,83.2637139999997
386000,4331000,CB3MH,1.64042,1e+06,10.15,49.9,386000 4331000,0.5,Suitable,dodgerblue,YES,239.849206,2691.157801,83.2637139999997
386000,4331000,CB3MH,47.57218,1e+06,6.65,57,386000 4331000,14.5,Suitable,dodgerblue,YES,239.849206,2691.157801,83.2637139999997
386000,4332000,CB3MH,21.32546,1e+06,9.58,50.7,386000 4332000,6.5,Suitable,dodgerblue,YES,239.849206,2691.779172,83.8850849999999
386000,4332000,CB3MH,37.72966,1e+06,8.55,53.1,386000 4332000,11.5,Suitable,dodgerblue,YES,239.849206,2691.779172,83.8850849999999
386000,4332000,CB3MH,24.6063,1e+06,9.47,50.9,386000 4332000,7.5,Suitable,dodgerblue,YES,239.849206,2691.779172,83.8850849999999
386000,4332000,CB3MH,8.2021,1e+06,9.99,50.1,386000 4332000,2.5,Suitable,dodgerblue,YES,239.849206,2691.779172,83.8850849999999
386000,4332000,CB3MH,34.44882,1e+06,8.99,52.4,386000 4332000,10.5,Suitable,dodgerblue,YES,239.849206,2691.779172,83.8850849999999
386000,4332000,CB3MH,31.16798,1e+06,9.18,51.5,386000 4332000,9.5,Suitable,dodgerblue,YES,239.849206,2691.779172,83.8850849999999
386000,4332000,CB3MH,4.92126,1e+06,10.08,50,386000 4332000,1.5,Suitable,dodgerblue,YES,239.849206,2691.779172,83.8850849999999
386000,4332000,CB3MH,18.04462,1e+06,9.63,50.6,386000 4332000,5.5,Suitable,dodgerblue,YES,239.849206,2691.779172,83.8850849999999
386000,4332000,CB3MH,11.48294,1e+06,9.86,50.2,386000 4332000,3.5,Suitable,dodgerblue,YES,239.849206,2691.779172,83.8850849999999
386000,4332000,CB3MH,1.64042,1e+06,10.14,49.9,386000 4332000,0.5,Suitable,dodgerblue,YES,239.849206,2691.779172,83.8850849999999
386000,4332000,CB3MH,27.88714,1e+06,9.33,51.2,386000 4332000,8.5,Suitable,dodgerblue,YES,239.849206,2691.779172,83.8850849999999
386000,4332000,CB3MH,14.76378,1e+06,9.69,50.4,386000 4332000,4.5,Suitable,dodgerblue,YES,239.849206,2691.779172,83.8850849999999
386000,4334000,CB3MH,14.76378,1e+06,9.74,50.3,386000 4334000,4.5,Suitable,dodgerblue,YES,239.849206,2693.021914,85.1278269999998
386000,4334000,CB3MH,18.04462,1e+06,9.64,50.6,386000 4334000,5.5,Suitable,dodgerblue,YES,239.849206,2693.021914,85.1278269999998
386000,4334000,CB3MH,1.64042,1e+06,10.11,49.9,386000 4334000,0.5,Suitable,dodgerblue,YES,239.849206,2693.021914,85.1278269999998
386000,4334000,CB3MH,27.88714,1e+06,9.34,51.2,386000 4334000,8.5,Suitable,dodgerblue,YES,239.849206,2693.021914,85.1278269999998
386000,4334000,CB3MH,4.92126,1e+06,10.06,50,386000 4334000,1.5,Suitable,dodgerblue,YES,239.849206,2693.021914,85.1278269999998
386000,4334000,CB3MH,31.16798,1e+06,9.19,51.4,386000 4334000,9.5,Suitable,dodgerblue,YES,239.849206,2693.021914,85.1278269999998
386000,4334000,CB3MH,24.6063,1e+06,9.49,50.9,386000 4334000,7.5,Suitable,dodgerblue,YES,239.849206,2693.021914,85.1278269999998
386000,4334000,CB3MH,21.32546,1e+06,9.59,50.7,386000 4334000,6.5,Suitable,dodgerblue,YES,239.849206,2693.021914,85.1278269999998
386000,4334000,CB3MH,34.44882,1e+06,9.11,52.1,386000 4334000,10.5,Suitable,dodgerblue,YES,239.849206,2693.021914,85.1278269999998
386000,4334000,CB3MH,8.2021,1e+06,10,50.1,386000 4334000,2.5,Suitable,dodgerblue,YES,239.849206,2693.021914,85.1278269999998
386000,4334000,CB3MH,11.48294,1e+06,9.89,50.1,386000 4334000,3.5,Suitable,dodgerblue,YES,239.849206,2693.021914,85.1278269999998
386000,4335000,CB3MH,24.6063,1e+06,9.5,50.8,386000 4335000,7.5,Suitable,dodgerblue,YES,239.849206,2693.643285,85.749198
386000,4335000,CB3MH,21.32546,1e+06,9.6,50.6,386000 4335000,6.5,Suitable,dodgerblue,YES,239.849206,2693.643285,85.749198
386000,4335000,CB3MH,14.76378,1e+06,9.75,50.3,386000 4335000,4.5,Suitable,dodgerblue,YES,239.849206,2693.643285,85.749198
386000,4335000,CB3MH,4.92126,1e+06,10.06,50,386000 4335000,1.5,Suitable,dodgerblue,YES,239.849206,2693.643285,85.749198
386000,4335000,CB3MH,8.2021,1e+06,10.01,50.1,386000 4335000,2.5,Suitable,dodgerblue,YES,239.849206,2693.643285,85.749198
386000,4335000,CB3MH,1.64042,1e+06,10.11,49.9,386000 4335000,0.5,Suitable,dodgerblue,YES,239.849206,2693.643285,85.749198
386000,4335000,CB3MH,11.48294,1e+06,9.9,50.1,386000 4335000,3.5,Suitable,dodgerblue,YES,239.849206,2693.643285,85.749198
386000,4335000,CB3MH,18.04462,1e+06,9.65,50.5,386000 4335000,5.5,Suitable,dodgerblue,YES,239.849206,2693.643285,85.749198
386000,4335000,CB3MH,31.16798,1e+06,9.2,51.4,386000 4335000,9.5,Suitable,dodgerblue,YES,239.849206,2693.643285,85.749198
386000,4335000,CB3MH,27.88714,1e+06,9.35,51.1,386000 4335000,8.5,Suitable,dodgerblue,YES,239.849206,2693.643285,85.749198
386000,4336000,CB3MH,1.64042,1e+06,10.1,49.9,386000 4336000,0.5,Suitable,dodgerblue,YES,239.849206,2694.264656,86.3705689999997
386000,4336000,CB3MH,18.04462,1e+06,9.65,50.5,386000 4336000,5.5,Suitable,dodgerblue,YES,239.849206,2694.264656,86.3705689999997
386000,4336000,CB3MH,11.48294,1e+06,9.9,50.1,386000 4336000,3.5,Suitable,dodgerblue,YES,239.849206,2694.264656,86.3705689999997
386000,4336000,CB3MH,21.32546,1e+06,9.6,50.6,386000 4336000,6.5,Suitable,dodgerblue,YES,239.849206,2694.264656,86.3705689999997
386000,4336000,CB3MH,14.76378,1e+06,9.75,50.3,386000 4336000,4.5,Suitable,dodgerblue,YES,239.849206,2694.264656,86.3705689999997
386000,4336000,CB3MH,4.92126,1e+06,10.06,50,386000 4336000,1.5,Suitable,dodgerblue,YES,239.849206,2694.264656,86.3705689999997
386000,4336000,CB3MH,8.2021,1e+06,10.01,50.1,386000 4336000,2.5,Suitable,dodgerblue,YES,239.849206,2694.264656,86.3705689999997
386000,4336000,CB3MH,24.6063,1e+06,9.5,50.8,386000 4336000,7.5,Suitable,dodgerblue,YES,239.849206,2694.264656,86.3705689999997
387000,4239000,CB5MH_MD,24.6063,1e+06,8.99,55,387000 4239000,7.5,Suitable,dodgerblue,YES,240.470577,2633.991669,26.0975819999999
387000,4239000,CB5MH_MD,11.48294,1e+06,9.08,54.9,387000 4239000,3.5,Suitable,dodgerblue,YES,240.470577,2633.991669,26.0975819999999
387000,4239000,CB5MH_MD,60.69554,1e+06,8.69,54.8,387000 4239000,18.5,Suitable,dodgerblue,YES,240.470577,2633.991669,26.0975819999999
387000,4239000,CB5MH_MD,57.4147,1e+06,8.76,54.7,387000 4239000,17.5,Suitable,dodgerblue,YES,240.470577,2633.991669,26.0975819999999
387000,4239000,CB5MH_MD,4.92126,1e+06,9.3,54.2,387000 4239000,1.5,Suitable,dodgerblue,YES,240.470577,2633.991669,26.0975819999999
387000,4239000,CB5MH_MD,37.72966,1e+06,8.89,54.6,387000 4239000,11.5,Suitable,dodgerblue,YES,240.470577,2633.991669,26.0975819999999
387000,4239000,CB5MH_MD,80.38058,1e+06,8.21,55.6,387000 4239000,24.5,Suitable,dodgerblue,YES,240.470577,2633.991669,26.0975819999999
387000,4239000,CB5MH_MD,14.76378,1e+06,9.07,54.9,387000 4239000,4.5,Suitable,dodgerblue,YES,240.470577,2633.991669,26.0975819999999
387000,4239000,CB5MH_MD,50.85302,1e+06,8.79,54.5,387000 4239000,15.5,Suitable,dodgerblue,YES,240.470577,2633.991669,26.0975819999999
387000,4239000,CB5MH_MD,44.29134,1e+06,8.87,54.7,387000 4239000,13.5,Suitable,dodgerblue,YES,240.470577,2633.991669,26.0975819999999
387000,4239000,CB5MH_MD,1.64042,1e+06,9.34,54.2,387000 4239000,0.5,Suitable,dodgerblue,YES,240.470577,2633.991669,26.0975819999999
387000,4239000,CB5MH_MD,77.09974,1e+06,8.27,55.6,387000 4239000,23.5,Suitable,dodgerblue,YES,240.470577,2633.991669,26.0975819999999
387000,4239000,CB5MH_MD,54.13386,1e+06,8.78,54.6,387000 4239000,16.5,Suitable,dodgerblue,YES,240.470577,2633.991669,26.0975819999999
387000,4239000,CB5MH_MD,70.53806,1e+06,8.43,55.3,387000 4239000,21.5,Suitable,dodgerblue,YES,240.470577,2633.991669,26.0975819999999
387000,4239000,CB5MH_MD,47.57218,1e+06,8.81,54.8,387000 4239000,14.5,Suitable,dodgerblue,YES,240.470577,2633.991669,26.0975819999999
387000,4239000,CB5MH_MD,41.0105,1e+06,8.89,54.6,387000 4239000,12.5,Suitable,dodgerblue,YES,240.470577,2633.991669,26.0975819999999
387000,4239000,CB5MH_MD,31.16798,1e+06,8.94,54.6,387000 4239000,9.5,Suitable,dodgerblue,YES,240.470577,2633.991669,26.0975819999999
387000,4239000,CB5MH_MD,27.88714,1e+06,8.99,55.1,387000 4239000,8.5,Suitable,dodgerblue,YES,240.470577,2633.991669,26.0975819999999
387000,4239000,CB5MH_MD,67.25722,1e+06,8.52,55.1,387000 4239000,20.5,Suitable,dodgerblue,YES,240.470577,2633.991669,26.0975819999999
387000,4239000,CB5MH_MD,18.04462,1e+06,9.07,54.9,387000 4239000,5.5,Suitable,dodgerblue,YES,240.470577,2633.991669,26.0975819999999
387000,4239000,CB5MH_MD,73.8189,1e+06,8.33,55.5,387000 4239000,22.5,Suitable,dodgerblue,YES,240.470577,2633.991669,26.0975819999999
387000,4239000,CB5MH_MD,21.32546,1e+06,9.03,55,387000 4239000,6.5,Suitable,dodgerblue,YES,240.470577,2633.991669,26.0975819999999
387000,4239000,CB5MH_MD,34.44882,1e+06,8.9,54.6,387000 4239000,10.5,Suitable,dodgerblue,YES,240.470577,2633.991669,26.0975819999999
387000,4239000,CB5MH_MD,8.2021,1e+06,9.17,54.5,387000 4239000,2.5,Suitable,dodgerblue,YES,240.470577,2633.991669,26.0975819999999
387000,4239000,CB5MH_MD,63.97638,1e+06,8.62,54.9,387000 4239000,19.5,Suitable,dodgerblue,YES,240.470577,2633.991669,26.0975819999999
387000,4240000,CB5MH_MD,18.04462,1e+06,9.08,54.5,387000 4240000,5.5,Suitable,dodgerblue,YES,240.470577,2634.61304,26.7189530000001
387000,4240000,CB5MH_MD,86.94226,1e+06,8.2,55.6,387000 4240000,26.5,Suitable,dodgerblue,YES,240.470577,2634.61304,26.7189530000001
387000,4240000,CB5MH_MD,27.88714,1e+06,8.99,54.7,387000 4240000,8.5,Suitable,dodgerblue,YES,240.470577,2634.61304,26.7189530000001
387000,4240000,CB5MH_MD,24.6063,1e+06,8.99,54.6,387000 4240000,7.5,Suitable,dodgerblue,YES,240.470577,2634.61304,26.7189530000001
387000,4240000,CB5MH_MD,106.6273,1e+06,8.2,55.6,387000 4240000,32.5,Suitable,dodgerblue,YES,240.470577,2634.61304,26.7189530000001
387000,4240000,CB5MH_MD,31.16798,1e+06,8.95,54.5,387000 4240000,9.5,Suitable,dodgerblue,YES,240.470577,2634.61304,26.7189530000001
387000,4240000,CB5MH_MD,14.76378,1e+06,9.09,54.5,387000 4240000,4.5,Suitable,dodgerblue,YES,240.470577,2634.61304,26.7189530000001
387000,4240000,CB5MH_MD,11.48294,1e+06,9.09,54.5,387000 4240000,3.5,Suitable,dodgerblue,YES,240.470577,2634.61304,26.7189530000001
387000,4240000,CB5MH_MD,21.32546,1e+06,9.04,54.6,387000 4240000,6.5,Suitable,dodgerblue,YES,240.470577,2634.61304,26.7189530000001
387000,4240000,CB5MH_MD,34.44882,1e+06,8.9,54.5,387000 4240000,10.5,Suitable,dodgerblue,YES,240.470577,2634.61304,26.7189530000001
387000,4240000,CB5MH_MD,73.8189,1e+06,8.34,55.5,387000 4240000,22.5,Suitable,dodgerblue,YES,240.470577,2634.61304,26.7189530000001
387000,4240000,CB5MH_MD,57.4147,1e+06,8.77,54.7,387000 4240000,17.5,Suitable,dodgerblue,YES,240.470577,2634.61304,26.7189530000001
387000,4240000,CB5MH_MD,54.13386,1e+06,8.79,54.6,387000 4240000,16.5,Suitable,dodgerblue,YES,240.470577,2634.61304,26.7189530000001
387000,4240000,CB5MH_MD,8.2021,1e+06,9.18,54,387000 4240000,2.5,Suitable,dodgerblue,YES,240.470577,2634.61304,26.7189530000001
387000,4240000,CB5MH_MD,70.53806,1e+06,8.44,55.3,387000 4240000,21.5,Suitable,dodgerblue,YES,240.470577,2634.61304,26.7189530000001
387000,4240000,CB5MH_MD,93.50394,1e+06,8.2,55.6,387000 4240000,28.5,Suitable,dodgerblue,YES,240.470577,2634.61304,26.7189530000001
387000,4240000,CB5MH_MD,100.06562,1e+06,8.2,55.6,387000 4240000,30.5,Suitable,dodgerblue,YES,240.470577,2634.61304,26.7189530000001
387000,4240000,CB5MH_MD,63.97638,1e+06,8.63,54.8,387000 4240000,19.5,Suitable,dodgerblue,YES,240.470577,2634.61304,26.7189530000001
387000,4240000,CB5MH_MD,44.29134,1e+06,8.87,54.6,387000 4240000,13.5,Suitable,dodgerblue,YES,240.470577,2634.61304,26.7189530000001
387000,4240000,CB5MH_MD,60.69554,1e+06,8.71,54.7,387000 4240000,18.5,Suitable,dodgerblue,YES,240.470577,2634.61304,26.7189530000001
387000,4240000,CB5MH_MD,47.57218,1e+06,8.81,54.7,387000 4240000,14.5,Suitable,dodgerblue,YES,240.470577,2634.61304,26.7189530000001
387000,4240000,CB5MH_MD,4.92126,1e+06,9.32,53.7,387000 4240000,1.5,Suitable,dodgerblue,YES,240.470577,2634.61304,26.7189530000001
387000,4240000,CB5MH_MD,96.78478,1e+06,8.2,55.6,387000 4240000,29.5,Suitable,dodgerblue,YES,240.470577,2634.61304,26.7189530000001
387000,4240000,CB5MH_MD,50.85302,1e+06,8.79,54.5,387000 4240000,15.5,Suitable,dodgerblue,YES,240.470577,2634.61304,26.7189530000001
387000,4240000,CB5MH_MD,90.2231,1e+06,8.2,55.6,387000 4240000,27.5,Suitable,dodgerblue,YES,240.470577,2634.61304,26.7189530000001
387000,4240000,CB5MH_MD,1.64042,1e+06,9.37,53.7,387000 4240000,0.5,Suitable,dodgerblue,YES,240.470577,2634.61304,26.7189530000001
387000,4240000,CB5MH_MD,37.72966,1e+06,8.9,54.5,387000 4240000,11.5,Suitable,dodgerblue,YES,240.470577,2634.61304,26.7189530000001
387000,4240000,CB5MH_MD,103.34646,1e+06,8.2,55.6,387000 4240000,31.5,Suitable,dodgerblue,YES,240.470577,2634.61304,26.7189530000001
387000,4240000,CB5MH_MD,67.25722,1e+06,8.54,55.1,387000 4240000,20.5,Suitable,dodgerblue,YES,240.470577,2634.61304,26.7189530000001
387000,4240000,CB5MH_MD,41.0105,1e+06,8.89,54.5,387000 4240000,12.5,Suitable,dodgerblue,YES,240.470577,2634.61304,26.7189530000001
387000,4240000,CB5MH_MD,83.66142,1e+06,8.2,55.6,387000 4240000,25.5,Suitable,dodgerblue,YES,240.470577,2634.61304,26.7189530000001
387000,4240000,CB5MH_MD,77.09974,1e+06,8.27,55.6,387000 4240000,23.5,Suitable,dodgerblue,YES,240.470577,2634.61304,26.7189530000001
387000,4240000,CB5MH_MD,80.38058,1e+06,8.22,55.6,387000 4240000,24.5,Suitable,dodgerblue,YES,240.470577,2634.61304,26.7189530000001
387000,4241000,CB5MH_MD,37.72966,1e+06,8.9,54.3,387000 4241000,11.5,Suitable,dodgerblue,YES,240.470577,2635.234411,27.3403239999998
387000,4241000,CB5MH_MD,50.85302,1e+06,8.8,54.5,387000 4241000,15.5,Suitable,dodgerblue,YES,240.470577,2635.234411,27.3403239999998
387000,4241000,CB5MH_MD,67.25722,1e+06,8.55,55.1,387000 4241000,20.5,Suitable,dodgerblue,YES,240.470577,2635.234411,27.3403239999998
387000,4241000,CB5MH_MD,93.50394,1e+06,8.2,55.6,387000 4241000,28.5,Suitable,dodgerblue,YES,240.470577,2635.234411,27.3403239999998
387000,4241000,CB5MH_MD,86.94226,1e+06,8.2,55.6,387000 4241000,26.5,Suitable,dodgerblue,YES,240.470577,2635.234411,27.3403239999998
387000,4241000,CB5MH_MD,60.69554,1e+06,8.72,54.7,387000 4241000,18.5,Suitable,dodgerblue,YES,240.470577,2635.234411,27.3403239999998
387000,4241000,CB5MH_MD,34.44882,1e+06,8.9,54.3,387000 4241000,10.5,Suitable,dodgerblue,YES,240.470577,2635.234411,27.3403239999998
387000,4241000,CB5MH_MD,63.97638,1e+06,8.65,54.8,387000 4241000,19.5,Suitable,dodgerblue,YES,240.470577,2635.234411,27.3403239999998
387000,4241000,CB5MH_MD,41.0105,1e+06,8.9,54.3,387000 4241000,12.5,Suitable,dodgerblue,YES,240.470577,2635.234411,27.3403239999998
387000,4241000,CB5MH_MD,54.13386,1e+06,8.8,54.6,387000 4241000,16.5,Suitable,dodgerblue,YES,240.470577,2635.234411,27.3403239999998
387000,4241000,CB5MH_MD,18.04462,1e+06,9.1,54.1,387000 4241000,5.5,Suitable,dodgerblue,YES,240.470577,2635.234411,27.3403239999998
387000,4241000,CB5MH_MD,27.88714,1e+06,9,54.3,387000 4241000,8.5,Suitable,dodgerblue,YES,240.470577,2635.234411,27.3403239999998
387000,4241000,CB5MH_MD,47.57218,1e+06,8.82,54.5,387000 4241000,14.5,Suitable,dodgerblue,YES,240.470577,2635.234411,27.3403239999998
387000,4241000,CB5MH_MD,31.16798,1e+06,8.95,54.3,387000 4241000,9.5,Suitable,dodgerblue,YES,240.470577,2635.234411,27.3403239999998
387000,4241000,CB5MH_MD,57.4147,1e+06,8.78,54.7,387000 4241000,17.5,Suitable,dodgerblue,YES,240.470577,2635.234411,27.3403239999998
387000,4241000,CB5MH_MD,80.38058,1e+06,8.22,55.6,387000 4241000,24.5,Suitable,dodgerblue,YES,240.470577,2635.234411,27.3403239999998
387000,4241000,CB5MH_MD,14.76378,1e+06,9.1,54.1,387000 4241000,4.5,Suitable,dodgerblue,YES,240.470577,2635.234411,27.3403239999998
387000,4241000,CB5MH_MD,21.32546,1e+06,9.05,54.2,387000 4241000,6.5,Suitable,dodgerblue,YES,240.470577,2635.234411,27.3403239999998
387000,4241000,CB5MH_MD,83.66142,1e+06,8.2,55.6,387000 4241000,25.5,Suitable,dodgerblue,YES,240.470577,2635.234411,27.3403239999998
387000,4241000,CB5MH_MD,8.2021,1e+06,9.2,53.6,387000 4241000,2.5,Suitable,dodgerblue,YES,240.470577,2635.234411,27.3403239999998
387000,4241000,CB5MH_MD,24.6063,1e+06,9,54.2,387000 4241000,7.5,Suitable,dodgerblue,YES,240.470577,2635.234411,27.3403239999998
387000,4241000,CB5MH_MD,44.29134,1e+06,8.88,54.4,387000 4241000,13.5,Suitable,dodgerblue,YES,240.470577,2635.234411,27.3403239999998
387000,4241000,CB5MH_MD,90.2231,1e+06,8.2,55.6,387000 4241000,27.5,Suitable,dodgerblue,YES,240.470577,2635.234411,27.3403239999998
387000,4241000,CB5MH_MD,106.6273,1e+06,8.2,55.6,387000 4241000,32.5,Suitable,dodgerblue,YES,240.470577,2635.234411,27.3403239999998
387000,4241000,CB5MH_MD,11.48294,1e+06,9.1,54.1,387000 4241000,3.5,Suitable,dodgerblue,YES,240.470577,2635.234411,27.3403239999998
387000,4241000,CB5MH_MD,96.78478,1e+06,8.2,55.6,387000 4241000,29.5,Suitable,dodgerblue,YES,240.470577,2635.234411,27.3403239999998
387000,4241000,CB5MH_MD,73.8189,1e+06,8.35,55.5,387000 4241000,22.5,Suitable,dodgerblue,YES,240.470577,2635.234411,27.3403239999998
387000,4241000,CB5MH_MD,70.53806,1e+06,8.45,55.3,387000 4241000,21.5,Suitable,dodgerblue,YES,240.470577,2635.234411,27.3403239999998
387000,4241000,CB5MH_MD,109.90814,1e+06,8.2,55.6,387000 4241000,33.5,Suitable,dodgerblue,YES,240.470577,2635.234411,27.3403239999998
387000,4241000,CB5MH_MD,100.06562,1e+06,8.2,55.6,387000 4241000,30.5,Suitable,dodgerblue,YES,240.470577,2635.234411,27.3403239999998
387000,4241000,CB5MH_MD,77.09974,1e+06,8.28,55.6,387000 4241000,23.5,Suitable,dodgerblue,YES,240.470577,2635.234411,27.3403239999998
387000,4241000,CB5MH_MD,103.34646,1e+06,8.2,55.6,387000 4241000,31.5,Suitable,dodgerblue,YES,240.470577,2635.234411,27.3403239999998
387000,4241000,CB5MH_MD,4.92126,1e+06,9.34,53.3,387000 4241000,1.5,Suitable,dodgerblue,YES,240.470577,2635.234411,27.3403239999998
387000,4241000,CB5MH_MD,1.64042,1e+06,9.39,53.2,387000 4241000,0.5,Suitable,dodgerblue,YES,240.470577,2635.234411,27.3403239999998
387000,4242000,CB5MH_MD,93.50394,1e+06,8.2,55.6,387000 4242000,28.5,Suitable,dodgerblue,YES,240.470577,2635.855782,27.961695
387000,4242000,CB5MH_MD,21.32546,1e+06,9.05,54.1,387000 4242000,6.5,Suitable,dodgerblue,YES,240.470577,2635.855782,27.961695
387000,4242000,CB5MH_MD,80.38058,1e+06,8.22,55.6,387000 4242000,24.5,Suitable,dodgerblue,YES,240.470577,2635.855782,27.961695
387000,4242000,CB5MH_MD,60.69554,1e+06,8.72,54.7,387000 4242000,18.5,Suitable,dodgerblue,YES,240.470577,2635.855782,27.961695
387000,4242000,CB5MH_MD,31.16798,1e+06,8.95,54.3,387000 4242000,9.5,Suitable,dodgerblue,YES,240.470577,2635.855782,27.961695
387000,4242000,CB5MH_MD,18.04462,1e+06,9.1,54,387000 4242000,5.5,Suitable,dodgerblue,YES,240.470577,2635.855782,27.961695
387000,4242000,CB5MH_MD,27.88714,1e+06,9,54.2,387000 4242000,8.5,Suitable,dodgerblue,YES,240.470577,2635.855782,27.961695
387000,4242000,CB5MH_MD,70.53806,1e+06,8.45,55.3,387000 4242000,21.5,Suitable,dodgerblue,YES,240.470577,2635.855782,27.961695
387000,4242000,CB5MH_MD,24.6063,1e+06,9,54.1,387000 4242000,7.5,Suitable,dodgerblue,YES,240.470577,2635.855782,27.961695
387000,4242000,CB5MH_MD,41.0105,1e+06,8.9,54.3,387000 4242000,12.5,Suitable,dodgerblue,YES,240.470577,2635.855782,27.961695
387000,4242000,CB5MH_MD,14.76378,1e+06,9.1,54,387000 4242000,4.5,Suitable,dodgerblue,YES,240.470577,2635.855782,27.961695
387000,4242000,CB5MH_MD,83.66142,1e+06,8.2,55.6,387000 4242000,25.5,Suitable,dodgerblue,YES,240.470577,2635.855782,27.961695
387000,4242000,CB5MH_MD,54.13386,1e+06,8.8,54.6,387000 4242000,16.5,Suitable,dodgerblue,YES,240.470577,2635.855782,27.961695
387000,4242000,CB5MH_MD,67.25722,1e+06,8.55,55.1,387000 4242000,20.5,Suitable,dodgerblue,YES,240.470577,2635.855782,27.961695
387000,4242000,CB5MH_MD,37.72966,1e+06,8.9,54.3,387000 4242000,11.5,Suitable,dodgerblue,YES,240.470577,2635.855782,27.961695
387000,4242000,CB5MH_MD,73.8189,1e+06,8.35,55.5,387000 4242000,22.5,Suitable,dodgerblue,YES,240.470577,2635.855782,27.961695
387000,4242000,CB5MH_MD,57.4147,1e+06,8.78,54.7,387000 4242000,17.5,Suitable,dodgerblue,YES,240.470577,2635.855782,27.961695
387000,4242000,CB5MH_MD,77.09974,1e+06,8.28,55.6,387000 4242000,23.5,Suitable,dodgerblue,YES,240.470577,2635.855782,27.961695
387000,4242000,CB5MH_MD,11.48294,1e+06,9.1,54,387000 4242000,3.5,Suitable,dodgerblue,YES,240.470577,2635.855782,27.961695
387000,4242000,CB5MH_MD,34.44882,1e+06,8.9,54.3,387000 4242000,10.5,Suitable,dodgerblue,YES,240.470577,2635.855782,27.961695
387000,4242000,CB5MH_MD,96.78478,1e+06,8.2,55.6,387000 4242000,29.5,Suitable,dodgerblue,YES,240.470577,2635.855782,27.961695
387000,4242000,CB5MH_MD,86.94226,1e+06,8.2,55.6,387000 4242000,26.5,Suitable,dodgerblue,YES,240.470577,2635.855782,27.961695
387000,4242000,CB5MH_MD,50.85302,1e+06,8.8,54.5,387000 4242000,15.5,Suitable,dodgerblue,YES,240.470577,2635.855782,27.961695
387000,4242000,CB5MH_MD,106.6273,1e+06,8.2,55.6,387000 4242000,32.5,Suitable,dodgerblue,YES,240.470577,2635.855782,27.961695
387000,4242000,CB5MH_MD,47.57218,1e+06,8.82,54.5,387000 4242000,14.5,Suitable,dodgerblue,YES,240.470577,2635.855782,27.961695
387000,4242000,CB5MH_MD,63.97638,1e+06,8.65,54.8,387000 4242000,19.5,Suitable,dodgerblue,YES,240.470577,2635.855782,27.961695
387000,4242000,CB5MH_MD,44.29134,1e+06,8.88,54.4,387000 4242000,13.5,Suitable,dodgerblue,YES,240.470577,2635.855782,27.961695
387000,4242000,CB5MH_MD,103.34646,1e+06,8.2,55.6,387000 4242000,31.5,Suitable,dodgerblue,YES,240.470577,2635.855782,27.961695
387000,4242000,CB5MH_MD,4.92126,1e+06,9.35,53.1,387000 4242000,1.5,Suitable,dodgerblue,YES,240.470577,2635.855782,27.961695
387000,4242000,CB5MH_MD,109.90814,1e+06,8.2,55.6,387000 4242000,33.5,Suitable,dodgerblue,YES,240.470577,2635.855782,27.961695
387000,4242000,CB5MH_MD,100.06562,1e+06,8.2,55.6,387000 4242000,30.5,Suitable,dodgerblue,YES,240.470577,2635.855782,27.961695
387000,4242000,CB5MH_MD,8.2021,1e+06,9.2,53.5,387000 4242000,2.5,Suitable,dodgerblue,YES,240.470577,2635.855782,27.961695
387000,4242000,CB5MH_MD,113.18898,1e+06,8.2,55.6,387000 4242000,34.5,Suitable,dodgerblue,YES,240.470577,2635.855782,27.961695
387000,4242000,CB5MH_MD,90.2231,1e+06,8.2,55.6,387000 4242000,27.5,Suitable,dodgerblue,YES,240.470577,2635.855782,27.961695
387000,4242000,CB5MH_MD,1.64042,1e+06,9.4,53.1,387000 4242000,0.5,Suitable,dodgerblue,YES,240.470577,2635.855782,27.961695
387000,4243000,CB5MH_MD,8.2021,1e+06,9.2,53.7,387000 4243000,2.5,Suitable,dodgerblue,YES,240.470577,2636.477153,28.5830660000002
387000,4243000,CB5MH_MD,109.90814,1e+06,8.2,55.6,387000 4243000,33.5,Suitable,dodgerblue,YES,240.470577,2636.477153,28.5830660000002
387000,4243000,CB5MH_MD,60.69554,1e+06,8.71,54.7,387000 4243000,18.5,Suitable,dodgerblue,YES,240.470577,2636.477153,28.5830660000002
387000,4243000,CB5MH_MD,11.48294,1e+06,9.1,54.2,387000 4243000,3.5,Suitable,dodgerblue,YES,240.470577,2636.477153,28.5830660000002
387000,4243000,CB5MH_MD,44.29134,1e+06,8.88,54.5,387000 4243000,13.5,Suitable,dodgerblue,YES,240.470577,2636.477153,28.5830660000002
387000,4243000,CB5MH_MD,31.16798,1e+06,8.95,54.3,387000 4243000,9.5,Suitable,dodgerblue,YES,240.470577,2636.477153,28.5830660000002
387000,4243000,CB5MH_MD,63.97638,1e+06,8.64,54.8,387000 4243000,19.5,Suitable,dodgerblue,YES,240.470577,2636.477153,28.5830660000002
387000,4243000,CB5MH_MD,4.92126,1e+06,9.34,53.3,387000 4243000,1.5,Suitable,dodgerblue,YES,240.470577,2636.477153,28.5830660000002
387000,4243000,CB5MH_MD,57.4147,1e+06,8.77,54.7,387000 4243000,17.5,Suitable,dodgerblue,YES,240.470577,2636.477153,28.5830660000002
387000,4243000,CB5MH_MD,100.06562,1e+06,8.2,55.6,387000 4243000,30.5,Suitable,dodgerblue,YES,240.470577,2636.477153,28.5830660000002
387000,4243000,CB5MH_MD,24.6063,1e+06,9,54.3,387000 4243000,7.5,Suitable,dodgerblue,YES,240.470577,2636.477153,28.5830660000002
387000,4243000,CB5MH_MD,103.34646,1e+06,8.2,55.6,387000 4243000,31.5,Suitable,dodgerblue,YES,240.470577,2636.477153,28.5830660000002
387000,4243000,CB5MH_MD,1.64042,1e+06,9.39,53.3,387000 4243000,0.5,Suitable,dodgerblue,YES,240.470577,2636.477153,28.5830660000002
387000,4243000,CB5MH_MD,67.25722,1e+06,8.54,55.1,387000 4243000,20.5,Suitable,dodgerblue,YES,240.470577,2636.477153,28.5830660000002
387000,4243000,CB5MH_MD,73.8189,1e+06,8.35,55.5,387000 4243000,22.5,Suitable,dodgerblue,YES,240.470577,2636.477153,28.5830660000002
387000,4243000,CB5MH_MD,70.53806,1e+06,8.44,55.3,387000 4243000,21.5,Suitable,dodgerblue,YES,240.470577,2636.477153,28.5830660000002
387000,4243000,CB5MH_MD,106.6273,1e+06,8.2,55.6,387000 4243000,32.5,Suitable,dodgerblue,YES,240.470577,2636.477153,28.5830660000002
387000,4243000,CB5MH_MD,54.13386,1e+06,8.79,54.6,387000 4243000,16.5,Suitable,dodgerblue,YES,240.470577,2636.477153,28.5830660000002
387000,4243000,CB5MH_MD,37.72966,1e+06,8.9,54.3,387000 4243000,11.5,Suitable,dodgerblue,YES,240.470577,2636.477153,28.5830660000002
387000,4243000,CB5MH_MD,113.18898,1e+06,8.2,55.6,387000 4243000,34.5,Suitable,dodgerblue,YES,240.470577,2636.477153,28.5830660000002
387000,4243000,CB5MH_MD,93.50394,1e+06,8.2,55.6,387000 4243000,28.5,Suitable,dodgerblue,YES,240.470577,2636.477153,28.5830660000002
387000,4243000,CB5MH_MD,50.85302,1e+06,8.8,54.5,387000 4243000,15.5,Suitable,dodgerblue,YES,240.470577,2636.477153,28.5830660000002
387000,4243000,CB5MH_MD,41.0105,1e+06,8.9,54.4,387000 4243000,12.5,Suitable,dodgerblue,YES,240.470577,2636.477153,28.5830660000002
387000,4243000,CB5MH_MD,34.44882,1e+06,8.9,54.3,387000 4243000,10.5,Suitable,dodgerblue,YES,240.470577,2636.477153,28.5830660000002
387000,4243000,CB5MH_MD,14.76378,1e+06,9.1,54.2,387000 4243000,4.5,Suitable,dodgerblue,YES,240.470577,2636.477153,28.5830660000002
387000,4243000,CB5MH_MD,27.88714,1e+06,9,54.4,387000 4243000,8.5,Suitable,dodgerblue,YES,240.470577,2636.477153,28.5830660000002
387000,4243000,CB5MH_MD,86.94226,1e+06,8.2,55.6,387000 4243000,26.5,Suitable,dodgerblue,YES,240.470577,2636.477153,28.5830660000002
387000,4243000,CB5MH_MD,77.09974,1e+06,8.28,55.6,387000 4243000,23.5,Suitable,dodgerblue,YES,240.470577,2636.477153,28.5830660000002
387000,4243000,CB5MH_MD,96.78478,1e+06,8.2,55.6,387000 4243000,29.5,Suitable,dodgerblue,YES,240.470577,2636.477153,28.5830660000002
387000,4243000,CB5MH_MD,90.2231,1e+06,8.2,55.6,387000 4243000,27.5,Suitable,dodgerblue,YES,240.470577,2636.477153,28.5830660000002
387000,4243000,CB5MH_MD,47.57218,1e+06,8.82,54.6,387000 4243000,14.5,Suitable,dodgerblue,YES,240.470577,2636.477153,28.5830660000002
387000,4243000,CB5MH_MD,80.38058,1e+06,8.22,55.6,387000 4243000,24.5,Suitable,dodgerblue,YES,240.470577,2636.477153,28.5830660000002
387000,4243000,CB5MH_MD,18.04462,1e+06,9.1,54.2,387000 4243000,5.5,Suitable,dodgerblue,YES,240.470577,2636.477153,28.5830660000002
387000,4243000,CB5MH_MD,21.32546,1e+06,9.05,54.3,387000 4243000,6.5,Suitable,dodgerblue,YES,240.470577,2636.477153,28.5830660000002
387000,4243000,CB5MH_MD,83.66142,1e+06,8.2,55.6,387000 4243000,25.5,Suitable,dodgerblue,YES,240.470577,2636.477153,28.5830660000002
387000,4327000,CB3MH,34.44882,1e+06,8.75,53,387000 4327000,10.5,Suitable,dodgerblue,YES,240.470577,2688.672317,80.7782299999999
387000,4327000,CB3MH,24.6063,1e+06,9.27,51.6,387000 4327000,7.5,Suitable,dodgerblue,YES,240.470577,2688.672317,80.7782299999999
387000,4327000,CB3MH,18.04462,1e+06,9.45,51.3,387000 4327000,5.5,Suitable,dodgerblue,YES,240.470577,2688.672317,80.7782299999999
387000,4327000,CB3MH,31.16798,1e+06,8.98,52.2,387000 4327000,9.5,Suitable,dodgerblue,YES,240.470577,2688.672317,80.7782299999999
387000,4327000,CB3MH,21.32546,1e+06,9.39,51.4,387000 4327000,6.5,Suitable,dodgerblue,YES,240.470577,2688.672317,80.7782299999999
387000,4327000,CB3MH,14.76378,1e+06,9.43,51.1,387000 4327000,4.5,Suitable,dodgerblue,YES,240.470577,2688.672317,80.7782299999999
387000,4327000,CB3MH,11.48294,1e+06,9.62,50.8,387000 4327000,3.5,Suitable,dodgerblue,YES,240.470577,2688.672317,80.7782299999999
387000,4327000,CB3MH,27.88714,1e+06,9.13,51.9,387000 4327000,8.5,Suitable,dodgerblue,YES,240.470577,2688.672317,80.7782299999999
387000,4327000,CB3MH,37.72966,1e+06,8.04,54.2,387000 4327000,11.5,Suitable,dodgerblue,YES,240.470577,2688.672317,80.7782299999999
387000,4327000,CB3MH,4.92126,1e+06,10.06,50.3,387000 4327000,1.5,Suitable,dodgerblue,YES,240.470577,2688.672317,80.7782299999999
387000,4327000,CB3MH,1.64042,1e+06,10.17,50.2,387000 4327000,0.5,Suitable,dodgerblue,YES,240.470577,2688.672317,80.7782299999999
387000,4327000,CB3MH,8.2021,1e+06,9.86,50.6,387000 4327000,2.5,Suitable,dodgerblue,YES,240.470577,2688.672317,80.7782299999999
387000,4328000,CB3MH,4.92126,1e+06,10.06,50.3,387000 4328000,1.5,Suitable,dodgerblue,YES,240.470577,2689.293688,81.3996010000001
387000,4328000,CB3MH,1.64042,1e+06,10.15,50.1,387000 4328000,0.5,Suitable,dodgerblue,YES,240.470577,2689.293688,81.3996010000001
387000,4328000,CB3MH,18.04462,1e+06,9.5,51.1,387000 4328000,5.5,Suitable,dodgerblue,YES,240.470577,2689.293688,81.3996010000001
387000,4328000,CB3MH,14.76378,1e+06,9.48,51,387000 4328000,4.5,Suitable,dodgerblue,YES,240.470577,2689.293688,81.3996010000001
387000,4328000,CB3MH,21.32546,1e+06,9.44,51.2,387000 4328000,6.5,Suitable,dodgerblue,YES,240.470577,2689.293688,81.3996010000001
387000,4328000,CB3MH,27.88714,1e+06,9.19,51.7,387000 4328000,8.5,Suitable,dodgerblue,YES,240.470577,2689.293688,81.3996010000001
387000,4328000,CB3MH,31.16798,1e+06,9.04,52,387000 4328000,9.5,Suitable,dodgerblue,YES,240.470577,2689.293688,81.3996010000001
387000,4328000,CB3MH,8.2021,1e+06,9.88,50.5,387000 4328000,2.5,Suitable,dodgerblue,YES,240.470577,2689.293688,81.3996010000001
387000,4328000,CB3MH,24.6063,1e+06,9.33,51.4,387000 4328000,7.5,Suitable,dodgerblue,YES,240.470577,2689.293688,81.3996010000001
387000,4328000,CB3MH,11.48294,1e+06,9.67,50.7,387000 4328000,3.5,Suitable,dodgerblue,YES,240.470577,2689.293688,81.3996010000001
387000,4329000,CB3MH,31.16798,1e+06,9.09,51.8,387000 4329000,9.5,Suitable,dodgerblue,YES,240.470577,2689.915059,82.0209719999998
387000,4329000,CB3MH,8.2021,1e+06,9.91,50.4,387000 4329000,2.5,Suitable,dodgerblue,YES,240.470577,2689.915059,82.0209719999998
387000,4329000,CB3MH,4.92126,1e+06,10.05,50.2,387000 4329000,1.5,Suitable,dodgerblue,YES,240.470577,2689.915059,82.0209719999998
387000,4329000,CB3MH,24.6063,1e+06,9.38,51.2,387000 4329000,7.5,Suitable,dodgerblue,YES,240.470577,2689.915059,82.0209719999998
387000,4329000,CB3MH,1.64042,1e+06,10.14,50.1,387000 4329000,0.5,Suitable,dodgerblue,YES,240.470577,2689.915059,82.0209719999998
387000,4329000,CB3MH,11.48294,1e+06,9.72,50.5,387000 4329000,3.5,Suitable,dodgerblue,YES,240.470577,2689.915059,82.0209719999998
387000,4329000,CB3MH,14.76378,1e+06,9.54,50.8,387000 4329000,4.5,Suitable,dodgerblue,YES,240.470577,2689.915059,82.0209719999998
387000,4329000,CB3MH,21.32546,1e+06,9.49,51,387000 4329000,6.5,Suitable,dodgerblue,YES,240.470577,2689.915059,82.0209719999998
387000,4329000,CB3MH,27.88714,1e+06,9.24,51.5,387000 4329000,8.5,Suitable,dodgerblue,YES,240.470577,2689.915059,82.0209719999998
387000,4329000,CB3MH,18.04462,1e+06,9.55,50.9,387000 4329000,5.5,Suitable,dodgerblue,YES,240.470577,2689.915059,82.0209719999998
387000,4330000,CB3MH,18.04462,1e+06,9.59,50.8,387000 4330000,5.5,Suitable,dodgerblue,YES,240.470577,2690.53643,82.642343
387000,4330000,CB3MH,4.92126,1e+06,10.05,50.1,387000 4330000,1.5,Suitable,dodgerblue,YES,240.470577,2690.53643,82.642343
387000,4330000,CB3MH,14.76378,1e+06,9.59,50.7,387000 4330000,4.5,Suitable,dodgerblue,YES,240.470577,2690.53643,82.642343
387000,4330000,CB3MH,8.2021,1e+06,9.93,50.3,387000 4330000,2.5,Suitable,dodgerblue,YES,240.470577,2690.53643,82.642343
387000,4330000,CB3MH,21.32546,1e+06,9.53,50.9,387000 4330000,6.5,Suitable,dodgerblue,YES,240.470577,2690.53643,82.642343
387000,4330000,CB3MH,1.64042,1e+06,10.13,50,387000 4330000,0.5,Suitable,dodgerblue,YES,240.470577,2690.53643,82.642343
387000,4330000,CB3MH,27.88714,1e+06,9.28,51.4,387000 4330000,8.5,Suitable,dodgerblue,YES,240.470577,2690.53643,82.642343
387000,4330000,CB3MH,11.48294,1e+06,9.77,50.4,387000 4330000,3.5,Suitable,dodgerblue,YES,240.470577,2690.53643,82.642343
387000,4330000,CB3MH,31.16798,1e+06,9.14,51.7,387000 4330000,9.5,Suitable,dodgerblue,YES,240.470577,2690.53643,82.642343
387000,4330000,CB3MH,37.72966,1e+06,8.37,53.5,387000 4330000,11.5,Suitable,dodgerblue,YES,240.470577,2690.53643,82.642343
387000,4330000,CB3MH,34.44882,1e+06,8.92,52.6,387000 4330000,10.5,Suitable,dodgerblue,YES,240.470577,2690.53643,82.642343
387000,4330000,CB3MH,24.6063,1e+06,9.42,51.1,387000 4330000,7.5,Suitable,dodgerblue,YES,240.470577,2690.53643,82.642343
388000,4236000,CB5MH_MD,80.38058,1e+06,8.21,55.6,388000 4236000,24.5,Suitable,dodgerblue,YES,241.091948,2632.127556,24.2334689999998
388000,4236000,CB5MH_MD,60.69554,1e+06,8.66,54.9,388000 4236000,18.5,Suitable,dodgerblue,YES,241.091948,2632.127556,24.2334689999998
388000,4236000,CB5MH_MD,70.53806,1e+06,8.4,55.4,388000 4236000,21.5,Suitable,dodgerblue,YES,241.091948,2632.127556,24.2334689999998
388000,4236000,CB5MH_MD,73.8189,1e+06,8.32,55.5,388000 4236000,22.5,Suitable,dodgerblue,YES,241.091948,2632.127556,24.2334689999998
388000,4236000,CB5MH_MD,57.4147,1e+06,8.74,54.8,388000 4236000,17.5,Suitable,dodgerblue,YES,241.091948,2632.127556,24.2334689999998
388000,4236000,CB5MH_MD,67.25722,1e+06,8.49,55.2,388000 4236000,20.5,Suitable,dodgerblue,YES,241.091948,2632.127556,24.2334689999998
388000,4236000,CB5MH_MD,54.13386,1e+06,8.77,54.7,388000 4236000,16.5,Suitable,dodgerblue,YES,241.091948,2632.127556,24.2334689999998
388000,4236000,CB5MH_MD,14.76378,1e+06,9.03,55.8,388000 4236000,4.5,Suitable,dodgerblue,YES,241.091948,2632.127556,24.2334689999998
388000,4236000,CB5MH_MD,63.97638,1e+06,8.58,55,388000 4236000,19.5,Suitable,dodgerblue,YES,241.091948,2632.127556,24.2334689999998
388000,4236000,CB5MH_MD,34.44882,1e+06,8.9,55.1,388000 4236000,10.5,Suitable,dodgerblue,YES,241.091948,2632.127556,24.2334689999998
388000,4236000,CB5MH_MD,4.92126,1e+06,9.22,55.3,388000 4236000,1.5,Suitable,dodgerblue,YES,241.091948,2632.127556,24.2334689999998
388000,4236000,CB5MH_MD,77.09974,1e+06,8.26,55.6,388000 4236000,23.5,Suitable,dodgerblue,YES,241.091948,2632.127556,24.2334689999998
388000,4236000,CB5MH_MD,11.48294,1e+06,9.03,55.8,388000 4236000,3.5,Suitable,dodgerblue,YES,241.091948,2632.127556,24.2334689999998
388000,4236000,CB5MH_MD,37.72966,1e+06,8.9,55.1,388000 4236000,11.5,Suitable,dodgerblue,YES,241.091948,2632.127556,24.2334689999998
388000,4236000,CB5MH_MD,18.04462,1e+06,9.03,55.8,388000 4236000,5.5,Suitable,dodgerblue,YES,241.091948,2632.127556,24.2334689999998
388000,4236000,CB5MH_MD,44.29134,1e+06,8.86,55.2,388000 4236000,13.5,Suitable,dodgerblue,YES,241.091948,2632.127556,24.2334689999998
388000,4236000,CB5MH_MD,47.57218,1e+06,8.81,55.3,388000 4236000,14.5,Suitable,dodgerblue,YES,241.091948,2632.127556,24.2334689999998
388000,4236000,CB5MH_MD,41.0105,1e+06,8.89,55.1,388000 4236000,12.5,Suitable,dodgerblue,YES,241.091948,2632.127556,24.2334689999998
388000,4236000,CB5MH_MD,27.88714,1e+06,8.98,55.9,388000 4236000,8.5,Suitable,dodgerblue,YES,241.091948,2632.127556,24.2334689999998
388000,4236000,CB5MH_MD,1.64042,1e+06,9.25,55.3,388000 4236000,0.5,Suitable,dodgerblue,YES,241.091948,2632.127556,24.2334689999998
388000,4236000,CB5MH_MD,50.85302,1e+06,8.79,54.6,388000 4236000,15.5,Suitable,dodgerblue,YES,241.091948,2632.127556,24.2334689999998
388000,4236000,CB5MH_MD,24.6063,1e+06,8.98,55.9,388000 4236000,7.5,Suitable,dodgerblue,YES,241.091948,2632.127556,24.2334689999998
388000,4236000,CB5MH_MD,21.32546,1e+06,9.01,55.9,388000 4236000,6.5,Suitable,dodgerblue,YES,241.091948,2632.127556,24.2334689999998
388000,4236000,CB5MH_MD,8.2021,1e+06,9.11,55.5,388000 4236000,2.5,Suitable,dodgerblue,YES,241.091948,2632.127556,24.2334689999998
388000,4236000,CB5MH_MD,31.16798,1e+06,8.94,55.1,388000 4236000,9.5,Suitable,dodgerblue,YES,241.091948,2632.127556,24.2334689999998
388000,4237000,CB5MH_MD,86.94226,1e+06,8.19,55.6,388000 4237000,26.5,Suitable,dodgerblue,YES,241.091948,2632.748927,24.85484
388000,4237000,CB5MH_MD,63.97638,1e+06,8.59,54.9,388000 4237000,19.5,Suitable,dodgerblue,YES,241.091948,2632.748927,24.85484
388000,4237000,CB5MH_MD,57.4147,1e+06,8.74,54.8,388000 4237000,17.5,Suitable,dodgerblue,YES,241.091948,2632.748927,24.85484
388000,4237000,CB5MH_MD,83.66142,1e+06,8.19,55.6,388000 4237000,25.5,Suitable,dodgerblue,YES,241.091948,2632.748927,24.85484
388000,4237000,CB5MH_MD,47.57218,1e+06,8.8,55.1,388000 4237000,14.5,Suitable,dodgerblue,YES,241.091948,2632.748927,24.85484
388000,4237000,CB5MH_MD,60.69554,1e+06,8.67,54.8,388000 4237000,18.5,Suitable,dodgerblue,YES,241.091948,2632.748927,24.85484
388000,4237000,CB5MH_MD,24.6063,1e+06,8.98,55.6,388000 4237000,7.5,Suitable,dodgerblue,YES,241.091948,2632.748927,24.85484
388000,4237000,CB5MH_MD,100.06562,1e+06,8.2,55.6,388000 4237000,30.5,Suitable,dodgerblue,YES,241.091948,2632.748927,24.85484
388000,4237000,CB5MH_MD,77.09974,1e+06,8.26,55.6,388000 4237000,23.5,Suitable,dodgerblue,YES,241.091948,2632.748927,24.85484
388000,4237000,CB5MH_MD,34.44882,1e+06,8.9,54.9,388000 4237000,10.5,Suitable,dodgerblue,YES,241.091948,2632.748927,24.85484
388000,4237000,CB5MH_MD,67.25722,1e+06,8.5,55.2,388000 4237000,20.5,Suitable,dodgerblue,YES,241.091948,2632.748927,24.85484
388000,4237000,CB5MH_MD,44.29134,1e+06,8.86,55,388000 4237000,13.5,Suitable,dodgerblue,YES,241.091948,2632.748927,24.85484
388000,4237000,CB5MH_MD,106.6273,1e+06,8.2,55.6,388000 4237000,32.5,Suitable,dodgerblue,YES,241.091948,2632.748927,24.85484
388000,4237000,CB5MH_MD,103.34646,1e+06,8.2,55.6,388000 4237000,31.5,Suitable,dodgerblue,YES,241.091948,2632.748927,24.85484
388000,4237000,CB5MH_MD,14.76378,1e+06,9.04,55.5,388000 4237000,4.5,Suitable,dodgerblue,YES,241.091948,2632.748927,24.85484
388000,4237000,CB5MH_MD,80.38058,1e+06,8.21,55.6,388000 4237000,24.5,Suitable,dodgerblue,YES,241.091948,2632.748927,24.85484
388000,4237000,CB5MH_MD,50.85302,1e+06,8.78,54.5,388000 4237000,15.5,Suitable,dodgerblue,YES,241.091948,2632.748927,24.85484
388000,4237000,CB5MH_MD,21.32546,1e+06,9.01,55.6,388000 4237000,6.5,Suitable,dodgerblue,YES,241.091948,2632.748927,24.85484
388000,4237000,CB5MH_MD,27.88714,1e+06,8.98,55.7,388000 4237000,8.5,Suitable,dodgerblue,YES,241.091948,2632.748927,24.85484
388000,4237000,CB5MH_MD,8.2021,1e+06,9.13,55.2,388000 4237000,2.5,Suitable,dodgerblue,YES,241.091948,2632.748927,24.85484
388000,4237000,CB5MH_MD,37.72966,1e+06,8.89,54.9,388000 4237000,11.5,Suitable,dodgerblue,YES,241.091948,2632.748927,24.85484
388000,4237000,CB5MH_MD,1.64042,1e+06,9.28,54.9,388000 4237000,0.5,Suitable,dodgerblue,YES,241.091948,2632.748927,24.85484
388000,4237000,CB5MH_MD,96.78478,1e+06,8.2,55.6,388000 4237000,29.5,Suitable,dodgerblue,YES,241.091948,2632.748927,24.85484
388000,4237000,CB5MH_MD,73.8189,1e+06,8.32,55.5,388000 4237000,22.5,Suitable,dodgerblue,YES,241.091948,2632.748927,24.85484
388000,4237000,CB5MH_MD,70.53806,1e+06,8.41,55.4,388000 4237000,21.5,Suitable,dodgerblue,YES,241.091948,2632.748927,24.85484
388000,4237000,CB5MH_MD,109.90814,1e+06,8.2,55.6,388000 4237000,33.5,Suitable,dodgerblue,YES,241.091948,2632.748927,24.85484
388000,4237000,CB5MH_MD,90.2231,1e+06,8.19,55.6,388000 4237000,27.5,Suitable,dodgerblue,YES,241.091948,2632.748927,24.85484
388000,4237000,CB5MH_MD,93.50394,1e+06,8.22,55.6,388000 4237000,28.5,Suitable,dodgerblue,YES,241.091948,2632.748927,24.85484
388000,4237000,CB5MH_MD,41.0105,1e+06,8.89,54.9,388000 4237000,12.5,Suitable,dodgerblue,YES,241.091948,2632.748927,24.85484
388000,4237000,CB5MH_MD,18.04462,1e+06,9.04,55.6,388000 4237000,5.5,Suitable,dodgerblue,YES,241.091948,2632.748927,24.85484
388000,4237000,CB5MH_MD,54.13386,1e+06,8.77,54.7,388000 4237000,16.5,Suitable,dodgerblue,YES,241.091948,2632.748927,24.85484
388000,4237000,CB5MH_MD,11.48294,1e+06,9.04,55.5,388000 4237000,3.5,Suitable,dodgerblue,YES,241.091948,2632.748927,24.85484
388000,4237000,CB5MH_MD,4.92126,1e+06,9.24,54.9,388000 4237000,1.5,Suitable,dodgerblue,YES,241.091948,2632.748927,24.85484
388000,4237000,CB5MH_MD,31.16798,1e+06,8.94,54.9,388000 4237000,9.5,Suitable,dodgerblue,YES,241.091948,2632.748927,24.85484
388000,4237000,CB5MH_MD,113.18898,1e+06,8.2,55.6,388000 4237000,34.5,Suitable,dodgerblue,YES,241.091948,2632.748927,24.85484
388000,4237000,CB5MH_MD,116.46982,1e+06,8.2,55.6,388000 4237000,35.5,Suitable,dodgerblue,YES,241.091948,2632.748927,24.85484
388000,4238000,CB5MH_MD,50.85302,1e+06,8.79,54.5,388000 4238000,15.5,Suitable,dodgerblue,YES,241.091948,2633.370298,25.4762109999997
388000,4238000,CB5MH_MD,70.53806,1e+06,8.42,55.4,388000 4238000,21.5,Suitable,dodgerblue,YES,241.091948,2633.370298,25.4762109999997
388000,4238000,CB5MH_MD,73.8189,1e+06,8.33,55.5,388000 4238000,22.5,Suitable,dodgerblue,YES,241.091948,2633.370298,25.4762109999997
388000,4238000,CB5MH_MD,57.4147,1e+06,8.75,54.8,388000 4238000,17.5,Suitable,dodgerblue,YES,241.091948,2633.370298,25.4762109999997
388000,4238000,CB5MH_MD,27.88714,1e+06,8.98,55.4,388000 4238000,8.5,Suitable,dodgerblue,YES,241.091948,2633.370298,25.4762109999997
388000,4238000,CB5MH_MD,21.32546,1e+06,9.02,55.3,388000 4238000,6.5,Suitable,dodgerblue,YES,241.091948,2633.370298,25.4762109999997
388000,4238000,CB5MH_MD,77.09974,1e+06,8.26,55.6,388000 4238000,23.5,Suitable,dodgerblue,YES,241.091948,2633.370298,25.4762109999997
388000,4238000,CB5MH_MD,67.25722,1e+06,8.51,55.2,388000 4238000,20.5,Suitable,dodgerblue,YES,241.091948,2633.370298,25.4762109999997
388000,4238000,CB5MH_MD,41.0105,1e+06,8.89,54.8,388000 4238000,12.5,Suitable,dodgerblue,YES,241.091948,2633.370298,25.4762109999997
388000,4238000,CB5MH_MD,44.29134,1e+06,8.86,54.9,388000 4238000,13.5,Suitable,dodgerblue,YES,241.091948,2633.370298,25.4762109999997
388000,4238000,CB5MH_MD,14.76378,1e+06,9.06,55.2,388000 4238000,4.5,Suitable,dodgerblue,YES,241.091948,2633.370298,25.4762109999997
388000,4238000,CB5MH_MD,1.64042,1e+06,9.31,54.5,388000 4238000,0.5,Suitable,dodgerblue,YES,241.091948,2633.370298,25.4762109999997
388000,4238000,CB5MH_MD,4.92126,1e+06,9.28,54.5,388000 4238000,1.5,Suitable,dodgerblue,YES,241.091948,2633.370298,25.4762109999997
388000,4238000,CB5MH_MD,80.38058,1e+06,8.21,55.6,388000 4238000,24.5,Suitable,dodgerblue,YES,241.091948,2633.370298,25.4762109999997
388000,4238000,CB5MH_MD,18.04462,1e+06,9.06,55.2,388000 4238000,5.5,Suitable,dodgerblue,YES,241.091948,2633.370298,25.4762109999997
388000,4238000,CB5MH_MD,8.2021,1e+06,9.16,54.8,388000 4238000,2.5,Suitable,dodgerblue,YES,241.091948,2633.370298,25.4762109999997
388000,4238000,CB5MH_MD,60.69554,1e+06,8.68,54.8,388000 4238000,18.5,Suitable,dodgerblue,YES,241.091948,2633.370298,25.4762109999997
388000,4238000,CB5MH_MD,63.97638,1e+06,8.6,54.9,388000 4238000,19.5,Suitable,dodgerblue,YES,241.091948,2633.370298,25.4762109999997
388000,4238000,CB5MH_MD,37.72966,1e+06,8.89,54.8,388000 4238000,11.5,Suitable,dodgerblue,YES,241.091948,2633.370298,25.4762109999997
388000,4238000,CB5MH_MD,24.6063,1e+06,8.98,55.3,388000 4238000,7.5,Suitable,dodgerblue,YES,241.091948,2633.370298,25.4762109999997
388000,4238000,CB5MH_MD,54.13386,1e+06,8.77,54.6,388000 4238000,16.5,Suitable,dodgerblue,YES,241.091948,2633.370298,25.4762109999997
388000,4238000,CB5MH_MD,83.66142,1e+06,8.19,55.6,388000 4238000,25.5,Suitable,dodgerblue,YES,241.091948,2633.370298,25.4762109999997
388000,4238000,CB5MH_MD,47.57218,1e+06,8.81,55,388000 4238000,14.5,Suitable,dodgerblue,YES,241.091948,2633.370298,25.4762109999997
388000,4238000,CB5MH_MD,86.94226,1e+06,8.19,55.6,388000 4238000,26.5,Suitable,dodgerblue,YES,241.091948,2633.370298,25.4762109999997
388000,4238000,CB5MH_MD,31.16798,1e+06,8.94,54.8,388000 4238000,9.5,Suitable,dodgerblue,YES,241.091948,2633.370298,25.4762109999997
388000,4238000,CB5MH_MD,11.48294,1e+06,9.07,55.2,388000 4238000,3.5,Suitable,dodgerblue,YES,241.091948,2633.370298,25.4762109999997
388000,4238000,CB5MH_MD,34.44882,1e+06,8.9,54.8,388000 4238000,10.5,Suitable,dodgerblue,YES,241.091948,2633.370298,25.4762109999997
388000,4329000,CB3MH,4.92126,1e+06,10.05,50.2,388000 4329000,1.5,Suitable,dodgerblue,YES,241.091948,2689.915059,82.0209719999998
388000,4329000,CB3MH,8.2021,1e+06,9.91,50.4,388000 4329000,2.5,Suitable,dodgerblue,YES,241.091948,2689.915059,82.0209719999998
388000,4329000,CB3MH,31.16798,1e+06,9.12,51.8,388000 4329000,9.5,Suitable,dodgerblue,YES,241.091948,2689.915059,82.0209719999998
388000,4329000,CB3MH,14.76378,1e+06,9.55,50.8,388000 4329000,4.5,Suitable,dodgerblue,YES,241.091948,2689.915059,82.0209719999998
388000,4329000,CB3MH,11.48294,1e+06,9.73,50.5,388000 4329000,3.5,Suitable,dodgerblue,YES,241.091948,2689.915059,82.0209719999998
388000,4329000,CB3MH,1.64042,1e+06,10.14,50.1,388000 4329000,0.5,Suitable,dodgerblue,YES,241.091948,2689.915059,82.0209719999998
388000,4329000,CB3MH,24.6063,1e+06,9.4,51.2,388000 4329000,7.5,Suitable,dodgerblue,YES,241.091948,2689.915059,82.0209719999998
388000,4329000,CB3MH,21.32546,1e+06,9.51,51,388000 4329000,6.5,Suitable,dodgerblue,YES,241.091948,2689.915059,82.0209719999998
388000,4329000,CB3MH,27.88714,1e+06,9.26,51.5,388000 4329000,8.5,Suitable,dodgerblue,YES,241.091948,2689.915059,82.0209719999998
388000,4329000,CB3MH,18.04462,1e+06,9.56,50.9,388000 4329000,5.5,Suitable,dodgerblue,YES,241.091948,2689.915059,82.0209719999998
389000,4234000,CB5MH_MD,31.16798,1e+06,8.95,55.2,389000 4234000,9.5,Suitable,dodgerblue,YES,241.713319,2630.884814,22.9907269999999
389000,4234000,CB5MH_MD,47.57218,1e+06,8.82,55.3,389000 4234000,14.5,Suitable,dodgerblue,YES,241.713319,2630.884814,22.9907269999999
389000,4234000,CB5MH_MD,41.0105,1e+06,8.91,55.2,389000 4234000,12.5,Suitable,dodgerblue,YES,241.713319,2630.884814,22.9907269999999
389000,4234000,CB5MH_MD,27.88714,1e+06,8.99,56.1,389000 4234000,8.5,Suitable,dodgerblue,YES,241.713319,2630.884814,22.9907269999999
389000,4234000,CB5MH_MD,14.76378,1e+06,9.03,56,389000 4234000,4.5,Suitable,dodgerblue,YES,241.713319,2630.884814,22.9907269999999
389000,4234000,CB5MH_MD,44.29134,1e+06,8.88,55.2,389000 4234000,13.5,Suitable,dodgerblue,YES,241.713319,2630.884814,22.9907269999999
389000,4234000,CB5MH_MD,60.69554,1e+06,8.65,54.9,389000 4234000,18.5,Suitable,dodgerblue,YES,241.713319,2630.884814,22.9907269999999
389000,4234000,CB5MH_MD,18.04462,1e+06,9.03,56,389000 4234000,5.5,Suitable,dodgerblue,YES,241.713319,2630.884814,22.9907269999999
389000,4234000,CB5MH_MD,21.32546,1e+06,9,56,389000 4234000,6.5,Suitable,dodgerblue,YES,241.713319,2630.884814,22.9907269999999
389000,4234000,CB5MH_MD,34.44882,1e+06,8.92,55.2,389000 4234000,10.5,Suitable,dodgerblue,YES,241.713319,2630.884814,22.9907269999999
389000,4234000,CB5MH_MD,11.48294,1e+06,9.03,56,389000 4234000,3.5,Suitable,dodgerblue,YES,241.713319,2630.884814,22.9907269999999
389000,4234000,CB5MH_MD,73.8189,1e+06,8.32,55.5,389000 4234000,22.5,Suitable,dodgerblue,YES,241.713319,2630.884814,22.9907269999999
389000,4234000,CB5MH_MD,70.53806,1e+06,8.39,55.4,389000 4234000,21.5,Suitable,dodgerblue,YES,241.713319,2630.884814,22.9907269999999
389000,4234000,CB5MH_MD,37.72966,1e+06,8.91,55.1,389000 4234000,11.5,Suitable,dodgerblue,YES,241.713319,2630.884814,22.9907269999999
389000,4234000,CB5MH_MD,50.85302,1e+06,8.8,54.6,389000 4234000,15.5,Suitable,dodgerblue,YES,241.713319,2630.884814,22.9907269999999
389000,4234000,CB5MH_MD,80.38058,1e+06,8.23,55.6,389000 4234000,24.5,Suitable,dodgerblue,YES,241.713319,2630.884814,22.9907269999999
389000,4234000,CB5MH_MD,67.25722,1e+06,8.48,55.3,389000 4234000,20.5,Suitable,dodgerblue,YES,241.713319,2630.884814,22.9907269999999
389000,4234000,CB5MH_MD,77.09974,1e+06,8.27,55.6,389000 4234000,23.5,Suitable,dodgerblue,YES,241.713319,2630.884814,22.9907269999999
389000,4234000,CB5MH_MD,57.4147,1e+06,8.74,54.8,389000 4234000,17.5,Suitable,dodgerblue,YES,241.713319,2630.884814,22.9907269999999
389000,4234000,CB5MH_MD,4.92126,1e+06,9.2,55.6,389000 4234000,1.5,Suitable,dodgerblue,YES,241.713319,2630.884814,22.9907269999999
389000,4234000,CB5MH_MD,24.6063,1e+06,8.99,56,389000 4234000,7.5,Suitable,dodgerblue,YES,241.713319,2630.884814,22.9907269999999
389000,4234000,CB5MH_MD,8.2021,1e+06,9.1,55.7,389000 4234000,2.5,Suitable,dodgerblue,YES,241.713319,2630.884814,22.9907269999999
389000,4234000,CB5MH_MD,1.64042,1e+06,9.22,55.5,389000 4234000,0.5,Suitable,dodgerblue,YES,241.713319,2630.884814,22.9907269999999
389000,4234000,CB5MH_MD,63.97638,1e+06,8.55,55,389000 4234000,19.5,Suitable,dodgerblue,YES,241.713319,2630.884814,22.9907269999999
389000,4234000,CB5MH_MD,54.13386,1e+06,8.78,54.7,389000 4234000,16.5,Suitable,dodgerblue,YES,241.713319,2630.884814,22.9907269999999
389000,4235000,CB5MH_MD,31.16798,1e+06,8.95,55.1,389000 4235000,9.5,Suitable,dodgerblue,YES,241.713319,2631.506185,23.6120980000001
389000,4235000,CB5MH_MD,100.06562,1e+06,8.2,55.6,389000 4235000,30.5,Suitable,dodgerblue,YES,241.713319,2631.506185,23.6120980000001
389000,4235000,CB5MH_MD,73.8189,1e+06,8.32,55.5,389000 4235000,22.5,Suitable,dodgerblue,YES,241.713319,2631.506185,23.6120980000001
389000,4235000,CB5MH_MD,86.94226,1e+06,8.21,55.6,389000 4235000,26.5,Suitable,dodgerblue,YES,241.713319,2631.506185,23.6120980000001
389000,4235000,CB5MH_MD,103.34646,1e+06,8.2,55.6,389000 4235000,31.5,Suitable,dodgerblue,YES,241.713319,2631.506185,23.6120980000001
389000,4235000,CB5MH_MD,80.38058,1e+06,8.22,55.6,389000 4235000,24.5,Suitable,dodgerblue,YES,241.713319,2631.506185,23.6120980000001
389000,4235000,CB5MH_MD,1.64042,1e+06,9.24,55.4,389000 4235000,0.5,Suitable,dodgerblue,YES,241.713319,2631.506185,23.6120980000001
389000,4235000,CB5MH_MD,60.69554,1e+06,8.65,54.9,389000 4235000,18.5,Suitable,dodgerblue,YES,241.713319,2631.506185,23.6120980000001
389000,4235000,CB5MH_MD,67.25722,1e+06,8.48,55.2,389000 4235000,20.5,Suitable,dodgerblue,YES,241.713319,2631.506185,23.6120980000001
389000,4235000,CB5MH_MD,8.2021,1e+06,9.11,55.6,389000 4235000,2.5,Suitable,dodgerblue,YES,241.713319,2631.506185,23.6120980000001
389000,4235000,CB5MH_MD,96.78478,1e+06,8.2,55.6,389000 4235000,29.5,Suitable,dodgerblue,YES,241.713319,2631.506185,23.6120980000001
389000,4235000,CB5MH_MD,24.6063,1e+06,8.98,55.9,389000 4235000,7.5,Suitable,dodgerblue,YES,241.713319,2631.506185,23.6120980000001
389000,4235000,CB5MH_MD,90.2231,1e+06,8.21,55.6,389000 4235000,27.5,Suitable,dodgerblue,YES,241.713319,2631.506185,23.6120980000001
389000,4235000,CB5MH_MD,70.53806,1e+06,8.4,55.4,389000 4235000,21.5,Suitable,dodgerblue,YES,241.713319,2631.506185,23.6120980000001
389000,4235000,CB5MH_MD,11.48294,1e+06,9.03,55.9,389000 4235000,3.5,Suitable,dodgerblue,YES,241.713319,2631.506185,23.6120980000001
389000,4235000,CB5MH_MD,93.50394,1e+06,8.24,55.6,389000 4235000,28.5,Suitable,dodgerblue,YES,241.713319,2631.506185,23.6120980000001
389000,4235000,CB5MH_MD,57.4147,1e+06,8.74,54.8,389000 4235000,17.5,Suitable,dodgerblue,YES,241.713319,2631.506185,23.6120980000001
389000,4235000,CB5MH_MD,77.09974,1e+06,8.26,55.6,389000 4235000,23.5,Suitable,dodgerblue,YES,241.713319,2631.506185,23.6120980000001
389000,4235000,CB5MH_MD,63.97638,1e+06,8.56,55,389000 4235000,19.5,Suitable,dodgerblue,YES,241.713319,2631.506185,23.6120980000001
389000,4235000,CB5MH_MD,4.92126,1e+06,9.21,55.4,389000 4235000,1.5,Suitable,dodgerblue,YES,241.713319,2631.506185,23.6120980000001
389000,4235000,CB5MH_MD,106.6273,1e+06,8.2,55.6,389000 4235000,32.5,Suitable,dodgerblue,YES,241.713319,2631.506185,23.6120980000001
389000,4235000,CB5MH_MD,37.72966,1e+06,8.91,55.1,389000 4235000,11.5,Suitable,dodgerblue,YES,241.713319,2631.506185,23.6120980000001
389000,4235000,CB5MH_MD,18.04462,1e+06,9.03,55.9,389000 4235000,5.5,Suitable,dodgerblue,YES,241.713319,2631.506185,23.6120980000001
389000,4235000,CB5MH_MD,34.44882,1e+06,8.91,55.1,389000 4235000,10.5,Suitable,dodgerblue,YES,241.713319,2631.506185,23.6120980000001
389000,4235000,CB5MH_MD,27.88714,1e+06,8.99,56,389000 4235000,8.5,Suitable,dodgerblue,YES,241.713319,2631.506185,23.6120980000001
389000,4235000,CB5MH_MD,54.13386,1e+06,8.77,54.7,389000 4235000,16.5,Suitable,dodgerblue,YES,241.713319,2631.506185,23.6120980000001
389000,4235000,CB5MH_MD,41.0105,1e+06,8.9,55.1,389000 4235000,12.5,Suitable,dodgerblue,YES,241.713319,2631.506185,23.6120980000001
389000,4235000,CB5MH_MD,109.90814,1e+06,8.2,55.6,389000 4235000,33.5,Suitable,dodgerblue,YES,241.713319,2631.506185,23.6120980000001
389000,4235000,CB5MH_MD,14.76378,1e+06,9.03,55.9,389000 4235000,4.5,Suitable,dodgerblue,YES,241.713319,2631.506185,23.6120980000001
389000,4235000,CB5MH_MD,47.57218,1e+06,8.81,55.3,389000 4235000,14.5,Suitable,dodgerblue,YES,241.713319,2631.506185,23.6120980000001
389000,4235000,CB5MH_MD,113.18898,1e+06,8.2,55.6,389000 4235000,34.5,Suitable,dodgerblue,YES,241.713319,2631.506185,23.6120980000001
389000,4235000,CB5MH_MD,44.29134,1e+06,8.87,55.2,389000 4235000,13.5,Suitable,dodgerblue,YES,241.713319,2631.506185,23.6120980000001
389000,4235000,CB5MH_MD,50.85302,1e+06,8.79,54.6,389000 4235000,15.5,Suitable,dodgerblue,YES,241.713319,2631.506185,23.6120980000001
389000,4235000,CB5MH_MD,21.32546,1e+06,9.01,55.9,389000 4235000,6.5,Suitable,dodgerblue,YES,241.713319,2631.506185,23.6120980000001
389000,4235000,CB5MH_MD,83.66142,1e+06,8.21,55.6,389000 4235000,25.5,Suitable,dodgerblue,YES,241.713319,2631.506185,23.6120980000001
389000,4337000,CB3MH,24.6063,1e+06,9.51,50.8,389000 4337000,7.5,Suitable,dodgerblue,YES,241.713319,2694.886027,86.9919399999999
389000,4337000,CB3MH,31.16798,1e+06,9.22,51.4,389000 4337000,9.5,Suitable,dodgerblue,YES,241.713319,2694.886027,86.9919399999999
389000,4337000,CB3MH,8.2021,1e+06,10.03,50,389000 4337000,2.5,Suitable,dodgerblue,YES,241.713319,2694.886027,86.9919399999999
389000,4337000,CB3MH,1.64042,1e+06,10.13,49.8,389000 4337000,0.5,Suitable,dodgerblue,YES,241.713319,2694.886027,86.9919399999999
389000,4337000,CB3MH,11.48294,1e+06,9.91,50.1,389000 4337000,3.5,Suitable,dodgerblue,YES,241.713319,2694.886027,86.9919399999999
389000,4337000,CB3MH,27.88714,1e+06,9.36,51.1,389000 4337000,8.5,Suitable,dodgerblue,YES,241.713319,2694.886027,86.9919399999999
389000,4337000,CB3MH,18.04462,1e+06,9.66,50.5,389000 4337000,5.5,Suitable,dodgerblue,YES,241.713319,2694.886027,86.9919399999999
389000,4337000,CB3MH,4.92126,1e+06,10.08,49.9,389000 4337000,1.5,Suitable,dodgerblue,YES,241.713319,2694.886027,86.9919399999999
389000,4337000,CB3MH,21.32546,1e+06,9.61,50.6,389000 4337000,6.5,Suitable,dodgerblue,YES,241.713319,2694.886027,86.9919399999999
389000,4337000,CB3MH,14.76378,1e+06,9.76,50.3,389000 4337000,4.5,Suitable,dodgerblue,YES,241.713319,2694.886027,86.9919399999999
389000,4337000,CB3MH,34.44882,1e+06,9.42,51.2,389000 4337000,10.5,Suitable,dodgerblue,YES,241.713319,2694.886027,86.9919399999999
389000,4338000,CB3MH,4.92126,1e+06,10.1,49.8,389000 4338000,1.5,Suitable,dodgerblue,YES,241.713319,2695.507398,87.6133110000001
389000,4338000,CB3MH,11.48294,1e+06,9.96,49.9,389000 4338000,3.5,Suitable,dodgerblue,YES,241.713319,2695.507398,87.6133110000001
389000,4338000,CB3MH,14.76378,1e+06,9.81,50.1,389000 4338000,4.5,Suitable,dodgerblue,YES,241.713319,2695.507398,87.6133110000001
389000,4338000,CB3MH,8.2021,1e+06,10.05,49.9,389000 4338000,2.5,Suitable,dodgerblue,YES,241.713319,2695.507398,87.6133110000001
389000,4338000,CB3MH,21.32546,1e+06,9.66,50.5,389000 4338000,6.5,Suitable,dodgerblue,YES,241.713319,2695.507398,87.6133110000001
389000,4338000,CB3MH,1.64042,1e+06,10.15,49.7,389000 4338000,0.5,Suitable,dodgerblue,YES,241.713319,2695.507398,87.6133110000001
389000,4338000,CB3MH,34.44882,1e+06,9.48,51,389000 4338000,10.5,Suitable,dodgerblue,YES,241.713319,2695.507398,87.6133110000001
389000,4338000,CB3MH,27.88714,1e+06,9.42,51,389000 4338000,8.5,Suitable,dodgerblue,YES,241.713319,2695.507398,87.6133110000001
389000,4338000,CB3MH,24.6063,1e+06,9.56,50.7,389000 4338000,7.5,Suitable,dodgerblue,YES,241.713319,2695.507398,87.6133110000001
389000,4338000,CB3MH,18.04462,1e+06,9.71,50.4,389000 4338000,5.5,Suitable,dodgerblue,YES,241.713319,2695.507398,87.6133110000001
389000,4338000,CB3MH,31.16798,1e+06,9.24,51.3,389000 4338000,9.5,Suitable,dodgerblue,YES,241.713319,2695.507398,87.6133110000001
389000,4339000,CB3MH,4.92126,1e+06,10.15,49.6,389000 4339000,1.5,Suitable,dodgerblue,YES,241.713319,2696.128769,88.2346819999998
389000,4339000,CB3MH,24.6063,1e+06,9.6,50.6,389000 4339000,7.5,Suitable,dodgerblue,YES,241.713319,2696.128769,88.2346819999998
389000,4339000,CB3MH,18.04462,1e+06,9.76,50.3,389000 4339000,5.5,Suitable,dodgerblue,YES,241.713319,2696.128769,88.2346819999998
389000,4339000,CB3MH,8.2021,1e+06,10.1,49.7,389000 4339000,2.5,Suitable,dodgerblue,YES,241.713319,2696.128769,88.2346819999998
389000,4339000,CB3MH,1.64042,1e+06,10.2,49.5,389000 4339000,0.5,Suitable,dodgerblue,YES,241.713319,2696.128769,88.2346819999998
389000,4339000,CB3MH,21.32546,1e+06,9.7,50.4,389000 4339000,6.5,Suitable,dodgerblue,YES,241.713319,2696.128769,88.2346819999998
389000,4339000,CB3MH,14.76378,1e+06,9.86,50.1,389000 4339000,4.5,Suitable,dodgerblue,YES,241.713319,2696.128769,88.2346819999998
389000,4339000,CB3MH,11.48294,1e+06,9.99,49.9,389000 4339000,3.5,Suitable,dodgerblue,YES,241.713319,2696.128769,88.2346819999998
390000,4232000,CB5MH_MD,60.69554,1e+06,8.66,55,390000 4232000,18.5,Suitable,dodgerblue,YES,242.33469,2629.642072,21.747985
390000,4232000,CB5MH_MD,54.13386,1e+06,8.83,54.7,390000 4232000,16.5,Suitable,dodgerblue,YES,242.33469,2629.642072,21.747985
390000,4232000,CB5MH_MD,21.32546,1e+06,9.02,55.9,390000 4232000,6.5,Suitable,dodgerblue,YES,242.33469,2629.642072,21.747985
390000,4232000,CB5MH_MD,57.4147,1e+06,8.77,54.9,390000 4232000,17.5,Suitable,dodgerblue,YES,242.33469,2629.642072,21.747985
390000,4232000,CB5MH_MD,27.88714,1e+06,9.01,55.9,390000 4232000,8.5,Suitable,dodgerblue,YES,242.33469,2629.642072,21.747985
390000,4232000,CB5MH_MD,1.64042,1e+06,9.2,55.6,390000 4232000,0.5,Suitable,dodgerblue,YES,242.33469,2629.642072,21.747985
390000,4232000,CB5MH_MD,50.85302,1e+06,8.86,54.5,390000 4232000,15.5,Suitable,dodgerblue,YES,242.33469,2629.642072,21.747985
390000,4232000,CB5MH_MD,47.57218,1e+06,8.86,55.2,390000 4232000,14.5,Suitable,dodgerblue,YES,242.33469,2629.642072,21.747985
390000,4232000,CB5MH_MD,70.53806,1e+06,8.4,55.4,390000 4232000,21.5,Suitable,dodgerblue,YES,242.33469,2629.642072,21.747985
390000,4232000,CB5MH_MD,18.04462,1e+06,9.03,55.9,390000 4232000,5.5,Suitable,dodgerblue,YES,242.33469,2629.642072,21.747985
390000,4232000,CB5MH_MD,44.29134,1e+06,8.91,55.2,390000 4232000,13.5,Suitable,dodgerblue,YES,242.33469,2629.642072,21.747985
390000,4232000,CB5MH_MD,14.76378,1e+06,9.03,55.8,390000 4232000,4.5,Suitable,dodgerblue,YES,242.33469,2629.642072,21.747985
390000,4232000,CB5MH_MD,31.16798,1e+06,8.98,55.1,390000 4232000,9.5,Suitable,dodgerblue,YES,242.33469,2629.642072,21.747985
390000,4232000,CB5MH_MD,73.8189,1e+06,8.34,55.5,390000 4232000,22.5,Suitable,dodgerblue,YES,242.33469,2629.642072,21.747985
390000,4232000,CB5MH_MD,34.44882,1e+06,8.95,55.1,390000 4232000,10.5,Suitable,dodgerblue,YES,242.33469,2629.642072,21.747985
390000,4232000,CB5MH_MD,37.72966,1e+06,8.95,55.1,390000 4232000,11.5,Suitable,dodgerblue,YES,242.33469,2629.642072,21.747985
390000,4232000,CB5MH_MD,24.6063,1e+06,9,55.9,390000 4232000,7.5,Suitable,dodgerblue,YES,242.33469,2629.642072,21.747985
390000,4232000,CB5MH_MD,77.09974,1e+06,8.29,55.6,390000 4232000,23.5,Suitable,dodgerblue,YES,242.33469,2629.642072,21.747985
390000,4232000,CB5MH_MD,67.25722,1e+06,8.48,55.3,390000 4232000,20.5,Suitable,dodgerblue,YES,242.33469,2629.642072,21.747985
390000,4232000,CB5MH_MD,11.48294,1e+06,9.03,55.8,390000 4232000,3.5,Suitable,dodgerblue,YES,242.33469,2629.642072,21.747985
390000,4232000,CB5MH_MD,63.97638,1e+06,8.54,55.1,390000 4232000,19.5,Suitable,dodgerblue,YES,242.33469,2629.642072,21.747985
390000,4232000,CB5MH_MD,8.2021,1e+06,9.1,55.7,390000 4232000,2.5,Suitable,dodgerblue,YES,242.33469,2629.642072,21.747985
390000,4232000,CB5MH_MD,41.0105,1e+06,8.94,55.1,390000 4232000,12.5,Suitable,dodgerblue,YES,242.33469,2629.642072,21.747985
390000,4232000,CB5MH_MD,4.92126,1e+06,9.18,55.6,390000 4232000,1.5,Suitable,dodgerblue,YES,242.33469,2629.642072,21.747985
390000,4233000,CB5MH_MD,106.6273,1e+06,8.2,55.6,390000 4233000,32.5,Suitable,dodgerblue,YES,242.33469,2630.263443,22.3693559999997
390000,4233000,CB5MH_MD,31.16798,1e+06,8.97,55.1,390000 4233000,9.5,Suitable,dodgerblue,YES,242.33469,2630.263443,22.3693559999997
390000,4233000,CB5MH_MD,47.57218,1e+06,8.84,55.3,390000 4233000,14.5,Suitable,dodgerblue,YES,242.33469,2630.263443,22.3693559999997
390000,4233000,CB5MH_MD,93.50394,1e+06,8.28,55.5,390000 4233000,28.5,Suitable,dodgerblue,YES,242.33469,2630.263443,22.3693559999997
390000,4233000,CB5MH_MD,86.94226,1e+06,8.24,55.6,390000 4233000,26.5,Suitable,dodgerblue,YES,242.33469,2630.263443,22.3693559999997
390000,4233000,CB5MH_MD,41.0105,1e+06,8.92,55.1,390000 4233000,12.5,Suitable,dodgerblue,YES,242.33469,2630.263443,22.3693559999997
390000,4233000,CB5MH_MD,109.90814,1e+06,8.2,55.6,390000 4233000,33.5,Suitable,dodgerblue,YES,242.33469,2630.263443,22.3693559999997
390000,4233000,CB5MH_MD,73.8189,1e+06,8.33,55.5,390000 4233000,22.5,Suitable,dodgerblue,YES,242.33469,2630.263443,22.3693559999997
390000,4233000,CB5MH_MD,21.32546,1e+06,9.01,55.9,390000 4233000,6.5,Suitable,dodgerblue,YES,242.33469,2630.263443,22.3693559999997
390000,4233000,CB5MH_MD,24.6063,1e+06,8.99,55.9,390000 4233000,7.5,Suitable,dodgerblue,YES,242.33469,2630.263443,22.3693559999997
390000,4233000,CB5MH_MD,37.72966,1e+06,8.93,55.1,390000 4233000,11.5,Suitable,dodgerblue,YES,242.33469,2630.263443,22.3693559999997
390000,4233000,CB5MH_MD,18.04462,1e+06,9.03,55.9,390000 4233000,5.5,Suitable,dodgerblue,YES,242.33469,2630.263443,22.3693559999997
390000,4233000,CB5MH_MD,83.66142,1e+06,8.24,55.6,390000 4233000,25.5,Suitable,dodgerblue,YES,242.33469,2630.263443,22.3693559999997
390000,4233000,CB5MH_MD,11.48294,1e+06,9.03,55.9,390000 4233000,3.5,Suitable,dodgerblue,YES,242.33469,2630.263443,22.3693559999997
390000,4233000,CB5MH_MD,44.29134,1e+06,8.9,55.2,390000 4233000,13.5,Suitable,dodgerblue,YES,242.33469,2630.263443,22.3693559999997
390000,4233000,CB5MH_MD,100.06562,1e+06,8.2,55.6,390000 4233000,30.5,Suitable,dodgerblue,YES,242.33469,2630.263443,22.3693559999997
390000,4233000,CB5MH_MD,1.64042,1e+06,9.21,55.5,390000 4233000,0.5,Suitable,dodgerblue,YES,242.33469,2630.263443,22.3693559999997
390000,4233000,CB5MH_MD,50.85302,1e+06,8.82,54.5,390000 4233000,15.5,Suitable,dodgerblue,YES,242.33469,2630.263443,22.3693559999997
390000,4233000,CB5MH_MD,103.34646,1e+06,8.2,55.6,390000 4233000,31.5,Suitable,dodgerblue,YES,242.33469,2630.263443,22.3693559999997
390000,4233000,CB5MH_MD,90.2231,1e+06,8.24,55.6,390000 4233000,27.5,Suitable,dodgerblue,YES,242.33469,2630.263443,22.3693559999997
390000,4233000,CB5MH_MD,77.09974,1e+06,8.28,55.6,390000 4233000,23.5,Suitable,dodgerblue,YES,242.33469,2630.263443,22.3693559999997
390000,4233000,CB5MH_MD,57.4147,1e+06,8.75,54.9,390000 4233000,17.5,Suitable,dodgerblue,YES,242.33469,2630.263443,22.3693559999997
390000,4233000,CB5MH_MD,27.88714,1e+06,9,56,390000 4233000,8.5,Suitable,dodgerblue,YES,242.33469,2630.263443,22.3693559999997
390000,4233000,CB5MH_MD,67.25722,1e+06,8.47,55.3,390000 4233000,20.5,Suitable,dodgerblue,YES,242.33469,2630.263443,22.3693559999997
390000,4233000,CB5MH_MD,80.38058,1e+06,8.25,55.6,390000 4233000,24.5,Suitable,dodgerblue,YES,242.33469,2630.263443,22.3693559999997
390000,4233000,CB5MH_MD,4.92126,1e+06,9.19,55.6,390000 4233000,1.5,Suitable,dodgerblue,YES,242.33469,2630.263443,22.3693559999997
390000,4233000,CB5MH_MD,96.78478,1e+06,8.2,55.6,390000 4233000,29.5,Suitable,dodgerblue,YES,242.33469,2630.263443,22.3693559999997
390000,4233000,CB5MH_MD,70.53806,1e+06,8.4,55.4,390000 4233000,21.5,Suitable,dodgerblue,YES,242.33469,2630.263443,22.3693559999997
390000,4233000,CB5MH_MD,8.2021,1e+06,9.1,55.7,390000 4233000,2.5,Suitable,dodgerblue,YES,242.33469,2630.263443,22.3693559999997
390000,4233000,CB5MH_MD,54.13386,1e+06,8.79,54.7,390000 4233000,16.5,Suitable,dodgerblue,YES,242.33469,2630.263443,22.3693559999997
390000,4233000,CB5MH_MD,63.97638,1e+06,8.55,55,390000 4233000,19.5,Suitable,dodgerblue,YES,242.33469,2630.263443,22.3693559999997
390000,4233000,CB5MH_MD,34.44882,1e+06,8.94,55.1,390000 4233000,10.5,Suitable,dodgerblue,YES,242.33469,2630.263443,22.3693559999997
390000,4233000,CB5MH_MD,14.76378,1e+06,9.03,55.9,390000 4233000,4.5,Suitable,dodgerblue,YES,242.33469,2630.263443,22.3693559999997
390000,4233000,CB5MH_MD,60.69554,1e+06,8.66,54.9,390000 4233000,18.5,Suitable,dodgerblue,YES,242.33469,2630.263443,22.3693559999997
391000,4230000,CB5MH_MD,44.29134,1e+06,8.98,54.9,391000 4230000,13.5,Suitable,dodgerblue,YES,242.956061,2628.39933,20.5052430000001
391000,4230000,CB5MH_MD,34.44882,1e+06,9.02,54.8,391000 4230000,10.5,Suitable,dodgerblue,YES,242.956061,2628.39933,20.5052430000001
391000,4230000,CB5MH_MD,31.16798,1e+06,9.03,54.9,391000 4230000,9.5,Suitable,dodgerblue,YES,242.956061,2628.39933,20.5052430000001
391000,4230000,CB5MH_MD,54.13386,1e+06,8.86,54.6,391000 4230000,16.5,Suitable,dodgerblue,YES,242.956061,2628.39933,20.5052430000001
391000,4230000,CB5MH_MD,63.97638,1e+06,8.55,55.1,391000 4230000,19.5,Suitable,dodgerblue,YES,242.956061,2628.39933,20.5052430000001
391000,4230000,CB5MH_MD,18.04462,1e+06,9.05,55.5,391000 4230000,5.5,Suitable,dodgerblue,YES,242.956061,2628.39933,20.5052430000001
391000,4230000,CB5MH_MD,1.64042,1e+06,9.19,55.4,391000 4230000,0.5,Suitable,dodgerblue,YES,242.956061,2628.39933,20.5052430000001
391000,4230000,CB5MH_MD,47.57218,1e+06,8.95,55,391000 4230000,14.5,Suitable,dodgerblue,YES,242.956061,2628.39933,20.5052430000001
391000,4230000,CB5MH_MD,41.0105,1e+06,9.01,54.8,391000 4230000,12.5,Suitable,dodgerblue,YES,242.956061,2628.39933,20.5052430000001
391000,4230000,CB5MH_MD,67.25722,1e+06,8.49,55.3,391000 4230000,20.5,Suitable,dodgerblue,YES,242.956061,2628.39933,20.5052430000001
391000,4230000,CB5MH_MD,57.4147,1e+06,8.81,54.9,391000 4230000,17.5,Suitable,dodgerblue,YES,242.956061,2628.39933,20.5052430000001
391000,4230000,CB5MH_MD,14.76378,1e+06,9.05,55.5,391000 4230000,4.5,Suitable,dodgerblue,YES,242.956061,2628.39933,20.5052430000001
391000,4230000,CB5MH_MD,11.48294,1e+06,9.05,55.5,391000 4230000,3.5,Suitable,dodgerblue,YES,242.956061,2628.39933,20.5052430000001
391000,4230000,CB5MH_MD,21.32546,1e+06,9.04,55.5,391000 4230000,6.5,Suitable,dodgerblue,YES,242.956061,2628.39933,20.5052430000001
391000,4230000,CB5MH_MD,50.85302,1e+06,8.9,54.5,391000 4230000,15.5,Suitable,dodgerblue,YES,242.956061,2628.39933,20.5052430000001
391000,4230000,CB5MH_MD,37.72966,1e+06,9.01,54.8,391000 4230000,11.5,Suitable,dodgerblue,YES,242.956061,2628.39933,20.5052430000001
391000,4230000,CB5MH_MD,27.88714,1e+06,9.03,55.6,391000 4230000,8.5,Suitable,dodgerblue,YES,242.956061,2628.39933,20.5052430000001
391000,4230000,CB5MH_MD,70.53806,1e+06,8.42,55.4,391000 4230000,21.5,Suitable,dodgerblue,YES,242.956061,2628.39933,20.5052430000001
391000,4230000,CB5MH_MD,24.6063,1e+06,9.03,55.5,391000 4230000,7.5,Suitable,dodgerblue,YES,242.956061,2628.39933,20.5052430000001
391000,4230000,CB5MH_MD,77.09974,1e+06,8.33,55.5,391000 4230000,23.5,Suitable,dodgerblue,YES,242.956061,2628.39933,20.5052430000001
391000,4230000,CB5MH_MD,8.2021,1e+06,9.11,55.4,391000 4230000,2.5,Suitable,dodgerblue,YES,242.956061,2628.39933,20.5052430000001
391000,4230000,CB5MH_MD,4.92126,1e+06,9.18,55.4,391000 4230000,1.5,Suitable,dodgerblue,YES,242.956061,2628.39933,20.5052430000001
391000,4230000,CB5MH_MD,60.69554,1e+06,8.69,55,391000 4230000,18.5,Suitable,dodgerblue,YES,242.956061,2628.39933,20.5052430000001
391000,4230000,CB5MH_MD,73.8189,1e+06,8.37,55.5,391000 4230000,22.5,Suitable,dodgerblue,YES,242.956061,2628.39933,20.5052430000001
391000,4231000,CB5MH_MD,109.90814,1e+06,8.2,55.6,391000 4231000,33.5,Suitable,dodgerblue,YES,242.956061,2629.020701,21.1266139999998
391000,4231000,CB5MH_MD,67.25722,1e+06,8.48,55.3,391000 4231000,20.5,Suitable,dodgerblue,YES,242.956061,2629.020701,21.1266139999998
391000,4231000,CB5MH_MD,90.2231,1e+06,8.28,55.6,391000 4231000,27.5,Suitable,dodgerblue,YES,242.956061,2629.020701,21.1266139999998
391000,4231000,CB5MH_MD,77.09974,1e+06,8.31,55.5,391000 4231000,23.5,Suitable,dodgerblue,YES,242.956061,2629.020701,21.1266139999998
391000,4231000,CB5MH_MD,93.50394,1e+06,8.32,55.5,391000 4231000,28.5,Suitable,dodgerblue,YES,242.956061,2629.020701,21.1266139999998
391000,4231000,CB5MH_MD,100.06562,1e+06,8.2,55.6,391000 4231000,30.5,Suitable,dodgerblue,YES,242.956061,2629.020701,21.1266139999998
391000,4231000,CB5MH_MD,106.6273,1e+06,8.2,55.6,391000 4231000,32.5,Suitable,dodgerblue,YES,242.956061,2629.020701,21.1266139999998
391000,4231000,CB5MH_MD,60.69554,1e+06,8.68,55,391000 4231000,18.5,Suitable,dodgerblue,YES,242.956061,2629.020701,21.1266139999998
391000,4231000,CB5MH_MD,103.34646,1e+06,8.2,55.6,391000 4231000,31.5,Suitable,dodgerblue,YES,242.956061,2629.020701,21.1266139999998
391000,4231000,CB5MH_MD,116.46982,1e+06,8.2,55.6,391000 4231000,35.5,Suitable,dodgerblue,YES,242.956061,2629.020701,21.1266139999998
391000,4231000,CB5MH_MD,50.85302,1e+06,8.88,54.5,391000 4231000,15.5,Suitable,dodgerblue,YES,242.956061,2629.020701,21.1266139999998
391000,4231000,CB5MH_MD,73.8189,1e+06,8.35,55.5,391000 4231000,22.5,Suitable,dodgerblue,YES,242.956061,2629.020701,21.1266139999998
391000,4231000,CB5MH_MD,57.4147,1e+06,8.79,54.9,391000 4231000,17.5,Suitable,dodgerblue,YES,242.956061,2629.020701,21.1266139999998
391000,4231000,CB5MH_MD,63.97638,1e+06,8.54,55.1,391000 4231000,19.5,Suitable,dodgerblue,YES,242.956061,2629.020701,21.1266139999998
391000,4231000,CB5MH_MD,70.53806,1e+06,8.41,55.4,391000 4231000,21.5,Suitable,dodgerblue,YES,242.956061,2629.020701,21.1266139999998
391000,4231000,CB5MH_MD,113.18898,1e+06,8.2,55.6,391000 4231000,34.5,Suitable,dodgerblue,YES,242.956061,2629.020701,21.1266139999998
391000,4231000,CB5MH_MD,37.72966,1e+06,8.97,54.9,391000 4231000,11.5,Suitable,dodgerblue,YES,242.956061,2629.020701,21.1266139999998
391000,4231000,CB5MH_MD,27.88714,1e+06,9.02,55.7,391000 4231000,8.5,Suitable,dodgerblue,YES,242.956061,2629.020701,21.1266139999998
391000,4231000,CB5MH_MD,44.29134,1e+06,8.94,55,391000 4231000,13.5,Suitable,dodgerblue,YES,242.956061,2629.020701,21.1266139999998
391000,4231000,CB5MH_MD,80.38058,1e+06,8.29,55.6,391000 4231000,24.5,Suitable,dodgerblue,YES,242.956061,2629.020701,21.1266139999998
391000,4231000,CB5MH_MD,21.32546,1e+06,9.03,55.7,391000 4231000,6.5,Suitable,dodgerblue,YES,242.956061,2629.020701,21.1266139999998
391000,4231000,CB5MH_MD,34.44882,1e+06,8.98,55,391000 4231000,10.5,Suitable,dodgerblue,YES,242.956061,2629.020701,21.1266139999998
391000,4231000,CB5MH_MD,47.57218,1e+06,8.89,55.1,391000 4231000,14.5,Suitable,dodgerblue,YES,242.956061,2629.020701,21.1266139999998
391000,4231000,CB5MH_MD,96.78478,1e+06,8.2,55.6,391000 4231000,29.5,Suitable,dodgerblue,YES,242.956061,2629.020701,21.1266139999998
391000,4231000,CB5MH_MD,41.0105,1e+06,8.97,54.9,391000 4231000,12.5,Suitable,dodgerblue,YES,242.956061,2629.020701,21.1266139999998
391000,4231000,CB5MH_MD,18.04462,1e+06,9.04,55.7,391000 4231000,5.5,Suitable,dodgerblue,YES,242.956061,2629.020701,21.1266139999998
391000,4231000,CB5MH_MD,8.2021,1e+06,9.1,55.5,391000 4231000,2.5,Suitable,dodgerblue,YES,242.956061,2629.020701,21.1266139999998
391000,4231000,CB5MH_MD,54.13386,1e+06,8.85,54.7,391000 4231000,16.5,Suitable,dodgerblue,YES,242.956061,2629.020701,21.1266139999998
391000,4231000,CB5MH_MD,31.16798,1e+06,9,55,391000 4231000,9.5,Suitable,dodgerblue,YES,242.956061,2629.020701,21.1266139999998
391000,4231000,CB5MH_MD,83.66142,1e+06,8.28,55.6,391000 4231000,25.5,Suitable,dodgerblue,YES,242.956061,2629.020701,21.1266139999998
391000,4231000,CB5MH_MD,1.64042,1e+06,9.2,55.4,391000 4231000,0.5,Suitable,dodgerblue,YES,242.956061,2629.020701,21.1266139999998
391000,4231000,CB5MH_MD,119.75066,1e+06,8.2,55.6,391000 4231000,36.5,Suitable,dodgerblue,YES,242.956061,2629.020701,21.1266139999998
391000,4231000,CB5MH_MD,24.6063,1e+06,9.02,55.7,391000 4231000,7.5,Suitable,dodgerblue,YES,242.956061,2629.020701,21.1266139999998
391000,4231000,CB5MH_MD,11.48294,1e+06,9.04,55.6,391000 4231000,3.5,Suitable,dodgerblue,YES,242.956061,2629.020701,21.1266139999998
391000,4231000,CB5MH_MD,86.94226,1e+06,8.28,55.6,391000 4231000,26.5,Suitable,dodgerblue,YES,242.956061,2629.020701,21.1266139999998
391000,4231000,CB5MH_MD,4.92126,1e+06,9.18,55.5,391000 4231000,1.5,Suitable,dodgerblue,YES,242.956061,2629.020701,21.1266139999998
391000,4231000,CB5MH_MD,14.76378,1e+06,9.04,55.6,391000 4231000,4.5,Suitable,dodgerblue,YES,242.956061,2629.020701,21.1266139999998
391000,4346000,CB2OH,14.76378,1e+06,10.24,49,391000 4346000,4.5,Suitable,dodgerblue,YES,242.956061,2700.478366,92.5842789999997
391000,4346000,CB2OH,4.92126,1e+06,10.43,48.7,391000 4346000,1.5,Suitable,dodgerblue,YES,242.956061,2700.478366,92.5842789999997
391000,4346000,CB2OH,1.64042,1e+06,10.48,48.7,391000 4346000,0.5,Suitable,dodgerblue,YES,242.956061,2700.478366,92.5842789999997
391000,4346000,CB2OH,21.32546,1e+06,10.05,49.5,391000 4346000,6.5,Suitable,dodgerblue,YES,242.956061,2700.478366,92.5842789999997
391000,4346000,CB2OH,18.04462,1e+06,10.14,49.2,391000 4346000,5.5,Suitable,dodgerblue,YES,242.956061,2700.478366,92.5842789999997
391000,4346000,CB2OH,8.2021,1e+06,10.38,48.7,391000 4346000,2.5,Suitable,dodgerblue,YES,242.956061,2700.478366,92.5842789999997
391000,4346000,CB2OH,11.48294,1e+06,10.34,48.8,391000 4346000,3.5,Suitable,dodgerblue,YES,242.956061,2700.478366,92.5842789999997
391000,4347000,CB2OH,14.76378,1e+06,10.24,49.1,391000 4347000,4.5,Suitable,dodgerblue,YES,242.956061,2701.099737,93.2056499999999
391000,4347000,CB2OH,8.2021,1e+06,10.38,48.7,391000 4347000,2.5,Suitable,dodgerblue,YES,242.956061,2701.099737,93.2056499999999
391000,4347000,CB2OH,4.92126,1e+06,10.43,48.7,391000 4347000,1.5,Suitable,dodgerblue,YES,242.956061,2701.099737,93.2056499999999
391000,4347000,CB2OH,21.32546,1e+06,10.05,49.5,391000 4347000,6.5,Suitable,dodgerblue,YES,242.956061,2701.099737,93.2056499999999
391000,4347000,CB2OH,31.16798,1e+06,9.81,50,391000 4347000,9.5,Suitable,dodgerblue,YES,242.956061,2701.099737,93.2056499999999
391000,4347000,CB2OH,18.04462,1e+06,10.14,49.2,391000 4347000,5.5,Suitable,dodgerblue,YES,242.956061,2701.099737,93.2056499999999
391000,4347000,CB2OH,27.88714,1e+06,9.9,49.8,391000 4347000,8.5,Suitable,dodgerblue,YES,242.956061,2701.099737,93.2056499999999
391000,4347000,CB2OH,24.6063,1e+06,9.96,49.7,391000 4347000,7.5,Suitable,dodgerblue,YES,242.956061,2701.099737,93.2056499999999
391000,4347000,CB2OH,34.44882,1e+06,9.8,50,391000 4347000,10.5,Suitable,dodgerblue,YES,242.956061,2701.099737,93.2056499999999
391000,4347000,CB2OH,11.48294,1e+06,10.34,48.9,391000 4347000,3.5,Suitable,dodgerblue,YES,242.956061,2701.099737,93.2056499999999
391000,4347000,CB2OH,1.64042,1e+06,10.48,48.7,391000 4347000,0.5,Suitable,dodgerblue,YES,242.956061,2701.099737,93.2056499999999
392000,4221000,CB5MH_MD,63.97638,1e+06,8.57,55.1,392000 4221000,19.5,Suitable,dodgerblue,YES,243.577432,2622.806991,14.9129039999998
392000,4221000,CB5MH_MD,41.0105,1e+06,9.1,54.1,392000 4221000,12.5,Suitable,dodgerblue,YES,243.577432,2622.806991,14.9129039999998
392000,4221000,CB5MH_MD,24.6063,1e+06,9.1,54.3,392000 4221000,7.5,Suitable,dodgerblue,YES,243.577432,2622.806991,14.9129039999998
392000,4221000,CB5MH_MD,80.38058,1e+06,8.4,55.4,392000 4221000,24.5,Suitable,dodgerblue,YES,243.577432,2622.806991,14.9129039999998
392000,4221000,CB5MH_MD,67.25722,1e+06,8.53,55.3,392000 4221000,20.5,Suitable,dodgerblue,YES,243.577432,2622.806991,14.9129039999998
392000,4221000,CB5MH_MD,1.64042,1e+06,9.2,54.5,392000 4221000,0.5,Suitable,dodgerblue,YES,243.577432,2622.806991,14.9129039999998
392000,4221000,CB5MH_MD,83.66142,1e+06,8.4,55.4,392000 4221000,25.5,Suitable,dodgerblue,YES,243.577432,2622.806991,14.9129039999998
392000,4221000,CB5MH_MD,57.4147,1e+06,8.9,54.8,392000 4221000,17.5,Suitable,dodgerblue,YES,243.577432,2622.806991,14.9129039999998
392000,4221000,CB5MH_MD,27.88714,1e+06,9.1,54.3,392000 4221000,8.5,Suitable,dodgerblue,YES,243.577432,2622.806991,14.9129039999998
392000,4221000,CB5MH_MD,14.76378,1e+06,9.1,54.3,392000 4221000,4.5,Suitable,dodgerblue,YES,243.577432,2622.806991,14.9129039999998
392000,4221000,CB5MH_MD,86.94226,1e+06,8.4,55.4,392000 4221000,26.5,Suitable,dodgerblue,YES,243.577432,2622.806991,14.9129039999998
392000,4221000,CB5MH_MD,70.53806,1e+06,8.47,55.4,392000 4221000,21.5,Suitable,dodgerblue,YES,243.577432,2622.806991,14.9129039999998
392000,4221000,CB5MH_MD,11.48294,1e+06,9.1,54.3,392000 4221000,3.5,Suitable,dodgerblue,YES,243.577432,2622.806991,14.9129039999998
392000,4221000,CB5MH_MD,31.16798,1e+06,9.1,54.3,392000 4221000,9.5,Suitable,dodgerblue,YES,243.577432,2622.806991,14.9129039999998
392000,4221000,CB5MH_MD,34.44882,1e+06,9.1,54.2,392000 4221000,10.5,Suitable,dodgerblue,YES,243.577432,2622.806991,14.9129039999998
392000,4221000,CB5MH_MD,50.85302,1e+06,8.97,54.4,392000 4221000,15.5,Suitable,dodgerblue,YES,243.577432,2622.806991,14.9129039999998
392000,4221000,CB5MH_MD,8.2021,1e+06,9.15,54.4,392000 4221000,2.5,Suitable,dodgerblue,YES,243.577432,2622.806991,14.9129039999998
392000,4221000,CB5MH_MD,54.13386,1e+06,8.93,54.6,392000 4221000,16.5,Suitable,dodgerblue,YES,243.577432,2622.806991,14.9129039999998
392000,4221000,CB5MH_MD,60.69554,1e+06,8.75,55,392000 4221000,18.5,Suitable,dodgerblue,YES,243.577432,2622.806991,14.9129039999998
392000,4221000,CB5MH_MD,4.92126,1e+06,9.2,54.5,392000 4221000,1.5,Suitable,dodgerblue,YES,243.577432,2622.806991,14.9129039999998
392000,4221000,CB5MH_MD,77.09974,1e+06,8.4,55.4,392000 4221000,23.5,Suitable,dodgerblue,YES,243.577432,2622.806991,14.9129039999998
392000,4221000,CB5MH_MD,44.29134,1e+06,9.07,54.2,392000 4221000,13.5,Suitable,dodgerblue,YES,243.577432,2622.806991,14.9129039999998
392000,4221000,CB5MH_MD,21.32546,1e+06,9.1,54.3,392000 4221000,6.5,Suitable,dodgerblue,YES,243.577432,2622.806991,14.9129039999998
392000,4221000,CB5MH_MD,18.04462,1e+06,9.1,54.3,392000 4221000,5.5,Suitable,dodgerblue,YES,243.577432,2622.806991,14.9129039999998
392000,4221000,CB5MH_MD,73.8189,1e+06,8.43,55.4,392000 4221000,22.5,Suitable,dodgerblue,YES,243.577432,2622.806991,14.9129039999998
392000,4221000,CB5MH_MD,47.57218,1e+06,9.03,54.3,392000 4221000,14.5,Suitable,dodgerblue,YES,243.577432,2622.806991,14.9129039999998
392000,4221000,CB5MH_MD,37.72966,1e+06,9.1,54.1,392000 4221000,11.5,Suitable,dodgerblue,YES,243.577432,2622.806991,14.9129039999998
392000,4222000,CB5MH_MD,83.66142,1e+06,8.4,55.4,392000 4222000,25.5,Suitable,dodgerblue,YES,243.577432,2623.428362,15.534275
392000,4222000,CB5MH_MD,50.85302,1e+06,8.97,54.4,392000 4222000,15.5,Suitable,dodgerblue,YES,243.577432,2623.428362,15.534275
392000,4222000,CB5MH_MD,77.09974,1e+06,8.4,55.4,392000 4222000,23.5,Suitable,dodgerblue,YES,243.577432,2623.428362,15.534275
392000,4222000,CB5MH_MD,27.88714,1e+06,9.1,54.3,392000 4222000,8.5,Suitable,dodgerblue,YES,243.577432,2623.428362,15.534275
392000,4222000,CB5MH_MD,31.16798,1e+06,9.1,54.3,392000 4222000,9.5,Suitable,dodgerblue,YES,243.577432,2623.428362,15.534275
392000,4222000,CB5MH_MD,86.94226,1e+06,8.4,55.4,392000 4222000,26.5,Suitable,dodgerblue,YES,243.577432,2623.428362,15.534275
392000,4222000,CB5MH_MD,47.57218,1e+06,9.03,54.3,392000 4222000,14.5,Suitable,dodgerblue,YES,243.577432,2623.428362,15.534275
392000,4222000,CB5MH_MD,80.38058,1e+06,8.4,55.4,392000 4222000,24.5,Suitable,dodgerblue,YES,243.577432,2623.428362,15.534275
392000,4222000,CB5MH_MD,11.48294,1e+06,9.1,54.3,392000 4222000,3.5,Suitable,dodgerblue,YES,243.577432,2623.428362,15.534275
392000,4222000,CB5MH_MD,57.4147,1e+06,8.9,54.8,392000 4222000,17.5,Suitable,dodgerblue,YES,243.577432,2623.428362,15.534275
392000,4222000,CB5MH_MD,21.32546,1e+06,9.1,54.3,392000 4222000,6.5,Suitable,dodgerblue,YES,243.577432,2623.428362,15.534275
392000,4222000,CB5MH_MD,73.8189,1e+06,8.43,55.4,392000 4222000,22.5,Suitable,dodgerblue,YES,243.577432,2623.428362,15.534275
392000,4222000,CB5MH_MD,8.2021,1e+06,9.15,54.4,392000 4222000,2.5,Suitable,dodgerblue,YES,243.577432,2623.428362,15.534275
392000,4222000,CB5MH_MD,90.2231,1e+06,8.4,55.4,392000 4222000,27.5,Suitable,dodgerblue,YES,243.577432,2623.428362,15.534275
392000,4222000,CB5MH_MD,34.44882,1e+06,9.1,54.2,392000 4222000,10.5,Suitable,dodgerblue,YES,243.577432,2623.428362,15.534275
392000,4222000,CB5MH_MD,14.76378,1e+06,9.1,54.3,392000 4222000,4.5,Suitable,dodgerblue,YES,243.577432,2623.428362,15.534275
392000,4222000,CB5MH_MD,63.97638,1e+06,8.57,55.1,392000 4222000,19.5,Suitable,dodgerblue,YES,243.577432,2623.428362,15.534275
392000,4222000,CB5MH_MD,54.13386,1e+06,8.93,54.6,392000 4222000,16.5,Suitable,dodgerblue,YES,243.577432,2623.428362,15.534275
392000,4222000,CB5MH_MD,24.6063,1e+06,9.1,54.3,392000 4222000,7.5,Suitable,dodgerblue,YES,243.577432,2623.428362,15.534275
392000,4222000,CB5MH_MD,93.50394,1e+06,8.4,55.4,392000 4222000,28.5,Suitable,dodgerblue,YES,243.577432,2623.428362,15.534275
392000,4222000,CB5MH_MD,4.92126,1e+06,9.2,54.5,392000 4222000,1.5,Suitable,dodgerblue,YES,243.577432,2623.428362,15.534275
392000,4222000,CB5MH_MD,67.25722,1e+06,8.53,55.3,392000 4222000,20.5,Suitable,dodgerblue,YES,243.577432,2623.428362,15.534275
392000,4222000,CB5MH_MD,70.53806,1e+06,8.47,55.4,392000 4222000,21.5,Suitable,dodgerblue,YES,243.577432,2623.428362,15.534275
392000,4222000,CB5MH_MD,1.64042,1e+06,9.2,54.5,392000 4222000,0.5,Suitable,dodgerblue,YES,243.577432,2623.428362,15.534275
392000,4222000,CB5MH_MD,44.29134,1e+06,9.07,54.2,392000 4222000,13.5,Suitable,dodgerblue,YES,243.577432,2623.428362,15.534275
392000,4222000,CB5MH_MD,96.78478,1e+06,8.2,55.6,392000 4222000,29.5,Suitable,dodgerblue,YES,243.577432,2623.428362,15.534275
392000,4222000,CB5MH_MD,18.04462,1e+06,9.1,54.3,392000 4222000,5.5,Suitable,dodgerblue,YES,243.577432,2623.428362,15.534275
392000,4222000,CB5MH_MD,60.69554,1e+06,8.75,55,392000 4222000,18.5,Suitable,dodgerblue,YES,243.577432,2623.428362,15.534275
392000,4222000,CB5MH_MD,37.72966,1e+06,9.1,54.1,392000 4222000,11.5,Suitable,dodgerblue,YES,243.577432,2623.428362,15.534275
392000,4222000,CB5MH_MD,41.0105,1e+06,9.1,54.1,392000 4222000,12.5,Suitable,dodgerblue,YES,243.577432,2623.428362,15.534275
392000,4223000,CB5MH_MD,86.94226,1e+06,8.4,55.4,392000 4223000,26.5,Suitable,dodgerblue,YES,243.577432,2624.049733,16.1556459999997
392000,4223000,CB5MH_MD,100.06562,1e+06,8.2,55.6,392000 4223000,30.5,Suitable,dodgerblue,YES,243.577432,2624.049733,16.1556459999997
392000,4223000,CB5MH_MD,24.6063,1e+06,9.1,54.3,392000 4223000,7.5,Suitable,dodgerblue,YES,243.577432,2624.049733,16.1556459999997
392000,4223000,CB5MH_MD,31.16798,1e+06,9.1,54.3,392000 4223000,9.5,Suitable,dodgerblue,YES,243.577432,2624.049733,16.1556459999997
392000,4223000,CB5MH_MD,70.53806,1e+06,8.47,55.4,392000 4223000,21.5,Suitable,dodgerblue,YES,243.577432,2624.049733,16.1556459999997
392000,4223000,CB5MH_MD,67.25722,1e+06,8.53,55.3,392000 4223000,20.5,Suitable,dodgerblue,YES,243.577432,2624.049733,16.1556459999997
392000,4223000,CB5MH_MD,27.88714,1e+06,9.1,54.3,392000 4223000,8.5,Suitable,dodgerblue,YES,243.577432,2624.049733,16.1556459999997
392000,4223000,CB5MH_MD,44.29134,1e+06,9.07,54.2,392000 4223000,13.5,Suitable,dodgerblue,YES,243.577432,2624.049733,16.1556459999997
392000,4223000,CB5MH_MD,77.09974,1e+06,8.4,55.4,392000 4223000,23.5,Suitable,dodgerblue,YES,243.577432,2624.049733,16.1556459999997
392000,4223000,CB5MH_MD,80.38058,1e+06,8.4,55.4,392000 4223000,24.5,Suitable,dodgerblue,YES,243.577432,2624.049733,16.1556459999997
392000,4223000,CB5MH_MD,21.32546,1e+06,9.1,54.3,392000 4223000,6.5,Suitable,dodgerblue,YES,243.577432,2624.049733,16.1556459999997
392000,4223000,CB5MH_MD,73.8189,1e+06,8.43,55.4,392000 4223000,22.5,Suitable,dodgerblue,YES,243.577432,2624.049733,16.1556459999997
392000,4223000,CB5MH_MD,54.13386,1e+06,8.93,54.6,392000 4223000,16.5,Suitable,dodgerblue,YES,243.577432,2624.049733,16.1556459999997
392000,4223000,CB5MH_MD,60.69554,1e+06,8.75,55,392000 4223000,18.5,Suitable,dodgerblue,YES,243.577432,2624.049733,16.1556459999997
392000,4223000,CB5MH_MD,8.2021,1e+06,9.15,54.4,392000 4223000,2.5,Suitable,dodgerblue,YES,243.577432,2624.049733,16.1556459999997
392000,4223000,CB5MH_MD,57.4147,1e+06,8.9,54.8,392000 4223000,17.5,Suitable,dodgerblue,YES,243.577432,2624.049733,16.1556459999997
392000,4223000,CB5MH_MD,90.2231,1e+06,8.4,55.4,392000 4223000,27.5,Suitable,dodgerblue,YES,243.577432,2624.049733,16.1556459999997
392000,4223000,CB5MH_MD,96.78478,1e+06,8.2,55.6,392000 4223000,29.5,Suitable,dodgerblue,YES,243.577432,2624.049733,16.1556459999997
392000,4223000,CB5MH_MD,93.50394,1e+06,8.4,55.4,392000 4223000,28.5,Suitable,dodgerblue,YES,243.577432,2624.049733,16.1556459999997
392000,4223000,CB5MH_MD,83.66142,1e+06,8.4,55.4,392000 4223000,25.5,Suitable,dodgerblue,YES,243.577432,2624.049733,16.1556459999997
392000,4223000,CB5MH_MD,34.44882,1e+06,9.1,54.2,392000 4223000,10.5,Suitable,dodgerblue,YES,243.577432,2624.049733,16.1556459999997
392000,4223000,CB5MH_MD,4.92126,1e+06,9.2,54.5,392000 4223000,1.5,Suitable,dodgerblue,YES,243.577432,2624.049733,16.1556459999997
392000,4223000,CB5MH_MD,11.48294,1e+06,9.1,54.3,392000 4223000,3.5,Suitable,dodgerblue,YES,243.577432,2624.049733,16.1556459999997
392000,4223000,CB5MH_MD,47.57218,1e+06,9.03,54.3,392000 4223000,14.5,Suitable,dodgerblue,YES,243.577432,2624.049733,16.1556459999997
392000,4223000,CB5MH_MD,18.04462,1e+06,9.1,54.3,392000 4223000,5.5,Suitable,dodgerblue,YES,243.577432,2624.049733,16.1556459999997
392000,4223000,CB5MH_MD,1.64042,1e+06,9.2,54.5,392000 4223000,0.5,Suitable,dodgerblue,YES,243.577432,2624.049733,16.1556459999997
392000,4223000,CB5MH_MD,50.85302,1e+06,8.97,54.4,392000 4223000,15.5,Suitable,dodgerblue,YES,243.577432,2624.049733,16.1556459999997
392000,4223000,CB5MH_MD,63.97638,1e+06,8.57,55.1,392000 4223000,19.5,Suitable,dodgerblue,YES,243.577432,2624.049733,16.1556459999997
392000,4223000,CB5MH_MD,14.76378,1e+06,9.1,54.3,392000 4223000,4.5,Suitable,dodgerblue,YES,243.577432,2624.049733,16.1556459999997
392000,4223000,CB5MH_MD,41.0105,1e+06,9.1,54.1,392000 4223000,12.5,Suitable,dodgerblue,YES,243.577432,2624.049733,16.1556459999997
392000,4223000,CB5MH_MD,37.72966,1e+06,9.1,54.1,392000 4223000,11.5,Suitable,dodgerblue,YES,243.577432,2624.049733,16.1556459999997
392000,4224000,CB5MH_MD,80.38058,1e+06,8.4,55.4,392000 4224000,24.5,Suitable,dodgerblue,YES,243.577432,2624.671104,16.7770169999999
392000,4224000,CB5MH_MD,100.06562,1e+06,8.2,55.6,392000 4224000,30.5,Suitable,dodgerblue,YES,243.577432,2624.671104,16.7770169999999
392000,4224000,CB5MH_MD,31.16798,1e+06,9.1,54.3,392000 4224000,9.5,Suitable,dodgerblue,YES,243.577432,2624.671104,16.7770169999999
392000,4224000,CB5MH_MD,77.09974,1e+06,8.4,55.4,392000 4224000,23.5,Suitable,dodgerblue,YES,243.577432,2624.671104,16.7770169999999
392000,4224000,CB5MH_MD,21.32546,1e+06,9.1,54.3,392000 4224000,6.5,Suitable,dodgerblue,YES,243.577432,2624.671104,16.7770169999999
392000,4224000,CB5MH_MD,96.78478,1e+06,8.2,55.6,392000 4224000,29.5,Suitable,dodgerblue,YES,243.577432,2624.671104,16.7770169999999
392000,4224000,CB5MH_MD,54.13386,1e+06,8.93,54.6,392000 4224000,16.5,Suitable,dodgerblue,YES,243.577432,2624.671104,16.7770169999999
392000,4224000,CB5MH_MD,41.0105,1e+06,9.09,54.2,392000 4224000,12.5,Suitable,dodgerblue,YES,243.577432,2624.671104,16.7770169999999
392000,4224000,CB5MH_MD,73.8189,1e+06,8.43,55.4,392000 4224000,22.5,Suitable,dodgerblue,YES,243.577432,2624.671104,16.7770169999999
392000,4224000,CB5MH_MD,18.04462,1e+06,9.1,54.3,392000 4224000,5.5,Suitable,dodgerblue,YES,243.577432,2624.671104,16.7770169999999
392000,4224000,CB5MH_MD,8.2021,1e+06,9.15,54.4,392000 4224000,2.5,Suitable,dodgerblue,YES,243.577432,2624.671104,16.7770169999999
392000,4224000,CB5MH_MD,14.76378,1e+06,9.1,54.3,392000 4224000,4.5,Suitable,dodgerblue,YES,243.577432,2624.671104,16.7770169999999
392000,4224000,CB5MH_MD,60.69554,1e+06,8.75,55,392000 4224000,18.5,Suitable,dodgerblue,YES,243.577432,2624.671104,16.7770169999999
392000,4224000,CB5MH_MD,70.53806,1e+06,8.47,55.4,392000 4224000,21.5,Suitable,dodgerblue,YES,243.577432,2624.671104,16.7770169999999
392000,4224000,CB5MH_MD,83.66142,1e+06,8.4,55.4,392000 4224000,25.5,Suitable,dodgerblue,YES,243.577432,2624.671104,16.7770169999999
392000,4224000,CB5MH_MD,67.25722,1e+06,8.53,55.3,392000 4224000,20.5,Suitable,dodgerblue,YES,243.577432,2624.671104,16.7770169999999
392000,4224000,CB5MH_MD,34.44882,1e+06,9.09,54.2,392000 4224000,10.5,Suitable,dodgerblue,YES,243.577432,2624.671104,16.7770169999999
392000,4224000,CB5MH_MD,27.88714,1e+06,9.1,54.3,392000 4224000,8.5,Suitable,dodgerblue,YES,243.577432,2624.671104,16.7770169999999
392000,4224000,CB5MH_MD,90.2231,1e+06,8.4,55.4,392000 4224000,27.5,Suitable,dodgerblue,YES,243.577432,2624.671104,16.7770169999999
392000,4224000,CB5MH_MD,37.72966,1e+06,9.09,54.2,392000 4224000,11.5,Suitable,dodgerblue,YES,243.577432,2624.671104,16.7770169999999
392000,4224000,CB5MH_MD,86.94226,1e+06,8.4,55.4,392000 4224000,26.5,Suitable,dodgerblue,YES,243.577432,2624.671104,16.7770169999999
392000,4224000,CB5MH_MD,57.4147,1e+06,8.9,54.8,392000 4224000,17.5,Suitable,dodgerblue,YES,243.577432,2624.671104,16.7770169999999
392000,4224000,CB5MH_MD,44.29134,1e+06,9.06,54.3,392000 4224000,13.5,Suitable,dodgerblue,YES,243.577432,2624.671104,16.7770169999999
392000,4224000,CB5MH_MD,103.34646,1e+06,8.2,55.6,392000 4224000,31.5,Suitable,dodgerblue,YES,243.577432,2624.671104,16.7770169999999
392000,4224000,CB5MH_MD,50.85302,1e+06,8.97,54.4,392000 4224000,15.5,Suitable,dodgerblue,YES,243.577432,2624.671104,16.7770169999999
392000,4224000,CB5MH_MD,47.57218,1e+06,9.02,54.4,392000 4224000,14.5,Suitable,dodgerblue,YES,243.577432,2624.671104,16.7770169999999
392000,4224000,CB5MH_MD,24.6063,1e+06,9.1,54.3,392000 4224000,7.5,Suitable,dodgerblue,YES,243.577432,2624.671104,16.7770169999999
392000,4224000,CB5MH_MD,63.97638,1e+06,8.57,55.1,392000 4224000,19.5,Suitable,dodgerblue,YES,243.577432,2624.671104,16.7770169999999
392000,4224000,CB5MH_MD,93.50394,1e+06,8.4,55.4,392000 4224000,28.5,Suitable,dodgerblue,YES,243.577432,2624.671104,16.7770169999999
392000,4224000,CB5MH_MD,4.92126,1e+06,9.2,54.5,392000 4224000,1.5,Suitable,dodgerblue,YES,243.577432,2624.671104,16.7770169999999
392000,4224000,CB5MH_MD,11.48294,1e+06,9.1,54.3,392000 4224000,3.5,Suitable,dodgerblue,YES,243.577432,2624.671104,16.7770169999999
392000,4224000,CB5MH_MD,1.64042,1e+06,9.2,54.5,392000 4224000,0.5,Suitable,dodgerblue,YES,243.577432,2624.671104,16.7770169999999
392000,4225000,CB5MH_MD,77.09974,1e+06,8.4,55.4,392000 4225000,23.5,Suitable,dodgerblue,YES,243.577432,2625.292475,17.3983880000001
392000,4225000,CB5MH_MD,27.88714,1e+06,9.1,54.4,392000 4225000,8.5,Suitable,dodgerblue,YES,243.577432,2625.292475,17.3983880000001
392000,4225000,CB5MH_MD,83.66142,1e+06,8.39,55.4,392000 4225000,25.5,Suitable,dodgerblue,YES,243.577432,2625.292475,17.3983880000001
392000,4225000,CB5MH_MD,86.94226,1e+06,8.39,55.4,392000 4225000,26.5,Suitable,dodgerblue,YES,243.577432,2625.292475,17.3983880000001
392000,4225000,CB5MH_MD,90.2231,1e+06,8.39,55.4,392000 4225000,27.5,Suitable,dodgerblue,YES,243.577432,2625.292475,17.3983880000001
392000,4225000,CB5MH_MD,70.53806,1e+06,8.47,55.4,392000 4225000,21.5,Suitable,dodgerblue,YES,243.577432,2625.292475,17.3983880000001
392000,4225000,CB5MH_MD,73.8189,1e+06,8.43,55.4,392000 4225000,22.5,Suitable,dodgerblue,YES,243.577432,2625.292475,17.3983880000001
392000,4225000,CB5MH_MD,34.44882,1e+06,9.09,54.3,392000 4225000,10.5,Suitable,dodgerblue,YES,243.577432,2625.292475,17.3983880000001
392000,4225000,CB5MH_MD,93.50394,1e+06,8.39,55.4,392000 4225000,28.5,Suitable,dodgerblue,YES,243.577432,2625.292475,17.3983880000001
392000,4225000,CB5MH_MD,37.72966,1e+06,9.09,54.2,392000 4225000,11.5,Suitable,dodgerblue,YES,243.577432,2625.292475,17.3983880000001
392000,4225000,CB5MH_MD,24.6063,1e+06,9.1,54.4,392000 4225000,7.5,Suitable,dodgerblue,YES,243.577432,2625.292475,17.3983880000001
392000,4225000,CB5MH_MD,47.57218,1e+06,9.02,54.4,392000 4225000,14.5,Suitable,dodgerblue,YES,243.577432,2625.292475,17.3983880000001
392000,4225000,CB5MH_MD,67.25722,1e+06,8.53,55.3,392000 4225000,20.5,Suitable,dodgerblue,YES,243.577432,2625.292475,17.3983880000001
392000,4225000,CB5MH_MD,80.38058,1e+06,8.39,55.4,392000 4225000,24.5,Suitable,dodgerblue,YES,243.577432,2625.292475,17.3983880000001
392000,4225000,CB5MH_MD,50.85302,1e+06,8.97,54.4,392000 4225000,15.5,Suitable,dodgerblue,YES,243.577432,2625.292475,17.3983880000001
392000,4225000,CB5MH_MD,14.76378,1e+06,9.1,54.4,392000 4225000,4.5,Suitable,dodgerblue,YES,243.577432,2625.292475,17.3983880000001
392000,4225000,CB5MH_MD,44.29134,1e+06,9.06,54.3,392000 4225000,13.5,Suitable,dodgerblue,YES,243.577432,2625.292475,17.3983880000001
392000,4225000,CB5MH_MD,109.90814,1e+06,8.2,55.6,392000 4225000,33.5,Suitable,dodgerblue,YES,243.577432,2625.292475,17.3983880000001
392000,4225000,CB5MH_MD,96.78478,1e+06,8.2,55.6,392000 4225000,29.5,Suitable,dodgerblue,YES,243.577432,2625.292475,17.3983880000001
392000,4225000,CB5MH_MD,21.32546,1e+06,9.1,54.4,392000 4225000,6.5,Suitable,dodgerblue,YES,243.577432,2625.292475,17.3983880000001
392000,4225000,CB5MH_MD,41.0105,1e+06,9.09,54.2,392000 4225000,12.5,Suitable,dodgerblue,YES,243.577432,2625.292475,17.3983880000001
392000,4225000,CB5MH_MD,31.16798,1e+06,9.09,54.4,392000 4225000,9.5,Suitable,dodgerblue,YES,243.577432,2625.292475,17.3983880000001
392000,4225000,CB5MH_MD,60.69554,1e+06,8.75,55,392000 4225000,18.5,Suitable,dodgerblue,YES,243.577432,2625.292475,17.3983880000001
392000,4225000,CB5MH_MD,11.48294,1e+06,9.1,54.4,392000 4225000,3.5,Suitable,dodgerblue,YES,243.577432,2625.292475,17.3983880000001
392000,4225000,CB5MH_MD,54.13386,1e+06,8.93,54.6,392000 4225000,16.5,Suitable,dodgerblue,YES,243.577432,2625.292475,17.3983880000001
392000,4225000,CB5MH_MD,63.97638,1e+06,8.57,55.1,392000 4225000,19.5,Suitable,dodgerblue,YES,243.577432,2625.292475,17.3983880000001
392000,4225000,CB5MH_MD,113.18898,1e+06,8.2,55.6,392000 4225000,34.5,Suitable,dodgerblue,YES,243.577432,2625.292475,17.3983880000001
392000,4225000,CB5MH_MD,18.04462,1e+06,9.1,54.4,392000 4225000,5.5,Suitable,dodgerblue,YES,243.577432,2625.292475,17.3983880000001
392000,4225000,CB5MH_MD,57.4147,1e+06,8.9,54.8,392000 4225000,17.5,Suitable,dodgerblue,YES,243.577432,2625.292475,17.3983880000001
392000,4225000,CB5MH_MD,100.06562,1e+06,8.2,55.6,392000 4225000,30.5,Suitable,dodgerblue,YES,243.577432,2625.292475,17.3983880000001
392000,4225000,CB5MH_MD,106.6273,1e+06,8.2,55.6,392000 4225000,32.5,Suitable,dodgerblue,YES,243.577432,2625.292475,17.3983880000001
392000,4225000,CB5MH_MD,8.2021,1e+06,9.15,54.5,392000 4225000,2.5,Suitable,dodgerblue,YES,243.577432,2625.292475,17.3983880000001
392000,4225000,CB5MH_MD,103.34646,1e+06,8.2,55.6,392000 4225000,31.5,Suitable,dodgerblue,YES,243.577432,2625.292475,17.3983880000001
392000,4225000,CB5MH_MD,1.64042,1e+06,9.2,54.5,392000 4225000,0.5,Suitable,dodgerblue,YES,243.577432,2625.292475,17.3983880000001
392000,4225000,CB5MH_MD,4.92126,1e+06,9.2,54.5,392000 4225000,1.5,Suitable,dodgerblue,YES,243.577432,2625.292475,17.3983880000001
392000,4226000,CB5MH_MD,4.92126,1e+06,9.2,54.6,392000 4226000,1.5,Suitable,dodgerblue,YES,243.577432,2625.913846,18.0197589999998
392000,4226000,CB5MH_MD,60.69554,1e+06,8.75,55,392000 4226000,18.5,Suitable,dodgerblue,YES,243.577432,2625.913846,18.0197589999998
392000,4226000,CB5MH_MD,27.88714,1e+06,9.09,54.5,392000 4226000,8.5,Suitable,dodgerblue,YES,243.577432,2625.913846,18.0197589999998
392000,4226000,CB5MH_MD,63.97638,1e+06,8.57,55.1,392000 4226000,19.5,Suitable,dodgerblue,YES,243.577432,2625.913846,18.0197589999998
392000,4226000,CB5MH_MD,54.13386,1e+06,8.93,54.6,392000 4226000,16.5,Suitable,dodgerblue,YES,243.577432,2625.913846,18.0197589999998
392000,4226000,CB5MH_MD,14.76378,1e+06,9.1,54.5,392000 4226000,4.5,Suitable,dodgerblue,YES,243.577432,2625.913846,18.0197589999998
392000,4226000,CB5MH_MD,1.64042,1e+06,9.21,54.6,392000 4226000,0.5,Suitable,dodgerblue,YES,243.577432,2625.913846,18.0197589999998
392000,4226000,CB5MH_MD,90.2231,1e+06,8.39,55.4,392000 4226000,27.5,Suitable,dodgerblue,YES,243.577432,2625.913846,18.0197589999998
392000,4226000,CB5MH_MD,86.94226,1e+06,8.39,55.4,392000 4226000,26.5,Suitable,dodgerblue,YES,243.577432,2625.913846,18.0197589999998
392000,4226000,CB5MH_MD,67.25722,1e+06,8.53,55.3,392000 4226000,20.5,Suitable,dodgerblue,YES,243.577432,2625.913846,18.0197589999998
392000,4226000,CB5MH_MD,57.4147,1e+06,8.89,54.8,392000 4226000,17.5,Suitable,dodgerblue,YES,243.577432,2625.913846,18.0197589999998
392000,4226000,CB5MH_MD,103.34646,1e+06,8.2,55.6,392000 4226000,31.5,Suitable,dodgerblue,YES,243.577432,2625.913846,18.0197589999998
392000,4226000,CB5MH_MD,21.32546,1e+06,9.1,54.5,392000 4226000,6.5,Suitable,dodgerblue,YES,243.577432,2625.913846,18.0197589999998
392000,4226000,CB5MH_MD,83.66142,1e+06,8.39,55.4,392000 4226000,25.5,Suitable,dodgerblue,YES,243.577432,2625.913846,18.0197589999998
392000,4226000,CB5MH_MD,80.38058,1e+06,8.39,55.4,392000 4226000,24.5,Suitable,dodgerblue,YES,243.577432,2625.913846,18.0197589999998
392000,4226000,CB5MH_MD,77.09974,1e+06,8.39,55.4,392000 4226000,23.5,Suitable,dodgerblue,YES,243.577432,2625.913846,18.0197589999998
392000,4226000,CB5MH_MD,50.85302,1e+06,8.97,54.4,392000 4226000,15.5,Suitable,dodgerblue,YES,243.577432,2625.913846,18.0197589999998
392000,4226000,CB5MH_MD,31.16798,1e+06,9.09,54.5,392000 4226000,9.5,Suitable,dodgerblue,YES,243.577432,2625.913846,18.0197589999998
392000,4226000,CB5MH_MD,73.8189,1e+06,8.43,55.4,392000 4226000,22.5,Suitable,dodgerblue,YES,243.577432,2625.913846,18.0197589999998
392000,4226000,CB5MH_MD,18.04462,1e+06,9.1,54.5,392000 4226000,5.5,Suitable,dodgerblue,YES,243.577432,2625.913846,18.0197589999998
392000,4226000,CB5MH_MD,70.53806,1e+06,8.47,55.4,392000 4226000,21.5,Suitable,dodgerblue,YES,243.577432,2625.913846,18.0197589999998
392000,4226000,CB5MH_MD,106.6273,1e+06,8.2,55.6,392000 4226000,32.5,Suitable,dodgerblue,YES,243.577432,2625.913846,18.0197589999998
392000,4226000,CB5MH_MD,41.0105,1e+06,9.08,54.3,392000 4226000,12.5,Suitable,dodgerblue,YES,243.577432,2625.913846,18.0197589999998
392000,4226000,CB5MH_MD,24.6063,1e+06,9.09,54.5,392000 4226000,7.5,Suitable,dodgerblue,YES,243.577432,2625.913846,18.0197589999998
392000,4226000,CB5MH_MD,47.57218,1e+06,9.01,54.5,392000 4226000,14.5,Suitable,dodgerblue,YES,243.577432,2625.913846,18.0197589999998
392000,4226000,CB5MH_MD,93.50394,1e+06,8.39,55.4,392000 4226000,28.5,Suitable,dodgerblue,YES,243.577432,2625.913846,18.0197589999998
392000,4226000,CB5MH_MD,96.78478,1e+06,8.2,55.6,392000 4226000,29.5,Suitable,dodgerblue,YES,243.577432,2625.913846,18.0197589999998
392000,4226000,CB5MH_MD,37.72966,1e+06,9.08,54.3,392000 4226000,11.5,Suitable,dodgerblue,YES,243.577432,2625.913846,18.0197589999998
392000,4226000,CB5MH_MD,100.06562,1e+06,8.2,55.6,392000 4226000,30.5,Suitable,dodgerblue,YES,243.577432,2625.913846,18.0197589999998
392000,4226000,CB5MH_MD,8.2021,1e+06,9.15,54.5,392000 4226000,2.5,Suitable,dodgerblue,YES,243.577432,2625.913846,18.0197589999998
392000,4226000,CB5MH_MD,11.48294,1e+06,9.1,54.5,392000 4226000,3.5,Suitable,dodgerblue,YES,243.577432,2625.913846,18.0197589999998
392000,4226000,CB5MH_MD,44.29134,1e+06,9.05,54.4,392000 4226000,13.5,Suitable,dodgerblue,YES,243.577432,2625.913846,18.0197589999998
392000,4226000,CB5MH_MD,34.44882,1e+06,9.08,54.4,392000 4226000,10.5,Suitable,dodgerblue,YES,243.577432,2625.913846,18.0197589999998
392000,4227000,CB5MH_MD,80.38058,1e+06,8.38,55.4,392000 4227000,24.5,Suitable,dodgerblue,YES,243.577432,2626.535217,18.64113
392000,4227000,CB5MH_MD,96.78478,1e+06,8.2,55.6,392000 4227000,29.5,Suitable,dodgerblue,YES,243.577432,2626.535217,18.64113
392000,4227000,CB5MH_MD,90.2231,1e+06,8.38,55.4,392000 4227000,27.5,Suitable,dodgerblue,YES,243.577432,2626.535217,18.64113
392000,4227000,CB5MH_MD,100.06562,1e+06,8.2,55.6,392000 4227000,30.5,Suitable,dodgerblue,YES,243.577432,2626.535217,18.64113
392000,4227000,CB5MH_MD,54.13386,1e+06,8.93,54.6,392000 4227000,16.5,Suitable,dodgerblue,YES,243.577432,2626.535217,18.64113
392000,4227000,CB5MH_MD,67.25722,1e+06,8.53,55.3,392000 4227000,20.5,Suitable,dodgerblue,YES,243.577432,2626.535217,18.64113
392000,4227000,CB5MH_MD,14.76378,1e+06,9.1,54.5,392000 4227000,4.5,Suitable,dodgerblue,YES,243.577432,2626.535217,18.64113
392000,4227000,CB5MH_MD,50.85302,1e+06,8.96,54.4,392000 4227000,15.5,Suitable,dodgerblue,YES,243.577432,2626.535217,18.64113
392000,4227000,CB5MH_MD,18.04462,1e+06,9.1,54.6,392000 4227000,5.5,Suitable,dodgerblue,YES,243.577432,2626.535217,18.64113
392000,4227000,CB5MH_MD,70.53806,1e+06,8.47,55.4,392000 4227000,21.5,Suitable,dodgerblue,YES,243.577432,2626.535217,18.64113
392000,4227000,CB5MH_MD,47.57218,1e+06,9,54.6,392000 4227000,14.5,Suitable,dodgerblue,YES,243.577432,2626.535217,18.64113
392000,4227000,CB5MH_MD,21.32546,1e+06,9.1,54.6,392000 4227000,6.5,Suitable,dodgerblue,YES,243.577432,2626.535217,18.64113
392000,4227000,CB5MH_MD,83.66142,1e+06,8.38,55.4,392000 4227000,25.5,Suitable,dodgerblue,YES,243.577432,2626.535217,18.64113
392000,4227000,CB5MH_MD,63.97638,1e+06,8.58,55.1,392000 4227000,19.5,Suitable,dodgerblue,YES,243.577432,2626.535217,18.64113
392000,4227000,CB5MH_MD,34.44882,1e+06,9.07,54.5,392000 4227000,10.5,Suitable,dodgerblue,YES,243.577432,2626.535217,18.64113
392000,4227000,CB5MH_MD,31.16798,1e+06,9.08,54.5,392000 4227000,9.5,Suitable,dodgerblue,YES,243.577432,2626.535217,18.64113
392000,4227000,CB5MH_MD,60.69554,1e+06,8.75,55,392000 4227000,18.5,Suitable,dodgerblue,YES,243.577432,2626.535217,18.64113
392000,4227000,CB5MH_MD,24.6063,1e+06,9.09,54.6,392000 4227000,7.5,Suitable,dodgerblue,YES,243.577432,2626.535217,18.64113
392000,4227000,CB5MH_MD,11.48294,1e+06,9.1,54.5,392000 4227000,3.5,Suitable,dodgerblue,YES,243.577432,2626.535217,18.64113
392000,4227000,CB5MH_MD,57.4147,1e+06,8.89,54.8,392000 4227000,17.5,Suitable,dodgerblue,YES,243.577432,2626.535217,18.64113
392000,4227000,CB5MH_MD,86.94226,1e+06,8.38,55.4,392000 4227000,26.5,Suitable,dodgerblue,YES,243.577432,2626.535217,18.64113
392000,4227000,CB5MH_MD,4.92126,1e+06,9.21,54.6,392000 4227000,1.5,Suitable,dodgerblue,YES,243.577432,2626.535217,18.64113
392000,4227000,CB5MH_MD,1.64042,1e+06,9.21,54.6,392000 4227000,0.5,Suitable,dodgerblue,YES,243.577432,2626.535217,18.64113
392000,4227000,CB5MH_MD,27.88714,1e+06,9.09,54.6,392000 4227000,8.5,Suitable,dodgerblue,YES,243.577432,2626.535217,18.64113
392000,4227000,CB5MH_MD,8.2021,1e+06,9.15,54.6,392000 4227000,2.5,Suitable,dodgerblue,YES,243.577432,2626.535217,18.64113
392000,4227000,CB5MH_MD,73.8189,1e+06,8.42,55.4,392000 4227000,22.5,Suitable,dodgerblue,YES,243.577432,2626.535217,18.64113
392000,4227000,CB5MH_MD,44.29134,1e+06,9.04,54.5,392000 4227000,13.5,Suitable,dodgerblue,YES,243.577432,2626.535217,18.64113
392000,4227000,CB5MH_MD,93.50394,1e+06,8.38,55.4,392000 4227000,28.5,Suitable,dodgerblue,YES,243.577432,2626.535217,18.64113
392000,4227000,CB5MH_MD,41.0105,1e+06,9.06,54.4,392000 4227000,12.5,Suitable,dodgerblue,YES,243.577432,2626.535217,18.64113
392000,4227000,CB5MH_MD,37.72966,1e+06,9.06,54.4,392000 4227000,11.5,Suitable,dodgerblue,YES,243.577432,2626.535217,18.64113
392000,4227000,CB5MH_MD,77.09974,1e+06,8.39,55.4,392000 4227000,23.5,Suitable,dodgerblue,YES,243.577432,2626.535217,18.64113
392000,4228000,CB5MH_MD,44.29134,1e+06,9.02,54.6,392000 4228000,13.5,Suitable,dodgerblue,YES,243.577432,2627.156588,19.2625009999997
392000,4228000,CB5MH_MD,18.04462,1e+06,9.07,55,392000 4228000,5.5,Suitable,dodgerblue,YES,243.577432,2627.156588,19.2625009999997
392000,4228000,CB5MH_MD,70.53806,1e+06,8.47,55.4,392000 4228000,21.5,Suitable,dodgerblue,YES,243.577432,2627.156588,19.2625009999997
392000,4228000,CB5MH_MD,77.09974,1e+06,8.38,55.4,392000 4228000,23.5,Suitable,dodgerblue,YES,243.577432,2627.156588,19.2625009999997
392000,4228000,CB5MH_MD,73.8189,1e+06,8.42,55.4,392000 4228000,22.5,Suitable,dodgerblue,YES,243.577432,2627.156588,19.2625009999997
392000,4228000,CB5MH_MD,50.85302,1e+06,8.95,54.4,392000 4228000,15.5,Suitable,dodgerblue,YES,243.577432,2627.156588,19.2625009999997
392000,4228000,CB5MH_MD,57.4147,1e+06,8.88,54.8,392000 4228000,17.5,Suitable,dodgerblue,YES,243.577432,2627.156588,19.2625009999997
392000,4228000,CB5MH_MD,47.57218,1e+06,8.98,54.7,392000 4228000,14.5,Suitable,dodgerblue,YES,243.577432,2627.156588,19.2625009999997
392000,4228000,CB5MH_MD,8.2021,1e+06,9.12,55,392000 4228000,2.5,Suitable,dodgerblue,YES,243.577432,2627.156588,19.2625009999997
392000,4228000,CB5MH_MD,27.88714,1e+06,9.06,55.1,392000 4228000,8.5,Suitable,dodgerblue,YES,243.577432,2627.156588,19.2625009999997
392000,4228000,CB5MH_MD,54.13386,1e+06,8.92,54.6,392000 4228000,16.5,Suitable,dodgerblue,YES,243.577432,2627.156588,19.2625009999997
392000,4228000,CB5MH_MD,67.25722,1e+06,8.53,55.3,392000 4228000,20.5,Suitable,dodgerblue,YES,243.577432,2627.156588,19.2625009999997
392000,4228000,CB5MH_MD,93.50394,1e+06,8.37,55.4,392000 4228000,28.5,Suitable,dodgerblue,YES,243.577432,2627.156588,19.2625009999997
392000,4228000,CB5MH_MD,100.06562,1e+06,8.2,55.6,392000 4228000,30.5,Suitable,dodgerblue,YES,243.577432,2627.156588,19.2625009999997
392000,4228000,CB5MH_MD,96.78478,1e+06,8.2,55.6,392000 4228000,29.5,Suitable,dodgerblue,YES,243.577432,2627.156588,19.2625009999997
392000,4228000,CB5MH_MD,41.0105,1e+06,9.05,54.5,392000 4228000,12.5,Suitable,dodgerblue,YES,243.577432,2627.156588,19.2625009999997
392000,4228000,CB5MH_MD,90.2231,1e+06,8.37,55.4,392000 4228000,27.5,Suitable,dodgerblue,YES,243.577432,2627.156588,19.2625009999997
392000,4228000,CB5MH_MD,60.69554,1e+06,8.75,55,392000 4228000,18.5,Suitable,dodgerblue,YES,243.577432,2627.156588,19.2625009999997
392000,4228000,CB5MH_MD,1.64042,1e+06,9.19,55.1,392000 4228000,0.5,Suitable,dodgerblue,YES,243.577432,2627.156588,19.2625009999997
392000,4228000,CB5MH_MD,14.76378,1e+06,9.07,55,392000 4228000,4.5,Suitable,dodgerblue,YES,243.577432,2627.156588,19.2625009999997
392000,4228000,CB5MH_MD,24.6063,1e+06,9.06,55.1,392000 4228000,7.5,Suitable,dodgerblue,YES,243.577432,2627.156588,19.2625009999997
392000,4228000,CB5MH_MD,37.72966,1e+06,9.05,54.5,392000 4228000,11.5,Suitable,dodgerblue,YES,243.577432,2627.156588,19.2625009999997
392000,4228000,CB5MH_MD,34.44882,1e+06,9.05,54.6,392000 4228000,10.5,Suitable,dodgerblue,YES,243.577432,2627.156588,19.2625009999997
392000,4228000,CB5MH_MD,21.32546,1e+06,9.06,55.1,392000 4228000,6.5,Suitable,dodgerblue,YES,243.577432,2627.156588,19.2625009999997
392000,4228000,CB5MH_MD,31.16798,1e+06,9.07,54.6,392000 4228000,9.5,Suitable,dodgerblue,YES,243.577432,2627.156588,19.2625009999997
392000,4228000,CB5MH_MD,11.48294,1e+06,9.07,55,392000 4228000,3.5,Suitable,dodgerblue,YES,243.577432,2627.156588,19.2625009999997
392000,4228000,CB5MH_MD,4.92126,1e+06,9.19,55.1,392000 4228000,1.5,Suitable,dodgerblue,YES,243.577432,2627.156588,19.2625009999997
392000,4228000,CB5MH_MD,80.38058,1e+06,8.37,55.4,392000 4228000,24.5,Suitable,dodgerblue,YES,243.577432,2627.156588,19.2625009999997
392000,4228000,CB5MH_MD,63.97638,1e+06,8.58,55.1,392000 4228000,19.5,Suitable,dodgerblue,YES,243.577432,2627.156588,19.2625009999997
392000,4228000,CB5MH_MD,86.94226,1e+06,8.37,55.4,392000 4228000,26.5,Suitable,dodgerblue,YES,243.577432,2627.156588,19.2625009999997
392000,4228000,CB5MH_MD,83.66142,1e+06,8.37,55.4,392000 4228000,25.5,Suitable,dodgerblue,YES,243.577432,2627.156588,19.2625009999997
392000,4229000,CB5MH_MD,90.2231,1e+06,8.36,55.4,392000 4229000,27.5,Suitable,dodgerblue,YES,243.577432,2627.777959,19.8838719999999
392000,4229000,CB5MH_MD,50.85302,1e+06,8.95,54.4,392000 4229000,15.5,Suitable,dodgerblue,YES,243.577432,2627.777959,19.8838719999999
392000,4229000,CB5MH_MD,70.53806,1e+06,8.47,55.4,392000 4229000,21.5,Suitable,dodgerblue,YES,243.577432,2627.777959,19.8838719999999
392000,4229000,CB5MH_MD,106.6273,1e+06,8.2,55.6,392000 4229000,32.5,Suitable,dodgerblue,YES,243.577432,2627.777959,19.8838719999999
392000,4229000,CB5MH_MD,83.66142,1e+06,8.36,55.4,392000 4229000,25.5,Suitable,dodgerblue,YES,243.577432,2627.777959,19.8838719999999
392000,4229000,CB5MH_MD,93.50394,1e+06,8.36,55.4,392000 4229000,28.5,Suitable,dodgerblue,YES,243.577432,2627.777959,19.8838719999999
392000,4229000,CB5MH_MD,37.72966,1e+06,9.03,54.6,392000 4229000,11.5,Suitable,dodgerblue,YES,243.577432,2627.777959,19.8838719999999
392000,4229000,CB5MH_MD,11.48294,1e+06,9.06,55.2,392000 4229000,3.5,Suitable,dodgerblue,YES,243.577432,2627.777959,19.8838719999999
392000,4229000,CB5MH_MD,57.4147,1e+06,8.87,54.8,392000 4229000,17.5,Suitable,dodgerblue,YES,243.577432,2627.777959,19.8838719999999
392000,4229000,CB5MH_MD,60.69554,1e+06,8.74,54.9,392000 4229000,18.5,Suitable,dodgerblue,YES,243.577432,2627.777959,19.8838719999999
392000,4229000,CB5MH_MD,18.04462,1e+06,9.06,55.2,392000 4229000,5.5,Suitable,dodgerblue,YES,243.577432,2627.777959,19.8838719999999
392000,4229000,CB5MH_MD,27.88714,1e+06,9.05,55.3,392000 4229000,8.5,Suitable,dodgerblue,YES,243.577432,2627.777959,19.8838719999999
392000,4229000,CB5MH_MD,41.0105,1e+06,9.03,54.6,392000 4229000,12.5,Suitable,dodgerblue,YES,243.577432,2627.777959,19.8838719999999
392000,4229000,CB5MH_MD,21.32546,1e+06,9.05,55.3,392000 4229000,6.5,Suitable,dodgerblue,YES,243.577432,2627.777959,19.8838719999999
392000,4229000,CB5MH_MD,77.09974,1e+06,8.37,55.4,392000 4229000,23.5,Suitable,dodgerblue,YES,243.577432,2627.777959,19.8838719999999
392000,4229000,CB5MH_MD,100.06562,1e+06,8.2,55.6,392000 4229000,30.5,Suitable,dodgerblue,YES,243.577432,2627.777959,19.8838719999999
392000,4229000,CB5MH_MD,8.2021,1e+06,9.12,55.2,392000 4229000,2.5,Suitable,dodgerblue,YES,243.577432,2627.777959,19.8838719999999
392000,4229000,CB5MH_MD,80.38058,1e+06,8.36,55.4,392000 4229000,24.5,Suitable,dodgerblue,YES,243.577432,2627.777959,19.8838719999999
392000,4229000,CB5MH_MD,47.57218,1e+06,8.97,54.8,392000 4229000,14.5,Suitable,dodgerblue,YES,243.577432,2627.777959,19.8838719999999
392000,4229000,CB5MH_MD,24.6063,1e+06,9.04,55.3,392000 4229000,7.5,Suitable,dodgerblue,YES,243.577432,2627.777959,19.8838719999999
392000,4229000,CB5MH_MD,73.8189,1e+06,8.41,55.4,392000 4229000,22.5,Suitable,dodgerblue,YES,243.577432,2627.777959,19.8838719999999
392000,4229000,CB5MH_MD,54.13386,1e+06,8.92,54.6,392000 4229000,16.5,Suitable,dodgerblue,YES,243.577432,2627.777959,19.8838719999999
392000,4229000,CB5MH_MD,14.76378,1e+06,9.06,55.2,392000 4229000,4.5,Suitable,dodgerblue,YES,243.577432,2627.777959,19.8838719999999
392000,4229000,CB5MH_MD,34.44882,1e+06,9.04,54.7,392000 4229000,10.5,Suitable,dodgerblue,YES,243.577432,2627.777959,19.8838719999999
392000,4229000,CB5MH_MD,96.78478,1e+06,8.2,55.6,392000 4229000,29.5,Suitable,dodgerblue,YES,243.577432,2627.777959,19.8838719999999
392000,4229000,CB5MH_MD,63.97638,1e+06,8.59,55,392000 4229000,19.5,Suitable,dodgerblue,YES,243.577432,2627.777959,19.8838719999999
392000,4229000,CB5MH_MD,44.29134,1e+06,9.01,54.7,392000 4229000,13.5,Suitable,dodgerblue,YES,243.577432,2627.777959,19.8838719999999
392000,4229000,CB5MH_MD,67.25722,1e+06,8.53,55.3,392000 4229000,20.5,Suitable,dodgerblue,YES,243.577432,2627.777959,19.8838719999999
392000,4229000,CB5MH_MD,86.94226,1e+06,8.36,55.4,392000 4229000,26.5,Suitable,dodgerblue,YES,243.577432,2627.777959,19.8838719999999
392000,4229000,CB5MH_MD,103.34646,1e+06,8.2,55.6,392000 4229000,31.5,Suitable,dodgerblue,YES,243.577432,2627.777959,19.8838719999999
392000,4229000,CB5MH_MD,31.16798,1e+06,9.05,54.7,392000 4229000,9.5,Suitable,dodgerblue,YES,243.577432,2627.777959,19.8838719999999
392000,4229000,CB5MH_MD,1.64042,1e+06,9.19,55.2,392000 4229000,0.5,Suitable,dodgerblue,YES,243.577432,2627.777959,19.8838719999999
392000,4229000,CB5MH_MD,4.92126,1e+06,9.18,55.2,392000 4229000,1.5,Suitable,dodgerblue,YES,243.577432,2627.777959,19.8838719999999
392000,4340000,CB3MH,1.64042,1e+06,10.36,49,392000 4340000,0.5,Suitable,dodgerblue,YES,243.577432,2696.75014,88.856053
392000,4341000,CB2OH,14.76378,1e+06,10.14,49.3,392000 4341000,4.5,Suitable,dodgerblue,YES,243.577432,2697.371511,89.4774239999997
392000,4341000,CB2OH,34.44882,1e+06,9.8,50,392000 4341000,10.5,Suitable,dodgerblue,YES,243.577432,2697.371511,89.4774239999997
392000,4341000,CB2OH,4.92126,1e+06,10.36,48.9,392000 4341000,1.5,Suitable,dodgerblue,YES,243.577432,2697.371511,89.4774239999997
392000,4341000,CB2OH,37.72966,1e+06,9.75,50.1,392000 4341000,11.5,Suitable,dodgerblue,YES,243.577432,2697.371511,89.4774239999997
392000,4341000,CB2OH,1.64042,1e+06,10.4,48.9,392000 4341000,0.5,Suitable,dodgerblue,YES,243.577432,2697.371511,89.4774239999997
392000,4341000,CB2OH,18.04462,1e+06,10.04,49.5,392000 4341000,5.5,Suitable,dodgerblue,YES,243.577432,2697.371511,89.4774239999997
392000,4341000,CB2OH,44.29134,1e+06,9.7,50.2,392000 4341000,13.5,Suitable,dodgerblue,YES,243.577432,2697.371511,89.4774239999997
392000,4341000,CB2OH,31.16798,1e+06,9.68,50.3,392000 4341000,9.5,Suitable,dodgerblue,YES,243.577432,2697.371511,89.4774239999997
392000,4341000,CB2OH,21.32546,1e+06,9.96,49.7,392000 4341000,6.5,Suitable,dodgerblue,YES,243.577432,2697.371511,89.4774239999997
392000,4341000,CB2OH,24.6063,1e+06,9.86,49.9,392000 4341000,7.5,Suitable,dodgerblue,YES,243.577432,2697.371511,89.4774239999997
392000,4341000,CB2OH,11.48294,1e+06,10.25,49.1,392000 4341000,3.5,Suitable,dodgerblue,YES,243.577432,2697.371511,89.4774239999997
392000,4341000,CB2OH,8.2021,1e+06,10.31,49,392000 4341000,2.5,Suitable,dodgerblue,YES,243.577432,2697.371511,89.4774239999997
392000,4341000,CB2OH,41.0105,1e+06,9.7,50.2,392000 4341000,12.5,Suitable,dodgerblue,YES,243.577432,2697.371511,89.4774239999997
392000,4341000,CB2OH,47.57218,1e+06,9.7,50.2,392000 4341000,14.5,Suitable,dodgerblue,YES,243.577432,2697.371511,89.4774239999997
392000,4341000,CB2OH,27.88714,1e+06,9.79,50.1,392000 4341000,8.5,Suitable,dodgerblue,YES,243.577432,2697.371511,89.4774239999997
392000,4342000,CB2OH,21.32546,1e+06,10,49.6,392000 4342000,6.5,Suitable,dodgerblue,YES,243.577432,2697.992882,90.0987949999999
392000,4342000,CB2OH,14.76378,1e+06,10.19,49.2,392000 4342000,4.5,Suitable,dodgerblue,YES,243.577432,2697.992882,90.0987949999999
392000,4342000,CB2OH,18.04462,1e+06,10.09,49.4,392000 4342000,5.5,Suitable,dodgerblue,YES,243.577432,2697.992882,90.0987949999999
392000,4342000,CB2OH,1.64042,1e+06,10.44,48.8,392000 4342000,0.5,Suitable,dodgerblue,YES,243.577432,2697.992882,90.0987949999999
392000,4342000,CB2OH,24.6063,1e+06,9.91,49.8,392000 4342000,7.5,Suitable,dodgerblue,YES,243.577432,2697.992882,90.0987949999999
392000,4342000,CB2OH,11.48294,1e+06,10.29,49,392000 4342000,3.5,Suitable,dodgerblue,YES,243.577432,2697.992882,90.0987949999999
392000,4342000,CB2OH,8.2021,1e+06,10.35,48.8,392000 4342000,2.5,Suitable,dodgerblue,YES,243.577432,2697.992882,90.0987949999999
392000,4342000,CB2OH,4.92126,1e+06,10.4,48.8,392000 4342000,1.5,Suitable,dodgerblue,YES,243.577432,2697.992882,90.0987949999999
393000,4209000,CB5MH_MD,37.72966,1e+06,9.04,54.2,393000 4209000,11.5,Suitable,dodgerblue,YES,244.198803,2615.350539,7.4564519999999
393000,4209000,CB5MH_MD,44.29134,1e+06,8.94,54.5,393000 4209000,13.5,Suitable,dodgerblue,YES,244.198803,2615.350539,7.4564519999999
393000,4209000,CB5MH_MD,21.32546,1e+06,9.18,53.9,393000 4209000,6.5,Suitable,dodgerblue,YES,244.198803,2615.350539,7.4564519999999
393000,4209000,CB5MH_MD,41.0105,1e+06,9,54.4,393000 4209000,12.5,Suitable,dodgerblue,YES,244.198803,2615.350539,7.4564519999999
393000,4209000,CB5MH_MD,1.64042,1e+06,9.29,53.9,393000 4209000,0.5,Suitable,dodgerblue,YES,244.198803,2615.350539,7.4564519999999
393000,4209000,CB5MH_MD,18.04462,1e+06,9.2,54,393000 4209000,5.5,Suitable,dodgerblue,YES,244.198803,2615.350539,7.4564519999999
393000,4209000,CB5MH_MD,50.85302,1e+06,8.9,54.7,393000 4209000,15.5,Suitable,dodgerblue,YES,244.198803,2615.350539,7.4564519999999
393000,4209000,CB5MH_MD,70.53806,1e+06,8.48,55.4,393000 4209000,21.5,Suitable,dodgerblue,YES,244.198803,2615.350539,7.4564519999999
393000,4209000,CB5MH_MD,57.4147,1e+06,8.71,55.1,393000 4209000,17.5,Suitable,dodgerblue,YES,244.198803,2615.350539,7.4564519999999
393000,4209000,CB5MH_MD,63.97638,1e+06,8.54,55.2,393000 4209000,19.5,Suitable,dodgerblue,YES,244.198803,2615.350539,7.4564519999999
393000,4209000,CB5MH_MD,60.69554,1e+06,8.63,55.2,393000 4209000,18.5,Suitable,dodgerblue,YES,244.198803,2615.350539,7.4564519999999
393000,4209000,CB5MH_MD,31.16798,1e+06,9.12,54.1,393000 4209000,9.5,Suitable,dodgerblue,YES,244.198803,2615.350539,7.4564519999999
393000,4209000,CB5MH_MD,11.48294,1e+06,9.23,53.9,393000 4209000,3.5,Suitable,dodgerblue,YES,244.198803,2615.350539,7.4564519999999
393000,4209000,CB5MH_MD,67.25722,1e+06,8.52,55.3,393000 4209000,20.5,Suitable,dodgerblue,YES,244.198803,2615.350539,7.4564519999999
393000,4209000,CB5MH_MD,47.57218,1e+06,8.93,54.6,393000 4209000,14.5,Suitable,dodgerblue,YES,244.198803,2615.350539,7.4564519999999
393000,4209000,CB5MH_MD,54.13386,1e+06,8.88,54.8,393000 4209000,16.5,Suitable,dodgerblue,YES,244.198803,2615.350539,7.4564519999999
393000,4209000,CB5MH_MD,24.6063,1e+06,9.15,54,393000 4209000,7.5,Suitable,dodgerblue,YES,244.198803,2615.350539,7.4564519999999
393000,4209000,CB5MH_MD,14.76378,1e+06,9.21,54,393000 4209000,4.5,Suitable,dodgerblue,YES,244.198803,2615.350539,7.4564519999999
393000,4209000,CB5MH_MD,8.2021,1e+06,9.24,53.8,393000 4209000,2.5,Suitable,dodgerblue,YES,244.198803,2615.350539,7.4564519999999
393000,4209000,CB5MH_MD,34.44882,1e+06,9.08,54.1,393000 4209000,10.5,Suitable,dodgerblue,YES,244.198803,2615.350539,7.4564519999999
393000,4209000,CB5MH_MD,27.88714,1e+06,9.14,54.1,393000 4209000,8.5,Suitable,dodgerblue,YES,244.198803,2615.350539,7.4564519999999
393000,4209000,CB5MH_MD,4.92126,1e+06,9.27,53.9,393000 4209000,1.5,Suitable,dodgerblue,YES,244.198803,2615.350539,7.4564519999999
393000,4209000,CB5MH_MD,73.8189,1e+06,8.46,55.4,393000 4209000,22.5,Suitable,dodgerblue,YES,244.198803,2615.350539,7.4564519999999
393000,4210000,CB5MH_MD,1.64042,1e+06,9.28,53.9,393000 4210000,0.5,Suitable,dodgerblue,YES,244.198803,2615.97191,8.07782300000008
393000,4210000,CB5MH_MD,31.16798,1e+06,9.13,54.1,393000 4210000,9.5,Suitable,dodgerblue,YES,244.198803,2615.97191,8.07782300000008
393000,4210000,CB5MH_MD,18.04462,1e+06,9.19,54,393000 4210000,5.5,Suitable,dodgerblue,YES,244.198803,2615.97191,8.07782300000008
393000,4210000,CB5MH_MD,77.09974,1e+06,8.44,55.4,393000 4210000,23.5,Suitable,dodgerblue,YES,244.198803,2615.97191,8.07782300000008
393000,4210000,CB5MH_MD,83.66142,1e+06,8.4,55.4,393000 4210000,25.5,Suitable,dodgerblue,YES,244.198803,2615.97191,8.07782300000008
393000,4210000,CB5MH_MD,8.2021,1e+06,9.23,53.9,393000 4210000,2.5,Suitable,dodgerblue,YES,244.198803,2615.97191,8.07782300000008
393000,4210000,CB5MH_MD,27.88714,1e+06,9.14,54.1,393000 4210000,8.5,Suitable,dodgerblue,YES,244.198803,2615.97191,8.07782300000008
393000,4210000,CB5MH_MD,24.6063,1e+06,9.15,54,393000 4210000,7.5,Suitable,dodgerblue,YES,244.198803,2615.97191,8.07782300000008
393000,4210000,CB5MH_MD,21.32546,1e+06,9.18,53.9,393000 4210000,6.5,Suitable,dodgerblue,YES,244.198803,2615.97191,8.07782300000008
393000,4210000,CB5MH_MD,11.48294,1e+06,9.21,53.9,393000 4210000,3.5,Suitable,dodgerblue,YES,244.198803,2615.97191,8.07782300000008
393000,4210000,CB5MH_MD,4.92126,1e+06,9.26,53.9,393000 4210000,1.5,Suitable,dodgerblue,YES,244.198803,2615.97191,8.07782300000008
393000,4210000,CB5MH_MD,14.76378,1e+06,9.2,54,393000 4210000,4.5,Suitable,dodgerblue,YES,244.198803,2615.97191,8.07782300000008
393000,4210000,CB5MH_MD,73.8189,1e+06,8.46,55.4,393000 4210000,22.5,Suitable,dodgerblue,YES,244.198803,2615.97191,8.07782300000008
393000,4210000,CB5MH_MD,70.53806,1e+06,8.48,55.4,393000 4210000,21.5,Suitable,dodgerblue,YES,244.198803,2615.97191,8.07782300000008
393000,4210000,CB5MH_MD,80.38058,1e+06,8.4,55.4,393000 4210000,24.5,Suitable,dodgerblue,YES,244.198803,2615.97191,8.07782300000008
393000,4210000,CB5MH_MD,34.44882,1e+06,9.08,54.1,393000 4210000,10.5,Suitable,dodgerblue,YES,244.198803,2615.97191,8.07782300000008
393000,4210000,CB5MH_MD,37.72966,1e+06,9.05,54.2,393000 4210000,11.5,Suitable,dodgerblue,YES,244.198803,2615.97191,8.07782300000008
393000,4210000,CB5MH_MD,44.29134,1e+06,8.96,54.5,393000 4210000,13.5,Suitable,dodgerblue,YES,244.198803,2615.97191,8.07782300000008
393000,4210000,CB5MH_MD,57.4147,1e+06,8.74,55,393000 4210000,17.5,Suitable,dodgerblue,YES,244.198803,2615.97191,8.07782300000008
393000,4210000,CB5MH_MD,50.85302,1e+06,8.92,54.6,393000 4210000,15.5,Suitable,dodgerblue,YES,244.198803,2615.97191,8.07782300000008
393000,4210000,CB5MH_MD,47.57218,1e+06,8.95,54.5,393000 4210000,14.5,Suitable,dodgerblue,YES,244.198803,2615.97191,8.07782300000008
393000,4210000,CB5MH_MD,41.0105,1e+06,9.01,54.3,393000 4210000,12.5,Suitable,dodgerblue,YES,244.198803,2615.97191,8.07782300000008
393000,4210000,CB5MH_MD,60.69554,1e+06,8.65,55.2,393000 4210000,18.5,Suitable,dodgerblue,YES,244.198803,2615.97191,8.07782300000008
393000,4210000,CB5MH_MD,54.13386,1e+06,8.89,54.8,393000 4210000,16.5,Suitable,dodgerblue,YES,244.198803,2615.97191,8.07782300000008
393000,4210000,CB5MH_MD,67.25722,1e+06,8.52,55.3,393000 4210000,20.5,Suitable,dodgerblue,YES,244.198803,2615.97191,8.07782300000008
393000,4210000,CB5MH_MD,63.97638,1e+06,8.54,55.2,393000 4210000,19.5,Suitable,dodgerblue,YES,244.198803,2615.97191,8.07782300000008
393000,4211000,CB5MH_MD,24.6063,1e+06,9.15,54,393000 4211000,7.5,Suitable,dodgerblue,YES,244.198803,2616.593281,8.69919399999981
393000,4211000,CB5MH_MD,21.32546,1e+06,9.17,54,393000 4211000,6.5,Suitable,dodgerblue,YES,244.198803,2616.593281,8.69919399999981
393000,4211000,CB5MH_MD,34.44882,1e+06,9.09,54.1,393000 4211000,10.5,Suitable,dodgerblue,YES,244.198803,2616.593281,8.69919399999981
393000,4211000,CB5MH_MD,80.38058,1e+06,8.4,55.4,393000 4211000,24.5,Suitable,dodgerblue,YES,244.198803,2616.593281,8.69919399999981
393000,4211000,CB5MH_MD,63.97638,1e+06,8.55,55.2,393000 4211000,19.5,Suitable,dodgerblue,YES,244.198803,2616.593281,8.69919399999981
393000,4211000,CB5MH_MD,70.53806,1e+06,8.48,55.4,393000 4211000,21.5,Suitable,dodgerblue,YES,244.198803,2616.593281,8.69919399999981
393000,4211000,CB5MH_MD,37.72966,1e+06,9.06,54.2,393000 4211000,11.5,Suitable,dodgerblue,YES,244.198803,2616.593281,8.69919399999981
393000,4211000,CB5MH_MD,77.09974,1e+06,8.43,55.4,393000 4211000,23.5,Suitable,dodgerblue,YES,244.198803,2616.593281,8.69919399999981
393000,4211000,CB5MH_MD,41.0105,1e+06,9.02,54.3,393000 4211000,12.5,Suitable,dodgerblue,YES,244.198803,2616.593281,8.69919399999981
393000,4211000,CB5MH_MD,60.69554,1e+06,8.67,55.1,393000 4211000,18.5,Suitable,dodgerblue,YES,244.198803,2616.593281,8.69919399999981
393000,4211000,CB5MH_MD,4.92126,1e+06,9.25,54,393000 4211000,1.5,Suitable,dodgerblue,YES,244.198803,2616.593281,8.69919399999981
393000,4211000,CB5MH_MD,47.57218,1e+06,8.96,54.5,393000 4211000,14.5,Suitable,dodgerblue,YES,244.198803,2616.593281,8.69919399999981
393000,4211000,CB5MH_MD,14.76378,1e+06,9.19,54,393000 4211000,4.5,Suitable,dodgerblue,YES,244.198803,2616.593281,8.69919399999981
393000,4211000,CB5MH_MD,31.16798,1e+06,9.13,54.1,393000 4211000,9.5,Suitable,dodgerblue,YES,244.198803,2616.593281,8.69919399999981
393000,4211000,CB5MH_MD,67.25722,1e+06,8.52,55.3,393000 4211000,20.5,Suitable,dodgerblue,YES,244.198803,2616.593281,8.69919399999981
393000,4211000,CB5MH_MD,8.2021,1e+06,9.22,53.9,393000 4211000,2.5,Suitable,dodgerblue,YES,244.198803,2616.593281,8.69919399999981
393000,4211000,CB5MH_MD,27.88714,1e+06,9.14,54.1,393000 4211000,8.5,Suitable,dodgerblue,YES,244.198803,2616.593281,8.69919399999981
393000,4211000,CB5MH_MD,57.4147,1e+06,8.76,55,393000 4211000,17.5,Suitable,dodgerblue,YES,244.198803,2616.593281,8.69919399999981
393000,4211000,CB5MH_MD,1.64042,1e+06,9.26,54,393000 4211000,0.5,Suitable,dodgerblue,YES,244.198803,2616.593281,8.69919399999981
393000,4211000,CB5MH_MD,50.85302,1e+06,8.93,54.6,393000 4211000,15.5,Suitable,dodgerblue,YES,244.198803,2616.593281,8.69919399999981
393000,4211000,CB5MH_MD,18.04462,1e+06,9.18,54,393000 4211000,5.5,Suitable,dodgerblue,YES,244.198803,2616.593281,8.69919399999981
393000,4211000,CB5MH_MD,44.29134,1e+06,8.98,54.4,393000 4211000,13.5,Suitable,dodgerblue,YES,244.198803,2616.593281,8.69919399999981
393000,4211000,CB5MH_MD,54.13386,1e+06,8.91,54.7,393000 4211000,16.5,Suitable,dodgerblue,YES,244.198803,2616.593281,8.69919399999981
393000,4211000,CB5MH_MD,73.8189,1e+06,8.45,55.4,393000 4211000,22.5,Suitable,dodgerblue,YES,244.198803,2616.593281,8.69919399999981
393000,4211000,CB5MH_MD,11.48294,1e+06,9.2,54,393000 4211000,3.5,Suitable,dodgerblue,YES,244.198803,2616.593281,8.69919399999981
393000,4212000,CB5MH_MD,54.13386,1e+06,8.91,54.7,393000 4212000,16.5,Suitable,dodgerblue,YES,244.198803,2617.214652,9.32056499999999
393000,4212000,CB5MH_MD,14.76378,1e+06,9.18,54,393000 4212000,4.5,Suitable,dodgerblue,YES,244.198803,2617.214652,9.32056499999999
393000,4212000,CB5MH_MD,11.48294,1e+06,9.19,54,393000 4212000,3.5,Suitable,dodgerblue,YES,244.198803,2617.214652,9.32056499999999
393000,4212000,CB5MH_MD,18.04462,1e+06,9.17,54,393000 4212000,5.5,Suitable,dodgerblue,YES,244.198803,2617.214652,9.32056499999999
393000,4212000,CB5MH_MD,67.25722,1e+06,8.52,55.3,393000 4212000,20.5,Suitable,dodgerblue,YES,244.198803,2617.214652,9.32056499999999
393000,4212000,CB5MH_MD,47.57218,1e+06,8.98,54.5,393000 4212000,14.5,Suitable,dodgerblue,YES,244.198803,2617.214652,9.32056499999999
393000,4212000,CB5MH_MD,31.16798,1e+06,9.12,54.1,393000 4212000,9.5,Suitable,dodgerblue,YES,244.198803,2617.214652,9.32056499999999
393000,4212000,CB5MH_MD,34.44882,1e+06,9.09,54.1,393000 4212000,10.5,Suitable,dodgerblue,YES,244.198803,2617.214652,9.32056499999999
393000,4212000,CB5MH_MD,24.6063,1e+06,9.14,54,393000 4212000,7.5,Suitable,dodgerblue,YES,244.198803,2617.214652,9.32056499999999
393000,4212000,CB5MH_MD,1.64042,1e+06,9.25,54,393000 4212000,0.5,Suitable,dodgerblue,YES,244.198803,2617.214652,9.32056499999999
393000,4212000,CB5MH_MD,44.29134,1e+06,9,54.4,393000 4212000,13.5,Suitable,dodgerblue,YES,244.198803,2617.214652,9.32056499999999
393000,4212000,CB5MH_MD,73.8189,1e+06,8.45,55.4,393000 4212000,22.5,Suitable,dodgerblue,YES,244.198803,2617.214652,9.32056499999999
393000,4212000,CB5MH_MD,60.69554,1e+06,8.68,55.1,393000 4212000,18.5,Suitable,dodgerblue,YES,244.198803,2617.214652,9.32056499999999
393000,4212000,CB5MH_MD,8.2021,1e+06,9.21,54,393000 4212000,2.5,Suitable,dodgerblue,YES,244.198803,2617.214652,9.32056499999999
393000,4212000,CB5MH_MD,4.92126,1e+06,9.25,54,393000 4212000,1.5,Suitable,dodgerblue,YES,244.198803,2617.214652,9.32056499999999
393000,4212000,CB5MH_MD,27.88714,1e+06,9.13,54.1,393000 4212000,8.5,Suitable,dodgerblue,YES,244.198803,2617.214652,9.32056499999999
393000,4212000,CB5MH_MD,57.4147,1e+06,8.79,55,393000 4212000,17.5,Suitable,dodgerblue,YES,244.198803,2617.214652,9.32056499999999
393000,4212000,CB5MH_MD,80.38058,1e+06,8.4,55.4,393000 4212000,24.5,Suitable,dodgerblue,YES,244.198803,2617.214652,9.32056499999999
393000,4212000,CB5MH_MD,50.85302,1e+06,8.94,54.6,393000 4212000,15.5,Suitable,dodgerblue,YES,244.198803,2617.214652,9.32056499999999
393000,4212000,CB5MH_MD,37.72966,1e+06,9.06,54.2,393000 4212000,11.5,Suitable,dodgerblue,YES,244.198803,2617.214652,9.32056499999999
393000,4212000,CB5MH_MD,70.53806,1e+06,8.48,55.4,393000 4212000,21.5,Suitable,dodgerblue,YES,244.198803,2617.214652,9.32056499999999
393000,4212000,CB5MH_MD,41.0105,1e+06,9.04,54.3,393000 4212000,12.5,Suitable,dodgerblue,YES,244.198803,2617.214652,9.32056499999999
393000,4212000,CB5MH_MD,77.09974,1e+06,8.43,55.4,393000 4212000,23.5,Suitable,dodgerblue,YES,244.198803,2617.214652,9.32056499999999
393000,4212000,CB5MH_MD,21.32546,1e+06,9.16,54,393000 4212000,6.5,Suitable,dodgerblue,YES,244.198803,2617.214652,9.32056499999999
393000,4212000,CB5MH_MD,63.97638,1e+06,8.55,55.2,393000 4212000,19.5,Suitable,dodgerblue,YES,244.198803,2617.214652,9.32056499999999
393000,4213000,CB5MH_MD,14.76378,1e+06,9.17,54.1,393000 4213000,4.5,Suitable,dodgerblue,YES,244.198803,2617.836023,9.94193599999971
393000,4213000,CB5MH_MD,63.97638,1e+06,8.56,55.2,393000 4213000,19.5,Suitable,dodgerblue,YES,244.198803,2617.836023,9.94193599999971
393000,4213000,CB5MH_MD,57.4147,1e+06,8.82,54.9,393000 4213000,17.5,Suitable,dodgerblue,YES,244.198803,2617.836023,9.94193599999971
393000,4213000,CB5MH_MD,54.13386,1e+06,8.92,54.7,393000 4213000,16.5,Suitable,dodgerblue,YES,244.198803,2617.836023,9.94193599999971
393000,4213000,CB5MH_MD,41.0105,1e+06,9.05,54.2,393000 4213000,12.5,Suitable,dodgerblue,YES,244.198803,2617.836023,9.94193599999971
393000,4213000,CB5MH_MD,21.32546,1e+06,9.15,54,393000 4213000,6.5,Suitable,dodgerblue,YES,244.198803,2617.836023,9.94193599999971
393000,4213000,CB5MH_MD,50.85302,1e+06,8.95,54.5,393000 4213000,15.5,Suitable,dodgerblue,YES,244.198803,2617.836023,9.94193599999971
393000,4213000,CB5MH_MD,8.2021,1e+06,9.2,54,393000 4213000,2.5,Suitable,dodgerblue,YES,244.198803,2617.836023,9.94193599999971
393000,4213000,CB5MH_MD,70.53806,1e+06,8.48,55.4,393000 4213000,21.5,Suitable,dodgerblue,YES,244.198803,2617.836023,9.94193599999971
393000,4213000,CB5MH_MD,4.92126,1e+06,9.24,54.1,393000 4213000,1.5,Suitable,dodgerblue,YES,244.198803,2617.836023,9.94193599999971
393000,4213000,CB5MH_MD,60.69554,1e+06,8.7,55.1,393000 4213000,18.5,Suitable,dodgerblue,YES,244.198803,2617.836023,9.94193599999971
393000,4213000,CB5MH_MD,67.25722,1e+06,8.52,55.3,393000 4213000,20.5,Suitable,dodgerblue,YES,244.198803,2617.836023,9.94193599999971
393000,4213000,CB5MH_MD,1.64042,1e+06,9.24,54.1,393000 4213000,0.5,Suitable,dodgerblue,YES,244.198803,2617.836023,9.94193599999971
393000,4213000,CB5MH_MD,37.72966,1e+06,9.07,54.1,393000 4213000,11.5,Suitable,dodgerblue,YES,244.198803,2617.836023,9.94193599999971
393000,4213000,CB5MH_MD,31.16798,1e+06,9.12,54.2,393000 4213000,9.5,Suitable,dodgerblue,YES,244.198803,2617.836023,9.94193599999971
393000,4213000,CB5MH_MD,18.04462,1e+06,9.16,54.1,393000 4213000,5.5,Suitable,dodgerblue,YES,244.198803,2617.836023,9.94193599999971
393000,4213000,CB5MH_MD,27.88714,1e+06,9.13,54.1,393000 4213000,8.5,Suitable,dodgerblue,YES,244.198803,2617.836023,9.94193599999971
393000,4213000,CB5MH_MD,47.57218,1e+06,8.99,54.4,393000 4213000,14.5,Suitable,dodgerblue,YES,244.198803,2617.836023,9.94193599999971
393000,4213000,CB5MH_MD,11.48294,1e+06,9.17,54,393000 4213000,3.5,Suitable,dodgerblue,YES,244.198803,2617.836023,9.94193599999971
393000,4213000,CB5MH_MD,73.8189,1e+06,8.44,55.4,393000 4213000,22.5,Suitable,dodgerblue,YES,244.198803,2617.836023,9.94193599999971
393000,4213000,CB5MH_MD,83.66142,1e+06,8.4,55.4,393000 4213000,25.5,Suitable,dodgerblue,YES,244.198803,2617.836023,9.94193599999971
393000,4213000,CB5MH_MD,44.29134,1e+06,9.01,54.3,393000 4213000,13.5,Suitable,dodgerblue,YES,244.198803,2617.836023,9.94193599999971
393000,4213000,CB5MH_MD,77.09974,1e+06,8.42,55.4,393000 4213000,23.5,Suitable,dodgerblue,YES,244.198803,2617.836023,9.94193599999971
393000,4213000,CB5MH_MD,80.38058,1e+06,8.4,55.4,393000 4213000,24.5,Suitable,dodgerblue,YES,244.198803,2617.836023,9.94193599999971
393000,4213000,CB5MH_MD,34.44882,1e+06,9.09,54.1,393000 4213000,10.5,Suitable,dodgerblue,YES,244.198803,2617.836023,9.94193599999971
393000,4213000,CB5MH_MD,24.6063,1e+06,9.14,54.1,393000 4213000,7.5,Suitable,dodgerblue,YES,244.198803,2617.836023,9.94193599999971
393000,4214000,CB5MH_MD,57.4147,1e+06,8.84,54.9,393000 4214000,17.5,Suitable,dodgerblue,YES,244.198803,2618.457394,10.5633069999999
393000,4214000,CB5MH_MD,73.8189,1e+06,8.44,55.4,393000 4214000,22.5,Suitable,dodgerblue,YES,244.198803,2618.457394,10.5633069999999
393000,4214000,CB5MH_MD,34.44882,1e+06,9.09,54.1,393000 4214000,10.5,Suitable,dodgerblue,YES,244.198803,2618.457394,10.5633069999999
393000,4214000,CB5MH_MD,44.29134,1e+06,9.02,54.3,393000 4214000,13.5,Suitable,dodgerblue,YES,244.198803,2618.457394,10.5633069999999
393000,4214000,CB5MH_MD,50.85302,1e+06,8.95,54.5,393000 4214000,15.5,Suitable,dodgerblue,YES,244.198803,2618.457394,10.5633069999999
393000,4214000,CB5MH_MD,60.69554,1e+06,8.71,55.1,393000 4214000,18.5,Suitable,dodgerblue,YES,244.198803,2618.457394,10.5633069999999
393000,4214000,CB5MH_MD,54.13386,1e+06,8.92,54.7,393000 4214000,16.5,Suitable,dodgerblue,YES,244.198803,2618.457394,10.5633069999999
393000,4214000,CB5MH_MD,77.09974,1e+06,8.42,55.4,393000 4214000,23.5,Suitable,dodgerblue,YES,244.198803,2618.457394,10.5633069999999
393000,4214000,CB5MH_MD,41.0105,1e+06,9.06,54.2,393000 4214000,12.5,Suitable,dodgerblue,YES,244.198803,2618.457394,10.5633069999999
393000,4214000,CB5MH_MD,47.57218,1e+06,9,54.4,393000 4214000,14.5,Suitable,dodgerblue,YES,244.198803,2618.457394,10.5633069999999
393000,4214000,CB5MH_MD,37.72966,1e+06,9.08,54.1,393000 4214000,11.5,Suitable,dodgerblue,YES,244.198803,2618.457394,10.5633069999999
393000,4214000,CB5MH_MD,80.38058,1e+06,8.4,55.4,393000 4214000,24.5,Suitable,dodgerblue,YES,244.198803,2618.457394,10.5633069999999
393000,4214000,CB5MH_MD,31.16798,1e+06,9.12,54.2,393000 4214000,9.5,Suitable,dodgerblue,YES,244.198803,2618.457394,10.5633069999999
393000,4214000,CB5MH_MD,67.25722,1e+06,8.53,55.3,393000 4214000,20.5,Suitable,dodgerblue,YES,244.198803,2618.457394,10.5633069999999
393000,4214000,CB5MH_MD,27.88714,1e+06,9.12,54.2,393000 4214000,8.5,Suitable,dodgerblue,YES,244.198803,2618.457394,10.5633069999999
393000,4214000,CB5MH_MD,11.48294,1e+06,9.16,54.1,393000 4214000,3.5,Suitable,dodgerblue,YES,244.198803,2618.457394,10.5633069999999
393000,4214000,CB5MH_MD,24.6063,1e+06,9.13,54.1,393000 4214000,7.5,Suitable,dodgerblue,YES,244.198803,2618.457394,10.5633069999999
393000,4214000,CB5MH_MD,70.53806,1e+06,8.47,55.4,393000 4214000,21.5,Suitable,dodgerblue,YES,244.198803,2618.457394,10.5633069999999
393000,4214000,CB5MH_MD,63.97638,1e+06,8.56,55.1,393000 4214000,19.5,Suitable,dodgerblue,YES,244.198803,2618.457394,10.5633069999999
393000,4214000,CB5MH_MD,1.64042,1e+06,9.24,54.2,393000 4214000,0.5,Suitable,dodgerblue,YES,244.198803,2618.457394,10.5633069999999
393000,4214000,CB5MH_MD,18.04462,1e+06,9.15,54.1,393000 4214000,5.5,Suitable,dodgerblue,YES,244.198803,2618.457394,10.5633069999999
393000,4214000,CB5MH_MD,21.32546,1e+06,9.14,54.1,393000 4214000,6.5,Suitable,dodgerblue,YES,244.198803,2618.457394,10.5633069999999
393000,4214000,CB5MH_MD,14.76378,1e+06,9.15,54.1,393000 4214000,4.5,Suitable,dodgerblue,YES,244.198803,2618.457394,10.5633069999999
393000,4214000,CB5MH_MD,8.2021,1e+06,9.19,54.1,393000 4214000,2.5,Suitable,dodgerblue,YES,244.198803,2618.457394,10.5633069999999
393000,4214000,CB5MH_MD,4.92126,1e+06,9.23,54.2,393000 4214000,1.5,Suitable,dodgerblue,YES,244.198803,2618.457394,10.5633069999999
393000,4215000,CB5MH_MD,70.53806,1e+06,8.47,55.4,393000 4215000,21.5,Suitable,dodgerblue,YES,244.198803,2619.078765,11.1846780000001
393000,4215000,CB5MH_MD,41.0105,1e+06,9.07,54.2,393000 4215000,12.5,Suitable,dodgerblue,YES,244.198803,2619.078765,11.1846780000001
393000,4215000,CB5MH_MD,57.4147,1e+06,8.85,54.9,393000 4215000,17.5,Suitable,dodgerblue,YES,244.198803,2619.078765,11.1846780000001
393000,4215000,CB5MH_MD,54.13386,1e+06,8.93,54.7,393000 4215000,16.5,Suitable,dodgerblue,YES,244.198803,2619.078765,11.1846780000001
393000,4215000,CB5MH_MD,24.6063,1e+06,9.12,54.2,393000 4215000,7.5,Suitable,dodgerblue,YES,244.198803,2619.078765,11.1846780000001
393000,4215000,CB5MH_MD,67.25722,1e+06,8.53,55.3,393000 4215000,20.5,Suitable,dodgerblue,YES,244.198803,2619.078765,11.1846780000001
393000,4215000,CB5MH_MD,63.97638,1e+06,8.56,55.1,393000 4215000,19.5,Suitable,dodgerblue,YES,244.198803,2619.078765,11.1846780000001
393000,4215000,CB5MH_MD,60.69554,1e+06,8.72,55,393000 4215000,18.5,Suitable,dodgerblue,YES,244.198803,2619.078765,11.1846780000001
393000,4215000,CB5MH_MD,14.76378,1e+06,9.14,54.2,393000 4215000,4.5,Suitable,dodgerblue,YES,244.198803,2619.078765,11.1846780000001
393000,4215000,CB5MH_MD,8.2021,1e+06,9.18,54.2,393000 4215000,2.5,Suitable,dodgerblue,YES,244.198803,2619.078765,11.1846780000001
393000,4215000,CB5MH_MD,4.92126,1e+06,9.22,54.2,393000 4215000,1.5,Suitable,dodgerblue,YES,244.198803,2619.078765,11.1846780000001
393000,4215000,CB5MH_MD,31.16798,1e+06,9.12,54.2,393000 4215000,9.5,Suitable,dodgerblue,YES,244.198803,2619.078765,11.1846780000001
393000,4215000,CB5MH_MD,27.88714,1e+06,9.12,54.2,393000 4215000,8.5,Suitable,dodgerblue,YES,244.198803,2619.078765,11.1846780000001
393000,4215000,CB5MH_MD,47.57218,1e+06,9,54.4,393000 4215000,14.5,Suitable,dodgerblue,YES,244.198803,2619.078765,11.1846780000001
393000,4215000,CB5MH_MD,44.29134,1e+06,9.03,54.3,393000 4215000,13.5,Suitable,dodgerblue,YES,244.198803,2619.078765,11.1846780000001
393000,4215000,CB5MH_MD,50.85302,1e+06,8.96,54.5,393000 4215000,15.5,Suitable,dodgerblue,YES,244.198803,2619.078765,11.1846780000001
393000,4215000,CB5MH_MD,11.48294,1e+06,9.15,54.1,393000 4215000,3.5,Suitable,dodgerblue,YES,244.198803,2619.078765,11.1846780000001
393000,4215000,CB5MH_MD,1.64042,1e+06,9.23,54.2,393000 4215000,0.5,Suitable,dodgerblue,YES,244.198803,2619.078765,11.1846780000001
393000,4215000,CB5MH_MD,18.04462,1e+06,9.14,54.2,393000 4215000,5.5,Suitable,dodgerblue,YES,244.198803,2619.078765,11.1846780000001
393000,4215000,CB5MH_MD,37.72966,1e+06,9.08,54.1,393000 4215000,11.5,Suitable,dodgerblue,YES,244.198803,2619.078765,11.1846780000001
393000,4215000,CB5MH_MD,21.32546,1e+06,9.13,54.1,393000 4215000,6.5,Suitable,dodgerblue,YES,244.198803,2619.078765,11.1846780000001
393000,4215000,CB5MH_MD,34.44882,1e+06,9.1,54.2,393000 4215000,10.5,Suitable,dodgerblue,YES,244.198803,2619.078765,11.1846780000001
393000,4218000,CB5MH_MD,24.6063,1e+06,9.11,54.3,393000 4218000,7.5,Suitable,dodgerblue,YES,244.198803,2620.942878,13.0487909999997
393000,4218000,CB5MH_MD,4.92126,1e+06,9.21,54.4,393000 4218000,1.5,Suitable,dodgerblue,YES,244.198803,2620.942878,13.0487909999997
393000,4218000,CB5MH_MD,70.53806,1e+06,8.47,55.4,393000 4218000,21.5,Suitable,dodgerblue,YES,244.198803,2620.942878,13.0487909999997
393000,4218000,CB5MH_MD,63.97638,1e+06,8.57,55.1,393000 4218000,19.5,Suitable,dodgerblue,YES,244.198803,2620.942878,13.0487909999997
393000,4218000,CB5MH_MD,41.0105,1e+06,9.09,54.1,393000 4218000,12.5,Suitable,dodgerblue,YES,244.198803,2620.942878,13.0487909999997
393000,4218000,CB5MH_MD,37.72966,1e+06,9.09,54.1,393000 4218000,11.5,Suitable,dodgerblue,YES,244.198803,2620.942878,13.0487909999997
393000,4218000,CB5MH_MD,31.16798,1e+06,9.1,54.3,393000 4218000,9.5,Suitable,dodgerblue,YES,244.198803,2620.942878,13.0487909999997
393000,4218000,CB5MH_MD,27.88714,1e+06,9.1,54.3,393000 4218000,8.5,Suitable,dodgerblue,YES,244.198803,2620.942878,13.0487909999997
393000,4218000,CB5MH_MD,21.32546,1e+06,9.11,54.2,393000 4218000,6.5,Suitable,dodgerblue,YES,244.198803,2620.942878,13.0487909999997
393000,4218000,CB5MH_MD,18.04462,1e+06,9.11,54.3,393000 4218000,5.5,Suitable,dodgerblue,YES,244.198803,2620.942878,13.0487909999997
393000,4218000,CB5MH_MD,34.44882,1e+06,9.09,54.2,393000 4218000,10.5,Suitable,dodgerblue,YES,244.198803,2620.942878,13.0487909999997
393000,4218000,CB5MH_MD,1.64042,1e+06,9.21,54.4,393000 4218000,0.5,Suitable,dodgerblue,YES,244.198803,2620.942878,13.0487909999997
393000,4218000,CB5MH_MD,73.8189,1e+06,8.43,55.4,393000 4218000,22.5,Suitable,dodgerblue,YES,244.198803,2620.942878,13.0487909999997
393000,4218000,CB5MH_MD,44.29134,1e+06,9.06,54.2,393000 4218000,13.5,Suitable,dodgerblue,YES,244.198803,2620.942878,13.0487909999997
393000,4218000,CB5MH_MD,47.57218,1e+06,9.02,54.3,393000 4218000,14.5,Suitable,dodgerblue,YES,244.198803,2620.942878,13.0487909999997
393000,4218000,CB5MH_MD,50.85302,1e+06,8.96,54.4,393000 4218000,15.5,Suitable,dodgerblue,YES,244.198803,2620.942878,13.0487909999997
393000,4218000,CB5MH_MD,60.69554,1e+06,8.74,55,393000 4218000,18.5,Suitable,dodgerblue,YES,244.198803,2620.942878,13.0487909999997
393000,4218000,CB5MH_MD,57.4147,1e+06,8.89,54.8,393000 4218000,17.5,Suitable,dodgerblue,YES,244.198803,2620.942878,13.0487909999997
393000,4218000,CB5MH_MD,67.25722,1e+06,8.53,55.3,393000 4218000,20.5,Suitable,dodgerblue,YES,244.198803,2620.942878,13.0487909999997
393000,4218000,CB5MH_MD,77.09974,1e+06,8.4,55.4,393000 4218000,23.5,Suitable,dodgerblue,YES,244.198803,2620.942878,13.0487909999997
393000,4218000,CB5MH_MD,14.76378,1e+06,9.11,54.3,393000 4218000,4.5,Suitable,dodgerblue,YES,244.198803,2620.942878,13.0487909999997
393000,4218000,CB5MH_MD,54.13386,1e+06,8.93,54.6,393000 4218000,16.5,Suitable,dodgerblue,YES,244.198803,2620.942878,13.0487909999997
393000,4218000,CB5MH_MD,11.48294,1e+06,9.11,54.2,393000 4218000,3.5,Suitable,dodgerblue,YES,244.198803,2620.942878,13.0487909999997
393000,4218000,CB5MH_MD,8.2021,1e+06,9.16,54.3,393000 4218000,2.5,Suitable,dodgerblue,YES,244.198803,2620.942878,13.0487909999997
393000,4219000,CB5MH_MD,106.6273,1e+06,8.2,55.6,393000 4219000,32.5,Suitable,dodgerblue,YES,244.198803,2621.564249,13.6701619999999
393000,4219000,CB5MH_MD,54.13386,1e+06,8.93,54.6,393000 4219000,16.5,Suitable,dodgerblue,YES,244.198803,2621.564249,13.6701619999999
393000,4219000,CB5MH_MD,41.0105,1e+06,9.09,54.1,393000 4219000,12.5,Suitable,dodgerblue,YES,244.198803,2621.564249,13.6701619999999
393000,4219000,CB5MH_MD,50.85302,1e+06,8.97,54.4,393000 4219000,15.5,Suitable,dodgerblue,YES,244.198803,2621.564249,13.6701619999999
393000,4219000,CB5MH_MD,103.34646,1e+06,8.2,55.6,393000 4219000,31.5,Suitable,dodgerblue,YES,244.198803,2621.564249,13.6701619999999
393000,4219000,CB5MH_MD,24.6063,1e+06,9.1,54.3,393000 4219000,7.5,Suitable,dodgerblue,YES,244.198803,2621.564249,13.6701619999999
393000,4219000,CB5MH_MD,86.94226,1e+06,8.4,55.4,393000 4219000,26.5,Suitable,dodgerblue,YES,244.198803,2621.564249,13.6701619999999
393000,4219000,CB5MH_MD,90.2231,1e+06,8.4,55.4,393000 4219000,27.5,Suitable,dodgerblue,YES,244.198803,2621.564249,13.6701619999999
393000,4219000,CB5MH_MD,8.2021,1e+06,9.16,54.4,393000 4219000,2.5,Suitable,dodgerblue,YES,244.198803,2621.564249,13.6701619999999
393000,4219000,CB5MH_MD,47.57218,1e+06,9.02,54.3,393000 4219000,14.5,Suitable,dodgerblue,YES,244.198803,2621.564249,13.6701619999999
393000,4219000,CB5MH_MD,14.76378,1e+06,9.11,54.3,393000 4219000,4.5,Suitable,dodgerblue,YES,244.198803,2621.564249,13.6701619999999
393000,4219000,CB5MH_MD,100.06562,1e+06,8.2,55.6,393000 4219000,30.5,Suitable,dodgerblue,YES,244.198803,2621.564249,13.6701619999999
393000,4219000,CB5MH_MD,34.44882,1e+06,9.1,54.2,393000 4219000,10.5,Suitable,dodgerblue,YES,244.198803,2621.564249,13.6701619999999
393000,4219000,CB5MH_MD,83.66142,1e+06,8.4,55.4,393000 4219000,25.5,Suitable,dodgerblue,YES,244.198803,2621.564249,13.6701619999999
393000,4219000,CB5MH_MD,96.78478,1e+06,8.2,55.6,393000 4219000,29.5,Suitable,dodgerblue,YES,244.198803,2621.564249,13.6701619999999
393000,4219000,CB5MH_MD,11.48294,1e+06,9.11,54.3,393000 4219000,3.5,Suitable,dodgerblue,YES,244.198803,2621.564249,13.6701619999999
393000,4219000,CB5MH_MD,27.88714,1e+06,9.1,54.3,393000 4219000,8.5,Suitable,dodgerblue,YES,244.198803,2621.564249,13.6701619999999
393000,4219000,CB5MH_MD,4.92126,1e+06,9.21,54.4,393000 4219000,1.5,Suitable,dodgerblue,YES,244.198803,2621.564249,13.6701619999999
393000,4219000,CB5MH_MD,116.46982,1e+06,8.2,55.6,393000 4219000,35.5,Suitable,dodgerblue,YES,244.198803,2621.564249,13.6701619999999
393000,4219000,CB5MH_MD,80.38058,1e+06,8.4,55.4,393000 4219000,24.5,Suitable,dodgerblue,YES,244.198803,2621.564249,13.6701619999999
393000,4219000,CB5MH_MD,93.50394,1e+06,8.4,55.4,393000 4219000,28.5,Suitable,dodgerblue,YES,244.198803,2621.564249,13.6701619999999
393000,4219000,CB5MH_MD,63.97638,1e+06,8.57,55.1,393000 4219000,19.5,Suitable,dodgerblue,YES,244.198803,2621.564249,13.6701619999999
393000,4219000,CB5MH_MD,119.75066,1e+06,8.2,55.6,393000 4219000,36.5,Suitable,dodgerblue,YES,244.198803,2621.564249,13.6701619999999
393000,4219000,CB5MH_MD,44.29134,1e+06,9.06,54.2,393000 4219000,13.5,Suitable,dodgerblue,YES,244.198803,2621.564249,13.6701619999999
393000,4219000,CB5MH_MD,31.16798,1e+06,9.1,54.3,393000 4219000,9.5,Suitable,dodgerblue,YES,244.198803,2621.564249,13.6701619999999
393000,4219000,CB5MH_MD,18.04462,1e+06,9.11,54.3,393000 4219000,5.5,Suitable,dodgerblue,YES,244.198803,2621.564249,13.6701619999999
393000,4219000,CB5MH_MD,1.64042,1e+06,9.21,54.4,393000 4219000,0.5,Suitable,dodgerblue,YES,244.198803,2621.564249,13.6701619999999
393000,4219000,CB5MH_MD,113.18898,1e+06,8.2,55.6,393000 4219000,34.5,Suitable,dodgerblue,YES,244.198803,2621.564249,13.6701619999999
393000,4219000,CB5MH_MD,73.8189,1e+06,8.43,55.4,393000 4219000,22.5,Suitable,dodgerblue,YES,244.198803,2621.564249,13.6701619999999
393000,4219000,CB5MH_MD,37.72966,1e+06,9.09,54.1,393000 4219000,11.5,Suitable,dodgerblue,YES,244.198803,2621.564249,13.6701619999999
393000,4219000,CB5MH_MD,70.53806,1e+06,8.47,55.4,393000 4219000,21.5,Suitable,dodgerblue,YES,244.198803,2621.564249,13.6701619999999
393000,4219000,CB5MH_MD,21.32546,1e+06,9.1,54.3,393000 4219000,6.5,Suitable,dodgerblue,YES,244.198803,2621.564249,13.6701619999999
393000,4219000,CB5MH_MD,77.09974,1e+06,8.4,55.4,393000 4219000,23.5,Suitable,dodgerblue,YES,244.198803,2621.564249,13.6701619999999
393000,4219000,CB5MH_MD,57.4147,1e+06,8.89,54.8,393000 4219000,17.5,Suitable,dodgerblue,YES,244.198803,2621.564249,13.6701619999999
393000,4219000,CB5MH_MD,60.69554,1e+06,8.75,55,393000 4219000,18.5,Suitable,dodgerblue,YES,244.198803,2621.564249,13.6701619999999
393000,4219000,CB5MH_MD,109.90814,1e+06,8.2,55.6,393000 4219000,33.5,Suitable,dodgerblue,YES,244.198803,2621.564249,13.6701619999999
393000,4219000,CB5MH_MD,67.25722,1e+06,8.53,55.3,393000 4219000,20.5,Suitable,dodgerblue,YES,244.198803,2621.564249,13.6701619999999
393000,4220000,CB5MH_MD,14.76378,1e+06,9.1,54.3,393000 4220000,4.5,Suitable,dodgerblue,YES,244.198803,2622.18562,14.2915330000001
393000,4220000,CB5MH_MD,8.2021,1e+06,9.15,54.4,393000 4220000,2.5,Suitable,dodgerblue,YES,244.198803,2622.18562,14.2915330000001
393000,4220000,CB5MH_MD,18.04462,1e+06,9.1,54.3,393000 4220000,5.5,Suitable,dodgerblue,YES,244.198803,2622.18562,14.2915330000001
393000,4220000,CB5MH_MD,31.16798,1e+06,9.1,54.3,393000 4220000,9.5,Suitable,dodgerblue,YES,244.198803,2622.18562,14.2915330000001
393000,4220000,CB5MH_MD,1.64042,1e+06,9.2,54.5,393000 4220000,0.5,Suitable,dodgerblue,YES,244.198803,2622.18562,14.2915330000001
393000,4220000,CB5MH_MD,21.32546,1e+06,9.1,54.3,393000 4220000,6.5,Suitable,dodgerblue,YES,244.198803,2622.18562,14.2915330000001
393000,4220000,CB5MH_MD,27.88714,1e+06,9.1,54.3,393000 4220000,8.5,Suitable,dodgerblue,YES,244.198803,2622.18562,14.2915330000001
393000,4220000,CB5MH_MD,77.09974,1e+06,8.4,55.4,393000 4220000,23.5,Suitable,dodgerblue,YES,244.198803,2622.18562,14.2915330000001
393000,4220000,CB5MH_MD,4.92126,1e+06,9.2,54.5,393000 4220000,1.5,Suitable,dodgerblue,YES,244.198803,2622.18562,14.2915330000001
393000,4220000,CB5MH_MD,11.48294,1e+06,9.1,54.3,393000 4220000,3.5,Suitable,dodgerblue,YES,244.198803,2622.18562,14.2915330000001
393000,4220000,CB5MH_MD,24.6063,1e+06,9.1,54.3,393000 4220000,7.5,Suitable,dodgerblue,YES,244.198803,2622.18562,14.2915330000001
393000,4220000,CB5MH_MD,67.25722,1e+06,8.53,55.3,393000 4220000,20.5,Suitable,dodgerblue,YES,244.198803,2622.18562,14.2915330000001
393000,4220000,CB5MH_MD,83.66142,1e+06,8.4,55.4,393000 4220000,25.5,Suitable,dodgerblue,YES,244.198803,2622.18562,14.2915330000001
393000,4220000,CB5MH_MD,73.8189,1e+06,8.43,55.4,393000 4220000,22.5,Suitable,dodgerblue,YES,244.198803,2622.18562,14.2915330000001
393000,4220000,CB5MH_MD,44.29134,1e+06,9.07,54.2,393000 4220000,13.5,Suitable,dodgerblue,YES,244.198803,2622.18562,14.2915330000001
393000,4220000,CB5MH_MD,47.57218,1e+06,9.03,54.3,393000 4220000,14.5,Suitable,dodgerblue,YES,244.198803,2622.18562,14.2915330000001
393000,4220000,CB5MH_MD,54.13386,1e+06,8.93,54.6,393000 4220000,16.5,Suitable,dodgerblue,YES,244.198803,2622.18562,14.2915330000001
393000,4220000,CB5MH_MD,70.53806,1e+06,8.47,55.4,393000 4220000,21.5,Suitable,dodgerblue,YES,244.198803,2622.18562,14.2915330000001
393000,4220000,CB5MH_MD,34.44882,1e+06,9.1,54.2,393000 4220000,10.5,Suitable,dodgerblue,YES,244.198803,2622.18562,14.2915330000001
393000,4220000,CB5MH_MD,60.69554,1e+06,8.75,55,393000 4220000,18.5,Suitable,dodgerblue,YES,244.198803,2622.18562,14.2915330000001
393000,4220000,CB5MH_MD,63.97638,1e+06,8.57,55.1,393000 4220000,19.5,Suitable,dodgerblue,YES,244.198803,2622.18562,14.2915330000001
393000,4220000,CB5MH_MD,80.38058,1e+06,8.4,55.4,393000 4220000,24.5,Suitable,dodgerblue,YES,244.198803,2622.18562,14.2915330000001
393000,4220000,CB5MH_MD,57.4147,1e+06,8.9,54.8,393000 4220000,17.5,Suitable,dodgerblue,YES,244.198803,2622.18562,14.2915330000001
393000,4220000,CB5MH_MD,41.0105,1e+06,9.1,54.1,393000 4220000,12.5,Suitable,dodgerblue,YES,244.198803,2622.18562,14.2915330000001
393000,4220000,CB5MH_MD,37.72966,1e+06,9.1,54.1,393000 4220000,11.5,Suitable,dodgerblue,YES,244.198803,2622.18562,14.2915330000001
393000,4220000,CB5MH_MD,50.85302,1e+06,8.97,54.4,393000 4220000,15.5,Suitable,dodgerblue,YES,244.198803,2622.18562,14.2915330000001
393000,4343000,CB2OH,18.04462,1e+06,10.13,49.3,393000 4343000,5.5,Suitable,dodgerblue,YES,244.198803,2698.614253,90.7201660000001
393000,4343000,CB2OH,24.6063,1e+06,9.94,49.7,393000 4343000,7.5,Suitable,dodgerblue,YES,244.198803,2698.614253,90.7201660000001
393000,4343000,CB2OH,14.76378,1e+06,10.23,49.1,393000 4343000,4.5,Suitable,dodgerblue,YES,244.198803,2698.614253,90.7201660000001
393000,4343000,CB2OH,27.88714,1e+06,9.89,49.8,393000 4343000,8.5,Suitable,dodgerblue,YES,244.198803,2698.614253,90.7201660000001
393000,4343000,CB2OH,21.32546,1e+06,10.04,49.5,393000 4343000,6.5,Suitable,dodgerblue,YES,244.198803,2698.614253,90.7201660000001
393000,4343000,CB2OH,11.48294,1e+06,10.33,48.9,393000 4343000,3.5,Suitable,dodgerblue,YES,244.198803,2698.614253,90.7201660000001
393000,4343000,CB2OH,4.92126,1e+06,10.43,48.7,393000 4343000,1.5,Suitable,dodgerblue,YES,244.198803,2698.614253,90.7201660000001
393000,4343000,CB2OH,8.2021,1e+06,10.38,48.7,393000 4343000,2.5,Suitable,dodgerblue,YES,244.198803,2698.614253,90.7201660000001
393000,4343000,CB2OH,1.64042,1e+06,10.48,48.7,393000 4343000,0.5,Suitable,dodgerblue,YES,244.198803,2698.614253,90.7201660000001
393000,4344000,CB2OH,14.76378,1e+06,10.25,49,393000 4344000,4.5,Suitable,dodgerblue,YES,244.198803,2699.235624,91.3415369999998
393000,4344000,CB2OH,1.64042,1e+06,10.5,48.7,393000 4344000,0.5,Suitable,dodgerblue,YES,244.198803,2699.235624,91.3415369999998
393000,4344000,CB2OH,11.48294,1e+06,10.35,48.8,393000 4344000,3.5,Suitable,dodgerblue,YES,244.198803,2699.235624,91.3415369999998
393000,4344000,CB2OH,8.2021,1e+06,10.4,48.7,393000 4344000,2.5,Suitable,dodgerblue,YES,244.198803,2699.235624,91.3415369999998
393000,4344000,CB2OH,4.92126,1e+06,10.45,48.7,393000 4344000,1.5,Suitable,dodgerblue,YES,244.198803,2699.235624,91.3415369999998
393000,4344000,CB2OH,18.04462,1e+06,10.15,49.2,393000 4344000,5.5,Suitable,dodgerblue,YES,244.198803,2699.235624,91.3415369999998
393000,4344000,CB2OH,24.6063,1e+06,9.95,49.7,393000 4344000,7.5,Suitable,dodgerblue,YES,244.198803,2699.235624,91.3415369999998
393000,4344000,CB2OH,21.32546,1e+06,10.05,49.5,393000 4344000,6.5,Suitable,dodgerblue,YES,244.198803,2699.235624,91.3415369999998
393000,4345000,CB2OH,11.48294,1e+06,10.35,48.8,393000 4345000,3.5,Suitable,dodgerblue,YES,244.198803,2699.856995,91.962908
393000,4345000,CB2OH,8.2021,1e+06,10.4,48.7,393000 4345000,2.5,Suitable,dodgerblue,YES,244.198803,2699.856995,91.962908
393000,4345000,CB2OH,14.76378,1e+06,10.25,49,393000 4345000,4.5,Suitable,dodgerblue,YES,244.198803,2699.856995,91.962908
393000,4345000,CB2OH,21.32546,1e+06,10.05,49.5,393000 4345000,6.5,Suitable,dodgerblue,YES,244.198803,2699.856995,91.962908
393000,4345000,CB2OH,18.04462,1e+06,10.15,49.2,393000 4345000,5.5,Suitable,dodgerblue,YES,244.198803,2699.856995,91.962908
393000,4345000,CB2OH,1.64042,1e+06,10.5,48.7,393000 4345000,0.5,Suitable,dodgerblue,YES,244.198803,2699.856995,91.962908
393000,4345000,CB2OH,4.92126,1e+06,10.45,48.7,393000 4345000,1.5,Suitable,dodgerblue,YES,244.198803,2699.856995,91.962908
393000,4351000,CB2OH,1.64042,1e+06,10.62,48.2,393000 4351000,0.5,Suitable,dodgerblue,YES,244.198803,2703.585221,95.6911340000002
393000,4351000,CB2OH,8.2021,1e+06,10.42,48.6,393000 4351000,2.5,Suitable,dodgerblue,YES,244.198803,2703.585221,95.6911340000002
393000,4351000,CB2OH,27.88714,1e+06,10.07,49.5,393000 4351000,8.5,Suitable,dodgerblue,YES,244.198803,2703.585221,95.6911340000002
393000,4351000,CB2OH,31.16798,1e+06,9.77,50.1,393000 4351000,9.5,Suitable,dodgerblue,YES,244.198803,2703.585221,95.6911340000002
393000,4351000,CB2OH,21.32546,1e+06,10.17,49.3,393000 4351000,6.5,Suitable,dodgerblue,YES,244.198803,2703.585221,95.6911340000002
393000,4351000,CB2OH,14.76378,1e+06,10.3,49,393000 4351000,4.5,Suitable,dodgerblue,YES,244.198803,2703.585221,95.6911340000002
393000,4351000,CB2OH,37.72966,1e+06,9.75,50.1,393000 4351000,11.5,Suitable,dodgerblue,YES,244.198803,2703.585221,95.6911340000002
393000,4351000,CB2OH,34.44882,1e+06,9.8,50,393000 4351000,10.5,Suitable,dodgerblue,YES,244.198803,2703.585221,95.6911340000002
393000,4351000,CB2OH,18.04462,1e+06,10.23,49.1,393000 4351000,5.5,Suitable,dodgerblue,YES,244.198803,2703.585221,95.6911340000002
393000,4351000,CB2OH,24.6063,1e+06,10.11,49.4,393000 4351000,7.5,Suitable,dodgerblue,YES,244.198803,2703.585221,95.6911340000002
393000,4351000,CB2OH,11.48294,1e+06,10.4,48.8,393000 4351000,3.5,Suitable,dodgerblue,YES,244.198803,2703.585221,95.6911340000002
393000,4351000,CB2OH,4.92126,1e+06,10.55,48.3,393000 4351000,1.5,Suitable,dodgerblue,YES,244.198803,2703.585221,95.6911340000002
394000,4207000,CB5MH_MD,50.85302,1e+06,8.84,54.8,394000 4207000,15.5,Suitable,dodgerblue,YES,244.820174,2614.107797,6.21370999999999
394000,4207000,CB5MH_MD,73.8189,1e+06,8.48,55.4,394000 4207000,22.5,Suitable,dodgerblue,YES,244.820174,2614.107797,6.21370999999999
394000,4207000,CB5MH_MD,44.29134,1e+06,8.88,54.6,394000 4207000,13.5,Suitable,dodgerblue,YES,244.820174,2614.107797,6.21370999999999
394000,4207000,CB5MH_MD,80.38058,1e+06,8.4,55.4,394000 4207000,24.5,Suitable,dodgerblue,YES,244.820174,2614.107797,6.21370999999999
394000,4207000,CB5MH_MD,34.44882,1e+06,9.05,54.2,394000 4207000,10.5,Suitable,dodgerblue,YES,244.820174,2614.107797,6.21370999999999
394000,4207000,CB5MH_MD,31.16798,1e+06,9.11,54.1,394000 4207000,9.5,Suitable,dodgerblue,YES,244.820174,2614.107797,6.21370999999999
394000,4207000,CB5MH_MD,70.53806,1e+06,8.49,55.4,394000 4207000,21.5,Suitable,dodgerblue,YES,244.820174,2614.107797,6.21370999999999
394000,4207000,CB5MH_MD,77.09974,1e+06,8.47,55.4,394000 4207000,23.5,Suitable,dodgerblue,YES,244.820174,2614.107797,6.21370999999999
394000,4207000,CB5MH_MD,63.97638,1e+06,8.52,55.3,394000 4207000,19.5,Suitable,dodgerblue,YES,244.820174,2614.107797,6.21370999999999
394000,4207000,CB5MH_MD,57.4147,1e+06,8.64,55.2,394000 4207000,17.5,Suitable,dodgerblue,YES,244.820174,2614.107797,6.21370999999999
394000,4207000,CB5MH_MD,37.72966,1e+06,9.01,54.3,394000 4207000,11.5,Suitable,dodgerblue,YES,244.820174,2614.107797,6.21370999999999
394000,4207000,CB5MH_MD,27.88714,1e+06,9.13,54.1,394000 4207000,8.5,Suitable,dodgerblue,YES,244.820174,2614.107797,6.21370999999999
394000,4207000,CB5MH_MD,41.0105,1e+06,8.95,54.5,394000 4207000,12.5,Suitable,dodgerblue,YES,244.820174,2614.107797,6.21370999999999
394000,4207000,CB5MH_MD,4.92126,1e+06,9.31,53.8,394000 4207000,1.5,Suitable,dodgerblue,YES,244.820174,2614.107797,6.21370999999999
394000,4207000,CB5MH_MD,47.57218,1e+06,8.87,54.7,394000 4207000,14.5,Suitable,dodgerblue,YES,244.820174,2614.107797,6.21370999999999
394000,4207000,CB5MH_MD,14.76378,1e+06,9.24,53.9,394000 4207000,4.5,Suitable,dodgerblue,YES,244.820174,2614.107797,6.21370999999999
394000,4207000,CB5MH_MD,24.6063,1e+06,9.15,54,394000 4207000,7.5,Suitable,dodgerblue,YES,244.820174,2614.107797,6.21370999999999
394000,4207000,CB5MH_MD,60.69554,1e+06,8.59,55.3,394000 4207000,18.5,Suitable,dodgerblue,YES,244.820174,2614.107797,6.21370999999999
394000,4207000,CB5MH_MD,54.13386,1e+06,8.81,54.9,394000 4207000,16.5,Suitable,dodgerblue,YES,244.820174,2614.107797,6.21370999999999
394000,4207000,CB5MH_MD,1.64042,1e+06,9.33,53.8,394000 4207000,0.5,Suitable,dodgerblue,YES,244.820174,2614.107797,6.21370999999999
394000,4207000,CB5MH_MD,18.04462,1e+06,9.22,53.9,394000 4207000,5.5,Suitable,dodgerblue,YES,244.820174,2614.107797,6.21370999999999
394000,4207000,CB5MH_MD,67.25722,1e+06,8.51,55.4,394000 4207000,20.5,Suitable,dodgerblue,YES,244.820174,2614.107797,6.21370999999999
394000,4207000,CB5MH_MD,11.48294,1e+06,9.26,53.8,394000 4207000,3.5,Suitable,dodgerblue,YES,244.820174,2614.107797,6.21370999999999
394000,4207000,CB5MH_MD,21.32546,1e+06,9.2,53.9,394000 4207000,6.5,Suitable,dodgerblue,YES,244.820174,2614.107797,6.21370999999999
394000,4207000,CB5MH_MD,8.2021,1e+06,9.28,53.8,394000 4207000,2.5,Suitable,dodgerblue,YES,244.820174,2614.107797,6.21370999999999
394000,4208000,CB5MH_MD,80.38058,1e+06,8.4,55.4,394000 4208000,24.5,Suitable,dodgerblue,YES,244.820174,2614.729168,6.83508099999972
394000,4208000,CB5MH_MD,77.09974,1e+06,8.46,55.4,394000 4208000,23.5,Suitable,dodgerblue,YES,244.820174,2614.729168,6.83508099999972
394000,4208000,CB5MH_MD,67.25722,1e+06,8.51,55.4,394000 4208000,20.5,Suitable,dodgerblue,YES,244.820174,2614.729168,6.83508099999972
394000,4208000,CB5MH_MD,14.76378,1e+06,9.23,53.9,394000 4208000,4.5,Suitable,dodgerblue,YES,244.820174,2614.729168,6.83508099999972
394000,4208000,CB5MH_MD,70.53806,1e+06,8.49,55.4,394000 4208000,21.5,Suitable,dodgerblue,YES,244.820174,2614.729168,6.83508099999972
394000,4208000,CB5MH_MD,47.57218,1e+06,8.89,54.6,394000 4208000,14.5,Suitable,dodgerblue,YES,244.820174,2614.729168,6.83508099999972
394000,4208000,CB5MH_MD,24.6063,1e+06,9.15,54,394000 4208000,7.5,Suitable,dodgerblue,YES,244.820174,2614.729168,6.83508099999972
394000,4208000,CB5MH_MD,60.69554,1e+06,8.61,55.2,394000 4208000,18.5,Suitable,dodgerblue,YES,244.820174,2614.729168,6.83508099999972
394000,4208000,CB5MH_MD,54.13386,1e+06,8.84,54.9,394000 4208000,16.5,Suitable,dodgerblue,YES,244.820174,2614.729168,6.83508099999972
394000,4208000,CB5MH_MD,34.44882,1e+06,9.06,54.2,394000 4208000,10.5,Suitable,dodgerblue,YES,244.820174,2614.729168,6.83508099999972
394000,4208000,CB5MH_MD,21.32546,1e+06,9.19,53.9,394000 4208000,6.5,Suitable,dodgerblue,YES,244.820174,2614.729168,6.83508099999972
394000,4208000,CB5MH_MD,63.97638,1e+06,8.53,55.3,394000 4208000,19.5,Suitable,dodgerblue,YES,244.820174,2614.729168,6.83508099999972
394000,4208000,CB5MH_MD,37.72966,1e+06,9.02,54.3,394000 4208000,11.5,Suitable,dodgerblue,YES,244.820174,2614.729168,6.83508099999972
394000,4208000,CB5MH_MD,11.48294,1e+06,9.25,53.9,394000 4208000,3.5,Suitable,dodgerblue,YES,244.820174,2614.729168,6.83508099999972
394000,4208000,CB5MH_MD,4.92126,1e+06,9.29,53.8,394000 4208000,1.5,Suitable,dodgerblue,YES,244.820174,2614.729168,6.83508099999972
394000,4208000,CB5MH_MD,18.04462,1e+06,9.21,53.9,394000 4208000,5.5,Suitable,dodgerblue,YES,244.820174,2614.729168,6.83508099999972
394000,4208000,CB5MH_MD,50.85302,1e+06,8.86,54.7,394000 4208000,15.5,Suitable,dodgerblue,YES,244.820174,2614.729168,6.83508099999972
394000,4208000,CB5MH_MD,31.16798,1e+06,9.12,54.1,394000 4208000,9.5,Suitable,dodgerblue,YES,244.820174,2614.729168,6.83508099999972
394000,4208000,CB5MH_MD,41.0105,1e+06,8.97,54.4,394000 4208000,12.5,Suitable,dodgerblue,YES,244.820174,2614.729168,6.83508099999972
394000,4208000,CB5MH_MD,57.4147,1e+06,8.67,55.1,394000 4208000,17.5,Suitable,dodgerblue,YES,244.820174,2614.729168,6.83508099999972
394000,4208000,CB5MH_MD,44.29134,1e+06,8.9,54.6,394000 4208000,13.5,Suitable,dodgerblue,YES,244.820174,2614.729168,6.83508099999972
394000,4208000,CB5MH_MD,73.8189,1e+06,8.47,55.4,394000 4208000,22.5,Suitable,dodgerblue,YES,244.820174,2614.729168,6.83508099999972
394000,4208000,CB5MH_MD,27.88714,1e+06,9.13,54.1,394000 4208000,8.5,Suitable,dodgerblue,YES,244.820174,2614.729168,6.83508099999972
394000,4208000,CB5MH_MD,8.2021,1e+06,9.26,53.8,394000 4208000,2.5,Suitable,dodgerblue,YES,244.820174,2614.729168,6.83508099999972
394000,4208000,CB5MH_MD,1.64042,1e+06,9.31,53.8,394000 4208000,0.5,Suitable,dodgerblue,YES,244.820174,2614.729168,6.83508099999972
394000,4216000,CB5MH_MD,18.04462,1e+06,9.13,54.2,394000 4216000,5.5,Suitable,dodgerblue,YES,244.820174,2619.700136,11.8060489999998
394000,4216000,CB5MH_MD,67.25722,1e+06,8.53,55.3,394000 4216000,20.5,Suitable,dodgerblue,YES,244.820174,2619.700136,11.8060489999998
394000,4216000,CB5MH_MD,41.0105,1e+06,9.07,54.2,394000 4216000,12.5,Suitable,dodgerblue,YES,244.820174,2619.700136,11.8060489999998
394000,4216000,CB5MH_MD,44.29134,1e+06,9.04,54.3,394000 4216000,13.5,Suitable,dodgerblue,YES,244.820174,2619.700136,11.8060489999998
394000,4216000,CB5MH_MD,24.6063,1e+06,9.12,54.2,394000 4216000,7.5,Suitable,dodgerblue,YES,244.820174,2619.700136,11.8060489999998
394000,4216000,CB5MH_MD,63.97638,1e+06,8.56,55.1,394000 4216000,19.5,Suitable,dodgerblue,YES,244.820174,2619.700136,11.8060489999998
394000,4216000,CB5MH_MD,70.53806,1e+06,8.47,55.4,394000 4216000,21.5,Suitable,dodgerblue,YES,244.820174,2619.700136,11.8060489999998
394000,4216000,CB5MH_MD,4.92126,1e+06,9.22,54.3,394000 4216000,1.5,Suitable,dodgerblue,YES,244.820174,2619.700136,11.8060489999998
394000,4216000,CB5MH_MD,14.76378,1e+06,9.13,54.2,394000 4216000,4.5,Suitable,dodgerblue,YES,244.820174,2619.700136,11.8060489999998
394000,4216000,CB5MH_MD,50.85302,1e+06,8.96,54.5,394000 4216000,15.5,Suitable,dodgerblue,YES,244.820174,2619.700136,11.8060489999998
394000,4216000,CB5MH_MD,47.57218,1e+06,9.01,54.4,394000 4216000,14.5,Suitable,dodgerblue,YES,244.820174,2619.700136,11.8060489999998
394000,4216000,CB5MH_MD,31.16798,1e+06,9.11,54.2,394000 4216000,9.5,Suitable,dodgerblue,YES,244.820174,2619.700136,11.8060489999998
394000,4216000,CB5MH_MD,57.4147,1e+06,8.87,54.9,394000 4216000,17.5,Suitable,dodgerblue,YES,244.820174,2619.700136,11.8060489999998
394000,4216000,CB5MH_MD,11.48294,1e+06,9.14,54.2,394000 4216000,3.5,Suitable,dodgerblue,YES,244.820174,2619.700136,11.8060489999998
394000,4216000,CB5MH_MD,54.13386,1e+06,8.92,54.6,394000 4216000,16.5,Suitable,dodgerblue,YES,244.820174,2619.700136,11.8060489999998
394000,4216000,CB5MH_MD,60.69554,1e+06,8.73,55,394000 4216000,18.5,Suitable,dodgerblue,YES,244.820174,2619.700136,11.8060489999998
394000,4216000,CB5MH_MD,21.32546,1e+06,9.12,54.2,394000 4216000,6.5,Suitable,dodgerblue,YES,244.820174,2619.700136,11.8060489999998
394000,4216000,CB5MH_MD,1.64042,1e+06,9.22,54.3,394000 4216000,0.5,Suitable,dodgerblue,YES,244.820174,2619.700136,11.8060489999998
394000,4216000,CB5MH_MD,37.72966,1e+06,9.09,54.1,394000 4216000,11.5,Suitable,dodgerblue,YES,244.820174,2619.700136,11.8060489999998
394000,4216000,CB5MH_MD,27.88714,1e+06,9.11,54.2,394000 4216000,8.5,Suitable,dodgerblue,YES,244.820174,2619.700136,11.8060489999998
394000,4216000,CB5MH_MD,8.2021,1e+06,9.17,54.2,394000 4216000,2.5,Suitable,dodgerblue,YES,244.820174,2619.700136,11.8060489999998
394000,4216000,CB5MH_MD,34.44882,1e+06,9.1,54.2,394000 4216000,10.5,Suitable,dodgerblue,YES,244.820174,2619.700136,11.8060489999998
394000,4217000,CB5MH_MD,31.16798,1e+06,9.11,54.3,394000 4217000,9.5,Suitable,dodgerblue,YES,244.820174,2620.321507,12.42742
394000,4217000,CB5MH_MD,41.0105,1e+06,9.08,54.1,394000 4217000,12.5,Suitable,dodgerblue,YES,244.820174,2620.321507,12.42742
394000,4217000,CB5MH_MD,67.25722,1e+06,8.53,55.3,394000 4217000,20.5,Suitable,dodgerblue,YES,244.820174,2620.321507,12.42742
394000,4217000,CB5MH_MD,37.72966,1e+06,9.09,54.1,394000 4217000,11.5,Suitable,dodgerblue,YES,244.820174,2620.321507,12.42742
394000,4217000,CB5MH_MD,21.32546,1e+06,9.12,54.2,394000 4217000,6.5,Suitable,dodgerblue,YES,244.820174,2620.321507,12.42742
394000,4217000,CB5MH_MD,24.6063,1e+06,9.11,54.2,394000 4217000,7.5,Suitable,dodgerblue,YES,244.820174,2620.321507,12.42742
394000,4217000,CB5MH_MD,14.76378,1e+06,9.12,54.2,394000 4217000,4.5,Suitable,dodgerblue,YES,244.820174,2620.321507,12.42742
394000,4217000,CB5MH_MD,63.97638,1e+06,8.57,55.1,394000 4217000,19.5,Suitable,dodgerblue,YES,244.820174,2620.321507,12.42742
394000,4217000,CB5MH_MD,8.2021,1e+06,9.17,54.3,394000 4217000,2.5,Suitable,dodgerblue,YES,244.820174,2620.321507,12.42742
394000,4217000,CB5MH_MD,18.04462,1e+06,9.12,54.2,394000 4217000,5.5,Suitable,dodgerblue,YES,244.820174,2620.321507,12.42742
394000,4217000,CB5MH_MD,60.69554,1e+06,8.74,55,394000 4217000,18.5,Suitable,dodgerblue,YES,244.820174,2620.321507,12.42742
394000,4217000,CB5MH_MD,57.4147,1e+06,8.88,54.8,394000 4217000,17.5,Suitable,dodgerblue,YES,244.820174,2620.321507,12.42742
394000,4217000,CB5MH_MD,50.85302,1e+06,8.96,54.4,394000 4217000,15.5,Suitable,dodgerblue,YES,244.820174,2620.321507,12.42742
394000,4217000,CB5MH_MD,70.53806,1e+06,8.47,55.4,394000 4217000,21.5,Suitable,dodgerblue,YES,244.820174,2620.321507,12.42742
394000,4217000,CB5MH_MD,54.13386,1e+06,8.93,54.6,394000 4217000,16.5,Suitable,dodgerblue,YES,244.820174,2620.321507,12.42742
394000,4217000,CB5MH_MD,27.88714,1e+06,9.11,54.2,394000 4217000,8.5,Suitable,dodgerblue,YES,244.820174,2620.321507,12.42742
394000,4217000,CB5MH_MD,44.29134,1e+06,9.05,54.2,394000 4217000,13.5,Suitable,dodgerblue,YES,244.820174,2620.321507,12.42742
394000,4217000,CB5MH_MD,34.44882,1e+06,9.1,54.2,394000 4217000,10.5,Suitable,dodgerblue,YES,244.820174,2620.321507,12.42742
394000,4217000,CB5MH_MD,11.48294,1e+06,9.12,54.2,394000 4217000,3.5,Suitable,dodgerblue,YES,244.820174,2620.321507,12.42742
394000,4217000,CB5MH_MD,1.64042,1e+06,9.21,54.4,394000 4217000,0.5,Suitable,dodgerblue,YES,244.820174,2620.321507,12.42742
394000,4217000,CB5MH_MD,47.57218,1e+06,9.02,54.3,394000 4217000,14.5,Suitable,dodgerblue,YES,244.820174,2620.321507,12.42742
394000,4217000,CB5MH_MD,4.92126,1e+06,9.21,54.4,394000 4217000,1.5,Suitable,dodgerblue,YES,244.820174,2620.321507,12.42742
394000,4348000,CB2OH,18.04462,1e+06,10.16,49.2,394000 4348000,5.5,Suitable,dodgerblue,YES,244.820174,2701.721108,93.8270210000001
394000,4348000,CB2OH,4.92126,1e+06,10.44,48.7,394000 4348000,1.5,Suitable,dodgerblue,YES,244.820174,2701.721108,93.8270210000001
394000,4348000,CB2OH,11.48294,1e+06,10.35,48.8,394000 4348000,3.5,Suitable,dodgerblue,YES,244.820174,2701.721108,93.8270210000001
394000,4348000,CB2OH,14.76378,1e+06,10.25,49,394000 4348000,4.5,Suitable,dodgerblue,YES,244.820174,2701.721108,93.8270210000001
394000,4348000,CB2OH,1.64042,1e+06,10.49,48.7,394000 4348000,0.5,Suitable,dodgerblue,YES,244.820174,2701.721108,93.8270210000001
394000,4348000,CB2OH,21.32546,1e+06,10.07,49.5,394000 4348000,6.5,Suitable,dodgerblue,YES,244.820174,2701.721108,93.8270210000001
394000,4348000,CB2OH,8.2021,1e+06,10.4,48.7,394000 4348000,2.5,Suitable,dodgerblue,YES,244.820174,2701.721108,93.8270210000001
394000,4349000,CB2OH,1.64042,1e+06,10.56,48.4,394000 4349000,0.5,Suitable,dodgerblue,YES,244.820174,2702.342479,94.4483919999998
394000,4349000,CB2OH,18.04462,1e+06,10.18,49.2,394000 4349000,5.5,Suitable,dodgerblue,YES,244.820174,2702.342479,94.4483919999998
394000,4349000,CB2OH,27.88714,1e+06,9.97,49.7,394000 4349000,8.5,Suitable,dodgerblue,YES,244.820174,2702.342479,94.4483919999998
394000,4349000,CB2OH,4.92126,1e+06,10.45,48.7,394000 4349000,1.5,Suitable,dodgerblue,YES,244.820174,2702.342479,94.4483919999998
394000,4349000,CB2OH,11.48294,1e+06,10.37,48.8,394000 4349000,3.5,Suitable,dodgerblue,YES,244.820174,2702.342479,94.4483919999998
394000,4349000,CB2OH,21.32546,1e+06,10.1,49.4,394000 4349000,6.5,Suitable,dodgerblue,YES,244.820174,2702.342479,94.4483919999998
394000,4349000,CB2OH,24.6063,1e+06,10.02,49.6,394000 4349000,7.5,Suitable,dodgerblue,YES,244.820174,2702.342479,94.4483919999998
394000,4349000,CB2OH,14.76378,1e+06,10.27,49,394000 4349000,4.5,Suitable,dodgerblue,YES,244.820174,2702.342479,94.4483919999998
394000,4349000,CB2OH,8.2021,1e+06,10.4,48.7,394000 4349000,2.5,Suitable,dodgerblue,YES,244.820174,2702.342479,94.4483919999998
394000,4350000,CB2OH,11.48294,1e+06,10.39,48.8,394000 4350000,3.5,Suitable,dodgerblue,YES,244.820174,2702.96385,95.069763
394000,4350000,CB2OH,1.64042,1e+06,10.59,48.3,394000 4350000,0.5,Suitable,dodgerblue,YES,244.820174,2702.96385,95.069763
394000,4350000,CB2OH,4.92126,1e+06,10.53,48.4,394000 4350000,1.5,Suitable,dodgerblue,YES,244.820174,2702.96385,95.069763
394000,4350000,CB2OH,8.2021,1e+06,10.42,48.6,394000 4350000,2.5,Suitable,dodgerblue,YES,244.820174,2702.96385,95.069763
394000,4350000,CB2OH,21.32546,1e+06,10.15,49.3,394000 4350000,6.5,Suitable,dodgerblue,YES,244.820174,2702.96385,95.069763
394000,4350000,CB2OH,14.76378,1e+06,10.29,49,394000 4350000,4.5,Suitable,dodgerblue,YES,244.820174,2702.96385,95.069763
394000,4350000,CB2OH,18.04462,1e+06,10.22,49.1,394000 4350000,5.5,Suitable,dodgerblue,YES,244.820174,2702.96385,95.069763
395000,4204000,CB5MH_MD,24.6063,1e+06,9.15,54,395000 4204000,7.5,Suitable,dodgerblue,YES,245.441545,2612.243684,4.3495969999999
395000,4204000,CB5MH_MD,18.04462,1e+06,9.26,53.9,395000 4204000,5.5,Suitable,dodgerblue,YES,245.441545,2612.243684,4.3495969999999
395000,4204000,CB5MH_MD,37.72966,1e+06,8.96,54.4,395000 4204000,11.5,Suitable,dodgerblue,YES,245.441545,2612.243684,4.3495969999999
395000,4204000,CB5MH_MD,44.29134,1e+06,8.76,54.9,395000 4204000,13.5,Suitable,dodgerblue,YES,245.441545,2612.243684,4.3495969999999
395000,4204000,CB5MH_MD,14.76378,1e+06,9.29,53.9,395000 4204000,4.5,Suitable,dodgerblue,YES,245.441545,2612.243684,4.3495969999999
395000,4204000,CB5MH_MD,54.13386,1e+06,8.69,55.1,395000 4204000,16.5,Suitable,dodgerblue,YES,245.441545,2612.243684,4.3495969999999
395000,4204000,CB5MH_MD,47.57218,1e+06,8.75,54.9,395000 4204000,14.5,Suitable,dodgerblue,YES,245.441545,2612.243684,4.3495969999999
395000,4204000,CB5MH_MD,1.64042,1e+06,9.4,53.7,395000 4204000,0.5,Suitable,dodgerblue,YES,245.441545,2612.243684,4.3495969999999
395000,4204000,CB5MH_MD,27.88714,1e+06,9.12,54.1,395000 4204000,8.5,Suitable,dodgerblue,YES,245.441545,2612.243684,4.3495969999999
395000,4204000,CB5MH_MD,11.48294,1e+06,9.32,53.8,395000 4204000,3.5,Suitable,dodgerblue,YES,245.441545,2612.243684,4.3495969999999
395000,4204000,CB5MH_MD,8.2021,1e+06,9.33,53.7,395000 4204000,2.5,Suitable,dodgerblue,YES,245.441545,2612.243684,4.3495969999999
395000,4204000,CB5MH_MD,4.92126,1e+06,9.37,53.7,395000 4204000,1.5,Suitable,dodgerblue,YES,245.441545,2612.243684,4.3495969999999
395000,4204000,CB5MH_MD,21.32546,1e+06,9.22,53.8,395000 4204000,6.5,Suitable,dodgerblue,YES,245.441545,2612.243684,4.3495969999999
395000,4204000,CB5MH_MD,50.85302,1e+06,8.72,55,395000 4204000,15.5,Suitable,dodgerblue,YES,245.441545,2612.243684,4.3495969999999
395000,4204000,CB5MH_MD,34.44882,1e+06,9.01,54.3,395000 4204000,10.5,Suitable,dodgerblue,YES,245.441545,2612.243684,4.3495969999999
395000,4204000,CB5MH_MD,41.0105,1e+06,8.86,54.7,395000 4204000,12.5,Suitable,dodgerblue,YES,245.441545,2612.243684,4.3495969999999
395000,4204000,CB5MH_MD,31.16798,1e+06,9.09,54.2,395000 4204000,9.5,Suitable,dodgerblue,YES,245.441545,2612.243684,4.3495969999999
395000,4205000,CB5MH_MD,14.76378,1e+06,9.28,53.9,395000 4205000,4.5,Suitable,dodgerblue,YES,245.441545,2612.865055,4.97096800000008
395000,4205000,CB5MH_MD,83.66142,1e+06,8.4,55.4,395000 4205000,25.5,Suitable,dodgerblue,YES,245.441545,2612.865055,4.97096800000008
395000,4205000,CB5MH_MD,54.13386,1e+06,8.73,55.1,395000 4205000,16.5,Suitable,dodgerblue,YES,245.441545,2612.865055,4.97096800000008
395000,4205000,CB5MH_MD,50.85302,1e+06,8.76,54.9,395000 4205000,15.5,Suitable,dodgerblue,YES,245.441545,2612.865055,4.97096800000008
395000,4205000,CB5MH_MD,57.4147,1e+06,8.58,55.3,395000 4205000,17.5,Suitable,dodgerblue,YES,245.441545,2612.865055,4.97096800000008
395000,4205000,CB5MH_MD,80.38058,1e+06,8.4,55.4,395000 4205000,24.5,Suitable,dodgerblue,YES,245.441545,2612.865055,4.97096800000008
395000,4205000,CB5MH_MD,8.2021,1e+06,9.31,53.7,395000 4205000,2.5,Suitable,dodgerblue,YES,245.441545,2612.865055,4.97096800000008
395000,4205000,CB5MH_MD,11.48294,1e+06,9.31,53.8,395000 4205000,3.5,Suitable,dodgerblue,YES,245.441545,2612.865055,4.97096800000008
395000,4205000,CB5MH_MD,18.04462,1e+06,9.24,53.9,395000 4205000,5.5,Suitable,dodgerblue,YES,245.441545,2612.865055,4.97096800000008
395000,4205000,CB5MH_MD,44.29134,1e+06,8.79,54.8,395000 4205000,13.5,Suitable,dodgerblue,YES,245.441545,2612.865055,4.97096800000008
395000,4205000,CB5MH_MD,1.64042,1e+06,9.38,53.7,395000 4205000,0.5,Suitable,dodgerblue,YES,245.441545,2612.865055,4.97096800000008
395000,4205000,CB5MH_MD,47.57218,1e+06,8.79,54.8,395000 4205000,14.5,Suitable,dodgerblue,YES,245.441545,2612.865055,4.97096800000008
395000,4205000,CB5MH_MD,70.53806,1e+06,8.49,55.4,395000 4205000,21.5,Suitable,dodgerblue,YES,245.441545,2612.865055,4.97096800000008
395000,4205000,CB5MH_MD,67.25722,1e+06,8.51,55.4,395000 4205000,20.5,Suitable,dodgerblue,YES,245.441545,2612.865055,4.97096800000008
395000,4205000,CB5MH_MD,60.69554,1e+06,8.55,55.3,395000 4205000,18.5,Suitable,dodgerblue,YES,245.441545,2612.865055,4.97096800000008
395000,4205000,CB5MH_MD,4.92126,1e+06,9.35,53.7,395000 4205000,1.5,Suitable,dodgerblue,YES,245.441545,2612.865055,4.97096800000008
395000,4205000,CB5MH_MD,34.44882,1e+06,9.02,54.3,395000 4205000,10.5,Suitable,dodgerblue,YES,245.441545,2612.865055,4.97096800000008
395000,4205000,CB5MH_MD,31.16798,1e+06,9.09,54.2,395000 4205000,9.5,Suitable,dodgerblue,YES,245.441545,2612.865055,4.97096800000008
395000,4205000,CB5MH_MD,21.32546,1e+06,9.21,53.9,395000 4205000,6.5,Suitable,dodgerblue,YES,245.441545,2612.865055,4.97096800000008
395000,4205000,CB5MH_MD,41.0105,1e+06,8.89,54.6,395000 4205000,12.5,Suitable,dodgerblue,YES,245.441545,2612.865055,4.97096800000008
395000,4205000,CB5MH_MD,73.8189,1e+06,8.49,55.4,395000 4205000,22.5,Suitable,dodgerblue,YES,245.441545,2612.865055,4.97096800000008
395000,4205000,CB5MH_MD,37.72966,1e+06,8.98,54.4,395000 4205000,11.5,Suitable,dodgerblue,YES,245.441545,2612.865055,4.97096800000008
395000,4205000,CB5MH_MD,27.88714,1e+06,9.12,54.1,395000 4205000,8.5,Suitable,dodgerblue,YES,245.441545,2612.865055,4.97096800000008
395000,4205000,CB5MH_MD,63.97638,1e+06,8.51,55.3,395000 4205000,19.5,Suitable,dodgerblue,YES,245.441545,2612.865055,4.97096800000008
395000,4205000,CB5MH_MD,77.09974,1e+06,8.48,55.4,395000 4205000,23.5,Suitable,dodgerblue,YES,245.441545,2612.865055,4.97096800000008
395000,4205000,CB5MH_MD,24.6063,1e+06,9.15,54,395000 4205000,7.5,Suitable,dodgerblue,YES,245.441545,2612.865055,4.97096800000008
395000,4206000,CB5MH_MD,63.97638,1e+06,8.52,55.3,395000 4206000,19.5,Suitable,dodgerblue,YES,245.441545,2613.486426,5.59233899999981
395000,4206000,CB5MH_MD,60.69554,1e+06,8.57,55.3,395000 4206000,18.5,Suitable,dodgerblue,YES,245.441545,2613.486426,5.59233899999981
395000,4206000,CB5MH_MD,41.0105,1e+06,8.91,54.6,395000 4206000,12.5,Suitable,dodgerblue,YES,245.441545,2613.486426,5.59233899999981
395000,4206000,CB5MH_MD,50.85302,1e+06,8.79,54.9,395000 4206000,15.5,Suitable,dodgerblue,YES,245.441545,2613.486426,5.59233899999981
395000,4206000,CB5MH_MD,57.4147,1e+06,8.61,55.2,395000 4206000,17.5,Suitable,dodgerblue,YES,245.441545,2613.486426,5.59233899999981
395000,4206000,CB5MH_MD,47.57218,1e+06,8.82,54.8,395000 4206000,14.5,Suitable,dodgerblue,YES,245.441545,2613.486426,5.59233899999981
395000,4206000,CB5MH_MD,18.04462,1e+06,9.23,53.9,395000 4206000,5.5,Suitable,dodgerblue,YES,245.441545,2613.486426,5.59233899999981
395000,4206000,CB5MH_MD,14.76378,1e+06,9.26,53.9,395000 4206000,4.5,Suitable,dodgerblue,YES,245.441545,2613.486426,5.59233899999981
395000,4206000,CB5MH_MD,27.88714,1e+06,9.13,54.1,395000 4206000,8.5,Suitable,dodgerblue,YES,245.441545,2613.486426,5.59233899999981
395000,4206000,CB5MH_MD,44.29134,1e+06,8.83,54.7,395000 4206000,13.5,Suitable,dodgerblue,YES,245.441545,2613.486426,5.59233899999981
395000,4206000,CB5MH_MD,37.72966,1e+06,8.99,54.3,395000 4206000,11.5,Suitable,dodgerblue,YES,245.441545,2613.486426,5.59233899999981
395000,4206000,CB5MH_MD,24.6063,1e+06,9.15,54,395000 4206000,7.5,Suitable,dodgerblue,YES,245.441545,2613.486426,5.59233899999981
395000,4206000,CB5MH_MD,21.32546,1e+06,9.21,53.9,395000 4206000,6.5,Suitable,dodgerblue,YES,245.441545,2613.486426,5.59233899999981
395000,4206000,CB5MH_MD,54.13386,1e+06,8.76,55,395000 4206000,16.5,Suitable,dodgerblue,YES,245.441545,2613.486426,5.59233899999981
395000,4206000,CB5MH_MD,4.92126,1e+06,9.33,53.8,395000 4206000,1.5,Suitable,dodgerblue,YES,245.441545,2613.486426,5.59233899999981
395000,4206000,CB5MH_MD,31.16798,1e+06,9.1,54.2,395000 4206000,9.5,Suitable,dodgerblue,YES,245.441545,2613.486426,5.59233899999981
395000,4206000,CB5MH_MD,1.64042,1e+06,9.36,53.8,395000 4206000,0.5,Suitable,dodgerblue,YES,245.441545,2613.486426,5.59233899999981
395000,4206000,CB5MH_MD,11.48294,1e+06,9.29,53.8,395000 4206000,3.5,Suitable,dodgerblue,YES,245.441545,2613.486426,5.59233899999981
395000,4206000,CB5MH_MD,8.2021,1e+06,9.3,53.8,395000 4206000,2.5,Suitable,dodgerblue,YES,245.441545,2613.486426,5.59233899999981
395000,4206000,CB5MH_MD,34.44882,1e+06,9.03,54.2,395000 4206000,10.5,Suitable,dodgerblue,YES,245.441545,2613.486426,5.59233899999981
395000,4352000,CB2OH,8.2021,1e+06,10.48,48.6,395000 4352000,2.5,Suitable,dodgerblue,YES,245.441545,2704.206592,96.3125049999999
395000,4352000,CB2OH,11.48294,1e+06,10.46,48.7,395000 4352000,3.5,Suitable,dodgerblue,YES,245.441545,2704.206592,96.3125049999999
395000,4352000,CB2OH,21.32546,1e+06,10.3,49.1,395000 4352000,6.5,Suitable,dodgerblue,YES,245.441545,2704.206592,96.3125049999999
395000,4352000,CB2OH,4.92126,1e+06,10.58,48.3,395000 4352000,1.5,Suitable,dodgerblue,YES,245.441545,2704.206592,96.3125049999999
395000,4352000,CB2OH,14.76378,1e+06,10.37,48.9,395000 4352000,4.5,Suitable,dodgerblue,YES,245.441545,2704.206592,96.3125049999999
395000,4352000,CB2OH,1.64042,1e+06,10.69,48.2,395000 4352000,0.5,Suitable,dodgerblue,YES,245.441545,2704.206592,96.3125049999999
395000,4352000,CB2OH,18.04462,1e+06,10.33,49,395000 4352000,5.5,Suitable,dodgerblue,YES,245.441545,2704.206592,96.3125049999999
395000,4352000,CB2OH,24.6063,1e+06,10.26,49.2,395000 4352000,7.5,Suitable,dodgerblue,YES,245.441545,2704.206592,96.3125049999999
396000,4199000,CB5MH_MD,31.16798,1e+06,9.05,54.3,396000 4199000,9.5,Suitable,dodgerblue,YES,246.062916,2609.136829,1.24274199999991
396000,4199000,CB5MH_MD,27.88714,1e+06,9.1,54.2,396000 4199000,8.5,Suitable,dodgerblue,YES,246.062916,2609.136829,1.24274199999991
396000,4199000,CB5MH_MD,8.2021,1e+06,9.39,53.6,396000 4199000,2.5,Suitable,dodgerblue,YES,246.062916,2609.136829,1.24274199999991
396000,4199000,CB5MH_MD,4.92126,1e+06,9.44,53.6,396000 4199000,1.5,Suitable,dodgerblue,YES,246.062916,2609.136829,1.24274199999991
396000,4199000,CB5MH_MD,41.0105,1e+06,8.76,55,396000 4199000,12.5,Suitable,dodgerblue,YES,246.062916,2609.136829,1.24274199999991
396000,4199000,CB5MH_MD,80.38058,1e+06,8.4,55.4,396000 4199000,24.5,Suitable,dodgerblue,YES,246.062916,2609.136829,1.24274199999991
396000,4199000,CB5MH_MD,63.97638,1e+06,8.5,55.4,396000 4199000,19.5,Suitable,dodgerblue,YES,246.062916,2609.136829,1.24274199999991
396000,4199000,CB5MH_MD,44.29134,1e+06,8.62,55.2,396000 4199000,13.5,Suitable,dodgerblue,YES,246.062916,2609.136829,1.24274199999991
396000,4199000,CB5MH_MD,24.6063,1e+06,9.15,54,396000 4199000,7.5,Suitable,dodgerblue,YES,246.062916,2609.136829,1.24274199999991
396000,4199000,CB5MH_MD,14.76378,1e+06,9.34,53.8,396000 4199000,4.5,Suitable,dodgerblue,YES,246.062916,2609.136829,1.24274199999991
396000,4199000,CB5MH_MD,11.48294,1e+06,9.39,53.7,396000 4199000,3.5,Suitable,dodgerblue,YES,246.062916,2609.136829,1.24274199999991
396000,4199000,CB5MH_MD,18.04462,1e+06,9.3,53.8,396000 4199000,5.5,Suitable,dodgerblue,YES,246.062916,2609.136829,1.24274199999991
396000,4199000,CB5MH_MD,1.64042,1e+06,9.49,53.6,396000 4199000,0.5,Suitable,dodgerblue,YES,246.062916,2609.136829,1.24274199999991
396000,4199000,CB5MH_MD,21.32546,1e+06,9.25,53.8,396000 4199000,6.5,Suitable,dodgerblue,YES,246.062916,2609.136829,1.24274199999991
396000,4199000,CB5MH_MD,67.25722,1e+06,8.5,55.4,396000 4199000,20.5,Suitable,dodgerblue,YES,246.062916,2609.136829,1.24274199999991
396000,4199000,CB5MH_MD,70.53806,1e+06,8.5,55.4,396000 4199000,21.5,Suitable,dodgerblue,YES,246.062916,2609.136829,1.24274199999991
396000,4199000,CB5MH_MD,54.13386,1e+06,8.55,55.4,396000 4199000,16.5,Suitable,dodgerblue,YES,246.062916,2609.136829,1.24274199999991
396000,4199000,CB5MH_MD,77.09974,1e+06,8.5,55.4,396000 4199000,23.5,Suitable,dodgerblue,YES,246.062916,2609.136829,1.24274199999991
396000,4199000,CB5MH_MD,73.8189,1e+06,8.5,55.4,396000 4199000,22.5,Suitable,dodgerblue,YES,246.062916,2609.136829,1.24274199999991
396000,4199000,CB5MH_MD,47.57218,1e+06,8.62,55.2,396000 4199000,14.5,Suitable,dodgerblue,YES,246.062916,2609.136829,1.24274199999991
396000,4199000,CB5MH_MD,57.4147,1e+06,8.51,55.4,396000 4199000,17.5,Suitable,dodgerblue,YES,246.062916,2609.136829,1.24274199999991
396000,4199000,CB5MH_MD,37.72966,1e+06,8.91,54.6,396000 4199000,11.5,Suitable,dodgerblue,YES,246.062916,2609.136829,1.24274199999991
396000,4199000,CB5MH_MD,50.85302,1e+06,8.59,55.3,396000 4199000,15.5,Suitable,dodgerblue,YES,246.062916,2609.136829,1.24274199999991
396000,4199000,CB5MH_MD,60.69554,1e+06,8.5,55.4,396000 4199000,18.5,Suitable,dodgerblue,YES,246.062916,2609.136829,1.24274199999991
396000,4199000,CB5MH_MD,34.44882,1e+06,8.96,54.4,396000 4199000,10.5,Suitable,dodgerblue,YES,246.062916,2609.136829,1.24274199999991
396000,4354000,CB2OH,34.44882,1e+06,9.8,50,396000 4354000,10.5,Suitable,dodgerblue,YES,246.062916,2705.449334,97.5552469999998
396000,4354000,CB2OH,11.48294,1e+06,10.52,48.6,396000 4354000,3.5,Suitable,dodgerblue,YES,246.062916,2705.449334,97.5552469999998
396000,4354000,CB2OH,31.16798,1e+06,9.74,50.2,396000 4354000,9.5,Suitable,dodgerblue,YES,246.062916,2705.449334,97.5552469999998
396000,4354000,CB2OH,14.76378,1e+06,10.45,48.8,396000 4354000,4.5,Suitable,dodgerblue,YES,246.062916,2705.449334,97.5552469999998
396000,4354000,CB2OH,4.92126,1e+06,10.61,48.4,396000 4354000,1.5,Suitable,dodgerblue,YES,246.062916,2705.449334,97.5552469999998
396000,4354000,CB2OH,24.6063,1e+06,10.41,48.9,396000 4354000,7.5,Suitable,dodgerblue,YES,246.062916,2705.449334,97.5552469999998
396000,4354000,CB2OH,8.2021,1e+06,10.57,48.5,396000 4354000,2.5,Suitable,dodgerblue,YES,246.062916,2705.449334,97.5552469999998
396000,4354000,CB2OH,21.32546,1e+06,10.43,48.8,396000 4354000,6.5,Suitable,dodgerblue,YES,246.062916,2705.449334,97.5552469999998
396000,4354000,CB2OH,18.04462,1e+06,10.44,48.8,396000 4354000,5.5,Suitable,dodgerblue,YES,246.062916,2705.449334,97.5552469999998
396000,4354000,CB2OH,27.88714,1e+06,10.41,48.9,396000 4354000,8.5,Suitable,dodgerblue,YES,246.062916,2705.449334,97.5552469999998
396000,4354000,CB2OH,1.64042,1e+06,10.67,48.3,396000 4354000,0.5,Suitable,dodgerblue,YES,246.062916,2705.449334,97.5552469999998
397000,4197000,CB5MH_MD,14.76378,1e+06,9.35,53.8,397000 4197000,4.5,Suitable,dodgerblue,YES,246.684287,2607.894087,0
397000,4197000,CB5MH_MD,67.25722,1e+06,8.5,55.4,397000 4197000,20.5,Suitable,dodgerblue,YES,246.684287,2607.894087,0
397000,4197000,CB5MH_MD,11.48294,1e+06,9.4,53.7,397000 4197000,3.5,Suitable,dodgerblue,YES,246.684287,2607.894087,0
397000,4197000,CB5MH_MD,37.72966,1e+06,8.9,54.6,397000 4197000,11.5,Suitable,dodgerblue,YES,246.684287,2607.894087,0
397000,4197000,CB5MH_MD,77.09974,1e+06,8.5,55.4,397000 4197000,23.5,Suitable,dodgerblue,YES,246.684287,2607.894087,0
397000,4197000,CB5MH_MD,41.0105,1e+06,8.75,55,397000 4197000,12.5,Suitable,dodgerblue,YES,246.684287,2607.894087,0
397000,4197000,CB5MH_MD,83.66142,1e+06,8.5,55.4,397000 4197000,25.5,Suitable,dodgerblue,YES,246.684287,2607.894087,0
397000,4197000,CB5MH_MD,34.44882,1e+06,8.95,54.4,397000 4197000,10.5,Suitable,dodgerblue,YES,246.684287,2607.894087,0
397000,4197000,CB5MH_MD,18.04462,1e+06,9.3,53.8,397000 4197000,5.5,Suitable,dodgerblue,YES,246.684287,2607.894087,0
397000,4197000,CB5MH_MD,24.6063,1e+06,9.15,54,397000 4197000,7.5,Suitable,dodgerblue,YES,246.684287,2607.894087,0
397000,4197000,CB5MH_MD,86.94226,1e+06,8.5,55.4,397000 4197000,26.5,Suitable,dodgerblue,YES,246.684287,2607.894087,0
397000,4197000,CB5MH_MD,80.38058,1e+06,8.5,55.4,397000 4197000,24.5,Suitable,dodgerblue,YES,246.684287,2607.894087,0
397000,4197000,CB5MH_MD,4.92126,1e+06,9.45,53.6,397000 4197000,1.5,Suitable,dodgerblue,YES,246.684287,2607.894087,0
397000,4197000,CB5MH_MD,27.88714,1e+06,9.1,54.2,397000 4197000,8.5,Suitable,dodgerblue,YES,246.684287,2607.894087,0
397000,4197000,CB5MH_MD,44.29134,1e+06,8.6,55.2,397000 4197000,13.5,Suitable,dodgerblue,YES,246.684287,2607.894087,0
397000,4197000,CB5MH_MD,47.57218,1e+06,8.6,55.2,397000 4197000,14.5,Suitable,dodgerblue,YES,246.684287,2607.894087,0
397000,4197000,CB5MH_MD,8.2021,1e+06,9.4,53.6,397000 4197000,2.5,Suitable,dodgerblue,YES,246.684287,2607.894087,0
397000,4197000,CB5MH_MD,70.53806,1e+06,8.5,55.4,397000 4197000,21.5,Suitable,dodgerblue,YES,246.684287,2607.894087,0
397000,4197000,CB5MH_MD,31.16798,1e+06,9.05,54.3,397000 4197000,9.5,Suitable,dodgerblue,YES,246.684287,2607.894087,0
397000,4197000,CB5MH_MD,1.64042,1e+06,9.5,53.6,397000 4197000,0.5,Suitable,dodgerblue,YES,246.684287,2607.894087,0
397000,4197000,CB5MH_MD,60.69554,1e+06,8.5,55.4,397000 4197000,18.5,Suitable,dodgerblue,YES,246.684287,2607.894087,0
397000,4197000,CB5MH_MD,73.8189,1e+06,8.5,55.4,397000 4197000,22.5,Suitable,dodgerblue,YES,246.684287,2607.894087,0
397000,4197000,CB5MH_MD,50.85302,1e+06,8.57,55.3,397000 4197000,15.5,Suitable,dodgerblue,YES,246.684287,2607.894087,0
397000,4197000,CB5MH_MD,21.32546,1e+06,9.25,53.8,397000 4197000,6.5,Suitable,dodgerblue,YES,246.684287,2607.894087,0
397000,4197000,CB5MH_MD,63.97638,1e+06,8.5,55.4,397000 4197000,19.5,Suitable,dodgerblue,YES,246.684287,2607.894087,0
397000,4197000,CB5MH_MD,57.4147,1e+06,8.5,55.4,397000 4197000,17.5,Suitable,dodgerblue,YES,246.684287,2607.894087,0
397000,4197000,CB5MH_MD,54.13386,1e+06,8.53,55.4,397000 4197000,16.5,Suitable,dodgerblue,YES,246.684287,2607.894087,0
397000,4198000,CB5MH_MD,54.13386,1e+06,8.53,55.4,397000 4198000,16.5,Suitable,dodgerblue,YES,246.684287,2608.515458,0.621370999999726
397000,4198000,CB5MH_MD,57.4147,1e+06,8.5,55.4,397000 4198000,17.5,Suitable,dodgerblue,YES,246.684287,2608.515458,0.621370999999726
397000,4198000,CB5MH_MD,73.8189,1e+06,8.5,55.4,397000 4198000,22.5,Suitable,dodgerblue,YES,246.684287,2608.515458,0.621370999999726
397000,4198000,CB5MH_MD,60.69554,1e+06,8.5,55.4,397000 4198000,18.5,Suitable,dodgerblue,YES,246.684287,2608.515458,0.621370999999726
397000,4198000,CB5MH_MD,8.2021,1e+06,9.4,53.6,397000 4198000,2.5,Suitable,dodgerblue,YES,246.684287,2608.515458,0.621370999999726
397000,4198000,CB5MH_MD,14.76378,1e+06,9.35,53.8,397000 4198000,4.5,Suitable,dodgerblue,YES,246.684287,2608.515458,0.621370999999726
397000,4198000,CB5MH_MD,47.57218,1e+06,8.6,55.2,397000 4198000,14.5,Suitable,dodgerblue,YES,246.684287,2608.515458,0.621370999999726
397000,4198000,CB5MH_MD,11.48294,1e+06,9.4,53.7,397000 4198000,3.5,Suitable,dodgerblue,YES,246.684287,2608.515458,0.621370999999726
397000,4198000,CB5MH_MD,31.16798,1e+06,9.05,54.3,397000 4198000,9.5,Suitable,dodgerblue,YES,246.684287,2608.515458,0.621370999999726
397000,4198000,CB5MH_MD,27.88714,1e+06,9.1,54.2,397000 4198000,8.5,Suitable,dodgerblue,YES,246.684287,2608.515458,0.621370999999726
397000,4198000,CB5MH_MD,67.25722,1e+06,8.5,55.4,397000 4198000,20.5,Suitable,dodgerblue,YES,246.684287,2608.515458,0.621370999999726
397000,4198000,CB5MH_MD,41.0105,1e+06,8.75,55,397000 4198000,12.5,Suitable,dodgerblue,YES,246.684287,2608.515458,0.621370999999726
397000,4198000,CB5MH_MD,44.29134,1e+06,8.6,55.2,397000 4198000,13.5,Suitable,dodgerblue,YES,246.684287,2608.515458,0.621370999999726
397000,4198000,CB5MH_MD,1.64042,1e+06,9.5,53.6,397000 4198000,0.5,Suitable,dodgerblue,YES,246.684287,2608.515458,0.621370999999726
397000,4198000,CB5MH_MD,77.09974,1e+06,8.5,55.4,397000 4198000,23.5,Suitable,dodgerblue,YES,246.684287,2608.515458,0.621370999999726
397000,4198000,CB5MH_MD,18.04462,1e+06,9.3,53.8,397000 4198000,5.5,Suitable,dodgerblue,YES,246.684287,2608.515458,0.621370999999726
397000,4198000,CB5MH_MD,50.85302,1e+06,8.57,55.3,397000 4198000,15.5,Suitable,dodgerblue,YES,246.684287,2608.515458,0.621370999999726
397000,4198000,CB5MH_MD,34.44882,1e+06,8.95,54.4,397000 4198000,10.5,Suitable,dodgerblue,YES,246.684287,2608.515458,0.621370999999726
397000,4198000,CB5MH_MD,4.92126,1e+06,9.45,53.6,397000 4198000,1.5,Suitable,dodgerblue,YES,246.684287,2608.515458,0.621370999999726
397000,4198000,CB5MH_MD,70.53806,1e+06,8.5,55.4,397000 4198000,21.5,Suitable,dodgerblue,YES,246.684287,2608.515458,0.621370999999726
397000,4198000,CB5MH_MD,37.72966,1e+06,8.9,54.6,397000 4198000,11.5,Suitable,dodgerblue,YES,246.684287,2608.515458,0.621370999999726
397000,4198000,CB5MH_MD,24.6063,1e+06,9.15,54,397000 4198000,7.5,Suitable,dodgerblue,YES,246.684287,2608.515458,0.621370999999726
397000,4198000,CB5MH_MD,21.32546,1e+06,9.25,53.8,397000 4198000,6.5,Suitable,dodgerblue,YES,246.684287,2608.515458,0.621370999999726
397000,4198000,CB5MH_MD,63.97638,1e+06,8.5,55.4,397000 4198000,19.5,Suitable,dodgerblue,YES,246.684287,2608.515458,0.621370999999726
397000,4202000,CB5MH_MD,70.53806,1e+06,8.5,55.4,397000 4202000,21.5,Suitable,dodgerblue,YES,246.684287,2611.000942,3.106855
397000,4202000,CB5MH_MD,34.44882,1e+06,8.98,54.3,397000 4202000,10.5,Suitable,dodgerblue,YES,246.684287,2611.000942,3.106855
397000,4202000,CB5MH_MD,63.97638,1e+06,8.5,55.4,397000 4202000,19.5,Suitable,dodgerblue,YES,246.684287,2611.000942,3.106855
397000,4202000,CB5MH_MD,41.0105,1e+06,8.8,54.9,397000 4202000,12.5,Suitable,dodgerblue,YES,246.684287,2611.000942,3.106855
397000,4202000,CB5MH_MD,18.04462,1e+06,9.28,53.8,397000 4202000,5.5,Suitable,dodgerblue,YES,246.684287,2611.000942,3.106855
397000,4202000,CB5MH_MD,37.72966,1e+06,8.93,54.5,397000 4202000,11.5,Suitable,dodgerblue,YES,246.684287,2611.000942,3.106855
397000,4202000,CB5MH_MD,73.8189,1e+06,8.5,55.4,397000 4202000,22.5,Suitable,dodgerblue,YES,246.684287,2611.000942,3.106855
397000,4202000,CB5MH_MD,90.2231,1e+06,8.4,55.4,397000 4202000,27.5,Suitable,dodgerblue,YES,246.684287,2611.000942,3.106855
397000,4202000,CB5MH_MD,21.32546,1e+06,9.24,53.8,397000 4202000,6.5,Suitable,dodgerblue,YES,246.684287,2611.000942,3.106855
397000,4202000,CB5MH_MD,67.25722,1e+06,8.5,55.4,397000 4202000,20.5,Suitable,dodgerblue,YES,246.684287,2611.000942,3.106855
397000,4202000,CB5MH_MD,14.76378,1e+06,9.32,53.8,397000 4202000,4.5,Suitable,dodgerblue,YES,246.684287,2611.000942,3.106855
397000,4202000,CB5MH_MD,54.13386,1e+06,8.6,55.3,397000 4202000,16.5,Suitable,dodgerblue,YES,246.684287,2611.000942,3.106855
397000,4202000,CB5MH_MD,31.16798,1e+06,9.07,54.3,397000 4202000,9.5,Suitable,dodgerblue,YES,246.684287,2611.000942,3.106855
397000,4202000,CB5MH_MD,24.6063,1e+06,9.15,54,397000 4202000,7.5,Suitable,dodgerblue,YES,246.684287,2611.000942,3.106855
397000,4202000,CB5MH_MD,11.48294,1e+06,9.36,53.7,397000 4202000,3.5,Suitable,dodgerblue,YES,246.684287,2611.000942,3.106855
397000,4202000,CB5MH_MD,44.29134,1e+06,8.67,55.1,397000 4202000,13.5,Suitable,dodgerblue,YES,246.684287,2611.000942,3.106855
397000,4202000,CB5MH_MD,8.2021,1e+06,9.37,53.6,397000 4202000,2.5,Suitable,dodgerblue,YES,246.684287,2611.000942,3.106855
397000,4202000,CB5MH_MD,27.88714,1e+06,9.11,54.2,397000 4202000,8.5,Suitable,dodgerblue,YES,246.684287,2611.000942,3.106855
397000,4202000,CB5MH_MD,86.94226,1e+06,8.4,55.4,397000 4202000,26.5,Suitable,dodgerblue,YES,246.684287,2611.000942,3.106855
397000,4202000,CB5MH_MD,83.66142,1e+06,8.4,55.4,397000 4202000,25.5,Suitable,dodgerblue,YES,246.684287,2611.000942,3.106855
397000,4202000,CB5MH_MD,4.92126,1e+06,9.41,53.7,397000 4202000,1.5,Suitable,dodgerblue,YES,246.684287,2611.000942,3.106855
397000,4202000,CB5MH_MD,57.4147,1e+06,8.53,55.4,397000 4202000,17.5,Suitable,dodgerblue,YES,246.684287,2611.000942,3.106855
397000,4202000,CB5MH_MD,60.69554,1e+06,8.52,55.4,397000 4202000,18.5,Suitable,dodgerblue,YES,246.684287,2611.000942,3.106855
397000,4202000,CB5MH_MD,50.85302,1e+06,8.64,55.2,397000 4202000,15.5,Suitable,dodgerblue,YES,246.684287,2611.000942,3.106855
397000,4202000,CB5MH_MD,47.57218,1e+06,8.67,55.1,397000 4202000,14.5,Suitable,dodgerblue,YES,246.684287,2611.000942,3.106855
397000,4202000,CB5MH_MD,1.64042,1e+06,9.46,53.7,397000 4202000,0.5,Suitable,dodgerblue,YES,246.684287,2611.000942,3.106855
397000,4202000,CB5MH_MD,80.38058,1e+06,8.4,55.4,397000 4202000,24.5,Suitable,dodgerblue,YES,246.684287,2611.000942,3.106855
397000,4202000,CB5MH_MD,77.09974,1e+06,8.49,55.4,397000 4202000,23.5,Suitable,dodgerblue,YES,246.684287,2611.000942,3.106855
397000,4203000,CB5MH_MD,1.64042,1e+06,9.44,53.7,397000 4203000,0.5,Suitable,dodgerblue,YES,246.684287,2611.622313,3.72822599999972
397000,4203000,CB5MH_MD,27.88714,1e+06,9.11,54.2,397000 4203000,8.5,Suitable,dodgerblue,YES,246.684287,2611.622313,3.72822599999972
397000,4203000,CB5MH_MD,4.92126,1e+06,9.4,53.7,397000 4203000,1.5,Suitable,dodgerblue,YES,246.684287,2611.622313,3.72822599999972
397000,4203000,CB5MH_MD,34.44882,1e+06,8.99,54.3,397000 4203000,10.5,Suitable,dodgerblue,YES,246.684287,2611.622313,3.72822599999972
397000,4203000,CB5MH_MD,31.16798,1e+06,9.07,54.2,397000 4203000,9.5,Suitable,dodgerblue,YES,246.684287,2611.622313,3.72822599999972
397000,4203000,CB5MH_MD,8.2021,1e+06,9.35,53.7,397000 4203000,2.5,Suitable,dodgerblue,YES,246.684287,2611.622313,3.72822599999972
397000,4203000,CB5MH_MD,41.0105,1e+06,8.82,54.8,397000 4203000,12.5,Suitable,dodgerblue,YES,246.684287,2611.622313,3.72822599999972
397000,4203000,CB5MH_MD,37.72966,1e+06,8.94,54.5,397000 4203000,11.5,Suitable,dodgerblue,YES,246.684287,2611.622313,3.72822599999972
397000,4203000,CB5MH_MD,24.6063,1e+06,9.15,54,397000 4203000,7.5,Suitable,dodgerblue,YES,246.684287,2611.622313,3.72822599999972
397000,4203000,CB5MH_MD,18.04462,1e+06,9.27,53.8,397000 4203000,5.5,Suitable,dodgerblue,YES,246.684287,2611.622313,3.72822599999972
397000,4203000,CB5MH_MD,14.76378,1e+06,9.31,53.8,397000 4203000,4.5,Suitable,dodgerblue,YES,246.684287,2611.622313,3.72822599999972
397000,4203000,CB5MH_MD,21.32546,1e+06,9.23,53.8,397000 4203000,6.5,Suitable,dodgerblue,YES,246.684287,2611.622313,3.72822599999972
397000,4203000,CB5MH_MD,11.48294,1e+06,9.35,53.8,397000 4203000,3.5,Suitable,dodgerblue,YES,246.684287,2611.622313,3.72822599999972
397000,4353000,CB2OH,18.04462,1e+06,10.43,48.8,397000 4353000,5.5,Suitable,dodgerblue,YES,246.684287,2704.827963,96.9338760000001
397000,4353000,CB2OH,27.88714,1e+06,10.39,48.9,397000 4353000,8.5,Suitable,dodgerblue,YES,246.684287,2704.827963,96.9338760000001
397000,4353000,CB2OH,4.92126,1e+06,10.61,48.4,397000 4353000,1.5,Suitable,dodgerblue,YES,246.684287,2704.827963,96.9338760000001
397000,4353000,CB2OH,8.2021,1e+06,10.57,48.5,397000 4353000,2.5,Suitable,dodgerblue,YES,246.684287,2704.827963,96.9338760000001
397000,4353000,CB2OH,14.76378,1e+06,10.45,48.8,397000 4353000,4.5,Suitable,dodgerblue,YES,246.684287,2704.827963,96.9338760000001
397000,4353000,CB2OH,21.32546,1e+06,10.42,48.8,397000 4353000,6.5,Suitable,dodgerblue,YES,246.684287,2704.827963,96.9338760000001
397000,4353000,CB2OH,24.6063,1e+06,10.4,48.9,397000 4353000,7.5,Suitable,dodgerblue,YES,246.684287,2704.827963,96.9338760000001
397000,4353000,CB2OH,11.48294,1e+06,10.52,48.6,397000 4353000,3.5,Suitable,dodgerblue,YES,246.684287,2704.827963,96.9338760000001
397000,4353000,CB2OH,1.64042,1e+06,10.66,48.4,397000 4353000,0.5,Suitable,dodgerblue,YES,246.684287,2704.827963,96.9338760000001
398000,4200000,CB5MH_MD,1.64042,1e+06,9.48,53.6,398000 4200000,0.5,Suitable,dodgerblue,YES,247.305658,2609.7582,1.86411300000009
398000,4200000,CB5MH_MD,8.2021,1e+06,9.39,53.6,398000 4200000,2.5,Suitable,dodgerblue,YES,247.305658,2609.7582,1.86411300000009
398000,4200000,CB5MH_MD,4.92126,1e+06,9.44,53.6,398000 4200000,1.5,Suitable,dodgerblue,YES,247.305658,2609.7582,1.86411300000009
398000,4200000,CB5MH_MD,63.97638,1e+06,8.5,55.4,398000 4200000,19.5,Suitable,dodgerblue,YES,247.305658,2609.7582,1.86411300000009
398000,4200000,CB5MH_MD,11.48294,1e+06,9.39,53.7,398000 4200000,3.5,Suitable,dodgerblue,YES,247.305658,2609.7582,1.86411300000009
398000,4200000,CB5MH_MD,14.76378,1e+06,9.34,53.8,398000 4200000,4.5,Suitable,dodgerblue,YES,247.305658,2609.7582,1.86411300000009
398000,4200000,CB5MH_MD,24.6063,1e+06,9.15,54,398000 4200000,7.5,Suitable,dodgerblue,YES,247.305658,2609.7582,1.86411300000009
398000,4200000,CB5MH_MD,18.04462,1e+06,9.29,53.8,398000 4200000,5.5,Suitable,dodgerblue,YES,247.305658,2609.7582,1.86411300000009
398000,4200000,CB5MH_MD,47.57218,1e+06,8.63,55.2,398000 4200000,14.5,Suitable,dodgerblue,YES,247.305658,2609.7582,1.86411300000009
398000,4200000,CB5MH_MD,31.16798,1e+06,9.06,54.3,398000 4200000,9.5,Suitable,dodgerblue,YES,247.305658,2609.7582,1.86411300000009
398000,4200000,CB5MH_MD,67.25722,1e+06,8.5,55.4,398000 4200000,20.5,Suitable,dodgerblue,YES,247.305658,2609.7582,1.86411300000009
398000,4200000,CB5MH_MD,44.29134,1e+06,8.63,55.1,398000 4200000,13.5,Suitable,dodgerblue,YES,247.305658,2609.7582,1.86411300000009
398000,4200000,CB5MH_MD,27.88714,1e+06,9.1,54.2,398000 4200000,8.5,Suitable,dodgerblue,YES,247.305658,2609.7582,1.86411300000009
398000,4200000,CB5MH_MD,77.09974,1e+06,8.5,55.4,398000 4200000,23.5,Suitable,dodgerblue,YES,247.305658,2609.7582,1.86411300000009
398000,4200000,CB5MH_MD,73.8189,1e+06,8.5,55.4,398000 4200000,22.5,Suitable,dodgerblue,YES,247.305658,2609.7582,1.86411300000009
398000,4200000,CB5MH_MD,70.53806,1e+06,8.5,55.4,398000 4200000,21.5,Suitable,dodgerblue,YES,247.305658,2609.7582,1.86411300000009
398000,4200000,CB5MH_MD,50.85302,1e+06,8.6,55.3,398000 4200000,15.5,Suitable,dodgerblue,YES,247.305658,2609.7582,1.86411300000009
398000,4200000,CB5MH_MD,37.72966,1e+06,8.91,54.6,398000 4200000,11.5,Suitable,dodgerblue,YES,247.305658,2609.7582,1.86411300000009
398000,4200000,CB5MH_MD,34.44882,1e+06,8.96,54.4,398000 4200000,10.5,Suitable,dodgerblue,YES,247.305658,2609.7582,1.86411300000009
398000,4200000,CB5MH_MD,57.4147,1e+06,8.51,55.4,398000 4200000,17.5,Suitable,dodgerblue,YES,247.305658,2609.7582,1.86411300000009
398000,4200000,CB5MH_MD,41.0105,1e+06,8.77,55,398000 4200000,12.5,Suitable,dodgerblue,YES,247.305658,2609.7582,1.86411300000009
398000,4200000,CB5MH_MD,60.69554,1e+06,8.51,55.4,398000 4200000,18.5,Suitable,dodgerblue,YES,247.305658,2609.7582,1.86411300000009
398000,4200000,CB5MH_MD,21.32546,1e+06,9.25,53.8,398000 4200000,6.5,Suitable,dodgerblue,YES,247.305658,2609.7582,1.86411300000009
398000,4200000,CB5MH_MD,54.13386,1e+06,8.56,55.4,398000 4200000,16.5,Suitable,dodgerblue,YES,247.305658,2609.7582,1.86411300000009
398000,4201000,CB5MH_MD,21.32546,1e+06,9.24,53.8,398000 4201000,6.5,Suitable,dodgerblue,YES,247.305658,2610.379571,2.48548399999982
398000,4201000,CB5MH_MD,44.29134,1e+06,8.64,55.1,398000 4201000,13.5,Suitable,dodgerblue,YES,247.305658,2610.379571,2.48548399999982
398000,4201000,CB5MH_MD,57.4147,1e+06,8.52,55.4,398000 4201000,17.5,Suitable,dodgerblue,YES,247.305658,2610.379571,2.48548399999982
398000,4201000,CB5MH_MD,63.97638,1e+06,8.5,55.4,398000 4201000,19.5,Suitable,dodgerblue,YES,247.305658,2610.379571,2.48548399999982
398000,4201000,CB5MH_MD,54.13386,1e+06,8.58,55.3,398000 4201000,16.5,Suitable,dodgerblue,YES,247.305658,2610.379571,2.48548399999982
398000,4201000,CB5MH_MD,50.85302,1e+06,8.61,55.2,398000 4201000,15.5,Suitable,dodgerblue,YES,247.305658,2610.379571,2.48548399999982
398000,4201000,CB5MH_MD,73.8189,1e+06,8.5,55.4,398000 4201000,22.5,Suitable,dodgerblue,YES,247.305658,2610.379571,2.48548399999982
398000,4201000,CB5MH_MD,18.04462,1e+06,9.29,53.8,398000 4201000,5.5,Suitable,dodgerblue,YES,247.305658,2610.379571,2.48548399999982
398000,4201000,CB5MH_MD,60.69554,1e+06,8.51,55.4,398000 4201000,18.5,Suitable,dodgerblue,YES,247.305658,2610.379571,2.48548399999982
398000,4201000,CB5MH_MD,67.25722,1e+06,8.5,55.4,398000 4201000,20.5,Suitable,dodgerblue,YES,247.305658,2610.379571,2.48548399999982
398000,4201000,CB5MH_MD,47.57218,1e+06,8.64,55.1,398000 4201000,14.5,Suitable,dodgerblue,YES,247.305658,2610.379571,2.48548399999982
398000,4201000,CB5MH_MD,70.53806,1e+06,8.5,55.4,398000 4201000,21.5,Suitable,dodgerblue,YES,247.305658,2610.379571,2.48548399999982
398000,4201000,CB5MH_MD,8.2021,1e+06,9.38,53.6,398000 4201000,2.5,Suitable,dodgerblue,YES,247.305658,2610.379571,2.48548399999982
398000,4201000,CB5MH_MD,1.64042,1e+06,9.47,53.6,398000 4201000,0.5,Suitable,dodgerblue,YES,247.305658,2610.379571,2.48548399999982
398000,4201000,CB5MH_MD,37.72966,1e+06,8.92,54.5,398000 4201000,11.5,Suitable,dodgerblue,YES,247.305658,2610.379571,2.48548399999982
398000,4201000,CB5MH_MD,80.38058,1e+06,8.4,55.4,398000 4201000,24.5,Suitable,dodgerblue,YES,247.305658,2610.379571,2.48548399999982
398000,4201000,CB5MH_MD,27.88714,1e+06,9.11,54.2,398000 4201000,8.5,Suitable,dodgerblue,YES,247.305658,2610.379571,2.48548399999982
398000,4201000,CB5MH_MD,24.6063,1e+06,9.15,54,398000 4201000,7.5,Suitable,dodgerblue,YES,247.305658,2610.379571,2.48548399999982
398000,4201000,CB5MH_MD,77.09974,1e+06,8.5,55.4,398000 4201000,23.5,Suitable,dodgerblue,YES,247.305658,2610.379571,2.48548399999982
398000,4201000,CB5MH_MD,34.44882,1e+06,8.97,54.4,398000 4201000,10.5,Suitable,dodgerblue,YES,247.305658,2610.379571,2.48548399999982
398000,4201000,CB5MH_MD,14.76378,1e+06,9.33,53.8,398000 4201000,4.5,Suitable,dodgerblue,YES,247.305658,2610.379571,2.48548399999982
398000,4201000,CB5MH_MD,31.16798,1e+06,9.06,54.3,398000 4201000,9.5,Suitable,dodgerblue,YES,247.305658,2610.379571,2.48548399999982
398000,4201000,CB5MH_MD,4.92126,1e+06,9.43,53.6,398000 4201000,1.5,Suitable,dodgerblue,YES,247.305658,2610.379571,2.48548399999982
398000,4201000,CB5MH_MD,41.0105,1e+06,8.78,54.9,398000 4201000,12.5,Suitable,dodgerblue,YES,247.305658,2610.379571,2.48548399999982
398000,4201000,CB5MH_MD,11.48294,1e+06,9.38,53.7,398000 4201000,3.5,Suitable,dodgerblue,YES,247.305658,2610.379571,2.48548399999982
398000,4355000,CB2OH,21.32546,1e+06,10.49,48.7,398000 4355000,6.5,Suitable,dodgerblue,YES,247.305658,2706.070705,98.176618
398000,4355000,CB2OH,1.64042,1e+06,10.61,48.6,398000 4355000,0.5,Suitable,dodgerblue,YES,247.305658,2706.070705,98.176618
398000,4355000,CB2OH,14.76378,1e+06,10.49,48.7,398000 4355000,4.5,Suitable,dodgerblue,YES,247.305658,2706.070705,98.176618
398000,4355000,CB2OH,27.88714,1e+06,10.49,48.7,398000 4355000,8.5,Suitable,dodgerblue,YES,247.305658,2706.070705,98.176618
398000,4355000,CB2OH,24.6063,1e+06,10.49,48.7,398000 4355000,7.5,Suitable,dodgerblue,YES,247.305658,2706.070705,98.176618
398000,4355000,CB2OH,4.92126,1e+06,10.61,48.6,398000 4355000,1.5,Suitable,dodgerblue,YES,247.305658,2706.070705,98.176618
398000,4355000,CB2OH,18.04462,1e+06,10.49,48.7,398000 4355000,5.5,Suitable,dodgerblue,YES,247.305658,2706.070705,98.176618
398000,4355000,CB2OH,34.44882,1e+06,9.8,50,398000 4355000,10.5,Suitable,dodgerblue,YES,247.305658,2706.070705,98.176618
398000,4355000,CB2OH,31.16798,1e+06,9.72,50.2,398000 4355000,9.5,Suitable,dodgerblue,YES,247.305658,2706.070705,98.176618
398000,4355000,CB2OH,11.48294,1e+06,10.55,48.6,398000 4355000,3.5,Suitable,dodgerblue,YES,247.305658,2706.070705,98.176618
398000,4355000,CB2OH,8.2021,1e+06,10.6,48.6,398000 4355000,2.5,Suitable,dodgerblue,YES,247.305658,2706.070705,98.176618
399000,4356000,CB2OH,14.76378,1e+06,10.5,48.7,399000 4356000,4.5,Suitable,dodgerblue,YES,247.927029,2706.692076,98.7979890000002
399000,4356000,CB2OH,4.92126,1e+06,10.6,48.6,399000 4356000,1.5,Suitable,dodgerblue,YES,247.927029,2706.692076,98.7979890000002
399000,4356000,CB2OH,24.6063,1e+06,10.5,48.7,399000 4356000,7.5,Suitable,dodgerblue,YES,247.927029,2706.692076,98.7979890000002
399000,4356000,CB2OH,11.48294,1e+06,10.55,48.6,399000 4356000,3.5,Suitable,dodgerblue,YES,247.927029,2706.692076,98.7979890000002
399000,4356000,CB2OH,18.04462,1e+06,10.5,48.7,399000 4356000,5.5,Suitable,dodgerblue,YES,247.927029,2706.692076,98.7979890000002
399000,4356000,CB2OH,31.16798,1e+06,9.71,50.2,399000 4356000,9.5,Suitable,dodgerblue,YES,247.927029,2706.692076,98.7979890000002
399000,4356000,CB2OH,1.64042,1e+06,10.6,48.6,399000 4356000,0.5,Suitable,dodgerblue,YES,247.927029,2706.692076,98.7979890000002
399000,4356000,CB2OH,21.32546,1e+06,10.5,48.7,399000 4356000,6.5,Suitable,dodgerblue,YES,247.927029,2706.692076,98.7979890000002
399000,4356000,CB2OH,8.2021,1e+06,10.6,48.6,399000 4356000,2.5,Suitable,dodgerblue,YES,247.927029,2706.692076,98.7979890000002
399000,4356000,CB2OH,27.88714,1e+06,10.5,48.7,399000 4356000,8.5,Suitable,dodgerblue,YES,247.927029,2706.692076,98.7979890000002
399000,4357000,CB2OH,1.64042,1e+06,10.61,48.6,399000 4357000,0.5,Suitable,dodgerblue,YES,247.927029,2707.313447,99.4193599999999
399000,4357000,CB2OH,27.88714,1e+06,10.49,48.7,399000 4357000,8.5,Suitable,dodgerblue,YES,247.927029,2707.313447,99.4193599999999
399000,4357000,CB2OH,8.2021,1e+06,10.6,48.6,399000 4357000,2.5,Suitable,dodgerblue,YES,247.927029,2707.313447,99.4193599999999
399000,4357000,CB2OH,18.04462,1e+06,10.5,48.7,399000 4357000,5.5,Suitable,dodgerblue,YES,247.927029,2707.313447,99.4193599999999
399000,4357000,CB2OH,24.6063,1e+06,10.49,48.7,399000 4357000,7.5,Suitable,dodgerblue,YES,247.927029,2707.313447,99.4193599999999
399000,4357000,CB2OH,21.32546,1e+06,10.5,48.7,399000 4357000,6.5,Suitable,dodgerblue,YES,247.927029,2707.313447,99.4193599999999
399000,4357000,CB2OH,4.92126,1e+06,10.61,48.6,399000 4357000,1.5,Suitable,dodgerblue,YES,247.927029,2707.313447,99.4193599999999
399000,4357000,CB2OH,11.48294,1e+06,10.55,48.6,399000 4357000,3.5,Suitable,dodgerblue,YES,247.927029,2707.313447,99.4193599999999
399000,4357000,CB2OH,14.76378,1e+06,10.5,48.7,399000 4357000,4.5,Suitable,dodgerblue,YES,247.927029,2707.313447,99.4193599999999
402000,4358000,CB2OH,18.04462,1e+06,10.48,48.7,402000 4358000,5.5,Suitable,dodgerblue,YES,249.791142,2707.934818,100.040731
402000,4358000,CB2OH,8.2021,1e+06,10.6,48.5,402000 4358000,2.5,Suitable,dodgerblue,YES,249.791142,2707.934818,100.040731
402000,4358000,CB2OH,21.32546,1e+06,10.47,48.7,402000 4358000,6.5,Suitable,dodgerblue,YES,249.791142,2707.934818,100.040731
402000,4358000,CB2OH,11.48294,1e+06,10.57,48.5,402000 4358000,3.5,Suitable,dodgerblue,YES,249.791142,2707.934818,100.040731
402000,4358000,CB2OH,14.76378,1e+06,10.49,48.7,402000 4358000,4.5,Suitable,dodgerblue,YES,249.791142,2707.934818,100.040731
402000,4358000,CB2OH,24.6063,1e+06,10.47,48.8,402000 4358000,7.5,Suitable,dodgerblue,YES,249.791142,2707.934818,100.040731
402000,4358000,CB2OH,4.92126,1e+06,10.67,48.3,402000 4358000,1.5,Suitable,dodgerblue,YES,249.791142,2707.934818,100.040731
402000,4358000,CB2OH,27.88714,1e+06,10.47,48.8,402000 4358000,8.5,Suitable,dodgerblue,YES,249.791142,2707.934818,100.040731
402000,4358000,CB2OH,1.64042,1e+06,10.67,48.3,402000 4358000,0.5,Suitable,dodgerblue,YES,249.791142,2707.934818,100.040731
403000,4358000,CB2OH,27.88714,1e+06,10.45,48.8,403000 4358000,8.5,Suitable,dodgerblue,YES,250.412513,2707.934818,100.040731
403000,4358000,CB2OH,11.48294,1e+06,10.58,48.4,403000 4358000,3.5,Suitable,dodgerblue,YES,250.412513,2707.934818,100.040731
403000,4358000,CB2OH,1.64042,1e+06,10.69,48.2,403000 4358000,0.5,Suitable,dodgerblue,YES,250.412513,2707.934818,100.040731
403000,4358000,CB2OH,24.6063,1e+06,10.46,48.8,403000 4358000,7.5,Suitable,dodgerblue,YES,250.412513,2707.934818,100.040731
403000,4358000,CB2OH,8.2021,1e+06,10.61,48.4,403000 4358000,2.5,Suitable,dodgerblue,YES,250.412513,2707.934818,100.040731
403000,4358000,CB2OH,14.76378,1e+06,10.48,48.7,403000 4358000,4.5,Suitable,dodgerblue,YES,250.412513,2707.934818,100.040731
403000,4358000,CB2OH,18.04462,1e+06,10.47,48.7,403000 4358000,5.5,Suitable,dodgerblue,YES,250.412513,2707.934818,100.040731
403000,4358000,CB2OH,4.92126,1e+06,10.69,48.2,403000 4358000,1.5,Suitable,dodgerblue,YES,250.412513,2707.934818,100.040731
403000,4358000,CB2OH,21.32546,1e+06,10.47,48.8,403000 4358000,6.5,Suitable,dodgerblue,YES,250.412513,2707.934818,100.040731
403000,4359000,CB2OH,11.48294,1e+06,10.59,48.4,403000 4359000,3.5,Suitable,dodgerblue,YES,250.412513,2708.556189,100.662102
403000,4359000,CB2OH,4.92126,1e+06,10.71,48.1,403000 4359000,1.5,Suitable,dodgerblue,YES,250.412513,2708.556189,100.662102
403000,4359000,CB2OH,18.04462,1e+06,10.47,48.7,403000 4359000,5.5,Suitable,dodgerblue,YES,250.412513,2708.556189,100.662102
403000,4359000,CB2OH,1.64042,1e+06,10.71,48,403000 4359000,0.5,Suitable,dodgerblue,YES,250.412513,2708.556189,100.662102
403000,4359000,CB2OH,14.76378,1e+06,10.48,48.7,403000 4359000,4.5,Suitable,dodgerblue,YES,250.412513,2708.556189,100.662102
403000,4359000,CB2OH,8.2021,1e+06,10.62,48.3,403000 4359000,2.5,Suitable,dodgerblue,YES,250.412513,2708.556189,100.662102
403000,4359000,CB2OH,21.32546,1e+06,10.46,48.8,403000 4359000,6.5,Suitable,dodgerblue,YES,250.412513,2708.556189,100.662102
403000,4359000,CB2OH,24.6063,1e+06,10.45,48.8,403000 4359000,7.5,Suitable,dodgerblue,YES,250.412513,2708.556189,100.662102
406000,4360000,CB2OH,4.92126,1e+06,10.79,47.7,406000 4360000,1.5,Suitable,dodgerblue,YES,252.276626,2709.17756,101.283473
406000,4360000,CB2OH,14.76378,1e+06,10.46,48.7,406000 4360000,4.5,Suitable,dodgerblue,YES,252.276626,2709.17756,101.283473
406000,4360000,CB2OH,21.32546,1e+06,10.43,48.8,406000 4360000,6.5,Suitable,dodgerblue,YES,252.276626,2709.17756,101.283473
406000,4360000,CB2OH,8.2021,1e+06,10.72,47.9,406000 4360000,2.5,Suitable,dodgerblue,YES,252.276626,2709.17756,101.283473
406000,4360000,CB2OH,18.04462,1e+06,10.45,48.8,406000 4360000,5.5,Suitable,dodgerblue,YES,252.276626,2709.17756,101.283473
406000,4360000,CB2OH,11.48294,1e+06,10.69,47.9,406000 4360000,3.5,Suitable,dodgerblue,YES,252.276626,2709.17756,101.283473
406000,4360000,CB2OH,24.6063,1e+06,10.42,48.9,406000 4360000,7.5,Suitable,dodgerblue,YES,252.276626,2709.17756,101.283473
406000,4360000,CB2OH,27.88714,1e+06,10.41,48.9,406000 4360000,8.5,Suitable,dodgerblue,YES,252.276626,2709.17756,101.283473
406000,4360000,CB2OH,1.64042,1e+06,10.79,47.6,406000 4360000,0.5,Suitable,dodgerblue,YES,252.276626,2709.17756,101.283473
407500,4359500,SASOH,1.64042,62500,9.65,49.3,407500 4359500,0.5,Suitable,dodgerblue,YES,253.2086825,2708.8668745,100.9727875
407500,4359500,SASOH,4.92126,62500,9.5,49.5,407500 4359500,1.5,Suitable,dodgerblue,YES,253.2086825,2708.8668745,100.9727875
407500,4359500,SASOH,8.2021,62500,9.4,49.8,407500 4359500,2.5,Suitable,dodgerblue,YES,253.2086825,2708.8668745,100.9727875
407500,4359500,SASOH,11.48294,62500,9.4,49.9,407500 4359500,3.5,Suitable,dodgerblue,YES,253.2086825,2708.8668745,100.9727875
407500,4359500,SASOH,14.76378,62500,9.4,50,407500 4359500,4.5,Suitable,dodgerblue,YES,253.2086825,2708.8668745,100.9727875
407500,4359500,SASOH,18.04462,62500,9.4,50,407500 4359500,5.5,Suitable,dodgerblue,YES,253.2086825,2708.8668745,100.9727875
407750,4359500,SASOH,11.48294,62500,9.4,49.9,407750 4359500,3.5,Suitable,dodgerblue,YES,253.36402525,2708.8668745,100.9727875
407750,4359500,SASOH,1.64042,62500,9.65,49.3,407750 4359500,0.5,Suitable,dodgerblue,YES,253.36402525,2708.8668745,100.9727875
407750,4359500,SASOH,4.92126,62500,9.5,49.5,407750 4359500,1.5,Suitable,dodgerblue,YES,253.36402525,2708.8668745,100.9727875
407750,4359500,SASOH,14.76378,62500,9.4,50,407750 4359500,4.5,Suitable,dodgerblue,YES,253.36402525,2708.8668745,100.9727875
407750,4359500,SASOH,18.04462,62500,9.4,50,407750 4359500,5.5,Suitable,dodgerblue,YES,253.36402525,2708.8668745,100.9727875
407750,4359500,SASOH,8.2021,62500,9.4,49.8,407750 4359500,2.5,Suitable,dodgerblue,YES,253.36402525,2708.8668745,100.9727875
408000,4359500,SASOH,1.64042,62500,9.65,49.3,408000 4359500,0.5,Suitable,dodgerblue,YES,253.519368,2708.8668745,100.9727875
408000,4359500,SASOH,4.92126,62500,9.5,49.5,408000 4359500,1.5,Suitable,dodgerblue,YES,253.519368,2708.8668745,100.9727875
408000,4359500,SASOH,11.48294,62500,9.4,49.9,408000 4359500,3.5,Suitable,dodgerblue,YES,253.519368,2708.8668745,100.9727875
408000,4359500,SASOH,14.76378,62500,9.4,50,408000 4359500,4.5,Suitable,dodgerblue,YES,253.519368,2708.8668745,100.9727875
408000,4359500,SASOH,18.04462,62500,9.4,50,408000 4359500,5.5,Suitable,dodgerblue,YES,253.519368,2708.8668745,100.9727875
408000,4359500,SASOH,8.2021,62500,9.4,49.8,408000 4359500,2.5,Suitable,dodgerblue,YES,253.519368,2708.8668745,100.9727875
408000,4361000,CB2OH,14.76378,1e+06,10.45,48.8,408000 4361000,4.5,Suitable,dodgerblue,YES,253.519368,2709.798931,101.904844
408000,4361000,CB2OH,4.92126,1e+06,10.84,47.4,408000 4361000,1.5,Suitable,dodgerblue,YES,253.519368,2709.798931,101.904844
408000,4361000,CB2OH,1.64042,1e+06,10.84,47.4,408000 4361000,0.5,Suitable,dodgerblue,YES,253.519368,2709.798931,101.904844
408000,4361000,CB2OH,11.48294,1e+06,10.78,47.6,408000 4361000,3.5,Suitable,dodgerblue,YES,253.519368,2709.798931,101.904844
408000,4361000,CB2OH,18.04462,1e+06,10.43,48.8,408000 4361000,5.5,Suitable,dodgerblue,YES,253.519368,2709.798931,101.904844
408000,4361000,CB2OH,8.2021,1e+06,10.79,47.6,408000 4361000,2.5,Suitable,dodgerblue,YES,253.519368,2709.798931,101.904844
408250,4359750,SASOH,14.76378,62500,9.4,50,408250 4359750,4.5,Suitable,dodgerblue,YES,253.67471075,2709.02221725,101.12813025
408250,4359750,SASOH,18.04462,62500,9.4,50,408250 4359750,5.5,Suitable,dodgerblue,YES,253.67471075,2709.02221725,101.12813025
408250,4359750,SASOH,1.64042,62500,9.65,49.3,408250 4359750,0.5,Suitable,dodgerblue,YES,253.67471075,2709.02221725,101.12813025
408250,4359750,SASOH,4.92126,62500,9.5,49.5,408250 4359750,1.5,Suitable,dodgerblue,YES,253.67471075,2709.02221725,101.12813025
408250,4359750,SASOH,8.2021,62500,9.4,49.8,408250 4359750,2.5,Suitable,dodgerblue,YES,253.67471075,2709.02221725,101.12813025
408250,4359750,SASOH,11.48294,62500,9.4,49.9,408250 4359750,3.5,Suitable,dodgerblue,YES,253.67471075,2709.02221725,101.12813025
409000,4361000,CB2OH,4.92126,1e+06,10.85,47.3,409000 4361000,1.5,Suitable,dodgerblue,YES,254.140739,2709.798931,101.904844
409000,4361000,CB2OH,11.48294,1e+06,10.8,47.5,409000 4361000,3.5,Suitable,dodgerblue,YES,254.140739,2709.798931,101.904844
409000,4361000,CB2OH,14.76378,1e+06,10.45,48.8,409000 4361000,4.5,Suitable,dodgerblue,YES,254.140739,2709.798931,101.904844
409000,4361000,CB2OH,18.04462,1e+06,10.43,48.8,409000 4361000,5.5,Suitable,dodgerblue,YES,254.140739,2709.798931,101.904844
409000,4361000,CB2OH,1.64042,1e+06,10.85,47.3,409000 4361000,0.5,Suitable,dodgerblue,YES,254.140739,2709.798931,101.904844
409000,4361000,CB2OH,8.2021,1e+06,10.82,47.5,409000 4361000,2.5,Suitable,dodgerblue,YES,254.140739,2709.798931,101.904844
410000,4360250,SASOH,11.48294,62500,9.4,49.9,410000 4360250,3.5,Suitable,dodgerblue,YES,254.76211,2709.33290275,101.43881575
410000,4360250,SASOH,1.64042,62500,9.65,49.3,410000 4360250,0.5,Suitable,dodgerblue,YES,254.76211,2709.33290275,101.43881575
410000,4360250,SASOH,4.92126,62500,9.5,49.5,410000 4360250,1.5,Suitable,dodgerblue,YES,254.76211,2709.33290275,101.43881575
410000,4360250,SASOH,8.2021,62500,9.4,49.8,410000 4360250,2.5,Suitable,dodgerblue,YES,254.76211,2709.33290275,101.43881575
410000,4362000,CB2OH,11.48294,1e+06,10.85,47.3,410000 4362000,3.5,Suitable,dodgerblue,YES,254.76211,2710.420302,102.526215
410000,4362000,CB2OH,4.92126,1e+06,10.87,47.2,410000 4362000,1.5,Suitable,dodgerblue,YES,254.76211,2710.420302,102.526215
410000,4362000,CB2OH,27.88714,1e+06,10.37,48.9,410000 4362000,8.5,Suitable,dodgerblue,YES,254.76211,2710.420302,102.526215
410000,4362000,CB2OH,34.44882,1e+06,9.8,50,410000 4362000,10.5,Suitable,dodgerblue,YES,254.76211,2710.420302,102.526215
410000,4362000,CB2OH,8.2021,1e+06,10.85,47.3,410000 4362000,2.5,Suitable,dodgerblue,YES,254.76211,2710.420302,102.526215
410000,4362000,CB2OH,1.64042,1e+06,10.87,47.2,410000 4362000,0.5,Suitable,dodgerblue,YES,254.76211,2710.420302,102.526215
410000,4362000,CB2OH,21.32546,1e+06,10.4,48.9,410000 4362000,6.5,Suitable,dodgerblue,YES,254.76211,2710.420302,102.526215
410000,4362000,CB2OH,18.04462,1e+06,10.42,48.8,410000 4362000,5.5,Suitable,dodgerblue,YES,254.76211,2710.420302,102.526215
410000,4362000,CB2OH,14.76378,1e+06,10.44,48.8,410000 4362000,4.5,Suitable,dodgerblue,YES,254.76211,2710.420302,102.526215
410000,4362000,CB2OH,31.16798,1e+06,9.85,49.9,410000 4362000,9.5,Suitable,dodgerblue,YES,254.76211,2710.420302,102.526215
410000,4362000,CB2OH,24.6063,1e+06,10.38,48.9,410000 4362000,7.5,Suitable,dodgerblue,YES,254.76211,2710.420302,102.526215
411000,4363000,CB1TF,27.88714,1e+06,10.5,48.7,411000 4363000,8.5,Suitable,dodgerblue,YES,255.383481,2711.041673,103.147586
411000,4363000,CB1TF,4.92126,1e+06,10.89,47.3,411000 4363000,1.5,Suitable,dodgerblue,YES,255.383481,2711.041673,103.147586
411000,4363000,CB1TF,31.16798,1e+06,10.5,48.7,411000 4363000,9.5,Suitable,dodgerblue,YES,255.383481,2711.041673,103.147586
411000,4363000,CB1TF,11.48294,1e+06,10.88,47.2,411000 4363000,3.5,Suitable,dodgerblue,YES,255.383481,2711.041673,103.147586
411000,4363000,CB1TF,8.2021,1e+06,10.89,47.3,411000 4363000,2.5,Suitable,dodgerblue,YES,255.383481,2711.041673,103.147586
411000,4363000,CB1TF,14.76378,1e+06,10.5,48.7,411000 4363000,4.5,Suitable,dodgerblue,YES,255.383481,2711.041673,103.147586
411000,4363000,CB1TF,1.64042,1e+06,10.88,47.3,411000 4363000,0.5,Suitable,dodgerblue,YES,255.383481,2711.041673,103.147586
411000,4363000,CB1TF,21.32546,1e+06,10.5,48.7,411000 4363000,6.5,Suitable,dodgerblue,YES,255.383481,2711.041673,103.147586
411000,4363000,CB1TF,18.04462,1e+06,10.5,48.7,411000 4363000,5.5,Suitable,dodgerblue,YES,255.383481,2711.041673,103.147586
411000,4363000,CB1TF,24.6063,1e+06,10.5,48.7,411000 4363000,7.5,Suitable,dodgerblue,YES,255.383481,2711.041673,103.147586
412000,4364000,CB1TF,21.32546,1e+06,10.5,48.7,412000 4364000,6.5,Suitable,dodgerblue,YES,256.004852,2711.663044,103.768957
412000,4364000,CB1TF,8.2021,1e+06,10.9,47.2,412000 4364000,2.5,Suitable,dodgerblue,YES,256.004852,2711.663044,103.768957
412000,4364000,CB1TF,11.48294,1e+06,10.89,47.1,412000 4364000,3.5,Suitable,dodgerblue,YES,256.004852,2711.663044,103.768957
412000,4364000,CB1TF,27.88714,1e+06,10.5,48.7,412000 4364000,8.5,Suitable,dodgerblue,YES,256.004852,2711.663044,103.768957
412000,4364000,CB1TF,1.64042,1e+06,10.89,47.2,412000 4364000,0.5,Suitable,dodgerblue,YES,256.004852,2711.663044,103.768957
412000,4364000,CB1TF,4.92126,1e+06,10.9,47.2,412000 4364000,1.5,Suitable,dodgerblue,YES,256.004852,2711.663044,103.768957
412000,4364000,CB1TF,18.04462,1e+06,10.5,48.7,412000 4364000,5.5,Suitable,dodgerblue,YES,256.004852,2711.663044,103.768957
412000,4364000,CB1TF,31.16798,1e+06,10.5,48.7,412000 4364000,9.5,Suitable,dodgerblue,YES,256.004852,2711.663044,103.768957
412000,4364000,CB1TF,14.76378,1e+06,10.5,48.7,412000 4364000,4.5,Suitable,dodgerblue,YES,256.004852,2711.663044,103.768957
412000,4364000,CB1TF,24.6063,1e+06,10.5,48.7,412000 4364000,7.5,Suitable,dodgerblue,YES,256.004852,2711.663044,103.768957
413000,4365000,CB1TF,21.32546,1e+06,10.5,48.7,413000 4365000,6.5,Suitable,dodgerblue,YES,256.626223,2712.284415,104.390328
413000,4365000,CB1TF,18.04462,1e+06,10.5,48.7,413000 4365000,5.5,Suitable,dodgerblue,YES,256.626223,2712.284415,104.390328
413000,4365000,CB1TF,11.48294,1e+06,10.9,47.1,413000 4365000,3.5,Suitable,dodgerblue,YES,256.626223,2712.284415,104.390328
413000,4365000,CB1TF,4.92126,1e+06,10.9,47.2,413000 4365000,1.5,Suitable,dodgerblue,YES,256.626223,2712.284415,104.390328
413000,4365000,CB1TF,14.76378,1e+06,10.5,48.7,413000 4365000,4.5,Suitable,dodgerblue,YES,256.626223,2712.284415,104.390328
413000,4365000,CB1TF,8.2021,1e+06,10.9,47.2,413000 4365000,2.5,Suitable,dodgerblue,YES,256.626223,2712.284415,104.390328
413000,4365000,CB1TF,1.64042,1e+06,10.9,47.1,413000 4365000,0.5,Suitable,dodgerblue,YES,256.626223,2712.284415,104.390328
414000,4365500,ELKOH,1.64042,250000,10.9,47.1,414000 4365500,0.5,Suitable,dodgerblue,YES,257.247594,2712.5951005,104.7010135
414000,4365500,ELKOH,8.2021,250000,10.9,47.1,414000 4365500,2.5,Suitable,dodgerblue,YES,257.247594,2712.5951005,104.7010135
414000,4365500,ELKOH,4.92126,250000,10.9,47.1,414000 4365500,1.5,Suitable,dodgerblue,YES,257.247594,2712.5951005,104.7010135
414000,4366000,ELKOH,11.48294,250000,10.9,47.1,414000 4366000,3.5,Suitable,dodgerblue,YES,257.247594,2712.905786,105.011699
414000,4366000,ELKOH,18.04462,250000,10.8,47.3,414000 4366000,5.5,Suitable,dodgerblue,YES,257.247594,2712.905786,105.011699
414000,4366000,ELKOH,21.32546,250000,10.8,47.2,414000 4366000,6.5,Suitable,dodgerblue,YES,257.247594,2712.905786,105.011699
414000,4366000,ELKOH,1.64042,250000,10.9,47.1,414000 4366000,0.5,Suitable,dodgerblue,YES,257.247594,2712.905786,105.011699
414000,4366000,ELKOH,4.92126,250000,10.9,47.1,414000 4366000,1.5,Suitable,dodgerblue,YES,257.247594,2712.905786,105.011699
414000,4366000,ELKOH,14.76378,250000,10.8,47.3,414000 4366000,4.5,Suitable,dodgerblue,YES,257.247594,2712.905786,105.011699
414000,4366000,ELKOH,8.2021,250000,10.9,47.1,414000 4366000,2.5,Suitable,dodgerblue,YES,257.247594,2712.905786,105.011699
414500,4366500,ELKOH,18.04462,250000,10.8,47.3,414500 4366500,5.5,Suitable,dodgerblue,YES,257.5582795,2713.2164715,105.3223845
414500,4366500,ELKOH,14.76378,250000,10.8,47.3,414500 4366500,4.5,Suitable,dodgerblue,YES,257.5582795,2713.2164715,105.3223845
414500,4366500,ELKOH,11.48294,250000,10.89,47.1,414500 4366500,3.5,Suitable,dodgerblue,YES,257.5582795,2713.2164715,105.3223845
414500,4366500,ELKOH,4.92126,250000,10.89,47.1,414500 4366500,1.5,Suitable,dodgerblue,YES,257.5582795,2713.2164715,105.3223845
414500,4366500,ELKOH,21.32546,250000,10.8,47.2,414500 4366500,6.5,Suitable,dodgerblue,YES,257.5582795,2713.2164715,105.3223845
414500,4366500,ELKOH,1.64042,250000,10.89,47.1,414500 4366500,0.5,Suitable,dodgerblue,YES,257.5582795,2713.2164715,105.3223845
414500,4366500,ELKOH,8.2021,250000,10.89,47.1,414500 4366500,2.5,Suitable,dodgerblue,YES,257.5582795,2713.2164715,105.3223845
414500,4367000,ELKOH,1.64042,250000,10.89,47.1,414500 4367000,0.5,Suitable,dodgerblue,YES,257.5582795,2713.527157,105.63307
414500,4367000,ELKOH,18.04462,250000,10.8,47.3,414500 4367000,5.5,Suitable,dodgerblue,YES,257.5582795,2713.527157,105.63307
414500,4367000,ELKOH,4.92126,250000,10.89,47.1,414500 4367000,1.5,Suitable,dodgerblue,YES,257.5582795,2713.527157,105.63307
414500,4367000,ELKOH,8.2021,250000,10.89,47.1,414500 4367000,2.5,Suitable,dodgerblue,YES,257.5582795,2713.527157,105.63307
414500,4367000,ELKOH,14.76378,250000,10.8,47.3,414500 4367000,4.5,Suitable,dodgerblue,YES,257.5582795,2713.527157,105.63307
414500,4367000,ELKOH,11.48294,250000,10.89,47.1,414500 4367000,3.5,Suitable,dodgerblue,YES,257.5582795,2713.527157,105.63307
415000,4366000,ELKOH,14.76378,250000,10.8,47.3,415000 4366000,4.5,Suitable,dodgerblue,YES,257.868965,2712.905786,105.011699
415000,4366000,ELKOH,1.64042,250000,10.89,47.1,415000 4366000,0.5,Suitable,dodgerblue,YES,257.868965,2712.905786,105.011699
415000,4366000,ELKOH,21.32546,250000,10.8,47.2,415000 4366000,6.5,Suitable,dodgerblue,YES,257.868965,2712.905786,105.011699
415000,4366000,ELKOH,11.48294,250000,10.89,47.1,415000 4366000,3.5,Suitable,dodgerblue,YES,257.868965,2712.905786,105.011699
415000,4366000,ELKOH,4.92126,250000,10.89,47.1,415000 4366000,1.5,Suitable,dodgerblue,YES,257.868965,2712.905786,105.011699
415000,4366000,ELKOH,18.04462,250000,10.8,47.3,415000 4366000,5.5,Suitable,dodgerblue,YES,257.868965,2712.905786,105.011699
415000,4366000,ELKOH,8.2021,250000,10.89,47.1,415000 4366000,2.5,Suitable,dodgerblue,YES,257.868965,2712.905786,105.011699
415000,4367000,ELKOH,11.48294,250000,10.89,47.1,415000 4367000,3.5,Suitable,dodgerblue,YES,257.868965,2713.527157,105.63307
415000,4367000,ELKOH,8.2021,250000,10.89,47.1,415000 4367000,2.5,Suitable,dodgerblue,YES,257.868965,2713.527157,105.63307
415000,4367000,ELKOH,18.04462,250000,10.8,47.3,415000 4367000,5.5,Suitable,dodgerblue,YES,257.868965,2713.527157,105.63307
415000,4367000,ELKOH,1.64042,250000,10.89,47.1,415000 4367000,0.5,Suitable,dodgerblue,YES,257.868965,2713.527157,105.63307
415000,4367000,ELKOH,14.76378,250000,10.8,47.3,415000 4367000,4.5,Suitable,dodgerblue,YES,257.868965,2713.527157,105.63307
415000,4367000,ELKOH,4.92126,250000,10.89,47.1,415000 4367000,1.5,Suitable,dodgerblue,YES,257.868965,2713.527157,105.63307
415000,4367500,ELKOH,21.32546,250000,10.8,47.2,415000 4367500,6.5,Suitable,dodgerblue,YES,257.868965,2713.8378425,105.9437555
415000,4367500,ELKOH,18.04462,250000,10.8,47.3,415000 4367500,5.5,Suitable,dodgerblue,YES,257.868965,2713.8378425,105.9437555
415000,4367500,ELKOH,8.2021,250000,10.89,47.1,415000 4367500,2.5,Suitable,dodgerblue,YES,257.868965,2713.8378425,105.9437555
415000,4367500,ELKOH,1.64042,250000,10.89,47.1,415000 4367500,0.5,Suitable,dodgerblue,YES,257.868965,2713.8378425,105.9437555
415000,4367500,ELKOH,11.48294,250000,10.89,47.1,415000 4367500,3.5,Suitable,dodgerblue,YES,257.868965,2713.8378425,105.9437555
415000,4367500,ELKOH,4.92126,250000,10.89,47.1,415000 4367500,1.5,Suitable,dodgerblue,YES,257.868965,2713.8378425,105.9437555
415000,4367500,ELKOH,14.76378,250000,10.8,47.3,415000 4367500,4.5,Suitable,dodgerblue,YES,257.868965,2713.8378425,105.9437555
415500,4368000,ELKOH,1.64042,250000,10.88,47.1,415500 4368000,0.5,Suitable,dodgerblue,YES,258.1796505,2714.148528,106.254441
415500,4368000,ELKOH,4.92126,250000,10.88,47.1,415500 4368000,1.5,Suitable,dodgerblue,YES,258.1796505,2714.148528,106.254441
415500,4368000,ELKOH,18.04462,250000,10.8,47.3,415500 4368000,5.5,Suitable,dodgerblue,YES,258.1796505,2714.148528,106.254441
415500,4368000,ELKOH,21.32546,250000,10.8,47.2,415500 4368000,6.5,Suitable,dodgerblue,YES,258.1796505,2714.148528,106.254441
415500,4368000,ELKOH,14.76378,250000,10.8,47.3,415500 4368000,4.5,Suitable,dodgerblue,YES,258.1796505,2714.148528,106.254441
415500,4368000,ELKOH,11.48294,250000,10.88,47.1,415500 4368000,3.5,Suitable,dodgerblue,YES,258.1796505,2714.148528,106.254441
415500,4368000,ELKOH,8.2021,250000,10.88,47.1,415500 4368000,2.5,Suitable,dodgerblue,YES,258.1796505,2714.148528,106.254441
416000,4368000,ELKOH,18.04462,250000,10.8,47.3,416000 4368000,5.5,Suitable,dodgerblue,YES,258.490336,2714.148528,106.254441
416000,4368000,ELKOH,14.76378,250000,10.8,47.3,416000 4368000,4.5,Suitable,dodgerblue,YES,258.490336,2714.148528,106.254441
416000,4368000,ELKOH,11.48294,250000,10.88,47.1,416000 4368000,3.5,Suitable,dodgerblue,YES,258.490336,2714.148528,106.254441
416000,4368000,ELKOH,1.64042,250000,10.88,47.1,416000 4368000,0.5,Suitable,dodgerblue,YES,258.490336,2714.148528,106.254441
416000,4368000,ELKOH,8.2021,250000,10.88,47.1,416000 4368000,2.5,Suitable,dodgerblue,YES,258.490336,2714.148528,106.254441
416000,4368000,ELKOH,21.32546,250000,10.8,47.2,416000 4368000,6.5,Suitable,dodgerblue,YES,258.490336,2714.148528,106.254441
416000,4368000,ELKOH,4.92126,250000,10.88,47.1,416000 4368000,1.5,Suitable,dodgerblue,YES,258.490336,2714.148528,106.254441
416000,4368500,ELKOH,1.64042,250000,10.88,47.1,416000 4368500,0.5,Suitable,dodgerblue,YES,258.490336,2714.4592135,106.5651265
416000,4368500,ELKOH,4.92126,250000,10.88,47.1,416000 4368500,1.5,Suitable,dodgerblue,YES,258.490336,2714.4592135,106.5651265
416000,4368500,ELKOH,21.32546,250000,10.8,47.2,416000 4368500,6.5,Suitable,dodgerblue,YES,258.490336,2714.4592135,106.5651265
416000,4368500,ELKOH,11.48294,250000,10.88,47.1,416000 4368500,3.5,Suitable,dodgerblue,YES,258.490336,2714.4592135,106.5651265
416000,4368500,ELKOH,8.2021,250000,10.88,47.1,416000 4368500,2.5,Suitable,dodgerblue,YES,258.490336,2714.4592135,106.5651265
416000,4368500,ELKOH,18.04462,250000,10.8,47.3,416000 4368500,5.5,Suitable,dodgerblue,YES,258.490336,2714.4592135,106.5651265
416000,4368500,ELKOH,24.6063,250000,10.8,47.1,416000 4368500,7.5,Suitable,dodgerblue,YES,258.490336,2714.4592135,106.5651265
416000,4368500,ELKOH,14.76378,250000,10.8,47.3,416000 4368500,4.5,Suitable,dodgerblue,YES,258.490336,2714.4592135,106.5651265
416500,4369000,ELKOH,14.76378,250000,10.8,47.3,416500 4369000,4.5,Suitable,dodgerblue,YES,258.8010215,2714.769899,106.875812
416500,4369000,ELKOH,11.48294,250000,10.87,47.2,416500 4369000,3.5,Suitable,dodgerblue,YES,258.8010215,2714.769899,106.875812
416500,4369000,ELKOH,27.88714,250000,10.8,47.1,416500 4369000,8.5,Suitable,dodgerblue,YES,258.8010215,2714.769899,106.875812
416500,4369000,ELKOH,24.6063,250000,10.8,47.1,416500 4369000,7.5,Suitable,dodgerblue,YES,258.8010215,2714.769899,106.875812
416500,4369000,ELKOH,8.2021,250000,10.87,47.2,416500 4369000,2.5,Suitable,dodgerblue,YES,258.8010215,2714.769899,106.875812
416500,4369000,ELKOH,1.64042,250000,10.87,47.2,416500 4369000,0.5,Suitable,dodgerblue,YES,258.8010215,2714.769899,106.875812
416500,4369000,ELKOH,4.92126,250000,10.87,47.2,416500 4369000,1.5,Suitable,dodgerblue,YES,258.8010215,2714.769899,106.875812
416500,4369000,ELKOH,18.04462,250000,10.8,47.3,416500 4369000,5.5,Suitable,dodgerblue,YES,258.8010215,2714.769899,106.875812
416500,4369000,ELKOH,21.32546,250000,10.8,47.2,416500 4369000,6.5,Suitable,dodgerblue,YES,258.8010215,2714.769899,106.875812
417000,4369500,ELKOH,21.32546,250000,10.8,47.2,417000 4369500,6.5,Suitable,dodgerblue,YES,259.111707,2715.0805845,107.1864975
417000,4369500,ELKOH,24.6063,250000,10.8,47.1,417000 4369500,7.5,Suitable,dodgerblue,YES,259.111707,2715.0805845,107.1864975
417000,4369500,ELKOH,18.04462,250000,10.8,47.3,417000 4369500,5.5,Suitable,dodgerblue,YES,259.111707,2715.0805845,107.1864975
417000,4369500,ELKOH,27.88714,250000,10.8,47.1,417000 4369500,8.5,Suitable,dodgerblue,YES,259.111707,2715.0805845,107.1864975
417000,4369500,ELKOH,14.76378,250000,10.8,47.3,417000 4369500,4.5,Suitable,dodgerblue,YES,259.111707,2715.0805845,107.1864975
417000,4369500,ELKOH,4.92126,250000,10.86,47.2,417000 4369500,1.5,Suitable,dodgerblue,YES,259.111707,2715.0805845,107.1864975
417000,4369500,ELKOH,1.64042,250000,10.86,47.2,417000 4369500,0.5,Suitable,dodgerblue,YES,259.111707,2715.0805845,107.1864975
417000,4369500,ELKOH,8.2021,250000,10.86,47.2,417000 4369500,2.5,Suitable,dodgerblue,YES,259.111707,2715.0805845,107.1864975
417000,4369500,ELKOH,11.48294,250000,10.86,47.2,417000 4369500,3.5,Suitable,dodgerblue,YES,259.111707,2715.0805845,107.1864975
417500,4370000,ELKOH,4.92126,250000,10.85,47.2,417500 4370000,1.5,Suitable,dodgerblue,YES,259.4223925,2715.39127,107.497183
417500,4370000,ELKOH,11.48294,250000,10.85,47.2,417500 4370000,3.5,Suitable,dodgerblue,YES,259.4223925,2715.39127,107.497183
417500,4370000,ELKOH,21.32546,250000,10.8,47.2,417500 4370000,6.5,Suitable,dodgerblue,YES,259.4223925,2715.39127,107.497183
417500,4370000,ELKOH,14.76378,250000,10.8,47.3,417500 4370000,4.5,Suitable,dodgerblue,YES,259.4223925,2715.39127,107.497183
417500,4370000,ELKOH,1.64042,250000,10.85,47.2,417500 4370000,0.5,Suitable,dodgerblue,YES,259.4223925,2715.39127,107.497183
417500,4370000,ELKOH,8.2021,250000,10.85,47.2,417500 4370000,2.5,Suitable,dodgerblue,YES,259.4223925,2715.39127,107.497183
417500,4370000,ELKOH,18.04462,250000,10.8,47.3,417500 4370000,5.5,Suitable,dodgerblue,YES,259.4223925,2715.39127,107.497183
418000,4370500,ELKOH,8.2021,250000,10.84,47.2,418000 4370500,2.5,Suitable,dodgerblue,YES,259.733078,2715.7019555,107.8078685
418000,4370500,ELKOH,18.04462,250000,10.8,47.3,418000 4370500,5.5,Suitable,dodgerblue,YES,259.733078,2715.7019555,107.8078685
418000,4370500,ELKOH,4.92126,250000,10.84,47.2,418000 4370500,1.5,Suitable,dodgerblue,YES,259.733078,2715.7019555,107.8078685
418000,4370500,ELKOH,1.64042,250000,10.84,47.2,418000 4370500,0.5,Suitable,dodgerblue,YES,259.733078,2715.7019555,107.8078685
418000,4370500,ELKOH,21.32546,250000,10.8,47.2,418000 4370500,6.5,Suitable,dodgerblue,YES,259.733078,2715.7019555,107.8078685
418000,4370500,ELKOH,11.48294,250000,10.84,47.2,418000 4370500,3.5,Suitable,dodgerblue,YES,259.733078,2715.7019555,107.8078685
418000,4370500,ELKOH,14.76378,250000,10.8,47.3,418000 4370500,4.5,Suitable,dodgerblue,YES,259.733078,2715.7019555,107.8078685
419500,4371000,ELKOH,4.92126,250000,10.82,47.3,419500 4371000,1.5,Suitable,dodgerblue,YES,260.6651345,2716.012641,108.118554
419500,4371000,ELKOH,1.64042,250000,10.82,47.3,419500 4371000,0.5,Suitable,dodgerblue,YES,260.6651345,2716.012641,108.118554
419500,4371500,ELKOH,11.48294,250000,10.81,47.3,419500 4371500,3.5,Suitable,dodgerblue,YES,260.6651345,2716.3233265,108.4292395
419500,4371500,ELKOH,1.64042,250000,10.81,47.3,419500 4371500,0.5,Suitable,dodgerblue,YES,260.6651345,2716.3233265,108.4292395
419500,4371500,ELKOH,14.76378,250000,10.8,47.3,419500 4371500,4.5,Suitable,dodgerblue,YES,260.6651345,2716.3233265,108.4292395
419500,4371500,ELKOH,4.92126,250000,10.81,47.3,419500 4371500,1.5,Suitable,dodgerblue,YES,260.6651345,2716.3233265,108.4292395
419500,4371500,ELKOH,8.2021,250000,10.81,47.3,419500 4371500,2.5,Suitable,dodgerblue,YES,260.6651345,2716.3233265,108.4292395
420000,4372000,ELKOH,4.92126,250000,10.81,47.3,420000 4372000,1.5,Suitable,dodgerblue,YES,260.97582,2716.634012,108.739925
420000,4372000,ELKOH,11.48294,250000,10.81,47.3,420000 4372000,3.5,Suitable,dodgerblue,YES,260.97582,2716.634012,108.739925
420000,4372000,ELKOH,1.64042,250000,10.81,47.3,420000 4372000,0.5,Suitable,dodgerblue,YES,260.97582,2716.634012,108.739925
420000,4372000,ELKOH,8.2021,250000,10.81,47.3,420000 4372000,2.5,Suitable,dodgerblue,YES,260.97582,2716.634012,108.739925
420000,4372500,ELKOH,14.76378,250000,10.8,47.3,420000 4372500,4.5,Suitable,dodgerblue,YES,260.97582,2716.9446975,109.0506105
420000,4372500,ELKOH,4.92126,250000,10.81,47.3,420000 4372500,1.5,Suitable,dodgerblue,YES,260.97582,2716.9446975,109.0506105
420000,4372500,ELKOH,8.2021,250000,10.81,47.3,420000 4372500,2.5,Suitable,dodgerblue,YES,260.97582,2716.9446975,109.0506105
420000,4372500,ELKOH,11.48294,250000,10.81,47.3,420000 4372500,3.5,Suitable,dodgerblue,YES,260.97582,2716.9446975,109.0506105
420000,4372500,ELKOH,1.64042,250000,10.81,47.3,420000 4372500,0.5,Suitable,dodgerblue,YES,260.97582,2716.9446975,109.0506105
420500,4373000,ELKOH,21.32546,250000,10.8,47.2,420500 4373000,6.5,Suitable,dodgerblue,YES,261.2865055,2717.255383,109.361296
420500,4373000,ELKOH,4.92126,250000,10.8,47.3,420500 4373000,1.5,Suitable,dodgerblue,YES,261.2865055,2717.255383,109.361296
420500,4373000,ELKOH,1.64042,250000,10.8,47.3,420500 4373000,0.5,Suitable,dodgerblue,YES,261.2865055,2717.255383,109.361296
420500,4373000,ELKOH,11.48294,250000,10.8,47.3,420500 4373000,3.5,Suitable,dodgerblue,YES,261.2865055,2717.255383,109.361296
420500,4373000,ELKOH,18.04462,250000,10.8,47.3,420500 4373000,5.5,Suitable,dodgerblue,YES,261.2865055,2717.255383,109.361296
420500,4373000,ELKOH,14.76378,250000,10.8,47.3,420500 4373000,4.5,Suitable,dodgerblue,YES,261.2865055,2717.255383,109.361296
420500,4373000,ELKOH,8.2021,250000,10.8,47.3,420500 4373000,2.5,Suitable,dodgerblue,YES,261.2865055,2717.255383,109.361296
422000,4373500,ELKOH,1.64042,250000,10.8,47.3,422000 4373500,0.5,Suitable,dodgerblue,YES,262.218562,2717.5660685,109.6719815
422000,4373500,ELKOH,27.88714,250000,10.8,47.1,422000 4373500,8.5,Suitable,dodgerblue,YES,262.218562,2717.5660685,109.6719815
422000,4373500,ELKOH,24.6063,250000,10.8,47.1,422000 4373500,7.5,Suitable,dodgerblue,YES,262.218562,2717.5660685,109.6719815
422000,4373500,ELKOH,21.32546,250000,10.8,47.2,422000 4373500,6.5,Suitable,dodgerblue,YES,262.218562,2717.5660685,109.6719815
422000,4373500,ELKOH,14.76378,250000,10.8,47.3,422000 4373500,4.5,Suitable,dodgerblue,YES,262.218562,2717.5660685,109.6719815
422000,4373500,ELKOH,31.16798,250000,10.8,47.1,422000 4373500,9.5,Suitable,dodgerblue,YES,262.218562,2717.5660685,109.6719815
422000,4373500,ELKOH,8.2021,250000,10.8,47.3,422000 4373500,2.5,Suitable,dodgerblue,YES,262.218562,2717.5660685,109.6719815
422000,4373500,ELKOH,18.04462,250000,10.8,47.3,422000 4373500,5.5,Suitable,dodgerblue,YES,262.218562,2717.5660685,109.6719815
422000,4373500,ELKOH,4.92126,250000,10.8,47.3,422000 4373500,1.5,Suitable,dodgerblue,YES,262.218562,2717.5660685,109.6719815
422000,4373500,ELKOH,11.48294,250000,10.8,47.3,422000 4373500,3.5,Suitable,dodgerblue,YES,262.218562,2717.5660685,109.6719815
423500,4374000,ELKOH,4.92126,250000,10.8,47.3,423500 4374000,1.5,Suitable,dodgerblue,YES,263.1506185,2717.876754,109.982667
423500,4374000,ELKOH,18.04462,250000,10.8,47.3,423500 4374000,5.5,Suitable,dodgerblue,YES,263.1506185,2717.876754,109.982667
423500,4374000,ELKOH,1.64042,250000,10.8,47.3,423500 4374000,0.5,Suitable,dodgerblue,YES,263.1506185,2717.876754,109.982667
423500,4374000,ELKOH,24.6063,250000,10.8,47.1,423500 4374000,7.5,Suitable,dodgerblue,YES,263.1506185,2717.876754,109.982667
423500,4374000,ELKOH,27.88714,250000,10.8,47.1,423500 4374000,8.5,Suitable,dodgerblue,YES,263.1506185,2717.876754,109.982667
423500,4374000,ELKOH,11.48294,250000,10.8,47.3,423500 4374000,3.5,Suitable,dodgerblue,YES,263.1506185,2717.876754,109.982667
423500,4374000,ELKOH,14.76378,250000,10.8,47.3,423500 4374000,4.5,Suitable,dodgerblue,YES,263.1506185,2717.876754,109.982667
423500,4374000,ELKOH,21.32546,250000,10.8,47.2,423500 4374000,6.5,Suitable,dodgerblue,YES,263.1506185,2717.876754,109.982667
423500,4374000,ELKOH,8.2021,250000,10.8,47.3,423500 4374000,2.5,Suitable,dodgerblue,YES,263.1506185,2717.876754,109.982667
424000,4374500,ELKOH,31.16798,250000,10.8,47.1,424000 4374500,9.5,Suitable,dodgerblue,YES,263.461304,2718.1874395,110.2933525
424000,4374500,ELKOH,24.6063,250000,10.8,47.1,424000 4374500,7.5,Suitable,dodgerblue,YES,263.461304,2718.1874395,110.2933525
424000,4374500,ELKOH,27.88714,250000,10.8,47.1,424000 4374500,8.5,Suitable,dodgerblue,YES,263.461304,2718.1874395,110.2933525
424000,4374500,ELKOH,18.04462,250000,10.8,47.3,424000 4374500,5.5,Suitable,dodgerblue,YES,263.461304,2718.1874395,110.2933525
424000,4374500,ELKOH,14.76378,250000,10.8,47.3,424000 4374500,4.5,Suitable,dodgerblue,YES,263.461304,2718.1874395,110.2933525
424000,4374500,ELKOH,1.64042,250000,10.8,47.3,424000 4374500,0.5,Suitable,dodgerblue,YES,263.461304,2718.1874395,110.2933525
424000,4374500,ELKOH,8.2021,250000,10.8,47.3,424000 4374500,2.5,Suitable,dodgerblue,YES,263.461304,2718.1874395,110.2933525
424000,4374500,ELKOH,4.92126,250000,10.8,47.3,424000 4374500,1.5,Suitable,dodgerblue,YES,263.461304,2718.1874395,110.2933525
424000,4374500,ELKOH,21.32546,250000,10.8,47.2,424000 4374500,6.5,Suitable,dodgerblue,YES,263.461304,2718.1874395,110.2933525
424000,4374500,ELKOH,11.48294,250000,10.8,47.3,424000 4374500,3.5,Suitable,dodgerblue,YES,263.461304,2718.1874395,110.2933525
424500,4375000,ELKOH,11.48294,250000,10.8,47.3,424500 4375000,3.5,Suitable,dodgerblue,YES,263.7719895,2718.498125,110.604038
424500,4375000,ELKOH,14.76378,250000,10.8,47.3,424500 4375000,4.5,Suitable,dodgerblue,YES,263.7719895,2718.498125,110.604038
424500,4375000,ELKOH,18.04462,250000,10.8,47.3,424500 4375000,5.5,Suitable,dodgerblue,YES,263.7719895,2718.498125,110.604038
424500,4375000,ELKOH,8.2021,250000,10.8,47.3,424500 4375000,2.5,Suitable,dodgerblue,YES,263.7719895,2718.498125,110.604038
424500,4375000,ELKOH,4.92126,250000,10.8,47.3,424500 4375000,1.5,Suitable,dodgerblue,YES,263.7719895,2718.498125,110.604038
424500,4375000,ELKOH,1.64042,250000,10.8,47.3,424500 4375000,0.5,Suitable,dodgerblue,YES,263.7719895,2718.498125,110.604038
424500,4375000,ELKOH,21.32546,250000,10.8,47.2,424500 4375000,6.5,Suitable,dodgerblue,YES,263.7719895,2718.498125,110.604038
425000,4375300,C&DOH,14.76378,10000,10.73,47.3,425000 4375300,4.5,Suitable,dodgerblue,YES,264.082675,2718.6845363,110.7904493
425000,4375300,C&DOH,11.48294,10000,10.74,47.3,425000 4375300,3.5,Suitable,dodgerblue,YES,264.082675,2718.6845363,110.7904493
425000,4375300,C&DOH,18.04462,10000,10.72,47.3,425000 4375300,5.5,Suitable,dodgerblue,YES,264.082675,2718.6845363,110.7904493
425000,4375300,C&DOH,24.6063,10000,10.72,47.2,425000 4375300,7.5,Suitable,dodgerblue,YES,264.082675,2718.6845363,110.7904493
425000,4375300,C&DOH,8.2021,10000,10.75,47.3,425000 4375300,2.5,Suitable,dodgerblue,YES,264.082675,2718.6845363,110.7904493
425000,4375300,C&DOH,4.92126,10000,10.75,47.3,425000 4375300,1.5,Suitable,dodgerblue,YES,264.082675,2718.6845363,110.7904493
425000,4375300,C&DOH,1.64042,10000,10.75,47.3,425000 4375300,0.5,Suitable,dodgerblue,YES,264.082675,2718.6845363,110.7904493
425000,4375300,C&DOH,21.32546,10000,10.72,47.2,425000 4375300,6.5,Suitable,dodgerblue,YES,264.082675,2718.6845363,110.7904493
425000,4375300,C&DOH,27.88714,10000,10.72,47.2,425000 4375300,8.5,Suitable,dodgerblue,YES,264.082675,2718.6845363,110.7904493
425000,4375400,C&DOH,1.64042,10000,10.75,47.3,425000 4375400,0.5,Suitable,dodgerblue,YES,264.082675,2718.7466734,110.8525864
425000,4375400,C&DOH,21.32546,10000,10.72,47.2,425000 4375400,6.5,Suitable,dodgerblue,YES,264.082675,2718.7466734,110.8525864
425000,4375400,C&DOH,11.48294,10000,10.74,47.3,425000 4375400,3.5,Suitable,dodgerblue,YES,264.082675,2718.7466734,110.8525864
425000,4375400,C&DOH,34.44882,10000,10.7,47.2,425000 4375400,10.5,Suitable,dodgerblue,YES,264.082675,2718.7466734,110.8525864
425000,4375400,C&DOH,27.88714,10000,10.72,47.2,425000 4375400,8.5,Suitable,dodgerblue,YES,264.082675,2718.7466734,110.8525864
425000,4375400,C&DOH,24.6063,10000,10.72,47.2,425000 4375400,7.5,Suitable,dodgerblue,YES,264.082675,2718.7466734,110.8525864
425000,4375400,C&DOH,4.92126,10000,10.75,47.3,425000 4375400,1.5,Suitable,dodgerblue,YES,264.082675,2718.7466734,110.8525864
425000,4375400,C&DOH,31.16798,10000,10.71,47.2,425000 4375400,9.5,Suitable,dodgerblue,YES,264.082675,2718.7466734,110.8525864
425000,4375400,C&DOH,18.04462,10000,10.72,47.3,425000 4375400,5.5,Suitable,dodgerblue,YES,264.082675,2718.7466734,110.8525864
425000,4375400,C&DOH,8.2021,10000,10.75,47.3,425000 4375400,2.5,Suitable,dodgerblue,YES,264.082675,2718.7466734,110.8525864
425000,4375400,C&DOH,14.76378,10000,10.73,47.3,425000 4375400,4.5,Suitable,dodgerblue,YES,264.082675,2718.7466734,110.8525864
425100,4375400,C&DOH,27.88714,10000,10.71,47.2,425100 4375400,8.5,Suitable,dodgerblue,YES,264.1448121,2718.7466734,110.8525864
425100,4375400,C&DOH,11.48294,10000,10.74,47.3,425100 4375400,3.5,Suitable,dodgerblue,YES,264.1448121,2718.7466734,110.8525864
425100,4375400,C&DOH,1.64042,10000,10.75,47.3,425100 4375400,0.5,Suitable,dodgerblue,YES,264.1448121,2718.7466734,110.8525864
425100,4375400,C&DOH,24.6063,10000,10.71,47.2,425100 4375400,7.5,Suitable,dodgerblue,YES,264.1448121,2718.7466734,110.8525864
425100,4375400,C&DOH,4.92126,10000,10.75,47.3,425100 4375400,1.5,Suitable,dodgerblue,YES,264.1448121,2718.7466734,110.8525864
425100,4375400,C&DOH,34.44882,10000,10.69,47.2,425100 4375400,10.5,Suitable,dodgerblue,YES,264.1448121,2718.7466734,110.8525864
425100,4375400,C&DOH,21.32546,10000,10.71,47.2,425100 4375400,6.5,Suitable,dodgerblue,YES,264.1448121,2718.7466734,110.8525864
425100,4375400,C&DOH,14.76378,10000,10.72,47.3,425100 4375400,4.5,Suitable,dodgerblue,YES,264.1448121,2718.7466734,110.8525864
425100,4375400,C&DOH,31.16798,10000,10.7,47.2,425100 4375400,9.5,Suitable,dodgerblue,YES,264.1448121,2718.7466734,110.8525864
425100,4375400,C&DOH,18.04462,10000,10.71,47.3,425100 4375400,5.5,Suitable,dodgerblue,YES,264.1448121,2718.7466734,110.8525864
425100,4375400,C&DOH,8.2021,10000,10.75,47.3,425100 4375400,2.5,Suitable,dodgerblue,YES,264.1448121,2718.7466734,110.8525864
425100,4375500,C&DOH,18.04462,10000,10.71,47.3,425100 4375500,5.5,Suitable,dodgerblue,YES,264.1448121,2718.8088105,110.9147235
425100,4375500,C&DOH,1.64042,10000,10.74,47.3,425100 4375500,0.5,Suitable,dodgerblue,YES,264.1448121,2718.8088105,110.9147235
425100,4375500,C&DOH,21.32546,10000,10.71,47.2,425100 4375500,6.5,Suitable,dodgerblue,YES,264.1448121,2718.8088105,110.9147235
425100,4375500,C&DOH,14.76378,10000,10.72,47.3,425100 4375500,4.5,Suitable,dodgerblue,YES,264.1448121,2718.8088105,110.9147235
425100,4375500,C&DOH,8.2021,10000,10.74,47.3,425100 4375500,2.5,Suitable,dodgerblue,YES,264.1448121,2718.8088105,110.9147235
425100,4375500,C&DOH,4.92126,10000,10.74,47.3,425100 4375500,1.5,Suitable,dodgerblue,YES,264.1448121,2718.8088105,110.9147235
425100,4375500,C&DOH,27.88714,10000,10.71,47.2,425100 4375500,8.5,Suitable,dodgerblue,YES,264.1448121,2718.8088105,110.9147235
425100,4375500,C&DOH,34.44882,10000,10.69,47.2,425100 4375500,10.5,Suitable,dodgerblue,YES,264.1448121,2718.8088105,110.9147235
425100,4375500,C&DOH,11.48294,10000,10.74,47.3,425100 4375500,3.5,Suitable,dodgerblue,YES,264.1448121,2718.8088105,110.9147235
425100,4375500,C&DOH,24.6063,10000,10.71,47.2,425100 4375500,7.5,Suitable,dodgerblue,YES,264.1448121,2718.8088105,110.9147235
425100,4375500,C&DOH,31.16798,10000,10.7,47.2,425100 4375500,9.5,Suitable,dodgerblue,YES,264.1448121,2718.8088105,110.9147235
425200,4375500,C&DOH,34.44882,10000,10.68,47.2,425200 4375500,10.5,Suitable,dodgerblue,YES,264.2069492,2718.8088105,110.9147235
425200,4375500,C&DOH,21.32546,10000,10.7,47.2,425200 4375500,6.5,Suitable,dodgerblue,YES,264.2069492,2718.8088105,110.9147235
425200,4375500,C&DOH,31.16798,10000,10.69,47.2,425200 4375500,9.5,Suitable,dodgerblue,YES,264.2069492,2718.8088105,110.9147235
425200,4375500,C&DOH,27.88714,10000,10.7,47.2,425200 4375500,8.5,Suitable,dodgerblue,YES,264.2069492,2718.8088105,110.9147235
425200,4375500,C&DOH,14.76378,10000,10.71,47.3,425200 4375500,4.5,Suitable,dodgerblue,YES,264.2069492,2718.8088105,110.9147235
425200,4375500,C&DOH,4.92126,10000,10.74,47.3,425200 4375500,1.5,Suitable,dodgerblue,YES,264.2069492,2718.8088105,110.9147235
425200,4375500,C&DOH,24.6063,10000,10.7,47.2,425200 4375500,7.5,Suitable,dodgerblue,YES,264.2069492,2718.8088105,110.9147235
425200,4375500,C&DOH,18.04462,10000,10.7,47.3,425200 4375500,5.5,Suitable,dodgerblue,YES,264.2069492,2718.8088105,110.9147235
425200,4375500,C&DOH,8.2021,10000,10.74,47.3,425200 4375500,2.5,Suitable,dodgerblue,YES,264.2069492,2718.8088105,110.9147235
425200,4375500,C&DOH,1.64042,10000,10.74,47.3,425200 4375500,0.5,Suitable,dodgerblue,YES,264.2069492,2718.8088105,110.9147235
425200,4375500,C&DOH,11.48294,10000,10.73,47.3,425200 4375500,3.5,Suitable,dodgerblue,YES,264.2069492,2718.8088105,110.9147235
425300,4375600,C&DOH,8.2021,10000,10.73,47.3,425300 4375600,2.5,Suitable,dodgerblue,YES,264.2690863,2718.8709476,110.9768606
425300,4375600,C&DOH,18.04462,10000,10.7,47.3,425300 4375600,5.5,Suitable,dodgerblue,YES,264.2690863,2718.8709476,110.9768606
425300,4375600,C&DOH,27.88714,10000,10.7,47.2,425300 4375600,8.5,Suitable,dodgerblue,YES,264.2690863,2718.8709476,110.9768606
425300,4375600,C&DOH,34.44882,10000,10.67,47.2,425300 4375600,10.5,Suitable,dodgerblue,YES,264.2690863,2718.8709476,110.9768606
425300,4375600,C&DOH,24.6063,10000,10.7,47.2,425300 4375600,7.5,Suitable,dodgerblue,YES,264.2690863,2718.8709476,110.9768606
425300,4375600,C&DOH,11.48294,10000,10.72,47.3,425300 4375600,3.5,Suitable,dodgerblue,YES,264.2690863,2718.8709476,110.9768606
425300,4375600,C&DOH,1.64042,10000,10.73,47.3,425300 4375600,0.5,Suitable,dodgerblue,YES,264.2690863,2718.8709476,110.9768606
425300,4375600,C&DOH,4.92126,10000,10.73,47.3,425300 4375600,1.5,Suitable,dodgerblue,YES,264.2690863,2718.8709476,110.9768606
425300,4375600,C&DOH,21.32546,10000,10.7,47.2,425300 4375600,6.5,Suitable,dodgerblue,YES,264.2690863,2718.8709476,110.9768606
425300,4375600,C&DOH,31.16798,10000,10.69,47.2,425300 4375600,9.5,Suitable,dodgerblue,YES,264.2690863,2718.8709476,110.9768606
425300,4375600,C&DOH,14.76378,10000,10.71,47.3,425300 4375600,4.5,Suitable,dodgerblue,YES,264.2690863,2718.8709476,110.9768606
425400,4375600,C&DOH,8.2021,10000,10.73,47.3,425400 4375600,2.5,Suitable,dodgerblue,YES,264.3312234,2718.8709476,110.9768606
425400,4375600,C&DOH,11.48294,10000,10.72,47.3,425400 4375600,3.5,Suitable,dodgerblue,YES,264.3312234,2718.8709476,110.9768606
425400,4375600,C&DOH,14.76378,10000,10.7,47.3,425400 4375600,4.5,Suitable,dodgerblue,YES,264.3312234,2718.8709476,110.9768606
425400,4375600,C&DOH,34.44882,10000,10.66,47.2,425400 4375600,10.5,Suitable,dodgerblue,YES,264.3312234,2718.8709476,110.9768606
425400,4375600,C&DOH,21.32546,10000,10.69,47.2,425400 4375600,6.5,Suitable,dodgerblue,YES,264.3312234,2718.8709476,110.9768606
425400,4375600,C&DOH,4.92126,10000,10.73,47.3,425400 4375600,1.5,Suitable,dodgerblue,YES,264.3312234,2718.8709476,110.9768606
425400,4375600,C&DOH,1.64042,10000,10.73,47.3,425400 4375600,0.5,Suitable,dodgerblue,YES,264.3312234,2718.8709476,110.9768606
425400,4375600,C&DOH,31.16798,10000,10.68,47.2,425400 4375600,9.5,Suitable,dodgerblue,YES,264.3312234,2718.8709476,110.9768606
425400,4375600,C&DOH,18.04462,10000,10.69,47.3,425400 4375600,5.5,Suitable,dodgerblue,YES,264.3312234,2718.8709476,110.9768606
425400,4375600,C&DOH,24.6063,10000,10.69,47.2,425400 4375600,7.5,Suitable,dodgerblue,YES,264.3312234,2718.8709476,110.9768606
425400,4375600,C&DOH,27.88714,10000,10.69,47.2,425400 4375600,8.5,Suitable,dodgerblue,YES,264.3312234,2718.8709476,110.9768606
425400,4375700,C&DOH,8.2021,10000,10.73,47.3,425400 4375700,2.5,Suitable,dodgerblue,YES,264.3312234,2718.9330847,111.0389977
425400,4375700,C&DOH,21.32546,10000,10.69,47.2,425400 4375700,6.5,Suitable,dodgerblue,YES,264.3312234,2718.9330847,111.0389977
425400,4375700,C&DOH,31.16798,10000,10.68,47.2,425400 4375700,9.5,Suitable,dodgerblue,YES,264.3312234,2718.9330847,111.0389977
425400,4375700,C&DOH,14.76378,10000,10.7,47.3,425400 4375700,4.5,Suitable,dodgerblue,YES,264.3312234,2718.9330847,111.0389977
425400,4375700,C&DOH,11.48294,10000,10.72,47.3,425400 4375700,3.5,Suitable,dodgerblue,YES,264.3312234,2718.9330847,111.0389977
425400,4375700,C&DOH,27.88714,10000,10.69,47.2,425400 4375700,8.5,Suitable,dodgerblue,YES,264.3312234,2718.9330847,111.0389977
425400,4375700,C&DOH,24.6063,10000,10.69,47.2,425400 4375700,7.5,Suitable,dodgerblue,YES,264.3312234,2718.9330847,111.0389977
425400,4375700,C&DOH,4.92126,10000,10.73,47.3,425400 4375700,1.5,Suitable,dodgerblue,YES,264.3312234,2718.9330847,111.0389977
425400,4375700,C&DOH,34.44882,10000,10.66,47.2,425400 4375700,10.5,Suitable,dodgerblue,YES,264.3312234,2718.9330847,111.0389977
425400,4375700,C&DOH,1.64042,10000,10.73,47.3,425400 4375700,0.5,Suitable,dodgerblue,YES,264.3312234,2718.9330847,111.0389977
425400,4375700,C&DOH,18.04462,10000,10.69,47.3,425400 4375700,5.5,Suitable,dodgerblue,YES,264.3312234,2718.9330847,111.0389977
425500,4375700,C&DOH,11.48294,10000,10.71,47.3,425500 4375700,3.5,Suitable,dodgerblue,YES,264.3933605,2718.9330847,111.0389977
425500,4375700,C&DOH,34.44882,10000,10.65,47.2,425500 4375700,10.5,Suitable,dodgerblue,YES,264.3933605,2718.9330847,111.0389977
425500,4375700,C&DOH,14.76378,10000,10.69,47.3,425500 4375700,4.5,Suitable,dodgerblue,YES,264.3933605,2718.9330847,111.0389977
425500,4375700,C&DOH,21.32546,10000,10.68,47.2,425500 4375700,6.5,Suitable,dodgerblue,YES,264.3933605,2718.9330847,111.0389977
425500,4375700,C&DOH,18.04462,10000,10.68,47.3,425500 4375700,5.5,Suitable,dodgerblue,YES,264.3933605,2718.9330847,111.0389977
425500,4375700,C&DOH,1.64042,10000,10.73,47.3,425500 4375700,0.5,Suitable,dodgerblue,YES,264.3933605,2718.9330847,111.0389977
425500,4375700,C&DOH,8.2021,10000,10.73,47.3,425500 4375700,2.5,Suitable,dodgerblue,YES,264.3933605,2718.9330847,111.0389977
425500,4375700,C&DOH,24.6063,10000,10.68,47.2,425500 4375700,7.5,Suitable,dodgerblue,YES,264.3933605,2718.9330847,111.0389977
425500,4375700,C&DOH,27.88714,10000,10.68,47.2,425500 4375700,8.5,Suitable,dodgerblue,YES,264.3933605,2718.9330847,111.0389977
425500,4375700,C&DOH,31.16798,10000,10.67,47.2,425500 4375700,9.5,Suitable,dodgerblue,YES,264.3933605,2718.9330847,111.0389977
425500,4375700,C&DOH,4.92126,10000,10.73,47.3,425500 4375700,1.5,Suitable,dodgerblue,YES,264.3933605,2718.9330847,111.0389977
425500,4375800,C&DOH,31.16798,10000,10.67,47.2,425500 4375800,9.5,Suitable,dodgerblue,YES,264.3933605,2718.9952218,111.1011348
425500,4375800,C&DOH,27.88714,10000,10.68,47.2,425500 4375800,8.5,Suitable,dodgerblue,YES,264.3933605,2718.9952218,111.1011348
425500,4375800,C&DOH,18.04462,10000,10.68,47.3,425500 4375800,5.5,Suitable,dodgerblue,YES,264.3933605,2718.9952218,111.1011348
425500,4375800,C&DOH,21.32546,10000,10.68,47.2,425500 4375800,6.5,Suitable,dodgerblue,YES,264.3933605,2718.9952218,111.1011348
425500,4375800,C&DOH,11.48294,10000,10.71,47.3,425500 4375800,3.5,Suitable,dodgerblue,YES,264.3933605,2718.9952218,111.1011348
425500,4375800,C&DOH,14.76378,10000,10.69,47.3,425500 4375800,4.5,Suitable,dodgerblue,YES,264.3933605,2718.9952218,111.1011348
425500,4375800,C&DOH,34.44882,10000,10.65,47.2,425500 4375800,10.5,Suitable,dodgerblue,YES,264.3933605,2718.9952218,111.1011348
425500,4375800,C&DOH,24.6063,10000,10.68,47.2,425500 4375800,7.5,Suitable,dodgerblue,YES,264.3933605,2718.9952218,111.1011348
425500,4375800,C&DOH,1.64042,10000,10.72,47.3,425500 4375800,0.5,Suitable,dodgerblue,YES,264.3933605,2718.9952218,111.1011348
425500,4375800,C&DOH,4.92126,10000,10.72,47.3,425500 4375800,1.5,Suitable,dodgerblue,YES,264.3933605,2718.9952218,111.1011348
425500,4375800,C&DOH,8.2021,10000,10.72,47.3,425500 4375800,2.5,Suitable,dodgerblue,YES,264.3933605,2718.9952218,111.1011348
425600,4375700,C&DOH,4.92126,10000,10.72,47.3,425600 4375700,1.5,Suitable,dodgerblue,YES,264.4554976,2718.9330847,111.0389977
425600,4375700,C&DOH,1.64042,10000,10.72,47.3,425600 4375700,0.5,Suitable,dodgerblue,YES,264.4554976,2718.9330847,111.0389977
425600,4375700,C&DOH,18.04462,10000,10.67,47.3,425600 4375700,5.5,Suitable,dodgerblue,YES,264.4554976,2718.9330847,111.0389977
425600,4375700,C&DOH,21.32546,10000,10.67,47.2,425600 4375700,6.5,Suitable,dodgerblue,YES,264.4554976,2718.9330847,111.0389977
425600,4375700,C&DOH,24.6063,10000,10.67,47.2,425600 4375700,7.5,Suitable,dodgerblue,YES,264.4554976,2718.9330847,111.0389977
425600,4375700,C&DOH,34.44882,10000,10.64,47.2,425600 4375700,10.5,Suitable,dodgerblue,YES,264.4554976,2718.9330847,111.0389977
425600,4375700,C&DOH,8.2021,10000,10.72,47.3,425600 4375700,2.5,Suitable,dodgerblue,YES,264.4554976,2718.9330847,111.0389977
425600,4375700,C&DOH,31.16798,10000,10.66,47.2,425600 4375700,9.5,Suitable,dodgerblue,YES,264.4554976,2718.9330847,111.0389977
425600,4375700,C&DOH,14.76378,10000,10.69,47.3,425600 4375700,4.5,Suitable,dodgerblue,YES,264.4554976,2718.9330847,111.0389977
425600,4375700,C&DOH,27.88714,10000,10.67,47.2,425600 4375700,8.5,Suitable,dodgerblue,YES,264.4554976,2718.9330847,111.0389977
425600,4375700,C&DOH,11.48294,10000,10.71,47.3,425600 4375700,3.5,Suitable,dodgerblue,YES,264.4554976,2718.9330847,111.0389977
425600,4375800,C&DOH,4.92126,10000,10.72,47.3,425600 4375800,1.5,Suitable,dodgerblue,YES,264.4554976,2718.9952218,111.1011348
425600,4375800,C&DOH,11.48294,10000,10.71,47.3,425600 4375800,3.5,Suitable,dodgerblue,YES,264.4554976,2718.9952218,111.1011348
425600,4375800,C&DOH,14.76378,10000,10.68,47.3,425600 4375800,4.5,Suitable,dodgerblue,YES,264.4554976,2718.9952218,111.1011348
425600,4375800,C&DOH,18.04462,10000,10.67,47.3,425600 4375800,5.5,Suitable,dodgerblue,YES,264.4554976,2718.9952218,111.1011348
425600,4375800,C&DOH,34.44882,10000,10.64,47.2,425600 4375800,10.5,Suitable,dodgerblue,YES,264.4554976,2718.9952218,111.1011348
425600,4375800,C&DOH,31.16798,10000,10.66,47.2,425600 4375800,9.5,Suitable,dodgerblue,YES,264.4554976,2718.9952218,111.1011348
425600,4375800,C&DOH,24.6063,10000,10.67,47.2,425600 4375800,7.5,Suitable,dodgerblue,YES,264.4554976,2718.9952218,111.1011348
425600,4375800,C&DOH,21.32546,10000,10.67,47.2,425600 4375800,6.5,Suitable,dodgerblue,YES,264.4554976,2718.9952218,111.1011348
425600,4375800,C&DOH,1.64042,10000,10.72,47.3,425600 4375800,0.5,Suitable,dodgerblue,YES,264.4554976,2718.9952218,111.1011348
425600,4375800,C&DOH,27.88714,10000,10.67,47.2,425600 4375800,8.5,Suitable,dodgerblue,YES,264.4554976,2718.9952218,111.1011348
425600,4375800,C&DOH,8.2021,10000,10.72,47.3,425600 4375800,2.5,Suitable,dodgerblue,YES,264.4554976,2718.9952218,111.1011348
425600,4375900,C&DOH,11.48294,10000,10.71,47.3,425600 4375900,3.5,Suitable,dodgerblue,YES,264.4554976,2719.0573589,111.1632719
425600,4375900,C&DOH,8.2021,10000,10.72,47.3,425600 4375900,2.5,Suitable,dodgerblue,YES,264.4554976,2719.0573589,111.1632719
425600,4375900,C&DOH,4.92126,10000,10.72,47.3,425600 4375900,1.5,Suitable,dodgerblue,YES,264.4554976,2719.0573589,111.1632719
425600,4375900,C&DOH,27.88714,10000,10.67,47.2,425600 4375900,8.5,Suitable,dodgerblue,YES,264.4554976,2719.0573589,111.1632719
425600,4375900,C&DOH,18.04462,10000,10.67,47.3,425600 4375900,5.5,Suitable,dodgerblue,YES,264.4554976,2719.0573589,111.1632719
425600,4375900,C&DOH,21.32546,10000,10.67,47.2,425600 4375900,6.5,Suitable,dodgerblue,YES,264.4554976,2719.0573589,111.1632719
425600,4375900,C&DOH,1.64042,10000,10.72,47.3,425600 4375900,0.5,Suitable,dodgerblue,YES,264.4554976,2719.0573589,111.1632719
425600,4375900,C&DOH,34.44882,10000,10.64,47.2,425600 4375900,10.5,Suitable,dodgerblue,YES,264.4554976,2719.0573589,111.1632719
425600,4375900,C&DOH,31.16798,10000,10.66,47.2,425600 4375900,9.5,Suitable,dodgerblue,YES,264.4554976,2719.0573589,111.1632719
425600,4375900,C&DOH,14.76378,10000,10.68,47.3,425600 4375900,4.5,Suitable,dodgerblue,YES,264.4554976,2719.0573589,111.1632719
425600,4375900,C&DOH,24.6063,10000,10.67,47.2,425600 4375900,7.5,Suitable,dodgerblue,YES,264.4554976,2719.0573589,111.1632719
425700,4375900,C&DOH,27.88714,10000,10.66,47.2,425700 4375900,8.5,Suitable,dodgerblue,YES,264.5176347,2719.0573589,111.1632719
425700,4375900,C&DOH,11.48294,10000,10.7,47.3,425700 4375900,3.5,Suitable,dodgerblue,YES,264.5176347,2719.0573589,111.1632719
425700,4375900,C&DOH,24.6063,10000,10.66,47.2,425700 4375900,7.5,Suitable,dodgerblue,YES,264.5176347,2719.0573589,111.1632719
425700,4375900,C&DOH,4.92126,10000,10.71,47.3,425700 4375900,1.5,Suitable,dodgerblue,YES,264.5176347,2719.0573589,111.1632719
425700,4375900,C&DOH,31.16798,10000,10.65,47.2,425700 4375900,9.5,Suitable,dodgerblue,YES,264.5176347,2719.0573589,111.1632719
425700,4375900,C&DOH,21.32546,10000,10.66,47.2,425700 4375900,6.5,Suitable,dodgerblue,YES,264.5176347,2719.0573589,111.1632719
425700,4375900,C&DOH,1.64042,10000,10.71,47.3,425700 4375900,0.5,Suitable,dodgerblue,YES,264.5176347,2719.0573589,111.1632719
425700,4375900,C&DOH,8.2021,10000,10.71,47.3,425700 4375900,2.5,Suitable,dodgerblue,YES,264.5176347,2719.0573589,111.1632719
425700,4375900,C&DOH,34.44882,10000,10.63,47.2,425700 4375900,10.5,Suitable,dodgerblue,YES,264.5176347,2719.0573589,111.1632719
425700,4375900,C&DOH,18.04462,10000,10.66,47.3,425700 4375900,5.5,Suitable,dodgerblue,YES,264.5176347,2719.0573589,111.1632719
425700,4375900,C&DOH,14.76378,10000,10.68,47.3,425700 4375900,4.5,Suitable,dodgerblue,YES,264.5176347,2719.0573589,111.1632719
425800,4375900,C&DOH,14.76378,10000,10.67,47.3,425800 4375900,4.5,Suitable,dodgerblue,YES,264.5797718,2719.0573589,111.1632719
425800,4375900,C&DOH,11.48294,10000,10.7,47.3,425800 4375900,3.5,Suitable,dodgerblue,YES,264.5797718,2719.0573589,111.1632719
425800,4375900,C&DOH,4.92126,10000,10.71,47.3,425800 4375900,1.5,Suitable,dodgerblue,YES,264.5797718,2719.0573589,111.1632719
425800,4375900,C&DOH,31.16798,10000,10.64,47.2,425800 4375900,9.5,Suitable,dodgerblue,YES,264.5797718,2719.0573589,111.1632719
425800,4375900,C&DOH,18.04462,10000,10.66,47.3,425800 4375900,5.5,Suitable,dodgerblue,YES,264.5797718,2719.0573589,111.1632719
425800,4375900,C&DOH,1.64042,10000,10.71,47.3,425800 4375900,0.5,Suitable,dodgerblue,YES,264.5797718,2719.0573589,111.1632719
425800,4375900,C&DOH,21.32546,10000,10.66,47.2,425800 4375900,6.5,Suitable,dodgerblue,YES,264.5797718,2719.0573589,111.1632719
425800,4375900,C&DOH,27.88714,10000,10.66,47.2,425800 4375900,8.5,Suitable,dodgerblue,YES,264.5797718,2719.0573589,111.1632719
425800,4375900,C&DOH,8.2021,10000,10.71,47.3,425800 4375900,2.5,Suitable,dodgerblue,YES,264.5797718,2719.0573589,111.1632719
425800,4375900,C&DOH,34.44882,10000,10.62,47.2,425800 4375900,10.5,Suitable,dodgerblue,YES,264.5797718,2719.0573589,111.1632719
425800,4375900,C&DOH,24.6063,10000,10.66,47.2,425800 4375900,7.5,Suitable,dodgerblue,YES,264.5797718,2719.0573589,111.1632719
425800,4376000,C&DOH,18.04462,10000,10.65,47.3,425800 4376000,5.5,Suitable,dodgerblue,YES,264.5797718,2719.119496,111.225409
425800,4376000,C&DOH,31.16798,10000,10.64,47.2,425800 4376000,9.5,Suitable,dodgerblue,YES,264.5797718,2719.119496,111.225409
425800,4376000,C&DOH,27.88714,10000,10.65,47.2,425800 4376000,8.5,Suitable,dodgerblue,YES,264.5797718,2719.119496,111.225409
425800,4376000,C&DOH,24.6063,10000,10.65,47.2,425800 4376000,7.5,Suitable,dodgerblue,YES,264.5797718,2719.119496,111.225409
425800,4376000,C&DOH,8.2021,10000,10.71,47.3,425800 4376000,2.5,Suitable,dodgerblue,YES,264.5797718,2719.119496,111.225409
425800,4376000,C&DOH,4.92126,10000,10.71,47.3,425800 4376000,1.5,Suitable,dodgerblue,YES,264.5797718,2719.119496,111.225409
425800,4376000,C&DOH,11.48294,10000,10.69,47.3,425800 4376000,3.5,Suitable,dodgerblue,YES,264.5797718,2719.119496,111.225409
425800,4376000,C&DOH,14.76378,10000,10.67,47.3,425800 4376000,4.5,Suitable,dodgerblue,YES,264.5797718,2719.119496,111.225409
425800,4376000,C&DOH,21.32546,10000,10.65,47.2,425800 4376000,6.5,Suitable,dodgerblue,YES,264.5797718,2719.119496,111.225409
425800,4376000,C&DOH,1.64042,10000,10.71,47.3,425800 4376000,0.5,Suitable,dodgerblue,YES,264.5797718,2719.119496,111.225409
425800,4376000,C&DOH,34.44882,10000,10.62,47.2,425800 4376000,10.5,Suitable,dodgerblue,YES,264.5797718,2719.119496,111.225409
425900,4376000,C&DOH,1.64042,10000,10.7,47.3,425900 4376000,0.5,Suitable,dodgerblue,YES,264.6419089,2719.119496,111.225409
425900,4376000,C&DOH,14.76378,10000,10.66,47.3,425900 4376000,4.5,Suitable,dodgerblue,YES,264.6419089,2719.119496,111.225409
425900,4376000,C&DOH,34.44882,10000,10.61,47.2,425900 4376000,10.5,Suitable,dodgerblue,YES,264.6419089,2719.119496,111.225409
425900,4376000,C&DOH,11.48294,10000,10.69,47.3,425900 4376000,3.5,Suitable,dodgerblue,YES,264.6419089,2719.119496,111.225409
425900,4376000,C&DOH,8.2021,10000,10.7,47.3,425900 4376000,2.5,Suitable,dodgerblue,YES,264.6419089,2719.119496,111.225409
425900,4376000,C&DOH,18.04462,10000,10.65,47.3,425900 4376000,5.5,Suitable,dodgerblue,YES,264.6419089,2719.119496,111.225409
425900,4376000,C&DOH,27.88714,10000,10.65,47.2,425900 4376000,8.5,Suitable,dodgerblue,YES,264.6419089,2719.119496,111.225409
425900,4376000,C&DOH,4.92126,10000,10.7,47.3,425900 4376000,1.5,Suitable,dodgerblue,YES,264.6419089,2719.119496,111.225409
425900,4376000,C&DOH,24.6063,10000,10.65,47.2,425900 4376000,7.5,Suitable,dodgerblue,YES,264.6419089,2719.119496,111.225409
425900,4376000,C&DOH,21.32546,10000,10.65,47.3,425900 4376000,6.5,Suitable,dodgerblue,YES,264.6419089,2719.119496,111.225409
425900,4376000,C&DOH,31.16798,10000,10.63,47.2,425900 4376000,9.5,Suitable,dodgerblue,YES,264.6419089,2719.119496,111.225409
426000,4376000,C&DOH,31.16798,10000,10.63,47.2,426000 4376000,9.5,Suitable,dodgerblue,YES,264.704046,2719.119496,111.225409
426000,4376000,C&DOH,8.2021,10000,10.7,47.3,426000 4376000,2.5,Suitable,dodgerblue,YES,264.704046,2719.119496,111.225409
426000,4376000,C&DOH,4.92126,10000,10.7,47.3,426000 4376000,1.5,Suitable,dodgerblue,YES,264.704046,2719.119496,111.225409
426000,4376000,C&DOH,11.48294,10000,10.68,47.3,426000 4376000,3.5,Suitable,dodgerblue,YES,264.704046,2719.119496,111.225409
426000,4376000,C&DOH,24.6063,10000,10.64,47.2,426000 4376000,7.5,Suitable,dodgerblue,YES,264.704046,2719.119496,111.225409
426000,4376000,C&DOH,27.88714,10000,10.64,47.2,426000 4376000,8.5,Suitable,dodgerblue,YES,264.704046,2719.119496,111.225409
426000,4376000,C&DOH,1.64042,10000,10.7,47.3,426000 4376000,0.5,Suitable,dodgerblue,YES,264.704046,2719.119496,111.225409
426000,4376000,C&DOH,14.76378,10000,10.66,47.3,426000 4376000,4.5,Suitable,dodgerblue,YES,264.704046,2719.119496,111.225409
426000,4376000,C&DOH,34.44882,10000,10.6,47.2,426000 4376000,10.5,Suitable,dodgerblue,YES,264.704046,2719.119496,111.225409
426000,4376000,C&DOH,21.32546,10000,10.64,47.3,426000 4376000,6.5,Suitable,dodgerblue,YES,264.704046,2719.119496,111.225409
426000,4376000,C&DOH,18.04462,10000,10.64,47.3,426000 4376000,5.5,Suitable,dodgerblue,YES,264.704046,2719.119496,111.225409
426100,4376000,C&DOH,34.44882,10000,10.6,47.2,426100 4376000,10.5,Suitable,dodgerblue,YES,264.7661831,2719.119496,111.225409
426100,4376000,C&DOH,31.16798,10000,10.62,47.2,426100 4376000,9.5,Suitable,dodgerblue,YES,264.7661831,2719.119496,111.225409
426100,4376000,C&DOH,8.2021,10000,10.7,47.3,426100 4376000,2.5,Suitable,dodgerblue,YES,264.7661831,2719.119496,111.225409
426100,4376000,C&DOH,24.6063,10000,10.63,47.2,426100 4376000,7.5,Suitable,dodgerblue,YES,264.7661831,2719.119496,111.225409
426100,4376000,C&DOH,11.48294,10000,10.68,47.3,426100 4376000,3.5,Suitable,dodgerblue,YES,264.7661831,2719.119496,111.225409
426100,4376000,C&DOH,4.92126,10000,10.7,47.3,426100 4376000,1.5,Suitable,dodgerblue,YES,264.7661831,2719.119496,111.225409
426100,4376000,C&DOH,27.88714,10000,10.63,47.2,426100 4376000,8.5,Suitable,dodgerblue,YES,264.7661831,2719.119496,111.225409
426100,4376000,C&DOH,18.04462,10000,10.63,47.3,426100 4376000,5.5,Suitable,dodgerblue,YES,264.7661831,2719.119496,111.225409
426100,4376000,C&DOH,14.76378,10000,10.65,47.3,426100 4376000,4.5,Suitable,dodgerblue,YES,264.7661831,2719.119496,111.225409
426100,4376000,C&DOH,1.64042,10000,10.7,47.3,426100 4376000,0.5,Suitable,dodgerblue,YES,264.7661831,2719.119496,111.225409
426100,4376000,C&DOH,21.32546,10000,10.63,47.3,426100 4376000,6.5,Suitable,dodgerblue,YES,264.7661831,2719.119496,111.225409
426200,4376000,C&DOH,24.6063,10000,10.63,47.2,426200 4376000,7.5,Suitable,dodgerblue,YES,264.8283202,2719.119496,111.225409
426200,4376000,C&DOH,31.16798,10000,10.61,47.2,426200 4376000,9.5,Suitable,dodgerblue,YES,264.8283202,2719.119496,111.225409
426200,4376000,C&DOH,27.88714,10000,10.63,47.2,426200 4376000,8.5,Suitable,dodgerblue,YES,264.8283202,2719.119496,111.225409
426200,4376000,C&DOH,34.44882,10000,10.59,47.2,426200 4376000,10.5,Suitable,dodgerblue,YES,264.8283202,2719.119496,111.225409
426200,4376000,C&DOH,11.48294,10000,10.67,47.3,426200 4376000,3.5,Suitable,dodgerblue,YES,264.8283202,2719.119496,111.225409
426200,4376000,C&DOH,18.04462,10000,10.63,47.3,426200 4376000,5.5,Suitable,dodgerblue,YES,264.8283202,2719.119496,111.225409
426200,4376000,C&DOH,14.76378,10000,10.65,47.3,426200 4376000,4.5,Suitable,dodgerblue,YES,264.8283202,2719.119496,111.225409
426200,4376000,C&DOH,4.92126,10000,10.69,47.3,426200 4376000,1.5,Suitable,dodgerblue,YES,264.8283202,2719.119496,111.225409
426200,4376000,C&DOH,21.32546,10000,10.63,47.3,426200 4376000,6.5,Suitable,dodgerblue,YES,264.8283202,2719.119496,111.225409
426200,4376000,C&DOH,8.2021,10000,10.69,47.3,426200 4376000,2.5,Suitable,dodgerblue,YES,264.8283202,2719.119496,111.225409
426200,4376000,C&DOH,1.64042,10000,10.69,47.3,426200 4376000,0.5,Suitable,dodgerblue,YES,264.8283202,2719.119496,111.225409
426300,4376100,C&DOH,24.6063,10000,10.62,47.2,426300 4376100,7.5,Suitable,dodgerblue,YES,264.8904573,2719.1816331,111.2875461
426300,4376100,C&DOH,8.2021,10000,10.69,47.3,426300 4376100,2.5,Suitable,dodgerblue,YES,264.8904573,2719.1816331,111.2875461
426300,4376100,C&DOH,27.88714,10000,10.62,47.2,426300 4376100,8.5,Suitable,dodgerblue,YES,264.8904573,2719.1816331,111.2875461
426300,4376100,C&DOH,18.04462,10000,10.62,47.3,426300 4376100,5.5,Suitable,dodgerblue,YES,264.8904573,2719.1816331,111.2875461
426300,4376100,C&DOH,34.44882,10000,10.58,47.2,426300 4376100,10.5,Suitable,dodgerblue,YES,264.8904573,2719.1816331,111.2875461
426300,4376100,C&DOH,1.64042,10000,10.69,47.3,426300 4376100,0.5,Suitable,dodgerblue,YES,264.8904573,2719.1816331,111.2875461
426300,4376100,C&DOH,4.92126,10000,10.69,47.3,426300 4376100,1.5,Suitable,dodgerblue,YES,264.8904573,2719.1816331,111.2875461
426300,4376100,C&DOH,11.48294,10000,10.67,47.3,426300 4376100,3.5,Suitable,dodgerblue,YES,264.8904573,2719.1816331,111.2875461
426300,4376100,C&DOH,21.32546,10000,10.62,47.3,426300 4376100,6.5,Suitable,dodgerblue,YES,264.8904573,2719.1816331,111.2875461
426300,4376100,C&DOH,31.16798,10000,10.6,47.2,426300 4376100,9.5,Suitable,dodgerblue,YES,264.8904573,2719.1816331,111.2875461
426300,4376100,C&DOH,14.76378,10000,10.64,47.3,426300 4376100,4.5,Suitable,dodgerblue,YES,264.8904573,2719.1816331,111.2875461
426600,4376100,C&DOH,8.2021,10000,10.67,47.3,426600 4376100,2.5,Suitable,dodgerblue,YES,265.0768686,2719.1816331,111.2875461
426600,4376100,C&DOH,4.92126,10000,10.67,47.3,426600 4376100,1.5,Suitable,dodgerblue,YES,265.0768686,2719.1816331,111.2875461
426600,4376100,C&DOH,14.76378,10000,10.62,47.3,426600 4376100,4.5,Suitable,dodgerblue,YES,265.0768686,2719.1816331,111.2875461
426600,4376100,C&DOH,31.16798,10000,10.58,47.2,426600 4376100,9.5,Suitable,dodgerblue,YES,265.0768686,2719.1816331,111.2875461
426600,4376100,C&DOH,34.44882,10000,10.55,47.2,426600 4376100,10.5,Suitable,dodgerblue,YES,265.0768686,2719.1816331,111.2875461
426600,4376100,C&DOH,21.32546,10000,10.6,47.3,426600 4376100,6.5,Suitable,dodgerblue,YES,265.0768686,2719.1816331,111.2875461
426600,4376100,C&DOH,11.48294,10000,10.65,47.3,426600 4376100,3.5,Suitable,dodgerblue,YES,265.0768686,2719.1816331,111.2875461
426600,4376100,C&DOH,1.64042,10000,10.67,47.3,426600 4376100,0.5,Suitable,dodgerblue,YES,265.0768686,2719.1816331,111.2875461
426600,4376100,C&DOH,24.6063,10000,10.6,47.2,426600 4376100,7.5,Suitable,dodgerblue,YES,265.0768686,2719.1816331,111.2875461
426600,4376100,C&DOH,18.04462,10000,10.6,47.3,426600 4376100,5.5,Suitable,dodgerblue,YES,265.0768686,2719.1816331,111.2875461
426600,4376100,C&DOH,27.88714,10000,10.6,47.2,426600 4376100,8.5,Suitable,dodgerblue,YES,265.0768686,2719.1816331,111.2875461
426900,4376100,C&DOH,31.16798,10000,10.56,47.2,426900 4376100,9.5,Suitable,dodgerblue,YES,265.2632799,2719.1816331,111.2875461
426900,4376100,C&DOH,27.88714,10000,10.58,47.2,426900 4376100,8.5,Suitable,dodgerblue,YES,265.2632799,2719.1816331,111.2875461
426900,4376100,C&DOH,21.32546,10000,10.58,47.3,426900 4376100,6.5,Suitable,dodgerblue,YES,265.2632799,2719.1816331,111.2875461
426900,4376100,C&DOH,18.04462,10000,10.58,47.3,426900 4376100,5.5,Suitable,dodgerblue,YES,265.2632799,2719.1816331,111.2875461
426900,4376100,C&DOH,24.6063,10000,10.58,47.2,426900 4376100,7.5,Suitable,dodgerblue,YES,265.2632799,2719.1816331,111.2875461
426900,4376100,C&DOH,14.76378,10000,10.6,47.3,426900 4376100,4.5,Suitable,dodgerblue,YES,265.2632799,2719.1816331,111.2875461
426900,4376100,C&DOH,4.92126,10000,10.66,47.3,426900 4376100,1.5,Suitable,dodgerblue,YES,265.2632799,2719.1816331,111.2875461
426900,4376100,C&DOH,8.2021,10000,10.66,47.3,426900 4376100,2.5,Suitable,dodgerblue,YES,265.2632799,2719.1816331,111.2875461
426900,4376100,C&DOH,11.48294,10000,10.64,47.3,426900 4376100,3.5,Suitable,dodgerblue,YES,265.2632799,2719.1816331,111.2875461
426900,4376100,C&DOH,34.44882,10000,10.53,47.2,426900 4376100,10.5,Suitable,dodgerblue,YES,265.2632799,2719.1816331,111.2875461
426900,4376100,C&DOH,1.64042,10000,10.66,47.3,426900 4376100,0.5,Suitable,dodgerblue,YES,265.2632799,2719.1816331,111.2875461
427200,4376100,C&DOH,18.04462,10000,10.57,47.3,427200 4376100,5.5,Suitable,dodgerblue,YES,265.4496912,2719.1816331,111.2875461
427200,4376100,C&DOH,8.2021,10000,10.65,47.3,427200 4376100,2.5,Suitable,dodgerblue,YES,265.4496912,2719.1816331,111.2875461
427200,4376100,C&DOH,11.48294,10000,10.62,47.3,427200 4376100,3.5,Suitable,dodgerblue,YES,265.4496912,2719.1816331,111.2875461
427200,4376100,C&DOH,31.16798,10000,10.54,47.3,427200 4376100,9.5,Suitable,dodgerblue,YES,265.4496912,2719.1816331,111.2875461
427200,4376100,C&DOH,14.76378,10000,10.59,47.3,427200 4376100,4.5,Suitable,dodgerblue,YES,265.4496912,2719.1816331,111.2875461
427200,4376100,C&DOH,21.32546,10000,10.57,47.3,427200 4376100,6.5,Suitable,dodgerblue,YES,265.4496912,2719.1816331,111.2875461
427200,4376100,C&DOH,1.64042,10000,10.65,47.3,427200 4376100,0.5,Suitable,dodgerblue,YES,265.4496912,2719.1816331,111.2875461
427200,4376100,C&DOH,34.44882,10000,10.51,47.3,427200 4376100,10.5,Suitable,dodgerblue,YES,265.4496912,2719.1816331,111.2875461
427200,4376100,C&DOH,24.6063,10000,10.57,47.3,427200 4376100,7.5,Suitable,dodgerblue,YES,265.4496912,2719.1816331,111.2875461
427200,4376100,C&DOH,4.92126,10000,10.65,47.3,427200 4376100,1.5,Suitable,dodgerblue,YES,265.4496912,2719.1816331,111.2875461
427200,4376100,C&DOH,27.88714,10000,10.57,47.3,427200 4376100,8.5,Suitable,dodgerblue,YES,265.4496912,2719.1816331,111.2875461
427300,4376100,C&DOH,34.44882,10000,10.5,47.3,427300 4376100,10.5,Suitable,dodgerblue,YES,265.5118283,2719.1816331,111.2875461
427300,4376100,C&DOH,18.04462,10000,10.56,47.3,427300 4376100,5.5,Suitable,dodgerblue,YES,265.5118283,2719.1816331,111.2875461
427300,4376100,C&DOH,31.16798,10000,10.54,47.3,427300 4376100,9.5,Suitable,dodgerblue,YES,265.5118283,2719.1816331,111.2875461
427300,4376100,C&DOH,27.88714,10000,10.56,47.3,427300 4376100,8.5,Suitable,dodgerblue,YES,265.5118283,2719.1816331,111.2875461
427300,4376100,C&DOH,21.32546,10000,10.56,47.3,427300 4376100,6.5,Suitable,dodgerblue,YES,265.5118283,2719.1816331,111.2875461
427300,4376100,C&DOH,24.6063,10000,10.56,47.3,427300 4376100,7.5,Suitable,dodgerblue,YES,265.5118283,2719.1816331,111.2875461
427300,4376100,C&DOH,4.92126,10000,10.64,47.3,427300 4376100,1.5,Suitable,dodgerblue,YES,265.5118283,2719.1816331,111.2875461
427300,4376100,C&DOH,1.64042,10000,10.64,47.3,427300 4376100,0.5,Suitable,dodgerblue,YES,265.5118283,2719.1816331,111.2875461
427300,4376100,C&DOH,8.2021,10000,10.64,47.3,427300 4376100,2.5,Suitable,dodgerblue,YES,265.5118283,2719.1816331,111.2875461
427300,4376100,C&DOH,14.76378,10000,10.58,47.3,427300 4376100,4.5,Suitable,dodgerblue,YES,265.5118283,2719.1816331,111.2875461
427300,4376100,C&DOH,11.48294,10000,10.62,47.3,427300 4376100,3.5,Suitable,dodgerblue,YES,265.5118283,2719.1816331,111.2875461
427600,4376100,C&DOH,1.64042,10000,10.63,47.3,427600 4376100,0.5,Suitable,dodgerblue,YES,265.6982396,2719.1816331,111.2875461
427600,4376100,C&DOH,4.92126,10000,10.63,47.3,427600 4376100,1.5,Suitable,dodgerblue,YES,265.6982396,2719.1816331,111.2875461
427600,4376100,C&DOH,21.32546,10000,10.55,47.3,427600 4376100,6.5,Suitable,dodgerblue,YES,265.6982396,2719.1816331,111.2875461
427600,4376100,C&DOH,11.48294,10000,10.61,47.3,427600 4376100,3.5,Suitable,dodgerblue,YES,265.6982396,2719.1816331,111.2875461
427600,4376100,C&DOH,24.6063,10000,10.55,47.3,427600 4376100,7.5,Suitable,dodgerblue,YES,265.6982396,2719.1816331,111.2875461
427600,4376100,C&DOH,27.88714,10000,10.55,47.3,427600 4376100,8.5,Suitable,dodgerblue,YES,265.6982396,2719.1816331,111.2875461
427600,4376100,C&DOH,31.16798,10000,10.52,47.3,427600 4376100,9.5,Suitable,dodgerblue,YES,265.6982396,2719.1816331,111.2875461
427600,4376100,C&DOH,8.2021,10000,10.63,47.3,427600 4376100,2.5,Suitable,dodgerblue,YES,265.6982396,2719.1816331,111.2875461
427600,4376100,C&DOH,18.04462,10000,10.55,47.3,427600 4376100,5.5,Suitable,dodgerblue,YES,265.6982396,2719.1816331,111.2875461
427600,4376100,C&DOH,34.44882,10000,10.49,47.3,427600 4376100,10.5,Suitable,dodgerblue,YES,265.6982396,2719.1816331,111.2875461
427600,4376100,C&DOH,14.76378,10000,10.57,47.3,427600 4376100,4.5,Suitable,dodgerblue,YES,265.6982396,2719.1816331,111.2875461
427900,4376100,C&DOH,8.2021,10000,10.63,47.3,427900 4376100,2.5,Suitable,dodgerblue,YES,265.8846509,2719.1816331,111.2875461
427900,4376100,C&DOH,4.92126,10000,10.63,47.3,427900 4376100,1.5,Suitable,dodgerblue,YES,265.8846509,2719.1816331,111.2875461
427900,4376100,C&DOH,31.16798,10000,10.51,47.3,427900 4376100,9.5,Suitable,dodgerblue,YES,265.8846509,2719.1816331,111.2875461
427900,4376100,C&DOH,34.44882,10000,10.47,47.3,427900 4376100,10.5,Suitable,dodgerblue,YES,265.8846509,2719.1816331,111.2875461
427900,4376100,C&DOH,27.88714,10000,10.53,47.3,427900 4376100,8.5,Suitable,dodgerblue,YES,265.8846509,2719.1816331,111.2875461
427900,4376100,C&DOH,14.76378,10000,10.56,47.3,427900 4376100,4.5,Suitable,dodgerblue,YES,265.8846509,2719.1816331,111.2875461
427900,4376100,C&DOH,1.64042,10000,10.63,47.3,427900 4376100,0.5,Suitable,dodgerblue,YES,265.8846509,2719.1816331,111.2875461
427900,4376100,C&DOH,11.48294,10000,10.6,47.3,427900 4376100,3.5,Suitable,dodgerblue,YES,265.8846509,2719.1816331,111.2875461
427900,4376100,C&DOH,21.32546,10000,10.53,47.3,427900 4376100,6.5,Suitable,dodgerblue,YES,265.8846509,2719.1816331,111.2875461
427900,4376100,C&DOH,24.6063,10000,10.53,47.3,427900 4376100,7.5,Suitable,dodgerblue,YES,265.8846509,2719.1816331,111.2875461
427900,4376100,C&DOH,18.04462,10000,10.53,47.3,427900 4376100,5.5,Suitable,dodgerblue,YES,265.8846509,2719.1816331,111.2875461
428200,4376100,C&DOH,24.6063,10000,10.52,47.3,428200 4376100,7.5,Suitable,dodgerblue,YES,266.0710622,2719.1816331,111.2875461
428200,4376100,C&DOH,27.88714,10000,10.52,47.3,428200 4376100,8.5,Suitable,dodgerblue,YES,266.0710622,2719.1816331,111.2875461
428200,4376100,C&DOH,1.64042,10000,10.62,47.3,428200 4376100,0.5,Suitable,dodgerblue,YES,266.0710622,2719.1816331,111.2875461
428200,4376100,C&DOH,8.2021,10000,10.62,47.3,428200 4376100,2.5,Suitable,dodgerblue,YES,266.0710622,2719.1816331,111.2875461
428200,4376100,C&DOH,34.44882,10000,10.46,47.3,428200 4376100,10.5,Suitable,dodgerblue,YES,266.0710622,2719.1816331,111.2875461
428200,4376100,C&DOH,31.16798,10000,10.5,47.3,428200 4376100,9.5,Suitable,dodgerblue,YES,266.0710622,2719.1816331,111.2875461
428200,4376100,C&DOH,21.32546,10000,10.52,47.3,428200 4376100,6.5,Suitable,dodgerblue,YES,266.0710622,2719.1816331,111.2875461
428200,4376100,C&DOH,18.04462,10000,10.52,47.3,428200 4376100,5.5,Suitable,dodgerblue,YES,266.0710622,2719.1816331,111.2875461
428200,4376100,C&DOH,4.92126,10000,10.62,47.3,428200 4376100,1.5,Suitable,dodgerblue,YES,266.0710622,2719.1816331,111.2875461
428200,4376100,C&DOH,11.48294,10000,10.59,47.3,428200 4376100,3.5,Suitable,dodgerblue,YES,266.0710622,2719.1816331,111.2875461
428200,4376100,C&DOH,14.76378,10000,10.55,47.3,428200 4376100,4.5,Suitable,dodgerblue,YES,266.0710622,2719.1816331,111.2875461
