Statistics Report for C:\Vol3d\New Folder\DO_observed\DO_2025_07full_EARLY.est
 
Title: Chesapeake Basin - 2025
Parameter: July 2025 Cruise  Parameter Code: DO
Data Period: 07/01/2025-07/16/2025
Data File Date: 07/25/2025
Observations: 2551
Maximum Number of Nearest Neighbors: 4
Minimum Number of Nearest Neighbors: 1
Maximum Vertical Search Window: 4
Minimum Vertical Search Window: 0
Vertical Search Window Step Size: .5
Maximum Horizontal Search Radius: 25000
Missing Value: -9
Interpolator Model: Depth-Radius-Interpolator
Interpolation Date: 7/25/2025 11:57:44 AM
Bathymetry File: bay_trib.bth
Number of Bathymetry Regions: 77
Data Region File: bay_trib.drg
Number of Data Regions: 77
 
 - Bathymetry Region ID: 1001  Region Name: CB1TF  Data Points: 42 in data region 1001
 -- Cell Size  E-W: 1000  N-S: 1000  Vertical: 1
 --- Data in Region ---
 --- UTM-X: 407087 UTM-Y: 4377829 Depth: 0 Value: 6.6 Station: CB1.1
 --- UTM-X: 407087 UTM-Y: 4377829 Depth: 0.5 Value: 6.6 Station: CB1.1
 --- UTM-X: 407087 UTM-Y: 4377829 Depth: 1 Value: 6.6 Station: CB1.1
 --- UTM-X: 407087 UTM-Y: 4377829 Depth: 1.5 Value: 6.6 Station: CB1.1
 --- UTM-X: 407087 UTM-Y: 4377829 Depth: 2 Value: 6.6 Station: CB1.1
 --- UTM-X: 407087 UTM-Y: 4377829 Depth: 2.5 Value: 6.5 Station: CB1.1
 --- UTM-X: 407087 UTM-Y: 4377829 Depth: 3 Value: 6.4 Station: CB1.1
 --- UTM-X: 411823 UTM-Y: 4366119 Depth: 0 Value: 7 Station: CB2.1
 --- UTM-X: 411823 UTM-Y: 4366119 Depth: 0.5 Value: 7 Station: CB2.1
 --- UTM-X: 411823 UTM-Y: 4366119 Depth: 1 Value: 7 Station: CB2.1
 --- UTM-X: 411823 UTM-Y: 4366119 Depth: 1.5 Value: 7 Station: CB2.1
 --- UTM-X: 411823 UTM-Y: 4366119 Depth: 2 Value: 7 Station: CB2.1
 --- UTM-X: 411823 UTM-Y: 4366119 Depth: 2.5 Value: 7 Station: CB2.1
 --- UTM-X: 411823 UTM-Y: 4366119 Depth: 3 Value: 7 Station: CB2.1
 --- UTM-X: 411823 UTM-Y: 4366119 Depth: 3.5 Value: 7 Station: CB2.1
 --- UTM-X: 411823 UTM-Y: 4366119 Depth: 4 Value: 7 Station: CB2.1
 --- UTM-X: 411823 UTM-Y: 4366119 Depth: 4.5 Value: 6.95 Station: CB2.1
 --- UTM-X: 411823 UTM-Y: 4366119 Depth: 5 Value: 6.9 Station: CB2.1
 --- UTM-X: 398780 UTM-Y: 4355918 Depth: 0 Value: 6.3 Station: CB2.2
 --- UTM-X: 398780 UTM-Y: 4355918 Depth: 0.5 Value: 6.25 Station: CB2.2
 --- UTM-X: 398780 UTM-Y: 4355918 Depth: 1 Value: 6.2 Station: CB2.2
 --- UTM-X: 398780 UTM-Y: 4355918 Depth: 1.5 Value: 6.15 Station: CB2.2
 --- UTM-X: 398780 UTM-Y: 4355918 Depth: 2 Value: 6.1 Station: CB2.2
 --- UTM-X: 398780 UTM-Y: 4355918 Depth: 2.5 Value: 5.85 Station: CB2.2
 --- UTM-X: 398780 UTM-Y: 4355918 Depth: 3 Value: 5.6 Station: CB2.2
 --- UTM-X: 398780 UTM-Y: 4355918 Depth: 3.5 Value: 5.6 Station: CB2.2
 --- UTM-X: 398780 UTM-Y: 4355918 Depth: 4 Value: 5.6 Station: CB2.2
 --- UTM-X: 398780 UTM-Y: 4355918 Depth: 4.5 Value: 5.6 Station: CB2.2
 --- UTM-X: 398780 UTM-Y: 4355918 Depth: 5 Value: 5.6 Station: CB2.2
 --- UTM-X: 398780 UTM-Y: 4355918 Depth: 5.5 Value: 5.55 Station: CB2.2
 --- UTM-X: 398780 UTM-Y: 4355918 Depth: 6 Value: 5.5 Station: CB2.2
 --- UTM-X: 398780 UTM-Y: 4355918 Depth: 6.5 Value: 5.45 Station: CB2.2
 --- UTM-X: 398780 UTM-Y: 4355918 Depth: 7 Value: 5.4 Station: CB2.2
 --- UTM-X: 398780 UTM-Y: 4355918 Depth: 7.5 Value: 5.35 Station: CB2.2
 --- UTM-X: 398780 UTM-Y: 4355918 Depth: 8 Value: 5.3 Station: CB2.2
 --- UTM-X: 398780 UTM-Y: 4355918 Depth: 8.5 Value: 5.2 Station: CB2.2
 --- UTM-X: 398780 UTM-Y: 4355918 Depth: 9 Value: 5.1 Station: CB2.2
 --- UTM-X: 417720 UTM-Y: 4381039 Depth: 0 Value: 5.7 Station: ET1.1
 --- UTM-X: 417720 UTM-Y: 4381039 Depth: 0.5 Value: 5.6 Station: ET1.1
 --- UTM-X: 417720 UTM-Y: 4381039 Depth: 1 Value: 5.5 Station: ET1.1
 --- UTM-X: 417720 UTM-Y: 4381039 Depth: 1.5 Value: 5.458 Station: ET1.1
 --- UTM-X: 417720 UTM-Y: 4381039 Depth: 2 Value: 5.417 Station: ET1.1
 --- 360 cells were interpolated in region CB1TF.  Subtotal: 360 total cells.
 ---- Region was calculated in 3 seconds. Segment volume (m^3) = 360000000
 
 - Bathymetry Region ID: 1002  Region Name: CB2OH  Data Points: 94 in data region 1002
 -- Cell Size  E-W: 1000  N-S: 1000  Vertical: 1
 --- Data in Region ---
 --- UTM-X: 411823 UTM-Y: 4366119 Depth: 0 Value: 7 Station: CB2.1
 --- UTM-X: 411823 UTM-Y: 4366119 Depth: 0.5 Value: 7 Station: CB2.1
 --- UTM-X: 411823 UTM-Y: 4366119 Depth: 1 Value: 7 Station: CB2.1
 --- UTM-X: 411823 UTM-Y: 4366119 Depth: 1.5 Value: 7 Station: CB2.1
 --- UTM-X: 411823 UTM-Y: 4366119 Depth: 2 Value: 7 Station: CB2.1
 --- UTM-X: 411823 UTM-Y: 4366119 Depth: 2.5 Value: 7 Station: CB2.1
 --- UTM-X: 411823 UTM-Y: 4366119 Depth: 3 Value: 7 Station: CB2.1
 --- UTM-X: 411823 UTM-Y: 4366119 Depth: 3.5 Value: 7 Station: CB2.1
 --- UTM-X: 411823 UTM-Y: 4366119 Depth: 4 Value: 7 Station: CB2.1
 --- UTM-X: 411823 UTM-Y: 4366119 Depth: 4.5 Value: 6.95 Station: CB2.1
 --- UTM-X: 411823 UTM-Y: 4366119 Depth: 5 Value: 6.9 Station: CB2.1
 --- UTM-X: 398780 UTM-Y: 4355918 Depth: 0 Value: 6.3 Station: CB2.2
 --- UTM-X: 398780 UTM-Y: 4355918 Depth: 0.5 Value: 6.25 Station: CB2.2
 --- UTM-X: 398780 UTM-Y: 4355918 Depth: 1 Value: 6.2 Station: CB2.2
 --- UTM-X: 398780 UTM-Y: 4355918 Depth: 1.5 Value: 6.15 Station: CB2.2
 --- UTM-X: 398780 UTM-Y: 4355918 Depth: 2 Value: 6.1 Station: CB2.2
 --- UTM-X: 398780 UTM-Y: 4355918 Depth: 2.5 Value: 5.85 Station: CB2.2
 --- UTM-X: 398780 UTM-Y: 4355918 Depth: 3 Value: 5.6 Station: CB2.2
 --- UTM-X: 398780 UTM-Y: 4355918 Depth: 3.5 Value: 5.6 Station: CB2.2
 --- UTM-X: 398780 UTM-Y: 4355918 Depth: 4 Value: 5.6 Station: CB2.2
 --- UTM-X: 398780 UTM-Y: 4355918 Depth: 4.5 Value: 5.6 Station: CB2.2
 --- UTM-X: 398780 UTM-Y: 4355918 Depth: 5 Value: 5.6 Station: CB2.2
 --- UTM-X: 398780 UTM-Y: 4355918 Depth: 5.5 Value: 5.55 Station: CB2.2
 --- UTM-X: 398780 UTM-Y: 4355918 Depth: 6 Value: 5.5 Station: CB2.2
 --- UTM-X: 398780 UTM-Y: 4355918 Depth: 6.5 Value: 5.45 Station: CB2.2
 --- UTM-X: 398780 UTM-Y: 4355918 Depth: 7 Value: 5.4 Station: CB2.2
 --- UTM-X: 398780 UTM-Y: 4355918 Depth: 7.5 Value: 5.35 Station: CB2.2
 --- UTM-X: 398780 UTM-Y: 4355918 Depth: 8 Value: 5.3 Station: CB2.2
 --- UTM-X: 398780 UTM-Y: 4355918 Depth: 8.5 Value: 5.2 Station: CB2.2
 --- UTM-X: 398780 UTM-Y: 4355918 Depth: 9 Value: 5.1 Station: CB2.2
 --- UTM-X: 393173 UTM-Y: 4345077 Depth: 0 Value: 6.4 Station: CB3.1
 --- UTM-X: 393173 UTM-Y: 4345077 Depth: 0.5 Value: 6.4 Station: CB3.1
 --- UTM-X: 393173 UTM-Y: 4345077 Depth: 1 Value: 6.4 Station: CB3.1
 --- UTM-X: 393173 UTM-Y: 4345077 Depth: 1.5 Value: 6.3 Station: CB3.1
 --- UTM-X: 393173 UTM-Y: 4345077 Depth: 2 Value: 6.2 Station: CB3.1
 --- UTM-X: 393173 UTM-Y: 4345077 Depth: 2.5 Value: 6.1 Station: CB3.1
 --- UTM-X: 393173 UTM-Y: 4345077 Depth: 3 Value: 6 Station: CB3.1
 --- UTM-X: 393173 UTM-Y: 4345077 Depth: 3.5 Value: 5.9 Station: CB3.1
 --- UTM-X: 393173 UTM-Y: 4345077 Depth: 4 Value: 5.8 Station: CB3.1
 --- UTM-X: 393173 UTM-Y: 4345077 Depth: 4.5 Value: 5.55 Station: CB3.1
 --- UTM-X: 393173 UTM-Y: 4345077 Depth: 5 Value: 5.3 Station: CB3.1
 --- UTM-X: 393173 UTM-Y: 4345077 Depth: 5.5 Value: 5.1 Station: CB3.1
 --- UTM-X: 393173 UTM-Y: 4345077 Depth: 6 Value: 4.9 Station: CB3.1
 --- UTM-X: 393173 UTM-Y: 4345077 Depth: 6.5 Value: 4.8 Station: CB3.1
 --- UTM-X: 393173 UTM-Y: 4345077 Depth: 7 Value: 4.7 Station: CB3.1
 --- UTM-X: 393173 UTM-Y: 4345077 Depth: 7.5 Value: 4.25 Station: CB3.1
 --- UTM-X: 393173 UTM-Y: 4345077 Depth: 8 Value: 3.8 Station: CB3.1
 --- UTM-X: 393173 UTM-Y: 4345077 Depth: 8.5 Value: 2.9 Station: CB3.1
 --- UTM-X: 393173 UTM-Y: 4345077 Depth: 9 Value: 2 Station: CB3.1
 --- UTM-X: 393173 UTM-Y: 4345077 Depth: 9.5 Value: 1.45 Station: CB3.1
 --- UTM-X: 393173 UTM-Y: 4345077 Depth: 10 Value: 0.9 Station: CB3.1
 --- UTM-X: 393173 UTM-Y: 4345077 Depth: 10.5 Value: 0.8 Station: CB3.1
 --- UTM-X: 393173 UTM-Y: 4345077 Depth: 11 Value: 0.7 Station: CB3.1
 --- UTM-X: 393173 UTM-Y: 4345077 Depth: 11.5 Value: 0.8 Station: CB3.1
 --- UTM-X: 393173 UTM-Y: 4345077 Depth: 12 Value: 0.9 Station: CB3.1
 --- UTM-X: 387140 UTM-Y: 4335727 Depth: 0 Value: 7.6 Station: CB3.2
 --- UTM-X: 387140 UTM-Y: 4335727 Depth: 0.5 Value: 7.6 Station: CB3.2
 --- UTM-X: 387140 UTM-Y: 4335727 Depth: 1 Value: 7.6 Station: CB3.2
 --- UTM-X: 387140 UTM-Y: 4335727 Depth: 1.5 Value: 7.5 Station: CB3.2
 --- UTM-X: 387140 UTM-Y: 4335727 Depth: 2 Value: 7.4 Station: CB3.2
 --- UTM-X: 387140 UTM-Y: 4335727 Depth: 2.5 Value: 7.35 Station: CB3.2
 --- UTM-X: 387140 UTM-Y: 4335727 Depth: 3 Value: 7.3 Station: CB3.2
 --- UTM-X: 387140 UTM-Y: 4335727 Depth: 3.5 Value: 6.85 Station: CB3.2
 --- UTM-X: 387140 UTM-Y: 4335727 Depth: 4 Value: 6.4 Station: CB3.2
 --- UTM-X: 387140 UTM-Y: 4335727 Depth: 4.5 Value: 6 Station: CB3.2
 --- UTM-X: 387140 UTM-Y: 4335727 Depth: 5 Value: 5.6 Station: CB3.2
 --- UTM-X: 387140 UTM-Y: 4335727 Depth: 5.5 Value: 5.5 Station: CB3.2
 --- UTM-X: 387140 UTM-Y: 4335727 Depth: 6 Value: 5.4 Station: CB3.2
 --- UTM-X: 387140 UTM-Y: 4335727 Depth: 6.5 Value: 4.05 Station: CB3.2
 --- UTM-X: 387140 UTM-Y: 4335727 Depth: 7 Value: 2.7 Station: CB3.2
 --- UTM-X: 387140 UTM-Y: 4335727 Depth: 7.5 Value: 2.4 Station: CB3.2
 --- UTM-X: 387140 UTM-Y: 4335727 Depth: 8 Value: 2.1 Station: CB3.2
 --- UTM-X: 387140 UTM-Y: 4335727 Depth: 8.5 Value: 1.8 Station: CB3.2
 --- UTM-X: 387140 UTM-Y: 4335727 Depth: 9 Value: 1.5 Station: CB3.2
 --- UTM-X: 387140 UTM-Y: 4335727 Depth: 9.5 Value: 0.9 Station: CB3.2
 --- UTM-X: 387140 UTM-Y: 4335727 Depth: 10 Value: 0.3 Station: CB3.2
 --- UTM-X: 393167 UTM-Y: 4365613 Depth: 0 Value: 5.3 Station: WT1.1
 --- UTM-X: 393167 UTM-Y: 4365613 Depth: 0.5 Value: 5.1 Station: WT1.1
 --- UTM-X: 393167 UTM-Y: 4365613 Depth: 1 Value: 4.9 Station: WT1.1
 --- UTM-X: 393167 UTM-Y: 4365613 Depth: 1.5 Value: 4.6 Station: WT1.1
 --- UTM-X: 393167 UTM-Y: 4365613 Depth: 2 Value: 4.3 Station: WT1.1
 --- UTM-X: 384454 UTM-Y: 4360187 Depth: 0 Value: 4.9 Station: WT2.1
 --- UTM-X: 384454 UTM-Y: 4360187 Depth: 0.5 Value: 4.55 Station: WT2.1
 --- UTM-X: 384454 UTM-Y: 4360187 Depth: 1 Value: 4.2 Station: WT2.1
 --- UTM-X: 379310 UTM-Y: 4351015 Depth: 0 Value: 5.4 Station: WT3.1
 --- UTM-X: 379310 UTM-Y: 4351015 Depth: 0.5 Value: 5.35 Station: WT3.1
 --- UTM-X: 379310 UTM-Y: 4351015 Depth: 1 Value: 5.3 Station: WT3.1
 --- UTM-X: 379310 UTM-Y: 4351015 Depth: 1.5 Value: 5.05 Station: WT3.1
 --- UTM-X: 379310 UTM-Y: 4351015 Depth: 2 Value: 4.8 Station: WT3.1
 --- UTM-X: 379310 UTM-Y: 4351015 Depth: 2.5 Value: 4.45 Station: WT3.1
 --- UTM-X: 379310 UTM-Y: 4351015 Depth: 3 Value: 4.1 Station: WT3.1
 --- UTM-X: 374969 UTM-Y: 4349233 Depth: 0 Value: 7.6 Station: WT4.1
 --- UTM-X: 374969 UTM-Y: 4349233 Depth: 0.5 Value: 6.8 Station: WT4.1
 --- UTM-X: 374969 UTM-Y: 4349233 Depth: 1 Value: 6 Station: WT4.1
 --- 1237 cells were interpolated in region CB2OH.  Subtotal: 1597 total cells.
 ---- Region was calculated in 0 seconds. Segment volume (m^3) = 1237000000
 
 - Bathymetry Region ID: 1003  Region Name: CB3MH  Data Points: 327 in data region 1003
 -- Cell Size  E-W: 1000  N-S: 1000  Vertical: 1
 --- Data in Region ---
 --- UTM-X: 398780 UTM-Y: 4355918 Depth: 0 Value: 6.3 Station: CB2.2
 --- UTM-X: 398780 UTM-Y: 4355918 Depth: 0.5 Value: 6.25 Station: CB2.2
 --- UTM-X: 398780 UTM-Y: 4355918 Depth: 1 Value: 6.2 Station: CB2.2
 --- UTM-X: 398780 UTM-Y: 4355918 Depth: 1.5 Value: 6.15 Station: CB2.2
 --- UTM-X: 398780 UTM-Y: 4355918 Depth: 2 Value: 6.1 Station: CB2.2
 --- UTM-X: 398780 UTM-Y: 4355918 Depth: 2.5 Value: 5.85 Station: CB2.2
 --- UTM-X: 398780 UTM-Y: 4355918 Depth: 3 Value: 5.6 Station: CB2.2
 --- UTM-X: 398780 UTM-Y: 4355918 Depth: 3.5 Value: 5.6 Station: CB2.2
 --- UTM-X: 398780 UTM-Y: 4355918 Depth: 4 Value: 5.6 Station: CB2.2
 --- UTM-X: 398780 UTM-Y: 4355918 Depth: 4.5 Value: 5.6 Station: CB2.2
 --- UTM-X: 398780 UTM-Y: 4355918 Depth: 5 Value: 5.6 Station: CB2.2
 --- UTM-X: 398780 UTM-Y: 4355918 Depth: 5.5 Value: 5.55 Station: CB2.2
 --- UTM-X: 398780 UTM-Y: 4355918 Depth: 6 Value: 5.5 Station: CB2.2
 --- UTM-X: 398780 UTM-Y: 4355918 Depth: 6.5 Value: 5.45 Station: CB2.2
 --- UTM-X: 398780 UTM-Y: 4355918 Depth: 7 Value: 5.4 Station: CB2.2
 --- UTM-X: 398780 UTM-Y: 4355918 Depth: 7.5 Value: 5.35 Station: CB2.2
 --- UTM-X: 398780 UTM-Y: 4355918 Depth: 8 Value: 5.3 Station: CB2.2
 --- UTM-X: 398780 UTM-Y: 4355918 Depth: 8.5 Value: 5.2 Station: CB2.2
 --- UTM-X: 398780 UTM-Y: 4355918 Depth: 9 Value: 5.1 Station: CB2.2
 --- UTM-X: 393173 UTM-Y: 4345077 Depth: 0 Value: 6.4 Station: CB3.1
 --- UTM-X: 393173 UTM-Y: 4345077 Depth: 0.5 Value: 6.4 Station: CB3.1
 --- UTM-X: 393173 UTM-Y: 4345077 Depth: 1 Value: 6.4 Station: CB3.1
 --- UTM-X: 393173 UTM-Y: 4345077 Depth: 1.5 Value: 6.3 Station: CB3.1
 --- UTM-X: 393173 UTM-Y: 4345077 Depth: 2 Value: 6.2 Station: CB3.1
 --- UTM-X: 393173 UTM-Y: 4345077 Depth: 2.5 Value: 6.1 Station: CB3.1
 --- UTM-X: 393173 UTM-Y: 4345077 Depth: 3 Value: 6 Station: CB3.1
 --- UTM-X: 393173 UTM-Y: 4345077 Depth: 3.5 Value: 5.9 Station: CB3.1
 --- UTM-X: 393173 UTM-Y: 4345077 Depth: 4 Value: 5.8 Station: CB3.1
 --- UTM-X: 393173 UTM-Y: 4345077 Depth: 4.5 Value: 5.55 Station: CB3.1
 --- UTM-X: 393173 UTM-Y: 4345077 Depth: 5 Value: 5.3 Station: CB3.1
 --- UTM-X: 393173 UTM-Y: 4345077 Depth: 5.5 Value: 5.1 Station: CB3.1
 --- UTM-X: 393173 UTM-Y: 4345077 Depth: 6 Value: 4.9 Station: CB3.1
 --- UTM-X: 393173 UTM-Y: 4345077 Depth: 6.5 Value: 4.8 Station: CB3.1
 --- UTM-X: 393173 UTM-Y: 4345077 Depth: 7 Value: 4.7 Station: CB3.1
 --- UTM-X: 393173 UTM-Y: 4345077 Depth: 7.5 Value: 4.25 Station: CB3.1
 --- UTM-X: 393173 UTM-Y: 4345077 Depth: 8 Value: 3.8 Station: CB3.1
 --- UTM-X: 393173 UTM-Y: 4345077 Depth: 8.5 Value: 2.9 Station: CB3.1
 --- UTM-X: 393173 UTM-Y: 4345077 Depth: 9 Value: 2 Station: CB3.1
 --- UTM-X: 393173 UTM-Y: 4345077 Depth: 9.5 Value: 1.45 Station: CB3.1
 --- UTM-X: 393173 UTM-Y: 4345077 Depth: 10 Value: 0.9 Station: CB3.1
 --- UTM-X: 393173 UTM-Y: 4345077 Depth: 10.5 Value: 0.8 Station: CB3.1
 --- UTM-X: 393173 UTM-Y: 4345077 Depth: 11 Value: 0.7 Station: CB3.1
 --- UTM-X: 393173 UTM-Y: 4345077 Depth: 11.5 Value: 0.8 Station: CB3.1
 --- UTM-X: 393173 UTM-Y: 4345077 Depth: 12 Value: 0.9 Station: CB3.1
 --- UTM-X: 387140 UTM-Y: 4335727 Depth: 0 Value: 7.6 Station: CB3.2
 --- UTM-X: 387140 UTM-Y: 4335727 Depth: 0.5 Value: 7.6 Station: CB3.2
 --- UTM-X: 387140 UTM-Y: 4335727 Depth: 1 Value: 7.6 Station: CB3.2
 --- UTM-X: 387140 UTM-Y: 4335727 Depth: 1.5 Value: 7.5 Station: CB3.2
 --- UTM-X: 387140 UTM-Y: 4335727 Depth: 2 Value: 7.4 Station: CB3.2
 --- UTM-X: 387140 UTM-Y: 4335727 Depth: 2.5 Value: 7.35 Station: CB3.2
 --- UTM-X: 387140 UTM-Y: 4335727 Depth: 3 Value: 7.3 Station: CB3.2
 --- UTM-X: 387140 UTM-Y: 4335727 Depth: 3.5 Value: 6.85 Station: CB3.2
 --- UTM-X: 387140 UTM-Y: 4335727 Depth: 4 Value: 6.4 Station: CB3.2
 --- UTM-X: 387140 UTM-Y: 4335727 Depth: 4.5 Value: 6 Station: CB3.2
 --- UTM-X: 387140 UTM-Y: 4335727 Depth: 5 Value: 5.6 Station: CB3.2
 --- UTM-X: 387140 UTM-Y: 4335727 Depth: 5.5 Value: 5.5 Station: CB3.2
 --- UTM-X: 387140 UTM-Y: 4335727 Depth: 6 Value: 5.4 Station: CB3.2
 --- UTM-X: 387140 UTM-Y: 4335727 Depth: 6.5 Value: 4.05 Station: CB3.2
 --- UTM-X: 387140 UTM-Y: 4335727 Depth: 7 Value: 2.7 Station: CB3.2
 --- UTM-X: 387140 UTM-Y: 4335727 Depth: 7.5 Value: 2.4 Station: CB3.2
 --- UTM-X: 387140 UTM-Y: 4335727 Depth: 8 Value: 2.1 Station: CB3.2
 --- UTM-X: 387140 UTM-Y: 4335727 Depth: 8.5 Value: 1.8 Station: CB3.2
 --- UTM-X: 387140 UTM-Y: 4335727 Depth: 9 Value: 1.5 Station: CB3.2
 --- UTM-X: 387140 UTM-Y: 4335727 Depth: 9.5 Value: 0.9 Station: CB3.2
 --- UTM-X: 387140 UTM-Y: 4335727 Depth: 10 Value: 0.3 Station: CB3.2
 --- UTM-X: 382253 UTM-Y: 4317113 Depth: 0 Value: 13.3 Station: CB3.3C
 --- UTM-X: 382253 UTM-Y: 4317113 Depth: 0.5 Value: 13.4 Station: CB3.3C
 --- UTM-X: 382253 UTM-Y: 4317113 Depth: 1 Value: 13.5 Station: CB3.3C
 --- UTM-X: 382253 UTM-Y: 4317113 Depth: 1.5 Value: 13.15 Station: CB3.3C
 --- UTM-X: 382253 UTM-Y: 4317113 Depth: 2 Value: 12.8 Station: CB3.3C
 --- UTM-X: 382253 UTM-Y: 4317113 Depth: 2.5 Value: 10.05 Station: CB3.3C
 --- UTM-X: 382253 UTM-Y: 4317113 Depth: 3 Value: 7.3 Station: CB3.3C
 --- UTM-X: 382253 UTM-Y: 4317113 Depth: 3.5 Value: 6.7 Station: CB3.3C
 --- UTM-X: 382253 UTM-Y: 4317113 Depth: 4 Value: 6.1 Station: CB3.3C
 --- UTM-X: 382253 UTM-Y: 4317113 Depth: 4.5 Value: 6.1 Station: CB3.3C
 --- UTM-X: 382253 UTM-Y: 4317113 Depth: 5 Value: 6.1 Station: CB3.3C
 --- UTM-X: 382253 UTM-Y: 4317113 Depth: 5.5 Value: 5.3 Station: CB3.3C
 --- UTM-X: 382253 UTM-Y: 4317113 Depth: 6 Value: 4.5 Station: CB3.3C
 --- UTM-X: 382253 UTM-Y: 4317113 Depth: 6.5 Value: 3.45 Station: CB3.3C
 --- UTM-X: 382253 UTM-Y: 4317113 Depth: 7 Value: 2.4 Station: CB3.3C
 --- UTM-X: 382253 UTM-Y: 4317113 Depth: 7.5 Value: 2 Station: CB3.3C
 --- UTM-X: 382253 UTM-Y: 4317113 Depth: 8 Value: 1.6 Station: CB3.3C
 --- UTM-X: 382253 UTM-Y: 4317113 Depth: 8.5 Value: 1.45 Station: CB3.3C
 --- UTM-X: 382253 UTM-Y: 4317113 Depth: 9 Value: 1.3 Station: CB3.3C
 --- UTM-X: 382253 UTM-Y: 4317113 Depth: 9.5 Value: 1.05 Station: CB3.3C
 --- UTM-X: 382253 UTM-Y: 4317113 Depth: 10 Value: 0.8 Station: CB3.3C
 --- UTM-X: 382253 UTM-Y: 4317113 Depth: 10.5 Value: 0.7 Station: CB3.3C
 --- UTM-X: 382253 UTM-Y: 4317113 Depth: 11 Value: 0.6 Station: CB3.3C
 --- UTM-X: 382253 UTM-Y: 4317113 Depth: 11.5 Value: 0.35 Station: CB3.3C
 --- UTM-X: 382253 UTM-Y: 4317113 Depth: 12 Value: 0.1 Station: CB3.3C
 --- UTM-X: 382253 UTM-Y: 4317113 Depth: 12.5 Value: 0.1 Station: CB3.3C
 --- UTM-X: 382253 UTM-Y: 4317113 Depth: 13 Value: 0.1 Station: CB3.3C
 --- UTM-X: 382253 UTM-Y: 4317113 Depth: 13.5 Value: 0.1 Station: CB3.3C
 --- UTM-X: 382253 UTM-Y: 4317113 Depth: 14 Value: 0.1 Station: CB3.3C
 --- UTM-X: 382253 UTM-Y: 4317113 Depth: 14.5 Value: 0.1 Station: CB3.3C
 --- UTM-X: 382253 UTM-Y: 4317113 Depth: 15 Value: 0.1 Station: CB3.3C
 --- UTM-X: 382253 UTM-Y: 4317113 Depth: 15.5 Value: 0.1 Station: CB3.3C
 --- UTM-X: 382253 UTM-Y: 4317113 Depth: 16 Value: 0.1 Station: CB3.3C
 --- UTM-X: 382253 UTM-Y: 4317113 Depth: 16.5 Value: 0.1 Station: CB3.3C
 --- UTM-X: 382253 UTM-Y: 4317113 Depth: 17 Value: 0.1 Station: CB3.3C
 --- UTM-X: 382253 UTM-Y: 4317113 Depth: 17.5 Value: 0.1 Station: CB3.3C
 --- UTM-X: 382253 UTM-Y: 4317113 Depth: 18 Value: 0.1 Station: CB3.3C
 --- UTM-X: 382253 UTM-Y: 4317113 Depth: 18.5 Value: 0.1 Station: CB3.3C
 --- UTM-X: 382253 UTM-Y: 4317113 Depth: 19 Value: 0.1 Station: CB3.3C
 --- UTM-X: 382253 UTM-Y: 4317113 Depth: 19.5 Value: 0.1 Station: CB3.3C
 --- UTM-X: 382253 UTM-Y: 4317113 Depth: 20 Value: 0.1 Station: CB3.3C
 --- UTM-X: 382253 UTM-Y: 4317113 Depth: 20.5 Value: 0.1 Station: CB3.3C
 --- UTM-X: 382253 UTM-Y: 4317113 Depth: 21 Value: 0.1 Station: CB3.3C
 --- UTM-X: 382253 UTM-Y: 4317113 Depth: 21.5 Value: 0.1 Station: CB3.3C
 --- UTM-X: 382253 UTM-Y: 4317113 Depth: 22 Value: 0.1 Station: CB3.3C
 --- UTM-X: 383418 UTM-Y: 4317836 Depth: 0 Value: 10.3 Station: CB3.3E
 --- UTM-X: 383418 UTM-Y: 4317836 Depth: 0.5 Value: 10.05 Station: CB3.3E
 --- UTM-X: 383418 UTM-Y: 4317836 Depth: 1 Value: 9.8 Station: CB3.3E
 --- UTM-X: 383418 UTM-Y: 4317836 Depth: 1.5 Value: 8.3 Station: CB3.3E
 --- UTM-X: 383418 UTM-Y: 4317836 Depth: 2 Value: 6.8 Station: CB3.3E
 --- UTM-X: 383418 UTM-Y: 4317836 Depth: 2.5 Value: 6.85 Station: CB3.3E
 --- UTM-X: 383418 UTM-Y: 4317836 Depth: 3 Value: 6.9 Station: CB3.3E
 --- UTM-X: 383418 UTM-Y: 4317836 Depth: 3.5 Value: 6.9 Station: CB3.3E
 --- UTM-X: 383418 UTM-Y: 4317836 Depth: 4 Value: 6.9 Station: CB3.3E
 --- UTM-X: 383418 UTM-Y: 4317836 Depth: 4.5 Value: 6.85 Station: CB3.3E
 --- UTM-X: 383418 UTM-Y: 4317836 Depth: 5 Value: 6.8 Station: CB3.3E
 --- UTM-X: 383418 UTM-Y: 4317836 Depth: 5.5 Value: 5.9 Station: CB3.3E
 --- UTM-X: 383418 UTM-Y: 4317836 Depth: 6 Value: 5 Station: CB3.3E
 --- UTM-X: 379813 UTM-Y: 4318075 Depth: 0 Value: 9.7 Station: CB3.3W
 --- UTM-X: 379813 UTM-Y: 4318075 Depth: 0.5 Value: 9.7 Station: CB3.3W
 --- UTM-X: 379813 UTM-Y: 4318075 Depth: 1 Value: 9.7 Station: CB3.3W
 --- UTM-X: 379813 UTM-Y: 4318075 Depth: 1.5 Value: 9.65 Station: CB3.3W
 --- UTM-X: 379813 UTM-Y: 4318075 Depth: 2 Value: 9.6 Station: CB3.3W
 --- UTM-X: 379813 UTM-Y: 4318075 Depth: 2.5 Value: 9.35 Station: CB3.3W
 --- UTM-X: 379813 UTM-Y: 4318075 Depth: 3 Value: 9.1 Station: CB3.3W
 --- UTM-X: 379813 UTM-Y: 4318075 Depth: 3.5 Value: 8.85 Station: CB3.3W
 --- UTM-X: 379813 UTM-Y: 4318075 Depth: 4 Value: 8.6 Station: CB3.3W
 --- UTM-X: 379813 UTM-Y: 4318075 Depth: 4.5 Value: 8.45 Station: CB3.3W
 --- UTM-X: 379813 UTM-Y: 4318075 Depth: 5 Value: 8.3 Station: CB3.3W
 --- UTM-X: 379813 UTM-Y: 4318075 Depth: 5.5 Value: 8.3 Station: CB3.3W
 --- UTM-X: 379813 UTM-Y: 4318075 Depth: 6 Value: 8.3 Station: CB3.3W
 --- UTM-X: 379813 UTM-Y: 4318075 Depth: 6.5 Value: 8.3 Station: CB3.3W
 --- UTM-X: 379813 UTM-Y: 4318075 Depth: 7 Value: 8.3 Station: CB3.3W
 --- UTM-X: 378499 UTM-Y: 4298300 Depth: 0 Value: 7.8 Station: CB4.1C
 --- UTM-X: 378499 UTM-Y: 4298300 Depth: 0.5 Value: 7.8 Station: CB4.1C
 --- UTM-X: 378499 UTM-Y: 4298300 Depth: 1 Value: 7.8 Station: CB4.1C
 --- UTM-X: 378499 UTM-Y: 4298300 Depth: 1.5 Value: 7.6 Station: CB4.1C
 --- UTM-X: 378499 UTM-Y: 4298300 Depth: 2 Value: 7.4 Station: CB4.1C
 --- UTM-X: 378499 UTM-Y: 4298300 Depth: 2.5 Value: 7.25 Station: CB4.1C
 --- UTM-X: 378499 UTM-Y: 4298300 Depth: 3 Value: 7.1 Station: CB4.1C
 --- UTM-X: 378499 UTM-Y: 4298300 Depth: 3.5 Value: 5.75 Station: CB4.1C
 --- UTM-X: 378499 UTM-Y: 4298300 Depth: 4 Value: 4.4 Station: CB4.1C
 --- UTM-X: 378499 UTM-Y: 4298300 Depth: 4.5 Value: 4.2 Station: CB4.1C
 --- UTM-X: 378499 UTM-Y: 4298300 Depth: 5 Value: 4 Station: CB4.1C
 --- UTM-X: 378499 UTM-Y: 4298300 Depth: 5.5 Value: 3.6 Station: CB4.1C
 --- UTM-X: 378499 UTM-Y: 4298300 Depth: 6 Value: 3.2 Station: CB4.1C
 --- UTM-X: 378499 UTM-Y: 4298300 Depth: 6.5 Value: 3.05 Station: CB4.1C
 --- UTM-X: 378499 UTM-Y: 4298300 Depth: 7 Value: 2.9 Station: CB4.1C
 --- UTM-X: 378499 UTM-Y: 4298300 Depth: 7.5 Value: 2.65 Station: CB4.1C
 --- UTM-X: 378499 UTM-Y: 4298300 Depth: 8 Value: 2.4 Station: CB4.1C
 --- UTM-X: 378499 UTM-Y: 4298300 Depth: 8.5 Value: 1.7 Station: CB4.1C
 --- UTM-X: 378499 UTM-Y: 4298300 Depth: 9 Value: 1 Station: CB4.1C
 --- UTM-X: 378499 UTM-Y: 4298300 Depth: 9.5 Value: 0.55 Station: CB4.1C
 --- UTM-X: 378499 UTM-Y: 4298300 Depth: 10 Value: 0.1 Station: CB4.1C
 --- UTM-X: 378499 UTM-Y: 4298300 Depth: 10.5 Value: 0.05 Station: CB4.1C
 --- UTM-X: 378499 UTM-Y: 4298300 Depth: 11 Value: 0 Station: CB4.1C
 --- UTM-X: 378499 UTM-Y: 4298300 Depth: 11.5 Value: 0 Station: CB4.1C
 --- UTM-X: 378499 UTM-Y: 4298300 Depth: 12 Value: 0 Station: CB4.1C
 --- UTM-X: 378499 UTM-Y: 4298300 Depth: 12.5 Value: 0 Station: CB4.1C
 --- UTM-X: 378499 UTM-Y: 4298300 Depth: 13 Value: 0 Station: CB4.1C
 --- UTM-X: 378499 UTM-Y: 4298300 Depth: 13.5 Value: 0 Station: CB4.1C
 --- UTM-X: 378499 UTM-Y: 4298300 Depth: 14 Value: 0 Station: CB4.1C
 --- UTM-X: 378499 UTM-Y: 4298300 Depth: 14.5 Value: 0 Station: CB4.1C
 --- UTM-X: 378499 UTM-Y: 4298300 Depth: 15 Value: 0 Station: CB4.1C
 --- UTM-X: 378499 UTM-Y: 4298300 Depth: 15.5 Value: 0.025 Station: CB4.1C
 --- UTM-X: 378499 UTM-Y: 4298300 Depth: 16 Value: 0.05 Station: CB4.1C
 --- UTM-X: 378499 UTM-Y: 4298300 Depth: 16.5 Value: 0.075 Station: CB4.1C
 --- UTM-X: 378499 UTM-Y: 4298300 Depth: 17 Value: 0.1 Station: CB4.1C
 --- UTM-X: 378499 UTM-Y: 4298300 Depth: 17.5 Value: 0.1 Station: CB4.1C
 --- UTM-X: 378499 UTM-Y: 4298300 Depth: 18 Value: 0.1 Station: CB4.1C
 --- UTM-X: 378499 UTM-Y: 4298300 Depth: 18.5 Value: 0.1 Station: CB4.1C
 --- UTM-X: 378499 UTM-Y: 4298300 Depth: 19 Value: 0.1 Station: CB4.1C
 --- UTM-X: 378499 UTM-Y: 4298300 Depth: 19.5 Value: 0.1 Station: CB4.1C
 --- UTM-X: 378499 UTM-Y: 4298300 Depth: 20 Value: 0.1 Station: CB4.1C
 --- UTM-X: 378499 UTM-Y: 4298300 Depth: 20.5 Value: 0.1 Station: CB4.1C
 --- UTM-X: 378499 UTM-Y: 4298300 Depth: 21 Value: 0.1 Station: CB4.1C
 --- UTM-X: 378499 UTM-Y: 4298300 Depth: 21.5 Value: 0.1 Station: CB4.1C
 --- UTM-X: 378499 UTM-Y: 4298300 Depth: 22 Value: 0.1 Station: CB4.1C
 --- UTM-X: 378499 UTM-Y: 4298300 Depth: 22.5 Value: 0.1 Station: CB4.1C
 --- UTM-X: 378499 UTM-Y: 4298300 Depth: 23 Value: 0.1 Station: CB4.1C
 --- UTM-X: 378499 UTM-Y: 4298300 Depth: 23.5 Value: 0.1 Station: CB4.1C
 --- UTM-X: 378499 UTM-Y: 4298300 Depth: 24 Value: 0.1 Station: CB4.1C
 --- UTM-X: 378499 UTM-Y: 4298300 Depth: 24.5 Value: 0.1 Station: CB4.1C
 --- UTM-X: 378499 UTM-Y: 4298300 Depth: 25 Value: 0.1 Station: CB4.1C
 --- UTM-X: 378499 UTM-Y: 4298300 Depth: 25.5 Value: 0.1 Station: CB4.1C
 --- UTM-X: 378499 UTM-Y: 4298300 Depth: 26 Value: 0.1 Station: CB4.1C
 --- UTM-X: 378499 UTM-Y: 4298300 Depth: 26.5 Value: 0.1 Station: CB4.1C
 --- UTM-X: 378499 UTM-Y: 4298300 Depth: 27 Value: 0.1 Station: CB4.1C
 --- UTM-X: 378499 UTM-Y: 4298300 Depth: 27.5 Value: 0.1 Station: CB4.1C
 --- UTM-X: 378499 UTM-Y: 4298300 Depth: 28 Value: 0.1 Station: CB4.1C
 --- UTM-X: 378499 UTM-Y: 4298300 Depth: 28.5 Value: 0.1 Station: CB4.1C
 --- UTM-X: 378499 UTM-Y: 4298300 Depth: 29 Value: 0.1 Station: CB4.1C
 --- UTM-X: 380969 UTM-Y: 4297307 Depth: 0 Value: 7.1 Station: CB4.1E
 --- UTM-X: 380969 UTM-Y: 4297307 Depth: 0.5 Value: 7.1 Station: CB4.1E
 --- UTM-X: 380969 UTM-Y: 4297307 Depth: 1 Value: 7.1 Station: CB4.1E
 --- UTM-X: 380969 UTM-Y: 4297307 Depth: 1.5 Value: 7.05 Station: CB4.1E
 --- UTM-X: 380969 UTM-Y: 4297307 Depth: 2 Value: 7 Station: CB4.1E
 --- UTM-X: 380969 UTM-Y: 4297307 Depth: 2.5 Value: 7 Station: CB4.1E
 --- UTM-X: 380969 UTM-Y: 4297307 Depth: 3 Value: 7 Station: CB4.1E
 --- UTM-X: 380969 UTM-Y: 4297307 Depth: 3.5 Value: 6.85 Station: CB4.1E
 --- UTM-X: 380969 UTM-Y: 4297307 Depth: 4 Value: 6.7 Station: CB4.1E
 --- UTM-X: 380969 UTM-Y: 4297307 Depth: 4.5 Value: 6.2 Station: CB4.1E
 --- UTM-X: 380969 UTM-Y: 4297307 Depth: 5 Value: 5.7 Station: CB4.1E
 --- UTM-X: 380969 UTM-Y: 4297307 Depth: 5.5 Value: 5.25 Station: CB4.1E
 --- UTM-X: 380969 UTM-Y: 4297307 Depth: 6 Value: 4.8 Station: CB4.1E
 --- UTM-X: 380969 UTM-Y: 4297307 Depth: 6.5 Value: 4.1 Station: CB4.1E
 --- UTM-X: 380969 UTM-Y: 4297307 Depth: 7 Value: 3.4 Station: CB4.1E
 --- UTM-X: 380969 UTM-Y: 4297307 Depth: 7.5 Value: 1.95 Station: CB4.1E
 --- UTM-X: 380969 UTM-Y: 4297307 Depth: 8 Value: 0.5 Station: CB4.1E
 --- UTM-X: 380969 UTM-Y: 4297307 Depth: 8.5 Value: 0.7 Station: CB4.1E
 --- UTM-X: 380969 UTM-Y: 4297307 Depth: 9 Value: 0.9 Station: CB4.1E
 --- UTM-X: 380969 UTM-Y: 4297307 Depth: 9.5 Value: 0.8 Station: CB4.1E
 --- UTM-X: 380969 UTM-Y: 4297307 Depth: 10 Value: 0.7 Station: CB4.1E
 --- UTM-X: 380969 UTM-Y: 4297307 Depth: 10.5 Value: 0.45 Station: CB4.1E
 --- UTM-X: 380969 UTM-Y: 4297307 Depth: 11 Value: 0.2 Station: CB4.1E
 --- UTM-X: 380969 UTM-Y: 4297307 Depth: 11.5 Value: 0.15 Station: CB4.1E
 --- UTM-X: 380969 UTM-Y: 4297307 Depth: 12 Value: 0.1 Station: CB4.1E
 --- UTM-X: 380969 UTM-Y: 4297307 Depth: 12.5 Value: 0.1 Station: CB4.1E
 --- UTM-X: 380969 UTM-Y: 4297307 Depth: 13 Value: 0.1 Station: CB4.1E
 --- UTM-X: 380969 UTM-Y: 4297307 Depth: 13.5 Value: 0.1 Station: CB4.1E
 --- UTM-X: 380969 UTM-Y: 4297307 Depth: 14 Value: 0.1 Station: CB4.1E
 --- UTM-X: 380969 UTM-Y: 4297307 Depth: 14.5 Value: 0.1 Station: CB4.1E
 --- UTM-X: 380969 UTM-Y: 4297307 Depth: 15 Value: 0.1 Station: CB4.1E
 --- UTM-X: 380969 UTM-Y: 4297307 Depth: 15.5 Value: 0.1 Station: CB4.1E
 --- UTM-X: 380969 UTM-Y: 4297307 Depth: 16 Value: 0.1 Station: CB4.1E
 --- UTM-X: 380969 UTM-Y: 4297307 Depth: 16.5 Value: 0.1 Station: CB4.1E
 --- UTM-X: 380969 UTM-Y: 4297307 Depth: 17 Value: 0.1 Station: CB4.1E
 --- UTM-X: 380969 UTM-Y: 4297307 Depth: 17.5 Value: 0.1 Station: CB4.1E
 --- UTM-X: 380969 UTM-Y: 4297307 Depth: 18 Value: 0.1 Station: CB4.1E
 --- UTM-X: 380969 UTM-Y: 4297307 Depth: 18.5 Value: 0.1 Station: CB4.1E
 --- UTM-X: 380969 UTM-Y: 4297307 Depth: 19 Value: 0.1 Station: CB4.1E
 --- UTM-X: 380969 UTM-Y: 4297307 Depth: 19.5 Value: 0.1 Station: CB4.1E
 --- UTM-X: 380969 UTM-Y: 4297307 Depth: 20 Value: 0.1 Station: CB4.1E
 --- UTM-X: 380969 UTM-Y: 4297307 Depth: 20.5 Value: 0.1 Station: CB4.1E
 --- UTM-X: 380969 UTM-Y: 4297307 Depth: 21 Value: 0.1 Station: CB4.1E
 --- UTM-X: 380969 UTM-Y: 4297307 Depth: 21.5 Value: 0.1 Station: CB4.1E
 --- UTM-X: 380969 UTM-Y: 4297307 Depth: 22 Value: 0.1 Station: CB4.1E
 --- UTM-X: 373004 UTM-Y: 4297091 Depth: 0 Value: 10.3 Station: CB4.1W
 --- UTM-X: 373004 UTM-Y: 4297091 Depth: 0.5 Value: 10.2 Station: CB4.1W
 --- UTM-X: 373004 UTM-Y: 4297091 Depth: 1 Value: 10.1 Station: CB4.1W
 --- UTM-X: 373004 UTM-Y: 4297091 Depth: 1.5 Value: 9.45 Station: CB4.1W
 --- UTM-X: 373004 UTM-Y: 4297091 Depth: 2 Value: 8.8 Station: CB4.1W
 --- UTM-X: 373004 UTM-Y: 4297091 Depth: 2.5 Value: 8 Station: CB4.1W
 --- UTM-X: 373004 UTM-Y: 4297091 Depth: 3 Value: 7.2 Station: CB4.1W
 --- UTM-X: 373004 UTM-Y: 4297091 Depth: 3.5 Value: 7.05 Station: CB4.1W
 --- UTM-X: 373004 UTM-Y: 4297091 Depth: 4 Value: 6.9 Station: CB4.1W
 --- UTM-X: 373004 UTM-Y: 4297091 Depth: 4.5 Value: 6.7 Station: CB4.1W
 --- UTM-X: 373004 UTM-Y: 4297091 Depth: 5 Value: 6.5 Station: CB4.1W
 --- UTM-X: 373004 UTM-Y: 4297091 Depth: 5.5 Value: 6.25 Station: CB4.1W
 --- UTM-X: 373004 UTM-Y: 4297091 Depth: 6 Value: 6 Station: CB4.1W
 --- UTM-X: 373004 UTM-Y: 4297091 Depth: 6.5 Value: 5.65 Station: CB4.1W
 --- UTM-X: 373004 UTM-Y: 4297091 Depth: 7 Value: 5.3 Station: CB4.1W
 --- UTM-X: 394661 UTM-Y: 4316568 Depth: 0 Value: 9.1 Station: ET4.2
 --- UTM-X: 394661 UTM-Y: 4316568 Depth: 0.5 Value: 8.75 Station: ET4.2
 --- UTM-X: 394661 UTM-Y: 4316568 Depth: 1 Value: 8.4 Station: ET4.2
 --- UTM-X: 394661 UTM-Y: 4316568 Depth: 1.5 Value: 8.4 Station: ET4.2
 --- UTM-X: 394661 UTM-Y: 4316568 Depth: 2 Value: 8.4 Station: ET4.2
 --- UTM-X: 394661 UTM-Y: 4316568 Depth: 2.5 Value: 7.85 Station: ET4.2
 --- UTM-X: 394661 UTM-Y: 4316568 Depth: 3 Value: 7.3 Station: ET4.2
 --- UTM-X: 394661 UTM-Y: 4316568 Depth: 3.5 Value: 7.25 Station: ET4.2
 --- UTM-X: 394661 UTM-Y: 4316568 Depth: 4 Value: 7.2 Station: ET4.2
 --- UTM-X: 394661 UTM-Y: 4316568 Depth: 4.5 Value: 6.65 Station: ET4.2
 --- UTM-X: 394661 UTM-Y: 4316568 Depth: 5 Value: 6.1 Station: ET4.2
 --- UTM-X: 394661 UTM-Y: 4316568 Depth: 5.5 Value: 5.65 Station: ET4.2
 --- UTM-X: 394661 UTM-Y: 4316568 Depth: 6 Value: 5.2 Station: ET4.2
 --- UTM-X: 394661 UTM-Y: 4316568 Depth: 6.5 Value: 2.95 Station: ET4.2
 --- UTM-X: 394661 UTM-Y: 4316568 Depth: 7 Value: 0.7 Station: ET4.2
 --- UTM-X: 394661 UTM-Y: 4316568 Depth: 7.5 Value: 0.5 Station: ET4.2
 --- UTM-X: 394661 UTM-Y: 4316568 Depth: 8 Value: 0.3 Station: ET4.2
 --- UTM-X: 394661 UTM-Y: 4316568 Depth: 8.5 Value: 0.3 Station: ET4.2
 --- UTM-X: 394661 UTM-Y: 4316568 Depth: 9 Value: 0.3 Station: ET4.2
 --- UTM-X: 394661 UTM-Y: 4316568 Depth: 9.5 Value: 0.3 Station: ET4.2
 --- UTM-X: 379310 UTM-Y: 4351015 Depth: 0 Value: 5.4 Station: WT3.1
 --- UTM-X: 379310 UTM-Y: 4351015 Depth: 0.5 Value: 5.35 Station: WT3.1
 --- UTM-X: 379310 UTM-Y: 4351015 Depth: 1 Value: 5.3 Station: WT3.1
 --- UTM-X: 379310 UTM-Y: 4351015 Depth: 1.5 Value: 5.05 Station: WT3.1
 --- UTM-X: 379310 UTM-Y: 4351015 Depth: 2 Value: 4.8 Station: WT3.1
 --- UTM-X: 379310 UTM-Y: 4351015 Depth: 2.5 Value: 4.45 Station: WT3.1
 --- UTM-X: 379310 UTM-Y: 4351015 Depth: 3 Value: 4.1 Station: WT3.1
 --- UTM-X: 368360 UTM-Y: 4341015 Depth: 0 Value: 10.5 Station: WT5.1
 --- UTM-X: 368360 UTM-Y: 4341015 Depth: 0.5 Value: 10.45 Station: WT5.1
 --- UTM-X: 368360 UTM-Y: 4341015 Depth: 1 Value: 10.4 Station: WT5.1
 --- UTM-X: 368360 UTM-Y: 4341015 Depth: 1.5 Value: 8.9 Station: WT5.1
 --- UTM-X: 368360 UTM-Y: 4341015 Depth: 2 Value: 7.4 Station: WT5.1
 --- UTM-X: 368360 UTM-Y: 4341015 Depth: 2.5 Value: 7.3 Station: WT5.1
 --- UTM-X: 368360 UTM-Y: 4341015 Depth: 3 Value: 7.2 Station: WT5.1
 --- UTM-X: 368360 UTM-Y: 4341015 Depth: 3.5 Value: 6.8 Station: WT5.1
 --- UTM-X: 368360 UTM-Y: 4341015 Depth: 4 Value: 6.4 Station: WT5.1
 --- UTM-X: 368360 UTM-Y: 4341015 Depth: 4.5 Value: 4.9 Station: WT5.1
 --- UTM-X: 368360 UTM-Y: 4341015 Depth: 5 Value: 3.4 Station: WT5.1
 --- UTM-X: 368360 UTM-Y: 4341015 Depth: 5.5 Value: 3.1 Station: WT5.1
 --- UTM-X: 368360 UTM-Y: 4341015 Depth: 6 Value: 2.8 Station: WT5.1
 --- UTM-X: 368360 UTM-Y: 4341015 Depth: 6.5 Value: 2.2 Station: WT5.1
 --- UTM-X: 368360 UTM-Y: 4341015 Depth: 7 Value: 1.6 Station: WT5.1
 --- UTM-X: 368360 UTM-Y: 4341015 Depth: 7.5 Value: 1.25 Station: WT5.1
 --- UTM-X: 368360 UTM-Y: 4341015 Depth: 8 Value: 0.9 Station: WT5.1
 --- UTM-X: 368360 UTM-Y: 4341015 Depth: 8.5 Value: 0.65 Station: WT5.1
 --- UTM-X: 368360 UTM-Y: 4341015 Depth: 9 Value: 0.4 Station: WT5.1
 --- UTM-X: 368360 UTM-Y: 4341015 Depth: 9.5 Value: 0.25 Station: WT5.1
 --- UTM-X: 368360 UTM-Y: 4341015 Depth: 10 Value: 0.1 Station: WT5.1
 --- UTM-X: 368360 UTM-Y: 4341015 Depth: 10.5 Value: 0.1 Station: WT5.1
 --- UTM-X: 368360 UTM-Y: 4341015 Depth: 11 Value: 0.1 Station: WT5.1
 --- UTM-X: 368360 UTM-Y: 4341015 Depth: 11.5 Value: 0.1 Station: WT5.1
 --- UTM-X: 368360 UTM-Y: 4341015 Depth: 12 Value: 0.1 Station: WT5.1
 --- UTM-X: 368360 UTM-Y: 4341015 Depth: 12.5 Value: 0.15 Station: WT5.1
 --- UTM-X: 368360 UTM-Y: 4341015 Depth: 13 Value: 0.2 Station: WT5.1
 --- UTM-X: 368360 UTM-Y: 4341015 Depth: 13.5 Value: 0.15 Station: WT5.1
 --- UTM-X: 368360 UTM-Y: 4341015 Depth: 14 Value: 0.1 Station: WT5.1
 --- UTM-X: 368360 UTM-Y: 4341015 Depth: 14.5 Value: 0.1 Station: WT5.1
 --- UTM-X: 368360 UTM-Y: 4341015 Depth: 15 Value: 0.1 Station: WT5.1
 --- UTM-X: 372437 UTM-Y: 4326147 Depth: 0 Value: 8.1 Station: WT6.1
 --- UTM-X: 372437 UTM-Y: 4326147 Depth: 0.5 Value: 8.05 Station: WT6.1
 --- UTM-X: 372437 UTM-Y: 4326147 Depth: 1 Value: 8 Station: WT6.1
 --- UTM-X: 372437 UTM-Y: 4326147 Depth: 1.5 Value: 7.35 Station: WT6.1
 --- UTM-X: 372437 UTM-Y: 4326147 Depth: 2 Value: 6.7 Station: WT6.1
 --- UTM-X: 372437 UTM-Y: 4326147 Depth: 2.5 Value: 6.25 Station: WT6.1
 --- UTM-X: 372437 UTM-Y: 4326147 Depth: 3 Value: 5.8 Station: WT6.1
 --- UTM-X: 372437 UTM-Y: 4326147 Depth: 3.5 Value: 5.1 Station: WT6.1
 --- UTM-X: 372437 UTM-Y: 4326147 Depth: 4 Value: 4.4 Station: WT6.1
 --- UTM-X: 372437 UTM-Y: 4326147 Depth: 4.5 Value: 2.4 Station: WT6.1
 --- UTM-X: 372437 UTM-Y: 4326147 Depth: 5 Value: 0.4 Station: WT6.1
 --- UTM-X: 391935 UTM-Y: 4314323 Depth: 0 Value: 6.8 Station: XGG8251
 --- 2391 cells were interpolated in region CB3MH.  Subtotal: 3988 total cells.
 ---- Region was calculated in 0 seconds. Segment volume (m^3) = 2391000000
 
 - Bathymetry Region ID: 1004  Region Name: CB4MH  Data Points: 652 in data region 1004
 -- Cell Size  E-W: 1000  N-S: 1000  Vertical: 1
 --- Data in Region ---
 --- UTM-X: 387140 UTM-Y: 4335727 Depth: 0 Value: 7.6 Station: CB3.2
 --- UTM-X: 387140 UTM-Y: 4335727 Depth: 0.5 Value: 7.6 Station: CB3.2
 --- UTM-X: 387140 UTM-Y: 4335727 Depth: 1 Value: 7.6 Station: CB3.2
 --- UTM-X: 387140 UTM-Y: 4335727 Depth: 1.5 Value: 7.5 Station: CB3.2
 --- UTM-X: 387140 UTM-Y: 4335727 Depth: 2 Value: 7.4 Station: CB3.2
 --- UTM-X: 387140 UTM-Y: 4335727 Depth: 2.5 Value: 7.35 Station: CB3.2
 --- UTM-X: 387140 UTM-Y: 4335727 Depth: 3 Value: 7.3 Station: CB3.2
 --- UTM-X: 387140 UTM-Y: 4335727 Depth: 3.5 Value: 6.85 Station: CB3.2
 --- UTM-X: 387140 UTM-Y: 4335727 Depth: 4 Value: 6.4 Station: CB3.2
 --- UTM-X: 387140 UTM-Y: 4335727 Depth: 4.5 Value: 6 Station: CB3.2
 --- UTM-X: 387140 UTM-Y: 4335727 Depth: 5 Value: 5.6 Station: CB3.2
 --- UTM-X: 387140 UTM-Y: 4335727 Depth: 5.5 Value: 5.5 Station: CB3.2
 --- UTM-X: 387140 UTM-Y: 4335727 Depth: 6 Value: 5.4 Station: CB3.2
 --- UTM-X: 387140 UTM-Y: 4335727 Depth: 6.5 Value: 4.05 Station: CB3.2
 --- UTM-X: 387140 UTM-Y: 4335727 Depth: 7 Value: 2.7 Station: CB3.2
 --- UTM-X: 387140 UTM-Y: 4335727 Depth: 7.5 Value: 2.4 Station: CB3.2
 --- UTM-X: 387140 UTM-Y: 4335727 Depth: 8 Value: 2.1 Station: CB3.2
 --- UTM-X: 387140 UTM-Y: 4335727 Depth: 8.5 Value: 1.8 Station: CB3.2
 --- UTM-X: 387140 UTM-Y: 4335727 Depth: 9 Value: 1.5 Station: CB3.2
 --- UTM-X: 387140 UTM-Y: 4335727 Depth: 9.5 Value: 0.9 Station: CB3.2
 --- UTM-X: 387140 UTM-Y: 4335727 Depth: 10 Value: 0.3 Station: CB3.2
 --- UTM-X: 382253 UTM-Y: 4317113 Depth: 0 Value: 13.3 Station: CB3.3C
 --- UTM-X: 382253 UTM-Y: 4317113 Depth: 0.5 Value: 13.4 Station: CB3.3C
 --- UTM-X: 382253 UTM-Y: 4317113 Depth: 1 Value: 13.5 Station: CB3.3C
 --- UTM-X: 382253 UTM-Y: 4317113 Depth: 1.5 Value: 13.15 Station: CB3.3C
 --- UTM-X: 382253 UTM-Y: 4317113 Depth: 2 Value: 12.8 Station: CB3.3C
 --- UTM-X: 382253 UTM-Y: 4317113 Depth: 2.5 Value: 10.05 Station: CB3.3C
 --- UTM-X: 382253 UTM-Y: 4317113 Depth: 3 Value: 7.3 Station: CB3.3C
 --- UTM-X: 382253 UTM-Y: 4317113 Depth: 3.5 Value: 6.7 Station: CB3.3C
 --- UTM-X: 382253 UTM-Y: 4317113 Depth: 4 Value: 6.1 Station: CB3.3C
 --- UTM-X: 382253 UTM-Y: 4317113 Depth: 4.5 Value: 6.1 Station: CB3.3C
 --- UTM-X: 382253 UTM-Y: 4317113 Depth: 5 Value: 6.1 Station: CB3.3C
 --- UTM-X: 382253 UTM-Y: 4317113 Depth: 5.5 Value: 5.3 Station: CB3.3C
 --- UTM-X: 382253 UTM-Y: 4317113 Depth: 6 Value: 4.5 Station: CB3.3C
 --- UTM-X: 382253 UTM-Y: 4317113 Depth: 6.5 Value: 3.45 Station: CB3.3C
 --- UTM-X: 382253 UTM-Y: 4317113 Depth: 7 Value: 2.4 Station: CB3.3C
 --- UTM-X: 382253 UTM-Y: 4317113 Depth: 7.5 Value: 2 Station: CB3.3C
 --- UTM-X: 382253 UTM-Y: 4317113 Depth: 8 Value: 1.6 Station: CB3.3C
 --- UTM-X: 382253 UTM-Y: 4317113 Depth: 8.5 Value: 1.45 Station: CB3.3C
 --- UTM-X: 382253 UTM-Y: 4317113 Depth: 9 Value: 1.3 Station: CB3.3C
 --- UTM-X: 382253 UTM-Y: 4317113 Depth: 9.5 Value: 1.05 Station: CB3.3C
 --- UTM-X: 382253 UTM-Y: 4317113 Depth: 10 Value: 0.8 Station: CB3.3C
 --- UTM-X: 382253 UTM-Y: 4317113 Depth: 10.5 Value: 0.7 Station: CB3.3C
 --- UTM-X: 382253 UTM-Y: 4317113 Depth: 11 Value: 0.6 Station: CB3.3C
 --- UTM-X: 382253 UTM-Y: 4317113 Depth: 11.5 Value: 0.35 Station: CB3.3C
 --- UTM-X: 382253 UTM-Y: 4317113 Depth: 12 Value: 0.1 Station: CB3.3C
 --- UTM-X: 382253 UTM-Y: 4317113 Depth: 12.5 Value: 0.1 Station: CB3.3C
 --- UTM-X: 382253 UTM-Y: 4317113 Depth: 13 Value: 0.1 Station: CB3.3C
 --- UTM-X: 382253 UTM-Y: 4317113 Depth: 13.5 Value: 0.1 Station: CB3.3C
 --- UTM-X: 382253 UTM-Y: 4317113 Depth: 14 Value: 0.1 Station: CB3.3C
 --- UTM-X: 382253 UTM-Y: 4317113 Depth: 14.5 Value: 0.1 Station: CB3.3C
 --- UTM-X: 382253 UTM-Y: 4317113 Depth: 15 Value: 0.1 Station: CB3.3C
 --- UTM-X: 382253 UTM-Y: 4317113 Depth: 15.5 Value: 0.1 Station: CB3.3C
 --- UTM-X: 382253 UTM-Y: 4317113 Depth: 16 Value: 0.1 Station: CB3.3C
 --- UTM-X: 382253 UTM-Y: 4317113 Depth: 16.5 Value: 0.1 Station: CB3.3C
 --- UTM-X: 382253 UTM-Y: 4317113 Depth: 17 Value: 0.1 Station: CB3.3C
 --- UTM-X: 382253 UTM-Y: 4317113 Depth: 17.5 Value: 0.1 Station: CB3.3C
 --- UTM-X: 382253 UTM-Y: 4317113 Depth: 18 Value: 0.1 Station: CB3.3C
 --- UTM-X: 382253 UTM-Y: 4317113 Depth: 18.5 Value: 0.1 Station: CB3.3C
 --- UTM-X: 382253 UTM-Y: 4317113 Depth: 19 Value: 0.1 Station: CB3.3C
 --- UTM-X: 382253 UTM-Y: 4317113 Depth: 19.5 Value: 0.1 Station: CB3.3C
 --- UTM-X: 382253 UTM-Y: 4317113 Depth: 20 Value: 0.1 Station: CB3.3C
 --- UTM-X: 382253 UTM-Y: 4317113 Depth: 20.5 Value: 0.1 Station: CB3.3C
 --- UTM-X: 382253 UTM-Y: 4317113 Depth: 21 Value: 0.1 Station: CB3.3C
 --- UTM-X: 382253 UTM-Y: 4317113 Depth: 21.5 Value: 0.1 Station: CB3.3C
 --- UTM-X: 382253 UTM-Y: 4317113 Depth: 22 Value: 0.1 Station: CB3.3C
 --- UTM-X: 383418 UTM-Y: 4317836 Depth: 0 Value: 10.3 Station: CB3.3E
 --- UTM-X: 383418 UTM-Y: 4317836 Depth: 0.5 Value: 10.05 Station: CB3.3E
 --- UTM-X: 383418 UTM-Y: 4317836 Depth: 1 Value: 9.8 Station: CB3.3E
 --- UTM-X: 383418 UTM-Y: 4317836 Depth: 1.5 Value: 8.3 Station: CB3.3E
 --- UTM-X: 383418 UTM-Y: 4317836 Depth: 2 Value: 6.8 Station: CB3.3E
 --- UTM-X: 383418 UTM-Y: 4317836 Depth: 2.5 Value: 6.85 Station: CB3.3E
 --- UTM-X: 383418 UTM-Y: 4317836 Depth: 3 Value: 6.9 Station: CB3.3E
 --- UTM-X: 383418 UTM-Y: 4317836 Depth: 3.5 Value: 6.9 Station: CB3.3E
 --- UTM-X: 383418 UTM-Y: 4317836 Depth: 4 Value: 6.9 Station: CB3.3E
 --- UTM-X: 383418 UTM-Y: 4317836 Depth: 4.5 Value: 6.85 Station: CB3.3E
 --- UTM-X: 383418 UTM-Y: 4317836 Depth: 5 Value: 6.8 Station: CB3.3E
 --- UTM-X: 383418 UTM-Y: 4317836 Depth: 5.5 Value: 5.9 Station: CB3.3E
 --- UTM-X: 383418 UTM-Y: 4317836 Depth: 6 Value: 5 Station: CB3.3E
 --- UTM-X: 379813 UTM-Y: 4318075 Depth: 0 Value: 9.7 Station: CB3.3W
 --- UTM-X: 379813 UTM-Y: 4318075 Depth: 0.5 Value: 9.7 Station: CB3.3W
 --- UTM-X: 379813 UTM-Y: 4318075 Depth: 1 Value: 9.7 Station: CB3.3W
 --- UTM-X: 379813 UTM-Y: 4318075 Depth: 1.5 Value: 9.65 Station: CB3.3W
 --- UTM-X: 379813 UTM-Y: 4318075 Depth: 2 Value: 9.6 Station: CB3.3W
 --- UTM-X: 379813 UTM-Y: 4318075 Depth: 2.5 Value: 9.35 Station: CB3.3W
 --- UTM-X: 379813 UTM-Y: 4318075 Depth: 3 Value: 9.1 Station: CB3.3W
 --- UTM-X: 379813 UTM-Y: 4318075 Depth: 3.5 Value: 8.85 Station: CB3.3W
 --- UTM-X: 379813 UTM-Y: 4318075 Depth: 4 Value: 8.6 Station: CB3.3W
 --- UTM-X: 379813 UTM-Y: 4318075 Depth: 4.5 Value: 8.45 Station: CB3.3W
 --- UTM-X: 379813 UTM-Y: 4318075 Depth: 5 Value: 8.3 Station: CB3.3W
 --- UTM-X: 379813 UTM-Y: 4318075 Depth: 5.5 Value: 8.3 Station: CB3.3W
 --- UTM-X: 379813 UTM-Y: 4318075 Depth: 6 Value: 8.3 Station: CB3.3W
 --- UTM-X: 379813 UTM-Y: 4318075 Depth: 6.5 Value: 8.3 Station: CB3.3W
 --- UTM-X: 379813 UTM-Y: 4318075 Depth: 7 Value: 8.3 Station: CB3.3W
 --- UTM-X: 378499 UTM-Y: 4298300 Depth: 0 Value: 7.8 Station: CB4.1C
 --- UTM-X: 378499 UTM-Y: 4298300 Depth: 0.5 Value: 7.8 Station: CB4.1C
 --- UTM-X: 378499 UTM-Y: 4298300 Depth: 1 Value: 7.8 Station: CB4.1C
 --- UTM-X: 378499 UTM-Y: 4298300 Depth: 1.5 Value: 7.6 Station: CB4.1C
 --- UTM-X: 378499 UTM-Y: 4298300 Depth: 2 Value: 7.4 Station: CB4.1C
 --- UTM-X: 378499 UTM-Y: 4298300 Depth: 2.5 Value: 7.25 Station: CB4.1C
 --- UTM-X: 378499 UTM-Y: 4298300 Depth: 3 Value: 7.1 Station: CB4.1C
 --- UTM-X: 378499 UTM-Y: 4298300 Depth: 3.5 Value: 5.75 Station: CB4.1C
 --- UTM-X: 378499 UTM-Y: 4298300 Depth: 4 Value: 4.4 Station: CB4.1C
 --- UTM-X: 378499 UTM-Y: 4298300 Depth: 4.5 Value: 4.2 Station: CB4.1C
 --- UTM-X: 378499 UTM-Y: 4298300 Depth: 5 Value: 4 Station: CB4.1C
 --- UTM-X: 378499 UTM-Y: 4298300 Depth: 5.5 Value: 3.6 Station: CB4.1C
 --- UTM-X: 378499 UTM-Y: 4298300 Depth: 6 Value: 3.2 Station: CB4.1C
 --- UTM-X: 378499 UTM-Y: 4298300 Depth: 6.5 Value: 3.05 Station: CB4.1C
 --- UTM-X: 378499 UTM-Y: 4298300 Depth: 7 Value: 2.9 Station: CB4.1C
 --- UTM-X: 378499 UTM-Y: 4298300 Depth: 7.5 Value: 2.65 Station: CB4.1C
 --- UTM-X: 378499 UTM-Y: 4298300 Depth: 8 Value: 2.4 Station: CB4.1C
 --- UTM-X: 378499 UTM-Y: 4298300 Depth: 8.5 Value: 1.7 Station: CB4.1C
 --- UTM-X: 378499 UTM-Y: 4298300 Depth: 9 Value: 1 Station: CB4.1C
 --- UTM-X: 378499 UTM-Y: 4298300 Depth: 9.5 Value: 0.55 Station: CB4.1C
 --- UTM-X: 378499 UTM-Y: 4298300 Depth: 10 Value: 0.1 Station: CB4.1C
 --- UTM-X: 378499 UTM-Y: 4298300 Depth: 10.5 Value: 0.05 Station: CB4.1C
 --- UTM-X: 378499 UTM-Y: 4298300 Depth: 11 Value: 0 Station: CB4.1C
 --- UTM-X: 378499 UTM-Y: 4298300 Depth: 11.5 Value: 0 Station: CB4.1C
 --- UTM-X: 378499 UTM-Y: 4298300 Depth: 12 Value: 0 Station: CB4.1C
 --- UTM-X: 378499 UTM-Y: 4298300 Depth: 12.5 Value: 0 Station: CB4.1C
 --- UTM-X: 378499 UTM-Y: 4298300 Depth: 13 Value: 0 Station: CB4.1C
 --- UTM-X: 378499 UTM-Y: 4298300 Depth: 13.5 Value: 0 Station: CB4.1C
 --- UTM-X: 378499 UTM-Y: 4298300 Depth: 14 Value: 0 Station: CB4.1C
 --- UTM-X: 378499 UTM-Y: 4298300 Depth: 14.5 Value: 0 Station: CB4.1C
 --- UTM-X: 378499 UTM-Y: 4298300 Depth: 15 Value: 0 Station: CB4.1C
 --- UTM-X: 378499 UTM-Y: 4298300 Depth: 15.5 Value: 0.025 Station: CB4.1C
 --- UTM-X: 378499 UTM-Y: 4298300 Depth: 16 Value: 0.05 Station: CB4.1C
 --- UTM-X: 378499 UTM-Y: 4298300 Depth: 16.5 Value: 0.075 Station: CB4.1C
 --- UTM-X: 378499 UTM-Y: 4298300 Depth: 17 Value: 0.1 Station: CB4.1C
 --- UTM-X: 378499 UTM-Y: 4298300 Depth: 17.5 Value: 0.1 Station: CB4.1C
 --- UTM-X: 378499 UTM-Y: 4298300 Depth: 18 Value: 0.1 Station: CB4.1C
 --- UTM-X: 378499 UTM-Y: 4298300 Depth: 18.5 Value: 0.1 Station: CB4.1C
 --- UTM-X: 378499 UTM-Y: 4298300 Depth: 19 Value: 0.1 Station: CB4.1C
 --- UTM-X: 378499 UTM-Y: 4298300 Depth: 19.5 Value: 0.1 Station: CB4.1C
 --- UTM-X: 378499 UTM-Y: 4298300 Depth: 20 Value: 0.1 Station: CB4.1C
 --- UTM-X: 378499 UTM-Y: 4298300 Depth: 20.5 Value: 0.1 Station: CB4.1C
 --- UTM-X: 378499 UTM-Y: 4298300 Depth: 21 Value: 0.1 Station: CB4.1C
 --- UTM-X: 378499 UTM-Y: 4298300 Depth: 21.5 Value: 0.1 Station: CB4.1C
 --- UTM-X: 378499 UTM-Y: 4298300 Depth: 22 Value: 0.1 Station: CB4.1C
 --- UTM-X: 378499 UTM-Y: 4298300 Depth: 22.5 Value: 0.1 Station: CB4.1C
 --- UTM-X: 378499 UTM-Y: 4298300 Depth: 23 Value: 0.1 Station: CB4.1C
 --- UTM-X: 378499 UTM-Y: 4298300 Depth: 23.5 Value: 0.1 Station: CB4.1C
 --- UTM-X: 378499 UTM-Y: 4298300 Depth: 24 Value: 0.1 Station: CB4.1C
 --- UTM-X: 378499 UTM-Y: 4298300 Depth: 24.5 Value: 0.1 Station: CB4.1C
 --- UTM-X: 378499 UTM-Y: 4298300 Depth: 25 Value: 0.1 Station: CB4.1C
 --- UTM-X: 378499 UTM-Y: 4298300 Depth: 25.5 Value: 0.1 Station: CB4.1C
 --- UTM-X: 378499 UTM-Y: 4298300 Depth: 26 Value: 0.1 Station: CB4.1C
 --- UTM-X: 378499 UTM-Y: 4298300 Depth: 26.5 Value: 0.1 Station: CB4.1C
 --- UTM-X: 378499 UTM-Y: 4298300 Depth: 27 Value: 0.1 Station: CB4.1C
 --- UTM-X: 378499 UTM-Y: 4298300 Depth: 27.5 Value: 0.1 Station: CB4.1C
 --- UTM-X: 378499 UTM-Y: 4298300 Depth: 28 Value: 0.1 Station: CB4.1C
 --- UTM-X: 378499 UTM-Y: 4298300 Depth: 28.5 Value: 0.1 Station: CB4.1C
 --- UTM-X: 378499 UTM-Y: 4298300 Depth: 29 Value: 0.1 Station: CB4.1C
 --- UTM-X: 380969 UTM-Y: 4297307 Depth: 0 Value: 7.1 Station: CB4.1E
 --- UTM-X: 380969 UTM-Y: 4297307 Depth: 0.5 Value: 7.1 Station: CB4.1E
 --- UTM-X: 380969 UTM-Y: 4297307 Depth: 1 Value: 7.1 Station: CB4.1E
 --- UTM-X: 380969 UTM-Y: 4297307 Depth: 1.5 Value: 7.05 Station: CB4.1E
 --- UTM-X: 380969 UTM-Y: 4297307 Depth: 2 Value: 7 Station: CB4.1E
 --- UTM-X: 380969 UTM-Y: 4297307 Depth: 2.5 Value: 7 Station: CB4.1E
 --- UTM-X: 380969 UTM-Y: 4297307 Depth: 3 Value: 7 Station: CB4.1E
 --- UTM-X: 380969 UTM-Y: 4297307 Depth: 3.5 Value: 6.85 Station: CB4.1E
 --- UTM-X: 380969 UTM-Y: 4297307 Depth: 4 Value: 6.7 Station: CB4.1E
 --- UTM-X: 380969 UTM-Y: 4297307 Depth: 4.5 Value: 6.2 Station: CB4.1E
 --- UTM-X: 380969 UTM-Y: 4297307 Depth: 5 Value: 5.7 Station: CB4.1E
 --- UTM-X: 380969 UTM-Y: 4297307 Depth: 5.5 Value: 5.25 Station: CB4.1E
 --- UTM-X: 380969 UTM-Y: 4297307 Depth: 6 Value: 4.8 Station: CB4.1E
 --- UTM-X: 380969 UTM-Y: 4297307 Depth: 6.5 Value: 4.1 Station: CB4.1E
 --- UTM-X: 380969 UTM-Y: 4297307 Depth: 7 Value: 3.4 Station: CB4.1E
 --- UTM-X: 380969 UTM-Y: 4297307 Depth: 7.5 Value: 1.95 Station: CB4.1E
 --- UTM-X: 380969 UTM-Y: 4297307 Depth: 8 Value: 0.5 Station: CB4.1E
 --- UTM-X: 380969 UTM-Y: 4297307 Depth: 8.5 Value: 0.7 Station: CB4.1E
 --- UTM-X: 380969 UTM-Y: 4297307 Depth: 9 Value: 0.9 Station: CB4.1E
 --- UTM-X: 380969 UTM-Y: 4297307 Depth: 9.5 Value: 0.8 Station: CB4.1E
 --- UTM-X: 380969 UTM-Y: 4297307 Depth: 10 Value: 0.7 Station: CB4.1E
 --- UTM-X: 380969 UTM-Y: 4297307 Depth: 10.5 Value: 0.45 Station: CB4.1E
 --- UTM-X: 380969 UTM-Y: 4297307 Depth: 11 Value: 0.2 Station: CB4.1E
 --- UTM-X: 380969 UTM-Y: 4297307 Depth: 11.5 Value: 0.15 Station: CB4.1E
 --- UTM-X: 380969 UTM-Y: 4297307 Depth: 12 Value: 0.1 Station: CB4.1E
 --- UTM-X: 380969 UTM-Y: 4297307 Depth: 12.5 Value: 0.1 Station: CB4.1E
 --- UTM-X: 380969 UTM-Y: 4297307 Depth: 13 Value: 0.1 Station: CB4.1E
 --- UTM-X: 380969 UTM-Y: 4297307 Depth: 13.5 Value: 0.1 Station: CB4.1E
 --- UTM-X: 380969 UTM-Y: 4297307 Depth: 14 Value: 0.1 Station: CB4.1E
 --- UTM-X: 380969 UTM-Y: 4297307 Depth: 14.5 Value: 0.1 Station: CB4.1E
 --- UTM-X: 380969 UTM-Y: 4297307 Depth: 15 Value: 0.1 Station: CB4.1E
 --- UTM-X: 380969 UTM-Y: 4297307 Depth: 15.5 Value: 0.1 Station: CB4.1E
 --- UTM-X: 380969 UTM-Y: 4297307 Depth: 16 Value: 0.1 Station: CB4.1E
 --- UTM-X: 380969 UTM-Y: 4297307 Depth: 16.5 Value: 0.1 Station: CB4.1E
 --- UTM-X: 380969 UTM-Y: 4297307 Depth: 17 Value: 0.1 Station: CB4.1E
 --- UTM-X: 380969 UTM-Y: 4297307 Depth: 17.5 Value: 0.1 Station: CB4.1E
 --- UTM-X: 380969 UTM-Y: 4297307 Depth: 18 Value: 0.1 Station: CB4.1E
 --- UTM-X: 380969 UTM-Y: 4297307 Depth: 18.5 Value: 0.1 Station: CB4.1E
 --- UTM-X: 380969 UTM-Y: 4297307 Depth: 19 Value: 0.1 Station: CB4.1E
 --- UTM-X: 380969 UTM-Y: 4297307 Depth: 19.5 Value: 0.1 Station: CB4.1E
 --- UTM-X: 380969 UTM-Y: 4297307 Depth: 20 Value: 0.1 Station: CB4.1E
 --- UTM-X: 380969 UTM-Y: 4297307 Depth: 20.5 Value: 0.1 Station: CB4.1E
 --- UTM-X: 380969 UTM-Y: 4297307 Depth: 21 Value: 0.1 Station: CB4.1E
 --- UTM-X: 380969 UTM-Y: 4297307 Depth: 21.5 Value: 0.1 Station: CB4.1E
 --- UTM-X: 380969 UTM-Y: 4297307 Depth: 22 Value: 0.1 Station: CB4.1E
 --- UTM-X: 373004 UTM-Y: 4297091 Depth: 0 Value: 10.3 Station: CB4.1W
 --- UTM-X: 373004 UTM-Y: 4297091 Depth: 0.5 Value: 10.2 Station: CB4.1W
 --- UTM-X: 373004 UTM-Y: 4297091 Depth: 1 Value: 10.1 Station: CB4.1W
 --- UTM-X: 373004 UTM-Y: 4297091 Depth: 1.5 Value: 9.45 Station: CB4.1W
 --- UTM-X: 373004 UTM-Y: 4297091 Depth: 2 Value: 8.8 Station: CB4.1W
 --- UTM-X: 373004 UTM-Y: 4297091 Depth: 2.5 Value: 8 Station: CB4.1W
 --- UTM-X: 373004 UTM-Y: 4297091 Depth: 3 Value: 7.2 Station: CB4.1W
 --- UTM-X: 373004 UTM-Y: 4297091 Depth: 3.5 Value: 7.05 Station: CB4.1W
 --- UTM-X: 373004 UTM-Y: 4297091 Depth: 4 Value: 6.9 Station: CB4.1W
 --- UTM-X: 373004 UTM-Y: 4297091 Depth: 4.5 Value: 6.7 Station: CB4.1W
 --- UTM-X: 373004 UTM-Y: 4297091 Depth: 5 Value: 6.5 Station: CB4.1W
 --- UTM-X: 373004 UTM-Y: 4297091 Depth: 5.5 Value: 6.25 Station: CB4.1W
 --- UTM-X: 373004 UTM-Y: 4297091 Depth: 6 Value: 6 Station: CB4.1W
 --- UTM-X: 373004 UTM-Y: 4297091 Depth: 6.5 Value: 5.65 Station: CB4.1W
 --- UTM-X: 373004 UTM-Y: 4297091 Depth: 7 Value: 5.3 Station: CB4.1W
 --- UTM-X: 376622 UTM-Y: 4278319 Depth: 0 Value: 7.7 Station: CB4.2C
 --- UTM-X: 376622 UTM-Y: 4278319 Depth: 0.5 Value: 7.7 Station: CB4.2C
 --- UTM-X: 376622 UTM-Y: 4278319 Depth: 1 Value: 7.7 Station: CB4.2C
 --- UTM-X: 376622 UTM-Y: 4278319 Depth: 1.5 Value: 7.65 Station: CB4.2C
 --- UTM-X: 376622 UTM-Y: 4278319 Depth: 2 Value: 7.6 Station: CB4.2C
 --- UTM-X: 376622 UTM-Y: 4278319 Depth: 2.5 Value: 7.5 Station: CB4.2C
 --- UTM-X: 376622 UTM-Y: 4278319 Depth: 3 Value: 7.4 Station: CB4.2C
 --- UTM-X: 376622 UTM-Y: 4278319 Depth: 3.5 Value: 7.35 Station: CB4.2C
 --- UTM-X: 376622 UTM-Y: 4278319 Depth: 4 Value: 7.3 Station: CB4.2C
 --- UTM-X: 376622 UTM-Y: 4278319 Depth: 4.5 Value: 7.05 Station: CB4.2C
 --- UTM-X: 376622 UTM-Y: 4278319 Depth: 5 Value: 6.8 Station: CB4.2C
 --- UTM-X: 376622 UTM-Y: 4278319 Depth: 5.5 Value: 6.55 Station: CB4.2C
 --- UTM-X: 376622 UTM-Y: 4278319 Depth: 6 Value: 6.3 Station: CB4.2C
 --- UTM-X: 376622 UTM-Y: 4278319 Depth: 6.5 Value: 5.45 Station: CB4.2C
 --- UTM-X: 376622 UTM-Y: 4278319 Depth: 7 Value: 4.6 Station: CB4.2C
 --- UTM-X: 376622 UTM-Y: 4278319 Depth: 7.5 Value: 2.9 Station: CB4.2C
 --- UTM-X: 376622 UTM-Y: 4278319 Depth: 8 Value: 1.2 Station: CB4.2C
 --- UTM-X: 376622 UTM-Y: 4278319 Depth: 8.5 Value: 0.65 Station: CB4.2C
 --- UTM-X: 376622 UTM-Y: 4278319 Depth: 9 Value: 0.1 Station: CB4.2C
 --- UTM-X: 376622 UTM-Y: 4278319 Depth: 9.5 Value: 0.05 Station: CB4.2C
 --- UTM-X: 376622 UTM-Y: 4278319 Depth: 10 Value: 0 Station: CB4.2C
 --- UTM-X: 376622 UTM-Y: 4278319 Depth: 10.5 Value: 0 Station: CB4.2C
 --- UTM-X: 376622 UTM-Y: 4278319 Depth: 11 Value: 0 Station: CB4.2C
 --- UTM-X: 376622 UTM-Y: 4278319 Depth: 11.5 Value: 0 Station: CB4.2C
 --- UTM-X: 376622 UTM-Y: 4278319 Depth: 12 Value: 0 Station: CB4.2C
 --- UTM-X: 376622 UTM-Y: 4278319 Depth: 12.5 Value: 0.05 Station: CB4.2C
 --- UTM-X: 376622 UTM-Y: 4278319 Depth: 13 Value: 0.1 Station: CB4.2C
 --- UTM-X: 376622 UTM-Y: 4278319 Depth: 13.5 Value: 0.1 Station: CB4.2C
 --- UTM-X: 376622 UTM-Y: 4278319 Depth: 14 Value: 0.1 Station: CB4.2C
 --- UTM-X: 376622 UTM-Y: 4278319 Depth: 14.5 Value: 0.1 Station: CB4.2C
 --- UTM-X: 376622 UTM-Y: 4278319 Depth: 15 Value: 0.1 Station: CB4.2C
 --- UTM-X: 376622 UTM-Y: 4278319 Depth: 15.5 Value: 0.1 Station: CB4.2C
 --- UTM-X: 376622 UTM-Y: 4278319 Depth: 16 Value: 0.1 Station: CB4.2C
 --- UTM-X: 376622 UTM-Y: 4278319 Depth: 16.5 Value: 0.1 Station: CB4.2C
 --- UTM-X: 376622 UTM-Y: 4278319 Depth: 17 Value: 0.1 Station: CB4.2C
 --- UTM-X: 376622 UTM-Y: 4278319 Depth: 17.5 Value: 0.1 Station: CB4.2C
 --- UTM-X: 376622 UTM-Y: 4278319 Depth: 18 Value: 0.1 Station: CB4.2C
 --- UTM-X: 376622 UTM-Y: 4278319 Depth: 18.5 Value: 0.1 Station: CB4.2C
 --- UTM-X: 376622 UTM-Y: 4278319 Depth: 19 Value: 0.1 Station: CB4.2C
 --- UTM-X: 376622 UTM-Y: 4278319 Depth: 19.5 Value: 0.1 Station: CB4.2C
 --- UTM-X: 376622 UTM-Y: 4278319 Depth: 20 Value: 0.1 Station: CB4.2C
 --- UTM-X: 376622 UTM-Y: 4278319 Depth: 20.5 Value: 0.1 Station: CB4.2C
 --- UTM-X: 376622 UTM-Y: 4278319 Depth: 21 Value: 0.1 Station: CB4.2C
 --- UTM-X: 376622 UTM-Y: 4278319 Depth: 21.5 Value: 0.1 Station: CB4.2C
 --- UTM-X: 376622 UTM-Y: 4278319 Depth: 22 Value: 0.1 Station: CB4.2C
 --- UTM-X: 376622 UTM-Y: 4278319 Depth: 22.5 Value: 0.1 Station: CB4.2C
 --- UTM-X: 376622 UTM-Y: 4278319 Depth: 23 Value: 0.1 Station: CB4.2C
 --- UTM-X: 376622 UTM-Y: 4278319 Depth: 23.5 Value: 0.1 Station: CB4.2C
 --- UTM-X: 376622 UTM-Y: 4278319 Depth: 24 Value: 0.1 Station: CB4.2C
 --- UTM-X: 376622 UTM-Y: 4278319 Depth: 24.5 Value: 0.1 Station: CB4.2C
 --- UTM-X: 376622 UTM-Y: 4278319 Depth: 25 Value: 0.1 Station: CB4.2C
 --- UTM-X: 378169 UTM-Y: 4278295 Depth: 0 Value: 8 Station: CB4.2E
 --- UTM-X: 378169 UTM-Y: 4278295 Depth: 0.5 Value: 8 Station: CB4.2E
 --- UTM-X: 378169 UTM-Y: 4278295 Depth: 1 Value: 8 Station: CB4.2E
 --- UTM-X: 378169 UTM-Y: 4278295 Depth: 1.5 Value: 7.8 Station: CB4.2E
 --- UTM-X: 378169 UTM-Y: 4278295 Depth: 2 Value: 7.6 Station: CB4.2E
 --- UTM-X: 378169 UTM-Y: 4278295 Depth: 2.5 Value: 7.6 Station: CB4.2E
 --- UTM-X: 378169 UTM-Y: 4278295 Depth: 3 Value: 7.6 Station: CB4.2E
 --- UTM-X: 378169 UTM-Y: 4278295 Depth: 3.5 Value: 7.15 Station: CB4.2E
 --- UTM-X: 378169 UTM-Y: 4278295 Depth: 4 Value: 6.7 Station: CB4.2E
 --- UTM-X: 378169 UTM-Y: 4278295 Depth: 4.5 Value: 6.8 Station: CB4.2E
 --- UTM-X: 378169 UTM-Y: 4278295 Depth: 5 Value: 6.9 Station: CB4.2E
 --- UTM-X: 378169 UTM-Y: 4278295 Depth: 5.5 Value: 5.5 Station: CB4.2E
 --- UTM-X: 378169 UTM-Y: 4278295 Depth: 6 Value: 4.1 Station: CB4.2E
 --- UTM-X: 378169 UTM-Y: 4278295 Depth: 6.5 Value: 3.5 Station: CB4.2E
 --- UTM-X: 378169 UTM-Y: 4278295 Depth: 7 Value: 2.9 Station: CB4.2E
 --- UTM-X: 378169 UTM-Y: 4278295 Depth: 7.5 Value: 2.7 Station: CB4.2E
 --- UTM-X: 378169 UTM-Y: 4278295 Depth: 8 Value: 2.5 Station: CB4.2E
 --- UTM-X: 369343 UTM-Y: 4278281 Depth: 0 Value: 7.3 Station: CB4.2W
 --- UTM-X: 369343 UTM-Y: 4278281 Depth: 0.5 Value: 7.3 Station: CB4.2W
 --- UTM-X: 369343 UTM-Y: 4278281 Depth: 1 Value: 7.3 Station: CB4.2W
 --- UTM-X: 369343 UTM-Y: 4278281 Depth: 1.5 Value: 7.3 Station: CB4.2W
 --- UTM-X: 369343 UTM-Y: 4278281 Depth: 2 Value: 7.3 Station: CB4.2W
 --- UTM-X: 369343 UTM-Y: 4278281 Depth: 2.5 Value: 7.2 Station: CB4.2W
 --- UTM-X: 369343 UTM-Y: 4278281 Depth: 3 Value: 7.1 Station: CB4.2W
 --- UTM-X: 369343 UTM-Y: 4278281 Depth: 3.5 Value: 6.9 Station: CB4.2W
 --- UTM-X: 369343 UTM-Y: 4278281 Depth: 4 Value: 6.7 Station: CB4.2W
 --- UTM-X: 369343 UTM-Y: 4278281 Depth: 4.5 Value: 6.4 Station: CB4.2W
 --- UTM-X: 369343 UTM-Y: 4278281 Depth: 5 Value: 6.1 Station: CB4.2W
 --- UTM-X: 369343 UTM-Y: 4278281 Depth: 5.5 Value: 4 Station: CB4.2W
 --- UTM-X: 369343 UTM-Y: 4278281 Depth: 6 Value: 1.9 Station: CB4.2W
 --- UTM-X: 369343 UTM-Y: 4278281 Depth: 6.5 Value: 1.05 Station: CB4.2W
 --- UTM-X: 369343 UTM-Y: 4278281 Depth: 7 Value: 0.2 Station: CB4.2W
 --- UTM-X: 374994 UTM-Y: 4268540 Depth: 0 Value: 7.7 Station: CB4.3C
 --- UTM-X: 374994 UTM-Y: 4268540 Depth: 0.5 Value: 7.7 Station: CB4.3C
 --- UTM-X: 374994 UTM-Y: 4268540 Depth: 1 Value: 7.7 Station: CB4.3C
 --- UTM-X: 374994 UTM-Y: 4268540 Depth: 1.5 Value: 7.7 Station: CB4.3C
 --- UTM-X: 374994 UTM-Y: 4268540 Depth: 2 Value: 7.7 Station: CB4.3C
 --- UTM-X: 374994 UTM-Y: 4268540 Depth: 2.5 Value: 7.65 Station: CB4.3C
 --- UTM-X: 374994 UTM-Y: 4268540 Depth: 3 Value: 7.6 Station: CB4.3C
 --- UTM-X: 374994 UTM-Y: 4268540 Depth: 3.5 Value: 7.575 Station: CB4.3C
 --- UTM-X: 374994 UTM-Y: 4268540 Depth: 4 Value: 7.55 Station: CB4.3C
 --- UTM-X: 374994 UTM-Y: 4268540 Depth: 4.5 Value: 7.525 Station: CB4.3C
 --- UTM-X: 374994 UTM-Y: 4268540 Depth: 5 Value: 7.5 Station: CB4.3C
 --- UTM-X: 374994 UTM-Y: 4268540 Depth: 5.5 Value: 7.25 Station: CB4.3C
 --- UTM-X: 374994 UTM-Y: 4268540 Depth: 6 Value: 7 Station: CB4.3C
 --- UTM-X: 374994 UTM-Y: 4268540 Depth: 6.5 Value: 7.1 Station: CB4.3C
 --- UTM-X: 374994 UTM-Y: 4268540 Depth: 7 Value: 7.2 Station: CB4.3C
 --- UTM-X: 374994 UTM-Y: 4268540 Depth: 7.5 Value: 6 Station: CB4.3C
 --- UTM-X: 374994 UTM-Y: 4268540 Depth: 8 Value: 4.8 Station: CB4.3C
 --- UTM-X: 374994 UTM-Y: 4268540 Depth: 8.5 Value: 3.4 Station: CB4.3C
 --- UTM-X: 374994 UTM-Y: 4268540 Depth: 9 Value: 2 Station: CB4.3C
 --- UTM-X: 374994 UTM-Y: 4268540 Depth: 9.5 Value: 1.45 Station: CB4.3C
 --- UTM-X: 374994 UTM-Y: 4268540 Depth: 10 Value: 0.9 Station: CB4.3C
 --- UTM-X: 374994 UTM-Y: 4268540 Depth: 10.5 Value: 0.6 Station: CB4.3C
 --- UTM-X: 374994 UTM-Y: 4268540 Depth: 11 Value: 0.3 Station: CB4.3C
 --- UTM-X: 374994 UTM-Y: 4268540 Depth: 11.5 Value: 0.15 Station: CB4.3C
 --- UTM-X: 374994 UTM-Y: 4268540 Depth: 12 Value: 0 Station: CB4.3C
 --- UTM-X: 374994 UTM-Y: 4268540 Depth: 12.5 Value: 0 Station: CB4.3C
 --- UTM-X: 374994 UTM-Y: 4268540 Depth: 13 Value: 0 Station: CB4.3C
 --- UTM-X: 374994 UTM-Y: 4268540 Depth: 13.5 Value: 0 Station: CB4.3C
 --- UTM-X: 374994 UTM-Y: 4268540 Depth: 14 Value: 0 Station: CB4.3C
 --- UTM-X: 374994 UTM-Y: 4268540 Depth: 14.5 Value: 0 Station: CB4.3C
 --- UTM-X: 374994 UTM-Y: 4268540 Depth: 15 Value: 0 Station: CB4.3C
 --- UTM-X: 374994 UTM-Y: 4268540 Depth: 15.5 Value: 0 Station: CB4.3C
 --- UTM-X: 374994 UTM-Y: 4268540 Depth: 16 Value: 0 Station: CB4.3C
 --- UTM-X: 374994 UTM-Y: 4268540 Depth: 16.5 Value: 0.05 Station: CB4.3C
 --- UTM-X: 374994 UTM-Y: 4268540 Depth: 17 Value: 0.1 Station: CB4.3C
 --- UTM-X: 374994 UTM-Y: 4268540 Depth: 17.5 Value: 0.1 Station: CB4.3C
 --- UTM-X: 374994 UTM-Y: 4268540 Depth: 18 Value: 0.1 Station: CB4.3C
 --- UTM-X: 374994 UTM-Y: 4268540 Depth: 18.5 Value: 0.1 Station: CB4.3C
 --- UTM-X: 374994 UTM-Y: 4268540 Depth: 19 Value: 0.1 Station: CB4.3C
 --- UTM-X: 374994 UTM-Y: 4268540 Depth: 19.5 Value: 0.1 Station: CB4.3C
 --- UTM-X: 374994 UTM-Y: 4268540 Depth: 20 Value: 0.1 Station: CB4.3C
 --- UTM-X: 374994 UTM-Y: 4268540 Depth: 20.5 Value: 0.1 Station: CB4.3C
 --- UTM-X: 374994 UTM-Y: 4268540 Depth: 21 Value: 0.1 Station: CB4.3C
 --- UTM-X: 374994 UTM-Y: 4268540 Depth: 21.5 Value: 0.1 Station: CB4.3C
 --- UTM-X: 374994 UTM-Y: 4268540 Depth: 22 Value: 0.1 Station: CB4.3C
 --- UTM-X: 374994 UTM-Y: 4268540 Depth: 22.5 Value: 0.1 Station: CB4.3C
 --- UTM-X: 374994 UTM-Y: 4268540 Depth: 23 Value: 0.1 Station: CB4.3C
 --- UTM-X: 374994 UTM-Y: 4268540 Depth: 23.5 Value: 0.1 Station: CB4.3C
 --- UTM-X: 374994 UTM-Y: 4268540 Depth: 24 Value: 0.1 Station: CB4.3C
 --- UTM-X: 374994 UTM-Y: 4268540 Depth: 24.5 Value: 0.1 Station: CB4.3C
 --- UTM-X: 374994 UTM-Y: 4268540 Depth: 25 Value: 0.1 Station: CB4.3C
 --- UTM-X: 374994 UTM-Y: 4268540 Depth: 25.5 Value: 0.1 Station: CB4.3C
 --- UTM-X: 374994 UTM-Y: 4268540 Depth: 26 Value: 0.1 Station: CB4.3C
 --- UTM-X: 378916 UTM-Y: 4268479 Depth: 0 Value: 7.2 Station: CB4.3E
 --- UTM-X: 378916 UTM-Y: 4268479 Depth: 0.5 Value: 7.2 Station: CB4.3E
 --- UTM-X: 378916 UTM-Y: 4268479 Depth: 1 Value: 7.2 Station: CB4.3E
 --- UTM-X: 378916 UTM-Y: 4268479 Depth: 1.5 Value: 7.2 Station: CB4.3E
 --- UTM-X: 378916 UTM-Y: 4268479 Depth: 2 Value: 7.2 Station: CB4.3E
 --- UTM-X: 378916 UTM-Y: 4268479 Depth: 2.5 Value: 7.15 Station: CB4.3E
 --- UTM-X: 378916 UTM-Y: 4268479 Depth: 3 Value: 7.1 Station: CB4.3E
 --- UTM-X: 378916 UTM-Y: 4268479 Depth: 3.5 Value: 7.05 Station: CB4.3E
 --- UTM-X: 378916 UTM-Y: 4268479 Depth: 4 Value: 7 Station: CB4.3E
 --- UTM-X: 378916 UTM-Y: 4268479 Depth: 4.5 Value: 6.95 Station: CB4.3E
 --- UTM-X: 378916 UTM-Y: 4268479 Depth: 5 Value: 6.9 Station: CB4.3E
 --- UTM-X: 378916 UTM-Y: 4268479 Depth: 5.5 Value: 6.9 Station: CB4.3E
 --- UTM-X: 378916 UTM-Y: 4268479 Depth: 6 Value: 6.9 Station: CB4.3E
 --- UTM-X: 378916 UTM-Y: 4268479 Depth: 6.5 Value: 6.9 Station: CB4.3E
 --- UTM-X: 378916 UTM-Y: 4268479 Depth: 7 Value: 6.9 Station: CB4.3E
 --- UTM-X: 378916 UTM-Y: 4268479 Depth: 7.5 Value: 6.85 Station: CB4.3E
 --- UTM-X: 378916 UTM-Y: 4268479 Depth: 8 Value: 6.8 Station: CB4.3E
 --- UTM-X: 378916 UTM-Y: 4268479 Depth: 8.5 Value: 6.75 Station: CB4.3E
 --- UTM-X: 378916 UTM-Y: 4268479 Depth: 9 Value: 6.7 Station: CB4.3E
 --- UTM-X: 378916 UTM-Y: 4268479 Depth: 9.5 Value: 6.45 Station: CB4.3E
 --- UTM-X: 378916 UTM-Y: 4268479 Depth: 10 Value: 6.2 Station: CB4.3E
 --- UTM-X: 378916 UTM-Y: 4268479 Depth: 10.5 Value: 5.75 Station: CB4.3E
 --- UTM-X: 378916 UTM-Y: 4268479 Depth: 11 Value: 5.3 Station: CB4.3E
 --- UTM-X: 378916 UTM-Y: 4268479 Depth: 11.5 Value: 4.9 Station: CB4.3E
 --- UTM-X: 378916 UTM-Y: 4268479 Depth: 12 Value: 4.5 Station: CB4.3E
 --- UTM-X: 378916 UTM-Y: 4268479 Depth: 12.5 Value: 3.55 Station: CB4.3E
 --- UTM-X: 378916 UTM-Y: 4268479 Depth: 13 Value: 2.6 Station: CB4.3E
 --- UTM-X: 378916 UTM-Y: 4268479 Depth: 13.5 Value: 1.6 Station: CB4.3E
 --- UTM-X: 378916 UTM-Y: 4268479 Depth: 14 Value: 0.6 Station: CB4.3E
 --- UTM-X: 378916 UTM-Y: 4268479 Depth: 14.5 Value: 0.35 Station: CB4.3E
 --- UTM-X: 378916 UTM-Y: 4268479 Depth: 15 Value: 0.1 Station: CB4.3E
 --- UTM-X: 378916 UTM-Y: 4268479 Depth: 15.5 Value: 0.05 Station: CB4.3E
 --- UTM-X: 378916 UTM-Y: 4268479 Depth: 16 Value: 0 Station: CB4.3E
 --- UTM-X: 378916 UTM-Y: 4268479 Depth: 16.5 Value: 0 Station: CB4.3E
 --- UTM-X: 378916 UTM-Y: 4268479 Depth: 17 Value: 0 Station: CB4.3E
 --- UTM-X: 378916 UTM-Y: 4268479 Depth: 17.5 Value: 0 Station: CB4.3E
 --- UTM-X: 378916 UTM-Y: 4268479 Depth: 18 Value: 0 Station: CB4.3E
 --- UTM-X: 378916 UTM-Y: 4268479 Depth: 18.5 Value: 0 Station: CB4.3E
 --- UTM-X: 378916 UTM-Y: 4268479 Depth: 19 Value: 0 Station: CB4.3E
 --- UTM-X: 369911 UTM-Y: 4268621 Depth: 0 Value: 8.1 Station: CB4.3W
 --- UTM-X: 369911 UTM-Y: 4268621 Depth: 0.5 Value: 8.1 Station: CB4.3W
 --- UTM-X: 369911 UTM-Y: 4268621 Depth: 1 Value: 8.1 Station: CB4.3W
 --- UTM-X: 369911 UTM-Y: 4268621 Depth: 1.5 Value: 7.95 Station: CB4.3W
 --- UTM-X: 369911 UTM-Y: 4268621 Depth: 2 Value: 7.8 Station: CB4.3W
 --- UTM-X: 369911 UTM-Y: 4268621 Depth: 2.5 Value: 7.6 Station: CB4.3W
 --- UTM-X: 369911 UTM-Y: 4268621 Depth: 3 Value: 7.4 Station: CB4.3W
 --- UTM-X: 369911 UTM-Y: 4268621 Depth: 3.5 Value: 7.25 Station: CB4.3W
 --- UTM-X: 369911 UTM-Y: 4268621 Depth: 4 Value: 7.1 Station: CB4.3W
 --- UTM-X: 369911 UTM-Y: 4268621 Depth: 4.5 Value: 5.8 Station: CB4.3W
 --- UTM-X: 369911 UTM-Y: 4268621 Depth: 5 Value: 4.5 Station: CB4.3W
 --- UTM-X: 369911 UTM-Y: 4268621 Depth: 5.5 Value: 2.5 Station: CB4.3W
 --- UTM-X: 369911 UTM-Y: 4268621 Depth: 6 Value: 0.5 Station: CB4.3W
 --- UTM-X: 369911 UTM-Y: 4268621 Depth: 6.5 Value: 0.35 Station: CB4.3W
 --- UTM-X: 369911 UTM-Y: 4268621 Depth: 7 Value: 0.2 Station: CB4.3W
 --- UTM-X: 382750 UTM-Y: 4252514 Depth: 0 Value: 7.6 Station: CB4.4
 --- UTM-X: 382750 UTM-Y: 4252514 Depth: 0.5 Value: 7.55 Station: CB4.4
 --- UTM-X: 382750 UTM-Y: 4252514 Depth: 1 Value: 7.5 Station: CB4.4
 --- UTM-X: 382750 UTM-Y: 4252514 Depth: 1.5 Value: 7.45 Station: CB4.4
 --- UTM-X: 382750 UTM-Y: 4252514 Depth: 2 Value: 7.4 Station: CB4.4
 --- UTM-X: 382750 UTM-Y: 4252514 Depth: 2.5 Value: 7.25 Station: CB4.4
 --- UTM-X: 382750 UTM-Y: 4252514 Depth: 3 Value: 7.1 Station: CB4.4
 --- UTM-X: 382750 UTM-Y: 4252514 Depth: 3.5 Value: 6.95 Station: CB4.4
 --- UTM-X: 382750 UTM-Y: 4252514 Depth: 4 Value: 6.8 Station: CB4.4
 --- UTM-X: 382750 UTM-Y: 4252514 Depth: 4.5 Value: 6.6 Station: CB4.4
 --- UTM-X: 382750 UTM-Y: 4252514 Depth: 5 Value: 6.4 Station: CB4.4
 --- UTM-X: 382750 UTM-Y: 4252514 Depth: 5.5 Value: 6.2 Station: CB4.4
 --- UTM-X: 382750 UTM-Y: 4252514 Depth: 6 Value: 6 Station: CB4.4
 --- UTM-X: 382750 UTM-Y: 4252514 Depth: 6.5 Value: 5.45 Station: CB4.4
 --- UTM-X: 382750 UTM-Y: 4252514 Depth: 7 Value: 4.9 Station: CB4.4
 --- UTM-X: 382750 UTM-Y: 4252514 Depth: 7.5 Value: 3.95 Station: CB4.4
 --- UTM-X: 382750 UTM-Y: 4252514 Depth: 8 Value: 3 Station: CB4.4
 --- UTM-X: 382750 UTM-Y: 4252514 Depth: 8.5 Value: 3.05 Station: CB4.4
 --- UTM-X: 382750 UTM-Y: 4252514 Depth: 9 Value: 3.1 Station: CB4.4
 --- UTM-X: 382750 UTM-Y: 4252514 Depth: 9.5 Value: 2.3 Station: CB4.4
 --- UTM-X: 382750 UTM-Y: 4252514 Depth: 10 Value: 1.5 Station: CB4.4
 --- UTM-X: 382750 UTM-Y: 4252514 Depth: 10.5 Value: 0.95 Station: CB4.4
 --- UTM-X: 382750 UTM-Y: 4252514 Depth: 11 Value: 0.4 Station: CB4.4
 --- UTM-X: 382750 UTM-Y: 4252514 Depth: 11.5 Value: 0.35 Station: CB4.4
 --- UTM-X: 382750 UTM-Y: 4252514 Depth: 12 Value: 0.3 Station: CB4.4
 --- UTM-X: 382750 UTM-Y: 4252514 Depth: 12.5 Value: 0.35 Station: CB4.4
 --- UTM-X: 382750 UTM-Y: 4252514 Depth: 13 Value: 0.4 Station: CB4.4
 --- UTM-X: 382750 UTM-Y: 4252514 Depth: 13.5 Value: 0.4 Station: CB4.4
 --- UTM-X: 382750 UTM-Y: 4252514 Depth: 14 Value: 0.4 Station: CB4.4
 --- UTM-X: 382750 UTM-Y: 4252514 Depth: 14.5 Value: 0.4 Station: CB4.4
 --- UTM-X: 382750 UTM-Y: 4252514 Depth: 15 Value: 0.4 Station: CB4.4
 --- UTM-X: 382750 UTM-Y: 4252514 Depth: 15.5 Value: 0.35 Station: CB4.4
 --- UTM-X: 382750 UTM-Y: 4252514 Depth: 16 Value: 0.3 Station: CB4.4
 --- UTM-X: 382750 UTM-Y: 4252514 Depth: 16.5 Value: 0.4 Station: CB4.4
 --- UTM-X: 382750 UTM-Y: 4252514 Depth: 17 Value: 0.5 Station: CB4.4
 --- UTM-X: 382750 UTM-Y: 4252514 Depth: 17.5 Value: 0.5 Station: CB4.4
 --- UTM-X: 382750 UTM-Y: 4252514 Depth: 18 Value: 0.5 Station: CB4.4
 --- UTM-X: 382750 UTM-Y: 4252514 Depth: 18.5 Value: 0.5 Station: CB4.4
 --- UTM-X: 382750 UTM-Y: 4252514 Depth: 19 Value: 0.5 Station: CB4.4
 --- UTM-X: 382750 UTM-Y: 4252514 Depth: 19.5 Value: 0.525 Station: CB4.4
 --- UTM-X: 382750 UTM-Y: 4252514 Depth: 20 Value: 0.55 Station: CB4.4
 --- UTM-X: 382750 UTM-Y: 4252514 Depth: 20.5 Value: 0.575 Station: CB4.4
 --- UTM-X: 382750 UTM-Y: 4252514 Depth: 21 Value: 0.6 Station: CB4.4
 --- UTM-X: 382750 UTM-Y: 4252514 Depth: 21.5 Value: 0.625 Station: CB4.4
 --- UTM-X: 382750 UTM-Y: 4252514 Depth: 22 Value: 0.65 Station: CB4.4
 --- UTM-X: 382750 UTM-Y: 4252514 Depth: 22.5 Value: 0.675 Station: CB4.4
 --- UTM-X: 382750 UTM-Y: 4252514 Depth: 23 Value: 0.7 Station: CB4.4
 --- UTM-X: 382750 UTM-Y: 4252514 Depth: 23.5 Value: 0.775 Station: CB4.4
 --- UTM-X: 382750 UTM-Y: 4252514 Depth: 24 Value: 0.85 Station: CB4.4
 --- UTM-X: 382750 UTM-Y: 4252514 Depth: 24.5 Value: 0.925 Station: CB4.4
 --- UTM-X: 382750 UTM-Y: 4252514 Depth: 25 Value: 1 Station: CB4.4
 --- UTM-X: 382750 UTM-Y: 4252514 Depth: 25.5 Value: 1 Station: CB4.4
 --- UTM-X: 382750 UTM-Y: 4252514 Depth: 26 Value: 1 Station: CB4.4
 --- UTM-X: 382750 UTM-Y: 4252514 Depth: 26.5 Value: 1 Station: CB4.4
 --- UTM-X: 382750 UTM-Y: 4252514 Depth: 27 Value: 1 Station: CB4.4
 --- UTM-X: 382750 UTM-Y: 4252514 Depth: 27.5 Value: 1 Station: CB4.4
 --- UTM-X: 382750 UTM-Y: 4252514 Depth: 28 Value: 1 Station: CB4.4
 --- UTM-X: 386968 UTM-Y: 4241940 Depth: 0 Value: 7.7 Station: CB5.1
 --- UTM-X: 386968 UTM-Y: 4241940 Depth: 0.5 Value: 7.85 Station: CB5.1
 --- UTM-X: 386968 UTM-Y: 4241940 Depth: 1 Value: 8 Station: CB5.1
 --- UTM-X: 386968 UTM-Y: 4241940 Depth: 1.5 Value: 7.8 Station: CB5.1
 --- UTM-X: 386968 UTM-Y: 4241940 Depth: 2 Value: 7.6 Station: CB5.1
 --- UTM-X: 386968 UTM-Y: 4241940 Depth: 2.5 Value: 7.4 Station: CB5.1
 --- UTM-X: 386968 UTM-Y: 4241940 Depth: 3 Value: 7.2 Station: CB5.1
 --- UTM-X: 386968 UTM-Y: 4241940 Depth: 3.5 Value: 7.05 Station: CB5.1
 --- UTM-X: 386968 UTM-Y: 4241940 Depth: 4 Value: 6.9 Station: CB5.1
 --- UTM-X: 386968 UTM-Y: 4241940 Depth: 4.5 Value: 6.55 Station: CB5.1
 --- UTM-X: 386968 UTM-Y: 4241940 Depth: 5 Value: 6.2 Station: CB5.1
 --- UTM-X: 386968 UTM-Y: 4241940 Depth: 5.5 Value: 6.05 Station: CB5.1
 --- UTM-X: 386968 UTM-Y: 4241940 Depth: 6 Value: 5.9 Station: CB5.1
 --- UTM-X: 386968 UTM-Y: 4241940 Depth: 6.5 Value: 5.8 Station: CB5.1
 --- UTM-X: 386968 UTM-Y: 4241940 Depth: 7 Value: 5.7 Station: CB5.1
 --- UTM-X: 386968 UTM-Y: 4241940 Depth: 7.5 Value: 5.5 Station: CB5.1
 --- UTM-X: 386968 UTM-Y: 4241940 Depth: 8 Value: 5.3 Station: CB5.1
 --- UTM-X: 386968 UTM-Y: 4241940 Depth: 8.5 Value: 3.85 Station: CB5.1
 --- UTM-X: 386968 UTM-Y: 4241940 Depth: 9 Value: 2.4 Station: CB5.1
 --- UTM-X: 386968 UTM-Y: 4241940 Depth: 9.5 Value: 1.4 Station: CB5.1
 --- UTM-X: 386968 UTM-Y: 4241940 Depth: 10 Value: 0.4 Station: CB5.1
 --- UTM-X: 386968 UTM-Y: 4241940 Depth: 10.5 Value: 0.35 Station: CB5.1
 --- UTM-X: 386968 UTM-Y: 4241940 Depth: 11 Value: 0.3 Station: CB5.1
 --- UTM-X: 386968 UTM-Y: 4241940 Depth: 11.5 Value: 0.3 Station: CB5.1
 --- UTM-X: 386968 UTM-Y: 4241940 Depth: 12 Value: 0.3 Station: CB5.1
 --- UTM-X: 386968 UTM-Y: 4241940 Depth: 12.5 Value: 0.3 Station: CB5.1
 --- UTM-X: 386968 UTM-Y: 4241940 Depth: 13 Value: 0.3 Station: CB5.1
 --- UTM-X: 386968 UTM-Y: 4241940 Depth: 13.5 Value: 0.3 Station: CB5.1
 --- UTM-X: 386968 UTM-Y: 4241940 Depth: 14 Value: 0.3 Station: CB5.1
 --- UTM-X: 386968 UTM-Y: 4241940 Depth: 14.5 Value: 0.35 Station: CB5.1
 --- UTM-X: 386968 UTM-Y: 4241940 Depth: 15 Value: 0.4 Station: CB5.1
 --- UTM-X: 386968 UTM-Y: 4241940 Depth: 15.5 Value: 0.4 Station: CB5.1
 --- UTM-X: 386968 UTM-Y: 4241940 Depth: 16 Value: 0.4 Station: CB5.1
 --- UTM-X: 386968 UTM-Y: 4241940 Depth: 16.5 Value: 0.4 Station: CB5.1
 --- UTM-X: 386968 UTM-Y: 4241940 Depth: 17 Value: 0.4 Station: CB5.1
 --- UTM-X: 386968 UTM-Y: 4241940 Depth: 17.5 Value: 0.4 Station: CB5.1
 --- UTM-X: 386968 UTM-Y: 4241940 Depth: 18 Value: 0.4 Station: CB5.1
 --- UTM-X: 386968 UTM-Y: 4241940 Depth: 18.5 Value: 0.4 Station: CB5.1
 --- UTM-X: 386968 UTM-Y: 4241940 Depth: 19 Value: 0.4 Station: CB5.1
 --- UTM-X: 386968 UTM-Y: 4241940 Depth: 19.5 Value: 0.425 Station: CB5.1
 --- UTM-X: 386968 UTM-Y: 4241940 Depth: 20 Value: 0.45 Station: CB5.1
 --- UTM-X: 386968 UTM-Y: 4241940 Depth: 20.5 Value: 0.475 Station: CB5.1
 --- UTM-X: 386968 UTM-Y: 4241940 Depth: 21 Value: 0.5 Station: CB5.1
 --- UTM-X: 386968 UTM-Y: 4241940 Depth: 21.5 Value: 0.5 Station: CB5.1
 --- UTM-X: 386968 UTM-Y: 4241940 Depth: 22 Value: 0.5 Station: CB5.1
 --- UTM-X: 386968 UTM-Y: 4241940 Depth: 22.5 Value: 0.5 Station: CB5.1
 --- UTM-X: 386968 UTM-Y: 4241940 Depth: 23 Value: 0.5 Station: CB5.1
 --- UTM-X: 386968 UTM-Y: 4241940 Depth: 23.5 Value: 0.525 Station: CB5.1
 --- UTM-X: 386968 UTM-Y: 4241940 Depth: 24 Value: 0.55 Station: CB5.1
 --- UTM-X: 386968 UTM-Y: 4241940 Depth: 24.5 Value: 0.575 Station: CB5.1
 --- UTM-X: 386968 UTM-Y: 4241940 Depth: 25 Value: 0.6 Station: CB5.1
 --- UTM-X: 386968 UTM-Y: 4241940 Depth: 25.5 Value: 0.625 Station: CB5.1
 --- UTM-X: 386968 UTM-Y: 4241940 Depth: 26 Value: 0.65 Station: CB5.1
 --- UTM-X: 386968 UTM-Y: 4241940 Depth: 26.5 Value: 0.675 Station: CB5.1
 --- UTM-X: 386968 UTM-Y: 4241940 Depth: 27 Value: 0.7 Station: CB5.1
 --- UTM-X: 386968 UTM-Y: 4241940 Depth: 27.5 Value: 0.7 Station: CB5.1
 --- UTM-X: 386968 UTM-Y: 4241940 Depth: 28 Value: 0.7 Station: CB5.1
 --- UTM-X: 386968 UTM-Y: 4241940 Depth: 28.5 Value: 0.7 Station: CB5.1
 --- UTM-X: 386968 UTM-Y: 4241940 Depth: 29 Value: 0.7 Station: CB5.1
 --- UTM-X: 386968 UTM-Y: 4241940 Depth: 29.5 Value: 0.775 Station: CB5.1
 --- UTM-X: 386968 UTM-Y: 4241940 Depth: 30 Value: 0.85 Station: CB5.1
 --- UTM-X: 386968 UTM-Y: 4241940 Depth: 30.5 Value: 0.925 Station: CB5.1
 --- UTM-X: 386968 UTM-Y: 4241940 Depth: 31 Value: 1 Station: CB5.1
 --- UTM-X: 386968 UTM-Y: 4241940 Depth: 31.5 Value: 1 Station: CB5.1
 --- UTM-X: 386968 UTM-Y: 4241940 Depth: 32 Value: 1 Station: CB5.1
 --- UTM-X: 379767 UTM-Y: 4242784 Depth: 0 Value: 6.2 Station: CB5.1W
 --- UTM-X: 379767 UTM-Y: 4242784 Depth: 0.5 Value: 6.15 Station: CB5.1W
 --- UTM-X: 379767 UTM-Y: 4242784 Depth: 1 Value: 6.1 Station: CB5.1W
 --- UTM-X: 379767 UTM-Y: 4242784 Depth: 1.5 Value: 6 Station: CB5.1W
 --- UTM-X: 379767 UTM-Y: 4242784 Depth: 2 Value: 5.9 Station: CB5.1W
 --- UTM-X: 379767 UTM-Y: 4242784 Depth: 2.5 Value: 5.45 Station: CB5.1W
 --- UTM-X: 379767 UTM-Y: 4242784 Depth: 3 Value: 5 Station: CB5.1W
 --- UTM-X: 379767 UTM-Y: 4242784 Depth: 3.5 Value: 4.517 Station: CB5.1W
 --- UTM-X: 379767 UTM-Y: 4242784 Depth: 4 Value: 4.033 Station: CB5.1W
 --- UTM-X: 379767 UTM-Y: 4242784 Depth: 4.5 Value: 3.55 Station: CB5.1W
 --- UTM-X: 379767 UTM-Y: 4242784 Depth: 5 Value: 3.067 Station: CB5.1W
 --- UTM-X: 379767 UTM-Y: 4242784 Depth: 5.5 Value: 2.583 Station: CB5.1W
 --- UTM-X: 379767 UTM-Y: 4242784 Depth: 6 Value: 2.1 Station: CB5.1W
 --- UTM-X: 379767 UTM-Y: 4242784 Depth: 6.5 Value: 1.75 Station: CB5.1W
 --- UTM-X: 379767 UTM-Y: 4242784 Depth: 7 Value: 1.4 Station: CB5.1W
 --- UTM-X: 379767 UTM-Y: 4242784 Depth: 7.5 Value: 1.05 Station: CB5.1W
 --- UTM-X: 379767 UTM-Y: 4242784 Depth: 8 Value: 0.7 Station: CB5.1W
 --- UTM-X: 391609 UTM-Y: 4304585 Depth: 0 Value: 8.1 Station: EE1.1
 --- UTM-X: 391609 UTM-Y: 4304585 Depth: 0.5 Value: 8.05 Station: EE1.1
 --- UTM-X: 391609 UTM-Y: 4304585 Depth: 1 Value: 8 Station: EE1.1
 --- UTM-X: 391609 UTM-Y: 4304585 Depth: 1.5 Value: 7.95 Station: EE1.1
 --- UTM-X: 391609 UTM-Y: 4304585 Depth: 2 Value: 7.9 Station: EE1.1
 --- UTM-X: 391609 UTM-Y: 4304585 Depth: 2.5 Value: 7.8 Station: EE1.1
 --- UTM-X: 391609 UTM-Y: 4304585 Depth: 3 Value: 7.7 Station: EE1.1
 --- UTM-X: 391609 UTM-Y: 4304585 Depth: 3.5 Value: 7.55 Station: EE1.1
 --- UTM-X: 391609 UTM-Y: 4304585 Depth: 4 Value: 7.4 Station: EE1.1
 --- UTM-X: 391609 UTM-Y: 4304585 Depth: 4.5 Value: 7.2 Station: EE1.1
 --- UTM-X: 391609 UTM-Y: 4304585 Depth: 5 Value: 7 Station: EE1.1
 --- UTM-X: 391609 UTM-Y: 4304585 Depth: 5.5 Value: 6.85 Station: EE1.1
 --- UTM-X: 391609 UTM-Y: 4304585 Depth: 6 Value: 6.7 Station: EE1.1
 --- UTM-X: 391609 UTM-Y: 4304585 Depth: 6.5 Value: 6.55 Station: EE1.1
 --- UTM-X: 391609 UTM-Y: 4304585 Depth: 7 Value: 6.4 Station: EE1.1
 --- UTM-X: 391609 UTM-Y: 4304585 Depth: 7.5 Value: 4.05 Station: EE1.1
 --- UTM-X: 391609 UTM-Y: 4304585 Depth: 8 Value: 1.7 Station: EE1.1
 --- UTM-X: 391609 UTM-Y: 4304585 Depth: 8.5 Value: 1.15 Station: EE1.1
 --- UTM-X: 391609 UTM-Y: 4304585 Depth: 9 Value: 0.6 Station: EE1.1
 --- UTM-X: 391609 UTM-Y: 4304585 Depth: 9.5 Value: 0.4 Station: EE1.1
 --- UTM-X: 391609 UTM-Y: 4304585 Depth: 10 Value: 0.2 Station: EE1.1
 --- UTM-X: 391609 UTM-Y: 4304585 Depth: 10.5 Value: 0.2 Station: EE1.1
 --- UTM-X: 391609 UTM-Y: 4304585 Depth: 11 Value: 0.2 Station: EE1.1
 --- UTM-X: 391609 UTM-Y: 4304585 Depth: 11.5 Value: 0.2 Station: EE1.1
 --- UTM-X: 391609 UTM-Y: 4304585 Depth: 12 Value: 0.2 Station: EE1.1
 --- UTM-X: 389081 UTM-Y: 4278722 Depth: 0 Value: 7.3 Station: EE2.1
 --- UTM-X: 389081 UTM-Y: 4278722 Depth: 0.5 Value: 7.3 Station: EE2.1
 --- UTM-X: 389081 UTM-Y: 4278722 Depth: 1 Value: 7.3 Station: EE2.1
 --- UTM-X: 389081 UTM-Y: 4278722 Depth: 1.5 Value: 7.2 Station: EE2.1
 --- UTM-X: 389081 UTM-Y: 4278722 Depth: 2 Value: 7.1 Station: EE2.1
 --- UTM-X: 389081 UTM-Y: 4278722 Depth: 2.5 Value: 6.95 Station: EE2.1
 --- UTM-X: 389081 UTM-Y: 4278722 Depth: 3 Value: 6.8 Station: EE2.1
 --- UTM-X: 389081 UTM-Y: 4278722 Depth: 3.5 Value: 6.7 Station: EE2.1
 --- UTM-X: 389081 UTM-Y: 4278722 Depth: 4 Value: 6.6 Station: EE2.1
 --- UTM-X: 389081 UTM-Y: 4278722 Depth: 4.5 Value: 6.5 Station: EE2.1
 --- UTM-X: 389081 UTM-Y: 4278722 Depth: 5 Value: 6.4 Station: EE2.1
 --- UTM-X: 389081 UTM-Y: 4278722 Depth: 5.5 Value: 5.9 Station: EE2.1
 --- UTM-X: 389081 UTM-Y: 4278722 Depth: 6 Value: 5.4 Station: EE2.1
 --- UTM-X: 389081 UTM-Y: 4278722 Depth: 6.5 Value: 4.8 Station: EE2.1
 --- UTM-X: 389081 UTM-Y: 4278722 Depth: 7 Value: 4.2 Station: EE2.1
 --- UTM-X: 385995 UTM-Y: 4265816 Depth: 0 Value: 7.3 Station: EE2.2
 --- UTM-X: 385995 UTM-Y: 4265816 Depth: 0.5 Value: 7.3 Station: EE2.2
 --- UTM-X: 385995 UTM-Y: 4265816 Depth: 1 Value: 7.3 Station: EE2.2
 --- UTM-X: 385995 UTM-Y: 4265816 Depth: 1.5 Value: 7.25 Station: EE2.2
 --- UTM-X: 385995 UTM-Y: 4265816 Depth: 2 Value: 7.2 Station: EE2.2
 --- UTM-X: 385995 UTM-Y: 4265816 Depth: 2.5 Value: 7.15 Station: EE2.2
 --- UTM-X: 385995 UTM-Y: 4265816 Depth: 3 Value: 7.1 Station: EE2.2
 --- UTM-X: 385995 UTM-Y: 4265816 Depth: 3.5 Value: 7.05 Station: EE2.2
 --- UTM-X: 385995 UTM-Y: 4265816 Depth: 4 Value: 7 Station: EE2.2
 --- UTM-X: 385995 UTM-Y: 4265816 Depth: 4.5 Value: 6.8 Station: EE2.2
 --- UTM-X: 385995 UTM-Y: 4265816 Depth: 5 Value: 6.6 Station: EE2.2
 --- UTM-X: 385995 UTM-Y: 4265816 Depth: 5.5 Value: 4.45 Station: EE2.2
 --- UTM-X: 385995 UTM-Y: 4265816 Depth: 6 Value: 2.3 Station: EE2.2
 --- UTM-X: 385995 UTM-Y: 4265816 Depth: 6.5 Value: 1.25 Station: EE2.2
 --- UTM-X: 385995 UTM-Y: 4265816 Depth: 7 Value: 0.2 Station: EE2.2
 --- UTM-X: 385995 UTM-Y: 4265816 Depth: 7.5 Value: 0.15 Station: EE2.2
 --- UTM-X: 385995 UTM-Y: 4265816 Depth: 8 Value: 0.1 Station: EE2.2
 --- UTM-X: 385995 UTM-Y: 4265816 Depth: 8.5 Value: 0.1 Station: EE2.2
 --- UTM-X: 385995 UTM-Y: 4265816 Depth: 9 Value: 0.1 Station: EE2.2
 --- UTM-X: 385995 UTM-Y: 4265816 Depth: 9.5 Value: 0.1 Station: EE2.2
 --- UTM-X: 369446 UTM-Y: 4319720 Depth: 0 Value: 8.9 Station: WT7.1
 --- UTM-X: 369446 UTM-Y: 4319720 Depth: 0.5 Value: 8.85 Station: WT7.1
 --- UTM-X: 369446 UTM-Y: 4319720 Depth: 1 Value: 8.8 Station: WT7.1
 --- UTM-X: 369446 UTM-Y: 4319720 Depth: 1.5 Value: 8.7 Station: WT7.1
 --- UTM-X: 369446 UTM-Y: 4319720 Depth: 2 Value: 8.6 Station: WT7.1
 --- UTM-X: 369446 UTM-Y: 4319720 Depth: 2.5 Value: 7.7 Station: WT7.1
 --- UTM-X: 369446 UTM-Y: 4319720 Depth: 3 Value: 6.8 Station: WT7.1
 --- UTM-X: 369446 UTM-Y: 4319720 Depth: 3.5 Value: 6.05 Station: WT7.1
 --- UTM-X: 369446 UTM-Y: 4319720 Depth: 4 Value: 5.3 Station: WT7.1
 --- UTM-X: 369446 UTM-Y: 4319720 Depth: 4.5 Value: 4.55 Station: WT7.1
 --- UTM-X: 369446 UTM-Y: 4319720 Depth: 5 Value: 3.8 Station: WT7.1
 --- UTM-X: 369446 UTM-Y: 4319720 Depth: 5.5 Value: 2.8 Station: WT7.1
 --- UTM-X: 369446 UTM-Y: 4319720 Depth: 6 Value: 1.8 Station: WT7.1
 --- UTM-X: 369446 UTM-Y: 4319720 Depth: 6.5 Value: 1.2 Station: WT7.1
 --- UTM-X: 369446 UTM-Y: 4319720 Depth: 7 Value: 0.6 Station: WT7.1
 --- UTM-X: 369446 UTM-Y: 4319720 Depth: 7.5 Value: 0.3 Station: WT7.1
 --- UTM-X: 369446 UTM-Y: 4319720 Depth: 8 Value: 0 Station: WT7.1
 --- UTM-X: 369446 UTM-Y: 4319720 Depth: 8.5 Value: 0 Station: WT7.1
 --- UTM-X: 369446 UTM-Y: 4319720 Depth: 9 Value: 0 Station: WT7.1
 --- UTM-X: 369446 UTM-Y: 4319720 Depth: 9.5 Value: 0 Station: WT7.1
 --- UTM-X: 369446 UTM-Y: 4319720 Depth: 10 Value: 0 Station: WT7.1
 --- UTM-X: 369446 UTM-Y: 4319720 Depth: 10.5 Value: 0 Station: WT7.1
 --- UTM-X: 369446 UTM-Y: 4319720 Depth: 11 Value: 0 Station: WT7.1
 --- UTM-X: 369446 UTM-Y: 4319720 Depth: 11.5 Value: 0 Station: WT7.1
 --- UTM-X: 368570 UTM-Y: 4310484 Depth: 0 Value: 7.7 Station: WT8.1
 --- UTM-X: 368570 UTM-Y: 4310484 Depth: 0.5 Value: 7.45 Station: WT8.1
 --- UTM-X: 368570 UTM-Y: 4310484 Depth: 1 Value: 7.2 Station: WT8.1
 --- UTM-X: 368570 UTM-Y: 4310484 Depth: 1.5 Value: 7.25 Station: WT8.1
 --- UTM-X: 368570 UTM-Y: 4310484 Depth: 2 Value: 7.3 Station: WT8.1
 --- UTM-X: 368570 UTM-Y: 4310484 Depth: 2.5 Value: 7.05 Station: WT8.1
 --- UTM-X: 368570 UTM-Y: 4310484 Depth: 3 Value: 6.8 Station: WT8.1
 --- UTM-X: 368570 UTM-Y: 4310484 Depth: 3.5 Value: 4.05 Station: WT8.1
 --- UTM-X: 368570 UTM-Y: 4310484 Depth: 4 Value: 1.3 Station: WT8.1
 --- UTM-X: 368570 UTM-Y: 4310484 Depth: 4.5 Value: 0.7 Station: WT8.1
 --- UTM-X: 368570 UTM-Y: 4310484 Depth: 5 Value: 0.1 Station: WT8.1
 --- UTM-X: 368570 UTM-Y: 4310484 Depth: 5.5 Value: 0.1 Station: WT8.1
 --- UTM-X: 368570 UTM-Y: 4310484 Depth: 6 Value: 0.1 Station: WT8.1
 --- UTM-X: 368570 UTM-Y: 4310484 Depth: 6.5 Value: 0.1 Station: WT8.1
 --- UTM-X: 367033 UTM-Y: 4304960 Depth: 0 Value: 7.1 Station: WT8.2
 --- UTM-X: 367033 UTM-Y: 4304960 Depth: 0.5 Value: 5.65 Station: WT8.2
 --- UTM-X: 367033 UTM-Y: 4304960 Depth: 1 Value: 4.2 Station: WT8.2
 --- UTM-X: 367033 UTM-Y: 4304960 Depth: 1.5 Value: 3.65 Station: WT8.2
 --- UTM-X: 367033 UTM-Y: 4304960 Depth: 2 Value: 3.1 Station: WT8.2
 --- UTM-X: 366971 UTM-Y: 4301260 Depth: 0 Value: 5.6 Station: WT8.3
 --- UTM-X: 366971 UTM-Y: 4301260 Depth: 0.5 Value: 5.45 Station: WT8.3
 --- UTM-X: 366971 UTM-Y: 4301260 Depth: 1 Value: 5.3 Station: WT8.3
 --- UTM-X: 366971 UTM-Y: 4301260 Depth: 1.5 Value: 4.65 Station: WT8.3
 --- UTM-X: 366971 UTM-Y: 4301260 Depth: 2 Value: 4 Station: WT8.3
 --- UTM-X: 366971 UTM-Y: 4301260 Depth: 2.5 Value: 3.8 Station: WT8.3
 --- UTM-X: 366971 UTM-Y: 4301260 Depth: 3 Value: 3.6 Station: WT8.3
 --- 9237 cells were interpolated in region CB4MH.  Subtotal: 13225 total cells.
 ---- Region was calculated in 1 seconds. Segment volume (m^3) = 9237000000
 
 - Bathymetry Region ID: 1005  Region Name: CB5MH  Data Points: 758 in data region 1005
 -- Cell Size  E-W: 1000  N-S: 1000  Vertical: 1
 --- Data in Region ---
 --- UTM-X: 374994 UTM-Y: 4268540 Depth: 0 Value: 7.7 Station: CB4.3C
 --- UTM-X: 374994 UTM-Y: 4268540 Depth: 0.5 Value: 7.7 Station: CB4.3C
 --- UTM-X: 374994 UTM-Y: 4268540 Depth: 1 Value: 7.7 Station: CB4.3C
 --- UTM-X: 374994 UTM-Y: 4268540 Depth: 1.5 Value: 7.7 Station: CB4.3C
 --- UTM-X: 374994 UTM-Y: 4268540 Depth: 2 Value: 7.7 Station: CB4.3C
 --- UTM-X: 374994 UTM-Y: 4268540 Depth: 2.5 Value: 7.65 Station: CB4.3C
 --- UTM-X: 374994 UTM-Y: 4268540 Depth: 3 Value: 7.6 Station: CB4.3C
 --- UTM-X: 374994 UTM-Y: 4268540 Depth: 3.5 Value: 7.575 Station: CB4.3C
 --- UTM-X: 374994 UTM-Y: 4268540 Depth: 4 Value: 7.55 Station: CB4.3C
 --- UTM-X: 374994 UTM-Y: 4268540 Depth: 4.5 Value: 7.525 Station: CB4.3C
 --- UTM-X: 374994 UTM-Y: 4268540 Depth: 5 Value: 7.5 Station: CB4.3C
 --- UTM-X: 374994 UTM-Y: 4268540 Depth: 5.5 Value: 7.25 Station: CB4.3C
 --- UTM-X: 374994 UTM-Y: 4268540 Depth: 6 Value: 7 Station: CB4.3C
 --- UTM-X: 374994 UTM-Y: 4268540 Depth: 6.5 Value: 7.1 Station: CB4.3C
 --- UTM-X: 374994 UTM-Y: 4268540 Depth: 7 Value: 7.2 Station: CB4.3C
 --- UTM-X: 374994 UTM-Y: 4268540 Depth: 7.5 Value: 6 Station: CB4.3C
 --- UTM-X: 374994 UTM-Y: 4268540 Depth: 8 Value: 4.8 Station: CB4.3C
 --- UTM-X: 374994 UTM-Y: 4268540 Depth: 8.5 Value: 3.4 Station: CB4.3C
 --- UTM-X: 374994 UTM-Y: 4268540 Depth: 9 Value: 2 Station: CB4.3C
 --- UTM-X: 374994 UTM-Y: 4268540 Depth: 9.5 Value: 1.45 Station: CB4.3C
 --- UTM-X: 374994 UTM-Y: 4268540 Depth: 10 Value: 0.9 Station: CB4.3C
 --- UTM-X: 374994 UTM-Y: 4268540 Depth: 10.5 Value: 0.6 Station: CB4.3C
 --- UTM-X: 374994 UTM-Y: 4268540 Depth: 11 Value: 0.3 Station: CB4.3C
 --- UTM-X: 374994 UTM-Y: 4268540 Depth: 11.5 Value: 0.15 Station: CB4.3C
 --- UTM-X: 374994 UTM-Y: 4268540 Depth: 12 Value: 0 Station: CB4.3C
 --- UTM-X: 374994 UTM-Y: 4268540 Depth: 12.5 Value: 0 Station: CB4.3C
 --- UTM-X: 374994 UTM-Y: 4268540 Depth: 13 Value: 0 Station: CB4.3C
 --- UTM-X: 374994 UTM-Y: 4268540 Depth: 13.5 Value: 0 Station: CB4.3C
 --- UTM-X: 374994 UTM-Y: 4268540 Depth: 14 Value: 0 Station: CB4.3C
 --- UTM-X: 374994 UTM-Y: 4268540 Depth: 14.5 Value: 0 Station: CB4.3C
 --- UTM-X: 374994 UTM-Y: 4268540 Depth: 15 Value: 0 Station: CB4.3C
 --- UTM-X: 374994 UTM-Y: 4268540 Depth: 15.5 Value: 0 Station: CB4.3C
 --- UTM-X: 374994 UTM-Y: 4268540 Depth: 16 Value: 0 Station: CB4.3C
 --- UTM-X: 374994 UTM-Y: 4268540 Depth: 16.5 Value: 0.05 Station: CB4.3C
 --- UTM-X: 374994 UTM-Y: 4268540 Depth: 17 Value: 0.1 Station: CB4.3C
 --- UTM-X: 374994 UTM-Y: 4268540 Depth: 17.5 Value: 0.1 Station: CB4.3C
 --- UTM-X: 374994 UTM-Y: 4268540 Depth: 18 Value: 0.1 Station: CB4.3C
 --- UTM-X: 374994 UTM-Y: 4268540 Depth: 18.5 Value: 0.1 Station: CB4.3C
 --- UTM-X: 374994 UTM-Y: 4268540 Depth: 19 Value: 0.1 Station: CB4.3C
 --- UTM-X: 374994 UTM-Y: 4268540 Depth: 19.5 Value: 0.1 Station: CB4.3C
 --- UTM-X: 374994 UTM-Y: 4268540 Depth: 20 Value: 0.1 Station: CB4.3C
 --- UTM-X: 374994 UTM-Y: 4268540 Depth: 20.5 Value: 0.1 Station: CB4.3C
 --- UTM-X: 374994 UTM-Y: 4268540 Depth: 21 Value: 0.1 Station: CB4.3C
 --- UTM-X: 374994 UTM-Y: 4268540 Depth: 21.5 Value: 0.1 Station: CB4.3C
 --- UTM-X: 374994 UTM-Y: 4268540 Depth: 22 Value: 0.1 Station: CB4.3C
 --- UTM-X: 374994 UTM-Y: 4268540 Depth: 22.5 Value: 0.1 Station: CB4.3C
 --- UTM-X: 374994 UTM-Y: 4268540 Depth: 23 Value: 0.1 Station: CB4.3C
 --- UTM-X: 374994 UTM-Y: 4268540 Depth: 23.5 Value: 0.1 Station: CB4.3C
 --- UTM-X: 374994 UTM-Y: 4268540 Depth: 24 Value: 0.1 Station: CB4.3C
 --- UTM-X: 374994 UTM-Y: 4268540 Depth: 24.5 Value: 0.1 Station: CB4.3C
 --- UTM-X: 374994 UTM-Y: 4268540 Depth: 25 Value: 0.1 Station: CB4.3C
 --- UTM-X: 374994 UTM-Y: 4268540 Depth: 25.5 Value: 0.1 Station: CB4.3C
 --- UTM-X: 374994 UTM-Y: 4268540 Depth: 26 Value: 0.1 Station: CB4.3C
 --- UTM-X: 378916 UTM-Y: 4268479 Depth: 0 Value: 7.2 Station: CB4.3E
 --- UTM-X: 378916 UTM-Y: 4268479 Depth: 0.5 Value: 7.2 Station: CB4.3E
 --- UTM-X: 378916 UTM-Y: 4268479 Depth: 1 Value: 7.2 Station: CB4.3E
 --- UTM-X: 378916 UTM-Y: 4268479 Depth: 1.5 Value: 7.2 Station: CB4.3E
 --- UTM-X: 378916 UTM-Y: 4268479 Depth: 2 Value: 7.2 Station: CB4.3E
 --- UTM-X: 378916 UTM-Y: 4268479 Depth: 2.5 Value: 7.15 Station: CB4.3E
 --- UTM-X: 378916 UTM-Y: 4268479 Depth: 3 Value: 7.1 Station: CB4.3E
 --- UTM-X: 378916 UTM-Y: 4268479 Depth: 3.5 Value: 7.05 Station: CB4.3E
 --- UTM-X: 378916 UTM-Y: 4268479 Depth: 4 Value: 7 Station: CB4.3E
 --- UTM-X: 378916 UTM-Y: 4268479 Depth: 4.5 Value: 6.95 Station: CB4.3E
 --- UTM-X: 378916 UTM-Y: 4268479 Depth: 5 Value: 6.9 Station: CB4.3E
 --- UTM-X: 378916 UTM-Y: 4268479 Depth: 5.5 Value: 6.9 Station: CB4.3E
 --- UTM-X: 378916 UTM-Y: 4268479 Depth: 6 Value: 6.9 Station: CB4.3E
 --- UTM-X: 378916 UTM-Y: 4268479 Depth: 6.5 Value: 6.9 Station: CB4.3E
 --- UTM-X: 378916 UTM-Y: 4268479 Depth: 7 Value: 6.9 Station: CB4.3E
 --- UTM-X: 378916 UTM-Y: 4268479 Depth: 7.5 Value: 6.85 Station: CB4.3E
 --- UTM-X: 378916 UTM-Y: 4268479 Depth: 8 Value: 6.8 Station: CB4.3E
 --- UTM-X: 378916 UTM-Y: 4268479 Depth: 8.5 Value: 6.75 Station: CB4.3E
 --- UTM-X: 378916 UTM-Y: 4268479 Depth: 9 Value: 6.7 Station: CB4.3E
 --- UTM-X: 378916 UTM-Y: 4268479 Depth: 9.5 Value: 6.45 Station: CB4.3E
 --- UTM-X: 378916 UTM-Y: 4268479 Depth: 10 Value: 6.2 Station: CB4.3E
 --- UTM-X: 378916 UTM-Y: 4268479 Depth: 10.5 Value: 5.75 Station: CB4.3E
 --- UTM-X: 378916 UTM-Y: 4268479 Depth: 11 Value: 5.3 Station: CB4.3E
 --- UTM-X: 378916 UTM-Y: 4268479 Depth: 11.5 Value: 4.9 Station: CB4.3E
 --- UTM-X: 378916 UTM-Y: 4268479 Depth: 12 Value: 4.5 Station: CB4.3E
 --- UTM-X: 378916 UTM-Y: 4268479 Depth: 12.5 Value: 3.55 Station: CB4.3E
 --- UTM-X: 378916 UTM-Y: 4268479 Depth: 13 Value: 2.6 Station: CB4.3E
 --- UTM-X: 378916 UTM-Y: 4268479 Depth: 13.5 Value: 1.6 Station: CB4.3E
 --- UTM-X: 378916 UTM-Y: 4268479 Depth: 14 Value: 0.6 Station: CB4.3E
 --- UTM-X: 378916 UTM-Y: 4268479 Depth: 14.5 Value: 0.35 Station: CB4.3E
 --- UTM-X: 378916 UTM-Y: 4268479 Depth: 15 Value: 0.1 Station: CB4.3E
 --- UTM-X: 378916 UTM-Y: 4268479 Depth: 15.5 Value: 0.05 Station: CB4.3E
 --- UTM-X: 378916 UTM-Y: 4268479 Depth: 16 Value: 0 Station: CB4.3E
 --- UTM-X: 378916 UTM-Y: 4268479 Depth: 16.5 Value: 0 Station: CB4.3E
 --- UTM-X: 378916 UTM-Y: 4268479 Depth: 17 Value: 0 Station: CB4.3E
 --- UTM-X: 378916 UTM-Y: 4268479 Depth: 17.5 Value: 0 Station: CB4.3E
 --- UTM-X: 378916 UTM-Y: 4268479 Depth: 18 Value: 0 Station: CB4.3E
 --- UTM-X: 378916 UTM-Y: 4268479 Depth: 18.5 Value: 0 Station: CB4.3E
 --- UTM-X: 378916 UTM-Y: 4268479 Depth: 19 Value: 0 Station: CB4.3E
 --- UTM-X: 369911 UTM-Y: 4268621 Depth: 0 Value: 8.1 Station: CB4.3W
 --- UTM-X: 369911 UTM-Y: 4268621 Depth: 0.5 Value: 8.1 Station: CB4.3W
 --- UTM-X: 369911 UTM-Y: 4268621 Depth: 1 Value: 8.1 Station: CB4.3W
 --- UTM-X: 369911 UTM-Y: 4268621 Depth: 1.5 Value: 7.95 Station: CB4.3W
 --- UTM-X: 369911 UTM-Y: 4268621 Depth: 2 Value: 7.8 Station: CB4.3W
 --- UTM-X: 369911 UTM-Y: 4268621 Depth: 2.5 Value: 7.6 Station: CB4.3W
 --- UTM-X: 369911 UTM-Y: 4268621 Depth: 3 Value: 7.4 Station: CB4.3W
 --- UTM-X: 369911 UTM-Y: 4268621 Depth: 3.5 Value: 7.25 Station: CB4.3W
 --- UTM-X: 369911 UTM-Y: 4268621 Depth: 4 Value: 7.1 Station: CB4.3W
 --- UTM-X: 369911 UTM-Y: 4268621 Depth: 4.5 Value: 5.8 Station: CB4.3W
 --- UTM-X: 369911 UTM-Y: 4268621 Depth: 5 Value: 4.5 Station: CB4.3W
 --- UTM-X: 369911 UTM-Y: 4268621 Depth: 5.5 Value: 2.5 Station: CB4.3W
 --- UTM-X: 369911 UTM-Y: 4268621 Depth: 6 Value: 0.5 Station: CB4.3W
 --- UTM-X: 369911 UTM-Y: 4268621 Depth: 6.5 Value: 0.35 Station: CB4.3W
 --- UTM-X: 369911 UTM-Y: 4268621 Depth: 7 Value: 0.2 Station: CB4.3W
 --- UTM-X: 382750 UTM-Y: 4252514 Depth: 0 Value: 7.6 Station: CB4.4
 --- UTM-X: 382750 UTM-Y: 4252514 Depth: 0.5 Value: 7.55 Station: CB4.4
 --- UTM-X: 382750 UTM-Y: 4252514 Depth: 1 Value: 7.5 Station: CB4.4
 --- UTM-X: 382750 UTM-Y: 4252514 Depth: 1.5 Value: 7.45 Station: CB4.4
 --- UTM-X: 382750 UTM-Y: 4252514 Depth: 2 Value: 7.4 Station: CB4.4
 --- UTM-X: 382750 UTM-Y: 4252514 Depth: 2.5 Value: 7.25 Station: CB4.4
 --- UTM-X: 382750 UTM-Y: 4252514 Depth: 3 Value: 7.1 Station: CB4.4
 --- UTM-X: 382750 UTM-Y: 4252514 Depth: 3.5 Value: 6.95 Station: CB4.4
 --- UTM-X: 382750 UTM-Y: 4252514 Depth: 4 Value: 6.8 Station: CB4.4
 --- UTM-X: 382750 UTM-Y: 4252514 Depth: 4.5 Value: 6.6 Station: CB4.4
 --- UTM-X: 382750 UTM-Y: 4252514 Depth: 5 Value: 6.4 Station: CB4.4
 --- UTM-X: 382750 UTM-Y: 4252514 Depth: 5.5 Value: 6.2 Station: CB4.4
 --- UTM-X: 382750 UTM-Y: 4252514 Depth: 6 Value: 6 Station: CB4.4
 --- UTM-X: 382750 UTM-Y: 4252514 Depth: 6.5 Value: 5.45 Station: CB4.4
 --- UTM-X: 382750 UTM-Y: 4252514 Depth: 7 Value: 4.9 Station: CB4.4
 --- UTM-X: 382750 UTM-Y: 4252514 Depth: 7.5 Value: 3.95 Station: CB4.4
 --- UTM-X: 382750 UTM-Y: 4252514 Depth: 8 Value: 3 Station: CB4.4
 --- UTM-X: 382750 UTM-Y: 4252514 Depth: 8.5 Value: 3.05 Station: CB4.4
 --- UTM-X: 382750 UTM-Y: 4252514 Depth: 9 Value: 3.1 Station: CB4.4
 --- UTM-X: 382750 UTM-Y: 4252514 Depth: 9.5 Value: 2.3 Station: CB4.4
 --- UTM-X: 382750 UTM-Y: 4252514 Depth: 10 Value: 1.5 Station: CB4.4
 --- UTM-X: 382750 UTM-Y: 4252514 Depth: 10.5 Value: 0.95 Station: CB4.4
 --- UTM-X: 382750 UTM-Y: 4252514 Depth: 11 Value: 0.4 Station: CB4.4
 --- UTM-X: 382750 UTM-Y: 4252514 Depth: 11.5 Value: 0.35 Station: CB4.4
 --- UTM-X: 382750 UTM-Y: 4252514 Depth: 12 Value: 0.3 Station: CB4.4
 --- UTM-X: 382750 UTM-Y: 4252514 Depth: 12.5 Value: 0.35 Station: CB4.4
 --- UTM-X: 382750 UTM-Y: 4252514 Depth: 13 Value: 0.4 Station: CB4.4
 --- UTM-X: 382750 UTM-Y: 4252514 Depth: 13.5 Value: 0.4 Station: CB4.4
 --- UTM-X: 382750 UTM-Y: 4252514 Depth: 14 Value: 0.4 Station: CB4.4
 --- UTM-X: 382750 UTM-Y: 4252514 Depth: 14.5 Value: 0.4 Station: CB4.4
 --- UTM-X: 382750 UTM-Y: 4252514 Depth: 15 Value: 0.4 Station: CB4.4
 --- UTM-X: 382750 UTM-Y: 4252514 Depth: 15.5 Value: 0.35 Station: CB4.4
 --- UTM-X: 382750 UTM-Y: 4252514 Depth: 16 Value: 0.3 Station: CB4.4
 --- UTM-X: 382750 UTM-Y: 4252514 Depth: 16.5 Value: 0.4 Station: CB4.4
 --- UTM-X: 382750 UTM-Y: 4252514 Depth: 17 Value: 0.5 Station: CB4.4
 --- UTM-X: 382750 UTM-Y: 4252514 Depth: 17.5 Value: 0.5 Station: CB4.4
 --- UTM-X: 382750 UTM-Y: 4252514 Depth: 18 Value: 0.5 Station: CB4.4
 --- UTM-X: 382750 UTM-Y: 4252514 Depth: 18.5 Value: 0.5 Station: CB4.4
 --- UTM-X: 382750 UTM-Y: 4252514 Depth: 19 Value: 0.5 Station: CB4.4
 --- UTM-X: 382750 UTM-Y: 4252514 Depth: 19.5 Value: 0.525 Station: CB4.4
 --- UTM-X: 382750 UTM-Y: 4252514 Depth: 20 Value: 0.55 Station: CB4.4
 --- UTM-X: 382750 UTM-Y: 4252514 Depth: 20.5 Value: 0.575 Station: CB4.4
 --- UTM-X: 382750 UTM-Y: 4252514 Depth: 21 Value: 0.6 Station: CB4.4
 --- UTM-X: 382750 UTM-Y: 4252514 Depth: 21.5 Value: 0.625 Station: CB4.4
 --- UTM-X: 382750 UTM-Y: 4252514 Depth: 22 Value: 0.65 Station: CB4.4
 --- UTM-X: 382750 UTM-Y: 4252514 Depth: 22.5 Value: 0.675 Station: CB4.4
 --- UTM-X: 382750 UTM-Y: 4252514 Depth: 23 Value: 0.7 Station: CB4.4
 --- UTM-X: 382750 UTM-Y: 4252514 Depth: 23.5 Value: 0.775 Station: CB4.4
 --- UTM-X: 382750 UTM-Y: 4252514 Depth: 24 Value: 0.85 Station: CB4.4
 --- UTM-X: 382750 UTM-Y: 4252514 Depth: 24.5 Value: 0.925 Station: CB4.4
 --- UTM-X: 382750 UTM-Y: 4252514 Depth: 25 Value: 1 Station: CB4.4
 --- UTM-X: 382750 UTM-Y: 4252514 Depth: 25.5 Value: 1 Station: CB4.4
 --- UTM-X: 382750 UTM-Y: 4252514 Depth: 26 Value: 1 Station: CB4.4
 --- UTM-X: 382750 UTM-Y: 4252514 Depth: 26.5 Value: 1 Station: CB4.4
 --- UTM-X: 382750 UTM-Y: 4252514 Depth: 27 Value: 1 Station: CB4.4
 --- UTM-X: 382750 UTM-Y: 4252514 Depth: 27.5 Value: 1 Station: CB4.4
 --- UTM-X: 382750 UTM-Y: 4252514 Depth: 28 Value: 1 Station: CB4.4
 --- UTM-X: 386968 UTM-Y: 4241940 Depth: 0 Value: 7.7 Station: CB5.1
 --- UTM-X: 386968 UTM-Y: 4241940 Depth: 0.5 Value: 7.85 Station: CB5.1
 --- UTM-X: 386968 UTM-Y: 4241940 Depth: 1 Value: 8 Station: CB5.1
 --- UTM-X: 386968 UTM-Y: 4241940 Depth: 1.5 Value: 7.8 Station: CB5.1
 --- UTM-X: 386968 UTM-Y: 4241940 Depth: 2 Value: 7.6 Station: CB5.1
 --- UTM-X: 386968 UTM-Y: 4241940 Depth: 2.5 Value: 7.4 Station: CB5.1
 --- UTM-X: 386968 UTM-Y: 4241940 Depth: 3 Value: 7.2 Station: CB5.1
 --- UTM-X: 386968 UTM-Y: 4241940 Depth: 3.5 Value: 7.05 Station: CB5.1
 --- UTM-X: 386968 UTM-Y: 4241940 Depth: 4 Value: 6.9 Station: CB5.1
 --- UTM-X: 386968 UTM-Y: 4241940 Depth: 4.5 Value: 6.55 Station: CB5.1
 --- UTM-X: 386968 UTM-Y: 4241940 Depth: 5 Value: 6.2 Station: CB5.1
 --- UTM-X: 386968 UTM-Y: 4241940 Depth: 5.5 Value: 6.05 Station: CB5.1
 --- UTM-X: 386968 UTM-Y: 4241940 Depth: 6 Value: 5.9 Station: CB5.1
 --- UTM-X: 386968 UTM-Y: 4241940 Depth: 6.5 Value: 5.8 Station: CB5.1
 --- UTM-X: 386968 UTM-Y: 4241940 Depth: 7 Value: 5.7 Station: CB5.1
 --- UTM-X: 386968 UTM-Y: 4241940 Depth: 7.5 Value: 5.5 Station: CB5.1
 --- UTM-X: 386968 UTM-Y: 4241940 Depth: 8 Value: 5.3 Station: CB5.1
 --- UTM-X: 386968 UTM-Y: 4241940 Depth: 8.5 Value: 3.85 Station: CB5.1
 --- UTM-X: 386968 UTM-Y: 4241940 Depth: 9 Value: 2.4 Station: CB5.1
 --- UTM-X: 386968 UTM-Y: 4241940 Depth: 9.5 Value: 1.4 Station: CB5.1
 --- UTM-X: 386968 UTM-Y: 4241940 Depth: 10 Value: 0.4 Station: CB5.1
 --- UTM-X: 386968 UTM-Y: 4241940 Depth: 10.5 Value: 0.35 Station: CB5.1
 --- UTM-X: 386968 UTM-Y: 4241940 Depth: 11 Value: 0.3 Station: CB5.1
 --- UTM-X: 386968 UTM-Y: 4241940 Depth: 11.5 Value: 0.3 Station: CB5.1
 --- UTM-X: 386968 UTM-Y: 4241940 Depth: 12 Value: 0.3 Station: CB5.1
 --- UTM-X: 386968 UTM-Y: 4241940 Depth: 12.5 Value: 0.3 Station: CB5.1
 --- UTM-X: 386968 UTM-Y: 4241940 Depth: 13 Value: 0.3 Station: CB5.1
 --- UTM-X: 386968 UTM-Y: 4241940 Depth: 13.5 Value: 0.3 Station: CB5.1
 --- UTM-X: 386968 UTM-Y: 4241940 Depth: 14 Value: 0.3 Station: CB5.1
 --- UTM-X: 386968 UTM-Y: 4241940 Depth: 14.5 Value: 0.35 Station: CB5.1
 --- UTM-X: 386968 UTM-Y: 4241940 Depth: 15 Value: 0.4 Station: CB5.1
 --- UTM-X: 386968 UTM-Y: 4241940 Depth: 15.5 Value: 0.4 Station: CB5.1
 --- UTM-X: 386968 UTM-Y: 4241940 Depth: 16 Value: 0.4 Station: CB5.1
 --- UTM-X: 386968 UTM-Y: 4241940 Depth: 16.5 Value: 0.4 Station: CB5.1
 --- UTM-X: 386968 UTM-Y: 4241940 Depth: 17 Value: 0.4 Station: CB5.1
 --- UTM-X: 386968 UTM-Y: 4241940 Depth: 17.5 Value: 0.4 Station: CB5.1
 --- UTM-X: 386968 UTM-Y: 4241940 Depth: 18 Value: 0.4 Station: CB5.1
 --- UTM-X: 386968 UTM-Y: 4241940 Depth: 18.5 Value: 0.4 Station: CB5.1
 --- UTM-X: 386968 UTM-Y: 4241940 Depth: 19 Value: 0.4 Station: CB5.1
 --- UTM-X: 386968 UTM-Y: 4241940 Depth: 19.5 Value: 0.425 Station: CB5.1
 --- UTM-X: 386968 UTM-Y: 4241940 Depth: 20 Value: 0.45 Station: CB5.1
 --- UTM-X: 386968 UTM-Y: 4241940 Depth: 20.5 Value: 0.475 Station: CB5.1
 --- UTM-X: 386968 UTM-Y: 4241940 Depth: 21 Value: 0.5 Station: CB5.1
 --- UTM-X: 386968 UTM-Y: 4241940 Depth: 21.5 Value: 0.5 Station: CB5.1
 --- UTM-X: 386968 UTM-Y: 4241940 Depth: 22 Value: 0.5 Station: CB5.1
 --- UTM-X: 386968 UTM-Y: 4241940 Depth: 22.5 Value: 0.5 Station: CB5.1
 --- UTM-X: 386968 UTM-Y: 4241940 Depth: 23 Value: 0.5 Station: CB5.1
 --- UTM-X: 386968 UTM-Y: 4241940 Depth: 23.5 Value: 0.525 Station: CB5.1
 --- UTM-X: 386968 UTM-Y: 4241940 Depth: 24 Value: 0.55 Station: CB5.1
 --- UTM-X: 386968 UTM-Y: 4241940 Depth: 24.5 Value: 0.575 Station: CB5.1
 --- UTM-X: 386968 UTM-Y: 4241940 Depth: 25 Value: 0.6 Station: CB5.1
 --- UTM-X: 386968 UTM-Y: 4241940 Depth: 25.5 Value: 0.625 Station: CB5.1
 --- UTM-X: 386968 UTM-Y: 4241940 Depth: 26 Value: 0.65 Station: CB5.1
 --- UTM-X: 386968 UTM-Y: 4241940 Depth: 26.5 Value: 0.675 Station: CB5.1
 --- UTM-X: 386968 UTM-Y: 4241940 Depth: 27 Value: 0.7 Station: CB5.1
 --- UTM-X: 386968 UTM-Y: 4241940 Depth: 27.5 Value: 0.7 Station: CB5.1
 --- UTM-X: 386968 UTM-Y: 4241940 Depth: 28 Value: 0.7 Station: CB5.1
 --- UTM-X: 386968 UTM-Y: 4241940 Depth: 28.5 Value: 0.7 Station: CB5.1
 --- UTM-X: 386968 UTM-Y: 4241940 Depth: 29 Value: 0.7 Station: CB5.1
 --- UTM-X: 386968 UTM-Y: 4241940 Depth: 29.5 Value: 0.775 Station: CB5.1
 --- UTM-X: 386968 UTM-Y: 4241940 Depth: 30 Value: 0.85 Station: CB5.1
 --- UTM-X: 386968 UTM-Y: 4241940 Depth: 30.5 Value: 0.925 Station: CB5.1
 --- UTM-X: 386968 UTM-Y: 4241940 Depth: 31 Value: 1 Station: CB5.1
 --- UTM-X: 386968 UTM-Y: 4241940 Depth: 31.5 Value: 1 Station: CB5.1
 --- UTM-X: 386968 UTM-Y: 4241940 Depth: 32 Value: 1 Station: CB5.1
 --- UTM-X: 379767 UTM-Y: 4242784 Depth: 0 Value: 6.2 Station: CB5.1W
 --- UTM-X: 379767 UTM-Y: 4242784 Depth: 0.5 Value: 6.15 Station: CB5.1W
 --- UTM-X: 379767 UTM-Y: 4242784 Depth: 1 Value: 6.1 Station: CB5.1W
 --- UTM-X: 379767 UTM-Y: 4242784 Depth: 1.5 Value: 6 Station: CB5.1W
 --- UTM-X: 379767 UTM-Y: 4242784 Depth: 2 Value: 5.9 Station: CB5.1W
 --- UTM-X: 379767 UTM-Y: 4242784 Depth: 2.5 Value: 5.45 Station: CB5.1W
 --- UTM-X: 379767 UTM-Y: 4242784 Depth: 3 Value: 5 Station: CB5.1W
 --- UTM-X: 379767 UTM-Y: 4242784 Depth: 3.5 Value: 4.517 Station: CB5.1W
 --- UTM-X: 379767 UTM-Y: 4242784 Depth: 4 Value: 4.033 Station: CB5.1W
 --- UTM-X: 379767 UTM-Y: 4242784 Depth: 4.5 Value: 3.55 Station: CB5.1W
 --- UTM-X: 379767 UTM-Y: 4242784 Depth: 5 Value: 3.067 Station: CB5.1W
 --- UTM-X: 379767 UTM-Y: 4242784 Depth: 5.5 Value: 2.583 Station: CB5.1W
 --- UTM-X: 379767 UTM-Y: 4242784 Depth: 6 Value: 2.1 Station: CB5.1W
 --- UTM-X: 379767 UTM-Y: 4242784 Depth: 6.5 Value: 1.75 Station: CB5.1W
 --- UTM-X: 379767 UTM-Y: 4242784 Depth: 7 Value: 1.4 Station: CB5.1W
 --- UTM-X: 379767 UTM-Y: 4242784 Depth: 7.5 Value: 1.05 Station: CB5.1W
 --- UTM-X: 379767 UTM-Y: 4242784 Depth: 8 Value: 0.7 Station: CB5.1W
 --- UTM-X: 392384 UTM-Y: 4221705 Depth: 0 Value: 7.4 Station: CB5.2
 --- UTM-X: 392384 UTM-Y: 4221705 Depth: 0.5 Value: 7.4 Station: CB5.2
 --- UTM-X: 392384 UTM-Y: 4221705 Depth: 1 Value: 7.4 Station: CB5.2
 --- UTM-X: 392384 UTM-Y: 4221705 Depth: 1.5 Value: 7.4 Station: CB5.2
 --- UTM-X: 392384 UTM-Y: 4221705 Depth: 2 Value: 7.4 Station: CB5.2
 --- UTM-X: 392384 UTM-Y: 4221705 Depth: 2.5 Value: 7.35 Station: CB5.2
 --- UTM-X: 392384 UTM-Y: 4221705 Depth: 3 Value: 7.3 Station: CB5.2
 --- UTM-X: 392384 UTM-Y: 4221705 Depth: 3.5 Value: 7.25 Station: CB5.2
 --- UTM-X: 392384 UTM-Y: 4221705 Depth: 4 Value: 7.2 Station: CB5.2
 --- UTM-X: 392384 UTM-Y: 4221705 Depth: 4.5 Value: 7.05 Station: CB5.2
 --- UTM-X: 392384 UTM-Y: 4221705 Depth: 5 Value: 6.9 Station: CB5.2
 --- UTM-X: 392384 UTM-Y: 4221705 Depth: 5.5 Value: 6.25 Station: CB5.2
 --- UTM-X: 392384 UTM-Y: 4221705 Depth: 6 Value: 5.6 Station: CB5.2
 --- UTM-X: 392384 UTM-Y: 4221705 Depth: 6.5 Value: 4.3 Station: CB5.2
 --- UTM-X: 392384 UTM-Y: 4221705 Depth: 7 Value: 3 Station: CB5.2
 --- UTM-X: 392384 UTM-Y: 4221705 Depth: 7.5 Value: 1.55 Station: CB5.2
 --- UTM-X: 392384 UTM-Y: 4221705 Depth: 8 Value: 0.1 Station: CB5.2
 --- UTM-X: 392384 UTM-Y: 4221705 Depth: 8.5 Value: 0.1 Station: CB5.2
 --- UTM-X: 392384 UTM-Y: 4221705 Depth: 9 Value: 0.1 Station: CB5.2
 --- UTM-X: 392384 UTM-Y: 4221705 Depth: 9.5 Value: 0.2 Station: CB5.2
 --- UTM-X: 392384 UTM-Y: 4221705 Depth: 10 Value: 0.3 Station: CB5.2
 --- UTM-X: 392384 UTM-Y: 4221705 Depth: 10.5 Value: 0.3 Station: CB5.2
 --- UTM-X: 392384 UTM-Y: 4221705 Depth: 11 Value: 0.3 Station: CB5.2
 --- UTM-X: 392384 UTM-Y: 4221705 Depth: 11.5 Value: 0.25 Station: CB5.2
 --- UTM-X: 392384 UTM-Y: 4221705 Depth: 12 Value: 0.2 Station: CB5.2
 --- UTM-X: 392384 UTM-Y: 4221705 Depth: 12.5 Value: 0.2 Station: CB5.2
 --- UTM-X: 392384 UTM-Y: 4221705 Depth: 13 Value: 0.2 Station: CB5.2
 --- UTM-X: 392384 UTM-Y: 4221705 Depth: 13.5 Value: 0.15 Station: CB5.2
 --- UTM-X: 392384 UTM-Y: 4221705 Depth: 14 Value: 0.1 Station: CB5.2
 --- UTM-X: 392384 UTM-Y: 4221705 Depth: 14.5 Value: 0.1 Station: CB5.2
 --- UTM-X: 392384 UTM-Y: 4221705 Depth: 15 Value: 0.1 Station: CB5.2
 --- UTM-X: 392384 UTM-Y: 4221705 Depth: 15.5 Value: 0.1 Station: CB5.2
 --- UTM-X: 392384 UTM-Y: 4221705 Depth: 16 Value: 0.1 Station: CB5.2
 --- UTM-X: 392384 UTM-Y: 4221705 Depth: 16.5 Value: 0.15 Station: CB5.2
 --- UTM-X: 392384 UTM-Y: 4221705 Depth: 17 Value: 0.2 Station: CB5.2
 --- UTM-X: 392384 UTM-Y: 4221705 Depth: 17.5 Value: 0.2 Station: CB5.2
 --- UTM-X: 392384 UTM-Y: 4221705 Depth: 18 Value: 0.2 Station: CB5.2
 --- UTM-X: 392384 UTM-Y: 4221705 Depth: 18.5 Value: 0.2 Station: CB5.2
 --- UTM-X: 392384 UTM-Y: 4221705 Depth: 19 Value: 0.2 Station: CB5.2
 --- UTM-X: 392384 UTM-Y: 4221705 Depth: 19.5 Value: 0.2 Station: CB5.2
 --- UTM-X: 392384 UTM-Y: 4221705 Depth: 20 Value: 0.2 Station: CB5.2
 --- UTM-X: 392384 UTM-Y: 4221705 Depth: 20.5 Value: 0.2 Station: CB5.2
 --- UTM-X: 392384 UTM-Y: 4221705 Depth: 21 Value: 0.2 Station: CB5.2
 --- UTM-X: 392384 UTM-Y: 4221705 Depth: 21.5 Value: 0.2 Station: CB5.2
 --- UTM-X: 392384 UTM-Y: 4221705 Depth: 22 Value: 0.2 Station: CB5.2
 --- UTM-X: 392384 UTM-Y: 4221705 Depth: 22.5 Value: 0.2 Station: CB5.2
 --- UTM-X: 392384 UTM-Y: 4221705 Depth: 23 Value: 0.2 Station: CB5.2
 --- UTM-X: 392384 UTM-Y: 4221705 Depth: 23.5 Value: 0.2 Station: CB5.2
 --- UTM-X: 392384 UTM-Y: 4221705 Depth: 24 Value: 0.2 Station: CB5.2
 --- UTM-X: 392384 UTM-Y: 4221705 Depth: 24.5 Value: 0.2 Station: CB5.2
 --- UTM-X: 392384 UTM-Y: 4221705 Depth: 25 Value: 0.2 Station: CB5.2
 --- UTM-X: 392384 UTM-Y: 4221705 Depth: 25.5 Value: 0.2 Station: CB5.2
 --- UTM-X: 392384 UTM-Y: 4221705 Depth: 26 Value: 0.2 Station: CB5.2
 --- UTM-X: 392384 UTM-Y: 4221705 Depth: 26.5 Value: 0.2 Station: CB5.2
 --- UTM-X: 392384 UTM-Y: 4221705 Depth: 27 Value: 0.2 Station: CB5.2
 --- UTM-X: 392384 UTM-Y: 4221705 Depth: 27.5 Value: 0.2 Station: CB5.2
 --- UTM-X: 392384 UTM-Y: 4221705 Depth: 28 Value: 0.2 Station: CB5.2
 --- UTM-X: 397329 UTM-Y: 4196671 Depth: 0 Value: 7.7 Station: CB5.3
 --- UTM-X: 397329 UTM-Y: 4196671 Depth: 0.5 Value: 7.7 Station: CB5.3
 --- UTM-X: 397329 UTM-Y: 4196671 Depth: 1 Value: 7.7 Station: CB5.3
 --- UTM-X: 397329 UTM-Y: 4196671 Depth: 1.5 Value: 7.7 Station: CB5.3
 --- UTM-X: 397329 UTM-Y: 4196671 Depth: 2 Value: 7.7 Station: CB5.3
 --- UTM-X: 397329 UTM-Y: 4196671 Depth: 2.5 Value: 7.7 Station: CB5.3
 --- UTM-X: 397329 UTM-Y: 4196671 Depth: 3 Value: 7.7 Station: CB5.3
 --- UTM-X: 397329 UTM-Y: 4196671 Depth: 3.5 Value: 7.55 Station: CB5.3
 --- UTM-X: 397329 UTM-Y: 4196671 Depth: 4 Value: 7.4 Station: CB5.3
 --- UTM-X: 397329 UTM-Y: 4196671 Depth: 4.5 Value: 7.2 Station: CB5.3
 --- UTM-X: 397329 UTM-Y: 4196671 Depth: 5 Value: 7 Station: CB5.3
 --- UTM-X: 397329 UTM-Y: 4196671 Depth: 5.5 Value: 6.6 Station: CB5.3
 --- UTM-X: 397329 UTM-Y: 4196671 Depth: 6 Value: 6.2 Station: CB5.3
 --- UTM-X: 397329 UTM-Y: 4196671 Depth: 6.5 Value: 5.95 Station: CB5.3
 --- UTM-X: 397329 UTM-Y: 4196671 Depth: 7 Value: 5.7 Station: CB5.3
 --- UTM-X: 397329 UTM-Y: 4196671 Depth: 7.5 Value: 5.35 Station: CB5.3
 --- UTM-X: 397329 UTM-Y: 4196671 Depth: 8 Value: 5 Station: CB5.3
 --- UTM-X: 397329 UTM-Y: 4196671 Depth: 8.5 Value: 4.8 Station: CB5.3
 --- UTM-X: 397329 UTM-Y: 4196671 Depth: 9 Value: 4.6 Station: CB5.3
 --- UTM-X: 397329 UTM-Y: 4196671 Depth: 9.5 Value: 4 Station: CB5.3
 --- UTM-X: 397329 UTM-Y: 4196671 Depth: 10 Value: 3.4 Station: CB5.3
 --- UTM-X: 397329 UTM-Y: 4196671 Depth: 10.5 Value: 2.85 Station: CB5.3
 --- UTM-X: 397329 UTM-Y: 4196671 Depth: 11 Value: 2.3 Station: CB5.3
 --- UTM-X: 397329 UTM-Y: 4196671 Depth: 11.5 Value: 1.8 Station: CB5.3
 --- UTM-X: 397329 UTM-Y: 4196671 Depth: 12 Value: 1.3 Station: CB5.3
 --- UTM-X: 397329 UTM-Y: 4196671 Depth: 12.5 Value: 1.2 Station: CB5.3
 --- UTM-X: 397329 UTM-Y: 4196671 Depth: 13 Value: 1.1 Station: CB5.3
 --- UTM-X: 397329 UTM-Y: 4196671 Depth: 13.5 Value: 0.9 Station: CB5.3
 --- UTM-X: 397329 UTM-Y: 4196671 Depth: 14 Value: 0.7 Station: CB5.3
 --- UTM-X: 397329 UTM-Y: 4196671 Depth: 14.5 Value: 0.65 Station: CB5.3
 --- UTM-X: 397329 UTM-Y: 4196671 Depth: 15 Value: 0.6 Station: CB5.3
 --- UTM-X: 397329 UTM-Y: 4196671 Depth: 15.5 Value: 0.625 Station: CB5.3
 --- UTM-X: 397329 UTM-Y: 4196671 Depth: 16 Value: 0.65 Station: CB5.3
 --- UTM-X: 397329 UTM-Y: 4196671 Depth: 16.5 Value: 0.675 Station: CB5.3
 --- UTM-X: 397329 UTM-Y: 4196671 Depth: 17 Value: 0.7 Station: CB5.3
 --- UTM-X: 397329 UTM-Y: 4196671 Depth: 17.5 Value: 0.7 Station: CB5.3
 --- UTM-X: 397329 UTM-Y: 4196671 Depth: 18 Value: 0.7 Station: CB5.3
 --- UTM-X: 397329 UTM-Y: 4196671 Depth: 18.5 Value: 0.7 Station: CB5.3
 --- UTM-X: 397329 UTM-Y: 4196671 Depth: 19 Value: 0.7 Station: CB5.3
 --- UTM-X: 397329 UTM-Y: 4196671 Depth: 19.5 Value: 0.7 Station: CB5.3
 --- UTM-X: 397329 UTM-Y: 4196671 Depth: 20 Value: 0.7 Station: CB5.3
 --- UTM-X: 397329 UTM-Y: 4196671 Depth: 20.5 Value: 0.7 Station: CB5.3
 --- UTM-X: 397329 UTM-Y: 4196671 Depth: 21 Value: 0.7 Station: CB5.3
 --- UTM-X: 397329 UTM-Y: 4196671 Depth: 21.5 Value: 0.725 Station: CB5.3
 --- UTM-X: 397329 UTM-Y: 4196671 Depth: 22 Value: 0.75 Station: CB5.3
 --- UTM-X: 397329 UTM-Y: 4196671 Depth: 22.5 Value: 0.775 Station: CB5.3
 --- UTM-X: 397329 UTM-Y: 4196671 Depth: 23 Value: 0.8 Station: CB5.3
 --- UTM-X: 396587 UTM-Y: 4184289 Depth: 0 Value: 7.21 Station: CB5.4
 --- UTM-X: 396587 UTM-Y: 4184289 Depth: 0.5 Value: 7.21 Station: CB5.4
 --- UTM-X: 396587 UTM-Y: 4184289 Depth: 1 Value: 7.21 Station: CB5.4
 --- UTM-X: 396587 UTM-Y: 4184289 Depth: 1.5 Value: 7.155 Station: CB5.4
 --- UTM-X: 396587 UTM-Y: 4184289 Depth: 2 Value: 7.1 Station: CB5.4
 --- UTM-X: 396587 UTM-Y: 4184289 Depth: 2.5 Value: 7.13 Station: CB5.4
 --- UTM-X: 396587 UTM-Y: 4184289 Depth: 3 Value: 7.16 Station: CB5.4
 --- UTM-X: 396587 UTM-Y: 4184289 Depth: 3.5 Value: 6.31 Station: CB5.4
 --- UTM-X: 396587 UTM-Y: 4184289 Depth: 4 Value: 5.46 Station: CB5.4
 --- UTM-X: 396587 UTM-Y: 4184289 Depth: 4.5 Value: 6.12 Station: CB5.4
 --- UTM-X: 396587 UTM-Y: 4184289 Depth: 5 Value: 6.78 Station: CB5.4
 --- UTM-X: 396587 UTM-Y: 4184289 Depth: 5.5 Value: 4.305 Station: CB5.4
 --- UTM-X: 396587 UTM-Y: 4184289 Depth: 6 Value: 1.83 Station: CB5.4
 --- UTM-X: 396587 UTM-Y: 4184289 Depth: 6.5 Value: 1.73 Station: CB5.4
 --- UTM-X: 396587 UTM-Y: 4184289 Depth: 7 Value: 1.63 Station: CB5.4
 --- UTM-X: 396587 UTM-Y: 4184289 Depth: 7.5 Value: 1.615 Station: CB5.4
 --- UTM-X: 396587 UTM-Y: 4184289 Depth: 8 Value: 1.6 Station: CB5.4
 --- UTM-X: 396587 UTM-Y: 4184289 Depth: 8.5 Value: 1.175 Station: CB5.4
 --- UTM-X: 396587 UTM-Y: 4184289 Depth: 9 Value: 0.75 Station: CB5.4
 --- UTM-X: 396587 UTM-Y: 4184289 Depth: 9.5 Value: 0.56 Station: CB5.4
 --- UTM-X: 396587 UTM-Y: 4184289 Depth: 10 Value: 0.37 Station: CB5.4
 --- UTM-X: 396587 UTM-Y: 4184289 Depth: 10.5 Value: 0.35 Station: CB5.4
 --- UTM-X: 396587 UTM-Y: 4184289 Depth: 11 Value: 0.33 Station: CB5.4
 --- UTM-X: 396587 UTM-Y: 4184289 Depth: 11.5 Value: 0.315 Station: CB5.4
 --- UTM-X: 396587 UTM-Y: 4184289 Depth: 12 Value: 0.3 Station: CB5.4
 --- UTM-X: 396587 UTM-Y: 4184289 Depth: 12.5 Value: 0.375 Station: CB5.4
 --- UTM-X: 396587 UTM-Y: 4184289 Depth: 13 Value: 0.45 Station: CB5.4
 --- UTM-X: 396587 UTM-Y: 4184289 Depth: 13.5 Value: 0.39 Station: CB5.4
 --- UTM-X: 396587 UTM-Y: 4184289 Depth: 14 Value: 0.33 Station: CB5.4
 --- UTM-X: 396587 UTM-Y: 4184289 Depth: 14.5 Value: 0.4 Station: CB5.4
 --- UTM-X: 396587 UTM-Y: 4184289 Depth: 15 Value: 0.47 Station: CB5.4
 --- UTM-X: 396587 UTM-Y: 4184289 Depth: 15.5 Value: 0.515 Station: CB5.4
 --- UTM-X: 396587 UTM-Y: 4184289 Depth: 16 Value: 0.56 Station: CB5.4
 --- UTM-X: 396587 UTM-Y: 4184289 Depth: 16.5 Value: 0.54 Station: CB5.4
 --- UTM-X: 396587 UTM-Y: 4184289 Depth: 17 Value: 0.52 Station: CB5.4
 --- UTM-X: 396587 UTM-Y: 4184289 Depth: 17.5 Value: 0.575 Station: CB5.4
 --- UTM-X: 396587 UTM-Y: 4184289 Depth: 18 Value: 0.63 Station: CB5.4
 --- UTM-X: 396587 UTM-Y: 4184289 Depth: 18.5 Value: 0.69 Station: CB5.4
 --- UTM-X: 396587 UTM-Y: 4184289 Depth: 19 Value: 0.75 Station: CB5.4
 --- UTM-X: 396587 UTM-Y: 4184289 Depth: 19.5 Value: 0.765 Station: CB5.4
 --- UTM-X: 396587 UTM-Y: 4184289 Depth: 20 Value: 0.78 Station: CB5.4
 --- UTM-X: 396587 UTM-Y: 4184289 Depth: 20.5 Value: 0.845 Station: CB5.4
 --- UTM-X: 396587 UTM-Y: 4184289 Depth: 21 Value: 0.91 Station: CB5.4
 --- UTM-X: 396587 UTM-Y: 4184289 Depth: 21.5 Value: 0.965 Station: CB5.4
 --- UTM-X: 396587 UTM-Y: 4184289 Depth: 22 Value: 1.02 Station: CB5.4
 --- UTM-X: 396587 UTM-Y: 4184289 Depth: 22.5 Value: 1.065 Station: CB5.4
 --- UTM-X: 396587 UTM-Y: 4184289 Depth: 23 Value: 1.11 Station: CB5.4
 --- UTM-X: 396587 UTM-Y: 4184289 Depth: 23.5 Value: 1.25 Station: CB5.4
 --- UTM-X: 396587 UTM-Y: 4184289 Depth: 24 Value: 1.39 Station: CB5.4
 --- UTM-X: 396587 UTM-Y: 4184289 Depth: 24.5 Value: 1.435 Station: CB5.4
 --- UTM-X: 396587 UTM-Y: 4184289 Depth: 25 Value: 1.48 Station: CB5.4
 --- UTM-X: 396587 UTM-Y: 4184289 Depth: 25.5 Value: 1.435 Station: CB5.4
 --- UTM-X: 396587 UTM-Y: 4184289 Depth: 26 Value: 1.39 Station: CB5.4
 --- UTM-X: 396587 UTM-Y: 4184289 Depth: 26.5 Value: 1.455 Station: CB5.4
 --- UTM-X: 396587 UTM-Y: 4184289 Depth: 27 Value: 1.52 Station: CB5.4
 --- UTM-X: 396587 UTM-Y: 4184289 Depth: 27.5 Value: 1.525 Station: CB5.4
 --- UTM-X: 396587 UTM-Y: 4184289 Depth: 28 Value: 1.53 Station: CB5.4
 --- UTM-X: 396587 UTM-Y: 4184289 Depth: 28.5 Value: 1.545 Station: CB5.4
 --- UTM-X: 396587 UTM-Y: 4184289 Depth: 29 Value: 1.56 Station: CB5.4
 --- UTM-X: 396587 UTM-Y: 4184289 Depth: 29.5 Value: 1.55 Station: CB5.4
 --- UTM-X: 396587 UTM-Y: 4184289 Depth: 30 Value: 1.54 Station: CB5.4
 --- UTM-X: 386042 UTM-Y: 4185908 Depth: 0 Value: 5.67 Station: CB5.4W
 --- UTM-X: 386042 UTM-Y: 4185908 Depth: 0.5 Value: 5.67 Station: CB5.4W
 --- UTM-X: 386042 UTM-Y: 4185908 Depth: 1 Value: 5.67 Station: CB5.4W
 --- UTM-X: 386042 UTM-Y: 4185908 Depth: 1.5 Value: 5.375 Station: CB5.4W
 --- UTM-X: 386042 UTM-Y: 4185908 Depth: 2 Value: 5.08 Station: CB5.4W
 --- UTM-X: 386042 UTM-Y: 4185908 Depth: 2.5 Value: 4.82 Station: CB5.4W
 --- UTM-X: 386042 UTM-Y: 4185908 Depth: 3 Value: 4.56 Station: CB5.4W
 --- UTM-X: 395113 UTM-Y: 4172286 Depth: 0 Value: 7.59 Station: CB5.5
 --- UTM-X: 395113 UTM-Y: 4172286 Depth: 0.5 Value: 7.59 Station: CB5.5
 --- UTM-X: 395113 UTM-Y: 4172286 Depth: 1 Value: 7.59 Station: CB5.5
 --- UTM-X: 395113 UTM-Y: 4172286 Depth: 1.5 Value: 7.495 Station: CB5.5
 --- UTM-X: 395113 UTM-Y: 4172286 Depth: 2 Value: 7.4 Station: CB5.5
 --- UTM-X: 395113 UTM-Y: 4172286 Depth: 2.5 Value: 7.095 Station: CB5.5
 --- UTM-X: 395113 UTM-Y: 4172286 Depth: 3 Value: 6.79 Station: CB5.5
 --- UTM-X: 395113 UTM-Y: 4172286 Depth: 3.5 Value: 6.285 Station: CB5.5
 --- UTM-X: 395113 UTM-Y: 4172286 Depth: 4 Value: 5.78 Station: CB5.5
 --- UTM-X: 395113 UTM-Y: 4172286 Depth: 4.5 Value: 5.17 Station: CB5.5
 --- UTM-X: 395113 UTM-Y: 4172286 Depth: 5 Value: 4.56 Station: CB5.5
 --- UTM-X: 395113 UTM-Y: 4172286 Depth: 5.5 Value: 4.4 Station: CB5.5
 --- UTM-X: 395113 UTM-Y: 4172286 Depth: 6 Value: 4.24 Station: CB5.5
 --- UTM-X: 395113 UTM-Y: 4172286 Depth: 6.5 Value: 2.47 Station: CB5.5
 --- UTM-X: 395113 UTM-Y: 4172286 Depth: 7 Value: 0.7 Station: CB5.5
 --- UTM-X: 395113 UTM-Y: 4172286 Depth: 7.5 Value: 0.705 Station: CB5.5
 --- UTM-X: 395113 UTM-Y: 4172286 Depth: 8 Value: 0.71 Station: CB5.5
 --- UTM-X: 395113 UTM-Y: 4172286 Depth: 8.5 Value: 0.69 Station: CB5.5
 --- UTM-X: 395113 UTM-Y: 4172286 Depth: 9 Value: 0.67 Station: CB5.5
 --- UTM-X: 395113 UTM-Y: 4172286 Depth: 9.5 Value: 0.665 Station: CB5.5
 --- UTM-X: 395113 UTM-Y: 4172286 Depth: 10 Value: 0.66 Station: CB5.5
 --- UTM-X: 395113 UTM-Y: 4172286 Depth: 10.5 Value: 0.675 Station: CB5.5
 --- UTM-X: 395113 UTM-Y: 4172286 Depth: 11 Value: 0.69 Station: CB5.5
 --- UTM-X: 395113 UTM-Y: 4172286 Depth: 11.5 Value: 0.735 Station: CB5.5
 --- UTM-X: 395113 UTM-Y: 4172286 Depth: 12 Value: 0.78 Station: CB5.5
 --- UTM-X: 395113 UTM-Y: 4172286 Depth: 12.5 Value: 1.115 Station: CB5.5
 --- UTM-X: 395113 UTM-Y: 4172286 Depth: 13 Value: 1.45 Station: CB5.5
 --- UTM-X: 395113 UTM-Y: 4172286 Depth: 13.5 Value: 1.48 Station: CB5.5
 --- UTM-X: 395113 UTM-Y: 4172286 Depth: 14 Value: 1.51 Station: CB5.5
 --- UTM-X: 397396 UTM-Y: 4160791 Depth: 0 Value: 7.62 Station: CB6.1
 --- UTM-X: 397396 UTM-Y: 4160791 Depth: 0.5 Value: 7.62 Station: CB6.1
 --- UTM-X: 397396 UTM-Y: 4160791 Depth: 1 Value: 7.62 Station: CB6.1
 --- UTM-X: 397396 UTM-Y: 4160791 Depth: 1.5 Value: 7.63 Station: CB6.1
 --- UTM-X: 397396 UTM-Y: 4160791 Depth: 2 Value: 7.64 Station: CB6.1
 --- UTM-X: 397396 UTM-Y: 4160791 Depth: 2.5 Value: 7.55 Station: CB6.1
 --- UTM-X: 397396 UTM-Y: 4160791 Depth: 3 Value: 7.46 Station: CB6.1
 --- UTM-X: 397396 UTM-Y: 4160791 Depth: 3.5 Value: 7.4 Station: CB6.1
 --- UTM-X: 397396 UTM-Y: 4160791 Depth: 4 Value: 7.34 Station: CB6.1
 --- UTM-X: 397396 UTM-Y: 4160791 Depth: 4.5 Value: 7.29 Station: CB6.1
 --- UTM-X: 397396 UTM-Y: 4160791 Depth: 5 Value: 7.24 Station: CB6.1
 --- UTM-X: 397396 UTM-Y: 4160791 Depth: 5.5 Value: 6.965 Station: CB6.1
 --- UTM-X: 397396 UTM-Y: 4160791 Depth: 6 Value: 6.69 Station: CB6.1
 --- UTM-X: 397396 UTM-Y: 4160791 Depth: 6.5 Value: 4.68 Station: CB6.1
 --- UTM-X: 397396 UTM-Y: 4160791 Depth: 7 Value: 2.67 Station: CB6.1
 --- UTM-X: 397396 UTM-Y: 4160791 Depth: 7.5 Value: 1.82 Station: CB6.1
 --- UTM-X: 397396 UTM-Y: 4160791 Depth: 8 Value: 0.97 Station: CB6.1
 --- UTM-X: 397396 UTM-Y: 4160791 Depth: 8.5 Value: 0.95 Station: CB6.1
 --- UTM-X: 397396 UTM-Y: 4160791 Depth: 9 Value: 0.93 Station: CB6.1
 --- UTM-X: 397396 UTM-Y: 4160791 Depth: 9.5 Value: 0.96 Station: CB6.1
 --- UTM-X: 397396 UTM-Y: 4160791 Depth: 10 Value: 0.99 Station: CB6.1
 --- UTM-X: 397396 UTM-Y: 4160791 Depth: 10.5 Value: 1.035 Station: CB6.1
 --- UTM-X: 397396 UTM-Y: 4160791 Depth: 11 Value: 1.08 Station: CB6.1
 --- UTM-X: 397772 UTM-Y: 4149505 Depth: 0 Value: 6.74 Station: CB6.2
 --- UTM-X: 397772 UTM-Y: 4149505 Depth: 0.5 Value: 6.74 Station: CB6.2
 --- UTM-X: 397772 UTM-Y: 4149505 Depth: 1 Value: 6.74 Station: CB6.2
 --- UTM-X: 397772 UTM-Y: 4149505 Depth: 1.5 Value: 6.71 Station: CB6.2
 --- UTM-X: 397772 UTM-Y: 4149505 Depth: 2 Value: 6.68 Station: CB6.2
 --- UTM-X: 397772 UTM-Y: 4149505 Depth: 2.5 Value: 6.53 Station: CB6.2
 --- UTM-X: 397772 UTM-Y: 4149505 Depth: 3 Value: 6.38 Station: CB6.2
 --- UTM-X: 397772 UTM-Y: 4149505 Depth: 3.5 Value: 6.195 Station: CB6.2
 --- UTM-X: 397772 UTM-Y: 4149505 Depth: 4 Value: 6.01 Station: CB6.2
 --- UTM-X: 397772 UTM-Y: 4149505 Depth: 4.5 Value: 5.895 Station: CB6.2
 --- UTM-X: 397772 UTM-Y: 4149505 Depth: 5 Value: 5.78 Station: CB6.2
 --- UTM-X: 397772 UTM-Y: 4149505 Depth: 5.5 Value: 5.71 Station: CB6.2
 --- UTM-X: 397772 UTM-Y: 4149505 Depth: 6 Value: 5.64 Station: CB6.2
 --- UTM-X: 397772 UTM-Y: 4149505 Depth: 6.5 Value: 5.11 Station: CB6.2
 --- UTM-X: 397772 UTM-Y: 4149505 Depth: 7 Value: 4.58 Station: CB6.2
 --- UTM-X: 397772 UTM-Y: 4149505 Depth: 7.5 Value: 3.17 Station: CB6.2
 --- UTM-X: 397772 UTM-Y: 4149505 Depth: 8 Value: 1.76 Station: CB6.2
 --- UTM-X: 397772 UTM-Y: 4149505 Depth: 8.5 Value: 1.6 Station: CB6.2
 --- UTM-X: 397772 UTM-Y: 4149505 Depth: 9 Value: 1.44 Station: CB6.2
 --- UTM-X: 412737 UTM-Y: 4171156 Depth: 0 Value: 9.21 Station: CB7.1
 --- UTM-X: 412737 UTM-Y: 4171156 Depth: 0.5 Value: 9.21 Station: CB7.1
 --- UTM-X: 412737 UTM-Y: 4171156 Depth: 1 Value: 9.21 Station: CB7.1
 --- UTM-X: 412737 UTM-Y: 4171156 Depth: 1.5 Value: 9.205 Station: CB7.1
 --- UTM-X: 412737 UTM-Y: 4171156 Depth: 2 Value: 9.2 Station: CB7.1
 --- UTM-X: 412737 UTM-Y: 4171156 Depth: 2.5 Value: 8.675 Station: CB7.1
 --- UTM-X: 412737 UTM-Y: 4171156 Depth: 3 Value: 8.15 Station: CB7.1
 --- UTM-X: 412737 UTM-Y: 4171156 Depth: 3.5 Value: 7.725 Station: CB7.1
 --- UTM-X: 412737 UTM-Y: 4171156 Depth: 4 Value: 7.3 Station: CB7.1
 --- UTM-X: 412737 UTM-Y: 4171156 Depth: 4.5 Value: 7.08 Station: CB7.1
 --- UTM-X: 412737 UTM-Y: 4171156 Depth: 5 Value: 6.86 Station: CB7.1
 --- UTM-X: 412737 UTM-Y: 4171156 Depth: 5.5 Value: 6.27 Station: CB7.1
 --- UTM-X: 412737 UTM-Y: 4171156 Depth: 6 Value: 5.68 Station: CB7.1
 --- UTM-X: 412737 UTM-Y: 4171156 Depth: 6.5 Value: 5.185 Station: CB7.1
 --- UTM-X: 412737 UTM-Y: 4171156 Depth: 7 Value: 4.69 Station: CB7.1
 --- UTM-X: 412737 UTM-Y: 4171156 Depth: 7.5 Value: 4.25 Station: CB7.1
 --- UTM-X: 412737 UTM-Y: 4171156 Depth: 8 Value: 3.81 Station: CB7.1
 --- UTM-X: 412737 UTM-Y: 4171156 Depth: 8.5 Value: 3.38 Station: CB7.1
 --- UTM-X: 412737 UTM-Y: 4171156 Depth: 9 Value: 2.95 Station: CB7.1
 --- UTM-X: 412737 UTM-Y: 4171156 Depth: 9.5 Value: 2.705 Station: CB7.1
 --- UTM-X: 412737 UTM-Y: 4171156 Depth: 10 Value: 2.46 Station: CB7.1
 --- UTM-X: 412737 UTM-Y: 4171156 Depth: 10.5 Value: 2.555 Station: CB7.1
 --- UTM-X: 412737 UTM-Y: 4171156 Depth: 11 Value: 2.65 Station: CB7.1
 --- UTM-X: 412737 UTM-Y: 4171156 Depth: 11.5 Value: 2.35 Station: CB7.1
 --- UTM-X: 412737 UTM-Y: 4171156 Depth: 12 Value: 2.05 Station: CB7.1
 --- UTM-X: 412737 UTM-Y: 4171156 Depth: 12.5 Value: 2.075 Station: CB7.1
 --- UTM-X: 412737 UTM-Y: 4171156 Depth: 13 Value: 2.1 Station: CB7.1
 --- UTM-X: 412737 UTM-Y: 4171156 Depth: 13.5 Value: 2.16 Station: CB7.1
 --- UTM-X: 412737 UTM-Y: 4171156 Depth: 14 Value: 2.22 Station: CB7.1
 --- UTM-X: 412737 UTM-Y: 4171156 Depth: 14.5 Value: 2.285 Station: CB7.1
 --- UTM-X: 412737 UTM-Y: 4171156 Depth: 15 Value: 2.35 Station: CB7.1
 --- UTM-X: 412737 UTM-Y: 4171156 Depth: 15.5 Value: 2.425 Station: CB7.1
 --- UTM-X: 412737 UTM-Y: 4171156 Depth: 16 Value: 2.5 Station: CB7.1
 --- UTM-X: 414166 UTM-Y: 4181313 Depth: 0 Value: 8.01 Station: CB7.1N
 --- UTM-X: 414166 UTM-Y: 4181313 Depth: 0.5 Value: 8.01 Station: CB7.1N
 --- UTM-X: 414166 UTM-Y: 4181313 Depth: 1 Value: 8.01 Station: CB7.1N
 --- UTM-X: 414166 UTM-Y: 4181313 Depth: 1.5 Value: 7.92 Station: CB7.1N
 --- UTM-X: 414166 UTM-Y: 4181313 Depth: 2 Value: 7.83 Station: CB7.1N
 --- UTM-X: 414166 UTM-Y: 4181313 Depth: 2.5 Value: 7.835 Station: CB7.1N
 --- UTM-X: 414166 UTM-Y: 4181313 Depth: 3 Value: 7.84 Station: CB7.1N
 --- UTM-X: 414166 UTM-Y: 4181313 Depth: 3.5 Value: 7.87 Station: CB7.1N
 --- UTM-X: 414166 UTM-Y: 4181313 Depth: 4 Value: 7.9 Station: CB7.1N
 --- UTM-X: 414166 UTM-Y: 4181313 Depth: 4.5 Value: 7.925 Station: CB7.1N
 --- UTM-X: 414166 UTM-Y: 4181313 Depth: 5 Value: 7.95 Station: CB7.1N
 --- UTM-X: 414166 UTM-Y: 4181313 Depth: 5.5 Value: 7.935 Station: CB7.1N
 --- UTM-X: 414166 UTM-Y: 4181313 Depth: 6 Value: 7.92 Station: CB7.1N
 --- UTM-X: 414166 UTM-Y: 4181313 Depth: 6.5 Value: 7.905 Station: CB7.1N
 --- UTM-X: 414166 UTM-Y: 4181313 Depth: 7 Value: 7.89 Station: CB7.1N
 --- UTM-X: 414166 UTM-Y: 4181313 Depth: 7.5 Value: 7.875 Station: CB7.1N
 --- UTM-X: 414166 UTM-Y: 4181313 Depth: 8 Value: 7.86 Station: CB7.1N
 --- UTM-X: 414166 UTM-Y: 4181313 Depth: 8.5 Value: 7.835 Station: CB7.1N
 --- UTM-X: 414166 UTM-Y: 4181313 Depth: 9 Value: 7.81 Station: CB7.1N
 --- UTM-X: 414166 UTM-Y: 4181313 Depth: 9.5 Value: 7.78 Station: CB7.1N
 --- UTM-X: 414166 UTM-Y: 4181313 Depth: 10 Value: 7.75 Station: CB7.1N
 --- UTM-X: 414166 UTM-Y: 4181313 Depth: 10.5 Value: 7.68 Station: CB7.1N
 --- UTM-X: 414166 UTM-Y: 4181313 Depth: 11 Value: 7.61 Station: CB7.1N
 --- UTM-X: 414166 UTM-Y: 4181313 Depth: 11.5 Value: 7.555 Station: CB7.1N
 --- UTM-X: 414166 UTM-Y: 4181313 Depth: 12 Value: 7.5 Station: CB7.1N
 --- UTM-X: 414166 UTM-Y: 4181313 Depth: 12.5 Value: 7.32 Station: CB7.1N
 --- UTM-X: 414166 UTM-Y: 4181313 Depth: 13 Value: 7.14 Station: CB7.1N
 --- UTM-X: 414166 UTM-Y: 4181313 Depth: 13.5 Value: 6.01 Station: CB7.1N
 --- UTM-X: 414166 UTM-Y: 4181313 Depth: 14 Value: 4.88 Station: CB7.1N
 --- UTM-X: 414166 UTM-Y: 4181313 Depth: 14.5 Value: 4.865 Station: CB7.1N
 --- UTM-X: 414166 UTM-Y: 4181313 Depth: 15 Value: 4.85 Station: CB7.1N
 --- UTM-X: 414166 UTM-Y: 4181313 Depth: 15.5 Value: 4.865 Station: CB7.1N
 --- UTM-X: 414166 UTM-Y: 4181313 Depth: 16 Value: 4.88 Station: CB7.1N
 --- UTM-X: 414166 UTM-Y: 4181313 Depth: 16.5 Value: 4.885 Station: CB7.1N
 --- UTM-X: 414166 UTM-Y: 4181313 Depth: 17 Value: 4.89 Station: CB7.1N
 --- UTM-X: 414166 UTM-Y: 4181313 Depth: 17.5 Value: 4.87 Station: CB7.1N
 --- UTM-X: 414166 UTM-Y: 4181313 Depth: 18 Value: 4.85 Station: CB7.1N
 --- UTM-X: 414166 UTM-Y: 4181313 Depth: 18.5 Value: 4.76 Station: CB7.1N
 --- UTM-X: 414166 UTM-Y: 4181313 Depth: 19 Value: 4.67 Station: CB7.1N
 --- UTM-X: 414166 UTM-Y: 4181313 Depth: 19.5 Value: 4.525 Station: CB7.1N
 --- UTM-X: 414166 UTM-Y: 4181313 Depth: 20 Value: 4.38 Station: CB7.1N
 --- UTM-X: 414166 UTM-Y: 4181313 Depth: 20.5 Value: 4.315 Station: CB7.1N
 --- UTM-X: 414166 UTM-Y: 4181313 Depth: 21 Value: 4.25 Station: CB7.1N
 --- UTM-X: 414166 UTM-Y: 4181313 Depth: 21.5 Value: 4.07 Station: CB7.1N
 --- UTM-X: 414166 UTM-Y: 4181313 Depth: 22 Value: 3.89 Station: CB7.1N
 --- UTM-X: 414166 UTM-Y: 4181313 Depth: 22.5 Value: 3.895 Station: CB7.1N
 --- UTM-X: 414166 UTM-Y: 4181313 Depth: 23 Value: 3.9 Station: CB7.1N
 --- UTM-X: 414166 UTM-Y: 4181313 Depth: 23.5 Value: 3.935 Station: CB7.1N
 --- UTM-X: 414166 UTM-Y: 4181313 Depth: 24 Value: 3.97 Station: CB7.1N
 --- UTM-X: 406584 UTM-Y: 4159881 Depth: 0 Value: 8.11 Station: CB7.1S
 --- UTM-X: 406584 UTM-Y: 4159881 Depth: 0.5 Value: 8.11 Station: CB7.1S
 --- UTM-X: 406584 UTM-Y: 4159881 Depth: 1 Value: 8.11 Station: CB7.1S
 --- UTM-X: 406584 UTM-Y: 4159881 Depth: 1.5 Value: 8.165 Station: CB7.1S
 --- UTM-X: 406584 UTM-Y: 4159881 Depth: 2 Value: 8.22 Station: CB7.1S
 --- UTM-X: 406584 UTM-Y: 4159881 Depth: 2.5 Value: 7.98 Station: CB7.1S
 --- UTM-X: 406584 UTM-Y: 4159881 Depth: 3 Value: 7.74 Station: CB7.1S
 --- UTM-X: 406584 UTM-Y: 4159881 Depth: 3.5 Value: 7.58 Station: CB7.1S
 --- UTM-X: 406584 UTM-Y: 4159881 Depth: 4 Value: 7.42 Station: CB7.1S
 --- UTM-X: 406584 UTM-Y: 4159881 Depth: 4.5 Value: 7.325 Station: CB7.1S
 --- UTM-X: 406584 UTM-Y: 4159881 Depth: 5 Value: 7.23 Station: CB7.1S
 --- UTM-X: 406584 UTM-Y: 4159881 Depth: 5.5 Value: 7.01 Station: CB7.1S
 --- UTM-X: 406584 UTM-Y: 4159881 Depth: 6 Value: 6.79 Station: CB7.1S
 --- UTM-X: 406584 UTM-Y: 4159881 Depth: 6.5 Value: 5.48 Station: CB7.1S
 --- UTM-X: 406584 UTM-Y: 4159881 Depth: 7 Value: 4.17 Station: CB7.1S
 --- UTM-X: 406584 UTM-Y: 4159881 Depth: 7.5 Value: 4.135 Station: CB7.1S
 --- UTM-X: 406584 UTM-Y: 4159881 Depth: 8 Value: 4.1 Station: CB7.1S
 --- UTM-X: 406584 UTM-Y: 4159881 Depth: 8.5 Value: 4.09 Station: CB7.1S
 --- UTM-X: 406584 UTM-Y: 4159881 Depth: 9 Value: 4.08 Station: CB7.1S
 --- UTM-X: 406584 UTM-Y: 4159881 Depth: 9.5 Value: 4.015 Station: CB7.1S
 --- UTM-X: 406584 UTM-Y: 4159881 Depth: 10 Value: 3.95 Station: CB7.1S
 --- UTM-X: 406584 UTM-Y: 4159881 Depth: 10.5 Value: 3.595 Station: CB7.1S
 --- UTM-X: 406584 UTM-Y: 4159881 Depth: 11 Value: 3.24 Station: CB7.1S
 --- UTM-X: 406584 UTM-Y: 4159881 Depth: 11.5 Value: 3.255 Station: CB7.1S
 --- UTM-X: 406584 UTM-Y: 4159881 Depth: 12 Value: 3.27 Station: CB7.1S
 --- UTM-X: 406584 UTM-Y: 4159881 Depth: 12.5 Value: 3.27 Station: CB7.1S
 --- UTM-X: 406584 UTM-Y: 4159881 Depth: 13 Value: 3.27 Station: CB7.1S
 --- UTM-X: 406584 UTM-Y: 4159881 Depth: 13.5 Value: 3.265 Station: CB7.1S
 --- UTM-X: 406584 UTM-Y: 4159881 Depth: 14 Value: 3.26 Station: CB7.1S
 --- UTM-X: 406584 UTM-Y: 4159881 Depth: 14.5 Value: 3.275 Station: CB7.1S
 --- UTM-X: 406584 UTM-Y: 4159881 Depth: 15 Value: 3.29 Station: CB7.1S
 --- UTM-X: 406584 UTM-Y: 4159881 Depth: 15.5 Value: 3.31 Station: CB7.1S
 --- UTM-X: 406584 UTM-Y: 4159881 Depth: 16 Value: 3.33 Station: CB7.1S
 --- UTM-X: 385995 UTM-Y: 4265816 Depth: 0 Value: 7.3 Station: EE2.2
 --- UTM-X: 385995 UTM-Y: 4265816 Depth: 0.5 Value: 7.3 Station: EE2.2
 --- UTM-X: 385995 UTM-Y: 4265816 Depth: 1 Value: 7.3 Station: EE2.2
 --- UTM-X: 385995 UTM-Y: 4265816 Depth: 1.5 Value: 7.25 Station: EE2.2
 --- UTM-X: 385995 UTM-Y: 4265816 Depth: 2 Value: 7.2 Station: EE2.2
 --- UTM-X: 385995 UTM-Y: 4265816 Depth: 2.5 Value: 7.15 Station: EE2.2
 --- UTM-X: 385995 UTM-Y: 4265816 Depth: 3 Value: 7.1 Station: EE2.2
 --- UTM-X: 385995 UTM-Y: 4265816 Depth: 3.5 Value: 7.05 Station: EE2.2
 --- UTM-X: 385995 UTM-Y: 4265816 Depth: 4 Value: 7 Station: EE2.2
 --- UTM-X: 385995 UTM-Y: 4265816 Depth: 4.5 Value: 6.8 Station: EE2.2
 --- UTM-X: 385995 UTM-Y: 4265816 Depth: 5 Value: 6.6 Station: EE2.2
 --- UTM-X: 385995 UTM-Y: 4265816 Depth: 5.5 Value: 4.45 Station: EE2.2
 --- UTM-X: 385995 UTM-Y: 4265816 Depth: 6 Value: 2.3 Station: EE2.2
 --- UTM-X: 385995 UTM-Y: 4265816 Depth: 6.5 Value: 1.25 Station: EE2.2
 --- UTM-X: 385995 UTM-Y: 4265816 Depth: 7 Value: 0.2 Station: EE2.2
 --- UTM-X: 385995 UTM-Y: 4265816 Depth: 7.5 Value: 0.15 Station: EE2.2
 --- UTM-X: 385995 UTM-Y: 4265816 Depth: 8 Value: 0.1 Station: EE2.2
 --- UTM-X: 385995 UTM-Y: 4265816 Depth: 8.5 Value: 0.1 Station: EE2.2
 --- UTM-X: 385995 UTM-Y: 4265816 Depth: 9 Value: 0.1 Station: EE2.2
 --- UTM-X: 385995 UTM-Y: 4265816 Depth: 9.5 Value: 0.1 Station: EE2.2
 --- UTM-X: 375738 UTM-Y: 4241396 Depth: 0 Value: 6.6 Station: LE1.4
 --- UTM-X: 375738 UTM-Y: 4241396 Depth: 0.5 Value: 6.6 Station: LE1.4
 --- UTM-X: 375738 UTM-Y: 4241396 Depth: 1 Value: 6.6 Station: LE1.4
 --- UTM-X: 375738 UTM-Y: 4241396 Depth: 1.5 Value: 6.55 Station: LE1.4
 --- UTM-X: 375738 UTM-Y: 4241396 Depth: 2 Value: 6.5 Station: LE1.4
 --- UTM-X: 375738 UTM-Y: 4241396 Depth: 2.5 Value: 6.45 Station: LE1.4
 --- UTM-X: 375738 UTM-Y: 4241396 Depth: 3 Value: 6.4 Station: LE1.4
 --- UTM-X: 375738 UTM-Y: 4241396 Depth: 3.5 Value: 6.35 Station: LE1.4
 --- UTM-X: 375738 UTM-Y: 4241396 Depth: 4 Value: 6.3 Station: LE1.4
 --- UTM-X: 375738 UTM-Y: 4241396 Depth: 4.5 Value: 6.25 Station: LE1.4
 --- UTM-X: 375738 UTM-Y: 4241396 Depth: 5 Value: 6.2 Station: LE1.4
 --- UTM-X: 375738 UTM-Y: 4241396 Depth: 5.5 Value: 6.15 Station: LE1.4
 --- UTM-X: 375738 UTM-Y: 4241396 Depth: 6 Value: 6.1 Station: LE1.4
 --- UTM-X: 375738 UTM-Y: 4241396 Depth: 6.5 Value: 5.383 Station: LE1.4
 --- UTM-X: 375738 UTM-Y: 4241396 Depth: 7 Value: 4.667 Station: LE1.4
 --- UTM-X: 375738 UTM-Y: 4241396 Depth: 7.5 Value: 3.95 Station: LE1.4
 --- UTM-X: 375738 UTM-Y: 4241396 Depth: 8 Value: 3.233 Station: LE1.4
 --- UTM-X: 375738 UTM-Y: 4241396 Depth: 8.5 Value: 2.517 Station: LE1.4
 --- UTM-X: 375738 UTM-Y: 4241396 Depth: 9 Value: 1.8 Station: LE1.4
 --- UTM-X: 375738 UTM-Y: 4241396 Depth: 9.5 Value: 1.6 Station: LE1.4
 --- UTM-X: 375738 UTM-Y: 4241396 Depth: 10 Value: 1.4 Station: LE1.4
 --- UTM-X: 375738 UTM-Y: 4241396 Depth: 10.5 Value: 1.2 Station: LE1.4
 --- UTM-X: 375738 UTM-Y: 4241396 Depth: 11 Value: 1 Station: LE1.4
 --- UTM-X: 375738 UTM-Y: 4241396 Depth: 11.5 Value: 0.8 Station: LE1.4
 --- UTM-X: 375738 UTM-Y: 4241396 Depth: 12 Value: 0.6 Station: LE1.4
 --- UTM-X: 375738 UTM-Y: 4241396 Depth: 12.5 Value: 0.55 Station: LE1.4
 --- UTM-X: 375738 UTM-Y: 4241396 Depth: 13 Value: 0.5 Station: LE1.4
 --- UTM-X: 375738 UTM-Y: 4241396 Depth: 13.5 Value: 0.45 Station: LE1.4
 --- UTM-X: 375738 UTM-Y: 4241396 Depth: 14 Value: 0.4 Station: LE1.4
 --- UTM-X: 381705 UTM-Y: 4209059 Depth: 0 Value: 7.3 Station: LE2.3
 --- UTM-X: 381705 UTM-Y: 4209059 Depth: 0.5 Value: 7.2 Station: LE2.3
 --- UTM-X: 381705 UTM-Y: 4209059 Depth: 1 Value: 7.1 Station: LE2.3
 --- UTM-X: 381705 UTM-Y: 4209059 Depth: 1.5 Value: 6.85 Station: LE2.3
 --- UTM-X: 381705 UTM-Y: 4209059 Depth: 2 Value: 6.6 Station: LE2.3
 --- UTM-X: 381705 UTM-Y: 4209059 Depth: 2.5 Value: 6.45 Station: LE2.3
 --- UTM-X: 381705 UTM-Y: 4209059 Depth: 3 Value: 6.3 Station: LE2.3
 --- UTM-X: 381705 UTM-Y: 4209059 Depth: 3.5 Value: 6.15 Station: LE2.3
 --- UTM-X: 381705 UTM-Y: 4209059 Depth: 4 Value: 6 Station: LE2.3
 --- UTM-X: 381705 UTM-Y: 4209059 Depth: 4.5 Value: 5.65 Station: LE2.3
 --- UTM-X: 381705 UTM-Y: 4209059 Depth: 5 Value: 5.3 Station: LE2.3
 --- UTM-X: 381705 UTM-Y: 4209059 Depth: 5.5 Value: 5.2 Station: LE2.3
 --- UTM-X: 381705 UTM-Y: 4209059 Depth: 6 Value: 5.1 Station: LE2.3
 --- UTM-X: 381705 UTM-Y: 4209059 Depth: 6.5 Value: 4.85 Station: LE2.3
 --- UTM-X: 381705 UTM-Y: 4209059 Depth: 7 Value: 4.6 Station: LE2.3
 --- UTM-X: 381705 UTM-Y: 4209059 Depth: 7.5 Value: 2.7 Station: LE2.3
 --- UTM-X: 381705 UTM-Y: 4209059 Depth: 8 Value: 0.8 Station: LE2.3
 --- UTM-X: 381705 UTM-Y: 4209059 Depth: 8.5 Value: 0.6 Station: LE2.3
 --- UTM-X: 381705 UTM-Y: 4209059 Depth: 9 Value: 0.4 Station: LE2.3
 --- UTM-X: 381705 UTM-Y: 4209059 Depth: 9.5 Value: 0.25 Station: LE2.3
 --- UTM-X: 381705 UTM-Y: 4209059 Depth: 10 Value: 0.1 Station: LE2.3
 --- UTM-X: 381705 UTM-Y: 4209059 Depth: 10.5 Value: 0.1 Station: LE2.3
 --- UTM-X: 381705 UTM-Y: 4209059 Depth: 11 Value: 0.1 Station: LE2.3
 --- UTM-X: 381705 UTM-Y: 4209059 Depth: 11.5 Value: 0.1 Station: LE2.3
 --- UTM-X: 381705 UTM-Y: 4209059 Depth: 12 Value: 0.1 Station: LE2.3
 --- UTM-X: 381705 UTM-Y: 4209059 Depth: 12.5 Value: 0.1 Station: LE2.3
 --- UTM-X: 381705 UTM-Y: 4209059 Depth: 13 Value: 0.1 Station: LE2.3
 --- UTM-X: 381705 UTM-Y: 4209059 Depth: 13.5 Value: 0.1 Station: LE2.3
 --- UTM-X: 381705 UTM-Y: 4209059 Depth: 14 Value: 0.1 Station: LE2.3
 --- UTM-X: 381705 UTM-Y: 4209059 Depth: 14.5 Value: 0.1 Station: LE2.3
 --- UTM-X: 381705 UTM-Y: 4209059 Depth: 15 Value: 0.1 Station: LE2.3
 --- UTM-X: 381705 UTM-Y: 4209059 Depth: 15.5 Value: 0.125 Station: LE2.3
 --- UTM-X: 381705 UTM-Y: 4209059 Depth: 16 Value: 0.15 Station: LE2.3
 --- UTM-X: 381705 UTM-Y: 4209059 Depth: 16.5 Value: 0.175 Station: LE2.3
 --- UTM-X: 381705 UTM-Y: 4209059 Depth: 17 Value: 0.2 Station: LE2.3
 --- UTM-X: 370134 UTM-Y: 4172827 Depth: 0 Value: 7.22 Station: LE3.3
 --- UTM-X: 370134 UTM-Y: 4172827 Depth: 0.5 Value: 7.22 Station: LE3.3
 --- UTM-X: 370134 UTM-Y: 4172827 Depth: 1 Value: 7.22 Station: LE3.3
 --- UTM-X: 370134 UTM-Y: 4172827 Depth: 1.5 Value: 7.075 Station: LE3.3
 --- UTM-X: 370134 UTM-Y: 4172827 Depth: 2 Value: 6.93 Station: LE3.3
 --- UTM-X: 370134 UTM-Y: 4172827 Depth: 2.5 Value: 6.875 Station: LE3.3
 --- UTM-X: 370134 UTM-Y: 4172827 Depth: 3 Value: 6.82 Station: LE3.3
 --- UTM-X: 370134 UTM-Y: 4172827 Depth: 3.5 Value: 6.57 Station: LE3.3
 --- UTM-X: 370134 UTM-Y: 4172827 Depth: 4 Value: 6.32 Station: LE3.3
 --- UTM-X: 370134 UTM-Y: 4172827 Depth: 4.5 Value: 5.815 Station: LE3.3
 --- UTM-X: 370134 UTM-Y: 4172827 Depth: 5 Value: 5.31 Station: LE3.3
 --- UTM-X: 370912 UTM-Y: 4166156 Depth: 0 Value: 8.22 Station: LE3.4
 --- UTM-X: 370912 UTM-Y: 4166156 Depth: 0.5 Value: 8.22 Station: LE3.4
 --- UTM-X: 370912 UTM-Y: 4166156 Depth: 1 Value: 8.22 Station: LE3.4
 --- UTM-X: 370912 UTM-Y: 4166156 Depth: 1.5 Value: 7.98 Station: LE3.4
 --- UTM-X: 370912 UTM-Y: 4166156 Depth: 2 Value: 7.74 Station: LE3.4
 --- UTM-X: 370912 UTM-Y: 4166156 Depth: 2.5 Value: 7.7 Station: LE3.4
 --- UTM-X: 370912 UTM-Y: 4166156 Depth: 3 Value: 7.66 Station: LE3.4
 --- UTM-X: 370912 UTM-Y: 4166156 Depth: 3.5 Value: 7.575 Station: LE3.4
 --- UTM-X: 370912 UTM-Y: 4166156 Depth: 4 Value: 7.49 Station: LE3.4
 --- UTM-X: 370912 UTM-Y: 4166156 Depth: 4.5 Value: 7.29 Station: LE3.4
 --- UTM-X: 370912 UTM-Y: 4166156 Depth: 5 Value: 7.09 Station: LE3.4
 --- UTM-X: 370912 UTM-Y: 4166156 Depth: 5.5 Value: 6.805 Station: LE3.4
 --- UTM-X: 370912 UTM-Y: 4166156 Depth: 6 Value: 6.52 Station: LE3.4
 --- UTM-X: 370912 UTM-Y: 4166156 Depth: 6.5 Value: 4.885 Station: LE3.4
 --- UTM-X: 370912 UTM-Y: 4166156 Depth: 7 Value: 3.25 Station: LE3.4
 --- UTM-X: 370912 UTM-Y: 4166156 Depth: 7.5 Value: 2.355 Station: LE3.4
 --- UTM-X: 370912 UTM-Y: 4166156 Depth: 8 Value: 1.46 Station: LE3.4
 --- UTM-X: 370912 UTM-Y: 4166156 Depth: 8.5 Value: 0.925 Station: LE3.4
 --- UTM-X: 370912 UTM-Y: 4166156 Depth: 9 Value: 0.39 Station: LE3.4
 --- UTM-X: 370912 UTM-Y: 4166156 Depth: 9.5 Value: 0.23 Station: LE3.4
 --- UTM-X: 370912 UTM-Y: 4166156 Depth: 10 Value: 0.07 Station: LE3.4
 --- UTM-X: 370912 UTM-Y: 4166156 Depth: 10.5 Value: 0.055 Station: LE3.4
 --- UTM-X: 370912 UTM-Y: 4166156 Depth: 11 Value: 0.04 Station: LE3.4
 --- UTM-X: 370912 UTM-Y: 4166156 Depth: 11.5 Value: 0.04 Station: LE3.4
 --- UTM-X: 370912 UTM-Y: 4166156 Depth: 12 Value: 0.04 Station: LE3.4
 --- UTM-X: 370912 UTM-Y: 4166156 Depth: 12.5 Value: 0.04 Station: LE3.4
 --- UTM-X: 370912 UTM-Y: 4166156 Depth: 13 Value: 0.04 Station: LE3.4
 --- UTM-X: 370912 UTM-Y: 4166156 Depth: 13.5 Value: 0.045 Station: LE3.4
 --- UTM-X: 370912 UTM-Y: 4166156 Depth: 14 Value: 0.05 Station: LE3.4
 --- UTM-X: 370912 UTM-Y: 4166156 Depth: 14.5 Value: 0.07 Station: LE3.4
 --- UTM-X: 370912 UTM-Y: 4166156 Depth: 15 Value: 0.09 Station: LE3.4
 --- UTM-X: 386593 UTM-Y: 4161856 Depth: 0 Value: 7.08 Station: LE3.6
 --- UTM-X: 386593 UTM-Y: 4161856 Depth: 0.5 Value: 7.08 Station: LE3.6
 --- UTM-X: 386593 UTM-Y: 4161856 Depth: 1 Value: 7.08 Station: LE3.6
 --- UTM-X: 386593 UTM-Y: 4161856 Depth: 1.5 Value: 7.065 Station: LE3.6
 --- UTM-X: 386593 UTM-Y: 4161856 Depth: 2 Value: 7.05 Station: LE3.6
 --- UTM-X: 386593 UTM-Y: 4161856 Depth: 2.5 Value: 6.99 Station: LE3.6
 --- UTM-X: 386593 UTM-Y: 4161856 Depth: 3 Value: 6.93 Station: LE3.6
 --- UTM-X: 386593 UTM-Y: 4161856 Depth: 3.5 Value: 6.595 Station: LE3.6
 --- UTM-X: 386593 UTM-Y: 4161856 Depth: 4 Value: 6.26 Station: LE3.6
 --- UTM-X: 386593 UTM-Y: 4161856 Depth: 4.5 Value: 6.21 Station: LE3.6
 --- UTM-X: 386593 UTM-Y: 4161856 Depth: 5 Value: 6.16 Station: LE3.6
 --- UTM-X: 386593 UTM-Y: 4161856 Depth: 5.5 Value: 5.505 Station: LE3.6
 --- UTM-X: 386593 UTM-Y: 4161856 Depth: 6 Value: 4.85 Station: LE3.6
 --- UTM-X: 386593 UTM-Y: 4161856 Depth: 6.5 Value: 4.105 Station: LE3.6
 --- UTM-X: 386593 UTM-Y: 4161856 Depth: 7 Value: 3.36 Station: LE3.6
 --- UTM-X: 386593 UTM-Y: 4161856 Depth: 7.5 Value: 2.895 Station: LE3.6
 --- UTM-X: 386593 UTM-Y: 4161856 Depth: 8 Value: 2.43 Station: LE3.6
 --- UTM-X: 384553 UTM-Y: 4154548 Depth: 0 Value: 7.3 Station: LE3.7
 --- UTM-X: 384553 UTM-Y: 4154548 Depth: 0.5 Value: 7.3 Station: LE3.7
 --- UTM-X: 384553 UTM-Y: 4154548 Depth: 1 Value: 7.3 Station: LE3.7
 --- UTM-X: 384553 UTM-Y: 4154548 Depth: 1.5 Value: 6.81 Station: LE3.7
 --- UTM-X: 384553 UTM-Y: 4154548 Depth: 2 Value: 6.32 Station: LE3.7
 --- UTM-X: 384553 UTM-Y: 4154548 Depth: 2.5 Value: 6.2 Station: LE3.7
 --- UTM-X: 384553 UTM-Y: 4154548 Depth: 3 Value: 6.08 Station: LE3.7
 --- UTM-X: 384553 UTM-Y: 4154548 Depth: 3.5 Value: 5.865 Station: LE3.7
 --- UTM-X: 384553 UTM-Y: 4154548 Depth: 4 Value: 5.65 Station: LE3.7
 --- UTM-X: 384553 UTM-Y: 4154548 Depth: 4.5 Value: 5.355 Station: LE3.7
 --- UTM-X: 384553 UTM-Y: 4154548 Depth: 5 Value: 5.06 Station: LE3.7
 --- 15416 cells were interpolated in region CB5MH.  Subtotal: 28641 total cells.
 ---- Region was calculated in 0 seconds. Segment volume (m^3) = 15416000000
 
 - Bathymetry Region ID: 1006  Region Name: CB6PH  Data Points: 552 in data region 1006
 -- Cell Size  E-W: 1000  N-S: 1000  Vertical: 1
 --- Data in Region ---
 --- UTM-X: 396587 UTM-Y: 4184289 Depth: 0 Value: 7.21 Station: CB5.4
 --- UTM-X: 396587 UTM-Y: 4184289 Depth: 0.5 Value: 7.21 Station: CB5.4
 --- UTM-X: 396587 UTM-Y: 4184289 Depth: 1 Value: 7.21 Station: CB5.4
 --- UTM-X: 396587 UTM-Y: 4184289 Depth: 1.5 Value: 7.155 Station: CB5.4
 --- UTM-X: 396587 UTM-Y: 4184289 Depth: 2 Value: 7.1 Station: CB5.4
 --- UTM-X: 396587 UTM-Y: 4184289 Depth: 2.5 Value: 7.13 Station: CB5.4
 --- UTM-X: 396587 UTM-Y: 4184289 Depth: 3 Value: 7.16 Station: CB5.4
 --- UTM-X: 396587 UTM-Y: 4184289 Depth: 3.5 Value: 6.31 Station: CB5.4
 --- UTM-X: 396587 UTM-Y: 4184289 Depth: 4 Value: 5.46 Station: CB5.4
 --- UTM-X: 396587 UTM-Y: 4184289 Depth: 4.5 Value: 6.12 Station: CB5.4
 --- UTM-X: 396587 UTM-Y: 4184289 Depth: 5 Value: 6.78 Station: CB5.4
 --- UTM-X: 396587 UTM-Y: 4184289 Depth: 5.5 Value: 4.305 Station: CB5.4
 --- UTM-X: 396587 UTM-Y: 4184289 Depth: 6 Value: 1.83 Station: CB5.4
 --- UTM-X: 396587 UTM-Y: 4184289 Depth: 6.5 Value: 1.73 Station: CB5.4
 --- UTM-X: 396587 UTM-Y: 4184289 Depth: 7 Value: 1.63 Station: CB5.4
 --- UTM-X: 396587 UTM-Y: 4184289 Depth: 7.5 Value: 1.615 Station: CB5.4
 --- UTM-X: 396587 UTM-Y: 4184289 Depth: 8 Value: 1.6 Station: CB5.4
 --- UTM-X: 396587 UTM-Y: 4184289 Depth: 8.5 Value: 1.175 Station: CB5.4
 --- UTM-X: 396587 UTM-Y: 4184289 Depth: 9 Value: 0.75 Station: CB5.4
 --- UTM-X: 396587 UTM-Y: 4184289 Depth: 9.5 Value: 0.56 Station: CB5.4
 --- UTM-X: 396587 UTM-Y: 4184289 Depth: 10 Value: 0.37 Station: CB5.4
 --- UTM-X: 396587 UTM-Y: 4184289 Depth: 10.5 Value: 0.35 Station: CB5.4
 --- UTM-X: 396587 UTM-Y: 4184289 Depth: 11 Value: 0.33 Station: CB5.4
 --- UTM-X: 396587 UTM-Y: 4184289 Depth: 11.5 Value: 0.315 Station: CB5.4
 --- UTM-X: 396587 UTM-Y: 4184289 Depth: 12 Value: 0.3 Station: CB5.4
 --- UTM-X: 396587 UTM-Y: 4184289 Depth: 12.5 Value: 0.375 Station: CB5.4
 --- UTM-X: 396587 UTM-Y: 4184289 Depth: 13 Value: 0.45 Station: CB5.4
 --- UTM-X: 396587 UTM-Y: 4184289 Depth: 13.5 Value: 0.39 Station: CB5.4
 --- UTM-X: 396587 UTM-Y: 4184289 Depth: 14 Value: 0.33 Station: CB5.4
 --- UTM-X: 396587 UTM-Y: 4184289 Depth: 14.5 Value: 0.4 Station: CB5.4
 --- UTM-X: 396587 UTM-Y: 4184289 Depth: 15 Value: 0.47 Station: CB5.4
 --- UTM-X: 396587 UTM-Y: 4184289 Depth: 15.5 Value: 0.515 Station: CB5.4
 --- UTM-X: 396587 UTM-Y: 4184289 Depth: 16 Value: 0.56 Station: CB5.4
 --- UTM-X: 396587 UTM-Y: 4184289 Depth: 16.5 Value: 0.54 Station: CB5.4
 --- UTM-X: 396587 UTM-Y: 4184289 Depth: 17 Value: 0.52 Station: CB5.4
 --- UTM-X: 396587 UTM-Y: 4184289 Depth: 17.5 Value: 0.575 Station: CB5.4
 --- UTM-X: 396587 UTM-Y: 4184289 Depth: 18 Value: 0.63 Station: CB5.4
 --- UTM-X: 396587 UTM-Y: 4184289 Depth: 18.5 Value: 0.69 Station: CB5.4
 --- UTM-X: 396587 UTM-Y: 4184289 Depth: 19 Value: 0.75 Station: CB5.4
 --- UTM-X: 396587 UTM-Y: 4184289 Depth: 19.5 Value: 0.765 Station: CB5.4
 --- UTM-X: 396587 UTM-Y: 4184289 Depth: 20 Value: 0.78 Station: CB5.4
 --- UTM-X: 396587 UTM-Y: 4184289 Depth: 20.5 Value: 0.845 Station: CB5.4
 --- UTM-X: 396587 UTM-Y: 4184289 Depth: 21 Value: 0.91 Station: CB5.4
 --- UTM-X: 396587 UTM-Y: 4184289 Depth: 21.5 Value: 0.965 Station: CB5.4
 --- UTM-X: 396587 UTM-Y: 4184289 Depth: 22 Value: 1.02 Station: CB5.4
 --- UTM-X: 396587 UTM-Y: 4184289 Depth: 22.5 Value: 1.065 Station: CB5.4
 --- UTM-X: 396587 UTM-Y: 4184289 Depth: 23 Value: 1.11 Station: CB5.4
 --- UTM-X: 396587 UTM-Y: 4184289 Depth: 23.5 Value: 1.25 Station: CB5.4
 --- UTM-X: 396587 UTM-Y: 4184289 Depth: 24 Value: 1.39 Station: CB5.4
 --- UTM-X: 396587 UTM-Y: 4184289 Depth: 24.5 Value: 1.435 Station: CB5.4
 --- UTM-X: 396587 UTM-Y: 4184289 Depth: 25 Value: 1.48 Station: CB5.4
 --- UTM-X: 396587 UTM-Y: 4184289 Depth: 25.5 Value: 1.435 Station: CB5.4
 --- UTM-X: 396587 UTM-Y: 4184289 Depth: 26 Value: 1.39 Station: CB5.4
 --- UTM-X: 396587 UTM-Y: 4184289 Depth: 26.5 Value: 1.455 Station: CB5.4
 --- UTM-X: 396587 UTM-Y: 4184289 Depth: 27 Value: 1.52 Station: CB5.4
 --- UTM-X: 396587 UTM-Y: 4184289 Depth: 27.5 Value: 1.525 Station: CB5.4
 --- UTM-X: 396587 UTM-Y: 4184289 Depth: 28 Value: 1.53 Station: CB5.4
 --- UTM-X: 396587 UTM-Y: 4184289 Depth: 28.5 Value: 1.545 Station: CB5.4
 --- UTM-X: 396587 UTM-Y: 4184289 Depth: 29 Value: 1.56 Station: CB5.4
 --- UTM-X: 396587 UTM-Y: 4184289 Depth: 29.5 Value: 1.55 Station: CB5.4
 --- UTM-X: 396587 UTM-Y: 4184289 Depth: 30 Value: 1.54 Station: CB5.4
 --- UTM-X: 386042 UTM-Y: 4185908 Depth: 0 Value: 5.67 Station: CB5.4W
 --- UTM-X: 386042 UTM-Y: 4185908 Depth: 0.5 Value: 5.67 Station: CB5.4W
 --- UTM-X: 386042 UTM-Y: 4185908 Depth: 1 Value: 5.67 Station: CB5.4W
 --- UTM-X: 386042 UTM-Y: 4185908 Depth: 1.5 Value: 5.375 Station: CB5.4W
 --- UTM-X: 386042 UTM-Y: 4185908 Depth: 2 Value: 5.08 Station: CB5.4W
 --- UTM-X: 386042 UTM-Y: 4185908 Depth: 2.5 Value: 4.82 Station: CB5.4W
 --- UTM-X: 386042 UTM-Y: 4185908 Depth: 3 Value: 4.56 Station: CB5.4W
 --- UTM-X: 395113 UTM-Y: 4172286 Depth: 0 Value: 7.59 Station: CB5.5
 --- UTM-X: 395113 UTM-Y: 4172286 Depth: 0.5 Value: 7.59 Station: CB5.5
 --- UTM-X: 395113 UTM-Y: 4172286 Depth: 1 Value: 7.59 Station: CB5.5
 --- UTM-X: 395113 UTM-Y: 4172286 Depth: 1.5 Value: 7.495 Station: CB5.5
 --- UTM-X: 395113 UTM-Y: 4172286 Depth: 2 Value: 7.4 Station: CB5.5
 --- UTM-X: 395113 UTM-Y: 4172286 Depth: 2.5 Value: 7.095 Station: CB5.5
 --- UTM-X: 395113 UTM-Y: 4172286 Depth: 3 Value: 6.79 Station: CB5.5
 --- UTM-X: 395113 UTM-Y: 4172286 Depth: 3.5 Value: 6.285 Station: CB5.5
 --- UTM-X: 395113 UTM-Y: 4172286 Depth: 4 Value: 5.78 Station: CB5.5
 --- UTM-X: 395113 UTM-Y: 4172286 Depth: 4.5 Value: 5.17 Station: CB5.5
 --- UTM-X: 395113 UTM-Y: 4172286 Depth: 5 Value: 4.56 Station: CB5.5
 --- UTM-X: 395113 UTM-Y: 4172286 Depth: 5.5 Value: 4.4 Station: CB5.5
 --- UTM-X: 395113 UTM-Y: 4172286 Depth: 6 Value: 4.24 Station: CB5.5
 --- UTM-X: 395113 UTM-Y: 4172286 Depth: 6.5 Value: 2.47 Station: CB5.5
 --- UTM-X: 395113 UTM-Y: 4172286 Depth: 7 Value: 0.7 Station: CB5.5
 --- UTM-X: 395113 UTM-Y: 4172286 Depth: 7.5 Value: 0.705 Station: CB5.5
 --- UTM-X: 395113 UTM-Y: 4172286 Depth: 8 Value: 0.71 Station: CB5.5
 --- UTM-X: 395113 UTM-Y: 4172286 Depth: 8.5 Value: 0.69 Station: CB5.5
 --- UTM-X: 395113 UTM-Y: 4172286 Depth: 9 Value: 0.67 Station: CB5.5
 --- UTM-X: 395113 UTM-Y: 4172286 Depth: 9.5 Value: 0.665 Station: CB5.5
 --- UTM-X: 395113 UTM-Y: 4172286 Depth: 10 Value: 0.66 Station: CB5.5
 --- UTM-X: 395113 UTM-Y: 4172286 Depth: 10.5 Value: 0.675 Station: CB5.5
 --- UTM-X: 395113 UTM-Y: 4172286 Depth: 11 Value: 0.69 Station: CB5.5
 --- UTM-X: 395113 UTM-Y: 4172286 Depth: 11.5 Value: 0.735 Station: CB5.5
 --- UTM-X: 395113 UTM-Y: 4172286 Depth: 12 Value: 0.78 Station: CB5.5
 --- UTM-X: 395113 UTM-Y: 4172286 Depth: 12.5 Value: 1.115 Station: CB5.5
 --- UTM-X: 395113 UTM-Y: 4172286 Depth: 13 Value: 1.45 Station: CB5.5
 --- UTM-X: 395113 UTM-Y: 4172286 Depth: 13.5 Value: 1.48 Station: CB5.5
 --- UTM-X: 395113 UTM-Y: 4172286 Depth: 14 Value: 1.51 Station: CB5.5
 --- UTM-X: 397396 UTM-Y: 4160791 Depth: 0 Value: 7.62 Station: CB6.1
 --- UTM-X: 397396 UTM-Y: 4160791 Depth: 0.5 Value: 7.62 Station: CB6.1
 --- UTM-X: 397396 UTM-Y: 4160791 Depth: 1 Value: 7.62 Station: CB6.1
 --- UTM-X: 397396 UTM-Y: 4160791 Depth: 1.5 Value: 7.63 Station: CB6.1
 --- UTM-X: 397396 UTM-Y: 4160791 Depth: 2 Value: 7.64 Station: CB6.1
 --- UTM-X: 397396 UTM-Y: 4160791 Depth: 2.5 Value: 7.55 Station: CB6.1
 --- UTM-X: 397396 UTM-Y: 4160791 Depth: 3 Value: 7.46 Station: CB6.1
 --- UTM-X: 397396 UTM-Y: 4160791 Depth: 3.5 Value: 7.4 Station: CB6.1
 --- UTM-X: 397396 UTM-Y: 4160791 Depth: 4 Value: 7.34 Station: CB6.1
 --- UTM-X: 397396 UTM-Y: 4160791 Depth: 4.5 Value: 7.29 Station: CB6.1
 --- UTM-X: 397396 UTM-Y: 4160791 Depth: 5 Value: 7.24 Station: CB6.1
 --- UTM-X: 397396 UTM-Y: 4160791 Depth: 5.5 Value: 6.965 Station: CB6.1
 --- UTM-X: 397396 UTM-Y: 4160791 Depth: 6 Value: 6.69 Station: CB6.1
 --- UTM-X: 397396 UTM-Y: 4160791 Depth: 6.5 Value: 4.68 Station: CB6.1
 --- UTM-X: 397396 UTM-Y: 4160791 Depth: 7 Value: 2.67 Station: CB6.1
 --- UTM-X: 397396 UTM-Y: 4160791 Depth: 7.5 Value: 1.82 Station: CB6.1
 --- UTM-X: 397396 UTM-Y: 4160791 Depth: 8 Value: 0.97 Station: CB6.1
 --- UTM-X: 397396 UTM-Y: 4160791 Depth: 8.5 Value: 0.95 Station: CB6.1
 --- UTM-X: 397396 UTM-Y: 4160791 Depth: 9 Value: 0.93 Station: CB6.1
 --- UTM-X: 397396 UTM-Y: 4160791 Depth: 9.5 Value: 0.96 Station: CB6.1
 --- UTM-X: 397396 UTM-Y: 4160791 Depth: 10 Value: 0.99 Station: CB6.1
 --- UTM-X: 397396 UTM-Y: 4160791 Depth: 10.5 Value: 1.035 Station: CB6.1
 --- UTM-X: 397396 UTM-Y: 4160791 Depth: 11 Value: 1.08 Station: CB6.1
 --- UTM-X: 397772 UTM-Y: 4149505 Depth: 0 Value: 6.74 Station: CB6.2
 --- UTM-X: 397772 UTM-Y: 4149505 Depth: 0.5 Value: 6.74 Station: CB6.2
 --- UTM-X: 397772 UTM-Y: 4149505 Depth: 1 Value: 6.74 Station: CB6.2
 --- UTM-X: 397772 UTM-Y: 4149505 Depth: 1.5 Value: 6.71 Station: CB6.2
 --- UTM-X: 397772 UTM-Y: 4149505 Depth: 2 Value: 6.68 Station: CB6.2
 --- UTM-X: 397772 UTM-Y: 4149505 Depth: 2.5 Value: 6.53 Station: CB6.2
 --- UTM-X: 397772 UTM-Y: 4149505 Depth: 3 Value: 6.38 Station: CB6.2
 --- UTM-X: 397772 UTM-Y: 4149505 Depth: 3.5 Value: 6.195 Station: CB6.2
 --- UTM-X: 397772 UTM-Y: 4149505 Depth: 4 Value: 6.01 Station: CB6.2
 --- UTM-X: 397772 UTM-Y: 4149505 Depth: 4.5 Value: 5.895 Station: CB6.2
 --- UTM-X: 397772 UTM-Y: 4149505 Depth: 5 Value: 5.78 Station: CB6.2
 --- UTM-X: 397772 UTM-Y: 4149505 Depth: 5.5 Value: 5.71 Station: CB6.2
 --- UTM-X: 397772 UTM-Y: 4149505 Depth: 6 Value: 5.64 Station: CB6.2
 --- UTM-X: 397772 UTM-Y: 4149505 Depth: 6.5 Value: 5.11 Station: CB6.2
 --- UTM-X: 397772 UTM-Y: 4149505 Depth: 7 Value: 4.58 Station: CB6.2
 --- UTM-X: 397772 UTM-Y: 4149505 Depth: 7.5 Value: 3.17 Station: CB6.2
 --- UTM-X: 397772 UTM-Y: 4149505 Depth: 8 Value: 1.76 Station: CB6.2
 --- UTM-X: 397772 UTM-Y: 4149505 Depth: 8.5 Value: 1.6 Station: CB6.2
 --- UTM-X: 397772 UTM-Y: 4149505 Depth: 9 Value: 1.44 Station: CB6.2
 --- UTM-X: 397375 UTM-Y: 4141157 Depth: 0 Value: 7.52 Station: CB6.3
 --- UTM-X: 397375 UTM-Y: 4141157 Depth: 0.5 Value: 7.52 Station: CB6.3
 --- UTM-X: 397375 UTM-Y: 4141157 Depth: 1 Value: 7.52 Station: CB6.3
 --- UTM-X: 397375 UTM-Y: 4141157 Depth: 1.5 Value: 7.54 Station: CB6.3
 --- UTM-X: 397375 UTM-Y: 4141157 Depth: 2 Value: 7.56 Station: CB6.3
 --- UTM-X: 397375 UTM-Y: 4141157 Depth: 2.5 Value: 7.49 Station: CB6.3
 --- UTM-X: 397375 UTM-Y: 4141157 Depth: 3 Value: 7.42 Station: CB6.3
 --- UTM-X: 397375 UTM-Y: 4141157 Depth: 3.5 Value: 7.265 Station: CB6.3
 --- UTM-X: 397375 UTM-Y: 4141157 Depth: 4 Value: 7.11 Station: CB6.3
 --- UTM-X: 397375 UTM-Y: 4141157 Depth: 4.5 Value: 6.825 Station: CB6.3
 --- UTM-X: 397375 UTM-Y: 4141157 Depth: 5 Value: 6.54 Station: CB6.3
 --- UTM-X: 397375 UTM-Y: 4141157 Depth: 5.5 Value: 5.855 Station: CB6.3
 --- UTM-X: 397375 UTM-Y: 4141157 Depth: 6 Value: 5.17 Station: CB6.3
 --- UTM-X: 397375 UTM-Y: 4141157 Depth: 6.5 Value: 4.85 Station: CB6.3
 --- UTM-X: 397375 UTM-Y: 4141157 Depth: 7 Value: 4.53 Station: CB6.3
 --- UTM-X: 397375 UTM-Y: 4141157 Depth: 7.5 Value: 4.185 Station: CB6.3
 --- UTM-X: 397375 UTM-Y: 4141157 Depth: 8 Value: 3.84 Station: CB6.3
 --- UTM-X: 397375 UTM-Y: 4141157 Depth: 8.5 Value: 3.265 Station: CB6.3
 --- UTM-X: 397375 UTM-Y: 4141157 Depth: 9 Value: 2.69 Station: CB6.3
 --- UTM-X: 397375 UTM-Y: 4141157 Depth: 9.5 Value: 2.83 Station: CB6.3
 --- UTM-X: 397375 UTM-Y: 4141157 Depth: 10 Value: 2.97 Station: CB6.3
 --- UTM-X: 392849 UTM-Y: 4121795 Depth: 0 Value: 7.65 Station: CB6.4
 --- UTM-X: 392849 UTM-Y: 4121795 Depth: 0.5 Value: 7.65 Station: CB6.4
 --- UTM-X: 392849 UTM-Y: 4121795 Depth: 1 Value: 7.65 Station: CB6.4
 --- UTM-X: 392849 UTM-Y: 4121795 Depth: 1.5 Value: 7.605 Station: CB6.4
 --- UTM-X: 392849 UTM-Y: 4121795 Depth: 2 Value: 7.56 Station: CB6.4
 --- UTM-X: 392849 UTM-Y: 4121795 Depth: 2.5 Value: 7.455 Station: CB6.4
 --- UTM-X: 392849 UTM-Y: 4121795 Depth: 3 Value: 7.35 Station: CB6.4
 --- UTM-X: 392849 UTM-Y: 4121795 Depth: 3.5 Value: 7.255 Station: CB6.4
 --- UTM-X: 392849 UTM-Y: 4121795 Depth: 4 Value: 7.16 Station: CB6.4
 --- UTM-X: 392849 UTM-Y: 4121795 Depth: 4.5 Value: 7.11 Station: CB6.4
 --- UTM-X: 392849 UTM-Y: 4121795 Depth: 5 Value: 7.06 Station: CB6.4
 --- UTM-X: 392849 UTM-Y: 4121795 Depth: 5.5 Value: 6.935 Station: CB6.4
 --- UTM-X: 392849 UTM-Y: 4121795 Depth: 6 Value: 6.81 Station: CB6.4
 --- UTM-X: 392849 UTM-Y: 4121795 Depth: 6.5 Value: 6.545 Station: CB6.4
 --- UTM-X: 392849 UTM-Y: 4121795 Depth: 7 Value: 6.28 Station: CB6.4
 --- UTM-X: 392849 UTM-Y: 4121795 Depth: 7.5 Value: 5.775 Station: CB6.4
 --- UTM-X: 392849 UTM-Y: 4121795 Depth: 8 Value: 5.27 Station: CB6.4
 --- UTM-X: 412737 UTM-Y: 4171156 Depth: 0 Value: 9.21 Station: CB7.1
 --- UTM-X: 412737 UTM-Y: 4171156 Depth: 0.5 Value: 9.21 Station: CB7.1
 --- UTM-X: 412737 UTM-Y: 4171156 Depth: 1 Value: 9.21 Station: CB7.1
 --- UTM-X: 412737 UTM-Y: 4171156 Depth: 1.5 Value: 9.205 Station: CB7.1
 --- UTM-X: 412737 UTM-Y: 4171156 Depth: 2 Value: 9.2 Station: CB7.1
 --- UTM-X: 412737 UTM-Y: 4171156 Depth: 2.5 Value: 8.675 Station: CB7.1
 --- UTM-X: 412737 UTM-Y: 4171156 Depth: 3 Value: 8.15 Station: CB7.1
 --- UTM-X: 412737 UTM-Y: 4171156 Depth: 3.5 Value: 7.725 Station: CB7.1
 --- UTM-X: 412737 UTM-Y: 4171156 Depth: 4 Value: 7.3 Station: CB7.1
 --- UTM-X: 412737 UTM-Y: 4171156 Depth: 4.5 Value: 7.08 Station: CB7.1
 --- UTM-X: 412737 UTM-Y: 4171156 Depth: 5 Value: 6.86 Station: CB7.1
 --- UTM-X: 412737 UTM-Y: 4171156 Depth: 5.5 Value: 6.27 Station: CB7.1
 --- UTM-X: 412737 UTM-Y: 4171156 Depth: 6 Value: 5.68 Station: CB7.1
 --- UTM-X: 412737 UTM-Y: 4171156 Depth: 6.5 Value: 5.185 Station: CB7.1
 --- UTM-X: 412737 UTM-Y: 4171156 Depth: 7 Value: 4.69 Station: CB7.1
 --- UTM-X: 412737 UTM-Y: 4171156 Depth: 7.5 Value: 4.25 Station: CB7.1
 --- UTM-X: 412737 UTM-Y: 4171156 Depth: 8 Value: 3.81 Station: CB7.1
 --- UTM-X: 412737 UTM-Y: 4171156 Depth: 8.5 Value: 3.38 Station: CB7.1
 --- UTM-X: 412737 UTM-Y: 4171156 Depth: 9 Value: 2.95 Station: CB7.1
 --- UTM-X: 412737 UTM-Y: 4171156 Depth: 9.5 Value: 2.705 Station: CB7.1
 --- UTM-X: 412737 UTM-Y: 4171156 Depth: 10 Value: 2.46 Station: CB7.1
 --- UTM-X: 412737 UTM-Y: 4171156 Depth: 10.5 Value: 2.555 Station: CB7.1
 --- UTM-X: 412737 UTM-Y: 4171156 Depth: 11 Value: 2.65 Station: CB7.1
 --- UTM-X: 412737 UTM-Y: 4171156 Depth: 11.5 Value: 2.35 Station: CB7.1
 --- UTM-X: 412737 UTM-Y: 4171156 Depth: 12 Value: 2.05 Station: CB7.1
 --- UTM-X: 412737 UTM-Y: 4171156 Depth: 12.5 Value: 2.075 Station: CB7.1
 --- UTM-X: 412737 UTM-Y: 4171156 Depth: 13 Value: 2.1 Station: CB7.1
 --- UTM-X: 412737 UTM-Y: 4171156 Depth: 13.5 Value: 2.16 Station: CB7.1
 --- UTM-X: 412737 UTM-Y: 4171156 Depth: 14 Value: 2.22 Station: CB7.1
 --- UTM-X: 412737 UTM-Y: 4171156 Depth: 14.5 Value: 2.285 Station: CB7.1
 --- UTM-X: 412737 UTM-Y: 4171156 Depth: 15 Value: 2.35 Station: CB7.1
 --- UTM-X: 412737 UTM-Y: 4171156 Depth: 15.5 Value: 2.425 Station: CB7.1
 --- UTM-X: 412737 UTM-Y: 4171156 Depth: 16 Value: 2.5 Station: CB7.1
 --- UTM-X: 414166 UTM-Y: 4181313 Depth: 0 Value: 8.01 Station: CB7.1N
 --- UTM-X: 414166 UTM-Y: 4181313 Depth: 0.5 Value: 8.01 Station: CB7.1N
 --- UTM-X: 414166 UTM-Y: 4181313 Depth: 1 Value: 8.01 Station: CB7.1N
 --- UTM-X: 414166 UTM-Y: 4181313 Depth: 1.5 Value: 7.92 Station: CB7.1N
 --- UTM-X: 414166 UTM-Y: 4181313 Depth: 2 Value: 7.83 Station: CB7.1N
 --- UTM-X: 414166 UTM-Y: 4181313 Depth: 2.5 Value: 7.835 Station: CB7.1N
 --- UTM-X: 414166 UTM-Y: 4181313 Depth: 3 Value: 7.84 Station: CB7.1N
 --- UTM-X: 414166 UTM-Y: 4181313 Depth: 3.5 Value: 7.87 Station: CB7.1N
 --- UTM-X: 414166 UTM-Y: 4181313 Depth: 4 Value: 7.9 Station: CB7.1N
 --- UTM-X: 414166 UTM-Y: 4181313 Depth: 4.5 Value: 7.925 Station: CB7.1N
 --- UTM-X: 414166 UTM-Y: 4181313 Depth: 5 Value: 7.95 Station: CB7.1N
 --- UTM-X: 414166 UTM-Y: 4181313 Depth: 5.5 Value: 7.935 Station: CB7.1N
 --- UTM-X: 414166 UTM-Y: 4181313 Depth: 6 Value: 7.92 Station: CB7.1N
 --- UTM-X: 414166 UTM-Y: 4181313 Depth: 6.5 Value: 7.905 Station: CB7.1N
 --- UTM-X: 414166 UTM-Y: 4181313 Depth: 7 Value: 7.89 Station: CB7.1N
 --- UTM-X: 414166 UTM-Y: 4181313 Depth: 7.5 Value: 7.875 Station: CB7.1N
 --- UTM-X: 414166 UTM-Y: 4181313 Depth: 8 Value: 7.86 Station: CB7.1N
 --- UTM-X: 414166 UTM-Y: 4181313 Depth: 8.5 Value: 7.835 Station: CB7.1N
 --- UTM-X: 414166 UTM-Y: 4181313 Depth: 9 Value: 7.81 Station: CB7.1N
 --- UTM-X: 414166 UTM-Y: 4181313 Depth: 9.5 Value: 7.78 Station: CB7.1N
 --- UTM-X: 414166 UTM-Y: 4181313 Depth: 10 Value: 7.75 Station: CB7.1N
 --- UTM-X: 414166 UTM-Y: 4181313 Depth: 10.5 Value: 7.68 Station: CB7.1N
 --- UTM-X: 414166 UTM-Y: 4181313 Depth: 11 Value: 7.61 Station: CB7.1N
 --- UTM-X: 414166 UTM-Y: 4181313 Depth: 11.5 Value: 7.555 Station: CB7.1N
 --- UTM-X: 414166 UTM-Y: 4181313 Depth: 12 Value: 7.5 Station: CB7.1N
 --- UTM-X: 414166 UTM-Y: 4181313 Depth: 12.5 Value: 7.32 Station: CB7.1N
 --- UTM-X: 414166 UTM-Y: 4181313 Depth: 13 Value: 7.14 Station: CB7.1N
 --- UTM-X: 414166 UTM-Y: 4181313 Depth: 13.5 Value: 6.01 Station: CB7.1N
 --- UTM-X: 414166 UTM-Y: 4181313 Depth: 14 Value: 4.88 Station: CB7.1N
 --- UTM-X: 414166 UTM-Y: 4181313 Depth: 14.5 Value: 4.865 Station: CB7.1N
 --- UTM-X: 414166 UTM-Y: 4181313 Depth: 15 Value: 4.85 Station: CB7.1N
 --- UTM-X: 414166 UTM-Y: 4181313 Depth: 15.5 Value: 4.865 Station: CB7.1N
 --- UTM-X: 414166 UTM-Y: 4181313 Depth: 16 Value: 4.88 Station: CB7.1N
 --- UTM-X: 414166 UTM-Y: 4181313 Depth: 16.5 Value: 4.885 Station: CB7.1N
 --- UTM-X: 414166 UTM-Y: 4181313 Depth: 17 Value: 4.89 Station: CB7.1N
 --- UTM-X: 414166 UTM-Y: 4181313 Depth: 17.5 Value: 4.87 Station: CB7.1N
 --- UTM-X: 414166 UTM-Y: 4181313 Depth: 18 Value: 4.85 Station: CB7.1N
 --- UTM-X: 414166 UTM-Y: 4181313 Depth: 18.5 Value: 4.76 Station: CB7.1N
 --- UTM-X: 414166 UTM-Y: 4181313 Depth: 19 Value: 4.67 Station: CB7.1N
 --- UTM-X: 414166 UTM-Y: 4181313 Depth: 19.5 Value: 4.525 Station: CB7.1N
 --- UTM-X: 414166 UTM-Y: 4181313 Depth: 20 Value: 4.38 Station: CB7.1N
 --- UTM-X: 414166 UTM-Y: 4181313 Depth: 20.5 Value: 4.315 Station: CB7.1N
 --- UTM-X: 414166 UTM-Y: 4181313 Depth: 21 Value: 4.25 Station: CB7.1N
 --- UTM-X: 414166 UTM-Y: 4181313 Depth: 21.5 Value: 4.07 Station: CB7.1N
 --- UTM-X: 414166 UTM-Y: 4181313 Depth: 22 Value: 3.89 Station: CB7.1N
 --- UTM-X: 414166 UTM-Y: 4181313 Depth: 22.5 Value: 3.895 Station: CB7.1N
 --- UTM-X: 414166 UTM-Y: 4181313 Depth: 23 Value: 3.9 Station: CB7.1N
 --- UTM-X: 414166 UTM-Y: 4181313 Depth: 23.5 Value: 3.935 Station: CB7.1N
 --- UTM-X: 414166 UTM-Y: 4181313 Depth: 24 Value: 3.97 Station: CB7.1N
 --- UTM-X: 406584 UTM-Y: 4159881 Depth: 0 Value: 8.11 Station: CB7.1S
 --- UTM-X: 406584 UTM-Y: 4159881 Depth: 0.5 Value: 8.11 Station: CB7.1S
 --- UTM-X: 406584 UTM-Y: 4159881 Depth: 1 Value: 8.11 Station: CB7.1S
 --- UTM-X: 406584 UTM-Y: 4159881 Depth: 1.5 Value: 8.165 Station: CB7.1S
 --- UTM-X: 406584 UTM-Y: 4159881 Depth: 2 Value: 8.22 Station: CB7.1S
 --- UTM-X: 406584 UTM-Y: 4159881 Depth: 2.5 Value: 7.98 Station: CB7.1S
 --- UTM-X: 406584 UTM-Y: 4159881 Depth: 3 Value: 7.74 Station: CB7.1S
 --- UTM-X: 406584 UTM-Y: 4159881 Depth: 3.5 Value: 7.58 Station: CB7.1S
 --- UTM-X: 406584 UTM-Y: 4159881 Depth: 4 Value: 7.42 Station: CB7.1S
 --- UTM-X: 406584 UTM-Y: 4159881 Depth: 4.5 Value: 7.325 Station: CB7.1S
 --- UTM-X: 406584 UTM-Y: 4159881 Depth: 5 Value: 7.23 Station: CB7.1S
 --- UTM-X: 406584 UTM-Y: 4159881 Depth: 5.5 Value: 7.01 Station: CB7.1S
 --- UTM-X: 406584 UTM-Y: 4159881 Depth: 6 Value: 6.79 Station: CB7.1S
 --- UTM-X: 406584 UTM-Y: 4159881 Depth: 6.5 Value: 5.48 Station: CB7.1S
 --- UTM-X: 406584 UTM-Y: 4159881 Depth: 7 Value: 4.17 Station: CB7.1S
 --- UTM-X: 406584 UTM-Y: 4159881 Depth: 7.5 Value: 4.135 Station: CB7.1S
 --- UTM-X: 406584 UTM-Y: 4159881 Depth: 8 Value: 4.1 Station: CB7.1S
 --- UTM-X: 406584 UTM-Y: 4159881 Depth: 8.5 Value: 4.09 Station: CB7.1S
 --- UTM-X: 406584 UTM-Y: 4159881 Depth: 9 Value: 4.08 Station: CB7.1S
 --- UTM-X: 406584 UTM-Y: 4159881 Depth: 9.5 Value: 4.015 Station: CB7.1S
 --- UTM-X: 406584 UTM-Y: 4159881 Depth: 10 Value: 3.95 Station: CB7.1S
 --- UTM-X: 406584 UTM-Y: 4159881 Depth: 10.5 Value: 3.595 Station: CB7.1S
 --- UTM-X: 406584 UTM-Y: 4159881 Depth: 11 Value: 3.24 Station: CB7.1S
 --- UTM-X: 406584 UTM-Y: 4159881 Depth: 11.5 Value: 3.255 Station: CB7.1S
 --- UTM-X: 406584 UTM-Y: 4159881 Depth: 12 Value: 3.27 Station: CB7.1S
 --- UTM-X: 406584 UTM-Y: 4159881 Depth: 12.5 Value: 3.27 Station: CB7.1S
 --- UTM-X: 406584 UTM-Y: 4159881 Depth: 13 Value: 3.27 Station: CB7.1S
 --- UTM-X: 406584 UTM-Y: 4159881 Depth: 13.5 Value: 3.265 Station: CB7.1S
 --- UTM-X: 406584 UTM-Y: 4159881 Depth: 14 Value: 3.26 Station: CB7.1S
 --- UTM-X: 406584 UTM-Y: 4159881 Depth: 14.5 Value: 3.275 Station: CB7.1S
 --- UTM-X: 406584 UTM-Y: 4159881 Depth: 15 Value: 3.29 Station: CB7.1S
 --- UTM-X: 406584 UTM-Y: 4159881 Depth: 15.5 Value: 3.31 Station: CB7.1S
 --- UTM-X: 406584 UTM-Y: 4159881 Depth: 16 Value: 3.33 Station: CB7.1S
 --- UTM-X: 404455 UTM-Y: 4141073 Depth: 0 Value: 7.89 Station: CB7.2
 --- UTM-X: 404455 UTM-Y: 4141073 Depth: 0.5 Value: 7.89 Station: CB7.2
 --- UTM-X: 404455 UTM-Y: 4141073 Depth: 1 Value: 7.89 Station: CB7.2
 --- UTM-X: 404455 UTM-Y: 4141073 Depth: 1.5 Value: 7.895 Station: CB7.2
 --- UTM-X: 404455 UTM-Y: 4141073 Depth: 2 Value: 7.9 Station: CB7.2
 --- UTM-X: 404455 UTM-Y: 4141073 Depth: 2.5 Value: 7.81 Station: CB7.2
 --- UTM-X: 404455 UTM-Y: 4141073 Depth: 3 Value: 7.72 Station: CB7.2
 --- UTM-X: 404455 UTM-Y: 4141073 Depth: 3.5 Value: 7.405 Station: CB7.2
 --- UTM-X: 404455 UTM-Y: 4141073 Depth: 4 Value: 7.09 Station: CB7.2
 --- UTM-X: 404455 UTM-Y: 4141073 Depth: 4.5 Value: 7.08 Station: CB7.2
 --- UTM-X: 404455 UTM-Y: 4141073 Depth: 5 Value: 7.07 Station: CB7.2
 --- UTM-X: 404455 UTM-Y: 4141073 Depth: 5.5 Value: 6.445 Station: CB7.2
 --- UTM-X: 404455 UTM-Y: 4141073 Depth: 6 Value: 5.82 Station: CB7.2
 --- UTM-X: 404455 UTM-Y: 4141073 Depth: 6.5 Value: 5.46 Station: CB7.2
 --- UTM-X: 404455 UTM-Y: 4141073 Depth: 7 Value: 5.1 Station: CB7.2
 --- UTM-X: 404455 UTM-Y: 4141073 Depth: 7.5 Value: 4.895 Station: CB7.2
 --- UTM-X: 404455 UTM-Y: 4141073 Depth: 8 Value: 4.69 Station: CB7.2
 --- UTM-X: 404455 UTM-Y: 4141073 Depth: 8.5 Value: 4.68 Station: CB7.2
 --- UTM-X: 404455 UTM-Y: 4141073 Depth: 9 Value: 4.67 Station: CB7.2
 --- UTM-X: 404455 UTM-Y: 4141073 Depth: 9.5 Value: 4.635 Station: CB7.2
 --- UTM-X: 404455 UTM-Y: 4141073 Depth: 10 Value: 4.6 Station: CB7.2
 --- UTM-X: 404455 UTM-Y: 4141073 Depth: 10.5 Value: 4.545 Station: CB7.2
 --- UTM-X: 404455 UTM-Y: 4141073 Depth: 11 Value: 4.49 Station: CB7.2
 --- UTM-X: 404455 UTM-Y: 4141073 Depth: 11.5 Value: 4.485 Station: CB7.2
 --- UTM-X: 404455 UTM-Y: 4141073 Depth: 12 Value: 4.48 Station: CB7.2
 --- UTM-X: 404455 UTM-Y: 4141073 Depth: 12.5 Value: 4.475 Station: CB7.2
 --- UTM-X: 404455 UTM-Y: 4141073 Depth: 13 Value: 4.47 Station: CB7.2
 --- UTM-X: 404455 UTM-Y: 4141073 Depth: 13.5 Value: 4.455 Station: CB7.2
 --- UTM-X: 404455 UTM-Y: 4141073 Depth: 14 Value: 4.44 Station: CB7.2
 --- UTM-X: 404455 UTM-Y: 4141073 Depth: 14.5 Value: 4.44 Station: CB7.2
 --- UTM-X: 404455 UTM-Y: 4141073 Depth: 15 Value: 4.44 Station: CB7.2
 --- UTM-X: 404455 UTM-Y: 4141073 Depth: 15.5 Value: 4.445 Station: CB7.2
 --- UTM-X: 404455 UTM-Y: 4141073 Depth: 16 Value: 4.45 Station: CB7.2
 --- UTM-X: 404455 UTM-Y: 4141073 Depth: 16.5 Value: 4.455 Station: CB7.2
 --- UTM-X: 404455 UTM-Y: 4141073 Depth: 17 Value: 4.46 Station: CB7.2
 --- UTM-X: 404455 UTM-Y: 4141073 Depth: 17.5 Value: 4.475 Station: CB7.2
 --- UTM-X: 404455 UTM-Y: 4141073 Depth: 18 Value: 4.49 Station: CB7.2
 --- UTM-X: 404455 UTM-Y: 4141073 Depth: 18.5 Value: 4.495 Station: CB7.2
 --- UTM-X: 404455 UTM-Y: 4141073 Depth: 19 Value: 4.5 Station: CB7.2
 --- UTM-X: 404455 UTM-Y: 4141073 Depth: 19.5 Value: 4.505 Station: CB7.2
 --- UTM-X: 404455 UTM-Y: 4141073 Depth: 20 Value: 4.51 Station: CB7.2
 --- UTM-X: 404455 UTM-Y: 4141073 Depth: 20.5 Value: 4.515 Station: CB7.2
 --- UTM-X: 404455 UTM-Y: 4141073 Depth: 21 Value: 4.52 Station: CB7.2
 --- UTM-X: 404455 UTM-Y: 4141073 Depth: 21.5 Value: 4.54 Station: CB7.2
 --- UTM-X: 404455 UTM-Y: 4141073 Depth: 22 Value: 4.56 Station: CB7.2
 --- UTM-X: 409322 UTM-Y: 4141018 Depth: 0 Value: 7.47 Station: CB7.2E
 --- UTM-X: 409322 UTM-Y: 4141018 Depth: 0.5 Value: 7.47 Station: CB7.2E
 --- UTM-X: 409322 UTM-Y: 4141018 Depth: 1 Value: 7.47 Station: CB7.2E
 --- UTM-X: 409322 UTM-Y: 4141018 Depth: 1.5 Value: 7.365 Station: CB7.2E
 --- UTM-X: 409322 UTM-Y: 4141018 Depth: 2 Value: 7.26 Station: CB7.2E
 --- UTM-X: 409322 UTM-Y: 4141018 Depth: 2.5 Value: 7.045 Station: CB7.2E
 --- UTM-X: 409322 UTM-Y: 4141018 Depth: 3 Value: 6.83 Station: CB7.2E
 --- UTM-X: 409322 UTM-Y: 4141018 Depth: 3.5 Value: 6.51 Station: CB7.2E
 --- UTM-X: 409322 UTM-Y: 4141018 Depth: 4 Value: 6.19 Station: CB7.2E
 --- UTM-X: 409322 UTM-Y: 4141018 Depth: 4.5 Value: 5.49 Station: CB7.2E
 --- UTM-X: 409322 UTM-Y: 4141018 Depth: 5 Value: 4.79 Station: CB7.2E
 --- UTM-X: 409322 UTM-Y: 4141018 Depth: 5.5 Value: 4.795 Station: CB7.2E
 --- UTM-X: 409322 UTM-Y: 4141018 Depth: 6 Value: 4.8 Station: CB7.2E
 --- UTM-X: 409322 UTM-Y: 4141018 Depth: 6.5 Value: 4.8 Station: CB7.2E
 --- UTM-X: 409322 UTM-Y: 4141018 Depth: 7 Value: 4.8 Station: CB7.2E
 --- UTM-X: 409322 UTM-Y: 4141018 Depth: 7.5 Value: 4.805 Station: CB7.2E
 --- UTM-X: 409322 UTM-Y: 4141018 Depth: 8 Value: 4.81 Station: CB7.2E
 --- UTM-X: 409322 UTM-Y: 4141018 Depth: 8.5 Value: 4.805 Station: CB7.2E
 --- UTM-X: 409322 UTM-Y: 4141018 Depth: 9 Value: 4.8 Station: CB7.2E
 --- UTM-X: 409322 UTM-Y: 4141018 Depth: 9.5 Value: 4.775 Station: CB7.2E
 --- UTM-X: 409322 UTM-Y: 4141018 Depth: 10 Value: 4.75 Station: CB7.2E
 --- UTM-X: 409322 UTM-Y: 4141018 Depth: 10.5 Value: 4.745 Station: CB7.2E
 --- UTM-X: 409322 UTM-Y: 4141018 Depth: 11 Value: 4.74 Station: CB7.2E
 --- UTM-X: 409322 UTM-Y: 4141018 Depth: 11.5 Value: 4.74 Station: CB7.2E
 --- UTM-X: 409322 UTM-Y: 4141018 Depth: 12 Value: 4.74 Station: CB7.2E
 --- UTM-X: 409322 UTM-Y: 4141018 Depth: 12.5 Value: 4.76 Station: CB7.2E
 --- UTM-X: 409322 UTM-Y: 4141018 Depth: 13 Value: 4.78 Station: CB7.2E
 --- UTM-X: 400035 UTM-Y: 4108423 Depth: 0 Value: 7.21 Station: CB7.3
 --- UTM-X: 400035 UTM-Y: 4108423 Depth: 0.5 Value: 7.21 Station: CB7.3
 --- UTM-X: 400035 UTM-Y: 4108423 Depth: 1 Value: 7.21 Station: CB7.3
 --- UTM-X: 400035 UTM-Y: 4108423 Depth: 1.5 Value: 7.22 Station: CB7.3
 --- UTM-X: 400035 UTM-Y: 4108423 Depth: 2 Value: 7.23 Station: CB7.3
 --- UTM-X: 400035 UTM-Y: 4108423 Depth: 2.5 Value: 7.04 Station: CB7.3
 --- UTM-X: 400035 UTM-Y: 4108423 Depth: 3 Value: 6.85 Station: CB7.3
 --- UTM-X: 400035 UTM-Y: 4108423 Depth: 3.5 Value: 6.755 Station: CB7.3
 --- UTM-X: 400035 UTM-Y: 4108423 Depth: 4 Value: 6.66 Station: CB7.3
 --- UTM-X: 400035 UTM-Y: 4108423 Depth: 4.5 Value: 6.57 Station: CB7.3
 --- UTM-X: 400035 UTM-Y: 4108423 Depth: 5 Value: 6.48 Station: CB7.3
 --- UTM-X: 400035 UTM-Y: 4108423 Depth: 5.5 Value: 6.52 Station: CB7.3
 --- UTM-X: 400035 UTM-Y: 4108423 Depth: 6 Value: 6.56 Station: CB7.3
 --- UTM-X: 400035 UTM-Y: 4108423 Depth: 6.5 Value: 6.57 Station: CB7.3
 --- UTM-X: 400035 UTM-Y: 4108423 Depth: 7 Value: 6.58 Station: CB7.3
 --- UTM-X: 400035 UTM-Y: 4108423 Depth: 7.5 Value: 6.555 Station: CB7.3
 --- UTM-X: 400035 UTM-Y: 4108423 Depth: 8 Value: 6.53 Station: CB7.3
 --- UTM-X: 400035 UTM-Y: 4108423 Depth: 8.5 Value: 6.4 Station: CB7.3
 --- UTM-X: 400035 UTM-Y: 4108423 Depth: 9 Value: 6.27 Station: CB7.3
 --- UTM-X: 400035 UTM-Y: 4108423 Depth: 9.5 Value: 6.22 Station: CB7.3
 --- UTM-X: 400035 UTM-Y: 4108423 Depth: 10 Value: 6.17 Station: CB7.3
 --- UTM-X: 400035 UTM-Y: 4108423 Depth: 10.5 Value: 6.11 Station: CB7.3
 --- UTM-X: 400035 UTM-Y: 4108423 Depth: 11 Value: 6.05 Station: CB7.3
 --- UTM-X: 400035 UTM-Y: 4108423 Depth: 11.5 Value: 6.075 Station: CB7.3
 --- UTM-X: 400035 UTM-Y: 4108423 Depth: 12 Value: 6.1 Station: CB7.3
 --- UTM-X: 400035 UTM-Y: 4108423 Depth: 12.5 Value: 6.105 Station: CB7.3
 --- UTM-X: 400035 UTM-Y: 4108423 Depth: 13 Value: 6.11 Station: CB7.3
 --- UTM-X: 406515 UTM-Y: 4120769 Depth: 0 Value: 7.24 Station: CB7.3E
 --- UTM-X: 406515 UTM-Y: 4120769 Depth: 0.5 Value: 7.24 Station: CB7.3E
 --- UTM-X: 406515 UTM-Y: 4120769 Depth: 1 Value: 7.24 Station: CB7.3E
 --- UTM-X: 406515 UTM-Y: 4120769 Depth: 1.5 Value: 7.135 Station: CB7.3E
 --- UTM-X: 406515 UTM-Y: 4120769 Depth: 2 Value: 7.03 Station: CB7.3E
 --- UTM-X: 406515 UTM-Y: 4120769 Depth: 2.5 Value: 6.52 Station: CB7.3E
 --- UTM-X: 406515 UTM-Y: 4120769 Depth: 3 Value: 6.01 Station: CB7.3E
 --- UTM-X: 406515 UTM-Y: 4120769 Depth: 3.5 Value: 5.895 Station: CB7.3E
 --- UTM-X: 406515 UTM-Y: 4120769 Depth: 4 Value: 5.78 Station: CB7.3E
 --- UTM-X: 406515 UTM-Y: 4120769 Depth: 4.5 Value: 5.74 Station: CB7.3E
 --- UTM-X: 406515 UTM-Y: 4120769 Depth: 5 Value: 5.7 Station: CB7.3E
 --- UTM-X: 406515 UTM-Y: 4120769 Depth: 5.5 Value: 5.655 Station: CB7.3E
 --- UTM-X: 406515 UTM-Y: 4120769 Depth: 6 Value: 5.61 Station: CB7.3E
 --- UTM-X: 406515 UTM-Y: 4120769 Depth: 6.5 Value: 5.59 Station: CB7.3E
 --- UTM-X: 406515 UTM-Y: 4120769 Depth: 7 Value: 5.57 Station: CB7.3E
 --- UTM-X: 406515 UTM-Y: 4120769 Depth: 7.5 Value: 5.505 Station: CB7.3E
 --- UTM-X: 406515 UTM-Y: 4120769 Depth: 8 Value: 5.44 Station: CB7.3E
 --- UTM-X: 406515 UTM-Y: 4120769 Depth: 8.5 Value: 5.415 Station: CB7.3E
 --- UTM-X: 406515 UTM-Y: 4120769 Depth: 9 Value: 5.39 Station: CB7.3E
 --- UTM-X: 406515 UTM-Y: 4120769 Depth: 9.5 Value: 5.4 Station: CB7.3E
 --- UTM-X: 406515 UTM-Y: 4120769 Depth: 10 Value: 5.41 Station: CB7.3E
 --- UTM-X: 406515 UTM-Y: 4120769 Depth: 10.5 Value: 5.395 Station: CB7.3E
 --- UTM-X: 406515 UTM-Y: 4120769 Depth: 11 Value: 5.38 Station: CB7.3E
 --- UTM-X: 406515 UTM-Y: 4120769 Depth: 11.5 Value: 5.375 Station: CB7.3E
 --- UTM-X: 406515 UTM-Y: 4120769 Depth: 12 Value: 5.37 Station: CB7.3E
 --- UTM-X: 406515 UTM-Y: 4120769 Depth: 12.5 Value: 5.365 Station: CB7.3E
 --- UTM-X: 406515 UTM-Y: 4120769 Depth: 13 Value: 5.36 Station: CB7.3E
 --- UTM-X: 406515 UTM-Y: 4120769 Depth: 13.5 Value: 5.355 Station: CB7.3E
 --- UTM-X: 406515 UTM-Y: 4120769 Depth: 14 Value: 5.35 Station: CB7.3E
 --- UTM-X: 406515 UTM-Y: 4120769 Depth: 14.5 Value: 5.32 Station: CB7.3E
 --- UTM-X: 406515 UTM-Y: 4120769 Depth: 15 Value: 5.29 Station: CB7.3E
 --- UTM-X: 406515 UTM-Y: 4120769 Depth: 15.5 Value: 5.275 Station: CB7.3E
 --- UTM-X: 406515 UTM-Y: 4120769 Depth: 16 Value: 5.26 Station: CB7.3E
 --- UTM-X: 406515 UTM-Y: 4120769 Depth: 16.5 Value: 5.25 Station: CB7.3E
 --- UTM-X: 406515 UTM-Y: 4120769 Depth: 17 Value: 5.24 Station: CB7.3E
 --- UTM-X: 406515 UTM-Y: 4120769 Depth: 17.5 Value: 5.24 Station: CB7.3E
 --- UTM-X: 406515 UTM-Y: 4120769 Depth: 18 Value: 5.24 Station: CB7.3E
 --- UTM-X: 396093 UTM-Y: 4095002 Depth: 0 Value: 6.47 Station: CB8.1
 --- UTM-X: 396093 UTM-Y: 4095002 Depth: 0.5 Value: 6.47 Station: CB8.1
 --- UTM-X: 396093 UTM-Y: 4095002 Depth: 1 Value: 6.47 Station: CB8.1
 --- UTM-X: 396093 UTM-Y: 4095002 Depth: 1.5 Value: 6.32 Station: CB8.1
 --- UTM-X: 396093 UTM-Y: 4095002 Depth: 2 Value: 6.17 Station: CB8.1
 --- UTM-X: 396093 UTM-Y: 4095002 Depth: 2.5 Value: 5.915 Station: CB8.1
 --- UTM-X: 396093 UTM-Y: 4095002 Depth: 3 Value: 5.66 Station: CB8.1
 --- UTM-X: 396093 UTM-Y: 4095002 Depth: 3.5 Value: 5.525 Station: CB8.1
 --- UTM-X: 396093 UTM-Y: 4095002 Depth: 4 Value: 5.39 Station: CB8.1
 --- UTM-X: 396093 UTM-Y: 4095002 Depth: 4.5 Value: 5.35 Station: CB8.1
 --- UTM-X: 396093 UTM-Y: 4095002 Depth: 5 Value: 5.31 Station: CB8.1
 --- UTM-X: 396093 UTM-Y: 4095002 Depth: 5.5 Value: 5.305 Station: CB8.1
 --- UTM-X: 396093 UTM-Y: 4095002 Depth: 6 Value: 5.3 Station: CB8.1
 --- UTM-X: 396093 UTM-Y: 4095002 Depth: 6.5 Value: 5.3 Station: CB8.1
 --- UTM-X: 396093 UTM-Y: 4095002 Depth: 7 Value: 5.3 Station: CB8.1
 --- UTM-X: 396093 UTM-Y: 4095002 Depth: 7.5 Value: 5.53 Station: CB8.1
 --- UTM-X: 396093 UTM-Y: 4095002 Depth: 8 Value: 5.76 Station: CB8.1
 --- UTM-X: 386593 UTM-Y: 4161856 Depth: 0 Value: 7.08 Station: LE3.6
 --- UTM-X: 386593 UTM-Y: 4161856 Depth: 0.5 Value: 7.08 Station: LE3.6
 --- UTM-X: 386593 UTM-Y: 4161856 Depth: 1 Value: 7.08 Station: LE3.6
 --- UTM-X: 386593 UTM-Y: 4161856 Depth: 1.5 Value: 7.065 Station: LE3.6
 --- UTM-X: 386593 UTM-Y: 4161856 Depth: 2 Value: 7.05 Station: LE3.6
 --- UTM-X: 386593 UTM-Y: 4161856 Depth: 2.5 Value: 6.99 Station: LE3.6
 --- UTM-X: 386593 UTM-Y: 4161856 Depth: 3 Value: 6.93 Station: LE3.6
 --- UTM-X: 386593 UTM-Y: 4161856 Depth: 3.5 Value: 6.595 Station: LE3.6
 --- UTM-X: 386593 UTM-Y: 4161856 Depth: 4 Value: 6.26 Station: LE3.6
 --- UTM-X: 386593 UTM-Y: 4161856 Depth: 4.5 Value: 6.21 Station: LE3.6
 --- UTM-X: 386593 UTM-Y: 4161856 Depth: 5 Value: 6.16 Station: LE3.6
 --- UTM-X: 386593 UTM-Y: 4161856 Depth: 5.5 Value: 5.505 Station: LE3.6
 --- UTM-X: 386593 UTM-Y: 4161856 Depth: 6 Value: 4.85 Station: LE3.6
 --- UTM-X: 386593 UTM-Y: 4161856 Depth: 6.5 Value: 4.105 Station: LE3.6
 --- UTM-X: 386593 UTM-Y: 4161856 Depth: 7 Value: 3.36 Station: LE3.6
 --- UTM-X: 386593 UTM-Y: 4161856 Depth: 7.5 Value: 2.895 Station: LE3.6
 --- UTM-X: 386593 UTM-Y: 4161856 Depth: 8 Value: 2.43 Station: LE3.6
 --- UTM-X: 384553 UTM-Y: 4154548 Depth: 0 Value: 7.3 Station: LE3.7
 --- UTM-X: 384553 UTM-Y: 4154548 Depth: 0.5 Value: 7.3 Station: LE3.7
 --- UTM-X: 384553 UTM-Y: 4154548 Depth: 1 Value: 7.3 Station: LE3.7
 --- UTM-X: 384553 UTM-Y: 4154548 Depth: 1.5 Value: 6.81 Station: LE3.7
 --- UTM-X: 384553 UTM-Y: 4154548 Depth: 2 Value: 6.32 Station: LE3.7
 --- UTM-X: 384553 UTM-Y: 4154548 Depth: 2.5 Value: 6.2 Station: LE3.7
 --- UTM-X: 384553 UTM-Y: 4154548 Depth: 3 Value: 6.08 Station: LE3.7
 --- UTM-X: 384553 UTM-Y: 4154548 Depth: 3.5 Value: 5.865 Station: LE3.7
 --- UTM-X: 384553 UTM-Y: 4154548 Depth: 4 Value: 5.65 Station: LE3.7
 --- UTM-X: 384553 UTM-Y: 4154548 Depth: 4.5 Value: 5.355 Station: LE3.7
 --- UTM-X: 384553 UTM-Y: 4154548 Depth: 5 Value: 5.06 Station: LE3.7
 --- UTM-X: 383146 UTM-Y: 4095571 Depth: 0 Value: 6.81 Station: LE5.5-W
 --- UTM-X: 383146 UTM-Y: 4095571 Depth: 0.5 Value: 6.81 Station: LE5.5-W
 --- UTM-X: 383146 UTM-Y: 4095571 Depth: 1 Value: 6.81 Station: LE5.5-W
 --- UTM-X: 383146 UTM-Y: 4095571 Depth: 1.5 Value: 6.7 Station: LE5.5-W
 --- UTM-X: 383146 UTM-Y: 4095571 Depth: 2 Value: 6.59 Station: LE5.5-W
 --- UTM-X: 383146 UTM-Y: 4095571 Depth: 2.5 Value: 6.52 Station: LE5.5-W
 --- UTM-X: 383146 UTM-Y: 4095571 Depth: 3 Value: 6.45 Station: LE5.5-W
 --- UTM-X: 383146 UTM-Y: 4095571 Depth: 3.5 Value: 6.42 Station: LE5.5-W
 --- UTM-X: 383146 UTM-Y: 4095571 Depth: 4 Value: 6.39 Station: LE5.5-W
 --- UTM-X: 383146 UTM-Y: 4095571 Depth: 4.5 Value: 6.365 Station: LE5.5-W
 --- UTM-X: 383146 UTM-Y: 4095571 Depth: 5 Value: 6.34 Station: LE5.5-W
 --- UTM-X: 383146 UTM-Y: 4095571 Depth: 5.5 Value: 6.29 Station: LE5.5-W
 --- UTM-X: 383146 UTM-Y: 4095571 Depth: 6 Value: 6.24 Station: LE5.5-W
 --- UTM-X: 383146 UTM-Y: 4095571 Depth: 6.5 Value: 6.185 Station: LE5.5-W
 --- UTM-X: 383146 UTM-Y: 4095571 Depth: 7 Value: 6.13 Station: LE5.5-W
 --- UTM-X: 383146 UTM-Y: 4095571 Depth: 7.5 Value: 6.11 Station: LE5.5-W
 --- UTM-X: 383146 UTM-Y: 4095571 Depth: 8 Value: 6.09 Station: LE5.5-W
 --- UTM-X: 383146 UTM-Y: 4095571 Depth: 8.5 Value: 6.03 Station: LE5.5-W
 --- UTM-X: 383146 UTM-Y: 4095571 Depth: 9 Value: 5.97 Station: LE5.5-W
 --- UTM-X: 383146 UTM-Y: 4095571 Depth: 9.5 Value: 5.965 Station: LE5.5-W
 --- UTM-X: 383146 UTM-Y: 4095571 Depth: 10 Value: 5.96 Station: LE5.5-W
 --- UTM-X: 383146 UTM-Y: 4095571 Depth: 10.5 Value: 5.915 Station: LE5.5-W
 --- UTM-X: 383146 UTM-Y: 4095571 Depth: 11 Value: 5.87 Station: LE5.5-W
 --- UTM-X: 383146 UTM-Y: 4095571 Depth: 11.5 Value: 5.795 Station: LE5.5-W
 --- UTM-X: 383146 UTM-Y: 4095571 Depth: 12 Value: 5.72 Station: LE5.5-W
 --- UTM-X: 380697 UTM-Y: 4130313 Depth: 0 Value: 6.97 Station: WE4.1
 --- UTM-X: 380697 UTM-Y: 4130313 Depth: 0.5 Value: 6.97 Station: WE4.1
 --- UTM-X: 380697 UTM-Y: 4130313 Depth: 1 Value: 6.97 Station: WE4.1
 --- UTM-X: 380697 UTM-Y: 4130313 Depth: 1.5 Value: 6.94 Station: WE4.1
 --- UTM-X: 380697 UTM-Y: 4130313 Depth: 2 Value: 6.91 Station: WE4.1
 --- UTM-X: 380697 UTM-Y: 4130313 Depth: 2.5 Value: 6.24 Station: WE4.1
 --- UTM-X: 380697 UTM-Y: 4130313 Depth: 3 Value: 5.57 Station: WE4.1
 --- UTM-X: 380697 UTM-Y: 4130313 Depth: 3.5 Value: 5.205 Station: WE4.1
 --- UTM-X: 380697 UTM-Y: 4130313 Depth: 4 Value: 4.84 Station: WE4.1
 --- UTM-X: 377038 UTM-Y: 4122598 Depth: 0 Value: 6.66 Station: WE4.2
 --- UTM-X: 377038 UTM-Y: 4122598 Depth: 0.5 Value: 6.66 Station: WE4.2
 --- UTM-X: 377038 UTM-Y: 4122598 Depth: 1 Value: 6.66 Station: WE4.2
 --- UTM-X: 377038 UTM-Y: 4122598 Depth: 1.5 Value: 6.415 Station: WE4.2
 --- UTM-X: 377038 UTM-Y: 4122598 Depth: 2 Value: 6.17 Station: WE4.2
 --- UTM-X: 377038 UTM-Y: 4122598 Depth: 2.5 Value: 6.055 Station: WE4.2
 --- UTM-X: 377038 UTM-Y: 4122598 Depth: 3 Value: 5.94 Station: WE4.2
 --- UTM-X: 377038 UTM-Y: 4122598 Depth: 3.5 Value: 5.965 Station: WE4.2
 --- UTM-X: 377038 UTM-Y: 4122598 Depth: 4 Value: 5.99 Station: WE4.2
 --- UTM-X: 377038 UTM-Y: 4122598 Depth: 4.5 Value: 5.97 Station: WE4.2
 --- UTM-X: 377038 UTM-Y: 4122598 Depth: 5 Value: 5.95 Station: WE4.2
 --- UTM-X: 377038 UTM-Y: 4122598 Depth: 5.5 Value: 6.06 Station: WE4.2
 --- UTM-X: 377038 UTM-Y: 4122598 Depth: 6 Value: 6.17 Station: WE4.2
 --- UTM-X: 377038 UTM-Y: 4122598 Depth: 6.5 Value: 6.185 Station: WE4.2
 --- UTM-X: 377038 UTM-Y: 4122598 Depth: 7 Value: 6.2 Station: WE4.2
 --- UTM-X: 377038 UTM-Y: 4122598 Depth: 7.5 Value: 6.16 Station: WE4.2
 --- UTM-X: 377038 UTM-Y: 4122598 Depth: 8 Value: 6.12 Station: WE4.2
 --- UTM-X: 377038 UTM-Y: 4122598 Depth: 8.5 Value: 5.145 Station: WE4.2
 --- UTM-X: 377038 UTM-Y: 4122598 Depth: 9 Value: 4.17 Station: WE4.2
 --- UTM-X: 377038 UTM-Y: 4122598 Depth: 9.5 Value: 3.105 Station: WE4.2
 --- UTM-X: 377038 UTM-Y: 4122598 Depth: 10 Value: 2.04 Station: WE4.2
 --- UTM-X: 377038 UTM-Y: 4122598 Depth: 10.5 Value: 2.04 Station: WE4.2
 --- UTM-X: 377038 UTM-Y: 4122598 Depth: 11 Value: 2.04 Station: WE4.2
 --- UTM-X: 378116 UTM-Y: 4115369 Depth: 0 Value: 7.13 Station: WE4.3
 --- UTM-X: 378116 UTM-Y: 4115369 Depth: 0.5 Value: 7.13 Station: WE4.3
 --- UTM-X: 378116 UTM-Y: 4115369 Depth: 1 Value: 7.13 Station: WE4.3
 --- UTM-X: 378116 UTM-Y: 4115369 Depth: 1.5 Value: 7.125 Station: WE4.3
 --- UTM-X: 378116 UTM-Y: 4115369 Depth: 2 Value: 7.12 Station: WE4.3
 --- UTM-X: 378116 UTM-Y: 4115369 Depth: 2.5 Value: 7.075 Station: WE4.3
 --- UTM-X: 378116 UTM-Y: 4115369 Depth: 3 Value: 7.03 Station: WE4.3
 --- UTM-X: 378116 UTM-Y: 4115369 Depth: 3.5 Value: 6.36 Station: WE4.3
 --- UTM-X: 378116 UTM-Y: 4115369 Depth: 4 Value: 5.69 Station: WE4.3
 --- UTM-X: 385118 UTM-Y: 4107873 Depth: 0 Value: 6.83 Station: WE4.4
 --- UTM-X: 385118 UTM-Y: 4107873 Depth: 0.5 Value: 6.83 Station: WE4.4
 --- UTM-X: 385118 UTM-Y: 4107873 Depth: 1 Value: 6.83 Station: WE4.4
 --- UTM-X: 385118 UTM-Y: 4107873 Depth: 1.5 Value: 6.885 Station: WE4.4
 --- UTM-X: 385118 UTM-Y: 4107873 Depth: 2 Value: 6.94 Station: WE4.4
 --- UTM-X: 385118 UTM-Y: 4107873 Depth: 2.5 Value: 6.85 Station: WE4.4
 --- UTM-X: 385118 UTM-Y: 4107873 Depth: 3 Value: 6.76 Station: WE4.4
 --- UTM-X: 385118 UTM-Y: 4107873 Depth: 3.5 Value: 6.535 Station: WE4.4
 --- UTM-X: 385118 UTM-Y: 4107873 Depth: 4 Value: 6.31 Station: WE4.4
 --- UTM-X: 385118 UTM-Y: 4107873 Depth: 4.5 Value: 5.985 Station: WE4.4
 --- UTM-X: 385118 UTM-Y: 4107873 Depth: 5 Value: 5.66 Station: WE4.4
 --- UTM-X: 385118 UTM-Y: 4107873 Depth: 5.5 Value: 5.65 Station: WE4.4
 --- UTM-X: 385118 UTM-Y: 4107873 Depth: 6 Value: 5.64 Station: WE4.4
 --- 6503 cells were interpolated in region CB6PH.  Subtotal: 35144 total cells.
 ---- Region was calculated in 1 seconds. Segment volume (m^3) = 6503000000
 
 - Bathymetry Region ID: 1007  Region Name: CB7PH  Data Points: 635 in data region 1007
 -- Cell Size  E-W: 1000  N-S: 1000  Vertical: 1
 --- Data in Region ---
 --- UTM-X: 396587 UTM-Y: 4184289 Depth: 0 Value: 7.21 Station: CB5.4
 --- UTM-X: 396587 UTM-Y: 4184289 Depth: 0.5 Value: 7.21 Station: CB5.4
 --- UTM-X: 396587 UTM-Y: 4184289 Depth: 1 Value: 7.21 Station: CB5.4
 --- UTM-X: 396587 UTM-Y: 4184289 Depth: 1.5 Value: 7.155 Station: CB5.4
 --- UTM-X: 396587 UTM-Y: 4184289 Depth: 2 Value: 7.1 Station: CB5.4
 --- UTM-X: 396587 UTM-Y: 4184289 Depth: 2.5 Value: 7.13 Station: CB5.4
 --- UTM-X: 396587 UTM-Y: 4184289 Depth: 3 Value: 7.16 Station: CB5.4
 --- UTM-X: 396587 UTM-Y: 4184289 Depth: 3.5 Value: 6.31 Station: CB5.4
 --- UTM-X: 396587 UTM-Y: 4184289 Depth: 4 Value: 5.46 Station: CB5.4
 --- UTM-X: 396587 UTM-Y: 4184289 Depth: 4.5 Value: 6.12 Station: CB5.4
 --- UTM-X: 396587 UTM-Y: 4184289 Depth: 5 Value: 6.78 Station: CB5.4
 --- UTM-X: 396587 UTM-Y: 4184289 Depth: 5.5 Value: 4.305 Station: CB5.4
 --- UTM-X: 396587 UTM-Y: 4184289 Depth: 6 Value: 1.83 Station: CB5.4
 --- UTM-X: 396587 UTM-Y: 4184289 Depth: 6.5 Value: 1.73 Station: CB5.4
 --- UTM-X: 396587 UTM-Y: 4184289 Depth: 7 Value: 1.63 Station: CB5.4
 --- UTM-X: 396587 UTM-Y: 4184289 Depth: 7.5 Value: 1.615 Station: CB5.4
 --- UTM-X: 396587 UTM-Y: 4184289 Depth: 8 Value: 1.6 Station: CB5.4
 --- UTM-X: 396587 UTM-Y: 4184289 Depth: 8.5 Value: 1.175 Station: CB5.4
 --- UTM-X: 396587 UTM-Y: 4184289 Depth: 9 Value: 0.75 Station: CB5.4
 --- UTM-X: 396587 UTM-Y: 4184289 Depth: 9.5 Value: 0.56 Station: CB5.4
 --- UTM-X: 396587 UTM-Y: 4184289 Depth: 10 Value: 0.37 Station: CB5.4
 --- UTM-X: 396587 UTM-Y: 4184289 Depth: 10.5 Value: 0.35 Station: CB5.4
 --- UTM-X: 396587 UTM-Y: 4184289 Depth: 11 Value: 0.33 Station: CB5.4
 --- UTM-X: 396587 UTM-Y: 4184289 Depth: 11.5 Value: 0.315 Station: CB5.4
 --- UTM-X: 396587 UTM-Y: 4184289 Depth: 12 Value: 0.3 Station: CB5.4
 --- UTM-X: 396587 UTM-Y: 4184289 Depth: 12.5 Value: 0.375 Station: CB5.4
 --- UTM-X: 396587 UTM-Y: 4184289 Depth: 13 Value: 0.45 Station: CB5.4
 --- UTM-X: 396587 UTM-Y: 4184289 Depth: 13.5 Value: 0.39 Station: CB5.4
 --- UTM-X: 396587 UTM-Y: 4184289 Depth: 14 Value: 0.33 Station: CB5.4
 --- UTM-X: 396587 UTM-Y: 4184289 Depth: 14.5 Value: 0.4 Station: CB5.4
 --- UTM-X: 396587 UTM-Y: 4184289 Depth: 15 Value: 0.47 Station: CB5.4
 --- UTM-X: 396587 UTM-Y: 4184289 Depth: 15.5 Value: 0.515 Station: CB5.4
 --- UTM-X: 396587 UTM-Y: 4184289 Depth: 16 Value: 0.56 Station: CB5.4
 --- UTM-X: 396587 UTM-Y: 4184289 Depth: 16.5 Value: 0.54 Station: CB5.4
 --- UTM-X: 396587 UTM-Y: 4184289 Depth: 17 Value: 0.52 Station: CB5.4
 --- UTM-X: 396587 UTM-Y: 4184289 Depth: 17.5 Value: 0.575 Station: CB5.4
 --- UTM-X: 396587 UTM-Y: 4184289 Depth: 18 Value: 0.63 Station: CB5.4
 --- UTM-X: 396587 UTM-Y: 4184289 Depth: 18.5 Value: 0.69 Station: CB5.4
 --- UTM-X: 396587 UTM-Y: 4184289 Depth: 19 Value: 0.75 Station: CB5.4
 --- UTM-X: 396587 UTM-Y: 4184289 Depth: 19.5 Value: 0.765 Station: CB5.4
 --- UTM-X: 396587 UTM-Y: 4184289 Depth: 20 Value: 0.78 Station: CB5.4
 --- UTM-X: 396587 UTM-Y: 4184289 Depth: 20.5 Value: 0.845 Station: CB5.4
 --- UTM-X: 396587 UTM-Y: 4184289 Depth: 21 Value: 0.91 Station: CB5.4
 --- UTM-X: 396587 UTM-Y: 4184289 Depth: 21.5 Value: 0.965 Station: CB5.4
 --- UTM-X: 396587 UTM-Y: 4184289 Depth: 22 Value: 1.02 Station: CB5.4
 --- UTM-X: 396587 UTM-Y: 4184289 Depth: 22.5 Value: 1.065 Station: CB5.4
 --- UTM-X: 396587 UTM-Y: 4184289 Depth: 23 Value: 1.11 Station: CB5.4
 --- UTM-X: 396587 UTM-Y: 4184289 Depth: 23.5 Value: 1.25 Station: CB5.4
 --- UTM-X: 396587 UTM-Y: 4184289 Depth: 24 Value: 1.39 Station: CB5.4
 --- UTM-X: 396587 UTM-Y: 4184289 Depth: 24.5 Value: 1.435 Station: CB5.4
 --- UTM-X: 396587 UTM-Y: 4184289 Depth: 25 Value: 1.48 Station: CB5.4
 --- UTM-X: 396587 UTM-Y: 4184289 Depth: 25.5 Value: 1.435 Station: CB5.4
 --- UTM-X: 396587 UTM-Y: 4184289 Depth: 26 Value: 1.39 Station: CB5.4
 --- UTM-X: 396587 UTM-Y: 4184289 Depth: 26.5 Value: 1.455 Station: CB5.4
 --- UTM-X: 396587 UTM-Y: 4184289 Depth: 27 Value: 1.52 Station: CB5.4
 --- UTM-X: 396587 UTM-Y: 4184289 Depth: 27.5 Value: 1.525 Station: CB5.4
 --- UTM-X: 396587 UTM-Y: 4184289 Depth: 28 Value: 1.53 Station: CB5.4
 --- UTM-X: 396587 UTM-Y: 4184289 Depth: 28.5 Value: 1.545 Station: CB5.4
 --- UTM-X: 396587 UTM-Y: 4184289 Depth: 29 Value: 1.56 Station: CB5.4
 --- UTM-X: 396587 UTM-Y: 4184289 Depth: 29.5 Value: 1.55 Station: CB5.4
 --- UTM-X: 396587 UTM-Y: 4184289 Depth: 30 Value: 1.54 Station: CB5.4
 --- UTM-X: 395113 UTM-Y: 4172286 Depth: 0 Value: 7.59 Station: CB5.5
 --- UTM-X: 395113 UTM-Y: 4172286 Depth: 0.5 Value: 7.59 Station: CB5.5
 --- UTM-X: 395113 UTM-Y: 4172286 Depth: 1 Value: 7.59 Station: CB5.5
 --- UTM-X: 395113 UTM-Y: 4172286 Depth: 1.5 Value: 7.495 Station: CB5.5
 --- UTM-X: 395113 UTM-Y: 4172286 Depth: 2 Value: 7.4 Station: CB5.5
 --- UTM-X: 395113 UTM-Y: 4172286 Depth: 2.5 Value: 7.095 Station: CB5.5
 --- UTM-X: 395113 UTM-Y: 4172286 Depth: 3 Value: 6.79 Station: CB5.5
 --- UTM-X: 395113 UTM-Y: 4172286 Depth: 3.5 Value: 6.285 Station: CB5.5
 --- UTM-X: 395113 UTM-Y: 4172286 Depth: 4 Value: 5.78 Station: CB5.5
 --- UTM-X: 395113 UTM-Y: 4172286 Depth: 4.5 Value: 5.17 Station: CB5.5
 --- UTM-X: 395113 UTM-Y: 4172286 Depth: 5 Value: 4.56 Station: CB5.5
 --- UTM-X: 395113 UTM-Y: 4172286 Depth: 5.5 Value: 4.4 Station: CB5.5
 --- UTM-X: 395113 UTM-Y: 4172286 Depth: 6 Value: 4.24 Station: CB5.5
 --- UTM-X: 395113 UTM-Y: 4172286 Depth: 6.5 Value: 2.47 Station: CB5.5
 --- UTM-X: 395113 UTM-Y: 4172286 Depth: 7 Value: 0.7 Station: CB5.5
 --- UTM-X: 395113 UTM-Y: 4172286 Depth: 7.5 Value: 0.705 Station: CB5.5
 --- UTM-X: 395113 UTM-Y: 4172286 Depth: 8 Value: 0.71 Station: CB5.5
 --- UTM-X: 395113 UTM-Y: 4172286 Depth: 8.5 Value: 0.69 Station: CB5.5
 --- UTM-X: 395113 UTM-Y: 4172286 Depth: 9 Value: 0.67 Station: CB5.5
 --- UTM-X: 395113 UTM-Y: 4172286 Depth: 9.5 Value: 0.665 Station: CB5.5
 --- UTM-X: 395113 UTM-Y: 4172286 Depth: 10 Value: 0.66 Station: CB5.5
 --- UTM-X: 395113 UTM-Y: 4172286 Depth: 10.5 Value: 0.675 Station: CB5.5
 --- UTM-X: 395113 UTM-Y: 4172286 Depth: 11 Value: 0.69 Station: CB5.5
 --- UTM-X: 395113 UTM-Y: 4172286 Depth: 11.5 Value: 0.735 Station: CB5.5
 --- UTM-X: 395113 UTM-Y: 4172286 Depth: 12 Value: 0.78 Station: CB5.5
 --- UTM-X: 395113 UTM-Y: 4172286 Depth: 12.5 Value: 1.115 Station: CB5.5
 --- UTM-X: 395113 UTM-Y: 4172286 Depth: 13 Value: 1.45 Station: CB5.5
 --- UTM-X: 395113 UTM-Y: 4172286 Depth: 13.5 Value: 1.48 Station: CB5.5
 --- UTM-X: 395113 UTM-Y: 4172286 Depth: 14 Value: 1.51 Station: CB5.5
 --- UTM-X: 397396 UTM-Y: 4160791 Depth: 0 Value: 7.62 Station: CB6.1
 --- UTM-X: 397396 UTM-Y: 4160791 Depth: 0.5 Value: 7.62 Station: CB6.1
 --- UTM-X: 397396 UTM-Y: 4160791 Depth: 1 Value: 7.62 Station: CB6.1
 --- UTM-X: 397396 UTM-Y: 4160791 Depth: 1.5 Value: 7.63 Station: CB6.1
 --- UTM-X: 397396 UTM-Y: 4160791 Depth: 2 Value: 7.64 Station: CB6.1
 --- UTM-X: 397396 UTM-Y: 4160791 Depth: 2.5 Value: 7.55 Station: CB6.1
 --- UTM-X: 397396 UTM-Y: 4160791 Depth: 3 Value: 7.46 Station: CB6.1
 --- UTM-X: 397396 UTM-Y: 4160791 Depth: 3.5 Value: 7.4 Station: CB6.1
 --- UTM-X: 397396 UTM-Y: 4160791 Depth: 4 Value: 7.34 Station: CB6.1
 --- UTM-X: 397396 UTM-Y: 4160791 Depth: 4.5 Value: 7.29 Station: CB6.1
 --- UTM-X: 397396 UTM-Y: 4160791 Depth: 5 Value: 7.24 Station: CB6.1
 --- UTM-X: 397396 UTM-Y: 4160791 Depth: 5.5 Value: 6.965 Station: CB6.1
 --- UTM-X: 397396 UTM-Y: 4160791 Depth: 6 Value: 6.69 Station: CB6.1
 --- UTM-X: 397396 UTM-Y: 4160791 Depth: 6.5 Value: 4.68 Station: CB6.1
 --- UTM-X: 397396 UTM-Y: 4160791 Depth: 7 Value: 2.67 Station: CB6.1
 --- UTM-X: 397396 UTM-Y: 4160791 Depth: 7.5 Value: 1.82 Station: CB6.1
 --- UTM-X: 397396 UTM-Y: 4160791 Depth: 8 Value: 0.97 Station: CB6.1
 --- UTM-X: 397396 UTM-Y: 4160791 Depth: 8.5 Value: 0.95 Station: CB6.1
 --- UTM-X: 397396 UTM-Y: 4160791 Depth: 9 Value: 0.93 Station: CB6.1
 --- UTM-X: 397396 UTM-Y: 4160791 Depth: 9.5 Value: 0.96 Station: CB6.1
 --- UTM-X: 397396 UTM-Y: 4160791 Depth: 10 Value: 0.99 Station: CB6.1
 --- UTM-X: 397396 UTM-Y: 4160791 Depth: 10.5 Value: 1.035 Station: CB6.1
 --- UTM-X: 397396 UTM-Y: 4160791 Depth: 11 Value: 1.08 Station: CB6.1
 --- UTM-X: 397772 UTM-Y: 4149505 Depth: 0 Value: 6.74 Station: CB6.2
 --- UTM-X: 397772 UTM-Y: 4149505 Depth: 0.5 Value: 6.74 Station: CB6.2
 --- UTM-X: 397772 UTM-Y: 4149505 Depth: 1 Value: 6.74 Station: CB6.2
 --- UTM-X: 397772 UTM-Y: 4149505 Depth: 1.5 Value: 6.71 Station: CB6.2
 --- UTM-X: 397772 UTM-Y: 4149505 Depth: 2 Value: 6.68 Station: CB6.2
 --- UTM-X: 397772 UTM-Y: 4149505 Depth: 2.5 Value: 6.53 Station: CB6.2
 --- UTM-X: 397772 UTM-Y: 4149505 Depth: 3 Value: 6.38 Station: CB6.2
 --- UTM-X: 397772 UTM-Y: 4149505 Depth: 3.5 Value: 6.195 Station: CB6.2
 --- UTM-X: 397772 UTM-Y: 4149505 Depth: 4 Value: 6.01 Station: CB6.2
 --- UTM-X: 397772 UTM-Y: 4149505 Depth: 4.5 Value: 5.895 Station: CB6.2
 --- UTM-X: 397772 UTM-Y: 4149505 Depth: 5 Value: 5.78 Station: CB6.2
 --- UTM-X: 397772 UTM-Y: 4149505 Depth: 5.5 Value: 5.71 Station: CB6.2
 --- UTM-X: 397772 UTM-Y: 4149505 Depth: 6 Value: 5.64 Station: CB6.2
 --- UTM-X: 397772 UTM-Y: 4149505 Depth: 6.5 Value: 5.11 Station: CB6.2
 --- UTM-X: 397772 UTM-Y: 4149505 Depth: 7 Value: 4.58 Station: CB6.2
 --- UTM-X: 397772 UTM-Y: 4149505 Depth: 7.5 Value: 3.17 Station: CB6.2
 --- UTM-X: 397772 UTM-Y: 4149505 Depth: 8 Value: 1.76 Station: CB6.2
 --- UTM-X: 397772 UTM-Y: 4149505 Depth: 8.5 Value: 1.6 Station: CB6.2
 --- UTM-X: 397772 UTM-Y: 4149505 Depth: 9 Value: 1.44 Station: CB6.2
 --- UTM-X: 397375 UTM-Y: 4141157 Depth: 0 Value: 7.52 Station: CB6.3
 --- UTM-X: 397375 UTM-Y: 4141157 Depth: 0.5 Value: 7.52 Station: CB6.3
 --- UTM-X: 397375 UTM-Y: 4141157 Depth: 1 Value: 7.52 Station: CB6.3
 --- UTM-X: 397375 UTM-Y: 4141157 Depth: 1.5 Value: 7.54 Station: CB6.3
 --- UTM-X: 397375 UTM-Y: 4141157 Depth: 2 Value: 7.56 Station: CB6.3
 --- UTM-X: 397375 UTM-Y: 4141157 Depth: 2.5 Value: 7.49 Station: CB6.3
 --- UTM-X: 397375 UTM-Y: 4141157 Depth: 3 Value: 7.42 Station: CB6.3
 --- UTM-X: 397375 UTM-Y: 4141157 Depth: 3.5 Value: 7.265 Station: CB6.3
 --- UTM-X: 397375 UTM-Y: 4141157 Depth: 4 Value: 7.11 Station: CB6.3
 --- UTM-X: 397375 UTM-Y: 4141157 Depth: 4.5 Value: 6.825 Station: CB6.3
 --- UTM-X: 397375 UTM-Y: 4141157 Depth: 5 Value: 6.54 Station: CB6.3
 --- UTM-X: 397375 UTM-Y: 4141157 Depth: 5.5 Value: 5.855 Station: CB6.3
 --- UTM-X: 397375 UTM-Y: 4141157 Depth: 6 Value: 5.17 Station: CB6.3
 --- UTM-X: 397375 UTM-Y: 4141157 Depth: 6.5 Value: 4.85 Station: CB6.3
 --- UTM-X: 397375 UTM-Y: 4141157 Depth: 7 Value: 4.53 Station: CB6.3
 --- UTM-X: 397375 UTM-Y: 4141157 Depth: 7.5 Value: 4.185 Station: CB6.3
 --- UTM-X: 397375 UTM-Y: 4141157 Depth: 8 Value: 3.84 Station: CB6.3
 --- UTM-X: 397375 UTM-Y: 4141157 Depth: 8.5 Value: 3.265 Station: CB6.3
 --- UTM-X: 397375 UTM-Y: 4141157 Depth: 9 Value: 2.69 Station: CB6.3
 --- UTM-X: 397375 UTM-Y: 4141157 Depth: 9.5 Value: 2.83 Station: CB6.3
 --- UTM-X: 397375 UTM-Y: 4141157 Depth: 10 Value: 2.97 Station: CB6.3
 --- UTM-X: 392849 UTM-Y: 4121795 Depth: 0 Value: 7.65 Station: CB6.4
 --- UTM-X: 392849 UTM-Y: 4121795 Depth: 0.5 Value: 7.65 Station: CB6.4
 --- UTM-X: 392849 UTM-Y: 4121795 Depth: 1 Value: 7.65 Station: CB6.4
 --- UTM-X: 392849 UTM-Y: 4121795 Depth: 1.5 Value: 7.605 Station: CB6.4
 --- UTM-X: 392849 UTM-Y: 4121795 Depth: 2 Value: 7.56 Station: CB6.4
 --- UTM-X: 392849 UTM-Y: 4121795 Depth: 2.5 Value: 7.455 Station: CB6.4
 --- UTM-X: 392849 UTM-Y: 4121795 Depth: 3 Value: 7.35 Station: CB6.4
 --- UTM-X: 392849 UTM-Y: 4121795 Depth: 3.5 Value: 7.255 Station: CB6.4
 --- UTM-X: 392849 UTM-Y: 4121795 Depth: 4 Value: 7.16 Station: CB6.4
 --- UTM-X: 392849 UTM-Y: 4121795 Depth: 4.5 Value: 7.11 Station: CB6.4
 --- UTM-X: 392849 UTM-Y: 4121795 Depth: 5 Value: 7.06 Station: CB6.4
 --- UTM-X: 392849 UTM-Y: 4121795 Depth: 5.5 Value: 6.935 Station: CB6.4
 --- UTM-X: 392849 UTM-Y: 4121795 Depth: 6 Value: 6.81 Station: CB6.4
 --- UTM-X: 392849 UTM-Y: 4121795 Depth: 6.5 Value: 6.545 Station: CB6.4
 --- UTM-X: 392849 UTM-Y: 4121795 Depth: 7 Value: 6.28 Station: CB6.4
 --- UTM-X: 392849 UTM-Y: 4121795 Depth: 7.5 Value: 5.775 Station: CB6.4
 --- UTM-X: 392849 UTM-Y: 4121795 Depth: 8 Value: 5.27 Station: CB6.4
 --- UTM-X: 412737 UTM-Y: 4171156 Depth: 0 Value: 9.21 Station: CB7.1
 --- UTM-X: 412737 UTM-Y: 4171156 Depth: 0.5 Value: 9.21 Station: CB7.1
 --- UTM-X: 412737 UTM-Y: 4171156 Depth: 1 Value: 9.21 Station: CB7.1
 --- UTM-X: 412737 UTM-Y: 4171156 Depth: 1.5 Value: 9.205 Station: CB7.1
 --- UTM-X: 412737 UTM-Y: 4171156 Depth: 2 Value: 9.2 Station: CB7.1
 --- UTM-X: 412737 UTM-Y: 4171156 Depth: 2.5 Value: 8.675 Station: CB7.1
 --- UTM-X: 412737 UTM-Y: 4171156 Depth: 3 Value: 8.15 Station: CB7.1
 --- UTM-X: 412737 UTM-Y: 4171156 Depth: 3.5 Value: 7.725 Station: CB7.1
 --- UTM-X: 412737 UTM-Y: 4171156 Depth: 4 Value: 7.3 Station: CB7.1
 --- UTM-X: 412737 UTM-Y: 4171156 Depth: 4.5 Value: 7.08 Station: CB7.1
 --- UTM-X: 412737 UTM-Y: 4171156 Depth: 5 Value: 6.86 Station: CB7.1
 --- UTM-X: 412737 UTM-Y: 4171156 Depth: 5.5 Value: 6.27 Station: CB7.1
 --- UTM-X: 412737 UTM-Y: 4171156 Depth: 6 Value: 5.68 Station: CB7.1
 --- UTM-X: 412737 UTM-Y: 4171156 Depth: 6.5 Value: 5.185 Station: CB7.1
 --- UTM-X: 412737 UTM-Y: 4171156 Depth: 7 Value: 4.69 Station: CB7.1
 --- UTM-X: 412737 UTM-Y: 4171156 Depth: 7.5 Value: 4.25 Station: CB7.1
 --- UTM-X: 412737 UTM-Y: 4171156 Depth: 8 Value: 3.81 Station: CB7.1
 --- UTM-X: 412737 UTM-Y: 4171156 Depth: 8.5 Value: 3.38 Station: CB7.1
 --- UTM-X: 412737 UTM-Y: 4171156 Depth: 9 Value: 2.95 Station: CB7.1
 --- UTM-X: 412737 UTM-Y: 4171156 Depth: 9.5 Value: 2.705 Station: CB7.1
 --- UTM-X: 412737 UTM-Y: 4171156 Depth: 10 Value: 2.46 Station: CB7.1
 --- UTM-X: 412737 UTM-Y: 4171156 Depth: 10.5 Value: 2.555 Station: CB7.1
 --- UTM-X: 412737 UTM-Y: 4171156 Depth: 11 Value: 2.65 Station: CB7.1
 --- UTM-X: 412737 UTM-Y: 4171156 Depth: 11.5 Value: 2.35 Station: CB7.1
 --- UTM-X: 412737 UTM-Y: 4171156 Depth: 12 Value: 2.05 Station: CB7.1
 --- UTM-X: 412737 UTM-Y: 4171156 Depth: 12.5 Value: 2.075 Station: CB7.1
 --- UTM-X: 412737 UTM-Y: 4171156 Depth: 13 Value: 2.1 Station: CB7.1
 --- UTM-X: 412737 UTM-Y: 4171156 Depth: 13.5 Value: 2.16 Station: CB7.1
 --- UTM-X: 412737 UTM-Y: 4171156 Depth: 14 Value: 2.22 Station: CB7.1
 --- UTM-X: 412737 UTM-Y: 4171156 Depth: 14.5 Value: 2.285 Station: CB7.1
 --- UTM-X: 412737 UTM-Y: 4171156 Depth: 15 Value: 2.35 Station: CB7.1
 --- UTM-X: 412737 UTM-Y: 4171156 Depth: 15.5 Value: 2.425 Station: CB7.1
 --- UTM-X: 412737 UTM-Y: 4171156 Depth: 16 Value: 2.5 Station: CB7.1
 --- UTM-X: 414166 UTM-Y: 4181313 Depth: 0 Value: 8.01 Station: CB7.1N
 --- UTM-X: 414166 UTM-Y: 4181313 Depth: 0.5 Value: 8.01 Station: CB7.1N
 --- UTM-X: 414166 UTM-Y: 4181313 Depth: 1 Value: 8.01 Station: CB7.1N
 --- UTM-X: 414166 UTM-Y: 4181313 Depth: 1.5 Value: 7.92 Station: CB7.1N
 --- UTM-X: 414166 UTM-Y: 4181313 Depth: 2 Value: 7.83 Station: CB7.1N
 --- UTM-X: 414166 UTM-Y: 4181313 Depth: 2.5 Value: 7.835 Station: CB7.1N
 --- UTM-X: 414166 UTM-Y: 4181313 Depth: 3 Value: 7.84 Station: CB7.1N
 --- UTM-X: 414166 UTM-Y: 4181313 Depth: 3.5 Value: 7.87 Station: CB7.1N
 --- UTM-X: 414166 UTM-Y: 4181313 Depth: 4 Value: 7.9 Station: CB7.1N
 --- UTM-X: 414166 UTM-Y: 4181313 Depth: 4.5 Value: 7.925 Station: CB7.1N
 --- UTM-X: 414166 UTM-Y: 4181313 Depth: 5 Value: 7.95 Station: CB7.1N
 --- UTM-X: 414166 UTM-Y: 4181313 Depth: 5.5 Value: 7.935 Station: CB7.1N
 --- UTM-X: 414166 UTM-Y: 4181313 Depth: 6 Value: 7.92 Station: CB7.1N
 --- UTM-X: 414166 UTM-Y: 4181313 Depth: 6.5 Value: 7.905 Station: CB7.1N
 --- UTM-X: 414166 UTM-Y: 4181313 Depth: 7 Value: 7.89 Station: CB7.1N
 --- UTM-X: 414166 UTM-Y: 4181313 Depth: 7.5 Value: 7.875 Station: CB7.1N
 --- UTM-X: 414166 UTM-Y: 4181313 Depth: 8 Value: 7.86 Station: CB7.1N
 --- UTM-X: 414166 UTM-Y: 4181313 Depth: 8.5 Value: 7.835 Station: CB7.1N
 --- UTM-X: 414166 UTM-Y: 4181313 Depth: 9 Value: 7.81 Station: CB7.1N
 --- UTM-X: 414166 UTM-Y: 4181313 Depth: 9.5 Value: 7.78 Station: CB7.1N
 --- UTM-X: 414166 UTM-Y: 4181313 Depth: 10 Value: 7.75 Station: CB7.1N
 --- UTM-X: 414166 UTM-Y: 4181313 Depth: 10.5 Value: 7.68 Station: CB7.1N
 --- UTM-X: 414166 UTM-Y: 4181313 Depth: 11 Value: 7.61 Station: CB7.1N
 --- UTM-X: 414166 UTM-Y: 4181313 Depth: 11.5 Value: 7.555 Station: CB7.1N
 --- UTM-X: 414166 UTM-Y: 4181313 Depth: 12 Value: 7.5 Station: CB7.1N
 --- UTM-X: 414166 UTM-Y: 4181313 Depth: 12.5 Value: 7.32 Station: CB7.1N
 --- UTM-X: 414166 UTM-Y: 4181313 Depth: 13 Value: 7.14 Station: CB7.1N
 --- UTM-X: 414166 UTM-Y: 4181313 Depth: 13.5 Value: 6.01 Station: CB7.1N
 --- UTM-X: 414166 UTM-Y: 4181313 Depth: 14 Value: 4.88 Station: CB7.1N
 --- UTM-X: 414166 UTM-Y: 4181313 Depth: 14.5 Value: 4.865 Station: CB7.1N
 --- UTM-X: 414166 UTM-Y: 4181313 Depth: 15 Value: 4.85 Station: CB7.1N
 --- UTM-X: 414166 UTM-Y: 4181313 Depth: 15.5 Value: 4.865 Station: CB7.1N
 --- UTM-X: 414166 UTM-Y: 4181313 Depth: 16 Value: 4.88 Station: CB7.1N
 --- UTM-X: 414166 UTM-Y: 4181313 Depth: 16.5 Value: 4.885 Station: CB7.1N
 --- UTM-X: 414166 UTM-Y: 4181313 Depth: 17 Value: 4.89 Station: CB7.1N
 --- UTM-X: 414166 UTM-Y: 4181313 Depth: 17.5 Value: 4.87 Station: CB7.1N
 --- UTM-X: 414166 UTM-Y: 4181313 Depth: 18 Value: 4.85 Station: CB7.1N
 --- UTM-X: 414166 UTM-Y: 4181313 Depth: 18.5 Value: 4.76 Station: CB7.1N
 --- UTM-X: 414166 UTM-Y: 4181313 Depth: 19 Value: 4.67 Station: CB7.1N
 --- UTM-X: 414166 UTM-Y: 4181313 Depth: 19.5 Value: 4.525 Station: CB7.1N
 --- UTM-X: 414166 UTM-Y: 4181313 Depth: 20 Value: 4.38 Station: CB7.1N
 --- UTM-X: 414166 UTM-Y: 4181313 Depth: 20.5 Value: 4.315 Station: CB7.1N
 --- UTM-X: 414166 UTM-Y: 4181313 Depth: 21 Value: 4.25 Station: CB7.1N
 --- UTM-X: 414166 UTM-Y: 4181313 Depth: 21.5 Value: 4.07 Station: CB7.1N
 --- UTM-X: 414166 UTM-Y: 4181313 Depth: 22 Value: 3.89 Station: CB7.1N
 --- UTM-X: 414166 UTM-Y: 4181313 Depth: 22.5 Value: 3.895 Station: CB7.1N
 --- UTM-X: 414166 UTM-Y: 4181313 Depth: 23 Value: 3.9 Station: CB7.1N
 --- UTM-X: 414166 UTM-Y: 4181313 Depth: 23.5 Value: 3.935 Station: CB7.1N
 --- UTM-X: 414166 UTM-Y: 4181313 Depth: 24 Value: 3.97 Station: CB7.1N
 --- UTM-X: 406584 UTM-Y: 4159881 Depth: 0 Value: 8.11 Station: CB7.1S
 --- UTM-X: 406584 UTM-Y: 4159881 Depth: 0.5 Value: 8.11 Station: CB7.1S
 --- UTM-X: 406584 UTM-Y: 4159881 Depth: 1 Value: 8.11 Station: CB7.1S
 --- UTM-X: 406584 UTM-Y: 4159881 Depth: 1.5 Value: 8.165 Station: CB7.1S
 --- UTM-X: 406584 UTM-Y: 4159881 Depth: 2 Value: 8.22 Station: CB7.1S
 --- UTM-X: 406584 UTM-Y: 4159881 Depth: 2.5 Value: 7.98 Station: CB7.1S
 --- UTM-X: 406584 UTM-Y: 4159881 Depth: 3 Value: 7.74 Station: CB7.1S
 --- UTM-X: 406584 UTM-Y: 4159881 Depth: 3.5 Value: 7.58 Station: CB7.1S
 --- UTM-X: 406584 UTM-Y: 4159881 Depth: 4 Value: 7.42 Station: CB7.1S
 --- UTM-X: 406584 UTM-Y: 4159881 Depth: 4.5 Value: 7.325 Station: CB7.1S
 --- UTM-X: 406584 UTM-Y: 4159881 Depth: 5 Value: 7.23 Station: CB7.1S
 --- UTM-X: 406584 UTM-Y: 4159881 Depth: 5.5 Value: 7.01 Station: CB7.1S
 --- UTM-X: 406584 UTM-Y: 4159881 Depth: 6 Value: 6.79 Station: CB7.1S
 --- UTM-X: 406584 UTM-Y: 4159881 Depth: 6.5 Value: 5.48 Station: CB7.1S
 --- UTM-X: 406584 UTM-Y: 4159881 Depth: 7 Value: 4.17 Station: CB7.1S
 --- UTM-X: 406584 UTM-Y: 4159881 Depth: 7.5 Value: 4.135 Station: CB7.1S
 --- UTM-X: 406584 UTM-Y: 4159881 Depth: 8 Value: 4.1 Station: CB7.1S
 --- UTM-X: 406584 UTM-Y: 4159881 Depth: 8.5 Value: 4.09 Station: CB7.1S
 --- UTM-X: 406584 UTM-Y: 4159881 Depth: 9 Value: 4.08 Station: CB7.1S
 --- UTM-X: 406584 UTM-Y: 4159881 Depth: 9.5 Value: 4.015 Station: CB7.1S
 --- UTM-X: 406584 UTM-Y: 4159881 Depth: 10 Value: 3.95 Station: CB7.1S
 --- UTM-X: 406584 UTM-Y: 4159881 Depth: 10.5 Value: 3.595 Station: CB7.1S
 --- UTM-X: 406584 UTM-Y: 4159881 Depth: 11 Value: 3.24 Station: CB7.1S
 --- UTM-X: 406584 UTM-Y: 4159881 Depth: 11.5 Value: 3.255 Station: CB7.1S
 --- UTM-X: 406584 UTM-Y: 4159881 Depth: 12 Value: 3.27 Station: CB7.1S
 --- UTM-X: 406584 UTM-Y: 4159881 Depth: 12.5 Value: 3.27 Station: CB7.1S
 --- UTM-X: 406584 UTM-Y: 4159881 Depth: 13 Value: 3.27 Station: CB7.1S
 --- UTM-X: 406584 UTM-Y: 4159881 Depth: 13.5 Value: 3.265 Station: CB7.1S
 --- UTM-X: 406584 UTM-Y: 4159881 Depth: 14 Value: 3.26 Station: CB7.1S
 --- UTM-X: 406584 UTM-Y: 4159881 Depth: 14.5 Value: 3.275 Station: CB7.1S
 --- UTM-X: 406584 UTM-Y: 4159881 Depth: 15 Value: 3.29 Station: CB7.1S
 --- UTM-X: 406584 UTM-Y: 4159881 Depth: 15.5 Value: 3.31 Station: CB7.1S
 --- UTM-X: 406584 UTM-Y: 4159881 Depth: 16 Value: 3.33 Station: CB7.1S
 --- UTM-X: 404455 UTM-Y: 4141073 Depth: 0 Value: 7.89 Station: CB7.2
 --- UTM-X: 404455 UTM-Y: 4141073 Depth: 0.5 Value: 7.89 Station: CB7.2
 --- UTM-X: 404455 UTM-Y: 4141073 Depth: 1 Value: 7.89 Station: CB7.2
 --- UTM-X: 404455 UTM-Y: 4141073 Depth: 1.5 Value: 7.895 Station: CB7.2
 --- UTM-X: 404455 UTM-Y: 4141073 Depth: 2 Value: 7.9 Station: CB7.2
 --- UTM-X: 404455 UTM-Y: 4141073 Depth: 2.5 Value: 7.81 Station: CB7.2
 --- UTM-X: 404455 UTM-Y: 4141073 Depth: 3 Value: 7.72 Station: CB7.2
 --- UTM-X: 404455 UTM-Y: 4141073 Depth: 3.5 Value: 7.405 Station: CB7.2
 --- UTM-X: 404455 UTM-Y: 4141073 Depth: 4 Value: 7.09 Station: CB7.2
 --- UTM-X: 404455 UTM-Y: 4141073 Depth: 4.5 Value: 7.08 Station: CB7.2
 --- UTM-X: 404455 UTM-Y: 4141073 Depth: 5 Value: 7.07 Station: CB7.2
 --- UTM-X: 404455 UTM-Y: 4141073 Depth: 5.5 Value: 6.445 Station: CB7.2
 --- UTM-X: 404455 UTM-Y: 4141073 Depth: 6 Value: 5.82 Station: CB7.2
 --- UTM-X: 404455 UTM-Y: 4141073 Depth: 6.5 Value: 5.46 Station: CB7.2
 --- UTM-X: 404455 UTM-Y: 4141073 Depth: 7 Value: 5.1 Station: CB7.2
 --- UTM-X: 404455 UTM-Y: 4141073 Depth: 7.5 Value: 4.895 Station: CB7.2
 --- UTM-X: 404455 UTM-Y: 4141073 Depth: 8 Value: 4.69 Station: CB7.2
 --- UTM-X: 404455 UTM-Y: 4141073 Depth: 8.5 Value: 4.68 Station: CB7.2
 --- UTM-X: 404455 UTM-Y: 4141073 Depth: 9 Value: 4.67 Station: CB7.2
 --- UTM-X: 404455 UTM-Y: 4141073 Depth: 9.5 Value: 4.635 Station: CB7.2
 --- UTM-X: 404455 UTM-Y: 4141073 Depth: 10 Value: 4.6 Station: CB7.2
 --- UTM-X: 404455 UTM-Y: 4141073 Depth: 10.5 Value: 4.545 Station: CB7.2
 --- UTM-X: 404455 UTM-Y: 4141073 Depth: 11 Value: 4.49 Station: CB7.2
 --- UTM-X: 404455 UTM-Y: 4141073 Depth: 11.5 Value: 4.485 Station: CB7.2
 --- UTM-X: 404455 UTM-Y: 4141073 Depth: 12 Value: 4.48 Station: CB7.2
 --- UTM-X: 404455 UTM-Y: 4141073 Depth: 12.5 Value: 4.475 Station: CB7.2
 --- UTM-X: 404455 UTM-Y: 4141073 Depth: 13 Value: 4.47 Station: CB7.2
 --- UTM-X: 404455 UTM-Y: 4141073 Depth: 13.5 Value: 4.455 Station: CB7.2
 --- UTM-X: 404455 UTM-Y: 4141073 Depth: 14 Value: 4.44 Station: CB7.2
 --- UTM-X: 404455 UTM-Y: 4141073 Depth: 14.5 Value: 4.44 Station: CB7.2
 --- UTM-X: 404455 UTM-Y: 4141073 Depth: 15 Value: 4.44 Station: CB7.2
 --- UTM-X: 404455 UTM-Y: 4141073 Depth: 15.5 Value: 4.445 Station: CB7.2
 --- UTM-X: 404455 UTM-Y: 4141073 Depth: 16 Value: 4.45 Station: CB7.2
 --- UTM-X: 404455 UTM-Y: 4141073 Depth: 16.5 Value: 4.455 Station: CB7.2
 --- UTM-X: 404455 UTM-Y: 4141073 Depth: 17 Value: 4.46 Station: CB7.2
 --- UTM-X: 404455 UTM-Y: 4141073 Depth: 17.5 Value: 4.475 Station: CB7.2
 --- UTM-X: 404455 UTM-Y: 4141073 Depth: 18 Value: 4.49 Station: CB7.2
 --- UTM-X: 404455 UTM-Y: 4141073 Depth: 18.5 Value: 4.495 Station: CB7.2
 --- UTM-X: 404455 UTM-Y: 4141073 Depth: 19 Value: 4.5 Station: CB7.2
 --- UTM-X: 404455 UTM-Y: 4141073 Depth: 19.5 Value: 4.505 Station: CB7.2
 --- UTM-X: 404455 UTM-Y: 4141073 Depth: 20 Value: 4.51 Station: CB7.2
 --- UTM-X: 404455 UTM-Y: 4141073 Depth: 20.5 Value: 4.515 Station: CB7.2
 --- UTM-X: 404455 UTM-Y: 4141073 Depth: 21 Value: 4.52 Station: CB7.2
 --- UTM-X: 404455 UTM-Y: 4141073 Depth: 21.5 Value: 4.54 Station: CB7.2
 --- UTM-X: 404455 UTM-Y: 4141073 Depth: 22 Value: 4.56 Station: CB7.2
 --- UTM-X: 409322 UTM-Y: 4141018 Depth: 0 Value: 7.47 Station: CB7.2E
 --- UTM-X: 409322 UTM-Y: 4141018 Depth: 0.5 Value: 7.47 Station: CB7.2E
 --- UTM-X: 409322 UTM-Y: 4141018 Depth: 1 Value: 7.47 Station: CB7.2E
 --- UTM-X: 409322 UTM-Y: 4141018 Depth: 1.5 Value: 7.365 Station: CB7.2E
 --- UTM-X: 409322 UTM-Y: 4141018 Depth: 2 Value: 7.26 Station: CB7.2E
 --- UTM-X: 409322 UTM-Y: 4141018 Depth: 2.5 Value: 7.045 Station: CB7.2E
 --- UTM-X: 409322 UTM-Y: 4141018 Depth: 3 Value: 6.83 Station: CB7.2E
 --- UTM-X: 409322 UTM-Y: 4141018 Depth: 3.5 Value: 6.51 Station: CB7.2E
 --- UTM-X: 409322 UTM-Y: 4141018 Depth: 4 Value: 6.19 Station: CB7.2E
 --- UTM-X: 409322 UTM-Y: 4141018 Depth: 4.5 Value: 5.49 Station: CB7.2E
 --- UTM-X: 409322 UTM-Y: 4141018 Depth: 5 Value: 4.79 Station: CB7.2E
 --- UTM-X: 409322 UTM-Y: 4141018 Depth: 5.5 Value: 4.795 Station: CB7.2E
 --- UTM-X: 409322 UTM-Y: 4141018 Depth: 6 Value: 4.8 Station: CB7.2E
 --- UTM-X: 409322 UTM-Y: 4141018 Depth: 6.5 Value: 4.8 Station: CB7.2E
 --- UTM-X: 409322 UTM-Y: 4141018 Depth: 7 Value: 4.8 Station: CB7.2E
 --- UTM-X: 409322 UTM-Y: 4141018 Depth: 7.5 Value: 4.805 Station: CB7.2E
 --- UTM-X: 409322 UTM-Y: 4141018 Depth: 8 Value: 4.81 Station: CB7.2E
 --- UTM-X: 409322 UTM-Y: 4141018 Depth: 8.5 Value: 4.805 Station: CB7.2E
 --- UTM-X: 409322 UTM-Y: 4141018 Depth: 9 Value: 4.8 Station: CB7.2E
 --- UTM-X: 409322 UTM-Y: 4141018 Depth: 9.5 Value: 4.775 Station: CB7.2E
 --- UTM-X: 409322 UTM-Y: 4141018 Depth: 10 Value: 4.75 Station: CB7.2E
 --- UTM-X: 409322 UTM-Y: 4141018 Depth: 10.5 Value: 4.745 Station: CB7.2E
 --- UTM-X: 409322 UTM-Y: 4141018 Depth: 11 Value: 4.74 Station: CB7.2E
 --- UTM-X: 409322 UTM-Y: 4141018 Depth: 11.5 Value: 4.74 Station: CB7.2E
 --- UTM-X: 409322 UTM-Y: 4141018 Depth: 12 Value: 4.74 Station: CB7.2E
 --- UTM-X: 409322 UTM-Y: 4141018 Depth: 12.5 Value: 4.76 Station: CB7.2E
 --- UTM-X: 409322 UTM-Y: 4141018 Depth: 13 Value: 4.78 Station: CB7.2E
 --- UTM-X: 400035 UTM-Y: 4108423 Depth: 0 Value: 7.21 Station: CB7.3
 --- UTM-X: 400035 UTM-Y: 4108423 Depth: 0.5 Value: 7.21 Station: CB7.3
 --- UTM-X: 400035 UTM-Y: 4108423 Depth: 1 Value: 7.21 Station: CB7.3
 --- UTM-X: 400035 UTM-Y: 4108423 Depth: 1.5 Value: 7.22 Station: CB7.3
 --- UTM-X: 400035 UTM-Y: 4108423 Depth: 2 Value: 7.23 Station: CB7.3
 --- UTM-X: 400035 UTM-Y: 4108423 Depth: 2.5 Value: 7.04 Station: CB7.3
 --- UTM-X: 400035 UTM-Y: 4108423 Depth: 3 Value: 6.85 Station: CB7.3
 --- UTM-X: 400035 UTM-Y: 4108423 Depth: 3.5 Value: 6.755 Station: CB7.3
 --- UTM-X: 400035 UTM-Y: 4108423 Depth: 4 Value: 6.66 Station: CB7.3
 --- UTM-X: 400035 UTM-Y: 4108423 Depth: 4.5 Value: 6.57 Station: CB7.3
 --- UTM-X: 400035 UTM-Y: 4108423 Depth: 5 Value: 6.48 Station: CB7.3
 --- UTM-X: 400035 UTM-Y: 4108423 Depth: 5.5 Value: 6.52 Station: CB7.3
 --- UTM-X: 400035 UTM-Y: 4108423 Depth: 6 Value: 6.56 Station: CB7.3
 --- UTM-X: 400035 UTM-Y: 4108423 Depth: 6.5 Value: 6.57 Station: CB7.3
 --- UTM-X: 400035 UTM-Y: 4108423 Depth: 7 Value: 6.58 Station: CB7.3
 --- UTM-X: 400035 UTM-Y: 4108423 Depth: 7.5 Value: 6.555 Station: CB7.3
 --- UTM-X: 400035 UTM-Y: 4108423 Depth: 8 Value: 6.53 Station: CB7.3
 --- UTM-X: 400035 UTM-Y: 4108423 Depth: 8.5 Value: 6.4 Station: CB7.3
 --- UTM-X: 400035 UTM-Y: 4108423 Depth: 9 Value: 6.27 Station: CB7.3
 --- UTM-X: 400035 UTM-Y: 4108423 Depth: 9.5 Value: 6.22 Station: CB7.3
 --- UTM-X: 400035 UTM-Y: 4108423 Depth: 10 Value: 6.17 Station: CB7.3
 --- UTM-X: 400035 UTM-Y: 4108423 Depth: 10.5 Value: 6.11 Station: CB7.3
 --- UTM-X: 400035 UTM-Y: 4108423 Depth: 11 Value: 6.05 Station: CB7.3
 --- UTM-X: 400035 UTM-Y: 4108423 Depth: 11.5 Value: 6.075 Station: CB7.3
 --- UTM-X: 400035 UTM-Y: 4108423 Depth: 12 Value: 6.1 Station: CB7.3
 --- UTM-X: 400035 UTM-Y: 4108423 Depth: 12.5 Value: 6.105 Station: CB7.3
 --- UTM-X: 400035 UTM-Y: 4108423 Depth: 13 Value: 6.11 Station: CB7.3
 --- UTM-X: 406515 UTM-Y: 4120769 Depth: 0 Value: 7.24 Station: CB7.3E
 --- UTM-X: 406515 UTM-Y: 4120769 Depth: 0.5 Value: 7.24 Station: CB7.3E
 --- UTM-X: 406515 UTM-Y: 4120769 Depth: 1 Value: 7.24 Station: CB7.3E
 --- UTM-X: 406515 UTM-Y: 4120769 Depth: 1.5 Value: 7.135 Station: CB7.3E
 --- UTM-X: 406515 UTM-Y: 4120769 Depth: 2 Value: 7.03 Station: CB7.3E
 --- UTM-X: 406515 UTM-Y: 4120769 Depth: 2.5 Value: 6.52 Station: CB7.3E
 --- UTM-X: 406515 UTM-Y: 4120769 Depth: 3 Value: 6.01 Station: CB7.3E
 --- UTM-X: 406515 UTM-Y: 4120769 Depth: 3.5 Value: 5.895 Station: CB7.3E
 --- UTM-X: 406515 UTM-Y: 4120769 Depth: 4 Value: 5.78 Station: CB7.3E
 --- UTM-X: 406515 UTM-Y: 4120769 Depth: 4.5 Value: 5.74 Station: CB7.3E
 --- UTM-X: 406515 UTM-Y: 4120769 Depth: 5 Value: 5.7 Station: CB7.3E
 --- UTM-X: 406515 UTM-Y: 4120769 Depth: 5.5 Value: 5.655 Station: CB7.3E
 --- UTM-X: 406515 UTM-Y: 4120769 Depth: 6 Value: 5.61 Station: CB7.3E
 --- UTM-X: 406515 UTM-Y: 4120769 Depth: 6.5 Value: 5.59 Station: CB7.3E
 --- UTM-X: 406515 UTM-Y: 4120769 Depth: 7 Value: 5.57 Station: CB7.3E
 --- UTM-X: 406515 UTM-Y: 4120769 Depth: 7.5 Value: 5.505 Station: CB7.3E
 --- UTM-X: 406515 UTM-Y: 4120769 Depth: 8 Value: 5.44 Station: CB7.3E
 --- UTM-X: 406515 UTM-Y: 4120769 Depth: 8.5 Value: 5.415 Station: CB7.3E
 --- UTM-X: 406515 UTM-Y: 4120769 Depth: 9 Value: 5.39 Station: CB7.3E
 --- UTM-X: 406515 UTM-Y: 4120769 Depth: 9.5 Value: 5.4 Station: CB7.3E
 --- UTM-X: 406515 UTM-Y: 4120769 Depth: 10 Value: 5.41 Station: CB7.3E
 --- UTM-X: 406515 UTM-Y: 4120769 Depth: 10.5 Value: 5.395 Station: CB7.3E
 --- UTM-X: 406515 UTM-Y: 4120769 Depth: 11 Value: 5.38 Station: CB7.3E
 --- UTM-X: 406515 UTM-Y: 4120769 Depth: 11.5 Value: 5.375 Station: CB7.3E
 --- UTM-X: 406515 UTM-Y: 4120769 Depth: 12 Value: 5.37 Station: CB7.3E
 --- UTM-X: 406515 UTM-Y: 4120769 Depth: 12.5 Value: 5.365 Station: CB7.3E
 --- UTM-X: 406515 UTM-Y: 4120769 Depth: 13 Value: 5.36 Station: CB7.3E
 --- UTM-X: 406515 UTM-Y: 4120769 Depth: 13.5 Value: 5.355 Station: CB7.3E
 --- UTM-X: 406515 UTM-Y: 4120769 Depth: 14 Value: 5.35 Station: CB7.3E
 --- UTM-X: 406515 UTM-Y: 4120769 Depth: 14.5 Value: 5.32 Station: CB7.3E
 --- UTM-X: 406515 UTM-Y: 4120769 Depth: 15 Value: 5.29 Station: CB7.3E
 --- UTM-X: 406515 UTM-Y: 4120769 Depth: 15.5 Value: 5.275 Station: CB7.3E
 --- UTM-X: 406515 UTM-Y: 4120769 Depth: 16 Value: 5.26 Station: CB7.3E
 --- UTM-X: 406515 UTM-Y: 4120769 Depth: 16.5 Value: 5.25 Station: CB7.3E
 --- UTM-X: 406515 UTM-Y: 4120769 Depth: 17 Value: 5.24 Station: CB7.3E
 --- UTM-X: 406515 UTM-Y: 4120769 Depth: 17.5 Value: 5.24 Station: CB7.3E
 --- UTM-X: 406515 UTM-Y: 4120769 Depth: 18 Value: 5.24 Station: CB7.3E
 --- UTM-X: 409195 UTM-Y: 4094882 Depth: 0 Value: 7.06 Station: CB7.4
 --- UTM-X: 409195 UTM-Y: 4094882 Depth: 0.5 Value: 7.06 Station: CB7.4
 --- UTM-X: 409195 UTM-Y: 4094882 Depth: 1 Value: 7.06 Station: CB7.4
 --- UTM-X: 409195 UTM-Y: 4094882 Depth: 1.5 Value: 7.01 Station: CB7.4
 --- UTM-X: 409195 UTM-Y: 4094882 Depth: 2 Value: 6.96 Station: CB7.4
 --- UTM-X: 409195 UTM-Y: 4094882 Depth: 2.5 Value: 6.96 Station: CB7.4
 --- UTM-X: 409195 UTM-Y: 4094882 Depth: 3 Value: 6.96 Station: CB7.4
 --- UTM-X: 409195 UTM-Y: 4094882 Depth: 3.5 Value: 6.895 Station: CB7.4
 --- UTM-X: 409195 UTM-Y: 4094882 Depth: 4 Value: 6.83 Station: CB7.4
 --- UTM-X: 409195 UTM-Y: 4094882 Depth: 4.5 Value: 6.665 Station: CB7.4
 --- UTM-X: 409195 UTM-Y: 4094882 Depth: 5 Value: 6.5 Station: CB7.4
 --- UTM-X: 409195 UTM-Y: 4094882 Depth: 5.5 Value: 6.435 Station: CB7.4
 --- UTM-X: 409195 UTM-Y: 4094882 Depth: 6 Value: 6.37 Station: CB7.4
 --- UTM-X: 409195 UTM-Y: 4094882 Depth: 6.5 Value: 6.34 Station: CB7.4
 --- UTM-X: 409195 UTM-Y: 4094882 Depth: 7 Value: 6.31 Station: CB7.4
 --- UTM-X: 409195 UTM-Y: 4094882 Depth: 7.5 Value: 6.305 Station: CB7.4
 --- UTM-X: 409195 UTM-Y: 4094882 Depth: 8 Value: 6.3 Station: CB7.4
 --- UTM-X: 409195 UTM-Y: 4094882 Depth: 8.5 Value: 6.325 Station: CB7.4
 --- UTM-X: 409195 UTM-Y: 4094882 Depth: 9 Value: 6.35 Station: CB7.4
 --- UTM-X: 409195 UTM-Y: 4094882 Depth: 9.5 Value: 6.355 Station: CB7.4
 --- UTM-X: 409195 UTM-Y: 4094882 Depth: 10 Value: 6.36 Station: CB7.4
 --- UTM-X: 409195 UTM-Y: 4094882 Depth: 10.5 Value: 6.375 Station: CB7.4
 --- UTM-X: 409195 UTM-Y: 4094882 Depth: 11 Value: 6.39 Station: CB7.4
 --- UTM-X: 409195 UTM-Y: 4094882 Depth: 11.5 Value: 6.365 Station: CB7.4
 --- UTM-X: 409195 UTM-Y: 4094882 Depth: 12 Value: 6.34 Station: CB7.4
 --- UTM-X: 409195 UTM-Y: 4094882 Depth: 12.5 Value: 6.3 Station: CB7.4
 --- UTM-X: 409195 UTM-Y: 4094882 Depth: 13 Value: 6.26 Station: CB7.4
 --- UTM-X: 411151 UTM-Y: 4102258 Depth: 0 Value: 6.85 Station: CB7.4N
 --- UTM-X: 411151 UTM-Y: 4102258 Depth: 0.5 Value: 6.85 Station: CB7.4N
 --- UTM-X: 411151 UTM-Y: 4102258 Depth: 1 Value: 6.85 Station: CB7.4N
 --- UTM-X: 411151 UTM-Y: 4102258 Depth: 1.5 Value: 6.835 Station: CB7.4N
 --- UTM-X: 411151 UTM-Y: 4102258 Depth: 2 Value: 6.82 Station: CB7.4N
 --- UTM-X: 411151 UTM-Y: 4102258 Depth: 2.5 Value: 6.755 Station: CB7.4N
 --- UTM-X: 411151 UTM-Y: 4102258 Depth: 3 Value: 6.69 Station: CB7.4N
 --- UTM-X: 411151 UTM-Y: 4102258 Depth: 3.5 Value: 6.65 Station: CB7.4N
 --- UTM-X: 411151 UTM-Y: 4102258 Depth: 4 Value: 6.61 Station: CB7.4N
 --- UTM-X: 411151 UTM-Y: 4102258 Depth: 4.5 Value: 6.54 Station: CB7.4N
 --- UTM-X: 411151 UTM-Y: 4102258 Depth: 5 Value: 6.47 Station: CB7.4N
 --- UTM-X: 411151 UTM-Y: 4102258 Depth: 5.5 Value: 6.465 Station: CB7.4N
 --- UTM-X: 411151 UTM-Y: 4102258 Depth: 6 Value: 6.46 Station: CB7.4N
 --- UTM-X: 411151 UTM-Y: 4102258 Depth: 6.5 Value: 6.455 Station: CB7.4N
 --- UTM-X: 411151 UTM-Y: 4102258 Depth: 7 Value: 6.45 Station: CB7.4N
 --- UTM-X: 411151 UTM-Y: 4102258 Depth: 7.5 Value: 6.445 Station: CB7.4N
 --- UTM-X: 411151 UTM-Y: 4102258 Depth: 8 Value: 6.44 Station: CB7.4N
 --- UTM-X: 411151 UTM-Y: 4102258 Depth: 8.5 Value: 6.43 Station: CB7.4N
 --- UTM-X: 411151 UTM-Y: 4102258 Depth: 9 Value: 6.42 Station: CB7.4N
 --- UTM-X: 396093 UTM-Y: 4095002 Depth: 0 Value: 6.47 Station: CB8.1
 --- UTM-X: 396093 UTM-Y: 4095002 Depth: 0.5 Value: 6.47 Station: CB8.1
 --- UTM-X: 396093 UTM-Y: 4095002 Depth: 1 Value: 6.47 Station: CB8.1
 --- UTM-X: 396093 UTM-Y: 4095002 Depth: 1.5 Value: 6.32 Station: CB8.1
 --- UTM-X: 396093 UTM-Y: 4095002 Depth: 2 Value: 6.17 Station: CB8.1
 --- UTM-X: 396093 UTM-Y: 4095002 Depth: 2.5 Value: 5.915 Station: CB8.1
 --- UTM-X: 396093 UTM-Y: 4095002 Depth: 3 Value: 5.66 Station: CB8.1
 --- UTM-X: 396093 UTM-Y: 4095002 Depth: 3.5 Value: 5.525 Station: CB8.1
 --- UTM-X: 396093 UTM-Y: 4095002 Depth: 4 Value: 5.39 Station: CB8.1
 --- UTM-X: 396093 UTM-Y: 4095002 Depth: 4.5 Value: 5.35 Station: CB8.1
 --- UTM-X: 396093 UTM-Y: 4095002 Depth: 5 Value: 5.31 Station: CB8.1
 --- UTM-X: 396093 UTM-Y: 4095002 Depth: 5.5 Value: 5.305 Station: CB8.1
 --- UTM-X: 396093 UTM-Y: 4095002 Depth: 6 Value: 5.3 Station: CB8.1
 --- UTM-X: 396093 UTM-Y: 4095002 Depth: 6.5 Value: 5.3 Station: CB8.1
 --- UTM-X: 396093 UTM-Y: 4095002 Depth: 7 Value: 5.3 Station: CB8.1
 --- UTM-X: 396093 UTM-Y: 4095002 Depth: 7.5 Value: 5.53 Station: CB8.1
 --- UTM-X: 396093 UTM-Y: 4095002 Depth: 8 Value: 5.76 Station: CB8.1
 --- UTM-X: 407851 UTM-Y: 4089534 Depth: 0 Value: 6.76 Station: CB8.1E
 --- UTM-X: 407851 UTM-Y: 4089534 Depth: 0.5 Value: 6.76 Station: CB8.1E
 --- UTM-X: 407851 UTM-Y: 4089534 Depth: 1 Value: 6.76 Station: CB8.1E
 --- UTM-X: 407851 UTM-Y: 4089534 Depth: 1.5 Value: 6.695 Station: CB8.1E
 --- UTM-X: 407851 UTM-Y: 4089534 Depth: 2 Value: 6.63 Station: CB8.1E
 --- UTM-X: 407851 UTM-Y: 4089534 Depth: 2.5 Value: 6.545 Station: CB8.1E
 --- UTM-X: 407851 UTM-Y: 4089534 Depth: 3 Value: 6.46 Station: CB8.1E
 --- UTM-X: 407851 UTM-Y: 4089534 Depth: 3.5 Value: 6.39 Station: CB8.1E
 --- UTM-X: 407851 UTM-Y: 4089534 Depth: 4 Value: 6.32 Station: CB8.1E
 --- UTM-X: 407851 UTM-Y: 4089534 Depth: 4.5 Value: 6.155 Station: CB8.1E
 --- UTM-X: 407851 UTM-Y: 4089534 Depth: 5 Value: 5.99 Station: CB8.1E
 --- UTM-X: 407851 UTM-Y: 4089534 Depth: 5.5 Value: 5.885 Station: CB8.1E
 --- UTM-X: 407851 UTM-Y: 4089534 Depth: 6 Value: 5.78 Station: CB8.1E
 --- UTM-X: 407851 UTM-Y: 4089534 Depth: 6.5 Value: 5.81 Station: CB8.1E
 --- UTM-X: 407851 UTM-Y: 4089534 Depth: 7 Value: 5.84 Station: CB8.1E
 --- UTM-X: 407851 UTM-Y: 4089534 Depth: 7.5 Value: 5.705 Station: CB8.1E
 --- UTM-X: 407851 UTM-Y: 4089534 Depth: 8 Value: 5.57 Station: CB8.1E
 --- UTM-X: 407851 UTM-Y: 4089534 Depth: 8.5 Value: 5.61 Station: CB8.1E
 --- UTM-X: 407851 UTM-Y: 4089534 Depth: 9 Value: 5.65 Station: CB8.1E
 --- UTM-X: 407851 UTM-Y: 4089534 Depth: 9.5 Value: 5.625 Station: CB8.1E
 --- UTM-X: 407851 UTM-Y: 4089534 Depth: 10 Value: 5.6 Station: CB8.1E
 --- UTM-X: 407851 UTM-Y: 4089534 Depth: 10.5 Value: 5.545 Station: CB8.1E
 --- UTM-X: 407851 UTM-Y: 4089534 Depth: 11 Value: 5.49 Station: CB8.1E
 --- UTM-X: 407851 UTM-Y: 4089534 Depth: 11.5 Value: 5.505 Station: CB8.1E
 --- UTM-X: 407851 UTM-Y: 4089534 Depth: 12 Value: 5.52 Station: CB8.1E
 --- UTM-X: 407851 UTM-Y: 4089534 Depth: 12.5 Value: 5.61 Station: CB8.1E
 --- UTM-X: 407851 UTM-Y: 4089534 Depth: 13 Value: 5.7 Station: CB8.1E
 --- UTM-X: 430437 UTM-Y: 4195954 Depth: 0 Value: 7.57 Station: EE3.4
 --- UTM-X: 430437 UTM-Y: 4195954 Depth: 0.5 Value: 7.57 Station: EE3.4
 --- UTM-X: 430437 UTM-Y: 4195954 Depth: 1 Value: 7.57 Station: EE3.4
 --- UTM-X: 430437 UTM-Y: 4195954 Depth: 1.5 Value: 7.68 Station: EE3.4
 --- UTM-X: 430437 UTM-Y: 4195954 Depth: 2 Value: 7.79 Station: EE3.4
 --- UTM-X: 430437 UTM-Y: 4195954 Depth: 2.5 Value: 7.73 Station: EE3.4
 --- UTM-X: 430437 UTM-Y: 4195954 Depth: 3 Value: 7.67 Station: EE3.4
 --- UTM-X: 425661 UTM-Y: 4183574 Depth: 0 Value: 7.69 Station: EE3.5
 --- UTM-X: 425661 UTM-Y: 4183574 Depth: 0.5 Value: 7.69 Station: EE3.5
 --- UTM-X: 425661 UTM-Y: 4183574 Depth: 1 Value: 7.69 Station: EE3.5
 --- UTM-X: 425661 UTM-Y: 4183574 Depth: 1.5 Value: 7.38 Station: EE3.5
 --- UTM-X: 425661 UTM-Y: 4183574 Depth: 2 Value: 7.07 Station: EE3.5
 --- UTM-X: 425661 UTM-Y: 4183574 Depth: 2.5 Value: 6.95 Station: EE3.5
 --- UTM-X: 425661 UTM-Y: 4183574 Depth: 3 Value: 6.83 Station: EE3.5
 --- UTM-X: 425661 UTM-Y: 4183574 Depth: 3.5 Value: 6.795 Station: EE3.5
 --- UTM-X: 425661 UTM-Y: 4183574 Depth: 4 Value: 6.76 Station: EE3.5
 --- UTM-X: 425661 UTM-Y: 4183574 Depth: 4.5 Value: 6.67 Station: EE3.5
 --- UTM-X: 425661 UTM-Y: 4183574 Depth: 5 Value: 6.58 Station: EE3.5
 --- UTM-X: 425661 UTM-Y: 4183574 Depth: 5.5 Value: 6.53 Station: EE3.5
 --- UTM-X: 425661 UTM-Y: 4183574 Depth: 6 Value: 6.48 Station: EE3.5
 --- UTM-X: 425661 UTM-Y: 4183574 Depth: 6.5 Value: 6.28 Station: EE3.5
 --- UTM-X: 425661 UTM-Y: 4183574 Depth: 7 Value: 6.08 Station: EE3.5
 --- UTM-X: 425661 UTM-Y: 4183574 Depth: 7.5 Value: 5.89 Station: EE3.5
 --- UTM-X: 425661 UTM-Y: 4183574 Depth: 8 Value: 5.7 Station: EE3.5
 --- UTM-X: 425661 UTM-Y: 4183574 Depth: 8.5 Value: 5.505 Station: EE3.5
 --- UTM-X: 425661 UTM-Y: 4183574 Depth: 9 Value: 5.31 Station: EE3.5
 --- UTM-X: 425661 UTM-Y: 4183574 Depth: 9.5 Value: 5.11 Station: EE3.5
 --- UTM-X: 425661 UTM-Y: 4183574 Depth: 10 Value: 4.91 Station: EE3.5
 --- UTM-X: 425661 UTM-Y: 4183574 Depth: 10.5 Value: 4.975 Station: EE3.5
 --- UTM-X: 425661 UTM-Y: 4183574 Depth: 11 Value: 5.04 Station: EE3.5
 --- UTM-X: 425661 UTM-Y: 4183574 Depth: 11.5 Value: 4.475 Station: EE3.5
 --- UTM-X: 425661 UTM-Y: 4183574 Depth: 12 Value: 3.91 Station: EE3.5
 --- UTM-X: 425661 UTM-Y: 4183574 Depth: 12.5 Value: 4.755 Station: EE3.5
 --- UTM-X: 425661 UTM-Y: 4183574 Depth: 13 Value: 5.6 Station: EE3.5
 --- UTM-X: 425661 UTM-Y: 4183574 Depth: 13.5 Value: 5.64 Station: EE3.5
 --- UTM-X: 425661 UTM-Y: 4183574 Depth: 14 Value: 5.68 Station: EE3.5
 --- UTM-X: 425661 UTM-Y: 4183574 Depth: 14.5 Value: 5.52 Station: EE3.5
 --- UTM-X: 425661 UTM-Y: 4183574 Depth: 15 Value: 5.36 Station: EE3.5
 --- UTM-X: 425661 UTM-Y: 4183574 Depth: 15.5 Value: 4.66 Station: EE3.5
 --- UTM-X: 425661 UTM-Y: 4183574 Depth: 16 Value: 3.96 Station: EE3.5
 --- UTM-X: 425661 UTM-Y: 4183574 Depth: 16.5 Value: 3.8 Station: EE3.5
 --- UTM-X: 425661 UTM-Y: 4183574 Depth: 17 Value: 3.64 Station: EE3.5
 --- UTM-X: 425661 UTM-Y: 4183574 Depth: 17.5 Value: 3.48 Station: EE3.5
 --- UTM-X: 425661 UTM-Y: 4183574 Depth: 18 Value: 3.32 Station: EE3.5
 --- UTM-X: 425661 UTM-Y: 4183574 Depth: 18.5 Value: 3.205 Station: EE3.5
 --- UTM-X: 425661 UTM-Y: 4183574 Depth: 19 Value: 3.09 Station: EE3.5
 --- UTM-X: 425661 UTM-Y: 4183574 Depth: 19.5 Value: 3.01 Station: EE3.5
 --- UTM-X: 425661 UTM-Y: 4183574 Depth: 20 Value: 2.93 Station: EE3.5
 --- UTM-X: 425661 UTM-Y: 4183574 Depth: 20.5 Value: 3.345 Station: EE3.5
 --- UTM-X: 425661 UTM-Y: 4183574 Depth: 21 Value: 3.76 Station: EE3.5
 --- UTM-X: 425661 UTM-Y: 4183574 Depth: 21.5 Value: 3.61 Station: EE3.5
 --- UTM-X: 425661 UTM-Y: 4183574 Depth: 22 Value: 3.46 Station: EE3.5
 --- UTM-X: 425661 UTM-Y: 4183574 Depth: 22.5 Value: 2.795 Station: EE3.5
 --- UTM-X: 425661 UTM-Y: 4183574 Depth: 23 Value: 2.13 Station: EE3.5
 --- UTM-X: 425661 UTM-Y: 4183574 Depth: 23.5 Value: 1.99 Station: EE3.5
 --- UTM-X: 425661 UTM-Y: 4183574 Depth: 24 Value: 1.85 Station: EE3.5
 --- UTM-X: 425661 UTM-Y: 4183574 Depth: 24.5 Value: 1.855 Station: EE3.5
 --- UTM-X: 425661 UTM-Y: 4183574 Depth: 25 Value: 1.86 Station: EE3.5
 --- UTM-X: 386593 UTM-Y: 4161856 Depth: 0 Value: 7.08 Station: LE3.6
 --- UTM-X: 386593 UTM-Y: 4161856 Depth: 0.5 Value: 7.08 Station: LE3.6
 --- UTM-X: 386593 UTM-Y: 4161856 Depth: 1 Value: 7.08 Station: LE3.6
 --- UTM-X: 386593 UTM-Y: 4161856 Depth: 1.5 Value: 7.065 Station: LE3.6
 --- UTM-X: 386593 UTM-Y: 4161856 Depth: 2 Value: 7.05 Station: LE3.6
 --- UTM-X: 386593 UTM-Y: 4161856 Depth: 2.5 Value: 6.99 Station: LE3.6
 --- UTM-X: 386593 UTM-Y: 4161856 Depth: 3 Value: 6.93 Station: LE3.6
 --- UTM-X: 386593 UTM-Y: 4161856 Depth: 3.5 Value: 6.595 Station: LE3.6
 --- UTM-X: 386593 UTM-Y: 4161856 Depth: 4 Value: 6.26 Station: LE3.6
 --- UTM-X: 386593 UTM-Y: 4161856 Depth: 4.5 Value: 6.21 Station: LE3.6
 --- UTM-X: 386593 UTM-Y: 4161856 Depth: 5 Value: 6.16 Station: LE3.6
 --- UTM-X: 386593 UTM-Y: 4161856 Depth: 5.5 Value: 5.505 Station: LE3.6
 --- UTM-X: 386593 UTM-Y: 4161856 Depth: 6 Value: 4.85 Station: LE3.6
 --- UTM-X: 386593 UTM-Y: 4161856 Depth: 6.5 Value: 4.105 Station: LE3.6
 --- UTM-X: 386593 UTM-Y: 4161856 Depth: 7 Value: 3.36 Station: LE3.6
 --- UTM-X: 386593 UTM-Y: 4161856 Depth: 7.5 Value: 2.895 Station: LE3.6
 --- UTM-X: 386593 UTM-Y: 4161856 Depth: 8 Value: 2.43 Station: LE3.6
 --- UTM-X: 384553 UTM-Y: 4154548 Depth: 0 Value: 7.3 Station: LE3.7
 --- UTM-X: 384553 UTM-Y: 4154548 Depth: 0.5 Value: 7.3 Station: LE3.7
 --- UTM-X: 384553 UTM-Y: 4154548 Depth: 1 Value: 7.3 Station: LE3.7
 --- UTM-X: 384553 UTM-Y: 4154548 Depth: 1.5 Value: 6.81 Station: LE3.7
 --- UTM-X: 384553 UTM-Y: 4154548 Depth: 2 Value: 6.32 Station: LE3.7
 --- UTM-X: 384553 UTM-Y: 4154548 Depth: 2.5 Value: 6.2 Station: LE3.7
 --- UTM-X: 384553 UTM-Y: 4154548 Depth: 3 Value: 6.08 Station: LE3.7
 --- UTM-X: 384553 UTM-Y: 4154548 Depth: 3.5 Value: 5.865 Station: LE3.7
 --- UTM-X: 384553 UTM-Y: 4154548 Depth: 4 Value: 5.65 Station: LE3.7
 --- UTM-X: 384553 UTM-Y: 4154548 Depth: 4.5 Value: 5.355 Station: LE3.7
 --- UTM-X: 384553 UTM-Y: 4154548 Depth: 5 Value: 5.06 Station: LE3.7
 --- UTM-X: 383146 UTM-Y: 4095571 Depth: 0 Value: 6.81 Station: LE5.5-W
 --- UTM-X: 383146 UTM-Y: 4095571 Depth: 0.5 Value: 6.81 Station: LE5.5-W
 --- UTM-X: 383146 UTM-Y: 4095571 Depth: 1 Value: 6.81 Station: LE5.5-W
 --- UTM-X: 383146 UTM-Y: 4095571 Depth: 1.5 Value: 6.7 Station: LE5.5-W
 --- UTM-X: 383146 UTM-Y: 4095571 Depth: 2 Value: 6.59 Station: LE5.5-W
 --- UTM-X: 383146 UTM-Y: 4095571 Depth: 2.5 Value: 6.52 Station: LE5.5-W
 --- UTM-X: 383146 UTM-Y: 4095571 Depth: 3 Value: 6.45 Station: LE5.5-W
 --- UTM-X: 383146 UTM-Y: 4095571 Depth: 3.5 Value: 6.42 Station: LE5.5-W
 --- UTM-X: 383146 UTM-Y: 4095571 Depth: 4 Value: 6.39 Station: LE5.5-W
 --- UTM-X: 383146 UTM-Y: 4095571 Depth: 4.5 Value: 6.365 Station: LE5.5-W
 --- UTM-X: 383146 UTM-Y: 4095571 Depth: 5 Value: 6.34 Station: LE5.5-W
 --- UTM-X: 383146 UTM-Y: 4095571 Depth: 5.5 Value: 6.29 Station: LE5.5-W
 --- UTM-X: 383146 UTM-Y: 4095571 Depth: 6 Value: 6.24 Station: LE5.5-W
 --- UTM-X: 383146 UTM-Y: 4095571 Depth: 6.5 Value: 6.185 Station: LE5.5-W
 --- UTM-X: 383146 UTM-Y: 4095571 Depth: 7 Value: 6.13 Station: LE5.5-W
 --- UTM-X: 383146 UTM-Y: 4095571 Depth: 7.5 Value: 6.11 Station: LE5.5-W
 --- UTM-X: 383146 UTM-Y: 4095571 Depth: 8 Value: 6.09 Station: LE5.5-W
 --- UTM-X: 383146 UTM-Y: 4095571 Depth: 8.5 Value: 6.03 Station: LE5.5-W
 --- UTM-X: 383146 UTM-Y: 4095571 Depth: 9 Value: 5.97 Station: LE5.5-W
 --- UTM-X: 383146 UTM-Y: 4095571 Depth: 9.5 Value: 5.965 Station: LE5.5-W
 --- UTM-X: 383146 UTM-Y: 4095571 Depth: 10 Value: 5.96 Station: LE5.5-W
 --- UTM-X: 383146 UTM-Y: 4095571 Depth: 10.5 Value: 5.915 Station: LE5.5-W
 --- UTM-X: 383146 UTM-Y: 4095571 Depth: 11 Value: 5.87 Station: LE5.5-W
 --- UTM-X: 383146 UTM-Y: 4095571 Depth: 11.5 Value: 5.795 Station: LE5.5-W
 --- UTM-X: 383146 UTM-Y: 4095571 Depth: 12 Value: 5.72 Station: LE5.5-W
 --- UTM-X: 385118 UTM-Y: 4107873 Depth: 0 Value: 6.83 Station: WE4.4
 --- UTM-X: 385118 UTM-Y: 4107873 Depth: 0.5 Value: 6.83 Station: WE4.4
 --- UTM-X: 385118 UTM-Y: 4107873 Depth: 1 Value: 6.83 Station: WE4.4
 --- UTM-X: 385118 UTM-Y: 4107873 Depth: 1.5 Value: 6.885 Station: WE4.4
 --- UTM-X: 385118 UTM-Y: 4107873 Depth: 2 Value: 6.94 Station: WE4.4
 --- UTM-X: 385118 UTM-Y: 4107873 Depth: 2.5 Value: 6.85 Station: WE4.4
 --- UTM-X: 385118 UTM-Y: 4107873 Depth: 3 Value: 6.76 Station: WE4.4
 --- UTM-X: 385118 UTM-Y: 4107873 Depth: 3.5 Value: 6.535 Station: WE4.4
 --- UTM-X: 385118 UTM-Y: 4107873 Depth: 4 Value: 6.31 Station: WE4.4
 --- UTM-X: 385118 UTM-Y: 4107873 Depth: 4.5 Value: 5.985 Station: WE4.4
 --- UTM-X: 385118 UTM-Y: 4107873 Depth: 5 Value: 5.66 Station: WE4.4
 --- UTM-X: 385118 UTM-Y: 4107873 Depth: 5.5 Value: 5.65 Station: WE4.4
 --- UTM-X: 385118 UTM-Y: 4107873 Depth: 6 Value: 5.64 Station: WE4.4
 --- 13523 cells were interpolated in region CB7PH.  Subtotal: 48667 total cells.
 ---- Region was calculated in 0 seconds. Segment volume (m^3) = 13523000000
 
 - Bathymetry Region ID: 1008  Region Name: CB8PH  Data Points: 218 in data region 1008
 -- Cell Size  E-W: 1000  N-S: 1000  Vertical: 1
 --- Data in Region ---
 --- UTM-X: 392849 UTM-Y: 4121795 Depth: 0 Value: 7.65 Station: CB6.4
 --- UTM-X: 392849 UTM-Y: 4121795 Depth: 0.5 Value: 7.65 Station: CB6.4
 --- UTM-X: 392849 UTM-Y: 4121795 Depth: 1 Value: 7.65 Station: CB6.4
 --- UTM-X: 392849 UTM-Y: 4121795 Depth: 1.5 Value: 7.605 Station: CB6.4
 --- UTM-X: 392849 UTM-Y: 4121795 Depth: 2 Value: 7.56 Station: CB6.4
 --- UTM-X: 392849 UTM-Y: 4121795 Depth: 2.5 Value: 7.455 Station: CB6.4
 --- UTM-X: 392849 UTM-Y: 4121795 Depth: 3 Value: 7.35 Station: CB6.4
 --- UTM-X: 392849 UTM-Y: 4121795 Depth: 3.5 Value: 7.255 Station: CB6.4
 --- UTM-X: 392849 UTM-Y: 4121795 Depth: 4 Value: 7.16 Station: CB6.4
 --- UTM-X: 392849 UTM-Y: 4121795 Depth: 4.5 Value: 7.11 Station: CB6.4
 --- UTM-X: 392849 UTM-Y: 4121795 Depth: 5 Value: 7.06 Station: CB6.4
 --- UTM-X: 392849 UTM-Y: 4121795 Depth: 5.5 Value: 6.935 Station: CB6.4
 --- UTM-X: 392849 UTM-Y: 4121795 Depth: 6 Value: 6.81 Station: CB6.4
 --- UTM-X: 392849 UTM-Y: 4121795 Depth: 6.5 Value: 6.545 Station: CB6.4
 --- UTM-X: 392849 UTM-Y: 4121795 Depth: 7 Value: 6.28 Station: CB6.4
 --- UTM-X: 392849 UTM-Y: 4121795 Depth: 7.5 Value: 5.775 Station: CB6.4
 --- UTM-X: 392849 UTM-Y: 4121795 Depth: 8 Value: 5.27 Station: CB6.4
 --- UTM-X: 400035 UTM-Y: 4108423 Depth: 0 Value: 7.21 Station: CB7.3
 --- UTM-X: 400035 UTM-Y: 4108423 Depth: 0.5 Value: 7.21 Station: CB7.3
 --- UTM-X: 400035 UTM-Y: 4108423 Depth: 1 Value: 7.21 Station: CB7.3
 --- UTM-X: 400035 UTM-Y: 4108423 Depth: 1.5 Value: 7.22 Station: CB7.3
 --- UTM-X: 400035 UTM-Y: 4108423 Depth: 2 Value: 7.23 Station: CB7.3
 --- UTM-X: 400035 UTM-Y: 4108423 Depth: 2.5 Value: 7.04 Station: CB7.3
 --- UTM-X: 400035 UTM-Y: 4108423 Depth: 3 Value: 6.85 Station: CB7.3
 --- UTM-X: 400035 UTM-Y: 4108423 Depth: 3.5 Value: 6.755 Station: CB7.3
 --- UTM-X: 400035 UTM-Y: 4108423 Depth: 4 Value: 6.66 Station: CB7.3
 --- UTM-X: 400035 UTM-Y: 4108423 Depth: 4.5 Value: 6.57 Station: CB7.3
 --- UTM-X: 400035 UTM-Y: 4108423 Depth: 5 Value: 6.48 Station: CB7.3
 --- UTM-X: 400035 UTM-Y: 4108423 Depth: 5.5 Value: 6.52 Station: CB7.3
 --- UTM-X: 400035 UTM-Y: 4108423 Depth: 6 Value: 6.56 Station: CB7.3
 --- UTM-X: 400035 UTM-Y: 4108423 Depth: 6.5 Value: 6.57 Station: CB7.3
 --- UTM-X: 400035 UTM-Y: 4108423 Depth: 7 Value: 6.58 Station: CB7.3
 --- UTM-X: 400035 UTM-Y: 4108423 Depth: 7.5 Value: 6.555 Station: CB7.3
 --- UTM-X: 400035 UTM-Y: 4108423 Depth: 8 Value: 6.53 Station: CB7.3
 --- UTM-X: 400035 UTM-Y: 4108423 Depth: 8.5 Value: 6.4 Station: CB7.3
 --- UTM-X: 400035 UTM-Y: 4108423 Depth: 9 Value: 6.27 Station: CB7.3
 --- UTM-X: 400035 UTM-Y: 4108423 Depth: 9.5 Value: 6.22 Station: CB7.3
 --- UTM-X: 400035 UTM-Y: 4108423 Depth: 10 Value: 6.17 Station: CB7.3
 --- UTM-X: 400035 UTM-Y: 4108423 Depth: 10.5 Value: 6.11 Station: CB7.3
 --- UTM-X: 400035 UTM-Y: 4108423 Depth: 11 Value: 6.05 Station: CB7.3
 --- UTM-X: 400035 UTM-Y: 4108423 Depth: 11.5 Value: 6.075 Station: CB7.3
 --- UTM-X: 400035 UTM-Y: 4108423 Depth: 12 Value: 6.1 Station: CB7.3
 --- UTM-X: 400035 UTM-Y: 4108423 Depth: 12.5 Value: 6.105 Station: CB7.3
 --- UTM-X: 400035 UTM-Y: 4108423 Depth: 13 Value: 6.11 Station: CB7.3
 --- UTM-X: 406515 UTM-Y: 4120769 Depth: 0 Value: 7.24 Station: CB7.3E
 --- UTM-X: 406515 UTM-Y: 4120769 Depth: 0.5 Value: 7.24 Station: CB7.3E
 --- UTM-X: 406515 UTM-Y: 4120769 Depth: 1 Value: 7.24 Station: CB7.3E
 --- UTM-X: 406515 UTM-Y: 4120769 Depth: 1.5 Value: 7.135 Station: CB7.3E
 --- UTM-X: 406515 UTM-Y: 4120769 Depth: 2 Value: 7.03 Station: CB7.3E
 --- UTM-X: 406515 UTM-Y: 4120769 Depth: 2.5 Value: 6.52 Station: CB7.3E
 --- UTM-X: 406515 UTM-Y: 4120769 Depth: 3 Value: 6.01 Station: CB7.3E
 --- UTM-X: 406515 UTM-Y: 4120769 Depth: 3.5 Value: 5.895 Station: CB7.3E
 --- UTM-X: 406515 UTM-Y: 4120769 Depth: 4 Value: 5.78 Station: CB7.3E
 --- UTM-X: 406515 UTM-Y: 4120769 Depth: 4.5 Value: 5.74 Station: CB7.3E
 --- UTM-X: 406515 UTM-Y: 4120769 Depth: 5 Value: 5.7 Station: CB7.3E
 --- UTM-X: 406515 UTM-Y: 4120769 Depth: 5.5 Value: 5.655 Station: CB7.3E
 --- UTM-X: 406515 UTM-Y: 4120769 Depth: 6 Value: 5.61 Station: CB7.3E
 --- UTM-X: 406515 UTM-Y: 4120769 Depth: 6.5 Value: 5.59 Station: CB7.3E
 --- UTM-X: 406515 UTM-Y: 4120769 Depth: 7 Value: 5.57 Station: CB7.3E
 --- UTM-X: 406515 UTM-Y: 4120769 Depth: 7.5 Value: 5.505 Station: CB7.3E
 --- UTM-X: 406515 UTM-Y: 4120769 Depth: 8 Value: 5.44 Station: CB7.3E
 --- UTM-X: 406515 UTM-Y: 4120769 Depth: 8.5 Value: 5.415 Station: CB7.3E
 --- UTM-X: 406515 UTM-Y: 4120769 Depth: 9 Value: 5.39 Station: CB7.3E
 --- UTM-X: 406515 UTM-Y: 4120769 Depth: 9.5 Value: 5.4 Station: CB7.3E
 --- UTM-X: 406515 UTM-Y: 4120769 Depth: 10 Value: 5.41 Station: CB7.3E
 --- UTM-X: 406515 UTM-Y: 4120769 Depth: 10.5 Value: 5.395 Station: CB7.3E
 --- UTM-X: 406515 UTM-Y: 4120769 Depth: 11 Value: 5.38 Station: CB7.3E
 --- UTM-X: 406515 UTM-Y: 4120769 Depth: 11.5 Value: 5.375 Station: CB7.3E
 --- UTM-X: 406515 UTM-Y: 4120769 Depth: 12 Value: 5.37 Station: CB7.3E
 --- UTM-X: 406515 UTM-Y: 4120769 Depth: 12.5 Value: 5.365 Station: CB7.3E
 --- UTM-X: 406515 UTM-Y: 4120769 Depth: 13 Value: 5.36 Station: CB7.3E
 --- UTM-X: 406515 UTM-Y: 4120769 Depth: 13.5 Value: 5.355 Station: CB7.3E
 --- UTM-X: 406515 UTM-Y: 4120769 Depth: 14 Value: 5.35 Station: CB7.3E
 --- UTM-X: 406515 UTM-Y: 4120769 Depth: 14.5 Value: 5.32 Station: CB7.3E
 --- UTM-X: 406515 UTM-Y: 4120769 Depth: 15 Value: 5.29 Station: CB7.3E
 --- UTM-X: 406515 UTM-Y: 4120769 Depth: 15.5 Value: 5.275 Station: CB7.3E
 --- UTM-X: 406515 UTM-Y: 4120769 Depth: 16 Value: 5.26 Station: CB7.3E
 --- UTM-X: 406515 UTM-Y: 4120769 Depth: 16.5 Value: 5.25 Station: CB7.3E
 --- UTM-X: 406515 UTM-Y: 4120769 Depth: 17 Value: 5.24 Station: CB7.3E
 --- UTM-X: 406515 UTM-Y: 4120769 Depth: 17.5 Value: 5.24 Station: CB7.3E
 --- UTM-X: 406515 UTM-Y: 4120769 Depth: 18 Value: 5.24 Station: CB7.3E
 --- UTM-X: 409195 UTM-Y: 4094882 Depth: 0 Value: 7.06 Station: CB7.4
 --- UTM-X: 409195 UTM-Y: 4094882 Depth: 0.5 Value: 7.06 Station: CB7.4
 --- UTM-X: 409195 UTM-Y: 4094882 Depth: 1 Value: 7.06 Station: CB7.4
 --- UTM-X: 409195 UTM-Y: 4094882 Depth: 1.5 Value: 7.01 Station: CB7.4
 --- UTM-X: 409195 UTM-Y: 4094882 Depth: 2 Value: 6.96 Station: CB7.4
 --- UTM-X: 409195 UTM-Y: 4094882 Depth: 2.5 Value: 6.96 Station: CB7.4
 --- UTM-X: 409195 UTM-Y: 4094882 Depth: 3 Value: 6.96 Station: CB7.4
 --- UTM-X: 409195 UTM-Y: 4094882 Depth: 3.5 Value: 6.895 Station: CB7.4
 --- UTM-X: 409195 UTM-Y: 4094882 Depth: 4 Value: 6.83 Station: CB7.4
 --- UTM-X: 409195 UTM-Y: 4094882 Depth: 4.5 Value: 6.665 Station: CB7.4
 --- UTM-X: 409195 UTM-Y: 4094882 Depth: 5 Value: 6.5 Station: CB7.4
 --- UTM-X: 409195 UTM-Y: 4094882 Depth: 5.5 Value: 6.435 Station: CB7.4
 --- UTM-X: 409195 UTM-Y: 4094882 Depth: 6 Value: 6.37 Station: CB7.4
 --- UTM-X: 409195 UTM-Y: 4094882 Depth: 6.5 Value: 6.34 Station: CB7.4
 --- UTM-X: 409195 UTM-Y: 4094882 Depth: 7 Value: 6.31 Station: CB7.4
 --- UTM-X: 409195 UTM-Y: 4094882 Depth: 7.5 Value: 6.305 Station: CB7.4
 --- UTM-X: 409195 UTM-Y: 4094882 Depth: 8 Value: 6.3 Station: CB7.4
 --- UTM-X: 409195 UTM-Y: 4094882 Depth: 8.5 Value: 6.325 Station: CB7.4
 --- UTM-X: 409195 UTM-Y: 4094882 Depth: 9 Value: 6.35 Station: CB7.4
 --- UTM-X: 409195 UTM-Y: 4094882 Depth: 9.5 Value: 6.355 Station: CB7.4
 --- UTM-X: 409195 UTM-Y: 4094882 Depth: 10 Value: 6.36 Station: CB7.4
 --- UTM-X: 409195 UTM-Y: 4094882 Depth: 10.5 Value: 6.375 Station: CB7.4
 --- UTM-X: 409195 UTM-Y: 4094882 Depth: 11 Value: 6.39 Station: CB7.4
 --- UTM-X: 409195 UTM-Y: 4094882 Depth: 11.5 Value: 6.365 Station: CB7.4
 --- UTM-X: 409195 UTM-Y: 4094882 Depth: 12 Value: 6.34 Station: CB7.4
 --- UTM-X: 409195 UTM-Y: 4094882 Depth: 12.5 Value: 6.3 Station: CB7.4
 --- UTM-X: 409195 UTM-Y: 4094882 Depth: 13 Value: 6.26 Station: CB7.4
 --- UTM-X: 411151 UTM-Y: 4102258 Depth: 0 Value: 6.85 Station: CB7.4N
 --- UTM-X: 411151 UTM-Y: 4102258 Depth: 0.5 Value: 6.85 Station: CB7.4N
 --- UTM-X: 411151 UTM-Y: 4102258 Depth: 1 Value: 6.85 Station: CB7.4N
 --- UTM-X: 411151 UTM-Y: 4102258 Depth: 1.5 Value: 6.835 Station: CB7.4N
 --- UTM-X: 411151 UTM-Y: 4102258 Depth: 2 Value: 6.82 Station: CB7.4N
 --- UTM-X: 411151 UTM-Y: 4102258 Depth: 2.5 Value: 6.755 Station: CB7.4N
 --- UTM-X: 411151 UTM-Y: 4102258 Depth: 3 Value: 6.69 Station: CB7.4N
 --- UTM-X: 411151 UTM-Y: 4102258 Depth: 3.5 Value: 6.65 Station: CB7.4N
 --- UTM-X: 411151 UTM-Y: 4102258 Depth: 4 Value: 6.61 Station: CB7.4N
 --- UTM-X: 411151 UTM-Y: 4102258 Depth: 4.5 Value: 6.54 Station: CB7.4N
 --- UTM-X: 411151 UTM-Y: 4102258 Depth: 5 Value: 6.47 Station: CB7.4N
 --- UTM-X: 411151 UTM-Y: 4102258 Depth: 5.5 Value: 6.465 Station: CB7.4N
 --- UTM-X: 411151 UTM-Y: 4102258 Depth: 6 Value: 6.46 Station: CB7.4N
 --- UTM-X: 411151 UTM-Y: 4102258 Depth: 6.5 Value: 6.455 Station: CB7.4N
 --- UTM-X: 411151 UTM-Y: 4102258 Depth: 7 Value: 6.45 Station: CB7.4N
 --- UTM-X: 411151 UTM-Y: 4102258 Depth: 7.5 Value: 6.445 Station: CB7.4N
 --- UTM-X: 411151 UTM-Y: 4102258 Depth: 8 Value: 6.44 Station: CB7.4N
 --- UTM-X: 411151 UTM-Y: 4102258 Depth: 8.5 Value: 6.43 Station: CB7.4N
 --- UTM-X: 411151 UTM-Y: 4102258 Depth: 9 Value: 6.42 Station: CB7.4N
 --- UTM-X: 396093 UTM-Y: 4095002 Depth: 0 Value: 6.47 Station: CB8.1
 --- UTM-X: 396093 UTM-Y: 4095002 Depth: 0.5 Value: 6.47 Station: CB8.1
 --- UTM-X: 396093 UTM-Y: 4095002 Depth: 1 Value: 6.47 Station: CB8.1
 --- UTM-X: 396093 UTM-Y: 4095002 Depth: 1.5 Value: 6.32 Station: CB8.1
 --- UTM-X: 396093 UTM-Y: 4095002 Depth: 2 Value: 6.17 Station: CB8.1
 --- UTM-X: 396093 UTM-Y: 4095002 Depth: 2.5 Value: 5.915 Station: CB8.1
 --- UTM-X: 396093 UTM-Y: 4095002 Depth: 3 Value: 5.66 Station: CB8.1
 --- UTM-X: 396093 UTM-Y: 4095002 Depth: 3.5 Value: 5.525 Station: CB8.1
 --- UTM-X: 396093 UTM-Y: 4095002 Depth: 4 Value: 5.39 Station: CB8.1
 --- UTM-X: 396093 UTM-Y: 4095002 Depth: 4.5 Value: 5.35 Station: CB8.1
 --- UTM-X: 396093 UTM-Y: 4095002 Depth: 5 Value: 5.31 Station: CB8.1
 --- UTM-X: 396093 UTM-Y: 4095002 Depth: 5.5 Value: 5.305 Station: CB8.1
 --- UTM-X: 396093 UTM-Y: 4095002 Depth: 6 Value: 5.3 Station: CB8.1
 --- UTM-X: 396093 UTM-Y: 4095002 Depth: 6.5 Value: 5.3 Station: CB8.1
 --- UTM-X: 396093 UTM-Y: 4095002 Depth: 7 Value: 5.3 Station: CB8.1
 --- UTM-X: 396093 UTM-Y: 4095002 Depth: 7.5 Value: 5.53 Station: CB8.1
 --- UTM-X: 396093 UTM-Y: 4095002 Depth: 8 Value: 5.76 Station: CB8.1
 --- UTM-X: 407851 UTM-Y: 4089534 Depth: 0 Value: 6.76 Station: CB8.1E
 --- UTM-X: 407851 UTM-Y: 4089534 Depth: 0.5 Value: 6.76 Station: CB8.1E
 --- UTM-X: 407851 UTM-Y: 4089534 Depth: 1 Value: 6.76 Station: CB8.1E
 --- UTM-X: 407851 UTM-Y: 4089534 Depth: 1.5 Value: 6.695 Station: CB8.1E
 --- UTM-X: 407851 UTM-Y: 4089534 Depth: 2 Value: 6.63 Station: CB8.1E
 --- UTM-X: 407851 UTM-Y: 4089534 Depth: 2.5 Value: 6.545 Station: CB8.1E
 --- UTM-X: 407851 UTM-Y: 4089534 Depth: 3 Value: 6.46 Station: CB8.1E
 --- UTM-X: 407851 UTM-Y: 4089534 Depth: 3.5 Value: 6.39 Station: CB8.1E
 --- UTM-X: 407851 UTM-Y: 4089534 Depth: 4 Value: 6.32 Station: CB8.1E
 --- UTM-X: 407851 UTM-Y: 4089534 Depth: 4.5 Value: 6.155 Station: CB8.1E
 --- UTM-X: 407851 UTM-Y: 4089534 Depth: 5 Value: 5.99 Station: CB8.1E
 --- UTM-X: 407851 UTM-Y: 4089534 Depth: 5.5 Value: 5.885 Station: CB8.1E
 --- UTM-X: 407851 UTM-Y: 4089534 Depth: 6 Value: 5.78 Station: CB8.1E
 --- UTM-X: 407851 UTM-Y: 4089534 Depth: 6.5 Value: 5.81 Station: CB8.1E
 --- UTM-X: 407851 UTM-Y: 4089534 Depth: 7 Value: 5.84 Station: CB8.1E
 --- UTM-X: 407851 UTM-Y: 4089534 Depth: 7.5 Value: 5.705 Station: CB8.1E
 --- UTM-X: 407851 UTM-Y: 4089534 Depth: 8 Value: 5.57 Station: CB8.1E
 --- UTM-X: 407851 UTM-Y: 4089534 Depth: 8.5 Value: 5.61 Station: CB8.1E
 --- UTM-X: 407851 UTM-Y: 4089534 Depth: 9 Value: 5.65 Station: CB8.1E
 --- UTM-X: 407851 UTM-Y: 4089534 Depth: 9.5 Value: 5.625 Station: CB8.1E
 --- UTM-X: 407851 UTM-Y: 4089534 Depth: 10 Value: 5.6 Station: CB8.1E
 --- UTM-X: 407851 UTM-Y: 4089534 Depth: 10.5 Value: 5.545 Station: CB8.1E
 --- UTM-X: 407851 UTM-Y: 4089534 Depth: 11 Value: 5.49 Station: CB8.1E
 --- UTM-X: 407851 UTM-Y: 4089534 Depth: 11.5 Value: 5.505 Station: CB8.1E
 --- UTM-X: 407851 UTM-Y: 4089534 Depth: 12 Value: 5.52 Station: CB8.1E
 --- UTM-X: 407851 UTM-Y: 4089534 Depth: 12.5 Value: 5.61 Station: CB8.1E
 --- UTM-X: 407851 UTM-Y: 4089534 Depth: 13 Value: 5.7 Station: CB8.1E
 --- UTM-X: 383146 UTM-Y: 4095571 Depth: 0 Value: 6.81 Station: LE5.5-W
 --- UTM-X: 383146 UTM-Y: 4095571 Depth: 0.5 Value: 6.81 Station: LE5.5-W
 --- UTM-X: 383146 UTM-Y: 4095571 Depth: 1 Value: 6.81 Station: LE5.5-W
 --- UTM-X: 383146 UTM-Y: 4095571 Depth: 1.5 Value: 6.7 Station: LE5.5-W
 --- UTM-X: 383146 UTM-Y: 4095571 Depth: 2 Value: 6.59 Station: LE5.5-W
 --- UTM-X: 383146 UTM-Y: 4095571 Depth: 2.5 Value: 6.52 Station: LE5.5-W
 --- UTM-X: 383146 UTM-Y: 4095571 Depth: 3 Value: 6.45 Station: LE5.5-W
 --- UTM-X: 383146 UTM-Y: 4095571 Depth: 3.5 Value: 6.42 Station: LE5.5-W
 --- UTM-X: 383146 UTM-Y: 4095571 Depth: 4 Value: 6.39 Station: LE5.5-W
 --- UTM-X: 383146 UTM-Y: 4095571 Depth: 4.5 Value: 6.365 Station: LE5.5-W
 --- UTM-X: 383146 UTM-Y: 4095571 Depth: 5 Value: 6.34 Station: LE5.5-W
 --- UTM-X: 383146 UTM-Y: 4095571 Depth: 5.5 Value: 6.29 Station: LE5.5-W
 --- UTM-X: 383146 UTM-Y: 4095571 Depth: 6 Value: 6.24 Station: LE5.5-W
 --- UTM-X: 383146 UTM-Y: 4095571 Depth: 6.5 Value: 6.185 Station: LE5.5-W
 --- UTM-X: 383146 UTM-Y: 4095571 Depth: 7 Value: 6.13 Station: LE5.5-W
 --- UTM-X: 383146 UTM-Y: 4095571 Depth: 7.5 Value: 6.11 Station: LE5.5-W
 --- UTM-X: 383146 UTM-Y: 4095571 Depth: 8 Value: 6.09 Station: LE5.5-W
 --- UTM-X: 383146 UTM-Y: 4095571 Depth: 8.5 Value: 6.03 Station: LE5.5-W
 --- UTM-X: 383146 UTM-Y: 4095571 Depth: 9 Value: 5.97 Station: LE5.5-W
 --- UTM-X: 383146 UTM-Y: 4095571 Depth: 9.5 Value: 5.965 Station: LE5.5-W
 --- UTM-X: 383146 UTM-Y: 4095571 Depth: 10 Value: 5.96 Station: LE5.5-W
 --- UTM-X: 383146 UTM-Y: 4095571 Depth: 10.5 Value: 5.915 Station: LE5.5-W
 --- UTM-X: 383146 UTM-Y: 4095571 Depth: 11 Value: 5.87 Station: LE5.5-W
 --- UTM-X: 383146 UTM-Y: 4095571 Depth: 11.5 Value: 5.795 Station: LE5.5-W
 --- UTM-X: 383146 UTM-Y: 4095571 Depth: 12 Value: 5.72 Station: LE5.5-W
 --- UTM-X: 378116 UTM-Y: 4115369 Depth: 0 Value: 7.13 Station: WE4.3
 --- UTM-X: 378116 UTM-Y: 4115369 Depth: 0.5 Value: 7.13 Station: WE4.3
 --- UTM-X: 378116 UTM-Y: 4115369 Depth: 1 Value: 7.13 Station: WE4.3
 --- UTM-X: 378116 UTM-Y: 4115369 Depth: 1.5 Value: 7.125 Station: WE4.3
 --- UTM-X: 378116 UTM-Y: 4115369 Depth: 2 Value: 7.12 Station: WE4.3
 --- UTM-X: 378116 UTM-Y: 4115369 Depth: 2.5 Value: 7.075 Station: WE4.3
 --- UTM-X: 378116 UTM-Y: 4115369 Depth: 3 Value: 7.03 Station: WE4.3
 --- UTM-X: 378116 UTM-Y: 4115369 Depth: 3.5 Value: 6.36 Station: WE4.3
 --- UTM-X: 378116 UTM-Y: 4115369 Depth: 4 Value: 5.69 Station: WE4.3
 --- UTM-X: 385118 UTM-Y: 4107873 Depth: 0 Value: 6.83 Station: WE4.4
 --- UTM-X: 385118 UTM-Y: 4107873 Depth: 0.5 Value: 6.83 Station: WE4.4
 --- UTM-X: 385118 UTM-Y: 4107873 Depth: 1 Value: 6.83 Station: WE4.4
 --- UTM-X: 385118 UTM-Y: 4107873 Depth: 1.5 Value: 6.885 Station: WE4.4
 --- UTM-X: 385118 UTM-Y: 4107873 Depth: 2 Value: 6.94 Station: WE4.4
 --- UTM-X: 385118 UTM-Y: 4107873 Depth: 2.5 Value: 6.85 Station: WE4.4
 --- UTM-X: 385118 UTM-Y: 4107873 Depth: 3 Value: 6.76 Station: WE4.4
 --- UTM-X: 385118 UTM-Y: 4107873 Depth: 3.5 Value: 6.535 Station: WE4.4
 --- UTM-X: 385118 UTM-Y: 4107873 Depth: 4 Value: 6.31 Station: WE4.4
 --- UTM-X: 385118 UTM-Y: 4107873 Depth: 4.5 Value: 5.985 Station: WE4.4
 --- UTM-X: 385118 UTM-Y: 4107873 Depth: 5 Value: 5.66 Station: WE4.4
 --- UTM-X: 385118 UTM-Y: 4107873 Depth: 5.5 Value: 5.65 Station: WE4.4
 --- UTM-X: 385118 UTM-Y: 4107873 Depth: 6 Value: 5.64 Station: WE4.4
 --- 3172 cells were interpolated in region CB8PH.  Subtotal: 51839 total cells.
 ---- Region was calculated in 0 seconds. Segment volume (m^3) = 3172000000
 
 - Bathymetry Region ID: 1009  Region Name: NORTF  Data Points: 23 in data region 1009
 -- Cell Size  E-W: 500  N-S: 500  Vertical: 1
 --- Data in Region ---
 --- UTM-X: 407087 UTM-Y: 4377829 Depth: 0 Value: 6.6 Station: CB1.1
 --- UTM-X: 407087 UTM-Y: 4377829 Depth: 0.5 Value: 6.6 Station: CB1.1
 --- UTM-X: 407087 UTM-Y: 4377829 Depth: 1 Value: 6.6 Station: CB1.1
 --- UTM-X: 407087 UTM-Y: 4377829 Depth: 1.5 Value: 6.6 Station: CB1.1
 --- UTM-X: 407087 UTM-Y: 4377829 Depth: 2 Value: 6.6 Station: CB1.1
 --- UTM-X: 407087 UTM-Y: 4377829 Depth: 2.5 Value: 6.5 Station: CB1.1
 --- UTM-X: 407087 UTM-Y: 4377829 Depth: 3 Value: 6.4 Station: CB1.1
 --- UTM-X: 411823 UTM-Y: 4366119 Depth: 0 Value: 7 Station: CB2.1
 --- UTM-X: 411823 UTM-Y: 4366119 Depth: 0.5 Value: 7 Station: CB2.1
 --- UTM-X: 411823 UTM-Y: 4366119 Depth: 1 Value: 7 Station: CB2.1
 --- UTM-X: 411823 UTM-Y: 4366119 Depth: 1.5 Value: 7 Station: CB2.1
 --- UTM-X: 411823 UTM-Y: 4366119 Depth: 2 Value: 7 Station: CB2.1
 --- UTM-X: 411823 UTM-Y: 4366119 Depth: 2.5 Value: 7 Station: CB2.1
 --- UTM-X: 411823 UTM-Y: 4366119 Depth: 3 Value: 7 Station: CB2.1
 --- UTM-X: 411823 UTM-Y: 4366119 Depth: 3.5 Value: 7 Station: CB2.1
 --- UTM-X: 411823 UTM-Y: 4366119 Depth: 4 Value: 7 Station: CB2.1
 --- UTM-X: 411823 UTM-Y: 4366119 Depth: 4.5 Value: 6.95 Station: CB2.1
 --- UTM-X: 411823 UTM-Y: 4366119 Depth: 5 Value: 6.9 Station: CB2.1
 --- UTM-X: 417720 UTM-Y: 4381039 Depth: 0 Value: 5.7 Station: ET1.1
 --- UTM-X: 417720 UTM-Y: 4381039 Depth: 0.5 Value: 5.6 Station: ET1.1
 --- UTM-X: 417720 UTM-Y: 4381039 Depth: 1 Value: 5.5 Station: ET1.1
 --- UTM-X: 417720 UTM-Y: 4381039 Depth: 1.5 Value: 5.458 Station: ET1.1
 --- UTM-X: 417720 UTM-Y: 4381039 Depth: 2 Value: 5.417 Station: ET1.1
 --- 106 cells were interpolated in region NORTF.  Subtotal: 51945 total cells.
 ---- Region was calculated in 0 seconds. Segment volume (m^3) = 26500000
 
 - Bathymetry Region ID: 1010  Region Name: C&DOH  Data Points: 63 in data region 1010
 -- Cell Size  E-W: 100  N-S: 100  Vertical: 1
 --- Data in Region ---
 --- UTM-X: 411823 UTM-Y: 4366119 Depth: 0 Value: 7 Station: CB2.1
 --- UTM-X: 411823 UTM-Y: 4366119 Depth: 0.5 Value: 7 Station: CB2.1
 --- UTM-X: 411823 UTM-Y: 4366119 Depth: 1 Value: 7 Station: CB2.1
 --- UTM-X: 411823 UTM-Y: 4366119 Depth: 1.5 Value: 7 Station: CB2.1
 --- UTM-X: 411823 UTM-Y: 4366119 Depth: 2 Value: 7 Station: CB2.1
 --- UTM-X: 411823 UTM-Y: 4366119 Depth: 2.5 Value: 7 Station: CB2.1
 --- UTM-X: 411823 UTM-Y: 4366119 Depth: 3 Value: 7 Station: CB2.1
 --- UTM-X: 411823 UTM-Y: 4366119 Depth: 3.5 Value: 7 Station: CB2.1
 --- UTM-X: 411823 UTM-Y: 4366119 Depth: 4 Value: 7 Station: CB2.1
 --- UTM-X: 411823 UTM-Y: 4366119 Depth: 4.5 Value: 6.95 Station: CB2.1
 --- UTM-X: 411823 UTM-Y: 4366119 Depth: 5 Value: 6.9 Station: CB2.1
 --- UTM-X: 429838 UTM-Y: 4375370 Depth: 0 Value: 6.3 Station: ET2.1
 --- UTM-X: 429838 UTM-Y: 4375370 Depth: 0.5 Value: 6.25 Station: ET2.1
 --- UTM-X: 429838 UTM-Y: 4375370 Depth: 1 Value: 6.2 Station: ET2.1
 --- UTM-X: 429838 UTM-Y: 4375370 Depth: 1.5 Value: 6.2 Station: ET2.1
 --- UTM-X: 429838 UTM-Y: 4375370 Depth: 2 Value: 6.2 Station: ET2.1
 --- UTM-X: 429838 UTM-Y: 4375370 Depth: 2.5 Value: 6.2 Station: ET2.1
 --- UTM-X: 429838 UTM-Y: 4375370 Depth: 3 Value: 6.2 Station: ET2.1
 --- UTM-X: 429838 UTM-Y: 4375370 Depth: 3.5 Value: 6.2 Station: ET2.1
 --- UTM-X: 429838 UTM-Y: 4375370 Depth: 4 Value: 6.2 Station: ET2.1
 --- UTM-X: 429838 UTM-Y: 4375370 Depth: 4.5 Value: 6.2 Station: ET2.1
 --- UTM-X: 429838 UTM-Y: 4375370 Depth: 5 Value: 6.2 Station: ET2.1
 --- UTM-X: 429838 UTM-Y: 4375370 Depth: 5.5 Value: 6.2 Station: ET2.1
 --- UTM-X: 429838 UTM-Y: 4375370 Depth: 6 Value: 6.2 Station: ET2.1
 --- UTM-X: 429838 UTM-Y: 4375370 Depth: 6.5 Value: 6.2 Station: ET2.1
 --- UTM-X: 429838 UTM-Y: 4375370 Depth: 7 Value: 6.2 Station: ET2.1
 --- UTM-X: 429838 UTM-Y: 4375370 Depth: 7.5 Value: 6.2 Station: ET2.1
 --- UTM-X: 429838 UTM-Y: 4375370 Depth: 8 Value: 6.2 Station: ET2.1
 --- UTM-X: 429838 UTM-Y: 4375370 Depth: 8.5 Value: 6.2 Station: ET2.1
 --- UTM-X: 429838 UTM-Y: 4375370 Depth: 9 Value: 6.2 Station: ET2.1
 --- UTM-X: 429838 UTM-Y: 4375370 Depth: 9.5 Value: 6.2 Station: ET2.1
 --- UTM-X: 429838 UTM-Y: 4375370 Depth: 10 Value: 6.2 Station: ET2.1
 --- UTM-X: 429838 UTM-Y: 4375370 Depth: 10.5 Value: 6.2 Station: ET2.1
 --- UTM-X: 429838 UTM-Y: 4375370 Depth: 11 Value: 6.2 Station: ET2.1
 --- UTM-X: 429838 UTM-Y: 4375370 Depth: 11.5 Value: 6.2 Station: ET2.1
 --- UTM-X: 429838 UTM-Y: 4375370 Depth: 12 Value: 6.2 Station: ET2.1
 --- UTM-X: 429838 UTM-Y: 4375370 Depth: 12.5 Value: 6.2 Station: ET2.1
 --- UTM-X: 429838 UTM-Y: 4375370 Depth: 13 Value: 6.2 Station: ET2.1
 --- UTM-X: 422657 UTM-Y: 4373588 Depth: 0 Value: 6.8 Station: ET2.3
 --- UTM-X: 422657 UTM-Y: 4373588 Depth: 0.5 Value: 6.8 Station: ET2.3
 --- UTM-X: 422657 UTM-Y: 4373588 Depth: 1 Value: 6.8 Station: ET2.3
 --- UTM-X: 422657 UTM-Y: 4373588 Depth: 1.5 Value: 6.8 Station: ET2.3
 --- UTM-X: 422657 UTM-Y: 4373588 Depth: 2 Value: 6.8 Station: ET2.3
 --- UTM-X: 422657 UTM-Y: 4373588 Depth: 2.5 Value: 6.8 Station: ET2.3
 --- UTM-X: 422657 UTM-Y: 4373588 Depth: 3 Value: 6.8 Station: ET2.3
 --- UTM-X: 422657 UTM-Y: 4373588 Depth: 3.5 Value: 6.775 Station: ET2.3
 --- UTM-X: 422657 UTM-Y: 4373588 Depth: 4 Value: 6.75 Station: ET2.3
 --- UTM-X: 422657 UTM-Y: 4373588 Depth: 4.5 Value: 6.725 Station: ET2.3
 --- UTM-X: 422657 UTM-Y: 4373588 Depth: 5 Value: 6.7 Station: ET2.3
 --- UTM-X: 422657 UTM-Y: 4373588 Depth: 5.5 Value: 6.7 Station: ET2.3
 --- UTM-X: 422657 UTM-Y: 4373588 Depth: 6 Value: 6.7 Station: ET2.3
 --- UTM-X: 422657 UTM-Y: 4373588 Depth: 6.5 Value: 6.7 Station: ET2.3
 --- UTM-X: 422657 UTM-Y: 4373588 Depth: 7 Value: 6.7 Station: ET2.3
 --- UTM-X: 422657 UTM-Y: 4373588 Depth: 7.5 Value: 6.7 Station: ET2.3
 --- UTM-X: 422657 UTM-Y: 4373588 Depth: 8 Value: 6.7 Station: ET2.3
 --- UTM-X: 422657 UTM-Y: 4373588 Depth: 8.5 Value: 6.7 Station: ET2.3
 --- UTM-X: 422657 UTM-Y: 4373588 Depth: 9 Value: 6.7 Station: ET2.3
 --- UTM-X: 422657 UTM-Y: 4373588 Depth: 9.5 Value: 6.7 Station: ET2.3
 --- UTM-X: 422657 UTM-Y: 4373588 Depth: 10 Value: 6.7 Station: ET2.3
 --- UTM-X: 422657 UTM-Y: 4373588 Depth: 10.5 Value: 6.7 Station: ET2.3
 --- UTM-X: 422657 UTM-Y: 4373588 Depth: 11 Value: 6.7 Station: ET2.3
 --- UTM-X: 422657 UTM-Y: 4373588 Depth: 11.5 Value: 6.65 Station: ET2.3
 --- UTM-X: 422657 UTM-Y: 4373588 Depth: 12 Value: 6.6 Station: ET2.3
 --- 2413 cells were interpolated in region C&DOH.  Subtotal: 54358 total cells.
 ---- Region was calculated in 0 seconds. Segment volume (m^3) = 24130000
 
 - Bathymetry Region ID: 1011  Region Name: ELKOH  Data Points: 36 in data region 1011
 -- Cell Size  E-W: 500  N-S: 500  Vertical: 1
 --- Data in Region ---
 --- UTM-X: 411823 UTM-Y: 4366119 Depth: 0 Value: 7 Station: CB2.1
 --- UTM-X: 411823 UTM-Y: 4366119 Depth: 0.5 Value: 7 Station: CB2.1
 --- UTM-X: 411823 UTM-Y: 4366119 Depth: 1 Value: 7 Station: CB2.1
 --- UTM-X: 411823 UTM-Y: 4366119 Depth: 1.5 Value: 7 Station: CB2.1
 --- UTM-X: 411823 UTM-Y: 4366119 Depth: 2 Value: 7 Station: CB2.1
 --- UTM-X: 411823 UTM-Y: 4366119 Depth: 2.5 Value: 7 Station: CB2.1
 --- UTM-X: 411823 UTM-Y: 4366119 Depth: 3 Value: 7 Station: CB2.1
 --- UTM-X: 411823 UTM-Y: 4366119 Depth: 3.5 Value: 7 Station: CB2.1
 --- UTM-X: 411823 UTM-Y: 4366119 Depth: 4 Value: 7 Station: CB2.1
 --- UTM-X: 411823 UTM-Y: 4366119 Depth: 4.5 Value: 6.95 Station: CB2.1
 --- UTM-X: 411823 UTM-Y: 4366119 Depth: 5 Value: 6.9 Station: CB2.1
 --- UTM-X: 422657 UTM-Y: 4373588 Depth: 0 Value: 6.8 Station: ET2.3
 --- UTM-X: 422657 UTM-Y: 4373588 Depth: 0.5 Value: 6.8 Station: ET2.3
 --- UTM-X: 422657 UTM-Y: 4373588 Depth: 1 Value: 6.8 Station: ET2.3
 --- UTM-X: 422657 UTM-Y: 4373588 Depth: 1.5 Value: 6.8 Station: ET2.3
 --- UTM-X: 422657 UTM-Y: 4373588 Depth: 2 Value: 6.8 Station: ET2.3
 --- UTM-X: 422657 UTM-Y: 4373588 Depth: 2.5 Value: 6.8 Station: ET2.3
 --- UTM-X: 422657 UTM-Y: 4373588 Depth: 3 Value: 6.8 Station: ET2.3
 --- UTM-X: 422657 UTM-Y: 4373588 Depth: 3.5 Value: 6.775 Station: ET2.3
 --- UTM-X: 422657 UTM-Y: 4373588 Depth: 4 Value: 6.75 Station: ET2.3
 --- UTM-X: 422657 UTM-Y: 4373588 Depth: 4.5 Value: 6.725 Station: ET2.3
 --- UTM-X: 422657 UTM-Y: 4373588 Depth: 5 Value: 6.7 Station: ET2.3
 --- UTM-X: 422657 UTM-Y: 4373588 Depth: 5.5 Value: 6.7 Station: ET2.3
 --- UTM-X: 422657 UTM-Y: 4373588 Depth: 6 Value: 6.7 Station: ET2.3
 --- UTM-X: 422657 UTM-Y: 4373588 Depth: 6.5 Value: 6.7 Station: ET2.3
 --- UTM-X: 422657 UTM-Y: 4373588 Depth: 7 Value: 6.7 Station: ET2.3
 --- UTM-X: 422657 UTM-Y: 4373588 Depth: 7.5 Value: 6.7 Station: ET2.3
 --- UTM-X: 422657 UTM-Y: 4373588 Depth: 8 Value: 6.7 Station: ET2.3
 --- UTM-X: 422657 UTM-Y: 4373588 Depth: 8.5 Value: 6.7 Station: ET2.3
 --- UTM-X: 422657 UTM-Y: 4373588 Depth: 9 Value: 6.7 Station: ET2.3
 --- UTM-X: 422657 UTM-Y: 4373588 Depth: 9.5 Value: 6.7 Station: ET2.3
 --- UTM-X: 422657 UTM-Y: 4373588 Depth: 10 Value: 6.7 Station: ET2.3
 --- UTM-X: 422657 UTM-Y: 4373588 Depth: 10.5 Value: 6.7 Station: ET2.3
 --- UTM-X: 422657 UTM-Y: 4373588 Depth: 11 Value: 6.7 Station: ET2.3
 --- UTM-X: 422657 UTM-Y: 4373588 Depth: 11.5 Value: 6.65 Station: ET2.3
 --- UTM-X: 422657 UTM-Y: 4373588 Depth: 12 Value: 6.6 Station: ET2.3
 --- 405 cells were interpolated in region ELKOH.  Subtotal: 54763 total cells.
 ---- Region was calculated in 0 seconds. Segment volume (m^3) = 101250000
 
 - Bathymetry Region ID: 1012  Region Name: BOHOH  Data Points: 49 in data region 1012
 -- Cell Size  E-W: 250  N-S: 250  Vertical: 1
 --- Data in Region ---
 --- UTM-X: 407087 UTM-Y: 4377829 Depth: 0 Value: 6.6 Station: CB1.1
 --- UTM-X: 407087 UTM-Y: 4377829 Depth: 0.5 Value: 6.6 Station: CB1.1
 --- UTM-X: 407087 UTM-Y: 4377829 Depth: 1 Value: 6.6 Station: CB1.1
 --- UTM-X: 407087 UTM-Y: 4377829 Depth: 1.5 Value: 6.6 Station: CB1.1
 --- UTM-X: 407087 UTM-Y: 4377829 Depth: 2 Value: 6.6 Station: CB1.1
 --- UTM-X: 407087 UTM-Y: 4377829 Depth: 2.5 Value: 6.5 Station: CB1.1
 --- UTM-X: 407087 UTM-Y: 4377829 Depth: 3 Value: 6.4 Station: CB1.1
 --- UTM-X: 411823 UTM-Y: 4366119 Depth: 0 Value: 7 Station: CB2.1
 --- UTM-X: 411823 UTM-Y: 4366119 Depth: 0.5 Value: 7 Station: CB2.1
 --- UTM-X: 411823 UTM-Y: 4366119 Depth: 1 Value: 7 Station: CB2.1
 --- UTM-X: 411823 UTM-Y: 4366119 Depth: 1.5 Value: 7 Station: CB2.1
 --- UTM-X: 411823 UTM-Y: 4366119 Depth: 2 Value: 7 Station: CB2.1
 --- UTM-X: 411823 UTM-Y: 4366119 Depth: 2.5 Value: 7 Station: CB2.1
 --- UTM-X: 411823 UTM-Y: 4366119 Depth: 3 Value: 7 Station: CB2.1
 --- UTM-X: 411823 UTM-Y: 4366119 Depth: 3.5 Value: 7 Station: CB2.1
 --- UTM-X: 411823 UTM-Y: 4366119 Depth: 4 Value: 7 Station: CB2.1
 --- UTM-X: 411823 UTM-Y: 4366119 Depth: 4.5 Value: 6.95 Station: CB2.1
 --- UTM-X: 411823 UTM-Y: 4366119 Depth: 5 Value: 6.9 Station: CB2.1
 --- UTM-X: 424761 UTM-Y: 4368943 Depth: 0 Value: 5.7 Station: ET2.2
 --- UTM-X: 424761 UTM-Y: 4368943 Depth: 0.5 Value: 5.6 Station: ET2.2
 --- UTM-X: 424761 UTM-Y: 4368943 Depth: 1 Value: 5.5 Station: ET2.2
 --- UTM-X: 424761 UTM-Y: 4368943 Depth: 1.5 Value: 5.25 Station: ET2.2
 --- UTM-X: 424761 UTM-Y: 4368943 Depth: 2 Value: 5 Station: ET2.2
 --- UTM-X: 424761 UTM-Y: 4368943 Depth: 2.5 Value: 5 Station: ET2.2
 --- UTM-X: 422657 UTM-Y: 4373588 Depth: 0 Value: 6.8 Station: ET2.3
 --- UTM-X: 422657 UTM-Y: 4373588 Depth: 0.5 Value: 6.8 Station: ET2.3
 --- UTM-X: 422657 UTM-Y: 4373588 Depth: 1 Value: 6.8 Station: ET2.3
 --- UTM-X: 422657 UTM-Y: 4373588 Depth: 1.5 Value: 6.8 Station: ET2.3
 --- UTM-X: 422657 UTM-Y: 4373588 Depth: 2 Value: 6.8 Station: ET2.3
 --- UTM-X: 422657 UTM-Y: 4373588 Depth: 2.5 Value: 6.8 Station: ET2.3
 --- UTM-X: 422657 UTM-Y: 4373588 Depth: 3 Value: 6.8 Station: ET2.3
 --- UTM-X: 422657 UTM-Y: 4373588 Depth: 3.5 Value: 6.775 Station: ET2.3
 --- UTM-X: 422657 UTM-Y: 4373588 Depth: 4 Value: 6.75 Station: ET2.3
 --- UTM-X: 422657 UTM-Y: 4373588 Depth: 4.5 Value: 6.725 Station: ET2.3
 --- UTM-X: 422657 UTM-Y: 4373588 Depth: 5 Value: 6.7 Station: ET2.3
 --- UTM-X: 422657 UTM-Y: 4373588 Depth: 5.5 Value: 6.7 Station: ET2.3
 --- UTM-X: 422657 UTM-Y: 4373588 Depth: 6 Value: 6.7 Station: ET2.3
 --- UTM-X: 422657 UTM-Y: 4373588 Depth: 6.5 Value: 6.7 Station: ET2.3
 --- UTM-X: 422657 UTM-Y: 4373588 Depth: 7 Value: 6.7 Station: ET2.3
 --- UTM-X: 422657 UTM-Y: 4373588 Depth: 7.5 Value: 6.7 Station: ET2.3
 --- UTM-X: 422657 UTM-Y: 4373588 Depth: 8 Value: 6.7 Station: ET2.3
 --- UTM-X: 422657 UTM-Y: 4373588 Depth: 8.5 Value: 6.7 Station: ET2.3
 --- UTM-X: 422657 UTM-Y: 4373588 Depth: 9 Value: 6.7 Station: ET2.3
 --- UTM-X: 422657 UTM-Y: 4373588 Depth: 9.5 Value: 6.7 Station: ET2.3
 --- UTM-X: 422657 UTM-Y: 4373588 Depth: 10 Value: 6.7 Station: ET2.3
 --- UTM-X: 422657 UTM-Y: 4373588 Depth: 10.5 Value: 6.7 Station: ET2.3
 --- UTM-X: 422657 UTM-Y: 4373588 Depth: 11 Value: 6.7 Station: ET2.3
 --- UTM-X: 422657 UTM-Y: 4373588 Depth: 11.5 Value: 6.65 Station: ET2.3
 --- UTM-X: 422657 UTM-Y: 4373588 Depth: 12 Value: 6.6 Station: ET2.3
 --- 272 cells were interpolated in region BOHOH.  Subtotal: 55035 total cells.
 ---- Region was calculated in 0 seconds. Segment volume (m^3) = 17000000
 
 - Bathymetry Region ID: 1013  Region Name: SASOH  Data Points: 14 in data region 1013
 -- Cell Size  E-W: 250  N-S: 250  Vertical: 1
 --- Data in Region ---
 --- UTM-X: 423936 UTM-Y: 4357851 Depth: 0 Value: 5.3 Station: ET3.1
 --- UTM-X: 423936 UTM-Y: 4357851 Depth: 0.5 Value: 5.1 Station: ET3.1
 --- UTM-X: 423936 UTM-Y: 4357851 Depth: 1 Value: 4.9 Station: ET3.1
 --- UTM-X: 423936 UTM-Y: 4357851 Depth: 1.5 Value: 4.85 Station: ET3.1
 --- UTM-X: 423936 UTM-Y: 4357851 Depth: 2 Value: 4.8 Station: ET3.1
 --- UTM-X: 423936 UTM-Y: 4357851 Depth: 2.5 Value: 4.8 Station: ET3.1
 --- UTM-X: 423936 UTM-Y: 4357851 Depth: 3 Value: 4.8 Station: ET3.1
 --- UTM-X: 423936 UTM-Y: 4357851 Depth: 3.5 Value: 4.8 Station: ET3.1
 --- UTM-X: 423936 UTM-Y: 4357851 Depth: 4 Value: 4.8 Station: ET3.1
 --- UTM-X: 423936 UTM-Y: 4357851 Depth: 4.5 Value: 4.8 Station: ET3.1
 --- UTM-X: 423936 UTM-Y: 4357851 Depth: 5 Value: 4.8 Station: ET3.1
 --- UTM-X: 423936 UTM-Y: 4357851 Depth: 5.5 Value: 4.7 Station: ET3.1
 --- UTM-X: 423936 UTM-Y: 4357851 Depth: 6 Value: 4.6 Station: ET3.1
 --- UTM-X: 423936 UTM-Y: 4357851 Depth: 6.5 Value: 4.6 Station: ET3.1
 --- 1347 cells were interpolated in region SASOH.  Subtotal: 56382 total cells.
 ---- Region was calculated in 0 seconds. Segment volume (m^3) = 84187500
 
 - Bathymetry Region ID: 1014  Region Name: CHSTF  Data Points: 11 in data region 1014
 -- Cell Size  E-W: 50  N-S: 50  Vertical: 1
 --- Data in Region ---
 --- UTM-X: 420223 UTM-Y: 4345864 Depth: 0 Value: 6.1 Station: ET4.1
 --- UTM-X: 420223 UTM-Y: 4345864 Depth: 0.5 Value: 6.1 Station: ET4.1
 --- UTM-X: 420223 UTM-Y: 4345864 Depth: 1 Value: 6.1 Station: ET4.1
 --- UTM-X: 420223 UTM-Y: 4345864 Depth: 1.5 Value: 6.1 Station: ET4.1
 --- UTM-X: 420223 UTM-Y: 4345864 Depth: 2 Value: 6.1 Station: ET4.1
 --- UTM-X: 420223 UTM-Y: 4345864 Depth: 2.5 Value: 6.05 Station: ET4.1
 --- UTM-X: 420223 UTM-Y: 4345864 Depth: 3 Value: 6 Station: ET4.1
 --- UTM-X: 420223 UTM-Y: 4345864 Depth: 3.5 Value: 6 Station: ET4.1
 --- UTM-X: 420223 UTM-Y: 4345864 Depth: 4 Value: 6 Station: ET4.1
 --- UTM-X: 420223 UTM-Y: 4345864 Depth: 4.5 Value: 6 Station: ET4.1
 --- UTM-X: 420223 UTM-Y: 4345864 Depth: 5 Value: 6 Station: ET4.1
 --- 1345 cells were interpolated in region CHSTF.  Subtotal: 57727 total cells.
 ---- Region was calculated in 0 seconds. Segment volume (m^3) = 3362500
 
 - Bathymetry Region ID: 1015  Region Name: CHSOH  Data Points: 32 in data region 1015
 -- Cell Size  E-W: 250  N-S: 250  Vertical: 1
 --- Data in Region ---
 --- UTM-X: 420223 UTM-Y: 4345864 Depth: 0 Value: 6.1 Station: ET4.1
 --- UTM-X: 420223 UTM-Y: 4345864 Depth: 0.5 Value: 6.1 Station: ET4.1
 --- UTM-X: 420223 UTM-Y: 4345864 Depth: 1 Value: 6.1 Station: ET4.1
 --- UTM-X: 420223 UTM-Y: 4345864 Depth: 1.5 Value: 6.1 Station: ET4.1
 --- UTM-X: 420223 UTM-Y: 4345864 Depth: 2 Value: 6.1 Station: ET4.1
 --- UTM-X: 420223 UTM-Y: 4345864 Depth: 2.5 Value: 6.05 Station: ET4.1
 --- UTM-X: 420223 UTM-Y: 4345864 Depth: 3 Value: 6 Station: ET4.1
 --- UTM-X: 420223 UTM-Y: 4345864 Depth: 3.5 Value: 6 Station: ET4.1
 --- UTM-X: 420223 UTM-Y: 4345864 Depth: 4 Value: 6 Station: ET4.1
 --- UTM-X: 420223 UTM-Y: 4345864 Depth: 4.5 Value: 6 Station: ET4.1
 --- UTM-X: 420223 UTM-Y: 4345864 Depth: 5 Value: 6 Station: ET4.1
 --- UTM-X: 394661 UTM-Y: 4316568 Depth: 0 Value: 9.1 Station: ET4.2
 --- UTM-X: 394661 UTM-Y: 4316568 Depth: 0.5 Value: 8.75 Station: ET4.2
 --- UTM-X: 394661 UTM-Y: 4316568 Depth: 1 Value: 8.4 Station: ET4.2
 --- UTM-X: 394661 UTM-Y: 4316568 Depth: 1.5 Value: 8.4 Station: ET4.2
 --- UTM-X: 394661 UTM-Y: 4316568 Depth: 2 Value: 8.4 Station: ET4.2
 --- UTM-X: 394661 UTM-Y: 4316568 Depth: 2.5 Value: 7.85 Station: ET4.2
 --- UTM-X: 394661 UTM-Y: 4316568 Depth: 3 Value: 7.3 Station: ET4.2
 --- UTM-X: 394661 UTM-Y: 4316568 Depth: 3.5 Value: 7.25 Station: ET4.2
 --- UTM-X: 394661 UTM-Y: 4316568 Depth: 4 Value: 7.2 Station: ET4.2
 --- UTM-X: 394661 UTM-Y: 4316568 Depth: 4.5 Value: 6.65 Station: ET4.2
 --- UTM-X: 394661 UTM-Y: 4316568 Depth: 5 Value: 6.1 Station: ET4.2
 --- UTM-X: 394661 UTM-Y: 4316568 Depth: 5.5 Value: 5.65 Station: ET4.2
 --- UTM-X: 394661 UTM-Y: 4316568 Depth: 6 Value: 5.2 Station: ET4.2
 --- UTM-X: 394661 UTM-Y: 4316568 Depth: 6.5 Value: 2.95 Station: ET4.2
 --- UTM-X: 394661 UTM-Y: 4316568 Depth: 7 Value: 0.7 Station: ET4.2
 --- UTM-X: 394661 UTM-Y: 4316568 Depth: 7.5 Value: 0.5 Station: ET4.2
 --- UTM-X: 394661 UTM-Y: 4316568 Depth: 8 Value: 0.3 Station: ET4.2
 --- UTM-X: 394661 UTM-Y: 4316568 Depth: 8.5 Value: 0.3 Station: ET4.2
 --- UTM-X: 394661 UTM-Y: 4316568 Depth: 9 Value: 0.3 Station: ET4.2
 --- UTM-X: 394661 UTM-Y: 4316568 Depth: 9.5 Value: 0.3 Station: ET4.2
 --- UTM-X: 391935 UTM-Y: 4314323 Depth: 0 Value: 6.8 Station: XGG8251
 --- 462 cells were interpolated in region CHSOH.  Subtotal: 58189 total cells.
 ---- Region was calculated in 0 seconds. Segment volume (m^3) = 28875000
 
 - Bathymetry Region ID: 1016  Region Name: CHSMH  Data Points: 115 in data region 1016
 -- Cell Size  E-W: 500  N-S: 500  Vertical: 1
 --- Data in Region ---
 --- UTM-X: 387140 UTM-Y: 4335727 Depth: 0 Value: 7.6 Station: CB3.2
 --- UTM-X: 387140 UTM-Y: 4335727 Depth: 0.5 Value: 7.6 Station: CB3.2
 --- UTM-X: 387140 UTM-Y: 4335727 Depth: 1 Value: 7.6 Station: CB3.2
 --- UTM-X: 387140 UTM-Y: 4335727 Depth: 1.5 Value: 7.5 Station: CB3.2
 --- UTM-X: 387140 UTM-Y: 4335727 Depth: 2 Value: 7.4 Station: CB3.2
 --- UTM-X: 387140 UTM-Y: 4335727 Depth: 2.5 Value: 7.35 Station: CB3.2
 --- UTM-X: 387140 UTM-Y: 4335727 Depth: 3 Value: 7.3 Station: CB3.2
 --- UTM-X: 387140 UTM-Y: 4335727 Depth: 3.5 Value: 6.85 Station: CB3.2
 --- UTM-X: 387140 UTM-Y: 4335727 Depth: 4 Value: 6.4 Station: CB3.2
 --- UTM-X: 387140 UTM-Y: 4335727 Depth: 4.5 Value: 6 Station: CB3.2
 --- UTM-X: 387140 UTM-Y: 4335727 Depth: 5 Value: 5.6 Station: CB3.2
 --- UTM-X: 387140 UTM-Y: 4335727 Depth: 5.5 Value: 5.5 Station: CB3.2
 --- UTM-X: 387140 UTM-Y: 4335727 Depth: 6 Value: 5.4 Station: CB3.2
 --- UTM-X: 387140 UTM-Y: 4335727 Depth: 6.5 Value: 4.05 Station: CB3.2
 --- UTM-X: 387140 UTM-Y: 4335727 Depth: 7 Value: 2.7 Station: CB3.2
 --- UTM-X: 387140 UTM-Y: 4335727 Depth: 7.5 Value: 2.4 Station: CB3.2
 --- UTM-X: 387140 UTM-Y: 4335727 Depth: 8 Value: 2.1 Station: CB3.2
 --- UTM-X: 387140 UTM-Y: 4335727 Depth: 8.5 Value: 1.8 Station: CB3.2
 --- UTM-X: 387140 UTM-Y: 4335727 Depth: 9 Value: 1.5 Station: CB3.2
 --- UTM-X: 387140 UTM-Y: 4335727 Depth: 9.5 Value: 0.9 Station: CB3.2
 --- UTM-X: 387140 UTM-Y: 4335727 Depth: 10 Value: 0.3 Station: CB3.2
 --- UTM-X: 382253 UTM-Y: 4317113 Depth: 0 Value: 13.3 Station: CB3.3C
 --- UTM-X: 382253 UTM-Y: 4317113 Depth: 0.5 Value: 13.4 Station: CB3.3C
 --- UTM-X: 382253 UTM-Y: 4317113 Depth: 1 Value: 13.5 Station: CB3.3C
 --- UTM-X: 382253 UTM-Y: 4317113 Depth: 1.5 Value: 13.15 Station: CB3.3C
 --- UTM-X: 382253 UTM-Y: 4317113 Depth: 2 Value: 12.8 Station: CB3.3C
 --- UTM-X: 382253 UTM-Y: 4317113 Depth: 2.5 Value: 10.05 Station: CB3.3C
 --- UTM-X: 382253 UTM-Y: 4317113 Depth: 3 Value: 7.3 Station: CB3.3C
 --- UTM-X: 382253 UTM-Y: 4317113 Depth: 3.5 Value: 6.7 Station: CB3.3C
 --- UTM-X: 382253 UTM-Y: 4317113 Depth: 4 Value: 6.1 Station: CB3.3C
 --- UTM-X: 382253 UTM-Y: 4317113 Depth: 4.5 Value: 6.1 Station: CB3.3C
 --- UTM-X: 382253 UTM-Y: 4317113 Depth: 5 Value: 6.1 Station: CB3.3C
 --- UTM-X: 382253 UTM-Y: 4317113 Depth: 5.5 Value: 5.3 Station: CB3.3C
 --- UTM-X: 382253 UTM-Y: 4317113 Depth: 6 Value: 4.5 Station: CB3.3C
 --- UTM-X: 382253 UTM-Y: 4317113 Depth: 6.5 Value: 3.45 Station: CB3.3C
 --- UTM-X: 382253 UTM-Y: 4317113 Depth: 7 Value: 2.4 Station: CB3.3C
 --- UTM-X: 382253 UTM-Y: 4317113 Depth: 7.5 Value: 2 Station: CB3.3C
 --- UTM-X: 382253 UTM-Y: 4317113 Depth: 8 Value: 1.6 Station: CB3.3C
 --- UTM-X: 382253 UTM-Y: 4317113 Depth: 8.5 Value: 1.45 Station: CB3.3C
 --- UTM-X: 382253 UTM-Y: 4317113 Depth: 9 Value: 1.3 Station: CB3.3C
 --- UTM-X: 382253 UTM-Y: 4317113 Depth: 9.5 Value: 1.05 Station: CB3.3C
 --- UTM-X: 382253 UTM-Y: 4317113 Depth: 10 Value: 0.8 Station: CB3.3C
 --- UTM-X: 382253 UTM-Y: 4317113 Depth: 10.5 Value: 0.7 Station: CB3.3C
 --- UTM-X: 382253 UTM-Y: 4317113 Depth: 11 Value: 0.6 Station: CB3.3C
 --- UTM-X: 382253 UTM-Y: 4317113 Depth: 11.5 Value: 0.35 Station: CB3.3C
 --- UTM-X: 382253 UTM-Y: 4317113 Depth: 12 Value: 0.1 Station: CB3.3C
 --- UTM-X: 382253 UTM-Y: 4317113 Depth: 12.5 Value: 0.1 Station: CB3.3C
 --- UTM-X: 382253 UTM-Y: 4317113 Depth: 13 Value: 0.1 Station: CB3.3C
 --- UTM-X: 382253 UTM-Y: 4317113 Depth: 13.5 Value: 0.1 Station: CB3.3C
 --- UTM-X: 382253 UTM-Y: 4317113 Depth: 14 Value: 0.1 Station: CB3.3C
 --- UTM-X: 382253 UTM-Y: 4317113 Depth: 14.5 Value: 0.1 Station: CB3.3C
 --- UTM-X: 382253 UTM-Y: 4317113 Depth: 15 Value: 0.1 Station: CB3.3C
 --- UTM-X: 382253 UTM-Y: 4317113 Depth: 15.5 Value: 0.1 Station: CB3.3C
 --- UTM-X: 382253 UTM-Y: 4317113 Depth: 16 Value: 0.1 Station: CB3.3C
 --- UTM-X: 382253 UTM-Y: 4317113 Depth: 16.5 Value: 0.1 Station: CB3.3C
 --- UTM-X: 382253 UTM-Y: 4317113 Depth: 17 Value: 0.1 Station: CB3.3C
 --- UTM-X: 382253 UTM-Y: 4317113 Depth: 17.5 Value: 0.1 Station: CB3.3C
 --- UTM-X: 382253 UTM-Y: 4317113 Depth: 18 Value: 0.1 Station: CB3.3C
 --- UTM-X: 382253 UTM-Y: 4317113 Depth: 18.5 Value: 0.1 Station: CB3.3C
 --- UTM-X: 382253 UTM-Y: 4317113 Depth: 19 Value: 0.1 Station: CB3.3C
 --- UTM-X: 382253 UTM-Y: 4317113 Depth: 19.5 Value: 0.1 Station: CB3.3C
 --- UTM-X: 382253 UTM-Y: 4317113 Depth: 20 Value: 0.1 Station: CB3.3C
 --- UTM-X: 382253 UTM-Y: 4317113 Depth: 20.5 Value: 0.1 Station: CB3.3C
 --- UTM-X: 382253 UTM-Y: 4317113 Depth: 21 Value: 0.1 Station: CB3.3C
 --- UTM-X: 382253 UTM-Y: 4317113 Depth: 21.5 Value: 0.1 Station: CB3.3C
 --- UTM-X: 382253 UTM-Y: 4317113 Depth: 22 Value: 0.1 Station: CB3.3C
 --- UTM-X: 383418 UTM-Y: 4317836 Depth: 0 Value: 10.3 Station: CB3.3E
 --- UTM-X: 383418 UTM-Y: 4317836 Depth: 0.5 Value: 10.05 Station: CB3.3E
 --- UTM-X: 383418 UTM-Y: 4317836 Depth: 1 Value: 9.8 Station: CB3.3E
 --- UTM-X: 383418 UTM-Y: 4317836 Depth: 1.5 Value: 8.3 Station: CB3.3E
 --- UTM-X: 383418 UTM-Y: 4317836 Depth: 2 Value: 6.8 Station: CB3.3E
 --- UTM-X: 383418 UTM-Y: 4317836 Depth: 2.5 Value: 6.85 Station: CB3.3E
 --- UTM-X: 383418 UTM-Y: 4317836 Depth: 3 Value: 6.9 Station: CB3.3E
 --- UTM-X: 383418 UTM-Y: 4317836 Depth: 3.5 Value: 6.9 Station: CB3.3E
 --- UTM-X: 383418 UTM-Y: 4317836 Depth: 4 Value: 6.9 Station: CB3.3E
 --- UTM-X: 383418 UTM-Y: 4317836 Depth: 4.5 Value: 6.85 Station: CB3.3E
 --- UTM-X: 383418 UTM-Y: 4317836 Depth: 5 Value: 6.8 Station: CB3.3E
 --- UTM-X: 383418 UTM-Y: 4317836 Depth: 5.5 Value: 5.9 Station: CB3.3E
 --- UTM-X: 383418 UTM-Y: 4317836 Depth: 6 Value: 5 Station: CB3.3E
 --- UTM-X: 379813 UTM-Y: 4318075 Depth: 0 Value: 9.7 Station: CB3.3W
 --- UTM-X: 379813 UTM-Y: 4318075 Depth: 0.5 Value: 9.7 Station: CB3.3W
 --- UTM-X: 379813 UTM-Y: 4318075 Depth: 1 Value: 9.7 Station: CB3.3W
 --- UTM-X: 379813 UTM-Y: 4318075 Depth: 1.5 Value: 9.65 Station: CB3.3W
 --- UTM-X: 379813 UTM-Y: 4318075 Depth: 2 Value: 9.6 Station: CB3.3W
 --- UTM-X: 379813 UTM-Y: 4318075 Depth: 2.5 Value: 9.35 Station: CB3.3W
 --- UTM-X: 379813 UTM-Y: 4318075 Depth: 3 Value: 9.1 Station: CB3.3W
 --- UTM-X: 379813 UTM-Y: 4318075 Depth: 3.5 Value: 8.85 Station: CB3.3W
 --- UTM-X: 379813 UTM-Y: 4318075 Depth: 4 Value: 8.6 Station: CB3.3W
 --- UTM-X: 379813 UTM-Y: 4318075 Depth: 4.5 Value: 8.45 Station: CB3.3W
 --- UTM-X: 379813 UTM-Y: 4318075 Depth: 5 Value: 8.3 Station: CB3.3W
 --- UTM-X: 379813 UTM-Y: 4318075 Depth: 5.5 Value: 8.3 Station: CB3.3W
 --- UTM-X: 379813 UTM-Y: 4318075 Depth: 6 Value: 8.3 Station: CB3.3W
 --- UTM-X: 379813 UTM-Y: 4318075 Depth: 6.5 Value: 8.3 Station: CB3.3W
 --- UTM-X: 379813 UTM-Y: 4318075 Depth: 7 Value: 8.3 Station: CB3.3W
 --- UTM-X: 394661 UTM-Y: 4316568 Depth: 0 Value: 9.1 Station: ET4.2
 --- UTM-X: 394661 UTM-Y: 4316568 Depth: 0.5 Value: 8.75 Station: ET4.2
 --- UTM-X: 394661 UTM-Y: 4316568 Depth: 1 Value: 8.4 Station: ET4.2
 --- UTM-X: 394661 UTM-Y: 4316568 Depth: 1.5 Value: 8.4 Station: ET4.2
 --- UTM-X: 394661 UTM-Y: 4316568 Depth: 2 Value: 8.4 Station: ET4.2
 --- UTM-X: 394661 UTM-Y: 4316568 Depth: 2.5 Value: 7.85 Station: ET4.2
 --- UTM-X: 394661 UTM-Y: 4316568 Depth: 3 Value: 7.3 Station: ET4.2
 --- UTM-X: 394661 UTM-Y: 4316568 Depth: 3.5 Value: 7.25 Station: ET4.2
 --- UTM-X: 394661 UTM-Y: 4316568 Depth: 4 Value: 7.2 Station: ET4.2
 --- UTM-X: 394661 UTM-Y: 4316568 Depth: 4.5 Value: 6.65 Station: ET4.2
 --- UTM-X: 394661 UTM-Y: 4316568 Depth: 5 Value: 6.1 Station: ET4.2
 --- UTM-X: 394661 UTM-Y: 4316568 Depth: 5.5 Value: 5.65 Station: ET4.2
 --- UTM-X: 394661 UTM-Y: 4316568 Depth: 6 Value: 5.2 Station: ET4.2
 --- UTM-X: 394661 UTM-Y: 4316568 Depth: 6.5 Value: 2.95 Station: ET4.2
 --- UTM-X: 394661 UTM-Y: 4316568 Depth: 7 Value: 0.7 Station: ET4.2
 --- UTM-X: 394661 UTM-Y: 4316568 Depth: 7.5 Value: 0.5 Station: ET4.2
 --- UTM-X: 394661 UTM-Y: 4316568 Depth: 8 Value: 0.3 Station: ET4.2
 --- UTM-X: 394661 UTM-Y: 4316568 Depth: 8.5 Value: 0.3 Station: ET4.2
 --- UTM-X: 394661 UTM-Y: 4316568 Depth: 9 Value: 0.3 Station: ET4.2
 --- UTM-X: 394661 UTM-Y: 4316568 Depth: 9.5 Value: 0.3 Station: ET4.2
 --- UTM-X: 391935 UTM-Y: 4314323 Depth: 0 Value: 6.8 Station: XGG8251
 --- 1821 cells were interpolated in region CHSMH.  Subtotal: 60010 total cells.
 ---- Region was calculated in 0 seconds. Segment volume (m^3) = 455250000
 
 - Bathymetry Region ID: 1017  Region Name: EASMH  Data Points: 165 in data region 1017
 -- Cell Size  E-W: 500  N-S: 500  Vertical: 1
 --- Data in Region ---
 --- UTM-X: 378499 UTM-Y: 4298300 Depth: 0 Value: 7.8 Station: CB4.1C
 --- UTM-X: 378499 UTM-Y: 4298300 Depth: 0.5 Value: 7.8 Station: CB4.1C
 --- UTM-X: 378499 UTM-Y: 4298300 Depth: 1 Value: 7.8 Station: CB4.1C
 --- UTM-X: 378499 UTM-Y: 4298300 Depth: 1.5 Value: 7.6 Station: CB4.1C
 --- UTM-X: 378499 UTM-Y: 4298300 Depth: 2 Value: 7.4 Station: CB4.1C
 --- UTM-X: 378499 UTM-Y: 4298300 Depth: 2.5 Value: 7.25 Station: CB4.1C
 --- UTM-X: 378499 UTM-Y: 4298300 Depth: 3 Value: 7.1 Station: CB4.1C
 --- UTM-X: 378499 UTM-Y: 4298300 Depth: 3.5 Value: 5.75 Station: CB4.1C
 --- UTM-X: 378499 UTM-Y: 4298300 Depth: 4 Value: 4.4 Station: CB4.1C
 --- UTM-X: 378499 UTM-Y: 4298300 Depth: 4.5 Value: 4.2 Station: CB4.1C
 --- UTM-X: 378499 UTM-Y: 4298300 Depth: 5 Value: 4 Station: CB4.1C
 --- UTM-X: 378499 UTM-Y: 4298300 Depth: 5.5 Value: 3.6 Station: CB4.1C
 --- UTM-X: 378499 UTM-Y: 4298300 Depth: 6 Value: 3.2 Station: CB4.1C
 --- UTM-X: 378499 UTM-Y: 4298300 Depth: 6.5 Value: 3.05 Station: CB4.1C
 --- UTM-X: 378499 UTM-Y: 4298300 Depth: 7 Value: 2.9 Station: CB4.1C
 --- UTM-X: 378499 UTM-Y: 4298300 Depth: 7.5 Value: 2.65 Station: CB4.1C
 --- UTM-X: 378499 UTM-Y: 4298300 Depth: 8 Value: 2.4 Station: CB4.1C
 --- UTM-X: 378499 UTM-Y: 4298300 Depth: 8.5 Value: 1.7 Station: CB4.1C
 --- UTM-X: 378499 UTM-Y: 4298300 Depth: 9 Value: 1 Station: CB4.1C
 --- UTM-X: 378499 UTM-Y: 4298300 Depth: 9.5 Value: 0.55 Station: CB4.1C
 --- UTM-X: 378499 UTM-Y: 4298300 Depth: 10 Value: 0.1 Station: CB4.1C
 --- UTM-X: 378499 UTM-Y: 4298300 Depth: 10.5 Value: 0.05 Station: CB4.1C
 --- UTM-X: 378499 UTM-Y: 4298300 Depth: 11 Value: 0 Station: CB4.1C
 --- UTM-X: 378499 UTM-Y: 4298300 Depth: 11.5 Value: 0 Station: CB4.1C
 --- UTM-X: 378499 UTM-Y: 4298300 Depth: 12 Value: 0 Station: CB4.1C
 --- UTM-X: 378499 UTM-Y: 4298300 Depth: 12.5 Value: 0 Station: CB4.1C
 --- UTM-X: 378499 UTM-Y: 4298300 Depth: 13 Value: 0 Station: CB4.1C
 --- UTM-X: 378499 UTM-Y: 4298300 Depth: 13.5 Value: 0 Station: CB4.1C
 --- UTM-X: 378499 UTM-Y: 4298300 Depth: 14 Value: 0 Station: CB4.1C
 --- UTM-X: 378499 UTM-Y: 4298300 Depth: 14.5 Value: 0 Station: CB4.1C
 --- UTM-X: 378499 UTM-Y: 4298300 Depth: 15 Value: 0 Station: CB4.1C
 --- UTM-X: 378499 UTM-Y: 4298300 Depth: 15.5 Value: 0.025 Station: CB4.1C
 --- UTM-X: 378499 UTM-Y: 4298300 Depth: 16 Value: 0.05 Station: CB4.1C
 --- UTM-X: 378499 UTM-Y: 4298300 Depth: 16.5 Value: 0.075 Station: CB4.1C
 --- UTM-X: 378499 UTM-Y: 4298300 Depth: 17 Value: 0.1 Station: CB4.1C
 --- UTM-X: 378499 UTM-Y: 4298300 Depth: 17.5 Value: 0.1 Station: CB4.1C
 --- UTM-X: 378499 UTM-Y: 4298300 Depth: 18 Value: 0.1 Station: CB4.1C
 --- UTM-X: 378499 UTM-Y: 4298300 Depth: 18.5 Value: 0.1 Station: CB4.1C
 --- UTM-X: 378499 UTM-Y: 4298300 Depth: 19 Value: 0.1 Station: CB4.1C
 --- UTM-X: 378499 UTM-Y: 4298300 Depth: 19.5 Value: 0.1 Station: CB4.1C
 --- UTM-X: 378499 UTM-Y: 4298300 Depth: 20 Value: 0.1 Station: CB4.1C
 --- UTM-X: 378499 UTM-Y: 4298300 Depth: 20.5 Value: 0.1 Station: CB4.1C
 --- UTM-X: 378499 UTM-Y: 4298300 Depth: 21 Value: 0.1 Station: CB4.1C
 --- UTM-X: 378499 UTM-Y: 4298300 Depth: 21.5 Value: 0.1 Station: CB4.1C
 --- UTM-X: 378499 UTM-Y: 4298300 Depth: 22 Value: 0.1 Station: CB4.1C
 --- UTM-X: 378499 UTM-Y: 4298300 Depth: 22.5 Value: 0.1 Station: CB4.1C
 --- UTM-X: 378499 UTM-Y: 4298300 Depth: 23 Value: 0.1 Station: CB4.1C
 --- UTM-X: 378499 UTM-Y: 4298300 Depth: 23.5 Value: 0.1 Station: CB4.1C
 --- UTM-X: 378499 UTM-Y: 4298300 Depth: 24 Value: 0.1 Station: CB4.1C
 --- UTM-X: 378499 UTM-Y: 4298300 Depth: 24.5 Value: 0.1 Station: CB4.1C
 --- UTM-X: 378499 UTM-Y: 4298300 Depth: 25 Value: 0.1 Station: CB4.1C
 --- UTM-X: 378499 UTM-Y: 4298300 Depth: 25.5 Value: 0.1 Station: CB4.1C
 --- UTM-X: 378499 UTM-Y: 4298300 Depth: 26 Value: 0.1 Station: CB4.1C
 --- UTM-X: 378499 UTM-Y: 4298300 Depth: 26.5 Value: 0.1 Station: CB4.1C
 --- UTM-X: 378499 UTM-Y: 4298300 Depth: 27 Value: 0.1 Station: CB4.1C
 --- UTM-X: 378499 UTM-Y: 4298300 Depth: 27.5 Value: 0.1 Station: CB4.1C
 --- UTM-X: 378499 UTM-Y: 4298300 Depth: 28 Value: 0.1 Station: CB4.1C
 --- UTM-X: 378499 UTM-Y: 4298300 Depth: 28.5 Value: 0.1 Station: CB4.1C
 --- UTM-X: 378499 UTM-Y: 4298300 Depth: 29 Value: 0.1 Station: CB4.1C
 --- UTM-X: 380969 UTM-Y: 4297307 Depth: 0 Value: 7.1 Station: CB4.1E
 --- UTM-X: 380969 UTM-Y: 4297307 Depth: 0.5 Value: 7.1 Station: CB4.1E
 --- UTM-X: 380969 UTM-Y: 4297307 Depth: 1 Value: 7.1 Station: CB4.1E
 --- UTM-X: 380969 UTM-Y: 4297307 Depth: 1.5 Value: 7.05 Station: CB4.1E
 --- UTM-X: 380969 UTM-Y: 4297307 Depth: 2 Value: 7 Station: CB4.1E
 --- UTM-X: 380969 UTM-Y: 4297307 Depth: 2.5 Value: 7 Station: CB4.1E
 --- UTM-X: 380969 UTM-Y: 4297307 Depth: 3 Value: 7 Station: CB4.1E
 --- UTM-X: 380969 UTM-Y: 4297307 Depth: 3.5 Value: 6.85 Station: CB4.1E
 --- UTM-X: 380969 UTM-Y: 4297307 Depth: 4 Value: 6.7 Station: CB4.1E
 --- UTM-X: 380969 UTM-Y: 4297307 Depth: 4.5 Value: 6.2 Station: CB4.1E
 --- UTM-X: 380969 UTM-Y: 4297307 Depth: 5 Value: 5.7 Station: CB4.1E
 --- UTM-X: 380969 UTM-Y: 4297307 Depth: 5.5 Value: 5.25 Station: CB4.1E
 --- UTM-X: 380969 UTM-Y: 4297307 Depth: 6 Value: 4.8 Station: CB4.1E
 --- UTM-X: 380969 UTM-Y: 4297307 Depth: 6.5 Value: 4.1 Station: CB4.1E
 --- UTM-X: 380969 UTM-Y: 4297307 Depth: 7 Value: 3.4 Station: CB4.1E
 --- UTM-X: 380969 UTM-Y: 4297307 Depth: 7.5 Value: 1.95 Station: CB4.1E
 --- UTM-X: 380969 UTM-Y: 4297307 Depth: 8 Value: 0.5 Station: CB4.1E
 --- UTM-X: 380969 UTM-Y: 4297307 Depth: 8.5 Value: 0.7 Station: CB4.1E
 --- UTM-X: 380969 UTM-Y: 4297307 Depth: 9 Value: 0.9 Station: CB4.1E
 --- UTM-X: 380969 UTM-Y: 4297307 Depth: 9.5 Value: 0.8 Station: CB4.1E
 --- UTM-X: 380969 UTM-Y: 4297307 Depth: 10 Value: 0.7 Station: CB4.1E
 --- UTM-X: 380969 UTM-Y: 4297307 Depth: 10.5 Value: 0.45 Station: CB4.1E
 --- UTM-X: 380969 UTM-Y: 4297307 Depth: 11 Value: 0.2 Station: CB4.1E
 --- UTM-X: 380969 UTM-Y: 4297307 Depth: 11.5 Value: 0.15 Station: CB4.1E
 --- UTM-X: 380969 UTM-Y: 4297307 Depth: 12 Value: 0.1 Station: CB4.1E
 --- UTM-X: 380969 UTM-Y: 4297307 Depth: 12.5 Value: 0.1 Station: CB4.1E
 --- UTM-X: 380969 UTM-Y: 4297307 Depth: 13 Value: 0.1 Station: CB4.1E
 --- UTM-X: 380969 UTM-Y: 4297307 Depth: 13.5 Value: 0.1 Station: CB4.1E
 --- UTM-X: 380969 UTM-Y: 4297307 Depth: 14 Value: 0.1 Station: CB4.1E
 --- UTM-X: 380969 UTM-Y: 4297307 Depth: 14.5 Value: 0.1 Station: CB4.1E
 --- UTM-X: 380969 UTM-Y: 4297307 Depth: 15 Value: 0.1 Station: CB4.1E
 --- UTM-X: 380969 UTM-Y: 4297307 Depth: 15.5 Value: 0.1 Station: CB4.1E
 --- UTM-X: 380969 UTM-Y: 4297307 Depth: 16 Value: 0.1 Station: CB4.1E
 --- UTM-X: 380969 UTM-Y: 4297307 Depth: 16.5 Value: 0.1 Station: CB4.1E
 --- UTM-X: 380969 UTM-Y: 4297307 Depth: 17 Value: 0.1 Station: CB4.1E
 --- UTM-X: 380969 UTM-Y: 4297307 Depth: 17.5 Value: 0.1 Station: CB4.1E
 --- UTM-X: 380969 UTM-Y: 4297307 Depth: 18 Value: 0.1 Station: CB4.1E
 --- UTM-X: 380969 UTM-Y: 4297307 Depth: 18.5 Value: 0.1 Station: CB4.1E
 --- UTM-X: 380969 UTM-Y: 4297307 Depth: 19 Value: 0.1 Station: CB4.1E
 --- UTM-X: 380969 UTM-Y: 4297307 Depth: 19.5 Value: 0.1 Station: CB4.1E
 --- UTM-X: 380969 UTM-Y: 4297307 Depth: 20 Value: 0.1 Station: CB4.1E
 --- UTM-X: 380969 UTM-Y: 4297307 Depth: 20.5 Value: 0.1 Station: CB4.1E
 --- UTM-X: 380969 UTM-Y: 4297307 Depth: 21 Value: 0.1 Station: CB4.1E
 --- UTM-X: 380969 UTM-Y: 4297307 Depth: 21.5 Value: 0.1 Station: CB4.1E
 --- UTM-X: 380969 UTM-Y: 4297307 Depth: 22 Value: 0.1 Station: CB4.1E
 --- UTM-X: 373004 UTM-Y: 4297091 Depth: 0 Value: 10.3 Station: CB4.1W
 --- UTM-X: 373004 UTM-Y: 4297091 Depth: 0.5 Value: 10.2 Station: CB4.1W
 --- UTM-X: 373004 UTM-Y: 4297091 Depth: 1 Value: 10.1 Station: CB4.1W
 --- UTM-X: 373004 UTM-Y: 4297091 Depth: 1.5 Value: 9.45 Station: CB4.1W
 --- UTM-X: 373004 UTM-Y: 4297091 Depth: 2 Value: 8.8 Station: CB4.1W
 --- UTM-X: 373004 UTM-Y: 4297091 Depth: 2.5 Value: 8 Station: CB4.1W
 --- UTM-X: 373004 UTM-Y: 4297091 Depth: 3 Value: 7.2 Station: CB4.1W
 --- UTM-X: 373004 UTM-Y: 4297091 Depth: 3.5 Value: 7.05 Station: CB4.1W
 --- UTM-X: 373004 UTM-Y: 4297091 Depth: 4 Value: 6.9 Station: CB4.1W
 --- UTM-X: 373004 UTM-Y: 4297091 Depth: 4.5 Value: 6.7 Station: CB4.1W
 --- UTM-X: 373004 UTM-Y: 4297091 Depth: 5 Value: 6.5 Station: CB4.1W
 --- UTM-X: 373004 UTM-Y: 4297091 Depth: 5.5 Value: 6.25 Station: CB4.1W
 --- UTM-X: 373004 UTM-Y: 4297091 Depth: 6 Value: 6 Station: CB4.1W
 --- UTM-X: 373004 UTM-Y: 4297091 Depth: 6.5 Value: 5.65 Station: CB4.1W
 --- UTM-X: 373004 UTM-Y: 4297091 Depth: 7 Value: 5.3 Station: CB4.1W
 --- UTM-X: 391609 UTM-Y: 4304585 Depth: 0 Value: 8.1 Station: EE1.1
 --- UTM-X: 391609 UTM-Y: 4304585 Depth: 0.5 Value: 8.05 Station: EE1.1
 --- UTM-X: 391609 UTM-Y: 4304585 Depth: 1 Value: 8 Station: EE1.1
 --- UTM-X: 391609 UTM-Y: 4304585 Depth: 1.5 Value: 7.95 Station: EE1.1
 --- UTM-X: 391609 UTM-Y: 4304585 Depth: 2 Value: 7.9 Station: EE1.1
 --- UTM-X: 391609 UTM-Y: 4304585 Depth: 2.5 Value: 7.8 Station: EE1.1
 --- UTM-X: 391609 UTM-Y: 4304585 Depth: 3 Value: 7.7 Station: EE1.1
 --- UTM-X: 391609 UTM-Y: 4304585 Depth: 3.5 Value: 7.55 Station: EE1.1
 --- UTM-X: 391609 UTM-Y: 4304585 Depth: 4 Value: 7.4 Station: EE1.1
 --- UTM-X: 391609 UTM-Y: 4304585 Depth: 4.5 Value: 7.2 Station: EE1.1
 --- UTM-X: 391609 UTM-Y: 4304585 Depth: 5 Value: 7 Station: EE1.1
 --- UTM-X: 391609 UTM-Y: 4304585 Depth: 5.5 Value: 6.85 Station: EE1.1
 --- UTM-X: 391609 UTM-Y: 4304585 Depth: 6 Value: 6.7 Station: EE1.1
 --- UTM-X: 391609 UTM-Y: 4304585 Depth: 6.5 Value: 6.55 Station: EE1.1
 --- UTM-X: 391609 UTM-Y: 4304585 Depth: 7 Value: 6.4 Station: EE1.1
 --- UTM-X: 391609 UTM-Y: 4304585 Depth: 7.5 Value: 4.05 Station: EE1.1
 --- UTM-X: 391609 UTM-Y: 4304585 Depth: 8 Value: 1.7 Station: EE1.1
 --- UTM-X: 391609 UTM-Y: 4304585 Depth: 8.5 Value: 1.15 Station: EE1.1
 --- UTM-X: 391609 UTM-Y: 4304585 Depth: 9 Value: 0.6 Station: EE1.1
 --- UTM-X: 391609 UTM-Y: 4304585 Depth: 9.5 Value: 0.4 Station: EE1.1
 --- UTM-X: 391609 UTM-Y: 4304585 Depth: 10 Value: 0.2 Station: EE1.1
 --- UTM-X: 391609 UTM-Y: 4304585 Depth: 10.5 Value: 0.2 Station: EE1.1
 --- UTM-X: 391609 UTM-Y: 4304585 Depth: 11 Value: 0.2 Station: EE1.1
 --- UTM-X: 391609 UTM-Y: 4304585 Depth: 11.5 Value: 0.2 Station: EE1.1
 --- UTM-X: 391609 UTM-Y: 4304585 Depth: 12 Value: 0.2 Station: EE1.1
 --- UTM-X: 394661 UTM-Y: 4316568 Depth: 0 Value: 9.1 Station: ET4.2
 --- UTM-X: 394661 UTM-Y: 4316568 Depth: 0.5 Value: 8.75 Station: ET4.2
 --- UTM-X: 394661 UTM-Y: 4316568 Depth: 1 Value: 8.4 Station: ET4.2
 --- UTM-X: 394661 UTM-Y: 4316568 Depth: 1.5 Value: 8.4 Station: ET4.2
 --- UTM-X: 394661 UTM-Y: 4316568 Depth: 2 Value: 8.4 Station: ET4.2
 --- UTM-X: 394661 UTM-Y: 4316568 Depth: 2.5 Value: 7.85 Station: ET4.2
 --- UTM-X: 394661 UTM-Y: 4316568 Depth: 3 Value: 7.3 Station: ET4.2
 --- UTM-X: 394661 UTM-Y: 4316568 Depth: 3.5 Value: 7.25 Station: ET4.2
 --- UTM-X: 394661 UTM-Y: 4316568 Depth: 4 Value: 7.2 Station: ET4.2
 --- UTM-X: 394661 UTM-Y: 4316568 Depth: 4.5 Value: 6.65 Station: ET4.2
 --- UTM-X: 394661 UTM-Y: 4316568 Depth: 5 Value: 6.1 Station: ET4.2
 --- UTM-X: 394661 UTM-Y: 4316568 Depth: 5.5 Value: 5.65 Station: ET4.2
 --- UTM-X: 394661 UTM-Y: 4316568 Depth: 6 Value: 5.2 Station: ET4.2
 --- UTM-X: 394661 UTM-Y: 4316568 Depth: 6.5 Value: 2.95 Station: ET4.2
 --- UTM-X: 394661 UTM-Y: 4316568 Depth: 7 Value: 0.7 Station: ET4.2
 --- UTM-X: 394661 UTM-Y: 4316568 Depth: 7.5 Value: 0.5 Station: ET4.2
 --- UTM-X: 394661 UTM-Y: 4316568 Depth: 8 Value: 0.3 Station: ET4.2
 --- UTM-X: 394661 UTM-Y: 4316568 Depth: 8.5 Value: 0.3 Station: ET4.2
 --- UTM-X: 394661 UTM-Y: 4316568 Depth: 9 Value: 0.3 Station: ET4.2
 --- UTM-X: 394661 UTM-Y: 4316568 Depth: 9.5 Value: 0.3 Station: ET4.2
 --- UTM-X: 391935 UTM-Y: 4314323 Depth: 0 Value: 6.8 Station: XGG8251
 --- 3987 cells were interpolated in region EASMH.  Subtotal: 63997 total cells.
 ---- Region was calculated in 0 seconds. Segment volume (m^3) = 996750000
 
 - Bathymetry Region ID: 1018  Region Name: CHOTF  Data Points: 33 in data region 1018
 -- Cell Size  E-W: 50  N-S: 50  Vertical: 1
 --- Data in Region ---
 --- UTM-X: 420824 UTM-Y: 4295761 Depth: 0 Value: 4.8 Station: ET5.1
 --- UTM-X: 420824 UTM-Y: 4295761 Depth: 0.5 Value: 4.6 Station: ET5.1
 --- UTM-X: 420824 UTM-Y: 4295761 Depth: 1 Value: 4.4 Station: ET5.1
 --- UTM-X: 420824 UTM-Y: 4295761 Depth: 1.5 Value: 4.4 Station: ET5.1
 --- UTM-X: 420824 UTM-Y: 4295761 Depth: 2 Value: 4.4 Station: ET5.1
 --- UTM-X: 420824 UTM-Y: 4295761 Depth: 2.5 Value: 4.4 Station: ET5.1
 --- UTM-X: 420824 UTM-Y: 4295761 Depth: 3 Value: 4.4 Station: ET5.1
 --- UTM-X: 420824 UTM-Y: 4295761 Depth: 3.5 Value: 4.4 Station: ET5.1
 --- UTM-X: 420824 UTM-Y: 4295761 Depth: 4 Value: 4.4 Station: ET5.1
 --- UTM-X: 420824 UTM-Y: 4295761 Depth: 4.5 Value: 4.4 Station: ET5.1
 --- UTM-X: 420824 UTM-Y: 4295761 Depth: 5 Value: 4.4 Station: ET5.1
 --- UTM-X: 407846 UTM-Y: 4270714 Depth: 0 Value: 6.3 Station: ET5.2
 --- UTM-X: 407846 UTM-Y: 4270714 Depth: 0.5 Value: 6.25 Station: ET5.2
 --- UTM-X: 407846 UTM-Y: 4270714 Depth: 1 Value: 6.2 Station: ET5.2
 --- UTM-X: 407846 UTM-Y: 4270714 Depth: 1.5 Value: 6.15 Station: ET5.2
 --- UTM-X: 407846 UTM-Y: 4270714 Depth: 2 Value: 6.1 Station: ET5.2
 --- UTM-X: 407846 UTM-Y: 4270714 Depth: 2.5 Value: 6.1 Station: ET5.2
 --- UTM-X: 407846 UTM-Y: 4270714 Depth: 3 Value: 6.1 Station: ET5.2
 --- UTM-X: 407846 UTM-Y: 4270714 Depth: 3.5 Value: 6.1 Station: ET5.2
 --- UTM-X: 407846 UTM-Y: 4270714 Depth: 4 Value: 6.1 Station: ET5.2
 --- UTM-X: 407846 UTM-Y: 4270714 Depth: 4.5 Value: 6.05 Station: ET5.2
 --- UTM-X: 407846 UTM-Y: 4270714 Depth: 5 Value: 6 Station: ET5.2
 --- UTM-X: 407846 UTM-Y: 4270714 Depth: 5.5 Value: 5.9 Station: ET5.2
 --- UTM-X: 407846 UTM-Y: 4270714 Depth: 6 Value: 5.8 Station: ET5.2
 --- UTM-X: 407846 UTM-Y: 4270714 Depth: 6.5 Value: 5.7 Station: ET5.2
 --- UTM-X: 407846 UTM-Y: 4270714 Depth: 7 Value: 5.6 Station: ET5.2
 --- UTM-X: 407846 UTM-Y: 4270714 Depth: 7.5 Value: 5.45 Station: ET5.2
 --- UTM-X: 407846 UTM-Y: 4270714 Depth: 8 Value: 5.3 Station: ET5.2
 --- UTM-X: 407846 UTM-Y: 4270714 Depth: 8.5 Value: 5.25 Station: ET5.2
 --- UTM-X: 407846 UTM-Y: 4270714 Depth: 9 Value: 5.2 Station: ET5.2
 --- UTM-X: 407846 UTM-Y: 4270714 Depth: 9.5 Value: 5.15 Station: ET5.2
 --- UTM-X: 407846 UTM-Y: 4270714 Depth: 10 Value: 5.1 Station: ET5.2
 --- UTM-X: 407846 UTM-Y: 4270714 Depth: 10.5 Value: 5.1 Station: ET5.2
 --- 6129 cells were interpolated in region CHOTF.  Subtotal: 70126 total cells.
 ---- Region was calculated in 1 seconds. Segment volume (m^3) = 15322500
 
 - Bathymetry Region ID: 1019  Region Name: CHOOH  Data Points: 48 in data region 1019
 -- Cell Size  E-W: 250  N-S: 250  Vertical: 1
 --- Data in Region ---
 --- UTM-X: 389081 UTM-Y: 4278722 Depth: 0 Value: 7.3 Station: EE2.1
 --- UTM-X: 389081 UTM-Y: 4278722 Depth: 0.5 Value: 7.3 Station: EE2.1
 --- UTM-X: 389081 UTM-Y: 4278722 Depth: 1 Value: 7.3 Station: EE2.1
 --- UTM-X: 389081 UTM-Y: 4278722 Depth: 1.5 Value: 7.2 Station: EE2.1
 --- UTM-X: 389081 UTM-Y: 4278722 Depth: 2 Value: 7.1 Station: EE2.1
 --- UTM-X: 389081 UTM-Y: 4278722 Depth: 2.5 Value: 6.95 Station: EE2.1
 --- UTM-X: 389081 UTM-Y: 4278722 Depth: 3 Value: 6.8 Station: EE2.1
 --- UTM-X: 389081 UTM-Y: 4278722 Depth: 3.5 Value: 6.7 Station: EE2.1
 --- UTM-X: 389081 UTM-Y: 4278722 Depth: 4 Value: 6.6 Station: EE2.1
 --- UTM-X: 389081 UTM-Y: 4278722 Depth: 4.5 Value: 6.5 Station: EE2.1
 --- UTM-X: 389081 UTM-Y: 4278722 Depth: 5 Value: 6.4 Station: EE2.1
 --- UTM-X: 389081 UTM-Y: 4278722 Depth: 5.5 Value: 5.9 Station: EE2.1
 --- UTM-X: 389081 UTM-Y: 4278722 Depth: 6 Value: 5.4 Station: EE2.1
 --- UTM-X: 389081 UTM-Y: 4278722 Depth: 6.5 Value: 4.8 Station: EE2.1
 --- UTM-X: 389081 UTM-Y: 4278722 Depth: 7 Value: 4.2 Station: EE2.1
 --- UTM-X: 420824 UTM-Y: 4295761 Depth: 0 Value: 4.8 Station: ET5.1
 --- UTM-X: 420824 UTM-Y: 4295761 Depth: 0.5 Value: 4.6 Station: ET5.1
 --- UTM-X: 420824 UTM-Y: 4295761 Depth: 1 Value: 4.4 Station: ET5.1
 --- UTM-X: 420824 UTM-Y: 4295761 Depth: 1.5 Value: 4.4 Station: ET5.1
 --- UTM-X: 420824 UTM-Y: 4295761 Depth: 2 Value: 4.4 Station: ET5.1
 --- UTM-X: 420824 UTM-Y: 4295761 Depth: 2.5 Value: 4.4 Station: ET5.1
 --- UTM-X: 420824 UTM-Y: 4295761 Depth: 3 Value: 4.4 Station: ET5.1
 --- UTM-X: 420824 UTM-Y: 4295761 Depth: 3.5 Value: 4.4 Station: ET5.1
 --- UTM-X: 420824 UTM-Y: 4295761 Depth: 4 Value: 4.4 Station: ET5.1
 --- UTM-X: 420824 UTM-Y: 4295761 Depth: 4.5 Value: 4.4 Station: ET5.1
 --- UTM-X: 420824 UTM-Y: 4295761 Depth: 5 Value: 4.4 Station: ET5.1
 --- UTM-X: 407846 UTM-Y: 4270714 Depth: 0 Value: 6.3 Station: ET5.2
 --- UTM-X: 407846 UTM-Y: 4270714 Depth: 0.5 Value: 6.25 Station: ET5.2
 --- UTM-X: 407846 UTM-Y: 4270714 Depth: 1 Value: 6.2 Station: ET5.2
 --- UTM-X: 407846 UTM-Y: 4270714 Depth: 1.5 Value: 6.15 Station: ET5.2
 --- UTM-X: 407846 UTM-Y: 4270714 Depth: 2 Value: 6.1 Station: ET5.2
 --- UTM-X: 407846 UTM-Y: 4270714 Depth: 2.5 Value: 6.1 Station: ET5.2
 --- UTM-X: 407846 UTM-Y: 4270714 Depth: 3 Value: 6.1 Station: ET5.2
 --- UTM-X: 407846 UTM-Y: 4270714 Depth: 3.5 Value: 6.1 Station: ET5.2
 --- UTM-X: 407846 UTM-Y: 4270714 Depth: 4 Value: 6.1 Station: ET5.2
 --- UTM-X: 407846 UTM-Y: 4270714 Depth: 4.5 Value: 6.05 Station: ET5.2
 --- UTM-X: 407846 UTM-Y: 4270714 Depth: 5 Value: 6 Station: ET5.2
 --- UTM-X: 407846 UTM-Y: 4270714 Depth: 5.5 Value: 5.9 Station: ET5.2
 --- UTM-X: 407846 UTM-Y: 4270714 Depth: 6 Value: 5.8 Station: ET5.2
 --- UTM-X: 407846 UTM-Y: 4270714 Depth: 6.5 Value: 5.7 Station: ET5.2
 --- UTM-X: 407846 UTM-Y: 4270714 Depth: 7 Value: 5.6 Station: ET5.2
 --- UTM-X: 407846 UTM-Y: 4270714 Depth: 7.5 Value: 5.45 Station: ET5.2
 --- UTM-X: 407846 UTM-Y: 4270714 Depth: 8 Value: 5.3 Station: ET5.2
 --- UTM-X: 407846 UTM-Y: 4270714 Depth: 8.5 Value: 5.25 Station: ET5.2
 --- UTM-X: 407846 UTM-Y: 4270714 Depth: 9 Value: 5.2 Station: ET5.2
 --- UTM-X: 407846 UTM-Y: 4270714 Depth: 9.5 Value: 5.15 Station: ET5.2
 --- UTM-X: 407846 UTM-Y: 4270714 Depth: 10 Value: 5.1 Station: ET5.2
 --- UTM-X: 407846 UTM-Y: 4270714 Depth: 10.5 Value: 5.1 Station: ET5.2
 --- 722 cells were interpolated in region CHOOH.  Subtotal: 70848 total cells.
 ---- Region was calculated in 0 seconds. Segment volume (m^3) = 45125000
 
 - Bathymetry Region ID: 1020  Region Name: CHOMH2  Data Points: 144 in data region 1020
 -- Cell Size  E-W: 500  N-S: 500  Vertical: 1
 --- Data in Region ---
 --- UTM-X: 376622 UTM-Y: 4278319 Depth: 0 Value: 7.7 Station: CB4.2C
 --- UTM-X: 376622 UTM-Y: 4278319 Depth: 0.5 Value: 7.7 Station: CB4.2C
 --- UTM-X: 376622 UTM-Y: 4278319 Depth: 1 Value: 7.7 Station: CB4.2C
 --- UTM-X: 376622 UTM-Y: 4278319 Depth: 1.5 Value: 7.65 Station: CB4.2C
 --- UTM-X: 376622 UTM-Y: 4278319 Depth: 2 Value: 7.6 Station: CB4.2C
 --- UTM-X: 376622 UTM-Y: 4278319 Depth: 2.5 Value: 7.5 Station: CB4.2C
 --- UTM-X: 376622 UTM-Y: 4278319 Depth: 3 Value: 7.4 Station: CB4.2C
 --- UTM-X: 376622 UTM-Y: 4278319 Depth: 3.5 Value: 7.35 Station: CB4.2C
 --- UTM-X: 376622 UTM-Y: 4278319 Depth: 4 Value: 7.3 Station: CB4.2C
 --- UTM-X: 376622 UTM-Y: 4278319 Depth: 4.5 Value: 7.05 Station: CB4.2C
 --- UTM-X: 376622 UTM-Y: 4278319 Depth: 5 Value: 6.8 Station: CB4.2C
 --- UTM-X: 376622 UTM-Y: 4278319 Depth: 5.5 Value: 6.55 Station: CB4.2C
 --- UTM-X: 376622 UTM-Y: 4278319 Depth: 6 Value: 6.3 Station: CB4.2C
 --- UTM-X: 376622 UTM-Y: 4278319 Depth: 6.5 Value: 5.45 Station: CB4.2C
 --- UTM-X: 376622 UTM-Y: 4278319 Depth: 7 Value: 4.6 Station: CB4.2C
 --- UTM-X: 376622 UTM-Y: 4278319 Depth: 7.5 Value: 2.9 Station: CB4.2C
 --- UTM-X: 376622 UTM-Y: 4278319 Depth: 8 Value: 1.2 Station: CB4.2C
 --- UTM-X: 376622 UTM-Y: 4278319 Depth: 8.5 Value: 0.65 Station: CB4.2C
 --- UTM-X: 376622 UTM-Y: 4278319 Depth: 9 Value: 0.1 Station: CB4.2C
 --- UTM-X: 376622 UTM-Y: 4278319 Depth: 9.5 Value: 0.05 Station: CB4.2C
 --- UTM-X: 376622 UTM-Y: 4278319 Depth: 10 Value: 0 Station: CB4.2C
 --- UTM-X: 376622 UTM-Y: 4278319 Depth: 10.5 Value: 0 Station: CB4.2C
 --- UTM-X: 376622 UTM-Y: 4278319 Depth: 11 Value: 0 Station: CB4.2C
 --- UTM-X: 376622 UTM-Y: 4278319 Depth: 11.5 Value: 0 Station: CB4.2C
 --- UTM-X: 376622 UTM-Y: 4278319 Depth: 12 Value: 0 Station: CB4.2C
 --- UTM-X: 376622 UTM-Y: 4278319 Depth: 12.5 Value: 0.05 Station: CB4.2C
 --- UTM-X: 376622 UTM-Y: 4278319 Depth: 13 Value: 0.1 Station: CB4.2C
 --- UTM-X: 376622 UTM-Y: 4278319 Depth: 13.5 Value: 0.1 Station: CB4.2C
 --- UTM-X: 376622 UTM-Y: 4278319 Depth: 14 Value: 0.1 Station: CB4.2C
 --- UTM-X: 376622 UTM-Y: 4278319 Depth: 14.5 Value: 0.1 Station: CB4.2C
 --- UTM-X: 376622 UTM-Y: 4278319 Depth: 15 Value: 0.1 Station: CB4.2C
 --- UTM-X: 376622 UTM-Y: 4278319 Depth: 15.5 Value: 0.1 Station: CB4.2C
 --- UTM-X: 376622 UTM-Y: 4278319 Depth: 16 Value: 0.1 Station: CB4.2C
 --- UTM-X: 376622 UTM-Y: 4278319 Depth: 16.5 Value: 0.1 Station: CB4.2C
 --- UTM-X: 376622 UTM-Y: 4278319 Depth: 17 Value: 0.1 Station: CB4.2C
 --- UTM-X: 376622 UTM-Y: 4278319 Depth: 17.5 Value: 0.1 Station: CB4.2C
 --- UTM-X: 376622 UTM-Y: 4278319 Depth: 18 Value: 0.1 Station: CB4.2C
 --- UTM-X: 376622 UTM-Y: 4278319 Depth: 18.5 Value: 0.1 Station: CB4.2C
 --- UTM-X: 376622 UTM-Y: 4278319 Depth: 19 Value: 0.1 Station: CB4.2C
 --- UTM-X: 376622 UTM-Y: 4278319 Depth: 19.5 Value: 0.1 Station: CB4.2C
 --- UTM-X: 376622 UTM-Y: 4278319 Depth: 20 Value: 0.1 Station: CB4.2C
 --- UTM-X: 376622 UTM-Y: 4278319 Depth: 20.5 Value: 0.1 Station: CB4.2C
 --- UTM-X: 376622 UTM-Y: 4278319 Depth: 21 Value: 0.1 Station: CB4.2C
 --- UTM-X: 376622 UTM-Y: 4278319 Depth: 21.5 Value: 0.1 Station: CB4.2C
 --- UTM-X: 376622 UTM-Y: 4278319 Depth: 22 Value: 0.1 Station: CB4.2C
 --- UTM-X: 376622 UTM-Y: 4278319 Depth: 22.5 Value: 0.1 Station: CB4.2C
 --- UTM-X: 376622 UTM-Y: 4278319 Depth: 23 Value: 0.1 Station: CB4.2C
 --- UTM-X: 376622 UTM-Y: 4278319 Depth: 23.5 Value: 0.1 Station: CB4.2C
 --- UTM-X: 376622 UTM-Y: 4278319 Depth: 24 Value: 0.1 Station: CB4.2C
 --- UTM-X: 376622 UTM-Y: 4278319 Depth: 24.5 Value: 0.1 Station: CB4.2C
 --- UTM-X: 376622 UTM-Y: 4278319 Depth: 25 Value: 0.1 Station: CB4.2C
 --- UTM-X: 378169 UTM-Y: 4278295 Depth: 0 Value: 8 Station: CB4.2E
 --- UTM-X: 378169 UTM-Y: 4278295 Depth: 0.5 Value: 8 Station: CB4.2E
 --- UTM-X: 378169 UTM-Y: 4278295 Depth: 1 Value: 8 Station: CB4.2E
 --- UTM-X: 378169 UTM-Y: 4278295 Depth: 1.5 Value: 7.8 Station: CB4.2E
 --- UTM-X: 378169 UTM-Y: 4278295 Depth: 2 Value: 7.6 Station: CB4.2E
 --- UTM-X: 378169 UTM-Y: 4278295 Depth: 2.5 Value: 7.6 Station: CB4.2E
 --- UTM-X: 378169 UTM-Y: 4278295 Depth: 3 Value: 7.6 Station: CB4.2E
 --- UTM-X: 378169 UTM-Y: 4278295 Depth: 3.5 Value: 7.15 Station: CB4.2E
 --- UTM-X: 378169 UTM-Y: 4278295 Depth: 4 Value: 6.7 Station: CB4.2E
 --- UTM-X: 378169 UTM-Y: 4278295 Depth: 4.5 Value: 6.8 Station: CB4.2E
 --- UTM-X: 378169 UTM-Y: 4278295 Depth: 5 Value: 6.9 Station: CB4.2E
 --- UTM-X: 378169 UTM-Y: 4278295 Depth: 5.5 Value: 5.5 Station: CB4.2E
 --- UTM-X: 378169 UTM-Y: 4278295 Depth: 6 Value: 4.1 Station: CB4.2E
 --- UTM-X: 378169 UTM-Y: 4278295 Depth: 6.5 Value: 3.5 Station: CB4.2E
 --- UTM-X: 378169 UTM-Y: 4278295 Depth: 7 Value: 2.9 Station: CB4.2E
 --- UTM-X: 378169 UTM-Y: 4278295 Depth: 7.5 Value: 2.7 Station: CB4.2E
 --- UTM-X: 378169 UTM-Y: 4278295 Depth: 8 Value: 2.5 Station: CB4.2E
 --- UTM-X: 378916 UTM-Y: 4268479 Depth: 0 Value: 7.2 Station: CB4.3E
 --- UTM-X: 378916 UTM-Y: 4268479 Depth: 0.5 Value: 7.2 Station: CB4.3E
 --- UTM-X: 378916 UTM-Y: 4268479 Depth: 1 Value: 7.2 Station: CB4.3E
 --- UTM-X: 378916 UTM-Y: 4268479 Depth: 1.5 Value: 7.2 Station: CB4.3E
 --- UTM-X: 378916 UTM-Y: 4268479 Depth: 2 Value: 7.2 Station: CB4.3E
 --- UTM-X: 378916 UTM-Y: 4268479 Depth: 2.5 Value: 7.15 Station: CB4.3E
 --- UTM-X: 378916 UTM-Y: 4268479 Depth: 3 Value: 7.1 Station: CB4.3E
 --- UTM-X: 378916 UTM-Y: 4268479 Depth: 3.5 Value: 7.05 Station: CB4.3E
 --- UTM-X: 378916 UTM-Y: 4268479 Depth: 4 Value: 7 Station: CB4.3E
 --- UTM-X: 378916 UTM-Y: 4268479 Depth: 4.5 Value: 6.95 Station: CB4.3E
 --- UTM-X: 378916 UTM-Y: 4268479 Depth: 5 Value: 6.9 Station: CB4.3E
 --- UTM-X: 378916 UTM-Y: 4268479 Depth: 5.5 Value: 6.9 Station: CB4.3E
 --- UTM-X: 378916 UTM-Y: 4268479 Depth: 6 Value: 6.9 Station: CB4.3E
 --- UTM-X: 378916 UTM-Y: 4268479 Depth: 6.5 Value: 6.9 Station: CB4.3E
 --- UTM-X: 378916 UTM-Y: 4268479 Depth: 7 Value: 6.9 Station: CB4.3E
 --- UTM-X: 378916 UTM-Y: 4268479 Depth: 7.5 Value: 6.85 Station: CB4.3E
 --- UTM-X: 378916 UTM-Y: 4268479 Depth: 8 Value: 6.8 Station: CB4.3E
 --- UTM-X: 378916 UTM-Y: 4268479 Depth: 8.5 Value: 6.75 Station: CB4.3E
 --- UTM-X: 378916 UTM-Y: 4268479 Depth: 9 Value: 6.7 Station: CB4.3E
 --- UTM-X: 378916 UTM-Y: 4268479 Depth: 9.5 Value: 6.45 Station: CB4.3E
 --- UTM-X: 378916 UTM-Y: 4268479 Depth: 10 Value: 6.2 Station: CB4.3E
 --- UTM-X: 378916 UTM-Y: 4268479 Depth: 10.5 Value: 5.75 Station: CB4.3E
 --- UTM-X: 378916 UTM-Y: 4268479 Depth: 11 Value: 5.3 Station: CB4.3E
 --- UTM-X: 378916 UTM-Y: 4268479 Depth: 11.5 Value: 4.9 Station: CB4.3E
 --- UTM-X: 378916 UTM-Y: 4268479 Depth: 12 Value: 4.5 Station: CB4.3E
 --- UTM-X: 378916 UTM-Y: 4268479 Depth: 12.5 Value: 3.55 Station: CB4.3E
 --- UTM-X: 378916 UTM-Y: 4268479 Depth: 13 Value: 2.6 Station: CB4.3E
 --- UTM-X: 378916 UTM-Y: 4268479 Depth: 13.5 Value: 1.6 Station: CB4.3E
 --- UTM-X: 378916 UTM-Y: 4268479 Depth: 14 Value: 0.6 Station: CB4.3E
 --- UTM-X: 378916 UTM-Y: 4268479 Depth: 14.5 Value: 0.35 Station: CB4.3E
 --- UTM-X: 378916 UTM-Y: 4268479 Depth: 15 Value: 0.1 Station: CB4.3E
 --- UTM-X: 378916 UTM-Y: 4268479 Depth: 15.5 Value: 0.05 Station: CB4.3E
 --- UTM-X: 378916 UTM-Y: 4268479 Depth: 16 Value: 0 Station: CB4.3E
 --- UTM-X: 378916 UTM-Y: 4268479 Depth: 16.5 Value: 0 Station: CB4.3E
 --- UTM-X: 378916 UTM-Y: 4268479 Depth: 17 Value: 0 Station: CB4.3E
 --- UTM-X: 378916 UTM-Y: 4268479 Depth: 17.5 Value: 0 Station: CB4.3E
 --- UTM-X: 378916 UTM-Y: 4268479 Depth: 18 Value: 0 Station: CB4.3E
 --- UTM-X: 378916 UTM-Y: 4268479 Depth: 18.5 Value: 0 Station: CB4.3E
 --- UTM-X: 378916 UTM-Y: 4268479 Depth: 19 Value: 0 Station: CB4.3E
 --- UTM-X: 389081 UTM-Y: 4278722 Depth: 0 Value: 7.3 Station: EE2.1
 --- UTM-X: 389081 UTM-Y: 4278722 Depth: 0.5 Value: 7.3 Station: EE2.1
 --- UTM-X: 389081 UTM-Y: 4278722 Depth: 1 Value: 7.3 Station: EE2.1
 --- UTM-X: 389081 UTM-Y: 4278722 Depth: 1.5 Value: 7.2 Station: EE2.1
 --- UTM-X: 389081 UTM-Y: 4278722 Depth: 2 Value: 7.1 Station: EE2.1
 --- UTM-X: 389081 UTM-Y: 4278722 Depth: 2.5 Value: 6.95 Station: EE2.1
 --- UTM-X: 389081 UTM-Y: 4278722 Depth: 3 Value: 6.8 Station: EE2.1
 --- UTM-X: 389081 UTM-Y: 4278722 Depth: 3.5 Value: 6.7 Station: EE2.1
 --- UTM-X: 389081 UTM-Y: 4278722 Depth: 4 Value: 6.6 Station: EE2.1
 --- UTM-X: 389081 UTM-Y: 4278722 Depth: 4.5 Value: 6.5 Station: EE2.1
 --- UTM-X: 389081 UTM-Y: 4278722 Depth: 5 Value: 6.4 Station: EE2.1
 --- UTM-X: 389081 UTM-Y: 4278722 Depth: 5.5 Value: 5.9 Station: EE2.1
 --- UTM-X: 389081 UTM-Y: 4278722 Depth: 6 Value: 5.4 Station: EE2.1
 --- UTM-X: 389081 UTM-Y: 4278722 Depth: 6.5 Value: 4.8 Station: EE2.1
 --- UTM-X: 389081 UTM-Y: 4278722 Depth: 7 Value: 4.2 Station: EE2.1
 --- UTM-X: 407846 UTM-Y: 4270714 Depth: 0 Value: 6.3 Station: ET5.2
 --- UTM-X: 407846 UTM-Y: 4270714 Depth: 0.5 Value: 6.25 Station: ET5.2
 --- UTM-X: 407846 UTM-Y: 4270714 Depth: 1 Value: 6.2 Station: ET5.2
 --- UTM-X: 407846 UTM-Y: 4270714 Depth: 1.5 Value: 6.15 Station: ET5.2
 --- UTM-X: 407846 UTM-Y: 4270714 Depth: 2 Value: 6.1 Station: ET5.2
 --- UTM-X: 407846 UTM-Y: 4270714 Depth: 2.5 Value: 6.1 Station: ET5.2
 --- UTM-X: 407846 UTM-Y: 4270714 Depth: 3 Value: 6.1 Station: ET5.2
 --- UTM-X: 407846 UTM-Y: 4270714 Depth: 3.5 Value: 6.1 Station: ET5.2
 --- UTM-X: 407846 UTM-Y: 4270714 Depth: 4 Value: 6.1 Station: ET5.2
 --- UTM-X: 407846 UTM-Y: 4270714 Depth: 4.5 Value: 6.05 Station: ET5.2
 --- UTM-X: 407846 UTM-Y: 4270714 Depth: 5 Value: 6 Station: ET5.2
 --- UTM-X: 407846 UTM-Y: 4270714 Depth: 5.5 Value: 5.9 Station: ET5.2
 --- UTM-X: 407846 UTM-Y: 4270714 Depth: 6 Value: 5.8 Station: ET5.2
 --- UTM-X: 407846 UTM-Y: 4270714 Depth: 6.5 Value: 5.7 Station: ET5.2
 --- UTM-X: 407846 UTM-Y: 4270714 Depth: 7 Value: 5.6 Station: ET5.2
 --- UTM-X: 407846 UTM-Y: 4270714 Depth: 7.5 Value: 5.45 Station: ET5.2
 --- UTM-X: 407846 UTM-Y: 4270714 Depth: 8 Value: 5.3 Station: ET5.2
 --- UTM-X: 407846 UTM-Y: 4270714 Depth: 8.5 Value: 5.25 Station: ET5.2
 --- UTM-X: 407846 UTM-Y: 4270714 Depth: 9 Value: 5.2 Station: ET5.2
 --- UTM-X: 407846 UTM-Y: 4270714 Depth: 9.5 Value: 5.15 Station: ET5.2
 --- UTM-X: 407846 UTM-Y: 4270714 Depth: 10 Value: 5.1 Station: ET5.2
 --- UTM-X: 407846 UTM-Y: 4270714 Depth: 10.5 Value: 5.1 Station: ET5.2
 --- 1067 cells were interpolated in region CHOMH2.  Subtotal: 71915 total cells.
 ---- Region was calculated in 0 seconds. Segment volume (m^3) = 266750000
 
 - Bathymetry Region ID: 1021  Region Name: CHOMH1  Data Points: 247 in data region 1021
 -- Cell Size  E-W: 1000  N-S: 1000  Vertical: 1
 --- Data in Region ---
 --- UTM-X: 376622 UTM-Y: 4278319 Depth: 0 Value: 7.7 Station: CB4.2C
 --- UTM-X: 376622 UTM-Y: 4278319 Depth: 0.5 Value: 7.7 Station: CB4.2C
 --- UTM-X: 376622 UTM-Y: 4278319 Depth: 1 Value: 7.7 Station: CB4.2C
 --- UTM-X: 376622 UTM-Y: 4278319 Depth: 1.5 Value: 7.65 Station: CB4.2C
 --- UTM-X: 376622 UTM-Y: 4278319 Depth: 2 Value: 7.6 Station: CB4.2C
 --- UTM-X: 376622 UTM-Y: 4278319 Depth: 2.5 Value: 7.5 Station: CB4.2C
 --- UTM-X: 376622 UTM-Y: 4278319 Depth: 3 Value: 7.4 Station: CB4.2C
 --- UTM-X: 376622 UTM-Y: 4278319 Depth: 3.5 Value: 7.35 Station: CB4.2C
 --- UTM-X: 376622 UTM-Y: 4278319 Depth: 4 Value: 7.3 Station: CB4.2C
 --- UTM-X: 376622 UTM-Y: 4278319 Depth: 4.5 Value: 7.05 Station: CB4.2C
 --- UTM-X: 376622 UTM-Y: 4278319 Depth: 5 Value: 6.8 Station: CB4.2C
 --- UTM-X: 376622 UTM-Y: 4278319 Depth: 5.5 Value: 6.55 Station: CB4.2C
 --- UTM-X: 376622 UTM-Y: 4278319 Depth: 6 Value: 6.3 Station: CB4.2C
 --- UTM-X: 376622 UTM-Y: 4278319 Depth: 6.5 Value: 5.45 Station: CB4.2C
 --- UTM-X: 376622 UTM-Y: 4278319 Depth: 7 Value: 4.6 Station: CB4.2C
 --- UTM-X: 376622 UTM-Y: 4278319 Depth: 7.5 Value: 2.9 Station: CB4.2C
 --- UTM-X: 376622 UTM-Y: 4278319 Depth: 8 Value: 1.2 Station: CB4.2C
 --- UTM-X: 376622 UTM-Y: 4278319 Depth: 8.5 Value: 0.65 Station: CB4.2C
 --- UTM-X: 376622 UTM-Y: 4278319 Depth: 9 Value: 0.1 Station: CB4.2C
 --- UTM-X: 376622 UTM-Y: 4278319 Depth: 9.5 Value: 0.05 Station: CB4.2C
 --- UTM-X: 376622 UTM-Y: 4278319 Depth: 10 Value: 0 Station: CB4.2C
 --- UTM-X: 376622 UTM-Y: 4278319 Depth: 10.5 Value: 0 Station: CB4.2C
 --- UTM-X: 376622 UTM-Y: 4278319 Depth: 11 Value: 0 Station: CB4.2C
 --- UTM-X: 376622 UTM-Y: 4278319 Depth: 11.5 Value: 0 Station: CB4.2C
 --- UTM-X: 376622 UTM-Y: 4278319 Depth: 12 Value: 0 Station: CB4.2C
 --- UTM-X: 376622 UTM-Y: 4278319 Depth: 12.5 Value: 0.05 Station: CB4.2C
 --- UTM-X: 376622 UTM-Y: 4278319 Depth: 13 Value: 0.1 Station: CB4.2C
 --- UTM-X: 376622 UTM-Y: 4278319 Depth: 13.5 Value: 0.1 Station: CB4.2C
 --- UTM-X: 376622 UTM-Y: 4278319 Depth: 14 Value: 0.1 Station: CB4.2C
 --- UTM-X: 376622 UTM-Y: 4278319 Depth: 14.5 Value: 0.1 Station: CB4.2C
 --- UTM-X: 376622 UTM-Y: 4278319 Depth: 15 Value: 0.1 Station: CB4.2C
 --- UTM-X: 376622 UTM-Y: 4278319 Depth: 15.5 Value: 0.1 Station: CB4.2C
 --- UTM-X: 376622 UTM-Y: 4278319 Depth: 16 Value: 0.1 Station: CB4.2C
 --- UTM-X: 376622 UTM-Y: 4278319 Depth: 16.5 Value: 0.1 Station: CB4.2C
 --- UTM-X: 376622 UTM-Y: 4278319 Depth: 17 Value: 0.1 Station: CB4.2C
 --- UTM-X: 376622 UTM-Y: 4278319 Depth: 17.5 Value: 0.1 Station: CB4.2C
 --- UTM-X: 376622 UTM-Y: 4278319 Depth: 18 Value: 0.1 Station: CB4.2C
 --- UTM-X: 376622 UTM-Y: 4278319 Depth: 18.5 Value: 0.1 Station: CB4.2C
 --- UTM-X: 376622 UTM-Y: 4278319 Depth: 19 Value: 0.1 Station: CB4.2C
 --- UTM-X: 376622 UTM-Y: 4278319 Depth: 19.5 Value: 0.1 Station: CB4.2C
 --- UTM-X: 376622 UTM-Y: 4278319 Depth: 20 Value: 0.1 Station: CB4.2C
 --- UTM-X: 376622 UTM-Y: 4278319 Depth: 20.5 Value: 0.1 Station: CB4.2C
 --- UTM-X: 376622 UTM-Y: 4278319 Depth: 21 Value: 0.1 Station: CB4.2C
 --- UTM-X: 376622 UTM-Y: 4278319 Depth: 21.5 Value: 0.1 Station: CB4.2C
 --- UTM-X: 376622 UTM-Y: 4278319 Depth: 22 Value: 0.1 Station: CB4.2C
 --- UTM-X: 376622 UTM-Y: 4278319 Depth: 22.5 Value: 0.1 Station: CB4.2C
 --- UTM-X: 376622 UTM-Y: 4278319 Depth: 23 Value: 0.1 Station: CB4.2C
 --- UTM-X: 376622 UTM-Y: 4278319 Depth: 23.5 Value: 0.1 Station: CB4.2C
 --- UTM-X: 376622 UTM-Y: 4278319 Depth: 24 Value: 0.1 Station: CB4.2C
 --- UTM-X: 376622 UTM-Y: 4278319 Depth: 24.5 Value: 0.1 Station: CB4.2C
 --- UTM-X: 376622 UTM-Y: 4278319 Depth: 25 Value: 0.1 Station: CB4.2C
 --- UTM-X: 378169 UTM-Y: 4278295 Depth: 0 Value: 8 Station: CB4.2E
 --- UTM-X: 378169 UTM-Y: 4278295 Depth: 0.5 Value: 8 Station: CB4.2E
 --- UTM-X: 378169 UTM-Y: 4278295 Depth: 1 Value: 8 Station: CB4.2E
 --- UTM-X: 378169 UTM-Y: 4278295 Depth: 1.5 Value: 7.8 Station: CB4.2E
 --- UTM-X: 378169 UTM-Y: 4278295 Depth: 2 Value: 7.6 Station: CB4.2E
 --- UTM-X: 378169 UTM-Y: 4278295 Depth: 2.5 Value: 7.6 Station: CB4.2E
 --- UTM-X: 378169 UTM-Y: 4278295 Depth: 3 Value: 7.6 Station: CB4.2E
 --- UTM-X: 378169 UTM-Y: 4278295 Depth: 3.5 Value: 7.15 Station: CB4.2E
 --- UTM-X: 378169 UTM-Y: 4278295 Depth: 4 Value: 6.7 Station: CB4.2E
 --- UTM-X: 378169 UTM-Y: 4278295 Depth: 4.5 Value: 6.8 Station: CB4.2E
 --- UTM-X: 378169 UTM-Y: 4278295 Depth: 5 Value: 6.9 Station: CB4.2E
 --- UTM-X: 378169 UTM-Y: 4278295 Depth: 5.5 Value: 5.5 Station: CB4.2E
 --- UTM-X: 378169 UTM-Y: 4278295 Depth: 6 Value: 4.1 Station: CB4.2E
 --- UTM-X: 378169 UTM-Y: 4278295 Depth: 6.5 Value: 3.5 Station: CB4.2E
 --- UTM-X: 378169 UTM-Y: 4278295 Depth: 7 Value: 2.9 Station: CB4.2E
 --- UTM-X: 378169 UTM-Y: 4278295 Depth: 7.5 Value: 2.7 Station: CB4.2E
 --- UTM-X: 378169 UTM-Y: 4278295 Depth: 8 Value: 2.5 Station: CB4.2E
 --- UTM-X: 369343 UTM-Y: 4278281 Depth: 0 Value: 7.3 Station: CB4.2W
 --- UTM-X: 369343 UTM-Y: 4278281 Depth: 0.5 Value: 7.3 Station: CB4.2W
 --- UTM-X: 369343 UTM-Y: 4278281 Depth: 1 Value: 7.3 Station: CB4.2W
 --- UTM-X: 369343 UTM-Y: 4278281 Depth: 1.5 Value: 7.3 Station: CB4.2W
 --- UTM-X: 369343 UTM-Y: 4278281 Depth: 2 Value: 7.3 Station: CB4.2W
 --- UTM-X: 369343 UTM-Y: 4278281 Depth: 2.5 Value: 7.2 Station: CB4.2W
 --- UTM-X: 369343 UTM-Y: 4278281 Depth: 3 Value: 7.1 Station: CB4.2W
 --- UTM-X: 369343 UTM-Y: 4278281 Depth: 3.5 Value: 6.9 Station: CB4.2W
 --- UTM-X: 369343 UTM-Y: 4278281 Depth: 4 Value: 6.7 Station: CB4.2W
 --- UTM-X: 369343 UTM-Y: 4278281 Depth: 4.5 Value: 6.4 Station: CB4.2W
 --- UTM-X: 369343 UTM-Y: 4278281 Depth: 5 Value: 6.1 Station: CB4.2W
 --- UTM-X: 369343 UTM-Y: 4278281 Depth: 5.5 Value: 4 Station: CB4.2W
 --- UTM-X: 369343 UTM-Y: 4278281 Depth: 6 Value: 1.9 Station: CB4.2W
 --- UTM-X: 369343 UTM-Y: 4278281 Depth: 6.5 Value: 1.05 Station: CB4.2W
 --- UTM-X: 369343 UTM-Y: 4278281 Depth: 7 Value: 0.2 Station: CB4.2W
 --- UTM-X: 374994 UTM-Y: 4268540 Depth: 0 Value: 7.7 Station: CB4.3C
 --- UTM-X: 374994 UTM-Y: 4268540 Depth: 0.5 Value: 7.7 Station: CB4.3C
 --- UTM-X: 374994 UTM-Y: 4268540 Depth: 1 Value: 7.7 Station: CB4.3C
 --- UTM-X: 374994 UTM-Y: 4268540 Depth: 1.5 Value: 7.7 Station: CB4.3C
 --- UTM-X: 374994 UTM-Y: 4268540 Depth: 2 Value: 7.7 Station: CB4.3C
 --- UTM-X: 374994 UTM-Y: 4268540 Depth: 2.5 Value: 7.65 Station: CB4.3C
 --- UTM-X: 374994 UTM-Y: 4268540 Depth: 3 Value: 7.6 Station: CB4.3C
 --- UTM-X: 374994 UTM-Y: 4268540 Depth: 3.5 Value: 7.575 Station: CB4.3C
 --- UTM-X: 374994 UTM-Y: 4268540 Depth: 4 Value: 7.55 Station: CB4.3C
 --- UTM-X: 374994 UTM-Y: 4268540 Depth: 4.5 Value: 7.525 Station: CB4.3C
 --- UTM-X: 374994 UTM-Y: 4268540 Depth: 5 Value: 7.5 Station: CB4.3C
 --- UTM-X: 374994 UTM-Y: 4268540 Depth: 5.5 Value: 7.25 Station: CB4.3C
 --- UTM-X: 374994 UTM-Y: 4268540 Depth: 6 Value: 7 Station: CB4.3C
 --- UTM-X: 374994 UTM-Y: 4268540 Depth: 6.5 Value: 7.1 Station: CB4.3C
 --- UTM-X: 374994 UTM-Y: 4268540 Depth: 7 Value: 7.2 Station: CB4.3C
 --- UTM-X: 374994 UTM-Y: 4268540 Depth: 7.5 Value: 6 Station: CB4.3C
 --- UTM-X: 374994 UTM-Y: 4268540 Depth: 8 Value: 4.8 Station: CB4.3C
 --- UTM-X: 374994 UTM-Y: 4268540 Depth: 8.5 Value: 3.4 Station: CB4.3C
 --- UTM-X: 374994 UTM-Y: 4268540 Depth: 9 Value: 2 Station: CB4.3C
 --- UTM-X: 374994 UTM-Y: 4268540 Depth: 9.5 Value: 1.45 Station: CB4.3C
 --- UTM-X: 374994 UTM-Y: 4268540 Depth: 10 Value: 0.9 Station: CB4.3C
 --- UTM-X: 374994 UTM-Y: 4268540 Depth: 10.5 Value: 0.6 Station: CB4.3C
 --- UTM-X: 374994 UTM-Y: 4268540 Depth: 11 Value: 0.3 Station: CB4.3C
 --- UTM-X: 374994 UTM-Y: 4268540 Depth: 11.5 Value: 0.15 Station: CB4.3C
 --- UTM-X: 374994 UTM-Y: 4268540 Depth: 12 Value: 0 Station: CB4.3C
 --- UTM-X: 374994 UTM-Y: 4268540 Depth: 12.5 Value: 0 Station: CB4.3C
 --- UTM-X: 374994 UTM-Y: 4268540 Depth: 13 Value: 0 Station: CB4.3C
 --- UTM-X: 374994 UTM-Y: 4268540 Depth: 13.5 Value: 0 Station: CB4.3C
 --- UTM-X: 374994 UTM-Y: 4268540 Depth: 14 Value: 0 Station: CB4.3C
 --- UTM-X: 374994 UTM-Y: 4268540 Depth: 14.5 Value: 0 Station: CB4.3C
 --- UTM-X: 374994 UTM-Y: 4268540 Depth: 15 Value: 0 Station: CB4.3C
 --- UTM-X: 374994 UTM-Y: 4268540 Depth: 15.5 Value: 0 Station: CB4.3C
 --- UTM-X: 374994 UTM-Y: 4268540 Depth: 16 Value: 0 Station: CB4.3C
 --- UTM-X: 374994 UTM-Y: 4268540 Depth: 16.5 Value: 0.05 Station: CB4.3C
 --- UTM-X: 374994 UTM-Y: 4268540 Depth: 17 Value: 0.1 Station: CB4.3C
 --- UTM-X: 374994 UTM-Y: 4268540 Depth: 17.5 Value: 0.1 Station: CB4.3C
 --- UTM-X: 374994 UTM-Y: 4268540 Depth: 18 Value: 0.1 Station: CB4.3C
 --- UTM-X: 374994 UTM-Y: 4268540 Depth: 18.5 Value: 0.1 Station: CB4.3C
 --- UTM-X: 374994 UTM-Y: 4268540 Depth: 19 Value: 0.1 Station: CB4.3C
 --- UTM-X: 374994 UTM-Y: 4268540 Depth: 19.5 Value: 0.1 Station: CB4.3C
 --- UTM-X: 374994 UTM-Y: 4268540 Depth: 20 Value: 0.1 Station: CB4.3C
 --- UTM-X: 374994 UTM-Y: 4268540 Depth: 20.5 Value: 0.1 Station: CB4.3C
 --- UTM-X: 374994 UTM-Y: 4268540 Depth: 21 Value: 0.1 Station: CB4.3C
 --- UTM-X: 374994 UTM-Y: 4268540 Depth: 21.5 Value: 0.1 Station: CB4.3C
 --- UTM-X: 374994 UTM-Y: 4268540 Depth: 22 Value: 0.1 Station: CB4.3C
 --- UTM-X: 374994 UTM-Y: 4268540 Depth: 22.5 Value: 0.1 Station: CB4.3C
 --- UTM-X: 374994 UTM-Y: 4268540 Depth: 23 Value: 0.1 Station: CB4.3C
 --- UTM-X: 374994 UTM-Y: 4268540 Depth: 23.5 Value: 0.1 Station: CB4.3C
 --- UTM-X: 374994 UTM-Y: 4268540 Depth: 24 Value: 0.1 Station: CB4.3C
 --- UTM-X: 374994 UTM-Y: 4268540 Depth: 24.5 Value: 0.1 Station: CB4.3C
 --- UTM-X: 374994 UTM-Y: 4268540 Depth: 25 Value: 0.1 Station: CB4.3C
 --- UTM-X: 374994 UTM-Y: 4268540 Depth: 25.5 Value: 0.1 Station: CB4.3C
 --- UTM-X: 374994 UTM-Y: 4268540 Depth: 26 Value: 0.1 Station: CB4.3C
 --- UTM-X: 378916 UTM-Y: 4268479 Depth: 0 Value: 7.2 Station: CB4.3E
 --- UTM-X: 378916 UTM-Y: 4268479 Depth: 0.5 Value: 7.2 Station: CB4.3E
 --- UTM-X: 378916 UTM-Y: 4268479 Depth: 1 Value: 7.2 Station: CB4.3E
 --- UTM-X: 378916 UTM-Y: 4268479 Depth: 1.5 Value: 7.2 Station: CB4.3E
 --- UTM-X: 378916 UTM-Y: 4268479 Depth: 2 Value: 7.2 Station: CB4.3E
 --- UTM-X: 378916 UTM-Y: 4268479 Depth: 2.5 Value: 7.15 Station: CB4.3E
 --- UTM-X: 378916 UTM-Y: 4268479 Depth: 3 Value: 7.1 Station: CB4.3E
 --- UTM-X: 378916 UTM-Y: 4268479 Depth: 3.5 Value: 7.05 Station: CB4.3E
 --- UTM-X: 378916 UTM-Y: 4268479 Depth: 4 Value: 7 Station: CB4.3E
 --- UTM-X: 378916 UTM-Y: 4268479 Depth: 4.5 Value: 6.95 Station: CB4.3E
 --- UTM-X: 378916 UTM-Y: 4268479 Depth: 5 Value: 6.9 Station: CB4.3E
 --- UTM-X: 378916 UTM-Y: 4268479 Depth: 5.5 Value: 6.9 Station: CB4.3E
 --- UTM-X: 378916 UTM-Y: 4268479 Depth: 6 Value: 6.9 Station: CB4.3E
 --- UTM-X: 378916 UTM-Y: 4268479 Depth: 6.5 Value: 6.9 Station: CB4.3E
 --- UTM-X: 378916 UTM-Y: 4268479 Depth: 7 Value: 6.9 Station: CB4.3E
 --- UTM-X: 378916 UTM-Y: 4268479 Depth: 7.5 Value: 6.85 Station: CB4.3E
 --- UTM-X: 378916 UTM-Y: 4268479 Depth: 8 Value: 6.8 Station: CB4.3E
 --- UTM-X: 378916 UTM-Y: 4268479 Depth: 8.5 Value: 6.75 Station: CB4.3E
 --- UTM-X: 378916 UTM-Y: 4268479 Depth: 9 Value: 6.7 Station: CB4.3E
 --- UTM-X: 378916 UTM-Y: 4268479 Depth: 9.5 Value: 6.45 Station: CB4.3E
 --- UTM-X: 378916 UTM-Y: 4268479 Depth: 10 Value: 6.2 Station: CB4.3E
 --- UTM-X: 378916 UTM-Y: 4268479 Depth: 10.5 Value: 5.75 Station: CB4.3E
 --- UTM-X: 378916 UTM-Y: 4268479 Depth: 11 Value: 5.3 Station: CB4.3E
 --- UTM-X: 378916 UTM-Y: 4268479 Depth: 11.5 Value: 4.9 Station: CB4.3E
 --- UTM-X: 378916 UTM-Y: 4268479 Depth: 12 Value: 4.5 Station: CB4.3E
 --- UTM-X: 378916 UTM-Y: 4268479 Depth: 12.5 Value: 3.55 Station: CB4.3E
 --- UTM-X: 378916 UTM-Y: 4268479 Depth: 13 Value: 2.6 Station: CB4.3E
 --- UTM-X: 378916 UTM-Y: 4268479 Depth: 13.5 Value: 1.6 Station: CB4.3E
 --- UTM-X: 378916 UTM-Y: 4268479 Depth: 14 Value: 0.6 Station: CB4.3E
 --- UTM-X: 378916 UTM-Y: 4268479 Depth: 14.5 Value: 0.35 Station: CB4.3E
 --- UTM-X: 378916 UTM-Y: 4268479 Depth: 15 Value: 0.1 Station: CB4.3E
 --- UTM-X: 378916 UTM-Y: 4268479 Depth: 15.5 Value: 0.05 Station: CB4.3E
 --- UTM-X: 378916 UTM-Y: 4268479 Depth: 16 Value: 0 Station: CB4.3E
 --- UTM-X: 378916 UTM-Y: 4268479 Depth: 16.5 Value: 0 Station: CB4.3E
 --- UTM-X: 378916 UTM-Y: 4268479 Depth: 17 Value: 0 Station: CB4.3E
 --- UTM-X: 378916 UTM-Y: 4268479 Depth: 17.5 Value: 0 Station: CB4.3E
 --- UTM-X: 378916 UTM-Y: 4268479 Depth: 18 Value: 0 Station: CB4.3E
 --- UTM-X: 378916 UTM-Y: 4268479 Depth: 18.5 Value: 0 Station: CB4.3E
 --- UTM-X: 378916 UTM-Y: 4268479 Depth: 19 Value: 0 Station: CB4.3E
 --- UTM-X: 369911 UTM-Y: 4268621 Depth: 0 Value: 8.1 Station: CB4.3W
 --- UTM-X: 369911 UTM-Y: 4268621 Depth: 0.5 Value: 8.1 Station: CB4.3W
 --- UTM-X: 369911 UTM-Y: 4268621 Depth: 1 Value: 8.1 Station: CB4.3W
 --- UTM-X: 369911 UTM-Y: 4268621 Depth: 1.5 Value: 7.95 Station: CB4.3W
 --- UTM-X: 369911 UTM-Y: 4268621 Depth: 2 Value: 7.8 Station: CB4.3W
 --- UTM-X: 369911 UTM-Y: 4268621 Depth: 2.5 Value: 7.6 Station: CB4.3W
 --- UTM-X: 369911 UTM-Y: 4268621 Depth: 3 Value: 7.4 Station: CB4.3W
 --- UTM-X: 369911 UTM-Y: 4268621 Depth: 3.5 Value: 7.25 Station: CB4.3W
 --- UTM-X: 369911 UTM-Y: 4268621 Depth: 4 Value: 7.1 Station: CB4.3W
 --- UTM-X: 369911 UTM-Y: 4268621 Depth: 4.5 Value: 5.8 Station: CB4.3W
 --- UTM-X: 369911 UTM-Y: 4268621 Depth: 5 Value: 4.5 Station: CB4.3W
 --- UTM-X: 369911 UTM-Y: 4268621 Depth: 5.5 Value: 2.5 Station: CB4.3W
 --- UTM-X: 369911 UTM-Y: 4268621 Depth: 6 Value: 0.5 Station: CB4.3W
 --- UTM-X: 369911 UTM-Y: 4268621 Depth: 6.5 Value: 0.35 Station: CB4.3W
 --- UTM-X: 369911 UTM-Y: 4268621 Depth: 7 Value: 0.2 Station: CB4.3W
 --- UTM-X: 389081 UTM-Y: 4278722 Depth: 0 Value: 7.3 Station: EE2.1
 --- UTM-X: 389081 UTM-Y: 4278722 Depth: 0.5 Value: 7.3 Station: EE2.1
 --- UTM-X: 389081 UTM-Y: 4278722 Depth: 1 Value: 7.3 Station: EE2.1
 --- UTM-X: 389081 UTM-Y: 4278722 Depth: 1.5 Value: 7.2 Station: EE2.1
 --- UTM-X: 389081 UTM-Y: 4278722 Depth: 2 Value: 7.1 Station: EE2.1
 --- UTM-X: 389081 UTM-Y: 4278722 Depth: 2.5 Value: 6.95 Station: EE2.1
 --- UTM-X: 389081 UTM-Y: 4278722 Depth: 3 Value: 6.8 Station: EE2.1
 --- UTM-X: 389081 UTM-Y: 4278722 Depth: 3.5 Value: 6.7 Station: EE2.1
 --- UTM-X: 389081 UTM-Y: 4278722 Depth: 4 Value: 6.6 Station: EE2.1
 --- UTM-X: 389081 UTM-Y: 4278722 Depth: 4.5 Value: 6.5 Station: EE2.1
 --- UTM-X: 389081 UTM-Y: 4278722 Depth: 5 Value: 6.4 Station: EE2.1
 --- UTM-X: 389081 UTM-Y: 4278722 Depth: 5.5 Value: 5.9 Station: EE2.1
 --- UTM-X: 389081 UTM-Y: 4278722 Depth: 6 Value: 5.4 Station: EE2.1
 --- UTM-X: 389081 UTM-Y: 4278722 Depth: 6.5 Value: 4.8 Station: EE2.1
 --- UTM-X: 389081 UTM-Y: 4278722 Depth: 7 Value: 4.2 Station: EE2.1
 --- UTM-X: 385995 UTM-Y: 4265816 Depth: 0 Value: 7.3 Station: EE2.2
 --- UTM-X: 385995 UTM-Y: 4265816 Depth: 0.5 Value: 7.3 Station: EE2.2
 --- UTM-X: 385995 UTM-Y: 4265816 Depth: 1 Value: 7.3 Station: EE2.2
 --- UTM-X: 385995 UTM-Y: 4265816 Depth: 1.5 Value: 7.25 Station: EE2.2
 --- UTM-X: 385995 UTM-Y: 4265816 Depth: 2 Value: 7.2 Station: EE2.2
 --- UTM-X: 385995 UTM-Y: 4265816 Depth: 2.5 Value: 7.15 Station: EE2.2
 --- UTM-X: 385995 UTM-Y: 4265816 Depth: 3 Value: 7.1 Station: EE2.2
 --- UTM-X: 385995 UTM-Y: 4265816 Depth: 3.5 Value: 7.05 Station: EE2.2
 --- UTM-X: 385995 UTM-Y: 4265816 Depth: 4 Value: 7 Station: EE2.2
 --- UTM-X: 385995 UTM-Y: 4265816 Depth: 4.5 Value: 6.8 Station: EE2.2
 --- UTM-X: 385995 UTM-Y: 4265816 Depth: 5 Value: 6.6 Station: EE2.2
 --- UTM-X: 385995 UTM-Y: 4265816 Depth: 5.5 Value: 4.45 Station: EE2.2
 --- UTM-X: 385995 UTM-Y: 4265816 Depth: 6 Value: 2.3 Station: EE2.2
 --- UTM-X: 385995 UTM-Y: 4265816 Depth: 6.5 Value: 1.25 Station: EE2.2
 --- UTM-X: 385995 UTM-Y: 4265816 Depth: 7 Value: 0.2 Station: EE2.2
 --- UTM-X: 385995 UTM-Y: 4265816 Depth: 7.5 Value: 0.15 Station: EE2.2
 --- UTM-X: 385995 UTM-Y: 4265816 Depth: 8 Value: 0.1 Station: EE2.2
 --- UTM-X: 385995 UTM-Y: 4265816 Depth: 8.5 Value: 0.1 Station: EE2.2
 --- UTM-X: 385995 UTM-Y: 4265816 Depth: 9 Value: 0.1 Station: EE2.2
 --- UTM-X: 385995 UTM-Y: 4265816 Depth: 9.5 Value: 0.1 Station: EE2.2
 --- UTM-X: 407846 UTM-Y: 4270714 Depth: 0 Value: 6.3 Station: ET5.2
 --- UTM-X: 407846 UTM-Y: 4270714 Depth: 0.5 Value: 6.25 Station: ET5.2
 --- UTM-X: 407846 UTM-Y: 4270714 Depth: 1 Value: 6.2 Station: ET5.2
 --- UTM-X: 407846 UTM-Y: 4270714 Depth: 1.5 Value: 6.15 Station: ET5.2
 --- UTM-X: 407846 UTM-Y: 4270714 Depth: 2 Value: 6.1 Station: ET5.2
 --- UTM-X: 407846 UTM-Y: 4270714 Depth: 2.5 Value: 6.1 Station: ET5.2
 --- UTM-X: 407846 UTM-Y: 4270714 Depth: 3 Value: 6.1 Station: ET5.2
 --- UTM-X: 407846 UTM-Y: 4270714 Depth: 3.5 Value: 6.1 Station: ET5.2
 --- UTM-X: 407846 UTM-Y: 4270714 Depth: 4 Value: 6.1 Station: ET5.2
 --- UTM-X: 407846 UTM-Y: 4270714 Depth: 4.5 Value: 6.05 Station: ET5.2
 --- UTM-X: 407846 UTM-Y: 4270714 Depth: 5 Value: 6 Station: ET5.2
 --- UTM-X: 407846 UTM-Y: 4270714 Depth: 5.5 Value: 5.9 Station: ET5.2
 --- UTM-X: 407846 UTM-Y: 4270714 Depth: 6 Value: 5.8 Station: ET5.2
 --- UTM-X: 407846 UTM-Y: 4270714 Depth: 6.5 Value: 5.7 Station: ET5.2
 --- UTM-X: 407846 UTM-Y: 4270714 Depth: 7 Value: 5.6 Station: ET5.2
 --- UTM-X: 407846 UTM-Y: 4270714 Depth: 7.5 Value: 5.45 Station: ET5.2
 --- UTM-X: 407846 UTM-Y: 4270714 Depth: 8 Value: 5.3 Station: ET5.2
 --- UTM-X: 407846 UTM-Y: 4270714 Depth: 8.5 Value: 5.25 Station: ET5.2
 --- UTM-X: 407846 UTM-Y: 4270714 Depth: 9 Value: 5.2 Station: ET5.2
 --- UTM-X: 407846 UTM-Y: 4270714 Depth: 9.5 Value: 5.15 Station: ET5.2
 --- UTM-X: 407846 UTM-Y: 4270714 Depth: 10 Value: 5.1 Station: ET5.2
 --- UTM-X: 407846 UTM-Y: 4270714 Depth: 10.5 Value: 5.1 Station: ET5.2
 --- 945 cells were interpolated in region CHOMH1.  Subtotal: 72860 total cells.
 ---- Region was calculated in 0 seconds. Segment volume (m^3) = 945000000
 
 - Bathymetry Region ID: 1022  Region Name: LCHMH  Data Points: 364 in data region 1022
 -- Cell Size  E-W: 500  N-S: 500  Vertical: 1
 --- Data in Region ---
 --- UTM-X: 376622 UTM-Y: 4278319 Depth: 0 Value: 7.7 Station: CB4.2C
 --- UTM-X: 376622 UTM-Y: 4278319 Depth: 0.5 Value: 7.7 Station: CB4.2C
 --- UTM-X: 376622 UTM-Y: 4278319 Depth: 1 Value: 7.7 Station: CB4.2C
 --- UTM-X: 376622 UTM-Y: 4278319 Depth: 1.5 Value: 7.65 Station: CB4.2C
 --- UTM-X: 376622 UTM-Y: 4278319 Depth: 2 Value: 7.6 Station: CB4.2C
 --- UTM-X: 376622 UTM-Y: 4278319 Depth: 2.5 Value: 7.5 Station: CB4.2C
 --- UTM-X: 376622 UTM-Y: 4278319 Depth: 3 Value: 7.4 Station: CB4.2C
 --- UTM-X: 376622 UTM-Y: 4278319 Depth: 3.5 Value: 7.35 Station: CB4.2C
 --- UTM-X: 376622 UTM-Y: 4278319 Depth: 4 Value: 7.3 Station: CB4.2C
 --- UTM-X: 376622 UTM-Y: 4278319 Depth: 4.5 Value: 7.05 Station: CB4.2C
 --- UTM-X: 376622 UTM-Y: 4278319 Depth: 5 Value: 6.8 Station: CB4.2C
 --- UTM-X: 376622 UTM-Y: 4278319 Depth: 5.5 Value: 6.55 Station: CB4.2C
 --- UTM-X: 376622 UTM-Y: 4278319 Depth: 6 Value: 6.3 Station: CB4.2C
 --- UTM-X: 376622 UTM-Y: 4278319 Depth: 6.5 Value: 5.45 Station: CB4.2C
 --- UTM-X: 376622 UTM-Y: 4278319 Depth: 7 Value: 4.6 Station: CB4.2C
 --- UTM-X: 376622 UTM-Y: 4278319 Depth: 7.5 Value: 2.9 Station: CB4.2C
 --- UTM-X: 376622 UTM-Y: 4278319 Depth: 8 Value: 1.2 Station: CB4.2C
 --- UTM-X: 376622 UTM-Y: 4278319 Depth: 8.5 Value: 0.65 Station: CB4.2C
 --- UTM-X: 376622 UTM-Y: 4278319 Depth: 9 Value: 0.1 Station: CB4.2C
 --- UTM-X: 376622 UTM-Y: 4278319 Depth: 9.5 Value: 0.05 Station: CB4.2C
 --- UTM-X: 376622 UTM-Y: 4278319 Depth: 10 Value: 0 Station: CB4.2C
 --- UTM-X: 376622 UTM-Y: 4278319 Depth: 10.5 Value: 0 Station: CB4.2C
 --- UTM-X: 376622 UTM-Y: 4278319 Depth: 11 Value: 0 Station: CB4.2C
 --- UTM-X: 376622 UTM-Y: 4278319 Depth: 11.5 Value: 0 Station: CB4.2C
 --- UTM-X: 376622 UTM-Y: 4278319 Depth: 12 Value: 0 Station: CB4.2C
 --- UTM-X: 376622 UTM-Y: 4278319 Depth: 12.5 Value: 0.05 Station: CB4.2C
 --- UTM-X: 376622 UTM-Y: 4278319 Depth: 13 Value: 0.1 Station: CB4.2C
 --- UTM-X: 376622 UTM-Y: 4278319 Depth: 13.5 Value: 0.1 Station: CB4.2C
 --- UTM-X: 376622 UTM-Y: 4278319 Depth: 14 Value: 0.1 Station: CB4.2C
 --- UTM-X: 376622 UTM-Y: 4278319 Depth: 14.5 Value: 0.1 Station: CB4.2C
 --- UTM-X: 376622 UTM-Y: 4278319 Depth: 15 Value: 0.1 Station: CB4.2C
 --- UTM-X: 376622 UTM-Y: 4278319 Depth: 15.5 Value: 0.1 Station: CB4.2C
 --- UTM-X: 376622 UTM-Y: 4278319 Depth: 16 Value: 0.1 Station: CB4.2C
 --- UTM-X: 376622 UTM-Y: 4278319 Depth: 16.5 Value: 0.1 Station: CB4.2C
 --- UTM-X: 376622 UTM-Y: 4278319 Depth: 17 Value: 0.1 Station: CB4.2C
 --- UTM-X: 376622 UTM-Y: 4278319 Depth: 17.5 Value: 0.1 Station: CB4.2C
 --- UTM-X: 376622 UTM-Y: 4278319 Depth: 18 Value: 0.1 Station: CB4.2C
 --- UTM-X: 376622 UTM-Y: 4278319 Depth: 18.5 Value: 0.1 Station: CB4.2C
 --- UTM-X: 376622 UTM-Y: 4278319 Depth: 19 Value: 0.1 Station: CB4.2C
 --- UTM-X: 376622 UTM-Y: 4278319 Depth: 19.5 Value: 0.1 Station: CB4.2C
 --- UTM-X: 376622 UTM-Y: 4278319 Depth: 20 Value: 0.1 Station: CB4.2C
 --- UTM-X: 376622 UTM-Y: 4278319 Depth: 20.5 Value: 0.1 Station: CB4.2C
 --- UTM-X: 376622 UTM-Y: 4278319 Depth: 21 Value: 0.1 Station: CB4.2C
 --- UTM-X: 376622 UTM-Y: 4278319 Depth: 21.5 Value: 0.1 Station: CB4.2C
 --- UTM-X: 376622 UTM-Y: 4278319 Depth: 22 Value: 0.1 Station: CB4.2C
 --- UTM-X: 376622 UTM-Y: 4278319 Depth: 22.5 Value: 0.1 Station: CB4.2C
 --- UTM-X: 376622 UTM-Y: 4278319 Depth: 23 Value: 0.1 Station: CB4.2C
 --- UTM-X: 376622 UTM-Y: 4278319 Depth: 23.5 Value: 0.1 Station: CB4.2C
 --- UTM-X: 376622 UTM-Y: 4278319 Depth: 24 Value: 0.1 Station: CB4.2C
 --- UTM-X: 376622 UTM-Y: 4278319 Depth: 24.5 Value: 0.1 Station: CB4.2C
 --- UTM-X: 376622 UTM-Y: 4278319 Depth: 25 Value: 0.1 Station: CB4.2C
 --- UTM-X: 378169 UTM-Y: 4278295 Depth: 0 Value: 8 Station: CB4.2E
 --- UTM-X: 378169 UTM-Y: 4278295 Depth: 0.5 Value: 8 Station: CB4.2E
 --- UTM-X: 378169 UTM-Y: 4278295 Depth: 1 Value: 8 Station: CB4.2E
 --- UTM-X: 378169 UTM-Y: 4278295 Depth: 1.5 Value: 7.8 Station: CB4.2E
 --- UTM-X: 378169 UTM-Y: 4278295 Depth: 2 Value: 7.6 Station: CB4.2E
 --- UTM-X: 378169 UTM-Y: 4278295 Depth: 2.5 Value: 7.6 Station: CB4.2E
 --- UTM-X: 378169 UTM-Y: 4278295 Depth: 3 Value: 7.6 Station: CB4.2E
 --- UTM-X: 378169 UTM-Y: 4278295 Depth: 3.5 Value: 7.15 Station: CB4.2E
 --- UTM-X: 378169 UTM-Y: 4278295 Depth: 4 Value: 6.7 Station: CB4.2E
 --- UTM-X: 378169 UTM-Y: 4278295 Depth: 4.5 Value: 6.8 Station: CB4.2E
 --- UTM-X: 378169 UTM-Y: 4278295 Depth: 5 Value: 6.9 Station: CB4.2E
 --- UTM-X: 378169 UTM-Y: 4278295 Depth: 5.5 Value: 5.5 Station: CB4.2E
 --- UTM-X: 378169 UTM-Y: 4278295 Depth: 6 Value: 4.1 Station: CB4.2E
 --- UTM-X: 378169 UTM-Y: 4278295 Depth: 6.5 Value: 3.5 Station: CB4.2E
 --- UTM-X: 378169 UTM-Y: 4278295 Depth: 7 Value: 2.9 Station: CB4.2E
 --- UTM-X: 378169 UTM-Y: 4278295 Depth: 7.5 Value: 2.7 Station: CB4.2E
 --- UTM-X: 378169 UTM-Y: 4278295 Depth: 8 Value: 2.5 Station: CB4.2E
 --- UTM-X: 369343 UTM-Y: 4278281 Depth: 0 Value: 7.3 Station: CB4.2W
 --- UTM-X: 369343 UTM-Y: 4278281 Depth: 0.5 Value: 7.3 Station: CB4.2W
 --- UTM-X: 369343 UTM-Y: 4278281 Depth: 1 Value: 7.3 Station: CB4.2W
 --- UTM-X: 369343 UTM-Y: 4278281 Depth: 1.5 Value: 7.3 Station: CB4.2W
 --- UTM-X: 369343 UTM-Y: 4278281 Depth: 2 Value: 7.3 Station: CB4.2W
 --- UTM-X: 369343 UTM-Y: 4278281 Depth: 2.5 Value: 7.2 Station: CB4.2W
 --- UTM-X: 369343 UTM-Y: 4278281 Depth: 3 Value: 7.1 Station: CB4.2W
 --- UTM-X: 369343 UTM-Y: 4278281 Depth: 3.5 Value: 6.9 Station: CB4.2W
 --- UTM-X: 369343 UTM-Y: 4278281 Depth: 4 Value: 6.7 Station: CB4.2W
 --- UTM-X: 369343 UTM-Y: 4278281 Depth: 4.5 Value: 6.4 Station: CB4.2W
 --- UTM-X: 369343 UTM-Y: 4278281 Depth: 5 Value: 6.1 Station: CB4.2W
 --- UTM-X: 369343 UTM-Y: 4278281 Depth: 5.5 Value: 4 Station: CB4.2W
 --- UTM-X: 369343 UTM-Y: 4278281 Depth: 6 Value: 1.9 Station: CB4.2W
 --- UTM-X: 369343 UTM-Y: 4278281 Depth: 6.5 Value: 1.05 Station: CB4.2W
 --- UTM-X: 369343 UTM-Y: 4278281 Depth: 7 Value: 0.2 Station: CB4.2W
 --- UTM-X: 374994 UTM-Y: 4268540 Depth: 0 Value: 7.7 Station: CB4.3C
 --- UTM-X: 374994 UTM-Y: 4268540 Depth: 0.5 Value: 7.7 Station: CB4.3C
 --- UTM-X: 374994 UTM-Y: 4268540 Depth: 1 Value: 7.7 Station: CB4.3C
 --- UTM-X: 374994 UTM-Y: 4268540 Depth: 1.5 Value: 7.7 Station: CB4.3C
 --- UTM-X: 374994 UTM-Y: 4268540 Depth: 2 Value: 7.7 Station: CB4.3C
 --- UTM-X: 374994 UTM-Y: 4268540 Depth: 2.5 Value: 7.65 Station: CB4.3C
 --- UTM-X: 374994 UTM-Y: 4268540 Depth: 3 Value: 7.6 Station: CB4.3C
 --- UTM-X: 374994 UTM-Y: 4268540 Depth: 3.5 Value: 7.575 Station: CB4.3C
 --- UTM-X: 374994 UTM-Y: 4268540 Depth: 4 Value: 7.55 Station: CB4.3C
 --- UTM-X: 374994 UTM-Y: 4268540 Depth: 4.5 Value: 7.525 Station: CB4.3C
 --- UTM-X: 374994 UTM-Y: 4268540 Depth: 5 Value: 7.5 Station: CB4.3C
 --- UTM-X: 374994 UTM-Y: 4268540 Depth: 5.5 Value: 7.25 Station: CB4.3C
 --- UTM-X: 374994 UTM-Y: 4268540 Depth: 6 Value: 7 Station: CB4.3C
 --- UTM-X: 374994 UTM-Y: 4268540 Depth: 6.5 Value: 7.1 Station: CB4.3C
 --- UTM-X: 374994 UTM-Y: 4268540 Depth: 7 Value: 7.2 Station: CB4.3C
 --- UTM-X: 374994 UTM-Y: 4268540 Depth: 7.5 Value: 6 Station: CB4.3C
 --- UTM-X: 374994 UTM-Y: 4268540 Depth: 8 Value: 4.8 Station: CB4.3C
 --- UTM-X: 374994 UTM-Y: 4268540 Depth: 8.5 Value: 3.4 Station: CB4.3C
 --- UTM-X: 374994 UTM-Y: 4268540 Depth: 9 Value: 2 Station: CB4.3C
 --- UTM-X: 374994 UTM-Y: 4268540 Depth: 9.5 Value: 1.45 Station: CB4.3C
 --- UTM-X: 374994 UTM-Y: 4268540 Depth: 10 Value: 0.9 Station: CB4.3C
 --- UTM-X: 374994 UTM-Y: 4268540 Depth: 10.5 Value: 0.6 Station: CB4.3C
 --- UTM-X: 374994 UTM-Y: 4268540 Depth: 11 Value: 0.3 Station: CB4.3C
 --- UTM-X: 374994 UTM-Y: 4268540 Depth: 11.5 Value: 0.15 Station: CB4.3C
 --- UTM-X: 374994 UTM-Y: 4268540 Depth: 12 Value: 0 Station: CB4.3C
 --- UTM-X: 374994 UTM-Y: 4268540 Depth: 12.5 Value: 0 Station: CB4.3C
 --- UTM-X: 374994 UTM-Y: 4268540 Depth: 13 Value: 0 Station: CB4.3C
 --- UTM-X: 374994 UTM-Y: 4268540 Depth: 13.5 Value: 0 Station: CB4.3C
 --- UTM-X: 374994 UTM-Y: 4268540 Depth: 14 Value: 0 Station: CB4.3C
 --- UTM-X: 374994 UTM-Y: 4268540 Depth: 14.5 Value: 0 Station: CB4.3C
 --- UTM-X: 374994 UTM-Y: 4268540 Depth: 15 Value: 0 Station: CB4.3C
 --- UTM-X: 374994 UTM-Y: 4268540 Depth: 15.5 Value: 0 Station: CB4.3C
 --- UTM-X: 374994 UTM-Y: 4268540 Depth: 16 Value: 0 Station: CB4.3C
 --- UTM-X: 374994 UTM-Y: 4268540 Depth: 16.5 Value: 0.05 Station: CB4.3C
 --- UTM-X: 374994 UTM-Y: 4268540 Depth: 17 Value: 0.1 Station: CB4.3C
 --- UTM-X: 374994 UTM-Y: 4268540 Depth: 17.5 Value: 0.1 Station: CB4.3C
 --- UTM-X: 374994 UTM-Y: 4268540 Depth: 18 Value: 0.1 Station: CB4.3C
 --- UTM-X: 374994 UTM-Y: 4268540 Depth: 18.5 Value: 0.1 Station: CB4.3C
 --- UTM-X: 374994 UTM-Y: 4268540 Depth: 19 Value: 0.1 Station: CB4.3C
 --- UTM-X: 374994 UTM-Y: 4268540 Depth: 19.5 Value: 0.1 Station: CB4.3C
 --- UTM-X: 374994 UTM-Y: 4268540 Depth: 20 Value: 0.1 Station: CB4.3C
 --- UTM-X: 374994 UTM-Y: 4268540 Depth: 20.5 Value: 0.1 Station: CB4.3C
 --- UTM-X: 374994 UTM-Y: 4268540 Depth: 21 Value: 0.1 Station: CB4.3C
 --- UTM-X: 374994 UTM-Y: 4268540 Depth: 21.5 Value: 0.1 Station: CB4.3C
 --- UTM-X: 374994 UTM-Y: 4268540 Depth: 22 Value: 0.1 Station: CB4.3C
 --- UTM-X: 374994 UTM-Y: 4268540 Depth: 22.5 Value: 0.1 Station: CB4.3C
 --- UTM-X: 374994 UTM-Y: 4268540 Depth: 23 Value: 0.1 Station: CB4.3C
 --- UTM-X: 374994 UTM-Y: 4268540 Depth: 23.5 Value: 0.1 Station: CB4.3C
 --- UTM-X: 374994 UTM-Y: 4268540 Depth: 24 Value: 0.1 Station: CB4.3C
 --- UTM-X: 374994 UTM-Y: 4268540 Depth: 24.5 Value: 0.1 Station: CB4.3C
 --- UTM-X: 374994 UTM-Y: 4268540 Depth: 25 Value: 0.1 Station: CB4.3C
 --- UTM-X: 374994 UTM-Y: 4268540 Depth: 25.5 Value: 0.1 Station: CB4.3C
 --- UTM-X: 374994 UTM-Y: 4268540 Depth: 26 Value: 0.1 Station: CB4.3C
 --- UTM-X: 378916 UTM-Y: 4268479 Depth: 0 Value: 7.2 Station: CB4.3E
 --- UTM-X: 378916 UTM-Y: 4268479 Depth: 0.5 Value: 7.2 Station: CB4.3E
 --- UTM-X: 378916 UTM-Y: 4268479 Depth: 1 Value: 7.2 Station: CB4.3E
 --- UTM-X: 378916 UTM-Y: 4268479 Depth: 1.5 Value: 7.2 Station: CB4.3E
 --- UTM-X: 378916 UTM-Y: 4268479 Depth: 2 Value: 7.2 Station: CB4.3E
 --- UTM-X: 378916 UTM-Y: 4268479 Depth: 2.5 Value: 7.15 Station: CB4.3E
 --- UTM-X: 378916 UTM-Y: 4268479 Depth: 3 Value: 7.1 Station: CB4.3E
 --- UTM-X: 378916 UTM-Y: 4268479 Depth: 3.5 Value: 7.05 Station: CB4.3E
 --- UTM-X: 378916 UTM-Y: 4268479 Depth: 4 Value: 7 Station: CB4.3E
 --- UTM-X: 378916 UTM-Y: 4268479 Depth: 4.5 Value: 6.95 Station: CB4.3E
 --- UTM-X: 378916 UTM-Y: 4268479 Depth: 5 Value: 6.9 Station: CB4.3E
 --- UTM-X: 378916 UTM-Y: 4268479 Depth: 5.5 Value: 6.9 Station: CB4.3E
 --- UTM-X: 378916 UTM-Y: 4268479 Depth: 6 Value: 6.9 Station: CB4.3E
 --- UTM-X: 378916 UTM-Y: 4268479 Depth: 6.5 Value: 6.9 Station: CB4.3E
 --- UTM-X: 378916 UTM-Y: 4268479 Depth: 7 Value: 6.9 Station: CB4.3E
 --- UTM-X: 378916 UTM-Y: 4268479 Depth: 7.5 Value: 6.85 Station: CB4.3E
 --- UTM-X: 378916 UTM-Y: 4268479 Depth: 8 Value: 6.8 Station: CB4.3E
 --- UTM-X: 378916 UTM-Y: 4268479 Depth: 8.5 Value: 6.75 Station: CB4.3E
 --- UTM-X: 378916 UTM-Y: 4268479 Depth: 9 Value: 6.7 Station: CB4.3E
 --- UTM-X: 378916 UTM-Y: 4268479 Depth: 9.5 Value: 6.45 Station: CB4.3E
 --- UTM-X: 378916 UTM-Y: 4268479 Depth: 10 Value: 6.2 Station: CB4.3E
 --- UTM-X: 378916 UTM-Y: 4268479 Depth: 10.5 Value: 5.75 Station: CB4.3E
 --- UTM-X: 378916 UTM-Y: 4268479 Depth: 11 Value: 5.3 Station: CB4.3E
 --- UTM-X: 378916 UTM-Y: 4268479 Depth: 11.5 Value: 4.9 Station: CB4.3E
 --- UTM-X: 378916 UTM-Y: 4268479 Depth: 12 Value: 4.5 Station: CB4.3E
 --- UTM-X: 378916 UTM-Y: 4268479 Depth: 12.5 Value: 3.55 Station: CB4.3E
 --- UTM-X: 378916 UTM-Y: 4268479 Depth: 13 Value: 2.6 Station: CB4.3E
 --- UTM-X: 378916 UTM-Y: 4268479 Depth: 13.5 Value: 1.6 Station: CB4.3E
 --- UTM-X: 378916 UTM-Y: 4268479 Depth: 14 Value: 0.6 Station: CB4.3E
 --- UTM-X: 378916 UTM-Y: 4268479 Depth: 14.5 Value: 0.35 Station: CB4.3E
 --- UTM-X: 378916 UTM-Y: 4268479 Depth: 15 Value: 0.1 Station: CB4.3E
 --- UTM-X: 378916 UTM-Y: 4268479 Depth: 15.5 Value: 0.05 Station: CB4.3E
 --- UTM-X: 378916 UTM-Y: 4268479 Depth: 16 Value: 0 Station: CB4.3E
 --- UTM-X: 378916 UTM-Y: 4268479 Depth: 16.5 Value: 0 Station: CB4.3E
 --- UTM-X: 378916 UTM-Y: 4268479 Depth: 17 Value: 0 Station: CB4.3E
 --- UTM-X: 378916 UTM-Y: 4268479 Depth: 17.5 Value: 0 Station: CB4.3E
 --- UTM-X: 378916 UTM-Y: 4268479 Depth: 18 Value: 0 Station: CB4.3E
 --- UTM-X: 378916 UTM-Y: 4268479 Depth: 18.5 Value: 0 Station: CB4.3E
 --- UTM-X: 378916 UTM-Y: 4268479 Depth: 19 Value: 0 Station: CB4.3E
 --- UTM-X: 369911 UTM-Y: 4268621 Depth: 0 Value: 8.1 Station: CB4.3W
 --- UTM-X: 369911 UTM-Y: 4268621 Depth: 0.5 Value: 8.1 Station: CB4.3W
 --- UTM-X: 369911 UTM-Y: 4268621 Depth: 1 Value: 8.1 Station: CB4.3W
 --- UTM-X: 369911 UTM-Y: 4268621 Depth: 1.5 Value: 7.95 Station: CB4.3W
 --- UTM-X: 369911 UTM-Y: 4268621 Depth: 2 Value: 7.8 Station: CB4.3W
 --- UTM-X: 369911 UTM-Y: 4268621 Depth: 2.5 Value: 7.6 Station: CB4.3W
 --- UTM-X: 369911 UTM-Y: 4268621 Depth: 3 Value: 7.4 Station: CB4.3W
 --- UTM-X: 369911 UTM-Y: 4268621 Depth: 3.5 Value: 7.25 Station: CB4.3W
 --- UTM-X: 369911 UTM-Y: 4268621 Depth: 4 Value: 7.1 Station: CB4.3W
 --- UTM-X: 369911 UTM-Y: 4268621 Depth: 4.5 Value: 5.8 Station: CB4.3W
 --- UTM-X: 369911 UTM-Y: 4268621 Depth: 5 Value: 4.5 Station: CB4.3W
 --- UTM-X: 369911 UTM-Y: 4268621 Depth: 5.5 Value: 2.5 Station: CB4.3W
 --- UTM-X: 369911 UTM-Y: 4268621 Depth: 6 Value: 0.5 Station: CB4.3W
 --- UTM-X: 369911 UTM-Y: 4268621 Depth: 6.5 Value: 0.35 Station: CB4.3W
 --- UTM-X: 369911 UTM-Y: 4268621 Depth: 7 Value: 0.2 Station: CB4.3W
 --- UTM-X: 382750 UTM-Y: 4252514 Depth: 0 Value: 7.6 Station: CB4.4
 --- UTM-X: 382750 UTM-Y: 4252514 Depth: 0.5 Value: 7.55 Station: CB4.4
 --- UTM-X: 382750 UTM-Y: 4252514 Depth: 1 Value: 7.5 Station: CB4.4
 --- UTM-X: 382750 UTM-Y: 4252514 Depth: 1.5 Value: 7.45 Station: CB4.4
 --- UTM-X: 382750 UTM-Y: 4252514 Depth: 2 Value: 7.4 Station: CB4.4
 --- UTM-X: 382750 UTM-Y: 4252514 Depth: 2.5 Value: 7.25 Station: CB4.4
 --- UTM-X: 382750 UTM-Y: 4252514 Depth: 3 Value: 7.1 Station: CB4.4
 --- UTM-X: 382750 UTM-Y: 4252514 Depth: 3.5 Value: 6.95 Station: CB4.4
 --- UTM-X: 382750 UTM-Y: 4252514 Depth: 4 Value: 6.8 Station: CB4.4
 --- UTM-X: 382750 UTM-Y: 4252514 Depth: 4.5 Value: 6.6 Station: CB4.4
 --- UTM-X: 382750 UTM-Y: 4252514 Depth: 5 Value: 6.4 Station: CB4.4
 --- UTM-X: 382750 UTM-Y: 4252514 Depth: 5.5 Value: 6.2 Station: CB4.4
 --- UTM-X: 382750 UTM-Y: 4252514 Depth: 6 Value: 6 Station: CB4.4
 --- UTM-X: 382750 UTM-Y: 4252514 Depth: 6.5 Value: 5.45 Station: CB4.4
 --- UTM-X: 382750 UTM-Y: 4252514 Depth: 7 Value: 4.9 Station: CB4.4
 --- UTM-X: 382750 UTM-Y: 4252514 Depth: 7.5 Value: 3.95 Station: CB4.4
 --- UTM-X: 382750 UTM-Y: 4252514 Depth: 8 Value: 3 Station: CB4.4
 --- UTM-X: 382750 UTM-Y: 4252514 Depth: 8.5 Value: 3.05 Station: CB4.4
 --- UTM-X: 382750 UTM-Y: 4252514 Depth: 9 Value: 3.1 Station: CB4.4
 --- UTM-X: 382750 UTM-Y: 4252514 Depth: 9.5 Value: 2.3 Station: CB4.4
 --- UTM-X: 382750 UTM-Y: 4252514 Depth: 10 Value: 1.5 Station: CB4.4
 --- UTM-X: 382750 UTM-Y: 4252514 Depth: 10.5 Value: 0.95 Station: CB4.4
 --- UTM-X: 382750 UTM-Y: 4252514 Depth: 11 Value: 0.4 Station: CB4.4
 --- UTM-X: 382750 UTM-Y: 4252514 Depth: 11.5 Value: 0.35 Station: CB4.4
 --- UTM-X: 382750 UTM-Y: 4252514 Depth: 12 Value: 0.3 Station: CB4.4
 --- UTM-X: 382750 UTM-Y: 4252514 Depth: 12.5 Value: 0.35 Station: CB4.4
 --- UTM-X: 382750 UTM-Y: 4252514 Depth: 13 Value: 0.4 Station: CB4.4
 --- UTM-X: 382750 UTM-Y: 4252514 Depth: 13.5 Value: 0.4 Station: CB4.4
 --- UTM-X: 382750 UTM-Y: 4252514 Depth: 14 Value: 0.4 Station: CB4.4
 --- UTM-X: 382750 UTM-Y: 4252514 Depth: 14.5 Value: 0.4 Station: CB4.4
 --- UTM-X: 382750 UTM-Y: 4252514 Depth: 15 Value: 0.4 Station: CB4.4
 --- UTM-X: 382750 UTM-Y: 4252514 Depth: 15.5 Value: 0.35 Station: CB4.4
 --- UTM-X: 382750 UTM-Y: 4252514 Depth: 16 Value: 0.3 Station: CB4.4
 --- UTM-X: 382750 UTM-Y: 4252514 Depth: 16.5 Value: 0.4 Station: CB4.4
 --- UTM-X: 382750 UTM-Y: 4252514 Depth: 17 Value: 0.5 Station: CB4.4
 --- UTM-X: 382750 UTM-Y: 4252514 Depth: 17.5 Value: 0.5 Station: CB4.4
 --- UTM-X: 382750 UTM-Y: 4252514 Depth: 18 Value: 0.5 Station: CB4.4
 --- UTM-X: 382750 UTM-Y: 4252514 Depth: 18.5 Value: 0.5 Station: CB4.4
 --- UTM-X: 382750 UTM-Y: 4252514 Depth: 19 Value: 0.5 Station: CB4.4
 --- UTM-X: 382750 UTM-Y: 4252514 Depth: 19.5 Value: 0.525 Station: CB4.4
 --- UTM-X: 382750 UTM-Y: 4252514 Depth: 20 Value: 0.55 Station: CB4.4
 --- UTM-X: 382750 UTM-Y: 4252514 Depth: 20.5 Value: 0.575 Station: CB4.4
 --- UTM-X: 382750 UTM-Y: 4252514 Depth: 21 Value: 0.6 Station: CB4.4
 --- UTM-X: 382750 UTM-Y: 4252514 Depth: 21.5 Value: 0.625 Station: CB4.4
 --- UTM-X: 382750 UTM-Y: 4252514 Depth: 22 Value: 0.65 Station: CB4.4
 --- UTM-X: 382750 UTM-Y: 4252514 Depth: 22.5 Value: 0.675 Station: CB4.4
 --- UTM-X: 382750 UTM-Y: 4252514 Depth: 23 Value: 0.7 Station: CB4.4
 --- UTM-X: 382750 UTM-Y: 4252514 Depth: 23.5 Value: 0.775 Station: CB4.4
 --- UTM-X: 382750 UTM-Y: 4252514 Depth: 24 Value: 0.85 Station: CB4.4
 --- UTM-X: 382750 UTM-Y: 4252514 Depth: 24.5 Value: 0.925 Station: CB4.4
 --- UTM-X: 382750 UTM-Y: 4252514 Depth: 25 Value: 1 Station: CB4.4
 --- UTM-X: 382750 UTM-Y: 4252514 Depth: 25.5 Value: 1 Station: CB4.4
 --- UTM-X: 382750 UTM-Y: 4252514 Depth: 26 Value: 1 Station: CB4.4
 --- UTM-X: 382750 UTM-Y: 4252514 Depth: 26.5 Value: 1 Station: CB4.4
 --- UTM-X: 382750 UTM-Y: 4252514 Depth: 27 Value: 1 Station: CB4.4
 --- UTM-X: 382750 UTM-Y: 4252514 Depth: 27.5 Value: 1 Station: CB4.4
 --- UTM-X: 382750 UTM-Y: 4252514 Depth: 28 Value: 1 Station: CB4.4
 --- UTM-X: 386968 UTM-Y: 4241940 Depth: 0 Value: 7.7 Station: CB5.1
 --- UTM-X: 386968 UTM-Y: 4241940 Depth: 0.5 Value: 7.85 Station: CB5.1
 --- UTM-X: 386968 UTM-Y: 4241940 Depth: 1 Value: 8 Station: CB5.1
 --- UTM-X: 386968 UTM-Y: 4241940 Depth: 1.5 Value: 7.8 Station: CB5.1
 --- UTM-X: 386968 UTM-Y: 4241940 Depth: 2 Value: 7.6 Station: CB5.1
 --- UTM-X: 386968 UTM-Y: 4241940 Depth: 2.5 Value: 7.4 Station: CB5.1
 --- UTM-X: 386968 UTM-Y: 4241940 Depth: 3 Value: 7.2 Station: CB5.1
 --- UTM-X: 386968 UTM-Y: 4241940 Depth: 3.5 Value: 7.05 Station: CB5.1
 --- UTM-X: 386968 UTM-Y: 4241940 Depth: 4 Value: 6.9 Station: CB5.1
 --- UTM-X: 386968 UTM-Y: 4241940 Depth: 4.5 Value: 6.55 Station: CB5.1
 --- UTM-X: 386968 UTM-Y: 4241940 Depth: 5 Value: 6.2 Station: CB5.1
 --- UTM-X: 386968 UTM-Y: 4241940 Depth: 5.5 Value: 6.05 Station: CB5.1
 --- UTM-X: 386968 UTM-Y: 4241940 Depth: 6 Value: 5.9 Station: CB5.1
 --- UTM-X: 386968 UTM-Y: 4241940 Depth: 6.5 Value: 5.8 Station: CB5.1
 --- UTM-X: 386968 UTM-Y: 4241940 Depth: 7 Value: 5.7 Station: CB5.1
 --- UTM-X: 386968 UTM-Y: 4241940 Depth: 7.5 Value: 5.5 Station: CB5.1
 --- UTM-X: 386968 UTM-Y: 4241940 Depth: 8 Value: 5.3 Station: CB5.1
 --- UTM-X: 386968 UTM-Y: 4241940 Depth: 8.5 Value: 3.85 Station: CB5.1
 --- UTM-X: 386968 UTM-Y: 4241940 Depth: 9 Value: 2.4 Station: CB5.1
 --- UTM-X: 386968 UTM-Y: 4241940 Depth: 9.5 Value: 1.4 Station: CB5.1
 --- UTM-X: 386968 UTM-Y: 4241940 Depth: 10 Value: 0.4 Station: CB5.1
 --- UTM-X: 386968 UTM-Y: 4241940 Depth: 10.5 Value: 0.35 Station: CB5.1
 --- UTM-X: 386968 UTM-Y: 4241940 Depth: 11 Value: 0.3 Station: CB5.1
 --- UTM-X: 386968 UTM-Y: 4241940 Depth: 11.5 Value: 0.3 Station: CB5.1
 --- UTM-X: 386968 UTM-Y: 4241940 Depth: 12 Value: 0.3 Station: CB5.1
 --- UTM-X: 386968 UTM-Y: 4241940 Depth: 12.5 Value: 0.3 Station: CB5.1
 --- UTM-X: 386968 UTM-Y: 4241940 Depth: 13 Value: 0.3 Station: CB5.1
 --- UTM-X: 386968 UTM-Y: 4241940 Depth: 13.5 Value: 0.3 Station: CB5.1
 --- UTM-X: 386968 UTM-Y: 4241940 Depth: 14 Value: 0.3 Station: CB5.1
 --- UTM-X: 386968 UTM-Y: 4241940 Depth: 14.5 Value: 0.35 Station: CB5.1
 --- UTM-X: 386968 UTM-Y: 4241940 Depth: 15 Value: 0.4 Station: CB5.1
 --- UTM-X: 386968 UTM-Y: 4241940 Depth: 15.5 Value: 0.4 Station: CB5.1
 --- UTM-X: 386968 UTM-Y: 4241940 Depth: 16 Value: 0.4 Station: CB5.1
 --- UTM-X: 386968 UTM-Y: 4241940 Depth: 16.5 Value: 0.4 Station: CB5.1
 --- UTM-X: 386968 UTM-Y: 4241940 Depth: 17 Value: 0.4 Station: CB5.1
 --- UTM-X: 386968 UTM-Y: 4241940 Depth: 17.5 Value: 0.4 Station: CB5.1
 --- UTM-X: 386968 UTM-Y: 4241940 Depth: 18 Value: 0.4 Station: CB5.1
 --- UTM-X: 386968 UTM-Y: 4241940 Depth: 18.5 Value: 0.4 Station: CB5.1
 --- UTM-X: 386968 UTM-Y: 4241940 Depth: 19 Value: 0.4 Station: CB5.1
 --- UTM-X: 386968 UTM-Y: 4241940 Depth: 19.5 Value: 0.425 Station: CB5.1
 --- UTM-X: 386968 UTM-Y: 4241940 Depth: 20 Value: 0.45 Station: CB5.1
 --- UTM-X: 386968 UTM-Y: 4241940 Depth: 20.5 Value: 0.475 Station: CB5.1
 --- UTM-X: 386968 UTM-Y: 4241940 Depth: 21 Value: 0.5 Station: CB5.1
 --- UTM-X: 386968 UTM-Y: 4241940 Depth: 21.5 Value: 0.5 Station: CB5.1
 --- UTM-X: 386968 UTM-Y: 4241940 Depth: 22 Value: 0.5 Station: CB5.1
 --- UTM-X: 386968 UTM-Y: 4241940 Depth: 22.5 Value: 0.5 Station: CB5.1
 --- UTM-X: 386968 UTM-Y: 4241940 Depth: 23 Value: 0.5 Station: CB5.1
 --- UTM-X: 386968 UTM-Y: 4241940 Depth: 23.5 Value: 0.525 Station: CB5.1
 --- UTM-X: 386968 UTM-Y: 4241940 Depth: 24 Value: 0.55 Station: CB5.1
 --- UTM-X: 386968 UTM-Y: 4241940 Depth: 24.5 Value: 0.575 Station: CB5.1
 --- UTM-X: 386968 UTM-Y: 4241940 Depth: 25 Value: 0.6 Station: CB5.1
 --- UTM-X: 386968 UTM-Y: 4241940 Depth: 25.5 Value: 0.625 Station: CB5.1
 --- UTM-X: 386968 UTM-Y: 4241940 Depth: 26 Value: 0.65 Station: CB5.1
 --- UTM-X: 386968 UTM-Y: 4241940 Depth: 26.5 Value: 0.675 Station: CB5.1
 --- UTM-X: 386968 UTM-Y: 4241940 Depth: 27 Value: 0.7 Station: CB5.1
 --- UTM-X: 386968 UTM-Y: 4241940 Depth: 27.5 Value: 0.7 Station: CB5.1
 --- UTM-X: 386968 UTM-Y: 4241940 Depth: 28 Value: 0.7 Station: CB5.1
 --- UTM-X: 386968 UTM-Y: 4241940 Depth: 28.5 Value: 0.7 Station: CB5.1
 --- UTM-X: 386968 UTM-Y: 4241940 Depth: 29 Value: 0.7 Station: CB5.1
 --- UTM-X: 386968 UTM-Y: 4241940 Depth: 29.5 Value: 0.775 Station: CB5.1
 --- UTM-X: 386968 UTM-Y: 4241940 Depth: 30 Value: 0.85 Station: CB5.1
 --- UTM-X: 386968 UTM-Y: 4241940 Depth: 30.5 Value: 0.925 Station: CB5.1
 --- UTM-X: 386968 UTM-Y: 4241940 Depth: 31 Value: 1 Station: CB5.1
 --- UTM-X: 386968 UTM-Y: 4241940 Depth: 31.5 Value: 1 Station: CB5.1
 --- UTM-X: 386968 UTM-Y: 4241940 Depth: 32 Value: 1 Station: CB5.1
 --- UTM-X: 379767 UTM-Y: 4242784 Depth: 0 Value: 6.2 Station: CB5.1W
 --- UTM-X: 379767 UTM-Y: 4242784 Depth: 0.5 Value: 6.15 Station: CB5.1W
 --- UTM-X: 379767 UTM-Y: 4242784 Depth: 1 Value: 6.1 Station: CB5.1W
 --- UTM-X: 379767 UTM-Y: 4242784 Depth: 1.5 Value: 6 Station: CB5.1W
 --- UTM-X: 379767 UTM-Y: 4242784 Depth: 2 Value: 5.9 Station: CB5.1W
 --- UTM-X: 379767 UTM-Y: 4242784 Depth: 2.5 Value: 5.45 Station: CB5.1W
 --- UTM-X: 379767 UTM-Y: 4242784 Depth: 3 Value: 5 Station: CB5.1W
 --- UTM-X: 379767 UTM-Y: 4242784 Depth: 3.5 Value: 4.517 Station: CB5.1W
 --- UTM-X: 379767 UTM-Y: 4242784 Depth: 4 Value: 4.033 Station: CB5.1W
 --- UTM-X: 379767 UTM-Y: 4242784 Depth: 4.5 Value: 3.55 Station: CB5.1W
 --- UTM-X: 379767 UTM-Y: 4242784 Depth: 5 Value: 3.067 Station: CB5.1W
 --- UTM-X: 379767 UTM-Y: 4242784 Depth: 5.5 Value: 2.583 Station: CB5.1W
 --- UTM-X: 379767 UTM-Y: 4242784 Depth: 6 Value: 2.1 Station: CB5.1W
 --- UTM-X: 379767 UTM-Y: 4242784 Depth: 6.5 Value: 1.75 Station: CB5.1W
 --- UTM-X: 379767 UTM-Y: 4242784 Depth: 7 Value: 1.4 Station: CB5.1W
 --- UTM-X: 379767 UTM-Y: 4242784 Depth: 7.5 Value: 1.05 Station: CB5.1W
 --- UTM-X: 379767 UTM-Y: 4242784 Depth: 8 Value: 0.7 Station: CB5.1W
 --- UTM-X: 389081 UTM-Y: 4278722 Depth: 0 Value: 7.3 Station: EE2.1
 --- UTM-X: 389081 UTM-Y: 4278722 Depth: 0.5 Value: 7.3 Station: EE2.1
 --- UTM-X: 389081 UTM-Y: 4278722 Depth: 1 Value: 7.3 Station: EE2.1
 --- UTM-X: 389081 UTM-Y: 4278722 Depth: 1.5 Value: 7.2 Station: EE2.1
 --- UTM-X: 389081 UTM-Y: 4278722 Depth: 2 Value: 7.1 Station: EE2.1
 --- UTM-X: 389081 UTM-Y: 4278722 Depth: 2.5 Value: 6.95 Station: EE2.1
 --- UTM-X: 389081 UTM-Y: 4278722 Depth: 3 Value: 6.8 Station: EE2.1
 --- UTM-X: 389081 UTM-Y: 4278722 Depth: 3.5 Value: 6.7 Station: EE2.1
 --- UTM-X: 389081 UTM-Y: 4278722 Depth: 4 Value: 6.6 Station: EE2.1
 --- UTM-X: 389081 UTM-Y: 4278722 Depth: 4.5 Value: 6.5 Station: EE2.1
 --- UTM-X: 389081 UTM-Y: 4278722 Depth: 5 Value: 6.4 Station: EE2.1
 --- UTM-X: 389081 UTM-Y: 4278722 Depth: 5.5 Value: 5.9 Station: EE2.1
 --- UTM-X: 389081 UTM-Y: 4278722 Depth: 6 Value: 5.4 Station: EE2.1
 --- UTM-X: 389081 UTM-Y: 4278722 Depth: 6.5 Value: 4.8 Station: EE2.1
 --- UTM-X: 389081 UTM-Y: 4278722 Depth: 7 Value: 4.2 Station: EE2.1
 --- UTM-X: 385995 UTM-Y: 4265816 Depth: 0 Value: 7.3 Station: EE2.2
 --- UTM-X: 385995 UTM-Y: 4265816 Depth: 0.5 Value: 7.3 Station: EE2.2
 --- UTM-X: 385995 UTM-Y: 4265816 Depth: 1 Value: 7.3 Station: EE2.2
 --- UTM-X: 385995 UTM-Y: 4265816 Depth: 1.5 Value: 7.25 Station: EE2.2
 --- UTM-X: 385995 UTM-Y: 4265816 Depth: 2 Value: 7.2 Station: EE2.2
 --- UTM-X: 385995 UTM-Y: 4265816 Depth: 2.5 Value: 7.15 Station: EE2.2
 --- UTM-X: 385995 UTM-Y: 4265816 Depth: 3 Value: 7.1 Station: EE2.2
 --- UTM-X: 385995 UTM-Y: 4265816 Depth: 3.5 Value: 7.05 Station: EE2.2
 --- UTM-X: 385995 UTM-Y: 4265816 Depth: 4 Value: 7 Station: EE2.2
 --- UTM-X: 385995 UTM-Y: 4265816 Depth: 4.5 Value: 6.8 Station: EE2.2
 --- UTM-X: 385995 UTM-Y: 4265816 Depth: 5 Value: 6.6 Station: EE2.2
 --- UTM-X: 385995 UTM-Y: 4265816 Depth: 5.5 Value: 4.45 Station: EE2.2
 --- UTM-X: 385995 UTM-Y: 4265816 Depth: 6 Value: 2.3 Station: EE2.2
 --- UTM-X: 385995 UTM-Y: 4265816 Depth: 6.5 Value: 1.25 Station: EE2.2
 --- UTM-X: 385995 UTM-Y: 4265816 Depth: 7 Value: 0.2 Station: EE2.2
 --- UTM-X: 385995 UTM-Y: 4265816 Depth: 7.5 Value: 0.15 Station: EE2.2
 --- UTM-X: 385995 UTM-Y: 4265816 Depth: 8 Value: 0.1 Station: EE2.2
 --- UTM-X: 385995 UTM-Y: 4265816 Depth: 8.5 Value: 0.1 Station: EE2.2
 --- UTM-X: 385995 UTM-Y: 4265816 Depth: 9 Value: 0.1 Station: EE2.2
 --- UTM-X: 385995 UTM-Y: 4265816 Depth: 9.5 Value: 0.1 Station: EE2.2
 --- 833 cells were interpolated in region LCHMH.  Subtotal: 73693 total cells.
 ---- Region was calculated in 0 seconds. Segment volume (m^3) = 208250000
 
 - Bathymetry Region ID: 1023  Region Name: HNGMH  Data Points: 219 in data region 1023
 -- Cell Size  E-W: 100  N-S: 100  Vertical: 1
 --- Data in Region ---
 --- UTM-X: 382750 UTM-Y: 4252514 Depth: 0 Value: 7.6 Station: CB4.4
 --- UTM-X: 382750 UTM-Y: 4252514 Depth: 0.5 Value: 7.55 Station: CB4.4
 --- UTM-X: 382750 UTM-Y: 4252514 Depth: 1 Value: 7.5 Station: CB4.4
 --- UTM-X: 382750 UTM-Y: 4252514 Depth: 1.5 Value: 7.45 Station: CB4.4
 --- UTM-X: 382750 UTM-Y: 4252514 Depth: 2 Value: 7.4 Station: CB4.4
 --- UTM-X: 382750 UTM-Y: 4252514 Depth: 2.5 Value: 7.25 Station: CB4.4
 --- UTM-X: 382750 UTM-Y: 4252514 Depth: 3 Value: 7.1 Station: CB4.4
 --- UTM-X: 382750 UTM-Y: 4252514 Depth: 3.5 Value: 6.95 Station: CB4.4
 --- UTM-X: 382750 UTM-Y: 4252514 Depth: 4 Value: 6.8 Station: CB4.4
 --- UTM-X: 382750 UTM-Y: 4252514 Depth: 4.5 Value: 6.6 Station: CB4.4
 --- UTM-X: 382750 UTM-Y: 4252514 Depth: 5 Value: 6.4 Station: CB4.4
 --- UTM-X: 382750 UTM-Y: 4252514 Depth: 5.5 Value: 6.2 Station: CB4.4
 --- UTM-X: 382750 UTM-Y: 4252514 Depth: 6 Value: 6 Station: CB4.4
 --- UTM-X: 382750 UTM-Y: 4252514 Depth: 6.5 Value: 5.45 Station: CB4.4
 --- UTM-X: 382750 UTM-Y: 4252514 Depth: 7 Value: 4.9 Station: CB4.4
 --- UTM-X: 382750 UTM-Y: 4252514 Depth: 7.5 Value: 3.95 Station: CB4.4
 --- UTM-X: 382750 UTM-Y: 4252514 Depth: 8 Value: 3 Station: CB4.4
 --- UTM-X: 382750 UTM-Y: 4252514 Depth: 8.5 Value: 3.05 Station: CB4.4
 --- UTM-X: 382750 UTM-Y: 4252514 Depth: 9 Value: 3.1 Station: CB4.4
 --- UTM-X: 382750 UTM-Y: 4252514 Depth: 9.5 Value: 2.3 Station: CB4.4
 --- UTM-X: 382750 UTM-Y: 4252514 Depth: 10 Value: 1.5 Station: CB4.4
 --- UTM-X: 382750 UTM-Y: 4252514 Depth: 10.5 Value: 0.95 Station: CB4.4
 --- UTM-X: 382750 UTM-Y: 4252514 Depth: 11 Value: 0.4 Station: CB4.4
 --- UTM-X: 382750 UTM-Y: 4252514 Depth: 11.5 Value: 0.35 Station: CB4.4
 --- UTM-X: 382750 UTM-Y: 4252514 Depth: 12 Value: 0.3 Station: CB4.4
 --- UTM-X: 382750 UTM-Y: 4252514 Depth: 12.5 Value: 0.35 Station: CB4.4
 --- UTM-X: 382750 UTM-Y: 4252514 Depth: 13 Value: 0.4 Station: CB4.4
 --- UTM-X: 382750 UTM-Y: 4252514 Depth: 13.5 Value: 0.4 Station: CB4.4
 --- UTM-X: 382750 UTM-Y: 4252514 Depth: 14 Value: 0.4 Station: CB4.4
 --- UTM-X: 382750 UTM-Y: 4252514 Depth: 14.5 Value: 0.4 Station: CB4.4
 --- UTM-X: 382750 UTM-Y: 4252514 Depth: 15 Value: 0.4 Station: CB4.4
 --- UTM-X: 382750 UTM-Y: 4252514 Depth: 15.5 Value: 0.35 Station: CB4.4
 --- UTM-X: 382750 UTM-Y: 4252514 Depth: 16 Value: 0.3 Station: CB4.4
 --- UTM-X: 382750 UTM-Y: 4252514 Depth: 16.5 Value: 0.4 Station: CB4.4
 --- UTM-X: 382750 UTM-Y: 4252514 Depth: 17 Value: 0.5 Station: CB4.4
 --- UTM-X: 382750 UTM-Y: 4252514 Depth: 17.5 Value: 0.5 Station: CB4.4
 --- UTM-X: 382750 UTM-Y: 4252514 Depth: 18 Value: 0.5 Station: CB4.4
 --- UTM-X: 382750 UTM-Y: 4252514 Depth: 18.5 Value: 0.5 Station: CB4.4
 --- UTM-X: 382750 UTM-Y: 4252514 Depth: 19 Value: 0.5 Station: CB4.4
 --- UTM-X: 382750 UTM-Y: 4252514 Depth: 19.5 Value: 0.525 Station: CB4.4
 --- UTM-X: 382750 UTM-Y: 4252514 Depth: 20 Value: 0.55 Station: CB4.4
 --- UTM-X: 382750 UTM-Y: 4252514 Depth: 20.5 Value: 0.575 Station: CB4.4
 --- UTM-X: 382750 UTM-Y: 4252514 Depth: 21 Value: 0.6 Station: CB4.4
 --- UTM-X: 382750 UTM-Y: 4252514 Depth: 21.5 Value: 0.625 Station: CB4.4
 --- UTM-X: 382750 UTM-Y: 4252514 Depth: 22 Value: 0.65 Station: CB4.4
 --- UTM-X: 382750 UTM-Y: 4252514 Depth: 22.5 Value: 0.675 Station: CB4.4
 --- UTM-X: 382750 UTM-Y: 4252514 Depth: 23 Value: 0.7 Station: CB4.4
 --- UTM-X: 382750 UTM-Y: 4252514 Depth: 23.5 Value: 0.775 Station: CB4.4
 --- UTM-X: 382750 UTM-Y: 4252514 Depth: 24 Value: 0.85 Station: CB4.4
 --- UTM-X: 382750 UTM-Y: 4252514 Depth: 24.5 Value: 0.925 Station: CB4.4
 --- UTM-X: 382750 UTM-Y: 4252514 Depth: 25 Value: 1 Station: CB4.4
 --- UTM-X: 382750 UTM-Y: 4252514 Depth: 25.5 Value: 1 Station: CB4.4
 --- UTM-X: 382750 UTM-Y: 4252514 Depth: 26 Value: 1 Station: CB4.4
 --- UTM-X: 382750 UTM-Y: 4252514 Depth: 26.5 Value: 1 Station: CB4.4
 --- UTM-X: 382750 UTM-Y: 4252514 Depth: 27 Value: 1 Station: CB4.4
 --- UTM-X: 382750 UTM-Y: 4252514 Depth: 27.5 Value: 1 Station: CB4.4
 --- UTM-X: 382750 UTM-Y: 4252514 Depth: 28 Value: 1 Station: CB4.4
 --- UTM-X: 386968 UTM-Y: 4241940 Depth: 0 Value: 7.7 Station: CB5.1
 --- UTM-X: 386968 UTM-Y: 4241940 Depth: 0.5 Value: 7.85 Station: CB5.1
 --- UTM-X: 386968 UTM-Y: 4241940 Depth: 1 Value: 8 Station: CB5.1
 --- UTM-X: 386968 UTM-Y: 4241940 Depth: 1.5 Value: 7.8 Station: CB5.1
 --- UTM-X: 386968 UTM-Y: 4241940 Depth: 2 Value: 7.6 Station: CB5.1
 --- UTM-X: 386968 UTM-Y: 4241940 Depth: 2.5 Value: 7.4 Station: CB5.1
 --- UTM-X: 386968 UTM-Y: 4241940 Depth: 3 Value: 7.2 Station: CB5.1
 --- UTM-X: 386968 UTM-Y: 4241940 Depth: 3.5 Value: 7.05 Station: CB5.1
 --- UTM-X: 386968 UTM-Y: 4241940 Depth: 4 Value: 6.9 Station: CB5.1
 --- UTM-X: 386968 UTM-Y: 4241940 Depth: 4.5 Value: 6.55 Station: CB5.1
 --- UTM-X: 386968 UTM-Y: 4241940 Depth: 5 Value: 6.2 Station: CB5.1
 --- UTM-X: 386968 UTM-Y: 4241940 Depth: 5.5 Value: 6.05 Station: CB5.1
 --- UTM-X: 386968 UTM-Y: 4241940 Depth: 6 Value: 5.9 Station: CB5.1
 --- UTM-X: 386968 UTM-Y: 4241940 Depth: 6.5 Value: 5.8 Station: CB5.1
 --- UTM-X: 386968 UTM-Y: 4241940 Depth: 7 Value: 5.7 Station: CB5.1
 --- UTM-X: 386968 UTM-Y: 4241940 Depth: 7.5 Value: 5.5 Station: CB5.1
 --- UTM-X: 386968 UTM-Y: 4241940 Depth: 8 Value: 5.3 Station: CB5.1
 --- UTM-X: 386968 UTM-Y: 4241940 Depth: 8.5 Value: 3.85 Station: CB5.1
 --- UTM-X: 386968 UTM-Y: 4241940 Depth: 9 Value: 2.4 Station: CB5.1
 --- UTM-X: 386968 UTM-Y: 4241940 Depth: 9.5 Value: 1.4 Station: CB5.1
 --- UTM-X: 386968 UTM-Y: 4241940 Depth: 10 Value: 0.4 Station: CB5.1
 --- UTM-X: 386968 UTM-Y: 4241940 Depth: 10.5 Value: 0.35 Station: CB5.1
 --- UTM-X: 386968 UTM-Y: 4241940 Depth: 11 Value: 0.3 Station: CB5.1
 --- UTM-X: 386968 UTM-Y: 4241940 Depth: 11.5 Value: 0.3 Station: CB5.1
 --- UTM-X: 386968 UTM-Y: 4241940 Depth: 12 Value: 0.3 Station: CB5.1
 --- UTM-X: 386968 UTM-Y: 4241940 Depth: 12.5 Value: 0.3 Station: CB5.1
 --- UTM-X: 386968 UTM-Y: 4241940 Depth: 13 Value: 0.3 Station: CB5.1
 --- UTM-X: 386968 UTM-Y: 4241940 Depth: 13.5 Value: 0.3 Station: CB5.1
 --- UTM-X: 386968 UTM-Y: 4241940 Depth: 14 Value: 0.3 Station: CB5.1
 --- UTM-X: 386968 UTM-Y: 4241940 Depth: 14.5 Value: 0.35 Station: CB5.1
 --- UTM-X: 386968 UTM-Y: 4241940 Depth: 15 Value: 0.4 Station: CB5.1
 --- UTM-X: 386968 UTM-Y: 4241940 Depth: 15.5 Value: 0.4 Station: CB5.1
 --- UTM-X: 386968 UTM-Y: 4241940 Depth: 16 Value: 0.4 Station: CB5.1
 --- UTM-X: 386968 UTM-Y: 4241940 Depth: 16.5 Value: 0.4 Station: CB5.1
 --- UTM-X: 386968 UTM-Y: 4241940 Depth: 17 Value: 0.4 Station: CB5.1
 --- UTM-X: 386968 UTM-Y: 4241940 Depth: 17.5 Value: 0.4 Station: CB5.1
 --- UTM-X: 386968 UTM-Y: 4241940 Depth: 18 Value: 0.4 Station: CB5.1
 --- UTM-X: 386968 UTM-Y: 4241940 Depth: 18.5 Value: 0.4 Station: CB5.1
 --- UTM-X: 386968 UTM-Y: 4241940 Depth: 19 Value: 0.4 Station: CB5.1
 --- UTM-X: 386968 UTM-Y: 4241940 Depth: 19.5 Value: 0.425 Station: CB5.1
 --- UTM-X: 386968 UTM-Y: 4241940 Depth: 20 Value: 0.45 Station: CB5.1
 --- UTM-X: 386968 UTM-Y: 4241940 Depth: 20.5 Value: 0.475 Station: CB5.1
 --- UTM-X: 386968 UTM-Y: 4241940 Depth: 21 Value: 0.5 Station: CB5.1
 --- UTM-X: 386968 UTM-Y: 4241940 Depth: 21.5 Value: 0.5 Station: CB5.1
 --- UTM-X: 386968 UTM-Y: 4241940 Depth: 22 Value: 0.5 Station: CB5.1
 --- UTM-X: 386968 UTM-Y: 4241940 Depth: 22.5 Value: 0.5 Station: CB5.1
 --- UTM-X: 386968 UTM-Y: 4241940 Depth: 23 Value: 0.5 Station: CB5.1
 --- UTM-X: 386968 UTM-Y: 4241940 Depth: 23.5 Value: 0.525 Station: CB5.1
 --- UTM-X: 386968 UTM-Y: 4241940 Depth: 24 Value: 0.55 Station: CB5.1
 --- UTM-X: 386968 UTM-Y: 4241940 Depth: 24.5 Value: 0.575 Station: CB5.1
 --- UTM-X: 386968 UTM-Y: 4241940 Depth: 25 Value: 0.6 Station: CB5.1
 --- UTM-X: 386968 UTM-Y: 4241940 Depth: 25.5 Value: 0.625 Station: CB5.1
 --- UTM-X: 386968 UTM-Y: 4241940 Depth: 26 Value: 0.65 Station: CB5.1
 --- UTM-X: 386968 UTM-Y: 4241940 Depth: 26.5 Value: 0.675 Station: CB5.1
 --- UTM-X: 386968 UTM-Y: 4241940 Depth: 27 Value: 0.7 Station: CB5.1
 --- UTM-X: 386968 UTM-Y: 4241940 Depth: 27.5 Value: 0.7 Station: CB5.1
 --- UTM-X: 386968 UTM-Y: 4241940 Depth: 28 Value: 0.7 Station: CB5.1
 --- UTM-X: 386968 UTM-Y: 4241940 Depth: 28.5 Value: 0.7 Station: CB5.1
 --- UTM-X: 386968 UTM-Y: 4241940 Depth: 29 Value: 0.7 Station: CB5.1
 --- UTM-X: 386968 UTM-Y: 4241940 Depth: 29.5 Value: 0.775 Station: CB5.1
 --- UTM-X: 386968 UTM-Y: 4241940 Depth: 30 Value: 0.85 Station: CB5.1
 --- UTM-X: 386968 UTM-Y: 4241940 Depth: 30.5 Value: 0.925 Station: CB5.1
 --- UTM-X: 386968 UTM-Y: 4241940 Depth: 31 Value: 1 Station: CB5.1
 --- UTM-X: 386968 UTM-Y: 4241940 Depth: 31.5 Value: 1 Station: CB5.1
 --- UTM-X: 386968 UTM-Y: 4241940 Depth: 32 Value: 1 Station: CB5.1
 --- UTM-X: 379767 UTM-Y: 4242784 Depth: 0 Value: 6.2 Station: CB5.1W
 --- UTM-X: 379767 UTM-Y: 4242784 Depth: 0.5 Value: 6.15 Station: CB5.1W
 --- UTM-X: 379767 UTM-Y: 4242784 Depth: 1 Value: 6.1 Station: CB5.1W
 --- UTM-X: 379767 UTM-Y: 4242784 Depth: 1.5 Value: 6 Station: CB5.1W
 --- UTM-X: 379767 UTM-Y: 4242784 Depth: 2 Value: 5.9 Station: CB5.1W
 --- UTM-X: 379767 UTM-Y: 4242784 Depth: 2.5 Value: 5.45 Station: CB5.1W
 --- UTM-X: 379767 UTM-Y: 4242784 Depth: 3 Value: 5 Station: CB5.1W
 --- UTM-X: 379767 UTM-Y: 4242784 Depth: 3.5 Value: 4.517 Station: CB5.1W
 --- UTM-X: 379767 UTM-Y: 4242784 Depth: 4 Value: 4.033 Station: CB5.1W
 --- UTM-X: 379767 UTM-Y: 4242784 Depth: 4.5 Value: 3.55 Station: CB5.1W
 --- UTM-X: 379767 UTM-Y: 4242784 Depth: 5 Value: 3.067 Station: CB5.1W
 --- UTM-X: 379767 UTM-Y: 4242784 Depth: 5.5 Value: 2.583 Station: CB5.1W
 --- UTM-X: 379767 UTM-Y: 4242784 Depth: 6 Value: 2.1 Station: CB5.1W
 --- UTM-X: 379767 UTM-Y: 4242784 Depth: 6.5 Value: 1.75 Station: CB5.1W
 --- UTM-X: 379767 UTM-Y: 4242784 Depth: 7 Value: 1.4 Station: CB5.1W
 --- UTM-X: 379767 UTM-Y: 4242784 Depth: 7.5 Value: 1.05 Station: CB5.1W
 --- UTM-X: 379767 UTM-Y: 4242784 Depth: 8 Value: 0.7 Station: CB5.1W
 --- UTM-X: 392384 UTM-Y: 4221705 Depth: 0 Value: 7.4 Station: CB5.2
 --- UTM-X: 392384 UTM-Y: 4221705 Depth: 0.5 Value: 7.4 Station: CB5.2
 --- UTM-X: 392384 UTM-Y: 4221705 Depth: 1 Value: 7.4 Station: CB5.2
 --- UTM-X: 392384 UTM-Y: 4221705 Depth: 1.5 Value: 7.4 Station: CB5.2
 --- UTM-X: 392384 UTM-Y: 4221705 Depth: 2 Value: 7.4 Station: CB5.2
 --- UTM-X: 392384 UTM-Y: 4221705 Depth: 2.5 Value: 7.35 Station: CB5.2
 --- UTM-X: 392384 UTM-Y: 4221705 Depth: 3 Value: 7.3 Station: CB5.2
 --- UTM-X: 392384 UTM-Y: 4221705 Depth: 3.5 Value: 7.25 Station: CB5.2
 --- UTM-X: 392384 UTM-Y: 4221705 Depth: 4 Value: 7.2 Station: CB5.2
 --- UTM-X: 392384 UTM-Y: 4221705 Depth: 4.5 Value: 7.05 Station: CB5.2
 --- UTM-X: 392384 UTM-Y: 4221705 Depth: 5 Value: 6.9 Station: CB5.2
 --- UTM-X: 392384 UTM-Y: 4221705 Depth: 5.5 Value: 6.25 Station: CB5.2
 --- UTM-X: 392384 UTM-Y: 4221705 Depth: 6 Value: 5.6 Station: CB5.2
 --- UTM-X: 392384 UTM-Y: 4221705 Depth: 6.5 Value: 4.3 Station: CB5.2
 --- UTM-X: 392384 UTM-Y: 4221705 Depth: 7 Value: 3 Station: CB5.2
 --- UTM-X: 392384 UTM-Y: 4221705 Depth: 7.5 Value: 1.55 Station: CB5.2
 --- UTM-X: 392384 UTM-Y: 4221705 Depth: 8 Value: 0.1 Station: CB5.2
 --- UTM-X: 392384 UTM-Y: 4221705 Depth: 8.5 Value: 0.1 Station: CB5.2
 --- UTM-X: 392384 UTM-Y: 4221705 Depth: 9 Value: 0.1 Station: CB5.2
 --- UTM-X: 392384 UTM-Y: 4221705 Depth: 9.5 Value: 0.2 Station: CB5.2
 --- UTM-X: 392384 UTM-Y: 4221705 Depth: 10 Value: 0.3 Station: CB5.2
 --- UTM-X: 392384 UTM-Y: 4221705 Depth: 10.5 Value: 0.3 Station: CB5.2
 --- UTM-X: 392384 UTM-Y: 4221705 Depth: 11 Value: 0.3 Station: CB5.2
 --- UTM-X: 392384 UTM-Y: 4221705 Depth: 11.5 Value: 0.25 Station: CB5.2
 --- UTM-X: 392384 UTM-Y: 4221705 Depth: 12 Value: 0.2 Station: CB5.2
 --- UTM-X: 392384 UTM-Y: 4221705 Depth: 12.5 Value: 0.2 Station: CB5.2
 --- UTM-X: 392384 UTM-Y: 4221705 Depth: 13 Value: 0.2 Station: CB5.2
 --- UTM-X: 392384 UTM-Y: 4221705 Depth: 13.5 Value: 0.15 Station: CB5.2
 --- UTM-X: 392384 UTM-Y: 4221705 Depth: 14 Value: 0.1 Station: CB5.2
 --- UTM-X: 392384 UTM-Y: 4221705 Depth: 14.5 Value: 0.1 Station: CB5.2
 --- UTM-X: 392384 UTM-Y: 4221705 Depth: 15 Value: 0.1 Station: CB5.2
 --- UTM-X: 392384 UTM-Y: 4221705 Depth: 15.5 Value: 0.1 Station: CB5.2
 --- UTM-X: 392384 UTM-Y: 4221705 Depth: 16 Value: 0.1 Station: CB5.2
 --- UTM-X: 392384 UTM-Y: 4221705 Depth: 16.5 Value: 0.15 Station: CB5.2
 --- UTM-X: 392384 UTM-Y: 4221705 Depth: 17 Value: 0.2 Station: CB5.2
 --- UTM-X: 392384 UTM-Y: 4221705 Depth: 17.5 Value: 0.2 Station: CB5.2
 --- UTM-X: 392384 UTM-Y: 4221705 Depth: 18 Value: 0.2 Station: CB5.2
 --- UTM-X: 392384 UTM-Y: 4221705 Depth: 18.5 Value: 0.2 Station: CB5.2
 --- UTM-X: 392384 UTM-Y: 4221705 Depth: 19 Value: 0.2 Station: CB5.2
 --- UTM-X: 392384 UTM-Y: 4221705 Depth: 19.5 Value: 0.2 Station: CB5.2
 --- UTM-X: 392384 UTM-Y: 4221705 Depth: 20 Value: 0.2 Station: CB5.2
 --- UTM-X: 392384 UTM-Y: 4221705 Depth: 20.5 Value: 0.2 Station: CB5.2
 --- UTM-X: 392384 UTM-Y: 4221705 Depth: 21 Value: 0.2 Station: CB5.2
 --- UTM-X: 392384 UTM-Y: 4221705 Depth: 21.5 Value: 0.2 Station: CB5.2
 --- UTM-X: 392384 UTM-Y: 4221705 Depth: 22 Value: 0.2 Station: CB5.2
 --- UTM-X: 392384 UTM-Y: 4221705 Depth: 22.5 Value: 0.2 Station: CB5.2
 --- UTM-X: 392384 UTM-Y: 4221705 Depth: 23 Value: 0.2 Station: CB5.2
 --- UTM-X: 392384 UTM-Y: 4221705 Depth: 23.5 Value: 0.2 Station: CB5.2
 --- UTM-X: 392384 UTM-Y: 4221705 Depth: 24 Value: 0.2 Station: CB5.2
 --- UTM-X: 392384 UTM-Y: 4221705 Depth: 24.5 Value: 0.2 Station: CB5.2
 --- UTM-X: 392384 UTM-Y: 4221705 Depth: 25 Value: 0.2 Station: CB5.2
 --- UTM-X: 392384 UTM-Y: 4221705 Depth: 25.5 Value: 0.2 Station: CB5.2
 --- UTM-X: 392384 UTM-Y: 4221705 Depth: 26 Value: 0.2 Station: CB5.2
 --- UTM-X: 392384 UTM-Y: 4221705 Depth: 26.5 Value: 0.2 Station: CB5.2
 --- UTM-X: 392384 UTM-Y: 4221705 Depth: 27 Value: 0.2 Station: CB5.2
 --- UTM-X: 392384 UTM-Y: 4221705 Depth: 27.5 Value: 0.2 Station: CB5.2
 --- UTM-X: 392384 UTM-Y: 4221705 Depth: 28 Value: 0.2 Station: CB5.2
 --- UTM-X: 414660 UTM-Y: 4228468 Depth: 0 Value: 6.8 Station: EE3.1
 --- UTM-X: 414660 UTM-Y: 4228468 Depth: 0.5 Value: 6.8 Station: EE3.1
 --- UTM-X: 414660 UTM-Y: 4228468 Depth: 1 Value: 6.8 Station: EE3.1
 --- UTM-X: 414660 UTM-Y: 4228468 Depth: 1.5 Value: 6.7 Station: EE3.1
 --- UTM-X: 414660 UTM-Y: 4228468 Depth: 2 Value: 6.6 Station: EE3.1
 --- UTM-X: 414660 UTM-Y: 4228468 Depth: 2.5 Value: 6.55 Station: EE3.1
 --- UTM-X: 414660 UTM-Y: 4228468 Depth: 3 Value: 6.5 Station: EE3.1
 --- UTM-X: 414660 UTM-Y: 4228468 Depth: 3.5 Value: 6.55 Station: EE3.1
 --- UTM-X: 414660 UTM-Y: 4228468 Depth: 4 Value: 6.6 Station: EE3.1
 --- UTM-X: 414660 UTM-Y: 4228468 Depth: 4.5 Value: 6.6 Station: EE3.1
 --- UTM-X: 414660 UTM-Y: 4228468 Depth: 5 Value: 6.6 Station: EE3.1
 --- UTM-X: 414660 UTM-Y: 4228468 Depth: 5.5 Value: 6.6 Station: EE3.1
 --- UTM-X: 414660 UTM-Y: 4228468 Depth: 6 Value: 6.6 Station: EE3.1
 --- UTM-X: 414660 UTM-Y: 4228468 Depth: 6.5 Value: 6.6 Station: EE3.1
 --- UTM-X: 414660 UTM-Y: 4228468 Depth: 7 Value: 6.6 Station: EE3.1
 --- UTM-X: 414660 UTM-Y: 4228468 Depth: 7.5 Value: 6.6 Station: EE3.1
 --- UTM-X: 414660 UTM-Y: 4228468 Depth: 8 Value: 6.6 Station: EE3.1
 --- UTM-X: 414660 UTM-Y: 4228468 Depth: 8.5 Value: 6.65 Station: EE3.1
 --- UTM-X: 414660 UTM-Y: 4228468 Depth: 9 Value: 6.7 Station: EE3.1
 --- UTM-X: 414660 UTM-Y: 4228468 Depth: 9.5 Value: 6.7 Station: EE3.1
 --- UTM-X: 414660 UTM-Y: 4228468 Depth: 10 Value: 6.7 Station: EE3.1
 --- UTM-X: 414660 UTM-Y: 4228468 Depth: 10.5 Value: 6.65 Station: EE3.1
 --- UTM-X: 414660 UTM-Y: 4228468 Depth: 11 Value: 6.6 Station: EE3.1
 --- 18568 cells were interpolated in region HNGMH.  Subtotal: 92261 total cells.
 ---- Region was calculated in 0 seconds. Segment volume (m^3) = 185680000
 
 - Bathymetry Region ID: 1024  Region Name: FSBMH  Data Points: 31 in data region 1024
 -- Cell Size  E-W: 1000  N-S: 1000  Vertical: 1
 --- Data in Region ---
 --- UTM-X: 411113 UTM-Y: 4237754 Depth: 0 Value: 6.7 Station: EE3.0
 --- UTM-X: 411113 UTM-Y: 4237754 Depth: 0.5 Value: 6.65 Station: EE3.0
 --- UTM-X: 411113 UTM-Y: 4237754 Depth: 1 Value: 6.6 Station: EE3.0
 --- UTM-X: 411113 UTM-Y: 4237754 Depth: 1.5 Value: 6.55 Station: EE3.0
 --- UTM-X: 411113 UTM-Y: 4237754 Depth: 2 Value: 6.5 Station: EE3.0
 --- UTM-X: 411113 UTM-Y: 4237754 Depth: 2.5 Value: 6.5 Station: EE3.0
 --- UTM-X: 411113 UTM-Y: 4237754 Depth: 3 Value: 6.5 Station: EE3.0
 --- UTM-X: 411113 UTM-Y: 4237754 Depth: 3.5 Value: 6.5 Station: EE3.0
 --- UTM-X: 414660 UTM-Y: 4228468 Depth: 0 Value: 6.8 Station: EE3.1
 --- UTM-X: 414660 UTM-Y: 4228468 Depth: 0.5 Value: 6.8 Station: EE3.1
 --- UTM-X: 414660 UTM-Y: 4228468 Depth: 1 Value: 6.8 Station: EE3.1
 --- UTM-X: 414660 UTM-Y: 4228468 Depth: 1.5 Value: 6.7 Station: EE3.1
 --- UTM-X: 414660 UTM-Y: 4228468 Depth: 2 Value: 6.6 Station: EE3.1
 --- UTM-X: 414660 UTM-Y: 4228468 Depth: 2.5 Value: 6.55 Station: EE3.1
 --- UTM-X: 414660 UTM-Y: 4228468 Depth: 3 Value: 6.5 Station: EE3.1
 --- UTM-X: 414660 UTM-Y: 4228468 Depth: 3.5 Value: 6.55 Station: EE3.1
 --- UTM-X: 414660 UTM-Y: 4228468 Depth: 4 Value: 6.6 Station: EE3.1
 --- UTM-X: 414660 UTM-Y: 4228468 Depth: 4.5 Value: 6.6 Station: EE3.1
 --- UTM-X: 414660 UTM-Y: 4228468 Depth: 5 Value: 6.6 Station: EE3.1
 --- UTM-X: 414660 UTM-Y: 4228468 Depth: 5.5 Value: 6.6 Station: EE3.1
 --- UTM-X: 414660 UTM-Y: 4228468 Depth: 6 Value: 6.6 Station: EE3.1
 --- UTM-X: 414660 UTM-Y: 4228468 Depth: 6.5 Value: 6.6 Station: EE3.1
 --- UTM-X: 414660 UTM-Y: 4228468 Depth: 7 Value: 6.6 Station: EE3.1
 --- UTM-X: 414660 UTM-Y: 4228468 Depth: 7.5 Value: 6.6 Station: EE3.1
 --- UTM-X: 414660 UTM-Y: 4228468 Depth: 8 Value: 6.6 Station: EE3.1
 --- UTM-X: 414660 UTM-Y: 4228468 Depth: 8.5 Value: 6.65 Station: EE3.1
 --- UTM-X: 414660 UTM-Y: 4228468 Depth: 9 Value: 6.7 Station: EE3.1
 --- UTM-X: 414660 UTM-Y: 4228468 Depth: 9.5 Value: 6.7 Station: EE3.1
 --- UTM-X: 414660 UTM-Y: 4228468 Depth: 10 Value: 6.7 Station: EE3.1
 --- UTM-X: 414660 UTM-Y: 4228468 Depth: 10.5 Value: 6.65 Station: EE3.1
 --- UTM-X: 414660 UTM-Y: 4228468 Depth: 11 Value: 6.6 Station: EE3.1
 --- 143 cells were interpolated in region FSBMH.  Subtotal: 92404 total cells.
 ---- Region was calculated in 0 seconds. Segment volume (m^3) = 143000000
 
 - Bathymetry Region ID: 1025  Region Name: NANTF  Data Points: 10 in data region 1025
 -- Cell Size  E-W: 50  N-S: 50  Vertical: 1
 --- Data in Region ---
 --- UTM-X: 437567 UTM-Y: 4265248 Depth: 0 Value: 6.9 Station: ET6.1
 --- UTM-X: 437567 UTM-Y: 4265248 Depth: 0.5 Value: 6.85 Station: ET6.1
 --- UTM-X: 437567 UTM-Y: 4265248 Depth: 1 Value: 6.8 Station: ET6.1
 --- UTM-X: 437567 UTM-Y: 4265248 Depth: 1.5 Value: 6.8 Station: ET6.1
 --- UTM-X: 437567 UTM-Y: 4265248 Depth: 2 Value: 6.8 Station: ET6.1
 --- UTM-X: 437567 UTM-Y: 4265248 Depth: 2.5 Value: 6.8 Station: ET6.1
 --- UTM-X: 437567 UTM-Y: 4265248 Depth: 3 Value: 6.8 Station: ET6.1
 --- UTM-X: 437567 UTM-Y: 4265248 Depth: 3.5 Value: 6.8 Station: ET6.1
 --- UTM-X: 437567 UTM-Y: 4265248 Depth: 4 Value: 6.8 Station: ET6.1
 --- UTM-X: 437567 UTM-Y: 4265248 Depth: 4.5 Value: 6.8 Station: ET6.1
 --- 2646 cells were interpolated in region NANTF.  Subtotal: 95050 total cells.
 ---- Region was calculated in 0 seconds. Segment volume (m^3) = 6615000
 
 - Bathymetry Region ID: 1026  Region Name: NANOH  Data Points: 17 in data region 1026
 -- Cell Size  E-W: 50  N-S: 50  Vertical: 1
 --- Data in Region ---
 --- UTM-X: 437567 UTM-Y: 4265248 Depth: 0 Value: 6.9 Station: ET6.1
 --- UTM-X: 437567 UTM-Y: 4265248 Depth: 0.5 Value: 6.85 Station: ET6.1
 --- UTM-X: 437567 UTM-Y: 4265248 Depth: 1 Value: 6.8 Station: ET6.1
 --- UTM-X: 437567 UTM-Y: 4265248 Depth: 1.5 Value: 6.8 Station: ET6.1
 --- UTM-X: 437567 UTM-Y: 4265248 Depth: 2 Value: 6.8 Station: ET6.1
 --- UTM-X: 437567 UTM-Y: 4265248 Depth: 2.5 Value: 6.8 Station: ET6.1
 --- UTM-X: 437567 UTM-Y: 4265248 Depth: 3 Value: 6.8 Station: ET6.1
 --- UTM-X: 437567 UTM-Y: 4265248 Depth: 3.5 Value: 6.8 Station: ET6.1
 --- UTM-X: 437567 UTM-Y: 4265248 Depth: 4 Value: 6.8 Station: ET6.1
 --- UTM-X: 437567 UTM-Y: 4265248 Depth: 4.5 Value: 6.8 Station: ET6.1
 --- UTM-X: 422828 UTM-Y: 4243182 Depth: 0 Value: 6.8 Station: ET6.2
 --- UTM-X: 422828 UTM-Y: 4243182 Depth: 0.5 Value: 6.7 Station: ET6.2
 --- UTM-X: 422828 UTM-Y: 4243182 Depth: 1 Value: 6.6 Station: ET6.2
 --- UTM-X: 422828 UTM-Y: 4243182 Depth: 1.5 Value: 6.45 Station: ET6.2
 --- UTM-X: 422828 UTM-Y: 4243182 Depth: 2 Value: 6.3 Station: ET6.2
 --- UTM-X: 422828 UTM-Y: 4243182 Depth: 2.5 Value: 6.118 Station: ET6.2
 --- UTM-X: 422828 UTM-Y: 4243182 Depth: 3 Value: 5.936 Station: ET6.2
 --- 18000 cells were interpolated in region NANOH.  Subtotal: 113050 total cells.
 ---- Region was calculated in 0 seconds. Segment volume (m^3) = 45000000
 
 - Bathymetry Region ID: 1027  Region Name: NANMH  Data Points: 30 in data region 1027
 -- Cell Size  E-W: 500  N-S: 500  Vertical: 1
 --- Data in Region ---
 --- UTM-X: 414660 UTM-Y: 4228468 Depth: 0 Value: 6.8 Station: EE3.1
 --- UTM-X: 414660 UTM-Y: 4228468 Depth: 0.5 Value: 6.8 Station: EE3.1
 --- UTM-X: 414660 UTM-Y: 4228468 Depth: 1 Value: 6.8 Station: EE3.1
 --- UTM-X: 414660 UTM-Y: 4228468 Depth: 1.5 Value: 6.7 Station: EE3.1
 --- UTM-X: 414660 UTM-Y: 4228468 Depth: 2 Value: 6.6 Station: EE3.1
 --- UTM-X: 414660 UTM-Y: 4228468 Depth: 2.5 Value: 6.55 Station: EE3.1
 --- UTM-X: 414660 UTM-Y: 4228468 Depth: 3 Value: 6.5 Station: EE3.1
 --- UTM-X: 414660 UTM-Y: 4228468 Depth: 3.5 Value: 6.55 Station: EE3.1
 --- UTM-X: 414660 UTM-Y: 4228468 Depth: 4 Value: 6.6 Station: EE3.1
 --- UTM-X: 414660 UTM-Y: 4228468 Depth: 4.5 Value: 6.6 Station: EE3.1
 --- UTM-X: 414660 UTM-Y: 4228468 Depth: 5 Value: 6.6 Station: EE3.1
 --- UTM-X: 414660 UTM-Y: 4228468 Depth: 5.5 Value: 6.6 Station: EE3.1
 --- UTM-X: 414660 UTM-Y: 4228468 Depth: 6 Value: 6.6 Station: EE3.1
 --- UTM-X: 414660 UTM-Y: 4228468 Depth: 6.5 Value: 6.6 Station: EE3.1
 --- UTM-X: 414660 UTM-Y: 4228468 Depth: 7 Value: 6.6 Station: EE3.1
 --- UTM-X: 414660 UTM-Y: 4228468 Depth: 7.5 Value: 6.6 Station: EE3.1
 --- UTM-X: 414660 UTM-Y: 4228468 Depth: 8 Value: 6.6 Station: EE3.1
 --- UTM-X: 414660 UTM-Y: 4228468 Depth: 8.5 Value: 6.65 Station: EE3.1
 --- UTM-X: 414660 UTM-Y: 4228468 Depth: 9 Value: 6.7 Station: EE3.1
 --- UTM-X: 414660 UTM-Y: 4228468 Depth: 9.5 Value: 6.7 Station: EE3.1
 --- UTM-X: 414660 UTM-Y: 4228468 Depth: 10 Value: 6.7 Station: EE3.1
 --- UTM-X: 414660 UTM-Y: 4228468 Depth: 10.5 Value: 6.65 Station: EE3.1
 --- UTM-X: 414660 UTM-Y: 4228468 Depth: 11 Value: 6.6 Station: EE3.1
 --- UTM-X: 422828 UTM-Y: 4243182 Depth: 0 Value: 6.8 Station: ET6.2
 --- UTM-X: 422828 UTM-Y: 4243182 Depth: 0.5 Value: 6.7 Station: ET6.2
 --- UTM-X: 422828 UTM-Y: 4243182 Depth: 1 Value: 6.6 Station: ET6.2
 --- UTM-X: 422828 UTM-Y: 4243182 Depth: 1.5 Value: 6.45 Station: ET6.2
 --- UTM-X: 422828 UTM-Y: 4243182 Depth: 2 Value: 6.3 Station: ET6.2
 --- UTM-X: 422828 UTM-Y: 4243182 Depth: 2.5 Value: 6.118 Station: ET6.2
 --- UTM-X: 422828 UTM-Y: 4243182 Depth: 3 Value: 5.936 Station: ET6.2
 --- 389 cells were interpolated in region NANMH.  Subtotal: 113439 total cells.
 ---- Region was calculated in 0 seconds. Segment volume (m^3) = 97250000
 
 - Bathymetry Region ID: 1028  Region Name: WICMH  Data Points: 36 in data region 1028
 -- Cell Size  E-W: 100  N-S: 100  Vertical: 1
 --- Data in Region ---
 --- UTM-X: 414660 UTM-Y: 4228468 Depth: 0 Value: 6.8 Station: EE3.1
 --- UTM-X: 414660 UTM-Y: 4228468 Depth: 0.5 Value: 6.8 Station: EE3.1
 --- UTM-X: 414660 UTM-Y: 4228468 Depth: 1 Value: 6.8 Station: EE3.1
 --- UTM-X: 414660 UTM-Y: 4228468 Depth: 1.5 Value: 6.7 Station: EE3.1
 --- UTM-X: 414660 UTM-Y: 4228468 Depth: 2 Value: 6.6 Station: EE3.1
 --- UTM-X: 414660 UTM-Y: 4228468 Depth: 2.5 Value: 6.55 Station: EE3.1
 --- UTM-X: 414660 UTM-Y: 4228468 Depth: 3 Value: 6.5 Station: EE3.1
 --- UTM-X: 414660 UTM-Y: 4228468 Depth: 3.5 Value: 6.55 Station: EE3.1
 --- UTM-X: 414660 UTM-Y: 4228468 Depth: 4 Value: 6.6 Station: EE3.1
 --- UTM-X: 414660 UTM-Y: 4228468 Depth: 4.5 Value: 6.6 Station: EE3.1
 --- UTM-X: 414660 UTM-Y: 4228468 Depth: 5 Value: 6.6 Station: EE3.1
 --- UTM-X: 414660 UTM-Y: 4228468 Depth: 5.5 Value: 6.6 Station: EE3.1
 --- UTM-X: 414660 UTM-Y: 4228468 Depth: 6 Value: 6.6 Station: EE3.1
 --- UTM-X: 414660 UTM-Y: 4228468 Depth: 6.5 Value: 6.6 Station: EE3.1
 --- UTM-X: 414660 UTM-Y: 4228468 Depth: 7 Value: 6.6 Station: EE3.1
 --- UTM-X: 414660 UTM-Y: 4228468 Depth: 7.5 Value: 6.6 Station: EE3.1
 --- UTM-X: 414660 UTM-Y: 4228468 Depth: 8 Value: 6.6 Station: EE3.1
 --- UTM-X: 414660 UTM-Y: 4228468 Depth: 8.5 Value: 6.65 Station: EE3.1
 --- UTM-X: 414660 UTM-Y: 4228468 Depth: 9 Value: 6.7 Station: EE3.1
 --- UTM-X: 414660 UTM-Y: 4228468 Depth: 9.5 Value: 6.7 Station: EE3.1
 --- UTM-X: 414660 UTM-Y: 4228468 Depth: 10 Value: 6.7 Station: EE3.1
 --- UTM-X: 414660 UTM-Y: 4228468 Depth: 10.5 Value: 6.65 Station: EE3.1
 --- UTM-X: 414660 UTM-Y: 4228468 Depth: 11 Value: 6.6 Station: EE3.1
 --- UTM-X: 430776 UTM-Y: 4235712 Depth: 0 Value: 6.1 Station: ET7.1
 --- UTM-X: 430776 UTM-Y: 4235712 Depth: 0.5 Value: 5.95 Station: ET7.1
 --- UTM-X: 430776 UTM-Y: 4235712 Depth: 1 Value: 5.8 Station: ET7.1
 --- UTM-X: 430776 UTM-Y: 4235712 Depth: 1.5 Value: 5.7 Station: ET7.1
 --- UTM-X: 430776 UTM-Y: 4235712 Depth: 2 Value: 5.6 Station: ET7.1
 --- UTM-X: 430776 UTM-Y: 4235712 Depth: 2.5 Value: 5.6 Station: ET7.1
 --- UTM-X: 430776 UTM-Y: 4235712 Depth: 3 Value: 5.6 Station: ET7.1
 --- UTM-X: 430776 UTM-Y: 4235712 Depth: 3.5 Value: 5.55 Station: ET7.1
 --- UTM-X: 430776 UTM-Y: 4235712 Depth: 4 Value: 5.5 Station: ET7.1
 --- UTM-X: 430776 UTM-Y: 4235712 Depth: 4.5 Value: 5.55 Station: ET7.1
 --- UTM-X: 430776 UTM-Y: 4235712 Depth: 5 Value: 5.6 Station: ET7.1
 --- UTM-X: 430776 UTM-Y: 4235712 Depth: 5.5 Value: 5.65 Station: ET7.1
 --- UTM-X: 430776 UTM-Y: 4235712 Depth: 6 Value: 5.7 Station: ET7.1
 --- 5642 cells were interpolated in region WICMH.  Subtotal: 119081 total cells.
 ---- Region was calculated in 0 seconds. Segment volume (m^3) = 56420000
 
 - Bathymetry Region ID: 1029  Region Name: MANMH  Data Points: 11 in data region 1029
 -- Cell Size  E-W: 500  N-S: 500  Vertical: 1
 --- Data in Region ---
 --- UTM-X: 428467 UTM-Y: 4221862 Depth: 0 Value: 6.4 Station: ET8.1
 --- UTM-X: 428467 UTM-Y: 4221862 Depth: 0.5 Value: 6.4 Station: ET8.1
 --- UTM-X: 428467 UTM-Y: 4221862 Depth: 1 Value: 6.4 Station: ET8.1
 --- UTM-X: 428467 UTM-Y: 4221862 Depth: 1.5 Value: 6.3 Station: ET8.1
 --- UTM-X: 428467 UTM-Y: 4221862 Depth: 2 Value: 6.2 Station: ET8.1
 --- UTM-X: 428467 UTM-Y: 4221862 Depth: 2.5 Value: 6.2 Station: ET8.1
 --- UTM-X: 428467 UTM-Y: 4221862 Depth: 3 Value: 6.2 Station: ET8.1
 --- UTM-X: 428467 UTM-Y: 4221862 Depth: 3.5 Value: 6.1 Station: ET8.1
 --- UTM-X: 428467 UTM-Y: 4221862 Depth: 4 Value: 6 Station: ET8.1
 --- UTM-X: 428467 UTM-Y: 4221862 Depth: 4.5 Value: 5.9 Station: ET8.1
 --- UTM-X: 428467 UTM-Y: 4221862 Depth: 5 Value: 5.8 Station: ET8.1
 --- 358 cells were interpolated in region MANMH.  Subtotal: 119439 total cells.
 ---- Region was calculated in 0 seconds. Segment volume (m^3) = 89500000
 
 - Bathymetry Region ID: 1030  Region Name: BIGMH  Data Points: 65 in data region 1030
 -- Cell Size  E-W: 250  N-S: 250  Vertical: 1
 --- Data in Region ---
 --- UTM-X: 418794 UTM-Y: 4204010 Depth: 0 Value: 7.5 Station: EE3.2
 --- UTM-X: 418794 UTM-Y: 4204010 Depth: 0.5 Value: 7.45 Station: EE3.2
 --- UTM-X: 418794 UTM-Y: 4204010 Depth: 1 Value: 7.4 Station: EE3.2
 --- UTM-X: 418794 UTM-Y: 4204010 Depth: 1.5 Value: 7.35 Station: EE3.2
 --- UTM-X: 418794 UTM-Y: 4204010 Depth: 2 Value: 7.3 Station: EE3.2
 --- UTM-X: 418794 UTM-Y: 4204010 Depth: 2.5 Value: 7.2 Station: EE3.2
 --- UTM-X: 418794 UTM-Y: 4204010 Depth: 3 Value: 7.1 Station: EE3.2
 --- UTM-X: 418794 UTM-Y: 4204010 Depth: 3.5 Value: 6.975 Station: EE3.2
 --- UTM-X: 418794 UTM-Y: 4204010 Depth: 4 Value: 6.85 Station: EE3.2
 --- UTM-X: 418794 UTM-Y: 4204010 Depth: 4.5 Value: 6.725 Station: EE3.2
 --- UTM-X: 418794 UTM-Y: 4204010 Depth: 5 Value: 6.6 Station: EE3.2
 --- UTM-X: 418794 UTM-Y: 4204010 Depth: 5.5 Value: 6.6 Station: EE3.2
 --- UTM-X: 418794 UTM-Y: 4204010 Depth: 6 Value: 6.6 Station: EE3.2
 --- UTM-X: 418794 UTM-Y: 4204010 Depth: 6.5 Value: 6.6 Station: EE3.2
 --- UTM-X: 418794 UTM-Y: 4204010 Depth: 7 Value: 6.6 Station: EE3.2
 --- UTM-X: 418794 UTM-Y: 4204010 Depth: 7.5 Value: 6.625 Station: EE3.2
 --- UTM-X: 418794 UTM-Y: 4204010 Depth: 8 Value: 6.65 Station: EE3.2
 --- UTM-X: 418794 UTM-Y: 4204010 Depth: 8.5 Value: 6.675 Station: EE3.2
 --- UTM-X: 418794 UTM-Y: 4204010 Depth: 9 Value: 6.7 Station: EE3.2
 --- UTM-X: 418794 UTM-Y: 4204010 Depth: 9.5 Value: 6.65 Station: EE3.2
 --- UTM-X: 418794 UTM-Y: 4204010 Depth: 10 Value: 6.6 Station: EE3.2
 --- UTM-X: 418794 UTM-Y: 4204010 Depth: 10.5 Value: 6.55 Station: EE3.2
 --- UTM-X: 418794 UTM-Y: 4204010 Depth: 11 Value: 6.5 Station: EE3.2
 --- UTM-X: 418794 UTM-Y: 4204010 Depth: 11.5 Value: 6.45 Station: EE3.2
 --- UTM-X: 418794 UTM-Y: 4204010 Depth: 12 Value: 6.4 Station: EE3.2
 --- UTM-X: 418794 UTM-Y: 4204010 Depth: 12.5 Value: 6.35 Station: EE3.2
 --- UTM-X: 418794 UTM-Y: 4204010 Depth: 13 Value: 6.3 Station: EE3.2
 --- UTM-X: 418794 UTM-Y: 4204010 Depth: 13.5 Value: 6.25 Station: EE3.2
 --- UTM-X: 418794 UTM-Y: 4204010 Depth: 14 Value: 6.2 Station: EE3.2
 --- UTM-X: 418794 UTM-Y: 4204010 Depth: 14.5 Value: 6.15 Station: EE3.2
 --- UTM-X: 418794 UTM-Y: 4204010 Depth: 15 Value: 6.1 Station: EE3.2
 --- UTM-X: 418794 UTM-Y: 4204010 Depth: 15.5 Value: 6.025 Station: EE3.2
 --- UTM-X: 418794 UTM-Y: 4204010 Depth: 16 Value: 5.95 Station: EE3.2
 --- UTM-X: 418794 UTM-Y: 4204010 Depth: 16.5 Value: 5.875 Station: EE3.2
 --- UTM-X: 418794 UTM-Y: 4204010 Depth: 17 Value: 5.8 Station: EE3.2
 --- UTM-X: 418794 UTM-Y: 4204010 Depth: 17.5 Value: 5.8 Station: EE3.2
 --- UTM-X: 418794 UTM-Y: 4204010 Depth: 18 Value: 5.8 Station: EE3.2
 --- UTM-X: 418794 UTM-Y: 4204010 Depth: 18.5 Value: 5.7 Station: EE3.2
 --- UTM-X: 418794 UTM-Y: 4204010 Depth: 19 Value: 5.6 Station: EE3.2
 --- UTM-X: 418794 UTM-Y: 4204010 Depth: 19.5 Value: 5.575 Station: EE3.2
 --- UTM-X: 418794 UTM-Y: 4204010 Depth: 20 Value: 5.55 Station: EE3.2
 --- UTM-X: 418794 UTM-Y: 4204010 Depth: 20.5 Value: 5.525 Station: EE3.2
 --- UTM-X: 418794 UTM-Y: 4204010 Depth: 21 Value: 5.5 Station: EE3.2
 --- UTM-X: 418794 UTM-Y: 4204010 Depth: 21.5 Value: 5.475 Station: EE3.2
 --- UTM-X: 418794 UTM-Y: 4204010 Depth: 22 Value: 5.45 Station: EE3.2
 --- UTM-X: 418794 UTM-Y: 4204010 Depth: 22.5 Value: 5.425 Station: EE3.2
 --- UTM-X: 418794 UTM-Y: 4204010 Depth: 23 Value: 5.4 Station: EE3.2
 --- UTM-X: 418794 UTM-Y: 4204010 Depth: 23.5 Value: 5.4 Station: EE3.2
 --- UTM-X: 418794 UTM-Y: 4204010 Depth: 24 Value: 5.4 Station: EE3.2
 --- UTM-X: 418794 UTM-Y: 4204010 Depth: 24.5 Value: 5.4 Station: EE3.2
 --- UTM-X: 418794 UTM-Y: 4204010 Depth: 25 Value: 5.4 Station: EE3.2
 --- UTM-X: 418794 UTM-Y: 4204010 Depth: 25.5 Value: 5.4 Station: EE3.2
 --- UTM-X: 418794 UTM-Y: 4204010 Depth: 26 Value: 5.4 Station: EE3.2
 --- UTM-X: 418794 UTM-Y: 4204010 Depth: 26.5 Value: 5.4 Station: EE3.2
 --- UTM-X: 429117 UTM-Y: 4212609 Depth: 0 Value: 7.2 Station: ET9.1
 --- UTM-X: 429117 UTM-Y: 4212609 Depth: 0.5 Value: 7.2 Station: ET9.1
 --- UTM-X: 429117 UTM-Y: 4212609 Depth: 1 Value: 7.2 Station: ET9.1
 --- UTM-X: 429117 UTM-Y: 4212609 Depth: 1.5 Value: 7.05 Station: ET9.1
 --- UTM-X: 429117 UTM-Y: 4212609 Depth: 2 Value: 6.9 Station: ET9.1
 --- UTM-X: 429117 UTM-Y: 4212609 Depth: 2.5 Value: 6.9 Station: ET9.1
 --- UTM-X: 429117 UTM-Y: 4212609 Depth: 3 Value: 6.9 Station: ET9.1
 --- UTM-X: 429117 UTM-Y: 4212609 Depth: 3.5 Value: 6.75 Station: ET9.1
 --- UTM-X: 429117 UTM-Y: 4212609 Depth: 4 Value: 6.6 Station: ET9.1
 --- UTM-X: 429117 UTM-Y: 4212609 Depth: 4.5 Value: 6.5 Station: ET9.1
 --- UTM-X: 429117 UTM-Y: 4212609 Depth: 5 Value: 6.4 Station: ET9.1
 --- 698 cells were interpolated in region BIGMH.  Subtotal: 120137 total cells.
 ---- Region was calculated in 0 seconds. Segment volume (m^3) = 43625000
 
 - Bathymetry Region ID: 1031  Region Name: POCTF  Data Points: 26 in data region 1031
 -- Cell Size  E-W: 50  N-S: 50  Vertical: 1
 --- Data in Region ---
 --- UTM-X: 432666 UTM-Y: 4199634 Depth: 0 Value: 6.5 Station: EE3.3
 --- UTM-X: 432666 UTM-Y: 4199634 Depth: 0.5 Value: 6.5 Station: EE3.3
 --- UTM-X: 432666 UTM-Y: 4199634 Depth: 1 Value: 6.5 Station: EE3.3
 --- UTM-X: 432666 UTM-Y: 4199634 Depth: 1.5 Value: 6.5 Station: EE3.3
 --- UTM-X: 432666 UTM-Y: 4199634 Depth: 2 Value: 6.5 Station: EE3.3
 --- UTM-X: 432666 UTM-Y: 4199634 Depth: 2.5 Value: 6.458 Station: EE3.3
 --- UTM-X: 432666 UTM-Y: 4199634 Depth: 3 Value: 6.417 Station: EE3.3
 --- UTM-X: 430437 UTM-Y: 4195954 Depth: 0 Value: 7.57 Station: EE3.4
 --- UTM-X: 430437 UTM-Y: 4195954 Depth: 0.5 Value: 7.57 Station: EE3.4
 --- UTM-X: 430437 UTM-Y: 4195954 Depth: 1 Value: 7.57 Station: EE3.4
 --- UTM-X: 430437 UTM-Y: 4195954 Depth: 1.5 Value: 7.68 Station: EE3.4
 --- UTM-X: 430437 UTM-Y: 4195954 Depth: 2 Value: 7.79 Station: EE3.4
 --- UTM-X: 430437 UTM-Y: 4195954 Depth: 2.5 Value: 7.73 Station: EE3.4
 --- UTM-X: 430437 UTM-Y: 4195954 Depth: 3 Value: 7.67 Station: EE3.4
 --- UTM-X: 450335 UTM-Y: 4215226 Depth: 0 Value: 3.7 Station: ET10.1
 --- UTM-X: 450335 UTM-Y: 4215226 Depth: 0.5 Value: 3.65 Station: ET10.1
 --- UTM-X: 450335 UTM-Y: 4215226 Depth: 1 Value: 3.6 Station: ET10.1
 --- UTM-X: 450335 UTM-Y: 4215226 Depth: 1.5 Value: 3.6 Station: ET10.1
 --- UTM-X: 450335 UTM-Y: 4215226 Depth: 2 Value: 3.6 Station: ET10.1
 --- UTM-X: 450335 UTM-Y: 4215226 Depth: 2.5 Value: 3.6 Station: ET10.1
 --- UTM-X: 450335 UTM-Y: 4215226 Depth: 3 Value: 3.6 Station: ET10.1
 --- UTM-X: 450335 UTM-Y: 4215226 Depth: 3.5 Value: 3.6 Station: ET10.1
 --- UTM-X: 450335 UTM-Y: 4215226 Depth: 4 Value: 3.6 Station: ET10.1
 --- UTM-X: 450335 UTM-Y: 4215226 Depth: 4.5 Value: 3.6 Station: ET10.1
 --- UTM-X: 450335 UTM-Y: 4215226 Depth: 5 Value: 3.6 Station: ET10.1
 --- UTM-X: 450335 UTM-Y: 4215226 Depth: 5.5 Value: 3.6 Station: ET10.1
 --- 1788 cells were interpolated in region POCTF.  Subtotal: 121925 total cells.
 ---- Region was calculated in 0 seconds. Segment volume (m^3) = 4470000
 
 - Bathymetry Region ID: 1032  Region Name: POCOH  Data Points: 26 in data region 1032
 -- Cell Size  E-W: 50  N-S: 50  Vertical: 1
 --- Data in Region ---
 --- UTM-X: 432666 UTM-Y: 4199634 Depth: 0 Value: 6.5 Station: EE3.3
 --- UTM-X: 432666 UTM-Y: 4199634 Depth: 0.5 Value: 6.5 Station: EE3.3
 --- UTM-X: 432666 UTM-Y: 4199634 Depth: 1 Value: 6.5 Station: EE3.3
 --- UTM-X: 432666 UTM-Y: 4199634 Depth: 1.5 Value: 6.5 Station: EE3.3
 --- UTM-X: 432666 UTM-Y: 4199634 Depth: 2 Value: 6.5 Station: EE3.3
 --- UTM-X: 432666 UTM-Y: 4199634 Depth: 2.5 Value: 6.458 Station: EE3.3
 --- UTM-X: 432666 UTM-Y: 4199634 Depth: 3 Value: 6.417 Station: EE3.3
 --- UTM-X: 430437 UTM-Y: 4195954 Depth: 0 Value: 7.57 Station: EE3.4
 --- UTM-X: 430437 UTM-Y: 4195954 Depth: 0.5 Value: 7.57 Station: EE3.4
 --- UTM-X: 430437 UTM-Y: 4195954 Depth: 1 Value: 7.57 Station: EE3.4
 --- UTM-X: 430437 UTM-Y: 4195954 Depth: 1.5 Value: 7.68 Station: EE3.4
 --- UTM-X: 430437 UTM-Y: 4195954 Depth: 2 Value: 7.79 Station: EE3.4
 --- UTM-X: 430437 UTM-Y: 4195954 Depth: 2.5 Value: 7.73 Station: EE3.4
 --- UTM-X: 430437 UTM-Y: 4195954 Depth: 3 Value: 7.67 Station: EE3.4
 --- UTM-X: 450335 UTM-Y: 4215226 Depth: 0 Value: 3.7 Station: ET10.1
 --- UTM-X: 450335 UTM-Y: 4215226 Depth: 0.5 Value: 3.65 Station: ET10.1
 --- UTM-X: 450335 UTM-Y: 4215226 Depth: 1 Value: 3.6 Station: ET10.1
 --- UTM-X: 450335 UTM-Y: 4215226 Depth: 1.5 Value: 3.6 Station: ET10.1
 --- UTM-X: 450335 UTM-Y: 4215226 Depth: 2 Value: 3.6 Station: ET10.1
 --- UTM-X: 450335 UTM-Y: 4215226 Depth: 2.5 Value: 3.6 Station: ET10.1
 --- UTM-X: 450335 UTM-Y: 4215226 Depth: 3 Value: 3.6 Station: ET10.1
 --- UTM-X: 450335 UTM-Y: 4215226 Depth: 3.5 Value: 3.6 Station: ET10.1
 --- UTM-X: 450335 UTM-Y: 4215226 Depth: 4 Value: 3.6 Station: ET10.1
 --- UTM-X: 450335 UTM-Y: 4215226 Depth: 4.5 Value: 3.6 Station: ET10.1
 --- UTM-X: 450335 UTM-Y: 4215226 Depth: 5 Value: 3.6 Station: ET10.1
 --- UTM-X: 450335 UTM-Y: 4215226 Depth: 5.5 Value: 3.6 Station: ET10.1
 --- 7200 cells were interpolated in region POCOH.  Subtotal: 129125 total cells.
 ---- Region was calculated in 0 seconds. Segment volume (m^3) = 18000000
 
 - Bathymetry Region ID: 1033  Region Name: POCMH  Data Points: 213 in data region 1033
 -- Cell Size  E-W: 500  N-S: 500  Vertical: 1
 --- Data in Region ---
 --- UTM-X: 412737 UTM-Y: 4171156 Depth: 0 Value: 9.21 Station: CB7.1
 --- UTM-X: 412737 UTM-Y: 4171156 Depth: 0.5 Value: 9.21 Station: CB7.1
 --- UTM-X: 412737 UTM-Y: 4171156 Depth: 1 Value: 9.21 Station: CB7.1
 --- UTM-X: 412737 UTM-Y: 4171156 Depth: 1.5 Value: 9.205 Station: CB7.1
 --- UTM-X: 412737 UTM-Y: 4171156 Depth: 2 Value: 9.2 Station: CB7.1
 --- UTM-X: 412737 UTM-Y: 4171156 Depth: 2.5 Value: 8.675 Station: CB7.1
 --- UTM-X: 412737 UTM-Y: 4171156 Depth: 3 Value: 8.15 Station: CB7.1
 --- UTM-X: 412737 UTM-Y: 4171156 Depth: 3.5 Value: 7.725 Station: CB7.1
 --- UTM-X: 412737 UTM-Y: 4171156 Depth: 4 Value: 7.3 Station: CB7.1
 --- UTM-X: 412737 UTM-Y: 4171156 Depth: 4.5 Value: 7.08 Station: CB7.1
 --- UTM-X: 412737 UTM-Y: 4171156 Depth: 5 Value: 6.86 Station: CB7.1
 --- UTM-X: 412737 UTM-Y: 4171156 Depth: 5.5 Value: 6.27 Station: CB7.1
 --- UTM-X: 412737 UTM-Y: 4171156 Depth: 6 Value: 5.68 Station: CB7.1
 --- UTM-X: 412737 UTM-Y: 4171156 Depth: 6.5 Value: 5.185 Station: CB7.1
 --- UTM-X: 412737 UTM-Y: 4171156 Depth: 7 Value: 4.69 Station: CB7.1
 --- UTM-X: 412737 UTM-Y: 4171156 Depth: 7.5 Value: 4.25 Station: CB7.1
 --- UTM-X: 412737 UTM-Y: 4171156 Depth: 8 Value: 3.81 Station: CB7.1
 --- UTM-X: 412737 UTM-Y: 4171156 Depth: 8.5 Value: 3.38 Station: CB7.1
 --- UTM-X: 412737 UTM-Y: 4171156 Depth: 9 Value: 2.95 Station: CB7.1
 --- UTM-X: 412737 UTM-Y: 4171156 Depth: 9.5 Value: 2.705 Station: CB7.1
 --- UTM-X: 412737 UTM-Y: 4171156 Depth: 10 Value: 2.46 Station: CB7.1
 --- UTM-X: 412737 UTM-Y: 4171156 Depth: 10.5 Value: 2.555 Station: CB7.1
 --- UTM-X: 412737 UTM-Y: 4171156 Depth: 11 Value: 2.65 Station: CB7.1
 --- UTM-X: 412737 UTM-Y: 4171156 Depth: 11.5 Value: 2.35 Station: CB7.1
 --- UTM-X: 412737 UTM-Y: 4171156 Depth: 12 Value: 2.05 Station: CB7.1
 --- UTM-X: 412737 UTM-Y: 4171156 Depth: 12.5 Value: 2.075 Station: CB7.1
 --- UTM-X: 412737 UTM-Y: 4171156 Depth: 13 Value: 2.1 Station: CB7.1
 --- UTM-X: 412737 UTM-Y: 4171156 Depth: 13.5 Value: 2.16 Station: CB7.1
 --- UTM-X: 412737 UTM-Y: 4171156 Depth: 14 Value: 2.22 Station: CB7.1
 --- UTM-X: 412737 UTM-Y: 4171156 Depth: 14.5 Value: 2.285 Station: CB7.1
 --- UTM-X: 412737 UTM-Y: 4171156 Depth: 15 Value: 2.35 Station: CB7.1
 --- UTM-X: 412737 UTM-Y: 4171156 Depth: 15.5 Value: 2.425 Station: CB7.1
 --- UTM-X: 412737 UTM-Y: 4171156 Depth: 16 Value: 2.5 Station: CB7.1
 --- UTM-X: 414166 UTM-Y: 4181313 Depth: 0 Value: 8.01 Station: CB7.1N
 --- UTM-X: 414166 UTM-Y: 4181313 Depth: 0.5 Value: 8.01 Station: CB7.1N
 --- UTM-X: 414166 UTM-Y: 4181313 Depth: 1 Value: 8.01 Station: CB7.1N
 --- UTM-X: 414166 UTM-Y: 4181313 Depth: 1.5 Value: 7.92 Station: CB7.1N
 --- UTM-X: 414166 UTM-Y: 4181313 Depth: 2 Value: 7.83 Station: CB7.1N
 --- UTM-X: 414166 UTM-Y: 4181313 Depth: 2.5 Value: 7.835 Station: CB7.1N
 --- UTM-X: 414166 UTM-Y: 4181313 Depth: 3 Value: 7.84 Station: CB7.1N
 --- UTM-X: 414166 UTM-Y: 4181313 Depth: 3.5 Value: 7.87 Station: CB7.1N
 --- UTM-X: 414166 UTM-Y: 4181313 Depth: 4 Value: 7.9 Station: CB7.1N
 --- UTM-X: 414166 UTM-Y: 4181313 Depth: 4.5 Value: 7.925 Station: CB7.1N
 --- UTM-X: 414166 UTM-Y: 4181313 Depth: 5 Value: 7.95 Station: CB7.1N
 --- UTM-X: 414166 UTM-Y: 4181313 Depth: 5.5 Value: 7.935 Station: CB7.1N
 --- UTM-X: 414166 UTM-Y: 4181313 Depth: 6 Value: 7.92 Station: CB7.1N
 --- UTM-X: 414166 UTM-Y: 4181313 Depth: 6.5 Value: 7.905 Station: CB7.1N
 --- UTM-X: 414166 UTM-Y: 4181313 Depth: 7 Value: 7.89 Station: CB7.1N
 --- UTM-X: 414166 UTM-Y: 4181313 Depth: 7.5 Value: 7.875 Station: CB7.1N
 --- UTM-X: 414166 UTM-Y: 4181313 Depth: 8 Value: 7.86 Station: CB7.1N
 --- UTM-X: 414166 UTM-Y: 4181313 Depth: 8.5 Value: 7.835 Station: CB7.1N
 --- UTM-X: 414166 UTM-Y: 4181313 Depth: 9 Value: 7.81 Station: CB7.1N
 --- UTM-X: 414166 UTM-Y: 4181313 Depth: 9.5 Value: 7.78 Station: CB7.1N
 --- UTM-X: 414166 UTM-Y: 4181313 Depth: 10 Value: 7.75 Station: CB7.1N
 --- UTM-X: 414166 UTM-Y: 4181313 Depth: 10.5 Value: 7.68 Station: CB7.1N
 --- UTM-X: 414166 UTM-Y: 4181313 Depth: 11 Value: 7.61 Station: CB7.1N
 --- UTM-X: 414166 UTM-Y: 4181313 Depth: 11.5 Value: 7.555 Station: CB7.1N
 --- UTM-X: 414166 UTM-Y: 4181313 Depth: 12 Value: 7.5 Station: CB7.1N
 --- UTM-X: 414166 UTM-Y: 4181313 Depth: 12.5 Value: 7.32 Station: CB7.1N
 --- UTM-X: 414166 UTM-Y: 4181313 Depth: 13 Value: 7.14 Station: CB7.1N
 --- UTM-X: 414166 UTM-Y: 4181313 Depth: 13.5 Value: 6.01 Station: CB7.1N
 --- UTM-X: 414166 UTM-Y: 4181313 Depth: 14 Value: 4.88 Station: CB7.1N
 --- UTM-X: 414166 UTM-Y: 4181313 Depth: 14.5 Value: 4.865 Station: CB7.1N
 --- UTM-X: 414166 UTM-Y: 4181313 Depth: 15 Value: 4.85 Station: CB7.1N
 --- UTM-X: 414166 UTM-Y: 4181313 Depth: 15.5 Value: 4.865 Station: CB7.1N
 --- UTM-X: 414166 UTM-Y: 4181313 Depth: 16 Value: 4.88 Station: CB7.1N
 --- UTM-X: 414166 UTM-Y: 4181313 Depth: 16.5 Value: 4.885 Station: CB7.1N
 --- UTM-X: 414166 UTM-Y: 4181313 Depth: 17 Value: 4.89 Station: CB7.1N
 --- UTM-X: 414166 UTM-Y: 4181313 Depth: 17.5 Value: 4.87 Station: CB7.1N
 --- UTM-X: 414166 UTM-Y: 4181313 Depth: 18 Value: 4.85 Station: CB7.1N
 --- UTM-X: 414166 UTM-Y: 4181313 Depth: 18.5 Value: 4.76 Station: CB7.1N
 --- UTM-X: 414166 UTM-Y: 4181313 Depth: 19 Value: 4.67 Station: CB7.1N
 --- UTM-X: 414166 UTM-Y: 4181313 Depth: 19.5 Value: 4.525 Station: CB7.1N
 --- UTM-X: 414166 UTM-Y: 4181313 Depth: 20 Value: 4.38 Station: CB7.1N
 --- UTM-X: 414166 UTM-Y: 4181313 Depth: 20.5 Value: 4.315 Station: CB7.1N
 --- UTM-X: 414166 UTM-Y: 4181313 Depth: 21 Value: 4.25 Station: CB7.1N
 --- UTM-X: 414166 UTM-Y: 4181313 Depth: 21.5 Value: 4.07 Station: CB7.1N
 --- UTM-X: 414166 UTM-Y: 4181313 Depth: 22 Value: 3.89 Station: CB7.1N
 --- UTM-X: 414166 UTM-Y: 4181313 Depth: 22.5 Value: 3.895 Station: CB7.1N
 --- UTM-X: 414166 UTM-Y: 4181313 Depth: 23 Value: 3.9 Station: CB7.1N
 --- UTM-X: 414166 UTM-Y: 4181313 Depth: 23.5 Value: 3.935 Station: CB7.1N
 --- UTM-X: 414166 UTM-Y: 4181313 Depth: 24 Value: 3.97 Station: CB7.1N
 --- UTM-X: 418794 UTM-Y: 4204010 Depth: 0 Value: 7.5 Station: EE3.2
 --- UTM-X: 418794 UTM-Y: 4204010 Depth: 0.5 Value: 7.45 Station: EE3.2
 --- UTM-X: 418794 UTM-Y: 4204010 Depth: 1 Value: 7.4 Station: EE3.2
 --- UTM-X: 418794 UTM-Y: 4204010 Depth: 1.5 Value: 7.35 Station: EE3.2
 --- UTM-X: 418794 UTM-Y: 4204010 Depth: 2 Value: 7.3 Station: EE3.2
 --- UTM-X: 418794 UTM-Y: 4204010 Depth: 2.5 Value: 7.2 Station: EE3.2
 --- UTM-X: 418794 UTM-Y: 4204010 Depth: 3 Value: 7.1 Station: EE3.2
 --- UTM-X: 418794 UTM-Y: 4204010 Depth: 3.5 Value: 6.975 Station: EE3.2
 --- UTM-X: 418794 UTM-Y: 4204010 Depth: 4 Value: 6.85 Station: EE3.2
 --- UTM-X: 418794 UTM-Y: 4204010 Depth: 4.5 Value: 6.725 Station: EE3.2
 --- UTM-X: 418794 UTM-Y: 4204010 Depth: 5 Value: 6.6 Station: EE3.2
 --- UTM-X: 418794 UTM-Y: 4204010 Depth: 5.5 Value: 6.6 Station: EE3.2
 --- UTM-X: 418794 UTM-Y: 4204010 Depth: 6 Value: 6.6 Station: EE3.2
 --- UTM-X: 418794 UTM-Y: 4204010 Depth: 6.5 Value: 6.6 Station: EE3.2
 --- UTM-X: 418794 UTM-Y: 4204010 Depth: 7 Value: 6.6 Station: EE3.2
 --- UTM-X: 418794 UTM-Y: 4204010 Depth: 7.5 Value: 6.625 Station: EE3.2
 --- UTM-X: 418794 UTM-Y: 4204010 Depth: 8 Value: 6.65 Station: EE3.2
 --- UTM-X: 418794 UTM-Y: 4204010 Depth: 8.5 Value: 6.675 Station: EE3.2
 --- UTM-X: 418794 UTM-Y: 4204010 Depth: 9 Value: 6.7 Station: EE3.2
 --- UTM-X: 418794 UTM-Y: 4204010 Depth: 9.5 Value: 6.65 Station: EE3.2
 --- UTM-X: 418794 UTM-Y: 4204010 Depth: 10 Value: 6.6 Station: EE3.2
 --- UTM-X: 418794 UTM-Y: 4204010 Depth: 10.5 Value: 6.55 Station: EE3.2
 --- UTM-X: 418794 UTM-Y: 4204010 Depth: 11 Value: 6.5 Station: EE3.2
 --- UTM-X: 418794 UTM-Y: 4204010 Depth: 11.5 Value: 6.45 Station: EE3.2
 --- UTM-X: 418794 UTM-Y: 4204010 Depth: 12 Value: 6.4 Station: EE3.2
 --- UTM-X: 418794 UTM-Y: 4204010 Depth: 12.5 Value: 6.35 Station: EE3.2
 --- UTM-X: 418794 UTM-Y: 4204010 Depth: 13 Value: 6.3 Station: EE3.2
 --- UTM-X: 418794 UTM-Y: 4204010 Depth: 13.5 Value: 6.25 Station: EE3.2
 --- UTM-X: 418794 UTM-Y: 4204010 Depth: 14 Value: 6.2 Station: EE3.2
 --- UTM-X: 418794 UTM-Y: 4204010 Depth: 14.5 Value: 6.15 Station: EE3.2
 --- UTM-X: 418794 UTM-Y: 4204010 Depth: 15 Value: 6.1 Station: EE3.2
 --- UTM-X: 418794 UTM-Y: 4204010 Depth: 15.5 Value: 6.025 Station: EE3.2
 --- UTM-X: 418794 UTM-Y: 4204010 Depth: 16 Value: 5.95 Station: EE3.2
 --- UTM-X: 418794 UTM-Y: 4204010 Depth: 16.5 Value: 5.875 Station: EE3.2
 --- UTM-X: 418794 UTM-Y: 4204010 Depth: 17 Value: 5.8 Station: EE3.2
 --- UTM-X: 418794 UTM-Y: 4204010 Depth: 17.5 Value: 5.8 Station: EE3.2
 --- UTM-X: 418794 UTM-Y: 4204010 Depth: 18 Value: 5.8 Station: EE3.2
 --- UTM-X: 418794 UTM-Y: 4204010 Depth: 18.5 Value: 5.7 Station: EE3.2
 --- UTM-X: 418794 UTM-Y: 4204010 Depth: 19 Value: 5.6 Station: EE3.2
 --- UTM-X: 418794 UTM-Y: 4204010 Depth: 19.5 Value: 5.575 Station: EE3.2
 --- UTM-X: 418794 UTM-Y: 4204010 Depth: 20 Value: 5.55 Station: EE3.2
 --- UTM-X: 418794 UTM-Y: 4204010 Depth: 20.5 Value: 5.525 Station: EE3.2
 --- UTM-X: 418794 UTM-Y: 4204010 Depth: 21 Value: 5.5 Station: EE3.2
 --- UTM-X: 418794 UTM-Y: 4204010 Depth: 21.5 Value: 5.475 Station: EE3.2
 --- UTM-X: 418794 UTM-Y: 4204010 Depth: 22 Value: 5.45 Station: EE3.2
 --- UTM-X: 418794 UTM-Y: 4204010 Depth: 22.5 Value: 5.425 Station: EE3.2
 --- UTM-X: 418794 UTM-Y: 4204010 Depth: 23 Value: 5.4 Station: EE3.2
 --- UTM-X: 418794 UTM-Y: 4204010 Depth: 23.5 Value: 5.4 Station: EE3.2
 --- UTM-X: 418794 UTM-Y: 4204010 Depth: 24 Value: 5.4 Station: EE3.2
 --- UTM-X: 418794 UTM-Y: 4204010 Depth: 24.5 Value: 5.4 Station: EE3.2
 --- UTM-X: 418794 UTM-Y: 4204010 Depth: 25 Value: 5.4 Station: EE3.2
 --- UTM-X: 418794 UTM-Y: 4204010 Depth: 25.5 Value: 5.4 Station: EE3.2
 --- UTM-X: 418794 UTM-Y: 4204010 Depth: 26 Value: 5.4 Station: EE3.2
 --- UTM-X: 418794 UTM-Y: 4204010 Depth: 26.5 Value: 5.4 Station: EE3.2
 --- UTM-X: 432666 UTM-Y: 4199634 Depth: 0 Value: 6.5 Station: EE3.3
 --- UTM-X: 432666 UTM-Y: 4199634 Depth: 0.5 Value: 6.5 Station: EE3.3
 --- UTM-X: 432666 UTM-Y: 4199634 Depth: 1 Value: 6.5 Station: EE3.3
 --- UTM-X: 432666 UTM-Y: 4199634 Depth: 1.5 Value: 6.5 Station: EE3.3
 --- UTM-X: 432666 UTM-Y: 4199634 Depth: 2 Value: 6.5 Station: EE3.3
 --- UTM-X: 432666 UTM-Y: 4199634 Depth: 2.5 Value: 6.458 Station: EE3.3
 --- UTM-X: 432666 UTM-Y: 4199634 Depth: 3 Value: 6.417 Station: EE3.3
 --- UTM-X: 430437 UTM-Y: 4195954 Depth: 0 Value: 7.57 Station: EE3.4
 --- UTM-X: 430437 UTM-Y: 4195954 Depth: 0.5 Value: 7.57 Station: EE3.4
 --- UTM-X: 430437 UTM-Y: 4195954 Depth: 1 Value: 7.57 Station: EE3.4
 --- UTM-X: 430437 UTM-Y: 4195954 Depth: 1.5 Value: 7.68 Station: EE3.4
 --- UTM-X: 430437 UTM-Y: 4195954 Depth: 2 Value: 7.79 Station: EE3.4
 --- UTM-X: 430437 UTM-Y: 4195954 Depth: 2.5 Value: 7.73 Station: EE3.4
 --- UTM-X: 430437 UTM-Y: 4195954 Depth: 3 Value: 7.67 Station: EE3.4
 --- UTM-X: 425661 UTM-Y: 4183574 Depth: 0 Value: 7.69 Station: EE3.5
 --- UTM-X: 425661 UTM-Y: 4183574 Depth: 0.5 Value: 7.69 Station: EE3.5
 --- UTM-X: 425661 UTM-Y: 4183574 Depth: 1 Value: 7.69 Station: EE3.5
 --- UTM-X: 425661 UTM-Y: 4183574 Depth: 1.5 Value: 7.38 Station: EE3.5
 --- UTM-X: 425661 UTM-Y: 4183574 Depth: 2 Value: 7.07 Station: EE3.5
 --- UTM-X: 425661 UTM-Y: 4183574 Depth: 2.5 Value: 6.95 Station: EE3.5
 --- UTM-X: 425661 UTM-Y: 4183574 Depth: 3 Value: 6.83 Station: EE3.5
 --- UTM-X: 425661 UTM-Y: 4183574 Depth: 3.5 Value: 6.795 Station: EE3.5
 --- UTM-X: 425661 UTM-Y: 4183574 Depth: 4 Value: 6.76 Station: EE3.5
 --- UTM-X: 425661 UTM-Y: 4183574 Depth: 4.5 Value: 6.67 Station: EE3.5
 --- UTM-X: 425661 UTM-Y: 4183574 Depth: 5 Value: 6.58 Station: EE3.5
 --- UTM-X: 425661 UTM-Y: 4183574 Depth: 5.5 Value: 6.53 Station: EE3.5
 --- UTM-X: 425661 UTM-Y: 4183574 Depth: 6 Value: 6.48 Station: EE3.5
 --- UTM-X: 425661 UTM-Y: 4183574 Depth: 6.5 Value: 6.28 Station: EE3.5
 --- UTM-X: 425661 UTM-Y: 4183574 Depth: 7 Value: 6.08 Station: EE3.5
 --- UTM-X: 425661 UTM-Y: 4183574 Depth: 7.5 Value: 5.89 Station: EE3.5
 --- UTM-X: 425661 UTM-Y: 4183574 Depth: 8 Value: 5.7 Station: EE3.5
 --- UTM-X: 425661 UTM-Y: 4183574 Depth: 8.5 Value: 5.505 Station: EE3.5
 --- UTM-X: 425661 UTM-Y: 4183574 Depth: 9 Value: 5.31 Station: EE3.5
 --- UTM-X: 425661 UTM-Y: 4183574 Depth: 9.5 Value: 5.11 Station: EE3.5
 --- UTM-X: 425661 UTM-Y: 4183574 Depth: 10 Value: 4.91 Station: EE3.5
 --- UTM-X: 425661 UTM-Y: 4183574 Depth: 10.5 Value: 4.975 Station: EE3.5
 --- UTM-X: 425661 UTM-Y: 4183574 Depth: 11 Value: 5.04 Station: EE3.5
 --- UTM-X: 425661 UTM-Y: 4183574 Depth: 11.5 Value: 4.475 Station: EE3.5
 --- UTM-X: 425661 UTM-Y: 4183574 Depth: 12 Value: 3.91 Station: EE3.5
 --- UTM-X: 425661 UTM-Y: 4183574 Depth: 12.5 Value: 4.755 Station: EE3.5
 --- UTM-X: 425661 UTM-Y: 4183574 Depth: 13 Value: 5.6 Station: EE3.5
 --- UTM-X: 425661 UTM-Y: 4183574 Depth: 13.5 Value: 5.64 Station: EE3.5
 --- UTM-X: 425661 UTM-Y: 4183574 Depth: 14 Value: 5.68 Station: EE3.5
 --- UTM-X: 425661 UTM-Y: 4183574 Depth: 14.5 Value: 5.52 Station: EE3.5
 --- UTM-X: 425661 UTM-Y: 4183574 Depth: 15 Value: 5.36 Station: EE3.5
 --- UTM-X: 425661 UTM-Y: 4183574 Depth: 15.5 Value: 4.66 Station: EE3.5
 --- UTM-X: 425661 UTM-Y: 4183574 Depth: 16 Value: 3.96 Station: EE3.5
 --- UTM-X: 425661 UTM-Y: 4183574 Depth: 16.5 Value: 3.8 Station: EE3.5
 --- UTM-X: 425661 UTM-Y: 4183574 Depth: 17 Value: 3.64 Station: EE3.5
 --- UTM-X: 425661 UTM-Y: 4183574 Depth: 17.5 Value: 3.48 Station: EE3.5
 --- UTM-X: 425661 UTM-Y: 4183574 Depth: 18 Value: 3.32 Station: EE3.5
 --- UTM-X: 425661 UTM-Y: 4183574 Depth: 18.5 Value: 3.205 Station: EE3.5
 --- UTM-X: 425661 UTM-Y: 4183574 Depth: 19 Value: 3.09 Station: EE3.5
 --- UTM-X: 425661 UTM-Y: 4183574 Depth: 19.5 Value: 3.01 Station: EE3.5
 --- UTM-X: 425661 UTM-Y: 4183574 Depth: 20 Value: 2.93 Station: EE3.5
 --- UTM-X: 425661 UTM-Y: 4183574 Depth: 20.5 Value: 3.345 Station: EE3.5
 --- UTM-X: 425661 UTM-Y: 4183574 Depth: 21 Value: 3.76 Station: EE3.5
 --- UTM-X: 425661 UTM-Y: 4183574 Depth: 21.5 Value: 3.61 Station: EE3.5
 --- UTM-X: 425661 UTM-Y: 4183574 Depth: 22 Value: 3.46 Station: EE3.5
 --- UTM-X: 425661 UTM-Y: 4183574 Depth: 22.5 Value: 2.795 Station: EE3.5
 --- UTM-X: 425661 UTM-Y: 4183574 Depth: 23 Value: 2.13 Station: EE3.5
 --- UTM-X: 425661 UTM-Y: 4183574 Depth: 23.5 Value: 1.99 Station: EE3.5
 --- UTM-X: 425661 UTM-Y: 4183574 Depth: 24 Value: 1.85 Station: EE3.5
 --- UTM-X: 425661 UTM-Y: 4183574 Depth: 24.5 Value: 1.855 Station: EE3.5
 --- UTM-X: 425661 UTM-Y: 4183574 Depth: 25 Value: 1.86 Station: EE3.5
 --- UTM-X: 450335 UTM-Y: 4215226 Depth: 0 Value: 3.7 Station: ET10.1
 --- UTM-X: 450335 UTM-Y: 4215226 Depth: 0.5 Value: 3.65 Station: ET10.1
 --- UTM-X: 450335 UTM-Y: 4215226 Depth: 1 Value: 3.6 Station: ET10.1
 --- UTM-X: 450335 UTM-Y: 4215226 Depth: 1.5 Value: 3.6 Station: ET10.1
 --- UTM-X: 450335 UTM-Y: 4215226 Depth: 2 Value: 3.6 Station: ET10.1
 --- UTM-X: 450335 UTM-Y: 4215226 Depth: 2.5 Value: 3.6 Station: ET10.1
 --- UTM-X: 450335 UTM-Y: 4215226 Depth: 3 Value: 3.6 Station: ET10.1
 --- UTM-X: 450335 UTM-Y: 4215226 Depth: 3.5 Value: 3.6 Station: ET10.1
 --- UTM-X: 450335 UTM-Y: 4215226 Depth: 4 Value: 3.6 Station: ET10.1
 --- UTM-X: 450335 UTM-Y: 4215226 Depth: 4.5 Value: 3.6 Station: ET10.1
 --- UTM-X: 450335 UTM-Y: 4215226 Depth: 5 Value: 3.6 Station: ET10.1
 --- UTM-X: 450335 UTM-Y: 4215226 Depth: 5.5 Value: 3.6 Station: ET10.1
 --- 1418 cells were interpolated in region POCMH.  Subtotal: 130543 total cells.
 ---- Region was calculated in 1 seconds. Segment volume (m^3) = 354500000
 
 - Bathymetry Region ID: 1034  Region Name: TANMH  Data Points: 637 in data region 1034
 -- Cell Size  E-W: 1000  N-S: 1000  Vertical: 1
 --- Data in Region ---
 --- UTM-X: 386968 UTM-Y: 4241940 Depth: 0 Value: 7.7 Station: CB5.1
 --- UTM-X: 386968 UTM-Y: 4241940 Depth: 0.5 Value: 7.85 Station: CB5.1
 --- UTM-X: 386968 UTM-Y: 4241940 Depth: 1 Value: 8 Station: CB5.1
 --- UTM-X: 386968 UTM-Y: 4241940 Depth: 1.5 Value: 7.8 Station: CB5.1
 --- UTM-X: 386968 UTM-Y: 4241940 Depth: 2 Value: 7.6 Station: CB5.1
 --- UTM-X: 386968 UTM-Y: 4241940 Depth: 2.5 Value: 7.4 Station: CB5.1
 --- UTM-X: 386968 UTM-Y: 4241940 Depth: 3 Value: 7.2 Station: CB5.1
 --- UTM-X: 386968 UTM-Y: 4241940 Depth: 3.5 Value: 7.05 Station: CB5.1
 --- UTM-X: 386968 UTM-Y: 4241940 Depth: 4 Value: 6.9 Station: CB5.1
 --- UTM-X: 386968 UTM-Y: 4241940 Depth: 4.5 Value: 6.55 Station: CB5.1
 --- UTM-X: 386968 UTM-Y: 4241940 Depth: 5 Value: 6.2 Station: CB5.1
 --- UTM-X: 386968 UTM-Y: 4241940 Depth: 5.5 Value: 6.05 Station: CB5.1
 --- UTM-X: 386968 UTM-Y: 4241940 Depth: 6 Value: 5.9 Station: CB5.1
 --- UTM-X: 386968 UTM-Y: 4241940 Depth: 6.5 Value: 5.8 Station: CB5.1
 --- UTM-X: 386968 UTM-Y: 4241940 Depth: 7 Value: 5.7 Station: CB5.1
 --- UTM-X: 386968 UTM-Y: 4241940 Depth: 7.5 Value: 5.5 Station: CB5.1
 --- UTM-X: 386968 UTM-Y: 4241940 Depth: 8 Value: 5.3 Station: CB5.1
 --- UTM-X: 386968 UTM-Y: 4241940 Depth: 8.5 Value: 3.85 Station: CB5.1
 --- UTM-X: 386968 UTM-Y: 4241940 Depth: 9 Value: 2.4 Station: CB5.1
 --- UTM-X: 386968 UTM-Y: 4241940 Depth: 9.5 Value: 1.4 Station: CB5.1
 --- UTM-X: 386968 UTM-Y: 4241940 Depth: 10 Value: 0.4 Station: CB5.1
 --- UTM-X: 386968 UTM-Y: 4241940 Depth: 10.5 Value: 0.35 Station: CB5.1
 --- UTM-X: 386968 UTM-Y: 4241940 Depth: 11 Value: 0.3 Station: CB5.1
 --- UTM-X: 386968 UTM-Y: 4241940 Depth: 11.5 Value: 0.3 Station: CB5.1
 --- UTM-X: 386968 UTM-Y: 4241940 Depth: 12 Value: 0.3 Station: CB5.1
 --- UTM-X: 386968 UTM-Y: 4241940 Depth: 12.5 Value: 0.3 Station: CB5.1
 --- UTM-X: 386968 UTM-Y: 4241940 Depth: 13 Value: 0.3 Station: CB5.1
 --- UTM-X: 386968 UTM-Y: 4241940 Depth: 13.5 Value: 0.3 Station: CB5.1
 --- UTM-X: 386968 UTM-Y: 4241940 Depth: 14 Value: 0.3 Station: CB5.1
 --- UTM-X: 386968 UTM-Y: 4241940 Depth: 14.5 Value: 0.35 Station: CB5.1
 --- UTM-X: 386968 UTM-Y: 4241940 Depth: 15 Value: 0.4 Station: CB5.1
 --- UTM-X: 386968 UTM-Y: 4241940 Depth: 15.5 Value: 0.4 Station: CB5.1
 --- UTM-X: 386968 UTM-Y: 4241940 Depth: 16 Value: 0.4 Station: CB5.1
 --- UTM-X: 386968 UTM-Y: 4241940 Depth: 16.5 Value: 0.4 Station: CB5.1
 --- UTM-X: 386968 UTM-Y: 4241940 Depth: 17 Value: 0.4 Station: CB5.1
 --- UTM-X: 386968 UTM-Y: 4241940 Depth: 17.5 Value: 0.4 Station: CB5.1
 --- UTM-X: 386968 UTM-Y: 4241940 Depth: 18 Value: 0.4 Station: CB5.1
 --- UTM-X: 386968 UTM-Y: 4241940 Depth: 18.5 Value: 0.4 Station: CB5.1
 --- UTM-X: 386968 UTM-Y: 4241940 Depth: 19 Value: 0.4 Station: CB5.1
 --- UTM-X: 386968 UTM-Y: 4241940 Depth: 19.5 Value: 0.425 Station: CB5.1
 --- UTM-X: 386968 UTM-Y: 4241940 Depth: 20 Value: 0.45 Station: CB5.1
 --- UTM-X: 386968 UTM-Y: 4241940 Depth: 20.5 Value: 0.475 Station: CB5.1
 --- UTM-X: 386968 UTM-Y: 4241940 Depth: 21 Value: 0.5 Station: CB5.1
 --- UTM-X: 386968 UTM-Y: 4241940 Depth: 21.5 Value: 0.5 Station: CB5.1
 --- UTM-X: 386968 UTM-Y: 4241940 Depth: 22 Value: 0.5 Station: CB5.1
 --- UTM-X: 386968 UTM-Y: 4241940 Depth: 22.5 Value: 0.5 Station: CB5.1
 --- UTM-X: 386968 UTM-Y: 4241940 Depth: 23 Value: 0.5 Station: CB5.1
 --- UTM-X: 386968 UTM-Y: 4241940 Depth: 23.5 Value: 0.525 Station: CB5.1
 --- UTM-X: 386968 UTM-Y: 4241940 Depth: 24 Value: 0.55 Station: CB5.1
 --- UTM-X: 386968 UTM-Y: 4241940 Depth: 24.5 Value: 0.575 Station: CB5.1
 --- UTM-X: 386968 UTM-Y: 4241940 Depth: 25 Value: 0.6 Station: CB5.1
 --- UTM-X: 386968 UTM-Y: 4241940 Depth: 25.5 Value: 0.625 Station: CB5.1
 --- UTM-X: 386968 UTM-Y: 4241940 Depth: 26 Value: 0.65 Station: CB5.1
 --- UTM-X: 386968 UTM-Y: 4241940 Depth: 26.5 Value: 0.675 Station: CB5.1
 --- UTM-X: 386968 UTM-Y: 4241940 Depth: 27 Value: 0.7 Station: CB5.1
 --- UTM-X: 386968 UTM-Y: 4241940 Depth: 27.5 Value: 0.7 Station: CB5.1
 --- UTM-X: 386968 UTM-Y: 4241940 Depth: 28 Value: 0.7 Station: CB5.1
 --- UTM-X: 386968 UTM-Y: 4241940 Depth: 28.5 Value: 0.7 Station: CB5.1
 --- UTM-X: 386968 UTM-Y: 4241940 Depth: 29 Value: 0.7 Station: CB5.1
 --- UTM-X: 386968 UTM-Y: 4241940 Depth: 29.5 Value: 0.775 Station: CB5.1
 --- UTM-X: 386968 UTM-Y: 4241940 Depth: 30 Value: 0.85 Station: CB5.1
 --- UTM-X: 386968 UTM-Y: 4241940 Depth: 30.5 Value: 0.925 Station: CB5.1
 --- UTM-X: 386968 UTM-Y: 4241940 Depth: 31 Value: 1 Station: CB5.1
 --- UTM-X: 386968 UTM-Y: 4241940 Depth: 31.5 Value: 1 Station: CB5.1
 --- UTM-X: 386968 UTM-Y: 4241940 Depth: 32 Value: 1 Station: CB5.1
 --- UTM-X: 379767 UTM-Y: 4242784 Depth: 0 Value: 6.2 Station: CB5.1W
 --- UTM-X: 379767 UTM-Y: 4242784 Depth: 0.5 Value: 6.15 Station: CB5.1W
 --- UTM-X: 379767 UTM-Y: 4242784 Depth: 1 Value: 6.1 Station: CB5.1W
 --- UTM-X: 379767 UTM-Y: 4242784 Depth: 1.5 Value: 6 Station: CB5.1W
 --- UTM-X: 379767 UTM-Y: 4242784 Depth: 2 Value: 5.9 Station: CB5.1W
 --- UTM-X: 379767 UTM-Y: 4242784 Depth: 2.5 Value: 5.45 Station: CB5.1W
 --- UTM-X: 379767 UTM-Y: 4242784 Depth: 3 Value: 5 Station: CB5.1W
 --- UTM-X: 379767 UTM-Y: 4242784 Depth: 3.5 Value: 4.517 Station: CB5.1W
 --- UTM-X: 379767 UTM-Y: 4242784 Depth: 4 Value: 4.033 Station: CB5.1W
 --- UTM-X: 379767 UTM-Y: 4242784 Depth: 4.5 Value: 3.55 Station: CB5.1W
 --- UTM-X: 379767 UTM-Y: 4242784 Depth: 5 Value: 3.067 Station: CB5.1W
 --- UTM-X: 379767 UTM-Y: 4242784 Depth: 5.5 Value: 2.583 Station: CB5.1W
 --- UTM-X: 379767 UTM-Y: 4242784 Depth: 6 Value: 2.1 Station: CB5.1W
 --- UTM-X: 379767 UTM-Y: 4242784 Depth: 6.5 Value: 1.75 Station: CB5.1W
 --- UTM-X: 379767 UTM-Y: 4242784 Depth: 7 Value: 1.4 Station: CB5.1W
 --- UTM-X: 379767 UTM-Y: 4242784 Depth: 7.5 Value: 1.05 Station: CB5.1W
 --- UTM-X: 379767 UTM-Y: 4242784 Depth: 8 Value: 0.7 Station: CB5.1W
 --- UTM-X: 392384 UTM-Y: 4221705 Depth: 0 Value: 7.4 Station: CB5.2
 --- UTM-X: 392384 UTM-Y: 4221705 Depth: 0.5 Value: 7.4 Station: CB5.2
 --- UTM-X: 392384 UTM-Y: 4221705 Depth: 1 Value: 7.4 Station: CB5.2
 --- UTM-X: 392384 UTM-Y: 4221705 Depth: 1.5 Value: 7.4 Station: CB5.2
 --- UTM-X: 392384 UTM-Y: 4221705 Depth: 2 Value: 7.4 Station: CB5.2
 --- UTM-X: 392384 UTM-Y: 4221705 Depth: 2.5 Value: 7.35 Station: CB5.2
 --- UTM-X: 392384 UTM-Y: 4221705 Depth: 3 Value: 7.3 Station: CB5.2
 --- UTM-X: 392384 UTM-Y: 4221705 Depth: 3.5 Value: 7.25 Station: CB5.2
 --- UTM-X: 392384 UTM-Y: 4221705 Depth: 4 Value: 7.2 Station: CB5.2
 --- UTM-X: 392384 UTM-Y: 4221705 Depth: 4.5 Value: 7.05 Station: CB5.2
 --- UTM-X: 392384 UTM-Y: 4221705 Depth: 5 Value: 6.9 Station: CB5.2
 --- UTM-X: 392384 UTM-Y: 4221705 Depth: 5.5 Value: 6.25 Station: CB5.2
 --- UTM-X: 392384 UTM-Y: 4221705 Depth: 6 Value: 5.6 Station: CB5.2
 --- UTM-X: 392384 UTM-Y: 4221705 Depth: 6.5 Value: 4.3 Station: CB5.2
 --- UTM-X: 392384 UTM-Y: 4221705 Depth: 7 Value: 3 Station: CB5.2
 --- UTM-X: 392384 UTM-Y: 4221705 Depth: 7.5 Value: 1.55 Station: CB5.2
 --- UTM-X: 392384 UTM-Y: 4221705 Depth: 8 Value: 0.1 Station: CB5.2
 --- UTM-X: 392384 UTM-Y: 4221705 Depth: 8.5 Value: 0.1 Station: CB5.2
 --- UTM-X: 392384 UTM-Y: 4221705 Depth: 9 Value: 0.1 Station: CB5.2
 --- UTM-X: 392384 UTM-Y: 4221705 Depth: 9.5 Value: 0.2 Station: CB5.2
 --- UTM-X: 392384 UTM-Y: 4221705 Depth: 10 Value: 0.3 Station: CB5.2
 --- UTM-X: 392384 UTM-Y: 4221705 Depth: 10.5 Value: 0.3 Station: CB5.2
 --- UTM-X: 392384 UTM-Y: 4221705 Depth: 11 Value: 0.3 Station: CB5.2
 --- UTM-X: 392384 UTM-Y: 4221705 Depth: 11.5 Value: 0.25 Station: CB5.2
 --- UTM-X: 392384 UTM-Y: 4221705 Depth: 12 Value: 0.2 Station: CB5.2
 --- UTM-X: 392384 UTM-Y: 4221705 Depth: 12.5 Value: 0.2 Station: CB5.2
 --- UTM-X: 392384 UTM-Y: 4221705 Depth: 13 Value: 0.2 Station: CB5.2
 --- UTM-X: 392384 UTM-Y: 4221705 Depth: 13.5 Value: 0.15 Station: CB5.2
 --- UTM-X: 392384 UTM-Y: 4221705 Depth: 14 Value: 0.1 Station: CB5.2
 --- UTM-X: 392384 UTM-Y: 4221705 Depth: 14.5 Value: 0.1 Station: CB5.2
 --- UTM-X: 392384 UTM-Y: 4221705 Depth: 15 Value: 0.1 Station: CB5.2
 --- UTM-X: 392384 UTM-Y: 4221705 Depth: 15.5 Value: 0.1 Station: CB5.2
 --- UTM-X: 392384 UTM-Y: 4221705 Depth: 16 Value: 0.1 Station: CB5.2
 --- UTM-X: 392384 UTM-Y: 4221705 Depth: 16.5 Value: 0.15 Station: CB5.2
 --- UTM-X: 392384 UTM-Y: 4221705 Depth: 17 Value: 0.2 Station: CB5.2
 --- UTM-X: 392384 UTM-Y: 4221705 Depth: 17.5 Value: 0.2 Station: CB5.2
 --- UTM-X: 392384 UTM-Y: 4221705 Depth: 18 Value: 0.2 Station: CB5.2
 --- UTM-X: 392384 UTM-Y: 4221705 Depth: 18.5 Value: 0.2 Station: CB5.2
 --- UTM-X: 392384 UTM-Y: 4221705 Depth: 19 Value: 0.2 Station: CB5.2
 --- UTM-X: 392384 UTM-Y: 4221705 Depth: 19.5 Value: 0.2 Station: CB5.2
 --- UTM-X: 392384 UTM-Y: 4221705 Depth: 20 Value: 0.2 Station: CB5.2
 --- UTM-X: 392384 UTM-Y: 4221705 Depth: 20.5 Value: 0.2 Station: CB5.2
 --- UTM-X: 392384 UTM-Y: 4221705 Depth: 21 Value: 0.2 Station: CB5.2
 --- UTM-X: 392384 UTM-Y: 4221705 Depth: 21.5 Value: 0.2 Station: CB5.2
 --- UTM-X: 392384 UTM-Y: 4221705 Depth: 22 Value: 0.2 Station: CB5.2
 --- UTM-X: 392384 UTM-Y: 4221705 Depth: 22.5 Value: 0.2 Station: CB5.2
 --- UTM-X: 392384 UTM-Y: 4221705 Depth: 23 Value: 0.2 Station: CB5.2
 --- UTM-X: 392384 UTM-Y: 4221705 Depth: 23.5 Value: 0.2 Station: CB5.2
 --- UTM-X: 392384 UTM-Y: 4221705 Depth: 24 Value: 0.2 Station: CB5.2
 --- UTM-X: 392384 UTM-Y: 4221705 Depth: 24.5 Value: 0.2 Station: CB5.2
 --- UTM-X: 392384 UTM-Y: 4221705 Depth: 25 Value: 0.2 Station: CB5.2
 --- UTM-X: 392384 UTM-Y: 4221705 Depth: 25.5 Value: 0.2 Station: CB5.2
 --- UTM-X: 392384 UTM-Y: 4221705 Depth: 26 Value: 0.2 Station: CB5.2
 --- UTM-X: 392384 UTM-Y: 4221705 Depth: 26.5 Value: 0.2 Station: CB5.2
 --- UTM-X: 392384 UTM-Y: 4221705 Depth: 27 Value: 0.2 Station: CB5.2
 --- UTM-X: 392384 UTM-Y: 4221705 Depth: 27.5 Value: 0.2 Station: CB5.2
 --- UTM-X: 392384 UTM-Y: 4221705 Depth: 28 Value: 0.2 Station: CB5.2
 --- UTM-X: 397329 UTM-Y: 4196671 Depth: 0 Value: 7.7 Station: CB5.3
 --- UTM-X: 397329 UTM-Y: 4196671 Depth: 0.5 Value: 7.7 Station: CB5.3
 --- UTM-X: 397329 UTM-Y: 4196671 Depth: 1 Value: 7.7 Station: CB5.3
 --- UTM-X: 397329 UTM-Y: 4196671 Depth: 1.5 Value: 7.7 Station: CB5.3
 --- UTM-X: 397329 UTM-Y: 4196671 Depth: 2 Value: 7.7 Station: CB5.3
 --- UTM-X: 397329 UTM-Y: 4196671 Depth: 2.5 Value: 7.7 Station: CB5.3
 --- UTM-X: 397329 UTM-Y: 4196671 Depth: 3 Value: 7.7 Station: CB5.3
 --- UTM-X: 397329 UTM-Y: 4196671 Depth: 3.5 Value: 7.55 Station: CB5.3
 --- UTM-X: 397329 UTM-Y: 4196671 Depth: 4 Value: 7.4 Station: CB5.3
 --- UTM-X: 397329 UTM-Y: 4196671 Depth: 4.5 Value: 7.2 Station: CB5.3
 --- UTM-X: 397329 UTM-Y: 4196671 Depth: 5 Value: 7 Station: CB5.3
 --- UTM-X: 397329 UTM-Y: 4196671 Depth: 5.5 Value: 6.6 Station: CB5.3
 --- UTM-X: 397329 UTM-Y: 4196671 Depth: 6 Value: 6.2 Station: CB5.3
 --- UTM-X: 397329 UTM-Y: 4196671 Depth: 6.5 Value: 5.95 Station: CB5.3
 --- UTM-X: 397329 UTM-Y: 4196671 Depth: 7 Value: 5.7 Station: CB5.3
 --- UTM-X: 397329 UTM-Y: 4196671 Depth: 7.5 Value: 5.35 Station: CB5.3
 --- UTM-X: 397329 UTM-Y: 4196671 Depth: 8 Value: 5 Station: CB5.3
 --- UTM-X: 397329 UTM-Y: 4196671 Depth: 8.5 Value: 4.8 Station: CB5.3
 --- UTM-X: 397329 UTM-Y: 4196671 Depth: 9 Value: 4.6 Station: CB5.3
 --- UTM-X: 397329 UTM-Y: 4196671 Depth: 9.5 Value: 4 Station: CB5.3
 --- UTM-X: 397329 UTM-Y: 4196671 Depth: 10 Value: 3.4 Station: CB5.3
 --- UTM-X: 397329 UTM-Y: 4196671 Depth: 10.5 Value: 2.85 Station: CB5.3
 --- UTM-X: 397329 UTM-Y: 4196671 Depth: 11 Value: 2.3 Station: CB5.3
 --- UTM-X: 397329 UTM-Y: 4196671 Depth: 11.5 Value: 1.8 Station: CB5.3
 --- UTM-X: 397329 UTM-Y: 4196671 Depth: 12 Value: 1.3 Station: CB5.3
 --- UTM-X: 397329 UTM-Y: 4196671 Depth: 12.5 Value: 1.2 Station: CB5.3
 --- UTM-X: 397329 UTM-Y: 4196671 Depth: 13 Value: 1.1 Station: CB5.3
 --- UTM-X: 397329 UTM-Y: 4196671 Depth: 13.5 Value: 0.9 Station: CB5.3
 --- UTM-X: 397329 UTM-Y: 4196671 Depth: 14 Value: 0.7 Station: CB5.3
 --- UTM-X: 397329 UTM-Y: 4196671 Depth: 14.5 Value: 0.65 Station: CB5.3
 --- UTM-X: 397329 UTM-Y: 4196671 Depth: 15 Value: 0.6 Station: CB5.3
 --- UTM-X: 397329 UTM-Y: 4196671 Depth: 15.5 Value: 0.625 Station: CB5.3
 --- UTM-X: 397329 UTM-Y: 4196671 Depth: 16 Value: 0.65 Station: CB5.3
 --- UTM-X: 397329 UTM-Y: 4196671 Depth: 16.5 Value: 0.675 Station: CB5.3
 --- UTM-X: 397329 UTM-Y: 4196671 Depth: 17 Value: 0.7 Station: CB5.3
 --- UTM-X: 397329 UTM-Y: 4196671 Depth: 17.5 Value: 0.7 Station: CB5.3
 --- UTM-X: 397329 UTM-Y: 4196671 Depth: 18 Value: 0.7 Station: CB5.3
 --- UTM-X: 397329 UTM-Y: 4196671 Depth: 18.5 Value: 0.7 Station: CB5.3
 --- UTM-X: 397329 UTM-Y: 4196671 Depth: 19 Value: 0.7 Station: CB5.3
 --- UTM-X: 397329 UTM-Y: 4196671 Depth: 19.5 Value: 0.7 Station: CB5.3
 --- UTM-X: 397329 UTM-Y: 4196671 Depth: 20 Value: 0.7 Station: CB5.3
 --- UTM-X: 397329 UTM-Y: 4196671 Depth: 20.5 Value: 0.7 Station: CB5.3
 --- UTM-X: 397329 UTM-Y: 4196671 Depth: 21 Value: 0.7 Station: CB5.3
 --- UTM-X: 397329 UTM-Y: 4196671 Depth: 21.5 Value: 0.725 Station: CB5.3
 --- UTM-X: 397329 UTM-Y: 4196671 Depth: 22 Value: 0.75 Station: CB5.3
 --- UTM-X: 397329 UTM-Y: 4196671 Depth: 22.5 Value: 0.775 Station: CB5.3
 --- UTM-X: 397329 UTM-Y: 4196671 Depth: 23 Value: 0.8 Station: CB5.3
 --- UTM-X: 396587 UTM-Y: 4184289 Depth: 0 Value: 7.21 Station: CB5.4
 --- UTM-X: 396587 UTM-Y: 4184289 Depth: 0.5 Value: 7.21 Station: CB5.4
 --- UTM-X: 396587 UTM-Y: 4184289 Depth: 1 Value: 7.21 Station: CB5.4
 --- UTM-X: 396587 UTM-Y: 4184289 Depth: 1.5 Value: 7.155 Station: CB5.4
 --- UTM-X: 396587 UTM-Y: 4184289 Depth: 2 Value: 7.1 Station: CB5.4
 --- UTM-X: 396587 UTM-Y: 4184289 Depth: 2.5 Value: 7.13 Station: CB5.4
 --- UTM-X: 396587 UTM-Y: 4184289 Depth: 3 Value: 7.16 Station: CB5.4
 --- UTM-X: 396587 UTM-Y: 4184289 Depth: 3.5 Value: 6.31 Station: CB5.4
 --- UTM-X: 396587 UTM-Y: 4184289 Depth: 4 Value: 5.46 Station: CB5.4
 --- UTM-X: 396587 UTM-Y: 4184289 Depth: 4.5 Value: 6.12 Station: CB5.4
 --- UTM-X: 396587 UTM-Y: 4184289 Depth: 5 Value: 6.78 Station: CB5.4
 --- UTM-X: 396587 UTM-Y: 4184289 Depth: 5.5 Value: 4.305 Station: CB5.4
 --- UTM-X: 396587 UTM-Y: 4184289 Depth: 6 Value: 1.83 Station: CB5.4
 --- UTM-X: 396587 UTM-Y: 4184289 Depth: 6.5 Value: 1.73 Station: CB5.4
 --- UTM-X: 396587 UTM-Y: 4184289 Depth: 7 Value: 1.63 Station: CB5.4
 --- UTM-X: 396587 UTM-Y: 4184289 Depth: 7.5 Value: 1.615 Station: CB5.4
 --- UTM-X: 396587 UTM-Y: 4184289 Depth: 8 Value: 1.6 Station: CB5.4
 --- UTM-X: 396587 UTM-Y: 4184289 Depth: 8.5 Value: 1.175 Station: CB5.4
 --- UTM-X: 396587 UTM-Y: 4184289 Depth: 9 Value: 0.75 Station: CB5.4
 --- UTM-X: 396587 UTM-Y: 4184289 Depth: 9.5 Value: 0.56 Station: CB5.4
 --- UTM-X: 396587 UTM-Y: 4184289 Depth: 10 Value: 0.37 Station: CB5.4
 --- UTM-X: 396587 UTM-Y: 4184289 Depth: 10.5 Value: 0.35 Station: CB5.4
 --- UTM-X: 396587 UTM-Y: 4184289 Depth: 11 Value: 0.33 Station: CB5.4
 --- UTM-X: 396587 UTM-Y: 4184289 Depth: 11.5 Value: 0.315 Station: CB5.4
 --- UTM-X: 396587 UTM-Y: 4184289 Depth: 12 Value: 0.3 Station: CB5.4
 --- UTM-X: 396587 UTM-Y: 4184289 Depth: 12.5 Value: 0.375 Station: CB5.4
 --- UTM-X: 396587 UTM-Y: 4184289 Depth: 13 Value: 0.45 Station: CB5.4
 --- UTM-X: 396587 UTM-Y: 4184289 Depth: 13.5 Value: 0.39 Station: CB5.4
 --- UTM-X: 396587 UTM-Y: 4184289 Depth: 14 Value: 0.33 Station: CB5.4
 --- UTM-X: 396587 UTM-Y: 4184289 Depth: 14.5 Value: 0.4 Station: CB5.4
 --- UTM-X: 396587 UTM-Y: 4184289 Depth: 15 Value: 0.47 Station: CB5.4
 --- UTM-X: 396587 UTM-Y: 4184289 Depth: 15.5 Value: 0.515 Station: CB5.4
 --- UTM-X: 396587 UTM-Y: 4184289 Depth: 16 Value: 0.56 Station: CB5.4
 --- UTM-X: 396587 UTM-Y: 4184289 Depth: 16.5 Value: 0.54 Station: CB5.4
 --- UTM-X: 396587 UTM-Y: 4184289 Depth: 17 Value: 0.52 Station: CB5.4
 --- UTM-X: 396587 UTM-Y: 4184289 Depth: 17.5 Value: 0.575 Station: CB5.4
 --- UTM-X: 396587 UTM-Y: 4184289 Depth: 18 Value: 0.63 Station: CB5.4
 --- UTM-X: 396587 UTM-Y: 4184289 Depth: 18.5 Value: 0.69 Station: CB5.4
 --- UTM-X: 396587 UTM-Y: 4184289 Depth: 19 Value: 0.75 Station: CB5.4
 --- UTM-X: 396587 UTM-Y: 4184289 Depth: 19.5 Value: 0.765 Station: CB5.4
 --- UTM-X: 396587 UTM-Y: 4184289 Depth: 20 Value: 0.78 Station: CB5.4
 --- UTM-X: 396587 UTM-Y: 4184289 Depth: 20.5 Value: 0.845 Station: CB5.4
 --- UTM-X: 396587 UTM-Y: 4184289 Depth: 21 Value: 0.91 Station: CB5.4
 --- UTM-X: 396587 UTM-Y: 4184289 Depth: 21.5 Value: 0.965 Station: CB5.4
 --- UTM-X: 396587 UTM-Y: 4184289 Depth: 22 Value: 1.02 Station: CB5.4
 --- UTM-X: 396587 UTM-Y: 4184289 Depth: 22.5 Value: 1.065 Station: CB5.4
 --- UTM-X: 396587 UTM-Y: 4184289 Depth: 23 Value: 1.11 Station: CB5.4
 --- UTM-X: 396587 UTM-Y: 4184289 Depth: 23.5 Value: 1.25 Station: CB5.4
 --- UTM-X: 396587 UTM-Y: 4184289 Depth: 24 Value: 1.39 Station: CB5.4
 --- UTM-X: 396587 UTM-Y: 4184289 Depth: 24.5 Value: 1.435 Station: CB5.4
 --- UTM-X: 396587 UTM-Y: 4184289 Depth: 25 Value: 1.48 Station: CB5.4
 --- UTM-X: 396587 UTM-Y: 4184289 Depth: 25.5 Value: 1.435 Station: CB5.4
 --- UTM-X: 396587 UTM-Y: 4184289 Depth: 26 Value: 1.39 Station: CB5.4
 --- UTM-X: 396587 UTM-Y: 4184289 Depth: 26.5 Value: 1.455 Station: CB5.4
 --- UTM-X: 396587 UTM-Y: 4184289 Depth: 27 Value: 1.52 Station: CB5.4
 --- UTM-X: 396587 UTM-Y: 4184289 Depth: 27.5 Value: 1.525 Station: CB5.4
 --- UTM-X: 396587 UTM-Y: 4184289 Depth: 28 Value: 1.53 Station: CB5.4
 --- UTM-X: 396587 UTM-Y: 4184289 Depth: 28.5 Value: 1.545 Station: CB5.4
 --- UTM-X: 396587 UTM-Y: 4184289 Depth: 29 Value: 1.56 Station: CB5.4
 --- UTM-X: 396587 UTM-Y: 4184289 Depth: 29.5 Value: 1.55 Station: CB5.4
 --- UTM-X: 396587 UTM-Y: 4184289 Depth: 30 Value: 1.54 Station: CB5.4
 --- UTM-X: 386042 UTM-Y: 4185908 Depth: 0 Value: 5.67 Station: CB5.4W
 --- UTM-X: 386042 UTM-Y: 4185908 Depth: 0.5 Value: 5.67 Station: CB5.4W
 --- UTM-X: 386042 UTM-Y: 4185908 Depth: 1 Value: 5.67 Station: CB5.4W
 --- UTM-X: 386042 UTM-Y: 4185908 Depth: 1.5 Value: 5.375 Station: CB5.4W
 --- UTM-X: 386042 UTM-Y: 4185908 Depth: 2 Value: 5.08 Station: CB5.4W
 --- UTM-X: 386042 UTM-Y: 4185908 Depth: 2.5 Value: 4.82 Station: CB5.4W
 --- UTM-X: 386042 UTM-Y: 4185908 Depth: 3 Value: 4.56 Station: CB5.4W
 --- UTM-X: 395113 UTM-Y: 4172286 Depth: 0 Value: 7.59 Station: CB5.5
 --- UTM-X: 395113 UTM-Y: 4172286 Depth: 0.5 Value: 7.59 Station: CB5.5
 --- UTM-X: 395113 UTM-Y: 4172286 Depth: 1 Value: 7.59 Station: CB5.5
 --- UTM-X: 395113 UTM-Y: 4172286 Depth: 1.5 Value: 7.495 Station: CB5.5
 --- UTM-X: 395113 UTM-Y: 4172286 Depth: 2 Value: 7.4 Station: CB5.5
 --- UTM-X: 395113 UTM-Y: 4172286 Depth: 2.5 Value: 7.095 Station: CB5.5
 --- UTM-X: 395113 UTM-Y: 4172286 Depth: 3 Value: 6.79 Station: CB5.5
 --- UTM-X: 395113 UTM-Y: 4172286 Depth: 3.5 Value: 6.285 Station: CB5.5
 --- UTM-X: 395113 UTM-Y: 4172286 Depth: 4 Value: 5.78 Station: CB5.5
 --- UTM-X: 395113 UTM-Y: 4172286 Depth: 4.5 Value: 5.17 Station: CB5.5
 --- UTM-X: 395113 UTM-Y: 4172286 Depth: 5 Value: 4.56 Station: CB5.5
 --- UTM-X: 395113 UTM-Y: 4172286 Depth: 5.5 Value: 4.4 Station: CB5.5
 --- UTM-X: 395113 UTM-Y: 4172286 Depth: 6 Value: 4.24 Station: CB5.5
 --- UTM-X: 395113 UTM-Y: 4172286 Depth: 6.5 Value: 2.47 Station: CB5.5
 --- UTM-X: 395113 UTM-Y: 4172286 Depth: 7 Value: 0.7 Station: CB5.5
 --- UTM-X: 395113 UTM-Y: 4172286 Depth: 7.5 Value: 0.705 Station: CB5.5
 --- UTM-X: 395113 UTM-Y: 4172286 Depth: 8 Value: 0.71 Station: CB5.5
 --- UTM-X: 395113 UTM-Y: 4172286 Depth: 8.5 Value: 0.69 Station: CB5.5
 --- UTM-X: 395113 UTM-Y: 4172286 Depth: 9 Value: 0.67 Station: CB5.5
 --- UTM-X: 395113 UTM-Y: 4172286 Depth: 9.5 Value: 0.665 Station: CB5.5
 --- UTM-X: 395113 UTM-Y: 4172286 Depth: 10 Value: 0.66 Station: CB5.5
 --- UTM-X: 395113 UTM-Y: 4172286 Depth: 10.5 Value: 0.675 Station: CB5.5
 --- UTM-X: 395113 UTM-Y: 4172286 Depth: 11 Value: 0.69 Station: CB5.5
 --- UTM-X: 395113 UTM-Y: 4172286 Depth: 11.5 Value: 0.735 Station: CB5.5
 --- UTM-X: 395113 UTM-Y: 4172286 Depth: 12 Value: 0.78 Station: CB5.5
 --- UTM-X: 395113 UTM-Y: 4172286 Depth: 12.5 Value: 1.115 Station: CB5.5
 --- UTM-X: 395113 UTM-Y: 4172286 Depth: 13 Value: 1.45 Station: CB5.5
 --- UTM-X: 395113 UTM-Y: 4172286 Depth: 13.5 Value: 1.48 Station: CB5.5
 --- UTM-X: 395113 UTM-Y: 4172286 Depth: 14 Value: 1.51 Station: CB5.5
 --- UTM-X: 397396 UTM-Y: 4160791 Depth: 0 Value: 7.62 Station: CB6.1
 --- UTM-X: 397396 UTM-Y: 4160791 Depth: 0.5 Value: 7.62 Station: CB6.1
 --- UTM-X: 397396 UTM-Y: 4160791 Depth: 1 Value: 7.62 Station: CB6.1
 --- UTM-X: 397396 UTM-Y: 4160791 Depth: 1.5 Value: 7.63 Station: CB6.1
 --- UTM-X: 397396 UTM-Y: 4160791 Depth: 2 Value: 7.64 Station: CB6.1
 --- UTM-X: 397396 UTM-Y: 4160791 Depth: 2.5 Value: 7.55 Station: CB6.1
 --- UTM-X: 397396 UTM-Y: 4160791 Depth: 3 Value: 7.46 Station: CB6.1
 --- UTM-X: 397396 UTM-Y: 4160791 Depth: 3.5 Value: 7.4 Station: CB6.1
 --- UTM-X: 397396 UTM-Y: 4160791 Depth: 4 Value: 7.34 Station: CB6.1
 --- UTM-X: 397396 UTM-Y: 4160791 Depth: 4.5 Value: 7.29 Station: CB6.1
 --- UTM-X: 397396 UTM-Y: 4160791 Depth: 5 Value: 7.24 Station: CB6.1
 --- UTM-X: 397396 UTM-Y: 4160791 Depth: 5.5 Value: 6.965 Station: CB6.1
 --- UTM-X: 397396 UTM-Y: 4160791 Depth: 6 Value: 6.69 Station: CB6.1
 --- UTM-X: 397396 UTM-Y: 4160791 Depth: 6.5 Value: 4.68 Station: CB6.1
 --- UTM-X: 397396 UTM-Y: 4160791 Depth: 7 Value: 2.67 Station: CB6.1
 --- UTM-X: 397396 UTM-Y: 4160791 Depth: 7.5 Value: 1.82 Station: CB6.1
 --- UTM-X: 397396 UTM-Y: 4160791 Depth: 8 Value: 0.97 Station: CB6.1
 --- UTM-X: 397396 UTM-Y: 4160791 Depth: 8.5 Value: 0.95 Station: CB6.1
 --- UTM-X: 397396 UTM-Y: 4160791 Depth: 9 Value: 0.93 Station: CB6.1
 --- UTM-X: 397396 UTM-Y: 4160791 Depth: 9.5 Value: 0.96 Station: CB6.1
 --- UTM-X: 397396 UTM-Y: 4160791 Depth: 10 Value: 0.99 Station: CB6.1
 --- UTM-X: 397396 UTM-Y: 4160791 Depth: 10.5 Value: 1.035 Station: CB6.1
 --- UTM-X: 397396 UTM-Y: 4160791 Depth: 11 Value: 1.08 Station: CB6.1
 --- UTM-X: 412737 UTM-Y: 4171156 Depth: 0 Value: 9.21 Station: CB7.1
 --- UTM-X: 412737 UTM-Y: 4171156 Depth: 0.5 Value: 9.21 Station: CB7.1
 --- UTM-X: 412737 UTM-Y: 4171156 Depth: 1 Value: 9.21 Station: CB7.1
 --- UTM-X: 412737 UTM-Y: 4171156 Depth: 1.5 Value: 9.205 Station: CB7.1
 --- UTM-X: 412737 UTM-Y: 4171156 Depth: 2 Value: 9.2 Station: CB7.1
 --- UTM-X: 412737 UTM-Y: 4171156 Depth: 2.5 Value: 8.675 Station: CB7.1
 --- UTM-X: 412737 UTM-Y: 4171156 Depth: 3 Value: 8.15 Station: CB7.1
 --- UTM-X: 412737 UTM-Y: 4171156 Depth: 3.5 Value: 7.725 Station: CB7.1
 --- UTM-X: 412737 UTM-Y: 4171156 Depth: 4 Value: 7.3 Station: CB7.1
 --- UTM-X: 412737 UTM-Y: 4171156 Depth: 4.5 Value: 7.08 Station: CB7.1
 --- UTM-X: 412737 UTM-Y: 4171156 Depth: 5 Value: 6.86 Station: CB7.1
 --- UTM-X: 412737 UTM-Y: 4171156 Depth: 5.5 Value: 6.27 Station: CB7.1
 --- UTM-X: 412737 UTM-Y: 4171156 Depth: 6 Value: 5.68 Station: CB7.1
 --- UTM-X: 412737 UTM-Y: 4171156 Depth: 6.5 Value: 5.185 Station: CB7.1
 --- UTM-X: 412737 UTM-Y: 4171156 Depth: 7 Value: 4.69 Station: CB7.1
 --- UTM-X: 412737 UTM-Y: 4171156 Depth: 7.5 Value: 4.25 Station: CB7.1
 --- UTM-X: 412737 UTM-Y: 4171156 Depth: 8 Value: 3.81 Station: CB7.1
 --- UTM-X: 412737 UTM-Y: 4171156 Depth: 8.5 Value: 3.38 Station: CB7.1
 --- UTM-X: 412737 UTM-Y: 4171156 Depth: 9 Value: 2.95 Station: CB7.1
 --- UTM-X: 412737 UTM-Y: 4171156 Depth: 9.5 Value: 2.705 Station: CB7.1
 --- UTM-X: 412737 UTM-Y: 4171156 Depth: 10 Value: 2.46 Station: CB7.1
 --- UTM-X: 412737 UTM-Y: 4171156 Depth: 10.5 Value: 2.555 Station: CB7.1
 --- UTM-X: 412737 UTM-Y: 4171156 Depth: 11 Value: 2.65 Station: CB7.1
 --- UTM-X: 412737 UTM-Y: 4171156 Depth: 11.5 Value: 2.35 Station: CB7.1
 --- UTM-X: 412737 UTM-Y: 4171156 Depth: 12 Value: 2.05 Station: CB7.1
 --- UTM-X: 412737 UTM-Y: 4171156 Depth: 12.5 Value: 2.075 Station: CB7.1
 --- UTM-X: 412737 UTM-Y: 4171156 Depth: 13 Value: 2.1 Station: CB7.1
 --- UTM-X: 412737 UTM-Y: 4171156 Depth: 13.5 Value: 2.16 Station: CB7.1
 --- UTM-X: 412737 UTM-Y: 4171156 Depth: 14 Value: 2.22 Station: CB7.1
 --- UTM-X: 412737 UTM-Y: 4171156 Depth: 14.5 Value: 2.285 Station: CB7.1
 --- UTM-X: 412737 UTM-Y: 4171156 Depth: 15 Value: 2.35 Station: CB7.1
 --- UTM-X: 412737 UTM-Y: 4171156 Depth: 15.5 Value: 2.425 Station: CB7.1
 --- UTM-X: 412737 UTM-Y: 4171156 Depth: 16 Value: 2.5 Station: CB7.1
 --- UTM-X: 414166 UTM-Y: 4181313 Depth: 0 Value: 8.01 Station: CB7.1N
 --- UTM-X: 414166 UTM-Y: 4181313 Depth: 0.5 Value: 8.01 Station: CB7.1N
 --- UTM-X: 414166 UTM-Y: 4181313 Depth: 1 Value: 8.01 Station: CB7.1N
 --- UTM-X: 414166 UTM-Y: 4181313 Depth: 1.5 Value: 7.92 Station: CB7.1N
 --- UTM-X: 414166 UTM-Y: 4181313 Depth: 2 Value: 7.83 Station: CB7.1N
 --- UTM-X: 414166 UTM-Y: 4181313 Depth: 2.5 Value: 7.835 Station: CB7.1N
 --- UTM-X: 414166 UTM-Y: 4181313 Depth: 3 Value: 7.84 Station: CB7.1N
 --- UTM-X: 414166 UTM-Y: 4181313 Depth: 3.5 Value: 7.87 Station: CB7.1N
 --- UTM-X: 414166 UTM-Y: 4181313 Depth: 4 Value: 7.9 Station: CB7.1N
 --- UTM-X: 414166 UTM-Y: 4181313 Depth: 4.5 Value: 7.925 Station: CB7.1N
 --- UTM-X: 414166 UTM-Y: 4181313 Depth: 5 Value: 7.95 Station: CB7.1N
 --- UTM-X: 414166 UTM-Y: 4181313 Depth: 5.5 Value: 7.935 Station: CB7.1N
 --- UTM-X: 414166 UTM-Y: 4181313 Depth: 6 Value: 7.92 Station: CB7.1N
 --- UTM-X: 414166 UTM-Y: 4181313 Depth: 6.5 Value: 7.905 Station: CB7.1N
 --- UTM-X: 414166 UTM-Y: 4181313 Depth: 7 Value: 7.89 Station: CB7.1N
 --- UTM-X: 414166 UTM-Y: 4181313 Depth: 7.5 Value: 7.875 Station: CB7.1N
 --- UTM-X: 414166 UTM-Y: 4181313 Depth: 8 Value: 7.86 Station: CB7.1N
 --- UTM-X: 414166 UTM-Y: 4181313 Depth: 8.5 Value: 7.835 Station: CB7.1N
 --- UTM-X: 414166 UTM-Y: 4181313 Depth: 9 Value: 7.81 Station: CB7.1N
 --- UTM-X: 414166 UTM-Y: 4181313 Depth: 9.5 Value: 7.78 Station: CB7.1N
 --- UTM-X: 414166 UTM-Y: 4181313 Depth: 10 Value: 7.75 Station: CB7.1N
 --- UTM-X: 414166 UTM-Y: 4181313 Depth: 10.5 Value: 7.68 Station: CB7.1N
 --- UTM-X: 414166 UTM-Y: 4181313 Depth: 11 Value: 7.61 Station: CB7.1N
 --- UTM-X: 414166 UTM-Y: 4181313 Depth: 11.5 Value: 7.555 Station: CB7.1N
 --- UTM-X: 414166 UTM-Y: 4181313 Depth: 12 Value: 7.5 Station: CB7.1N
 --- UTM-X: 414166 UTM-Y: 4181313 Depth: 12.5 Value: 7.32 Station: CB7.1N
 --- UTM-X: 414166 UTM-Y: 4181313 Depth: 13 Value: 7.14 Station: CB7.1N
 --- UTM-X: 414166 UTM-Y: 4181313 Depth: 13.5 Value: 6.01 Station: CB7.1N
 --- UTM-X: 414166 UTM-Y: 4181313 Depth: 14 Value: 4.88 Station: CB7.1N
 --- UTM-X: 414166 UTM-Y: 4181313 Depth: 14.5 Value: 4.865 Station: CB7.1N
 --- UTM-X: 414166 UTM-Y: 4181313 Depth: 15 Value: 4.85 Station: CB7.1N
 --- UTM-X: 414166 UTM-Y: 4181313 Depth: 15.5 Value: 4.865 Station: CB7.1N
 --- UTM-X: 414166 UTM-Y: 4181313 Depth: 16 Value: 4.88 Station: CB7.1N
 --- UTM-X: 414166 UTM-Y: 4181313 Depth: 16.5 Value: 4.885 Station: CB7.1N
 --- UTM-X: 414166 UTM-Y: 4181313 Depth: 17 Value: 4.89 Station: CB7.1N
 --- UTM-X: 414166 UTM-Y: 4181313 Depth: 17.5 Value: 4.87 Station: CB7.1N
 --- UTM-X: 414166 UTM-Y: 4181313 Depth: 18 Value: 4.85 Station: CB7.1N
 --- UTM-X: 414166 UTM-Y: 4181313 Depth: 18.5 Value: 4.76 Station: CB7.1N
 --- UTM-X: 414166 UTM-Y: 4181313 Depth: 19 Value: 4.67 Station: CB7.1N
 --- UTM-X: 414166 UTM-Y: 4181313 Depth: 19.5 Value: 4.525 Station: CB7.1N
 --- UTM-X: 414166 UTM-Y: 4181313 Depth: 20 Value: 4.38 Station: CB7.1N
 --- UTM-X: 414166 UTM-Y: 4181313 Depth: 20.5 Value: 4.315 Station: CB7.1N
 --- UTM-X: 414166 UTM-Y: 4181313 Depth: 21 Value: 4.25 Station: CB7.1N
 --- UTM-X: 414166 UTM-Y: 4181313 Depth: 21.5 Value: 4.07 Station: CB7.1N
 --- UTM-X: 414166 UTM-Y: 4181313 Depth: 22 Value: 3.89 Station: CB7.1N
 --- UTM-X: 414166 UTM-Y: 4181313 Depth: 22.5 Value: 3.895 Station: CB7.1N
 --- UTM-X: 414166 UTM-Y: 4181313 Depth: 23 Value: 3.9 Station: CB7.1N
 --- UTM-X: 414166 UTM-Y: 4181313 Depth: 23.5 Value: 3.935 Station: CB7.1N
 --- UTM-X: 414166 UTM-Y: 4181313 Depth: 24 Value: 3.97 Station: CB7.1N
 --- UTM-X: 406584 UTM-Y: 4159881 Depth: 0 Value: 8.11 Station: CB7.1S
 --- UTM-X: 406584 UTM-Y: 4159881 Depth: 0.5 Value: 8.11 Station: CB7.1S
 --- UTM-X: 406584 UTM-Y: 4159881 Depth: 1 Value: 8.11 Station: CB7.1S
 --- UTM-X: 406584 UTM-Y: 4159881 Depth: 1.5 Value: 8.165 Station: CB7.1S
 --- UTM-X: 406584 UTM-Y: 4159881 Depth: 2 Value: 8.22 Station: CB7.1S
 --- UTM-X: 406584 UTM-Y: 4159881 Depth: 2.5 Value: 7.98 Station: CB7.1S
 --- UTM-X: 406584 UTM-Y: 4159881 Depth: 3 Value: 7.74 Station: CB7.1S
 --- UTM-X: 406584 UTM-Y: 4159881 Depth: 3.5 Value: 7.58 Station: CB7.1S
 --- UTM-X: 406584 UTM-Y: 4159881 Depth: 4 Value: 7.42 Station: CB7.1S
 --- UTM-X: 406584 UTM-Y: 4159881 Depth: 4.5 Value: 7.325 Station: CB7.1S
 --- UTM-X: 406584 UTM-Y: 4159881 Depth: 5 Value: 7.23 Station: CB7.1S
 --- UTM-X: 406584 UTM-Y: 4159881 Depth: 5.5 Value: 7.01 Station: CB7.1S
 --- UTM-X: 406584 UTM-Y: 4159881 Depth: 6 Value: 6.79 Station: CB7.1S
 --- UTM-X: 406584 UTM-Y: 4159881 Depth: 6.5 Value: 5.48 Station: CB7.1S
 --- UTM-X: 406584 UTM-Y: 4159881 Depth: 7 Value: 4.17 Station: CB7.1S
 --- UTM-X: 406584 UTM-Y: 4159881 Depth: 7.5 Value: 4.135 Station: CB7.1S
 --- UTM-X: 406584 UTM-Y: 4159881 Depth: 8 Value: 4.1 Station: CB7.1S
 --- UTM-X: 406584 UTM-Y: 4159881 Depth: 8.5 Value: 4.09 Station: CB7.1S
 --- UTM-X: 406584 UTM-Y: 4159881 Depth: 9 Value: 4.08 Station: CB7.1S
 --- UTM-X: 406584 UTM-Y: 4159881 Depth: 9.5 Value: 4.015 Station: CB7.1S
 --- UTM-X: 406584 UTM-Y: 4159881 Depth: 10 Value: 3.95 Station: CB7.1S
 --- UTM-X: 406584 UTM-Y: 4159881 Depth: 10.5 Value: 3.595 Station: CB7.1S
 --- UTM-X: 406584 UTM-Y: 4159881 Depth: 11 Value: 3.24 Station: CB7.1S
 --- UTM-X: 406584 UTM-Y: 4159881 Depth: 11.5 Value: 3.255 Station: CB7.1S
 --- UTM-X: 406584 UTM-Y: 4159881 Depth: 12 Value: 3.27 Station: CB7.1S
 --- UTM-X: 406584 UTM-Y: 4159881 Depth: 12.5 Value: 3.27 Station: CB7.1S
 --- UTM-X: 406584 UTM-Y: 4159881 Depth: 13 Value: 3.27 Station: CB7.1S
 --- UTM-X: 406584 UTM-Y: 4159881 Depth: 13.5 Value: 3.265 Station: CB7.1S
 --- UTM-X: 406584 UTM-Y: 4159881 Depth: 14 Value: 3.26 Station: CB7.1S
 --- UTM-X: 406584 UTM-Y: 4159881 Depth: 14.5 Value: 3.275 Station: CB7.1S
 --- UTM-X: 406584 UTM-Y: 4159881 Depth: 15 Value: 3.29 Station: CB7.1S
 --- UTM-X: 406584 UTM-Y: 4159881 Depth: 15.5 Value: 3.31 Station: CB7.1S
 --- UTM-X: 406584 UTM-Y: 4159881 Depth: 16 Value: 3.33 Station: CB7.1S
 --- UTM-X: 414660 UTM-Y: 4228468 Depth: 0 Value: 6.8 Station: EE3.1
 --- UTM-X: 414660 UTM-Y: 4228468 Depth: 0.5 Value: 6.8 Station: EE3.1
 --- UTM-X: 414660 UTM-Y: 4228468 Depth: 1 Value: 6.8 Station: EE3.1
 --- UTM-X: 414660 UTM-Y: 4228468 Depth: 1.5 Value: 6.7 Station: EE3.1
 --- UTM-X: 414660 UTM-Y: 4228468 Depth: 2 Value: 6.6 Station: EE3.1
 --- UTM-X: 414660 UTM-Y: 4228468 Depth: 2.5 Value: 6.55 Station: EE3.1
 --- UTM-X: 414660 UTM-Y: 4228468 Depth: 3 Value: 6.5 Station: EE3.1
 --- UTM-X: 414660 UTM-Y: 4228468 Depth: 3.5 Value: 6.55 Station: EE3.1
 --- UTM-X: 414660 UTM-Y: 4228468 Depth: 4 Value: 6.6 Station: EE3.1
 --- UTM-X: 414660 UTM-Y: 4228468 Depth: 4.5 Value: 6.6 Station: EE3.1
 --- UTM-X: 414660 UTM-Y: 4228468 Depth: 5 Value: 6.6 Station: EE3.1
 --- UTM-X: 414660 UTM-Y: 4228468 Depth: 5.5 Value: 6.6 Station: EE3.1
 --- UTM-X: 414660 UTM-Y: 4228468 Depth: 6 Value: 6.6 Station: EE3.1
 --- UTM-X: 414660 UTM-Y: 4228468 Depth: 6.5 Value: 6.6 Station: EE3.1
 --- UTM-X: 414660 UTM-Y: 4228468 Depth: 7 Value: 6.6 Station: EE3.1
 --- UTM-X: 414660 UTM-Y: 4228468 Depth: 7.5 Value: 6.6 Station: EE3.1
 --- UTM-X: 414660 UTM-Y: 4228468 Depth: 8 Value: 6.6 Station: EE3.1
 --- UTM-X: 414660 UTM-Y: 4228468 Depth: 8.5 Value: 6.65 Station: EE3.1
 --- UTM-X: 414660 UTM-Y: 4228468 Depth: 9 Value: 6.7 Station: EE3.1
 --- UTM-X: 414660 UTM-Y: 4228468 Depth: 9.5 Value: 6.7 Station: EE3.1
 --- UTM-X: 414660 UTM-Y: 4228468 Depth: 10 Value: 6.7 Station: EE3.1
 --- UTM-X: 414660 UTM-Y: 4228468 Depth: 10.5 Value: 6.65 Station: EE3.1
 --- UTM-X: 414660 UTM-Y: 4228468 Depth: 11 Value: 6.6 Station: EE3.1
 --- UTM-X: 418794 UTM-Y: 4204010 Depth: 0 Value: 7.5 Station: EE3.2
 --- UTM-X: 418794 UTM-Y: 4204010 Depth: 0.5 Value: 7.45 Station: EE3.2
 --- UTM-X: 418794 UTM-Y: 4204010 Depth: 1 Value: 7.4 Station: EE3.2
 --- UTM-X: 418794 UTM-Y: 4204010 Depth: 1.5 Value: 7.35 Station: EE3.2
 --- UTM-X: 418794 UTM-Y: 4204010 Depth: 2 Value: 7.3 Station: EE3.2
 --- UTM-X: 418794 UTM-Y: 4204010 Depth: 2.5 Value: 7.2 Station: EE3.2
 --- UTM-X: 418794 UTM-Y: 4204010 Depth: 3 Value: 7.1 Station: EE3.2
 --- UTM-X: 418794 UTM-Y: 4204010 Depth: 3.5 Value: 6.975 Station: EE3.2
 --- UTM-X: 418794 UTM-Y: 4204010 Depth: 4 Value: 6.85 Station: EE3.2
 --- UTM-X: 418794 UTM-Y: 4204010 Depth: 4.5 Value: 6.725 Station: EE3.2
 --- UTM-X: 418794 UTM-Y: 4204010 Depth: 5 Value: 6.6 Station: EE3.2
 --- UTM-X: 418794 UTM-Y: 4204010 Depth: 5.5 Value: 6.6 Station: EE3.2
 --- UTM-X: 418794 UTM-Y: 4204010 Depth: 6 Value: 6.6 Station: EE3.2
 --- UTM-X: 418794 UTM-Y: 4204010 Depth: 6.5 Value: 6.6 Station: EE3.2
 --- UTM-X: 418794 UTM-Y: 4204010 Depth: 7 Value: 6.6 Station: EE3.2
 --- UTM-X: 418794 UTM-Y: 4204010 Depth: 7.5 Value: 6.625 Station: EE3.2
 --- UTM-X: 418794 UTM-Y: 4204010 Depth: 8 Value: 6.65 Station: EE3.2
 --- UTM-X: 418794 UTM-Y: 4204010 Depth: 8.5 Value: 6.675 Station: EE3.2
 --- UTM-X: 418794 UTM-Y: 4204010 Depth: 9 Value: 6.7 Station: EE3.2
 --- UTM-X: 418794 UTM-Y: 4204010 Depth: 9.5 Value: 6.65 Station: EE3.2
 --- UTM-X: 418794 UTM-Y: 4204010 Depth: 10 Value: 6.6 Station: EE3.2
 --- UTM-X: 418794 UTM-Y: 4204010 Depth: 10.5 Value: 6.55 Station: EE3.2
 --- UTM-X: 418794 UTM-Y: 4204010 Depth: 11 Value: 6.5 Station: EE3.2
 --- UTM-X: 418794 UTM-Y: 4204010 Depth: 11.5 Value: 6.45 Station: EE3.2
 --- UTM-X: 418794 UTM-Y: 4204010 Depth: 12 Value: 6.4 Station: EE3.2
 --- UTM-X: 418794 UTM-Y: 4204010 Depth: 12.5 Value: 6.35 Station: EE3.2
 --- UTM-X: 418794 UTM-Y: 4204010 Depth: 13 Value: 6.3 Station: EE3.2
 --- UTM-X: 418794 UTM-Y: 4204010 Depth: 13.5 Value: 6.25 Station: EE3.2
 --- UTM-X: 418794 UTM-Y: 4204010 Depth: 14 Value: 6.2 Station: EE3.2
 --- UTM-X: 418794 UTM-Y: 4204010 Depth: 14.5 Value: 6.15 Station: EE3.2
 --- UTM-X: 418794 UTM-Y: 4204010 Depth: 15 Value: 6.1 Station: EE3.2
 --- UTM-X: 418794 UTM-Y: 4204010 Depth: 15.5 Value: 6.025 Station: EE3.2
 --- UTM-X: 418794 UTM-Y: 4204010 Depth: 16 Value: 5.95 Station: EE3.2
 --- UTM-X: 418794 UTM-Y: 4204010 Depth: 16.5 Value: 5.875 Station: EE3.2
 --- UTM-X: 418794 UTM-Y: 4204010 Depth: 17 Value: 5.8 Station: EE3.2
 --- UTM-X: 418794 UTM-Y: 4204010 Depth: 17.5 Value: 5.8 Station: EE3.2
 --- UTM-X: 418794 UTM-Y: 4204010 Depth: 18 Value: 5.8 Station: EE3.2
 --- UTM-X: 418794 UTM-Y: 4204010 Depth: 18.5 Value: 5.7 Station: EE3.2
 --- UTM-X: 418794 UTM-Y: 4204010 Depth: 19 Value: 5.6 Station: EE3.2
 --- UTM-X: 418794 UTM-Y: 4204010 Depth: 19.5 Value: 5.575 Station: EE3.2
 --- UTM-X: 418794 UTM-Y: 4204010 Depth: 20 Value: 5.55 Station: EE3.2
 --- UTM-X: 418794 UTM-Y: 4204010 Depth: 20.5 Value: 5.525 Station: EE3.2
 --- UTM-X: 418794 UTM-Y: 4204010 Depth: 21 Value: 5.5 Station: EE3.2
 --- UTM-X: 418794 UTM-Y: 4204010 Depth: 21.5 Value: 5.475 Station: EE3.2
 --- UTM-X: 418794 UTM-Y: 4204010 Depth: 22 Value: 5.45 Station: EE3.2
 --- UTM-X: 418794 UTM-Y: 4204010 Depth: 22.5 Value: 5.425 Station: EE3.2
 --- UTM-X: 418794 UTM-Y: 4204010 Depth: 23 Value: 5.4 Station: EE3.2
 --- UTM-X: 418794 UTM-Y: 4204010 Depth: 23.5 Value: 5.4 Station: EE3.2
 --- UTM-X: 418794 UTM-Y: 4204010 Depth: 24 Value: 5.4 Station: EE3.2
 --- UTM-X: 418794 UTM-Y: 4204010 Depth: 24.5 Value: 5.4 Station: EE3.2
 --- UTM-X: 418794 UTM-Y: 4204010 Depth: 25 Value: 5.4 Station: EE3.2
 --- UTM-X: 418794 UTM-Y: 4204010 Depth: 25.5 Value: 5.4 Station: EE3.2
 --- UTM-X: 418794 UTM-Y: 4204010 Depth: 26 Value: 5.4 Station: EE3.2
 --- UTM-X: 418794 UTM-Y: 4204010 Depth: 26.5 Value: 5.4 Station: EE3.2
 --- UTM-X: 432666 UTM-Y: 4199634 Depth: 0 Value: 6.5 Station: EE3.3
 --- UTM-X: 432666 UTM-Y: 4199634 Depth: 0.5 Value: 6.5 Station: EE3.3
 --- UTM-X: 432666 UTM-Y: 4199634 Depth: 1 Value: 6.5 Station: EE3.3
 --- UTM-X: 432666 UTM-Y: 4199634 Depth: 1.5 Value: 6.5 Station: EE3.3
 --- UTM-X: 432666 UTM-Y: 4199634 Depth: 2 Value: 6.5 Station: EE3.3
 --- UTM-X: 432666 UTM-Y: 4199634 Depth: 2.5 Value: 6.458 Station: EE3.3
 --- UTM-X: 432666 UTM-Y: 4199634 Depth: 3 Value: 6.417 Station: EE3.3
 --- UTM-X: 430437 UTM-Y: 4195954 Depth: 0 Value: 7.57 Station: EE3.4
 --- UTM-X: 430437 UTM-Y: 4195954 Depth: 0.5 Value: 7.57 Station: EE3.4
 --- UTM-X: 430437 UTM-Y: 4195954 Depth: 1 Value: 7.57 Station: EE3.4
 --- UTM-X: 430437 UTM-Y: 4195954 Depth: 1.5 Value: 7.68 Station: EE3.4
 --- UTM-X: 430437 UTM-Y: 4195954 Depth: 2 Value: 7.79 Station: EE3.4
 --- UTM-X: 430437 UTM-Y: 4195954 Depth: 2.5 Value: 7.73 Station: EE3.4
 --- UTM-X: 430437 UTM-Y: 4195954 Depth: 3 Value: 7.67 Station: EE3.4
 --- UTM-X: 425661 UTM-Y: 4183574 Depth: 0 Value: 7.69 Station: EE3.5
 --- UTM-X: 425661 UTM-Y: 4183574 Depth: 0.5 Value: 7.69 Station: EE3.5
 --- UTM-X: 425661 UTM-Y: 4183574 Depth: 1 Value: 7.69 Station: EE3.5
 --- UTM-X: 425661 UTM-Y: 4183574 Depth: 1.5 Value: 7.38 Station: EE3.5
 --- UTM-X: 425661 UTM-Y: 4183574 Depth: 2 Value: 7.07 Station: EE3.5
 --- UTM-X: 425661 UTM-Y: 4183574 Depth: 2.5 Value: 6.95 Station: EE3.5
 --- UTM-X: 425661 UTM-Y: 4183574 Depth: 3 Value: 6.83 Station: EE3.5
 --- UTM-X: 425661 UTM-Y: 4183574 Depth: 3.5 Value: 6.795 Station: EE3.5
 --- UTM-X: 425661 UTM-Y: 4183574 Depth: 4 Value: 6.76 Station: EE3.5
 --- UTM-X: 425661 UTM-Y: 4183574 Depth: 4.5 Value: 6.67 Station: EE3.5
 --- UTM-X: 425661 UTM-Y: 4183574 Depth: 5 Value: 6.58 Station: EE3.5
 --- UTM-X: 425661 UTM-Y: 4183574 Depth: 5.5 Value: 6.53 Station: EE3.5
 --- UTM-X: 425661 UTM-Y: 4183574 Depth: 6 Value: 6.48 Station: EE3.5
 --- UTM-X: 425661 UTM-Y: 4183574 Depth: 6.5 Value: 6.28 Station: EE3.5
 --- UTM-X: 425661 UTM-Y: 4183574 Depth: 7 Value: 6.08 Station: EE3.5
 --- UTM-X: 425661 UTM-Y: 4183574 Depth: 7.5 Value: 5.89 Station: EE3.5
 --- UTM-X: 425661 UTM-Y: 4183574 Depth: 8 Value: 5.7 Station: EE3.5
 --- UTM-X: 425661 UTM-Y: 4183574 Depth: 8.5 Value: 5.505 Station: EE3.5
 --- UTM-X: 425661 UTM-Y: 4183574 Depth: 9 Value: 5.31 Station: EE3.5
 --- UTM-X: 425661 UTM-Y: 4183574 Depth: 9.5 Value: 5.11 Station: EE3.5
 --- UTM-X: 425661 UTM-Y: 4183574 Depth: 10 Value: 4.91 Station: EE3.5
 --- UTM-X: 425661 UTM-Y: 4183574 Depth: 10.5 Value: 4.975 Station: EE3.5
 --- UTM-X: 425661 UTM-Y: 4183574 Depth: 11 Value: 5.04 Station: EE3.5
 --- UTM-X: 425661 UTM-Y: 4183574 Depth: 11.5 Value: 4.475 Station: EE3.5
 --- UTM-X: 425661 UTM-Y: 4183574 Depth: 12 Value: 3.91 Station: EE3.5
 --- UTM-X: 425661 UTM-Y: 4183574 Depth: 12.5 Value: 4.755 Station: EE3.5
 --- UTM-X: 425661 UTM-Y: 4183574 Depth: 13 Value: 5.6 Station: EE3.5
 --- UTM-X: 425661 UTM-Y: 4183574 Depth: 13.5 Value: 5.64 Station: EE3.5
 --- UTM-X: 425661 UTM-Y: 4183574 Depth: 14 Value: 5.68 Station: EE3.5
 --- UTM-X: 425661 UTM-Y: 4183574 Depth: 14.5 Value: 5.52 Station: EE3.5
 --- UTM-X: 425661 UTM-Y: 4183574 Depth: 15 Value: 5.36 Station: EE3.5
 --- UTM-X: 425661 UTM-Y: 4183574 Depth: 15.5 Value: 4.66 Station: EE3.5
 --- UTM-X: 425661 UTM-Y: 4183574 Depth: 16 Value: 3.96 Station: EE3.5
 --- UTM-X: 425661 UTM-Y: 4183574 Depth: 16.5 Value: 3.8 Station: EE3.5
 --- UTM-X: 425661 UTM-Y: 4183574 Depth: 17 Value: 3.64 Station: EE3.5
 --- UTM-X: 425661 UTM-Y: 4183574 Depth: 17.5 Value: 3.48 Station: EE3.5
 --- UTM-X: 425661 UTM-Y: 4183574 Depth: 18 Value: 3.32 Station: EE3.5
 --- UTM-X: 425661 UTM-Y: 4183574 Depth: 18.5 Value: 3.205 Station: EE3.5
 --- UTM-X: 425661 UTM-Y: 4183574 Depth: 19 Value: 3.09 Station: EE3.5
 --- UTM-X: 425661 UTM-Y: 4183574 Depth: 19.5 Value: 3.01 Station: EE3.5
 --- UTM-X: 425661 UTM-Y: 4183574 Depth: 20 Value: 2.93 Station: EE3.5
 --- UTM-X: 425661 UTM-Y: 4183574 Depth: 20.5 Value: 3.345 Station: EE3.5
 --- UTM-X: 425661 UTM-Y: 4183574 Depth: 21 Value: 3.76 Station: EE3.5
 --- UTM-X: 425661 UTM-Y: 4183574 Depth: 21.5 Value: 3.61 Station: EE3.5
 --- UTM-X: 425661 UTM-Y: 4183574 Depth: 22 Value: 3.46 Station: EE3.5
 --- UTM-X: 425661 UTM-Y: 4183574 Depth: 22.5 Value: 2.795 Station: EE3.5
 --- UTM-X: 425661 UTM-Y: 4183574 Depth: 23 Value: 2.13 Station: EE3.5
 --- UTM-X: 425661 UTM-Y: 4183574 Depth: 23.5 Value: 1.99 Station: EE3.5
 --- UTM-X: 425661 UTM-Y: 4183574 Depth: 24 Value: 1.85 Station: EE3.5
 --- UTM-X: 425661 UTM-Y: 4183574 Depth: 24.5 Value: 1.855 Station: EE3.5
 --- UTM-X: 425661 UTM-Y: 4183574 Depth: 25 Value: 1.86 Station: EE3.5
 --- UTM-X: 428467 UTM-Y: 4221862 Depth: 0 Value: 6.4 Station: ET8.1
 --- UTM-X: 428467 UTM-Y: 4221862 Depth: 0.5 Value: 6.4 Station: ET8.1
 --- UTM-X: 428467 UTM-Y: 4221862 Depth: 1 Value: 6.4 Station: ET8.1
 --- UTM-X: 428467 UTM-Y: 4221862 Depth: 1.5 Value: 6.3 Station: ET8.1
 --- UTM-X: 428467 UTM-Y: 4221862 Depth: 2 Value: 6.2 Station: ET8.1
 --- UTM-X: 428467 UTM-Y: 4221862 Depth: 2.5 Value: 6.2 Station: ET8.1
 --- UTM-X: 428467 UTM-Y: 4221862 Depth: 3 Value: 6.2 Station: ET8.1
 --- UTM-X: 428467 UTM-Y: 4221862 Depth: 3.5 Value: 6.1 Station: ET8.1
 --- UTM-X: 428467 UTM-Y: 4221862 Depth: 4 Value: 6 Station: ET8.1
 --- UTM-X: 428467 UTM-Y: 4221862 Depth: 4.5 Value: 5.9 Station: ET8.1
 --- UTM-X: 428467 UTM-Y: 4221862 Depth: 5 Value: 5.8 Station: ET8.1
 --- UTM-X: 429117 UTM-Y: 4212609 Depth: 0 Value: 7.2 Station: ET9.1
 --- UTM-X: 429117 UTM-Y: 4212609 Depth: 0.5 Value: 7.2 Station: ET9.1
 --- UTM-X: 429117 UTM-Y: 4212609 Depth: 1 Value: 7.2 Station: ET9.1
 --- UTM-X: 429117 UTM-Y: 4212609 Depth: 1.5 Value: 7.05 Station: ET9.1
 --- UTM-X: 429117 UTM-Y: 4212609 Depth: 2 Value: 6.9 Station: ET9.1
 --- UTM-X: 429117 UTM-Y: 4212609 Depth: 2.5 Value: 6.9 Station: ET9.1
 --- UTM-X: 429117 UTM-Y: 4212609 Depth: 3 Value: 6.9 Station: ET9.1
 --- UTM-X: 429117 UTM-Y: 4212609 Depth: 3.5 Value: 6.75 Station: ET9.1
 --- UTM-X: 429117 UTM-Y: 4212609 Depth: 4 Value: 6.6 Station: ET9.1
 --- UTM-X: 429117 UTM-Y: 4212609 Depth: 4.5 Value: 6.5 Station: ET9.1
 --- UTM-X: 429117 UTM-Y: 4212609 Depth: 5 Value: 6.4 Station: ET9.1
 --- UTM-X: 381705 UTM-Y: 4209059 Depth: 0 Value: 7.3 Station: LE2.3
 --- UTM-X: 381705 UTM-Y: 4209059 Depth: 0.5 Value: 7.2 Station: LE2.3
 --- UTM-X: 381705 UTM-Y: 4209059 Depth: 1 Value: 7.1 Station: LE2.3
 --- UTM-X: 381705 UTM-Y: 4209059 Depth: 1.5 Value: 6.85 Station: LE2.3
 --- UTM-X: 381705 UTM-Y: 4209059 Depth: 2 Value: 6.6 Station: LE2.3
 --- UTM-X: 381705 UTM-Y: 4209059 Depth: 2.5 Value: 6.45 Station: LE2.3
 --- UTM-X: 381705 UTM-Y: 4209059 Depth: 3 Value: 6.3 Station: LE2.3
 --- UTM-X: 381705 UTM-Y: 4209059 Depth: 3.5 Value: 6.15 Station: LE2.3
 --- UTM-X: 381705 UTM-Y: 4209059 Depth: 4 Value: 6 Station: LE2.3
 --- UTM-X: 381705 UTM-Y: 4209059 Depth: 4.5 Value: 5.65 Station: LE2.3
 --- UTM-X: 381705 UTM-Y: 4209059 Depth: 5 Value: 5.3 Station: LE2.3
 --- UTM-X: 381705 UTM-Y: 4209059 Depth: 5.5 Value: 5.2 Station: LE2.3
 --- UTM-X: 381705 UTM-Y: 4209059 Depth: 6 Value: 5.1 Station: LE2.3
 --- UTM-X: 381705 UTM-Y: 4209059 Depth: 6.5 Value: 4.85 Station: LE2.3
 --- UTM-X: 381705 UTM-Y: 4209059 Depth: 7 Value: 4.6 Station: LE2.3
 --- UTM-X: 381705 UTM-Y: 4209059 Depth: 7.5 Value: 2.7 Station: LE2.3
 --- UTM-X: 381705 UTM-Y: 4209059 Depth: 8 Value: 0.8 Station: LE2.3
 --- UTM-X: 381705 UTM-Y: 4209059 Depth: 8.5 Value: 0.6 Station: LE2.3
 --- UTM-X: 381705 UTM-Y: 4209059 Depth: 9 Value: 0.4 Station: LE2.3
 --- UTM-X: 381705 UTM-Y: 4209059 Depth: 9.5 Value: 0.25 Station: LE2.3
 --- UTM-X: 381705 UTM-Y: 4209059 Depth: 10 Value: 0.1 Station: LE2.3
 --- UTM-X: 381705 UTM-Y: 4209059 Depth: 10.5 Value: 0.1 Station: LE2.3
 --- UTM-X: 381705 UTM-Y: 4209059 Depth: 11 Value: 0.1 Station: LE2.3
 --- UTM-X: 381705 UTM-Y: 4209059 Depth: 11.5 Value: 0.1 Station: LE2.3
 --- UTM-X: 381705 UTM-Y: 4209059 Depth: 12 Value: 0.1 Station: LE2.3
 --- UTM-X: 381705 UTM-Y: 4209059 Depth: 12.5 Value: 0.1 Station: LE2.3
 --- UTM-X: 381705 UTM-Y: 4209059 Depth: 13 Value: 0.1 Station: LE2.3
 --- UTM-X: 381705 UTM-Y: 4209059 Depth: 13.5 Value: 0.1 Station: LE2.3
 --- UTM-X: 381705 UTM-Y: 4209059 Depth: 14 Value: 0.1 Station: LE2.3
 --- UTM-X: 381705 UTM-Y: 4209059 Depth: 14.5 Value: 0.1 Station: LE2.3
 --- UTM-X: 381705 UTM-Y: 4209059 Depth: 15 Value: 0.1 Station: LE2.3
 --- UTM-X: 381705 UTM-Y: 4209059 Depth: 15.5 Value: 0.125 Station: LE2.3
 --- UTM-X: 381705 UTM-Y: 4209059 Depth: 16 Value: 0.15 Station: LE2.3
 --- UTM-X: 381705 UTM-Y: 4209059 Depth: 16.5 Value: 0.175 Station: LE2.3
 --- UTM-X: 381705 UTM-Y: 4209059 Depth: 17 Value: 0.2 Station: LE2.3
 --- UTM-X: 386593 UTM-Y: 4161856 Depth: 0 Value: 7.08 Station: LE3.6
 --- UTM-X: 386593 UTM-Y: 4161856 Depth: 0.5 Value: 7.08 Station: LE3.6
 --- UTM-X: 386593 UTM-Y: 4161856 Depth: 1 Value: 7.08 Station: LE3.6
 --- UTM-X: 386593 UTM-Y: 4161856 Depth: 1.5 Value: 7.065 Station: LE3.6
 --- UTM-X: 386593 UTM-Y: 4161856 Depth: 2 Value: 7.05 Station: LE3.6
 --- UTM-X: 386593 UTM-Y: 4161856 Depth: 2.5 Value: 6.99 Station: LE3.6
 --- UTM-X: 386593 UTM-Y: 4161856 Depth: 3 Value: 6.93 Station: LE3.6
 --- UTM-X: 386593 UTM-Y: 4161856 Depth: 3.5 Value: 6.595 Station: LE3.6
 --- UTM-X: 386593 UTM-Y: 4161856 Depth: 4 Value: 6.26 Station: LE3.6
 --- UTM-X: 386593 UTM-Y: 4161856 Depth: 4.5 Value: 6.21 Station: LE3.6
 --- UTM-X: 386593 UTM-Y: 4161856 Depth: 5 Value: 6.16 Station: LE3.6
 --- UTM-X: 386593 UTM-Y: 4161856 Depth: 5.5 Value: 5.505 Station: LE3.6
 --- UTM-X: 386593 UTM-Y: 4161856 Depth: 6 Value: 4.85 Station: LE3.6
 --- UTM-X: 386593 UTM-Y: 4161856 Depth: 6.5 Value: 4.105 Station: LE3.6
 --- UTM-X: 386593 UTM-Y: 4161856 Depth: 7 Value: 3.36 Station: LE3.6
 --- UTM-X: 386593 UTM-Y: 4161856 Depth: 7.5 Value: 2.895 Station: LE3.6
 --- UTM-X: 386593 UTM-Y: 4161856 Depth: 8 Value: 2.43 Station: LE3.6
 --- 4019 cells were interpolated in region TANMH.  Subtotal: 134562 total cells.
 ---- Region was calculated in 0 seconds. Segment volume (m^3) = 4019000000
 
 - Bathymetry Region ID: 1035  Region Name: BSHOH  Data Points: 49 in data region 1035
 -- Cell Size  E-W: 500  N-S: 500  Vertical: 1
 --- Data in Region ---
 --- UTM-X: 398780 UTM-Y: 4355918 Depth: 0 Value: 6.3 Station: CB2.2
 --- UTM-X: 398780 UTM-Y: 4355918 Depth: 0.5 Value: 6.25 Station: CB2.2
 --- UTM-X: 398780 UTM-Y: 4355918 Depth: 1 Value: 6.2 Station: CB2.2
 --- UTM-X: 398780 UTM-Y: 4355918 Depth: 1.5 Value: 6.15 Station: CB2.2
 --- UTM-X: 398780 UTM-Y: 4355918 Depth: 2 Value: 6.1 Station: CB2.2
 --- UTM-X: 398780 UTM-Y: 4355918 Depth: 2.5 Value: 5.85 Station: CB2.2
 --- UTM-X: 398780 UTM-Y: 4355918 Depth: 3 Value: 5.6 Station: CB2.2
 --- UTM-X: 398780 UTM-Y: 4355918 Depth: 3.5 Value: 5.6 Station: CB2.2
 --- UTM-X: 398780 UTM-Y: 4355918 Depth: 4 Value: 5.6 Station: CB2.2
 --- UTM-X: 398780 UTM-Y: 4355918 Depth: 4.5 Value: 5.6 Station: CB2.2
 --- UTM-X: 398780 UTM-Y: 4355918 Depth: 5 Value: 5.6 Station: CB2.2
 --- UTM-X: 398780 UTM-Y: 4355918 Depth: 5.5 Value: 5.55 Station: CB2.2
 --- UTM-X: 398780 UTM-Y: 4355918 Depth: 6 Value: 5.5 Station: CB2.2
 --- UTM-X: 398780 UTM-Y: 4355918 Depth: 6.5 Value: 5.45 Station: CB2.2
 --- UTM-X: 398780 UTM-Y: 4355918 Depth: 7 Value: 5.4 Station: CB2.2
 --- UTM-X: 398780 UTM-Y: 4355918 Depth: 7.5 Value: 5.35 Station: CB2.2
 --- UTM-X: 398780 UTM-Y: 4355918 Depth: 8 Value: 5.3 Station: CB2.2
 --- UTM-X: 398780 UTM-Y: 4355918 Depth: 8.5 Value: 5.2 Station: CB2.2
 --- UTM-X: 398780 UTM-Y: 4355918 Depth: 9 Value: 5.1 Station: CB2.2
 --- UTM-X: 393173 UTM-Y: 4345077 Depth: 0 Value: 6.4 Station: CB3.1
 --- UTM-X: 393173 UTM-Y: 4345077 Depth: 0.5 Value: 6.4 Station: CB3.1
 --- UTM-X: 393173 UTM-Y: 4345077 Depth: 1 Value: 6.4 Station: CB3.1
 --- UTM-X: 393173 UTM-Y: 4345077 Depth: 1.5 Value: 6.3 Station: CB3.1
 --- UTM-X: 393173 UTM-Y: 4345077 Depth: 2 Value: 6.2 Station: CB3.1
 --- UTM-X: 393173 UTM-Y: 4345077 Depth: 2.5 Value: 6.1 Station: CB3.1
 --- UTM-X: 393173 UTM-Y: 4345077 Depth: 3 Value: 6 Station: CB3.1
 --- UTM-X: 393173 UTM-Y: 4345077 Depth: 3.5 Value: 5.9 Station: CB3.1
 --- UTM-X: 393173 UTM-Y: 4345077 Depth: 4 Value: 5.8 Station: CB3.1
 --- UTM-X: 393173 UTM-Y: 4345077 Depth: 4.5 Value: 5.55 Station: CB3.1
 --- UTM-X: 393173 UTM-Y: 4345077 Depth: 5 Value: 5.3 Station: CB3.1
 --- UTM-X: 393173 UTM-Y: 4345077 Depth: 5.5 Value: 5.1 Station: CB3.1
 --- UTM-X: 393173 UTM-Y: 4345077 Depth: 6 Value: 4.9 Station: CB3.1
 --- UTM-X: 393173 UTM-Y: 4345077 Depth: 6.5 Value: 4.8 Station: CB3.1
 --- UTM-X: 393173 UTM-Y: 4345077 Depth: 7 Value: 4.7 Station: CB3.1
 --- UTM-X: 393173 UTM-Y: 4345077 Depth: 7.5 Value: 4.25 Station: CB3.1
 --- UTM-X: 393173 UTM-Y: 4345077 Depth: 8 Value: 3.8 Station: CB3.1
 --- UTM-X: 393173 UTM-Y: 4345077 Depth: 8.5 Value: 2.9 Station: CB3.1
 --- UTM-X: 393173 UTM-Y: 4345077 Depth: 9 Value: 2 Station: CB3.1
 --- UTM-X: 393173 UTM-Y: 4345077 Depth: 9.5 Value: 1.45 Station: CB3.1
 --- UTM-X: 393173 UTM-Y: 4345077 Depth: 10 Value: 0.9 Station: CB3.1
 --- UTM-X: 393173 UTM-Y: 4345077 Depth: 10.5 Value: 0.8 Station: CB3.1
 --- UTM-X: 393173 UTM-Y: 4345077 Depth: 11 Value: 0.7 Station: CB3.1
 --- UTM-X: 393173 UTM-Y: 4345077 Depth: 11.5 Value: 0.8 Station: CB3.1
 --- UTM-X: 393173 UTM-Y: 4345077 Depth: 12 Value: 0.9 Station: CB3.1
 --- UTM-X: 393167 UTM-Y: 4365613 Depth: 0 Value: 5.3 Station: WT1.1
 --- UTM-X: 393167 UTM-Y: 4365613 Depth: 0.5 Value: 5.1 Station: WT1.1
 --- UTM-X: 393167 UTM-Y: 4365613 Depth: 1 Value: 4.9 Station: WT1.1
 --- UTM-X: 393167 UTM-Y: 4365613 Depth: 1.5 Value: 4.6 Station: WT1.1
 --- UTM-X: 393167 UTM-Y: 4365613 Depth: 2 Value: 4.3 Station: WT1.1
 --- 197 cells were interpolated in region BSHOH.  Subtotal: 134759 total cells.
 ---- Region was calculated in 0 seconds. Segment volume (m^3) = 49250000
 
 - Bathymetry Region ID: 1036  Region Name: GUNOH  Data Points: 28 in data region 1036
 -- Cell Size  E-W: 500  N-S: 500  Vertical: 1
 --- Data in Region ---
 --- UTM-X: 393173 UTM-Y: 4345077 Depth: 0 Value: 6.4 Station: CB3.1
 --- UTM-X: 393173 UTM-Y: 4345077 Depth: 0.5 Value: 6.4 Station: CB3.1
 --- UTM-X: 393173 UTM-Y: 4345077 Depth: 1 Value: 6.4 Station: CB3.1
 --- UTM-X: 393173 UTM-Y: 4345077 Depth: 1.5 Value: 6.3 Station: CB3.1
 --- UTM-X: 393173 UTM-Y: 4345077 Depth: 2 Value: 6.2 Station: CB3.1
 --- UTM-X: 393173 UTM-Y: 4345077 Depth: 2.5 Value: 6.1 Station: CB3.1
 --- UTM-X: 393173 UTM-Y: 4345077 Depth: 3 Value: 6 Station: CB3.1
 --- UTM-X: 393173 UTM-Y: 4345077 Depth: 3.5 Value: 5.9 Station: CB3.1
 --- UTM-X: 393173 UTM-Y: 4345077 Depth: 4 Value: 5.8 Station: CB3.1
 --- UTM-X: 393173 UTM-Y: 4345077 Depth: 4.5 Value: 5.55 Station: CB3.1
 --- UTM-X: 393173 UTM-Y: 4345077 Depth: 5 Value: 5.3 Station: CB3.1
 --- UTM-X: 393173 UTM-Y: 4345077 Depth: 5.5 Value: 5.1 Station: CB3.1
 --- UTM-X: 393173 UTM-Y: 4345077 Depth: 6 Value: 4.9 Station: CB3.1
 --- UTM-X: 393173 UTM-Y: 4345077 Depth: 6.5 Value: 4.8 Station: CB3.1
 --- UTM-X: 393173 UTM-Y: 4345077 Depth: 7 Value: 4.7 Station: CB3.1
 --- UTM-X: 393173 UTM-Y: 4345077 Depth: 7.5 Value: 4.25 Station: CB3.1
 --- UTM-X: 393173 UTM-Y: 4345077 Depth: 8 Value: 3.8 Station: CB3.1
 --- UTM-X: 393173 UTM-Y: 4345077 Depth: 8.5 Value: 2.9 Station: CB3.1
 --- UTM-X: 393173 UTM-Y: 4345077 Depth: 9 Value: 2 Station: CB3.1
 --- UTM-X: 393173 UTM-Y: 4345077 Depth: 9.5 Value: 1.45 Station: CB3.1
 --- UTM-X: 393173 UTM-Y: 4345077 Depth: 10 Value: 0.9 Station: CB3.1
 --- UTM-X: 393173 UTM-Y: 4345077 Depth: 10.5 Value: 0.8 Station: CB3.1
 --- UTM-X: 393173 UTM-Y: 4345077 Depth: 11 Value: 0.7 Station: CB3.1
 --- UTM-X: 393173 UTM-Y: 4345077 Depth: 11.5 Value: 0.8 Station: CB3.1
 --- UTM-X: 393173 UTM-Y: 4345077 Depth: 12 Value: 0.9 Station: CB3.1
 --- UTM-X: 384454 UTM-Y: 4360187 Depth: 0 Value: 4.9 Station: WT2.1
 --- UTM-X: 384454 UTM-Y: 4360187 Depth: 0.5 Value: 4.55 Station: WT2.1
 --- UTM-X: 384454 UTM-Y: 4360187 Depth: 1 Value: 4.2 Station: WT2.1
 --- 257 cells were interpolated in region GUNOH.  Subtotal: 135016 total cells.
 ---- Region was calculated in 0 seconds. Segment volume (m^3) = 64250000
 
 - Bathymetry Region ID: 1037  Region Name: MIDOH  Data Points: 32 in data region 1037
 -- Cell Size  E-W: 250  N-S: 250  Vertical: 1
 --- Data in Region ---
 --- UTM-X: 393173 UTM-Y: 4345077 Depth: 0 Value: 6.4 Station: CB3.1
 --- UTM-X: 393173 UTM-Y: 4345077 Depth: 0.5 Value: 6.4 Station: CB3.1
 --- UTM-X: 393173 UTM-Y: 4345077 Depth: 1 Value: 6.4 Station: CB3.1
 --- UTM-X: 393173 UTM-Y: 4345077 Depth: 1.5 Value: 6.3 Station: CB3.1
 --- UTM-X: 393173 UTM-Y: 4345077 Depth: 2 Value: 6.2 Station: CB3.1
 --- UTM-X: 393173 UTM-Y: 4345077 Depth: 2.5 Value: 6.1 Station: CB3.1
 --- UTM-X: 393173 UTM-Y: 4345077 Depth: 3 Value: 6 Station: CB3.1
 --- UTM-X: 393173 UTM-Y: 4345077 Depth: 3.5 Value: 5.9 Station: CB3.1
 --- UTM-X: 393173 UTM-Y: 4345077 Depth: 4 Value: 5.8 Station: CB3.1
 --- UTM-X: 393173 UTM-Y: 4345077 Depth: 4.5 Value: 5.55 Station: CB3.1
 --- UTM-X: 393173 UTM-Y: 4345077 Depth: 5 Value: 5.3 Station: CB3.1
 --- UTM-X: 393173 UTM-Y: 4345077 Depth: 5.5 Value: 5.1 Station: CB3.1
 --- UTM-X: 393173 UTM-Y: 4345077 Depth: 6 Value: 4.9 Station: CB3.1
 --- UTM-X: 393173 UTM-Y: 4345077 Depth: 6.5 Value: 4.8 Station: CB3.1
 --- UTM-X: 393173 UTM-Y: 4345077 Depth: 7 Value: 4.7 Station: CB3.1
 --- UTM-X: 393173 UTM-Y: 4345077 Depth: 7.5 Value: 4.25 Station: CB3.1
 --- UTM-X: 393173 UTM-Y: 4345077 Depth: 8 Value: 3.8 Station: CB3.1
 --- UTM-X: 393173 UTM-Y: 4345077 Depth: 8.5 Value: 2.9 Station: CB3.1
 --- UTM-X: 393173 UTM-Y: 4345077 Depth: 9 Value: 2 Station: CB3.1
 --- UTM-X: 393173 UTM-Y: 4345077 Depth: 9.5 Value: 1.45 Station: CB3.1
 --- UTM-X: 393173 UTM-Y: 4345077 Depth: 10 Value: 0.9 Station: CB3.1
 --- UTM-X: 393173 UTM-Y: 4345077 Depth: 10.5 Value: 0.8 Station: CB3.1
 --- UTM-X: 393173 UTM-Y: 4345077 Depth: 11 Value: 0.7 Station: CB3.1
 --- UTM-X: 393173 UTM-Y: 4345077 Depth: 11.5 Value: 0.8 Station: CB3.1
 --- UTM-X: 393173 UTM-Y: 4345077 Depth: 12 Value: 0.9 Station: CB3.1
 --- UTM-X: 379310 UTM-Y: 4351015 Depth: 0 Value: 5.4 Station: WT3.1
 --- UTM-X: 379310 UTM-Y: 4351015 Depth: 0.5 Value: 5.35 Station: WT3.1
 --- UTM-X: 379310 UTM-Y: 4351015 Depth: 1 Value: 5.3 Station: WT3.1
 --- UTM-X: 379310 UTM-Y: 4351015 Depth: 1.5 Value: 5.05 Station: WT3.1
 --- UTM-X: 379310 UTM-Y: 4351015 Depth: 2 Value: 4.8 Station: WT3.1
 --- UTM-X: 379310 UTM-Y: 4351015 Depth: 2.5 Value: 4.45 Station: WT3.1
 --- UTM-X: 379310 UTM-Y: 4351015 Depth: 3 Value: 4.1 Station: WT3.1
 --- 400 cells were interpolated in region MIDOH.  Subtotal: 135416 total cells.
 ---- Region was calculated in 0 seconds. Segment volume (m^3) = 25000000
 
 - Bathymetry Region ID: 1038  Region Name: BACOH  Data Points: 49 in data region 1038
 -- Cell Size  E-W: 250  N-S: 250  Vertical: 1
 --- Data in Region ---
 --- UTM-X: 393173 UTM-Y: 4345077 Depth: 0 Value: 6.4 Station: CB3.1
 --- UTM-X: 393173 UTM-Y: 4345077 Depth: 0.5 Value: 6.4 Station: CB3.1
 --- UTM-X: 393173 UTM-Y: 4345077 Depth: 1 Value: 6.4 Station: CB3.1
 --- UTM-X: 393173 UTM-Y: 4345077 Depth: 1.5 Value: 6.3 Station: CB3.1
 --- UTM-X: 393173 UTM-Y: 4345077 Depth: 2 Value: 6.2 Station: CB3.1
 --- UTM-X: 393173 UTM-Y: 4345077 Depth: 2.5 Value: 6.1 Station: CB3.1
 --- UTM-X: 393173 UTM-Y: 4345077 Depth: 3 Value: 6 Station: CB3.1
 --- UTM-X: 393173 UTM-Y: 4345077 Depth: 3.5 Value: 5.9 Station: CB3.1
 --- UTM-X: 393173 UTM-Y: 4345077 Depth: 4 Value: 5.8 Station: CB3.1
 --- UTM-X: 393173 UTM-Y: 4345077 Depth: 4.5 Value: 5.55 Station: CB3.1
 --- UTM-X: 393173 UTM-Y: 4345077 Depth: 5 Value: 5.3 Station: CB3.1
 --- UTM-X: 393173 UTM-Y: 4345077 Depth: 5.5 Value: 5.1 Station: CB3.1
 --- UTM-X: 393173 UTM-Y: 4345077 Depth: 6 Value: 4.9 Station: CB3.1
 --- UTM-X: 393173 UTM-Y: 4345077 Depth: 6.5 Value: 4.8 Station: CB3.1
 --- UTM-X: 393173 UTM-Y: 4345077 Depth: 7 Value: 4.7 Station: CB3.1
 --- UTM-X: 393173 UTM-Y: 4345077 Depth: 7.5 Value: 4.25 Station: CB3.1
 --- UTM-X: 393173 UTM-Y: 4345077 Depth: 8 Value: 3.8 Station: CB3.1
 --- UTM-X: 393173 UTM-Y: 4345077 Depth: 8.5 Value: 2.9 Station: CB3.1
 --- UTM-X: 393173 UTM-Y: 4345077 Depth: 9 Value: 2 Station: CB3.1
 --- UTM-X: 393173 UTM-Y: 4345077 Depth: 9.5 Value: 1.45 Station: CB3.1
 --- UTM-X: 393173 UTM-Y: 4345077 Depth: 10 Value: 0.9 Station: CB3.1
 --- UTM-X: 393173 UTM-Y: 4345077 Depth: 10.5 Value: 0.8 Station: CB3.1
 --- UTM-X: 393173 UTM-Y: 4345077 Depth: 11 Value: 0.7 Station: CB3.1
 --- UTM-X: 393173 UTM-Y: 4345077 Depth: 11.5 Value: 0.8 Station: CB3.1
 --- UTM-X: 393173 UTM-Y: 4345077 Depth: 12 Value: 0.9 Station: CB3.1
 --- UTM-X: 387140 UTM-Y: 4335727 Depth: 0 Value: 7.6 Station: CB3.2
 --- UTM-X: 387140 UTM-Y: 4335727 Depth: 0.5 Value: 7.6 Station: CB3.2
 --- UTM-X: 387140 UTM-Y: 4335727 Depth: 1 Value: 7.6 Station: CB3.2
 --- UTM-X: 387140 UTM-Y: 4335727 Depth: 1.5 Value: 7.5 Station: CB3.2
 --- UTM-X: 387140 UTM-Y: 4335727 Depth: 2 Value: 7.4 Station: CB3.2
 --- UTM-X: 387140 UTM-Y: 4335727 Depth: 2.5 Value: 7.35 Station: CB3.2
 --- UTM-X: 387140 UTM-Y: 4335727 Depth: 3 Value: 7.3 Station: CB3.2
 --- UTM-X: 387140 UTM-Y: 4335727 Depth: 3.5 Value: 6.85 Station: CB3.2
 --- UTM-X: 387140 UTM-Y: 4335727 Depth: 4 Value: 6.4 Station: CB3.2
 --- UTM-X: 387140 UTM-Y: 4335727 Depth: 4.5 Value: 6 Station: CB3.2
 --- UTM-X: 387140 UTM-Y: 4335727 Depth: 5 Value: 5.6 Station: CB3.2
 --- UTM-X: 387140 UTM-Y: 4335727 Depth: 5.5 Value: 5.5 Station: CB3.2
 --- UTM-X: 387140 UTM-Y: 4335727 Depth: 6 Value: 5.4 Station: CB3.2
 --- UTM-X: 387140 UTM-Y: 4335727 Depth: 6.5 Value: 4.05 Station: CB3.2
 --- UTM-X: 387140 UTM-Y: 4335727 Depth: 7 Value: 2.7 Station: CB3.2
 --- UTM-X: 387140 UTM-Y: 4335727 Depth: 7.5 Value: 2.4 Station: CB3.2
 --- UTM-X: 387140 UTM-Y: 4335727 Depth: 8 Value: 2.1 Station: CB3.2
 --- UTM-X: 387140 UTM-Y: 4335727 Depth: 8.5 Value: 1.8 Station: CB3.2
 --- UTM-X: 387140 UTM-Y: 4335727 Depth: 9 Value: 1.5 Station: CB3.2
 --- UTM-X: 387140 UTM-Y: 4335727 Depth: 9.5 Value: 0.9 Station: CB3.2
 --- UTM-X: 387140 UTM-Y: 4335727 Depth: 10 Value: 0.3 Station: CB3.2
 --- UTM-X: 374969 UTM-Y: 4349233 Depth: 0 Value: 7.6 Station: WT4.1
 --- UTM-X: 374969 UTM-Y: 4349233 Depth: 0.5 Value: 6.8 Station: WT4.1
 --- UTM-X: 374969 UTM-Y: 4349233 Depth: 1 Value: 6 Station: WT4.1
 --- 358 cells were interpolated in region BACOH.  Subtotal: 135774 total cells.
 ---- Region was calculated in 0 seconds. Segment volume (m^3) = 22375000
 
 - Bathymetry Region ID: 1039  Region Name: PATMH  Data Points: 52 in data region 1039
 -- Cell Size  E-W: 500  N-S: 500  Vertical: 1
 --- Data in Region ---
 --- UTM-X: 387140 UTM-Y: 4335727 Depth: 0 Value: 7.6 Station: CB3.2
 --- UTM-X: 387140 UTM-Y: 4335727 Depth: 0.5 Value: 7.6 Station: CB3.2
 --- UTM-X: 387140 UTM-Y: 4335727 Depth: 1 Value: 7.6 Station: CB3.2
 --- UTM-X: 387140 UTM-Y: 4335727 Depth: 1.5 Value: 7.5 Station: CB3.2
 --- UTM-X: 387140 UTM-Y: 4335727 Depth: 2 Value: 7.4 Station: CB3.2
 --- UTM-X: 387140 UTM-Y: 4335727 Depth: 2.5 Value: 7.35 Station: CB3.2
 --- UTM-X: 387140 UTM-Y: 4335727 Depth: 3 Value: 7.3 Station: CB3.2
 --- UTM-X: 387140 UTM-Y: 4335727 Depth: 3.5 Value: 6.85 Station: CB3.2
 --- UTM-X: 387140 UTM-Y: 4335727 Depth: 4 Value: 6.4 Station: CB3.2
 --- UTM-X: 387140 UTM-Y: 4335727 Depth: 4.5 Value: 6 Station: CB3.2
 --- UTM-X: 387140 UTM-Y: 4335727 Depth: 5 Value: 5.6 Station: CB3.2
 --- UTM-X: 387140 UTM-Y: 4335727 Depth: 5.5 Value: 5.5 Station: CB3.2
 --- UTM-X: 387140 UTM-Y: 4335727 Depth: 6 Value: 5.4 Station: CB3.2
 --- UTM-X: 387140 UTM-Y: 4335727 Depth: 6.5 Value: 4.05 Station: CB3.2
 --- UTM-X: 387140 UTM-Y: 4335727 Depth: 7 Value: 2.7 Station: CB3.2
 --- UTM-X: 387140 UTM-Y: 4335727 Depth: 7.5 Value: 2.4 Station: CB3.2
 --- UTM-X: 387140 UTM-Y: 4335727 Depth: 8 Value: 2.1 Station: CB3.2
 --- UTM-X: 387140 UTM-Y: 4335727 Depth: 8.5 Value: 1.8 Station: CB3.2
 --- UTM-X: 387140 UTM-Y: 4335727 Depth: 9 Value: 1.5 Station: CB3.2
 --- UTM-X: 387140 UTM-Y: 4335727 Depth: 9.5 Value: 0.9 Station: CB3.2
 --- UTM-X: 387140 UTM-Y: 4335727 Depth: 10 Value: 0.3 Station: CB3.2
 --- UTM-X: 368360 UTM-Y: 4341015 Depth: 0 Value: 10.5 Station: WT5.1
 --- UTM-X: 368360 UTM-Y: 4341015 Depth: 0.5 Value: 10.45 Station: WT5.1
 --- UTM-X: 368360 UTM-Y: 4341015 Depth: 1 Value: 10.4 Station: WT5.1
 --- UTM-X: 368360 UTM-Y: 4341015 Depth: 1.5 Value: 8.9 Station: WT5.1
 --- UTM-X: 368360 UTM-Y: 4341015 Depth: 2 Value: 7.4 Station: WT5.1
 --- UTM-X: 368360 UTM-Y: 4341015 Depth: 2.5 Value: 7.3 Station: WT5.1
 --- UTM-X: 368360 UTM-Y: 4341015 Depth: 3 Value: 7.2 Station: WT5.1
 --- UTM-X: 368360 UTM-Y: 4341015 Depth: 3.5 Value: 6.8 Station: WT5.1
 --- UTM-X: 368360 UTM-Y: 4341015 Depth: 4 Value: 6.4 Station: WT5.1
 --- UTM-X: 368360 UTM-Y: 4341015 Depth: 4.5 Value: 4.9 Station: WT5.1
 --- UTM-X: 368360 UTM-Y: 4341015 Depth: 5 Value: 3.4 Station: WT5.1
 --- UTM-X: 368360 UTM-Y: 4341015 Depth: 5.5 Value: 3.1 Station: WT5.1
 --- UTM-X: 368360 UTM-Y: 4341015 Depth: 6 Value: 2.8 Station: WT5.1
 --- UTM-X: 368360 UTM-Y: 4341015 Depth: 6.5 Value: 2.2 Station: WT5.1
 --- UTM-X: 368360 UTM-Y: 4341015 Depth: 7 Value: 1.6 Station: WT5.1
 --- UTM-X: 368360 UTM-Y: 4341015 Depth: 7.5 Value: 1.25 Station: WT5.1
 --- UTM-X: 368360 UTM-Y: 4341015 Depth: 8 Value: 0.9 Station: WT5.1
 --- UTM-X: 368360 UTM-Y: 4341015 Depth: 8.5 Value: 0.65 Station: WT5.1
 --- UTM-X: 368360 UTM-Y: 4341015 Depth: 9 Value: 0.4 Station: WT5.1
 --- UTM-X: 368360 UTM-Y: 4341015 Depth: 9.5 Value: 0.25 Station: WT5.1
 --- UTM-X: 368360 UTM-Y: 4341015 Depth: 10 Value: 0.1 Station: WT5.1
 --- UTM-X: 368360 UTM-Y: 4341015 Depth: 10.5 Value: 0.1 Station: WT5.1
 --- UTM-X: 368360 UTM-Y: 4341015 Depth: 11 Value: 0.1 Station: WT5.1
 --- UTM-X: 368360 UTM-Y: 4341015 Depth: 11.5 Value: 0.1 Station: WT5.1
 --- UTM-X: 368360 UTM-Y: 4341015 Depth: 12 Value: 0.1 Station: WT5.1
 --- UTM-X: 368360 UTM-Y: 4341015 Depth: 12.5 Value: 0.15 Station: WT5.1
 --- UTM-X: 368360 UTM-Y: 4341015 Depth: 13 Value: 0.2 Station: WT5.1
 --- UTM-X: 368360 UTM-Y: 4341015 Depth: 13.5 Value: 0.15 Station: WT5.1
 --- UTM-X: 368360 UTM-Y: 4341015 Depth: 14 Value: 0.1 Station: WT5.1
 --- UTM-X: 368360 UTM-Y: 4341015 Depth: 14.5 Value: 0.1 Station: WT5.1
 --- UTM-X: 368360 UTM-Y: 4341015 Depth: 15 Value: 0.1 Station: WT5.1
 --- 1806 cells were interpolated in region PATMH.  Subtotal: 137580 total cells.
 ---- Region was calculated in 0 seconds. Segment volume (m^3) = 451500000
 
 - Bathymetry Region ID: 1040  Region Name: MAGMH  Data Points: 84 in data region 1040
 -- Cell Size  E-W: 250  N-S: 250  Vertical: 1
 --- Data in Region ---
 --- UTM-X: 382253 UTM-Y: 4317113 Depth: 0 Value: 13.3 Station: CB3.3C
 --- UTM-X: 382253 UTM-Y: 4317113 Depth: 0.5 Value: 13.4 Station: CB3.3C
 --- UTM-X: 382253 UTM-Y: 4317113 Depth: 1 Value: 13.5 Station: CB3.3C
 --- UTM-X: 382253 UTM-Y: 4317113 Depth: 1.5 Value: 13.15 Station: CB3.3C
 --- UTM-X: 382253 UTM-Y: 4317113 Depth: 2 Value: 12.8 Station: CB3.3C
 --- UTM-X: 382253 UTM-Y: 4317113 Depth: 2.5 Value: 10.05 Station: CB3.3C
 --- UTM-X: 382253 UTM-Y: 4317113 Depth: 3 Value: 7.3 Station: CB3.3C
 --- UTM-X: 382253 UTM-Y: 4317113 Depth: 3.5 Value: 6.7 Station: CB3.3C
 --- UTM-X: 382253 UTM-Y: 4317113 Depth: 4 Value: 6.1 Station: CB3.3C
 --- UTM-X: 382253 UTM-Y: 4317113 Depth: 4.5 Value: 6.1 Station: CB3.3C
 --- UTM-X: 382253 UTM-Y: 4317113 Depth: 5 Value: 6.1 Station: CB3.3C
 --- UTM-X: 382253 UTM-Y: 4317113 Depth: 5.5 Value: 5.3 Station: CB3.3C
 --- UTM-X: 382253 UTM-Y: 4317113 Depth: 6 Value: 4.5 Station: CB3.3C
 --- UTM-X: 382253 UTM-Y: 4317113 Depth: 6.5 Value: 3.45 Station: CB3.3C
 --- UTM-X: 382253 UTM-Y: 4317113 Depth: 7 Value: 2.4 Station: CB3.3C
 --- UTM-X: 382253 UTM-Y: 4317113 Depth: 7.5 Value: 2 Station: CB3.3C
 --- UTM-X: 382253 UTM-Y: 4317113 Depth: 8 Value: 1.6 Station: CB3.3C
 --- UTM-X: 382253 UTM-Y: 4317113 Depth: 8.5 Value: 1.45 Station: CB3.3C
 --- UTM-X: 382253 UTM-Y: 4317113 Depth: 9 Value: 1.3 Station: CB3.3C
 --- UTM-X: 382253 UTM-Y: 4317113 Depth: 9.5 Value: 1.05 Station: CB3.3C
 --- UTM-X: 382253 UTM-Y: 4317113 Depth: 10 Value: 0.8 Station: CB3.3C
 --- UTM-X: 382253 UTM-Y: 4317113 Depth: 10.5 Value: 0.7 Station: CB3.3C
 --- UTM-X: 382253 UTM-Y: 4317113 Depth: 11 Value: 0.6 Station: CB3.3C
 --- UTM-X: 382253 UTM-Y: 4317113 Depth: 11.5 Value: 0.35 Station: CB3.3C
 --- UTM-X: 382253 UTM-Y: 4317113 Depth: 12 Value: 0.1 Station: CB3.3C
 --- UTM-X: 382253 UTM-Y: 4317113 Depth: 12.5 Value: 0.1 Station: CB3.3C
 --- UTM-X: 382253 UTM-Y: 4317113 Depth: 13 Value: 0.1 Station: CB3.3C
 --- UTM-X: 382253 UTM-Y: 4317113 Depth: 13.5 Value: 0.1 Station: CB3.3C
 --- UTM-X: 382253 UTM-Y: 4317113 Depth: 14 Value: 0.1 Station: CB3.3C
 --- UTM-X: 382253 UTM-Y: 4317113 Depth: 14.5 Value: 0.1 Station: CB3.3C
 --- UTM-X: 382253 UTM-Y: 4317113 Depth: 15 Value: 0.1 Station: CB3.3C
 --- UTM-X: 382253 UTM-Y: 4317113 Depth: 15.5 Value: 0.1 Station: CB3.3C
 --- UTM-X: 382253 UTM-Y: 4317113 Depth: 16 Value: 0.1 Station: CB3.3C
 --- UTM-X: 382253 UTM-Y: 4317113 Depth: 16.5 Value: 0.1 Station: CB3.3C
 --- UTM-X: 382253 UTM-Y: 4317113 Depth: 17 Value: 0.1 Station: CB3.3C
 --- UTM-X: 382253 UTM-Y: 4317113 Depth: 17.5 Value: 0.1 Station: CB3.3C
 --- UTM-X: 382253 UTM-Y: 4317113 Depth: 18 Value: 0.1 Station: CB3.3C
 --- UTM-X: 382253 UTM-Y: 4317113 Depth: 18.5 Value: 0.1 Station: CB3.3C
 --- UTM-X: 382253 UTM-Y: 4317113 Depth: 19 Value: 0.1 Station: CB3.3C
 --- UTM-X: 382253 UTM-Y: 4317113 Depth: 19.5 Value: 0.1 Station: CB3.3C
 --- UTM-X: 382253 UTM-Y: 4317113 Depth: 20 Value: 0.1 Station: CB3.3C
 --- UTM-X: 382253 UTM-Y: 4317113 Depth: 20.5 Value: 0.1 Station: CB3.3C
 --- UTM-X: 382253 UTM-Y: 4317113 Depth: 21 Value: 0.1 Station: CB3.3C
 --- UTM-X: 382253 UTM-Y: 4317113 Depth: 21.5 Value: 0.1 Station: CB3.3C
 --- UTM-X: 382253 UTM-Y: 4317113 Depth: 22 Value: 0.1 Station: CB3.3C
 --- UTM-X: 383418 UTM-Y: 4317836 Depth: 0 Value: 10.3 Station: CB3.3E
 --- UTM-X: 383418 UTM-Y: 4317836 Depth: 0.5 Value: 10.05 Station: CB3.3E
 --- UTM-X: 383418 UTM-Y: 4317836 Depth: 1 Value: 9.8 Station: CB3.3E
 --- UTM-X: 383418 UTM-Y: 4317836 Depth: 1.5 Value: 8.3 Station: CB3.3E
 --- UTM-X: 383418 UTM-Y: 4317836 Depth: 2 Value: 6.8 Station: CB3.3E
 --- UTM-X: 383418 UTM-Y: 4317836 Depth: 2.5 Value: 6.85 Station: CB3.3E
 --- UTM-X: 383418 UTM-Y: 4317836 Depth: 3 Value: 6.9 Station: CB3.3E
 --- UTM-X: 383418 UTM-Y: 4317836 Depth: 3.5 Value: 6.9 Station: CB3.3E
 --- UTM-X: 383418 UTM-Y: 4317836 Depth: 4 Value: 6.9 Station: CB3.3E
 --- UTM-X: 383418 UTM-Y: 4317836 Depth: 4.5 Value: 6.85 Station: CB3.3E
 --- UTM-X: 383418 UTM-Y: 4317836 Depth: 5 Value: 6.8 Station: CB3.3E
 --- UTM-X: 383418 UTM-Y: 4317836 Depth: 5.5 Value: 5.9 Station: CB3.3E
 --- UTM-X: 383418 UTM-Y: 4317836 Depth: 6 Value: 5 Station: CB3.3E
 --- UTM-X: 379813 UTM-Y: 4318075 Depth: 0 Value: 9.7 Station: CB3.3W
 --- UTM-X: 379813 UTM-Y: 4318075 Depth: 0.5 Value: 9.7 Station: CB3.3W
 --- UTM-X: 379813 UTM-Y: 4318075 Depth: 1 Value: 9.7 Station: CB3.3W
 --- UTM-X: 379813 UTM-Y: 4318075 Depth: 1.5 Value: 9.65 Station: CB3.3W
 --- UTM-X: 379813 UTM-Y: 4318075 Depth: 2 Value: 9.6 Station: CB3.3W
 --- UTM-X: 379813 UTM-Y: 4318075 Depth: 2.5 Value: 9.35 Station: CB3.3W
 --- UTM-X: 379813 UTM-Y: 4318075 Depth: 3 Value: 9.1 Station: CB3.3W
 --- UTM-X: 379813 UTM-Y: 4318075 Depth: 3.5 Value: 8.85 Station: CB3.3W
 --- UTM-X: 379813 UTM-Y: 4318075 Depth: 4 Value: 8.6 Station: CB3.3W
 --- UTM-X: 379813 UTM-Y: 4318075 Depth: 4.5 Value: 8.45 Station: CB3.3W
 --- UTM-X: 379813 UTM-Y: 4318075 Depth: 5 Value: 8.3 Station: CB3.3W
 --- UTM-X: 379813 UTM-Y: 4318075 Depth: 5.5 Value: 8.3 Station: CB3.3W
 --- UTM-X: 379813 UTM-Y: 4318075 Depth: 6 Value: 8.3 Station: CB3.3W
 --- UTM-X: 379813 UTM-Y: 4318075 Depth: 6.5 Value: 8.3 Station: CB3.3W
 --- UTM-X: 379813 UTM-Y: 4318075 Depth: 7 Value: 8.3 Station: CB3.3W
 --- UTM-X: 372437 UTM-Y: 4326147 Depth: 0 Value: 8.1 Station: WT6.1
 --- UTM-X: 372437 UTM-Y: 4326147 Depth: 0.5 Value: 8.05 Station: WT6.1
 --- UTM-X: 372437 UTM-Y: 4326147 Depth: 1 Value: 8 Station: WT6.1
 --- UTM-X: 372437 UTM-Y: 4326147 Depth: 1.5 Value: 7.35 Station: WT6.1
 --- UTM-X: 372437 UTM-Y: 4326147 Depth: 2 Value: 6.7 Station: WT6.1
 --- UTM-X: 372437 UTM-Y: 4326147 Depth: 2.5 Value: 6.25 Station: WT6.1
 --- UTM-X: 372437 UTM-Y: 4326147 Depth: 3 Value: 5.8 Station: WT6.1
 --- UTM-X: 372437 UTM-Y: 4326147 Depth: 3.5 Value: 5.1 Station: WT6.1
 --- UTM-X: 372437 UTM-Y: 4326147 Depth: 4 Value: 4.4 Station: WT6.1
 --- UTM-X: 372437 UTM-Y: 4326147 Depth: 4.5 Value: 2.4 Station: WT6.1
 --- UTM-X: 372437 UTM-Y: 4326147 Depth: 5 Value: 0.4 Station: WT6.1
 --- 1224 cells were interpolated in region MAGMH.  Subtotal: 138804 total cells.
 ---- Region was calculated in 0 seconds. Segment volume (m^3) = 76500000
 
 - Bathymetry Region ID: 1041  Region Name: SEVMH  Data Points: 97 in data region 1041
 -- Cell Size  E-W: 250  N-S: 250  Vertical: 1
 --- Data in Region ---
 --- UTM-X: 382253 UTM-Y: 4317113 Depth: 0 Value: 13.3 Station: CB3.3C
 --- UTM-X: 382253 UTM-Y: 4317113 Depth: 0.5 Value: 13.4 Station: CB3.3C
 --- UTM-X: 382253 UTM-Y: 4317113 Depth: 1 Value: 13.5 Station: CB3.3C
 --- UTM-X: 382253 UTM-Y: 4317113 Depth: 1.5 Value: 13.15 Station: CB3.3C
 --- UTM-X: 382253 UTM-Y: 4317113 Depth: 2 Value: 12.8 Station: CB3.3C
 --- UTM-X: 382253 UTM-Y: 4317113 Depth: 2.5 Value: 10.05 Station: CB3.3C
 --- UTM-X: 382253 UTM-Y: 4317113 Depth: 3 Value: 7.3 Station: CB3.3C
 --- UTM-X: 382253 UTM-Y: 4317113 Depth: 3.5 Value: 6.7 Station: CB3.3C
 --- UTM-X: 382253 UTM-Y: 4317113 Depth: 4 Value: 6.1 Station: CB3.3C
 --- UTM-X: 382253 UTM-Y: 4317113 Depth: 4.5 Value: 6.1 Station: CB3.3C
 --- UTM-X: 382253 UTM-Y: 4317113 Depth: 5 Value: 6.1 Station: CB3.3C
 --- UTM-X: 382253 UTM-Y: 4317113 Depth: 5.5 Value: 5.3 Station: CB3.3C
 --- UTM-X: 382253 UTM-Y: 4317113 Depth: 6 Value: 4.5 Station: CB3.3C
 --- UTM-X: 382253 UTM-Y: 4317113 Depth: 6.5 Value: 3.45 Station: CB3.3C
 --- UTM-X: 382253 UTM-Y: 4317113 Depth: 7 Value: 2.4 Station: CB3.3C
 --- UTM-X: 382253 UTM-Y: 4317113 Depth: 7.5 Value: 2 Station: CB3.3C
 --- UTM-X: 382253 UTM-Y: 4317113 Depth: 8 Value: 1.6 Station: CB3.3C
 --- UTM-X: 382253 UTM-Y: 4317113 Depth: 8.5 Value: 1.45 Station: CB3.3C
 --- UTM-X: 382253 UTM-Y: 4317113 Depth: 9 Value: 1.3 Station: CB3.3C
 --- UTM-X: 382253 UTM-Y: 4317113 Depth: 9.5 Value: 1.05 Station: CB3.3C
 --- UTM-X: 382253 UTM-Y: 4317113 Depth: 10 Value: 0.8 Station: CB3.3C
 --- UTM-X: 382253 UTM-Y: 4317113 Depth: 10.5 Value: 0.7 Station: CB3.3C
 --- UTM-X: 382253 UTM-Y: 4317113 Depth: 11 Value: 0.6 Station: CB3.3C
 --- UTM-X: 382253 UTM-Y: 4317113 Depth: 11.5 Value: 0.35 Station: CB3.3C
 --- UTM-X: 382253 UTM-Y: 4317113 Depth: 12 Value: 0.1 Station: CB3.3C
 --- UTM-X: 382253 UTM-Y: 4317113 Depth: 12.5 Value: 0.1 Station: CB3.3C
 --- UTM-X: 382253 UTM-Y: 4317113 Depth: 13 Value: 0.1 Station: CB3.3C
 --- UTM-X: 382253 UTM-Y: 4317113 Depth: 13.5 Value: 0.1 Station: CB3.3C
 --- UTM-X: 382253 UTM-Y: 4317113 Depth: 14 Value: 0.1 Station: CB3.3C
 --- UTM-X: 382253 UTM-Y: 4317113 Depth: 14.5 Value: 0.1 Station: CB3.3C
 --- UTM-X: 382253 UTM-Y: 4317113 Depth: 15 Value: 0.1 Station: CB3.3C
 --- UTM-X: 382253 UTM-Y: 4317113 Depth: 15.5 Value: 0.1 Station: CB3.3C
 --- UTM-X: 382253 UTM-Y: 4317113 Depth: 16 Value: 0.1 Station: CB3.3C
 --- UTM-X: 382253 UTM-Y: 4317113 Depth: 16.5 Value: 0.1 Station: CB3.3C
 --- UTM-X: 382253 UTM-Y: 4317113 Depth: 17 Value: 0.1 Station: CB3.3C
 --- UTM-X: 382253 UTM-Y: 4317113 Depth: 17.5 Value: 0.1 Station: CB3.3C
 --- UTM-X: 382253 UTM-Y: 4317113 Depth: 18 Value: 0.1 Station: CB3.3C
 --- UTM-X: 382253 UTM-Y: 4317113 Depth: 18.5 Value: 0.1 Station: CB3.3C
 --- UTM-X: 382253 UTM-Y: 4317113 Depth: 19 Value: 0.1 Station: CB3.3C
 --- UTM-X: 382253 UTM-Y: 4317113 Depth: 19.5 Value: 0.1 Station: CB3.3C
 --- UTM-X: 382253 UTM-Y: 4317113 Depth: 20 Value: 0.1 Station: CB3.3C
 --- UTM-X: 382253 UTM-Y: 4317113 Depth: 20.5 Value: 0.1 Station: CB3.3C
 --- UTM-X: 382253 UTM-Y: 4317113 Depth: 21 Value: 0.1 Station: CB3.3C
 --- UTM-X: 382253 UTM-Y: 4317113 Depth: 21.5 Value: 0.1 Station: CB3.3C
 --- UTM-X: 382253 UTM-Y: 4317113 Depth: 22 Value: 0.1 Station: CB3.3C
 --- UTM-X: 383418 UTM-Y: 4317836 Depth: 0 Value: 10.3 Station: CB3.3E
 --- UTM-X: 383418 UTM-Y: 4317836 Depth: 0.5 Value: 10.05 Station: CB3.3E
 --- UTM-X: 383418 UTM-Y: 4317836 Depth: 1 Value: 9.8 Station: CB3.3E
 --- UTM-X: 383418 UTM-Y: 4317836 Depth: 1.5 Value: 8.3 Station: CB3.3E
 --- UTM-X: 383418 UTM-Y: 4317836 Depth: 2 Value: 6.8 Station: CB3.3E
 --- UTM-X: 383418 UTM-Y: 4317836 Depth: 2.5 Value: 6.85 Station: CB3.3E
 --- UTM-X: 383418 UTM-Y: 4317836 Depth: 3 Value: 6.9 Station: CB3.3E
 --- UTM-X: 383418 UTM-Y: 4317836 Depth: 3.5 Value: 6.9 Station: CB3.3E
 --- UTM-X: 383418 UTM-Y: 4317836 Depth: 4 Value: 6.9 Station: CB3.3E
 --- UTM-X: 383418 UTM-Y: 4317836 Depth: 4.5 Value: 6.85 Station: CB3.3E
 --- UTM-X: 383418 UTM-Y: 4317836 Depth: 5 Value: 6.8 Station: CB3.3E
 --- UTM-X: 383418 UTM-Y: 4317836 Depth: 5.5 Value: 5.9 Station: CB3.3E
 --- UTM-X: 383418 UTM-Y: 4317836 Depth: 6 Value: 5 Station: CB3.3E
 --- UTM-X: 379813 UTM-Y: 4318075 Depth: 0 Value: 9.7 Station: CB3.3W
 --- UTM-X: 379813 UTM-Y: 4318075 Depth: 0.5 Value: 9.7 Station: CB3.3W
 --- UTM-X: 379813 UTM-Y: 4318075 Depth: 1 Value: 9.7 Station: CB3.3W
 --- UTM-X: 379813 UTM-Y: 4318075 Depth: 1.5 Value: 9.65 Station: CB3.3W
 --- UTM-X: 379813 UTM-Y: 4318075 Depth: 2 Value: 9.6 Station: CB3.3W
 --- UTM-X: 379813 UTM-Y: 4318075 Depth: 2.5 Value: 9.35 Station: CB3.3W
 --- UTM-X: 379813 UTM-Y: 4318075 Depth: 3 Value: 9.1 Station: CB3.3W
 --- UTM-X: 379813 UTM-Y: 4318075 Depth: 3.5 Value: 8.85 Station: CB3.3W
 --- UTM-X: 379813 UTM-Y: 4318075 Depth: 4 Value: 8.6 Station: CB3.3W
 --- UTM-X: 379813 UTM-Y: 4318075 Depth: 4.5 Value: 8.45 Station: CB3.3W
 --- UTM-X: 379813 UTM-Y: 4318075 Depth: 5 Value: 8.3 Station: CB3.3W
 --- UTM-X: 379813 UTM-Y: 4318075 Depth: 5.5 Value: 8.3 Station: CB3.3W
 --- UTM-X: 379813 UTM-Y: 4318075 Depth: 6 Value: 8.3 Station: CB3.3W
 --- UTM-X: 379813 UTM-Y: 4318075 Depth: 6.5 Value: 8.3 Station: CB3.3W
 --- UTM-X: 379813 UTM-Y: 4318075 Depth: 7 Value: 8.3 Station: CB3.3W
 --- UTM-X: 369446 UTM-Y: 4319720 Depth: 0 Value: 8.9 Station: WT7.1
 --- UTM-X: 369446 UTM-Y: 4319720 Depth: 0.5 Value: 8.85 Station: WT7.1
 --- UTM-X: 369446 UTM-Y: 4319720 Depth: 1 Value: 8.8 Station: WT7.1
 --- UTM-X: 369446 UTM-Y: 4319720 Depth: 1.5 Value: 8.7 Station: WT7.1
 --- UTM-X: 369446 UTM-Y: 4319720 Depth: 2 Value: 8.6 Station: WT7.1
 --- UTM-X: 369446 UTM-Y: 4319720 Depth: 2.5 Value: 7.7 Station: WT7.1
 --- UTM-X: 369446 UTM-Y: 4319720 Depth: 3 Value: 6.8 Station: WT7.1
 --- UTM-X: 369446 UTM-Y: 4319720 Depth: 3.5 Value: 6.05 Station: WT7.1
 --- UTM-X: 369446 UTM-Y: 4319720 Depth: 4 Value: 5.3 Station: WT7.1
 --- UTM-X: 369446 UTM-Y: 4319720 Depth: 4.5 Value: 4.55 Station: WT7.1
 --- UTM-X: 369446 UTM-Y: 4319720 Depth: 5 Value: 3.8 Station: WT7.1
 --- UTM-X: 369446 UTM-Y: 4319720 Depth: 5.5 Value: 2.8 Station: WT7.1
 --- UTM-X: 369446 UTM-Y: 4319720 Depth: 6 Value: 1.8 Station: WT7.1
 --- UTM-X: 369446 UTM-Y: 4319720 Depth: 6.5 Value: 1.2 Station: WT7.1
 --- UTM-X: 369446 UTM-Y: 4319720 Depth: 7 Value: 0.6 Station: WT7.1
 --- UTM-X: 369446 UTM-Y: 4319720 Depth: 7.5 Value: 0.3 Station: WT7.1
 --- UTM-X: 369446 UTM-Y: 4319720 Depth: 8 Value: 0 Station: WT7.1
 --- UTM-X: 369446 UTM-Y: 4319720 Depth: 8.5 Value: 0 Station: WT7.1
 --- UTM-X: 369446 UTM-Y: 4319720 Depth: 9 Value: 0 Station: WT7.1
 --- UTM-X: 369446 UTM-Y: 4319720 Depth: 9.5 Value: 0 Station: WT7.1
 --- UTM-X: 369446 UTM-Y: 4319720 Depth: 10 Value: 0 Station: WT7.1
 --- UTM-X: 369446 UTM-Y: 4319720 Depth: 10.5 Value: 0 Station: WT7.1
 --- UTM-X: 369446 UTM-Y: 4319720 Depth: 11 Value: 0 Station: WT7.1
 --- UTM-X: 369446 UTM-Y: 4319720 Depth: 11.5 Value: 0 Station: WT7.1
 --- 1815 cells were interpolated in region SEVMH.  Subtotal: 140619 total cells.
 ---- Region was calculated in 0 seconds. Segment volume (m^3) = 113437500
 
 - Bathymetry Region ID: 1042  Region Name: SOUMH  Data Points: 87 in data region 1042
 -- Cell Size  E-W: 250  N-S: 250  Vertical: 1
 --- Data in Region ---
 --- UTM-X: 382253 UTM-Y: 4317113 Depth: 0 Value: 13.3 Station: CB3.3C
 --- UTM-X: 382253 UTM-Y: 4317113 Depth: 0.5 Value: 13.4 Station: CB3.3C
 --- UTM-X: 382253 UTM-Y: 4317113 Depth: 1 Value: 13.5 Station: CB3.3C
 --- UTM-X: 382253 UTM-Y: 4317113 Depth: 1.5 Value: 13.15 Station: CB3.3C
 --- UTM-X: 382253 UTM-Y: 4317113 Depth: 2 Value: 12.8 Station: CB3.3C
 --- UTM-X: 382253 UTM-Y: 4317113 Depth: 2.5 Value: 10.05 Station: CB3.3C
 --- UTM-X: 382253 UTM-Y: 4317113 Depth: 3 Value: 7.3 Station: CB3.3C
 --- UTM-X: 382253 UTM-Y: 4317113 Depth: 3.5 Value: 6.7 Station: CB3.3C
 --- UTM-X: 382253 UTM-Y: 4317113 Depth: 4 Value: 6.1 Station: CB3.3C
 --- UTM-X: 382253 UTM-Y: 4317113 Depth: 4.5 Value: 6.1 Station: CB3.3C
 --- UTM-X: 382253 UTM-Y: 4317113 Depth: 5 Value: 6.1 Station: CB3.3C
 --- UTM-X: 382253 UTM-Y: 4317113 Depth: 5.5 Value: 5.3 Station: CB3.3C
 --- UTM-X: 382253 UTM-Y: 4317113 Depth: 6 Value: 4.5 Station: CB3.3C
 --- UTM-X: 382253 UTM-Y: 4317113 Depth: 6.5 Value: 3.45 Station: CB3.3C
 --- UTM-X: 382253 UTM-Y: 4317113 Depth: 7 Value: 2.4 Station: CB3.3C
 --- UTM-X: 382253 UTM-Y: 4317113 Depth: 7.5 Value: 2 Station: CB3.3C
 --- UTM-X: 382253 UTM-Y: 4317113 Depth: 8 Value: 1.6 Station: CB3.3C
 --- UTM-X: 382253 UTM-Y: 4317113 Depth: 8.5 Value: 1.45 Station: CB3.3C
 --- UTM-X: 382253 UTM-Y: 4317113 Depth: 9 Value: 1.3 Station: CB3.3C
 --- UTM-X: 382253 UTM-Y: 4317113 Depth: 9.5 Value: 1.05 Station: CB3.3C
 --- UTM-X: 382253 UTM-Y: 4317113 Depth: 10 Value: 0.8 Station: CB3.3C
 --- UTM-X: 382253 UTM-Y: 4317113 Depth: 10.5 Value: 0.7 Station: CB3.3C
 --- UTM-X: 382253 UTM-Y: 4317113 Depth: 11 Value: 0.6 Station: CB3.3C
 --- UTM-X: 382253 UTM-Y: 4317113 Depth: 11.5 Value: 0.35 Station: CB3.3C
 --- UTM-X: 382253 UTM-Y: 4317113 Depth: 12 Value: 0.1 Station: CB3.3C
 --- UTM-X: 382253 UTM-Y: 4317113 Depth: 12.5 Value: 0.1 Station: CB3.3C
 --- UTM-X: 382253 UTM-Y: 4317113 Depth: 13 Value: 0.1 Station: CB3.3C
 --- UTM-X: 382253 UTM-Y: 4317113 Depth: 13.5 Value: 0.1 Station: CB3.3C
 --- UTM-X: 382253 UTM-Y: 4317113 Depth: 14 Value: 0.1 Station: CB3.3C
 --- UTM-X: 382253 UTM-Y: 4317113 Depth: 14.5 Value: 0.1 Station: CB3.3C
 --- UTM-X: 382253 UTM-Y: 4317113 Depth: 15 Value: 0.1 Station: CB3.3C
 --- UTM-X: 382253 UTM-Y: 4317113 Depth: 15.5 Value: 0.1 Station: CB3.3C
 --- UTM-X: 382253 UTM-Y: 4317113 Depth: 16 Value: 0.1 Station: CB3.3C
 --- UTM-X: 382253 UTM-Y: 4317113 Depth: 16.5 Value: 0.1 Station: CB3.3C
 --- UTM-X: 382253 UTM-Y: 4317113 Depth: 17 Value: 0.1 Station: CB3.3C
 --- UTM-X: 382253 UTM-Y: 4317113 Depth: 17.5 Value: 0.1 Station: CB3.3C
 --- UTM-X: 382253 UTM-Y: 4317113 Depth: 18 Value: 0.1 Station: CB3.3C
 --- UTM-X: 382253 UTM-Y: 4317113 Depth: 18.5 Value: 0.1 Station: CB3.3C
 --- UTM-X: 382253 UTM-Y: 4317113 Depth: 19 Value: 0.1 Station: CB3.3C
 --- UTM-X: 382253 UTM-Y: 4317113 Depth: 19.5 Value: 0.1 Station: CB3.3C
 --- UTM-X: 382253 UTM-Y: 4317113 Depth: 20 Value: 0.1 Station: CB3.3C
 --- UTM-X: 382253 UTM-Y: 4317113 Depth: 20.5 Value: 0.1 Station: CB3.3C
 --- UTM-X: 382253 UTM-Y: 4317113 Depth: 21 Value: 0.1 Station: CB3.3C
 --- UTM-X: 382253 UTM-Y: 4317113 Depth: 21.5 Value: 0.1 Station: CB3.3C
 --- UTM-X: 382253 UTM-Y: 4317113 Depth: 22 Value: 0.1 Station: CB3.3C
 --- UTM-X: 383418 UTM-Y: 4317836 Depth: 0 Value: 10.3 Station: CB3.3E
 --- UTM-X: 383418 UTM-Y: 4317836 Depth: 0.5 Value: 10.05 Station: CB3.3E
 --- UTM-X: 383418 UTM-Y: 4317836 Depth: 1 Value: 9.8 Station: CB3.3E
 --- UTM-X: 383418 UTM-Y: 4317836 Depth: 1.5 Value: 8.3 Station: CB3.3E
 --- UTM-X: 383418 UTM-Y: 4317836 Depth: 2 Value: 6.8 Station: CB3.3E
 --- UTM-X: 383418 UTM-Y: 4317836 Depth: 2.5 Value: 6.85 Station: CB3.3E
 --- UTM-X: 383418 UTM-Y: 4317836 Depth: 3 Value: 6.9 Station: CB3.3E
 --- UTM-X: 383418 UTM-Y: 4317836 Depth: 3.5 Value: 6.9 Station: CB3.3E
 --- UTM-X: 383418 UTM-Y: 4317836 Depth: 4 Value: 6.9 Station: CB3.3E
 --- UTM-X: 383418 UTM-Y: 4317836 Depth: 4.5 Value: 6.85 Station: CB3.3E
 --- UTM-X: 383418 UTM-Y: 4317836 Depth: 5 Value: 6.8 Station: CB3.3E
 --- UTM-X: 383418 UTM-Y: 4317836 Depth: 5.5 Value: 5.9 Station: CB3.3E
 --- UTM-X: 383418 UTM-Y: 4317836 Depth: 6 Value: 5 Station: CB3.3E
 --- UTM-X: 379813 UTM-Y: 4318075 Depth: 0 Value: 9.7 Station: CB3.3W
 --- UTM-X: 379813 UTM-Y: 4318075 Depth: 0.5 Value: 9.7 Station: CB3.3W
 --- UTM-X: 379813 UTM-Y: 4318075 Depth: 1 Value: 9.7 Station: CB3.3W
 --- UTM-X: 379813 UTM-Y: 4318075 Depth: 1.5 Value: 9.65 Station: CB3.3W
 --- UTM-X: 379813 UTM-Y: 4318075 Depth: 2 Value: 9.6 Station: CB3.3W
 --- UTM-X: 379813 UTM-Y: 4318075 Depth: 2.5 Value: 9.35 Station: CB3.3W
 --- UTM-X: 379813 UTM-Y: 4318075 Depth: 3 Value: 9.1 Station: CB3.3W
 --- UTM-X: 379813 UTM-Y: 4318075 Depth: 3.5 Value: 8.85 Station: CB3.3W
 --- UTM-X: 379813 UTM-Y: 4318075 Depth: 4 Value: 8.6 Station: CB3.3W
 --- UTM-X: 379813 UTM-Y: 4318075 Depth: 4.5 Value: 8.45 Station: CB3.3W
 --- UTM-X: 379813 UTM-Y: 4318075 Depth: 5 Value: 8.3 Station: CB3.3W
 --- UTM-X: 379813 UTM-Y: 4318075 Depth: 5.5 Value: 8.3 Station: CB3.3W
 --- UTM-X: 379813 UTM-Y: 4318075 Depth: 6 Value: 8.3 Station: CB3.3W
 --- UTM-X: 379813 UTM-Y: 4318075 Depth: 6.5 Value: 8.3 Station: CB3.3W
 --- UTM-X: 379813 UTM-Y: 4318075 Depth: 7 Value: 8.3 Station: CB3.3W
 --- UTM-X: 368570 UTM-Y: 4310484 Depth: 0 Value: 7.7 Station: WT8.1
 --- UTM-X: 368570 UTM-Y: 4310484 Depth: 0.5 Value: 7.45 Station: WT8.1
 --- UTM-X: 368570 UTM-Y: 4310484 Depth: 1 Value: 7.2 Station: WT8.1
 --- UTM-X: 368570 UTM-Y: 4310484 Depth: 1.5 Value: 7.25 Station: WT8.1
 --- UTM-X: 368570 UTM-Y: 4310484 Depth: 2 Value: 7.3 Station: WT8.1
 --- UTM-X: 368570 UTM-Y: 4310484 Depth: 2.5 Value: 7.05 Station: WT8.1
 --- UTM-X: 368570 UTM-Y: 4310484 Depth: 3 Value: 6.8 Station: WT8.1
 --- UTM-X: 368570 UTM-Y: 4310484 Depth: 3.5 Value: 4.05 Station: WT8.1
 --- UTM-X: 368570 UTM-Y: 4310484 Depth: 4 Value: 1.3 Station: WT8.1
 --- UTM-X: 368570 UTM-Y: 4310484 Depth: 4.5 Value: 0.7 Station: WT8.1
 --- UTM-X: 368570 UTM-Y: 4310484 Depth: 5 Value: 0.1 Station: WT8.1
 --- UTM-X: 368570 UTM-Y: 4310484 Depth: 5.5 Value: 0.1 Station: WT8.1
 --- UTM-X: 368570 UTM-Y: 4310484 Depth: 6 Value: 0.1 Station: WT8.1
 --- UTM-X: 368570 UTM-Y: 4310484 Depth: 6.5 Value: 0.1 Station: WT8.1
 --- 1072 cells were interpolated in region SOUMH.  Subtotal: 141691 total cells.
 ---- Region was calculated in 0 seconds. Segment volume (m^3) = 67000000
 
 - Bathymetry Region ID: 1043  Region Name: RHDMH  Data Points: 204 in data region 1043
 -- Cell Size  E-W: 250  N-S: 250  Vertical: 1
 --- Data in Region ---
 --- UTM-X: 382253 UTM-Y: 4317113 Depth: 0 Value: 13.3 Station: CB3.3C
 --- UTM-X: 382253 UTM-Y: 4317113 Depth: 0.5 Value: 13.4 Station: CB3.3C
 --- UTM-X: 382253 UTM-Y: 4317113 Depth: 1 Value: 13.5 Station: CB3.3C
 --- UTM-X: 382253 UTM-Y: 4317113 Depth: 1.5 Value: 13.15 Station: CB3.3C
 --- UTM-X: 382253 UTM-Y: 4317113 Depth: 2 Value: 12.8 Station: CB3.3C
 --- UTM-X: 382253 UTM-Y: 4317113 Depth: 2.5 Value: 10.05 Station: CB3.3C
 --- UTM-X: 382253 UTM-Y: 4317113 Depth: 3 Value: 7.3 Station: CB3.3C
 --- UTM-X: 382253 UTM-Y: 4317113 Depth: 3.5 Value: 6.7 Station: CB3.3C
 --- UTM-X: 382253 UTM-Y: 4317113 Depth: 4 Value: 6.1 Station: CB3.3C
 --- UTM-X: 382253 UTM-Y: 4317113 Depth: 4.5 Value: 6.1 Station: CB3.3C
 --- UTM-X: 382253 UTM-Y: 4317113 Depth: 5 Value: 6.1 Station: CB3.3C
 --- UTM-X: 382253 UTM-Y: 4317113 Depth: 5.5 Value: 5.3 Station: CB3.3C
 --- UTM-X: 382253 UTM-Y: 4317113 Depth: 6 Value: 4.5 Station: CB3.3C
 --- UTM-X: 382253 UTM-Y: 4317113 Depth: 6.5 Value: 3.45 Station: CB3.3C
 --- UTM-X: 382253 UTM-Y: 4317113 Depth: 7 Value: 2.4 Station: CB3.3C
 --- UTM-X: 382253 UTM-Y: 4317113 Depth: 7.5 Value: 2 Station: CB3.3C
 --- UTM-X: 382253 UTM-Y: 4317113 Depth: 8 Value: 1.6 Station: CB3.3C
 --- UTM-X: 382253 UTM-Y: 4317113 Depth: 8.5 Value: 1.45 Station: CB3.3C
 --- UTM-X: 382253 UTM-Y: 4317113 Depth: 9 Value: 1.3 Station: CB3.3C
 --- UTM-X: 382253 UTM-Y: 4317113 Depth: 9.5 Value: 1.05 Station: CB3.3C
 --- UTM-X: 382253 UTM-Y: 4317113 Depth: 10 Value: 0.8 Station: CB3.3C
 --- UTM-X: 382253 UTM-Y: 4317113 Depth: 10.5 Value: 0.7 Station: CB3.3C
 --- UTM-X: 382253 UTM-Y: 4317113 Depth: 11 Value: 0.6 Station: CB3.3C
 --- UTM-X: 382253 UTM-Y: 4317113 Depth: 11.5 Value: 0.35 Station: CB3.3C
 --- UTM-X: 382253 UTM-Y: 4317113 Depth: 12 Value: 0.1 Station: CB3.3C
 --- UTM-X: 382253 UTM-Y: 4317113 Depth: 12.5 Value: 0.1 Station: CB3.3C
 --- UTM-X: 382253 UTM-Y: 4317113 Depth: 13 Value: 0.1 Station: CB3.3C
 --- UTM-X: 382253 UTM-Y: 4317113 Depth: 13.5 Value: 0.1 Station: CB3.3C
 --- UTM-X: 382253 UTM-Y: 4317113 Depth: 14 Value: 0.1 Station: CB3.3C
 --- UTM-X: 382253 UTM-Y: 4317113 Depth: 14.5 Value: 0.1 Station: CB3.3C
 --- UTM-X: 382253 UTM-Y: 4317113 Depth: 15 Value: 0.1 Station: CB3.3C
 --- UTM-X: 382253 UTM-Y: 4317113 Depth: 15.5 Value: 0.1 Station: CB3.3C
 --- UTM-X: 382253 UTM-Y: 4317113 Depth: 16 Value: 0.1 Station: CB3.3C
 --- UTM-X: 382253 UTM-Y: 4317113 Depth: 16.5 Value: 0.1 Station: CB3.3C
 --- UTM-X: 382253 UTM-Y: 4317113 Depth: 17 Value: 0.1 Station: CB3.3C
 --- UTM-X: 382253 UTM-Y: 4317113 Depth: 17.5 Value: 0.1 Station: CB3.3C
 --- UTM-X: 382253 UTM-Y: 4317113 Depth: 18 Value: 0.1 Station: CB3.3C
 --- UTM-X: 382253 UTM-Y: 4317113 Depth: 18.5 Value: 0.1 Station: CB3.3C
 --- UTM-X: 382253 UTM-Y: 4317113 Depth: 19 Value: 0.1 Station: CB3.3C
 --- UTM-X: 382253 UTM-Y: 4317113 Depth: 19.5 Value: 0.1 Station: CB3.3C
 --- UTM-X: 382253 UTM-Y: 4317113 Depth: 20 Value: 0.1 Station: CB3.3C
 --- UTM-X: 382253 UTM-Y: 4317113 Depth: 20.5 Value: 0.1 Station: CB3.3C
 --- UTM-X: 382253 UTM-Y: 4317113 Depth: 21 Value: 0.1 Station: CB3.3C
 --- UTM-X: 382253 UTM-Y: 4317113 Depth: 21.5 Value: 0.1 Station: CB3.3C
 --- UTM-X: 382253 UTM-Y: 4317113 Depth: 22 Value: 0.1 Station: CB3.3C
 --- UTM-X: 383418 UTM-Y: 4317836 Depth: 0 Value: 10.3 Station: CB3.3E
 --- UTM-X: 383418 UTM-Y: 4317836 Depth: 0.5 Value: 10.05 Station: CB3.3E
 --- UTM-X: 383418 UTM-Y: 4317836 Depth: 1 Value: 9.8 Station: CB3.3E
 --- UTM-X: 383418 UTM-Y: 4317836 Depth: 1.5 Value: 8.3 Station: CB3.3E
 --- UTM-X: 383418 UTM-Y: 4317836 Depth: 2 Value: 6.8 Station: CB3.3E
 --- UTM-X: 383418 UTM-Y: 4317836 Depth: 2.5 Value: 6.85 Station: CB3.3E
 --- UTM-X: 383418 UTM-Y: 4317836 Depth: 3 Value: 6.9 Station: CB3.3E
 --- UTM-X: 383418 UTM-Y: 4317836 Depth: 3.5 Value: 6.9 Station: CB3.3E
 --- UTM-X: 383418 UTM-Y: 4317836 Depth: 4 Value: 6.9 Station: CB3.3E
 --- UTM-X: 383418 UTM-Y: 4317836 Depth: 4.5 Value: 6.85 Station: CB3.3E
 --- UTM-X: 383418 UTM-Y: 4317836 Depth: 5 Value: 6.8 Station: CB3.3E
 --- UTM-X: 383418 UTM-Y: 4317836 Depth: 5.5 Value: 5.9 Station: CB3.3E
 --- UTM-X: 383418 UTM-Y: 4317836 Depth: 6 Value: 5 Station: CB3.3E
 --- UTM-X: 379813 UTM-Y: 4318075 Depth: 0 Value: 9.7 Station: CB3.3W
 --- UTM-X: 379813 UTM-Y: 4318075 Depth: 0.5 Value: 9.7 Station: CB3.3W
 --- UTM-X: 379813 UTM-Y: 4318075 Depth: 1 Value: 9.7 Station: CB3.3W
 --- UTM-X: 379813 UTM-Y: 4318075 Depth: 1.5 Value: 9.65 Station: CB3.3W
 --- UTM-X: 379813 UTM-Y: 4318075 Depth: 2 Value: 9.6 Station: CB3.3W
 --- UTM-X: 379813 UTM-Y: 4318075 Depth: 2.5 Value: 9.35 Station: CB3.3W
 --- UTM-X: 379813 UTM-Y: 4318075 Depth: 3 Value: 9.1 Station: CB3.3W
 --- UTM-X: 379813 UTM-Y: 4318075 Depth: 3.5 Value: 8.85 Station: CB3.3W
 --- UTM-X: 379813 UTM-Y: 4318075 Depth: 4 Value: 8.6 Station: CB3.3W
 --- UTM-X: 379813 UTM-Y: 4318075 Depth: 4.5 Value: 8.45 Station: CB3.3W
 --- UTM-X: 379813 UTM-Y: 4318075 Depth: 5 Value: 8.3 Station: CB3.3W
 --- UTM-X: 379813 UTM-Y: 4318075 Depth: 5.5 Value: 8.3 Station: CB3.3W
 --- UTM-X: 379813 UTM-Y: 4318075 Depth: 6 Value: 8.3 Station: CB3.3W
 --- UTM-X: 379813 UTM-Y: 4318075 Depth: 6.5 Value: 8.3 Station: CB3.3W
 --- UTM-X: 379813 UTM-Y: 4318075 Depth: 7 Value: 8.3 Station: CB3.3W
 --- UTM-X: 378499 UTM-Y: 4298300 Depth: 0 Value: 7.8 Station: CB4.1C
 --- UTM-X: 378499 UTM-Y: 4298300 Depth: 0.5 Value: 7.8 Station: CB4.1C
 --- UTM-X: 378499 UTM-Y: 4298300 Depth: 1 Value: 7.8 Station: CB4.1C
 --- UTM-X: 378499 UTM-Y: 4298300 Depth: 1.5 Value: 7.6 Station: CB4.1C
 --- UTM-X: 378499 UTM-Y: 4298300 Depth: 2 Value: 7.4 Station: CB4.1C
 --- UTM-X: 378499 UTM-Y: 4298300 Depth: 2.5 Value: 7.25 Station: CB4.1C
 --- UTM-X: 378499 UTM-Y: 4298300 Depth: 3 Value: 7.1 Station: CB4.1C
 --- UTM-X: 378499 UTM-Y: 4298300 Depth: 3.5 Value: 5.75 Station: CB4.1C
 --- UTM-X: 378499 UTM-Y: 4298300 Depth: 4 Value: 4.4 Station: CB4.1C
 --- UTM-X: 378499 UTM-Y: 4298300 Depth: 4.5 Value: 4.2 Station: CB4.1C
 --- UTM-X: 378499 UTM-Y: 4298300 Depth: 5 Value: 4 Station: CB4.1C
 --- UTM-X: 378499 UTM-Y: 4298300 Depth: 5.5 Value: 3.6 Station: CB4.1C
 --- UTM-X: 378499 UTM-Y: 4298300 Depth: 6 Value: 3.2 Station: CB4.1C
 --- UTM-X: 378499 UTM-Y: 4298300 Depth: 6.5 Value: 3.05 Station: CB4.1C
 --- UTM-X: 378499 UTM-Y: 4298300 Depth: 7 Value: 2.9 Station: CB4.1C
 --- UTM-X: 378499 UTM-Y: 4298300 Depth: 7.5 Value: 2.65 Station: CB4.1C
 --- UTM-X: 378499 UTM-Y: 4298300 Depth: 8 Value: 2.4 Station: CB4.1C
 --- UTM-X: 378499 UTM-Y: 4298300 Depth: 8.5 Value: 1.7 Station: CB4.1C
 --- UTM-X: 378499 UTM-Y: 4298300 Depth: 9 Value: 1 Station: CB4.1C
 --- UTM-X: 378499 UTM-Y: 4298300 Depth: 9.5 Value: 0.55 Station: CB4.1C
 --- UTM-X: 378499 UTM-Y: 4298300 Depth: 10 Value: 0.1 Station: CB4.1C
 --- UTM-X: 378499 UTM-Y: 4298300 Depth: 10.5 Value: 0.05 Station: CB4.1C
 --- UTM-X: 378499 UTM-Y: 4298300 Depth: 11 Value: 0 Station: CB4.1C
 --- UTM-X: 378499 UTM-Y: 4298300 Depth: 11.5 Value: 0 Station: CB4.1C
 --- UTM-X: 378499 UTM-Y: 4298300 Depth: 12 Value: 0 Station: CB4.1C
 --- UTM-X: 378499 UTM-Y: 4298300 Depth: 12.5 Value: 0 Station: CB4.1C
 --- UTM-X: 378499 UTM-Y: 4298300 Depth: 13 Value: 0 Station: CB4.1C
 --- UTM-X: 378499 UTM-Y: 4298300 Depth: 13.5 Value: 0 Station: CB4.1C
 --- UTM-X: 378499 UTM-Y: 4298300 Depth: 14 Value: 0 Station: CB4.1C
 --- UTM-X: 378499 UTM-Y: 4298300 Depth: 14.5 Value: 0 Station: CB4.1C
 --- UTM-X: 378499 UTM-Y: 4298300 Depth: 15 Value: 0 Station: CB4.1C
 --- UTM-X: 378499 UTM-Y: 4298300 Depth: 15.5 Value: 0.025 Station: CB4.1C
 --- UTM-X: 378499 UTM-Y: 4298300 Depth: 16 Value: 0.05 Station: CB4.1C
 --- UTM-X: 378499 UTM-Y: 4298300 Depth: 16.5 Value: 0.075 Station: CB4.1C
 --- UTM-X: 378499 UTM-Y: 4298300 Depth: 17 Value: 0.1 Station: CB4.1C
 --- UTM-X: 378499 UTM-Y: 4298300 Depth: 17.5 Value: 0.1 Station: CB4.1C
 --- UTM-X: 378499 UTM-Y: 4298300 Depth: 18 Value: 0.1 Station: CB4.1C
 --- UTM-X: 378499 UTM-Y: 4298300 Depth: 18.5 Value: 0.1 Station: CB4.1C
 --- UTM-X: 378499 UTM-Y: 4298300 Depth: 19 Value: 0.1 Station: CB4.1C
 --- UTM-X: 378499 UTM-Y: 4298300 Depth: 19.5 Value: 0.1 Station: CB4.1C
 --- UTM-X: 378499 UTM-Y: 4298300 Depth: 20 Value: 0.1 Station: CB4.1C
 --- UTM-X: 378499 UTM-Y: 4298300 Depth: 20.5 Value: 0.1 Station: CB4.1C
 --- UTM-X: 378499 UTM-Y: 4298300 Depth: 21 Value: 0.1 Station: CB4.1C
 --- UTM-X: 378499 UTM-Y: 4298300 Depth: 21.5 Value: 0.1 Station: CB4.1C
 --- UTM-X: 378499 UTM-Y: 4298300 Depth: 22 Value: 0.1 Station: CB4.1C
 --- UTM-X: 378499 UTM-Y: 4298300 Depth: 22.5 Value: 0.1 Station: CB4.1C
 --- UTM-X: 378499 UTM-Y: 4298300 Depth: 23 Value: 0.1 Station: CB4.1C
 --- UTM-X: 378499 UTM-Y: 4298300 Depth: 23.5 Value: 0.1 Station: CB4.1C
 --- UTM-X: 378499 UTM-Y: 4298300 Depth: 24 Value: 0.1 Station: CB4.1C
 --- UTM-X: 378499 UTM-Y: 4298300 Depth: 24.5 Value: 0.1 Station: CB4.1C
 --- UTM-X: 378499 UTM-Y: 4298300 Depth: 25 Value: 0.1 Station: CB4.1C
 --- UTM-X: 378499 UTM-Y: 4298300 Depth: 25.5 Value: 0.1 Station: CB4.1C
 --- UTM-X: 378499 UTM-Y: 4298300 Depth: 26 Value: 0.1 Station: CB4.1C
 --- UTM-X: 378499 UTM-Y: 4298300 Depth: 26.5 Value: 0.1 Station: CB4.1C
 --- UTM-X: 378499 UTM-Y: 4298300 Depth: 27 Value: 0.1 Station: CB4.1C
 --- UTM-X: 378499 UTM-Y: 4298300 Depth: 27.5 Value: 0.1 Station: CB4.1C
 --- UTM-X: 378499 UTM-Y: 4298300 Depth: 28 Value: 0.1 Station: CB4.1C
 --- UTM-X: 378499 UTM-Y: 4298300 Depth: 28.5 Value: 0.1 Station: CB4.1C
 --- UTM-X: 378499 UTM-Y: 4298300 Depth: 29 Value: 0.1 Station: CB4.1C
 --- UTM-X: 380969 UTM-Y: 4297307 Depth: 0 Value: 7.1 Station: CB4.1E
 --- UTM-X: 380969 UTM-Y: 4297307 Depth: 0.5 Value: 7.1 Station: CB4.1E
 --- UTM-X: 380969 UTM-Y: 4297307 Depth: 1 Value: 7.1 Station: CB4.1E
 --- UTM-X: 380969 UTM-Y: 4297307 Depth: 1.5 Value: 7.05 Station: CB4.1E
 --- UTM-X: 380969 UTM-Y: 4297307 Depth: 2 Value: 7 Station: CB4.1E
 --- UTM-X: 380969 UTM-Y: 4297307 Depth: 2.5 Value: 7 Station: CB4.1E
 --- UTM-X: 380969 UTM-Y: 4297307 Depth: 3 Value: 7 Station: CB4.1E
 --- UTM-X: 380969 UTM-Y: 4297307 Depth: 3.5 Value: 6.85 Station: CB4.1E
 --- UTM-X: 380969 UTM-Y: 4297307 Depth: 4 Value: 6.7 Station: CB4.1E
 --- UTM-X: 380969 UTM-Y: 4297307 Depth: 4.5 Value: 6.2 Station: CB4.1E
 --- UTM-X: 380969 UTM-Y: 4297307 Depth: 5 Value: 5.7 Station: CB4.1E
 --- UTM-X: 380969 UTM-Y: 4297307 Depth: 5.5 Value: 5.25 Station: CB4.1E
 --- UTM-X: 380969 UTM-Y: 4297307 Depth: 6 Value: 4.8 Station: CB4.1E
 --- UTM-X: 380969 UTM-Y: 4297307 Depth: 6.5 Value: 4.1 Station: CB4.1E
 --- UTM-X: 380969 UTM-Y: 4297307 Depth: 7 Value: 3.4 Station: CB4.1E
 --- UTM-X: 380969 UTM-Y: 4297307 Depth: 7.5 Value: 1.95 Station: CB4.1E
 --- UTM-X: 380969 UTM-Y: 4297307 Depth: 8 Value: 0.5 Station: CB4.1E
 --- UTM-X: 380969 UTM-Y: 4297307 Depth: 8.5 Value: 0.7 Station: CB4.1E
 --- UTM-X: 380969 UTM-Y: 4297307 Depth: 9 Value: 0.9 Station: CB4.1E
 --- UTM-X: 380969 UTM-Y: 4297307 Depth: 9.5 Value: 0.8 Station: CB4.1E
 --- UTM-X: 380969 UTM-Y: 4297307 Depth: 10 Value: 0.7 Station: CB4.1E
 --- UTM-X: 380969 UTM-Y: 4297307 Depth: 10.5 Value: 0.45 Station: CB4.1E
 --- UTM-X: 380969 UTM-Y: 4297307 Depth: 11 Value: 0.2 Station: CB4.1E
 --- UTM-X: 380969 UTM-Y: 4297307 Depth: 11.5 Value: 0.15 Station: CB4.1E
 --- UTM-X: 380969 UTM-Y: 4297307 Depth: 12 Value: 0.1 Station: CB4.1E
 --- UTM-X: 380969 UTM-Y: 4297307 Depth: 12.5 Value: 0.1 Station: CB4.1E
 --- UTM-X: 380969 UTM-Y: 4297307 Depth: 13 Value: 0.1 Station: CB4.1E
 --- UTM-X: 380969 UTM-Y: 4297307 Depth: 13.5 Value: 0.1 Station: CB4.1E
 --- UTM-X: 380969 UTM-Y: 4297307 Depth: 14 Value: 0.1 Station: CB4.1E
 --- UTM-X: 380969 UTM-Y: 4297307 Depth: 14.5 Value: 0.1 Station: CB4.1E
 --- UTM-X: 380969 UTM-Y: 4297307 Depth: 15 Value: 0.1 Station: CB4.1E
 --- UTM-X: 380969 UTM-Y: 4297307 Depth: 15.5 Value: 0.1 Station: CB4.1E
 --- UTM-X: 380969 UTM-Y: 4297307 Depth: 16 Value: 0.1 Station: CB4.1E
 --- UTM-X: 380969 UTM-Y: 4297307 Depth: 16.5 Value: 0.1 Station: CB4.1E
 --- UTM-X: 380969 UTM-Y: 4297307 Depth: 17 Value: 0.1 Station: CB4.1E
 --- UTM-X: 380969 UTM-Y: 4297307 Depth: 17.5 Value: 0.1 Station: CB4.1E
 --- UTM-X: 380969 UTM-Y: 4297307 Depth: 18 Value: 0.1 Station: CB4.1E
 --- UTM-X: 380969 UTM-Y: 4297307 Depth: 18.5 Value: 0.1 Station: CB4.1E
 --- UTM-X: 380969 UTM-Y: 4297307 Depth: 19 Value: 0.1 Station: CB4.1E
 --- UTM-X: 380969 UTM-Y: 4297307 Depth: 19.5 Value: 0.1 Station: CB4.1E
 --- UTM-X: 380969 UTM-Y: 4297307 Depth: 20 Value: 0.1 Station: CB4.1E
 --- UTM-X: 380969 UTM-Y: 4297307 Depth: 20.5 Value: 0.1 Station: CB4.1E
 --- UTM-X: 380969 UTM-Y: 4297307 Depth: 21 Value: 0.1 Station: CB4.1E
 --- UTM-X: 380969 UTM-Y: 4297307 Depth: 21.5 Value: 0.1 Station: CB4.1E
 --- UTM-X: 380969 UTM-Y: 4297307 Depth: 22 Value: 0.1 Station: CB4.1E
 --- UTM-X: 373004 UTM-Y: 4297091 Depth: 0 Value: 10.3 Station: CB4.1W
 --- UTM-X: 373004 UTM-Y: 4297091 Depth: 0.5 Value: 10.2 Station: CB4.1W
 --- UTM-X: 373004 UTM-Y: 4297091 Depth: 1 Value: 10.1 Station: CB4.1W
 --- UTM-X: 373004 UTM-Y: 4297091 Depth: 1.5 Value: 9.45 Station: CB4.1W
 --- UTM-X: 373004 UTM-Y: 4297091 Depth: 2 Value: 8.8 Station: CB4.1W
 --- UTM-X: 373004 UTM-Y: 4297091 Depth: 2.5 Value: 8 Station: CB4.1W
 --- UTM-X: 373004 UTM-Y: 4297091 Depth: 3 Value: 7.2 Station: CB4.1W
 --- UTM-X: 373004 UTM-Y: 4297091 Depth: 3.5 Value: 7.05 Station: CB4.1W
 --- UTM-X: 373004 UTM-Y: 4297091 Depth: 4 Value: 6.9 Station: CB4.1W
 --- UTM-X: 373004 UTM-Y: 4297091 Depth: 4.5 Value: 6.7 Station: CB4.1W
 --- UTM-X: 373004 UTM-Y: 4297091 Depth: 5 Value: 6.5 Station: CB4.1W
 --- UTM-X: 373004 UTM-Y: 4297091 Depth: 5.5 Value: 6.25 Station: CB4.1W
 --- UTM-X: 373004 UTM-Y: 4297091 Depth: 6 Value: 6 Station: CB4.1W
 --- UTM-X: 373004 UTM-Y: 4297091 Depth: 6.5 Value: 5.65 Station: CB4.1W
 --- UTM-X: 373004 UTM-Y: 4297091 Depth: 7 Value: 5.3 Station: CB4.1W
 --- UTM-X: 367033 UTM-Y: 4304960 Depth: 0 Value: 7.1 Station: WT8.2
 --- UTM-X: 367033 UTM-Y: 4304960 Depth: 0.5 Value: 5.65 Station: WT8.2
 --- UTM-X: 367033 UTM-Y: 4304960 Depth: 1 Value: 4.2 Station: WT8.2
 --- UTM-X: 367033 UTM-Y: 4304960 Depth: 1.5 Value: 3.65 Station: WT8.2
 --- UTM-X: 367033 UTM-Y: 4304960 Depth: 2 Value: 3.1 Station: WT8.2
 --- UTM-X: 366971 UTM-Y: 4301260 Depth: 0 Value: 5.6 Station: WT8.3
 --- UTM-X: 366971 UTM-Y: 4301260 Depth: 0.5 Value: 5.45 Station: WT8.3
 --- UTM-X: 366971 UTM-Y: 4301260 Depth: 1 Value: 5.3 Station: WT8.3
 --- UTM-X: 366971 UTM-Y: 4301260 Depth: 1.5 Value: 4.65 Station: WT8.3
 --- UTM-X: 366971 UTM-Y: 4301260 Depth: 2 Value: 4 Station: WT8.3
 --- UTM-X: 366971 UTM-Y: 4301260 Depth: 2.5 Value: 3.8 Station: WT8.3
 --- UTM-X: 366971 UTM-Y: 4301260 Depth: 3 Value: 3.6 Station: WT8.3
 --- 325 cells were interpolated in region RHDMH.  Subtotal: 142016 total cells.
 ---- Region was calculated in 0 seconds. Segment volume (m^3) = 20312500
 
 - Bathymetry Region ID: 1044  Region Name: WSTMH  Data Points: 199 in data region 1044
 -- Cell Size  E-W: 250  N-S: 250  Vertical: 1
 --- Data in Region ---
 --- UTM-X: 382253 UTM-Y: 4317113 Depth: 0 Value: 13.3 Station: CB3.3C
 --- UTM-X: 382253 UTM-Y: 4317113 Depth: 0.5 Value: 13.4 Station: CB3.3C
 --- UTM-X: 382253 UTM-Y: 4317113 Depth: 1 Value: 13.5 Station: CB3.3C
 --- UTM-X: 382253 UTM-Y: 4317113 Depth: 1.5 Value: 13.15 Station: CB3.3C
 --- UTM-X: 382253 UTM-Y: 4317113 Depth: 2 Value: 12.8 Station: CB3.3C
 --- UTM-X: 382253 UTM-Y: 4317113 Depth: 2.5 Value: 10.05 Station: CB3.3C
 --- UTM-X: 382253 UTM-Y: 4317113 Depth: 3 Value: 7.3 Station: CB3.3C
 --- UTM-X: 382253 UTM-Y: 4317113 Depth: 3.5 Value: 6.7 Station: CB3.3C
 --- UTM-X: 382253 UTM-Y: 4317113 Depth: 4 Value: 6.1 Station: CB3.3C
 --- UTM-X: 382253 UTM-Y: 4317113 Depth: 4.5 Value: 6.1 Station: CB3.3C
 --- UTM-X: 382253 UTM-Y: 4317113 Depth: 5 Value: 6.1 Station: CB3.3C
 --- UTM-X: 382253 UTM-Y: 4317113 Depth: 5.5 Value: 5.3 Station: CB3.3C
 --- UTM-X: 382253 UTM-Y: 4317113 Depth: 6 Value: 4.5 Station: CB3.3C
 --- UTM-X: 382253 UTM-Y: 4317113 Depth: 6.5 Value: 3.45 Station: CB3.3C
 --- UTM-X: 382253 UTM-Y: 4317113 Depth: 7 Value: 2.4 Station: CB3.3C
 --- UTM-X: 382253 UTM-Y: 4317113 Depth: 7.5 Value: 2 Station: CB3.3C
 --- UTM-X: 382253 UTM-Y: 4317113 Depth: 8 Value: 1.6 Station: CB3.3C
 --- UTM-X: 382253 UTM-Y: 4317113 Depth: 8.5 Value: 1.45 Station: CB3.3C
 --- UTM-X: 382253 UTM-Y: 4317113 Depth: 9 Value: 1.3 Station: CB3.3C
 --- UTM-X: 382253 UTM-Y: 4317113 Depth: 9.5 Value: 1.05 Station: CB3.3C
 --- UTM-X: 382253 UTM-Y: 4317113 Depth: 10 Value: 0.8 Station: CB3.3C
 --- UTM-X: 382253 UTM-Y: 4317113 Depth: 10.5 Value: 0.7 Station: CB3.3C
 --- UTM-X: 382253 UTM-Y: 4317113 Depth: 11 Value: 0.6 Station: CB3.3C
 --- UTM-X: 382253 UTM-Y: 4317113 Depth: 11.5 Value: 0.35 Station: CB3.3C
 --- UTM-X: 382253 UTM-Y: 4317113 Depth: 12 Value: 0.1 Station: CB3.3C
 --- UTM-X: 382253 UTM-Y: 4317113 Depth: 12.5 Value: 0.1 Station: CB3.3C
 --- UTM-X: 382253 UTM-Y: 4317113 Depth: 13 Value: 0.1 Station: CB3.3C
 --- UTM-X: 382253 UTM-Y: 4317113 Depth: 13.5 Value: 0.1 Station: CB3.3C
 --- UTM-X: 382253 UTM-Y: 4317113 Depth: 14 Value: 0.1 Station: CB3.3C
 --- UTM-X: 382253 UTM-Y: 4317113 Depth: 14.5 Value: 0.1 Station: CB3.3C
 --- UTM-X: 382253 UTM-Y: 4317113 Depth: 15 Value: 0.1 Station: CB3.3C
 --- UTM-X: 382253 UTM-Y: 4317113 Depth: 15.5 Value: 0.1 Station: CB3.3C
 --- UTM-X: 382253 UTM-Y: 4317113 Depth: 16 Value: 0.1 Station: CB3.3C
 --- UTM-X: 382253 UTM-Y: 4317113 Depth: 16.5 Value: 0.1 Station: CB3.3C
 --- UTM-X: 382253 UTM-Y: 4317113 Depth: 17 Value: 0.1 Station: CB3.3C
 --- UTM-X: 382253 UTM-Y: 4317113 Depth: 17.5 Value: 0.1 Station: CB3.3C
 --- UTM-X: 382253 UTM-Y: 4317113 Depth: 18 Value: 0.1 Station: CB3.3C
 --- UTM-X: 382253 UTM-Y: 4317113 Depth: 18.5 Value: 0.1 Station: CB3.3C
 --- UTM-X: 382253 UTM-Y: 4317113 Depth: 19 Value: 0.1 Station: CB3.3C
 --- UTM-X: 382253 UTM-Y: 4317113 Depth: 19.5 Value: 0.1 Station: CB3.3C
 --- UTM-X: 382253 UTM-Y: 4317113 Depth: 20 Value: 0.1 Station: CB3.3C
 --- UTM-X: 382253 UTM-Y: 4317113 Depth: 20.5 Value: 0.1 Station: CB3.3C
 --- UTM-X: 382253 UTM-Y: 4317113 Depth: 21 Value: 0.1 Station: CB3.3C
 --- UTM-X: 382253 UTM-Y: 4317113 Depth: 21.5 Value: 0.1 Station: CB3.3C
 --- UTM-X: 382253 UTM-Y: 4317113 Depth: 22 Value: 0.1 Station: CB3.3C
 --- UTM-X: 383418 UTM-Y: 4317836 Depth: 0 Value: 10.3 Station: CB3.3E
 --- UTM-X: 383418 UTM-Y: 4317836 Depth: 0.5 Value: 10.05 Station: CB3.3E
 --- UTM-X: 383418 UTM-Y: 4317836 Depth: 1 Value: 9.8 Station: CB3.3E
 --- UTM-X: 383418 UTM-Y: 4317836 Depth: 1.5 Value: 8.3 Station: CB3.3E
 --- UTM-X: 383418 UTM-Y: 4317836 Depth: 2 Value: 6.8 Station: CB3.3E
 --- UTM-X: 383418 UTM-Y: 4317836 Depth: 2.5 Value: 6.85 Station: CB3.3E
 --- UTM-X: 383418 UTM-Y: 4317836 Depth: 3 Value: 6.9 Station: CB3.3E
 --- UTM-X: 383418 UTM-Y: 4317836 Depth: 3.5 Value: 6.9 Station: CB3.3E
 --- UTM-X: 383418 UTM-Y: 4317836 Depth: 4 Value: 6.9 Station: CB3.3E
 --- UTM-X: 383418 UTM-Y: 4317836 Depth: 4.5 Value: 6.85 Station: CB3.3E
 --- UTM-X: 383418 UTM-Y: 4317836 Depth: 5 Value: 6.8 Station: CB3.3E
 --- UTM-X: 383418 UTM-Y: 4317836 Depth: 5.5 Value: 5.9 Station: CB3.3E
 --- UTM-X: 383418 UTM-Y: 4317836 Depth: 6 Value: 5 Station: CB3.3E
 --- UTM-X: 379813 UTM-Y: 4318075 Depth: 0 Value: 9.7 Station: CB3.3W
 --- UTM-X: 379813 UTM-Y: 4318075 Depth: 0.5 Value: 9.7 Station: CB3.3W
 --- UTM-X: 379813 UTM-Y: 4318075 Depth: 1 Value: 9.7 Station: CB3.3W
 --- UTM-X: 379813 UTM-Y: 4318075 Depth: 1.5 Value: 9.65 Station: CB3.3W
 --- UTM-X: 379813 UTM-Y: 4318075 Depth: 2 Value: 9.6 Station: CB3.3W
 --- UTM-X: 379813 UTM-Y: 4318075 Depth: 2.5 Value: 9.35 Station: CB3.3W
 --- UTM-X: 379813 UTM-Y: 4318075 Depth: 3 Value: 9.1 Station: CB3.3W
 --- UTM-X: 379813 UTM-Y: 4318075 Depth: 3.5 Value: 8.85 Station: CB3.3W
 --- UTM-X: 379813 UTM-Y: 4318075 Depth: 4 Value: 8.6 Station: CB3.3W
 --- UTM-X: 379813 UTM-Y: 4318075 Depth: 4.5 Value: 8.45 Station: CB3.3W
 --- UTM-X: 379813 UTM-Y: 4318075 Depth: 5 Value: 8.3 Station: CB3.3W
 --- UTM-X: 379813 UTM-Y: 4318075 Depth: 5.5 Value: 8.3 Station: CB3.3W
 --- UTM-X: 379813 UTM-Y: 4318075 Depth: 6 Value: 8.3 Station: CB3.3W
 --- UTM-X: 379813 UTM-Y: 4318075 Depth: 6.5 Value: 8.3 Station: CB3.3W
 --- UTM-X: 379813 UTM-Y: 4318075 Depth: 7 Value: 8.3 Station: CB3.3W
 --- UTM-X: 378499 UTM-Y: 4298300 Depth: 0 Value: 7.8 Station: CB4.1C
 --- UTM-X: 378499 UTM-Y: 4298300 Depth: 0.5 Value: 7.8 Station: CB4.1C
 --- UTM-X: 378499 UTM-Y: 4298300 Depth: 1 Value: 7.8 Station: CB4.1C
 --- UTM-X: 378499 UTM-Y: 4298300 Depth: 1.5 Value: 7.6 Station: CB4.1C
 --- UTM-X: 378499 UTM-Y: 4298300 Depth: 2 Value: 7.4 Station: CB4.1C
 --- UTM-X: 378499 UTM-Y: 4298300 Depth: 2.5 Value: 7.25 Station: CB4.1C
 --- UTM-X: 378499 UTM-Y: 4298300 Depth: 3 Value: 7.1 Station: CB4.1C
 --- UTM-X: 378499 UTM-Y: 4298300 Depth: 3.5 Value: 5.75 Station: CB4.1C
 --- UTM-X: 378499 UTM-Y: 4298300 Depth: 4 Value: 4.4 Station: CB4.1C
 --- UTM-X: 378499 UTM-Y: 4298300 Depth: 4.5 Value: 4.2 Station: CB4.1C
 --- UTM-X: 378499 UTM-Y: 4298300 Depth: 5 Value: 4 Station: CB4.1C
 --- UTM-X: 378499 UTM-Y: 4298300 Depth: 5.5 Value: 3.6 Station: CB4.1C
 --- UTM-X: 378499 UTM-Y: 4298300 Depth: 6 Value: 3.2 Station: CB4.1C
 --- UTM-X: 378499 UTM-Y: 4298300 Depth: 6.5 Value: 3.05 Station: CB4.1C
 --- UTM-X: 378499 UTM-Y: 4298300 Depth: 7 Value: 2.9 Station: CB4.1C
 --- UTM-X: 378499 UTM-Y: 4298300 Depth: 7.5 Value: 2.65 Station: CB4.1C
 --- UTM-X: 378499 UTM-Y: 4298300 Depth: 8 Value: 2.4 Station: CB4.1C
 --- UTM-X: 378499 UTM-Y: 4298300 Depth: 8.5 Value: 1.7 Station: CB4.1C
 --- UTM-X: 378499 UTM-Y: 4298300 Depth: 9 Value: 1 Station: CB4.1C
 --- UTM-X: 378499 UTM-Y: 4298300 Depth: 9.5 Value: 0.55 Station: CB4.1C
 --- UTM-X: 378499 UTM-Y: 4298300 Depth: 10 Value: 0.1 Station: CB4.1C
 --- UTM-X: 378499 UTM-Y: 4298300 Depth: 10.5 Value: 0.05 Station: CB4.1C
 --- UTM-X: 378499 UTM-Y: 4298300 Depth: 11 Value: 0 Station: CB4.1C
 --- UTM-X: 378499 UTM-Y: 4298300 Depth: 11.5 Value: 0 Station: CB4.1C
 --- UTM-X: 378499 UTM-Y: 4298300 Depth: 12 Value: 0 Station: CB4.1C
 --- UTM-X: 378499 UTM-Y: 4298300 Depth: 12.5 Value: 0 Station: CB4.1C
 --- UTM-X: 378499 UTM-Y: 4298300 Depth: 13 Value: 0 Station: CB4.1C
 --- UTM-X: 378499 UTM-Y: 4298300 Depth: 13.5 Value: 0 Station: CB4.1C
 --- UTM-X: 378499 UTM-Y: 4298300 Depth: 14 Value: 0 Station: CB4.1C
 --- UTM-X: 378499 UTM-Y: 4298300 Depth: 14.5 Value: 0 Station: CB4.1C
 --- UTM-X: 378499 UTM-Y: 4298300 Depth: 15 Value: 0 Station: CB4.1C
 --- UTM-X: 378499 UTM-Y: 4298300 Depth: 15.5 Value: 0.025 Station: CB4.1C
 --- UTM-X: 378499 UTM-Y: 4298300 Depth: 16 Value: 0.05 Station: CB4.1C
 --- UTM-X: 378499 UTM-Y: 4298300 Depth: 16.5 Value: 0.075 Station: CB4.1C
 --- UTM-X: 378499 UTM-Y: 4298300 Depth: 17 Value: 0.1 Station: CB4.1C
 --- UTM-X: 378499 UTM-Y: 4298300 Depth: 17.5 Value: 0.1 Station: CB4.1C
 --- UTM-X: 378499 UTM-Y: 4298300 Depth: 18 Value: 0.1 Station: CB4.1C
 --- UTM-X: 378499 UTM-Y: 4298300 Depth: 18.5 Value: 0.1 Station: CB4.1C
 --- UTM-X: 378499 UTM-Y: 4298300 Depth: 19 Value: 0.1 Station: CB4.1C
 --- UTM-X: 378499 UTM-Y: 4298300 Depth: 19.5 Value: 0.1 Station: CB4.1C
 --- UTM-X: 378499 UTM-Y: 4298300 Depth: 20 Value: 0.1 Station: CB4.1C
 --- UTM-X: 378499 UTM-Y: 4298300 Depth: 20.5 Value: 0.1 Station: CB4.1C
 --- UTM-X: 378499 UTM-Y: 4298300 Depth: 21 Value: 0.1 Station: CB4.1C
 --- UTM-X: 378499 UTM-Y: 4298300 Depth: 21.5 Value: 0.1 Station: CB4.1C
 --- UTM-X: 378499 UTM-Y: 4298300 Depth: 22 Value: 0.1 Station: CB4.1C
 --- UTM-X: 378499 UTM-Y: 4298300 Depth: 22.5 Value: 0.1 Station: CB4.1C
 --- UTM-X: 378499 UTM-Y: 4298300 Depth: 23 Value: 0.1 Station: CB4.1C
 --- UTM-X: 378499 UTM-Y: 4298300 Depth: 23.5 Value: 0.1 Station: CB4.1C
 --- UTM-X: 378499 UTM-Y: 4298300 Depth: 24 Value: 0.1 Station: CB4.1C
 --- UTM-X: 378499 UTM-Y: 4298300 Depth: 24.5 Value: 0.1 Station: CB4.1C
 --- UTM-X: 378499 UTM-Y: 4298300 Depth: 25 Value: 0.1 Station: CB4.1C
 --- UTM-X: 378499 UTM-Y: 4298300 Depth: 25.5 Value: 0.1 Station: CB4.1C
 --- UTM-X: 378499 UTM-Y: 4298300 Depth: 26 Value: 0.1 Station: CB4.1C
 --- UTM-X: 378499 UTM-Y: 4298300 Depth: 26.5 Value: 0.1 Station: CB4.1C
 --- UTM-X: 378499 UTM-Y: 4298300 Depth: 27 Value: 0.1 Station: CB4.1C
 --- UTM-X: 378499 UTM-Y: 4298300 Depth: 27.5 Value: 0.1 Station: CB4.1C
 --- UTM-X: 378499 UTM-Y: 4298300 Depth: 28 Value: 0.1 Station: CB4.1C
 --- UTM-X: 378499 UTM-Y: 4298300 Depth: 28.5 Value: 0.1 Station: CB4.1C
 --- UTM-X: 378499 UTM-Y: 4298300 Depth: 29 Value: 0.1 Station: CB4.1C
 --- UTM-X: 380969 UTM-Y: 4297307 Depth: 0 Value: 7.1 Station: CB4.1E
 --- UTM-X: 380969 UTM-Y: 4297307 Depth: 0.5 Value: 7.1 Station: CB4.1E
 --- UTM-X: 380969 UTM-Y: 4297307 Depth: 1 Value: 7.1 Station: CB4.1E
 --- UTM-X: 380969 UTM-Y: 4297307 Depth: 1.5 Value: 7.05 Station: CB4.1E
 --- UTM-X: 380969 UTM-Y: 4297307 Depth: 2 Value: 7 Station: CB4.1E
 --- UTM-X: 380969 UTM-Y: 4297307 Depth: 2.5 Value: 7 Station: CB4.1E
 --- UTM-X: 380969 UTM-Y: 4297307 Depth: 3 Value: 7 Station: CB4.1E
 --- UTM-X: 380969 UTM-Y: 4297307 Depth: 3.5 Value: 6.85 Station: CB4.1E
 --- UTM-X: 380969 UTM-Y: 4297307 Depth: 4 Value: 6.7 Station: CB4.1E
 --- UTM-X: 380969 UTM-Y: 4297307 Depth: 4.5 Value: 6.2 Station: CB4.1E
 --- UTM-X: 380969 UTM-Y: 4297307 Depth: 5 Value: 5.7 Station: CB4.1E
 --- UTM-X: 380969 UTM-Y: 4297307 Depth: 5.5 Value: 5.25 Station: CB4.1E
 --- UTM-X: 380969 UTM-Y: 4297307 Depth: 6 Value: 4.8 Station: CB4.1E
 --- UTM-X: 380969 UTM-Y: 4297307 Depth: 6.5 Value: 4.1 Station: CB4.1E
 --- UTM-X: 380969 UTM-Y: 4297307 Depth: 7 Value: 3.4 Station: CB4.1E
 --- UTM-X: 380969 UTM-Y: 4297307 Depth: 7.5 Value: 1.95 Station: CB4.1E
 --- UTM-X: 380969 UTM-Y: 4297307 Depth: 8 Value: 0.5 Station: CB4.1E
 --- UTM-X: 380969 UTM-Y: 4297307 Depth: 8.5 Value: 0.7 Station: CB4.1E
 --- UTM-X: 380969 UTM-Y: 4297307 Depth: 9 Value: 0.9 Station: CB4.1E
 --- UTM-X: 380969 UTM-Y: 4297307 Depth: 9.5 Value: 0.8 Station: CB4.1E
 --- UTM-X: 380969 UTM-Y: 4297307 Depth: 10 Value: 0.7 Station: CB4.1E
 --- UTM-X: 380969 UTM-Y: 4297307 Depth: 10.5 Value: 0.45 Station: CB4.1E
 --- UTM-X: 380969 UTM-Y: 4297307 Depth: 11 Value: 0.2 Station: CB4.1E
 --- UTM-X: 380969 UTM-Y: 4297307 Depth: 11.5 Value: 0.15 Station: CB4.1E
 --- UTM-X: 380969 UTM-Y: 4297307 Depth: 12 Value: 0.1 Station: CB4.1E
 --- UTM-X: 380969 UTM-Y: 4297307 Depth: 12.5 Value: 0.1 Station: CB4.1E
 --- UTM-X: 380969 UTM-Y: 4297307 Depth: 13 Value: 0.1 Station: CB4.1E
 --- UTM-X: 380969 UTM-Y: 4297307 Depth: 13.5 Value: 0.1 Station: CB4.1E
 --- UTM-X: 380969 UTM-Y: 4297307 Depth: 14 Value: 0.1 Station: CB4.1E
 --- UTM-X: 380969 UTM-Y: 4297307 Depth: 14.5 Value: 0.1 Station: CB4.1E
 --- UTM-X: 380969 UTM-Y: 4297307 Depth: 15 Value: 0.1 Station: CB4.1E
 --- UTM-X: 380969 UTM-Y: 4297307 Depth: 15.5 Value: 0.1 Station: CB4.1E
 --- UTM-X: 380969 UTM-Y: 4297307 Depth: 16 Value: 0.1 Station: CB4.1E
 --- UTM-X: 380969 UTM-Y: 4297307 Depth: 16.5 Value: 0.1 Station: CB4.1E
 --- UTM-X: 380969 UTM-Y: 4297307 Depth: 17 Value: 0.1 Station: CB4.1E
 --- UTM-X: 380969 UTM-Y: 4297307 Depth: 17.5 Value: 0.1 Station: CB4.1E
 --- UTM-X: 380969 UTM-Y: 4297307 Depth: 18 Value: 0.1 Station: CB4.1E
 --- UTM-X: 380969 UTM-Y: 4297307 Depth: 18.5 Value: 0.1 Station: CB4.1E
 --- UTM-X: 380969 UTM-Y: 4297307 Depth: 19 Value: 0.1 Station: CB4.1E
 --- UTM-X: 380969 UTM-Y: 4297307 Depth: 19.5 Value: 0.1 Station: CB4.1E
 --- UTM-X: 380969 UTM-Y: 4297307 Depth: 20 Value: 0.1 Station: CB4.1E
 --- UTM-X: 380969 UTM-Y: 4297307 Depth: 20.5 Value: 0.1 Station: CB4.1E
 --- UTM-X: 380969 UTM-Y: 4297307 Depth: 21 Value: 0.1 Station: CB4.1E
 --- UTM-X: 380969 UTM-Y: 4297307 Depth: 21.5 Value: 0.1 Station: CB4.1E
 --- UTM-X: 380969 UTM-Y: 4297307 Depth: 22 Value: 0.1 Station: CB4.1E
 --- UTM-X: 373004 UTM-Y: 4297091 Depth: 0 Value: 10.3 Station: CB4.1W
 --- UTM-X: 373004 UTM-Y: 4297091 Depth: 0.5 Value: 10.2 Station: CB4.1W
 --- UTM-X: 373004 UTM-Y: 4297091 Depth: 1 Value: 10.1 Station: CB4.1W
 --- UTM-X: 373004 UTM-Y: 4297091 Depth: 1.5 Value: 9.45 Station: CB4.1W
 --- UTM-X: 373004 UTM-Y: 4297091 Depth: 2 Value: 8.8 Station: CB4.1W
 --- UTM-X: 373004 UTM-Y: 4297091 Depth: 2.5 Value: 8 Station: CB4.1W
 --- UTM-X: 373004 UTM-Y: 4297091 Depth: 3 Value: 7.2 Station: CB4.1W
 --- UTM-X: 373004 UTM-Y: 4297091 Depth: 3.5 Value: 7.05 Station: CB4.1W
 --- UTM-X: 373004 UTM-Y: 4297091 Depth: 4 Value: 6.9 Station: CB4.1W
 --- UTM-X: 373004 UTM-Y: 4297091 Depth: 4.5 Value: 6.7 Station: CB4.1W
 --- UTM-X: 373004 UTM-Y: 4297091 Depth: 5 Value: 6.5 Station: CB4.1W
 --- UTM-X: 373004 UTM-Y: 4297091 Depth: 5.5 Value: 6.25 Station: CB4.1W
 --- UTM-X: 373004 UTM-Y: 4297091 Depth: 6 Value: 6 Station: CB4.1W
 --- UTM-X: 373004 UTM-Y: 4297091 Depth: 6.5 Value: 5.65 Station: CB4.1W
 --- UTM-X: 373004 UTM-Y: 4297091 Depth: 7 Value: 5.3 Station: CB4.1W
 --- UTM-X: 366971 UTM-Y: 4301260 Depth: 0 Value: 5.6 Station: WT8.3
 --- UTM-X: 366971 UTM-Y: 4301260 Depth: 0.5 Value: 5.45 Station: WT8.3
 --- UTM-X: 366971 UTM-Y: 4301260 Depth: 1 Value: 5.3 Station: WT8.3
 --- UTM-X: 366971 UTM-Y: 4301260 Depth: 1.5 Value: 4.65 Station: WT8.3
 --- UTM-X: 366971 UTM-Y: 4301260 Depth: 2 Value: 4 Station: WT8.3
 --- UTM-X: 366971 UTM-Y: 4301260 Depth: 2.5 Value: 3.8 Station: WT8.3
 --- UTM-X: 366971 UTM-Y: 4301260 Depth: 3 Value: 3.6 Station: WT8.3
 --- 326 cells were interpolated in region WSTMH.  Subtotal: 142342 total cells.
 ---- Region was calculated in 0 seconds. Segment volume (m^3) = 20375000
 
 - Bathymetry Region ID: 1046  Region Name: PAXTF  Data Points: 34 in data region 1046
 -- Cell Size  E-W: 50  N-S: 50  Vertical: 1
 --- Data in Region ---
 --- UTM-X: 351339 UTM-Y: 4297128 Depth: 0 Value: 5.2 Station: TF1.3
 --- UTM-X: 351454 UTM-Y: 4292963 Depth: 0 Value: 5 Station: TF1.4
 --- UTM-X: 352073 UTM-Y: 4285982 Depth: 0 Value: 5.2 Station: TF1.5
 --- UTM-X: 352073 UTM-Y: 4285982 Depth: 0.5 Value: 5 Station: TF1.5
 --- UTM-X: 352073 UTM-Y: 4285982 Depth: 1 Value: 4.8 Station: TF1.5
 --- UTM-X: 352073 UTM-Y: 4285982 Depth: 1.5 Value: 4.8 Station: TF1.5
 --- UTM-X: 352073 UTM-Y: 4285982 Depth: 2 Value: 4.8 Station: TF1.5
 --- UTM-X: 352073 UTM-Y: 4285982 Depth: 2.5 Value: 4.75 Station: TF1.5
 --- UTM-X: 352073 UTM-Y: 4285982 Depth: 3 Value: 4.7 Station: TF1.5
 --- UTM-X: 352073 UTM-Y: 4285982 Depth: 3.5 Value: 4.717 Station: TF1.5
 --- UTM-X: 352073 UTM-Y: 4285982 Depth: 4 Value: 4.733 Station: TF1.5
 --- UTM-X: 352073 UTM-Y: 4285982 Depth: 4.5 Value: 4.75 Station: TF1.5
 --- UTM-X: 352073 UTM-Y: 4285982 Depth: 5 Value: 4.767 Station: TF1.5
 --- UTM-X: 352073 UTM-Y: 4285982 Depth: 5.5 Value: 4.783 Station: TF1.5
 --- UTM-X: 352073 UTM-Y: 4285982 Depth: 6 Value: 4.8 Station: TF1.5
 --- UTM-X: 352073 UTM-Y: 4285982 Depth: 6.5 Value: 4.8 Station: TF1.5
 --- UTM-X: 352073 UTM-Y: 4285982 Depth: 7 Value: 4.8 Station: TF1.5
 --- UTM-X: 352073 UTM-Y: 4285982 Depth: 7.5 Value: 4.8 Station: TF1.5
 --- UTM-X: 352073 UTM-Y: 4285982 Depth: 8 Value: 4.8 Station: TF1.5
 --- UTM-X: 352073 UTM-Y: 4285982 Depth: 8.5 Value: 4.8 Station: TF1.5
 --- UTM-X: 352073 UTM-Y: 4285982 Depth: 9 Value: 4.8 Station: TF1.5
 --- UTM-X: 353440 UTM-Y: 4280160 Depth: 0 Value: 4.3 Station: TF1.6
 --- UTM-X: 353440 UTM-Y: 4280160 Depth: 0.5 Value: 4.3 Station: TF1.6
 --- UTM-X: 353440 UTM-Y: 4280160 Depth: 1 Value: 4.3 Station: TF1.6
 --- UTM-X: 353440 UTM-Y: 4280160 Depth: 1.5 Value: 4.3 Station: TF1.6
 --- UTM-X: 353440 UTM-Y: 4280160 Depth: 2 Value: 4.3 Station: TF1.6
 --- UTM-X: 353440 UTM-Y: 4280160 Depth: 2.5 Value: 4.3 Station: TF1.6
 --- UTM-X: 353440 UTM-Y: 4280160 Depth: 3 Value: 4.3 Station: TF1.6
 --- UTM-X: 353648 UTM-Y: 4271707 Depth: 0 Value: 5.7 Station: TF1.7
 --- UTM-X: 353648 UTM-Y: 4271707 Depth: 0.5 Value: 5.3 Station: TF1.7
 --- UTM-X: 353648 UTM-Y: 4271707 Depth: 1 Value: 4.9 Station: TF1.7
 --- UTM-X: 353648 UTM-Y: 4271707 Depth: 1.5 Value: 4.7 Station: TF1.7
 --- UTM-X: 353648 UTM-Y: 4271707 Depth: 2 Value: 4.5 Station: TF1.7
 --- UTM-X: 351142 UTM-Y: 4294357 Depth: 0 Value: 4.7 Station: WXT0001
 --- 4410 cells were interpolated in region PAXTF.  Subtotal: 146752 total cells.
 ---- Region was calculated in 0 seconds. Segment volume (m^3) = 11025000
 
 - Bathymetry Region ID: 1047  Region Name: PAXOH  Data Points: 78 in data region 1047
 -- Cell Size  E-W: 100  N-S: 100  Vertical: 1
 --- Data in Region ---
 --- UTM-X: 360193 UTM-Y: 4254200 Depth: 0 Value: 5.8 Station: LE1.1
 --- UTM-X: 360193 UTM-Y: 4254200 Depth: 0.5 Value: 5.85 Station: LE1.1
 --- UTM-X: 360193 UTM-Y: 4254200 Depth: 1 Value: 5.9 Station: LE1.1
 --- UTM-X: 360193 UTM-Y: 4254200 Depth: 1.5 Value: 5.4 Station: LE1.1
 --- UTM-X: 360193 UTM-Y: 4254200 Depth: 2 Value: 4.9 Station: LE1.1
 --- UTM-X: 360193 UTM-Y: 4254200 Depth: 2.5 Value: 4.75 Station: LE1.1
 --- UTM-X: 360193 UTM-Y: 4254200 Depth: 3 Value: 4.6 Station: LE1.1
 --- UTM-X: 360193 UTM-Y: 4254200 Depth: 3.5 Value: 3.983 Station: LE1.1
 --- UTM-X: 360193 UTM-Y: 4254200 Depth: 4 Value: 3.367 Station: LE1.1
 --- UTM-X: 360193 UTM-Y: 4254200 Depth: 4.5 Value: 2.75 Station: LE1.1
 --- UTM-X: 360193 UTM-Y: 4254200 Depth: 5 Value: 2.133 Station: LE1.1
 --- UTM-X: 360193 UTM-Y: 4254200 Depth: 5.5 Value: 1.517 Station: LE1.1
 --- UTM-X: 360193 UTM-Y: 4254200 Depth: 6 Value: 0.9 Station: LE1.1
 --- UTM-X: 360193 UTM-Y: 4254200 Depth: 6.5 Value: 0.883 Station: LE1.1
 --- UTM-X: 360193 UTM-Y: 4254200 Depth: 7 Value: 0.867 Station: LE1.1
 --- UTM-X: 360193 UTM-Y: 4254200 Depth: 7.5 Value: 0.85 Station: LE1.1
 --- UTM-X: 360193 UTM-Y: 4254200 Depth: 8 Value: 0.833 Station: LE1.1
 --- UTM-X: 360193 UTM-Y: 4254200 Depth: 8.5 Value: 0.817 Station: LE1.1
 --- UTM-X: 360193 UTM-Y: 4254200 Depth: 9 Value: 0.8 Station: LE1.1
 --- UTM-X: 360193 UTM-Y: 4254200 Depth: 9.5 Value: 0.825 Station: LE1.1
 --- UTM-X: 360193 UTM-Y: 4254200 Depth: 10 Value: 0.85 Station: LE1.1
 --- UTM-X: 360193 UTM-Y: 4254200 Depth: 10.5 Value: 0.875 Station: LE1.1
 --- UTM-X: 360193 UTM-Y: 4254200 Depth: 11 Value: 0.9 Station: LE1.1
 --- UTM-X: 354868 UTM-Y: 4261571 Depth: 0 Value: 5 Station: RET1.1
 --- UTM-X: 354868 UTM-Y: 4261571 Depth: 0.5 Value: 4.95 Station: RET1.1
 --- UTM-X: 354868 UTM-Y: 4261571 Depth: 1 Value: 4.9 Station: RET1.1
 --- UTM-X: 354868 UTM-Y: 4261571 Depth: 1.5 Value: 4.75 Station: RET1.1
 --- UTM-X: 354868 UTM-Y: 4261571 Depth: 2 Value: 4.6 Station: RET1.1
 --- UTM-X: 354868 UTM-Y: 4261571 Depth: 2.5 Value: 4.5 Station: RET1.1
 --- UTM-X: 354868 UTM-Y: 4261571 Depth: 3 Value: 4.4 Station: RET1.1
 --- UTM-X: 354868 UTM-Y: 4261571 Depth: 3.5 Value: 3.783 Station: RET1.1
 --- UTM-X: 354868 UTM-Y: 4261571 Depth: 4 Value: 3.167 Station: RET1.1
 --- UTM-X: 354868 UTM-Y: 4261571 Depth: 4.5 Value: 2.55 Station: RET1.1
 --- UTM-X: 354868 UTM-Y: 4261571 Depth: 5 Value: 1.933 Station: RET1.1
 --- UTM-X: 354868 UTM-Y: 4261571 Depth: 5.5 Value: 1.317 Station: RET1.1
 --- UTM-X: 354868 UTM-Y: 4261571 Depth: 6 Value: 0.7 Station: RET1.1
 --- UTM-X: 354868 UTM-Y: 4261571 Depth: 6.5 Value: 0.683 Station: RET1.1
 --- UTM-X: 354868 UTM-Y: 4261571 Depth: 7 Value: 0.667 Station: RET1.1
 --- UTM-X: 354868 UTM-Y: 4261571 Depth: 7.5 Value: 0.65 Station: RET1.1
 --- UTM-X: 354868 UTM-Y: 4261571 Depth: 8 Value: 0.633 Station: RET1.1
 --- UTM-X: 354868 UTM-Y: 4261571 Depth: 8.5 Value: 0.617 Station: RET1.1
 --- UTM-X: 354868 UTM-Y: 4261571 Depth: 9 Value: 0.6 Station: RET1.1
 --- UTM-X: 354868 UTM-Y: 4261571 Depth: 9.5 Value: 0.6 Station: RET1.1
 --- UTM-X: 354868 UTM-Y: 4261571 Depth: 10 Value: 0.6 Station: RET1.1
 --- UTM-X: 354868 UTM-Y: 4261571 Depth: 10.5 Value: 0.6 Station: RET1.1
 --- UTM-X: 354868 UTM-Y: 4261571 Depth: 11 Value: 0.6 Station: RET1.1
 --- UTM-X: 351454 UTM-Y: 4292963 Depth: 0 Value: 5 Station: TF1.4
 --- UTM-X: 352073 UTM-Y: 4285982 Depth: 0 Value: 5.2 Station: TF1.5
 --- UTM-X: 352073 UTM-Y: 4285982 Depth: 0.5 Value: 5 Station: TF1.5
 --- UTM-X: 352073 UTM-Y: 4285982 Depth: 1 Value: 4.8 Station: TF1.5
 --- UTM-X: 352073 UTM-Y: 4285982 Depth: 1.5 Value: 4.8 Station: TF1.5
 --- UTM-X: 352073 UTM-Y: 4285982 Depth: 2 Value: 4.8 Station: TF1.5
 --- UTM-X: 352073 UTM-Y: 4285982 Depth: 2.5 Value: 4.75 Station: TF1.5
 --- UTM-X: 352073 UTM-Y: 4285982 Depth: 3 Value: 4.7 Station: TF1.5
 --- UTM-X: 352073 UTM-Y: 4285982 Depth: 3.5 Value: 4.717 Station: TF1.5
 --- UTM-X: 352073 UTM-Y: 4285982 Depth: 4 Value: 4.733 Station: TF1.5
 --- UTM-X: 352073 UTM-Y: 4285982 Depth: 4.5 Value: 4.75 Station: TF1.5
 --- UTM-X: 352073 UTM-Y: 4285982 Depth: 5 Value: 4.767 Station: TF1.5
 --- UTM-X: 352073 UTM-Y: 4285982 Depth: 5.5 Value: 4.783 Station: TF1.5
 --- UTM-X: 352073 UTM-Y: 4285982 Depth: 6 Value: 4.8 Station: TF1.5
 --- UTM-X: 352073 UTM-Y: 4285982 Depth: 6.5 Value: 4.8 Station: TF1.5
 --- UTM-X: 352073 UTM-Y: 4285982 Depth: 7 Value: 4.8 Station: TF1.5
 --- UTM-X: 352073 UTM-Y: 4285982 Depth: 7.5 Value: 4.8 Station: TF1.5
 --- UTM-X: 352073 UTM-Y: 4285982 Depth: 8 Value: 4.8 Station: TF1.5
 --- UTM-X: 352073 UTM-Y: 4285982 Depth: 8.5 Value: 4.8 Station: TF1.5
 --- UTM-X: 352073 UTM-Y: 4285982 Depth: 9 Value: 4.8 Station: TF1.5
 --- UTM-X: 353440 UTM-Y: 4280160 Depth: 0 Value: 4.3 Station: TF1.6
 --- UTM-X: 353440 UTM-Y: 4280160 Depth: 0.5 Value: 4.3 Station: TF1.6
 --- UTM-X: 353440 UTM-Y: 4280160 Depth: 1 Value: 4.3 Station: TF1.6
 --- UTM-X: 353440 UTM-Y: 4280160 Depth: 1.5 Value: 4.3 Station: TF1.6
 --- UTM-X: 353440 UTM-Y: 4280160 Depth: 2 Value: 4.3 Station: TF1.6
 --- UTM-X: 353440 UTM-Y: 4280160 Depth: 2.5 Value: 4.3 Station: TF1.6
 --- UTM-X: 353440 UTM-Y: 4280160 Depth: 3 Value: 4.3 Station: TF1.6
 --- UTM-X: 353648 UTM-Y: 4271707 Depth: 0 Value: 5.7 Station: TF1.7
 --- UTM-X: 353648 UTM-Y: 4271707 Depth: 0.5 Value: 5.3 Station: TF1.7
 --- UTM-X: 353648 UTM-Y: 4271707 Depth: 1 Value: 4.9 Station: TF1.7
 --- UTM-X: 353648 UTM-Y: 4271707 Depth: 1.5 Value: 4.7 Station: TF1.7
 --- UTM-X: 353648 UTM-Y: 4271707 Depth: 2 Value: 4.5 Station: TF1.7
 --- 2718 cells were interpolated in region PAXOH.  Subtotal: 149470 total cells.
 ---- Region was calculated in 0 seconds. Segment volume (m^3) = 27180000
 
 - Bathymetry Region ID: 1048  Region Name: PAXMH  Data Points: 268 in data region 1048
 -- Cell Size  E-W: 500  N-S: 500  Vertical: 1
 --- Data in Region ---
 --- UTM-X: 386968 UTM-Y: 4241940 Depth: 0 Value: 7.7 Station: CB5.1
 --- UTM-X: 386968 UTM-Y: 4241940 Depth: 0.5 Value: 7.85 Station: CB5.1
 --- UTM-X: 386968 UTM-Y: 4241940 Depth: 1 Value: 8 Station: CB5.1
 --- UTM-X: 386968 UTM-Y: 4241940 Depth: 1.5 Value: 7.8 Station: CB5.1
 --- UTM-X: 386968 UTM-Y: 4241940 Depth: 2 Value: 7.6 Station: CB5.1
 --- UTM-X: 386968 UTM-Y: 4241940 Depth: 2.5 Value: 7.4 Station: CB5.1
 --- UTM-X: 386968 UTM-Y: 4241940 Depth: 3 Value: 7.2 Station: CB5.1
 --- UTM-X: 386968 UTM-Y: 4241940 Depth: 3.5 Value: 7.05 Station: CB5.1
 --- UTM-X: 386968 UTM-Y: 4241940 Depth: 4 Value: 6.9 Station: CB5.1
 --- UTM-X: 386968 UTM-Y: 4241940 Depth: 4.5 Value: 6.55 Station: CB5.1
 --- UTM-X: 386968 UTM-Y: 4241940 Depth: 5 Value: 6.2 Station: CB5.1
 --- UTM-X: 386968 UTM-Y: 4241940 Depth: 5.5 Value: 6.05 Station: CB5.1
 --- UTM-X: 386968 UTM-Y: 4241940 Depth: 6 Value: 5.9 Station: CB5.1
 --- UTM-X: 386968 UTM-Y: 4241940 Depth: 6.5 Value: 5.8 Station: CB5.1
 --- UTM-X: 386968 UTM-Y: 4241940 Depth: 7 Value: 5.7 Station: CB5.1
 --- UTM-X: 386968 UTM-Y: 4241940 Depth: 7.5 Value: 5.5 Station: CB5.1
 --- UTM-X: 386968 UTM-Y: 4241940 Depth: 8 Value: 5.3 Station: CB5.1
 --- UTM-X: 386968 UTM-Y: 4241940 Depth: 8.5 Value: 3.85 Station: CB5.1
 --- UTM-X: 386968 UTM-Y: 4241940 Depth: 9 Value: 2.4 Station: CB5.1
 --- UTM-X: 386968 UTM-Y: 4241940 Depth: 9.5 Value: 1.4 Station: CB5.1
 --- UTM-X: 386968 UTM-Y: 4241940 Depth: 10 Value: 0.4 Station: CB5.1
 --- UTM-X: 386968 UTM-Y: 4241940 Depth: 10.5 Value: 0.35 Station: CB5.1
 --- UTM-X: 386968 UTM-Y: 4241940 Depth: 11 Value: 0.3 Station: CB5.1
 --- UTM-X: 386968 UTM-Y: 4241940 Depth: 11.5 Value: 0.3 Station: CB5.1
 --- UTM-X: 386968 UTM-Y: 4241940 Depth: 12 Value: 0.3 Station: CB5.1
 --- UTM-X: 386968 UTM-Y: 4241940 Depth: 12.5 Value: 0.3 Station: CB5.1
 --- UTM-X: 386968 UTM-Y: 4241940 Depth: 13 Value: 0.3 Station: CB5.1
 --- UTM-X: 386968 UTM-Y: 4241940 Depth: 13.5 Value: 0.3 Station: CB5.1
 --- UTM-X: 386968 UTM-Y: 4241940 Depth: 14 Value: 0.3 Station: CB5.1
 --- UTM-X: 386968 UTM-Y: 4241940 Depth: 14.5 Value: 0.35 Station: CB5.1
 --- UTM-X: 386968 UTM-Y: 4241940 Depth: 15 Value: 0.4 Station: CB5.1
 --- UTM-X: 386968 UTM-Y: 4241940 Depth: 15.5 Value: 0.4 Station: CB5.1
 --- UTM-X: 386968 UTM-Y: 4241940 Depth: 16 Value: 0.4 Station: CB5.1
 --- UTM-X: 386968 UTM-Y: 4241940 Depth: 16.5 Value: 0.4 Station: CB5.1
 --- UTM-X: 386968 UTM-Y: 4241940 Depth: 17 Value: 0.4 Station: CB5.1
 --- UTM-X: 386968 UTM-Y: 4241940 Depth: 17.5 Value: 0.4 Station: CB5.1
 --- UTM-X: 386968 UTM-Y: 4241940 Depth: 18 Value: 0.4 Station: CB5.1
 --- UTM-X: 386968 UTM-Y: 4241940 Depth: 18.5 Value: 0.4 Station: CB5.1
 --- UTM-X: 386968 UTM-Y: 4241940 Depth: 19 Value: 0.4 Station: CB5.1
 --- UTM-X: 386968 UTM-Y: 4241940 Depth: 19.5 Value: 0.425 Station: CB5.1
 --- UTM-X: 386968 UTM-Y: 4241940 Depth: 20 Value: 0.45 Station: CB5.1
 --- UTM-X: 386968 UTM-Y: 4241940 Depth: 20.5 Value: 0.475 Station: CB5.1
 --- UTM-X: 386968 UTM-Y: 4241940 Depth: 21 Value: 0.5 Station: CB5.1
 --- UTM-X: 386968 UTM-Y: 4241940 Depth: 21.5 Value: 0.5 Station: CB5.1
 --- UTM-X: 386968 UTM-Y: 4241940 Depth: 22 Value: 0.5 Station: CB5.1
 --- UTM-X: 386968 UTM-Y: 4241940 Depth: 22.5 Value: 0.5 Station: CB5.1
 --- UTM-X: 386968 UTM-Y: 4241940 Depth: 23 Value: 0.5 Station: CB5.1
 --- UTM-X: 386968 UTM-Y: 4241940 Depth: 23.5 Value: 0.525 Station: CB5.1
 --- UTM-X: 386968 UTM-Y: 4241940 Depth: 24 Value: 0.55 Station: CB5.1
 --- UTM-X: 386968 UTM-Y: 4241940 Depth: 24.5 Value: 0.575 Station: CB5.1
 --- UTM-X: 386968 UTM-Y: 4241940 Depth: 25 Value: 0.6 Station: CB5.1
 --- UTM-X: 386968 UTM-Y: 4241940 Depth: 25.5 Value: 0.625 Station: CB5.1
 --- UTM-X: 386968 UTM-Y: 4241940 Depth: 26 Value: 0.65 Station: CB5.1
 --- UTM-X: 386968 UTM-Y: 4241940 Depth: 26.5 Value: 0.675 Station: CB5.1
 --- UTM-X: 386968 UTM-Y: 4241940 Depth: 27 Value: 0.7 Station: CB5.1
 --- UTM-X: 386968 UTM-Y: 4241940 Depth: 27.5 Value: 0.7 Station: CB5.1
 --- UTM-X: 386968 UTM-Y: 4241940 Depth: 28 Value: 0.7 Station: CB5.1
 --- UTM-X: 386968 UTM-Y: 4241940 Depth: 28.5 Value: 0.7 Station: CB5.1
 --- UTM-X: 386968 UTM-Y: 4241940 Depth: 29 Value: 0.7 Station: CB5.1
 --- UTM-X: 386968 UTM-Y: 4241940 Depth: 29.5 Value: 0.775 Station: CB5.1
 --- UTM-X: 386968 UTM-Y: 4241940 Depth: 30 Value: 0.85 Station: CB5.1
 --- UTM-X: 386968 UTM-Y: 4241940 Depth: 30.5 Value: 0.925 Station: CB5.1
 --- UTM-X: 386968 UTM-Y: 4241940 Depth: 31 Value: 1 Station: CB5.1
 --- UTM-X: 386968 UTM-Y: 4241940 Depth: 31.5 Value: 1 Station: CB5.1
 --- UTM-X: 386968 UTM-Y: 4241940 Depth: 32 Value: 1 Station: CB5.1
 --- UTM-X: 379767 UTM-Y: 4242784 Depth: 0 Value: 6.2 Station: CB5.1W
 --- UTM-X: 379767 UTM-Y: 4242784 Depth: 0.5 Value: 6.15 Station: CB5.1W
 --- UTM-X: 379767 UTM-Y: 4242784 Depth: 1 Value: 6.1 Station: CB5.1W
 --- UTM-X: 379767 UTM-Y: 4242784 Depth: 1.5 Value: 6 Station: CB5.1W
 --- UTM-X: 379767 UTM-Y: 4242784 Depth: 2 Value: 5.9 Station: CB5.1W
 --- UTM-X: 379767 UTM-Y: 4242784 Depth: 2.5 Value: 5.45 Station: CB5.1W
 --- UTM-X: 379767 UTM-Y: 4242784 Depth: 3 Value: 5 Station: CB5.1W
 --- UTM-X: 379767 UTM-Y: 4242784 Depth: 3.5 Value: 4.517 Station: CB5.1W
 --- UTM-X: 379767 UTM-Y: 4242784 Depth: 4 Value: 4.033 Station: CB5.1W
 --- UTM-X: 379767 UTM-Y: 4242784 Depth: 4.5 Value: 3.55 Station: CB5.1W
 --- UTM-X: 379767 UTM-Y: 4242784 Depth: 5 Value: 3.067 Station: CB5.1W
 --- UTM-X: 379767 UTM-Y: 4242784 Depth: 5.5 Value: 2.583 Station: CB5.1W
 --- UTM-X: 379767 UTM-Y: 4242784 Depth: 6 Value: 2.1 Station: CB5.1W
 --- UTM-X: 379767 UTM-Y: 4242784 Depth: 6.5 Value: 1.75 Station: CB5.1W
 --- UTM-X: 379767 UTM-Y: 4242784 Depth: 7 Value: 1.4 Station: CB5.1W
 --- UTM-X: 379767 UTM-Y: 4242784 Depth: 7.5 Value: 1.05 Station: CB5.1W
 --- UTM-X: 379767 UTM-Y: 4242784 Depth: 8 Value: 0.7 Station: CB5.1W
 --- UTM-X: 360193 UTM-Y: 4254200 Depth: 0 Value: 5.8 Station: LE1.1
 --- UTM-X: 360193 UTM-Y: 4254200 Depth: 0.5 Value: 5.85 Station: LE1.1
 --- UTM-X: 360193 UTM-Y: 4254200 Depth: 1 Value: 5.9 Station: LE1.1
 --- UTM-X: 360193 UTM-Y: 4254200 Depth: 1.5 Value: 5.4 Station: LE1.1
 --- UTM-X: 360193 UTM-Y: 4254200 Depth: 2 Value: 4.9 Station: LE1.1
 --- UTM-X: 360193 UTM-Y: 4254200 Depth: 2.5 Value: 4.75 Station: LE1.1
 --- UTM-X: 360193 UTM-Y: 4254200 Depth: 3 Value: 4.6 Station: LE1.1
 --- UTM-X: 360193 UTM-Y: 4254200 Depth: 3.5 Value: 3.983 Station: LE1.1
 --- UTM-X: 360193 UTM-Y: 4254200 Depth: 4 Value: 3.367 Station: LE1.1
 --- UTM-X: 360193 UTM-Y: 4254200 Depth: 4.5 Value: 2.75 Station: LE1.1
 --- UTM-X: 360193 UTM-Y: 4254200 Depth: 5 Value: 2.133 Station: LE1.1
 --- UTM-X: 360193 UTM-Y: 4254200 Depth: 5.5 Value: 1.517 Station: LE1.1
 --- UTM-X: 360193 UTM-Y: 4254200 Depth: 6 Value: 0.9 Station: LE1.1
 --- UTM-X: 360193 UTM-Y: 4254200 Depth: 6.5 Value: 0.883 Station: LE1.1
 --- UTM-X: 360193 UTM-Y: 4254200 Depth: 7 Value: 0.867 Station: LE1.1
 --- UTM-X: 360193 UTM-Y: 4254200 Depth: 7.5 Value: 0.85 Station: LE1.1
 --- UTM-X: 360193 UTM-Y: 4254200 Depth: 8 Value: 0.833 Station: LE1.1
 --- UTM-X: 360193 UTM-Y: 4254200 Depth: 8.5 Value: 0.817 Station: LE1.1
 --- UTM-X: 360193 UTM-Y: 4254200 Depth: 9 Value: 0.8 Station: LE1.1
 --- UTM-X: 360193 UTM-Y: 4254200 Depth: 9.5 Value: 0.825 Station: LE1.1
 --- UTM-X: 360193 UTM-Y: 4254200 Depth: 10 Value: 0.85 Station: LE1.1
 --- UTM-X: 360193 UTM-Y: 4254200 Depth: 10.5 Value: 0.875 Station: LE1.1
 --- UTM-X: 360193 UTM-Y: 4254200 Depth: 11 Value: 0.9 Station: LE1.1
 --- UTM-X: 368014 UTM-Y: 4248919 Depth: 0 Value: 7.8 Station: LE1.2
 --- UTM-X: 368014 UTM-Y: 4248919 Depth: 0.5 Value: 7.75 Station: LE1.2
 --- UTM-X: 368014 UTM-Y: 4248919 Depth: 1 Value: 7.7 Station: LE1.2
 --- UTM-X: 368014 UTM-Y: 4248919 Depth: 1.5 Value: 7.6 Station: LE1.2
 --- UTM-X: 368014 UTM-Y: 4248919 Depth: 2 Value: 7.5 Station: LE1.2
 --- UTM-X: 368014 UTM-Y: 4248919 Depth: 2.5 Value: 7.35 Station: LE1.2
 --- UTM-X: 368014 UTM-Y: 4248919 Depth: 3 Value: 7.2 Station: LE1.2
 --- UTM-X: 368014 UTM-Y: 4248919 Depth: 3.5 Value: 6.4 Station: LE1.2
 --- UTM-X: 368014 UTM-Y: 4248919 Depth: 4 Value: 5.6 Station: LE1.2
 --- UTM-X: 368014 UTM-Y: 4248919 Depth: 4.5 Value: 4.8 Station: LE1.2
 --- UTM-X: 368014 UTM-Y: 4248919 Depth: 5 Value: 4 Station: LE1.2
 --- UTM-X: 368014 UTM-Y: 4248919 Depth: 5.5 Value: 3.2 Station: LE1.2
 --- UTM-X: 368014 UTM-Y: 4248919 Depth: 6 Value: 2.4 Station: LE1.2
 --- UTM-X: 368014 UTM-Y: 4248919 Depth: 6.5 Value: 2.367 Station: LE1.2
 --- UTM-X: 368014 UTM-Y: 4248919 Depth: 7 Value: 2.333 Station: LE1.2
 --- UTM-X: 368014 UTM-Y: 4248919 Depth: 7.5 Value: 2.3 Station: LE1.2
 --- UTM-X: 368014 UTM-Y: 4248919 Depth: 8 Value: 2.267 Station: LE1.2
 --- UTM-X: 368014 UTM-Y: 4248919 Depth: 8.5 Value: 2.233 Station: LE1.2
 --- UTM-X: 368014 UTM-Y: 4248919 Depth: 9 Value: 2.2 Station: LE1.2
 --- UTM-X: 368014 UTM-Y: 4248919 Depth: 9.5 Value: 2.2 Station: LE1.2
 --- UTM-X: 368014 UTM-Y: 4248919 Depth: 10 Value: 2.2 Station: LE1.2
 --- UTM-X: 368014 UTM-Y: 4248919 Depth: 10.5 Value: 2.2 Station: LE1.2
 --- UTM-X: 368014 UTM-Y: 4248919 Depth: 11 Value: 2.2 Station: LE1.2
 --- UTM-X: 368014 UTM-Y: 4248919 Depth: 11.5 Value: 2.2 Station: LE1.2
 --- UTM-X: 368014 UTM-Y: 4248919 Depth: 12 Value: 2.2 Station: LE1.2
 --- UTM-X: 368014 UTM-Y: 4248919 Depth: 12.5 Value: 2.133 Station: LE1.2
 --- UTM-X: 368014 UTM-Y: 4248919 Depth: 13 Value: 2.067 Station: LE1.2
 --- UTM-X: 368014 UTM-Y: 4248919 Depth: 13.5 Value: 2 Station: LE1.2
 --- UTM-X: 368014 UTM-Y: 4248919 Depth: 14 Value: 1.933 Station: LE1.2
 --- UTM-X: 368014 UTM-Y: 4248919 Depth: 14.5 Value: 1.867 Station: LE1.2
 --- UTM-X: 368014 UTM-Y: 4248919 Depth: 15 Value: 1.8 Station: LE1.2
 --- UTM-X: 368014 UTM-Y: 4248919 Depth: 15.5 Value: 1.8 Station: LE1.2
 --- UTM-X: 368014 UTM-Y: 4248919 Depth: 16 Value: 1.8 Station: LE1.2
 --- UTM-X: 369960 UTM-Y: 4244663 Depth: 0 Value: 5.7 Station: LE1.3
 --- UTM-X: 369960 UTM-Y: 4244663 Depth: 0.5 Value: 5.65 Station: LE1.3
 --- UTM-X: 369960 UTM-Y: 4244663 Depth: 1 Value: 5.6 Station: LE1.3
 --- UTM-X: 369960 UTM-Y: 4244663 Depth: 1.5 Value: 5.6 Station: LE1.3
 --- UTM-X: 369960 UTM-Y: 4244663 Depth: 2 Value: 5.6 Station: LE1.3
 --- UTM-X: 369960 UTM-Y: 4244663 Depth: 2.5 Value: 5.55 Station: LE1.3
 --- UTM-X: 369960 UTM-Y: 4244663 Depth: 3 Value: 5.5 Station: LE1.3
 --- UTM-X: 369960 UTM-Y: 4244663 Depth: 3.5 Value: 5.417 Station: LE1.3
 --- UTM-X: 369960 UTM-Y: 4244663 Depth: 4 Value: 5.333 Station: LE1.3
 --- UTM-X: 369960 UTM-Y: 4244663 Depth: 4.5 Value: 5.25 Station: LE1.3
 --- UTM-X: 369960 UTM-Y: 4244663 Depth: 5 Value: 5.167 Station: LE1.3
 --- UTM-X: 369960 UTM-Y: 4244663 Depth: 5.5 Value: 5.083 Station: LE1.3
 --- UTM-X: 369960 UTM-Y: 4244663 Depth: 6 Value: 5 Station: LE1.3
 --- UTM-X: 369960 UTM-Y: 4244663 Depth: 6.5 Value: 4.733 Station: LE1.3
 --- UTM-X: 369960 UTM-Y: 4244663 Depth: 7 Value: 4.467 Station: LE1.3
 --- UTM-X: 369960 UTM-Y: 4244663 Depth: 7.5 Value: 4.2 Station: LE1.3
 --- UTM-X: 369960 UTM-Y: 4244663 Depth: 8 Value: 3.933 Station: LE1.3
 --- UTM-X: 369960 UTM-Y: 4244663 Depth: 8.5 Value: 3.667 Station: LE1.3
 --- UTM-X: 369960 UTM-Y: 4244663 Depth: 9 Value: 3.4 Station: LE1.3
 --- UTM-X: 369960 UTM-Y: 4244663 Depth: 9.5 Value: 3.3 Station: LE1.3
 --- UTM-X: 369960 UTM-Y: 4244663 Depth: 10 Value: 3.2 Station: LE1.3
 --- UTM-X: 369960 UTM-Y: 4244663 Depth: 10.5 Value: 3.1 Station: LE1.3
 --- UTM-X: 369960 UTM-Y: 4244663 Depth: 11 Value: 3 Station: LE1.3
 --- UTM-X: 369960 UTM-Y: 4244663 Depth: 11.5 Value: 2.9 Station: LE1.3
 --- UTM-X: 369960 UTM-Y: 4244663 Depth: 12 Value: 2.8 Station: LE1.3
 --- UTM-X: 369960 UTM-Y: 4244663 Depth: 12.5 Value: 2.683 Station: LE1.3
 --- UTM-X: 369960 UTM-Y: 4244663 Depth: 13 Value: 2.567 Station: LE1.3
 --- UTM-X: 369960 UTM-Y: 4244663 Depth: 13.5 Value: 2.45 Station: LE1.3
 --- UTM-X: 369960 UTM-Y: 4244663 Depth: 14 Value: 2.333 Station: LE1.3
 --- UTM-X: 369960 UTM-Y: 4244663 Depth: 14.5 Value: 2.217 Station: LE1.3
 --- UTM-X: 369960 UTM-Y: 4244663 Depth: 15 Value: 2.1 Station: LE1.3
 --- UTM-X: 369960 UTM-Y: 4244663 Depth: 15.5 Value: 2.05 Station: LE1.3
 --- UTM-X: 369960 UTM-Y: 4244663 Depth: 16 Value: 2 Station: LE1.3
 --- UTM-X: 369960 UTM-Y: 4244663 Depth: 16.5 Value: 1.95 Station: LE1.3
 --- UTM-X: 369960 UTM-Y: 4244663 Depth: 17 Value: 1.9 Station: LE1.3
 --- UTM-X: 369960 UTM-Y: 4244663 Depth: 17.5 Value: 1.85 Station: LE1.3
 --- UTM-X: 369960 UTM-Y: 4244663 Depth: 18 Value: 1.8 Station: LE1.3
 --- UTM-X: 369960 UTM-Y: 4244663 Depth: 18.5 Value: 1.767 Station: LE1.3
 --- UTM-X: 369960 UTM-Y: 4244663 Depth: 19 Value: 1.733 Station: LE1.3
 --- UTM-X: 369960 UTM-Y: 4244663 Depth: 19.5 Value: 1.7 Station: LE1.3
 --- UTM-X: 369960 UTM-Y: 4244663 Depth: 20 Value: 1.667 Station: LE1.3
 --- UTM-X: 369960 UTM-Y: 4244663 Depth: 20.5 Value: 1.633 Station: LE1.3
 --- UTM-X: 369960 UTM-Y: 4244663 Depth: 21 Value: 1.6 Station: LE1.3
 --- UTM-X: 369960 UTM-Y: 4244663 Depth: 21.5 Value: 1.575 Station: LE1.3
 --- UTM-X: 369960 UTM-Y: 4244663 Depth: 22 Value: 1.55 Station: LE1.3
 --- UTM-X: 369960 UTM-Y: 4244663 Depth: 22.5 Value: 1.525 Station: LE1.3
 --- UTM-X: 369960 UTM-Y: 4244663 Depth: 23 Value: 1.5 Station: LE1.3
 --- UTM-X: 375738 UTM-Y: 4241396 Depth: 0 Value: 6.6 Station: LE1.4
 --- UTM-X: 375738 UTM-Y: 4241396 Depth: 0.5 Value: 6.6 Station: LE1.4
 --- UTM-X: 375738 UTM-Y: 4241396 Depth: 1 Value: 6.6 Station: LE1.4
 --- UTM-X: 375738 UTM-Y: 4241396 Depth: 1.5 Value: 6.55 Station: LE1.4
 --- UTM-X: 375738 UTM-Y: 4241396 Depth: 2 Value: 6.5 Station: LE1.4
 --- UTM-X: 375738 UTM-Y: 4241396 Depth: 2.5 Value: 6.45 Station: LE1.4
 --- UTM-X: 375738 UTM-Y: 4241396 Depth: 3 Value: 6.4 Station: LE1.4
 --- UTM-X: 375738 UTM-Y: 4241396 Depth: 3.5 Value: 6.35 Station: LE1.4
 --- UTM-X: 375738 UTM-Y: 4241396 Depth: 4 Value: 6.3 Station: LE1.4
 --- UTM-X: 375738 UTM-Y: 4241396 Depth: 4.5 Value: 6.25 Station: LE1.4
 --- UTM-X: 375738 UTM-Y: 4241396 Depth: 5 Value: 6.2 Station: LE1.4
 --- UTM-X: 375738 UTM-Y: 4241396 Depth: 5.5 Value: 6.15 Station: LE1.4
 --- UTM-X: 375738 UTM-Y: 4241396 Depth: 6 Value: 6.1 Station: LE1.4
 --- UTM-X: 375738 UTM-Y: 4241396 Depth: 6.5 Value: 5.383 Station: LE1.4
 --- UTM-X: 375738 UTM-Y: 4241396 Depth: 7 Value: 4.667 Station: LE1.4
 --- UTM-X: 375738 UTM-Y: 4241396 Depth: 7.5 Value: 3.95 Station: LE1.4
 --- UTM-X: 375738 UTM-Y: 4241396 Depth: 8 Value: 3.233 Station: LE1.4
 --- UTM-X: 375738 UTM-Y: 4241396 Depth: 8.5 Value: 2.517 Station: LE1.4
 --- UTM-X: 375738 UTM-Y: 4241396 Depth: 9 Value: 1.8 Station: LE1.4
 --- UTM-X: 375738 UTM-Y: 4241396 Depth: 9.5 Value: 1.6 Station: LE1.4
 --- UTM-X: 375738 UTM-Y: 4241396 Depth: 10 Value: 1.4 Station: LE1.4
 --- UTM-X: 375738 UTM-Y: 4241396 Depth: 10.5 Value: 1.2 Station: LE1.4
 --- UTM-X: 375738 UTM-Y: 4241396 Depth: 11 Value: 1 Station: LE1.4
 --- UTM-X: 375738 UTM-Y: 4241396 Depth: 11.5 Value: 0.8 Station: LE1.4
 --- UTM-X: 375738 UTM-Y: 4241396 Depth: 12 Value: 0.6 Station: LE1.4
 --- UTM-X: 375738 UTM-Y: 4241396 Depth: 12.5 Value: 0.55 Station: LE1.4
 --- UTM-X: 375738 UTM-Y: 4241396 Depth: 13 Value: 0.5 Station: LE1.4
 --- UTM-X: 375738 UTM-Y: 4241396 Depth: 13.5 Value: 0.45 Station: LE1.4
 --- UTM-X: 375738 UTM-Y: 4241396 Depth: 14 Value: 0.4 Station: LE1.4
 --- UTM-X: 354868 UTM-Y: 4261571 Depth: 0 Value: 5 Station: RET1.1
 --- UTM-X: 354868 UTM-Y: 4261571 Depth: 0.5 Value: 4.95 Station: RET1.1
 --- UTM-X: 354868 UTM-Y: 4261571 Depth: 1 Value: 4.9 Station: RET1.1
 --- UTM-X: 354868 UTM-Y: 4261571 Depth: 1.5 Value: 4.75 Station: RET1.1
 --- UTM-X: 354868 UTM-Y: 4261571 Depth: 2 Value: 4.6 Station: RET1.1
 --- UTM-X: 354868 UTM-Y: 4261571 Depth: 2.5 Value: 4.5 Station: RET1.1
 --- UTM-X: 354868 UTM-Y: 4261571 Depth: 3 Value: 4.4 Station: RET1.1
 --- UTM-X: 354868 UTM-Y: 4261571 Depth: 3.5 Value: 3.783 Station: RET1.1
 --- UTM-X: 354868 UTM-Y: 4261571 Depth: 4 Value: 3.167 Station: RET1.1
 --- UTM-X: 354868 UTM-Y: 4261571 Depth: 4.5 Value: 2.55 Station: RET1.1
 --- UTM-X: 354868 UTM-Y: 4261571 Depth: 5 Value: 1.933 Station: RET1.1
 --- UTM-X: 354868 UTM-Y: 4261571 Depth: 5.5 Value: 1.317 Station: RET1.1
 --- UTM-X: 354868 UTM-Y: 4261571 Depth: 6 Value: 0.7 Station: RET1.1
 --- UTM-X: 354868 UTM-Y: 4261571 Depth: 6.5 Value: 0.683 Station: RET1.1
 --- UTM-X: 354868 UTM-Y: 4261571 Depth: 7 Value: 0.667 Station: RET1.1
 --- UTM-X: 354868 UTM-Y: 4261571 Depth: 7.5 Value: 0.65 Station: RET1.1
 --- UTM-X: 354868 UTM-Y: 4261571 Depth: 8 Value: 0.633 Station: RET1.1
 --- UTM-X: 354868 UTM-Y: 4261571 Depth: 8.5 Value: 0.617 Station: RET1.1
 --- UTM-X: 354868 UTM-Y: 4261571 Depth: 9 Value: 0.6 Station: RET1.1
 --- UTM-X: 354868 UTM-Y: 4261571 Depth: 9.5 Value: 0.6 Station: RET1.1
 --- UTM-X: 354868 UTM-Y: 4261571 Depth: 10 Value: 0.6 Station: RET1.1
 --- UTM-X: 354868 UTM-Y: 4261571 Depth: 10.5 Value: 0.6 Station: RET1.1
 --- UTM-X: 354868 UTM-Y: 4261571 Depth: 11 Value: 0.6 Station: RET1.1
 --- UTM-X: 352073 UTM-Y: 4285982 Depth: 0 Value: 5.2 Station: TF1.5
 --- UTM-X: 352073 UTM-Y: 4285982 Depth: 0.5 Value: 5 Station: TF1.5
 --- UTM-X: 352073 UTM-Y: 4285982 Depth: 1 Value: 4.8 Station: TF1.5
 --- UTM-X: 352073 UTM-Y: 4285982 Depth: 1.5 Value: 4.8 Station: TF1.5
 --- UTM-X: 352073 UTM-Y: 4285982 Depth: 2 Value: 4.8 Station: TF1.5
 --- UTM-X: 352073 UTM-Y: 4285982 Depth: 2.5 Value: 4.75 Station: TF1.5
 --- UTM-X: 352073 UTM-Y: 4285982 Depth: 3 Value: 4.7 Station: TF1.5
 --- UTM-X: 352073 UTM-Y: 4285982 Depth: 3.5 Value: 4.717 Station: TF1.5
 --- UTM-X: 352073 UTM-Y: 4285982 Depth: 4 Value: 4.733 Station: TF1.5
 --- UTM-X: 352073 UTM-Y: 4285982 Depth: 4.5 Value: 4.75 Station: TF1.5
 --- UTM-X: 352073 UTM-Y: 4285982 Depth: 5 Value: 4.767 Station: TF1.5
 --- UTM-X: 352073 UTM-Y: 4285982 Depth: 5.5 Value: 4.783 Station: TF1.5
 --- UTM-X: 352073 UTM-Y: 4285982 Depth: 6 Value: 4.8 Station: TF1.5
 --- UTM-X: 352073 UTM-Y: 4285982 Depth: 6.5 Value: 4.8 Station: TF1.5
 --- UTM-X: 352073 UTM-Y: 4285982 Depth: 7 Value: 4.8 Station: TF1.5
 --- UTM-X: 352073 UTM-Y: 4285982 Depth: 7.5 Value: 4.8 Station: TF1.5
 --- UTM-X: 352073 UTM-Y: 4285982 Depth: 8 Value: 4.8 Station: TF1.5
 --- UTM-X: 352073 UTM-Y: 4285982 Depth: 8.5 Value: 4.8 Station: TF1.5
 --- UTM-X: 352073 UTM-Y: 4285982 Depth: 9 Value: 4.8 Station: TF1.5
 --- UTM-X: 353440 UTM-Y: 4280160 Depth: 0 Value: 4.3 Station: TF1.6
 --- UTM-X: 353440 UTM-Y: 4280160 Depth: 0.5 Value: 4.3 Station: TF1.6
 --- UTM-X: 353440 UTM-Y: 4280160 Depth: 1 Value: 4.3 Station: TF1.6
 --- UTM-X: 353440 UTM-Y: 4280160 Depth: 1.5 Value: 4.3 Station: TF1.6
 --- UTM-X: 353440 UTM-Y: 4280160 Depth: 2 Value: 4.3 Station: TF1.6
 --- UTM-X: 353440 UTM-Y: 4280160 Depth: 2.5 Value: 4.3 Station: TF1.6
 --- UTM-X: 353440 UTM-Y: 4280160 Depth: 3 Value: 4.3 Station: TF1.6
 --- UTM-X: 353648 UTM-Y: 4271707 Depth: 0 Value: 5.7 Station: TF1.7
 --- UTM-X: 353648 UTM-Y: 4271707 Depth: 0.5 Value: 5.3 Station: TF1.7
 --- UTM-X: 353648 UTM-Y: 4271707 Depth: 1 Value: 4.9 Station: TF1.7
 --- UTM-X: 353648 UTM-Y: 4271707 Depth: 1.5 Value: 4.7 Station: TF1.7
 --- UTM-X: 353648 UTM-Y: 4271707 Depth: 2 Value: 4.5 Station: TF1.7
 --- 2244 cells were interpolated in region PAXMH.  Subtotal: 151714 total cells.
 ---- Region was calculated in 0 seconds. Segment volume (m^3) = 561000000
 
 - Bathymetry Region ID: 1049  Region Name: PISTF  Data Points: 36 in data region 1049
 -- Cell Size  E-W: 100  N-S: 100  Vertical: 1
 --- Data in Region ---
 --- UTM-X: 327238 UTM-Y: 4285187 Depth: 0 Value: 6.7 Station: PIS0033
 --- UTM-X: 321870 UTM-Y: 4286200 Depth: 0 Value: 7.2 Station: TF2.1
 --- UTM-X: 321870 UTM-Y: 4286200 Depth: 0.5 Value: 7.194 Station: TF2.1
 --- UTM-X: 321870 UTM-Y: 4286200 Depth: 1 Value: 7.188 Station: TF2.1
 --- UTM-X: 321870 UTM-Y: 4286200 Depth: 1.5 Value: 7.176 Station: TF2.1
 --- UTM-X: 321870 UTM-Y: 4286200 Depth: 2 Value: 7.163 Station: TF2.1
 --- UTM-X: 321870 UTM-Y: 4286200 Depth: 2.5 Value: 7.151 Station: TF2.1
 --- UTM-X: 321870 UTM-Y: 4286200 Depth: 3 Value: 7.139 Station: TF2.1
 --- UTM-X: 321870 UTM-Y: 4286200 Depth: 3.5 Value: 7.127 Station: TF2.1
 --- UTM-X: 321870 UTM-Y: 4286200 Depth: 4 Value: 7.115 Station: TF2.1
 --- UTM-X: 321870 UTM-Y: 4286200 Depth: 4.5 Value: 7.102 Station: TF2.1
 --- UTM-X: 321870 UTM-Y: 4286200 Depth: 5 Value: 7.1 Station: TF2.1
 --- UTM-X: 321870 UTM-Y: 4286200 Depth: 5.5 Value: 7.1 Station: TF2.1
 --- UTM-X: 321870 UTM-Y: 4286200 Depth: 6 Value: 7.1 Station: TF2.1
 --- UTM-X: 321870 UTM-Y: 4286200 Depth: 6.5 Value: 7.1 Station: TF2.1
 --- UTM-X: 321870 UTM-Y: 4286200 Depth: 7 Value: 7.1 Station: TF2.1
 --- UTM-X: 321870 UTM-Y: 4286200 Depth: 7.5 Value: 7.1 Station: TF2.1
 --- UTM-X: 321870 UTM-Y: 4286200 Depth: 8 Value: 7.1 Station: TF2.1
 --- UTM-X: 321870 UTM-Y: 4286200 Depth: 8.5 Value: 7.1 Station: TF2.1
 --- UTM-X: 321870 UTM-Y: 4286200 Depth: 9 Value: 7.1 Station: TF2.1
 --- UTM-X: 321870 UTM-Y: 4286200 Depth: 9.5 Value: 7.1 Station: TF2.1
 --- UTM-X: 321870 UTM-Y: 4286200 Depth: 10 Value: 7.1 Station: TF2.1
 --- UTM-X: 321870 UTM-Y: 4286200 Depth: 10.5 Value: 7.1 Station: TF2.1
 --- UTM-X: 321870 UTM-Y: 4286200 Depth: 11 Value: 7.1 Station: TF2.1
 --- UTM-X: 321870 UTM-Y: 4286200 Depth: 11.5 Value: 7.1 Station: TF2.1
 --- UTM-X: 321870 UTM-Y: 4286200 Depth: 12 Value: 7.1 Station: TF2.1
 --- UTM-X: 321870 UTM-Y: 4286200 Depth: 12.5 Value: 7.1 Station: TF2.1
 --- UTM-X: 321870 UTM-Y: 4286200 Depth: 13 Value: 7.1 Station: TF2.1
 --- UTM-X: 321870 UTM-Y: 4286200 Depth: 13.5 Value: 7.1 Station: TF2.1
 --- UTM-X: 321870 UTM-Y: 4286200 Depth: 14 Value: 7.1 Station: TF2.1
 --- UTM-X: 321870 UTM-Y: 4286200 Depth: 14.5 Value: 7.1 Station: TF2.1
 --- UTM-X: 321870 UTM-Y: 4286200 Depth: 15 Value: 7.1 Station: TF2.1
 --- UTM-X: 321870 UTM-Y: 4286200 Depth: 15.5 Value: 7.1 Station: TF2.1
 --- UTM-X: 321870 UTM-Y: 4286200 Depth: 16 Value: 7.1 Station: TF2.1
 --- UTM-X: 321870 UTM-Y: 4286200 Depth: 16.5 Value: 7.1 Station: TF2.1
 --- UTM-X: 324071 UTM-Y: 4285164 Depth: 0.5 Value: 7.7 Station: XFB1986
 --- 285 cells were interpolated in region PISTF.  Subtotal: 151999 total cells.
 ---- Region was calculated in 0 seconds. Segment volume (m^3) = 2850000
 
 - Bathymetry Region ID: 1050  Region Name: MATTF  Data Points: 26 in data region 1050
 -- Cell Size  E-W: 250  N-S: 250  Vertical: 1
 --- Data in Region ---
 --- UTM-X: 308909 UTM-Y: 4270769 Depth: 0 Value: 7.1 Station: MAT0016
 --- UTM-X: 308909 UTM-Y: 4270769 Depth: 0.5 Value: 7.05 Station: MAT0016
 --- UTM-X: 308909 UTM-Y: 4270769 Depth: 1 Value: 7 Station: MAT0016
 --- UTM-X: 308909 UTM-Y: 4270769 Depth: 1.5 Value: 6.95 Station: MAT0016
 --- UTM-X: 308909 UTM-Y: 4270769 Depth: 2 Value: 6.9 Station: MAT0016
 --- UTM-X: 308909 UTM-Y: 4270769 Depth: 2.5 Value: 7 Station: MAT0016
 --- UTM-X: 308909 UTM-Y: 4270769 Depth: 3 Value: 7.1 Station: MAT0016
 --- UTM-X: 308909 UTM-Y: 4270769 Depth: 3.5 Value: 7.15 Station: MAT0016
 --- UTM-X: 308909 UTM-Y: 4270769 Depth: 4 Value: 7.2 Station: MAT0016
 --- UTM-X: 315480 UTM-Y: 4273237 Depth: 0 Value: 5.7 Station: MAT0078
 --- UTM-X: 302544 UTM-Y: 4267037 Depth: 0 Value: 7.4 Station: TF2.4
 --- UTM-X: 302544 UTM-Y: 4267037 Depth: 0.5 Value: 7.388 Station: TF2.4
 --- UTM-X: 302544 UTM-Y: 4267037 Depth: 1 Value: 7.377 Station: TF2.4
 --- UTM-X: 302544 UTM-Y: 4267037 Depth: 1.5 Value: 7.353 Station: TF2.4
 --- UTM-X: 302544 UTM-Y: 4267037 Depth: 2 Value: 7.33 Station: TF2.4
 --- UTM-X: 302544 UTM-Y: 4267037 Depth: 2.5 Value: 7.307 Station: TF2.4
 --- UTM-X: 302544 UTM-Y: 4267037 Depth: 3 Value: 7.284 Station: TF2.4
 --- UTM-X: 302544 UTM-Y: 4267037 Depth: 3.5 Value: 7.26 Station: TF2.4
 --- UTM-X: 302544 UTM-Y: 4267037 Depth: 4 Value: 7.237 Station: TF2.4
 --- UTM-X: 302544 UTM-Y: 4267037 Depth: 4.5 Value: 7.214 Station: TF2.4
 --- UTM-X: 302544 UTM-Y: 4267037 Depth: 5 Value: 7.193 Station: TF2.4
 --- UTM-X: 302544 UTM-Y: 4267037 Depth: 5.5 Value: 7.177 Station: TF2.4
 --- UTM-X: 302544 UTM-Y: 4267037 Depth: 6 Value: 7.16 Station: TF2.4
 --- UTM-X: 302544 UTM-Y: 4267037 Depth: 6.5 Value: 7.143 Station: TF2.4
 --- UTM-X: 302544 UTM-Y: 4267037 Depth: 7 Value: 7.127 Station: TF2.4
 --- UTM-X: 302544 UTM-Y: 4267037 Depth: 7.5 Value: 7.11 Station: TF2.4
 --- 152 cells were interpolated in region MATTF.  Subtotal: 152151 total cells.
 ---- Region was calculated in 0 seconds. Segment volume (m^3) = 9500000
 
 - Bathymetry Region ID: 1051  Region Name: POTTF  Data Points: 129 in data region 1051
 -- Cell Size  E-W: 500  N-S: 500  Vertical: 1
 --- Data in Region ---
 --- UTM-X: 308909 UTM-Y: 4270769 Depth: 0 Value: 7.1 Station: MAT0016
 --- UTM-X: 308909 UTM-Y: 4270769 Depth: 0.5 Value: 7.05 Station: MAT0016
 --- UTM-X: 308909 UTM-Y: 4270769 Depth: 1 Value: 7 Station: MAT0016
 --- UTM-X: 308909 UTM-Y: 4270769 Depth: 1.5 Value: 6.95 Station: MAT0016
 --- UTM-X: 308909 UTM-Y: 4270769 Depth: 2 Value: 6.9 Station: MAT0016
 --- UTM-X: 308909 UTM-Y: 4270769 Depth: 2.5 Value: 7 Station: MAT0016
 --- UTM-X: 308909 UTM-Y: 4270769 Depth: 3 Value: 7.1 Station: MAT0016
 --- UTM-X: 308909 UTM-Y: 4270769 Depth: 3.5 Value: 7.15 Station: MAT0016
 --- UTM-X: 308909 UTM-Y: 4270769 Depth: 4 Value: 7.2 Station: MAT0016
 --- UTM-X: 301859 UTM-Y: 4253019 Depth: 0 Value: 7.3 Station: RET2.1
 --- UTM-X: 301859 UTM-Y: 4253019 Depth: 0.5 Value: 7.288 Station: RET2.1
 --- UTM-X: 301859 UTM-Y: 4253019 Depth: 1 Value: 7.276 Station: RET2.1
 --- UTM-X: 301859 UTM-Y: 4253019 Depth: 1.5 Value: 7.251 Station: RET2.1
 --- UTM-X: 301859 UTM-Y: 4253019 Depth: 2 Value: 7.227 Station: RET2.1
 --- UTM-X: 301859 UTM-Y: 4253019 Depth: 2.5 Value: 7.202 Station: RET2.1
 --- UTM-X: 301859 UTM-Y: 4253019 Depth: 3 Value: 7.178 Station: RET2.1
 --- UTM-X: 301859 UTM-Y: 4253019 Depth: 3.5 Value: 7.154 Station: RET2.1
 --- UTM-X: 301859 UTM-Y: 4253019 Depth: 4 Value: 7.129 Station: RET2.1
 --- UTM-X: 301859 UTM-Y: 4253019 Depth: 4.5 Value: 7.105 Station: RET2.1
 --- UTM-X: 301859 UTM-Y: 4253019 Depth: 5 Value: 7.067 Station: RET2.1
 --- UTM-X: 301859 UTM-Y: 4253019 Depth: 5.5 Value: 7.025 Station: RET2.1
 --- UTM-X: 307375 UTM-Y: 4247179 Depth: 0 Value: 5.4 Station: RET2.2
 --- UTM-X: 307375 UTM-Y: 4247179 Depth: 0.5 Value: 5.372 Station: RET2.2
 --- UTM-X: 307375 UTM-Y: 4247179 Depth: 1 Value: 5.344 Station: RET2.2
 --- UTM-X: 307375 UTM-Y: 4247179 Depth: 1.5 Value: 5.289 Station: RET2.2
 --- UTM-X: 307375 UTM-Y: 4247179 Depth: 2 Value: 5.233 Station: RET2.2
 --- UTM-X: 307375 UTM-Y: 4247179 Depth: 2.5 Value: 5.191 Station: RET2.2
 --- UTM-X: 307375 UTM-Y: 4247179 Depth: 3 Value: 5.17 Station: RET2.2
 --- UTM-X: 307375 UTM-Y: 4247179 Depth: 3.5 Value: 5.148 Station: RET2.2
 --- UTM-X: 307375 UTM-Y: 4247179 Depth: 4 Value: 5.126 Station: RET2.2
 --- UTM-X: 307375 UTM-Y: 4247179 Depth: 4.5 Value: 5.104 Station: RET2.2
 --- UTM-X: 307375 UTM-Y: 4247179 Depth: 5 Value: 5.013 Station: RET2.2
 --- UTM-X: 307375 UTM-Y: 4247179 Depth: 5.5 Value: 4.904 Station: RET2.2
 --- UTM-X: 307375 UTM-Y: 4247179 Depth: 6 Value: 4.796 Station: RET2.2
 --- UTM-X: 307375 UTM-Y: 4247179 Depth: 6.5 Value: 4.687 Station: RET2.2
 --- UTM-X: 307375 UTM-Y: 4247179 Depth: 7 Value: 4.583 Station: RET2.2
 --- UTM-X: 307375 UTM-Y: 4247179 Depth: 7.5 Value: 4.5 Station: RET2.2
 --- UTM-X: 307375 UTM-Y: 4247179 Depth: 8 Value: 4.417 Station: RET2.2
 --- UTM-X: 307375 UTM-Y: 4247179 Depth: 8.5 Value: 4.333 Station: RET2.2
 --- UTM-X: 321870 UTM-Y: 4286200 Depth: 0 Value: 7.2 Station: TF2.1
 --- UTM-X: 321870 UTM-Y: 4286200 Depth: 0.5 Value: 7.194 Station: TF2.1
 --- UTM-X: 321870 UTM-Y: 4286200 Depth: 1 Value: 7.188 Station: TF2.1
 --- UTM-X: 321870 UTM-Y: 4286200 Depth: 1.5 Value: 7.176 Station: TF2.1
 --- UTM-X: 321870 UTM-Y: 4286200 Depth: 2 Value: 7.163 Station: TF2.1
 --- UTM-X: 321870 UTM-Y: 4286200 Depth: 2.5 Value: 7.151 Station: TF2.1
 --- UTM-X: 321870 UTM-Y: 4286200 Depth: 3 Value: 7.139 Station: TF2.1
 --- UTM-X: 321870 UTM-Y: 4286200 Depth: 3.5 Value: 7.127 Station: TF2.1
 --- UTM-X: 321870 UTM-Y: 4286200 Depth: 4 Value: 7.115 Station: TF2.1
 --- UTM-X: 321870 UTM-Y: 4286200 Depth: 4.5 Value: 7.102 Station: TF2.1
 --- UTM-X: 321870 UTM-Y: 4286200 Depth: 5 Value: 7.1 Station: TF2.1
 --- UTM-X: 321870 UTM-Y: 4286200 Depth: 5.5 Value: 7.1 Station: TF2.1
 --- UTM-X: 321870 UTM-Y: 4286200 Depth: 6 Value: 7.1 Station: TF2.1
 --- UTM-X: 321870 UTM-Y: 4286200 Depth: 6.5 Value: 7.1 Station: TF2.1
 --- UTM-X: 321870 UTM-Y: 4286200 Depth: 7 Value: 7.1 Station: TF2.1
 --- UTM-X: 321870 UTM-Y: 4286200 Depth: 7.5 Value: 7.1 Station: TF2.1
 --- UTM-X: 321870 UTM-Y: 4286200 Depth: 8 Value: 7.1 Station: TF2.1
 --- UTM-X: 321870 UTM-Y: 4286200 Depth: 8.5 Value: 7.1 Station: TF2.1
 --- UTM-X: 321870 UTM-Y: 4286200 Depth: 9 Value: 7.1 Station: TF2.1
 --- UTM-X: 321870 UTM-Y: 4286200 Depth: 9.5 Value: 7.1 Station: TF2.1
 --- UTM-X: 321870 UTM-Y: 4286200 Depth: 10 Value: 7.1 Station: TF2.1
 --- UTM-X: 321870 UTM-Y: 4286200 Depth: 10.5 Value: 7.1 Station: TF2.1
 --- UTM-X: 321870 UTM-Y: 4286200 Depth: 11 Value: 7.1 Station: TF2.1
 --- UTM-X: 321870 UTM-Y: 4286200 Depth: 11.5 Value: 7.1 Station: TF2.1
 --- UTM-X: 321870 UTM-Y: 4286200 Depth: 12 Value: 7.1 Station: TF2.1
 --- UTM-X: 321870 UTM-Y: 4286200 Depth: 12.5 Value: 7.1 Station: TF2.1
 --- UTM-X: 321870 UTM-Y: 4286200 Depth: 13 Value: 7.1 Station: TF2.1
 --- UTM-X: 321870 UTM-Y: 4286200 Depth: 13.5 Value: 7.1 Station: TF2.1
 --- UTM-X: 321870 UTM-Y: 4286200 Depth: 14 Value: 7.1 Station: TF2.1
 --- UTM-X: 321870 UTM-Y: 4286200 Depth: 14.5 Value: 7.1 Station: TF2.1
 --- UTM-X: 321870 UTM-Y: 4286200 Depth: 15 Value: 7.1 Station: TF2.1
 --- UTM-X: 321870 UTM-Y: 4286200 Depth: 15.5 Value: 7.1 Station: TF2.1
 --- UTM-X: 321870 UTM-Y: 4286200 Depth: 16 Value: 7.1 Station: TF2.1
 --- UTM-X: 321870 UTM-Y: 4286200 Depth: 16.5 Value: 7.1 Station: TF2.1
 --- UTM-X: 316395 UTM-Y: 4284566 Depth: 0 Value: 7.1 Station: TF2.2
 --- UTM-X: 316395 UTM-Y: 4284566 Depth: 0.5 Value: 7.057 Station: TF2.2
 --- UTM-X: 316395 UTM-Y: 4284566 Depth: 1 Value: 7.015 Station: TF2.2
 --- UTM-X: 316395 UTM-Y: 4284566 Depth: 1.5 Value: 6.929 Station: TF2.2
 --- UTM-X: 316395 UTM-Y: 4284566 Depth: 2 Value: 6.844 Station: TF2.2
 --- UTM-X: 316395 UTM-Y: 4284566 Depth: 2.5 Value: 6.759 Station: TF2.2
 --- UTM-X: 316395 UTM-Y: 4284566 Depth: 3 Value: 6.673 Station: TF2.2
 --- UTM-X: 316395 UTM-Y: 4284566 Depth: 3.5 Value: 6.588 Station: TF2.2
 --- UTM-X: 316395 UTM-Y: 4284566 Depth: 4 Value: 6.502 Station: TF2.2
 --- UTM-X: 316395 UTM-Y: 4284566 Depth: 4.5 Value: 6.417 Station: TF2.2
 --- UTM-X: 316395 UTM-Y: 4284566 Depth: 5 Value: 6.381 Station: TF2.2
 --- UTM-X: 316395 UTM-Y: 4284566 Depth: 5.5 Value: 6.357 Station: TF2.2
 --- UTM-X: 316395 UTM-Y: 4284566 Depth: 6 Value: 6.333 Station: TF2.2
 --- UTM-X: 316395 UTM-Y: 4284566 Depth: 6.5 Value: 6.31 Station: TF2.2
 --- UTM-X: 310717 UTM-Y: 4275538 Depth: 0 Value: 6.4 Station: TF2.3
 --- UTM-X: 310717 UTM-Y: 4275538 Depth: 0.5 Value: 6.386 Station: TF2.3
 --- UTM-X: 310717 UTM-Y: 4275538 Depth: 1 Value: 6.372 Station: TF2.3
 --- UTM-X: 310717 UTM-Y: 4275538 Depth: 1.5 Value: 6.344 Station: TF2.3
 --- UTM-X: 310717 UTM-Y: 4275538 Depth: 2 Value: 6.317 Station: TF2.3
 --- UTM-X: 310717 UTM-Y: 4275538 Depth: 2.5 Value: 6.291 Station: TF2.3
 --- UTM-X: 310717 UTM-Y: 4275538 Depth: 3 Value: 6.27 Station: TF2.3
 --- UTM-X: 310717 UTM-Y: 4275538 Depth: 3.5 Value: 6.248 Station: TF2.3
 --- UTM-X: 310717 UTM-Y: 4275538 Depth: 4 Value: 6.226 Station: TF2.3
 --- UTM-X: 310717 UTM-Y: 4275538 Depth: 4.5 Value: 6.204 Station: TF2.3
 --- UTM-X: 310717 UTM-Y: 4275538 Depth: 5 Value: 6.2 Station: TF2.3
 --- UTM-X: 310717 UTM-Y: 4275538 Depth: 5.5 Value: 6.2 Station: TF2.3
 --- UTM-X: 310717 UTM-Y: 4275538 Depth: 6 Value: 6.2 Station: TF2.3
 --- UTM-X: 310717 UTM-Y: 4275538 Depth: 6.5 Value: 6.2 Station: TF2.3
 --- UTM-X: 310717 UTM-Y: 4275538 Depth: 7 Value: 6.2 Station: TF2.3
 --- UTM-X: 310717 UTM-Y: 4275538 Depth: 7.5 Value: 6.2 Station: TF2.3
 --- UTM-X: 310717 UTM-Y: 4275538 Depth: 8 Value: 6.2 Station: TF2.3
 --- UTM-X: 310717 UTM-Y: 4275538 Depth: 8.5 Value: 6.2 Station: TF2.3
 --- UTM-X: 310717 UTM-Y: 4275538 Depth: 9 Value: 6.2 Station: TF2.3
 --- UTM-X: 310717 UTM-Y: 4275538 Depth: 9.5 Value: 6.186 Station: TF2.3
 --- UTM-X: 310717 UTM-Y: 4275538 Depth: 10 Value: 6.169 Station: TF2.3
 --- UTM-X: 310717 UTM-Y: 4275538 Depth: 10.5 Value: 6.152 Station: TF2.3
 --- UTM-X: 310717 UTM-Y: 4275538 Depth: 11 Value: 6.134 Station: TF2.3
 --- UTM-X: 310717 UTM-Y: 4275538 Depth: 11.5 Value: 6.117 Station: TF2.3
 --- UTM-X: 310717 UTM-Y: 4275538 Depth: 12 Value: 6.1 Station: TF2.3
 --- UTM-X: 302544 UTM-Y: 4267037 Depth: 0 Value: 7.4 Station: TF2.4
 --- UTM-X: 302544 UTM-Y: 4267037 Depth: 0.5 Value: 7.388 Station: TF2.4
 --- UTM-X: 302544 UTM-Y: 4267037 Depth: 1 Value: 7.377 Station: TF2.4
 --- UTM-X: 302544 UTM-Y: 4267037 Depth: 1.5 Value: 7.353 Station: TF2.4
 --- UTM-X: 302544 UTM-Y: 4267037 Depth: 2 Value: 7.33 Station: TF2.4
 --- UTM-X: 302544 UTM-Y: 4267037 Depth: 2.5 Value: 7.307 Station: TF2.4
 --- UTM-X: 302544 UTM-Y: 4267037 Depth: 3 Value: 7.284 Station: TF2.4
 --- UTM-X: 302544 UTM-Y: 4267037 Depth: 3.5 Value: 7.26 Station: TF2.4
 --- UTM-X: 302544 UTM-Y: 4267037 Depth: 4 Value: 7.237 Station: TF2.4
 --- UTM-X: 302544 UTM-Y: 4267037 Depth: 4.5 Value: 7.214 Station: TF2.4
 --- UTM-X: 302544 UTM-Y: 4267037 Depth: 5 Value: 7.193 Station: TF2.4
 --- UTM-X: 302544 UTM-Y: 4267037 Depth: 5.5 Value: 7.177 Station: TF2.4
 --- UTM-X: 302544 UTM-Y: 4267037 Depth: 6 Value: 7.16 Station: TF2.4
 --- UTM-X: 302544 UTM-Y: 4267037 Depth: 6.5 Value: 7.143 Station: TF2.4
 --- UTM-X: 302544 UTM-Y: 4267037 Depth: 7 Value: 7.127 Station: TF2.4
 --- UTM-X: 302544 UTM-Y: 4267037 Depth: 7.5 Value: 7.11 Station: TF2.4
 --- UTM-X: 324071 UTM-Y: 4285164 Depth: 0.5 Value: 7.7 Station: XFB1986
 --- 1939 cells were interpolated in region POTTF.  Subtotal: 154090 total cells.
 ---- Region was calculated in 0 seconds. Segment volume (m^3) = 484750000
 
 - Bathymetry Region ID: 1052  Region Name: POTOH  Data Points: 113 in data region 1052
 -- Cell Size  E-W: 500  N-S: 500  Vertical: 1
 --- Data in Region ---
 --- UTM-X: 308909 UTM-Y: 4270769 Depth: 0 Value: 7.1 Station: MAT0016
 --- UTM-X: 308909 UTM-Y: 4270769 Depth: 0.5 Value: 7.05 Station: MAT0016
 --- UTM-X: 308909 UTM-Y: 4270769 Depth: 1 Value: 7 Station: MAT0016
 --- UTM-X: 308909 UTM-Y: 4270769 Depth: 1.5 Value: 6.95 Station: MAT0016
 --- UTM-X: 308909 UTM-Y: 4270769 Depth: 2 Value: 6.9 Station: MAT0016
 --- UTM-X: 308909 UTM-Y: 4270769 Depth: 2.5 Value: 7 Station: MAT0016
 --- UTM-X: 308909 UTM-Y: 4270769 Depth: 3 Value: 7.1 Station: MAT0016
 --- UTM-X: 308909 UTM-Y: 4270769 Depth: 3.5 Value: 7.15 Station: MAT0016
 --- UTM-X: 308909 UTM-Y: 4270769 Depth: 4 Value: 7.2 Station: MAT0016
 --- UTM-X: 301859 UTM-Y: 4253019 Depth: 0 Value: 7.3 Station: RET2.1
 --- UTM-X: 301859 UTM-Y: 4253019 Depth: 0.5 Value: 7.288 Station: RET2.1
 --- UTM-X: 301859 UTM-Y: 4253019 Depth: 1 Value: 7.276 Station: RET2.1
 --- UTM-X: 301859 UTM-Y: 4253019 Depth: 1.5 Value: 7.251 Station: RET2.1
 --- UTM-X: 301859 UTM-Y: 4253019 Depth: 2 Value: 7.227 Station: RET2.1
 --- UTM-X: 301859 UTM-Y: 4253019 Depth: 2.5 Value: 7.202 Station: RET2.1
 --- UTM-X: 301859 UTM-Y: 4253019 Depth: 3 Value: 7.178 Station: RET2.1
 --- UTM-X: 301859 UTM-Y: 4253019 Depth: 3.5 Value: 7.154 Station: RET2.1
 --- UTM-X: 301859 UTM-Y: 4253019 Depth: 4 Value: 7.129 Station: RET2.1
 --- UTM-X: 301859 UTM-Y: 4253019 Depth: 4.5 Value: 7.105 Station: RET2.1
 --- UTM-X: 301859 UTM-Y: 4253019 Depth: 5 Value: 7.067 Station: RET2.1
 --- UTM-X: 301859 UTM-Y: 4253019 Depth: 5.5 Value: 7.025 Station: RET2.1
 --- UTM-X: 307375 UTM-Y: 4247179 Depth: 0 Value: 5.4 Station: RET2.2
 --- UTM-X: 307375 UTM-Y: 4247179 Depth: 0.5 Value: 5.372 Station: RET2.2
 --- UTM-X: 307375 UTM-Y: 4247179 Depth: 1 Value: 5.344 Station: RET2.2
 --- UTM-X: 307375 UTM-Y: 4247179 Depth: 1.5 Value: 5.289 Station: RET2.2
 --- UTM-X: 307375 UTM-Y: 4247179 Depth: 2 Value: 5.233 Station: RET2.2
 --- UTM-X: 307375 UTM-Y: 4247179 Depth: 2.5 Value: 5.191 Station: RET2.2
 --- UTM-X: 307375 UTM-Y: 4247179 Depth: 3 Value: 5.17 Station: RET2.2
 --- UTM-X: 307375 UTM-Y: 4247179 Depth: 3.5 Value: 5.148 Station: RET2.2
 --- UTM-X: 307375 UTM-Y: 4247179 Depth: 4 Value: 5.126 Station: RET2.2
 --- UTM-X: 307375 UTM-Y: 4247179 Depth: 4.5 Value: 5.104 Station: RET2.2
 --- UTM-X: 307375 UTM-Y: 4247179 Depth: 5 Value: 5.013 Station: RET2.2
 --- UTM-X: 307375 UTM-Y: 4247179 Depth: 5.5 Value: 4.904 Station: RET2.2
 --- UTM-X: 307375 UTM-Y: 4247179 Depth: 6 Value: 4.796 Station: RET2.2
 --- UTM-X: 307375 UTM-Y: 4247179 Depth: 6.5 Value: 4.687 Station: RET2.2
 --- UTM-X: 307375 UTM-Y: 4247179 Depth: 7 Value: 4.583 Station: RET2.2
 --- UTM-X: 307375 UTM-Y: 4247179 Depth: 7.5 Value: 4.5 Station: RET2.2
 --- UTM-X: 307375 UTM-Y: 4247179 Depth: 8 Value: 4.417 Station: RET2.2
 --- UTM-X: 307375 UTM-Y: 4247179 Depth: 8.5 Value: 4.333 Station: RET2.2
 --- UTM-X: 326093 UTM-Y: 4247926 Depth: 0 Value: 7.1 Station: RET2.4
 --- UTM-X: 326093 UTM-Y: 4247926 Depth: 0.5 Value: 6.95 Station: RET2.4
 --- UTM-X: 326093 UTM-Y: 4247926 Depth: 1 Value: 6.8 Station: RET2.4
 --- UTM-X: 326093 UTM-Y: 4247926 Depth: 1.5 Value: 6.7 Station: RET2.4
 --- UTM-X: 326093 UTM-Y: 4247926 Depth: 2 Value: 6.6 Station: RET2.4
 --- UTM-X: 326093 UTM-Y: 4247926 Depth: 2.5 Value: 6.4 Station: RET2.4
 --- UTM-X: 326093 UTM-Y: 4247926 Depth: 3 Value: 6.2 Station: RET2.4
 --- UTM-X: 326093 UTM-Y: 4247926 Depth: 3.5 Value: 5.75 Station: RET2.4
 --- UTM-X: 326093 UTM-Y: 4247926 Depth: 4 Value: 5.3 Station: RET2.4
 --- UTM-X: 326093 UTM-Y: 4247926 Depth: 4.5 Value: 5.2 Station: RET2.4
 --- UTM-X: 326093 UTM-Y: 4247926 Depth: 5 Value: 5.1 Station: RET2.4
 --- UTM-X: 326093 UTM-Y: 4247926 Depth: 5.5 Value: 4.65 Station: RET2.4
 --- UTM-X: 326093 UTM-Y: 4247926 Depth: 6 Value: 4.2 Station: RET2.4
 --- UTM-X: 326093 UTM-Y: 4247926 Depth: 6.5 Value: 3.3 Station: RET2.4
 --- UTM-X: 326093 UTM-Y: 4247926 Depth: 7 Value: 2.4 Station: RET2.4
 --- UTM-X: 326093 UTM-Y: 4247926 Depth: 7.5 Value: 1.95 Station: RET2.4
 --- UTM-X: 326093 UTM-Y: 4247926 Depth: 8 Value: 1.5 Station: RET2.4
 --- UTM-X: 326093 UTM-Y: 4247926 Depth: 8.5 Value: 1.3 Station: RET2.4
 --- UTM-X: 326093 UTM-Y: 4247926 Depth: 9 Value: 1.1 Station: RET2.4
 --- UTM-X: 326093 UTM-Y: 4247926 Depth: 9.5 Value: 1 Station: RET2.4
 --- UTM-X: 326093 UTM-Y: 4247926 Depth: 10 Value: 0.9 Station: RET2.4
 --- UTM-X: 326093 UTM-Y: 4247926 Depth: 10.5 Value: 0.7 Station: RET2.4
 --- UTM-X: 326093 UTM-Y: 4247926 Depth: 11 Value: 0.5 Station: RET2.4
 --- UTM-X: 326093 UTM-Y: 4247926 Depth: 11.5 Value: 0.55 Station: RET2.4
 --- UTM-X: 326093 UTM-Y: 4247926 Depth: 12 Value: 0.6 Station: RET2.4
 --- UTM-X: 326093 UTM-Y: 4247926 Depth: 12.5 Value: 0.45 Station: RET2.4
 --- UTM-X: 326093 UTM-Y: 4247926 Depth: 13 Value: 0.3 Station: RET2.4
 --- UTM-X: 326093 UTM-Y: 4247926 Depth: 13.5 Value: 0.3 Station: RET2.4
 --- UTM-X: 326093 UTM-Y: 4247926 Depth: 14 Value: 0.3 Station: RET2.4
 --- UTM-X: 326093 UTM-Y: 4247926 Depth: 14.5 Value: 0.3 Station: RET2.4
 --- UTM-X: 326093 UTM-Y: 4247926 Depth: 15 Value: 0.3 Station: RET2.4
 --- UTM-X: 326093 UTM-Y: 4247926 Depth: 15.5 Value: 0.3 Station: RET2.4
 --- UTM-X: 326093 UTM-Y: 4247926 Depth: 16 Value: 0.3 Station: RET2.4
 --- UTM-X: 310717 UTM-Y: 4275538 Depth: 0 Value: 6.4 Station: TF2.3
 --- UTM-X: 310717 UTM-Y: 4275538 Depth: 0.5 Value: 6.386 Station: TF2.3
 --- UTM-X: 310717 UTM-Y: 4275538 Depth: 1 Value: 6.372 Station: TF2.3
 --- UTM-X: 310717 UTM-Y: 4275538 Depth: 1.5 Value: 6.344 Station: TF2.3
 --- UTM-X: 310717 UTM-Y: 4275538 Depth: 2 Value: 6.317 Station: TF2.3
 --- UTM-X: 310717 UTM-Y: 4275538 Depth: 2.5 Value: 6.291 Station: TF2.3
 --- UTM-X: 310717 UTM-Y: 4275538 Depth: 3 Value: 6.27 Station: TF2.3
 --- UTM-X: 310717 UTM-Y: 4275538 Depth: 3.5 Value: 6.248 Station: TF2.3
 --- UTM-X: 310717 UTM-Y: 4275538 Depth: 4 Value: 6.226 Station: TF2.3
 --- UTM-X: 310717 UTM-Y: 4275538 Depth: 4.5 Value: 6.204 Station: TF2.3
 --- UTM-X: 310717 UTM-Y: 4275538 Depth: 5 Value: 6.2 Station: TF2.3
 --- UTM-X: 310717 UTM-Y: 4275538 Depth: 5.5 Value: 6.2 Station: TF2.3
 --- UTM-X: 310717 UTM-Y: 4275538 Depth: 6 Value: 6.2 Station: TF2.3
 --- UTM-X: 310717 UTM-Y: 4275538 Depth: 6.5 Value: 6.2 Station: TF2.3
 --- UTM-X: 310717 UTM-Y: 4275538 Depth: 7 Value: 6.2 Station: TF2.3
 --- UTM-X: 310717 UTM-Y: 4275538 Depth: 7.5 Value: 6.2 Station: TF2.3
 --- UTM-X: 310717 UTM-Y: 4275538 Depth: 8 Value: 6.2 Station: TF2.3
 --- UTM-X: 310717 UTM-Y: 4275538 Depth: 8.5 Value: 6.2 Station: TF2.3
 --- UTM-X: 310717 UTM-Y: 4275538 Depth: 9 Value: 6.2 Station: TF2.3
 --- UTM-X: 310717 UTM-Y: 4275538 Depth: 9.5 Value: 6.186 Station: TF2.3
 --- UTM-X: 310717 UTM-Y: 4275538 Depth: 10 Value: 6.169 Station: TF2.3
 --- UTM-X: 310717 UTM-Y: 4275538 Depth: 10.5 Value: 6.152 Station: TF2.3
 --- UTM-X: 310717 UTM-Y: 4275538 Depth: 11 Value: 6.134 Station: TF2.3
 --- UTM-X: 310717 UTM-Y: 4275538 Depth: 11.5 Value: 6.117 Station: TF2.3
 --- UTM-X: 310717 UTM-Y: 4275538 Depth: 12 Value: 6.1 Station: TF2.3
 --- UTM-X: 302544 UTM-Y: 4267037 Depth: 0 Value: 7.4 Station: TF2.4
 --- UTM-X: 302544 UTM-Y: 4267037 Depth: 0.5 Value: 7.388 Station: TF2.4
 --- UTM-X: 302544 UTM-Y: 4267037 Depth: 1 Value: 7.377 Station: TF2.4
 --- UTM-X: 302544 UTM-Y: 4267037 Depth: 1.5 Value: 7.353 Station: TF2.4
 --- UTM-X: 302544 UTM-Y: 4267037 Depth: 2 Value: 7.33 Station: TF2.4
 --- UTM-X: 302544 UTM-Y: 4267037 Depth: 2.5 Value: 7.307 Station: TF2.4
 --- UTM-X: 302544 UTM-Y: 4267037 Depth: 3 Value: 7.284 Station: TF2.4
 --- UTM-X: 302544 UTM-Y: 4267037 Depth: 3.5 Value: 7.26 Station: TF2.4
 --- UTM-X: 302544 UTM-Y: 4267037 Depth: 4 Value: 7.237 Station: TF2.4
 --- UTM-X: 302544 UTM-Y: 4267037 Depth: 4.5 Value: 7.214 Station: TF2.4
 --- UTM-X: 302544 UTM-Y: 4267037 Depth: 5 Value: 7.193 Station: TF2.4
 --- UTM-X: 302544 UTM-Y: 4267037 Depth: 5.5 Value: 7.177 Station: TF2.4
 --- UTM-X: 302544 UTM-Y: 4267037 Depth: 6 Value: 7.16 Station: TF2.4
 --- UTM-X: 302544 UTM-Y: 4267037 Depth: 6.5 Value: 7.143 Station: TF2.4
 --- UTM-X: 302544 UTM-Y: 4267037 Depth: 7 Value: 7.127 Station: TF2.4
 --- UTM-X: 302544 UTM-Y: 4267037 Depth: 7.5 Value: 7.11 Station: TF2.4
 --- 3409 cells were interpolated in region POTOH.  Subtotal: 157499 total cells.
 ---- Region was calculated in 0 seconds. Segment volume (m^3) = 852250000
 
 - Bathymetry Region ID: 1053  Region Name: POTMH  Data Points: 257 in data region 1053
 -- Cell Size  E-W: 1000  N-S: 1000  Vertical: 1
 --- Data in Region ---
 --- UTM-X: 392384 UTM-Y: 4221705 Depth: 0 Value: 7.4 Station: CB5.2
 --- UTM-X: 392384 UTM-Y: 4221705 Depth: 0.5 Value: 7.4 Station: CB5.2
 --- UTM-X: 392384 UTM-Y: 4221705 Depth: 1 Value: 7.4 Station: CB5.2
 --- UTM-X: 392384 UTM-Y: 4221705 Depth: 1.5 Value: 7.4 Station: CB5.2
 --- UTM-X: 392384 UTM-Y: 4221705 Depth: 2 Value: 7.4 Station: CB5.2
 --- UTM-X: 392384 UTM-Y: 4221705 Depth: 2.5 Value: 7.35 Station: CB5.2
 --- UTM-X: 392384 UTM-Y: 4221705 Depth: 3 Value: 7.3 Station: CB5.2
 --- UTM-X: 392384 UTM-Y: 4221705 Depth: 3.5 Value: 7.25 Station: CB5.2
 --- UTM-X: 392384 UTM-Y: 4221705 Depth: 4 Value: 7.2 Station: CB5.2
 --- UTM-X: 392384 UTM-Y: 4221705 Depth: 4.5 Value: 7.05 Station: CB5.2
 --- UTM-X: 392384 UTM-Y: 4221705 Depth: 5 Value: 6.9 Station: CB5.2
 --- UTM-X: 392384 UTM-Y: 4221705 Depth: 5.5 Value: 6.25 Station: CB5.2
 --- UTM-X: 392384 UTM-Y: 4221705 Depth: 6 Value: 5.6 Station: CB5.2
 --- UTM-X: 392384 UTM-Y: 4221705 Depth: 6.5 Value: 4.3 Station: CB5.2
 --- UTM-X: 392384 UTM-Y: 4221705 Depth: 7 Value: 3 Station: CB5.2
 --- UTM-X: 392384 UTM-Y: 4221705 Depth: 7.5 Value: 1.55 Station: CB5.2
 --- UTM-X: 392384 UTM-Y: 4221705 Depth: 8 Value: 0.1 Station: CB5.2
 --- UTM-X: 392384 UTM-Y: 4221705 Depth: 8.5 Value: 0.1 Station: CB5.2
 --- UTM-X: 392384 UTM-Y: 4221705 Depth: 9 Value: 0.1 Station: CB5.2
 --- UTM-X: 392384 UTM-Y: 4221705 Depth: 9.5 Value: 0.2 Station: CB5.2
 --- UTM-X: 392384 UTM-Y: 4221705 Depth: 10 Value: 0.3 Station: CB5.2
 --- UTM-X: 392384 UTM-Y: 4221705 Depth: 10.5 Value: 0.3 Station: CB5.2
 --- UTM-X: 392384 UTM-Y: 4221705 Depth: 11 Value: 0.3 Station: CB5.2
 --- UTM-X: 392384 UTM-Y: 4221705 Depth: 11.5 Value: 0.25 Station: CB5.2
 --- UTM-X: 392384 UTM-Y: 4221705 Depth: 12 Value: 0.2 Station: CB5.2
 --- UTM-X: 392384 UTM-Y: 4221705 Depth: 12.5 Value: 0.2 Station: CB5.2
 --- UTM-X: 392384 UTM-Y: 4221705 Depth: 13 Value: 0.2 Station: CB5.2
 --- UTM-X: 392384 UTM-Y: 4221705 Depth: 13.5 Value: 0.15 Station: CB5.2
 --- UTM-X: 392384 UTM-Y: 4221705 Depth: 14 Value: 0.1 Station: CB5.2
 --- UTM-X: 392384 UTM-Y: 4221705 Depth: 14.5 Value: 0.1 Station: CB5.2
 --- UTM-X: 392384 UTM-Y: 4221705 Depth: 15 Value: 0.1 Station: CB5.2
 --- UTM-X: 392384 UTM-Y: 4221705 Depth: 15.5 Value: 0.1 Station: CB5.2
 --- UTM-X: 392384 UTM-Y: 4221705 Depth: 16 Value: 0.1 Station: CB5.2
 --- UTM-X: 392384 UTM-Y: 4221705 Depth: 16.5 Value: 0.15 Station: CB5.2
 --- UTM-X: 392384 UTM-Y: 4221705 Depth: 17 Value: 0.2 Station: CB5.2
 --- UTM-X: 392384 UTM-Y: 4221705 Depth: 17.5 Value: 0.2 Station: CB5.2
 --- UTM-X: 392384 UTM-Y: 4221705 Depth: 18 Value: 0.2 Station: CB5.2
 --- UTM-X: 392384 UTM-Y: 4221705 Depth: 18.5 Value: 0.2 Station: CB5.2
 --- UTM-X: 392384 UTM-Y: 4221705 Depth: 19 Value: 0.2 Station: CB5.2
 --- UTM-X: 392384 UTM-Y: 4221705 Depth: 19.5 Value: 0.2 Station: CB5.2
 --- UTM-X: 392384 UTM-Y: 4221705 Depth: 20 Value: 0.2 Station: CB5.2
 --- UTM-X: 392384 UTM-Y: 4221705 Depth: 20.5 Value: 0.2 Station: CB5.2
 --- UTM-X: 392384 UTM-Y: 4221705 Depth: 21 Value: 0.2 Station: CB5.2
 --- UTM-X: 392384 UTM-Y: 4221705 Depth: 21.5 Value: 0.2 Station: CB5.2
 --- UTM-X: 392384 UTM-Y: 4221705 Depth: 22 Value: 0.2 Station: CB5.2
 --- UTM-X: 392384 UTM-Y: 4221705 Depth: 22.5 Value: 0.2 Station: CB5.2
 --- UTM-X: 392384 UTM-Y: 4221705 Depth: 23 Value: 0.2 Station: CB5.2
 --- UTM-X: 392384 UTM-Y: 4221705 Depth: 23.5 Value: 0.2 Station: CB5.2
 --- UTM-X: 392384 UTM-Y: 4221705 Depth: 24 Value: 0.2 Station: CB5.2
 --- UTM-X: 392384 UTM-Y: 4221705 Depth: 24.5 Value: 0.2 Station: CB5.2
 --- UTM-X: 392384 UTM-Y: 4221705 Depth: 25 Value: 0.2 Station: CB5.2
 --- UTM-X: 392384 UTM-Y: 4221705 Depth: 25.5 Value: 0.2 Station: CB5.2
 --- UTM-X: 392384 UTM-Y: 4221705 Depth: 26 Value: 0.2 Station: CB5.2
 --- UTM-X: 392384 UTM-Y: 4221705 Depth: 26.5 Value: 0.2 Station: CB5.2
 --- UTM-X: 392384 UTM-Y: 4221705 Depth: 27 Value: 0.2 Station: CB5.2
 --- UTM-X: 392384 UTM-Y: 4221705 Depth: 27.5 Value: 0.2 Station: CB5.2
 --- UTM-X: 392384 UTM-Y: 4221705 Depth: 28 Value: 0.2 Station: CB5.2
 --- UTM-X: 397329 UTM-Y: 4196671 Depth: 0 Value: 7.7 Station: CB5.3
 --- UTM-X: 397329 UTM-Y: 4196671 Depth: 0.5 Value: 7.7 Station: CB5.3
 --- UTM-X: 397329 UTM-Y: 4196671 Depth: 1 Value: 7.7 Station: CB5.3
 --- UTM-X: 397329 UTM-Y: 4196671 Depth: 1.5 Value: 7.7 Station: CB5.3
 --- UTM-X: 397329 UTM-Y: 4196671 Depth: 2 Value: 7.7 Station: CB5.3
 --- UTM-X: 397329 UTM-Y: 4196671 Depth: 2.5 Value: 7.7 Station: CB5.3
 --- UTM-X: 397329 UTM-Y: 4196671 Depth: 3 Value: 7.7 Station: CB5.3
 --- UTM-X: 397329 UTM-Y: 4196671 Depth: 3.5 Value: 7.55 Station: CB5.3
 --- UTM-X: 397329 UTM-Y: 4196671 Depth: 4 Value: 7.4 Station: CB5.3
 --- UTM-X: 397329 UTM-Y: 4196671 Depth: 4.5 Value: 7.2 Station: CB5.3
 --- UTM-X: 397329 UTM-Y: 4196671 Depth: 5 Value: 7 Station: CB5.3
 --- UTM-X: 397329 UTM-Y: 4196671 Depth: 5.5 Value: 6.6 Station: CB5.3
 --- UTM-X: 397329 UTM-Y: 4196671 Depth: 6 Value: 6.2 Station: CB5.3
 --- UTM-X: 397329 UTM-Y: 4196671 Depth: 6.5 Value: 5.95 Station: CB5.3
 --- UTM-X: 397329 UTM-Y: 4196671 Depth: 7 Value: 5.7 Station: CB5.3
 --- UTM-X: 397329 UTM-Y: 4196671 Depth: 7.5 Value: 5.35 Station: CB5.3
 --- UTM-X: 397329 UTM-Y: 4196671 Depth: 8 Value: 5 Station: CB5.3
 --- UTM-X: 397329 UTM-Y: 4196671 Depth: 8.5 Value: 4.8 Station: CB5.3
 --- UTM-X: 397329 UTM-Y: 4196671 Depth: 9 Value: 4.6 Station: CB5.3
 --- UTM-X: 397329 UTM-Y: 4196671 Depth: 9.5 Value: 4 Station: CB5.3
 --- UTM-X: 397329 UTM-Y: 4196671 Depth: 10 Value: 3.4 Station: CB5.3
 --- UTM-X: 397329 UTM-Y: 4196671 Depth: 10.5 Value: 2.85 Station: CB5.3
 --- UTM-X: 397329 UTM-Y: 4196671 Depth: 11 Value: 2.3 Station: CB5.3
 --- UTM-X: 397329 UTM-Y: 4196671 Depth: 11.5 Value: 1.8 Station: CB5.3
 --- UTM-X: 397329 UTM-Y: 4196671 Depth: 12 Value: 1.3 Station: CB5.3
 --- UTM-X: 397329 UTM-Y: 4196671 Depth: 12.5 Value: 1.2 Station: CB5.3
 --- UTM-X: 397329 UTM-Y: 4196671 Depth: 13 Value: 1.1 Station: CB5.3
 --- UTM-X: 397329 UTM-Y: 4196671 Depth: 13.5 Value: 0.9 Station: CB5.3
 --- UTM-X: 397329 UTM-Y: 4196671 Depth: 14 Value: 0.7 Station: CB5.3
 --- UTM-X: 397329 UTM-Y: 4196671 Depth: 14.5 Value: 0.65 Station: CB5.3
 --- UTM-X: 397329 UTM-Y: 4196671 Depth: 15 Value: 0.6 Station: CB5.3
 --- UTM-X: 397329 UTM-Y: 4196671 Depth: 15.5 Value: 0.625 Station: CB5.3
 --- UTM-X: 397329 UTM-Y: 4196671 Depth: 16 Value: 0.65 Station: CB5.3
 --- UTM-X: 397329 UTM-Y: 4196671 Depth: 16.5 Value: 0.675 Station: CB5.3
 --- UTM-X: 397329 UTM-Y: 4196671 Depth: 17 Value: 0.7 Station: CB5.3
 --- UTM-X: 397329 UTM-Y: 4196671 Depth: 17.5 Value: 0.7 Station: CB5.3
 --- UTM-X: 397329 UTM-Y: 4196671 Depth: 18 Value: 0.7 Station: CB5.3
 --- UTM-X: 397329 UTM-Y: 4196671 Depth: 18.5 Value: 0.7 Station: CB5.3
 --- UTM-X: 397329 UTM-Y: 4196671 Depth: 19 Value: 0.7 Station: CB5.3
 --- UTM-X: 397329 UTM-Y: 4196671 Depth: 19.5 Value: 0.7 Station: CB5.3
 --- UTM-X: 397329 UTM-Y: 4196671 Depth: 20 Value: 0.7 Station: CB5.3
 --- UTM-X: 397329 UTM-Y: 4196671 Depth: 20.5 Value: 0.7 Station: CB5.3
 --- UTM-X: 397329 UTM-Y: 4196671 Depth: 21 Value: 0.7 Station: CB5.3
 --- UTM-X: 397329 UTM-Y: 4196671 Depth: 21.5 Value: 0.725 Station: CB5.3
 --- UTM-X: 397329 UTM-Y: 4196671 Depth: 22 Value: 0.75 Station: CB5.3
 --- UTM-X: 397329 UTM-Y: 4196671 Depth: 22.5 Value: 0.775 Station: CB5.3
 --- UTM-X: 397329 UTM-Y: 4196671 Depth: 23 Value: 0.8 Station: CB5.3
 --- UTM-X: 396587 UTM-Y: 4184289 Depth: 0 Value: 7.21 Station: CB5.4
 --- UTM-X: 396587 UTM-Y: 4184289 Depth: 0.5 Value: 7.21 Station: CB5.4
 --- UTM-X: 396587 UTM-Y: 4184289 Depth: 1 Value: 7.21 Station: CB5.4
 --- UTM-X: 396587 UTM-Y: 4184289 Depth: 1.5 Value: 7.155 Station: CB5.4
 --- UTM-X: 396587 UTM-Y: 4184289 Depth: 2 Value: 7.1 Station: CB5.4
 --- UTM-X: 396587 UTM-Y: 4184289 Depth: 2.5 Value: 7.13 Station: CB5.4
 --- UTM-X: 396587 UTM-Y: 4184289 Depth: 3 Value: 7.16 Station: CB5.4
 --- UTM-X: 396587 UTM-Y: 4184289 Depth: 3.5 Value: 6.31 Station: CB5.4
 --- UTM-X: 396587 UTM-Y: 4184289 Depth: 4 Value: 5.46 Station: CB5.4
 --- UTM-X: 396587 UTM-Y: 4184289 Depth: 4.5 Value: 6.12 Station: CB5.4
 --- UTM-X: 396587 UTM-Y: 4184289 Depth: 5 Value: 6.78 Station: CB5.4
 --- UTM-X: 396587 UTM-Y: 4184289 Depth: 5.5 Value: 4.305 Station: CB5.4
 --- UTM-X: 396587 UTM-Y: 4184289 Depth: 6 Value: 1.83 Station: CB5.4
 --- UTM-X: 396587 UTM-Y: 4184289 Depth: 6.5 Value: 1.73 Station: CB5.4
 --- UTM-X: 396587 UTM-Y: 4184289 Depth: 7 Value: 1.63 Station: CB5.4
 --- UTM-X: 396587 UTM-Y: 4184289 Depth: 7.5 Value: 1.615 Station: CB5.4
 --- UTM-X: 396587 UTM-Y: 4184289 Depth: 8 Value: 1.6 Station: CB5.4
 --- UTM-X: 396587 UTM-Y: 4184289 Depth: 8.5 Value: 1.175 Station: CB5.4
 --- UTM-X: 396587 UTM-Y: 4184289 Depth: 9 Value: 0.75 Station: CB5.4
 --- UTM-X: 396587 UTM-Y: 4184289 Depth: 9.5 Value: 0.56 Station: CB5.4
 --- UTM-X: 396587 UTM-Y: 4184289 Depth: 10 Value: 0.37 Station: CB5.4
 --- UTM-X: 396587 UTM-Y: 4184289 Depth: 10.5 Value: 0.35 Station: CB5.4
 --- UTM-X: 396587 UTM-Y: 4184289 Depth: 11 Value: 0.33 Station: CB5.4
 --- UTM-X: 396587 UTM-Y: 4184289 Depth: 11.5 Value: 0.315 Station: CB5.4
 --- UTM-X: 396587 UTM-Y: 4184289 Depth: 12 Value: 0.3 Station: CB5.4
 --- UTM-X: 396587 UTM-Y: 4184289 Depth: 12.5 Value: 0.375 Station: CB5.4
 --- UTM-X: 396587 UTM-Y: 4184289 Depth: 13 Value: 0.45 Station: CB5.4
 --- UTM-X: 396587 UTM-Y: 4184289 Depth: 13.5 Value: 0.39 Station: CB5.4
 --- UTM-X: 396587 UTM-Y: 4184289 Depth: 14 Value: 0.33 Station: CB5.4
 --- UTM-X: 396587 UTM-Y: 4184289 Depth: 14.5 Value: 0.4 Station: CB5.4
 --- UTM-X: 396587 UTM-Y: 4184289 Depth: 15 Value: 0.47 Station: CB5.4
 --- UTM-X: 396587 UTM-Y: 4184289 Depth: 15.5 Value: 0.515 Station: CB5.4
 --- UTM-X: 396587 UTM-Y: 4184289 Depth: 16 Value: 0.56 Station: CB5.4
 --- UTM-X: 396587 UTM-Y: 4184289 Depth: 16.5 Value: 0.54 Station: CB5.4
 --- UTM-X: 396587 UTM-Y: 4184289 Depth: 17 Value: 0.52 Station: CB5.4
 --- UTM-X: 396587 UTM-Y: 4184289 Depth: 17.5 Value: 0.575 Station: CB5.4
 --- UTM-X: 396587 UTM-Y: 4184289 Depth: 18 Value: 0.63 Station: CB5.4
 --- UTM-X: 396587 UTM-Y: 4184289 Depth: 18.5 Value: 0.69 Station: CB5.4
 --- UTM-X: 396587 UTM-Y: 4184289 Depth: 19 Value: 0.75 Station: CB5.4
 --- UTM-X: 396587 UTM-Y: 4184289 Depth: 19.5 Value: 0.765 Station: CB5.4
 --- UTM-X: 396587 UTM-Y: 4184289 Depth: 20 Value: 0.78 Station: CB5.4
 --- UTM-X: 396587 UTM-Y: 4184289 Depth: 20.5 Value: 0.845 Station: CB5.4
 --- UTM-X: 396587 UTM-Y: 4184289 Depth: 21 Value: 0.91 Station: CB5.4
 --- UTM-X: 396587 UTM-Y: 4184289 Depth: 21.5 Value: 0.965 Station: CB5.4
 --- UTM-X: 396587 UTM-Y: 4184289 Depth: 22 Value: 1.02 Station: CB5.4
 --- UTM-X: 396587 UTM-Y: 4184289 Depth: 22.5 Value: 1.065 Station: CB5.4
 --- UTM-X: 396587 UTM-Y: 4184289 Depth: 23 Value: 1.11 Station: CB5.4
 --- UTM-X: 396587 UTM-Y: 4184289 Depth: 23.5 Value: 1.25 Station: CB5.4
 --- UTM-X: 396587 UTM-Y: 4184289 Depth: 24 Value: 1.39 Station: CB5.4
 --- UTM-X: 396587 UTM-Y: 4184289 Depth: 24.5 Value: 1.435 Station: CB5.4
 --- UTM-X: 396587 UTM-Y: 4184289 Depth: 25 Value: 1.48 Station: CB5.4
 --- UTM-X: 396587 UTM-Y: 4184289 Depth: 25.5 Value: 1.435 Station: CB5.4
 --- UTM-X: 396587 UTM-Y: 4184289 Depth: 26 Value: 1.39 Station: CB5.4
 --- UTM-X: 396587 UTM-Y: 4184289 Depth: 26.5 Value: 1.455 Station: CB5.4
 --- UTM-X: 396587 UTM-Y: 4184289 Depth: 27 Value: 1.52 Station: CB5.4
 --- UTM-X: 396587 UTM-Y: 4184289 Depth: 27.5 Value: 1.525 Station: CB5.4
 --- UTM-X: 396587 UTM-Y: 4184289 Depth: 28 Value: 1.53 Station: CB5.4
 --- UTM-X: 396587 UTM-Y: 4184289 Depth: 28.5 Value: 1.545 Station: CB5.4
 --- UTM-X: 396587 UTM-Y: 4184289 Depth: 29 Value: 1.56 Station: CB5.4
 --- UTM-X: 396587 UTM-Y: 4184289 Depth: 29.5 Value: 1.55 Station: CB5.4
 --- UTM-X: 396587 UTM-Y: 4184289 Depth: 30 Value: 1.54 Station: CB5.4
 --- UTM-X: 361327 UTM-Y: 4225505 Depth: 0 Value: 6.7 Station: LE2.2
 --- UTM-X: 361327 UTM-Y: 4225505 Depth: 0.5 Value: 6.2 Station: LE2.2
 --- UTM-X: 361327 UTM-Y: 4225505 Depth: 1 Value: 5.7 Station: LE2.2
 --- UTM-X: 361327 UTM-Y: 4225505 Depth: 1.5 Value: 5.35 Station: LE2.2
 --- UTM-X: 361327 UTM-Y: 4225505 Depth: 2 Value: 5 Station: LE2.2
 --- UTM-X: 361327 UTM-Y: 4225505 Depth: 2.5 Value: 4.95 Station: LE2.2
 --- UTM-X: 361327 UTM-Y: 4225505 Depth: 3 Value: 4.9 Station: LE2.2
 --- UTM-X: 361327 UTM-Y: 4225505 Depth: 3.5 Value: 4.7 Station: LE2.2
 --- UTM-X: 361327 UTM-Y: 4225505 Depth: 4 Value: 4.5 Station: LE2.2
 --- UTM-X: 361327 UTM-Y: 4225505 Depth: 4.5 Value: 4.1 Station: LE2.2
 --- UTM-X: 361327 UTM-Y: 4225505 Depth: 5 Value: 3.7 Station: LE2.2
 --- UTM-X: 361327 UTM-Y: 4225505 Depth: 5.5 Value: 3.15 Station: LE2.2
 --- UTM-X: 361327 UTM-Y: 4225505 Depth: 6 Value: 2.6 Station: LE2.2
 --- UTM-X: 361327 UTM-Y: 4225505 Depth: 6.5 Value: 2.45 Station: LE2.2
 --- UTM-X: 361327 UTM-Y: 4225505 Depth: 7 Value: 2.3 Station: LE2.2
 --- UTM-X: 361327 UTM-Y: 4225505 Depth: 7.5 Value: 2.1 Station: LE2.2
 --- UTM-X: 361327 UTM-Y: 4225505 Depth: 8 Value: 1.9 Station: LE2.2
 --- UTM-X: 361327 UTM-Y: 4225505 Depth: 8.5 Value: 1.7 Station: LE2.2
 --- UTM-X: 361327 UTM-Y: 4225505 Depth: 9 Value: 1.5 Station: LE2.2
 --- UTM-X: 361327 UTM-Y: 4225505 Depth: 9.5 Value: 0.9 Station: LE2.2
 --- UTM-X: 361327 UTM-Y: 4225505 Depth: 10 Value: 0.3 Station: LE2.2
 --- UTM-X: 361327 UTM-Y: 4225505 Depth: 10.5 Value: 0.15 Station: LE2.2
 --- UTM-X: 361327 UTM-Y: 4225505 Depth: 11 Value: 0 Station: LE2.2
 --- UTM-X: 361327 UTM-Y: 4225505 Depth: 11.5 Value: 0 Station: LE2.2
 --- UTM-X: 381705 UTM-Y: 4209059 Depth: 0 Value: 7.3 Station: LE2.3
 --- UTM-X: 381705 UTM-Y: 4209059 Depth: 0.5 Value: 7.2 Station: LE2.3
 --- UTM-X: 381705 UTM-Y: 4209059 Depth: 1 Value: 7.1 Station: LE2.3
 --- UTM-X: 381705 UTM-Y: 4209059 Depth: 1.5 Value: 6.85 Station: LE2.3
 --- UTM-X: 381705 UTM-Y: 4209059 Depth: 2 Value: 6.6 Station: LE2.3
 --- UTM-X: 381705 UTM-Y: 4209059 Depth: 2.5 Value: 6.45 Station: LE2.3
 --- UTM-X: 381705 UTM-Y: 4209059 Depth: 3 Value: 6.3 Station: LE2.3
 --- UTM-X: 381705 UTM-Y: 4209059 Depth: 3.5 Value: 6.15 Station: LE2.3
 --- UTM-X: 381705 UTM-Y: 4209059 Depth: 4 Value: 6 Station: LE2.3
 --- UTM-X: 381705 UTM-Y: 4209059 Depth: 4.5 Value: 5.65 Station: LE2.3
 --- UTM-X: 381705 UTM-Y: 4209059 Depth: 5 Value: 5.3 Station: LE2.3
 --- UTM-X: 381705 UTM-Y: 4209059 Depth: 5.5 Value: 5.2 Station: LE2.3
 --- UTM-X: 381705 UTM-Y: 4209059 Depth: 6 Value: 5.1 Station: LE2.3
 --- UTM-X: 381705 UTM-Y: 4209059 Depth: 6.5 Value: 4.85 Station: LE2.3
 --- UTM-X: 381705 UTM-Y: 4209059 Depth: 7 Value: 4.6 Station: LE2.3
 --- UTM-X: 381705 UTM-Y: 4209059 Depth: 7.5 Value: 2.7 Station: LE2.3
 --- UTM-X: 381705 UTM-Y: 4209059 Depth: 8 Value: 0.8 Station: LE2.3
 --- UTM-X: 381705 UTM-Y: 4209059 Depth: 8.5 Value: 0.6 Station: LE2.3
 --- UTM-X: 381705 UTM-Y: 4209059 Depth: 9 Value: 0.4 Station: LE2.3
 --- UTM-X: 381705 UTM-Y: 4209059 Depth: 9.5 Value: 0.25 Station: LE2.3
 --- UTM-X: 381705 UTM-Y: 4209059 Depth: 10 Value: 0.1 Station: LE2.3
 --- UTM-X: 381705 UTM-Y: 4209059 Depth: 10.5 Value: 0.1 Station: LE2.3
 --- UTM-X: 381705 UTM-Y: 4209059 Depth: 11 Value: 0.1 Station: LE2.3
 --- UTM-X: 381705 UTM-Y: 4209059 Depth: 11.5 Value: 0.1 Station: LE2.3
 --- UTM-X: 381705 UTM-Y: 4209059 Depth: 12 Value: 0.1 Station: LE2.3
 --- UTM-X: 381705 UTM-Y: 4209059 Depth: 12.5 Value: 0.1 Station: LE2.3
 --- UTM-X: 381705 UTM-Y: 4209059 Depth: 13 Value: 0.1 Station: LE2.3
 --- UTM-X: 381705 UTM-Y: 4209059 Depth: 13.5 Value: 0.1 Station: LE2.3
 --- UTM-X: 381705 UTM-Y: 4209059 Depth: 14 Value: 0.1 Station: LE2.3
 --- UTM-X: 381705 UTM-Y: 4209059 Depth: 14.5 Value: 0.1 Station: LE2.3
 --- UTM-X: 381705 UTM-Y: 4209059 Depth: 15 Value: 0.1 Station: LE2.3
 --- UTM-X: 381705 UTM-Y: 4209059 Depth: 15.5 Value: 0.125 Station: LE2.3
 --- UTM-X: 381705 UTM-Y: 4209059 Depth: 16 Value: 0.15 Station: LE2.3
 --- UTM-X: 381705 UTM-Y: 4209059 Depth: 16.5 Value: 0.175 Station: LE2.3
 --- UTM-X: 381705 UTM-Y: 4209059 Depth: 17 Value: 0.2 Station: LE2.3
 --- UTM-X: 326093 UTM-Y: 4247926 Depth: 0 Value: 7.1 Station: RET2.4
 --- UTM-X: 326093 UTM-Y: 4247926 Depth: 0.5 Value: 6.95 Station: RET2.4
 --- UTM-X: 326093 UTM-Y: 4247926 Depth: 1 Value: 6.8 Station: RET2.4
 --- UTM-X: 326093 UTM-Y: 4247926 Depth: 1.5 Value: 6.7 Station: RET2.4
 --- UTM-X: 326093 UTM-Y: 4247926 Depth: 2 Value: 6.6 Station: RET2.4
 --- UTM-X: 326093 UTM-Y: 4247926 Depth: 2.5 Value: 6.4 Station: RET2.4
 --- UTM-X: 326093 UTM-Y: 4247926 Depth: 3 Value: 6.2 Station: RET2.4
 --- UTM-X: 326093 UTM-Y: 4247926 Depth: 3.5 Value: 5.75 Station: RET2.4
 --- UTM-X: 326093 UTM-Y: 4247926 Depth: 4 Value: 5.3 Station: RET2.4
 --- UTM-X: 326093 UTM-Y: 4247926 Depth: 4.5 Value: 5.2 Station: RET2.4
 --- UTM-X: 326093 UTM-Y: 4247926 Depth: 5 Value: 5.1 Station: RET2.4
 --- UTM-X: 326093 UTM-Y: 4247926 Depth: 5.5 Value: 4.65 Station: RET2.4
 --- UTM-X: 326093 UTM-Y: 4247926 Depth: 6 Value: 4.2 Station: RET2.4
 --- UTM-X: 326093 UTM-Y: 4247926 Depth: 6.5 Value: 3.3 Station: RET2.4
 --- UTM-X: 326093 UTM-Y: 4247926 Depth: 7 Value: 2.4 Station: RET2.4
 --- UTM-X: 326093 UTM-Y: 4247926 Depth: 7.5 Value: 1.95 Station: RET2.4
 --- UTM-X: 326093 UTM-Y: 4247926 Depth: 8 Value: 1.5 Station: RET2.4
 --- UTM-X: 326093 UTM-Y: 4247926 Depth: 8.5 Value: 1.3 Station: RET2.4
 --- UTM-X: 326093 UTM-Y: 4247926 Depth: 9 Value: 1.1 Station: RET2.4
 --- UTM-X: 326093 UTM-Y: 4247926 Depth: 9.5 Value: 1 Station: RET2.4
 --- UTM-X: 326093 UTM-Y: 4247926 Depth: 10 Value: 0.9 Station: RET2.4
 --- UTM-X: 326093 UTM-Y: 4247926 Depth: 10.5 Value: 0.7 Station: RET2.4
 --- UTM-X: 326093 UTM-Y: 4247926 Depth: 11 Value: 0.5 Station: RET2.4
 --- UTM-X: 326093 UTM-Y: 4247926 Depth: 11.5 Value: 0.55 Station: RET2.4
 --- UTM-X: 326093 UTM-Y: 4247926 Depth: 12 Value: 0.6 Station: RET2.4
 --- UTM-X: 326093 UTM-Y: 4247926 Depth: 12.5 Value: 0.45 Station: RET2.4
 --- UTM-X: 326093 UTM-Y: 4247926 Depth: 13 Value: 0.3 Station: RET2.4
 --- UTM-X: 326093 UTM-Y: 4247926 Depth: 13.5 Value: 0.3 Station: RET2.4
 --- UTM-X: 326093 UTM-Y: 4247926 Depth: 14 Value: 0.3 Station: RET2.4
 --- UTM-X: 326093 UTM-Y: 4247926 Depth: 14.5 Value: 0.3 Station: RET2.4
 --- UTM-X: 326093 UTM-Y: 4247926 Depth: 15 Value: 0.3 Station: RET2.4
 --- UTM-X: 326093 UTM-Y: 4247926 Depth: 15.5 Value: 0.3 Station: RET2.4
 --- UTM-X: 326093 UTM-Y: 4247926 Depth: 16 Value: 0.3 Station: RET2.4
 --- 5792 cells were interpolated in region POTMH.  Subtotal: 163291 total cells.
 ---- Region was calculated in 0 seconds. Segment volume (m^3) = 5792000000
 
 - Bathymetry Region ID: 1054  Region Name: RPPTF  Data Points: 79 in data region 1054
 -- Cell Size  E-W: 250  N-S: 250  Vertical: 1
 --- Data in Region ---
 --- UTM-X: 339910 UTM-Y: 4198518 Depth: 0 Value: 7.09 Station: RET3.1
 --- UTM-X: 339910 UTM-Y: 4198518 Depth: 0.5 Value: 7.09 Station: RET3.1
 --- UTM-X: 339910 UTM-Y: 4198518 Depth: 1 Value: 7.09 Station: RET3.1
 --- UTM-X: 339910 UTM-Y: 4198518 Depth: 1.5 Value: 6.72 Station: RET3.1
 --- UTM-X: 339910 UTM-Y: 4198518 Depth: 2 Value: 6.35 Station: RET3.1
 --- UTM-X: 339910 UTM-Y: 4198518 Depth: 2.5 Value: 6.46 Station: RET3.1
 --- UTM-X: 339910 UTM-Y: 4198518 Depth: 3 Value: 6.57 Station: RET3.1
 --- UTM-X: 339910 UTM-Y: 4198518 Depth: 3.5 Value: 6.645 Station: RET3.1
 --- UTM-X: 339910 UTM-Y: 4198518 Depth: 4 Value: 6.72 Station: RET3.1
 --- UTM-X: 339910 UTM-Y: 4198518 Depth: 4.5 Value: 6.95 Station: RET3.1
 --- UTM-X: 339910 UTM-Y: 4198518 Depth: 5 Value: 7.18 Station: RET3.1
 --- UTM-X: 349206 UTM-Y: 4185947 Depth: 0 Value: 4.88 Station: RET3.2
 --- UTM-X: 349206 UTM-Y: 4185947 Depth: 0.5 Value: 4.88 Station: RET3.2
 --- UTM-X: 349206 UTM-Y: 4185947 Depth: 1 Value: 4.88 Station: RET3.2
 --- UTM-X: 349206 UTM-Y: 4185947 Depth: 1.5 Value: 4.7 Station: RET3.2
 --- UTM-X: 349206 UTM-Y: 4185947 Depth: 2 Value: 4.52 Station: RET3.2
 --- UTM-X: 349206 UTM-Y: 4185947 Depth: 2.5 Value: 4.42 Station: RET3.2
 --- UTM-X: 349206 UTM-Y: 4185947 Depth: 3 Value: 4.32 Station: RET3.2
 --- UTM-X: 349206 UTM-Y: 4185947 Depth: 3.5 Value: 4.195 Station: RET3.2
 --- UTM-X: 349206 UTM-Y: 4185947 Depth: 4 Value: 4.07 Station: RET3.2
 --- UTM-X: 349206 UTM-Y: 4185947 Depth: 4.5 Value: 3.94 Station: RET3.2
 --- UTM-X: 349206 UTM-Y: 4185947 Depth: 5 Value: 3.81 Station: RET3.2
 --- UTM-X: 304541 UTM-Y: 4235434 Depth: 0 Value: 5.46 Station: TF3.1B
 --- UTM-X: 304541 UTM-Y: 4235434 Depth: 0.5 Value: 5.46 Station: TF3.1B
 --- UTM-X: 304541 UTM-Y: 4235434 Depth: 1 Value: 5.46 Station: TF3.1B
 --- UTM-X: 304541 UTM-Y: 4235434 Depth: 1.5 Value: 5.445 Station: TF3.1B
 --- UTM-X: 304541 UTM-Y: 4235434 Depth: 2 Value: 5.43 Station: TF3.1B
 --- UTM-X: 304541 UTM-Y: 4235434 Depth: 2.5 Value: 5.425 Station: TF3.1B
 --- UTM-X: 304541 UTM-Y: 4235434 Depth: 3 Value: 5.42 Station: TF3.1B
 --- UTM-X: 296444 UTM-Y: 4235572 Depth: 0 Value: 6.92 Station: TF3.1E
 --- UTM-X: 296444 UTM-Y: 4235572 Depth: 0.5 Value: 6.92 Station: TF3.1E
 --- UTM-X: 296444 UTM-Y: 4235572 Depth: 1 Value: 6.92 Station: TF3.1E
 --- UTM-X: 296444 UTM-Y: 4235572 Depth: 1.5 Value: 6.875 Station: TF3.1E
 --- UTM-X: 296444 UTM-Y: 4235572 Depth: 2 Value: 6.83 Station: TF3.1E
 --- UTM-X: 296444 UTM-Y: 4235572 Depth: 2.5 Value: 6.755 Station: TF3.1E
 --- UTM-X: 296444 UTM-Y: 4235572 Depth: 3 Value: 6.68 Station: TF3.1E
 --- UTM-X: 308318 UTM-Y: 4227479 Depth: 0 Value: 3.87 Station: TF3.2
 --- UTM-X: 308318 UTM-Y: 4227479 Depth: 0.5 Value: 3.87 Station: TF3.2
 --- UTM-X: 308318 UTM-Y: 4227479 Depth: 1 Value: 3.87 Station: TF3.2
 --- UTM-X: 308318 UTM-Y: 4227479 Depth: 1.5 Value: 3.845 Station: TF3.2
 --- UTM-X: 308318 UTM-Y: 4227479 Depth: 2 Value: 3.82 Station: TF3.2
 --- UTM-X: 308318 UTM-Y: 4227479 Depth: 2.5 Value: 3.815 Station: TF3.2
 --- UTM-X: 308318 UTM-Y: 4227479 Depth: 3 Value: 3.81 Station: TF3.2
 --- UTM-X: 308318 UTM-Y: 4227479 Depth: 3.5 Value: 3.8 Station: TF3.2
 --- UTM-X: 308318 UTM-Y: 4227479 Depth: 4 Value: 3.79 Station: TF3.2
 --- UTM-X: 308318 UTM-Y: 4227479 Depth: 4.5 Value: 3.785 Station: TF3.2
 --- UTM-X: 308318 UTM-Y: 4227479 Depth: 5 Value: 3.78 Station: TF3.2
 --- UTM-X: 308318 UTM-Y: 4227479 Depth: 5.5 Value: 3.77 Station: TF3.2
 --- UTM-X: 308318 UTM-Y: 4227479 Depth: 6 Value: 3.76 Station: TF3.2
 --- UTM-X: 308318 UTM-Y: 4227479 Depth: 6.5 Value: 3.765 Station: TF3.2
 --- UTM-X: 308318 UTM-Y: 4227479 Depth: 7 Value: 3.77 Station: TF3.2
 --- UTM-X: 308318 UTM-Y: 4227479 Depth: 7.5 Value: 3.775 Station: TF3.2
 --- UTM-X: 308318 UTM-Y: 4227479 Depth: 8 Value: 3.78 Station: TF3.2
 --- UTM-X: 320112 UTM-Y: 4220239 Depth: 0 Value: 8.31 Station: TF3.2A
 --- UTM-X: 320112 UTM-Y: 4220239 Depth: 0.5 Value: 8.31 Station: TF3.2A
 --- UTM-X: 320112 UTM-Y: 4220239 Depth: 1 Value: 8.31 Station: TF3.2A
 --- UTM-X: 320112 UTM-Y: 4220239 Depth: 1.5 Value: 8.295 Station: TF3.2A
 --- UTM-X: 320112 UTM-Y: 4220239 Depth: 2 Value: 8.28 Station: TF3.2A
 --- UTM-X: 320112 UTM-Y: 4220239 Depth: 2.5 Value: 8.265 Station: TF3.2A
 --- UTM-X: 320112 UTM-Y: 4220239 Depth: 3 Value: 8.25 Station: TF3.2A
 --- UTM-X: 320112 UTM-Y: 4220239 Depth: 3.5 Value: 8.245 Station: TF3.2A
 --- UTM-X: 320112 UTM-Y: 4220239 Depth: 4 Value: 8.24 Station: TF3.2A
 --- UTM-X: 320112 UTM-Y: 4220239 Depth: 4.5 Value: 8.23 Station: TF3.2A
 --- UTM-X: 320112 UTM-Y: 4220239 Depth: 5 Value: 8.22 Station: TF3.2A
 --- UTM-X: 332516 UTM-Y: 4209613 Depth: 0 Value: 6.73 Station: TF3.3
 --- UTM-X: 332516 UTM-Y: 4209613 Depth: 0.5 Value: 6.73 Station: TF3.3
 --- UTM-X: 332516 UTM-Y: 4209613 Depth: 1 Value: 6.73 Station: TF3.3
 --- UTM-X: 332516 UTM-Y: 4209613 Depth: 1.5 Value: 6.345 Station: TF3.3
 --- UTM-X: 332516 UTM-Y: 4209613 Depth: 2 Value: 5.96 Station: TF3.3
 --- UTM-X: 332516 UTM-Y: 4209613 Depth: 2.5 Value: 5.885 Station: TF3.3
 --- UTM-X: 332516 UTM-Y: 4209613 Depth: 3 Value: 5.81 Station: TF3.3
 --- UTM-X: 332516 UTM-Y: 4209613 Depth: 3.5 Value: 5.78 Station: TF3.3
 --- UTM-X: 332516 UTM-Y: 4209613 Depth: 4 Value: 5.75 Station: TF3.3
 --- UTM-X: 332516 UTM-Y: 4209613 Depth: 4.5 Value: 5.72 Station: TF3.3
 --- UTM-X: 332516 UTM-Y: 4209613 Depth: 5 Value: 5.69 Station: TF3.3
 --- UTM-X: 332516 UTM-Y: 4209613 Depth: 5.5 Value: 5.67 Station: TF3.3
 --- UTM-X: 332516 UTM-Y: 4209613 Depth: 6 Value: 5.65 Station: TF3.3
 --- UTM-X: 332516 UTM-Y: 4209613 Depth: 6.5 Value: 5.635 Station: TF3.3
 --- UTM-X: 332516 UTM-Y: 4209613 Depth: 7 Value: 5.62 Station: TF3.3
 --- 1719 cells were interpolated in region RPPTF.  Subtotal: 165010 total cells.
 ---- Region was calculated in 0 seconds. Segment volume (m^3) = 107437500
 
 - Bathymetry Region ID: 1055  Region Name: RPPOH  Data Points: 94 in data region 1055
 -- Cell Size  E-W: 100  N-S: 100  Vertical: 1
 --- Data in Region ---
 --- UTM-X: 357233 UTM-Y: 4180501 Depth: 0 Value: 5.77 Station: LE3.1
 --- UTM-X: 357233 UTM-Y: 4180501 Depth: 0.5 Value: 5.77 Station: LE3.1
 --- UTM-X: 357233 UTM-Y: 4180501 Depth: 1 Value: 5.77 Station: LE3.1
 --- UTM-X: 357233 UTM-Y: 4180501 Depth: 1.5 Value: 5.345 Station: LE3.1
 --- UTM-X: 357233 UTM-Y: 4180501 Depth: 2 Value: 4.92 Station: LE3.1
 --- UTM-X: 357233 UTM-Y: 4180501 Depth: 2.5 Value: 4.62 Station: LE3.1
 --- UTM-X: 357233 UTM-Y: 4180501 Depth: 3 Value: 4.32 Station: LE3.1
 --- UTM-X: 357233 UTM-Y: 4180501 Depth: 3.5 Value: 4.275 Station: LE3.1
 --- UTM-X: 357233 UTM-Y: 4180501 Depth: 4 Value: 4.23 Station: LE3.1
 --- UTM-X: 357233 UTM-Y: 4180501 Depth: 4.5 Value: 4.1 Station: LE3.1
 --- UTM-X: 357233 UTM-Y: 4180501 Depth: 5 Value: 3.97 Station: LE3.1
 --- UTM-X: 357233 UTM-Y: 4180501 Depth: 5.5 Value: 3.58 Station: LE3.1
 --- UTM-X: 357233 UTM-Y: 4180501 Depth: 6 Value: 3.19 Station: LE3.1
 --- UTM-X: 357233 UTM-Y: 4180501 Depth: 6.5 Value: 2.695 Station: LE3.1
 --- UTM-X: 357233 UTM-Y: 4180501 Depth: 7 Value: 2.2 Station: LE3.1
 --- UTM-X: 339910 UTM-Y: 4198518 Depth: 0 Value: 7.09 Station: RET3.1
 --- UTM-X: 339910 UTM-Y: 4198518 Depth: 0.5 Value: 7.09 Station: RET3.1
 --- UTM-X: 339910 UTM-Y: 4198518 Depth: 1 Value: 7.09 Station: RET3.1
 --- UTM-X: 339910 UTM-Y: 4198518 Depth: 1.5 Value: 6.72 Station: RET3.1
 --- UTM-X: 339910 UTM-Y: 4198518 Depth: 2 Value: 6.35 Station: RET3.1
 --- UTM-X: 339910 UTM-Y: 4198518 Depth: 2.5 Value: 6.46 Station: RET3.1
 --- UTM-X: 339910 UTM-Y: 4198518 Depth: 3 Value: 6.57 Station: RET3.1
 --- UTM-X: 339910 UTM-Y: 4198518 Depth: 3.5 Value: 6.645 Station: RET3.1
 --- UTM-X: 339910 UTM-Y: 4198518 Depth: 4 Value: 6.72 Station: RET3.1
 --- UTM-X: 339910 UTM-Y: 4198518 Depth: 4.5 Value: 6.95 Station: RET3.1
 --- UTM-X: 339910 UTM-Y: 4198518 Depth: 5 Value: 7.18 Station: RET3.1
 --- UTM-X: 349206 UTM-Y: 4185947 Depth: 0 Value: 4.88 Station: RET3.2
 --- UTM-X: 349206 UTM-Y: 4185947 Depth: 0.5 Value: 4.88 Station: RET3.2
 --- UTM-X: 349206 UTM-Y: 4185947 Depth: 1 Value: 4.88 Station: RET3.2
 --- UTM-X: 349206 UTM-Y: 4185947 Depth: 1.5 Value: 4.7 Station: RET3.2
 --- UTM-X: 349206 UTM-Y: 4185947 Depth: 2 Value: 4.52 Station: RET3.2
 --- UTM-X: 349206 UTM-Y: 4185947 Depth: 2.5 Value: 4.42 Station: RET3.2
 --- UTM-X: 349206 UTM-Y: 4185947 Depth: 3 Value: 4.32 Station: RET3.2
 --- UTM-X: 349206 UTM-Y: 4185947 Depth: 3.5 Value: 4.195 Station: RET3.2
 --- UTM-X: 349206 UTM-Y: 4185947 Depth: 4 Value: 4.07 Station: RET3.2
 --- UTM-X: 349206 UTM-Y: 4185947 Depth: 4.5 Value: 3.94 Station: RET3.2
 --- UTM-X: 349206 UTM-Y: 4185947 Depth: 5 Value: 3.81 Station: RET3.2
 --- UTM-X: 304541 UTM-Y: 4235434 Depth: 0 Value: 5.46 Station: TF3.1B
 --- UTM-X: 304541 UTM-Y: 4235434 Depth: 0.5 Value: 5.46 Station: TF3.1B
 --- UTM-X: 304541 UTM-Y: 4235434 Depth: 1 Value: 5.46 Station: TF3.1B
 --- UTM-X: 304541 UTM-Y: 4235434 Depth: 1.5 Value: 5.445 Station: TF3.1B
 --- UTM-X: 304541 UTM-Y: 4235434 Depth: 2 Value: 5.43 Station: TF3.1B
 --- UTM-X: 304541 UTM-Y: 4235434 Depth: 2.5 Value: 5.425 Station: TF3.1B
 --- UTM-X: 304541 UTM-Y: 4235434 Depth: 3 Value: 5.42 Station: TF3.1B
 --- UTM-X: 296444 UTM-Y: 4235572 Depth: 0 Value: 6.92 Station: TF3.1E
 --- UTM-X: 296444 UTM-Y: 4235572 Depth: 0.5 Value: 6.92 Station: TF3.1E
 --- UTM-X: 296444 UTM-Y: 4235572 Depth: 1 Value: 6.92 Station: TF3.1E
 --- UTM-X: 296444 UTM-Y: 4235572 Depth: 1.5 Value: 6.875 Station: TF3.1E
 --- UTM-X: 296444 UTM-Y: 4235572 Depth: 2 Value: 6.83 Station: TF3.1E
 --- UTM-X: 296444 UTM-Y: 4235572 Depth: 2.5 Value: 6.755 Station: TF3.1E
 --- UTM-X: 296444 UTM-Y: 4235572 Depth: 3 Value: 6.68 Station: TF3.1E
 --- UTM-X: 308318 UTM-Y: 4227479 Depth: 0 Value: 3.87 Station: TF3.2
 --- UTM-X: 308318 UTM-Y: 4227479 Depth: 0.5 Value: 3.87 Station: TF3.2
 --- UTM-X: 308318 UTM-Y: 4227479 Depth: 1 Value: 3.87 Station: TF3.2
 --- UTM-X: 308318 UTM-Y: 4227479 Depth: 1.5 Value: 3.845 Station: TF3.2
 --- UTM-X: 308318 UTM-Y: 4227479 Depth: 2 Value: 3.82 Station: TF3.2
 --- UTM-X: 308318 UTM-Y: 4227479 Depth: 2.5 Value: 3.815 Station: TF3.2
 --- UTM-X: 308318 UTM-Y: 4227479 Depth: 3 Value: 3.81 Station: TF3.2
 --- UTM-X: 308318 UTM-Y: 4227479 Depth: 3.5 Value: 3.8 Station: TF3.2
 --- UTM-X: 308318 UTM-Y: 4227479 Depth: 4 Value: 3.79 Station: TF3.2
 --- UTM-X: 308318 UTM-Y: 4227479 Depth: 4.5 Value: 3.785 Station: TF3.2
 --- UTM-X: 308318 UTM-Y: 4227479 Depth: 5 Value: 3.78 Station: TF3.2
 --- UTM-X: 308318 UTM-Y: 4227479 Depth: 5.5 Value: 3.77 Station: TF3.2
 --- UTM-X: 308318 UTM-Y: 4227479 Depth: 6 Value: 3.76 Station: TF3.2
 --- UTM-X: 308318 UTM-Y: 4227479 Depth: 6.5 Value: 3.765 Station: TF3.2
 --- UTM-X: 308318 UTM-Y: 4227479 Depth: 7 Value: 3.77 Station: TF3.2
 --- UTM-X: 308318 UTM-Y: 4227479 Depth: 7.5 Value: 3.775 Station: TF3.2
 --- UTM-X: 308318 UTM-Y: 4227479 Depth: 8 Value: 3.78 Station: TF3.2
 --- UTM-X: 320112 UTM-Y: 4220239 Depth: 0 Value: 8.31 Station: TF3.2A
 --- UTM-X: 320112 UTM-Y: 4220239 Depth: 0.5 Value: 8.31 Station: TF3.2A
 --- UTM-X: 320112 UTM-Y: 4220239 Depth: 1 Value: 8.31 Station: TF3.2A
 --- UTM-X: 320112 UTM-Y: 4220239 Depth: 1.5 Value: 8.295 Station: TF3.2A
 --- UTM-X: 320112 UTM-Y: 4220239 Depth: 2 Value: 8.28 Station: TF3.2A
 --- UTM-X: 320112 UTM-Y: 4220239 Depth: 2.5 Value: 8.265 Station: TF3.2A
 --- UTM-X: 320112 UTM-Y: 4220239 Depth: 3 Value: 8.25 Station: TF3.2A
 --- UTM-X: 320112 UTM-Y: 4220239 Depth: 3.5 Value: 8.245 Station: TF3.2A
 --- UTM-X: 320112 UTM-Y: 4220239 Depth: 4 Value: 8.24 Station: TF3.2A
 --- UTM-X: 320112 UTM-Y: 4220239 Depth: 4.5 Value: 8.23 Station: TF3.2A
 --- UTM-X: 320112 UTM-Y: 4220239 Depth: 5 Value: 8.22 Station: TF3.2A
 --- UTM-X: 332516 UTM-Y: 4209613 Depth: 0 Value: 6.73 Station: TF3.3
 --- UTM-X: 332516 UTM-Y: 4209613 Depth: 0.5 Value: 6.73 Station: TF3.3
 --- UTM-X: 332516 UTM-Y: 4209613 Depth: 1 Value: 6.73 Station: TF3.3
 --- UTM-X: 332516 UTM-Y: 4209613 Depth: 1.5 Value: 6.345 Station: TF3.3
 --- UTM-X: 332516 UTM-Y: 4209613 Depth: 2 Value: 5.96 Station: TF3.3
 --- UTM-X: 332516 UTM-Y: 4209613 Depth: 2.5 Value: 5.885 Station: TF3.3
 --- UTM-X: 332516 UTM-Y: 4209613 Depth: 3 Value: 5.81 Station: TF3.3
 --- UTM-X: 332516 UTM-Y: 4209613 Depth: 3.5 Value: 5.78 Station: TF3.3
 --- UTM-X: 332516 UTM-Y: 4209613 Depth: 4 Value: 5.75 Station: TF3.3
 --- UTM-X: 332516 UTM-Y: 4209613 Depth: 4.5 Value: 5.72 Station: TF3.3
 --- UTM-X: 332516 UTM-Y: 4209613 Depth: 5 Value: 5.69 Station: TF3.3
 --- UTM-X: 332516 UTM-Y: 4209613 Depth: 5.5 Value: 5.67 Station: TF3.3
 --- UTM-X: 332516 UTM-Y: 4209613 Depth: 6 Value: 5.65 Station: TF3.3
 --- UTM-X: 332516 UTM-Y: 4209613 Depth: 6.5 Value: 5.635 Station: TF3.3
 --- UTM-X: 332516 UTM-Y: 4209613 Depth: 7 Value: 5.62 Station: TF3.3
 --- 5358 cells were interpolated in region RPPOH.  Subtotal: 170368 total cells.
 ---- Region was calculated in 1 seconds. Segment volume (m^3) = 53580000
 
 - Bathymetry Region ID: 1056  Region Name: RPPMH  Data Points: 411 in data region 1056
 -- Cell Size  E-W: 500  N-S: 500  Vertical: 1
 --- Data in Region ---
 --- UTM-X: 395113 UTM-Y: 4172286 Depth: 0 Value: 7.59 Station: CB5.5
 --- UTM-X: 395113 UTM-Y: 4172286 Depth: 0.5 Value: 7.59 Station: CB5.5
 --- UTM-X: 395113 UTM-Y: 4172286 Depth: 1 Value: 7.59 Station: CB5.5
 --- UTM-X: 395113 UTM-Y: 4172286 Depth: 1.5 Value: 7.495 Station: CB5.5
 --- UTM-X: 395113 UTM-Y: 4172286 Depth: 2 Value: 7.4 Station: CB5.5
 --- UTM-X: 395113 UTM-Y: 4172286 Depth: 2.5 Value: 7.095 Station: CB5.5
 --- UTM-X: 395113 UTM-Y: 4172286 Depth: 3 Value: 6.79 Station: CB5.5
 --- UTM-X: 395113 UTM-Y: 4172286 Depth: 3.5 Value: 6.285 Station: CB5.5
 --- UTM-X: 395113 UTM-Y: 4172286 Depth: 4 Value: 5.78 Station: CB5.5
 --- UTM-X: 395113 UTM-Y: 4172286 Depth: 4.5 Value: 5.17 Station: CB5.5
 --- UTM-X: 395113 UTM-Y: 4172286 Depth: 5 Value: 4.56 Station: CB5.5
 --- UTM-X: 395113 UTM-Y: 4172286 Depth: 5.5 Value: 4.4 Station: CB5.5
 --- UTM-X: 395113 UTM-Y: 4172286 Depth: 6 Value: 4.24 Station: CB5.5
 --- UTM-X: 395113 UTM-Y: 4172286 Depth: 6.5 Value: 2.47 Station: CB5.5
 --- UTM-X: 395113 UTM-Y: 4172286 Depth: 7 Value: 0.7 Station: CB5.5
 --- UTM-X: 395113 UTM-Y: 4172286 Depth: 7.5 Value: 0.705 Station: CB5.5
 --- UTM-X: 395113 UTM-Y: 4172286 Depth: 8 Value: 0.71 Station: CB5.5
 --- UTM-X: 395113 UTM-Y: 4172286 Depth: 8.5 Value: 0.69 Station: CB5.5
 --- UTM-X: 395113 UTM-Y: 4172286 Depth: 9 Value: 0.67 Station: CB5.5
 --- UTM-X: 395113 UTM-Y: 4172286 Depth: 9.5 Value: 0.665 Station: CB5.5
 --- UTM-X: 395113 UTM-Y: 4172286 Depth: 10 Value: 0.66 Station: CB5.5
 --- UTM-X: 395113 UTM-Y: 4172286 Depth: 10.5 Value: 0.675 Station: CB5.5
 --- UTM-X: 395113 UTM-Y: 4172286 Depth: 11 Value: 0.69 Station: CB5.5
 --- UTM-X: 395113 UTM-Y: 4172286 Depth: 11.5 Value: 0.735 Station: CB5.5
 --- UTM-X: 395113 UTM-Y: 4172286 Depth: 12 Value: 0.78 Station: CB5.5
 --- UTM-X: 395113 UTM-Y: 4172286 Depth: 12.5 Value: 1.115 Station: CB5.5
 --- UTM-X: 395113 UTM-Y: 4172286 Depth: 13 Value: 1.45 Station: CB5.5
 --- UTM-X: 395113 UTM-Y: 4172286 Depth: 13.5 Value: 1.48 Station: CB5.5
 --- UTM-X: 395113 UTM-Y: 4172286 Depth: 14 Value: 1.51 Station: CB5.5
 --- UTM-X: 397396 UTM-Y: 4160791 Depth: 0 Value: 7.62 Station: CB6.1
 --- UTM-X: 397396 UTM-Y: 4160791 Depth: 0.5 Value: 7.62 Station: CB6.1
 --- UTM-X: 397396 UTM-Y: 4160791 Depth: 1 Value: 7.62 Station: CB6.1
 --- UTM-X: 397396 UTM-Y: 4160791 Depth: 1.5 Value: 7.63 Station: CB6.1
 --- UTM-X: 397396 UTM-Y: 4160791 Depth: 2 Value: 7.64 Station: CB6.1
 --- UTM-X: 397396 UTM-Y: 4160791 Depth: 2.5 Value: 7.55 Station: CB6.1
 --- UTM-X: 397396 UTM-Y: 4160791 Depth: 3 Value: 7.46 Station: CB6.1
 --- UTM-X: 397396 UTM-Y: 4160791 Depth: 3.5 Value: 7.4 Station: CB6.1
 --- UTM-X: 397396 UTM-Y: 4160791 Depth: 4 Value: 7.34 Station: CB6.1
 --- UTM-X: 397396 UTM-Y: 4160791 Depth: 4.5 Value: 7.29 Station: CB6.1
 --- UTM-X: 397396 UTM-Y: 4160791 Depth: 5 Value: 7.24 Station: CB6.1
 --- UTM-X: 397396 UTM-Y: 4160791 Depth: 5.5 Value: 6.965 Station: CB6.1
 --- UTM-X: 397396 UTM-Y: 4160791 Depth: 6 Value: 6.69 Station: CB6.1
 --- UTM-X: 397396 UTM-Y: 4160791 Depth: 6.5 Value: 4.68 Station: CB6.1
 --- UTM-X: 397396 UTM-Y: 4160791 Depth: 7 Value: 2.67 Station: CB6.1
 --- UTM-X: 397396 UTM-Y: 4160791 Depth: 7.5 Value: 1.82 Station: CB6.1
 --- UTM-X: 397396 UTM-Y: 4160791 Depth: 8 Value: 0.97 Station: CB6.1
 --- UTM-X: 397396 UTM-Y: 4160791 Depth: 8.5 Value: 0.95 Station: CB6.1
 --- UTM-X: 397396 UTM-Y: 4160791 Depth: 9 Value: 0.93 Station: CB6.1
 --- UTM-X: 397396 UTM-Y: 4160791 Depth: 9.5 Value: 0.96 Station: CB6.1
 --- UTM-X: 397396 UTM-Y: 4160791 Depth: 10 Value: 0.99 Station: CB6.1
 --- UTM-X: 397396 UTM-Y: 4160791 Depth: 10.5 Value: 1.035 Station: CB6.1
 --- UTM-X: 397396 UTM-Y: 4160791 Depth: 11 Value: 1.08 Station: CB6.1
 --- UTM-X: 397772 UTM-Y: 4149505 Depth: 0 Value: 6.74 Station: CB6.2
 --- UTM-X: 397772 UTM-Y: 4149505 Depth: 0.5 Value: 6.74 Station: CB6.2
 --- UTM-X: 397772 UTM-Y: 4149505 Depth: 1 Value: 6.74 Station: CB6.2
 --- UTM-X: 397772 UTM-Y: 4149505 Depth: 1.5 Value: 6.71 Station: CB6.2
 --- UTM-X: 397772 UTM-Y: 4149505 Depth: 2 Value: 6.68 Station: CB6.2
 --- UTM-X: 397772 UTM-Y: 4149505 Depth: 2.5 Value: 6.53 Station: CB6.2
 --- UTM-X: 397772 UTM-Y: 4149505 Depth: 3 Value: 6.38 Station: CB6.2
 --- UTM-X: 397772 UTM-Y: 4149505 Depth: 3.5 Value: 6.195 Station: CB6.2
 --- UTM-X: 397772 UTM-Y: 4149505 Depth: 4 Value: 6.01 Station: CB6.2
 --- UTM-X: 397772 UTM-Y: 4149505 Depth: 4.5 Value: 5.895 Station: CB6.2
 --- UTM-X: 397772 UTM-Y: 4149505 Depth: 5 Value: 5.78 Station: CB6.2
 --- UTM-X: 397772 UTM-Y: 4149505 Depth: 5.5 Value: 5.71 Station: CB6.2
 --- UTM-X: 397772 UTM-Y: 4149505 Depth: 6 Value: 5.64 Station: CB6.2
 --- UTM-X: 397772 UTM-Y: 4149505 Depth: 6.5 Value: 5.11 Station: CB6.2
 --- UTM-X: 397772 UTM-Y: 4149505 Depth: 7 Value: 4.58 Station: CB6.2
 --- UTM-X: 397772 UTM-Y: 4149505 Depth: 7.5 Value: 3.17 Station: CB6.2
 --- UTM-X: 397772 UTM-Y: 4149505 Depth: 8 Value: 1.76 Station: CB6.2
 --- UTM-X: 397772 UTM-Y: 4149505 Depth: 8.5 Value: 1.6 Station: CB6.2
 --- UTM-X: 397772 UTM-Y: 4149505 Depth: 9 Value: 1.44 Station: CB6.2
 --- UTM-X: 397375 UTM-Y: 4141157 Depth: 0 Value: 7.52 Station: CB6.3
 --- UTM-X: 397375 UTM-Y: 4141157 Depth: 0.5 Value: 7.52 Station: CB6.3
 --- UTM-X: 397375 UTM-Y: 4141157 Depth: 1 Value: 7.52 Station: CB6.3
 --- UTM-X: 397375 UTM-Y: 4141157 Depth: 1.5 Value: 7.54 Station: CB6.3
 --- UTM-X: 397375 UTM-Y: 4141157 Depth: 2 Value: 7.56 Station: CB6.3
 --- UTM-X: 397375 UTM-Y: 4141157 Depth: 2.5 Value: 7.49 Station: CB6.3
 --- UTM-X: 397375 UTM-Y: 4141157 Depth: 3 Value: 7.42 Station: CB6.3
 --- UTM-X: 397375 UTM-Y: 4141157 Depth: 3.5 Value: 7.265 Station: CB6.3
 --- UTM-X: 397375 UTM-Y: 4141157 Depth: 4 Value: 7.11 Station: CB6.3
 --- UTM-X: 397375 UTM-Y: 4141157 Depth: 4.5 Value: 6.825 Station: CB6.3
 --- UTM-X: 397375 UTM-Y: 4141157 Depth: 5 Value: 6.54 Station: CB6.3
 --- UTM-X: 397375 UTM-Y: 4141157 Depth: 5.5 Value: 5.855 Station: CB6.3
 --- UTM-X: 397375 UTM-Y: 4141157 Depth: 6 Value: 5.17 Station: CB6.3
 --- UTM-X: 397375 UTM-Y: 4141157 Depth: 6.5 Value: 4.85 Station: CB6.3
 --- UTM-X: 397375 UTM-Y: 4141157 Depth: 7 Value: 4.53 Station: CB6.3
 --- UTM-X: 397375 UTM-Y: 4141157 Depth: 7.5 Value: 4.185 Station: CB6.3
 --- UTM-X: 397375 UTM-Y: 4141157 Depth: 8 Value: 3.84 Station: CB6.3
 --- UTM-X: 397375 UTM-Y: 4141157 Depth: 8.5 Value: 3.265 Station: CB6.3
 --- UTM-X: 397375 UTM-Y: 4141157 Depth: 9 Value: 2.69 Station: CB6.3
 --- UTM-X: 397375 UTM-Y: 4141157 Depth: 9.5 Value: 2.83 Station: CB6.3
 --- UTM-X: 397375 UTM-Y: 4141157 Depth: 10 Value: 2.97 Station: CB6.3
 --- UTM-X: 412737 UTM-Y: 4171156 Depth: 0 Value: 9.21 Station: CB7.1
 --- UTM-X: 412737 UTM-Y: 4171156 Depth: 0.5 Value: 9.21 Station: CB7.1
 --- UTM-X: 412737 UTM-Y: 4171156 Depth: 1 Value: 9.21 Station: CB7.1
 --- UTM-X: 412737 UTM-Y: 4171156 Depth: 1.5 Value: 9.205 Station: CB7.1
 --- UTM-X: 412737 UTM-Y: 4171156 Depth: 2 Value: 9.2 Station: CB7.1
 --- UTM-X: 412737 UTM-Y: 4171156 Depth: 2.5 Value: 8.675 Station: CB7.1
 --- UTM-X: 412737 UTM-Y: 4171156 Depth: 3 Value: 8.15 Station: CB7.1
 --- UTM-X: 412737 UTM-Y: 4171156 Depth: 3.5 Value: 7.725 Station: CB7.1
 --- UTM-X: 412737 UTM-Y: 4171156 Depth: 4 Value: 7.3 Station: CB7.1
 --- UTM-X: 412737 UTM-Y: 4171156 Depth: 4.5 Value: 7.08 Station: CB7.1
 --- UTM-X: 412737 UTM-Y: 4171156 Depth: 5 Value: 6.86 Station: CB7.1
 --- UTM-X: 412737 UTM-Y: 4171156 Depth: 5.5 Value: 6.27 Station: CB7.1
 --- UTM-X: 412737 UTM-Y: 4171156 Depth: 6 Value: 5.68 Station: CB7.1
 --- UTM-X: 412737 UTM-Y: 4171156 Depth: 6.5 Value: 5.185 Station: CB7.1
 --- UTM-X: 412737 UTM-Y: 4171156 Depth: 7 Value: 4.69 Station: CB7.1
 --- UTM-X: 412737 UTM-Y: 4171156 Depth: 7.5 Value: 4.25 Station: CB7.1
 --- UTM-X: 412737 UTM-Y: 4171156 Depth: 8 Value: 3.81 Station: CB7.1
 --- UTM-X: 412737 UTM-Y: 4171156 Depth: 8.5 Value: 3.38 Station: CB7.1
 --- UTM-X: 412737 UTM-Y: 4171156 Depth: 9 Value: 2.95 Station: CB7.1
 --- UTM-X: 412737 UTM-Y: 4171156 Depth: 9.5 Value: 2.705 Station: CB7.1
 --- UTM-X: 412737 UTM-Y: 4171156 Depth: 10 Value: 2.46 Station: CB7.1
 --- UTM-X: 412737 UTM-Y: 4171156 Depth: 10.5 Value: 2.555 Station: CB7.1
 --- UTM-X: 412737 UTM-Y: 4171156 Depth: 11 Value: 2.65 Station: CB7.1
 --- UTM-X: 412737 UTM-Y: 4171156 Depth: 11.5 Value: 2.35 Station: CB7.1
 --- UTM-X: 412737 UTM-Y: 4171156 Depth: 12 Value: 2.05 Station: CB7.1
 --- UTM-X: 412737 UTM-Y: 4171156 Depth: 12.5 Value: 2.075 Station: CB7.1
 --- UTM-X: 412737 UTM-Y: 4171156 Depth: 13 Value: 2.1 Station: CB7.1
 --- UTM-X: 412737 UTM-Y: 4171156 Depth: 13.5 Value: 2.16 Station: CB7.1
 --- UTM-X: 412737 UTM-Y: 4171156 Depth: 14 Value: 2.22 Station: CB7.1
 --- UTM-X: 412737 UTM-Y: 4171156 Depth: 14.5 Value: 2.285 Station: CB7.1
 --- UTM-X: 412737 UTM-Y: 4171156 Depth: 15 Value: 2.35 Station: CB7.1
 --- UTM-X: 412737 UTM-Y: 4171156 Depth: 15.5 Value: 2.425 Station: CB7.1
 --- UTM-X: 412737 UTM-Y: 4171156 Depth: 16 Value: 2.5 Station: CB7.1
 --- UTM-X: 406584 UTM-Y: 4159881 Depth: 0 Value: 8.11 Station: CB7.1S
 --- UTM-X: 406584 UTM-Y: 4159881 Depth: 0.5 Value: 8.11 Station: CB7.1S
 --- UTM-X: 406584 UTM-Y: 4159881 Depth: 1 Value: 8.11 Station: CB7.1S
 --- UTM-X: 406584 UTM-Y: 4159881 Depth: 1.5 Value: 8.165 Station: CB7.1S
 --- UTM-X: 406584 UTM-Y: 4159881 Depth: 2 Value: 8.22 Station: CB7.1S
 --- UTM-X: 406584 UTM-Y: 4159881 Depth: 2.5 Value: 7.98 Station: CB7.1S
 --- UTM-X: 406584 UTM-Y: 4159881 Depth: 3 Value: 7.74 Station: CB7.1S
 --- UTM-X: 406584 UTM-Y: 4159881 Depth: 3.5 Value: 7.58 Station: CB7.1S
 --- UTM-X: 406584 UTM-Y: 4159881 Depth: 4 Value: 7.42 Station: CB7.1S
 --- UTM-X: 406584 UTM-Y: 4159881 Depth: 4.5 Value: 7.325 Station: CB7.1S
 --- UTM-X: 406584 UTM-Y: 4159881 Depth: 5 Value: 7.23 Station: CB7.1S
 --- UTM-X: 406584 UTM-Y: 4159881 Depth: 5.5 Value: 7.01 Station: CB7.1S
 --- UTM-X: 406584 UTM-Y: 4159881 Depth: 6 Value: 6.79 Station: CB7.1S
 --- UTM-X: 406584 UTM-Y: 4159881 Depth: 6.5 Value: 5.48 Station: CB7.1S
 --- UTM-X: 406584 UTM-Y: 4159881 Depth: 7 Value: 4.17 Station: CB7.1S
 --- UTM-X: 406584 UTM-Y: 4159881 Depth: 7.5 Value: 4.135 Station: CB7.1S
 --- UTM-X: 406584 UTM-Y: 4159881 Depth: 8 Value: 4.1 Station: CB7.1S
 --- UTM-X: 406584 UTM-Y: 4159881 Depth: 8.5 Value: 4.09 Station: CB7.1S
 --- UTM-X: 406584 UTM-Y: 4159881 Depth: 9 Value: 4.08 Station: CB7.1S
 --- UTM-X: 406584 UTM-Y: 4159881 Depth: 9.5 Value: 4.015 Station: CB7.1S
 --- UTM-X: 406584 UTM-Y: 4159881 Depth: 10 Value: 3.95 Station: CB7.1S
 --- UTM-X: 406584 UTM-Y: 4159881 Depth: 10.5 Value: 3.595 Station: CB7.1S
 --- UTM-X: 406584 UTM-Y: 4159881 Depth: 11 Value: 3.24 Station: CB7.1S
 --- UTM-X: 406584 UTM-Y: 4159881 Depth: 11.5 Value: 3.255 Station: CB7.1S
 --- UTM-X: 406584 UTM-Y: 4159881 Depth: 12 Value: 3.27 Station: CB7.1S
 --- UTM-X: 406584 UTM-Y: 4159881 Depth: 12.5 Value: 3.27 Station: CB7.1S
 --- UTM-X: 406584 UTM-Y: 4159881 Depth: 13 Value: 3.27 Station: CB7.1S
 --- UTM-X: 406584 UTM-Y: 4159881 Depth: 13.5 Value: 3.265 Station: CB7.1S
 --- UTM-X: 406584 UTM-Y: 4159881 Depth: 14 Value: 3.26 Station: CB7.1S
 --- UTM-X: 406584 UTM-Y: 4159881 Depth: 14.5 Value: 3.275 Station: CB7.1S
 --- UTM-X: 406584 UTM-Y: 4159881 Depth: 15 Value: 3.29 Station: CB7.1S
 --- UTM-X: 406584 UTM-Y: 4159881 Depth: 15.5 Value: 3.31 Station: CB7.1S
 --- UTM-X: 406584 UTM-Y: 4159881 Depth: 16 Value: 3.33 Station: CB7.1S
 --- UTM-X: 404455 UTM-Y: 4141073 Depth: 0 Value: 7.89 Station: CB7.2
 --- UTM-X: 404455 UTM-Y: 4141073 Depth: 0.5 Value: 7.89 Station: CB7.2
 --- UTM-X: 404455 UTM-Y: 4141073 Depth: 1 Value: 7.89 Station: CB7.2
 --- UTM-X: 404455 UTM-Y: 4141073 Depth: 1.5 Value: 7.895 Station: CB7.2
 --- UTM-X: 404455 UTM-Y: 4141073 Depth: 2 Value: 7.9 Station: CB7.2
 --- UTM-X: 404455 UTM-Y: 4141073 Depth: 2.5 Value: 7.81 Station: CB7.2
 --- UTM-X: 404455 UTM-Y: 4141073 Depth: 3 Value: 7.72 Station: CB7.2
 --- UTM-X: 404455 UTM-Y: 4141073 Depth: 3.5 Value: 7.405 Station: CB7.2
 --- UTM-X: 404455 UTM-Y: 4141073 Depth: 4 Value: 7.09 Station: CB7.2
 --- UTM-X: 404455 UTM-Y: 4141073 Depth: 4.5 Value: 7.08 Station: CB7.2
 --- UTM-X: 404455 UTM-Y: 4141073 Depth: 5 Value: 7.07 Station: CB7.2
 --- UTM-X: 404455 UTM-Y: 4141073 Depth: 5.5 Value: 6.445 Station: CB7.2
 --- UTM-X: 404455 UTM-Y: 4141073 Depth: 6 Value: 5.82 Station: CB7.2
 --- UTM-X: 404455 UTM-Y: 4141073 Depth: 6.5 Value: 5.46 Station: CB7.2
 --- UTM-X: 404455 UTM-Y: 4141073 Depth: 7 Value: 5.1 Station: CB7.2
 --- UTM-X: 404455 UTM-Y: 4141073 Depth: 7.5 Value: 4.895 Station: CB7.2
 --- UTM-X: 404455 UTM-Y: 4141073 Depth: 8 Value: 4.69 Station: CB7.2
 --- UTM-X: 404455 UTM-Y: 4141073 Depth: 8.5 Value: 4.68 Station: CB7.2
 --- UTM-X: 404455 UTM-Y: 4141073 Depth: 9 Value: 4.67 Station: CB7.2
 --- UTM-X: 404455 UTM-Y: 4141073 Depth: 9.5 Value: 4.635 Station: CB7.2
 --- UTM-X: 404455 UTM-Y: 4141073 Depth: 10 Value: 4.6 Station: CB7.2
 --- UTM-X: 404455 UTM-Y: 4141073 Depth: 10.5 Value: 4.545 Station: CB7.2
 --- UTM-X: 404455 UTM-Y: 4141073 Depth: 11 Value: 4.49 Station: CB7.2
 --- UTM-X: 404455 UTM-Y: 4141073 Depth: 11.5 Value: 4.485 Station: CB7.2
 --- UTM-X: 404455 UTM-Y: 4141073 Depth: 12 Value: 4.48 Station: CB7.2
 --- UTM-X: 404455 UTM-Y: 4141073 Depth: 12.5 Value: 4.475 Station: CB7.2
 --- UTM-X: 404455 UTM-Y: 4141073 Depth: 13 Value: 4.47 Station: CB7.2
 --- UTM-X: 404455 UTM-Y: 4141073 Depth: 13.5 Value: 4.455 Station: CB7.2
 --- UTM-X: 404455 UTM-Y: 4141073 Depth: 14 Value: 4.44 Station: CB7.2
 --- UTM-X: 404455 UTM-Y: 4141073 Depth: 14.5 Value: 4.44 Station: CB7.2
 --- UTM-X: 404455 UTM-Y: 4141073 Depth: 15 Value: 4.44 Station: CB7.2
 --- UTM-X: 404455 UTM-Y: 4141073 Depth: 15.5 Value: 4.445 Station: CB7.2
 --- UTM-X: 404455 UTM-Y: 4141073 Depth: 16 Value: 4.45 Station: CB7.2
 --- UTM-X: 404455 UTM-Y: 4141073 Depth: 16.5 Value: 4.455 Station: CB7.2
 --- UTM-X: 404455 UTM-Y: 4141073 Depth: 17 Value: 4.46 Station: CB7.2
 --- UTM-X: 404455 UTM-Y: 4141073 Depth: 17.5 Value: 4.475 Station: CB7.2
 --- UTM-X: 404455 UTM-Y: 4141073 Depth: 18 Value: 4.49 Station: CB7.2
 --- UTM-X: 404455 UTM-Y: 4141073 Depth: 18.5 Value: 4.495 Station: CB7.2
 --- UTM-X: 404455 UTM-Y: 4141073 Depth: 19 Value: 4.5 Station: CB7.2
 --- UTM-X: 404455 UTM-Y: 4141073 Depth: 19.5 Value: 4.505 Station: CB7.2
 --- UTM-X: 404455 UTM-Y: 4141073 Depth: 20 Value: 4.51 Station: CB7.2
 --- UTM-X: 404455 UTM-Y: 4141073 Depth: 20.5 Value: 4.515 Station: CB7.2
 --- UTM-X: 404455 UTM-Y: 4141073 Depth: 21 Value: 4.52 Station: CB7.2
 --- UTM-X: 404455 UTM-Y: 4141073 Depth: 21.5 Value: 4.54 Station: CB7.2
 --- UTM-X: 404455 UTM-Y: 4141073 Depth: 22 Value: 4.56 Station: CB7.2
 --- UTM-X: 409322 UTM-Y: 4141018 Depth: 0 Value: 7.47 Station: CB7.2E
 --- UTM-X: 409322 UTM-Y: 4141018 Depth: 0.5 Value: 7.47 Station: CB7.2E
 --- UTM-X: 409322 UTM-Y: 4141018 Depth: 1 Value: 7.47 Station: CB7.2E
 --- UTM-X: 409322 UTM-Y: 4141018 Depth: 1.5 Value: 7.365 Station: CB7.2E
 --- UTM-X: 409322 UTM-Y: 4141018 Depth: 2 Value: 7.26 Station: CB7.2E
 --- UTM-X: 409322 UTM-Y: 4141018 Depth: 2.5 Value: 7.045 Station: CB7.2E
 --- UTM-X: 409322 UTM-Y: 4141018 Depth: 3 Value: 6.83 Station: CB7.2E
 --- UTM-X: 409322 UTM-Y: 4141018 Depth: 3.5 Value: 6.51 Station: CB7.2E
 --- UTM-X: 409322 UTM-Y: 4141018 Depth: 4 Value: 6.19 Station: CB7.2E
 --- UTM-X: 409322 UTM-Y: 4141018 Depth: 4.5 Value: 5.49 Station: CB7.2E
 --- UTM-X: 409322 UTM-Y: 4141018 Depth: 5 Value: 4.79 Station: CB7.2E
 --- UTM-X: 409322 UTM-Y: 4141018 Depth: 5.5 Value: 4.795 Station: CB7.2E
 --- UTM-X: 409322 UTM-Y: 4141018 Depth: 6 Value: 4.8 Station: CB7.2E
 --- UTM-X: 409322 UTM-Y: 4141018 Depth: 6.5 Value: 4.8 Station: CB7.2E
 --- UTM-X: 409322 UTM-Y: 4141018 Depth: 7 Value: 4.8 Station: CB7.2E
 --- UTM-X: 409322 UTM-Y: 4141018 Depth: 7.5 Value: 4.805 Station: CB7.2E
 --- UTM-X: 409322 UTM-Y: 4141018 Depth: 8 Value: 4.81 Station: CB7.2E
 --- UTM-X: 409322 UTM-Y: 4141018 Depth: 8.5 Value: 4.805 Station: CB7.2E
 --- UTM-X: 409322 UTM-Y: 4141018 Depth: 9 Value: 4.8 Station: CB7.2E
 --- UTM-X: 409322 UTM-Y: 4141018 Depth: 9.5 Value: 4.775 Station: CB7.2E
 --- UTM-X: 409322 UTM-Y: 4141018 Depth: 10 Value: 4.75 Station: CB7.2E
 --- UTM-X: 409322 UTM-Y: 4141018 Depth: 10.5 Value: 4.745 Station: CB7.2E
 --- UTM-X: 409322 UTM-Y: 4141018 Depth: 11 Value: 4.74 Station: CB7.2E
 --- UTM-X: 409322 UTM-Y: 4141018 Depth: 11.5 Value: 4.74 Station: CB7.2E
 --- UTM-X: 409322 UTM-Y: 4141018 Depth: 12 Value: 4.74 Station: CB7.2E
 --- UTM-X: 409322 UTM-Y: 4141018 Depth: 12.5 Value: 4.76 Station: CB7.2E
 --- UTM-X: 409322 UTM-Y: 4141018 Depth: 13 Value: 4.78 Station: CB7.2E
 --- UTM-X: 357233 UTM-Y: 4180501 Depth: 0 Value: 5.77 Station: LE3.1
 --- UTM-X: 357233 UTM-Y: 4180501 Depth: 0.5 Value: 5.77 Station: LE3.1
 --- UTM-X: 357233 UTM-Y: 4180501 Depth: 1 Value: 5.77 Station: LE3.1
 --- UTM-X: 357233 UTM-Y: 4180501 Depth: 1.5 Value: 5.345 Station: LE3.1
 --- UTM-X: 357233 UTM-Y: 4180501 Depth: 2 Value: 4.92 Station: LE3.1
 --- UTM-X: 357233 UTM-Y: 4180501 Depth: 2.5 Value: 4.62 Station: LE3.1
 --- UTM-X: 357233 UTM-Y: 4180501 Depth: 3 Value: 4.32 Station: LE3.1
 --- UTM-X: 357233 UTM-Y: 4180501 Depth: 3.5 Value: 4.275 Station: LE3.1
 --- UTM-X: 357233 UTM-Y: 4180501 Depth: 4 Value: 4.23 Station: LE3.1
 --- UTM-X: 357233 UTM-Y: 4180501 Depth: 4.5 Value: 4.1 Station: LE3.1
 --- UTM-X: 357233 UTM-Y: 4180501 Depth: 5 Value: 3.97 Station: LE3.1
 --- UTM-X: 357233 UTM-Y: 4180501 Depth: 5.5 Value: 3.58 Station: LE3.1
 --- UTM-X: 357233 UTM-Y: 4180501 Depth: 6 Value: 3.19 Station: LE3.1
 --- UTM-X: 357233 UTM-Y: 4180501 Depth: 6.5 Value: 2.695 Station: LE3.1
 --- UTM-X: 357233 UTM-Y: 4180501 Depth: 7 Value: 2.2 Station: LE3.1
 --- UTM-X: 362940 UTM-Y: 4170384 Depth: 0 Value: 6.45 Station: LE3.2
 --- UTM-X: 362940 UTM-Y: 4170384 Depth: 0.5 Value: 6.45 Station: LE3.2
 --- UTM-X: 362940 UTM-Y: 4170384 Depth: 1 Value: 6.45 Station: LE3.2
 --- UTM-X: 362940 UTM-Y: 4170384 Depth: 1.5 Value: 6.445 Station: LE3.2
 --- UTM-X: 362940 UTM-Y: 4170384 Depth: 2 Value: 6.44 Station: LE3.2
 --- UTM-X: 362940 UTM-Y: 4170384 Depth: 2.5 Value: 6.385 Station: LE3.2
 --- UTM-X: 362940 UTM-Y: 4170384 Depth: 3 Value: 6.33 Station: LE3.2
 --- UTM-X: 362940 UTM-Y: 4170384 Depth: 3.5 Value: 6.105 Station: LE3.2
 --- UTM-X: 362940 UTM-Y: 4170384 Depth: 4 Value: 5.88 Station: LE3.2
 --- UTM-X: 362940 UTM-Y: 4170384 Depth: 4.5 Value: 5.78 Station: LE3.2
 --- UTM-X: 362940 UTM-Y: 4170384 Depth: 5 Value: 5.68 Station: LE3.2
 --- UTM-X: 362940 UTM-Y: 4170384 Depth: 5.5 Value: 5.575 Station: LE3.2
 --- UTM-X: 362940 UTM-Y: 4170384 Depth: 6 Value: 5.47 Station: LE3.2
 --- UTM-X: 362940 UTM-Y: 4170384 Depth: 6.5 Value: 4.645 Station: LE3.2
 --- UTM-X: 362940 UTM-Y: 4170384 Depth: 7 Value: 3.82 Station: LE3.2
 --- UTM-X: 362940 UTM-Y: 4170384 Depth: 7.5 Value: 2.665 Station: LE3.2
 --- UTM-X: 362940 UTM-Y: 4170384 Depth: 8 Value: 1.51 Station: LE3.2
 --- UTM-X: 362940 UTM-Y: 4170384 Depth: 8.5 Value: 0.78 Station: LE3.2
 --- UTM-X: 362940 UTM-Y: 4170384 Depth: 9 Value: 0.05 Station: LE3.2
 --- UTM-X: 362940 UTM-Y: 4170384 Depth: 9.5 Value: 0.045 Station: LE3.2
 --- UTM-X: 362940 UTM-Y: 4170384 Depth: 10 Value: 0.04 Station: LE3.2
 --- UTM-X: 362940 UTM-Y: 4170384 Depth: 10.5 Value: 0.035 Station: LE3.2
 --- UTM-X: 362940 UTM-Y: 4170384 Depth: 11 Value: 0.03 Station: LE3.2
 --- UTM-X: 362940 UTM-Y: 4170384 Depth: 11.5 Value: 0.03 Station: LE3.2
 --- UTM-X: 362940 UTM-Y: 4170384 Depth: 12 Value: 0.03 Station: LE3.2
 --- UTM-X: 362940 UTM-Y: 4170384 Depth: 12.5 Value: 0.035 Station: LE3.2
 --- UTM-X: 362940 UTM-Y: 4170384 Depth: 13 Value: 0.04 Station: LE3.2
 --- UTM-X: 362940 UTM-Y: 4170384 Depth: 13.5 Value: 0.05 Station: LE3.2
 --- UTM-X: 362940 UTM-Y: 4170384 Depth: 14 Value: 0.06 Station: LE3.2
 --- UTM-X: 362940 UTM-Y: 4170384 Depth: 14.5 Value: 0.08 Station: LE3.2
 --- UTM-X: 362940 UTM-Y: 4170384 Depth: 15 Value: 0.1 Station: LE3.2
 --- UTM-X: 370134 UTM-Y: 4172827 Depth: 0 Value: 7.22 Station: LE3.3
 --- UTM-X: 370134 UTM-Y: 4172827 Depth: 0.5 Value: 7.22 Station: LE3.3
 --- UTM-X: 370134 UTM-Y: 4172827 Depth: 1 Value: 7.22 Station: LE3.3
 --- UTM-X: 370134 UTM-Y: 4172827 Depth: 1.5 Value: 7.075 Station: LE3.3
 --- UTM-X: 370134 UTM-Y: 4172827 Depth: 2 Value: 6.93 Station: LE3.3
 --- UTM-X: 370134 UTM-Y: 4172827 Depth: 2.5 Value: 6.875 Station: LE3.3
 --- UTM-X: 370134 UTM-Y: 4172827 Depth: 3 Value: 6.82 Station: LE3.3
 --- UTM-X: 370134 UTM-Y: 4172827 Depth: 3.5 Value: 6.57 Station: LE3.3
 --- UTM-X: 370134 UTM-Y: 4172827 Depth: 4 Value: 6.32 Station: LE3.3
 --- UTM-X: 370134 UTM-Y: 4172827 Depth: 4.5 Value: 5.815 Station: LE3.3
 --- UTM-X: 370134 UTM-Y: 4172827 Depth: 5 Value: 5.31 Station: LE3.3
 --- UTM-X: 370912 UTM-Y: 4166156 Depth: 0 Value: 8.22 Station: LE3.4
 --- UTM-X: 370912 UTM-Y: 4166156 Depth: 0.5 Value: 8.22 Station: LE3.4
 --- UTM-X: 370912 UTM-Y: 4166156 Depth: 1 Value: 8.22 Station: LE3.4
 --- UTM-X: 370912 UTM-Y: 4166156 Depth: 1.5 Value: 7.98 Station: LE3.4
 --- UTM-X: 370912 UTM-Y: 4166156 Depth: 2 Value: 7.74 Station: LE3.4
 --- UTM-X: 370912 UTM-Y: 4166156 Depth: 2.5 Value: 7.7 Station: LE3.4
 --- UTM-X: 370912 UTM-Y: 4166156 Depth: 3 Value: 7.66 Station: LE3.4
 --- UTM-X: 370912 UTM-Y: 4166156 Depth: 3.5 Value: 7.575 Station: LE3.4
 --- UTM-X: 370912 UTM-Y: 4166156 Depth: 4 Value: 7.49 Station: LE3.4
 --- UTM-X: 370912 UTM-Y: 4166156 Depth: 4.5 Value: 7.29 Station: LE3.4
 --- UTM-X: 370912 UTM-Y: 4166156 Depth: 5 Value: 7.09 Station: LE3.4
 --- UTM-X: 370912 UTM-Y: 4166156 Depth: 5.5 Value: 6.805 Station: LE3.4
 --- UTM-X: 370912 UTM-Y: 4166156 Depth: 6 Value: 6.52 Station: LE3.4
 --- UTM-X: 370912 UTM-Y: 4166156 Depth: 6.5 Value: 4.885 Station: LE3.4
 --- UTM-X: 370912 UTM-Y: 4166156 Depth: 7 Value: 3.25 Station: LE3.4
 --- UTM-X: 370912 UTM-Y: 4166156 Depth: 7.5 Value: 2.355 Station: LE3.4
 --- UTM-X: 370912 UTM-Y: 4166156 Depth: 8 Value: 1.46 Station: LE3.4
 --- UTM-X: 370912 UTM-Y: 4166156 Depth: 8.5 Value: 0.925 Station: LE3.4
 --- UTM-X: 370912 UTM-Y: 4166156 Depth: 9 Value: 0.39 Station: LE3.4
 --- UTM-X: 370912 UTM-Y: 4166156 Depth: 9.5 Value: 0.23 Station: LE3.4
 --- UTM-X: 370912 UTM-Y: 4166156 Depth: 10 Value: 0.07 Station: LE3.4
 --- UTM-X: 370912 UTM-Y: 4166156 Depth: 10.5 Value: 0.055 Station: LE3.4
 --- UTM-X: 370912 UTM-Y: 4166156 Depth: 11 Value: 0.04 Station: LE3.4
 --- UTM-X: 370912 UTM-Y: 4166156 Depth: 11.5 Value: 0.04 Station: LE3.4
 --- UTM-X: 370912 UTM-Y: 4166156 Depth: 12 Value: 0.04 Station: LE3.4
 --- UTM-X: 370912 UTM-Y: 4166156 Depth: 12.5 Value: 0.04 Station: LE3.4
 --- UTM-X: 370912 UTM-Y: 4166156 Depth: 13 Value: 0.04 Station: LE3.4
 --- UTM-X: 370912 UTM-Y: 4166156 Depth: 13.5 Value: 0.045 Station: LE3.4
 --- UTM-X: 370912 UTM-Y: 4166156 Depth: 14 Value: 0.05 Station: LE3.4
 --- UTM-X: 370912 UTM-Y: 4166156 Depth: 14.5 Value: 0.07 Station: LE3.4
 --- UTM-X: 370912 UTM-Y: 4166156 Depth: 15 Value: 0.09 Station: LE3.4
 --- UTM-X: 386593 UTM-Y: 4161856 Depth: 0 Value: 7.08 Station: LE3.6
 --- UTM-X: 386593 UTM-Y: 4161856 Depth: 0.5 Value: 7.08 Station: LE3.6
 --- UTM-X: 386593 UTM-Y: 4161856 Depth: 1 Value: 7.08 Station: LE3.6
 --- UTM-X: 386593 UTM-Y: 4161856 Depth: 1.5 Value: 7.065 Station: LE3.6
 --- UTM-X: 386593 UTM-Y: 4161856 Depth: 2 Value: 7.05 Station: LE3.6
 --- UTM-X: 386593 UTM-Y: 4161856 Depth: 2.5 Value: 6.99 Station: LE3.6
 --- UTM-X: 386593 UTM-Y: 4161856 Depth: 3 Value: 6.93 Station: LE3.6
 --- UTM-X: 386593 UTM-Y: 4161856 Depth: 3.5 Value: 6.595 Station: LE3.6
 --- UTM-X: 386593 UTM-Y: 4161856 Depth: 4 Value: 6.26 Station: LE3.6
 --- UTM-X: 386593 UTM-Y: 4161856 Depth: 4.5 Value: 6.21 Station: LE3.6
 --- UTM-X: 386593 UTM-Y: 4161856 Depth: 5 Value: 6.16 Station: LE3.6
 --- UTM-X: 386593 UTM-Y: 4161856 Depth: 5.5 Value: 5.505 Station: LE3.6
 --- UTM-X: 386593 UTM-Y: 4161856 Depth: 6 Value: 4.85 Station: LE3.6
 --- UTM-X: 386593 UTM-Y: 4161856 Depth: 6.5 Value: 4.105 Station: LE3.6
 --- UTM-X: 386593 UTM-Y: 4161856 Depth: 7 Value: 3.36 Station: LE3.6
 --- UTM-X: 386593 UTM-Y: 4161856 Depth: 7.5 Value: 2.895 Station: LE3.6
 --- UTM-X: 386593 UTM-Y: 4161856 Depth: 8 Value: 2.43 Station: LE3.6
 --- UTM-X: 384553 UTM-Y: 4154548 Depth: 0 Value: 7.3 Station: LE3.7
 --- UTM-X: 384553 UTM-Y: 4154548 Depth: 0.5 Value: 7.3 Station: LE3.7
 --- UTM-X: 384553 UTM-Y: 4154548 Depth: 1 Value: 7.3 Station: LE3.7
 --- UTM-X: 384553 UTM-Y: 4154548 Depth: 1.5 Value: 6.81 Station: LE3.7
 --- UTM-X: 384553 UTM-Y: 4154548 Depth: 2 Value: 6.32 Station: LE3.7
 --- UTM-X: 384553 UTM-Y: 4154548 Depth: 2.5 Value: 6.2 Station: LE3.7
 --- UTM-X: 384553 UTM-Y: 4154548 Depth: 3 Value: 6.08 Station: LE3.7
 --- UTM-X: 384553 UTM-Y: 4154548 Depth: 3.5 Value: 5.865 Station: LE3.7
 --- UTM-X: 384553 UTM-Y: 4154548 Depth: 4 Value: 5.65 Station: LE3.7
 --- UTM-X: 384553 UTM-Y: 4154548 Depth: 4.5 Value: 5.355 Station: LE3.7
 --- UTM-X: 384553 UTM-Y: 4154548 Depth: 5 Value: 5.06 Station: LE3.7
 --- UTM-X: 339910 UTM-Y: 4198518 Depth: 0 Value: 7.09 Station: RET3.1
 --- UTM-X: 339910 UTM-Y: 4198518 Depth: 0.5 Value: 7.09 Station: RET3.1
 --- UTM-X: 339910 UTM-Y: 4198518 Depth: 1 Value: 7.09 Station: RET3.1
 --- UTM-X: 339910 UTM-Y: 4198518 Depth: 1.5 Value: 6.72 Station: RET3.1
 --- UTM-X: 339910 UTM-Y: 4198518 Depth: 2 Value: 6.35 Station: RET3.1
 --- UTM-X: 339910 UTM-Y: 4198518 Depth: 2.5 Value: 6.46 Station: RET3.1
 --- UTM-X: 339910 UTM-Y: 4198518 Depth: 3 Value: 6.57 Station: RET3.1
 --- UTM-X: 339910 UTM-Y: 4198518 Depth: 3.5 Value: 6.645 Station: RET3.1
 --- UTM-X: 339910 UTM-Y: 4198518 Depth: 4 Value: 6.72 Station: RET3.1
 --- UTM-X: 339910 UTM-Y: 4198518 Depth: 4.5 Value: 6.95 Station: RET3.1
 --- UTM-X: 339910 UTM-Y: 4198518 Depth: 5 Value: 7.18 Station: RET3.1
 --- UTM-X: 349206 UTM-Y: 4185947 Depth: 0 Value: 4.88 Station: RET3.2
 --- UTM-X: 349206 UTM-Y: 4185947 Depth: 0.5 Value: 4.88 Station: RET3.2
 --- UTM-X: 349206 UTM-Y: 4185947 Depth: 1 Value: 4.88 Station: RET3.2
 --- UTM-X: 349206 UTM-Y: 4185947 Depth: 1.5 Value: 4.7 Station: RET3.2
 --- UTM-X: 349206 UTM-Y: 4185947 Depth: 2 Value: 4.52 Station: RET3.2
 --- UTM-X: 349206 UTM-Y: 4185947 Depth: 2.5 Value: 4.42 Station: RET3.2
 --- UTM-X: 349206 UTM-Y: 4185947 Depth: 3 Value: 4.32 Station: RET3.2
 --- UTM-X: 349206 UTM-Y: 4185947 Depth: 3.5 Value: 4.195 Station: RET3.2
 --- UTM-X: 349206 UTM-Y: 4185947 Depth: 4 Value: 4.07 Station: RET3.2
 --- UTM-X: 349206 UTM-Y: 4185947 Depth: 4.5 Value: 3.94 Station: RET3.2
 --- UTM-X: 349206 UTM-Y: 4185947 Depth: 5 Value: 3.81 Station: RET3.2
 --- UTM-X: 308318 UTM-Y: 4227479 Depth: 0 Value: 3.87 Station: TF3.2
 --- UTM-X: 308318 UTM-Y: 4227479 Depth: 0.5 Value: 3.87 Station: TF3.2
 --- UTM-X: 308318 UTM-Y: 4227479 Depth: 1 Value: 3.87 Station: TF3.2
 --- UTM-X: 308318 UTM-Y: 4227479 Depth: 1.5 Value: 3.845 Station: TF3.2
 --- UTM-X: 308318 UTM-Y: 4227479 Depth: 2 Value: 3.82 Station: TF3.2
 --- UTM-X: 308318 UTM-Y: 4227479 Depth: 2.5 Value: 3.815 Station: TF3.2
 --- UTM-X: 308318 UTM-Y: 4227479 Depth: 3 Value: 3.81 Station: TF3.2
 --- UTM-X: 308318 UTM-Y: 4227479 Depth: 3.5 Value: 3.8 Station: TF3.2
 --- UTM-X: 308318 UTM-Y: 4227479 Depth: 4 Value: 3.79 Station: TF3.2
 --- UTM-X: 308318 UTM-Y: 4227479 Depth: 4.5 Value: 3.785 Station: TF3.2
 --- UTM-X: 308318 UTM-Y: 4227479 Depth: 5 Value: 3.78 Station: TF3.2
 --- UTM-X: 308318 UTM-Y: 4227479 Depth: 5.5 Value: 3.77 Station: TF3.2
 --- UTM-X: 308318 UTM-Y: 4227479 Depth: 6 Value: 3.76 Station: TF3.2
 --- UTM-X: 308318 UTM-Y: 4227479 Depth: 6.5 Value: 3.765 Station: TF3.2
 --- UTM-X: 308318 UTM-Y: 4227479 Depth: 7 Value: 3.77 Station: TF3.2
 --- UTM-X: 308318 UTM-Y: 4227479 Depth: 7.5 Value: 3.775 Station: TF3.2
 --- UTM-X: 308318 UTM-Y: 4227479 Depth: 8 Value: 3.78 Station: TF3.2
 --- UTM-X: 320112 UTM-Y: 4220239 Depth: 0 Value: 8.31 Station: TF3.2A
 --- UTM-X: 320112 UTM-Y: 4220239 Depth: 0.5 Value: 8.31 Station: TF3.2A
 --- UTM-X: 320112 UTM-Y: 4220239 Depth: 1 Value: 8.31 Station: TF3.2A
 --- UTM-X: 320112 UTM-Y: 4220239 Depth: 1.5 Value: 8.295 Station: TF3.2A
 --- UTM-X: 320112 UTM-Y: 4220239 Depth: 2 Value: 8.28 Station: TF3.2A
 --- UTM-X: 320112 UTM-Y: 4220239 Depth: 2.5 Value: 8.265 Station: TF3.2A
 --- UTM-X: 320112 UTM-Y: 4220239 Depth: 3 Value: 8.25 Station: TF3.2A
 --- UTM-X: 320112 UTM-Y: 4220239 Depth: 3.5 Value: 8.245 Station: TF3.2A
 --- UTM-X: 320112 UTM-Y: 4220239 Depth: 4 Value: 8.24 Station: TF3.2A
 --- UTM-X: 320112 UTM-Y: 4220239 Depth: 4.5 Value: 8.23 Station: TF3.2A
 --- UTM-X: 320112 UTM-Y: 4220239 Depth: 5 Value: 8.22 Station: TF3.2A
 --- UTM-X: 332516 UTM-Y: 4209613 Depth: 0 Value: 6.73 Station: TF3.3
 --- UTM-X: 332516 UTM-Y: 4209613 Depth: 0.5 Value: 6.73 Station: TF3.3
 --- UTM-X: 332516 UTM-Y: 4209613 Depth: 1 Value: 6.73 Station: TF3.3
 --- UTM-X: 332516 UTM-Y: 4209613 Depth: 1.5 Value: 6.345 Station: TF3.3
 --- UTM-X: 332516 UTM-Y: 4209613 Depth: 2 Value: 5.96 Station: TF3.3
 --- UTM-X: 332516 UTM-Y: 4209613 Depth: 2.5 Value: 5.885 Station: TF3.3
 --- UTM-X: 332516 UTM-Y: 4209613 Depth: 3 Value: 5.81 Station: TF3.3
 --- UTM-X: 332516 UTM-Y: 4209613 Depth: 3.5 Value: 5.78 Station: TF3.3
 --- UTM-X: 332516 UTM-Y: 4209613 Depth: 4 Value: 5.75 Station: TF3.3
 --- UTM-X: 332516 UTM-Y: 4209613 Depth: 4.5 Value: 5.72 Station: TF3.3
 --- UTM-X: 332516 UTM-Y: 4209613 Depth: 5 Value: 5.69 Station: TF3.3
 --- UTM-X: 332516 UTM-Y: 4209613 Depth: 5.5 Value: 5.67 Station: TF3.3
 --- UTM-X: 332516 UTM-Y: 4209613 Depth: 6 Value: 5.65 Station: TF3.3
 --- UTM-X: 332516 UTM-Y: 4209613 Depth: 6.5 Value: 5.635 Station: TF3.3
 --- UTM-X: 332516 UTM-Y: 4209613 Depth: 7 Value: 5.62 Station: TF3.3
 --- 5929 cells were interpolated in region RPPMH.  Subtotal: 176297 total cells.
 ---- Region was calculated in 0 seconds. Segment volume (m^3) = 1482250000
 
 - Bathymetry Region ID: 1057  Region Name: CRRMH  Data Points: 90 in data region 1057
 -- Cell Size  E-W: 250  N-S: 250  Vertical: 1
 --- Data in Region ---
 --- UTM-X: 362940 UTM-Y: 4170384 Depth: 0 Value: 6.45 Station: LE3.2
 --- UTM-X: 362940 UTM-Y: 4170384 Depth: 0.5 Value: 6.45 Station: LE3.2
 --- UTM-X: 362940 UTM-Y: 4170384 Depth: 1 Value: 6.45 Station: LE3.2
 --- UTM-X: 362940 UTM-Y: 4170384 Depth: 1.5 Value: 6.445 Station: LE3.2
 --- UTM-X: 362940 UTM-Y: 4170384 Depth: 2 Value: 6.44 Station: LE3.2
 --- UTM-X: 362940 UTM-Y: 4170384 Depth: 2.5 Value: 6.385 Station: LE3.2
 --- UTM-X: 362940 UTM-Y: 4170384 Depth: 3 Value: 6.33 Station: LE3.2
 --- UTM-X: 362940 UTM-Y: 4170384 Depth: 3.5 Value: 6.105 Station: LE3.2
 --- UTM-X: 362940 UTM-Y: 4170384 Depth: 4 Value: 5.88 Station: LE3.2
 --- UTM-X: 362940 UTM-Y: 4170384 Depth: 4.5 Value: 5.78 Station: LE3.2
 --- UTM-X: 362940 UTM-Y: 4170384 Depth: 5 Value: 5.68 Station: LE3.2
 --- UTM-X: 362940 UTM-Y: 4170384 Depth: 5.5 Value: 5.575 Station: LE3.2
 --- UTM-X: 362940 UTM-Y: 4170384 Depth: 6 Value: 5.47 Station: LE3.2
 --- UTM-X: 362940 UTM-Y: 4170384 Depth: 6.5 Value: 4.645 Station: LE3.2
 --- UTM-X: 362940 UTM-Y: 4170384 Depth: 7 Value: 3.82 Station: LE3.2
 --- UTM-X: 362940 UTM-Y: 4170384 Depth: 7.5 Value: 2.665 Station: LE3.2
 --- UTM-X: 362940 UTM-Y: 4170384 Depth: 8 Value: 1.51 Station: LE3.2
 --- UTM-X: 362940 UTM-Y: 4170384 Depth: 8.5 Value: 0.78 Station: LE3.2
 --- UTM-X: 362940 UTM-Y: 4170384 Depth: 9 Value: 0.05 Station: LE3.2
 --- UTM-X: 362940 UTM-Y: 4170384 Depth: 9.5 Value: 0.045 Station: LE3.2
 --- UTM-X: 362940 UTM-Y: 4170384 Depth: 10 Value: 0.04 Station: LE3.2
 --- UTM-X: 362940 UTM-Y: 4170384 Depth: 10.5 Value: 0.035 Station: LE3.2
 --- UTM-X: 362940 UTM-Y: 4170384 Depth: 11 Value: 0.03 Station: LE3.2
 --- UTM-X: 362940 UTM-Y: 4170384 Depth: 11.5 Value: 0.03 Station: LE3.2
 --- UTM-X: 362940 UTM-Y: 4170384 Depth: 12 Value: 0.03 Station: LE3.2
 --- UTM-X: 362940 UTM-Y: 4170384 Depth: 12.5 Value: 0.035 Station: LE3.2
 --- UTM-X: 362940 UTM-Y: 4170384 Depth: 13 Value: 0.04 Station: LE3.2
 --- UTM-X: 362940 UTM-Y: 4170384 Depth: 13.5 Value: 0.05 Station: LE3.2
 --- UTM-X: 362940 UTM-Y: 4170384 Depth: 14 Value: 0.06 Station: LE3.2
 --- UTM-X: 362940 UTM-Y: 4170384 Depth: 14.5 Value: 0.08 Station: LE3.2
 --- UTM-X: 362940 UTM-Y: 4170384 Depth: 15 Value: 0.1 Station: LE3.2
 --- UTM-X: 370134 UTM-Y: 4172827 Depth: 0 Value: 7.22 Station: LE3.3
 --- UTM-X: 370134 UTM-Y: 4172827 Depth: 0.5 Value: 7.22 Station: LE3.3
 --- UTM-X: 370134 UTM-Y: 4172827 Depth: 1 Value: 7.22 Station: LE3.3
 --- UTM-X: 370134 UTM-Y: 4172827 Depth: 1.5 Value: 7.075 Station: LE3.3
 --- UTM-X: 370134 UTM-Y: 4172827 Depth: 2 Value: 6.93 Station: LE3.3
 --- UTM-X: 370134 UTM-Y: 4172827 Depth: 2.5 Value: 6.875 Station: LE3.3
 --- UTM-X: 370134 UTM-Y: 4172827 Depth: 3 Value: 6.82 Station: LE3.3
 --- UTM-X: 370134 UTM-Y: 4172827 Depth: 3.5 Value: 6.57 Station: LE3.3
 --- UTM-X: 370134 UTM-Y: 4172827 Depth: 4 Value: 6.32 Station: LE3.3
 --- UTM-X: 370134 UTM-Y: 4172827 Depth: 4.5 Value: 5.815 Station: LE3.3
 --- UTM-X: 370134 UTM-Y: 4172827 Depth: 5 Value: 5.31 Station: LE3.3
 --- UTM-X: 370912 UTM-Y: 4166156 Depth: 0 Value: 8.22 Station: LE3.4
 --- UTM-X: 370912 UTM-Y: 4166156 Depth: 0.5 Value: 8.22 Station: LE3.4
 --- UTM-X: 370912 UTM-Y: 4166156 Depth: 1 Value: 8.22 Station: LE3.4
 --- UTM-X: 370912 UTM-Y: 4166156 Depth: 1.5 Value: 7.98 Station: LE3.4
 --- UTM-X: 370912 UTM-Y: 4166156 Depth: 2 Value: 7.74 Station: LE3.4
 --- UTM-X: 370912 UTM-Y: 4166156 Depth: 2.5 Value: 7.7 Station: LE3.4
 --- UTM-X: 370912 UTM-Y: 4166156 Depth: 3 Value: 7.66 Station: LE3.4
 --- UTM-X: 370912 UTM-Y: 4166156 Depth: 3.5 Value: 7.575 Station: LE3.4
 --- UTM-X: 370912 UTM-Y: 4166156 Depth: 4 Value: 7.49 Station: LE3.4
 --- UTM-X: 370912 UTM-Y: 4166156 Depth: 4.5 Value: 7.29 Station: LE3.4
 --- UTM-X: 370912 UTM-Y: 4166156 Depth: 5 Value: 7.09 Station: LE3.4
 --- UTM-X: 370912 UTM-Y: 4166156 Depth: 5.5 Value: 6.805 Station: LE3.4
 --- UTM-X: 370912 UTM-Y: 4166156 Depth: 6 Value: 6.52 Station: LE3.4
 --- UTM-X: 370912 UTM-Y: 4166156 Depth: 6.5 Value: 4.885 Station: LE3.4
 --- UTM-X: 370912 UTM-Y: 4166156 Depth: 7 Value: 3.25 Station: LE3.4
 --- UTM-X: 370912 UTM-Y: 4166156 Depth: 7.5 Value: 2.355 Station: LE3.4
 --- UTM-X: 370912 UTM-Y: 4166156 Depth: 8 Value: 1.46 Station: LE3.4
 --- UTM-X: 370912 UTM-Y: 4166156 Depth: 8.5 Value: 0.925 Station: LE3.4
 --- UTM-X: 370912 UTM-Y: 4166156 Depth: 9 Value: 0.39 Station: LE3.4
 --- UTM-X: 370912 UTM-Y: 4166156 Depth: 9.5 Value: 0.23 Station: LE3.4
 --- UTM-X: 370912 UTM-Y: 4166156 Depth: 10 Value: 0.07 Station: LE3.4
 --- UTM-X: 370912 UTM-Y: 4166156 Depth: 10.5 Value: 0.055 Station: LE3.4
 --- UTM-X: 370912 UTM-Y: 4166156 Depth: 11 Value: 0.04 Station: LE3.4
 --- UTM-X: 370912 UTM-Y: 4166156 Depth: 11.5 Value: 0.04 Station: LE3.4
 --- UTM-X: 370912 UTM-Y: 4166156 Depth: 12 Value: 0.04 Station: LE3.4
 --- UTM-X: 370912 UTM-Y: 4166156 Depth: 12.5 Value: 0.04 Station: LE3.4
 --- UTM-X: 370912 UTM-Y: 4166156 Depth: 13 Value: 0.04 Station: LE3.4
 --- UTM-X: 370912 UTM-Y: 4166156 Depth: 13.5 Value: 0.045 Station: LE3.4
 --- UTM-X: 370912 UTM-Y: 4166156 Depth: 14 Value: 0.05 Station: LE3.4
 --- UTM-X: 370912 UTM-Y: 4166156 Depth: 14.5 Value: 0.07 Station: LE3.4
 --- UTM-X: 370912 UTM-Y: 4166156 Depth: 15 Value: 0.09 Station: LE3.4
 --- UTM-X: 386593 UTM-Y: 4161856 Depth: 0 Value: 7.08 Station: LE3.6
 --- UTM-X: 386593 UTM-Y: 4161856 Depth: 0.5 Value: 7.08 Station: LE3.6
 --- UTM-X: 386593 UTM-Y: 4161856 Depth: 1 Value: 7.08 Station: LE3.6
 --- UTM-X: 386593 UTM-Y: 4161856 Depth: 1.5 Value: 7.065 Station: LE3.6
 --- UTM-X: 386593 UTM-Y: 4161856 Depth: 2 Value: 7.05 Station: LE3.6
 --- UTM-X: 386593 UTM-Y: 4161856 Depth: 2.5 Value: 6.99 Station: LE3.6
 --- UTM-X: 386593 UTM-Y: 4161856 Depth: 3 Value: 6.93 Station: LE3.6
 --- UTM-X: 386593 UTM-Y: 4161856 Depth: 3.5 Value: 6.595 Station: LE3.6
 --- UTM-X: 386593 UTM-Y: 4161856 Depth: 4 Value: 6.26 Station: LE3.6
 --- UTM-X: 386593 UTM-Y: 4161856 Depth: 4.5 Value: 6.21 Station: LE3.6
 --- UTM-X: 386593 UTM-Y: 4161856 Depth: 5 Value: 6.16 Station: LE3.6
 --- UTM-X: 386593 UTM-Y: 4161856 Depth: 5.5 Value: 5.505 Station: LE3.6
 --- UTM-X: 386593 UTM-Y: 4161856 Depth: 6 Value: 4.85 Station: LE3.6
 --- UTM-X: 386593 UTM-Y: 4161856 Depth: 6.5 Value: 4.105 Station: LE3.6
 --- UTM-X: 386593 UTM-Y: 4161856 Depth: 7 Value: 3.36 Station: LE3.6
 --- UTM-X: 386593 UTM-Y: 4161856 Depth: 7.5 Value: 2.895 Station: LE3.6
 --- UTM-X: 386593 UTM-Y: 4161856 Depth: 8 Value: 2.43 Station: LE3.6
 --- 1051 cells were interpolated in region CRRMH.  Subtotal: 177348 total cells.
 ---- Region was calculated in 0 seconds. Segment volume (m^3) = 65687500
 
 - Bathymetry Region ID: 1058  Region Name: PIAMH  Data Points: 196 in data region 1058
 -- Cell Size  E-W: 250  N-S: 250  Vertical: 1
 --- Data in Region ---
 --- UTM-X: 397396 UTM-Y: 4160791 Depth: 0 Value: 7.62 Station: CB6.1
 --- UTM-X: 397396 UTM-Y: 4160791 Depth: 0.5 Value: 7.62 Station: CB6.1
 --- UTM-X: 397396 UTM-Y: 4160791 Depth: 1 Value: 7.62 Station: CB6.1
 --- UTM-X: 397396 UTM-Y: 4160791 Depth: 1.5 Value: 7.63 Station: CB6.1
 --- UTM-X: 397396 UTM-Y: 4160791 Depth: 2 Value: 7.64 Station: CB6.1
 --- UTM-X: 397396 UTM-Y: 4160791 Depth: 2.5 Value: 7.55 Station: CB6.1
 --- UTM-X: 397396 UTM-Y: 4160791 Depth: 3 Value: 7.46 Station: CB6.1
 --- UTM-X: 397396 UTM-Y: 4160791 Depth: 3.5 Value: 7.4 Station: CB6.1
 --- UTM-X: 397396 UTM-Y: 4160791 Depth: 4 Value: 7.34 Station: CB6.1
 --- UTM-X: 397396 UTM-Y: 4160791 Depth: 4.5 Value: 7.29 Station: CB6.1
 --- UTM-X: 397396 UTM-Y: 4160791 Depth: 5 Value: 7.24 Station: CB6.1
 --- UTM-X: 397396 UTM-Y: 4160791 Depth: 5.5 Value: 6.965 Station: CB6.1
 --- UTM-X: 397396 UTM-Y: 4160791 Depth: 6 Value: 6.69 Station: CB6.1
 --- UTM-X: 397396 UTM-Y: 4160791 Depth: 6.5 Value: 4.68 Station: CB6.1
 --- UTM-X: 397396 UTM-Y: 4160791 Depth: 7 Value: 2.67 Station: CB6.1
 --- UTM-X: 397396 UTM-Y: 4160791 Depth: 7.5 Value: 1.82 Station: CB6.1
 --- UTM-X: 397396 UTM-Y: 4160791 Depth: 8 Value: 0.97 Station: CB6.1
 --- UTM-X: 397396 UTM-Y: 4160791 Depth: 8.5 Value: 0.95 Station: CB6.1
 --- UTM-X: 397396 UTM-Y: 4160791 Depth: 9 Value: 0.93 Station: CB6.1
 --- UTM-X: 397396 UTM-Y: 4160791 Depth: 9.5 Value: 0.96 Station: CB6.1
 --- UTM-X: 397396 UTM-Y: 4160791 Depth: 10 Value: 0.99 Station: CB6.1
 --- UTM-X: 397396 UTM-Y: 4160791 Depth: 10.5 Value: 1.035 Station: CB6.1
 --- UTM-X: 397396 UTM-Y: 4160791 Depth: 11 Value: 1.08 Station: CB6.1
 --- UTM-X: 397772 UTM-Y: 4149505 Depth: 0 Value: 6.74 Station: CB6.2
 --- UTM-X: 397772 UTM-Y: 4149505 Depth: 0.5 Value: 6.74 Station: CB6.2
 --- UTM-X: 397772 UTM-Y: 4149505 Depth: 1 Value: 6.74 Station: CB6.2
 --- UTM-X: 397772 UTM-Y: 4149505 Depth: 1.5 Value: 6.71 Station: CB6.2
 --- UTM-X: 397772 UTM-Y: 4149505 Depth: 2 Value: 6.68 Station: CB6.2
 --- UTM-X: 397772 UTM-Y: 4149505 Depth: 2.5 Value: 6.53 Station: CB6.2
 --- UTM-X: 397772 UTM-Y: 4149505 Depth: 3 Value: 6.38 Station: CB6.2
 --- UTM-X: 397772 UTM-Y: 4149505 Depth: 3.5 Value: 6.195 Station: CB6.2
 --- UTM-X: 397772 UTM-Y: 4149505 Depth: 4 Value: 6.01 Station: CB6.2
 --- UTM-X: 397772 UTM-Y: 4149505 Depth: 4.5 Value: 5.895 Station: CB6.2
 --- UTM-X: 397772 UTM-Y: 4149505 Depth: 5 Value: 5.78 Station: CB6.2
 --- UTM-X: 397772 UTM-Y: 4149505 Depth: 5.5 Value: 5.71 Station: CB6.2
 --- UTM-X: 397772 UTM-Y: 4149505 Depth: 6 Value: 5.64 Station: CB6.2
 --- UTM-X: 397772 UTM-Y: 4149505 Depth: 6.5 Value: 5.11 Station: CB6.2
 --- UTM-X: 397772 UTM-Y: 4149505 Depth: 7 Value: 4.58 Station: CB6.2
 --- UTM-X: 397772 UTM-Y: 4149505 Depth: 7.5 Value: 3.17 Station: CB6.2
 --- UTM-X: 397772 UTM-Y: 4149505 Depth: 8 Value: 1.76 Station: CB6.2
 --- UTM-X: 397772 UTM-Y: 4149505 Depth: 8.5 Value: 1.6 Station: CB6.2
 --- UTM-X: 397772 UTM-Y: 4149505 Depth: 9 Value: 1.44 Station: CB6.2
 --- UTM-X: 397375 UTM-Y: 4141157 Depth: 0 Value: 7.52 Station: CB6.3
 --- UTM-X: 397375 UTM-Y: 4141157 Depth: 0.5 Value: 7.52 Station: CB6.3
 --- UTM-X: 397375 UTM-Y: 4141157 Depth: 1 Value: 7.52 Station: CB6.3
 --- UTM-X: 397375 UTM-Y: 4141157 Depth: 1.5 Value: 7.54 Station: CB6.3
 --- UTM-X: 397375 UTM-Y: 4141157 Depth: 2 Value: 7.56 Station: CB6.3
 --- UTM-X: 397375 UTM-Y: 4141157 Depth: 2.5 Value: 7.49 Station: CB6.3
 --- UTM-X: 397375 UTM-Y: 4141157 Depth: 3 Value: 7.42 Station: CB6.3
 --- UTM-X: 397375 UTM-Y: 4141157 Depth: 3.5 Value: 7.265 Station: CB6.3
 --- UTM-X: 397375 UTM-Y: 4141157 Depth: 4 Value: 7.11 Station: CB6.3
 --- UTM-X: 397375 UTM-Y: 4141157 Depth: 4.5 Value: 6.825 Station: CB6.3
 --- UTM-X: 397375 UTM-Y: 4141157 Depth: 5 Value: 6.54 Station: CB6.3
 --- UTM-X: 397375 UTM-Y: 4141157 Depth: 5.5 Value: 5.855 Station: CB6.3
 --- UTM-X: 397375 UTM-Y: 4141157 Depth: 6 Value: 5.17 Station: CB6.3
 --- UTM-X: 397375 UTM-Y: 4141157 Depth: 6.5 Value: 4.85 Station: CB6.3
 --- UTM-X: 397375 UTM-Y: 4141157 Depth: 7 Value: 4.53 Station: CB6.3
 --- UTM-X: 397375 UTM-Y: 4141157 Depth: 7.5 Value: 4.185 Station: CB6.3
 --- UTM-X: 397375 UTM-Y: 4141157 Depth: 8 Value: 3.84 Station: CB6.3
 --- UTM-X: 397375 UTM-Y: 4141157 Depth: 8.5 Value: 3.265 Station: CB6.3
 --- UTM-X: 397375 UTM-Y: 4141157 Depth: 9 Value: 2.69 Station: CB6.3
 --- UTM-X: 397375 UTM-Y: 4141157 Depth: 9.5 Value: 2.83 Station: CB6.3
 --- UTM-X: 397375 UTM-Y: 4141157 Depth: 10 Value: 2.97 Station: CB6.3
 --- UTM-X: 406584 UTM-Y: 4159881 Depth: 0 Value: 8.11 Station: CB7.1S
 --- UTM-X: 406584 UTM-Y: 4159881 Depth: 0.5 Value: 8.11 Station: CB7.1S
 --- UTM-X: 406584 UTM-Y: 4159881 Depth: 1 Value: 8.11 Station: CB7.1S
 --- UTM-X: 406584 UTM-Y: 4159881 Depth: 1.5 Value: 8.165 Station: CB7.1S
 --- UTM-X: 406584 UTM-Y: 4159881 Depth: 2 Value: 8.22 Station: CB7.1S
 --- UTM-X: 406584 UTM-Y: 4159881 Depth: 2.5 Value: 7.98 Station: CB7.1S
 --- UTM-X: 406584 UTM-Y: 4159881 Depth: 3 Value: 7.74 Station: CB7.1S
 --- UTM-X: 406584 UTM-Y: 4159881 Depth: 3.5 Value: 7.58 Station: CB7.1S
 --- UTM-X: 406584 UTM-Y: 4159881 Depth: 4 Value: 7.42 Station: CB7.1S
 --- UTM-X: 406584 UTM-Y: 4159881 Depth: 4.5 Value: 7.325 Station: CB7.1S
 --- UTM-X: 406584 UTM-Y: 4159881 Depth: 5 Value: 7.23 Station: CB7.1S
 --- UTM-X: 406584 UTM-Y: 4159881 Depth: 5.5 Value: 7.01 Station: CB7.1S
 --- UTM-X: 406584 UTM-Y: 4159881 Depth: 6 Value: 6.79 Station: CB7.1S
 --- UTM-X: 406584 UTM-Y: 4159881 Depth: 6.5 Value: 5.48 Station: CB7.1S
 --- UTM-X: 406584 UTM-Y: 4159881 Depth: 7 Value: 4.17 Station: CB7.1S
 --- UTM-X: 406584 UTM-Y: 4159881 Depth: 7.5 Value: 4.135 Station: CB7.1S
 --- UTM-X: 406584 UTM-Y: 4159881 Depth: 8 Value: 4.1 Station: CB7.1S
 --- UTM-X: 406584 UTM-Y: 4159881 Depth: 8.5 Value: 4.09 Station: CB7.1S
 --- UTM-X: 406584 UTM-Y: 4159881 Depth: 9 Value: 4.08 Station: CB7.1S
 --- UTM-X: 406584 UTM-Y: 4159881 Depth: 9.5 Value: 4.015 Station: CB7.1S
 --- UTM-X: 406584 UTM-Y: 4159881 Depth: 10 Value: 3.95 Station: CB7.1S
 --- UTM-X: 406584 UTM-Y: 4159881 Depth: 10.5 Value: 3.595 Station: CB7.1S
 --- UTM-X: 406584 UTM-Y: 4159881 Depth: 11 Value: 3.24 Station: CB7.1S
 --- UTM-X: 406584 UTM-Y: 4159881 Depth: 11.5 Value: 3.255 Station: CB7.1S
 --- UTM-X: 406584 UTM-Y: 4159881 Depth: 12 Value: 3.27 Station: CB7.1S
 --- UTM-X: 406584 UTM-Y: 4159881 Depth: 12.5 Value: 3.27 Station: CB7.1S
 --- UTM-X: 406584 UTM-Y: 4159881 Depth: 13 Value: 3.27 Station: CB7.1S
 --- UTM-X: 406584 UTM-Y: 4159881 Depth: 13.5 Value: 3.265 Station: CB7.1S
 --- UTM-X: 406584 UTM-Y: 4159881 Depth: 14 Value: 3.26 Station: CB7.1S
 --- UTM-X: 406584 UTM-Y: 4159881 Depth: 14.5 Value: 3.275 Station: CB7.1S
 --- UTM-X: 406584 UTM-Y: 4159881 Depth: 15 Value: 3.29 Station: CB7.1S
 --- UTM-X: 406584 UTM-Y: 4159881 Depth: 15.5 Value: 3.31 Station: CB7.1S
 --- UTM-X: 406584 UTM-Y: 4159881 Depth: 16 Value: 3.33 Station: CB7.1S
 --- UTM-X: 404455 UTM-Y: 4141073 Depth: 0 Value: 7.89 Station: CB7.2
 --- UTM-X: 404455 UTM-Y: 4141073 Depth: 0.5 Value: 7.89 Station: CB7.2
 --- UTM-X: 404455 UTM-Y: 4141073 Depth: 1 Value: 7.89 Station: CB7.2
 --- UTM-X: 404455 UTM-Y: 4141073 Depth: 1.5 Value: 7.895 Station: CB7.2
 --- UTM-X: 404455 UTM-Y: 4141073 Depth: 2 Value: 7.9 Station: CB7.2
 --- UTM-X: 404455 UTM-Y: 4141073 Depth: 2.5 Value: 7.81 Station: CB7.2
 --- UTM-X: 404455 UTM-Y: 4141073 Depth: 3 Value: 7.72 Station: CB7.2
 --- UTM-X: 404455 UTM-Y: 4141073 Depth: 3.5 Value: 7.405 Station: CB7.2
 --- UTM-X: 404455 UTM-Y: 4141073 Depth: 4 Value: 7.09 Station: CB7.2
 --- UTM-X: 404455 UTM-Y: 4141073 Depth: 4.5 Value: 7.08 Station: CB7.2
 --- UTM-X: 404455 UTM-Y: 4141073 Depth: 5 Value: 7.07 Station: CB7.2
 --- UTM-X: 404455 UTM-Y: 4141073 Depth: 5.5 Value: 6.445 Station: CB7.2
 --- UTM-X: 404455 UTM-Y: 4141073 Depth: 6 Value: 5.82 Station: CB7.2
 --- UTM-X: 404455 UTM-Y: 4141073 Depth: 6.5 Value: 5.46 Station: CB7.2
 --- UTM-X: 404455 UTM-Y: 4141073 Depth: 7 Value: 5.1 Station: CB7.2
 --- UTM-X: 404455 UTM-Y: 4141073 Depth: 7.5 Value: 4.895 Station: CB7.2
 --- UTM-X: 404455 UTM-Y: 4141073 Depth: 8 Value: 4.69 Station: CB7.2
 --- UTM-X: 404455 UTM-Y: 4141073 Depth: 8.5 Value: 4.68 Station: CB7.2
 --- UTM-X: 404455 UTM-Y: 4141073 Depth: 9 Value: 4.67 Station: CB7.2
 --- UTM-X: 404455 UTM-Y: 4141073 Depth: 9.5 Value: 4.635 Station: CB7.2
 --- UTM-X: 404455 UTM-Y: 4141073 Depth: 10 Value: 4.6 Station: CB7.2
 --- UTM-X: 404455 UTM-Y: 4141073 Depth: 10.5 Value: 4.545 Station: CB7.2
 --- UTM-X: 404455 UTM-Y: 4141073 Depth: 11 Value: 4.49 Station: CB7.2
 --- UTM-X: 404455 UTM-Y: 4141073 Depth: 11.5 Value: 4.485 Station: CB7.2
 --- UTM-X: 404455 UTM-Y: 4141073 Depth: 12 Value: 4.48 Station: CB7.2
 --- UTM-X: 404455 UTM-Y: 4141073 Depth: 12.5 Value: 4.475 Station: CB7.2
 --- UTM-X: 404455 UTM-Y: 4141073 Depth: 13 Value: 4.47 Station: CB7.2
 --- UTM-X: 404455 UTM-Y: 4141073 Depth: 13.5 Value: 4.455 Station: CB7.2
 --- UTM-X: 404455 UTM-Y: 4141073 Depth: 14 Value: 4.44 Station: CB7.2
 --- UTM-X: 404455 UTM-Y: 4141073 Depth: 14.5 Value: 4.44 Station: CB7.2
 --- UTM-X: 404455 UTM-Y: 4141073 Depth: 15 Value: 4.44 Station: CB7.2
 --- UTM-X: 404455 UTM-Y: 4141073 Depth: 15.5 Value: 4.445 Station: CB7.2
 --- UTM-X: 404455 UTM-Y: 4141073 Depth: 16 Value: 4.45 Station: CB7.2
 --- UTM-X: 404455 UTM-Y: 4141073 Depth: 16.5 Value: 4.455 Station: CB7.2
 --- UTM-X: 404455 UTM-Y: 4141073 Depth: 17 Value: 4.46 Station: CB7.2
 --- UTM-X: 404455 UTM-Y: 4141073 Depth: 17.5 Value: 4.475 Station: CB7.2
 --- UTM-X: 404455 UTM-Y: 4141073 Depth: 18 Value: 4.49 Station: CB7.2
 --- UTM-X: 404455 UTM-Y: 4141073 Depth: 18.5 Value: 4.495 Station: CB7.2
 --- UTM-X: 404455 UTM-Y: 4141073 Depth: 19 Value: 4.5 Station: CB7.2
 --- UTM-X: 404455 UTM-Y: 4141073 Depth: 19.5 Value: 4.505 Station: CB7.2
 --- UTM-X: 404455 UTM-Y: 4141073 Depth: 20 Value: 4.51 Station: CB7.2
 --- UTM-X: 404455 UTM-Y: 4141073 Depth: 20.5 Value: 4.515 Station: CB7.2
 --- UTM-X: 404455 UTM-Y: 4141073 Depth: 21 Value: 4.52 Station: CB7.2
 --- UTM-X: 404455 UTM-Y: 4141073 Depth: 21.5 Value: 4.54 Station: CB7.2
 --- UTM-X: 404455 UTM-Y: 4141073 Depth: 22 Value: 4.56 Station: CB7.2
 --- UTM-X: 409322 UTM-Y: 4141018 Depth: 0 Value: 7.47 Station: CB7.2E
 --- UTM-X: 409322 UTM-Y: 4141018 Depth: 0.5 Value: 7.47 Station: CB7.2E
 --- UTM-X: 409322 UTM-Y: 4141018 Depth: 1 Value: 7.47 Station: CB7.2E
 --- UTM-X: 409322 UTM-Y: 4141018 Depth: 1.5 Value: 7.365 Station: CB7.2E
 --- UTM-X: 409322 UTM-Y: 4141018 Depth: 2 Value: 7.26 Station: CB7.2E
 --- UTM-X: 409322 UTM-Y: 4141018 Depth: 2.5 Value: 7.045 Station: CB7.2E
 --- UTM-X: 409322 UTM-Y: 4141018 Depth: 3 Value: 6.83 Station: CB7.2E
 --- UTM-X: 409322 UTM-Y: 4141018 Depth: 3.5 Value: 6.51 Station: CB7.2E
 --- UTM-X: 409322 UTM-Y: 4141018 Depth: 4 Value: 6.19 Station: CB7.2E
 --- UTM-X: 409322 UTM-Y: 4141018 Depth: 4.5 Value: 5.49 Station: CB7.2E
 --- UTM-X: 409322 UTM-Y: 4141018 Depth: 5 Value: 4.79 Station: CB7.2E
 --- UTM-X: 409322 UTM-Y: 4141018 Depth: 5.5 Value: 4.795 Station: CB7.2E
 --- UTM-X: 409322 UTM-Y: 4141018 Depth: 6 Value: 4.8 Station: CB7.2E
 --- UTM-X: 409322 UTM-Y: 4141018 Depth: 6.5 Value: 4.8 Station: CB7.2E
 --- UTM-X: 409322 UTM-Y: 4141018 Depth: 7 Value: 4.8 Station: CB7.2E
 --- UTM-X: 409322 UTM-Y: 4141018 Depth: 7.5 Value: 4.805 Station: CB7.2E
 --- UTM-X: 409322 UTM-Y: 4141018 Depth: 8 Value: 4.81 Station: CB7.2E
 --- UTM-X: 409322 UTM-Y: 4141018 Depth: 8.5 Value: 4.805 Station: CB7.2E
 --- UTM-X: 409322 UTM-Y: 4141018 Depth: 9 Value: 4.8 Station: CB7.2E
 --- UTM-X: 409322 UTM-Y: 4141018 Depth: 9.5 Value: 4.775 Station: CB7.2E
 --- UTM-X: 409322 UTM-Y: 4141018 Depth: 10 Value: 4.75 Station: CB7.2E
 --- UTM-X: 409322 UTM-Y: 4141018 Depth: 10.5 Value: 4.745 Station: CB7.2E
 --- UTM-X: 409322 UTM-Y: 4141018 Depth: 11 Value: 4.74 Station: CB7.2E
 --- UTM-X: 409322 UTM-Y: 4141018 Depth: 11.5 Value: 4.74 Station: CB7.2E
 --- UTM-X: 409322 UTM-Y: 4141018 Depth: 12 Value: 4.74 Station: CB7.2E
 --- UTM-X: 409322 UTM-Y: 4141018 Depth: 12.5 Value: 4.76 Station: CB7.2E
 --- UTM-X: 409322 UTM-Y: 4141018 Depth: 13 Value: 4.78 Station: CB7.2E
 --- UTM-X: 386593 UTM-Y: 4161856 Depth: 0 Value: 7.08 Station: LE3.6
 --- UTM-X: 386593 UTM-Y: 4161856 Depth: 0.5 Value: 7.08 Station: LE3.6
 --- UTM-X: 386593 UTM-Y: 4161856 Depth: 1 Value: 7.08 Station: LE3.6
 --- UTM-X: 386593 UTM-Y: 4161856 Depth: 1.5 Value: 7.065 Station: LE3.6
 --- UTM-X: 386593 UTM-Y: 4161856 Depth: 2 Value: 7.05 Station: LE3.6
 --- UTM-X: 386593 UTM-Y: 4161856 Depth: 2.5 Value: 6.99 Station: LE3.6
 --- UTM-X: 386593 UTM-Y: 4161856 Depth: 3 Value: 6.93 Station: LE3.6
 --- UTM-X: 386593 UTM-Y: 4161856 Depth: 3.5 Value: 6.595 Station: LE3.6
 --- UTM-X: 386593 UTM-Y: 4161856 Depth: 4 Value: 6.26 Station: LE3.6
 --- UTM-X: 386593 UTM-Y: 4161856 Depth: 4.5 Value: 6.21 Station: LE3.6
 --- UTM-X: 386593 UTM-Y: 4161856 Depth: 5 Value: 6.16 Station: LE3.6
 --- UTM-X: 386593 UTM-Y: 4161856 Depth: 5.5 Value: 5.505 Station: LE3.6
 --- UTM-X: 386593 UTM-Y: 4161856 Depth: 6 Value: 4.85 Station: LE3.6
 --- UTM-X: 386593 UTM-Y: 4161856 Depth: 6.5 Value: 4.105 Station: LE3.6
 --- UTM-X: 386593 UTM-Y: 4161856 Depth: 7 Value: 3.36 Station: LE3.6
 --- UTM-X: 386593 UTM-Y: 4161856 Depth: 7.5 Value: 2.895 Station: LE3.6
 --- UTM-X: 386593 UTM-Y: 4161856 Depth: 8 Value: 2.43 Station: LE3.6
 --- UTM-X: 384553 UTM-Y: 4154548 Depth: 0 Value: 7.3 Station: LE3.7
 --- UTM-X: 384553 UTM-Y: 4154548 Depth: 0.5 Value: 7.3 Station: LE3.7
 --- UTM-X: 384553 UTM-Y: 4154548 Depth: 1 Value: 7.3 Station: LE3.7
 --- UTM-X: 384553 UTM-Y: 4154548 Depth: 1.5 Value: 6.81 Station: LE3.7
 --- UTM-X: 384553 UTM-Y: 4154548 Depth: 2 Value: 6.32 Station: LE3.7
 --- UTM-X: 384553 UTM-Y: 4154548 Depth: 2.5 Value: 6.2 Station: LE3.7
 --- UTM-X: 384553 UTM-Y: 4154548 Depth: 3 Value: 6.08 Station: LE3.7
 --- UTM-X: 384553 UTM-Y: 4154548 Depth: 3.5 Value: 5.865 Station: LE3.7
 --- UTM-X: 384553 UTM-Y: 4154548 Depth: 4 Value: 5.65 Station: LE3.7
 --- UTM-X: 384553 UTM-Y: 4154548 Depth: 4.5 Value: 5.355 Station: LE3.7
 --- UTM-X: 384553 UTM-Y: 4154548 Depth: 5 Value: 5.06 Station: LE3.7
 --- 3223 cells were interpolated in region PIAMH.  Subtotal: 180571 total cells.
 ---- Region was calculated in 0 seconds. Segment volume (m^3) = 201437500
 
 - Bathymetry Region ID: 1059  Region Name: MPNTF  Data Points: 28 in data region 1059
 -- Cell Size  E-W: 50  N-S: 50  Vertical: 1
 --- Data in Region ---
 --- UTM-X: 341660 UTM-Y: 4159819 Depth: 0 Value: 3.4 Station: RET4.2
 --- UTM-X: 341660 UTM-Y: 4159819 Depth: 0.5 Value: 3.4 Station: RET4.2
 --- UTM-X: 341660 UTM-Y: 4159819 Depth: 1 Value: 3.4 Station: RET4.2
 --- UTM-X: 341660 UTM-Y: 4159819 Depth: 1.5 Value: 3.385 Station: RET4.2
 --- UTM-X: 341660 UTM-Y: 4159819 Depth: 2 Value: 3.37 Station: RET4.2
 --- UTM-X: 341660 UTM-Y: 4159819 Depth: 2.5 Value: 3.365 Station: RET4.2
 --- UTM-X: 341660 UTM-Y: 4159819 Depth: 3 Value: 3.36 Station: RET4.2
 --- UTM-X: 341660 UTM-Y: 4159819 Depth: 3.5 Value: 3.345 Station: RET4.2
 --- UTM-X: 341660 UTM-Y: 4159819 Depth: 4 Value: 3.33 Station: RET4.2
 --- UTM-X: 341660 UTM-Y: 4159819 Depth: 4.5 Value: 3.345 Station: RET4.2
 --- UTM-X: 341660 UTM-Y: 4159819 Depth: 5 Value: 3.36 Station: RET4.2
 --- UTM-X: 341660 UTM-Y: 4159819 Depth: 5.5 Value: 3.36 Station: RET4.2
 --- UTM-X: 341660 UTM-Y: 4159819 Depth: 6 Value: 3.36 Station: RET4.2
 --- UTM-X: 341660 UTM-Y: 4159819 Depth: 6.5 Value: 3.35 Station: RET4.2
 --- UTM-X: 341660 UTM-Y: 4159819 Depth: 7 Value: 3.34 Station: RET4.2
 --- UTM-X: 341660 UTM-Y: 4159819 Depth: 7.5 Value: 3.34 Station: RET4.2
 --- UTM-X: 341660 UTM-Y: 4159819 Depth: 8 Value: 3.34 Station: RET4.2
 --- UTM-X: 341660 UTM-Y: 4159819 Depth: 8.5 Value: 3.34 Station: RET4.2
 --- UTM-X: 341660 UTM-Y: 4159819 Depth: 9 Value: 3.34 Station: RET4.2
 --- UTM-X: 341660 UTM-Y: 4159819 Depth: 9.5 Value: 3.345 Station: RET4.2
 --- UTM-X: 341660 UTM-Y: 4159819 Depth: 10 Value: 3.35 Station: RET4.2
 --- UTM-X: 321659 UTM-Y: 4177000 Depth: 0 Value: 4.74 Station: TF4.4
 --- UTM-X: 321659 UTM-Y: 4177000 Depth: 0.5 Value: 4.74 Station: TF4.4
 --- UTM-X: 321659 UTM-Y: 4177000 Depth: 1 Value: 4.74 Station: TF4.4
 --- UTM-X: 321659 UTM-Y: 4177000 Depth: 1.5 Value: 4.735 Station: TF4.4
 --- UTM-X: 321659 UTM-Y: 4177000 Depth: 2 Value: 4.73 Station: TF4.4
 --- UTM-X: 321659 UTM-Y: 4177000 Depth: 2.5 Value: 4.73 Station: TF4.4
 --- UTM-X: 321659 UTM-Y: 4177000 Depth: 3 Value: 4.73 Station: TF4.4
 --- 6135 cells were interpolated in region MPNTF.  Subtotal: 186706 total cells.
 ---- Region was calculated in 0 seconds. Segment volume (m^3) = 15337500
 
 - Bathymetry Region ID: 1060  Region Name: MPNOH  Data Points: 28 in data region 1060
 -- Cell Size  E-W: 100  N-S: 100  Vertical: 1
 --- Data in Region ---
 --- UTM-X: 341660 UTM-Y: 4159819 Depth: 0 Value: 3.4 Station: RET4.2
 --- UTM-X: 341660 UTM-Y: 4159819 Depth: 0.5 Value: 3.4 Station: RET4.2
 --- UTM-X: 341660 UTM-Y: 4159819 Depth: 1 Value: 3.4 Station: RET4.2
 --- UTM-X: 341660 UTM-Y: 4159819 Depth: 1.5 Value: 3.385 Station: RET4.2
 --- UTM-X: 341660 UTM-Y: 4159819 Depth: 2 Value: 3.37 Station: RET4.2
 --- UTM-X: 341660 UTM-Y: 4159819 Depth: 2.5 Value: 3.365 Station: RET4.2
 --- UTM-X: 341660 UTM-Y: 4159819 Depth: 3 Value: 3.36 Station: RET4.2
 --- UTM-X: 341660 UTM-Y: 4159819 Depth: 3.5 Value: 3.345 Station: RET4.2
 --- UTM-X: 341660 UTM-Y: 4159819 Depth: 4 Value: 3.33 Station: RET4.2
 --- UTM-X: 341660 UTM-Y: 4159819 Depth: 4.5 Value: 3.345 Station: RET4.2
 --- UTM-X: 341660 UTM-Y: 4159819 Depth: 5 Value: 3.36 Station: RET4.2
 --- UTM-X: 341660 UTM-Y: 4159819 Depth: 5.5 Value: 3.36 Station: RET4.2
 --- UTM-X: 341660 UTM-Y: 4159819 Depth: 6 Value: 3.36 Station: RET4.2
 --- UTM-X: 341660 UTM-Y: 4159819 Depth: 6.5 Value: 3.35 Station: RET4.2
 --- UTM-X: 341660 UTM-Y: 4159819 Depth: 7 Value: 3.34 Station: RET4.2
 --- UTM-X: 341660 UTM-Y: 4159819 Depth: 7.5 Value: 3.34 Station: RET4.2
 --- UTM-X: 341660 UTM-Y: 4159819 Depth: 8 Value: 3.34 Station: RET4.2
 --- UTM-X: 341660 UTM-Y: 4159819 Depth: 8.5 Value: 3.34 Station: RET4.2
 --- UTM-X: 341660 UTM-Y: 4159819 Depth: 9 Value: 3.34 Station: RET4.2
 --- UTM-X: 341660 UTM-Y: 4159819 Depth: 9.5 Value: 3.345 Station: RET4.2
 --- UTM-X: 341660 UTM-Y: 4159819 Depth: 10 Value: 3.35 Station: RET4.2
 --- UTM-X: 321659 UTM-Y: 4177000 Depth: 0 Value: 4.74 Station: TF4.4
 --- UTM-X: 321659 UTM-Y: 4177000 Depth: 0.5 Value: 4.74 Station: TF4.4
 --- UTM-X: 321659 UTM-Y: 4177000 Depth: 1 Value: 4.74 Station: TF4.4
 --- UTM-X: 321659 UTM-Y: 4177000 Depth: 1.5 Value: 4.735 Station: TF4.4
 --- UTM-X: 321659 UTM-Y: 4177000 Depth: 2 Value: 4.73 Station: TF4.4
 --- UTM-X: 321659 UTM-Y: 4177000 Depth: 2.5 Value: 4.73 Station: TF4.4
 --- UTM-X: 321659 UTM-Y: 4177000 Depth: 3 Value: 4.73 Station: TF4.4
 --- 3539 cells were interpolated in region MPNOH.  Subtotal: 190245 total cells.
 ---- Region was calculated in 0 seconds. Segment volume (m^3) = 35390000
 
 - Bathymetry Region ID: 1061  Region Name: PMKTF  Data Points: 15 in data region 1061
 -- Cell Size  E-W: 50  N-S: 50  Vertical: 1
 --- Data in Region ---
 --- UTM-X: 321488 UTM-Y: 4161123 Depth: 0 Value: 4.53 Station: TF4.2
 --- UTM-X: 321488 UTM-Y: 4161123 Depth: 0.5 Value: 4.53 Station: TF4.2
 --- UTM-X: 321488 UTM-Y: 4161123 Depth: 1 Value: 4.53 Station: TF4.2
 --- UTM-X: 321488 UTM-Y: 4161123 Depth: 1.5 Value: 4.52 Station: TF4.2
 --- UTM-X: 321488 UTM-Y: 4161123 Depth: 2 Value: 4.51 Station: TF4.2
 --- UTM-X: 321488 UTM-Y: 4161123 Depth: 2.5 Value: 4.515 Station: TF4.2
 --- UTM-X: 321488 UTM-Y: 4161123 Depth: 3 Value: 4.52 Station: TF4.2
 --- UTM-X: 321488 UTM-Y: 4161123 Depth: 3.5 Value: 4.525 Station: TF4.2
 --- UTM-X: 321488 UTM-Y: 4161123 Depth: 4 Value: 4.53 Station: TF4.2
 --- UTM-X: 321488 UTM-Y: 4161123 Depth: 4.5 Value: 4.53 Station: TF4.2
 --- UTM-X: 321488 UTM-Y: 4161123 Depth: 5 Value: 4.53 Station: TF4.2
 --- UTM-X: 321488 UTM-Y: 4161123 Depth: 5.5 Value: 4.54 Station: TF4.2
 --- UTM-X: 321488 UTM-Y: 4161123 Depth: 6 Value: 4.55 Station: TF4.2
 --- UTM-X: 321488 UTM-Y: 4161123 Depth: 6.5 Value: 4.555 Station: TF4.2
 --- UTM-X: 321488 UTM-Y: 4161123 Depth: 7 Value: 4.56 Station: TF4.2
 --- 11452 cells were interpolated in region PMKTF.  Subtotal: 201697 total cells.
 ---- Region was calculated in 0 seconds. Segment volume (m^3) = 28630000
 
 - Bathymetry Region ID: 1062  Region Name: PMKOH  Data Points: 15 in data region 1062
 -- Cell Size  E-W: 100  N-S: 100  Vertical: 1
 --- Data in Region ---
 --- UTM-X: 321488 UTM-Y: 4161123 Depth: 0 Value: 4.53 Station: TF4.2
 --- UTM-X: 321488 UTM-Y: 4161123 Depth: 0.5 Value: 4.53 Station: TF4.2
 --- UTM-X: 321488 UTM-Y: 4161123 Depth: 1 Value: 4.53 Station: TF4.2
 --- UTM-X: 321488 UTM-Y: 4161123 Depth: 1.5 Value: 4.52 Station: TF4.2
 --- UTM-X: 321488 UTM-Y: 4161123 Depth: 2 Value: 4.51 Station: TF4.2
 --- UTM-X: 321488 UTM-Y: 4161123 Depth: 2.5 Value: 4.515 Station: TF4.2
 --- UTM-X: 321488 UTM-Y: 4161123 Depth: 3 Value: 4.52 Station: TF4.2
 --- UTM-X: 321488 UTM-Y: 4161123 Depth: 3.5 Value: 4.525 Station: TF4.2
 --- UTM-X: 321488 UTM-Y: 4161123 Depth: 4 Value: 4.53 Station: TF4.2
 --- UTM-X: 321488 UTM-Y: 4161123 Depth: 4.5 Value: 4.53 Station: TF4.2
 --- UTM-X: 321488 UTM-Y: 4161123 Depth: 5 Value: 4.53 Station: TF4.2
 --- UTM-X: 321488 UTM-Y: 4161123 Depth: 5.5 Value: 4.54 Station: TF4.2
 --- UTM-X: 321488 UTM-Y: 4161123 Depth: 6 Value: 4.55 Station: TF4.2
 --- UTM-X: 321488 UTM-Y: 4161123 Depth: 6.5 Value: 4.555 Station: TF4.2
 --- UTM-X: 321488 UTM-Y: 4161123 Depth: 7 Value: 4.56 Station: TF4.2
 --- 6668 cells were interpolated in region PMKOH.  Subtotal: 208365 total cells.
 ---- Region was calculated in 0 seconds. Segment volume (m^3) = 66680000
 
 - Bathymetry Region ID: 1063  Region Name: YRKMH  Data Points: 21 in data region 1063
 -- Cell Size  E-W: 500  N-S: 500  Vertical: 1
 --- Data in Region ---
 --- UTM-X: 341660 UTM-Y: 4159819 Depth: 0 Value: 3.4 Station: RET4.2
 --- UTM-X: 341660 UTM-Y: 4159819 Depth: 0.5 Value: 3.4 Station: RET4.2
 --- UTM-X: 341660 UTM-Y: 4159819 Depth: 1 Value: 3.4 Station: RET4.2
 --- UTM-X: 341660 UTM-Y: 4159819 Depth: 1.5 Value: 3.385 Station: RET4.2
 --- UTM-X: 341660 UTM-Y: 4159819 Depth: 2 Value: 3.37 Station: RET4.2
 --- UTM-X: 341660 UTM-Y: 4159819 Depth: 2.5 Value: 3.365 Station: RET4.2
 --- UTM-X: 341660 UTM-Y: 4159819 Depth: 3 Value: 3.36 Station: RET4.2
 --- UTM-X: 341660 UTM-Y: 4159819 Depth: 3.5 Value: 3.345 Station: RET4.2
 --- UTM-X: 341660 UTM-Y: 4159819 Depth: 4 Value: 3.33 Station: RET4.2
 --- UTM-X: 341660 UTM-Y: 4159819 Depth: 4.5 Value: 3.345 Station: RET4.2
 --- UTM-X: 341660 UTM-Y: 4159819 Depth: 5 Value: 3.36 Station: RET4.2
 --- UTM-X: 341660 UTM-Y: 4159819 Depth: 5.5 Value: 3.36 Station: RET4.2
 --- UTM-X: 341660 UTM-Y: 4159819 Depth: 6 Value: 3.36 Station: RET4.2
 --- UTM-X: 341660 UTM-Y: 4159819 Depth: 6.5 Value: 3.35 Station: RET4.2
 --- UTM-X: 341660 UTM-Y: 4159819 Depth: 7 Value: 3.34 Station: RET4.2
 --- UTM-X: 341660 UTM-Y: 4159819 Depth: 7.5 Value: 3.34 Station: RET4.2
 --- UTM-X: 341660 UTM-Y: 4159819 Depth: 8 Value: 3.34 Station: RET4.2
 --- UTM-X: 341660 UTM-Y: 4159819 Depth: 8.5 Value: 3.34 Station: RET4.2
 --- UTM-X: 341660 UTM-Y: 4159819 Depth: 9 Value: 3.34 Station: RET4.2
 --- UTM-X: 341660 UTM-Y: 4159819 Depth: 9.5 Value: 3.345 Station: RET4.2
 --- UTM-X: 341660 UTM-Y: 4159819 Depth: 10 Value: 3.35 Station: RET4.2
 --- 1102 cells were interpolated in region YRKMH.  Subtotal: 209467 total cells.
 ---- Region was calculated in 0 seconds. Segment volume (m^3) = 275500000
 
 - Bathymetry Region ID: 1064  Region Name: YRKPH  Data Points: 135 in data region 1064
 -- Cell Size  E-W: 500  N-S: 500  Vertical: 1
 --- Data in Region ---
 --- UTM-X: 392849 UTM-Y: 4121795 Depth: 0 Value: 7.65 Station: CB6.4
 --- UTM-X: 392849 UTM-Y: 4121795 Depth: 0.5 Value: 7.65 Station: CB6.4
 --- UTM-X: 392849 UTM-Y: 4121795 Depth: 1 Value: 7.65 Station: CB6.4
 --- UTM-X: 392849 UTM-Y: 4121795 Depth: 1.5 Value: 7.605 Station: CB6.4
 --- UTM-X: 392849 UTM-Y: 4121795 Depth: 2 Value: 7.56 Station: CB6.4
 --- UTM-X: 392849 UTM-Y: 4121795 Depth: 2.5 Value: 7.455 Station: CB6.4
 --- UTM-X: 392849 UTM-Y: 4121795 Depth: 3 Value: 7.35 Station: CB6.4
 --- UTM-X: 392849 UTM-Y: 4121795 Depth: 3.5 Value: 7.255 Station: CB6.4
 --- UTM-X: 392849 UTM-Y: 4121795 Depth: 4 Value: 7.16 Station: CB6.4
 --- UTM-X: 392849 UTM-Y: 4121795 Depth: 4.5 Value: 7.11 Station: CB6.4
 --- UTM-X: 392849 UTM-Y: 4121795 Depth: 5 Value: 7.06 Station: CB6.4
 --- UTM-X: 392849 UTM-Y: 4121795 Depth: 5.5 Value: 6.935 Station: CB6.4
 --- UTM-X: 392849 UTM-Y: 4121795 Depth: 6 Value: 6.81 Station: CB6.4
 --- UTM-X: 392849 UTM-Y: 4121795 Depth: 6.5 Value: 6.545 Station: CB6.4
 --- UTM-X: 392849 UTM-Y: 4121795 Depth: 7 Value: 6.28 Station: CB6.4
 --- UTM-X: 392849 UTM-Y: 4121795 Depth: 7.5 Value: 5.775 Station: CB6.4
 --- UTM-X: 392849 UTM-Y: 4121795 Depth: 8 Value: 5.27 Station: CB6.4
 --- UTM-X: 400035 UTM-Y: 4108423 Depth: 0 Value: 7.21 Station: CB7.3
 --- UTM-X: 400035 UTM-Y: 4108423 Depth: 0.5 Value: 7.21 Station: CB7.3
 --- UTM-X: 400035 UTM-Y: 4108423 Depth: 1 Value: 7.21 Station: CB7.3
 --- UTM-X: 400035 UTM-Y: 4108423 Depth: 1.5 Value: 7.22 Station: CB7.3
 --- UTM-X: 400035 UTM-Y: 4108423 Depth: 2 Value: 7.23 Station: CB7.3
 --- UTM-X: 400035 UTM-Y: 4108423 Depth: 2.5 Value: 7.04 Station: CB7.3
 --- UTM-X: 400035 UTM-Y: 4108423 Depth: 3 Value: 6.85 Station: CB7.3
 --- UTM-X: 400035 UTM-Y: 4108423 Depth: 3.5 Value: 6.755 Station: CB7.3
 --- UTM-X: 400035 UTM-Y: 4108423 Depth: 4 Value: 6.66 Station: CB7.3
 --- UTM-X: 400035 UTM-Y: 4108423 Depth: 4.5 Value: 6.57 Station: CB7.3
 --- UTM-X: 400035 UTM-Y: 4108423 Depth: 5 Value: 6.48 Station: CB7.3
 --- UTM-X: 400035 UTM-Y: 4108423 Depth: 5.5 Value: 6.52 Station: CB7.3
 --- UTM-X: 400035 UTM-Y: 4108423 Depth: 6 Value: 6.56 Station: CB7.3
 --- UTM-X: 400035 UTM-Y: 4108423 Depth: 6.5 Value: 6.57 Station: CB7.3
 --- UTM-X: 400035 UTM-Y: 4108423 Depth: 7 Value: 6.58 Station: CB7.3
 --- UTM-X: 400035 UTM-Y: 4108423 Depth: 7.5 Value: 6.555 Station: CB7.3
 --- UTM-X: 400035 UTM-Y: 4108423 Depth: 8 Value: 6.53 Station: CB7.3
 --- UTM-X: 400035 UTM-Y: 4108423 Depth: 8.5 Value: 6.4 Station: CB7.3
 --- UTM-X: 400035 UTM-Y: 4108423 Depth: 9 Value: 6.27 Station: CB7.3
 --- UTM-X: 400035 UTM-Y: 4108423 Depth: 9.5 Value: 6.22 Station: CB7.3
 --- UTM-X: 400035 UTM-Y: 4108423 Depth: 10 Value: 6.17 Station: CB7.3
 --- UTM-X: 400035 UTM-Y: 4108423 Depth: 10.5 Value: 6.11 Station: CB7.3
 --- UTM-X: 400035 UTM-Y: 4108423 Depth: 11 Value: 6.05 Station: CB7.3
 --- UTM-X: 400035 UTM-Y: 4108423 Depth: 11.5 Value: 6.075 Station: CB7.3
 --- UTM-X: 400035 UTM-Y: 4108423 Depth: 12 Value: 6.1 Station: CB7.3
 --- UTM-X: 400035 UTM-Y: 4108423 Depth: 12.5 Value: 6.105 Station: CB7.3
 --- UTM-X: 400035 UTM-Y: 4108423 Depth: 13 Value: 6.11 Station: CB7.3
 --- UTM-X: 406515 UTM-Y: 4120769 Depth: 0 Value: 7.24 Station: CB7.3E
 --- UTM-X: 406515 UTM-Y: 4120769 Depth: 0.5 Value: 7.24 Station: CB7.3E
 --- UTM-X: 406515 UTM-Y: 4120769 Depth: 1 Value: 7.24 Station: CB7.3E
 --- UTM-X: 406515 UTM-Y: 4120769 Depth: 1.5 Value: 7.135 Station: CB7.3E
 --- UTM-X: 406515 UTM-Y: 4120769 Depth: 2 Value: 7.03 Station: CB7.3E
 --- UTM-X: 406515 UTM-Y: 4120769 Depth: 2.5 Value: 6.52 Station: CB7.3E
 --- UTM-X: 406515 UTM-Y: 4120769 Depth: 3 Value: 6.01 Station: CB7.3E
 --- UTM-X: 406515 UTM-Y: 4120769 Depth: 3.5 Value: 5.895 Station: CB7.3E
 --- UTM-X: 406515 UTM-Y: 4120769 Depth: 4 Value: 5.78 Station: CB7.3E
 --- UTM-X: 406515 UTM-Y: 4120769 Depth: 4.5 Value: 5.74 Station: CB7.3E
 --- UTM-X: 406515 UTM-Y: 4120769 Depth: 5 Value: 5.7 Station: CB7.3E
 --- UTM-X: 406515 UTM-Y: 4120769 Depth: 5.5 Value: 5.655 Station: CB7.3E
 --- UTM-X: 406515 UTM-Y: 4120769 Depth: 6 Value: 5.61 Station: CB7.3E
 --- UTM-X: 406515 UTM-Y: 4120769 Depth: 6.5 Value: 5.59 Station: CB7.3E
 --- UTM-X: 406515 UTM-Y: 4120769 Depth: 7 Value: 5.57 Station: CB7.3E
 --- UTM-X: 406515 UTM-Y: 4120769 Depth: 7.5 Value: 5.505 Station: CB7.3E
 --- UTM-X: 406515 UTM-Y: 4120769 Depth: 8 Value: 5.44 Station: CB7.3E
 --- UTM-X: 406515 UTM-Y: 4120769 Depth: 8.5 Value: 5.415 Station: CB7.3E
 --- UTM-X: 406515 UTM-Y: 4120769 Depth: 9 Value: 5.39 Station: CB7.3E
 --- UTM-X: 406515 UTM-Y: 4120769 Depth: 9.5 Value: 5.4 Station: CB7.3E
 --- UTM-X: 406515 UTM-Y: 4120769 Depth: 10 Value: 5.41 Station: CB7.3E
 --- UTM-X: 406515 UTM-Y: 4120769 Depth: 10.5 Value: 5.395 Station: CB7.3E
 --- UTM-X: 406515 UTM-Y: 4120769 Depth: 11 Value: 5.38 Station: CB7.3E
 --- UTM-X: 406515 UTM-Y: 4120769 Depth: 11.5 Value: 5.375 Station: CB7.3E
 --- UTM-X: 406515 UTM-Y: 4120769 Depth: 12 Value: 5.37 Station: CB7.3E
 --- UTM-X: 406515 UTM-Y: 4120769 Depth: 12.5 Value: 5.365 Station: CB7.3E
 --- UTM-X: 406515 UTM-Y: 4120769 Depth: 13 Value: 5.36 Station: CB7.3E
 --- UTM-X: 406515 UTM-Y: 4120769 Depth: 13.5 Value: 5.355 Station: CB7.3E
 --- UTM-X: 406515 UTM-Y: 4120769 Depth: 14 Value: 5.35 Station: CB7.3E
 --- UTM-X: 406515 UTM-Y: 4120769 Depth: 14.5 Value: 5.32 Station: CB7.3E
 --- UTM-X: 406515 UTM-Y: 4120769 Depth: 15 Value: 5.29 Station: CB7.3E
 --- UTM-X: 406515 UTM-Y: 4120769 Depth: 15.5 Value: 5.275 Station: CB7.3E
 --- UTM-X: 406515 UTM-Y: 4120769 Depth: 16 Value: 5.26 Station: CB7.3E
 --- UTM-X: 406515 UTM-Y: 4120769 Depth: 16.5 Value: 5.25 Station: CB7.3E
 --- UTM-X: 406515 UTM-Y: 4120769 Depth: 17 Value: 5.24 Station: CB7.3E
 --- UTM-X: 406515 UTM-Y: 4120769 Depth: 17.5 Value: 5.24 Station: CB7.3E
 --- UTM-X: 406515 UTM-Y: 4120769 Depth: 18 Value: 5.24 Station: CB7.3E
 --- UTM-X: 380697 UTM-Y: 4130313 Depth: 0 Value: 6.97 Station: WE4.1
 --- UTM-X: 380697 UTM-Y: 4130313 Depth: 0.5 Value: 6.97 Station: WE4.1
 --- UTM-X: 380697 UTM-Y: 4130313 Depth: 1 Value: 6.97 Station: WE4.1
 --- UTM-X: 380697 UTM-Y: 4130313 Depth: 1.5 Value: 6.94 Station: WE4.1
 --- UTM-X: 380697 UTM-Y: 4130313 Depth: 2 Value: 6.91 Station: WE4.1
 --- UTM-X: 380697 UTM-Y: 4130313 Depth: 2.5 Value: 6.24 Station: WE4.1
 --- UTM-X: 380697 UTM-Y: 4130313 Depth: 3 Value: 5.57 Station: WE4.1
 --- UTM-X: 380697 UTM-Y: 4130313 Depth: 3.5 Value: 5.205 Station: WE4.1
 --- UTM-X: 380697 UTM-Y: 4130313 Depth: 4 Value: 4.84 Station: WE4.1
 --- UTM-X: 377038 UTM-Y: 4122598 Depth: 0 Value: 6.66 Station: WE4.2
 --- UTM-X: 377038 UTM-Y: 4122598 Depth: 0.5 Value: 6.66 Station: WE4.2
 --- UTM-X: 377038 UTM-Y: 4122598 Depth: 1 Value: 6.66 Station: WE4.2
 --- UTM-X: 377038 UTM-Y: 4122598 Depth: 1.5 Value: 6.415 Station: WE4.2
 --- UTM-X: 377038 UTM-Y: 4122598 Depth: 2 Value: 6.17 Station: WE4.2
 --- UTM-X: 377038 UTM-Y: 4122598 Depth: 2.5 Value: 6.055 Station: WE4.2
 --- UTM-X: 377038 UTM-Y: 4122598 Depth: 3 Value: 5.94 Station: WE4.2
 --- UTM-X: 377038 UTM-Y: 4122598 Depth: 3.5 Value: 5.965 Station: WE4.2
 --- UTM-X: 377038 UTM-Y: 4122598 Depth: 4 Value: 5.99 Station: WE4.2
 --- UTM-X: 377038 UTM-Y: 4122598 Depth: 4.5 Value: 5.97 Station: WE4.2
 --- UTM-X: 377038 UTM-Y: 4122598 Depth: 5 Value: 5.95 Station: WE4.2
 --- UTM-X: 377038 UTM-Y: 4122598 Depth: 5.5 Value: 6.06 Station: WE4.2
 --- UTM-X: 377038 UTM-Y: 4122598 Depth: 6 Value: 6.17 Station: WE4.2
 --- UTM-X: 377038 UTM-Y: 4122598 Depth: 6.5 Value: 6.185 Station: WE4.2
 --- UTM-X: 377038 UTM-Y: 4122598 Depth: 7 Value: 6.2 Station: WE4.2
 --- UTM-X: 377038 UTM-Y: 4122598 Depth: 7.5 Value: 6.16 Station: WE4.2
 --- UTM-X: 377038 UTM-Y: 4122598 Depth: 8 Value: 6.12 Station: WE4.2
 --- UTM-X: 377038 UTM-Y: 4122598 Depth: 8.5 Value: 5.145 Station: WE4.2
 --- UTM-X: 377038 UTM-Y: 4122598 Depth: 9 Value: 4.17 Station: WE4.2
 --- UTM-X: 377038 UTM-Y: 4122598 Depth: 9.5 Value: 3.105 Station: WE4.2
 --- UTM-X: 377038 UTM-Y: 4122598 Depth: 10 Value: 2.04 Station: WE4.2
 --- UTM-X: 377038 UTM-Y: 4122598 Depth: 10.5 Value: 2.04 Station: WE4.2
 --- UTM-X: 377038 UTM-Y: 4122598 Depth: 11 Value: 2.04 Station: WE4.2
 --- UTM-X: 378116 UTM-Y: 4115369 Depth: 0 Value: 7.13 Station: WE4.3
 --- UTM-X: 378116 UTM-Y: 4115369 Depth: 0.5 Value: 7.13 Station: WE4.3
 --- UTM-X: 378116 UTM-Y: 4115369 Depth: 1 Value: 7.13 Station: WE4.3
 --- UTM-X: 378116 UTM-Y: 4115369 Depth: 1.5 Value: 7.125 Station: WE4.3
 --- UTM-X: 378116 UTM-Y: 4115369 Depth: 2 Value: 7.12 Station: WE4.3
 --- UTM-X: 378116 UTM-Y: 4115369 Depth: 2.5 Value: 7.075 Station: WE4.3
 --- UTM-X: 378116 UTM-Y: 4115369 Depth: 3 Value: 7.03 Station: WE4.3
 --- UTM-X: 378116 UTM-Y: 4115369 Depth: 3.5 Value: 6.36 Station: WE4.3
 --- UTM-X: 378116 UTM-Y: 4115369 Depth: 4 Value: 5.69 Station: WE4.3
 --- UTM-X: 385118 UTM-Y: 4107873 Depth: 0 Value: 6.83 Station: WE4.4
 --- UTM-X: 385118 UTM-Y: 4107873 Depth: 0.5 Value: 6.83 Station: WE4.4
 --- UTM-X: 385118 UTM-Y: 4107873 Depth: 1 Value: 6.83 Station: WE4.4
 --- UTM-X: 385118 UTM-Y: 4107873 Depth: 1.5 Value: 6.885 Station: WE4.4
 --- UTM-X: 385118 UTM-Y: 4107873 Depth: 2 Value: 6.94 Station: WE4.4
 --- UTM-X: 385118 UTM-Y: 4107873 Depth: 2.5 Value: 6.85 Station: WE4.4
 --- UTM-X: 385118 UTM-Y: 4107873 Depth: 3 Value: 6.76 Station: WE4.4
 --- UTM-X: 385118 UTM-Y: 4107873 Depth: 3.5 Value: 6.535 Station: WE4.4
 --- UTM-X: 385118 UTM-Y: 4107873 Depth: 4 Value: 6.31 Station: WE4.4
 --- UTM-X: 385118 UTM-Y: 4107873 Depth: 4.5 Value: 5.985 Station: WE4.4
 --- UTM-X: 385118 UTM-Y: 4107873 Depth: 5 Value: 5.66 Station: WE4.4
 --- UTM-X: 385118 UTM-Y: 4107873 Depth: 5.5 Value: 5.65 Station: WE4.4
 --- UTM-X: 385118 UTM-Y: 4107873 Depth: 6 Value: 5.64 Station: WE4.4
 --- 1603 cells were interpolated in region YRKPH.  Subtotal: 211070 total cells.
 ---- Region was calculated in 0 seconds. Segment volume (m^3) = 400750000
 
 - Bathymetry Region ID: 1065  Region Name: MOBPH  Data Points: 225 in data region 1065
 -- Cell Size  E-W: 500  N-S: 500  Vertical: 1
 --- Data in Region ---
 --- UTM-X: 392849 UTM-Y: 4121795 Depth: 0 Value: 7.65 Station: CB6.4
 --- UTM-X: 392849 UTM-Y: 4121795 Depth: 0.5 Value: 7.65 Station: CB6.4
 --- UTM-X: 392849 UTM-Y: 4121795 Depth: 1 Value: 7.65 Station: CB6.4
 --- UTM-X: 392849 UTM-Y: 4121795 Depth: 1.5 Value: 7.605 Station: CB6.4
 --- UTM-X: 392849 UTM-Y: 4121795 Depth: 2 Value: 7.56 Station: CB6.4
 --- UTM-X: 392849 UTM-Y: 4121795 Depth: 2.5 Value: 7.455 Station: CB6.4
 --- UTM-X: 392849 UTM-Y: 4121795 Depth: 3 Value: 7.35 Station: CB6.4
 --- UTM-X: 392849 UTM-Y: 4121795 Depth: 3.5 Value: 7.255 Station: CB6.4
 --- UTM-X: 392849 UTM-Y: 4121795 Depth: 4 Value: 7.16 Station: CB6.4
 --- UTM-X: 392849 UTM-Y: 4121795 Depth: 4.5 Value: 7.11 Station: CB6.4
 --- UTM-X: 392849 UTM-Y: 4121795 Depth: 5 Value: 7.06 Station: CB6.4
 --- UTM-X: 392849 UTM-Y: 4121795 Depth: 5.5 Value: 6.935 Station: CB6.4
 --- UTM-X: 392849 UTM-Y: 4121795 Depth: 6 Value: 6.81 Station: CB6.4
 --- UTM-X: 392849 UTM-Y: 4121795 Depth: 6.5 Value: 6.545 Station: CB6.4
 --- UTM-X: 392849 UTM-Y: 4121795 Depth: 7 Value: 6.28 Station: CB6.4
 --- UTM-X: 392849 UTM-Y: 4121795 Depth: 7.5 Value: 5.775 Station: CB6.4
 --- UTM-X: 392849 UTM-Y: 4121795 Depth: 8 Value: 5.27 Station: CB6.4
 --- UTM-X: 400035 UTM-Y: 4108423 Depth: 0 Value: 7.21 Station: CB7.3
 --- UTM-X: 400035 UTM-Y: 4108423 Depth: 0.5 Value: 7.21 Station: CB7.3
 --- UTM-X: 400035 UTM-Y: 4108423 Depth: 1 Value: 7.21 Station: CB7.3
 --- UTM-X: 400035 UTM-Y: 4108423 Depth: 1.5 Value: 7.22 Station: CB7.3
 --- UTM-X: 400035 UTM-Y: 4108423 Depth: 2 Value: 7.23 Station: CB7.3
 --- UTM-X: 400035 UTM-Y: 4108423 Depth: 2.5 Value: 7.04 Station: CB7.3
 --- UTM-X: 400035 UTM-Y: 4108423 Depth: 3 Value: 6.85 Station: CB7.3
 --- UTM-X: 400035 UTM-Y: 4108423 Depth: 3.5 Value: 6.755 Station: CB7.3
 --- UTM-X: 400035 UTM-Y: 4108423 Depth: 4 Value: 6.66 Station: CB7.3
 --- UTM-X: 400035 UTM-Y: 4108423 Depth: 4.5 Value: 6.57 Station: CB7.3
 --- UTM-X: 400035 UTM-Y: 4108423 Depth: 5 Value: 6.48 Station: CB7.3
 --- UTM-X: 400035 UTM-Y: 4108423 Depth: 5.5 Value: 6.52 Station: CB7.3
 --- UTM-X: 400035 UTM-Y: 4108423 Depth: 6 Value: 6.56 Station: CB7.3
 --- UTM-X: 400035 UTM-Y: 4108423 Depth: 6.5 Value: 6.57 Station: CB7.3
 --- UTM-X: 400035 UTM-Y: 4108423 Depth: 7 Value: 6.58 Station: CB7.3
 --- UTM-X: 400035 UTM-Y: 4108423 Depth: 7.5 Value: 6.555 Station: CB7.3
 --- UTM-X: 400035 UTM-Y: 4108423 Depth: 8 Value: 6.53 Station: CB7.3
 --- UTM-X: 400035 UTM-Y: 4108423 Depth: 8.5 Value: 6.4 Station: CB7.3
 --- UTM-X: 400035 UTM-Y: 4108423 Depth: 9 Value: 6.27 Station: CB7.3
 --- UTM-X: 400035 UTM-Y: 4108423 Depth: 9.5 Value: 6.22 Station: CB7.3
 --- UTM-X: 400035 UTM-Y: 4108423 Depth: 10 Value: 6.17 Station: CB7.3
 --- UTM-X: 400035 UTM-Y: 4108423 Depth: 10.5 Value: 6.11 Station: CB7.3
 --- UTM-X: 400035 UTM-Y: 4108423 Depth: 11 Value: 6.05 Station: CB7.3
 --- UTM-X: 400035 UTM-Y: 4108423 Depth: 11.5 Value: 6.075 Station: CB7.3
 --- UTM-X: 400035 UTM-Y: 4108423 Depth: 12 Value: 6.1 Station: CB7.3
 --- UTM-X: 400035 UTM-Y: 4108423 Depth: 12.5 Value: 6.105 Station: CB7.3
 --- UTM-X: 400035 UTM-Y: 4108423 Depth: 13 Value: 6.11 Station: CB7.3
 --- UTM-X: 406515 UTM-Y: 4120769 Depth: 0 Value: 7.24 Station: CB7.3E
 --- UTM-X: 406515 UTM-Y: 4120769 Depth: 0.5 Value: 7.24 Station: CB7.3E
 --- UTM-X: 406515 UTM-Y: 4120769 Depth: 1 Value: 7.24 Station: CB7.3E
 --- UTM-X: 406515 UTM-Y: 4120769 Depth: 1.5 Value: 7.135 Station: CB7.3E
 --- UTM-X: 406515 UTM-Y: 4120769 Depth: 2 Value: 7.03 Station: CB7.3E
 --- UTM-X: 406515 UTM-Y: 4120769 Depth: 2.5 Value: 6.52 Station: CB7.3E
 --- UTM-X: 406515 UTM-Y: 4120769 Depth: 3 Value: 6.01 Station: CB7.3E
 --- UTM-X: 406515 UTM-Y: 4120769 Depth: 3.5 Value: 5.895 Station: CB7.3E
 --- UTM-X: 406515 UTM-Y: 4120769 Depth: 4 Value: 5.78 Station: CB7.3E
 --- UTM-X: 406515 UTM-Y: 4120769 Depth: 4.5 Value: 5.74 Station: CB7.3E
 --- UTM-X: 406515 UTM-Y: 4120769 Depth: 5 Value: 5.7 Station: CB7.3E
 --- UTM-X: 406515 UTM-Y: 4120769 Depth: 5.5 Value: 5.655 Station: CB7.3E
 --- UTM-X: 406515 UTM-Y: 4120769 Depth: 6 Value: 5.61 Station: CB7.3E
 --- UTM-X: 406515 UTM-Y: 4120769 Depth: 6.5 Value: 5.59 Station: CB7.3E
 --- UTM-X: 406515 UTM-Y: 4120769 Depth: 7 Value: 5.57 Station: CB7.3E
 --- UTM-X: 406515 UTM-Y: 4120769 Depth: 7.5 Value: 5.505 Station: CB7.3E
 --- UTM-X: 406515 UTM-Y: 4120769 Depth: 8 Value: 5.44 Station: CB7.3E
 --- UTM-X: 406515 UTM-Y: 4120769 Depth: 8.5 Value: 5.415 Station: CB7.3E
 --- UTM-X: 406515 UTM-Y: 4120769 Depth: 9 Value: 5.39 Station: CB7.3E
 --- UTM-X: 406515 UTM-Y: 4120769 Depth: 9.5 Value: 5.4 Station: CB7.3E
 --- UTM-X: 406515 UTM-Y: 4120769 Depth: 10 Value: 5.41 Station: CB7.3E
 --- UTM-X: 406515 UTM-Y: 4120769 Depth: 10.5 Value: 5.395 Station: CB7.3E
 --- UTM-X: 406515 UTM-Y: 4120769 Depth: 11 Value: 5.38 Station: CB7.3E
 --- UTM-X: 406515 UTM-Y: 4120769 Depth: 11.5 Value: 5.375 Station: CB7.3E
 --- UTM-X: 406515 UTM-Y: 4120769 Depth: 12 Value: 5.37 Station: CB7.3E
 --- UTM-X: 406515 UTM-Y: 4120769 Depth: 12.5 Value: 5.365 Station: CB7.3E
 --- UTM-X: 406515 UTM-Y: 4120769 Depth: 13 Value: 5.36 Station: CB7.3E
 --- UTM-X: 406515 UTM-Y: 4120769 Depth: 13.5 Value: 5.355 Station: CB7.3E
 --- UTM-X: 406515 UTM-Y: 4120769 Depth: 14 Value: 5.35 Station: CB7.3E
 --- UTM-X: 406515 UTM-Y: 4120769 Depth: 14.5 Value: 5.32 Station: CB7.3E
 --- UTM-X: 406515 UTM-Y: 4120769 Depth: 15 Value: 5.29 Station: CB7.3E
 --- UTM-X: 406515 UTM-Y: 4120769 Depth: 15.5 Value: 5.275 Station: CB7.3E
 --- UTM-X: 406515 UTM-Y: 4120769 Depth: 16 Value: 5.26 Station: CB7.3E
 --- UTM-X: 406515 UTM-Y: 4120769 Depth: 16.5 Value: 5.25 Station: CB7.3E
 --- UTM-X: 406515 UTM-Y: 4120769 Depth: 17 Value: 5.24 Station: CB7.3E
 --- UTM-X: 406515 UTM-Y: 4120769 Depth: 17.5 Value: 5.24 Station: CB7.3E
 --- UTM-X: 406515 UTM-Y: 4120769 Depth: 18 Value: 5.24 Station: CB7.3E
 --- UTM-X: 409195 UTM-Y: 4094882 Depth: 0 Value: 7.06 Station: CB7.4
 --- UTM-X: 409195 UTM-Y: 4094882 Depth: 0.5 Value: 7.06 Station: CB7.4
 --- UTM-X: 409195 UTM-Y: 4094882 Depth: 1 Value: 7.06 Station: CB7.4
 --- UTM-X: 409195 UTM-Y: 4094882 Depth: 1.5 Value: 7.01 Station: CB7.4
 --- UTM-X: 409195 UTM-Y: 4094882 Depth: 2 Value: 6.96 Station: CB7.4
 --- UTM-X: 409195 UTM-Y: 4094882 Depth: 2.5 Value: 6.96 Station: CB7.4
 --- UTM-X: 409195 UTM-Y: 4094882 Depth: 3 Value: 6.96 Station: CB7.4
 --- UTM-X: 409195 UTM-Y: 4094882 Depth: 3.5 Value: 6.895 Station: CB7.4
 --- UTM-X: 409195 UTM-Y: 4094882 Depth: 4 Value: 6.83 Station: CB7.4
 --- UTM-X: 409195 UTM-Y: 4094882 Depth: 4.5 Value: 6.665 Station: CB7.4
 --- UTM-X: 409195 UTM-Y: 4094882 Depth: 5 Value: 6.5 Station: CB7.4
 --- UTM-X: 409195 UTM-Y: 4094882 Depth: 5.5 Value: 6.435 Station: CB7.4
 --- UTM-X: 409195 UTM-Y: 4094882 Depth: 6 Value: 6.37 Station: CB7.4
 --- UTM-X: 409195 UTM-Y: 4094882 Depth: 6.5 Value: 6.34 Station: CB7.4
 --- UTM-X: 409195 UTM-Y: 4094882 Depth: 7 Value: 6.31 Station: CB7.4
 --- UTM-X: 409195 UTM-Y: 4094882 Depth: 7.5 Value: 6.305 Station: CB7.4
 --- UTM-X: 409195 UTM-Y: 4094882 Depth: 8 Value: 6.3 Station: CB7.4
 --- UTM-X: 409195 UTM-Y: 4094882 Depth: 8.5 Value: 6.325 Station: CB7.4
 --- UTM-X: 409195 UTM-Y: 4094882 Depth: 9 Value: 6.35 Station: CB7.4
 --- UTM-X: 409195 UTM-Y: 4094882 Depth: 9.5 Value: 6.355 Station: CB7.4
 --- UTM-X: 409195 UTM-Y: 4094882 Depth: 10 Value: 6.36 Station: CB7.4
 --- UTM-X: 409195 UTM-Y: 4094882 Depth: 10.5 Value: 6.375 Station: CB7.4
 --- UTM-X: 409195 UTM-Y: 4094882 Depth: 11 Value: 6.39 Station: CB7.4
 --- UTM-X: 409195 UTM-Y: 4094882 Depth: 11.5 Value: 6.365 Station: CB7.4
 --- UTM-X: 409195 UTM-Y: 4094882 Depth: 12 Value: 6.34 Station: CB7.4
 --- UTM-X: 409195 UTM-Y: 4094882 Depth: 12.5 Value: 6.3 Station: CB7.4
 --- UTM-X: 409195 UTM-Y: 4094882 Depth: 13 Value: 6.26 Station: CB7.4
 --- UTM-X: 411151 UTM-Y: 4102258 Depth: 0 Value: 6.85 Station: CB7.4N
 --- UTM-X: 411151 UTM-Y: 4102258 Depth: 0.5 Value: 6.85 Station: CB7.4N
 --- UTM-X: 411151 UTM-Y: 4102258 Depth: 1 Value: 6.85 Station: CB7.4N
 --- UTM-X: 411151 UTM-Y: 4102258 Depth: 1.5 Value: 6.835 Station: CB7.4N
 --- UTM-X: 411151 UTM-Y: 4102258 Depth: 2 Value: 6.82 Station: CB7.4N
 --- UTM-X: 411151 UTM-Y: 4102258 Depth: 2.5 Value: 6.755 Station: CB7.4N
 --- UTM-X: 411151 UTM-Y: 4102258 Depth: 3 Value: 6.69 Station: CB7.4N
 --- UTM-X: 411151 UTM-Y: 4102258 Depth: 3.5 Value: 6.65 Station: CB7.4N
 --- UTM-X: 411151 UTM-Y: 4102258 Depth: 4 Value: 6.61 Station: CB7.4N
 --- UTM-X: 411151 UTM-Y: 4102258 Depth: 4.5 Value: 6.54 Station: CB7.4N
 --- UTM-X: 411151 UTM-Y: 4102258 Depth: 5 Value: 6.47 Station: CB7.4N
 --- UTM-X: 411151 UTM-Y: 4102258 Depth: 5.5 Value: 6.465 Station: CB7.4N
 --- UTM-X: 411151 UTM-Y: 4102258 Depth: 6 Value: 6.46 Station: CB7.4N
 --- UTM-X: 411151 UTM-Y: 4102258 Depth: 6.5 Value: 6.455 Station: CB7.4N
 --- UTM-X: 411151 UTM-Y: 4102258 Depth: 7 Value: 6.45 Station: CB7.4N
 --- UTM-X: 411151 UTM-Y: 4102258 Depth: 7.5 Value: 6.445 Station: CB7.4N
 --- UTM-X: 411151 UTM-Y: 4102258 Depth: 8 Value: 6.44 Station: CB7.4N
 --- UTM-X: 411151 UTM-Y: 4102258 Depth: 8.5 Value: 6.43 Station: CB7.4N
 --- UTM-X: 411151 UTM-Y: 4102258 Depth: 9 Value: 6.42 Station: CB7.4N
 --- UTM-X: 396093 UTM-Y: 4095002 Depth: 0 Value: 6.47 Station: CB8.1
 --- UTM-X: 396093 UTM-Y: 4095002 Depth: 0.5 Value: 6.47 Station: CB8.1
 --- UTM-X: 396093 UTM-Y: 4095002 Depth: 1 Value: 6.47 Station: CB8.1
 --- UTM-X: 396093 UTM-Y: 4095002 Depth: 1.5 Value: 6.32 Station: CB8.1
 --- UTM-X: 396093 UTM-Y: 4095002 Depth: 2 Value: 6.17 Station: CB8.1
 --- UTM-X: 396093 UTM-Y: 4095002 Depth: 2.5 Value: 5.915 Station: CB8.1
 --- UTM-X: 396093 UTM-Y: 4095002 Depth: 3 Value: 5.66 Station: CB8.1
 --- UTM-X: 396093 UTM-Y: 4095002 Depth: 3.5 Value: 5.525 Station: CB8.1
 --- UTM-X: 396093 UTM-Y: 4095002 Depth: 4 Value: 5.39 Station: CB8.1
 --- UTM-X: 396093 UTM-Y: 4095002 Depth: 4.5 Value: 5.35 Station: CB8.1
 --- UTM-X: 396093 UTM-Y: 4095002 Depth: 5 Value: 5.31 Station: CB8.1
 --- UTM-X: 396093 UTM-Y: 4095002 Depth: 5.5 Value: 5.305 Station: CB8.1
 --- UTM-X: 396093 UTM-Y: 4095002 Depth: 6 Value: 5.3 Station: CB8.1
 --- UTM-X: 396093 UTM-Y: 4095002 Depth: 6.5 Value: 5.3 Station: CB8.1
 --- UTM-X: 396093 UTM-Y: 4095002 Depth: 7 Value: 5.3 Station: CB8.1
 --- UTM-X: 396093 UTM-Y: 4095002 Depth: 7.5 Value: 5.53 Station: CB8.1
 --- UTM-X: 396093 UTM-Y: 4095002 Depth: 8 Value: 5.76 Station: CB8.1
 --- UTM-X: 407851 UTM-Y: 4089534 Depth: 0 Value: 6.76 Station: CB8.1E
 --- UTM-X: 407851 UTM-Y: 4089534 Depth: 0.5 Value: 6.76 Station: CB8.1E
 --- UTM-X: 407851 UTM-Y: 4089534 Depth: 1 Value: 6.76 Station: CB8.1E
 --- UTM-X: 407851 UTM-Y: 4089534 Depth: 1.5 Value: 6.695 Station: CB8.1E
 --- UTM-X: 407851 UTM-Y: 4089534 Depth: 2 Value: 6.63 Station: CB8.1E
 --- UTM-X: 407851 UTM-Y: 4089534 Depth: 2.5 Value: 6.545 Station: CB8.1E
 --- UTM-X: 407851 UTM-Y: 4089534 Depth: 3 Value: 6.46 Station: CB8.1E
 --- UTM-X: 407851 UTM-Y: 4089534 Depth: 3.5 Value: 6.39 Station: CB8.1E
 --- UTM-X: 407851 UTM-Y: 4089534 Depth: 4 Value: 6.32 Station: CB8.1E
 --- UTM-X: 407851 UTM-Y: 4089534 Depth: 4.5 Value: 6.155 Station: CB8.1E
 --- UTM-X: 407851 UTM-Y: 4089534 Depth: 5 Value: 5.99 Station: CB8.1E
 --- UTM-X: 407851 UTM-Y: 4089534 Depth: 5.5 Value: 5.885 Station: CB8.1E
 --- UTM-X: 407851 UTM-Y: 4089534 Depth: 6 Value: 5.78 Station: CB8.1E
 --- UTM-X: 407851 UTM-Y: 4089534 Depth: 6.5 Value: 5.81 Station: CB8.1E
 --- UTM-X: 407851 UTM-Y: 4089534 Depth: 7 Value: 5.84 Station: CB8.1E
 --- UTM-X: 407851 UTM-Y: 4089534 Depth: 7.5 Value: 5.705 Station: CB8.1E
 --- UTM-X: 407851 UTM-Y: 4089534 Depth: 8 Value: 5.57 Station: CB8.1E
 --- UTM-X: 407851 UTM-Y: 4089534 Depth: 8.5 Value: 5.61 Station: CB8.1E
 --- UTM-X: 407851 UTM-Y: 4089534 Depth: 9 Value: 5.65 Station: CB8.1E
 --- UTM-X: 407851 UTM-Y: 4089534 Depth: 9.5 Value: 5.625 Station: CB8.1E
 --- UTM-X: 407851 UTM-Y: 4089534 Depth: 10 Value: 5.6 Station: CB8.1E
 --- UTM-X: 407851 UTM-Y: 4089534 Depth: 10.5 Value: 5.545 Station: CB8.1E
 --- UTM-X: 407851 UTM-Y: 4089534 Depth: 11 Value: 5.49 Station: CB8.1E
 --- UTM-X: 407851 UTM-Y: 4089534 Depth: 11.5 Value: 5.505 Station: CB8.1E
 --- UTM-X: 407851 UTM-Y: 4089534 Depth: 12 Value: 5.52 Station: CB8.1E
 --- UTM-X: 407851 UTM-Y: 4089534 Depth: 12.5 Value: 5.61 Station: CB8.1E
 --- UTM-X: 407851 UTM-Y: 4089534 Depth: 13 Value: 5.7 Station: CB8.1E
 --- UTM-X: 380697 UTM-Y: 4130313 Depth: 0 Value: 6.97 Station: WE4.1
 --- UTM-X: 380697 UTM-Y: 4130313 Depth: 0.5 Value: 6.97 Station: WE4.1
 --- UTM-X: 380697 UTM-Y: 4130313 Depth: 1 Value: 6.97 Station: WE4.1
 --- UTM-X: 380697 UTM-Y: 4130313 Depth: 1.5 Value: 6.94 Station: WE4.1
 --- UTM-X: 380697 UTM-Y: 4130313 Depth: 2 Value: 6.91 Station: WE4.1
 --- UTM-X: 380697 UTM-Y: 4130313 Depth: 2.5 Value: 6.24 Station: WE4.1
 --- UTM-X: 380697 UTM-Y: 4130313 Depth: 3 Value: 5.57 Station: WE4.1
 --- UTM-X: 380697 UTM-Y: 4130313 Depth: 3.5 Value: 5.205 Station: WE4.1
 --- UTM-X: 380697 UTM-Y: 4130313 Depth: 4 Value: 4.84 Station: WE4.1
 --- UTM-X: 377038 UTM-Y: 4122598 Depth: 0 Value: 6.66 Station: WE4.2
 --- UTM-X: 377038 UTM-Y: 4122598 Depth: 0.5 Value: 6.66 Station: WE4.2
 --- UTM-X: 377038 UTM-Y: 4122598 Depth: 1 Value: 6.66 Station: WE4.2
 --- UTM-X: 377038 UTM-Y: 4122598 Depth: 1.5 Value: 6.415 Station: WE4.2
 --- UTM-X: 377038 UTM-Y: 4122598 Depth: 2 Value: 6.17 Station: WE4.2
 --- UTM-X: 377038 UTM-Y: 4122598 Depth: 2.5 Value: 6.055 Station: WE4.2
 --- UTM-X: 377038 UTM-Y: 4122598 Depth: 3 Value: 5.94 Station: WE4.2
 --- UTM-X: 377038 UTM-Y: 4122598 Depth: 3.5 Value: 5.965 Station: WE4.2
 --- UTM-X: 377038 UTM-Y: 4122598 Depth: 4 Value: 5.99 Station: WE4.2
 --- UTM-X: 377038 UTM-Y: 4122598 Depth: 4.5 Value: 5.97 Station: WE4.2
 --- UTM-X: 377038 UTM-Y: 4122598 Depth: 5 Value: 5.95 Station: WE4.2
 --- UTM-X: 377038 UTM-Y: 4122598 Depth: 5.5 Value: 6.06 Station: WE4.2
 --- UTM-X: 377038 UTM-Y: 4122598 Depth: 6 Value: 6.17 Station: WE4.2
 --- UTM-X: 377038 UTM-Y: 4122598 Depth: 6.5 Value: 6.185 Station: WE4.2
 --- UTM-X: 377038 UTM-Y: 4122598 Depth: 7 Value: 6.2 Station: WE4.2
 --- UTM-X: 377038 UTM-Y: 4122598 Depth: 7.5 Value: 6.16 Station: WE4.2
 --- UTM-X: 377038 UTM-Y: 4122598 Depth: 8 Value: 6.12 Station: WE4.2
 --- UTM-X: 377038 UTM-Y: 4122598 Depth: 8.5 Value: 5.145 Station: WE4.2
 --- UTM-X: 377038 UTM-Y: 4122598 Depth: 9 Value: 4.17 Station: WE4.2
 --- UTM-X: 377038 UTM-Y: 4122598 Depth: 9.5 Value: 3.105 Station: WE4.2
 --- UTM-X: 377038 UTM-Y: 4122598 Depth: 10 Value: 2.04 Station: WE4.2
 --- UTM-X: 377038 UTM-Y: 4122598 Depth: 10.5 Value: 2.04 Station: WE4.2
 --- UTM-X: 377038 UTM-Y: 4122598 Depth: 11 Value: 2.04 Station: WE4.2
 --- UTM-X: 378116 UTM-Y: 4115369 Depth: 0 Value: 7.13 Station: WE4.3
 --- UTM-X: 378116 UTM-Y: 4115369 Depth: 0.5 Value: 7.13 Station: WE4.3
 --- UTM-X: 378116 UTM-Y: 4115369 Depth: 1 Value: 7.13 Station: WE4.3
 --- UTM-X: 378116 UTM-Y: 4115369 Depth: 1.5 Value: 7.125 Station: WE4.3
 --- UTM-X: 378116 UTM-Y: 4115369 Depth: 2 Value: 7.12 Station: WE4.3
 --- UTM-X: 378116 UTM-Y: 4115369 Depth: 2.5 Value: 7.075 Station: WE4.3
 --- UTM-X: 378116 UTM-Y: 4115369 Depth: 3 Value: 7.03 Station: WE4.3
 --- UTM-X: 378116 UTM-Y: 4115369 Depth: 3.5 Value: 6.36 Station: WE4.3
 --- UTM-X: 378116 UTM-Y: 4115369 Depth: 4 Value: 5.69 Station: WE4.3
 --- UTM-X: 385118 UTM-Y: 4107873 Depth: 0 Value: 6.83 Station: WE4.4
 --- UTM-X: 385118 UTM-Y: 4107873 Depth: 0.5 Value: 6.83 Station: WE4.4
 --- UTM-X: 385118 UTM-Y: 4107873 Depth: 1 Value: 6.83 Station: WE4.4
 --- UTM-X: 385118 UTM-Y: 4107873 Depth: 1.5 Value: 6.885 Station: WE4.4
 --- UTM-X: 385118 UTM-Y: 4107873 Depth: 2 Value: 6.94 Station: WE4.4
 --- UTM-X: 385118 UTM-Y: 4107873 Depth: 2.5 Value: 6.85 Station: WE4.4
 --- UTM-X: 385118 UTM-Y: 4107873 Depth: 3 Value: 6.76 Station: WE4.4
 --- UTM-X: 385118 UTM-Y: 4107873 Depth: 3.5 Value: 6.535 Station: WE4.4
 --- UTM-X: 385118 UTM-Y: 4107873 Depth: 4 Value: 6.31 Station: WE4.4
 --- UTM-X: 385118 UTM-Y: 4107873 Depth: 4.5 Value: 5.985 Station: WE4.4
 --- UTM-X: 385118 UTM-Y: 4107873 Depth: 5 Value: 5.66 Station: WE4.4
 --- UTM-X: 385118 UTM-Y: 4107873 Depth: 5.5 Value: 5.65 Station: WE4.4
 --- UTM-X: 385118 UTM-Y: 4107873 Depth: 6 Value: 5.64 Station: WE4.4
 --- 5370 cells were interpolated in region MOBPH.  Subtotal: 216440 total cells.
 ---- Region was calculated in 0 seconds. Segment volume (m^3) = 1342500000
 
 - Bathymetry Region ID: 1066  Region Name: APPTF  Data Points: 0 in data region 1066
 -- Cell Size  E-W: 100  N-S: 100  Vertical: 1
 --- 151 cells were interpolated in region APPTF.  Subtotal: 216591 total cells.
 ---- Region was calculated in 0 seconds. Segment volume (m^3) = 1510000
 
 - Bathymetry Region ID: 1067  Region Name: CHKOH  Data Points: 0 in data region 1067
 -- Cell Size  E-W: 250  N-S: 250  Vertical: 1
 --- 777 cells were interpolated in region CHKOH.  Subtotal: 217368 total cells.
 ---- Region was calculated in 0 seconds. Segment volume (m^3) = 48562500
 
 - Bathymetry Region ID: 1068  Region Name: JMSTF  Data Points: 0 in data region 1068
 -- Cell Size  E-W: 250  N-S: 250  Vertical: 1
 --- 4579 cells were interpolated in region JMSTF.  Subtotal: 221947 total cells.
 ---- Region was calculated in 1 seconds. Segment volume (m^3) = 286187500
 
 - Bathymetry Region ID: 1069  Region Name: JMSOH  Data Points: 0 in data region 1069
 -- Cell Size  E-W: 500  N-S: 500  Vertical: 1
 --- 1726 cells were interpolated in region JMSOH.  Subtotal: 223673 total cells.
 ---- Region was calculated in 0 seconds. Segment volume (m^3) = 431500000
 
 - Bathymetry Region ID: 1070  Region Name: JMSMH  Data Points: 25 in data region 1070
 -- Cell Size  E-W: 1000  N-S: 1000  Vertical: 1
 --- Data in Region ---
 --- UTM-X: 383146 UTM-Y: 4095571 Depth: 0 Value: 6.81 Station: LE5.5-W
 --- UTM-X: 383146 UTM-Y: 4095571 Depth: 0.5 Value: 6.81 Station: LE5.5-W
 --- UTM-X: 383146 UTM-Y: 4095571 Depth: 1 Value: 6.81 Station: LE5.5-W
 --- UTM-X: 383146 UTM-Y: 4095571 Depth: 1.5 Value: 6.7 Station: LE5.5-W
 --- UTM-X: 383146 UTM-Y: 4095571 Depth: 2 Value: 6.59 Station: LE5.5-W
 --- UTM-X: 383146 UTM-Y: 4095571 Depth: 2.5 Value: 6.52 Station: LE5.5-W
 --- UTM-X: 383146 UTM-Y: 4095571 Depth: 3 Value: 6.45 Station: LE5.5-W
 --- UTM-X: 383146 UTM-Y: 4095571 Depth: 3.5 Value: 6.42 Station: LE5.5-W
 --- UTM-X: 383146 UTM-Y: 4095571 Depth: 4 Value: 6.39 Station: LE5.5-W
 --- UTM-X: 383146 UTM-Y: 4095571 Depth: 4.5 Value: 6.365 Station: LE5.5-W
 --- UTM-X: 383146 UTM-Y: 4095571 Depth: 5 Value: 6.34 Station: LE5.5-W
 --- UTM-X: 383146 UTM-Y: 4095571 Depth: 5.5 Value: 6.29 Station: LE5.5-W
 --- UTM-X: 383146 UTM-Y: 4095571 Depth: 6 Value: 6.24 Station: LE5.5-W
 --- UTM-X: 383146 UTM-Y: 4095571 Depth: 6.5 Value: 6.185 Station: LE5.5-W
 --- UTM-X: 383146 UTM-Y: 4095571 Depth: 7 Value: 6.13 Station: LE5.5-W
 --- UTM-X: 383146 UTM-Y: 4095571 Depth: 7.5 Value: 6.11 Station: LE5.5-W
 --- UTM-X: 383146 UTM-Y: 4095571 Depth: 8 Value: 6.09 Station: LE5.5-W
 --- UTM-X: 383146 UTM-Y: 4095571 Depth: 8.5 Value: 6.03 Station: LE5.5-W
 --- UTM-X: 383146 UTM-Y: 4095571 Depth: 9 Value: 5.97 Station: LE5.5-W
 --- UTM-X: 383146 UTM-Y: 4095571 Depth: 9.5 Value: 5.965 Station: LE5.5-W
 --- UTM-X: 383146 UTM-Y: 4095571 Depth: 10 Value: 5.96 Station: LE5.5-W
 --- UTM-X: 383146 UTM-Y: 4095571 Depth: 10.5 Value: 5.915 Station: LE5.5-W
 --- UTM-X: 383146 UTM-Y: 4095571 Depth: 11 Value: 5.87 Station: LE5.5-W
 --- UTM-X: 383146 UTM-Y: 4095571 Depth: 11.5 Value: 5.795 Station: LE5.5-W
 --- UTM-X: 383146 UTM-Y: 4095571 Depth: 12 Value: 5.72 Station: LE5.5-W
 --- 977 cells were interpolated in region JMSMH.  Subtotal: 224650 total cells.
 ---- Region was calculated in 0 seconds. Segment volume (m^3) = 977000000
 
 - Bathymetry Region ID: 1071  Region Name: JMSPH  Data Points: 96 in data region 1071
 -- Cell Size  E-W: 1000  N-S: 1000  Vertical: 1
 --- Data in Region ---
 --- UTM-X: 409195 UTM-Y: 4094882 Depth: 0 Value: 7.06 Station: CB7.4
 --- UTM-X: 409195 UTM-Y: 4094882 Depth: 0.5 Value: 7.06 Station: CB7.4
 --- UTM-X: 409195 UTM-Y: 4094882 Depth: 1 Value: 7.06 Station: CB7.4
 --- UTM-X: 409195 UTM-Y: 4094882 Depth: 1.5 Value: 7.01 Station: CB7.4
 --- UTM-X: 409195 UTM-Y: 4094882 Depth: 2 Value: 6.96 Station: CB7.4
 --- UTM-X: 409195 UTM-Y: 4094882 Depth: 2.5 Value: 6.96 Station: CB7.4
 --- UTM-X: 409195 UTM-Y: 4094882 Depth: 3 Value: 6.96 Station: CB7.4
 --- UTM-X: 409195 UTM-Y: 4094882 Depth: 3.5 Value: 6.895 Station: CB7.4
 --- UTM-X: 409195 UTM-Y: 4094882 Depth: 4 Value: 6.83 Station: CB7.4
 --- UTM-X: 409195 UTM-Y: 4094882 Depth: 4.5 Value: 6.665 Station: CB7.4
 --- UTM-X: 409195 UTM-Y: 4094882 Depth: 5 Value: 6.5 Station: CB7.4
 --- UTM-X: 409195 UTM-Y: 4094882 Depth: 5.5 Value: 6.435 Station: CB7.4
 --- UTM-X: 409195 UTM-Y: 4094882 Depth: 6 Value: 6.37 Station: CB7.4
 --- UTM-X: 409195 UTM-Y: 4094882 Depth: 6.5 Value: 6.34 Station: CB7.4
 --- UTM-X: 409195 UTM-Y: 4094882 Depth: 7 Value: 6.31 Station: CB7.4
 --- UTM-X: 409195 UTM-Y: 4094882 Depth: 7.5 Value: 6.305 Station: CB7.4
 --- UTM-X: 409195 UTM-Y: 4094882 Depth: 8 Value: 6.3 Station: CB7.4
 --- UTM-X: 409195 UTM-Y: 4094882 Depth: 8.5 Value: 6.325 Station: CB7.4
 --- UTM-X: 409195 UTM-Y: 4094882 Depth: 9 Value: 6.35 Station: CB7.4
 --- UTM-X: 409195 UTM-Y: 4094882 Depth: 9.5 Value: 6.355 Station: CB7.4
 --- UTM-X: 409195 UTM-Y: 4094882 Depth: 10 Value: 6.36 Station: CB7.4
 --- UTM-X: 409195 UTM-Y: 4094882 Depth: 10.5 Value: 6.375 Station: CB7.4
 --- UTM-X: 409195 UTM-Y: 4094882 Depth: 11 Value: 6.39 Station: CB7.4
 --- UTM-X: 409195 UTM-Y: 4094882 Depth: 11.5 Value: 6.365 Station: CB7.4
 --- UTM-X: 409195 UTM-Y: 4094882 Depth: 12 Value: 6.34 Station: CB7.4
 --- UTM-X: 409195 UTM-Y: 4094882 Depth: 12.5 Value: 6.3 Station: CB7.4
 --- UTM-X: 409195 UTM-Y: 4094882 Depth: 13 Value: 6.26 Station: CB7.4
 --- UTM-X: 396093 UTM-Y: 4095002 Depth: 0 Value: 6.47 Station: CB8.1
 --- UTM-X: 396093 UTM-Y: 4095002 Depth: 0.5 Value: 6.47 Station: CB8.1
 --- UTM-X: 396093 UTM-Y: 4095002 Depth: 1 Value: 6.47 Station: CB8.1
 --- UTM-X: 396093 UTM-Y: 4095002 Depth: 1.5 Value: 6.32 Station: CB8.1
 --- UTM-X: 396093 UTM-Y: 4095002 Depth: 2 Value: 6.17 Station: CB8.1
 --- UTM-X: 396093 UTM-Y: 4095002 Depth: 2.5 Value: 5.915 Station: CB8.1
 --- UTM-X: 396093 UTM-Y: 4095002 Depth: 3 Value: 5.66 Station: CB8.1
 --- UTM-X: 396093 UTM-Y: 4095002 Depth: 3.5 Value: 5.525 Station: CB8.1
 --- UTM-X: 396093 UTM-Y: 4095002 Depth: 4 Value: 5.39 Station: CB8.1
 --- UTM-X: 396093 UTM-Y: 4095002 Depth: 4.5 Value: 5.35 Station: CB8.1
 --- UTM-X: 396093 UTM-Y: 4095002 Depth: 5 Value: 5.31 Station: CB8.1
 --- UTM-X: 396093 UTM-Y: 4095002 Depth: 5.5 Value: 5.305 Station: CB8.1
 --- UTM-X: 396093 UTM-Y: 4095002 Depth: 6 Value: 5.3 Station: CB8.1
 --- UTM-X: 396093 UTM-Y: 4095002 Depth: 6.5 Value: 5.3 Station: CB8.1
 --- UTM-X: 396093 UTM-Y: 4095002 Depth: 7 Value: 5.3 Station: CB8.1
 --- UTM-X: 396093 UTM-Y: 4095002 Depth: 7.5 Value: 5.53 Station: CB8.1
 --- UTM-X: 396093 UTM-Y: 4095002 Depth: 8 Value: 5.76 Station: CB8.1
 --- UTM-X: 407851 UTM-Y: 4089534 Depth: 0 Value: 6.76 Station: CB8.1E
 --- UTM-X: 407851 UTM-Y: 4089534 Depth: 0.5 Value: 6.76 Station: CB8.1E
 --- UTM-X: 407851 UTM-Y: 4089534 Depth: 1 Value: 6.76 Station: CB8.1E
 --- UTM-X: 407851 UTM-Y: 4089534 Depth: 1.5 Value: 6.695 Station: CB8.1E
 --- UTM-X: 407851 UTM-Y: 4089534 Depth: 2 Value: 6.63 Station: CB8.1E
 --- UTM-X: 407851 UTM-Y: 4089534 Depth: 2.5 Value: 6.545 Station: CB8.1E
 --- UTM-X: 407851 UTM-Y: 4089534 Depth: 3 Value: 6.46 Station: CB8.1E
 --- UTM-X: 407851 UTM-Y: 4089534 Depth: 3.5 Value: 6.39 Station: CB8.1E
 --- UTM-X: 407851 UTM-Y: 4089534 Depth: 4 Value: 6.32 Station: CB8.1E
 --- UTM-X: 407851 UTM-Y: 4089534 Depth: 4.5 Value: 6.155 Station: CB8.1E
 --- UTM-X: 407851 UTM-Y: 4089534 Depth: 5 Value: 5.99 Station: CB8.1E
 --- UTM-X: 407851 UTM-Y: 4089534 Depth: 5.5 Value: 5.885 Station: CB8.1E
 --- UTM-X: 407851 UTM-Y: 4089534 Depth: 6 Value: 5.78 Station: CB8.1E
 --- UTM-X: 407851 UTM-Y: 4089534 Depth: 6.5 Value: 5.81 Station: CB8.1E
 --- UTM-X: 407851 UTM-Y: 4089534 Depth: 7 Value: 5.84 Station: CB8.1E
 --- UTM-X: 407851 UTM-Y: 4089534 Depth: 7.5 Value: 5.705 Station: CB8.1E
 --- UTM-X: 407851 UTM-Y: 4089534 Depth: 8 Value: 5.57 Station: CB8.1E
 --- UTM-X: 407851 UTM-Y: 4089534 Depth: 8.5 Value: 5.61 Station: CB8.1E
 --- UTM-X: 407851 UTM-Y: 4089534 Depth: 9 Value: 5.65 Station: CB8.1E
 --- UTM-X: 407851 UTM-Y: 4089534 Depth: 9.5 Value: 5.625 Station: CB8.1E
 --- UTM-X: 407851 UTM-Y: 4089534 Depth: 10 Value: 5.6 Station: CB8.1E
 --- UTM-X: 407851 UTM-Y: 4089534 Depth: 10.5 Value: 5.545 Station: CB8.1E
 --- UTM-X: 407851 UTM-Y: 4089534 Depth: 11 Value: 5.49 Station: CB8.1E
 --- UTM-X: 407851 UTM-Y: 4089534 Depth: 11.5 Value: 5.505 Station: CB8.1E
 --- UTM-X: 407851 UTM-Y: 4089534 Depth: 12 Value: 5.52 Station: CB8.1E
 --- UTM-X: 407851 UTM-Y: 4089534 Depth: 12.5 Value: 5.61 Station: CB8.1E
 --- UTM-X: 407851 UTM-Y: 4089534 Depth: 13 Value: 5.7 Station: CB8.1E
 --- UTM-X: 383146 UTM-Y: 4095571 Depth: 0 Value: 6.81 Station: LE5.5-W
 --- UTM-X: 383146 UTM-Y: 4095571 Depth: 0.5 Value: 6.81 Station: LE5.5-W
 --- UTM-X: 383146 UTM-Y: 4095571 Depth: 1 Value: 6.81 Station: LE5.5-W
 --- UTM-X: 383146 UTM-Y: 4095571 Depth: 1.5 Value: 6.7 Station: LE5.5-W
 --- UTM-X: 383146 UTM-Y: 4095571 Depth: 2 Value: 6.59 Station: LE5.5-W
 --- UTM-X: 383146 UTM-Y: 4095571 Depth: 2.5 Value: 6.52 Station: LE5.5-W
 --- UTM-X: 383146 UTM-Y: 4095571 Depth: 3 Value: 6.45 Station: LE5.5-W
 --- UTM-X: 383146 UTM-Y: 4095571 Depth: 3.5 Value: 6.42 Station: LE5.5-W
 --- UTM-X: 383146 UTM-Y: 4095571 Depth: 4 Value: 6.39 Station: LE5.5-W
 --- UTM-X: 383146 UTM-Y: 4095571 Depth: 4.5 Value: 6.365 Station: LE5.5-W
 --- UTM-X: 383146 UTM-Y: 4095571 Depth: 5 Value: 6.34 Station: LE5.5-W
 --- UTM-X: 383146 UTM-Y: 4095571 Depth: 5.5 Value: 6.29 Station: LE5.5-W
 --- UTM-X: 383146 UTM-Y: 4095571 Depth: 6 Value: 6.24 Station: LE5.5-W
 --- UTM-X: 383146 UTM-Y: 4095571 Depth: 6.5 Value: 6.185 Station: LE5.5-W
 --- UTM-X: 383146 UTM-Y: 4095571 Depth: 7 Value: 6.13 Station: LE5.5-W
 --- UTM-X: 383146 UTM-Y: 4095571 Depth: 7.5 Value: 6.11 Station: LE5.5-W
 --- UTM-X: 383146 UTM-Y: 4095571 Depth: 8 Value: 6.09 Station: LE5.5-W
 --- UTM-X: 383146 UTM-Y: 4095571 Depth: 8.5 Value: 6.03 Station: LE5.5-W
 --- UTM-X: 383146 UTM-Y: 4095571 Depth: 9 Value: 5.97 Station: LE5.5-W
 --- UTM-X: 383146 UTM-Y: 4095571 Depth: 9.5 Value: 5.965 Station: LE5.5-W
 --- UTM-X: 383146 UTM-Y: 4095571 Depth: 10 Value: 5.96 Station: LE5.5-W
 --- UTM-X: 383146 UTM-Y: 4095571 Depth: 10.5 Value: 5.915 Station: LE5.5-W
 --- UTM-X: 383146 UTM-Y: 4095571 Depth: 11 Value: 5.87 Station: LE5.5-W
 --- UTM-X: 383146 UTM-Y: 4095571 Depth: 11.5 Value: 5.795 Station: LE5.5-W
 --- UTM-X: 383146 UTM-Y: 4095571 Depth: 12 Value: 5.72 Station: LE5.5-W
 --- 434 cells were interpolated in region JMSPH.  Subtotal: 225084 total cells.
 ---- Region was calculated in 0 seconds. Segment volume (m^3) = 434000000
 
 - Bathymetry Region ID: 1072  Region Name: WBEMH  Data Points: 0 in data region 1072
 -- Cell Size  E-W: 100  N-S: 100  Vertical: 1
 --- 631 cells were interpolated in region WBEMH.  Subtotal: 225715 total cells.
 ---- Region was calculated in 0 seconds. Segment volume (m^3) = 6310000
 
 - Bathymetry Region ID: 1073  Region Name: SBEMH  Data Points: 68 in data region 1073
 -- Cell Size  E-W: 100  N-S: 100  Vertical: 1
 --- Data in Region ---
 --- UTM-X: 385059 UTM-Y: 4077977 Depth: 0 Value: 3.9 Station: EBE1
 --- UTM-X: 385059 UTM-Y: 4077977 Depth: 0.5 Value: 3.9 Station: EBE1
 --- UTM-X: 385059 UTM-Y: 4077977 Depth: 1 Value: 3.9 Station: EBE1
 --- UTM-X: 385059 UTM-Y: 4077977 Depth: 1.5 Value: 3.905 Station: EBE1
 --- UTM-X: 385059 UTM-Y: 4077977 Depth: 2 Value: 3.91 Station: EBE1
 --- UTM-X: 385059 UTM-Y: 4077977 Depth: 2.5 Value: 3.9 Station: EBE1
 --- UTM-X: 385059 UTM-Y: 4077977 Depth: 3 Value: 3.89 Station: EBE1
 --- UTM-X: 385059 UTM-Y: 4077977 Depth: 3.5 Value: 3.9 Station: EBE1
 --- UTM-X: 385059 UTM-Y: 4077977 Depth: 4 Value: 3.91 Station: EBE1
 --- UTM-X: 385059 UTM-Y: 4077977 Depth: 4.5 Value: 3.92 Station: EBE1
 --- UTM-X: 385059 UTM-Y: 4077977 Depth: 5 Value: 3.93 Station: EBE1
 --- UTM-X: 385059 UTM-Y: 4077977 Depth: 5.5 Value: 3.94 Station: EBE1
 --- UTM-X: 385059 UTM-Y: 4077977 Depth: 6 Value: 3.95 Station: EBE1
 --- UTM-X: 385059 UTM-Y: 4077977 Depth: 6.5 Value: 3.955 Station: EBE1
 --- UTM-X: 385059 UTM-Y: 4077977 Depth: 7 Value: 3.96 Station: EBE1
 --- UTM-X: 384303 UTM-Y: 4078850 Depth: 0 Value: 4.58 Station: ELE01
 --- UTM-X: 384303 UTM-Y: 4078850 Depth: 0.5 Value: 4.58 Station: ELE01
 --- UTM-X: 384303 UTM-Y: 4078850 Depth: 1 Value: 4.58 Station: ELE01
 --- UTM-X: 384303 UTM-Y: 4078850 Depth: 1.5 Value: 4.565 Station: ELE01
 --- UTM-X: 384303 UTM-Y: 4078850 Depth: 2 Value: 4.55 Station: ELE01
 --- UTM-X: 384303 UTM-Y: 4078850 Depth: 2.5 Value: 4.525 Station: ELE01
 --- UTM-X: 384303 UTM-Y: 4078850 Depth: 3 Value: 4.5 Station: ELE01
 --- UTM-X: 384303 UTM-Y: 4078850 Depth: 3.5 Value: 4.43 Station: ELE01
 --- UTM-X: 384303 UTM-Y: 4078850 Depth: 4 Value: 4.36 Station: ELE01
 --- UTM-X: 384303 UTM-Y: 4078850 Depth: 4.5 Value: 4.32 Station: ELE01
 --- UTM-X: 384303 UTM-Y: 4078850 Depth: 5 Value: 4.28 Station: ELE01
 --- UTM-X: 384303 UTM-Y: 4078850 Depth: 5.5 Value: 4.27 Station: ELE01
 --- UTM-X: 384303 UTM-Y: 4078850 Depth: 6 Value: 4.26 Station: ELE01
 --- UTM-X: 384303 UTM-Y: 4078850 Depth: 6.5 Value: 4.24 Station: ELE01
 --- UTM-X: 384303 UTM-Y: 4078850 Depth: 7 Value: 4.22 Station: ELE01
 --- UTM-X: 384303 UTM-Y: 4078850 Depth: 7.5 Value: 4.205 Station: ELE01
 --- UTM-X: 384303 UTM-Y: 4078850 Depth: 8 Value: 4.19 Station: ELE01
 --- UTM-X: 384303 UTM-Y: 4078850 Depth: 8.5 Value: 4.185 Station: ELE01
 --- UTM-X: 384303 UTM-Y: 4078850 Depth: 9 Value: 4.18 Station: ELE01
 --- UTM-X: 384303 UTM-Y: 4078850 Depth: 9.5 Value: 4.115 Station: ELE01
 --- UTM-X: 384303 UTM-Y: 4078850 Depth: 10 Value: 4.05 Station: ELE01
 --- UTM-X: 384303 UTM-Y: 4078850 Depth: 10.5 Value: 3.955 Station: ELE01
 --- UTM-X: 384303 UTM-Y: 4078850 Depth: 11 Value: 3.86 Station: ELE01
 --- UTM-X: 383530 UTM-Y: 4074884 Depth: 0 Value: 3.97 Station: SBE2
 --- UTM-X: 383530 UTM-Y: 4074884 Depth: 0.5 Value: 3.97 Station: SBE2
 --- UTM-X: 383530 UTM-Y: 4074884 Depth: 1 Value: 3.97 Station: SBE2
 --- UTM-X: 383530 UTM-Y: 4074884 Depth: 1.5 Value: 3.955 Station: SBE2
 --- UTM-X: 383530 UTM-Y: 4074884 Depth: 2 Value: 3.94 Station: SBE2
 --- UTM-X: 383530 UTM-Y: 4074884 Depth: 2.5 Value: 3.93 Station: SBE2
 --- UTM-X: 383530 UTM-Y: 4074884 Depth: 3 Value: 3.92 Station: SBE2
 --- UTM-X: 383530 UTM-Y: 4074884 Depth: 3.5 Value: 3.92 Station: SBE2
 --- UTM-X: 383530 UTM-Y: 4074884 Depth: 4 Value: 3.92 Station: SBE2
 --- UTM-X: 383530 UTM-Y: 4074884 Depth: 4.5 Value: 3.895 Station: SBE2
 --- UTM-X: 383530 UTM-Y: 4074884 Depth: 5 Value: 3.87 Station: SBE2
 --- UTM-X: 383530 UTM-Y: 4074884 Depth: 5.5 Value: 3.87 Station: SBE2
 --- UTM-X: 383530 UTM-Y: 4074884 Depth: 6 Value: 3.87 Station: SBE2
 --- UTM-X: 383530 UTM-Y: 4074884 Depth: 6.5 Value: 3.87 Station: SBE2
 --- UTM-X: 383530 UTM-Y: 4074884 Depth: 7 Value: 3.87 Station: SBE2
 --- UTM-X: 383530 UTM-Y: 4074884 Depth: 7.5 Value: 3.915 Station: SBE2
 --- UTM-X: 383530 UTM-Y: 4074884 Depth: 8 Value: 3.96 Station: SBE2
 --- UTM-X: 384333 UTM-Y: 4070127 Depth: 0 Value: 3.81 Station: SBE5
 --- UTM-X: 384333 UTM-Y: 4070127 Depth: 0.5 Value: 3.81 Station: SBE5
 --- UTM-X: 384333 UTM-Y: 4070127 Depth: 1 Value: 3.81 Station: SBE5
 --- UTM-X: 384333 UTM-Y: 4070127 Depth: 1.5 Value: 3.8 Station: SBE5
 --- UTM-X: 384333 UTM-Y: 4070127 Depth: 2 Value: 3.79 Station: SBE5
 --- UTM-X: 384333 UTM-Y: 4070127 Depth: 2.5 Value: 3.75 Station: SBE5
 --- UTM-X: 384333 UTM-Y: 4070127 Depth: 3 Value: 3.71 Station: SBE5
 --- UTM-X: 384333 UTM-Y: 4070127 Depth: 3.5 Value: 3.66 Station: SBE5
 --- UTM-X: 384333 UTM-Y: 4070127 Depth: 4 Value: 3.61 Station: SBE5
 --- UTM-X: 384333 UTM-Y: 4070127 Depth: 4.5 Value: 3.58 Station: SBE5
 --- UTM-X: 384333 UTM-Y: 4070127 Depth: 5 Value: 3.55 Station: SBE5
 --- UTM-X: 384333 UTM-Y: 4070127 Depth: 5.5 Value: 3.545 Station: SBE5
 --- UTM-X: 384333 UTM-Y: 4070127 Depth: 6 Value: 3.54 Station: SBE5
 --- 2773 cells were interpolated in region SBEMH.  Subtotal: 228488 total cells.
 ---- Region was calculated in 0 seconds. Segment volume (m^3) = 27730000
 
 - Bathymetry Region ID: 1074  Region Name: EBEMH  Data Points: 38 in data region 1074
 -- Cell Size  E-W: 50  N-S: 50  Vertical: 1
 --- Data in Region ---
 --- UTM-X: 385059 UTM-Y: 4077977 Depth: 0 Value: 3.9 Station: EBE1
 --- UTM-X: 385059 UTM-Y: 4077977 Depth: 0.5 Value: 3.9 Station: EBE1
 --- UTM-X: 385059 UTM-Y: 4077977 Depth: 1 Value: 3.9 Station: EBE1
 --- UTM-X: 385059 UTM-Y: 4077977 Depth: 1.5 Value: 3.905 Station: EBE1
 --- UTM-X: 385059 UTM-Y: 4077977 Depth: 2 Value: 3.91 Station: EBE1
 --- UTM-X: 385059 UTM-Y: 4077977 Depth: 2.5 Value: 3.9 Station: EBE1
 --- UTM-X: 385059 UTM-Y: 4077977 Depth: 3 Value: 3.89 Station: EBE1
 --- UTM-X: 385059 UTM-Y: 4077977 Depth: 3.5 Value: 3.9 Station: EBE1
 --- UTM-X: 385059 UTM-Y: 4077977 Depth: 4 Value: 3.91 Station: EBE1
 --- UTM-X: 385059 UTM-Y: 4077977 Depth: 4.5 Value: 3.92 Station: EBE1
 --- UTM-X: 385059 UTM-Y: 4077977 Depth: 5 Value: 3.93 Station: EBE1
 --- UTM-X: 385059 UTM-Y: 4077977 Depth: 5.5 Value: 3.94 Station: EBE1
 --- UTM-X: 385059 UTM-Y: 4077977 Depth: 6 Value: 3.95 Station: EBE1
 --- UTM-X: 385059 UTM-Y: 4077977 Depth: 6.5 Value: 3.955 Station: EBE1
 --- UTM-X: 385059 UTM-Y: 4077977 Depth: 7 Value: 3.96 Station: EBE1
 --- UTM-X: 384303 UTM-Y: 4078850 Depth: 0 Value: 4.58 Station: ELE01
 --- UTM-X: 384303 UTM-Y: 4078850 Depth: 0.5 Value: 4.58 Station: ELE01
 --- UTM-X: 384303 UTM-Y: 4078850 Depth: 1 Value: 4.58 Station: ELE01
 --- UTM-X: 384303 UTM-Y: 4078850 Depth: 1.5 Value: 4.565 Station: ELE01
 --- UTM-X: 384303 UTM-Y: 4078850 Depth: 2 Value: 4.55 Station: ELE01
 --- UTM-X: 384303 UTM-Y: 4078850 Depth: 2.5 Value: 4.525 Station: ELE01
 --- UTM-X: 384303 UTM-Y: 4078850 Depth: 3 Value: 4.5 Station: ELE01
 --- UTM-X: 384303 UTM-Y: 4078850 Depth: 3.5 Value: 4.43 Station: ELE01
 --- UTM-X: 384303 UTM-Y: 4078850 Depth: 4 Value: 4.36 Station: ELE01
 --- UTM-X: 384303 UTM-Y: 4078850 Depth: 4.5 Value: 4.32 Station: ELE01
 --- UTM-X: 384303 UTM-Y: 4078850 Depth: 5 Value: 4.28 Station: ELE01
 --- UTM-X: 384303 UTM-Y: 4078850 Depth: 5.5 Value: 4.27 Station: ELE01
 --- UTM-X: 384303 UTM-Y: 4078850 Depth: 6 Value: 4.26 Station: ELE01
 --- UTM-X: 384303 UTM-Y: 4078850 Depth: 6.5 Value: 4.24 Station: ELE01
 --- UTM-X: 384303 UTM-Y: 4078850 Depth: 7 Value: 4.22 Station: ELE01
 --- UTM-X: 384303 UTM-Y: 4078850 Depth: 7.5 Value: 4.205 Station: ELE01
 --- UTM-X: 384303 UTM-Y: 4078850 Depth: 8 Value: 4.19 Station: ELE01
 --- UTM-X: 384303 UTM-Y: 4078850 Depth: 8.5 Value: 4.185 Station: ELE01
 --- UTM-X: 384303 UTM-Y: 4078850 Depth: 9 Value: 4.18 Station: ELE01
 --- UTM-X: 384303 UTM-Y: 4078850 Depth: 9.5 Value: 4.115 Station: ELE01
 --- UTM-X: 384303 UTM-Y: 4078850 Depth: 10 Value: 4.05 Station: ELE01
 --- UTM-X: 384303 UTM-Y: 4078850 Depth: 10.5 Value: 3.955 Station: ELE01
 --- UTM-X: 384303 UTM-Y: 4078850 Depth: 11 Value: 3.86 Station: ELE01
 --- 2584 cells were interpolated in region EBEMH.  Subtotal: 231072 total cells.
 ---- Region was calculated in 0 seconds. Segment volume (m^3) = 6460000
 
 - Bathymetry Region ID: 1075  Region Name: ELIMH  Data Points: 38 in data region 1075
 -- Cell Size  E-W: 100  N-S: 100  Vertical: 1
 --- Data in Region ---
 --- UTM-X: 385059 UTM-Y: 4077977 Depth: 0 Value: 3.9 Station: EBE1
 --- UTM-X: 385059 UTM-Y: 4077977 Depth: 0.5 Value: 3.9 Station: EBE1
 --- UTM-X: 385059 UTM-Y: 4077977 Depth: 1 Value: 3.9 Station: EBE1
 --- UTM-X: 385059 UTM-Y: 4077977 Depth: 1.5 Value: 3.905 Station: EBE1
 --- UTM-X: 385059 UTM-Y: 4077977 Depth: 2 Value: 3.91 Station: EBE1
 --- UTM-X: 385059 UTM-Y: 4077977 Depth: 2.5 Value: 3.9 Station: EBE1
 --- UTM-X: 385059 UTM-Y: 4077977 Depth: 3 Value: 3.89 Station: EBE1
 --- UTM-X: 385059 UTM-Y: 4077977 Depth: 3.5 Value: 3.9 Station: EBE1
 --- UTM-X: 385059 UTM-Y: 4077977 Depth: 4 Value: 3.91 Station: EBE1
 --- UTM-X: 385059 UTM-Y: 4077977 Depth: 4.5 Value: 3.92 Station: EBE1
 --- UTM-X: 385059 UTM-Y: 4077977 Depth: 5 Value: 3.93 Station: EBE1
 --- UTM-X: 385059 UTM-Y: 4077977 Depth: 5.5 Value: 3.94 Station: EBE1
 --- UTM-X: 385059 UTM-Y: 4077977 Depth: 6 Value: 3.95 Station: EBE1
 --- UTM-X: 385059 UTM-Y: 4077977 Depth: 6.5 Value: 3.955 Station: EBE1
 --- UTM-X: 385059 UTM-Y: 4077977 Depth: 7 Value: 3.96 Station: EBE1
 --- UTM-X: 384303 UTM-Y: 4078850 Depth: 0 Value: 4.58 Station: ELE01
 --- UTM-X: 384303 UTM-Y: 4078850 Depth: 0.5 Value: 4.58 Station: ELE01
 --- UTM-X: 384303 UTM-Y: 4078850 Depth: 1 Value: 4.58 Station: ELE01
 --- UTM-X: 384303 UTM-Y: 4078850 Depth: 1.5 Value: 4.565 Station: ELE01
 --- UTM-X: 384303 UTM-Y: 4078850 Depth: 2 Value: 4.55 Station: ELE01
 --- UTM-X: 384303 UTM-Y: 4078850 Depth: 2.5 Value: 4.525 Station: ELE01
 --- UTM-X: 384303 UTM-Y: 4078850 Depth: 3 Value: 4.5 Station: ELE01
 --- UTM-X: 384303 UTM-Y: 4078850 Depth: 3.5 Value: 4.43 Station: ELE01
 --- UTM-X: 384303 UTM-Y: 4078850 Depth: 4 Value: 4.36 Station: ELE01
 --- UTM-X: 384303 UTM-Y: 4078850 Depth: 4.5 Value: 4.32 Station: ELE01
 --- UTM-X: 384303 UTM-Y: 4078850 Depth: 5 Value: 4.28 Station: ELE01
 --- UTM-X: 384303 UTM-Y: 4078850 Depth: 5.5 Value: 4.27 Station: ELE01
 --- UTM-X: 384303 UTM-Y: 4078850 Depth: 6 Value: 4.26 Station: ELE01
 --- UTM-X: 384303 UTM-Y: 4078850 Depth: 6.5 Value: 4.24 Station: ELE01
 --- UTM-X: 384303 UTM-Y: 4078850 Depth: 7 Value: 4.22 Station: ELE01
 --- UTM-X: 384303 UTM-Y: 4078850 Depth: 7.5 Value: 4.205 Station: ELE01
 --- UTM-X: 384303 UTM-Y: 4078850 Depth: 8 Value: 4.19 Station: ELE01
 --- UTM-X: 384303 UTM-Y: 4078850 Depth: 8.5 Value: 4.185 Station: ELE01
 --- UTM-X: 384303 UTM-Y: 4078850 Depth: 9 Value: 4.18 Station: ELE01
 --- UTM-X: 384303 UTM-Y: 4078850 Depth: 9.5 Value: 4.115 Station: ELE01
 --- UTM-X: 384303 UTM-Y: 4078850 Depth: 10 Value: 4.05 Station: ELE01
 --- UTM-X: 384303 UTM-Y: 4078850 Depth: 10.5 Value: 3.955 Station: ELE01
 --- UTM-X: 384303 UTM-Y: 4078850 Depth: 11 Value: 3.86 Station: ELE01
 --- 5339 cells were interpolated in region ELIMH.  Subtotal: 236411 total cells.
 ---- Region was calculated in 0 seconds. Segment volume (m^3) = 53390000
 
 - Bathymetry Region ID: 1076  Region Name: LAFMH  Data Points: 0 in data region 1076
 -- Cell Size  E-W: 100  N-S: 100  Vertical: 1
 --- 339 cells were interpolated in region LAFMH.  Subtotal: 236750 total cells.
 ---- Region was calculated in 0 seconds. Segment volume (m^3) = 3390000
 
 - Bathymetry Region ID: 1077  Region Name: ELIPH  Data Points: 25 in data region 1077
 -- Cell Size  E-W: 500  N-S: 500  Vertical: 1
 --- Data in Region ---
 --- UTM-X: 383146 UTM-Y: 4095571 Depth: 0 Value: 6.81 Station: LE5.5-W
 --- UTM-X: 383146 UTM-Y: 4095571 Depth: 0.5 Value: 6.81 Station: LE5.5-W
 --- UTM-X: 383146 UTM-Y: 4095571 Depth: 1 Value: 6.81 Station: LE5.5-W
 --- UTM-X: 383146 UTM-Y: 4095571 Depth: 1.5 Value: 6.7 Station: LE5.5-W
 --- UTM-X: 383146 UTM-Y: 4095571 Depth: 2 Value: 6.59 Station: LE5.5-W
 --- UTM-X: 383146 UTM-Y: 4095571 Depth: 2.5 Value: 6.52 Station: LE5.5-W
 --- UTM-X: 383146 UTM-Y: 4095571 Depth: 3 Value: 6.45 Station: LE5.5-W
 --- UTM-X: 383146 UTM-Y: 4095571 Depth: 3.5 Value: 6.42 Station: LE5.5-W
 --- UTM-X: 383146 UTM-Y: 4095571 Depth: 4 Value: 6.39 Station: LE5.5-W
 --- UTM-X: 383146 UTM-Y: 4095571 Depth: 4.5 Value: 6.365 Station: LE5.5-W
 --- UTM-X: 383146 UTM-Y: 4095571 Depth: 5 Value: 6.34 Station: LE5.5-W
 --- UTM-X: 383146 UTM-Y: 4095571 Depth: 5.5 Value: 6.29 Station: LE5.5-W
 --- UTM-X: 383146 UTM-Y: 4095571 Depth: 6 Value: 6.24 Station: LE5.5-W
 --- UTM-X: 383146 UTM-Y: 4095571 Depth: 6.5 Value: 6.185 Station: LE5.5-W
 --- UTM-X: 383146 UTM-Y: 4095571 Depth: 7 Value: 6.13 Station: LE5.5-W
 --- UTM-X: 383146 UTM-Y: 4095571 Depth: 7.5 Value: 6.11 Station: LE5.5-W
 --- UTM-X: 383146 UTM-Y: 4095571 Depth: 8 Value: 6.09 Station: LE5.5-W
 --- UTM-X: 383146 UTM-Y: 4095571 Depth: 8.5 Value: 6.03 Station: LE5.5-W
 --- UTM-X: 383146 UTM-Y: 4095571 Depth: 9 Value: 5.97 Station: LE5.5-W
 --- UTM-X: 383146 UTM-Y: 4095571 Depth: 9.5 Value: 5.965 Station: LE5.5-W
 --- UTM-X: 383146 UTM-Y: 4095571 Depth: 10 Value: 5.96 Station: LE5.5-W
 --- UTM-X: 383146 UTM-Y: 4095571 Depth: 10.5 Value: 5.915 Station: LE5.5-W
 --- UTM-X: 383146 UTM-Y: 4095571 Depth: 11 Value: 5.87 Station: LE5.5-W
 --- UTM-X: 383146 UTM-Y: 4095571 Depth: 11.5 Value: 5.795 Station: LE5.5-W
 --- UTM-X: 383146 UTM-Y: 4095571 Depth: 12 Value: 5.72 Station: LE5.5-W
 --- 246 cells were interpolated in region ELIPH.  Subtotal: 236996 total cells.
 ---- Region was calculated in 0 seconds. Segment volume (m^3) = 61500000
 
 - Bathymetry Region ID: 1078  Region Name: LYNPH  Data Points: 0 in data region 1078
 -- Cell Size  E-W: 100  N-S: 100  Vertical: 1
 --- 1673 cells were interpolated in region LYNPH.  Subtotal: 238669 total cells.
 ---- Region was calculated in 0 seconds. Segment volume (m^3) = 16730000
 
Total Number of Cells Interpolated: 238669
Total Number of Non-Missing Value Cells Interpolated: 227210
Total Number of Missing Value Cells Interpolated: 11459
 
Nearest Neighbors: 4    # of Cells: 102147
Nearest Neighbors: 3    # of Cells: 29028
Nearest Neighbors: 2    # of Cells: 41097
Nearest Neighbors: 1    # of Cells: 54938
 
Total Volume (m^3) = 75199817500
238669 cells were calculated in 9 seconds.
