Statistics Report for C:\Vol3d\New Folder\WTEMP_observed\WTEMP_2025_07full_EARLY.est
 
Title: Chesapeake Basin - 2025
Parameter: July 2025 Cruise  Parameter Code: Water Temperature
Data Period: 07/01/2025-07/16/2025
Data File Date: 07/25/2025
Observations: 2551
Maximum Number of Nearest Neighbors: 4
Minimum Number of Nearest Neighbors: 1
Maximum Vertical Search Window: 4
Minimum Vertical Search Window: 0
Vertical Search Window Step Size: .5
Maximum Horizontal Search Radius: 25000
Missing Value: -9
Interpolator Model: Depth-Radius-Interpolator
Interpolation Date: 7/25/2025 11:59:10 AM
Bathymetry File: bay_trib.bth
Number of Bathymetry Regions: 77
Data Region File: bay_trib.drg
Number of Data Regions: 77
 
 - Bathymetry Region ID: 1001  Region Name: CB1TF  Data Points: 42 in data region 1001
 -- Cell Size  E-W: 1000  N-S: 1000  Vertical: 1
 --- Data in Region ---
 --- UTM-X: 407087 UTM-Y: 4377829 Depth: 0 Value: 84.2 Station: CB1.1
 --- UTM-X: 407087 UTM-Y: 4377829 Depth: 0.5 Value: 84.3 Station: CB1.1
 --- UTM-X: 407087 UTM-Y: 4377829 Depth: 1 Value: 84.4 Station: CB1.1
 --- UTM-X: 407087 UTM-Y: 4377829 Depth: 1.5 Value: 84.3 Station: CB1.1
 --- UTM-X: 407087 UTM-Y: 4377829 Depth: 2 Value: 84.2 Station: CB1.1
 --- UTM-X: 407087 UTM-Y: 4377829 Depth: 2.5 Value: 84.2 Station: CB1.1
 --- UTM-X: 407087 UTM-Y: 4377829 Depth: 3 Value: 84.2 Station: CB1.1
 --- UTM-X: 411823 UTM-Y: 4366119 Depth: 0 Value: 84.6 Station: CB2.1
 --- UTM-X: 411823 UTM-Y: 4366119 Depth: 0.5 Value: 84.6 Station: CB2.1
 --- UTM-X: 411823 UTM-Y: 4366119 Depth: 1 Value: 84.6 Station: CB2.1
 --- UTM-X: 411823 UTM-Y: 4366119 Depth: 1.5 Value: 84.6 Station: CB2.1
 --- UTM-X: 411823 UTM-Y: 4366119 Depth: 2 Value: 84.6 Station: CB2.1
 --- UTM-X: 411823 UTM-Y: 4366119 Depth: 2.5 Value: 84.6 Station: CB2.1
 --- UTM-X: 411823 UTM-Y: 4366119 Depth: 3 Value: 84.6 Station: CB2.1
 --- UTM-X: 411823 UTM-Y: 4366119 Depth: 3.5 Value: 84.6 Station: CB2.1
 --- UTM-X: 411823 UTM-Y: 4366119 Depth: 4 Value: 84.6 Station: CB2.1
 --- UTM-X: 411823 UTM-Y: 4366119 Depth: 4.5 Value: 84.6 Station: CB2.1
 --- UTM-X: 411823 UTM-Y: 4366119 Depth: 5 Value: 84.6 Station: CB2.1
 --- UTM-X: 398780 UTM-Y: 4355918 Depth: 0 Value: 82.9 Station: CB2.2
 --- UTM-X: 398780 UTM-Y: 4355918 Depth: 0.5 Value: 83 Station: CB2.2
 --- UTM-X: 398780 UTM-Y: 4355918 Depth: 1 Value: 83.1 Station: CB2.2
 --- UTM-X: 398780 UTM-Y: 4355918 Depth: 1.5 Value: 83.1 Station: CB2.2
 --- UTM-X: 398780 UTM-Y: 4355918 Depth: 2 Value: 83.1 Station: CB2.2
 --- UTM-X: 398780 UTM-Y: 4355918 Depth: 2.5 Value: 83 Station: CB2.2
 --- UTM-X: 398780 UTM-Y: 4355918 Depth: 3 Value: 82.9 Station: CB2.2
 --- UTM-X: 398780 UTM-Y: 4355918 Depth: 3.5 Value: 82.9 Station: CB2.2
 --- UTM-X: 398780 UTM-Y: 4355918 Depth: 4 Value: 82.9 Station: CB2.2
 --- UTM-X: 398780 UTM-Y: 4355918 Depth: 4.5 Value: 82.9 Station: CB2.2
 --- UTM-X: 398780 UTM-Y: 4355918 Depth: 5 Value: 82.9 Station: CB2.2
 --- UTM-X: 398780 UTM-Y: 4355918 Depth: 5.5 Value: 82.9 Station: CB2.2
 --- UTM-X: 398780 UTM-Y: 4355918 Depth: 6 Value: 82.9 Station: CB2.2
 --- UTM-X: 398780 UTM-Y: 4355918 Depth: 6.5 Value: 82.9 Station: CB2.2
 --- UTM-X: 398780 UTM-Y: 4355918 Depth: 7 Value: 82.9 Station: CB2.2
 --- UTM-X: 398780 UTM-Y: 4355918 Depth: 7.5 Value: 82.9 Station: CB2.2
 --- UTM-X: 398780 UTM-Y: 4355918 Depth: 8 Value: 82.9 Station: CB2.2
 --- UTM-X: 398780 UTM-Y: 4355918 Depth: 8.5 Value: 82.8 Station: CB2.2
 --- UTM-X: 398780 UTM-Y: 4355918 Depth: 9 Value: 82.8 Station: CB2.2
 --- UTM-X: 417720 UTM-Y: 4381039 Depth: 0 Value: 86 Station: ET1.1
 --- UTM-X: 417720 UTM-Y: 4381039 Depth: 0.5 Value: 86 Station: ET1.1
 --- UTM-X: 417720 UTM-Y: 4381039 Depth: 1 Value: 86 Station: ET1.1
 --- UTM-X: 417720 UTM-Y: 4381039 Depth: 1.5 Value: 85.9 Station: ET1.1
 --- UTM-X: 417720 UTM-Y: 4381039 Depth: 2 Value: 85.8 Station: ET1.1
 --- 360 cells were interpolated in region CB1TF.  Subtotal: 360 total cells.
 ---- Region was calculated in 3 seconds. Segment volume (m^3) = 360000000
 
 - Bathymetry Region ID: 1002  Region Name: CB2OH  Data Points: 94 in data region 1002
 -- Cell Size  E-W: 1000  N-S: 1000  Vertical: 1
 --- Data in Region ---
 --- UTM-X: 411823 UTM-Y: 4366119 Depth: 0 Value: 84.6 Station: CB2.1
 --- UTM-X: 411823 UTM-Y: 4366119 Depth: 0.5 Value: 84.6 Station: CB2.1
 --- UTM-X: 411823 UTM-Y: 4366119 Depth: 1 Value: 84.6 Station: CB2.1
 --- UTM-X: 411823 UTM-Y: 4366119 Depth: 1.5 Value: 84.6 Station: CB2.1
 --- UTM-X: 411823 UTM-Y: 4366119 Depth: 2 Value: 84.6 Station: CB2.1
 --- UTM-X: 411823 UTM-Y: 4366119 Depth: 2.5 Value: 84.6 Station: CB2.1
 --- UTM-X: 411823 UTM-Y: 4366119 Depth: 3 Value: 84.6 Station: CB2.1
 --- UTM-X: 411823 UTM-Y: 4366119 Depth: 3.5 Value: 84.6 Station: CB2.1
 --- UTM-X: 411823 UTM-Y: 4366119 Depth: 4 Value: 84.6 Station: CB2.1
 --- UTM-X: 411823 UTM-Y: 4366119 Depth: 4.5 Value: 84.6 Station: CB2.1
 --- UTM-X: 411823 UTM-Y: 4366119 Depth: 5 Value: 84.6 Station: CB2.1
 --- UTM-X: 398780 UTM-Y: 4355918 Depth: 0 Value: 82.9 Station: CB2.2
 --- UTM-X: 398780 UTM-Y: 4355918 Depth: 0.5 Value: 83 Station: CB2.2
 --- UTM-X: 398780 UTM-Y: 4355918 Depth: 1 Value: 83.1 Station: CB2.2
 --- UTM-X: 398780 UTM-Y: 4355918 Depth: 1.5 Value: 83.1 Station: CB2.2
 --- UTM-X: 398780 UTM-Y: 4355918 Depth: 2 Value: 83.1 Station: CB2.2
 --- UTM-X: 398780 UTM-Y: 4355918 Depth: 2.5 Value: 83 Station: CB2.2
 --- UTM-X: 398780 UTM-Y: 4355918 Depth: 3 Value: 82.9 Station: CB2.2
 --- UTM-X: 398780 UTM-Y: 4355918 Depth: 3.5 Value: 82.9 Station: CB2.2
 --- UTM-X: 398780 UTM-Y: 4355918 Depth: 4 Value: 82.9 Station: CB2.2
 --- UTM-X: 398780 UTM-Y: 4355918 Depth: 4.5 Value: 82.9 Station: CB2.2
 --- UTM-X: 398780 UTM-Y: 4355918 Depth: 5 Value: 82.9 Station: CB2.2
 --- UTM-X: 398780 UTM-Y: 4355918 Depth: 5.5 Value: 82.9 Station: CB2.2
 --- UTM-X: 398780 UTM-Y: 4355918 Depth: 6 Value: 82.9 Station: CB2.2
 --- UTM-X: 398780 UTM-Y: 4355918 Depth: 6.5 Value: 82.9 Station: CB2.2
 --- UTM-X: 398780 UTM-Y: 4355918 Depth: 7 Value: 82.9 Station: CB2.2
 --- UTM-X: 398780 UTM-Y: 4355918 Depth: 7.5 Value: 82.9 Station: CB2.2
 --- UTM-X: 398780 UTM-Y: 4355918 Depth: 8 Value: 82.9 Station: CB2.2
 --- UTM-X: 398780 UTM-Y: 4355918 Depth: 8.5 Value: 82.8 Station: CB2.2
 --- UTM-X: 398780 UTM-Y: 4355918 Depth: 9 Value: 82.8 Station: CB2.2
 --- UTM-X: 393173 UTM-Y: 4345077 Depth: 0 Value: 82.4 Station: CB3.1
 --- UTM-X: 393173 UTM-Y: 4345077 Depth: 0.5 Value: 82.4 Station: CB3.1
 --- UTM-X: 393173 UTM-Y: 4345077 Depth: 1 Value: 82.4 Station: CB3.1
 --- UTM-X: 393173 UTM-Y: 4345077 Depth: 1.5 Value: 82.4 Station: CB3.1
 --- UTM-X: 393173 UTM-Y: 4345077 Depth: 2 Value: 82.4 Station: CB3.1
 --- UTM-X: 393173 UTM-Y: 4345077 Depth: 2.5 Value: 82.4 Station: CB3.1
 --- UTM-X: 393173 UTM-Y: 4345077 Depth: 3 Value: 82.4 Station: CB3.1
 --- UTM-X: 393173 UTM-Y: 4345077 Depth: 3.5 Value: 82.4 Station: CB3.1
 --- UTM-X: 393173 UTM-Y: 4345077 Depth: 4 Value: 82.4 Station: CB3.1
 --- UTM-X: 393173 UTM-Y: 4345077 Depth: 4.5 Value: 82.3 Station: CB3.1
 --- UTM-X: 393173 UTM-Y: 4345077 Depth: 5 Value: 82.2 Station: CB3.1
 --- UTM-X: 393173 UTM-Y: 4345077 Depth: 5.5 Value: 82.2 Station: CB3.1
 --- UTM-X: 393173 UTM-Y: 4345077 Depth: 6 Value: 82.2 Station: CB3.1
 --- UTM-X: 393173 UTM-Y: 4345077 Depth: 6.5 Value: 82.2 Station: CB3.1
 --- UTM-X: 393173 UTM-Y: 4345077 Depth: 7 Value: 82.2 Station: CB3.1
 --- UTM-X: 393173 UTM-Y: 4345077 Depth: 7.5 Value: 82 Station: CB3.1
 --- UTM-X: 393173 UTM-Y: 4345077 Depth: 8 Value: 81.9 Station: CB3.1
 --- UTM-X: 393173 UTM-Y: 4345077 Depth: 8.5 Value: 80.9 Station: CB3.1
 --- UTM-X: 393173 UTM-Y: 4345077 Depth: 9 Value: 79.9 Station: CB3.1
 --- UTM-X: 393173 UTM-Y: 4345077 Depth: 9.5 Value: 79 Station: CB3.1
 --- UTM-X: 393173 UTM-Y: 4345077 Depth: 10 Value: 78.1 Station: CB3.1
 --- UTM-X: 393173 UTM-Y: 4345077 Depth: 10.5 Value: 77.9 Station: CB3.1
 --- UTM-X: 393173 UTM-Y: 4345077 Depth: 11 Value: 77.7 Station: CB3.1
 --- UTM-X: 393173 UTM-Y: 4345077 Depth: 11.5 Value: 77.6 Station: CB3.1
 --- UTM-X: 393173 UTM-Y: 4345077 Depth: 12 Value: 77.5 Station: CB3.1
 --- UTM-X: 387140 UTM-Y: 4335727 Depth: 0 Value: 82.4 Station: CB3.2
 --- UTM-X: 387140 UTM-Y: 4335727 Depth: 0.5 Value: 82.4 Station: CB3.2
 --- UTM-X: 387140 UTM-Y: 4335727 Depth: 1 Value: 82.4 Station: CB3.2
 --- UTM-X: 387140 UTM-Y: 4335727 Depth: 1.5 Value: 82.5 Station: CB3.2
 --- UTM-X: 387140 UTM-Y: 4335727 Depth: 2 Value: 82.6 Station: CB3.2
 --- UTM-X: 387140 UTM-Y: 4335727 Depth: 2.5 Value: 82.7 Station: CB3.2
 --- UTM-X: 387140 UTM-Y: 4335727 Depth: 3 Value: 82.8 Station: CB3.2
 --- UTM-X: 387140 UTM-Y: 4335727 Depth: 3.5 Value: 82.6 Station: CB3.2
 --- UTM-X: 387140 UTM-Y: 4335727 Depth: 4 Value: 82.4 Station: CB3.2
 --- UTM-X: 387140 UTM-Y: 4335727 Depth: 4.5 Value: 82.2 Station: CB3.2
 --- UTM-X: 387140 UTM-Y: 4335727 Depth: 5 Value: 82 Station: CB3.2
 --- UTM-X: 387140 UTM-Y: 4335727 Depth: 5.5 Value: 82 Station: CB3.2
 --- UTM-X: 387140 UTM-Y: 4335727 Depth: 6 Value: 82 Station: CB3.2
 --- UTM-X: 387140 UTM-Y: 4335727 Depth: 6.5 Value: 81.1 Station: CB3.2
 --- UTM-X: 387140 UTM-Y: 4335727 Depth: 7 Value: 80.2 Station: CB3.2
 --- UTM-X: 387140 UTM-Y: 4335727 Depth: 7.5 Value: 79.9 Station: CB3.2
 --- UTM-X: 387140 UTM-Y: 4335727 Depth: 8 Value: 79.5 Station: CB3.2
 --- UTM-X: 387140 UTM-Y: 4335727 Depth: 8.5 Value: 79.2 Station: CB3.2
 --- UTM-X: 387140 UTM-Y: 4335727 Depth: 9 Value: 78.8 Station: CB3.2
 --- UTM-X: 387140 UTM-Y: 4335727 Depth: 9.5 Value: 77.7 Station: CB3.2
 --- UTM-X: 387140 UTM-Y: 4335727 Depth: 10 Value: 76.6 Station: CB3.2
 --- UTM-X: 393167 UTM-Y: 4365613 Depth: 0 Value: 86.4 Station: WT1.1
 --- UTM-X: 393167 UTM-Y: 4365613 Depth: 0.5 Value: 86.2 Station: WT1.1
 --- UTM-X: 393167 UTM-Y: 4365613 Depth: 1 Value: 86 Station: WT1.1
 --- UTM-X: 393167 UTM-Y: 4365613 Depth: 1.5 Value: 85.9 Station: WT1.1
 --- UTM-X: 393167 UTM-Y: 4365613 Depth: 2 Value: 85.8 Station: WT1.1
 --- UTM-X: 384454 UTM-Y: 4360187 Depth: 0 Value: 87.1 Station: WT2.1
 --- UTM-X: 384454 UTM-Y: 4360187 Depth: 0.5 Value: 86.5 Station: WT2.1
 --- UTM-X: 384454 UTM-Y: 4360187 Depth: 1 Value: 86 Station: WT2.1
 --- UTM-X: 379310 UTM-Y: 4351015 Depth: 0 Value: 86.4 Station: WT3.1
 --- UTM-X: 379310 UTM-Y: 4351015 Depth: 0.5 Value: 86.3 Station: WT3.1
 --- UTM-X: 379310 UTM-Y: 4351015 Depth: 1 Value: 86.2 Station: WT3.1
 --- UTM-X: 379310 UTM-Y: 4351015 Depth: 1.5 Value: 85.9 Station: WT3.1
 --- UTM-X: 379310 UTM-Y: 4351015 Depth: 2 Value: 85.6 Station: WT3.1
 --- UTM-X: 379310 UTM-Y: 4351015 Depth: 2.5 Value: 85.5 Station: WT3.1
 --- UTM-X: 379310 UTM-Y: 4351015 Depth: 3 Value: 85.5 Station: WT3.1
 --- UTM-X: 374969 UTM-Y: 4349233 Depth: 0 Value: 87.3 Station: WT4.1
 --- UTM-X: 374969 UTM-Y: 4349233 Depth: 0.5 Value: 87 Station: WT4.1
 --- UTM-X: 374969 UTM-Y: 4349233 Depth: 1 Value: 86.7 Station: WT4.1
 --- 1237 cells were interpolated in region CB2OH.  Subtotal: 1597 total cells.
 ---- Region was calculated in 0 seconds. Segment volume (m^3) = 1237000000
 
 - Bathymetry Region ID: 1003  Region Name: CB3MH  Data Points: 327 in data region 1003
 -- Cell Size  E-W: 1000  N-S: 1000  Vertical: 1
 --- Data in Region ---
 --- UTM-X: 398780 UTM-Y: 4355918 Depth: 0 Value: 82.9 Station: CB2.2
 --- UTM-X: 398780 UTM-Y: 4355918 Depth: 0.5 Value: 83 Station: CB2.2
 --- UTM-X: 398780 UTM-Y: 4355918 Depth: 1 Value: 83.1 Station: CB2.2
 --- UTM-X: 398780 UTM-Y: 4355918 Depth: 1.5 Value: 83.1 Station: CB2.2
 --- UTM-X: 398780 UTM-Y: 4355918 Depth: 2 Value: 83.1 Station: CB2.2
 --- UTM-X: 398780 UTM-Y: 4355918 Depth: 2.5 Value: 83 Station: CB2.2
 --- UTM-X: 398780 UTM-Y: 4355918 Depth: 3 Value: 82.9 Station: CB2.2
 --- UTM-X: 398780 UTM-Y: 4355918 Depth: 3.5 Value: 82.9 Station: CB2.2
 --- UTM-X: 398780 UTM-Y: 4355918 Depth: 4 Value: 82.9 Station: CB2.2
 --- UTM-X: 398780 UTM-Y: 4355918 Depth: 4.5 Value: 82.9 Station: CB2.2
 --- UTM-X: 398780 UTM-Y: 4355918 Depth: 5 Value: 82.9 Station: CB2.2
 --- UTM-X: 398780 UTM-Y: 4355918 Depth: 5.5 Value: 82.9 Station: CB2.2
 --- UTM-X: 398780 UTM-Y: 4355918 Depth: 6 Value: 82.9 Station: CB2.2
 --- UTM-X: 398780 UTM-Y: 4355918 Depth: 6.5 Value: 82.9 Station: CB2.2
 --- UTM-X: 398780 UTM-Y: 4355918 Depth: 7 Value: 82.9 Station: CB2.2
 --- UTM-X: 398780 UTM-Y: 4355918 Depth: 7.5 Value: 82.9 Station: CB2.2
 --- UTM-X: 398780 UTM-Y: 4355918 Depth: 8 Value: 82.9 Station: CB2.2
 --- UTM-X: 398780 UTM-Y: 4355918 Depth: 8.5 Value: 82.8 Station: CB2.2
 --- UTM-X: 398780 UTM-Y: 4355918 Depth: 9 Value: 82.8 Station: CB2.2
 --- UTM-X: 393173 UTM-Y: 4345077 Depth: 0 Value: 82.4 Station: CB3.1
 --- UTM-X: 393173 UTM-Y: 4345077 Depth: 0.5 Value: 82.4 Station: CB3.1
 --- UTM-X: 393173 UTM-Y: 4345077 Depth: 1 Value: 82.4 Station: CB3.1
 --- UTM-X: 393173 UTM-Y: 4345077 Depth: 1.5 Value: 82.4 Station: CB3.1
 --- UTM-X: 393173 UTM-Y: 4345077 Depth: 2 Value: 82.4 Station: CB3.1
 --- UTM-X: 393173 UTM-Y: 4345077 Depth: 2.5 Value: 82.4 Station: CB3.1
 --- UTM-X: 393173 UTM-Y: 4345077 Depth: 3 Value: 82.4 Station: CB3.1
 --- UTM-X: 393173 UTM-Y: 4345077 Depth: 3.5 Value: 82.4 Station: CB3.1
 --- UTM-X: 393173 UTM-Y: 4345077 Depth: 4 Value: 82.4 Station: CB3.1
 --- UTM-X: 393173 UTM-Y: 4345077 Depth: 4.5 Value: 82.3 Station: CB3.1
 --- UTM-X: 393173 UTM-Y: 4345077 Depth: 5 Value: 82.2 Station: CB3.1
 --- UTM-X: 393173 UTM-Y: 4345077 Depth: 5.5 Value: 82.2 Station: CB3.1
 --- UTM-X: 393173 UTM-Y: 4345077 Depth: 6 Value: 82.2 Station: CB3.1
 --- UTM-X: 393173 UTM-Y: 4345077 Depth: 6.5 Value: 82.2 Station: CB3.1
 --- UTM-X: 393173 UTM-Y: 4345077 Depth: 7 Value: 82.2 Station: CB3.1
 --- UTM-X: 393173 UTM-Y: 4345077 Depth: 7.5 Value: 82 Station: CB3.1
 --- UTM-X: 393173 UTM-Y: 4345077 Depth: 8 Value: 81.9 Station: CB3.1
 --- UTM-X: 393173 UTM-Y: 4345077 Depth: 8.5 Value: 80.9 Station: CB3.1
 --- UTM-X: 393173 UTM-Y: 4345077 Depth: 9 Value: 79.9 Station: CB3.1
 --- UTM-X: 393173 UTM-Y: 4345077 Depth: 9.5 Value: 79 Station: CB3.1
 --- UTM-X: 393173 UTM-Y: 4345077 Depth: 10 Value: 78.1 Station: CB3.1
 --- UTM-X: 393173 UTM-Y: 4345077 Depth: 10.5 Value: 77.9 Station: CB3.1
 --- UTM-X: 393173 UTM-Y: 4345077 Depth: 11 Value: 77.7 Station: CB3.1
 --- UTM-X: 393173 UTM-Y: 4345077 Depth: 11.5 Value: 77.6 Station: CB3.1
 --- UTM-X: 393173 UTM-Y: 4345077 Depth: 12 Value: 77.5 Station: CB3.1
 --- UTM-X: 387140 UTM-Y: 4335727 Depth: 0 Value: 82.4 Station: CB3.2
 --- UTM-X: 387140 UTM-Y: 4335727 Depth: 0.5 Value: 82.4 Station: CB3.2
 --- UTM-X: 387140 UTM-Y: 4335727 Depth: 1 Value: 82.4 Station: CB3.2
 --- UTM-X: 387140 UTM-Y: 4335727 Depth: 1.5 Value: 82.5 Station: CB3.2
 --- UTM-X: 387140 UTM-Y: 4335727 Depth: 2 Value: 82.6 Station: CB3.2
 --- UTM-X: 387140 UTM-Y: 4335727 Depth: 2.5 Value: 82.7 Station: CB3.2
 --- UTM-X: 387140 UTM-Y: 4335727 Depth: 3 Value: 82.8 Station: CB3.2
 --- UTM-X: 387140 UTM-Y: 4335727 Depth: 3.5 Value: 82.6 Station: CB3.2
 --- UTM-X: 387140 UTM-Y: 4335727 Depth: 4 Value: 82.4 Station: CB3.2
 --- UTM-X: 387140 UTM-Y: 4335727 Depth: 4.5 Value: 82.2 Station: CB3.2
 --- UTM-X: 387140 UTM-Y: 4335727 Depth: 5 Value: 82 Station: CB3.2
 --- UTM-X: 387140 UTM-Y: 4335727 Depth: 5.5 Value: 82 Station: CB3.2
 --- UTM-X: 387140 UTM-Y: 4335727 Depth: 6 Value: 82 Station: CB3.2
 --- UTM-X: 387140 UTM-Y: 4335727 Depth: 6.5 Value: 81.1 Station: CB3.2
 --- UTM-X: 387140 UTM-Y: 4335727 Depth: 7 Value: 80.2 Station: CB3.2
 --- UTM-X: 387140 UTM-Y: 4335727 Depth: 7.5 Value: 79.9 Station: CB3.2
 --- UTM-X: 387140 UTM-Y: 4335727 Depth: 8 Value: 79.5 Station: CB3.2
 --- UTM-X: 387140 UTM-Y: 4335727 Depth: 8.5 Value: 79.2 Station: CB3.2
 --- UTM-X: 387140 UTM-Y: 4335727 Depth: 9 Value: 78.8 Station: CB3.2
 --- UTM-X: 387140 UTM-Y: 4335727 Depth: 9.5 Value: 77.7 Station: CB3.2
 --- UTM-X: 387140 UTM-Y: 4335727 Depth: 10 Value: 76.6 Station: CB3.2
 --- UTM-X: 382253 UTM-Y: 4317113 Depth: 0 Value: 85.3 Station: CB3.3C
 --- UTM-X: 382253 UTM-Y: 4317113 Depth: 0.5 Value: 85.4 Station: CB3.3C
 --- UTM-X: 382253 UTM-Y: 4317113 Depth: 1 Value: 85.5 Station: CB3.3C
 --- UTM-X: 382253 UTM-Y: 4317113 Depth: 1.5 Value: 85.4 Station: CB3.3C
 --- UTM-X: 382253 UTM-Y: 4317113 Depth: 2 Value: 85.3 Station: CB3.3C
 --- UTM-X: 382253 UTM-Y: 4317113 Depth: 2.5 Value: 83.7 Station: CB3.3C
 --- UTM-X: 382253 UTM-Y: 4317113 Depth: 3 Value: 82 Station: CB3.3C
 --- UTM-X: 382253 UTM-Y: 4317113 Depth: 3.5 Value: 82 Station: CB3.3C
 --- UTM-X: 382253 UTM-Y: 4317113 Depth: 4 Value: 81.9 Station: CB3.3C
 --- UTM-X: 382253 UTM-Y: 4317113 Depth: 4.5 Value: 81.9 Station: CB3.3C
 --- UTM-X: 382253 UTM-Y: 4317113 Depth: 5 Value: 81.9 Station: CB3.3C
 --- UTM-X: 382253 UTM-Y: 4317113 Depth: 5.5 Value: 81.7 Station: CB3.3C
 --- UTM-X: 382253 UTM-Y: 4317113 Depth: 6 Value: 81.5 Station: CB3.3C
 --- UTM-X: 382253 UTM-Y: 4317113 Depth: 6.5 Value: 80.9 Station: CB3.3C
 --- UTM-X: 382253 UTM-Y: 4317113 Depth: 7 Value: 80.2 Station: CB3.3C
 --- UTM-X: 382253 UTM-Y: 4317113 Depth: 7.5 Value: 79.9 Station: CB3.3C
 --- UTM-X: 382253 UTM-Y: 4317113 Depth: 8 Value: 79.5 Station: CB3.3C
 --- UTM-X: 382253 UTM-Y: 4317113 Depth: 8.5 Value: 79.3 Station: CB3.3C
 --- UTM-X: 382253 UTM-Y: 4317113 Depth: 9 Value: 79.2 Station: CB3.3C
 --- UTM-X: 382253 UTM-Y: 4317113 Depth: 9.5 Value: 79.1 Station: CB3.3C
 --- UTM-X: 382253 UTM-Y: 4317113 Depth: 10 Value: 79 Station: CB3.3C
 --- UTM-X: 382253 UTM-Y: 4317113 Depth: 10.5 Value: 78.5 Station: CB3.3C
 --- UTM-X: 382253 UTM-Y: 4317113 Depth: 11 Value: 78.1 Station: CB3.3C
 --- UTM-X: 382253 UTM-Y: 4317113 Depth: 11.5 Value: 76.7 Station: CB3.3C
 --- UTM-X: 382253 UTM-Y: 4317113 Depth: 12 Value: 75.4 Station: CB3.3C
 --- UTM-X: 382253 UTM-Y: 4317113 Depth: 12.5 Value: 74.3 Station: CB3.3C
 --- UTM-X: 382253 UTM-Y: 4317113 Depth: 13 Value: 73.2 Station: CB3.3C
 --- UTM-X: 382253 UTM-Y: 4317113 Depth: 13.5 Value: 72.8 Station: CB3.3C
 --- UTM-X: 382253 UTM-Y: 4317113 Depth: 14 Value: 72.3 Station: CB3.3C
 --- UTM-X: 382253 UTM-Y: 4317113 Depth: 14.5 Value: 72.1 Station: CB3.3C
 --- UTM-X: 382253 UTM-Y: 4317113 Depth: 15 Value: 72 Station: CB3.3C
 --- UTM-X: 382253 UTM-Y: 4317113 Depth: 15.5 Value: 71.8 Station: CB3.3C
 --- UTM-X: 382253 UTM-Y: 4317113 Depth: 16 Value: 71.7 Station: CB3.3C
 --- UTM-X: 382253 UTM-Y: 4317113 Depth: 16.5 Value: 71.6 Station: CB3.3C
 --- UTM-X: 382253 UTM-Y: 4317113 Depth: 17 Value: 71.4 Station: CB3.3C
 --- UTM-X: 382253 UTM-Y: 4317113 Depth: 17.5 Value: 71.4 Station: CB3.3C
 --- UTM-X: 382253 UTM-Y: 4317113 Depth: 18 Value: 71.3 Station: CB3.3C
 --- UTM-X: 382253 UTM-Y: 4317113 Depth: 18.5 Value: 71.3 Station: CB3.3C
 --- UTM-X: 382253 UTM-Y: 4317113 Depth: 19 Value: 71.2 Station: CB3.3C
 --- UTM-X: 382253 UTM-Y: 4317113 Depth: 19.5 Value: 71.2 Station: CB3.3C
 --- UTM-X: 382253 UTM-Y: 4317113 Depth: 20 Value: 71.2 Station: CB3.3C
 --- UTM-X: 382253 UTM-Y: 4317113 Depth: 20.5 Value: 71.1 Station: CB3.3C
 --- UTM-X: 382253 UTM-Y: 4317113 Depth: 21 Value: 71.1 Station: CB3.3C
 --- UTM-X: 382253 UTM-Y: 4317113 Depth: 21.5 Value: 71 Station: CB3.3C
 --- UTM-X: 382253 UTM-Y: 4317113 Depth: 22 Value: 70.9 Station: CB3.3C
 --- UTM-X: 383418 UTM-Y: 4317836 Depth: 0 Value: 83.8 Station: CB3.3E
 --- UTM-X: 383418 UTM-Y: 4317836 Depth: 0.5 Value: 83.6 Station: CB3.3E
 --- UTM-X: 383418 UTM-Y: 4317836 Depth: 1 Value: 83.3 Station: CB3.3E
 --- UTM-X: 383418 UTM-Y: 4317836 Depth: 1.5 Value: 82.6 Station: CB3.3E
 --- UTM-X: 383418 UTM-Y: 4317836 Depth: 2 Value: 81.9 Station: CB3.3E
 --- UTM-X: 383418 UTM-Y: 4317836 Depth: 2.5 Value: 82 Station: CB3.3E
 --- UTM-X: 383418 UTM-Y: 4317836 Depth: 3 Value: 82 Station: CB3.3E
 --- UTM-X: 383418 UTM-Y: 4317836 Depth: 3.5 Value: 82 Station: CB3.3E
 --- UTM-X: 383418 UTM-Y: 4317836 Depth: 4 Value: 81.9 Station: CB3.3E
 --- UTM-X: 383418 UTM-Y: 4317836 Depth: 4.5 Value: 81.7 Station: CB3.3E
 --- UTM-X: 383418 UTM-Y: 4317836 Depth: 5 Value: 81.5 Station: CB3.3E
 --- UTM-X: 383418 UTM-Y: 4317836 Depth: 5.5 Value: 81.4 Station: CB3.3E
 --- UTM-X: 383418 UTM-Y: 4317836 Depth: 6 Value: 81.3 Station: CB3.3E
 --- UTM-X: 379813 UTM-Y: 4318075 Depth: 0 Value: 83.5 Station: CB3.3W
 --- UTM-X: 379813 UTM-Y: 4318075 Depth: 0.5 Value: 83.5 Station: CB3.3W
 --- UTM-X: 379813 UTM-Y: 4318075 Depth: 1 Value: 83.5 Station: CB3.3W
 --- UTM-X: 379813 UTM-Y: 4318075 Depth: 1.5 Value: 83.4 Station: CB3.3W
 --- UTM-X: 379813 UTM-Y: 4318075 Depth: 2 Value: 83.3 Station: CB3.3W
 --- UTM-X: 379813 UTM-Y: 4318075 Depth: 2.5 Value: 83.2 Station: CB3.3W
 --- UTM-X: 379813 UTM-Y: 4318075 Depth: 3 Value: 83.1 Station: CB3.3W
 --- UTM-X: 379813 UTM-Y: 4318075 Depth: 3.5 Value: 83.1 Station: CB3.3W
 --- UTM-X: 379813 UTM-Y: 4318075 Depth: 4 Value: 83.1 Station: CB3.3W
 --- UTM-X: 379813 UTM-Y: 4318075 Depth: 4.5 Value: 82.9 Station: CB3.3W
 --- UTM-X: 379813 UTM-Y: 4318075 Depth: 5 Value: 82.8 Station: CB3.3W
 --- UTM-X: 379813 UTM-Y: 4318075 Depth: 5.5 Value: 82.8 Station: CB3.3W
 --- UTM-X: 379813 UTM-Y: 4318075 Depth: 6 Value: 82.8 Station: CB3.3W
 --- UTM-X: 379813 UTM-Y: 4318075 Depth: 6.5 Value: 82.8 Station: CB3.3W
 --- UTM-X: 379813 UTM-Y: 4318075 Depth: 7 Value: 82.8 Station: CB3.3W
 --- UTM-X: 378499 UTM-Y: 4298300 Depth: 0 Value: 83.1 Station: CB4.1C
 --- UTM-X: 378499 UTM-Y: 4298300 Depth: 0.5 Value: 82.8 Station: CB4.1C
 --- UTM-X: 378499 UTM-Y: 4298300 Depth: 1 Value: 82.6 Station: CB4.1C
 --- UTM-X: 378499 UTM-Y: 4298300 Depth: 1.5 Value: 82.6 Station: CB4.1C
 --- UTM-X: 378499 UTM-Y: 4298300 Depth: 2 Value: 82.6 Station: CB4.1C
 --- UTM-X: 378499 UTM-Y: 4298300 Depth: 2.5 Value: 82.6 Station: CB4.1C
 --- UTM-X: 378499 UTM-Y: 4298300 Depth: 3 Value: 82.6 Station: CB4.1C
 --- UTM-X: 378499 UTM-Y: 4298300 Depth: 3.5 Value: 82 Station: CB4.1C
 --- UTM-X: 378499 UTM-Y: 4298300 Depth: 4 Value: 81.5 Station: CB4.1C
 --- UTM-X: 378499 UTM-Y: 4298300 Depth: 4.5 Value: 81.5 Station: CB4.1C
 --- UTM-X: 378499 UTM-Y: 4298300 Depth: 5 Value: 81.5 Station: CB4.1C
 --- UTM-X: 378499 UTM-Y: 4298300 Depth: 5.5 Value: 81 Station: CB4.1C
 --- UTM-X: 378499 UTM-Y: 4298300 Depth: 6 Value: 80.6 Station: CB4.1C
 --- UTM-X: 378499 UTM-Y: 4298300 Depth: 6.5 Value: 80.5 Station: CB4.1C
 --- UTM-X: 378499 UTM-Y: 4298300 Depth: 7 Value: 80.4 Station: CB4.1C
 --- UTM-X: 378499 UTM-Y: 4298300 Depth: 7.5 Value: 80.2 Station: CB4.1C
 --- UTM-X: 378499 UTM-Y: 4298300 Depth: 8 Value: 80.1 Station: CB4.1C
 --- UTM-X: 378499 UTM-Y: 4298300 Depth: 8.5 Value: 79.2 Station: CB4.1C
 --- UTM-X: 378499 UTM-Y: 4298300 Depth: 9 Value: 78.4 Station: CB4.1C
 --- UTM-X: 378499 UTM-Y: 4298300 Depth: 9.5 Value: 77.9 Station: CB4.1C
 --- UTM-X: 378499 UTM-Y: 4298300 Depth: 10 Value: 77.4 Station: CB4.1C
 --- UTM-X: 378499 UTM-Y: 4298300 Depth: 10.5 Value: 75.6 Station: CB4.1C
 --- UTM-X: 378499 UTM-Y: 4298300 Depth: 11 Value: 73.8 Station: CB4.1C
 --- UTM-X: 378499 UTM-Y: 4298300 Depth: 11.5 Value: 73.1 Station: CB4.1C
 --- UTM-X: 378499 UTM-Y: 4298300 Depth: 12 Value: 72.5 Station: CB4.1C
 --- UTM-X: 378499 UTM-Y: 4298300 Depth: 12.5 Value: 72 Station: CB4.1C
 --- UTM-X: 378499 UTM-Y: 4298300 Depth: 13 Value: 71.4 Station: CB4.1C
 --- UTM-X: 378499 UTM-Y: 4298300 Depth: 13.5 Value: 71.3 Station: CB4.1C
 --- UTM-X: 378499 UTM-Y: 4298300 Depth: 14 Value: 71.2 Station: CB4.1C
 --- UTM-X: 378499 UTM-Y: 4298300 Depth: 14.5 Value: 71.2 Station: CB4.1C
 --- UTM-X: 378499 UTM-Y: 4298300 Depth: 15 Value: 71.1 Station: CB4.1C
 --- UTM-X: 378499 UTM-Y: 4298300 Depth: 15.5 Value: 71 Station: CB4.1C
 --- UTM-X: 378499 UTM-Y: 4298300 Depth: 16 Value: 71 Station: CB4.1C
 --- UTM-X: 378499 UTM-Y: 4298300 Depth: 16.5 Value: 70.9 Station: CB4.1C
 --- UTM-X: 378499 UTM-Y: 4298300 Depth: 17 Value: 70.9 Station: CB4.1C
 --- UTM-X: 378499 UTM-Y: 4298300 Depth: 17.5 Value: 70.8 Station: CB4.1C
 --- UTM-X: 378499 UTM-Y: 4298300 Depth: 18 Value: 70.8 Station: CB4.1C
 --- UTM-X: 378499 UTM-Y: 4298300 Depth: 18.5 Value: 70.7 Station: CB4.1C
 --- UTM-X: 378499 UTM-Y: 4298300 Depth: 19 Value: 70.7 Station: CB4.1C
 --- UTM-X: 378499 UTM-Y: 4298300 Depth: 19.5 Value: 70.7 Station: CB4.1C
 --- UTM-X: 378499 UTM-Y: 4298300 Depth: 20 Value: 70.7 Station: CB4.1C
 --- UTM-X: 378499 UTM-Y: 4298300 Depth: 20.5 Value: 70.7 Station: CB4.1C
 --- UTM-X: 378499 UTM-Y: 4298300 Depth: 21 Value: 70.7 Station: CB4.1C
 --- UTM-X: 378499 UTM-Y: 4298300 Depth: 21.5 Value: 70.7 Station: CB4.1C
 --- UTM-X: 378499 UTM-Y: 4298300 Depth: 22 Value: 70.7 Station: CB4.1C
 --- UTM-X: 378499 UTM-Y: 4298300 Depth: 22.5 Value: 70.7 Station: CB4.1C
 --- UTM-X: 378499 UTM-Y: 4298300 Depth: 23 Value: 70.7 Station: CB4.1C
 --- UTM-X: 378499 UTM-Y: 4298300 Depth: 23.5 Value: 70.7 Station: CB4.1C
 --- UTM-X: 378499 UTM-Y: 4298300 Depth: 24 Value: 70.7 Station: CB4.1C
 --- UTM-X: 378499 UTM-Y: 4298300 Depth: 24.5 Value: 70.7 Station: CB4.1C
 --- UTM-X: 378499 UTM-Y: 4298300 Depth: 25 Value: 70.7 Station: CB4.1C
 --- UTM-X: 378499 UTM-Y: 4298300 Depth: 25.5 Value: 70.7 Station: CB4.1C
 --- UTM-X: 378499 UTM-Y: 4298300 Depth: 26 Value: 70.7 Station: CB4.1C
 --- UTM-X: 378499 UTM-Y: 4298300 Depth: 26.5 Value: 70.7 Station: CB4.1C
 --- UTM-X: 378499 UTM-Y: 4298300 Depth: 27 Value: 70.7 Station: CB4.1C
 --- UTM-X: 378499 UTM-Y: 4298300 Depth: 27.5 Value: 70.7 Station: CB4.1C
 --- UTM-X: 378499 UTM-Y: 4298300 Depth: 28 Value: 70.7 Station: CB4.1C
 --- UTM-X: 378499 UTM-Y: 4298300 Depth: 28.5 Value: 70.7 Station: CB4.1C
 --- UTM-X: 378499 UTM-Y: 4298300 Depth: 29 Value: 70.7 Station: CB4.1C
 --- UTM-X: 380969 UTM-Y: 4297307 Depth: 0 Value: 83.1 Station: CB4.1E
 --- UTM-X: 380969 UTM-Y: 4297307 Depth: 0.5 Value: 83.1 Station: CB4.1E
 --- UTM-X: 380969 UTM-Y: 4297307 Depth: 1 Value: 83.1 Station: CB4.1E
 --- UTM-X: 380969 UTM-Y: 4297307 Depth: 1.5 Value: 83.1 Station: CB4.1E
 --- UTM-X: 380969 UTM-Y: 4297307 Depth: 2 Value: 83.1 Station: CB4.1E
 --- UTM-X: 380969 UTM-Y: 4297307 Depth: 2.5 Value: 83.1 Station: CB4.1E
 --- UTM-X: 380969 UTM-Y: 4297307 Depth: 3 Value: 83.1 Station: CB4.1E
 --- UTM-X: 380969 UTM-Y: 4297307 Depth: 3.5 Value: 82.8 Station: CB4.1E
 --- UTM-X: 380969 UTM-Y: 4297307 Depth: 4 Value: 82.4 Station: CB4.1E
 --- UTM-X: 380969 UTM-Y: 4297307 Depth: 4.5 Value: 82.3 Station: CB4.1E
 --- UTM-X: 380969 UTM-Y: 4297307 Depth: 5 Value: 82.2 Station: CB4.1E
 --- UTM-X: 380969 UTM-Y: 4297307 Depth: 5.5 Value: 82.2 Station: CB4.1E
 --- UTM-X: 380969 UTM-Y: 4297307 Depth: 6 Value: 82.2 Station: CB4.1E
 --- UTM-X: 380969 UTM-Y: 4297307 Depth: 6.5 Value: 81.9 Station: CB4.1E
 --- UTM-X: 380969 UTM-Y: 4297307 Depth: 7 Value: 81.5 Station: CB4.1E
 --- UTM-X: 380969 UTM-Y: 4297307 Depth: 7.5 Value: 80.6 Station: CB4.1E
 --- UTM-X: 380969 UTM-Y: 4297307 Depth: 8 Value: 79.7 Station: CB4.1E
 --- UTM-X: 380969 UTM-Y: 4297307 Depth: 8.5 Value: 79.7 Station: CB4.1E
 --- UTM-X: 380969 UTM-Y: 4297307 Depth: 9 Value: 79.7 Station: CB4.1E
 --- UTM-X: 380969 UTM-Y: 4297307 Depth: 9.5 Value: 78.9 Station: CB4.1E
 --- UTM-X: 380969 UTM-Y: 4297307 Depth: 10 Value: 78.1 Station: CB4.1E
 --- UTM-X: 380969 UTM-Y: 4297307 Depth: 10.5 Value: 77.3 Station: CB4.1E
 --- UTM-X: 380969 UTM-Y: 4297307 Depth: 11 Value: 76.5 Station: CB4.1E
 --- UTM-X: 380969 UTM-Y: 4297307 Depth: 11.5 Value: 76 Station: CB4.1E
 --- UTM-X: 380969 UTM-Y: 4297307 Depth: 12 Value: 75.6 Station: CB4.1E
 --- UTM-X: 380969 UTM-Y: 4297307 Depth: 12.5 Value: 75.1 Station: CB4.1E
 --- UTM-X: 380969 UTM-Y: 4297307 Depth: 13 Value: 74.7 Station: CB4.1E
 --- UTM-X: 380969 UTM-Y: 4297307 Depth: 13.5 Value: 74.4 Station: CB4.1E
 --- UTM-X: 380969 UTM-Y: 4297307 Depth: 14 Value: 74.1 Station: CB4.1E
 --- UTM-X: 380969 UTM-Y: 4297307 Depth: 14.5 Value: 73.6 Station: CB4.1E
 --- UTM-X: 380969 UTM-Y: 4297307 Depth: 15 Value: 73 Station: CB4.1E
 --- UTM-X: 380969 UTM-Y: 4297307 Depth: 15.5 Value: 73 Station: CB4.1E
 --- UTM-X: 380969 UTM-Y: 4297307 Depth: 16 Value: 73 Station: CB4.1E
 --- UTM-X: 380969 UTM-Y: 4297307 Depth: 16.5 Value: 72.9 Station: CB4.1E
 --- UTM-X: 380969 UTM-Y: 4297307 Depth: 17 Value: 72.7 Station: CB4.1E
 --- UTM-X: 380969 UTM-Y: 4297307 Depth: 17.5 Value: 72.5 Station: CB4.1E
 --- UTM-X: 380969 UTM-Y: 4297307 Depth: 18 Value: 72.2 Station: CB4.1E
 --- UTM-X: 380969 UTM-Y: 4297307 Depth: 18.5 Value: 72 Station: CB4.1E
 --- UTM-X: 380969 UTM-Y: 4297307 Depth: 19 Value: 71.8 Station: CB4.1E
 --- UTM-X: 380969 UTM-Y: 4297307 Depth: 19.5 Value: 71.7 Station: CB4.1E
 --- UTM-X: 380969 UTM-Y: 4297307 Depth: 20 Value: 71.7 Station: CB4.1E
 --- UTM-X: 380969 UTM-Y: 4297307 Depth: 20.5 Value: 71.6 Station: CB4.1E
 --- UTM-X: 380969 UTM-Y: 4297307 Depth: 21 Value: 71.6 Station: CB4.1E
 --- UTM-X: 380969 UTM-Y: 4297307 Depth: 21.5 Value: 71.6 Station: CB4.1E
 --- UTM-X: 380969 UTM-Y: 4297307 Depth: 22 Value: 71.6 Station: CB4.1E
 --- UTM-X: 373004 UTM-Y: 4297091 Depth: 0 Value: 85.3 Station: CB4.1W
 --- UTM-X: 373004 UTM-Y: 4297091 Depth: 0.5 Value: 85.2 Station: CB4.1W
 --- UTM-X: 373004 UTM-Y: 4297091 Depth: 1 Value: 85.1 Station: CB4.1W
 --- UTM-X: 373004 UTM-Y: 4297091 Depth: 1.5 Value: 84.4 Station: CB4.1W
 --- UTM-X: 373004 UTM-Y: 4297091 Depth: 2 Value: 83.7 Station: CB4.1W
 --- UTM-X: 373004 UTM-Y: 4297091 Depth: 2.5 Value: 82.9 Station: CB4.1W
 --- UTM-X: 373004 UTM-Y: 4297091 Depth: 3 Value: 82.2 Station: CB4.1W
 --- UTM-X: 373004 UTM-Y: 4297091 Depth: 3.5 Value: 82.2 Station: CB4.1W
 --- UTM-X: 373004 UTM-Y: 4297091 Depth: 4 Value: 82.2 Station: CB4.1W
 --- UTM-X: 373004 UTM-Y: 4297091 Depth: 4.5 Value: 82.1 Station: CB4.1W
 --- UTM-X: 373004 UTM-Y: 4297091 Depth: 5 Value: 82 Station: CB4.1W
 --- UTM-X: 373004 UTM-Y: 4297091 Depth: 5.5 Value: 82 Station: CB4.1W
 --- UTM-X: 373004 UTM-Y: 4297091 Depth: 6 Value: 82 Station: CB4.1W
 --- UTM-X: 373004 UTM-Y: 4297091 Depth: 6.5 Value: 82 Station: CB4.1W
 --- UTM-X: 373004 UTM-Y: 4297091 Depth: 7 Value: 81.9 Station: CB4.1W
 --- UTM-X: 394661 UTM-Y: 4316568 Depth: 0 Value: 83.7 Station: ET4.2
 --- UTM-X: 394661 UTM-Y: 4316568 Depth: 0.5 Value: 83.6 Station: ET4.2
 --- UTM-X: 394661 UTM-Y: 4316568 Depth: 1 Value: 83.5 Station: ET4.2
 --- UTM-X: 394661 UTM-Y: 4316568 Depth: 1.5 Value: 83.5 Station: ET4.2
 --- UTM-X: 394661 UTM-Y: 4316568 Depth: 2 Value: 83.5 Station: ET4.2
 --- UTM-X: 394661 UTM-Y: 4316568 Depth: 2.5 Value: 83.4 Station: ET4.2
 --- UTM-X: 394661 UTM-Y: 4316568 Depth: 3 Value: 83.3 Station: ET4.2
 --- UTM-X: 394661 UTM-Y: 4316568 Depth: 3.5 Value: 83.3 Station: ET4.2
 --- UTM-X: 394661 UTM-Y: 4316568 Depth: 4 Value: 83.3 Station: ET4.2
 --- UTM-X: 394661 UTM-Y: 4316568 Depth: 4.5 Value: 83.2 Station: ET4.2
 --- UTM-X: 394661 UTM-Y: 4316568 Depth: 5 Value: 83.1 Station: ET4.2
 --- UTM-X: 394661 UTM-Y: 4316568 Depth: 5.5 Value: 82.8 Station: ET4.2
 --- UTM-X: 394661 UTM-Y: 4316568 Depth: 6 Value: 82.6 Station: ET4.2
 --- UTM-X: 394661 UTM-Y: 4316568 Depth: 6.5 Value: 80.3 Station: ET4.2
 --- UTM-X: 394661 UTM-Y: 4316568 Depth: 7 Value: 78.1 Station: ET4.2
 --- UTM-X: 394661 UTM-Y: 4316568 Depth: 7.5 Value: 76.8 Station: ET4.2
 --- UTM-X: 394661 UTM-Y: 4316568 Depth: 8 Value: 75.6 Station: ET4.2
 --- UTM-X: 394661 UTM-Y: 4316568 Depth: 8.5 Value: 75.3 Station: ET4.2
 --- UTM-X: 394661 UTM-Y: 4316568 Depth: 9 Value: 75 Station: ET4.2
 --- UTM-X: 394661 UTM-Y: 4316568 Depth: 9.5 Value: 74.7 Station: ET4.2
 --- UTM-X: 379310 UTM-Y: 4351015 Depth: 0 Value: 86.4 Station: WT3.1
 --- UTM-X: 379310 UTM-Y: 4351015 Depth: 0.5 Value: 86.3 Station: WT3.1
 --- UTM-X: 379310 UTM-Y: 4351015 Depth: 1 Value: 86.2 Station: WT3.1
 --- UTM-X: 379310 UTM-Y: 4351015 Depth: 1.5 Value: 85.9 Station: WT3.1
 --- UTM-X: 379310 UTM-Y: 4351015 Depth: 2 Value: 85.6 Station: WT3.1
 --- UTM-X: 379310 UTM-Y: 4351015 Depth: 2.5 Value: 85.5 Station: WT3.1
 --- UTM-X: 379310 UTM-Y: 4351015 Depth: 3 Value: 85.5 Station: WT3.1
 --- UTM-X: 368360 UTM-Y: 4341015 Depth: 0 Value: 86 Station: WT5.1
 --- UTM-X: 368360 UTM-Y: 4341015 Depth: 0.5 Value: 85.8 Station: WT5.1
 --- UTM-X: 368360 UTM-Y: 4341015 Depth: 1 Value: 85.6 Station: WT5.1
 --- UTM-X: 368360 UTM-Y: 4341015 Depth: 1.5 Value: 84.8 Station: WT5.1
 --- UTM-X: 368360 UTM-Y: 4341015 Depth: 2 Value: 84 Station: WT5.1
 --- UTM-X: 368360 UTM-Y: 4341015 Depth: 2.5 Value: 84 Station: WT5.1
 --- UTM-X: 368360 UTM-Y: 4341015 Depth: 3 Value: 84 Station: WT5.1
 --- UTM-X: 368360 UTM-Y: 4341015 Depth: 3.5 Value: 83.7 Station: WT5.1
 --- UTM-X: 368360 UTM-Y: 4341015 Depth: 4 Value: 83.3 Station: WT5.1
 --- UTM-X: 368360 UTM-Y: 4341015 Depth: 4.5 Value: 82.3 Station: WT5.1
 --- UTM-X: 368360 UTM-Y: 4341015 Depth: 5 Value: 81.3 Station: WT5.1
 --- UTM-X: 368360 UTM-Y: 4341015 Depth: 5.5 Value: 81 Station: WT5.1
 --- UTM-X: 368360 UTM-Y: 4341015 Depth: 6 Value: 80.6 Station: WT5.1
 --- UTM-X: 368360 UTM-Y: 4341015 Depth: 6.5 Value: 80.1 Station: WT5.1
 --- UTM-X: 368360 UTM-Y: 4341015 Depth: 7 Value: 79.5 Station: WT5.1
 --- UTM-X: 368360 UTM-Y: 4341015 Depth: 7.5 Value: 78.6 Station: WT5.1
 --- UTM-X: 368360 UTM-Y: 4341015 Depth: 8 Value: 77.7 Station: WT5.1
 --- UTM-X: 368360 UTM-Y: 4341015 Depth: 8.5 Value: 77 Station: WT5.1
 --- UTM-X: 368360 UTM-Y: 4341015 Depth: 9 Value: 76.3 Station: WT5.1
 --- UTM-X: 368360 UTM-Y: 4341015 Depth: 9.5 Value: 75.9 Station: WT5.1
 --- UTM-X: 368360 UTM-Y: 4341015 Depth: 10 Value: 75.6 Station: WT5.1
 --- UTM-X: 368360 UTM-Y: 4341015 Depth: 10.5 Value: 75.1 Station: WT5.1
 --- UTM-X: 368360 UTM-Y: 4341015 Depth: 11 Value: 74.7 Station: WT5.1
 --- UTM-X: 368360 UTM-Y: 4341015 Depth: 11.5 Value: 74.6 Station: WT5.1
 --- UTM-X: 368360 UTM-Y: 4341015 Depth: 12 Value: 74.5 Station: WT5.1
 --- UTM-X: 368360 UTM-Y: 4341015 Depth: 12.5 Value: 74.3 Station: WT5.1
 --- UTM-X: 368360 UTM-Y: 4341015 Depth: 13 Value: 74.1 Station: WT5.1
 --- UTM-X: 368360 UTM-Y: 4341015 Depth: 13.5 Value: 73.7 Station: WT5.1
 --- UTM-X: 368360 UTM-Y: 4341015 Depth: 14 Value: 73.2 Station: WT5.1
 --- UTM-X: 368360 UTM-Y: 4341015 Depth: 14.5 Value: 73.2 Station: WT5.1
 --- UTM-X: 368360 UTM-Y: 4341015 Depth: 15 Value: 73.2 Station: WT5.1
 --- UTM-X: 372437 UTM-Y: 4326147 Depth: 0 Value: 86.5 Station: WT6.1
 --- UTM-X: 372437 UTM-Y: 4326147 Depth: 0.5 Value: 86.5 Station: WT6.1
 --- UTM-X: 372437 UTM-Y: 4326147 Depth: 1 Value: 86.4 Station: WT6.1
 --- UTM-X: 372437 UTM-Y: 4326147 Depth: 1.5 Value: 86.4 Station: WT6.1
 --- UTM-X: 372437 UTM-Y: 4326147 Depth: 2 Value: 86.4 Station: WT6.1
 --- UTM-X: 372437 UTM-Y: 4326147 Depth: 2.5 Value: 86.2 Station: WT6.1
 --- UTM-X: 372437 UTM-Y: 4326147 Depth: 3 Value: 86 Station: WT6.1
 --- UTM-X: 372437 UTM-Y: 4326147 Depth: 3.5 Value: 85.8 Station: WT6.1
 --- UTM-X: 372437 UTM-Y: 4326147 Depth: 4 Value: 85.6 Station: WT6.1
 --- UTM-X: 372437 UTM-Y: 4326147 Depth: 4.5 Value: 84.2 Station: WT6.1
 --- UTM-X: 372437 UTM-Y: 4326147 Depth: 5 Value: 82.8 Station: WT6.1
 --- UTM-X: 391935 UTM-Y: 4314323 Depth: 0 Value: 82.9 Station: XGG8251
 --- 2391 cells were interpolated in region CB3MH.  Subtotal: 3988 total cells.
 ---- Region was calculated in 0 seconds. Segment volume (m^3) = 2391000000
 
 - Bathymetry Region ID: 1004  Region Name: CB4MH  Data Points: 652 in data region 1004
 -- Cell Size  E-W: 1000  N-S: 1000  Vertical: 1
 --- Data in Region ---
 --- UTM-X: 387140 UTM-Y: 4335727 Depth: 0 Value: 82.4 Station: CB3.2
 --- UTM-X: 387140 UTM-Y: 4335727 Depth: 0.5 Value: 82.4 Station: CB3.2
 --- UTM-X: 387140 UTM-Y: 4335727 Depth: 1 Value: 82.4 Station: CB3.2
 --- UTM-X: 387140 UTM-Y: 4335727 Depth: 1.5 Value: 82.5 Station: CB3.2
 --- UTM-X: 387140 UTM-Y: 4335727 Depth: 2 Value: 82.6 Station: CB3.2
 --- UTM-X: 387140 UTM-Y: 4335727 Depth: 2.5 Value: 82.7 Station: CB3.2
 --- UTM-X: 387140 UTM-Y: 4335727 Depth: 3 Value: 82.8 Station: CB3.2
 --- UTM-X: 387140 UTM-Y: 4335727 Depth: 3.5 Value: 82.6 Station: CB3.2
 --- UTM-X: 387140 UTM-Y: 4335727 Depth: 4 Value: 82.4 Station: CB3.2
 --- UTM-X: 387140 UTM-Y: 4335727 Depth: 4.5 Value: 82.2 Station: CB3.2
 --- UTM-X: 387140 UTM-Y: 4335727 Depth: 5 Value: 82 Station: CB3.2
 --- UTM-X: 387140 UTM-Y: 4335727 Depth: 5.5 Value: 82 Station: CB3.2
 --- UTM-X: 387140 UTM-Y: 4335727 Depth: 6 Value: 82 Station: CB3.2
 --- UTM-X: 387140 UTM-Y: 4335727 Depth: 6.5 Value: 81.1 Station: CB3.2
 --- UTM-X: 387140 UTM-Y: 4335727 Depth: 7 Value: 80.2 Station: CB3.2
 --- UTM-X: 387140 UTM-Y: 4335727 Depth: 7.5 Value: 79.9 Station: CB3.2
 --- UTM-X: 387140 UTM-Y: 4335727 Depth: 8 Value: 79.5 Station: CB3.2
 --- UTM-X: 387140 UTM-Y: 4335727 Depth: 8.5 Value: 79.2 Station: CB3.2
 --- UTM-X: 387140 UTM-Y: 4335727 Depth: 9 Value: 78.8 Station: CB3.2
 --- UTM-X: 387140 UTM-Y: 4335727 Depth: 9.5 Value: 77.7 Station: CB3.2
 --- UTM-X: 387140 UTM-Y: 4335727 Depth: 10 Value: 76.6 Station: CB3.2
 --- UTM-X: 382253 UTM-Y: 4317113 Depth: 0 Value: 85.3 Station: CB3.3C
 --- UTM-X: 382253 UTM-Y: 4317113 Depth: 0.5 Value: 85.4 Station: CB3.3C
 --- UTM-X: 382253 UTM-Y: 4317113 Depth: 1 Value: 85.5 Station: CB3.3C
 --- UTM-X: 382253 UTM-Y: 4317113 Depth: 1.5 Value: 85.4 Station: CB3.3C
 --- UTM-X: 382253 UTM-Y: 4317113 Depth: 2 Value: 85.3 Station: CB3.3C
 --- UTM-X: 382253 UTM-Y: 4317113 Depth: 2.5 Value: 83.7 Station: CB3.3C
 --- UTM-X: 382253 UTM-Y: 4317113 Depth: 3 Value: 82 Station: CB3.3C
 --- UTM-X: 382253 UTM-Y: 4317113 Depth: 3.5 Value: 82 Station: CB3.3C
 --- UTM-X: 382253 UTM-Y: 4317113 Depth: 4 Value: 81.9 Station: CB3.3C
 --- UTM-X: 382253 UTM-Y: 4317113 Depth: 4.5 Value: 81.9 Station: CB3.3C
 --- UTM-X: 382253 UTM-Y: 4317113 Depth: 5 Value: 81.9 Station: CB3.3C
 --- UTM-X: 382253 UTM-Y: 4317113 Depth: 5.5 Value: 81.7 Station: CB3.3C
 --- UTM-X: 382253 UTM-Y: 4317113 Depth: 6 Value: 81.5 Station: CB3.3C
 --- UTM-X: 382253 UTM-Y: 4317113 Depth: 6.5 Value: 80.9 Station: CB3.3C
 --- UTM-X: 382253 UTM-Y: 4317113 Depth: 7 Value: 80.2 Station: CB3.3C
 --- UTM-X: 382253 UTM-Y: 4317113 Depth: 7.5 Value: 79.9 Station: CB3.3C
 --- UTM-X: 382253 UTM-Y: 4317113 Depth: 8 Value: 79.5 Station: CB3.3C
 --- UTM-X: 382253 UTM-Y: 4317113 Depth: 8.5 Value: 79.3 Station: CB3.3C
 --- UTM-X: 382253 UTM-Y: 4317113 Depth: 9 Value: 79.2 Station: CB3.3C
 --- UTM-X: 382253 UTM-Y: 4317113 Depth: 9.5 Value: 79.1 Station: CB3.3C
 --- UTM-X: 382253 UTM-Y: 4317113 Depth: 10 Value: 79 Station: CB3.3C
 --- UTM-X: 382253 UTM-Y: 4317113 Depth: 10.5 Value: 78.5 Station: CB3.3C
 --- UTM-X: 382253 UTM-Y: 4317113 Depth: 11 Value: 78.1 Station: CB3.3C
 --- UTM-X: 382253 UTM-Y: 4317113 Depth: 11.5 Value: 76.7 Station: CB3.3C
 --- UTM-X: 382253 UTM-Y: 4317113 Depth: 12 Value: 75.4 Station: CB3.3C
 --- UTM-X: 382253 UTM-Y: 4317113 Depth: 12.5 Value: 74.3 Station: CB3.3C
 --- UTM-X: 382253 UTM-Y: 4317113 Depth: 13 Value: 73.2 Station: CB3.3C
 --- UTM-X: 382253 UTM-Y: 4317113 Depth: 13.5 Value: 72.8 Station: CB3.3C
 --- UTM-X: 382253 UTM-Y: 4317113 Depth: 14 Value: 72.3 Station: CB3.3C
 --- UTM-X: 382253 UTM-Y: 4317113 Depth: 14.5 Value: 72.1 Station: CB3.3C
 --- UTM-X: 382253 UTM-Y: 4317113 Depth: 15 Value: 72 Station: CB3.3C
 --- UTM-X: 382253 UTM-Y: 4317113 Depth: 15.5 Value: 71.8 Station: CB3.3C
 --- UTM-X: 382253 UTM-Y: 4317113 Depth: 16 Value: 71.7 Station: CB3.3C
 --- UTM-X: 382253 UTM-Y: 4317113 Depth: 16.5 Value: 71.6 Station: CB3.3C
 --- UTM-X: 382253 UTM-Y: 4317113 Depth: 17 Value: 71.4 Station: CB3.3C
 --- UTM-X: 382253 UTM-Y: 4317113 Depth: 17.5 Value: 71.4 Station: CB3.3C
 --- UTM-X: 382253 UTM-Y: 4317113 Depth: 18 Value: 71.3 Station: CB3.3C
 --- UTM-X: 382253 UTM-Y: 4317113 Depth: 18.5 Value: 71.3 Station: CB3.3C
 --- UTM-X: 382253 UTM-Y: 4317113 Depth: 19 Value: 71.2 Station: CB3.3C
 --- UTM-X: 382253 UTM-Y: 4317113 Depth: 19.5 Value: 71.2 Station: CB3.3C
 --- UTM-X: 382253 UTM-Y: 4317113 Depth: 20 Value: 71.2 Station: CB3.3C
 --- UTM-X: 382253 UTM-Y: 4317113 Depth: 20.5 Value: 71.1 Station: CB3.3C
 --- UTM-X: 382253 UTM-Y: 4317113 Depth: 21 Value: 71.1 Station: CB3.3C
 --- UTM-X: 382253 UTM-Y: 4317113 Depth: 21.5 Value: 71 Station: CB3.3C
 --- UTM-X: 382253 UTM-Y: 4317113 Depth: 22 Value: 70.9 Station: CB3.3C
 --- UTM-X: 383418 UTM-Y: 4317836 Depth: 0 Value: 83.8 Station: CB3.3E
 --- UTM-X: 383418 UTM-Y: 4317836 Depth: 0.5 Value: 83.6 Station: CB3.3E
 --- UTM-X: 383418 UTM-Y: 4317836 Depth: 1 Value: 83.3 Station: CB3.3E
 --- UTM-X: 383418 UTM-Y: 4317836 Depth: 1.5 Value: 82.6 Station: CB3.3E
 --- UTM-X: 383418 UTM-Y: 4317836 Depth: 2 Value: 81.9 Station: CB3.3E
 --- UTM-X: 383418 UTM-Y: 4317836 Depth: 2.5 Value: 82 Station: CB3.3E
 --- UTM-X: 383418 UTM-Y: 4317836 Depth: 3 Value: 82 Station: CB3.3E
 --- UTM-X: 383418 UTM-Y: 4317836 Depth: 3.5 Value: 82 Station: CB3.3E
 --- UTM-X: 383418 UTM-Y: 4317836 Depth: 4 Value: 81.9 Station: CB3.3E
 --- UTM-X: 383418 UTM-Y: 4317836 Depth: 4.5 Value: 81.7 Station: CB3.3E
 --- UTM-X: 383418 UTM-Y: 4317836 Depth: 5 Value: 81.5 Station: CB3.3E
 --- UTM-X: 383418 UTM-Y: 4317836 Depth: 5.5 Value: 81.4 Station: CB3.3E
 --- UTM-X: 383418 UTM-Y: 4317836 Depth: 6 Value: 81.3 Station: CB3.3E
 --- UTM-X: 379813 UTM-Y: 4318075 Depth: 0 Value: 83.5 Station: CB3.3W
 --- UTM-X: 379813 UTM-Y: 4318075 Depth: 0.5 Value: 83.5 Station: CB3.3W
 --- UTM-X: 379813 UTM-Y: 4318075 Depth: 1 Value: 83.5 Station: CB3.3W
 --- UTM-X: 379813 UTM-Y: 4318075 Depth: 1.5 Value: 83.4 Station: CB3.3W
 --- UTM-X: 379813 UTM-Y: 4318075 Depth: 2 Value: 83.3 Station: CB3.3W
 --- UTM-X: 379813 UTM-Y: 4318075 Depth: 2.5 Value: 83.2 Station: CB3.3W
 --- UTM-X: 379813 UTM-Y: 4318075 Depth: 3 Value: 83.1 Station: CB3.3W
 --- UTM-X: 379813 UTM-Y: 4318075 Depth: 3.5 Value: 83.1 Station: CB3.3W
 --- UTM-X: 379813 UTM-Y: 4318075 Depth: 4 Value: 83.1 Station: CB3.3W
 --- UTM-X: 379813 UTM-Y: 4318075 Depth: 4.5 Value: 82.9 Station: CB3.3W
 --- UTM-X: 379813 UTM-Y: 4318075 Depth: 5 Value: 82.8 Station: CB3.3W
 --- UTM-X: 379813 UTM-Y: 4318075 Depth: 5.5 Value: 82.8 Station: CB3.3W
 --- UTM-X: 379813 UTM-Y: 4318075 Depth: 6 Value: 82.8 Station: CB3.3W
 --- UTM-X: 379813 UTM-Y: 4318075 Depth: 6.5 Value: 82.8 Station: CB3.3W
 --- UTM-X: 379813 UTM-Y: 4318075 Depth: 7 Value: 82.8 Station: CB3.3W
 --- UTM-X: 378499 UTM-Y: 4298300 Depth: 0 Value: 83.1 Station: CB4.1C
 --- UTM-X: 378499 UTM-Y: 4298300 Depth: 0.5 Value: 82.8 Station: CB4.1C
 --- UTM-X: 378499 UTM-Y: 4298300 Depth: 1 Value: 82.6 Station: CB4.1C
 --- UTM-X: 378499 UTM-Y: 4298300 Depth: 1.5 Value: 82.6 Station: CB4.1C
 --- UTM-X: 378499 UTM-Y: 4298300 Depth: 2 Value: 82.6 Station: CB4.1C
 --- UTM-X: 378499 UTM-Y: 4298300 Depth: 2.5 Value: 82.6 Station: CB4.1C
 --- UTM-X: 378499 UTM-Y: 4298300 Depth: 3 Value: 82.6 Station: CB4.1C
 --- UTM-X: 378499 UTM-Y: 4298300 Depth: 3.5 Value: 82 Station: CB4.1C
 --- UTM-X: 378499 UTM-Y: 4298300 Depth: 4 Value: 81.5 Station: CB4.1C
 --- UTM-X: 378499 UTM-Y: 4298300 Depth: 4.5 Value: 81.5 Station: CB4.1C
 --- UTM-X: 378499 UTM-Y: 4298300 Depth: 5 Value: 81.5 Station: CB4.1C
 --- UTM-X: 378499 UTM-Y: 4298300 Depth: 5.5 Value: 81 Station: CB4.1C
 --- UTM-X: 378499 UTM-Y: 4298300 Depth: 6 Value: 80.6 Station: CB4.1C
 --- UTM-X: 378499 UTM-Y: 4298300 Depth: 6.5 Value: 80.5 Station: CB4.1C
 --- UTM-X: 378499 UTM-Y: 4298300 Depth: 7 Value: 80.4 Station: CB4.1C
 --- UTM-X: 378499 UTM-Y: 4298300 Depth: 7.5 Value: 80.2 Station: CB4.1C
 --- UTM-X: 378499 UTM-Y: 4298300 Depth: 8 Value: 80.1 Station: CB4.1C
 --- UTM-X: 378499 UTM-Y: 4298300 Depth: 8.5 Value: 79.2 Station: CB4.1C
 --- UTM-X: 378499 UTM-Y: 4298300 Depth: 9 Value: 78.4 Station: CB4.1C
 --- UTM-X: 378499 UTM-Y: 4298300 Depth: 9.5 Value: 77.9 Station: CB4.1C
 --- UTM-X: 378499 UTM-Y: 4298300 Depth: 10 Value: 77.4 Station: CB4.1C
 --- UTM-X: 378499 UTM-Y: 4298300 Depth: 10.5 Value: 75.6 Station: CB4.1C
 --- UTM-X: 378499 UTM-Y: 4298300 Depth: 11 Value: 73.8 Station: CB4.1C
 --- UTM-X: 378499 UTM-Y: 4298300 Depth: 11.5 Value: 73.1 Station: CB4.1C
 --- UTM-X: 378499 UTM-Y: 4298300 Depth: 12 Value: 72.5 Station: CB4.1C
 --- UTM-X: 378499 UTM-Y: 4298300 Depth: 12.5 Value: 72 Station: CB4.1C
 --- UTM-X: 378499 UTM-Y: 4298300 Depth: 13 Value: 71.4 Station: CB4.1C
 --- UTM-X: 378499 UTM-Y: 4298300 Depth: 13.5 Value: 71.3 Station: CB4.1C
 --- UTM-X: 378499 UTM-Y: 4298300 Depth: 14 Value: 71.2 Station: CB4.1C
 --- UTM-X: 378499 UTM-Y: 4298300 Depth: 14.5 Value: 71.2 Station: CB4.1C
 --- UTM-X: 378499 UTM-Y: 4298300 Depth: 15 Value: 71.1 Station: CB4.1C
 --- UTM-X: 378499 UTM-Y: 4298300 Depth: 15.5 Value: 71 Station: CB4.1C
 --- UTM-X: 378499 UTM-Y: 4298300 Depth: 16 Value: 71 Station: CB4.1C
 --- UTM-X: 378499 UTM-Y: 4298300 Depth: 16.5 Value: 70.9 Station: CB4.1C
 --- UTM-X: 378499 UTM-Y: 4298300 Depth: 17 Value: 70.9 Station: CB4.1C
 --- UTM-X: 378499 UTM-Y: 4298300 Depth: 17.5 Value: 70.8 Station: CB4.1C
 --- UTM-X: 378499 UTM-Y: 4298300 Depth: 18 Value: 70.8 Station: CB4.1C
 --- UTM-X: 378499 UTM-Y: 4298300 Depth: 18.5 Value: 70.7 Station: CB4.1C
 --- UTM-X: 378499 UTM-Y: 4298300 Depth: 19 Value: 70.7 Station: CB4.1C
 --- UTM-X: 378499 UTM-Y: 4298300 Depth: 19.5 Value: 70.7 Station: CB4.1C
 --- UTM-X: 378499 UTM-Y: 4298300 Depth: 20 Value: 70.7 Station: CB4.1C
 --- UTM-X: 378499 UTM-Y: 4298300 Depth: 20.5 Value: 70.7 Station: CB4.1C
 --- UTM-X: 378499 UTM-Y: 4298300 Depth: 21 Value: 70.7 Station: CB4.1C
 --- UTM-X: 378499 UTM-Y: 4298300 Depth: 21.5 Value: 70.7 Station: CB4.1C
 --- UTM-X: 378499 UTM-Y: 4298300 Depth: 22 Value: 70.7 Station: CB4.1C
 --- UTM-X: 378499 UTM-Y: 4298300 Depth: 22.5 Value: 70.7 Station: CB4.1C
 --- UTM-X: 378499 UTM-Y: 4298300 Depth: 23 Value: 70.7 Station: CB4.1C
 --- UTM-X: 378499 UTM-Y: 4298300 Depth: 23.5 Value: 70.7 Station: CB4.1C
 --- UTM-X: 378499 UTM-Y: 4298300 Depth: 24 Value: 70.7 Station: CB4.1C
 --- UTM-X: 378499 UTM-Y: 4298300 Depth: 24.5 Value: 70.7 Station: CB4.1C
 --- UTM-X: 378499 UTM-Y: 4298300 Depth: 25 Value: 70.7 Station: CB4.1C
 --- UTM-X: 378499 UTM-Y: 4298300 Depth: 25.5 Value: 70.7 Station: CB4.1C
 --- UTM-X: 378499 UTM-Y: 4298300 Depth: 26 Value: 70.7 Station: CB4.1C
 --- UTM-X: 378499 UTM-Y: 4298300 Depth: 26.5 Value: 70.7 Station: CB4.1C
 --- UTM-X: 378499 UTM-Y: 4298300 Depth: 27 Value: 70.7 Station: CB4.1C
 --- UTM-X: 378499 UTM-Y: 4298300 Depth: 27.5 Value: 70.7 Station: CB4.1C
 --- UTM-X: 378499 UTM-Y: 4298300 Depth: 28 Value: 70.7 Station: CB4.1C
 --- UTM-X: 378499 UTM-Y: 4298300 Depth: 28.5 Value: 70.7 Station: CB4.1C
 --- UTM-X: 378499 UTM-Y: 4298300 Depth: 29 Value: 70.7 Station: CB4.1C
 --- UTM-X: 380969 UTM-Y: 4297307 Depth: 0 Value: 83.1 Station: CB4.1E
 --- UTM-X: 380969 UTM-Y: 4297307 Depth: 0.5 Value: 83.1 Station: CB4.1E
 --- UTM-X: 380969 UTM-Y: 4297307 Depth: 1 Value: 83.1 Station: CB4.1E
 --- UTM-X: 380969 UTM-Y: 4297307 Depth: 1.5 Value: 83.1 Station: CB4.1E
 --- UTM-X: 380969 UTM-Y: 4297307 Depth: 2 Value: 83.1 Station: CB4.1E
 --- UTM-X: 380969 UTM-Y: 4297307 Depth: 2.5 Value: 83.1 Station: CB4.1E
 --- UTM-X: 380969 UTM-Y: 4297307 Depth: 3 Value: 83.1 Station: CB4.1E
 --- UTM-X: 380969 UTM-Y: 4297307 Depth: 3.5 Value: 82.8 Station: CB4.1E
 --- UTM-X: 380969 UTM-Y: 4297307 Depth: 4 Value: 82.4 Station: CB4.1E
 --- UTM-X: 380969 UTM-Y: 4297307 Depth: 4.5 Value: 82.3 Station: CB4.1E
 --- UTM-X: 380969 UTM-Y: 4297307 Depth: 5 Value: 82.2 Station: CB4.1E
 --- UTM-X: 380969 UTM-Y: 4297307 Depth: 5.5 Value: 82.2 Station: CB4.1E
 --- UTM-X: 380969 UTM-Y: 4297307 Depth: 6 Value: 82.2 Station: CB4.1E
 --- UTM-X: 380969 UTM-Y: 4297307 Depth: 6.5 Value: 81.9 Station: CB4.1E
 --- UTM-X: 380969 UTM-Y: 4297307 Depth: 7 Value: 81.5 Station: CB4.1E
 --- UTM-X: 380969 UTM-Y: 4297307 Depth: 7.5 Value: 80.6 Station: CB4.1E
 --- UTM-X: 380969 UTM-Y: 4297307 Depth: 8 Value: 79.7 Station: CB4.1E
 --- UTM-X: 380969 UTM-Y: 4297307 Depth: 8.5 Value: 79.7 Station: CB4.1E
 --- UTM-X: 380969 UTM-Y: 4297307 Depth: 9 Value: 79.7 Station: CB4.1E
 --- UTM-X: 380969 UTM-Y: 4297307 Depth: 9.5 Value: 78.9 Station: CB4.1E
 --- UTM-X: 380969 UTM-Y: 4297307 Depth: 10 Value: 78.1 Station: CB4.1E
 --- UTM-X: 380969 UTM-Y: 4297307 Depth: 10.5 Value: 77.3 Station: CB4.1E
 --- UTM-X: 380969 UTM-Y: 4297307 Depth: 11 Value: 76.5 Station: CB4.1E
 --- UTM-X: 380969 UTM-Y: 4297307 Depth: 11.5 Value: 76 Station: CB4.1E
 --- UTM-X: 380969 UTM-Y: 4297307 Depth: 12 Value: 75.6 Station: CB4.1E
 --- UTM-X: 380969 UTM-Y: 4297307 Depth: 12.5 Value: 75.1 Station: CB4.1E
 --- UTM-X: 380969 UTM-Y: 4297307 Depth: 13 Value: 74.7 Station: CB4.1E
 --- UTM-X: 380969 UTM-Y: 4297307 Depth: 13.5 Value: 74.4 Station: CB4.1E
 --- UTM-X: 380969 UTM-Y: 4297307 Depth: 14 Value: 74.1 Station: CB4.1E
 --- UTM-X: 380969 UTM-Y: 4297307 Depth: 14.5 Value: 73.6 Station: CB4.1E
 --- UTM-X: 380969 UTM-Y: 4297307 Depth: 15 Value: 73 Station: CB4.1E
 --- UTM-X: 380969 UTM-Y: 4297307 Depth: 15.5 Value: 73 Station: CB4.1E
 --- UTM-X: 380969 UTM-Y: 4297307 Depth: 16 Value: 73 Station: CB4.1E
 --- UTM-X: 380969 UTM-Y: 4297307 Depth: 16.5 Value: 72.9 Station: CB4.1E
 --- UTM-X: 380969 UTM-Y: 4297307 Depth: 17 Value: 72.7 Station: CB4.1E
 --- UTM-X: 380969 UTM-Y: 4297307 Depth: 17.5 Value: 72.5 Station: CB4.1E
 --- UTM-X: 380969 UTM-Y: 4297307 Depth: 18 Value: 72.2 Station: CB4.1E
 --- UTM-X: 380969 UTM-Y: 4297307 Depth: 18.5 Value: 72 Station: CB4.1E
 --- UTM-X: 380969 UTM-Y: 4297307 Depth: 19 Value: 71.8 Station: CB4.1E
 --- UTM-X: 380969 UTM-Y: 4297307 Depth: 19.5 Value: 71.7 Station: CB4.1E
 --- UTM-X: 380969 UTM-Y: 4297307 Depth: 20 Value: 71.7 Station: CB4.1E
 --- UTM-X: 380969 UTM-Y: 4297307 Depth: 20.5 Value: 71.6 Station: CB4.1E
 --- UTM-X: 380969 UTM-Y: 4297307 Depth: 21 Value: 71.6 Station: CB4.1E
 --- UTM-X: 380969 UTM-Y: 4297307 Depth: 21.5 Value: 71.6 Station: CB4.1E
 --- UTM-X: 380969 UTM-Y: 4297307 Depth: 22 Value: 71.6 Station: CB4.1E
 --- UTM-X: 373004 UTM-Y: 4297091 Depth: 0 Value: 85.3 Station: CB4.1W
 --- UTM-X: 373004 UTM-Y: 4297091 Depth: 0.5 Value: 85.2 Station: CB4.1W
 --- UTM-X: 373004 UTM-Y: 4297091 Depth: 1 Value: 85.1 Station: CB4.1W
 --- UTM-X: 373004 UTM-Y: 4297091 Depth: 1.5 Value: 84.4 Station: CB4.1W
 --- UTM-X: 373004 UTM-Y: 4297091 Depth: 2 Value: 83.7 Station: CB4.1W
 --- UTM-X: 373004 UTM-Y: 4297091 Depth: 2.5 Value: 82.9 Station: CB4.1W
 --- UTM-X: 373004 UTM-Y: 4297091 Depth: 3 Value: 82.2 Station: CB4.1W
 --- UTM-X: 373004 UTM-Y: 4297091 Depth: 3.5 Value: 82.2 Station: CB4.1W
 --- UTM-X: 373004 UTM-Y: 4297091 Depth: 4 Value: 82.2 Station: CB4.1W
 --- UTM-X: 373004 UTM-Y: 4297091 Depth: 4.5 Value: 82.1 Station: CB4.1W
 --- UTM-X: 373004 UTM-Y: 4297091 Depth: 5 Value: 82 Station: CB4.1W
 --- UTM-X: 373004 UTM-Y: 4297091 Depth: 5.5 Value: 82 Station: CB4.1W
 --- UTM-X: 373004 UTM-Y: 4297091 Depth: 6 Value: 82 Station: CB4.1W
 --- UTM-X: 373004 UTM-Y: 4297091 Depth: 6.5 Value: 82 Station: CB4.1W
 --- UTM-X: 373004 UTM-Y: 4297091 Depth: 7 Value: 81.9 Station: CB4.1W
 --- UTM-X: 376622 UTM-Y: 4278319 Depth: 0 Value: 83.1 Station: CB4.2C
 --- UTM-X: 376622 UTM-Y: 4278319 Depth: 0.5 Value: 83.1 Station: CB4.2C
 --- UTM-X: 376622 UTM-Y: 4278319 Depth: 1 Value: 83.1 Station: CB4.2C
 --- UTM-X: 376622 UTM-Y: 4278319 Depth: 1.5 Value: 82.9 Station: CB4.2C
 --- UTM-X: 376622 UTM-Y: 4278319 Depth: 2 Value: 82.8 Station: CB4.2C
 --- UTM-X: 376622 UTM-Y: 4278319 Depth: 2.5 Value: 82.7 Station: CB4.2C
 --- UTM-X: 376622 UTM-Y: 4278319 Depth: 3 Value: 82.6 Station: CB4.2C
 --- UTM-X: 376622 UTM-Y: 4278319 Depth: 3.5 Value: 82.6 Station: CB4.2C
 --- UTM-X: 376622 UTM-Y: 4278319 Depth: 4 Value: 82.6 Station: CB4.2C
 --- UTM-X: 376622 UTM-Y: 4278319 Depth: 4.5 Value: 82.5 Station: CB4.2C
 --- UTM-X: 376622 UTM-Y: 4278319 Depth: 5 Value: 82.4 Station: CB4.2C
 --- UTM-X: 376622 UTM-Y: 4278319 Depth: 5.5 Value: 82.3 Station: CB4.2C
 --- UTM-X: 376622 UTM-Y: 4278319 Depth: 6 Value: 82.2 Station: CB4.2C
 --- UTM-X: 376622 UTM-Y: 4278319 Depth: 6.5 Value: 81.7 Station: CB4.2C
 --- UTM-X: 376622 UTM-Y: 4278319 Depth: 7 Value: 81.1 Station: CB4.2C
 --- UTM-X: 376622 UTM-Y: 4278319 Depth: 7.5 Value: 79.5 Station: CB4.2C
 --- UTM-X: 376622 UTM-Y: 4278319 Depth: 8 Value: 77.9 Station: CB4.2C
 --- UTM-X: 376622 UTM-Y: 4278319 Depth: 8.5 Value: 76.9 Station: CB4.2C
 --- UTM-X: 376622 UTM-Y: 4278319 Depth: 9 Value: 75.9 Station: CB4.2C
 --- UTM-X: 376622 UTM-Y: 4278319 Depth: 9.5 Value: 74.9 Station: CB4.2C
 --- UTM-X: 376622 UTM-Y: 4278319 Depth: 10 Value: 73.9 Station: CB4.2C
 --- UTM-X: 376622 UTM-Y: 4278319 Depth: 10.5 Value: 73.7 Station: CB4.2C
 --- UTM-X: 376622 UTM-Y: 4278319 Depth: 11 Value: 73.4 Station: CB4.2C
 --- UTM-X: 376622 UTM-Y: 4278319 Depth: 11.5 Value: 73.1 Station: CB4.2C
 --- UTM-X: 376622 UTM-Y: 4278319 Depth: 12 Value: 72.9 Station: CB4.2C
 --- UTM-X: 376622 UTM-Y: 4278319 Depth: 12.5 Value: 72.8 Station: CB4.2C
 --- UTM-X: 376622 UTM-Y: 4278319 Depth: 13 Value: 72.7 Station: CB4.2C
 --- UTM-X: 376622 UTM-Y: 4278319 Depth: 13.5 Value: 72.3 Station: CB4.2C
 --- UTM-X: 376622 UTM-Y: 4278319 Depth: 14 Value: 72 Station: CB4.2C
 --- UTM-X: 376622 UTM-Y: 4278319 Depth: 14.5 Value: 71.7 Station: CB4.2C
 --- UTM-X: 376622 UTM-Y: 4278319 Depth: 15 Value: 71.4 Station: CB4.2C
 --- UTM-X: 376622 UTM-Y: 4278319 Depth: 15.5 Value: 71.4 Station: CB4.2C
 --- UTM-X: 376622 UTM-Y: 4278319 Depth: 16 Value: 71.3 Station: CB4.2C
 --- UTM-X: 376622 UTM-Y: 4278319 Depth: 16.5 Value: 71.3 Station: CB4.2C
 --- UTM-X: 376622 UTM-Y: 4278319 Depth: 17 Value: 71.2 Station: CB4.2C
 --- UTM-X: 376622 UTM-Y: 4278319 Depth: 17.5 Value: 71.2 Station: CB4.2C
 --- UTM-X: 376622 UTM-Y: 4278319 Depth: 18 Value: 71.2 Station: CB4.2C
 --- UTM-X: 376622 UTM-Y: 4278319 Depth: 18.5 Value: 71.1 Station: CB4.2C
 --- UTM-X: 376622 UTM-Y: 4278319 Depth: 19 Value: 71.1 Station: CB4.2C
 --- UTM-X: 376622 UTM-Y: 4278319 Depth: 19.5 Value: 71.1 Station: CB4.2C
 --- UTM-X: 376622 UTM-Y: 4278319 Depth: 20 Value: 71.1 Station: CB4.2C
 --- UTM-X: 376622 UTM-Y: 4278319 Depth: 20.5 Value: 71.1 Station: CB4.2C
 --- UTM-X: 376622 UTM-Y: 4278319 Depth: 21 Value: 71.1 Station: CB4.2C
 --- UTM-X: 376622 UTM-Y: 4278319 Depth: 21.5 Value: 71.1 Station: CB4.2C
 --- UTM-X: 376622 UTM-Y: 4278319 Depth: 22 Value: 71.2 Station: CB4.2C
 --- UTM-X: 376622 UTM-Y: 4278319 Depth: 22.5 Value: 71.2 Station: CB4.2C
 --- UTM-X: 376622 UTM-Y: 4278319 Depth: 23 Value: 71.2 Station: CB4.2C
 --- UTM-X: 376622 UTM-Y: 4278319 Depth: 23.5 Value: 71.2 Station: CB4.2C
 --- UTM-X: 376622 UTM-Y: 4278319 Depth: 24 Value: 71.2 Station: CB4.2C
 --- UTM-X: 376622 UTM-Y: 4278319 Depth: 24.5 Value: 71.2 Station: CB4.2C
 --- UTM-X: 376622 UTM-Y: 4278319 Depth: 25 Value: 71.2 Station: CB4.2C
 --- UTM-X: 378169 UTM-Y: 4278295 Depth: 0 Value: 83.7 Station: CB4.2E
 --- UTM-X: 378169 UTM-Y: 4278295 Depth: 0.5 Value: 83.4 Station: CB4.2E
 --- UTM-X: 378169 UTM-Y: 4278295 Depth: 1 Value: 83.1 Station: CB4.2E
 --- UTM-X: 378169 UTM-Y: 4278295 Depth: 1.5 Value: 82.9 Station: CB4.2E
 --- UTM-X: 378169 UTM-Y: 4278295 Depth: 2 Value: 82.8 Station: CB4.2E
 --- UTM-X: 378169 UTM-Y: 4278295 Depth: 2.5 Value: 82.8 Station: CB4.2E
 --- UTM-X: 378169 UTM-Y: 4278295 Depth: 3 Value: 82.8 Station: CB4.2E
 --- UTM-X: 378169 UTM-Y: 4278295 Depth: 3.5 Value: 82.8 Station: CB4.2E
 --- UTM-X: 378169 UTM-Y: 4278295 Depth: 4 Value: 82.8 Station: CB4.2E
 --- UTM-X: 378169 UTM-Y: 4278295 Depth: 4.5 Value: 82.7 Station: CB4.2E
 --- UTM-X: 378169 UTM-Y: 4278295 Depth: 5 Value: 82.6 Station: CB4.2E
 --- UTM-X: 378169 UTM-Y: 4278295 Depth: 5.5 Value: 81.5 Station: CB4.2E
 --- UTM-X: 378169 UTM-Y: 4278295 Depth: 6 Value: 80.4 Station: CB4.2E
 --- UTM-X: 378169 UTM-Y: 4278295 Depth: 6.5 Value: 80 Station: CB4.2E
 --- UTM-X: 378169 UTM-Y: 4278295 Depth: 7 Value: 79.5 Station: CB4.2E
 --- UTM-X: 378169 UTM-Y: 4278295 Depth: 7.5 Value: 79.3 Station: CB4.2E
 --- UTM-X: 378169 UTM-Y: 4278295 Depth: 8 Value: 79.2 Station: CB4.2E
 --- UTM-X: 369343 UTM-Y: 4278281 Depth: 0 Value: 82.9 Station: CB4.2W
 --- UTM-X: 369343 UTM-Y: 4278281 Depth: 0.5 Value: 82.8 Station: CB4.2W
 --- UTM-X: 369343 UTM-Y: 4278281 Depth: 1 Value: 82.6 Station: CB4.2W
 --- UTM-X: 369343 UTM-Y: 4278281 Depth: 1.5 Value: 82.4 Station: CB4.2W
 --- UTM-X: 369343 UTM-Y: 4278281 Depth: 2 Value: 82.2 Station: CB4.2W
 --- UTM-X: 369343 UTM-Y: 4278281 Depth: 2.5 Value: 82.2 Station: CB4.2W
 --- UTM-X: 369343 UTM-Y: 4278281 Depth: 3 Value: 82.2 Station: CB4.2W
 --- UTM-X: 369343 UTM-Y: 4278281 Depth: 3.5 Value: 82.1 Station: CB4.2W
 --- UTM-X: 369343 UTM-Y: 4278281 Depth: 4 Value: 82 Station: CB4.2W
 --- UTM-X: 369343 UTM-Y: 4278281 Depth: 4.5 Value: 82 Station: CB4.2W
 --- UTM-X: 369343 UTM-Y: 4278281 Depth: 5 Value: 82 Station: CB4.2W
 --- UTM-X: 369343 UTM-Y: 4278281 Depth: 5.5 Value: 81.1 Station: CB4.2W
 --- UTM-X: 369343 UTM-Y: 4278281 Depth: 6 Value: 80.2 Station: CB4.2W
 --- UTM-X: 369343 UTM-Y: 4278281 Depth: 6.5 Value: 79.1 Station: CB4.2W
 --- UTM-X: 369343 UTM-Y: 4278281 Depth: 7 Value: 77.9 Station: CB4.2W
 --- UTM-X: 374994 UTM-Y: 4268540 Depth: 0 Value: 82.9 Station: CB4.3C
 --- UTM-X: 374994 UTM-Y: 4268540 Depth: 0.5 Value: 82.9 Station: CB4.3C
 --- UTM-X: 374994 UTM-Y: 4268540 Depth: 1 Value: 82.9 Station: CB4.3C
 --- UTM-X: 374994 UTM-Y: 4268540 Depth: 1.5 Value: 82.9 Station: CB4.3C
 --- UTM-X: 374994 UTM-Y: 4268540 Depth: 2 Value: 82.9 Station: CB4.3C
 --- UTM-X: 374994 UTM-Y: 4268540 Depth: 2.5 Value: 82.9 Station: CB4.3C
 --- UTM-X: 374994 UTM-Y: 4268540 Depth: 3 Value: 82.9 Station: CB4.3C
 --- UTM-X: 374994 UTM-Y: 4268540 Depth: 3.5 Value: 82.9 Station: CB4.3C
 --- UTM-X: 374994 UTM-Y: 4268540 Depth: 4 Value: 82.8 Station: CB4.3C
 --- UTM-X: 374994 UTM-Y: 4268540 Depth: 4.5 Value: 82.8 Station: CB4.3C
 --- UTM-X: 374994 UTM-Y: 4268540 Depth: 5 Value: 82.8 Station: CB4.3C
 --- UTM-X: 374994 UTM-Y: 4268540 Depth: 5.5 Value: 82.8 Station: CB4.3C
 --- UTM-X: 374994 UTM-Y: 4268540 Depth: 6 Value: 82.8 Station: CB4.3C
 --- UTM-X: 374994 UTM-Y: 4268540 Depth: 6.5 Value: 82.7 Station: CB4.3C
 --- UTM-X: 374994 UTM-Y: 4268540 Depth: 7 Value: 82.6 Station: CB4.3C
 --- UTM-X: 374994 UTM-Y: 4268540 Depth: 7.5 Value: 82.4 Station: CB4.3C
 --- UTM-X: 374994 UTM-Y: 4268540 Depth: 8 Value: 82.2 Station: CB4.3C
 --- UTM-X: 374994 UTM-Y: 4268540 Depth: 8.5 Value: 80.9 Station: CB4.3C
 --- UTM-X: 374994 UTM-Y: 4268540 Depth: 9 Value: 79.5 Station: CB4.3C
 --- UTM-X: 374994 UTM-Y: 4268540 Depth: 9.5 Value: 78.3 Station: CB4.3C
 --- UTM-X: 374994 UTM-Y: 4268540 Depth: 10 Value: 77.2 Station: CB4.3C
 --- UTM-X: 374994 UTM-Y: 4268540 Depth: 10.5 Value: 76.5 Station: CB4.3C
 --- UTM-X: 374994 UTM-Y: 4268540 Depth: 11 Value: 75.9 Station: CB4.3C
 --- UTM-X: 374994 UTM-Y: 4268540 Depth: 11.5 Value: 74.2 Station: CB4.3C
 --- UTM-X: 374994 UTM-Y: 4268540 Depth: 12 Value: 72.5 Station: CB4.3C
 --- UTM-X: 374994 UTM-Y: 4268540 Depth: 12.5 Value: 72.3 Station: CB4.3C
 --- UTM-X: 374994 UTM-Y: 4268540 Depth: 13 Value: 72.1 Station: CB4.3C
 --- UTM-X: 374994 UTM-Y: 4268540 Depth: 13.5 Value: 72.1 Station: CB4.3C
 --- UTM-X: 374994 UTM-Y: 4268540 Depth: 14 Value: 72.1 Station: CB4.3C
 --- UTM-X: 374994 UTM-Y: 4268540 Depth: 14.5 Value: 72.1 Station: CB4.3C
 --- UTM-X: 374994 UTM-Y: 4268540 Depth: 15 Value: 72.1 Station: CB4.3C
 --- UTM-X: 374994 UTM-Y: 4268540 Depth: 15.5 Value: 72 Station: CB4.3C
 --- UTM-X: 374994 UTM-Y: 4268540 Depth: 16 Value: 72 Station: CB4.3C
 --- UTM-X: 374994 UTM-Y: 4268540 Depth: 16.5 Value: 71.9 Station: CB4.3C
 --- UTM-X: 374994 UTM-Y: 4268540 Depth: 17 Value: 71.8 Station: CB4.3C
 --- UTM-X: 374994 UTM-Y: 4268540 Depth: 17.5 Value: 71.8 Station: CB4.3C
 --- UTM-X: 374994 UTM-Y: 4268540 Depth: 18 Value: 71.8 Station: CB4.3C
 --- UTM-X: 374994 UTM-Y: 4268540 Depth: 18.5 Value: 71.8 Station: CB4.3C
 --- UTM-X: 374994 UTM-Y: 4268540 Depth: 19 Value: 71.8 Station: CB4.3C
 --- UTM-X: 374994 UTM-Y: 4268540 Depth: 19.5 Value: 71.8 Station: CB4.3C
 --- UTM-X: 374994 UTM-Y: 4268540 Depth: 20 Value: 71.8 Station: CB4.3C
 --- UTM-X: 374994 UTM-Y: 4268540 Depth: 20.5 Value: 71.8 Station: CB4.3C
 --- UTM-X: 374994 UTM-Y: 4268540 Depth: 21 Value: 71.8 Station: CB4.3C
 --- UTM-X: 374994 UTM-Y: 4268540 Depth: 21.5 Value: 71.8 Station: CB4.3C
 --- UTM-X: 374994 UTM-Y: 4268540 Depth: 22 Value: 71.8 Station: CB4.3C
 --- UTM-X: 374994 UTM-Y: 4268540 Depth: 22.5 Value: 71.8 Station: CB4.3C
 --- UTM-X: 374994 UTM-Y: 4268540 Depth: 23 Value: 71.8 Station: CB4.3C
 --- UTM-X: 374994 UTM-Y: 4268540 Depth: 23.5 Value: 71.8 Station: CB4.3C
 --- UTM-X: 374994 UTM-Y: 4268540 Depth: 24 Value: 71.8 Station: CB4.3C
 --- UTM-X: 374994 UTM-Y: 4268540 Depth: 24.5 Value: 71.8 Station: CB4.3C
 --- UTM-X: 374994 UTM-Y: 4268540 Depth: 25 Value: 71.8 Station: CB4.3C
 --- UTM-X: 374994 UTM-Y: 4268540 Depth: 25.5 Value: 71.8 Station: CB4.3C
 --- UTM-X: 374994 UTM-Y: 4268540 Depth: 26 Value: 71.8 Station: CB4.3C
 --- UTM-X: 378916 UTM-Y: 4268479 Depth: 0 Value: 82.4 Station: CB4.3E
 --- UTM-X: 378916 UTM-Y: 4268479 Depth: 0.5 Value: 82.4 Station: CB4.3E
 --- UTM-X: 378916 UTM-Y: 4268479 Depth: 1 Value: 82.4 Station: CB4.3E
 --- UTM-X: 378916 UTM-Y: 4268479 Depth: 1.5 Value: 82.3 Station: CB4.3E
 --- UTM-X: 378916 UTM-Y: 4268479 Depth: 2 Value: 82.2 Station: CB4.3E
 --- UTM-X: 378916 UTM-Y: 4268479 Depth: 2.5 Value: 82.2 Station: CB4.3E
 --- UTM-X: 378916 UTM-Y: 4268479 Depth: 3 Value: 82.2 Station: CB4.3E
 --- UTM-X: 378916 UTM-Y: 4268479 Depth: 3.5 Value: 82.3 Station: CB4.3E
 --- UTM-X: 378916 UTM-Y: 4268479 Depth: 4 Value: 82.4 Station: CB4.3E
 --- UTM-X: 378916 UTM-Y: 4268479 Depth: 4.5 Value: 82.4 Station: CB4.3E
 --- UTM-X: 378916 UTM-Y: 4268479 Depth: 5 Value: 82.4 Station: CB4.3E
 --- UTM-X: 378916 UTM-Y: 4268479 Depth: 5.5 Value: 82.4 Station: CB4.3E
 --- UTM-X: 378916 UTM-Y: 4268479 Depth: 6 Value: 82.4 Station: CB4.3E
 --- UTM-X: 378916 UTM-Y: 4268479 Depth: 6.5 Value: 82.4 Station: CB4.3E
 --- UTM-X: 378916 UTM-Y: 4268479 Depth: 7 Value: 82.4 Station: CB4.3E
 --- UTM-X: 378916 UTM-Y: 4268479 Depth: 7.5 Value: 82.4 Station: CB4.3E
 --- UTM-X: 378916 UTM-Y: 4268479 Depth: 8 Value: 82.4 Station: CB4.3E
 --- UTM-X: 378916 UTM-Y: 4268479 Depth: 8.5 Value: 82.4 Station: CB4.3E
 --- UTM-X: 378916 UTM-Y: 4268479 Depth: 9 Value: 82.4 Station: CB4.3E
 --- UTM-X: 378916 UTM-Y: 4268479 Depth: 9.5 Value: 82.3 Station: CB4.3E
 --- UTM-X: 378916 UTM-Y: 4268479 Depth: 10 Value: 82.2 Station: CB4.3E
 --- UTM-X: 378916 UTM-Y: 4268479 Depth: 10.5 Value: 82 Station: CB4.3E
 --- UTM-X: 378916 UTM-Y: 4268479 Depth: 11 Value: 81.7 Station: CB4.3E
 --- UTM-X: 378916 UTM-Y: 4268479 Depth: 11.5 Value: 81.2 Station: CB4.3E
 --- UTM-X: 378916 UTM-Y: 4268479 Depth: 12 Value: 80.8 Station: CB4.3E
 --- UTM-X: 378916 UTM-Y: 4268479 Depth: 12.5 Value: 80 Station: CB4.3E
 --- UTM-X: 378916 UTM-Y: 4268479 Depth: 13 Value: 79.2 Station: CB4.3E
 --- UTM-X: 378916 UTM-Y: 4268479 Depth: 13.5 Value: 77.9 Station: CB4.3E
 --- UTM-X: 378916 UTM-Y: 4268479 Depth: 14 Value: 76.6 Station: CB4.3E
 --- UTM-X: 378916 UTM-Y: 4268479 Depth: 14.5 Value: 76 Station: CB4.3E
 --- UTM-X: 378916 UTM-Y: 4268479 Depth: 15 Value: 75.4 Station: CB4.3E
 --- UTM-X: 378916 UTM-Y: 4268479 Depth: 15.5 Value: 75 Station: CB4.3E
 --- UTM-X: 378916 UTM-Y: 4268479 Depth: 16 Value: 74.7 Station: CB4.3E
 --- UTM-X: 378916 UTM-Y: 4268479 Depth: 16.5 Value: 74.4 Station: CB4.3E
 --- UTM-X: 378916 UTM-Y: 4268479 Depth: 17 Value: 74.1 Station: CB4.3E
 --- UTM-X: 378916 UTM-Y: 4268479 Depth: 17.5 Value: 73.5 Station: CB4.3E
 --- UTM-X: 378916 UTM-Y: 4268479 Depth: 18 Value: 72.9 Station: CB4.3E
 --- UTM-X: 378916 UTM-Y: 4268479 Depth: 18.5 Value: 72.5 Station: CB4.3E
 --- UTM-X: 378916 UTM-Y: 4268479 Depth: 19 Value: 72.1 Station: CB4.3E
 --- UTM-X: 369911 UTM-Y: 4268621 Depth: 0 Value: 82.8 Station: CB4.3W
 --- UTM-X: 369911 UTM-Y: 4268621 Depth: 0.5 Value: 82.8 Station: CB4.3W
 --- UTM-X: 369911 UTM-Y: 4268621 Depth: 1 Value: 82.8 Station: CB4.3W
 --- UTM-X: 369911 UTM-Y: 4268621 Depth: 1.5 Value: 82.8 Station: CB4.3W
 --- UTM-X: 369911 UTM-Y: 4268621 Depth: 2 Value: 82.8 Station: CB4.3W
 --- UTM-X: 369911 UTM-Y: 4268621 Depth: 2.5 Value: 82.8 Station: CB4.3W
 --- UTM-X: 369911 UTM-Y: 4268621 Depth: 3 Value: 82.8 Station: CB4.3W
 --- UTM-X: 369911 UTM-Y: 4268621 Depth: 3.5 Value: 82.8 Station: CB4.3W
 --- UTM-X: 369911 UTM-Y: 4268621 Depth: 4 Value: 82.8 Station: CB4.3W
 --- UTM-X: 369911 UTM-Y: 4268621 Depth: 4.5 Value: 81.5 Station: CB4.3W
 --- UTM-X: 369911 UTM-Y: 4268621 Depth: 5 Value: 80.2 Station: CB4.3W
 --- UTM-X: 369911 UTM-Y: 4268621 Depth: 5.5 Value: 79.4 Station: CB4.3W
 --- UTM-X: 369911 UTM-Y: 4268621 Depth: 6 Value: 78.6 Station: CB4.3W
 --- UTM-X: 369911 UTM-Y: 4268621 Depth: 6.5 Value: 78 Station: CB4.3W
 --- UTM-X: 369911 UTM-Y: 4268621 Depth: 7 Value: 77.4 Station: CB4.3W
 --- UTM-X: 382750 UTM-Y: 4252514 Depth: 0 Value: 82.8 Station: CB4.4
 --- UTM-X: 382750 UTM-Y: 4252514 Depth: 0.5 Value: 82.8 Station: CB4.4
 --- UTM-X: 382750 UTM-Y: 4252514 Depth: 1 Value: 82.8 Station: CB4.4
 --- UTM-X: 382750 UTM-Y: 4252514 Depth: 1.5 Value: 82.8 Station: CB4.4
 --- UTM-X: 382750 UTM-Y: 4252514 Depth: 2 Value: 82.8 Station: CB4.4
 --- UTM-X: 382750 UTM-Y: 4252514 Depth: 2.5 Value: 82.8 Station: CB4.4
 --- UTM-X: 382750 UTM-Y: 4252514 Depth: 3 Value: 82.8 Station: CB4.4
 --- UTM-X: 382750 UTM-Y: 4252514 Depth: 3.5 Value: 82.7 Station: CB4.4
 --- UTM-X: 382750 UTM-Y: 4252514 Depth: 4 Value: 82.6 Station: CB4.4
 --- UTM-X: 382750 UTM-Y: 4252514 Depth: 4.5 Value: 82.5 Station: CB4.4
 --- UTM-X: 382750 UTM-Y: 4252514 Depth: 5 Value: 82.4 Station: CB4.4
 --- UTM-X: 382750 UTM-Y: 4252514 Depth: 5.5 Value: 82.3 Station: CB4.4
 --- UTM-X: 382750 UTM-Y: 4252514 Depth: 6 Value: 82.2 Station: CB4.4
 --- UTM-X: 382750 UTM-Y: 4252514 Depth: 6.5 Value: 82 Station: CB4.4
 --- UTM-X: 382750 UTM-Y: 4252514 Depth: 7 Value: 81.9 Station: CB4.4
 --- UTM-X: 382750 UTM-Y: 4252514 Depth: 7.5 Value: 81 Station: CB4.4
 --- UTM-X: 382750 UTM-Y: 4252514 Depth: 8 Value: 80.1 Station: CB4.4
 --- UTM-X: 382750 UTM-Y: 4252514 Depth: 8.5 Value: 79.9 Station: CB4.4
 --- UTM-X: 382750 UTM-Y: 4252514 Depth: 9 Value: 79.7 Station: CB4.4
 --- UTM-X: 382750 UTM-Y: 4252514 Depth: 9.5 Value: 78.7 Station: CB4.4
 --- UTM-X: 382750 UTM-Y: 4252514 Depth: 10 Value: 77.7 Station: CB4.4
 --- UTM-X: 382750 UTM-Y: 4252514 Depth: 10.5 Value: 76.1 Station: CB4.4
 --- UTM-X: 382750 UTM-Y: 4252514 Depth: 11 Value: 74.5 Station: CB4.4
 --- UTM-X: 382750 UTM-Y: 4252514 Depth: 11.5 Value: 73.8 Station: CB4.4
 --- UTM-X: 382750 UTM-Y: 4252514 Depth: 12 Value: 73.2 Station: CB4.4
 --- UTM-X: 382750 UTM-Y: 4252514 Depth: 12.5 Value: 73 Station: CB4.4
 --- UTM-X: 382750 UTM-Y: 4252514 Depth: 13 Value: 72.7 Station: CB4.4
 --- UTM-X: 382750 UTM-Y: 4252514 Depth: 13.5 Value: 72.8 Station: CB4.4
 --- UTM-X: 382750 UTM-Y: 4252514 Depth: 14 Value: 72.9 Station: CB4.4
 --- UTM-X: 382750 UTM-Y: 4252514 Depth: 14.5 Value: 72.9 Station: CB4.4
 --- UTM-X: 382750 UTM-Y: 4252514 Depth: 15 Value: 72.9 Station: CB4.4
 --- UTM-X: 382750 UTM-Y: 4252514 Depth: 15.5 Value: 72.8 Station: CB4.4
 --- UTM-X: 382750 UTM-Y: 4252514 Depth: 16 Value: 72.7 Station: CB4.4
 --- UTM-X: 382750 UTM-Y: 4252514 Depth: 16.5 Value: 72.7 Station: CB4.4
 --- UTM-X: 382750 UTM-Y: 4252514 Depth: 17 Value: 72.7 Station: CB4.4
 --- UTM-X: 382750 UTM-Y: 4252514 Depth: 17.5 Value: 72.7 Station: CB4.4
 --- UTM-X: 382750 UTM-Y: 4252514 Depth: 18 Value: 72.8 Station: CB4.4
 --- UTM-X: 382750 UTM-Y: 4252514 Depth: 18.5 Value: 72.8 Station: CB4.4
 --- UTM-X: 382750 UTM-Y: 4252514 Depth: 19 Value: 72.9 Station: CB4.4
 --- UTM-X: 382750 UTM-Y: 4252514 Depth: 19.5 Value: 72.9 Station: CB4.4
 --- UTM-X: 382750 UTM-Y: 4252514 Depth: 20 Value: 72.9 Station: CB4.4
 --- UTM-X: 382750 UTM-Y: 4252514 Depth: 20.5 Value: 72.9 Station: CB4.4
 --- UTM-X: 382750 UTM-Y: 4252514 Depth: 21 Value: 72.9 Station: CB4.4
 --- UTM-X: 382750 UTM-Y: 4252514 Depth: 21.5 Value: 72.9 Station: CB4.4
 --- UTM-X: 382750 UTM-Y: 4252514 Depth: 22 Value: 72.9 Station: CB4.4
 --- UTM-X: 382750 UTM-Y: 4252514 Depth: 22.5 Value: 72.9 Station: CB4.4
 --- UTM-X: 382750 UTM-Y: 4252514 Depth: 23 Value: 72.9 Station: CB4.4
 --- UTM-X: 382750 UTM-Y: 4252514 Depth: 23.5 Value: 72.9 Station: CB4.4
 --- UTM-X: 382750 UTM-Y: 4252514 Depth: 24 Value: 72.9 Station: CB4.4
 --- UTM-X: 382750 UTM-Y: 4252514 Depth: 24.5 Value: 72.9 Station: CB4.4
 --- UTM-X: 382750 UTM-Y: 4252514 Depth: 25 Value: 72.9 Station: CB4.4
 --- UTM-X: 382750 UTM-Y: 4252514 Depth: 25.5 Value: 72.9 Station: CB4.4
 --- UTM-X: 382750 UTM-Y: 4252514 Depth: 26 Value: 72.9 Station: CB4.4
 --- UTM-X: 382750 UTM-Y: 4252514 Depth: 26.5 Value: 72.9 Station: CB4.4
 --- UTM-X: 382750 UTM-Y: 4252514 Depth: 27 Value: 72.9 Station: CB4.4
 --- UTM-X: 382750 UTM-Y: 4252514 Depth: 27.5 Value: 72.9 Station: CB4.4
 --- UTM-X: 382750 UTM-Y: 4252514 Depth: 28 Value: 72.9 Station: CB4.4
 --- UTM-X: 386968 UTM-Y: 4241940 Depth: 0 Value: 83.1 Station: CB5.1
 --- UTM-X: 386968 UTM-Y: 4241940 Depth: 0.5 Value: 83.1 Station: CB5.1
 --- UTM-X: 386968 UTM-Y: 4241940 Depth: 1 Value: 83.1 Station: CB5.1
 --- UTM-X: 386968 UTM-Y: 4241940 Depth: 1.5 Value: 83 Station: CB5.1
 --- UTM-X: 386968 UTM-Y: 4241940 Depth: 2 Value: 82.9 Station: CB5.1
 --- UTM-X: 386968 UTM-Y: 4241940 Depth: 2.5 Value: 82.8 Station: CB5.1
 --- UTM-X: 386968 UTM-Y: 4241940 Depth: 3 Value: 82.8 Station: CB5.1
 --- UTM-X: 386968 UTM-Y: 4241940 Depth: 3.5 Value: 82.7 Station: CB5.1
 --- UTM-X: 386968 UTM-Y: 4241940 Depth: 4 Value: 82.6 Station: CB5.1
 --- UTM-X: 386968 UTM-Y: 4241940 Depth: 4.5 Value: 82.5 Station: CB5.1
 --- UTM-X: 386968 UTM-Y: 4241940 Depth: 5 Value: 82.4 Station: CB5.1
 --- UTM-X: 386968 UTM-Y: 4241940 Depth: 5.5 Value: 82.3 Station: CB5.1
 --- UTM-X: 386968 UTM-Y: 4241940 Depth: 6 Value: 82.2 Station: CB5.1
 --- UTM-X: 386968 UTM-Y: 4241940 Depth: 6.5 Value: 82.1 Station: CB5.1
 --- UTM-X: 386968 UTM-Y: 4241940 Depth: 7 Value: 82 Station: CB5.1
 --- UTM-X: 386968 UTM-Y: 4241940 Depth: 7.5 Value: 82 Station: CB5.1
 --- UTM-X: 386968 UTM-Y: 4241940 Depth: 8 Value: 81.9 Station: CB5.1
 --- UTM-X: 386968 UTM-Y: 4241940 Depth: 8.5 Value: 80.6 Station: CB5.1
 --- UTM-X: 386968 UTM-Y: 4241940 Depth: 9 Value: 79.3 Station: CB5.1
 --- UTM-X: 386968 UTM-Y: 4241940 Depth: 9.5 Value: 77.4 Station: CB5.1
 --- UTM-X: 386968 UTM-Y: 4241940 Depth: 10 Value: 75.4 Station: CB5.1
 --- UTM-X: 386968 UTM-Y: 4241940 Depth: 10.5 Value: 74.6 Station: CB5.1
 --- UTM-X: 386968 UTM-Y: 4241940 Depth: 11 Value: 73.8 Station: CB5.1
 --- UTM-X: 386968 UTM-Y: 4241940 Depth: 11.5 Value: 73.7 Station: CB5.1
 --- UTM-X: 386968 UTM-Y: 4241940 Depth: 12 Value: 73.6 Station: CB5.1
 --- UTM-X: 386968 UTM-Y: 4241940 Depth: 12.5 Value: 73.7 Station: CB5.1
 --- UTM-X: 386968 UTM-Y: 4241940 Depth: 13 Value: 73.8 Station: CB5.1
 --- UTM-X: 386968 UTM-Y: 4241940 Depth: 13.5 Value: 73.8 Station: CB5.1
 --- UTM-X: 386968 UTM-Y: 4241940 Depth: 14 Value: 73.8 Station: CB5.1
 --- UTM-X: 386968 UTM-Y: 4241940 Depth: 14.5 Value: 73.7 Station: CB5.1
 --- UTM-X: 386968 UTM-Y: 4241940 Depth: 15 Value: 73.6 Station: CB5.1
 --- UTM-X: 386968 UTM-Y: 4241940 Depth: 15.5 Value: 73.5 Station: CB5.1
 --- UTM-X: 386968 UTM-Y: 4241940 Depth: 16 Value: 73.5 Station: CB5.1
 --- UTM-X: 386968 UTM-Y: 4241940 Depth: 16.5 Value: 73.4 Station: CB5.1
 --- UTM-X: 386968 UTM-Y: 4241940 Depth: 17 Value: 73.4 Station: CB5.1
 --- UTM-X: 386968 UTM-Y: 4241940 Depth: 17.5 Value: 73.4 Station: CB5.1
 --- UTM-X: 386968 UTM-Y: 4241940 Depth: 18 Value: 73.3 Station: CB5.1
 --- UTM-X: 386968 UTM-Y: 4241940 Depth: 18.5 Value: 73.3 Station: CB5.1
 --- UTM-X: 386968 UTM-Y: 4241940 Depth: 19 Value: 73.2 Station: CB5.1
 --- UTM-X: 386968 UTM-Y: 4241940 Depth: 19.5 Value: 73.3 Station: CB5.1
 --- UTM-X: 386968 UTM-Y: 4241940 Depth: 20 Value: 73.3 Station: CB5.1
 --- UTM-X: 386968 UTM-Y: 4241940 Depth: 20.5 Value: 73.4 Station: CB5.1
 --- UTM-X: 386968 UTM-Y: 4241940 Depth: 21 Value: 73.4 Station: CB5.1
 --- UTM-X: 386968 UTM-Y: 4241940 Depth: 21.5 Value: 73.4 Station: CB5.1
 --- UTM-X: 386968 UTM-Y: 4241940 Depth: 22 Value: 73.5 Station: CB5.1
 --- UTM-X: 386968 UTM-Y: 4241940 Depth: 22.5 Value: 73.5 Station: CB5.1
 --- UTM-X: 386968 UTM-Y: 4241940 Depth: 23 Value: 73.6 Station: CB5.1
 --- UTM-X: 386968 UTM-Y: 4241940 Depth: 23.5 Value: 73.6 Station: CB5.1
 --- UTM-X: 386968 UTM-Y: 4241940 Depth: 24 Value: 73.6 Station: CB5.1
 --- UTM-X: 386968 UTM-Y: 4241940 Depth: 24.5 Value: 73.6 Station: CB5.1
 --- UTM-X: 386968 UTM-Y: 4241940 Depth: 25 Value: 73.6 Station: CB5.1
 --- UTM-X: 386968 UTM-Y: 4241940 Depth: 25.5 Value: 73.5 Station: CB5.1
 --- UTM-X: 386968 UTM-Y: 4241940 Depth: 26 Value: 73.5 Station: CB5.1
 --- UTM-X: 386968 UTM-Y: 4241940 Depth: 26.5 Value: 73.4 Station: CB5.1
 --- UTM-X: 386968 UTM-Y: 4241940 Depth: 27 Value: 73.4 Station: CB5.1
 --- UTM-X: 386968 UTM-Y: 4241940 Depth: 27.5 Value: 73.4 Station: CB5.1
 --- UTM-X: 386968 UTM-Y: 4241940 Depth: 28 Value: 73.4 Station: CB5.1
 --- UTM-X: 386968 UTM-Y: 4241940 Depth: 28.5 Value: 73.4 Station: CB5.1
 --- UTM-X: 386968 UTM-Y: 4241940 Depth: 29 Value: 73.4 Station: CB5.1
 --- UTM-X: 386968 UTM-Y: 4241940 Depth: 29.5 Value: 73.4 Station: CB5.1
 --- UTM-X: 386968 UTM-Y: 4241940 Depth: 30 Value: 73.4 Station: CB5.1
 --- UTM-X: 386968 UTM-Y: 4241940 Depth: 30.5 Value: 73.4 Station: CB5.1
 --- UTM-X: 386968 UTM-Y: 4241940 Depth: 31 Value: 73.4 Station: CB5.1
 --- UTM-X: 386968 UTM-Y: 4241940 Depth: 31.5 Value: 73.4 Station: CB5.1
 --- UTM-X: 386968 UTM-Y: 4241940 Depth: 32 Value: 73.4 Station: CB5.1
 --- UTM-X: 379767 UTM-Y: 4242784 Depth: 0 Value: 81.3 Station: CB5.1W
 --- UTM-X: 379767 UTM-Y: 4242784 Depth: 0.5 Value: 81.3 Station: CB5.1W
 --- UTM-X: 379767 UTM-Y: 4242784 Depth: 1 Value: 81.3 Station: CB5.1W
 --- UTM-X: 379767 UTM-Y: 4242784 Depth: 1.5 Value: 81.2 Station: CB5.1W
 --- UTM-X: 379767 UTM-Y: 4242784 Depth: 2 Value: 81.1 Station: CB5.1W
 --- UTM-X: 379767 UTM-Y: 4242784 Depth: 2.5 Value: 80.7 Station: CB5.1W
 --- UTM-X: 379767 UTM-Y: 4242784 Depth: 3 Value: 80.2 Station: CB5.1W
 --- UTM-X: 379767 UTM-Y: 4242784 Depth: 3.5 Value: 79.7 Station: CB5.1W
 --- UTM-X: 379767 UTM-Y: 4242784 Depth: 4 Value: 79.2 Station: CB5.1W
 --- UTM-X: 379767 UTM-Y: 4242784 Depth: 4.5 Value: 78.6 Station: CB5.1W
 --- UTM-X: 379767 UTM-Y: 4242784 Depth: 5 Value: 78.1 Station: CB5.1W
 --- UTM-X: 379767 UTM-Y: 4242784 Depth: 5.5 Value: 77.5 Station: CB5.1W
 --- UTM-X: 379767 UTM-Y: 4242784 Depth: 6 Value: 77 Station: CB5.1W
 --- UTM-X: 379767 UTM-Y: 4242784 Depth: 6.5 Value: 76.5 Station: CB5.1W
 --- UTM-X: 379767 UTM-Y: 4242784 Depth: 7 Value: 75.9 Station: CB5.1W
 --- UTM-X: 379767 UTM-Y: 4242784 Depth: 7.5 Value: 75.4 Station: CB5.1W
 --- UTM-X: 379767 UTM-Y: 4242784 Depth: 8 Value: 74.8 Station: CB5.1W
 --- UTM-X: 391609 UTM-Y: 4304585 Depth: 0 Value: 84.2 Station: EE1.1
 --- UTM-X: 391609 UTM-Y: 4304585 Depth: 0.5 Value: 84.2 Station: EE1.1
 --- UTM-X: 391609 UTM-Y: 4304585 Depth: 1 Value: 84.2 Station: EE1.1
 --- UTM-X: 391609 UTM-Y: 4304585 Depth: 1.5 Value: 84.1 Station: EE1.1
 --- UTM-X: 391609 UTM-Y: 4304585 Depth: 2 Value: 84 Station: EE1.1
 --- UTM-X: 391609 UTM-Y: 4304585 Depth: 2.5 Value: 84 Station: EE1.1
 --- UTM-X: 391609 UTM-Y: 4304585 Depth: 3 Value: 84 Station: EE1.1
 --- UTM-X: 391609 UTM-Y: 4304585 Depth: 3.5 Value: 83.9 Station: EE1.1
 --- UTM-X: 391609 UTM-Y: 4304585 Depth: 4 Value: 83.8 Station: EE1.1
 --- UTM-X: 391609 UTM-Y: 4304585 Depth: 4.5 Value: 83.8 Station: EE1.1
 --- UTM-X: 391609 UTM-Y: 4304585 Depth: 5 Value: 83.7 Station: EE1.1
 --- UTM-X: 391609 UTM-Y: 4304585 Depth: 5.5 Value: 83.6 Station: EE1.1
 --- UTM-X: 391609 UTM-Y: 4304585 Depth: 6 Value: 83.5 Station: EE1.1
 --- UTM-X: 391609 UTM-Y: 4304585 Depth: 6.5 Value: 83.7 Station: EE1.1
 --- UTM-X: 391609 UTM-Y: 4304585 Depth: 7 Value: 83.8 Station: EE1.1
 --- UTM-X: 391609 UTM-Y: 4304585 Depth: 7.5 Value: 82.6 Station: EE1.1
 --- UTM-X: 391609 UTM-Y: 4304585 Depth: 8 Value: 81.3 Station: EE1.1
 --- UTM-X: 391609 UTM-Y: 4304585 Depth: 8.5 Value: 80.4 Station: EE1.1
 --- UTM-X: 391609 UTM-Y: 4304585 Depth: 9 Value: 79.5 Station: EE1.1
 --- UTM-X: 391609 UTM-Y: 4304585 Depth: 9.5 Value: 77.9 Station: EE1.1
 --- UTM-X: 391609 UTM-Y: 4304585 Depth: 10 Value: 76.3 Station: EE1.1
 --- UTM-X: 391609 UTM-Y: 4304585 Depth: 10.5 Value: 75.7 Station: EE1.1
 --- UTM-X: 391609 UTM-Y: 4304585 Depth: 11 Value: 75.2 Station: EE1.1
 --- UTM-X: 391609 UTM-Y: 4304585 Depth: 11.5 Value: 74.7 Station: EE1.1
 --- UTM-X: 391609 UTM-Y: 4304585 Depth: 12 Value: 74.1 Station: EE1.1
 --- UTM-X: 389081 UTM-Y: 4278722 Depth: 0 Value: 83.8 Station: EE2.1
 --- UTM-X: 389081 UTM-Y: 4278722 Depth: 0.5 Value: 83.8 Station: EE2.1
 --- UTM-X: 389081 UTM-Y: 4278722 Depth: 1 Value: 83.7 Station: EE2.1
 --- UTM-X: 389081 UTM-Y: 4278722 Depth: 1.5 Value: 83.5 Station: EE2.1
 --- UTM-X: 389081 UTM-Y: 4278722 Depth: 2 Value: 83.3 Station: EE2.1
 --- UTM-X: 389081 UTM-Y: 4278722 Depth: 2.5 Value: 83.2 Station: EE2.1
 --- UTM-X: 389081 UTM-Y: 4278722 Depth: 3 Value: 83.1 Station: EE2.1
 --- UTM-X: 389081 UTM-Y: 4278722 Depth: 3.5 Value: 83.1 Station: EE2.1
 --- UTM-X: 389081 UTM-Y: 4278722 Depth: 4 Value: 83.1 Station: EE2.1
 --- UTM-X: 389081 UTM-Y: 4278722 Depth: 4.5 Value: 83.1 Station: EE2.1
 --- UTM-X: 389081 UTM-Y: 4278722 Depth: 5 Value: 83.1 Station: EE2.1
 --- UTM-X: 389081 UTM-Y: 4278722 Depth: 5.5 Value: 83.1 Station: EE2.1
 --- UTM-X: 389081 UTM-Y: 4278722 Depth: 6 Value: 83.1 Station: EE2.1
 --- UTM-X: 389081 UTM-Y: 4278722 Depth: 6.5 Value: 83.2 Station: EE2.1
 --- UTM-X: 389081 UTM-Y: 4278722 Depth: 7 Value: 83.3 Station: EE2.1
 --- UTM-X: 385995 UTM-Y: 4265816 Depth: 0 Value: 84.6 Station: EE2.2
 --- UTM-X: 385995 UTM-Y: 4265816 Depth: 0.5 Value: 84.5 Station: EE2.2
 --- UTM-X: 385995 UTM-Y: 4265816 Depth: 1 Value: 84.4 Station: EE2.2
 --- UTM-X: 385995 UTM-Y: 4265816 Depth: 1.5 Value: 84.3 Station: EE2.2
 --- UTM-X: 385995 UTM-Y: 4265816 Depth: 2 Value: 84.2 Station: EE2.2
 --- UTM-X: 385995 UTM-Y: 4265816 Depth: 2.5 Value: 84.2 Station: EE2.2
 --- UTM-X: 385995 UTM-Y: 4265816 Depth: 3 Value: 84.2 Station: EE2.2
 --- UTM-X: 385995 UTM-Y: 4265816 Depth: 3.5 Value: 84.2 Station: EE2.2
 --- UTM-X: 385995 UTM-Y: 4265816 Depth: 4 Value: 84.2 Station: EE2.2
 --- UTM-X: 385995 UTM-Y: 4265816 Depth: 4.5 Value: 84.1 Station: EE2.2
 --- UTM-X: 385995 UTM-Y: 4265816 Depth: 5 Value: 84 Station: EE2.2
 --- UTM-X: 385995 UTM-Y: 4265816 Depth: 5.5 Value: 82.7 Station: EE2.2
 --- UTM-X: 385995 UTM-Y: 4265816 Depth: 6 Value: 81.3 Station: EE2.2
 --- UTM-X: 385995 UTM-Y: 4265816 Depth: 6.5 Value: 80.4 Station: EE2.2
 --- UTM-X: 385995 UTM-Y: 4265816 Depth: 7 Value: 79.5 Station: EE2.2
 --- UTM-X: 385995 UTM-Y: 4265816 Depth: 7.5 Value: 78.5 Station: EE2.2
 --- UTM-X: 385995 UTM-Y: 4265816 Depth: 8 Value: 77.5 Station: EE2.2
 --- UTM-X: 385995 UTM-Y: 4265816 Depth: 8.5 Value: 77.2 Station: EE2.2
 --- UTM-X: 385995 UTM-Y: 4265816 Depth: 9 Value: 76.8 Station: EE2.2
 --- UTM-X: 385995 UTM-Y: 4265816 Depth: 9.5 Value: 76.6 Station: EE2.2
 --- UTM-X: 369446 UTM-Y: 4319720 Depth: 0 Value: 86.9 Station: WT7.1
 --- UTM-X: 369446 UTM-Y: 4319720 Depth: 0.5 Value: 86.9 Station: WT7.1
 --- UTM-X: 369446 UTM-Y: 4319720 Depth: 1 Value: 86.9 Station: WT7.1
 --- UTM-X: 369446 UTM-Y: 4319720 Depth: 1.5 Value: 86.8 Station: WT7.1
 --- UTM-X: 369446 UTM-Y: 4319720 Depth: 2 Value: 86.7 Station: WT7.1
 --- UTM-X: 369446 UTM-Y: 4319720 Depth: 2.5 Value: 85.9 Station: WT7.1
 --- UTM-X: 369446 UTM-Y: 4319720 Depth: 3 Value: 85.1 Station: WT7.1
 --- UTM-X: 369446 UTM-Y: 4319720 Depth: 3.5 Value: 84.6 Station: WT7.1
 --- UTM-X: 369446 UTM-Y: 4319720 Depth: 4 Value: 84 Station: WT7.1
 --- UTM-X: 369446 UTM-Y: 4319720 Depth: 4.5 Value: 83.2 Station: WT7.1
 --- UTM-X: 369446 UTM-Y: 4319720 Depth: 5 Value: 82.4 Station: WT7.1
 --- UTM-X: 369446 UTM-Y: 4319720 Depth: 5.5 Value: 82.8 Station: WT7.1
 --- UTM-X: 369446 UTM-Y: 4319720 Depth: 6 Value: 83.1 Station: WT7.1
 --- UTM-X: 369446 UTM-Y: 4319720 Depth: 6.5 Value: 82.8 Station: WT7.1
 --- UTM-X: 369446 UTM-Y: 4319720 Depth: 7 Value: 82.6 Station: WT7.1
 --- UTM-X: 369446 UTM-Y: 4319720 Depth: 7.5 Value: 81.3 Station: WT7.1
 --- UTM-X: 369446 UTM-Y: 4319720 Depth: 8 Value: 80.1 Station: WT7.1
 --- UTM-X: 369446 UTM-Y: 4319720 Depth: 8.5 Value: 80.1 Station: WT7.1
 --- UTM-X: 369446 UTM-Y: 4319720 Depth: 9 Value: 80.1 Station: WT7.1
 --- UTM-X: 369446 UTM-Y: 4319720 Depth: 9.5 Value: 80.1 Station: WT7.1
 --- UTM-X: 369446 UTM-Y: 4319720 Depth: 10 Value: 80.1 Station: WT7.1
 --- UTM-X: 369446 UTM-Y: 4319720 Depth: 10.5 Value: 79.8 Station: WT7.1
 --- UTM-X: 369446 UTM-Y: 4319720 Depth: 11 Value: 79.5 Station: WT7.1
 --- UTM-X: 369446 UTM-Y: 4319720 Depth: 11.5 Value: 79.6 Station: WT7.1
 --- UTM-X: 368570 UTM-Y: 4310484 Depth: 0 Value: 86.5 Station: WT8.1
 --- UTM-X: 368570 UTM-Y: 4310484 Depth: 0.5 Value: 86.5 Station: WT8.1
 --- UTM-X: 368570 UTM-Y: 4310484 Depth: 1 Value: 86.5 Station: WT8.1
 --- UTM-X: 368570 UTM-Y: 4310484 Depth: 1.5 Value: 86.4 Station: WT8.1
 --- UTM-X: 368570 UTM-Y: 4310484 Depth: 2 Value: 86.2 Station: WT8.1
 --- UTM-X: 368570 UTM-Y: 4310484 Depth: 2.5 Value: 86.1 Station: WT8.1
 --- UTM-X: 368570 UTM-Y: 4310484 Depth: 3 Value: 86 Station: WT8.1
 --- UTM-X: 368570 UTM-Y: 4310484 Depth: 3.5 Value: 85.2 Station: WT8.1
 --- UTM-X: 368570 UTM-Y: 4310484 Depth: 4 Value: 84.4 Station: WT8.1
 --- UTM-X: 368570 UTM-Y: 4310484 Depth: 4.5 Value: 83.9 Station: WT8.1
 --- UTM-X: 368570 UTM-Y: 4310484 Depth: 5 Value: 83.5 Station: WT8.1
 --- UTM-X: 368570 UTM-Y: 4310484 Depth: 5.5 Value: 83.2 Station: WT8.1
 --- UTM-X: 368570 UTM-Y: 4310484 Depth: 6 Value: 82.9 Station: WT8.1
 --- UTM-X: 368570 UTM-Y: 4310484 Depth: 6.5 Value: 82.8 Station: WT8.1
 --- UTM-X: 367033 UTM-Y: 4304960 Depth: 0 Value: 87.8 Station: WT8.2
 --- UTM-X: 367033 UTM-Y: 4304960 Depth: 0.5 Value: 87 Station: WT8.2
 --- UTM-X: 367033 UTM-Y: 4304960 Depth: 1 Value: 86.2 Station: WT8.2
 --- UTM-X: 367033 UTM-Y: 4304960 Depth: 1.5 Value: 86 Station: WT8.2
 --- UTM-X: 367033 UTM-Y: 4304960 Depth: 2 Value: 85.8 Station: WT8.2
 --- UTM-X: 366971 UTM-Y: 4301260 Depth: 0 Value: 86.5 Station: WT8.3
 --- UTM-X: 366971 UTM-Y: 4301260 Depth: 0.5 Value: 86.4 Station: WT8.3
 --- UTM-X: 366971 UTM-Y: 4301260 Depth: 1 Value: 86.2 Station: WT8.3
 --- UTM-X: 366971 UTM-Y: 4301260 Depth: 1.5 Value: 86 Station: WT8.3
 --- UTM-X: 366971 UTM-Y: 4301260 Depth: 2 Value: 85.8 Station: WT8.3
 --- UTM-X: 366971 UTM-Y: 4301260 Depth: 2.5 Value: 85.5 Station: WT8.3
 --- UTM-X: 366971 UTM-Y: 4301260 Depth: 3 Value: 85.1 Station: WT8.3
 --- 9237 cells were interpolated in region CB4MH.  Subtotal: 13225 total cells.
 ---- Region was calculated in 0 seconds. Segment volume (m^3) = 9237000000
 
 - Bathymetry Region ID: 1005  Region Name: CB5MH  Data Points: 758 in data region 1005
 -- Cell Size  E-W: 1000  N-S: 1000  Vertical: 1
 --- Data in Region ---
 --- UTM-X: 374994 UTM-Y: 4268540 Depth: 0 Value: 82.9 Station: CB4.3C
 --- UTM-X: 374994 UTM-Y: 4268540 Depth: 0.5 Value: 82.9 Station: CB4.3C
 --- UTM-X: 374994 UTM-Y: 4268540 Depth: 1 Value: 82.9 Station: CB4.3C
 --- UTM-X: 374994 UTM-Y: 4268540 Depth: 1.5 Value: 82.9 Station: CB4.3C
 --- UTM-X: 374994 UTM-Y: 4268540 Depth: 2 Value: 82.9 Station: CB4.3C
 --- UTM-X: 374994 UTM-Y: 4268540 Depth: 2.5 Value: 82.9 Station: CB4.3C
 --- UTM-X: 374994 UTM-Y: 4268540 Depth: 3 Value: 82.9 Station: CB4.3C
 --- UTM-X: 374994 UTM-Y: 4268540 Depth: 3.5 Value: 82.9 Station: CB4.3C
 --- UTM-X: 374994 UTM-Y: 4268540 Depth: 4 Value: 82.8 Station: CB4.3C
 --- UTM-X: 374994 UTM-Y: 4268540 Depth: 4.5 Value: 82.8 Station: CB4.3C
 --- UTM-X: 374994 UTM-Y: 4268540 Depth: 5 Value: 82.8 Station: CB4.3C
 --- UTM-X: 374994 UTM-Y: 4268540 Depth: 5.5 Value: 82.8 Station: CB4.3C
 --- UTM-X: 374994 UTM-Y: 4268540 Depth: 6 Value: 82.8 Station: CB4.3C
 --- UTM-X: 374994 UTM-Y: 4268540 Depth: 6.5 Value: 82.7 Station: CB4.3C
 --- UTM-X: 374994 UTM-Y: 4268540 Depth: 7 Value: 82.6 Station: CB4.3C
 --- UTM-X: 374994 UTM-Y: 4268540 Depth: 7.5 Value: 82.4 Station: CB4.3C
 --- UTM-X: 374994 UTM-Y: 4268540 Depth: 8 Value: 82.2 Station: CB4.3C
 --- UTM-X: 374994 UTM-Y: 4268540 Depth: 8.5 Value: 80.9 Station: CB4.3C
 --- UTM-X: 374994 UTM-Y: 4268540 Depth: 9 Value: 79.5 Station: CB4.3C
 --- UTM-X: 374994 UTM-Y: 4268540 Depth: 9.5 Value: 78.3 Station: CB4.3C
 --- UTM-X: 374994 UTM-Y: 4268540 Depth: 10 Value: 77.2 Station: CB4.3C
 --- UTM-X: 374994 UTM-Y: 4268540 Depth: 10.5 Value: 76.5 Station: CB4.3C
 --- UTM-X: 374994 UTM-Y: 4268540 Depth: 11 Value: 75.9 Station: CB4.3C
 --- UTM-X: 374994 UTM-Y: 4268540 Depth: 11.5 Value: 74.2 Station: CB4.3C
 --- UTM-X: 374994 UTM-Y: 4268540 Depth: 12 Value: 72.5 Station: CB4.3C
 --- UTM-X: 374994 UTM-Y: 4268540 Depth: 12.5 Value: 72.3 Station: CB4.3C
 --- UTM-X: 374994 UTM-Y: 4268540 Depth: 13 Value: 72.1 Station: CB4.3C
 --- UTM-X: 374994 UTM-Y: 4268540 Depth: 13.5 Value: 72.1 Station: CB4.3C
 --- UTM-X: 374994 UTM-Y: 4268540 Depth: 14 Value: 72.1 Station: CB4.3C
 --- UTM-X: 374994 UTM-Y: 4268540 Depth: 14.5 Value: 72.1 Station: CB4.3C
 --- UTM-X: 374994 UTM-Y: 4268540 Depth: 15 Value: 72.1 Station: CB4.3C
 --- UTM-X: 374994 UTM-Y: 4268540 Depth: 15.5 Value: 72 Station: CB4.3C
 --- UTM-X: 374994 UTM-Y: 4268540 Depth: 16 Value: 72 Station: CB4.3C
 --- UTM-X: 374994 UTM-Y: 4268540 Depth: 16.5 Value: 71.9 Station: CB4.3C
 --- UTM-X: 374994 UTM-Y: 4268540 Depth: 17 Value: 71.8 Station: CB4.3C
 --- UTM-X: 374994 UTM-Y: 4268540 Depth: 17.5 Value: 71.8 Station: CB4.3C
 --- UTM-X: 374994 UTM-Y: 4268540 Depth: 18 Value: 71.8 Station: CB4.3C
 --- UTM-X: 374994 UTM-Y: 4268540 Depth: 18.5 Value: 71.8 Station: CB4.3C
 --- UTM-X: 374994 UTM-Y: 4268540 Depth: 19 Value: 71.8 Station: CB4.3C
 --- UTM-X: 374994 UTM-Y: 4268540 Depth: 19.5 Value: 71.8 Station: CB4.3C
 --- UTM-X: 374994 UTM-Y: 4268540 Depth: 20 Value: 71.8 Station: CB4.3C
 --- UTM-X: 374994 UTM-Y: 4268540 Depth: 20.5 Value: 71.8 Station: CB4.3C
 --- UTM-X: 374994 UTM-Y: 4268540 Depth: 21 Value: 71.8 Station: CB4.3C
 --- UTM-X: 374994 UTM-Y: 4268540 Depth: 21.5 Value: 71.8 Station: CB4.3C
 --- UTM-X: 374994 UTM-Y: 4268540 Depth: 22 Value: 71.8 Station: CB4.3C
 --- UTM-X: 374994 UTM-Y: 4268540 Depth: 22.5 Value: 71.8 Station: CB4.3C
 --- UTM-X: 374994 UTM-Y: 4268540 Depth: 23 Value: 71.8 Station: CB4.3C
 --- UTM-X: 374994 UTM-Y: 4268540 Depth: 23.5 Value: 71.8 Station: CB4.3C
 --- UTM-X: 374994 UTM-Y: 4268540 Depth: 24 Value: 71.8 Station: CB4.3C
 --- UTM-X: 374994 UTM-Y: 4268540 Depth: 24.5 Value: 71.8 Station: CB4.3C
 --- UTM-X: 374994 UTM-Y: 4268540 Depth: 25 Value: 71.8 Station: CB4.3C
 --- UTM-X: 374994 UTM-Y: 4268540 Depth: 25.5 Value: 71.8 Station: CB4.3C
 --- UTM-X: 374994 UTM-Y: 4268540 Depth: 26 Value: 71.8 Station: CB4.3C
 --- UTM-X: 378916 UTM-Y: 4268479 Depth: 0 Value: 82.4 Station: CB4.3E
 --- UTM-X: 378916 UTM-Y: 4268479 Depth: 0.5 Value: 82.4 Station: CB4.3E
 --- UTM-X: 378916 UTM-Y: 4268479 Depth: 1 Value: 82.4 Station: CB4.3E
 --- UTM-X: 378916 UTM-Y: 4268479 Depth: 1.5 Value: 82.3 Station: CB4.3E
 --- UTM-X: 378916 UTM-Y: 4268479 Depth: 2 Value: 82.2 Station: CB4.3E
 --- UTM-X: 378916 UTM-Y: 4268479 Depth: 2.5 Value: 82.2 Station: CB4.3E
 --- UTM-X: 378916 UTM-Y: 4268479 Depth: 3 Value: 82.2 Station: CB4.3E
 --- UTM-X: 378916 UTM-Y: 4268479 Depth: 3.5 Value: 82.3 Station: CB4.3E
 --- UTM-X: 378916 UTM-Y: 4268479 Depth: 4 Value: 82.4 Station: CB4.3E
 --- UTM-X: 378916 UTM-Y: 4268479 Depth: 4.5 Value: 82.4 Station: CB4.3E
 --- UTM-X: 378916 UTM-Y: 4268479 Depth: 5 Value: 82.4 Station: CB4.3E
 --- UTM-X: 378916 UTM-Y: 4268479 Depth: 5.5 Value: 82.4 Station: CB4.3E
 --- UTM-X: 378916 UTM-Y: 4268479 Depth: 6 Value: 82.4 Station: CB4.3E
 --- UTM-X: 378916 UTM-Y: 4268479 Depth: 6.5 Value: 82.4 Station: CB4.3E
 --- UTM-X: 378916 UTM-Y: 4268479 Depth: 7 Value: 82.4 Station: CB4.3E
 --- UTM-X: 378916 UTM-Y: 4268479 Depth: 7.5 Value: 82.4 Station: CB4.3E
 --- UTM-X: 378916 UTM-Y: 4268479 Depth: 8 Value: 82.4 Station: CB4.3E
 --- UTM-X: 378916 UTM-Y: 4268479 Depth: 8.5 Value: 82.4 Station: CB4.3E
 --- UTM-X: 378916 UTM-Y: 4268479 Depth: 9 Value: 82.4 Station: CB4.3E
 --- UTM-X: 378916 UTM-Y: 4268479 Depth: 9.5 Value: 82.3 Station: CB4.3E
 --- UTM-X: 378916 UTM-Y: 4268479 Depth: 10 Value: 82.2 Station: CB4.3E
 --- UTM-X: 378916 UTM-Y: 4268479 Depth: 10.5 Value: 82 Station: CB4.3E
 --- UTM-X: 378916 UTM-Y: 4268479 Depth: 11 Value: 81.7 Station: CB4.3E
 --- UTM-X: 378916 UTM-Y: 4268479 Depth: 11.5 Value: 81.2 Station: CB4.3E
 --- UTM-X: 378916 UTM-Y: 4268479 Depth: 12 Value: 80.8 Station: CB4.3E
 --- UTM-X: 378916 UTM-Y: 4268479 Depth: 12.5 Value: 80 Station: CB4.3E
 --- UTM-X: 378916 UTM-Y: 4268479 Depth: 13 Value: 79.2 Station: CB4.3E
 --- UTM-X: 378916 UTM-Y: 4268479 Depth: 13.5 Value: 77.9 Station: CB4.3E
 --- UTM-X: 378916 UTM-Y: 4268479 Depth: 14 Value: 76.6 Station: CB4.3E
 --- UTM-X: 378916 UTM-Y: 4268479 Depth: 14.5 Value: 76 Station: CB4.3E
 --- UTM-X: 378916 UTM-Y: 4268479 Depth: 15 Value: 75.4 Station: CB4.3E
 --- UTM-X: 378916 UTM-Y: 4268479 Depth: 15.5 Value: 75 Station: CB4.3E
 --- UTM-X: 378916 UTM-Y: 4268479 Depth: 16 Value: 74.7 Station: CB4.3E
 --- UTM-X: 378916 UTM-Y: 4268479 Depth: 16.5 Value: 74.4 Station: CB4.3E
 --- UTM-X: 378916 UTM-Y: 4268479 Depth: 17 Value: 74.1 Station: CB4.3E
 --- UTM-X: 378916 UTM-Y: 4268479 Depth: 17.5 Value: 73.5 Station: CB4.3E
 --- UTM-X: 378916 UTM-Y: 4268479 Depth: 18 Value: 72.9 Station: CB4.3E
 --- UTM-X: 378916 UTM-Y: 4268479 Depth: 18.5 Value: 72.5 Station: CB4.3E
 --- UTM-X: 378916 UTM-Y: 4268479 Depth: 19 Value: 72.1 Station: CB4.3E
 --- UTM-X: 369911 UTM-Y: 4268621 Depth: 0 Value: 82.8 Station: CB4.3W
 --- UTM-X: 369911 UTM-Y: 4268621 Depth: 0.5 Value: 82.8 Station: CB4.3W
 --- UTM-X: 369911 UTM-Y: 4268621 Depth: 1 Value: 82.8 Station: CB4.3W
 --- UTM-X: 369911 UTM-Y: 4268621 Depth: 1.5 Value: 82.8 Station: CB4.3W
 --- UTM-X: 369911 UTM-Y: 4268621 Depth: 2 Value: 82.8 Station: CB4.3W
 --- UTM-X: 369911 UTM-Y: 4268621 Depth: 2.5 Value: 82.8 Station: CB4.3W
 --- UTM-X: 369911 UTM-Y: 4268621 Depth: 3 Value: 82.8 Station: CB4.3W
 --- UTM-X: 369911 UTM-Y: 4268621 Depth: 3.5 Value: 82.8 Station: CB4.3W
 --- UTM-X: 369911 UTM-Y: 4268621 Depth: 4 Value: 82.8 Station: CB4.3W
 --- UTM-X: 369911 UTM-Y: 4268621 Depth: 4.5 Value: 81.5 Station: CB4.3W
 --- UTM-X: 369911 UTM-Y: 4268621 Depth: 5 Value: 80.2 Station: CB4.3W
 --- UTM-X: 369911 UTM-Y: 4268621 Depth: 5.5 Value: 79.4 Station: CB4.3W
 --- UTM-X: 369911 UTM-Y: 4268621 Depth: 6 Value: 78.6 Station: CB4.3W
 --- UTM-X: 369911 UTM-Y: 4268621 Depth: 6.5 Value: 78 Station: CB4.3W
 --- UTM-X: 369911 UTM-Y: 4268621 Depth: 7 Value: 77.4 Station: CB4.3W
 --- UTM-X: 382750 UTM-Y: 4252514 Depth: 0 Value: 82.8 Station: CB4.4
 --- UTM-X: 382750 UTM-Y: 4252514 Depth: 0.5 Value: 82.8 Station: CB4.4
 --- UTM-X: 382750 UTM-Y: 4252514 Depth: 1 Value: 82.8 Station: CB4.4
 --- UTM-X: 382750 UTM-Y: 4252514 Depth: 1.5 Value: 82.8 Station: CB4.4
 --- UTM-X: 382750 UTM-Y: 4252514 Depth: 2 Value: 82.8 Station: CB4.4
 --- UTM-X: 382750 UTM-Y: 4252514 Depth: 2.5 Value: 82.8 Station: CB4.4
 --- UTM-X: 382750 UTM-Y: 4252514 Depth: 3 Value: 82.8 Station: CB4.4
 --- UTM-X: 382750 UTM-Y: 4252514 Depth: 3.5 Value: 82.7 Station: CB4.4
 --- UTM-X: 382750 UTM-Y: 4252514 Depth: 4 Value: 82.6 Station: CB4.4
 --- UTM-X: 382750 UTM-Y: 4252514 Depth: 4.5 Value: 82.5 Station: CB4.4
 --- UTM-X: 382750 UTM-Y: 4252514 Depth: 5 Value: 82.4 Station: CB4.4
 --- UTM-X: 382750 UTM-Y: 4252514 Depth: 5.5 Value: 82.3 Station: CB4.4
 --- UTM-X: 382750 UTM-Y: 4252514 Depth: 6 Value: 82.2 Station: CB4.4
 --- UTM-X: 382750 UTM-Y: 4252514 Depth: 6.5 Value: 82 Station: CB4.4
 --- UTM-X: 382750 UTM-Y: 4252514 Depth: 7 Value: 81.9 Station: CB4.4
 --- UTM-X: 382750 UTM-Y: 4252514 Depth: 7.5 Value: 81 Station: CB4.4
 --- UTM-X: 382750 UTM-Y: 4252514 Depth: 8 Value: 80.1 Station: CB4.4
 --- UTM-X: 382750 UTM-Y: 4252514 Depth: 8.5 Value: 79.9 Station: CB4.4
 --- UTM-X: 382750 UTM-Y: 4252514 Depth: 9 Value: 79.7 Station: CB4.4
 --- UTM-X: 382750 UTM-Y: 4252514 Depth: 9.5 Value: 78.7 Station: CB4.4
 --- UTM-X: 382750 UTM-Y: 4252514 Depth: 10 Value: 77.7 Station: CB4.4
 --- UTM-X: 382750 UTM-Y: 4252514 Depth: 10.5 Value: 76.1 Station: CB4.4
 --- UTM-X: 382750 UTM-Y: 4252514 Depth: 11 Value: 74.5 Station: CB4.4
 --- UTM-X: 382750 UTM-Y: 4252514 Depth: 11.5 Value: 73.8 Station: CB4.4
 --- UTM-X: 382750 UTM-Y: 4252514 Depth: 12 Value: 73.2 Station: CB4.4
 --- UTM-X: 382750 UTM-Y: 4252514 Depth: 12.5 Value: 73 Station: CB4.4
 --- UTM-X: 382750 UTM-Y: 4252514 Depth: 13 Value: 72.7 Station: CB4.4
 --- UTM-X: 382750 UTM-Y: 4252514 Depth: 13.5 Value: 72.8 Station: CB4.4
 --- UTM-X: 382750 UTM-Y: 4252514 Depth: 14 Value: 72.9 Station: CB4.4
 --- UTM-X: 382750 UTM-Y: 4252514 Depth: 14.5 Value: 72.9 Station: CB4.4
 --- UTM-X: 382750 UTM-Y: 4252514 Depth: 15 Value: 72.9 Station: CB4.4
 --- UTM-X: 382750 UTM-Y: 4252514 Depth: 15.5 Value: 72.8 Station: CB4.4
 --- UTM-X: 382750 UTM-Y: 4252514 Depth: 16 Value: 72.7 Station: CB4.4
 --- UTM-X: 382750 UTM-Y: 4252514 Depth: 16.5 Value: 72.7 Station: CB4.4
 --- UTM-X: 382750 UTM-Y: 4252514 Depth: 17 Value: 72.7 Station: CB4.4
 --- UTM-X: 382750 UTM-Y: 4252514 Depth: 17.5 Value: 72.7 Station: CB4.4
 --- UTM-X: 382750 UTM-Y: 4252514 Depth: 18 Value: 72.8 Station: CB4.4
 --- UTM-X: 382750 UTM-Y: 4252514 Depth: 18.5 Value: 72.8 Station: CB4.4
 --- UTM-X: 382750 UTM-Y: 4252514 Depth: 19 Value: 72.9 Station: CB4.4
 --- UTM-X: 382750 UTM-Y: 4252514 Depth: 19.5 Value: 72.9 Station: CB4.4
 --- UTM-X: 382750 UTM-Y: 4252514 Depth: 20 Value: 72.9 Station: CB4.4
 --- UTM-X: 382750 UTM-Y: 4252514 Depth: 20.5 Value: 72.9 Station: CB4.4
 --- UTM-X: 382750 UTM-Y: 4252514 Depth: 21 Value: 72.9 Station: CB4.4
 --- UTM-X: 382750 UTM-Y: 4252514 Depth: 21.5 Value: 72.9 Station: CB4.4
 --- UTM-X: 382750 UTM-Y: 4252514 Depth: 22 Value: 72.9 Station: CB4.4
 --- UTM-X: 382750 UTM-Y: 4252514 Depth: 22.5 Value: 72.9 Station: CB4.4
 --- UTM-X: 382750 UTM-Y: 4252514 Depth: 23 Value: 72.9 Station: CB4.4
 --- UTM-X: 382750 UTM-Y: 4252514 Depth: 23.5 Value: 72.9 Station: CB4.4
 --- UTM-X: 382750 UTM-Y: 4252514 Depth: 24 Value: 72.9 Station: CB4.4
 --- UTM-X: 382750 UTM-Y: 4252514 Depth: 24.5 Value: 72.9 Station: CB4.4
 --- UTM-X: 382750 UTM-Y: 4252514 Depth: 25 Value: 72.9 Station: CB4.4
 --- UTM-X: 382750 UTM-Y: 4252514 Depth: 25.5 Value: 72.9 Station: CB4.4
 --- UTM-X: 382750 UTM-Y: 4252514 Depth: 26 Value: 72.9 Station: CB4.4
 --- UTM-X: 382750 UTM-Y: 4252514 Depth: 26.5 Value: 72.9 Station: CB4.4
 --- UTM-X: 382750 UTM-Y: 4252514 Depth: 27 Value: 72.9 Station: CB4.4
 --- UTM-X: 382750 UTM-Y: 4252514 Depth: 27.5 Value: 72.9 Station: CB4.4
 --- UTM-X: 382750 UTM-Y: 4252514 Depth: 28 Value: 72.9 Station: CB4.4
 --- UTM-X: 386968 UTM-Y: 4241940 Depth: 0 Value: 83.1 Station: CB5.1
 --- UTM-X: 386968 UTM-Y: 4241940 Depth: 0.5 Value: 83.1 Station: CB5.1
 --- UTM-X: 386968 UTM-Y: 4241940 Depth: 1 Value: 83.1 Station: CB5.1
 --- UTM-X: 386968 UTM-Y: 4241940 Depth: 1.5 Value: 83 Station: CB5.1
 --- UTM-X: 386968 UTM-Y: 4241940 Depth: 2 Value: 82.9 Station: CB5.1
 --- UTM-X: 386968 UTM-Y: 4241940 Depth: 2.5 Value: 82.8 Station: CB5.1
 --- UTM-X: 386968 UTM-Y: 4241940 Depth: 3 Value: 82.8 Station: CB5.1
 --- UTM-X: 386968 UTM-Y: 4241940 Depth: 3.5 Value: 82.7 Station: CB5.1
 --- UTM-X: 386968 UTM-Y: 4241940 Depth: 4 Value: 82.6 Station: CB5.1
 --- UTM-X: 386968 UTM-Y: 4241940 Depth: 4.5 Value: 82.5 Station: CB5.1
 --- UTM-X: 386968 UTM-Y: 4241940 Depth: 5 Value: 82.4 Station: CB5.1
 --- UTM-X: 386968 UTM-Y: 4241940 Depth: 5.5 Value: 82.3 Station: CB5.1
 --- UTM-X: 386968 UTM-Y: 4241940 Depth: 6 Value: 82.2 Station: CB5.1
 --- UTM-X: 386968 UTM-Y: 4241940 Depth: 6.5 Value: 82.1 Station: CB5.1
 --- UTM-X: 386968 UTM-Y: 4241940 Depth: 7 Value: 82 Station: CB5.1
 --- UTM-X: 386968 UTM-Y: 4241940 Depth: 7.5 Value: 82 Station: CB5.1
 --- UTM-X: 386968 UTM-Y: 4241940 Depth: 8 Value: 81.9 Station: CB5.1
 --- UTM-X: 386968 UTM-Y: 4241940 Depth: 8.5 Value: 80.6 Station: CB5.1
 --- UTM-X: 386968 UTM-Y: 4241940 Depth: 9 Value: 79.3 Station: CB5.1
 --- UTM-X: 386968 UTM-Y: 4241940 Depth: 9.5 Value: 77.4 Station: CB5.1
 --- UTM-X: 386968 UTM-Y: 4241940 Depth: 10 Value: 75.4 Station: CB5.1
 --- UTM-X: 386968 UTM-Y: 4241940 Depth: 10.5 Value: 74.6 Station: CB5.1
 --- UTM-X: 386968 UTM-Y: 4241940 Depth: 11 Value: 73.8 Station: CB5.1
 --- UTM-X: 386968 UTM-Y: 4241940 Depth: 11.5 Value: 73.7 Station: CB5.1
 --- UTM-X: 386968 UTM-Y: 4241940 Depth: 12 Value: 73.6 Station: CB5.1
 --- UTM-X: 386968 UTM-Y: 4241940 Depth: 12.5 Value: 73.7 Station: CB5.1
 --- UTM-X: 386968 UTM-Y: 4241940 Depth: 13 Value: 73.8 Station: CB5.1
 --- UTM-X: 386968 UTM-Y: 4241940 Depth: 13.5 Value: 73.8 Station: CB5.1
 --- UTM-X: 386968 UTM-Y: 4241940 Depth: 14 Value: 73.8 Station: CB5.1
 --- UTM-X: 386968 UTM-Y: 4241940 Depth: 14.5 Value: 73.7 Station: CB5.1
 --- UTM-X: 386968 UTM-Y: 4241940 Depth: 15 Value: 73.6 Station: CB5.1
 --- UTM-X: 386968 UTM-Y: 4241940 Depth: 15.5 Value: 73.5 Station: CB5.1
 --- UTM-X: 386968 UTM-Y: 4241940 Depth: 16 Value: 73.5 Station: CB5.1
 --- UTM-X: 386968 UTM-Y: 4241940 Depth: 16.5 Value: 73.4 Station: CB5.1
 --- UTM-X: 386968 UTM-Y: 4241940 Depth: 17 Value: 73.4 Station: CB5.1
 --- UTM-X: 386968 UTM-Y: 4241940 Depth: 17.5 Value: 73.4 Station: CB5.1
 --- UTM-X: 386968 UTM-Y: 4241940 Depth: 18 Value: 73.3 Station: CB5.1
 --- UTM-X: 386968 UTM-Y: 4241940 Depth: 18.5 Value: 73.3 Station: CB5.1
 --- UTM-X: 386968 UTM-Y: 4241940 Depth: 19 Value: 73.2 Station: CB5.1
 --- UTM-X: 386968 UTM-Y: 4241940 Depth: 19.5 Value: 73.3 Station: CB5.1
 --- UTM-X: 386968 UTM-Y: 4241940 Depth: 20 Value: 73.3 Station: CB5.1
 --- UTM-X: 386968 UTM-Y: 4241940 Depth: 20.5 Value: 73.4 Station: CB5.1
 --- UTM-X: 386968 UTM-Y: 4241940 Depth: 21 Value: 73.4 Station: CB5.1
 --- UTM-X: 386968 UTM-Y: 4241940 Depth: 21.5 Value: 73.4 Station: CB5.1
 --- UTM-X: 386968 UTM-Y: 4241940 Depth: 22 Value: 73.5 Station: CB5.1
 --- UTM-X: 386968 UTM-Y: 4241940 Depth: 22.5 Value: 73.5 Station: CB5.1
 --- UTM-X: 386968 UTM-Y: 4241940 Depth: 23 Value: 73.6 Station: CB5.1
 --- UTM-X: 386968 UTM-Y: 4241940 Depth: 23.5 Value: 73.6 Station: CB5.1
 --- UTM-X: 386968 UTM-Y: 4241940 Depth: 24 Value: 73.6 Station: CB5.1
 --- UTM-X: 386968 UTM-Y: 4241940 Depth: 24.5 Value: 73.6 Station: CB5.1
 --- UTM-X: 386968 UTM-Y: 4241940 Depth: 25 Value: 73.6 Station: CB5.1
 --- UTM-X: 386968 UTM-Y: 4241940 Depth: 25.5 Value: 73.5 Station: CB5.1
 --- UTM-X: 386968 UTM-Y: 4241940 Depth: 26 Value: 73.5 Station: CB5.1
 --- UTM-X: 386968 UTM-Y: 4241940 Depth: 26.5 Value: 73.4 Station: CB5.1
 --- UTM-X: 386968 UTM-Y: 4241940 Depth: 27 Value: 73.4 Station: CB5.1
 --- UTM-X: 386968 UTM-Y: 4241940 Depth: 27.5 Value: 73.4 Station: CB5.1
 --- UTM-X: 386968 UTM-Y: 4241940 Depth: 28 Value: 73.4 Station: CB5.1
 --- UTM-X: 386968 UTM-Y: 4241940 Depth: 28.5 Value: 73.4 Station: CB5.1
 --- UTM-X: 386968 UTM-Y: 4241940 Depth: 29 Value: 73.4 Station: CB5.1
 --- UTM-X: 386968 UTM-Y: 4241940 Depth: 29.5 Value: 73.4 Station: CB5.1
 --- UTM-X: 386968 UTM-Y: 4241940 Depth: 30 Value: 73.4 Station: CB5.1
 --- UTM-X: 386968 UTM-Y: 4241940 Depth: 30.5 Value: 73.4 Station: CB5.1
 --- UTM-X: 386968 UTM-Y: 4241940 Depth: 31 Value: 73.4 Station: CB5.1
 --- UTM-X: 386968 UTM-Y: 4241940 Depth: 31.5 Value: 73.4 Station: CB5.1
 --- UTM-X: 386968 UTM-Y: 4241940 Depth: 32 Value: 73.4 Station: CB5.1
 --- UTM-X: 379767 UTM-Y: 4242784 Depth: 0 Value: 81.3 Station: CB5.1W
 --- UTM-X: 379767 UTM-Y: 4242784 Depth: 0.5 Value: 81.3 Station: CB5.1W
 --- UTM-X: 379767 UTM-Y: 4242784 Depth: 1 Value: 81.3 Station: CB5.1W
 --- UTM-X: 379767 UTM-Y: 4242784 Depth: 1.5 Value: 81.2 Station: CB5.1W
 --- UTM-X: 379767 UTM-Y: 4242784 Depth: 2 Value: 81.1 Station: CB5.1W
 --- UTM-X: 379767 UTM-Y: 4242784 Depth: 2.5 Value: 80.7 Station: CB5.1W
 --- UTM-X: 379767 UTM-Y: 4242784 Depth: 3 Value: 80.2 Station: CB5.1W
 --- UTM-X: 379767 UTM-Y: 4242784 Depth: 3.5 Value: 79.7 Station: CB5.1W
 --- UTM-X: 379767 UTM-Y: 4242784 Depth: 4 Value: 79.2 Station: CB5.1W
 --- UTM-X: 379767 UTM-Y: 4242784 Depth: 4.5 Value: 78.6 Station: CB5.1W
 --- UTM-X: 379767 UTM-Y: 4242784 Depth: 5 Value: 78.1 Station: CB5.1W
 --- UTM-X: 379767 UTM-Y: 4242784 Depth: 5.5 Value: 77.5 Station: CB5.1W
 --- UTM-X: 379767 UTM-Y: 4242784 Depth: 6 Value: 77 Station: CB5.1W
 --- UTM-X: 379767 UTM-Y: 4242784 Depth: 6.5 Value: 76.5 Station: CB5.1W
 --- UTM-X: 379767 UTM-Y: 4242784 Depth: 7 Value: 75.9 Station: CB5.1W
 --- UTM-X: 379767 UTM-Y: 4242784 Depth: 7.5 Value: 75.4 Station: CB5.1W
 --- UTM-X: 379767 UTM-Y: 4242784 Depth: 8 Value: 74.8 Station: CB5.1W
 --- UTM-X: 392384 UTM-Y: 4221705 Depth: 0 Value: 82.8 Station: CB5.2
 --- UTM-X: 392384 UTM-Y: 4221705 Depth: 0.5 Value: 82.8 Station: CB5.2
 --- UTM-X: 392384 UTM-Y: 4221705 Depth: 1 Value: 82.8 Station: CB5.2
 --- UTM-X: 392384 UTM-Y: 4221705 Depth: 1.5 Value: 82.8 Station: CB5.2
 --- UTM-X: 392384 UTM-Y: 4221705 Depth: 2 Value: 82.8 Station: CB5.2
 --- UTM-X: 392384 UTM-Y: 4221705 Depth: 2.5 Value: 82.7 Station: CB5.2
 --- UTM-X: 392384 UTM-Y: 4221705 Depth: 3 Value: 82.6 Station: CB5.2
 --- UTM-X: 392384 UTM-Y: 4221705 Depth: 3.5 Value: 82.6 Station: CB5.2
 --- UTM-X: 392384 UTM-Y: 4221705 Depth: 4 Value: 82.6 Station: CB5.2
 --- UTM-X: 392384 UTM-Y: 4221705 Depth: 4.5 Value: 82.6 Station: CB5.2
 --- UTM-X: 392384 UTM-Y: 4221705 Depth: 5 Value: 82.6 Station: CB5.2
 --- UTM-X: 392384 UTM-Y: 4221705 Depth: 5.5 Value: 82.4 Station: CB5.2
 --- UTM-X: 392384 UTM-Y: 4221705 Depth: 6 Value: 82.2 Station: CB5.2
 --- UTM-X: 392384 UTM-Y: 4221705 Depth: 6.5 Value: 81.7 Station: CB5.2
 --- UTM-X: 392384 UTM-Y: 4221705 Depth: 7 Value: 81.1 Station: CB5.2
 --- UTM-X: 392384 UTM-Y: 4221705 Depth: 7.5 Value: 79.7 Station: CB5.2
 --- UTM-X: 392384 UTM-Y: 4221705 Depth: 8 Value: 78.3 Station: CB5.2
 --- UTM-X: 392384 UTM-Y: 4221705 Depth: 8.5 Value: 77.6 Station: CB5.2
 --- UTM-X: 392384 UTM-Y: 4221705 Depth: 9 Value: 77 Station: CB5.2
 --- UTM-X: 392384 UTM-Y: 4221705 Depth: 9.5 Value: 77.5 Station: CB5.2
 --- UTM-X: 392384 UTM-Y: 4221705 Depth: 10 Value: 77.9 Station: CB5.2
 --- UTM-X: 392384 UTM-Y: 4221705 Depth: 10.5 Value: 77.6 Station: CB5.2
 --- UTM-X: 392384 UTM-Y: 4221705 Depth: 11 Value: 77.4 Station: CB5.2
 --- UTM-X: 392384 UTM-Y: 4221705 Depth: 11.5 Value: 76.9 Station: CB5.2
 --- UTM-X: 392384 UTM-Y: 4221705 Depth: 12 Value: 76.5 Station: CB5.2
 --- UTM-X: 392384 UTM-Y: 4221705 Depth: 12.5 Value: 76.5 Station: CB5.2
 --- UTM-X: 392384 UTM-Y: 4221705 Depth: 13 Value: 76.5 Station: CB5.2
 --- UTM-X: 392384 UTM-Y: 4221705 Depth: 13.5 Value: 76.2 Station: CB5.2
 --- UTM-X: 392384 UTM-Y: 4221705 Depth: 14 Value: 75.9 Station: CB5.2
 --- UTM-X: 392384 UTM-Y: 4221705 Depth: 14.5 Value: 75.9 Station: CB5.2
 --- UTM-X: 392384 UTM-Y: 4221705 Depth: 15 Value: 75.9 Station: CB5.2
 --- UTM-X: 392384 UTM-Y: 4221705 Depth: 15.5 Value: 76.1 Station: CB5.2
 --- UTM-X: 392384 UTM-Y: 4221705 Depth: 16 Value: 76.3 Station: CB5.2
 --- UTM-X: 392384 UTM-Y: 4221705 Depth: 16.5 Value: 76.4 Station: CB5.2
 --- UTM-X: 392384 UTM-Y: 4221705 Depth: 17 Value: 76.5 Station: CB5.2
 --- UTM-X: 392384 UTM-Y: 4221705 Depth: 17.5 Value: 76.5 Station: CB5.2
 --- UTM-X: 392384 UTM-Y: 4221705 Depth: 18 Value: 76.5 Station: CB5.2
 --- UTM-X: 392384 UTM-Y: 4221705 Depth: 18.5 Value: 76.5 Station: CB5.2
 --- UTM-X: 392384 UTM-Y: 4221705 Depth: 19 Value: 76.5 Station: CB5.2
 --- UTM-X: 392384 UTM-Y: 4221705 Depth: 19.5 Value: 76.4 Station: CB5.2
 --- UTM-X: 392384 UTM-Y: 4221705 Depth: 20 Value: 76.4 Station: CB5.2
 --- UTM-X: 392384 UTM-Y: 4221705 Depth: 20.5 Value: 76.3 Station: CB5.2
 --- UTM-X: 392384 UTM-Y: 4221705 Depth: 21 Value: 76.3 Station: CB5.2
 --- UTM-X: 392384 UTM-Y: 4221705 Depth: 21.5 Value: 76.3 Station: CB5.2
 --- UTM-X: 392384 UTM-Y: 4221705 Depth: 22 Value: 76.3 Station: CB5.2
 --- UTM-X: 392384 UTM-Y: 4221705 Depth: 22.5 Value: 76.3 Station: CB5.2
 --- UTM-X: 392384 UTM-Y: 4221705 Depth: 23 Value: 76.3 Station: CB5.2
 --- UTM-X: 392384 UTM-Y: 4221705 Depth: 23.5 Value: 76.3 Station: CB5.2
 --- UTM-X: 392384 UTM-Y: 4221705 Depth: 24 Value: 76.3 Station: CB5.2
 --- UTM-X: 392384 UTM-Y: 4221705 Depth: 24.5 Value: 76.3 Station: CB5.2
 --- UTM-X: 392384 UTM-Y: 4221705 Depth: 25 Value: 76.3 Station: CB5.2
 --- UTM-X: 392384 UTM-Y: 4221705 Depth: 25.5 Value: 76.2 Station: CB5.2
 --- UTM-X: 392384 UTM-Y: 4221705 Depth: 26 Value: 76.1 Station: CB5.2
 --- UTM-X: 392384 UTM-Y: 4221705 Depth: 26.5 Value: 76 Station: CB5.2
 --- UTM-X: 392384 UTM-Y: 4221705 Depth: 27 Value: 75.9 Station: CB5.2
 --- UTM-X: 392384 UTM-Y: 4221705 Depth: 27.5 Value: 75.9 Station: CB5.2
 --- UTM-X: 392384 UTM-Y: 4221705 Depth: 28 Value: 75.9 Station: CB5.2
 --- UTM-X: 397329 UTM-Y: 4196671 Depth: 0 Value: 82 Station: CB5.3
 --- UTM-X: 397329 UTM-Y: 4196671 Depth: 0.5 Value: 82 Station: CB5.3
 --- UTM-X: 397329 UTM-Y: 4196671 Depth: 1 Value: 82 Station: CB5.3
 --- UTM-X: 397329 UTM-Y: 4196671 Depth: 1.5 Value: 82 Station: CB5.3
 --- UTM-X: 397329 UTM-Y: 4196671 Depth: 2 Value: 82 Station: CB5.3
 --- UTM-X: 397329 UTM-Y: 4196671 Depth: 2.5 Value: 82 Station: CB5.3
 --- UTM-X: 397329 UTM-Y: 4196671 Depth: 3 Value: 82 Station: CB5.3
 --- UTM-X: 397329 UTM-Y: 4196671 Depth: 3.5 Value: 82.3 Station: CB5.3
 --- UTM-X: 397329 UTM-Y: 4196671 Depth: 4 Value: 82.6 Station: CB5.3
 --- UTM-X: 397329 UTM-Y: 4196671 Depth: 4.5 Value: 82.6 Station: CB5.3
 --- UTM-X: 397329 UTM-Y: 4196671 Depth: 5 Value: 82.6 Station: CB5.3
 --- UTM-X: 397329 UTM-Y: 4196671 Depth: 5.5 Value: 82.4 Station: CB5.3
 --- UTM-X: 397329 UTM-Y: 4196671 Depth: 6 Value: 82.2 Station: CB5.3
 --- UTM-X: 397329 UTM-Y: 4196671 Depth: 6.5 Value: 82.1 Station: CB5.3
 --- UTM-X: 397329 UTM-Y: 4196671 Depth: 7 Value: 82 Station: CB5.3
 --- UTM-X: 397329 UTM-Y: 4196671 Depth: 7.5 Value: 82 Station: CB5.3
 --- UTM-X: 397329 UTM-Y: 4196671 Depth: 8 Value: 81.9 Station: CB5.3
 --- UTM-X: 397329 UTM-Y: 4196671 Depth: 8.5 Value: 81.9 Station: CB5.3
 --- UTM-X: 397329 UTM-Y: 4196671 Depth: 9 Value: 81.9 Station: CB5.3
 --- UTM-X: 397329 UTM-Y: 4196671 Depth: 9.5 Value: 81.6 Station: CB5.3
 --- UTM-X: 397329 UTM-Y: 4196671 Depth: 10 Value: 81.3 Station: CB5.3
 --- UTM-X: 397329 UTM-Y: 4196671 Depth: 10.5 Value: 81 Station: CB5.3
 --- UTM-X: 397329 UTM-Y: 4196671 Depth: 11 Value: 80.6 Station: CB5.3
 --- UTM-X: 397329 UTM-Y: 4196671 Depth: 11.5 Value: 80.2 Station: CB5.3
 --- UTM-X: 397329 UTM-Y: 4196671 Depth: 12 Value: 79.7 Station: CB5.3
 --- UTM-X: 397329 UTM-Y: 4196671 Depth: 12.5 Value: 79.3 Station: CB5.3
 --- UTM-X: 397329 UTM-Y: 4196671 Depth: 13 Value: 79 Station: CB5.3
 --- UTM-X: 397329 UTM-Y: 4196671 Depth: 13.5 Value: 78.5 Station: CB5.3
 --- UTM-X: 397329 UTM-Y: 4196671 Depth: 14 Value: 78.1 Station: CB5.3
 --- UTM-X: 397329 UTM-Y: 4196671 Depth: 14.5 Value: 78 Station: CB5.3
 --- UTM-X: 397329 UTM-Y: 4196671 Depth: 15 Value: 77.9 Station: CB5.3
 --- UTM-X: 397329 UTM-Y: 4196671 Depth: 15.5 Value: 77.9 Station: CB5.3
 --- UTM-X: 397329 UTM-Y: 4196671 Depth: 16 Value: 78 Station: CB5.3
 --- UTM-X: 397329 UTM-Y: 4196671 Depth: 16.5 Value: 78 Station: CB5.3
 --- UTM-X: 397329 UTM-Y: 4196671 Depth: 17 Value: 78.1 Station: CB5.3
 --- UTM-X: 397329 UTM-Y: 4196671 Depth: 17.5 Value: 78.1 Station: CB5.3
 --- UTM-X: 397329 UTM-Y: 4196671 Depth: 18 Value: 78.2 Station: CB5.3
 --- UTM-X: 397329 UTM-Y: 4196671 Depth: 18.5 Value: 78.2 Station: CB5.3
 --- UTM-X: 397329 UTM-Y: 4196671 Depth: 19 Value: 78.3 Station: CB5.3
 --- UTM-X: 397329 UTM-Y: 4196671 Depth: 19.5 Value: 78.3 Station: CB5.3
 --- UTM-X: 397329 UTM-Y: 4196671 Depth: 20 Value: 78.3 Station: CB5.3
 --- UTM-X: 397329 UTM-Y: 4196671 Depth: 20.5 Value: 78.3 Station: CB5.3
 --- UTM-X: 397329 UTM-Y: 4196671 Depth: 21 Value: 78.3 Station: CB5.3
 --- UTM-X: 397329 UTM-Y: 4196671 Depth: 21.5 Value: 78.3 Station: CB5.3
 --- UTM-X: 397329 UTM-Y: 4196671 Depth: 22 Value: 78.3 Station: CB5.3
 --- UTM-X: 397329 UTM-Y: 4196671 Depth: 22.5 Value: 78.3 Station: CB5.3
 --- UTM-X: 397329 UTM-Y: 4196671 Depth: 23 Value: 78.3 Station: CB5.3
 --- UTM-X: 396587 UTM-Y: 4184289 Depth: 0 Value: 83.4 Station: CB5.4
 --- UTM-X: 396587 UTM-Y: 4184289 Depth: 0.5 Value: 83.4 Station: CB5.4
 --- UTM-X: 396587 UTM-Y: 4184289 Depth: 1 Value: 83.4 Station: CB5.4
 --- UTM-X: 396587 UTM-Y: 4184289 Depth: 1.5 Value: 83.4 Station: CB5.4
 --- UTM-X: 396587 UTM-Y: 4184289 Depth: 2 Value: 83.4 Station: CB5.4
 --- UTM-X: 396587 UTM-Y: 4184289 Depth: 2.5 Value: 84 Station: CB5.4
 --- UTM-X: 396587 UTM-Y: 4184289 Depth: 3 Value: 84.6 Station: CB5.4
 --- UTM-X: 396587 UTM-Y: 4184289 Depth: 3.5 Value: 84.4 Station: CB5.4
 --- UTM-X: 396587 UTM-Y: 4184289 Depth: 4 Value: 84.1 Station: CB5.4
 --- UTM-X: 396587 UTM-Y: 4184289 Depth: 4.5 Value: 84.4 Station: CB5.4
 --- UTM-X: 396587 UTM-Y: 4184289 Depth: 5 Value: 84.8 Station: CB5.4
 --- UTM-X: 396587 UTM-Y: 4184289 Depth: 5.5 Value: 83.3 Station: CB5.4
 --- UTM-X: 396587 UTM-Y: 4184289 Depth: 6 Value: 81.7 Station: CB5.4
 --- UTM-X: 396587 UTM-Y: 4184289 Depth: 6.5 Value: 81.6 Station: CB5.4
 --- UTM-X: 396587 UTM-Y: 4184289 Depth: 7 Value: 81.5 Station: CB5.4
 --- UTM-X: 396587 UTM-Y: 4184289 Depth: 7.5 Value: 81.5 Station: CB5.4
 --- UTM-X: 396587 UTM-Y: 4184289 Depth: 8 Value: 81.5 Station: CB5.4
 --- UTM-X: 396587 UTM-Y: 4184289 Depth: 8.5 Value: 81.2 Station: CB5.4
 --- UTM-X: 396587 UTM-Y: 4184289 Depth: 9 Value: 80.8 Station: CB5.4
 --- UTM-X: 396587 UTM-Y: 4184289 Depth: 9.5 Value: 80.6 Station: CB5.4
 --- UTM-X: 396587 UTM-Y: 4184289 Depth: 10 Value: 80.3 Station: CB5.4
 --- UTM-X: 396587 UTM-Y: 4184289 Depth: 10.5 Value: 80.4 Station: CB5.4
 --- UTM-X: 396587 UTM-Y: 4184289 Depth: 11 Value: 80.5 Station: CB5.4
 --- UTM-X: 396587 UTM-Y: 4184289 Depth: 11.5 Value: 80.4 Station: CB5.4
 --- UTM-X: 396587 UTM-Y: 4184289 Depth: 12 Value: 80.4 Station: CB5.4
 --- UTM-X: 396587 UTM-Y: 4184289 Depth: 12.5 Value: 80.4 Station: CB5.4
 --- UTM-X: 396587 UTM-Y: 4184289 Depth: 13 Value: 80.5 Station: CB5.4
 --- UTM-X: 396587 UTM-Y: 4184289 Depth: 13.5 Value: 80.5 Station: CB5.4
 --- UTM-X: 396587 UTM-Y: 4184289 Depth: 14 Value: 80.5 Station: CB5.4
 --- UTM-X: 396587 UTM-Y: 4184289 Depth: 14.5 Value: 80.4 Station: CB5.4
 --- UTM-X: 396587 UTM-Y: 4184289 Depth: 15 Value: 80.4 Station: CB5.4
 --- UTM-X: 396587 UTM-Y: 4184289 Depth: 15.5 Value: 80.5 Station: CB5.4
 --- UTM-X: 396587 UTM-Y: 4184289 Depth: 16 Value: 80.5 Station: CB5.4
 --- UTM-X: 396587 UTM-Y: 4184289 Depth: 16.5 Value: 80.5 Station: CB5.4
 --- UTM-X: 396587 UTM-Y: 4184289 Depth: 17 Value: 80.5 Station: CB5.4
 --- UTM-X: 396587 UTM-Y: 4184289 Depth: 17.5 Value: 80.5 Station: CB5.4
 --- UTM-X: 396587 UTM-Y: 4184289 Depth: 18 Value: 80.5 Station: CB5.4
 --- UTM-X: 396587 UTM-Y: 4184289 Depth: 18.5 Value: 80.6 Station: CB5.4
 --- UTM-X: 396587 UTM-Y: 4184289 Depth: 19 Value: 80.7 Station: CB5.4
 --- UTM-X: 396587 UTM-Y: 4184289 Depth: 19.5 Value: 80.7 Station: CB5.4
 --- UTM-X: 396587 UTM-Y: 4184289 Depth: 20 Value: 80.7 Station: CB5.4
 --- UTM-X: 396587 UTM-Y: 4184289 Depth: 20.5 Value: 80.7 Station: CB5.4
 --- UTM-X: 396587 UTM-Y: 4184289 Depth: 21 Value: 80.7 Station: CB5.4
 --- UTM-X: 396587 UTM-Y: 4184289 Depth: 21.5 Value: 80.7 Station: CB5.4
 --- UTM-X: 396587 UTM-Y: 4184289 Depth: 22 Value: 80.8 Station: CB5.4
 --- UTM-X: 396587 UTM-Y: 4184289 Depth: 22.5 Value: 80.8 Station: CB5.4
 --- UTM-X: 396587 UTM-Y: 4184289 Depth: 23 Value: 80.8 Station: CB5.4
 --- UTM-X: 396587 UTM-Y: 4184289 Depth: 23.5 Value: 80.8 Station: CB5.4
 --- UTM-X: 396587 UTM-Y: 4184289 Depth: 24 Value: 80.8 Station: CB5.4
 --- UTM-X: 396587 UTM-Y: 4184289 Depth: 24.5 Value: 80.9 Station: CB5.4
 --- UTM-X: 396587 UTM-Y: 4184289 Depth: 25 Value: 80.9 Station: CB5.4
 --- UTM-X: 396587 UTM-Y: 4184289 Depth: 25.5 Value: 80.8 Station: CB5.4
 --- UTM-X: 396587 UTM-Y: 4184289 Depth: 26 Value: 80.8 Station: CB5.4
 --- UTM-X: 396587 UTM-Y: 4184289 Depth: 26.5 Value: 80.8 Station: CB5.4
 --- UTM-X: 396587 UTM-Y: 4184289 Depth: 27 Value: 80.8 Station: CB5.4
 --- UTM-X: 396587 UTM-Y: 4184289 Depth: 27.5 Value: 80.8 Station: CB5.4
 --- UTM-X: 396587 UTM-Y: 4184289 Depth: 28 Value: 80.8 Station: CB5.4
 --- UTM-X: 396587 UTM-Y: 4184289 Depth: 28.5 Value: 80.7 Station: CB5.4
 --- UTM-X: 396587 UTM-Y: 4184289 Depth: 29 Value: 80.7 Station: CB5.4
 --- UTM-X: 396587 UTM-Y: 4184289 Depth: 29.5 Value: 80.7 Station: CB5.4
 --- UTM-X: 396587 UTM-Y: 4184289 Depth: 30 Value: 80.7 Station: CB5.4
 --- UTM-X: 386042 UTM-Y: 4185908 Depth: 0 Value: 85.3 Station: CB5.4W
 --- UTM-X: 386042 UTM-Y: 4185908 Depth: 0.5 Value: 85.3 Station: CB5.4W
 --- UTM-X: 386042 UTM-Y: 4185908 Depth: 1 Value: 85.3 Station: CB5.4W
 --- UTM-X: 386042 UTM-Y: 4185908 Depth: 1.5 Value: 85.3 Station: CB5.4W
 --- UTM-X: 386042 UTM-Y: 4185908 Depth: 2 Value: 85.3 Station: CB5.4W
 --- UTM-X: 386042 UTM-Y: 4185908 Depth: 2.5 Value: 85 Station: CB5.4W
 --- UTM-X: 386042 UTM-Y: 4185908 Depth: 3 Value: 84.7 Station: CB5.4W
 --- UTM-X: 395113 UTM-Y: 4172286 Depth: 0 Value: 83.4 Station: CB5.5
 --- UTM-X: 395113 UTM-Y: 4172286 Depth: 0.5 Value: 83.4 Station: CB5.5
 --- UTM-X: 395113 UTM-Y: 4172286 Depth: 1 Value: 83.4 Station: CB5.5
 --- UTM-X: 395113 UTM-Y: 4172286 Depth: 1.5 Value: 83.4 Station: CB5.5
 --- UTM-X: 395113 UTM-Y: 4172286 Depth: 2 Value: 83.4 Station: CB5.5
 --- UTM-X: 395113 UTM-Y: 4172286 Depth: 2.5 Value: 83.5 Station: CB5.5
 --- UTM-X: 395113 UTM-Y: 4172286 Depth: 3 Value: 83.5 Station: CB5.5
 --- UTM-X: 395113 UTM-Y: 4172286 Depth: 3.5 Value: 83.6 Station: CB5.5
 --- UTM-X: 395113 UTM-Y: 4172286 Depth: 4 Value: 83.6 Station: CB5.5
 --- UTM-X: 395113 UTM-Y: 4172286 Depth: 4.5 Value: 83.4 Station: CB5.5
 --- UTM-X: 395113 UTM-Y: 4172286 Depth: 5 Value: 83.2 Station: CB5.5
 --- UTM-X: 395113 UTM-Y: 4172286 Depth: 5.5 Value: 83.1 Station: CB5.5
 --- UTM-X: 395113 UTM-Y: 4172286 Depth: 6 Value: 83 Station: CB5.5
 --- UTM-X: 395113 UTM-Y: 4172286 Depth: 6.5 Value: 82.2 Station: CB5.5
 --- UTM-X: 395113 UTM-Y: 4172286 Depth: 7 Value: 81.3 Station: CB5.5
 --- UTM-X: 395113 UTM-Y: 4172286 Depth: 7.5 Value: 81.3 Station: CB5.5
 --- UTM-X: 395113 UTM-Y: 4172286 Depth: 8 Value: 81.3 Station: CB5.5
 --- UTM-X: 395113 UTM-Y: 4172286 Depth: 8.5 Value: 81.2 Station: CB5.5
 --- UTM-X: 395113 UTM-Y: 4172286 Depth: 9 Value: 81.1 Station: CB5.5
 --- UTM-X: 395113 UTM-Y: 4172286 Depth: 9.5 Value: 81.1 Station: CB5.5
 --- UTM-X: 395113 UTM-Y: 4172286 Depth: 10 Value: 81.1 Station: CB5.5
 --- UTM-X: 395113 UTM-Y: 4172286 Depth: 10.5 Value: 81.2 Station: CB5.5
 --- UTM-X: 395113 UTM-Y: 4172286 Depth: 11 Value: 81.2 Station: CB5.5
 --- UTM-X: 395113 UTM-Y: 4172286 Depth: 11.5 Value: 81.1 Station: CB5.5
 --- UTM-X: 395113 UTM-Y: 4172286 Depth: 12 Value: 80.9 Station: CB5.5
 --- UTM-X: 395113 UTM-Y: 4172286 Depth: 12.5 Value: 81 Station: CB5.5
 --- UTM-X: 395113 UTM-Y: 4172286 Depth: 13 Value: 81.1 Station: CB5.5
 --- UTM-X: 395113 UTM-Y: 4172286 Depth: 13.5 Value: 80.9 Station: CB5.5
 --- UTM-X: 395113 UTM-Y: 4172286 Depth: 14 Value: 80.8 Station: CB5.5
 --- UTM-X: 397396 UTM-Y: 4160791 Depth: 0 Value: 84.5 Station: CB6.1
 --- UTM-X: 397396 UTM-Y: 4160791 Depth: 0.5 Value: 84.5 Station: CB6.1
 --- UTM-X: 397396 UTM-Y: 4160791 Depth: 1 Value: 84.5 Station: CB6.1
 --- UTM-X: 397396 UTM-Y: 4160791 Depth: 1.5 Value: 84.4 Station: CB6.1
 --- UTM-X: 397396 UTM-Y: 4160791 Depth: 2 Value: 84.3 Station: CB6.1
 --- UTM-X: 397396 UTM-Y: 4160791 Depth: 2.5 Value: 84.3 Station: CB6.1
 --- UTM-X: 397396 UTM-Y: 4160791 Depth: 3 Value: 84.4 Station: CB6.1
 --- UTM-X: 397396 UTM-Y: 4160791 Depth: 3.5 Value: 84.5 Station: CB6.1
 --- UTM-X: 397396 UTM-Y: 4160791 Depth: 4 Value: 84.5 Station: CB6.1
 --- UTM-X: 397396 UTM-Y: 4160791 Depth: 4.5 Value: 84.5 Station: CB6.1
 --- UTM-X: 397396 UTM-Y: 4160791 Depth: 5 Value: 84.6 Station: CB6.1
 --- UTM-X: 397396 UTM-Y: 4160791 Depth: 5.5 Value: 84.5 Station: CB6.1
 --- UTM-X: 397396 UTM-Y: 4160791 Depth: 6 Value: 84.5 Station: CB6.1
 --- UTM-X: 397396 UTM-Y: 4160791 Depth: 6.5 Value: 83.4 Station: CB6.1
 --- UTM-X: 397396 UTM-Y: 4160791 Depth: 7 Value: 82.4 Station: CB6.1
 --- UTM-X: 397396 UTM-Y: 4160791 Depth: 7.5 Value: 81.6 Station: CB6.1
 --- UTM-X: 397396 UTM-Y: 4160791 Depth: 8 Value: 80.7 Station: CB6.1
 --- UTM-X: 397396 UTM-Y: 4160791 Depth: 8.5 Value: 80.5 Station: CB6.1
 --- UTM-X: 397396 UTM-Y: 4160791 Depth: 9 Value: 80.3 Station: CB6.1
 --- UTM-X: 397396 UTM-Y: 4160791 Depth: 9.5 Value: 80.2 Station: CB6.1
 --- UTM-X: 397396 UTM-Y: 4160791 Depth: 10 Value: 80.2 Station: CB6.1
 --- UTM-X: 397396 UTM-Y: 4160791 Depth: 10.5 Value: 80.1 Station: CB6.1
 --- UTM-X: 397396 UTM-Y: 4160791 Depth: 11 Value: 80.1 Station: CB6.1
 --- UTM-X: 397772 UTM-Y: 4149505 Depth: 0 Value: 84.6 Station: CB6.2
 --- UTM-X: 397772 UTM-Y: 4149505 Depth: 0.5 Value: 84.6 Station: CB6.2
 --- UTM-X: 397772 UTM-Y: 4149505 Depth: 1 Value: 84.6 Station: CB6.2
 --- UTM-X: 397772 UTM-Y: 4149505 Depth: 1.5 Value: 84.3 Station: CB6.2
 --- UTM-X: 397772 UTM-Y: 4149505 Depth: 2 Value: 83.9 Station: CB6.2
 --- UTM-X: 397772 UTM-Y: 4149505 Depth: 2.5 Value: 83.7 Station: CB6.2
 --- UTM-X: 397772 UTM-Y: 4149505 Depth: 3 Value: 83.6 Station: CB6.2
 --- UTM-X: 397772 UTM-Y: 4149505 Depth: 3.5 Value: 83.5 Station: CB6.2
 --- UTM-X: 397772 UTM-Y: 4149505 Depth: 4 Value: 83.5 Station: CB6.2
 --- UTM-X: 397772 UTM-Y: 4149505 Depth: 4.5 Value: 83.5 Station: CB6.2
 --- UTM-X: 397772 UTM-Y: 4149505 Depth: 5 Value: 83.4 Station: CB6.2
 --- UTM-X: 397772 UTM-Y: 4149505 Depth: 5.5 Value: 83.5 Station: CB6.2
 --- UTM-X: 397772 UTM-Y: 4149505 Depth: 6 Value: 83.5 Station: CB6.2
 --- UTM-X: 397772 UTM-Y: 4149505 Depth: 6.5 Value: 83.2 Station: CB6.2
 --- UTM-X: 397772 UTM-Y: 4149505 Depth: 7 Value: 82.9 Station: CB6.2
 --- UTM-X: 397772 UTM-Y: 4149505 Depth: 7.5 Value: 82 Station: CB6.2
 --- UTM-X: 397772 UTM-Y: 4149505 Depth: 8 Value: 81.1 Station: CB6.2
 --- UTM-X: 397772 UTM-Y: 4149505 Depth: 8.5 Value: 80.8 Station: CB6.2
 --- UTM-X: 397772 UTM-Y: 4149505 Depth: 9 Value: 80.5 Station: CB6.2
 --- UTM-X: 412737 UTM-Y: 4171156 Depth: 0 Value: 85.7 Station: CB7.1
 --- UTM-X: 412737 UTM-Y: 4171156 Depth: 0.5 Value: 85.7 Station: CB7.1
 --- UTM-X: 412737 UTM-Y: 4171156 Depth: 1 Value: 85.7 Station: CB7.1
 --- UTM-X: 412737 UTM-Y: 4171156 Depth: 1.5 Value: 85.6 Station: CB7.1
 --- UTM-X: 412737 UTM-Y: 4171156 Depth: 2 Value: 85.6 Station: CB7.1
 --- UTM-X: 412737 UTM-Y: 4171156 Depth: 2.5 Value: 85.2 Station: CB7.1
 --- UTM-X: 412737 UTM-Y: 4171156 Depth: 3 Value: 84.8 Station: CB7.1
 --- UTM-X: 412737 UTM-Y: 4171156 Depth: 3.5 Value: 84.7 Station: CB7.1
 --- UTM-X: 412737 UTM-Y: 4171156 Depth: 4 Value: 84.7 Station: CB7.1
 --- UTM-X: 412737 UTM-Y: 4171156 Depth: 4.5 Value: 84.6 Station: CB7.1
 --- UTM-X: 412737 UTM-Y: 4171156 Depth: 5 Value: 84.5 Station: CB7.1
 --- UTM-X: 412737 UTM-Y: 4171156 Depth: 5.5 Value: 84.3 Station: CB7.1
 --- UTM-X: 412737 UTM-Y: 4171156 Depth: 6 Value: 84.1 Station: CB7.1
 --- UTM-X: 412737 UTM-Y: 4171156 Depth: 6.5 Value: 83.9 Station: CB7.1
 --- UTM-X: 412737 UTM-Y: 4171156 Depth: 7 Value: 83.7 Station: CB7.1
 --- UTM-X: 412737 UTM-Y: 4171156 Depth: 7.5 Value: 83.4 Station: CB7.1
 --- UTM-X: 412737 UTM-Y: 4171156 Depth: 8 Value: 83.2 Station: CB7.1
 --- UTM-X: 412737 UTM-Y: 4171156 Depth: 8.5 Value: 82.8 Station: CB7.1
 --- UTM-X: 412737 UTM-Y: 4171156 Depth: 9 Value: 82.3 Station: CB7.1
 --- UTM-X: 412737 UTM-Y: 4171156 Depth: 9.5 Value: 82 Station: CB7.1
 --- UTM-X: 412737 UTM-Y: 4171156 Depth: 10 Value: 81.6 Station: CB7.1
 --- UTM-X: 412737 UTM-Y: 4171156 Depth: 10.5 Value: 81.6 Station: CB7.1
 --- UTM-X: 412737 UTM-Y: 4171156 Depth: 11 Value: 81.5 Station: CB7.1
 --- UTM-X: 412737 UTM-Y: 4171156 Depth: 11.5 Value: 81.5 Station: CB7.1
 --- UTM-X: 412737 UTM-Y: 4171156 Depth: 12 Value: 81.4 Station: CB7.1
 --- UTM-X: 412737 UTM-Y: 4171156 Depth: 12.5 Value: 81.3 Station: CB7.1
 --- UTM-X: 412737 UTM-Y: 4171156 Depth: 13 Value: 81.3 Station: CB7.1
 --- UTM-X: 412737 UTM-Y: 4171156 Depth: 13.5 Value: 81.2 Station: CB7.1
 --- UTM-X: 412737 UTM-Y: 4171156 Depth: 14 Value: 81.2 Station: CB7.1
 --- UTM-X: 412737 UTM-Y: 4171156 Depth: 14.5 Value: 81.2 Station: CB7.1
 --- UTM-X: 412737 UTM-Y: 4171156 Depth: 15 Value: 81.1 Station: CB7.1
 --- UTM-X: 412737 UTM-Y: 4171156 Depth: 15.5 Value: 81.1 Station: CB7.1
 --- UTM-X: 412737 UTM-Y: 4171156 Depth: 16 Value: 81 Station: CB7.1
 --- UTM-X: 414166 UTM-Y: 4181313 Depth: 0 Value: 85.7 Station: CB7.1N
 --- UTM-X: 414166 UTM-Y: 4181313 Depth: 0.5 Value: 85.7 Station: CB7.1N
 --- UTM-X: 414166 UTM-Y: 4181313 Depth: 1 Value: 85.7 Station: CB7.1N
 --- UTM-X: 414166 UTM-Y: 4181313 Depth: 1.5 Value: 85.5 Station: CB7.1N
 --- UTM-X: 414166 UTM-Y: 4181313 Depth: 2 Value: 85.3 Station: CB7.1N
 --- UTM-X: 414166 UTM-Y: 4181313 Depth: 2.5 Value: 85.3 Station: CB7.1N
 --- UTM-X: 414166 UTM-Y: 4181313 Depth: 3 Value: 85.3 Station: CB7.1N
 --- UTM-X: 414166 UTM-Y: 4181313 Depth: 3.5 Value: 85.4 Station: CB7.1N
 --- UTM-X: 414166 UTM-Y: 4181313 Depth: 4 Value: 85.4 Station: CB7.1N
 --- UTM-X: 414166 UTM-Y: 4181313 Depth: 4.5 Value: 85.5 Station: CB7.1N
 --- UTM-X: 414166 UTM-Y: 4181313 Depth: 5 Value: 85.5 Station: CB7.1N
 --- UTM-X: 414166 UTM-Y: 4181313 Depth: 5.5 Value: 85.4 Station: CB7.1N
 --- UTM-X: 414166 UTM-Y: 4181313 Depth: 6 Value: 85.3 Station: CB7.1N
 --- UTM-X: 414166 UTM-Y: 4181313 Depth: 6.5 Value: 85.3 Station: CB7.1N
 --- UTM-X: 414166 UTM-Y: 4181313 Depth: 7 Value: 85.2 Station: CB7.1N
 --- UTM-X: 414166 UTM-Y: 4181313 Depth: 7.5 Value: 85.2 Station: CB7.1N
 --- UTM-X: 414166 UTM-Y: 4181313 Depth: 8 Value: 85.2 Station: CB7.1N
 --- UTM-X: 414166 UTM-Y: 4181313 Depth: 8.5 Value: 85.1 Station: CB7.1N
 --- UTM-X: 414166 UTM-Y: 4181313 Depth: 9 Value: 85 Station: CB7.1N
 --- UTM-X: 414166 UTM-Y: 4181313 Depth: 9.5 Value: 85 Station: CB7.1N
 --- UTM-X: 414166 UTM-Y: 4181313 Depth: 10 Value: 84.9 Station: CB7.1N
 --- UTM-X: 414166 UTM-Y: 4181313 Depth: 10.5 Value: 84.8 Station: CB7.1N
 --- UTM-X: 414166 UTM-Y: 4181313 Depth: 11 Value: 84.7 Station: CB7.1N
 --- UTM-X: 414166 UTM-Y: 4181313 Depth: 11.5 Value: 84.6 Station: CB7.1N
 --- UTM-X: 414166 UTM-Y: 4181313 Depth: 12 Value: 84.6 Station: CB7.1N
 --- UTM-X: 414166 UTM-Y: 4181313 Depth: 12.5 Value: 84.5 Station: CB7.1N
 --- UTM-X: 414166 UTM-Y: 4181313 Depth: 13 Value: 84.5 Station: CB7.1N
 --- UTM-X: 414166 UTM-Y: 4181313 Depth: 13.5 Value: 84.1 Station: CB7.1N
 --- UTM-X: 414166 UTM-Y: 4181313 Depth: 14 Value: 83.7 Station: CB7.1N
 --- UTM-X: 414166 UTM-Y: 4181313 Depth: 14.5 Value: 83.7 Station: CB7.1N
 --- UTM-X: 414166 UTM-Y: 4181313 Depth: 15 Value: 83.6 Station: CB7.1N
 --- UTM-X: 414166 UTM-Y: 4181313 Depth: 15.5 Value: 83.7 Station: CB7.1N
 --- UTM-X: 414166 UTM-Y: 4181313 Depth: 16 Value: 83.7 Station: CB7.1N
 --- UTM-X: 414166 UTM-Y: 4181313 Depth: 16.5 Value: 83.6 Station: CB7.1N
 --- UTM-X: 414166 UTM-Y: 4181313 Depth: 17 Value: 83.6 Station: CB7.1N
 --- UTM-X: 414166 UTM-Y: 4181313 Depth: 17.5 Value: 83.6 Station: CB7.1N
 --- UTM-X: 414166 UTM-Y: 4181313 Depth: 18 Value: 83.6 Station: CB7.1N
 --- UTM-X: 414166 UTM-Y: 4181313 Depth: 18.5 Value: 83.6 Station: CB7.1N
 --- UTM-X: 414166 UTM-Y: 4181313 Depth: 19 Value: 83.5 Station: CB7.1N
 --- UTM-X: 414166 UTM-Y: 4181313 Depth: 19.5 Value: 83.5 Station: CB7.1N
 --- UTM-X: 414166 UTM-Y: 4181313 Depth: 20 Value: 83.4 Station: CB7.1N
 --- UTM-X: 414166 UTM-Y: 4181313 Depth: 20.5 Value: 83.4 Station: CB7.1N
 --- UTM-X: 414166 UTM-Y: 4181313 Depth: 21 Value: 83.4 Station: CB7.1N
 --- UTM-X: 414166 UTM-Y: 4181313 Depth: 21.5 Value: 83.3 Station: CB7.1N
 --- UTM-X: 414166 UTM-Y: 4181313 Depth: 22 Value: 83.2 Station: CB7.1N
 --- UTM-X: 414166 UTM-Y: 4181313 Depth: 22.5 Value: 83.2 Station: CB7.1N
 --- UTM-X: 414166 UTM-Y: 4181313 Depth: 23 Value: 83.2 Station: CB7.1N
 --- UTM-X: 414166 UTM-Y: 4181313 Depth: 23.5 Value: 83.3 Station: CB7.1N
 --- UTM-X: 414166 UTM-Y: 4181313 Depth: 24 Value: 83.3 Station: CB7.1N
 --- UTM-X: 406584 UTM-Y: 4159881 Depth: 0 Value: 85.7 Station: CB7.1S
 --- UTM-X: 406584 UTM-Y: 4159881 Depth: 0.5 Value: 85.7 Station: CB7.1S
 --- UTM-X: 406584 UTM-Y: 4159881 Depth: 1 Value: 85.7 Station: CB7.1S
 --- UTM-X: 406584 UTM-Y: 4159881 Depth: 1.5 Value: 85.4 Station: CB7.1S
 --- UTM-X: 406584 UTM-Y: 4159881 Depth: 2 Value: 85.1 Station: CB7.1S
 --- UTM-X: 406584 UTM-Y: 4159881 Depth: 2.5 Value: 85.3 Station: CB7.1S
 --- UTM-X: 406584 UTM-Y: 4159881 Depth: 3 Value: 85.5 Station: CB7.1S
 --- UTM-X: 406584 UTM-Y: 4159881 Depth: 3.5 Value: 85.3 Station: CB7.1S
 --- UTM-X: 406584 UTM-Y: 4159881 Depth: 4 Value: 85.1 Station: CB7.1S
 --- UTM-X: 406584 UTM-Y: 4159881 Depth: 4.5 Value: 84.9 Station: CB7.1S
 --- UTM-X: 406584 UTM-Y: 4159881 Depth: 5 Value: 84.8 Station: CB7.1S
 --- UTM-X: 406584 UTM-Y: 4159881 Depth: 5.5 Value: 84.4 Station: CB7.1S
 --- UTM-X: 406584 UTM-Y: 4159881 Depth: 6 Value: 84 Station: CB7.1S
 --- UTM-X: 406584 UTM-Y: 4159881 Depth: 6.5 Value: 82.5 Station: CB7.1S
 --- UTM-X: 406584 UTM-Y: 4159881 Depth: 7 Value: 81 Station: CB7.1S
 --- UTM-X: 406584 UTM-Y: 4159881 Depth: 7.5 Value: 80.9 Station: CB7.1S
 --- UTM-X: 406584 UTM-Y: 4159881 Depth: 8 Value: 80.9 Station: CB7.1S
 --- UTM-X: 406584 UTM-Y: 4159881 Depth: 8.5 Value: 80.9 Station: CB7.1S
 --- UTM-X: 406584 UTM-Y: 4159881 Depth: 9 Value: 80.8 Station: CB7.1S
 --- UTM-X: 406584 UTM-Y: 4159881 Depth: 9.5 Value: 80.8 Station: CB7.1S
 --- UTM-X: 406584 UTM-Y: 4159881 Depth: 10 Value: 80.7 Station: CB7.1S
 --- UTM-X: 406584 UTM-Y: 4159881 Depth: 10.5 Value: 80.2 Station: CB7.1S
 --- UTM-X: 406584 UTM-Y: 4159881 Depth: 11 Value: 79.8 Station: CB7.1S
 --- UTM-X: 406584 UTM-Y: 4159881 Depth: 11.5 Value: 79.8 Station: CB7.1S
 --- UTM-X: 406584 UTM-Y: 4159881 Depth: 12 Value: 79.7 Station: CB7.1S
 --- UTM-X: 406584 UTM-Y: 4159881 Depth: 12.5 Value: 79.8 Station: CB7.1S
 --- UTM-X: 406584 UTM-Y: 4159881 Depth: 13 Value: 79.8 Station: CB7.1S
 --- UTM-X: 406584 UTM-Y: 4159881 Depth: 13.5 Value: 79.8 Station: CB7.1S
 --- UTM-X: 406584 UTM-Y: 4159881 Depth: 14 Value: 79.8 Station: CB7.1S
 --- UTM-X: 406584 UTM-Y: 4159881 Depth: 14.5 Value: 79.8 Station: CB7.1S
 --- UTM-X: 406584 UTM-Y: 4159881 Depth: 15 Value: 79.8 Station: CB7.1S
 --- UTM-X: 406584 UTM-Y: 4159881 Depth: 15.5 Value: 79.8 Station: CB7.1S
 --- UTM-X: 406584 UTM-Y: 4159881 Depth: 16 Value: 79.8 Station: CB7.1S
 --- UTM-X: 385995 UTM-Y: 4265816 Depth: 0 Value: 84.6 Station: EE2.2
 --- UTM-X: 385995 UTM-Y: 4265816 Depth: 0.5 Value: 84.5 Station: EE2.2
 --- UTM-X: 385995 UTM-Y: 4265816 Depth: 1 Value: 84.4 Station: EE2.2
 --- UTM-X: 385995 UTM-Y: 4265816 Depth: 1.5 Value: 84.3 Station: EE2.2
 --- UTM-X: 385995 UTM-Y: 4265816 Depth: 2 Value: 84.2 Station: EE2.2
 --- UTM-X: 385995 UTM-Y: 4265816 Depth: 2.5 Value: 84.2 Station: EE2.2
 --- UTM-X: 385995 UTM-Y: 4265816 Depth: 3 Value: 84.2 Station: EE2.2
 --- UTM-X: 385995 UTM-Y: 4265816 Depth: 3.5 Value: 84.2 Station: EE2.2
 --- UTM-X: 385995 UTM-Y: 4265816 Depth: 4 Value: 84.2 Station: EE2.2
 --- UTM-X: 385995 UTM-Y: 4265816 Depth: 4.5 Value: 84.1 Station: EE2.2
 --- UTM-X: 385995 UTM-Y: 4265816 Depth: 5 Value: 84 Station: EE2.2
 --- UTM-X: 385995 UTM-Y: 4265816 Depth: 5.5 Value: 82.7 Station: EE2.2
 --- UTM-X: 385995 UTM-Y: 4265816 Depth: 6 Value: 81.3 Station: EE2.2
 --- UTM-X: 385995 UTM-Y: 4265816 Depth: 6.5 Value: 80.4 Station: EE2.2
 --- UTM-X: 385995 UTM-Y: 4265816 Depth: 7 Value: 79.5 Station: EE2.2
 --- UTM-X: 385995 UTM-Y: 4265816 Depth: 7.5 Value: 78.5 Station: EE2.2
 --- UTM-X: 385995 UTM-Y: 4265816 Depth: 8 Value: 77.5 Station: EE2.2
 --- UTM-X: 385995 UTM-Y: 4265816 Depth: 8.5 Value: 77.2 Station: EE2.2
 --- UTM-X: 385995 UTM-Y: 4265816 Depth: 9 Value: 76.8 Station: EE2.2
 --- UTM-X: 385995 UTM-Y: 4265816 Depth: 9.5 Value: 76.6 Station: EE2.2
 --- UTM-X: 375738 UTM-Y: 4241396 Depth: 0 Value: 82.9 Station: LE1.4
 --- UTM-X: 375738 UTM-Y: 4241396 Depth: 0.5 Value: 82.9 Station: LE1.4
 --- UTM-X: 375738 UTM-Y: 4241396 Depth: 1 Value: 82.9 Station: LE1.4
 --- UTM-X: 375738 UTM-Y: 4241396 Depth: 1.5 Value: 82.9 Station: LE1.4
 --- UTM-X: 375738 UTM-Y: 4241396 Depth: 2 Value: 82.9 Station: LE1.4
 --- UTM-X: 375738 UTM-Y: 4241396 Depth: 2.5 Value: 82.9 Station: LE1.4
 --- UTM-X: 375738 UTM-Y: 4241396 Depth: 3 Value: 82.9 Station: LE1.4
 --- UTM-X: 375738 UTM-Y: 4241396 Depth: 3.5 Value: 82.9 Station: LE1.4
 --- UTM-X: 375738 UTM-Y: 4241396 Depth: 4 Value: 82.9 Station: LE1.4
 --- UTM-X: 375738 UTM-Y: 4241396 Depth: 4.5 Value: 82.8 Station: LE1.4
 --- UTM-X: 375738 UTM-Y: 4241396 Depth: 5 Value: 82.8 Station: LE1.4
 --- UTM-X: 375738 UTM-Y: 4241396 Depth: 5.5 Value: 82.8 Station: LE1.4
 --- UTM-X: 375738 UTM-Y: 4241396 Depth: 6 Value: 82.8 Station: LE1.4
 --- UTM-X: 375738 UTM-Y: 4241396 Depth: 6.5 Value: 81.9 Station: LE1.4
 --- UTM-X: 375738 UTM-Y: 4241396 Depth: 7 Value: 81.1 Station: LE1.4
 --- UTM-X: 375738 UTM-Y: 4241396 Depth: 7.5 Value: 80.2 Station: LE1.4
 --- UTM-X: 375738 UTM-Y: 4241396 Depth: 8 Value: 79.4 Station: LE1.4
 --- UTM-X: 375738 UTM-Y: 4241396 Depth: 8.5 Value: 78.6 Station: LE1.4
 --- UTM-X: 375738 UTM-Y: 4241396 Depth: 9 Value: 77.7 Station: LE1.4
 --- UTM-X: 375738 UTM-Y: 4241396 Depth: 9.5 Value: 77.2 Station: LE1.4
 --- UTM-X: 375738 UTM-Y: 4241396 Depth: 10 Value: 76.7 Station: LE1.4
 --- UTM-X: 375738 UTM-Y: 4241396 Depth: 10.5 Value: 76.2 Station: LE1.4
 --- UTM-X: 375738 UTM-Y: 4241396 Depth: 11 Value: 75.7 Station: LE1.4
 --- UTM-X: 375738 UTM-Y: 4241396 Depth: 11.5 Value: 75.2 Station: LE1.4
 --- UTM-X: 375738 UTM-Y: 4241396 Depth: 12 Value: 74.7 Station: LE1.4
 --- UTM-X: 375738 UTM-Y: 4241396 Depth: 12.5 Value: 74.2 Station: LE1.4
 --- UTM-X: 375738 UTM-Y: 4241396 Depth: 13 Value: 73.7 Station: LE1.4
 --- UTM-X: 375738 UTM-Y: 4241396 Depth: 13.5 Value: 73.2 Station: LE1.4
 --- UTM-X: 375738 UTM-Y: 4241396 Depth: 14 Value: 72.7 Station: LE1.4
 --- UTM-X: 381705 UTM-Y: 4209059 Depth: 0 Value: 82.4 Station: LE2.3
 --- UTM-X: 381705 UTM-Y: 4209059 Depth: 0.5 Value: 82.3 Station: LE2.3
 --- UTM-X: 381705 UTM-Y: 4209059 Depth: 1 Value: 82.2 Station: LE2.3
 --- UTM-X: 381705 UTM-Y: 4209059 Depth: 1.5 Value: 82.2 Station: LE2.3
 --- UTM-X: 381705 UTM-Y: 4209059 Depth: 2 Value: 82.2 Station: LE2.3
 --- UTM-X: 381705 UTM-Y: 4209059 Depth: 2.5 Value: 82.1 Station: LE2.3
 --- UTM-X: 381705 UTM-Y: 4209059 Depth: 3 Value: 82 Station: LE2.3
 --- UTM-X: 381705 UTM-Y: 4209059 Depth: 3.5 Value: 82 Station: LE2.3
 --- UTM-X: 381705 UTM-Y: 4209059 Depth: 4 Value: 82 Station: LE2.3
 --- UTM-X: 381705 UTM-Y: 4209059 Depth: 4.5 Value: 82 Station: LE2.3
 --- UTM-X: 381705 UTM-Y: 4209059 Depth: 5 Value: 82 Station: LE2.3
 --- UTM-X: 381705 UTM-Y: 4209059 Depth: 5.5 Value: 82 Station: LE2.3
 --- UTM-X: 381705 UTM-Y: 4209059 Depth: 6 Value: 82 Station: LE2.3
 --- UTM-X: 381705 UTM-Y: 4209059 Depth: 6.5 Value: 81.9 Station: LE2.3
 --- UTM-X: 381705 UTM-Y: 4209059 Depth: 7 Value: 81.7 Station: LE2.3
 --- UTM-X: 381705 UTM-Y: 4209059 Depth: 7.5 Value: 80.2 Station: LE2.3
 --- UTM-X: 381705 UTM-Y: 4209059 Depth: 8 Value: 78.8 Station: LE2.3
 --- UTM-X: 381705 UTM-Y: 4209059 Depth: 8.5 Value: 78.5 Station: LE2.3
 --- UTM-X: 381705 UTM-Y: 4209059 Depth: 9 Value: 78.3 Station: LE2.3
 --- UTM-X: 381705 UTM-Y: 4209059 Depth: 9.5 Value: 77.6 Station: LE2.3
 --- UTM-X: 381705 UTM-Y: 4209059 Depth: 10 Value: 77 Station: LE2.3
 --- UTM-X: 381705 UTM-Y: 4209059 Depth: 10.5 Value: 76.9 Station: LE2.3
 --- UTM-X: 381705 UTM-Y: 4209059 Depth: 11 Value: 76.8 Station: LE2.3
 --- UTM-X: 381705 UTM-Y: 4209059 Depth: 11.5 Value: 76.7 Station: LE2.3
 --- UTM-X: 381705 UTM-Y: 4209059 Depth: 12 Value: 76.6 Station: LE2.3
 --- UTM-X: 381705 UTM-Y: 4209059 Depth: 12.5 Value: 76.6 Station: LE2.3
 --- UTM-X: 381705 UTM-Y: 4209059 Depth: 13 Value: 76.6 Station: LE2.3
 --- UTM-X: 381705 UTM-Y: 4209059 Depth: 13.5 Value: 76.5 Station: LE2.3
 --- UTM-X: 381705 UTM-Y: 4209059 Depth: 14 Value: 76.4 Station: LE2.3
 --- UTM-X: 381705 UTM-Y: 4209059 Depth: 14.5 Value: 76.2 Station: LE2.3
 --- UTM-X: 381705 UTM-Y: 4209059 Depth: 15 Value: 76.1 Station: LE2.3
 --- UTM-X: 381705 UTM-Y: 4209059 Depth: 15.5 Value: 76 Station: LE2.3
 --- UTM-X: 381705 UTM-Y: 4209059 Depth: 16 Value: 75.9 Station: LE2.3
 --- UTM-X: 381705 UTM-Y: 4209059 Depth: 16.5 Value: 75.8 Station: LE2.3
 --- UTM-X: 381705 UTM-Y: 4209059 Depth: 17 Value: 75.7 Station: LE2.3
 --- UTM-X: 370134 UTM-Y: 4172827 Depth: 0 Value: 86 Station: LE3.3
 --- UTM-X: 370134 UTM-Y: 4172827 Depth: 0.5 Value: 86 Station: LE3.3
 --- UTM-X: 370134 UTM-Y: 4172827 Depth: 1 Value: 86 Station: LE3.3
 --- UTM-X: 370134 UTM-Y: 4172827 Depth: 1.5 Value: 85.8 Station: LE3.3
 --- UTM-X: 370134 UTM-Y: 4172827 Depth: 2 Value: 85.6 Station: LE3.3
 --- UTM-X: 370134 UTM-Y: 4172827 Depth: 2.5 Value: 85.6 Station: LE3.3
 --- UTM-X: 370134 UTM-Y: 4172827 Depth: 3 Value: 85.5 Station: LE3.3
 --- UTM-X: 370134 UTM-Y: 4172827 Depth: 3.5 Value: 85.5 Station: LE3.3
 --- UTM-X: 370134 UTM-Y: 4172827 Depth: 4 Value: 85.4 Station: LE3.3
 --- UTM-X: 370134 UTM-Y: 4172827 Depth: 4.5 Value: 85.3 Station: LE3.3
 --- UTM-X: 370134 UTM-Y: 4172827 Depth: 5 Value: 85.3 Station: LE3.3
 --- UTM-X: 370912 UTM-Y: 4166156 Depth: 0 Value: 84.9 Station: LE3.4
 --- UTM-X: 370912 UTM-Y: 4166156 Depth: 0.5 Value: 84.9 Station: LE3.4
 --- UTM-X: 370912 UTM-Y: 4166156 Depth: 1 Value: 84.9 Station: LE3.4
 --- UTM-X: 370912 UTM-Y: 4166156 Depth: 1.5 Value: 84.8 Station: LE3.4
 --- UTM-X: 370912 UTM-Y: 4166156 Depth: 2 Value: 84.6 Station: LE3.4
 --- UTM-X: 370912 UTM-Y: 4166156 Depth: 2.5 Value: 84.7 Station: LE3.4
 --- UTM-X: 370912 UTM-Y: 4166156 Depth: 3 Value: 84.7 Station: LE3.4
 --- UTM-X: 370912 UTM-Y: 4166156 Depth: 3.5 Value: 84.7 Station: LE3.4
 --- UTM-X: 370912 UTM-Y: 4166156 Depth: 4 Value: 84.7 Station: LE3.4
 --- UTM-X: 370912 UTM-Y: 4166156 Depth: 4.5 Value: 84.6 Station: LE3.4
 --- UTM-X: 370912 UTM-Y: 4166156 Depth: 5 Value: 84.5 Station: LE3.4
 --- UTM-X: 370912 UTM-Y: 4166156 Depth: 5.5 Value: 84.4 Station: LE3.4
 --- UTM-X: 370912 UTM-Y: 4166156 Depth: 6 Value: 84.3 Station: LE3.4
 --- UTM-X: 370912 UTM-Y: 4166156 Depth: 6.5 Value: 84.1 Station: LE3.4
 --- UTM-X: 370912 UTM-Y: 4166156 Depth: 7 Value: 83.9 Station: LE3.4
 --- UTM-X: 370912 UTM-Y: 4166156 Depth: 7.5 Value: 83.5 Station: LE3.4
 --- UTM-X: 370912 UTM-Y: 4166156 Depth: 8 Value: 83.2 Station: LE3.4
 --- UTM-X: 370912 UTM-Y: 4166156 Depth: 8.5 Value: 82.8 Station: LE3.4
 --- UTM-X: 370912 UTM-Y: 4166156 Depth: 9 Value: 82.4 Station: LE3.4
 --- UTM-X: 370912 UTM-Y: 4166156 Depth: 9.5 Value: 82 Station: LE3.4
 --- UTM-X: 370912 UTM-Y: 4166156 Depth: 10 Value: 81.7 Station: LE3.4
 --- UTM-X: 370912 UTM-Y: 4166156 Depth: 10.5 Value: 81.6 Station: LE3.4
 --- UTM-X: 370912 UTM-Y: 4166156 Depth: 11 Value: 81.4 Station: LE3.4
 --- UTM-X: 370912 UTM-Y: 4166156 Depth: 11.5 Value: 81.4 Station: LE3.4
 --- UTM-X: 370912 UTM-Y: 4166156 Depth: 12 Value: 81.3 Station: LE3.4
 --- UTM-X: 370912 UTM-Y: 4166156 Depth: 12.5 Value: 81.2 Station: LE3.4
 --- UTM-X: 370912 UTM-Y: 4166156 Depth: 13 Value: 81.2 Station: LE3.4
 --- UTM-X: 370912 UTM-Y: 4166156 Depth: 13.5 Value: 81.1 Station: LE3.4
 --- UTM-X: 370912 UTM-Y: 4166156 Depth: 14 Value: 81.1 Station: LE3.4
 --- UTM-X: 370912 UTM-Y: 4166156 Depth: 14.5 Value: 81.1 Station: LE3.4
 --- UTM-X: 370912 UTM-Y: 4166156 Depth: 15 Value: 81.1 Station: LE3.4
 --- UTM-X: 386593 UTM-Y: 4161856 Depth: 0 Value: 84.6 Station: LE3.6
 --- UTM-X: 386593 UTM-Y: 4161856 Depth: 0.5 Value: 84.6 Station: LE3.6
 --- UTM-X: 386593 UTM-Y: 4161856 Depth: 1 Value: 84.6 Station: LE3.6
 --- UTM-X: 386593 UTM-Y: 4161856 Depth: 1.5 Value: 84.5 Station: LE3.6
 --- UTM-X: 386593 UTM-Y: 4161856 Depth: 2 Value: 84.5 Station: LE3.6
 --- UTM-X: 386593 UTM-Y: 4161856 Depth: 2.5 Value: 84.5 Station: LE3.6
 --- UTM-X: 386593 UTM-Y: 4161856 Depth: 3 Value: 84.5 Station: LE3.6
 --- UTM-X: 386593 UTM-Y: 4161856 Depth: 3.5 Value: 84.4 Station: LE3.6
 --- UTM-X: 386593 UTM-Y: 4161856 Depth: 4 Value: 84.3 Station: LE3.6
 --- UTM-X: 386593 UTM-Y: 4161856 Depth: 4.5 Value: 84.3 Station: LE3.6
 --- UTM-X: 386593 UTM-Y: 4161856 Depth: 5 Value: 84.3 Station: LE3.6
 --- UTM-X: 386593 UTM-Y: 4161856 Depth: 5.5 Value: 84.2 Station: LE3.6
 --- UTM-X: 386593 UTM-Y: 4161856 Depth: 6 Value: 84 Station: LE3.6
 --- UTM-X: 386593 UTM-Y: 4161856 Depth: 6.5 Value: 83.8 Station: LE3.6
 --- UTM-X: 386593 UTM-Y: 4161856 Depth: 7 Value: 83.5 Station: LE3.6
 --- UTM-X: 386593 UTM-Y: 4161856 Depth: 7.5 Value: 83.3 Station: LE3.6
 --- UTM-X: 386593 UTM-Y: 4161856 Depth: 8 Value: 83.2 Station: LE3.6
 --- UTM-X: 384553 UTM-Y: 4154548 Depth: 0 Value: 85 Station: LE3.7
 --- UTM-X: 384553 UTM-Y: 4154548 Depth: 0.5 Value: 85 Station: LE3.7
 --- UTM-X: 384553 UTM-Y: 4154548 Depth: 1 Value: 85 Station: LE3.7
 --- UTM-X: 384553 UTM-Y: 4154548 Depth: 1.5 Value: 84.8 Station: LE3.7
 --- UTM-X: 384553 UTM-Y: 4154548 Depth: 2 Value: 84.6 Station: LE3.7
 --- UTM-X: 384553 UTM-Y: 4154548 Depth: 2.5 Value: 84.5 Station: LE3.7
 --- UTM-X: 384553 UTM-Y: 4154548 Depth: 3 Value: 84.5 Station: LE3.7
 --- UTM-X: 384553 UTM-Y: 4154548 Depth: 3.5 Value: 84.4 Station: LE3.7
 --- UTM-X: 384553 UTM-Y: 4154548 Depth: 4 Value: 84.3 Station: LE3.7
 --- UTM-X: 384553 UTM-Y: 4154548 Depth: 4.5 Value: 84.3 Station: LE3.7
 --- UTM-X: 384553 UTM-Y: 4154548 Depth: 5 Value: 84.2 Station: LE3.7
 --- 15416 cells were interpolated in region CB5MH.  Subtotal: 28641 total cells.
 ---- Region was calculated in 1 seconds. Segment volume (m^3) = 15416000000
 
 - Bathymetry Region ID: 1006  Region Name: CB6PH  Data Points: 552 in data region 1006
 -- Cell Size  E-W: 1000  N-S: 1000  Vertical: 1
 --- Data in Region ---
 --- UTM-X: 396587 UTM-Y: 4184289 Depth: 0 Value: 83.4 Station: CB5.4
 --- UTM-X: 396587 UTM-Y: 4184289 Depth: 0.5 Value: 83.4 Station: CB5.4
 --- UTM-X: 396587 UTM-Y: 4184289 Depth: 1 Value: 83.4 Station: CB5.4
 --- UTM-X: 396587 UTM-Y: 4184289 Depth: 1.5 Value: 83.4 Station: CB5.4
 --- UTM-X: 396587 UTM-Y: 4184289 Depth: 2 Value: 83.4 Station: CB5.4
 --- UTM-X: 396587 UTM-Y: 4184289 Depth: 2.5 Value: 84 Station: CB5.4
 --- UTM-X: 396587 UTM-Y: 4184289 Depth: 3 Value: 84.6 Station: CB5.4
 --- UTM-X: 396587 UTM-Y: 4184289 Depth: 3.5 Value: 84.4 Station: CB5.4
 --- UTM-X: 396587 UTM-Y: 4184289 Depth: 4 Value: 84.1 Station: CB5.4
 --- UTM-X: 396587 UTM-Y: 4184289 Depth: 4.5 Value: 84.4 Station: CB5.4
 --- UTM-X: 396587 UTM-Y: 4184289 Depth: 5 Value: 84.8 Station: CB5.4
 --- UTM-X: 396587 UTM-Y: 4184289 Depth: 5.5 Value: 83.3 Station: CB5.4
 --- UTM-X: 396587 UTM-Y: 4184289 Depth: 6 Value: 81.7 Station: CB5.4
 --- UTM-X: 396587 UTM-Y: 4184289 Depth: 6.5 Value: 81.6 Station: CB5.4
 --- UTM-X: 396587 UTM-Y: 4184289 Depth: 7 Value: 81.5 Station: CB5.4
 --- UTM-X: 396587 UTM-Y: 4184289 Depth: 7.5 Value: 81.5 Station: CB5.4
 --- UTM-X: 396587 UTM-Y: 4184289 Depth: 8 Value: 81.5 Station: CB5.4
 --- UTM-X: 396587 UTM-Y: 4184289 Depth: 8.5 Value: 81.2 Station: CB5.4
 --- UTM-X: 396587 UTM-Y: 4184289 Depth: 9 Value: 80.8 Station: CB5.4
 --- UTM-X: 396587 UTM-Y: 4184289 Depth: 9.5 Value: 80.6 Station: CB5.4
 --- UTM-X: 396587 UTM-Y: 4184289 Depth: 10 Value: 80.3 Station: CB5.4
 --- UTM-X: 396587 UTM-Y: 4184289 Depth: 10.5 Value: 80.4 Station: CB5.4
 --- UTM-X: 396587 UTM-Y: 4184289 Depth: 11 Value: 80.5 Station: CB5.4
 --- UTM-X: 396587 UTM-Y: 4184289 Depth: 11.5 Value: 80.4 Station: CB5.4
 --- UTM-X: 396587 UTM-Y: 4184289 Depth: 12 Value: 80.4 Station: CB5.4
 --- UTM-X: 396587 UTM-Y: 4184289 Depth: 12.5 Value: 80.4 Station: CB5.4
 --- UTM-X: 396587 UTM-Y: 4184289 Depth: 13 Value: 80.5 Station: CB5.4
 --- UTM-X: 396587 UTM-Y: 4184289 Depth: 13.5 Value: 80.5 Station: CB5.4
 --- UTM-X: 396587 UTM-Y: 4184289 Depth: 14 Value: 80.5 Station: CB5.4
 --- UTM-X: 396587 UTM-Y: 4184289 Depth: 14.5 Value: 80.4 Station: CB5.4
 --- UTM-X: 396587 UTM-Y: 4184289 Depth: 15 Value: 80.4 Station: CB5.4
 --- UTM-X: 396587 UTM-Y: 4184289 Depth: 15.5 Value: 80.5 Station: CB5.4
 --- UTM-X: 396587 UTM-Y: 4184289 Depth: 16 Value: 80.5 Station: CB5.4
 --- UTM-X: 396587 UTM-Y: 4184289 Depth: 16.5 Value: 80.5 Station: CB5.4
 --- UTM-X: 396587 UTM-Y: 4184289 Depth: 17 Value: 80.5 Station: CB5.4
 --- UTM-X: 396587 UTM-Y: 4184289 Depth: 17.5 Value: 80.5 Station: CB5.4
 --- UTM-X: 396587 UTM-Y: 4184289 Depth: 18 Value: 80.5 Station: CB5.4
 --- UTM-X: 396587 UTM-Y: 4184289 Depth: 18.5 Value: 80.6 Station: CB5.4
 --- UTM-X: 396587 UTM-Y: 4184289 Depth: 19 Value: 80.7 Station: CB5.4
 --- UTM-X: 396587 UTM-Y: 4184289 Depth: 19.5 Value: 80.7 Station: CB5.4
 --- UTM-X: 396587 UTM-Y: 4184289 Depth: 20 Value: 80.7 Station: CB5.4
 --- UTM-X: 396587 UTM-Y: 4184289 Depth: 20.5 Value: 80.7 Station: CB5.4
 --- UTM-X: 396587 UTM-Y: 4184289 Depth: 21 Value: 80.7 Station: CB5.4
 --- UTM-X: 396587 UTM-Y: 4184289 Depth: 21.5 Value: 80.7 Station: CB5.4
 --- UTM-X: 396587 UTM-Y: 4184289 Depth: 22 Value: 80.8 Station: CB5.4
 --- UTM-X: 396587 UTM-Y: 4184289 Depth: 22.5 Value: 80.8 Station: CB5.4
 --- UTM-X: 396587 UTM-Y: 4184289 Depth: 23 Value: 80.8 Station: CB5.4
 --- UTM-X: 396587 UTM-Y: 4184289 Depth: 23.5 Value: 80.8 Station: CB5.4
 --- UTM-X: 396587 UTM-Y: 4184289 Depth: 24 Value: 80.8 Station: CB5.4
 --- UTM-X: 396587 UTM-Y: 4184289 Depth: 24.5 Value: 80.9 Station: CB5.4
 --- UTM-X: 396587 UTM-Y: 4184289 Depth: 25 Value: 80.9 Station: CB5.4
 --- UTM-X: 396587 UTM-Y: 4184289 Depth: 25.5 Value: 80.8 Station: CB5.4
 --- UTM-X: 396587 UTM-Y: 4184289 Depth: 26 Value: 80.8 Station: CB5.4
 --- UTM-X: 396587 UTM-Y: 4184289 Depth: 26.5 Value: 80.8 Station: CB5.4
 --- UTM-X: 396587 UTM-Y: 4184289 Depth: 27 Value: 80.8 Station: CB5.4
 --- UTM-X: 396587 UTM-Y: 4184289 Depth: 27.5 Value: 80.8 Station: CB5.4
 --- UTM-X: 396587 UTM-Y: 4184289 Depth: 28 Value: 80.8 Station: CB5.4
 --- UTM-X: 396587 UTM-Y: 4184289 Depth: 28.5 Value: 80.7 Station: CB5.4
 --- UTM-X: 396587 UTM-Y: 4184289 Depth: 29 Value: 80.7 Station: CB5.4
 --- UTM-X: 396587 UTM-Y: 4184289 Depth: 29.5 Value: 80.7 Station: CB5.4
 --- UTM-X: 396587 UTM-Y: 4184289 Depth: 30 Value: 80.7 Station: CB5.4
 --- UTM-X: 386042 UTM-Y: 4185908 Depth: 0 Value: 85.3 Station: CB5.4W
 --- UTM-X: 386042 UTM-Y: 4185908 Depth: 0.5 Value: 85.3 Station: CB5.4W
 --- UTM-X: 386042 UTM-Y: 4185908 Depth: 1 Value: 85.3 Station: CB5.4W
 --- UTM-X: 386042 UTM-Y: 4185908 Depth: 1.5 Value: 85.3 Station: CB5.4W
 --- UTM-X: 386042 UTM-Y: 4185908 Depth: 2 Value: 85.3 Station: CB5.4W
 --- UTM-X: 386042 UTM-Y: 4185908 Depth: 2.5 Value: 85 Station: CB5.4W
 --- UTM-X: 386042 UTM-Y: 4185908 Depth: 3 Value: 84.7 Station: CB5.4W
 --- UTM-X: 395113 UTM-Y: 4172286 Depth: 0 Value: 83.4 Station: CB5.5
 --- UTM-X: 395113 UTM-Y: 4172286 Depth: 0.5 Value: 83.4 Station: CB5.5
 --- UTM-X: 395113 UTM-Y: 4172286 Depth: 1 Value: 83.4 Station: CB5.5
 --- UTM-X: 395113 UTM-Y: 4172286 Depth: 1.5 Value: 83.4 Station: CB5.5
 --- UTM-X: 395113 UTM-Y: 4172286 Depth: 2 Value: 83.4 Station: CB5.5
 --- UTM-X: 395113 UTM-Y: 4172286 Depth: 2.5 Value: 83.5 Station: CB5.5
 --- UTM-X: 395113 UTM-Y: 4172286 Depth: 3 Value: 83.5 Station: CB5.5
 --- UTM-X: 395113 UTM-Y: 4172286 Depth: 3.5 Value: 83.6 Station: CB5.5
 --- UTM-X: 395113 UTM-Y: 4172286 Depth: 4 Value: 83.6 Station: CB5.5
 --- UTM-X: 395113 UTM-Y: 4172286 Depth: 4.5 Value: 83.4 Station: CB5.5
 --- UTM-X: 395113 UTM-Y: 4172286 Depth: 5 Value: 83.2 Station: CB5.5
 --- UTM-X: 395113 UTM-Y: 4172286 Depth: 5.5 Value: 83.1 Station: CB5.5
 --- UTM-X: 395113 UTM-Y: 4172286 Depth: 6 Value: 83 Station: CB5.5
 --- UTM-X: 395113 UTM-Y: 4172286 Depth: 6.5 Value: 82.2 Station: CB5.5
 --- UTM-X: 395113 UTM-Y: 4172286 Depth: 7 Value: 81.3 Station: CB5.5
 --- UTM-X: 395113 UTM-Y: 4172286 Depth: 7.5 Value: 81.3 Station: CB5.5
 --- UTM-X: 395113 UTM-Y: 4172286 Depth: 8 Value: 81.3 Station: CB5.5
 --- UTM-X: 395113 UTM-Y: 4172286 Depth: 8.5 Value: 81.2 Station: CB5.5
 --- UTM-X: 395113 UTM-Y: 4172286 Depth: 9 Value: 81.1 Station: CB5.5
 --- UTM-X: 395113 UTM-Y: 4172286 Depth: 9.5 Value: 81.1 Station: CB5.5
 --- UTM-X: 395113 UTM-Y: 4172286 Depth: 10 Value: 81.1 Station: CB5.5
 --- UTM-X: 395113 UTM-Y: 4172286 Depth: 10.5 Value: 81.2 Station: CB5.5
 --- UTM-X: 395113 UTM-Y: 4172286 Depth: 11 Value: 81.2 Station: CB5.5
 --- UTM-X: 395113 UTM-Y: 4172286 Depth: 11.5 Value: 81.1 Station: CB5.5
 --- UTM-X: 395113 UTM-Y: 4172286 Depth: 12 Value: 80.9 Station: CB5.5
 --- UTM-X: 395113 UTM-Y: 4172286 Depth: 12.5 Value: 81 Station: CB5.5
 --- UTM-X: 395113 UTM-Y: 4172286 Depth: 13 Value: 81.1 Station: CB5.5
 --- UTM-X: 395113 UTM-Y: 4172286 Depth: 13.5 Value: 80.9 Station: CB5.5
 --- UTM-X: 395113 UTM-Y: 4172286 Depth: 14 Value: 80.8 Station: CB5.5
 --- UTM-X: 397396 UTM-Y: 4160791 Depth: 0 Value: 84.5 Station: CB6.1
 --- UTM-X: 397396 UTM-Y: 4160791 Depth: 0.5 Value: 84.5 Station: CB6.1
 --- UTM-X: 397396 UTM-Y: 4160791 Depth: 1 Value: 84.5 Station: CB6.1
 --- UTM-X: 397396 UTM-Y: 4160791 Depth: 1.5 Value: 84.4 Station: CB6.1
 --- UTM-X: 397396 UTM-Y: 4160791 Depth: 2 Value: 84.3 Station: CB6.1
 --- UTM-X: 397396 UTM-Y: 4160791 Depth: 2.5 Value: 84.3 Station: CB6.1
 --- UTM-X: 397396 UTM-Y: 4160791 Depth: 3 Value: 84.4 Station: CB6.1
 --- UTM-X: 397396 UTM-Y: 4160791 Depth: 3.5 Value: 84.5 Station: CB6.1
 --- UTM-X: 397396 UTM-Y: 4160791 Depth: 4 Value: 84.5 Station: CB6.1
 --- UTM-X: 397396 UTM-Y: 4160791 Depth: 4.5 Value: 84.5 Station: CB6.1
 --- UTM-X: 397396 UTM-Y: 4160791 Depth: 5 Value: 84.6 Station: CB6.1
 --- UTM-X: 397396 UTM-Y: 4160791 Depth: 5.5 Value: 84.5 Station: CB6.1
 --- UTM-X: 397396 UTM-Y: 4160791 Depth: 6 Value: 84.5 Station: CB6.1
 --- UTM-X: 397396 UTM-Y: 4160791 Depth: 6.5 Value: 83.4 Station: CB6.1
 --- UTM-X: 397396 UTM-Y: 4160791 Depth: 7 Value: 82.4 Station: CB6.1
 --- UTM-X: 397396 UTM-Y: 4160791 Depth: 7.5 Value: 81.6 Station: CB6.1
 --- UTM-X: 397396 UTM-Y: 4160791 Depth: 8 Value: 80.7 Station: CB6.1
 --- UTM-X: 397396 UTM-Y: 4160791 Depth: 8.5 Value: 80.5 Station: CB6.1
 --- UTM-X: 397396 UTM-Y: 4160791 Depth: 9 Value: 80.3 Station: CB6.1
 --- UTM-X: 397396 UTM-Y: 4160791 Depth: 9.5 Value: 80.2 Station: CB6.1
 --- UTM-X: 397396 UTM-Y: 4160791 Depth: 10 Value: 80.2 Station: CB6.1
 --- UTM-X: 397396 UTM-Y: 4160791 Depth: 10.5 Value: 80.1 Station: CB6.1
 --- UTM-X: 397396 UTM-Y: 4160791 Depth: 11 Value: 80.1 Station: CB6.1
 --- UTM-X: 397772 UTM-Y: 4149505 Depth: 0 Value: 84.6 Station: CB6.2
 --- UTM-X: 397772 UTM-Y: 4149505 Depth: 0.5 Value: 84.6 Station: CB6.2
 --- UTM-X: 397772 UTM-Y: 4149505 Depth: 1 Value: 84.6 Station: CB6.2
 --- UTM-X: 397772 UTM-Y: 4149505 Depth: 1.5 Value: 84.3 Station: CB6.2
 --- UTM-X: 397772 UTM-Y: 4149505 Depth: 2 Value: 83.9 Station: CB6.2
 --- UTM-X: 397772 UTM-Y: 4149505 Depth: 2.5 Value: 83.7 Station: CB6.2
 --- UTM-X: 397772 UTM-Y: 4149505 Depth: 3 Value: 83.6 Station: CB6.2
 --- UTM-X: 397772 UTM-Y: 4149505 Depth: 3.5 Value: 83.5 Station: CB6.2
 --- UTM-X: 397772 UTM-Y: 4149505 Depth: 4 Value: 83.5 Station: CB6.2
 --- UTM-X: 397772 UTM-Y: 4149505 Depth: 4.5 Value: 83.5 Station: CB6.2
 --- UTM-X: 397772 UTM-Y: 4149505 Depth: 5 Value: 83.4 Station: CB6.2
 --- UTM-X: 397772 UTM-Y: 4149505 Depth: 5.5 Value: 83.5 Station: CB6.2
 --- UTM-X: 397772 UTM-Y: 4149505 Depth: 6 Value: 83.5 Station: CB6.2
 --- UTM-X: 397772 UTM-Y: 4149505 Depth: 6.5 Value: 83.2 Station: CB6.2
 --- UTM-X: 397772 UTM-Y: 4149505 Depth: 7 Value: 82.9 Station: CB6.2
 --- UTM-X: 397772 UTM-Y: 4149505 Depth: 7.5 Value: 82 Station: CB6.2
 --- UTM-X: 397772 UTM-Y: 4149505 Depth: 8 Value: 81.1 Station: CB6.2
 --- UTM-X: 397772 UTM-Y: 4149505 Depth: 8.5 Value: 80.8 Station: CB6.2
 --- UTM-X: 397772 UTM-Y: 4149505 Depth: 9 Value: 80.5 Station: CB6.2
 --- UTM-X: 397375 UTM-Y: 4141157 Depth: 0 Value: 84.7 Station: CB6.3
 --- UTM-X: 397375 UTM-Y: 4141157 Depth: 0.5 Value: 84.7 Station: CB6.3
 --- UTM-X: 397375 UTM-Y: 4141157 Depth: 1 Value: 84.7 Station: CB6.3
 --- UTM-X: 397375 UTM-Y: 4141157 Depth: 1.5 Value: 84.5 Station: CB6.3
 --- UTM-X: 397375 UTM-Y: 4141157 Depth: 2 Value: 84.3 Station: CB6.3
 --- UTM-X: 397375 UTM-Y: 4141157 Depth: 2.5 Value: 84.2 Station: CB6.3
 --- UTM-X: 397375 UTM-Y: 4141157 Depth: 3 Value: 84 Station: CB6.3
 --- UTM-X: 397375 UTM-Y: 4141157 Depth: 3.5 Value: 84 Station: CB6.3
 --- UTM-X: 397375 UTM-Y: 4141157 Depth: 4 Value: 83.9 Station: CB6.3
 --- UTM-X: 397375 UTM-Y: 4141157 Depth: 4.5 Value: 83.8 Station: CB6.3
 --- UTM-X: 397375 UTM-Y: 4141157 Depth: 5 Value: 83.7 Station: CB6.3
 --- UTM-X: 397375 UTM-Y: 4141157 Depth: 5.5 Value: 83.4 Station: CB6.3
 --- UTM-X: 397375 UTM-Y: 4141157 Depth: 6 Value: 83 Station: CB6.3
 --- UTM-X: 397375 UTM-Y: 4141157 Depth: 6.5 Value: 82.7 Station: CB6.3
 --- UTM-X: 397375 UTM-Y: 4141157 Depth: 7 Value: 82.5 Station: CB6.3
 --- UTM-X: 397375 UTM-Y: 4141157 Depth: 7.5 Value: 82.2 Station: CB6.3
 --- UTM-X: 397375 UTM-Y: 4141157 Depth: 8 Value: 81.9 Station: CB6.3
 --- UTM-X: 397375 UTM-Y: 4141157 Depth: 8.5 Value: 81 Station: CB6.3
 --- UTM-X: 397375 UTM-Y: 4141157 Depth: 9 Value: 80.1 Station: CB6.3
 --- UTM-X: 397375 UTM-Y: 4141157 Depth: 9.5 Value: 79.5 Station: CB6.3
 --- UTM-X: 397375 UTM-Y: 4141157 Depth: 10 Value: 78.9 Station: CB6.3
 --- UTM-X: 392849 UTM-Y: 4121795 Depth: 0 Value: 83.8 Station: CB6.4
 --- UTM-X: 392849 UTM-Y: 4121795 Depth: 0.5 Value: 83.8 Station: CB6.4
 --- UTM-X: 392849 UTM-Y: 4121795 Depth: 1 Value: 83.8 Station: CB6.4
 --- UTM-X: 392849 UTM-Y: 4121795 Depth: 1.5 Value: 83.7 Station: CB6.4
 --- UTM-X: 392849 UTM-Y: 4121795 Depth: 2 Value: 83.5 Station: CB6.4
 --- UTM-X: 392849 UTM-Y: 4121795 Depth: 2.5 Value: 83.4 Station: CB6.4
 --- UTM-X: 392849 UTM-Y: 4121795 Depth: 3 Value: 83.4 Station: CB6.4
 --- UTM-X: 392849 UTM-Y: 4121795 Depth: 3.5 Value: 83.6 Station: CB6.4
 --- UTM-X: 392849 UTM-Y: 4121795 Depth: 4 Value: 83.9 Station: CB6.4
 --- UTM-X: 392849 UTM-Y: 4121795 Depth: 4.5 Value: 83.9 Station: CB6.4
 --- UTM-X: 392849 UTM-Y: 4121795 Depth: 5 Value: 83.9 Station: CB6.4
 --- UTM-X: 392849 UTM-Y: 4121795 Depth: 5.5 Value: 83.7 Station: CB6.4
 --- UTM-X: 392849 UTM-Y: 4121795 Depth: 6 Value: 83.5 Station: CB6.4
 --- UTM-X: 392849 UTM-Y: 4121795 Depth: 6.5 Value: 83.1 Station: CB6.4
 --- UTM-X: 392849 UTM-Y: 4121795 Depth: 7 Value: 82.7 Station: CB6.4
 --- UTM-X: 392849 UTM-Y: 4121795 Depth: 7.5 Value: 81.9 Station: CB6.4
 --- UTM-X: 392849 UTM-Y: 4121795 Depth: 8 Value: 81.1 Station: CB6.4
 --- UTM-X: 412737 UTM-Y: 4171156 Depth: 0 Value: 85.7 Station: CB7.1
 --- UTM-X: 412737 UTM-Y: 4171156 Depth: 0.5 Value: 85.7 Station: CB7.1
 --- UTM-X: 412737 UTM-Y: 4171156 Depth: 1 Value: 85.7 Station: CB7.1
 --- UTM-X: 412737 UTM-Y: 4171156 Depth: 1.5 Value: 85.6 Station: CB7.1
 --- UTM-X: 412737 UTM-Y: 4171156 Depth: 2 Value: 85.6 Station: CB7.1
 --- UTM-X: 412737 UTM-Y: 4171156 Depth: 2.5 Value: 85.2 Station: CB7.1
 --- UTM-X: 412737 UTM-Y: 4171156 Depth: 3 Value: 84.8 Station: CB7.1
 --- UTM-X: 412737 UTM-Y: 4171156 Depth: 3.5 Value: 84.7 Station: CB7.1
 --- UTM-X: 412737 UTM-Y: 4171156 Depth: 4 Value: 84.7 Station: CB7.1
 --- UTM-X: 412737 UTM-Y: 4171156 Depth: 4.5 Value: 84.6 Station: CB7.1
 --- UTM-X: 412737 UTM-Y: 4171156 Depth: 5 Value: 84.5 Station: CB7.1
 --- UTM-X: 412737 UTM-Y: 4171156 Depth: 5.5 Value: 84.3 Station: CB7.1
 --- UTM-X: 412737 UTM-Y: 4171156 Depth: 6 Value: 84.1 Station: CB7.1
 --- UTM-X: 412737 UTM-Y: 4171156 Depth: 6.5 Value: 83.9 Station: CB7.1
 --- UTM-X: 412737 UTM-Y: 4171156 Depth: 7 Value: 83.7 Station: CB7.1
 --- UTM-X: 412737 UTM-Y: 4171156 Depth: 7.5 Value: 83.4 Station: CB7.1
 --- UTM-X: 412737 UTM-Y: 4171156 Depth: 8 Value: 83.2 Station: CB7.1
 --- UTM-X: 412737 UTM-Y: 4171156 Depth: 8.5 Value: 82.8 Station: CB7.1
 --- UTM-X: 412737 UTM-Y: 4171156 Depth: 9 Value: 82.3 Station: CB7.1
 --- UTM-X: 412737 UTM-Y: 4171156 Depth: 9.5 Value: 82 Station: CB7.1
 --- UTM-X: 412737 UTM-Y: 4171156 Depth: 10 Value: 81.6 Station: CB7.1
 --- UTM-X: 412737 UTM-Y: 4171156 Depth: 10.5 Value: 81.6 Station: CB7.1
 --- UTM-X: 412737 UTM-Y: 4171156 Depth: 11 Value: 81.5 Station: CB7.1
 --- UTM-X: 412737 UTM-Y: 4171156 Depth: 11.5 Value: 81.5 Station: CB7.1
 --- UTM-X: 412737 UTM-Y: 4171156 Depth: 12 Value: 81.4 Station: CB7.1
 --- UTM-X: 412737 UTM-Y: 4171156 Depth: 12.5 Value: 81.3 Station: CB7.1
 --- UTM-X: 412737 UTM-Y: 4171156 Depth: 13 Value: 81.3 Station: CB7.1
 --- UTM-X: 412737 UTM-Y: 4171156 Depth: 13.5 Value: 81.2 Station: CB7.1
 --- UTM-X: 412737 UTM-Y: 4171156 Depth: 14 Value: 81.2 Station: CB7.1
 --- UTM-X: 412737 UTM-Y: 4171156 Depth: 14.5 Value: 81.2 Station: CB7.1
 --- UTM-X: 412737 UTM-Y: 4171156 Depth: 15 Value: 81.1 Station: CB7.1
 --- UTM-X: 412737 UTM-Y: 4171156 Depth: 15.5 Value: 81.1 Station: CB7.1
 --- UTM-X: 412737 UTM-Y: 4171156 Depth: 16 Value: 81 Station: CB7.1
 --- UTM-X: 414166 UTM-Y: 4181313 Depth: 0 Value: 85.7 Station: CB7.1N
 --- UTM-X: 414166 UTM-Y: 4181313 Depth: 0.5 Value: 85.7 Station: CB7.1N
 --- UTM-X: 414166 UTM-Y: 4181313 Depth: 1 Value: 85.7 Station: CB7.1N
 --- UTM-X: 414166 UTM-Y: 4181313 Depth: 1.5 Value: 85.5 Station: CB7.1N
 --- UTM-X: 414166 UTM-Y: 4181313 Depth: 2 Value: 85.3 Station: CB7.1N
 --- UTM-X: 414166 UTM-Y: 4181313 Depth: 2.5 Value: 85.3 Station: CB7.1N
 --- UTM-X: 414166 UTM-Y: 4181313 Depth: 3 Value: 85.3 Station: CB7.1N
 --- UTM-X: 414166 UTM-Y: 4181313 Depth: 3.5 Value: 85.4 Station: CB7.1N
 --- UTM-X: 414166 UTM-Y: 4181313 Depth: 4 Value: 85.4 Station: CB7.1N
 --- UTM-X: 414166 UTM-Y: 4181313 Depth: 4.5 Value: 85.5 Station: CB7.1N
 --- UTM-X: 414166 UTM-Y: 4181313 Depth: 5 Value: 85.5 Station: CB7.1N
 --- UTM-X: 414166 UTM-Y: 4181313 Depth: 5.5 Value: 85.4 Station: CB7.1N
 --- UTM-X: 414166 UTM-Y: 4181313 Depth: 6 Value: 85.3 Station: CB7.1N
 --- UTM-X: 414166 UTM-Y: 4181313 Depth: 6.5 Value: 85.3 Station: CB7.1N
 --- UTM-X: 414166 UTM-Y: 4181313 Depth: 7 Value: 85.2 Station: CB7.1N
 --- UTM-X: 414166 UTM-Y: 4181313 Depth: 7.5 Value: 85.2 Station: CB7.1N
 --- UTM-X: 414166 UTM-Y: 4181313 Depth: 8 Value: 85.2 Station: CB7.1N
 --- UTM-X: 414166 UTM-Y: 4181313 Depth: 8.5 Value: 85.1 Station: CB7.1N
 --- UTM-X: 414166 UTM-Y: 4181313 Depth: 9 Value: 85 Station: CB7.1N
 --- UTM-X: 414166 UTM-Y: 4181313 Depth: 9.5 Value: 85 Station: CB7.1N
 --- UTM-X: 414166 UTM-Y: 4181313 Depth: 10 Value: 84.9 Station: CB7.1N
 --- UTM-X: 414166 UTM-Y: 4181313 Depth: 10.5 Value: 84.8 Station: CB7.1N
 --- UTM-X: 414166 UTM-Y: 4181313 Depth: 11 Value: 84.7 Station: CB7.1N
 --- UTM-X: 414166 UTM-Y: 4181313 Depth: 11.5 Value: 84.6 Station: CB7.1N
 --- UTM-X: 414166 UTM-Y: 4181313 Depth: 12 Value: 84.6 Station: CB7.1N
 --- UTM-X: 414166 UTM-Y: 4181313 Depth: 12.5 Value: 84.5 Station: CB7.1N
 --- UTM-X: 414166 UTM-Y: 4181313 Depth: 13 Value: 84.5 Station: CB7.1N
 --- UTM-X: 414166 UTM-Y: 4181313 Depth: 13.5 Value: 84.1 Station: CB7.1N
 --- UTM-X: 414166 UTM-Y: 4181313 Depth: 14 Value: 83.7 Station: CB7.1N
 --- UTM-X: 414166 UTM-Y: 4181313 Depth: 14.5 Value: 83.7 Station: CB7.1N
 --- UTM-X: 414166 UTM-Y: 4181313 Depth: 15 Value: 83.6 Station: CB7.1N
 --- UTM-X: 414166 UTM-Y: 4181313 Depth: 15.5 Value: 83.7 Station: CB7.1N
 --- UTM-X: 414166 UTM-Y: 4181313 Depth: 16 Value: 83.7 Station: CB7.1N
 --- UTM-X: 414166 UTM-Y: 4181313 Depth: 16.5 Value: 83.6 Station: CB7.1N
 --- UTM-X: 414166 UTM-Y: 4181313 Depth: 17 Value: 83.6 Station: CB7.1N
 --- UTM-X: 414166 UTM-Y: 4181313 Depth: 17.5 Value: 83.6 Station: CB7.1N
 --- UTM-X: 414166 UTM-Y: 4181313 Depth: 18 Value: 83.6 Station: CB7.1N
 --- UTM-X: 414166 UTM-Y: 4181313 Depth: 18.5 Value: 83.6 Station: CB7.1N
 --- UTM-X: 414166 UTM-Y: 4181313 Depth: 19 Value: 83.5 Station: CB7.1N
 --- UTM-X: 414166 UTM-Y: 4181313 Depth: 19.5 Value: 83.5 Station: CB7.1N
 --- UTM-X: 414166 UTM-Y: 4181313 Depth: 20 Value: 83.4 Station: CB7.1N
 --- UTM-X: 414166 UTM-Y: 4181313 Depth: 20.5 Value: 83.4 Station: CB7.1N
 --- UTM-X: 414166 UTM-Y: 4181313 Depth: 21 Value: 83.4 Station: CB7.1N
 --- UTM-X: 414166 UTM-Y: 4181313 Depth: 21.5 Value: 83.3 Station: CB7.1N
 --- UTM-X: 414166 UTM-Y: 4181313 Depth: 22 Value: 83.2 Station: CB7.1N
 --- UTM-X: 414166 UTM-Y: 4181313 Depth: 22.5 Value: 83.2 Station: CB7.1N
 --- UTM-X: 414166 UTM-Y: 4181313 Depth: 23 Value: 83.2 Station: CB7.1N
 --- UTM-X: 414166 UTM-Y: 4181313 Depth: 23.5 Value: 83.3 Station: CB7.1N
 --- UTM-X: 414166 UTM-Y: 4181313 Depth: 24 Value: 83.3 Station: CB7.1N
 --- UTM-X: 406584 UTM-Y: 4159881 Depth: 0 Value: 85.7 Station: CB7.1S
 --- UTM-X: 406584 UTM-Y: 4159881 Depth: 0.5 Value: 85.7 Station: CB7.1S
 --- UTM-X: 406584 UTM-Y: 4159881 Depth: 1 Value: 85.7 Station: CB7.1S
 --- UTM-X: 406584 UTM-Y: 4159881 Depth: 1.5 Value: 85.4 Station: CB7.1S
 --- UTM-X: 406584 UTM-Y: 4159881 Depth: 2 Value: 85.1 Station: CB7.1S
 --- UTM-X: 406584 UTM-Y: 4159881 Depth: 2.5 Value: 85.3 Station: CB7.1S
 --- UTM-X: 406584 UTM-Y: 4159881 Depth: 3 Value: 85.5 Station: CB7.1S
 --- UTM-X: 406584 UTM-Y: 4159881 Depth: 3.5 Value: 85.3 Station: CB7.1S
 --- UTM-X: 406584 UTM-Y: 4159881 Depth: 4 Value: 85.1 Station: CB7.1S
 --- UTM-X: 406584 UTM-Y: 4159881 Depth: 4.5 Value: 84.9 Station: CB7.1S
 --- UTM-X: 406584 UTM-Y: 4159881 Depth: 5 Value: 84.8 Station: CB7.1S
 --- UTM-X: 406584 UTM-Y: 4159881 Depth: 5.5 Value: 84.4 Station: CB7.1S
 --- UTM-X: 406584 UTM-Y: 4159881 Depth: 6 Value: 84 Station: CB7.1S
 --- UTM-X: 406584 UTM-Y: 4159881 Depth: 6.5 Value: 82.5 Station: CB7.1S
 --- UTM-X: 406584 UTM-Y: 4159881 Depth: 7 Value: 81 Station: CB7.1S
 --- UTM-X: 406584 UTM-Y: 4159881 Depth: 7.5 Value: 80.9 Station: CB7.1S
 --- UTM-X: 406584 UTM-Y: 4159881 Depth: 8 Value: 80.9 Station: CB7.1S
 --- UTM-X: 406584 UTM-Y: 4159881 Depth: 8.5 Value: 80.9 Station: CB7.1S
 --- UTM-X: 406584 UTM-Y: 4159881 Depth: 9 Value: 80.8 Station: CB7.1S
 --- UTM-X: 406584 UTM-Y: 4159881 Depth: 9.5 Value: 80.8 Station: CB7.1S
 --- UTM-X: 406584 UTM-Y: 4159881 Depth: 10 Value: 80.7 Station: CB7.1S
 --- UTM-X: 406584 UTM-Y: 4159881 Depth: 10.5 Value: 80.2 Station: CB7.1S
 --- UTM-X: 406584 UTM-Y: 4159881 Depth: 11 Value: 79.8 Station: CB7.1S
 --- UTM-X: 406584 UTM-Y: 4159881 Depth: 11.5 Value: 79.8 Station: CB7.1S
 --- UTM-X: 406584 UTM-Y: 4159881 Depth: 12 Value: 79.7 Station: CB7.1S
 --- UTM-X: 406584 UTM-Y: 4159881 Depth: 12.5 Value: 79.8 Station: CB7.1S
 --- UTM-X: 406584 UTM-Y: 4159881 Depth: 13 Value: 79.8 Station: CB7.1S
 --- UTM-X: 406584 UTM-Y: 4159881 Depth: 13.5 Value: 79.8 Station: CB7.1S
 --- UTM-X: 406584 UTM-Y: 4159881 Depth: 14 Value: 79.8 Station: CB7.1S
 --- UTM-X: 406584 UTM-Y: 4159881 Depth: 14.5 Value: 79.8 Station: CB7.1S
 --- UTM-X: 406584 UTM-Y: 4159881 Depth: 15 Value: 79.8 Station: CB7.1S
 --- UTM-X: 406584 UTM-Y: 4159881 Depth: 15.5 Value: 79.8 Station: CB7.1S
 --- UTM-X: 406584 UTM-Y: 4159881 Depth: 16 Value: 79.8 Station: CB7.1S
 --- UTM-X: 404455 UTM-Y: 4141073 Depth: 0 Value: 85.2 Station: CB7.2
 --- UTM-X: 404455 UTM-Y: 4141073 Depth: 0.5 Value: 85.2 Station: CB7.2
 --- UTM-X: 404455 UTM-Y: 4141073 Depth: 1 Value: 85.2 Station: CB7.2
 --- UTM-X: 404455 UTM-Y: 4141073 Depth: 1.5 Value: 85.2 Station: CB7.2
 --- UTM-X: 404455 UTM-Y: 4141073 Depth: 2 Value: 85.2 Station: CB7.2
 --- UTM-X: 404455 UTM-Y: 4141073 Depth: 2.5 Value: 85 Station: CB7.2
 --- UTM-X: 404455 UTM-Y: 4141073 Depth: 3 Value: 84.8 Station: CB7.2
 --- UTM-X: 404455 UTM-Y: 4141073 Depth: 3.5 Value: 84.2 Station: CB7.2
 --- UTM-X: 404455 UTM-Y: 4141073 Depth: 4 Value: 83.5 Station: CB7.2
 --- UTM-X: 404455 UTM-Y: 4141073 Depth: 4.5 Value: 83.7 Station: CB7.2
 --- UTM-X: 404455 UTM-Y: 4141073 Depth: 5 Value: 83.8 Station: CB7.2
 --- UTM-X: 404455 UTM-Y: 4141073 Depth: 5.5 Value: 82.9 Station: CB7.2
 --- UTM-X: 404455 UTM-Y: 4141073 Depth: 6 Value: 82 Station: CB7.2
 --- UTM-X: 404455 UTM-Y: 4141073 Depth: 6.5 Value: 81.1 Station: CB7.2
 --- UTM-X: 404455 UTM-Y: 4141073 Depth: 7 Value: 80.3 Station: CB7.2
 --- UTM-X: 404455 UTM-Y: 4141073 Depth: 7.5 Value: 79.1 Station: CB7.2
 --- UTM-X: 404455 UTM-Y: 4141073 Depth: 8 Value: 77.9 Station: CB7.2
 --- UTM-X: 404455 UTM-Y: 4141073 Depth: 8.5 Value: 77.9 Station: CB7.2
 --- UTM-X: 404455 UTM-Y: 4141073 Depth: 9 Value: 77.8 Station: CB7.2
 --- UTM-X: 404455 UTM-Y: 4141073 Depth: 9.5 Value: 77.8 Station: CB7.2
 --- UTM-X: 404455 UTM-Y: 4141073 Depth: 10 Value: 77.7 Station: CB7.2
 --- UTM-X: 404455 UTM-Y: 4141073 Depth: 10.5 Value: 77.7 Station: CB7.2
 --- UTM-X: 404455 UTM-Y: 4141073 Depth: 11 Value: 77.7 Station: CB7.2
 --- UTM-X: 404455 UTM-Y: 4141073 Depth: 11.5 Value: 77.6 Station: CB7.2
 --- UTM-X: 404455 UTM-Y: 4141073 Depth: 12 Value: 77.5 Station: CB7.2
 --- UTM-X: 404455 UTM-Y: 4141073 Depth: 12.5 Value: 77.5 Station: CB7.2
 --- UTM-X: 404455 UTM-Y: 4141073 Depth: 13 Value: 77.5 Station: CB7.2
 --- UTM-X: 404455 UTM-Y: 4141073 Depth: 13.5 Value: 77.4 Station: CB7.2
 --- UTM-X: 404455 UTM-Y: 4141073 Depth: 14 Value: 77.4 Station: CB7.2
 --- UTM-X: 404455 UTM-Y: 4141073 Depth: 14.5 Value: 77.3 Station: CB7.2
 --- UTM-X: 404455 UTM-Y: 4141073 Depth: 15 Value: 77.2 Station: CB7.2
 --- UTM-X: 404455 UTM-Y: 4141073 Depth: 15.5 Value: 77.1 Station: CB7.2
 --- UTM-X: 404455 UTM-Y: 4141073 Depth: 16 Value: 77 Station: CB7.2
 --- UTM-X: 404455 UTM-Y: 4141073 Depth: 16.5 Value: 76.9 Station: CB7.2
 --- UTM-X: 404455 UTM-Y: 4141073 Depth: 17 Value: 76.9 Station: CB7.2
 --- UTM-X: 404455 UTM-Y: 4141073 Depth: 17.5 Value: 76.7 Station: CB7.2
 --- UTM-X: 404455 UTM-Y: 4141073 Depth: 18 Value: 76.5 Station: CB7.2
 --- UTM-X: 404455 UTM-Y: 4141073 Depth: 18.5 Value: 76.4 Station: CB7.2
 --- UTM-X: 404455 UTM-Y: 4141073 Depth: 19 Value: 76.3 Station: CB7.2
 --- UTM-X: 404455 UTM-Y: 4141073 Depth: 19.5 Value: 76.3 Station: CB7.2
 --- UTM-X: 404455 UTM-Y: 4141073 Depth: 20 Value: 76.2 Station: CB7.2
 --- UTM-X: 404455 UTM-Y: 4141073 Depth: 20.5 Value: 76.2 Station: CB7.2
 --- UTM-X: 404455 UTM-Y: 4141073 Depth: 21 Value: 76.2 Station: CB7.2
 --- UTM-X: 404455 UTM-Y: 4141073 Depth: 21.5 Value: 76.2 Station: CB7.2
 --- UTM-X: 404455 UTM-Y: 4141073 Depth: 22 Value: 76.2 Station: CB7.2
 --- UTM-X: 409322 UTM-Y: 4141018 Depth: 0 Value: 84.4 Station: CB7.2E
 --- UTM-X: 409322 UTM-Y: 4141018 Depth: 0.5 Value: 84.4 Station: CB7.2E
 --- UTM-X: 409322 UTM-Y: 4141018 Depth: 1 Value: 84.4 Station: CB7.2E
 --- UTM-X: 409322 UTM-Y: 4141018 Depth: 1.5 Value: 84.2 Station: CB7.2E
 --- UTM-X: 409322 UTM-Y: 4141018 Depth: 2 Value: 84 Station: CB7.2E
 --- UTM-X: 409322 UTM-Y: 4141018 Depth: 2.5 Value: 83.5 Station: CB7.2E
 --- UTM-X: 409322 UTM-Y: 4141018 Depth: 3 Value: 83 Station: CB7.2E
 --- UTM-X: 409322 UTM-Y: 4141018 Depth: 3.5 Value: 82.8 Station: CB7.2E
 --- UTM-X: 409322 UTM-Y: 4141018 Depth: 4 Value: 82.5 Station: CB7.2E
 --- UTM-X: 409322 UTM-Y: 4141018 Depth: 4.5 Value: 80.9 Station: CB7.2E
 --- UTM-X: 409322 UTM-Y: 4141018 Depth: 5 Value: 79.4 Station: CB7.2E
 --- UTM-X: 409322 UTM-Y: 4141018 Depth: 5.5 Value: 79.3 Station: CB7.2E
 --- UTM-X: 409322 UTM-Y: 4141018 Depth: 6 Value: 79.3 Station: CB7.2E
 --- UTM-X: 409322 UTM-Y: 4141018 Depth: 6.5 Value: 79.2 Station: CB7.2E
 --- UTM-X: 409322 UTM-Y: 4141018 Depth: 7 Value: 79.2 Station: CB7.2E
 --- UTM-X: 409322 UTM-Y: 4141018 Depth: 7.5 Value: 79.2 Station: CB7.2E
 --- UTM-X: 409322 UTM-Y: 4141018 Depth: 8 Value: 79.1 Station: CB7.2E
 --- UTM-X: 409322 UTM-Y: 4141018 Depth: 8.5 Value: 79.1 Station: CB7.2E
 --- UTM-X: 409322 UTM-Y: 4141018 Depth: 9 Value: 79.1 Station: CB7.2E
 --- UTM-X: 409322 UTM-Y: 4141018 Depth: 9.5 Value: 79 Station: CB7.2E
 --- UTM-X: 409322 UTM-Y: 4141018 Depth: 10 Value: 79 Station: CB7.2E
 --- UTM-X: 409322 UTM-Y: 4141018 Depth: 10.5 Value: 79 Station: CB7.2E
 --- UTM-X: 409322 UTM-Y: 4141018 Depth: 11 Value: 79 Station: CB7.2E
 --- UTM-X: 409322 UTM-Y: 4141018 Depth: 11.5 Value: 78.9 Station: CB7.2E
 --- UTM-X: 409322 UTM-Y: 4141018 Depth: 12 Value: 78.9 Station: CB7.2E
 --- UTM-X: 409322 UTM-Y: 4141018 Depth: 12.5 Value: 78.9 Station: CB7.2E
 --- UTM-X: 409322 UTM-Y: 4141018 Depth: 13 Value: 78.9 Station: CB7.2E
 --- UTM-X: 400035 UTM-Y: 4108423 Depth: 0 Value: 82.7 Station: CB7.3
 --- UTM-X: 400035 UTM-Y: 4108423 Depth: 0.5 Value: 82.7 Station: CB7.3
 --- UTM-X: 400035 UTM-Y: 4108423 Depth: 1 Value: 82.7 Station: CB7.3
 --- UTM-X: 400035 UTM-Y: 4108423 Depth: 1.5 Value: 82.7 Station: CB7.3
 --- UTM-X: 400035 UTM-Y: 4108423 Depth: 2 Value: 82.7 Station: CB7.3
 --- UTM-X: 400035 UTM-Y: 4108423 Depth: 2.5 Value: 81.9 Station: CB7.3
 --- UTM-X: 400035 UTM-Y: 4108423 Depth: 3 Value: 81 Station: CB7.3
 --- UTM-X: 400035 UTM-Y: 4108423 Depth: 3.5 Value: 80.5 Station: CB7.3
 --- UTM-X: 400035 UTM-Y: 4108423 Depth: 4 Value: 80 Station: CB7.3
 --- UTM-X: 400035 UTM-Y: 4108423 Depth: 4.5 Value: 78.2 Station: CB7.3
 --- UTM-X: 400035 UTM-Y: 4108423 Depth: 5 Value: 76.5 Station: CB7.3
 --- UTM-X: 400035 UTM-Y: 4108423 Depth: 5.5 Value: 76.4 Station: CB7.3
 --- UTM-X: 400035 UTM-Y: 4108423 Depth: 6 Value: 76.4 Station: CB7.3
 --- UTM-X: 400035 UTM-Y: 4108423 Depth: 6.5 Value: 76.3 Station: CB7.3
 --- UTM-X: 400035 UTM-Y: 4108423 Depth: 7 Value: 76.3 Station: CB7.3
 --- UTM-X: 400035 UTM-Y: 4108423 Depth: 7.5 Value: 76.2 Station: CB7.3
 --- UTM-X: 400035 UTM-Y: 4108423 Depth: 8 Value: 76.1 Station: CB7.3
 --- UTM-X: 400035 UTM-Y: 4108423 Depth: 8.5 Value: 75.2 Station: CB7.3
 --- UTM-X: 400035 UTM-Y: 4108423 Depth: 9 Value: 74.4 Station: CB7.3
 --- UTM-X: 400035 UTM-Y: 4108423 Depth: 9.5 Value: 74.1 Station: CB7.3
 --- UTM-X: 400035 UTM-Y: 4108423 Depth: 10 Value: 73.7 Station: CB7.3
 --- UTM-X: 400035 UTM-Y: 4108423 Depth: 10.5 Value: 72.9 Station: CB7.3
 --- UTM-X: 400035 UTM-Y: 4108423 Depth: 11 Value: 72.1 Station: CB7.3
 --- UTM-X: 400035 UTM-Y: 4108423 Depth: 11.5 Value: 72 Station: CB7.3
 --- UTM-X: 400035 UTM-Y: 4108423 Depth: 12 Value: 72 Station: CB7.3
 --- UTM-X: 400035 UTM-Y: 4108423 Depth: 12.5 Value: 71.9 Station: CB7.3
 --- UTM-X: 400035 UTM-Y: 4108423 Depth: 13 Value: 71.7 Station: CB7.3
 --- UTM-X: 406515 UTM-Y: 4120769 Depth: 0 Value: 83.1 Station: CB7.3E
 --- UTM-X: 406515 UTM-Y: 4120769 Depth: 0.5 Value: 83.1 Station: CB7.3E
 --- UTM-X: 406515 UTM-Y: 4120769 Depth: 1 Value: 83.1 Station: CB7.3E
 --- UTM-X: 406515 UTM-Y: 4120769 Depth: 1.5 Value: 82.9 Station: CB7.3E
 --- UTM-X: 406515 UTM-Y: 4120769 Depth: 2 Value: 82.8 Station: CB7.3E
 --- UTM-X: 406515 UTM-Y: 4120769 Depth: 2.5 Value: 80.8 Station: CB7.3E
 --- UTM-X: 406515 UTM-Y: 4120769 Depth: 3 Value: 78.8 Station: CB7.3E
 --- UTM-X: 406515 UTM-Y: 4120769 Depth: 3.5 Value: 77.6 Station: CB7.3E
 --- UTM-X: 406515 UTM-Y: 4120769 Depth: 4 Value: 76.5 Station: CB7.3E
 --- UTM-X: 406515 UTM-Y: 4120769 Depth: 4.5 Value: 76.4 Station: CB7.3E
 --- UTM-X: 406515 UTM-Y: 4120769 Depth: 5 Value: 76.3 Station: CB7.3E
 --- UTM-X: 406515 UTM-Y: 4120769 Depth: 5.5 Value: 76.2 Station: CB7.3E
 --- UTM-X: 406515 UTM-Y: 4120769 Depth: 6 Value: 76 Station: CB7.3E
 --- UTM-X: 406515 UTM-Y: 4120769 Depth: 6.5 Value: 76 Station: CB7.3E
 --- UTM-X: 406515 UTM-Y: 4120769 Depth: 7 Value: 75.9 Station: CB7.3E
 --- UTM-X: 406515 UTM-Y: 4120769 Depth: 7.5 Value: 75.7 Station: CB7.3E
 --- UTM-X: 406515 UTM-Y: 4120769 Depth: 8 Value: 75.4 Station: CB7.3E
 --- UTM-X: 406515 UTM-Y: 4120769 Depth: 8.5 Value: 75.4 Station: CB7.3E
 --- UTM-X: 406515 UTM-Y: 4120769 Depth: 9 Value: 75.4 Station: CB7.3E
 --- UTM-X: 406515 UTM-Y: 4120769 Depth: 9.5 Value: 75.4 Station: CB7.3E
 --- UTM-X: 406515 UTM-Y: 4120769 Depth: 10 Value: 75.4 Station: CB7.3E
 --- UTM-X: 406515 UTM-Y: 4120769 Depth: 10.5 Value: 75.4 Station: CB7.3E
 --- UTM-X: 406515 UTM-Y: 4120769 Depth: 11 Value: 75.4 Station: CB7.3E
 --- UTM-X: 406515 UTM-Y: 4120769 Depth: 11.5 Value: 75.4 Station: CB7.3E
 --- UTM-X: 406515 UTM-Y: 4120769 Depth: 12 Value: 75.3 Station: CB7.3E
 --- UTM-X: 406515 UTM-Y: 4120769 Depth: 12.5 Value: 75.3 Station: CB7.3E
 --- UTM-X: 406515 UTM-Y: 4120769 Depth: 13 Value: 75.3 Station: CB7.3E
 --- UTM-X: 406515 UTM-Y: 4120769 Depth: 13.5 Value: 75.3 Station: CB7.3E
 --- UTM-X: 406515 UTM-Y: 4120769 Depth: 14 Value: 75.3 Station: CB7.3E
 --- UTM-X: 406515 UTM-Y: 4120769 Depth: 14.5 Value: 75.2 Station: CB7.3E
 --- UTM-X: 406515 UTM-Y: 4120769 Depth: 15 Value: 75.1 Station: CB7.3E
 --- UTM-X: 406515 UTM-Y: 4120769 Depth: 15.5 Value: 75 Station: CB7.3E
 --- UTM-X: 406515 UTM-Y: 4120769 Depth: 16 Value: 74.9 Station: CB7.3E
 --- UTM-X: 406515 UTM-Y: 4120769 Depth: 16.5 Value: 74.9 Station: CB7.3E
 --- UTM-X: 406515 UTM-Y: 4120769 Depth: 17 Value: 74.8 Station: CB7.3E
 --- UTM-X: 406515 UTM-Y: 4120769 Depth: 17.5 Value: 74.8 Station: CB7.3E
 --- UTM-X: 406515 UTM-Y: 4120769 Depth: 18 Value: 74.8 Station: CB7.3E
 --- UTM-X: 396093 UTM-Y: 4095002 Depth: 0 Value: 81.5 Station: CB8.1
 --- UTM-X: 396093 UTM-Y: 4095002 Depth: 0.5 Value: 81.5 Station: CB8.1
 --- UTM-X: 396093 UTM-Y: 4095002 Depth: 1 Value: 81.5 Station: CB8.1
 --- UTM-X: 396093 UTM-Y: 4095002 Depth: 1.5 Value: 80.9 Station: CB8.1
 --- UTM-X: 396093 UTM-Y: 4095002 Depth: 2 Value: 80.2 Station: CB8.1
 --- UTM-X: 396093 UTM-Y: 4095002 Depth: 2.5 Value: 79.6 Station: CB8.1
 --- UTM-X: 396093 UTM-Y: 4095002 Depth: 3 Value: 79 Station: CB8.1
 --- UTM-X: 396093 UTM-Y: 4095002 Depth: 3.5 Value: 78.6 Station: CB8.1
 --- UTM-X: 396093 UTM-Y: 4095002 Depth: 4 Value: 78.2 Station: CB8.1
 --- UTM-X: 396093 UTM-Y: 4095002 Depth: 4.5 Value: 76.4 Station: CB8.1
 --- UTM-X: 396093 UTM-Y: 4095002 Depth: 5 Value: 74.6 Station: CB8.1
 --- UTM-X: 396093 UTM-Y: 4095002 Depth: 5.5 Value: 74.4 Station: CB8.1
 --- UTM-X: 396093 UTM-Y: 4095002 Depth: 6 Value: 74.1 Station: CB8.1
 --- UTM-X: 396093 UTM-Y: 4095002 Depth: 6.5 Value: 74 Station: CB8.1
 --- UTM-X: 396093 UTM-Y: 4095002 Depth: 7 Value: 73.9 Station: CB8.1
 --- UTM-X: 396093 UTM-Y: 4095002 Depth: 7.5 Value: 72.2 Station: CB8.1
 --- UTM-X: 396093 UTM-Y: 4095002 Depth: 8 Value: 70.4 Station: CB8.1
 --- UTM-X: 386593 UTM-Y: 4161856 Depth: 0 Value: 84.6 Station: LE3.6
 --- UTM-X: 386593 UTM-Y: 4161856 Depth: 0.5 Value: 84.6 Station: LE3.6
 --- UTM-X: 386593 UTM-Y: 4161856 Depth: 1 Value: 84.6 Station: LE3.6
 --- UTM-X: 386593 UTM-Y: 4161856 Depth: 1.5 Value: 84.5 Station: LE3.6
 --- UTM-X: 386593 UTM-Y: 4161856 Depth: 2 Value: 84.5 Station: LE3.6
 --- UTM-X: 386593 UTM-Y: 4161856 Depth: 2.5 Value: 84.5 Station: LE3.6
 --- UTM-X: 386593 UTM-Y: 4161856 Depth: 3 Value: 84.5 Station: LE3.6
 --- UTM-X: 386593 UTM-Y: 4161856 Depth: 3.5 Value: 84.4 Station: LE3.6
 --- UTM-X: 386593 UTM-Y: 4161856 Depth: 4 Value: 84.3 Station: LE3.6
 --- UTM-X: 386593 UTM-Y: 4161856 Depth: 4.5 Value: 84.3 Station: LE3.6
 --- UTM-X: 386593 UTM-Y: 4161856 Depth: 5 Value: 84.3 Station: LE3.6
 --- UTM-X: 386593 UTM-Y: 4161856 Depth: 5.5 Value: 84.2 Station: LE3.6
 --- UTM-X: 386593 UTM-Y: 4161856 Depth: 6 Value: 84 Station: LE3.6
 --- UTM-X: 386593 UTM-Y: 4161856 Depth: 6.5 Value: 83.8 Station: LE3.6
 --- UTM-X: 386593 UTM-Y: 4161856 Depth: 7 Value: 83.5 Station: LE3.6
 --- UTM-X: 386593 UTM-Y: 4161856 Depth: 7.5 Value: 83.3 Station: LE3.6
 --- UTM-X: 386593 UTM-Y: 4161856 Depth: 8 Value: 83.2 Station: LE3.6
 --- UTM-X: 384553 UTM-Y: 4154548 Depth: 0 Value: 85 Station: LE3.7
 --- UTM-X: 384553 UTM-Y: 4154548 Depth: 0.5 Value: 85 Station: LE3.7
 --- UTM-X: 384553 UTM-Y: 4154548 Depth: 1 Value: 85 Station: LE3.7
 --- UTM-X: 384553 UTM-Y: 4154548 Depth: 1.5 Value: 84.8 Station: LE3.7
 --- UTM-X: 384553 UTM-Y: 4154548 Depth: 2 Value: 84.6 Station: LE3.7
 --- UTM-X: 384553 UTM-Y: 4154548 Depth: 2.5 Value: 84.5 Station: LE3.7
 --- UTM-X: 384553 UTM-Y: 4154548 Depth: 3 Value: 84.5 Station: LE3.7
 --- UTM-X: 384553 UTM-Y: 4154548 Depth: 3.5 Value: 84.4 Station: LE3.7
 --- UTM-X: 384553 UTM-Y: 4154548 Depth: 4 Value: 84.3 Station: LE3.7
 --- UTM-X: 384553 UTM-Y: 4154548 Depth: 4.5 Value: 84.3 Station: LE3.7
 --- UTM-X: 384553 UTM-Y: 4154548 Depth: 5 Value: 84.2 Station: LE3.7
 --- UTM-X: 383146 UTM-Y: 4095571 Depth: 0 Value: 83.3 Station: LE5.5-W
 --- UTM-X: 383146 UTM-Y: 4095571 Depth: 0.5 Value: 83.3 Station: LE5.5-W
 --- UTM-X: 383146 UTM-Y: 4095571 Depth: 1 Value: 83.3 Station: LE5.5-W
 --- UTM-X: 383146 UTM-Y: 4095571 Depth: 1.5 Value: 82.9 Station: LE5.5-W
 --- UTM-X: 383146 UTM-Y: 4095571 Depth: 2 Value: 82.6 Station: LE5.5-W
 --- UTM-X: 383146 UTM-Y: 4095571 Depth: 2.5 Value: 82.4 Station: LE5.5-W
 --- UTM-X: 383146 UTM-Y: 4095571 Depth: 3 Value: 82.2 Station: LE5.5-W
 --- UTM-X: 383146 UTM-Y: 4095571 Depth: 3.5 Value: 82.1 Station: LE5.5-W
 --- UTM-X: 383146 UTM-Y: 4095571 Depth: 4 Value: 81.9 Station: LE5.5-W
 --- UTM-X: 383146 UTM-Y: 4095571 Depth: 4.5 Value: 81.8 Station: LE5.5-W
 --- UTM-X: 383146 UTM-Y: 4095571 Depth: 5 Value: 81.7 Station: LE5.5-W
 --- UTM-X: 383146 UTM-Y: 4095571 Depth: 5.5 Value: 81.5 Station: LE5.5-W
 --- UTM-X: 383146 UTM-Y: 4095571 Depth: 6 Value: 81.3 Station: LE5.5-W
 --- UTM-X: 383146 UTM-Y: 4095571 Depth: 6.5 Value: 81.1 Station: LE5.5-W
 --- UTM-X: 383146 UTM-Y: 4095571 Depth: 7 Value: 80.9 Station: LE5.5-W
 --- UTM-X: 383146 UTM-Y: 4095571 Depth: 7.5 Value: 80.9 Station: LE5.5-W
 --- UTM-X: 383146 UTM-Y: 4095571 Depth: 8 Value: 80.8 Station: LE5.5-W
 --- UTM-X: 383146 UTM-Y: 4095571 Depth: 8.5 Value: 80.6 Station: LE5.5-W
 --- UTM-X: 383146 UTM-Y: 4095571 Depth: 9 Value: 80.4 Station: LE5.5-W
 --- UTM-X: 383146 UTM-Y: 4095571 Depth: 9.5 Value: 80.4 Station: LE5.5-W
 --- UTM-X: 383146 UTM-Y: 4095571 Depth: 10 Value: 80.4 Station: LE5.5-W
 --- UTM-X: 383146 UTM-Y: 4095571 Depth: 10.5 Value: 80.4 Station: LE5.5-W
 --- UTM-X: 383146 UTM-Y: 4095571 Depth: 11 Value: 80.4 Station: LE5.5-W
 --- UTM-X: 383146 UTM-Y: 4095571 Depth: 11.5 Value: 80.1 Station: LE5.5-W
 --- UTM-X: 383146 UTM-Y: 4095571 Depth: 12 Value: 79.7 Station: LE5.5-W
 --- UTM-X: 380697 UTM-Y: 4130313 Depth: 0 Value: 84.4 Station: WE4.1
 --- UTM-X: 380697 UTM-Y: 4130313 Depth: 0.5 Value: 84.4 Station: WE4.1
 --- UTM-X: 380697 UTM-Y: 4130313 Depth: 1 Value: 84.4 Station: WE4.1
 --- UTM-X: 380697 UTM-Y: 4130313 Depth: 1.5 Value: 84.3 Station: WE4.1
 --- UTM-X: 380697 UTM-Y: 4130313 Depth: 2 Value: 84.3 Station: WE4.1
 --- UTM-X: 380697 UTM-Y: 4130313 Depth: 2.5 Value: 83.5 Station: WE4.1
 --- UTM-X: 380697 UTM-Y: 4130313 Depth: 3 Value: 82.8 Station: WE4.1
 --- UTM-X: 380697 UTM-Y: 4130313 Depth: 3.5 Value: 82.6 Station: WE4.1
 --- UTM-X: 380697 UTM-Y: 4130313 Depth: 4 Value: 82.4 Station: WE4.1
 --- UTM-X: 377038 UTM-Y: 4122598 Depth: 0 Value: 84.4 Station: WE4.2
 --- UTM-X: 377038 UTM-Y: 4122598 Depth: 0.5 Value: 84.4 Station: WE4.2
 --- UTM-X: 377038 UTM-Y: 4122598 Depth: 1 Value: 84.4 Station: WE4.2
 --- UTM-X: 377038 UTM-Y: 4122598 Depth: 1.5 Value: 84.2 Station: WE4.2
 --- UTM-X: 377038 UTM-Y: 4122598 Depth: 2 Value: 84 Station: WE4.2
 --- UTM-X: 377038 UTM-Y: 4122598 Depth: 2.5 Value: 83.9 Station: WE4.2
 --- UTM-X: 377038 UTM-Y: 4122598 Depth: 3 Value: 83.8 Station: WE4.2
 --- UTM-X: 377038 UTM-Y: 4122598 Depth: 3.5 Value: 83.8 Station: WE4.2
 --- UTM-X: 377038 UTM-Y: 4122598 Depth: 4 Value: 83.8 Station: WE4.2
 --- UTM-X: 377038 UTM-Y: 4122598 Depth: 4.5 Value: 83.8 Station: WE4.2
 --- UTM-X: 377038 UTM-Y: 4122598 Depth: 5 Value: 83.8 Station: WE4.2
 --- UTM-X: 377038 UTM-Y: 4122598 Depth: 5.5 Value: 83.8 Station: WE4.2
 --- UTM-X: 377038 UTM-Y: 4122598 Depth: 6 Value: 83.9 Station: WE4.2
 --- UTM-X: 377038 UTM-Y: 4122598 Depth: 6.5 Value: 83.9 Station: WE4.2
 --- UTM-X: 377038 UTM-Y: 4122598 Depth: 7 Value: 83.9 Station: WE4.2
 --- UTM-X: 377038 UTM-Y: 4122598 Depth: 7.5 Value: 83.9 Station: WE4.2
 --- UTM-X: 377038 UTM-Y: 4122598 Depth: 8 Value: 83.9 Station: WE4.2
 --- UTM-X: 377038 UTM-Y: 4122598 Depth: 8.5 Value: 83 Station: WE4.2
 --- UTM-X: 377038 UTM-Y: 4122598 Depth: 9 Value: 82.1 Station: WE4.2
 --- UTM-X: 377038 UTM-Y: 4122598 Depth: 9.5 Value: 80.1 Station: WE4.2
 --- UTM-X: 377038 UTM-Y: 4122598 Depth: 10 Value: 78 Station: WE4.2
 --- UTM-X: 377038 UTM-Y: 4122598 Depth: 10.5 Value: 78 Station: WE4.2
 --- UTM-X: 377038 UTM-Y: 4122598 Depth: 11 Value: 77.9 Station: WE4.2
 --- UTM-X: 378116 UTM-Y: 4115369 Depth: 0 Value: 84.3 Station: WE4.3
 --- UTM-X: 378116 UTM-Y: 4115369 Depth: 0.5 Value: 84.3 Station: WE4.3
 --- UTM-X: 378116 UTM-Y: 4115369 Depth: 1 Value: 84.3 Station: WE4.3
 --- UTM-X: 378116 UTM-Y: 4115369 Depth: 1.5 Value: 84.4 Station: WE4.3
 --- UTM-X: 378116 UTM-Y: 4115369 Depth: 2 Value: 84.4 Station: WE4.3
 --- UTM-X: 378116 UTM-Y: 4115369 Depth: 2.5 Value: 84.3 Station: WE4.3
 --- UTM-X: 378116 UTM-Y: 4115369 Depth: 3 Value: 84.2 Station: WE4.3
 --- UTM-X: 378116 UTM-Y: 4115369 Depth: 3.5 Value: 83.9 Station: WE4.3
 --- UTM-X: 378116 UTM-Y: 4115369 Depth: 4 Value: 83.5 Station: WE4.3
 --- UTM-X: 385118 UTM-Y: 4107873 Depth: 0 Value: 84.5 Station: WE4.4
 --- UTM-X: 385118 UTM-Y: 4107873 Depth: 0.5 Value: 84.5 Station: WE4.4
 --- UTM-X: 385118 UTM-Y: 4107873 Depth: 1 Value: 84.5 Station: WE4.4
 --- UTM-X: 385118 UTM-Y: 4107873 Depth: 1.5 Value: 84.5 Station: WE4.4
 --- UTM-X: 385118 UTM-Y: 4107873 Depth: 2 Value: 84.6 Station: WE4.4
 --- UTM-X: 385118 UTM-Y: 4107873 Depth: 2.5 Value: 84.5 Station: WE4.4
 --- UTM-X: 385118 UTM-Y: 4107873 Depth: 3 Value: 84.4 Station: WE4.4
 --- UTM-X: 385118 UTM-Y: 4107873 Depth: 3.5 Value: 84.2 Station: WE4.4
 --- UTM-X: 385118 UTM-Y: 4107873 Depth: 4 Value: 84 Station: WE4.4
 --- UTM-X: 385118 UTM-Y: 4107873 Depth: 4.5 Value: 83.7 Station: WE4.4
 --- UTM-X: 385118 UTM-Y: 4107873 Depth: 5 Value: 83.4 Station: WE4.4
 --- UTM-X: 385118 UTM-Y: 4107873 Depth: 5.5 Value: 83.3 Station: WE4.4
 --- UTM-X: 385118 UTM-Y: 4107873 Depth: 6 Value: 83.3 Station: WE4.4
 --- 6503 cells were interpolated in region CB6PH.  Subtotal: 35144 total cells.
 ---- Region was calculated in 0 seconds. Segment volume (m^3) = 6503000000
 
 - Bathymetry Region ID: 1007  Region Name: CB7PH  Data Points: 635 in data region 1007
 -- Cell Size  E-W: 1000  N-S: 1000  Vertical: 1
 --- Data in Region ---
 --- UTM-X: 396587 UTM-Y: 4184289 Depth: 0 Value: 83.4 Station: CB5.4
 --- UTM-X: 396587 UTM-Y: 4184289 Depth: 0.5 Value: 83.4 Station: CB5.4
 --- UTM-X: 396587 UTM-Y: 4184289 Depth: 1 Value: 83.4 Station: CB5.4
 --- UTM-X: 396587 UTM-Y: 4184289 Depth: 1.5 Value: 83.4 Station: CB5.4
 --- UTM-X: 396587 UTM-Y: 4184289 Depth: 2 Value: 83.4 Station: CB5.4
 --- UTM-X: 396587 UTM-Y: 4184289 Depth: 2.5 Value: 84 Station: CB5.4
 --- UTM-X: 396587 UTM-Y: 4184289 Depth: 3 Value: 84.6 Station: CB5.4
 --- UTM-X: 396587 UTM-Y: 4184289 Depth: 3.5 Value: 84.4 Station: CB5.4
 --- UTM-X: 396587 UTM-Y: 4184289 Depth: 4 Value: 84.1 Station: CB5.4
 --- UTM-X: 396587 UTM-Y: 4184289 Depth: 4.5 Value: 84.4 Station: CB5.4
 --- UTM-X: 396587 UTM-Y: 4184289 Depth: 5 Value: 84.8 Station: CB5.4
 --- UTM-X: 396587 UTM-Y: 4184289 Depth: 5.5 Value: 83.3 Station: CB5.4
 --- UTM-X: 396587 UTM-Y: 4184289 Depth: 6 Value: 81.7 Station: CB5.4
 --- UTM-X: 396587 UTM-Y: 4184289 Depth: 6.5 Value: 81.6 Station: CB5.4
 --- UTM-X: 396587 UTM-Y: 4184289 Depth: 7 Value: 81.5 Station: CB5.4
 --- UTM-X: 396587 UTM-Y: 4184289 Depth: 7.5 Value: 81.5 Station: CB5.4
 --- UTM-X: 396587 UTM-Y: 4184289 Depth: 8 Value: 81.5 Station: CB5.4
 --- UTM-X: 396587 UTM-Y: 4184289 Depth: 8.5 Value: 81.2 Station: CB5.4
 --- UTM-X: 396587 UTM-Y: 4184289 Depth: 9 Value: 80.8 Station: CB5.4
 --- UTM-X: 396587 UTM-Y: 4184289 Depth: 9.5 Value: 80.6 Station: CB5.4
 --- UTM-X: 396587 UTM-Y: 4184289 Depth: 10 Value: 80.3 Station: CB5.4
 --- UTM-X: 396587 UTM-Y: 4184289 Depth: 10.5 Value: 80.4 Station: CB5.4
 --- UTM-X: 396587 UTM-Y: 4184289 Depth: 11 Value: 80.5 Station: CB5.4
 --- UTM-X: 396587 UTM-Y: 4184289 Depth: 11.5 Value: 80.4 Station: CB5.4
 --- UTM-X: 396587 UTM-Y: 4184289 Depth: 12 Value: 80.4 Station: CB5.4
 --- UTM-X: 396587 UTM-Y: 4184289 Depth: 12.5 Value: 80.4 Station: CB5.4
 --- UTM-X: 396587 UTM-Y: 4184289 Depth: 13 Value: 80.5 Station: CB5.4
 --- UTM-X: 396587 UTM-Y: 4184289 Depth: 13.5 Value: 80.5 Station: CB5.4
 --- UTM-X: 396587 UTM-Y: 4184289 Depth: 14 Value: 80.5 Station: CB5.4
 --- UTM-X: 396587 UTM-Y: 4184289 Depth: 14.5 Value: 80.4 Station: CB5.4
 --- UTM-X: 396587 UTM-Y: 4184289 Depth: 15 Value: 80.4 Station: CB5.4
 --- UTM-X: 396587 UTM-Y: 4184289 Depth: 15.5 Value: 80.5 Station: CB5.4
 --- UTM-X: 396587 UTM-Y: 4184289 Depth: 16 Value: 80.5 Station: CB5.4
 --- UTM-X: 396587 UTM-Y: 4184289 Depth: 16.5 Value: 80.5 Station: CB5.4
 --- UTM-X: 396587 UTM-Y: 4184289 Depth: 17 Value: 80.5 Station: CB5.4
 --- UTM-X: 396587 UTM-Y: 4184289 Depth: 17.5 Value: 80.5 Station: CB5.4
 --- UTM-X: 396587 UTM-Y: 4184289 Depth: 18 Value: 80.5 Station: CB5.4
 --- UTM-X: 396587 UTM-Y: 4184289 Depth: 18.5 Value: 80.6 Station: CB5.4
 --- UTM-X: 396587 UTM-Y: 4184289 Depth: 19 Value: 80.7 Station: CB5.4
 --- UTM-X: 396587 UTM-Y: 4184289 Depth: 19.5 Value: 80.7 Station: CB5.4
 --- UTM-X: 396587 UTM-Y: 4184289 Depth: 20 Value: 80.7 Station: CB5.4
 --- UTM-X: 396587 UTM-Y: 4184289 Depth: 20.5 Value: 80.7 Station: CB5.4
 --- UTM-X: 396587 UTM-Y: 4184289 Depth: 21 Value: 80.7 Station: CB5.4
 --- UTM-X: 396587 UTM-Y: 4184289 Depth: 21.5 Value: 80.7 Station: CB5.4
 --- UTM-X: 396587 UTM-Y: 4184289 Depth: 22 Value: 80.8 Station: CB5.4
 --- UTM-X: 396587 UTM-Y: 4184289 Depth: 22.5 Value: 80.8 Station: CB5.4
 --- UTM-X: 396587 UTM-Y: 4184289 Depth: 23 Value: 80.8 Station: CB5.4
 --- UTM-X: 396587 UTM-Y: 4184289 Depth: 23.5 Value: 80.8 Station: CB5.4
 --- UTM-X: 396587 UTM-Y: 4184289 Depth: 24 Value: 80.8 Station: CB5.4
 --- UTM-X: 396587 UTM-Y: 4184289 Depth: 24.5 Value: 80.9 Station: CB5.4
 --- UTM-X: 396587 UTM-Y: 4184289 Depth: 25 Value: 80.9 Station: CB5.4
 --- UTM-X: 396587 UTM-Y: 4184289 Depth: 25.5 Value: 80.8 Station: CB5.4
 --- UTM-X: 396587 UTM-Y: 4184289 Depth: 26 Value: 80.8 Station: CB5.4
 --- UTM-X: 396587 UTM-Y: 4184289 Depth: 26.5 Value: 80.8 Station: CB5.4
 --- UTM-X: 396587 UTM-Y: 4184289 Depth: 27 Value: 80.8 Station: CB5.4
 --- UTM-X: 396587 UTM-Y: 4184289 Depth: 27.5 Value: 80.8 Station: CB5.4
 --- UTM-X: 396587 UTM-Y: 4184289 Depth: 28 Value: 80.8 Station: CB5.4
 --- UTM-X: 396587 UTM-Y: 4184289 Depth: 28.5 Value: 80.7 Station: CB5.4
 --- UTM-X: 396587 UTM-Y: 4184289 Depth: 29 Value: 80.7 Station: CB5.4
 --- UTM-X: 396587 UTM-Y: 4184289 Depth: 29.5 Value: 80.7 Station: CB5.4
 --- UTM-X: 396587 UTM-Y: 4184289 Depth: 30 Value: 80.7 Station: CB5.4
 --- UTM-X: 395113 UTM-Y: 4172286 Depth: 0 Value: 83.4 Station: CB5.5
 --- UTM-X: 395113 UTM-Y: 4172286 Depth: 0.5 Value: 83.4 Station: CB5.5
 --- UTM-X: 395113 UTM-Y: 4172286 Depth: 1 Value: 83.4 Station: CB5.5
 --- UTM-X: 395113 UTM-Y: 4172286 Depth: 1.5 Value: 83.4 Station: CB5.5
 --- UTM-X: 395113 UTM-Y: 4172286 Depth: 2 Value: 83.4 Station: CB5.5
 --- UTM-X: 395113 UTM-Y: 4172286 Depth: 2.5 Value: 83.5 Station: CB5.5
 --- UTM-X: 395113 UTM-Y: 4172286 Depth: 3 Value: 83.5 Station: CB5.5
 --- UTM-X: 395113 UTM-Y: 4172286 Depth: 3.5 Value: 83.6 Station: CB5.5
 --- UTM-X: 395113 UTM-Y: 4172286 Depth: 4 Value: 83.6 Station: CB5.5
 --- UTM-X: 395113 UTM-Y: 4172286 Depth: 4.5 Value: 83.4 Station: CB5.5
 --- UTM-X: 395113 UTM-Y: 4172286 Depth: 5 Value: 83.2 Station: CB5.5
 --- UTM-X: 395113 UTM-Y: 4172286 Depth: 5.5 Value: 83.1 Station: CB5.5
 --- UTM-X: 395113 UTM-Y: 4172286 Depth: 6 Value: 83 Station: CB5.5
 --- UTM-X: 395113 UTM-Y: 4172286 Depth: 6.5 Value: 82.2 Station: CB5.5
 --- UTM-X: 395113 UTM-Y: 4172286 Depth: 7 Value: 81.3 Station: CB5.5
 --- UTM-X: 395113 UTM-Y: 4172286 Depth: 7.5 Value: 81.3 Station: CB5.5
 --- UTM-X: 395113 UTM-Y: 4172286 Depth: 8 Value: 81.3 Station: CB5.5
 --- UTM-X: 395113 UTM-Y: 4172286 Depth: 8.5 Value: 81.2 Station: CB5.5
 --- UTM-X: 395113 UTM-Y: 4172286 Depth: 9 Value: 81.1 Station: CB5.5
 --- UTM-X: 395113 UTM-Y: 4172286 Depth: 9.5 Value: 81.1 Station: CB5.5
 --- UTM-X: 395113 UTM-Y: 4172286 Depth: 10 Value: 81.1 Station: CB5.5
 --- UTM-X: 395113 UTM-Y: 4172286 Depth: 10.5 Value: 81.2 Station: CB5.5
 --- UTM-X: 395113 UTM-Y: 4172286 Depth: 11 Value: 81.2 Station: CB5.5
 --- UTM-X: 395113 UTM-Y: 4172286 Depth: 11.5 Value: 81.1 Station: CB5.5
 --- UTM-X: 395113 UTM-Y: 4172286 Depth: 12 Value: 80.9 Station: CB5.5
 --- UTM-X: 395113 UTM-Y: 4172286 Depth: 12.5 Value: 81 Station: CB5.5
 --- UTM-X: 395113 UTM-Y: 4172286 Depth: 13 Value: 81.1 Station: CB5.5
 --- UTM-X: 395113 UTM-Y: 4172286 Depth: 13.5 Value: 80.9 Station: CB5.5
 --- UTM-X: 395113 UTM-Y: 4172286 Depth: 14 Value: 80.8 Station: CB5.5
 --- UTM-X: 397396 UTM-Y: 4160791 Depth: 0 Value: 84.5 Station: CB6.1
 --- UTM-X: 397396 UTM-Y: 4160791 Depth: 0.5 Value: 84.5 Station: CB6.1
 --- UTM-X: 397396 UTM-Y: 4160791 Depth: 1 Value: 84.5 Station: CB6.1
 --- UTM-X: 397396 UTM-Y: 4160791 Depth: 1.5 Value: 84.4 Station: CB6.1
 --- UTM-X: 397396 UTM-Y: 4160791 Depth: 2 Value: 84.3 Station: CB6.1
 --- UTM-X: 397396 UTM-Y: 4160791 Depth: 2.5 Value: 84.3 Station: CB6.1
 --- UTM-X: 397396 UTM-Y: 4160791 Depth: 3 Value: 84.4 Station: CB6.1
 --- UTM-X: 397396 UTM-Y: 4160791 Depth: 3.5 Value: 84.5 Station: CB6.1
 --- UTM-X: 397396 UTM-Y: 4160791 Depth: 4 Value: 84.5 Station: CB6.1
 --- UTM-X: 397396 UTM-Y: 4160791 Depth: 4.5 Value: 84.5 Station: CB6.1
 --- UTM-X: 397396 UTM-Y: 4160791 Depth: 5 Value: 84.6 Station: CB6.1
 --- UTM-X: 397396 UTM-Y: 4160791 Depth: 5.5 Value: 84.5 Station: CB6.1
 --- UTM-X: 397396 UTM-Y: 4160791 Depth: 6 Value: 84.5 Station: CB6.1
 --- UTM-X: 397396 UTM-Y: 4160791 Depth: 6.5 Value: 83.4 Station: CB6.1
 --- UTM-X: 397396 UTM-Y: 4160791 Depth: 7 Value: 82.4 Station: CB6.1
 --- UTM-X: 397396 UTM-Y: 4160791 Depth: 7.5 Value: 81.6 Station: CB6.1
 --- UTM-X: 397396 UTM-Y: 4160791 Depth: 8 Value: 80.7 Station: CB6.1
 --- UTM-X: 397396 UTM-Y: 4160791 Depth: 8.5 Value: 80.5 Station: CB6.1
 --- UTM-X: 397396 UTM-Y: 4160791 Depth: 9 Value: 80.3 Station: CB6.1
 --- UTM-X: 397396 UTM-Y: 4160791 Depth: 9.5 Value: 80.2 Station: CB6.1
 --- UTM-X: 397396 UTM-Y: 4160791 Depth: 10 Value: 80.2 Station: CB6.1
 --- UTM-X: 397396 UTM-Y: 4160791 Depth: 10.5 Value: 80.1 Station: CB6.1
 --- UTM-X: 397396 UTM-Y: 4160791 Depth: 11 Value: 80.1 Station: CB6.1
 --- UTM-X: 397772 UTM-Y: 4149505 Depth: 0 Value: 84.6 Station: CB6.2
 --- UTM-X: 397772 UTM-Y: 4149505 Depth: 0.5 Value: 84.6 Station: CB6.2
 --- UTM-X: 397772 UTM-Y: 4149505 Depth: 1 Value: 84.6 Station: CB6.2
 --- UTM-X: 397772 UTM-Y: 4149505 Depth: 1.5 Value: 84.3 Station: CB6.2
 --- UTM-X: 397772 UTM-Y: 4149505 Depth: 2 Value: 83.9 Station: CB6.2
 --- UTM-X: 397772 UTM-Y: 4149505 Depth: 2.5 Value: 83.7 Station: CB6.2
 --- UTM-X: 397772 UTM-Y: 4149505 Depth: 3 Value: 83.6 Station: CB6.2
 --- UTM-X: 397772 UTM-Y: 4149505 Depth: 3.5 Value: 83.5 Station: CB6.2
 --- UTM-X: 397772 UTM-Y: 4149505 Depth: 4 Value: 83.5 Station: CB6.2
 --- UTM-X: 397772 UTM-Y: 4149505 Depth: 4.5 Value: 83.5 Station: CB6.2
 --- UTM-X: 397772 UTM-Y: 4149505 Depth: 5 Value: 83.4 Station: CB6.2
 --- UTM-X: 397772 UTM-Y: 4149505 Depth: 5.5 Value: 83.5 Station: CB6.2
 --- UTM-X: 397772 UTM-Y: 4149505 Depth: 6 Value: 83.5 Station: CB6.2
 --- UTM-X: 397772 UTM-Y: 4149505 Depth: 6.5 Value: 83.2 Station: CB6.2
 --- UTM-X: 397772 UTM-Y: 4149505 Depth: 7 Value: 82.9 Station: CB6.2
 --- UTM-X: 397772 UTM-Y: 4149505 Depth: 7.5 Value: 82 Station: CB6.2
 --- UTM-X: 397772 UTM-Y: 4149505 Depth: 8 Value: 81.1 Station: CB6.2
 --- UTM-X: 397772 UTM-Y: 4149505 Depth: 8.5 Value: 80.8 Station: CB6.2
 --- UTM-X: 397772 UTM-Y: 4149505 Depth: 9 Value: 80.5 Station: CB6.2
 --- UTM-X: 397375 UTM-Y: 4141157 Depth: 0 Value: 84.7 Station: CB6.3
 --- UTM-X: 397375 UTM-Y: 4141157 Depth: 0.5 Value: 84.7 Station: CB6.3
 --- UTM-X: 397375 UTM-Y: 4141157 Depth: 1 Value: 84.7 Station: CB6.3
 --- UTM-X: 397375 UTM-Y: 4141157 Depth: 1.5 Value: 84.5 Station: CB6.3
 --- UTM-X: 397375 UTM-Y: 4141157 Depth: 2 Value: 84.3 Station: CB6.3
 --- UTM-X: 397375 UTM-Y: 4141157 Depth: 2.5 Value: 84.2 Station: CB6.3
 --- UTM-X: 397375 UTM-Y: 4141157 Depth: 3 Value: 84 Station: CB6.3
 --- UTM-X: 397375 UTM-Y: 4141157 Depth: 3.5 Value: 84 Station: CB6.3
 --- UTM-X: 397375 UTM-Y: 4141157 Depth: 4 Value: 83.9 Station: CB6.3
 --- UTM-X: 397375 UTM-Y: 4141157 Depth: 4.5 Value: 83.8 Station: CB6.3
 --- UTM-X: 397375 UTM-Y: 4141157 Depth: 5 Value: 83.7 Station: CB6.3
 --- UTM-X: 397375 UTM-Y: 4141157 Depth: 5.5 Value: 83.4 Station: CB6.3
 --- UTM-X: 397375 UTM-Y: 4141157 Depth: 6 Value: 83 Station: CB6.3
 --- UTM-X: 397375 UTM-Y: 4141157 Depth: 6.5 Value: 82.7 Station: CB6.3
 --- UTM-X: 397375 UTM-Y: 4141157 Depth: 7 Value: 82.5 Station: CB6.3
 --- UTM-X: 397375 UTM-Y: 4141157 Depth: 7.5 Value: 82.2 Station: CB6.3
 --- UTM-X: 397375 UTM-Y: 4141157 Depth: 8 Value: 81.9 Station: CB6.3
 --- UTM-X: 397375 UTM-Y: 4141157 Depth: 8.5 Value: 81 Station: CB6.3
 --- UTM-X: 397375 UTM-Y: 4141157 Depth: 9 Value: 80.1 Station: CB6.3
 --- UTM-X: 397375 UTM-Y: 4141157 Depth: 9.5 Value: 79.5 Station: CB6.3
 --- UTM-X: 397375 UTM-Y: 4141157 Depth: 10 Value: 78.9 Station: CB6.3
 --- UTM-X: 392849 UTM-Y: 4121795 Depth: 0 Value: 83.8 Station: CB6.4
 --- UTM-X: 392849 UTM-Y: 4121795 Depth: 0.5 Value: 83.8 Station: CB6.4
 --- UTM-X: 392849 UTM-Y: 4121795 Depth: 1 Value: 83.8 Station: CB6.4
 --- UTM-X: 392849 UTM-Y: 4121795 Depth: 1.5 Value: 83.7 Station: CB6.4
 --- UTM-X: 392849 UTM-Y: 4121795 Depth: 2 Value: 83.5 Station: CB6.4
 --- UTM-X: 392849 UTM-Y: 4121795 Depth: 2.5 Value: 83.4 Station: CB6.4
 --- UTM-X: 392849 UTM-Y: 4121795 Depth: 3 Value: 83.4 Station: CB6.4
 --- UTM-X: 392849 UTM-Y: 4121795 Depth: 3.5 Value: 83.6 Station: CB6.4
 --- UTM-X: 392849 UTM-Y: 4121795 Depth: 4 Value: 83.9 Station: CB6.4
 --- UTM-X: 392849 UTM-Y: 4121795 Depth: 4.5 Value: 83.9 Station: CB6.4
 --- UTM-X: 392849 UTM-Y: 4121795 Depth: 5 Value: 83.9 Station: CB6.4
 --- UTM-X: 392849 UTM-Y: 4121795 Depth: 5.5 Value: 83.7 Station: CB6.4
 --- UTM-X: 392849 UTM-Y: 4121795 Depth: 6 Value: 83.5 Station: CB6.4
 --- UTM-X: 392849 UTM-Y: 4121795 Depth: 6.5 Value: 83.1 Station: CB6.4
 --- UTM-X: 392849 UTM-Y: 4121795 Depth: 7 Value: 82.7 Station: CB6.4
 --- UTM-X: 392849 UTM-Y: 4121795 Depth: 7.5 Value: 81.9 Station: CB6.4
 --- UTM-X: 392849 UTM-Y: 4121795 Depth: 8 Value: 81.1 Station: CB6.4
 --- UTM-X: 412737 UTM-Y: 4171156 Depth: 0 Value: 85.7 Station: CB7.1
 --- UTM-X: 412737 UTM-Y: 4171156 Depth: 0.5 Value: 85.7 Station: CB7.1
 --- UTM-X: 412737 UTM-Y: 4171156 Depth: 1 Value: 85.7 Station: CB7.1
 --- UTM-X: 412737 UTM-Y: 4171156 Depth: 1.5 Value: 85.6 Station: CB7.1
 --- UTM-X: 412737 UTM-Y: 4171156 Depth: 2 Value: 85.6 Station: CB7.1
 --- UTM-X: 412737 UTM-Y: 4171156 Depth: 2.5 Value: 85.2 Station: CB7.1
 --- UTM-X: 412737 UTM-Y: 4171156 Depth: 3 Value: 84.8 Station: CB7.1
 --- UTM-X: 412737 UTM-Y: 4171156 Depth: 3.5 Value: 84.7 Station: CB7.1
 --- UTM-X: 412737 UTM-Y: 4171156 Depth: 4 Value: 84.7 Station: CB7.1
 --- UTM-X: 412737 UTM-Y: 4171156 Depth: 4.5 Value: 84.6 Station: CB7.1
 --- UTM-X: 412737 UTM-Y: 4171156 Depth: 5 Value: 84.5 Station: CB7.1
 --- UTM-X: 412737 UTM-Y: 4171156 Depth: 5.5 Value: 84.3 Station: CB7.1
 --- UTM-X: 412737 UTM-Y: 4171156 Depth: 6 Value: 84.1 Station: CB7.1
 --- UTM-X: 412737 UTM-Y: 4171156 Depth: 6.5 Value: 83.9 Station: CB7.1
 --- UTM-X: 412737 UTM-Y: 4171156 Depth: 7 Value: 83.7 Station: CB7.1
 --- UTM-X: 412737 UTM-Y: 4171156 Depth: 7.5 Value: 83.4 Station: CB7.1
 --- UTM-X: 412737 UTM-Y: 4171156 Depth: 8 Value: 83.2 Station: CB7.1
 --- UTM-X: 412737 UTM-Y: 4171156 Depth: 8.5 Value: 82.8 Station: CB7.1
 --- UTM-X: 412737 UTM-Y: 4171156 Depth: 9 Value: 82.3 Station: CB7.1
 --- UTM-X: 412737 UTM-Y: 4171156 Depth: 9.5 Value: 82 Station: CB7.1
 --- UTM-X: 412737 UTM-Y: 4171156 Depth: 10 Value: 81.6 Station: CB7.1
 --- UTM-X: 412737 UTM-Y: 4171156 Depth: 10.5 Value: 81.6 Station: CB7.1
 --- UTM-X: 412737 UTM-Y: 4171156 Depth: 11 Value: 81.5 Station: CB7.1
 --- UTM-X: 412737 UTM-Y: 4171156 Depth: 11.5 Value: 81.5 Station: CB7.1
 --- UTM-X: 412737 UTM-Y: 4171156 Depth: 12 Value: 81.4 Station: CB7.1
 --- UTM-X: 412737 UTM-Y: 4171156 Depth: 12.5 Value: 81.3 Station: CB7.1
 --- UTM-X: 412737 UTM-Y: 4171156 Depth: 13 Value: 81.3 Station: CB7.1
 --- UTM-X: 412737 UTM-Y: 4171156 Depth: 13.5 Value: 81.2 Station: CB7.1
 --- UTM-X: 412737 UTM-Y: 4171156 Depth: 14 Value: 81.2 Station: CB7.1
 --- UTM-X: 412737 UTM-Y: 4171156 Depth: 14.5 Value: 81.2 Station: CB7.1
 --- UTM-X: 412737 UTM-Y: 4171156 Depth: 15 Value: 81.1 Station: CB7.1
 --- UTM-X: 412737 UTM-Y: 4171156 Depth: 15.5 Value: 81.1 Station: CB7.1
 --- UTM-X: 412737 UTM-Y: 4171156 Depth: 16 Value: 81 Station: CB7.1
 --- UTM-X: 414166 UTM-Y: 4181313 Depth: 0 Value: 85.7 Station: CB7.1N
 --- UTM-X: 414166 UTM-Y: 4181313 Depth: 0.5 Value: 85.7 Station: CB7.1N
 --- UTM-X: 414166 UTM-Y: 4181313 Depth: 1 Value: 85.7 Station: CB7.1N
 --- UTM-X: 414166 UTM-Y: 4181313 Depth: 1.5 Value: 85.5 Station: CB7.1N
 --- UTM-X: 414166 UTM-Y: 4181313 Depth: 2 Value: 85.3 Station: CB7.1N
 --- UTM-X: 414166 UTM-Y: 4181313 Depth: 2.5 Value: 85.3 Station: CB7.1N
 --- UTM-X: 414166 UTM-Y: 4181313 Depth: 3 Value: 85.3 Station: CB7.1N
 --- UTM-X: 414166 UTM-Y: 4181313 Depth: 3.5 Value: 85.4 Station: CB7.1N
 --- UTM-X: 414166 UTM-Y: 4181313 Depth: 4 Value: 85.4 Station: CB7.1N
 --- UTM-X: 414166 UTM-Y: 4181313 Depth: 4.5 Value: 85.5 Station: CB7.1N
 --- UTM-X: 414166 UTM-Y: 4181313 Depth: 5 Value: 85.5 Station: CB7.1N
 --- UTM-X: 414166 UTM-Y: 4181313 Depth: 5.5 Value: 85.4 Station: CB7.1N
 --- UTM-X: 414166 UTM-Y: 4181313 Depth: 6 Value: 85.3 Station: CB7.1N
 --- UTM-X: 414166 UTM-Y: 4181313 Depth: 6.5 Value: 85.3 Station: CB7.1N
 --- UTM-X: 414166 UTM-Y: 4181313 Depth: 7 Value: 85.2 Station: CB7.1N
 --- UTM-X: 414166 UTM-Y: 4181313 Depth: 7.5 Value: 85.2 Station: CB7.1N
 --- UTM-X: 414166 UTM-Y: 4181313 Depth: 8 Value: 85.2 Station: CB7.1N
 --- UTM-X: 414166 UTM-Y: 4181313 Depth: 8.5 Value: 85.1 Station: CB7.1N
 --- UTM-X: 414166 UTM-Y: 4181313 Depth: 9 Value: 85 Station: CB7.1N
 --- UTM-X: 414166 UTM-Y: 4181313 Depth: 9.5 Value: 85 Station: CB7.1N
 --- UTM-X: 414166 UTM-Y: 4181313 Depth: 10 Value: 84.9 Station: CB7.1N
 --- UTM-X: 414166 UTM-Y: 4181313 Depth: 10.5 Value: 84.8 Station: CB7.1N
 --- UTM-X: 414166 UTM-Y: 4181313 Depth: 11 Value: 84.7 Station: CB7.1N
 --- UTM-X: 414166 UTM-Y: 4181313 Depth: 11.5 Value: 84.6 Station: CB7.1N
 --- UTM-X: 414166 UTM-Y: 4181313 Depth: 12 Value: 84.6 Station: CB7.1N
 --- UTM-X: 414166 UTM-Y: 4181313 Depth: 12.5 Value: 84.5 Station: CB7.1N
 --- UTM-X: 414166 UTM-Y: 4181313 Depth: 13 Value: 84.5 Station: CB7.1N
 --- UTM-X: 414166 UTM-Y: 4181313 Depth: 13.5 Value: 84.1 Station: CB7.1N
 --- UTM-X: 414166 UTM-Y: 4181313 Depth: 14 Value: 83.7 Station: CB7.1N
 --- UTM-X: 414166 UTM-Y: 4181313 Depth: 14.5 Value: 83.7 Station: CB7.1N
 --- UTM-X: 414166 UTM-Y: 4181313 Depth: 15 Value: 83.6 Station: CB7.1N
 --- UTM-X: 414166 UTM-Y: 4181313 Depth: 15.5 Value: 83.7 Station: CB7.1N
 --- UTM-X: 414166 UTM-Y: 4181313 Depth: 16 Value: 83.7 Station: CB7.1N
 --- UTM-X: 414166 UTM-Y: 4181313 Depth: 16.5 Value: 83.6 Station: CB7.1N
 --- UTM-X: 414166 UTM-Y: 4181313 Depth: 17 Value: 83.6 Station: CB7.1N
 --- UTM-X: 414166 UTM-Y: 4181313 Depth: 17.5 Value: 83.6 Station: CB7.1N
 --- UTM-X: 414166 UTM-Y: 4181313 Depth: 18 Value: 83.6 Station: CB7.1N
 --- UTM-X: 414166 UTM-Y: 4181313 Depth: 18.5 Value: 83.6 Station: CB7.1N
 --- UTM-X: 414166 UTM-Y: 4181313 Depth: 19 Value: 83.5 Station: CB7.1N
 --- UTM-X: 414166 UTM-Y: 4181313 Depth: 19.5 Value: 83.5 Station: CB7.1N
 --- UTM-X: 414166 UTM-Y: 4181313 Depth: 20 Value: 83.4 Station: CB7.1N
 --- UTM-X: 414166 UTM-Y: 4181313 Depth: 20.5 Value: 83.4 Station: CB7.1N
 --- UTM-X: 414166 UTM-Y: 4181313 Depth: 21 Value: 83.4 Station: CB7.1N
 --- UTM-X: 414166 UTM-Y: 4181313 Depth: 21.5 Value: 83.3 Station: CB7.1N
 --- UTM-X: 414166 UTM-Y: 4181313 Depth: 22 Value: 83.2 Station: CB7.1N
 --- UTM-X: 414166 UTM-Y: 4181313 Depth: 22.5 Value: 83.2 Station: CB7.1N
 --- UTM-X: 414166 UTM-Y: 4181313 Depth: 23 Value: 83.2 Station: CB7.1N
 --- UTM-X: 414166 UTM-Y: 4181313 Depth: 23.5 Value: 83.3 Station: CB7.1N
 --- UTM-X: 414166 UTM-Y: 4181313 Depth: 24 Value: 83.3 Station: CB7.1N
 --- UTM-X: 406584 UTM-Y: 4159881 Depth: 0 Value: 85.7 Station: CB7.1S
 --- UTM-X: 406584 UTM-Y: 4159881 Depth: 0.5 Value: 85.7 Station: CB7.1S
 --- UTM-X: 406584 UTM-Y: 4159881 Depth: 1 Value: 85.7 Station: CB7.1S
 --- UTM-X: 406584 UTM-Y: 4159881 Depth: 1.5 Value: 85.4 Station: CB7.1S
 --- UTM-X: 406584 UTM-Y: 4159881 Depth: 2 Value: 85.1 Station: CB7.1S
 --- UTM-X: 406584 UTM-Y: 4159881 Depth: 2.5 Value: 85.3 Station: CB7.1S
 --- UTM-X: 406584 UTM-Y: 4159881 Depth: 3 Value: 85.5 Station: CB7.1S
 --- UTM-X: 406584 UTM-Y: 4159881 Depth: 3.5 Value: 85.3 Station: CB7.1S
 --- UTM-X: 406584 UTM-Y: 4159881 Depth: 4 Value: 85.1 Station: CB7.1S
 --- UTM-X: 406584 UTM-Y: 4159881 Depth: 4.5 Value: 84.9 Station: CB7.1S
 --- UTM-X: 406584 UTM-Y: 4159881 Depth: 5 Value: 84.8 Station: CB7.1S
 --- UTM-X: 406584 UTM-Y: 4159881 Depth: 5.5 Value: 84.4 Station: CB7.1S
 --- UTM-X: 406584 UTM-Y: 4159881 Depth: 6 Value: 84 Station: CB7.1S
 --- UTM-X: 406584 UTM-Y: 4159881 Depth: 6.5 Value: 82.5 Station: CB7.1S
 --- UTM-X: 406584 UTM-Y: 4159881 Depth: 7 Value: 81 Station: CB7.1S
 --- UTM-X: 406584 UTM-Y: 4159881 Depth: 7.5 Value: 80.9 Station: CB7.1S
 --- UTM-X: 406584 UTM-Y: 4159881 Depth: 8 Value: 80.9 Station: CB7.1S
 --- UTM-X: 406584 UTM-Y: 4159881 Depth: 8.5 Value: 80.9 Station: CB7.1S
 --- UTM-X: 406584 UTM-Y: 4159881 Depth: 9 Value: 80.8 Station: CB7.1S
 --- UTM-X: 406584 UTM-Y: 4159881 Depth: 9.5 Value: 80.8 Station: CB7.1S
 --- UTM-X: 406584 UTM-Y: 4159881 Depth: 10 Value: 80.7 Station: CB7.1S
 --- UTM-X: 406584 UTM-Y: 4159881 Depth: 10.5 Value: 80.2 Station: CB7.1S
 --- UTM-X: 406584 UTM-Y: 4159881 Depth: 11 Value: 79.8 Station: CB7.1S
 --- UTM-X: 406584 UTM-Y: 4159881 Depth: 11.5 Value: 79.8 Station: CB7.1S
 --- UTM-X: 406584 UTM-Y: 4159881 Depth: 12 Value: 79.7 Station: CB7.1S
 --- UTM-X: 406584 UTM-Y: 4159881 Depth: 12.5 Value: 79.8 Station: CB7.1S
 --- UTM-X: 406584 UTM-Y: 4159881 Depth: 13 Value: 79.8 Station: CB7.1S
 --- UTM-X: 406584 UTM-Y: 4159881 Depth: 13.5 Value: 79.8 Station: CB7.1S
 --- UTM-X: 406584 UTM-Y: 4159881 Depth: 14 Value: 79.8 Station: CB7.1S
 --- UTM-X: 406584 UTM-Y: 4159881 Depth: 14.5 Value: 79.8 Station: CB7.1S
 --- UTM-X: 406584 UTM-Y: 4159881 Depth: 15 Value: 79.8 Station: CB7.1S
 --- UTM-X: 406584 UTM-Y: 4159881 Depth: 15.5 Value: 79.8 Station: CB7.1S
 --- UTM-X: 406584 UTM-Y: 4159881 Depth: 16 Value: 79.8 Station: CB7.1S
 --- UTM-X: 404455 UTM-Y: 4141073 Depth: 0 Value: 85.2 Station: CB7.2
 --- UTM-X: 404455 UTM-Y: 4141073 Depth: 0.5 Value: 85.2 Station: CB7.2
 --- UTM-X: 404455 UTM-Y: 4141073 Depth: 1 Value: 85.2 Station: CB7.2
 --- UTM-X: 404455 UTM-Y: 4141073 Depth: 1.5 Value: 85.2 Station: CB7.2
 --- UTM-X: 404455 UTM-Y: 4141073 Depth: 2 Value: 85.2 Station: CB7.2
 --- UTM-X: 404455 UTM-Y: 4141073 Depth: 2.5 Value: 85 Station: CB7.2
 --- UTM-X: 404455 UTM-Y: 4141073 Depth: 3 Value: 84.8 Station: CB7.2
 --- UTM-X: 404455 UTM-Y: 4141073 Depth: 3.5 Value: 84.2 Station: CB7.2
 --- UTM-X: 404455 UTM-Y: 4141073 Depth: 4 Value: 83.5 Station: CB7.2
 --- UTM-X: 404455 UTM-Y: 4141073 Depth: 4.5 Value: 83.7 Station: CB7.2
 --- UTM-X: 404455 UTM-Y: 4141073 Depth: 5 Value: 83.8 Station: CB7.2
 --- UTM-X: 404455 UTM-Y: 4141073 Depth: 5.5 Value: 82.9 Station: CB7.2
 --- UTM-X: 404455 UTM-Y: 4141073 Depth: 6 Value: 82 Station: CB7.2
 --- UTM-X: 404455 UTM-Y: 4141073 Depth: 6.5 Value: 81.1 Station: CB7.2
 --- UTM-X: 404455 UTM-Y: 4141073 Depth: 7 Value: 80.3 Station: CB7.2
 --- UTM-X: 404455 UTM-Y: 4141073 Depth: 7.5 Value: 79.1 Station: CB7.2
 --- UTM-X: 404455 UTM-Y: 4141073 Depth: 8 Value: 77.9 Station: CB7.2
 --- UTM-X: 404455 UTM-Y: 4141073 Depth: 8.5 Value: 77.9 Station: CB7.2
 --- UTM-X: 404455 UTM-Y: 4141073 Depth: 9 Value: 77.8 Station: CB7.2
 --- UTM-X: 404455 UTM-Y: 4141073 Depth: 9.5 Value: 77.8 Station: CB7.2
 --- UTM-X: 404455 UTM-Y: 4141073 Depth: 10 Value: 77.7 Station: CB7.2
 --- UTM-X: 404455 UTM-Y: 4141073 Depth: 10.5 Value: 77.7 Station: CB7.2
 --- UTM-X: 404455 UTM-Y: 4141073 Depth: 11 Value: 77.7 Station: CB7.2
 --- UTM-X: 404455 UTM-Y: 4141073 Depth: 11.5 Value: 77.6 Station: CB7.2
 --- UTM-X: 404455 UTM-Y: 4141073 Depth: 12 Value: 77.5 Station: CB7.2
 --- UTM-X: 404455 UTM-Y: 4141073 Depth: 12.5 Value: 77.5 Station: CB7.2
 --- UTM-X: 404455 UTM-Y: 4141073 Depth: 13 Value: 77.5 Station: CB7.2
 --- UTM-X: 404455 UTM-Y: 4141073 Depth: 13.5 Value: 77.4 Station: CB7.2
 --- UTM-X: 404455 UTM-Y: 4141073 Depth: 14 Value: 77.4 Station: CB7.2
 --- UTM-X: 404455 UTM-Y: 4141073 Depth: 14.5 Value: 77.3 Station: CB7.2
 --- UTM-X: 404455 UTM-Y: 4141073 Depth: 15 Value: 77.2 Station: CB7.2
 --- UTM-X: 404455 UTM-Y: 4141073 Depth: 15.5 Value: 77.1 Station: CB7.2
 --- UTM-X: 404455 UTM-Y: 4141073 Depth: 16 Value: 77 Station: CB7.2
 --- UTM-X: 404455 UTM-Y: 4141073 Depth: 16.5 Value: 76.9 Station: CB7.2
 --- UTM-X: 404455 UTM-Y: 4141073 Depth: 17 Value: 76.9 Station: CB7.2
 --- UTM-X: 404455 UTM-Y: 4141073 Depth: 17.5 Value: 76.7 Station: CB7.2
 --- UTM-X: 404455 UTM-Y: 4141073 Depth: 18 Value: 76.5 Station: CB7.2
 --- UTM-X: 404455 UTM-Y: 4141073 Depth: 18.5 Value: 76.4 Station: CB7.2
 --- UTM-X: 404455 UTM-Y: 4141073 Depth: 19 Value: 76.3 Station: CB7.2
 --- UTM-X: 404455 UTM-Y: 4141073 Depth: 19.5 Value: 76.3 Station: CB7.2
 --- UTM-X: 404455 UTM-Y: 4141073 Depth: 20 Value: 76.2 Station: CB7.2
 --- UTM-X: 404455 UTM-Y: 4141073 Depth: 20.5 Value: 76.2 Station: CB7.2
 --- UTM-X: 404455 UTM-Y: 4141073 Depth: 21 Value: 76.2 Station: CB7.2
 --- UTM-X: 404455 UTM-Y: 4141073 Depth: 21.5 Value: 76.2 Station: CB7.2
 --- UTM-X: 404455 UTM-Y: 4141073 Depth: 22 Value: 76.2 Station: CB7.2
 --- UTM-X: 409322 UTM-Y: 4141018 Depth: 0 Value: 84.4 Station: CB7.2E
 --- UTM-X: 409322 UTM-Y: 4141018 Depth: 0.5 Value: 84.4 Station: CB7.2E
 --- UTM-X: 409322 UTM-Y: 4141018 Depth: 1 Value: 84.4 Station: CB7.2E
 --- UTM-X: 409322 UTM-Y: 4141018 Depth: 1.5 Value: 84.2 Station: CB7.2E
 --- UTM-X: 409322 UTM-Y: 4141018 Depth: 2 Value: 84 Station: CB7.2E
 --- UTM-X: 409322 UTM-Y: 4141018 Depth: 2.5 Value: 83.5 Station: CB7.2E
 --- UTM-X: 409322 UTM-Y: 4141018 Depth: 3 Value: 83 Station: CB7.2E
 --- UTM-X: 409322 UTM-Y: 4141018 Depth: 3.5 Value: 82.8 Station: CB7.2E
 --- UTM-X: 409322 UTM-Y: 4141018 Depth: 4 Value: 82.5 Station: CB7.2E
 --- UTM-X: 409322 UTM-Y: 4141018 Depth: 4.5 Value: 80.9 Station: CB7.2E
 --- UTM-X: 409322 UTM-Y: 4141018 Depth: 5 Value: 79.4 Station: CB7.2E
 --- UTM-X: 409322 UTM-Y: 4141018 Depth: 5.5 Value: 79.3 Station: CB7.2E
 --- UTM-X: 409322 UTM-Y: 4141018 Depth: 6 Value: 79.3 Station: CB7.2E
 --- UTM-X: 409322 UTM-Y: 4141018 Depth: 6.5 Value: 79.2 Station: CB7.2E
 --- UTM-X: 409322 UTM-Y: 4141018 Depth: 7 Value: 79.2 Station: CB7.2E
 --- UTM-X: 409322 UTM-Y: 4141018 Depth: 7.5 Value: 79.2 Station: CB7.2E
 --- UTM-X: 409322 UTM-Y: 4141018 Depth: 8 Value: 79.1 Station: CB7.2E
 --- UTM-X: 409322 UTM-Y: 4141018 Depth: 8.5 Value: 79.1 Station: CB7.2E
 --- UTM-X: 409322 UTM-Y: 4141018 Depth: 9 Value: 79.1 Station: CB7.2E
 --- UTM-X: 409322 UTM-Y: 4141018 Depth: 9.5 Value: 79 Station: CB7.2E
 --- UTM-X: 409322 UTM-Y: 4141018 Depth: 10 Value: 79 Station: CB7.2E
 --- UTM-X: 409322 UTM-Y: 4141018 Depth: 10.5 Value: 79 Station: CB7.2E
 --- UTM-X: 409322 UTM-Y: 4141018 Depth: 11 Value: 79 Station: CB7.2E
 --- UTM-X: 409322 UTM-Y: 4141018 Depth: 11.5 Value: 78.9 Station: CB7.2E
 --- UTM-X: 409322 UTM-Y: 4141018 Depth: 12 Value: 78.9 Station: CB7.2E
 --- UTM-X: 409322 UTM-Y: 4141018 Depth: 12.5 Value: 78.9 Station: CB7.2E
 --- UTM-X: 409322 UTM-Y: 4141018 Depth: 13 Value: 78.9 Station: CB7.2E
 --- UTM-X: 400035 UTM-Y: 4108423 Depth: 0 Value: 82.7 Station: CB7.3
 --- UTM-X: 400035 UTM-Y: 4108423 Depth: 0.5 Value: 82.7 Station: CB7.3
 --- UTM-X: 400035 UTM-Y: 4108423 Depth: 1 Value: 82.7 Station: CB7.3
 --- UTM-X: 400035 UTM-Y: 4108423 Depth: 1.5 Value: 82.7 Station: CB7.3
 --- UTM-X: 400035 UTM-Y: 4108423 Depth: 2 Value: 82.7 Station: CB7.3
 --- UTM-X: 400035 UTM-Y: 4108423 Depth: 2.5 Value: 81.9 Station: CB7.3
 --- UTM-X: 400035 UTM-Y: 4108423 Depth: 3 Value: 81 Station: CB7.3
 --- UTM-X: 400035 UTM-Y: 4108423 Depth: 3.5 Value: 80.5 Station: CB7.3
 --- UTM-X: 400035 UTM-Y: 4108423 Depth: 4 Value: 80 Station: CB7.3
 --- UTM-X: 400035 UTM-Y: 4108423 Depth: 4.5 Value: 78.2 Station: CB7.3
 --- UTM-X: 400035 UTM-Y: 4108423 Depth: 5 Value: 76.5 Station: CB7.3
 --- UTM-X: 400035 UTM-Y: 4108423 Depth: 5.5 Value: 76.4 Station: CB7.3
 --- UTM-X: 400035 UTM-Y: 4108423 Depth: 6 Value: 76.4 Station: CB7.3
 --- UTM-X: 400035 UTM-Y: 4108423 Depth: 6.5 Value: 76.3 Station: CB7.3
 --- UTM-X: 400035 UTM-Y: 4108423 Depth: 7 Value: 76.3 Station: CB7.3
 --- UTM-X: 400035 UTM-Y: 4108423 Depth: 7.5 Value: 76.2 Station: CB7.3
 --- UTM-X: 400035 UTM-Y: 4108423 Depth: 8 Value: 76.1 Station: CB7.3
 --- UTM-X: 400035 UTM-Y: 4108423 Depth: 8.5 Value: 75.2 Station: CB7.3
 --- UTM-X: 400035 UTM-Y: 4108423 Depth: 9 Value: 74.4 Station: CB7.3
 --- UTM-X: 400035 UTM-Y: 4108423 Depth: 9.5 Value: 74.1 Station: CB7.3
 --- UTM-X: 400035 UTM-Y: 4108423 Depth: 10 Value: 73.7 Station: CB7.3
 --- UTM-X: 400035 UTM-Y: 4108423 Depth: 10.5 Value: 72.9 Station: CB7.3
 --- UTM-X: 400035 UTM-Y: 4108423 Depth: 11 Value: 72.1 Station: CB7.3
 --- UTM-X: 400035 UTM-Y: 4108423 Depth: 11.5 Value: 72 Station: CB7.3
 --- UTM-X: 400035 UTM-Y: 4108423 Depth: 12 Value: 72 Station: CB7.3
 --- UTM-X: 400035 UTM-Y: 4108423 Depth: 12.5 Value: 71.9 Station: CB7.3
 --- UTM-X: 400035 UTM-Y: 4108423 Depth: 13 Value: 71.7 Station: CB7.3
 --- UTM-X: 406515 UTM-Y: 4120769 Depth: 0 Value: 83.1 Station: CB7.3E
 --- UTM-X: 406515 UTM-Y: 4120769 Depth: 0.5 Value: 83.1 Station: CB7.3E
 --- UTM-X: 406515 UTM-Y: 4120769 Depth: 1 Value: 83.1 Station: CB7.3E
 --- UTM-X: 406515 UTM-Y: 4120769 Depth: 1.5 Value: 82.9 Station: CB7.3E
 --- UTM-X: 406515 UTM-Y: 4120769 Depth: 2 Value: 82.8 Station: CB7.3E
 --- UTM-X: 406515 UTM-Y: 4120769 Depth: 2.5 Value: 80.8 Station: CB7.3E
 --- UTM-X: 406515 UTM-Y: 4120769 Depth: 3 Value: 78.8 Station: CB7.3E
 --- UTM-X: 406515 UTM-Y: 4120769 Depth: 3.5 Value: 77.6 Station: CB7.3E
 --- UTM-X: 406515 UTM-Y: 4120769 Depth: 4 Value: 76.5 Station: CB7.3E
 --- UTM-X: 406515 UTM-Y: 4120769 Depth: 4.5 Value: 76.4 Station: CB7.3E
 --- UTM-X: 406515 UTM-Y: 4120769 Depth: 5 Value: 76.3 Station: CB7.3E
 --- UTM-X: 406515 UTM-Y: 4120769 Depth: 5.5 Value: 76.2 Station: CB7.3E
 --- UTM-X: 406515 UTM-Y: 4120769 Depth: 6 Value: 76 Station: CB7.3E
 --- UTM-X: 406515 UTM-Y: 4120769 Depth: 6.5 Value: 76 Station: CB7.3E
 --- UTM-X: 406515 UTM-Y: 4120769 Depth: 7 Value: 75.9 Station: CB7.3E
 --- UTM-X: 406515 UTM-Y: 4120769 Depth: 7.5 Value: 75.7 Station: CB7.3E
 --- UTM-X: 406515 UTM-Y: 4120769 Depth: 8 Value: 75.4 Station: CB7.3E
 --- UTM-X: 406515 UTM-Y: 4120769 Depth: 8.5 Value: 75.4 Station: CB7.3E
 --- UTM-X: 406515 UTM-Y: 4120769 Depth: 9 Value: 75.4 Station: CB7.3E
 --- UTM-X: 406515 UTM-Y: 4120769 Depth: 9.5 Value: 75.4 Station: CB7.3E
 --- UTM-X: 406515 UTM-Y: 4120769 Depth: 10 Value: 75.4 Station: CB7.3E
 --- UTM-X: 406515 UTM-Y: 4120769 Depth: 10.5 Value: 75.4 Station: CB7.3E
 --- UTM-X: 406515 UTM-Y: 4120769 Depth: 11 Value: 75.4 Station: CB7.3E
 --- UTM-X: 406515 UTM-Y: 4120769 Depth: 11.5 Value: 75.4 Station: CB7.3E
 --- UTM-X: 406515 UTM-Y: 4120769 Depth: 12 Value: 75.3 Station: CB7.3E
 --- UTM-X: 406515 UTM-Y: 4120769 Depth: 12.5 Value: 75.3 Station: CB7.3E
 --- UTM-X: 406515 UTM-Y: 4120769 Depth: 13 Value: 75.3 Station: CB7.3E
 --- UTM-X: 406515 UTM-Y: 4120769 Depth: 13.5 Value: 75.3 Station: CB7.3E
 --- UTM-X: 406515 UTM-Y: 4120769 Depth: 14 Value: 75.3 Station: CB7.3E
 --- UTM-X: 406515 UTM-Y: 4120769 Depth: 14.5 Value: 75.2 Station: CB7.3E
 --- UTM-X: 406515 UTM-Y: 4120769 Depth: 15 Value: 75.1 Station: CB7.3E
 --- UTM-X: 406515 UTM-Y: 4120769 Depth: 15.5 Value: 75 Station: CB7.3E
 --- UTM-X: 406515 UTM-Y: 4120769 Depth: 16 Value: 74.9 Station: CB7.3E
 --- UTM-X: 406515 UTM-Y: 4120769 Depth: 16.5 Value: 74.9 Station: CB7.3E
 --- UTM-X: 406515 UTM-Y: 4120769 Depth: 17 Value: 74.8 Station: CB7.3E
 --- UTM-X: 406515 UTM-Y: 4120769 Depth: 17.5 Value: 74.8 Station: CB7.3E
 --- UTM-X: 406515 UTM-Y: 4120769 Depth: 18 Value: 74.8 Station: CB7.3E
 --- UTM-X: 409195 UTM-Y: 4094882 Depth: 0 Value: 81.4 Station: CB7.4
 --- UTM-X: 409195 UTM-Y: 4094882 Depth: 0.5 Value: 81.4 Station: CB7.4
 --- UTM-X: 409195 UTM-Y: 4094882 Depth: 1 Value: 81.4 Station: CB7.4
 --- UTM-X: 409195 UTM-Y: 4094882 Depth: 1.5 Value: 80.7 Station: CB7.4
 --- UTM-X: 409195 UTM-Y: 4094882 Depth: 2 Value: 79.9 Station: CB7.4
 --- UTM-X: 409195 UTM-Y: 4094882 Depth: 2.5 Value: 80 Station: CB7.4
 --- UTM-X: 409195 UTM-Y: 4094882 Depth: 3 Value: 80 Station: CB7.4
 --- UTM-X: 409195 UTM-Y: 4094882 Depth: 3.5 Value: 79.5 Station: CB7.4
 --- UTM-X: 409195 UTM-Y: 4094882 Depth: 4 Value: 79.1 Station: CB7.4
 --- UTM-X: 409195 UTM-Y: 4094882 Depth: 4.5 Value: 77.7 Station: CB7.4
 --- UTM-X: 409195 UTM-Y: 4094882 Depth: 5 Value: 76.3 Station: CB7.4
 --- UTM-X: 409195 UTM-Y: 4094882 Depth: 5.5 Value: 75.8 Station: CB7.4
 --- UTM-X: 409195 UTM-Y: 4094882 Depth: 6 Value: 75.2 Station: CB7.4
 --- UTM-X: 409195 UTM-Y: 4094882 Depth: 6.5 Value: 74.9 Station: CB7.4
 --- UTM-X: 409195 UTM-Y: 4094882 Depth: 7 Value: 74.7 Station: CB7.4
 --- UTM-X: 409195 UTM-Y: 4094882 Depth: 7.5 Value: 74.1 Station: CB7.4
 --- UTM-X: 409195 UTM-Y: 4094882 Depth: 8 Value: 73.6 Station: CB7.4
 --- UTM-X: 409195 UTM-Y: 4094882 Depth: 8.5 Value: 73 Station: CB7.4
 --- UTM-X: 409195 UTM-Y: 4094882 Depth: 9 Value: 72.3 Station: CB7.4
 --- UTM-X: 409195 UTM-Y: 4094882 Depth: 9.5 Value: 72.2 Station: CB7.4
 --- UTM-X: 409195 UTM-Y: 4094882 Depth: 10 Value: 72.1 Station: CB7.4
 --- UTM-X: 409195 UTM-Y: 4094882 Depth: 10.5 Value: 71.7 Station: CB7.4
 --- UTM-X: 409195 UTM-Y: 4094882 Depth: 11 Value: 71.3 Station: CB7.4
 --- UTM-X: 409195 UTM-Y: 4094882 Depth: 11.5 Value: 70.8 Station: CB7.4
 --- UTM-X: 409195 UTM-Y: 4094882 Depth: 12 Value: 70.2 Station: CB7.4
 --- UTM-X: 409195 UTM-Y: 4094882 Depth: 12.5 Value: 69.9 Station: CB7.4
 --- UTM-X: 409195 UTM-Y: 4094882 Depth: 13 Value: 69.5 Station: CB7.4
 --- UTM-X: 411151 UTM-Y: 4102258 Depth: 0 Value: 79.9 Station: CB7.4N
 --- UTM-X: 411151 UTM-Y: 4102258 Depth: 0.5 Value: 79.9 Station: CB7.4N
 --- UTM-X: 411151 UTM-Y: 4102258 Depth: 1 Value: 79.9 Station: CB7.4N
 --- UTM-X: 411151 UTM-Y: 4102258 Depth: 1.5 Value: 79.9 Station: CB7.4N
 --- UTM-X: 411151 UTM-Y: 4102258 Depth: 2 Value: 79.9 Station: CB7.4N
 --- UTM-X: 411151 UTM-Y: 4102258 Depth: 2.5 Value: 79.8 Station: CB7.4N
 --- UTM-X: 411151 UTM-Y: 4102258 Depth: 3 Value: 79.7 Station: CB7.4N
 --- UTM-X: 411151 UTM-Y: 4102258 Depth: 3.5 Value: 79.7 Station: CB7.4N
 --- UTM-X: 411151 UTM-Y: 4102258 Depth: 4 Value: 79.6 Station: CB7.4N
 --- UTM-X: 411151 UTM-Y: 4102258 Depth: 4.5 Value: 79.5 Station: CB7.4N
 --- UTM-X: 411151 UTM-Y: 4102258 Depth: 5 Value: 79.3 Station: CB7.4N
 --- UTM-X: 411151 UTM-Y: 4102258 Depth: 5.5 Value: 79.3 Station: CB7.4N
 --- UTM-X: 411151 UTM-Y: 4102258 Depth: 6 Value: 79.3 Station: CB7.4N
 --- UTM-X: 411151 UTM-Y: 4102258 Depth: 6.5 Value: 79.2 Station: CB7.4N
 --- UTM-X: 411151 UTM-Y: 4102258 Depth: 7 Value: 79.2 Station: CB7.4N
 --- UTM-X: 411151 UTM-Y: 4102258 Depth: 7.5 Value: 79.1 Station: CB7.4N
 --- UTM-X: 411151 UTM-Y: 4102258 Depth: 8 Value: 79.1 Station: CB7.4N
 --- UTM-X: 411151 UTM-Y: 4102258 Depth: 8.5 Value: 79 Station: CB7.4N
 --- UTM-X: 411151 UTM-Y: 4102258 Depth: 9 Value: 78.9 Station: CB7.4N
 --- UTM-X: 396093 UTM-Y: 4095002 Depth: 0 Value: 81.5 Station: CB8.1
 --- UTM-X: 396093 UTM-Y: 4095002 Depth: 0.5 Value: 81.5 Station: CB8.1
 --- UTM-X: 396093 UTM-Y: 4095002 Depth: 1 Value: 81.5 Station: CB8.1
 --- UTM-X: 396093 UTM-Y: 4095002 Depth: 1.5 Value: 80.9 Station: CB8.1
 --- UTM-X: 396093 UTM-Y: 4095002 Depth: 2 Value: 80.2 Station: CB8.1
 --- UTM-X: 396093 UTM-Y: 4095002 Depth: 2.5 Value: 79.6 Station: CB8.1
 --- UTM-X: 396093 UTM-Y: 4095002 Depth: 3 Value: 79 Station: CB8.1
 --- UTM-X: 396093 UTM-Y: 4095002 Depth: 3.5 Value: 78.6 Station: CB8.1
 --- UTM-X: 396093 UTM-Y: 4095002 Depth: 4 Value: 78.2 Station: CB8.1
 --- UTM-X: 396093 UTM-Y: 4095002 Depth: 4.5 Value: 76.4 Station: CB8.1
 --- UTM-X: 396093 UTM-Y: 4095002 Depth: 5 Value: 74.6 Station: CB8.1
 --- UTM-X: 396093 UTM-Y: 4095002 Depth: 5.5 Value: 74.4 Station: CB8.1
 --- UTM-X: 396093 UTM-Y: 4095002 Depth: 6 Value: 74.1 Station: CB8.1
 --- UTM-X: 396093 UTM-Y: 4095002 Depth: 6.5 Value: 74 Station: CB8.1
 --- UTM-X: 396093 UTM-Y: 4095002 Depth: 7 Value: 73.9 Station: CB8.1
 --- UTM-X: 396093 UTM-Y: 4095002 Depth: 7.5 Value: 72.2 Station: CB8.1
 --- UTM-X: 396093 UTM-Y: 4095002 Depth: 8 Value: 70.4 Station: CB8.1
 --- UTM-X: 407851 UTM-Y: 4089534 Depth: 0 Value: 81.2 Station: CB8.1E
 --- UTM-X: 407851 UTM-Y: 4089534 Depth: 0.5 Value: 81.2 Station: CB8.1E
 --- UTM-X: 407851 UTM-Y: 4089534 Depth: 1 Value: 81.2 Station: CB8.1E
 --- UTM-X: 407851 UTM-Y: 4089534 Depth: 1.5 Value: 81 Station: CB8.1E
 --- UTM-X: 407851 UTM-Y: 4089534 Depth: 2 Value: 80.8 Station: CB8.1E
 --- UTM-X: 407851 UTM-Y: 4089534 Depth: 2.5 Value: 80.7 Station: CB8.1E
 --- UTM-X: 407851 UTM-Y: 4089534 Depth: 3 Value: 80.5 Station: CB8.1E
 --- UTM-X: 407851 UTM-Y: 4089534 Depth: 3.5 Value: 80.4 Station: CB8.1E
 --- UTM-X: 407851 UTM-Y: 4089534 Depth: 4 Value: 80.3 Station: CB8.1E
 --- UTM-X: 407851 UTM-Y: 4089534 Depth: 4.5 Value: 80.1 Station: CB8.1E
 --- UTM-X: 407851 UTM-Y: 4089534 Depth: 5 Value: 79.8 Station: CB8.1E
 --- UTM-X: 407851 UTM-Y: 4089534 Depth: 5.5 Value: 79.5 Station: CB8.1E
 --- UTM-X: 407851 UTM-Y: 4089534 Depth: 6 Value: 79.1 Station: CB8.1E
 --- UTM-X: 407851 UTM-Y: 4089534 Depth: 6.5 Value: 78.9 Station: CB8.1E
 --- UTM-X: 407851 UTM-Y: 4089534 Depth: 7 Value: 78.6 Station: CB8.1E
 --- UTM-X: 407851 UTM-Y: 4089534 Depth: 7.5 Value: 78.1 Station: CB8.1E
 --- UTM-X: 407851 UTM-Y: 4089534 Depth: 8 Value: 77.7 Station: CB8.1E
 --- UTM-X: 407851 UTM-Y: 4089534 Depth: 8.5 Value: 77.6 Station: CB8.1E
 --- UTM-X: 407851 UTM-Y: 4089534 Depth: 9 Value: 77.6 Station: CB8.1E
 --- UTM-X: 407851 UTM-Y: 4089534 Depth: 9.5 Value: 77.3 Station: CB8.1E
 --- UTM-X: 407851 UTM-Y: 4089534 Depth: 10 Value: 77 Station: CB8.1E
 --- UTM-X: 407851 UTM-Y: 4089534 Depth: 10.5 Value: 75.9 Station: CB8.1E
 --- UTM-X: 407851 UTM-Y: 4089534 Depth: 11 Value: 74.9 Station: CB8.1E
 --- UTM-X: 407851 UTM-Y: 4089534 Depth: 11.5 Value: 74.5 Station: CB8.1E
 --- UTM-X: 407851 UTM-Y: 4089534 Depth: 12 Value: 74.2 Station: CB8.1E
 --- UTM-X: 407851 UTM-Y: 4089534 Depth: 12.5 Value: 71.9 Station: CB8.1E
 --- UTM-X: 407851 UTM-Y: 4089534 Depth: 13 Value: 69.5 Station: CB8.1E
 --- UTM-X: 430437 UTM-Y: 4195954 Depth: 0 Value: 86.4 Station: EE3.4
 --- UTM-X: 430437 UTM-Y: 4195954 Depth: 0.5 Value: 86.4 Station: EE3.4
 --- UTM-X: 430437 UTM-Y: 4195954 Depth: 1 Value: 86.4 Station: EE3.4
 --- UTM-X: 430437 UTM-Y: 4195954 Depth: 1.5 Value: 86.6 Station: EE3.4
 --- UTM-X: 430437 UTM-Y: 4195954 Depth: 2 Value: 86.7 Station: EE3.4
 --- UTM-X: 430437 UTM-Y: 4195954 Depth: 2.5 Value: 86.6 Station: EE3.4
 --- UTM-X: 430437 UTM-Y: 4195954 Depth: 3 Value: 86.5 Station: EE3.4
 --- UTM-X: 425661 UTM-Y: 4183574 Depth: 0 Value: 86.5 Station: EE3.5
 --- UTM-X: 425661 UTM-Y: 4183574 Depth: 0.5 Value: 86.5 Station: EE3.5
 --- UTM-X: 425661 UTM-Y: 4183574 Depth: 1 Value: 86.5 Station: EE3.5
 --- UTM-X: 425661 UTM-Y: 4183574 Depth: 1.5 Value: 85.7 Station: EE3.5
 --- UTM-X: 425661 UTM-Y: 4183574 Depth: 2 Value: 84.9 Station: EE3.5
 --- UTM-X: 425661 UTM-Y: 4183574 Depth: 2.5 Value: 84.8 Station: EE3.5
 --- UTM-X: 425661 UTM-Y: 4183574 Depth: 3 Value: 84.8 Station: EE3.5
 --- UTM-X: 425661 UTM-Y: 4183574 Depth: 3.5 Value: 84.8 Station: EE3.5
 --- UTM-X: 425661 UTM-Y: 4183574 Depth: 4 Value: 84.8 Station: EE3.5
 --- UTM-X: 425661 UTM-Y: 4183574 Depth: 4.5 Value: 84.8 Station: EE3.5
 --- UTM-X: 425661 UTM-Y: 4183574 Depth: 5 Value: 84.8 Station: EE3.5
 --- UTM-X: 425661 UTM-Y: 4183574 Depth: 5.5 Value: 84.8 Station: EE3.5
 --- UTM-X: 425661 UTM-Y: 4183574 Depth: 6 Value: 84.8 Station: EE3.5
 --- UTM-X: 425661 UTM-Y: 4183574 Depth: 6.5 Value: 84.6 Station: EE3.5
 --- UTM-X: 425661 UTM-Y: 4183574 Depth: 7 Value: 84.5 Station: EE3.5
 --- UTM-X: 425661 UTM-Y: 4183574 Depth: 7.5 Value: 84.4 Station: EE3.5
 --- UTM-X: 425661 UTM-Y: 4183574 Depth: 8 Value: 84.3 Station: EE3.5
 --- UTM-X: 425661 UTM-Y: 4183574 Depth: 8.5 Value: 84.2 Station: EE3.5
 --- UTM-X: 425661 UTM-Y: 4183574 Depth: 9 Value: 84.1 Station: EE3.5
 --- UTM-X: 425661 UTM-Y: 4183574 Depth: 9.5 Value: 84 Station: EE3.5
 --- UTM-X: 425661 UTM-Y: 4183574 Depth: 10 Value: 83.9 Station: EE3.5
 --- UTM-X: 425661 UTM-Y: 4183574 Depth: 10.5 Value: 83.9 Station: EE3.5
 --- UTM-X: 425661 UTM-Y: 4183574 Depth: 11 Value: 83.9 Station: EE3.5
 --- UTM-X: 425661 UTM-Y: 4183574 Depth: 11.5 Value: 83.7 Station: EE3.5
 --- UTM-X: 425661 UTM-Y: 4183574 Depth: 12 Value: 83.4 Station: EE3.5
 --- UTM-X: 425661 UTM-Y: 4183574 Depth: 12.5 Value: 83.8 Station: EE3.5
 --- UTM-X: 425661 UTM-Y: 4183574 Depth: 13 Value: 84.2 Station: EE3.5
 --- UTM-X: 425661 UTM-Y: 4183574 Depth: 13.5 Value: 84.2 Station: EE3.5
 --- UTM-X: 425661 UTM-Y: 4183574 Depth: 14 Value: 84.3 Station: EE3.5
 --- UTM-X: 425661 UTM-Y: 4183574 Depth: 14.5 Value: 84.2 Station: EE3.5
 --- UTM-X: 425661 UTM-Y: 4183574 Depth: 15 Value: 84.1 Station: EE3.5
 --- UTM-X: 425661 UTM-Y: 4183574 Depth: 15.5 Value: 83.8 Station: EE3.5
 --- UTM-X: 425661 UTM-Y: 4183574 Depth: 16 Value: 83.5 Station: EE3.5
 --- UTM-X: 425661 UTM-Y: 4183574 Depth: 16.5 Value: 83.4 Station: EE3.5
 --- UTM-X: 425661 UTM-Y: 4183574 Depth: 17 Value: 83.3 Station: EE3.5
 --- UTM-X: 425661 UTM-Y: 4183574 Depth: 17.5 Value: 83.2 Station: EE3.5
 --- UTM-X: 425661 UTM-Y: 4183574 Depth: 18 Value: 83.1 Station: EE3.5
 --- UTM-X: 425661 UTM-Y: 4183574 Depth: 18.5 Value: 83.1 Station: EE3.5
 --- UTM-X: 425661 UTM-Y: 4183574 Depth: 19 Value: 83.1 Station: EE3.5
 --- UTM-X: 425661 UTM-Y: 4183574 Depth: 19.5 Value: 83 Station: EE3.5
 --- UTM-X: 425661 UTM-Y: 4183574 Depth: 20 Value: 83 Station: EE3.5
 --- UTM-X: 425661 UTM-Y: 4183574 Depth: 20.5 Value: 83.2 Station: EE3.5
 --- UTM-X: 425661 UTM-Y: 4183574 Depth: 21 Value: 83.5 Station: EE3.5
 --- UTM-X: 425661 UTM-Y: 4183574 Depth: 21.5 Value: 83.4 Station: EE3.5
 --- UTM-X: 425661 UTM-Y: 4183574 Depth: 22 Value: 83.3 Station: EE3.5
 --- UTM-X: 425661 UTM-Y: 4183574 Depth: 22.5 Value: 83 Station: EE3.5
 --- UTM-X: 425661 UTM-Y: 4183574 Depth: 23 Value: 82.6 Station: EE3.5
 --- UTM-X: 425661 UTM-Y: 4183574 Depth: 23.5 Value: 82.4 Station: EE3.5
 --- UTM-X: 425661 UTM-Y: 4183574 Depth: 24 Value: 82.1 Station: EE3.5
 --- UTM-X: 425661 UTM-Y: 4183574 Depth: 24.5 Value: 82.1 Station: EE3.5
 --- UTM-X: 425661 UTM-Y: 4183574 Depth: 25 Value: 82.1 Station: EE3.5
 --- UTM-X: 386593 UTM-Y: 4161856 Depth: 0 Value: 84.6 Station: LE3.6
 --- UTM-X: 386593 UTM-Y: 4161856 Depth: 0.5 Value: 84.6 Station: LE3.6
 --- UTM-X: 386593 UTM-Y: 4161856 Depth: 1 Value: 84.6 Station: LE3.6
 --- UTM-X: 386593 UTM-Y: 4161856 Depth: 1.5 Value: 84.5 Station: LE3.6
 --- UTM-X: 386593 UTM-Y: 4161856 Depth: 2 Value: 84.5 Station: LE3.6
 --- UTM-X: 386593 UTM-Y: 4161856 Depth: 2.5 Value: 84.5 Station: LE3.6
 --- UTM-X: 386593 UTM-Y: 4161856 Depth: 3 Value: 84.5 Station: LE3.6
 --- UTM-X: 386593 UTM-Y: 4161856 Depth: 3.5 Value: 84.4 Station: LE3.6
 --- UTM-X: 386593 UTM-Y: 4161856 Depth: 4 Value: 84.3 Station: LE3.6
 --- UTM-X: 386593 UTM-Y: 4161856 Depth: 4.5 Value: 84.3 Station: LE3.6
 --- UTM-X: 386593 UTM-Y: 4161856 Depth: 5 Value: 84.3 Station: LE3.6
 --- UTM-X: 386593 UTM-Y: 4161856 Depth: 5.5 Value: 84.2 Station: LE3.6
 --- UTM-X: 386593 UTM-Y: 4161856 Depth: 6 Value: 84 Station: LE3.6
 --- UTM-X: 386593 UTM-Y: 4161856 Depth: 6.5 Value: 83.8 Station: LE3.6
 --- UTM-X: 386593 UTM-Y: 4161856 Depth: 7 Value: 83.5 Station: LE3.6
 --- UTM-X: 386593 UTM-Y: 4161856 Depth: 7.5 Value: 83.3 Station: LE3.6
 --- UTM-X: 386593 UTM-Y: 4161856 Depth: 8 Value: 83.2 Station: LE3.6
 --- UTM-X: 384553 UTM-Y: 4154548 Depth: 0 Value: 85 Station: LE3.7
 --- UTM-X: 384553 UTM-Y: 4154548 Depth: 0.5 Value: 85 Station: LE3.7
 --- UTM-X: 384553 UTM-Y: 4154548 Depth: 1 Value: 85 Station: LE3.7
 --- UTM-X: 384553 UTM-Y: 4154548 Depth: 1.5 Value: 84.8 Station: LE3.7
 --- UTM-X: 384553 UTM-Y: 4154548 Depth: 2 Value: 84.6 Station: LE3.7
 --- UTM-X: 384553 UTM-Y: 4154548 Depth: 2.5 Value: 84.5 Station: LE3.7
 --- UTM-X: 384553 UTM-Y: 4154548 Depth: 3 Value: 84.5 Station: LE3.7
 --- UTM-X: 384553 UTM-Y: 4154548 Depth: 3.5 Value: 84.4 Station: LE3.7
 --- UTM-X: 384553 UTM-Y: 4154548 Depth: 4 Value: 84.3 Station: LE3.7
 --- UTM-X: 384553 UTM-Y: 4154548 Depth: 4.5 Value: 84.3 Station: LE3.7
 --- UTM-X: 384553 UTM-Y: 4154548 Depth: 5 Value: 84.2 Station: LE3.7
 --- UTM-X: 383146 UTM-Y: 4095571 Depth: 0 Value: 83.3 Station: LE5.5-W
 --- UTM-X: 383146 UTM-Y: 4095571 Depth: 0.5 Value: 83.3 Station: LE5.5-W
 --- UTM-X: 383146 UTM-Y: 4095571 Depth: 1 Value: 83.3 Station: LE5.5-W
 --- UTM-X: 383146 UTM-Y: 4095571 Depth: 1.5 Value: 82.9 Station: LE5.5-W
 --- UTM-X: 383146 UTM-Y: 4095571 Depth: 2 Value: 82.6 Station: LE5.5-W
 --- UTM-X: 383146 UTM-Y: 4095571 Depth: 2.5 Value: 82.4 Station: LE5.5-W
 --- UTM-X: 383146 UTM-Y: 4095571 Depth: 3 Value: 82.2 Station: LE5.5-W
 --- UTM-X: 383146 UTM-Y: 4095571 Depth: 3.5 Value: 82.1 Station: LE5.5-W
 --- UTM-X: 383146 UTM-Y: 4095571 Depth: 4 Value: 81.9 Station: LE5.5-W
 --- UTM-X: 383146 UTM-Y: 4095571 Depth: 4.5 Value: 81.8 Station: LE5.5-W
 --- UTM-X: 383146 UTM-Y: 4095571 Depth: 5 Value: 81.7 Station: LE5.5-W
 --- UTM-X: 383146 UTM-Y: 4095571 Depth: 5.5 Value: 81.5 Station: LE5.5-W
 --- UTM-X: 383146 UTM-Y: 4095571 Depth: 6 Value: 81.3 Station: LE5.5-W
 --- UTM-X: 383146 UTM-Y: 4095571 Depth: 6.5 Value: 81.1 Station: LE5.5-W
 --- UTM-X: 383146 UTM-Y: 4095571 Depth: 7 Value: 80.9 Station: LE5.5-W
 --- UTM-X: 383146 UTM-Y: 4095571 Depth: 7.5 Value: 80.9 Station: LE5.5-W
 --- UTM-X: 383146 UTM-Y: 4095571 Depth: 8 Value: 80.8 Station: LE5.5-W
 --- UTM-X: 383146 UTM-Y: 4095571 Depth: 8.5 Value: 80.6 Station: LE5.5-W
 --- UTM-X: 383146 UTM-Y: 4095571 Depth: 9 Value: 80.4 Station: LE5.5-W
 --- UTM-X: 383146 UTM-Y: 4095571 Depth: 9.5 Value: 80.4 Station: LE5.5-W
 --- UTM-X: 383146 UTM-Y: 4095571 Depth: 10 Value: 80.4 Station: LE5.5-W
 --- UTM-X: 383146 UTM-Y: 4095571 Depth: 10.5 Value: 80.4 Station: LE5.5-W
 --- UTM-X: 383146 UTM-Y: 4095571 Depth: 11 Value: 80.4 Station: LE5.5-W
 --- UTM-X: 383146 UTM-Y: 4095571 Depth: 11.5 Value: 80.1 Station: LE5.5-W
 --- UTM-X: 383146 UTM-Y: 4095571 Depth: 12 Value: 79.7 Station: LE5.5-W
 --- UTM-X: 385118 UTM-Y: 4107873 Depth: 0 Value: 84.5 Station: WE4.4
 --- UTM-X: 385118 UTM-Y: 4107873 Depth: 0.5 Value: 84.5 Station: WE4.4
 --- UTM-X: 385118 UTM-Y: 4107873 Depth: 1 Value: 84.5 Station: WE4.4
 --- UTM-X: 385118 UTM-Y: 4107873 Depth: 1.5 Value: 84.5 Station: WE4.4
 --- UTM-X: 385118 UTM-Y: 4107873 Depth: 2 Value: 84.6 Station: WE4.4
 --- UTM-X: 385118 UTM-Y: 4107873 Depth: 2.5 Value: 84.5 Station: WE4.4
 --- UTM-X: 385118 UTM-Y: 4107873 Depth: 3 Value: 84.4 Station: WE4.4
 --- UTM-X: 385118 UTM-Y: 4107873 Depth: 3.5 Value: 84.2 Station: WE4.4
 --- UTM-X: 385118 UTM-Y: 4107873 Depth: 4 Value: 84 Station: WE4.4
 --- UTM-X: 385118 UTM-Y: 4107873 Depth: 4.5 Value: 83.7 Station: WE4.4
 --- UTM-X: 385118 UTM-Y: 4107873 Depth: 5 Value: 83.4 Station: WE4.4
 --- UTM-X: 385118 UTM-Y: 4107873 Depth: 5.5 Value: 83.3 Station: WE4.4
 --- UTM-X: 385118 UTM-Y: 4107873 Depth: 6 Value: 83.3 Station: WE4.4
 --- 13523 cells were interpolated in region CB7PH.  Subtotal: 48667 total cells.
 ---- Region was calculated in 1 seconds. Segment volume (m^3) = 13523000000
 
 - Bathymetry Region ID: 1008  Region Name: CB8PH  Data Points: 218 in data region 1008
 -- Cell Size  E-W: 1000  N-S: 1000  Vertical: 1
 --- Data in Region ---
 --- UTM-X: 392849 UTM-Y: 4121795 Depth: 0 Value: 83.8 Station: CB6.4
 --- UTM-X: 392849 UTM-Y: 4121795 Depth: 0.5 Value: 83.8 Station: CB6.4
 --- UTM-X: 392849 UTM-Y: 4121795 Depth: 1 Value: 83.8 Station: CB6.4
 --- UTM-X: 392849 UTM-Y: 4121795 Depth: 1.5 Value: 83.7 Station: CB6.4
 --- UTM-X: 392849 UTM-Y: 4121795 Depth: 2 Value: 83.5 Station: CB6.4
 --- UTM-X: 392849 UTM-Y: 4121795 Depth: 2.5 Value: 83.4 Station: CB6.4
 --- UTM-X: 392849 UTM-Y: 4121795 Depth: 3 Value: 83.4 Station: CB6.4
 --- UTM-X: 392849 UTM-Y: 4121795 Depth: 3.5 Value: 83.6 Station: CB6.4
 --- UTM-X: 392849 UTM-Y: 4121795 Depth: 4 Value: 83.9 Station: CB6.4
 --- UTM-X: 392849 UTM-Y: 4121795 Depth: 4.5 Value: 83.9 Station: CB6.4
 --- UTM-X: 392849 UTM-Y: 4121795 Depth: 5 Value: 83.9 Station: CB6.4
 --- UTM-X: 392849 UTM-Y: 4121795 Depth: 5.5 Value: 83.7 Station: CB6.4
 --- UTM-X: 392849 UTM-Y: 4121795 Depth: 6 Value: 83.5 Station: CB6.4
 --- UTM-X: 392849 UTM-Y: 4121795 Depth: 6.5 Value: 83.1 Station: CB6.4
 --- UTM-X: 392849 UTM-Y: 4121795 Depth: 7 Value: 82.7 Station: CB6.4
 --- UTM-X: 392849 UTM-Y: 4121795 Depth: 7.5 Value: 81.9 Station: CB6.4
 --- UTM-X: 392849 UTM-Y: 4121795 Depth: 8 Value: 81.1 Station: CB6.4
 --- UTM-X: 400035 UTM-Y: 4108423 Depth: 0 Value: 82.7 Station: CB7.3
 --- UTM-X: 400035 UTM-Y: 4108423 Depth: 0.5 Value: 82.7 Station: CB7.3
 --- UTM-X: 400035 UTM-Y: 4108423 Depth: 1 Value: 82.7 Station: CB7.3
 --- UTM-X: 400035 UTM-Y: 4108423 Depth: 1.5 Value: 82.7 Station: CB7.3
 --- UTM-X: 400035 UTM-Y: 4108423 Depth: 2 Value: 82.7 Station: CB7.3
 --- UTM-X: 400035 UTM-Y: 4108423 Depth: 2.5 Value: 81.9 Station: CB7.3
 --- UTM-X: 400035 UTM-Y: 4108423 Depth: 3 Value: 81 Station: CB7.3
 --- UTM-X: 400035 UTM-Y: 4108423 Depth: 3.5 Value: 80.5 Station: CB7.3
 --- UTM-X: 400035 UTM-Y: 4108423 Depth: 4 Value: 80 Station: CB7.3
 --- UTM-X: 400035 UTM-Y: 4108423 Depth: 4.5 Value: 78.2 Station: CB7.3
 --- UTM-X: 400035 UTM-Y: 4108423 Depth: 5 Value: 76.5 Station: CB7.3
 --- UTM-X: 400035 UTM-Y: 4108423 Depth: 5.5 Value: 76.4 Station: CB7.3
 --- UTM-X: 400035 UTM-Y: 4108423 Depth: 6 Value: 76.4 Station: CB7.3
 --- UTM-X: 400035 UTM-Y: 4108423 Depth: 6.5 Value: 76.3 Station: CB7.3
 --- UTM-X: 400035 UTM-Y: 4108423 Depth: 7 Value: 76.3 Station: CB7.3
 --- UTM-X: 400035 UTM-Y: 4108423 Depth: 7.5 Value: 76.2 Station: CB7.3
 --- UTM-X: 400035 UTM-Y: 4108423 Depth: 8 Value: 76.1 Station: CB7.3
 --- UTM-X: 400035 UTM-Y: 4108423 Depth: 8.5 Value: 75.2 Station: CB7.3
 --- UTM-X: 400035 UTM-Y: 4108423 Depth: 9 Value: 74.4 Station: CB7.3
 --- UTM-X: 400035 UTM-Y: 4108423 Depth: 9.5 Value: 74.1 Station: CB7.3
 --- UTM-X: 400035 UTM-Y: 4108423 Depth: 10 Value: 73.7 Station: CB7.3
 --- UTM-X: 400035 UTM-Y: 4108423 Depth: 10.5 Value: 72.9 Station: CB7.3
 --- UTM-X: 400035 UTM-Y: 4108423 Depth: 11 Value: 72.1 Station: CB7.3
 --- UTM-X: 400035 UTM-Y: 4108423 Depth: 11.5 Value: 72 Station: CB7.3
 --- UTM-X: 400035 UTM-Y: 4108423 Depth: 12 Value: 72 Station: CB7.3
 --- UTM-X: 400035 UTM-Y: 4108423 Depth: 12.5 Value: 71.9 Station: CB7.3
 --- UTM-X: 400035 UTM-Y: 4108423 Depth: 13 Value: 71.7 Station: CB7.3
 --- UTM-X: 406515 UTM-Y: 4120769 Depth: 0 Value: 83.1 Station: CB7.3E
 --- UTM-X: 406515 UTM-Y: 4120769 Depth: 0.5 Value: 83.1 Station: CB7.3E
 --- UTM-X: 406515 UTM-Y: 4120769 Depth: 1 Value: 83.1 Station: CB7.3E
 --- UTM-X: 406515 UTM-Y: 4120769 Depth: 1.5 Value: 82.9 Station: CB7.3E
 --- UTM-X: 406515 UTM-Y: 4120769 Depth: 2 Value: 82.8 Station: CB7.3E
 --- UTM-X: 406515 UTM-Y: 4120769 Depth: 2.5 Value: 80.8 Station: CB7.3E
 --- UTM-X: 406515 UTM-Y: 4120769 Depth: 3 Value: 78.8 Station: CB7.3E
 --- UTM-X: 406515 UTM-Y: 4120769 Depth: 3.5 Value: 77.6 Station: CB7.3E
 --- UTM-X: 406515 UTM-Y: 4120769 Depth: 4 Value: 76.5 Station: CB7.3E
 --- UTM-X: 406515 UTM-Y: 4120769 Depth: 4.5 Value: 76.4 Station: CB7.3E
 --- UTM-X: 406515 UTM-Y: 4120769 Depth: 5 Value: 76.3 Station: CB7.3E
 --- UTM-X: 406515 UTM-Y: 4120769 Depth: 5.5 Value: 76.2 Station: CB7.3E
 --- UTM-X: 406515 UTM-Y: 4120769 Depth: 6 Value: 76 Station: CB7.3E
 --- UTM-X: 406515 UTM-Y: 4120769 Depth: 6.5 Value: 76 Station: CB7.3E
 --- UTM-X: 406515 UTM-Y: 4120769 Depth: 7 Value: 75.9 Station: CB7.3E
 --- UTM-X: 406515 UTM-Y: 4120769 Depth: 7.5 Value: 75.7 Station: CB7.3E
 --- UTM-X: 406515 UTM-Y: 4120769 Depth: 8 Value: 75.4 Station: CB7.3E
 --- UTM-X: 406515 UTM-Y: 4120769 Depth: 8.5 Value: 75.4 Station: CB7.3E
 --- UTM-X: 406515 UTM-Y: 4120769 Depth: 9 Value: 75.4 Station: CB7.3E
 --- UTM-X: 406515 UTM-Y: 4120769 Depth: 9.5 Value: 75.4 Station: CB7.3E
 --- UTM-X: 406515 UTM-Y: 4120769 Depth: 10 Value: 75.4 Station: CB7.3E
 --- UTM-X: 406515 UTM-Y: 4120769 Depth: 10.5 Value: 75.4 Station: CB7.3E
 --- UTM-X: 406515 UTM-Y: 4120769 Depth: 11 Value: 75.4 Station: CB7.3E
 --- UTM-X: 406515 UTM-Y: 4120769 Depth: 11.5 Value: 75.4 Station: CB7.3E
 --- UTM-X: 406515 UTM-Y: 4120769 Depth: 12 Value: 75.3 Station: CB7.3E
 --- UTM-X: 406515 UTM-Y: 4120769 Depth: 12.5 Value: 75.3 Station: CB7.3E
 --- UTM-X: 406515 UTM-Y: 4120769 Depth: 13 Value: 75.3 Station: CB7.3E
 --- UTM-X: 406515 UTM-Y: 4120769 Depth: 13.5 Value: 75.3 Station: CB7.3E
 --- UTM-X: 406515 UTM-Y: 4120769 Depth: 14 Value: 75.3 Station: CB7.3E
 --- UTM-X: 406515 UTM-Y: 4120769 Depth: 14.5 Value: 75.2 Station: CB7.3E
 --- UTM-X: 406515 UTM-Y: 4120769 Depth: 15 Value: 75.1 Station: CB7.3E
 --- UTM-X: 406515 UTM-Y: 4120769 Depth: 15.5 Value: 75 Station: CB7.3E
 --- UTM-X: 406515 UTM-Y: 4120769 Depth: 16 Value: 74.9 Station: CB7.3E
 --- UTM-X: 406515 UTM-Y: 4120769 Depth: 16.5 Value: 74.9 Station: CB7.3E
 --- UTM-X: 406515 UTM-Y: 4120769 Depth: 17 Value: 74.8 Station: CB7.3E
 --- UTM-X: 406515 UTM-Y: 4120769 Depth: 17.5 Value: 74.8 Station: CB7.3E
 --- UTM-X: 406515 UTM-Y: 4120769 Depth: 18 Value: 74.8 Station: CB7.3E
 --- UTM-X: 409195 UTM-Y: 4094882 Depth: 0 Value: 81.4 Station: CB7.4
 --- UTM-X: 409195 UTM-Y: 4094882 Depth: 0.5 Value: 81.4 Station: CB7.4
 --- UTM-X: 409195 UTM-Y: 4094882 Depth: 1 Value: 81.4 Station: CB7.4
 --- UTM-X: 409195 UTM-Y: 4094882 Depth: 1.5 Value: 80.7 Station: CB7.4
 --- UTM-X: 409195 UTM-Y: 4094882 Depth: 2 Value: 79.9 Station: CB7.4
 --- UTM-X: 409195 UTM-Y: 4094882 Depth: 2.5 Value: 80 Station: CB7.4
 --- UTM-X: 409195 UTM-Y: 4094882 Depth: 3 Value: 80 Station: CB7.4
 --- UTM-X: 409195 UTM-Y: 4094882 Depth: 3.5 Value: 79.5 Station: CB7.4
 --- UTM-X: 409195 UTM-Y: 4094882 Depth: 4 Value: 79.1 Station: CB7.4
 --- UTM-X: 409195 UTM-Y: 4094882 Depth: 4.5 Value: 77.7 Station: CB7.4
 --- UTM-X: 409195 UTM-Y: 4094882 Depth: 5 Value: 76.3 Station: CB7.4
 --- UTM-X: 409195 UTM-Y: 4094882 Depth: 5.5 Value: 75.8 Station: CB7.4
 --- UTM-X: 409195 UTM-Y: 4094882 Depth: 6 Value: 75.2 Station: CB7.4
 --- UTM-X: 409195 UTM-Y: 4094882 Depth: 6.5 Value: 74.9 Station: CB7.4
 --- UTM-X: 409195 UTM-Y: 4094882 Depth: 7 Value: 74.7 Station: CB7.4
 --- UTM-X: 409195 UTM-Y: 4094882 Depth: 7.5 Value: 74.1 Station: CB7.4
 --- UTM-X: 409195 UTM-Y: 4094882 Depth: 8 Value: 73.6 Station: CB7.4
 --- UTM-X: 409195 UTM-Y: 4094882 Depth: 8.5 Value: 73 Station: CB7.4
 --- UTM-X: 409195 UTM-Y: 4094882 Depth: 9 Value: 72.3 Station: CB7.4
 --- UTM-X: 409195 UTM-Y: 4094882 Depth: 9.5 Value: 72.2 Station: CB7.4
 --- UTM-X: 409195 UTM-Y: 4094882 Depth: 10 Value: 72.1 Station: CB7.4
 --- UTM-X: 409195 UTM-Y: 4094882 Depth: 10.5 Value: 71.7 Station: CB7.4
 --- UTM-X: 409195 UTM-Y: 4094882 Depth: 11 Value: 71.3 Station: CB7.4
 --- UTM-X: 409195 UTM-Y: 4094882 Depth: 11.5 Value: 70.8 Station: CB7.4
 --- UTM-X: 409195 UTM-Y: 4094882 Depth: 12 Value: 70.2 Station: CB7.4
 --- UTM-X: 409195 UTM-Y: 4094882 Depth: 12.5 Value: 69.9 Station: CB7.4
 --- UTM-X: 409195 UTM-Y: 4094882 Depth: 13 Value: 69.5 Station: CB7.4
 --- UTM-X: 411151 UTM-Y: 4102258 Depth: 0 Value: 79.9 Station: CB7.4N
 --- UTM-X: 411151 UTM-Y: 4102258 Depth: 0.5 Value: 79.9 Station: CB7.4N
 --- UTM-X: 411151 UTM-Y: 4102258 Depth: 1 Value: 79.9 Station: CB7.4N
 --- UTM-X: 411151 UTM-Y: 4102258 Depth: 1.5 Value: 79.9 Station: CB7.4N
 --- UTM-X: 411151 UTM-Y: 4102258 Depth: 2 Value: 79.9 Station: CB7.4N
 --- UTM-X: 411151 UTM-Y: 4102258 Depth: 2.5 Value: 79.8 Station: CB7.4N
 --- UTM-X: 411151 UTM-Y: 4102258 Depth: 3 Value: 79.7 Station: CB7.4N
 --- UTM-X: 411151 UTM-Y: 4102258 Depth: 3.5 Value: 79.7 Station: CB7.4N
 --- UTM-X: 411151 UTM-Y: 4102258 Depth: 4 Value: 79.6 Station: CB7.4N
 --- UTM-X: 411151 UTM-Y: 4102258 Depth: 4.5 Value: 79.5 Station: CB7.4N
 --- UTM-X: 411151 UTM-Y: 4102258 Depth: 5 Value: 79.3 Station: CB7.4N
 --- UTM-X: 411151 UTM-Y: 4102258 Depth: 5.5 Value: 79.3 Station: CB7.4N
 --- UTM-X: 411151 UTM-Y: 4102258 Depth: 6 Value: 79.3 Station: CB7.4N
 --- UTM-X: 411151 UTM-Y: 4102258 Depth: 6.5 Value: 79.2 Station: CB7.4N
 --- UTM-X: 411151 UTM-Y: 4102258 Depth: 7 Value: 79.2 Station: CB7.4N
 --- UTM-X: 411151 UTM-Y: 4102258 Depth: 7.5 Value: 79.1 Station: CB7.4N
 --- UTM-X: 411151 UTM-Y: 4102258 Depth: 8 Value: 79.1 Station: CB7.4N
 --- UTM-X: 411151 UTM-Y: 4102258 Depth: 8.5 Value: 79 Station: CB7.4N
 --- UTM-X: 411151 UTM-Y: 4102258 Depth: 9 Value: 78.9 Station: CB7.4N
 --- UTM-X: 396093 UTM-Y: 4095002 Depth: 0 Value: 81.5 Station: CB8.1
 --- UTM-X: 396093 UTM-Y: 4095002 Depth: 0.5 Value: 81.5 Station: CB8.1
 --- UTM-X: 396093 UTM-Y: 4095002 Depth: 1 Value: 81.5 Station: CB8.1
 --- UTM-X: 396093 UTM-Y: 4095002 Depth: 1.5 Value: 80.9 Station: CB8.1
 --- UTM-X: 396093 UTM-Y: 4095002 Depth: 2 Value: 80.2 Station: CB8.1
 --- UTM-X: 396093 UTM-Y: 4095002 Depth: 2.5 Value: 79.6 Station: CB8.1
 --- UTM-X: 396093 UTM-Y: 4095002 Depth: 3 Value: 79 Station: CB8.1
 --- UTM-X: 396093 UTM-Y: 4095002 Depth: 3.5 Value: 78.6 Station: CB8.1
 --- UTM-X: 396093 UTM-Y: 4095002 Depth: 4 Value: 78.2 Station: CB8.1
 --- UTM-X: 396093 UTM-Y: 4095002 Depth: 4.5 Value: 76.4 Station: CB8.1
 --- UTM-X: 396093 UTM-Y: 4095002 Depth: 5 Value: 74.6 Station: CB8.1
 --- UTM-X: 396093 UTM-Y: 4095002 Depth: 5.5 Value: 74.4 Station: CB8.1
 --- UTM-X: 396093 UTM-Y: 4095002 Depth: 6 Value: 74.1 Station: CB8.1
 --- UTM-X: 396093 UTM-Y: 4095002 Depth: 6.5 Value: 74 Station: CB8.1
 --- UTM-X: 396093 UTM-Y: 4095002 Depth: 7 Value: 73.9 Station: CB8.1
 --- UTM-X: 396093 UTM-Y: 4095002 Depth: 7.5 Value: 72.2 Station: CB8.1
 --- UTM-X: 396093 UTM-Y: 4095002 Depth: 8 Value: 70.4 Station: CB8.1
 --- UTM-X: 407851 UTM-Y: 4089534 Depth: 0 Value: 81.2 Station: CB8.1E
 --- UTM-X: 407851 UTM-Y: 4089534 Depth: 0.5 Value: 81.2 Station: CB8.1E
 --- UTM-X: 407851 UTM-Y: 4089534 Depth: 1 Value: 81.2 Station: CB8.1E
 --- UTM-X: 407851 UTM-Y: 4089534 Depth: 1.5 Value: 81 Station: CB8.1E
 --- UTM-X: 407851 UTM-Y: 4089534 Depth: 2 Value: 80.8 Station: CB8.1E
 --- UTM-X: 407851 UTM-Y: 4089534 Depth: 2.5 Value: 80.7 Station: CB8.1E
 --- UTM-X: 407851 UTM-Y: 4089534 Depth: 3 Value: 80.5 Station: CB8.1E
 --- UTM-X: 407851 UTM-Y: 4089534 Depth: 3.5 Value: 80.4 Station: CB8.1E
 --- UTM-X: 407851 UTM-Y: 4089534 Depth: 4 Value: 80.3 Station: CB8.1E
 --- UTM-X: 407851 UTM-Y: 4089534 Depth: 4.5 Value: 80.1 Station: CB8.1E
 --- UTM-X: 407851 UTM-Y: 4089534 Depth: 5 Value: 79.8 Station: CB8.1E
 --- UTM-X: 407851 UTM-Y: 4089534 Depth: 5.5 Value: 79.5 Station: CB8.1E
 --- UTM-X: 407851 UTM-Y: 4089534 Depth: 6 Value: 79.1 Station: CB8.1E
 --- UTM-X: 407851 UTM-Y: 4089534 Depth: 6.5 Value: 78.9 Station: CB8.1E
 --- UTM-X: 407851 UTM-Y: 4089534 Depth: 7 Value: 78.6 Station: CB8.1E
 --- UTM-X: 407851 UTM-Y: 4089534 Depth: 7.5 Value: 78.1 Station: CB8.1E
 --- UTM-X: 407851 UTM-Y: 4089534 Depth: 8 Value: 77.7 Station: CB8.1E
 --- UTM-X: 407851 UTM-Y: 4089534 Depth: 8.5 Value: 77.6 Station: CB8.1E
 --- UTM-X: 407851 UTM-Y: 4089534 Depth: 9 Value: 77.6 Station: CB8.1E
 --- UTM-X: 407851 UTM-Y: 4089534 Depth: 9.5 Value: 77.3 Station: CB8.1E
 --- UTM-X: 407851 UTM-Y: 4089534 Depth: 10 Value: 77 Station: CB8.1E
 --- UTM-X: 407851 UTM-Y: 4089534 Depth: 10.5 Value: 75.9 Station: CB8.1E
 --- UTM-X: 407851 UTM-Y: 4089534 Depth: 11 Value: 74.9 Station: CB8.1E
 --- UTM-X: 407851 UTM-Y: 4089534 Depth: 11.5 Value: 74.5 Station: CB8.1E
 --- UTM-X: 407851 UTM-Y: 4089534 Depth: 12 Value: 74.2 Station: CB8.1E
 --- UTM-X: 407851 UTM-Y: 4089534 Depth: 12.5 Value: 71.9 Station: CB8.1E
 --- UTM-X: 407851 UTM-Y: 4089534 Depth: 13 Value: 69.5 Station: CB8.1E
 --- UTM-X: 383146 UTM-Y: 4095571 Depth: 0 Value: 83.3 Station: LE5.5-W
 --- UTM-X: 383146 UTM-Y: 4095571 Depth: 0.5 Value: 83.3 Station: LE5.5-W
 --- UTM-X: 383146 UTM-Y: 4095571 Depth: 1 Value: 83.3 Station: LE5.5-W
 --- UTM-X: 383146 UTM-Y: 4095571 Depth: 1.5 Value: 82.9 Station: LE5.5-W
 --- UTM-X: 383146 UTM-Y: 4095571 Depth: 2 Value: 82.6 Station: LE5.5-W
 --- UTM-X: 383146 UTM-Y: 4095571 Depth: 2.5 Value: 82.4 Station: LE5.5-W
 --- UTM-X: 383146 UTM-Y: 4095571 Depth: 3 Value: 82.2 Station: LE5.5-W
 --- UTM-X: 383146 UTM-Y: 4095571 Depth: 3.5 Value: 82.1 Station: LE5.5-W
 --- UTM-X: 383146 UTM-Y: 4095571 Depth: 4 Value: 81.9 Station: LE5.5-W
 --- UTM-X: 383146 UTM-Y: 4095571 Depth: 4.5 Value: 81.8 Station: LE5.5-W
 --- UTM-X: 383146 UTM-Y: 4095571 Depth: 5 Value: 81.7 Station: LE5.5-W
 --- UTM-X: 383146 UTM-Y: 4095571 Depth: 5.5 Value: 81.5 Station: LE5.5-W
 --- UTM-X: 383146 UTM-Y: 4095571 Depth: 6 Value: 81.3 Station: LE5.5-W
 --- UTM-X: 383146 UTM-Y: 4095571 Depth: 6.5 Value: 81.1 Station: LE5.5-W
 --- UTM-X: 383146 UTM-Y: 4095571 Depth: 7 Value: 80.9 Station: LE5.5-W
 --- UTM-X: 383146 UTM-Y: 4095571 Depth: 7.5 Value: 80.9 Station: LE5.5-W
 --- UTM-X: 383146 UTM-Y: 4095571 Depth: 8 Value: 80.8 Station: LE5.5-W
 --- UTM-X: 383146 UTM-Y: 4095571 Depth: 8.5 Value: 80.6 Station: LE5.5-W
 --- UTM-X: 383146 UTM-Y: 4095571 Depth: 9 Value: 80.4 Station: LE5.5-W
 --- UTM-X: 383146 UTM-Y: 4095571 Depth: 9.5 Value: 80.4 Station: LE5.5-W
 --- UTM-X: 383146 UTM-Y: 4095571 Depth: 10 Value: 80.4 Station: LE5.5-W
 --- UTM-X: 383146 UTM-Y: 4095571 Depth: 10.5 Value: 80.4 Station: LE5.5-W
 --- UTM-X: 383146 UTM-Y: 4095571 Depth: 11 Value: 80.4 Station: LE5.5-W
 --- UTM-X: 383146 UTM-Y: 4095571 Depth: 11.5 Value: 80.1 Station: LE5.5-W
 --- UTM-X: 383146 UTM-Y: 4095571 Depth: 12 Value: 79.7 Station: LE5.5-W
 --- UTM-X: 378116 UTM-Y: 4115369 Depth: 0 Value: 84.3 Station: WE4.3
 --- UTM-X: 378116 UTM-Y: 4115369 Depth: 0.5 Value: 84.3 Station: WE4.3
 --- UTM-X: 378116 UTM-Y: 4115369 Depth: 1 Value: 84.3 Station: WE4.3
 --- UTM-X: 378116 UTM-Y: 4115369 Depth: 1.5 Value: 84.4 Station: WE4.3
 --- UTM-X: 378116 UTM-Y: 4115369 Depth: 2 Value: 84.4 Station: WE4.3
 --- UTM-X: 378116 UTM-Y: 4115369 Depth: 2.5 Value: 84.3 Station: WE4.3
 --- UTM-X: 378116 UTM-Y: 4115369 Depth: 3 Value: 84.2 Station: WE4.3
 --- UTM-X: 378116 UTM-Y: 4115369 Depth: 3.5 Value: 83.9 Station: WE4.3
 --- UTM-X: 378116 UTM-Y: 4115369 Depth: 4 Value: 83.5 Station: WE4.3
 --- UTM-X: 385118 UTM-Y: 4107873 Depth: 0 Value: 84.5 Station: WE4.4
 --- UTM-X: 385118 UTM-Y: 4107873 Depth: 0.5 Value: 84.5 Station: WE4.4
 --- UTM-X: 385118 UTM-Y: 4107873 Depth: 1 Value: 84.5 Station: WE4.4
 --- UTM-X: 385118 UTM-Y: 4107873 Depth: 1.5 Value: 84.5 Station: WE4.4
 --- UTM-X: 385118 UTM-Y: 4107873 Depth: 2 Value: 84.6 Station: WE4.4
 --- UTM-X: 385118 UTM-Y: 4107873 Depth: 2.5 Value: 84.5 Station: WE4.4
 --- UTM-X: 385118 UTM-Y: 4107873 Depth: 3 Value: 84.4 Station: WE4.4
 --- UTM-X: 385118 UTM-Y: 4107873 Depth: 3.5 Value: 84.2 Station: WE4.4
 --- UTM-X: 385118 UTM-Y: 4107873 Depth: 4 Value: 84 Station: WE4.4
 --- UTM-X: 385118 UTM-Y: 4107873 Depth: 4.5 Value: 83.7 Station: WE4.4
 --- UTM-X: 385118 UTM-Y: 4107873 Depth: 5 Value: 83.4 Station: WE4.4
 --- UTM-X: 385118 UTM-Y: 4107873 Depth: 5.5 Value: 83.3 Station: WE4.4
 --- UTM-X: 385118 UTM-Y: 4107873 Depth: 6 Value: 83.3 Station: WE4.4
 --- 3172 cells were interpolated in region CB8PH.  Subtotal: 51839 total cells.
 ---- Region was calculated in 0 seconds. Segment volume (m^3) = 3172000000
 
 - Bathymetry Region ID: 1009  Region Name: NORTF  Data Points: 23 in data region 1009
 -- Cell Size  E-W: 500  N-S: 500  Vertical: 1
 --- Data in Region ---
 --- UTM-X: 407087 UTM-Y: 4377829 Depth: 0 Value: 84.2 Station: CB1.1
 --- UTM-X: 407087 UTM-Y: 4377829 Depth: 0.5 Value: 84.3 Station: CB1.1
 --- UTM-X: 407087 UTM-Y: 4377829 Depth: 1 Value: 84.4 Station: CB1.1
 --- UTM-X: 407087 UTM-Y: 4377829 Depth: 1.5 Value: 84.3 Station: CB1.1
 --- UTM-X: 407087 UTM-Y: 4377829 Depth: 2 Value: 84.2 Station: CB1.1
 --- UTM-X: 407087 UTM-Y: 4377829 Depth: 2.5 Value: 84.2 Station: CB1.1
 --- UTM-X: 407087 UTM-Y: 4377829 Depth: 3 Value: 84.2 Station: CB1.1
 --- UTM-X: 411823 UTM-Y: 4366119 Depth: 0 Value: 84.6 Station: CB2.1
 --- UTM-X: 411823 UTM-Y: 4366119 Depth: 0.5 Value: 84.6 Station: CB2.1
 --- UTM-X: 411823 UTM-Y: 4366119 Depth: 1 Value: 84.6 Station: CB2.1
 --- UTM-X: 411823 UTM-Y: 4366119 Depth: 1.5 Value: 84.6 Station: CB2.1
 --- UTM-X: 411823 UTM-Y: 4366119 Depth: 2 Value: 84.6 Station: CB2.1
 --- UTM-X: 411823 UTM-Y: 4366119 Depth: 2.5 Value: 84.6 Station: CB2.1
 --- UTM-X: 411823 UTM-Y: 4366119 Depth: 3 Value: 84.6 Station: CB2.1
 --- UTM-X: 411823 UTM-Y: 4366119 Depth: 3.5 Value: 84.6 Station: CB2.1
 --- UTM-X: 411823 UTM-Y: 4366119 Depth: 4 Value: 84.6 Station: CB2.1
 --- UTM-X: 411823 UTM-Y: 4366119 Depth: 4.5 Value: 84.6 Station: CB2.1
 --- UTM-X: 411823 UTM-Y: 4366119 Depth: 5 Value: 84.6 Station: CB2.1
 --- UTM-X: 417720 UTM-Y: 4381039 Depth: 0 Value: 86 Station: ET1.1
 --- UTM-X: 417720 UTM-Y: 4381039 Depth: 0.5 Value: 86 Station: ET1.1
 --- UTM-X: 417720 UTM-Y: 4381039 Depth: 1 Value: 86 Station: ET1.1
 --- UTM-X: 417720 UTM-Y: 4381039 Depth: 1.5 Value: 85.9 Station: ET1.1
 --- UTM-X: 417720 UTM-Y: 4381039 Depth: 2 Value: 85.8 Station: ET1.1
 --- 106 cells were interpolated in region NORTF.  Subtotal: 51945 total cells.
 ---- Region was calculated in 0 seconds. Segment volume (m^3) = 26500000
 
 - Bathymetry Region ID: 1010  Region Name: C&DOH  Data Points: 63 in data region 1010
 -- Cell Size  E-W: 100  N-S: 100  Vertical: 1
 --- Data in Region ---
 --- UTM-X: 411823 UTM-Y: 4366119 Depth: 0 Value: 84.6 Station: CB2.1
 --- UTM-X: 411823 UTM-Y: 4366119 Depth: 0.5 Value: 84.6 Station: CB2.1
 --- UTM-X: 411823 UTM-Y: 4366119 Depth: 1 Value: 84.6 Station: CB2.1
 --- UTM-X: 411823 UTM-Y: 4366119 Depth: 1.5 Value: 84.6 Station: CB2.1
 --- UTM-X: 411823 UTM-Y: 4366119 Depth: 2 Value: 84.6 Station: CB2.1
 --- UTM-X: 411823 UTM-Y: 4366119 Depth: 2.5 Value: 84.6 Station: CB2.1
 --- UTM-X: 411823 UTM-Y: 4366119 Depth: 3 Value: 84.6 Station: CB2.1
 --- UTM-X: 411823 UTM-Y: 4366119 Depth: 3.5 Value: 84.6 Station: CB2.1
 --- UTM-X: 411823 UTM-Y: 4366119 Depth: 4 Value: 84.6 Station: CB2.1
 --- UTM-X: 411823 UTM-Y: 4366119 Depth: 4.5 Value: 84.6 Station: CB2.1
 --- UTM-X: 411823 UTM-Y: 4366119 Depth: 5 Value: 84.6 Station: CB2.1
 --- UTM-X: 429838 UTM-Y: 4375370 Depth: 0 Value: 85.3 Station: ET2.1
 --- UTM-X: 429838 UTM-Y: 4375370 Depth: 0.5 Value: 85.3 Station: ET2.1
 --- UTM-X: 429838 UTM-Y: 4375370 Depth: 1 Value: 85.3 Station: ET2.1
 --- UTM-X: 429838 UTM-Y: 4375370 Depth: 1.5 Value: 85.3 Station: ET2.1
 --- UTM-X: 429838 UTM-Y: 4375370 Depth: 2 Value: 85.3 Station: ET2.1
 --- UTM-X: 429838 UTM-Y: 4375370 Depth: 2.5 Value: 85.3 Station: ET2.1
 --- UTM-X: 429838 UTM-Y: 4375370 Depth: 3 Value: 85.3 Station: ET2.1
 --- UTM-X: 429838 UTM-Y: 4375370 Depth: 3.5 Value: 85.3 Station: ET2.1
 --- UTM-X: 429838 UTM-Y: 4375370 Depth: 4 Value: 85.3 Station: ET2.1
 --- UTM-X: 429838 UTM-Y: 4375370 Depth: 4.5 Value: 85.3 Station: ET2.1
 --- UTM-X: 429838 UTM-Y: 4375370 Depth: 5 Value: 85.3 Station: ET2.1
 --- UTM-X: 429838 UTM-Y: 4375370 Depth: 5.5 Value: 85.3 Station: ET2.1
 --- UTM-X: 429838 UTM-Y: 4375370 Depth: 6 Value: 85.3 Station: ET2.1
 --- UTM-X: 429838 UTM-Y: 4375370 Depth: 6.5 Value: 85.3 Station: ET2.1
 --- UTM-X: 429838 UTM-Y: 4375370 Depth: 7 Value: 85.3 Station: ET2.1
 --- UTM-X: 429838 UTM-Y: 4375370 Depth: 7.5 Value: 85.3 Station: ET2.1
 --- UTM-X: 429838 UTM-Y: 4375370 Depth: 8 Value: 85.3 Station: ET2.1
 --- UTM-X: 429838 UTM-Y: 4375370 Depth: 8.5 Value: 85.3 Station: ET2.1
 --- UTM-X: 429838 UTM-Y: 4375370 Depth: 9 Value: 85.3 Station: ET2.1
 --- UTM-X: 429838 UTM-Y: 4375370 Depth: 9.5 Value: 85.3 Station: ET2.1
 --- UTM-X: 429838 UTM-Y: 4375370 Depth: 10 Value: 85.3 Station: ET2.1
 --- UTM-X: 429838 UTM-Y: 4375370 Depth: 10.5 Value: 85.3 Station: ET2.1
 --- UTM-X: 429838 UTM-Y: 4375370 Depth: 11 Value: 85.3 Station: ET2.1
 --- UTM-X: 429838 UTM-Y: 4375370 Depth: 11.5 Value: 85.3 Station: ET2.1
 --- UTM-X: 429838 UTM-Y: 4375370 Depth: 12 Value: 85.3 Station: ET2.1
 --- UTM-X: 429838 UTM-Y: 4375370 Depth: 12.5 Value: 85.3 Station: ET2.1
 --- UTM-X: 429838 UTM-Y: 4375370 Depth: 13 Value: 85.3 Station: ET2.1
 --- UTM-X: 422657 UTM-Y: 4373588 Depth: 0 Value: 85.6 Station: ET2.3
 --- UTM-X: 422657 UTM-Y: 4373588 Depth: 0.5 Value: 85.6 Station: ET2.3
 --- UTM-X: 422657 UTM-Y: 4373588 Depth: 1 Value: 85.6 Station: ET2.3
 --- UTM-X: 422657 UTM-Y: 4373588 Depth: 1.5 Value: 85.6 Station: ET2.3
 --- UTM-X: 422657 UTM-Y: 4373588 Depth: 2 Value: 85.6 Station: ET2.3
 --- UTM-X: 422657 UTM-Y: 4373588 Depth: 2.5 Value: 85.6 Station: ET2.3
 --- UTM-X: 422657 UTM-Y: 4373588 Depth: 3 Value: 85.6 Station: ET2.3
 --- UTM-X: 422657 UTM-Y: 4373588 Depth: 3.5 Value: 85.6 Station: ET2.3
 --- UTM-X: 422657 UTM-Y: 4373588 Depth: 4 Value: 85.6 Station: ET2.3
 --- UTM-X: 422657 UTM-Y: 4373588 Depth: 4.5 Value: 85.6 Station: ET2.3
 --- UTM-X: 422657 UTM-Y: 4373588 Depth: 5 Value: 85.6 Station: ET2.3
 --- UTM-X: 422657 UTM-Y: 4373588 Depth: 5.5 Value: 85.6 Station: ET2.3
 --- UTM-X: 422657 UTM-Y: 4373588 Depth: 6 Value: 85.6 Station: ET2.3
 --- UTM-X: 422657 UTM-Y: 4373588 Depth: 6.5 Value: 85.6 Station: ET2.3
 --- UTM-X: 422657 UTM-Y: 4373588 Depth: 7 Value: 85.6 Station: ET2.3
 --- UTM-X: 422657 UTM-Y: 4373588 Depth: 7.5 Value: 85.6 Station: ET2.3
 --- UTM-X: 422657 UTM-Y: 4373588 Depth: 8 Value: 85.6 Station: ET2.3
 --- UTM-X: 422657 UTM-Y: 4373588 Depth: 8.5 Value: 85.6 Station: ET2.3
 --- UTM-X: 422657 UTM-Y: 4373588 Depth: 9 Value: 85.6 Station: ET2.3
 --- UTM-X: 422657 UTM-Y: 4373588 Depth: 9.5 Value: 85.6 Station: ET2.3
 --- UTM-X: 422657 UTM-Y: 4373588 Depth: 10 Value: 85.6 Station: ET2.3
 --- UTM-X: 422657 UTM-Y: 4373588 Depth: 10.5 Value: 85.6 Station: ET2.3
 --- UTM-X: 422657 UTM-Y: 4373588 Depth: 11 Value: 85.6 Station: ET2.3
 --- UTM-X: 422657 UTM-Y: 4373588 Depth: 11.5 Value: 85.6 Station: ET2.3
 --- UTM-X: 422657 UTM-Y: 4373588 Depth: 12 Value: 85.6 Station: ET2.3
 --- 2413 cells were interpolated in region C&DOH.  Subtotal: 54358 total cells.
 ---- Region was calculated in 0 seconds. Segment volume (m^3) = 24130000
 
 - Bathymetry Region ID: 1011  Region Name: ELKOH  Data Points: 36 in data region 1011
 -- Cell Size  E-W: 500  N-S: 500  Vertical: 1
 --- Data in Region ---
 --- UTM-X: 411823 UTM-Y: 4366119 Depth: 0 Value: 84.6 Station: CB2.1
 --- UTM-X: 411823 UTM-Y: 4366119 Depth: 0.5 Value: 84.6 Station: CB2.1
 --- UTM-X: 411823 UTM-Y: 4366119 Depth: 1 Value: 84.6 Station: CB2.1
 --- UTM-X: 411823 UTM-Y: 4366119 Depth: 1.5 Value: 84.6 Station: CB2.1
 --- UTM-X: 411823 UTM-Y: 4366119 Depth: 2 Value: 84.6 Station: CB2.1
 --- UTM-X: 411823 UTM-Y: 4366119 Depth: 2.5 Value: 84.6 Station: CB2.1
 --- UTM-X: 411823 UTM-Y: 4366119 Depth: 3 Value: 84.6 Station: CB2.1
 --- UTM-X: 411823 UTM-Y: 4366119 Depth: 3.5 Value: 84.6 Station: CB2.1
 --- UTM-X: 411823 UTM-Y: 4366119 Depth: 4 Value: 84.6 Station: CB2.1
 --- UTM-X: 411823 UTM-Y: 4366119 Depth: 4.5 Value: 84.6 Station: CB2.1
 --- UTM-X: 411823 UTM-Y: 4366119 Depth: 5 Value: 84.6 Station: CB2.1
 --- UTM-X: 422657 UTM-Y: 4373588 Depth: 0 Value: 85.6 Station: ET2.3
 --- UTM-X: 422657 UTM-Y: 4373588 Depth: 0.5 Value: 85.6 Station: ET2.3
 --- UTM-X: 422657 UTM-Y: 4373588 Depth: 1 Value: 85.6 Station: ET2.3
 --- UTM-X: 422657 UTM-Y: 4373588 Depth: 1.5 Value: 85.6 Station: ET2.3
 --- UTM-X: 422657 UTM-Y: 4373588 Depth: 2 Value: 85.6 Station: ET2.3
 --- UTM-X: 422657 UTM-Y: 4373588 Depth: 2.5 Value: 85.6 Station: ET2.3
 --- UTM-X: 422657 UTM-Y: 4373588 Depth: 3 Value: 85.6 Station: ET2.3
 --- UTM-X: 422657 UTM-Y: 4373588 Depth: 3.5 Value: 85.6 Station: ET2.3
 --- UTM-X: 422657 UTM-Y: 4373588 Depth: 4 Value: 85.6 Station: ET2.3
 --- UTM-X: 422657 UTM-Y: 4373588 Depth: 4.5 Value: 85.6 Station: ET2.3
 --- UTM-X: 422657 UTM-Y: 4373588 Depth: 5 Value: 85.6 Station: ET2.3
 --- UTM-X: 422657 UTM-Y: 4373588 Depth: 5.5 Value: 85.6 Station: ET2.3
 --- UTM-X: 422657 UTM-Y: 4373588 Depth: 6 Value: 85.6 Station: ET2.3
 --- UTM-X: 422657 UTM-Y: 4373588 Depth: 6.5 Value: 85.6 Station: ET2.3
 --- UTM-X: 422657 UTM-Y: 4373588 Depth: 7 Value: 85.6 Station: ET2.3
 --- UTM-X: 422657 UTM-Y: 4373588 Depth: 7.5 Value: 85.6 Station: ET2.3
 --- UTM-X: 422657 UTM-Y: 4373588 Depth: 8 Value: 85.6 Station: ET2.3
 --- UTM-X: 422657 UTM-Y: 4373588 Depth: 8.5 Value: 85.6 Station: ET2.3
 --- UTM-X: 422657 UTM-Y: 4373588 Depth: 9 Value: 85.6 Station: ET2.3
 --- UTM-X: 422657 UTM-Y: 4373588 Depth: 9.5 Value: 85.6 Station: ET2.3
 --- UTM-X: 422657 UTM-Y: 4373588 Depth: 10 Value: 85.6 Station: ET2.3
 --- UTM-X: 422657 UTM-Y: 4373588 Depth: 10.5 Value: 85.6 Station: ET2.3
 --- UTM-X: 422657 UTM-Y: 4373588 Depth: 11 Value: 85.6 Station: ET2.3
 --- UTM-X: 422657 UTM-Y: 4373588 Depth: 11.5 Value: 85.6 Station: ET2.3
 --- UTM-X: 422657 UTM-Y: 4373588 Depth: 12 Value: 85.6 Station: ET2.3
 --- 405 cells were interpolated in region ELKOH.  Subtotal: 54763 total cells.
 ---- Region was calculated in 0 seconds. Segment volume (m^3) = 101250000
 
 - Bathymetry Region ID: 1012  Region Name: BOHOH  Data Points: 49 in data region 1012
 -- Cell Size  E-W: 250  N-S: 250  Vertical: 1
 --- Data in Region ---
 --- UTM-X: 407087 UTM-Y: 4377829 Depth: 0 Value: 84.2 Station: CB1.1
 --- UTM-X: 407087 UTM-Y: 4377829 Depth: 0.5 Value: 84.3 Station: CB1.1
 --- UTM-X: 407087 UTM-Y: 4377829 Depth: 1 Value: 84.4 Station: CB1.1
 --- UTM-X: 407087 UTM-Y: 4377829 Depth: 1.5 Value: 84.3 Station: CB1.1
 --- UTM-X: 407087 UTM-Y: 4377829 Depth: 2 Value: 84.2 Station: CB1.1
 --- UTM-X: 407087 UTM-Y: 4377829 Depth: 2.5 Value: 84.2 Station: CB1.1
 --- UTM-X: 407087 UTM-Y: 4377829 Depth: 3 Value: 84.2 Station: CB1.1
 --- UTM-X: 411823 UTM-Y: 4366119 Depth: 0 Value: 84.6 Station: CB2.1
 --- UTM-X: 411823 UTM-Y: 4366119 Depth: 0.5 Value: 84.6 Station: CB2.1
 --- UTM-X: 411823 UTM-Y: 4366119 Depth: 1 Value: 84.6 Station: CB2.1
 --- UTM-X: 411823 UTM-Y: 4366119 Depth: 1.5 Value: 84.6 Station: CB2.1
 --- UTM-X: 411823 UTM-Y: 4366119 Depth: 2 Value: 84.6 Station: CB2.1
 --- UTM-X: 411823 UTM-Y: 4366119 Depth: 2.5 Value: 84.6 Station: CB2.1
 --- UTM-X: 411823 UTM-Y: 4366119 Depth: 3 Value: 84.6 Station: CB2.1
 --- UTM-X: 411823 UTM-Y: 4366119 Depth: 3.5 Value: 84.6 Station: CB2.1
 --- UTM-X: 411823 UTM-Y: 4366119 Depth: 4 Value: 84.6 Station: CB2.1
 --- UTM-X: 411823 UTM-Y: 4366119 Depth: 4.5 Value: 84.6 Station: CB2.1
 --- UTM-X: 411823 UTM-Y: 4366119 Depth: 5 Value: 84.6 Station: CB2.1
 --- UTM-X: 424761 UTM-Y: 4368943 Depth: 0 Value: 85.8 Station: ET2.2
 --- UTM-X: 424761 UTM-Y: 4368943 Depth: 0.5 Value: 85.8 Station: ET2.2
 --- UTM-X: 424761 UTM-Y: 4368943 Depth: 1 Value: 85.8 Station: ET2.2
 --- UTM-X: 424761 UTM-Y: 4368943 Depth: 1.5 Value: 85.5 Station: ET2.2
 --- UTM-X: 424761 UTM-Y: 4368943 Depth: 2 Value: 85.3 Station: ET2.2
 --- UTM-X: 424761 UTM-Y: 4368943 Depth: 2.5 Value: 85.2 Station: ET2.2
 --- UTM-X: 422657 UTM-Y: 4373588 Depth: 0 Value: 85.6 Station: ET2.3
 --- UTM-X: 422657 UTM-Y: 4373588 Depth: 0.5 Value: 85.6 Station: ET2.3
 --- UTM-X: 422657 UTM-Y: 4373588 Depth: 1 Value: 85.6 Station: ET2.3
 --- UTM-X: 422657 UTM-Y: 4373588 Depth: 1.5 Value: 85.6 Station: ET2.3
 --- UTM-X: 422657 UTM-Y: 4373588 Depth: 2 Value: 85.6 Station: ET2.3
 --- UTM-X: 422657 UTM-Y: 4373588 Depth: 2.5 Value: 85.6 Station: ET2.3
 --- UTM-X: 422657 UTM-Y: 4373588 Depth: 3 Value: 85.6 Station: ET2.3
 --- UTM-X: 422657 UTM-Y: 4373588 Depth: 3.5 Value: 85.6 Station: ET2.3
 --- UTM-X: 422657 UTM-Y: 4373588 Depth: 4 Value: 85.6 Station: ET2.3
 --- UTM-X: 422657 UTM-Y: 4373588 Depth: 4.5 Value: 85.6 Station: ET2.3
 --- UTM-X: 422657 UTM-Y: 4373588 Depth: 5 Value: 85.6 Station: ET2.3
 --- UTM-X: 422657 UTM-Y: 4373588 Depth: 5.5 Value: 85.6 Station: ET2.3
 --- UTM-X: 422657 UTM-Y: 4373588 Depth: 6 Value: 85.6 Station: ET2.3
 --- UTM-X: 422657 UTM-Y: 4373588 Depth: 6.5 Value: 85.6 Station: ET2.3
 --- UTM-X: 422657 UTM-Y: 4373588 Depth: 7 Value: 85.6 Station: ET2.3
 --- UTM-X: 422657 UTM-Y: 4373588 Depth: 7.5 Value: 85.6 Station: ET2.3
 --- UTM-X: 422657 UTM-Y: 4373588 Depth: 8 Value: 85.6 Station: ET2.3
 --- UTM-X: 422657 UTM-Y: 4373588 Depth: 8.5 Value: 85.6 Station: ET2.3
 --- UTM-X: 422657 UTM-Y: 4373588 Depth: 9 Value: 85.6 Station: ET2.3
 --- UTM-X: 422657 UTM-Y: 4373588 Depth: 9.5 Value: 85.6 Station: ET2.3
 --- UTM-X: 422657 UTM-Y: 4373588 Depth: 10 Value: 85.6 Station: ET2.3
 --- UTM-X: 422657 UTM-Y: 4373588 Depth: 10.5 Value: 85.6 Station: ET2.3
 --- UTM-X: 422657 UTM-Y: 4373588 Depth: 11 Value: 85.6 Station: ET2.3
 --- UTM-X: 422657 UTM-Y: 4373588 Depth: 11.5 Value: 85.6 Station: ET2.3
 --- UTM-X: 422657 UTM-Y: 4373588 Depth: 12 Value: 85.6 Station: ET2.3
 --- 272 cells were interpolated in region BOHOH.  Subtotal: 55035 total cells.
 ---- Region was calculated in 0 seconds. Segment volume (m^3) = 17000000
 
 - Bathymetry Region ID: 1013  Region Name: SASOH  Data Points: 14 in data region 1013
 -- Cell Size  E-W: 250  N-S: 250  Vertical: 1
 --- Data in Region ---
 --- UTM-X: 423936 UTM-Y: 4357851 Depth: 0 Value: 86.5 Station: ET3.1
 --- UTM-X: 423936 UTM-Y: 4357851 Depth: 0.5 Value: 86.5 Station: ET3.1
 --- UTM-X: 423936 UTM-Y: 4357851 Depth: 1 Value: 86.4 Station: ET3.1
 --- UTM-X: 423936 UTM-Y: 4357851 Depth: 1.5 Value: 86.4 Station: ET3.1
 --- UTM-X: 423936 UTM-Y: 4357851 Depth: 2 Value: 86.4 Station: ET3.1
 --- UTM-X: 423936 UTM-Y: 4357851 Depth: 2.5 Value: 86.3 Station: ET3.1
 --- UTM-X: 423936 UTM-Y: 4357851 Depth: 3 Value: 86.2 Station: ET3.1
 --- UTM-X: 423936 UTM-Y: 4357851 Depth: 3.5 Value: 86.2 Station: ET3.1
 --- UTM-X: 423936 UTM-Y: 4357851 Depth: 4 Value: 86.2 Station: ET3.1
 --- UTM-X: 423936 UTM-Y: 4357851 Depth: 4.5 Value: 86.2 Station: ET3.1
 --- UTM-X: 423936 UTM-Y: 4357851 Depth: 5 Value: 86.2 Station: ET3.1
 --- UTM-X: 423936 UTM-Y: 4357851 Depth: 5.5 Value: 86.1 Station: ET3.1
 --- UTM-X: 423936 UTM-Y: 4357851 Depth: 6 Value: 86 Station: ET3.1
 --- UTM-X: 423936 UTM-Y: 4357851 Depth: 6.5 Value: 86 Station: ET3.1
 --- 1347 cells were interpolated in region SASOH.  Subtotal: 56382 total cells.
 ---- Region was calculated in 0 seconds. Segment volume (m^3) = 84187500
 
 - Bathymetry Region ID: 1014  Region Name: CHSTF  Data Points: 11 in data region 1014
 -- Cell Size  E-W: 50  N-S: 50  Vertical: 1
 --- Data in Region ---
 --- UTM-X: 420223 UTM-Y: 4345864 Depth: 0 Value: 86.4 Station: ET4.1
 --- UTM-X: 420223 UTM-Y: 4345864 Depth: 0.5 Value: 86.4 Station: ET4.1
 --- UTM-X: 420223 UTM-Y: 4345864 Depth: 1 Value: 86.4 Station: ET4.1
 --- UTM-X: 420223 UTM-Y: 4345864 Depth: 1.5 Value: 86.3 Station: ET4.1
 --- UTM-X: 420223 UTM-Y: 4345864 Depth: 2 Value: 86.2 Station: ET4.1
 --- UTM-X: 420223 UTM-Y: 4345864 Depth: 2.5 Value: 86.1 Station: ET4.1
 --- UTM-X: 420223 UTM-Y: 4345864 Depth: 3 Value: 86 Station: ET4.1
 --- UTM-X: 420223 UTM-Y: 4345864 Depth: 3.5 Value: 86 Station: ET4.1
 --- UTM-X: 420223 UTM-Y: 4345864 Depth: 4 Value: 86 Station: ET4.1
 --- UTM-X: 420223 UTM-Y: 4345864 Depth: 4.5 Value: 86 Station: ET4.1
 --- UTM-X: 420223 UTM-Y: 4345864 Depth: 5 Value: 86 Station: ET4.1
 --- 1345 cells were interpolated in region CHSTF.  Subtotal: 57727 total cells.
 ---- Region was calculated in 0 seconds. Segment volume (m^3) = 3362500
 
 - Bathymetry Region ID: 1015  Region Name: CHSOH  Data Points: 32 in data region 1015
 -- Cell Size  E-W: 250  N-S: 250  Vertical: 1
 --- Data in Region ---
 --- UTM-X: 420223 UTM-Y: 4345864 Depth: 0 Value: 86.4 Station: ET4.1
 --- UTM-X: 420223 UTM-Y: 4345864 Depth: 0.5 Value: 86.4 Station: ET4.1
 --- UTM-X: 420223 UTM-Y: 4345864 Depth: 1 Value: 86.4 Station: ET4.1
 --- UTM-X: 420223 UTM-Y: 4345864 Depth: 1.5 Value: 86.3 Station: ET4.1
 --- UTM-X: 420223 UTM-Y: 4345864 Depth: 2 Value: 86.2 Station: ET4.1
 --- UTM-X: 420223 UTM-Y: 4345864 Depth: 2.5 Value: 86.1 Station: ET4.1
 --- UTM-X: 420223 UTM-Y: 4345864 Depth: 3 Value: 86 Station: ET4.1
 --- UTM-X: 420223 UTM-Y: 4345864 Depth: 3.5 Value: 86 Station: ET4.1
 --- UTM-X: 420223 UTM-Y: 4345864 Depth: 4 Value: 86 Station: ET4.1
 --- UTM-X: 420223 UTM-Y: 4345864 Depth: 4.5 Value: 86 Station: ET4.1
 --- UTM-X: 420223 UTM-Y: 4345864 Depth: 5 Value: 86 Station: ET4.1
 --- UTM-X: 394661 UTM-Y: 4316568 Depth: 0 Value: 83.7 Station: ET4.2
 --- UTM-X: 394661 UTM-Y: 4316568 Depth: 0.5 Value: 83.6 Station: ET4.2
 --- UTM-X: 394661 UTM-Y: 4316568 Depth: 1 Value: 83.5 Station: ET4.2
 --- UTM-X: 394661 UTM-Y: 4316568 Depth: 1.5 Value: 83.5 Station: ET4.2
 --- UTM-X: 394661 UTM-Y: 4316568 Depth: 2 Value: 83.5 Station: ET4.2
 --- UTM-X: 394661 UTM-Y: 4316568 Depth: 2.5 Value: 83.4 Station: ET4.2
 --- UTM-X: 394661 UTM-Y: 4316568 Depth: 3 Value: 83.3 Station: ET4.2
 --- UTM-X: 394661 UTM-Y: 4316568 Depth: 3.5 Value: 83.3 Station: ET4.2
 --- UTM-X: 394661 UTM-Y: 4316568 Depth: 4 Value: 83.3 Station: ET4.2
 --- UTM-X: 394661 UTM-Y: 4316568 Depth: 4.5 Value: 83.2 Station: ET4.2
 --- UTM-X: 394661 UTM-Y: 4316568 Depth: 5 Value: 83.1 Station: ET4.2
 --- UTM-X: 394661 UTM-Y: 4316568 Depth: 5.5 Value: 82.8 Station: ET4.2
 --- UTM-X: 394661 UTM-Y: 4316568 Depth: 6 Value: 82.6 Station: ET4.2
 --- UTM-X: 394661 UTM-Y: 4316568 Depth: 6.5 Value: 80.3 Station: ET4.2
 --- UTM-X: 394661 UTM-Y: 4316568 Depth: 7 Value: 78.1 Station: ET4.2
 --- UTM-X: 394661 UTM-Y: 4316568 Depth: 7.5 Value: 76.8 Station: ET4.2
 --- UTM-X: 394661 UTM-Y: 4316568 Depth: 8 Value: 75.6 Station: ET4.2
 --- UTM-X: 394661 UTM-Y: 4316568 Depth: 8.5 Value: 75.3 Station: ET4.2
 --- UTM-X: 394661 UTM-Y: 4316568 Depth: 9 Value: 75 Station: ET4.2
 --- UTM-X: 394661 UTM-Y: 4316568 Depth: 9.5 Value: 74.7 Station: ET4.2
 --- UTM-X: 391935 UTM-Y: 4314323 Depth: 0 Value: 82.9 Station: XGG8251
 --- 462 cells were interpolated in region CHSOH.  Subtotal: 58189 total cells.
 ---- Region was calculated in 0 seconds. Segment volume (m^3) = 28875000
 
 - Bathymetry Region ID: 1016  Region Name: CHSMH  Data Points: 115 in data region 1016
 -- Cell Size  E-W: 500  N-S: 500  Vertical: 1
 --- Data in Region ---
 --- UTM-X: 387140 UTM-Y: 4335727 Depth: 0 Value: 82.4 Station: CB3.2
 --- UTM-X: 387140 UTM-Y: 4335727 Depth: 0.5 Value: 82.4 Station: CB3.2
 --- UTM-X: 387140 UTM-Y: 4335727 Depth: 1 Value: 82.4 Station: CB3.2
 --- UTM-X: 387140 UTM-Y: 4335727 Depth: 1.5 Value: 82.5 Station: CB3.2
 --- UTM-X: 387140 UTM-Y: 4335727 Depth: 2 Value: 82.6 Station: CB3.2
 --- UTM-X: 387140 UTM-Y: 4335727 Depth: 2.5 Value: 82.7 Station: CB3.2
 --- UTM-X: 387140 UTM-Y: 4335727 Depth: 3 Value: 82.8 Station: CB3.2
 --- UTM-X: 387140 UTM-Y: 4335727 Depth: 3.5 Value: 82.6 Station: CB3.2
 --- UTM-X: 387140 UTM-Y: 4335727 Depth: 4 Value: 82.4 Station: CB3.2
 --- UTM-X: 387140 UTM-Y: 4335727 Depth: 4.5 Value: 82.2 Station: CB3.2
 --- UTM-X: 387140 UTM-Y: 4335727 Depth: 5 Value: 82 Station: CB3.2
 --- UTM-X: 387140 UTM-Y: 4335727 Depth: 5.5 Value: 82 Station: CB3.2
 --- UTM-X: 387140 UTM-Y: 4335727 Depth: 6 Value: 82 Station: CB3.2
 --- UTM-X: 387140 UTM-Y: 4335727 Depth: 6.5 Value: 81.1 Station: CB3.2
 --- UTM-X: 387140 UTM-Y: 4335727 Depth: 7 Value: 80.2 Station: CB3.2
 --- UTM-X: 387140 UTM-Y: 4335727 Depth: 7.5 Value: 79.9 Station: CB3.2
 --- UTM-X: 387140 UTM-Y: 4335727 Depth: 8 Value: 79.5 Station: CB3.2
 --- UTM-X: 387140 UTM-Y: 4335727 Depth: 8.5 Value: 79.2 Station: CB3.2
 --- UTM-X: 387140 UTM-Y: 4335727 Depth: 9 Value: 78.8 Station: CB3.2
 --- UTM-X: 387140 UTM-Y: 4335727 Depth: 9.5 Value: 77.7 Station: CB3.2
 --- UTM-X: 387140 UTM-Y: 4335727 Depth: 10 Value: 76.6 Station: CB3.2
 --- UTM-X: 382253 UTM-Y: 4317113 Depth: 0 Value: 85.3 Station: CB3.3C
 --- UTM-X: 382253 UTM-Y: 4317113 Depth: 0.5 Value: 85.4 Station: CB3.3C
 --- UTM-X: 382253 UTM-Y: 4317113 Depth: 1 Value: 85.5 Station: CB3.3C
 --- UTM-X: 382253 UTM-Y: 4317113 Depth: 1.5 Value: 85.4 Station: CB3.3C
 --- UTM-X: 382253 UTM-Y: 4317113 Depth: 2 Value: 85.3 Station: CB3.3C
 --- UTM-X: 382253 UTM-Y: 4317113 Depth: 2.5 Value: 83.7 Station: CB3.3C
 --- UTM-X: 382253 UTM-Y: 4317113 Depth: 3 Value: 82 Station: CB3.3C
 --- UTM-X: 382253 UTM-Y: 4317113 Depth: 3.5 Value: 82 Station: CB3.3C
 --- UTM-X: 382253 UTM-Y: 4317113 Depth: 4 Value: 81.9 Station: CB3.3C
 --- UTM-X: 382253 UTM-Y: 4317113 Depth: 4.5 Value: 81.9 Station: CB3.3C
 --- UTM-X: 382253 UTM-Y: 4317113 Depth: 5 Value: 81.9 Station: CB3.3C
 --- UTM-X: 382253 UTM-Y: 4317113 Depth: 5.5 Value: 81.7 Station: CB3.3C
 --- UTM-X: 382253 UTM-Y: 4317113 Depth: 6 Value: 81.5 Station: CB3.3C
 --- UTM-X: 382253 UTM-Y: 4317113 Depth: 6.5 Value: 80.9 Station: CB3.3C
 --- UTM-X: 382253 UTM-Y: 4317113 Depth: 7 Value: 80.2 Station: CB3.3C
 --- UTM-X: 382253 UTM-Y: 4317113 Depth: 7.5 Value: 79.9 Station: CB3.3C
 --- UTM-X: 382253 UTM-Y: 4317113 Depth: 8 Value: 79.5 Station: CB3.3C
 --- UTM-X: 382253 UTM-Y: 4317113 Depth: 8.5 Value: 79.3 Station: CB3.3C
 --- UTM-X: 382253 UTM-Y: 4317113 Depth: 9 Value: 79.2 Station: CB3.3C
 --- UTM-X: 382253 UTM-Y: 4317113 Depth: 9.5 Value: 79.1 Station: CB3.3C
 --- UTM-X: 382253 UTM-Y: 4317113 Depth: 10 Value: 79 Station: CB3.3C
 --- UTM-X: 382253 UTM-Y: 4317113 Depth: 10.5 Value: 78.5 Station: CB3.3C
 --- UTM-X: 382253 UTM-Y: 4317113 Depth: 11 Value: 78.1 Station: CB3.3C
 --- UTM-X: 382253 UTM-Y: 4317113 Depth: 11.5 Value: 76.7 Station: CB3.3C
 --- UTM-X: 382253 UTM-Y: 4317113 Depth: 12 Value: 75.4 Station: CB3.3C
 --- UTM-X: 382253 UTM-Y: 4317113 Depth: 12.5 Value: 74.3 Station: CB3.3C
 --- UTM-X: 382253 UTM-Y: 4317113 Depth: 13 Value: 73.2 Station: CB3.3C
 --- UTM-X: 382253 UTM-Y: 4317113 Depth: 13.5 Value: 72.8 Station: CB3.3C
 --- UTM-X: 382253 UTM-Y: 4317113 Depth: 14 Value: 72.3 Station: CB3.3C
 --- UTM-X: 382253 UTM-Y: 4317113 Depth: 14.5 Value: 72.1 Station: CB3.3C
 --- UTM-X: 382253 UTM-Y: 4317113 Depth: 15 Value: 72 Station: CB3.3C
 --- UTM-X: 382253 UTM-Y: 4317113 Depth: 15.5 Value: 71.8 Station: CB3.3C
 --- UTM-X: 382253 UTM-Y: 4317113 Depth: 16 Value: 71.7 Station: CB3.3C
 --- UTM-X: 382253 UTM-Y: 4317113 Depth: 16.5 Value: 71.6 Station: CB3.3C
 --- UTM-X: 382253 UTM-Y: 4317113 Depth: 17 Value: 71.4 Station: CB3.3C
 --- UTM-X: 382253 UTM-Y: 4317113 Depth: 17.5 Value: 71.4 Station: CB3.3C
 --- UTM-X: 382253 UTM-Y: 4317113 Depth: 18 Value: 71.3 Station: CB3.3C
 --- UTM-X: 382253 UTM-Y: 4317113 Depth: 18.5 Value: 71.3 Station: CB3.3C
 --- UTM-X: 382253 UTM-Y: 4317113 Depth: 19 Value: 71.2 Station: CB3.3C
 --- UTM-X: 382253 UTM-Y: 4317113 Depth: 19.5 Value: 71.2 Station: CB3.3C
 --- UTM-X: 382253 UTM-Y: 4317113 Depth: 20 Value: 71.2 Station: CB3.3C
 --- UTM-X: 382253 UTM-Y: 4317113 Depth: 20.5 Value: 71.1 Station: CB3.3C
 --- UTM-X: 382253 UTM-Y: 4317113 Depth: 21 Value: 71.1 Station: CB3.3C
 --- UTM-X: 382253 UTM-Y: 4317113 Depth: 21.5 Value: 71 Station: CB3.3C
 --- UTM-X: 382253 UTM-Y: 4317113 Depth: 22 Value: 70.9 Station: CB3.3C
 --- UTM-X: 383418 UTM-Y: 4317836 Depth: 0 Value: 83.8 Station: CB3.3E
 --- UTM-X: 383418 UTM-Y: 4317836 Depth: 0.5 Value: 83.6 Station: CB3.3E
 --- UTM-X: 383418 UTM-Y: 4317836 Depth: 1 Value: 83.3 Station: CB3.3E
 --- UTM-X: 383418 UTM-Y: 4317836 Depth: 1.5 Value: 82.6 Station: CB3.3E
 --- UTM-X: 383418 UTM-Y: 4317836 Depth: 2 Value: 81.9 Station: CB3.3E
 --- UTM-X: 383418 UTM-Y: 4317836 Depth: 2.5 Value: 82 Station: CB3.3E
 --- UTM-X: 383418 UTM-Y: 4317836 Depth: 3 Value: 82 Station: CB3.3E
 --- UTM-X: 383418 UTM-Y: 4317836 Depth: 3.5 Value: 82 Station: CB3.3E
 --- UTM-X: 383418 UTM-Y: 4317836 Depth: 4 Value: 81.9 Station: CB3.3E
 --- UTM-X: 383418 UTM-Y: 4317836 Depth: 4.5 Value: 81.7 Station: CB3.3E
 --- UTM-X: 383418 UTM-Y: 4317836 Depth: 5 Value: 81.5 Station: CB3.3E
 --- UTM-X: 383418 UTM-Y: 4317836 Depth: 5.5 Value: 81.4 Station: CB3.3E
 --- UTM-X: 383418 UTM-Y: 4317836 Depth: 6 Value: 81.3 Station: CB3.3E
 --- UTM-X: 379813 UTM-Y: 4318075 Depth: 0 Value: 83.5 Station: CB3.3W
 --- UTM-X: 379813 UTM-Y: 4318075 Depth: 0.5 Value: 83.5 Station: CB3.3W
 --- UTM-X: 379813 UTM-Y: 4318075 Depth: 1 Value: 83.5 Station: CB3.3W
 --- UTM-X: 379813 UTM-Y: 4318075 Depth: 1.5 Value: 83.4 Station: CB3.3W
 --- UTM-X: 379813 UTM-Y: 4318075 Depth: 2 Value: 83.3 Station: CB3.3W
 --- UTM-X: 379813 UTM-Y: 4318075 Depth: 2.5 Value: 83.2 Station: CB3.3W
 --- UTM-X: 379813 UTM-Y: 4318075 Depth: 3 Value: 83.1 Station: CB3.3W
 --- UTM-X: 379813 UTM-Y: 4318075 Depth: 3.5 Value: 83.1 Station: CB3.3W
 --- UTM-X: 379813 UTM-Y: 4318075 Depth: 4 Value: 83.1 Station: CB3.3W
 --- UTM-X: 379813 UTM-Y: 4318075 Depth: 4.5 Value: 82.9 Station: CB3.3W
 --- UTM-X: 379813 UTM-Y: 4318075 Depth: 5 Value: 82.8 Station: CB3.3W
 --- UTM-X: 379813 UTM-Y: 4318075 Depth: 5.5 Value: 82.8 Station: CB3.3W
 --- UTM-X: 379813 UTM-Y: 4318075 Depth: 6 Value: 82.8 Station: CB3.3W
 --- UTM-X: 379813 UTM-Y: 4318075 Depth: 6.5 Value: 82.8 Station: CB3.3W
 --- UTM-X: 379813 UTM-Y: 4318075 Depth: 7 Value: 82.8 Station: CB3.3W
 --- UTM-X: 394661 UTM-Y: 4316568 Depth: 0 Value: 83.7 Station: ET4.2
 --- UTM-X: 394661 UTM-Y: 4316568 Depth: 0.5 Value: 83.6 Station: ET4.2
 --- UTM-X: 394661 UTM-Y: 4316568 Depth: 1 Value: 83.5 Station: ET4.2
 --- UTM-X: 394661 UTM-Y: 4316568 Depth: 1.5 Value: 83.5 Station: ET4.2
 --- UTM-X: 394661 UTM-Y: 4316568 Depth: 2 Value: 83.5 Station: ET4.2
 --- UTM-X: 394661 UTM-Y: 4316568 Depth: 2.5 Value: 83.4 Station: ET4.2
 --- UTM-X: 394661 UTM-Y: 4316568 Depth: 3 Value: 83.3 Station: ET4.2
 --- UTM-X: 394661 UTM-Y: 4316568 Depth: 3.5 Value: 83.3 Station: ET4.2
 --- UTM-X: 394661 UTM-Y: 4316568 Depth: 4 Value: 83.3 Station: ET4.2
 --- UTM-X: 394661 UTM-Y: 4316568 Depth: 4.5 Value: 83.2 Station: ET4.2
 --- UTM-X: 394661 UTM-Y: 4316568 Depth: 5 Value: 83.1 Station: ET4.2
 --- UTM-X: 394661 UTM-Y: 4316568 Depth: 5.5 Value: 82.8 Station: ET4.2
 --- UTM-X: 394661 UTM-Y: 4316568 Depth: 6 Value: 82.6 Station: ET4.2
 --- UTM-X: 394661 UTM-Y: 4316568 Depth: 6.5 Value: 80.3 Station: ET4.2
 --- UTM-X: 394661 UTM-Y: 4316568 Depth: 7 Value: 78.1 Station: ET4.2
 --- UTM-X: 394661 UTM-Y: 4316568 Depth: 7.5 Value: 76.8 Station: ET4.2
 --- UTM-X: 394661 UTM-Y: 4316568 Depth: 8 Value: 75.6 Station: ET4.2
 --- UTM-X: 394661 UTM-Y: 4316568 Depth: 8.5 Value: 75.3 Station: ET4.2
 --- UTM-X: 394661 UTM-Y: 4316568 Depth: 9 Value: 75 Station: ET4.2
 --- UTM-X: 394661 UTM-Y: 4316568 Depth: 9.5 Value: 74.7 Station: ET4.2
 --- UTM-X: 391935 UTM-Y: 4314323 Depth: 0 Value: 82.9 Station: XGG8251
 --- 1821 cells were interpolated in region CHSMH.  Subtotal: 60010 total cells.
 ---- Region was calculated in 0 seconds. Segment volume (m^3) = 455250000
 
 - Bathymetry Region ID: 1017  Region Name: EASMH  Data Points: 165 in data region 1017
 -- Cell Size  E-W: 500  N-S: 500  Vertical: 1
 --- Data in Region ---
 --- UTM-X: 378499 UTM-Y: 4298300 Depth: 0 Value: 83.1 Station: CB4.1C
 --- UTM-X: 378499 UTM-Y: 4298300 Depth: 0.5 Value: 82.8 Station: CB4.1C
 --- UTM-X: 378499 UTM-Y: 4298300 Depth: 1 Value: 82.6 Station: CB4.1C
 --- UTM-X: 378499 UTM-Y: 4298300 Depth: 1.5 Value: 82.6 Station: CB4.1C
 --- UTM-X: 378499 UTM-Y: 4298300 Depth: 2 Value: 82.6 Station: CB4.1C
 --- UTM-X: 378499 UTM-Y: 4298300 Depth: 2.5 Value: 82.6 Station: CB4.1C
 --- UTM-X: 378499 UTM-Y: 4298300 Depth: 3 Value: 82.6 Station: CB4.1C
 --- UTM-X: 378499 UTM-Y: 4298300 Depth: 3.5 Value: 82 Station: CB4.1C
 --- UTM-X: 378499 UTM-Y: 4298300 Depth: 4 Value: 81.5 Station: CB4.1C
 --- UTM-X: 378499 UTM-Y: 4298300 Depth: 4.5 Value: 81.5 Station: CB4.1C
 --- UTM-X: 378499 UTM-Y: 4298300 Depth: 5 Value: 81.5 Station: CB4.1C
 --- UTM-X: 378499 UTM-Y: 4298300 Depth: 5.5 Value: 81 Station: CB4.1C
 --- UTM-X: 378499 UTM-Y: 4298300 Depth: 6 Value: 80.6 Station: CB4.1C
 --- UTM-X: 378499 UTM-Y: 4298300 Depth: 6.5 Value: 80.5 Station: CB4.1C
 --- UTM-X: 378499 UTM-Y: 4298300 Depth: 7 Value: 80.4 Station: CB4.1C
 --- UTM-X: 378499 UTM-Y: 4298300 Depth: 7.5 Value: 80.2 Station: CB4.1C
 --- UTM-X: 378499 UTM-Y: 4298300 Depth: 8 Value: 80.1 Station: CB4.1C
 --- UTM-X: 378499 UTM-Y: 4298300 Depth: 8.5 Value: 79.2 Station: CB4.1C
 --- UTM-X: 378499 UTM-Y: 4298300 Depth: 9 Value: 78.4 Station: CB4.1C
 --- UTM-X: 378499 UTM-Y: 4298300 Depth: 9.5 Value: 77.9 Station: CB4.1C
 --- UTM-X: 378499 UTM-Y: 4298300 Depth: 10 Value: 77.4 Station: CB4.1C
 --- UTM-X: 378499 UTM-Y: 4298300 Depth: 10.5 Value: 75.6 Station: CB4.1C
 --- UTM-X: 378499 UTM-Y: 4298300 Depth: 11 Value: 73.8 Station: CB4.1C
 --- UTM-X: 378499 UTM-Y: 4298300 Depth: 11.5 Value: 73.1 Station: CB4.1C
 --- UTM-X: 378499 UTM-Y: 4298300 Depth: 12 Value: 72.5 Station: CB4.1C
 --- UTM-X: 378499 UTM-Y: 4298300 Depth: 12.5 Value: 72 Station: CB4.1C
 --- UTM-X: 378499 UTM-Y: 4298300 Depth: 13 Value: 71.4 Station: CB4.1C
 --- UTM-X: 378499 UTM-Y: 4298300 Depth: 13.5 Value: 71.3 Station: CB4.1C
 --- UTM-X: 378499 UTM-Y: 4298300 Depth: 14 Value: 71.2 Station: CB4.1C
 --- UTM-X: 378499 UTM-Y: 4298300 Depth: 14.5 Value: 71.2 Station: CB4.1C
 --- UTM-X: 378499 UTM-Y: 4298300 Depth: 15 Value: 71.1 Station: CB4.1C
 --- UTM-X: 378499 UTM-Y: 4298300 Depth: 15.5 Value: 71 Station: CB4.1C
 --- UTM-X: 378499 UTM-Y: 4298300 Depth: 16 Value: 71 Station: CB4.1C
 --- UTM-X: 378499 UTM-Y: 4298300 Depth: 16.5 Value: 70.9 Station: CB4.1C
 --- UTM-X: 378499 UTM-Y: 4298300 Depth: 17 Value: 70.9 Station: CB4.1C
 --- UTM-X: 378499 UTM-Y: 4298300 Depth: 17.5 Value: 70.8 Station: CB4.1C
 --- UTM-X: 378499 UTM-Y: 4298300 Depth: 18 Value: 70.8 Station: CB4.1C
 --- UTM-X: 378499 UTM-Y: 4298300 Depth: 18.5 Value: 70.7 Station: CB4.1C
 --- UTM-X: 378499 UTM-Y: 4298300 Depth: 19 Value: 70.7 Station: CB4.1C
 --- UTM-X: 378499 UTM-Y: 4298300 Depth: 19.5 Value: 70.7 Station: CB4.1C
 --- UTM-X: 378499 UTM-Y: 4298300 Depth: 20 Value: 70.7 Station: CB4.1C
 --- UTM-X: 378499 UTM-Y: 4298300 Depth: 20.5 Value: 70.7 Station: CB4.1C
 --- UTM-X: 378499 UTM-Y: 4298300 Depth: 21 Value: 70.7 Station: CB4.1C
 --- UTM-X: 378499 UTM-Y: 4298300 Depth: 21.5 Value: 70.7 Station: CB4.1C
 --- UTM-X: 378499 UTM-Y: 4298300 Depth: 22 Value: 70.7 Station: CB4.1C
 --- UTM-X: 378499 UTM-Y: 4298300 Depth: 22.5 Value: 70.7 Station: CB4.1C
 --- UTM-X: 378499 UTM-Y: 4298300 Depth: 23 Value: 70.7 Station: CB4.1C
 --- UTM-X: 378499 UTM-Y: 4298300 Depth: 23.5 Value: 70.7 Station: CB4.1C
 --- UTM-X: 378499 UTM-Y: 4298300 Depth: 24 Value: 70.7 Station: CB4.1C
 --- UTM-X: 378499 UTM-Y: 4298300 Depth: 24.5 Value: 70.7 Station: CB4.1C
 --- UTM-X: 378499 UTM-Y: 4298300 Depth: 25 Value: 70.7 Station: CB4.1C
 --- UTM-X: 378499 UTM-Y: 4298300 Depth: 25.5 Value: 70.7 Station: CB4.1C
 --- UTM-X: 378499 UTM-Y: 4298300 Depth: 26 Value: 70.7 Station: CB4.1C
 --- UTM-X: 378499 UTM-Y: 4298300 Depth: 26.5 Value: 70.7 Station: CB4.1C
 --- UTM-X: 378499 UTM-Y: 4298300 Depth: 27 Value: 70.7 Station: CB4.1C
 --- UTM-X: 378499 UTM-Y: 4298300 Depth: 27.5 Value: 70.7 Station: CB4.1C
 --- UTM-X: 378499 UTM-Y: 4298300 Depth: 28 Value: 70.7 Station: CB4.1C
 --- UTM-X: 378499 UTM-Y: 4298300 Depth: 28.5 Value: 70.7 Station: CB4.1C
 --- UTM-X: 378499 UTM-Y: 4298300 Depth: 29 Value: 70.7 Station: CB4.1C
 --- UTM-X: 380969 UTM-Y: 4297307 Depth: 0 Value: 83.1 Station: CB4.1E
 --- UTM-X: 380969 UTM-Y: 4297307 Depth: 0.5 Value: 83.1 Station: CB4.1E
 --- UTM-X: 380969 UTM-Y: 4297307 Depth: 1 Value: 83.1 Station: CB4.1E
 --- UTM-X: 380969 UTM-Y: 4297307 Depth: 1.5 Value: 83.1 Station: CB4.1E
 --- UTM-X: 380969 UTM-Y: 4297307 Depth: 2 Value: 83.1 Station: CB4.1E
 --- UTM-X: 380969 UTM-Y: 4297307 Depth: 2.5 Value: 83.1 Station: CB4.1E
 --- UTM-X: 380969 UTM-Y: 4297307 Depth: 3 Value: 83.1 Station: CB4.1E
 --- UTM-X: 380969 UTM-Y: 4297307 Depth: 3.5 Value: 82.8 Station: CB4.1E
 --- UTM-X: 380969 UTM-Y: 4297307 Depth: 4 Value: 82.4 Station: CB4.1E
 --- UTM-X: 380969 UTM-Y: 4297307 Depth: 4.5 Value: 82.3 Station: CB4.1E
 --- UTM-X: 380969 UTM-Y: 4297307 Depth: 5 Value: 82.2 Station: CB4.1E
 --- UTM-X: 380969 UTM-Y: 4297307 Depth: 5.5 Value: 82.2 Station: CB4.1E
 --- UTM-X: 380969 UTM-Y: 4297307 Depth: 6 Value: 82.2 Station: CB4.1E
 --- UTM-X: 380969 UTM-Y: 4297307 Depth: 6.5 Value: 81.9 Station: CB4.1E
 --- UTM-X: 380969 UTM-Y: 4297307 Depth: 7 Value: 81.5 Station: CB4.1E
 --- UTM-X: 380969 UTM-Y: 4297307 Depth: 7.5 Value: 80.6 Station: CB4.1E
 --- UTM-X: 380969 UTM-Y: 4297307 Depth: 8 Value: 79.7 Station: CB4.1E
 --- UTM-X: 380969 UTM-Y: 4297307 Depth: 8.5 Value: 79.7 Station: CB4.1E
 --- UTM-X: 380969 UTM-Y: 4297307 Depth: 9 Value: 79.7 Station: CB4.1E
 --- UTM-X: 380969 UTM-Y: 4297307 Depth: 9.5 Value: 78.9 Station: CB4.1E
 --- UTM-X: 380969 UTM-Y: 4297307 Depth: 10 Value: 78.1 Station: CB4.1E
 --- UTM-X: 380969 UTM-Y: 4297307 Depth: 10.5 Value: 77.3 Station: CB4.1E
 --- UTM-X: 380969 UTM-Y: 4297307 Depth: 11 Value: 76.5 Station: CB4.1E
 --- UTM-X: 380969 UTM-Y: 4297307 Depth: 11.5 Value: 76 Station: CB4.1E
 --- UTM-X: 380969 UTM-Y: 4297307 Depth: 12 Value: 75.6 Station: CB4.1E
 --- UTM-X: 380969 UTM-Y: 4297307 Depth: 12.5 Value: 75.1 Station: CB4.1E
 --- UTM-X: 380969 UTM-Y: 4297307 Depth: 13 Value: 74.7 Station: CB4.1E
 --- UTM-X: 380969 UTM-Y: 4297307 Depth: 13.5 Value: 74.4 Station: CB4.1E
 --- UTM-X: 380969 UTM-Y: 4297307 Depth: 14 Value: 74.1 Station: CB4.1E
 --- UTM-X: 380969 UTM-Y: 4297307 Depth: 14.5 Value: 73.6 Station: CB4.1E
 --- UTM-X: 380969 UTM-Y: 4297307 Depth: 15 Value: 73 Station: CB4.1E
 --- UTM-X: 380969 UTM-Y: 4297307 Depth: 15.5 Value: 73 Station: CB4.1E
 --- UTM-X: 380969 UTM-Y: 4297307 Depth: 16 Value: 73 Station: CB4.1E
 --- UTM-X: 380969 UTM-Y: 4297307 Depth: 16.5 Value: 72.9 Station: CB4.1E
 --- UTM-X: 380969 UTM-Y: 4297307 Depth: 17 Value: 72.7 Station: CB4.1E
 --- UTM-X: 380969 UTM-Y: 4297307 Depth: 17.5 Value: 72.5 Station: CB4.1E
 --- UTM-X: 380969 UTM-Y: 4297307 Depth: 18 Value: 72.2 Station: CB4.1E
 --- UTM-X: 380969 UTM-Y: 4297307 Depth: 18.5 Value: 72 Station: CB4.1E
 --- UTM-X: 380969 UTM-Y: 4297307 Depth: 19 Value: 71.8 Station: CB4.1E
 --- UTM-X: 380969 UTM-Y: 4297307 Depth: 19.5 Value: 71.7 Station: CB4.1E
 --- UTM-X: 380969 UTM-Y: 4297307 Depth: 20 Value: 71.7 Station: CB4.1E
 --- UTM-X: 380969 UTM-Y: 4297307 Depth: 20.5 Value: 71.6 Station: CB4.1E
 --- UTM-X: 380969 UTM-Y: 4297307 Depth: 21 Value: 71.6 Station: CB4.1E
 --- UTM-X: 380969 UTM-Y: 4297307 Depth: 21.5 Value: 71.6 Station: CB4.1E
 --- UTM-X: 380969 UTM-Y: 4297307 Depth: 22 Value: 71.6 Station: CB4.1E
 --- UTM-X: 373004 UTM-Y: 4297091 Depth: 0 Value: 85.3 Station: CB4.1W
 --- UTM-X: 373004 UTM-Y: 4297091 Depth: 0.5 Value: 85.2 Station: CB4.1W
 --- UTM-X: 373004 UTM-Y: 4297091 Depth: 1 Value: 85.1 Station: CB4.1W
 --- UTM-X: 373004 UTM-Y: 4297091 Depth: 1.5 Value: 84.4 Station: CB4.1W
 --- UTM-X: 373004 UTM-Y: 4297091 Depth: 2 Value: 83.7 Station: CB4.1W
 --- UTM-X: 373004 UTM-Y: 4297091 Depth: 2.5 Value: 82.9 Station: CB4.1W
 --- UTM-X: 373004 UTM-Y: 4297091 Depth: 3 Value: 82.2 Station: CB4.1W
 --- UTM-X: 373004 UTM-Y: 4297091 Depth: 3.5 Value: 82.2 Station: CB4.1W
 --- UTM-X: 373004 UTM-Y: 4297091 Depth: 4 Value: 82.2 Station: CB4.1W
 --- UTM-X: 373004 UTM-Y: 4297091 Depth: 4.5 Value: 82.1 Station: CB4.1W
 --- UTM-X: 373004 UTM-Y: 4297091 Depth: 5 Value: 82 Station: CB4.1W
 --- UTM-X: 373004 UTM-Y: 4297091 Depth: 5.5 Value: 82 Station: CB4.1W
 --- UTM-X: 373004 UTM-Y: 4297091 Depth: 6 Value: 82 Station: CB4.1W
 --- UTM-X: 373004 UTM-Y: 4297091 Depth: 6.5 Value: 82 Station: CB4.1W
 --- UTM-X: 373004 UTM-Y: 4297091 Depth: 7 Value: 81.9 Station: CB4.1W
 --- UTM-X: 391609 UTM-Y: 4304585 Depth: 0 Value: 84.2 Station: EE1.1
 --- UTM-X: 391609 UTM-Y: 4304585 Depth: 0.5 Value: 84.2 Station: EE1.1
 --- UTM-X: 391609 UTM-Y: 4304585 Depth: 1 Value: 84.2 Station: EE1.1
 --- UTM-X: 391609 UTM-Y: 4304585 Depth: 1.5 Value: 84.1 Station: EE1.1
 --- UTM-X: 391609 UTM-Y: 4304585 Depth: 2 Value: 84 Station: EE1.1
 --- UTM-X: 391609 UTM-Y: 4304585 Depth: 2.5 Value: 84 Station: EE1.1
 --- UTM-X: 391609 UTM-Y: 4304585 Depth: 3 Value: 84 Station: EE1.1
 --- UTM-X: 391609 UTM-Y: 4304585 Depth: 3.5 Value: 83.9 Station: EE1.1
 --- UTM-X: 391609 UTM-Y: 4304585 Depth: 4 Value: 83.8 Station: EE1.1
 --- UTM-X: 391609 UTM-Y: 4304585 Depth: 4.5 Value: 83.8 Station: EE1.1
 --- UTM-X: 391609 UTM-Y: 4304585 Depth: 5 Value: 83.7 Station: EE1.1
 --- UTM-X: 391609 UTM-Y: 4304585 Depth: 5.5 Value: 83.6 Station: EE1.1
 --- UTM-X: 391609 UTM-Y: 4304585 Depth: 6 Value: 83.5 Station: EE1.1
 --- UTM-X: 391609 UTM-Y: 4304585 Depth: 6.5 Value: 83.7 Station: EE1.1
 --- UTM-X: 391609 UTM-Y: 4304585 Depth: 7 Value: 83.8 Station: EE1.1
 --- UTM-X: 391609 UTM-Y: 4304585 Depth: 7.5 Value: 82.6 Station: EE1.1
 --- UTM-X: 391609 UTM-Y: 4304585 Depth: 8 Value: 81.3 Station: EE1.1
 --- UTM-X: 391609 UTM-Y: 4304585 Depth: 8.5 Value: 80.4 Station: EE1.1
 --- UTM-X: 391609 UTM-Y: 4304585 Depth: 9 Value: 79.5 Station: EE1.1
 --- UTM-X: 391609 UTM-Y: 4304585 Depth: 9.5 Value: 77.9 Station: EE1.1
 --- UTM-X: 391609 UTM-Y: 4304585 Depth: 10 Value: 76.3 Station: EE1.1
 --- UTM-X: 391609 UTM-Y: 4304585 Depth: 10.5 Value: 75.7 Station: EE1.1
 --- UTM-X: 391609 UTM-Y: 4304585 Depth: 11 Value: 75.2 Station: EE1.1
 --- UTM-X: 391609 UTM-Y: 4304585 Depth: 11.5 Value: 74.7 Station: EE1.1
 --- UTM-X: 391609 UTM-Y: 4304585 Depth: 12 Value: 74.1 Station: EE1.1
 --- UTM-X: 394661 UTM-Y: 4316568 Depth: 0 Value: 83.7 Station: ET4.2
 --- UTM-X: 394661 UTM-Y: 4316568 Depth: 0.5 Value: 83.6 Station: ET4.2
 --- UTM-X: 394661 UTM-Y: 4316568 Depth: 1 Value: 83.5 Station: ET4.2
 --- UTM-X: 394661 UTM-Y: 4316568 Depth: 1.5 Value: 83.5 Station: ET4.2
 --- UTM-X: 394661 UTM-Y: 4316568 Depth: 2 Value: 83.5 Station: ET4.2
 --- UTM-X: 394661 UTM-Y: 4316568 Depth: 2.5 Value: 83.4 Station: ET4.2
 --- UTM-X: 394661 UTM-Y: 4316568 Depth: 3 Value: 83.3 Station: ET4.2
 --- UTM-X: 394661 UTM-Y: 4316568 Depth: 3.5 Value: 83.3 Station: ET4.2
 --- UTM-X: 394661 UTM-Y: 4316568 Depth: 4 Value: 83.3 Station: ET4.2
 --- UTM-X: 394661 UTM-Y: 4316568 Depth: 4.5 Value: 83.2 Station: ET4.2
 --- UTM-X: 394661 UTM-Y: 4316568 Depth: 5 Value: 83.1 Station: ET4.2
 --- UTM-X: 394661 UTM-Y: 4316568 Depth: 5.5 Value: 82.8 Station: ET4.2
 --- UTM-X: 394661 UTM-Y: 4316568 Depth: 6 Value: 82.6 Station: ET4.2
 --- UTM-X: 394661 UTM-Y: 4316568 Depth: 6.5 Value: 80.3 Station: ET4.2
 --- UTM-X: 394661 UTM-Y: 4316568 Depth: 7 Value: 78.1 Station: ET4.2
 --- UTM-X: 394661 UTM-Y: 4316568 Depth: 7.5 Value: 76.8 Station: ET4.2
 --- UTM-X: 394661 UTM-Y: 4316568 Depth: 8 Value: 75.6 Station: ET4.2
 --- UTM-X: 394661 UTM-Y: 4316568 Depth: 8.5 Value: 75.3 Station: ET4.2
 --- UTM-X: 394661 UTM-Y: 4316568 Depth: 9 Value: 75 Station: ET4.2
 --- UTM-X: 394661 UTM-Y: 4316568 Depth: 9.5 Value: 74.7 Station: ET4.2
 --- UTM-X: 391935 UTM-Y: 4314323 Depth: 0 Value: 82.9 Station: XGG8251
 --- 3987 cells were interpolated in region EASMH.  Subtotal: 63997 total cells.
 ---- Region was calculated in 0 seconds. Segment volume (m^3) = 996750000
 
 - Bathymetry Region ID: 1018  Region Name: CHOTF  Data Points: 33 in data region 1018
 -- Cell Size  E-W: 50  N-S: 50  Vertical: 1
 --- Data in Region ---
 --- UTM-X: 420824 UTM-Y: 4295761 Depth: 0 Value: 85.3 Station: ET5.1
 --- UTM-X: 420824 UTM-Y: 4295761 Depth: 0.5 Value: 85.5 Station: ET5.1
 --- UTM-X: 420824 UTM-Y: 4295761 Depth: 1 Value: 85.6 Station: ET5.1
 --- UTM-X: 420824 UTM-Y: 4295761 Depth: 1.5 Value: 85.6 Station: ET5.1
 --- UTM-X: 420824 UTM-Y: 4295761 Depth: 2 Value: 85.6 Station: ET5.1
 --- UTM-X: 420824 UTM-Y: 4295761 Depth: 2.5 Value: 85.6 Station: ET5.1
 --- UTM-X: 420824 UTM-Y: 4295761 Depth: 3 Value: 85.6 Station: ET5.1
 --- UTM-X: 420824 UTM-Y: 4295761 Depth: 3.5 Value: 85.6 Station: ET5.1
 --- UTM-X: 420824 UTM-Y: 4295761 Depth: 4 Value: 85.6 Station: ET5.1
 --- UTM-X: 420824 UTM-Y: 4295761 Depth: 4.5 Value: 85.6 Station: ET5.1
 --- UTM-X: 420824 UTM-Y: 4295761 Depth: 5 Value: 85.6 Station: ET5.1
 --- UTM-X: 407846 UTM-Y: 4270714 Depth: 0 Value: 84.4 Station: ET5.2
 --- UTM-X: 407846 UTM-Y: 4270714 Depth: 0.5 Value: 84.4 Station: ET5.2
 --- UTM-X: 407846 UTM-Y: 4270714 Depth: 1 Value: 84.4 Station: ET5.2
 --- UTM-X: 407846 UTM-Y: 4270714 Depth: 1.5 Value: 84.4 Station: ET5.2
 --- UTM-X: 407846 UTM-Y: 4270714 Depth: 2 Value: 84.4 Station: ET5.2
 --- UTM-X: 407846 UTM-Y: 4270714 Depth: 2.5 Value: 84.4 Station: ET5.2
 --- UTM-X: 407846 UTM-Y: 4270714 Depth: 3 Value: 84.4 Station: ET5.2
 --- UTM-X: 407846 UTM-Y: 4270714 Depth: 3.5 Value: 84.5 Station: ET5.2
 --- UTM-X: 407846 UTM-Y: 4270714 Depth: 4 Value: 84.6 Station: ET5.2
 --- UTM-X: 407846 UTM-Y: 4270714 Depth: 4.5 Value: 84.6 Station: ET5.2
 --- UTM-X: 407846 UTM-Y: 4270714 Depth: 5 Value: 84.6 Station: ET5.2
 --- UTM-X: 407846 UTM-Y: 4270714 Depth: 5.5 Value: 84.6 Station: ET5.2
 --- UTM-X: 407846 UTM-Y: 4270714 Depth: 6 Value: 84.6 Station: ET5.2
 --- UTM-X: 407846 UTM-Y: 4270714 Depth: 6.5 Value: 84.5 Station: ET5.2
 --- UTM-X: 407846 UTM-Y: 4270714 Depth: 7 Value: 84.4 Station: ET5.2
 --- UTM-X: 407846 UTM-Y: 4270714 Depth: 7.5 Value: 84.4 Station: ET5.2
 --- UTM-X: 407846 UTM-Y: 4270714 Depth: 8 Value: 84.4 Station: ET5.2
 --- UTM-X: 407846 UTM-Y: 4270714 Depth: 8.5 Value: 84.4 Station: ET5.2
 --- UTM-X: 407846 UTM-Y: 4270714 Depth: 9 Value: 84.4 Station: ET5.2
 --- UTM-X: 407846 UTM-Y: 4270714 Depth: 9.5 Value: 84.4 Station: ET5.2
 --- UTM-X: 407846 UTM-Y: 4270714 Depth: 10 Value: 84.4 Station: ET5.2
 --- UTM-X: 407846 UTM-Y: 4270714 Depth: 10.5 Value: 84.4 Station: ET5.2
 --- 6129 cells were interpolated in region CHOTF.  Subtotal: 70126 total cells.
 ---- Region was calculated in 0 seconds. Segment volume (m^3) = 15322500
 
 - Bathymetry Region ID: 1019  Region Name: CHOOH  Data Points: 48 in data region 1019
 -- Cell Size  E-W: 250  N-S: 250  Vertical: 1
 --- Data in Region ---
 --- UTM-X: 389081 UTM-Y: 4278722 Depth: 0 Value: 83.8 Station: EE2.1
 --- UTM-X: 389081 UTM-Y: 4278722 Depth: 0.5 Value: 83.8 Station: EE2.1
 --- UTM-X: 389081 UTM-Y: 4278722 Depth: 1 Value: 83.7 Station: EE2.1
 --- UTM-X: 389081 UTM-Y: 4278722 Depth: 1.5 Value: 83.5 Station: EE2.1
 --- UTM-X: 389081 UTM-Y: 4278722 Depth: 2 Value: 83.3 Station: EE2.1
 --- UTM-X: 389081 UTM-Y: 4278722 Depth: 2.5 Value: 83.2 Station: EE2.1
 --- UTM-X: 389081 UTM-Y: 4278722 Depth: 3 Value: 83.1 Station: EE2.1
 --- UTM-X: 389081 UTM-Y: 4278722 Depth: 3.5 Value: 83.1 Station: EE2.1
 --- UTM-X: 389081 UTM-Y: 4278722 Depth: 4 Value: 83.1 Station: EE2.1
 --- UTM-X: 389081 UTM-Y: 4278722 Depth: 4.5 Value: 83.1 Station: EE2.1
 --- UTM-X: 389081 UTM-Y: 4278722 Depth: 5 Value: 83.1 Station: EE2.1
 --- UTM-X: 389081 UTM-Y: 4278722 Depth: 5.5 Value: 83.1 Station: EE2.1
 --- UTM-X: 389081 UTM-Y: 4278722 Depth: 6 Value: 83.1 Station: EE2.1
 --- UTM-X: 389081 UTM-Y: 4278722 Depth: 6.5 Value: 83.2 Station: EE2.1
 --- UTM-X: 389081 UTM-Y: 4278722 Depth: 7 Value: 83.3 Station: EE2.1
 --- UTM-X: 420824 UTM-Y: 4295761 Depth: 0 Value: 85.3 Station: ET5.1
 --- UTM-X: 420824 UTM-Y: 4295761 Depth: 0.5 Value: 85.5 Station: ET5.1
 --- UTM-X: 420824 UTM-Y: 4295761 Depth: 1 Value: 85.6 Station: ET5.1
 --- UTM-X: 420824 UTM-Y: 4295761 Depth: 1.5 Value: 85.6 Station: ET5.1
 --- UTM-X: 420824 UTM-Y: 4295761 Depth: 2 Value: 85.6 Station: ET5.1
 --- UTM-X: 420824 UTM-Y: 4295761 Depth: 2.5 Value: 85.6 Station: ET5.1
 --- UTM-X: 420824 UTM-Y: 4295761 Depth: 3 Value: 85.6 Station: ET5.1
 --- UTM-X: 420824 UTM-Y: 4295761 Depth: 3.5 Value: 85.6 Station: ET5.1
 --- UTM-X: 420824 UTM-Y: 4295761 Depth: 4 Value: 85.6 Station: ET5.1
 --- UTM-X: 420824 UTM-Y: 4295761 Depth: 4.5 Value: 85.6 Station: ET5.1
 --- UTM-X: 420824 UTM-Y: 4295761 Depth: 5 Value: 85.6 Station: ET5.1
 --- UTM-X: 407846 UTM-Y: 4270714 Depth: 0 Value: 84.4 Station: ET5.2
 --- UTM-X: 407846 UTM-Y: 4270714 Depth: 0.5 Value: 84.4 Station: ET5.2
 --- UTM-X: 407846 UTM-Y: 4270714 Depth: 1 Value: 84.4 Station: ET5.2
 --- UTM-X: 407846 UTM-Y: 4270714 Depth: 1.5 Value: 84.4 Station: ET5.2
 --- UTM-X: 407846 UTM-Y: 4270714 Depth: 2 Value: 84.4 Station: ET5.2
 --- UTM-X: 407846 UTM-Y: 4270714 Depth: 2.5 Value: 84.4 Station: ET5.2
 --- UTM-X: 407846 UTM-Y: 4270714 Depth: 3 Value: 84.4 Station: ET5.2
 --- UTM-X: 407846 UTM-Y: 4270714 Depth: 3.5 Value: 84.5 Station: ET5.2
 --- UTM-X: 407846 UTM-Y: 4270714 Depth: 4 Value: 84.6 Station: ET5.2
 --- UTM-X: 407846 UTM-Y: 4270714 Depth: 4.5 Value: 84.6 Station: ET5.2
 --- UTM-X: 407846 UTM-Y: 4270714 Depth: 5 Value: 84.6 Station: ET5.2
 --- UTM-X: 407846 UTM-Y: 4270714 Depth: 5.5 Value: 84.6 Station: ET5.2
 --- UTM-X: 407846 UTM-Y: 4270714 Depth: 6 Value: 84.6 Station: ET5.2
 --- UTM-X: 407846 UTM-Y: 4270714 Depth: 6.5 Value: 84.5 Station: ET5.2
 --- UTM-X: 407846 UTM-Y: 4270714 Depth: 7 Value: 84.4 Station: ET5.2
 --- UTM-X: 407846 UTM-Y: 4270714 Depth: 7.5 Value: 84.4 Station: ET5.2
 --- UTM-X: 407846 UTM-Y: 4270714 Depth: 8 Value: 84.4 Station: ET5.2
 --- UTM-X: 407846 UTM-Y: 4270714 Depth: 8.5 Value: 84.4 Station: ET5.2
 --- UTM-X: 407846 UTM-Y: 4270714 Depth: 9 Value: 84.4 Station: ET5.2
 --- UTM-X: 407846 UTM-Y: 4270714 Depth: 9.5 Value: 84.4 Station: ET5.2
 --- UTM-X: 407846 UTM-Y: 4270714 Depth: 10 Value: 84.4 Station: ET5.2
 --- UTM-X: 407846 UTM-Y: 4270714 Depth: 10.5 Value: 84.4 Station: ET5.2
 --- 722 cells were interpolated in region CHOOH.  Subtotal: 70848 total cells.
 ---- Region was calculated in 0 seconds. Segment volume (m^3) = 45125000
 
 - Bathymetry Region ID: 1020  Region Name: CHOMH2  Data Points: 144 in data region 1020
 -- Cell Size  E-W: 500  N-S: 500  Vertical: 1
 --- Data in Region ---
 --- UTM-X: 376622 UTM-Y: 4278319 Depth: 0 Value: 83.1 Station: CB4.2C
 --- UTM-X: 376622 UTM-Y: 4278319 Depth: 0.5 Value: 83.1 Station: CB4.2C
 --- UTM-X: 376622 UTM-Y: 4278319 Depth: 1 Value: 83.1 Station: CB4.2C
 --- UTM-X: 376622 UTM-Y: 4278319 Depth: 1.5 Value: 82.9 Station: CB4.2C
 --- UTM-X: 376622 UTM-Y: 4278319 Depth: 2 Value: 82.8 Station: CB4.2C
 --- UTM-X: 376622 UTM-Y: 4278319 Depth: 2.5 Value: 82.7 Station: CB4.2C
 --- UTM-X: 376622 UTM-Y: 4278319 Depth: 3 Value: 82.6 Station: CB4.2C
 --- UTM-X: 376622 UTM-Y: 4278319 Depth: 3.5 Value: 82.6 Station: CB4.2C
 --- UTM-X: 376622 UTM-Y: 4278319 Depth: 4 Value: 82.6 Station: CB4.2C
 --- UTM-X: 376622 UTM-Y: 4278319 Depth: 4.5 Value: 82.5 Station: CB4.2C
 --- UTM-X: 376622 UTM-Y: 4278319 Depth: 5 Value: 82.4 Station: CB4.2C
 --- UTM-X: 376622 UTM-Y: 4278319 Depth: 5.5 Value: 82.3 Station: CB4.2C
 --- UTM-X: 376622 UTM-Y: 4278319 Depth: 6 Value: 82.2 Station: CB4.2C
 --- UTM-X: 376622 UTM-Y: 4278319 Depth: 6.5 Value: 81.7 Station: CB4.2C
 --- UTM-X: 376622 UTM-Y: 4278319 Depth: 7 Value: 81.1 Station: CB4.2C
 --- UTM-X: 376622 UTM-Y: 4278319 Depth: 7.5 Value: 79.5 Station: CB4.2C
 --- UTM-X: 376622 UTM-Y: 4278319 Depth: 8 Value: 77.9 Station: CB4.2C
 --- UTM-X: 376622 UTM-Y: 4278319 Depth: 8.5 Value: 76.9 Station: CB4.2C
 --- UTM-X: 376622 UTM-Y: 4278319 Depth: 9 Value: 75.9 Station: CB4.2C
 --- UTM-X: 376622 UTM-Y: 4278319 Depth: 9.5 Value: 74.9 Station: CB4.2C
 --- UTM-X: 376622 UTM-Y: 4278319 Depth: 10 Value: 73.9 Station: CB4.2C
 --- UTM-X: 376622 UTM-Y: 4278319 Depth: 10.5 Value: 73.7 Station: CB4.2C
 --- UTM-X: 376622 UTM-Y: 4278319 Depth: 11 Value: 73.4 Station: CB4.2C
 --- UTM-X: 376622 UTM-Y: 4278319 Depth: 11.5 Value: 73.1 Station: CB4.2C
 --- UTM-X: 376622 UTM-Y: 4278319 Depth: 12 Value: 72.9 Station: CB4.2C
 --- UTM-X: 376622 UTM-Y: 4278319 Depth: 12.5 Value: 72.8 Station: CB4.2C
 --- UTM-X: 376622 UTM-Y: 4278319 Depth: 13 Value: 72.7 Station: CB4.2C
 --- UTM-X: 376622 UTM-Y: 4278319 Depth: 13.5 Value: 72.3 Station: CB4.2C
 --- UTM-X: 376622 UTM-Y: 4278319 Depth: 14 Value: 72 Station: CB4.2C
 --- UTM-X: 376622 UTM-Y: 4278319 Depth: 14.5 Value: 71.7 Station: CB4.2C
 --- UTM-X: 376622 UTM-Y: 4278319 Depth: 15 Value: 71.4 Station: CB4.2C
 --- UTM-X: 376622 UTM-Y: 4278319 Depth: 15.5 Value: 71.4 Station: CB4.2C
 --- UTM-X: 376622 UTM-Y: 4278319 Depth: 16 Value: 71.3 Station: CB4.2C
 --- UTM-X: 376622 UTM-Y: 4278319 Depth: 16.5 Value: 71.3 Station: CB4.2C
 --- UTM-X: 376622 UTM-Y: 4278319 Depth: 17 Value: 71.2 Station: CB4.2C
 --- UTM-X: 376622 UTM-Y: 4278319 Depth: 17.5 Value: 71.2 Station: CB4.2C
 --- UTM-X: 376622 UTM-Y: 4278319 Depth: 18 Value: 71.2 Station: CB4.2C
 --- UTM-X: 376622 UTM-Y: 4278319 Depth: 18.5 Value: 71.1 Station: CB4.2C
 --- UTM-X: 376622 UTM-Y: 4278319 Depth: 19 Value: 71.1 Station: CB4.2C
 --- UTM-X: 376622 UTM-Y: 4278319 Depth: 19.5 Value: 71.1 Station: CB4.2C
 --- UTM-X: 376622 UTM-Y: 4278319 Depth: 20 Value: 71.1 Station: CB4.2C
 --- UTM-X: 376622 UTM-Y: 4278319 Depth: 20.5 Value: 71.1 Station: CB4.2C
 --- UTM-X: 376622 UTM-Y: 4278319 Depth: 21 Value: 71.1 Station: CB4.2C
 --- UTM-X: 376622 UTM-Y: 4278319 Depth: 21.5 Value: 71.1 Station: CB4.2C
 --- UTM-X: 376622 UTM-Y: 4278319 Depth: 22 Value: 71.2 Station: CB4.2C
 --- UTM-X: 376622 UTM-Y: 4278319 Depth: 22.5 Value: 71.2 Station: CB4.2C
 --- UTM-X: 376622 UTM-Y: 4278319 Depth: 23 Value: 71.2 Station: CB4.2C
 --- UTM-X: 376622 UTM-Y: 4278319 Depth: 23.5 Value: 71.2 Station: CB4.2C
 --- UTM-X: 376622 UTM-Y: 4278319 Depth: 24 Value: 71.2 Station: CB4.2C
 --- UTM-X: 376622 UTM-Y: 4278319 Depth: 24.5 Value: 71.2 Station: CB4.2C
 --- UTM-X: 376622 UTM-Y: 4278319 Depth: 25 Value: 71.2 Station: CB4.2C
 --- UTM-X: 378169 UTM-Y: 4278295 Depth: 0 Value: 83.7 Station: CB4.2E
 --- UTM-X: 378169 UTM-Y: 4278295 Depth: 0.5 Value: 83.4 Station: CB4.2E
 --- UTM-X: 378169 UTM-Y: 4278295 Depth: 1 Value: 83.1 Station: CB4.2E
 --- UTM-X: 378169 UTM-Y: 4278295 Depth: 1.5 Value: 82.9 Station: CB4.2E
 --- UTM-X: 378169 UTM-Y: 4278295 Depth: 2 Value: 82.8 Station: CB4.2E
 --- UTM-X: 378169 UTM-Y: 4278295 Depth: 2.5 Value: 82.8 Station: CB4.2E
 --- UTM-X: 378169 UTM-Y: 4278295 Depth: 3 Value: 82.8 Station: CB4.2E
 --- UTM-X: 378169 UTM-Y: 4278295 Depth: 3.5 Value: 82.8 Station: CB4.2E
 --- UTM-X: 378169 UTM-Y: 4278295 Depth: 4 Value: 82.8 Station: CB4.2E
 --- UTM-X: 378169 UTM-Y: 4278295 Depth: 4.5 Value: 82.7 Station: CB4.2E
 --- UTM-X: 378169 UTM-Y: 4278295 Depth: 5 Value: 82.6 Station: CB4.2E
 --- UTM-X: 378169 UTM-Y: 4278295 Depth: 5.5 Value: 81.5 Station: CB4.2E
 --- UTM-X: 378169 UTM-Y: 4278295 Depth: 6 Value: 80.4 Station: CB4.2E
 --- UTM-X: 378169 UTM-Y: 4278295 Depth: 6.5 Value: 80 Station: CB4.2E
 --- UTM-X: 378169 UTM-Y: 4278295 Depth: 7 Value: 79.5 Station: CB4.2E
 --- UTM-X: 378169 UTM-Y: 4278295 Depth: 7.5 Value: 79.3 Station: CB4.2E
 --- UTM-X: 378169 UTM-Y: 4278295 Depth: 8 Value: 79.2 Station: CB4.2E
 --- UTM-X: 378916 UTM-Y: 4268479 Depth: 0 Value: 82.4 Station: CB4.3E
 --- UTM-X: 378916 UTM-Y: 4268479 Depth: 0.5 Value: 82.4 Station: CB4.3E
 --- UTM-X: 378916 UTM-Y: 4268479 Depth: 1 Value: 82.4 Station: CB4.3E
 --- UTM-X: 378916 UTM-Y: 4268479 Depth: 1.5 Value: 82.3 Station: CB4.3E
 --- UTM-X: 378916 UTM-Y: 4268479 Depth: 2 Value: 82.2 Station: CB4.3E
 --- UTM-X: 378916 UTM-Y: 4268479 Depth: 2.5 Value: 82.2 Station: CB4.3E
 --- UTM-X: 378916 UTM-Y: 4268479 Depth: 3 Value: 82.2 Station: CB4.3E
 --- UTM-X: 378916 UTM-Y: 4268479 Depth: 3.5 Value: 82.3 Station: CB4.3E
 --- UTM-X: 378916 UTM-Y: 4268479 Depth: 4 Value: 82.4 Station: CB4.3E
 --- UTM-X: 378916 UTM-Y: 4268479 Depth: 4.5 Value: 82.4 Station: CB4.3E
 --- UTM-X: 378916 UTM-Y: 4268479 Depth: 5 Value: 82.4 Station: CB4.3E
 --- UTM-X: 378916 UTM-Y: 4268479 Depth: 5.5 Value: 82.4 Station: CB4.3E
 --- UTM-X: 378916 UTM-Y: 4268479 Depth: 6 Value: 82.4 Station: CB4.3E
 --- UTM-X: 378916 UTM-Y: 4268479 Depth: 6.5 Value: 82.4 Station: CB4.3E
 --- UTM-X: 378916 UTM-Y: 4268479 Depth: 7 Value: 82.4 Station: CB4.3E
 --- UTM-X: 378916 UTM-Y: 4268479 Depth: 7.5 Value: 82.4 Station: CB4.3E
 --- UTM-X: 378916 UTM-Y: 4268479 Depth: 8 Value: 82.4 Station: CB4.3E
 --- UTM-X: 378916 UTM-Y: 4268479 Depth: 8.5 Value: 82.4 Station: CB4.3E
 --- UTM-X: 378916 UTM-Y: 4268479 Depth: 9 Value: 82.4 Station: CB4.3E
 --- UTM-X: 378916 UTM-Y: 4268479 Depth: 9.5 Value: 82.3 Station: CB4.3E
 --- UTM-X: 378916 UTM-Y: 4268479 Depth: 10 Value: 82.2 Station: CB4.3E
 --- UTM-X: 378916 UTM-Y: 4268479 Depth: 10.5 Value: 82 Station: CB4.3E
 --- UTM-X: 378916 UTM-Y: 4268479 Depth: 11 Value: 81.7 Station: CB4.3E
 --- UTM-X: 378916 UTM-Y: 4268479 Depth: 11.5 Value: 81.2 Station: CB4.3E
 --- UTM-X: 378916 UTM-Y: 4268479 Depth: 12 Value: 80.8 Station: CB4.3E
 --- UTM-X: 378916 UTM-Y: 4268479 Depth: 12.5 Value: 80 Station: CB4.3E
 --- UTM-X: 378916 UTM-Y: 4268479 Depth: 13 Value: 79.2 Station: CB4.3E
 --- UTM-X: 378916 UTM-Y: 4268479 Depth: 13.5 Value: 77.9 Station: CB4.3E
 --- UTM-X: 378916 UTM-Y: 4268479 Depth: 14 Value: 76.6 Station: CB4.3E
 --- UTM-X: 378916 UTM-Y: 4268479 Depth: 14.5 Value: 76 Station: CB4.3E
 --- UTM-X: 378916 UTM-Y: 4268479 Depth: 15 Value: 75.4 Station: CB4.3E
 --- UTM-X: 378916 UTM-Y: 4268479 Depth: 15.5 Value: 75 Station: CB4.3E
 --- UTM-X: 378916 UTM-Y: 4268479 Depth: 16 Value: 74.7 Station: CB4.3E
 --- UTM-X: 378916 UTM-Y: 4268479 Depth: 16.5 Value: 74.4 Station: CB4.3E
 --- UTM-X: 378916 UTM-Y: 4268479 Depth: 17 Value: 74.1 Station: CB4.3E
 --- UTM-X: 378916 UTM-Y: 4268479 Depth: 17.5 Value: 73.5 Station: CB4.3E
 --- UTM-X: 378916 UTM-Y: 4268479 Depth: 18 Value: 72.9 Station: CB4.3E
 --- UTM-X: 378916 UTM-Y: 4268479 Depth: 18.5 Value: 72.5 Station: CB4.3E
 --- UTM-X: 378916 UTM-Y: 4268479 Depth: 19 Value: 72.1 Station: CB4.3E
 --- UTM-X: 389081 UTM-Y: 4278722 Depth: 0 Value: 83.8 Station: EE2.1
 --- UTM-X: 389081 UTM-Y: 4278722 Depth: 0.5 Value: 83.8 Station: EE2.1
 --- UTM-X: 389081 UTM-Y: 4278722 Depth: 1 Value: 83.7 Station: EE2.1
 --- UTM-X: 389081 UTM-Y: 4278722 Depth: 1.5 Value: 83.5 Station: EE2.1
 --- UTM-X: 389081 UTM-Y: 4278722 Depth: 2 Value: 83.3 Station: EE2.1
 --- UTM-X: 389081 UTM-Y: 4278722 Depth: 2.5 Value: 83.2 Station: EE2.1
 --- UTM-X: 389081 UTM-Y: 4278722 Depth: 3 Value: 83.1 Station: EE2.1
 --- UTM-X: 389081 UTM-Y: 4278722 Depth: 3.5 Value: 83.1 Station: EE2.1
 --- UTM-X: 389081 UTM-Y: 4278722 Depth: 4 Value: 83.1 Station: EE2.1
 --- UTM-X: 389081 UTM-Y: 4278722 Depth: 4.5 Value: 83.1 Station: EE2.1
 --- UTM-X: 389081 UTM-Y: 4278722 Depth: 5 Value: 83.1 Station: EE2.1
 --- UTM-X: 389081 UTM-Y: 4278722 Depth: 5.5 Value: 83.1 Station: EE2.1
 --- UTM-X: 389081 UTM-Y: 4278722 Depth: 6 Value: 83.1 Station: EE2.1
 --- UTM-X: 389081 UTM-Y: 4278722 Depth: 6.5 Value: 83.2 Station: EE2.1
 --- UTM-X: 389081 UTM-Y: 4278722 Depth: 7 Value: 83.3 Station: EE2.1
 --- UTM-X: 407846 UTM-Y: 4270714 Depth: 0 Value: 84.4 Station: ET5.2
 --- UTM-X: 407846 UTM-Y: 4270714 Depth: 0.5 Value: 84.4 Station: ET5.2
 --- UTM-X: 407846 UTM-Y: 4270714 Depth: 1 Value: 84.4 Station: ET5.2
 --- UTM-X: 407846 UTM-Y: 4270714 Depth: 1.5 Value: 84.4 Station: ET5.2
 --- UTM-X: 407846 UTM-Y: 4270714 Depth: 2 Value: 84.4 Station: ET5.2
 --- UTM-X: 407846 UTM-Y: 4270714 Depth: 2.5 Value: 84.4 Station: ET5.2
 --- UTM-X: 407846 UTM-Y: 4270714 Depth: 3 Value: 84.4 Station: ET5.2
 --- UTM-X: 407846 UTM-Y: 4270714 Depth: 3.5 Value: 84.5 Station: ET5.2
 --- UTM-X: 407846 UTM-Y: 4270714 Depth: 4 Value: 84.6 Station: ET5.2
 --- UTM-X: 407846 UTM-Y: 4270714 Depth: 4.5 Value: 84.6 Station: ET5.2
 --- UTM-X: 407846 UTM-Y: 4270714 Depth: 5 Value: 84.6 Station: ET5.2
 --- UTM-X: 407846 UTM-Y: 4270714 Depth: 5.5 Value: 84.6 Station: ET5.2
 --- UTM-X: 407846 UTM-Y: 4270714 Depth: 6 Value: 84.6 Station: ET5.2
 --- UTM-X: 407846 UTM-Y: 4270714 Depth: 6.5 Value: 84.5 Station: ET5.2
 --- UTM-X: 407846 UTM-Y: 4270714 Depth: 7 Value: 84.4 Station: ET5.2
 --- UTM-X: 407846 UTM-Y: 4270714 Depth: 7.5 Value: 84.4 Station: ET5.2
 --- UTM-X: 407846 UTM-Y: 4270714 Depth: 8 Value: 84.4 Station: ET5.2
 --- UTM-X: 407846 UTM-Y: 4270714 Depth: 8.5 Value: 84.4 Station: ET5.2
 --- UTM-X: 407846 UTM-Y: 4270714 Depth: 9 Value: 84.4 Station: ET5.2
 --- UTM-X: 407846 UTM-Y: 4270714 Depth: 9.5 Value: 84.4 Station: ET5.2
 --- UTM-X: 407846 UTM-Y: 4270714 Depth: 10 Value: 84.4 Station: ET5.2
 --- UTM-X: 407846 UTM-Y: 4270714 Depth: 10.5 Value: 84.4 Station: ET5.2
 --- 1067 cells were interpolated in region CHOMH2.  Subtotal: 71915 total cells.
 ---- Region was calculated in 0 seconds. Segment volume (m^3) = 266750000
 
 - Bathymetry Region ID: 1021  Region Name: CHOMH1  Data Points: 247 in data region 1021
 -- Cell Size  E-W: 1000  N-S: 1000  Vertical: 1
 --- Data in Region ---
 --- UTM-X: 376622 UTM-Y: 4278319 Depth: 0 Value: 83.1 Station: CB4.2C
 --- UTM-X: 376622 UTM-Y: 4278319 Depth: 0.5 Value: 83.1 Station: CB4.2C
 --- UTM-X: 376622 UTM-Y: 4278319 Depth: 1 Value: 83.1 Station: CB4.2C
 --- UTM-X: 376622 UTM-Y: 4278319 Depth: 1.5 Value: 82.9 Station: CB4.2C
 --- UTM-X: 376622 UTM-Y: 4278319 Depth: 2 Value: 82.8 Station: CB4.2C
 --- UTM-X: 376622 UTM-Y: 4278319 Depth: 2.5 Value: 82.7 Station: CB4.2C
 --- UTM-X: 376622 UTM-Y: 4278319 Depth: 3 Value: 82.6 Station: CB4.2C
 --- UTM-X: 376622 UTM-Y: 4278319 Depth: 3.5 Value: 82.6 Station: CB4.2C
 --- UTM-X: 376622 UTM-Y: 4278319 Depth: 4 Value: 82.6 Station: CB4.2C
 --- UTM-X: 376622 UTM-Y: 4278319 Depth: 4.5 Value: 82.5 Station: CB4.2C
 --- UTM-X: 376622 UTM-Y: 4278319 Depth: 5 Value: 82.4 Station: CB4.2C
 --- UTM-X: 376622 UTM-Y: 4278319 Depth: 5.5 Value: 82.3 Station: CB4.2C
 --- UTM-X: 376622 UTM-Y: 4278319 Depth: 6 Value: 82.2 Station: CB4.2C
 --- UTM-X: 376622 UTM-Y: 4278319 Depth: 6.5 Value: 81.7 Station: CB4.2C
 --- UTM-X: 376622 UTM-Y: 4278319 Depth: 7 Value: 81.1 Station: CB4.2C
 --- UTM-X: 376622 UTM-Y: 4278319 Depth: 7.5 Value: 79.5 Station: CB4.2C
 --- UTM-X: 376622 UTM-Y: 4278319 Depth: 8 Value: 77.9 Station: CB4.2C
 --- UTM-X: 376622 UTM-Y: 4278319 Depth: 8.5 Value: 76.9 Station: CB4.2C
 --- UTM-X: 376622 UTM-Y: 4278319 Depth: 9 Value: 75.9 Station: CB4.2C
 --- UTM-X: 376622 UTM-Y: 4278319 Depth: 9.5 Value: 74.9 Station: CB4.2C
 --- UTM-X: 376622 UTM-Y: 4278319 Depth: 10 Value: 73.9 Station: CB4.2C
 --- UTM-X: 376622 UTM-Y: 4278319 Depth: 10.5 Value: 73.7 Station: CB4.2C
 --- UTM-X: 376622 UTM-Y: 4278319 Depth: 11 Value: 73.4 Station: CB4.2C
 --- UTM-X: 376622 UTM-Y: 4278319 Depth: 11.5 Value: 73.1 Station: CB4.2C
 --- UTM-X: 376622 UTM-Y: 4278319 Depth: 12 Value: 72.9 Station: CB4.2C
 --- UTM-X: 376622 UTM-Y: 4278319 Depth: 12.5 Value: 72.8 Station: CB4.2C
 --- UTM-X: 376622 UTM-Y: 4278319 Depth: 13 Value: 72.7 Station: CB4.2C
 --- UTM-X: 376622 UTM-Y: 4278319 Depth: 13.5 Value: 72.3 Station: CB4.2C
 --- UTM-X: 376622 UTM-Y: 4278319 Depth: 14 Value: 72 Station: CB4.2C
 --- UTM-X: 376622 UTM-Y: 4278319 Depth: 14.5 Value: 71.7 Station: CB4.2C
 --- UTM-X: 376622 UTM-Y: 4278319 Depth: 15 Value: 71.4 Station: CB4.2C
 --- UTM-X: 376622 UTM-Y: 4278319 Depth: 15.5 Value: 71.4 Station: CB4.2C
 --- UTM-X: 376622 UTM-Y: 4278319 Depth: 16 Value: 71.3 Station: CB4.2C
 --- UTM-X: 376622 UTM-Y: 4278319 Depth: 16.5 Value: 71.3 Station: CB4.2C
 --- UTM-X: 376622 UTM-Y: 4278319 Depth: 17 Value: 71.2 Station: CB4.2C
 --- UTM-X: 376622 UTM-Y: 4278319 Depth: 17.5 Value: 71.2 Station: CB4.2C
 --- UTM-X: 376622 UTM-Y: 4278319 Depth: 18 Value: 71.2 Station: CB4.2C
 --- UTM-X: 376622 UTM-Y: 4278319 Depth: 18.5 Value: 71.1 Station: CB4.2C
 --- UTM-X: 376622 UTM-Y: 4278319 Depth: 19 Value: 71.1 Station: CB4.2C
 --- UTM-X: 376622 UTM-Y: 4278319 Depth: 19.5 Value: 71.1 Station: CB4.2C
 --- UTM-X: 376622 UTM-Y: 4278319 Depth: 20 Value: 71.1 Station: CB4.2C
 --- UTM-X: 376622 UTM-Y: 4278319 Depth: 20.5 Value: 71.1 Station: CB4.2C
 --- UTM-X: 376622 UTM-Y: 4278319 Depth: 21 Value: 71.1 Station: CB4.2C
 --- UTM-X: 376622 UTM-Y: 4278319 Depth: 21.5 Value: 71.1 Station: CB4.2C
 --- UTM-X: 376622 UTM-Y: 4278319 Depth: 22 Value: 71.2 Station: CB4.2C
 --- UTM-X: 376622 UTM-Y: 4278319 Depth: 22.5 Value: 71.2 Station: CB4.2C
 --- UTM-X: 376622 UTM-Y: 4278319 Depth: 23 Value: 71.2 Station: CB4.2C
 --- UTM-X: 376622 UTM-Y: 4278319 Depth: 23.5 Value: 71.2 Station: CB4.2C
 --- UTM-X: 376622 UTM-Y: 4278319 Depth: 24 Value: 71.2 Station: CB4.2C
 --- UTM-X: 376622 UTM-Y: 4278319 Depth: 24.5 Value: 71.2 Station: CB4.2C
 --- UTM-X: 376622 UTM-Y: 4278319 Depth: 25 Value: 71.2 Station: CB4.2C
 --- UTM-X: 378169 UTM-Y: 4278295 Depth: 0 Value: 83.7 Station: CB4.2E
 --- UTM-X: 378169 UTM-Y: 4278295 Depth: 0.5 Value: 83.4 Station: CB4.2E
 --- UTM-X: 378169 UTM-Y: 4278295 Depth: 1 Value: 83.1 Station: CB4.2E
 --- UTM-X: 378169 UTM-Y: 4278295 Depth: 1.5 Value: 82.9 Station: CB4.2E
 --- UTM-X: 378169 UTM-Y: 4278295 Depth: 2 Value: 82.8 Station: CB4.2E
 --- UTM-X: 378169 UTM-Y: 4278295 Depth: 2.5 Value: 82.8 Station: CB4.2E
 --- UTM-X: 378169 UTM-Y: 4278295 Depth: 3 Value: 82.8 Station: CB4.2E
 --- UTM-X: 378169 UTM-Y: 4278295 Depth: 3.5 Value: 82.8 Station: CB4.2E
 --- UTM-X: 378169 UTM-Y: 4278295 Depth: 4 Value: 82.8 Station: CB4.2E
 --- UTM-X: 378169 UTM-Y: 4278295 Depth: 4.5 Value: 82.7 Station: CB4.2E
 --- UTM-X: 378169 UTM-Y: 4278295 Depth: 5 Value: 82.6 Station: CB4.2E
 --- UTM-X: 378169 UTM-Y: 4278295 Depth: 5.5 Value: 81.5 Station: CB4.2E
 --- UTM-X: 378169 UTM-Y: 4278295 Depth: 6 Value: 80.4 Station: CB4.2E
 --- UTM-X: 378169 UTM-Y: 4278295 Depth: 6.5 Value: 80 Station: CB4.2E
 --- UTM-X: 378169 UTM-Y: 4278295 Depth: 7 Value: 79.5 Station: CB4.2E
 --- UTM-X: 378169 UTM-Y: 4278295 Depth: 7.5 Value: 79.3 Station: CB4.2E
 --- UTM-X: 378169 UTM-Y: 4278295 Depth: 8 Value: 79.2 Station: CB4.2E
 --- UTM-X: 369343 UTM-Y: 4278281 Depth: 0 Value: 82.9 Station: CB4.2W
 --- UTM-X: 369343 UTM-Y: 4278281 Depth: 0.5 Value: 82.8 Station: CB4.2W
 --- UTM-X: 369343 UTM-Y: 4278281 Depth: 1 Value: 82.6 Station: CB4.2W
 --- UTM-X: 369343 UTM-Y: 4278281 Depth: 1.5 Value: 82.4 Station: CB4.2W
 --- UTM-X: 369343 UTM-Y: 4278281 Depth: 2 Value: 82.2 Station: CB4.2W
 --- UTM-X: 369343 UTM-Y: 4278281 Depth: 2.5 Value: 82.2 Station: CB4.2W
 --- UTM-X: 369343 UTM-Y: 4278281 Depth: 3 Value: 82.2 Station: CB4.2W
 --- UTM-X: 369343 UTM-Y: 4278281 Depth: 3.5 Value: 82.1 Station: CB4.2W
 --- UTM-X: 369343 UTM-Y: 4278281 Depth: 4 Value: 82 Station: CB4.2W
 --- UTM-X: 369343 UTM-Y: 4278281 Depth: 4.5 Value: 82 Station: CB4.2W
 --- UTM-X: 369343 UTM-Y: 4278281 Depth: 5 Value: 82 Station: CB4.2W
 --- UTM-X: 369343 UTM-Y: 4278281 Depth: 5.5 Value: 81.1 Station: CB4.2W
 --- UTM-X: 369343 UTM-Y: 4278281 Depth: 6 Value: 80.2 Station: CB4.2W
 --- UTM-X: 369343 UTM-Y: 4278281 Depth: 6.5 Value: 79.1 Station: CB4.2W
 --- UTM-X: 369343 UTM-Y: 4278281 Depth: 7 Value: 77.9 Station: CB4.2W
 --- UTM-X: 374994 UTM-Y: 4268540 Depth: 0 Value: 82.9 Station: CB4.3C
 --- UTM-X: 374994 UTM-Y: 4268540 Depth: 0.5 Value: 82.9 Station: CB4.3C
 --- UTM-X: 374994 UTM-Y: 4268540 Depth: 1 Value: 82.9 Station: CB4.3C
 --- UTM-X: 374994 UTM-Y: 4268540 Depth: 1.5 Value: 82.9 Station: CB4.3C
 --- UTM-X: 374994 UTM-Y: 4268540 Depth: 2 Value: 82.9 Station: CB4.3C
 --- UTM-X: 374994 UTM-Y: 4268540 Depth: 2.5 Value: 82.9 Station: CB4.3C
 --- UTM-X: 374994 UTM-Y: 4268540 Depth: 3 Value: 82.9 Station: CB4.3C
 --- UTM-X: 374994 UTM-Y: 4268540 Depth: 3.5 Value: 82.9 Station: CB4.3C
 --- UTM-X: 374994 UTM-Y: 4268540 Depth: 4 Value: 82.8 Station: CB4.3C
 --- UTM-X: 374994 UTM-Y: 4268540 Depth: 4.5 Value: 82.8 Station: CB4.3C
 --- UTM-X: 374994 UTM-Y: 4268540 Depth: 5 Value: 82.8 Station: CB4.3C
 --- UTM-X: 374994 UTM-Y: 4268540 Depth: 5.5 Value: 82.8 Station: CB4.3C
 --- UTM-X: 374994 UTM-Y: 4268540 Depth: 6 Value: 82.8 Station: CB4.3C
 --- UTM-X: 374994 UTM-Y: 4268540 Depth: 6.5 Value: 82.7 Station: CB4.3C
 --- UTM-X: 374994 UTM-Y: 4268540 Depth: 7 Value: 82.6 Station: CB4.3C
 --- UTM-X: 374994 UTM-Y: 4268540 Depth: 7.5 Value: 82.4 Station: CB4.3C
 --- UTM-X: 374994 UTM-Y: 4268540 Depth: 8 Value: 82.2 Station: CB4.3C
 --- UTM-X: 374994 UTM-Y: 4268540 Depth: 8.5 Value: 80.9 Station: CB4.3C
 --- UTM-X: 374994 UTM-Y: 4268540 Depth: 9 Value: 79.5 Station: CB4.3C
 --- UTM-X: 374994 UTM-Y: 4268540 Depth: 9.5 Value: 78.3 Station: CB4.3C
 --- UTM-X: 374994 UTM-Y: 4268540 Depth: 10 Value: 77.2 Station: CB4.3C
 --- UTM-X: 374994 UTM-Y: 4268540 Depth: 10.5 Value: 76.5 Station: CB4.3C
 --- UTM-X: 374994 UTM-Y: 4268540 Depth: 11 Value: 75.9 Station: CB4.3C
 --- UTM-X: 374994 UTM-Y: 4268540 Depth: 11.5 Value: 74.2 Station: CB4.3C
 --- UTM-X: 374994 UTM-Y: 4268540 Depth: 12 Value: 72.5 Station: CB4.3C
 --- UTM-X: 374994 UTM-Y: 4268540 Depth: 12.5 Value: 72.3 Station: CB4.3C
 --- UTM-X: 374994 UTM-Y: 4268540 Depth: 13 Value: 72.1 Station: CB4.3C
 --- UTM-X: 374994 UTM-Y: 4268540 Depth: 13.5 Value: 72.1 Station: CB4.3C
 --- UTM-X: 374994 UTM-Y: 4268540 Depth: 14 Value: 72.1 Station: CB4.3C
 --- UTM-X: 374994 UTM-Y: 4268540 Depth: 14.5 Value: 72.1 Station: CB4.3C
 --- UTM-X: 374994 UTM-Y: 4268540 Depth: 15 Value: 72.1 Station: CB4.3C
 --- UTM-X: 374994 UTM-Y: 4268540 Depth: 15.5 Value: 72 Station: CB4.3C
 --- UTM-X: 374994 UTM-Y: 4268540 Depth: 16 Value: 72 Station: CB4.3C
 --- UTM-X: 374994 UTM-Y: 4268540 Depth: 16.5 Value: 71.9 Station: CB4.3C
 --- UTM-X: 374994 UTM-Y: 4268540 Depth: 17 Value: 71.8 Station: CB4.3C
 --- UTM-X: 374994 UTM-Y: 4268540 Depth: 17.5 Value: 71.8 Station: CB4.3C
 --- UTM-X: 374994 UTM-Y: 4268540 Depth: 18 Value: 71.8 Station: CB4.3C
 --- UTM-X: 374994 UTM-Y: 4268540 Depth: 18.5 Value: 71.8 Station: CB4.3C
 --- UTM-X: 374994 UTM-Y: 4268540 Depth: 19 Value: 71.8 Station: CB4.3C
 --- UTM-X: 374994 UTM-Y: 4268540 Depth: 19.5 Value: 71.8 Station: CB4.3C
 --- UTM-X: 374994 UTM-Y: 4268540 Depth: 20 Value: 71.8 Station: CB4.3C
 --- UTM-X: 374994 UTM-Y: 4268540 Depth: 20.5 Value: 71.8 Station: CB4.3C
 --- UTM-X: 374994 UTM-Y: 4268540 Depth: 21 Value: 71.8 Station: CB4.3C
 --- UTM-X: 374994 UTM-Y: 4268540 Depth: 21.5 Value: 71.8 Station: CB4.3C
 --- UTM-X: 374994 UTM-Y: 4268540 Depth: 22 Value: 71.8 Station: CB4.3C
 --- UTM-X: 374994 UTM-Y: 4268540 Depth: 22.5 Value: 71.8 Station: CB4.3C
 --- UTM-X: 374994 UTM-Y: 4268540 Depth: 23 Value: 71.8 Station: CB4.3C
 --- UTM-X: 374994 UTM-Y: 4268540 Depth: 23.5 Value: 71.8 Station: CB4.3C
 --- UTM-X: 374994 UTM-Y: 4268540 Depth: 24 Value: 71.8 Station: CB4.3C
 --- UTM-X: 374994 UTM-Y: 4268540 Depth: 24.5 Value: 71.8 Station: CB4.3C
 --- UTM-X: 374994 UTM-Y: 4268540 Depth: 25 Value: 71.8 Station: CB4.3C
 --- UTM-X: 374994 UTM-Y: 4268540 Depth: 25.5 Value: 71.8 Station: CB4.3C
 --- UTM-X: 374994 UTM-Y: 4268540 Depth: 26 Value: 71.8 Station: CB4.3C
 --- UTM-X: 378916 UTM-Y: 4268479 Depth: 0 Value: 82.4 Station: CB4.3E
 --- UTM-X: 378916 UTM-Y: 4268479 Depth: 0.5 Value: 82.4 Station: CB4.3E
 --- UTM-X: 378916 UTM-Y: 4268479 Depth: 1 Value: 82.4 Station: CB4.3E
 --- UTM-X: 378916 UTM-Y: 4268479 Depth: 1.5 Value: 82.3 Station: CB4.3E
 --- UTM-X: 378916 UTM-Y: 4268479 Depth: 2 Value: 82.2 Station: CB4.3E
 --- UTM-X: 378916 UTM-Y: 4268479 Depth: 2.5 Value: 82.2 Station: CB4.3E
 --- UTM-X: 378916 UTM-Y: 4268479 Depth: 3 Value: 82.2 Station: CB4.3E
 --- UTM-X: 378916 UTM-Y: 4268479 Depth: 3.5 Value: 82.3 Station: CB4.3E
 --- UTM-X: 378916 UTM-Y: 4268479 Depth: 4 Value: 82.4 Station: CB4.3E
 --- UTM-X: 378916 UTM-Y: 4268479 Depth: 4.5 Value: 82.4 Station: CB4.3E
 --- UTM-X: 378916 UTM-Y: 4268479 Depth: 5 Value: 82.4 Station: CB4.3E
 --- UTM-X: 378916 UTM-Y: 4268479 Depth: 5.5 Value: 82.4 Station: CB4.3E
 --- UTM-X: 378916 UTM-Y: 4268479 Depth: 6 Value: 82.4 Station: CB4.3E
 --- UTM-X: 378916 UTM-Y: 4268479 Depth: 6.5 Value: 82.4 Station: CB4.3E
 --- UTM-X: 378916 UTM-Y: 4268479 Depth: 7 Value: 82.4 Station: CB4.3E
 --- UTM-X: 378916 UTM-Y: 4268479 Depth: 7.5 Value: 82.4 Station: CB4.3E
 --- UTM-X: 378916 UTM-Y: 4268479 Depth: 8 Value: 82.4 Station: CB4.3E
 --- UTM-X: 378916 UTM-Y: 4268479 Depth: 8.5 Value: 82.4 Station: CB4.3E
 --- UTM-X: 378916 UTM-Y: 4268479 Depth: 9 Value: 82.4 Station: CB4.3E
 --- UTM-X: 378916 UTM-Y: 4268479 Depth: 9.5 Value: 82.3 Station: CB4.3E
 --- UTM-X: 378916 UTM-Y: 4268479 Depth: 10 Value: 82.2 Station: CB4.3E
 --- UTM-X: 378916 UTM-Y: 4268479 Depth: 10.5 Value: 82 Station: CB4.3E
 --- UTM-X: 378916 UTM-Y: 4268479 Depth: 11 Value: 81.7 Station: CB4.3E
 --- UTM-X: 378916 UTM-Y: 4268479 Depth: 11.5 Value: 81.2 Station: CB4.3E
 --- UTM-X: 378916 UTM-Y: 4268479 Depth: 12 Value: 80.8 Station: CB4.3E
 --- UTM-X: 378916 UTM-Y: 4268479 Depth: 12.5 Value: 80 Station: CB4.3E
 --- UTM-X: 378916 UTM-Y: 4268479 Depth: 13 Value: 79.2 Station: CB4.3E
 --- UTM-X: 378916 UTM-Y: 4268479 Depth: 13.5 Value: 77.9 Station: CB4.3E
 --- UTM-X: 378916 UTM-Y: 4268479 Depth: 14 Value: 76.6 Station: CB4.3E
 --- UTM-X: 378916 UTM-Y: 4268479 Depth: 14.5 Value: 76 Station: CB4.3E
 --- UTM-X: 378916 UTM-Y: 4268479 Depth: 15 Value: 75.4 Station: CB4.3E
 --- UTM-X: 378916 UTM-Y: 4268479 Depth: 15.5 Value: 75 Station: CB4.3E
 --- UTM-X: 378916 UTM-Y: 4268479 Depth: 16 Value: 74.7 Station: CB4.3E
 --- UTM-X: 378916 UTM-Y: 4268479 Depth: 16.5 Value: 74.4 Station: CB4.3E
 --- UTM-X: 378916 UTM-Y: 4268479 Depth: 17 Value: 74.1 Station: CB4.3E
 --- UTM-X: 378916 UTM-Y: 4268479 Depth: 17.5 Value: 73.5 Station: CB4.3E
 --- UTM-X: 378916 UTM-Y: 4268479 Depth: 18 Value: 72.9 Station: CB4.3E
 --- UTM-X: 378916 UTM-Y: 4268479 Depth: 18.5 Value: 72.5 Station: CB4.3E
 --- UTM-X: 378916 UTM-Y: 4268479 Depth: 19 Value: 72.1 Station: CB4.3E
 --- UTM-X: 369911 UTM-Y: 4268621 Depth: 0 Value: 82.8 Station: CB4.3W
 --- UTM-X: 369911 UTM-Y: 4268621 Depth: 0.5 Value: 82.8 Station: CB4.3W
 --- UTM-X: 369911 UTM-Y: 4268621 Depth: 1 Value: 82.8 Station: CB4.3W
 --- UTM-X: 369911 UTM-Y: 4268621 Depth: 1.5 Value: 82.8 Station: CB4.3W
 --- UTM-X: 369911 UTM-Y: 4268621 Depth: 2 Value: 82.8 Station: CB4.3W
 --- UTM-X: 369911 UTM-Y: 4268621 Depth: 2.5 Value: 82.8 Station: CB4.3W
 --- UTM-X: 369911 UTM-Y: 4268621 Depth: 3 Value: 82.8 Station: CB4.3W
 --- UTM-X: 369911 UTM-Y: 4268621 Depth: 3.5 Value: 82.8 Station: CB4.3W
 --- UTM-X: 369911 UTM-Y: 4268621 Depth: 4 Value: 82.8 Station: CB4.3W
 --- UTM-X: 369911 UTM-Y: 4268621 Depth: 4.5 Value: 81.5 Station: CB4.3W
 --- UTM-X: 369911 UTM-Y: 4268621 Depth: 5 Value: 80.2 Station: CB4.3W
 --- UTM-X: 369911 UTM-Y: 4268621 Depth: 5.5 Value: 79.4 Station: CB4.3W
 --- UTM-X: 369911 UTM-Y: 4268621 Depth: 6 Value: 78.6 Station: CB4.3W
 --- UTM-X: 369911 UTM-Y: 4268621 Depth: 6.5 Value: 78 Station: CB4.3W
 --- UTM-X: 369911 UTM-Y: 4268621 Depth: 7 Value: 77.4 Station: CB4.3W
 --- UTM-X: 389081 UTM-Y: 4278722 Depth: 0 Value: 83.8 Station: EE2.1
 --- UTM-X: 389081 UTM-Y: 4278722 Depth: 0.5 Value: 83.8 Station: EE2.1
 --- UTM-X: 389081 UTM-Y: 4278722 Depth: 1 Value: 83.7 Station: EE2.1
 --- UTM-X: 389081 UTM-Y: 4278722 Depth: 1.5 Value: 83.5 Station: EE2.1
 --- UTM-X: 389081 UTM-Y: 4278722 Depth: 2 Value: 83.3 Station: EE2.1
 --- UTM-X: 389081 UTM-Y: 4278722 Depth: 2.5 Value: 83.2 Station: EE2.1
 --- UTM-X: 389081 UTM-Y: 4278722 Depth: 3 Value: 83.1 Station: EE2.1
 --- UTM-X: 389081 UTM-Y: 4278722 Depth: 3.5 Value: 83.1 Station: EE2.1
 --- UTM-X: 389081 UTM-Y: 4278722 Depth: 4 Value: 83.1 Station: EE2.1
 --- UTM-X: 389081 UTM-Y: 4278722 Depth: 4.5 Value: 83.1 Station: EE2.1
 --- UTM-X: 389081 UTM-Y: 4278722 Depth: 5 Value: 83.1 Station: EE2.1
 --- UTM-X: 389081 UTM-Y: 4278722 Depth: 5.5 Value: 83.1 Station: EE2.1
 --- UTM-X: 389081 UTM-Y: 4278722 Depth: 6 Value: 83.1 Station: EE2.1
 --- UTM-X: 389081 UTM-Y: 4278722 Depth: 6.5 Value: 83.2 Station: EE2.1
 --- UTM-X: 389081 UTM-Y: 4278722 Depth: 7 Value: 83.3 Station: EE2.1
 --- UTM-X: 385995 UTM-Y: 4265816 Depth: 0 Value: 84.6 Station: EE2.2
 --- UTM-X: 385995 UTM-Y: 4265816 Depth: 0.5 Value: 84.5 Station: EE2.2
 --- UTM-X: 385995 UTM-Y: 4265816 Depth: 1 Value: 84.4 Station: EE2.2
 --- UTM-X: 385995 UTM-Y: 4265816 Depth: 1.5 Value: 84.3 Station: EE2.2
 --- UTM-X: 385995 UTM-Y: 4265816 Depth: 2 Value: 84.2 Station: EE2.2
 --- UTM-X: 385995 UTM-Y: 4265816 Depth: 2.5 Value: 84.2 Station: EE2.2
 --- UTM-X: 385995 UTM-Y: 4265816 Depth: 3 Value: 84.2 Station: EE2.2
 --- UTM-X: 385995 UTM-Y: 4265816 Depth: 3.5 Value: 84.2 Station: EE2.2
 --- UTM-X: 385995 UTM-Y: 4265816 Depth: 4 Value: 84.2 Station: EE2.2
 --- UTM-X: 385995 UTM-Y: 4265816 Depth: 4.5 Value: 84.1 Station: EE2.2
 --- UTM-X: 385995 UTM-Y: 4265816 Depth: 5 Value: 84 Station: EE2.2
 --- UTM-X: 385995 UTM-Y: 4265816 Depth: 5.5 Value: 82.7 Station: EE2.2
 --- UTM-X: 385995 UTM-Y: 4265816 Depth: 6 Value: 81.3 Station: EE2.2
 --- UTM-X: 385995 UTM-Y: 4265816 Depth: 6.5 Value: 80.4 Station: EE2.2
 --- UTM-X: 385995 UTM-Y: 4265816 Depth: 7 Value: 79.5 Station: EE2.2
 --- UTM-X: 385995 UTM-Y: 4265816 Depth: 7.5 Value: 78.5 Station: EE2.2
 --- UTM-X: 385995 UTM-Y: 4265816 Depth: 8 Value: 77.5 Station: EE2.2
 --- UTM-X: 385995 UTM-Y: 4265816 Depth: 8.5 Value: 77.2 Station: EE2.2
 --- UTM-X: 385995 UTM-Y: 4265816 Depth: 9 Value: 76.8 Station: EE2.2
 --- UTM-X: 385995 UTM-Y: 4265816 Depth: 9.5 Value: 76.6 Station: EE2.2
 --- UTM-X: 407846 UTM-Y: 4270714 Depth: 0 Value: 84.4 Station: ET5.2
 --- UTM-X: 407846 UTM-Y: 4270714 Depth: 0.5 Value: 84.4 Station: ET5.2
 --- UTM-X: 407846 UTM-Y: 4270714 Depth: 1 Value: 84.4 Station: ET5.2
 --- UTM-X: 407846 UTM-Y: 4270714 Depth: 1.5 Value: 84.4 Station: ET5.2
 --- UTM-X: 407846 UTM-Y: 4270714 Depth: 2 Value: 84.4 Station: ET5.2
 --- UTM-X: 407846 UTM-Y: 4270714 Depth: 2.5 Value: 84.4 Station: ET5.2
 --- UTM-X: 407846 UTM-Y: 4270714 Depth: 3 Value: 84.4 Station: ET5.2
 --- UTM-X: 407846 UTM-Y: 4270714 Depth: 3.5 Value: 84.5 Station: ET5.2
 --- UTM-X: 407846 UTM-Y: 4270714 Depth: 4 Value: 84.6 Station: ET5.2
 --- UTM-X: 407846 UTM-Y: 4270714 Depth: 4.5 Value: 84.6 Station: ET5.2
 --- UTM-X: 407846 UTM-Y: 4270714 Depth: 5 Value: 84.6 Station: ET5.2
 --- UTM-X: 407846 UTM-Y: 4270714 Depth: 5.5 Value: 84.6 Station: ET5.2
 --- UTM-X: 407846 UTM-Y: 4270714 Depth: 6 Value: 84.6 Station: ET5.2
 --- UTM-X: 407846 UTM-Y: 4270714 Depth: 6.5 Value: 84.5 Station: ET5.2
 --- UTM-X: 407846 UTM-Y: 4270714 Depth: 7 Value: 84.4 Station: ET5.2
 --- UTM-X: 407846 UTM-Y: 4270714 Depth: 7.5 Value: 84.4 Station: ET5.2
 --- UTM-X: 407846 UTM-Y: 4270714 Depth: 8 Value: 84.4 Station: ET5.2
 --- UTM-X: 407846 UTM-Y: 4270714 Depth: 8.5 Value: 84.4 Station: ET5.2
 --- UTM-X: 407846 UTM-Y: 4270714 Depth: 9 Value: 84.4 Station: ET5.2
 --- UTM-X: 407846 UTM-Y: 4270714 Depth: 9.5 Value: 84.4 Station: ET5.2
 --- UTM-X: 407846 UTM-Y: 4270714 Depth: 10 Value: 84.4 Station: ET5.2
 --- UTM-X: 407846 UTM-Y: 4270714 Depth: 10.5 Value: 84.4 Station: ET5.2
 --- 945 cells were interpolated in region CHOMH1.  Subtotal: 72860 total cells.
 ---- Region was calculated in 0 seconds. Segment volume (m^3) = 945000000
 
 - Bathymetry Region ID: 1022  Region Name: LCHMH  Data Points: 364 in data region 1022
 -- Cell Size  E-W: 500  N-S: 500  Vertical: 1
 --- Data in Region ---
 --- UTM-X: 376622 UTM-Y: 4278319 Depth: 0 Value: 83.1 Station: CB4.2C
 --- UTM-X: 376622 UTM-Y: 4278319 Depth: 0.5 Value: 83.1 Station: CB4.2C
 --- UTM-X: 376622 UTM-Y: 4278319 Depth: 1 Value: 83.1 Station: CB4.2C
 --- UTM-X: 376622 UTM-Y: 4278319 Depth: 1.5 Value: 82.9 Station: CB4.2C
 --- UTM-X: 376622 UTM-Y: 4278319 Depth: 2 Value: 82.8 Station: CB4.2C
 --- UTM-X: 376622 UTM-Y: 4278319 Depth: 2.5 Value: 82.7 Station: CB4.2C
 --- UTM-X: 376622 UTM-Y: 4278319 Depth: 3 Value: 82.6 Station: CB4.2C
 --- UTM-X: 376622 UTM-Y: 4278319 Depth: 3.5 Value: 82.6 Station: CB4.2C
 --- UTM-X: 376622 UTM-Y: 4278319 Depth: 4 Value: 82.6 Station: CB4.2C
 --- UTM-X: 376622 UTM-Y: 4278319 Depth: 4.5 Value: 82.5 Station: CB4.2C
 --- UTM-X: 376622 UTM-Y: 4278319 Depth: 5 Value: 82.4 Station: CB4.2C
 --- UTM-X: 376622 UTM-Y: 4278319 Depth: 5.5 Value: 82.3 Station: CB4.2C
 --- UTM-X: 376622 UTM-Y: 4278319 Depth: 6 Value: 82.2 Station: CB4.2C
 --- UTM-X: 376622 UTM-Y: 4278319 Depth: 6.5 Value: 81.7 Station: CB4.2C
 --- UTM-X: 376622 UTM-Y: 4278319 Depth: 7 Value: 81.1 Station: CB4.2C
 --- UTM-X: 376622 UTM-Y: 4278319 Depth: 7.5 Value: 79.5 Station: CB4.2C
 --- UTM-X: 376622 UTM-Y: 4278319 Depth: 8 Value: 77.9 Station: CB4.2C
 --- UTM-X: 376622 UTM-Y: 4278319 Depth: 8.5 Value: 76.9 Station: CB4.2C
 --- UTM-X: 376622 UTM-Y: 4278319 Depth: 9 Value: 75.9 Station: CB4.2C
 --- UTM-X: 376622 UTM-Y: 4278319 Depth: 9.5 Value: 74.9 Station: CB4.2C
 --- UTM-X: 376622 UTM-Y: 4278319 Depth: 10 Value: 73.9 Station: CB4.2C
 --- UTM-X: 376622 UTM-Y: 4278319 Depth: 10.5 Value: 73.7 Station: CB4.2C
 --- UTM-X: 376622 UTM-Y: 4278319 Depth: 11 Value: 73.4 Station: CB4.2C
 --- UTM-X: 376622 UTM-Y: 4278319 Depth: 11.5 Value: 73.1 Station: CB4.2C
 --- UTM-X: 376622 UTM-Y: 4278319 Depth: 12 Value: 72.9 Station: CB4.2C
 --- UTM-X: 376622 UTM-Y: 4278319 Depth: 12.5 Value: 72.8 Station: CB4.2C
 --- UTM-X: 376622 UTM-Y: 4278319 Depth: 13 Value: 72.7 Station: CB4.2C
 --- UTM-X: 376622 UTM-Y: 4278319 Depth: 13.5 Value: 72.3 Station: CB4.2C
 --- UTM-X: 376622 UTM-Y: 4278319 Depth: 14 Value: 72 Station: CB4.2C
 --- UTM-X: 376622 UTM-Y: 4278319 Depth: 14.5 Value: 71.7 Station: CB4.2C
 --- UTM-X: 376622 UTM-Y: 4278319 Depth: 15 Value: 71.4 Station: CB4.2C
 --- UTM-X: 376622 UTM-Y: 4278319 Depth: 15.5 Value: 71.4 Station: CB4.2C
 --- UTM-X: 376622 UTM-Y: 4278319 Depth: 16 Value: 71.3 Station: CB4.2C
 --- UTM-X: 376622 UTM-Y: 4278319 Depth: 16.5 Value: 71.3 Station: CB4.2C
 --- UTM-X: 376622 UTM-Y: 4278319 Depth: 17 Value: 71.2 Station: CB4.2C
 --- UTM-X: 376622 UTM-Y: 4278319 Depth: 17.5 Value: 71.2 Station: CB4.2C
 --- UTM-X: 376622 UTM-Y: 4278319 Depth: 18 Value: 71.2 Station: CB4.2C
 --- UTM-X: 376622 UTM-Y: 4278319 Depth: 18.5 Value: 71.1 Station: CB4.2C
 --- UTM-X: 376622 UTM-Y: 4278319 Depth: 19 Value: 71.1 Station: CB4.2C
 --- UTM-X: 376622 UTM-Y: 4278319 Depth: 19.5 Value: 71.1 Station: CB4.2C
 --- UTM-X: 376622 UTM-Y: 4278319 Depth: 20 Value: 71.1 Station: CB4.2C
 --- UTM-X: 376622 UTM-Y: 4278319 Depth: 20.5 Value: 71.1 Station: CB4.2C
 --- UTM-X: 376622 UTM-Y: 4278319 Depth: 21 Value: 71.1 Station: CB4.2C
 --- UTM-X: 376622 UTM-Y: 4278319 Depth: 21.5 Value: 71.1 Station: CB4.2C
 --- UTM-X: 376622 UTM-Y: 4278319 Depth: 22 Value: 71.2 Station: CB4.2C
 --- UTM-X: 376622 UTM-Y: 4278319 Depth: 22.5 Value: 71.2 Station: CB4.2C
 --- UTM-X: 376622 UTM-Y: 4278319 Depth: 23 Value: 71.2 Station: CB4.2C
 --- UTM-X: 376622 UTM-Y: 4278319 Depth: 23.5 Value: 71.2 Station: CB4.2C
 --- UTM-X: 376622 UTM-Y: 4278319 Depth: 24 Value: 71.2 Station: CB4.2C
 --- UTM-X: 376622 UTM-Y: 4278319 Depth: 24.5 Value: 71.2 Station: CB4.2C
 --- UTM-X: 376622 UTM-Y: 4278319 Depth: 25 Value: 71.2 Station: CB4.2C
 --- UTM-X: 378169 UTM-Y: 4278295 Depth: 0 Value: 83.7 Station: CB4.2E
 --- UTM-X: 378169 UTM-Y: 4278295 Depth: 0.5 Value: 83.4 Station: CB4.2E
 --- UTM-X: 378169 UTM-Y: 4278295 Depth: 1 Value: 83.1 Station: CB4.2E
 --- UTM-X: 378169 UTM-Y: 4278295 Depth: 1.5 Value: 82.9 Station: CB4.2E
 --- UTM-X: 378169 UTM-Y: 4278295 Depth: 2 Value: 82.8 Station: CB4.2E
 --- UTM-X: 378169 UTM-Y: 4278295 Depth: 2.5 Value: 82.8 Station: CB4.2E
 --- UTM-X: 378169 UTM-Y: 4278295 Depth: 3 Value: 82.8 Station: CB4.2E
 --- UTM-X: 378169 UTM-Y: 4278295 Depth: 3.5 Value: 82.8 Station: CB4.2E
 --- UTM-X: 378169 UTM-Y: 4278295 Depth: 4 Value: 82.8 Station: CB4.2E
 --- UTM-X: 378169 UTM-Y: 4278295 Depth: 4.5 Value: 82.7 Station: CB4.2E
 --- UTM-X: 378169 UTM-Y: 4278295 Depth: 5 Value: 82.6 Station: CB4.2E
 --- UTM-X: 378169 UTM-Y: 4278295 Depth: 5.5 Value: 81.5 Station: CB4.2E
 --- UTM-X: 378169 UTM-Y: 4278295 Depth: 6 Value: 80.4 Station: CB4.2E
 --- UTM-X: 378169 UTM-Y: 4278295 Depth: 6.5 Value: 80 Station: CB4.2E
 --- UTM-X: 378169 UTM-Y: 4278295 Depth: 7 Value: 79.5 Station: CB4.2E
 --- UTM-X: 378169 UTM-Y: 4278295 Depth: 7.5 Value: 79.3 Station: CB4.2E
 --- UTM-X: 378169 UTM-Y: 4278295 Depth: 8 Value: 79.2 Station: CB4.2E
 --- UTM-X: 369343 UTM-Y: 4278281 Depth: 0 Value: 82.9 Station: CB4.2W
 --- UTM-X: 369343 UTM-Y: 4278281 Depth: 0.5 Value: 82.8 Station: CB4.2W
 --- UTM-X: 369343 UTM-Y: 4278281 Depth: 1 Value: 82.6 Station: CB4.2W
 --- UTM-X: 369343 UTM-Y: 4278281 Depth: 1.5 Value: 82.4 Station: CB4.2W
 --- UTM-X: 369343 UTM-Y: 4278281 Depth: 2 Value: 82.2 Station: CB4.2W
 --- UTM-X: 369343 UTM-Y: 4278281 Depth: 2.5 Value: 82.2 Station: CB4.2W
 --- UTM-X: 369343 UTM-Y: 4278281 Depth: 3 Value: 82.2 Station: CB4.2W
 --- UTM-X: 369343 UTM-Y: 4278281 Depth: 3.5 Value: 82.1 Station: CB4.2W
 --- UTM-X: 369343 UTM-Y: 4278281 Depth: 4 Value: 82 Station: CB4.2W
 --- UTM-X: 369343 UTM-Y: 4278281 Depth: 4.5 Value: 82 Station: CB4.2W
 --- UTM-X: 369343 UTM-Y: 4278281 Depth: 5 Value: 82 Station: CB4.2W
 --- UTM-X: 369343 UTM-Y: 4278281 Depth: 5.5 Value: 81.1 Station: CB4.2W
 --- UTM-X: 369343 UTM-Y: 4278281 Depth: 6 Value: 80.2 Station: CB4.2W
 --- UTM-X: 369343 UTM-Y: 4278281 Depth: 6.5 Value: 79.1 Station: CB4.2W
 --- UTM-X: 369343 UTM-Y: 4278281 Depth: 7 Value: 77.9 Station: CB4.2W
 --- UTM-X: 374994 UTM-Y: 4268540 Depth: 0 Value: 82.9 Station: CB4.3C
 --- UTM-X: 374994 UTM-Y: 4268540 Depth: 0.5 Value: 82.9 Station: CB4.3C
 --- UTM-X: 374994 UTM-Y: 4268540 Depth: 1 Value: 82.9 Station: CB4.3C
 --- UTM-X: 374994 UTM-Y: 4268540 Depth: 1.5 Value: 82.9 Station: CB4.3C
 --- UTM-X: 374994 UTM-Y: 4268540 Depth: 2 Value: 82.9 Station: CB4.3C
 --- UTM-X: 374994 UTM-Y: 4268540 Depth: 2.5 Value: 82.9 Station: CB4.3C
 --- UTM-X: 374994 UTM-Y: 4268540 Depth: 3 Value: 82.9 Station: CB4.3C
 --- UTM-X: 374994 UTM-Y: 4268540 Depth: 3.5 Value: 82.9 Station: CB4.3C
 --- UTM-X: 374994 UTM-Y: 4268540 Depth: 4 Value: 82.8 Station: CB4.3C
 --- UTM-X: 374994 UTM-Y: 4268540 Depth: 4.5 Value: 82.8 Station: CB4.3C
 --- UTM-X: 374994 UTM-Y: 4268540 Depth: 5 Value: 82.8 Station: CB4.3C
 --- UTM-X: 374994 UTM-Y: 4268540 Depth: 5.5 Value: 82.8 Station: CB4.3C
 --- UTM-X: 374994 UTM-Y: 4268540 Depth: 6 Value: 82.8 Station: CB4.3C
 --- UTM-X: 374994 UTM-Y: 4268540 Depth: 6.5 Value: 82.7 Station: CB4.3C
 --- UTM-X: 374994 UTM-Y: 4268540 Depth: 7 Value: 82.6 Station: CB4.3C
 --- UTM-X: 374994 UTM-Y: 4268540 Depth: 7.5 Value: 82.4 Station: CB4.3C
 --- UTM-X: 374994 UTM-Y: 4268540 Depth: 8 Value: 82.2 Station: CB4.3C
 --- UTM-X: 374994 UTM-Y: 4268540 Depth: 8.5 Value: 80.9 Station: CB4.3C
 --- UTM-X: 374994 UTM-Y: 4268540 Depth: 9 Value: 79.5 Station: CB4.3C
 --- UTM-X: 374994 UTM-Y: 4268540 Depth: 9.5 Value: 78.3 Station: CB4.3C
 --- UTM-X: 374994 UTM-Y: 4268540 Depth: 10 Value: 77.2 Station: CB4.3C
 --- UTM-X: 374994 UTM-Y: 4268540 Depth: 10.5 Value: 76.5 Station: CB4.3C
 --- UTM-X: 374994 UTM-Y: 4268540 Depth: 11 Value: 75.9 Station: CB4.3C
 --- UTM-X: 374994 UTM-Y: 4268540 Depth: 11.5 Value: 74.2 Station: CB4.3C
 --- UTM-X: 374994 UTM-Y: 4268540 Depth: 12 Value: 72.5 Station: CB4.3C
 --- UTM-X: 374994 UTM-Y: 4268540 Depth: 12.5 Value: 72.3 Station: CB4.3C
 --- UTM-X: 374994 UTM-Y: 4268540 Depth: 13 Value: 72.1 Station: CB4.3C
 --- UTM-X: 374994 UTM-Y: 4268540 Depth: 13.5 Value: 72.1 Station: CB4.3C
 --- UTM-X: 374994 UTM-Y: 4268540 Depth: 14 Value: 72.1 Station: CB4.3C
 --- UTM-X: 374994 UTM-Y: 4268540 Depth: 14.5 Value: 72.1 Station: CB4.3C
 --- UTM-X: 374994 UTM-Y: 4268540 Depth: 15 Value: 72.1 Station: CB4.3C
 --- UTM-X: 374994 UTM-Y: 4268540 Depth: 15.5 Value: 72 Station: CB4.3C
 --- UTM-X: 374994 UTM-Y: 4268540 Depth: 16 Value: 72 Station: CB4.3C
 --- UTM-X: 374994 UTM-Y: 4268540 Depth: 16.5 Value: 71.9 Station: CB4.3C
 --- UTM-X: 374994 UTM-Y: 4268540 Depth: 17 Value: 71.8 Station: CB4.3C
 --- UTM-X: 374994 UTM-Y: 4268540 Depth: 17.5 Value: 71.8 Station: CB4.3C
 --- UTM-X: 374994 UTM-Y: 4268540 Depth: 18 Value: 71.8 Station: CB4.3C
 --- UTM-X: 374994 UTM-Y: 4268540 Depth: 18.5 Value: 71.8 Station: CB4.3C
 --- UTM-X: 374994 UTM-Y: 4268540 Depth: 19 Value: 71.8 Station: CB4.3C
 --- UTM-X: 374994 UTM-Y: 4268540 Depth: 19.5 Value: 71.8 Station: CB4.3C
 --- UTM-X: 374994 UTM-Y: 4268540 Depth: 20 Value: 71.8 Station: CB4.3C
 --- UTM-X: 374994 UTM-Y: 4268540 Depth: 20.5 Value: 71.8 Station: CB4.3C
 --- UTM-X: 374994 UTM-Y: 4268540 Depth: 21 Value: 71.8 Station: CB4.3C
 --- UTM-X: 374994 UTM-Y: 4268540 Depth: 21.5 Value: 71.8 Station: CB4.3C
 --- UTM-X: 374994 UTM-Y: 4268540 Depth: 22 Value: 71.8 Station: CB4.3C
 --- UTM-X: 374994 UTM-Y: 4268540 Depth: 22.5 Value: 71.8 Station: CB4.3C
 --- UTM-X: 374994 UTM-Y: 4268540 Depth: 23 Value: 71.8 Station: CB4.3C
 --- UTM-X: 374994 UTM-Y: 4268540 Depth: 23.5 Value: 71.8 Station: CB4.3C
 --- UTM-X: 374994 UTM-Y: 4268540 Depth: 24 Value: 71.8 Station: CB4.3C
 --- UTM-X: 374994 UTM-Y: 4268540 Depth: 24.5 Value: 71.8 Station: CB4.3C
 --- UTM-X: 374994 UTM-Y: 4268540 Depth: 25 Value: 71.8 Station: CB4.3C
 --- UTM-X: 374994 UTM-Y: 4268540 Depth: 25.5 Value: 71.8 Station: CB4.3C
 --- UTM-X: 374994 UTM-Y: 4268540 Depth: 26 Value: 71.8 Station: CB4.3C
 --- UTM-X: 378916 UTM-Y: 4268479 Depth: 0 Value: 82.4 Station: CB4.3E
 --- UTM-X: 378916 UTM-Y: 4268479 Depth: 0.5 Value: 82.4 Station: CB4.3E
 --- UTM-X: 378916 UTM-Y: 4268479 Depth: 1 Value: 82.4 Station: CB4.3E
 --- UTM-X: 378916 UTM-Y: 4268479 Depth: 1.5 Value: 82.3 Station: CB4.3E
 --- UTM-X: 378916 UTM-Y: 4268479 Depth: 2 Value: 82.2 Station: CB4.3E
 --- UTM-X: 378916 UTM-Y: 4268479 Depth: 2.5 Value: 82.2 Station: CB4.3E
 --- UTM-X: 378916 UTM-Y: 4268479 Depth: 3 Value: 82.2 Station: CB4.3E
 --- UTM-X: 378916 UTM-Y: 4268479 Depth: 3.5 Value: 82.3 Station: CB4.3E
 --- UTM-X: 378916 UTM-Y: 4268479 Depth: 4 Value: 82.4 Station: CB4.3E
 --- UTM-X: 378916 UTM-Y: 4268479 Depth: 4.5 Value: 82.4 Station: CB4.3E
 --- UTM-X: 378916 UTM-Y: 4268479 Depth: 5 Value: 82.4 Station: CB4.3E
 --- UTM-X: 378916 UTM-Y: 4268479 Depth: 5.5 Value: 82.4 Station: CB4.3E
 --- UTM-X: 378916 UTM-Y: 4268479 Depth: 6 Value: 82.4 Station: CB4.3E
 --- UTM-X: 378916 UTM-Y: 4268479 Depth: 6.5 Value: 82.4 Station: CB4.3E
 --- UTM-X: 378916 UTM-Y: 4268479 Depth: 7 Value: 82.4 Station: CB4.3E
 --- UTM-X: 378916 UTM-Y: 4268479 Depth: 7.5 Value: 82.4 Station: CB4.3E
 --- UTM-X: 378916 UTM-Y: 4268479 Depth: 8 Value: 82.4 Station: CB4.3E
 --- UTM-X: 378916 UTM-Y: 4268479 Depth: 8.5 Value: 82.4 Station: CB4.3E
 --- UTM-X: 378916 UTM-Y: 4268479 Depth: 9 Value: 82.4 Station: CB4.3E
 --- UTM-X: 378916 UTM-Y: 4268479 Depth: 9.5 Value: 82.3 Station: CB4.3E
 --- UTM-X: 378916 UTM-Y: 4268479 Depth: 10 Value: 82.2 Station: CB4.3E
 --- UTM-X: 378916 UTM-Y: 4268479 Depth: 10.5 Value: 82 Station: CB4.3E
 --- UTM-X: 378916 UTM-Y: 4268479 Depth: 11 Value: 81.7 Station: CB4.3E
 --- UTM-X: 378916 UTM-Y: 4268479 Depth: 11.5 Value: 81.2 Station: CB4.3E
 --- UTM-X: 378916 UTM-Y: 4268479 Depth: 12 Value: 80.8 Station: CB4.3E
 --- UTM-X: 378916 UTM-Y: 4268479 Depth: 12.5 Value: 80 Station: CB4.3E
 --- UTM-X: 378916 UTM-Y: 4268479 Depth: 13 Value: 79.2 Station: CB4.3E
 --- UTM-X: 378916 UTM-Y: 4268479 Depth: 13.5 Value: 77.9 Station: CB4.3E
 --- UTM-X: 378916 UTM-Y: 4268479 Depth: 14 Value: 76.6 Station: CB4.3E
 --- UTM-X: 378916 UTM-Y: 4268479 Depth: 14.5 Value: 76 Station: CB4.3E
 --- UTM-X: 378916 UTM-Y: 4268479 Depth: 15 Value: 75.4 Station: CB4.3E
 --- UTM-X: 378916 UTM-Y: 4268479 Depth: 15.5 Value: 75 Station: CB4.3E
 --- UTM-X: 378916 UTM-Y: 4268479 Depth: 16 Value: 74.7 Station: CB4.3E
 --- UTM-X: 378916 UTM-Y: 4268479 Depth: 16.5 Value: 74.4 Station: CB4.3E
 --- UTM-X: 378916 UTM-Y: 4268479 Depth: 17 Value: 74.1 Station: CB4.3E
 --- UTM-X: 378916 UTM-Y: 4268479 Depth: 17.5 Value: 73.5 Station: CB4.3E
 --- UTM-X: 378916 UTM-Y: 4268479 Depth: 18 Value: 72.9 Station: CB4.3E
 --- UTM-X: 378916 UTM-Y: 4268479 Depth: 18.5 Value: 72.5 Station: CB4.3E
 --- UTM-X: 378916 UTM-Y: 4268479 Depth: 19 Value: 72.1 Station: CB4.3E
 --- UTM-X: 369911 UTM-Y: 4268621 Depth: 0 Value: 82.8 Station: CB4.3W
 --- UTM-X: 369911 UTM-Y: 4268621 Depth: 0.5 Value: 82.8 Station: CB4.3W
 --- UTM-X: 369911 UTM-Y: 4268621 Depth: 1 Value: 82.8 Station: CB4.3W
 --- UTM-X: 369911 UTM-Y: 4268621 Depth: 1.5 Value: 82.8 Station: CB4.3W
 --- UTM-X: 369911 UTM-Y: 4268621 Depth: 2 Value: 82.8 Station: CB4.3W
 --- UTM-X: 369911 UTM-Y: 4268621 Depth: 2.5 Value: 82.8 Station: CB4.3W
 --- UTM-X: 369911 UTM-Y: 4268621 Depth: 3 Value: 82.8 Station: CB4.3W
 --- UTM-X: 369911 UTM-Y: 4268621 Depth: 3.5 Value: 82.8 Station: CB4.3W
 --- UTM-X: 369911 UTM-Y: 4268621 Depth: 4 Value: 82.8 Station: CB4.3W
 --- UTM-X: 369911 UTM-Y: 4268621 Depth: 4.5 Value: 81.5 Station: CB4.3W
 --- UTM-X: 369911 UTM-Y: 4268621 Depth: 5 Value: 80.2 Station: CB4.3W
 --- UTM-X: 369911 UTM-Y: 4268621 Depth: 5.5 Value: 79.4 Station: CB4.3W
 --- UTM-X: 369911 UTM-Y: 4268621 Depth: 6 Value: 78.6 Station: CB4.3W
 --- UTM-X: 369911 UTM-Y: 4268621 Depth: 6.5 Value: 78 Station: CB4.3W
 --- UTM-X: 369911 UTM-Y: 4268621 Depth: 7 Value: 77.4 Station: CB4.3W
 --- UTM-X: 382750 UTM-Y: 4252514 Depth: 0 Value: 82.8 Station: CB4.4
 --- UTM-X: 382750 UTM-Y: 4252514 Depth: 0.5 Value: 82.8 Station: CB4.4
 --- UTM-X: 382750 UTM-Y: 4252514 Depth: 1 Value: 82.8 Station: CB4.4
 --- UTM-X: 382750 UTM-Y: 4252514 Depth: 1.5 Value: 82.8 Station: CB4.4
 --- UTM-X: 382750 UTM-Y: 4252514 Depth: 2 Value: 82.8 Station: CB4.4
 --- UTM-X: 382750 UTM-Y: 4252514 Depth: 2.5 Value: 82.8 Station: CB4.4
 --- UTM-X: 382750 UTM-Y: 4252514 Depth: 3 Value: 82.8 Station: CB4.4
 --- UTM-X: 382750 UTM-Y: 4252514 Depth: 3.5 Value: 82.7 Station: CB4.4
 --- UTM-X: 382750 UTM-Y: 4252514 Depth: 4 Value: 82.6 Station: CB4.4
 --- UTM-X: 382750 UTM-Y: 4252514 Depth: 4.5 Value: 82.5 Station: CB4.4
 --- UTM-X: 382750 UTM-Y: 4252514 Depth: 5 Value: 82.4 Station: CB4.4
 --- UTM-X: 382750 UTM-Y: 4252514 Depth: 5.5 Value: 82.3 Station: CB4.4
 --- UTM-X: 382750 UTM-Y: 4252514 Depth: 6 Value: 82.2 Station: CB4.4
 --- UTM-X: 382750 UTM-Y: 4252514 Depth: 6.5 Value: 82 Station: CB4.4
 --- UTM-X: 382750 UTM-Y: 4252514 Depth: 7 Value: 81.9 Station: CB4.4
 --- UTM-X: 382750 UTM-Y: 4252514 Depth: 7.5 Value: 81 Station: CB4.4
 --- UTM-X: 382750 UTM-Y: 4252514 Depth: 8 Value: 80.1 Station: CB4.4
 --- UTM-X: 382750 UTM-Y: 4252514 Depth: 8.5 Value: 79.9 Station: CB4.4
 --- UTM-X: 382750 UTM-Y: 4252514 Depth: 9 Value: 79.7 Station: CB4.4
 --- UTM-X: 382750 UTM-Y: 4252514 Depth: 9.5 Value: 78.7 Station: CB4.4
 --- UTM-X: 382750 UTM-Y: 4252514 Depth: 10 Value: 77.7 Station: CB4.4
 --- UTM-X: 382750 UTM-Y: 4252514 Depth: 10.5 Value: 76.1 Station: CB4.4
 --- UTM-X: 382750 UTM-Y: 4252514 Depth: 11 Value: 74.5 Station: CB4.4
 --- UTM-X: 382750 UTM-Y: 4252514 Depth: 11.5 Value: 73.8 Station: CB4.4
 --- UTM-X: 382750 UTM-Y: 4252514 Depth: 12 Value: 73.2 Station: CB4.4
 --- UTM-X: 382750 UTM-Y: 4252514 Depth: 12.5 Value: 73 Station: CB4.4
 --- UTM-X: 382750 UTM-Y: 4252514 Depth: 13 Value: 72.7 Station: CB4.4
 --- UTM-X: 382750 UTM-Y: 4252514 Depth: 13.5 Value: 72.8 Station: CB4.4
 --- UTM-X: 382750 UTM-Y: 4252514 Depth: 14 Value: 72.9 Station: CB4.4
 --- UTM-X: 382750 UTM-Y: 4252514 Depth: 14.5 Value: 72.9 Station: CB4.4
 --- UTM-X: 382750 UTM-Y: 4252514 Depth: 15 Value: 72.9 Station: CB4.4
 --- UTM-X: 382750 UTM-Y: 4252514 Depth: 15.5 Value: 72.8 Station: CB4.4
 --- UTM-X: 382750 UTM-Y: 4252514 Depth: 16 Value: 72.7 Station: CB4.4
 --- UTM-X: 382750 UTM-Y: 4252514 Depth: 16.5 Value: 72.7 Station: CB4.4
 --- UTM-X: 382750 UTM-Y: 4252514 Depth: 17 Value: 72.7 Station: CB4.4
 --- UTM-X: 382750 UTM-Y: 4252514 Depth: 17.5 Value: 72.7 Station: CB4.4
 --- UTM-X: 382750 UTM-Y: 4252514 Depth: 18 Value: 72.8 Station: CB4.4
 --- UTM-X: 382750 UTM-Y: 4252514 Depth: 18.5 Value: 72.8 Station: CB4.4
 --- UTM-X: 382750 UTM-Y: 4252514 Depth: 19 Value: 72.9 Station: CB4.4
 --- UTM-X: 382750 UTM-Y: 4252514 Depth: 19.5 Value: 72.9 Station: CB4.4
 --- UTM-X: 382750 UTM-Y: 4252514 Depth: 20 Value: 72.9 Station: CB4.4
 --- UTM-X: 382750 UTM-Y: 4252514 Depth: 20.5 Value: 72.9 Station: CB4.4
 --- UTM-X: 382750 UTM-Y: 4252514 Depth: 21 Value: 72.9 Station: CB4.4
 --- UTM-X: 382750 UTM-Y: 4252514 Depth: 21.5 Value: 72.9 Station: CB4.4
 --- UTM-X: 382750 UTM-Y: 4252514 Depth: 22 Value: 72.9 Station: CB4.4
 --- UTM-X: 382750 UTM-Y: 4252514 Depth: 22.5 Value: 72.9 Station: CB4.4
 --- UTM-X: 382750 UTM-Y: 4252514 Depth: 23 Value: 72.9 Station: CB4.4
 --- UTM-X: 382750 UTM-Y: 4252514 Depth: 23.5 Value: 72.9 Station: CB4.4
 --- UTM-X: 382750 UTM-Y: 4252514 Depth: 24 Value: 72.9 Station: CB4.4
 --- UTM-X: 382750 UTM-Y: 4252514 Depth: 24.5 Value: 72.9 Station: CB4.4
 --- UTM-X: 382750 UTM-Y: 4252514 Depth: 25 Value: 72.9 Station: CB4.4
 --- UTM-X: 382750 UTM-Y: 4252514 Depth: 25.5 Value: 72.9 Station: CB4.4
 --- UTM-X: 382750 UTM-Y: 4252514 Depth: 26 Value: 72.9 Station: CB4.4
 --- UTM-X: 382750 UTM-Y: 4252514 Depth: 26.5 Value: 72.9 Station: CB4.4
 --- UTM-X: 382750 UTM-Y: 4252514 Depth: 27 Value: 72.9 Station: CB4.4
 --- UTM-X: 382750 UTM-Y: 4252514 Depth: 27.5 Value: 72.9 Station: CB4.4
 --- UTM-X: 382750 UTM-Y: 4252514 Depth: 28 Value: 72.9 Station: CB4.4
 --- UTM-X: 386968 UTM-Y: 4241940 Depth: 0 Value: 83.1 Station: CB5.1
 --- UTM-X: 386968 UTM-Y: 4241940 Depth: 0.5 Value: 83.1 Station: CB5.1
 --- UTM-X: 386968 UTM-Y: 4241940 Depth: 1 Value: 83.1 Station: CB5.1
 --- UTM-X: 386968 UTM-Y: 4241940 Depth: 1.5 Value: 83 Station: CB5.1
 --- UTM-X: 386968 UTM-Y: 4241940 Depth: 2 Value: 82.9 Station: CB5.1
 --- UTM-X: 386968 UTM-Y: 4241940 Depth: 2.5 Value: 82.8 Station: CB5.1
 --- UTM-X: 386968 UTM-Y: 4241940 Depth: 3 Value: 82.8 Station: CB5.1
 --- UTM-X: 386968 UTM-Y: 4241940 Depth: 3.5 Value: 82.7 Station: CB5.1
 --- UTM-X: 386968 UTM-Y: 4241940 Depth: 4 Value: 82.6 Station: CB5.1
 --- UTM-X: 386968 UTM-Y: 4241940 Depth: 4.5 Value: 82.5 Station: CB5.1
 --- UTM-X: 386968 UTM-Y: 4241940 Depth: 5 Value: 82.4 Station: CB5.1
 --- UTM-X: 386968 UTM-Y: 4241940 Depth: 5.5 Value: 82.3 Station: CB5.1
 --- UTM-X: 386968 UTM-Y: 4241940 Depth: 6 Value: 82.2 Station: CB5.1
 --- UTM-X: 386968 UTM-Y: 4241940 Depth: 6.5 Value: 82.1 Station: CB5.1
 --- UTM-X: 386968 UTM-Y: 4241940 Depth: 7 Value: 82 Station: CB5.1
 --- UTM-X: 386968 UTM-Y: 4241940 Depth: 7.5 Value: 82 Station: CB5.1
 --- UTM-X: 386968 UTM-Y: 4241940 Depth: 8 Value: 81.9 Station: CB5.1
 --- UTM-X: 386968 UTM-Y: 4241940 Depth: 8.5 Value: 80.6 Station: CB5.1
 --- UTM-X: 386968 UTM-Y: 4241940 Depth: 9 Value: 79.3 Station: CB5.1
 --- UTM-X: 386968 UTM-Y: 4241940 Depth: 9.5 Value: 77.4 Station: CB5.1
 --- UTM-X: 386968 UTM-Y: 4241940 Depth: 10 Value: 75.4 Station: CB5.1
 --- UTM-X: 386968 UTM-Y: 4241940 Depth: 10.5 Value: 74.6 Station: CB5.1
 --- UTM-X: 386968 UTM-Y: 4241940 Depth: 11 Value: 73.8 Station: CB5.1
 --- UTM-X: 386968 UTM-Y: 4241940 Depth: 11.5 Value: 73.7 Station: CB5.1
 --- UTM-X: 386968 UTM-Y: 4241940 Depth: 12 Value: 73.6 Station: CB5.1
 --- UTM-X: 386968 UTM-Y: 4241940 Depth: 12.5 Value: 73.7 Station: CB5.1
 --- UTM-X: 386968 UTM-Y: 4241940 Depth: 13 Value: 73.8 Station: CB5.1
 --- UTM-X: 386968 UTM-Y: 4241940 Depth: 13.5 Value: 73.8 Station: CB5.1
 --- UTM-X: 386968 UTM-Y: 4241940 Depth: 14 Value: 73.8 Station: CB5.1
 --- UTM-X: 386968 UTM-Y: 4241940 Depth: 14.5 Value: 73.7 Station: CB5.1
 --- UTM-X: 386968 UTM-Y: 4241940 Depth: 15 Value: 73.6 Station: CB5.1
 --- UTM-X: 386968 UTM-Y: 4241940 Depth: 15.5 Value: 73.5 Station: CB5.1
 --- UTM-X: 386968 UTM-Y: 4241940 Depth: 16 Value: 73.5 Station: CB5.1
 --- UTM-X: 386968 UTM-Y: 4241940 Depth: 16.5 Value: 73.4 Station: CB5.1
 --- UTM-X: 386968 UTM-Y: 4241940 Depth: 17 Value: 73.4 Station: CB5.1
 --- UTM-X: 386968 UTM-Y: 4241940 Depth: 17.5 Value: 73.4 Station: CB5.1
 --- UTM-X: 386968 UTM-Y: 4241940 Depth: 18 Value: 73.3 Station: CB5.1
 --- UTM-X: 386968 UTM-Y: 4241940 Depth: 18.5 Value: 73.3 Station: CB5.1
 --- UTM-X: 386968 UTM-Y: 4241940 Depth: 19 Value: 73.2 Station: CB5.1
 --- UTM-X: 386968 UTM-Y: 4241940 Depth: 19.5 Value: 73.3 Station: CB5.1
 --- UTM-X: 386968 UTM-Y: 4241940 Depth: 20 Value: 73.3 Station: CB5.1
 --- UTM-X: 386968 UTM-Y: 4241940 Depth: 20.5 Value: 73.4 Station: CB5.1
 --- UTM-X: 386968 UTM-Y: 4241940 Depth: 21 Value: 73.4 Station: CB5.1
 --- UTM-X: 386968 UTM-Y: 4241940 Depth: 21.5 Value: 73.4 Station: CB5.1
 --- UTM-X: 386968 UTM-Y: 4241940 Depth: 22 Value: 73.5 Station: CB5.1
 --- UTM-X: 386968 UTM-Y: 4241940 Depth: 22.5 Value: 73.5 Station: CB5.1
 --- UTM-X: 386968 UTM-Y: 4241940 Depth: 23 Value: 73.6 Station: CB5.1
 --- UTM-X: 386968 UTM-Y: 4241940 Depth: 23.5 Value: 73.6 Station: CB5.1
 --- UTM-X: 386968 UTM-Y: 4241940 Depth: 24 Value: 73.6 Station: CB5.1
 --- UTM-X: 386968 UTM-Y: 4241940 Depth: 24.5 Value: 73.6 Station: CB5.1
 --- UTM-X: 386968 UTM-Y: 4241940 Depth: 25 Value: 73.6 Station: CB5.1
 --- UTM-X: 386968 UTM-Y: 4241940 Depth: 25.5 Value: 73.5 Station: CB5.1
 --- UTM-X: 386968 UTM-Y: 4241940 Depth: 26 Value: 73.5 Station: CB5.1
 --- UTM-X: 386968 UTM-Y: 4241940 Depth: 26.5 Value: 73.4 Station: CB5.1
 --- UTM-X: 386968 UTM-Y: 4241940 Depth: 27 Value: 73.4 Station: CB5.1
 --- UTM-X: 386968 UTM-Y: 4241940 Depth: 27.5 Value: 73.4 Station: CB5.1
 --- UTM-X: 386968 UTM-Y: 4241940 Depth: 28 Value: 73.4 Station: CB5.1
 --- UTM-X: 386968 UTM-Y: 4241940 Depth: 28.5 Value: 73.4 Station: CB5.1
 --- UTM-X: 386968 UTM-Y: 4241940 Depth: 29 Value: 73.4 Station: CB5.1
 --- UTM-X: 386968 UTM-Y: 4241940 Depth: 29.5 Value: 73.4 Station: CB5.1
 --- UTM-X: 386968 UTM-Y: 4241940 Depth: 30 Value: 73.4 Station: CB5.1
 --- UTM-X: 386968 UTM-Y: 4241940 Depth: 30.5 Value: 73.4 Station: CB5.1
 --- UTM-X: 386968 UTM-Y: 4241940 Depth: 31 Value: 73.4 Station: CB5.1
 --- UTM-X: 386968 UTM-Y: 4241940 Depth: 31.5 Value: 73.4 Station: CB5.1
 --- UTM-X: 386968 UTM-Y: 4241940 Depth: 32 Value: 73.4 Station: CB5.1
 --- UTM-X: 379767 UTM-Y: 4242784 Depth: 0 Value: 81.3 Station: CB5.1W
 --- UTM-X: 379767 UTM-Y: 4242784 Depth: 0.5 Value: 81.3 Station: CB5.1W
 --- UTM-X: 379767 UTM-Y: 4242784 Depth: 1 Value: 81.3 Station: CB5.1W
 --- UTM-X: 379767 UTM-Y: 4242784 Depth: 1.5 Value: 81.2 Station: CB5.1W
 --- UTM-X: 379767 UTM-Y: 4242784 Depth: 2 Value: 81.1 Station: CB5.1W
 --- UTM-X: 379767 UTM-Y: 4242784 Depth: 2.5 Value: 80.7 Station: CB5.1W
 --- UTM-X: 379767 UTM-Y: 4242784 Depth: 3 Value: 80.2 Station: CB5.1W
 --- UTM-X: 379767 UTM-Y: 4242784 Depth: 3.5 Value: 79.7 Station: CB5.1W
 --- UTM-X: 379767 UTM-Y: 4242784 Depth: 4 Value: 79.2 Station: CB5.1W
 --- UTM-X: 379767 UTM-Y: 4242784 Depth: 4.5 Value: 78.6 Station: CB5.1W
 --- UTM-X: 379767 UTM-Y: 4242784 Depth: 5 Value: 78.1 Station: CB5.1W
 --- UTM-X: 379767 UTM-Y: 4242784 Depth: 5.5 Value: 77.5 Station: CB5.1W
 --- UTM-X: 379767 UTM-Y: 4242784 Depth: 6 Value: 77 Station: CB5.1W
 --- UTM-X: 379767 UTM-Y: 4242784 Depth: 6.5 Value: 76.5 Station: CB5.1W
 --- UTM-X: 379767 UTM-Y: 4242784 Depth: 7 Value: 75.9 Station: CB5.1W
 --- UTM-X: 379767 UTM-Y: 4242784 Depth: 7.5 Value: 75.4 Station: CB5.1W
 --- UTM-X: 379767 UTM-Y: 4242784 Depth: 8 Value: 74.8 Station: CB5.1W
 --- UTM-X: 389081 UTM-Y: 4278722 Depth: 0 Value: 83.8 Station: EE2.1
 --- UTM-X: 389081 UTM-Y: 4278722 Depth: 0.5 Value: 83.8 Station: EE2.1
 --- UTM-X: 389081 UTM-Y: 4278722 Depth: 1 Value: 83.7 Station: EE2.1
 --- UTM-X: 389081 UTM-Y: 4278722 Depth: 1.5 Value: 83.5 Station: EE2.1
 --- UTM-X: 389081 UTM-Y: 4278722 Depth: 2 Value: 83.3 Station: EE2.1
 --- UTM-X: 389081 UTM-Y: 4278722 Depth: 2.5 Value: 83.2 Station: EE2.1
 --- UTM-X: 389081 UTM-Y: 4278722 Depth: 3 Value: 83.1 Station: EE2.1
 --- UTM-X: 389081 UTM-Y: 4278722 Depth: 3.5 Value: 83.1 Station: EE2.1
 --- UTM-X: 389081 UTM-Y: 4278722 Depth: 4 Value: 83.1 Station: EE2.1
 --- UTM-X: 389081 UTM-Y: 4278722 Depth: 4.5 Value: 83.1 Station: EE2.1
 --- UTM-X: 389081 UTM-Y: 4278722 Depth: 5 Value: 83.1 Station: EE2.1
 --- UTM-X: 389081 UTM-Y: 4278722 Depth: 5.5 Value: 83.1 Station: EE2.1
 --- UTM-X: 389081 UTM-Y: 4278722 Depth: 6 Value: 83.1 Station: EE2.1
 --- UTM-X: 389081 UTM-Y: 4278722 Depth: 6.5 Value: 83.2 Station: EE2.1
 --- UTM-X: 389081 UTM-Y: 4278722 Depth: 7 Value: 83.3 Station: EE2.1
 --- UTM-X: 385995 UTM-Y: 4265816 Depth: 0 Value: 84.6 Station: EE2.2
 --- UTM-X: 385995 UTM-Y: 4265816 Depth: 0.5 Value: 84.5 Station: EE2.2
 --- UTM-X: 385995 UTM-Y: 4265816 Depth: 1 Value: 84.4 Station: EE2.2
 --- UTM-X: 385995 UTM-Y: 4265816 Depth: 1.5 Value: 84.3 Station: EE2.2
 --- UTM-X: 385995 UTM-Y: 4265816 Depth: 2 Value: 84.2 Station: EE2.2
 --- UTM-X: 385995 UTM-Y: 4265816 Depth: 2.5 Value: 84.2 Station: EE2.2
 --- UTM-X: 385995 UTM-Y: 4265816 Depth: 3 Value: 84.2 Station: EE2.2
 --- UTM-X: 385995 UTM-Y: 4265816 Depth: 3.5 Value: 84.2 Station: EE2.2
 --- UTM-X: 385995 UTM-Y: 4265816 Depth: 4 Value: 84.2 Station: EE2.2
 --- UTM-X: 385995 UTM-Y: 4265816 Depth: 4.5 Value: 84.1 Station: EE2.2
 --- UTM-X: 385995 UTM-Y: 4265816 Depth: 5 Value: 84 Station: EE2.2
 --- UTM-X: 385995 UTM-Y: 4265816 Depth: 5.5 Value: 82.7 Station: EE2.2
 --- UTM-X: 385995 UTM-Y: 4265816 Depth: 6 Value: 81.3 Station: EE2.2
 --- UTM-X: 385995 UTM-Y: 4265816 Depth: 6.5 Value: 80.4 Station: EE2.2
 --- UTM-X: 385995 UTM-Y: 4265816 Depth: 7 Value: 79.5 Station: EE2.2
 --- UTM-X: 385995 UTM-Y: 4265816 Depth: 7.5 Value: 78.5 Station: EE2.2
 --- UTM-X: 385995 UTM-Y: 4265816 Depth: 8 Value: 77.5 Station: EE2.2
 --- UTM-X: 385995 UTM-Y: 4265816 Depth: 8.5 Value: 77.2 Station: EE2.2
 --- UTM-X: 385995 UTM-Y: 4265816 Depth: 9 Value: 76.8 Station: EE2.2
 --- UTM-X: 385995 UTM-Y: 4265816 Depth: 9.5 Value: 76.6 Station: EE2.2
 --- 833 cells were interpolated in region LCHMH.  Subtotal: 73693 total cells.
 ---- Region was calculated in 0 seconds. Segment volume (m^3) = 208250000
 
 - Bathymetry Region ID: 1023  Region Name: HNGMH  Data Points: 219 in data region 1023
 -- Cell Size  E-W: 100  N-S: 100  Vertical: 1
 --- Data in Region ---
 --- UTM-X: 382750 UTM-Y: 4252514 Depth: 0 Value: 82.8 Station: CB4.4
 --- UTM-X: 382750 UTM-Y: 4252514 Depth: 0.5 Value: 82.8 Station: CB4.4
 --- UTM-X: 382750 UTM-Y: 4252514 Depth: 1 Value: 82.8 Station: CB4.4
 --- UTM-X: 382750 UTM-Y: 4252514 Depth: 1.5 Value: 82.8 Station: CB4.4
 --- UTM-X: 382750 UTM-Y: 4252514 Depth: 2 Value: 82.8 Station: CB4.4
 --- UTM-X: 382750 UTM-Y: 4252514 Depth: 2.5 Value: 82.8 Station: CB4.4
 --- UTM-X: 382750 UTM-Y: 4252514 Depth: 3 Value: 82.8 Station: CB4.4
 --- UTM-X: 382750 UTM-Y: 4252514 Depth: 3.5 Value: 82.7 Station: CB4.4
 --- UTM-X: 382750 UTM-Y: 4252514 Depth: 4 Value: 82.6 Station: CB4.4
 --- UTM-X: 382750 UTM-Y: 4252514 Depth: 4.5 Value: 82.5 Station: CB4.4
 --- UTM-X: 382750 UTM-Y: 4252514 Depth: 5 Value: 82.4 Station: CB4.4
 --- UTM-X: 382750 UTM-Y: 4252514 Depth: 5.5 Value: 82.3 Station: CB4.4
 --- UTM-X: 382750 UTM-Y: 4252514 Depth: 6 Value: 82.2 Station: CB4.4
 --- UTM-X: 382750 UTM-Y: 4252514 Depth: 6.5 Value: 82 Station: CB4.4
 --- UTM-X: 382750 UTM-Y: 4252514 Depth: 7 Value: 81.9 Station: CB4.4
 --- UTM-X: 382750 UTM-Y: 4252514 Depth: 7.5 Value: 81 Station: CB4.4
 --- UTM-X: 382750 UTM-Y: 4252514 Depth: 8 Value: 80.1 Station: CB4.4
 --- UTM-X: 382750 UTM-Y: 4252514 Depth: 8.5 Value: 79.9 Station: CB4.4
 --- UTM-X: 382750 UTM-Y: 4252514 Depth: 9 Value: 79.7 Station: CB4.4
 --- UTM-X: 382750 UTM-Y: 4252514 Depth: 9.5 Value: 78.7 Station: CB4.4
 --- UTM-X: 382750 UTM-Y: 4252514 Depth: 10 Value: 77.7 Station: CB4.4
 --- UTM-X: 382750 UTM-Y: 4252514 Depth: 10.5 Value: 76.1 Station: CB4.4
 --- UTM-X: 382750 UTM-Y: 4252514 Depth: 11 Value: 74.5 Station: CB4.4
 --- UTM-X: 382750 UTM-Y: 4252514 Depth: 11.5 Value: 73.8 Station: CB4.4
 --- UTM-X: 382750 UTM-Y: 4252514 Depth: 12 Value: 73.2 Station: CB4.4
 --- UTM-X: 382750 UTM-Y: 4252514 Depth: 12.5 Value: 73 Station: CB4.4
 --- UTM-X: 382750 UTM-Y: 4252514 Depth: 13 Value: 72.7 Station: CB4.4
 --- UTM-X: 382750 UTM-Y: 4252514 Depth: 13.5 Value: 72.8 Station: CB4.4
 --- UTM-X: 382750 UTM-Y: 4252514 Depth: 14 Value: 72.9 Station: CB4.4
 --- UTM-X: 382750 UTM-Y: 4252514 Depth: 14.5 Value: 72.9 Station: CB4.4
 --- UTM-X: 382750 UTM-Y: 4252514 Depth: 15 Value: 72.9 Station: CB4.4
 --- UTM-X: 382750 UTM-Y: 4252514 Depth: 15.5 Value: 72.8 Station: CB4.4
 --- UTM-X: 382750 UTM-Y: 4252514 Depth: 16 Value: 72.7 Station: CB4.4
 --- UTM-X: 382750 UTM-Y: 4252514 Depth: 16.5 Value: 72.7 Station: CB4.4
 --- UTM-X: 382750 UTM-Y: 4252514 Depth: 17 Value: 72.7 Station: CB4.4
 --- UTM-X: 382750 UTM-Y: 4252514 Depth: 17.5 Value: 72.7 Station: CB4.4
 --- UTM-X: 382750 UTM-Y: 4252514 Depth: 18 Value: 72.8 Station: CB4.4
 --- UTM-X: 382750 UTM-Y: 4252514 Depth: 18.5 Value: 72.8 Station: CB4.4
 --- UTM-X: 382750 UTM-Y: 4252514 Depth: 19 Value: 72.9 Station: CB4.4
 --- UTM-X: 382750 UTM-Y: 4252514 Depth: 19.5 Value: 72.9 Station: CB4.4
 --- UTM-X: 382750 UTM-Y: 4252514 Depth: 20 Value: 72.9 Station: CB4.4
 --- UTM-X: 382750 UTM-Y: 4252514 Depth: 20.5 Value: 72.9 Station: CB4.4
 --- UTM-X: 382750 UTM-Y: 4252514 Depth: 21 Value: 72.9 Station: CB4.4
 --- UTM-X: 382750 UTM-Y: 4252514 Depth: 21.5 Value: 72.9 Station: CB4.4
 --- UTM-X: 382750 UTM-Y: 4252514 Depth: 22 Value: 72.9 Station: CB4.4
 --- UTM-X: 382750 UTM-Y: 4252514 Depth: 22.5 Value: 72.9 Station: CB4.4
 --- UTM-X: 382750 UTM-Y: 4252514 Depth: 23 Value: 72.9 Station: CB4.4
 --- UTM-X: 382750 UTM-Y: 4252514 Depth: 23.5 Value: 72.9 Station: CB4.4
 --- UTM-X: 382750 UTM-Y: 4252514 Depth: 24 Value: 72.9 Station: CB4.4
 --- UTM-X: 382750 UTM-Y: 4252514 Depth: 24.5 Value: 72.9 Station: CB4.4
 --- UTM-X: 382750 UTM-Y: 4252514 Depth: 25 Value: 72.9 Station: CB4.4
 --- UTM-X: 382750 UTM-Y: 4252514 Depth: 25.5 Value: 72.9 Station: CB4.4
 --- UTM-X: 382750 UTM-Y: 4252514 Depth: 26 Value: 72.9 Station: CB4.4
 --- UTM-X: 382750 UTM-Y: 4252514 Depth: 26.5 Value: 72.9 Station: CB4.4
 --- UTM-X: 382750 UTM-Y: 4252514 Depth: 27 Value: 72.9 Station: CB4.4
 --- UTM-X: 382750 UTM-Y: 4252514 Depth: 27.5 Value: 72.9 Station: CB4.4
 --- UTM-X: 382750 UTM-Y: 4252514 Depth: 28 Value: 72.9 Station: CB4.4
 --- UTM-X: 386968 UTM-Y: 4241940 Depth: 0 Value: 83.1 Station: CB5.1
 --- UTM-X: 386968 UTM-Y: 4241940 Depth: 0.5 Value: 83.1 Station: CB5.1
 --- UTM-X: 386968 UTM-Y: 4241940 Depth: 1 Value: 83.1 Station: CB5.1
 --- UTM-X: 386968 UTM-Y: 4241940 Depth: 1.5 Value: 83 Station: CB5.1
 --- UTM-X: 386968 UTM-Y: 4241940 Depth: 2 Value: 82.9 Station: CB5.1
 --- UTM-X: 386968 UTM-Y: 4241940 Depth: 2.5 Value: 82.8 Station: CB5.1
 --- UTM-X: 386968 UTM-Y: 4241940 Depth: 3 Value: 82.8 Station: CB5.1
 --- UTM-X: 386968 UTM-Y: 4241940 Depth: 3.5 Value: 82.7 Station: CB5.1
 --- UTM-X: 386968 UTM-Y: 4241940 Depth: 4 Value: 82.6 Station: CB5.1
 --- UTM-X: 386968 UTM-Y: 4241940 Depth: 4.5 Value: 82.5 Station: CB5.1
 --- UTM-X: 386968 UTM-Y: 4241940 Depth: 5 Value: 82.4 Station: CB5.1
 --- UTM-X: 386968 UTM-Y: 4241940 Depth: 5.5 Value: 82.3 Station: CB5.1
 --- UTM-X: 386968 UTM-Y: 4241940 Depth: 6 Value: 82.2 Station: CB5.1
 --- UTM-X: 386968 UTM-Y: 4241940 Depth: 6.5 Value: 82.1 Station: CB5.1
 --- UTM-X: 386968 UTM-Y: 4241940 Depth: 7 Value: 82 Station: CB5.1
 --- UTM-X: 386968 UTM-Y: 4241940 Depth: 7.5 Value: 82 Station: CB5.1
 --- UTM-X: 386968 UTM-Y: 4241940 Depth: 8 Value: 81.9 Station: CB5.1
 --- UTM-X: 386968 UTM-Y: 4241940 Depth: 8.5 Value: 80.6 Station: CB5.1
 --- UTM-X: 386968 UTM-Y: 4241940 Depth: 9 Value: 79.3 Station: CB5.1
 --- UTM-X: 386968 UTM-Y: 4241940 Depth: 9.5 Value: 77.4 Station: CB5.1
 --- UTM-X: 386968 UTM-Y: 4241940 Depth: 10 Value: 75.4 Station: CB5.1
 --- UTM-X: 386968 UTM-Y: 4241940 Depth: 10.5 Value: 74.6 Station: CB5.1
 --- UTM-X: 386968 UTM-Y: 4241940 Depth: 11 Value: 73.8 Station: CB5.1
 --- UTM-X: 386968 UTM-Y: 4241940 Depth: 11.5 Value: 73.7 Station: CB5.1
 --- UTM-X: 386968 UTM-Y: 4241940 Depth: 12 Value: 73.6 Station: CB5.1
 --- UTM-X: 386968 UTM-Y: 4241940 Depth: 12.5 Value: 73.7 Station: CB5.1
 --- UTM-X: 386968 UTM-Y: 4241940 Depth: 13 Value: 73.8 Station: CB5.1
 --- UTM-X: 386968 UTM-Y: 4241940 Depth: 13.5 Value: 73.8 Station: CB5.1
 --- UTM-X: 386968 UTM-Y: 4241940 Depth: 14 Value: 73.8 Station: CB5.1
 --- UTM-X: 386968 UTM-Y: 4241940 Depth: 14.5 Value: 73.7 Station: CB5.1
 --- UTM-X: 386968 UTM-Y: 4241940 Depth: 15 Value: 73.6 Station: CB5.1
 --- UTM-X: 386968 UTM-Y: 4241940 Depth: 15.5 Value: 73.5 Station: CB5.1
 --- UTM-X: 386968 UTM-Y: 4241940 Depth: 16 Value: 73.5 Station: CB5.1
 --- UTM-X: 386968 UTM-Y: 4241940 Depth: 16.5 Value: 73.4 Station: CB5.1
 --- UTM-X: 386968 UTM-Y: 4241940 Depth: 17 Value: 73.4 Station: CB5.1
 --- UTM-X: 386968 UTM-Y: 4241940 Depth: 17.5 Value: 73.4 Station: CB5.1
 --- UTM-X: 386968 UTM-Y: 4241940 Depth: 18 Value: 73.3 Station: CB5.1
 --- UTM-X: 386968 UTM-Y: 4241940 Depth: 18.5 Value: 73.3 Station: CB5.1
 --- UTM-X: 386968 UTM-Y: 4241940 Depth: 19 Value: 73.2 Station: CB5.1
 --- UTM-X: 386968 UTM-Y: 4241940 Depth: 19.5 Value: 73.3 Station: CB5.1
 --- UTM-X: 386968 UTM-Y: 4241940 Depth: 20 Value: 73.3 Station: CB5.1
 --- UTM-X: 386968 UTM-Y: 4241940 Depth: 20.5 Value: 73.4 Station: CB5.1
 --- UTM-X: 386968 UTM-Y: 4241940 Depth: 21 Value: 73.4 Station: CB5.1
 --- UTM-X: 386968 UTM-Y: 4241940 Depth: 21.5 Value: 73.4 Station: CB5.1
 --- UTM-X: 386968 UTM-Y: 4241940 Depth: 22 Value: 73.5 Station: CB5.1
 --- UTM-X: 386968 UTM-Y: 4241940 Depth: 22.5 Value: 73.5 Station: CB5.1
 --- UTM-X: 386968 UTM-Y: 4241940 Depth: 23 Value: 73.6 Station: CB5.1
 --- UTM-X: 386968 UTM-Y: 4241940 Depth: 23.5 Value: 73.6 Station: CB5.1
 --- UTM-X: 386968 UTM-Y: 4241940 Depth: 24 Value: 73.6 Station: CB5.1
 --- UTM-X: 386968 UTM-Y: 4241940 Depth: 24.5 Value: 73.6 Station: CB5.1
 --- UTM-X: 386968 UTM-Y: 4241940 Depth: 25 Value: 73.6 Station: CB5.1
 --- UTM-X: 386968 UTM-Y: 4241940 Depth: 25.5 Value: 73.5 Station: CB5.1
 --- UTM-X: 386968 UTM-Y: 4241940 Depth: 26 Value: 73.5 Station: CB5.1
 --- UTM-X: 386968 UTM-Y: 4241940 Depth: 26.5 Value: 73.4 Station: CB5.1
 --- UTM-X: 386968 UTM-Y: 4241940 Depth: 27 Value: 73.4 Station: CB5.1
 --- UTM-X: 386968 UTM-Y: 4241940 Depth: 27.5 Value: 73.4 Station: CB5.1
 --- UTM-X: 386968 UTM-Y: 4241940 Depth: 28 Value: 73.4 Station: CB5.1
 --- UTM-X: 386968 UTM-Y: 4241940 Depth: 28.5 Value: 73.4 Station: CB5.1
 --- UTM-X: 386968 UTM-Y: 4241940 Depth: 29 Value: 73.4 Station: CB5.1
 --- UTM-X: 386968 UTM-Y: 4241940 Depth: 29.5 Value: 73.4 Station: CB5.1
 --- UTM-X: 386968 UTM-Y: 4241940 Depth: 30 Value: 73.4 Station: CB5.1
 --- UTM-X: 386968 UTM-Y: 4241940 Depth: 30.5 Value: 73.4 Station: CB5.1
 --- UTM-X: 386968 UTM-Y: 4241940 Depth: 31 Value: 73.4 Station: CB5.1
 --- UTM-X: 386968 UTM-Y: 4241940 Depth: 31.5 Value: 73.4 Station: CB5.1
 --- UTM-X: 386968 UTM-Y: 4241940 Depth: 32 Value: 73.4 Station: CB5.1
 --- UTM-X: 379767 UTM-Y: 4242784 Depth: 0 Value: 81.3 Station: CB5.1W
 --- UTM-X: 379767 UTM-Y: 4242784 Depth: 0.5 Value: 81.3 Station: CB5.1W
 --- UTM-X: 379767 UTM-Y: 4242784 Depth: 1 Value: 81.3 Station: CB5.1W
 --- UTM-X: 379767 UTM-Y: 4242784 Depth: 1.5 Value: 81.2 Station: CB5.1W
 --- UTM-X: 379767 UTM-Y: 4242784 Depth: 2 Value: 81.1 Station: CB5.1W
 --- UTM-X: 379767 UTM-Y: 4242784 Depth: 2.5 Value: 80.7 Station: CB5.1W
 --- UTM-X: 379767 UTM-Y: 4242784 Depth: 3 Value: 80.2 Station: CB5.1W
 --- UTM-X: 379767 UTM-Y: 4242784 Depth: 3.5 Value: 79.7 Station: CB5.1W
 --- UTM-X: 379767 UTM-Y: 4242784 Depth: 4 Value: 79.2 Station: CB5.1W
 --- UTM-X: 379767 UTM-Y: 4242784 Depth: 4.5 Value: 78.6 Station: CB5.1W
 --- UTM-X: 379767 UTM-Y: 4242784 Depth: 5 Value: 78.1 Station: CB5.1W
 --- UTM-X: 379767 UTM-Y: 4242784 Depth: 5.5 Value: 77.5 Station: CB5.1W
 --- UTM-X: 379767 UTM-Y: 4242784 Depth: 6 Value: 77 Station: CB5.1W
 --- UTM-X: 379767 UTM-Y: 4242784 Depth: 6.5 Value: 76.5 Station: CB5.1W
 --- UTM-X: 379767 UTM-Y: 4242784 Depth: 7 Value: 75.9 Station: CB5.1W
 --- UTM-X: 379767 UTM-Y: 4242784 Depth: 7.5 Value: 75.4 Station: CB5.1W
 --- UTM-X: 379767 UTM-Y: 4242784 Depth: 8 Value: 74.8 Station: CB5.1W
 --- UTM-X: 392384 UTM-Y: 4221705 Depth: 0 Value: 82.8 Station: CB5.2
 --- UTM-X: 392384 UTM-Y: 4221705 Depth: 0.5 Value: 82.8 Station: CB5.2
 --- UTM-X: 392384 UTM-Y: 4221705 Depth: 1 Value: 82.8 Station: CB5.2
 --- UTM-X: 392384 UTM-Y: 4221705 Depth: 1.5 Value: 82.8 Station: CB5.2
 --- UTM-X: 392384 UTM-Y: 4221705 Depth: 2 Value: 82.8 Station: CB5.2
 --- UTM-X: 392384 UTM-Y: 4221705 Depth: 2.5 Value: 82.7 Station: CB5.2
 --- UTM-X: 392384 UTM-Y: 4221705 Depth: 3 Value: 82.6 Station: CB5.2
 --- UTM-X: 392384 UTM-Y: 4221705 Depth: 3.5 Value: 82.6 Station: CB5.2
 --- UTM-X: 392384 UTM-Y: 4221705 Depth: 4 Value: 82.6 Station: CB5.2
 --- UTM-X: 392384 UTM-Y: 4221705 Depth: 4.5 Value: 82.6 Station: CB5.2
 --- UTM-X: 392384 UTM-Y: 4221705 Depth: 5 Value: 82.6 Station: CB5.2
 --- UTM-X: 392384 UTM-Y: 4221705 Depth: 5.5 Value: 82.4 Station: CB5.2
 --- UTM-X: 392384 UTM-Y: 4221705 Depth: 6 Value: 82.2 Station: CB5.2
 --- UTM-X: 392384 UTM-Y: 4221705 Depth: 6.5 Value: 81.7 Station: CB5.2
 --- UTM-X: 392384 UTM-Y: 4221705 Depth: 7 Value: 81.1 Station: CB5.2
 --- UTM-X: 392384 UTM-Y: 4221705 Depth: 7.5 Value: 79.7 Station: CB5.2
 --- UTM-X: 392384 UTM-Y: 4221705 Depth: 8 Value: 78.3 Station: CB5.2
 --- UTM-X: 392384 UTM-Y: 4221705 Depth: 8.5 Value: 77.6 Station: CB5.2
 --- UTM-X: 392384 UTM-Y: 4221705 Depth: 9 Value: 77 Station: CB5.2
 --- UTM-X: 392384 UTM-Y: 4221705 Depth: 9.5 Value: 77.5 Station: CB5.2
 --- UTM-X: 392384 UTM-Y: 4221705 Depth: 10 Value: 77.9 Station: CB5.2
 --- UTM-X: 392384 UTM-Y: 4221705 Depth: 10.5 Value: 77.6 Station: CB5.2
 --- UTM-X: 392384 UTM-Y: 4221705 Depth: 11 Value: 77.4 Station: CB5.2
 --- UTM-X: 392384 UTM-Y: 4221705 Depth: 11.5 Value: 76.9 Station: CB5.2
 --- UTM-X: 392384 UTM-Y: 4221705 Depth: 12 Value: 76.5 Station: CB5.2
 --- UTM-X: 392384 UTM-Y: 4221705 Depth: 12.5 Value: 76.5 Station: CB5.2
 --- UTM-X: 392384 UTM-Y: 4221705 Depth: 13 Value: 76.5 Station: CB5.2
 --- UTM-X: 392384 UTM-Y: 4221705 Depth: 13.5 Value: 76.2 Station: CB5.2
 --- UTM-X: 392384 UTM-Y: 4221705 Depth: 14 Value: 75.9 Station: CB5.2
 --- UTM-X: 392384 UTM-Y: 4221705 Depth: 14.5 Value: 75.9 Station: CB5.2
 --- UTM-X: 392384 UTM-Y: 4221705 Depth: 15 Value: 75.9 Station: CB5.2
 --- UTM-X: 392384 UTM-Y: 4221705 Depth: 15.5 Value: 76.1 Station: CB5.2
 --- UTM-X: 392384 UTM-Y: 4221705 Depth: 16 Value: 76.3 Station: CB5.2
 --- UTM-X: 392384 UTM-Y: 4221705 Depth: 16.5 Value: 76.4 Station: CB5.2
 --- UTM-X: 392384 UTM-Y: 4221705 Depth: 17 Value: 76.5 Station: CB5.2
 --- UTM-X: 392384 UTM-Y: 4221705 Depth: 17.5 Value: 76.5 Station: CB5.2
 --- UTM-X: 392384 UTM-Y: 4221705 Depth: 18 Value: 76.5 Station: CB5.2
 --- UTM-X: 392384 UTM-Y: 4221705 Depth: 18.5 Value: 76.5 Station: CB5.2
 --- UTM-X: 392384 UTM-Y: 4221705 Depth: 19 Value: 76.5 Station: CB5.2
 --- UTM-X: 392384 UTM-Y: 4221705 Depth: 19.5 Value: 76.4 Station: CB5.2
 --- UTM-X: 392384 UTM-Y: 4221705 Depth: 20 Value: 76.4 Station: CB5.2
 --- UTM-X: 392384 UTM-Y: 4221705 Depth: 20.5 Value: 76.3 Station: CB5.2
 --- UTM-X: 392384 UTM-Y: 4221705 Depth: 21 Value: 76.3 Station: CB5.2
 --- UTM-X: 392384 UTM-Y: 4221705 Depth: 21.5 Value: 76.3 Station: CB5.2
 --- UTM-X: 392384 UTM-Y: 4221705 Depth: 22 Value: 76.3 Station: CB5.2
 --- UTM-X: 392384 UTM-Y: 4221705 Depth: 22.5 Value: 76.3 Station: CB5.2
 --- UTM-X: 392384 UTM-Y: 4221705 Depth: 23 Value: 76.3 Station: CB5.2
 --- UTM-X: 392384 UTM-Y: 4221705 Depth: 23.5 Value: 76.3 Station: CB5.2
 --- UTM-X: 392384 UTM-Y: 4221705 Depth: 24 Value: 76.3 Station: CB5.2
 --- UTM-X: 392384 UTM-Y: 4221705 Depth: 24.5 Value: 76.3 Station: CB5.2
 --- UTM-X: 392384 UTM-Y: 4221705 Depth: 25 Value: 76.3 Station: CB5.2
 --- UTM-X: 392384 UTM-Y: 4221705 Depth: 25.5 Value: 76.2 Station: CB5.2
 --- UTM-X: 392384 UTM-Y: 4221705 Depth: 26 Value: 76.1 Station: CB5.2
 --- UTM-X: 392384 UTM-Y: 4221705 Depth: 26.5 Value: 76 Station: CB5.2
 --- UTM-X: 392384 UTM-Y: 4221705 Depth: 27 Value: 75.9 Station: CB5.2
 --- UTM-X: 392384 UTM-Y: 4221705 Depth: 27.5 Value: 75.9 Station: CB5.2
 --- UTM-X: 392384 UTM-Y: 4221705 Depth: 28 Value: 75.9 Station: CB5.2
 --- UTM-X: 414660 UTM-Y: 4228468 Depth: 0 Value: 84.6 Station: EE3.1
 --- UTM-X: 414660 UTM-Y: 4228468 Depth: 0.5 Value: 84.6 Station: EE3.1
 --- UTM-X: 414660 UTM-Y: 4228468 Depth: 1 Value: 84.6 Station: EE3.1
 --- UTM-X: 414660 UTM-Y: 4228468 Depth: 1.5 Value: 84.5 Station: EE3.1
 --- UTM-X: 414660 UTM-Y: 4228468 Depth: 2 Value: 84.4 Station: EE3.1
 --- UTM-X: 414660 UTM-Y: 4228468 Depth: 2.5 Value: 84.5 Station: EE3.1
 --- UTM-X: 414660 UTM-Y: 4228468 Depth: 3 Value: 84.6 Station: EE3.1
 --- UTM-X: 414660 UTM-Y: 4228468 Depth: 3.5 Value: 84.6 Station: EE3.1
 --- UTM-X: 414660 UTM-Y: 4228468 Depth: 4 Value: 84.6 Station: EE3.1
 --- UTM-X: 414660 UTM-Y: 4228468 Depth: 4.5 Value: 84.6 Station: EE3.1
 --- UTM-X: 414660 UTM-Y: 4228468 Depth: 5 Value: 84.6 Station: EE3.1
 --- UTM-X: 414660 UTM-Y: 4228468 Depth: 5.5 Value: 84.6 Station: EE3.1
 --- UTM-X: 414660 UTM-Y: 4228468 Depth: 6 Value: 84.6 Station: EE3.1
 --- UTM-X: 414660 UTM-Y: 4228468 Depth: 6.5 Value: 84.6 Station: EE3.1
 --- UTM-X: 414660 UTM-Y: 4228468 Depth: 7 Value: 84.6 Station: EE3.1
 --- UTM-X: 414660 UTM-Y: 4228468 Depth: 7.5 Value: 84.6 Station: EE3.1
 --- UTM-X: 414660 UTM-Y: 4228468 Depth: 8 Value: 84.6 Station: EE3.1
 --- UTM-X: 414660 UTM-Y: 4228468 Depth: 8.5 Value: 84.6 Station: EE3.1
 --- UTM-X: 414660 UTM-Y: 4228468 Depth: 9 Value: 84.6 Station: EE3.1
 --- UTM-X: 414660 UTM-Y: 4228468 Depth: 9.5 Value: 84.6 Station: EE3.1
 --- UTM-X: 414660 UTM-Y: 4228468 Depth: 10 Value: 84.6 Station: EE3.1
 --- UTM-X: 414660 UTM-Y: 4228468 Depth: 10.5 Value: 84.6 Station: EE3.1
 --- UTM-X: 414660 UTM-Y: 4228468 Depth: 11 Value: 84.6 Station: EE3.1
 --- 18568 cells were interpolated in region HNGMH.  Subtotal: 92261 total cells.
 ---- Region was calculated in 1 seconds. Segment volume (m^3) = 185680000
 
 - Bathymetry Region ID: 1024  Region Name: FSBMH  Data Points: 31 in data region 1024
 -- Cell Size  E-W: 1000  N-S: 1000  Vertical: 1
 --- Data in Region ---
 --- UTM-X: 411113 UTM-Y: 4237754 Depth: 0 Value: 85.3 Station: EE3.0
 --- UTM-X: 411113 UTM-Y: 4237754 Depth: 0.5 Value: 85.3 Station: EE3.0
 --- UTM-X: 411113 UTM-Y: 4237754 Depth: 1 Value: 85.3 Station: EE3.0
 --- UTM-X: 411113 UTM-Y: 4237754 Depth: 1.5 Value: 85.1 Station: EE3.0
 --- UTM-X: 411113 UTM-Y: 4237754 Depth: 2 Value: 84.9 Station: EE3.0
 --- UTM-X: 411113 UTM-Y: 4237754 Depth: 2.5 Value: 84.9 Station: EE3.0
 --- UTM-X: 411113 UTM-Y: 4237754 Depth: 3 Value: 84.9 Station: EE3.0
 --- UTM-X: 411113 UTM-Y: 4237754 Depth: 3.5 Value: 84.8 Station: EE3.0
 --- UTM-X: 414660 UTM-Y: 4228468 Depth: 0 Value: 84.6 Station: EE3.1
 --- UTM-X: 414660 UTM-Y: 4228468 Depth: 0.5 Value: 84.6 Station: EE3.1
 --- UTM-X: 414660 UTM-Y: 4228468 Depth: 1 Value: 84.6 Station: EE3.1
 --- UTM-X: 414660 UTM-Y: 4228468 Depth: 1.5 Value: 84.5 Station: EE3.1
 --- UTM-X: 414660 UTM-Y: 4228468 Depth: 2 Value: 84.4 Station: EE3.1
 --- UTM-X: 414660 UTM-Y: 4228468 Depth: 2.5 Value: 84.5 Station: EE3.1
 --- UTM-X: 414660 UTM-Y: 4228468 Depth: 3 Value: 84.6 Station: EE3.1
 --- UTM-X: 414660 UTM-Y: 4228468 Depth: 3.5 Value: 84.6 Station: EE3.1
 --- UTM-X: 414660 UTM-Y: 4228468 Depth: 4 Value: 84.6 Station: EE3.1
 --- UTM-X: 414660 UTM-Y: 4228468 Depth: 4.5 Value: 84.6 Station: EE3.1
 --- UTM-X: 414660 UTM-Y: 4228468 Depth: 5 Value: 84.6 Station: EE3.1
 --- UTM-X: 414660 UTM-Y: 4228468 Depth: 5.5 Value: 84.6 Station: EE3.1
 --- UTM-X: 414660 UTM-Y: 4228468 Depth: 6 Value: 84.6 Station: EE3.1
 --- UTM-X: 414660 UTM-Y: 4228468 Depth: 6.5 Value: 84.6 Station: EE3.1
 --- UTM-X: 414660 UTM-Y: 4228468 Depth: 7 Value: 84.6 Station: EE3.1
 --- UTM-X: 414660 UTM-Y: 4228468 Depth: 7.5 Value: 84.6 Station: EE3.1
 --- UTM-X: 414660 UTM-Y: 4228468 Depth: 8 Value: 84.6 Station: EE3.1
 --- UTM-X: 414660 UTM-Y: 4228468 Depth: 8.5 Value: 84.6 Station: EE3.1
 --- UTM-X: 414660 UTM-Y: 4228468 Depth: 9 Value: 84.6 Station: EE3.1
 --- UTM-X: 414660 UTM-Y: 4228468 Depth: 9.5 Value: 84.6 Station: EE3.1
 --- UTM-X: 414660 UTM-Y: 4228468 Depth: 10 Value: 84.6 Station: EE3.1
 --- UTM-X: 414660 UTM-Y: 4228468 Depth: 10.5 Value: 84.6 Station: EE3.1
 --- UTM-X: 414660 UTM-Y: 4228468 Depth: 11 Value: 84.6 Station: EE3.1
 --- 143 cells were interpolated in region FSBMH.  Subtotal: 92404 total cells.
 ---- Region was calculated in 0 seconds. Segment volume (m^3) = 143000000
 
 - Bathymetry Region ID: 1025  Region Name: NANTF  Data Points: 10 in data region 1025
 -- Cell Size  E-W: 50  N-S: 50  Vertical: 1
 --- Data in Region ---
 --- UTM-X: 437567 UTM-Y: 4265248 Depth: 0 Value: 85.5 Station: ET6.1
 --- UTM-X: 437567 UTM-Y: 4265248 Depth: 0.5 Value: 85.4 Station: ET6.1
 --- UTM-X: 437567 UTM-Y: 4265248 Depth: 1 Value: 85.3 Station: ET6.1
 --- UTM-X: 437567 UTM-Y: 4265248 Depth: 1.5 Value: 85.3 Station: ET6.1
 --- UTM-X: 437567 UTM-Y: 4265248 Depth: 2 Value: 85.3 Station: ET6.1
 --- UTM-X: 437567 UTM-Y: 4265248 Depth: 2.5 Value: 85.3 Station: ET6.1
 --- UTM-X: 437567 UTM-Y: 4265248 Depth: 3 Value: 85.3 Station: ET6.1
 --- UTM-X: 437567 UTM-Y: 4265248 Depth: 3.5 Value: 85.3 Station: ET6.1
 --- UTM-X: 437567 UTM-Y: 4265248 Depth: 4 Value: 85.3 Station: ET6.1
 --- UTM-X: 437567 UTM-Y: 4265248 Depth: 4.5 Value: 85.3 Station: ET6.1
 --- 2646 cells were interpolated in region NANTF.  Subtotal: 95050 total cells.
 ---- Region was calculated in 0 seconds. Segment volume (m^3) = 6615000
 
 - Bathymetry Region ID: 1026  Region Name: NANOH  Data Points: 17 in data region 1026
 -- Cell Size  E-W: 50  N-S: 50  Vertical: 1
 --- Data in Region ---
 --- UTM-X: 437567 UTM-Y: 4265248 Depth: 0 Value: 85.5 Station: ET6.1
 --- UTM-X: 437567 UTM-Y: 4265248 Depth: 0.5 Value: 85.4 Station: ET6.1
 --- UTM-X: 437567 UTM-Y: 4265248 Depth: 1 Value: 85.3 Station: ET6.1
 --- UTM-X: 437567 UTM-Y: 4265248 Depth: 1.5 Value: 85.3 Station: ET6.1
 --- UTM-X: 437567 UTM-Y: 4265248 Depth: 2 Value: 85.3 Station: ET6.1
 --- UTM-X: 437567 UTM-Y: 4265248 Depth: 2.5 Value: 85.3 Station: ET6.1
 --- UTM-X: 437567 UTM-Y: 4265248 Depth: 3 Value: 85.3 Station: ET6.1
 --- UTM-X: 437567 UTM-Y: 4265248 Depth: 3.5 Value: 85.3 Station: ET6.1
 --- UTM-X: 437567 UTM-Y: 4265248 Depth: 4 Value: 85.3 Station: ET6.1
 --- UTM-X: 437567 UTM-Y: 4265248 Depth: 4.5 Value: 85.3 Station: ET6.1
 --- UTM-X: 422828 UTM-Y: 4243182 Depth: 0 Value: 85.1 Station: ET6.2
 --- UTM-X: 422828 UTM-Y: 4243182 Depth: 0.5 Value: 85.1 Station: ET6.2
 --- UTM-X: 422828 UTM-Y: 4243182 Depth: 1 Value: 85.1 Station: ET6.2
 --- UTM-X: 422828 UTM-Y: 4243182 Depth: 1.5 Value: 85 Station: ET6.2
 --- UTM-X: 422828 UTM-Y: 4243182 Depth: 2 Value: 84.9 Station: ET6.2
 --- UTM-X: 422828 UTM-Y: 4243182 Depth: 2.5 Value: 84.8 Station: ET6.2
 --- UTM-X: 422828 UTM-Y: 4243182 Depth: 3 Value: 84.6 Station: ET6.2
 --- 18000 cells were interpolated in region NANOH.  Subtotal: 113050 total cells.
 ---- Region was calculated in 0 seconds. Segment volume (m^3) = 45000000
 
 - Bathymetry Region ID: 1027  Region Name: NANMH  Data Points: 30 in data region 1027
 -- Cell Size  E-W: 500  N-S: 500  Vertical: 1
 --- Data in Region ---
 --- UTM-X: 414660 UTM-Y: 4228468 Depth: 0 Value: 84.6 Station: EE3.1
 --- UTM-X: 414660 UTM-Y: 4228468 Depth: 0.5 Value: 84.6 Station: EE3.1
 --- UTM-X: 414660 UTM-Y: 4228468 Depth: 1 Value: 84.6 Station: EE3.1
 --- UTM-X: 414660 UTM-Y: 4228468 Depth: 1.5 Value: 84.5 Station: EE3.1
 --- UTM-X: 414660 UTM-Y: 4228468 Depth: 2 Value: 84.4 Station: EE3.1
 --- UTM-X: 414660 UTM-Y: 4228468 Depth: 2.5 Value: 84.5 Station: EE3.1
 --- UTM-X: 414660 UTM-Y: 4228468 Depth: 3 Value: 84.6 Station: EE3.1
 --- UTM-X: 414660 UTM-Y: 4228468 Depth: 3.5 Value: 84.6 Station: EE3.1
 --- UTM-X: 414660 UTM-Y: 4228468 Depth: 4 Value: 84.6 Station: EE3.1
 --- UTM-X: 414660 UTM-Y: 4228468 Depth: 4.5 Value: 84.6 Station: EE3.1
 --- UTM-X: 414660 UTM-Y: 4228468 Depth: 5 Value: 84.6 Station: EE3.1
 --- UTM-X: 414660 UTM-Y: 4228468 Depth: 5.5 Value: 84.6 Station: EE3.1
 --- UTM-X: 414660 UTM-Y: 4228468 Depth: 6 Value: 84.6 Station: EE3.1
 --- UTM-X: 414660 UTM-Y: 4228468 Depth: 6.5 Value: 84.6 Station: EE3.1
 --- UTM-X: 414660 UTM-Y: 4228468 Depth: 7 Value: 84.6 Station: EE3.1
 --- UTM-X: 414660 UTM-Y: 4228468 Depth: 7.5 Value: 84.6 Station: EE3.1
 --- UTM-X: 414660 UTM-Y: 4228468 Depth: 8 Value: 84.6 Station: EE3.1
 --- UTM-X: 414660 UTM-Y: 4228468 Depth: 8.5 Value: 84.6 Station: EE3.1
 --- UTM-X: 414660 UTM-Y: 4228468 Depth: 9 Value: 84.6 Station: EE3.1
 --- UTM-X: 414660 UTM-Y: 4228468 Depth: 9.5 Value: 84.6 Station: EE3.1
 --- UTM-X: 414660 UTM-Y: 4228468 Depth: 10 Value: 84.6 Station: EE3.1
 --- UTM-X: 414660 UTM-Y: 4228468 Depth: 10.5 Value: 84.6 Station: EE3.1
 --- UTM-X: 414660 UTM-Y: 4228468 Depth: 11 Value: 84.6 Station: EE3.1
 --- UTM-X: 422828 UTM-Y: 4243182 Depth: 0 Value: 85.1 Station: ET6.2
 --- UTM-X: 422828 UTM-Y: 4243182 Depth: 0.5 Value: 85.1 Station: ET6.2
 --- UTM-X: 422828 UTM-Y: 4243182 Depth: 1 Value: 85.1 Station: ET6.2
 --- UTM-X: 422828 UTM-Y: 4243182 Depth: 1.5 Value: 85 Station: ET6.2
 --- UTM-X: 422828 UTM-Y: 4243182 Depth: 2 Value: 84.9 Station: ET6.2
 --- UTM-X: 422828 UTM-Y: 4243182 Depth: 2.5 Value: 84.8 Station: ET6.2
 --- UTM-X: 422828 UTM-Y: 4243182 Depth: 3 Value: 84.6 Station: ET6.2
 --- 389 cells were interpolated in region NANMH.  Subtotal: 113439 total cells.
 ---- Region was calculated in 0 seconds. Segment volume (m^3) = 97250000
 
 - Bathymetry Region ID: 1028  Region Name: WICMH  Data Points: 36 in data region 1028
 -- Cell Size  E-W: 100  N-S: 100  Vertical: 1
 --- Data in Region ---
 --- UTM-X: 414660 UTM-Y: 4228468 Depth: 0 Value: 84.6 Station: EE3.1
 --- UTM-X: 414660 UTM-Y: 4228468 Depth: 0.5 Value: 84.6 Station: EE3.1
 --- UTM-X: 414660 UTM-Y: 4228468 Depth: 1 Value: 84.6 Station: EE3.1
 --- UTM-X: 414660 UTM-Y: 4228468 Depth: 1.5 Value: 84.5 Station: EE3.1
 --- UTM-X: 414660 UTM-Y: 4228468 Depth: 2 Value: 84.4 Station: EE3.1
 --- UTM-X: 414660 UTM-Y: 4228468 Depth: 2.5 Value: 84.5 Station: EE3.1
 --- UTM-X: 414660 UTM-Y: 4228468 Depth: 3 Value: 84.6 Station: EE3.1
 --- UTM-X: 414660 UTM-Y: 4228468 Depth: 3.5 Value: 84.6 Station: EE3.1
 --- UTM-X: 414660 UTM-Y: 4228468 Depth: 4 Value: 84.6 Station: EE3.1
 --- UTM-X: 414660 UTM-Y: 4228468 Depth: 4.5 Value: 84.6 Station: EE3.1
 --- UTM-X: 414660 UTM-Y: 4228468 Depth: 5 Value: 84.6 Station: EE3.1
 --- UTM-X: 414660 UTM-Y: 4228468 Depth: 5.5 Value: 84.6 Station: EE3.1
 --- UTM-X: 414660 UTM-Y: 4228468 Depth: 6 Value: 84.6 Station: EE3.1
 --- UTM-X: 414660 UTM-Y: 4228468 Depth: 6.5 Value: 84.6 Station: EE3.1
 --- UTM-X: 414660 UTM-Y: 4228468 Depth: 7 Value: 84.6 Station: EE3.1
 --- UTM-X: 414660 UTM-Y: 4228468 Depth: 7.5 Value: 84.6 Station: EE3.1
 --- UTM-X: 414660 UTM-Y: 4228468 Depth: 8 Value: 84.6 Station: EE3.1
 --- UTM-X: 414660 UTM-Y: 4228468 Depth: 8.5 Value: 84.6 Station: EE3.1
 --- UTM-X: 414660 UTM-Y: 4228468 Depth: 9 Value: 84.6 Station: EE3.1
 --- UTM-X: 414660 UTM-Y: 4228468 Depth: 9.5 Value: 84.6 Station: EE3.1
 --- UTM-X: 414660 UTM-Y: 4228468 Depth: 10 Value: 84.6 Station: EE3.1
 --- UTM-X: 414660 UTM-Y: 4228468 Depth: 10.5 Value: 84.6 Station: EE3.1
 --- UTM-X: 414660 UTM-Y: 4228468 Depth: 11 Value: 84.6 Station: EE3.1
 --- UTM-X: 430776 UTM-Y: 4235712 Depth: 0 Value: 86 Station: ET7.1
 --- UTM-X: 430776 UTM-Y: 4235712 Depth: 0.5 Value: 85.7 Station: ET7.1
 --- UTM-X: 430776 UTM-Y: 4235712 Depth: 1 Value: 85.5 Station: ET7.1
 --- UTM-X: 430776 UTM-Y: 4235712 Depth: 1.5 Value: 85.4 Station: ET7.1
 --- UTM-X: 430776 UTM-Y: 4235712 Depth: 2 Value: 85.3 Station: ET7.1
 --- UTM-X: 430776 UTM-Y: 4235712 Depth: 2.5 Value: 85.2 Station: ET7.1
 --- UTM-X: 430776 UTM-Y: 4235712 Depth: 3 Value: 85.1 Station: ET7.1
 --- UTM-X: 430776 UTM-Y: 4235712 Depth: 3.5 Value: 85.1 Station: ET7.1
 --- UTM-X: 430776 UTM-Y: 4235712 Depth: 4 Value: 85.1 Station: ET7.1
 --- UTM-X: 430776 UTM-Y: 4235712 Depth: 4.5 Value: 85.1 Station: ET7.1
 --- UTM-X: 430776 UTM-Y: 4235712 Depth: 5 Value: 85.1 Station: ET7.1
 --- UTM-X: 430776 UTM-Y: 4235712 Depth: 5.5 Value: 85.2 Station: ET7.1
 --- UTM-X: 430776 UTM-Y: 4235712 Depth: 6 Value: 85.3 Station: ET7.1
 --- 5642 cells were interpolated in region WICMH.  Subtotal: 119081 total cells.
 ---- Region was calculated in 0 seconds. Segment volume (m^3) = 56420000
 
 - Bathymetry Region ID: 1029  Region Name: MANMH  Data Points: 11 in data region 1029
 -- Cell Size  E-W: 500  N-S: 500  Vertical: 1
 --- Data in Region ---
 --- UTM-X: 428467 UTM-Y: 4221862 Depth: 0 Value: 85.1 Station: ET8.1
 --- UTM-X: 428467 UTM-Y: 4221862 Depth: 0.5 Value: 84.9 Station: ET8.1
 --- UTM-X: 428467 UTM-Y: 4221862 Depth: 1 Value: 84.7 Station: ET8.1
 --- UTM-X: 428467 UTM-Y: 4221862 Depth: 1.5 Value: 84.4 Station: ET8.1
 --- UTM-X: 428467 UTM-Y: 4221862 Depth: 2 Value: 84 Station: ET8.1
 --- UTM-X: 428467 UTM-Y: 4221862 Depth: 2.5 Value: 84 Station: ET8.1
 --- UTM-X: 428467 UTM-Y: 4221862 Depth: 3 Value: 84 Station: ET8.1
 --- UTM-X: 428467 UTM-Y: 4221862 Depth: 3.5 Value: 84 Station: ET8.1
 --- UTM-X: 428467 UTM-Y: 4221862 Depth: 4 Value: 84 Station: ET8.1
 --- UTM-X: 428467 UTM-Y: 4221862 Depth: 4.5 Value: 83.9 Station: ET8.1
 --- UTM-X: 428467 UTM-Y: 4221862 Depth: 5 Value: 83.8 Station: ET8.1
 --- 358 cells were interpolated in region MANMH.  Subtotal: 119439 total cells.
 ---- Region was calculated in 0 seconds. Segment volume (m^3) = 89500000
 
 - Bathymetry Region ID: 1030  Region Name: BIGMH  Data Points: 65 in data region 1030
 -- Cell Size  E-W: 250  N-S: 250  Vertical: 1
 --- Data in Region ---
 --- UTM-X: 418794 UTM-Y: 4204010 Depth: 0 Value: 84.2 Station: EE3.2
 --- UTM-X: 418794 UTM-Y: 4204010 Depth: 0.5 Value: 84.2 Station: EE3.2
 --- UTM-X: 418794 UTM-Y: 4204010 Depth: 1 Value: 84.2 Station: EE3.2
 --- UTM-X: 418794 UTM-Y: 4204010 Depth: 1.5 Value: 84.1 Station: EE3.2
 --- UTM-X: 418794 UTM-Y: 4204010 Depth: 2 Value: 84 Station: EE3.2
 --- UTM-X: 418794 UTM-Y: 4204010 Depth: 2.5 Value: 83.9 Station: EE3.2
 --- UTM-X: 418794 UTM-Y: 4204010 Depth: 3 Value: 83.8 Station: EE3.2
 --- UTM-X: 418794 UTM-Y: 4204010 Depth: 3.5 Value: 83.8 Station: EE3.2
 --- UTM-X: 418794 UTM-Y: 4204010 Depth: 4 Value: 83.8 Station: EE3.2
 --- UTM-X: 418794 UTM-Y: 4204010 Depth: 4.5 Value: 83.7 Station: EE3.2
 --- UTM-X: 418794 UTM-Y: 4204010 Depth: 5 Value: 83.7 Station: EE3.2
 --- UTM-X: 418794 UTM-Y: 4204010 Depth: 5.5 Value: 83.7 Station: EE3.2
 --- UTM-X: 418794 UTM-Y: 4204010 Depth: 6 Value: 83.7 Station: EE3.2
 --- UTM-X: 418794 UTM-Y: 4204010 Depth: 6.5 Value: 83.7 Station: EE3.2
 --- UTM-X: 418794 UTM-Y: 4204010 Depth: 7 Value: 83.7 Station: EE3.2
 --- UTM-X: 418794 UTM-Y: 4204010 Depth: 7.5 Value: 83.6 Station: EE3.2
 --- UTM-X: 418794 UTM-Y: 4204010 Depth: 8 Value: 83.6 Station: EE3.2
 --- UTM-X: 418794 UTM-Y: 4204010 Depth: 8.5 Value: 83.5 Station: EE3.2
 --- UTM-X: 418794 UTM-Y: 4204010 Depth: 9 Value: 83.5 Station: EE3.2
 --- UTM-X: 418794 UTM-Y: 4204010 Depth: 9.5 Value: 83.5 Station: EE3.2
 --- UTM-X: 418794 UTM-Y: 4204010 Depth: 10 Value: 83.5 Station: EE3.2
 --- UTM-X: 418794 UTM-Y: 4204010 Depth: 10.5 Value: 83.5 Station: EE3.2
 --- UTM-X: 418794 UTM-Y: 4204010 Depth: 11 Value: 83.5 Station: EE3.2
 --- UTM-X: 418794 UTM-Y: 4204010 Depth: 11.5 Value: 83.5 Station: EE3.2
 --- UTM-X: 418794 UTM-Y: 4204010 Depth: 12 Value: 83.5 Station: EE3.2
 --- UTM-X: 418794 UTM-Y: 4204010 Depth: 12.5 Value: 83.5 Station: EE3.2
 --- UTM-X: 418794 UTM-Y: 4204010 Depth: 13 Value: 83.5 Station: EE3.2
 --- UTM-X: 418794 UTM-Y: 4204010 Depth: 13.5 Value: 83.5 Station: EE3.2
 --- UTM-X: 418794 UTM-Y: 4204010 Depth: 14 Value: 83.5 Station: EE3.2
 --- UTM-X: 418794 UTM-Y: 4204010 Depth: 14.5 Value: 83.5 Station: EE3.2
 --- UTM-X: 418794 UTM-Y: 4204010 Depth: 15 Value: 83.5 Station: EE3.2
 --- UTM-X: 418794 UTM-Y: 4204010 Depth: 15.5 Value: 83.5 Station: EE3.2
 --- UTM-X: 418794 UTM-Y: 4204010 Depth: 16 Value: 83.5 Station: EE3.2
 --- UTM-X: 418794 UTM-Y: 4204010 Depth: 16.5 Value: 83.5 Station: EE3.2
 --- UTM-X: 418794 UTM-Y: 4204010 Depth: 17 Value: 83.5 Station: EE3.2
 --- UTM-X: 418794 UTM-Y: 4204010 Depth: 17.5 Value: 83.5 Station: EE3.2
 --- UTM-X: 418794 UTM-Y: 4204010 Depth: 18 Value: 83.5 Station: EE3.2
 --- UTM-X: 418794 UTM-Y: 4204010 Depth: 18.5 Value: 83.5 Station: EE3.2
 --- UTM-X: 418794 UTM-Y: 4204010 Depth: 19 Value: 83.5 Station: EE3.2
 --- UTM-X: 418794 UTM-Y: 4204010 Depth: 19.5 Value: 83.5 Station: EE3.2
 --- UTM-X: 418794 UTM-Y: 4204010 Depth: 20 Value: 83.5 Station: EE3.2
 --- UTM-X: 418794 UTM-Y: 4204010 Depth: 20.5 Value: 83.5 Station: EE3.2
 --- UTM-X: 418794 UTM-Y: 4204010 Depth: 21 Value: 83.5 Station: EE3.2
 --- UTM-X: 418794 UTM-Y: 4204010 Depth: 21.5 Value: 83.5 Station: EE3.2
 --- UTM-X: 418794 UTM-Y: 4204010 Depth: 22 Value: 83.5 Station: EE3.2
 --- UTM-X: 418794 UTM-Y: 4204010 Depth: 22.5 Value: 83.5 Station: EE3.2
 --- UTM-X: 418794 UTM-Y: 4204010 Depth: 23 Value: 83.5 Station: EE3.2
 --- UTM-X: 418794 UTM-Y: 4204010 Depth: 23.5 Value: 83.5 Station: EE3.2
 --- UTM-X: 418794 UTM-Y: 4204010 Depth: 24 Value: 83.5 Station: EE3.2
 --- UTM-X: 418794 UTM-Y: 4204010 Depth: 24.5 Value: 83.5 Station: EE3.2
 --- UTM-X: 418794 UTM-Y: 4204010 Depth: 25 Value: 83.5 Station: EE3.2
 --- UTM-X: 418794 UTM-Y: 4204010 Depth: 25.5 Value: 83.5 Station: EE3.2
 --- UTM-X: 418794 UTM-Y: 4204010 Depth: 26 Value: 83.5 Station: EE3.2
 --- UTM-X: 418794 UTM-Y: 4204010 Depth: 26.5 Value: 83.5 Station: EE3.2
 --- UTM-X: 429117 UTM-Y: 4212609 Depth: 0 Value: 85.6 Station: ET9.1
 --- UTM-X: 429117 UTM-Y: 4212609 Depth: 0.5 Value: 85.6 Station: ET9.1
 --- UTM-X: 429117 UTM-Y: 4212609 Depth: 1 Value: 85.6 Station: ET9.1
 --- UTM-X: 429117 UTM-Y: 4212609 Depth: 1.5 Value: 85.2 Station: ET9.1
 --- UTM-X: 429117 UTM-Y: 4212609 Depth: 2 Value: 84.7 Station: ET9.1
 --- UTM-X: 429117 UTM-Y: 4212609 Depth: 2.5 Value: 84.7 Station: ET9.1
 --- UTM-X: 429117 UTM-Y: 4212609 Depth: 3 Value: 84.7 Station: ET9.1
 --- UTM-X: 429117 UTM-Y: 4212609 Depth: 3.5 Value: 84.7 Station: ET9.1
 --- UTM-X: 429117 UTM-Y: 4212609 Depth: 4 Value: 84.7 Station: ET9.1
 --- UTM-X: 429117 UTM-Y: 4212609 Depth: 4.5 Value: 84.7 Station: ET9.1
 --- UTM-X: 429117 UTM-Y: 4212609 Depth: 5 Value: 84.6 Station: ET9.1
 --- 698 cells were interpolated in region BIGMH.  Subtotal: 120137 total cells.
 ---- Region was calculated in 0 seconds. Segment volume (m^3) = 43625000
 
 - Bathymetry Region ID: 1031  Region Name: POCTF  Data Points: 26 in data region 1031
 -- Cell Size  E-W: 50  N-S: 50  Vertical: 1
 --- Data in Region ---
 --- UTM-X: 432666 UTM-Y: 4199634 Depth: 0 Value: 83.7 Station: EE3.3
 --- UTM-X: 432666 UTM-Y: 4199634 Depth: 0.5 Value: 83.7 Station: EE3.3
 --- UTM-X: 432666 UTM-Y: 4199634 Depth: 1 Value: 83.7 Station: EE3.3
 --- UTM-X: 432666 UTM-Y: 4199634 Depth: 1.5 Value: 83.7 Station: EE3.3
 --- UTM-X: 432666 UTM-Y: 4199634 Depth: 2 Value: 83.7 Station: EE3.3
 --- UTM-X: 432666 UTM-Y: 4199634 Depth: 2.5 Value: 83.7 Station: EE3.3
 --- UTM-X: 432666 UTM-Y: 4199634 Depth: 3 Value: 83.7 Station: EE3.3
 --- UTM-X: 430437 UTM-Y: 4195954 Depth: 0 Value: 86.4 Station: EE3.4
 --- UTM-X: 430437 UTM-Y: 4195954 Depth: 0.5 Value: 86.4 Station: EE3.4
 --- UTM-X: 430437 UTM-Y: 4195954 Depth: 1 Value: 86.4 Station: EE3.4
 --- UTM-X: 430437 UTM-Y: 4195954 Depth: 1.5 Value: 86.6 Station: EE3.4
 --- UTM-X: 430437 UTM-Y: 4195954 Depth: 2 Value: 86.7 Station: EE3.4
 --- UTM-X: 430437 UTM-Y: 4195954 Depth: 2.5 Value: 86.6 Station: EE3.4
 --- UTM-X: 430437 UTM-Y: 4195954 Depth: 3 Value: 86.5 Station: EE3.4
 --- UTM-X: 450335 UTM-Y: 4215226 Depth: 0 Value: 84.4 Station: ET10.1
 --- UTM-X: 450335 UTM-Y: 4215226 Depth: 0.5 Value: 84.3 Station: ET10.1
 --- UTM-X: 450335 UTM-Y: 4215226 Depth: 1 Value: 84.2 Station: ET10.1
 --- UTM-X: 450335 UTM-Y: 4215226 Depth: 1.5 Value: 84.2 Station: ET10.1
 --- UTM-X: 450335 UTM-Y: 4215226 Depth: 2 Value: 84.2 Station: ET10.1
 --- UTM-X: 450335 UTM-Y: 4215226 Depth: 2.5 Value: 84.2 Station: ET10.1
 --- UTM-X: 450335 UTM-Y: 4215226 Depth: 3 Value: 84.2 Station: ET10.1
 --- UTM-X: 450335 UTM-Y: 4215226 Depth: 3.5 Value: 84.2 Station: ET10.1
 --- UTM-X: 450335 UTM-Y: 4215226 Depth: 4 Value: 84.2 Station: ET10.1
 --- UTM-X: 450335 UTM-Y: 4215226 Depth: 4.5 Value: 84.2 Station: ET10.1
 --- UTM-X: 450335 UTM-Y: 4215226 Depth: 5 Value: 84.2 Station: ET10.1
 --- UTM-X: 450335 UTM-Y: 4215226 Depth: 5.5 Value: 84.2 Station: ET10.1
 --- 1788 cells were interpolated in region POCTF.  Subtotal: 121925 total cells.
 ---- Region was calculated in 0 seconds. Segment volume (m^3) = 4470000
 
 - Bathymetry Region ID: 1032  Region Name: POCOH  Data Points: 26 in data region 1032
 -- Cell Size  E-W: 50  N-S: 50  Vertical: 1
 --- Data in Region ---
 --- UTM-X: 432666 UTM-Y: 4199634 Depth: 0 Value: 83.7 Station: EE3.3
 --- UTM-X: 432666 UTM-Y: 4199634 Depth: 0.5 Value: 83.7 Station: EE3.3
 --- UTM-X: 432666 UTM-Y: 4199634 Depth: 1 Value: 83.7 Station: EE3.3
 --- UTM-X: 432666 UTM-Y: 4199634 Depth: 1.5 Value: 83.7 Station: EE3.3
 --- UTM-X: 432666 UTM-Y: 4199634 Depth: 2 Value: 83.7 Station: EE3.3
 --- UTM-X: 432666 UTM-Y: 4199634 Depth: 2.5 Value: 83.7 Station: EE3.3
 --- UTM-X: 432666 UTM-Y: 4199634 Depth: 3 Value: 83.7 Station: EE3.3
 --- UTM-X: 430437 UTM-Y: 4195954 Depth: 0 Value: 86.4 Station: EE3.4
 --- UTM-X: 430437 UTM-Y: 4195954 Depth: 0.5 Value: 86.4 Station: EE3.4
 --- UTM-X: 430437 UTM-Y: 4195954 Depth: 1 Value: 86.4 Station: EE3.4
 --- UTM-X: 430437 UTM-Y: 4195954 Depth: 1.5 Value: 86.6 Station: EE3.4
 --- UTM-X: 430437 UTM-Y: 4195954 Depth: 2 Value: 86.7 Station: EE3.4
 --- UTM-X: 430437 UTM-Y: 4195954 Depth: 2.5 Value: 86.6 Station: EE3.4
 --- UTM-X: 430437 UTM-Y: 4195954 Depth: 3 Value: 86.5 Station: EE3.4
 --- UTM-X: 450335 UTM-Y: 4215226 Depth: 0 Value: 84.4 Station: ET10.1
 --- UTM-X: 450335 UTM-Y: 4215226 Depth: 0.5 Value: 84.3 Station: ET10.1
 --- UTM-X: 450335 UTM-Y: 4215226 Depth: 1 Value: 84.2 Station: ET10.1
 --- UTM-X: 450335 UTM-Y: 4215226 Depth: 1.5 Value: 84.2 Station: ET10.1
 --- UTM-X: 450335 UTM-Y: 4215226 Depth: 2 Value: 84.2 Station: ET10.1
 --- UTM-X: 450335 UTM-Y: 4215226 Depth: 2.5 Value: 84.2 Station: ET10.1
 --- UTM-X: 450335 UTM-Y: 4215226 Depth: 3 Value: 84.2 Station: ET10.1
 --- UTM-X: 450335 UTM-Y: 4215226 Depth: 3.5 Value: 84.2 Station: ET10.1
 --- UTM-X: 450335 UTM-Y: 4215226 Depth: 4 Value: 84.2 Station: ET10.1
 --- UTM-X: 450335 UTM-Y: 4215226 Depth: 4.5 Value: 84.2 Station: ET10.1
 --- UTM-X: 450335 UTM-Y: 4215226 Depth: 5 Value: 84.2 Station: ET10.1
 --- UTM-X: 450335 UTM-Y: 4215226 Depth: 5.5 Value: 84.2 Station: ET10.1
 --- 7200 cells were interpolated in region POCOH.  Subtotal: 129125 total cells.
 ---- Region was calculated in 0 seconds. Segment volume (m^3) = 18000000
 
 - Bathymetry Region ID: 1033  Region Name: POCMH  Data Points: 213 in data region 1033
 -- Cell Size  E-W: 500  N-S: 500  Vertical: 1
 --- Data in Region ---
 --- UTM-X: 412737 UTM-Y: 4171156 Depth: 0 Value: 85.7 Station: CB7.1
 --- UTM-X: 412737 UTM-Y: 4171156 Depth: 0.5 Value: 85.7 Station: CB7.1
 --- UTM-X: 412737 UTM-Y: 4171156 Depth: 1 Value: 85.7 Station: CB7.1
 --- UTM-X: 412737 UTM-Y: 4171156 Depth: 1.5 Value: 85.6 Station: CB7.1
 --- UTM-X: 412737 UTM-Y: 4171156 Depth: 2 Value: 85.6 Station: CB7.1
 --- UTM-X: 412737 UTM-Y: 4171156 Depth: 2.5 Value: 85.2 Station: CB7.1
 --- UTM-X: 412737 UTM-Y: 4171156 Depth: 3 Value: 84.8 Station: CB7.1
 --- UTM-X: 412737 UTM-Y: 4171156 Depth: 3.5 Value: 84.7 Station: CB7.1
 --- UTM-X: 412737 UTM-Y: 4171156 Depth: 4 Value: 84.7 Station: CB7.1
 --- UTM-X: 412737 UTM-Y: 4171156 Depth: 4.5 Value: 84.6 Station: CB7.1
 --- UTM-X: 412737 UTM-Y: 4171156 Depth: 5 Value: 84.5 Station: CB7.1
 --- UTM-X: 412737 UTM-Y: 4171156 Depth: 5.5 Value: 84.3 Station: CB7.1
 --- UTM-X: 412737 UTM-Y: 4171156 Depth: 6 Value: 84.1 Station: CB7.1
 --- UTM-X: 412737 UTM-Y: 4171156 Depth: 6.5 Value: 83.9 Station: CB7.1
 --- UTM-X: 412737 UTM-Y: 4171156 Depth: 7 Value: 83.7 Station: CB7.1
 --- UTM-X: 412737 UTM-Y: 4171156 Depth: 7.5 Value: 83.4 Station: CB7.1
 --- UTM-X: 412737 UTM-Y: 4171156 Depth: 8 Value: 83.2 Station: CB7.1
 --- UTM-X: 412737 UTM-Y: 4171156 Depth: 8.5 Value: 82.8 Station: CB7.1
 --- UTM-X: 412737 UTM-Y: 4171156 Depth: 9 Value: 82.3 Station: CB7.1
 --- UTM-X: 412737 UTM-Y: 4171156 Depth: 9.5 Value: 82 Station: CB7.1
 --- UTM-X: 412737 UTM-Y: 4171156 Depth: 10 Value: 81.6 Station: CB7.1
 --- UTM-X: 412737 UTM-Y: 4171156 Depth: 10.5 Value: 81.6 Station: CB7.1
 --- UTM-X: 412737 UTM-Y: 4171156 Depth: 11 Value: 81.5 Station: CB7.1
 --- UTM-X: 412737 UTM-Y: 4171156 Depth: 11.5 Value: 81.5 Station: CB7.1
 --- UTM-X: 412737 UTM-Y: 4171156 Depth: 12 Value: 81.4 Station: CB7.1
 --- UTM-X: 412737 UTM-Y: 4171156 Depth: 12.5 Value: 81.3 Station: CB7.1
 --- UTM-X: 412737 UTM-Y: 4171156 Depth: 13 Value: 81.3 Station: CB7.1
 --- UTM-X: 412737 UTM-Y: 4171156 Depth: 13.5 Value: 81.2 Station: CB7.1
 --- UTM-X: 412737 UTM-Y: 4171156 Depth: 14 Value: 81.2 Station: CB7.1
 --- UTM-X: 412737 UTM-Y: 4171156 Depth: 14.5 Value: 81.2 Station: CB7.1
 --- UTM-X: 412737 UTM-Y: 4171156 Depth: 15 Value: 81.1 Station: CB7.1
 --- UTM-X: 412737 UTM-Y: 4171156 Depth: 15.5 Value: 81.1 Station: CB7.1
 --- UTM-X: 412737 UTM-Y: 4171156 Depth: 16 Value: 81 Station: CB7.1
 --- UTM-X: 414166 UTM-Y: 4181313 Depth: 0 Value: 85.7 Station: CB7.1N
 --- UTM-X: 414166 UTM-Y: 4181313 Depth: 0.5 Value: 85.7 Station: CB7.1N
 --- UTM-X: 414166 UTM-Y: 4181313 Depth: 1 Value: 85.7 Station: CB7.1N
 --- UTM-X: 414166 UTM-Y: 4181313 Depth: 1.5 Value: 85.5 Station: CB7.1N
 --- UTM-X: 414166 UTM-Y: 4181313 Depth: 2 Value: 85.3 Station: CB7.1N
 --- UTM-X: 414166 UTM-Y: 4181313 Depth: 2.5 Value: 85.3 Station: CB7.1N
 --- UTM-X: 414166 UTM-Y: 4181313 Depth: 3 Value: 85.3 Station: CB7.1N
 --- UTM-X: 414166 UTM-Y: 4181313 Depth: 3.5 Value: 85.4 Station: CB7.1N
 --- UTM-X: 414166 UTM-Y: 4181313 Depth: 4 Value: 85.4 Station: CB7.1N
 --- UTM-X: 414166 UTM-Y: 4181313 Depth: 4.5 Value: 85.5 Station: CB7.1N
 --- UTM-X: 414166 UTM-Y: 4181313 Depth: 5 Value: 85.5 Station: CB7.1N
 --- UTM-X: 414166 UTM-Y: 4181313 Depth: 5.5 Value: 85.4 Station: CB7.1N
 --- UTM-X: 414166 UTM-Y: 4181313 Depth: 6 Value: 85.3 Station: CB7.1N
 --- UTM-X: 414166 UTM-Y: 4181313 Depth: 6.5 Value: 85.3 Station: CB7.1N
 --- UTM-X: 414166 UTM-Y: 4181313 Depth: 7 Value: 85.2 Station: CB7.1N
 --- UTM-X: 414166 UTM-Y: 4181313 Depth: 7.5 Value: 85.2 Station: CB7.1N
 --- UTM-X: 414166 UTM-Y: 4181313 Depth: 8 Value: 85.2 Station: CB7.1N
 --- UTM-X: 414166 UTM-Y: 4181313 Depth: 8.5 Value: 85.1 Station: CB7.1N
 --- UTM-X: 414166 UTM-Y: 4181313 Depth: 9 Value: 85 Station: CB7.1N
 --- UTM-X: 414166 UTM-Y: 4181313 Depth: 9.5 Value: 85 Station: CB7.1N
 --- UTM-X: 414166 UTM-Y: 4181313 Depth: 10 Value: 84.9 Station: CB7.1N
 --- UTM-X: 414166 UTM-Y: 4181313 Depth: 10.5 Value: 84.8 Station: CB7.1N
 --- UTM-X: 414166 UTM-Y: 4181313 Depth: 11 Value: 84.7 Station: CB7.1N
 --- UTM-X: 414166 UTM-Y: 4181313 Depth: 11.5 Value: 84.6 Station: CB7.1N
 --- UTM-X: 414166 UTM-Y: 4181313 Depth: 12 Value: 84.6 Station: CB7.1N
 --- UTM-X: 414166 UTM-Y: 4181313 Depth: 12.5 Value: 84.5 Station: CB7.1N
 --- UTM-X: 414166 UTM-Y: 4181313 Depth: 13 Value: 84.5 Station: CB7.1N
 --- UTM-X: 414166 UTM-Y: 4181313 Depth: 13.5 Value: 84.1 Station: CB7.1N
 --- UTM-X: 414166 UTM-Y: 4181313 Depth: 14 Value: 83.7 Station: CB7.1N
 --- UTM-X: 414166 UTM-Y: 4181313 Depth: 14.5 Value: 83.7 Station: CB7.1N
 --- UTM-X: 414166 UTM-Y: 4181313 Depth: 15 Value: 83.6 Station: CB7.1N
 --- UTM-X: 414166 UTM-Y: 4181313 Depth: 15.5 Value: 83.7 Station: CB7.1N
 --- UTM-X: 414166 UTM-Y: 4181313 Depth: 16 Value: 83.7 Station: CB7.1N
 --- UTM-X: 414166 UTM-Y: 4181313 Depth: 16.5 Value: 83.6 Station: CB7.1N
 --- UTM-X: 414166 UTM-Y: 4181313 Depth: 17 Value: 83.6 Station: CB7.1N
 --- UTM-X: 414166 UTM-Y: 4181313 Depth: 17.5 Value: 83.6 Station: CB7.1N
 --- UTM-X: 414166 UTM-Y: 4181313 Depth: 18 Value: 83.6 Station: CB7.1N
 --- UTM-X: 414166 UTM-Y: 4181313 Depth: 18.5 Value: 83.6 Station: CB7.1N
 --- UTM-X: 414166 UTM-Y: 4181313 Depth: 19 Value: 83.5 Station: CB7.1N
 --- UTM-X: 414166 UTM-Y: 4181313 Depth: 19.5 Value: 83.5 Station: CB7.1N
 --- UTM-X: 414166 UTM-Y: 4181313 Depth: 20 Value: 83.4 Station: CB7.1N
 --- UTM-X: 414166 UTM-Y: 4181313 Depth: 20.5 Value: 83.4 Station: CB7.1N
 --- UTM-X: 414166 UTM-Y: 4181313 Depth: 21 Value: 83.4 Station: CB7.1N
 --- UTM-X: 414166 UTM-Y: 4181313 Depth: 21.5 Value: 83.3 Station: CB7.1N
 --- UTM-X: 414166 UTM-Y: 4181313 Depth: 22 Value: 83.2 Station: CB7.1N
 --- UTM-X: 414166 UTM-Y: 4181313 Depth: 22.5 Value: 83.2 Station: CB7.1N
 --- UTM-X: 414166 UTM-Y: 4181313 Depth: 23 Value: 83.2 Station: CB7.1N
 --- UTM-X: 414166 UTM-Y: 4181313 Depth: 23.5 Value: 83.3 Station: CB7.1N
 --- UTM-X: 414166 UTM-Y: 4181313 Depth: 24 Value: 83.3 Station: CB7.1N
 --- UTM-X: 418794 UTM-Y: 4204010 Depth: 0 Value: 84.2 Station: EE3.2
 --- UTM-X: 418794 UTM-Y: 4204010 Depth: 0.5 Value: 84.2 Station: EE3.2
 --- UTM-X: 418794 UTM-Y: 4204010 Depth: 1 Value: 84.2 Station: EE3.2
 --- UTM-X: 418794 UTM-Y: 4204010 Depth: 1.5 Value: 84.1 Station: EE3.2
 --- UTM-X: 418794 UTM-Y: 4204010 Depth: 2 Value: 84 Station: EE3.2
 --- UTM-X: 418794 UTM-Y: 4204010 Depth: 2.5 Value: 83.9 Station: EE3.2
 --- UTM-X: 418794 UTM-Y: 4204010 Depth: 3 Value: 83.8 Station: EE3.2
 --- UTM-X: 418794 UTM-Y: 4204010 Depth: 3.5 Value: 83.8 Station: EE3.2
 --- UTM-X: 418794 UTM-Y: 4204010 Depth: 4 Value: 83.8 Station: EE3.2
 --- UTM-X: 418794 UTM-Y: 4204010 Depth: 4.5 Value: 83.7 Station: EE3.2
 --- UTM-X: 418794 UTM-Y: 4204010 Depth: 5 Value: 83.7 Station: EE3.2
 --- UTM-X: 418794 UTM-Y: 4204010 Depth: 5.5 Value: 83.7 Station: EE3.2
 --- UTM-X: 418794 UTM-Y: 4204010 Depth: 6 Value: 83.7 Station: EE3.2
 --- UTM-X: 418794 UTM-Y: 4204010 Depth: 6.5 Value: 83.7 Station: EE3.2
 --- UTM-X: 418794 UTM-Y: 4204010 Depth: 7 Value: 83.7 Station: EE3.2
 --- UTM-X: 418794 UTM-Y: 4204010 Depth: 7.5 Value: 83.6 Station: EE3.2
 --- UTM-X: 418794 UTM-Y: 4204010 Depth: 8 Value: 83.6 Station: EE3.2
 --- UTM-X: 418794 UTM-Y: 4204010 Depth: 8.5 Value: 83.5 Station: EE3.2
 --- UTM-X: 418794 UTM-Y: 4204010 Depth: 9 Value: 83.5 Station: EE3.2
 --- UTM-X: 418794 UTM-Y: 4204010 Depth: 9.5 Value: 83.5 Station: EE3.2
 --- UTM-X: 418794 UTM-Y: 4204010 Depth: 10 Value: 83.5 Station: EE3.2
 --- UTM-X: 418794 UTM-Y: 4204010 Depth: 10.5 Value: 83.5 Station: EE3.2
 --- UTM-X: 418794 UTM-Y: 4204010 Depth: 11 Value: 83.5 Station: EE3.2
 --- UTM-X: 418794 UTM-Y: 4204010 Depth: 11.5 Value: 83.5 Station: EE3.2
 --- UTM-X: 418794 UTM-Y: 4204010 Depth: 12 Value: 83.5 Station: EE3.2
 --- UTM-X: 418794 UTM-Y: 4204010 Depth: 12.5 Value: 83.5 Station: EE3.2
 --- UTM-X: 418794 UTM-Y: 4204010 Depth: 13 Value: 83.5 Station: EE3.2
 --- UTM-X: 418794 UTM-Y: 4204010 Depth: 13.5 Value: 83.5 Station: EE3.2
 --- UTM-X: 418794 UTM-Y: 4204010 Depth: 14 Value: 83.5 Station: EE3.2
 --- UTM-X: 418794 UTM-Y: 4204010 Depth: 14.5 Value: 83.5 Station: EE3.2
 --- UTM-X: 418794 UTM-Y: 4204010 Depth: 15 Value: 83.5 Station: EE3.2
 --- UTM-X: 418794 UTM-Y: 4204010 Depth: 15.5 Value: 83.5 Station: EE3.2
 --- UTM-X: 418794 UTM-Y: 4204010 Depth: 16 Value: 83.5 Station: EE3.2
 --- UTM-X: 418794 UTM-Y: 4204010 Depth: 16.5 Value: 83.5 Station: EE3.2
 --- UTM-X: 418794 UTM-Y: 4204010 Depth: 17 Value: 83.5 Station: EE3.2
 --- UTM-X: 418794 UTM-Y: 4204010 Depth: 17.5 Value: 83.5 Station: EE3.2
 --- UTM-X: 418794 UTM-Y: 4204010 Depth: 18 Value: 83.5 Station: EE3.2
 --- UTM-X: 418794 UTM-Y: 4204010 Depth: 18.5 Value: 83.5 Station: EE3.2
 --- UTM-X: 418794 UTM-Y: 4204010 Depth: 19 Value: 83.5 Station: EE3.2
 --- UTM-X: 418794 UTM-Y: 4204010 Depth: 19.5 Value: 83.5 Station: EE3.2
 --- UTM-X: 418794 UTM-Y: 4204010 Depth: 20 Value: 83.5 Station: EE3.2
 --- UTM-X: 418794 UTM-Y: 4204010 Depth: 20.5 Value: 83.5 Station: EE3.2
 --- UTM-X: 418794 UTM-Y: 4204010 Depth: 21 Value: 83.5 Station: EE3.2
 --- UTM-X: 418794 UTM-Y: 4204010 Depth: 21.5 Value: 83.5 Station: EE3.2
 --- UTM-X: 418794 UTM-Y: 4204010 Depth: 22 Value: 83.5 Station: EE3.2
 --- UTM-X: 418794 UTM-Y: 4204010 Depth: 22.5 Value: 83.5 Station: EE3.2
 --- UTM-X: 418794 UTM-Y: 4204010 Depth: 23 Value: 83.5 Station: EE3.2
 --- UTM-X: 418794 UTM-Y: 4204010 Depth: 23.5 Value: 83.5 Station: EE3.2
 --- UTM-X: 418794 UTM-Y: 4204010 Depth: 24 Value: 83.5 Station: EE3.2
 --- UTM-X: 418794 UTM-Y: 4204010 Depth: 24.5 Value: 83.5 Station: EE3.2
 --- UTM-X: 418794 UTM-Y: 4204010 Depth: 25 Value: 83.5 Station: EE3.2
 --- UTM-X: 418794 UTM-Y: 4204010 Depth: 25.5 Value: 83.5 Station: EE3.2
 --- UTM-X: 418794 UTM-Y: 4204010 Depth: 26 Value: 83.5 Station: EE3.2
 --- UTM-X: 418794 UTM-Y: 4204010 Depth: 26.5 Value: 83.5 Station: EE3.2
 --- UTM-X: 432666 UTM-Y: 4199634 Depth: 0 Value: 83.7 Station: EE3.3
 --- UTM-X: 432666 UTM-Y: 4199634 Depth: 0.5 Value: 83.7 Station: EE3.3
 --- UTM-X: 432666 UTM-Y: 4199634 Depth: 1 Value: 83.7 Station: EE3.3
 --- UTM-X: 432666 UTM-Y: 4199634 Depth: 1.5 Value: 83.7 Station: EE3.3
 --- UTM-X: 432666 UTM-Y: 4199634 Depth: 2 Value: 83.7 Station: EE3.3
 --- UTM-X: 432666 UTM-Y: 4199634 Depth: 2.5 Value: 83.7 Station: EE3.3
 --- UTM-X: 432666 UTM-Y: 4199634 Depth: 3 Value: 83.7 Station: EE3.3
 --- UTM-X: 430437 UTM-Y: 4195954 Depth: 0 Value: 86.4 Station: EE3.4
 --- UTM-X: 430437 UTM-Y: 4195954 Depth: 0.5 Value: 86.4 Station: EE3.4
 --- UTM-X: 430437 UTM-Y: 4195954 Depth: 1 Value: 86.4 Station: EE3.4
 --- UTM-X: 430437 UTM-Y: 4195954 Depth: 1.5 Value: 86.6 Station: EE3.4
 --- UTM-X: 430437 UTM-Y: 4195954 Depth: 2 Value: 86.7 Station: EE3.4
 --- UTM-X: 430437 UTM-Y: 4195954 Depth: 2.5 Value: 86.6 Station: EE3.4
 --- UTM-X: 430437 UTM-Y: 4195954 Depth: 3 Value: 86.5 Station: EE3.4
 --- UTM-X: 425661 UTM-Y: 4183574 Depth: 0 Value: 86.5 Station: EE3.5
 --- UTM-X: 425661 UTM-Y: 4183574 Depth: 0.5 Value: 86.5 Station: EE3.5
 --- UTM-X: 425661 UTM-Y: 4183574 Depth: 1 Value: 86.5 Station: EE3.5
 --- UTM-X: 425661 UTM-Y: 4183574 Depth: 1.5 Value: 85.7 Station: EE3.5
 --- UTM-X: 425661 UTM-Y: 4183574 Depth: 2 Value: 84.9 Station: EE3.5
 --- UTM-X: 425661 UTM-Y: 4183574 Depth: 2.5 Value: 84.8 Station: EE3.5
 --- UTM-X: 425661 UTM-Y: 4183574 Depth: 3 Value: 84.8 Station: EE3.5
 --- UTM-X: 425661 UTM-Y: 4183574 Depth: 3.5 Value: 84.8 Station: EE3.5
 --- UTM-X: 425661 UTM-Y: 4183574 Depth: 4 Value: 84.8 Station: EE3.5
 --- UTM-X: 425661 UTM-Y: 4183574 Depth: 4.5 Value: 84.8 Station: EE3.5
 --- UTM-X: 425661 UTM-Y: 4183574 Depth: 5 Value: 84.8 Station: EE3.5
 --- UTM-X: 425661 UTM-Y: 4183574 Depth: 5.5 Value: 84.8 Station: EE3.5
 --- UTM-X: 425661 UTM-Y: 4183574 Depth: 6 Value: 84.8 Station: EE3.5
 --- UTM-X: 425661 UTM-Y: 4183574 Depth: 6.5 Value: 84.6 Station: EE3.5
 --- UTM-X: 425661 UTM-Y: 4183574 Depth: 7 Value: 84.5 Station: EE3.5
 --- UTM-X: 425661 UTM-Y: 4183574 Depth: 7.5 Value: 84.4 Station: EE3.5
 --- UTM-X: 425661 UTM-Y: 4183574 Depth: 8 Value: 84.3 Station: EE3.5
 --- UTM-X: 425661 UTM-Y: 4183574 Depth: 8.5 Value: 84.2 Station: EE3.5
 --- UTM-X: 425661 UTM-Y: 4183574 Depth: 9 Value: 84.1 Station: EE3.5
 --- UTM-X: 425661 UTM-Y: 4183574 Depth: 9.5 Value: 84 Station: EE3.5
 --- UTM-X: 425661 UTM-Y: 4183574 Depth: 10 Value: 83.9 Station: EE3.5
 --- UTM-X: 425661 UTM-Y: 4183574 Depth: 10.5 Value: 83.9 Station: EE3.5
 --- UTM-X: 425661 UTM-Y: 4183574 Depth: 11 Value: 83.9 Station: EE3.5
 --- UTM-X: 425661 UTM-Y: 4183574 Depth: 11.5 Value: 83.7 Station: EE3.5
 --- UTM-X: 425661 UTM-Y: 4183574 Depth: 12 Value: 83.4 Station: EE3.5
 --- UTM-X: 425661 UTM-Y: 4183574 Depth: 12.5 Value: 83.8 Station: EE3.5
 --- UTM-X: 425661 UTM-Y: 4183574 Depth: 13 Value: 84.2 Station: EE3.5
 --- UTM-X: 425661 UTM-Y: 4183574 Depth: 13.5 Value: 84.2 Station: EE3.5
 --- UTM-X: 425661 UTM-Y: 4183574 Depth: 14 Value: 84.3 Station: EE3.5
 --- UTM-X: 425661 UTM-Y: 4183574 Depth: 14.5 Value: 84.2 Station: EE3.5
 --- UTM-X: 425661 UTM-Y: 4183574 Depth: 15 Value: 84.1 Station: EE3.5
 --- UTM-X: 425661 UTM-Y: 4183574 Depth: 15.5 Value: 83.8 Station: EE3.5
 --- UTM-X: 425661 UTM-Y: 4183574 Depth: 16 Value: 83.5 Station: EE3.5
 --- UTM-X: 425661 UTM-Y: 4183574 Depth: 16.5 Value: 83.4 Station: EE3.5
 --- UTM-X: 425661 UTM-Y: 4183574 Depth: 17 Value: 83.3 Station: EE3.5
 --- UTM-X: 425661 UTM-Y: 4183574 Depth: 17.5 Value: 83.2 Station: EE3.5
 --- UTM-X: 425661 UTM-Y: 4183574 Depth: 18 Value: 83.1 Station: EE3.5
 --- UTM-X: 425661 UTM-Y: 4183574 Depth: 18.5 Value: 83.1 Station: EE3.5
 --- UTM-X: 425661 UTM-Y: 4183574 Depth: 19 Value: 83.1 Station: EE3.5
 --- UTM-X: 425661 UTM-Y: 4183574 Depth: 19.5 Value: 83 Station: EE3.5
 --- UTM-X: 425661 UTM-Y: 4183574 Depth: 20 Value: 83 Station: EE3.5
 --- UTM-X: 425661 UTM-Y: 4183574 Depth: 20.5 Value: 83.2 Station: EE3.5
 --- UTM-X: 425661 UTM-Y: 4183574 Depth: 21 Value: 83.5 Station: EE3.5
 --- UTM-X: 425661 UTM-Y: 4183574 Depth: 21.5 Value: 83.4 Station: EE3.5
 --- UTM-X: 425661 UTM-Y: 4183574 Depth: 22 Value: 83.3 Station: EE3.5
 --- UTM-X: 425661 UTM-Y: 4183574 Depth: 22.5 Value: 83 Station: EE3.5
 --- UTM-X: 425661 UTM-Y: 4183574 Depth: 23 Value: 82.6 Station: EE3.5
 --- UTM-X: 425661 UTM-Y: 4183574 Depth: 23.5 Value: 82.4 Station: EE3.5
 --- UTM-X: 425661 UTM-Y: 4183574 Depth: 24 Value: 82.1 Station: EE3.5
 --- UTM-X: 425661 UTM-Y: 4183574 Depth: 24.5 Value: 82.1 Station: EE3.5
 --- UTM-X: 425661 UTM-Y: 4183574 Depth: 25 Value: 82.1 Station: EE3.5
 --- UTM-X: 450335 UTM-Y: 4215226 Depth: 0 Value: 84.4 Station: ET10.1
 --- UTM-X: 450335 UTM-Y: 4215226 Depth: 0.5 Value: 84.3 Station: ET10.1
 --- UTM-X: 450335 UTM-Y: 4215226 Depth: 1 Value: 84.2 Station: ET10.1
 --- UTM-X: 450335 UTM-Y: 4215226 Depth: 1.5 Value: 84.2 Station: ET10.1
 --- UTM-X: 450335 UTM-Y: 4215226 Depth: 2 Value: 84.2 Station: ET10.1
 --- UTM-X: 450335 UTM-Y: 4215226 Depth: 2.5 Value: 84.2 Station: ET10.1
 --- UTM-X: 450335 UTM-Y: 4215226 Depth: 3 Value: 84.2 Station: ET10.1
 --- UTM-X: 450335 UTM-Y: 4215226 Depth: 3.5 Value: 84.2 Station: ET10.1
 --- UTM-X: 450335 UTM-Y: 4215226 Depth: 4 Value: 84.2 Station: ET10.1
 --- UTM-X: 450335 UTM-Y: 4215226 Depth: 4.5 Value: 84.2 Station: ET10.1
 --- UTM-X: 450335 UTM-Y: 4215226 Depth: 5 Value: 84.2 Station: ET10.1
 --- UTM-X: 450335 UTM-Y: 4215226 Depth: 5.5 Value: 84.2 Station: ET10.1
 --- 1418 cells were interpolated in region POCMH.  Subtotal: 130543 total cells.
 ---- Region was calculated in 0 seconds. Segment volume (m^3) = 354500000
 
 - Bathymetry Region ID: 1034  Region Name: TANMH  Data Points: 637 in data region 1034
 -- Cell Size  E-W: 1000  N-S: 1000  Vertical: 1
 --- Data in Region ---
 --- UTM-X: 386968 UTM-Y: 4241940 Depth: 0 Value: 83.1 Station: CB5.1
 --- UTM-X: 386968 UTM-Y: 4241940 Depth: 0.5 Value: 83.1 Station: CB5.1
 --- UTM-X: 386968 UTM-Y: 4241940 Depth: 1 Value: 83.1 Station: CB5.1
 --- UTM-X: 386968 UTM-Y: 4241940 Depth: 1.5 Value: 83 Station: CB5.1
 --- UTM-X: 386968 UTM-Y: 4241940 Depth: 2 Value: 82.9 Station: CB5.1
 --- UTM-X: 386968 UTM-Y: 4241940 Depth: 2.5 Value: 82.8 Station: CB5.1
 --- UTM-X: 386968 UTM-Y: 4241940 Depth: 3 Value: 82.8 Station: CB5.1
 --- UTM-X: 386968 UTM-Y: 4241940 Depth: 3.5 Value: 82.7 Station: CB5.1
 --- UTM-X: 386968 UTM-Y: 4241940 Depth: 4 Value: 82.6 Station: CB5.1
 --- UTM-X: 386968 UTM-Y: 4241940 Depth: 4.5 Value: 82.5 Station: CB5.1
 --- UTM-X: 386968 UTM-Y: 4241940 Depth: 5 Value: 82.4 Station: CB5.1
 --- UTM-X: 386968 UTM-Y: 4241940 Depth: 5.5 Value: 82.3 Station: CB5.1
 --- UTM-X: 386968 UTM-Y: 4241940 Depth: 6 Value: 82.2 Station: CB5.1
 --- UTM-X: 386968 UTM-Y: 4241940 Depth: 6.5 Value: 82.1 Station: CB5.1
 --- UTM-X: 386968 UTM-Y: 4241940 Depth: 7 Value: 82 Station: CB5.1
 --- UTM-X: 386968 UTM-Y: 4241940 Depth: 7.5 Value: 82 Station: CB5.1
 --- UTM-X: 386968 UTM-Y: 4241940 Depth: 8 Value: 81.9 Station: CB5.1
 --- UTM-X: 386968 UTM-Y: 4241940 Depth: 8.5 Value: 80.6 Station: CB5.1
 --- UTM-X: 386968 UTM-Y: 4241940 Depth: 9 Value: 79.3 Station: CB5.1
 --- UTM-X: 386968 UTM-Y: 4241940 Depth: 9.5 Value: 77.4 Station: CB5.1
 --- UTM-X: 386968 UTM-Y: 4241940 Depth: 10 Value: 75.4 Station: CB5.1
 --- UTM-X: 386968 UTM-Y: 4241940 Depth: 10.5 Value: 74.6 Station: CB5.1
 --- UTM-X: 386968 UTM-Y: 4241940 Depth: 11 Value: 73.8 Station: CB5.1
 --- UTM-X: 386968 UTM-Y: 4241940 Depth: 11.5 Value: 73.7 Station: CB5.1
 --- UTM-X: 386968 UTM-Y: 4241940 Depth: 12 Value: 73.6 Station: CB5.1
 --- UTM-X: 386968 UTM-Y: 4241940 Depth: 12.5 Value: 73.7 Station: CB5.1
 --- UTM-X: 386968 UTM-Y: 4241940 Depth: 13 Value: 73.8 Station: CB5.1
 --- UTM-X: 386968 UTM-Y: 4241940 Depth: 13.5 Value: 73.8 Station: CB5.1
 --- UTM-X: 386968 UTM-Y: 4241940 Depth: 14 Value: 73.8 Station: CB5.1
 --- UTM-X: 386968 UTM-Y: 4241940 Depth: 14.5 Value: 73.7 Station: CB5.1
 --- UTM-X: 386968 UTM-Y: 4241940 Depth: 15 Value: 73.6 Station: CB5.1
 --- UTM-X: 386968 UTM-Y: 4241940 Depth: 15.5 Value: 73.5 Station: CB5.1
 --- UTM-X: 386968 UTM-Y: 4241940 Depth: 16 Value: 73.5 Station: CB5.1
 --- UTM-X: 386968 UTM-Y: 4241940 Depth: 16.5 Value: 73.4 Station: CB5.1
 --- UTM-X: 386968 UTM-Y: 4241940 Depth: 17 Value: 73.4 Station: CB5.1
 --- UTM-X: 386968 UTM-Y: 4241940 Depth: 17.5 Value: 73.4 Station: CB5.1
 --- UTM-X: 386968 UTM-Y: 4241940 Depth: 18 Value: 73.3 Station: CB5.1
 --- UTM-X: 386968 UTM-Y: 4241940 Depth: 18.5 Value: 73.3 Station: CB5.1
 --- UTM-X: 386968 UTM-Y: 4241940 Depth: 19 Value: 73.2 Station: CB5.1
 --- UTM-X: 386968 UTM-Y: 4241940 Depth: 19.5 Value: 73.3 Station: CB5.1
 --- UTM-X: 386968 UTM-Y: 4241940 Depth: 20 Value: 73.3 Station: CB5.1
 --- UTM-X: 386968 UTM-Y: 4241940 Depth: 20.5 Value: 73.4 Station: CB5.1
 --- UTM-X: 386968 UTM-Y: 4241940 Depth: 21 Value: 73.4 Station: CB5.1
 --- UTM-X: 386968 UTM-Y: 4241940 Depth: 21.5 Value: 73.4 Station: CB5.1
 --- UTM-X: 386968 UTM-Y: 4241940 Depth: 22 Value: 73.5 Station: CB5.1
 --- UTM-X: 386968 UTM-Y: 4241940 Depth: 22.5 Value: 73.5 Station: CB5.1
 --- UTM-X: 386968 UTM-Y: 4241940 Depth: 23 Value: 73.6 Station: CB5.1
 --- UTM-X: 386968 UTM-Y: 4241940 Depth: 23.5 Value: 73.6 Station: CB5.1
 --- UTM-X: 386968 UTM-Y: 4241940 Depth: 24 Value: 73.6 Station: CB5.1
 --- UTM-X: 386968 UTM-Y: 4241940 Depth: 24.5 Value: 73.6 Station: CB5.1
 --- UTM-X: 386968 UTM-Y: 4241940 Depth: 25 Value: 73.6 Station: CB5.1
 --- UTM-X: 386968 UTM-Y: 4241940 Depth: 25.5 Value: 73.5 Station: CB5.1
 --- UTM-X: 386968 UTM-Y: 4241940 Depth: 26 Value: 73.5 Station: CB5.1
 --- UTM-X: 386968 UTM-Y: 4241940 Depth: 26.5 Value: 73.4 Station: CB5.1
 --- UTM-X: 386968 UTM-Y: 4241940 Depth: 27 Value: 73.4 Station: CB5.1
 --- UTM-X: 386968 UTM-Y: 4241940 Depth: 27.5 Value: 73.4 Station: CB5.1
 --- UTM-X: 386968 UTM-Y: 4241940 Depth: 28 Value: 73.4 Station: CB5.1
 --- UTM-X: 386968 UTM-Y: 4241940 Depth: 28.5 Value: 73.4 Station: CB5.1
 --- UTM-X: 386968 UTM-Y: 4241940 Depth: 29 Value: 73.4 Station: CB5.1
 --- UTM-X: 386968 UTM-Y: 4241940 Depth: 29.5 Value: 73.4 Station: CB5.1
 --- UTM-X: 386968 UTM-Y: 4241940 Depth: 30 Value: 73.4 Station: CB5.1
 --- UTM-X: 386968 UTM-Y: 4241940 Depth: 30.5 Value: 73.4 Station: CB5.1
 --- UTM-X: 386968 UTM-Y: 4241940 Depth: 31 Value: 73.4 Station: CB5.1
 --- UTM-X: 386968 UTM-Y: 4241940 Depth: 31.5 Value: 73.4 Station: CB5.1
 --- UTM-X: 386968 UTM-Y: 4241940 Depth: 32 Value: 73.4 Station: CB5.1
 --- UTM-X: 379767 UTM-Y: 4242784 Depth: 0 Value: 81.3 Station: CB5.1W
 --- UTM-X: 379767 UTM-Y: 4242784 Depth: 0.5 Value: 81.3 Station: CB5.1W
 --- UTM-X: 379767 UTM-Y: 4242784 Depth: 1 Value: 81.3 Station: CB5.1W
 --- UTM-X: 379767 UTM-Y: 4242784 Depth: 1.5 Value: 81.2 Station: CB5.1W
 --- UTM-X: 379767 UTM-Y: 4242784 Depth: 2 Value: 81.1 Station: CB5.1W
 --- UTM-X: 379767 UTM-Y: 4242784 Depth: 2.5 Value: 80.7 Station: CB5.1W
 --- UTM-X: 379767 UTM-Y: 4242784 Depth: 3 Value: 80.2 Station: CB5.1W
 --- UTM-X: 379767 UTM-Y: 4242784 Depth: 3.5 Value: 79.7 Station: CB5.1W
 --- UTM-X: 379767 UTM-Y: 4242784 Depth: 4 Value: 79.2 Station: CB5.1W
 --- UTM-X: 379767 UTM-Y: 4242784 Depth: 4.5 Value: 78.6 Station: CB5.1W
 --- UTM-X: 379767 UTM-Y: 4242784 Depth: 5 Value: 78.1 Station: CB5.1W
 --- UTM-X: 379767 UTM-Y: 4242784 Depth: 5.5 Value: 77.5 Station: CB5.1W
 --- UTM-X: 379767 UTM-Y: 4242784 Depth: 6 Value: 77 Station: CB5.1W
 --- UTM-X: 379767 UTM-Y: 4242784 Depth: 6.5 Value: 76.5 Station: CB5.1W
 --- UTM-X: 379767 UTM-Y: 4242784 Depth: 7 Value: 75.9 Station: CB5.1W
 --- UTM-X: 379767 UTM-Y: 4242784 Depth: 7.5 Value: 75.4 Station: CB5.1W
 --- UTM-X: 379767 UTM-Y: 4242784 Depth: 8 Value: 74.8 Station: CB5.1W
 --- UTM-X: 392384 UTM-Y: 4221705 Depth: 0 Value: 82.8 Station: CB5.2
 --- UTM-X: 392384 UTM-Y: 4221705 Depth: 0.5 Value: 82.8 Station: CB5.2
 --- UTM-X: 392384 UTM-Y: 4221705 Depth: 1 Value: 82.8 Station: CB5.2
 --- UTM-X: 392384 UTM-Y: 4221705 Depth: 1.5 Value: 82.8 Station: CB5.2
 --- UTM-X: 392384 UTM-Y: 4221705 Depth: 2 Value: 82.8 Station: CB5.2
 --- UTM-X: 392384 UTM-Y: 4221705 Depth: 2.5 Value: 82.7 Station: CB5.2
 --- UTM-X: 392384 UTM-Y: 4221705 Depth: 3 Value: 82.6 Station: CB5.2
 --- UTM-X: 392384 UTM-Y: 4221705 Depth: 3.5 Value: 82.6 Station: CB5.2
 --- UTM-X: 392384 UTM-Y: 4221705 Depth: 4 Value: 82.6 Station: CB5.2
 --- UTM-X: 392384 UTM-Y: 4221705 Depth: 4.5 Value: 82.6 Station: CB5.2
 --- UTM-X: 392384 UTM-Y: 4221705 Depth: 5 Value: 82.6 Station: CB5.2
 --- UTM-X: 392384 UTM-Y: 4221705 Depth: 5.5 Value: 82.4 Station: CB5.2
 --- UTM-X: 392384 UTM-Y: 4221705 Depth: 6 Value: 82.2 Station: CB5.2
 --- UTM-X: 392384 UTM-Y: 4221705 Depth: 6.5 Value: 81.7 Station: CB5.2
 --- UTM-X: 392384 UTM-Y: 4221705 Depth: 7 Value: 81.1 Station: CB5.2
 --- UTM-X: 392384 UTM-Y: 4221705 Depth: 7.5 Value: 79.7 Station: CB5.2
 --- UTM-X: 392384 UTM-Y: 4221705 Depth: 8 Value: 78.3 Station: CB5.2
 --- UTM-X: 392384 UTM-Y: 4221705 Depth: 8.5 Value: 77.6 Station: CB5.2
 --- UTM-X: 392384 UTM-Y: 4221705 Depth: 9 Value: 77 Station: CB5.2
 --- UTM-X: 392384 UTM-Y: 4221705 Depth: 9.5 Value: 77.5 Station: CB5.2
 --- UTM-X: 392384 UTM-Y: 4221705 Depth: 10 Value: 77.9 Station: CB5.2
 --- UTM-X: 392384 UTM-Y: 4221705 Depth: 10.5 Value: 77.6 Station: CB5.2
 --- UTM-X: 392384 UTM-Y: 4221705 Depth: 11 Value: 77.4 Station: CB5.2
 --- UTM-X: 392384 UTM-Y: 4221705 Depth: 11.5 Value: 76.9 Station: CB5.2
 --- UTM-X: 392384 UTM-Y: 4221705 Depth: 12 Value: 76.5 Station: CB5.2
 --- UTM-X: 392384 UTM-Y: 4221705 Depth: 12.5 Value: 76.5 Station: CB5.2
 --- UTM-X: 392384 UTM-Y: 4221705 Depth: 13 Value: 76.5 Station: CB5.2
 --- UTM-X: 392384 UTM-Y: 4221705 Depth: 13.5 Value: 76.2 Station: CB5.2
 --- UTM-X: 392384 UTM-Y: 4221705 Depth: 14 Value: 75.9 Station: CB5.2
 --- UTM-X: 392384 UTM-Y: 4221705 Depth: 14.5 Value: 75.9 Station: CB5.2
 --- UTM-X: 392384 UTM-Y: 4221705 Depth: 15 Value: 75.9 Station: CB5.2
 --- UTM-X: 392384 UTM-Y: 4221705 Depth: 15.5 Value: 76.1 Station: CB5.2
 --- UTM-X: 392384 UTM-Y: 4221705 Depth: 16 Value: 76.3 Station: CB5.2
 --- UTM-X: 392384 UTM-Y: 4221705 Depth: 16.5 Value: 76.4 Station: CB5.2
 --- UTM-X: 392384 UTM-Y: 4221705 Depth: 17 Value: 76.5 Station: CB5.2
 --- UTM-X: 392384 UTM-Y: 4221705 Depth: 17.5 Value: 76.5 Station: CB5.2
 --- UTM-X: 392384 UTM-Y: 4221705 Depth: 18 Value: 76.5 Station: CB5.2
 --- UTM-X: 392384 UTM-Y: 4221705 Depth: 18.5 Value: 76.5 Station: CB5.2
 --- UTM-X: 392384 UTM-Y: 4221705 Depth: 19 Value: 76.5 Station: CB5.2
 --- UTM-X: 392384 UTM-Y: 4221705 Depth: 19.5 Value: 76.4 Station: CB5.2
 --- UTM-X: 392384 UTM-Y: 4221705 Depth: 20 Value: 76.4 Station: CB5.2
 --- UTM-X: 392384 UTM-Y: 4221705 Depth: 20.5 Value: 76.3 Station: CB5.2
 --- UTM-X: 392384 UTM-Y: 4221705 Depth: 21 Value: 76.3 Station: CB5.2
 --- UTM-X: 392384 UTM-Y: 4221705 Depth: 21.5 Value: 76.3 Station: CB5.2
 --- UTM-X: 392384 UTM-Y: 4221705 Depth: 22 Value: 76.3 Station: CB5.2
 --- UTM-X: 392384 UTM-Y: 4221705 Depth: 22.5 Value: 76.3 Station: CB5.2
 --- UTM-X: 392384 UTM-Y: 4221705 Depth: 23 Value: 76.3 Station: CB5.2
 --- UTM-X: 392384 UTM-Y: 4221705 Depth: 23.5 Value: 76.3 Station: CB5.2
 --- UTM-X: 392384 UTM-Y: 4221705 Depth: 24 Value: 76.3 Station: CB5.2
 --- UTM-X: 392384 UTM-Y: 4221705 Depth: 24.5 Value: 76.3 Station: CB5.2
 --- UTM-X: 392384 UTM-Y: 4221705 Depth: 25 Value: 76.3 Station: CB5.2
 --- UTM-X: 392384 UTM-Y: 4221705 Depth: 25.5 Value: 76.2 Station: CB5.2
 --- UTM-X: 392384 UTM-Y: 4221705 Depth: 26 Value: 76.1 Station: CB5.2
 --- UTM-X: 392384 UTM-Y: 4221705 Depth: 26.5 Value: 76 Station: CB5.2
 --- UTM-X: 392384 UTM-Y: 4221705 Depth: 27 Value: 75.9 Station: CB5.2
 --- UTM-X: 392384 UTM-Y: 4221705 Depth: 27.5 Value: 75.9 Station: CB5.2
 --- UTM-X: 392384 UTM-Y: 4221705 Depth: 28 Value: 75.9 Station: CB5.2
 --- UTM-X: 397329 UTM-Y: 4196671 Depth: 0 Value: 82 Station: CB5.3
 --- UTM-X: 397329 UTM-Y: 4196671 Depth: 0.5 Value: 82 Station: CB5.3
 --- UTM-X: 397329 UTM-Y: 4196671 Depth: 1 Value: 82 Station: CB5.3
 --- UTM-X: 397329 UTM-Y: 4196671 Depth: 1.5 Value: 82 Station: CB5.3
 --- UTM-X: 397329 UTM-Y: 4196671 Depth: 2 Value: 82 Station: CB5.3
 --- UTM-X: 397329 UTM-Y: 4196671 Depth: 2.5 Value: 82 Station: CB5.3
 --- UTM-X: 397329 UTM-Y: 4196671 Depth: 3 Value: 82 Station: CB5.3
 --- UTM-X: 397329 UTM-Y: 4196671 Depth: 3.5 Value: 82.3 Station: CB5.3
 --- UTM-X: 397329 UTM-Y: 4196671 Depth: 4 Value: 82.6 Station: CB5.3
 --- UTM-X: 397329 UTM-Y: 4196671 Depth: 4.5 Value: 82.6 Station: CB5.3
 --- UTM-X: 397329 UTM-Y: 4196671 Depth: 5 Value: 82.6 Station: CB5.3
 --- UTM-X: 397329 UTM-Y: 4196671 Depth: 5.5 Value: 82.4 Station: CB5.3
 --- UTM-X: 397329 UTM-Y: 4196671 Depth: 6 Value: 82.2 Station: CB5.3
 --- UTM-X: 397329 UTM-Y: 4196671 Depth: 6.5 Value: 82.1 Station: CB5.3
 --- UTM-X: 397329 UTM-Y: 4196671 Depth: 7 Value: 82 Station: CB5.3
 --- UTM-X: 397329 UTM-Y: 4196671 Depth: 7.5 Value: 82 Station: CB5.3
 --- UTM-X: 397329 UTM-Y: 4196671 Depth: 8 Value: 81.9 Station: CB5.3
 --- UTM-X: 397329 UTM-Y: 4196671 Depth: 8.5 Value: 81.9 Station: CB5.3
 --- UTM-X: 397329 UTM-Y: 4196671 Depth: 9 Value: 81.9 Station: CB5.3
 --- UTM-X: 397329 UTM-Y: 4196671 Depth: 9.5 Value: 81.6 Station: CB5.3
 --- UTM-X: 397329 UTM-Y: 4196671 Depth: 10 Value: 81.3 Station: CB5.3
 --- UTM-X: 397329 UTM-Y: 4196671 Depth: 10.5 Value: 81 Station: CB5.3
 --- UTM-X: 397329 UTM-Y: 4196671 Depth: 11 Value: 80.6 Station: CB5.3
 --- UTM-X: 397329 UTM-Y: 4196671 Depth: 11.5 Value: 80.2 Station: CB5.3
 --- UTM-X: 397329 UTM-Y: 4196671 Depth: 12 Value: 79.7 Station: CB5.3
 --- UTM-X: 397329 UTM-Y: 4196671 Depth: 12.5 Value: 79.3 Station: CB5.3
 --- UTM-X: 397329 UTM-Y: 4196671 Depth: 13 Value: 79 Station: CB5.3
 --- UTM-X: 397329 UTM-Y: 4196671 Depth: 13.5 Value: 78.5 Station: CB5.3
 --- UTM-X: 397329 UTM-Y: 4196671 Depth: 14 Value: 78.1 Station: CB5.3
 --- UTM-X: 397329 UTM-Y: 4196671 Depth: 14.5 Value: 78 Station: CB5.3
 --- UTM-X: 397329 UTM-Y: 4196671 Depth: 15 Value: 77.9 Station: CB5.3
 --- UTM-X: 397329 UTM-Y: 4196671 Depth: 15.5 Value: 77.9 Station: CB5.3
 --- UTM-X: 397329 UTM-Y: 4196671 Depth: 16 Value: 78 Station: CB5.3
 --- UTM-X: 397329 UTM-Y: 4196671 Depth: 16.5 Value: 78 Station: CB5.3
 --- UTM-X: 397329 UTM-Y: 4196671 Depth: 17 Value: 78.1 Station: CB5.3
 --- UTM-X: 397329 UTM-Y: 4196671 Depth: 17.5 Value: 78.1 Station: CB5.3
 --- UTM-X: 397329 UTM-Y: 4196671 Depth: 18 Value: 78.2 Station: CB5.3
 --- UTM-X: 397329 UTM-Y: 4196671 Depth: 18.5 Value: 78.2 Station: CB5.3
 --- UTM-X: 397329 UTM-Y: 4196671 Depth: 19 Value: 78.3 Station: CB5.3
 --- UTM-X: 397329 UTM-Y: 4196671 Depth: 19.5 Value: 78.3 Station: CB5.3
 --- UTM-X: 397329 UTM-Y: 4196671 Depth: 20 Value: 78.3 Station: CB5.3
 --- UTM-X: 397329 UTM-Y: 4196671 Depth: 20.5 Value: 78.3 Station: CB5.3
 --- UTM-X: 397329 UTM-Y: 4196671 Depth: 21 Value: 78.3 Station: CB5.3
 --- UTM-X: 397329 UTM-Y: 4196671 Depth: 21.5 Value: 78.3 Station: CB5.3
 --- UTM-X: 397329 UTM-Y: 4196671 Depth: 22 Value: 78.3 Station: CB5.3
 --- UTM-X: 397329 UTM-Y: 4196671 Depth: 22.5 Value: 78.3 Station: CB5.3
 --- UTM-X: 397329 UTM-Y: 4196671 Depth: 23 Value: 78.3 Station: CB5.3
 --- UTM-X: 396587 UTM-Y: 4184289 Depth: 0 Value: 83.4 Station: CB5.4
 --- UTM-X: 396587 UTM-Y: 4184289 Depth: 0.5 Value: 83.4 Station: CB5.4
 --- UTM-X: 396587 UTM-Y: 4184289 Depth: 1 Value: 83.4 Station: CB5.4
 --- UTM-X: 396587 UTM-Y: 4184289 Depth: 1.5 Value: 83.4 Station: CB5.4
 --- UTM-X: 396587 UTM-Y: 4184289 Depth: 2 Value: 83.4 Station: CB5.4
 --- UTM-X: 396587 UTM-Y: 4184289 Depth: 2.5 Value: 84 Station: CB5.4
 --- UTM-X: 396587 UTM-Y: 4184289 Depth: 3 Value: 84.6 Station: CB5.4
 --- UTM-X: 396587 UTM-Y: 4184289 Depth: 3.5 Value: 84.4 Station: CB5.4
 --- UTM-X: 396587 UTM-Y: 4184289 Depth: 4 Value: 84.1 Station: CB5.4
 --- UTM-X: 396587 UTM-Y: 4184289 Depth: 4.5 Value: 84.4 Station: CB5.4
 --- UTM-X: 396587 UTM-Y: 4184289 Depth: 5 Value: 84.8 Station: CB5.4
 --- UTM-X: 396587 UTM-Y: 4184289 Depth: 5.5 Value: 83.3 Station: CB5.4
 --- UTM-X: 396587 UTM-Y: 4184289 Depth: 6 Value: 81.7 Station: CB5.4
 --- UTM-X: 396587 UTM-Y: 4184289 Depth: 6.5 Value: 81.6 Station: CB5.4
 --- UTM-X: 396587 UTM-Y: 4184289 Depth: 7 Value: 81.5 Station: CB5.4
 --- UTM-X: 396587 UTM-Y: 4184289 Depth: 7.5 Value: 81.5 Station: CB5.4
 --- UTM-X: 396587 UTM-Y: 4184289 Depth: 8 Value: 81.5 Station: CB5.4
 --- UTM-X: 396587 UTM-Y: 4184289 Depth: 8.5 Value: 81.2 Station: CB5.4
 --- UTM-X: 396587 UTM-Y: 4184289 Depth: 9 Value: 80.8 Station: CB5.4
 --- UTM-X: 396587 UTM-Y: 4184289 Depth: 9.5 Value: 80.6 Station: CB5.4
 --- UTM-X: 396587 UTM-Y: 4184289 Depth: 10 Value: 80.3 Station: CB5.4
 --- UTM-X: 396587 UTM-Y: 4184289 Depth: 10.5 Value: 80.4 Station: CB5.4
 --- UTM-X: 396587 UTM-Y: 4184289 Depth: 11 Value: 80.5 Station: CB5.4
 --- UTM-X: 396587 UTM-Y: 4184289 Depth: 11.5 Value: 80.4 Station: CB5.4
 --- UTM-X: 396587 UTM-Y: 4184289 Depth: 12 Value: 80.4 Station: CB5.4
 --- UTM-X: 396587 UTM-Y: 4184289 Depth: 12.5 Value: 80.4 Station: CB5.4
 --- UTM-X: 396587 UTM-Y: 4184289 Depth: 13 Value: 80.5 Station: CB5.4
 --- UTM-X: 396587 UTM-Y: 4184289 Depth: 13.5 Value: 80.5 Station: CB5.4
 --- UTM-X: 396587 UTM-Y: 4184289 Depth: 14 Value: 80.5 Station: CB5.4
 --- UTM-X: 396587 UTM-Y: 4184289 Depth: 14.5 Value: 80.4 Station: CB5.4
 --- UTM-X: 396587 UTM-Y: 4184289 Depth: 15 Value: 80.4 Station: CB5.4
 --- UTM-X: 396587 UTM-Y: 4184289 Depth: 15.5 Value: 80.5 Station: CB5.4
 --- UTM-X: 396587 UTM-Y: 4184289 Depth: 16 Value: 80.5 Station: CB5.4
 --- UTM-X: 396587 UTM-Y: 4184289 Depth: 16.5 Value: 80.5 Station: CB5.4
 --- UTM-X: 396587 UTM-Y: 4184289 Depth: 17 Value: 80.5 Station: CB5.4
 --- UTM-X: 396587 UTM-Y: 4184289 Depth: 17.5 Value: 80.5 Station: CB5.4
 --- UTM-X: 396587 UTM-Y: 4184289 Depth: 18 Value: 80.5 Station: CB5.4
 --- UTM-X: 396587 UTM-Y: 4184289 Depth: 18.5 Value: 80.6 Station: CB5.4
 --- UTM-X: 396587 UTM-Y: 4184289 Depth: 19 Value: 80.7 Station: CB5.4
 --- UTM-X: 396587 UTM-Y: 4184289 Depth: 19.5 Value: 80.7 Station: CB5.4
 --- UTM-X: 396587 UTM-Y: 4184289 Depth: 20 Value: 80.7 Station: CB5.4
 --- UTM-X: 396587 UTM-Y: 4184289 Depth: 20.5 Value: 80.7 Station: CB5.4
 --- UTM-X: 396587 UTM-Y: 4184289 Depth: 21 Value: 80.7 Station: CB5.4
 --- UTM-X: 396587 UTM-Y: 4184289 Depth: 21.5 Value: 80.7 Station: CB5.4
 --- UTM-X: 396587 UTM-Y: 4184289 Depth: 22 Value: 80.8 Station: CB5.4
 --- UTM-X: 396587 UTM-Y: 4184289 Depth: 22.5 Value: 80.8 Station: CB5.4
 --- UTM-X: 396587 UTM-Y: 4184289 Depth: 23 Value: 80.8 Station: CB5.4
 --- UTM-X: 396587 UTM-Y: 4184289 Depth: 23.5 Value: 80.8 Station: CB5.4
 --- UTM-X: 396587 UTM-Y: 4184289 Depth: 24 Value: 80.8 Station: CB5.4
 --- UTM-X: 396587 UTM-Y: 4184289 Depth: 24.5 Value: 80.9 Station: CB5.4
 --- UTM-X: 396587 UTM-Y: 4184289 Depth: 25 Value: 80.9 Station: CB5.4
 --- UTM-X: 396587 UTM-Y: 4184289 Depth: 25.5 Value: 80.8 Station: CB5.4
 --- UTM-X: 396587 UTM-Y: 4184289 Depth: 26 Value: 80.8 Station: CB5.4
 --- UTM-X: 396587 UTM-Y: 4184289 Depth: 26.5 Value: 80.8 Station: CB5.4
 --- UTM-X: 396587 UTM-Y: 4184289 Depth: 27 Value: 80.8 Station: CB5.4
 --- UTM-X: 396587 UTM-Y: 4184289 Depth: 27.5 Value: 80.8 Station: CB5.4
 --- UTM-X: 396587 UTM-Y: 4184289 Depth: 28 Value: 80.8 Station: CB5.4
 --- UTM-X: 396587 UTM-Y: 4184289 Depth: 28.5 Value: 80.7 Station: CB5.4
 --- UTM-X: 396587 UTM-Y: 4184289 Depth: 29 Value: 80.7 Station: CB5.4
 --- UTM-X: 396587 UTM-Y: 4184289 Depth: 29.5 Value: 80.7 Station: CB5.4
 --- UTM-X: 396587 UTM-Y: 4184289 Depth: 30 Value: 80.7 Station: CB5.4
 --- UTM-X: 386042 UTM-Y: 4185908 Depth: 0 Value: 85.3 Station: CB5.4W
 --- UTM-X: 386042 UTM-Y: 4185908 Depth: 0.5 Value: 85.3 Station: CB5.4W
 --- UTM-X: 386042 UTM-Y: 4185908 Depth: 1 Value: 85.3 Station: CB5.4W
 --- UTM-X: 386042 UTM-Y: 4185908 Depth: 1.5 Value: 85.3 Station: CB5.4W
 --- UTM-X: 386042 UTM-Y: 4185908 Depth: 2 Value: 85.3 Station: CB5.4W
 --- UTM-X: 386042 UTM-Y: 4185908 Depth: 2.5 Value: 85 Station: CB5.4W
 --- UTM-X: 386042 UTM-Y: 4185908 Depth: 3 Value: 84.7 Station: CB5.4W
 --- UTM-X: 395113 UTM-Y: 4172286 Depth: 0 Value: 83.4 Station: CB5.5
 --- UTM-X: 395113 UTM-Y: 4172286 Depth: 0.5 Value: 83.4 Station: CB5.5
 --- UTM-X: 395113 UTM-Y: 4172286 Depth: 1 Value: 83.4 Station: CB5.5
 --- UTM-X: 395113 UTM-Y: 4172286 Depth: 1.5 Value: 83.4 Station: CB5.5
 --- UTM-X: 395113 UTM-Y: 4172286 Depth: 2 Value: 83.4 Station: CB5.5
 --- UTM-X: 395113 UTM-Y: 4172286 Depth: 2.5 Value: 83.5 Station: CB5.5
 --- UTM-X: 395113 UTM-Y: 4172286 Depth: 3 Value: 83.5 Station: CB5.5
 --- UTM-X: 395113 UTM-Y: 4172286 Depth: 3.5 Value: 83.6 Station: CB5.5
 --- UTM-X: 395113 UTM-Y: 4172286 Depth: 4 Value: 83.6 Station: CB5.5
 --- UTM-X: 395113 UTM-Y: 4172286 Depth: 4.5 Value: 83.4 Station: CB5.5
 --- UTM-X: 395113 UTM-Y: 4172286 Depth: 5 Value: 83.2 Station: CB5.5
 --- UTM-X: 395113 UTM-Y: 4172286 Depth: 5.5 Value: 83.1 Station: CB5.5
 --- UTM-X: 395113 UTM-Y: 4172286 Depth: 6 Value: 83 Station: CB5.5
 --- UTM-X: 395113 UTM-Y: 4172286 Depth: 6.5 Value: 82.2 Station: CB5.5
 --- UTM-X: 395113 UTM-Y: 4172286 Depth: 7 Value: 81.3 Station: CB5.5
 --- UTM-X: 395113 UTM-Y: 4172286 Depth: 7.5 Value: 81.3 Station: CB5.5
 --- UTM-X: 395113 UTM-Y: 4172286 Depth: 8 Value: 81.3 Station: CB5.5
 --- UTM-X: 395113 UTM-Y: 4172286 Depth: 8.5 Value: 81.2 Station: CB5.5
 --- UTM-X: 395113 UTM-Y: 4172286 Depth: 9 Value: 81.1 Station: CB5.5
 --- UTM-X: 395113 UTM-Y: 4172286 Depth: 9.5 Value: 81.1 Station: CB5.5
 --- UTM-X: 395113 UTM-Y: 4172286 Depth: 10 Value: 81.1 Station: CB5.5
 --- UTM-X: 395113 UTM-Y: 4172286 Depth: 10.5 Value: 81.2 Station: CB5.5
 --- UTM-X: 395113 UTM-Y: 4172286 Depth: 11 Value: 81.2 Station: CB5.5
 --- UTM-X: 395113 UTM-Y: 4172286 Depth: 11.5 Value: 81.1 Station: CB5.5
 --- UTM-X: 395113 UTM-Y: 4172286 Depth: 12 Value: 80.9 Station: CB5.5
 --- UTM-X: 395113 UTM-Y: 4172286 Depth: 12.5 Value: 81 Station: CB5.5
 --- UTM-X: 395113 UTM-Y: 4172286 Depth: 13 Value: 81.1 Station: CB5.5
 --- UTM-X: 395113 UTM-Y: 4172286 Depth: 13.5 Value: 80.9 Station: CB5.5
 --- UTM-X: 395113 UTM-Y: 4172286 Depth: 14 Value: 80.8 Station: CB5.5
 --- UTM-X: 397396 UTM-Y: 4160791 Depth: 0 Value: 84.5 Station: CB6.1
 --- UTM-X: 397396 UTM-Y: 4160791 Depth: 0.5 Value: 84.5 Station: CB6.1
 --- UTM-X: 397396 UTM-Y: 4160791 Depth: 1 Value: 84.5 Station: CB6.1
 --- UTM-X: 397396 UTM-Y: 4160791 Depth: 1.5 Value: 84.4 Station: CB6.1
 --- UTM-X: 397396 UTM-Y: 4160791 Depth: 2 Value: 84.3 Station: CB6.1
 --- UTM-X: 397396 UTM-Y: 4160791 Depth: 2.5 Value: 84.3 Station: CB6.1
 --- UTM-X: 397396 UTM-Y: 4160791 Depth: 3 Value: 84.4 Station: CB6.1
 --- UTM-X: 397396 UTM-Y: 4160791 Depth: 3.5 Value: 84.5 Station: CB6.1
 --- UTM-X: 397396 UTM-Y: 4160791 Depth: 4 Value: 84.5 Station: CB6.1
 --- UTM-X: 397396 UTM-Y: 4160791 Depth: 4.5 Value: 84.5 Station: CB6.1
 --- UTM-X: 397396 UTM-Y: 4160791 Depth: 5 Value: 84.6 Station: CB6.1
 --- UTM-X: 397396 UTM-Y: 4160791 Depth: 5.5 Value: 84.5 Station: CB6.1
 --- UTM-X: 397396 UTM-Y: 4160791 Depth: 6 Value: 84.5 Station: CB6.1
 --- UTM-X: 397396 UTM-Y: 4160791 Depth: 6.5 Value: 83.4 Station: CB6.1
 --- UTM-X: 397396 UTM-Y: 4160791 Depth: 7 Value: 82.4 Station: CB6.1
 --- UTM-X: 397396 UTM-Y: 4160791 Depth: 7.5 Value: 81.6 Station: CB6.1
 --- UTM-X: 397396 UTM-Y: 4160791 Depth: 8 Value: 80.7 Station: CB6.1
 --- UTM-X: 397396 UTM-Y: 4160791 Depth: 8.5 Value: 80.5 Station: CB6.1
 --- UTM-X: 397396 UTM-Y: 4160791 Depth: 9 Value: 80.3 Station: CB6.1
 --- UTM-X: 397396 UTM-Y: 4160791 Depth: 9.5 Value: 80.2 Station: CB6.1
 --- UTM-X: 397396 UTM-Y: 4160791 Depth: 10 Value: 80.2 Station: CB6.1
 --- UTM-X: 397396 UTM-Y: 4160791 Depth: 10.5 Value: 80.1 Station: CB6.1
 --- UTM-X: 397396 UTM-Y: 4160791 Depth: 11 Value: 80.1 Station: CB6.1
 --- UTM-X: 412737 UTM-Y: 4171156 Depth: 0 Value: 85.7 Station: CB7.1
 --- UTM-X: 412737 UTM-Y: 4171156 Depth: 0.5 Value: 85.7 Station: CB7.1
 --- UTM-X: 412737 UTM-Y: 4171156 Depth: 1 Value: 85.7 Station: CB7.1
 --- UTM-X: 412737 UTM-Y: 4171156 Depth: 1.5 Value: 85.6 Station: CB7.1
 --- UTM-X: 412737 UTM-Y: 4171156 Depth: 2 Value: 85.6 Station: CB7.1
 --- UTM-X: 412737 UTM-Y: 4171156 Depth: 2.5 Value: 85.2 Station: CB7.1
 --- UTM-X: 412737 UTM-Y: 4171156 Depth: 3 Value: 84.8 Station: CB7.1
 --- UTM-X: 412737 UTM-Y: 4171156 Depth: 3.5 Value: 84.7 Station: CB7.1
 --- UTM-X: 412737 UTM-Y: 4171156 Depth: 4 Value: 84.7 Station: CB7.1
 --- UTM-X: 412737 UTM-Y: 4171156 Depth: 4.5 Value: 84.6 Station: CB7.1
 --- UTM-X: 412737 UTM-Y: 4171156 Depth: 5 Value: 84.5 Station: CB7.1
 --- UTM-X: 412737 UTM-Y: 4171156 Depth: 5.5 Value: 84.3 Station: CB7.1
 --- UTM-X: 412737 UTM-Y: 4171156 Depth: 6 Value: 84.1 Station: CB7.1
 --- UTM-X: 412737 UTM-Y: 4171156 Depth: 6.5 Value: 83.9 Station: CB7.1
 --- UTM-X: 412737 UTM-Y: 4171156 Depth: 7 Value: 83.7 Station: CB7.1
 --- UTM-X: 412737 UTM-Y: 4171156 Depth: 7.5 Value: 83.4 Station: CB7.1
 --- UTM-X: 412737 UTM-Y: 4171156 Depth: 8 Value: 83.2 Station: CB7.1
 --- UTM-X: 412737 UTM-Y: 4171156 Depth: 8.5 Value: 82.8 Station: CB7.1
 --- UTM-X: 412737 UTM-Y: 4171156 Depth: 9 Value: 82.3 Station: CB7.1
 --- UTM-X: 412737 UTM-Y: 4171156 Depth: 9.5 Value: 82 Station: CB7.1
 --- UTM-X: 412737 UTM-Y: 4171156 Depth: 10 Value: 81.6 Station: CB7.1
 --- UTM-X: 412737 UTM-Y: 4171156 Depth: 10.5 Value: 81.6 Station: CB7.1
 --- UTM-X: 412737 UTM-Y: 4171156 Depth: 11 Value: 81.5 Station: CB7.1
 --- UTM-X: 412737 UTM-Y: 4171156 Depth: 11.5 Value: 81.5 Station: CB7.1
 --- UTM-X: 412737 UTM-Y: 4171156 Depth: 12 Value: 81.4 Station: CB7.1
 --- UTM-X: 412737 UTM-Y: 4171156 Depth: 12.5 Value: 81.3 Station: CB7.1
 --- UTM-X: 412737 UTM-Y: 4171156 Depth: 13 Value: 81.3 Station: CB7.1
 --- UTM-X: 412737 UTM-Y: 4171156 Depth: 13.5 Value: 81.2 Station: CB7.1
 --- UTM-X: 412737 UTM-Y: 4171156 Depth: 14 Value: 81.2 Station: CB7.1
 --- UTM-X: 412737 UTM-Y: 4171156 Depth: 14.5 Value: 81.2 Station: CB7.1
 --- UTM-X: 412737 UTM-Y: 4171156 Depth: 15 Value: 81.1 Station: CB7.1
 --- UTM-X: 412737 UTM-Y: 4171156 Depth: 15.5 Value: 81.1 Station: CB7.1
 --- UTM-X: 412737 UTM-Y: 4171156 Depth: 16 Value: 81 Station: CB7.1
 --- UTM-X: 414166 UTM-Y: 4181313 Depth: 0 Value: 85.7 Station: CB7.1N
 --- UTM-X: 414166 UTM-Y: 4181313 Depth: 0.5 Value: 85.7 Station: CB7.1N
 --- UTM-X: 414166 UTM-Y: 4181313 Depth: 1 Value: 85.7 Station: CB7.1N
 --- UTM-X: 414166 UTM-Y: 4181313 Depth: 1.5 Value: 85.5 Station: CB7.1N
 --- UTM-X: 414166 UTM-Y: 4181313 Depth: 2 Value: 85.3 Station: CB7.1N
 --- UTM-X: 414166 UTM-Y: 4181313 Depth: 2.5 Value: 85.3 Station: CB7.1N
 --- UTM-X: 414166 UTM-Y: 4181313 Depth: 3 Value: 85.3 Station: CB7.1N
 --- UTM-X: 414166 UTM-Y: 4181313 Depth: 3.5 Value: 85.4 Station: CB7.1N
 --- UTM-X: 414166 UTM-Y: 4181313 Depth: 4 Value: 85.4 Station: CB7.1N
 --- UTM-X: 414166 UTM-Y: 4181313 Depth: 4.5 Value: 85.5 Station: CB7.1N
 --- UTM-X: 414166 UTM-Y: 4181313 Depth: 5 Value: 85.5 Station: CB7.1N
 --- UTM-X: 414166 UTM-Y: 4181313 Depth: 5.5 Value: 85.4 Station: CB7.1N
 --- UTM-X: 414166 UTM-Y: 4181313 Depth: 6 Value: 85.3 Station: CB7.1N
 --- UTM-X: 414166 UTM-Y: 4181313 Depth: 6.5 Value: 85.3 Station: CB7.1N
 --- UTM-X: 414166 UTM-Y: 4181313 Depth: 7 Value: 85.2 Station: CB7.1N
 --- UTM-X: 414166 UTM-Y: 4181313 Depth: 7.5 Value: 85.2 Station: CB7.1N
 --- UTM-X: 414166 UTM-Y: 4181313 Depth: 8 Value: 85.2 Station: CB7.1N
 --- UTM-X: 414166 UTM-Y: 4181313 Depth: 8.5 Value: 85.1 Station: CB7.1N
 --- UTM-X: 414166 UTM-Y: 4181313 Depth: 9 Value: 85 Station: CB7.1N
 --- UTM-X: 414166 UTM-Y: 4181313 Depth: 9.5 Value: 85 Station: CB7.1N
 --- UTM-X: 414166 UTM-Y: 4181313 Depth: 10 Value: 84.9 Station: CB7.1N
 --- UTM-X: 414166 UTM-Y: 4181313 Depth: 10.5 Value: 84.8 Station: CB7.1N
 --- UTM-X: 414166 UTM-Y: 4181313 Depth: 11 Value: 84.7 Station: CB7.1N
 --- UTM-X: 414166 UTM-Y: 4181313 Depth: 11.5 Value: 84.6 Station: CB7.1N
 --- UTM-X: 414166 UTM-Y: 4181313 Depth: 12 Value: 84.6 Station: CB7.1N
 --- UTM-X: 414166 UTM-Y: 4181313 Depth: 12.5 Value: 84.5 Station: CB7.1N
 --- UTM-X: 414166 UTM-Y: 4181313 Depth: 13 Value: 84.5 Station: CB7.1N
 --- UTM-X: 414166 UTM-Y: 4181313 Depth: 13.5 Value: 84.1 Station: CB7.1N
 --- UTM-X: 414166 UTM-Y: 4181313 Depth: 14 Value: 83.7 Station: CB7.1N
 --- UTM-X: 414166 UTM-Y: 4181313 Depth: 14.5 Value: 83.7 Station: CB7.1N
 --- UTM-X: 414166 UTM-Y: 4181313 Depth: 15 Value: 83.6 Station: CB7.1N
 --- UTM-X: 414166 UTM-Y: 4181313 Depth: 15.5 Value: 83.7 Station: CB7.1N
 --- UTM-X: 414166 UTM-Y: 4181313 Depth: 16 Value: 83.7 Station: CB7.1N
 --- UTM-X: 414166 UTM-Y: 4181313 Depth: 16.5 Value: 83.6 Station: CB7.1N
 --- UTM-X: 414166 UTM-Y: 4181313 Depth: 17 Value: 83.6 Station: CB7.1N
 --- UTM-X: 414166 UTM-Y: 4181313 Depth: 17.5 Value: 83.6 Station: CB7.1N
 --- UTM-X: 414166 UTM-Y: 4181313 Depth: 18 Value: 83.6 Station: CB7.1N
 --- UTM-X: 414166 UTM-Y: 4181313 Depth: 18.5 Value: 83.6 Station: CB7.1N
 --- UTM-X: 414166 UTM-Y: 4181313 Depth: 19 Value: 83.5 Station: CB7.1N
 --- UTM-X: 414166 UTM-Y: 4181313 Depth: 19.5 Value: 83.5 Station: CB7.1N
 --- UTM-X: 414166 UTM-Y: 4181313 Depth: 20 Value: 83.4 Station: CB7.1N
 --- UTM-X: 414166 UTM-Y: 4181313 Depth: 20.5 Value: 83.4 Station: CB7.1N
 --- UTM-X: 414166 UTM-Y: 4181313 Depth: 21 Value: 83.4 Station: CB7.1N
 --- UTM-X: 414166 UTM-Y: 4181313 Depth: 21.5 Value: 83.3 Station: CB7.1N
 --- UTM-X: 414166 UTM-Y: 4181313 Depth: 22 Value: 83.2 Station: CB7.1N
 --- UTM-X: 414166 UTM-Y: 4181313 Depth: 22.5 Value: 83.2 Station: CB7.1N
 --- UTM-X: 414166 UTM-Y: 4181313 Depth: 23 Value: 83.2 Station: CB7.1N
 --- UTM-X: 414166 UTM-Y: 4181313 Depth: 23.5 Value: 83.3 Station: CB7.1N
 --- UTM-X: 414166 UTM-Y: 4181313 Depth: 24 Value: 83.3 Station: CB7.1N
 --- UTM-X: 406584 UTM-Y: 4159881 Depth: 0 Value: 85.7 Station: CB7.1S
 --- UTM-X: 406584 UTM-Y: 4159881 Depth: 0.5 Value: 85.7 Station: CB7.1S
 --- UTM-X: 406584 UTM-Y: 4159881 Depth: 1 Value: 85.7 Station: CB7.1S
 --- UTM-X: 406584 UTM-Y: 4159881 Depth: 1.5 Value: 85.4 Station: CB7.1S
 --- UTM-X: 406584 UTM-Y: 4159881 Depth: 2 Value: 85.1 Station: CB7.1S
 --- UTM-X: 406584 UTM-Y: 4159881 Depth: 2.5 Value: 85.3 Station: CB7.1S
 --- UTM-X: 406584 UTM-Y: 4159881 Depth: 3 Value: 85.5 Station: CB7.1S
 --- UTM-X: 406584 UTM-Y: 4159881 Depth: 3.5 Value: 85.3 Station: CB7.1S
 --- UTM-X: 406584 UTM-Y: 4159881 Depth: 4 Value: 85.1 Station: CB7.1S
 --- UTM-X: 406584 UTM-Y: 4159881 Depth: 4.5 Value: 84.9 Station: CB7.1S
 --- UTM-X: 406584 UTM-Y: 4159881 Depth: 5 Value: 84.8 Station: CB7.1S
 --- UTM-X: 406584 UTM-Y: 4159881 Depth: 5.5 Value: 84.4 Station: CB7.1S
 --- UTM-X: 406584 UTM-Y: 4159881 Depth: 6 Value: 84 Station: CB7.1S
 --- UTM-X: 406584 UTM-Y: 4159881 Depth: 6.5 Value: 82.5 Station: CB7.1S
 --- UTM-X: 406584 UTM-Y: 4159881 Depth: 7 Value: 81 Station: CB7.1S
 --- UTM-X: 406584 UTM-Y: 4159881 Depth: 7.5 Value: 80.9 Station: CB7.1S
 --- UTM-X: 406584 UTM-Y: 4159881 Depth: 8 Value: 80.9 Station: CB7.1S
 --- UTM-X: 406584 UTM-Y: 4159881 Depth: 8.5 Value: 80.9 Station: CB7.1S
 --- UTM-X: 406584 UTM-Y: 4159881 Depth: 9 Value: 80.8 Station: CB7.1S
 --- UTM-X: 406584 UTM-Y: 4159881 Depth: 9.5 Value: 80.8 Station: CB7.1S
 --- UTM-X: 406584 UTM-Y: 4159881 Depth: 10 Value: 80.7 Station: CB7.1S
 --- UTM-X: 406584 UTM-Y: 4159881 Depth: 10.5 Value: 80.2 Station: CB7.1S
 --- UTM-X: 406584 UTM-Y: 4159881 Depth: 11 Value: 79.8 Station: CB7.1S
 --- UTM-X: 406584 UTM-Y: 4159881 Depth: 11.5 Value: 79.8 Station: CB7.1S
 --- UTM-X: 406584 UTM-Y: 4159881 Depth: 12 Value: 79.7 Station: CB7.1S
 --- UTM-X: 406584 UTM-Y: 4159881 Depth: 12.5 Value: 79.8 Station: CB7.1S
 --- UTM-X: 406584 UTM-Y: 4159881 Depth: 13 Value: 79.8 Station: CB7.1S
 --- UTM-X: 406584 UTM-Y: 4159881 Depth: 13.5 Value: 79.8 Station: CB7.1S
 --- UTM-X: 406584 UTM-Y: 4159881 Depth: 14 Value: 79.8 Station: CB7.1S
 --- UTM-X: 406584 UTM-Y: 4159881 Depth: 14.5 Value: 79.8 Station: CB7.1S
 --- UTM-X: 406584 UTM-Y: 4159881 Depth: 15 Value: 79.8 Station: CB7.1S
 --- UTM-X: 406584 UTM-Y: 4159881 Depth: 15.5 Value: 79.8 Station: CB7.1S
 --- UTM-X: 406584 UTM-Y: 4159881 Depth: 16 Value: 79.8 Station: CB7.1S
 --- UTM-X: 414660 UTM-Y: 4228468 Depth: 0 Value: 84.6 Station: EE3.1
 --- UTM-X: 414660 UTM-Y: 4228468 Depth: 0.5 Value: 84.6 Station: EE3.1
 --- UTM-X: 414660 UTM-Y: 4228468 Depth: 1 Value: 84.6 Station: EE3.1
 --- UTM-X: 414660 UTM-Y: 4228468 Depth: 1.5 Value: 84.5 Station: EE3.1
 --- UTM-X: 414660 UTM-Y: 4228468 Depth: 2 Value: 84.4 Station: EE3.1
 --- UTM-X: 414660 UTM-Y: 4228468 Depth: 2.5 Value: 84.5 Station: EE3.1
 --- UTM-X: 414660 UTM-Y: 4228468 Depth: 3 Value: 84.6 Station: EE3.1
 --- UTM-X: 414660 UTM-Y: 4228468 Depth: 3.5 Value: 84.6 Station: EE3.1
 --- UTM-X: 414660 UTM-Y: 4228468 Depth: 4 Value: 84.6 Station: EE3.1
 --- UTM-X: 414660 UTM-Y: 4228468 Depth: 4.5 Value: 84.6 Station: EE3.1
 --- UTM-X: 414660 UTM-Y: 4228468 Depth: 5 Value: 84.6 Station: EE3.1
 --- UTM-X: 414660 UTM-Y: 4228468 Depth: 5.5 Value: 84.6 Station: EE3.1
 --- UTM-X: 414660 UTM-Y: 4228468 Depth: 6 Value: 84.6 Station: EE3.1
 --- UTM-X: 414660 UTM-Y: 4228468 Depth: 6.5 Value: 84.6 Station: EE3.1
 --- UTM-X: 414660 UTM-Y: 4228468 Depth: 7 Value: 84.6 Station: EE3.1
 --- UTM-X: 414660 UTM-Y: 4228468 Depth: 7.5 Value: 84.6 Station: EE3.1
 --- UTM-X: 414660 UTM-Y: 4228468 Depth: 8 Value: 84.6 Station: EE3.1
 --- UTM-X: 414660 UTM-Y: 4228468 Depth: 8.5 Value: 84.6 Station: EE3.1
 --- UTM-X: 414660 UTM-Y: 4228468 Depth: 9 Value: 84.6 Station: EE3.1
 --- UTM-X: 414660 UTM-Y: 4228468 Depth: 9.5 Value: 84.6 Station: EE3.1
 --- UTM-X: 414660 UTM-Y: 4228468 Depth: 10 Value: 84.6 Station: EE3.1
 --- UTM-X: 414660 UTM-Y: 4228468 Depth: 10.5 Value: 84.6 Station: EE3.1
 --- UTM-X: 414660 UTM-Y: 4228468 Depth: 11 Value: 84.6 Station: EE3.1
 --- UTM-X: 418794 UTM-Y: 4204010 Depth: 0 Value: 84.2 Station: EE3.2
 --- UTM-X: 418794 UTM-Y: 4204010 Depth: 0.5 Value: 84.2 Station: EE3.2
 --- UTM-X: 418794 UTM-Y: 4204010 Depth: 1 Value: 84.2 Station: EE3.2
 --- UTM-X: 418794 UTM-Y: 4204010 Depth: 1.5 Value: 84.1 Station: EE3.2
 --- UTM-X: 418794 UTM-Y: 4204010 Depth: 2 Value: 84 Station: EE3.2
 --- UTM-X: 418794 UTM-Y: 4204010 Depth: 2.5 Value: 83.9 Station: EE3.2
 --- UTM-X: 418794 UTM-Y: 4204010 Depth: 3 Value: 83.8 Station: EE3.2
 --- UTM-X: 418794 UTM-Y: 4204010 Depth: 3.5 Value: 83.8 Station: EE3.2
 --- UTM-X: 418794 UTM-Y: 4204010 Depth: 4 Value: 83.8 Station: EE3.2
 --- UTM-X: 418794 UTM-Y: 4204010 Depth: 4.5 Value: 83.7 Station: EE3.2
 --- UTM-X: 418794 UTM-Y: 4204010 Depth: 5 Value: 83.7 Station: EE3.2
 --- UTM-X: 418794 UTM-Y: 4204010 Depth: 5.5 Value: 83.7 Station: EE3.2
 --- UTM-X: 418794 UTM-Y: 4204010 Depth: 6 Value: 83.7 Station: EE3.2
 --- UTM-X: 418794 UTM-Y: 4204010 Depth: 6.5 Value: 83.7 Station: EE3.2
 --- UTM-X: 418794 UTM-Y: 4204010 Depth: 7 Value: 83.7 Station: EE3.2
 --- UTM-X: 418794 UTM-Y: 4204010 Depth: 7.5 Value: 83.6 Station: EE3.2
 --- UTM-X: 418794 UTM-Y: 4204010 Depth: 8 Value: 83.6 Station: EE3.2
 --- UTM-X: 418794 UTM-Y: 4204010 Depth: 8.5 Value: 83.5 Station: EE3.2
 --- UTM-X: 418794 UTM-Y: 4204010 Depth: 9 Value: 83.5 Station: EE3.2
 --- UTM-X: 418794 UTM-Y: 4204010 Depth: 9.5 Value: 83.5 Station: EE3.2
 --- UTM-X: 418794 UTM-Y: 4204010 Depth: 10 Value: 83.5 Station: EE3.2
 --- UTM-X: 418794 UTM-Y: 4204010 Depth: 10.5 Value: 83.5 Station: EE3.2
 --- UTM-X: 418794 UTM-Y: 4204010 Depth: 11 Value: 83.5 Station: EE3.2
 --- UTM-X: 418794 UTM-Y: 4204010 Depth: 11.5 Value: 83.5 Station: EE3.2
 --- UTM-X: 418794 UTM-Y: 4204010 Depth: 12 Value: 83.5 Station: EE3.2
 --- UTM-X: 418794 UTM-Y: 4204010 Depth: 12.5 Value: 83.5 Station: EE3.2
 --- UTM-X: 418794 UTM-Y: 4204010 Depth: 13 Value: 83.5 Station: EE3.2
 --- UTM-X: 418794 UTM-Y: 4204010 Depth: 13.5 Value: 83.5 Station: EE3.2
 --- UTM-X: 418794 UTM-Y: 4204010 Depth: 14 Value: 83.5 Station: EE3.2
 --- UTM-X: 418794 UTM-Y: 4204010 Depth: 14.5 Value: 83.5 Station: EE3.2
 --- UTM-X: 418794 UTM-Y: 4204010 Depth: 15 Value: 83.5 Station: EE3.2
 --- UTM-X: 418794 UTM-Y: 4204010 Depth: 15.5 Value: 83.5 Station: EE3.2
 --- UTM-X: 418794 UTM-Y: 4204010 Depth: 16 Value: 83.5 Station: EE3.2
 --- UTM-X: 418794 UTM-Y: 4204010 Depth: 16.5 Value: 83.5 Station: EE3.2
 --- UTM-X: 418794 UTM-Y: 4204010 Depth: 17 Value: 83.5 Station: EE3.2
 --- UTM-X: 418794 UTM-Y: 4204010 Depth: 17.5 Value: 83.5 Station: EE3.2
 --- UTM-X: 418794 UTM-Y: 4204010 Depth: 18 Value: 83.5 Station: EE3.2
 --- UTM-X: 418794 UTM-Y: 4204010 Depth: 18.5 Value: 83.5 Station: EE3.2
 --- UTM-X: 418794 UTM-Y: 4204010 Depth: 19 Value: 83.5 Station: EE3.2
 --- UTM-X: 418794 UTM-Y: 4204010 Depth: 19.5 Value: 83.5 Station: EE3.2
 --- UTM-X: 418794 UTM-Y: 4204010 Depth: 20 Value: 83.5 Station: EE3.2
 --- UTM-X: 418794 UTM-Y: 4204010 Depth: 20.5 Value: 83.5 Station: EE3.2
 --- UTM-X: 418794 UTM-Y: 4204010 Depth: 21 Value: 83.5 Station: EE3.2
 --- UTM-X: 418794 UTM-Y: 4204010 Depth: 21.5 Value: 83.5 Station: EE3.2
 --- UTM-X: 418794 UTM-Y: 4204010 Depth: 22 Value: 83.5 Station: EE3.2
 --- UTM-X: 418794 UTM-Y: 4204010 Depth: 22.5 Value: 83.5 Station: EE3.2
 --- UTM-X: 418794 UTM-Y: 4204010 Depth: 23 Value: 83.5 Station: EE3.2
 --- UTM-X: 418794 UTM-Y: 4204010 Depth: 23.5 Value: 83.5 Station: EE3.2
 --- UTM-X: 418794 UTM-Y: 4204010 Depth: 24 Value: 83.5 Station: EE3.2
 --- UTM-X: 418794 UTM-Y: 4204010 Depth: 24.5 Value: 83.5 Station: EE3.2
 --- UTM-X: 418794 UTM-Y: 4204010 Depth: 25 Value: 83.5 Station: EE3.2
 --- UTM-X: 418794 UTM-Y: 4204010 Depth: 25.5 Value: 83.5 Station: EE3.2
 --- UTM-X: 418794 UTM-Y: 4204010 Depth: 26 Value: 83.5 Station: EE3.2
 --- UTM-X: 418794 UTM-Y: 4204010 Depth: 26.5 Value: 83.5 Station: EE3.2
 --- UTM-X: 432666 UTM-Y: 4199634 Depth: 0 Value: 83.7 Station: EE3.3
 --- UTM-X: 432666 UTM-Y: 4199634 Depth: 0.5 Value: 83.7 Station: EE3.3
 --- UTM-X: 432666 UTM-Y: 4199634 Depth: 1 Value: 83.7 Station: EE3.3
 --- UTM-X: 432666 UTM-Y: 4199634 Depth: 1.5 Value: 83.7 Station: EE3.3
 --- UTM-X: 432666 UTM-Y: 4199634 Depth: 2 Value: 83.7 Station: EE3.3
 --- UTM-X: 432666 UTM-Y: 4199634 Depth: 2.5 Value: 83.7 Station: EE3.3
 --- UTM-X: 432666 UTM-Y: 4199634 Depth: 3 Value: 83.7 Station: EE3.3
 --- UTM-X: 430437 UTM-Y: 4195954 Depth: 0 Value: 86.4 Station: EE3.4
 --- UTM-X: 430437 UTM-Y: 4195954 Depth: 0.5 Value: 86.4 Station: EE3.4
 --- UTM-X: 430437 UTM-Y: 4195954 Depth: 1 Value: 86.4 Station: EE3.4
 --- UTM-X: 430437 UTM-Y: 4195954 Depth: 1.5 Value: 86.6 Station: EE3.4
 --- UTM-X: 430437 UTM-Y: 4195954 Depth: 2 Value: 86.7 Station: EE3.4
 --- UTM-X: 430437 UTM-Y: 4195954 Depth: 2.5 Value: 86.6 Station: EE3.4
 --- UTM-X: 430437 UTM-Y: 4195954 Depth: 3 Value: 86.5 Station: EE3.4
 --- UTM-X: 425661 UTM-Y: 4183574 Depth: 0 Value: 86.5 Station: EE3.5
 --- UTM-X: 425661 UTM-Y: 4183574 Depth: 0.5 Value: 86.5 Station: EE3.5
 --- UTM-X: 425661 UTM-Y: 4183574 Depth: 1 Value: 86.5 Station: EE3.5
 --- UTM-X: 425661 UTM-Y: 4183574 Depth: 1.5 Value: 85.7 Station: EE3.5
 --- UTM-X: 425661 UTM-Y: 4183574 Depth: 2 Value: 84.9 Station: EE3.5
 --- UTM-X: 425661 UTM-Y: 4183574 Depth: 2.5 Value: 84.8 Station: EE3.5
 --- UTM-X: 425661 UTM-Y: 4183574 Depth: 3 Value: 84.8 Station: EE3.5
 --- UTM-X: 425661 UTM-Y: 4183574 Depth: 3.5 Value: 84.8 Station: EE3.5
 --- UTM-X: 425661 UTM-Y: 4183574 Depth: 4 Value: 84.8 Station: EE3.5
 --- UTM-X: 425661 UTM-Y: 4183574 Depth: 4.5 Value: 84.8 Station: EE3.5
 --- UTM-X: 425661 UTM-Y: 4183574 Depth: 5 Value: 84.8 Station: EE3.5
 --- UTM-X: 425661 UTM-Y: 4183574 Depth: 5.5 Value: 84.8 Station: EE3.5
 --- UTM-X: 425661 UTM-Y: 4183574 Depth: 6 Value: 84.8 Station: EE3.5
 --- UTM-X: 425661 UTM-Y: 4183574 Depth: 6.5 Value: 84.6 Station: EE3.5
 --- UTM-X: 425661 UTM-Y: 4183574 Depth: 7 Value: 84.5 Station: EE3.5
 --- UTM-X: 425661 UTM-Y: 4183574 Depth: 7.5 Value: 84.4 Station: EE3.5
 --- UTM-X: 425661 UTM-Y: 4183574 Depth: 8 Value: 84.3 Station: EE3.5
 --- UTM-X: 425661 UTM-Y: 4183574 Depth: 8.5 Value: 84.2 Station: EE3.5
 --- UTM-X: 425661 UTM-Y: 4183574 Depth: 9 Value: 84.1 Station: EE3.5
 --- UTM-X: 425661 UTM-Y: 4183574 Depth: 9.5 Value: 84 Station: EE3.5
 --- UTM-X: 425661 UTM-Y: 4183574 Depth: 10 Value: 83.9 Station: EE3.5
 --- UTM-X: 425661 UTM-Y: 4183574 Depth: 10.5 Value: 83.9 Station: EE3.5
 --- UTM-X: 425661 UTM-Y: 4183574 Depth: 11 Value: 83.9 Station: EE3.5
 --- UTM-X: 425661 UTM-Y: 4183574 Depth: 11.5 Value: 83.7 Station: EE3.5
 --- UTM-X: 425661 UTM-Y: 4183574 Depth: 12 Value: 83.4 Station: EE3.5
 --- UTM-X: 425661 UTM-Y: 4183574 Depth: 12.5 Value: 83.8 Station: EE3.5
 --- UTM-X: 425661 UTM-Y: 4183574 Depth: 13 Value: 84.2 Station: EE3.5
 --- UTM-X: 425661 UTM-Y: 4183574 Depth: 13.5 Value: 84.2 Station: EE3.5
 --- UTM-X: 425661 UTM-Y: 4183574 Depth: 14 Value: 84.3 Station: EE3.5
 --- UTM-X: 425661 UTM-Y: 4183574 Depth: 14.5 Value: 84.2 Station: EE3.5
 --- UTM-X: 425661 UTM-Y: 4183574 Depth: 15 Value: 84.1 Station: EE3.5
 --- UTM-X: 425661 UTM-Y: 4183574 Depth: 15.5 Value: 83.8 Station: EE3.5
 --- UTM-X: 425661 UTM-Y: 4183574 Depth: 16 Value: 83.5 Station: EE3.5
 --- UTM-X: 425661 UTM-Y: 4183574 Depth: 16.5 Value: 83.4 Station: EE3.5
 --- UTM-X: 425661 UTM-Y: 4183574 Depth: 17 Value: 83.3 Station: EE3.5
 --- UTM-X: 425661 UTM-Y: 4183574 Depth: 17.5 Value: 83.2 Station: EE3.5
 --- UTM-X: 425661 UTM-Y: 4183574 Depth: 18 Value: 83.1 Station: EE3.5
 --- UTM-X: 425661 UTM-Y: 4183574 Depth: 18.5 Value: 83.1 Station: EE3.5
 --- UTM-X: 425661 UTM-Y: 4183574 Depth: 19 Value: 83.1 Station: EE3.5
 --- UTM-X: 425661 UTM-Y: 4183574 Depth: 19.5 Value: 83 Station: EE3.5
 --- UTM-X: 425661 UTM-Y: 4183574 Depth: 20 Value: 83 Station: EE3.5
 --- UTM-X: 425661 UTM-Y: 4183574 Depth: 20.5 Value: 83.2 Station: EE3.5
 --- UTM-X: 425661 UTM-Y: 4183574 Depth: 21 Value: 83.5 Station: EE3.5
 --- UTM-X: 425661 UTM-Y: 4183574 Depth: 21.5 Value: 83.4 Station: EE3.5
 --- UTM-X: 425661 UTM-Y: 4183574 Depth: 22 Value: 83.3 Station: EE3.5
 --- UTM-X: 425661 UTM-Y: 4183574 Depth: 22.5 Value: 83 Station: EE3.5
 --- UTM-X: 425661 UTM-Y: 4183574 Depth: 23 Value: 82.6 Station: EE3.5
 --- UTM-X: 425661 UTM-Y: 4183574 Depth: 23.5 Value: 82.4 Station: EE3.5
 --- UTM-X: 425661 UTM-Y: 4183574 Depth: 24 Value: 82.1 Station: EE3.5
 --- UTM-X: 425661 UTM-Y: 4183574 Depth: 24.5 Value: 82.1 Station: EE3.5
 --- UTM-X: 425661 UTM-Y: 4183574 Depth: 25 Value: 82.1 Station: EE3.5
 --- UTM-X: 428467 UTM-Y: 4221862 Depth: 0 Value: 85.1 Station: ET8.1
 --- UTM-X: 428467 UTM-Y: 4221862 Depth: 0.5 Value: 84.9 Station: ET8.1
 --- UTM-X: 428467 UTM-Y: 4221862 Depth: 1 Value: 84.7 Station: ET8.1
 --- UTM-X: 428467 UTM-Y: 4221862 Depth: 1.5 Value: 84.4 Station: ET8.1
 --- UTM-X: 428467 UTM-Y: 4221862 Depth: 2 Value: 84 Station: ET8.1
 --- UTM-X: 428467 UTM-Y: 4221862 Depth: 2.5 Value: 84 Station: ET8.1
 --- UTM-X: 428467 UTM-Y: 4221862 Depth: 3 Value: 84 Station: ET8.1
 --- UTM-X: 428467 UTM-Y: 4221862 Depth: 3.5 Value: 84 Station: ET8.1
 --- UTM-X: 428467 UTM-Y: 4221862 Depth: 4 Value: 84 Station: ET8.1
 --- UTM-X: 428467 UTM-Y: 4221862 Depth: 4.5 Value: 83.9 Station: ET8.1
 --- UTM-X: 428467 UTM-Y: 4221862 Depth: 5 Value: 83.8 Station: ET8.1
 --- UTM-X: 429117 UTM-Y: 4212609 Depth: 0 Value: 85.6 Station: ET9.1
 --- UTM-X: 429117 UTM-Y: 4212609 Depth: 0.5 Value: 85.6 Station: ET9.1
 --- UTM-X: 429117 UTM-Y: 4212609 Depth: 1 Value: 85.6 Station: ET9.1
 --- UTM-X: 429117 UTM-Y: 4212609 Depth: 1.5 Value: 85.2 Station: ET9.1
 --- UTM-X: 429117 UTM-Y: 4212609 Depth: 2 Value: 84.7 Station: ET9.1
 --- UTM-X: 429117 UTM-Y: 4212609 Depth: 2.5 Value: 84.7 Station: ET9.1
 --- UTM-X: 429117 UTM-Y: 4212609 Depth: 3 Value: 84.7 Station: ET9.1
 --- UTM-X: 429117 UTM-Y: 4212609 Depth: 3.5 Value: 84.7 Station: ET9.1
 --- UTM-X: 429117 UTM-Y: 4212609 Depth: 4 Value: 84.7 Station: ET9.1
 --- UTM-X: 429117 UTM-Y: 4212609 Depth: 4.5 Value: 84.7 Station: ET9.1
 --- UTM-X: 429117 UTM-Y: 4212609 Depth: 5 Value: 84.6 Station: ET9.1
 --- UTM-X: 381705 UTM-Y: 4209059 Depth: 0 Value: 82.4 Station: LE2.3
 --- UTM-X: 381705 UTM-Y: 4209059 Depth: 0.5 Value: 82.3 Station: LE2.3
 --- UTM-X: 381705 UTM-Y: 4209059 Depth: 1 Value: 82.2 Station: LE2.3
 --- UTM-X: 381705 UTM-Y: 4209059 Depth: 1.5 Value: 82.2 Station: LE2.3
 --- UTM-X: 381705 UTM-Y: 4209059 Depth: 2 Value: 82.2 Station: LE2.3
 --- UTM-X: 381705 UTM-Y: 4209059 Depth: 2.5 Value: 82.1 Station: LE2.3
 --- UTM-X: 381705 UTM-Y: 4209059 Depth: 3 Value: 82 Station: LE2.3
 --- UTM-X: 381705 UTM-Y: 4209059 Depth: 3.5 Value: 82 Station: LE2.3
 --- UTM-X: 381705 UTM-Y: 4209059 Depth: 4 Value: 82 Station: LE2.3
 --- UTM-X: 381705 UTM-Y: 4209059 Depth: 4.5 Value: 82 Station: LE2.3
 --- UTM-X: 381705 UTM-Y: 4209059 Depth: 5 Value: 82 Station: LE2.3
 --- UTM-X: 381705 UTM-Y: 4209059 Depth: 5.5 Value: 82 Station: LE2.3
 --- UTM-X: 381705 UTM-Y: 4209059 Depth: 6 Value: 82 Station: LE2.3
 --- UTM-X: 381705 UTM-Y: 4209059 Depth: 6.5 Value: 81.9 Station: LE2.3
 --- UTM-X: 381705 UTM-Y: 4209059 Depth: 7 Value: 81.7 Station: LE2.3
 --- UTM-X: 381705 UTM-Y: 4209059 Depth: 7.5 Value: 80.2 Station: LE2.3
 --- UTM-X: 381705 UTM-Y: 4209059 Depth: 8 Value: 78.8 Station: LE2.3
 --- UTM-X: 381705 UTM-Y: 4209059 Depth: 8.5 Value: 78.5 Station: LE2.3
 --- UTM-X: 381705 UTM-Y: 4209059 Depth: 9 Value: 78.3 Station: LE2.3
 --- UTM-X: 381705 UTM-Y: 4209059 Depth: 9.5 Value: 77.6 Station: LE2.3
 --- UTM-X: 381705 UTM-Y: 4209059 Depth: 10 Value: 77 Station: LE2.3
 --- UTM-X: 381705 UTM-Y: 4209059 Depth: 10.5 Value: 76.9 Station: LE2.3
 --- UTM-X: 381705 UTM-Y: 4209059 Depth: 11 Value: 76.8 Station: LE2.3
 --- UTM-X: 381705 UTM-Y: 4209059 Depth: 11.5 Value: 76.7 Station: LE2.3
 --- UTM-X: 381705 UTM-Y: 4209059 Depth: 12 Value: 76.6 Station: LE2.3
 --- UTM-X: 381705 UTM-Y: 4209059 Depth: 12.5 Value: 76.6 Station: LE2.3
 --- UTM-X: 381705 UTM-Y: 4209059 Depth: 13 Value: 76.6 Station: LE2.3
 --- UTM-X: 381705 UTM-Y: 4209059 Depth: 13.5 Value: 76.5 Station: LE2.3
 --- UTM-X: 381705 UTM-Y: 4209059 Depth: 14 Value: 76.4 Station: LE2.3
 --- UTM-X: 381705 UTM-Y: 4209059 Depth: 14.5 Value: 76.2 Station: LE2.3
 --- UTM-X: 381705 UTM-Y: 4209059 Depth: 15 Value: 76.1 Station: LE2.3
 --- UTM-X: 381705 UTM-Y: 4209059 Depth: 15.5 Value: 76 Station: LE2.3
 --- UTM-X: 381705 UTM-Y: 4209059 Depth: 16 Value: 75.9 Station: LE2.3
 --- UTM-X: 381705 UTM-Y: 4209059 Depth: 16.5 Value: 75.8 Station: LE2.3
 --- UTM-X: 381705 UTM-Y: 4209059 Depth: 17 Value: 75.7 Station: LE2.3
 --- UTM-X: 386593 UTM-Y: 4161856 Depth: 0 Value: 84.6 Station: LE3.6
 --- UTM-X: 386593 UTM-Y: 4161856 Depth: 0.5 Value: 84.6 Station: LE3.6
 --- UTM-X: 386593 UTM-Y: 4161856 Depth: 1 Value: 84.6 Station: LE3.6
 --- UTM-X: 386593 UTM-Y: 4161856 Depth: 1.5 Value: 84.5 Station: LE3.6
 --- UTM-X: 386593 UTM-Y: 4161856 Depth: 2 Value: 84.5 Station: LE3.6
 --- UTM-X: 386593 UTM-Y: 4161856 Depth: 2.5 Value: 84.5 Station: LE3.6
 --- UTM-X: 386593 UTM-Y: 4161856 Depth: 3 Value: 84.5 Station: LE3.6
 --- UTM-X: 386593 UTM-Y: 4161856 Depth: 3.5 Value: 84.4 Station: LE3.6
 --- UTM-X: 386593 UTM-Y: 4161856 Depth: 4 Value: 84.3 Station: LE3.6
 --- UTM-X: 386593 UTM-Y: 4161856 Depth: 4.5 Value: 84.3 Station: LE3.6
 --- UTM-X: 386593 UTM-Y: 4161856 Depth: 5 Value: 84.3 Station: LE3.6
 --- UTM-X: 386593 UTM-Y: 4161856 Depth: 5.5 Value: 84.2 Station: LE3.6
 --- UTM-X: 386593 UTM-Y: 4161856 Depth: 6 Value: 84 Station: LE3.6
 --- UTM-X: 386593 UTM-Y: 4161856 Depth: 6.5 Value: 83.8 Station: LE3.6
 --- UTM-X: 386593 UTM-Y: 4161856 Depth: 7 Value: 83.5 Station: LE3.6
 --- UTM-X: 386593 UTM-Y: 4161856 Depth: 7.5 Value: 83.3 Station: LE3.6
 --- UTM-X: 386593 UTM-Y: 4161856 Depth: 8 Value: 83.2 Station: LE3.6
 --- 4019 cells were interpolated in region TANMH.  Subtotal: 134562 total cells.
 ---- Region was calculated in 0 seconds. Segment volume (m^3) = 4019000000
 
 - Bathymetry Region ID: 1035  Region Name: BSHOH  Data Points: 49 in data region 1035
 -- Cell Size  E-W: 500  N-S: 500  Vertical: 1
 --- Data in Region ---
 --- UTM-X: 398780 UTM-Y: 4355918 Depth: 0 Value: 82.9 Station: CB2.2
 --- UTM-X: 398780 UTM-Y: 4355918 Depth: 0.5 Value: 83 Station: CB2.2
 --- UTM-X: 398780 UTM-Y: 4355918 Depth: 1 Value: 83.1 Station: CB2.2
 --- UTM-X: 398780 UTM-Y: 4355918 Depth: 1.5 Value: 83.1 Station: CB2.2
 --- UTM-X: 398780 UTM-Y: 4355918 Depth: 2 Value: 83.1 Station: CB2.2
 --- UTM-X: 398780 UTM-Y: 4355918 Depth: 2.5 Value: 83 Station: CB2.2
 --- UTM-X: 398780 UTM-Y: 4355918 Depth: 3 Value: 82.9 Station: CB2.2
 --- UTM-X: 398780 UTM-Y: 4355918 Depth: 3.5 Value: 82.9 Station: CB2.2
 --- UTM-X: 398780 UTM-Y: 4355918 Depth: 4 Value: 82.9 Station: CB2.2
 --- UTM-X: 398780 UTM-Y: 4355918 Depth: 4.5 Value: 82.9 Station: CB2.2
 --- UTM-X: 398780 UTM-Y: 4355918 Depth: 5 Value: 82.9 Station: CB2.2
 --- UTM-X: 398780 UTM-Y: 4355918 Depth: 5.5 Value: 82.9 Station: CB2.2
 --- UTM-X: 398780 UTM-Y: 4355918 Depth: 6 Value: 82.9 Station: CB2.2
 --- UTM-X: 398780 UTM-Y: 4355918 Depth: 6.5 Value: 82.9 Station: CB2.2
 --- UTM-X: 398780 UTM-Y: 4355918 Depth: 7 Value: 82.9 Station: CB2.2
 --- UTM-X: 398780 UTM-Y: 4355918 Depth: 7.5 Value: 82.9 Station: CB2.2
 --- UTM-X: 398780 UTM-Y: 4355918 Depth: 8 Value: 82.9 Station: CB2.2
 --- UTM-X: 398780 UTM-Y: 4355918 Depth: 8.5 Value: 82.8 Station: CB2.2
 --- UTM-X: 398780 UTM-Y: 4355918 Depth: 9 Value: 82.8 Station: CB2.2
 --- UTM-X: 393173 UTM-Y: 4345077 Depth: 0 Value: 82.4 Station: CB3.1
 --- UTM-X: 393173 UTM-Y: 4345077 Depth: 0.5 Value: 82.4 Station: CB3.1
 --- UTM-X: 393173 UTM-Y: 4345077 Depth: 1 Value: 82.4 Station: CB3.1
 --- UTM-X: 393173 UTM-Y: 4345077 Depth: 1.5 Value: 82.4 Station: CB3.1
 --- UTM-X: 393173 UTM-Y: 4345077 Depth: 2 Value: 82.4 Station: CB3.1
 --- UTM-X: 393173 UTM-Y: 4345077 Depth: 2.5 Value: 82.4 Station: CB3.1
 --- UTM-X: 393173 UTM-Y: 4345077 Depth: 3 Value: 82.4 Station: CB3.1
 --- UTM-X: 393173 UTM-Y: 4345077 Depth: 3.5 Value: 82.4 Station: CB3.1
 --- UTM-X: 393173 UTM-Y: 4345077 Depth: 4 Value: 82.4 Station: CB3.1
 --- UTM-X: 393173 UTM-Y: 4345077 Depth: 4.5 Value: 82.3 Station: CB3.1
 --- UTM-X: 393173 UTM-Y: 4345077 Depth: 5 Value: 82.2 Station: CB3.1
 --- UTM-X: 393173 UTM-Y: 4345077 Depth: 5.5 Value: 82.2 Station: CB3.1
 --- UTM-X: 393173 UTM-Y: 4345077 Depth: 6 Value: 82.2 Station: CB3.1
 --- UTM-X: 393173 UTM-Y: 4345077 Depth: 6.5 Value: 82.2 Station: CB3.1
 --- UTM-X: 393173 UTM-Y: 4345077 Depth: 7 Value: 82.2 Station: CB3.1
 --- UTM-X: 393173 UTM-Y: 4345077 Depth: 7.5 Value: 82 Station: CB3.1
 --- UTM-X: 393173 UTM-Y: 4345077 Depth: 8 Value: 81.9 Station: CB3.1
 --- UTM-X: 393173 UTM-Y: 4345077 Depth: 8.5 Value: 80.9 Station: CB3.1
 --- UTM-X: 393173 UTM-Y: 4345077 Depth: 9 Value: 79.9 Station: CB3.1
 --- UTM-X: 393173 UTM-Y: 4345077 Depth: 9.5 Value: 79 Station: CB3.1
 --- UTM-X: 393173 UTM-Y: 4345077 Depth: 10 Value: 78.1 Station: CB3.1
 --- UTM-X: 393173 UTM-Y: 4345077 Depth: 10.5 Value: 77.9 Station: CB3.1
 --- UTM-X: 393173 UTM-Y: 4345077 Depth: 11 Value: 77.7 Station: CB3.1
 --- UTM-X: 393173 UTM-Y: 4345077 Depth: 11.5 Value: 77.6 Station: CB3.1
 --- UTM-X: 393173 UTM-Y: 4345077 Depth: 12 Value: 77.5 Station: CB3.1
 --- UTM-X: 393167 UTM-Y: 4365613 Depth: 0 Value: 86.4 Station: WT1.1
 --- UTM-X: 393167 UTM-Y: 4365613 Depth: 0.5 Value: 86.2 Station: WT1.1
 --- UTM-X: 393167 UTM-Y: 4365613 Depth: 1 Value: 86 Station: WT1.1
 --- UTM-X: 393167 UTM-Y: 4365613 Depth: 1.5 Value: 85.9 Station: WT1.1
 --- UTM-X: 393167 UTM-Y: 4365613 Depth: 2 Value: 85.8 Station: WT1.1
 --- 197 cells were interpolated in region BSHOH.  Subtotal: 134759 total cells.
 ---- Region was calculated in 0 seconds. Segment volume (m^3) = 49250000
 
 - Bathymetry Region ID: 1036  Region Name: GUNOH  Data Points: 28 in data region 1036
 -- Cell Size  E-W: 500  N-S: 500  Vertical: 1
 --- Data in Region ---
 --- UTM-X: 393173 UTM-Y: 4345077 Depth: 0 Value: 82.4 Station: CB3.1
 --- UTM-X: 393173 UTM-Y: 4345077 Depth: 0.5 Value: 82.4 Station: CB3.1
 --- UTM-X: 393173 UTM-Y: 4345077 Depth: 1 Value: 82.4 Station: CB3.1
 --- UTM-X: 393173 UTM-Y: 4345077 Depth: 1.5 Value: 82.4 Station: CB3.1
 --- UTM-X: 393173 UTM-Y: 4345077 Depth: 2 Value: 82.4 Station: CB3.1
 --- UTM-X: 393173 UTM-Y: 4345077 Depth: 2.5 Value: 82.4 Station: CB3.1
 --- UTM-X: 393173 UTM-Y: 4345077 Depth: 3 Value: 82.4 Station: CB3.1
 --- UTM-X: 393173 UTM-Y: 4345077 Depth: 3.5 Value: 82.4 Station: CB3.1
 --- UTM-X: 393173 UTM-Y: 4345077 Depth: 4 Value: 82.4 Station: CB3.1
 --- UTM-X: 393173 UTM-Y: 4345077 Depth: 4.5 Value: 82.3 Station: CB3.1
 --- UTM-X: 393173 UTM-Y: 4345077 Depth: 5 Value: 82.2 Station: CB3.1
 --- UTM-X: 393173 UTM-Y: 4345077 Depth: 5.5 Value: 82.2 Station: CB3.1
 --- UTM-X: 393173 UTM-Y: 4345077 Depth: 6 Value: 82.2 Station: CB3.1
 --- UTM-X: 393173 UTM-Y: 4345077 Depth: 6.5 Value: 82.2 Station: CB3.1
 --- UTM-X: 393173 UTM-Y: 4345077 Depth: 7 Value: 82.2 Station: CB3.1
 --- UTM-X: 393173 UTM-Y: 4345077 Depth: 7.5 Value: 82 Station: CB3.1
 --- UTM-X: 393173 UTM-Y: 4345077 Depth: 8 Value: 81.9 Station: CB3.1
 --- UTM-X: 393173 UTM-Y: 4345077 Depth: 8.5 Value: 80.9 Station: CB3.1
 --- UTM-X: 393173 UTM-Y: 4345077 Depth: 9 Value: 79.9 Station: CB3.1
 --- UTM-X: 393173 UTM-Y: 4345077 Depth: 9.5 Value: 79 Station: CB3.1
 --- UTM-X: 393173 UTM-Y: 4345077 Depth: 10 Value: 78.1 Station: CB3.1
 --- UTM-X: 393173 UTM-Y: 4345077 Depth: 10.5 Value: 77.9 Station: CB3.1
 --- UTM-X: 393173 UTM-Y: 4345077 Depth: 11 Value: 77.7 Station: CB3.1
 --- UTM-X: 393173 UTM-Y: 4345077 Depth: 11.5 Value: 77.6 Station: CB3.1
 --- UTM-X: 393173 UTM-Y: 4345077 Depth: 12 Value: 77.5 Station: CB3.1
 --- UTM-X: 384454 UTM-Y: 4360187 Depth: 0 Value: 87.1 Station: WT2.1
 --- UTM-X: 384454 UTM-Y: 4360187 Depth: 0.5 Value: 86.5 Station: WT2.1
 --- UTM-X: 384454 UTM-Y: 4360187 Depth: 1 Value: 86 Station: WT2.1
 --- 257 cells were interpolated in region GUNOH.  Subtotal: 135016 total cells.
 ---- Region was calculated in 1 seconds. Segment volume (m^3) = 64250000
 
 - Bathymetry Region ID: 1037  Region Name: MIDOH  Data Points: 32 in data region 1037
 -- Cell Size  E-W: 250  N-S: 250  Vertical: 1
 --- Data in Region ---
 --- UTM-X: 393173 UTM-Y: 4345077 Depth: 0 Value: 82.4 Station: CB3.1
 --- UTM-X: 393173 UTM-Y: 4345077 Depth: 0.5 Value: 82.4 Station: CB3.1
 --- UTM-X: 393173 UTM-Y: 4345077 Depth: 1 Value: 82.4 Station: CB3.1
 --- UTM-X: 393173 UTM-Y: 4345077 Depth: 1.5 Value: 82.4 Station: CB3.1
 --- UTM-X: 393173 UTM-Y: 4345077 Depth: 2 Value: 82.4 Station: CB3.1
 --- UTM-X: 393173 UTM-Y: 4345077 Depth: 2.5 Value: 82.4 Station: CB3.1
 --- UTM-X: 393173 UTM-Y: 4345077 Depth: 3 Value: 82.4 Station: CB3.1
 --- UTM-X: 393173 UTM-Y: 4345077 Depth: 3.5 Value: 82.4 Station: CB3.1
 --- UTM-X: 393173 UTM-Y: 4345077 Depth: 4 Value: 82.4 Station: CB3.1
 --- UTM-X: 393173 UTM-Y: 4345077 Depth: 4.5 Value: 82.3 Station: CB3.1
 --- UTM-X: 393173 UTM-Y: 4345077 Depth: 5 Value: 82.2 Station: CB3.1
 --- UTM-X: 393173 UTM-Y: 4345077 Depth: 5.5 Value: 82.2 Station: CB3.1
 --- UTM-X: 393173 UTM-Y: 4345077 Depth: 6 Value: 82.2 Station: CB3.1
 --- UTM-X: 393173 UTM-Y: 4345077 Depth: 6.5 Value: 82.2 Station: CB3.1
 --- UTM-X: 393173 UTM-Y: 4345077 Depth: 7 Value: 82.2 Station: CB3.1
 --- UTM-X: 393173 UTM-Y: 4345077 Depth: 7.5 Value: 82 Station: CB3.1
 --- UTM-X: 393173 UTM-Y: 4345077 Depth: 8 Value: 81.9 Station: CB3.1
 --- UTM-X: 393173 UTM-Y: 4345077 Depth: 8.5 Value: 80.9 Station: CB3.1
 --- UTM-X: 393173 UTM-Y: 4345077 Depth: 9 Value: 79.9 Station: CB3.1
 --- UTM-X: 393173 UTM-Y: 4345077 Depth: 9.5 Value: 79 Station: CB3.1
 --- UTM-X: 393173 UTM-Y: 4345077 Depth: 10 Value: 78.1 Station: CB3.1
 --- UTM-X: 393173 UTM-Y: 4345077 Depth: 10.5 Value: 77.9 Station: CB3.1
 --- UTM-X: 393173 UTM-Y: 4345077 Depth: 11 Value: 77.7 Station: CB3.1
 --- UTM-X: 393173 UTM-Y: 4345077 Depth: 11.5 Value: 77.6 Station: CB3.1
 --- UTM-X: 393173 UTM-Y: 4345077 Depth: 12 Value: 77.5 Station: CB3.1
 --- UTM-X: 379310 UTM-Y: 4351015 Depth: 0 Value: 86.4 Station: WT3.1
 --- UTM-X: 379310 UTM-Y: 4351015 Depth: 0.5 Value: 86.3 Station: WT3.1
 --- UTM-X: 379310 UTM-Y: 4351015 Depth: 1 Value: 86.2 Station: WT3.1
 --- UTM-X: 379310 UTM-Y: 4351015 Depth: 1.5 Value: 85.9 Station: WT3.1
 --- UTM-X: 379310 UTM-Y: 4351015 Depth: 2 Value: 85.6 Station: WT3.1
 --- UTM-X: 379310 UTM-Y: 4351015 Depth: 2.5 Value: 85.5 Station: WT3.1
 --- UTM-X: 379310 UTM-Y: 4351015 Depth: 3 Value: 85.5 Station: WT3.1
 --- 400 cells were interpolated in region MIDOH.  Subtotal: 135416 total cells.
 ---- Region was calculated in 0 seconds. Segment volume (m^3) = 25000000
 
 - Bathymetry Region ID: 1038  Region Name: BACOH  Data Points: 49 in data region 1038
 -- Cell Size  E-W: 250  N-S: 250  Vertical: 1
 --- Data in Region ---
 --- UTM-X: 393173 UTM-Y: 4345077 Depth: 0 Value: 82.4 Station: CB3.1
 --- UTM-X: 393173 UTM-Y: 4345077 Depth: 0.5 Value: 82.4 Station: CB3.1
 --- UTM-X: 393173 UTM-Y: 4345077 Depth: 1 Value: 82.4 Station: CB3.1
 --- UTM-X: 393173 UTM-Y: 4345077 Depth: 1.5 Value: 82.4 Station: CB3.1
 --- UTM-X: 393173 UTM-Y: 4345077 Depth: 2 Value: 82.4 Station: CB3.1
 --- UTM-X: 393173 UTM-Y: 4345077 Depth: 2.5 Value: 82.4 Station: CB3.1
 --- UTM-X: 393173 UTM-Y: 4345077 Depth: 3 Value: 82.4 Station: CB3.1
 --- UTM-X: 393173 UTM-Y: 4345077 Depth: 3.5 Value: 82.4 Station: CB3.1
 --- UTM-X: 393173 UTM-Y: 4345077 Depth: 4 Value: 82.4 Station: CB3.1
 --- UTM-X: 393173 UTM-Y: 4345077 Depth: 4.5 Value: 82.3 Station: CB3.1
 --- UTM-X: 393173 UTM-Y: 4345077 Depth: 5 Value: 82.2 Station: CB3.1
 --- UTM-X: 393173 UTM-Y: 4345077 Depth: 5.5 Value: 82.2 Station: CB3.1
 --- UTM-X: 393173 UTM-Y: 4345077 Depth: 6 Value: 82.2 Station: CB3.1
 --- UTM-X: 393173 UTM-Y: 4345077 Depth: 6.5 Value: 82.2 Station: CB3.1
 --- UTM-X: 393173 UTM-Y: 4345077 Depth: 7 Value: 82.2 Station: CB3.1
 --- UTM-X: 393173 UTM-Y: 4345077 Depth: 7.5 Value: 82 Station: CB3.1
 --- UTM-X: 393173 UTM-Y: 4345077 Depth: 8 Value: 81.9 Station: CB3.1
 --- UTM-X: 393173 UTM-Y: 4345077 Depth: 8.5 Value: 80.9 Station: CB3.1
 --- UTM-X: 393173 UTM-Y: 4345077 Depth: 9 Value: 79.9 Station: CB3.1
 --- UTM-X: 393173 UTM-Y: 4345077 Depth: 9.5 Value: 79 Station: CB3.1
 --- UTM-X: 393173 UTM-Y: 4345077 Depth: 10 Value: 78.1 Station: CB3.1
 --- UTM-X: 393173 UTM-Y: 4345077 Depth: 10.5 Value: 77.9 Station: CB3.1
 --- UTM-X: 393173 UTM-Y: 4345077 Depth: 11 Value: 77.7 Station: CB3.1
 --- UTM-X: 393173 UTM-Y: 4345077 Depth: 11.5 Value: 77.6 Station: CB3.1
 --- UTM-X: 393173 UTM-Y: 4345077 Depth: 12 Value: 77.5 Station: CB3.1
 --- UTM-X: 387140 UTM-Y: 4335727 Depth: 0 Value: 82.4 Station: CB3.2
 --- UTM-X: 387140 UTM-Y: 4335727 Depth: 0.5 Value: 82.4 Station: CB3.2
 --- UTM-X: 387140 UTM-Y: 4335727 Depth: 1 Value: 82.4 Station: CB3.2
 --- UTM-X: 387140 UTM-Y: 4335727 Depth: 1.5 Value: 82.5 Station: CB3.2
 --- UTM-X: 387140 UTM-Y: 4335727 Depth: 2 Value: 82.6 Station: CB3.2
 --- UTM-X: 387140 UTM-Y: 4335727 Depth: 2.5 Value: 82.7 Station: CB3.2
 --- UTM-X: 387140 UTM-Y: 4335727 Depth: 3 Value: 82.8 Station: CB3.2
 --- UTM-X: 387140 UTM-Y: 4335727 Depth: 3.5 Value: 82.6 Station: CB3.2
 --- UTM-X: 387140 UTM-Y: 4335727 Depth: 4 Value: 82.4 Station: CB3.2
 --- UTM-X: 387140 UTM-Y: 4335727 Depth: 4.5 Value: 82.2 Station: CB3.2
 --- UTM-X: 387140 UTM-Y: 4335727 Depth: 5 Value: 82 Station: CB3.2
 --- UTM-X: 387140 UTM-Y: 4335727 Depth: 5.5 Value: 82 Station: CB3.2
 --- UTM-X: 387140 UTM-Y: 4335727 Depth: 6 Value: 82 Station: CB3.2
 --- UTM-X: 387140 UTM-Y: 4335727 Depth: 6.5 Value: 81.1 Station: CB3.2
 --- UTM-X: 387140 UTM-Y: 4335727 Depth: 7 Value: 80.2 Station: CB3.2
 --- UTM-X: 387140 UTM-Y: 4335727 Depth: 7.5 Value: 79.9 Station: CB3.2
 --- UTM-X: 387140 UTM-Y: 4335727 Depth: 8 Value: 79.5 Station: CB3.2
 --- UTM-X: 387140 UTM-Y: 4335727 Depth: 8.5 Value: 79.2 Station: CB3.2
 --- UTM-X: 387140 UTM-Y: 4335727 Depth: 9 Value: 78.8 Station: CB3.2
 --- UTM-X: 387140 UTM-Y: 4335727 Depth: 9.5 Value: 77.7 Station: CB3.2
 --- UTM-X: 387140 UTM-Y: 4335727 Depth: 10 Value: 76.6 Station: CB3.2
 --- UTM-X: 374969 UTM-Y: 4349233 Depth: 0 Value: 87.3 Station: WT4.1
 --- UTM-X: 374969 UTM-Y: 4349233 Depth: 0.5 Value: 87 Station: WT4.1
 --- UTM-X: 374969 UTM-Y: 4349233 Depth: 1 Value: 86.7 Station: WT4.1
 --- 358 cells were interpolated in region BACOH.  Subtotal: 135774 total cells.
 ---- Region was calculated in 0 seconds. Segment volume (m^3) = 22375000
 
 - Bathymetry Region ID: 1039  Region Name: PATMH  Data Points: 52 in data region 1039
 -- Cell Size  E-W: 500  N-S: 500  Vertical: 1
 --- Data in Region ---
 --- UTM-X: 387140 UTM-Y: 4335727 Depth: 0 Value: 82.4 Station: CB3.2
 --- UTM-X: 387140 UTM-Y: 4335727 Depth: 0.5 Value: 82.4 Station: CB3.2
 --- UTM-X: 387140 UTM-Y: 4335727 Depth: 1 Value: 82.4 Station: CB3.2
 --- UTM-X: 387140 UTM-Y: 4335727 Depth: 1.5 Value: 82.5 Station: CB3.2
 --- UTM-X: 387140 UTM-Y: 4335727 Depth: 2 Value: 82.6 Station: CB3.2
 --- UTM-X: 387140 UTM-Y: 4335727 Depth: 2.5 Value: 82.7 Station: CB3.2
 --- UTM-X: 387140 UTM-Y: 4335727 Depth: 3 Value: 82.8 Station: CB3.2
 --- UTM-X: 387140 UTM-Y: 4335727 Depth: 3.5 Value: 82.6 Station: CB3.2
 --- UTM-X: 387140 UTM-Y: 4335727 Depth: 4 Value: 82.4 Station: CB3.2
 --- UTM-X: 387140 UTM-Y: 4335727 Depth: 4.5 Value: 82.2 Station: CB3.2
 --- UTM-X: 387140 UTM-Y: 4335727 Depth: 5 Value: 82 Station: CB3.2
 --- UTM-X: 387140 UTM-Y: 4335727 Depth: 5.5 Value: 82 Station: CB3.2
 --- UTM-X: 387140 UTM-Y: 4335727 Depth: 6 Value: 82 Station: CB3.2
 --- UTM-X: 387140 UTM-Y: 4335727 Depth: 6.5 Value: 81.1 Station: CB3.2
 --- UTM-X: 387140 UTM-Y: 4335727 Depth: 7 Value: 80.2 Station: CB3.2
 --- UTM-X: 387140 UTM-Y: 4335727 Depth: 7.5 Value: 79.9 Station: CB3.2
 --- UTM-X: 387140 UTM-Y: 4335727 Depth: 8 Value: 79.5 Station: CB3.2
 --- UTM-X: 387140 UTM-Y: 4335727 Depth: 8.5 Value: 79.2 Station: CB3.2
 --- UTM-X: 387140 UTM-Y: 4335727 Depth: 9 Value: 78.8 Station: CB3.2
 --- UTM-X: 387140 UTM-Y: 4335727 Depth: 9.5 Value: 77.7 Station: CB3.2
 --- UTM-X: 387140 UTM-Y: 4335727 Depth: 10 Value: 76.6 Station: CB3.2
 --- UTM-X: 368360 UTM-Y: 4341015 Depth: 0 Value: 86 Station: WT5.1
 --- UTM-X: 368360 UTM-Y: 4341015 Depth: 0.5 Value: 85.8 Station: WT5.1
 --- UTM-X: 368360 UTM-Y: 4341015 Depth: 1 Value: 85.6 Station: WT5.1
 --- UTM-X: 368360 UTM-Y: 4341015 Depth: 1.5 Value: 84.8 Station: WT5.1
 --- UTM-X: 368360 UTM-Y: 4341015 Depth: 2 Value: 84 Station: WT5.1
 --- UTM-X: 368360 UTM-Y: 4341015 Depth: 2.5 Value: 84 Station: WT5.1
 --- UTM-X: 368360 UTM-Y: 4341015 Depth: 3 Value: 84 Station: WT5.1
 --- UTM-X: 368360 UTM-Y: 4341015 Depth: 3.5 Value: 83.7 Station: WT5.1
 --- UTM-X: 368360 UTM-Y: 4341015 Depth: 4 Value: 83.3 Station: WT5.1
 --- UTM-X: 368360 UTM-Y: 4341015 Depth: 4.5 Value: 82.3 Station: WT5.1
 --- UTM-X: 368360 UTM-Y: 4341015 Depth: 5 Value: 81.3 Station: WT5.1
 --- UTM-X: 368360 UTM-Y: 4341015 Depth: 5.5 Value: 81 Station: WT5.1
 --- UTM-X: 368360 UTM-Y: 4341015 Depth: 6 Value: 80.6 Station: WT5.1
 --- UTM-X: 368360 UTM-Y: 4341015 Depth: 6.5 Value: 80.1 Station: WT5.1
 --- UTM-X: 368360 UTM-Y: 4341015 Depth: 7 Value: 79.5 Station: WT5.1
 --- UTM-X: 368360 UTM-Y: 4341015 Depth: 7.5 Value: 78.6 Station: WT5.1
 --- UTM-X: 368360 UTM-Y: 4341015 Depth: 8 Value: 77.7 Station: WT5.1
 --- UTM-X: 368360 UTM-Y: 4341015 Depth: 8.5 Value: 77 Station: WT5.1
 --- UTM-X: 368360 UTM-Y: 4341015 Depth: 9 Value: 76.3 Station: WT5.1
 --- UTM-X: 368360 UTM-Y: 4341015 Depth: 9.5 Value: 75.9 Station: WT5.1
 --- UTM-X: 368360 UTM-Y: 4341015 Depth: 10 Value: 75.6 Station: WT5.1
 --- UTM-X: 368360 UTM-Y: 4341015 Depth: 10.5 Value: 75.1 Station: WT5.1
 --- UTM-X: 368360 UTM-Y: 4341015 Depth: 11 Value: 74.7 Station: WT5.1
 --- UTM-X: 368360 UTM-Y: 4341015 Depth: 11.5 Value: 74.6 Station: WT5.1
 --- UTM-X: 368360 UTM-Y: 4341015 Depth: 12 Value: 74.5 Station: WT5.1
 --- UTM-X: 368360 UTM-Y: 4341015 Depth: 12.5 Value: 74.3 Station: WT5.1
 --- UTM-X: 368360 UTM-Y: 4341015 Depth: 13 Value: 74.1 Station: WT5.1
 --- UTM-X: 368360 UTM-Y: 4341015 Depth: 13.5 Value: 73.7 Station: WT5.1
 --- UTM-X: 368360 UTM-Y: 4341015 Depth: 14 Value: 73.2 Station: WT5.1
 --- UTM-X: 368360 UTM-Y: 4341015 Depth: 14.5 Value: 73.2 Station: WT5.1
 --- UTM-X: 368360 UTM-Y: 4341015 Depth: 15 Value: 73.2 Station: WT5.1
 --- 1806 cells were interpolated in region PATMH.  Subtotal: 137580 total cells.
 ---- Region was calculated in 0 seconds. Segment volume (m^3) = 451500000
 
 - Bathymetry Region ID: 1040  Region Name: MAGMH  Data Points: 84 in data region 1040
 -- Cell Size  E-W: 250  N-S: 250  Vertical: 1
 --- Data in Region ---
 --- UTM-X: 382253 UTM-Y: 4317113 Depth: 0 Value: 85.3 Station: CB3.3C
 --- UTM-X: 382253 UTM-Y: 4317113 Depth: 0.5 Value: 85.4 Station: CB3.3C
 --- UTM-X: 382253 UTM-Y: 4317113 Depth: 1 Value: 85.5 Station: CB3.3C
 --- UTM-X: 382253 UTM-Y: 4317113 Depth: 1.5 Value: 85.4 Station: CB3.3C
 --- UTM-X: 382253 UTM-Y: 4317113 Depth: 2 Value: 85.3 Station: CB3.3C
 --- UTM-X: 382253 UTM-Y: 4317113 Depth: 2.5 Value: 83.7 Station: CB3.3C
 --- UTM-X: 382253 UTM-Y: 4317113 Depth: 3 Value: 82 Station: CB3.3C
 --- UTM-X: 382253 UTM-Y: 4317113 Depth: 3.5 Value: 82 Station: CB3.3C
 --- UTM-X: 382253 UTM-Y: 4317113 Depth: 4 Value: 81.9 Station: CB3.3C
 --- UTM-X: 382253 UTM-Y: 4317113 Depth: 4.5 Value: 81.9 Station: CB3.3C
 --- UTM-X: 382253 UTM-Y: 4317113 Depth: 5 Value: 81.9 Station: CB3.3C
 --- UTM-X: 382253 UTM-Y: 4317113 Depth: 5.5 Value: 81.7 Station: CB3.3C
 --- UTM-X: 382253 UTM-Y: 4317113 Depth: 6 Value: 81.5 Station: CB3.3C
 --- UTM-X: 382253 UTM-Y: 4317113 Depth: 6.5 Value: 80.9 Station: CB3.3C
 --- UTM-X: 382253 UTM-Y: 4317113 Depth: 7 Value: 80.2 Station: CB3.3C
 --- UTM-X: 382253 UTM-Y: 4317113 Depth: 7.5 Value: 79.9 Station: CB3.3C
 --- UTM-X: 382253 UTM-Y: 4317113 Depth: 8 Value: 79.5 Station: CB3.3C
 --- UTM-X: 382253 UTM-Y: 4317113 Depth: 8.5 Value: 79.3 Station: CB3.3C
 --- UTM-X: 382253 UTM-Y: 4317113 Depth: 9 Value: 79.2 Station: CB3.3C
 --- UTM-X: 382253 UTM-Y: 4317113 Depth: 9.5 Value: 79.1 Station: CB3.3C
 --- UTM-X: 382253 UTM-Y: 4317113 Depth: 10 Value: 79 Station: CB3.3C
 --- UTM-X: 382253 UTM-Y: 4317113 Depth: 10.5 Value: 78.5 Station: CB3.3C
 --- UTM-X: 382253 UTM-Y: 4317113 Depth: 11 Value: 78.1 Station: CB3.3C
 --- UTM-X: 382253 UTM-Y: 4317113 Depth: 11.5 Value: 76.7 Station: CB3.3C
 --- UTM-X: 382253 UTM-Y: 4317113 Depth: 12 Value: 75.4 Station: CB3.3C
 --- UTM-X: 382253 UTM-Y: 4317113 Depth: 12.5 Value: 74.3 Station: CB3.3C
 --- UTM-X: 382253 UTM-Y: 4317113 Depth: 13 Value: 73.2 Station: CB3.3C
 --- UTM-X: 382253 UTM-Y: 4317113 Depth: 13.5 Value: 72.8 Station: CB3.3C
 --- UTM-X: 382253 UTM-Y: 4317113 Depth: 14 Value: 72.3 Station: CB3.3C
 --- UTM-X: 382253 UTM-Y: 4317113 Depth: 14.5 Value: 72.1 Station: CB3.3C
 --- UTM-X: 382253 UTM-Y: 4317113 Depth: 15 Value: 72 Station: CB3.3C
 --- UTM-X: 382253 UTM-Y: 4317113 Depth: 15.5 Value: 71.8 Station: CB3.3C
 --- UTM-X: 382253 UTM-Y: 4317113 Depth: 16 Value: 71.7 Station: CB3.3C
 --- UTM-X: 382253 UTM-Y: 4317113 Depth: 16.5 Value: 71.6 Station: CB3.3C
 --- UTM-X: 382253 UTM-Y: 4317113 Depth: 17 Value: 71.4 Station: CB3.3C
 --- UTM-X: 382253 UTM-Y: 4317113 Depth: 17.5 Value: 71.4 Station: CB3.3C
 --- UTM-X: 382253 UTM-Y: 4317113 Depth: 18 Value: 71.3 Station: CB3.3C
 --- UTM-X: 382253 UTM-Y: 4317113 Depth: 18.5 Value: 71.3 Station: CB3.3C
 --- UTM-X: 382253 UTM-Y: 4317113 Depth: 19 Value: 71.2 Station: CB3.3C
 --- UTM-X: 382253 UTM-Y: 4317113 Depth: 19.5 Value: 71.2 Station: CB3.3C
 --- UTM-X: 382253 UTM-Y: 4317113 Depth: 20 Value: 71.2 Station: CB3.3C
 --- UTM-X: 382253 UTM-Y: 4317113 Depth: 20.5 Value: 71.1 Station: CB3.3C
 --- UTM-X: 382253 UTM-Y: 4317113 Depth: 21 Value: 71.1 Station: CB3.3C
 --- UTM-X: 382253 UTM-Y: 4317113 Depth: 21.5 Value: 71 Station: CB3.3C
 --- UTM-X: 382253 UTM-Y: 4317113 Depth: 22 Value: 70.9 Station: CB3.3C
 --- UTM-X: 383418 UTM-Y: 4317836 Depth: 0 Value: 83.8 Station: CB3.3E
 --- UTM-X: 383418 UTM-Y: 4317836 Depth: 0.5 Value: 83.6 Station: CB3.3E
 --- UTM-X: 383418 UTM-Y: 4317836 Depth: 1 Value: 83.3 Station: CB3.3E
 --- UTM-X: 383418 UTM-Y: 4317836 Depth: 1.5 Value: 82.6 Station: CB3.3E
 --- UTM-X: 383418 UTM-Y: 4317836 Depth: 2 Value: 81.9 Station: CB3.3E
 --- UTM-X: 383418 UTM-Y: 4317836 Depth: 2.5 Value: 82 Station: CB3.3E
 --- UTM-X: 383418 UTM-Y: 4317836 Depth: 3 Value: 82 Station: CB3.3E
 --- UTM-X: 383418 UTM-Y: 4317836 Depth: 3.5 Value: 82 Station: CB3.3E
 --- UTM-X: 383418 UTM-Y: 4317836 Depth: 4 Value: 81.9 Station: CB3.3E
 --- UTM-X: 383418 UTM-Y: 4317836 Depth: 4.5 Value: 81.7 Station: CB3.3E
 --- UTM-X: 383418 UTM-Y: 4317836 Depth: 5 Value: 81.5 Station: CB3.3E
 --- UTM-X: 383418 UTM-Y: 4317836 Depth: 5.5 Value: 81.4 Station: CB3.3E
 --- UTM-X: 383418 UTM-Y: 4317836 Depth: 6 Value: 81.3 Station: CB3.3E
 --- UTM-X: 379813 UTM-Y: 4318075 Depth: 0 Value: 83.5 Station: CB3.3W
 --- UTM-X: 379813 UTM-Y: 4318075 Depth: 0.5 Value: 83.5 Station: CB3.3W
 --- UTM-X: 379813 UTM-Y: 4318075 Depth: 1 Value: 83.5 Station: CB3.3W
 --- UTM-X: 379813 UTM-Y: 4318075 Depth: 1.5 Value: 83.4 Station: CB3.3W
 --- UTM-X: 379813 UTM-Y: 4318075 Depth: 2 Value: 83.3 Station: CB3.3W
 --- UTM-X: 379813 UTM-Y: 4318075 Depth: 2.5 Value: 83.2 Station: CB3.3W
 --- UTM-X: 379813 UTM-Y: 4318075 Depth: 3 Value: 83.1 Station: CB3.3W
 --- UTM-X: 379813 UTM-Y: 4318075 Depth: 3.5 Value: 83.1 Station: CB3.3W
 --- UTM-X: 379813 UTM-Y: 4318075 Depth: 4 Value: 83.1 Station: CB3.3W
 --- UTM-X: 379813 UTM-Y: 4318075 Depth: 4.5 Value: 82.9 Station: CB3.3W
 --- UTM-X: 379813 UTM-Y: 4318075 Depth: 5 Value: 82.8 Station: CB3.3W
 --- UTM-X: 379813 UTM-Y: 4318075 Depth: 5.5 Value: 82.8 Station: CB3.3W
 --- UTM-X: 379813 UTM-Y: 4318075 Depth: 6 Value: 82.8 Station: CB3.3W
 --- UTM-X: 379813 UTM-Y: 4318075 Depth: 6.5 Value: 82.8 Station: CB3.3W
 --- UTM-X: 379813 UTM-Y: 4318075 Depth: 7 Value: 82.8 Station: CB3.3W
 --- UTM-X: 372437 UTM-Y: 4326147 Depth: 0 Value: 86.5 Station: WT6.1
 --- UTM-X: 372437 UTM-Y: 4326147 Depth: 0.5 Value: 86.5 Station: WT6.1
 --- UTM-X: 372437 UTM-Y: 4326147 Depth: 1 Value: 86.4 Station: WT6.1
 --- UTM-X: 372437 UTM-Y: 4326147 Depth: 1.5 Value: 86.4 Station: WT6.1
 --- UTM-X: 372437 UTM-Y: 4326147 Depth: 2 Value: 86.4 Station: WT6.1
 --- UTM-X: 372437 UTM-Y: 4326147 Depth: 2.5 Value: 86.2 Station: WT6.1
 --- UTM-X: 372437 UTM-Y: 4326147 Depth: 3 Value: 86 Station: WT6.1
 --- UTM-X: 372437 UTM-Y: 4326147 Depth: 3.5 Value: 85.8 Station: WT6.1
 --- UTM-X: 372437 UTM-Y: 4326147 Depth: 4 Value: 85.6 Station: WT6.1
 --- UTM-X: 372437 UTM-Y: 4326147 Depth: 4.5 Value: 84.2 Station: WT6.1
 --- UTM-X: 372437 UTM-Y: 4326147 Depth: 5 Value: 82.8 Station: WT6.1
 --- 1224 cells were interpolated in region MAGMH.  Subtotal: 138804 total cells.
 ---- Region was calculated in 0 seconds. Segment volume (m^3) = 76500000
 
 - Bathymetry Region ID: 1041  Region Name: SEVMH  Data Points: 97 in data region 1041
 -- Cell Size  E-W: 250  N-S: 250  Vertical: 1
 --- Data in Region ---
 --- UTM-X: 382253 UTM-Y: 4317113 Depth: 0 Value: 85.3 Station: CB3.3C
 --- UTM-X: 382253 UTM-Y: 4317113 Depth: 0.5 Value: 85.4 Station: CB3.3C
 --- UTM-X: 382253 UTM-Y: 4317113 Depth: 1 Value: 85.5 Station: CB3.3C
 --- UTM-X: 382253 UTM-Y: 4317113 Depth: 1.5 Value: 85.4 Station: CB3.3C
 --- UTM-X: 382253 UTM-Y: 4317113 Depth: 2 Value: 85.3 Station: CB3.3C
 --- UTM-X: 382253 UTM-Y: 4317113 Depth: 2.5 Value: 83.7 Station: CB3.3C
 --- UTM-X: 382253 UTM-Y: 4317113 Depth: 3 Value: 82 Station: CB3.3C
 --- UTM-X: 382253 UTM-Y: 4317113 Depth: 3.5 Value: 82 Station: CB3.3C
 --- UTM-X: 382253 UTM-Y: 4317113 Depth: 4 Value: 81.9 Station: CB3.3C
 --- UTM-X: 382253 UTM-Y: 4317113 Depth: 4.5 Value: 81.9 Station: CB3.3C
 --- UTM-X: 382253 UTM-Y: 4317113 Depth: 5 Value: 81.9 Station: CB3.3C
 --- UTM-X: 382253 UTM-Y: 4317113 Depth: 5.5 Value: 81.7 Station: CB3.3C
 --- UTM-X: 382253 UTM-Y: 4317113 Depth: 6 Value: 81.5 Station: CB3.3C
 --- UTM-X: 382253 UTM-Y: 4317113 Depth: 6.5 Value: 80.9 Station: CB3.3C
 --- UTM-X: 382253 UTM-Y: 4317113 Depth: 7 Value: 80.2 Station: CB3.3C
 --- UTM-X: 382253 UTM-Y: 4317113 Depth: 7.5 Value: 79.9 Station: CB3.3C
 --- UTM-X: 382253 UTM-Y: 4317113 Depth: 8 Value: 79.5 Station: CB3.3C
 --- UTM-X: 382253 UTM-Y: 4317113 Depth: 8.5 Value: 79.3 Station: CB3.3C
 --- UTM-X: 382253 UTM-Y: 4317113 Depth: 9 Value: 79.2 Station: CB3.3C
 --- UTM-X: 382253 UTM-Y: 4317113 Depth: 9.5 Value: 79.1 Station: CB3.3C
 --- UTM-X: 382253 UTM-Y: 4317113 Depth: 10 Value: 79 Station: CB3.3C
 --- UTM-X: 382253 UTM-Y: 4317113 Depth: 10.5 Value: 78.5 Station: CB3.3C
 --- UTM-X: 382253 UTM-Y: 4317113 Depth: 11 Value: 78.1 Station: CB3.3C
 --- UTM-X: 382253 UTM-Y: 4317113 Depth: 11.5 Value: 76.7 Station: CB3.3C
 --- UTM-X: 382253 UTM-Y: 4317113 Depth: 12 Value: 75.4 Station: CB3.3C
 --- UTM-X: 382253 UTM-Y: 4317113 Depth: 12.5 Value: 74.3 Station: CB3.3C
 --- UTM-X: 382253 UTM-Y: 4317113 Depth: 13 Value: 73.2 Station: CB3.3C
 --- UTM-X: 382253 UTM-Y: 4317113 Depth: 13.5 Value: 72.8 Station: CB3.3C
 --- UTM-X: 382253 UTM-Y: 4317113 Depth: 14 Value: 72.3 Station: CB3.3C
 --- UTM-X: 382253 UTM-Y: 4317113 Depth: 14.5 Value: 72.1 Station: CB3.3C
 --- UTM-X: 382253 UTM-Y: 4317113 Depth: 15 Value: 72 Station: CB3.3C
 --- UTM-X: 382253 UTM-Y: 4317113 Depth: 15.5 Value: 71.8 Station: CB3.3C
 --- UTM-X: 382253 UTM-Y: 4317113 Depth: 16 Value: 71.7 Station: CB3.3C
 --- UTM-X: 382253 UTM-Y: 4317113 Depth: 16.5 Value: 71.6 Station: CB3.3C
 --- UTM-X: 382253 UTM-Y: 4317113 Depth: 17 Value: 71.4 Station: CB3.3C
 --- UTM-X: 382253 UTM-Y: 4317113 Depth: 17.5 Value: 71.4 Station: CB3.3C
 --- UTM-X: 382253 UTM-Y: 4317113 Depth: 18 Value: 71.3 Station: CB3.3C
 --- UTM-X: 382253 UTM-Y: 4317113 Depth: 18.5 Value: 71.3 Station: CB3.3C
 --- UTM-X: 382253 UTM-Y: 4317113 Depth: 19 Value: 71.2 Station: CB3.3C
 --- UTM-X: 382253 UTM-Y: 4317113 Depth: 19.5 Value: 71.2 Station: CB3.3C
 --- UTM-X: 382253 UTM-Y: 4317113 Depth: 20 Value: 71.2 Station: CB3.3C
 --- UTM-X: 382253 UTM-Y: 4317113 Depth: 20.5 Value: 71.1 Station: CB3.3C
 --- UTM-X: 382253 UTM-Y: 4317113 Depth: 21 Value: 71.1 Station: CB3.3C
 --- UTM-X: 382253 UTM-Y: 4317113 Depth: 21.5 Value: 71 Station: CB3.3C
 --- UTM-X: 382253 UTM-Y: 4317113 Depth: 22 Value: 70.9 Station: CB3.3C
 --- UTM-X: 383418 UTM-Y: 4317836 Depth: 0 Value: 83.8 Station: CB3.3E
 --- UTM-X: 383418 UTM-Y: 4317836 Depth: 0.5 Value: 83.6 Station: CB3.3E
 --- UTM-X: 383418 UTM-Y: 4317836 Depth: 1 Value: 83.3 Station: CB3.3E
 --- UTM-X: 383418 UTM-Y: 4317836 Depth: 1.5 Value: 82.6 Station: CB3.3E
 --- UTM-X: 383418 UTM-Y: 4317836 Depth: 2 Value: 81.9 Station: CB3.3E
 --- UTM-X: 383418 UTM-Y: 4317836 Depth: 2.5 Value: 82 Station: CB3.3E
 --- UTM-X: 383418 UTM-Y: 4317836 Depth: 3 Value: 82 Station: CB3.3E
 --- UTM-X: 383418 UTM-Y: 4317836 Depth: 3.5 Value: 82 Station: CB3.3E
 --- UTM-X: 383418 UTM-Y: 4317836 Depth: 4 Value: 81.9 Station: CB3.3E
 --- UTM-X: 383418 UTM-Y: 4317836 Depth: 4.5 Value: 81.7 Station: CB3.3E
 --- UTM-X: 383418 UTM-Y: 4317836 Depth: 5 Value: 81.5 Station: CB3.3E
 --- UTM-X: 383418 UTM-Y: 4317836 Depth: 5.5 Value: 81.4 Station: CB3.3E
 --- UTM-X: 383418 UTM-Y: 4317836 Depth: 6 Value: 81.3 Station: CB3.3E
 --- UTM-X: 379813 UTM-Y: 4318075 Depth: 0 Value: 83.5 Station: CB3.3W
 --- UTM-X: 379813 UTM-Y: 4318075 Depth: 0.5 Value: 83.5 Station: CB3.3W
 --- UTM-X: 379813 UTM-Y: 4318075 Depth: 1 Value: 83.5 Station: CB3.3W
 --- UTM-X: 379813 UTM-Y: 4318075 Depth: 1.5 Value: 83.4 Station: CB3.3W
 --- UTM-X: 379813 UTM-Y: 4318075 Depth: 2 Value: 83.3 Station: CB3.3W
 --- UTM-X: 379813 UTM-Y: 4318075 Depth: 2.5 Value: 83.2 Station: CB3.3W
 --- UTM-X: 379813 UTM-Y: 4318075 Depth: 3 Value: 83.1 Station: CB3.3W
 --- UTM-X: 379813 UTM-Y: 4318075 Depth: 3.5 Value: 83.1 Station: CB3.3W
 --- UTM-X: 379813 UTM-Y: 4318075 Depth: 4 Value: 83.1 Station: CB3.3W
 --- UTM-X: 379813 UTM-Y: 4318075 Depth: 4.5 Value: 82.9 Station: CB3.3W
 --- UTM-X: 379813 UTM-Y: 4318075 Depth: 5 Value: 82.8 Station: CB3.3W
 --- UTM-X: 379813 UTM-Y: 4318075 Depth: 5.5 Value: 82.8 Station: CB3.3W
 --- UTM-X: 379813 UTM-Y: 4318075 Depth: 6 Value: 82.8 Station: CB3.3W
 --- UTM-X: 379813 UTM-Y: 4318075 Depth: 6.5 Value: 82.8 Station: CB3.3W
 --- UTM-X: 379813 UTM-Y: 4318075 Depth: 7 Value: 82.8 Station: CB3.3W
 --- UTM-X: 369446 UTM-Y: 4319720 Depth: 0 Value: 86.9 Station: WT7.1
 --- UTM-X: 369446 UTM-Y: 4319720 Depth: 0.5 Value: 86.9 Station: WT7.1
 --- UTM-X: 369446 UTM-Y: 4319720 Depth: 1 Value: 86.9 Station: WT7.1
 --- UTM-X: 369446 UTM-Y: 4319720 Depth: 1.5 Value: 86.8 Station: WT7.1
 --- UTM-X: 369446 UTM-Y: 4319720 Depth: 2 Value: 86.7 Station: WT7.1
 --- UTM-X: 369446 UTM-Y: 4319720 Depth: 2.5 Value: 85.9 Station: WT7.1
 --- UTM-X: 369446 UTM-Y: 4319720 Depth: 3 Value: 85.1 Station: WT7.1
 --- UTM-X: 369446 UTM-Y: 4319720 Depth: 3.5 Value: 84.6 Station: WT7.1
 --- UTM-X: 369446 UTM-Y: 4319720 Depth: 4 Value: 84 Station: WT7.1
 --- UTM-X: 369446 UTM-Y: 4319720 Depth: 4.5 Value: 83.2 Station: WT7.1
 --- UTM-X: 369446 UTM-Y: 4319720 Depth: 5 Value: 82.4 Station: WT7.1
 --- UTM-X: 369446 UTM-Y: 4319720 Depth: 5.5 Value: 82.8 Station: WT7.1
 --- UTM-X: 369446 UTM-Y: 4319720 Depth: 6 Value: 83.1 Station: WT7.1
 --- UTM-X: 369446 UTM-Y: 4319720 Depth: 6.5 Value: 82.8 Station: WT7.1
 --- UTM-X: 369446 UTM-Y: 4319720 Depth: 7 Value: 82.6 Station: WT7.1
 --- UTM-X: 369446 UTM-Y: 4319720 Depth: 7.5 Value: 81.3 Station: WT7.1
 --- UTM-X: 369446 UTM-Y: 4319720 Depth: 8 Value: 80.1 Station: WT7.1
 --- UTM-X: 369446 UTM-Y: 4319720 Depth: 8.5 Value: 80.1 Station: WT7.1
 --- UTM-X: 369446 UTM-Y: 4319720 Depth: 9 Value: 80.1 Station: WT7.1
 --- UTM-X: 369446 UTM-Y: 4319720 Depth: 9.5 Value: 80.1 Station: WT7.1
 --- UTM-X: 369446 UTM-Y: 4319720 Depth: 10 Value: 80.1 Station: WT7.1
 --- UTM-X: 369446 UTM-Y: 4319720 Depth: 10.5 Value: 79.8 Station: WT7.1
 --- UTM-X: 369446 UTM-Y: 4319720 Depth: 11 Value: 79.5 Station: WT7.1
 --- UTM-X: 369446 UTM-Y: 4319720 Depth: 11.5 Value: 79.6 Station: WT7.1
 --- 1815 cells were interpolated in region SEVMH.  Subtotal: 140619 total cells.
 ---- Region was calculated in 0 seconds. Segment volume (m^3) = 113437500
 
 - Bathymetry Region ID: 1042  Region Name: SOUMH  Data Points: 87 in data region 1042
 -- Cell Size  E-W: 250  N-S: 250  Vertical: 1
 --- Data in Region ---
 --- UTM-X: 382253 UTM-Y: 4317113 Depth: 0 Value: 85.3 Station: CB3.3C
 --- UTM-X: 382253 UTM-Y: 4317113 Depth: 0.5 Value: 85.4 Station: CB3.3C
 --- UTM-X: 382253 UTM-Y: 4317113 Depth: 1 Value: 85.5 Station: CB3.3C
 --- UTM-X: 382253 UTM-Y: 4317113 Depth: 1.5 Value: 85.4 Station: CB3.3C
 --- UTM-X: 382253 UTM-Y: 4317113 Depth: 2 Value: 85.3 Station: CB3.3C
 --- UTM-X: 382253 UTM-Y: 4317113 Depth: 2.5 Value: 83.7 Station: CB3.3C
 --- UTM-X: 382253 UTM-Y: 4317113 Depth: 3 Value: 82 Station: CB3.3C
 --- UTM-X: 382253 UTM-Y: 4317113 Depth: 3.5 Value: 82 Station: CB3.3C
 --- UTM-X: 382253 UTM-Y: 4317113 Depth: 4 Value: 81.9 Station: CB3.3C
 --- UTM-X: 382253 UTM-Y: 4317113 Depth: 4.5 Value: 81.9 Station: CB3.3C
 --- UTM-X: 382253 UTM-Y: 4317113 Depth: 5 Value: 81.9 Station: CB3.3C
 --- UTM-X: 382253 UTM-Y: 4317113 Depth: 5.5 Value: 81.7 Station: CB3.3C
 --- UTM-X: 382253 UTM-Y: 4317113 Depth: 6 Value: 81.5 Station: CB3.3C
 --- UTM-X: 382253 UTM-Y: 4317113 Depth: 6.5 Value: 80.9 Station: CB3.3C
 --- UTM-X: 382253 UTM-Y: 4317113 Depth: 7 Value: 80.2 Station: CB3.3C
 --- UTM-X: 382253 UTM-Y: 4317113 Depth: 7.5 Value: 79.9 Station: CB3.3C
 --- UTM-X: 382253 UTM-Y: 4317113 Depth: 8 Value: 79.5 Station: CB3.3C
 --- UTM-X: 382253 UTM-Y: 4317113 Depth: 8.5 Value: 79.3 Station: CB3.3C
 --- UTM-X: 382253 UTM-Y: 4317113 Depth: 9 Value: 79.2 Station: CB3.3C
 --- UTM-X: 382253 UTM-Y: 4317113 Depth: 9.5 Value: 79.1 Station: CB3.3C
 --- UTM-X: 382253 UTM-Y: 4317113 Depth: 10 Value: 79 Station: CB3.3C
 --- UTM-X: 382253 UTM-Y: 4317113 Depth: 10.5 Value: 78.5 Station: CB3.3C
 --- UTM-X: 382253 UTM-Y: 4317113 Depth: 11 Value: 78.1 Station: CB3.3C
 --- UTM-X: 382253 UTM-Y: 4317113 Depth: 11.5 Value: 76.7 Station: CB3.3C
 --- UTM-X: 382253 UTM-Y: 4317113 Depth: 12 Value: 75.4 Station: CB3.3C
 --- UTM-X: 382253 UTM-Y: 4317113 Depth: 12.5 Value: 74.3 Station: CB3.3C
 --- UTM-X: 382253 UTM-Y: 4317113 Depth: 13 Value: 73.2 Station: CB3.3C
 --- UTM-X: 382253 UTM-Y: 4317113 Depth: 13.5 Value: 72.8 Station: CB3.3C
 --- UTM-X: 382253 UTM-Y: 4317113 Depth: 14 Value: 72.3 Station: CB3.3C
 --- UTM-X: 382253 UTM-Y: 4317113 Depth: 14.5 Value: 72.1 Station: CB3.3C
 --- UTM-X: 382253 UTM-Y: 4317113 Depth: 15 Value: 72 Station: CB3.3C
 --- UTM-X: 382253 UTM-Y: 4317113 Depth: 15.5 Value: 71.8 Station: CB3.3C
 --- UTM-X: 382253 UTM-Y: 4317113 Depth: 16 Value: 71.7 Station: CB3.3C
 --- UTM-X: 382253 UTM-Y: 4317113 Depth: 16.5 Value: 71.6 Station: CB3.3C
 --- UTM-X: 382253 UTM-Y: 4317113 Depth: 17 Value: 71.4 Station: CB3.3C
 --- UTM-X: 382253 UTM-Y: 4317113 Depth: 17.5 Value: 71.4 Station: CB3.3C
 --- UTM-X: 382253 UTM-Y: 4317113 Depth: 18 Value: 71.3 Station: CB3.3C
 --- UTM-X: 382253 UTM-Y: 4317113 Depth: 18.5 Value: 71.3 Station: CB3.3C
 --- UTM-X: 382253 UTM-Y: 4317113 Depth: 19 Value: 71.2 Station: CB3.3C
 --- UTM-X: 382253 UTM-Y: 4317113 Depth: 19.5 Value: 71.2 Station: CB3.3C
 --- UTM-X: 382253 UTM-Y: 4317113 Depth: 20 Value: 71.2 Station: CB3.3C
 --- UTM-X: 382253 UTM-Y: 4317113 Depth: 20.5 Value: 71.1 Station: CB3.3C
 --- UTM-X: 382253 UTM-Y: 4317113 Depth: 21 Value: 71.1 Station: CB3.3C
 --- UTM-X: 382253 UTM-Y: 4317113 Depth: 21.5 Value: 71 Station: CB3.3C
 --- UTM-X: 382253 UTM-Y: 4317113 Depth: 22 Value: 70.9 Station: CB3.3C
 --- UTM-X: 383418 UTM-Y: 4317836 Depth: 0 Value: 83.8 Station: CB3.3E
 --- UTM-X: 383418 UTM-Y: 4317836 Depth: 0.5 Value: 83.6 Station: CB3.3E
 --- UTM-X: 383418 UTM-Y: 4317836 Depth: 1 Value: 83.3 Station: CB3.3E
 --- UTM-X: 383418 UTM-Y: 4317836 Depth: 1.5 Value: 82.6 Station: CB3.3E
 --- UTM-X: 383418 UTM-Y: 4317836 Depth: 2 Value: 81.9 Station: CB3.3E
 --- UTM-X: 383418 UTM-Y: 4317836 Depth: 2.5 Value: 82 Station: CB3.3E
 --- UTM-X: 383418 UTM-Y: 4317836 Depth: 3 Value: 82 Station: CB3.3E
 --- UTM-X: 383418 UTM-Y: 4317836 Depth: 3.5 Value: 82 Station: CB3.3E
 --- UTM-X: 383418 UTM-Y: 4317836 Depth: 4 Value: 81.9 Station: CB3.3E
 --- UTM-X: 383418 UTM-Y: 4317836 Depth: 4.5 Value: 81.7 Station: CB3.3E
 --- UTM-X: 383418 UTM-Y: 4317836 Depth: 5 Value: 81.5 Station: CB3.3E
 --- UTM-X: 383418 UTM-Y: 4317836 Depth: 5.5 Value: 81.4 Station: CB3.3E
 --- UTM-X: 383418 UTM-Y: 4317836 Depth: 6 Value: 81.3 Station: CB3.3E
 --- UTM-X: 379813 UTM-Y: 4318075 Depth: 0 Value: 83.5 Station: CB3.3W
 --- UTM-X: 379813 UTM-Y: 4318075 Depth: 0.5 Value: 83.5 Station: CB3.3W
 --- UTM-X: 379813 UTM-Y: 4318075 Depth: 1 Value: 83.5 Station: CB3.3W
 --- UTM-X: 379813 UTM-Y: 4318075 Depth: 1.5 Value: 83.4 Station: CB3.3W
 --- UTM-X: 379813 UTM-Y: 4318075 Depth: 2 Value: 83.3 Station: CB3.3W
 --- UTM-X: 379813 UTM-Y: 4318075 Depth: 2.5 Value: 83.2 Station: CB3.3W
 --- UTM-X: 379813 UTM-Y: 4318075 Depth: 3 Value: 83.1 Station: CB3.3W
 --- UTM-X: 379813 UTM-Y: 4318075 Depth: 3.5 Value: 83.1 Station: CB3.3W
 --- UTM-X: 379813 UTM-Y: 4318075 Depth: 4 Value: 83.1 Station: CB3.3W
 --- UTM-X: 379813 UTM-Y: 4318075 Depth: 4.5 Value: 82.9 Station: CB3.3W
 --- UTM-X: 379813 UTM-Y: 4318075 Depth: 5 Value: 82.8 Station: CB3.3W
 --- UTM-X: 379813 UTM-Y: 4318075 Depth: 5.5 Value: 82.8 Station: CB3.3W
 --- UTM-X: 379813 UTM-Y: 4318075 Depth: 6 Value: 82.8 Station: CB3.3W
 --- UTM-X: 379813 UTM-Y: 4318075 Depth: 6.5 Value: 82.8 Station: CB3.3W
 --- UTM-X: 379813 UTM-Y: 4318075 Depth: 7 Value: 82.8 Station: CB3.3W
 --- UTM-X: 368570 UTM-Y: 4310484 Depth: 0 Value: 86.5 Station: WT8.1
 --- UTM-X: 368570 UTM-Y: 4310484 Depth: 0.5 Value: 86.5 Station: WT8.1
 --- UTM-X: 368570 UTM-Y: 4310484 Depth: 1 Value: 86.5 Station: WT8.1
 --- UTM-X: 368570 UTM-Y: 4310484 Depth: 1.5 Value: 86.4 Station: WT8.1
 --- UTM-X: 368570 UTM-Y: 4310484 Depth: 2 Value: 86.2 Station: WT8.1
 --- UTM-X: 368570 UTM-Y: 4310484 Depth: 2.5 Value: 86.1 Station: WT8.1
 --- UTM-X: 368570 UTM-Y: 4310484 Depth: 3 Value: 86 Station: WT8.1
 --- UTM-X: 368570 UTM-Y: 4310484 Depth: 3.5 Value: 85.2 Station: WT8.1
 --- UTM-X: 368570 UTM-Y: 4310484 Depth: 4 Value: 84.4 Station: WT8.1
 --- UTM-X: 368570 UTM-Y: 4310484 Depth: 4.5 Value: 83.9 Station: WT8.1
 --- UTM-X: 368570 UTM-Y: 4310484 Depth: 5 Value: 83.5 Station: WT8.1
 --- UTM-X: 368570 UTM-Y: 4310484 Depth: 5.5 Value: 83.2 Station: WT8.1
 --- UTM-X: 368570 UTM-Y: 4310484 Depth: 6 Value: 82.9 Station: WT8.1
 --- UTM-X: 368570 UTM-Y: 4310484 Depth: 6.5 Value: 82.8 Station: WT8.1
 --- 1072 cells were interpolated in region SOUMH.  Subtotal: 141691 total cells.
 ---- Region was calculated in 0 seconds. Segment volume (m^3) = 67000000
 
 - Bathymetry Region ID: 1043  Region Name: RHDMH  Data Points: 204 in data region 1043
 -- Cell Size  E-W: 250  N-S: 250  Vertical: 1
 --- Data in Region ---
 --- UTM-X: 382253 UTM-Y: 4317113 Depth: 0 Value: 85.3 Station: CB3.3C
 --- UTM-X: 382253 UTM-Y: 4317113 Depth: 0.5 Value: 85.4 Station: CB3.3C
 --- UTM-X: 382253 UTM-Y: 4317113 Depth: 1 Value: 85.5 Station: CB3.3C
 --- UTM-X: 382253 UTM-Y: 4317113 Depth: 1.5 Value: 85.4 Station: CB3.3C
 --- UTM-X: 382253 UTM-Y: 4317113 Depth: 2 Value: 85.3 Station: CB3.3C
 --- UTM-X: 382253 UTM-Y: 4317113 Depth: 2.5 Value: 83.7 Station: CB3.3C
 --- UTM-X: 382253 UTM-Y: 4317113 Depth: 3 Value: 82 Station: CB3.3C
 --- UTM-X: 382253 UTM-Y: 4317113 Depth: 3.5 Value: 82 Station: CB3.3C
 --- UTM-X: 382253 UTM-Y: 4317113 Depth: 4 Value: 81.9 Station: CB3.3C
 --- UTM-X: 382253 UTM-Y: 4317113 Depth: 4.5 Value: 81.9 Station: CB3.3C
 --- UTM-X: 382253 UTM-Y: 4317113 Depth: 5 Value: 81.9 Station: CB3.3C
 --- UTM-X: 382253 UTM-Y: 4317113 Depth: 5.5 Value: 81.7 Station: CB3.3C
 --- UTM-X: 382253 UTM-Y: 4317113 Depth: 6 Value: 81.5 Station: CB3.3C
 --- UTM-X: 382253 UTM-Y: 4317113 Depth: 6.5 Value: 80.9 Station: CB3.3C
 --- UTM-X: 382253 UTM-Y: 4317113 Depth: 7 Value: 80.2 Station: CB3.3C
 --- UTM-X: 382253 UTM-Y: 4317113 Depth: 7.5 Value: 79.9 Station: CB3.3C
 --- UTM-X: 382253 UTM-Y: 4317113 Depth: 8 Value: 79.5 Station: CB3.3C
 --- UTM-X: 382253 UTM-Y: 4317113 Depth: 8.5 Value: 79.3 Station: CB3.3C
 --- UTM-X: 382253 UTM-Y: 4317113 Depth: 9 Value: 79.2 Station: CB3.3C
 --- UTM-X: 382253 UTM-Y: 4317113 Depth: 9.5 Value: 79.1 Station: CB3.3C
 --- UTM-X: 382253 UTM-Y: 4317113 Depth: 10 Value: 79 Station: CB3.3C
 --- UTM-X: 382253 UTM-Y: 4317113 Depth: 10.5 Value: 78.5 Station: CB3.3C
 --- UTM-X: 382253 UTM-Y: 4317113 Depth: 11 Value: 78.1 Station: CB3.3C
 --- UTM-X: 382253 UTM-Y: 4317113 Depth: 11.5 Value: 76.7 Station: CB3.3C
 --- UTM-X: 382253 UTM-Y: 4317113 Depth: 12 Value: 75.4 Station: CB3.3C
 --- UTM-X: 382253 UTM-Y: 4317113 Depth: 12.5 Value: 74.3 Station: CB3.3C
 --- UTM-X: 382253 UTM-Y: 4317113 Depth: 13 Value: 73.2 Station: CB3.3C
 --- UTM-X: 382253 UTM-Y: 4317113 Depth: 13.5 Value: 72.8 Station: CB3.3C
 --- UTM-X: 382253 UTM-Y: 4317113 Depth: 14 Value: 72.3 Station: CB3.3C
 --- UTM-X: 382253 UTM-Y: 4317113 Depth: 14.5 Value: 72.1 Station: CB3.3C
 --- UTM-X: 382253 UTM-Y: 4317113 Depth: 15 Value: 72 Station: CB3.3C
 --- UTM-X: 382253 UTM-Y: 4317113 Depth: 15.5 Value: 71.8 Station: CB3.3C
 --- UTM-X: 382253 UTM-Y: 4317113 Depth: 16 Value: 71.7 Station: CB3.3C
 --- UTM-X: 382253 UTM-Y: 4317113 Depth: 16.5 Value: 71.6 Station: CB3.3C
 --- UTM-X: 382253 UTM-Y: 4317113 Depth: 17 Value: 71.4 Station: CB3.3C
 --- UTM-X: 382253 UTM-Y: 4317113 Depth: 17.5 Value: 71.4 Station: CB3.3C
 --- UTM-X: 382253 UTM-Y: 4317113 Depth: 18 Value: 71.3 Station: CB3.3C
 --- UTM-X: 382253 UTM-Y: 4317113 Depth: 18.5 Value: 71.3 Station: CB3.3C
 --- UTM-X: 382253 UTM-Y: 4317113 Depth: 19 Value: 71.2 Station: CB3.3C
 --- UTM-X: 382253 UTM-Y: 4317113 Depth: 19.5 Value: 71.2 Station: CB3.3C
 --- UTM-X: 382253 UTM-Y: 4317113 Depth: 20 Value: 71.2 Station: CB3.3C
 --- UTM-X: 382253 UTM-Y: 4317113 Depth: 20.5 Value: 71.1 Station: CB3.3C
 --- UTM-X: 382253 UTM-Y: 4317113 Depth: 21 Value: 71.1 Station: CB3.3C
 --- UTM-X: 382253 UTM-Y: 4317113 Depth: 21.5 Value: 71 Station: CB3.3C
 --- UTM-X: 382253 UTM-Y: 4317113 Depth: 22 Value: 70.9 Station: CB3.3C
 --- UTM-X: 383418 UTM-Y: 4317836 Depth: 0 Value: 83.8 Station: CB3.3E
 --- UTM-X: 383418 UTM-Y: 4317836 Depth: 0.5 Value: 83.6 Station: CB3.3E
 --- UTM-X: 383418 UTM-Y: 4317836 Depth: 1 Value: 83.3 Station: CB3.3E
 --- UTM-X: 383418 UTM-Y: 4317836 Depth: 1.5 Value: 82.6 Station: CB3.3E
 --- UTM-X: 383418 UTM-Y: 4317836 Depth: 2 Value: 81.9 Station: CB3.3E
 --- UTM-X: 383418 UTM-Y: 4317836 Depth: 2.5 Value: 82 Station: CB3.3E
 --- UTM-X: 383418 UTM-Y: 4317836 Depth: 3 Value: 82 Station: CB3.3E
 --- UTM-X: 383418 UTM-Y: 4317836 Depth: 3.5 Value: 82 Station: CB3.3E
 --- UTM-X: 383418 UTM-Y: 4317836 Depth: 4 Value: 81.9 Station: CB3.3E
 --- UTM-X: 383418 UTM-Y: 4317836 Depth: 4.5 Value: 81.7 Station: CB3.3E
 --- UTM-X: 383418 UTM-Y: 4317836 Depth: 5 Value: 81.5 Station: CB3.3E
 --- UTM-X: 383418 UTM-Y: 4317836 Depth: 5.5 Value: 81.4 Station: CB3.3E
 --- UTM-X: 383418 UTM-Y: 4317836 Depth: 6 Value: 81.3 Station: CB3.3E
 --- UTM-X: 379813 UTM-Y: 4318075 Depth: 0 Value: 83.5 Station: CB3.3W
 --- UTM-X: 379813 UTM-Y: 4318075 Depth: 0.5 Value: 83.5 Station: CB3.3W
 --- UTM-X: 379813 UTM-Y: 4318075 Depth: 1 Value: 83.5 Station: CB3.3W
 --- UTM-X: 379813 UTM-Y: 4318075 Depth: 1.5 Value: 83.4 Station: CB3.3W
 --- UTM-X: 379813 UTM-Y: 4318075 Depth: 2 Value: 83.3 Station: CB3.3W
 --- UTM-X: 379813 UTM-Y: 4318075 Depth: 2.5 Value: 83.2 Station: CB3.3W
 --- UTM-X: 379813 UTM-Y: 4318075 Depth: 3 Value: 83.1 Station: CB3.3W
 --- UTM-X: 379813 UTM-Y: 4318075 Depth: 3.5 Value: 83.1 Station: CB3.3W
 --- UTM-X: 379813 UTM-Y: 4318075 Depth: 4 Value: 83.1 Station: CB3.3W
 --- UTM-X: 379813 UTM-Y: 4318075 Depth: 4.5 Value: 82.9 Station: CB3.3W
 --- UTM-X: 379813 UTM-Y: 4318075 Depth: 5 Value: 82.8 Station: CB3.3W
 --- UTM-X: 379813 UTM-Y: 4318075 Depth: 5.5 Value: 82.8 Station: CB3.3W
 --- UTM-X: 379813 UTM-Y: 4318075 Depth: 6 Value: 82.8 Station: CB3.3W
 --- UTM-X: 379813 UTM-Y: 4318075 Depth: 6.5 Value: 82.8 Station: CB3.3W
 --- UTM-X: 379813 UTM-Y: 4318075 Depth: 7 Value: 82.8 Station: CB3.3W
 --- UTM-X: 378499 UTM-Y: 4298300 Depth: 0 Value: 83.1 Station: CB4.1C
 --- UTM-X: 378499 UTM-Y: 4298300 Depth: 0.5 Value: 82.8 Station: CB4.1C
 --- UTM-X: 378499 UTM-Y: 4298300 Depth: 1 Value: 82.6 Station: CB4.1C
 --- UTM-X: 378499 UTM-Y: 4298300 Depth: 1.5 Value: 82.6 Station: CB4.1C
 --- UTM-X: 378499 UTM-Y: 4298300 Depth: 2 Value: 82.6 Station: CB4.1C
 --- UTM-X: 378499 UTM-Y: 4298300 Depth: 2.5 Value: 82.6 Station: CB4.1C
 --- UTM-X: 378499 UTM-Y: 4298300 Depth: 3 Value: 82.6 Station: CB4.1C
 --- UTM-X: 378499 UTM-Y: 4298300 Depth: 3.5 Value: 82 Station: CB4.1C
 --- UTM-X: 378499 UTM-Y: 4298300 Depth: 4 Value: 81.5 Station: CB4.1C
 --- UTM-X: 378499 UTM-Y: 4298300 Depth: 4.5 Value: 81.5 Station: CB4.1C
 --- UTM-X: 378499 UTM-Y: 4298300 Depth: 5 Value: 81.5 Station: CB4.1C
 --- UTM-X: 378499 UTM-Y: 4298300 Depth: 5.5 Value: 81 Station: CB4.1C
 --- UTM-X: 378499 UTM-Y: 4298300 Depth: 6 Value: 80.6 Station: CB4.1C
 --- UTM-X: 378499 UTM-Y: 4298300 Depth: 6.5 Value: 80.5 Station: CB4.1C
 --- UTM-X: 378499 UTM-Y: 4298300 Depth: 7 Value: 80.4 Station: CB4.1C
 --- UTM-X: 378499 UTM-Y: 4298300 Depth: 7.5 Value: 80.2 Station: CB4.1C
 --- UTM-X: 378499 UTM-Y: 4298300 Depth: 8 Value: 80.1 Station: CB4.1C
 --- UTM-X: 378499 UTM-Y: 4298300 Depth: 8.5 Value: 79.2 Station: CB4.1C
 --- UTM-X: 378499 UTM-Y: 4298300 Depth: 9 Value: 78.4 Station: CB4.1C
 --- UTM-X: 378499 UTM-Y: 4298300 Depth: 9.5 Value: 77.9 Station: CB4.1C
 --- UTM-X: 378499 UTM-Y: 4298300 Depth: 10 Value: 77.4 Station: CB4.1C
 --- UTM-X: 378499 UTM-Y: 4298300 Depth: 10.5 Value: 75.6 Station: CB4.1C
 --- UTM-X: 378499 UTM-Y: 4298300 Depth: 11 Value: 73.8 Station: CB4.1C
 --- UTM-X: 378499 UTM-Y: 4298300 Depth: 11.5 Value: 73.1 Station: CB4.1C
 --- UTM-X: 378499 UTM-Y: 4298300 Depth: 12 Value: 72.5 Station: CB4.1C
 --- UTM-X: 378499 UTM-Y: 4298300 Depth: 12.5 Value: 72 Station: CB4.1C
 --- UTM-X: 378499 UTM-Y: 4298300 Depth: 13 Value: 71.4 Station: CB4.1C
 --- UTM-X: 378499 UTM-Y: 4298300 Depth: 13.5 Value: 71.3 Station: CB4.1C
 --- UTM-X: 378499 UTM-Y: 4298300 Depth: 14 Value: 71.2 Station: CB4.1C
 --- UTM-X: 378499 UTM-Y: 4298300 Depth: 14.5 Value: 71.2 Station: CB4.1C
 --- UTM-X: 378499 UTM-Y: 4298300 Depth: 15 Value: 71.1 Station: CB4.1C
 --- UTM-X: 378499 UTM-Y: 4298300 Depth: 15.5 Value: 71 Station: CB4.1C
 --- UTM-X: 378499 UTM-Y: 4298300 Depth: 16 Value: 71 Station: CB4.1C
 --- UTM-X: 378499 UTM-Y: 4298300 Depth: 16.5 Value: 70.9 Station: CB4.1C
 --- UTM-X: 378499 UTM-Y: 4298300 Depth: 17 Value: 70.9 Station: CB4.1C
 --- UTM-X: 378499 UTM-Y: 4298300 Depth: 17.5 Value: 70.8 Station: CB4.1C
 --- UTM-X: 378499 UTM-Y: 4298300 Depth: 18 Value: 70.8 Station: CB4.1C
 --- UTM-X: 378499 UTM-Y: 4298300 Depth: 18.5 Value: 70.7 Station: CB4.1C
 --- UTM-X: 378499 UTM-Y: 4298300 Depth: 19 Value: 70.7 Station: CB4.1C
 --- UTM-X: 378499 UTM-Y: 4298300 Depth: 19.5 Value: 70.7 Station: CB4.1C
 --- UTM-X: 378499 UTM-Y: 4298300 Depth: 20 Value: 70.7 Station: CB4.1C
 --- UTM-X: 378499 UTM-Y: 4298300 Depth: 20.5 Value: 70.7 Station: CB4.1C
 --- UTM-X: 378499 UTM-Y: 4298300 Depth: 21 Value: 70.7 Station: CB4.1C
 --- UTM-X: 378499 UTM-Y: 4298300 Depth: 21.5 Value: 70.7 Station: CB4.1C
 --- UTM-X: 378499 UTM-Y: 4298300 Depth: 22 Value: 70.7 Station: CB4.1C
 --- UTM-X: 378499 UTM-Y: 4298300 Depth: 22.5 Value: 70.7 Station: CB4.1C
 --- UTM-X: 378499 UTM-Y: 4298300 Depth: 23 Value: 70.7 Station: CB4.1C
 --- UTM-X: 378499 UTM-Y: 4298300 Depth: 23.5 Value: 70.7 Station: CB4.1C
 --- UTM-X: 378499 UTM-Y: 4298300 Depth: 24 Value: 70.7 Station: CB4.1C
 --- UTM-X: 378499 UTM-Y: 4298300 Depth: 24.5 Value: 70.7 Station: CB4.1C
 --- UTM-X: 378499 UTM-Y: 4298300 Depth: 25 Value: 70.7 Station: CB4.1C
 --- UTM-X: 378499 UTM-Y: 4298300 Depth: 25.5 Value: 70.7 Station: CB4.1C
 --- UTM-X: 378499 UTM-Y: 4298300 Depth: 26 Value: 70.7 Station: CB4.1C
 --- UTM-X: 378499 UTM-Y: 4298300 Depth: 26.5 Value: 70.7 Station: CB4.1C
 --- UTM-X: 378499 UTM-Y: 4298300 Depth: 27 Value: 70.7 Station: CB4.1C
 --- UTM-X: 378499 UTM-Y: 4298300 Depth: 27.5 Value: 70.7 Station: CB4.1C
 --- UTM-X: 378499 UTM-Y: 4298300 Depth: 28 Value: 70.7 Station: CB4.1C
 --- UTM-X: 378499 UTM-Y: 4298300 Depth: 28.5 Value: 70.7 Station: CB4.1C
 --- UTM-X: 378499 UTM-Y: 4298300 Depth: 29 Value: 70.7 Station: CB4.1C
 --- UTM-X: 380969 UTM-Y: 4297307 Depth: 0 Value: 83.1 Station: CB4.1E
 --- UTM-X: 380969 UTM-Y: 4297307 Depth: 0.5 Value: 83.1 Station: CB4.1E
 --- UTM-X: 380969 UTM-Y: 4297307 Depth: 1 Value: 83.1 Station: CB4.1E
 --- UTM-X: 380969 UTM-Y: 4297307 Depth: 1.5 Value: 83.1 Station: CB4.1E
 --- UTM-X: 380969 UTM-Y: 4297307 Depth: 2 Value: 83.1 Station: CB4.1E
 --- UTM-X: 380969 UTM-Y: 4297307 Depth: 2.5 Value: 83.1 Station: CB4.1E
 --- UTM-X: 380969 UTM-Y: 4297307 Depth: 3 Value: 83.1 Station: CB4.1E
 --- UTM-X: 380969 UTM-Y: 4297307 Depth: 3.5 Value: 82.8 Station: CB4.1E
 --- UTM-X: 380969 UTM-Y: 4297307 Depth: 4 Value: 82.4 Station: CB4.1E
 --- UTM-X: 380969 UTM-Y: 4297307 Depth: 4.5 Value: 82.3 Station: CB4.1E
 --- UTM-X: 380969 UTM-Y: 4297307 Depth: 5 Value: 82.2 Station: CB4.1E
 --- UTM-X: 380969 UTM-Y: 4297307 Depth: 5.5 Value: 82.2 Station: CB4.1E
 --- UTM-X: 380969 UTM-Y: 4297307 Depth: 6 Value: 82.2 Station: CB4.1E
 --- UTM-X: 380969 UTM-Y: 4297307 Depth: 6.5 Value: 81.9 Station: CB4.1E
 --- UTM-X: 380969 UTM-Y: 4297307 Depth: 7 Value: 81.5 Station: CB4.1E
 --- UTM-X: 380969 UTM-Y: 4297307 Depth: 7.5 Value: 80.6 Station: CB4.1E
 --- UTM-X: 380969 UTM-Y: 4297307 Depth: 8 Value: 79.7 Station: CB4.1E
 --- UTM-X: 380969 UTM-Y: 4297307 Depth: 8.5 Value: 79.7 Station: CB4.1E
 --- UTM-X: 380969 UTM-Y: 4297307 Depth: 9 Value: 79.7 Station: CB4.1E
 --- UTM-X: 380969 UTM-Y: 4297307 Depth: 9.5 Value: 78.9 Station: CB4.1E
 --- UTM-X: 380969 UTM-Y: 4297307 Depth: 10 Value: 78.1 Station: CB4.1E
 --- UTM-X: 380969 UTM-Y: 4297307 Depth: 10.5 Value: 77.3 Station: CB4.1E
 --- UTM-X: 380969 UTM-Y: 4297307 Depth: 11 Value: 76.5 Station: CB4.1E
 --- UTM-X: 380969 UTM-Y: 4297307 Depth: 11.5 Value: 76 Station: CB4.1E
 --- UTM-X: 380969 UTM-Y: 4297307 Depth: 12 Value: 75.6 Station: CB4.1E
 --- UTM-X: 380969 UTM-Y: 4297307 Depth: 12.5 Value: 75.1 Station: CB4.1E
 --- UTM-X: 380969 UTM-Y: 4297307 Depth: 13 Value: 74.7 Station: CB4.1E
 --- UTM-X: 380969 UTM-Y: 4297307 Depth: 13.5 Value: 74.4 Station: CB4.1E
 --- UTM-X: 380969 UTM-Y: 4297307 Depth: 14 Value: 74.1 Station: CB4.1E
 --- UTM-X: 380969 UTM-Y: 4297307 Depth: 14.5 Value: 73.6 Station: CB4.1E
 --- UTM-X: 380969 UTM-Y: 4297307 Depth: 15 Value: 73 Station: CB4.1E
 --- UTM-X: 380969 UTM-Y: 4297307 Depth: 15.5 Value: 73 Station: CB4.1E
 --- UTM-X: 380969 UTM-Y: 4297307 Depth: 16 Value: 73 Station: CB4.1E
 --- UTM-X: 380969 UTM-Y: 4297307 Depth: 16.5 Value: 72.9 Station: CB4.1E
 --- UTM-X: 380969 UTM-Y: 4297307 Depth: 17 Value: 72.7 Station: CB4.1E
 --- UTM-X: 380969 UTM-Y: 4297307 Depth: 17.5 Value: 72.5 Station: CB4.1E
 --- UTM-X: 380969 UTM-Y: 4297307 Depth: 18 Value: 72.2 Station: CB4.1E
 --- UTM-X: 380969 UTM-Y: 4297307 Depth: 18.5 Value: 72 Station: CB4.1E
 --- UTM-X: 380969 UTM-Y: 4297307 Depth: 19 Value: 71.8 Station: CB4.1E
 --- UTM-X: 380969 UTM-Y: 4297307 Depth: 19.5 Value: 71.7 Station: CB4.1E
 --- UTM-X: 380969 UTM-Y: 4297307 Depth: 20 Value: 71.7 Station: CB4.1E
 --- UTM-X: 380969 UTM-Y: 4297307 Depth: 20.5 Value: 71.6 Station: CB4.1E
 --- UTM-X: 380969 UTM-Y: 4297307 Depth: 21 Value: 71.6 Station: CB4.1E
 --- UTM-X: 380969 UTM-Y: 4297307 Depth: 21.5 Value: 71.6 Station: CB4.1E
 --- UTM-X: 380969 UTM-Y: 4297307 Depth: 22 Value: 71.6 Station: CB4.1E
 --- UTM-X: 373004 UTM-Y: 4297091 Depth: 0 Value: 85.3 Station: CB4.1W
 --- UTM-X: 373004 UTM-Y: 4297091 Depth: 0.5 Value: 85.2 Station: CB4.1W
 --- UTM-X: 373004 UTM-Y: 4297091 Depth: 1 Value: 85.1 Station: CB4.1W
 --- UTM-X: 373004 UTM-Y: 4297091 Depth: 1.5 Value: 84.4 Station: CB4.1W
 --- UTM-X: 373004 UTM-Y: 4297091 Depth: 2 Value: 83.7 Station: CB4.1W
 --- UTM-X: 373004 UTM-Y: 4297091 Depth: 2.5 Value: 82.9 Station: CB4.1W
 --- UTM-X: 373004 UTM-Y: 4297091 Depth: 3 Value: 82.2 Station: CB4.1W
 --- UTM-X: 373004 UTM-Y: 4297091 Depth: 3.5 Value: 82.2 Station: CB4.1W
 --- UTM-X: 373004 UTM-Y: 4297091 Depth: 4 Value: 82.2 Station: CB4.1W
 --- UTM-X: 373004 UTM-Y: 4297091 Depth: 4.5 Value: 82.1 Station: CB4.1W
 --- UTM-X: 373004 UTM-Y: 4297091 Depth: 5 Value: 82 Station: CB4.1W
 --- UTM-X: 373004 UTM-Y: 4297091 Depth: 5.5 Value: 82 Station: CB4.1W
 --- UTM-X: 373004 UTM-Y: 4297091 Depth: 6 Value: 82 Station: CB4.1W
 --- UTM-X: 373004 UTM-Y: 4297091 Depth: 6.5 Value: 82 Station: CB4.1W
 --- UTM-X: 373004 UTM-Y: 4297091 Depth: 7 Value: 81.9 Station: CB4.1W
 --- UTM-X: 367033 UTM-Y: 4304960 Depth: 0 Value: 87.8 Station: WT8.2
 --- UTM-X: 367033 UTM-Y: 4304960 Depth: 0.5 Value: 87 Station: WT8.2
 --- UTM-X: 367033 UTM-Y: 4304960 Depth: 1 Value: 86.2 Station: WT8.2
 --- UTM-X: 367033 UTM-Y: 4304960 Depth: 1.5 Value: 86 Station: WT8.2
 --- UTM-X: 367033 UTM-Y: 4304960 Depth: 2 Value: 85.8 Station: WT8.2
 --- UTM-X: 366971 UTM-Y: 4301260 Depth: 0 Value: 86.5 Station: WT8.3
 --- UTM-X: 366971 UTM-Y: 4301260 Depth: 0.5 Value: 86.4 Station: WT8.3
 --- UTM-X: 366971 UTM-Y: 4301260 Depth: 1 Value: 86.2 Station: WT8.3
 --- UTM-X: 366971 UTM-Y: 4301260 Depth: 1.5 Value: 86 Station: WT8.3
 --- UTM-X: 366971 UTM-Y: 4301260 Depth: 2 Value: 85.8 Station: WT8.3
 --- UTM-X: 366971 UTM-Y: 4301260 Depth: 2.5 Value: 85.5 Station: WT8.3
 --- UTM-X: 366971 UTM-Y: 4301260 Depth: 3 Value: 85.1 Station: WT8.3
 --- 325 cells were interpolated in region RHDMH.  Subtotal: 142016 total cells.
 ---- Region was calculated in 0 seconds. Segment volume (m^3) = 20312500
 
 - Bathymetry Region ID: 1044  Region Name: WSTMH  Data Points: 199 in data region 1044
 -- Cell Size  E-W: 250  N-S: 250  Vertical: 1
 --- Data in Region ---
 --- UTM-X: 382253 UTM-Y: 4317113 Depth: 0 Value: 85.3 Station: CB3.3C
 --- UTM-X: 382253 UTM-Y: 4317113 Depth: 0.5 Value: 85.4 Station: CB3.3C
 --- UTM-X: 382253 UTM-Y: 4317113 Depth: 1 Value: 85.5 Station: CB3.3C
 --- UTM-X: 382253 UTM-Y: 4317113 Depth: 1.5 Value: 85.4 Station: CB3.3C
 --- UTM-X: 382253 UTM-Y: 4317113 Depth: 2 Value: 85.3 Station: CB3.3C
 --- UTM-X: 382253 UTM-Y: 4317113 Depth: 2.5 Value: 83.7 Station: CB3.3C
 --- UTM-X: 382253 UTM-Y: 4317113 Depth: 3 Value: 82 Station: CB3.3C
 --- UTM-X: 382253 UTM-Y: 4317113 Depth: 3.5 Value: 82 Station: CB3.3C
 --- UTM-X: 382253 UTM-Y: 4317113 Depth: 4 Value: 81.9 Station: CB3.3C
 --- UTM-X: 382253 UTM-Y: 4317113 Depth: 4.5 Value: 81.9 Station: CB3.3C
 --- UTM-X: 382253 UTM-Y: 4317113 Depth: 5 Value: 81.9 Station: CB3.3C
 --- UTM-X: 382253 UTM-Y: 4317113 Depth: 5.5 Value: 81.7 Station: CB3.3C
 --- UTM-X: 382253 UTM-Y: 4317113 Depth: 6 Value: 81.5 Station: CB3.3C
 --- UTM-X: 382253 UTM-Y: 4317113 Depth: 6.5 Value: 80.9 Station: CB3.3C
 --- UTM-X: 382253 UTM-Y: 4317113 Depth: 7 Value: 80.2 Station: CB3.3C
 --- UTM-X: 382253 UTM-Y: 4317113 Depth: 7.5 Value: 79.9 Station: CB3.3C
 --- UTM-X: 382253 UTM-Y: 4317113 Depth: 8 Value: 79.5 Station: CB3.3C
 --- UTM-X: 382253 UTM-Y: 4317113 Depth: 8.5 Value: 79.3 Station: CB3.3C
 --- UTM-X: 382253 UTM-Y: 4317113 Depth: 9 Value: 79.2 Station: CB3.3C
 --- UTM-X: 382253 UTM-Y: 4317113 Depth: 9.5 Value: 79.1 Station: CB3.3C
 --- UTM-X: 382253 UTM-Y: 4317113 Depth: 10 Value: 79 Station: CB3.3C
 --- UTM-X: 382253 UTM-Y: 4317113 Depth: 10.5 Value: 78.5 Station: CB3.3C
 --- UTM-X: 382253 UTM-Y: 4317113 Depth: 11 Value: 78.1 Station: CB3.3C
 --- UTM-X: 382253 UTM-Y: 4317113 Depth: 11.5 Value: 76.7 Station: CB3.3C
 --- UTM-X: 382253 UTM-Y: 4317113 Depth: 12 Value: 75.4 Station: CB3.3C
 --- UTM-X: 382253 UTM-Y: 4317113 Depth: 12.5 Value: 74.3 Station: CB3.3C
 --- UTM-X: 382253 UTM-Y: 4317113 Depth: 13 Value: 73.2 Station: CB3.3C
 --- UTM-X: 382253 UTM-Y: 4317113 Depth: 13.5 Value: 72.8 Station: CB3.3C
 --- UTM-X: 382253 UTM-Y: 4317113 Depth: 14 Value: 72.3 Station: CB3.3C
 --- UTM-X: 382253 UTM-Y: 4317113 Depth: 14.5 Value: 72.1 Station: CB3.3C
 --- UTM-X: 382253 UTM-Y: 4317113 Depth: 15 Value: 72 Station: CB3.3C
 --- UTM-X: 382253 UTM-Y: 4317113 Depth: 15.5 Value: 71.8 Station: CB3.3C
 --- UTM-X: 382253 UTM-Y: 4317113 Depth: 16 Value: 71.7 Station: CB3.3C
 --- UTM-X: 382253 UTM-Y: 4317113 Depth: 16.5 Value: 71.6 Station: CB3.3C
 --- UTM-X: 382253 UTM-Y: 4317113 Depth: 17 Value: 71.4 Station: CB3.3C
 --- UTM-X: 382253 UTM-Y: 4317113 Depth: 17.5 Value: 71.4 Station: CB3.3C
 --- UTM-X: 382253 UTM-Y: 4317113 Depth: 18 Value: 71.3 Station: CB3.3C
 --- UTM-X: 382253 UTM-Y: 4317113 Depth: 18.5 Value: 71.3 Station: CB3.3C
 --- UTM-X: 382253 UTM-Y: 4317113 Depth: 19 Value: 71.2 Station: CB3.3C
 --- UTM-X: 382253 UTM-Y: 4317113 Depth: 19.5 Value: 71.2 Station: CB3.3C
 --- UTM-X: 382253 UTM-Y: 4317113 Depth: 20 Value: 71.2 Station: CB3.3C
 --- UTM-X: 382253 UTM-Y: 4317113 Depth: 20.5 Value: 71.1 Station: CB3.3C
 --- UTM-X: 382253 UTM-Y: 4317113 Depth: 21 Value: 71.1 Station: CB3.3C
 --- UTM-X: 382253 UTM-Y: 4317113 Depth: 21.5 Value: 71 Station: CB3.3C
 --- UTM-X: 382253 UTM-Y: 4317113 Depth: 22 Value: 70.9 Station: CB3.3C
 --- UTM-X: 383418 UTM-Y: 4317836 Depth: 0 Value: 83.8 Station: CB3.3E
 --- UTM-X: 383418 UTM-Y: 4317836 Depth: 0.5 Value: 83.6 Station: CB3.3E
 --- UTM-X: 383418 UTM-Y: 4317836 Depth: 1 Value: 83.3 Station: CB3.3E
 --- UTM-X: 383418 UTM-Y: 4317836 Depth: 1.5 Value: 82.6 Station: CB3.3E
 --- UTM-X: 383418 UTM-Y: 4317836 Depth: 2 Value: 81.9 Station: CB3.3E
 --- UTM-X: 383418 UTM-Y: 4317836 Depth: 2.5 Value: 82 Station: CB3.3E
 --- UTM-X: 383418 UTM-Y: 4317836 Depth: 3 Value: 82 Station: CB3.3E
 --- UTM-X: 383418 UTM-Y: 4317836 Depth: 3.5 Value: 82 Station: CB3.3E
 --- UTM-X: 383418 UTM-Y: 4317836 Depth: 4 Value: 81.9 Station: CB3.3E
 --- UTM-X: 383418 UTM-Y: 4317836 Depth: 4.5 Value: 81.7 Station: CB3.3E
 --- UTM-X: 383418 UTM-Y: 4317836 Depth: 5 Value: 81.5 Station: CB3.3E
 --- UTM-X: 383418 UTM-Y: 4317836 Depth: 5.5 Value: 81.4 Station: CB3.3E
 --- UTM-X: 383418 UTM-Y: 4317836 Depth: 6 Value: 81.3 Station: CB3.3E
 --- UTM-X: 379813 UTM-Y: 4318075 Depth: 0 Value: 83.5 Station: CB3.3W
 --- UTM-X: 379813 UTM-Y: 4318075 Depth: 0.5 Value: 83.5 Station: CB3.3W
 --- UTM-X: 379813 UTM-Y: 4318075 Depth: 1 Value: 83.5 Station: CB3.3W
 --- UTM-X: 379813 UTM-Y: 4318075 Depth: 1.5 Value: 83.4 Station: CB3.3W
 --- UTM-X: 379813 UTM-Y: 4318075 Depth: 2 Value: 83.3 Station: CB3.3W
 --- UTM-X: 379813 UTM-Y: 4318075 Depth: 2.5 Value: 83.2 Station: CB3.3W
 --- UTM-X: 379813 UTM-Y: 4318075 Depth: 3 Value: 83.1 Station: CB3.3W
 --- UTM-X: 379813 UTM-Y: 4318075 Depth: 3.5 Value: 83.1 Station: CB3.3W
 --- UTM-X: 379813 UTM-Y: 4318075 Depth: 4 Value: 83.1 Station: CB3.3W
 --- UTM-X: 379813 UTM-Y: 4318075 Depth: 4.5 Value: 82.9 Station: CB3.3W
 --- UTM-X: 379813 UTM-Y: 4318075 Depth: 5 Value: 82.8 Station: CB3.3W
 --- UTM-X: 379813 UTM-Y: 4318075 Depth: 5.5 Value: 82.8 Station: CB3.3W
 --- UTM-X: 379813 UTM-Y: 4318075 Depth: 6 Value: 82.8 Station: CB3.3W
 --- UTM-X: 379813 UTM-Y: 4318075 Depth: 6.5 Value: 82.8 Station: CB3.3W
 --- UTM-X: 379813 UTM-Y: 4318075 Depth: 7 Value: 82.8 Station: CB3.3W
 --- UTM-X: 378499 UTM-Y: 4298300 Depth: 0 Value: 83.1 Station: CB4.1C
 --- UTM-X: 378499 UTM-Y: 4298300 Depth: 0.5 Value: 82.8 Station: CB4.1C
 --- UTM-X: 378499 UTM-Y: 4298300 Depth: 1 Value: 82.6 Station: CB4.1C
 --- UTM-X: 378499 UTM-Y: 4298300 Depth: 1.5 Value: 82.6 Station: CB4.1C
 --- UTM-X: 378499 UTM-Y: 4298300 Depth: 2 Value: 82.6 Station: CB4.1C
 --- UTM-X: 378499 UTM-Y: 4298300 Depth: 2.5 Value: 82.6 Station: CB4.1C
 --- UTM-X: 378499 UTM-Y: 4298300 Depth: 3 Value: 82.6 Station: CB4.1C
 --- UTM-X: 378499 UTM-Y: 4298300 Depth: 3.5 Value: 82 Station: CB4.1C
 --- UTM-X: 378499 UTM-Y: 4298300 Depth: 4 Value: 81.5 Station: CB4.1C
 --- UTM-X: 378499 UTM-Y: 4298300 Depth: 4.5 Value: 81.5 Station: CB4.1C
 --- UTM-X: 378499 UTM-Y: 4298300 Depth: 5 Value: 81.5 Station: CB4.1C
 --- UTM-X: 378499 UTM-Y: 4298300 Depth: 5.5 Value: 81 Station: CB4.1C
 --- UTM-X: 378499 UTM-Y: 4298300 Depth: 6 Value: 80.6 Station: CB4.1C
 --- UTM-X: 378499 UTM-Y: 4298300 Depth: 6.5 Value: 80.5 Station: CB4.1C
 --- UTM-X: 378499 UTM-Y: 4298300 Depth: 7 Value: 80.4 Station: CB4.1C
 --- UTM-X: 378499 UTM-Y: 4298300 Depth: 7.5 Value: 80.2 Station: CB4.1C
 --- UTM-X: 378499 UTM-Y: 4298300 Depth: 8 Value: 80.1 Station: CB4.1C
 --- UTM-X: 378499 UTM-Y: 4298300 Depth: 8.5 Value: 79.2 Station: CB4.1C
 --- UTM-X: 378499 UTM-Y: 4298300 Depth: 9 Value: 78.4 Station: CB4.1C
 --- UTM-X: 378499 UTM-Y: 4298300 Depth: 9.5 Value: 77.9 Station: CB4.1C
 --- UTM-X: 378499 UTM-Y: 4298300 Depth: 10 Value: 77.4 Station: CB4.1C
 --- UTM-X: 378499 UTM-Y: 4298300 Depth: 10.5 Value: 75.6 Station: CB4.1C
 --- UTM-X: 378499 UTM-Y: 4298300 Depth: 11 Value: 73.8 Station: CB4.1C
 --- UTM-X: 378499 UTM-Y: 4298300 Depth: 11.5 Value: 73.1 Station: CB4.1C
 --- UTM-X: 378499 UTM-Y: 4298300 Depth: 12 Value: 72.5 Station: CB4.1C
 --- UTM-X: 378499 UTM-Y: 4298300 Depth: 12.5 Value: 72 Station: CB4.1C
 --- UTM-X: 378499 UTM-Y: 4298300 Depth: 13 Value: 71.4 Station: CB4.1C
 --- UTM-X: 378499 UTM-Y: 4298300 Depth: 13.5 Value: 71.3 Station: CB4.1C
 --- UTM-X: 378499 UTM-Y: 4298300 Depth: 14 Value: 71.2 Station: CB4.1C
 --- UTM-X: 378499 UTM-Y: 4298300 Depth: 14.5 Value: 71.2 Station: CB4.1C
 --- UTM-X: 378499 UTM-Y: 4298300 Depth: 15 Value: 71.1 Station: CB4.1C
 --- UTM-X: 378499 UTM-Y: 4298300 Depth: 15.5 Value: 71 Station: CB4.1C
 --- UTM-X: 378499 UTM-Y: 4298300 Depth: 16 Value: 71 Station: CB4.1C
 --- UTM-X: 378499 UTM-Y: 4298300 Depth: 16.5 Value: 70.9 Station: CB4.1C
 --- UTM-X: 378499 UTM-Y: 4298300 Depth: 17 Value: 70.9 Station: CB4.1C
 --- UTM-X: 378499 UTM-Y: 4298300 Depth: 17.5 Value: 70.8 Station: CB4.1C
 --- UTM-X: 378499 UTM-Y: 4298300 Depth: 18 Value: 70.8 Station: CB4.1C
 --- UTM-X: 378499 UTM-Y: 4298300 Depth: 18.5 Value: 70.7 Station: CB4.1C
 --- UTM-X: 378499 UTM-Y: 4298300 Depth: 19 Value: 70.7 Station: CB4.1C
 --- UTM-X: 378499 UTM-Y: 4298300 Depth: 19.5 Value: 70.7 Station: CB4.1C
 --- UTM-X: 378499 UTM-Y: 4298300 Depth: 20 Value: 70.7 Station: CB4.1C
 --- UTM-X: 378499 UTM-Y: 4298300 Depth: 20.5 Value: 70.7 Station: CB4.1C
 --- UTM-X: 378499 UTM-Y: 4298300 Depth: 21 Value: 70.7 Station: CB4.1C
 --- UTM-X: 378499 UTM-Y: 4298300 Depth: 21.5 Value: 70.7 Station: CB4.1C
 --- UTM-X: 378499 UTM-Y: 4298300 Depth: 22 Value: 70.7 Station: CB4.1C
 --- UTM-X: 378499 UTM-Y: 4298300 Depth: 22.5 Value: 70.7 Station: CB4.1C
 --- UTM-X: 378499 UTM-Y: 4298300 Depth: 23 Value: 70.7 Station: CB4.1C
 --- UTM-X: 378499 UTM-Y: 4298300 Depth: 23.5 Value: 70.7 Station: CB4.1C
 --- UTM-X: 378499 UTM-Y: 4298300 Depth: 24 Value: 70.7 Station: CB4.1C
 --- UTM-X: 378499 UTM-Y: 4298300 Depth: 24.5 Value: 70.7 Station: CB4.1C
 --- UTM-X: 378499 UTM-Y: 4298300 Depth: 25 Value: 70.7 Station: CB4.1C
 --- UTM-X: 378499 UTM-Y: 4298300 Depth: 25.5 Value: 70.7 Station: CB4.1C
 --- UTM-X: 378499 UTM-Y: 4298300 Depth: 26 Value: 70.7 Station: CB4.1C
 --- UTM-X: 378499 UTM-Y: 4298300 Depth: 26.5 Value: 70.7 Station: CB4.1C
 --- UTM-X: 378499 UTM-Y: 4298300 Depth: 27 Value: 70.7 Station: CB4.1C
 --- UTM-X: 378499 UTM-Y: 4298300 Depth: 27.5 Value: 70.7 Station: CB4.1C
 --- UTM-X: 378499 UTM-Y: 4298300 Depth: 28 Value: 70.7 Station: CB4.1C
 --- UTM-X: 378499 UTM-Y: 4298300 Depth: 28.5 Value: 70.7 Station: CB4.1C
 --- UTM-X: 378499 UTM-Y: 4298300 Depth: 29 Value: 70.7 Station: CB4.1C
 --- UTM-X: 380969 UTM-Y: 4297307 Depth: 0 Value: 83.1 Station: CB4.1E
 --- UTM-X: 380969 UTM-Y: 4297307 Depth: 0.5 Value: 83.1 Station: CB4.1E
 --- UTM-X: 380969 UTM-Y: 4297307 Depth: 1 Value: 83.1 Station: CB4.1E
 --- UTM-X: 380969 UTM-Y: 4297307 Depth: 1.5 Value: 83.1 Station: CB4.1E
 --- UTM-X: 380969 UTM-Y: 4297307 Depth: 2 Value: 83.1 Station: CB4.1E
 --- UTM-X: 380969 UTM-Y: 4297307 Depth: 2.5 Value: 83.1 Station: CB4.1E
 --- UTM-X: 380969 UTM-Y: 4297307 Depth: 3 Value: 83.1 Station: CB4.1E
 --- UTM-X: 380969 UTM-Y: 4297307 Depth: 3.5 Value: 82.8 Station: CB4.1E
 --- UTM-X: 380969 UTM-Y: 4297307 Depth: 4 Value: 82.4 Station: CB4.1E
 --- UTM-X: 380969 UTM-Y: 4297307 Depth: 4.5 Value: 82.3 Station: CB4.1E
 --- UTM-X: 380969 UTM-Y: 4297307 Depth: 5 Value: 82.2 Station: CB4.1E
 --- UTM-X: 380969 UTM-Y: 4297307 Depth: 5.5 Value: 82.2 Station: CB4.1E
 --- UTM-X: 380969 UTM-Y: 4297307 Depth: 6 Value: 82.2 Station: CB4.1E
 --- UTM-X: 380969 UTM-Y: 4297307 Depth: 6.5 Value: 81.9 Station: CB4.1E
 --- UTM-X: 380969 UTM-Y: 4297307 Depth: 7 Value: 81.5 Station: CB4.1E
 --- UTM-X: 380969 UTM-Y: 4297307 Depth: 7.5 Value: 80.6 Station: CB4.1E
 --- UTM-X: 380969 UTM-Y: 4297307 Depth: 8 Value: 79.7 Station: CB4.1E
 --- UTM-X: 380969 UTM-Y: 4297307 Depth: 8.5 Value: 79.7 Station: CB4.1E
 --- UTM-X: 380969 UTM-Y: 4297307 Depth: 9 Value: 79.7 Station: CB4.1E
 --- UTM-X: 380969 UTM-Y: 4297307 Depth: 9.5 Value: 78.9 Station: CB4.1E
 --- UTM-X: 380969 UTM-Y: 4297307 Depth: 10 Value: 78.1 Station: CB4.1E
 --- UTM-X: 380969 UTM-Y: 4297307 Depth: 10.5 Value: 77.3 Station: CB4.1E
 --- UTM-X: 380969 UTM-Y: 4297307 Depth: 11 Value: 76.5 Station: CB4.1E
 --- UTM-X: 380969 UTM-Y: 4297307 Depth: 11.5 Value: 76 Station: CB4.1E
 --- UTM-X: 380969 UTM-Y: 4297307 Depth: 12 Value: 75.6 Station: CB4.1E
 --- UTM-X: 380969 UTM-Y: 4297307 Depth: 12.5 Value: 75.1 Station: CB4.1E
 --- UTM-X: 380969 UTM-Y: 4297307 Depth: 13 Value: 74.7 Station: CB4.1E
 --- UTM-X: 380969 UTM-Y: 4297307 Depth: 13.5 Value: 74.4 Station: CB4.1E
 --- UTM-X: 380969 UTM-Y: 4297307 Depth: 14 Value: 74.1 Station: CB4.1E
 --- UTM-X: 380969 UTM-Y: 4297307 Depth: 14.5 Value: 73.6 Station: CB4.1E
 --- UTM-X: 380969 UTM-Y: 4297307 Depth: 15 Value: 73 Station: CB4.1E
 --- UTM-X: 380969 UTM-Y: 4297307 Depth: 15.5 Value: 73 Station: CB4.1E
 --- UTM-X: 380969 UTM-Y: 4297307 Depth: 16 Value: 73 Station: CB4.1E
 --- UTM-X: 380969 UTM-Y: 4297307 Depth: 16.5 Value: 72.9 Station: CB4.1E
 --- UTM-X: 380969 UTM-Y: 4297307 Depth: 17 Value: 72.7 Station: CB4.1E
 --- UTM-X: 380969 UTM-Y: 4297307 Depth: 17.5 Value: 72.5 Station: CB4.1E
 --- UTM-X: 380969 UTM-Y: 4297307 Depth: 18 Value: 72.2 Station: CB4.1E
 --- UTM-X: 380969 UTM-Y: 4297307 Depth: 18.5 Value: 72 Station: CB4.1E
 --- UTM-X: 380969 UTM-Y: 4297307 Depth: 19 Value: 71.8 Station: CB4.1E
 --- UTM-X: 380969 UTM-Y: 4297307 Depth: 19.5 Value: 71.7 Station: CB4.1E
 --- UTM-X: 380969 UTM-Y: 4297307 Depth: 20 Value: 71.7 Station: CB4.1E
 --- UTM-X: 380969 UTM-Y: 4297307 Depth: 20.5 Value: 71.6 Station: CB4.1E
 --- UTM-X: 380969 UTM-Y: 4297307 Depth: 21 Value: 71.6 Station: CB4.1E
 --- UTM-X: 380969 UTM-Y: 4297307 Depth: 21.5 Value: 71.6 Station: CB4.1E
 --- UTM-X: 380969 UTM-Y: 4297307 Depth: 22 Value: 71.6 Station: CB4.1E
 --- UTM-X: 373004 UTM-Y: 4297091 Depth: 0 Value: 85.3 Station: CB4.1W
 --- UTM-X: 373004 UTM-Y: 4297091 Depth: 0.5 Value: 85.2 Station: CB4.1W
 --- UTM-X: 373004 UTM-Y: 4297091 Depth: 1 Value: 85.1 Station: CB4.1W
 --- UTM-X: 373004 UTM-Y: 4297091 Depth: 1.5 Value: 84.4 Station: CB4.1W
 --- UTM-X: 373004 UTM-Y: 4297091 Depth: 2 Value: 83.7 Station: CB4.1W
 --- UTM-X: 373004 UTM-Y: 4297091 Depth: 2.5 Value: 82.9 Station: CB4.1W
 --- UTM-X: 373004 UTM-Y: 4297091 Depth: 3 Value: 82.2 Station: CB4.1W
 --- UTM-X: 373004 UTM-Y: 4297091 Depth: 3.5 Value: 82.2 Station: CB4.1W
 --- UTM-X: 373004 UTM-Y: 4297091 Depth: 4 Value: 82.2 Station: CB4.1W
 --- UTM-X: 373004 UTM-Y: 4297091 Depth: 4.5 Value: 82.1 Station: CB4.1W
 --- UTM-X: 373004 UTM-Y: 4297091 Depth: 5 Value: 82 Station: CB4.1W
 --- UTM-X: 373004 UTM-Y: 4297091 Depth: 5.5 Value: 82 Station: CB4.1W
 --- UTM-X: 373004 UTM-Y: 4297091 Depth: 6 Value: 82 Station: CB4.1W
 --- UTM-X: 373004 UTM-Y: 4297091 Depth: 6.5 Value: 82 Station: CB4.1W
 --- UTM-X: 373004 UTM-Y: 4297091 Depth: 7 Value: 81.9 Station: CB4.1W
 --- UTM-X: 366971 UTM-Y: 4301260 Depth: 0 Value: 86.5 Station: WT8.3
 --- UTM-X: 366971 UTM-Y: 4301260 Depth: 0.5 Value: 86.4 Station: WT8.3
 --- UTM-X: 366971 UTM-Y: 4301260 Depth: 1 Value: 86.2 Station: WT8.3
 --- UTM-X: 366971 UTM-Y: 4301260 Depth: 1.5 Value: 86 Station: WT8.3
 --- UTM-X: 366971 UTM-Y: 4301260 Depth: 2 Value: 85.8 Station: WT8.3
 --- UTM-X: 366971 UTM-Y: 4301260 Depth: 2.5 Value: 85.5 Station: WT8.3
 --- UTM-X: 366971 UTM-Y: 4301260 Depth: 3 Value: 85.1 Station: WT8.3
 --- 326 cells were interpolated in region WSTMH.  Subtotal: 142342 total cells.
 ---- Region was calculated in 0 seconds. Segment volume (m^3) = 20375000
 
 - Bathymetry Region ID: 1046  Region Name: PAXTF  Data Points: 34 in data region 1046
 -- Cell Size  E-W: 50  N-S: 50  Vertical: 1
 --- Data in Region ---
 --- UTM-X: 351339 UTM-Y: 4297128 Depth: 0 Value: 84.6 Station: TF1.3
 --- UTM-X: 351454 UTM-Y: 4292963 Depth: 0 Value: 84.4 Station: TF1.4
 --- UTM-X: 352073 UTM-Y: 4285982 Depth: 0 Value: 85.1 Station: TF1.5
 --- UTM-X: 352073 UTM-Y: 4285982 Depth: 0.5 Value: 85 Station: TF1.5
 --- UTM-X: 352073 UTM-Y: 4285982 Depth: 1 Value: 84.9 Station: TF1.5
 --- UTM-X: 352073 UTM-Y: 4285982 Depth: 1.5 Value: 84.9 Station: TF1.5
 --- UTM-X: 352073 UTM-Y: 4285982 Depth: 2 Value: 84.9 Station: TF1.5
 --- UTM-X: 352073 UTM-Y: 4285982 Depth: 2.5 Value: 84.9 Station: TF1.5
 --- UTM-X: 352073 UTM-Y: 4285982 Depth: 3 Value: 84.9 Station: TF1.5
 --- UTM-X: 352073 UTM-Y: 4285982 Depth: 3.5 Value: 84.9 Station: TF1.5
 --- UTM-X: 352073 UTM-Y: 4285982 Depth: 4 Value: 84.9 Station: TF1.5
 --- UTM-X: 352073 UTM-Y: 4285982 Depth: 4.5 Value: 84.8 Station: TF1.5
 --- UTM-X: 352073 UTM-Y: 4285982 Depth: 5 Value: 84.8 Station: TF1.5
 --- UTM-X: 352073 UTM-Y: 4285982 Depth: 5.5 Value: 84.8 Station: TF1.5
 --- UTM-X: 352073 UTM-Y: 4285982 Depth: 6 Value: 84.7 Station: TF1.5
 --- UTM-X: 352073 UTM-Y: 4285982 Depth: 6.5 Value: 84.7 Station: TF1.5
 --- UTM-X: 352073 UTM-Y: 4285982 Depth: 7 Value: 84.7 Station: TF1.5
 --- UTM-X: 352073 UTM-Y: 4285982 Depth: 7.5 Value: 84.7 Station: TF1.5
 --- UTM-X: 352073 UTM-Y: 4285982 Depth: 8 Value: 84.7 Station: TF1.5
 --- UTM-X: 352073 UTM-Y: 4285982 Depth: 8.5 Value: 84.7 Station: TF1.5
 --- UTM-X: 352073 UTM-Y: 4285982 Depth: 9 Value: 84.7 Station: TF1.5
 --- UTM-X: 353440 UTM-Y: 4280160 Depth: 0 Value: 85.5 Station: TF1.6
 --- UTM-X: 353440 UTM-Y: 4280160 Depth: 0.5 Value: 85.5 Station: TF1.6
 --- UTM-X: 353440 UTM-Y: 4280160 Depth: 1 Value: 85.5 Station: TF1.6
 --- UTM-X: 353440 UTM-Y: 4280160 Depth: 1.5 Value: 85.5 Station: TF1.6
 --- UTM-X: 353440 UTM-Y: 4280160 Depth: 2 Value: 85.5 Station: TF1.6
 --- UTM-X: 353440 UTM-Y: 4280160 Depth: 2.5 Value: 85.5 Station: TF1.6
 --- UTM-X: 353440 UTM-Y: 4280160 Depth: 3 Value: 85.5 Station: TF1.6
 --- UTM-X: 353648 UTM-Y: 4271707 Depth: 0 Value: 84.4 Station: TF1.7
 --- UTM-X: 353648 UTM-Y: 4271707 Depth: 0.5 Value: 84.7 Station: TF1.7
 --- UTM-X: 353648 UTM-Y: 4271707 Depth: 1 Value: 85.1 Station: TF1.7
 --- UTM-X: 353648 UTM-Y: 4271707 Depth: 1.5 Value: 85.3 Station: TF1.7
 --- UTM-X: 353648 UTM-Y: 4271707 Depth: 2 Value: 85.5 Station: TF1.7
 --- UTM-X: 351142 UTM-Y: 4294357 Depth: 0 Value: 83.1 Station: WXT0001
 --- 4410 cells were interpolated in region PAXTF.  Subtotal: 146752 total cells.
 ---- Region was calculated in 0 seconds. Segment volume (m^3) = 11025000
 
 - Bathymetry Region ID: 1047  Region Name: PAXOH  Data Points: 78 in data region 1047
 -- Cell Size  E-W: 100  N-S: 100  Vertical: 1
 --- Data in Region ---
 --- UTM-X: 360193 UTM-Y: 4254200 Depth: 0 Value: 84.4 Station: LE1.1
 --- UTM-X: 360193 UTM-Y: 4254200 Depth: 0.5 Value: 84.4 Station: LE1.1
 --- UTM-X: 360193 UTM-Y: 4254200 Depth: 1 Value: 84.4 Station: LE1.1
 --- UTM-X: 360193 UTM-Y: 4254200 Depth: 1.5 Value: 84.3 Station: LE1.1
 --- UTM-X: 360193 UTM-Y: 4254200 Depth: 2 Value: 84.2 Station: LE1.1
 --- UTM-X: 360193 UTM-Y: 4254200 Depth: 2.5 Value: 83.9 Station: LE1.1
 --- UTM-X: 360193 UTM-Y: 4254200 Depth: 3 Value: 83.7 Station: LE1.1
 --- UTM-X: 360193 UTM-Y: 4254200 Depth: 3.5 Value: 83.4 Station: LE1.1
 --- UTM-X: 360193 UTM-Y: 4254200 Depth: 4 Value: 83.2 Station: LE1.1
 --- UTM-X: 360193 UTM-Y: 4254200 Depth: 4.5 Value: 82.9 Station: LE1.1
 --- UTM-X: 360193 UTM-Y: 4254200 Depth: 5 Value: 82.7 Station: LE1.1
 --- UTM-X: 360193 UTM-Y: 4254200 Depth: 5.5 Value: 82.5 Station: LE1.1
 --- UTM-X: 360193 UTM-Y: 4254200 Depth: 6 Value: 82.2 Station: LE1.1
 --- UTM-X: 360193 UTM-Y: 4254200 Depth: 6.5 Value: 82 Station: LE1.1
 --- UTM-X: 360193 UTM-Y: 4254200 Depth: 7 Value: 81.7 Station: LE1.1
 --- UTM-X: 360193 UTM-Y: 4254200 Depth: 7.5 Value: 81.5 Station: LE1.1
 --- UTM-X: 360193 UTM-Y: 4254200 Depth: 8 Value: 81.3 Station: LE1.1
 --- UTM-X: 360193 UTM-Y: 4254200 Depth: 8.5 Value: 81 Station: LE1.1
 --- UTM-X: 360193 UTM-Y: 4254200 Depth: 9 Value: 80.8 Station: LE1.1
 --- UTM-X: 360193 UTM-Y: 4254200 Depth: 9.5 Value: 80.2 Station: LE1.1
 --- UTM-X: 360193 UTM-Y: 4254200 Depth: 10 Value: 79.7 Station: LE1.1
 --- UTM-X: 360193 UTM-Y: 4254200 Depth: 10.5 Value: 79.2 Station: LE1.1
 --- UTM-X: 360193 UTM-Y: 4254200 Depth: 11 Value: 78.6 Station: LE1.1
 --- UTM-X: 354868 UTM-Y: 4261571 Depth: 0 Value: 84.2 Station: RET1.1
 --- UTM-X: 354868 UTM-Y: 4261571 Depth: 0.5 Value: 84.3 Station: RET1.1
 --- UTM-X: 354868 UTM-Y: 4261571 Depth: 1 Value: 84.4 Station: RET1.1
 --- UTM-X: 354868 UTM-Y: 4261571 Depth: 1.5 Value: 84.4 Station: RET1.1
 --- UTM-X: 354868 UTM-Y: 4261571 Depth: 2 Value: 84.4 Station: RET1.1
 --- UTM-X: 354868 UTM-Y: 4261571 Depth: 2.5 Value: 84.4 Station: RET1.1
 --- UTM-X: 354868 UTM-Y: 4261571 Depth: 3 Value: 84.4 Station: RET1.1
 --- UTM-X: 354868 UTM-Y: 4261571 Depth: 3.5 Value: 84.1 Station: RET1.1
 --- UTM-X: 354868 UTM-Y: 4261571 Depth: 4 Value: 83.8 Station: RET1.1
 --- UTM-X: 354868 UTM-Y: 4261571 Depth: 4.5 Value: 83.6 Station: RET1.1
 --- UTM-X: 354868 UTM-Y: 4261571 Depth: 5 Value: 83.3 Station: RET1.1
 --- UTM-X: 354868 UTM-Y: 4261571 Depth: 5.5 Value: 83 Station: RET1.1
 --- UTM-X: 354868 UTM-Y: 4261571 Depth: 6 Value: 82.8 Station: RET1.1
 --- UTM-X: 354868 UTM-Y: 4261571 Depth: 6.5 Value: 82.7 Station: RET1.1
 --- UTM-X: 354868 UTM-Y: 4261571 Depth: 7 Value: 82.6 Station: RET1.1
 --- UTM-X: 354868 UTM-Y: 4261571 Depth: 7.5 Value: 82.6 Station: RET1.1
 --- UTM-X: 354868 UTM-Y: 4261571 Depth: 8 Value: 82.5 Station: RET1.1
 --- UTM-X: 354868 UTM-Y: 4261571 Depth: 8.5 Value: 82.5 Station: RET1.1
 --- UTM-X: 354868 UTM-Y: 4261571 Depth: 9 Value: 82.4 Station: RET1.1
 --- UTM-X: 354868 UTM-Y: 4261571 Depth: 9.5 Value: 82.4 Station: RET1.1
 --- UTM-X: 354868 UTM-Y: 4261571 Depth: 10 Value: 82.4 Station: RET1.1
 --- UTM-X: 354868 UTM-Y: 4261571 Depth: 10.5 Value: 82.4 Station: RET1.1
 --- UTM-X: 354868 UTM-Y: 4261571 Depth: 11 Value: 82.4 Station: RET1.1
 --- UTM-X: 351454 UTM-Y: 4292963 Depth: 0 Value: 84.4 Station: TF1.4
 --- UTM-X: 352073 UTM-Y: 4285982 Depth: 0 Value: 85.1 Station: TF1.5
 --- UTM-X: 352073 UTM-Y: 4285982 Depth: 0.5 Value: 85 Station: TF1.5
 --- UTM-X: 352073 UTM-Y: 4285982 Depth: 1 Value: 84.9 Station: TF1.5
 --- UTM-X: 352073 UTM-Y: 4285982 Depth: 1.5 Value: 84.9 Station: TF1.5
 --- UTM-X: 352073 UTM-Y: 4285982 Depth: 2 Value: 84.9 Station: TF1.5
 --- UTM-X: 352073 UTM-Y: 4285982 Depth: 2.5 Value: 84.9 Station: TF1.5
 --- UTM-X: 352073 UTM-Y: 4285982 Depth: 3 Value: 84.9 Station: TF1.5
 --- UTM-X: 352073 UTM-Y: 4285982 Depth: 3.5 Value: 84.9 Station: TF1.5
 --- UTM-X: 352073 UTM-Y: 4285982 Depth: 4 Value: 84.9 Station: TF1.5
 --- UTM-X: 352073 UTM-Y: 4285982 Depth: 4.5 Value: 84.8 Station: TF1.5
 --- UTM-X: 352073 UTM-Y: 4285982 Depth: 5 Value: 84.8 Station: TF1.5
 --- UTM-X: 352073 UTM-Y: 4285982 Depth: 5.5 Value: 84.8 Station: TF1.5
 --- UTM-X: 352073 UTM-Y: 4285982 Depth: 6 Value: 84.7 Station: TF1.5
 --- UTM-X: 352073 UTM-Y: 4285982 Depth: 6.5 Value: 84.7 Station: TF1.5
 --- UTM-X: 352073 UTM-Y: 4285982 Depth: 7 Value: 84.7 Station: TF1.5
 --- UTM-X: 352073 UTM-Y: 4285982 Depth: 7.5 Value: 84.7 Station: TF1.5
 --- UTM-X: 352073 UTM-Y: 4285982 Depth: 8 Value: 84.7 Station: TF1.5
 --- UTM-X: 352073 UTM-Y: 4285982 Depth: 8.5 Value: 84.7 Station: TF1.5
 --- UTM-X: 352073 UTM-Y: 4285982 Depth: 9 Value: 84.7 Station: TF1.5
 --- UTM-X: 353440 UTM-Y: 4280160 Depth: 0 Value: 85.5 Station: TF1.6
 --- UTM-X: 353440 UTM-Y: 4280160 Depth: 0.5 Value: 85.5 Station: TF1.6
 --- UTM-X: 353440 UTM-Y: 4280160 Depth: 1 Value: 85.5 Station: TF1.6
 --- UTM-X: 353440 UTM-Y: 4280160 Depth: 1.5 Value: 85.5 Station: TF1.6
 --- UTM-X: 353440 UTM-Y: 4280160 Depth: 2 Value: 85.5 Station: TF1.6
 --- UTM-X: 353440 UTM-Y: 4280160 Depth: 2.5 Value: 85.5 Station: TF1.6
 --- UTM-X: 353440 UTM-Y: 4280160 Depth: 3 Value: 85.5 Station: TF1.6
 --- UTM-X: 353648 UTM-Y: 4271707 Depth: 0 Value: 84.4 Station: TF1.7
 --- UTM-X: 353648 UTM-Y: 4271707 Depth: 0.5 Value: 84.7 Station: TF1.7
 --- UTM-X: 353648 UTM-Y: 4271707 Depth: 1 Value: 85.1 Station: TF1.7
 --- UTM-X: 353648 UTM-Y: 4271707 Depth: 1.5 Value: 85.3 Station: TF1.7
 --- UTM-X: 353648 UTM-Y: 4271707 Depth: 2 Value: 85.5 Station: TF1.7
 --- 2718 cells were interpolated in region PAXOH.  Subtotal: 149470 total cells.
 ---- Region was calculated in 0 seconds. Segment volume (m^3) = 27180000
 
 - Bathymetry Region ID: 1048  Region Name: PAXMH  Data Points: 268 in data region 1048
 -- Cell Size  E-W: 500  N-S: 500  Vertical: 1
 --- Data in Region ---
 --- UTM-X: 386968 UTM-Y: 4241940 Depth: 0 Value: 83.1 Station: CB5.1
 --- UTM-X: 386968 UTM-Y: 4241940 Depth: 0.5 Value: 83.1 Station: CB5.1
 --- UTM-X: 386968 UTM-Y: 4241940 Depth: 1 Value: 83.1 Station: CB5.1
 --- UTM-X: 386968 UTM-Y: 4241940 Depth: 1.5 Value: 83 Station: CB5.1
 --- UTM-X: 386968 UTM-Y: 4241940 Depth: 2 Value: 82.9 Station: CB5.1
 --- UTM-X: 386968 UTM-Y: 4241940 Depth: 2.5 Value: 82.8 Station: CB5.1
 --- UTM-X: 386968 UTM-Y: 4241940 Depth: 3 Value: 82.8 Station: CB5.1
 --- UTM-X: 386968 UTM-Y: 4241940 Depth: 3.5 Value: 82.7 Station: CB5.1
 --- UTM-X: 386968 UTM-Y: 4241940 Depth: 4 Value: 82.6 Station: CB5.1
 --- UTM-X: 386968 UTM-Y: 4241940 Depth: 4.5 Value: 82.5 Station: CB5.1
 --- UTM-X: 386968 UTM-Y: 4241940 Depth: 5 Value: 82.4 Station: CB5.1
 --- UTM-X: 386968 UTM-Y: 4241940 Depth: 5.5 Value: 82.3 Station: CB5.1
 --- UTM-X: 386968 UTM-Y: 4241940 Depth: 6 Value: 82.2 Station: CB5.1
 --- UTM-X: 386968 UTM-Y: 4241940 Depth: 6.5 Value: 82.1 Station: CB5.1
 --- UTM-X: 386968 UTM-Y: 4241940 Depth: 7 Value: 82 Station: CB5.1
 --- UTM-X: 386968 UTM-Y: 4241940 Depth: 7.5 Value: 82 Station: CB5.1
 --- UTM-X: 386968 UTM-Y: 4241940 Depth: 8 Value: 81.9 Station: CB5.1
 --- UTM-X: 386968 UTM-Y: 4241940 Depth: 8.5 Value: 80.6 Station: CB5.1
 --- UTM-X: 386968 UTM-Y: 4241940 Depth: 9 Value: 79.3 Station: CB5.1
 --- UTM-X: 386968 UTM-Y: 4241940 Depth: 9.5 Value: 77.4 Station: CB5.1
 --- UTM-X: 386968 UTM-Y: 4241940 Depth: 10 Value: 75.4 Station: CB5.1
 --- UTM-X: 386968 UTM-Y: 4241940 Depth: 10.5 Value: 74.6 Station: CB5.1
 --- UTM-X: 386968 UTM-Y: 4241940 Depth: 11 Value: 73.8 Station: CB5.1
 --- UTM-X: 386968 UTM-Y: 4241940 Depth: 11.5 Value: 73.7 Station: CB5.1
 --- UTM-X: 386968 UTM-Y: 4241940 Depth: 12 Value: 73.6 Station: CB5.1
 --- UTM-X: 386968 UTM-Y: 4241940 Depth: 12.5 Value: 73.7 Station: CB5.1
 --- UTM-X: 386968 UTM-Y: 4241940 Depth: 13 Value: 73.8 Station: CB5.1
 --- UTM-X: 386968 UTM-Y: 4241940 Depth: 13.5 Value: 73.8 Station: CB5.1
 --- UTM-X: 386968 UTM-Y: 4241940 Depth: 14 Value: 73.8 Station: CB5.1
 --- UTM-X: 386968 UTM-Y: 4241940 Depth: 14.5 Value: 73.7 Station: CB5.1
 --- UTM-X: 386968 UTM-Y: 4241940 Depth: 15 Value: 73.6 Station: CB5.1
 --- UTM-X: 386968 UTM-Y: 4241940 Depth: 15.5 Value: 73.5 Station: CB5.1
 --- UTM-X: 386968 UTM-Y: 4241940 Depth: 16 Value: 73.5 Station: CB5.1
 --- UTM-X: 386968 UTM-Y: 4241940 Depth: 16.5 Value: 73.4 Station: CB5.1
 --- UTM-X: 386968 UTM-Y: 4241940 Depth: 17 Value: 73.4 Station: CB5.1
 --- UTM-X: 386968 UTM-Y: 4241940 Depth: 17.5 Value: 73.4 Station: CB5.1
 --- UTM-X: 386968 UTM-Y: 4241940 Depth: 18 Value: 73.3 Station: CB5.1
 --- UTM-X: 386968 UTM-Y: 4241940 Depth: 18.5 Value: 73.3 Station: CB5.1
 --- UTM-X: 386968 UTM-Y: 4241940 Depth: 19 Value: 73.2 Station: CB5.1
 --- UTM-X: 386968 UTM-Y: 4241940 Depth: 19.5 Value: 73.3 Station: CB5.1
 --- UTM-X: 386968 UTM-Y: 4241940 Depth: 20 Value: 73.3 Station: CB5.1
 --- UTM-X: 386968 UTM-Y: 4241940 Depth: 20.5 Value: 73.4 Station: CB5.1
 --- UTM-X: 386968 UTM-Y: 4241940 Depth: 21 Value: 73.4 Station: CB5.1
 --- UTM-X: 386968 UTM-Y: 4241940 Depth: 21.5 Value: 73.4 Station: CB5.1
 --- UTM-X: 386968 UTM-Y: 4241940 Depth: 22 Value: 73.5 Station: CB5.1
 --- UTM-X: 386968 UTM-Y: 4241940 Depth: 22.5 Value: 73.5 Station: CB5.1
 --- UTM-X: 386968 UTM-Y: 4241940 Depth: 23 Value: 73.6 Station: CB5.1
 --- UTM-X: 386968 UTM-Y: 4241940 Depth: 23.5 Value: 73.6 Station: CB5.1
 --- UTM-X: 386968 UTM-Y: 4241940 Depth: 24 Value: 73.6 Station: CB5.1
 --- UTM-X: 386968 UTM-Y: 4241940 Depth: 24.5 Value: 73.6 Station: CB5.1
 --- UTM-X: 386968 UTM-Y: 4241940 Depth: 25 Value: 73.6 Station: CB5.1
 --- UTM-X: 386968 UTM-Y: 4241940 Depth: 25.5 Value: 73.5 Station: CB5.1
 --- UTM-X: 386968 UTM-Y: 4241940 Depth: 26 Value: 73.5 Station: CB5.1
 --- UTM-X: 386968 UTM-Y: 4241940 Depth: 26.5 Value: 73.4 Station: CB5.1
 --- UTM-X: 386968 UTM-Y: 4241940 Depth: 27 Value: 73.4 Station: CB5.1
 --- UTM-X: 386968 UTM-Y: 4241940 Depth: 27.5 Value: 73.4 Station: CB5.1
 --- UTM-X: 386968 UTM-Y: 4241940 Depth: 28 Value: 73.4 Station: CB5.1
 --- UTM-X: 386968 UTM-Y: 4241940 Depth: 28.5 Value: 73.4 Station: CB5.1
 --- UTM-X: 386968 UTM-Y: 4241940 Depth: 29 Value: 73.4 Station: CB5.1
 --- UTM-X: 386968 UTM-Y: 4241940 Depth: 29.5 Value: 73.4 Station: CB5.1
 --- UTM-X: 386968 UTM-Y: 4241940 Depth: 30 Value: 73.4 Station: CB5.1
 --- UTM-X: 386968 UTM-Y: 4241940 Depth: 30.5 Value: 73.4 Station: CB5.1
 --- UTM-X: 386968 UTM-Y: 4241940 Depth: 31 Value: 73.4 Station: CB5.1
 --- UTM-X: 386968 UTM-Y: 4241940 Depth: 31.5 Value: 73.4 Station: CB5.1
 --- UTM-X: 386968 UTM-Y: 4241940 Depth: 32 Value: 73.4 Station: CB5.1
 --- UTM-X: 379767 UTM-Y: 4242784 Depth: 0 Value: 81.3 Station: CB5.1W
 --- UTM-X: 379767 UTM-Y: 4242784 Depth: 0.5 Value: 81.3 Station: CB5.1W
 --- UTM-X: 379767 UTM-Y: 4242784 Depth: 1 Value: 81.3 Station: CB5.1W
 --- UTM-X: 379767 UTM-Y: 4242784 Depth: 1.5 Value: 81.2 Station: CB5.1W
 --- UTM-X: 379767 UTM-Y: 4242784 Depth: 2 Value: 81.1 Station: CB5.1W
 --- UTM-X: 379767 UTM-Y: 4242784 Depth: 2.5 Value: 80.7 Station: CB5.1W
 --- UTM-X: 379767 UTM-Y: 4242784 Depth: 3 Value: 80.2 Station: CB5.1W
 --- UTM-X: 379767 UTM-Y: 4242784 Depth: 3.5 Value: 79.7 Station: CB5.1W
 --- UTM-X: 379767 UTM-Y: 4242784 Depth: 4 Value: 79.2 Station: CB5.1W
 --- UTM-X: 379767 UTM-Y: 4242784 Depth: 4.5 Value: 78.6 Station: CB5.1W
 --- UTM-X: 379767 UTM-Y: 4242784 Depth: 5 Value: 78.1 Station: CB5.1W
 --- UTM-X: 379767 UTM-Y: 4242784 Depth: 5.5 Value: 77.5 Station: CB5.1W
 --- UTM-X: 379767 UTM-Y: 4242784 Depth: 6 Value: 77 Station: CB5.1W
 --- UTM-X: 379767 UTM-Y: 4242784 Depth: 6.5 Value: 76.5 Station: CB5.1W
 --- UTM-X: 379767 UTM-Y: 4242784 Depth: 7 Value: 75.9 Station: CB5.1W
 --- UTM-X: 379767 UTM-Y: 4242784 Depth: 7.5 Value: 75.4 Station: CB5.1W
 --- UTM-X: 379767 UTM-Y: 4242784 Depth: 8 Value: 74.8 Station: CB5.1W
 --- UTM-X: 360193 UTM-Y: 4254200 Depth: 0 Value: 84.4 Station: LE1.1
 --- UTM-X: 360193 UTM-Y: 4254200 Depth: 0.5 Value: 84.4 Station: LE1.1
 --- UTM-X: 360193 UTM-Y: 4254200 Depth: 1 Value: 84.4 Station: LE1.1
 --- UTM-X: 360193 UTM-Y: 4254200 Depth: 1.5 Value: 84.3 Station: LE1.1
 --- UTM-X: 360193 UTM-Y: 4254200 Depth: 2 Value: 84.2 Station: LE1.1
 --- UTM-X: 360193 UTM-Y: 4254200 Depth: 2.5 Value: 83.9 Station: LE1.1
 --- UTM-X: 360193 UTM-Y: 4254200 Depth: 3 Value: 83.7 Station: LE1.1
 --- UTM-X: 360193 UTM-Y: 4254200 Depth: 3.5 Value: 83.4 Station: LE1.1
 --- UTM-X: 360193 UTM-Y: 4254200 Depth: 4 Value: 83.2 Station: LE1.1
 --- UTM-X: 360193 UTM-Y: 4254200 Depth: 4.5 Value: 82.9 Station: LE1.1
 --- UTM-X: 360193 UTM-Y: 4254200 Depth: 5 Value: 82.7 Station: LE1.1
 --- UTM-X: 360193 UTM-Y: 4254200 Depth: 5.5 Value: 82.5 Station: LE1.1
 --- UTM-X: 360193 UTM-Y: 4254200 Depth: 6 Value: 82.2 Station: LE1.1
 --- UTM-X: 360193 UTM-Y: 4254200 Depth: 6.5 Value: 82 Station: LE1.1
 --- UTM-X: 360193 UTM-Y: 4254200 Depth: 7 Value: 81.7 Station: LE1.1
 --- UTM-X: 360193 UTM-Y: 4254200 Depth: 7.5 Value: 81.5 Station: LE1.1
 --- UTM-X: 360193 UTM-Y: 4254200 Depth: 8 Value: 81.3 Station: LE1.1
 --- UTM-X: 360193 UTM-Y: 4254200 Depth: 8.5 Value: 81 Station: LE1.1
 --- UTM-X: 360193 UTM-Y: 4254200 Depth: 9 Value: 80.8 Station: LE1.1
 --- UTM-X: 360193 UTM-Y: 4254200 Depth: 9.5 Value: 80.2 Station: LE1.1
 --- UTM-X: 360193 UTM-Y: 4254200 Depth: 10 Value: 79.7 Station: LE1.1
 --- UTM-X: 360193 UTM-Y: 4254200 Depth: 10.5 Value: 79.2 Station: LE1.1
 --- UTM-X: 360193 UTM-Y: 4254200 Depth: 11 Value: 78.6 Station: LE1.1
 --- UTM-X: 368014 UTM-Y: 4248919 Depth: 0 Value: 85.1 Station: LE1.2
 --- UTM-X: 368014 UTM-Y: 4248919 Depth: 0.5 Value: 85 Station: LE1.2
 --- UTM-X: 368014 UTM-Y: 4248919 Depth: 1 Value: 84.9 Station: LE1.2
 --- UTM-X: 368014 UTM-Y: 4248919 Depth: 1.5 Value: 84.9 Station: LE1.2
 --- UTM-X: 368014 UTM-Y: 4248919 Depth: 2 Value: 84.9 Station: LE1.2
 --- UTM-X: 368014 UTM-Y: 4248919 Depth: 2.5 Value: 84.8 Station: LE1.2
 --- UTM-X: 368014 UTM-Y: 4248919 Depth: 3 Value: 84.7 Station: LE1.2
 --- UTM-X: 368014 UTM-Y: 4248919 Depth: 3.5 Value: 84.3 Station: LE1.2
 --- UTM-X: 368014 UTM-Y: 4248919 Depth: 4 Value: 83.8 Station: LE1.2
 --- UTM-X: 368014 UTM-Y: 4248919 Depth: 4.5 Value: 83.4 Station: LE1.2
 --- UTM-X: 368014 UTM-Y: 4248919 Depth: 5 Value: 82.9 Station: LE1.2
 --- UTM-X: 368014 UTM-Y: 4248919 Depth: 5.5 Value: 82.5 Station: LE1.2
 --- UTM-X: 368014 UTM-Y: 4248919 Depth: 6 Value: 82 Station: LE1.2
 --- UTM-X: 368014 UTM-Y: 4248919 Depth: 6.5 Value: 82 Station: LE1.2
 --- UTM-X: 368014 UTM-Y: 4248919 Depth: 7 Value: 82 Station: LE1.2
 --- UTM-X: 368014 UTM-Y: 4248919 Depth: 7.5 Value: 82 Station: LE1.2
 --- UTM-X: 368014 UTM-Y: 4248919 Depth: 8 Value: 81.9 Station: LE1.2
 --- UTM-X: 368014 UTM-Y: 4248919 Depth: 8.5 Value: 81.9 Station: LE1.2
 --- UTM-X: 368014 UTM-Y: 4248919 Depth: 9 Value: 81.9 Station: LE1.2
 --- UTM-X: 368014 UTM-Y: 4248919 Depth: 9.5 Value: 81.5 Station: LE1.2
 --- UTM-X: 368014 UTM-Y: 4248919 Depth: 10 Value: 81.1 Station: LE1.2
 --- UTM-X: 368014 UTM-Y: 4248919 Depth: 10.5 Value: 80.8 Station: LE1.2
 --- UTM-X: 368014 UTM-Y: 4248919 Depth: 11 Value: 80.4 Station: LE1.2
 --- UTM-X: 368014 UTM-Y: 4248919 Depth: 11.5 Value: 80.1 Station: LE1.2
 --- UTM-X: 368014 UTM-Y: 4248919 Depth: 12 Value: 79.7 Station: LE1.2
 --- UTM-X: 368014 UTM-Y: 4248919 Depth: 12.5 Value: 79.5 Station: LE1.2
 --- UTM-X: 368014 UTM-Y: 4248919 Depth: 13 Value: 79.2 Station: LE1.2
 --- UTM-X: 368014 UTM-Y: 4248919 Depth: 13.5 Value: 79 Station: LE1.2
 --- UTM-X: 368014 UTM-Y: 4248919 Depth: 14 Value: 78.7 Station: LE1.2
 --- UTM-X: 368014 UTM-Y: 4248919 Depth: 14.5 Value: 78.5 Station: LE1.2
 --- UTM-X: 368014 UTM-Y: 4248919 Depth: 15 Value: 78.3 Station: LE1.2
 --- UTM-X: 368014 UTM-Y: 4248919 Depth: 15.5 Value: 78.2 Station: LE1.2
 --- UTM-X: 368014 UTM-Y: 4248919 Depth: 16 Value: 78.1 Station: LE1.2
 --- UTM-X: 369960 UTM-Y: 4244663 Depth: 0 Value: 83.1 Station: LE1.3
 --- UTM-X: 369960 UTM-Y: 4244663 Depth: 0.5 Value: 83.1 Station: LE1.3
 --- UTM-X: 369960 UTM-Y: 4244663 Depth: 1 Value: 83.1 Station: LE1.3
 --- UTM-X: 369960 UTM-Y: 4244663 Depth: 1.5 Value: 83.1 Station: LE1.3
 --- UTM-X: 369960 UTM-Y: 4244663 Depth: 2 Value: 83.1 Station: LE1.3
 --- UTM-X: 369960 UTM-Y: 4244663 Depth: 2.5 Value: 83 Station: LE1.3
 --- UTM-X: 369960 UTM-Y: 4244663 Depth: 3 Value: 82.9 Station: LE1.3
 --- UTM-X: 369960 UTM-Y: 4244663 Depth: 3.5 Value: 82.8 Station: LE1.3
 --- UTM-X: 369960 UTM-Y: 4244663 Depth: 4 Value: 82.8 Station: LE1.3
 --- UTM-X: 369960 UTM-Y: 4244663 Depth: 4.5 Value: 82.7 Station: LE1.3
 --- UTM-X: 369960 UTM-Y: 4244663 Depth: 5 Value: 82.6 Station: LE1.3
 --- UTM-X: 369960 UTM-Y: 4244663 Depth: 5.5 Value: 82.5 Station: LE1.3
 --- UTM-X: 369960 UTM-Y: 4244663 Depth: 6 Value: 82.4 Station: LE1.3
 --- UTM-X: 369960 UTM-Y: 4244663 Depth: 6.5 Value: 82.2 Station: LE1.3
 --- UTM-X: 369960 UTM-Y: 4244663 Depth: 7 Value: 81.9 Station: LE1.3
 --- UTM-X: 369960 UTM-Y: 4244663 Depth: 7.5 Value: 81.7 Station: LE1.3
 --- UTM-X: 369960 UTM-Y: 4244663 Depth: 8 Value: 81.4 Station: LE1.3
 --- UTM-X: 369960 UTM-Y: 4244663 Depth: 8.5 Value: 81.2 Station: LE1.3
 --- UTM-X: 369960 UTM-Y: 4244663 Depth: 9 Value: 81 Station: LE1.3
 --- UTM-X: 369960 UTM-Y: 4244663 Depth: 9.5 Value: 80.8 Station: LE1.3
 --- UTM-X: 369960 UTM-Y: 4244663 Depth: 10 Value: 80.7 Station: LE1.3
 --- UTM-X: 369960 UTM-Y: 4244663 Depth: 10.5 Value: 80.5 Station: LE1.3
 --- UTM-X: 369960 UTM-Y: 4244663 Depth: 11 Value: 80.4 Station: LE1.3
 --- UTM-X: 369960 UTM-Y: 4244663 Depth: 11.5 Value: 80.2 Station: LE1.3
 --- UTM-X: 369960 UTM-Y: 4244663 Depth: 12 Value: 80.1 Station: LE1.3
 --- UTM-X: 369960 UTM-Y: 4244663 Depth: 12.5 Value: 79.8 Station: LE1.3
 --- UTM-X: 369960 UTM-Y: 4244663 Depth: 13 Value: 79.5 Station: LE1.3
 --- UTM-X: 369960 UTM-Y: 4244663 Depth: 13.5 Value: 79.2 Station: LE1.3
 --- UTM-X: 369960 UTM-Y: 4244663 Depth: 14 Value: 79 Station: LE1.3
 --- UTM-X: 369960 UTM-Y: 4244663 Depth: 14.5 Value: 78.7 Station: LE1.3
 --- UTM-X: 369960 UTM-Y: 4244663 Depth: 15 Value: 78.4 Station: LE1.3
 --- UTM-X: 369960 UTM-Y: 4244663 Depth: 15.5 Value: 78.3 Station: LE1.3
 --- UTM-X: 369960 UTM-Y: 4244663 Depth: 16 Value: 78.2 Station: LE1.3
 --- UTM-X: 369960 UTM-Y: 4244663 Depth: 16.5 Value: 78.1 Station: LE1.3
 --- UTM-X: 369960 UTM-Y: 4244663 Depth: 17 Value: 78 Station: LE1.3
 --- UTM-X: 369960 UTM-Y: 4244663 Depth: 17.5 Value: 77.8 Station: LE1.3
 --- UTM-X: 369960 UTM-Y: 4244663 Depth: 18 Value: 77.7 Station: LE1.3
 --- UTM-X: 369960 UTM-Y: 4244663 Depth: 18.5 Value: 77.7 Station: LE1.3
 --- UTM-X: 369960 UTM-Y: 4244663 Depth: 19 Value: 77.6 Station: LE1.3
 --- UTM-X: 369960 UTM-Y: 4244663 Depth: 19.5 Value: 77.5 Station: LE1.3
 --- UTM-X: 369960 UTM-Y: 4244663 Depth: 20 Value: 77.5 Station: LE1.3
 --- UTM-X: 369960 UTM-Y: 4244663 Depth: 20.5 Value: 77.4 Station: LE1.3
 --- UTM-X: 369960 UTM-Y: 4244663 Depth: 21 Value: 77.4 Station: LE1.3
 --- UTM-X: 369960 UTM-Y: 4244663 Depth: 21.5 Value: 77.3 Station: LE1.3
 --- UTM-X: 369960 UTM-Y: 4244663 Depth: 22 Value: 77.2 Station: LE1.3
 --- UTM-X: 369960 UTM-Y: 4244663 Depth: 22.5 Value: 77.1 Station: LE1.3
 --- UTM-X: 369960 UTM-Y: 4244663 Depth: 23 Value: 77 Station: LE1.3
 --- UTM-X: 375738 UTM-Y: 4241396 Depth: 0 Value: 82.9 Station: LE1.4
 --- UTM-X: 375738 UTM-Y: 4241396 Depth: 0.5 Value: 82.9 Station: LE1.4
 --- UTM-X: 375738 UTM-Y: 4241396 Depth: 1 Value: 82.9 Station: LE1.4
 --- UTM-X: 375738 UTM-Y: 4241396 Depth: 1.5 Value: 82.9 Station: LE1.4
 --- UTM-X: 375738 UTM-Y: 4241396 Depth: 2 Value: 82.9 Station: LE1.4
 --- UTM-X: 375738 UTM-Y: 4241396 Depth: 2.5 Value: 82.9 Station: LE1.4
 --- UTM-X: 375738 UTM-Y: 4241396 Depth: 3 Value: 82.9 Station: LE1.4
 --- UTM-X: 375738 UTM-Y: 4241396 Depth: 3.5 Value: 82.9 Station: LE1.4
 --- UTM-X: 375738 UTM-Y: 4241396 Depth: 4 Value: 82.9 Station: LE1.4
 --- UTM-X: 375738 UTM-Y: 4241396 Depth: 4.5 Value: 82.8 Station: LE1.4
 --- UTM-X: 375738 UTM-Y: 4241396 Depth: 5 Value: 82.8 Station: LE1.4
 --- UTM-X: 375738 UTM-Y: 4241396 Depth: 5.5 Value: 82.8 Station: LE1.4
 --- UTM-X: 375738 UTM-Y: 4241396 Depth: 6 Value: 82.8 Station: LE1.4
 --- UTM-X: 375738 UTM-Y: 4241396 Depth: 6.5 Value: 81.9 Station: LE1.4
 --- UTM-X: 375738 UTM-Y: 4241396 Depth: 7 Value: 81.1 Station: LE1.4
 --- UTM-X: 375738 UTM-Y: 4241396 Depth: 7.5 Value: 80.2 Station: LE1.4
 --- UTM-X: 375738 UTM-Y: 4241396 Depth: 8 Value: 79.4 Station: LE1.4
 --- UTM-X: 375738 UTM-Y: 4241396 Depth: 8.5 Value: 78.6 Station: LE1.4
 --- UTM-X: 375738 UTM-Y: 4241396 Depth: 9 Value: 77.7 Station: LE1.4
 --- UTM-X: 375738 UTM-Y: 4241396 Depth: 9.5 Value: 77.2 Station: LE1.4
 --- UTM-X: 375738 UTM-Y: 4241396 Depth: 10 Value: 76.7 Station: LE1.4
 --- UTM-X: 375738 UTM-Y: 4241396 Depth: 10.5 Value: 76.2 Station: LE1.4
 --- UTM-X: 375738 UTM-Y: 4241396 Depth: 11 Value: 75.7 Station: LE1.4
 --- UTM-X: 375738 UTM-Y: 4241396 Depth: 11.5 Value: 75.2 Station: LE1.4
 --- UTM-X: 375738 UTM-Y: 4241396 Depth: 12 Value: 74.7 Station: LE1.4
 --- UTM-X: 375738 UTM-Y: 4241396 Depth: 12.5 Value: 74.2 Station: LE1.4
 --- UTM-X: 375738 UTM-Y: 4241396 Depth: 13 Value: 73.7 Station: LE1.4
 --- UTM-X: 375738 UTM-Y: 4241396 Depth: 13.5 Value: 73.2 Station: LE1.4
 --- UTM-X: 375738 UTM-Y: 4241396 Depth: 14 Value: 72.7 Station: LE1.4
 --- UTM-X: 354868 UTM-Y: 4261571 Depth: 0 Value: 84.2 Station: RET1.1
 --- UTM-X: 354868 UTM-Y: 4261571 Depth: 0.5 Value: 84.3 Station: RET1.1
 --- UTM-X: 354868 UTM-Y: 4261571 Depth: 1 Value: 84.4 Station: RET1.1
 --- UTM-X: 354868 UTM-Y: 4261571 Depth: 1.5 Value: 84.4 Station: RET1.1
 --- UTM-X: 354868 UTM-Y: 4261571 Depth: 2 Value: 84.4 Station: RET1.1
 --- UTM-X: 354868 UTM-Y: 4261571 Depth: 2.5 Value: 84.4 Station: RET1.1
 --- UTM-X: 354868 UTM-Y: 4261571 Depth: 3 Value: 84.4 Station: RET1.1
 --- UTM-X: 354868 UTM-Y: 4261571 Depth: 3.5 Value: 84.1 Station: RET1.1
 --- UTM-X: 354868 UTM-Y: 4261571 Depth: 4 Value: 83.8 Station: RET1.1
 --- UTM-X: 354868 UTM-Y: 4261571 Depth: 4.5 Value: 83.6 Station: RET1.1
 --- UTM-X: 354868 UTM-Y: 4261571 Depth: 5 Value: 83.3 Station: RET1.1
 --- UTM-X: 354868 UTM-Y: 4261571 Depth: 5.5 Value: 83 Station: RET1.1
 --- UTM-X: 354868 UTM-Y: 4261571 Depth: 6 Value: 82.8 Station: RET1.1
 --- UTM-X: 354868 UTM-Y: 4261571 Depth: 6.5 Value: 82.7 Station: RET1.1
 --- UTM-X: 354868 UTM-Y: 4261571 Depth: 7 Value: 82.6 Station: RET1.1
 --- UTM-X: 354868 UTM-Y: 4261571 Depth: 7.5 Value: 82.6 Station: RET1.1
 --- UTM-X: 354868 UTM-Y: 4261571 Depth: 8 Value: 82.5 Station: RET1.1
 --- UTM-X: 354868 UTM-Y: 4261571 Depth: 8.5 Value: 82.5 Station: RET1.1
 --- UTM-X: 354868 UTM-Y: 4261571 Depth: 9 Value: 82.4 Station: RET1.1
 --- UTM-X: 354868 UTM-Y: 4261571 Depth: 9.5 Value: 82.4 Station: RET1.1
 --- UTM-X: 354868 UTM-Y: 4261571 Depth: 10 Value: 82.4 Station: RET1.1
 --- UTM-X: 354868 UTM-Y: 4261571 Depth: 10.5 Value: 82.4 Station: RET1.1
 --- UTM-X: 354868 UTM-Y: 4261571 Depth: 11 Value: 82.4 Station: RET1.1
 --- UTM-X: 352073 UTM-Y: 4285982 Depth: 0 Value: 85.1 Station: TF1.5
 --- UTM-X: 352073 UTM-Y: 4285982 Depth: 0.5 Value: 85 Station: TF1.5
 --- UTM-X: 352073 UTM-Y: 4285982 Depth: 1 Value: 84.9 Station: TF1.5
 --- UTM-X: 352073 UTM-Y: 4285982 Depth: 1.5 Value: 84.9 Station: TF1.5
 --- UTM-X: 352073 UTM-Y: 4285982 Depth: 2 Value: 84.9 Station: TF1.5
 --- UTM-X: 352073 UTM-Y: 4285982 Depth: 2.5 Value: 84.9 Station: TF1.5
 --- UTM-X: 352073 UTM-Y: 4285982 Depth: 3 Value: 84.9 Station: TF1.5
 --- UTM-X: 352073 UTM-Y: 4285982 Depth: 3.5 Value: 84.9 Station: TF1.5
 --- UTM-X: 352073 UTM-Y: 4285982 Depth: 4 Value: 84.9 Station: TF1.5
 --- UTM-X: 352073 UTM-Y: 4285982 Depth: 4.5 Value: 84.8 Station: TF1.5
 --- UTM-X: 352073 UTM-Y: 4285982 Depth: 5 Value: 84.8 Station: TF1.5
 --- UTM-X: 352073 UTM-Y: 4285982 Depth: 5.5 Value: 84.8 Station: TF1.5
 --- UTM-X: 352073 UTM-Y: 4285982 Depth: 6 Value: 84.7 Station: TF1.5
 --- UTM-X: 352073 UTM-Y: 4285982 Depth: 6.5 Value: 84.7 Station: TF1.5
 --- UTM-X: 352073 UTM-Y: 4285982 Depth: 7 Value: 84.7 Station: TF1.5
 --- UTM-X: 352073 UTM-Y: 4285982 Depth: 7.5 Value: 84.7 Station: TF1.5
 --- UTM-X: 352073 UTM-Y: 4285982 Depth: 8 Value: 84.7 Station: TF1.5
 --- UTM-X: 352073 UTM-Y: 4285982 Depth: 8.5 Value: 84.7 Station: TF1.5
 --- UTM-X: 352073 UTM-Y: 4285982 Depth: 9 Value: 84.7 Station: TF1.5
 --- UTM-X: 353440 UTM-Y: 4280160 Depth: 0 Value: 85.5 Station: TF1.6
 --- UTM-X: 353440 UTM-Y: 4280160 Depth: 0.5 Value: 85.5 Station: TF1.6
 --- UTM-X: 353440 UTM-Y: 4280160 Depth: 1 Value: 85.5 Station: TF1.6
 --- UTM-X: 353440 UTM-Y: 4280160 Depth: 1.5 Value: 85.5 Station: TF1.6
 --- UTM-X: 353440 UTM-Y: 4280160 Depth: 2 Value: 85.5 Station: TF1.6
 --- UTM-X: 353440 UTM-Y: 4280160 Depth: 2.5 Value: 85.5 Station: TF1.6
 --- UTM-X: 353440 UTM-Y: 4280160 Depth: 3 Value: 85.5 Station: TF1.6
 --- UTM-X: 353648 UTM-Y: 4271707 Depth: 0 Value: 84.4 Station: TF1.7
 --- UTM-X: 353648 UTM-Y: 4271707 Depth: 0.5 Value: 84.7 Station: TF1.7
 --- UTM-X: 353648 UTM-Y: 4271707 Depth: 1 Value: 85.1 Station: TF1.7
 --- UTM-X: 353648 UTM-Y: 4271707 Depth: 1.5 Value: 85.3 Station: TF1.7
 --- UTM-X: 353648 UTM-Y: 4271707 Depth: 2 Value: 85.5 Station: TF1.7
 --- 2244 cells were interpolated in region PAXMH.  Subtotal: 151714 total cells.
 ---- Region was calculated in 0 seconds. Segment volume (m^3) = 561000000
 
 - Bathymetry Region ID: 1049  Region Name: PISTF  Data Points: 36 in data region 1049
 -- Cell Size  E-W: 100  N-S: 100  Vertical: 1
 --- Data in Region ---
 --- UTM-X: 327238 UTM-Y: 4285187 Depth: 0 Value: 77 Station: PIS0033
 --- UTM-X: 321870 UTM-Y: 4286200 Depth: 0 Value: 84.6 Station: TF2.1
 --- UTM-X: 321870 UTM-Y: 4286200 Depth: 0.5 Value: 84.5 Station: TF2.1
 --- UTM-X: 321870 UTM-Y: 4286200 Depth: 1 Value: 84.5 Station: TF2.1
 --- UTM-X: 321870 UTM-Y: 4286200 Depth: 1.5 Value: 84.5 Station: TF2.1
 --- UTM-X: 321870 UTM-Y: 4286200 Depth: 2 Value: 84.5 Station: TF2.1
 --- UTM-X: 321870 UTM-Y: 4286200 Depth: 2.5 Value: 84.5 Station: TF2.1
 --- UTM-X: 321870 UTM-Y: 4286200 Depth: 3 Value: 84.5 Station: TF2.1
 --- UTM-X: 321870 UTM-Y: 4286200 Depth: 3.5 Value: 84.4 Station: TF2.1
 --- UTM-X: 321870 UTM-Y: 4286200 Depth: 4 Value: 84.4 Station: TF2.1
 --- UTM-X: 321870 UTM-Y: 4286200 Depth: 4.5 Value: 84.4 Station: TF2.1
 --- UTM-X: 321870 UTM-Y: 4286200 Depth: 5 Value: 84.4 Station: TF2.1
 --- UTM-X: 321870 UTM-Y: 4286200 Depth: 5.5 Value: 84.3 Station: TF2.1
 --- UTM-X: 321870 UTM-Y: 4286200 Depth: 6 Value: 84.3 Station: TF2.1
 --- UTM-X: 321870 UTM-Y: 4286200 Depth: 6.5 Value: 84.3 Station: TF2.1
 --- UTM-X: 321870 UTM-Y: 4286200 Depth: 7 Value: 84.3 Station: TF2.1
 --- UTM-X: 321870 UTM-Y: 4286200 Depth: 7.5 Value: 84.3 Station: TF2.1
 --- UTM-X: 321870 UTM-Y: 4286200 Depth: 8 Value: 84.2 Station: TF2.1
 --- UTM-X: 321870 UTM-Y: 4286200 Depth: 8.5 Value: 84.2 Station: TF2.1
 --- UTM-X: 321870 UTM-Y: 4286200 Depth: 9 Value: 84.2 Station: TF2.1
 --- UTM-X: 321870 UTM-Y: 4286200 Depth: 9.5 Value: 84.2 Station: TF2.1
 --- UTM-X: 321870 UTM-Y: 4286200 Depth: 10 Value: 84.2 Station: TF2.1
 --- UTM-X: 321870 UTM-Y: 4286200 Depth: 10.5 Value: 84.2 Station: TF2.1
 --- UTM-X: 321870 UTM-Y: 4286200 Depth: 11 Value: 84.2 Station: TF2.1
 --- UTM-X: 321870 UTM-Y: 4286200 Depth: 11.5 Value: 84.2 Station: TF2.1
 --- UTM-X: 321870 UTM-Y: 4286200 Depth: 12 Value: 84.2 Station: TF2.1
 --- UTM-X: 321870 UTM-Y: 4286200 Depth: 12.5 Value: 84.2 Station: TF2.1
 --- UTM-X: 321870 UTM-Y: 4286200 Depth: 13 Value: 84.2 Station: TF2.1
 --- UTM-X: 321870 UTM-Y: 4286200 Depth: 13.5 Value: 84.2 Station: TF2.1
 --- UTM-X: 321870 UTM-Y: 4286200 Depth: 14 Value: 84.2 Station: TF2.1
 --- UTM-X: 321870 UTM-Y: 4286200 Depth: 14.5 Value: 84.2 Station: TF2.1
 --- UTM-X: 321870 UTM-Y: 4286200 Depth: 15 Value: 84.2 Station: TF2.1
 --- UTM-X: 321870 UTM-Y: 4286200 Depth: 15.5 Value: 84.2 Station: TF2.1
 --- UTM-X: 321870 UTM-Y: 4286200 Depth: 16 Value: 84.2 Station: TF2.1
 --- UTM-X: 321870 UTM-Y: 4286200 Depth: 16.5 Value: 84.2 Station: TF2.1
 --- UTM-X: 324071 UTM-Y: 4285164 Depth: 0.5 Value: 86.4 Station: XFB1986
 --- 285 cells were interpolated in region PISTF.  Subtotal: 151999 total cells.
 ---- Region was calculated in 0 seconds. Segment volume (m^3) = 2850000
 
 - Bathymetry Region ID: 1050  Region Name: MATTF  Data Points: 26 in data region 1050
 -- Cell Size  E-W: 250  N-S: 250  Vertical: 1
 --- Data in Region ---
 --- UTM-X: 308909 UTM-Y: 4270769 Depth: 0 Value: 86.5 Station: MAT0016
 --- UTM-X: 308909 UTM-Y: 4270769 Depth: 0.5 Value: 86.5 Station: MAT0016
 --- UTM-X: 308909 UTM-Y: 4270769 Depth: 1 Value: 86.4 Station: MAT0016
 --- UTM-X: 308909 UTM-Y: 4270769 Depth: 1.5 Value: 86.3 Station: MAT0016
 --- UTM-X: 308909 UTM-Y: 4270769 Depth: 2 Value: 86.2 Station: MAT0016
 --- UTM-X: 308909 UTM-Y: 4270769 Depth: 2.5 Value: 86.2 Station: MAT0016
 --- UTM-X: 308909 UTM-Y: 4270769 Depth: 3 Value: 86.2 Station: MAT0016
 --- UTM-X: 308909 UTM-Y: 4270769 Depth: 3.5 Value: 86.1 Station: MAT0016
 --- UTM-X: 308909 UTM-Y: 4270769 Depth: 4 Value: 86 Station: MAT0016
 --- UTM-X: 315480 UTM-Y: 4273237 Depth: 0 Value: 77.4 Station: MAT0078
 --- UTM-X: 302544 UTM-Y: 4267037 Depth: 0 Value: 85.5 Station: TF2.4
 --- UTM-X: 302544 UTM-Y: 4267037 Depth: 0.5 Value: 85.4 Station: TF2.4
 --- UTM-X: 302544 UTM-Y: 4267037 Depth: 1 Value: 85.4 Station: TF2.4
 --- UTM-X: 302544 UTM-Y: 4267037 Depth: 1.5 Value: 85.4 Station: TF2.4
 --- UTM-X: 302544 UTM-Y: 4267037 Depth: 2 Value: 85.4 Station: TF2.4
 --- UTM-X: 302544 UTM-Y: 4267037 Depth: 2.5 Value: 85.4 Station: TF2.4
 --- UTM-X: 302544 UTM-Y: 4267037 Depth: 3 Value: 85.4 Station: TF2.4
 --- UTM-X: 302544 UTM-Y: 4267037 Depth: 3.5 Value: 85.3 Station: TF2.4
 --- UTM-X: 302544 UTM-Y: 4267037 Depth: 4 Value: 85.3 Station: TF2.4
 --- UTM-X: 302544 UTM-Y: 4267037 Depth: 4.5 Value: 85.3 Station: TF2.4
 --- UTM-X: 302544 UTM-Y: 4267037 Depth: 5 Value: 85.3 Station: TF2.4
 --- UTM-X: 302544 UTM-Y: 4267037 Depth: 5.5 Value: 85.3 Station: TF2.4
 --- UTM-X: 302544 UTM-Y: 4267037 Depth: 6 Value: 85.3 Station: TF2.4
 --- UTM-X: 302544 UTM-Y: 4267037 Depth: 6.5 Value: 85.3 Station: TF2.4
 --- UTM-X: 302544 UTM-Y: 4267037 Depth: 7 Value: 85.3 Station: TF2.4
 --- UTM-X: 302544 UTM-Y: 4267037 Depth: 7.5 Value: 85.3 Station: TF2.4
 --- 152 cells were interpolated in region MATTF.  Subtotal: 152151 total cells.
 ---- Region was calculated in 0 seconds. Segment volume (m^3) = 9500000
 
 - Bathymetry Region ID: 1051  Region Name: POTTF  Data Points: 129 in data region 1051
 -- Cell Size  E-W: 500  N-S: 500  Vertical: 1
 --- Data in Region ---
 --- UTM-X: 308909 UTM-Y: 4270769 Depth: 0 Value: 86.5 Station: MAT0016
 --- UTM-X: 308909 UTM-Y: 4270769 Depth: 0.5 Value: 86.5 Station: MAT0016
 --- UTM-X: 308909 UTM-Y: 4270769 Depth: 1 Value: 86.4 Station: MAT0016
 --- UTM-X: 308909 UTM-Y: 4270769 Depth: 1.5 Value: 86.3 Station: MAT0016
 --- UTM-X: 308909 UTM-Y: 4270769 Depth: 2 Value: 86.2 Station: MAT0016
 --- UTM-X: 308909 UTM-Y: 4270769 Depth: 2.5 Value: 86.2 Station: MAT0016
 --- UTM-X: 308909 UTM-Y: 4270769 Depth: 3 Value: 86.2 Station: MAT0016
 --- UTM-X: 308909 UTM-Y: 4270769 Depth: 3.5 Value: 86.1 Station: MAT0016
 --- UTM-X: 308909 UTM-Y: 4270769 Depth: 4 Value: 86 Station: MAT0016
 --- UTM-X: 301859 UTM-Y: 4253019 Depth: 0 Value: 85.1 Station: RET2.1
 --- UTM-X: 301859 UTM-Y: 4253019 Depth: 0.5 Value: 85.1 Station: RET2.1
 --- UTM-X: 301859 UTM-Y: 4253019 Depth: 1 Value: 85.1 Station: RET2.1
 --- UTM-X: 301859 UTM-Y: 4253019 Depth: 1.5 Value: 85.1 Station: RET2.1
 --- UTM-X: 301859 UTM-Y: 4253019 Depth: 2 Value: 85 Station: RET2.1
 --- UTM-X: 301859 UTM-Y: 4253019 Depth: 2.5 Value: 85 Station: RET2.1
 --- UTM-X: 301859 UTM-Y: 4253019 Depth: 3 Value: 85 Station: RET2.1
 --- UTM-X: 301859 UTM-Y: 4253019 Depth: 3.5 Value: 85 Station: RET2.1
 --- UTM-X: 301859 UTM-Y: 4253019 Depth: 4 Value: 84.9 Station: RET2.1
 --- UTM-X: 301859 UTM-Y: 4253019 Depth: 4.5 Value: 84.9 Station: RET2.1
 --- UTM-X: 301859 UTM-Y: 4253019 Depth: 5 Value: 84.9 Station: RET2.1
 --- UTM-X: 301859 UTM-Y: 4253019 Depth: 5.5 Value: 84.9 Station: RET2.1
 --- UTM-X: 307375 UTM-Y: 4247179 Depth: 0 Value: 83.5 Station: RET2.2
 --- UTM-X: 307375 UTM-Y: 4247179 Depth: 0.5 Value: 83.5 Station: RET2.2
 --- UTM-X: 307375 UTM-Y: 4247179 Depth: 1 Value: 83.4 Station: RET2.2
 --- UTM-X: 307375 UTM-Y: 4247179 Depth: 1.5 Value: 83.4 Station: RET2.2
 --- UTM-X: 307375 UTM-Y: 4247179 Depth: 2 Value: 83.3 Station: RET2.2
 --- UTM-X: 307375 UTM-Y: 4247179 Depth: 2.5 Value: 83.3 Station: RET2.2
 --- UTM-X: 307375 UTM-Y: 4247179 Depth: 3 Value: 83.3 Station: RET2.2
 --- UTM-X: 307375 UTM-Y: 4247179 Depth: 3.5 Value: 83.3 Station: RET2.2
 --- UTM-X: 307375 UTM-Y: 4247179 Depth: 4 Value: 83.3 Station: RET2.2
 --- UTM-X: 307375 UTM-Y: 4247179 Depth: 4.5 Value: 83.3 Station: RET2.2
 --- UTM-X: 307375 UTM-Y: 4247179 Depth: 5 Value: 83.3 Station: RET2.2
 --- UTM-X: 307375 UTM-Y: 4247179 Depth: 5.5 Value: 83.2 Station: RET2.2
 --- UTM-X: 307375 UTM-Y: 4247179 Depth: 6 Value: 83.2 Station: RET2.2
 --- UTM-X: 307375 UTM-Y: 4247179 Depth: 6.5 Value: 83.2 Station: RET2.2
 --- UTM-X: 307375 UTM-Y: 4247179 Depth: 7 Value: 83.1 Station: RET2.2
 --- UTM-X: 307375 UTM-Y: 4247179 Depth: 7.5 Value: 83.1 Station: RET2.2
 --- UTM-X: 307375 UTM-Y: 4247179 Depth: 8 Value: 83 Station: RET2.2
 --- UTM-X: 307375 UTM-Y: 4247179 Depth: 8.5 Value: 83 Station: RET2.2
 --- UTM-X: 321870 UTM-Y: 4286200 Depth: 0 Value: 84.6 Station: TF2.1
 --- UTM-X: 321870 UTM-Y: 4286200 Depth: 0.5 Value: 84.5 Station: TF2.1
 --- UTM-X: 321870 UTM-Y: 4286200 Depth: 1 Value: 84.5 Station: TF2.1
 --- UTM-X: 321870 UTM-Y: 4286200 Depth: 1.5 Value: 84.5 Station: TF2.1
 --- UTM-X: 321870 UTM-Y: 4286200 Depth: 2 Value: 84.5 Station: TF2.1
 --- UTM-X: 321870 UTM-Y: 4286200 Depth: 2.5 Value: 84.5 Station: TF2.1
 --- UTM-X: 321870 UTM-Y: 4286200 Depth: 3 Value: 84.5 Station: TF2.1
 --- UTM-X: 321870 UTM-Y: 4286200 Depth: 3.5 Value: 84.4 Station: TF2.1
 --- UTM-X: 321870 UTM-Y: 4286200 Depth: 4 Value: 84.4 Station: TF2.1
 --- UTM-X: 321870 UTM-Y: 4286200 Depth: 4.5 Value: 84.4 Station: TF2.1
 --- UTM-X: 321870 UTM-Y: 4286200 Depth: 5 Value: 84.4 Station: TF2.1
 --- UTM-X: 321870 UTM-Y: 4286200 Depth: 5.5 Value: 84.3 Station: TF2.1
 --- UTM-X: 321870 UTM-Y: 4286200 Depth: 6 Value: 84.3 Station: TF2.1
 --- UTM-X: 321870 UTM-Y: 4286200 Depth: 6.5 Value: 84.3 Station: TF2.1
 --- UTM-X: 321870 UTM-Y: 4286200 Depth: 7 Value: 84.3 Station: TF2.1
 --- UTM-X: 321870 UTM-Y: 4286200 Depth: 7.5 Value: 84.3 Station: TF2.1
 --- UTM-X: 321870 UTM-Y: 4286200 Depth: 8 Value: 84.2 Station: TF2.1
 --- UTM-X: 321870 UTM-Y: 4286200 Depth: 8.5 Value: 84.2 Station: TF2.1
 --- UTM-X: 321870 UTM-Y: 4286200 Depth: 9 Value: 84.2 Station: TF2.1
 --- UTM-X: 321870 UTM-Y: 4286200 Depth: 9.5 Value: 84.2 Station: TF2.1
 --- UTM-X: 321870 UTM-Y: 4286200 Depth: 10 Value: 84.2 Station: TF2.1
 --- UTM-X: 321870 UTM-Y: 4286200 Depth: 10.5 Value: 84.2 Station: TF2.1
 --- UTM-X: 321870 UTM-Y: 4286200 Depth: 11 Value: 84.2 Station: TF2.1
 --- UTM-X: 321870 UTM-Y: 4286200 Depth: 11.5 Value: 84.2 Station: TF2.1
 --- UTM-X: 321870 UTM-Y: 4286200 Depth: 12 Value: 84.2 Station: TF2.1
 --- UTM-X: 321870 UTM-Y: 4286200 Depth: 12.5 Value: 84.2 Station: TF2.1
 --- UTM-X: 321870 UTM-Y: 4286200 Depth: 13 Value: 84.2 Station: TF2.1
 --- UTM-X: 321870 UTM-Y: 4286200 Depth: 13.5 Value: 84.2 Station: TF2.1
 --- UTM-X: 321870 UTM-Y: 4286200 Depth: 14 Value: 84.2 Station: TF2.1
 --- UTM-X: 321870 UTM-Y: 4286200 Depth: 14.5 Value: 84.2 Station: TF2.1
 --- UTM-X: 321870 UTM-Y: 4286200 Depth: 15 Value: 84.2 Station: TF2.1
 --- UTM-X: 321870 UTM-Y: 4286200 Depth: 15.5 Value: 84.2 Station: TF2.1
 --- UTM-X: 321870 UTM-Y: 4286200 Depth: 16 Value: 84.2 Station: TF2.1
 --- UTM-X: 321870 UTM-Y: 4286200 Depth: 16.5 Value: 84.2 Station: TF2.1
 --- UTM-X: 316395 UTM-Y: 4284566 Depth: 0 Value: 85.3 Station: TF2.2
 --- UTM-X: 316395 UTM-Y: 4284566 Depth: 0.5 Value: 85.2 Station: TF2.2
 --- UTM-X: 316395 UTM-Y: 4284566 Depth: 1 Value: 85.2 Station: TF2.2
 --- UTM-X: 316395 UTM-Y: 4284566 Depth: 1.5 Value: 85.1 Station: TF2.2
 --- UTM-X: 316395 UTM-Y: 4284566 Depth: 2 Value: 85 Station: TF2.2
 --- UTM-X: 316395 UTM-Y: 4284566 Depth: 2.5 Value: 84.8 Station: TF2.2
 --- UTM-X: 316395 UTM-Y: 4284566 Depth: 3 Value: 84.7 Station: TF2.2
 --- UTM-X: 316395 UTM-Y: 4284566 Depth: 3.5 Value: 84.6 Station: TF2.2
 --- UTM-X: 316395 UTM-Y: 4284566 Depth: 4 Value: 84.5 Station: TF2.2
 --- UTM-X: 316395 UTM-Y: 4284566 Depth: 4.5 Value: 84.4 Station: TF2.2
 --- UTM-X: 316395 UTM-Y: 4284566 Depth: 5 Value: 84.4 Station: TF2.2
 --- UTM-X: 316395 UTM-Y: 4284566 Depth: 5.5 Value: 84.4 Station: TF2.2
 --- UTM-X: 316395 UTM-Y: 4284566 Depth: 6 Value: 84.4 Station: TF2.2
 --- UTM-X: 316395 UTM-Y: 4284566 Depth: 6.5 Value: 84.4 Station: TF2.2
 --- UTM-X: 310717 UTM-Y: 4275538 Depth: 0 Value: 85.8 Station: TF2.3
 --- UTM-X: 310717 UTM-Y: 4275538 Depth: 0.5 Value: 85.8 Station: TF2.3
 --- UTM-X: 310717 UTM-Y: 4275538 Depth: 1 Value: 85.7 Station: TF2.3
 --- UTM-X: 310717 UTM-Y: 4275538 Depth: 1.5 Value: 85.6 Station: TF2.3
 --- UTM-X: 310717 UTM-Y: 4275538 Depth: 2 Value: 85.5 Station: TF2.3
 --- UTM-X: 310717 UTM-Y: 4275538 Depth: 2.5 Value: 85.5 Station: TF2.3
 --- UTM-X: 310717 UTM-Y: 4275538 Depth: 3 Value: 85.5 Station: TF2.3
 --- UTM-X: 310717 UTM-Y: 4275538 Depth: 3.5 Value: 85.5 Station: TF2.3
 --- UTM-X: 310717 UTM-Y: 4275538 Depth: 4 Value: 85.5 Station: TF2.3
 --- UTM-X: 310717 UTM-Y: 4275538 Depth: 4.5 Value: 85.5 Station: TF2.3
 --- UTM-X: 310717 UTM-Y: 4275538 Depth: 5 Value: 85.5 Station: TF2.3
 --- UTM-X: 310717 UTM-Y: 4275538 Depth: 5.5 Value: 85.5 Station: TF2.3
 --- UTM-X: 310717 UTM-Y: 4275538 Depth: 6 Value: 85.5 Station: TF2.3
 --- UTM-X: 310717 UTM-Y: 4275538 Depth: 6.5 Value: 85.5 Station: TF2.3
 --- UTM-X: 310717 UTM-Y: 4275538 Depth: 7 Value: 85.5 Station: TF2.3
 --- UTM-X: 310717 UTM-Y: 4275538 Depth: 7.5 Value: 85.5 Station: TF2.3
 --- UTM-X: 310717 UTM-Y: 4275538 Depth: 8 Value: 85.5 Station: TF2.3
 --- UTM-X: 310717 UTM-Y: 4275538 Depth: 8.5 Value: 85.5 Station: TF2.3
 --- UTM-X: 310717 UTM-Y: 4275538 Depth: 9 Value: 85.5 Station: TF2.3
 --- UTM-X: 310717 UTM-Y: 4275538 Depth: 9.5 Value: 85.5 Station: TF2.3
 --- UTM-X: 310717 UTM-Y: 4275538 Depth: 10 Value: 85.5 Station: TF2.3
 --- UTM-X: 310717 UTM-Y: 4275538 Depth: 10.5 Value: 85.5 Station: TF2.3
 --- UTM-X: 310717 UTM-Y: 4275538 Depth: 11 Value: 85.5 Station: TF2.3
 --- UTM-X: 310717 UTM-Y: 4275538 Depth: 11.5 Value: 85.5 Station: TF2.3
 --- UTM-X: 310717 UTM-Y: 4275538 Depth: 12 Value: 85.5 Station: TF2.3
 --- UTM-X: 302544 UTM-Y: 4267037 Depth: 0 Value: 85.5 Station: TF2.4
 --- UTM-X: 302544 UTM-Y: 4267037 Depth: 0.5 Value: 85.4 Station: TF2.4
 --- UTM-X: 302544 UTM-Y: 4267037 Depth: 1 Value: 85.4 Station: TF2.4
 --- UTM-X: 302544 UTM-Y: 4267037 Depth: 1.5 Value: 85.4 Station: TF2.4
 --- UTM-X: 302544 UTM-Y: 4267037 Depth: 2 Value: 85.4 Station: TF2.4
 --- UTM-X: 302544 UTM-Y: 4267037 Depth: 2.5 Value: 85.4 Station: TF2.4
 --- UTM-X: 302544 UTM-Y: 4267037 Depth: 3 Value: 85.4 Station: TF2.4
 --- UTM-X: 302544 UTM-Y: 4267037 Depth: 3.5 Value: 85.3 Station: TF2.4
 --- UTM-X: 302544 UTM-Y: 4267037 Depth: 4 Value: 85.3 Station: TF2.4
 --- UTM-X: 302544 UTM-Y: 4267037 Depth: 4.5 Value: 85.3 Station: TF2.4
 --- UTM-X: 302544 UTM-Y: 4267037 Depth: 5 Value: 85.3 Station: TF2.4
 --- UTM-X: 302544 UTM-Y: 4267037 Depth: 5.5 Value: 85.3 Station: TF2.4
 --- UTM-X: 302544 UTM-Y: 4267037 Depth: 6 Value: 85.3 Station: TF2.4
 --- UTM-X: 302544 UTM-Y: 4267037 Depth: 6.5 Value: 85.3 Station: TF2.4
 --- UTM-X: 302544 UTM-Y: 4267037 Depth: 7 Value: 85.3 Station: TF2.4
 --- UTM-X: 302544 UTM-Y: 4267037 Depth: 7.5 Value: 85.3 Station: TF2.4
 --- UTM-X: 324071 UTM-Y: 4285164 Depth: 0.5 Value: 86.4 Station: XFB1986
 --- 1939 cells were interpolated in region POTTF.  Subtotal: 154090 total cells.
 ---- Region was calculated in 0 seconds. Segment volume (m^3) = 484750000
 
 - Bathymetry Region ID: 1052  Region Name: POTOH  Data Points: 113 in data region 1052
 -- Cell Size  E-W: 500  N-S: 500  Vertical: 1
 --- Data in Region ---
 --- UTM-X: 308909 UTM-Y: 4270769 Depth: 0 Value: 86.5 Station: MAT0016
 --- UTM-X: 308909 UTM-Y: 4270769 Depth: 0.5 Value: 86.5 Station: MAT0016
 --- UTM-X: 308909 UTM-Y: 4270769 Depth: 1 Value: 86.4 Station: MAT0016
 --- UTM-X: 308909 UTM-Y: 4270769 Depth: 1.5 Value: 86.3 Station: MAT0016
 --- UTM-X: 308909 UTM-Y: 4270769 Depth: 2 Value: 86.2 Station: MAT0016
 --- UTM-X: 308909 UTM-Y: 4270769 Depth: 2.5 Value: 86.2 Station: MAT0016
 --- UTM-X: 308909 UTM-Y: 4270769 Depth: 3 Value: 86.2 Station: MAT0016
 --- UTM-X: 308909 UTM-Y: 4270769 Depth: 3.5 Value: 86.1 Station: MAT0016
 --- UTM-X: 308909 UTM-Y: 4270769 Depth: 4 Value: 86 Station: MAT0016
 --- UTM-X: 301859 UTM-Y: 4253019 Depth: 0 Value: 85.1 Station: RET2.1
 --- UTM-X: 301859 UTM-Y: 4253019 Depth: 0.5 Value: 85.1 Station: RET2.1
 --- UTM-X: 301859 UTM-Y: 4253019 Depth: 1 Value: 85.1 Station: RET2.1
 --- UTM-X: 301859 UTM-Y: 4253019 Depth: 1.5 Value: 85.1 Station: RET2.1
 --- UTM-X: 301859 UTM-Y: 4253019 Depth: 2 Value: 85 Station: RET2.1
 --- UTM-X: 301859 UTM-Y: 4253019 Depth: 2.5 Value: 85 Station: RET2.1
 --- UTM-X: 301859 UTM-Y: 4253019 Depth: 3 Value: 85 Station: RET2.1
 --- UTM-X: 301859 UTM-Y: 4253019 Depth: 3.5 Value: 85 Station: RET2.1
 --- UTM-X: 301859 UTM-Y: 4253019 Depth: 4 Value: 84.9 Station: RET2.1
 --- UTM-X: 301859 UTM-Y: 4253019 Depth: 4.5 Value: 84.9 Station: RET2.1
 --- UTM-X: 301859 UTM-Y: 4253019 Depth: 5 Value: 84.9 Station: RET2.1
 --- UTM-X: 301859 UTM-Y: 4253019 Depth: 5.5 Value: 84.9 Station: RET2.1
 --- UTM-X: 307375 UTM-Y: 4247179 Depth: 0 Value: 83.5 Station: RET2.2
 --- UTM-X: 307375 UTM-Y: 4247179 Depth: 0.5 Value: 83.5 Station: RET2.2
 --- UTM-X: 307375 UTM-Y: 4247179 Depth: 1 Value: 83.4 Station: RET2.2
 --- UTM-X: 307375 UTM-Y: 4247179 Depth: 1.5 Value: 83.4 Station: RET2.2
 --- UTM-X: 307375 UTM-Y: 4247179 Depth: 2 Value: 83.3 Station: RET2.2
 --- UTM-X: 307375 UTM-Y: 4247179 Depth: 2.5 Value: 83.3 Station: RET2.2
 --- UTM-X: 307375 UTM-Y: 4247179 Depth: 3 Value: 83.3 Station: RET2.2
 --- UTM-X: 307375 UTM-Y: 4247179 Depth: 3.5 Value: 83.3 Station: RET2.2
 --- UTM-X: 307375 UTM-Y: 4247179 Depth: 4 Value: 83.3 Station: RET2.2
 --- UTM-X: 307375 UTM-Y: 4247179 Depth: 4.5 Value: 83.3 Station: RET2.2
 --- UTM-X: 307375 UTM-Y: 4247179 Depth: 5 Value: 83.3 Station: RET2.2
 --- UTM-X: 307375 UTM-Y: 4247179 Depth: 5.5 Value: 83.2 Station: RET2.2
 --- UTM-X: 307375 UTM-Y: 4247179 Depth: 6 Value: 83.2 Station: RET2.2
 --- UTM-X: 307375 UTM-Y: 4247179 Depth: 6.5 Value: 83.2 Station: RET2.2
 --- UTM-X: 307375 UTM-Y: 4247179 Depth: 7 Value: 83.1 Station: RET2.2
 --- UTM-X: 307375 UTM-Y: 4247179 Depth: 7.5 Value: 83.1 Station: RET2.2
 --- UTM-X: 307375 UTM-Y: 4247179 Depth: 8 Value: 83 Station: RET2.2
 --- UTM-X: 307375 UTM-Y: 4247179 Depth: 8.5 Value: 83 Station: RET2.2
 --- UTM-X: 326093 UTM-Y: 4247926 Depth: 0 Value: 82.8 Station: RET2.4
 --- UTM-X: 326093 UTM-Y: 4247926 Depth: 0.5 Value: 82.8 Station: RET2.4
 --- UTM-X: 326093 UTM-Y: 4247926 Depth: 1 Value: 82.8 Station: RET2.4
 --- UTM-X: 326093 UTM-Y: 4247926 Depth: 1.5 Value: 82.8 Station: RET2.4
 --- UTM-X: 326093 UTM-Y: 4247926 Depth: 2 Value: 82.8 Station: RET2.4
 --- UTM-X: 326093 UTM-Y: 4247926 Depth: 2.5 Value: 82.7 Station: RET2.4
 --- UTM-X: 326093 UTM-Y: 4247926 Depth: 3 Value: 82.6 Station: RET2.4
 --- UTM-X: 326093 UTM-Y: 4247926 Depth: 3.5 Value: 82.3 Station: RET2.4
 --- UTM-X: 326093 UTM-Y: 4247926 Depth: 4 Value: 82 Station: RET2.4
 --- UTM-X: 326093 UTM-Y: 4247926 Depth: 4.5 Value: 82 Station: RET2.4
 --- UTM-X: 326093 UTM-Y: 4247926 Depth: 5 Value: 82 Station: RET2.4
 --- UTM-X: 326093 UTM-Y: 4247926 Depth: 5.5 Value: 81.7 Station: RET2.4
 --- UTM-X: 326093 UTM-Y: 4247926 Depth: 6 Value: 81.3 Station: RET2.4
 --- UTM-X: 326093 UTM-Y: 4247926 Depth: 6.5 Value: 80.9 Station: RET2.4
 --- UTM-X: 326093 UTM-Y: 4247926 Depth: 7 Value: 80.4 Station: RET2.4
 --- UTM-X: 326093 UTM-Y: 4247926 Depth: 7.5 Value: 80.1 Station: RET2.4
 --- UTM-X: 326093 UTM-Y: 4247926 Depth: 8 Value: 79.7 Station: RET2.4
 --- UTM-X: 326093 UTM-Y: 4247926 Depth: 8.5 Value: 79.5 Station: RET2.4
 --- UTM-X: 326093 UTM-Y: 4247926 Depth: 9 Value: 79.3 Station: RET2.4
 --- UTM-X: 326093 UTM-Y: 4247926 Depth: 9.5 Value: 79.3 Station: RET2.4
 --- UTM-X: 326093 UTM-Y: 4247926 Depth: 10 Value: 79.3 Station: RET2.4
 --- UTM-X: 326093 UTM-Y: 4247926 Depth: 10.5 Value: 79.1 Station: RET2.4
 --- UTM-X: 326093 UTM-Y: 4247926 Depth: 11 Value: 78.8 Station: RET2.4
 --- UTM-X: 326093 UTM-Y: 4247926 Depth: 11.5 Value: 78.8 Station: RET2.4
 --- UTM-X: 326093 UTM-Y: 4247926 Depth: 12 Value: 78.8 Station: RET2.4
 --- UTM-X: 326093 UTM-Y: 4247926 Depth: 12.5 Value: 78.5 Station: RET2.4
 --- UTM-X: 326093 UTM-Y: 4247926 Depth: 13 Value: 78.3 Station: RET2.4
 --- UTM-X: 326093 UTM-Y: 4247926 Depth: 13.5 Value: 78.3 Station: RET2.4
 --- UTM-X: 326093 UTM-Y: 4247926 Depth: 14 Value: 78.4 Station: RET2.4
 --- UTM-X: 326093 UTM-Y: 4247926 Depth: 14.5 Value: 78.3 Station: RET2.4
 --- UTM-X: 326093 UTM-Y: 4247926 Depth: 15 Value: 78.3 Station: RET2.4
 --- UTM-X: 326093 UTM-Y: 4247926 Depth: 15.5 Value: 78.3 Station: RET2.4
 --- UTM-X: 326093 UTM-Y: 4247926 Depth: 16 Value: 78.3 Station: RET2.4
 --- UTM-X: 310717 UTM-Y: 4275538 Depth: 0 Value: 85.8 Station: TF2.3
 --- UTM-X: 310717 UTM-Y: 4275538 Depth: 0.5 Value: 85.8 Station: TF2.3
 --- UTM-X: 310717 UTM-Y: 4275538 Depth: 1 Value: 85.7 Station: TF2.3
 --- UTM-X: 310717 UTM-Y: 4275538 Depth: 1.5 Value: 85.6 Station: TF2.3
 --- UTM-X: 310717 UTM-Y: 4275538 Depth: 2 Value: 85.5 Station: TF2.3
 --- UTM-X: 310717 UTM-Y: 4275538 Depth: 2.5 Value: 85.5 Station: TF2.3
 --- UTM-X: 310717 UTM-Y: 4275538 Depth: 3 Value: 85.5 Station: TF2.3
 --- UTM-X: 310717 UTM-Y: 4275538 Depth: 3.5 Value: 85.5 Station: TF2.3
 --- UTM-X: 310717 UTM-Y: 4275538 Depth: 4 Value: 85.5 Station: TF2.3
 --- UTM-X: 310717 UTM-Y: 4275538 Depth: 4.5 Value: 85.5 Station: TF2.3
 --- UTM-X: 310717 UTM-Y: 4275538 Depth: 5 Value: 85.5 Station: TF2.3
 --- UTM-X: 310717 UTM-Y: 4275538 Depth: 5.5 Value: 85.5 Station: TF2.3
 --- UTM-X: 310717 UTM-Y: 4275538 Depth: 6 Value: 85.5 Station: TF2.3
 --- UTM-X: 310717 UTM-Y: 4275538 Depth: 6.5 Value: 85.5 Station: TF2.3
 --- UTM-X: 310717 UTM-Y: 4275538 Depth: 7 Value: 85.5 Station: TF2.3
 --- UTM-X: 310717 UTM-Y: 4275538 Depth: 7.5 Value: 85.5 Station: TF2.3
 --- UTM-X: 310717 UTM-Y: 4275538 Depth: 8 Value: 85.5 Station: TF2.3
 --- UTM-X: 310717 UTM-Y: 4275538 Depth: 8.5 Value: 85.5 Station: TF2.3
 --- UTM-X: 310717 UTM-Y: 4275538 Depth: 9 Value: 85.5 Station: TF2.3
 --- UTM-X: 310717 UTM-Y: 4275538 Depth: 9.5 Value: 85.5 Station: TF2.3
 --- UTM-X: 310717 UTM-Y: 4275538 Depth: 10 Value: 85.5 Station: TF2.3
 --- UTM-X: 310717 UTM-Y: 4275538 Depth: 10.5 Value: 85.5 Station: TF2.3
 --- UTM-X: 310717 UTM-Y: 4275538 Depth: 11 Value: 85.5 Station: TF2.3
 --- UTM-X: 310717 UTM-Y: 4275538 Depth: 11.5 Value: 85.5 Station: TF2.3
 --- UTM-X: 310717 UTM-Y: 4275538 Depth: 12 Value: 85.5 Station: TF2.3
 --- UTM-X: 302544 UTM-Y: 4267037 Depth: 0 Value: 85.5 Station: TF2.4
 --- UTM-X: 302544 UTM-Y: 4267037 Depth: 0.5 Value: 85.4 Station: TF2.4
 --- UTM-X: 302544 UTM-Y: 4267037 Depth: 1 Value: 85.4 Station: TF2.4
 --- UTM-X: 302544 UTM-Y: 4267037 Depth: 1.5 Value: 85.4 Station: TF2.4
 --- UTM-X: 302544 UTM-Y: 4267037 Depth: 2 Value: 85.4 Station: TF2.4
 --- UTM-X: 302544 UTM-Y: 4267037 Depth: 2.5 Value: 85.4 Station: TF2.4
 --- UTM-X: 302544 UTM-Y: 4267037 Depth: 3 Value: 85.4 Station: TF2.4
 --- UTM-X: 302544 UTM-Y: 4267037 Depth: 3.5 Value: 85.3 Station: TF2.4
 --- UTM-X: 302544 UTM-Y: 4267037 Depth: 4 Value: 85.3 Station: TF2.4
 --- UTM-X: 302544 UTM-Y: 4267037 Depth: 4.5 Value: 85.3 Station: TF2.4
 --- UTM-X: 302544 UTM-Y: 4267037 Depth: 5 Value: 85.3 Station: TF2.4
 --- UTM-X: 302544 UTM-Y: 4267037 Depth: 5.5 Value: 85.3 Station: TF2.4
 --- UTM-X: 302544 UTM-Y: 4267037 Depth: 6 Value: 85.3 Station: TF2.4
 --- UTM-X: 302544 UTM-Y: 4267037 Depth: 6.5 Value: 85.3 Station: TF2.4
 --- UTM-X: 302544 UTM-Y: 4267037 Depth: 7 Value: 85.3 Station: TF2.4
 --- UTM-X: 302544 UTM-Y: 4267037 Depth: 7.5 Value: 85.3 Station: TF2.4
 --- 3409 cells were interpolated in region POTOH.  Subtotal: 157499 total cells.
 ---- Region was calculated in 0 seconds. Segment volume (m^3) = 852250000
 
 - Bathymetry Region ID: 1053  Region Name: POTMH  Data Points: 257 in data region 1053
 -- Cell Size  E-W: 1000  N-S: 1000  Vertical: 1
 --- Data in Region ---
 --- UTM-X: 392384 UTM-Y: 4221705 Depth: 0 Value: 82.8 Station: CB5.2
 --- UTM-X: 392384 UTM-Y: 4221705 Depth: 0.5 Value: 82.8 Station: CB5.2
 --- UTM-X: 392384 UTM-Y: 4221705 Depth: 1 Value: 82.8 Station: CB5.2
 --- UTM-X: 392384 UTM-Y: 4221705 Depth: 1.5 Value: 82.8 Station: CB5.2
 --- UTM-X: 392384 UTM-Y: 4221705 Depth: 2 Value: 82.8 Station: CB5.2
 --- UTM-X: 392384 UTM-Y: 4221705 Depth: 2.5 Value: 82.7 Station: CB5.2
 --- UTM-X: 392384 UTM-Y: 4221705 Depth: 3 Value: 82.6 Station: CB5.2
 --- UTM-X: 392384 UTM-Y: 4221705 Depth: 3.5 Value: 82.6 Station: CB5.2
 --- UTM-X: 392384 UTM-Y: 4221705 Depth: 4 Value: 82.6 Station: CB5.2
 --- UTM-X: 392384 UTM-Y: 4221705 Depth: 4.5 Value: 82.6 Station: CB5.2
 --- UTM-X: 392384 UTM-Y: 4221705 Depth: 5 Value: 82.6 Station: CB5.2
 --- UTM-X: 392384 UTM-Y: 4221705 Depth: 5.5 Value: 82.4 Station: CB5.2
 --- UTM-X: 392384 UTM-Y: 4221705 Depth: 6 Value: 82.2 Station: CB5.2
 --- UTM-X: 392384 UTM-Y: 4221705 Depth: 6.5 Value: 81.7 Station: CB5.2
 --- UTM-X: 392384 UTM-Y: 4221705 Depth: 7 Value: 81.1 Station: CB5.2
 --- UTM-X: 392384 UTM-Y: 4221705 Depth: 7.5 Value: 79.7 Station: CB5.2
 --- UTM-X: 392384 UTM-Y: 4221705 Depth: 8 Value: 78.3 Station: CB5.2
 --- UTM-X: 392384 UTM-Y: 4221705 Depth: 8.5 Value: 77.6 Station: CB5.2
 --- UTM-X: 392384 UTM-Y: 4221705 Depth: 9 Value: 77 Station: CB5.2
 --- UTM-X: 392384 UTM-Y: 4221705 Depth: 9.5 Value: 77.5 Station: CB5.2
 --- UTM-X: 392384 UTM-Y: 4221705 Depth: 10 Value: 77.9 Station: CB5.2
 --- UTM-X: 392384 UTM-Y: 4221705 Depth: 10.5 Value: 77.6 Station: CB5.2
 --- UTM-X: 392384 UTM-Y: 4221705 Depth: 11 Value: 77.4 Station: CB5.2
 --- UTM-X: 392384 UTM-Y: 4221705 Depth: 11.5 Value: 76.9 Station: CB5.2
 --- UTM-X: 392384 UTM-Y: 4221705 Depth: 12 Value: 76.5 Station: CB5.2
 --- UTM-X: 392384 UTM-Y: 4221705 Depth: 12.5 Value: 76.5 Station: CB5.2
 --- UTM-X: 392384 UTM-Y: 4221705 Depth: 13 Value: 76.5 Station: CB5.2
 --- UTM-X: 392384 UTM-Y: 4221705 Depth: 13.5 Value: 76.2 Station: CB5.2
 --- UTM-X: 392384 UTM-Y: 4221705 Depth: 14 Value: 75.9 Station: CB5.2
 --- UTM-X: 392384 UTM-Y: 4221705 Depth: 14.5 Value: 75.9 Station: CB5.2
 --- UTM-X: 392384 UTM-Y: 4221705 Depth: 15 Value: 75.9 Station: CB5.2
 --- UTM-X: 392384 UTM-Y: 4221705 Depth: 15.5 Value: 76.1 Station: CB5.2
 --- UTM-X: 392384 UTM-Y: 4221705 Depth: 16 Value: 76.3 Station: CB5.2
 --- UTM-X: 392384 UTM-Y: 4221705 Depth: 16.5 Value: 76.4 Station: CB5.2
 --- UTM-X: 392384 UTM-Y: 4221705 Depth: 17 Value: 76.5 Station: CB5.2
 --- UTM-X: 392384 UTM-Y: 4221705 Depth: 17.5 Value: 76.5 Station: CB5.2
 --- UTM-X: 392384 UTM-Y: 4221705 Depth: 18 Value: 76.5 Station: CB5.2
 --- UTM-X: 392384 UTM-Y: 4221705 Depth: 18.5 Value: 76.5 Station: CB5.2
 --- UTM-X: 392384 UTM-Y: 4221705 Depth: 19 Value: 76.5 Station: CB5.2
 --- UTM-X: 392384 UTM-Y: 4221705 Depth: 19.5 Value: 76.4 Station: CB5.2
 --- UTM-X: 392384 UTM-Y: 4221705 Depth: 20 Value: 76.4 Station: CB5.2
 --- UTM-X: 392384 UTM-Y: 4221705 Depth: 20.5 Value: 76.3 Station: CB5.2
 --- UTM-X: 392384 UTM-Y: 4221705 Depth: 21 Value: 76.3 Station: CB5.2
 --- UTM-X: 392384 UTM-Y: 4221705 Depth: 21.5 Value: 76.3 Station: CB5.2
 --- UTM-X: 392384 UTM-Y: 4221705 Depth: 22 Value: 76.3 Station: CB5.2
 --- UTM-X: 392384 UTM-Y: 4221705 Depth: 22.5 Value: 76.3 Station: CB5.2
 --- UTM-X: 392384 UTM-Y: 4221705 Depth: 23 Value: 76.3 Station: CB5.2
 --- UTM-X: 392384 UTM-Y: 4221705 Depth: 23.5 Value: 76.3 Station: CB5.2
 --- UTM-X: 392384 UTM-Y: 4221705 Depth: 24 Value: 76.3 Station: CB5.2
 --- UTM-X: 392384 UTM-Y: 4221705 Depth: 24.5 Value: 76.3 Station: CB5.2
 --- UTM-X: 392384 UTM-Y: 4221705 Depth: 25 Value: 76.3 Station: CB5.2
 --- UTM-X: 392384 UTM-Y: 4221705 Depth: 25.5 Value: 76.2 Station: CB5.2
 --- UTM-X: 392384 UTM-Y: 4221705 Depth: 26 Value: 76.1 Station: CB5.2
 --- UTM-X: 392384 UTM-Y: 4221705 Depth: 26.5 Value: 76 Station: CB5.2
 --- UTM-X: 392384 UTM-Y: 4221705 Depth: 27 Value: 75.9 Station: CB5.2
 --- UTM-X: 392384 UTM-Y: 4221705 Depth: 27.5 Value: 75.9 Station: CB5.2
 --- UTM-X: 392384 UTM-Y: 4221705 Depth: 28 Value: 75.9 Station: CB5.2
 --- UTM-X: 397329 UTM-Y: 4196671 Depth: 0 Value: 82 Station: CB5.3
 --- UTM-X: 397329 UTM-Y: 4196671 Depth: 0.5 Value: 82 Station: CB5.3
 --- UTM-X: 397329 UTM-Y: 4196671 Depth: 1 Value: 82 Station: CB5.3
 --- UTM-X: 397329 UTM-Y: 4196671 Depth: 1.5 Value: 82 Station: CB5.3
 --- UTM-X: 397329 UTM-Y: 4196671 Depth: 2 Value: 82 Station: CB5.3
 --- UTM-X: 397329 UTM-Y: 4196671 Depth: 2.5 Value: 82 Station: CB5.3
 --- UTM-X: 397329 UTM-Y: 4196671 Depth: 3 Value: 82 Station: CB5.3
 --- UTM-X: 397329 UTM-Y: 4196671 Depth: 3.5 Value: 82.3 Station: CB5.3
 --- UTM-X: 397329 UTM-Y: 4196671 Depth: 4 Value: 82.6 Station: CB5.3
 --- UTM-X: 397329 UTM-Y: 4196671 Depth: 4.5 Value: 82.6 Station: CB5.3
 --- UTM-X: 397329 UTM-Y: 4196671 Depth: 5 Value: 82.6 Station: CB5.3
 --- UTM-X: 397329 UTM-Y: 4196671 Depth: 5.5 Value: 82.4 Station: CB5.3
 --- UTM-X: 397329 UTM-Y: 4196671 Depth: 6 Value: 82.2 Station: CB5.3
 --- UTM-X: 397329 UTM-Y: 4196671 Depth: 6.5 Value: 82.1 Station: CB5.3
 --- UTM-X: 397329 UTM-Y: 4196671 Depth: 7 Value: 82 Station: CB5.3
 --- UTM-X: 397329 UTM-Y: 4196671 Depth: 7.5 Value: 82 Station: CB5.3
 --- UTM-X: 397329 UTM-Y: 4196671 Depth: 8 Value: 81.9 Station: CB5.3
 --- UTM-X: 397329 UTM-Y: 4196671 Depth: 8.5 Value: 81.9 Station: CB5.3
 --- UTM-X: 397329 UTM-Y: 4196671 Depth: 9 Value: 81.9 Station: CB5.3
 --- UTM-X: 397329 UTM-Y: 4196671 Depth: 9.5 Value: 81.6 Station: CB5.3
 --- UTM-X: 397329 UTM-Y: 4196671 Depth: 10 Value: 81.3 Station: CB5.3
 --- UTM-X: 397329 UTM-Y: 4196671 Depth: 10.5 Value: 81 Station: CB5.3
 --- UTM-X: 397329 UTM-Y: 4196671 Depth: 11 Value: 80.6 Station: CB5.3
 --- UTM-X: 397329 UTM-Y: 4196671 Depth: 11.5 Value: 80.2 Station: CB5.3
 --- UTM-X: 397329 UTM-Y: 4196671 Depth: 12 Value: 79.7 Station: CB5.3
 --- UTM-X: 397329 UTM-Y: 4196671 Depth: 12.5 Value: 79.3 Station: CB5.3
 --- UTM-X: 397329 UTM-Y: 4196671 Depth: 13 Value: 79 Station: CB5.3
 --- UTM-X: 397329 UTM-Y: 4196671 Depth: 13.5 Value: 78.5 Station: CB5.3
 --- UTM-X: 397329 UTM-Y: 4196671 Depth: 14 Value: 78.1 Station: CB5.3
 --- UTM-X: 397329 UTM-Y: 4196671 Depth: 14.5 Value: 78 Station: CB5.3
 --- UTM-X: 397329 UTM-Y: 4196671 Depth: 15 Value: 77.9 Station: CB5.3
 --- UTM-X: 397329 UTM-Y: 4196671 Depth: 15.5 Value: 77.9 Station: CB5.3
 --- UTM-X: 397329 UTM-Y: 4196671 Depth: 16 Value: 78 Station: CB5.3
 --- UTM-X: 397329 UTM-Y: 4196671 Depth: 16.5 Value: 78 Station: CB5.3
 --- UTM-X: 397329 UTM-Y: 4196671 Depth: 17 Value: 78.1 Station: CB5.3
 --- UTM-X: 397329 UTM-Y: 4196671 Depth: 17.5 Value: 78.1 Station: CB5.3
 --- UTM-X: 397329 UTM-Y: 4196671 Depth: 18 Value: 78.2 Station: CB5.3
 --- UTM-X: 397329 UTM-Y: 4196671 Depth: 18.5 Value: 78.2 Station: CB5.3
 --- UTM-X: 397329 UTM-Y: 4196671 Depth: 19 Value: 78.3 Station: CB5.3
 --- UTM-X: 397329 UTM-Y: 4196671 Depth: 19.5 Value: 78.3 Station: CB5.3
 --- UTM-X: 397329 UTM-Y: 4196671 Depth: 20 Value: 78.3 Station: CB5.3
 --- UTM-X: 397329 UTM-Y: 4196671 Depth: 20.5 Value: 78.3 Station: CB5.3
 --- UTM-X: 397329 UTM-Y: 4196671 Depth: 21 Value: 78.3 Station: CB5.3
 --- UTM-X: 397329 UTM-Y: 4196671 Depth: 21.5 Value: 78.3 Station: CB5.3
 --- UTM-X: 397329 UTM-Y: 4196671 Depth: 22 Value: 78.3 Station: CB5.3
 --- UTM-X: 397329 UTM-Y: 4196671 Depth: 22.5 Value: 78.3 Station: CB5.3
 --- UTM-X: 397329 UTM-Y: 4196671 Depth: 23 Value: 78.3 Station: CB5.3
 --- UTM-X: 396587 UTM-Y: 4184289 Depth: 0 Value: 83.4 Station: CB5.4
 --- UTM-X: 396587 UTM-Y: 4184289 Depth: 0.5 Value: 83.4 Station: CB5.4
 --- UTM-X: 396587 UTM-Y: 4184289 Depth: 1 Value: 83.4 Station: CB5.4
 --- UTM-X: 396587 UTM-Y: 4184289 Depth: 1.5 Value: 83.4 Station: CB5.4
 --- UTM-X: 396587 UTM-Y: 4184289 Depth: 2 Value: 83.4 Station: CB5.4
 --- UTM-X: 396587 UTM-Y: 4184289 Depth: 2.5 Value: 84 Station: CB5.4
 --- UTM-X: 396587 UTM-Y: 4184289 Depth: 3 Value: 84.6 Station: CB5.4
 --- UTM-X: 396587 UTM-Y: 4184289 Depth: 3.5 Value: 84.4 Station: CB5.4
 --- UTM-X: 396587 UTM-Y: 4184289 Depth: 4 Value: 84.1 Station: CB5.4
 --- UTM-X: 396587 UTM-Y: 4184289 Depth: 4.5 Value: 84.4 Station: CB5.4
 --- UTM-X: 396587 UTM-Y: 4184289 Depth: 5 Value: 84.8 Station: CB5.4
 --- UTM-X: 396587 UTM-Y: 4184289 Depth: 5.5 Value: 83.3 Station: CB5.4
 --- UTM-X: 396587 UTM-Y: 4184289 Depth: 6 Value: 81.7 Station: CB5.4
 --- UTM-X: 396587 UTM-Y: 4184289 Depth: 6.5 Value: 81.6 Station: CB5.4
 --- UTM-X: 396587 UTM-Y: 4184289 Depth: 7 Value: 81.5 Station: CB5.4
 --- UTM-X: 396587 UTM-Y: 4184289 Depth: 7.5 Value: 81.5 Station: CB5.4
 --- UTM-X: 396587 UTM-Y: 4184289 Depth: 8 Value: 81.5 Station: CB5.4
 --- UTM-X: 396587 UTM-Y: 4184289 Depth: 8.5 Value: 81.2 Station: CB5.4
 --- UTM-X: 396587 UTM-Y: 4184289 Depth: 9 Value: 80.8 Station: CB5.4
 --- UTM-X: 396587 UTM-Y: 4184289 Depth: 9.5 Value: 80.6 Station: CB5.4
 --- UTM-X: 396587 UTM-Y: 4184289 Depth: 10 Value: 80.3 Station: CB5.4
 --- UTM-X: 396587 UTM-Y: 4184289 Depth: 10.5 Value: 80.4 Station: CB5.4
 --- UTM-X: 396587 UTM-Y: 4184289 Depth: 11 Value: 80.5 Station: CB5.4
 --- UTM-X: 396587 UTM-Y: 4184289 Depth: 11.5 Value: 80.4 Station: CB5.4
 --- UTM-X: 396587 UTM-Y: 4184289 Depth: 12 Value: 80.4 Station: CB5.4
 --- UTM-X: 396587 UTM-Y: 4184289 Depth: 12.5 Value: 80.4 Station: CB5.4
 --- UTM-X: 396587 UTM-Y: 4184289 Depth: 13 Value: 80.5 Station: CB5.4
 --- UTM-X: 396587 UTM-Y: 4184289 Depth: 13.5 Value: 80.5 Station: CB5.4
 --- UTM-X: 396587 UTM-Y: 4184289 Depth: 14 Value: 80.5 Station: CB5.4
 --- UTM-X: 396587 UTM-Y: 4184289 Depth: 14.5 Value: 80.4 Station: CB5.4
 --- UTM-X: 396587 UTM-Y: 4184289 Depth: 15 Value: 80.4 Station: CB5.4
 --- UTM-X: 396587 UTM-Y: 4184289 Depth: 15.5 Value: 80.5 Station: CB5.4
 --- UTM-X: 396587 UTM-Y: 4184289 Depth: 16 Value: 80.5 Station: CB5.4
 --- UTM-X: 396587 UTM-Y: 4184289 Depth: 16.5 Value: 80.5 Station: CB5.4
 --- UTM-X: 396587 UTM-Y: 4184289 Depth: 17 Value: 80.5 Station: CB5.4
 --- UTM-X: 396587 UTM-Y: 4184289 Depth: 17.5 Value: 80.5 Station: CB5.4
 --- UTM-X: 396587 UTM-Y: 4184289 Depth: 18 Value: 80.5 Station: CB5.4
 --- UTM-X: 396587 UTM-Y: 4184289 Depth: 18.5 Value: 80.6 Station: CB5.4
 --- UTM-X: 396587 UTM-Y: 4184289 Depth: 19 Value: 80.7 Station: CB5.4
 --- UTM-X: 396587 UTM-Y: 4184289 Depth: 19.5 Value: 80.7 Station: CB5.4
 --- UTM-X: 396587 UTM-Y: 4184289 Depth: 20 Value: 80.7 Station: CB5.4
 --- UTM-X: 396587 UTM-Y: 4184289 Depth: 20.5 Value: 80.7 Station: CB5.4
 --- UTM-X: 396587 UTM-Y: 4184289 Depth: 21 Value: 80.7 Station: CB5.4
 --- UTM-X: 396587 UTM-Y: 4184289 Depth: 21.5 Value: 80.7 Station: CB5.4
 --- UTM-X: 396587 UTM-Y: 4184289 Depth: 22 Value: 80.8 Station: CB5.4
 --- UTM-X: 396587 UTM-Y: 4184289 Depth: 22.5 Value: 80.8 Station: CB5.4
 --- UTM-X: 396587 UTM-Y: 4184289 Depth: 23 Value: 80.8 Station: CB5.4
 --- UTM-X: 396587 UTM-Y: 4184289 Depth: 23.5 Value: 80.8 Station: CB5.4
 --- UTM-X: 396587 UTM-Y: 4184289 Depth: 24 Value: 80.8 Station: CB5.4
 --- UTM-X: 396587 UTM-Y: 4184289 Depth: 24.5 Value: 80.9 Station: CB5.4
 --- UTM-X: 396587 UTM-Y: 4184289 Depth: 25 Value: 80.9 Station: CB5.4
 --- UTM-X: 396587 UTM-Y: 4184289 Depth: 25.5 Value: 80.8 Station: CB5.4
 --- UTM-X: 396587 UTM-Y: 4184289 Depth: 26 Value: 80.8 Station: CB5.4
 --- UTM-X: 396587 UTM-Y: 4184289 Depth: 26.5 Value: 80.8 Station: CB5.4
 --- UTM-X: 396587 UTM-Y: 4184289 Depth: 27 Value: 80.8 Station: CB5.4
 --- UTM-X: 396587 UTM-Y: 4184289 Depth: 27.5 Value: 80.8 Station: CB5.4
 --- UTM-X: 396587 UTM-Y: 4184289 Depth: 28 Value: 80.8 Station: CB5.4
 --- UTM-X: 396587 UTM-Y: 4184289 Depth: 28.5 Value: 80.7 Station: CB5.4
 --- UTM-X: 396587 UTM-Y: 4184289 Depth: 29 Value: 80.7 Station: CB5.4
 --- UTM-X: 396587 UTM-Y: 4184289 Depth: 29.5 Value: 80.7 Station: CB5.4
 --- UTM-X: 396587 UTM-Y: 4184289 Depth: 30 Value: 80.7 Station: CB5.4
 --- UTM-X: 361327 UTM-Y: 4225505 Depth: 0 Value: 82.4 Station: LE2.2
 --- UTM-X: 361327 UTM-Y: 4225505 Depth: 0.5 Value: 82.3 Station: LE2.2
 --- UTM-X: 361327 UTM-Y: 4225505 Depth: 1 Value: 82.2 Station: LE2.2
 --- UTM-X: 361327 UTM-Y: 4225505 Depth: 1.5 Value: 82.1 Station: LE2.2
 --- UTM-X: 361327 UTM-Y: 4225505 Depth: 2 Value: 82 Station: LE2.2
 --- UTM-X: 361327 UTM-Y: 4225505 Depth: 2.5 Value: 82 Station: LE2.2
 --- UTM-X: 361327 UTM-Y: 4225505 Depth: 3 Value: 82 Station: LE2.2
 --- UTM-X: 361327 UTM-Y: 4225505 Depth: 3.5 Value: 82 Station: LE2.2
 --- UTM-X: 361327 UTM-Y: 4225505 Depth: 4 Value: 81.9 Station: LE2.2
 --- UTM-X: 361327 UTM-Y: 4225505 Depth: 4.5 Value: 81.7 Station: LE2.2
 --- UTM-X: 361327 UTM-Y: 4225505 Depth: 5 Value: 81.5 Station: LE2.2
 --- UTM-X: 361327 UTM-Y: 4225505 Depth: 5.5 Value: 81 Station: LE2.2
 --- UTM-X: 361327 UTM-Y: 4225505 Depth: 6 Value: 80.4 Station: LE2.2
 --- UTM-X: 361327 UTM-Y: 4225505 Depth: 6.5 Value: 80.3 Station: LE2.2
 --- UTM-X: 361327 UTM-Y: 4225505 Depth: 7 Value: 80.2 Station: LE2.2
 --- UTM-X: 361327 UTM-Y: 4225505 Depth: 7.5 Value: 80.2 Station: LE2.2
 --- UTM-X: 361327 UTM-Y: 4225505 Depth: 8 Value: 80.1 Station: LE2.2
 --- UTM-X: 361327 UTM-Y: 4225505 Depth: 8.5 Value: 79.9 Station: LE2.2
 --- UTM-X: 361327 UTM-Y: 4225505 Depth: 9 Value: 79.7 Station: LE2.2
 --- UTM-X: 361327 UTM-Y: 4225505 Depth: 9.5 Value: 78.7 Station: LE2.2
 --- UTM-X: 361327 UTM-Y: 4225505 Depth: 10 Value: 77.7 Station: LE2.2
 --- UTM-X: 361327 UTM-Y: 4225505 Depth: 10.5 Value: 76.6 Station: LE2.2
 --- UTM-X: 361327 UTM-Y: 4225505 Depth: 11 Value: 75.6 Station: LE2.2
 --- UTM-X: 361327 UTM-Y: 4225505 Depth: 11.5 Value: 75.6 Station: LE2.2
 --- UTM-X: 381705 UTM-Y: 4209059 Depth: 0 Value: 82.4 Station: LE2.3
 --- UTM-X: 381705 UTM-Y: 4209059 Depth: 0.5 Value: 82.3 Station: LE2.3
 --- UTM-X: 381705 UTM-Y: 4209059 Depth: 1 Value: 82.2 Station: LE2.3
 --- UTM-X: 381705 UTM-Y: 4209059 Depth: 1.5 Value: 82.2 Station: LE2.3
 --- UTM-X: 381705 UTM-Y: 4209059 Depth: 2 Value: 82.2 Station: LE2.3
 --- UTM-X: 381705 UTM-Y: 4209059 Depth: 2.5 Value: 82.1 Station: LE2.3
 --- UTM-X: 381705 UTM-Y: 4209059 Depth: 3 Value: 82 Station: LE2.3
 --- UTM-X: 381705 UTM-Y: 4209059 Depth: 3.5 Value: 82 Station: LE2.3
 --- UTM-X: 381705 UTM-Y: 4209059 Depth: 4 Value: 82 Station: LE2.3
 --- UTM-X: 381705 UTM-Y: 4209059 Depth: 4.5 Value: 82 Station: LE2.3
 --- UTM-X: 381705 UTM-Y: 4209059 Depth: 5 Value: 82 Station: LE2.3
 --- UTM-X: 381705 UTM-Y: 4209059 Depth: 5.5 Value: 82 Station: LE2.3
 --- UTM-X: 381705 UTM-Y: 4209059 Depth: 6 Value: 82 Station: LE2.3
 --- UTM-X: 381705 UTM-Y: 4209059 Depth: 6.5 Value: 81.9 Station: LE2.3
 --- UTM-X: 381705 UTM-Y: 4209059 Depth: 7 Value: 81.7 Station: LE2.3
 --- UTM-X: 381705 UTM-Y: 4209059 Depth: 7.5 Value: 80.2 Station: LE2.3
 --- UTM-X: 381705 UTM-Y: 4209059 Depth: 8 Value: 78.8 Station: LE2.3
 --- UTM-X: 381705 UTM-Y: 4209059 Depth: 8.5 Value: 78.5 Station: LE2.3
 --- UTM-X: 381705 UTM-Y: 4209059 Depth: 9 Value: 78.3 Station: LE2.3
 --- UTM-X: 381705 UTM-Y: 4209059 Depth: 9.5 Value: 77.6 Station: LE2.3
 --- UTM-X: 381705 UTM-Y: 4209059 Depth: 10 Value: 77 Station: LE2.3
 --- UTM-X: 381705 UTM-Y: 4209059 Depth: 10.5 Value: 76.9 Station: LE2.3
 --- UTM-X: 381705 UTM-Y: 4209059 Depth: 11 Value: 76.8 Station: LE2.3
 --- UTM-X: 381705 UTM-Y: 4209059 Depth: 11.5 Value: 76.7 Station: LE2.3
 --- UTM-X: 381705 UTM-Y: 4209059 Depth: 12 Value: 76.6 Station: LE2.3
 --- UTM-X: 381705 UTM-Y: 4209059 Depth: 12.5 Value: 76.6 Station: LE2.3
 --- UTM-X: 381705 UTM-Y: 4209059 Depth: 13 Value: 76.6 Station: LE2.3
 --- UTM-X: 381705 UTM-Y: 4209059 Depth: 13.5 Value: 76.5 Station: LE2.3
 --- UTM-X: 381705 UTM-Y: 4209059 Depth: 14 Value: 76.4 Station: LE2.3
 --- UTM-X: 381705 UTM-Y: 4209059 Depth: 14.5 Value: 76.2 Station: LE2.3
 --- UTM-X: 381705 UTM-Y: 4209059 Depth: 15 Value: 76.1 Station: LE2.3
 --- UTM-X: 381705 UTM-Y: 4209059 Depth: 15.5 Value: 76 Station: LE2.3
 --- UTM-X: 381705 UTM-Y: 4209059 Depth: 16 Value: 75.9 Station: LE2.3
 --- UTM-X: 381705 UTM-Y: 4209059 Depth: 16.5 Value: 75.8 Station: LE2.3
 --- UTM-X: 381705 UTM-Y: 4209059 Depth: 17 Value: 75.7 Station: LE2.3
 --- UTM-X: 326093 UTM-Y: 4247926 Depth: 0 Value: 82.8 Station: RET2.4
 --- UTM-X: 326093 UTM-Y: 4247926 Depth: 0.5 Value: 82.8 Station: RET2.4
 --- UTM-X: 326093 UTM-Y: 4247926 Depth: 1 Value: 82.8 Station: RET2.4
 --- UTM-X: 326093 UTM-Y: 4247926 Depth: 1.5 Value: 82.8 Station: RET2.4
 --- UTM-X: 326093 UTM-Y: 4247926 Depth: 2 Value: 82.8 Station: RET2.4
 --- UTM-X: 326093 UTM-Y: 4247926 Depth: 2.5 Value: 82.7 Station: RET2.4
 --- UTM-X: 326093 UTM-Y: 4247926 Depth: 3 Value: 82.6 Station: RET2.4
 --- UTM-X: 326093 UTM-Y: 4247926 Depth: 3.5 Value: 82.3 Station: RET2.4
 --- UTM-X: 326093 UTM-Y: 4247926 Depth: 4 Value: 82 Station: RET2.4
 --- UTM-X: 326093 UTM-Y: 4247926 Depth: 4.5 Value: 82 Station: RET2.4
 --- UTM-X: 326093 UTM-Y: 4247926 Depth: 5 Value: 82 Station: RET2.4
 --- UTM-X: 326093 UTM-Y: 4247926 Depth: 5.5 Value: 81.7 Station: RET2.4
 --- UTM-X: 326093 UTM-Y: 4247926 Depth: 6 Value: 81.3 Station: RET2.4
 --- UTM-X: 326093 UTM-Y: 4247926 Depth: 6.5 Value: 80.9 Station: RET2.4
 --- UTM-X: 326093 UTM-Y: 4247926 Depth: 7 Value: 80.4 Station: RET2.4
 --- UTM-X: 326093 UTM-Y: 4247926 Depth: 7.5 Value: 80.1 Station: RET2.4
 --- UTM-X: 326093 UTM-Y: 4247926 Depth: 8 Value: 79.7 Station: RET2.4
 --- UTM-X: 326093 UTM-Y: 4247926 Depth: 8.5 Value: 79.5 Station: RET2.4
 --- UTM-X: 326093 UTM-Y: 4247926 Depth: 9 Value: 79.3 Station: RET2.4
 --- UTM-X: 326093 UTM-Y: 4247926 Depth: 9.5 Value: 79.3 Station: RET2.4
 --- UTM-X: 326093 UTM-Y: 4247926 Depth: 10 Value: 79.3 Station: RET2.4
 --- UTM-X: 326093 UTM-Y: 4247926 Depth: 10.5 Value: 79.1 Station: RET2.4
 --- UTM-X: 326093 UTM-Y: 4247926 Depth: 11 Value: 78.8 Station: RET2.4
 --- UTM-X: 326093 UTM-Y: 4247926 Depth: 11.5 Value: 78.8 Station: RET2.4
 --- UTM-X: 326093 UTM-Y: 4247926 Depth: 12 Value: 78.8 Station: RET2.4
 --- UTM-X: 326093 UTM-Y: 4247926 Depth: 12.5 Value: 78.5 Station: RET2.4
 --- UTM-X: 326093 UTM-Y: 4247926 Depth: 13 Value: 78.3 Station: RET2.4
 --- UTM-X: 326093 UTM-Y: 4247926 Depth: 13.5 Value: 78.3 Station: RET2.4
 --- UTM-X: 326093 UTM-Y: 4247926 Depth: 14 Value: 78.4 Station: RET2.4
 --- UTM-X: 326093 UTM-Y: 4247926 Depth: 14.5 Value: 78.3 Station: RET2.4
 --- UTM-X: 326093 UTM-Y: 4247926 Depth: 15 Value: 78.3 Station: RET2.4
 --- UTM-X: 326093 UTM-Y: 4247926 Depth: 15.5 Value: 78.3 Station: RET2.4
 --- UTM-X: 326093 UTM-Y: 4247926 Depth: 16 Value: 78.3 Station: RET2.4
 --- 5792 cells were interpolated in region POTMH.  Subtotal: 163291 total cells.
 ---- Region was calculated in 0 seconds. Segment volume (m^3) = 5792000000
 
 - Bathymetry Region ID: 1054  Region Name: RPPTF  Data Points: 79 in data region 1054
 -- Cell Size  E-W: 250  N-S: 250  Vertical: 1
 --- Data in Region ---
 --- UTM-X: 339910 UTM-Y: 4198518 Depth: 0 Value: 86.6 Station: RET3.1
 --- UTM-X: 339910 UTM-Y: 4198518 Depth: 0.5 Value: 86.6 Station: RET3.1
 --- UTM-X: 339910 UTM-Y: 4198518 Depth: 1 Value: 86.6 Station: RET3.1
 --- UTM-X: 339910 UTM-Y: 4198518 Depth: 1.5 Value: 86.4 Station: RET3.1
 --- UTM-X: 339910 UTM-Y: 4198518 Depth: 2 Value: 86.1 Station: RET3.1
 --- UTM-X: 339910 UTM-Y: 4198518 Depth: 2.5 Value: 86.2 Station: RET3.1
 --- UTM-X: 339910 UTM-Y: 4198518 Depth: 3 Value: 86.3 Station: RET3.1
 --- UTM-X: 339910 UTM-Y: 4198518 Depth: 3.5 Value: 86.3 Station: RET3.1
 --- UTM-X: 339910 UTM-Y: 4198518 Depth: 4 Value: 86.4 Station: RET3.1
 --- UTM-X: 339910 UTM-Y: 4198518 Depth: 4.5 Value: 86.6 Station: RET3.1
 --- UTM-X: 339910 UTM-Y: 4198518 Depth: 5 Value: 86.8 Station: RET3.1
 --- UTM-X: 349206 UTM-Y: 4185947 Depth: 0 Value: 84.8 Station: RET3.2
 --- UTM-X: 349206 UTM-Y: 4185947 Depth: 0.5 Value: 84.8 Station: RET3.2
 --- UTM-X: 349206 UTM-Y: 4185947 Depth: 1 Value: 84.8 Station: RET3.2
 --- UTM-X: 349206 UTM-Y: 4185947 Depth: 1.5 Value: 84.8 Station: RET3.2
 --- UTM-X: 349206 UTM-Y: 4185947 Depth: 2 Value: 84.8 Station: RET3.2
 --- UTM-X: 349206 UTM-Y: 4185947 Depth: 2.5 Value: 84.8 Station: RET3.2
 --- UTM-X: 349206 UTM-Y: 4185947 Depth: 3 Value: 84.7 Station: RET3.2
 --- UTM-X: 349206 UTM-Y: 4185947 Depth: 3.5 Value: 84.7 Station: RET3.2
 --- UTM-X: 349206 UTM-Y: 4185947 Depth: 4 Value: 84.7 Station: RET3.2
 --- UTM-X: 349206 UTM-Y: 4185947 Depth: 4.5 Value: 84.7 Station: RET3.2
 --- UTM-X: 349206 UTM-Y: 4185947 Depth: 5 Value: 84.7 Station: RET3.2
 --- UTM-X: 304541 UTM-Y: 4235434 Depth: 0 Value: 81.7 Station: TF3.1B
 --- UTM-X: 304541 UTM-Y: 4235434 Depth: 0.5 Value: 81.7 Station: TF3.1B
 --- UTM-X: 304541 UTM-Y: 4235434 Depth: 1 Value: 81.7 Station: TF3.1B
 --- UTM-X: 304541 UTM-Y: 4235434 Depth: 1.5 Value: 81.7 Station: TF3.1B
 --- UTM-X: 304541 UTM-Y: 4235434 Depth: 2 Value: 81.7 Station: TF3.1B
 --- UTM-X: 304541 UTM-Y: 4235434 Depth: 2.5 Value: 81.7 Station: TF3.1B
 --- UTM-X: 304541 UTM-Y: 4235434 Depth: 3 Value: 81.6 Station: TF3.1B
 --- UTM-X: 296444 UTM-Y: 4235572 Depth: 0 Value: 82 Station: TF3.1E
 --- UTM-X: 296444 UTM-Y: 4235572 Depth: 0.5 Value: 82 Station: TF3.1E
 --- UTM-X: 296444 UTM-Y: 4235572 Depth: 1 Value: 82 Station: TF3.1E
 --- UTM-X: 296444 UTM-Y: 4235572 Depth: 1.5 Value: 81.9 Station: TF3.1E
 --- UTM-X: 296444 UTM-Y: 4235572 Depth: 2 Value: 81.8 Station: TF3.1E
 --- UTM-X: 296444 UTM-Y: 4235572 Depth: 2.5 Value: 81.7 Station: TF3.1E
 --- UTM-X: 296444 UTM-Y: 4235572 Depth: 3 Value: 81.6 Station: TF3.1E
 --- UTM-X: 308318 UTM-Y: 4227479 Depth: 0 Value: 81.7 Station: TF3.2
 --- UTM-X: 308318 UTM-Y: 4227479 Depth: 0.5 Value: 81.7 Station: TF3.2
 --- UTM-X: 308318 UTM-Y: 4227479 Depth: 1 Value: 81.7 Station: TF3.2
 --- UTM-X: 308318 UTM-Y: 4227479 Depth: 1.5 Value: 81.7 Station: TF3.2
 --- UTM-X: 308318 UTM-Y: 4227479 Depth: 2 Value: 81.7 Station: TF3.2
 --- UTM-X: 308318 UTM-Y: 4227479 Depth: 2.5 Value: 81.7 Station: TF3.2
 --- UTM-X: 308318 UTM-Y: 4227479 Depth: 3 Value: 81.7 Station: TF3.2
 --- UTM-X: 308318 UTM-Y: 4227479 Depth: 3.5 Value: 81.7 Station: TF3.2
 --- UTM-X: 308318 UTM-Y: 4227479 Depth: 4 Value: 81.7 Station: TF3.2
 --- UTM-X: 308318 UTM-Y: 4227479 Depth: 4.5 Value: 81.7 Station: TF3.2
 --- UTM-X: 308318 UTM-Y: 4227479 Depth: 5 Value: 81.6 Station: TF3.2
 --- UTM-X: 308318 UTM-Y: 4227479 Depth: 5.5 Value: 81.6 Station: TF3.2
 --- UTM-X: 308318 UTM-Y: 4227479 Depth: 6 Value: 81.6 Station: TF3.2
 --- UTM-X: 308318 UTM-Y: 4227479 Depth: 6.5 Value: 81.6 Station: TF3.2
 --- UTM-X: 308318 UTM-Y: 4227479 Depth: 7 Value: 81.6 Station: TF3.2
 --- UTM-X: 308318 UTM-Y: 4227479 Depth: 7.5 Value: 81.6 Station: TF3.2
 --- UTM-X: 308318 UTM-Y: 4227479 Depth: 8 Value: 81.6 Station: TF3.2
 --- UTM-X: 320112 UTM-Y: 4220239 Depth: 0 Value: 86 Station: TF3.2A
 --- UTM-X: 320112 UTM-Y: 4220239 Depth: 0.5 Value: 86 Station: TF3.2A
 --- UTM-X: 320112 UTM-Y: 4220239 Depth: 1 Value: 86 Station: TF3.2A
 --- UTM-X: 320112 UTM-Y: 4220239 Depth: 1.5 Value: 86 Station: TF3.2A
 --- UTM-X: 320112 UTM-Y: 4220239 Depth: 2 Value: 86 Station: TF3.2A
 --- UTM-X: 320112 UTM-Y: 4220239 Depth: 2.5 Value: 86 Station: TF3.2A
 --- UTM-X: 320112 UTM-Y: 4220239 Depth: 3 Value: 86 Station: TF3.2A
 --- UTM-X: 320112 UTM-Y: 4220239 Depth: 3.5 Value: 86 Station: TF3.2A
 --- UTM-X: 320112 UTM-Y: 4220239 Depth: 4 Value: 85.9 Station: TF3.2A
 --- UTM-X: 320112 UTM-Y: 4220239 Depth: 4.5 Value: 86 Station: TF3.2A
 --- UTM-X: 320112 UTM-Y: 4220239 Depth: 5 Value: 86 Station: TF3.2A
 --- UTM-X: 332516 UTM-Y: 4209613 Depth: 0 Value: 87.5 Station: TF3.3
 --- UTM-X: 332516 UTM-Y: 4209613 Depth: 0.5 Value: 87.5 Station: TF3.3
 --- UTM-X: 332516 UTM-Y: 4209613 Depth: 1 Value: 87.5 Station: TF3.3
 --- UTM-X: 332516 UTM-Y: 4209613 Depth: 1.5 Value: 87 Station: TF3.3
 --- UTM-X: 332516 UTM-Y: 4209613 Depth: 2 Value: 86.5 Station: TF3.3
 --- UTM-X: 332516 UTM-Y: 4209613 Depth: 2.5 Value: 86.5 Station: TF3.3
 --- UTM-X: 332516 UTM-Y: 4209613 Depth: 3 Value: 86.4 Station: TF3.3
 --- UTM-X: 332516 UTM-Y: 4209613 Depth: 3.5 Value: 86.4 Station: TF3.3
 --- UTM-X: 332516 UTM-Y: 4209613 Depth: 4 Value: 86.4 Station: TF3.3
 --- UTM-X: 332516 UTM-Y: 4209613 Depth: 4.5 Value: 86.4 Station: TF3.3
 --- UTM-X: 332516 UTM-Y: 4209613 Depth: 5 Value: 86.3 Station: TF3.3
 --- UTM-X: 332516 UTM-Y: 4209613 Depth: 5.5 Value: 86.3 Station: TF3.3
 --- UTM-X: 332516 UTM-Y: 4209613 Depth: 6 Value: 86.3 Station: TF3.3
 --- UTM-X: 332516 UTM-Y: 4209613 Depth: 6.5 Value: 86.3 Station: TF3.3
 --- UTM-X: 332516 UTM-Y: 4209613 Depth: 7 Value: 86.3 Station: TF3.3
 --- 1719 cells were interpolated in region RPPTF.  Subtotal: 165010 total cells.
 ---- Region was calculated in 0 seconds. Segment volume (m^3) = 107437500
 
 - Bathymetry Region ID: 1055  Region Name: RPPOH  Data Points: 94 in data region 1055
 -- Cell Size  E-W: 100  N-S: 100  Vertical: 1
 --- Data in Region ---
 --- UTM-X: 357233 UTM-Y: 4180501 Depth: 0 Value: 85.3 Station: LE3.1
 --- UTM-X: 357233 UTM-Y: 4180501 Depth: 0.5 Value: 85.3 Station: LE3.1
 --- UTM-X: 357233 UTM-Y: 4180501 Depth: 1 Value: 85.3 Station: LE3.1
 --- UTM-X: 357233 UTM-Y: 4180501 Depth: 1.5 Value: 84.9 Station: LE3.1
 --- UTM-X: 357233 UTM-Y: 4180501 Depth: 2 Value: 84.4 Station: LE3.1
 --- UTM-X: 357233 UTM-Y: 4180501 Depth: 2.5 Value: 84.4 Station: LE3.1
 --- UTM-X: 357233 UTM-Y: 4180501 Depth: 3 Value: 84.3 Station: LE3.1
 --- UTM-X: 357233 UTM-Y: 4180501 Depth: 3.5 Value: 84.3 Station: LE3.1
 --- UTM-X: 357233 UTM-Y: 4180501 Depth: 4 Value: 84.3 Station: LE3.1
 --- UTM-X: 357233 UTM-Y: 4180501 Depth: 4.5 Value: 84.3 Station: LE3.1
 --- UTM-X: 357233 UTM-Y: 4180501 Depth: 5 Value: 84.2 Station: LE3.1
 --- UTM-X: 357233 UTM-Y: 4180501 Depth: 5.5 Value: 84.1 Station: LE3.1
 --- UTM-X: 357233 UTM-Y: 4180501 Depth: 6 Value: 84 Station: LE3.1
 --- UTM-X: 357233 UTM-Y: 4180501 Depth: 6.5 Value: 83.7 Station: LE3.1
 --- UTM-X: 357233 UTM-Y: 4180501 Depth: 7 Value: 83.5 Station: LE3.1
 --- UTM-X: 339910 UTM-Y: 4198518 Depth: 0 Value: 86.6 Station: RET3.1
 --- UTM-X: 339910 UTM-Y: 4198518 Depth: 0.5 Value: 86.6 Station: RET3.1
 --- UTM-X: 339910 UTM-Y: 4198518 Depth: 1 Value: 86.6 Station: RET3.1
 --- UTM-X: 339910 UTM-Y: 4198518 Depth: 1.5 Value: 86.4 Station: RET3.1
 --- UTM-X: 339910 UTM-Y: 4198518 Depth: 2 Value: 86.1 Station: RET3.1
 --- UTM-X: 339910 UTM-Y: 4198518 Depth: 2.5 Value: 86.2 Station: RET3.1
 --- UTM-X: 339910 UTM-Y: 4198518 Depth: 3 Value: 86.3 Station: RET3.1
 --- UTM-X: 339910 UTM-Y: 4198518 Depth: 3.5 Value: 86.3 Station: RET3.1
 --- UTM-X: 339910 UTM-Y: 4198518 Depth: 4 Value: 86.4 Station: RET3.1
 --- UTM-X: 339910 UTM-Y: 4198518 Depth: 4.5 Value: 86.6 Station: RET3.1
 --- UTM-X: 339910 UTM-Y: 4198518 Depth: 5 Value: 86.8 Station: RET3.1
 --- UTM-X: 349206 UTM-Y: 4185947 Depth: 0 Value: 84.8 Station: RET3.2
 --- UTM-X: 349206 UTM-Y: 4185947 Depth: 0.5 Value: 84.8 Station: RET3.2
 --- UTM-X: 349206 UTM-Y: 4185947 Depth: 1 Value: 84.8 Station: RET3.2
 --- UTM-X: 349206 UTM-Y: 4185947 Depth: 1.5 Value: 84.8 Station: RET3.2
 --- UTM-X: 349206 UTM-Y: 4185947 Depth: 2 Value: 84.8 Station: RET3.2
 --- UTM-X: 349206 UTM-Y: 4185947 Depth: 2.5 Value: 84.8 Station: RET3.2
 --- UTM-X: 349206 UTM-Y: 4185947 Depth: 3 Value: 84.7 Station: RET3.2
 --- UTM-X: 349206 UTM-Y: 4185947 Depth: 3.5 Value: 84.7 Station: RET3.2
 --- UTM-X: 349206 UTM-Y: 4185947 Depth: 4 Value: 84.7 Station: RET3.2
 --- UTM-X: 349206 UTM-Y: 4185947 Depth: 4.5 Value: 84.7 Station: RET3.2
 --- UTM-X: 349206 UTM-Y: 4185947 Depth: 5 Value: 84.7 Station: RET3.2
 --- UTM-X: 304541 UTM-Y: 4235434 Depth: 0 Value: 81.7 Station: TF3.1B
 --- UTM-X: 304541 UTM-Y: 4235434 Depth: 0.5 Value: 81.7 Station: TF3.1B
 --- UTM-X: 304541 UTM-Y: 4235434 Depth: 1 Value: 81.7 Station: TF3.1B
 --- UTM-X: 304541 UTM-Y: 4235434 Depth: 1.5 Value: 81.7 Station: TF3.1B
 --- UTM-X: 304541 UTM-Y: 4235434 Depth: 2 Value: 81.7 Station: TF3.1B
 --- UTM-X: 304541 UTM-Y: 4235434 Depth: 2.5 Value: 81.7 Station: TF3.1B
 --- UTM-X: 304541 UTM-Y: 4235434 Depth: 3 Value: 81.6 Station: TF3.1B
 --- UTM-X: 296444 UTM-Y: 4235572 Depth: 0 Value: 82 Station: TF3.1E
 --- UTM-X: 296444 UTM-Y: 4235572 Depth: 0.5 Value: 82 Station: TF3.1E
 --- UTM-X: 296444 UTM-Y: 4235572 Depth: 1 Value: 82 Station: TF3.1E
 --- UTM-X: 296444 UTM-Y: 4235572 Depth: 1.5 Value: 81.9 Station: TF3.1E
 --- UTM-X: 296444 UTM-Y: 4235572 Depth: 2 Value: 81.8 Station: TF3.1E
 --- UTM-X: 296444 UTM-Y: 4235572 Depth: 2.5 Value: 81.7 Station: TF3.1E
 --- UTM-X: 296444 UTM-Y: 4235572 Depth: 3 Value: 81.6 Station: TF3.1E
 --- UTM-X: 308318 UTM-Y: 4227479 Depth: 0 Value: 81.7 Station: TF3.2
 --- UTM-X: 308318 UTM-Y: 4227479 Depth: 0.5 Value: 81.7 Station: TF3.2
 --- UTM-X: 308318 UTM-Y: 4227479 Depth: 1 Value: 81.7 Station: TF3.2
 --- UTM-X: 308318 UTM-Y: 4227479 Depth: 1.5 Value: 81.7 Station: TF3.2
 --- UTM-X: 308318 UTM-Y: 4227479 Depth: 2 Value: 81.7 Station: TF3.2
 --- UTM-X: 308318 UTM-Y: 4227479 Depth: 2.5 Value: 81.7 Station: TF3.2
 --- UTM-X: 308318 UTM-Y: 4227479 Depth: 3 Value: 81.7 Station: TF3.2
 --- UTM-X: 308318 UTM-Y: 4227479 Depth: 3.5 Value: 81.7 Station: TF3.2
 --- UTM-X: 308318 UTM-Y: 4227479 Depth: 4 Value: 81.7 Station: TF3.2
 --- UTM-X: 308318 UTM-Y: 4227479 Depth: 4.5 Value: 81.7 Station: TF3.2
 --- UTM-X: 308318 UTM-Y: 4227479 Depth: 5 Value: 81.6 Station: TF3.2
 --- UTM-X: 308318 UTM-Y: 4227479 Depth: 5.5 Value: 81.6 Station: TF3.2
 --- UTM-X: 308318 UTM-Y: 4227479 Depth: 6 Value: 81.6 Station: TF3.2
 --- UTM-X: 308318 UTM-Y: 4227479 Depth: 6.5 Value: 81.6 Station: TF3.2
 --- UTM-X: 308318 UTM-Y: 4227479 Depth: 7 Value: 81.6 Station: TF3.2
 --- UTM-X: 308318 UTM-Y: 4227479 Depth: 7.5 Value: 81.6 Station: TF3.2
 --- UTM-X: 308318 UTM-Y: 4227479 Depth: 8 Value: 81.6 Station: TF3.2
 --- UTM-X: 320112 UTM-Y: 4220239 Depth: 0 Value: 86 Station: TF3.2A
 --- UTM-X: 320112 UTM-Y: 4220239 Depth: 0.5 Value: 86 Station: TF3.2A
 --- UTM-X: 320112 UTM-Y: 4220239 Depth: 1 Value: 86 Station: TF3.2A
 --- UTM-X: 320112 UTM-Y: 4220239 Depth: 1.5 Value: 86 Station: TF3.2A
 --- UTM-X: 320112 UTM-Y: 4220239 Depth: 2 Value: 86 Station: TF3.2A
 --- UTM-X: 320112 UTM-Y: 4220239 Depth: 2.5 Value: 86 Station: TF3.2A
 --- UTM-X: 320112 UTM-Y: 4220239 Depth: 3 Value: 86 Station: TF3.2A
 --- UTM-X: 320112 UTM-Y: 4220239 Depth: 3.5 Value: 86 Station: TF3.2A
 --- UTM-X: 320112 UTM-Y: 4220239 Depth: 4 Value: 85.9 Station: TF3.2A
 --- UTM-X: 320112 UTM-Y: 4220239 Depth: 4.5 Value: 86 Station: TF3.2A
 --- UTM-X: 320112 UTM-Y: 4220239 Depth: 5 Value: 86 Station: TF3.2A
 --- UTM-X: 332516 UTM-Y: 4209613 Depth: 0 Value: 87.5 Station: TF3.3
 --- UTM-X: 332516 UTM-Y: 4209613 Depth: 0.5 Value: 87.5 Station: TF3.3
 --- UTM-X: 332516 UTM-Y: 4209613 Depth: 1 Value: 87.5 Station: TF3.3
 --- UTM-X: 332516 UTM-Y: 4209613 Depth: 1.5 Value: 87 Station: TF3.3
 --- UTM-X: 332516 UTM-Y: 4209613 Depth: 2 Value: 86.5 Station: TF3.3
 --- UTM-X: 332516 UTM-Y: 4209613 Depth: 2.5 Value: 86.5 Station: TF3.3
 --- UTM-X: 332516 UTM-Y: 4209613 Depth: 3 Value: 86.4 Station: TF3.3
 --- UTM-X: 332516 UTM-Y: 4209613 Depth: 3.5 Value: 86.4 Station: TF3.3
 --- UTM-X: 332516 UTM-Y: 4209613 Depth: 4 Value: 86.4 Station: TF3.3
 --- UTM-X: 332516 UTM-Y: 4209613 Depth: 4.5 Value: 86.4 Station: TF3.3
 --- UTM-X: 332516 UTM-Y: 4209613 Depth: 5 Value: 86.3 Station: TF3.3
 --- UTM-X: 332516 UTM-Y: 4209613 Depth: 5.5 Value: 86.3 Station: TF3.3
 --- UTM-X: 332516 UTM-Y: 4209613 Depth: 6 Value: 86.3 Station: TF3.3
 --- UTM-X: 332516 UTM-Y: 4209613 Depth: 6.5 Value: 86.3 Station: TF3.3
 --- UTM-X: 332516 UTM-Y: 4209613 Depth: 7 Value: 86.3 Station: TF3.3
 --- 5358 cells were interpolated in region RPPOH.  Subtotal: 170368 total cells.
 ---- Region was calculated in 0 seconds. Segment volume (m^3) = 53580000
 
 - Bathymetry Region ID: 1056  Region Name: RPPMH  Data Points: 411 in data region 1056
 -- Cell Size  E-W: 500  N-S: 500  Vertical: 1
 --- Data in Region ---
 --- UTM-X: 395113 UTM-Y: 4172286 Depth: 0 Value: 83.4 Station: CB5.5
 --- UTM-X: 395113 UTM-Y: 4172286 Depth: 0.5 Value: 83.4 Station: CB5.5
 --- UTM-X: 395113 UTM-Y: 4172286 Depth: 1 Value: 83.4 Station: CB5.5
 --- UTM-X: 395113 UTM-Y: 4172286 Depth: 1.5 Value: 83.4 Station: CB5.5
 --- UTM-X: 395113 UTM-Y: 4172286 Depth: 2 Value: 83.4 Station: CB5.5
 --- UTM-X: 395113 UTM-Y: 4172286 Depth: 2.5 Value: 83.5 Station: CB5.5
 --- UTM-X: 395113 UTM-Y: 4172286 Depth: 3 Value: 83.5 Station: CB5.5
 --- UTM-X: 395113 UTM-Y: 4172286 Depth: 3.5 Value: 83.6 Station: CB5.5
 --- UTM-X: 395113 UTM-Y: 4172286 Depth: 4 Value: 83.6 Station: CB5.5
 --- UTM-X: 395113 UTM-Y: 4172286 Depth: 4.5 Value: 83.4 Station: CB5.5
 --- UTM-X: 395113 UTM-Y: 4172286 Depth: 5 Value: 83.2 Station: CB5.5
 --- UTM-X: 395113 UTM-Y: 4172286 Depth: 5.5 Value: 83.1 Station: CB5.5
 --- UTM-X: 395113 UTM-Y: 4172286 Depth: 6 Value: 83 Station: CB5.5
 --- UTM-X: 395113 UTM-Y: 4172286 Depth: 6.5 Value: 82.2 Station: CB5.5
 --- UTM-X: 395113 UTM-Y: 4172286 Depth: 7 Value: 81.3 Station: CB5.5
 --- UTM-X: 395113 UTM-Y: 4172286 Depth: 7.5 Value: 81.3 Station: CB5.5
 --- UTM-X: 395113 UTM-Y: 4172286 Depth: 8 Value: 81.3 Station: CB5.5
 --- UTM-X: 395113 UTM-Y: 4172286 Depth: 8.5 Value: 81.2 Station: CB5.5
 --- UTM-X: 395113 UTM-Y: 4172286 Depth: 9 Value: 81.1 Station: CB5.5
 --- UTM-X: 395113 UTM-Y: 4172286 Depth: 9.5 Value: 81.1 Station: CB5.5
 --- UTM-X: 395113 UTM-Y: 4172286 Depth: 10 Value: 81.1 Station: CB5.5
 --- UTM-X: 395113 UTM-Y: 4172286 Depth: 10.5 Value: 81.2 Station: CB5.5
 --- UTM-X: 395113 UTM-Y: 4172286 Depth: 11 Value: 81.2 Station: CB5.5
 --- UTM-X: 395113 UTM-Y: 4172286 Depth: 11.5 Value: 81.1 Station: CB5.5
 --- UTM-X: 395113 UTM-Y: 4172286 Depth: 12 Value: 80.9 Station: CB5.5
 --- UTM-X: 395113 UTM-Y: 4172286 Depth: 12.5 Value: 81 Station: CB5.5
 --- UTM-X: 395113 UTM-Y: 4172286 Depth: 13 Value: 81.1 Station: CB5.5
 --- UTM-X: 395113 UTM-Y: 4172286 Depth: 13.5 Value: 80.9 Station: CB5.5
 --- UTM-X: 395113 UTM-Y: 4172286 Depth: 14 Value: 80.8 Station: CB5.5
 --- UTM-X: 397396 UTM-Y: 4160791 Depth: 0 Value: 84.5 Station: CB6.1
 --- UTM-X: 397396 UTM-Y: 4160791 Depth: 0.5 Value: 84.5 Station: CB6.1
 --- UTM-X: 397396 UTM-Y: 4160791 Depth: 1 Value: 84.5 Station: CB6.1
 --- UTM-X: 397396 UTM-Y: 4160791 Depth: 1.5 Value: 84.4 Station: CB6.1
 --- UTM-X: 397396 UTM-Y: 4160791 Depth: 2 Value: 84.3 Station: CB6.1
 --- UTM-X: 397396 UTM-Y: 4160791 Depth: 2.5 Value: 84.3 Station: CB6.1
 --- UTM-X: 397396 UTM-Y: 4160791 Depth: 3 Value: 84.4 Station: CB6.1
 --- UTM-X: 397396 UTM-Y: 4160791 Depth: 3.5 Value: 84.5 Station: CB6.1
 --- UTM-X: 397396 UTM-Y: 4160791 Depth: 4 Value: 84.5 Station: CB6.1
 --- UTM-X: 397396 UTM-Y: 4160791 Depth: 4.5 Value: 84.5 Station: CB6.1
 --- UTM-X: 397396 UTM-Y: 4160791 Depth: 5 Value: 84.6 Station: CB6.1
 --- UTM-X: 397396 UTM-Y: 4160791 Depth: 5.5 Value: 84.5 Station: CB6.1
 --- UTM-X: 397396 UTM-Y: 4160791 Depth: 6 Value: 84.5 Station: CB6.1
 --- UTM-X: 397396 UTM-Y: 4160791 Depth: 6.5 Value: 83.4 Station: CB6.1
 --- UTM-X: 397396 UTM-Y: 4160791 Depth: 7 Value: 82.4 Station: CB6.1
 --- UTM-X: 397396 UTM-Y: 4160791 Depth: 7.5 Value: 81.6 Station: CB6.1
 --- UTM-X: 397396 UTM-Y: 4160791 Depth: 8 Value: 80.7 Station: CB6.1
 --- UTM-X: 397396 UTM-Y: 4160791 Depth: 8.5 Value: 80.5 Station: CB6.1
 --- UTM-X: 397396 UTM-Y: 4160791 Depth: 9 Value: 80.3 Station: CB6.1
 --- UTM-X: 397396 UTM-Y: 4160791 Depth: 9.5 Value: 80.2 Station: CB6.1
 --- UTM-X: 397396 UTM-Y: 4160791 Depth: 10 Value: 80.2 Station: CB6.1
 --- UTM-X: 397396 UTM-Y: 4160791 Depth: 10.5 Value: 80.1 Station: CB6.1
 --- UTM-X: 397396 UTM-Y: 4160791 Depth: 11 Value: 80.1 Station: CB6.1
 --- UTM-X: 397772 UTM-Y: 4149505 Depth: 0 Value: 84.6 Station: CB6.2
 --- UTM-X: 397772 UTM-Y: 4149505 Depth: 0.5 Value: 84.6 Station: CB6.2
 --- UTM-X: 397772 UTM-Y: 4149505 Depth: 1 Value: 84.6 Station: CB6.2
 --- UTM-X: 397772 UTM-Y: 4149505 Depth: 1.5 Value: 84.3 Station: CB6.2
 --- UTM-X: 397772 UTM-Y: 4149505 Depth: 2 Value: 83.9 Station: CB6.2
 --- UTM-X: 397772 UTM-Y: 4149505 Depth: 2.5 Value: 83.7 Station: CB6.2
 --- UTM-X: 397772 UTM-Y: 4149505 Depth: 3 Value: 83.6 Station: CB6.2
 --- UTM-X: 397772 UTM-Y: 4149505 Depth: 3.5 Value: 83.5 Station: CB6.2
 --- UTM-X: 397772 UTM-Y: 4149505 Depth: 4 Value: 83.5 Station: CB6.2
 --- UTM-X: 397772 UTM-Y: 4149505 Depth: 4.5 Value: 83.5 Station: CB6.2
 --- UTM-X: 397772 UTM-Y: 4149505 Depth: 5 Value: 83.4 Station: CB6.2
 --- UTM-X: 397772 UTM-Y: 4149505 Depth: 5.5 Value: 83.5 Station: CB6.2
 --- UTM-X: 397772 UTM-Y: 4149505 Depth: 6 Value: 83.5 Station: CB6.2
 --- UTM-X: 397772 UTM-Y: 4149505 Depth: 6.5 Value: 83.2 Station: CB6.2
 --- UTM-X: 397772 UTM-Y: 4149505 Depth: 7 Value: 82.9 Station: CB6.2
 --- UTM-X: 397772 UTM-Y: 4149505 Depth: 7.5 Value: 82 Station: CB6.2
 --- UTM-X: 397772 UTM-Y: 4149505 Depth: 8 Value: 81.1 Station: CB6.2
 --- UTM-X: 397772 UTM-Y: 4149505 Depth: 8.5 Value: 80.8 Station: CB6.2
 --- UTM-X: 397772 UTM-Y: 4149505 Depth: 9 Value: 80.5 Station: CB6.2
 --- UTM-X: 397375 UTM-Y: 4141157 Depth: 0 Value: 84.7 Station: CB6.3
 --- UTM-X: 397375 UTM-Y: 4141157 Depth: 0.5 Value: 84.7 Station: CB6.3
 --- UTM-X: 397375 UTM-Y: 4141157 Depth: 1 Value: 84.7 Station: CB6.3
 --- UTM-X: 397375 UTM-Y: 4141157 Depth: 1.5 Value: 84.5 Station: CB6.3
 --- UTM-X: 397375 UTM-Y: 4141157 Depth: 2 Value: 84.3 Station: CB6.3
 --- UTM-X: 397375 UTM-Y: 4141157 Depth: 2.5 Value: 84.2 Station: CB6.3
 --- UTM-X: 397375 UTM-Y: 4141157 Depth: 3 Value: 84 Station: CB6.3
 --- UTM-X: 397375 UTM-Y: 4141157 Depth: 3.5 Value: 84 Station: CB6.3
 --- UTM-X: 397375 UTM-Y: 4141157 Depth: 4 Value: 83.9 Station: CB6.3
 --- UTM-X: 397375 UTM-Y: 4141157 Depth: 4.5 Value: 83.8 Station: CB6.3
 --- UTM-X: 397375 UTM-Y: 4141157 Depth: 5 Value: 83.7 Station: CB6.3
 --- UTM-X: 397375 UTM-Y: 4141157 Depth: 5.5 Value: 83.4 Station: CB6.3
 --- UTM-X: 397375 UTM-Y: 4141157 Depth: 6 Value: 83 Station: CB6.3
 --- UTM-X: 397375 UTM-Y: 4141157 Depth: 6.5 Value: 82.7 Station: CB6.3
 --- UTM-X: 397375 UTM-Y: 4141157 Depth: 7 Value: 82.5 Station: CB6.3
 --- UTM-X: 397375 UTM-Y: 4141157 Depth: 7.5 Value: 82.2 Station: CB6.3
 --- UTM-X: 397375 UTM-Y: 4141157 Depth: 8 Value: 81.9 Station: CB6.3
 --- UTM-X: 397375 UTM-Y: 4141157 Depth: 8.5 Value: 81 Station: CB6.3
 --- UTM-X: 397375 UTM-Y: 4141157 Depth: 9 Value: 80.1 Station: CB6.3
 --- UTM-X: 397375 UTM-Y: 4141157 Depth: 9.5 Value: 79.5 Station: CB6.3
 --- UTM-X: 397375 UTM-Y: 4141157 Depth: 10 Value: 78.9 Station: CB6.3
 --- UTM-X: 412737 UTM-Y: 4171156 Depth: 0 Value: 85.7 Station: CB7.1
 --- UTM-X: 412737 UTM-Y: 4171156 Depth: 0.5 Value: 85.7 Station: CB7.1
 --- UTM-X: 412737 UTM-Y: 4171156 Depth: 1 Value: 85.7 Station: CB7.1
 --- UTM-X: 412737 UTM-Y: 4171156 Depth: 1.5 Value: 85.6 Station: CB7.1
 --- UTM-X: 412737 UTM-Y: 4171156 Depth: 2 Value: 85.6 Station: CB7.1
 --- UTM-X: 412737 UTM-Y: 4171156 Depth: 2.5 Value: 85.2 Station: CB7.1
 --- UTM-X: 412737 UTM-Y: 4171156 Depth: 3 Value: 84.8 Station: CB7.1
 --- UTM-X: 412737 UTM-Y: 4171156 Depth: 3.5 Value: 84.7 Station: CB7.1
 --- UTM-X: 412737 UTM-Y: 4171156 Depth: 4 Value: 84.7 Station: CB7.1
 --- UTM-X: 412737 UTM-Y: 4171156 Depth: 4.5 Value: 84.6 Station: CB7.1
 --- UTM-X: 412737 UTM-Y: 4171156 Depth: 5 Value: 84.5 Station: CB7.1
 --- UTM-X: 412737 UTM-Y: 4171156 Depth: 5.5 Value: 84.3 Station: CB7.1
 --- UTM-X: 412737 UTM-Y: 4171156 Depth: 6 Value: 84.1 Station: CB7.1
 --- UTM-X: 412737 UTM-Y: 4171156 Depth: 6.5 Value: 83.9 Station: CB7.1
 --- UTM-X: 412737 UTM-Y: 4171156 Depth: 7 Value: 83.7 Station: CB7.1
 --- UTM-X: 412737 UTM-Y: 4171156 Depth: 7.5 Value: 83.4 Station: CB7.1
 --- UTM-X: 412737 UTM-Y: 4171156 Depth: 8 Value: 83.2 Station: CB7.1
 --- UTM-X: 412737 UTM-Y: 4171156 Depth: 8.5 Value: 82.8 Station: CB7.1
 --- UTM-X: 412737 UTM-Y: 4171156 Depth: 9 Value: 82.3 Station: CB7.1
 --- UTM-X: 412737 UTM-Y: 4171156 Depth: 9.5 Value: 82 Station: CB7.1
 --- UTM-X: 412737 UTM-Y: 4171156 Depth: 10 Value: 81.6 Station: CB7.1
 --- UTM-X: 412737 UTM-Y: 4171156 Depth: 10.5 Value: 81.6 Station: CB7.1
 --- UTM-X: 412737 UTM-Y: 4171156 Depth: 11 Value: 81.5 Station: CB7.1
 --- UTM-X: 412737 UTM-Y: 4171156 Depth: 11.5 Value: 81.5 Station: CB7.1
 --- UTM-X: 412737 UTM-Y: 4171156 Depth: 12 Value: 81.4 Station: CB7.1
 --- UTM-X: 412737 UTM-Y: 4171156 Depth: 12.5 Value: 81.3 Station: CB7.1
 --- UTM-X: 412737 UTM-Y: 4171156 Depth: 13 Value: 81.3 Station: CB7.1
 --- UTM-X: 412737 UTM-Y: 4171156 Depth: 13.5 Value: 81.2 Station: CB7.1
 --- UTM-X: 412737 UTM-Y: 4171156 Depth: 14 Value: 81.2 Station: CB7.1
 --- UTM-X: 412737 UTM-Y: 4171156 Depth: 14.5 Value: 81.2 Station: CB7.1
 --- UTM-X: 412737 UTM-Y: 4171156 Depth: 15 Value: 81.1 Station: CB7.1
 --- UTM-X: 412737 UTM-Y: 4171156 Depth: 15.5 Value: 81.1 Station: CB7.1
 --- UTM-X: 412737 UTM-Y: 4171156 Depth: 16 Value: 81 Station: CB7.1
 --- UTM-X: 406584 UTM-Y: 4159881 Depth: 0 Value: 85.7 Station: CB7.1S
 --- UTM-X: 406584 UTM-Y: 4159881 Depth: 0.5 Value: 85.7 Station: CB7.1S
 --- UTM-X: 406584 UTM-Y: 4159881 Depth: 1 Value: 85.7 Station: CB7.1S
 --- UTM-X: 406584 UTM-Y: 4159881 Depth: 1.5 Value: 85.4 Station: CB7.1S
 --- UTM-X: 406584 UTM-Y: 4159881 Depth: 2 Value: 85.1 Station: CB7.1S
 --- UTM-X: 406584 UTM-Y: 4159881 Depth: 2.5 Value: 85.3 Station: CB7.1S
 --- UTM-X: 406584 UTM-Y: 4159881 Depth: 3 Value: 85.5 Station: CB7.1S
 --- UTM-X: 406584 UTM-Y: 4159881 Depth: 3.5 Value: 85.3 Station: CB7.1S
 --- UTM-X: 406584 UTM-Y: 4159881 Depth: 4 Value: 85.1 Station: CB7.1S
 --- UTM-X: 406584 UTM-Y: 4159881 Depth: 4.5 Value: 84.9 Station: CB7.1S
 --- UTM-X: 406584 UTM-Y: 4159881 Depth: 5 Value: 84.8 Station: CB7.1S
 --- UTM-X: 406584 UTM-Y: 4159881 Depth: 5.5 Value: 84.4 Station: CB7.1S
 --- UTM-X: 406584 UTM-Y: 4159881 Depth: 6 Value: 84 Station: CB7.1S
 --- UTM-X: 406584 UTM-Y: 4159881 Depth: 6.5 Value: 82.5 Station: CB7.1S
 --- UTM-X: 406584 UTM-Y: 4159881 Depth: 7 Value: 81 Station: CB7.1S
 --- UTM-X: 406584 UTM-Y: 4159881 Depth: 7.5 Value: 80.9 Station: CB7.1S
 --- UTM-X: 406584 UTM-Y: 4159881 Depth: 8 Value: 80.9 Station: CB7.1S
 --- UTM-X: 406584 UTM-Y: 4159881 Depth: 8.5 Value: 80.9 Station: CB7.1S
 --- UTM-X: 406584 UTM-Y: 4159881 Depth: 9 Value: 80.8 Station: CB7.1S
 --- UTM-X: 406584 UTM-Y: 4159881 Depth: 9.5 Value: 80.8 Station: CB7.1S
 --- UTM-X: 406584 UTM-Y: 4159881 Depth: 10 Value: 80.7 Station: CB7.1S
 --- UTM-X: 406584 UTM-Y: 4159881 Depth: 10.5 Value: 80.2 Station: CB7.1S
 --- UTM-X: 406584 UTM-Y: 4159881 Depth: 11 Value: 79.8 Station: CB7.1S
 --- UTM-X: 406584 UTM-Y: 4159881 Depth: 11.5 Value: 79.8 Station: CB7.1S
 --- UTM-X: 406584 UTM-Y: 4159881 Depth: 12 Value: 79.7 Station: CB7.1S
 --- UTM-X: 406584 UTM-Y: 4159881 Depth: 12.5 Value: 79.8 Station: CB7.1S
 --- UTM-X: 406584 UTM-Y: 4159881 Depth: 13 Value: 79.8 Station: CB7.1S
 --- UTM-X: 406584 UTM-Y: 4159881 Depth: 13.5 Value: 79.8 Station: CB7.1S
 --- UTM-X: 406584 UTM-Y: 4159881 Depth: 14 Value: 79.8 Station: CB7.1S
 --- UTM-X: 406584 UTM-Y: 4159881 Depth: 14.5 Value: 79.8 Station: CB7.1S
 --- UTM-X: 406584 UTM-Y: 4159881 Depth: 15 Value: 79.8 Station: CB7.1S
 --- UTM-X: 406584 UTM-Y: 4159881 Depth: 15.5 Value: 79.8 Station: CB7.1S
 --- UTM-X: 406584 UTM-Y: 4159881 Depth: 16 Value: 79.8 Station: CB7.1S
 --- UTM-X: 404455 UTM-Y: 4141073 Depth: 0 Value: 85.2 Station: CB7.2
 --- UTM-X: 404455 UTM-Y: 4141073 Depth: 0.5 Value: 85.2 Station: CB7.2
 --- UTM-X: 404455 UTM-Y: 4141073 Depth: 1 Value: 85.2 Station: CB7.2
 --- UTM-X: 404455 UTM-Y: 4141073 Depth: 1.5 Value: 85.2 Station: CB7.2
 --- UTM-X: 404455 UTM-Y: 4141073 Depth: 2 Value: 85.2 Station: CB7.2
 --- UTM-X: 404455 UTM-Y: 4141073 Depth: 2.5 Value: 85 Station: CB7.2
 --- UTM-X: 404455 UTM-Y: 4141073 Depth: 3 Value: 84.8 Station: CB7.2
 --- UTM-X: 404455 UTM-Y: 4141073 Depth: 3.5 Value: 84.2 Station: CB7.2
 --- UTM-X: 404455 UTM-Y: 4141073 Depth: 4 Value: 83.5 Station: CB7.2
 --- UTM-X: 404455 UTM-Y: 4141073 Depth: 4.5 Value: 83.7 Station: CB7.2
 --- UTM-X: 404455 UTM-Y: 4141073 Depth: 5 Value: 83.8 Station: CB7.2
 --- UTM-X: 404455 UTM-Y: 4141073 Depth: 5.5 Value: 82.9 Station: CB7.2
 --- UTM-X: 404455 UTM-Y: 4141073 Depth: 6 Value: 82 Station: CB7.2
 --- UTM-X: 404455 UTM-Y: 4141073 Depth: 6.5 Value: 81.1 Station: CB7.2
 --- UTM-X: 404455 UTM-Y: 4141073 Depth: 7 Value: 80.3 Station: CB7.2
 --- UTM-X: 404455 UTM-Y: 4141073 Depth: 7.5 Value: 79.1 Station: CB7.2
 --- UTM-X: 404455 UTM-Y: 4141073 Depth: 8 Value: 77.9 Station: CB7.2
 --- UTM-X: 404455 UTM-Y: 4141073 Depth: 8.5 Value: 77.9 Station: CB7.2
 --- UTM-X: 404455 UTM-Y: 4141073 Depth: 9 Value: 77.8 Station: CB7.2
 --- UTM-X: 404455 UTM-Y: 4141073 Depth: 9.5 Value: 77.8 Station: CB7.2
 --- UTM-X: 404455 UTM-Y: 4141073 Depth: 10 Value: 77.7 Station: CB7.2
 --- UTM-X: 404455 UTM-Y: 4141073 Depth: 10.5 Value: 77.7 Station: CB7.2
 --- UTM-X: 404455 UTM-Y: 4141073 Depth: 11 Value: 77.7 Station: CB7.2
 --- UTM-X: 404455 UTM-Y: 4141073 Depth: 11.5 Value: 77.6 Station: CB7.2
 --- UTM-X: 404455 UTM-Y: 4141073 Depth: 12 Value: 77.5 Station: CB7.2
 --- UTM-X: 404455 UTM-Y: 4141073 Depth: 12.5 Value: 77.5 Station: CB7.2
 --- UTM-X: 404455 UTM-Y: 4141073 Depth: 13 Value: 77.5 Station: CB7.2
 --- UTM-X: 404455 UTM-Y: 4141073 Depth: 13.5 Value: 77.4 Station: CB7.2
 --- UTM-X: 404455 UTM-Y: 4141073 Depth: 14 Value: 77.4 Station: CB7.2
 --- UTM-X: 404455 UTM-Y: 4141073 Depth: 14.5 Value: 77.3 Station: CB7.2
 --- UTM-X: 404455 UTM-Y: 4141073 Depth: 15 Value: 77.2 Station: CB7.2
 --- UTM-X: 404455 UTM-Y: 4141073 Depth: 15.5 Value: 77.1 Station: CB7.2
 --- UTM-X: 404455 UTM-Y: 4141073 Depth: 16 Value: 77 Station: CB7.2
 --- UTM-X: 404455 UTM-Y: 4141073 Depth: 16.5 Value: 76.9 Station: CB7.2
 --- UTM-X: 404455 UTM-Y: 4141073 Depth: 17 Value: 76.9 Station: CB7.2
 --- UTM-X: 404455 UTM-Y: 4141073 Depth: 17.5 Value: 76.7 Station: CB7.2
 --- UTM-X: 404455 UTM-Y: 4141073 Depth: 18 Value: 76.5 Station: CB7.2
 --- UTM-X: 404455 UTM-Y: 4141073 Depth: 18.5 Value: 76.4 Station: CB7.2
 --- UTM-X: 404455 UTM-Y: 4141073 Depth: 19 Value: 76.3 Station: CB7.2
 --- UTM-X: 404455 UTM-Y: 4141073 Depth: 19.5 Value: 76.3 Station: CB7.2
 --- UTM-X: 404455 UTM-Y: 4141073 Depth: 20 Value: 76.2 Station: CB7.2
 --- UTM-X: 404455 UTM-Y: 4141073 Depth: 20.5 Value: 76.2 Station: CB7.2
 --- UTM-X: 404455 UTM-Y: 4141073 Depth: 21 Value: 76.2 Station: CB7.2
 --- UTM-X: 404455 UTM-Y: 4141073 Depth: 21.5 Value: 76.2 Station: CB7.2
 --- UTM-X: 404455 UTM-Y: 4141073 Depth: 22 Value: 76.2 Station: CB7.2
 --- UTM-X: 409322 UTM-Y: 4141018 Depth: 0 Value: 84.4 Station: CB7.2E
 --- UTM-X: 409322 UTM-Y: 4141018 Depth: 0.5 Value: 84.4 Station: CB7.2E
 --- UTM-X: 409322 UTM-Y: 4141018 Depth: 1 Value: 84.4 Station: CB7.2E
 --- UTM-X: 409322 UTM-Y: 4141018 Depth: 1.5 Value: 84.2 Station: CB7.2E
 --- UTM-X: 409322 UTM-Y: 4141018 Depth: 2 Value: 84 Station: CB7.2E
 --- UTM-X: 409322 UTM-Y: 4141018 Depth: 2.5 Value: 83.5 Station: CB7.2E
 --- UTM-X: 409322 UTM-Y: 4141018 Depth: 3 Value: 83 Station: CB7.2E
 --- UTM-X: 409322 UTM-Y: 4141018 Depth: 3.5 Value: 82.8 Station: CB7.2E
 --- UTM-X: 409322 UTM-Y: 4141018 Depth: 4 Value: 82.5 Station: CB7.2E
 --- UTM-X: 409322 UTM-Y: 4141018 Depth: 4.5 Value: 80.9 Station: CB7.2E
 --- UTM-X: 409322 UTM-Y: 4141018 Depth: 5 Value: 79.4 Station: CB7.2E
 --- UTM-X: 409322 UTM-Y: 4141018 Depth: 5.5 Value: 79.3 Station: CB7.2E
 --- UTM-X: 409322 UTM-Y: 4141018 Depth: 6 Value: 79.3 Station: CB7.2E
 --- UTM-X: 409322 UTM-Y: 4141018 Depth: 6.5 Value: 79.2 Station: CB7.2E
 --- UTM-X: 409322 UTM-Y: 4141018 Depth: 7 Value: 79.2 Station: CB7.2E
 --- UTM-X: 409322 UTM-Y: 4141018 Depth: 7.5 Value: 79.2 Station: CB7.2E
 --- UTM-X: 409322 UTM-Y: 4141018 Depth: 8 Value: 79.1 Station: CB7.2E
 --- UTM-X: 409322 UTM-Y: 4141018 Depth: 8.5 Value: 79.1 Station: CB7.2E
 --- UTM-X: 409322 UTM-Y: 4141018 Depth: 9 Value: 79.1 Station: CB7.2E
 --- UTM-X: 409322 UTM-Y: 4141018 Depth: 9.5 Value: 79 Station: CB7.2E
 --- UTM-X: 409322 UTM-Y: 4141018 Depth: 10 Value: 79 Station: CB7.2E
 --- UTM-X: 409322 UTM-Y: 4141018 Depth: 10.5 Value: 79 Station: CB7.2E
 --- UTM-X: 409322 UTM-Y: 4141018 Depth: 11 Value: 79 Station: CB7.2E
 --- UTM-X: 409322 UTM-Y: 4141018 Depth: 11.5 Value: 78.9 Station: CB7.2E
 --- UTM-X: 409322 UTM-Y: 4141018 Depth: 12 Value: 78.9 Station: CB7.2E
 --- UTM-X: 409322 UTM-Y: 4141018 Depth: 12.5 Value: 78.9 Station: CB7.2E
 --- UTM-X: 409322 UTM-Y: 4141018 Depth: 13 Value: 78.9 Station: CB7.2E
 --- UTM-X: 357233 UTM-Y: 4180501 Depth: 0 Value: 85.3 Station: LE3.1
 --- UTM-X: 357233 UTM-Y: 4180501 Depth: 0.5 Value: 85.3 Station: LE3.1
 --- UTM-X: 357233 UTM-Y: 4180501 Depth: 1 Value: 85.3 Station: LE3.1
 --- UTM-X: 357233 UTM-Y: 4180501 Depth: 1.5 Value: 84.9 Station: LE3.1
 --- UTM-X: 357233 UTM-Y: 4180501 Depth: 2 Value: 84.4 Station: LE3.1
 --- UTM-X: 357233 UTM-Y: 4180501 Depth: 2.5 Value: 84.4 Station: LE3.1
 --- UTM-X: 357233 UTM-Y: 4180501 Depth: 3 Value: 84.3 Station: LE3.1
 --- UTM-X: 357233 UTM-Y: 4180501 Depth: 3.5 Value: 84.3 Station: LE3.1
 --- UTM-X: 357233 UTM-Y: 4180501 Depth: 4 Value: 84.3 Station: LE3.1
 --- UTM-X: 357233 UTM-Y: 4180501 Depth: 4.5 Value: 84.3 Station: LE3.1
 --- UTM-X: 357233 UTM-Y: 4180501 Depth: 5 Value: 84.2 Station: LE3.1
 --- UTM-X: 357233 UTM-Y: 4180501 Depth: 5.5 Value: 84.1 Station: LE3.1
 --- UTM-X: 357233 UTM-Y: 4180501 Depth: 6 Value: 84 Station: LE3.1
 --- UTM-X: 357233 UTM-Y: 4180501 Depth: 6.5 Value: 83.7 Station: LE3.1
 --- UTM-X: 357233 UTM-Y: 4180501 Depth: 7 Value: 83.5 Station: LE3.1
 --- UTM-X: 362940 UTM-Y: 4170384 Depth: 0 Value: 84.9 Station: LE3.2
 --- UTM-X: 362940 UTM-Y: 4170384 Depth: 0.5 Value: 84.9 Station: LE3.2
 --- UTM-X: 362940 UTM-Y: 4170384 Depth: 1 Value: 84.9 Station: LE3.2
 --- UTM-X: 362940 UTM-Y: 4170384 Depth: 1.5 Value: 84.8 Station: LE3.2
 --- UTM-X: 362940 UTM-Y: 4170384 Depth: 2 Value: 84.7 Station: LE3.2
 --- UTM-X: 362940 UTM-Y: 4170384 Depth: 2.5 Value: 84.6 Station: LE3.2
 --- UTM-X: 362940 UTM-Y: 4170384 Depth: 3 Value: 84.6 Station: LE3.2
 --- UTM-X: 362940 UTM-Y: 4170384 Depth: 3.5 Value: 84.4 Station: LE3.2
 --- UTM-X: 362940 UTM-Y: 4170384 Depth: 4 Value: 84.3 Station: LE3.2
 --- UTM-X: 362940 UTM-Y: 4170384 Depth: 4.5 Value: 84.1 Station: LE3.2
 --- UTM-X: 362940 UTM-Y: 4170384 Depth: 5 Value: 84 Station: LE3.2
 --- UTM-X: 362940 UTM-Y: 4170384 Depth: 5.5 Value: 84 Station: LE3.2
 --- UTM-X: 362940 UTM-Y: 4170384 Depth: 6 Value: 84 Station: LE3.2
 --- UTM-X: 362940 UTM-Y: 4170384 Depth: 6.5 Value: 83.8 Station: LE3.2
 --- UTM-X: 362940 UTM-Y: 4170384 Depth: 7 Value: 83.7 Station: LE3.2
 --- UTM-X: 362940 UTM-Y: 4170384 Depth: 7.5 Value: 83.4 Station: LE3.2
 --- UTM-X: 362940 UTM-Y: 4170384 Depth: 8 Value: 83 Station: LE3.2
 --- UTM-X: 362940 UTM-Y: 4170384 Depth: 8.5 Value: 82.4 Station: LE3.2
 --- UTM-X: 362940 UTM-Y: 4170384 Depth: 9 Value: 81.8 Station: LE3.2
 --- UTM-X: 362940 UTM-Y: 4170384 Depth: 9.5 Value: 81.8 Station: LE3.2
 --- UTM-X: 362940 UTM-Y: 4170384 Depth: 10 Value: 81.7 Station: LE3.2
 --- UTM-X: 362940 UTM-Y: 4170384 Depth: 10.5 Value: 81.7 Station: LE3.2
 --- UTM-X: 362940 UTM-Y: 4170384 Depth: 11 Value: 81.6 Station: LE3.2
 --- UTM-X: 362940 UTM-Y: 4170384 Depth: 11.5 Value: 81.6 Station: LE3.2
 --- UTM-X: 362940 UTM-Y: 4170384 Depth: 12 Value: 81.6 Station: LE3.2
 --- UTM-X: 362940 UTM-Y: 4170384 Depth: 12.5 Value: 81.5 Station: LE3.2
 --- UTM-X: 362940 UTM-Y: 4170384 Depth: 13 Value: 81.5 Station: LE3.2
 --- UTM-X: 362940 UTM-Y: 4170384 Depth: 13.5 Value: 81.5 Station: LE3.2
 --- UTM-X: 362940 UTM-Y: 4170384 Depth: 14 Value: 81.4 Station: LE3.2
 --- UTM-X: 362940 UTM-Y: 4170384 Depth: 14.5 Value: 81.4 Station: LE3.2
 --- UTM-X: 362940 UTM-Y: 4170384 Depth: 15 Value: 81.3 Station: LE3.2
 --- UTM-X: 370134 UTM-Y: 4172827 Depth: 0 Value: 86 Station: LE3.3
 --- UTM-X: 370134 UTM-Y: 4172827 Depth: 0.5 Value: 86 Station: LE3.3
 --- UTM-X: 370134 UTM-Y: 4172827 Depth: 1 Value: 86 Station: LE3.3
 --- UTM-X: 370134 UTM-Y: 4172827 Depth: 1.5 Value: 85.8 Station: LE3.3
 --- UTM-X: 370134 UTM-Y: 4172827 Depth: 2 Value: 85.6 Station: LE3.3
 --- UTM-X: 370134 UTM-Y: 4172827 Depth: 2.5 Value: 85.6 Station: LE3.3
 --- UTM-X: 370134 UTM-Y: 4172827 Depth: 3 Value: 85.5 Station: LE3.3
 --- UTM-X: 370134 UTM-Y: 4172827 Depth: 3.5 Value: 85.5 Station: LE3.3
 --- UTM-X: 370134 UTM-Y: 4172827 Depth: 4 Value: 85.4 Station: LE3.3
 --- UTM-X: 370134 UTM-Y: 4172827 Depth: 4.5 Value: 85.3 Station: LE3.3
 --- UTM-X: 370134 UTM-Y: 4172827 Depth: 5 Value: 85.3 Station: LE3.3
 --- UTM-X: 370912 UTM-Y: 4166156 Depth: 0 Value: 84.9 Station: LE3.4
 --- UTM-X: 370912 UTM-Y: 4166156 Depth: 0.5 Value: 84.9 Station: LE3.4
 --- UTM-X: 370912 UTM-Y: 4166156 Depth: 1 Value: 84.9 Station: LE3.4
 --- UTM-X: 370912 UTM-Y: 4166156 Depth: 1.5 Value: 84.8 Station: LE3.4
 --- UTM-X: 370912 UTM-Y: 4166156 Depth: 2 Value: 84.6 Station: LE3.4
 --- UTM-X: 370912 UTM-Y: 4166156 Depth: 2.5 Value: 84.7 Station: LE3.4
 --- UTM-X: 370912 UTM-Y: 4166156 Depth: 3 Value: 84.7 Station: LE3.4
 --- UTM-X: 370912 UTM-Y: 4166156 Depth: 3.5 Value: 84.7 Station: LE3.4
 --- UTM-X: 370912 UTM-Y: 4166156 Depth: 4 Value: 84.7 Station: LE3.4
 --- UTM-X: 370912 UTM-Y: 4166156 Depth: 4.5 Value: 84.6 Station: LE3.4
 --- UTM-X: 370912 UTM-Y: 4166156 Depth: 5 Value: 84.5 Station: LE3.4
 --- UTM-X: 370912 UTM-Y: 4166156 Depth: 5.5 Value: 84.4 Station: LE3.4
 --- UTM-X: 370912 UTM-Y: 4166156 Depth: 6 Value: 84.3 Station: LE3.4
 --- UTM-X: 370912 UTM-Y: 4166156 Depth: 6.5 Value: 84.1 Station: LE3.4
 --- UTM-X: 370912 UTM-Y: 4166156 Depth: 7 Value: 83.9 Station: LE3.4
 --- UTM-X: 370912 UTM-Y: 4166156 Depth: 7.5 Value: 83.5 Station: LE3.4
 --- UTM-X: 370912 UTM-Y: 4166156 Depth: 8 Value: 83.2 Station: LE3.4
 --- UTM-X: 370912 UTM-Y: 4166156 Depth: 8.5 Value: 82.8 Station: LE3.4
 --- UTM-X: 370912 UTM-Y: 4166156 Depth: 9 Value: 82.4 Station: LE3.4
 --- UTM-X: 370912 UTM-Y: 4166156 Depth: 9.5 Value: 82 Station: LE3.4
 --- UTM-X: 370912 UTM-Y: 4166156 Depth: 10 Value: 81.7 Station: LE3.4
 --- UTM-X: 370912 UTM-Y: 4166156 Depth: 10.5 Value: 81.6 Station: LE3.4
 --- UTM-X: 370912 UTM-Y: 4166156 Depth: 11 Value: 81.4 Station: LE3.4
 --- UTM-X: 370912 UTM-Y: 4166156 Depth: 11.5 Value: 81.4 Station: LE3.4
 --- UTM-X: 370912 UTM-Y: 4166156 Depth: 12 Value: 81.3 Station: LE3.4
 --- UTM-X: 370912 UTM-Y: 4166156 Depth: 12.5 Value: 81.2 Station: LE3.4
 --- UTM-X: 370912 UTM-Y: 4166156 Depth: 13 Value: 81.2 Station: LE3.4
 --- UTM-X: 370912 UTM-Y: 4166156 Depth: 13.5 Value: 81.1 Station: LE3.4
 --- UTM-X: 370912 UTM-Y: 4166156 Depth: 14 Value: 81.1 Station: LE3.4
 --- UTM-X: 370912 UTM-Y: 4166156 Depth: 14.5 Value: 81.1 Station: LE3.4
 --- UTM-X: 370912 UTM-Y: 4166156 Depth: 15 Value: 81.1 Station: LE3.4
 --- UTM-X: 386593 UTM-Y: 4161856 Depth: 0 Value: 84.6 Station: LE3.6
 --- UTM-X: 386593 UTM-Y: 4161856 Depth: 0.5 Value: 84.6 Station: LE3.6
 --- UTM-X: 386593 UTM-Y: 4161856 Depth: 1 Value: 84.6 Station: LE3.6
 --- UTM-X: 386593 UTM-Y: 4161856 Depth: 1.5 Value: 84.5 Station: LE3.6
 --- UTM-X: 386593 UTM-Y: 4161856 Depth: 2 Value: 84.5 Station: LE3.6
 --- UTM-X: 386593 UTM-Y: 4161856 Depth: 2.5 Value: 84.5 Station: LE3.6
 --- UTM-X: 386593 UTM-Y: 4161856 Depth: 3 Value: 84.5 Station: LE3.6
 --- UTM-X: 386593 UTM-Y: 4161856 Depth: 3.5 Value: 84.4 Station: LE3.6
 --- UTM-X: 386593 UTM-Y: 4161856 Depth: 4 Value: 84.3 Station: LE3.6
 --- UTM-X: 386593 UTM-Y: 4161856 Depth: 4.5 Value: 84.3 Station: LE3.6
 --- UTM-X: 386593 UTM-Y: 4161856 Depth: 5 Value: 84.3 Station: LE3.6
 --- UTM-X: 386593 UTM-Y: 4161856 Depth: 5.5 Value: 84.2 Station: LE3.6
 --- UTM-X: 386593 UTM-Y: 4161856 Depth: 6 Value: 84 Station: LE3.6
 --- UTM-X: 386593 UTM-Y: 4161856 Depth: 6.5 Value: 83.8 Station: LE3.6
 --- UTM-X: 386593 UTM-Y: 4161856 Depth: 7 Value: 83.5 Station: LE3.6
 --- UTM-X: 386593 UTM-Y: 4161856 Depth: 7.5 Value: 83.3 Station: LE3.6
 --- UTM-X: 386593 UTM-Y: 4161856 Depth: 8 Value: 83.2 Station: LE3.6
 --- UTM-X: 384553 UTM-Y: 4154548 Depth: 0 Value: 85 Station: LE3.7
 --- UTM-X: 384553 UTM-Y: 4154548 Depth: 0.5 Value: 85 Station: LE3.7
 --- UTM-X: 384553 UTM-Y: 4154548 Depth: 1 Value: 85 Station: LE3.7
 --- UTM-X: 384553 UTM-Y: 4154548 Depth: 1.5 Value: 84.8 Station: LE3.7
 --- UTM-X: 384553 UTM-Y: 4154548 Depth: 2 Value: 84.6 Station: LE3.7
 --- UTM-X: 384553 UTM-Y: 4154548 Depth: 2.5 Value: 84.5 Station: LE3.7
 --- UTM-X: 384553 UTM-Y: 4154548 Depth: 3 Value: 84.5 Station: LE3.7
 --- UTM-X: 384553 UTM-Y: 4154548 Depth: 3.5 Value: 84.4 Station: LE3.7
 --- UTM-X: 384553 UTM-Y: 4154548 Depth: 4 Value: 84.3 Station: LE3.7
 --- UTM-X: 384553 UTM-Y: 4154548 Depth: 4.5 Value: 84.3 Station: LE3.7
 --- UTM-X: 384553 UTM-Y: 4154548 Depth: 5 Value: 84.2 Station: LE3.7
 --- UTM-X: 339910 UTM-Y: 4198518 Depth: 0 Value: 86.6 Station: RET3.1
 --- UTM-X: 339910 UTM-Y: 4198518 Depth: 0.5 Value: 86.6 Station: RET3.1
 --- UTM-X: 339910 UTM-Y: 4198518 Depth: 1 Value: 86.6 Station: RET3.1
 --- UTM-X: 339910 UTM-Y: 4198518 Depth: 1.5 Value: 86.4 Station: RET3.1
 --- UTM-X: 339910 UTM-Y: 4198518 Depth: 2 Value: 86.1 Station: RET3.1
 --- UTM-X: 339910 UTM-Y: 4198518 Depth: 2.5 Value: 86.2 Station: RET3.1
 --- UTM-X: 339910 UTM-Y: 4198518 Depth: 3 Value: 86.3 Station: RET3.1
 --- UTM-X: 339910 UTM-Y: 4198518 Depth: 3.5 Value: 86.3 Station: RET3.1
 --- UTM-X: 339910 UTM-Y: 4198518 Depth: 4 Value: 86.4 Station: RET3.1
 --- UTM-X: 339910 UTM-Y: 4198518 Depth: 4.5 Value: 86.6 Station: RET3.1
 --- UTM-X: 339910 UTM-Y: 4198518 Depth: 5 Value: 86.8 Station: RET3.1
 --- UTM-X: 349206 UTM-Y: 4185947 Depth: 0 Value: 84.8 Station: RET3.2
 --- UTM-X: 349206 UTM-Y: 4185947 Depth: 0.5 Value: 84.8 Station: RET3.2
 --- UTM-X: 349206 UTM-Y: 4185947 Depth: 1 Value: 84.8 Station: RET3.2
 --- UTM-X: 349206 UTM-Y: 4185947 Depth: 1.5 Value: 84.8 Station: RET3.2
 --- UTM-X: 349206 UTM-Y: 4185947 Depth: 2 Value: 84.8 Station: RET3.2
 --- UTM-X: 349206 UTM-Y: 4185947 Depth: 2.5 Value: 84.8 Station: RET3.2
 --- UTM-X: 349206 UTM-Y: 4185947 Depth: 3 Value: 84.7 Station: RET3.2
 --- UTM-X: 349206 UTM-Y: 4185947 Depth: 3.5 Value: 84.7 Station: RET3.2
 --- UTM-X: 349206 UTM-Y: 4185947 Depth: 4 Value: 84.7 Station: RET3.2
 --- UTM-X: 349206 UTM-Y: 4185947 Depth: 4.5 Value: 84.7 Station: RET3.2
 --- UTM-X: 349206 UTM-Y: 4185947 Depth: 5 Value: 84.7 Station: RET3.2
 --- UTM-X: 308318 UTM-Y: 4227479 Depth: 0 Value: 81.7 Station: TF3.2
 --- UTM-X: 308318 UTM-Y: 4227479 Depth: 0.5 Value: 81.7 Station: TF3.2
 --- UTM-X: 308318 UTM-Y: 4227479 Depth: 1 Value: 81.7 Station: TF3.2
 --- UTM-X: 308318 UTM-Y: 4227479 Depth: 1.5 Value: 81.7 Station: TF3.2
 --- UTM-X: 308318 UTM-Y: 4227479 Depth: 2 Value: 81.7 Station: TF3.2
 --- UTM-X: 308318 UTM-Y: 4227479 Depth: 2.5 Value: 81.7 Station: TF3.2
 --- UTM-X: 308318 UTM-Y: 4227479 Depth: 3 Value: 81.7 Station: TF3.2
 --- UTM-X: 308318 UTM-Y: 4227479 Depth: 3.5 Value: 81.7 Station: TF3.2
 --- UTM-X: 308318 UTM-Y: 4227479 Depth: 4 Value: 81.7 Station: TF3.2
 --- UTM-X: 308318 UTM-Y: 4227479 Depth: 4.5 Value: 81.7 Station: TF3.2
 --- UTM-X: 308318 UTM-Y: 4227479 Depth: 5 Value: 81.6 Station: TF3.2
 --- UTM-X: 308318 UTM-Y: 4227479 Depth: 5.5 Value: 81.6 Station: TF3.2
 --- UTM-X: 308318 UTM-Y: 4227479 Depth: 6 Value: 81.6 Station: TF3.2
 --- UTM-X: 308318 UTM-Y: 4227479 Depth: 6.5 Value: 81.6 Station: TF3.2
 --- UTM-X: 308318 UTM-Y: 4227479 Depth: 7 Value: 81.6 Station: TF3.2
 --- UTM-X: 308318 UTM-Y: 4227479 Depth: 7.5 Value: 81.6 Station: TF3.2
 --- UTM-X: 308318 UTM-Y: 4227479 Depth: 8 Value: 81.6 Station: TF3.2
 --- UTM-X: 320112 UTM-Y: 4220239 Depth: 0 Value: 86 Station: TF3.2A
 --- UTM-X: 320112 UTM-Y: 4220239 Depth: 0.5 Value: 86 Station: TF3.2A
 --- UTM-X: 320112 UTM-Y: 4220239 Depth: 1 Value: 86 Station: TF3.2A
 --- UTM-X: 320112 UTM-Y: 4220239 Depth: 1.5 Value: 86 Station: TF3.2A
 --- UTM-X: 320112 UTM-Y: 4220239 Depth: 2 Value: 86 Station: TF3.2A
 --- UTM-X: 320112 UTM-Y: 4220239 Depth: 2.5 Value: 86 Station: TF3.2A
 --- UTM-X: 320112 UTM-Y: 4220239 Depth: 3 Value: 86 Station: TF3.2A
 --- UTM-X: 320112 UTM-Y: 4220239 Depth: 3.5 Value: 86 Station: TF3.2A
 --- UTM-X: 320112 UTM-Y: 4220239 Depth: 4 Value: 85.9 Station: TF3.2A
 --- UTM-X: 320112 UTM-Y: 4220239 Depth: 4.5 Value: 86 Station: TF3.2A
 --- UTM-X: 320112 UTM-Y: 4220239 Depth: 5 Value: 86 Station: TF3.2A
 --- UTM-X: 332516 UTM-Y: 4209613 Depth: 0 Value: 87.5 Station: TF3.3
 --- UTM-X: 332516 UTM-Y: 4209613 Depth: 0.5 Value: 87.5 Station: TF3.3
 --- UTM-X: 332516 UTM-Y: 4209613 Depth: 1 Value: 87.5 Station: TF3.3
 --- UTM-X: 332516 UTM-Y: 4209613 Depth: 1.5 Value: 87 Station: TF3.3
 --- UTM-X: 332516 UTM-Y: 4209613 Depth: 2 Value: 86.5 Station: TF3.3
 --- UTM-X: 332516 UTM-Y: 4209613 Depth: 2.5 Value: 86.5 Station: TF3.3
 --- UTM-X: 332516 UTM-Y: 4209613 Depth: 3 Value: 86.4 Station: TF3.3
 --- UTM-X: 332516 UTM-Y: 4209613 Depth: 3.5 Value: 86.4 Station: TF3.3
 --- UTM-X: 332516 UTM-Y: 4209613 Depth: 4 Value: 86.4 Station: TF3.3
 --- UTM-X: 332516 UTM-Y: 4209613 Depth: 4.5 Value: 86.4 Station: TF3.3
 --- UTM-X: 332516 UTM-Y: 4209613 Depth: 5 Value: 86.3 Station: TF3.3
 --- UTM-X: 332516 UTM-Y: 4209613 Depth: 5.5 Value: 86.3 Station: TF3.3
 --- UTM-X: 332516 UTM-Y: 4209613 Depth: 6 Value: 86.3 Station: TF3.3
 --- UTM-X: 332516 UTM-Y: 4209613 Depth: 6.5 Value: 86.3 Station: TF3.3
 --- UTM-X: 332516 UTM-Y: 4209613 Depth: 7 Value: 86.3 Station: TF3.3
 --- 5929 cells were interpolated in region RPPMH.  Subtotal: 176297 total cells.
 ---- Region was calculated in 1 seconds. Segment volume (m^3) = 1482250000
 
 - Bathymetry Region ID: 1057  Region Name: CRRMH  Data Points: 90 in data region 1057
 -- Cell Size  E-W: 250  N-S: 250  Vertical: 1
 --- Data in Region ---
 --- UTM-X: 362940 UTM-Y: 4170384 Depth: 0 Value: 84.9 Station: LE3.2
 --- UTM-X: 362940 UTM-Y: 4170384 Depth: 0.5 Value: 84.9 Station: LE3.2
 --- UTM-X: 362940 UTM-Y: 4170384 Depth: 1 Value: 84.9 Station: LE3.2
 --- UTM-X: 362940 UTM-Y: 4170384 Depth: 1.5 Value: 84.8 Station: LE3.2
 --- UTM-X: 362940 UTM-Y: 4170384 Depth: 2 Value: 84.7 Station: LE3.2
 --- UTM-X: 362940 UTM-Y: 4170384 Depth: 2.5 Value: 84.6 Station: LE3.2
 --- UTM-X: 362940 UTM-Y: 4170384 Depth: 3 Value: 84.6 Station: LE3.2
 --- UTM-X: 362940 UTM-Y: 4170384 Depth: 3.5 Value: 84.4 Station: LE3.2
 --- UTM-X: 362940 UTM-Y: 4170384 Depth: 4 Value: 84.3 Station: LE3.2
 --- UTM-X: 362940 UTM-Y: 4170384 Depth: 4.5 Value: 84.1 Station: LE3.2
 --- UTM-X: 362940 UTM-Y: 4170384 Depth: 5 Value: 84 Station: LE3.2
 --- UTM-X: 362940 UTM-Y: 4170384 Depth: 5.5 Value: 84 Station: LE3.2
 --- UTM-X: 362940 UTM-Y: 4170384 Depth: 6 Value: 84 Station: LE3.2
 --- UTM-X: 362940 UTM-Y: 4170384 Depth: 6.5 Value: 83.8 Station: LE3.2
 --- UTM-X: 362940 UTM-Y: 4170384 Depth: 7 Value: 83.7 Station: LE3.2
 --- UTM-X: 362940 UTM-Y: 4170384 Depth: 7.5 Value: 83.4 Station: LE3.2
 --- UTM-X: 362940 UTM-Y: 4170384 Depth: 8 Value: 83 Station: LE3.2
 --- UTM-X: 362940 UTM-Y: 4170384 Depth: 8.5 Value: 82.4 Station: LE3.2
 --- UTM-X: 362940 UTM-Y: 4170384 Depth: 9 Value: 81.8 Station: LE3.2
 --- UTM-X: 362940 UTM-Y: 4170384 Depth: 9.5 Value: 81.8 Station: LE3.2
 --- UTM-X: 362940 UTM-Y: 4170384 Depth: 10 Value: 81.7 Station: LE3.2
 --- UTM-X: 362940 UTM-Y: 4170384 Depth: 10.5 Value: 81.7 Station: LE3.2
 --- UTM-X: 362940 UTM-Y: 4170384 Depth: 11 Value: 81.6 Station: LE3.2
 --- UTM-X: 362940 UTM-Y: 4170384 Depth: 11.5 Value: 81.6 Station: LE3.2
 --- UTM-X: 362940 UTM-Y: 4170384 Depth: 12 Value: 81.6 Station: LE3.2
 --- UTM-X: 362940 UTM-Y: 4170384 Depth: 12.5 Value: 81.5 Station: LE3.2
 --- UTM-X: 362940 UTM-Y: 4170384 Depth: 13 Value: 81.5 Station: LE3.2
 --- UTM-X: 362940 UTM-Y: 4170384 Depth: 13.5 Value: 81.5 Station: LE3.2
 --- UTM-X: 362940 UTM-Y: 4170384 Depth: 14 Value: 81.4 Station: LE3.2
 --- UTM-X: 362940 UTM-Y: 4170384 Depth: 14.5 Value: 81.4 Station: LE3.2
 --- UTM-X: 362940 UTM-Y: 4170384 Depth: 15 Value: 81.3 Station: LE3.2
 --- UTM-X: 370134 UTM-Y: 4172827 Depth: 0 Value: 86 Station: LE3.3
 --- UTM-X: 370134 UTM-Y: 4172827 Depth: 0.5 Value: 86 Station: LE3.3
 --- UTM-X: 370134 UTM-Y: 4172827 Depth: 1 Value: 86 Station: LE3.3
 --- UTM-X: 370134 UTM-Y: 4172827 Depth: 1.5 Value: 85.8 Station: LE3.3
 --- UTM-X: 370134 UTM-Y: 4172827 Depth: 2 Value: 85.6 Station: LE3.3
 --- UTM-X: 370134 UTM-Y: 4172827 Depth: 2.5 Value: 85.6 Station: LE3.3
 --- UTM-X: 370134 UTM-Y: 4172827 Depth: 3 Value: 85.5 Station: LE3.3
 --- UTM-X: 370134 UTM-Y: 4172827 Depth: 3.5 Value: 85.5 Station: LE3.3
 --- UTM-X: 370134 UTM-Y: 4172827 Depth: 4 Value: 85.4 Station: LE3.3
 --- UTM-X: 370134 UTM-Y: 4172827 Depth: 4.5 Value: 85.3 Station: LE3.3
 --- UTM-X: 370134 UTM-Y: 4172827 Depth: 5 Value: 85.3 Station: LE3.3
 --- UTM-X: 370912 UTM-Y: 4166156 Depth: 0 Value: 84.9 Station: LE3.4
 --- UTM-X: 370912 UTM-Y: 4166156 Depth: 0.5 Value: 84.9 Station: LE3.4
 --- UTM-X: 370912 UTM-Y: 4166156 Depth: 1 Value: 84.9 Station: LE3.4
 --- UTM-X: 370912 UTM-Y: 4166156 Depth: 1.5 Value: 84.8 Station: LE3.4
 --- UTM-X: 370912 UTM-Y: 4166156 Depth: 2 Value: 84.6 Station: LE3.4
 --- UTM-X: 370912 UTM-Y: 4166156 Depth: 2.5 Value: 84.7 Station: LE3.4
 --- UTM-X: 370912 UTM-Y: 4166156 Depth: 3 Value: 84.7 Station: LE3.4
 --- UTM-X: 370912 UTM-Y: 4166156 Depth: 3.5 Value: 84.7 Station: LE3.4
 --- UTM-X: 370912 UTM-Y: 4166156 Depth: 4 Value: 84.7 Station: LE3.4
 --- UTM-X: 370912 UTM-Y: 4166156 Depth: 4.5 Value: 84.6 Station: LE3.4
 --- UTM-X: 370912 UTM-Y: 4166156 Depth: 5 Value: 84.5 Station: LE3.4
 --- UTM-X: 370912 UTM-Y: 4166156 Depth: 5.5 Value: 84.4 Station: LE3.4
 --- UTM-X: 370912 UTM-Y: 4166156 Depth: 6 Value: 84.3 Station: LE3.4
 --- UTM-X: 370912 UTM-Y: 4166156 Depth: 6.5 Value: 84.1 Station: LE3.4
 --- UTM-X: 370912 UTM-Y: 4166156 Depth: 7 Value: 83.9 Station: LE3.4
 --- UTM-X: 370912 UTM-Y: 4166156 Depth: 7.5 Value: 83.5 Station: LE3.4
 --- UTM-X: 370912 UTM-Y: 4166156 Depth: 8 Value: 83.2 Station: LE3.4
 --- UTM-X: 370912 UTM-Y: 4166156 Depth: 8.5 Value: 82.8 Station: LE3.4
 --- UTM-X: 370912 UTM-Y: 4166156 Depth: 9 Value: 82.4 Station: LE3.4
 --- UTM-X: 370912 UTM-Y: 4166156 Depth: 9.5 Value: 82 Station: LE3.4
 --- UTM-X: 370912 UTM-Y: 4166156 Depth: 10 Value: 81.7 Station: LE3.4
 --- UTM-X: 370912 UTM-Y: 4166156 Depth: 10.5 Value: 81.6 Station: LE3.4
 --- UTM-X: 370912 UTM-Y: 4166156 Depth: 11 Value: 81.4 Station: LE3.4
 --- UTM-X: 370912 UTM-Y: 4166156 Depth: 11.5 Value: 81.4 Station: LE3.4
 --- UTM-X: 370912 UTM-Y: 4166156 Depth: 12 Value: 81.3 Station: LE3.4
 --- UTM-X: 370912 UTM-Y: 4166156 Depth: 12.5 Value: 81.2 Station: LE3.4
 --- UTM-X: 370912 UTM-Y: 4166156 Depth: 13 Value: 81.2 Station: LE3.4
 --- UTM-X: 370912 UTM-Y: 4166156 Depth: 13.5 Value: 81.1 Station: LE3.4
 --- UTM-X: 370912 UTM-Y: 4166156 Depth: 14 Value: 81.1 Station: LE3.4
 --- UTM-X: 370912 UTM-Y: 4166156 Depth: 14.5 Value: 81.1 Station: LE3.4
 --- UTM-X: 370912 UTM-Y: 4166156 Depth: 15 Value: 81.1 Station: LE3.4
 --- UTM-X: 386593 UTM-Y: 4161856 Depth: 0 Value: 84.6 Station: LE3.6
 --- UTM-X: 386593 UTM-Y: 4161856 Depth: 0.5 Value: 84.6 Station: LE3.6
 --- UTM-X: 386593 UTM-Y: 4161856 Depth: 1 Value: 84.6 Station: LE3.6
 --- UTM-X: 386593 UTM-Y: 4161856 Depth: 1.5 Value: 84.5 Station: LE3.6
 --- UTM-X: 386593 UTM-Y: 4161856 Depth: 2 Value: 84.5 Station: LE3.6
 --- UTM-X: 386593 UTM-Y: 4161856 Depth: 2.5 Value: 84.5 Station: LE3.6
 --- UTM-X: 386593 UTM-Y: 4161856 Depth: 3 Value: 84.5 Station: LE3.6
 --- UTM-X: 386593 UTM-Y: 4161856 Depth: 3.5 Value: 84.4 Station: LE3.6
 --- UTM-X: 386593 UTM-Y: 4161856 Depth: 4 Value: 84.3 Station: LE3.6
 --- UTM-X: 386593 UTM-Y: 4161856 Depth: 4.5 Value: 84.3 Station: LE3.6
 --- UTM-X: 386593 UTM-Y: 4161856 Depth: 5 Value: 84.3 Station: LE3.6
 --- UTM-X: 386593 UTM-Y: 4161856 Depth: 5.5 Value: 84.2 Station: LE3.6
 --- UTM-X: 386593 UTM-Y: 4161856 Depth: 6 Value: 84 Station: LE3.6
 --- UTM-X: 386593 UTM-Y: 4161856 Depth: 6.5 Value: 83.8 Station: LE3.6
 --- UTM-X: 386593 UTM-Y: 4161856 Depth: 7 Value: 83.5 Station: LE3.6
 --- UTM-X: 386593 UTM-Y: 4161856 Depth: 7.5 Value: 83.3 Station: LE3.6
 --- UTM-X: 386593 UTM-Y: 4161856 Depth: 8 Value: 83.2 Station: LE3.6
 --- 1051 cells were interpolated in region CRRMH.  Subtotal: 177348 total cells.
 ---- Region was calculated in 0 seconds. Segment volume (m^3) = 65687500
 
 - Bathymetry Region ID: 1058  Region Name: PIAMH  Data Points: 196 in data region 1058
 -- Cell Size  E-W: 250  N-S: 250  Vertical: 1
 --- Data in Region ---
 --- UTM-X: 397396 UTM-Y: 4160791 Depth: 0 Value: 84.5 Station: CB6.1
 --- UTM-X: 397396 UTM-Y: 4160791 Depth: 0.5 Value: 84.5 Station: CB6.1
 --- UTM-X: 397396 UTM-Y: 4160791 Depth: 1 Value: 84.5 Station: CB6.1
 --- UTM-X: 397396 UTM-Y: 4160791 Depth: 1.5 Value: 84.4 Station: CB6.1
 --- UTM-X: 397396 UTM-Y: 4160791 Depth: 2 Value: 84.3 Station: CB6.1
 --- UTM-X: 397396 UTM-Y: 4160791 Depth: 2.5 Value: 84.3 Station: CB6.1
 --- UTM-X: 397396 UTM-Y: 4160791 Depth: 3 Value: 84.4 Station: CB6.1
 --- UTM-X: 397396 UTM-Y: 4160791 Depth: 3.5 Value: 84.5 Station: CB6.1
 --- UTM-X: 397396 UTM-Y: 4160791 Depth: 4 Value: 84.5 Station: CB6.1
 --- UTM-X: 397396 UTM-Y: 4160791 Depth: 4.5 Value: 84.5 Station: CB6.1
 --- UTM-X: 397396 UTM-Y: 4160791 Depth: 5 Value: 84.6 Station: CB6.1
 --- UTM-X: 397396 UTM-Y: 4160791 Depth: 5.5 Value: 84.5 Station: CB6.1
 --- UTM-X: 397396 UTM-Y: 4160791 Depth: 6 Value: 84.5 Station: CB6.1
 --- UTM-X: 397396 UTM-Y: 4160791 Depth: 6.5 Value: 83.4 Station: CB6.1
 --- UTM-X: 397396 UTM-Y: 4160791 Depth: 7 Value: 82.4 Station: CB6.1
 --- UTM-X: 397396 UTM-Y: 4160791 Depth: 7.5 Value: 81.6 Station: CB6.1
 --- UTM-X: 397396 UTM-Y: 4160791 Depth: 8 Value: 80.7 Station: CB6.1
 --- UTM-X: 397396 UTM-Y: 4160791 Depth: 8.5 Value: 80.5 Station: CB6.1
 --- UTM-X: 397396 UTM-Y: 4160791 Depth: 9 Value: 80.3 Station: CB6.1
 --- UTM-X: 397396 UTM-Y: 4160791 Depth: 9.5 Value: 80.2 Station: CB6.1
 --- UTM-X: 397396 UTM-Y: 4160791 Depth: 10 Value: 80.2 Station: CB6.1
 --- UTM-X: 397396 UTM-Y: 4160791 Depth: 10.5 Value: 80.1 Station: CB6.1
 --- UTM-X: 397396 UTM-Y: 4160791 Depth: 11 Value: 80.1 Station: CB6.1
 --- UTM-X: 397772 UTM-Y: 4149505 Depth: 0 Value: 84.6 Station: CB6.2
 --- UTM-X: 397772 UTM-Y: 4149505 Depth: 0.5 Value: 84.6 Station: CB6.2
 --- UTM-X: 397772 UTM-Y: 4149505 Depth: 1 Value: 84.6 Station: CB6.2
 --- UTM-X: 397772 UTM-Y: 4149505 Depth: 1.5 Value: 84.3 Station: CB6.2
 --- UTM-X: 397772 UTM-Y: 4149505 Depth: 2 Value: 83.9 Station: CB6.2
 --- UTM-X: 397772 UTM-Y: 4149505 Depth: 2.5 Value: 83.7 Station: CB6.2
 --- UTM-X: 397772 UTM-Y: 4149505 Depth: 3 Value: 83.6 Station: CB6.2
 --- UTM-X: 397772 UTM-Y: 4149505 Depth: 3.5 Value: 83.5 Station: CB6.2
 --- UTM-X: 397772 UTM-Y: 4149505 Depth: 4 Value: 83.5 Station: CB6.2
 --- UTM-X: 397772 UTM-Y: 4149505 Depth: 4.5 Value: 83.5 Station: CB6.2
 --- UTM-X: 397772 UTM-Y: 4149505 Depth: 5 Value: 83.4 Station: CB6.2
 --- UTM-X: 397772 UTM-Y: 4149505 Depth: 5.5 Value: 83.5 Station: CB6.2
 --- UTM-X: 397772 UTM-Y: 4149505 Depth: 6 Value: 83.5 Station: CB6.2
 --- UTM-X: 397772 UTM-Y: 4149505 Depth: 6.5 Value: 83.2 Station: CB6.2
 --- UTM-X: 397772 UTM-Y: 4149505 Depth: 7 Value: 82.9 Station: CB6.2
 --- UTM-X: 397772 UTM-Y: 4149505 Depth: 7.5 Value: 82 Station: CB6.2
 --- UTM-X: 397772 UTM-Y: 4149505 Depth: 8 Value: 81.1 Station: CB6.2
 --- UTM-X: 397772 UTM-Y: 4149505 Depth: 8.5 Value: 80.8 Station: CB6.2
 --- UTM-X: 397772 UTM-Y: 4149505 Depth: 9 Value: 80.5 Station: CB6.2
 --- UTM-X: 397375 UTM-Y: 4141157 Depth: 0 Value: 84.7 Station: CB6.3
 --- UTM-X: 397375 UTM-Y: 4141157 Depth: 0.5 Value: 84.7 Station: CB6.3
 --- UTM-X: 397375 UTM-Y: 4141157 Depth: 1 Value: 84.7 Station: CB6.3
 --- UTM-X: 397375 UTM-Y: 4141157 Depth: 1.5 Value: 84.5 Station: CB6.3
 --- UTM-X: 397375 UTM-Y: 4141157 Depth: 2 Value: 84.3 Station: CB6.3
 --- UTM-X: 397375 UTM-Y: 4141157 Depth: 2.5 Value: 84.2 Station: CB6.3
 --- UTM-X: 397375 UTM-Y: 4141157 Depth: 3 Value: 84 Station: CB6.3
 --- UTM-X: 397375 UTM-Y: 4141157 Depth: 3.5 Value: 84 Station: CB6.3
 --- UTM-X: 397375 UTM-Y: 4141157 Depth: 4 Value: 83.9 Station: CB6.3
 --- UTM-X: 397375 UTM-Y: 4141157 Depth: 4.5 Value: 83.8 Station: CB6.3
 --- UTM-X: 397375 UTM-Y: 4141157 Depth: 5 Value: 83.7 Station: CB6.3
 --- UTM-X: 397375 UTM-Y: 4141157 Depth: 5.5 Value: 83.4 Station: CB6.3
 --- UTM-X: 397375 UTM-Y: 4141157 Depth: 6 Value: 83 Station: CB6.3
 --- UTM-X: 397375 UTM-Y: 4141157 Depth: 6.5 Value: 82.7 Station: CB6.3
 --- UTM-X: 397375 UTM-Y: 4141157 Depth: 7 Value: 82.5 Station: CB6.3
 --- UTM-X: 397375 UTM-Y: 4141157 Depth: 7.5 Value: 82.2 Station: CB6.3
 --- UTM-X: 397375 UTM-Y: 4141157 Depth: 8 Value: 81.9 Station: CB6.3
 --- UTM-X: 397375 UTM-Y: 4141157 Depth: 8.5 Value: 81 Station: CB6.3
 --- UTM-X: 397375 UTM-Y: 4141157 Depth: 9 Value: 80.1 Station: CB6.3
 --- UTM-X: 397375 UTM-Y: 4141157 Depth: 9.5 Value: 79.5 Station: CB6.3
 --- UTM-X: 397375 UTM-Y: 4141157 Depth: 10 Value: 78.9 Station: CB6.3
 --- UTM-X: 406584 UTM-Y: 4159881 Depth: 0 Value: 85.7 Station: CB7.1S
 --- UTM-X: 406584 UTM-Y: 4159881 Depth: 0.5 Value: 85.7 Station: CB7.1S
 --- UTM-X: 406584 UTM-Y: 4159881 Depth: 1 Value: 85.7 Station: CB7.1S
 --- UTM-X: 406584 UTM-Y: 4159881 Depth: 1.5 Value: 85.4 Station: CB7.1S
 --- UTM-X: 406584 UTM-Y: 4159881 Depth: 2 Value: 85.1 Station: CB7.1S
 --- UTM-X: 406584 UTM-Y: 4159881 Depth: 2.5 Value: 85.3 Station: CB7.1S
 --- UTM-X: 406584 UTM-Y: 4159881 Depth: 3 Value: 85.5 Station: CB7.1S
 --- UTM-X: 406584 UTM-Y: 4159881 Depth: 3.5 Value: 85.3 Station: CB7.1S
 --- UTM-X: 406584 UTM-Y: 4159881 Depth: 4 Value: 85.1 Station: CB7.1S
 --- UTM-X: 406584 UTM-Y: 4159881 Depth: 4.5 Value: 84.9 Station: CB7.1S
 --- UTM-X: 406584 UTM-Y: 4159881 Depth: 5 Value: 84.8 Station: CB7.1S
 --- UTM-X: 406584 UTM-Y: 4159881 Depth: 5.5 Value: 84.4 Station: CB7.1S
 --- UTM-X: 406584 UTM-Y: 4159881 Depth: 6 Value: 84 Station: CB7.1S
 --- UTM-X: 406584 UTM-Y: 4159881 Depth: 6.5 Value: 82.5 Station: CB7.1S
 --- UTM-X: 406584 UTM-Y: 4159881 Depth: 7 Value: 81 Station: CB7.1S
 --- UTM-X: 406584 UTM-Y: 4159881 Depth: 7.5 Value: 80.9 Station: CB7.1S
 --- UTM-X: 406584 UTM-Y: 4159881 Depth: 8 Value: 80.9 Station: CB7.1S
 --- UTM-X: 406584 UTM-Y: 4159881 Depth: 8.5 Value: 80.9 Station: CB7.1S
 --- UTM-X: 406584 UTM-Y: 4159881 Depth: 9 Value: 80.8 Station: CB7.1S
 --- UTM-X: 406584 UTM-Y: 4159881 Depth: 9.5 Value: 80.8 Station: CB7.1S
 --- UTM-X: 406584 UTM-Y: 4159881 Depth: 10 Value: 80.7 Station: CB7.1S
 --- UTM-X: 406584 UTM-Y: 4159881 Depth: 10.5 Value: 80.2 Station: CB7.1S
 --- UTM-X: 406584 UTM-Y: 4159881 Depth: 11 Value: 79.8 Station: CB7.1S
 --- UTM-X: 406584 UTM-Y: 4159881 Depth: 11.5 Value: 79.8 Station: CB7.1S
 --- UTM-X: 406584 UTM-Y: 4159881 Depth: 12 Value: 79.7 Station: CB7.1S
 --- UTM-X: 406584 UTM-Y: 4159881 Depth: 12.5 Value: 79.8 Station: CB7.1S
 --- UTM-X: 406584 UTM-Y: 4159881 Depth: 13 Value: 79.8 Station: CB7.1S
 --- UTM-X: 406584 UTM-Y: 4159881 Depth: 13.5 Value: 79.8 Station: CB7.1S
 --- UTM-X: 406584 UTM-Y: 4159881 Depth: 14 Value: 79.8 Station: CB7.1S
 --- UTM-X: 406584 UTM-Y: 4159881 Depth: 14.5 Value: 79.8 Station: CB7.1S
 --- UTM-X: 406584 UTM-Y: 4159881 Depth: 15 Value: 79.8 Station: CB7.1S
 --- UTM-X: 406584 UTM-Y: 4159881 Depth: 15.5 Value: 79.8 Station: CB7.1S
 --- UTM-X: 406584 UTM-Y: 4159881 Depth: 16 Value: 79.8 Station: CB7.1S
 --- UTM-X: 404455 UTM-Y: 4141073 Depth: 0 Value: 85.2 Station: CB7.2
 --- UTM-X: 404455 UTM-Y: 4141073 Depth: 0.5 Value: 85.2 Station: CB7.2
 --- UTM-X: 404455 UTM-Y: 4141073 Depth: 1 Value: 85.2 Station: CB7.2
 --- UTM-X: 404455 UTM-Y: 4141073 Depth: 1.5 Value: 85.2 Station: CB7.2
 --- UTM-X: 404455 UTM-Y: 4141073 Depth: 2 Value: 85.2 Station: CB7.2
 --- UTM-X: 404455 UTM-Y: 4141073 Depth: 2.5 Value: 85 Station: CB7.2
 --- UTM-X: 404455 UTM-Y: 4141073 Depth: 3 Value: 84.8 Station: CB7.2
 --- UTM-X: 404455 UTM-Y: 4141073 Depth: 3.5 Value: 84.2 Station: CB7.2
 --- UTM-X: 404455 UTM-Y: 4141073 Depth: 4 Value: 83.5 Station: CB7.2
 --- UTM-X: 404455 UTM-Y: 4141073 Depth: 4.5 Value: 83.7 Station: CB7.2
 --- UTM-X: 404455 UTM-Y: 4141073 Depth: 5 Value: 83.8 Station: CB7.2
 --- UTM-X: 404455 UTM-Y: 4141073 Depth: 5.5 Value: 82.9 Station: CB7.2
 --- UTM-X: 404455 UTM-Y: 4141073 Depth: 6 Value: 82 Station: CB7.2
 --- UTM-X: 404455 UTM-Y: 4141073 Depth: 6.5 Value: 81.1 Station: CB7.2
 --- UTM-X: 404455 UTM-Y: 4141073 Depth: 7 Value: 80.3 Station: CB7.2
 --- UTM-X: 404455 UTM-Y: 4141073 Depth: 7.5 Value: 79.1 Station: CB7.2
 --- UTM-X: 404455 UTM-Y: 4141073 Depth: 8 Value: 77.9 Station: CB7.2
 --- UTM-X: 404455 UTM-Y: 4141073 Depth: 8.5 Value: 77.9 Station: CB7.2
 --- UTM-X: 404455 UTM-Y: 4141073 Depth: 9 Value: 77.8 Station: CB7.2
 --- UTM-X: 404455 UTM-Y: 4141073 Depth: 9.5 Value: 77.8 Station: CB7.2
 --- UTM-X: 404455 UTM-Y: 4141073 Depth: 10 Value: 77.7 Station: CB7.2
 --- UTM-X: 404455 UTM-Y: 4141073 Depth: 10.5 Value: 77.7 Station: CB7.2
 --- UTM-X: 404455 UTM-Y: 4141073 Depth: 11 Value: 77.7 Station: CB7.2
 --- UTM-X: 404455 UTM-Y: 4141073 Depth: 11.5 Value: 77.6 Station: CB7.2
 --- UTM-X: 404455 UTM-Y: 4141073 Depth: 12 Value: 77.5 Station: CB7.2
 --- UTM-X: 404455 UTM-Y: 4141073 Depth: 12.5 Value: 77.5 Station: CB7.2
 --- UTM-X: 404455 UTM-Y: 4141073 Depth: 13 Value: 77.5 Station: CB7.2
 --- UTM-X: 404455 UTM-Y: 4141073 Depth: 13.5 Value: 77.4 Station: CB7.2
 --- UTM-X: 404455 UTM-Y: 4141073 Depth: 14 Value: 77.4 Station: CB7.2
 --- UTM-X: 404455 UTM-Y: 4141073 Depth: 14.5 Value: 77.3 Station: CB7.2
 --- UTM-X: 404455 UTM-Y: 4141073 Depth: 15 Value: 77.2 Station: CB7.2
 --- UTM-X: 404455 UTM-Y: 4141073 Depth: 15.5 Value: 77.1 Station: CB7.2
 --- UTM-X: 404455 UTM-Y: 4141073 Depth: 16 Value: 77 Station: CB7.2
 --- UTM-X: 404455 UTM-Y: 4141073 Depth: 16.5 Value: 76.9 Station: CB7.2
 --- UTM-X: 404455 UTM-Y: 4141073 Depth: 17 Value: 76.9 Station: CB7.2
 --- UTM-X: 404455 UTM-Y: 4141073 Depth: 17.5 Value: 76.7 Station: CB7.2
 --- UTM-X: 404455 UTM-Y: 4141073 Depth: 18 Value: 76.5 Station: CB7.2
 --- UTM-X: 404455 UTM-Y: 4141073 Depth: 18.5 Value: 76.4 Station: CB7.2
 --- UTM-X: 404455 UTM-Y: 4141073 Depth: 19 Value: 76.3 Station: CB7.2
 --- UTM-X: 404455 UTM-Y: 4141073 Depth: 19.5 Value: 76.3 Station: CB7.2
 --- UTM-X: 404455 UTM-Y: 4141073 Depth: 20 Value: 76.2 Station: CB7.2
 --- UTM-X: 404455 UTM-Y: 4141073 Depth: 20.5 Value: 76.2 Station: CB7.2
 --- UTM-X: 404455 UTM-Y: 4141073 Depth: 21 Value: 76.2 Station: CB7.2
 --- UTM-X: 404455 UTM-Y: 4141073 Depth: 21.5 Value: 76.2 Station: CB7.2
 --- UTM-X: 404455 UTM-Y: 4141073 Depth: 22 Value: 76.2 Station: CB7.2
 --- UTM-X: 409322 UTM-Y: 4141018 Depth: 0 Value: 84.4 Station: CB7.2E
 --- UTM-X: 409322 UTM-Y: 4141018 Depth: 0.5 Value: 84.4 Station: CB7.2E
 --- UTM-X: 409322 UTM-Y: 4141018 Depth: 1 Value: 84.4 Station: CB7.2E
 --- UTM-X: 409322 UTM-Y: 4141018 Depth: 1.5 Value: 84.2 Station: CB7.2E
 --- UTM-X: 409322 UTM-Y: 4141018 Depth: 2 Value: 84 Station: CB7.2E
 --- UTM-X: 409322 UTM-Y: 4141018 Depth: 2.5 Value: 83.5 Station: CB7.2E
 --- UTM-X: 409322 UTM-Y: 4141018 Depth: 3 Value: 83 Station: CB7.2E
 --- UTM-X: 409322 UTM-Y: 4141018 Depth: 3.5 Value: 82.8 Station: CB7.2E
 --- UTM-X: 409322 UTM-Y: 4141018 Depth: 4 Value: 82.5 Station: CB7.2E
 --- UTM-X: 409322 UTM-Y: 4141018 Depth: 4.5 Value: 80.9 Station: CB7.2E
 --- UTM-X: 409322 UTM-Y: 4141018 Depth: 5 Value: 79.4 Station: CB7.2E
 --- UTM-X: 409322 UTM-Y: 4141018 Depth: 5.5 Value: 79.3 Station: CB7.2E
 --- UTM-X: 409322 UTM-Y: 4141018 Depth: 6 Value: 79.3 Station: CB7.2E
 --- UTM-X: 409322 UTM-Y: 4141018 Depth: 6.5 Value: 79.2 Station: CB7.2E
 --- UTM-X: 409322 UTM-Y: 4141018 Depth: 7 Value: 79.2 Station: CB7.2E
 --- UTM-X: 409322 UTM-Y: 4141018 Depth: 7.5 Value: 79.2 Station: CB7.2E
 --- UTM-X: 409322 UTM-Y: 4141018 Depth: 8 Value: 79.1 Station: CB7.2E
 --- UTM-X: 409322 UTM-Y: 4141018 Depth: 8.5 Value: 79.1 Station: CB7.2E
 --- UTM-X: 409322 UTM-Y: 4141018 Depth: 9 Value: 79.1 Station: CB7.2E
 --- UTM-X: 409322 UTM-Y: 4141018 Depth: 9.5 Value: 79 Station: CB7.2E
 --- UTM-X: 409322 UTM-Y: 4141018 Depth: 10 Value: 79 Station: CB7.2E
 --- UTM-X: 409322 UTM-Y: 4141018 Depth: 10.5 Value: 79 Station: CB7.2E
 --- UTM-X: 409322 UTM-Y: 4141018 Depth: 11 Value: 79 Station: CB7.2E
 --- UTM-X: 409322 UTM-Y: 4141018 Depth: 11.5 Value: 78.9 Station: CB7.2E
 --- UTM-X: 409322 UTM-Y: 4141018 Depth: 12 Value: 78.9 Station: CB7.2E
 --- UTM-X: 409322 UTM-Y: 4141018 Depth: 12.5 Value: 78.9 Station: CB7.2E
 --- UTM-X: 409322 UTM-Y: 4141018 Depth: 13 Value: 78.9 Station: CB7.2E
 --- UTM-X: 386593 UTM-Y: 4161856 Depth: 0 Value: 84.6 Station: LE3.6
 --- UTM-X: 386593 UTM-Y: 4161856 Depth: 0.5 Value: 84.6 Station: LE3.6
 --- UTM-X: 386593 UTM-Y: 4161856 Depth: 1 Value: 84.6 Station: LE3.6
 --- UTM-X: 386593 UTM-Y: 4161856 Depth: 1.5 Value: 84.5 Station: LE3.6
 --- UTM-X: 386593 UTM-Y: 4161856 Depth: 2 Value: 84.5 Station: LE3.6
 --- UTM-X: 386593 UTM-Y: 4161856 Depth: 2.5 Value: 84.5 Station: LE3.6
 --- UTM-X: 386593 UTM-Y: 4161856 Depth: 3 Value: 84.5 Station: LE3.6
 --- UTM-X: 386593 UTM-Y: 4161856 Depth: 3.5 Value: 84.4 Station: LE3.6
 --- UTM-X: 386593 UTM-Y: 4161856 Depth: 4 Value: 84.3 Station: LE3.6
 --- UTM-X: 386593 UTM-Y: 4161856 Depth: 4.5 Value: 84.3 Station: LE3.6
 --- UTM-X: 386593 UTM-Y: 4161856 Depth: 5 Value: 84.3 Station: LE3.6
 --- UTM-X: 386593 UTM-Y: 4161856 Depth: 5.5 Value: 84.2 Station: LE3.6
 --- UTM-X: 386593 UTM-Y: 4161856 Depth: 6 Value: 84 Station: LE3.6
 --- UTM-X: 386593 UTM-Y: 4161856 Depth: 6.5 Value: 83.8 Station: LE3.6
 --- UTM-X: 386593 UTM-Y: 4161856 Depth: 7 Value: 83.5 Station: LE3.6
 --- UTM-X: 386593 UTM-Y: 4161856 Depth: 7.5 Value: 83.3 Station: LE3.6
 --- UTM-X: 386593 UTM-Y: 4161856 Depth: 8 Value: 83.2 Station: LE3.6
 --- UTM-X: 384553 UTM-Y: 4154548 Depth: 0 Value: 85 Station: LE3.7
 --- UTM-X: 384553 UTM-Y: 4154548 Depth: 0.5 Value: 85 Station: LE3.7
 --- UTM-X: 384553 UTM-Y: 4154548 Depth: 1 Value: 85 Station: LE3.7
 --- UTM-X: 384553 UTM-Y: 4154548 Depth: 1.5 Value: 84.8 Station: LE3.7
 --- UTM-X: 384553 UTM-Y: 4154548 Depth: 2 Value: 84.6 Station: LE3.7
 --- UTM-X: 384553 UTM-Y: 4154548 Depth: 2.5 Value: 84.5 Station: LE3.7
 --- UTM-X: 384553 UTM-Y: 4154548 Depth: 3 Value: 84.5 Station: LE3.7
 --- UTM-X: 384553 UTM-Y: 4154548 Depth: 3.5 Value: 84.4 Station: LE3.7
 --- UTM-X: 384553 UTM-Y: 4154548 Depth: 4 Value: 84.3 Station: LE3.7
 --- UTM-X: 384553 UTM-Y: 4154548 Depth: 4.5 Value: 84.3 Station: LE3.7
 --- UTM-X: 384553 UTM-Y: 4154548 Depth: 5 Value: 84.2 Station: LE3.7
 --- 3223 cells were interpolated in region PIAMH.  Subtotal: 180571 total cells.
 ---- Region was calculated in 0 seconds. Segment volume (m^3) = 201437500
 
 - Bathymetry Region ID: 1059  Region Name: MPNTF  Data Points: 28 in data region 1059
 -- Cell Size  E-W: 50  N-S: 50  Vertical: 1
 --- Data in Region ---
 --- UTM-X: 341660 UTM-Y: 4159819 Depth: 0 Value: 85.1 Station: RET4.2
 --- UTM-X: 341660 UTM-Y: 4159819 Depth: 0.5 Value: 85.1 Station: RET4.2
 --- UTM-X: 341660 UTM-Y: 4159819 Depth: 1 Value: 85.1 Station: RET4.2
 --- UTM-X: 341660 UTM-Y: 4159819 Depth: 1.5 Value: 85.1 Station: RET4.2
 --- UTM-X: 341660 UTM-Y: 4159819 Depth: 2 Value: 85.1 Station: RET4.2
 --- UTM-X: 341660 UTM-Y: 4159819 Depth: 2.5 Value: 85.1 Station: RET4.2
 --- UTM-X: 341660 UTM-Y: 4159819 Depth: 3 Value: 85 Station: RET4.2
 --- UTM-X: 341660 UTM-Y: 4159819 Depth: 3.5 Value: 85 Station: RET4.2
 --- UTM-X: 341660 UTM-Y: 4159819 Depth: 4 Value: 85 Station: RET4.2
 --- UTM-X: 341660 UTM-Y: 4159819 Depth: 4.5 Value: 85 Station: RET4.2
 --- UTM-X: 341660 UTM-Y: 4159819 Depth: 5 Value: 85 Station: RET4.2
 --- UTM-X: 341660 UTM-Y: 4159819 Depth: 5.5 Value: 85 Station: RET4.2
 --- UTM-X: 341660 UTM-Y: 4159819 Depth: 6 Value: 85 Station: RET4.2
 --- UTM-X: 341660 UTM-Y: 4159819 Depth: 6.5 Value: 85 Station: RET4.2
 --- UTM-X: 341660 UTM-Y: 4159819 Depth: 7 Value: 85 Station: RET4.2
 --- UTM-X: 341660 UTM-Y: 4159819 Depth: 7.5 Value: 85.1 Station: RET4.2
 --- UTM-X: 341660 UTM-Y: 4159819 Depth: 8 Value: 85.1 Station: RET4.2
 --- UTM-X: 341660 UTM-Y: 4159819 Depth: 8.5 Value: 85.1 Station: RET4.2
 --- UTM-X: 341660 UTM-Y: 4159819 Depth: 9 Value: 85.1 Station: RET4.2
 --- UTM-X: 341660 UTM-Y: 4159819 Depth: 9.5 Value: 85.1 Station: RET4.2
 --- UTM-X: 341660 UTM-Y: 4159819 Depth: 10 Value: 85 Station: RET4.2
 --- UTM-X: 321659 UTM-Y: 4177000 Depth: 0 Value: 82.8 Station: TF4.4
 --- UTM-X: 321659 UTM-Y: 4177000 Depth: 0.5 Value: 82.8 Station: TF4.4
 --- UTM-X: 321659 UTM-Y: 4177000 Depth: 1 Value: 82.8 Station: TF4.4
 --- UTM-X: 321659 UTM-Y: 4177000 Depth: 1.5 Value: 82.8 Station: TF4.4
 --- UTM-X: 321659 UTM-Y: 4177000 Depth: 2 Value: 82.8 Station: TF4.4
 --- UTM-X: 321659 UTM-Y: 4177000 Depth: 2.5 Value: 82.8 Station: TF4.4
 --- UTM-X: 321659 UTM-Y: 4177000 Depth: 3 Value: 82.8 Station: TF4.4
 --- 6135 cells were interpolated in region MPNTF.  Subtotal: 186706 total cells.
 ---- Region was calculated in 0 seconds. Segment volume (m^3) = 15337500
 
 - Bathymetry Region ID: 1060  Region Name: MPNOH  Data Points: 28 in data region 1060
 -- Cell Size  E-W: 100  N-S: 100  Vertical: 1
 --- Data in Region ---
 --- UTM-X: 341660 UTM-Y: 4159819 Depth: 0 Value: 85.1 Station: RET4.2
 --- UTM-X: 341660 UTM-Y: 4159819 Depth: 0.5 Value: 85.1 Station: RET4.2
 --- UTM-X: 341660 UTM-Y: 4159819 Depth: 1 Value: 85.1 Station: RET4.2
 --- UTM-X: 341660 UTM-Y: 4159819 Depth: 1.5 Value: 85.1 Station: RET4.2
 --- UTM-X: 341660 UTM-Y: 4159819 Depth: 2 Value: 85.1 Station: RET4.2
 --- UTM-X: 341660 UTM-Y: 4159819 Depth: 2.5 Value: 85.1 Station: RET4.2
 --- UTM-X: 341660 UTM-Y: 4159819 Depth: 3 Value: 85 Station: RET4.2
 --- UTM-X: 341660 UTM-Y: 4159819 Depth: 3.5 Value: 85 Station: RET4.2
 --- UTM-X: 341660 UTM-Y: 4159819 Depth: 4 Value: 85 Station: RET4.2
 --- UTM-X: 341660 UTM-Y: 4159819 Depth: 4.5 Value: 85 Station: RET4.2
 --- UTM-X: 341660 UTM-Y: 4159819 Depth: 5 Value: 85 Station: RET4.2
 --- UTM-X: 341660 UTM-Y: 4159819 Depth: 5.5 Value: 85 Station: RET4.2
 --- UTM-X: 341660 UTM-Y: 4159819 Depth: 6 Value: 85 Station: RET4.2
 --- UTM-X: 341660 UTM-Y: 4159819 Depth: 6.5 Value: 85 Station: RET4.2
 --- UTM-X: 341660 UTM-Y: 4159819 Depth: 7 Value: 85 Station: RET4.2
 --- UTM-X: 341660 UTM-Y: 4159819 Depth: 7.5 Value: 85.1 Station: RET4.2
 --- UTM-X: 341660 UTM-Y: 4159819 Depth: 8 Value: 85.1 Station: RET4.2
 --- UTM-X: 341660 UTM-Y: 4159819 Depth: 8.5 Value: 85.1 Station: RET4.2
 --- UTM-X: 341660 UTM-Y: 4159819 Depth: 9 Value: 85.1 Station: RET4.2
 --- UTM-X: 341660 UTM-Y: 4159819 Depth: 9.5 Value: 85.1 Station: RET4.2
 --- UTM-X: 341660 UTM-Y: 4159819 Depth: 10 Value: 85 Station: RET4.2
 --- UTM-X: 321659 UTM-Y: 4177000 Depth: 0 Value: 82.8 Station: TF4.4
 --- UTM-X: 321659 UTM-Y: 4177000 Depth: 0.5 Value: 82.8 Station: TF4.4
 --- UTM-X: 321659 UTM-Y: 4177000 Depth: 1 Value: 82.8 Station: TF4.4
 --- UTM-X: 321659 UTM-Y: 4177000 Depth: 1.5 Value: 82.8 Station: TF4.4
 --- UTM-X: 321659 UTM-Y: 4177000 Depth: 2 Value: 82.8 Station: TF4.4
 --- UTM-X: 321659 UTM-Y: 4177000 Depth: 2.5 Value: 82.8 Station: TF4.4
 --- UTM-X: 321659 UTM-Y: 4177000 Depth: 3 Value: 82.8 Station: TF4.4
 --- 3539 cells were interpolated in region MPNOH.  Subtotal: 190245 total cells.
 ---- Region was calculated in 0 seconds. Segment volume (m^3) = 35390000
 
 - Bathymetry Region ID: 1061  Region Name: PMKTF  Data Points: 15 in data region 1061
 -- Cell Size  E-W: 50  N-S: 50  Vertical: 1
 --- Data in Region ---
 --- UTM-X: 321488 UTM-Y: 4161123 Depth: 0 Value: 82 Station: TF4.2
 --- UTM-X: 321488 UTM-Y: 4161123 Depth: 0.5 Value: 82 Station: TF4.2
 --- UTM-X: 321488 UTM-Y: 4161123 Depth: 1 Value: 82 Station: TF4.2
 --- UTM-X: 321488 UTM-Y: 4161123 Depth: 1.5 Value: 81.9 Station: TF4.2
 --- UTM-X: 321488 UTM-Y: 4161123 Depth: 2 Value: 81.9 Station: TF4.2
 --- UTM-X: 321488 UTM-Y: 4161123 Depth: 2.5 Value: 81.9 Station: TF4.2
 --- UTM-X: 321488 UTM-Y: 4161123 Depth: 3 Value: 81.8 Station: TF4.2
 --- UTM-X: 321488 UTM-Y: 4161123 Depth: 3.5 Value: 81.8 Station: TF4.2
 --- UTM-X: 321488 UTM-Y: 4161123 Depth: 4 Value: 81.8 Station: TF4.2
 --- UTM-X: 321488 UTM-Y: 4161123 Depth: 4.5 Value: 81.8 Station: TF4.2
 --- UTM-X: 321488 UTM-Y: 4161123 Depth: 5 Value: 81.8 Station: TF4.2
 --- UTM-X: 321488 UTM-Y: 4161123 Depth: 5.5 Value: 81.8 Station: TF4.2
 --- UTM-X: 321488 UTM-Y: 4161123 Depth: 6 Value: 81.8 Station: TF4.2
 --- UTM-X: 321488 UTM-Y: 4161123 Depth: 6.5 Value: 81.8 Station: TF4.2
 --- UTM-X: 321488 UTM-Y: 4161123 Depth: 7 Value: 81.8 Station: TF4.2
 --- 11452 cells were interpolated in region PMKTF.  Subtotal: 201697 total cells.
 ---- Region was calculated in 0 seconds. Segment volume (m^3) = 28630000
 
 - Bathymetry Region ID: 1062  Region Name: PMKOH  Data Points: 15 in data region 1062
 -- Cell Size  E-W: 100  N-S: 100  Vertical: 1
 --- Data in Region ---
 --- UTM-X: 321488 UTM-Y: 4161123 Depth: 0 Value: 82 Station: TF4.2
 --- UTM-X: 321488 UTM-Y: 4161123 Depth: 0.5 Value: 82 Station: TF4.2
 --- UTM-X: 321488 UTM-Y: 4161123 Depth: 1 Value: 82 Station: TF4.2
 --- UTM-X: 321488 UTM-Y: 4161123 Depth: 1.5 Value: 81.9 Station: TF4.2
 --- UTM-X: 321488 UTM-Y: 4161123 Depth: 2 Value: 81.9 Station: TF4.2
 --- UTM-X: 321488 UTM-Y: 4161123 Depth: 2.5 Value: 81.9 Station: TF4.2
 --- UTM-X: 321488 UTM-Y: 4161123 Depth: 3 Value: 81.8 Station: TF4.2
 --- UTM-X: 321488 UTM-Y: 4161123 Depth: 3.5 Value: 81.8 Station: TF4.2
 --- UTM-X: 321488 UTM-Y: 4161123 Depth: 4 Value: 81.8 Station: TF4.2
 --- UTM-X: 321488 UTM-Y: 4161123 Depth: 4.5 Value: 81.8 Station: TF4.2
 --- UTM-X: 321488 UTM-Y: 4161123 Depth: 5 Value: 81.8 Station: TF4.2
 --- UTM-X: 321488 UTM-Y: 4161123 Depth: 5.5 Value: 81.8 Station: TF4.2
 --- UTM-X: 321488 UTM-Y: 4161123 Depth: 6 Value: 81.8 Station: TF4.2
 --- UTM-X: 321488 UTM-Y: 4161123 Depth: 6.5 Value: 81.8 Station: TF4.2
 --- UTM-X: 321488 UTM-Y: 4161123 Depth: 7 Value: 81.8 Station: TF4.2
 --- 6668 cells were interpolated in region PMKOH.  Subtotal: 208365 total cells.
 ---- Region was calculated in 0 seconds. Segment volume (m^3) = 66680000
 
 - Bathymetry Region ID: 1063  Region Name: YRKMH  Data Points: 21 in data region 1063
 -- Cell Size  E-W: 500  N-S: 500  Vertical: 1
 --- Data in Region ---
 --- UTM-X: 341660 UTM-Y: 4159819 Depth: 0 Value: 85.1 Station: RET4.2
 --- UTM-X: 341660 UTM-Y: 4159819 Depth: 0.5 Value: 85.1 Station: RET4.2
 --- UTM-X: 341660 UTM-Y: 4159819 Depth: 1 Value: 85.1 Station: RET4.2
 --- UTM-X: 341660 UTM-Y: 4159819 Depth: 1.5 Value: 85.1 Station: RET4.2
 --- UTM-X: 341660 UTM-Y: 4159819 Depth: 2 Value: 85.1 Station: RET4.2
 --- UTM-X: 341660 UTM-Y: 4159819 Depth: 2.5 Value: 85.1 Station: RET4.2
 --- UTM-X: 341660 UTM-Y: 4159819 Depth: 3 Value: 85 Station: RET4.2
 --- UTM-X: 341660 UTM-Y: 4159819 Depth: 3.5 Value: 85 Station: RET4.2
 --- UTM-X: 341660 UTM-Y: 4159819 Depth: 4 Value: 85 Station: RET4.2
 --- UTM-X: 341660 UTM-Y: 4159819 Depth: 4.5 Value: 85 Station: RET4.2
 --- UTM-X: 341660 UTM-Y: 4159819 Depth: 5 Value: 85 Station: RET4.2
 --- UTM-X: 341660 UTM-Y: 4159819 Depth: 5.5 Value: 85 Station: RET4.2
 --- UTM-X: 341660 UTM-Y: 4159819 Depth: 6 Value: 85 Station: RET4.2
 --- UTM-X: 341660 UTM-Y: 4159819 Depth: 6.5 Value: 85 Station: RET4.2
 --- UTM-X: 341660 UTM-Y: 4159819 Depth: 7 Value: 85 Station: RET4.2
 --- UTM-X: 341660 UTM-Y: 4159819 Depth: 7.5 Value: 85.1 Station: RET4.2
 --- UTM-X: 341660 UTM-Y: 4159819 Depth: 8 Value: 85.1 Station: RET4.2
 --- UTM-X: 341660 UTM-Y: 4159819 Depth: 8.5 Value: 85.1 Station: RET4.2
 --- UTM-X: 341660 UTM-Y: 4159819 Depth: 9 Value: 85.1 Station: RET4.2
 --- UTM-X: 341660 UTM-Y: 4159819 Depth: 9.5 Value: 85.1 Station: RET4.2
 --- UTM-X: 341660 UTM-Y: 4159819 Depth: 10 Value: 85 Station: RET4.2
 --- 1102 cells were interpolated in region YRKMH.  Subtotal: 209467 total cells.
 ---- Region was calculated in 0 seconds. Segment volume (m^3) = 275500000
 
 - Bathymetry Region ID: 1064  Region Name: YRKPH  Data Points: 135 in data region 1064
 -- Cell Size  E-W: 500  N-S: 500  Vertical: 1
 --- Data in Region ---
 --- UTM-X: 392849 UTM-Y: 4121795 Depth: 0 Value: 83.8 Station: CB6.4
 --- UTM-X: 392849 UTM-Y: 4121795 Depth: 0.5 Value: 83.8 Station: CB6.4
 --- UTM-X: 392849 UTM-Y: 4121795 Depth: 1 Value: 83.8 Station: CB6.4
 --- UTM-X: 392849 UTM-Y: 4121795 Depth: 1.5 Value: 83.7 Station: CB6.4
 --- UTM-X: 392849 UTM-Y: 4121795 Depth: 2 Value: 83.5 Station: CB6.4
 --- UTM-X: 392849 UTM-Y: 4121795 Depth: 2.5 Value: 83.4 Station: CB6.4
 --- UTM-X: 392849 UTM-Y: 4121795 Depth: 3 Value: 83.4 Station: CB6.4
 --- UTM-X: 392849 UTM-Y: 4121795 Depth: 3.5 Value: 83.6 Station: CB6.4
 --- UTM-X: 392849 UTM-Y: 4121795 Depth: 4 Value: 83.9 Station: CB6.4
 --- UTM-X: 392849 UTM-Y: 4121795 Depth: 4.5 Value: 83.9 Station: CB6.4
 --- UTM-X: 392849 UTM-Y: 4121795 Depth: 5 Value: 83.9 Station: CB6.4
 --- UTM-X: 392849 UTM-Y: 4121795 Depth: 5.5 Value: 83.7 Station: CB6.4
 --- UTM-X: 392849 UTM-Y: 4121795 Depth: 6 Value: 83.5 Station: CB6.4
 --- UTM-X: 392849 UTM-Y: 4121795 Depth: 6.5 Value: 83.1 Station: CB6.4
 --- UTM-X: 392849 UTM-Y: 4121795 Depth: 7 Value: 82.7 Station: CB6.4
 --- UTM-X: 392849 UTM-Y: 4121795 Depth: 7.5 Value: 81.9 Station: CB6.4
 --- UTM-X: 392849 UTM-Y: 4121795 Depth: 8 Value: 81.1 Station: CB6.4
 --- UTM-X: 400035 UTM-Y: 4108423 Depth: 0 Value: 82.7 Station: CB7.3
 --- UTM-X: 400035 UTM-Y: 4108423 Depth: 0.5 Value: 82.7 Station: CB7.3
 --- UTM-X: 400035 UTM-Y: 4108423 Depth: 1 Value: 82.7 Station: CB7.3
 --- UTM-X: 400035 UTM-Y: 4108423 Depth: 1.5 Value: 82.7 Station: CB7.3
 --- UTM-X: 400035 UTM-Y: 4108423 Depth: 2 Value: 82.7 Station: CB7.3
 --- UTM-X: 400035 UTM-Y: 4108423 Depth: 2.5 Value: 81.9 Station: CB7.3
 --- UTM-X: 400035 UTM-Y: 4108423 Depth: 3 Value: 81 Station: CB7.3
 --- UTM-X: 400035 UTM-Y: 4108423 Depth: 3.5 Value: 80.5 Station: CB7.3
 --- UTM-X: 400035 UTM-Y: 4108423 Depth: 4 Value: 80 Station: CB7.3
 --- UTM-X: 400035 UTM-Y: 4108423 Depth: 4.5 Value: 78.2 Station: CB7.3
 --- UTM-X: 400035 UTM-Y: 4108423 Depth: 5 Value: 76.5 Station: CB7.3
 --- UTM-X: 400035 UTM-Y: 4108423 Depth: 5.5 Value: 76.4 Station: CB7.3
 --- UTM-X: 400035 UTM-Y: 4108423 Depth: 6 Value: 76.4 Station: CB7.3
 --- UTM-X: 400035 UTM-Y: 4108423 Depth: 6.5 Value: 76.3 Station: CB7.3
 --- UTM-X: 400035 UTM-Y: 4108423 Depth: 7 Value: 76.3 Station: CB7.3
 --- UTM-X: 400035 UTM-Y: 4108423 Depth: 7.5 Value: 76.2 Station: CB7.3
 --- UTM-X: 400035 UTM-Y: 4108423 Depth: 8 Value: 76.1 Station: CB7.3
 --- UTM-X: 400035 UTM-Y: 4108423 Depth: 8.5 Value: 75.2 Station: CB7.3
 --- UTM-X: 400035 UTM-Y: 4108423 Depth: 9 Value: 74.4 Station: CB7.3
 --- UTM-X: 400035 UTM-Y: 4108423 Depth: 9.5 Value: 74.1 Station: CB7.3
 --- UTM-X: 400035 UTM-Y: 4108423 Depth: 10 Value: 73.7 Station: CB7.3
 --- UTM-X: 400035 UTM-Y: 4108423 Depth: 10.5 Value: 72.9 Station: CB7.3
 --- UTM-X: 400035 UTM-Y: 4108423 Depth: 11 Value: 72.1 Station: CB7.3
 --- UTM-X: 400035 UTM-Y: 4108423 Depth: 11.5 Value: 72 Station: CB7.3
 --- UTM-X: 400035 UTM-Y: 4108423 Depth: 12 Value: 72 Station: CB7.3
 --- UTM-X: 400035 UTM-Y: 4108423 Depth: 12.5 Value: 71.9 Station: CB7.3
 --- UTM-X: 400035 UTM-Y: 4108423 Depth: 13 Value: 71.7 Station: CB7.3
 --- UTM-X: 406515 UTM-Y: 4120769 Depth: 0 Value: 83.1 Station: CB7.3E
 --- UTM-X: 406515 UTM-Y: 4120769 Depth: 0.5 Value: 83.1 Station: CB7.3E
 --- UTM-X: 406515 UTM-Y: 4120769 Depth: 1 Value: 83.1 Station: CB7.3E
 --- UTM-X: 406515 UTM-Y: 4120769 Depth: 1.5 Value: 82.9 Station: CB7.3E
 --- UTM-X: 406515 UTM-Y: 4120769 Depth: 2 Value: 82.8 Station: CB7.3E
 --- UTM-X: 406515 UTM-Y: 4120769 Depth: 2.5 Value: 80.8 Station: CB7.3E
 --- UTM-X: 406515 UTM-Y: 4120769 Depth: 3 Value: 78.8 Station: CB7.3E
 --- UTM-X: 406515 UTM-Y: 4120769 Depth: 3.5 Value: 77.6 Station: CB7.3E
 --- UTM-X: 406515 UTM-Y: 4120769 Depth: 4 Value: 76.5 Station: CB7.3E
 --- UTM-X: 406515 UTM-Y: 4120769 Depth: 4.5 Value: 76.4 Station: CB7.3E
 --- UTM-X: 406515 UTM-Y: 4120769 Depth: 5 Value: 76.3 Station: CB7.3E
 --- UTM-X: 406515 UTM-Y: 4120769 Depth: 5.5 Value: 76.2 Station: CB7.3E
 --- UTM-X: 406515 UTM-Y: 4120769 Depth: 6 Value: 76 Station: CB7.3E
 --- UTM-X: 406515 UTM-Y: 4120769 Depth: 6.5 Value: 76 Station: CB7.3E
 --- UTM-X: 406515 UTM-Y: 4120769 Depth: 7 Value: 75.9 Station: CB7.3E
 --- UTM-X: 406515 UTM-Y: 4120769 Depth: 7.5 Value: 75.7 Station: CB7.3E
 --- UTM-X: 406515 UTM-Y: 4120769 Depth: 8 Value: 75.4 Station: CB7.3E
 --- UTM-X: 406515 UTM-Y: 4120769 Depth: 8.5 Value: 75.4 Station: CB7.3E
 --- UTM-X: 406515 UTM-Y: 4120769 Depth: 9 Value: 75.4 Station: CB7.3E
 --- UTM-X: 406515 UTM-Y: 4120769 Depth: 9.5 Value: 75.4 Station: CB7.3E
 --- UTM-X: 406515 UTM-Y: 4120769 Depth: 10 Value: 75.4 Station: CB7.3E
 --- UTM-X: 406515 UTM-Y: 4120769 Depth: 10.5 Value: 75.4 Station: CB7.3E
 --- UTM-X: 406515 UTM-Y: 4120769 Depth: 11 Value: 75.4 Station: CB7.3E
 --- UTM-X: 406515 UTM-Y: 4120769 Depth: 11.5 Value: 75.4 Station: CB7.3E
 --- UTM-X: 406515 UTM-Y: 4120769 Depth: 12 Value: 75.3 Station: CB7.3E
 --- UTM-X: 406515 UTM-Y: 4120769 Depth: 12.5 Value: 75.3 Station: CB7.3E
 --- UTM-X: 406515 UTM-Y: 4120769 Depth: 13 Value: 75.3 Station: CB7.3E
 --- UTM-X: 406515 UTM-Y: 4120769 Depth: 13.5 Value: 75.3 Station: CB7.3E
 --- UTM-X: 406515 UTM-Y: 4120769 Depth: 14 Value: 75.3 Station: CB7.3E
 --- UTM-X: 406515 UTM-Y: 4120769 Depth: 14.5 Value: 75.2 Station: CB7.3E
 --- UTM-X: 406515 UTM-Y: 4120769 Depth: 15 Value: 75.1 Station: CB7.3E
 --- UTM-X: 406515 UTM-Y: 4120769 Depth: 15.5 Value: 75 Station: CB7.3E
 --- UTM-X: 406515 UTM-Y: 4120769 Depth: 16 Value: 74.9 Station: CB7.3E
 --- UTM-X: 406515 UTM-Y: 4120769 Depth: 16.5 Value: 74.9 Station: CB7.3E
 --- UTM-X: 406515 UTM-Y: 4120769 Depth: 17 Value: 74.8 Station: CB7.3E
 --- UTM-X: 406515 UTM-Y: 4120769 Depth: 17.5 Value: 74.8 Station: CB7.3E
 --- UTM-X: 406515 UTM-Y: 4120769 Depth: 18 Value: 74.8 Station: CB7.3E
 --- UTM-X: 380697 UTM-Y: 4130313 Depth: 0 Value: 84.4 Station: WE4.1
 --- UTM-X: 380697 UTM-Y: 4130313 Depth: 0.5 Value: 84.4 Station: WE4.1
 --- UTM-X: 380697 UTM-Y: 4130313 Depth: 1 Value: 84.4 Station: WE4.1
 --- UTM-X: 380697 UTM-Y: 4130313 Depth: 1.5 Value: 84.3 Station: WE4.1
 --- UTM-X: 380697 UTM-Y: 4130313 Depth: 2 Value: 84.3 Station: WE4.1
 --- UTM-X: 380697 UTM-Y: 4130313 Depth: 2.5 Value: 83.5 Station: WE4.1
 --- UTM-X: 380697 UTM-Y: 4130313 Depth: 3 Value: 82.8 Station: WE4.1
 --- UTM-X: 380697 UTM-Y: 4130313 Depth: 3.5 Value: 82.6 Station: WE4.1
 --- UTM-X: 380697 UTM-Y: 4130313 Depth: 4 Value: 82.4 Station: WE4.1
 --- UTM-X: 377038 UTM-Y: 4122598 Depth: 0 Value: 84.4 Station: WE4.2
 --- UTM-X: 377038 UTM-Y: 4122598 Depth: 0.5 Value: 84.4 Station: WE4.2
 --- UTM-X: 377038 UTM-Y: 4122598 Depth: 1 Value: 84.4 Station: WE4.2
 --- UTM-X: 377038 UTM-Y: 4122598 Depth: 1.5 Value: 84.2 Station: WE4.2
 --- UTM-X: 377038 UTM-Y: 4122598 Depth: 2 Value: 84 Station: WE4.2
 --- UTM-X: 377038 UTM-Y: 4122598 Depth: 2.5 Value: 83.9 Station: WE4.2
 --- UTM-X: 377038 UTM-Y: 4122598 Depth: 3 Value: 83.8 Station: WE4.2
 --- UTM-X: 377038 UTM-Y: 4122598 Depth: 3.5 Value: 83.8 Station: WE4.2
 --- UTM-X: 377038 UTM-Y: 4122598 Depth: 4 Value: 83.8 Station: WE4.2
 --- UTM-X: 377038 UTM-Y: 4122598 Depth: 4.5 Value: 83.8 Station: WE4.2
 --- UTM-X: 377038 UTM-Y: 4122598 Depth: 5 Value: 83.8 Station: WE4.2
 --- UTM-X: 377038 UTM-Y: 4122598 Depth: 5.5 Value: 83.8 Station: WE4.2
 --- UTM-X: 377038 UTM-Y: 4122598 Depth: 6 Value: 83.9 Station: WE4.2
 --- UTM-X: 377038 UTM-Y: 4122598 Depth: 6.5 Value: 83.9 Station: WE4.2
 --- UTM-X: 377038 UTM-Y: 4122598 Depth: 7 Value: 83.9 Station: WE4.2
 --- UTM-X: 377038 UTM-Y: 4122598 Depth: 7.5 Value: 83.9 Station: WE4.2
 --- UTM-X: 377038 UTM-Y: 4122598 Depth: 8 Value: 83.9 Station: WE4.2
 --- UTM-X: 377038 UTM-Y: 4122598 Depth: 8.5 Value: 83 Station: WE4.2
 --- UTM-X: 377038 UTM-Y: 4122598 Depth: 9 Value: 82.1 Station: WE4.2
 --- UTM-X: 377038 UTM-Y: 4122598 Depth: 9.5 Value: 80.1 Station: WE4.2
 --- UTM-X: 377038 UTM-Y: 4122598 Depth: 10 Value: 78 Station: WE4.2
 --- UTM-X: 377038 UTM-Y: 4122598 Depth: 10.5 Value: 78 Station: WE4.2
 --- UTM-X: 377038 UTM-Y: 4122598 Depth: 11 Value: 77.9 Station: WE4.2
 --- UTM-X: 378116 UTM-Y: 4115369 Depth: 0 Value: 84.3 Station: WE4.3
 --- UTM-X: 378116 UTM-Y: 4115369 Depth: 0.5 Value: 84.3 Station: WE4.3
 --- UTM-X: 378116 UTM-Y: 4115369 Depth: 1 Value: 84.3 Station: WE4.3
 --- UTM-X: 378116 UTM-Y: 4115369 Depth: 1.5 Value: 84.4 Station: WE4.3
 --- UTM-X: 378116 UTM-Y: 4115369 Depth: 2 Value: 84.4 Station: WE4.3
 --- UTM-X: 378116 UTM-Y: 4115369 Depth: 2.5 Value: 84.3 Station: WE4.3
 --- UTM-X: 378116 UTM-Y: 4115369 Depth: 3 Value: 84.2 Station: WE4.3
 --- UTM-X: 378116 UTM-Y: 4115369 Depth: 3.5 Value: 83.9 Station: WE4.3
 --- UTM-X: 378116 UTM-Y: 4115369 Depth: 4 Value: 83.5 Station: WE4.3
 --- UTM-X: 385118 UTM-Y: 4107873 Depth: 0 Value: 84.5 Station: WE4.4
 --- UTM-X: 385118 UTM-Y: 4107873 Depth: 0.5 Value: 84.5 Station: WE4.4
 --- UTM-X: 385118 UTM-Y: 4107873 Depth: 1 Value: 84.5 Station: WE4.4
 --- UTM-X: 385118 UTM-Y: 4107873 Depth: 1.5 Value: 84.5 Station: WE4.4
 --- UTM-X: 385118 UTM-Y: 4107873 Depth: 2 Value: 84.6 Station: WE4.4
 --- UTM-X: 385118 UTM-Y: 4107873 Depth: 2.5 Value: 84.5 Station: WE4.4
 --- UTM-X: 385118 UTM-Y: 4107873 Depth: 3 Value: 84.4 Station: WE4.4
 --- UTM-X: 385118 UTM-Y: 4107873 Depth: 3.5 Value: 84.2 Station: WE4.4
 --- UTM-X: 385118 UTM-Y: 4107873 Depth: 4 Value: 84 Station: WE4.4
 --- UTM-X: 385118 UTM-Y: 4107873 Depth: 4.5 Value: 83.7 Station: WE4.4
 --- UTM-X: 385118 UTM-Y: 4107873 Depth: 5 Value: 83.4 Station: WE4.4
 --- UTM-X: 385118 UTM-Y: 4107873 Depth: 5.5 Value: 83.3 Station: WE4.4
 --- UTM-X: 385118 UTM-Y: 4107873 Depth: 6 Value: 83.3 Station: WE4.4
 --- 1603 cells were interpolated in region YRKPH.  Subtotal: 211070 total cells.
 ---- Region was calculated in 0 seconds. Segment volume (m^3) = 400750000
 
 - Bathymetry Region ID: 1065  Region Name: MOBPH  Data Points: 225 in data region 1065
 -- Cell Size  E-W: 500  N-S: 500  Vertical: 1
 --- Data in Region ---
 --- UTM-X: 392849 UTM-Y: 4121795 Depth: 0 Value: 83.8 Station: CB6.4
 --- UTM-X: 392849 UTM-Y: 4121795 Depth: 0.5 Value: 83.8 Station: CB6.4
 --- UTM-X: 392849 UTM-Y: 4121795 Depth: 1 Value: 83.8 Station: CB6.4
 --- UTM-X: 392849 UTM-Y: 4121795 Depth: 1.5 Value: 83.7 Station: CB6.4
 --- UTM-X: 392849 UTM-Y: 4121795 Depth: 2 Value: 83.5 Station: CB6.4
 --- UTM-X: 392849 UTM-Y: 4121795 Depth: 2.5 Value: 83.4 Station: CB6.4
 --- UTM-X: 392849 UTM-Y: 4121795 Depth: 3 Value: 83.4 Station: CB6.4
 --- UTM-X: 392849 UTM-Y: 4121795 Depth: 3.5 Value: 83.6 Station: CB6.4
 --- UTM-X: 392849 UTM-Y: 4121795 Depth: 4 Value: 83.9 Station: CB6.4
 --- UTM-X: 392849 UTM-Y: 4121795 Depth: 4.5 Value: 83.9 Station: CB6.4
 --- UTM-X: 392849 UTM-Y: 4121795 Depth: 5 Value: 83.9 Station: CB6.4
 --- UTM-X: 392849 UTM-Y: 4121795 Depth: 5.5 Value: 83.7 Station: CB6.4
 --- UTM-X: 392849 UTM-Y: 4121795 Depth: 6 Value: 83.5 Station: CB6.4
 --- UTM-X: 392849 UTM-Y: 4121795 Depth: 6.5 Value: 83.1 Station: CB6.4
 --- UTM-X: 392849 UTM-Y: 4121795 Depth: 7 Value: 82.7 Station: CB6.4
 --- UTM-X: 392849 UTM-Y: 4121795 Depth: 7.5 Value: 81.9 Station: CB6.4
 --- UTM-X: 392849 UTM-Y: 4121795 Depth: 8 Value: 81.1 Station: CB6.4
 --- UTM-X: 400035 UTM-Y: 4108423 Depth: 0 Value: 82.7 Station: CB7.3
 --- UTM-X: 400035 UTM-Y: 4108423 Depth: 0.5 Value: 82.7 Station: CB7.3
 --- UTM-X: 400035 UTM-Y: 4108423 Depth: 1 Value: 82.7 Station: CB7.3
 --- UTM-X: 400035 UTM-Y: 4108423 Depth: 1.5 Value: 82.7 Station: CB7.3
 --- UTM-X: 400035 UTM-Y: 4108423 Depth: 2 Value: 82.7 Station: CB7.3
 --- UTM-X: 400035 UTM-Y: 4108423 Depth: 2.5 Value: 81.9 Station: CB7.3
 --- UTM-X: 400035 UTM-Y: 4108423 Depth: 3 Value: 81 Station: CB7.3
 --- UTM-X: 400035 UTM-Y: 4108423 Depth: 3.5 Value: 80.5 Station: CB7.3
 --- UTM-X: 400035 UTM-Y: 4108423 Depth: 4 Value: 80 Station: CB7.3
 --- UTM-X: 400035 UTM-Y: 4108423 Depth: 4.5 Value: 78.2 Station: CB7.3
 --- UTM-X: 400035 UTM-Y: 4108423 Depth: 5 Value: 76.5 Station: CB7.3
 --- UTM-X: 400035 UTM-Y: 4108423 Depth: 5.5 Value: 76.4 Station: CB7.3
 --- UTM-X: 400035 UTM-Y: 4108423 Depth: 6 Value: 76.4 Station: CB7.3
 --- UTM-X: 400035 UTM-Y: 4108423 Depth: 6.5 Value: 76.3 Station: CB7.3
 --- UTM-X: 400035 UTM-Y: 4108423 Depth: 7 Value: 76.3 Station: CB7.3
 --- UTM-X: 400035 UTM-Y: 4108423 Depth: 7.5 Value: 76.2 Station: CB7.3
 --- UTM-X: 400035 UTM-Y: 4108423 Depth: 8 Value: 76.1 Station: CB7.3
 --- UTM-X: 400035 UTM-Y: 4108423 Depth: 8.5 Value: 75.2 Station: CB7.3
 --- UTM-X: 400035 UTM-Y: 4108423 Depth: 9 Value: 74.4 Station: CB7.3
 --- UTM-X: 400035 UTM-Y: 4108423 Depth: 9.5 Value: 74.1 Station: CB7.3
 --- UTM-X: 400035 UTM-Y: 4108423 Depth: 10 Value: 73.7 Station: CB7.3
 --- UTM-X: 400035 UTM-Y: 4108423 Depth: 10.5 Value: 72.9 Station: CB7.3
 --- UTM-X: 400035 UTM-Y: 4108423 Depth: 11 Value: 72.1 Station: CB7.3
 --- UTM-X: 400035 UTM-Y: 4108423 Depth: 11.5 Value: 72 Station: CB7.3
 --- UTM-X: 400035 UTM-Y: 4108423 Depth: 12 Value: 72 Station: CB7.3
 --- UTM-X: 400035 UTM-Y: 4108423 Depth: 12.5 Value: 71.9 Station: CB7.3
 --- UTM-X: 400035 UTM-Y: 4108423 Depth: 13 Value: 71.7 Station: CB7.3
 --- UTM-X: 406515 UTM-Y: 4120769 Depth: 0 Value: 83.1 Station: CB7.3E
 --- UTM-X: 406515 UTM-Y: 4120769 Depth: 0.5 Value: 83.1 Station: CB7.3E
 --- UTM-X: 406515 UTM-Y: 4120769 Depth: 1 Value: 83.1 Station: CB7.3E
 --- UTM-X: 406515 UTM-Y: 4120769 Depth: 1.5 Value: 82.9 Station: CB7.3E
 --- UTM-X: 406515 UTM-Y: 4120769 Depth: 2 Value: 82.8 Station: CB7.3E
 --- UTM-X: 406515 UTM-Y: 4120769 Depth: 2.5 Value: 80.8 Station: CB7.3E
 --- UTM-X: 406515 UTM-Y: 4120769 Depth: 3 Value: 78.8 Station: CB7.3E
 --- UTM-X: 406515 UTM-Y: 4120769 Depth: 3.5 Value: 77.6 Station: CB7.3E
 --- UTM-X: 406515 UTM-Y: 4120769 Depth: 4 Value: 76.5 Station: CB7.3E
 --- UTM-X: 406515 UTM-Y: 4120769 Depth: 4.5 Value: 76.4 Station: CB7.3E
 --- UTM-X: 406515 UTM-Y: 4120769 Depth: 5 Value: 76.3 Station: CB7.3E
 --- UTM-X: 406515 UTM-Y: 4120769 Depth: 5.5 Value: 76.2 Station: CB7.3E
 --- UTM-X: 406515 UTM-Y: 4120769 Depth: 6 Value: 76 Station: CB7.3E
 --- UTM-X: 406515 UTM-Y: 4120769 Depth: 6.5 Value: 76 Station: CB7.3E
 --- UTM-X: 406515 UTM-Y: 4120769 Depth: 7 Value: 75.9 Station: CB7.3E
 --- UTM-X: 406515 UTM-Y: 4120769 Depth: 7.5 Value: 75.7 Station: CB7.3E
 --- UTM-X: 406515 UTM-Y: 4120769 Depth: 8 Value: 75.4 Station: CB7.3E
 --- UTM-X: 406515 UTM-Y: 4120769 Depth: 8.5 Value: 75.4 Station: CB7.3E
 --- UTM-X: 406515 UTM-Y: 4120769 Depth: 9 Value: 75.4 Station: CB7.3E
 --- UTM-X: 406515 UTM-Y: 4120769 Depth: 9.5 Value: 75.4 Station: CB7.3E
 --- UTM-X: 406515 UTM-Y: 4120769 Depth: 10 Value: 75.4 Station: CB7.3E
 --- UTM-X: 406515 UTM-Y: 4120769 Depth: 10.5 Value: 75.4 Station: CB7.3E
 --- UTM-X: 406515 UTM-Y: 4120769 Depth: 11 Value: 75.4 Station: CB7.3E
 --- UTM-X: 406515 UTM-Y: 4120769 Depth: 11.5 Value: 75.4 Station: CB7.3E
 --- UTM-X: 406515 UTM-Y: 4120769 Depth: 12 Value: 75.3 Station: CB7.3E
 --- UTM-X: 406515 UTM-Y: 4120769 Depth: 12.5 Value: 75.3 Station: CB7.3E
 --- UTM-X: 406515 UTM-Y: 4120769 Depth: 13 Value: 75.3 Station: CB7.3E
 --- UTM-X: 406515 UTM-Y: 4120769 Depth: 13.5 Value: 75.3 Station: CB7.3E
 --- UTM-X: 406515 UTM-Y: 4120769 Depth: 14 Value: 75.3 Station: CB7.3E
 --- UTM-X: 406515 UTM-Y: 4120769 Depth: 14.5 Value: 75.2 Station: CB7.3E
 --- UTM-X: 406515 UTM-Y: 4120769 Depth: 15 Value: 75.1 Station: CB7.3E
 --- UTM-X: 406515 UTM-Y: 4120769 Depth: 15.5 Value: 75 Station: CB7.3E
 --- UTM-X: 406515 UTM-Y: 4120769 Depth: 16 Value: 74.9 Station: CB7.3E
 --- UTM-X: 406515 UTM-Y: 4120769 Depth: 16.5 Value: 74.9 Station: CB7.3E
 --- UTM-X: 406515 UTM-Y: 4120769 Depth: 17 Value: 74.8 Station: CB7.3E
 --- UTM-X: 406515 UTM-Y: 4120769 Depth: 17.5 Value: 74.8 Station: CB7.3E
 --- UTM-X: 406515 UTM-Y: 4120769 Depth: 18 Value: 74.8 Station: CB7.3E
 --- UTM-X: 409195 UTM-Y: 4094882 Depth: 0 Value: 81.4 Station: CB7.4
 --- UTM-X: 409195 UTM-Y: 4094882 Depth: 0.5 Value: 81.4 Station: CB7.4
 --- UTM-X: 409195 UTM-Y: 4094882 Depth: 1 Value: 81.4 Station: CB7.4
 --- UTM-X: 409195 UTM-Y: 4094882 Depth: 1.5 Value: 80.7 Station: CB7.4
 --- UTM-X: 409195 UTM-Y: 4094882 Depth: 2 Value: 79.9 Station: CB7.4
 --- UTM-X: 409195 UTM-Y: 4094882 Depth: 2.5 Value: 80 Station: CB7.4
 --- UTM-X: 409195 UTM-Y: 4094882 Depth: 3 Value: 80 Station: CB7.4
 --- UTM-X: 409195 UTM-Y: 4094882 Depth: 3.5 Value: 79.5 Station: CB7.4
 --- UTM-X: 409195 UTM-Y: 4094882 Depth: 4 Value: 79.1 Station: CB7.4
 --- UTM-X: 409195 UTM-Y: 4094882 Depth: 4.5 Value: 77.7 Station: CB7.4
 --- UTM-X: 409195 UTM-Y: 4094882 Depth: 5 Value: 76.3 Station: CB7.4
 --- UTM-X: 409195 UTM-Y: 4094882 Depth: 5.5 Value: 75.8 Station: CB7.4
 --- UTM-X: 409195 UTM-Y: 4094882 Depth: 6 Value: 75.2 Station: CB7.4
 --- UTM-X: 409195 UTM-Y: 4094882 Depth: 6.5 Value: 74.9 Station: CB7.4
 --- UTM-X: 409195 UTM-Y: 4094882 Depth: 7 Value: 74.7 Station: CB7.4
 --- UTM-X: 409195 UTM-Y: 4094882 Depth: 7.5 Value: 74.1 Station: CB7.4
 --- UTM-X: 409195 UTM-Y: 4094882 Depth: 8 Value: 73.6 Station: CB7.4
 --- UTM-X: 409195 UTM-Y: 4094882 Depth: 8.5 Value: 73 Station: CB7.4
 --- UTM-X: 409195 UTM-Y: 4094882 Depth: 9 Value: 72.3 Station: CB7.4
 --- UTM-X: 409195 UTM-Y: 4094882 Depth: 9.5 Value: 72.2 Station: CB7.4
 --- UTM-X: 409195 UTM-Y: 4094882 Depth: 10 Value: 72.1 Station: CB7.4
 --- UTM-X: 409195 UTM-Y: 4094882 Depth: 10.5 Value: 71.7 Station: CB7.4
 --- UTM-X: 409195 UTM-Y: 4094882 Depth: 11 Value: 71.3 Station: CB7.4
 --- UTM-X: 409195 UTM-Y: 4094882 Depth: 11.5 Value: 70.8 Station: CB7.4
 --- UTM-X: 409195 UTM-Y: 4094882 Depth: 12 Value: 70.2 Station: CB7.4
 --- UTM-X: 409195 UTM-Y: 4094882 Depth: 12.5 Value: 69.9 Station: CB7.4
 --- UTM-X: 409195 UTM-Y: 4094882 Depth: 13 Value: 69.5 Station: CB7.4
 --- UTM-X: 411151 UTM-Y: 4102258 Depth: 0 Value: 79.9 Station: CB7.4N
 --- UTM-X: 411151 UTM-Y: 4102258 Depth: 0.5 Value: 79.9 Station: CB7.4N
 --- UTM-X: 411151 UTM-Y: 4102258 Depth: 1 Value: 79.9 Station: CB7.4N
 --- UTM-X: 411151 UTM-Y: 4102258 Depth: 1.5 Value: 79.9 Station: CB7.4N
 --- UTM-X: 411151 UTM-Y: 4102258 Depth: 2 Value: 79.9 Station: CB7.4N
 --- UTM-X: 411151 UTM-Y: 4102258 Depth: 2.5 Value: 79.8 Station: CB7.4N
 --- UTM-X: 411151 UTM-Y: 4102258 Depth: 3 Value: 79.7 Station: CB7.4N
 --- UTM-X: 411151 UTM-Y: 4102258 Depth: 3.5 Value: 79.7 Station: CB7.4N
 --- UTM-X: 411151 UTM-Y: 4102258 Depth: 4 Value: 79.6 Station: CB7.4N
 --- UTM-X: 411151 UTM-Y: 4102258 Depth: 4.5 Value: 79.5 Station: CB7.4N
 --- UTM-X: 411151 UTM-Y: 4102258 Depth: 5 Value: 79.3 Station: CB7.4N
 --- UTM-X: 411151 UTM-Y: 4102258 Depth: 5.5 Value: 79.3 Station: CB7.4N
 --- UTM-X: 411151 UTM-Y: 4102258 Depth: 6 Value: 79.3 Station: CB7.4N
 --- UTM-X: 411151 UTM-Y: 4102258 Depth: 6.5 Value: 79.2 Station: CB7.4N
 --- UTM-X: 411151 UTM-Y: 4102258 Depth: 7 Value: 79.2 Station: CB7.4N
 --- UTM-X: 411151 UTM-Y: 4102258 Depth: 7.5 Value: 79.1 Station: CB7.4N
 --- UTM-X: 411151 UTM-Y: 4102258 Depth: 8 Value: 79.1 Station: CB7.4N
 --- UTM-X: 411151 UTM-Y: 4102258 Depth: 8.5 Value: 79 Station: CB7.4N
 --- UTM-X: 411151 UTM-Y: 4102258 Depth: 9 Value: 78.9 Station: CB7.4N
 --- UTM-X: 396093 UTM-Y: 4095002 Depth: 0 Value: 81.5 Station: CB8.1
 --- UTM-X: 396093 UTM-Y: 4095002 Depth: 0.5 Value: 81.5 Station: CB8.1
 --- UTM-X: 396093 UTM-Y: 4095002 Depth: 1 Value: 81.5 Station: CB8.1
 --- UTM-X: 396093 UTM-Y: 4095002 Depth: 1.5 Value: 80.9 Station: CB8.1
 --- UTM-X: 396093 UTM-Y: 4095002 Depth: 2 Value: 80.2 Station: CB8.1
 --- UTM-X: 396093 UTM-Y: 4095002 Depth: 2.5 Value: 79.6 Station: CB8.1
 --- UTM-X: 396093 UTM-Y: 4095002 Depth: 3 Value: 79 Station: CB8.1
 --- UTM-X: 396093 UTM-Y: 4095002 Depth: 3.5 Value: 78.6 Station: CB8.1
 --- UTM-X: 396093 UTM-Y: 4095002 Depth: 4 Value: 78.2 Station: CB8.1
 --- UTM-X: 396093 UTM-Y: 4095002 Depth: 4.5 Value: 76.4 Station: CB8.1
 --- UTM-X: 396093 UTM-Y: 4095002 Depth: 5 Value: 74.6 Station: CB8.1
 --- UTM-X: 396093 UTM-Y: 4095002 Depth: 5.5 Value: 74.4 Station: CB8.1
 --- UTM-X: 396093 UTM-Y: 4095002 Depth: 6 Value: 74.1 Station: CB8.1
 --- UTM-X: 396093 UTM-Y: 4095002 Depth: 6.5 Value: 74 Station: CB8.1
 --- UTM-X: 396093 UTM-Y: 4095002 Depth: 7 Value: 73.9 Station: CB8.1
 --- UTM-X: 396093 UTM-Y: 4095002 Depth: 7.5 Value: 72.2 Station: CB8.1
 --- UTM-X: 396093 UTM-Y: 4095002 Depth: 8 Value: 70.4 Station: CB8.1
 --- UTM-X: 407851 UTM-Y: 4089534 Depth: 0 Value: 81.2 Station: CB8.1E
 --- UTM-X: 407851 UTM-Y: 4089534 Depth: 0.5 Value: 81.2 Station: CB8.1E
 --- UTM-X: 407851 UTM-Y: 4089534 Depth: 1 Value: 81.2 Station: CB8.1E
 --- UTM-X: 407851 UTM-Y: 4089534 Depth: 1.5 Value: 81 Station: CB8.1E
 --- UTM-X: 407851 UTM-Y: 4089534 Depth: 2 Value: 80.8 Station: CB8.1E
 --- UTM-X: 407851 UTM-Y: 4089534 Depth: 2.5 Value: 80.7 Station: CB8.1E
 --- UTM-X: 407851 UTM-Y: 4089534 Depth: 3 Value: 80.5 Station: CB8.1E
 --- UTM-X: 407851 UTM-Y: 4089534 Depth: 3.5 Value: 80.4 Station: CB8.1E
 --- UTM-X: 407851 UTM-Y: 4089534 Depth: 4 Value: 80.3 Station: CB8.1E
 --- UTM-X: 407851 UTM-Y: 4089534 Depth: 4.5 Value: 80.1 Station: CB8.1E
 --- UTM-X: 407851 UTM-Y: 4089534 Depth: 5 Value: 79.8 Station: CB8.1E
 --- UTM-X: 407851 UTM-Y: 4089534 Depth: 5.5 Value: 79.5 Station: CB8.1E
 --- UTM-X: 407851 UTM-Y: 4089534 Depth: 6 Value: 79.1 Station: CB8.1E
 --- UTM-X: 407851 UTM-Y: 4089534 Depth: 6.5 Value: 78.9 Station: CB8.1E
 --- UTM-X: 407851 UTM-Y: 4089534 Depth: 7 Value: 78.6 Station: CB8.1E
 --- UTM-X: 407851 UTM-Y: 4089534 Depth: 7.5 Value: 78.1 Station: CB8.1E
 --- UTM-X: 407851 UTM-Y: 4089534 Depth: 8 Value: 77.7 Station: CB8.1E
 --- UTM-X: 407851 UTM-Y: 4089534 Depth: 8.5 Value: 77.6 Station: CB8.1E
 --- UTM-X: 407851 UTM-Y: 4089534 Depth: 9 Value: 77.6 Station: CB8.1E
 --- UTM-X: 407851 UTM-Y: 4089534 Depth: 9.5 Value: 77.3 Station: CB8.1E
 --- UTM-X: 407851 UTM-Y: 4089534 Depth: 10 Value: 77 Station: CB8.1E
 --- UTM-X: 407851 UTM-Y: 4089534 Depth: 10.5 Value: 75.9 Station: CB8.1E
 --- UTM-X: 407851 UTM-Y: 4089534 Depth: 11 Value: 74.9 Station: CB8.1E
 --- UTM-X: 407851 UTM-Y: 4089534 Depth: 11.5 Value: 74.5 Station: CB8.1E
 --- UTM-X: 407851 UTM-Y: 4089534 Depth: 12 Value: 74.2 Station: CB8.1E
 --- UTM-X: 407851 UTM-Y: 4089534 Depth: 12.5 Value: 71.9 Station: CB8.1E
 --- UTM-X: 407851 UTM-Y: 4089534 Depth: 13 Value: 69.5 Station: CB8.1E
 --- UTM-X: 380697 UTM-Y: 4130313 Depth: 0 Value: 84.4 Station: WE4.1
 --- UTM-X: 380697 UTM-Y: 4130313 Depth: 0.5 Value: 84.4 Station: WE4.1
 --- UTM-X: 380697 UTM-Y: 4130313 Depth: 1 Value: 84.4 Station: WE4.1
 --- UTM-X: 380697 UTM-Y: 4130313 Depth: 1.5 Value: 84.3 Station: WE4.1
 --- UTM-X: 380697 UTM-Y: 4130313 Depth: 2 Value: 84.3 Station: WE4.1
 --- UTM-X: 380697 UTM-Y: 4130313 Depth: 2.5 Value: 83.5 Station: WE4.1
 --- UTM-X: 380697 UTM-Y: 4130313 Depth: 3 Value: 82.8 Station: WE4.1
 --- UTM-X: 380697 UTM-Y: 4130313 Depth: 3.5 Value: 82.6 Station: WE4.1
 --- UTM-X: 380697 UTM-Y: 4130313 Depth: 4 Value: 82.4 Station: WE4.1
 --- UTM-X: 377038 UTM-Y: 4122598 Depth: 0 Value: 84.4 Station: WE4.2
 --- UTM-X: 377038 UTM-Y: 4122598 Depth: 0.5 Value: 84.4 Station: WE4.2
 --- UTM-X: 377038 UTM-Y: 4122598 Depth: 1 Value: 84.4 Station: WE4.2
 --- UTM-X: 377038 UTM-Y: 4122598 Depth: 1.5 Value: 84.2 Station: WE4.2
 --- UTM-X: 377038 UTM-Y: 4122598 Depth: 2 Value: 84 Station: WE4.2
 --- UTM-X: 377038 UTM-Y: 4122598 Depth: 2.5 Value: 83.9 Station: WE4.2
 --- UTM-X: 377038 UTM-Y: 4122598 Depth: 3 Value: 83.8 Station: WE4.2
 --- UTM-X: 377038 UTM-Y: 4122598 Depth: 3.5 Value: 83.8 Station: WE4.2
 --- UTM-X: 377038 UTM-Y: 4122598 Depth: 4 Value: 83.8 Station: WE4.2
 --- UTM-X: 377038 UTM-Y: 4122598 Depth: 4.5 Value: 83.8 Station: WE4.2
 --- UTM-X: 377038 UTM-Y: 4122598 Depth: 5 Value: 83.8 Station: WE4.2
 --- UTM-X: 377038 UTM-Y: 4122598 Depth: 5.5 Value: 83.8 Station: WE4.2
 --- UTM-X: 377038 UTM-Y: 4122598 Depth: 6 Value: 83.9 Station: WE4.2
 --- UTM-X: 377038 UTM-Y: 4122598 Depth: 6.5 Value: 83.9 Station: WE4.2
 --- UTM-X: 377038 UTM-Y: 4122598 Depth: 7 Value: 83.9 Station: WE4.2
 --- UTM-X: 377038 UTM-Y: 4122598 Depth: 7.5 Value: 83.9 Station: WE4.2
 --- UTM-X: 377038 UTM-Y: 4122598 Depth: 8 Value: 83.9 Station: WE4.2
 --- UTM-X: 377038 UTM-Y: 4122598 Depth: 8.5 Value: 83 Station: WE4.2
 --- UTM-X: 377038 UTM-Y: 4122598 Depth: 9 Value: 82.1 Station: WE4.2
 --- UTM-X: 377038 UTM-Y: 4122598 Depth: 9.5 Value: 80.1 Station: WE4.2
 --- UTM-X: 377038 UTM-Y: 4122598 Depth: 10 Value: 78 Station: WE4.2
 --- UTM-X: 377038 UTM-Y: 4122598 Depth: 10.5 Value: 78 Station: WE4.2
 --- UTM-X: 377038 UTM-Y: 4122598 Depth: 11 Value: 77.9 Station: WE4.2
 --- UTM-X: 378116 UTM-Y: 4115369 Depth: 0 Value: 84.3 Station: WE4.3
 --- UTM-X: 378116 UTM-Y: 4115369 Depth: 0.5 Value: 84.3 Station: WE4.3
 --- UTM-X: 378116 UTM-Y: 4115369 Depth: 1 Value: 84.3 Station: WE4.3
 --- UTM-X: 378116 UTM-Y: 4115369 Depth: 1.5 Value: 84.4 Station: WE4.3
 --- UTM-X: 378116 UTM-Y: 4115369 Depth: 2 Value: 84.4 Station: WE4.3
 --- UTM-X: 378116 UTM-Y: 4115369 Depth: 2.5 Value: 84.3 Station: WE4.3
 --- UTM-X: 378116 UTM-Y: 4115369 Depth: 3 Value: 84.2 Station: WE4.3
 --- UTM-X: 378116 UTM-Y: 4115369 Depth: 3.5 Value: 83.9 Station: WE4.3
 --- UTM-X: 378116 UTM-Y: 4115369 Depth: 4 Value: 83.5 Station: WE4.3
 --- UTM-X: 385118 UTM-Y: 4107873 Depth: 0 Value: 84.5 Station: WE4.4
 --- UTM-X: 385118 UTM-Y: 4107873 Depth: 0.5 Value: 84.5 Station: WE4.4
 --- UTM-X: 385118 UTM-Y: 4107873 Depth: 1 Value: 84.5 Station: WE4.4
 --- UTM-X: 385118 UTM-Y: 4107873 Depth: 1.5 Value: 84.5 Station: WE4.4
 --- UTM-X: 385118 UTM-Y: 4107873 Depth: 2 Value: 84.6 Station: WE4.4
 --- UTM-X: 385118 UTM-Y: 4107873 Depth: 2.5 Value: 84.5 Station: WE4.4
 --- UTM-X: 385118 UTM-Y: 4107873 Depth: 3 Value: 84.4 Station: WE4.4
 --- UTM-X: 385118 UTM-Y: 4107873 Depth: 3.5 Value: 84.2 Station: WE4.4
 --- UTM-X: 385118 UTM-Y: 4107873 Depth: 4 Value: 84 Station: WE4.4
 --- UTM-X: 385118 UTM-Y: 4107873 Depth: 4.5 Value: 83.7 Station: WE4.4
 --- UTM-X: 385118 UTM-Y: 4107873 Depth: 5 Value: 83.4 Station: WE4.4
 --- UTM-X: 385118 UTM-Y: 4107873 Depth: 5.5 Value: 83.3 Station: WE4.4
 --- UTM-X: 385118 UTM-Y: 4107873 Depth: 6 Value: 83.3 Station: WE4.4
 --- 5370 cells were interpolated in region MOBPH.  Subtotal: 216440 total cells.
 ---- Region was calculated in 0 seconds. Segment volume (m^3) = 1342500000
 
 - Bathymetry Region ID: 1066  Region Name: APPTF  Data Points: 0 in data region 1066
 -- Cell Size  E-W: 100  N-S: 100  Vertical: 1
 --- 151 cells were interpolated in region APPTF.  Subtotal: 216591 total cells.
 ---- Region was calculated in 0 seconds. Segment volume (m^3) = 1510000
 
 - Bathymetry Region ID: 1067  Region Name: CHKOH  Data Points: 0 in data region 1067
 -- Cell Size  E-W: 250  N-S: 250  Vertical: 1
 --- 777 cells were interpolated in region CHKOH.  Subtotal: 217368 total cells.
 ---- Region was calculated in 0 seconds. Segment volume (m^3) = 48562500
 
 - Bathymetry Region ID: 1068  Region Name: JMSTF  Data Points: 0 in data region 1068
 -- Cell Size  E-W: 250  N-S: 250  Vertical: 1
 --- 4579 cells were interpolated in region JMSTF.  Subtotal: 221947 total cells.
 ---- Region was calculated in 0 seconds. Segment volume (m^3) = 286187500
 
 - Bathymetry Region ID: 1069  Region Name: JMSOH  Data Points: 0 in data region 1069
 -- Cell Size  E-W: 500  N-S: 500  Vertical: 1
 --- 1726 cells were interpolated in region JMSOH.  Subtotal: 223673 total cells.
 ---- Region was calculated in 1 seconds. Segment volume (m^3) = 431500000
 
 - Bathymetry Region ID: 1070  Region Name: JMSMH  Data Points: 25 in data region 1070
 -- Cell Size  E-W: 1000  N-S: 1000  Vertical: 1
 --- Data in Region ---
 --- UTM-X: 383146 UTM-Y: 4095571 Depth: 0 Value: 83.3 Station: LE5.5-W
 --- UTM-X: 383146 UTM-Y: 4095571 Depth: 0.5 Value: 83.3 Station: LE5.5-W
 --- UTM-X: 383146 UTM-Y: 4095571 Depth: 1 Value: 83.3 Station: LE5.5-W
 --- UTM-X: 383146 UTM-Y: 4095571 Depth: 1.5 Value: 82.9 Station: LE5.5-W
 --- UTM-X: 383146 UTM-Y: 4095571 Depth: 2 Value: 82.6 Station: LE5.5-W
 --- UTM-X: 383146 UTM-Y: 4095571 Depth: 2.5 Value: 82.4 Station: LE5.5-W
 --- UTM-X: 383146 UTM-Y: 4095571 Depth: 3 Value: 82.2 Station: LE5.5-W
 --- UTM-X: 383146 UTM-Y: 4095571 Depth: 3.5 Value: 82.1 Station: LE5.5-W
 --- UTM-X: 383146 UTM-Y: 4095571 Depth: 4 Value: 81.9 Station: LE5.5-W
 --- UTM-X: 383146 UTM-Y: 4095571 Depth: 4.5 Value: 81.8 Station: LE5.5-W
 --- UTM-X: 383146 UTM-Y: 4095571 Depth: 5 Value: 81.7 Station: LE5.5-W
 --- UTM-X: 383146 UTM-Y: 4095571 Depth: 5.5 Value: 81.5 Station: LE5.5-W
 --- UTM-X: 383146 UTM-Y: 4095571 Depth: 6 Value: 81.3 Station: LE5.5-W
 --- UTM-X: 383146 UTM-Y: 4095571 Depth: 6.5 Value: 81.1 Station: LE5.5-W
 --- UTM-X: 383146 UTM-Y: 4095571 Depth: 7 Value: 80.9 Station: LE5.5-W
 --- UTM-X: 383146 UTM-Y: 4095571 Depth: 7.5 Value: 80.9 Station: LE5.5-W
 --- UTM-X: 383146 UTM-Y: 4095571 Depth: 8 Value: 80.8 Station: LE5.5-W
 --- UTM-X: 383146 UTM-Y: 4095571 Depth: 8.5 Value: 80.6 Station: LE5.5-W
 --- UTM-X: 383146 UTM-Y: 4095571 Depth: 9 Value: 80.4 Station: LE5.5-W
 --- UTM-X: 383146 UTM-Y: 4095571 Depth: 9.5 Value: 80.4 Station: LE5.5-W
 --- UTM-X: 383146 UTM-Y: 4095571 Depth: 10 Value: 80.4 Station: LE5.5-W
 --- UTM-X: 383146 UTM-Y: 4095571 Depth: 10.5 Value: 80.4 Station: LE5.5-W
 --- UTM-X: 383146 UTM-Y: 4095571 Depth: 11 Value: 80.4 Station: LE5.5-W
 --- UTM-X: 383146 UTM-Y: 4095571 Depth: 11.5 Value: 80.1 Station: LE5.5-W
 --- UTM-X: 383146 UTM-Y: 4095571 Depth: 12 Value: 79.7 Station: LE5.5-W
 --- 977 cells were interpolated in region JMSMH.  Subtotal: 224650 total cells.
 ---- Region was calculated in 0 seconds. Segment volume (m^3) = 977000000
 
 - Bathymetry Region ID: 1071  Region Name: JMSPH  Data Points: 96 in data region 1071
 -- Cell Size  E-W: 1000  N-S: 1000  Vertical: 1
 --- Data in Region ---
 --- UTM-X: 409195 UTM-Y: 4094882 Depth: 0 Value: 81.4 Station: CB7.4
 --- UTM-X: 409195 UTM-Y: 4094882 Depth: 0.5 Value: 81.4 Station: CB7.4
 --- UTM-X: 409195 UTM-Y: 4094882 Depth: 1 Value: 81.4 Station: CB7.4
 --- UTM-X: 409195 UTM-Y: 4094882 Depth: 1.5 Value: 80.7 Station: CB7.4
 --- UTM-X: 409195 UTM-Y: 4094882 Depth: 2 Value: 79.9 Station: CB7.4
 --- UTM-X: 409195 UTM-Y: 4094882 Depth: 2.5 Value: 80 Station: CB7.4
 --- UTM-X: 409195 UTM-Y: 4094882 Depth: 3 Value: 80 Station: CB7.4
 --- UTM-X: 409195 UTM-Y: 4094882 Depth: 3.5 Value: 79.5 Station: CB7.4
 --- UTM-X: 409195 UTM-Y: 4094882 Depth: 4 Value: 79.1 Station: CB7.4
 --- UTM-X: 409195 UTM-Y: 4094882 Depth: 4.5 Value: 77.7 Station: CB7.4
 --- UTM-X: 409195 UTM-Y: 4094882 Depth: 5 Value: 76.3 Station: CB7.4
 --- UTM-X: 409195 UTM-Y: 4094882 Depth: 5.5 Value: 75.8 Station: CB7.4
 --- UTM-X: 409195 UTM-Y: 4094882 Depth: 6 Value: 75.2 Station: CB7.4
 --- UTM-X: 409195 UTM-Y: 4094882 Depth: 6.5 Value: 74.9 Station: CB7.4
 --- UTM-X: 409195 UTM-Y: 4094882 Depth: 7 Value: 74.7 Station: CB7.4
 --- UTM-X: 409195 UTM-Y: 4094882 Depth: 7.5 Value: 74.1 Station: CB7.4
 --- UTM-X: 409195 UTM-Y: 4094882 Depth: 8 Value: 73.6 Station: CB7.4
 --- UTM-X: 409195 UTM-Y: 4094882 Depth: 8.5 Value: 73 Station: CB7.4
 --- UTM-X: 409195 UTM-Y: 4094882 Depth: 9 Value: 72.3 Station: CB7.4
 --- UTM-X: 409195 UTM-Y: 4094882 Depth: 9.5 Value: 72.2 Station: CB7.4
 --- UTM-X: 409195 UTM-Y: 4094882 Depth: 10 Value: 72.1 Station: CB7.4
 --- UTM-X: 409195 UTM-Y: 4094882 Depth: 10.5 Value: 71.7 Station: CB7.4
 --- UTM-X: 409195 UTM-Y: 4094882 Depth: 11 Value: 71.3 Station: CB7.4
 --- UTM-X: 409195 UTM-Y: 4094882 Depth: 11.5 Value: 70.8 Station: CB7.4
 --- UTM-X: 409195 UTM-Y: 4094882 Depth: 12 Value: 70.2 Station: CB7.4
 --- UTM-X: 409195 UTM-Y: 4094882 Depth: 12.5 Value: 69.9 Station: CB7.4
 --- UTM-X: 409195 UTM-Y: 4094882 Depth: 13 Value: 69.5 Station: CB7.4
 --- UTM-X: 396093 UTM-Y: 4095002 Depth: 0 Value: 81.5 Station: CB8.1
 --- UTM-X: 396093 UTM-Y: 4095002 Depth: 0.5 Value: 81.5 Station: CB8.1
 --- UTM-X: 396093 UTM-Y: 4095002 Depth: 1 Value: 81.5 Station: CB8.1
 --- UTM-X: 396093 UTM-Y: 4095002 Depth: 1.5 Value: 80.9 Station: CB8.1
 --- UTM-X: 396093 UTM-Y: 4095002 Depth: 2 Value: 80.2 Station: CB8.1
 --- UTM-X: 396093 UTM-Y: 4095002 Depth: 2.5 Value: 79.6 Station: CB8.1
 --- UTM-X: 396093 UTM-Y: 4095002 Depth: 3 Value: 79 Station: CB8.1
 --- UTM-X: 396093 UTM-Y: 4095002 Depth: 3.5 Value: 78.6 Station: CB8.1
 --- UTM-X: 396093 UTM-Y: 4095002 Depth: 4 Value: 78.2 Station: CB8.1
 --- UTM-X: 396093 UTM-Y: 4095002 Depth: 4.5 Value: 76.4 Station: CB8.1
 --- UTM-X: 396093 UTM-Y: 4095002 Depth: 5 Value: 74.6 Station: CB8.1
 --- UTM-X: 396093 UTM-Y: 4095002 Depth: 5.5 Value: 74.4 Station: CB8.1
 --- UTM-X: 396093 UTM-Y: 4095002 Depth: 6 Value: 74.1 Station: CB8.1
 --- UTM-X: 396093 UTM-Y: 4095002 Depth: 6.5 Value: 74 Station: CB8.1
 --- UTM-X: 396093 UTM-Y: 4095002 Depth: 7 Value: 73.9 Station: CB8.1
 --- UTM-X: 396093 UTM-Y: 4095002 Depth: 7.5 Value: 72.2 Station: CB8.1
 --- UTM-X: 396093 UTM-Y: 4095002 Depth: 8 Value: 70.4 Station: CB8.1
 --- UTM-X: 407851 UTM-Y: 4089534 Depth: 0 Value: 81.2 Station: CB8.1E
 --- UTM-X: 407851 UTM-Y: 4089534 Depth: 0.5 Value: 81.2 Station: CB8.1E
 --- UTM-X: 407851 UTM-Y: 4089534 Depth: 1 Value: 81.2 Station: CB8.1E
 --- UTM-X: 407851 UTM-Y: 4089534 Depth: 1.5 Value: 81 Station: CB8.1E
 --- UTM-X: 407851 UTM-Y: 4089534 Depth: 2 Value: 80.8 Station: CB8.1E
 --- UTM-X: 407851 UTM-Y: 4089534 Depth: 2.5 Value: 80.7 Station: CB8.1E
 --- UTM-X: 407851 UTM-Y: 4089534 Depth: 3 Value: 80.5 Station: CB8.1E
 --- UTM-X: 407851 UTM-Y: 4089534 Depth: 3.5 Value: 80.4 Station: CB8.1E
 --- UTM-X: 407851 UTM-Y: 4089534 Depth: 4 Value: 80.3 Station: CB8.1E
 --- UTM-X: 407851 UTM-Y: 4089534 Depth: 4.5 Value: 80.1 Station: CB8.1E
 --- UTM-X: 407851 UTM-Y: 4089534 Depth: 5 Value: 79.8 Station: CB8.1E
 --- UTM-X: 407851 UTM-Y: 4089534 Depth: 5.5 Value: 79.5 Station: CB8.1E
 --- UTM-X: 407851 UTM-Y: 4089534 Depth: 6 Value: 79.1 Station: CB8.1E
 --- UTM-X: 407851 UTM-Y: 4089534 Depth: 6.5 Value: 78.9 Station: CB8.1E
 --- UTM-X: 407851 UTM-Y: 4089534 Depth: 7 Value: 78.6 Station: CB8.1E
 --- UTM-X: 407851 UTM-Y: 4089534 Depth: 7.5 Value: 78.1 Station: CB8.1E
 --- UTM-X: 407851 UTM-Y: 4089534 Depth: 8 Value: 77.7 Station: CB8.1E
 --- UTM-X: 407851 UTM-Y: 4089534 Depth: 8.5 Value: 77.6 Station: CB8.1E
 --- UTM-X: 407851 UTM-Y: 4089534 Depth: 9 Value: 77.6 Station: CB8.1E
 --- UTM-X: 407851 UTM-Y: 4089534 Depth: 9.5 Value: 77.3 Station: CB8.1E
 --- UTM-X: 407851 UTM-Y: 4089534 Depth: 10 Value: 77 Station: CB8.1E
 --- UTM-X: 407851 UTM-Y: 4089534 Depth: 10.5 Value: 75.9 Station: CB8.1E
 --- UTM-X: 407851 UTM-Y: 4089534 Depth: 11 Value: 74.9 Station: CB8.1E
 --- UTM-X: 407851 UTM-Y: 4089534 Depth: 11.5 Value: 74.5 Station: CB8.1E
 --- UTM-X: 407851 UTM-Y: 4089534 Depth: 12 Value: 74.2 Station: CB8.1E
 --- UTM-X: 407851 UTM-Y: 4089534 Depth: 12.5 Value: 71.9 Station: CB8.1E
 --- UTM-X: 407851 UTM-Y: 4089534 Depth: 13 Value: 69.5 Station: CB8.1E
 --- UTM-X: 383146 UTM-Y: 4095571 Depth: 0 Value: 83.3 Station: LE5.5-W
 --- UTM-X: 383146 UTM-Y: 4095571 Depth: 0.5 Value: 83.3 Station: LE5.5-W
 --- UTM-X: 383146 UTM-Y: 4095571 Depth: 1 Value: 83.3 Station: LE5.5-W
 --- UTM-X: 383146 UTM-Y: 4095571 Depth: 1.5 Value: 82.9 Station: LE5.5-W
 --- UTM-X: 383146 UTM-Y: 4095571 Depth: 2 Value: 82.6 Station: LE5.5-W
 --- UTM-X: 383146 UTM-Y: 4095571 Depth: 2.5 Value: 82.4 Station: LE5.5-W
 --- UTM-X: 383146 UTM-Y: 4095571 Depth: 3 Value: 82.2 Station: LE5.5-W
 --- UTM-X: 383146 UTM-Y: 4095571 Depth: 3.5 Value: 82.1 Station: LE5.5-W
 --- UTM-X: 383146 UTM-Y: 4095571 Depth: 4 Value: 81.9 Station: LE5.5-W
 --- UTM-X: 383146 UTM-Y: 4095571 Depth: 4.5 Value: 81.8 Station: LE5.5-W
 --- UTM-X: 383146 UTM-Y: 4095571 Depth: 5 Value: 81.7 Station: LE5.5-W
 --- UTM-X: 383146 UTM-Y: 4095571 Depth: 5.5 Value: 81.5 Station: LE5.5-W
 --- UTM-X: 383146 UTM-Y: 4095571 Depth: 6 Value: 81.3 Station: LE5.5-W
 --- UTM-X: 383146 UTM-Y: 4095571 Depth: 6.5 Value: 81.1 Station: LE5.5-W
 --- UTM-X: 383146 UTM-Y: 4095571 Depth: 7 Value: 80.9 Station: LE5.5-W
 --- UTM-X: 383146 UTM-Y: 4095571 Depth: 7.5 Value: 80.9 Station: LE5.5-W
 --- UTM-X: 383146 UTM-Y: 4095571 Depth: 8 Value: 80.8 Station: LE5.5-W
 --- UTM-X: 383146 UTM-Y: 4095571 Depth: 8.5 Value: 80.6 Station: LE5.5-W
 --- UTM-X: 383146 UTM-Y: 4095571 Depth: 9 Value: 80.4 Station: LE5.5-W
 --- UTM-X: 383146 UTM-Y: 4095571 Depth: 9.5 Value: 80.4 Station: LE5.5-W
 --- UTM-X: 383146 UTM-Y: 4095571 Depth: 10 Value: 80.4 Station: LE5.5-W
 --- UTM-X: 383146 UTM-Y: 4095571 Depth: 10.5 Value: 80.4 Station: LE5.5-W
 --- UTM-X: 383146 UTM-Y: 4095571 Depth: 11 Value: 80.4 Station: LE5.5-W
 --- UTM-X: 383146 UTM-Y: 4095571 Depth: 11.5 Value: 80.1 Station: LE5.5-W
 --- UTM-X: 383146 UTM-Y: 4095571 Depth: 12 Value: 79.7 Station: LE5.5-W
 --- 434 cells were interpolated in region JMSPH.  Subtotal: 225084 total cells.
 ---- Region was calculated in 0 seconds. Segment volume (m^3) = 434000000
 
 - Bathymetry Region ID: 1072  Region Name: WBEMH  Data Points: 0 in data region 1072
 -- Cell Size  E-W: 100  N-S: 100  Vertical: 1
 --- 631 cells were interpolated in region WBEMH.  Subtotal: 225715 total cells.
 ---- Region was calculated in 0 seconds. Segment volume (m^3) = 6310000
 
 - Bathymetry Region ID: 1073  Region Name: SBEMH  Data Points: 68 in data region 1073
 -- Cell Size  E-W: 100  N-S: 100  Vertical: 1
 --- Data in Region ---
 --- UTM-X: 385059 UTM-Y: 4077977 Depth: 0 Value: 83 Station: EBE1
 --- UTM-X: 385059 UTM-Y: 4077977 Depth: 0.5 Value: 83 Station: EBE1
 --- UTM-X: 385059 UTM-Y: 4077977 Depth: 1 Value: 83 Station: EBE1
 --- UTM-X: 385059 UTM-Y: 4077977 Depth: 1.5 Value: 83 Station: EBE1
 --- UTM-X: 385059 UTM-Y: 4077977 Depth: 2 Value: 82.9 Station: EBE1
 --- UTM-X: 385059 UTM-Y: 4077977 Depth: 2.5 Value: 82.9 Station: EBE1
 --- UTM-X: 385059 UTM-Y: 4077977 Depth: 3 Value: 82.9 Station: EBE1
 --- UTM-X: 385059 UTM-Y: 4077977 Depth: 3.5 Value: 82.8 Station: EBE1
 --- UTM-X: 385059 UTM-Y: 4077977 Depth: 4 Value: 82.7 Station: EBE1
 --- UTM-X: 385059 UTM-Y: 4077977 Depth: 4.5 Value: 82.6 Station: EBE1
 --- UTM-X: 385059 UTM-Y: 4077977 Depth: 5 Value: 82.6 Station: EBE1
 --- UTM-X: 385059 UTM-Y: 4077977 Depth: 5.5 Value: 82.6 Station: EBE1
 --- UTM-X: 385059 UTM-Y: 4077977 Depth: 6 Value: 82.5 Station: EBE1
 --- UTM-X: 385059 UTM-Y: 4077977 Depth: 6.5 Value: 82.4 Station: EBE1
 --- UTM-X: 385059 UTM-Y: 4077977 Depth: 7 Value: 82.3 Station: EBE1
 --- UTM-X: 384303 UTM-Y: 4078850 Depth: 0 Value: 82.4 Station: ELE01
 --- UTM-X: 384303 UTM-Y: 4078850 Depth: 0.5 Value: 82.4 Station: ELE01
 --- UTM-X: 384303 UTM-Y: 4078850 Depth: 1 Value: 82.4 Station: ELE01
 --- UTM-X: 384303 UTM-Y: 4078850 Depth: 1.5 Value: 82.4 Station: ELE01
 --- UTM-X: 384303 UTM-Y: 4078850 Depth: 2 Value: 82.5 Station: ELE01
 --- UTM-X: 384303 UTM-Y: 4078850 Depth: 2.5 Value: 82.5 Station: ELE01
 --- UTM-X: 384303 UTM-Y: 4078850 Depth: 3 Value: 82.5 Station: ELE01
 --- UTM-X: 384303 UTM-Y: 4078850 Depth: 3.5 Value: 82.4 Station: ELE01
 --- UTM-X: 384303 UTM-Y: 4078850 Depth: 4 Value: 82.4 Station: ELE01
 --- UTM-X: 384303 UTM-Y: 4078850 Depth: 4.5 Value: 82.4 Station: ELE01
 --- UTM-X: 384303 UTM-Y: 4078850 Depth: 5 Value: 82.4 Station: ELE01
 --- UTM-X: 384303 UTM-Y: 4078850 Depth: 5.5 Value: 82.4 Station: ELE01
 --- UTM-X: 384303 UTM-Y: 4078850 Depth: 6 Value: 82.4 Station: ELE01
 --- UTM-X: 384303 UTM-Y: 4078850 Depth: 6.5 Value: 82.4 Station: ELE01
 --- UTM-X: 384303 UTM-Y: 4078850 Depth: 7 Value: 82.4 Station: ELE01
 --- UTM-X: 384303 UTM-Y: 4078850 Depth: 7.5 Value: 82.3 Station: ELE01
 --- UTM-X: 384303 UTM-Y: 4078850 Depth: 8 Value: 82.3 Station: ELE01
 --- UTM-X: 384303 UTM-Y: 4078850 Depth: 8.5 Value: 82.3 Station: ELE01
 --- UTM-X: 384303 UTM-Y: 4078850 Depth: 9 Value: 82.3 Station: ELE01
 --- UTM-X: 384303 UTM-Y: 4078850 Depth: 9.5 Value: 82.2 Station: ELE01
 --- UTM-X: 384303 UTM-Y: 4078850 Depth: 10 Value: 82.2 Station: ELE01
 --- UTM-X: 384303 UTM-Y: 4078850 Depth: 10.5 Value: 81.7 Station: ELE01
 --- UTM-X: 384303 UTM-Y: 4078850 Depth: 11 Value: 81.1 Station: ELE01
 --- UTM-X: 383530 UTM-Y: 4074884 Depth: 0 Value: 82.4 Station: SBE2
 --- UTM-X: 383530 UTM-Y: 4074884 Depth: 0.5 Value: 82.4 Station: SBE2
 --- UTM-X: 383530 UTM-Y: 4074884 Depth: 1 Value: 82.4 Station: SBE2
 --- UTM-X: 383530 UTM-Y: 4074884 Depth: 1.5 Value: 82.4 Station: SBE2
 --- UTM-X: 383530 UTM-Y: 4074884 Depth: 2 Value: 82.4 Station: SBE2
 --- UTM-X: 383530 UTM-Y: 4074884 Depth: 2.5 Value: 82.4 Station: SBE2
 --- UTM-X: 383530 UTM-Y: 4074884 Depth: 3 Value: 82.4 Station: SBE2
 --- UTM-X: 383530 UTM-Y: 4074884 Depth: 3.5 Value: 82.4 Station: SBE2
 --- UTM-X: 383530 UTM-Y: 4074884 Depth: 4 Value: 82.4 Station: SBE2
 --- UTM-X: 383530 UTM-Y: 4074884 Depth: 4.5 Value: 82.4 Station: SBE2
 --- UTM-X: 383530 UTM-Y: 4074884 Depth: 5 Value: 82.3 Station: SBE2
 --- UTM-X: 383530 UTM-Y: 4074884 Depth: 5.5 Value: 82.3 Station: SBE2
 --- UTM-X: 383530 UTM-Y: 4074884 Depth: 6 Value: 82.3 Station: SBE2
 --- UTM-X: 383530 UTM-Y: 4074884 Depth: 6.5 Value: 82.3 Station: SBE2
 --- UTM-X: 383530 UTM-Y: 4074884 Depth: 7 Value: 82.3 Station: SBE2
 --- UTM-X: 383530 UTM-Y: 4074884 Depth: 7.5 Value: 82.2 Station: SBE2
 --- UTM-X: 383530 UTM-Y: 4074884 Depth: 8 Value: 82.1 Station: SBE2
 --- UTM-X: 384333 UTM-Y: 4070127 Depth: 0 Value: 83.6 Station: SBE5
 --- UTM-X: 384333 UTM-Y: 4070127 Depth: 0.5 Value: 83.6 Station: SBE5
 --- UTM-X: 384333 UTM-Y: 4070127 Depth: 1 Value: 83.6 Station: SBE5
 --- UTM-X: 384333 UTM-Y: 4070127 Depth: 1.5 Value: 83.5 Station: SBE5
 --- UTM-X: 384333 UTM-Y: 4070127 Depth: 2 Value: 83.5 Station: SBE5
 --- UTM-X: 384333 UTM-Y: 4070127 Depth: 2.5 Value: 83.5 Station: SBE5
 --- UTM-X: 384333 UTM-Y: 4070127 Depth: 3 Value: 83.5 Station: SBE5
 --- UTM-X: 384333 UTM-Y: 4070127 Depth: 3.5 Value: 83.5 Station: SBE5
 --- UTM-X: 384333 UTM-Y: 4070127 Depth: 4 Value: 83.5 Station: SBE5
 --- UTM-X: 384333 UTM-Y: 4070127 Depth: 4.5 Value: 83.5 Station: SBE5
 --- UTM-X: 384333 UTM-Y: 4070127 Depth: 5 Value: 83.5 Station: SBE5
 --- UTM-X: 384333 UTM-Y: 4070127 Depth: 5.5 Value: 92.4 Station: SBE5
 --- UTM-X: 384333 UTM-Y: 4070127 Depth: 6 Value: 101.4 Station: SBE5
 --- 2773 cells were interpolated in region SBEMH.  Subtotal: 228488 total cells.
 ---- Region was calculated in 0 seconds. Segment volume (m^3) = 27730000
 
 - Bathymetry Region ID: 1074  Region Name: EBEMH  Data Points: 38 in data region 1074
 -- Cell Size  E-W: 50  N-S: 50  Vertical: 1
 --- Data in Region ---
 --- UTM-X: 385059 UTM-Y: 4077977 Depth: 0 Value: 83 Station: EBE1
 --- UTM-X: 385059 UTM-Y: 4077977 Depth: 0.5 Value: 83 Station: EBE1
 --- UTM-X: 385059 UTM-Y: 4077977 Depth: 1 Value: 83 Station: EBE1
 --- UTM-X: 385059 UTM-Y: 4077977 Depth: 1.5 Value: 83 Station: EBE1
 --- UTM-X: 385059 UTM-Y: 4077977 Depth: 2 Value: 82.9 Station: EBE1
 --- UTM-X: 385059 UTM-Y: 4077977 Depth: 2.5 Value: 82.9 Station: EBE1
 --- UTM-X: 385059 UTM-Y: 4077977 Depth: 3 Value: 82.9 Station: EBE1
 --- UTM-X: 385059 UTM-Y: 4077977 Depth: 3.5 Value: 82.8 Station: EBE1
 --- UTM-X: 385059 UTM-Y: 4077977 Depth: 4 Value: 82.7 Station: EBE1
 --- UTM-X: 385059 UTM-Y: 4077977 Depth: 4.5 Value: 82.6 Station: EBE1
 --- UTM-X: 385059 UTM-Y: 4077977 Depth: 5 Value: 82.6 Station: EBE1
 --- UTM-X: 385059 UTM-Y: 4077977 Depth: 5.5 Value: 82.6 Station: EBE1
 --- UTM-X: 385059 UTM-Y: 4077977 Depth: 6 Value: 82.5 Station: EBE1
 --- UTM-X: 385059 UTM-Y: 4077977 Depth: 6.5 Value: 82.4 Station: EBE1
 --- UTM-X: 385059 UTM-Y: 4077977 Depth: 7 Value: 82.3 Station: EBE1
 --- UTM-X: 384303 UTM-Y: 4078850 Depth: 0 Value: 82.4 Station: ELE01
 --- UTM-X: 384303 UTM-Y: 4078850 Depth: 0.5 Value: 82.4 Station: ELE01
 --- UTM-X: 384303 UTM-Y: 4078850 Depth: 1 Value: 82.4 Station: ELE01
 --- UTM-X: 384303 UTM-Y: 4078850 Depth: 1.5 Value: 82.4 Station: ELE01
 --- UTM-X: 384303 UTM-Y: 4078850 Depth: 2 Value: 82.5 Station: ELE01
 --- UTM-X: 384303 UTM-Y: 4078850 Depth: 2.5 Value: 82.5 Station: ELE01
 --- UTM-X: 384303 UTM-Y: 4078850 Depth: 3 Value: 82.5 Station: ELE01
 --- UTM-X: 384303 UTM-Y: 4078850 Depth: 3.5 Value: 82.4 Station: ELE01
 --- UTM-X: 384303 UTM-Y: 4078850 Depth: 4 Value: 82.4 Station: ELE01
 --- UTM-X: 384303 UTM-Y: 4078850 Depth: 4.5 Value: 82.4 Station: ELE01
 --- UTM-X: 384303 UTM-Y: 4078850 Depth: 5 Value: 82.4 Station: ELE01
 --- UTM-X: 384303 UTM-Y: 4078850 Depth: 5.5 Value: 82.4 Station: ELE01
 --- UTM-X: 384303 UTM-Y: 4078850 Depth: 6 Value: 82.4 Station: ELE01
 --- UTM-X: 384303 UTM-Y: 4078850 Depth: 6.5 Value: 82.4 Station: ELE01
 --- UTM-X: 384303 UTM-Y: 4078850 Depth: 7 Value: 82.4 Station: ELE01
 --- UTM-X: 384303 UTM-Y: 4078850 Depth: 7.5 Value: 82.3 Station: ELE01
 --- UTM-X: 384303 UTM-Y: 4078850 Depth: 8 Value: 82.3 Station: ELE01
 --- UTM-X: 384303 UTM-Y: 4078850 Depth: 8.5 Value: 82.3 Station: ELE01
 --- UTM-X: 384303 UTM-Y: 4078850 Depth: 9 Value: 82.3 Station: ELE01
 --- UTM-X: 384303 UTM-Y: 4078850 Depth: 9.5 Value: 82.2 Station: ELE01
 --- UTM-X: 384303 UTM-Y: 4078850 Depth: 10 Value: 82.2 Station: ELE01
 --- UTM-X: 384303 UTM-Y: 4078850 Depth: 10.5 Value: 81.7 Station: ELE01
 --- UTM-X: 384303 UTM-Y: 4078850 Depth: 11 Value: 81.1 Station: ELE01
 --- 2584 cells were interpolated in region EBEMH.  Subtotal: 231072 total cells.
 ---- Region was calculated in 0 seconds. Segment volume (m^3) = 6460000
 
 - Bathymetry Region ID: 1075  Region Name: ELIMH  Data Points: 38 in data region 1075
 -- Cell Size  E-W: 100  N-S: 100  Vertical: 1
 --- Data in Region ---
 --- UTM-X: 385059 UTM-Y: 4077977 Depth: 0 Value: 83 Station: EBE1
 --- UTM-X: 385059 UTM-Y: 4077977 Depth: 0.5 Value: 83 Station: EBE1
 --- UTM-X: 385059 UTM-Y: 4077977 Depth: 1 Value: 83 Station: EBE1
 --- UTM-X: 385059 UTM-Y: 4077977 Depth: 1.5 Value: 83 Station: EBE1
 --- UTM-X: 385059 UTM-Y: 4077977 Depth: 2 Value: 82.9 Station: EBE1
 --- UTM-X: 385059 UTM-Y: 4077977 Depth: 2.5 Value: 82.9 Station: EBE1
 --- UTM-X: 385059 UTM-Y: 4077977 Depth: 3 Value: 82.9 Station: EBE1
 --- UTM-X: 385059 UTM-Y: 4077977 Depth: 3.5 Value: 82.8 Station: EBE1
 --- UTM-X: 385059 UTM-Y: 4077977 Depth: 4 Value: 82.7 Station: EBE1
 --- UTM-X: 385059 UTM-Y: 4077977 Depth: 4.5 Value: 82.6 Station: EBE1
 --- UTM-X: 385059 UTM-Y: 4077977 Depth: 5 Value: 82.6 Station: EBE1
 --- UTM-X: 385059 UTM-Y: 4077977 Depth: 5.5 Value: 82.6 Station: EBE1
 --- UTM-X: 385059 UTM-Y: 4077977 Depth: 6 Value: 82.5 Station: EBE1
 --- UTM-X: 385059 UTM-Y: 4077977 Depth: 6.5 Value: 82.4 Station: EBE1
 --- UTM-X: 385059 UTM-Y: 4077977 Depth: 7 Value: 82.3 Station: EBE1
 --- UTM-X: 384303 UTM-Y: 4078850 Depth: 0 Value: 82.4 Station: ELE01
 --- UTM-X: 384303 UTM-Y: 4078850 Depth: 0.5 Value: 82.4 Station: ELE01
 --- UTM-X: 384303 UTM-Y: 4078850 Depth: 1 Value: 82.4 Station: ELE01
 --- UTM-X: 384303 UTM-Y: 4078850 Depth: 1.5 Value: 82.4 Station: ELE01
 --- UTM-X: 384303 UTM-Y: 4078850 Depth: 2 Value: 82.5 Station: ELE01
 --- UTM-X: 384303 UTM-Y: 4078850 Depth: 2.5 Value: 82.5 Station: ELE01
 --- UTM-X: 384303 UTM-Y: 4078850 Depth: 3 Value: 82.5 Station: ELE01
 --- UTM-X: 384303 UTM-Y: 4078850 Depth: 3.5 Value: 82.4 Station: ELE01
 --- UTM-X: 384303 UTM-Y: 4078850 Depth: 4 Value: 82.4 Station: ELE01
 --- UTM-X: 384303 UTM-Y: 4078850 Depth: 4.5 Value: 82.4 Station: ELE01
 --- UTM-X: 384303 UTM-Y: 4078850 Depth: 5 Value: 82.4 Station: ELE01
 --- UTM-X: 384303 UTM-Y: 4078850 Depth: 5.5 Value: 82.4 Station: ELE01
 --- UTM-X: 384303 UTM-Y: 4078850 Depth: 6 Value: 82.4 Station: ELE01
 --- UTM-X: 384303 UTM-Y: 4078850 Depth: 6.5 Value: 82.4 Station: ELE01
 --- UTM-X: 384303 UTM-Y: 4078850 Depth: 7 Value: 82.4 Station: ELE01
 --- UTM-X: 384303 UTM-Y: 4078850 Depth: 7.5 Value: 82.3 Station: ELE01
 --- UTM-X: 384303 UTM-Y: 4078850 Depth: 8 Value: 82.3 Station: ELE01
 --- UTM-X: 384303 UTM-Y: 4078850 Depth: 8.5 Value: 82.3 Station: ELE01
 --- UTM-X: 384303 UTM-Y: 4078850 Depth: 9 Value: 82.3 Station: ELE01
 --- UTM-X: 384303 UTM-Y: 4078850 Depth: 9.5 Value: 82.2 Station: ELE01
 --- UTM-X: 384303 UTM-Y: 4078850 Depth: 10 Value: 82.2 Station: ELE01
 --- UTM-X: 384303 UTM-Y: 4078850 Depth: 10.5 Value: 81.7 Station: ELE01
 --- UTM-X: 384303 UTM-Y: 4078850 Depth: 11 Value: 81.1 Station: ELE01
 --- 5339 cells were interpolated in region ELIMH.  Subtotal: 236411 total cells.
 ---- Region was calculated in 0 seconds. Segment volume (m^3) = 53390000
 
 - Bathymetry Region ID: 1076  Region Name: LAFMH  Data Points: 0 in data region 1076
 -- Cell Size  E-W: 100  N-S: 100  Vertical: 1
 --- 339 cells were interpolated in region LAFMH.  Subtotal: 236750 total cells.
 ---- Region was calculated in 0 seconds. Segment volume (m^3) = 3390000
 
 - Bathymetry Region ID: 1077  Region Name: ELIPH  Data Points: 25 in data region 1077
 -- Cell Size  E-W: 500  N-S: 500  Vertical: 1
 --- Data in Region ---
 --- UTM-X: 383146 UTM-Y: 4095571 Depth: 0 Value: 83.3 Station: LE5.5-W
 --- UTM-X: 383146 UTM-Y: 4095571 Depth: 0.5 Value: 83.3 Station: LE5.5-W
 --- UTM-X: 383146 UTM-Y: 4095571 Depth: 1 Value: 83.3 Station: LE5.5-W
 --- UTM-X: 383146 UTM-Y: 4095571 Depth: 1.5 Value: 82.9 Station: LE5.5-W
 --- UTM-X: 383146 UTM-Y: 4095571 Depth: 2 Value: 82.6 Station: LE5.5-W
 --- UTM-X: 383146 UTM-Y: 4095571 Depth: 2.5 Value: 82.4 Station: LE5.5-W
 --- UTM-X: 383146 UTM-Y: 4095571 Depth: 3 Value: 82.2 Station: LE5.5-W
 --- UTM-X: 383146 UTM-Y: 4095571 Depth: 3.5 Value: 82.1 Station: LE5.5-W
 --- UTM-X: 383146 UTM-Y: 4095571 Depth: 4 Value: 81.9 Station: LE5.5-W
 --- UTM-X: 383146 UTM-Y: 4095571 Depth: 4.5 Value: 81.8 Station: LE5.5-W
 --- UTM-X: 383146 UTM-Y: 4095571 Depth: 5 Value: 81.7 Station: LE5.5-W
 --- UTM-X: 383146 UTM-Y: 4095571 Depth: 5.5 Value: 81.5 Station: LE5.5-W
 --- UTM-X: 383146 UTM-Y: 4095571 Depth: 6 Value: 81.3 Station: LE5.5-W
 --- UTM-X: 383146 UTM-Y: 4095571 Depth: 6.5 Value: 81.1 Station: LE5.5-W
 --- UTM-X: 383146 UTM-Y: 4095571 Depth: 7 Value: 80.9 Station: LE5.5-W
 --- UTM-X: 383146 UTM-Y: 4095571 Depth: 7.5 Value: 80.9 Station: LE5.5-W
 --- UTM-X: 383146 UTM-Y: 4095571 Depth: 8 Value: 80.8 Station: LE5.5-W
 --- UTM-X: 383146 UTM-Y: 4095571 Depth: 8.5 Value: 80.6 Station: LE5.5-W
 --- UTM-X: 383146 UTM-Y: 4095571 Depth: 9 Value: 80.4 Station: LE5.5-W
 --- UTM-X: 383146 UTM-Y: 4095571 Depth: 9.5 Value: 80.4 Station: LE5.5-W
 --- UTM-X: 383146 UTM-Y: 4095571 Depth: 10 Value: 80.4 Station: LE5.5-W
 --- UTM-X: 383146 UTM-Y: 4095571 Depth: 10.5 Value: 80.4 Station: LE5.5-W
 --- UTM-X: 383146 UTM-Y: 4095571 Depth: 11 Value: 80.4 Station: LE5.5-W
 --- UTM-X: 383146 UTM-Y: 4095571 Depth: 11.5 Value: 80.1 Station: LE5.5-W
 --- UTM-X: 383146 UTM-Y: 4095571 Depth: 12 Value: 79.7 Station: LE5.5-W
 --- 246 cells were interpolated in region ELIPH.  Subtotal: 236996 total cells.
 ---- Region was calculated in 0 seconds. Segment volume (m^3) = 61500000
 
 - Bathymetry Region ID: 1078  Region Name: LYNPH  Data Points: 0 in data region 1078
 -- Cell Size  E-W: 100  N-S: 100  Vertical: 1
 --- 1673 cells were interpolated in region LYNPH.  Subtotal: 238669 total cells.
 ---- Region was calculated in 0 seconds. Segment volume (m^3) = 16730000
 
Total Number of Cells Interpolated: 238669
Total Number of Non-Missing Value Cells Interpolated: 227210
Total Number of Missing Value Cells Interpolated: 11459
 
Nearest Neighbors: 4    # of Cells: 102147
Nearest Neighbors: 3    # of Cells: 29028
Nearest Neighbors: 2    # of Cells: 41097
Nearest Neighbors: 1    # of Cells: 54938
 
Total Volume (m^3) = 75199817500
238669 cells were calculated in 9 seconds.
