UTMX,UTMY,Segment,Sdepth,volume_m,DO,Wtemp,uniqueID,Sdepthm,habitat,color,keep,milesx,milesy,distfrommouth
300500,4254500,POTOH,1.64042,250000,8.67,84.64,300500 4254500,0.5,Marginal,orange,YES,186.7219855,2643.6229195,35.1074615000002
300500,4254500,POTOH,14.76378,250000,6.82,84.69,300500 4254500,4.5,Marginal,orange,YES,186.7219855,2643.6229195,35.1074615000002
300500,4254500,POTOH,8.2021,250000,7.8,84.62,300500 4254500,2.5,Marginal,orange,YES,186.7219855,2643.6229195,35.1074615000002
300500,4254500,POTOH,11.48294,250000,7.3,84.7,300500 4254500,3.5,Marginal,orange,YES,186.7219855,2643.6229195,35.1074615000002
300500,4254500,POTOH,4.92126,250000,8.29,84.63,300500 4254500,1.5,Marginal,orange,YES,186.7219855,2643.6229195,35.1074615000002
301000,4265500,POTOH,1.64042,250000,6.96,85.14,301000 4265500,0.5,Marginal,orange,YES,187.032671,2650.4580005,41.9425425000004
301000,4265500,POTOH,14.76378,250000,6.25,84.62,301000 4265500,4.5,Marginal,orange,YES,187.032671,2650.4580005,41.9425425000004
301000,4265500,POTOH,4.92126,250000,6.81,85.03,301000 4265500,1.5,Marginal,orange,YES,187.032671,2650.4580005,41.9425425000004
301000,4265500,POTOH,24.6063,250000,6.12,84.62,301000 4265500,7.5,Marginal,orange,YES,187.032671,2650.4580005,41.9425425000004
301000,4265500,POTOH,11.48294,250000,6.41,84.74,301000 4265500,3.5,Marginal,orange,YES,187.032671,2650.4580005,41.9425425000004
301000,4265500,POTOH,18.04462,250000,6.2,84.62,301000 4265500,5.5,Marginal,orange,YES,187.032671,2650.4580005,41.9425425000004
301000,4265500,POTOH,8.2021,250000,6.6,84.83,301000 4265500,2.5,Marginal,orange,YES,187.032671,2650.4580005,41.9425425000004
301000,4265500,POTOH,21.32546,250000,6.15,84.61,301000 4265500,6.5,Marginal,orange,YES,187.032671,2650.4580005,41.9425425000004
301000,4266000,POTOH,18.04462,250000,6.19,84.61,301000 4266000,5.5,Marginal,orange,YES,187.032671,2650.768686,42.253228
301000,4266000,POTOH,8.2021,250000,6.59,84.82,301000 4266000,2.5,Marginal,orange,YES,187.032671,2650.768686,42.253228
301000,4266000,POTOH,31.16798,250000,6.4,85.3,301000 4266000,9.5,Marginal,orange,YES,187.032671,2650.768686,42.253228
301000,4266000,POTOH,11.48294,250000,6.4,84.73,301000 4266000,3.5,Marginal,orange,YES,187.032671,2650.768686,42.253228
301000,4266000,POTOH,27.88714,250000,6.4,85.3,301000 4266000,8.5,Marginal,orange,YES,187.032671,2650.768686,42.253228
301000,4266000,POTOH,14.76378,250000,6.24,84.62,301000 4266000,4.5,Marginal,orange,YES,187.032671,2650.768686,42.253228
301000,4266000,POTOH,1.64042,250000,6.94,85.14,301000 4266000,0.5,Marginal,orange,YES,187.032671,2650.768686,42.253228
301000,4266000,POTOH,24.6063,250000,6.12,84.61,301000 4266000,7.5,Marginal,orange,YES,187.032671,2650.768686,42.253228
301000,4266000,POTOH,21.32546,250000,6.15,84.61,301000 4266000,6.5,Marginal,orange,YES,187.032671,2650.768686,42.253228
301000,4266000,POTOH,4.92126,250000,6.79,85.03,301000 4266000,1.5,Marginal,orange,YES,187.032671,2650.768686,42.253228
301500,4256000,POTOH,14.76378,250000,6.77,84.69,301500 4256000,4.5,Marginal,orange,YES,187.3433565,2644.554976,36.039518
301500,4256000,POTOH,11.48294,250000,7.22,84.7,301500 4256000,3.5,Marginal,orange,YES,187.3433565,2644.554976,36.039518
301500,4256000,POTOH,8.2021,250000,7.7,84.65,301500 4256000,2.5,Marginal,orange,YES,187.3433565,2644.554976,36.039518
301500,4256000,POTOH,4.92126,250000,8.18,84.67,301500 4256000,1.5,Marginal,orange,YES,187.3433565,2644.554976,36.039518
301500,4256000,POTOH,1.64042,250000,8.54,84.69,301500 4256000,0.5,Marginal,orange,YES,187.3433565,2644.554976,36.039518
301500,4256500,POTOH,11.48294,250000,7.18,84.71,301500 4256500,3.5,Marginal,orange,YES,187.3433565,2644.8656615,36.3502035000001
301500,4256500,POTOH,14.76378,250000,6.75,84.68,301500 4256500,4.5,Marginal,orange,YES,187.3433565,2644.8656615,36.3502035000001
301500,4256500,POTOH,8.2021,250000,7.64,84.66,301500 4256500,2.5,Marginal,orange,YES,187.3433565,2644.8656615,36.3502035000001
301500,4256500,POTOH,4.92126,250000,8.11,84.69,301500 4256500,1.5,Marginal,orange,YES,187.3433565,2644.8656615,36.3502035000001
301500,4256500,POTOH,1.64042,250000,8.46,84.72,301500 4256500,0.5,Marginal,orange,YES,187.3433565,2644.8656615,36.3502035000001
301500,4257000,POTOH,18.04462,250000,6.66,84.67,301500 4257000,5.5,Marginal,orange,YES,187.3433565,2645.176347,36.6608890000002
301500,4257000,POTOH,1.64042,250000,8.38,84.75,301500 4257000,0.5,Marginal,orange,YES,187.3433565,2645.176347,36.6608890000002
301500,4257000,POTOH,14.76378,250000,6.72,84.68,301500 4257000,4.5,Marginal,orange,YES,187.3433565,2645.176347,36.6608890000002
301500,4257000,POTOH,8.2021,250000,7.58,84.67,301500 4257000,2.5,Marginal,orange,YES,187.3433565,2645.176347,36.6608890000002
301500,4257000,POTOH,11.48294,250000,7.13,84.71,301500 4257000,3.5,Marginal,orange,YES,187.3433565,2645.176347,36.6608890000002
301500,4257000,POTOH,4.92126,250000,8.04,84.72,301500 4257000,1.5,Marginal,orange,YES,187.3433565,2645.176347,36.6608890000002
301500,4257500,POTOH,4.92126,250000,7.96,84.74,301500 4257500,1.5,Marginal,orange,YES,187.3433565,2645.4870325,36.9715745000003
301500,4257500,POTOH,8.2021,250000,7.51,84.69,301500 4257500,2.5,Marginal,orange,YES,187.3433565,2645.4870325,36.9715745000003
301500,4257500,POTOH,11.48294,250000,7.07,84.71,301500 4257500,3.5,Marginal,orange,YES,187.3433565,2645.4870325,36.9715745000003
301500,4257500,POTOH,18.04462,250000,6.63,84.67,301500 4257500,5.5,Marginal,orange,YES,187.3433565,2645.4870325,36.9715745000003
301500,4257500,POTOH,1.64042,250000,8.3,84.79,301500 4257500,0.5,Marginal,orange,YES,187.3433565,2645.4870325,36.9715745000003
301500,4257500,POTOH,14.76378,250000,6.69,84.68,301500 4257500,4.5,Marginal,orange,YES,187.3433565,2645.4870325,36.9715745000003
301500,4258000,POTOH,18.04462,250000,6.59,84.67,301500 4258000,5.5,Marginal,orange,YES,187.3433565,2645.797718,37.2822600000004
301500,4258000,POTOH,14.76378,250000,6.66,84.68,301500 4258000,4.5,Marginal,orange,YES,187.3433565,2645.797718,37.2822600000004
301500,4258000,POTOH,8.2021,250000,7.44,84.71,301500 4258000,2.5,Marginal,orange,YES,187.3433565,2645.797718,37.2822600000004
301500,4258000,POTOH,1.64042,250000,8.21,84.83,301500 4258000,0.5,Marginal,orange,YES,187.3433565,2645.797718,37.2822600000004
301500,4258000,POTOH,4.92126,250000,7.87,84.77,301500 4258000,1.5,Marginal,orange,YES,187.3433565,2645.797718,37.2822600000004
301500,4258000,POTOH,11.48294,250000,7.02,84.72,301500 4258000,3.5,Marginal,orange,YES,187.3433565,2645.797718,37.2822600000004
301500,4258500,POTOH,8.2021,250000,7.37,84.72,301500 4258500,2.5,Marginal,orange,YES,187.3433565,2646.1084035,37.5929455
301500,4258500,POTOH,18.04462,250000,6.56,84.66,301500 4258500,5.5,Marginal,orange,YES,187.3433565,2646.1084035,37.5929455
301500,4258500,POTOH,1.64042,250000,8.11,84.87,301500 4258500,0.5,Marginal,orange,YES,187.3433565,2646.1084035,37.5929455
301500,4258500,POTOH,14.76378,250000,6.63,84.68,301500 4258500,4.5,Marginal,orange,YES,187.3433565,2646.1084035,37.5929455
301500,4258500,POTOH,11.48294,250000,6.96,84.72,301500 4258500,3.5,Marginal,orange,YES,187.3433565,2646.1084035,37.5929455
301500,4258500,POTOH,21.32546,250000,6.13,84.57,301500 4258500,6.5,Marginal,orange,YES,187.3433565,2646.1084035,37.5929455
301500,4258500,POTOH,4.92126,250000,7.79,84.8,301500 4258500,1.5,Marginal,orange,YES,187.3433565,2646.1084035,37.5929455
301500,4259000,POTOH,18.04462,250000,6.53,84.66,301500 4259000,5.5,Marginal,orange,YES,187.3433565,2646.419089,37.9036310000001
301500,4259000,POTOH,4.92126,250000,7.7,84.83,301500 4259000,1.5,Marginal,orange,YES,187.3433565,2646.419089,37.9036310000001
301500,4259000,POTOH,11.48294,250000,6.9,84.73,301500 4259000,3.5,Marginal,orange,YES,187.3433565,2646.419089,37.9036310000001
301500,4259000,POTOH,1.64042,250000,8.01,84.91,301500 4259000,0.5,Marginal,orange,YES,187.3433565,2646.419089,37.9036310000001
301500,4259000,POTOH,8.2021,250000,7.29,84.74,301500 4259000,2.5,Marginal,orange,YES,187.3433565,2646.419089,37.9036310000001
301500,4259000,POTOH,21.32546,250000,6.14,84.59,301500 4259000,6.5,Marginal,orange,YES,187.3433565,2646.419089,37.9036310000001
301500,4259000,POTOH,14.76378,250000,6.59,84.68,301500 4259000,4.5,Marginal,orange,YES,187.3433565,2646.419089,37.9036310000001
301500,4259500,POTOH,11.48294,250000,6.84,84.73,301500 4259500,3.5,Marginal,orange,YES,187.3433565,2646.7297745,38.2143165000002
301500,4259500,POTOH,1.64042,250000,7.91,84.95,301500 4259500,0.5,Marginal,orange,YES,187.3433565,2646.7297745,38.2143165000002
301500,4259500,POTOH,14.76378,250000,6.56,84.68,301500 4259500,4.5,Marginal,orange,YES,187.3433565,2646.7297745,38.2143165000002
301500,4259500,POTOH,8.2021,250000,7.22,84.75,301500 4259500,2.5,Marginal,orange,YES,187.3433565,2646.7297745,38.2143165000002
301500,4259500,POTOH,4.92126,250000,7.61,84.86,301500 4259500,1.5,Marginal,orange,YES,187.3433565,2646.7297745,38.2143165000002
301500,4259500,POTOH,21.32546,250000,6.14,84.6,301500 4259500,6.5,Marginal,orange,YES,187.3433565,2646.7297745,38.2143165000002
301500,4259500,POTOH,24.6063,250000,6.16,84.7,301500 4259500,7.5,Marginal,orange,YES,187.3433565,2646.7297745,38.2143165000002
301500,4259500,POTOH,18.04462,250000,6.49,84.66,301500 4259500,5.5,Marginal,orange,YES,187.3433565,2646.7297745,38.2143165000002
301500,4260000,POTOH,18.04462,250000,6.46,84.66,301500 4260000,5.5,Marginal,orange,YES,187.3433565,2647.04046,38.5250020000003
301500,4260000,POTOH,21.32546,250000,6.14,84.6,301500 4260000,6.5,Marginal,orange,YES,187.3433565,2647.04046,38.5250020000003
301500,4260000,POTOH,8.2021,250000,7.14,84.76,301500 4260000,2.5,Marginal,orange,YES,187.3433565,2647.04046,38.5250020000003
301500,4260000,POTOH,14.76378,250000,6.52,84.68,301500 4260000,4.5,Marginal,orange,YES,187.3433565,2647.04046,38.5250020000003
301500,4260000,POTOH,4.92126,250000,7.51,84.89,301500 4260000,1.5,Marginal,orange,YES,187.3433565,2647.04046,38.5250020000003
301500,4260000,POTOH,11.48294,250000,6.78,84.74,301500 4260000,3.5,Marginal,orange,YES,187.3433565,2647.04046,38.5250020000003
301500,4260000,POTOH,1.64042,250000,7.81,84.98,301500 4260000,0.5,Marginal,orange,YES,187.3433565,2647.04046,38.5250020000003
301500,4260000,POTOH,24.6063,250000,6.15,84.69,301500 4260000,7.5,Marginal,orange,YES,187.3433565,2647.04046,38.5250020000003
301500,4260500,POTOH,14.76378,250000,6.49,84.68,301500 4260500,4.5,Marginal,orange,YES,187.3433565,2647.3511455,38.8356875000004
301500,4260500,POTOH,24.6063,250000,6.15,84.69,301500 4260500,7.5,Marginal,orange,YES,187.3433565,2647.3511455,38.8356875000004
301500,4260500,POTOH,4.92126,250000,7.42,84.91,301500 4260500,1.5,Marginal,orange,YES,187.3433565,2647.3511455,38.8356875000004
301500,4260500,POTOH,1.64042,250000,7.71,85.02,301500 4260500,0.5,Marginal,orange,YES,187.3433565,2647.3511455,38.8356875000004
301500,4260500,POTOH,21.32546,250000,6.15,84.61,301500 4260500,6.5,Marginal,orange,YES,187.3433565,2647.3511455,38.8356875000004
301500,4260500,POTOH,8.2021,250000,7.07,84.78,301500 4260500,2.5,Marginal,orange,YES,187.3433565,2647.3511455,38.8356875000004
301500,4260500,POTOH,18.04462,250000,6.42,84.66,301500 4260500,5.5,Marginal,orange,YES,187.3433565,2647.3511455,38.8356875000004
301500,4260500,POTOH,11.48294,250000,6.72,84.74,301500 4260500,3.5,Marginal,orange,YES,187.3433565,2647.3511455,38.8356875000004
301500,4261000,POTOH,1.64042,250000,7.61,85.05,301500 4261000,0.5,Marginal,orange,YES,187.3433565,2647.661831,39.146373
301500,4261000,POTOH,18.04462,250000,6.39,84.66,301500 4261000,5.5,Marginal,orange,YES,187.3433565,2647.661831,39.146373
301500,4261000,POTOH,14.76378,250000,6.45,84.67,301500 4261000,4.5,Marginal,orange,YES,187.3433565,2647.661831,39.146373
301500,4261000,POTOH,21.32546,250000,6.15,84.62,301500 4261000,6.5,Marginal,orange,YES,187.3433565,2647.661831,39.146373
301500,4261000,POTOH,11.48294,250000,6.67,84.74,301500 4261000,3.5,Marginal,orange,YES,187.3433565,2647.661831,39.146373
301500,4261000,POTOH,24.6063,250000,6.15,84.68,301500 4261000,7.5,Marginal,orange,YES,187.3433565,2647.661831,39.146373
301500,4261000,POTOH,27.88714,250000,6.4,85.3,301500 4261000,8.5,Marginal,orange,YES,187.3433565,2647.661831,39.146373
301500,4261000,POTOH,4.92126,250000,7.34,84.94,301500 4261000,1.5,Marginal,orange,YES,187.3433565,2647.661831,39.146373
301500,4261000,POTOH,8.2021,250000,6.99,84.79,301500 4261000,2.5,Marginal,orange,YES,187.3433565,2647.661831,39.146373
301500,4261500,POTOH,11.48294,250000,6.62,84.74,301500 4261500,3.5,Marginal,orange,YES,187.3433565,2647.9725165,39.4570585000001
301500,4261500,POTOH,8.2021,250000,6.93,84.8,301500 4261500,2.5,Marginal,orange,YES,187.3433565,2647.9725165,39.4570585000001
301500,4261500,POTOH,31.16798,250000,6.4,85.3,301500 4261500,9.5,Marginal,orange,YES,187.3433565,2647.9725165,39.4570585000001
301500,4261500,POTOH,4.92126,250000,7.25,84.96,301500 4261500,1.5,Marginal,orange,YES,187.3433565,2647.9725165,39.4570585000001
301500,4261500,POTOH,1.64042,250000,7.51,85.08,301500 4261500,0.5,Marginal,orange,YES,187.3433565,2647.9725165,39.4570585000001
301500,4261500,POTOH,14.76378,250000,6.42,84.67,301500 4261500,4.5,Marginal,orange,YES,187.3433565,2647.9725165,39.4570585000001
301500,4261500,POTOH,24.6063,250000,6.14,84.67,301500 4261500,7.5,Marginal,orange,YES,187.3433565,2647.9725165,39.4570585000001
301500,4261500,POTOH,21.32546,250000,6.15,84.62,301500 4261500,6.5,Marginal,orange,YES,187.3433565,2647.9725165,39.4570585000001
301500,4261500,POTOH,18.04462,250000,6.36,84.66,301500 4261500,5.5,Marginal,orange,YES,187.3433565,2647.9725165,39.4570585000001
301500,4261500,POTOH,27.88714,250000,6.4,85.3,301500 4261500,8.5,Marginal,orange,YES,187.3433565,2647.9725165,39.4570585000001
301500,4262000,POTOH,14.76378,250000,6.39,84.67,301500 4262000,4.5,Marginal,orange,YES,187.3433565,2648.283202,39.7677440000002
301500,4262000,POTOH,27.88714,250000,6.4,85.3,301500 4262000,8.5,Marginal,orange,YES,187.3433565,2648.283202,39.7677440000002
301500,4262000,POTOH,11.48294,250000,6.58,84.74,301500 4262000,3.5,Marginal,orange,YES,187.3433565,2648.283202,39.7677440000002
301500,4262000,POTOH,8.2021,250000,6.86,84.8,301500 4262000,2.5,Marginal,orange,YES,187.3433565,2648.283202,39.7677440000002
301500,4262000,POTOH,4.92126,250000,7.17,84.97,301500 4262000,1.5,Marginal,orange,YES,187.3433565,2648.283202,39.7677440000002
301500,4262000,POTOH,1.64042,250000,7.42,85.1,301500 4262000,0.5,Marginal,orange,YES,187.3433565,2648.283202,39.7677440000002
301500,4262000,POTOH,24.6063,250000,6.14,84.66,301500 4262000,7.5,Marginal,orange,YES,187.3433565,2648.283202,39.7677440000002
301500,4262000,POTOH,21.32546,250000,6.15,84.62,301500 4262000,6.5,Marginal,orange,YES,187.3433565,2648.283202,39.7677440000002
301500,4262000,POTOH,18.04462,250000,6.33,84.65,301500 4262000,5.5,Marginal,orange,YES,187.3433565,2648.283202,39.7677440000002
301500,4262500,POTOH,4.92126,250000,7.07,85.04,301500 4262500,1.5,Marginal,orange,YES,187.3433565,2648.5938875,40.0784295000003
301500,4262500,POTOH,14.76378,250000,6.36,84.66,301500 4262500,4.5,Marginal,orange,YES,187.3433565,2648.5938875,40.0784295000003
301500,4262500,POTOH,18.04462,250000,6.3,84.65,301500 4262500,5.5,Marginal,orange,YES,187.3433565,2648.5938875,40.0784295000003
301500,4262500,POTOH,24.6063,250000,6.14,84.65,301500 4262500,7.5,Marginal,orange,YES,187.3433565,2648.5938875,40.0784295000003
301500,4262500,POTOH,8.2021,250000,6.79,84.86,301500 4262500,2.5,Marginal,orange,YES,187.3433565,2648.5938875,40.0784295000003
301500,4262500,POTOH,11.48294,250000,6.54,84.8,301500 4262500,3.5,Marginal,orange,YES,187.3433565,2648.5938875,40.0784295000003
301500,4262500,POTOH,1.64042,250000,7.3,85.16,301500 4262500,0.5,Marginal,orange,YES,187.3433565,2648.5938875,40.0784295000003
301500,4262500,POTOH,27.88714,250000,6.4,85.3,301500 4262500,8.5,Marginal,orange,YES,187.3433565,2648.5938875,40.0784295000003
301500,4262500,POTOH,21.32546,250000,6.15,84.62,301500 4262500,6.5,Marginal,orange,YES,187.3433565,2648.5938875,40.0784295000003
301500,4263000,POTOH,18.04462,250000,6.28,84.64,301500 4263000,5.5,Marginal,orange,YES,187.3433565,2648.904573,40.3891150000004
301500,4263000,POTOH,4.92126,250000,7.01,85.05,301500 4263000,1.5,Marginal,orange,YES,187.3433565,2648.904573,40.3891150000004
301500,4263000,POTOH,1.64042,250000,7.22,85.17,301500 4263000,0.5,Marginal,orange,YES,187.3433565,2648.904573,40.3891150000004
301500,4263000,POTOH,21.32546,250000,6.15,84.62,301500 4263000,6.5,Marginal,orange,YES,187.3433565,2648.904573,40.3891150000004
301500,4263000,POTOH,14.76378,250000,6.33,84.65,301500 4263000,4.5,Marginal,orange,YES,187.3433565,2648.904573,40.3891150000004
301500,4263000,POTOH,24.6063,250000,6.13,84.65,301500 4263000,7.5,Marginal,orange,YES,187.3433565,2648.904573,40.3891150000004
301500,4263000,POTOH,11.48294,250000,6.5,84.79,301500 4263000,3.5,Marginal,orange,YES,187.3433565,2648.904573,40.3891150000004
301500,4263000,POTOH,8.2021,250000,6.75,84.86,301500 4263000,2.5,Marginal,orange,YES,187.3433565,2648.904573,40.3891150000004
301500,4263500,POTOH,21.32546,250000,6.15,84.62,301500 4263500,6.5,Marginal,orange,YES,187.3433565,2649.2152585,40.6998005
301500,4263500,POTOH,8.2021,250000,6.7,84.86,301500 4263500,2.5,Marginal,orange,YES,187.3433565,2649.2152585,40.6998005
301500,4263500,POTOH,14.76378,250000,6.3,84.65,301500 4263500,4.5,Marginal,orange,YES,187.3433565,2649.2152585,40.6998005
301500,4263500,POTOH,4.92126,250000,6.95,85.05,301500 4263500,1.5,Marginal,orange,YES,187.3433565,2649.2152585,40.6998005
301500,4263500,POTOH,11.48294,250000,6.47,84.78,301500 4263500,3.5,Marginal,orange,YES,187.3433565,2649.2152585,40.6998005
301500,4263500,POTOH,24.6063,250000,6.13,84.64,301500 4263500,7.5,Marginal,orange,YES,187.3433565,2649.2152585,40.6998005
301500,4263500,POTOH,1.64042,250000,7.15,85.17,301500 4263500,0.5,Marginal,orange,YES,187.3433565,2649.2152585,40.6998005
301500,4263500,POTOH,18.04462,250000,6.25,84.64,301500 4263500,5.5,Marginal,orange,YES,187.3433565,2649.2152585,40.6998005
301500,4264000,POTOH,14.76378,250000,6.28,84.64,301500 4264000,4.5,Marginal,orange,YES,187.3433565,2649.525944,41.0104860000001
301500,4264000,POTOH,1.64042,250000,7.09,85.17,301500 4264000,0.5,Marginal,orange,YES,187.3433565,2649.525944,41.0104860000001
301500,4264000,POTOH,8.2021,250000,6.67,84.85,301500 4264000,2.5,Marginal,orange,YES,187.3433565,2649.525944,41.0104860000001
301500,4264000,POTOH,18.04462,250000,6.23,84.63,301500 4264000,5.5,Marginal,orange,YES,187.3433565,2649.525944,41.0104860000001
301500,4264000,POTOH,4.92126,250000,6.9,85.04,301500 4264000,1.5,Marginal,orange,YES,187.3433565,2649.525944,41.0104860000001
301500,4264000,POTOH,11.48294,250000,6.45,84.77,301500 4264000,3.5,Marginal,orange,YES,187.3433565,2649.525944,41.0104860000001
301500,4264000,POTOH,21.32546,250000,6.15,84.62,301500 4264000,6.5,Marginal,orange,YES,187.3433565,2649.525944,41.0104860000001
301500,4264500,POTOH,14.76378,250000,6.26,84.63,301500 4264500,4.5,Marginal,orange,YES,187.3433565,2649.8366295,41.3211715000002
301500,4264500,POTOH,1.64042,250000,7.03,85.16,301500 4264500,0.5,Marginal,orange,YES,187.3433565,2649.8366295,41.3211715000002
301500,4264500,POTOH,18.04462,250000,6.22,84.63,301500 4264500,5.5,Marginal,orange,YES,187.3433565,2649.8366295,41.3211715000002
301500,4264500,POTOH,21.32546,250000,6.15,84.62,301500 4264500,6.5,Marginal,orange,YES,187.3433565,2649.8366295,41.3211715000002
301500,4264500,POTOH,11.48294,250000,6.43,84.76,301500 4264500,3.5,Marginal,orange,YES,187.3433565,2649.8366295,41.3211715000002
301500,4264500,POTOH,4.92126,250000,6.86,85.04,301500 4264500,1.5,Marginal,orange,YES,187.3433565,2649.8366295,41.3211715000002
301500,4264500,POTOH,8.2021,250000,6.64,84.84,301500 4264500,2.5,Marginal,orange,YES,187.3433565,2649.8366295,41.3211715000002
301500,4265000,POTOH,1.64042,250000,6.98,85.15,301500 4265000,0.5,Marginal,orange,YES,187.3433565,2650.147315,41.6318570000003
301500,4265000,POTOH,18.04462,250000,6.2,84.62,301500 4265000,5.5,Marginal,orange,YES,187.3433565,2650.147315,41.6318570000003
301500,4265000,POTOH,24.6063,250000,6.12,84.62,301500 4265000,7.5,Marginal,orange,YES,187.3433565,2650.147315,41.6318570000003
301500,4265000,POTOH,4.92126,250000,6.82,85.03,301500 4265000,1.5,Marginal,orange,YES,187.3433565,2650.147315,41.6318570000003
301500,4265000,POTOH,21.32546,250000,6.15,84.61,301500 4265000,6.5,Marginal,orange,YES,187.3433565,2650.147315,41.6318570000003
301500,4265000,POTOH,14.76378,250000,6.25,84.62,301500 4265000,4.5,Marginal,orange,YES,187.3433565,2650.147315,41.6318570000003
301500,4265000,POTOH,11.48294,250000,6.42,84.74,301500 4265000,3.5,Marginal,orange,YES,187.3433565,2650.147315,41.6318570000003
301500,4265000,POTOH,8.2021,250000,6.61,84.83,301500 4265000,2.5,Marginal,orange,YES,187.3433565,2650.147315,41.6318570000003
302000,4253000,POTOH,24.6063,250000,5.53,84.23,302000 4253000,7.5,Marginal,orange,YES,187.654042,2642.690863,34.1754050000004
302000,4253000,POTOH,21.32546,250000,5.86,84.25,302000 4253000,6.5,Marginal,orange,YES,187.654042,2642.690863,34.1754050000004
302000,4253000,POTOH,11.48294,250000,7.36,84.7,302000 4253000,3.5,Marginal,orange,YES,187.654042,2642.690863,34.1754050000004
302000,4253000,POTOH,4.92126,250000,8.39,84.6,302000 4253000,1.5,Marginal,orange,YES,187.654042,2642.690863,34.1754050000004
302000,4253000,POTOH,18.04462,250000,6.8,84.7,302000 4253000,5.5,Marginal,orange,YES,187.654042,2642.690863,34.1754050000004
302000,4253000,POTOH,1.64042,250000,8.77,84.6,302000 4253000,0.5,Marginal,orange,YES,187.654042,2642.690863,34.1754050000004
302000,4253000,POTOH,14.76378,250000,6.85,84.7,302000 4253000,4.5,Marginal,orange,YES,187.654042,2642.690863,34.1754050000004
302000,4253000,POTOH,8.2021,250000,7.88,84.6,302000 4253000,2.5,Marginal,orange,YES,187.654042,2642.690863,34.1754050000004
302000,4253500,POTOH,1.64042,250000,8.76,84.6,302000 4253500,0.5,Marginal,orange,YES,187.654042,2643.0015485,34.4860905000001
302000,4253500,POTOH,4.92126,250000,8.38,84.6,302000 4253500,1.5,Marginal,orange,YES,187.654042,2643.0015485,34.4860905000001
302000,4253500,POTOH,14.76378,250000,6.85,84.7,302000 4253500,4.5,Marginal,orange,YES,187.654042,2643.0015485,34.4860905000001
302000,4253500,POTOH,8.2021,250000,7.87,84.6,302000 4253500,2.5,Marginal,orange,YES,187.654042,2643.0015485,34.4860905000001
302000,4253500,POTOH,11.48294,250000,7.36,84.7,302000 4253500,3.5,Marginal,orange,YES,187.654042,2643.0015485,34.4860905000001
302000,4253500,POTOH,24.6063,250000,5.57,84.26,302000 4253500,7.5,Marginal,orange,YES,187.654042,2643.0015485,34.4860905000001
302000,4253500,POTOH,21.32546,250000,5.86,84.26,302000 4253500,6.5,Marginal,orange,YES,187.654042,2643.0015485,34.4860905000001
302000,4253500,POTOH,18.04462,250000,6.8,84.7,302000 4253500,5.5,Marginal,orange,YES,187.654042,2643.0015485,34.4860905000001
302000,4254000,POTOH,21.32546,250000,5.86,84.27,302000 4254000,6.5,Marginal,orange,YES,187.654042,2643.312234,34.7967760000001
302000,4254000,POTOH,1.64042,250000,8.74,84.61,302000 4254000,0.5,Marginal,orange,YES,187.654042,2643.312234,34.7967760000001
302000,4254000,POTOH,8.2021,250000,7.85,84.61,302000 4254000,2.5,Marginal,orange,YES,187.654042,2643.312234,34.7967760000001
302000,4254000,POTOH,24.6063,250000,5.61,84.29,302000 4254000,7.5,Marginal,orange,YES,187.654042,2643.312234,34.7967760000001
302000,4254000,POTOH,11.48294,250000,7.34,84.7,302000 4254000,3.5,Marginal,orange,YES,187.654042,2643.312234,34.7967760000001
302000,4254000,POTOH,18.04462,250000,6.79,84.7,302000 4254000,5.5,Marginal,orange,YES,187.654042,2643.312234,34.7967760000001
302000,4254000,POTOH,4.92126,250000,8.36,84.61,302000 4254000,1.5,Marginal,orange,YES,187.654042,2643.312234,34.7967760000001
302000,4254000,POTOH,14.76378,250000,6.84,84.7,302000 4254000,4.5,Marginal,orange,YES,187.654042,2643.312234,34.7967760000001
302000,4255000,POTOH,4.92126,250000,8.29,84.63,302000 4255000,1.5,Marginal,orange,YES,187.654042,2643.933605,35.4181470000003
302000,4255000,POTOH,1.64042,250000,8.66,84.64,302000 4255000,0.5,Marginal,orange,YES,187.654042,2643.933605,35.4181470000003
302000,4255000,POTOH,18.04462,250000,6.76,84.69,302000 4255000,5.5,Marginal,orange,YES,187.654042,2643.933605,35.4181470000003
302000,4255000,POTOH,8.2021,250000,7.79,84.62,302000 4255000,2.5,Marginal,orange,YES,187.654042,2643.933605,35.4181470000003
302000,4255000,POTOH,11.48294,250000,7.29,84.7,302000 4255000,3.5,Marginal,orange,YES,187.654042,2643.933605,35.4181470000003
302000,4255000,POTOH,14.76378,250000,6.81,84.69,302000 4255000,4.5,Marginal,orange,YES,187.654042,2643.933605,35.4181470000003
302000,4255500,POTOH,18.04462,250000,6.73,84.68,302000 4255500,5.5,Marginal,orange,YES,187.654042,2644.2442905,35.7288325000004
302000,4255500,POTOH,8.2021,250000,7.75,84.63,302000 4255500,2.5,Marginal,orange,YES,187.654042,2644.2442905,35.7288325000004
302000,4255500,POTOH,14.76378,250000,6.79,84.69,302000 4255500,4.5,Marginal,orange,YES,187.654042,2644.2442905,35.7288325000004
302000,4255500,POTOH,4.92126,250000,8.23,84.65,302000 4255500,1.5,Marginal,orange,YES,187.654042,2644.2442905,35.7288325000004
302000,4255500,POTOH,11.48294,250000,7.26,84.7,302000 4255500,3.5,Marginal,orange,YES,187.654042,2644.2442905,35.7288325000004
302000,4255500,POTOH,1.64042,250000,8.6,84.66,302000 4255500,0.5,Marginal,orange,YES,187.654042,2644.2442905,35.7288325000004
302000,4266500,POTTF,14.76378,250000,6.22,84.6,302000 4266500,4.5,Marginal,orange,YES,187.654042,2651.0793715,42.5639135000001
302000,4266500,POTTF,1.64042,250000,6.87,85.11,302000 4266500,0.5,Marginal,orange,YES,187.654042,2651.0793715,42.5639135000001
302000,4266500,POTTF,8.2021,250000,6.56,84.81,302000 4266500,2.5,Marginal,orange,YES,187.654042,2651.0793715,42.5639135000001
302000,4266500,POTTF,18.04462,250000,6.18,84.6,302000 4266500,5.5,Marginal,orange,YES,187.654042,2651.0793715,42.5639135000001
302000,4266500,POTTF,21.32546,250000,6.15,84.6,302000 4266500,6.5,Marginal,orange,YES,187.654042,2651.0793715,42.5639135000001
302000,4266500,POTTF,11.48294,250000,6.39,84.71,302000 4266500,3.5,Marginal,orange,YES,187.654042,2651.0793715,42.5639135000001
302000,4266500,POTTF,4.92126,250000,6.74,85.01,302000 4266500,1.5,Marginal,orange,YES,187.654042,2651.0793715,42.5639135000001
302000,4266500,POTTF,24.6063,250000,6.12,84.6,302000 4266500,7.5,Marginal,orange,YES,187.654042,2651.0793715,42.5639135000001
302000,4266500,POTTF,27.88714,250000,6.4,85.3,302000 4266500,8.5,Marginal,orange,YES,187.654042,2651.0793715,42.5639135000001
302000,4267000,POTTF,1.64042,250000,6.87,85.1,302000 4267000,0.5,Marginal,orange,YES,187.654042,2651.390057,42.8745990000002
302000,4267000,POTTF,21.32546,250000,6.14,84.6,302000 4267000,6.5,Marginal,orange,YES,187.654042,2651.390057,42.8745990000002
302000,4267000,POTTF,11.48294,250000,6.39,84.7,302000 4267000,3.5,Marginal,orange,YES,187.654042,2651.390057,42.8745990000002
302000,4267000,POTTF,18.04462,250000,6.18,84.6,302000 4267000,5.5,Marginal,orange,YES,187.654042,2651.390057,42.8745990000002
302000,4267000,POTTF,4.92126,250000,6.73,85,302000 4267000,1.5,Marginal,orange,YES,187.654042,2651.390057,42.8745990000002
302000,4267000,POTTF,24.6063,250000,6.12,84.6,302000 4267000,7.5,Marginal,orange,YES,187.654042,2651.390057,42.8745990000002
302000,4267000,POTTF,14.76378,250000,6.22,84.6,302000 4267000,4.5,Marginal,orange,YES,187.654042,2651.390057,42.8745990000002
302000,4267000,POTTF,8.2021,250000,6.56,84.8,302000 4267000,2.5,Marginal,orange,YES,187.654042,2651.390057,42.8745990000002
302500,4251500,POTOH,1.64042,250000,8.66,84.63,302500 4251500,0.5,Marginal,orange,YES,187.9647275,2641.7588065,33.2433485000001
302500,4251500,POTOH,18.04462,250000,6.74,84.67,302500 4251500,5.5,Marginal,orange,YES,187.9647275,2641.7588065,33.2433485000001
302500,4251500,POTOH,14.76378,250000,6.8,84.67,302500 4251500,4.5,Marginal,orange,YES,187.9647275,2641.7588065,33.2433485000001
302500,4251500,POTOH,8.2021,250000,7.8,84.62,302500 4251500,2.5,Marginal,orange,YES,187.9647275,2641.7588065,33.2433485000001
302500,4251500,POTOH,11.48294,250000,7.3,84.7,302500 4251500,3.5,Marginal,orange,YES,187.9647275,2641.7588065,33.2433485000001
302500,4251500,POTOH,4.92126,250000,8.29,84.63,302500 4251500,1.5,Marginal,orange,YES,187.9647275,2641.7588065,33.2433485000001
302500,4252000,POTOH,14.76378,250000,6.82,84.69,302500 4252000,4.5,Marginal,orange,YES,187.9647275,2642.069492,33.5540340000002
302500,4252000,POTOH,18.04462,250000,6.77,84.68,302500 4252000,5.5,Marginal,orange,YES,187.9647275,2642.069492,33.5540340000002
302500,4252000,POTOH,4.92126,250000,8.34,84.61,302500 4252000,1.5,Marginal,orange,YES,187.9647275,2642.069492,33.5540340000002
302500,4252000,POTOH,1.64042,250000,8.72,84.62,302500 4252000,0.5,Marginal,orange,YES,187.9647275,2642.069492,33.5540340000002
302500,4252000,POTOH,11.48294,250000,7.33,84.7,302500 4252000,3.5,Marginal,orange,YES,187.9647275,2642.069492,33.5540340000002
302500,4252000,POTOH,8.2021,250000,7.84,84.61,302500 4252000,2.5,Marginal,orange,YES,187.9647275,2642.069492,33.5540340000002
302500,4252500,POTOH,11.48294,250000,7.35,84.7,302500 4252500,3.5,Marginal,orange,YES,187.9647275,2642.3801775,33.8647195000003
302500,4252500,POTOH,8.2021,250000,7.86,84.61,302500 4252500,2.5,Marginal,orange,YES,187.9647275,2642.3801775,33.8647195000003
302500,4252500,POTOH,18.04462,250000,6.79,84.69,302500 4252500,5.5,Marginal,orange,YES,187.9647275,2642.3801775,33.8647195000003
302500,4252500,POTOH,4.92126,250000,8.37,84.61,302500 4252500,1.5,Marginal,orange,YES,187.9647275,2642.3801775,33.8647195000003
302500,4252500,POTOH,14.76378,250000,6.84,84.69,302500 4252500,4.5,Marginal,orange,YES,187.9647275,2642.3801775,33.8647195000003
302500,4252500,POTOH,1.64042,250000,8.75,84.61,302500 4252500,0.5,Marginal,orange,YES,187.9647275,2642.3801775,33.8647195000003
302500,4267500,POTTF,11.48294,250000,6.39,84.7,302500 4267500,3.5,Marginal,orange,YES,187.9647275,2651.7007425,43.1852845000003
302500,4267500,POTTF,4.92126,250000,6.73,85,302500 4267500,1.5,Marginal,orange,YES,187.9647275,2651.7007425,43.1852845000003
302500,4267500,POTTF,18.04462,250000,6.18,84.6,302500 4267500,5.5,Marginal,orange,YES,187.9647275,2651.7007425,43.1852845000003
302500,4267500,POTTF,24.6063,250000,6.12,84.6,302500 4267500,7.5,Marginal,orange,YES,187.9647275,2651.7007425,43.1852845000003
302500,4267500,POTTF,27.88714,250000,6.4,85.3,302500 4267500,8.5,Marginal,orange,YES,187.9647275,2651.7007425,43.1852845000003
302500,4267500,POTTF,14.76378,250000,6.22,84.6,302500 4267500,4.5,Marginal,orange,YES,187.9647275,2651.7007425,43.1852845000003
302500,4267500,POTTF,8.2021,250000,6.56,84.8,302500 4267500,2.5,Marginal,orange,YES,187.9647275,2651.7007425,43.1852845000003
302500,4267500,POTTF,1.64042,250000,6.86,85.1,302500 4267500,0.5,Marginal,orange,YES,187.9647275,2651.7007425,43.1852845000003
302500,4267500,POTTF,21.32546,250000,6.14,84.6,302500 4267500,6.5,Marginal,orange,YES,187.9647275,2651.7007425,43.1852845000003
303000,4249500,POTOH,8.2021,250000,7.5,84.72,303000 4249500,2.5,Marginal,orange,YES,188.275413,2640.5160645,32.0006065000002
303000,4249500,POTOH,18.04462,250000,6.51,84.53,303000 4249500,5.5,Marginal,orange,YES,188.275413,2640.5160645,32.0006065000002
303000,4249500,POTOH,11.48294,250000,7.07,84.67,303000 4249500,3.5,Marginal,orange,YES,188.275413,2640.5160645,32.0006065000002
303000,4249500,POTOH,1.64042,250000,8.22,84.74,303000 4249500,0.5,Marginal,orange,YES,188.275413,2640.5160645,32.0006065000002
303000,4249500,POTOH,4.92126,250000,7.91,84.73,303000 4249500,1.5,Marginal,orange,YES,188.275413,2640.5160645,32.0006065000002
303000,4249500,POTOH,14.76378,250000,6.6,84.56,303000 4249500,4.5,Marginal,orange,YES,188.275413,2640.5160645,32.0006065000002
303000,4250500,POTOH,4.92126,250000,8.1,84.68,303000 4250500,1.5,Marginal,orange,YES,188.275413,2641.1374355,32.6219775000004
303000,4250500,POTOH,1.64042,250000,8.44,84.69,303000 4250500,0.5,Marginal,orange,YES,188.275413,2641.1374355,32.6219775000004
303000,4250500,POTOH,14.76378,250000,6.7,84.62,303000 4250500,4.5,Marginal,orange,YES,188.275413,2641.1374355,32.6219775000004
303000,4250500,POTOH,18.04462,250000,6.62,84.6,303000 4250500,5.5,Marginal,orange,YES,188.275413,2641.1374355,32.6219775000004
303000,4250500,POTOH,8.2021,250000,7.65,84.67,303000 4250500,2.5,Marginal,orange,YES,188.275413,2641.1374355,32.6219775000004
303000,4250500,POTOH,21.32546,250000,5.86,84.16,303000 4250500,6.5,Tolerable,yellow,YES,188.275413,2641.1374355,32.6219775000004
303000,4250500,POTOH,24.6063,250000,5.02,83.73,303000 4250500,7.5,Tolerable,yellow,YES,188.275413,2641.1374355,32.6219775000004
303000,4250500,POTOH,11.48294,250000,7.18,84.69,303000 4250500,3.5,Marginal,orange,YES,188.275413,2641.1374355,32.6219775000004
303000,4268000,POTTF,24.6063,250000,6.12,84.61,303000 4268000,7.5,Marginal,orange,YES,188.275413,2652.011428,43.4959700000004
303000,4268000,POTTF,14.76378,250000,6.22,84.61,303000 4268000,4.5,Marginal,orange,YES,188.275413,2652.011428,43.4959700000004
303000,4268000,POTTF,18.04462,250000,6.18,84.61,303000 4268000,5.5,Marginal,orange,YES,188.275413,2652.011428,43.4959700000004
303000,4268000,POTTF,1.64042,250000,6.9,85.13,303000 4268000,0.5,Marginal,orange,YES,188.275413,2652.011428,43.4959700000004
303000,4268000,POTTF,27.88714,250000,6.4,85.3,303000 4268000,8.5,Marginal,orange,YES,188.275413,2652.011428,43.4959700000004
303000,4268000,POTTF,4.92126,250000,6.75,85.02,303000 4268000,1.5,Marginal,orange,YES,188.275413,2652.011428,43.4959700000004
303000,4268000,POTTF,8.2021,250000,6.57,84.82,303000 4268000,2.5,Marginal,orange,YES,188.275413,2652.011428,43.4959700000004
303000,4268000,POTTF,11.48294,250000,6.39,84.72,303000 4268000,3.5,Marginal,orange,YES,188.275413,2652.011428,43.4959700000004
303000,4268000,POTTF,21.32546,250000,6.15,84.61,303000 4268000,6.5,Marginal,orange,YES,188.275413,2652.011428,43.4959700000004
303000,4268500,POTTF,27.88714,250000,6.4,85.3,303000 4268500,8.5,Marginal,orange,YES,188.275413,2652.3221135,43.8066555
303000,4268500,POTTF,14.76378,250000,6.23,84.63,303000 4268500,4.5,Marginal,orange,YES,188.275413,2652.3221135,43.8066555
303000,4268500,POTTF,18.04462,250000,6.19,84.63,303000 4268500,5.5,Marginal,orange,YES,188.275413,2652.3221135,43.8066555
303000,4268500,POTTF,8.2021,250000,6.58,84.83,303000 4268500,2.5,Marginal,orange,YES,188.275413,2652.3221135,43.8066555
303000,4268500,POTTF,24.6063,250000,6.12,84.61,303000 4268500,7.5,Marginal,orange,YES,188.275413,2652.3221135,43.8066555
303000,4268500,POTTF,21.32546,250000,6.15,84.62,303000 4268500,6.5,Marginal,orange,YES,188.275413,2652.3221135,43.8066555
303000,4268500,POTTF,1.64042,250000,6.94,85.16,303000 4268500,0.5,Marginal,orange,YES,188.275413,2652.3221135,43.8066555
303000,4268500,POTTF,4.92126,250000,6.78,85.04,303000 4268500,1.5,Marginal,orange,YES,188.275413,2652.3221135,43.8066555
303000,4268500,POTTF,11.48294,250000,6.39,84.74,303000 4268500,3.5,Marginal,orange,YES,188.275413,2652.3221135,43.8066555
303500,4249000,POTOH,8.2021,250000,7.37,84.76,303500 4249000,2.5,Marginal,orange,YES,188.5860985,2640.205379,31.6899210000001
303500,4249000,POTOH,11.48294,250000,6.96,84.66,303500 4249000,3.5,Marginal,orange,YES,188.5860985,2640.205379,31.6899210000001
303500,4249000,POTOH,4.92126,250000,7.74,84.77,303500 4249000,1.5,Marginal,orange,YES,188.5860985,2640.205379,31.6899210000001
303500,4249000,POTOH,18.04462,250000,6.41,84.47,303500 4249000,5.5,Marginal,orange,YES,188.5860985,2640.205379,31.6899210000001
303500,4249000,POTOH,1.64042,250000,8.02,84.78,303500 4249000,0.5,Marginal,orange,YES,188.5860985,2640.205379,31.6899210000001
303500,4249000,POTOH,14.76378,250000,6.52,84.52,303500 4249000,4.5,Marginal,orange,YES,188.5860985,2640.205379,31.6899210000001
303500,4250000,POTOH,1.64042,250000,8.25,84.73,303500 4250000,0.5,Marginal,orange,YES,188.5860985,2640.82675,32.3112920000003
303500,4250000,POTOH,11.48294,250000,7.08,84.67,303500 4250000,3.5,Marginal,orange,YES,188.5860985,2640.82675,32.3112920000003
303500,4250000,POTOH,21.32546,250000,5.88,84.16,303500 4250000,6.5,Tolerable,yellow,YES,188.5860985,2640.82675,32.3112920000003
303500,4250000,POTOH,14.76378,250000,6.62,84.57,303500 4250000,4.5,Marginal,orange,YES,188.5860985,2640.82675,32.3112920000003
303500,4250000,POTOH,8.2021,250000,7.52,84.71,303500 4250000,2.5,Marginal,orange,YES,188.5860985,2640.82675,32.3112920000003
303500,4250000,POTOH,4.92126,250000,7.94,84.72,303500 4250000,1.5,Marginal,orange,YES,188.5860985,2640.82675,32.3112920000003
303500,4250000,POTOH,18.04462,250000,6.52,84.54,303500 4250000,5.5,Marginal,orange,YES,188.5860985,2640.82675,32.3112920000003
303500,4269000,POTTF,21.32546,250000,6.16,84.65,303500 4269000,6.5,Marginal,orange,YES,188.5860985,2652.632799,44.1173410000001
303500,4269000,POTTF,24.6063,250000,6.13,84.63,303500 4269000,7.5,Marginal,orange,YES,188.5860985,2652.632799,44.1173410000001
303500,4269000,POTTF,18.04462,250000,6.2,84.66,303500 4269000,5.5,Marginal,orange,YES,188.5860985,2652.632799,44.1173410000001
303500,4269000,POTTF,4.92126,250000,6.84,85.09,303500 4269000,1.5,Marginal,orange,YES,188.5860985,2652.632799,44.1173410000001
303500,4269000,POTTF,1.64042,250000,7.03,85.23,303500 4269000,0.5,Marginal,orange,YES,188.5860985,2652.632799,44.1173410000001
303500,4269000,POTTF,8.2021,250000,6.6,84.87,303500 4269000,2.5,Marginal,orange,YES,188.5860985,2652.632799,44.1173410000001
303500,4269000,POTTF,11.48294,250000,6.39,84.79,303500 4269000,3.5,Marginal,orange,YES,188.5860985,2652.632799,44.1173410000001
303500,4269000,POTTF,27.88714,250000,6.4,85.3,303500 4269000,8.5,Marginal,orange,YES,188.5860985,2652.632799,44.1173410000001
303500,4269000,POTTF,14.76378,250000,6.25,84.66,303500 4269000,4.5,Marginal,orange,YES,188.5860985,2652.632799,44.1173410000001
303500,4269500,POTTF,1.64042,250000,7.09,85.28,303500 4269500,0.5,Marginal,orange,YES,188.5860985,2652.9434845,44.4280265000002
303500,4269500,POTTF,18.04462,250000,6.22,84.69,303500 4269500,5.5,Marginal,orange,YES,188.5860985,2652.9434845,44.4280265000002
303500,4269500,POTTF,4.92126,250000,6.88,85.12,303500 4269500,1.5,Marginal,orange,YES,188.5860985,2652.9434845,44.4280265000002
303500,4269500,POTTF,21.32546,250000,6.17,84.67,303500 4269500,6.5,Marginal,orange,YES,188.5860985,2652.9434845,44.4280265000002
303500,4269500,POTTF,27.88714,250000,6.31,85.45,303500 4269500,8.5,Marginal,orange,YES,188.5860985,2652.9434845,44.4280265000002
303500,4269500,POTTF,14.76378,250000,6.26,84.69,303500 4269500,4.5,Marginal,orange,YES,188.5860985,2652.9434845,44.4280265000002
303500,4269500,POTTF,31.16798,250000,6.31,85.45,303500 4269500,9.5,Marginal,orange,YES,188.5860985,2652.9434845,44.4280265000002
303500,4269500,POTTF,8.2021,250000,6.62,84.91,303500 4269500,2.5,Marginal,orange,YES,188.5860985,2652.9434845,44.4280265000002
303500,4269500,POTTF,24.6063,250000,6.13,84.67,303500 4269500,7.5,Marginal,orange,YES,188.5860985,2652.9434845,44.4280265000002
303500,4269500,POTTF,11.48294,250000,6.39,84.82,303500 4269500,3.5,Marginal,orange,YES,188.5860985,2652.9434845,44.4280265000002
304000,4248500,POTOH,1.64042,250000,7.76,84.78,304000 4248500,0.5,Marginal,orange,YES,188.896784,2639.8946935,31.3792355000001
304000,4248500,POTOH,8.2021,250000,7.19,84.76,304000 4248500,2.5,Marginal,orange,YES,188.896784,2639.8946935,31.3792355000001
304000,4248500,POTOH,21.32546,250000,5.91,84.17,304000 4248500,6.5,Tolerable,yellow,YES,188.896784,2639.8946935,31.3792355000001
304000,4248500,POTOH,4.92126,250000,7.52,84.77,304000 4248500,1.5,Marginal,orange,YES,188.896784,2639.8946935,31.3792355000001
304000,4248500,POTOH,11.48294,250000,6.82,84.6,304000 4248500,3.5,Marginal,orange,YES,188.896784,2639.8946935,31.3792355000001
304000,4248500,POTOH,18.04462,250000,6.32,84.41,304000 4248500,5.5,Marginal,orange,YES,188.896784,2639.8946935,31.3792355000001
304000,4248500,POTOH,14.76378,250000,6.45,84.47,304000 4248500,4.5,Marginal,orange,YES,188.896784,2639.8946935,31.3792355000001
304000,4270000,POTTF,8.2021,250000,6.64,84.97,304000 4270000,2.5,Marginal,orange,YES,188.896784,2653.25417,44.7387120000003
304000,4270000,POTTF,1.64042,250000,7.22,85.4,304000 4270000,0.5,Marginal,orange,YES,188.896784,2653.25417,44.7387120000003
304000,4270000,POTTF,4.92126,250000,6.95,85.2,304000 4270000,1.5,Marginal,orange,YES,188.896784,2653.25417,44.7387120000003
304000,4270000,POTTF,14.76378,250000,6.29,84.75,304000 4270000,4.5,Marginal,orange,YES,188.896784,2653.25417,44.7387120000003
304000,4270000,POTTF,11.48294,250000,6.38,84.89,304000 4270000,3.5,Marginal,orange,YES,188.896784,2653.25417,44.7387120000003
304000,4270000,POTTF,21.32546,250000,6.18,84.72,304000 4270000,6.5,Marginal,orange,YES,188.896784,2653.25417,44.7387120000003
304000,4270000,POTTF,24.6063,250000,6.14,84.72,304000 4270000,7.5,Marginal,orange,YES,188.896784,2653.25417,44.7387120000003
304000,4270000,POTTF,27.88714,250000,6.32,85.44,304000 4270000,8.5,Marginal,orange,YES,188.896784,2653.25417,44.7387120000003
304000,4270000,POTTF,18.04462,250000,6.24,84.74,304000 4270000,5.5,Marginal,orange,YES,188.896784,2653.25417,44.7387120000003
304000,4270500,POTTF,1.64042,250000,7.28,85.45,304000 4270500,0.5,Marginal,orange,YES,188.896784,2653.5648555,45.0493975000004
304000,4270500,POTTF,21.32546,250000,6.19,84.76,304000 4270500,6.5,Marginal,orange,YES,188.896784,2653.5648555,45.0493975000004
304000,4270500,POTTF,18.04462,250000,6.26,84.78,304000 4270500,5.5,Marginal,orange,YES,188.896784,2653.5648555,45.0493975000004
304000,4270500,POTTF,11.48294,250000,6.38,84.93,304000 4270500,3.5,Marginal,orange,YES,188.896784,2653.5648555,45.0493975000004
304000,4270500,POTTF,27.88714,250000,6.32,85.43,304000 4270500,8.5,Marginal,orange,YES,188.896784,2653.5648555,45.0493975000004
304000,4270500,POTTF,4.92126,250000,6.99,85.24,304000 4270500,1.5,Marginal,orange,YES,188.896784,2653.5648555,45.0493975000004
304000,4270500,POTTF,8.2021,250000,6.65,85,304000 4270500,2.5,Marginal,orange,YES,188.896784,2653.5648555,45.0493975000004
304000,4270500,POTTF,14.76378,250000,6.31,84.8,304000 4270500,4.5,Marginal,orange,YES,188.896784,2653.5648555,45.0493975000004
304000,4270500,POTTF,24.6063,250000,6.15,84.75,304000 4270500,7.5,Marginal,orange,YES,188.896784,2653.5648555,45.0493975000004
304500,4271000,POTTF,11.48294,250000,6.35,85.03,304500 4271000,3.5,Marginal,orange,YES,189.2074695,2653.875541,45.360083
304500,4271000,POTTF,8.2021,250000,6.63,85.1,304500 4271000,2.5,Marginal,orange,YES,189.2074695,2653.875541,45.360083
304500,4271000,POTTF,18.04462,250000,6.29,84.86,304500 4271000,5.5,Marginal,orange,YES,189.2074695,2653.875541,45.360083
304500,4271000,POTTF,21.32546,250000,6.21,84.89,304500 4271000,6.5,Marginal,orange,YES,189.2074695,2653.875541,45.360083
304500,4271000,POTTF,4.92126,250000,7.01,85.35,304500 4271000,1.5,Marginal,orange,YES,189.2074695,2653.875541,45.360083
304500,4271000,POTTF,1.64042,250000,7.34,85.61,304500 4271000,0.5,Marginal,orange,YES,189.2074695,2653.875541,45.360083
304500,4271000,POTTF,14.76378,250000,6.34,84.88,304500 4271000,4.5,Marginal,orange,YES,189.2074695,2653.875541,45.360083
304500,4271500,POTTF,1.64042,250000,7.36,85.65,304500 4271500,0.5,Marginal,orange,YES,189.2074695,2654.1862265,45.6707685000001
304500,4271500,POTTF,8.2021,250000,6.64,85.14,304500 4271500,2.5,Marginal,orange,YES,189.2074695,2654.1862265,45.6707685000001
304500,4271500,POTTF,11.48294,250000,6.35,85.07,304500 4271500,3.5,Marginal,orange,YES,189.2074695,2654.1862265,45.6707685000001
304500,4271500,POTTF,4.92126,250000,7.02,85.39,304500 4271500,1.5,Marginal,orange,YES,189.2074695,2654.1862265,45.6707685000001
304500,4271500,POTTF,18.04462,250000,6.31,84.91,304500 4271500,5.5,Marginal,orange,YES,189.2074695,2654.1862265,45.6707685000001
304500,4271500,POTTF,14.76378,250000,6.36,84.94,304500 4271500,4.5,Marginal,orange,YES,189.2074695,2654.1862265,45.6707685000001
305000,4248000,POTOH,8.2021,250000,7.04,84.83,305000 4248000,2.5,Marginal,orange,YES,189.518155,2639.584008,31.0685500000004
305000,4248000,POTOH,11.48294,250000,6.7,84.59,305000 4248000,3.5,Marginal,orange,YES,189.518155,2639.584008,31.0685500000004
305000,4248000,POTOH,14.76378,250000,6.37,84.43,305000 4248000,4.5,Marginal,orange,YES,189.518155,2639.584008,31.0685500000004
305000,4248000,POTOH,21.32546,250000,5.94,84.18,305000 4248000,6.5,Tolerable,yellow,YES,189.518155,2639.584008,31.0685500000004
305000,4248000,POTOH,4.92126,250000,7.32,84.83,305000 4248000,1.5,Marginal,orange,YES,189.518155,2639.584008,31.0685500000004
305000,4248000,POTOH,18.04462,250000,6.21,84.35,305000 4248000,5.5,Marginal,orange,YES,189.518155,2639.584008,31.0685500000004
305000,4248000,POTOH,1.64042,250000,7.52,84.84,305000 4248000,0.5,Marginal,orange,YES,189.518155,2639.584008,31.0685500000004
305000,4272000,POTTF,8.2021,250000,6.65,85.19,305000 4272000,2.5,Marginal,orange,YES,189.518155,2654.496912,45.9814540000002
305000,4272000,POTTF,4.92126,250000,7.06,85.44,305000 4272000,1.5,Marginal,orange,YES,189.518155,2654.496912,45.9814540000002
305000,4272000,POTTF,18.04462,250000,6.34,85,305000 4272000,5.5,Marginal,orange,YES,189.518155,2654.496912,45.9814540000002
305000,4272000,POTTF,1.64042,250000,7.44,85.72,305000 4272000,0.5,Marginal,orange,YES,189.518155,2654.496912,45.9814540000002
305000,4272000,POTTF,11.48294,250000,6.34,85.12,305000 4272000,3.5,Marginal,orange,YES,189.518155,2654.496912,45.9814540000002
305000,4272000,POTTF,14.76378,250000,6.4,85.03,305000 4272000,4.5,Marginal,orange,YES,189.518155,2654.496912,45.9814540000002
305500,4245500,POTOH,4.92126,250000,7.23,84.85,305500 4245500,1.5,Marginal,orange,YES,189.8288405,2638.0305805,29.5151225000004
305500,4245500,POTOH,1.64042,250000,7.42,84.86,305500 4245500,0.5,Marginal,orange,YES,189.8288405,2638.0305805,29.5151225000004
305500,4245500,POTOH,8.2021,250000,6.97,84.85,305500 4245500,2.5,Marginal,orange,YES,189.8288405,2638.0305805,29.5151225000004
305500,4247000,POTOH,24.6063,250000,4.51,83.32,305500 4247000,7.5,Tolerable,yellow,YES,189.8288405,2638.962637,30.4471790000002
305500,4247000,POTOH,21.32546,250000,5.95,84.19,305500 4247000,6.5,Tolerable,yellow,YES,189.8288405,2638.962637,30.4471790000002
305500,4247000,POTOH,27.88714,250000,2.6,81.7,305500 4247000,8.5,Marginal,orange,YES,189.8288405,2638.962637,30.4471790000002
305500,4247000,POTOH,1.64042,250000,7.41,84.87,305500 4247000,0.5,Marginal,orange,YES,189.8288405,2638.962637,30.4471790000002
305500,4247000,POTOH,14.76378,250000,6.34,84.41,305500 4247000,4.5,Marginal,orange,YES,189.8288405,2638.962637,30.4471790000002
305500,4247000,POTOH,11.48294,250000,6.66,84.59,305500 4247000,3.5,Marginal,orange,YES,189.8288405,2638.962637,30.4471790000002
305500,4247000,POTOH,8.2021,250000,6.97,84.86,305500 4247000,2.5,Marginal,orange,YES,189.8288405,2638.962637,30.4471790000002
305500,4247000,POTOH,18.04462,250000,6.17,84.32,305500 4247000,5.5,Marginal,orange,YES,189.8288405,2638.962637,30.4471790000002
305500,4247000,POTOH,4.92126,250000,7.23,84.87,305500 4247000,1.5,Marginal,orange,YES,189.8288405,2638.962637,30.4471790000002
306000,4246000,POTOH,4.92126,250000,7.21,84.87,306000 4246000,1.5,Marginal,orange,YES,190.139526,2638.341266,29.8258080000001
306000,4246000,POTOH,1.64042,250000,7.39,84.88,306000 4246000,0.5,Marginal,orange,YES,190.139526,2638.341266,29.8258080000001
306000,4246000,POTOH,11.48294,250000,6.64,84.59,306000 4246000,3.5,Marginal,orange,YES,190.139526,2638.341266,29.8258080000001
306000,4246000,POTOH,8.2021,250000,6.96,84.87,306000 4246000,2.5,Marginal,orange,YES,190.139526,2638.341266,29.8258080000001
306000,4246000,POTOH,14.76378,250000,6.33,84.4,306000 4246000,4.5,Marginal,orange,YES,190.139526,2638.341266,29.8258080000001
306000,4247500,POTOH,1.64042,250000,7.39,84.88,306000 4247500,0.5,Marginal,orange,YES,190.139526,2639.2733225,30.7578645000003
306000,4247500,POTOH,4.92126,250000,7.21,84.88,306000 4247500,1.5,Marginal,orange,YES,190.139526,2639.2733225,30.7578645000003
306000,4247500,POTOH,24.6063,250000,4.5,83.32,306000 4247500,7.5,Tolerable,yellow,YES,190.139526,2639.2733225,30.7578645000003
306000,4247500,POTOH,21.32546,250000,5.96,84.19,306000 4247500,6.5,Tolerable,yellow,YES,190.139526,2639.2733225,30.7578645000003
306000,4247500,POTOH,14.76378,250000,6.34,84.4,306000 4247500,4.5,Marginal,orange,YES,190.139526,2639.2733225,30.7578645000003
306000,4247500,POTOH,8.2021,250000,6.96,84.88,306000 4247500,2.5,Marginal,orange,YES,190.139526,2639.2733225,30.7578645000003
306000,4247500,POTOH,11.48294,250000,6.65,84.59,306000 4247500,3.5,Marginal,orange,YES,190.139526,2639.2733225,30.7578645000003
306000,4247500,POTOH,18.04462,250000,6.16,84.31,306000 4247500,5.5,Marginal,orange,YES,190.139526,2639.2733225,30.7578645000003
307000,4272500,POTTF,11.48294,250000,6.31,85.19,307000 4272500,3.5,Marginal,orange,YES,190.760897,2654.8075975,46.2921395000003
307000,4272500,POTTF,18.04462,250000,6.42,85.21,307000 4272500,5.5,Marginal,orange,YES,190.760897,2654.8075975,46.2921395000003
307000,4272500,POTTF,14.76378,250000,6.49,85.27,307000 4272500,4.5,Marginal,orange,YES,190.760897,2654.8075975,46.2921395000003
307000,4272500,POTTF,1.64042,250000,7.66,85.89,307000 4272500,0.5,Marginal,orange,YES,190.760897,2654.8075975,46.2921395000003
307000,4272500,POTTF,4.92126,250000,7.19,85.53,307000 4272500,1.5,Marginal,orange,YES,190.760897,2654.8075975,46.2921395000003
307000,4272500,POTTF,21.32546,250000,6.32,85.21,307000 4272500,6.5,Marginal,orange,YES,190.760897,2654.8075975,46.2921395000003
307000,4272500,POTTF,8.2021,250000,6.68,85.24,307000 4272500,2.5,Marginal,orange,YES,190.760897,2654.8075975,46.2921395000003
307500,4247000,POTOH,50.85302,250000,1.44,80.4,307500 4247000,15.5,Unsuitable,black,YES,191.0715825,2638.962637,30.4471790000002
307500,4247000,POTOH,37.72966,250000,1.75,81,307500 4247000,11.5,Unsuitable,black,YES,191.0715825,2638.962637,30.4471790000002
307500,4247000,POTOH,14.76378,250000,6.33,84.4,307500 4247000,4.5,Marginal,orange,YES,191.0715825,2638.962637,30.4471790000002
307500,4247000,POTOH,4.92126,250000,7.18,84.9,307500 4247000,1.5,Marginal,orange,YES,191.0715825,2638.962637,30.4471790000002
307500,4247000,POTOH,27.88714,250000,2.6,81.7,307500 4247000,8.5,Marginal,orange,YES,191.0715825,2638.962637,30.4471790000002
307500,4247000,POTOH,24.6063,250000,4.31,83.17,307500 4247000,7.5,Tolerable,yellow,YES,191.0715825,2638.962637,30.4471790000002
307500,4247000,POTOH,44.29134,250000,1.5,80.4,307500 4247000,13.5,Unsuitable,black,YES,191.0715825,2638.962637,30.4471790000002
307500,4247000,POTOH,41.0105,250000,1.5,80.5,307500 4247000,12.5,Unsuitable,black,YES,191.0715825,2638.962637,30.4471790000002
307500,4247000,POTOH,34.44882,250000,2.1,81.4,307500 4247000,10.5,Marginal,orange,YES,191.0715825,2638.962637,30.4471790000002
307500,4247000,POTOH,21.32546,250000,5.97,84.2,307500 4247000,6.5,Tolerable,yellow,YES,191.0715825,2638.962637,30.4471790000002
307500,4247000,POTOH,8.2021,250000,6.94,84.9,307500 4247000,2.5,Marginal,orange,YES,191.0715825,2638.962637,30.4471790000002
307500,4247000,POTOH,1.64042,250000,7.34,84.9,307500 4247000,0.5,Marginal,orange,YES,191.0715825,2638.962637,30.4471790000002
307500,4247000,POTOH,31.16798,250000,2.35,81.5,307500 4247000,9.5,Marginal,orange,YES,191.0715825,2638.962637,30.4471790000002
307500,4247000,POTOH,11.48294,250000,6.64,84.6,307500 4247000,3.5,Marginal,orange,YES,191.0715825,2638.962637,30.4471790000002
307500,4247000,POTOH,47.57218,250000,1.44,80.4,307500 4247000,14.5,Unsuitable,black,YES,191.0715825,2638.962637,30.4471790000002
307500,4247000,POTOH,18.04462,250000,6.14,84.3,307500 4247000,5.5,Marginal,orange,YES,191.0715825,2638.962637,30.4471790000002
307500,4273000,POTTF,21.32546,250000,6.35,85.26,307500 4273000,6.5,Marginal,orange,YES,191.0715825,2655.118283,46.6028250000004
307500,4273000,POTTF,1.64042,250000,7.59,85.89,307500 4273000,0.5,Marginal,orange,YES,191.0715825,2655.118283,46.6028250000004
307500,4273000,POTTF,14.76378,250000,6.49,85.4,307500 4273000,4.5,Marginal,orange,YES,191.0715825,2655.118283,46.6028250000004
307500,4273000,POTTF,8.2021,250000,6.68,85.29,307500 4273000,2.5,Marginal,orange,YES,191.0715825,2655.118283,46.6028250000004
307500,4273000,POTTF,4.92126,250000,7.16,85.56,307500 4273000,1.5,Marginal,orange,YES,191.0715825,2655.118283,46.6028250000004
307500,4273000,POTTF,18.04462,250000,6.42,85.33,307500 4273000,5.5,Marginal,orange,YES,191.0715825,2655.118283,46.6028250000004
307500,4273000,POTTF,11.48294,250000,6.34,85.23,307500 4273000,3.5,Marginal,orange,YES,191.0715825,2655.118283,46.6028250000004
308000,4246500,POTOH,27.88714,250000,2.6,81.7,308000 4246500,8.5,Marginal,orange,YES,191.382268,2638.6519515,30.1364935000001
308000,4246500,POTOH,4.92126,250000,7.18,84.89,308000 4246500,1.5,Marginal,orange,YES,191.382268,2638.6519515,30.1364935000001
308000,4246500,POTOH,14.76378,250000,6.33,84.4,308000 4246500,4.5,Marginal,orange,YES,191.382268,2638.6519515,30.1364935000001
308000,4246500,POTOH,11.48294,250000,6.63,84.6,308000 4246500,3.5,Marginal,orange,YES,191.382268,2638.6519515,30.1364935000001
308000,4246500,POTOH,1.64042,250000,7.35,84.89,308000 4246500,0.5,Marginal,orange,YES,191.382268,2638.6519515,30.1364935000001
308000,4246500,POTOH,8.2021,250000,6.94,84.89,308000 4246500,2.5,Marginal,orange,YES,191.382268,2638.6519515,30.1364935000001
308000,4246500,POTOH,24.6063,250000,4.23,83.1,308000 4246500,7.5,Tolerable,yellow,YES,191.382268,2638.6519515,30.1364935000001
308000,4246500,POTOH,18.04462,250000,6.14,84.3,308000 4246500,5.5,Marginal,orange,YES,191.382268,2638.6519515,30.1364935000001
308000,4246500,POTOH,21.32546,250000,5.96,84.2,308000 4246500,6.5,Tolerable,yellow,YES,191.382268,2638.6519515,30.1364935000001
308000,4273500,POTTF,1.64042,250000,7.46,85.88,308000 4273500,0.5,Marginal,orange,YES,191.382268,2655.4289685,46.9135105
308000,4273500,POTTF,4.92126,250000,7.09,85.6,308000 4273500,1.5,Marginal,orange,YES,191.382268,2655.4289685,46.9135105
308000,4273500,POTTF,8.2021,250000,6.68,85.38,308000 4273500,2.5,Marginal,orange,YES,191.382268,2655.4289685,46.9135105
308000,4273500,POTTF,11.48294,250000,6.39,85.3,308000 4273500,3.5,Marginal,orange,YES,191.382268,2655.4289685,46.9135105
308000,4273500,POTTF,18.04462,250000,6.45,85.37,308000 4273500,5.5,Marginal,orange,YES,191.382268,2655.4289685,46.9135105
308000,4273500,POTTF,14.76378,250000,6.52,85.45,308000 4273500,4.5,Marginal,orange,YES,191.382268,2655.4289685,46.9135105
308000,4273500,POTTF,21.32546,250000,6.37,85.29,308000 4273500,6.5,Marginal,orange,YES,191.382268,2655.4289685,46.9135105
308500,4274000,POTTF,18.04462,250000,6.47,85.4,308500 4274000,5.5,Marginal,orange,YES,191.6929535,2655.739654,47.2241960000001
308500,4274000,POTTF,1.64042,250000,7.26,85.86,308500 4274000,0.5,Marginal,orange,YES,191.6929535,2655.739654,47.2241960000001
308500,4274000,POTTF,4.92126,250000,6.99,85.66,308500 4274000,1.5,Marginal,orange,YES,191.6929535,2655.739654,47.2241960000001
308500,4274000,POTTF,21.32546,250000,6.4,85.31,308500 4274000,6.5,Marginal,orange,YES,191.6929535,2655.739654,47.2241960000001
308500,4274000,POTTF,8.2021,250000,6.68,85.5,308500 4274000,2.5,Marginal,orange,YES,191.6929535,2655.739654,47.2241960000001
308500,4274000,POTTF,14.76378,250000,6.55,85.48,308500 4274000,4.5,Marginal,orange,YES,191.6929535,2655.739654,47.2241960000001
308500,4274000,POTTF,11.48294,250000,6.46,85.39,308500 4274000,3.5,Marginal,orange,YES,191.6929535,2655.739654,47.2241960000001
308500,4274500,POTTF,24.6063,250000,6.37,85.28,308500 4274500,7.5,Marginal,orange,YES,191.6929535,2656.0503395,47.5348815000002
308500,4274500,POTTF,18.04462,250000,6.48,85.4,308500 4274500,5.5,Marginal,orange,YES,191.6929535,2656.0503395,47.5348815000002
308500,4274500,POTTF,8.2021,250000,6.68,85.58,308500 4274500,2.5,Marginal,orange,YES,191.6929535,2656.0503395,47.5348815000002
308500,4274500,POTTF,14.76378,250000,6.56,85.49,308500 4274500,4.5,Marginal,orange,YES,191.6929535,2656.0503395,47.5348815000002
308500,4274500,POTTF,1.64042,250000,7.13,85.84,308500 4274500,0.5,Marginal,orange,YES,191.6929535,2656.0503395,47.5348815000002
308500,4274500,POTTF,4.92126,250000,6.92,85.7,308500 4274500,1.5,Marginal,orange,YES,191.6929535,2656.0503395,47.5348815000002
308500,4274500,POTTF,11.48294,250000,6.51,85.44,308500 4274500,3.5,Marginal,orange,YES,191.6929535,2656.0503395,47.5348815000002
308500,4274500,POTTF,21.32546,250000,6.4,85.32,308500 4274500,6.5,Marginal,orange,YES,191.6929535,2656.0503395,47.5348815000002
309500,4247500,POTOH,41.0105,250000,1.5,80.5,309500 4247500,12.5,Unsuitable,black,YES,192.3143245,2639.2733225,30.7578645000003
309500,4247500,POTOH,21.32546,250000,5.93,84.18,309500 4247500,6.5,Tolerable,yellow,YES,192.3143245,2639.2733225,30.7578645000003
309500,4247500,POTOH,11.48294,250000,6.62,84.57,309500 4247500,3.5,Marginal,orange,YES,192.3143245,2639.2733225,30.7578645000003
309500,4247500,POTOH,34.44882,250000,2.1,81.4,309500 4247500,10.5,Marginal,orange,YES,192.3143245,2639.2733225,30.7578645000003
309500,4247500,POTOH,24.6063,250000,4.12,83.02,309500 4247500,7.5,Tolerable,yellow,YES,192.3143245,2639.2733225,30.7578645000003
309500,4247500,POTOH,8.2021,250000,6.93,84.85,309500 4247500,2.5,Marginal,orange,YES,192.3143245,2639.2733225,30.7578645000003
309500,4247500,POTOH,37.72966,250000,1.75,81,309500 4247500,11.5,Unsuitable,black,YES,192.3143245,2639.2733225,30.7578645000003
309500,4247500,POTOH,14.76378,250000,6.31,84.39,309500 4247500,4.5,Marginal,orange,YES,192.3143245,2639.2733225,30.7578645000003
309500,4247500,POTOH,18.04462,250000,6.14,84.3,309500 4247500,5.5,Marginal,orange,YES,192.3143245,2639.2733225,30.7578645000003
309500,4247500,POTOH,1.64042,250000,7.37,84.86,309500 4247500,0.5,Marginal,orange,YES,192.3143245,2639.2733225,30.7578645000003
309500,4247500,POTOH,27.88714,250000,2.6,81.7,309500 4247500,8.5,Marginal,orange,YES,192.3143245,2639.2733225,30.7578645000003
309500,4247500,POTOH,31.16798,250000,2.35,81.5,309500 4247500,9.5,Marginal,orange,YES,192.3143245,2639.2733225,30.7578645000003
309500,4247500,POTOH,4.92126,250000,7.19,84.86,309500 4247500,1.5,Marginal,orange,YES,192.3143245,2639.2733225,30.7578645000003
309500,4275000,POTTF,18.04462,250000,6.51,85.41,309500 4275000,5.5,Marginal,orange,YES,192.3143245,2656.361025,47.8455670000003
309500,4275000,POTTF,21.32546,250000,6.42,85.31,309500 4275000,6.5,Marginal,orange,YES,192.3143245,2656.361025,47.8455670000003
309500,4275000,POTTF,31.16798,250000,6.4,85.31,309500 4275000,9.5,Marginal,orange,YES,192.3143245,2656.361025,47.8455670000003
309500,4275000,POTTF,14.76378,250000,6.59,85.5,309500 4275000,4.5,Marginal,orange,YES,192.3143245,2656.361025,47.8455670000003
309500,4275000,POTTF,1.64042,250000,6.89,85.81,309500 4275000,0.5,Marginal,orange,YES,192.3143245,2656.361025,47.8455670000003
309500,4275000,POTTF,24.6063,250000,6.39,85.3,309500 4275000,7.5,Marginal,orange,YES,192.3143245,2656.361025,47.8455670000003
309500,4275000,POTTF,27.88714,250000,6.4,85.31,309500 4275000,8.5,Marginal,orange,YES,192.3143245,2656.361025,47.8455670000003
309500,4275000,POTTF,11.48294,250000,6.6,85.55,309500 4275000,3.5,Marginal,orange,YES,192.3143245,2656.361025,47.8455670000003
309500,4275000,POTTF,8.2021,250000,6.69,85.73,309500 4275000,2.5,Marginal,orange,YES,192.3143245,2656.361025,47.8455670000003
309500,4275000,POTTF,4.92126,250000,6.8,85.77,309500 4275000,1.5,Marginal,orange,YES,192.3143245,2656.361025,47.8455670000003
310000,4248000,POTOH,31.16798,250000,2.35,81.5,310000 4248000,9.5,Marginal,orange,YES,192.62501,2639.584008,31.0685500000004
310000,4248000,POTOH,34.44882,250000,2.1,81.4,310000 4248000,10.5,Marginal,orange,YES,192.62501,2639.584008,31.0685500000004
310000,4248000,POTOH,21.32546,250000,5.9,84.16,310000 4248000,6.5,Tolerable,yellow,YES,192.62501,2639.584008,31.0685500000004
310000,4248000,POTOH,27.88714,250000,2.6,81.7,310000 4248000,8.5,Marginal,orange,YES,192.62501,2639.584008,31.0685500000004
310000,4248000,POTOH,18.04462,250000,6.13,84.3,310000 4248000,5.5,Marginal,orange,YES,192.62501,2639.584008,31.0685500000004
310000,4248000,POTOH,14.76378,250000,6.29,84.38,310000 4248000,4.5,Marginal,orange,YES,192.62501,2639.584008,31.0685500000004
310000,4248000,POTOH,24.6063,250000,4.1,82.99,310000 4248000,7.5,Tolerable,yellow,YES,192.62501,2639.584008,31.0685500000004
310000,4248000,POTOH,1.64042,250000,7.37,84.84,310000 4248000,0.5,Marginal,orange,YES,192.62501,2639.584008,31.0685500000004
310000,4248000,POTOH,11.48294,250000,6.6,84.55,310000 4248000,3.5,Marginal,orange,YES,192.62501,2639.584008,31.0685500000004
310000,4248000,POTOH,4.92126,250000,7.18,84.83,310000 4248000,1.5,Marginal,orange,YES,192.62501,2639.584008,31.0685500000004
310000,4248000,POTOH,8.2021,250000,6.92,84.82,310000 4248000,2.5,Marginal,orange,YES,192.62501,2639.584008,31.0685500000004
310500,4248500,POTOH,14.76378,250000,6.27,84.36,310500 4248500,4.5,Marginal,orange,YES,192.9356955,2639.8946935,31.3792355000001
310500,4248500,POTOH,18.04462,250000,6.11,84.29,310500 4248500,5.5,Marginal,orange,YES,192.9356955,2639.8946935,31.3792355000001
310500,4248500,POTOH,24.6063,250000,4.07,82.97,310500 4248500,7.5,Tolerable,yellow,YES,192.9356955,2639.8946935,31.3792355000001
310500,4248500,POTOH,1.64042,250000,7.37,84.81,310500 4248500,0.5,Marginal,orange,YES,192.9356955,2639.8946935,31.3792355000001
310500,4248500,POTOH,4.92126,250000,7.17,84.79,310500 4248500,1.5,Marginal,orange,YES,192.9356955,2639.8946935,31.3792355000001
310500,4248500,POTOH,21.32546,250000,5.86,84.14,310500 4248500,6.5,Tolerable,yellow,YES,192.9356955,2639.8946935,31.3792355000001
310500,4248500,POTOH,11.48294,250000,6.58,84.53,310500 4248500,3.5,Marginal,orange,YES,192.9356955,2639.8946935,31.3792355000001
310500,4248500,POTOH,27.88714,250000,2.6,81.7,310500 4248500,8.5,Marginal,orange,YES,192.9356955,2639.8946935,31.3792355000001
310500,4248500,POTOH,8.2021,250000,6.9,84.78,310500 4248500,2.5,Marginal,orange,YES,192.9356955,2639.8946935,31.3792355000001
311000,4249000,POTOH,18.04462,250000,6.09,84.28,311000 4249000,5.5,Marginal,orange,YES,193.246381,2640.205379,31.6899210000001
311000,4249000,POTOH,14.76378,250000,6.24,84.34,311000 4249000,4.5,Marginal,orange,YES,193.246381,2640.205379,31.6899210000001
311000,4249000,POTOH,21.32546,250000,5.8,84.11,311000 4249000,6.5,Tolerable,yellow,YES,193.246381,2640.205379,31.6899210000001
311000,4249000,POTOH,24.6063,250000,4.04,82.95,311000 4249000,7.5,Tolerable,yellow,YES,193.246381,2640.205379,31.6899210000001
311000,4249000,POTOH,8.2021,250000,6.87,84.73,311000 4249000,2.5,Marginal,orange,YES,193.246381,2640.205379,31.6899210000001
311000,4249000,POTOH,27.88714,250000,2.6,81.7,311000 4249000,8.5,Marginal,orange,YES,193.246381,2640.205379,31.6899210000001
311000,4249000,POTOH,1.64042,250000,7.36,84.78,311000 4249000,0.5,Marginal,orange,YES,193.246381,2640.205379,31.6899210000001
311000,4249000,POTOH,11.48294,250000,6.54,84.5,311000 4249000,3.5,Marginal,orange,YES,193.246381,2640.205379,31.6899210000001
311000,4249000,POTOH,4.92126,250000,7.15,84.75,311000 4249000,1.5,Marginal,orange,YES,193.246381,2640.205379,31.6899210000001
311000,4275500,POTTF,14.76378,250000,6.6,85.5,311000 4275500,4.5,Marginal,orange,YES,193.246381,2656.6717105,48.1562525000004
311000,4275500,POTTF,21.32546,250000,6.43,85.3,311000 4275500,6.5,Marginal,orange,YES,193.246381,2656.6717105,48.1562525000004
311000,4275500,POTTF,34.44882,250000,6.4,85.3,311000 4275500,10.5,Marginal,orange,YES,193.246381,2656.6717105,48.1562525000004
311000,4275500,POTTF,18.04462,250000,6.52,85.4,311000 4275500,5.5,Marginal,orange,YES,193.246381,2656.6717105,48.1562525000004
311000,4275500,POTTF,11.48294,250000,6.65,85.6,311000 4275500,3.5,Marginal,orange,YES,193.246381,2656.6717105,48.1562525000004
311000,4275500,POTTF,1.64042,250000,6.79,85.8,311000 4275500,0.5,Marginal,orange,YES,193.246381,2656.6717105,48.1562525000004
311000,4275500,POTTF,37.72966,250000,6.4,85.3,311000 4275500,11.5,Marginal,orange,YES,193.246381,2656.6717105,48.1562525000004
311000,4275500,POTTF,31.16798,250000,6.4,85.3,311000 4275500,9.5,Marginal,orange,YES,193.246381,2656.6717105,48.1562525000004
311000,4275500,POTTF,8.2021,250000,6.69,85.8,311000 4275500,2.5,Marginal,orange,YES,193.246381,2656.6717105,48.1562525000004
311000,4275500,POTTF,41.0105,250000,5.7,86.5,311000 4275500,12.5,Unsuitable,black,YES,193.246381,2656.6717105,48.1562525000004
311000,4275500,POTTF,4.92126,250000,6.75,85.8,311000 4275500,1.5,Marginal,orange,YES,193.246381,2656.6717105,48.1562525000004
311000,4275500,POTTF,24.6063,250000,6.4,85.3,311000 4275500,7.5,Marginal,orange,YES,193.246381,2656.6717105,48.1562525000004
311000,4275500,POTTF,27.88714,250000,6.4,85.3,311000 4275500,8.5,Marginal,orange,YES,193.246381,2656.6717105,48.1562525000004
311500,4249500,POTOH,8.2021,250000,6.83,84.68,311500 4249500,2.5,Marginal,orange,YES,193.5570665,2640.5160645,32.0006065000002
311500,4249500,POTOH,27.88714,250000,2.6,81.7,311500 4249500,8.5,Marginal,orange,YES,193.5570665,2640.5160645,32.0006065000002
311500,4249500,POTOH,4.92126,250000,7.12,84.71,311500 4249500,1.5,Marginal,orange,YES,193.5570665,2640.5160645,32.0006065000002
311500,4249500,POTOH,11.48294,250000,6.5,84.46,311500 4249500,3.5,Marginal,orange,YES,193.5570665,2640.5160645,32.0006065000002
311500,4249500,POTOH,18.04462,250000,6.06,84.26,311500 4249500,5.5,Marginal,orange,YES,193.5570665,2640.5160645,32.0006065000002
311500,4249500,POTOH,24.6063,250000,4.02,82.93,311500 4249500,7.5,Tolerable,yellow,YES,193.5570665,2640.5160645,32.0006065000002
311500,4249500,POTOH,14.76378,250000,6.2,84.32,311500 4249500,4.5,Marginal,orange,YES,193.5570665,2640.5160645,32.0006065000002
311500,4249500,POTOH,21.32546,250000,5.74,84.07,311500 4249500,6.5,Tolerable,yellow,YES,193.5570665,2640.5160645,32.0006065000002
311500,4249500,POTOH,1.64042,250000,7.34,84.74,311500 4249500,0.5,Marginal,orange,YES,193.5570665,2640.5160645,32.0006065000002
312500,4248500,POTOH,24.6063,250000,3.81,82.77,312500 4248500,7.5,Tolerable,yellow,YES,194.1784375,2639.8946935,31.3792355000001
312500,4248500,POTOH,11.48294,250000,6.39,84.4,312500 4248500,3.5,Marginal,orange,YES,194.1784375,2639.8946935,31.3792355000001
312500,4248500,POTOH,8.2021,250000,6.72,84.62,312500 4248500,2.5,Marginal,orange,YES,194.1784375,2639.8946935,31.3792355000001
312500,4248500,POTOH,21.32546,250000,5.65,84.01,312500 4248500,6.5,Tolerable,yellow,YES,194.1784375,2639.8946935,31.3792355000001
312500,4248500,POTOH,14.76378,250000,6.11,84.26,312500 4248500,4.5,Marginal,orange,YES,194.1784375,2639.8946935,31.3792355000001
312500,4248500,POTOH,4.92126,250000,7.02,84.65,312500 4248500,1.5,Marginal,orange,YES,194.1784375,2639.8946935,31.3792355000001
312500,4248500,POTOH,1.64042,250000,7.25,84.69,312500 4248500,0.5,Marginal,orange,YES,194.1784375,2639.8946935,31.3792355000001
312500,4248500,POTOH,18.04462,250000,5.98,84.21,312500 4248500,5.5,Marginal,orange,YES,194.1784375,2639.8946935,31.3792355000001
312500,4250000,POTOH,1.64042,250000,7.27,84.67,312500 4250000,0.5,Marginal,orange,YES,194.1784375,2640.82675,32.3112920000003
312500,4250000,POTOH,8.2021,250000,6.71,84.58,312500 4250000,2.5,Marginal,orange,YES,194.1784375,2640.82675,32.3112920000003
312500,4250000,POTOH,18.04462,250000,5.98,84.21,312500 4250000,5.5,Marginal,orange,YES,194.1784375,2640.82675,32.3112920000003
312500,4250000,POTOH,4.92126,250000,7.02,84.62,312500 4250000,1.5,Marginal,orange,YES,194.1784375,2640.82675,32.3112920000003
312500,4250000,POTOH,11.48294,250000,6.38,84.38,312500 4250000,3.5,Marginal,orange,YES,194.1784375,2640.82675,32.3112920000003
312500,4250000,POTOH,24.6063,250000,3.92,82.85,312500 4250000,7.5,Tolerable,yellow,YES,194.1784375,2640.82675,32.3112920000003
312500,4250000,POTOH,14.76378,250000,6.09,84.26,312500 4250000,4.5,Marginal,orange,YES,194.1784375,2640.82675,32.3112920000003
312500,4250000,POTOH,21.32546,250000,5.6,83.99,312500 4250000,6.5,Tolerable,yellow,YES,194.1784375,2640.82675,32.3112920000003
312500,4250000,POTOH,27.88714,250000,2.6,81.7,312500 4250000,8.5,Marginal,orange,YES,194.1784375,2640.82675,32.3112920000003
313000,4249000,POTOH,1.64042,250000,7.2,84.65,313000 4249000,0.5,Marginal,orange,YES,194.489123,2640.205379,31.6899210000001
313000,4249000,POTOH,27.88714,250000,2.6,81.7,313000 4249000,8.5,Marginal,orange,YES,194.489123,2640.205379,31.6899210000001
313000,4249000,POTOH,34.44882,250000,2.1,81.4,313000 4249000,10.5,Marginal,orange,YES,194.489123,2640.205379,31.6899210000001
313000,4249000,POTOH,31.16798,250000,2.35,81.5,313000 4249000,9.5,Marginal,orange,YES,194.489123,2640.205379,31.6899210000001
313000,4249000,POTOH,18.04462,250000,5.93,84.18,313000 4249000,5.5,Tolerable,yellow,YES,194.489123,2640.205379,31.6899210000001
313000,4249000,POTOH,11.48294,250000,6.32,84.34,313000 4249000,3.5,Marginal,orange,YES,194.489123,2640.205379,31.6899210000001
313000,4249000,POTOH,8.2021,250000,6.65,84.56,313000 4249000,2.5,Marginal,orange,YES,194.489123,2640.205379,31.6899210000001
313000,4249000,POTOH,14.76378,250000,6.04,84.22,313000 4249000,4.5,Marginal,orange,YES,194.489123,2640.205379,31.6899210000001
313000,4249000,POTOH,24.6063,250000,3.78,82.74,313000 4249000,7.5,Tolerable,yellow,YES,194.489123,2640.205379,31.6899210000001
313000,4249000,POTOH,4.92126,250000,6.96,84.59,313000 4249000,1.5,Marginal,orange,YES,194.489123,2640.205379,31.6899210000001
313000,4249000,POTOH,21.32546,250000,5.56,83.96,313000 4249000,6.5,Tolerable,yellow,YES,194.489123,2640.205379,31.6899210000001
313000,4249000,POTOH,41.0105,250000,1.5,80.5,313000 4249000,12.5,Unsuitable,black,YES,194.489123,2640.205379,31.6899210000001
313000,4249000,POTOH,37.72966,250000,1.75,81,313000 4249000,11.5,Unsuitable,black,YES,194.489123,2640.205379,31.6899210000001
313000,4249000,POTOH,44.29134,250000,1.5,80.4,313000 4249000,13.5,Unsuitable,black,YES,194.489123,2640.205379,31.6899210000001
313000,4250500,POTOH,8.2021,250000,6.64,84.52,313000 4250500,2.5,Marginal,orange,YES,194.489123,2641.1374355,32.6219775000004
313000,4250500,POTOH,11.48294,250000,6.31,84.33,313000 4250500,3.5,Marginal,orange,YES,194.489123,2641.1374355,32.6219775000004
313000,4250500,POTOH,4.92126,250000,6.96,84.56,313000 4250500,1.5,Marginal,orange,YES,194.489123,2641.1374355,32.6219775000004
313000,4250500,POTOH,24.6063,250000,3.89,82.83,313000 4250500,7.5,Tolerable,yellow,YES,194.489123,2641.1374355,32.6219775000004
313000,4250500,POTOH,21.32546,250000,5.51,83.93,313000 4250500,6.5,Tolerable,yellow,YES,194.489123,2641.1374355,32.6219775000004
313000,4250500,POTOH,27.88714,250000,2.6,81.7,313000 4250500,8.5,Marginal,orange,YES,194.489123,2641.1374355,32.6219775000004
313000,4250500,POTOH,1.64042,250000,7.21,84.63,313000 4250500,0.5,Marginal,orange,YES,194.489123,2641.1374355,32.6219775000004
313000,4250500,POTOH,18.04462,250000,5.92,84.18,313000 4250500,5.5,Tolerable,yellow,YES,194.489123,2641.1374355,32.6219775000004
313000,4250500,POTOH,14.76378,250000,6.03,84.21,313000 4250500,4.5,Marginal,orange,YES,194.489123,2641.1374355,32.6219775000004
313500,4249500,POTOH,24.6063,250000,3.74,82.71,313500 4249500,7.5,Tolerable,yellow,YES,194.7998085,2640.5160645,32.0006065000002
313500,4249500,POTOH,34.44882,250000,2.1,81.4,313500 4249500,10.5,Marginal,orange,YES,194.7998085,2640.5160645,32.0006065000002
313500,4249500,POTOH,14.76378,250000,5.97,84.18,313500 4249500,4.5,Tolerable,yellow,YES,194.7998085,2640.5160645,32.0006065000002
313500,4249500,POTOH,4.92126,250000,6.88,84.53,313500 4249500,1.5,Marginal,orange,YES,194.7998085,2640.5160645,32.0006065000002
313500,4249500,POTOH,1.64042,250000,7.14,84.6,313500 4249500,0.5,Marginal,orange,YES,194.7998085,2640.5160645,32.0006065000002
313500,4249500,POTOH,18.04462,250000,5.87,84.15,313500 4249500,5.5,Tolerable,yellow,YES,194.7998085,2640.5160645,32.0006065000002
313500,4249500,POTOH,8.2021,250000,6.57,84.49,313500 4249500,2.5,Marginal,orange,YES,194.7998085,2640.5160645,32.0006065000002
313500,4249500,POTOH,21.32546,250000,5.46,83.9,313500 4249500,6.5,Tolerable,yellow,YES,194.7998085,2640.5160645,32.0006065000002
313500,4249500,POTOH,27.88714,250000,2.6,81.7,313500 4249500,8.5,Marginal,orange,YES,194.7998085,2640.5160645,32.0006065000002
313500,4249500,POTOH,11.48294,250000,6.24,84.29,313500 4249500,3.5,Marginal,orange,YES,194.7998085,2640.5160645,32.0006065000002
313500,4249500,POTOH,31.16798,250000,2.35,81.5,313500 4249500,9.5,Marginal,orange,YES,194.7998085,2640.5160645,32.0006065000002
313500,4251000,POTOH,21.32546,250000,5.47,83.95,313500 4251000,6.5,Tolerable,yellow,YES,194.7998085,2641.448121,32.9326630000001
313500,4251000,POTOH,14.76378,250000,5.95,84.17,313500 4251000,4.5,Tolerable,yellow,YES,194.7998085,2641.448121,32.9326630000001
313500,4251000,POTOH,11.48294,250000,6.22,84.27,313500 4251000,3.5,Marginal,orange,YES,194.7998085,2641.448121,32.9326630000001
313500,4251000,POTOH,31.16798,250000,3.22,82.32,313500 4251000,9.5,Tolerable,yellow,YES,194.7998085,2641.448121,32.9326630000001
313500,4251000,POTOH,24.6063,250000,4.26,83.2,313500 4251000,7.5,Tolerable,yellow,YES,194.7998085,2641.448121,32.9326630000001
313500,4251000,POTOH,27.88714,250000,3.42,82.48,313500 4251000,8.5,Tolerable,yellow,YES,194.7998085,2641.448121,32.9326630000001
313500,4251000,POTOH,18.04462,250000,5.86,84.15,313500 4251000,5.5,Tolerable,yellow,YES,194.7998085,2641.448121,32.9326630000001
313500,4251000,POTOH,4.92126,250000,6.88,84.51,313500 4251000,1.5,Marginal,orange,YES,194.7998085,2641.448121,32.9326630000001
313500,4251000,POTOH,8.2021,250000,6.56,84.46,313500 4251000,2.5,Marginal,orange,YES,194.7998085,2641.448121,32.9326630000001
313500,4251000,POTOH,1.64042,250000,7.15,84.58,313500 4251000,0.5,Marginal,orange,YES,194.7998085,2641.448121,32.9326630000001
314000,4276000,POTTF,47.57218,250000,5.7,86.5,314000 4276000,14.5,Unsuitable,black,YES,195.110494,2656.982396,48.466938
314000,4276000,POTTF,18.04462,250000,6.45,85.54,314000 4276000,5.5,Marginal,orange,YES,195.110494,2656.982396,48.466938
314000,4276000,POTTF,37.72966,250000,6.36,85.37,314000 4276000,11.5,Marginal,orange,YES,195.110494,2656.982396,48.466938
314000,4276000,POTTF,21.32546,250000,6.37,85.46,314000 4276000,6.5,Marginal,orange,YES,195.110494,2656.982396,48.466938
314000,4276000,POTTF,1.64042,250000,6.9,85.92,314000 4276000,0.5,Marginal,orange,YES,195.110494,2656.982396,48.466938
314000,4276000,POTTF,31.16798,250000,6.36,85.37,314000 4276000,9.5,Marginal,orange,YES,195.110494,2656.982396,48.466938
314000,4276000,POTTF,24.6063,250000,6.35,85.34,314000 4276000,7.5,Marginal,orange,YES,195.110494,2656.982396,48.466938
314000,4276000,POTTF,50.85302,250000,5.7,86.5,314000 4276000,15.5,Unsuitable,black,YES,195.110494,2656.982396,48.466938
314000,4276000,POTTF,14.76378,250000,6.52,85.61,314000 4276000,4.5,Marginal,orange,YES,195.110494,2656.982396,48.466938
314000,4276000,POTTF,34.44882,250000,6.36,85.37,314000 4276000,10.5,Marginal,orange,YES,195.110494,2656.982396,48.466938
314000,4276000,POTTF,11.48294,250000,6.52,85.65,314000 4276000,3.5,Marginal,orange,YES,195.110494,2656.982396,48.466938
314000,4276000,POTTF,8.2021,250000,6.62,85.79,314000 4276000,2.5,Marginal,orange,YES,195.110494,2656.982396,48.466938
314000,4276000,POTTF,4.92126,250000,6.77,85.85,314000 4276000,1.5,Marginal,orange,YES,195.110494,2656.982396,48.466938
314000,4276000,POTTF,44.29134,250000,5.7,86.5,314000 4276000,13.5,Unsuitable,black,YES,195.110494,2656.982396,48.466938
314000,4276000,POTTF,41.0105,250000,5.7,86.5,314000 4276000,12.5,Unsuitable,black,YES,195.110494,2656.982396,48.466938
314000,4276000,POTTF,27.88714,250000,6.36,85.37,314000 4276000,8.5,Marginal,orange,YES,195.110494,2656.982396,48.466938
314500,4250000,POTOH,11.48294,250000,6.04,84.16,314500 4250000,3.5,Tolerable,yellow,YES,195.4211795,2640.82675,32.3112920000003
314500,4250000,POTOH,18.04462,250000,5.72,84.06,314500 4250000,5.5,Tolerable,yellow,YES,195.4211795,2640.82675,32.3112920000003
314500,4250000,POTOH,14.76378,250000,5.8,84.07,314500 4250000,4.5,Tolerable,yellow,YES,195.4211795,2640.82675,32.3112920000003
314500,4250000,POTOH,1.64042,250000,6.98,84.5,314500 4250000,0.5,Marginal,orange,YES,195.4211795,2640.82675,32.3112920000003
314500,4250000,POTOH,24.6063,250000,3.64,82.63,314500 4250000,7.5,Tolerable,yellow,YES,195.4211795,2640.82675,32.3112920000003
314500,4250000,POTOH,21.32546,250000,5.26,83.77,314500 4250000,6.5,Tolerable,yellow,YES,195.4211795,2640.82675,32.3112920000003
314500,4250000,POTOH,8.2021,250000,6.37,84.35,314500 4250000,2.5,Marginal,orange,YES,195.4211795,2640.82675,32.3112920000003
314500,4250000,POTOH,4.92126,250000,6.71,84.41,314500 4250000,1.5,Marginal,orange,YES,195.4211795,2640.82675,32.3112920000003
314500,4276500,POTTF,27.88714,250000,6.33,85.41,314500 4276500,8.5,Marginal,orange,YES,195.4211795,2657.2930815,48.7776235000001
314500,4276500,POTTF,41.0105,250000,5.7,86.5,314500 4276500,12.5,Unsuitable,black,YES,195.4211795,2657.2930815,48.7776235000001
314500,4276500,POTTF,31.16798,250000,6.33,85.41,314500 4276500,9.5,Marginal,orange,YES,195.4211795,2657.2930815,48.7776235000001
314500,4276500,POTTF,21.32546,250000,6.35,85.53,314500 4276500,6.5,Marginal,orange,YES,195.4211795,2657.2930815,48.7776235000001
314500,4276500,POTTF,1.64042,250000,6.87,85.96,314500 4276500,0.5,Marginal,orange,YES,195.4211795,2657.2930815,48.7776235000001
314500,4276500,POTTF,14.76378,250000,6.49,85.68,314500 4276500,4.5,Marginal,orange,YES,195.4211795,2657.2930815,48.7776235000001
314500,4276500,POTTF,8.2021,250000,6.6,85.82,314500 4276500,2.5,Marginal,orange,YES,195.4211795,2657.2930815,48.7776235000001
314500,4276500,POTTF,34.44882,250000,6.33,85.41,314500 4276500,10.5,Marginal,orange,YES,195.4211795,2657.2930815,48.7776235000001
314500,4276500,POTTF,37.72966,250000,6.33,85.41,314500 4276500,11.5,Marginal,orange,YES,195.4211795,2657.2930815,48.7776235000001
314500,4276500,POTTF,18.04462,250000,6.42,85.6,314500 4276500,5.5,Marginal,orange,YES,195.4211795,2657.2930815,48.7776235000001
314500,4276500,POTTF,4.92126,250000,6.74,85.89,314500 4276500,1.5,Marginal,orange,YES,195.4211795,2657.2930815,48.7776235000001
314500,4276500,POTTF,24.6063,250000,6.32,85.37,314500 4276500,7.5,Marginal,orange,YES,195.4211795,2657.2930815,48.7776235000001
314500,4276500,POTTF,11.48294,250000,6.49,85.7,314500 4276500,3.5,Marginal,orange,YES,195.4211795,2657.2930815,48.7776235000001
314500,4277000,POTTF,4.92126,250000,6.72,85.91,314500 4277000,1.5,Marginal,orange,YES,195.4211795,2657.603767,49.0883090000002
314500,4277000,POTTF,8.2021,250000,6.58,85.85,314500 4277000,2.5,Marginal,orange,YES,195.4211795,2657.603767,49.0883090000002
314500,4277000,POTTF,18.04462,250000,6.41,85.64,314500 4277000,5.5,Marginal,orange,YES,195.4211795,2657.603767,49.0883090000002
314500,4277000,POTTF,11.48294,250000,6.48,85.73,314500 4277000,3.5,Marginal,orange,YES,195.4211795,2657.603767,49.0883090000002
314500,4277000,POTTF,1.64042,250000,6.85,85.98,314500 4277000,0.5,Marginal,orange,YES,195.4211795,2657.603767,49.0883090000002
314500,4277000,POTTF,14.76378,250000,6.48,85.71,314500 4277000,4.5,Marginal,orange,YES,195.4211795,2657.603767,49.0883090000002
314500,4280000,POTTF,11.48294,250000,6.39,86.03,314500 4280000,3.5,Unsuitable,black,YES,195.4211795,2659.46788,50.9524220000003
314500,4280000,POTTF,14.76378,250000,6.38,86.03,314500 4280000,4.5,Unsuitable,black,YES,195.4211795,2659.46788,50.9524220000003
314500,4280000,POTTF,1.64042,250000,6.65,86.18,314500 4280000,0.5,Unsuitable,black,YES,195.4211795,2659.46788,50.9524220000003
314500,4280000,POTTF,8.2021,250000,6.47,86.09,314500 4280000,2.5,Unsuitable,black,YES,195.4211795,2659.46788,50.9524220000003
314500,4280000,POTTF,18.04462,250000,6.33,86,314500 4280000,5.5,Marginal,orange,YES,195.4211795,2659.46788,50.9524220000003
314500,4280000,POTTF,4.92126,250000,6.57,86.13,314500 4280000,1.5,Unsuitable,black,YES,195.4211795,2659.46788,50.9524220000003
314500,4280500,POTTF,24.6063,250000,6.18,85.59,314500 4280500,7.5,Marginal,orange,YES,195.4211795,2659.7785655,51.2631075000004
314500,4280500,POTTF,8.2021,250000,6.45,86.14,314500 4280500,2.5,Unsuitable,black,YES,195.4211795,2659.7785655,51.2631075000004
314500,4280500,POTTF,27.88714,250000,6.18,85.67,314500 4280500,8.5,Marginal,orange,YES,195.4211795,2659.7785655,51.2631075000004
314500,4280500,POTTF,21.32546,250000,6.27,86.04,314500 4280500,6.5,Unsuitable,black,YES,195.4211795,2659.7785655,51.2631075000004
314500,4280500,POTTF,11.48294,250000,6.38,86.09,314500 4280500,3.5,Unsuitable,black,YES,195.4211795,2659.7785655,51.2631075000004
314500,4280500,POTTF,1.64042,250000,6.51,86.21,314500 4280500,0.5,Unsuitable,black,YES,195.4211795,2659.7785655,51.2631075000004
314500,4280500,POTTF,4.92126,250000,6.54,86.17,314500 4280500,1.5,Unsuitable,black,YES,195.4211795,2659.7785655,51.2631075000004
314500,4280500,POTTF,14.76378,250000,6.36,86.09,314500 4280500,4.5,Unsuitable,black,YES,195.4211795,2659.7785655,51.2631075000004
314500,4280500,POTTF,18.04462,250000,6.32,86.07,314500 4280500,5.5,Unsuitable,black,YES,195.4211795,2659.7785655,51.2631075000004
314500,4280500,POTTF,31.16798,250000,6.18,85.67,314500 4280500,9.5,Marginal,orange,YES,195.4211795,2659.7785655,51.2631075000004
314500,4281000,POTTF,11.48294,250000,6.38,86.14,314500 4281000,3.5,Unsuitable,black,YES,195.4211795,2660.089251,51.573793
314500,4281000,POTTF,4.92126,250000,6.52,86.22,314500 4281000,1.5,Unsuitable,black,YES,195.4211795,2660.089251,51.573793
314500,4281000,POTTF,14.76378,250000,6.36,86.15,314500 4281000,4.5,Unsuitable,black,YES,195.4211795,2660.089251,51.573793
314500,4281000,POTTF,1.64042,250000,6.5,86.25,314500 4281000,0.5,Unsuitable,black,YES,195.4211795,2660.089251,51.573793
314500,4281000,POTTF,8.2021,250000,6.44,86.19,314500 4281000,2.5,Unsuitable,black,YES,195.4211795,2660.089251,51.573793
314500,4281500,POTTF,8.2021,250000,6.43,86.23,314500 4281500,2.5,Unsuitable,black,YES,195.4211795,2660.3999365,51.8844785000001
314500,4281500,POTTF,11.48294,250000,6.37,86.2,314500 4281500,3.5,Unsuitable,black,YES,195.4211795,2660.3999365,51.8844785000001
314500,4281500,POTTF,14.76378,250000,6.35,86.21,314500 4281500,4.5,Unsuitable,black,YES,195.4211795,2660.3999365,51.8844785000001
314500,4281500,POTTF,1.64042,250000,6.49,86.28,314500 4281500,0.5,Unsuitable,black,YES,195.4211795,2660.3999365,51.8844785000001
314500,4281500,POTTF,4.92126,250000,6.5,86.26,314500 4281500,1.5,Unsuitable,black,YES,195.4211795,2660.3999365,51.8844785000001
314500,4282000,POTTF,14.76378,250000,6.35,86.25,314500 4282000,4.5,Unsuitable,black,YES,195.4211795,2660.710622,52.1951640000002
314500,4282000,POTTF,21.32546,250000,6.28,86.23,314500 4282000,6.5,Unsuitable,black,YES,195.4211795,2660.710622,52.1951640000002
314500,4282000,POTTF,8.2021,250000,6.42,86.27,314500 4282000,2.5,Unsuitable,black,YES,195.4211795,2660.710622,52.1951640000002
314500,4282000,POTTF,18.04462,250000,6.31,86.24,314500 4282000,5.5,Unsuitable,black,YES,195.4211795,2660.710622,52.1951640000002
314500,4282000,POTTF,1.64042,250000,6.48,86.31,314500 4282000,0.5,Unsuitable,black,YES,195.4211795,2660.710622,52.1951640000002
314500,4282000,POTTF,11.48294,250000,6.37,86.24,314500 4282000,3.5,Unsuitable,black,YES,195.4211795,2660.710622,52.1951640000002
314500,4282000,POTTF,4.92126,250000,6.48,86.29,314500 4282000,1.5,Unsuitable,black,YES,195.4211795,2660.710622,52.1951640000002
314500,4282500,POTTF,37.72966,250000,6.06,85.88,314500 4282500,11.5,Marginal,orange,YES,195.4211795,2661.0213075,52.5058495000003
314500,4282500,POTTF,31.16798,250000,6.06,85.88,314500 4282500,9.5,Marginal,orange,YES,195.4211795,2661.0213075,52.5058495000003
314500,4282500,POTTF,27.88714,250000,6.06,85.88,314500 4282500,8.5,Marginal,orange,YES,195.4211795,2661.0213075,52.5058495000003
314500,4282500,POTTF,4.92126,250000,6.47,86.32,314500 4282500,1.5,Unsuitable,black,YES,195.4211795,2661.0213075,52.5058495000003
314500,4282500,POTTF,1.64042,250000,6.48,86.33,314500 4282500,0.5,Unsuitable,black,YES,195.4211795,2661.0213075,52.5058495000003
314500,4282500,POTTF,24.6063,250000,6.07,85.78,314500 4282500,7.5,Marginal,orange,YES,195.4211795,2661.0213075,52.5058495000003
314500,4282500,POTTF,14.76378,250000,6.35,86.29,314500 4282500,4.5,Unsuitable,black,YES,195.4211795,2661.0213075,52.5058495000003
314500,4282500,POTTF,34.44882,250000,6.06,85.88,314500 4282500,10.5,Marginal,orange,YES,195.4211795,2661.0213075,52.5058495000003
314500,4282500,POTTF,11.48294,250000,6.38,86.28,314500 4282500,3.5,Unsuitable,black,YES,195.4211795,2661.0213075,52.5058495000003
314500,4282500,POTTF,18.04462,250000,6.32,86.28,314500 4282500,5.5,Unsuitable,black,YES,195.4211795,2661.0213075,52.5058495000003
314500,4282500,POTTF,21.32546,250000,6.28,86.27,314500 4282500,6.5,Unsuitable,black,YES,195.4211795,2661.0213075,52.5058495000003
314500,4282500,POTTF,8.2021,250000,6.42,86.3,314500 4282500,2.5,Unsuitable,black,YES,195.4211795,2661.0213075,52.5058495000003
315000,4277500,POTTF,18.04462,250000,6.38,85.73,315000 4277500,5.5,Marginal,orange,YES,195.731865,2657.9144525,49.3989945000003
315000,4277500,POTTF,4.92126,250000,6.68,85.96,315000 4277500,1.5,Marginal,orange,YES,195.731865,2657.9144525,49.3989945000003
315000,4277500,POTTF,31.16798,250000,6.29,85.48,315000 4277500,9.5,Marginal,orange,YES,195.731865,2657.9144525,49.3989945000003
315000,4277500,POTTF,21.32546,250000,6.32,85.67,315000 4277500,6.5,Marginal,orange,YES,195.731865,2657.9144525,49.3989945000003
315000,4277500,POTTF,24.6063,250000,6.28,85.42,315000 4277500,7.5,Marginal,orange,YES,195.731865,2657.9144525,49.3989945000003
315000,4277500,POTTF,11.48294,250000,6.44,85.8,315000 4277500,3.5,Marginal,orange,YES,195.731865,2657.9144525,49.3989945000003
315000,4277500,POTTF,34.44882,250000,6.29,85.48,315000 4277500,10.5,Marginal,orange,YES,195.731865,2657.9144525,49.3989945000003
315000,4277500,POTTF,27.88714,250000,6.29,85.48,315000 4277500,8.5,Marginal,orange,YES,195.731865,2657.9144525,49.3989945000003
315000,4277500,POTTF,14.76378,250000,6.44,85.79,315000 4277500,4.5,Marginal,orange,YES,195.731865,2657.9144525,49.3989945000003
315000,4277500,POTTF,1.64042,250000,6.81,86.03,315000 4277500,0.5,Unsuitable,black,YES,195.731865,2657.9144525,49.3989945000003
315000,4277500,POTTF,8.2021,250000,6.55,85.9,315000 4277500,2.5,Marginal,orange,YES,195.731865,2657.9144525,49.3989945000003
315000,4278000,POTTF,8.2021,250000,6.53,85.94,315000 4278000,2.5,Marginal,orange,YES,195.731865,2658.225138,49.7096800000004
315000,4278000,POTTF,4.92126,250000,6.66,85.99,315000 4278000,1.5,Marginal,orange,YES,195.731865,2658.225138,49.7096800000004
315000,4278000,POTTF,24.6063,250000,6.27,85.45,315000 4278000,7.5,Marginal,orange,YES,195.731865,2658.225138,49.7096800000004
315000,4278000,POTTF,1.64042,250000,6.77,86.06,315000 4278000,0.5,Unsuitable,black,YES,195.731865,2658.225138,49.7096800000004
315000,4278000,POTTF,27.88714,250000,6.28,85.51,315000 4278000,8.5,Marginal,orange,YES,195.731865,2658.225138,49.7096800000004
315000,4278000,POTTF,11.48294,250000,6.43,85.84,315000 4278000,3.5,Marginal,orange,YES,195.731865,2658.225138,49.7096800000004
315000,4278000,POTTF,18.04462,250000,6.36,85.78,315000 4278000,5.5,Marginal,orange,YES,195.731865,2658.225138,49.7096800000004
315000,4278000,POTTF,14.76378,250000,6.42,85.84,315000 4278000,4.5,Marginal,orange,YES,195.731865,2658.225138,49.7096800000004
315000,4278000,POTTF,21.32546,250000,6.31,85.73,315000 4278000,6.5,Marginal,orange,YES,195.731865,2658.225138,49.7096800000004
315000,4278500,POTTF,21.32546,250000,6.3,85.79,315000 4278500,6.5,Marginal,orange,YES,195.731865,2658.5358235,50.0203655
315000,4278500,POTTF,27.88714,250000,6.26,85.54,315000 4278500,8.5,Marginal,orange,YES,195.731865,2658.5358235,50.0203655
315000,4278500,POTTF,1.64042,250000,6.74,86.09,315000 4278500,0.5,Unsuitable,black,YES,195.731865,2658.5358235,50.0203655
315000,4278500,POTTF,8.2021,250000,6.51,85.98,315000 4278500,2.5,Marginal,orange,YES,195.731865,2658.5358235,50.0203655
315000,4278500,POTTF,14.76378,250000,6.41,85.89,315000 4278500,4.5,Marginal,orange,YES,195.731865,2658.5358235,50.0203655
315000,4278500,POTTF,11.48294,250000,6.42,85.89,315000 4278500,3.5,Marginal,orange,YES,195.731865,2658.5358235,50.0203655
315000,4278500,POTTF,18.04462,250000,6.35,85.84,315000 4278500,5.5,Marginal,orange,YES,195.731865,2658.5358235,50.0203655
315000,4278500,POTTF,4.92126,250000,6.63,86.03,315000 4278500,1.5,Unsuitable,black,YES,195.731865,2658.5358235,50.0203655
315000,4278500,POTTF,24.6063,250000,6.25,85.48,315000 4278500,7.5,Marginal,orange,YES,195.731865,2658.5358235,50.0203655
315000,4278500,POTTF,31.16798,250000,6.26,85.54,315000 4278500,9.5,Marginal,orange,YES,195.731865,2658.5358235,50.0203655
315000,4279000,POTTF,11.48294,250000,6.4,85.94,315000 4279000,3.5,Marginal,orange,YES,195.731865,2658.846509,50.3310510000001
315000,4279000,POTTF,4.92126,250000,6.6,86.07,315000 4279000,1.5,Unsuitable,black,YES,195.731865,2658.846509,50.3310510000001
315000,4279000,POTTF,1.64042,250000,6.7,86.13,315000 4279000,0.5,Unsuitable,black,YES,195.731865,2658.846509,50.3310510000001
315000,4279000,POTTF,8.2021,250000,6.49,86.02,315000 4279000,2.5,Unsuitable,black,YES,195.731865,2658.846509,50.3310510000001
315000,4279000,POTTF,21.32546,250000,6.28,85.86,315000 4279000,6.5,Marginal,orange,YES,195.731865,2658.846509,50.3310510000001
315000,4279000,POTTF,24.6063,250000,6.23,85.51,315000 4279000,7.5,Marginal,orange,YES,195.731865,2658.846509,50.3310510000001
315000,4279000,POTTF,18.04462,250000,6.34,85.91,315000 4279000,5.5,Marginal,orange,YES,195.731865,2658.846509,50.3310510000001
315000,4279000,POTTF,14.76378,250000,6.39,85.95,315000 4279000,4.5,Marginal,orange,YES,195.731865,2658.846509,50.3310510000001
315000,4279000,POTTF,31.16798,250000,6.24,85.58,315000 4279000,9.5,Marginal,orange,YES,195.731865,2658.846509,50.3310510000001
315000,4279000,POTTF,27.88714,250000,6.24,85.58,315000 4279000,8.5,Marginal,orange,YES,195.731865,2658.846509,50.3310510000001
315000,4279500,POTTF,11.48294,250000,6.39,86,315000 4279500,3.5,Marginal,orange,YES,195.731865,2659.1571945,50.6417365000002
315000,4279500,POTTF,8.2021,250000,6.47,86.07,315000 4279500,2.5,Unsuitable,black,YES,195.731865,2659.1571945,50.6417365000002
315000,4279500,POTTF,1.64042,250000,6.67,86.16,315000 4279500,0.5,Unsuitable,black,YES,195.731865,2659.1571945,50.6417365000002
315000,4279500,POTTF,18.04462,250000,6.33,85.97,315000 4279500,5.5,Marginal,orange,YES,195.731865,2659.1571945,50.6417365000002
315000,4279500,POTTF,21.32546,250000,6.28,85.94,315000 4279500,6.5,Marginal,orange,YES,195.731865,2659.1571945,50.6417365000002
315000,4279500,POTTF,4.92126,250000,6.57,86.11,315000 4279500,1.5,Unsuitable,black,YES,195.731865,2659.1571945,50.6417365000002
315000,4279500,POTTF,24.6063,250000,6.2,85.55,315000 4279500,7.5,Marginal,orange,YES,195.731865,2659.1571945,50.6417365000002
315000,4279500,POTTF,14.76378,250000,6.37,86.01,315000 4279500,4.5,Unsuitable,black,YES,195.731865,2659.1571945,50.6417365000002
315000,4279500,POTTF,27.88714,250000,6.21,85.62,315000 4279500,8.5,Marginal,orange,YES,195.731865,2659.1571945,50.6417365000002
315000,4280000,POTTF,8.2021,250000,6.45,86.12,315000 4280000,2.5,Unsuitable,black,YES,195.731865,2659.46788,50.9524220000003
315000,4280000,POTTF,14.76378,250000,6.36,86.07,315000 4280000,4.5,Unsuitable,black,YES,195.731865,2659.46788,50.9524220000003
315000,4280000,POTTF,4.92126,250000,6.55,86.16,315000 4280000,1.5,Unsuitable,black,YES,195.731865,2659.46788,50.9524220000003
315000,4280000,POTTF,11.48294,250000,6.38,86.06,315000 4280000,3.5,Unsuitable,black,YES,195.731865,2659.46788,50.9524220000003
315000,4280000,POTTF,1.64042,250000,6.51,86.2,315000 4280000,0.5,Unsuitable,black,YES,195.731865,2659.46788,50.9524220000003
315000,4283000,POTTF,24.6063,250000,6.01,85.88,315000 4283000,7.5,Marginal,orange,YES,195.731865,2661.331993,52.8165350000004
315000,4283000,POTTF,14.76378,250000,6.36,86.34,315000 4283000,4.5,Unsuitable,black,YES,195.731865,2661.331993,52.8165350000004
315000,4283000,POTTF,8.2021,250000,6.42,86.35,315000 4283000,2.5,Unsuitable,black,YES,195.731865,2661.331993,52.8165350000004
315000,4283000,POTTF,34.44882,250000,6.01,85.98,315000 4283000,10.5,Marginal,orange,YES,195.731865,2661.331993,52.8165350000004
315000,4283000,POTTF,27.88714,250000,6.01,85.98,315000 4283000,8.5,Marginal,orange,YES,195.731865,2661.331993,52.8165350000004
315000,4283000,POTTF,11.48294,250000,6.39,86.34,315000 4283000,3.5,Unsuitable,black,YES,195.731865,2661.331993,52.8165350000004
315000,4283000,POTTF,18.04462,250000,6.33,86.34,315000 4283000,5.5,Unsuitable,black,YES,195.731865,2661.331993,52.8165350000004
315000,4283000,POTTF,31.16798,250000,6.01,85.98,315000 4283000,9.5,Marginal,orange,YES,195.731865,2661.331993,52.8165350000004
315000,4283000,POTTF,21.32546,250000,6.29,86.33,315000 4283000,6.5,Unsuitable,black,YES,195.731865,2661.331993,52.8165350000004
315000,4283000,POTTF,1.64042,250000,6.47,86.36,315000 4283000,0.5,Unsuitable,black,YES,195.731865,2661.331993,52.8165350000004
315000,4283000,POTTF,4.92126,250000,6.46,86.36,315000 4283000,1.5,Unsuitable,black,YES,195.731865,2661.331993,52.8165350000004
315500,4283500,POTTF,4.92126,250000,6.46,86.38,315500 4283500,1.5,Unsuitable,black,YES,196.0425505,2661.6426785,53.1272205
315500,4283500,POTTF,8.2021,250000,6.43,86.38,315500 4283500,2.5,Unsuitable,black,YES,196.0425505,2661.6426785,53.1272205
315500,4283500,POTTF,18.04462,250000,6.35,86.38,315500 4283500,5.5,Unsuitable,black,YES,196.0425505,2661.6426785,53.1272205
315500,4283500,POTTF,1.64042,250000,6.48,86.38,315500 4283500,0.5,Unsuitable,black,YES,196.0425505,2661.6426785,53.1272205
315500,4283500,POTTF,21.32546,250000,6.31,86.37,315500 4283500,6.5,Unsuitable,black,YES,196.0425505,2661.6426785,53.1272205
315500,4283500,POTTF,11.48294,250000,6.4,86.38,315500 4283500,3.5,Unsuitable,black,YES,196.0425505,2661.6426785,53.1272205
315500,4283500,POTTF,14.76378,250000,6.38,86.38,315500 4283500,4.5,Unsuitable,black,YES,196.0425505,2661.6426785,53.1272205
316000,4283500,POTTF,1.64042,250000,6.48,86.39,316000 4283500,0.5,Unsuitable,black,YES,196.353236,2661.6426785,53.1272205
316000,4283500,POTTF,4.92126,250000,6.46,86.39,316000 4283500,1.5,Unsuitable,black,YES,196.353236,2661.6426785,53.1272205
316000,4283500,POTTF,8.2021,250000,6.44,86.39,316000 4283500,2.5,Unsuitable,black,YES,196.353236,2661.6426785,53.1272205
316000,4284000,POTTF,4.92126,250000,6.47,86.4,316000 4284000,1.5,Unsuitable,black,YES,196.353236,2661.953364,53.4379060000001
316000,4284000,POTTF,18.04462,250000,6.36,86.39,316000 4284000,5.5,Unsuitable,black,YES,196.353236,2661.953364,53.4379060000001
316000,4284000,POTTF,1.64042,250000,6.49,86.4,316000 4284000,0.5,Unsuitable,black,YES,196.353236,2661.953364,53.4379060000001
316000,4284000,POTTF,8.2021,250000,6.44,86.4,316000 4284000,2.5,Unsuitable,black,YES,196.353236,2661.953364,53.4379060000001
316000,4284000,POTTF,14.76378,250000,6.39,86.4,316000 4284000,4.5,Unsuitable,black,YES,196.353236,2661.953364,53.4379060000001
316000,4284000,POTTF,11.48294,250000,6.42,86.39,316000 4284000,3.5,Unsuitable,black,YES,196.353236,2661.953364,53.4379060000001
316000,4284500,POTTF,11.48294,250000,6.42,86.4,316000 4284500,3.5,Unsuitable,black,YES,196.353236,2662.2640495,53.7485915000002
316000,4284500,POTTF,8.2021,250000,6.45,86.4,316000 4284500,2.5,Unsuitable,black,YES,196.353236,2662.2640495,53.7485915000002
316000,4284500,POTTF,1.64042,250000,6.49,86.4,316000 4284500,0.5,Unsuitable,black,YES,196.353236,2662.2640495,53.7485915000002
316000,4284500,POTTF,4.92126,250000,6.47,86.4,316000 4284500,1.5,Unsuitable,black,YES,196.353236,2662.2640495,53.7485915000002
316500,4284000,POTTF,8.2021,250000,6.45,86.4,316500 4284000,2.5,Unsuitable,black,YES,196.6639215,2661.953364,53.4379060000001
316500,4284000,POTTF,1.64042,250000,6.49,86.4,316500 4284000,0.5,Unsuitable,black,YES,196.6639215,2661.953364,53.4379060000001
316500,4284000,POTTF,4.92126,250000,6.47,86.4,316500 4284000,1.5,Unsuitable,black,YES,196.6639215,2661.953364,53.4379060000001
316500,4284000,POTTF,11.48294,250000,6.42,86.4,316500 4284000,3.5,Unsuitable,black,YES,196.6639215,2661.953364,53.4379060000001
316500,4284500,POTTF,21.32546,250000,6.33,86.4,316500 4284500,6.5,Unsuitable,black,YES,196.6639215,2662.2640495,53.7485915000002
316500,4284500,POTTF,18.04462,250000,6.37,86.4,316500 4284500,5.5,Unsuitable,black,YES,196.6639215,2662.2640495,53.7485915000002
316500,4284500,POTTF,14.76378,250000,6.4,86.4,316500 4284500,4.5,Unsuitable,black,YES,196.6639215,2662.2640495,53.7485915000002
316500,4284500,POTTF,24.6063,250000,5.87,86.16,316500 4284500,7.5,Unsuitable,black,YES,196.6639215,2662.2640495,53.7485915000002
316500,4284500,POTTF,1.64042,250000,6.49,86.4,316500 4284500,0.5,Unsuitable,black,YES,196.6639215,2662.2640495,53.7485915000002
316500,4284500,POTTF,8.2021,250000,6.45,86.4,316500 4284500,2.5,Unsuitable,black,YES,196.6639215,2662.2640495,53.7485915000002
316500,4284500,POTTF,11.48294,250000,6.43,86.4,316500 4284500,3.5,Unsuitable,black,YES,196.6639215,2662.2640495,53.7485915000002
316500,4284500,POTTF,4.92126,250000,6.48,86.4,316500 4284500,1.5,Unsuitable,black,YES,196.6639215,2662.2640495,53.7485915000002
317000,4284000,POTTF,11.48294,250000,6.41,86.39,317000 4284000,3.5,Unsuitable,black,YES,196.974607,2661.953364,53.4379060000001
317000,4284000,POTTF,8.2021,250000,6.44,86.4,317000 4284000,2.5,Unsuitable,black,YES,196.974607,2661.953364,53.4379060000001
317000,4284000,POTTF,1.64042,250000,6.48,86.39,317000 4284000,0.5,Unsuitable,black,YES,196.974607,2661.953364,53.4379060000001
317000,4284000,POTTF,4.92126,250000,6.46,86.4,317000 4284000,1.5,Unsuitable,black,YES,196.974607,2661.953364,53.4379060000001
317000,4284500,POTTF,1.64042,250000,6.49,86.4,317000 4284500,0.5,Unsuitable,black,YES,196.974607,2662.2640495,53.7485915000002
317000,4284500,POTTF,14.76378,250000,6.39,86.4,317000 4284500,4.5,Unsuitable,black,YES,196.974607,2662.2640495,53.7485915000002
317000,4284500,POTTF,4.92126,250000,6.47,86.4,317000 4284500,1.5,Unsuitable,black,YES,196.974607,2662.2640495,53.7485915000002
317000,4284500,POTTF,11.48294,250000,6.42,86.4,317000 4284500,3.5,Unsuitable,black,YES,196.974607,2662.2640495,53.7485915000002
317000,4284500,POTTF,18.04462,250000,6.36,86.4,317000 4284500,5.5,Unsuitable,black,YES,196.974607,2662.2640495,53.7485915000002
317000,4284500,POTTF,8.2021,250000,6.44,86.4,317000 4284500,2.5,Unsuitable,black,YES,196.974607,2662.2640495,53.7485915000002
317000,4285000,POTTF,1.64042,250000,6.48,86.4,317000 4285000,0.5,Unsuitable,black,YES,196.974607,2662.574735,54.0592770000003
317000,4285000,POTTF,8.2021,250000,6.44,86.4,317000 4285000,2.5,Unsuitable,black,YES,196.974607,2662.574735,54.0592770000003
317000,4285000,POTTF,4.92126,250000,6.46,86.4,317000 4285000,1.5,Unsuitable,black,YES,196.974607,2662.574735,54.0592770000003
317500,4251500,POTOH,24.6063,250000,3.68,82.71,317500 4251500,7.5,Tolerable,yellow,YES,197.2852925,2641.7588065,33.2433485000001
317500,4251500,POTOH,1.64042,250000,6.46,84.24,317500 4251500,0.5,Marginal,orange,YES,197.2852925,2641.7588065,33.2433485000001
317500,4251500,POTOH,18.04462,250000,5.16,83.72,317500 4251500,5.5,Tolerable,yellow,YES,197.2852925,2641.7588065,33.2433485000001
317500,4251500,POTOH,11.48294,250000,5.3,83.73,317500 4251500,3.5,Tolerable,yellow,YES,197.2852925,2641.7588065,33.2433485000001
317500,4251500,POTOH,4.92126,250000,6.07,84.02,317500 4251500,1.5,Tolerable,yellow,YES,197.2852925,2641.7588065,33.2433485000001
317500,4251500,POTOH,14.76378,250000,5.17,83.66,317500 4251500,4.5,Tolerable,yellow,YES,197.2852925,2641.7588065,33.2433485000001
317500,4251500,POTOH,21.32546,250000,4.71,83.48,317500 4251500,6.5,Tolerable,yellow,YES,197.2852925,2641.7588065,33.2433485000001
317500,4251500,POTOH,31.16798,250000,2.84,81.96,317500 4251500,9.5,Marginal,orange,YES,197.2852925,2641.7588065,33.2433485000001
317500,4251500,POTOH,27.88714,250000,3.06,82.14,317500 4251500,8.5,Tolerable,yellow,YES,197.2852925,2641.7588065,33.2433485000001
317500,4251500,POTOH,8.2021,250000,5.65,83.9,317500 4251500,2.5,Tolerable,yellow,YES,197.2852925,2641.7588065,33.2433485000001
317500,4284500,POTTF,14.76378,250000,6.37,86.39,317500 4284500,4.5,Unsuitable,black,YES,197.2852925,2662.2640495,53.7485915000002
317500,4284500,POTTF,1.64042,250000,6.47,86.39,317500 4284500,0.5,Unsuitable,black,YES,197.2852925,2662.2640495,53.7485915000002
317500,4284500,POTTF,11.48294,250000,6.39,86.39,317500 4284500,3.5,Unsuitable,black,YES,197.2852925,2662.2640495,53.7485915000002
317500,4284500,POTTF,4.92126,250000,6.45,86.4,317500 4284500,1.5,Unsuitable,black,YES,197.2852925,2662.2640495,53.7485915000002
317500,4284500,POTTF,18.04462,250000,6.33,86.39,317500 4284500,5.5,Unsuitable,black,YES,197.2852925,2662.2640495,53.7485915000002
317500,4284500,POTTF,8.2021,250000,6.42,86.39,317500 4284500,2.5,Unsuitable,black,YES,197.2852925,2662.2640495,53.7485915000002
317500,4285000,POTTF,8.2021,250000,6.41,86.39,317500 4285000,2.5,Unsuitable,black,YES,197.2852925,2662.574735,54.0592770000003
317500,4285000,POTTF,4.92126,250000,6.44,86.4,317500 4285000,1.5,Unsuitable,black,YES,197.2852925,2662.574735,54.0592770000003
317500,4285000,POTTF,1.64042,250000,6.46,86.39,317500 4285000,0.5,Unsuitable,black,YES,197.2852925,2662.574735,54.0592770000003
317500,4285000,POTTF,11.48294,250000,6.38,86.39,317500 4285000,3.5,Unsuitable,black,YES,197.2852925,2662.574735,54.0592770000003
317500,4285000,POTTF,14.76378,250000,6.36,86.39,317500 4285000,4.5,Unsuitable,black,YES,197.2852925,2662.574735,54.0592770000003
317500,4285000,POTTF,18.04462,250000,6.33,86.39,317500 4285000,5.5,Unsuitable,black,YES,197.2852925,2662.574735,54.0592770000003
318000,4284500,POTTF,8.2021,250000,6.37,86.39,318000 4284500,2.5,Unsuitable,black,YES,197.595978,2662.2640495,53.7485915000002
318000,4284500,POTTF,1.64042,250000,6.43,86.38,318000 4284500,0.5,Unsuitable,black,YES,197.595978,2662.2640495,53.7485915000002
318000,4284500,POTTF,14.76378,250000,6.32,86.39,318000 4284500,4.5,Unsuitable,black,YES,197.595978,2662.2640495,53.7485915000002
318000,4284500,POTTF,4.92126,250000,6.4,86.4,318000 4284500,1.5,Unsuitable,black,YES,197.595978,2662.2640495,53.7485915000002
318000,4284500,POTTF,11.48294,250000,6.34,86.39,318000 4284500,3.5,Unsuitable,black,YES,197.595978,2662.2640495,53.7485915000002
318000,4284500,POTTF,18.04462,250000,6.29,86.39,318000 4284500,5.5,Unsuitable,black,YES,197.595978,2662.2640495,53.7485915000002
318000,4285000,POTTF,14.76378,250000,6.31,86.39,318000 4285000,4.5,Unsuitable,black,YES,197.595978,2662.574735,54.0592770000003
318000,4285000,POTTF,8.2021,250000,6.36,86.39,318000 4285000,2.5,Unsuitable,black,YES,197.595978,2662.574735,54.0592770000003
318000,4285000,POTTF,4.92126,250000,6.39,86.4,318000 4285000,1.5,Unsuitable,black,YES,197.595978,2662.574735,54.0592770000003
318000,4285000,POTTF,18.04462,250000,6.28,86.39,318000 4285000,5.5,Unsuitable,black,YES,197.595978,2662.574735,54.0592770000003
318000,4285000,POTTF,11.48294,250000,6.33,86.39,318000 4285000,3.5,Unsuitable,black,YES,197.595978,2662.574735,54.0592770000003
318000,4285000,POTTF,21.32546,250000,6.24,86.39,318000 4285000,6.5,Unsuitable,black,YES,197.595978,2662.574735,54.0592770000003
318000,4285000,POTTF,1.64042,250000,6.42,86.38,318000 4285000,0.5,Unsuitable,black,YES,197.595978,2662.574735,54.0592770000003
318500,4252000,POTOH,4.92126,250000,5.83,83.88,318500 4252000,1.5,Tolerable,yellow,YES,197.9066635,2642.069492,33.5540340000002
318500,4252000,POTOH,27.88714,250000,3.01,82.09,318500 4252000,8.5,Tolerable,yellow,YES,197.9066635,2642.069492,33.5540340000002
318500,4252000,POTOH,24.6063,250000,3.58,82.63,318500 4252000,7.5,Tolerable,yellow,YES,197.9066635,2642.069492,33.5540340000002
318500,4252000,POTOH,11.48294,250000,5.06,83.57,318500 4252000,3.5,Tolerable,yellow,YES,197.9066635,2642.069492,33.5540340000002
318500,4252000,POTOH,1.64042,250000,6.24,84.13,318500 4252000,0.5,Tolerable,yellow,YES,197.9066635,2642.069492,33.5540340000002
318500,4252000,POTOH,18.04462,250000,4.97,83.6,318500 4252000,5.5,Tolerable,yellow,YES,197.9066635,2642.069492,33.5540340000002
318500,4252000,POTOH,31.16798,250000,2.79,81.91,318500 4252000,9.5,Marginal,orange,YES,197.9066635,2642.069492,33.5540340000002
318500,4252000,POTOH,21.32546,250000,4.52,83.35,318500 4252000,6.5,Tolerable,yellow,YES,197.9066635,2642.069492,33.5540340000002
318500,4252000,POTOH,41.0105,250000,1.5,80.5,318500 4252000,12.5,Unsuitable,black,YES,197.9066635,2642.069492,33.5540340000002
318500,4252000,POTOH,37.72966,250000,2.25,81.46,318500 4252000,11.5,Marginal,orange,YES,197.9066635,2642.069492,33.5540340000002
318500,4252000,POTOH,8.2021,250000,5.4,83.74,318500 4252000,2.5,Tolerable,yellow,YES,197.9066635,2642.069492,33.5540340000002
318500,4252000,POTOH,34.44882,250000,2.56,81.82,318500 4252000,10.5,Marginal,orange,YES,197.9066635,2642.069492,33.5540340000002
318500,4252000,POTOH,14.76378,250000,4.95,83.52,318500 4252000,4.5,Tolerable,yellow,YES,197.9066635,2642.069492,33.5540340000002
318500,4284500,POTTF,1.64042,250000,6.38,86.37,318500 4284500,0.5,Unsuitable,black,YES,197.9066635,2662.2640495,53.7485915000002
318500,4284500,POTTF,8.2021,250000,6.3,86.39,318500 4284500,2.5,Unsuitable,black,YES,197.9066635,2662.2640495,53.7485915000002
318500,4284500,POTTF,4.92126,250000,6.33,86.4,318500 4284500,1.5,Unsuitable,black,YES,197.9066635,2662.2640495,53.7485915000002
318500,4284500,POTTF,11.48294,250000,6.27,86.39,318500 4284500,3.5,Unsuitable,black,YES,197.9066635,2662.2640495,53.7485915000002
318500,4285000,POTTF,11.48294,250000,6.25,86.39,318500 4285000,3.5,Unsuitable,black,YES,197.9066635,2662.574735,54.0592770000003
318500,4285000,POTTF,8.2021,250000,6.28,86.4,318500 4285000,2.5,Unsuitable,black,YES,197.9066635,2662.574735,54.0592770000003
318500,4285000,POTTF,21.32546,250000,6.17,86.39,318500 4285000,6.5,Unsuitable,black,YES,197.9066635,2662.574735,54.0592770000003
318500,4285000,POTTF,14.76378,250000,6.22,86.4,318500 4285000,4.5,Unsuitable,black,YES,197.9066635,2662.574735,54.0592770000003
318500,4285000,POTTF,18.04462,250000,6.2,86.39,318500 4285000,5.5,Unsuitable,black,YES,197.9066635,2662.574735,54.0592770000003
318500,4285000,POTTF,1.64042,250000,6.36,86.37,318500 4285000,0.5,Unsuitable,black,YES,197.9066635,2662.574735,54.0592770000003
318500,4285000,POTTF,4.92126,250000,6.31,86.4,318500 4285000,1.5,Unsuitable,black,YES,197.9066635,2662.574735,54.0592770000003
318500,4285500,POTTF,8.2021,250000,6.25,86.4,318500 4285500,2.5,Unsuitable,black,YES,197.9066635,2662.8854205,54.3699625000004
318500,4285500,POTTF,1.64042,250000,6.34,86.37,318500 4285500,0.5,Unsuitable,black,YES,197.9066635,2662.8854205,54.3699625000004
318500,4285500,POTTF,11.48294,250000,6.22,86.4,318500 4285500,3.5,Unsuitable,black,YES,197.9066635,2662.8854205,54.3699625000004
318500,4285500,POTTF,4.92126,250000,6.28,86.41,318500 4285500,1.5,Unsuitable,black,YES,197.9066635,2662.8854205,54.3699625000004
318500,4308500,POTTF,14.76378,250000,6.03,86.45,318500 4308500,4.5,Unsuitable,black,YES,197.9066635,2677.1769535,68.6614955
318500,4308500,POTTF,18.04462,250000,6.01,86.45,318500 4308500,5.5,Unsuitable,black,YES,197.9066635,2677.1769535,68.6614955
318500,4308500,POTTF,21.32546,250000,6,86.45,318500 4308500,6.5,Unsuitable,black,YES,197.9066635,2677.1769535,68.6614955
318500,4308500,POTTF,1.64042,250000,6.32,86.31,318500 4308500,0.5,Unsuitable,black,YES,197.9066635,2677.1769535,68.6614955
318500,4308500,POTTF,4.92126,250000,6.1,86.45,318500 4308500,1.5,Unsuitable,black,YES,197.9066635,2677.1769535,68.6614955
318500,4308500,POTTF,11.48294,250000,6.05,86.45,318500 4308500,3.5,Unsuitable,black,YES,197.9066635,2677.1769535,68.6614955
318500,4308500,POTTF,8.2021,250000,6.08,86.45,318500 4308500,2.5,Unsuitable,black,YES,197.9066635,2677.1769535,68.6614955
319000,4285000,POTTF,8.2021,250000,6.18,86.41,319000 4285000,2.5,Unsuitable,black,YES,198.217349,2662.574735,54.0592770000003
319000,4285000,POTTF,1.64042,250000,6.29,86.37,319000 4285000,0.5,Unsuitable,black,YES,198.217349,2662.574735,54.0592770000003
319000,4285000,POTTF,4.92126,250000,6.21,86.41,319000 4285000,1.5,Unsuitable,black,YES,198.217349,2662.574735,54.0592770000003
319000,4285000,POTTF,11.48294,250000,6.15,86.4,319000 4285000,3.5,Unsuitable,black,YES,198.217349,2662.574735,54.0592770000003
319000,4285000,POTTF,14.76378,250000,6.12,86.41,319000 4285000,4.5,Unsuitable,black,YES,198.217349,2662.574735,54.0592770000003
319000,4285000,POTTF,21.32546,250000,6.08,86.4,319000 4285000,6.5,Unsuitable,black,YES,198.217349,2662.574735,54.0592770000003
319000,4285000,POTTF,24.6063,250000,5.75,86.4,319000 4285000,7.5,Unsuitable,black,YES,198.217349,2662.574735,54.0592770000003
319000,4285000,POTTF,18.04462,250000,6.1,86.4,319000 4285000,5.5,Unsuitable,black,YES,198.217349,2662.574735,54.0592770000003
319500,4252500,POTOH,21.32546,250000,4.35,83.24,319500 4252500,6.5,Tolerable,yellow,YES,198.5280345,2642.3801775,33.8647195000003
319500,4252500,POTOH,31.16798,250000,2.74,81.86,319500 4252500,9.5,Marginal,orange,YES,198.5280345,2642.3801775,33.8647195000003
319500,4252500,POTOH,4.92126,250000,5.61,83.75,319500 4252500,1.5,Tolerable,yellow,YES,198.5280345,2642.3801775,33.8647195000003
319500,4252500,POTOH,14.76378,250000,4.75,83.39,319500 4252500,4.5,Tolerable,yellow,YES,198.5280345,2642.3801775,33.8647195000003
319500,4252500,POTOH,18.04462,250000,4.79,83.49,319500 4252500,5.5,Tolerable,yellow,YES,198.5280345,2642.3801775,33.8647195000003
319500,4252500,POTOH,11.48294,250000,4.83,83.43,319500 4252500,3.5,Tolerable,yellow,YES,198.5280345,2642.3801775,33.8647195000003
319500,4252500,POTOH,24.6063,250000,3.5,82.55,319500 4252500,7.5,Tolerable,yellow,YES,198.5280345,2642.3801775,33.8647195000003
319500,4252500,POTOH,8.2021,250000,5.18,83.6,319500 4252500,2.5,Tolerable,yellow,YES,198.5280345,2642.3801775,33.8647195000003
319500,4252500,POTOH,27.88714,250000,2.96,82.04,319500 4252500,8.5,Marginal,orange,YES,198.5280345,2642.3801775,33.8647195000003
319500,4252500,POTOH,37.72966,250000,2.2,81.41,319500 4252500,11.5,Marginal,orange,YES,198.5280345,2642.3801775,33.8647195000003
319500,4252500,POTOH,1.64042,250000,6.04,84.03,319500 4252500,0.5,Tolerable,yellow,YES,198.5280345,2642.3801775,33.8647195000003
319500,4252500,POTOH,34.44882,250000,2.51,81.77,319500 4252500,10.5,Marginal,orange,YES,198.5280345,2642.3801775,33.8647195000003
319500,4285000,POTTF,1.64042,250000,6.21,86.37,319500 4285000,0.5,Unsuitable,black,YES,198.5280345,2662.574735,54.0592770000003
319500,4285000,POTTF,18.04462,250000,5.99,86.42,319500 4285000,5.5,Unsuitable,black,YES,198.5280345,2662.574735,54.0592770000003
319500,4285000,POTTF,14.76378,250000,6.01,86.42,319500 4285000,4.5,Unsuitable,black,YES,198.5280345,2662.574735,54.0592770000003
319500,4285000,POTTF,8.2021,250000,6.07,86.43,319500 4285000,2.5,Unsuitable,black,YES,198.5280345,2662.574735,54.0592770000003
319500,4285000,POTTF,11.48294,250000,6.04,86.42,319500 4285000,3.5,Unsuitable,black,YES,198.5280345,2662.574735,54.0592770000003
319500,4285000,POTTF,24.6063,250000,5.73,86.43,319500 4285000,7.5,Unsuitable,black,YES,198.5280345,2662.574735,54.0592770000003
319500,4285000,POTTF,4.92126,250000,6.1,86.43,319500 4285000,1.5,Unsuitable,black,YES,198.5280345,2662.574735,54.0592770000003
319500,4285000,POTTF,21.32546,250000,5.98,86.42,319500 4285000,6.5,Unsuitable,black,YES,198.5280345,2662.574735,54.0592770000003
319500,4285500,POTTF,8.2021,250000,6.03,86.43,319500 4285500,2.5,Unsuitable,black,YES,198.5280345,2662.8854205,54.3699625000004
319500,4285500,POTTF,1.64042,250000,6.17,86.38,319500 4285500,0.5,Unsuitable,black,YES,198.5280345,2662.8854205,54.3699625000004
319500,4285500,POTTF,4.92126,250000,6.06,86.44,319500 4285500,1.5,Unsuitable,black,YES,198.5280345,2662.8854205,54.3699625000004
320000,4285000,POTTF,11.48294,250000,5.94,86.04,320000 4285000,3.5,Unsuitable,black,YES,198.83872,2662.574735,54.0592770000003
320000,4285000,POTTF,1.64042,250000,6.13,86.38,320000 4285000,0.5,Unsuitable,black,YES,198.83872,2662.574735,54.0592770000003
320000,4285000,POTTF,4.92126,250000,6,86,320000 4285000,1.5,Marginal,orange,YES,198.83872,2662.574735,54.0592770000003
320000,4285000,POTTF,8.2021,250000,5.96,86.01,320000 4285000,2.5,Unsuitable,black,YES,198.83872,2662.574735,54.0592770000003
320000,4285500,POTTF,4.92126,250000,5.96,86.46,320000 4285500,1.5,Unsuitable,black,YES,198.83872,2662.8854205,54.3699625000004
320000,4285500,POTTF,1.64042,250000,6.09,86.39,320000 4285500,0.5,Unsuitable,black,YES,198.83872,2662.8854205,54.3699625000004
320000,4285500,POTTF,8.2021,250000,5.93,86.45,320000 4285500,2.5,Unsuitable,black,YES,198.83872,2662.8854205,54.3699625000004
320000,4285500,POTTF,18.04462,250000,5.86,86.46,320000 4285500,5.5,Unsuitable,black,YES,198.83872,2662.8854205,54.3699625000004
320000,4285500,POTTF,14.76378,250000,5.87,86.46,320000 4285500,4.5,Unsuitable,black,YES,198.83872,2662.8854205,54.3699625000004
320000,4285500,POTTF,11.48294,250000,5.9,86.45,320000 4285500,3.5,Unsuitable,black,YES,198.83872,2662.8854205,54.3699625000004
320000,4308000,POTTF,18.04462,250000,6.01,86.45,320000 4308000,5.5,Unsuitable,black,YES,198.83872,2676.866268,68.3508100000004
320000,4308000,POTTF,1.64042,250000,6.32,86.31,320000 4308000,0.5,Unsuitable,black,YES,198.83872,2676.866268,68.3508100000004
320000,4308000,POTTF,14.76378,250000,6.02,86.45,320000 4308000,4.5,Unsuitable,black,YES,198.83872,2676.866268,68.3508100000004
320000,4308000,POTTF,21.32546,250000,5.99,86.45,320000 4308000,6.5,Unsuitable,black,YES,198.83872,2676.866268,68.3508100000004
320000,4308000,POTTF,4.92126,250000,6.1,86.45,320000 4308000,1.5,Unsuitable,black,YES,198.83872,2676.866268,68.3508100000004
320000,4308000,POTTF,11.48294,250000,6.05,86.45,320000 4308000,3.5,Unsuitable,black,YES,198.83872,2676.866268,68.3508100000004
320000,4308000,POTTF,8.2021,250000,6.07,86.45,320000 4308000,2.5,Unsuitable,black,YES,198.83872,2676.866268,68.3508100000004
320500,4285500,POTTF,18.04462,250000,5.79,86.48,320500 4285500,5.5,Unsuitable,black,YES,199.1494055,2662.8854205,54.3699625000004
320500,4285500,POTTF,8.2021,250000,5.85,86.47,320500 4285500,2.5,Unsuitable,black,YES,199.1494055,2662.8854205,54.3699625000004
320500,4285500,POTTF,21.32546,250000,5.78,86.48,320500 4285500,6.5,Unsuitable,black,YES,199.1494055,2662.8854205,54.3699625000004
320500,4285500,POTTF,11.48294,250000,5.82,86.47,320500 4285500,3.5,Unsuitable,black,YES,199.1494055,2662.8854205,54.3699625000004
320500,4285500,POTTF,1.64042,250000,6.01,86.41,320500 4285500,0.5,Unsuitable,black,YES,199.1494055,2662.8854205,54.3699625000004
320500,4285500,POTTF,4.92126,250000,5.88,86.48,320500 4285500,1.5,Unsuitable,black,YES,199.1494055,2662.8854205,54.3699625000004
320500,4285500,POTTF,24.6063,250000,5.71,86.49,320500 4285500,7.5,Unsuitable,black,YES,199.1494055,2662.8854205,54.3699625000004
320500,4285500,POTTF,27.88714,250000,5.71,86.49,320500 4285500,8.5,Unsuitable,black,YES,199.1494055,2662.8854205,54.3699625000004
320500,4285500,POTTF,31.16798,250000,5.71,86.49,320500 4285500,9.5,Unsuitable,black,YES,199.1494055,2662.8854205,54.3699625000004
320500,4285500,POTTF,14.76378,250000,5.79,86.48,320500 4285500,4.5,Unsuitable,black,YES,199.1494055,2662.8854205,54.3699625000004
320500,4308000,POTTF,1.64042,250000,6.32,86.31,320500 4308000,0.5,Unsuitable,black,YES,199.1494055,2676.866268,68.3508100000004
320500,4308000,POTTF,4.92126,250000,6.1,86.45,320500 4308000,1.5,Unsuitable,black,YES,199.1494055,2676.866268,68.3508100000004
320500,4308000,POTTF,11.48294,250000,6.05,86.45,320500 4308000,3.5,Unsuitable,black,YES,199.1494055,2676.866268,68.3508100000004
320500,4308000,POTTF,14.76378,250000,6.02,86.45,320500 4308000,4.5,Unsuitable,black,YES,199.1494055,2676.866268,68.3508100000004
320500,4308000,POTTF,8.2021,250000,6.07,86.45,320500 4308000,2.5,Unsuitable,black,YES,199.1494055,2676.866268,68.3508100000004
321000,4285500,POTTF,34.44882,250000,5.7,86.49,321000 4285500,10.5,Unsuitable,black,YES,199.460091,2662.8854205,54.3699625000004
321000,4285500,POTTF,11.48294,250000,5.77,86.49,321000 4285500,3.5,Unsuitable,black,YES,199.460091,2662.8854205,54.3699625000004
321000,4285500,POTTF,1.64042,250000,5.94,86.44,321000 4285500,0.5,Unsuitable,black,YES,199.460091,2662.8854205,54.3699625000004
321000,4285500,POTTF,37.72966,250000,5.7,86.49,321000 4285500,11.5,Unsuitable,black,YES,199.460091,2662.8854205,54.3699625000004
321000,4285500,POTTF,18.04462,250000,5.74,86.49,321000 4285500,5.5,Unsuitable,black,YES,199.460091,2662.8854205,54.3699625000004
321000,4285500,POTTF,31.16798,250000,5.7,86.49,321000 4285500,9.5,Unsuitable,black,YES,199.460091,2662.8854205,54.3699625000004
321000,4285500,POTTF,8.2021,250000,5.8,86.49,321000 4285500,2.5,Unsuitable,black,YES,199.460091,2662.8854205,54.3699625000004
321000,4285500,POTTF,27.88714,250000,5.7,86.49,321000 4285500,8.5,Unsuitable,black,YES,199.460091,2662.8854205,54.3699625000004
321000,4285500,POTTF,24.6063,250000,5.7,86.49,321000 4285500,7.5,Unsuitable,black,YES,199.460091,2662.8854205,54.3699625000004
321000,4285500,POTTF,21.32546,250000,5.74,86.49,321000 4285500,6.5,Unsuitable,black,YES,199.460091,2662.8854205,54.3699625000004
321000,4285500,POTTF,41.0105,250000,5.7,86.5,321000 4285500,12.5,Unsuitable,black,YES,199.460091,2662.8854205,54.3699625000004
321000,4285500,POTTF,14.76378,250000,5.74,86.49,321000 4285500,4.5,Unsuitable,black,YES,199.460091,2662.8854205,54.3699625000004
321000,4285500,POTTF,4.92126,250000,5.82,86.49,321000 4285500,1.5,Unsuitable,black,YES,199.460091,2662.8854205,54.3699625000004
321500,4286000,POTTF,1.64042,250000,5.82,86.49,321500 4286000,0.5,Unsuitable,black,YES,199.7707765,2663.196106,54.680648
321500,4286000,POTTF,11.48294,250000,5.73,86.5,321500 4286000,3.5,Unsuitable,black,YES,199.7707765,2663.196106,54.680648
321500,4286000,POTTF,4.92126,250000,5.78,86.5,321500 4286000,1.5,Unsuitable,black,YES,199.7707765,2663.196106,54.680648
321500,4286000,POTTF,18.04462,250000,5.7,86.5,321500 4286000,5.5,Unsuitable,black,YES,199.7707765,2663.196106,54.680648
321500,4286000,POTTF,14.76378,250000,5.71,86.5,321500 4286000,4.5,Unsuitable,black,YES,199.7707765,2663.196106,54.680648
321500,4286000,POTTF,21.32546,250000,5.7,86.5,321500 4286000,6.5,Unsuitable,black,YES,199.7707765,2663.196106,54.680648
321500,4286000,POTTF,8.2021,250000,5.76,86.5,321500 4286000,2.5,Unsuitable,black,YES,199.7707765,2663.196106,54.680648
321500,4306500,POTTF,1.64042,250000,6.32,86.3,321500 4306500,0.5,Unsuitable,black,YES,199.7707765,2675.9342115,67.4187535000001
321500,4307000,POTTF,11.48294,250000,6.04,86.46,321500 4307000,3.5,Unsuitable,black,YES,199.7707765,2676.244897,67.7294390000002
321500,4307000,POTTF,1.64042,250000,6.32,86.3,321500 4307000,0.5,Unsuitable,black,YES,199.7707765,2676.244897,67.7294390000002
321500,4307000,POTTF,14.76378,250000,6.02,86.46,321500 4307000,4.5,Unsuitable,black,YES,199.7707765,2676.244897,67.7294390000002
321500,4307000,POTTF,4.92126,250000,6.09,86.46,321500 4307000,1.5,Unsuitable,black,YES,199.7707765,2676.244897,67.7294390000002
321500,4307000,POTTF,8.2021,250000,6.07,86.46,321500 4307000,2.5,Unsuitable,black,YES,199.7707765,2676.244897,67.7294390000002
321500,4307000,POTTF,18.04462,250000,6,86.46,321500 4307000,5.5,Unsuitable,black,YES,199.7707765,2676.244897,67.7294390000002
321500,4307500,POTTF,27.88714,250000,5.7,86.5,321500 4307500,8.5,Unsuitable,black,YES,199.7707765,2676.5555825,68.0401245000003
321500,4307500,POTTF,18.04462,250000,6,86.45,321500 4307500,5.5,Unsuitable,black,YES,199.7707765,2676.5555825,68.0401245000003
321500,4307500,POTTF,8.2021,250000,6.07,86.45,321500 4307500,2.5,Unsuitable,black,YES,199.7707765,2676.5555825,68.0401245000003
321500,4307500,POTTF,21.32546,250000,5.99,86.45,321500 4307500,6.5,Unsuitable,black,YES,199.7707765,2676.5555825,68.0401245000003
321500,4307500,POTTF,1.64042,250000,6.32,86.3,321500 4307500,0.5,Unsuitable,black,YES,199.7707765,2676.5555825,68.0401245000003
321500,4307500,POTTF,14.76378,250000,6.02,86.45,321500 4307500,4.5,Unsuitable,black,YES,199.7707765,2676.5555825,68.0401245000003
321500,4307500,POTTF,4.92126,250000,6.09,86.45,321500 4307500,1.5,Unsuitable,black,YES,199.7707765,2676.5555825,68.0401245000003
321500,4307500,POTTF,24.6063,250000,5.7,86.5,321500 4307500,7.5,Unsuitable,black,YES,199.7707765,2676.5555825,68.0401245000003
321500,4307500,POTTF,11.48294,250000,6.04,86.45,321500 4307500,3.5,Unsuitable,black,YES,199.7707765,2676.5555825,68.0401245000003
322000,4253500,POTOH,60.69554,250000,1.44,80.4,322000 4253500,18.5,Unsuitable,black,YES,200.081462,2643.0015485,34.4860905000001
322000,4253500,POTOH,18.04462,250000,4.44,83.27,322000 4253500,5.5,Tolerable,yellow,YES,200.081462,2643.0015485,34.4860905000001
322000,4253500,POTOH,21.32546,250000,4.03,83.03,322000 4253500,6.5,Tolerable,yellow,YES,200.081462,2643.0015485,34.4860905000001
322000,4253500,POTOH,57.4147,250000,1.44,80.4,322000 4253500,17.5,Unsuitable,black,YES,200.081462,2643.0015485,34.4860905000001
322000,4253500,POTOH,31.16798,250000,2.64,81.78,322000 4253500,9.5,Marginal,orange,YES,200.081462,2643.0015485,34.4860905000001
322000,4253500,POTOH,27.88714,250000,2.88,81.96,322000 4253500,8.5,Marginal,orange,YES,200.081462,2643.0015485,34.4860905000001
322000,4253500,POTOH,24.6063,250000,3.33,82.41,322000 4253500,7.5,Tolerable,yellow,YES,200.081462,2643.0015485,34.4860905000001
322000,4253500,POTOH,50.85302,250000,1.44,80.4,322000 4253500,15.5,Unsuitable,black,YES,200.081462,2643.0015485,34.4860905000001
322000,4253500,POTOH,47.57218,250000,1.44,80.4,322000 4253500,14.5,Unsuitable,black,YES,200.081462,2643.0015485,34.4860905000001
322000,4253500,POTOH,8.2021,250000,4.74,83.33,322000 4253500,2.5,Tolerable,yellow,YES,200.081462,2643.0015485,34.4860905000001
322000,4253500,POTOH,1.64042,250000,5.64,83.82,322000 4253500,0.5,Tolerable,yellow,YES,200.081462,2643.0015485,34.4860905000001
322000,4253500,POTOH,34.44882,250000,2.41,81.68,322000 4253500,10.5,Marginal,orange,YES,200.081462,2643.0015485,34.4860905000001
322000,4253500,POTOH,11.48294,250000,4.4,83.15,322000 4253500,3.5,Tolerable,yellow,YES,200.081462,2643.0015485,34.4860905000001
322000,4253500,POTOH,41.0105,250000,1.5,80.5,322000 4253500,12.5,Unsuitable,black,YES,200.081462,2643.0015485,34.4860905000001
322000,4253500,POTOH,54.13386,250000,1.44,80.4,322000 4253500,16.5,Unsuitable,black,YES,200.081462,2643.0015485,34.4860905000001
322000,4253500,POTOH,4.92126,250000,5.18,83.5,322000 4253500,1.5,Tolerable,yellow,YES,200.081462,2643.0015485,34.4860905000001
322000,4253500,POTOH,37.72966,250000,2.09,81.31,322000 4253500,11.5,Marginal,orange,YES,200.081462,2643.0015485,34.4860905000001
322000,4253500,POTOH,44.29134,250000,1.5,80.4,322000 4253500,13.5,Unsuitable,black,YES,200.081462,2643.0015485,34.4860905000001
322000,4253500,POTOH,14.76378,250000,4.37,83.14,322000 4253500,4.5,Tolerable,yellow,YES,200.081462,2643.0015485,34.4860905000001
322000,4286000,POTTF,27.88714,250000,5.7,86.5,322000 4286000,8.5,Unsuitable,black,YES,200.081462,2663.196106,54.680648
322000,4286000,POTTF,21.32546,250000,5.7,86.5,322000 4286000,6.5,Unsuitable,black,YES,200.081462,2663.196106,54.680648
322000,4286000,POTTF,11.48294,250000,5.73,86.5,322000 4286000,3.5,Unsuitable,black,YES,200.081462,2663.196106,54.680648
322000,4286000,POTTF,31.16798,250000,5.7,86.5,322000 4286000,9.5,Unsuitable,black,YES,200.081462,2663.196106,54.680648
322000,4286000,POTTF,4.92126,250000,5.78,86.5,322000 4286000,1.5,Unsuitable,black,YES,200.081462,2663.196106,54.680648
322000,4286000,POTTF,24.6063,250000,5.7,86.5,322000 4286000,7.5,Unsuitable,black,YES,200.081462,2663.196106,54.680648
322000,4286000,POTTF,34.44882,250000,5.7,86.44,322000 4286000,10.5,Unsuitable,black,YES,200.081462,2663.196106,54.680648
322000,4286000,POTTF,1.64042,250000,5.81,86.49,322000 4286000,0.5,Unsuitable,black,YES,200.081462,2663.196106,54.680648
322000,4286000,POTTF,18.04462,250000,5.7,86.5,322000 4286000,5.5,Unsuitable,black,YES,200.081462,2663.196106,54.680648
322000,4286000,POTTF,14.76378,250000,5.7,86.5,322000 4286000,4.5,Unsuitable,black,YES,200.081462,2663.196106,54.680648
322000,4286000,POTTF,8.2021,250000,5.75,86.5,322000 4286000,2.5,Unsuitable,black,YES,200.081462,2663.196106,54.680648
322000,4286000,POTTF,37.72966,250000,5.7,86.29,322000 4286000,11.5,Unsuitable,black,YES,200.081462,2663.196106,54.680648
322000,4306000,POTTF,8.2021,250000,6.06,86.46,322000 4306000,2.5,Unsuitable,black,YES,200.081462,2675.623526,67.108068
322000,4306000,POTTF,4.92126,250000,6.09,86.46,322000 4306000,1.5,Unsuitable,black,YES,200.081462,2675.623526,67.108068
322000,4306000,POTTF,1.64042,250000,6.32,86.3,322000 4306000,0.5,Unsuitable,black,YES,200.081462,2675.623526,67.108068
322000,4306000,POTTF,14.76378,250000,6.01,86.46,322000 4306000,4.5,Unsuitable,black,YES,200.081462,2675.623526,67.108068
322000,4306000,POTTF,11.48294,250000,6.04,86.46,322000 4306000,3.5,Unsuitable,black,YES,200.081462,2675.623526,67.108068
322500,4254000,POTOH,11.48294,250000,4.39,83.15,322500 4254000,3.5,Tolerable,yellow,YES,200.3921475,2643.312234,34.7967760000001
322500,4254000,POTOH,4.92126,250000,5.17,83.5,322500 4254000,1.5,Tolerable,yellow,YES,200.3921475,2643.312234,34.7967760000001
322500,4254000,POTOH,1.64042,250000,5.63,83.82,322500 4254000,0.5,Tolerable,yellow,YES,200.3921475,2643.312234,34.7967760000001
322500,4254000,POTOH,8.2021,250000,4.73,83.32,322500 4254000,2.5,Tolerable,yellow,YES,200.3921475,2643.312234,34.7967760000001
322500,4286500,POTTF,57.4147,250000,5.7,86.5,322500 4286500,17.5,Unsuitable,black,YES,200.3921475,2663.5067915,54.9913335000001
322500,4286500,POTTF,4.92126,250000,5.79,86.5,322500 4286500,1.5,Unsuitable,black,YES,200.3921475,2663.5067915,54.9913335000001
322500,4286500,POTTF,41.0105,250000,5.7,86.5,322500 4286500,12.5,Unsuitable,black,YES,200.3921475,2663.5067915,54.9913335000001
322500,4286500,POTTF,1.64042,250000,5.9,86.45,322500 4286500,0.5,Unsuitable,black,YES,200.3921475,2663.5067915,54.9913335000001
322500,4286500,POTTF,63.97638,250000,5.7,86.5,322500 4286500,19.5,Unsuitable,black,YES,200.3921475,2663.5067915,54.9913335000001
322500,4286500,POTTF,47.57218,250000,5.7,86.5,322500 4286500,14.5,Unsuitable,black,YES,200.3921475,2663.5067915,54.9913335000001
322500,4286500,POTTF,21.32546,250000,5.71,86.5,322500 4286500,6.5,Unsuitable,black,YES,200.3921475,2663.5067915,54.9913335000001
322500,4286500,POTTF,60.69554,250000,5.7,86.5,322500 4286500,18.5,Unsuitable,black,YES,200.3921475,2663.5067915,54.9913335000001
322500,4286500,POTTF,24.6063,250000,5.7,86.5,322500 4286500,7.5,Unsuitable,black,YES,200.3921475,2663.5067915,54.9913335000001
322500,4286500,POTTF,54.13386,250000,5.7,86.5,322500 4286500,16.5,Unsuitable,black,YES,200.3921475,2663.5067915,54.9913335000001
322500,4286500,POTTF,11.48294,250000,5.74,86.5,322500 4286500,3.5,Unsuitable,black,YES,200.3921475,2663.5067915,54.9913335000001
322500,4286500,POTTF,8.2021,250000,5.76,86.5,322500 4286500,2.5,Unsuitable,black,YES,200.3921475,2663.5067915,54.9913335000001
322500,4286500,POTTF,37.72966,250000,5.7,86.5,322500 4286500,11.5,Unsuitable,black,YES,200.3921475,2663.5067915,54.9913335000001
322500,4286500,POTTF,14.76378,250000,5.71,86.5,322500 4286500,4.5,Unsuitable,black,YES,200.3921475,2663.5067915,54.9913335000001
322500,4286500,POTTF,44.29134,250000,5.7,86.5,322500 4286500,13.5,Unsuitable,black,YES,200.3921475,2663.5067915,54.9913335000001
322500,4286500,POTTF,27.88714,250000,5.7,86.5,322500 4286500,8.5,Unsuitable,black,YES,200.3921475,2663.5067915,54.9913335000001
322500,4286500,POTTF,31.16798,250000,5.7,86.5,322500 4286500,9.5,Unsuitable,black,YES,200.3921475,2663.5067915,54.9913335000001
322500,4286500,POTTF,18.04462,250000,5.71,86.5,322500 4286500,5.5,Unsuitable,black,YES,200.3921475,2663.5067915,54.9913335000001
322500,4286500,POTTF,50.85302,250000,5.7,86.5,322500 4286500,15.5,Unsuitable,black,YES,200.3921475,2663.5067915,54.9913335000001
322500,4286500,POTTF,34.44882,250000,5.7,86.5,322500 4286500,10.5,Unsuitable,black,YES,200.3921475,2663.5067915,54.9913335000001
322500,4292000,POTTF,4.92126,250000,6.01,86.43,322500 4292000,1.5,Unsuitable,black,YES,200.3921475,2666.924332,58.4088740000002
322500,4292000,POTTF,1.64042,250000,6.26,86.29,322500 4292000,0.5,Unsuitable,black,YES,200.3921475,2666.924332,58.4088740000002
322500,4292000,POTTF,8.2021,250000,5.98,86.43,322500 4292000,2.5,Unsuitable,black,YES,200.3921475,2666.924332,58.4088740000002
322500,4292500,POTTF,4.92126,250000,6.02,86.43,322500 4292500,1.5,Unsuitable,black,YES,200.3921475,2667.2350175,58.7195595000003
322500,4292500,POTTF,1.64042,250000,6.27,86.29,322500 4292500,0.5,Unsuitable,black,YES,200.3921475,2667.2350175,58.7195595000003
322500,4292500,POTTF,8.2021,250000,6,86.43,322500 4292500,2.5,Unsuitable,black,YES,200.3921475,2667.2350175,58.7195595000003
322500,4293000,POTTF,8.2021,250000,6.01,86.42,322500 4293000,2.5,Unsuitable,black,YES,200.3921475,2667.545703,59.0302450000004
322500,4293000,POTTF,14.76378,250000,5.96,86.4,322500 4293000,4.5,Unsuitable,black,YES,200.3921475,2667.545703,59.0302450000004
322500,4293000,POTTF,4.92126,250000,6.04,86.42,322500 4293000,1.5,Unsuitable,black,YES,200.3921475,2667.545703,59.0302450000004
322500,4293000,POTTF,11.48294,250000,5.99,86.41,322500 4293000,3.5,Unsuitable,black,YES,200.3921475,2667.545703,59.0302450000004
322500,4293000,POTTF,1.64042,250000,6.28,86.29,322500 4293000,0.5,Unsuitable,black,YES,200.3921475,2667.545703,59.0302450000004
322500,4293500,POTTF,8.2021,250000,6.02,86.42,322500 4293500,2.5,Unsuitable,black,YES,200.3921475,2667.8563885,59.3409305
322500,4293500,POTTF,11.48294,250000,6,86.4,322500 4293500,3.5,Unsuitable,black,YES,200.3921475,2667.8563885,59.3409305
322500,4293500,POTTF,4.92126,250000,6.05,86.42,322500 4293500,1.5,Unsuitable,black,YES,200.3921475,2667.8563885,59.3409305
322500,4293500,POTTF,1.64042,250000,6.29,86.28,322500 4293500,0.5,Unsuitable,black,YES,200.3921475,2667.8563885,59.3409305
322500,4294000,POTTF,1.64042,250000,6.3,86.28,322500 4294000,0.5,Unsuitable,black,YES,200.3921475,2668.167074,59.6516160000001
322500,4305500,POTTF,1.64042,250000,6.32,86.3,322500 4305500,0.5,Unsuitable,black,YES,200.3921475,2675.3128405,66.7973825000004
322500,4305500,POTTF,8.2021,250000,6.06,86.46,322500 4305500,2.5,Unsuitable,black,YES,200.3921475,2675.3128405,66.7973825000004
322500,4305500,POTTF,4.92126,250000,6.08,86.46,322500 4305500,1.5,Unsuitable,black,YES,200.3921475,2675.3128405,66.7973825000004
323000,4254500,POTOH,8.2021,250000,4.73,83.33,323000 4254500,2.5,Tolerable,yellow,YES,200.702833,2643.6229195,35.1074615000002
323000,4254500,POTOH,1.64042,250000,5.64,83.83,323000 4254500,0.5,Tolerable,yellow,YES,200.702833,2643.6229195,35.1074615000002
323000,4254500,POTOH,4.92126,250000,5.18,83.5,323000 4254500,1.5,Tolerable,yellow,YES,200.702833,2643.6229195,35.1074615000002
323000,4257000,POTOH,8.2021,250000,5.14,83.6,323000 4257000,2.5,Tolerable,yellow,YES,200.702833,2645.176347,36.6608890000002
323000,4257000,POTOH,1.64042,250000,6.06,84.08,323000 4257000,0.5,Tolerable,yellow,YES,200.702833,2645.176347,36.6608890000002
323000,4257000,POTOH,4.92126,250000,5.6,83.78,323000 4257000,1.5,Tolerable,yellow,YES,200.702833,2645.176347,36.6608890000002
323000,4257500,POTOH,1.64042,250000,6.14,84.13,323000 4257500,0.5,Tolerable,yellow,YES,200.702833,2645.4870325,36.9715745000003
323000,4257500,POTOH,4.92126,250000,5.68,83.83,323000 4257500,1.5,Tolerable,yellow,YES,200.702833,2645.4870325,36.9715745000003
323000,4257500,POTOH,8.2021,250000,5.22,83.65,323000 4257500,2.5,Tolerable,yellow,YES,200.702833,2645.4870325,36.9715745000003
323000,4258000,POTOH,8.2021,250000,5.15,83.87,323000 4258000,2.5,Tolerable,yellow,YES,200.702833,2645.797718,37.2822600000004
323000,4258000,POTOH,4.92126,250000,5.55,84.04,323000 4258000,1.5,Tolerable,yellow,YES,200.702833,2645.797718,37.2822600000004
323000,4258000,POTOH,1.64042,250000,5.96,84.34,323000 4258000,0.5,Marginal,orange,YES,200.702833,2645.797718,37.2822600000004
323000,4287000,POTTF,4.92126,250000,5.81,86.49,323000 4287000,1.5,Unsuitable,black,YES,200.702833,2663.817477,55.3020190000002
323000,4287000,POTTF,1.64042,250000,6.09,86.35,323000 4287000,0.5,Unsuitable,black,YES,200.702833,2663.817477,55.3020190000002
323000,4287000,POTTF,18.04462,250000,5.73,86.49,323000 4287000,5.5,Unsuitable,black,YES,200.702833,2663.817477,55.3020190000002
323000,4287000,POTTF,24.6063,250000,5.7,86.49,323000 4287000,7.5,Unsuitable,black,YES,200.702833,2663.817477,55.3020190000002
323000,4287000,POTTF,11.48294,250000,5.76,86.48,323000 4287000,3.5,Unsuitable,black,YES,200.702833,2663.817477,55.3020190000002
323000,4287000,POTTF,14.76378,250000,5.73,86.49,323000 4287000,4.5,Unsuitable,black,YES,200.702833,2663.817477,55.3020190000002
323000,4287000,POTTF,8.2021,250000,5.79,86.49,323000 4287000,2.5,Unsuitable,black,YES,200.702833,2663.817477,55.3020190000002
323000,4287000,POTTF,31.16798,250000,5.7,86.49,323000 4287000,9.5,Unsuitable,black,YES,200.702833,2663.817477,55.3020190000002
323000,4287000,POTTF,21.32546,250000,5.73,86.49,323000 4287000,6.5,Unsuitable,black,YES,200.702833,2663.817477,55.3020190000002
323000,4287000,POTTF,27.88714,250000,5.7,86.49,323000 4287000,8.5,Unsuitable,black,YES,200.702833,2663.817477,55.3020190000002
323000,4287500,POTTF,8.2021,250000,5.8,86.48,323000 4287500,2.5,Unsuitable,black,YES,200.702833,2664.1281625,55.6127045000003
323000,4287500,POTTF,11.48294,250000,5.78,86.48,323000 4287500,3.5,Unsuitable,black,YES,200.702833,2664.1281625,55.6127045000003
323000,4287500,POTTF,4.92126,250000,5.83,86.48,323000 4287500,1.5,Unsuitable,black,YES,200.702833,2664.1281625,55.6127045000003
323000,4287500,POTTF,18.04462,250000,5.74,86.48,323000 4287500,5.5,Unsuitable,black,YES,200.702833,2664.1281625,55.6127045000003
323000,4287500,POTTF,21.32546,250000,5.74,86.48,323000 4287500,6.5,Unsuitable,black,YES,200.702833,2664.1281625,55.6127045000003
323000,4287500,POTTF,14.76378,250000,5.75,86.49,323000 4287500,4.5,Unsuitable,black,YES,200.702833,2664.1281625,55.6127045000003
323000,4287500,POTTF,1.64042,250000,6.11,86.34,323000 4287500,0.5,Unsuitable,black,YES,200.702833,2664.1281625,55.6127045000003
323000,4288000,POTTF,4.92126,250000,5.85,86.48,323000 4288000,1.5,Unsuitable,black,YES,200.702833,2664.438848,55.9233900000004
323000,4288000,POTTF,1.64042,250000,6.14,86.33,323000 4288000,0.5,Unsuitable,black,YES,200.702833,2664.438848,55.9233900000004
323000,4288500,POTTF,8.2021,250000,5.85,86.46,323000 4288500,2.5,Unsuitable,black,YES,200.702833,2664.7495335,56.2340755
323000,4288500,POTTF,14.76378,250000,5.79,86.47,323000 4288500,4.5,Unsuitable,black,YES,200.702833,2664.7495335,56.2340755
323000,4288500,POTTF,11.48294,250000,5.82,86.46,323000 4288500,3.5,Unsuitable,black,YES,200.702833,2664.7495335,56.2340755
323000,4288500,POTTF,4.92126,250000,5.88,86.47,323000 4288500,1.5,Unsuitable,black,YES,200.702833,2664.7495335,56.2340755
323000,4288500,POTTF,1.64042,250000,6.16,86.32,323000 4288500,0.5,Unsuitable,black,YES,200.702833,2664.7495335,56.2340755
323000,4289000,POTTF,1.64042,250000,6.18,86.32,323000 4289000,0.5,Unsuitable,black,YES,200.702833,2665.060219,56.5447610000001
323000,4289000,POTTF,11.48294,250000,5.84,86.45,323000 4289000,3.5,Unsuitable,black,YES,200.702833,2665.060219,56.5447610000001
323000,4289000,POTTF,8.2021,250000,5.87,86.45,323000 4289000,2.5,Unsuitable,black,YES,200.702833,2665.060219,56.5447610000001
323000,4289000,POTTF,4.92126,250000,5.91,86.46,323000 4289000,1.5,Unsuitable,black,YES,200.702833,2665.060219,56.5447610000001
323000,4289000,POTTF,21.32546,250000,5.79,86.46,323000 4289000,6.5,Unsuitable,black,YES,200.702833,2665.060219,56.5447610000001
323000,4289000,POTTF,14.76378,250000,5.81,86.46,323000 4289000,4.5,Unsuitable,black,YES,200.702833,2665.060219,56.5447610000001
323000,4289000,POTTF,24.6063,250000,5.72,86.47,323000 4289000,7.5,Unsuitable,black,YES,200.702833,2665.060219,56.5447610000001
323000,4289000,POTTF,18.04462,250000,5.8,86.46,323000 4289000,5.5,Unsuitable,black,YES,200.702833,2665.060219,56.5447610000001
323000,4289500,POTTF,31.16798,250000,5.72,86.46,323000 4289500,9.5,Unsuitable,black,YES,200.702833,2665.3709045,56.8554465000002
323000,4289500,POTTF,8.2021,250000,5.9,86.44,323000 4289500,2.5,Unsuitable,black,YES,200.702833,2665.3709045,56.8554465000002
323000,4289500,POTTF,14.76378,250000,5.83,86.46,323000 4289500,4.5,Unsuitable,black,YES,200.702833,2665.3709045,56.8554465000002
323000,4289500,POTTF,21.32546,250000,5.81,86.45,323000 4289500,6.5,Unsuitable,black,YES,200.702833,2665.3709045,56.8554465000002
323000,4289500,POTTF,1.64042,250000,6.2,86.31,323000 4289500,0.5,Unsuitable,black,YES,200.702833,2665.3709045,56.8554465000002
323000,4289500,POTTF,4.92126,250000,5.93,86.45,323000 4289500,1.5,Unsuitable,black,YES,200.702833,2665.3709045,56.8554465000002
323000,4289500,POTTF,27.88714,250000,5.72,86.46,323000 4289500,8.5,Unsuitable,black,YES,200.702833,2665.3709045,56.8554465000002
323000,4289500,POTTF,11.48294,250000,5.86,86.43,323000 4289500,3.5,Unsuitable,black,YES,200.702833,2665.3709045,56.8554465000002
323000,4289500,POTTF,18.04462,250000,5.82,86.45,323000 4289500,5.5,Unsuitable,black,YES,200.702833,2665.3709045,56.8554465000002
323000,4289500,POTTF,24.6063,250000,5.72,86.46,323000 4289500,7.5,Unsuitable,black,YES,200.702833,2665.3709045,56.8554465000002
323000,4289500,POTTF,34.44882,250000,5.72,86.46,323000 4289500,10.5,Unsuitable,black,YES,200.702833,2665.3709045,56.8554465000002
323000,4290000,POTTF,1.64042,250000,6.22,86.3,323000 4290000,0.5,Unsuitable,black,YES,200.702833,2665.68159,57.1661320000003
323000,4290000,POTTF,4.92126,250000,5.96,86.44,323000 4290000,1.5,Unsuitable,black,YES,200.702833,2665.68159,57.1661320000003
323000,4290000,POTTF,27.88714,250000,5.73,86.45,323000 4290000,8.5,Unsuitable,black,YES,200.702833,2665.68159,57.1661320000003
323000,4290000,POTTF,8.2021,250000,5.92,86.43,323000 4290000,2.5,Unsuitable,black,YES,200.702833,2665.68159,57.1661320000003
323000,4290000,POTTF,18.04462,250000,5.84,86.44,323000 4290000,5.5,Unsuitable,black,YES,200.702833,2665.68159,57.1661320000003
323000,4290000,POTTF,11.48294,250000,5.89,86.42,323000 4290000,3.5,Unsuitable,black,YES,200.702833,2665.68159,57.1661320000003
323000,4290000,POTTF,14.76378,250000,5.85,86.45,323000 4290000,4.5,Unsuitable,black,YES,200.702833,2665.68159,57.1661320000003
323000,4290000,POTTF,21.32546,250000,5.83,86.44,323000 4290000,6.5,Unsuitable,black,YES,200.702833,2665.68159,57.1661320000003
323000,4290000,POTTF,24.6063,250000,5.73,86.45,323000 4290000,7.5,Unsuitable,black,YES,200.702833,2665.68159,57.1661320000003
323000,4290000,POTTF,31.16798,250000,5.73,86.45,323000 4290000,9.5,Unsuitable,black,YES,200.702833,2665.68159,57.1661320000003
323000,4290500,POTTF,14.76378,250000,5.87,86.44,323000 4290500,4.5,Unsuitable,black,YES,200.702833,2665.9922755,57.4768175000004
323000,4290500,POTTF,11.48294,250000,5.91,86.41,323000 4290500,3.5,Unsuitable,black,YES,200.702833,2665.9922755,57.4768175000004
323000,4290500,POTTF,4.92126,250000,5.99,86.43,323000 4290500,1.5,Unsuitable,black,YES,200.702833,2665.9922755,57.4768175000004
323000,4290500,POTTF,24.6063,250000,5.74,86.44,323000 4290500,7.5,Unsuitable,black,YES,200.702833,2665.9922755,57.4768175000004
323000,4290500,POTTF,18.04462,250000,5.86,86.44,323000 4290500,5.5,Unsuitable,black,YES,200.702833,2665.9922755,57.4768175000004
323000,4290500,POTTF,8.2021,250000,5.94,86.42,323000 4290500,2.5,Unsuitable,black,YES,200.702833,2665.9922755,57.4768175000004
323000,4290500,POTTF,21.32546,250000,5.85,86.43,323000 4290500,6.5,Unsuitable,black,YES,200.702833,2665.9922755,57.4768175000004
323000,4290500,POTTF,1.64042,250000,6.23,86.3,323000 4290500,0.5,Unsuitable,black,YES,200.702833,2665.9922755,57.4768175000004
323000,4290500,POTTF,27.88714,250000,5.74,86.44,323000 4290500,8.5,Unsuitable,black,YES,200.702833,2665.9922755,57.4768175000004
323000,4291000,POTTF,18.04462,250000,5.88,86.43,323000 4291000,5.5,Unsuitable,black,YES,200.702833,2666.302961,57.787503
323000,4291000,POTTF,11.48294,250000,5.93,86.4,323000 4291000,3.5,Unsuitable,black,YES,200.702833,2666.302961,57.787503
323000,4291000,POTTF,1.64042,250000,6.25,86.3,323000 4291000,0.5,Unsuitable,black,YES,200.702833,2666.302961,57.787503
323000,4291000,POTTF,21.32546,250000,5.87,86.42,323000 4291000,6.5,Unsuitable,black,YES,200.702833,2666.302961,57.787503
323000,4291000,POTTF,8.2021,250000,5.96,86.41,323000 4291000,2.5,Unsuitable,black,YES,200.702833,2666.302961,57.787503
323000,4291000,POTTF,14.76378,250000,5.89,86.43,323000 4291000,4.5,Unsuitable,black,YES,200.702833,2666.302961,57.787503
323000,4291000,POTTF,24.6063,250000,5.74,86.43,323000 4291000,7.5,Unsuitable,black,YES,200.702833,2666.302961,57.787503
323000,4291000,POTTF,4.92126,250000,6.01,86.42,323000 4291000,1.5,Unsuitable,black,YES,200.702833,2666.302961,57.787503
323000,4291500,POTTF,18.04462,250000,5.9,86.42,323000 4291500,5.5,Unsuitable,black,YES,200.702833,2666.6136465,58.0981885000001
323000,4291500,POTTF,14.76378,250000,5.91,86.43,323000 4291500,4.5,Unsuitable,black,YES,200.702833,2666.6136465,58.0981885000001
323000,4291500,POTTF,8.2021,250000,5.96,86.44,323000 4291500,2.5,Unsuitable,black,YES,200.702833,2666.6136465,58.0981885000001
323000,4291500,POTTF,1.64042,250000,6.26,86.29,323000 4291500,0.5,Unsuitable,black,YES,200.702833,2666.6136465,58.0981885000001
323000,4291500,POTTF,4.92126,250000,5.99,86.44,323000 4291500,1.5,Unsuitable,black,YES,200.702833,2666.6136465,58.0981885000001
323000,4291500,POTTF,11.48294,250000,5.94,86.43,323000 4291500,3.5,Unsuitable,black,YES,200.702833,2666.6136465,58.0981885000001
323000,4295000,POTTF,11.48294,250000,6.03,86.39,323000 4295000,3.5,Unsuitable,black,YES,200.702833,2668.788445,60.2729870000003
323000,4295000,POTTF,21.32546,250000,5.96,86.36,323000 4295000,6.5,Unsuitable,black,YES,200.702833,2668.788445,60.2729870000003
323000,4295000,POTTF,4.92126,250000,6.08,86.41,323000 4295000,1.5,Unsuitable,black,YES,200.702833,2668.788445,60.2729870000003
323000,4295000,POTTF,8.2021,250000,6.05,86.41,323000 4295000,2.5,Unsuitable,black,YES,200.702833,2668.788445,60.2729870000003
323000,4295000,POTTF,1.64042,250000,6.31,86.27,323000 4295000,0.5,Unsuitable,black,YES,200.702833,2668.788445,60.2729870000003
323000,4295000,POTTF,18.04462,250000,5.98,86.37,323000 4295000,5.5,Unsuitable,black,YES,200.702833,2668.788445,60.2729870000003
323000,4295000,POTTF,14.76378,250000,6,86.38,323000 4295000,4.5,Unsuitable,black,YES,200.702833,2668.788445,60.2729870000003
323000,4295500,POTTF,11.48294,250000,6.04,86.38,323000 4295500,3.5,Unsuitable,black,YES,200.702833,2669.0991305,60.5836725000004
323000,4295500,POTTF,24.6063,250000,5.8,86.33,323000 4295500,7.5,Unsuitable,black,YES,200.702833,2669.0991305,60.5836725000004
323000,4295500,POTTF,8.2021,250000,6.06,86.4,323000 4295500,2.5,Unsuitable,black,YES,200.702833,2669.0991305,60.5836725000004
323000,4295500,POTTF,27.88714,250000,5.8,86.33,323000 4295500,8.5,Unsuitable,black,YES,200.702833,2669.0991305,60.5836725000004
323000,4295500,POTTF,4.92126,250000,6.09,86.4,323000 4295500,1.5,Unsuitable,black,YES,200.702833,2669.0991305,60.5836725000004
323000,4295500,POTTF,1.64042,250000,6.32,86.27,323000 4295500,0.5,Unsuitable,black,YES,200.702833,2669.0991305,60.5836725000004
323000,4295500,POTTF,18.04462,250000,5.99,86.36,323000 4295500,5.5,Unsuitable,black,YES,200.702833,2669.0991305,60.5836725000004
323000,4295500,POTTF,21.32546,250000,5.97,86.36,323000 4295500,6.5,Unsuitable,black,YES,200.702833,2669.0991305,60.5836725000004
323000,4295500,POTTF,14.76378,250000,6.01,86.37,323000 4295500,4.5,Unsuitable,black,YES,200.702833,2669.0991305,60.5836725000004
323000,4296000,POTTF,14.76378,250000,6.02,86.37,323000 4296000,4.5,Unsuitable,black,YES,200.702833,2669.409816,60.894358
323000,4296000,POTTF,1.64042,250000,6.32,86.27,323000 4296000,0.5,Unsuitable,black,YES,200.702833,2669.409816,60.894358
323000,4296000,POTTF,8.2021,250000,6.07,86.4,323000 4296000,2.5,Unsuitable,black,YES,200.702833,2669.409816,60.894358
323000,4296000,POTTF,24.6063,250000,5.8,86.32,323000 4296000,7.5,Unsuitable,black,YES,200.702833,2669.409816,60.894358
323000,4296000,POTTF,4.92126,250000,6.1,86.4,323000 4296000,1.5,Unsuitable,black,YES,200.702833,2669.409816,60.894358
323000,4296000,POTTF,18.04462,250000,6,86.36,323000 4296000,5.5,Unsuitable,black,YES,200.702833,2669.409816,60.894358
323000,4296000,POTTF,11.48294,250000,6.04,86.38,323000 4296000,3.5,Unsuitable,black,YES,200.702833,2669.409816,60.894358
323000,4296000,POTTF,21.32546,250000,5.98,86.35,323000 4296000,6.5,Unsuitable,black,YES,200.702833,2669.409816,60.894358
323000,4296500,POTTF,11.48294,250000,6.05,86.37,323000 4296500,3.5,Unsuitable,black,YES,200.702833,2669.7205015,61.2050435000001
323000,4296500,POTTF,1.64042,250000,6.33,86.27,323000 4296500,0.5,Unsuitable,black,YES,200.702833,2669.7205015,61.2050435000001
323000,4296500,POTTF,14.76378,250000,6.02,86.36,323000 4296500,4.5,Unsuitable,black,YES,200.702833,2669.7205015,61.2050435000001
323000,4296500,POTTF,8.2021,250000,6.08,86.39,323000 4296500,2.5,Unsuitable,black,YES,200.702833,2669.7205015,61.2050435000001
323000,4296500,POTTF,4.92126,250000,6.11,86.39,323000 4296500,1.5,Unsuitable,black,YES,200.702833,2669.7205015,61.2050435000001
323000,4296500,POTTF,18.04462,250000,6,86.35,323000 4296500,5.5,Unsuitable,black,YES,200.702833,2669.7205015,61.2050435000001
323000,4296500,POTTF,21.32546,250000,5.98,86.34,323000 4296500,6.5,Unsuitable,black,YES,200.702833,2669.7205015,61.2050435000001
323000,4297000,POTTF,1.64042,250000,6.33,86.27,323000 4297000,0.5,Unsuitable,black,YES,200.702833,2670.031187,61.5157290000002
323000,4297000,POTTF,4.92126,250000,6.11,86.39,323000 4297000,1.5,Unsuitable,black,YES,200.702833,2670.031187,61.5157290000002
323000,4297000,POTTF,8.2021,250000,6.09,86.39,323000 4297000,2.5,Unsuitable,black,YES,200.702833,2670.031187,61.5157290000002
323000,4297000,POTTF,11.48294,250000,6.06,86.37,323000 4297000,3.5,Unsuitable,black,YES,200.702833,2670.031187,61.5157290000002
323000,4304500,POTTF,1.64042,250000,6.32,86.3,323000 4304500,0.5,Unsuitable,black,YES,200.702833,2674.6914695,66.1760115000002
323000,4304500,POTTF,8.2021,250000,6.05,86.46,323000 4304500,2.5,Unsuitable,black,YES,200.702833,2674.6914695,66.1760115000002
323000,4304500,POTTF,4.92126,250000,6.08,86.46,323000 4304500,1.5,Unsuitable,black,YES,200.702833,2674.6914695,66.1760115000002
323000,4305000,POTTF,1.64042,250000,6.32,86.3,323000 4305000,0.5,Unsuitable,black,YES,200.702833,2675.002155,66.4866970000003
323000,4305000,POTTF,4.92126,250000,6.08,86.46,323000 4305000,1.5,Unsuitable,black,YES,200.702833,2675.002155,66.4866970000003
323000,4305000,POTTF,8.2021,250000,6.06,86.46,323000 4305000,2.5,Unsuitable,black,YES,200.702833,2675.002155,66.4866970000003
323500,4253000,POTOH,50.85302,250000,1.44,80.4,323500 4253000,15.5,Unsuitable,black,YES,201.0135185,2642.690863,34.1754050000004
323500,4253000,POTOH,11.48294,250000,4.09,82.94,323500 4253000,3.5,Tolerable,yellow,YES,201.0135185,2642.690863,34.1754050000004
323500,4253000,POTOH,1.64042,250000,5.33,83.65,323500 4253000,0.5,Tolerable,yellow,YES,201.0135185,2642.690863,34.1754050000004
323500,4253000,POTOH,27.88714,250000,2.6,81.7,323500 4253000,8.5,Marginal,orange,YES,201.0135185,2642.690863,34.1754050000004
323500,4253000,POTOH,34.44882,250000,2.1,81.4,323500 4253000,10.5,Marginal,orange,YES,201.0135185,2642.690863,34.1754050000004
323500,4253000,POTOH,8.2021,250000,4.41,83.12,323500 4253000,2.5,Tolerable,yellow,YES,201.0135185,2642.690863,34.1754050000004
323500,4253000,POTOH,4.92126,250000,4.86,83.3,323500 4253000,1.5,Tolerable,yellow,YES,201.0135185,2642.690863,34.1754050000004
323500,4253000,POTOH,41.0105,250000,1.5,80.5,323500 4253000,12.5,Unsuitable,black,YES,201.0135185,2642.690863,34.1754050000004
323500,4253000,POTOH,54.13386,250000,1.44,80.4,323500 4253000,16.5,Unsuitable,black,YES,201.0135185,2642.690863,34.1754050000004
323500,4253000,POTOH,47.57218,250000,1.44,80.4,323500 4253000,14.5,Unsuitable,black,YES,201.0135185,2642.690863,34.1754050000004
323500,4253000,POTOH,14.76378,250000,4,82.89,323500 4253000,4.5,Tolerable,yellow,YES,201.0135185,2642.690863,34.1754050000004
323500,4253000,POTOH,21.32546,250000,3.57,82.67,323500 4253000,6.5,Tolerable,yellow,YES,201.0135185,2642.690863,34.1754050000004
323500,4253000,POTOH,18.04462,250000,4.11,83.05,323500 4253000,5.5,Tolerable,yellow,YES,201.0135185,2642.690863,34.1754050000004
323500,4253000,POTOH,44.29134,250000,1.5,80.4,323500 4253000,13.5,Unsuitable,black,YES,201.0135185,2642.690863,34.1754050000004
323500,4253000,POTOH,24.6063,250000,2.85,82,323500 4253000,7.5,Marginal,orange,YES,201.0135185,2642.690863,34.1754050000004
323500,4253000,POTOH,31.16798,250000,2.35,81.5,323500 4253000,9.5,Marginal,orange,YES,201.0135185,2642.690863,34.1754050000004
323500,4253000,POTOH,37.72966,250000,1.75,81,323500 4253000,11.5,Unsuitable,black,YES,201.0135185,2642.690863,34.1754050000004
323500,4253000,POTOH,57.4147,250000,1.44,80.4,323500 4253000,17.5,Unsuitable,black,YES,201.0135185,2642.690863,34.1754050000004
323500,4256500,POTOH,8.2021,250000,5,83.51,323500 4256500,2.5,Tolerable,yellow,YES,201.0135185,2644.8656615,36.3502035000001
323500,4256500,POTOH,1.64042,250000,5.92,84,323500 4256500,0.5,Tolerable,yellow,YES,201.0135185,2644.8656615,36.3502035000001
323500,4256500,POTOH,4.92126,250000,5.46,83.68,323500 4256500,1.5,Tolerable,yellow,YES,201.0135185,2644.8656615,36.3502035000001
323500,4297500,POTTF,1.64042,250000,6.3,86.3,323500 4297500,0.5,Unsuitable,black,YES,201.0135185,2670.3418725,61.8264145000003
323500,4297500,POTTF,4.92126,250000,6.04,86.46,323500 4297500,1.5,Unsuitable,black,YES,201.0135185,2670.3418725,61.8264145000003
323500,4298000,POTTF,18.04462,250000,5.95,86.46,323500 4298000,5.5,Unsuitable,black,YES,201.0135185,2670.652558,62.1371000000004
323500,4298000,POTTF,4.92126,250000,6.04,86.46,323500 4298000,1.5,Unsuitable,black,YES,201.0135185,2670.652558,62.1371000000004
323500,4298000,POTTF,8.2021,250000,6.02,86.46,323500 4298000,2.5,Unsuitable,black,YES,201.0135185,2670.652558,62.1371000000004
323500,4298000,POTTF,11.48294,250000,5.99,86.46,323500 4298000,3.5,Unsuitable,black,YES,201.0135185,2670.652558,62.1371000000004
323500,4298000,POTTF,1.64042,250000,6.3,86.3,323500 4298000,0.5,Unsuitable,black,YES,201.0135185,2670.652558,62.1371000000004
323500,4298000,POTTF,14.76378,250000,5.97,86.46,323500 4298000,4.5,Unsuitable,black,YES,201.0135185,2670.652558,62.1371000000004
323500,4298500,POTTF,1.64042,250000,6.3,86.3,323500 4298500,0.5,Unsuitable,black,YES,201.0135185,2670.9632435,62.4477855
323500,4298500,POTTF,14.76378,250000,5.97,86.46,323500 4298500,4.5,Unsuitable,black,YES,201.0135185,2670.9632435,62.4477855
323500,4298500,POTTF,4.92126,250000,6.05,86.46,323500 4298500,1.5,Unsuitable,black,YES,201.0135185,2670.9632435,62.4477855
323500,4298500,POTTF,24.6063,250000,5.7,86.5,323500 4298500,7.5,Unsuitable,black,YES,201.0135185,2670.9632435,62.4477855
323500,4298500,POTTF,21.32546,250000,5.94,86.46,323500 4298500,6.5,Unsuitable,black,YES,201.0135185,2670.9632435,62.4477855
323500,4298500,POTTF,11.48294,250000,6,86.46,323500 4298500,3.5,Unsuitable,black,YES,201.0135185,2670.9632435,62.4477855
323500,4298500,POTTF,8.2021,250000,6.02,86.46,323500 4298500,2.5,Unsuitable,black,YES,201.0135185,2670.9632435,62.4477855
323500,4298500,POTTF,18.04462,250000,5.96,86.46,323500 4298500,5.5,Unsuitable,black,YES,201.0135185,2670.9632435,62.4477855
323500,4299000,POTTF,1.64042,250000,6.3,86.3,323500 4299000,0.5,Unsuitable,black,YES,201.0135185,2671.273929,62.7584710000001
323500,4299000,POTTF,8.2021,250000,6.03,86.46,323500 4299000,2.5,Unsuitable,black,YES,201.0135185,2671.273929,62.7584710000001
323500,4299000,POTTF,11.48294,250000,6,86.46,323500 4299000,3.5,Unsuitable,black,YES,201.0135185,2671.273929,62.7584710000001
323500,4299000,POTTF,14.76378,250000,5.98,86.46,323500 4299000,4.5,Unsuitable,black,YES,201.0135185,2671.273929,62.7584710000001
323500,4299000,POTTF,4.92126,250000,6.05,86.46,323500 4299000,1.5,Unsuitable,black,YES,201.0135185,2671.273929,62.7584710000001
324000,4255000,POTOH,4.92126,250000,5.14,83.48,324000 4255000,1.5,Tolerable,yellow,YES,201.324204,2643.933605,35.4181470000003
324000,4255000,POTOH,8.2021,250000,4.69,83.3,324000 4255000,2.5,Tolerable,yellow,YES,201.324204,2643.933605,35.4181470000003
324000,4255000,POTOH,1.64042,250000,5.61,83.81,324000 4255000,0.5,Tolerable,yellow,YES,201.324204,2643.933605,35.4181470000003
324000,4255500,POTOH,4.92126,250000,5.23,83.54,324000 4255500,1.5,Tolerable,yellow,YES,201.324204,2644.2442905,35.7288325000004
324000,4255500,POTOH,1.64042,250000,5.69,83.86,324000 4255500,0.5,Tolerable,yellow,YES,201.324204,2644.2442905,35.7288325000004
324000,4255500,POTOH,8.2021,250000,4.78,83.36,324000 4255500,2.5,Tolerable,yellow,YES,201.324204,2644.2442905,35.7288325000004
324000,4256000,POTOH,1.64042,250000,5.78,83.91,324000 4256000,0.5,Tolerable,yellow,YES,201.324204,2644.554976,36.039518
324000,4256000,POTOH,4.92126,250000,5.32,83.59,324000 4256000,1.5,Tolerable,yellow,YES,201.324204,2644.554976,36.039518
324000,4256000,POTOH,8.2021,250000,4.86,83.42,324000 4256000,2.5,Tolerable,yellow,YES,201.324204,2644.554976,36.039518
324000,4299500,POTTF,1.64042,250000,6.31,86.3,324000 4299500,0.5,Unsuitable,black,YES,201.324204,2671.5846145,63.0691565000002
324000,4300000,POTTF,21.32546,250000,5.95,86.46,324000 4300000,6.5,Unsuitable,black,YES,201.324204,2671.8953,63.3798420000003
324000,4300000,POTTF,1.64042,250000,6.31,86.3,324000 4300000,0.5,Unsuitable,black,YES,201.324204,2671.8953,63.3798420000003
324000,4300000,POTTF,24.6063,250000,5.7,86.5,324000 4300000,7.5,Unsuitable,black,YES,201.324204,2671.8953,63.3798420000003
324000,4300000,POTTF,18.04462,250000,5.97,86.46,324000 4300000,5.5,Unsuitable,black,YES,201.324204,2671.8953,63.3798420000003
324000,4300000,POTTF,11.48294,250000,6,86.46,324000 4300000,3.5,Unsuitable,black,YES,201.324204,2671.8953,63.3798420000003
324000,4300000,POTTF,14.76378,250000,5.98,86.46,324000 4300000,4.5,Unsuitable,black,YES,201.324204,2671.8953,63.3798420000003
324000,4300000,POTTF,4.92126,250000,6.05,86.46,324000 4300000,1.5,Unsuitable,black,YES,201.324204,2671.8953,63.3798420000003
324000,4300000,POTTF,8.2021,250000,6.03,86.46,324000 4300000,2.5,Unsuitable,black,YES,201.324204,2671.8953,63.3798420000003
324000,4300500,POTTF,1.64042,250000,6.31,86.3,324000 4300500,0.5,Unsuitable,black,YES,201.324204,2672.2059855,63.6905275000004
324000,4300500,POTTF,11.48294,250000,6.01,86.46,324000 4300500,3.5,Unsuitable,black,YES,201.324204,2672.2059855,63.6905275000004
324000,4300500,POTTF,8.2021,250000,6.03,86.46,324000 4300500,2.5,Unsuitable,black,YES,201.324204,2672.2059855,63.6905275000004
324000,4300500,POTTF,4.92126,250000,6.06,86.46,324000 4300500,1.5,Unsuitable,black,YES,201.324204,2672.2059855,63.6905275000004
324000,4303000,POTTF,8.2021,250000,6.04,86.46,324000 4303000,2.5,Unsuitable,black,YES,201.324204,2673.759413,65.2439550000004
324000,4303000,POTTF,1.64042,250000,6.32,86.3,324000 4303000,0.5,Unsuitable,black,YES,201.324204,2673.759413,65.2439550000004
324000,4303000,POTTF,4.92126,250000,6.07,86.46,324000 4303000,1.5,Unsuitable,black,YES,201.324204,2673.759413,65.2439550000004
324000,4303500,POTTF,11.48294,250000,6.02,86.46,324000 4303500,3.5,Unsuitable,black,YES,201.324204,2674.0700985,65.5546405
324000,4303500,POTTF,4.92126,250000,6.07,86.46,324000 4303500,1.5,Unsuitable,black,YES,201.324204,2674.0700985,65.5546405
324000,4303500,POTTF,8.2021,250000,6.05,86.46,324000 4303500,2.5,Unsuitable,black,YES,201.324204,2674.0700985,65.5546405
324000,4303500,POTTF,1.64042,250000,6.32,86.3,324000 4303500,0.5,Unsuitable,black,YES,201.324204,2674.0700985,65.5546405
324000,4303500,POTTF,14.76378,250000,6,86.46,324000 4303500,4.5,Unsuitable,black,YES,201.324204,2674.0700985,65.5546405
324500,4252500,POTOH,54.13386,250000,1.44,80.4,324500 4252500,16.5,Unsuitable,black,YES,201.6348895,2642.3801775,33.8647195000003
324500,4252500,POTOH,37.72966,250000,1.75,81,324500 4252500,11.5,Unsuitable,black,YES,201.6348895,2642.3801775,33.8647195000003
324500,4252500,POTOH,50.85302,250000,1.44,80.4,324500 4252500,15.5,Unsuitable,black,YES,201.6348895,2642.3801775,33.8647195000003
324500,4252500,POTOH,18.04462,250000,3.99,82.98,324500 4252500,5.5,Tolerable,yellow,YES,201.6348895,2642.3801775,33.8647195000003
324500,4252500,POTOH,57.4147,250000,1.44,80.4,324500 4252500,17.5,Unsuitable,black,YES,201.6348895,2642.3801775,33.8647195000003
324500,4252500,POTOH,34.44882,250000,2.1,81.4,324500 4252500,10.5,Marginal,orange,YES,201.6348895,2642.3801775,33.8647195000003
324500,4252500,POTOH,41.0105,250000,1.5,80.5,324500 4252500,12.5,Unsuitable,black,YES,201.6348895,2642.3801775,33.8647195000003
324500,4252500,POTOH,24.6063,250000,2.85,82,324500 4252500,7.5,Marginal,orange,YES,201.6348895,2642.3801775,33.8647195000003
324500,4252500,POTOH,1.64042,250000,5.14,83.55,324500 4252500,0.5,Tolerable,yellow,YES,201.6348895,2642.3801775,33.8647195000003
324500,4252500,POTOH,47.57218,250000,1.44,80.4,324500 4252500,14.5,Unsuitable,black,YES,201.6348895,2642.3801775,33.8647195000003
324500,4252500,POTOH,44.29134,250000,1.5,80.4,324500 4252500,13.5,Unsuitable,black,YES,201.6348895,2642.3801775,33.8647195000003
324500,4252500,POTOH,8.2021,250000,4.22,83,324500 4252500,2.5,Tolerable,yellow,YES,201.6348895,2642.3801775,33.8647195000003
324500,4252500,POTOH,11.48294,250000,3.9,82.81,324500 4252500,3.5,Tolerable,yellow,YES,201.6348895,2642.3801775,33.8647195000003
324500,4252500,POTOH,31.16798,250000,2.35,81.5,324500 4252500,9.5,Marginal,orange,YES,201.6348895,2642.3801775,33.8647195000003
324500,4252500,POTOH,27.88714,250000,2.6,81.7,324500 4252500,8.5,Marginal,orange,YES,201.6348895,2642.3801775,33.8647195000003
324500,4252500,POTOH,60.69554,250000,1.44,80.4,324500 4252500,18.5,Unsuitable,black,YES,201.6348895,2642.3801775,33.8647195000003
324500,4252500,POTOH,4.92126,250000,4.66,83.18,324500 4252500,1.5,Tolerable,yellow,YES,201.6348895,2642.3801775,33.8647195000003
324500,4252500,POTOH,21.32546,250000,3.48,82.62,324500 4252500,6.5,Tolerable,yellow,YES,201.6348895,2642.3801775,33.8647195000003
324500,4252500,POTOH,14.76378,250000,3.87,82.8,324500 4252500,4.5,Tolerable,yellow,YES,201.6348895,2642.3801775,33.8647195000003
324500,4294500,POTTF,4.92126,250000,6.06,86.41,324500 4294500,1.5,Unsuitable,black,YES,201.6348895,2668.4777595,59.9623015000002
324500,4294500,POTTF,8.2021,250000,6.03,86.41,324500 4294500,2.5,Unsuitable,black,YES,201.6348895,2668.4777595,59.9623015000002
324500,4294500,POTTF,1.64042,250000,6.32,86.27,324500 4294500,0.5,Unsuitable,black,YES,201.6348895,2668.4777595,59.9623015000002
324500,4301500,POTTF,1.64042,250000,6.31,86.3,324500 4301500,0.5,Unsuitable,black,YES,201.6348895,2672.8273565,64.3118985000001
324500,4301500,POTTF,4.92126,250000,6.06,86.46,324500 4301500,1.5,Unsuitable,black,YES,201.6348895,2672.8273565,64.3118985000001
324500,4301500,POTTF,8.2021,250000,6.04,86.46,324500 4301500,2.5,Unsuitable,black,YES,201.6348895,2672.8273565,64.3118985000001
324500,4302000,POTTF,1.64042,250000,6.31,86.3,324500 4302000,0.5,Unsuitable,black,YES,201.6348895,2673.138042,64.6225840000002
324500,4302000,POTTF,4.92126,250000,6.06,86.46,324500 4302000,1.5,Unsuitable,black,YES,201.6348895,2673.138042,64.6225840000002
324500,4302000,POTTF,18.04462,250000,5.97,86.46,324500 4302000,5.5,Unsuitable,black,YES,201.6348895,2673.138042,64.6225840000002
324500,4302000,POTTF,14.76378,250000,5.99,86.46,324500 4302000,4.5,Unsuitable,black,YES,201.6348895,2673.138042,64.6225840000002
324500,4302000,POTTF,11.48294,250000,6.01,86.46,324500 4302000,3.5,Unsuitable,black,YES,201.6348895,2673.138042,64.6225840000002
324500,4302000,POTTF,8.2021,250000,6.04,86.46,324500 4302000,2.5,Unsuitable,black,YES,201.6348895,2673.138042,64.6225840000002
324500,4302500,POTTF,8.2021,250000,6.04,86.46,324500 4302500,2.5,Unsuitable,black,YES,201.6348895,2673.4487275,64.9332695000003
324500,4302500,POTTF,1.64042,250000,6.31,86.3,324500 4302500,0.5,Unsuitable,black,YES,201.6348895,2673.4487275,64.9332695000003
324500,4302500,POTTF,4.92126,250000,6.07,86.46,324500 4302500,1.5,Unsuitable,black,YES,201.6348895,2673.4487275,64.9332695000003
325000,4251000,POTMH,21.32546,1e+06,3.3,82.5,325000 4251000,6.5,Tolerable,yellow,YES,201.945575,2641.448121,32.9326630000001
325000,4251000,POTMH,18.04462,1e+06,3.7,82.8,325000 4251000,5.5,Tolerable,yellow,YES,201.945575,2641.448121,32.9326630000001
325000,4251000,POTMH,31.16798,1e+06,2.35,81.5,325000 4251000,9.5,Marginal,orange,YES,201.945575,2641.448121,32.9326630000001
325000,4251000,POTMH,4.92126,1e+06,4.2,82.9,325000 4251000,1.5,Tolerable,yellow,YES,201.945575,2641.448121,32.9326630000001
325000,4251000,POTMH,14.76378,1e+06,3.55,82.6,325000 4251000,4.5,Tolerable,yellow,YES,201.945575,2641.448121,32.9326630000001
325000,4251000,POTMH,27.88714,1e+06,2.6,81.7,325000 4251000,8.5,Marginal,orange,YES,201.945575,2641.448121,32.9326630000001
325000,4251000,POTMH,8.2021,1e+06,3.75,82.7,325000 4251000,2.5,Tolerable,yellow,YES,201.945575,2641.448121,32.9326630000001
325000,4251000,POTMH,11.48294,1e+06,3.45,82.5,325000 4251000,3.5,Tolerable,yellow,YES,201.945575,2641.448121,32.9326630000001
325000,4251000,POTMH,24.6063,1e+06,2.85,82,325000 4251000,7.5,Marginal,orange,YES,201.945575,2641.448121,32.9326630000001
325000,4251000,POTMH,1.64042,1e+06,4.7,83.3,325000 4251000,0.5,Tolerable,yellow,YES,201.945575,2641.448121,32.9326630000001
325000,4252000,POTMH,1.64042,1e+06,4.7,83.3,325000 4252000,0.5,Tolerable,yellow,YES,201.945575,2642.069492,33.5540340000002
325000,4252000,POTMH,41.0105,1e+06,1.5,80.5,325000 4252000,12.5,Unsuitable,black,YES,201.945575,2642.069492,33.5540340000002
325000,4252000,POTMH,37.72966,1e+06,1.75,81,325000 4252000,11.5,Unsuitable,black,YES,201.945575,2642.069492,33.5540340000002
325000,4252000,POTMH,34.44882,1e+06,2.1,81.4,325000 4252000,10.5,Marginal,orange,YES,201.945575,2642.069492,33.5540340000002
325000,4252000,POTMH,4.92126,1e+06,4.2,82.9,325000 4252000,1.5,Tolerable,yellow,YES,201.945575,2642.069492,33.5540340000002
325000,4252000,POTMH,21.32546,1e+06,3.3,82.5,325000 4252000,6.5,Tolerable,yellow,YES,201.945575,2642.069492,33.5540340000002
325000,4252000,POTMH,8.2021,1e+06,3.75,82.7,325000 4252000,2.5,Tolerable,yellow,YES,201.945575,2642.069492,33.5540340000002
325000,4252000,POTMH,27.88714,1e+06,2.6,81.7,325000 4252000,8.5,Marginal,orange,YES,201.945575,2642.069492,33.5540340000002
325000,4252000,POTMH,31.16798,1e+06,2.35,81.5,325000 4252000,9.5,Marginal,orange,YES,201.945575,2642.069492,33.5540340000002
325000,4252000,POTMH,14.76378,1e+06,3.55,82.6,325000 4252000,4.5,Tolerable,yellow,YES,201.945575,2642.069492,33.5540340000002
325000,4252000,POTMH,18.04462,1e+06,3.7,82.8,325000 4252000,5.5,Tolerable,yellow,YES,201.945575,2642.069492,33.5540340000002
325000,4252000,POTMH,24.6063,1e+06,2.85,82,325000 4252000,7.5,Marginal,orange,YES,201.945575,2642.069492,33.5540340000002
325000,4252000,POTMH,11.48294,1e+06,3.45,82.5,325000 4252000,3.5,Tolerable,yellow,YES,201.945575,2642.069492,33.5540340000002
326000,4243000,POTMH,18.04462,1e+06,3.7,82.8,326000 4243000,5.5,Tolerable,yellow,YES,202.566946,2636.477153,27.9616950000004
326000,4243000,POTMH,21.32546,1e+06,3.3,82.5,326000 4243000,6.5,Tolerable,yellow,YES,202.566946,2636.477153,27.9616950000004
326000,4243000,POTMH,14.76378,1e+06,3.55,82.6,326000 4243000,4.5,Tolerable,yellow,YES,202.566946,2636.477153,27.9616950000004
326000,4243000,POTMH,4.92126,1e+06,4.2,82.9,326000 4243000,1.5,Tolerable,yellow,YES,202.566946,2636.477153,27.9616950000004
326000,4243000,POTMH,27.88714,1e+06,2.6,81.7,326000 4243000,8.5,Marginal,orange,YES,202.566946,2636.477153,27.9616950000004
326000,4243000,POTMH,34.44882,1e+06,2.1,81.4,326000 4243000,10.5,Marginal,orange,YES,202.566946,2636.477153,27.9616950000004
326000,4243000,POTMH,8.2021,1e+06,3.75,82.7,326000 4243000,2.5,Tolerable,yellow,YES,202.566946,2636.477153,27.9616950000004
326000,4243000,POTMH,24.6063,1e+06,2.85,82,326000 4243000,7.5,Marginal,orange,YES,202.566946,2636.477153,27.9616950000004
326000,4243000,POTMH,31.16798,1e+06,2.35,81.5,326000 4243000,9.5,Marginal,orange,YES,202.566946,2636.477153,27.9616950000004
326000,4243000,POTMH,11.48294,1e+06,3.45,82.5,326000 4243000,3.5,Tolerable,yellow,YES,202.566946,2636.477153,27.9616950000004
326000,4243000,POTMH,1.64042,1e+06,4.7,83.3,326000 4243000,0.5,Tolerable,yellow,YES,202.566946,2636.477153,27.9616950000004
326000,4244000,POTMH,14.76378,1e+06,3.55,82.6,326000 4244000,4.5,Tolerable,yellow,YES,202.566946,2637.098524,28.5830660000002
326000,4244000,POTMH,27.88714,1e+06,2.6,81.7,326000 4244000,8.5,Marginal,orange,YES,202.566946,2637.098524,28.5830660000002
326000,4244000,POTMH,11.48294,1e+06,3.45,82.5,326000 4244000,3.5,Tolerable,yellow,YES,202.566946,2637.098524,28.5830660000002
326000,4244000,POTMH,34.44882,1e+06,2.1,81.4,326000 4244000,10.5,Marginal,orange,YES,202.566946,2637.098524,28.5830660000002
326000,4244000,POTMH,8.2021,1e+06,3.75,82.7,326000 4244000,2.5,Tolerable,yellow,YES,202.566946,2637.098524,28.5830660000002
326000,4244000,POTMH,1.64042,1e+06,4.7,83.3,326000 4244000,0.5,Tolerable,yellow,YES,202.566946,2637.098524,28.5830660000002
326000,4244000,POTMH,60.69554,1e+06,1.44,80.4,326000 4244000,18.5,Unsuitable,black,YES,202.566946,2637.098524,28.5830660000002
326000,4244000,POTMH,47.57218,1e+06,1.44,80.4,326000 4244000,14.5,Unsuitable,black,YES,202.566946,2637.098524,28.5830660000002
326000,4244000,POTMH,4.92126,1e+06,4.2,82.9,326000 4244000,1.5,Tolerable,yellow,YES,202.566946,2637.098524,28.5830660000002
326000,4244000,POTMH,18.04462,1e+06,3.7,82.8,326000 4244000,5.5,Tolerable,yellow,YES,202.566946,2637.098524,28.5830660000002
326000,4244000,POTMH,50.85302,1e+06,1.44,80.4,326000 4244000,15.5,Unsuitable,black,YES,202.566946,2637.098524,28.5830660000002
326000,4244000,POTMH,41.0105,1e+06,1.5,80.5,326000 4244000,12.5,Unsuitable,black,YES,202.566946,2637.098524,28.5830660000002
326000,4244000,POTMH,54.13386,1e+06,1.44,80.4,326000 4244000,16.5,Unsuitable,black,YES,202.566946,2637.098524,28.5830660000002
326000,4244000,POTMH,44.29134,1e+06,1.5,80.4,326000 4244000,13.5,Unsuitable,black,YES,202.566946,2637.098524,28.5830660000002
326000,4244000,POTMH,24.6063,1e+06,2.85,82,326000 4244000,7.5,Marginal,orange,YES,202.566946,2637.098524,28.5830660000002
326000,4244000,POTMH,57.4147,1e+06,1.44,80.4,326000 4244000,17.5,Unsuitable,black,YES,202.566946,2637.098524,28.5830660000002
326000,4244000,POTMH,21.32546,1e+06,3.3,82.5,326000 4244000,6.5,Tolerable,yellow,YES,202.566946,2637.098524,28.5830660000002
326000,4244000,POTMH,37.72966,1e+06,1.75,81,326000 4244000,11.5,Unsuitable,black,YES,202.566946,2637.098524,28.5830660000002
326000,4244000,POTMH,31.16798,1e+06,2.35,81.5,326000 4244000,9.5,Marginal,orange,YES,202.566946,2637.098524,28.5830660000002
326000,4245000,POTMH,4.92126,1e+06,4.2,82.9,326000 4245000,1.5,Tolerable,yellow,YES,202.566946,2637.719895,29.2044370000003
326000,4245000,POTMH,57.4147,1e+06,1.44,80.4,326000 4245000,17.5,Unsuitable,black,YES,202.566946,2637.719895,29.2044370000003
326000,4245000,POTMH,60.69554,1e+06,1.44,80.4,326000 4245000,18.5,Unsuitable,black,YES,202.566946,2637.719895,29.2044370000003
326000,4245000,POTMH,47.57218,1e+06,1.44,80.4,326000 4245000,14.5,Unsuitable,black,YES,202.566946,2637.719895,29.2044370000003
326000,4245000,POTMH,54.13386,1e+06,1.44,80.4,326000 4245000,16.5,Unsuitable,black,YES,202.566946,2637.719895,29.2044370000003
326000,4245000,POTMH,8.2021,1e+06,3.75,82.7,326000 4245000,2.5,Tolerable,yellow,YES,202.566946,2637.719895,29.2044370000003
326000,4245000,POTMH,14.76378,1e+06,3.55,82.6,326000 4245000,4.5,Tolerable,yellow,YES,202.566946,2637.719895,29.2044370000003
326000,4245000,POTMH,11.48294,1e+06,3.45,82.5,326000 4245000,3.5,Tolerable,yellow,YES,202.566946,2637.719895,29.2044370000003
326000,4245000,POTMH,50.85302,1e+06,1.44,80.4,326000 4245000,15.5,Unsuitable,black,YES,202.566946,2637.719895,29.2044370000003
326000,4245000,POTMH,27.88714,1e+06,2.6,81.7,326000 4245000,8.5,Marginal,orange,YES,202.566946,2637.719895,29.2044370000003
326000,4245000,POTMH,44.29134,1e+06,1.5,80.4,326000 4245000,13.5,Unsuitable,black,YES,202.566946,2637.719895,29.2044370000003
326000,4245000,POTMH,34.44882,1e+06,2.1,81.4,326000 4245000,10.5,Marginal,orange,YES,202.566946,2637.719895,29.2044370000003
326000,4245000,POTMH,21.32546,1e+06,3.3,82.5,326000 4245000,6.5,Tolerable,yellow,YES,202.566946,2637.719895,29.2044370000003
326000,4245000,POTMH,24.6063,1e+06,2.85,82,326000 4245000,7.5,Marginal,orange,YES,202.566946,2637.719895,29.2044370000003
326000,4245000,POTMH,1.64042,1e+06,4.7,83.3,326000 4245000,0.5,Tolerable,yellow,YES,202.566946,2637.719895,29.2044370000003
326000,4245000,POTMH,37.72966,1e+06,1.75,81,326000 4245000,11.5,Unsuitable,black,YES,202.566946,2637.719895,29.2044370000003
326000,4245000,POTMH,18.04462,1e+06,3.7,82.8,326000 4245000,5.5,Tolerable,yellow,YES,202.566946,2637.719895,29.2044370000003
326000,4245000,POTMH,31.16798,1e+06,2.35,81.5,326000 4245000,9.5,Marginal,orange,YES,202.566946,2637.719895,29.2044370000003
326000,4245000,POTMH,41.0105,1e+06,1.5,80.5,326000 4245000,12.5,Unsuitable,black,YES,202.566946,2637.719895,29.2044370000003
326000,4246000,POTMH,31.16798,1e+06,2.35,81.5,326000 4246000,9.5,Marginal,orange,YES,202.566946,2638.341266,29.8258080000001
326000,4246000,POTMH,44.29134,1e+06,1.5,80.4,326000 4246000,13.5,Unsuitable,black,YES,202.566946,2638.341266,29.8258080000001
326000,4246000,POTMH,24.6063,1e+06,2.85,82,326000 4246000,7.5,Marginal,orange,YES,202.566946,2638.341266,29.8258080000001
326000,4246000,POTMH,50.85302,1e+06,1.44,80.4,326000 4246000,15.5,Unsuitable,black,YES,202.566946,2638.341266,29.8258080000001
326000,4246000,POTMH,47.57218,1e+06,1.44,80.4,326000 4246000,14.5,Unsuitable,black,YES,202.566946,2638.341266,29.8258080000001
326000,4246000,POTMH,54.13386,1e+06,1.44,80.4,326000 4246000,16.5,Unsuitable,black,YES,202.566946,2638.341266,29.8258080000001
326000,4246000,POTMH,37.72966,1e+06,1.75,81,326000 4246000,11.5,Unsuitable,black,YES,202.566946,2638.341266,29.8258080000001
326000,4246000,POTMH,21.32546,1e+06,3.3,82.5,326000 4246000,6.5,Tolerable,yellow,YES,202.566946,2638.341266,29.8258080000001
326000,4246000,POTMH,27.88714,1e+06,2.6,81.7,326000 4246000,8.5,Marginal,orange,YES,202.566946,2638.341266,29.8258080000001
326000,4246000,POTMH,4.92126,1e+06,4.2,82.9,326000 4246000,1.5,Tolerable,yellow,YES,202.566946,2638.341266,29.8258080000001
326000,4246000,POTMH,8.2021,1e+06,3.75,82.7,326000 4246000,2.5,Tolerable,yellow,YES,202.566946,2638.341266,29.8258080000001
326000,4246000,POTMH,41.0105,1e+06,1.5,80.5,326000 4246000,12.5,Unsuitable,black,YES,202.566946,2638.341266,29.8258080000001
326000,4246000,POTMH,14.76378,1e+06,3.55,82.6,326000 4246000,4.5,Tolerable,yellow,YES,202.566946,2638.341266,29.8258080000001
326000,4246000,POTMH,1.64042,1e+06,4.7,83.3,326000 4246000,0.5,Tolerable,yellow,YES,202.566946,2638.341266,29.8258080000001
326000,4246000,POTMH,11.48294,1e+06,3.45,82.5,326000 4246000,3.5,Tolerable,yellow,YES,202.566946,2638.341266,29.8258080000001
326000,4246000,POTMH,34.44882,1e+06,2.1,81.4,326000 4246000,10.5,Marginal,orange,YES,202.566946,2638.341266,29.8258080000001
326000,4246000,POTMH,18.04462,1e+06,3.7,82.8,326000 4246000,5.5,Tolerable,yellow,YES,202.566946,2638.341266,29.8258080000001
326000,4247000,POTMH,11.48294,1e+06,3.45,82.5,326000 4247000,3.5,Tolerable,yellow,YES,202.566946,2638.962637,30.4471790000002
326000,4247000,POTMH,18.04462,1e+06,3.7,82.8,326000 4247000,5.5,Tolerable,yellow,YES,202.566946,2638.962637,30.4471790000002
326000,4247000,POTMH,24.6063,1e+06,2.85,82,326000 4247000,7.5,Marginal,orange,YES,202.566946,2638.962637,30.4471790000002
326000,4247000,POTMH,41.0105,1e+06,1.5,80.5,326000 4247000,12.5,Unsuitable,black,YES,202.566946,2638.962637,30.4471790000002
326000,4247000,POTMH,21.32546,1e+06,3.3,82.5,326000 4247000,6.5,Tolerable,yellow,YES,202.566946,2638.962637,30.4471790000002
326000,4247000,POTMH,4.92126,1e+06,4.2,82.9,326000 4247000,1.5,Tolerable,yellow,YES,202.566946,2638.962637,30.4471790000002
326000,4247000,POTMH,14.76378,1e+06,3.55,82.6,326000 4247000,4.5,Tolerable,yellow,YES,202.566946,2638.962637,30.4471790000002
326000,4247000,POTMH,37.72966,1e+06,1.75,81,326000 4247000,11.5,Unsuitable,black,YES,202.566946,2638.962637,30.4471790000002
326000,4247000,POTMH,1.64042,1e+06,4.7,83.3,326000 4247000,0.5,Tolerable,yellow,YES,202.566946,2638.962637,30.4471790000002
326000,4247000,POTMH,31.16798,1e+06,2.35,81.5,326000 4247000,9.5,Marginal,orange,YES,202.566946,2638.962637,30.4471790000002
326000,4247000,POTMH,34.44882,1e+06,2.1,81.4,326000 4247000,10.5,Marginal,orange,YES,202.566946,2638.962637,30.4471790000002
326000,4247000,POTMH,27.88714,1e+06,2.6,81.7,326000 4247000,8.5,Marginal,orange,YES,202.566946,2638.962637,30.4471790000002
326000,4247000,POTMH,8.2021,1e+06,3.75,82.7,326000 4247000,2.5,Tolerable,yellow,YES,202.566946,2638.962637,30.4471790000002
326000,4248000,POTMH,18.04462,1e+06,3.7,82.8,326000 4248000,5.5,Tolerable,yellow,YES,202.566946,2639.584008,31.0685500000004
326000,4248000,POTMH,34.44882,1e+06,2.1,81.4,326000 4248000,10.5,Marginal,orange,YES,202.566946,2639.584008,31.0685500000004
326000,4248000,POTMH,8.2021,1e+06,3.75,82.7,326000 4248000,2.5,Tolerable,yellow,YES,202.566946,2639.584008,31.0685500000004
326000,4248000,POTMH,21.32546,1e+06,3.3,82.5,326000 4248000,6.5,Tolerable,yellow,YES,202.566946,2639.584008,31.0685500000004
326000,4248000,POTMH,37.72966,1e+06,1.75,81,326000 4248000,11.5,Unsuitable,black,YES,202.566946,2639.584008,31.0685500000004
326000,4248000,POTMH,4.92126,1e+06,4.2,82.9,326000 4248000,1.5,Tolerable,yellow,YES,202.566946,2639.584008,31.0685500000004
326000,4248000,POTMH,14.76378,1e+06,3.55,82.6,326000 4248000,4.5,Tolerable,yellow,YES,202.566946,2639.584008,31.0685500000004
326000,4248000,POTMH,44.29134,1e+06,1.5,80.4,326000 4248000,13.5,Unsuitable,black,YES,202.566946,2639.584008,31.0685500000004
326000,4248000,POTMH,31.16798,1e+06,2.35,81.5,326000 4248000,9.5,Marginal,orange,YES,202.566946,2639.584008,31.0685500000004
326000,4248000,POTMH,1.64042,1e+06,4.7,83.3,326000 4248000,0.5,Tolerable,yellow,YES,202.566946,2639.584008,31.0685500000004
326000,4248000,POTMH,11.48294,1e+06,3.45,82.5,326000 4248000,3.5,Tolerable,yellow,YES,202.566946,2639.584008,31.0685500000004
326000,4248000,POTMH,41.0105,1e+06,1.5,80.5,326000 4248000,12.5,Unsuitable,black,YES,202.566946,2639.584008,31.0685500000004
326000,4248000,POTMH,24.6063,1e+06,2.85,82,326000 4248000,7.5,Marginal,orange,YES,202.566946,2639.584008,31.0685500000004
326000,4248000,POTMH,27.88714,1e+06,2.6,81.7,326000 4248000,8.5,Marginal,orange,YES,202.566946,2639.584008,31.0685500000004
326000,4249000,POTMH,14.76378,1e+06,3.55,82.6,326000 4249000,4.5,Tolerable,yellow,YES,202.566946,2640.205379,31.6899210000001
326000,4249000,POTMH,44.29134,1e+06,1.5,80.4,326000 4249000,13.5,Unsuitable,black,YES,202.566946,2640.205379,31.6899210000001
326000,4249000,POTMH,4.92126,1e+06,4.2,82.9,326000 4249000,1.5,Tolerable,yellow,YES,202.566946,2640.205379,31.6899210000001
326000,4249000,POTMH,21.32546,1e+06,3.3,82.5,326000 4249000,6.5,Tolerable,yellow,YES,202.566946,2640.205379,31.6899210000001
326000,4249000,POTMH,8.2021,1e+06,3.75,82.7,326000 4249000,2.5,Tolerable,yellow,YES,202.566946,2640.205379,31.6899210000001
326000,4249000,POTMH,11.48294,1e+06,3.45,82.5,326000 4249000,3.5,Tolerable,yellow,YES,202.566946,2640.205379,31.6899210000001
326000,4249000,POTMH,37.72966,1e+06,1.75,81,326000 4249000,11.5,Unsuitable,black,YES,202.566946,2640.205379,31.6899210000001
326000,4249000,POTMH,1.64042,1e+06,4.7,83.3,326000 4249000,0.5,Tolerable,yellow,YES,202.566946,2640.205379,31.6899210000001
326000,4249000,POTMH,18.04462,1e+06,3.7,82.8,326000 4249000,5.5,Tolerable,yellow,YES,202.566946,2640.205379,31.6899210000001
326000,4249000,POTMH,24.6063,1e+06,2.85,82,326000 4249000,7.5,Marginal,orange,YES,202.566946,2640.205379,31.6899210000001
326000,4249000,POTMH,27.88714,1e+06,2.6,81.7,326000 4249000,8.5,Marginal,orange,YES,202.566946,2640.205379,31.6899210000001
326000,4249000,POTMH,34.44882,1e+06,2.1,81.4,326000 4249000,10.5,Marginal,orange,YES,202.566946,2640.205379,31.6899210000001
326000,4249000,POTMH,41.0105,1e+06,1.5,80.5,326000 4249000,12.5,Unsuitable,black,YES,202.566946,2640.205379,31.6899210000001
326000,4249000,POTMH,31.16798,1e+06,2.35,81.5,326000 4249000,9.5,Marginal,orange,YES,202.566946,2640.205379,31.6899210000001
326000,4249000,POTMH,47.57218,1e+06,1.44,80.4,326000 4249000,14.5,Unsuitable,black,YES,202.566946,2640.205379,31.6899210000001
326000,4250000,POTMH,11.48294,1e+06,3.45,82.5,326000 4250000,3.5,Tolerable,yellow,YES,202.566946,2640.82675,32.3112920000003
326000,4250000,POTMH,14.76378,1e+06,3.55,82.6,326000 4250000,4.5,Tolerable,yellow,YES,202.566946,2640.82675,32.3112920000003
326000,4250000,POTMH,18.04462,1e+06,3.7,82.8,326000 4250000,5.5,Tolerable,yellow,YES,202.566946,2640.82675,32.3112920000003
326000,4250000,POTMH,44.29134,1e+06,1.5,80.4,326000 4250000,13.5,Unsuitable,black,YES,202.566946,2640.82675,32.3112920000003
326000,4250000,POTMH,50.85302,1e+06,1.44,80.4,326000 4250000,15.5,Unsuitable,black,YES,202.566946,2640.82675,32.3112920000003
326000,4250000,POTMH,1.64042,1e+06,4.7,83.3,326000 4250000,0.5,Tolerable,yellow,YES,202.566946,2640.82675,32.3112920000003
326000,4250000,POTMH,37.72966,1e+06,1.75,81,326000 4250000,11.5,Unsuitable,black,YES,202.566946,2640.82675,32.3112920000003
326000,4250000,POTMH,21.32546,1e+06,3.3,82.5,326000 4250000,6.5,Tolerable,yellow,YES,202.566946,2640.82675,32.3112920000003
326000,4250000,POTMH,41.0105,1e+06,1.5,80.5,326000 4250000,12.5,Unsuitable,black,YES,202.566946,2640.82675,32.3112920000003
326000,4250000,POTMH,31.16798,1e+06,2.35,81.5,326000 4250000,9.5,Marginal,orange,YES,202.566946,2640.82675,32.3112920000003
326000,4250000,POTMH,8.2021,1e+06,3.75,82.7,326000 4250000,2.5,Tolerable,yellow,YES,202.566946,2640.82675,32.3112920000003
326000,4250000,POTMH,34.44882,1e+06,2.1,81.4,326000 4250000,10.5,Marginal,orange,YES,202.566946,2640.82675,32.3112920000003
326000,4250000,POTMH,4.92126,1e+06,4.2,82.9,326000 4250000,1.5,Tolerable,yellow,YES,202.566946,2640.82675,32.3112920000003
326000,4250000,POTMH,47.57218,1e+06,1.44,80.4,326000 4250000,14.5,Unsuitable,black,YES,202.566946,2640.82675,32.3112920000003
326000,4250000,POTMH,54.13386,1e+06,1.44,80.4,326000 4250000,16.5,Unsuitable,black,YES,202.566946,2640.82675,32.3112920000003
326000,4250000,POTMH,24.6063,1e+06,2.85,82,326000 4250000,7.5,Marginal,orange,YES,202.566946,2640.82675,32.3112920000003
326000,4250000,POTMH,27.88714,1e+06,2.6,81.7,326000 4250000,8.5,Marginal,orange,YES,202.566946,2640.82675,32.3112920000003
327000,4240000,POTMH,11.48294,1e+06,3.45,82.5,327000 4240000,3.5,Tolerable,yellow,YES,203.188317,2634.61304,26.0975820000003
327000,4240000,POTMH,4.92126,1e+06,4.2,82.9,327000 4240000,1.5,Tolerable,yellow,YES,203.188317,2634.61304,26.0975820000003
327000,4240000,POTMH,24.6063,1e+06,2.85,82,327000 4240000,7.5,Marginal,orange,YES,203.188317,2634.61304,26.0975820000003
327000,4240000,POTMH,27.88714,1e+06,2.6,81.7,327000 4240000,8.5,Marginal,orange,YES,203.188317,2634.61304,26.0975820000003
327000,4240000,POTMH,8.2021,1e+06,3.75,82.7,327000 4240000,2.5,Tolerable,yellow,YES,203.188317,2634.61304,26.0975820000003
327000,4240000,POTMH,18.04462,1e+06,3.7,82.8,327000 4240000,5.5,Tolerable,yellow,YES,203.188317,2634.61304,26.0975820000003
327000,4240000,POTMH,14.76378,1e+06,3.55,82.6,327000 4240000,4.5,Tolerable,yellow,YES,203.188317,2634.61304,26.0975820000003
327000,4240000,POTMH,1.64042,1e+06,4.7,83.3,327000 4240000,0.5,Tolerable,yellow,YES,203.188317,2634.61304,26.0975820000003
327000,4240000,POTMH,21.32546,1e+06,3.3,82.5,327000 4240000,6.5,Tolerable,yellow,YES,203.188317,2634.61304,26.0975820000003
327000,4241000,POTMH,18.04462,1e+06,3.7,82.8,327000 4241000,5.5,Tolerable,yellow,YES,203.188317,2635.234411,26.7189530000001
327000,4241000,POTMH,24.6063,1e+06,2.85,82,327000 4241000,7.5,Marginal,orange,YES,203.188317,2635.234411,26.7189530000001
327000,4241000,POTMH,21.32546,1e+06,3.3,82.5,327000 4241000,6.5,Tolerable,yellow,YES,203.188317,2635.234411,26.7189530000001
327000,4241000,POTMH,4.92126,1e+06,4.2,82.9,327000 4241000,1.5,Tolerable,yellow,YES,203.188317,2635.234411,26.7189530000001
327000,4241000,POTMH,14.76378,1e+06,3.55,82.6,327000 4241000,4.5,Tolerable,yellow,YES,203.188317,2635.234411,26.7189530000001
327000,4241000,POTMH,11.48294,1e+06,3.45,82.5,327000 4241000,3.5,Tolerable,yellow,YES,203.188317,2635.234411,26.7189530000001
327000,4241000,POTMH,8.2021,1e+06,3.75,82.7,327000 4241000,2.5,Tolerable,yellow,YES,203.188317,2635.234411,26.7189530000001
327000,4241000,POTMH,1.64042,1e+06,4.7,83.3,327000 4241000,0.5,Tolerable,yellow,YES,203.188317,2635.234411,26.7189530000001
327000,4242000,POTMH,1.64042,1e+06,4.7,83.3,327000 4242000,0.5,Tolerable,yellow,YES,203.188317,2635.855782,27.3403240000002
327000,4242000,POTMH,18.04462,1e+06,3.7,82.8,327000 4242000,5.5,Tolerable,yellow,YES,203.188317,2635.855782,27.3403240000002
327000,4242000,POTMH,8.2021,1e+06,3.75,82.7,327000 4242000,2.5,Tolerable,yellow,YES,203.188317,2635.855782,27.3403240000002
327000,4242000,POTMH,4.92126,1e+06,4.2,82.9,327000 4242000,1.5,Tolerable,yellow,YES,203.188317,2635.855782,27.3403240000002
327000,4242000,POTMH,14.76378,1e+06,3.55,82.6,327000 4242000,4.5,Tolerable,yellow,YES,203.188317,2635.855782,27.3403240000002
327000,4242000,POTMH,27.88714,1e+06,2.6,81.7,327000 4242000,8.5,Marginal,orange,YES,203.188317,2635.855782,27.3403240000002
327000,4242000,POTMH,21.32546,1e+06,3.3,82.5,327000 4242000,6.5,Tolerable,yellow,YES,203.188317,2635.855782,27.3403240000002
327000,4242000,POTMH,11.48294,1e+06,3.45,82.5,327000 4242000,3.5,Tolerable,yellow,YES,203.188317,2635.855782,27.3403240000002
327000,4242000,POTMH,24.6063,1e+06,2.85,82,327000 4242000,7.5,Marginal,orange,YES,203.188317,2635.855782,27.3403240000002
330000,4239000,POTMH,31.16798,1e+06,2.35,81.5,330000 4239000,9.5,Marginal,orange,YES,205.05243,2633.991669,25.4762110000002
330000,4239000,POTMH,27.88714,1e+06,2.6,81.7,330000 4239000,8.5,Marginal,orange,YES,205.05243,2633.991669,25.4762110000002
330000,4239000,POTMH,57.4147,1e+06,1.44,80.4,330000 4239000,17.5,Unsuitable,black,YES,205.05243,2633.991669,25.4762110000002
330000,4239000,POTMH,11.48294,1e+06,3.45,82.5,330000 4239000,3.5,Tolerable,yellow,YES,205.05243,2633.991669,25.4762110000002
330000,4239000,POTMH,34.44882,1e+06,2.1,81.4,330000 4239000,10.5,Marginal,orange,YES,205.05243,2633.991669,25.4762110000002
330000,4239000,POTMH,14.76378,1e+06,3.55,82.6,330000 4239000,4.5,Tolerable,yellow,YES,205.05243,2633.991669,25.4762110000002
330000,4239000,POTMH,8.2021,1e+06,3.75,82.7,330000 4239000,2.5,Tolerable,yellow,YES,205.05243,2633.991669,25.4762110000002
330000,4239000,POTMH,37.72966,1e+06,1.75,81,330000 4239000,11.5,Unsuitable,black,YES,205.05243,2633.991669,25.4762110000002
330000,4239000,POTMH,54.13386,1e+06,1.44,80.4,330000 4239000,16.5,Unsuitable,black,YES,205.05243,2633.991669,25.4762110000002
330000,4239000,POTMH,24.6063,1e+06,2.85,82,330000 4239000,7.5,Marginal,orange,YES,205.05243,2633.991669,25.4762110000002
330000,4239000,POTMH,47.57218,1e+06,1.44,80.4,330000 4239000,14.5,Unsuitable,black,YES,205.05243,2633.991669,25.4762110000002
330000,4239000,POTMH,50.85302,1e+06,1.44,80.4,330000 4239000,15.5,Unsuitable,black,YES,205.05243,2633.991669,25.4762110000002
330000,4239000,POTMH,44.29134,1e+06,1.5,80.4,330000 4239000,13.5,Unsuitable,black,YES,205.05243,2633.991669,25.4762110000002
330000,4239000,POTMH,41.0105,1e+06,1.5,80.5,330000 4239000,12.5,Unsuitable,black,YES,205.05243,2633.991669,25.4762110000002
330000,4239000,POTMH,18.04462,1e+06,3.7,82.8,330000 4239000,5.5,Tolerable,yellow,YES,205.05243,2633.991669,25.4762110000002
330000,4239000,POTMH,21.32546,1e+06,3.3,82.5,330000 4239000,6.5,Tolerable,yellow,YES,205.05243,2633.991669,25.4762110000002
330000,4239000,POTMH,1.64042,1e+06,4.7,83.3,330000 4239000,0.5,Tolerable,yellow,YES,205.05243,2633.991669,25.4762110000002
330000,4239000,POTMH,4.92126,1e+06,4.2,82.9,330000 4239000,1.5,Tolerable,yellow,YES,205.05243,2633.991669,25.4762110000002
331000,4238000,POTMH,31.16798,1e+06,2.35,81.5,331000 4238000,9.5,Marginal,orange,YES,205.673801,2633.370298,24.85484
331000,4238000,POTMH,24.6063,1e+06,2.85,82,331000 4238000,7.5,Marginal,orange,YES,205.673801,2633.370298,24.85484
331000,4238000,POTMH,11.48294,1e+06,3.45,82.5,331000 4238000,3.5,Tolerable,yellow,YES,205.673801,2633.370298,24.85484
331000,4238000,POTMH,8.2021,1e+06,3.75,82.7,331000 4238000,2.5,Tolerable,yellow,YES,205.673801,2633.370298,24.85484
331000,4238000,POTMH,1.64042,1e+06,4.7,83.3,331000 4238000,0.5,Tolerable,yellow,YES,205.673801,2633.370298,24.85484
331000,4238000,POTMH,34.44882,1e+06,2.1,81.4,331000 4238000,10.5,Marginal,orange,YES,205.673801,2633.370298,24.85484
331000,4238000,POTMH,4.92126,1e+06,4.2,82.9,331000 4238000,1.5,Tolerable,yellow,YES,205.673801,2633.370298,24.85484
331000,4238000,POTMH,27.88714,1e+06,2.6,81.7,331000 4238000,8.5,Marginal,orange,YES,205.673801,2633.370298,24.85484
331000,4238000,POTMH,18.04462,1e+06,3.7,82.8,331000 4238000,5.5,Tolerable,yellow,YES,205.673801,2633.370298,24.85484
331000,4238000,POTMH,14.76378,1e+06,3.55,82.6,331000 4238000,4.5,Tolerable,yellow,YES,205.673801,2633.370298,24.85484
331000,4238000,POTMH,21.32546,1e+06,3.3,82.5,331000 4238000,6.5,Tolerable,yellow,YES,205.673801,2633.370298,24.85484
332000,4237000,POTMH,1.64042,1e+06,4.7,83.3,332000 4237000,0.5,Tolerable,yellow,YES,206.295172,2632.748927,24.2334690000002
332000,4237000,POTMH,27.88714,1e+06,2.6,81.7,332000 4237000,8.5,Marginal,orange,YES,206.295172,2632.748927,24.2334690000002
332000,4237000,POTMH,21.32546,1e+06,3.3,82.5,332000 4237000,6.5,Tolerable,yellow,YES,206.295172,2632.748927,24.2334690000002
332000,4237000,POTMH,4.92126,1e+06,4.2,82.9,332000 4237000,1.5,Tolerable,yellow,YES,206.295172,2632.748927,24.2334690000002
332000,4237000,POTMH,31.16798,1e+06,2.35,81.5,332000 4237000,9.5,Marginal,orange,YES,206.295172,2632.748927,24.2334690000002
332000,4237000,POTMH,24.6063,1e+06,2.85,82,332000 4237000,7.5,Marginal,orange,YES,206.295172,2632.748927,24.2334690000002
332000,4237000,POTMH,11.48294,1e+06,3.45,82.5,332000 4237000,3.5,Tolerable,yellow,YES,206.295172,2632.748927,24.2334690000002
332000,4237000,POTMH,8.2021,1e+06,3.75,82.7,332000 4237000,2.5,Tolerable,yellow,YES,206.295172,2632.748927,24.2334690000002
332000,4237000,POTMH,14.76378,1e+06,3.55,82.6,332000 4237000,4.5,Tolerable,yellow,YES,206.295172,2632.748927,24.2334690000002
332000,4237000,POTMH,18.04462,1e+06,3.7,82.8,332000 4237000,5.5,Tolerable,yellow,YES,206.295172,2632.748927,24.2334690000002
333000,4236000,POTMH,8.2021,1e+06,3.75,82.7,333000 4236000,2.5,Tolerable,yellow,YES,206.916543,2632.127556,23.6120980000001
333000,4236000,POTMH,11.48294,1e+06,3.45,82.5,333000 4236000,3.5,Tolerable,yellow,YES,206.916543,2632.127556,23.6120980000001
333000,4236000,POTMH,18.04462,1e+06,3.7,82.8,333000 4236000,5.5,Tolerable,yellow,YES,206.916543,2632.127556,23.6120980000001
333000,4236000,POTMH,14.76378,1e+06,3.55,82.6,333000 4236000,4.5,Tolerable,yellow,YES,206.916543,2632.127556,23.6120980000001
333000,4236000,POTMH,21.32546,1e+06,3.3,82.5,333000 4236000,6.5,Tolerable,yellow,YES,206.916543,2632.127556,23.6120980000001
333000,4236000,POTMH,4.92126,1e+06,4.2,82.9,333000 4236000,1.5,Tolerable,yellow,YES,206.916543,2632.127556,23.6120980000001
333000,4236000,POTMH,1.64042,1e+06,4.7,83.3,333000 4236000,0.5,Tolerable,yellow,YES,206.916543,2632.127556,23.6120980000001
333000,4236000,POTMH,24.6063,1e+06,2.85,82,333000 4236000,7.5,Marginal,orange,YES,206.916543,2632.127556,23.6120980000001
338000,4234000,POTMH,8.2021,1e+06,4.86,82.35,338000 4234000,2.5,Suitable,dodgerblue,YES,210.023398,2630.884814,22.3693560000002
338000,4234000,POTMH,21.32546,1e+06,4.34,82.08,338000 4234000,6.5,Suitable,dodgerblue,YES,210.023398,2630.884814,22.3693560000002
338000,4234000,POTMH,1.64042,1e+06,5.51,82.74,338000 4234000,0.5,Tolerable,yellow,YES,210.023398,2630.884814,22.3693560000002
338000,4234000,POTMH,24.6063,1e+06,4,81.75,338000 4234000,7.5,Suitable,dodgerblue,YES,210.023398,2630.884814,22.3693560000002
338000,4234000,POTMH,4.92126,1e+06,5.17,82.48,338000 4234000,1.5,Tolerable,yellow,YES,210.023398,2630.884814,22.3693560000002
338000,4234000,POTMH,18.04462,1e+06,4.67,82.31,338000 4234000,5.5,Suitable,dodgerblue,YES,210.023398,2630.884814,22.3693560000002
338000,4234000,POTMH,14.76378,1e+06,4.64,82.21,338000 4234000,4.5,Suitable,dodgerblue,YES,210.023398,2630.884814,22.3693560000002
338000,4234000,POTMH,27.88714,1e+06,3.64,81.56,338000 4234000,8.5,Tolerable,yellow,YES,210.023398,2630.884814,22.3693560000002
338000,4234000,POTMH,11.48294,1e+06,4.63,82.18,338000 4234000,3.5,Suitable,dodgerblue,YES,210.023398,2630.884814,22.3693560000002
340000,4228000,POTMH,21.32546,1e+06,4.96,81.83,340000 4228000,6.5,Suitable,dodgerblue,YES,211.26614,2627.156588,18.64113
340000,4228000,POTMH,1.64042,1e+06,5.99,82.4,340000 4228000,0.5,Suitable,dodgerblue,YES,211.26614,2627.156588,18.64113
340000,4228000,POTMH,11.48294,1e+06,5.33,81.99,340000 4228000,3.5,Suitable,dodgerblue,YES,211.26614,2627.156588,18.64113
340000,4228000,POTMH,18.04462,1e+06,5.24,82.01,340000 4228000,5.5,Suitable,dodgerblue,YES,211.26614,2627.156588,18.64113
340000,4228000,POTMH,4.92126,1e+06,5.74,82.23,340000 4228000,1.5,Suitable,dodgerblue,YES,211.26614,2627.156588,18.64113
340000,4228000,POTMH,8.2021,1e+06,5.52,82.14,340000 4228000,2.5,Suitable,dodgerblue,YES,211.26614,2627.156588,18.64113
340000,4228000,POTMH,14.76378,1e+06,5.29,81.98,340000 4228000,4.5,Suitable,dodgerblue,YES,211.26614,2627.156588,18.64113
340000,4235000,POTMH,1.64042,1e+06,5.62,82.66,340000 4235000,0.5,Tolerable,yellow,YES,211.26614,2631.506185,22.9907270000003
340000,4235000,POTMH,24.6063,1e+06,4.14,81.72,340000 4235000,7.5,Suitable,dodgerblue,YES,211.26614,2631.506185,22.9907270000003
340000,4235000,POTMH,11.48294,1e+06,4.78,82.14,340000 4235000,3.5,Suitable,dodgerblue,YES,211.26614,2631.506185,22.9907270000003
340000,4235000,POTMH,4.92126,1e+06,5.29,82.42,340000 4235000,1.5,Tolerable,yellow,YES,211.26614,2631.506185,22.9907270000003
340000,4235000,POTMH,8.2021,1e+06,5,82.3,340000 4235000,2.5,Suitable,dodgerblue,YES,211.26614,2631.506185,22.9907270000003
340000,4235000,POTMH,18.04462,1e+06,4.79,82.24,340000 4235000,5.5,Suitable,dodgerblue,YES,211.26614,2631.506185,22.9907270000003
340000,4235000,POTMH,21.32546,1e+06,4.47,82.02,340000 4235000,6.5,Suitable,dodgerblue,YES,211.26614,2631.506185,22.9907270000003
340000,4235000,POTMH,14.76378,1e+06,4.78,82.16,340000 4235000,4.5,Suitable,dodgerblue,YES,211.26614,2631.506185,22.9907270000003
340000,4236000,POTMH,18.04462,1e+06,4.72,82.28,340000 4236000,5.5,Suitable,dodgerblue,YES,211.26614,2632.127556,23.6120980000001
340000,4236000,POTMH,31.16798,1e+06,2.96,81.05,340000 4236000,9.5,Marginal,orange,YES,211.26614,2632.127556,23.6120980000001
340000,4236000,POTMH,14.76378,1e+06,4.71,82.19,340000 4236000,4.5,Suitable,dodgerblue,YES,211.26614,2632.127556,23.6120980000001
340000,4236000,POTMH,21.32546,1e+06,4.4,82.05,340000 4236000,6.5,Suitable,dodgerblue,YES,211.26614,2632.127556,23.6120980000001
340000,4236000,POTMH,34.44882,1e+06,2.4,80.65,340000 4236000,10.5,Marginal,orange,YES,211.26614,2632.127556,23.6120980000001
340000,4236000,POTMH,8.2021,1e+06,4.92,82.33,340000 4236000,2.5,Suitable,dodgerblue,YES,211.26614,2632.127556,23.6120980000001
340000,4236000,POTMH,27.88714,1e+06,3.7,81.55,340000 4236000,8.5,Tolerable,yellow,YES,211.26614,2632.127556,23.6120980000001
340000,4236000,POTMH,1.64042,1e+06,5.56,82.7,340000 4236000,0.5,Tolerable,yellow,YES,211.26614,2632.127556,23.6120980000001
340000,4236000,POTMH,11.48294,1e+06,4.7,82.16,340000 4236000,3.5,Suitable,dodgerblue,YES,211.26614,2632.127556,23.6120980000001
340000,4236000,POTMH,4.92126,1e+06,5.22,82.45,340000 4236000,1.5,Tolerable,yellow,YES,211.26614,2632.127556,23.6120980000001
340000,4236000,POTMH,24.6063,1e+06,4.06,81.74,340000 4236000,7.5,Suitable,dodgerblue,YES,211.26614,2632.127556,23.6120980000001
341000,4229000,POTMH,14.76378,1e+06,5.34,81.97,341000 4229000,4.5,Suitable,dodgerblue,YES,211.887511,2627.777959,19.2625010000002
341000,4229000,POTMH,18.04462,1e+06,5.29,81.99,341000 4229000,5.5,Suitable,dodgerblue,YES,211.887511,2627.777959,19.2625010000002
341000,4229000,POTMH,21.32546,1e+06,5,81.81,341000 4229000,6.5,Suitable,dodgerblue,YES,211.887511,2627.777959,19.2625010000002
341000,4229000,POTMH,4.92126,1e+06,5.79,82.21,341000 4229000,1.5,Suitable,dodgerblue,YES,211.887511,2627.777959,19.2625010000002
341000,4229000,POTMH,1.64042,1e+06,6.03,82.38,341000 4229000,0.5,Suitable,dodgerblue,YES,211.887511,2627.777959,19.2625010000002
341000,4229000,POTMH,8.2021,1e+06,5.57,82.12,341000 4229000,2.5,Suitable,dodgerblue,YES,211.887511,2627.777959,19.2625010000002
341000,4229000,POTMH,11.48294,1e+06,5.38,81.98,341000 4229000,3.5,Suitable,dodgerblue,YES,211.887511,2627.777959,19.2625010000002
341000,4233000,POTMH,1.64042,1e+06,5.82,82.52,341000 4233000,0.5,Tolerable,yellow,YES,211.887511,2630.263443,21.747985
341000,4233000,POTMH,11.48294,1e+06,5.08,82.06,341000 4233000,3.5,Suitable,dodgerblue,YES,211.887511,2630.263443,21.747985
341000,4233000,POTMH,24.6063,1e+06,4.43,81.66,341000 4233000,7.5,Suitable,dodgerblue,YES,211.887511,2630.263443,21.747985
341000,4233000,POTMH,4.92126,1e+06,5.54,82.32,341000 4233000,1.5,Suitable,dodgerblue,YES,211.887511,2630.263443,21.747985
341000,4233000,POTMH,21.32546,1e+06,4.74,81.92,341000 4233000,6.5,Suitable,dodgerblue,YES,211.887511,2630.263443,21.747985
341000,4233000,POTMH,27.88714,1e+06,4.04,81.51,341000 4233000,8.5,Suitable,dodgerblue,YES,211.887511,2630.263443,21.747985
341000,4233000,POTMH,14.76378,1e+06,5.06,82.06,341000 4233000,4.5,Suitable,dodgerblue,YES,211.887511,2630.263443,21.747985
341000,4233000,POTMH,8.2021,1e+06,5.28,82.21,341000 4233000,2.5,Suitable,dodgerblue,YES,211.887511,2630.263443,21.747985
341000,4233000,POTMH,18.04462,1e+06,5.04,82.12,341000 4233000,5.5,Suitable,dodgerblue,YES,211.887511,2630.263443,21.747985
342000,4232000,POTMH,14.76378,1e+06,5.25,82,342000 4232000,4.5,Suitable,dodgerblue,YES,212.508882,2629.642072,21.1266140000002
342000,4232000,POTMH,24.6063,1e+06,4.64,81.62,342000 4232000,7.5,Suitable,dodgerblue,YES,212.508882,2629.642072,21.1266140000002
342000,4232000,POTMH,1.64042,1e+06,5.96,82.42,342000 4232000,0.5,Tolerable,yellow,YES,212.508882,2629.642072,21.1266140000002
342000,4232000,POTMH,11.48294,1e+06,5.29,82.01,342000 4232000,3.5,Suitable,dodgerblue,YES,212.508882,2629.642072,21.1266140000002
342000,4232000,POTMH,31.16798,1e+06,3.26,80.84,342000 4232000,9.5,Tolerable,yellow,YES,212.508882,2629.642072,21.1266140000002
342000,4232000,POTMH,18.04462,1e+06,5.21,82.03,342000 4232000,5.5,Suitable,dodgerblue,YES,212.508882,2629.642072,21.1266140000002
342000,4232000,POTMH,21.32546,1e+06,4.92,81.84,342000 4232000,6.5,Suitable,dodgerblue,YES,212.508882,2629.642072,21.1266140000002
342000,4232000,POTMH,4.92126,1e+06,5.71,82.24,342000 4232000,1.5,Suitable,dodgerblue,YES,212.508882,2629.642072,21.1266140000002
342000,4232000,POTMH,27.88714,1e+06,4.22,81.48,342000 4232000,8.5,Suitable,dodgerblue,YES,212.508882,2629.642072,21.1266140000002
342000,4232000,POTMH,8.2021,1e+06,5.48,82.15,342000 4232000,2.5,Suitable,dodgerblue,YES,212.508882,2629.642072,21.1266140000002
343000,4230000,POTMH,4.92126,1e+06,5.93,82.14,343000 4230000,1.5,Suitable,dodgerblue,YES,213.130253,2628.39933,19.8838720000003
343000,4230000,POTMH,21.32546,1e+06,5.16,81.74,343000 4230000,6.5,Suitable,dodgerblue,YES,213.130253,2628.39933,19.8838720000003
343000,4230000,POTMH,8.2021,1e+06,5.74,82.07,343000 4230000,2.5,Suitable,dodgerblue,YES,213.130253,2628.39933,19.8838720000003
343000,4230000,POTMH,14.76378,1e+06,5.5,81.91,343000 4230000,4.5,Suitable,dodgerblue,YES,213.130253,2628.39933,19.8838720000003
343000,4230000,POTMH,18.04462,1e+06,5.43,81.92,343000 4230000,5.5,Suitable,dodgerblue,YES,213.130253,2628.39933,19.8838720000003
343000,4230000,POTMH,24.6063,1e+06,4.9,81.56,343000 4230000,7.5,Suitable,dodgerblue,YES,213.130253,2628.39933,19.8838720000003
343000,4230000,POTMH,11.48294,1e+06,5.56,81.93,343000 4230000,3.5,Suitable,dodgerblue,YES,213.130253,2628.39933,19.8838720000003
343000,4230000,POTMH,27.88714,1e+06,4.46,81.45,343000 4230000,8.5,Suitable,dodgerblue,YES,213.130253,2628.39933,19.8838720000003
343000,4230000,POTMH,1.64042,1e+06,6.15,82.29,343000 4230000,0.5,Suitable,dodgerblue,YES,213.130253,2628.39933,19.8838720000003
343000,4231000,POTMH,24.6063,1e+06,4.83,81.57,343000 4231000,7.5,Suitable,dodgerblue,YES,213.130253,2629.020701,20.5052430000001
343000,4231000,POTMH,31.16798,1e+06,3.36,80.77,343000 4231000,9.5,Tolerable,yellow,YES,213.130253,2629.020701,20.5052430000001
343000,4231000,POTMH,11.48294,1e+06,5.49,81.95,343000 4231000,3.5,Suitable,dodgerblue,YES,213.130253,2629.020701,20.5052430000001
343000,4231000,POTMH,4.92126,1e+06,5.88,82.17,343000 4231000,1.5,Suitable,dodgerblue,YES,213.130253,2629.020701,20.5052430000001
343000,4231000,POTMH,21.32546,1e+06,5.1,81.77,343000 4231000,6.5,Suitable,dodgerblue,YES,213.130253,2629.020701,20.5052430000001
343000,4231000,POTMH,27.88714,1e+06,4.4,81.46,343000 4231000,8.5,Suitable,dodgerblue,YES,213.130253,2629.020701,20.5052430000001
343000,4231000,POTMH,8.2021,1e+06,5.67,82.09,343000 4231000,2.5,Suitable,dodgerblue,YES,213.130253,2629.020701,20.5052430000001
343000,4231000,POTMH,14.76378,1e+06,5.44,81.93,343000 4231000,4.5,Suitable,dodgerblue,YES,213.130253,2629.020701,20.5052430000001
343000,4231000,POTMH,1.64042,1e+06,6.1,82.32,343000 4231000,0.5,Suitable,dodgerblue,YES,213.130253,2629.020701,20.5052430000001
343000,4231000,POTMH,34.44882,1e+06,2.59,80.18,343000 4231000,10.5,Marginal,orange,YES,213.130253,2629.020701,20.5052430000001
343000,4231000,POTMH,18.04462,1e+06,5.38,81.95,343000 4231000,5.5,Suitable,dodgerblue,YES,213.130253,2629.020701,20.5052430000001
363000,4223000,POTMH,11.48294,1e+06,6.82,81.63,363000 4223000,3.5,Suitable,dodgerblue,YES,225.557673,2624.049733,15.534275
363000,4223000,POTMH,21.32546,1e+06,6.2,81.25,363000 4223000,6.5,Suitable,dodgerblue,YES,225.557673,2624.049733,15.534275
363000,4223000,POTMH,8.2021,1e+06,6.91,81.73,363000 4223000,2.5,Suitable,dodgerblue,YES,225.557673,2624.049733,15.534275
363000,4223000,POTMH,4.92126,1e+06,6.96,81.73,363000 4223000,1.5,Suitable,dodgerblue,YES,225.557673,2624.049733,15.534275
363000,4223000,POTMH,14.76378,1e+06,6.66,81.52,363000 4223000,4.5,Suitable,dodgerblue,YES,225.557673,2624.049733,15.534275
363000,4223000,POTMH,41.0105,1e+06,0.7,75.7,363000 4223000,12.5,Unsuitable,black,YES,225.557673,2624.049733,15.534275
363000,4223000,POTMH,1.64042,1e+06,7.01,81.73,363000 4223000,0.5,Suitable,dodgerblue,YES,225.557673,2624.049733,15.534275
363000,4223000,POTMH,37.72966,1e+06,2.24,79.34,363000 4223000,11.5,Marginal,orange,YES,225.557673,2624.049733,15.534275
363000,4223000,POTMH,63.97638,1e+06,0.4,75.2,363000 4223000,19.5,Unsuitable,black,YES,225.557673,2624.049733,15.534275
363000,4223000,POTMH,18.04462,1e+06,6.43,81.38,363000 4223000,5.5,Suitable,dodgerblue,YES,225.557673,2624.049733,15.534275
363000,4223000,POTMH,70.53806,1e+06,0.4,75.2,363000 4223000,21.5,Unsuitable,black,YES,225.557673,2624.049733,15.534275
363000,4223000,POTMH,44.29134,1e+06,0.47,75.5,363000 4223000,13.5,Unsuitable,black,YES,225.557673,2624.049733,15.534275
363000,4223000,POTMH,31.16798,1e+06,3.96,80.24,363000 4223000,9.5,Tolerable,yellow,YES,225.557673,2624.049733,15.534275
363000,4223000,POTMH,60.69554,1e+06,0.4,75.2,363000 4223000,18.5,Unsuitable,black,YES,225.557673,2624.049733,15.534275
363000,4223000,POTMH,67.25722,1e+06,0.4,75.2,363000 4223000,20.5,Unsuitable,black,YES,225.557673,2624.049733,15.534275
363000,4223000,POTMH,57.4147,1e+06,0.4,75.2,363000 4223000,17.5,Unsuitable,black,YES,225.557673,2624.049733,15.534275
363000,4223000,POTMH,47.57218,1e+06,0.43,75.4,363000 4223000,14.5,Unsuitable,black,YES,225.557673,2624.049733,15.534275
363000,4223000,POTMH,27.88714,1e+06,5.5,81.23,363000 4223000,8.5,Suitable,dodgerblue,YES,225.557673,2624.049733,15.534275
363000,4223000,POTMH,34.44882,1e+06,2.87,79.34,363000 4223000,10.5,Marginal,orange,YES,225.557673,2624.049733,15.534275
363000,4223000,POTMH,54.13386,1e+06,0.4,75.2,363000 4223000,16.5,Unsuitable,black,YES,225.557673,2624.049733,15.534275
363000,4223000,POTMH,50.85302,1e+06,0.4,75.3,363000 4223000,15.5,Unsuitable,black,YES,225.557673,2624.049733,15.534275
363000,4223000,POTMH,24.6063,1e+06,6.05,81.24,363000 4223000,7.5,Suitable,dodgerblue,YES,225.557673,2624.049733,15.534275
363000,4224000,POTMH,27.88714,1e+06,5.52,81.26,363000 4224000,8.5,Suitable,dodgerblue,YES,225.557673,2624.671104,16.1556460000002
363000,4224000,POTMH,24.6063,1e+06,6.07,81.27,363000 4224000,7.5,Suitable,dodgerblue,YES,225.557673,2624.671104,16.1556460000002
363000,4224000,POTMH,54.13386,1e+06,0.4,75.2,363000 4224000,16.5,Unsuitable,black,YES,225.557673,2624.671104,16.1556460000002
363000,4224000,POTMH,34.44882,1e+06,2.88,79.37,363000 4224000,10.5,Marginal,orange,YES,225.557673,2624.671104,16.1556460000002
363000,4224000,POTMH,14.76378,1e+06,6.65,81.51,363000 4224000,4.5,Suitable,dodgerblue,YES,225.557673,2624.671104,16.1556460000002
363000,4224000,POTMH,50.85302,1e+06,0.4,75.3,363000 4224000,15.5,Unsuitable,black,YES,225.557673,2624.671104,16.1556460000002
363000,4224000,POTMH,60.69554,1e+06,0.4,75.2,363000 4224000,18.5,Unsuitable,black,YES,225.557673,2624.671104,16.1556460000002
363000,4224000,POTMH,11.48294,1e+06,6.81,81.61,363000 4224000,3.5,Suitable,dodgerblue,YES,225.557673,2624.671104,16.1556460000002
363000,4224000,POTMH,21.32546,1e+06,6.22,81.27,363000 4224000,6.5,Suitable,dodgerblue,YES,225.557673,2624.671104,16.1556460000002
363000,4224000,POTMH,8.2021,1e+06,6.91,81.72,363000 4224000,2.5,Suitable,dodgerblue,YES,225.557673,2624.671104,16.1556460000002
363000,4224000,POTMH,1.64042,1e+06,7.01,81.72,363000 4224000,0.5,Suitable,dodgerblue,YES,225.557673,2624.671104,16.1556460000002
363000,4224000,POTMH,31.16798,1e+06,3.98,80.27,363000 4224000,9.5,Tolerable,yellow,YES,225.557673,2624.671104,16.1556460000002
363000,4224000,POTMH,57.4147,1e+06,0.4,75.2,363000 4224000,17.5,Unsuitable,black,YES,225.557673,2624.671104,16.1556460000002
363000,4224000,POTMH,37.72966,1e+06,2.25,79.37,363000 4224000,11.5,Marginal,orange,YES,225.557673,2624.671104,16.1556460000002
363000,4224000,POTMH,63.97638,1e+06,0.4,75.2,363000 4224000,19.5,Unsuitable,black,YES,225.557673,2624.671104,16.1556460000002
363000,4224000,POTMH,41.0105,1e+06,0.7,75.7,363000 4224000,12.5,Unsuitable,black,YES,225.557673,2624.671104,16.1556460000002
363000,4224000,POTMH,4.92126,1e+06,6.96,81.72,363000 4224000,1.5,Suitable,dodgerblue,YES,225.557673,2624.671104,16.1556460000002
363000,4224000,POTMH,47.57218,1e+06,0.43,75.4,363000 4224000,14.5,Unsuitable,black,YES,225.557673,2624.671104,16.1556460000002
363000,4224000,POTMH,18.04462,1e+06,6.44,81.39,363000 4224000,5.5,Suitable,dodgerblue,YES,225.557673,2624.671104,16.1556460000002
363000,4224000,POTMH,44.29134,1e+06,0.47,75.5,363000 4224000,13.5,Unsuitable,black,YES,225.557673,2624.671104,16.1556460000002
363000,4225000,POTMH,14.76378,1e+06,6.65,81.51,363000 4225000,4.5,Suitable,dodgerblue,YES,225.557673,2625.292475,16.7770170000003
363000,4225000,POTMH,11.48294,1e+06,6.8,81.61,363000 4225000,3.5,Suitable,dodgerblue,YES,225.557673,2625.292475,16.7770170000003
363000,4225000,POTMH,4.92126,1e+06,6.95,81.71,363000 4225000,1.5,Suitable,dodgerblue,YES,225.557673,2625.292475,16.7770170000003
363000,4225000,POTMH,24.6063,1e+06,6.08,81.28,363000 4225000,7.5,Suitable,dodgerblue,YES,225.557673,2625.292475,16.7770170000003
363000,4225000,POTMH,31.16798,1e+06,3.99,80.28,363000 4225000,9.5,Tolerable,yellow,YES,225.557673,2625.292475,16.7770170000003
363000,4225000,POTMH,8.2021,1e+06,6.9,81.71,363000 4225000,2.5,Suitable,dodgerblue,YES,225.557673,2625.292475,16.7770170000003
363000,4225000,POTMH,21.32546,1e+06,6.24,81.28,363000 4225000,6.5,Suitable,dodgerblue,YES,225.557673,2625.292475,16.7770170000003
363000,4225000,POTMH,27.88714,1e+06,5.53,81.28,363000 4225000,8.5,Suitable,dodgerblue,YES,225.557673,2625.292475,16.7770170000003
363000,4225000,POTMH,1.64042,1e+06,7,81.71,363000 4225000,0.5,Suitable,dodgerblue,YES,225.557673,2625.292475,16.7770170000003
363000,4225000,POTMH,34.44882,1e+06,2.89,79.38,363000 4225000,10.5,Marginal,orange,YES,225.557673,2625.292475,16.7770170000003
363000,4225000,POTMH,18.04462,1e+06,6.44,81.39,363000 4225000,5.5,Suitable,dodgerblue,YES,225.557673,2625.292475,16.7770170000003
364000,4222000,POTMH,14.76378,1e+06,6.67,81.54,364000 4222000,4.5,Suitable,dodgerblue,YES,226.179044,2623.428362,14.9129040000003
364000,4222000,POTMH,4.92126,1e+06,6.98,81.78,364000 4222000,1.5,Suitable,dodgerblue,YES,226.179044,2623.428362,14.9129040000003
364000,4222000,POTMH,24.6063,1e+06,5.97,81.16,364000 4222000,7.5,Suitable,dodgerblue,YES,226.179044,2623.428362,14.9129040000003
364000,4222000,POTMH,8.2021,1e+06,6.93,81.78,364000 4222000,2.5,Suitable,dodgerblue,YES,226.179044,2623.428362,14.9129040000003
364000,4222000,POTMH,47.57218,1e+06,0.43,75.4,364000 4222000,14.5,Unsuitable,black,YES,226.179044,2623.428362,14.9129040000003
364000,4222000,POTMH,27.88714,1e+06,5.43,81.14,364000 4222000,8.5,Suitable,dodgerblue,YES,226.179044,2623.428362,14.9129040000003
364000,4222000,POTMH,11.48294,1e+06,6.84,81.67,364000 4222000,3.5,Suitable,dodgerblue,YES,226.179044,2623.428362,14.9129040000003
364000,4222000,POTMH,60.69554,1e+06,0.4,75.2,364000 4222000,18.5,Unsuitable,black,YES,226.179044,2623.428362,14.9129040000003
364000,4222000,POTMH,1.64042,1e+06,7.03,81.78,364000 4222000,0.5,Suitable,dodgerblue,YES,226.179044,2623.428362,14.9129040000003
364000,4222000,POTMH,21.32546,1e+06,6.14,81.17,364000 4222000,6.5,Suitable,dodgerblue,YES,226.179044,2623.428362,14.9129040000003
364000,4222000,POTMH,67.25722,1e+06,0.4,75.2,364000 4222000,20.5,Unsuitable,black,YES,226.179044,2623.428362,14.9129040000003
364000,4222000,POTMH,34.44882,1e+06,2.83,79.27,364000 4222000,10.5,Marginal,orange,YES,226.179044,2623.428362,14.9129040000003
364000,4222000,POTMH,50.85302,1e+06,0.4,75.3,364000 4222000,15.5,Unsuitable,black,YES,226.179044,2623.428362,14.9129040000003
364000,4222000,POTMH,31.16798,1e+06,3.9,80.15,364000 4222000,9.5,Tolerable,yellow,YES,226.179044,2623.428362,14.9129040000003
364000,4222000,POTMH,63.97638,1e+06,0.4,75.2,364000 4222000,19.5,Unsuitable,black,YES,226.179044,2623.428362,14.9129040000003
364000,4222000,POTMH,18.04462,1e+06,6.4,81.35,364000 4222000,5.5,Suitable,dodgerblue,YES,226.179044,2623.428362,14.9129040000003
364000,4222000,POTMH,41.0105,1e+06,0.7,75.7,364000 4222000,12.5,Unsuitable,black,YES,226.179044,2623.428362,14.9129040000003
364000,4222000,POTMH,70.53806,1e+06,0.4,75.2,364000 4222000,21.5,Unsuitable,black,YES,226.179044,2623.428362,14.9129040000003
364000,4222000,POTMH,54.13386,1e+06,0.4,75.2,364000 4222000,16.5,Unsuitable,black,YES,226.179044,2623.428362,14.9129040000003
364000,4222000,POTMH,57.4147,1e+06,0.4,75.2,364000 4222000,17.5,Unsuitable,black,YES,226.179044,2623.428362,14.9129040000003
364000,4222000,POTMH,44.29134,1e+06,0.47,75.5,364000 4222000,13.5,Unsuitable,black,YES,226.179044,2623.428362,14.9129040000003
364000,4222000,POTMH,37.72966,1e+06,2.21,79.26,364000 4222000,11.5,Marginal,orange,YES,226.179044,2623.428362,14.9129040000003
364000,4226000,POTMH,14.76378,1e+06,6.66,81.51,364000 4226000,4.5,Suitable,dodgerblue,YES,226.179044,2625.913846,17.3983880000001
364000,4226000,POTMH,18.04462,1e+06,6.43,81.39,364000 4226000,5.5,Suitable,dodgerblue,YES,226.179044,2625.913846,17.3983880000001
364000,4226000,POTMH,1.64042,1e+06,7.01,81.72,364000 4226000,0.5,Suitable,dodgerblue,YES,226.179044,2625.913846,17.3983880000001
364000,4226000,POTMH,4.92126,1e+06,6.96,81.72,364000 4226000,1.5,Suitable,dodgerblue,YES,226.179044,2625.913846,17.3983880000001
364000,4226000,POTMH,8.2021,1e+06,6.91,81.72,364000 4226000,2.5,Suitable,dodgerblue,YES,226.179044,2625.913846,17.3983880000001
364000,4226000,POTMH,11.48294,1e+06,6.81,81.62,364000 4226000,3.5,Suitable,dodgerblue,YES,226.179044,2625.913846,17.3983880000001
364000,4227000,POTMH,8.2021,1e+06,6.9,81.7,364000 4227000,2.5,Suitable,dodgerblue,YES,226.179044,2626.535217,18.0197590000003
364000,4227000,POTMH,4.92126,1e+06,6.95,81.7,364000 4227000,1.5,Suitable,dodgerblue,YES,226.179044,2626.535217,18.0197590000003
364000,4227000,POTMH,11.48294,1e+06,6.8,81.6,364000 4227000,3.5,Suitable,dodgerblue,YES,226.179044,2626.535217,18.0197590000003
364000,4227000,POTMH,1.64042,1e+06,7,81.7,364000 4227000,0.5,Suitable,dodgerblue,YES,226.179044,2626.535217,18.0197590000003
365000,4220000,POTMH,11.48294,1e+06,6.89,81.77,365000 4220000,3.5,Suitable,dodgerblue,YES,226.800415,2622.18562,13.6701620000003
365000,4220000,POTMH,14.76378,1e+06,6.69,81.6,365000 4220000,4.5,Suitable,dodgerblue,YES,226.800415,2622.18562,13.6701620000003
365000,4220000,POTMH,37.72966,1e+06,2.13,79.05,365000 4220000,11.5,Marginal,orange,YES,226.800415,2622.18562,13.6701620000003
365000,4220000,POTMH,1.64042,1e+06,7.08,81.9,365000 4220000,0.5,Suitable,dodgerblue,YES,226.800415,2622.18562,13.6701620000003
365000,4220000,POTMH,24.6063,1e+06,5.77,80.93,365000 4220000,7.5,Suitable,dodgerblue,YES,226.800415,2622.18562,13.6701620000003
365000,4220000,POTMH,63.97638,1e+06,0.4,75.2,365000 4220000,19.5,Unsuitable,black,YES,226.800415,2622.18562,13.6701620000003
365000,4220000,POTMH,4.92126,1e+06,7.03,81.9,365000 4220000,1.5,Suitable,dodgerblue,YES,226.800415,2622.18562,13.6701620000003
365000,4220000,POTMH,34.44882,1e+06,2.71,79.06,365000 4220000,10.5,Marginal,orange,YES,226.800415,2622.18562,13.6701620000003
365000,4220000,POTMH,18.04462,1e+06,6.32,81.28,365000 4220000,5.5,Suitable,dodgerblue,YES,226.800415,2622.18562,13.6701620000003
365000,4220000,POTMH,60.69554,1e+06,0.4,75.2,365000 4220000,18.5,Unsuitable,black,YES,226.800415,2622.18562,13.6701620000003
365000,4220000,POTMH,21.32546,1e+06,5.96,80.97,365000 4220000,6.5,Suitable,dodgerblue,YES,226.800415,2622.18562,13.6701620000003
365000,4220000,POTMH,54.13386,1e+06,0.4,75.2,365000 4220000,16.5,Unsuitable,black,YES,226.800415,2622.18562,13.6701620000003
365000,4220000,POTMH,50.85302,1e+06,0.4,75.3,365000 4220000,15.5,Unsuitable,black,YES,226.800415,2622.18562,13.6701620000003
365000,4220000,POTMH,41.0105,1e+06,0.7,75.7,365000 4220000,12.5,Unsuitable,black,YES,226.800415,2622.18562,13.6701620000003
365000,4220000,POTMH,44.29134,1e+06,0.47,75.5,365000 4220000,13.5,Unsuitable,black,YES,226.800415,2622.18562,13.6701620000003
365000,4220000,POTMH,31.16798,1e+06,3.75,79.92,365000 4220000,9.5,Tolerable,yellow,YES,226.800415,2622.18562,13.6701620000003
365000,4220000,POTMH,57.4147,1e+06,0.4,75.2,365000 4220000,17.5,Unsuitable,black,YES,226.800415,2622.18562,13.6701620000003
365000,4220000,POTMH,27.88714,1e+06,5.23,80.89,365000 4220000,8.5,Suitable,dodgerblue,YES,226.800415,2622.18562,13.6701620000003
365000,4220000,POTMH,8.2021,1e+06,6.99,81.9,365000 4220000,2.5,Suitable,dodgerblue,YES,226.800415,2622.18562,13.6701620000003
365000,4220000,POTMH,67.25722,1e+06,0.4,75.2,365000 4220000,20.5,Unsuitable,black,YES,226.800415,2622.18562,13.6701620000003
365000,4220000,POTMH,47.57218,1e+06,0.43,75.4,365000 4220000,14.5,Unsuitable,black,YES,226.800415,2622.18562,13.6701620000003
365000,4221000,POTMH,37.72966,1e+06,2.16,79.14,365000 4221000,11.5,Marginal,orange,YES,226.800415,2622.806991,14.2915330000001
365000,4221000,POTMH,34.44882,1e+06,2.76,79.15,365000 4221000,10.5,Marginal,orange,YES,226.800415,2622.806991,14.2915330000001
365000,4221000,POTMH,18.04462,1e+06,6.35,81.31,365000 4221000,5.5,Suitable,dodgerblue,YES,226.800415,2622.806991,14.2915330000001
365000,4221000,POTMH,31.16798,1e+06,3.81,80.02,365000 4221000,9.5,Tolerable,yellow,YES,226.800415,2622.806991,14.2915330000001
365000,4221000,POTMH,14.76378,1e+06,6.68,81.57,365000 4221000,4.5,Suitable,dodgerblue,YES,226.800415,2622.806991,14.2915330000001
365000,4221000,POTMH,1.64042,1e+06,7.06,81.85,365000 4221000,0.5,Suitable,dodgerblue,YES,226.800415,2622.806991,14.2915330000001
365000,4221000,POTMH,44.29134,1e+06,0.47,75.5,365000 4221000,13.5,Unsuitable,black,YES,226.800415,2622.806991,14.2915330000001
365000,4221000,POTMH,63.97638,1e+06,0.4,75.2,365000 4221000,19.5,Unsuitable,black,YES,226.800415,2622.806991,14.2915330000001
365000,4221000,POTMH,27.88714,1e+06,5.31,81,365000 4221000,8.5,Suitable,dodgerblue,YES,226.800415,2622.806991,14.2915330000001
365000,4221000,POTMH,41.0105,1e+06,0.7,75.7,365000 4221000,12.5,Unsuitable,black,YES,226.800415,2622.806991,14.2915330000001
365000,4221000,POTMH,60.69554,1e+06,0.4,75.2,365000 4221000,18.5,Unsuitable,black,YES,226.800415,2622.806991,14.2915330000001
365000,4221000,POTMH,21.32546,1e+06,6.03,81.06,365000 4221000,6.5,Suitable,dodgerblue,YES,226.800415,2622.806991,14.2915330000001
365000,4221000,POTMH,67.25722,1e+06,0.4,75.2,365000 4221000,20.5,Unsuitable,black,YES,226.800415,2622.806991,14.2915330000001
365000,4221000,POTMH,24.6063,1e+06,5.86,81.03,365000 4221000,7.5,Suitable,dodgerblue,YES,226.800415,2622.806991,14.2915330000001
365000,4221000,POTMH,47.57218,1e+06,0.43,75.4,365000 4221000,14.5,Unsuitable,black,YES,226.800415,2622.806991,14.2915330000001
365000,4221000,POTMH,70.53806,1e+06,0.4,75.2,365000 4221000,21.5,Unsuitable,black,YES,226.800415,2622.806991,14.2915330000001
365000,4221000,POTMH,4.92126,1e+06,7.01,81.85,365000 4221000,1.5,Suitable,dodgerblue,YES,226.800415,2622.806991,14.2915330000001
365000,4221000,POTMH,11.48294,1e+06,6.87,81.73,365000 4221000,3.5,Suitable,dodgerblue,YES,226.800415,2622.806991,14.2915330000001
365000,4221000,POTMH,50.85302,1e+06,0.4,75.3,365000 4221000,15.5,Unsuitable,black,YES,226.800415,2622.806991,14.2915330000001
365000,4221000,POTMH,54.13386,1e+06,0.4,75.2,365000 4221000,16.5,Unsuitable,black,YES,226.800415,2622.806991,14.2915330000001
365000,4221000,POTMH,8.2021,1e+06,6.97,81.85,365000 4221000,2.5,Suitable,dodgerblue,YES,226.800415,2622.806991,14.2915330000001
365000,4221000,POTMH,57.4147,1e+06,0.4,75.2,365000 4221000,17.5,Unsuitable,black,YES,226.800415,2622.806991,14.2915330000001
366000,4219000,POTMH,31.16798,1e+06,3.61,79.7,366000 4219000,9.5,Tolerable,yellow,YES,227.421786,2621.564249,13.0487910000002
366000,4219000,POTMH,34.44882,1e+06,2.6,78.87,366000 4219000,10.5,Marginal,orange,YES,227.421786,2621.564249,13.0487910000002
366000,4219000,POTMH,70.53806,1e+06,0.4,75.2,366000 4219000,21.5,Unsuitable,black,YES,227.421786,2621.564249,13.0487910000002
366000,4219000,POTMH,21.32546,1e+06,5.79,80.78,366000 4219000,6.5,Suitable,dodgerblue,YES,227.421786,2621.564249,13.0487910000002
366000,4219000,POTMH,60.69554,1e+06,0.4,75.2,366000 4219000,18.5,Unsuitable,black,YES,227.421786,2621.564249,13.0487910000002
366000,4219000,POTMH,1.64042,1e+06,7.13,82.01,366000 4219000,0.5,Suitable,dodgerblue,YES,227.421786,2621.564249,13.0487910000002
366000,4219000,POTMH,37.72966,1e+06,2.05,78.85,366000 4219000,11.5,Marginal,orange,YES,227.421786,2621.564249,13.0487910000002
366000,4219000,POTMH,27.88714,1e+06,5.05,80.66,366000 4219000,8.5,Suitable,dodgerblue,YES,227.421786,2621.564249,13.0487910000002
366000,4219000,POTMH,11.48294,1e+06,6.95,81.87,366000 4219000,3.5,Suitable,dodgerblue,YES,227.421786,2621.564249,13.0487910000002
366000,4219000,POTMH,63.97638,1e+06,0.4,75.2,366000 4219000,19.5,Unsuitable,black,YES,227.421786,2621.564249,13.0487910000002
366000,4219000,POTMH,18.04462,1e+06,6.24,81.21,366000 4219000,5.5,Suitable,dodgerblue,YES,227.421786,2621.564249,13.0487910000002
366000,4219000,POTMH,44.29134,1e+06,0.47,75.5,366000 4219000,13.5,Unsuitable,black,YES,227.421786,2621.564249,13.0487910000002
366000,4219000,POTMH,50.85302,1e+06,0.4,75.3,366000 4219000,15.5,Unsuitable,black,YES,227.421786,2621.564249,13.0487910000002
366000,4219000,POTMH,14.76378,1e+06,6.72,81.66,366000 4219000,4.5,Suitable,dodgerblue,YES,227.421786,2621.564249,13.0487910000002
366000,4219000,POTMH,8.2021,1e+06,7.04,82.01,366000 4219000,2.5,Suitable,dodgerblue,YES,227.421786,2621.564249,13.0487910000002
366000,4219000,POTMH,67.25722,1e+06,0.4,75.2,366000 4219000,20.5,Unsuitable,black,YES,227.421786,2621.564249,13.0487910000002
366000,4219000,POTMH,24.6063,1e+06,5.58,80.72,366000 4219000,7.5,Suitable,dodgerblue,YES,227.421786,2621.564249,13.0487910000002
366000,4219000,POTMH,54.13386,1e+06,0.4,75.2,366000 4219000,16.5,Unsuitable,black,YES,227.421786,2621.564249,13.0487910000002
366000,4219000,POTMH,57.4147,1e+06,0.4,75.2,366000 4219000,17.5,Unsuitable,black,YES,227.421786,2621.564249,13.0487910000002
366000,4219000,POTMH,41.0105,1e+06,0.7,75.7,366000 4219000,12.5,Unsuitable,black,YES,227.421786,2621.564249,13.0487910000002
366000,4219000,POTMH,47.57218,1e+06,0.43,75.4,366000 4219000,14.5,Unsuitable,black,YES,227.421786,2621.564249,13.0487910000002
366000,4219000,POTMH,4.92126,1e+06,7.08,82.01,366000 4219000,1.5,Suitable,dodgerblue,YES,227.421786,2621.564249,13.0487910000002
367000,4217000,POTMH,54.13386,1e+06,0.4,75.2,367000 4217000,16.5,Unsuitable,black,YES,228.043157,2620.321507,11.8060490000003
367000,4217000,POTMH,50.85302,1e+06,0.4,75.3,367000 4217000,15.5,Unsuitable,black,YES,228.043157,2620.321507,11.8060490000003
367000,4217000,POTMH,44.29134,1e+06,0.47,75.5,367000 4217000,13.5,Unsuitable,black,YES,228.043157,2620.321507,11.8060490000003
367000,4217000,POTMH,11.48294,1e+06,7.06,82.06,367000 4217000,3.5,Suitable,dodgerblue,YES,228.043157,2620.321507,11.8060490000003
367000,4217000,POTMH,14.76378,1e+06,6.77,81.77,367000 4217000,4.5,Suitable,dodgerblue,YES,228.043157,2620.321507,11.8060490000003
367000,4217000,POTMH,47.57218,1e+06,0.43,75.4,367000 4217000,14.5,Unsuitable,black,YES,228.043157,2620.321507,11.8060490000003
367000,4217000,POTMH,4.92126,1e+06,7.18,82.24,367000 4217000,1.5,Suitable,dodgerblue,YES,228.043157,2620.321507,11.8060490000003
367000,4217000,POTMH,1.64042,1e+06,7.22,82.24,367000 4217000,0.5,Suitable,dodgerblue,YES,228.043157,2620.321507,11.8060490000003
367000,4217000,POTMH,8.2021,1e+06,7.15,82.24,367000 4217000,2.5,Suitable,dodgerblue,YES,228.043157,2620.321507,11.8060490000003
367000,4217000,POTMH,41.0105,1e+06,0.7,75.7,367000 4217000,12.5,Unsuitable,black,YES,228.043157,2620.321507,11.8060490000003
367000,4217000,POTMH,34.44882,1e+06,2.38,78.47,367000 4217000,10.5,Marginal,orange,YES,228.043157,2620.321507,11.8060490000003
367000,4217000,POTMH,24.6063,1e+06,5.2,80.29,367000 4217000,7.5,Suitable,dodgerblue,YES,228.043157,2620.321507,11.8060490000003
367000,4217000,POTMH,37.72966,1e+06,1.9,78.45,367000 4217000,11.5,Unsuitable,black,YES,228.043157,2620.321507,11.8060490000003
367000,4217000,POTMH,18.04462,1e+06,6.08,81.07,367000 4217000,5.5,Suitable,dodgerblue,YES,228.043157,2620.321507,11.8060490000003
367000,4217000,POTMH,21.32546,1e+06,5.45,80.4,367000 4217000,6.5,Suitable,dodgerblue,YES,228.043157,2620.321507,11.8060490000003
367000,4217000,POTMH,27.88714,1e+06,4.68,80.18,367000 4217000,8.5,Suitable,dodgerblue,YES,228.043157,2620.321507,11.8060490000003
367000,4217000,POTMH,31.16798,1e+06,3.32,79.27,367000 4217000,9.5,Tolerable,yellow,YES,228.043157,2620.321507,11.8060490000003
367000,4218000,POTMH,47.57218,1e+06,0.43,75.4,367000 4218000,14.5,Unsuitable,black,YES,228.043157,2620.942878,12.42742
367000,4218000,POTMH,50.85302,1e+06,0.4,75.3,367000 4218000,15.5,Unsuitable,black,YES,228.043157,2620.942878,12.42742
367000,4218000,POTMH,41.0105,1e+06,0.7,75.7,367000 4218000,12.5,Unsuitable,black,YES,228.043157,2620.942878,12.42742
367000,4218000,POTMH,44.29134,1e+06,0.47,75.5,367000 4218000,13.5,Unsuitable,black,YES,228.043157,2620.942878,12.42742
367000,4218000,POTMH,34.44882,1e+06,2.46,78.62,367000 4218000,10.5,Marginal,orange,YES,228.043157,2620.942878,12.42742
367000,4218000,POTMH,27.88714,1e+06,4.81,80.36,367000 4218000,8.5,Suitable,dodgerblue,YES,228.043157,2620.942878,12.42742
367000,4218000,POTMH,14.76378,1e+06,6.75,81.73,367000 4218000,4.5,Suitable,dodgerblue,YES,228.043157,2620.942878,12.42742
367000,4218000,POTMH,37.72966,1e+06,1.96,78.59,367000 4218000,11.5,Unsuitable,black,YES,228.043157,2620.942878,12.42742
367000,4218000,POTMH,21.32546,1e+06,5.57,80.54,367000 4218000,6.5,Suitable,dodgerblue,YES,228.043157,2620.942878,12.42742
367000,4218000,POTMH,54.13386,1e+06,0.4,75.2,367000 4218000,16.5,Unsuitable,black,YES,228.043157,2620.942878,12.42742
367000,4218000,POTMH,31.16798,1e+06,3.42,79.43,367000 4218000,9.5,Tolerable,yellow,YES,228.043157,2620.942878,12.42742
367000,4218000,POTMH,8.2021,1e+06,7.11,82.16,367000 4218000,2.5,Suitable,dodgerblue,YES,228.043157,2620.942878,12.42742
367000,4218000,POTMH,4.92126,1e+06,7.15,82.16,367000 4218000,1.5,Suitable,dodgerblue,YES,228.043157,2620.942878,12.42742
367000,4218000,POTMH,18.04462,1e+06,6.14,81.12,367000 4218000,5.5,Suitable,dodgerblue,YES,228.043157,2620.942878,12.42742
367000,4218000,POTMH,11.48294,1e+06,7.02,81.99,367000 4218000,3.5,Suitable,dodgerblue,YES,228.043157,2620.942878,12.42742
367000,4218000,POTMH,24.6063,1e+06,5.34,80.45,367000 4218000,7.5,Suitable,dodgerblue,YES,228.043157,2620.942878,12.42742
367000,4218000,POTMH,1.64042,1e+06,7.18,82.16,367000 4218000,0.5,Suitable,dodgerblue,YES,228.043157,2620.942878,12.42742
368000,4216000,POTMH,27.88714,1e+06,4.39,79.81,368000 4216000,8.5,Suitable,dodgerblue,YES,228.664528,2619.700136,11.1846780000001
368000,4216000,POTMH,24.6063,1e+06,4.9,79.95,368000 4216000,7.5,Suitable,dodgerblue,YES,228.664528,2619.700136,11.1846780000001
368000,4216000,POTMH,34.44882,1e+06,2.21,78.16,368000 4216000,10.5,Marginal,orange,YES,228.664528,2619.700136,11.1846780000001
368000,4216000,POTMH,31.16798,1e+06,3.09,78.92,368000 4216000,9.5,Tolerable,yellow,YES,228.664528,2619.700136,11.1846780000001
368000,4216000,POTMH,21.32546,1e+06,5.18,80.1,368000 4216000,6.5,Suitable,dodgerblue,YES,228.664528,2619.700136,11.1846780000001
368000,4216000,POTMH,50.85302,1e+06,0.4,75.3,368000 4216000,15.5,Unsuitable,black,YES,228.664528,2619.700136,11.1846780000001
368000,4216000,POTMH,18.04462,1e+06,5.96,80.96,368000 4216000,5.5,Suitable,dodgerblue,YES,228.664528,2619.700136,11.1846780000001
368000,4216000,POTMH,8.2021,1e+06,7.23,82.43,368000 4216000,2.5,Tolerable,yellow,YES,228.664528,2619.700136,11.1846780000001
368000,4216000,POTMH,37.72966,1e+06,1.78,78.13,368000 4216000,11.5,Unsuitable,black,YES,228.664528,2619.700136,11.1846780000001
368000,4216000,POTMH,54.13386,1e+06,0.4,75.2,368000 4216000,16.5,Unsuitable,black,YES,228.664528,2619.700136,11.1846780000001
368000,4216000,POTMH,47.57218,1e+06,0.43,75.4,368000 4216000,14.5,Unsuitable,black,YES,228.664528,2619.700136,11.1846780000001
368000,4216000,POTMH,1.64042,1e+06,7.29,82.43,368000 4216000,0.5,Tolerable,yellow,YES,228.664528,2619.700136,11.1846780000001
368000,4216000,POTMH,41.0105,1e+06,0.7,75.7,368000 4216000,12.5,Unsuitable,black,YES,228.664528,2619.700136,11.1846780000001
368000,4216000,POTMH,4.92126,1e+06,7.26,82.43,368000 4216000,1.5,Tolerable,yellow,YES,228.664528,2619.700136,11.1846780000001
368000,4216000,POTMH,44.29134,1e+06,0.47,75.5,368000 4216000,13.5,Unsuitable,black,YES,228.664528,2619.700136,11.1846780000001
368000,4216000,POTMH,14.76378,1e+06,6.81,81.86,368000 4216000,4.5,Suitable,dodgerblue,YES,228.664528,2619.700136,11.1846780000001
368000,4216000,POTMH,11.48294,1e+06,7.15,82.22,368000 4216000,3.5,Suitable,dodgerblue,YES,228.664528,2619.700136,11.1846780000001
370000,4215000,POTMH,37.72966,1e+06,1.57,77.39,370000 4215000,11.5,Unsuitable,black,YES,229.90727,2619.078765,10.5633070000004
370000,4215000,POTMH,31.16798,1e+06,2.75,78.21,370000 4215000,9.5,Marginal,orange,YES,229.90727,2619.078765,10.5633070000004
370000,4215000,POTMH,18.04462,1e+06,5.99,81.1,370000 4215000,5.5,Suitable,dodgerblue,YES,229.90727,2619.078765,10.5633070000004
370000,4215000,POTMH,34.44882,1e+06,1.89,77.46,370000 4215000,10.5,Unsuitable,black,YES,229.90727,2619.078765,10.5633070000004
370000,4215000,POTMH,21.32546,1e+06,5.03,79.91,370000 4215000,6.5,Suitable,dodgerblue,YES,229.90727,2619.078765,10.5633070000004
370000,4215000,POTMH,54.13386,1e+06,0.66,75.42,370000 4215000,16.5,Unsuitable,black,YES,229.90727,2619.078765,10.5633070000004
370000,4215000,POTMH,27.88714,1e+06,4.05,79.18,370000 4215000,8.5,Suitable,dodgerblue,YES,229.90727,2619.078765,10.5633070000004
370000,4215000,POTMH,24.6063,1e+06,4.64,79.51,370000 4215000,7.5,Suitable,dodgerblue,YES,229.90727,2619.078765,10.5633070000004
370000,4215000,POTMH,50.85302,1e+06,0.66,75.52,370000 4215000,15.5,Unsuitable,black,YES,229.90727,2619.078765,10.5633070000004
370000,4215000,POTMH,8.2021,1e+06,7.5,82.91,370000 4215000,2.5,Tolerable,yellow,YES,229.90727,2619.078765,10.5633070000004
370000,4215000,POTMH,47.57218,1e+06,0.68,75.62,370000 4215000,14.5,Unsuitable,black,YES,229.90727,2619.078765,10.5633070000004
370000,4215000,POTMH,41.0105,1e+06,0.86,75.77,370000 4215000,12.5,Unsuitable,black,YES,229.90727,2619.078765,10.5633070000004
370000,4215000,POTMH,11.48294,1e+06,7.42,82.67,370000 4215000,3.5,Tolerable,yellow,YES,229.90727,2619.078765,10.5633070000004
370000,4215000,POTMH,14.76378,1e+06,7.03,82.24,370000 4215000,4.5,Suitable,dodgerblue,YES,229.90727,2619.078765,10.5633070000004
370000,4215000,POTMH,1.64042,1e+06,7.55,82.93,370000 4215000,0.5,Tolerable,yellow,YES,229.90727,2619.078765,10.5633070000004
370000,4215000,POTMH,4.92126,1e+06,7.53,82.94,370000 4215000,1.5,Tolerable,yellow,YES,229.90727,2619.078765,10.5633070000004
370000,4215000,POTMH,44.29134,1e+06,0.71,75.67,370000 4215000,13.5,Unsuitable,black,YES,229.90727,2619.078765,10.5633070000004
374000,4214000,POTMH,1.64042,1e+06,7.72,83.37,374000 4214000,0.5,Tolerable,yellow,YES,232.392754,2618.457394,9.94193600000017
374000,4214000,POTMH,18.04462,1e+06,5.69,80.84,374000 4214000,5.5,Suitable,dodgerblue,YES,232.392754,2618.457394,9.94193600000017
374000,4214000,POTMH,21.32546,1e+06,4.37,79.18,374000 4214000,6.5,Suitable,dodgerblue,YES,232.392754,2618.457394,9.94193600000017
374000,4214000,POTMH,63.97638,1e+06,1.48,76.1,374000 4214000,19.5,Unsuitable,black,YES,232.392754,2618.457394,9.94193600000017
374000,4214000,POTMH,31.16798,1e+06,2.2,77.37,374000 4214000,9.5,Marginal,orange,YES,232.392754,2618.457394,9.94193600000017
374000,4214000,POTMH,14.76378,1e+06,7.13,82.46,374000 4214000,4.5,Tolerable,yellow,YES,232.392754,2618.457394,9.94193600000017
374000,4214000,POTMH,34.44882,1e+06,1.47,76.71,374000 4214000,10.5,Unsuitable,black,YES,232.392754,2618.457394,9.94193600000017
374000,4214000,POTMH,37.72966,1e+06,1.28,76.61,374000 4214000,11.5,Unsuitable,black,YES,232.392754,2618.457394,9.94193600000017
374000,4214000,POTMH,60.69554,1e+06,1.5,76.1,374000 4214000,18.5,Unsuitable,black,YES,232.392754,2618.457394,9.94193600000017
374000,4214000,POTMH,27.88714,1e+06,3.33,78.27,374000 4214000,8.5,Tolerable,yellow,YES,232.392754,2618.457394,9.94193600000017
374000,4214000,POTMH,44.29134,1e+06,0.64,75.62,374000 4214000,13.5,Unsuitable,black,YES,232.392754,2618.457394,9.94193600000017
374000,4214000,POTMH,8.2021,1e+06,7.71,83.36,374000 4214000,2.5,Tolerable,yellow,YES,232.392754,2618.457394,9.94193600000017
374000,4214000,POTMH,24.6063,1e+06,3.9,78.69,374000 4214000,7.5,Tolerable,yellow,YES,232.392754,2618.457394,9.94193600000017
374000,4214000,POTMH,41.0105,1e+06,0.81,75.75,374000 4214000,12.5,Unsuitable,black,YES,232.392754,2618.457394,9.94193600000017
374000,4214000,POTMH,54.13386,1e+06,0.59,75.36,374000 4214000,16.5,Unsuitable,black,YES,232.392754,2618.457394,9.94193600000017
374000,4214000,POTMH,11.48294,1e+06,7.63,83.05,374000 4214000,3.5,Tolerable,yellow,YES,232.392754,2618.457394,9.94193600000017
374000,4214000,POTMH,57.4147,1e+06,0.59,75.36,374000 4214000,17.5,Unsuitable,black,YES,232.392754,2618.457394,9.94193600000017
374000,4214000,POTMH,4.92126,1e+06,7.72,83.39,374000 4214000,1.5,Tolerable,yellow,YES,232.392754,2618.457394,9.94193600000017
374000,4214000,POTMH,50.85302,1e+06,0.59,75.46,374000 4214000,15.5,Unsuitable,black,YES,232.392754,2618.457394,9.94193600000017
374000,4214000,POTMH,47.57218,1e+06,0.61,75.56,374000 4214000,14.5,Unsuitable,black,YES,232.392754,2618.457394,9.94193600000017
376000,4213000,POTMH,14.76378,1e+06,7.14,82.52,376000 4213000,4.5,Tolerable,yellow,YES,233.635496,2617.836023,9.32056499999999
376000,4213000,POTMH,11.48294,1e+06,7.7,83.18,376000 4213000,3.5,Tolerable,yellow,YES,233.635496,2617.836023,9.32056499999999
376000,4213000,POTMH,24.6063,1e+06,3.51,78.27,376000 4213000,7.5,Tolerable,yellow,YES,233.635496,2617.836023,9.32056499999999
376000,4213000,POTMH,63.97638,1e+06,1.48,76.1,376000 4213000,19.5,Unsuitable,black,YES,233.635496,2617.836023,9.32056499999999
376000,4213000,POTMH,8.2021,1e+06,7.77,83.53,376000 4213000,2.5,Tolerable,yellow,YES,233.635496,2617.836023,9.32056499999999
376000,4213000,POTMH,27.88714,1e+06,2.97,77.84,376000 4213000,8.5,Marginal,orange,YES,233.635496,2617.836023,9.32056499999999
376000,4213000,POTMH,57.4147,1e+06,0.53,75.31,376000 4213000,17.5,Unsuitable,black,YES,233.635496,2617.836023,9.32056499999999
376000,4213000,POTMH,60.69554,1e+06,1.5,76.1,376000 4213000,18.5,Unsuitable,black,YES,233.635496,2617.836023,9.32056499999999
376000,4213000,POTMH,37.72966,1e+06,1.14,76.29,376000 4213000,11.5,Unsuitable,black,YES,233.635496,2617.836023,9.32056499999999
376000,4213000,POTMH,21.32546,1e+06,4,78.77,376000 4213000,6.5,Suitable,dodgerblue,YES,233.635496,2617.836023,9.32056499999999
376000,4213000,POTMH,1.64042,1e+06,7.78,83.54,376000 4213000,0.5,Tolerable,yellow,YES,233.635496,2617.836023,9.32056499999999
376000,4213000,POTMH,31.16798,1e+06,1.93,77,376000 4213000,9.5,Unsuitable,black,YES,233.635496,2617.836023,9.32056499999999
376000,4213000,POTMH,50.85302,1e+06,0.53,75.41,376000 4213000,15.5,Unsuitable,black,YES,233.635496,2617.836023,9.32056499999999
376000,4213000,POTMH,18.04462,1e+06,5.5,80.64,376000 4213000,5.5,Suitable,dodgerblue,YES,233.635496,2617.836023,9.32056499999999
376000,4213000,POTMH,4.92126,1e+06,7.78,83.55,376000 4213000,1.5,Tolerable,yellow,YES,233.635496,2617.836023,9.32056499999999
376000,4213000,POTMH,34.44882,1e+06,1.28,76.39,376000 4213000,10.5,Unsuitable,black,YES,233.635496,2617.836023,9.32056499999999
376000,4213000,POTMH,47.57218,1e+06,0.56,75.51,376000 4213000,14.5,Unsuitable,black,YES,233.635496,2617.836023,9.32056499999999
376000,4213000,POTMH,41.0105,1e+06,0.78,75.74,376000 4213000,12.5,Unsuitable,black,YES,233.635496,2617.836023,9.32056499999999
376000,4213000,POTMH,54.13386,1e+06,0.53,75.31,376000 4213000,16.5,Unsuitable,black,YES,233.635496,2617.836023,9.32056499999999
376000,4213000,POTMH,44.29134,1e+06,0.59,75.59,376000 4213000,13.5,Unsuitable,black,YES,233.635496,2617.836023,9.32056499999999
377000,4212000,POTMH,31.16798,1e+06,1.78,76.81,377000 4212000,9.5,Unsuitable,black,YES,234.256867,2617.214652,8.69919400000026
377000,4212000,POTMH,18.04462,1e+06,5.37,80.51,377000 4212000,5.5,Suitable,dodgerblue,YES,234.256867,2617.214652,8.69919400000026
377000,4212000,POTMH,57.4147,1e+06,0.49,75.28,377000 4212000,17.5,Unsuitable,black,YES,234.256867,2617.214652,8.69919400000026
377000,4212000,POTMH,37.72966,1e+06,1.07,76.14,377000 4212000,11.5,Unsuitable,black,YES,234.256867,2617.214652,8.69919400000026
377000,4212000,POTMH,21.32546,1e+06,3.77,78.52,377000 4212000,6.5,Tolerable,yellow,YES,234.256867,2617.214652,8.69919400000026
377000,4212000,POTMH,27.88714,1e+06,2.76,77.61,377000 4212000,8.5,Marginal,orange,YES,234.256867,2617.214652,8.69919400000026
377000,4212000,POTMH,34.44882,1e+06,1.18,76.24,377000 4212000,10.5,Unsuitable,black,YES,234.256867,2617.214652,8.69919400000026
377000,4212000,POTMH,4.92126,1e+06,7.8,83.62,377000 4212000,1.5,Tolerable,yellow,YES,234.256867,2617.214652,8.69919400000026
377000,4212000,POTMH,8.2021,1e+06,7.79,83.6,377000 4212000,2.5,Tolerable,yellow,YES,234.256867,2617.214652,8.69919400000026
377000,4212000,POTMH,14.76378,1e+06,7.14,82.53,377000 4212000,4.5,Tolerable,yellow,YES,234.256867,2617.214652,8.69919400000026
377000,4212000,POTMH,11.48294,1e+06,7.73,83.23,377000 4212000,3.5,Tolerable,yellow,YES,234.256867,2617.214652,8.69919400000026
377000,4212000,POTMH,50.85302,1e+06,0.49,75.38,377000 4212000,15.5,Unsuitable,black,YES,234.256867,2617.214652,8.69919400000026
377000,4212000,POTMH,47.57218,1e+06,0.52,75.48,377000 4212000,14.5,Unsuitable,black,YES,234.256867,2617.214652,8.69919400000026
377000,4212000,POTMH,1.64042,1e+06,7.79,83.61,377000 4212000,0.5,Tolerable,yellow,YES,234.256867,2617.214652,8.69919400000026
377000,4212000,POTMH,24.6063,1e+06,3.27,78.04,377000 4212000,7.5,Tolerable,yellow,YES,234.256867,2617.214652,8.69919400000026
377000,4212000,POTMH,54.13386,1e+06,0.49,75.28,377000 4212000,16.5,Unsuitable,black,YES,234.256867,2617.214652,8.69919400000026
377000,4212000,POTMH,44.29134,1e+06,0.56,75.56,377000 4212000,13.5,Unsuitable,black,YES,234.256867,2617.214652,8.69919400000026
377000,4212000,POTMH,41.0105,1e+06,0.76,75.73,377000 4212000,12.5,Unsuitable,black,YES,234.256867,2617.214652,8.69919400000026
378000,4211000,POTMH,27.88714,1e+06,2.64,77.51,378000 4211000,8.5,Marginal,orange,YES,234.878238,2616.593281,8.07782300000008
378000,4211000,POTMH,47.57218,1e+06,0.53,75.5,378000 4211000,14.5,Unsuitable,black,YES,234.878238,2616.593281,8.07782300000008
378000,4211000,POTMH,50.85302,1e+06,0.51,75.4,378000 4211000,15.5,Unsuitable,black,YES,234.878238,2616.593281,8.07782300000008
378000,4211000,POTMH,8.2021,1e+06,7.79,83.63,378000 4211000,2.5,Tolerable,yellow,YES,234.878238,2616.593281,8.07782300000008
378000,4211000,POTMH,54.13386,1e+06,0.51,75.3,378000 4211000,16.5,Unsuitable,black,YES,234.878238,2616.593281,8.07782300000008
378000,4211000,POTMH,14.76378,1e+06,7.13,82.53,378000 4211000,4.5,Tolerable,yellow,YES,234.878238,2616.593281,8.07782300000008
378000,4211000,POTMH,24.6063,1e+06,3.14,77.95,378000 4211000,7.5,Tolerable,yellow,YES,234.878238,2616.593281,8.07782300000008
378000,4211000,POTMH,21.32546,1e+06,3.65,78.41,378000 4211000,6.5,Tolerable,yellow,YES,234.878238,2616.593281,8.07782300000008
378000,4211000,POTMH,60.69554,1e+06,1.64,76.28,378000 4211000,18.5,Unsuitable,black,YES,234.878238,2616.593281,8.07782300000008
378000,4211000,POTMH,11.48294,1e+06,7.73,83.26,378000 4211000,3.5,Tolerable,yellow,YES,234.878238,2616.593281,8.07782300000008
378000,4211000,POTMH,4.92126,1e+06,7.79,83.65,378000 4211000,1.5,Tolerable,yellow,YES,234.878238,2616.593281,8.07782300000008
378000,4211000,POTMH,18.04462,1e+06,5.31,80.45,378000 4211000,5.5,Suitable,dodgerblue,YES,234.878238,2616.593281,8.07782300000008
378000,4211000,POTMH,37.72966,1e+06,1.06,76.07,378000 4211000,11.5,Unsuitable,black,YES,234.878238,2616.593281,8.07782300000008
378000,4211000,POTMH,41.0105,1e+06,0.78,75.77,378000 4211000,12.5,Unsuitable,black,YES,234.878238,2616.593281,8.07782300000008
378000,4211000,POTMH,57.4147,1e+06,0.5,75.29,378000 4211000,17.5,Unsuitable,black,YES,234.878238,2616.593281,8.07782300000008
378000,4211000,POTMH,44.29134,1e+06,0.58,75.59,378000 4211000,13.5,Unsuitable,black,YES,234.878238,2616.593281,8.07782300000008
378000,4211000,POTMH,31.16798,1e+06,1.72,76.76,378000 4211000,9.5,Unsuitable,black,YES,234.878238,2616.593281,8.07782300000008
378000,4211000,POTMH,34.44882,1e+06,1.16,76.2,378000 4211000,10.5,Unsuitable,black,YES,234.878238,2616.593281,8.07782300000008
378000,4211000,POTMH,1.64042,1e+06,7.8,83.65,378000 4211000,0.5,Tolerable,yellow,YES,234.878238,2616.593281,8.07782300000008
379000,4210000,POTMH,24.6063,1e+06,2.97,77.78,379000 4210000,7.5,Marginal,orange,YES,235.499609,2615.97191,7.45645200000035
379000,4210000,POTMH,57.4147,1e+06,0.45,75.25,379000 4210000,17.5,Unsuitable,black,YES,235.499609,2615.97191,7.45645200000035
379000,4210000,POTMH,27.88714,1e+06,2.49,77.36,379000 4210000,8.5,Marginal,orange,YES,235.499609,2615.97191,7.45645200000035
379000,4210000,POTMH,21.32546,1e+06,3.48,78.21,379000 4210000,6.5,Tolerable,yellow,YES,235.499609,2615.97191,7.45645200000035
379000,4210000,POTMH,54.13386,1e+06,0.46,75.25,379000 4210000,16.5,Unsuitable,black,YES,235.499609,2615.97191,7.45645200000035
379000,4210000,POTMH,11.48294,1e+06,7.74,83.28,379000 4210000,3.5,Tolerable,yellow,YES,235.499609,2615.97191,7.45645200000035
379000,4210000,POTMH,14.76378,1e+06,7.11,82.52,379000 4210000,4.5,Tolerable,yellow,YES,235.499609,2615.97191,7.45645200000035
379000,4210000,POTMH,18.04462,1e+06,5.2,80.33,379000 4210000,5.5,Suitable,dodgerblue,YES,235.499609,2615.97191,7.45645200000035
379000,4210000,POTMH,31.16798,1e+06,1.61,76.63,379000 4210000,9.5,Unsuitable,black,YES,235.499609,2615.97191,7.45645200000035
379000,4210000,POTMH,41.0105,1e+06,0.74,75.74,379000 4210000,12.5,Unsuitable,black,YES,235.499609,2615.97191,7.45645200000035
379000,4210000,POTMH,44.29134,1e+06,0.53,75.55,379000 4210000,13.5,Unsuitable,black,YES,235.499609,2615.97191,7.45645200000035
379000,4210000,POTMH,47.57218,1e+06,0.48,75.45,379000 4210000,14.5,Unsuitable,black,YES,235.499609,2615.97191,7.45645200000035
379000,4210000,POTMH,50.85302,1e+06,0.46,75.35,379000 4210000,15.5,Unsuitable,black,YES,235.499609,2615.97191,7.45645200000035
379000,4210000,POTMH,8.2021,1e+06,7.79,83.67,379000 4210000,2.5,Tolerable,yellow,YES,235.499609,2615.97191,7.45645200000035
379000,4210000,POTMH,1.64042,1e+06,7.8,83.68,379000 4210000,0.5,Tolerable,yellow,YES,235.499609,2615.97191,7.45645200000035
379000,4210000,POTMH,37.72966,1e+06,1.01,75.98,379000 4210000,11.5,Unsuitable,black,YES,235.499609,2615.97191,7.45645200000035
379000,4210000,POTMH,4.92126,1e+06,7.8,83.68,379000 4210000,1.5,Tolerable,yellow,YES,235.499609,2615.97191,7.45645200000035
379000,4210000,POTMH,34.44882,1e+06,1.08,76.1,379000 4210000,10.5,Unsuitable,black,YES,235.499609,2615.97191,7.45645200000035
381000,4209000,POTMH,24.6063,1e+06,2.81,77.61,381000 4209000,7.5,Marginal,orange,YES,236.742351,2615.350539,6.83508100000017
381000,4209000,POTMH,27.88714,1e+06,2.36,77.21,381000 4209000,8.5,Marginal,orange,YES,236.742351,2615.350539,6.83508100000017
381000,4209000,POTMH,31.16798,1e+06,1.51,76.51,381000 4209000,9.5,Unsuitable,black,YES,236.742351,2615.350539,6.83508100000017
381000,4209000,POTMH,34.44882,1e+06,1,76,381000 4209000,10.5,Unsuitable,black,YES,236.742351,2615.350539,6.83508100000017
381000,4209000,POTMH,67.25722,1e+06,1.58,76.26,381000 4209000,20.5,Unsuitable,black,YES,236.742351,2615.350539,6.83508100000017
381000,4209000,POTMH,63.97638,1e+06,1.61,76.26,381000 4209000,19.5,Unsuitable,black,YES,236.742351,2615.350539,6.83508100000017
381000,4209000,POTMH,21.32546,1e+06,3.31,78.01,381000 4209000,6.5,Tolerable,yellow,YES,236.742351,2615.350539,6.83508100000017
381000,4209000,POTMH,14.76378,1e+06,7.1,82.5,381000 4209000,4.5,Tolerable,yellow,YES,236.742351,2615.350539,6.83508100000017
381000,4209000,POTMH,18.04462,1e+06,5.11,80.21,381000 4209000,5.5,Suitable,dodgerblue,YES,236.742351,2615.350539,6.83508100000017
381000,4209000,POTMH,60.69554,1e+06,1.66,76.31,381000 4209000,18.5,Unsuitable,black,YES,236.742351,2615.350539,6.83508100000017
381000,4209000,POTMH,4.92126,1e+06,7.8,83.7,381000 4209000,1.5,Tolerable,yellow,YES,236.742351,2615.350539,6.83508100000017
381000,4209000,POTMH,8.2021,1e+06,7.8,83.7,381000 4209000,2.5,Tolerable,yellow,YES,236.742351,2615.350539,6.83508100000017
381000,4209000,POTMH,47.57218,1e+06,0.43,75.4,381000 4209000,14.5,Unsuitable,black,YES,236.742351,2615.350539,6.83508100000017
381000,4209000,POTMH,37.72966,1e+06,0.95,75.9,381000 4209000,11.5,Unsuitable,black,YES,236.742351,2615.350539,6.83508100000017
381000,4209000,POTMH,41.0105,1e+06,0.7,75.7,381000 4209000,12.5,Unsuitable,black,YES,236.742351,2615.350539,6.83508100000017
381000,4209000,POTMH,11.48294,1e+06,7.75,83.3,381000 4209000,3.5,Tolerable,yellow,YES,236.742351,2615.350539,6.83508100000017
381000,4209000,POTMH,57.4147,1e+06,0.4,75.2,381000 4209000,17.5,Unsuitable,black,YES,236.742351,2615.350539,6.83508100000017
381000,4209000,POTMH,1.64042,1e+06,7.8,83.7,381000 4209000,0.5,Tolerable,yellow,YES,236.742351,2615.350539,6.83508100000017
381000,4209000,POTMH,50.85302,1e+06,0.4,75.3,381000 4209000,15.5,Unsuitable,black,YES,236.742351,2615.350539,6.83508100000017
381000,4209000,POTMH,44.29134,1e+06,0.48,75.5,381000 4209000,13.5,Unsuitable,black,YES,236.742351,2615.350539,6.83508100000017
381000,4209000,POTMH,54.13386,1e+06,0.4,75.2,381000 4209000,16.5,Unsuitable,black,YES,236.742351,2615.350539,6.83508100000017
383000,4208000,POTMH,8.2021,1e+06,7.8,83.7,383000 4208000,2.5,Tolerable,yellow,YES,237.985093,2614.729168,6.21370999999999
383000,4208000,POTMH,4.92126,1e+06,7.8,83.7,383000 4208000,1.5,Tolerable,yellow,YES,237.985093,2614.729168,6.21370999999999
383000,4208000,POTMH,37.72966,1e+06,0.97,75.92,383000 4208000,11.5,Unsuitable,black,YES,237.985093,2614.729168,6.21370999999999
383000,4208000,POTMH,1.64042,1e+06,7.8,83.7,383000 4208000,0.5,Tolerable,yellow,YES,237.985093,2614.729168,6.21370999999999
383000,4208000,POTMH,41.0105,1e+06,0.72,75.72,383000 4208000,12.5,Unsuitable,black,YES,237.985093,2614.729168,6.21370999999999
383000,4208000,POTMH,44.29134,1e+06,0.5,75.52,383000 4208000,13.5,Unsuitable,black,YES,237.985093,2614.729168,6.21370999999999
383000,4208000,POTMH,24.6063,1e+06,2.86,77.66,383000 4208000,7.5,Marginal,orange,YES,237.985093,2614.729168,6.21370999999999
383000,4208000,POTMH,14.76378,1e+06,7.11,82.51,383000 4208000,4.5,Tolerable,yellow,YES,237.985093,2614.729168,6.21370999999999
383000,4208000,POTMH,47.57218,1e+06,0.45,75.42,383000 4208000,14.5,Unsuitable,black,YES,237.985093,2614.729168,6.21370999999999
383000,4208000,POTMH,34.44882,1e+06,1.03,76.03,383000 4208000,10.5,Unsuitable,black,YES,237.985093,2614.729168,6.21370999999999
383000,4208000,POTMH,11.48294,1e+06,7.75,83.3,383000 4208000,3.5,Tolerable,yellow,YES,237.985093,2614.729168,6.21370999999999
383000,4208000,POTMH,50.85302,1e+06,0.43,75.32,383000 4208000,15.5,Unsuitable,black,YES,237.985093,2614.729168,6.21370999999999
383000,4208000,POTMH,27.88714,1e+06,2.39,77.25,383000 4208000,8.5,Marginal,orange,YES,237.985093,2614.729168,6.21370999999999
383000,4208000,POTMH,21.32546,1e+06,3.36,78.08,383000 4208000,6.5,Tolerable,yellow,YES,237.985093,2614.729168,6.21370999999999
383000,4208000,POTMH,31.16798,1e+06,1.54,76.54,383000 4208000,9.5,Unsuitable,black,YES,237.985093,2614.729168,6.21370999999999
383000,4208000,POTMH,18.04462,1e+06,5.14,80.25,383000 4208000,5.5,Suitable,dodgerblue,YES,237.985093,2614.729168,6.21370999999999
384000,4204000,POTMH,31.16798,1e+06,1.99,77.06,384000 4204000,9.5,Unsuitable,black,YES,238.606464,2612.243684,3.72822600000018
384000,4204000,POTMH,37.72966,1e+06,1.28,76.24,384000 4204000,11.5,Unsuitable,black,YES,238.606464,2612.243684,3.72822600000018
384000,4204000,POTMH,1.64042,1e+06,7.8,83.7,384000 4204000,0.5,Tolerable,yellow,YES,238.606464,2612.243684,3.72822600000018
384000,4204000,POTMH,4.92126,1e+06,7.79,83.66,384000 4204000,1.5,Tolerable,yellow,YES,238.606464,2612.243684,3.72822600000018
384000,4204000,POTMH,8.2021,1e+06,7.74,83.6,384000 4204000,2.5,Tolerable,yellow,YES,238.606464,2612.243684,3.72822600000018
384000,4204000,POTMH,11.48294,1e+06,7.66,83.24,384000 4204000,3.5,Tolerable,yellow,YES,238.606464,2612.243684,3.72822600000018
384000,4204000,POTMH,24.6063,1e+06,3.37,78.27,384000 4204000,7.5,Tolerable,yellow,YES,238.606464,2612.243684,3.72822600000018
384000,4204000,POTMH,27.88714,1e+06,2.83,77.75,384000 4204000,8.5,Marginal,orange,YES,238.606464,2612.243684,3.72822600000018
384000,4204000,POTMH,21.32546,1e+06,3.94,78.83,384000 4204000,6.5,Tolerable,yellow,YES,238.606464,2612.243684,3.72822600000018
384000,4204000,POTMH,34.44882,1e+06,1.43,76.47,384000 4204000,10.5,Unsuitable,black,YES,238.606464,2612.243684,3.72822600000018
384000,4204000,POTMH,14.76378,1e+06,7.11,82.59,384000 4204000,4.5,Tolerable,yellow,YES,238.606464,2612.243684,3.72822600000018
384000,4204000,POTMH,18.04462,1e+06,5.47,80.72,384000 4204000,5.5,Suitable,dodgerblue,YES,238.606464,2612.243684,3.72822600000018
384000,4205000,POTMH,37.72966,1e+06,1.19,76.14,384000 4205000,11.5,Unsuitable,black,YES,238.606464,2612.865055,4.34959700000036
384000,4205000,POTMH,8.2021,1e+06,7.76,83.63,384000 4205000,2.5,Tolerable,yellow,YES,238.606464,2612.865055,4.34959700000036
384000,4205000,POTMH,21.32546,1e+06,3.78,78.62,384000 4205000,6.5,Tolerable,yellow,YES,238.606464,2612.865055,4.34959700000036
384000,4205000,POTMH,24.6063,1e+06,3.23,78.09,384000 4205000,7.5,Tolerable,yellow,YES,238.606464,2612.865055,4.34959700000036
384000,4205000,POTMH,14.76378,1e+06,7.11,82.57,384000 4205000,4.5,Tolerable,yellow,YES,238.606464,2612.865055,4.34959700000036
384000,4205000,POTMH,18.04462,1e+06,5.38,80.59,384000 4205000,5.5,Suitable,dodgerblue,YES,238.606464,2612.865055,4.34959700000036
384000,4205000,POTMH,31.16798,1e+06,1.86,76.9,384000 4205000,9.5,Unsuitable,black,YES,238.606464,2612.865055,4.34959700000036
384000,4205000,POTMH,27.88714,1e+06,2.71,77.6,384000 4205000,8.5,Marginal,orange,YES,238.606464,2612.865055,4.34959700000036
384000,4205000,POTMH,11.48294,1e+06,7.69,83.26,384000 4205000,3.5,Tolerable,yellow,YES,238.606464,2612.865055,4.34959700000036
384000,4205000,POTMH,1.64042,1e+06,7.81,83.7,384000 4205000,0.5,Tolerable,yellow,YES,238.606464,2612.865055,4.34959700000036
384000,4205000,POTMH,4.92126,1e+06,7.8,83.68,384000 4205000,1.5,Tolerable,yellow,YES,238.606464,2612.865055,4.34959700000036
384000,4205000,POTMH,34.44882,1e+06,1.31,76.33,384000 4205000,10.5,Unsuitable,black,YES,238.606464,2612.865055,4.34959700000036
384000,4206000,POTMH,11.48294,1e+06,7.75,83.31,384000 4206000,3.5,Tolerable,yellow,YES,238.606464,2613.486426,4.97096800000008
384000,4206000,POTMH,8.2021,1e+06,7.8,83.68,384000 4206000,2.5,Tolerable,yellow,YES,238.606464,2613.486426,4.97096800000008
384000,4206000,POTMH,27.88714,1e+06,2.57,77.44,384000 4206000,8.5,Marginal,orange,YES,238.606464,2613.486426,4.97096800000008
384000,4206000,POTMH,41.0105,1e+06,0.82,75.8,384000 4206000,12.5,Unsuitable,black,YES,238.606464,2613.486426,4.97096800000008
384000,4206000,POTMH,1.64042,1e+06,7.81,83.71,384000 4206000,0.5,Tolerable,yellow,YES,238.606464,2613.486426,4.97096800000008
384000,4206000,POTMH,37.72966,1e+06,1.05,75.99,384000 4206000,11.5,Unsuitable,black,YES,238.606464,2613.486426,4.97096800000008
384000,4206000,POTMH,18.04462,1e+06,5.29,80.45,384000 4206000,5.5,Suitable,dodgerblue,YES,238.606464,2613.486426,4.97096800000008
384000,4206000,POTMH,4.92126,1e+06,7.81,83.7,384000 4206000,1.5,Tolerable,yellow,YES,238.606464,2613.486426,4.97096800000008
384000,4206000,POTMH,34.44882,1e+06,1.14,76.15,384000 4206000,10.5,Unsuitable,black,YES,238.606464,2613.486426,4.97096800000008
384000,4206000,POTMH,24.6063,1e+06,3.07,77.9,384000 4206000,7.5,Tolerable,yellow,YES,238.606464,2613.486426,4.97096800000008
384000,4206000,POTMH,31.16798,1e+06,1.69,76.72,384000 4206000,9.5,Unsuitable,black,YES,238.606464,2613.486426,4.97096800000008
384000,4206000,POTMH,14.76378,1e+06,7.14,82.57,384000 4206000,4.5,Tolerable,yellow,YES,238.606464,2613.486426,4.97096800000008
384000,4206000,POTMH,21.32546,1e+06,3.61,78.38,384000 4206000,6.5,Tolerable,yellow,YES,238.606464,2613.486426,4.97096800000008
384000,4207000,POTMH,31.16798,1e+06,1.63,76.64,384000 4207000,9.5,Unsuitable,black,YES,238.606464,2614.107797,5.59233900000027
384000,4207000,POTMH,27.88714,1e+06,2.5,77.36,384000 4207000,8.5,Marginal,orange,YES,238.606464,2614.107797,5.59233900000027
384000,4207000,POTMH,34.44882,1e+06,1.09,76.1,384000 4207000,10.5,Unsuitable,black,YES,238.606464,2614.107797,5.59233900000027
384000,4207000,POTMH,11.48294,1e+06,7.75,83.31,384000 4207000,3.5,Tolerable,yellow,YES,238.606464,2614.107797,5.59233900000027
384000,4207000,POTMH,24.6063,1e+06,2.99,77.8,384000 4207000,7.5,Marginal,orange,YES,238.606464,2614.107797,5.59233900000027
384000,4207000,POTMH,21.32546,1e+06,3.51,78.26,384000 4207000,6.5,Tolerable,yellow,YES,238.606464,2614.107797,5.59233900000027
384000,4207000,POTMH,8.2021,1e+06,7.8,83.69,384000 4207000,2.5,Tolerable,yellow,YES,238.606464,2614.107797,5.59233900000027
384000,4207000,POTMH,44.29134,1e+06,0.57,75.58,384000 4207000,13.5,Unsuitable,black,YES,238.606464,2614.107797,5.59233900000027
384000,4207000,POTMH,14.76378,1e+06,7.13,82.55,384000 4207000,4.5,Tolerable,yellow,YES,238.606464,2614.107797,5.59233900000027
384000,4207000,POTMH,18.04462,1e+06,5.23,80.37,384000 4207000,5.5,Suitable,dodgerblue,YES,238.606464,2614.107797,5.59233900000027
384000,4207000,POTMH,4.92126,1e+06,7.81,83.7,384000 4207000,1.5,Tolerable,yellow,YES,238.606464,2614.107797,5.59233900000027
384000,4207000,POTMH,1.64042,1e+06,7.81,83.71,384000 4207000,0.5,Tolerable,yellow,YES,238.606464,2614.107797,5.59233900000027
384000,4207000,POTMH,37.72966,1e+06,1.02,75.96,384000 4207000,11.5,Unsuitable,black,YES,238.606464,2614.107797,5.59233900000027
384000,4207000,POTMH,41.0105,1e+06,0.78,75.77,384000 4207000,12.5,Unsuitable,black,YES,238.606464,2614.107797,5.59233900000027
386000,4201000,POTMH,1.64042,1e+06,7.77,83.66,386000 4201000,0.5,Tolerable,yellow,YES,239.849206,2610.379571,1.86411300000009
386000,4201000,POTMH,4.92126,1e+06,7.72,83.56,386000 4201000,1.5,Tolerable,yellow,YES,239.849206,2610.379571,1.86411300000009
386000,4201000,POTMH,24.6063,1e+06,4.07,79.18,386000 4201000,7.5,Suitable,dodgerblue,YES,239.849206,2610.379571,1.86411300000009
386000,4201000,POTMH,11.48294,1e+06,7.49,83.12,386000 4201000,3.5,Tolerable,yellow,YES,239.849206,2610.379571,1.86411300000009
386000,4201000,POTMH,14.76378,1e+06,7.07,82.66,386000 4201000,4.5,Tolerable,yellow,YES,239.849206,2610.379571,1.86411300000009
386000,4201000,POTMH,18.04462,1e+06,5.93,81.37,386000 4201000,5.5,Suitable,dodgerblue,YES,239.849206,2610.379571,1.86411300000009
386000,4201000,POTMH,8.2021,1e+06,7.61,83.41,386000 4201000,2.5,Tolerable,yellow,YES,239.849206,2610.379571,1.86411300000009
386000,4201000,POTMH,27.88714,1e+06,3.42,78.53,386000 4201000,8.5,Tolerable,yellow,YES,239.849206,2610.379571,1.86411300000009
386000,4201000,POTMH,21.32546,1e+06,4.74,79.93,386000 4201000,6.5,Suitable,dodgerblue,YES,239.849206,2610.379571,1.86411300000009
386000,4203000,POTMH,24.6063,1e+06,3.78,78.79,386000 4203000,7.5,Tolerable,yellow,YES,239.849206,2611.622313,3.106855
386000,4203000,POTMH,34.44882,1e+06,1.77,76.86,386000 4203000,10.5,Unsuitable,black,YES,239.849206,2611.622313,3.106855
386000,4203000,POTMH,37.72966,1e+06,1.55,76.51,386000 4203000,11.5,Unsuitable,black,YES,239.849206,2611.622313,3.106855
386000,4203000,POTMH,4.92126,1e+06,7.76,83.62,386000 4203000,1.5,Tolerable,yellow,YES,239.849206,2611.622313,3.106855
386000,4203000,POTMH,31.16798,1e+06,2.37,77.53,386000 4203000,9.5,Marginal,orange,YES,239.849206,2611.622313,3.106855
386000,4203000,POTMH,8.2021,1e+06,7.68,83.51,386000 4203000,2.5,Tolerable,yellow,YES,239.849206,2611.622313,3.106855
386000,4203000,POTMH,27.88714,1e+06,3.17,78.19,386000 4203000,8.5,Tolerable,yellow,YES,239.849206,2611.622313,3.106855
386000,4203000,POTMH,1.64042,1e+06,7.79,83.68,386000 4203000,0.5,Tolerable,yellow,YES,239.849206,2611.622313,3.106855
386000,4203000,POTMH,21.32546,1e+06,4.41,79.46,386000 4203000,6.5,Suitable,dodgerblue,YES,239.849206,2611.622313,3.106855
386000,4203000,POTMH,11.48294,1e+06,7.58,83.18,386000 4203000,3.5,Tolerable,yellow,YES,239.849206,2611.622313,3.106855
386000,4203000,POTMH,14.76378,1e+06,7.1,82.64,386000 4203000,4.5,Tolerable,yellow,YES,239.849206,2611.622313,3.106855
386000,4203000,POTMH,18.04462,1e+06,5.74,81.1,386000 4203000,5.5,Suitable,dodgerblue,YES,239.849206,2611.622313,3.106855
387000,4200000,POTMH,1.64042,1e+06,7.75,83.63,387000 4200000,0.5,Tolerable,yellow,YES,240.470577,2609.7582,1.24274200000036
387000,4200000,POTMH,24.6063,1e+06,4.34,79.56,387000 4200000,7.5,Suitable,dodgerblue,YES,240.470577,2609.7582,1.24274200000036
387000,4200000,POTMH,14.76378,1e+06,7.05,82.68,387000 4200000,4.5,Tolerable,yellow,YES,240.470577,2609.7582,1.24274200000036
387000,4200000,POTMH,18.04462,1e+06,6.1,81.62,387000 4200000,5.5,Suitable,dodgerblue,YES,240.470577,2609.7582,1.24274200000036
387000,4200000,POTMH,21.32546,1e+06,5.05,80.37,387000 4200000,6.5,Suitable,dodgerblue,YES,240.470577,2609.7582,1.24274200000036
387000,4200000,POTMH,8.2021,1e+06,7.55,83.33,387000 4200000,2.5,Tolerable,yellow,YES,240.470577,2609.7582,1.24274200000036
387000,4200000,POTMH,11.48294,1e+06,7.41,83.06,387000 4200000,3.5,Tolerable,yellow,YES,240.470577,2609.7582,1.24274200000036
387000,4200000,POTMH,4.92126,1e+06,7.68,83.51,387000 4200000,1.5,Tolerable,yellow,YES,240.470577,2609.7582,1.24274200000036
387000,4202000,POTMH,18.04462,1e+06,5.94,81.38,387000 4202000,5.5,Suitable,dodgerblue,YES,240.470577,2611.000942,2.48548400000027
387000,4202000,POTMH,11.48294,1e+06,7.5,83.13,387000 4202000,3.5,Tolerable,yellow,YES,240.470577,2611.000942,2.48548400000027
387000,4202000,POTMH,27.88714,1e+06,3.43,78.53,387000 4202000,8.5,Tolerable,yellow,YES,240.470577,2611.000942,2.48548400000027
387000,4202000,POTMH,14.76378,1e+06,7.09,82.67,387000 4202000,4.5,Tolerable,yellow,YES,240.470577,2611.000942,2.48548400000027
387000,4202000,POTMH,21.32546,1e+06,4.76,79.94,387000 4202000,6.5,Suitable,dodgerblue,YES,240.470577,2611.000942,2.48548400000027
387000,4202000,POTMH,24.6063,1e+06,4.08,79.19,387000 4202000,7.5,Suitable,dodgerblue,YES,240.470577,2611.000942,2.48548400000027
387000,4202000,POTMH,8.2021,1e+06,7.62,83.42,387000 4202000,2.5,Tolerable,yellow,YES,240.470577,2611.000942,2.48548400000027
387000,4202000,POTMH,31.16798,1e+06,2.67,77.91,387000 4202000,9.5,Marginal,orange,YES,240.470577,2611.000942,2.48548400000027
387000,4202000,POTMH,34.44882,1e+06,2.05,77.19,387000 4202000,10.5,Marginal,orange,YES,240.470577,2611.000942,2.48548400000027
387000,4202000,POTMH,37.72966,1e+06,1.76,76.73,387000 4202000,11.5,Unsuitable,black,YES,240.470577,2611.000942,2.48548400000027
387000,4202000,POTMH,4.92126,1e+06,7.73,83.57,387000 4202000,1.5,Tolerable,yellow,YES,240.470577,2611.000942,2.48548400000027
387000,4202000,POTMH,1.64042,1e+06,7.77,83.66,387000 4202000,0.5,Tolerable,yellow,YES,240.470577,2611.000942,2.48548400000027
388000,4198000,POTMH,1.64042,1e+06,7.71,83.6,388000 4198000,0.5,Tolerable,yellow,YES,241.091948,2608.515458,0
388000,4198000,POTMH,4.92126,1e+06,7.62,83.44,388000 4198000,1.5,Tolerable,yellow,YES,241.091948,2608.515458,0
388000,4198000,POTMH,8.2021,1e+06,7.46,83.21,388000 4198000,2.5,Tolerable,yellow,YES,241.091948,2608.515458,0
388000,4198000,POTMH,11.48294,1e+06,7.3,82.97,388000 4198000,3.5,Tolerable,yellow,YES,241.091948,2608.515458,0
388000,4198000,POTMH,14.76378,1e+06,7.01,82.7,388000 4198000,4.5,Tolerable,yellow,YES,241.091948,2608.515458,0
388000,4198000,POTMH,18.04462,1e+06,6.3,81.92,388000 4198000,5.5,Suitable,dodgerblue,YES,241.091948,2608.515458,0
388000,4199000,POTMH,8.2021,1e+06,7.49,83.25,388000 4199000,2.5,Tolerable,yellow,YES,241.091948,2609.136829,0.621371000000181
388000,4199000,POTMH,1.64042,1e+06,7.72,83.61,388000 4199000,0.5,Tolerable,yellow,YES,241.091948,2609.136829,0.621371000000181
388000,4199000,POTMH,4.92126,1e+06,7.64,83.47,388000 4199000,1.5,Tolerable,yellow,YES,241.091948,2609.136829,0.621371000000181
388000,4199000,POTMH,21.32546,1e+06,5.33,80.78,388000 4199000,6.5,Suitable,dodgerblue,YES,241.091948,2609.136829,0.621371000000181
388000,4199000,POTMH,11.48294,1e+06,7.34,83.01,388000 4199000,3.5,Tolerable,yellow,YES,241.091948,2609.136829,0.621371000000181
388000,4199000,POTMH,14.76378,1e+06,7.03,82.7,388000 4199000,4.5,Tolerable,yellow,YES,241.091948,2609.136829,0.621371000000181
388000,4199000,POTMH,18.04462,1e+06,6.25,81.85,388000 4199000,5.5,Suitable,dodgerblue,YES,241.091948,2609.136829,0.621371000000181
