UTMX,UTMY,Segment,Sdepth,volume_m,DO,Wtemp,uniqueID,Sdepthm,habitat,color,keep,milesX,milesY,distfrommouth
375000,4266000,CB4MH,63.97638,1e+06,0.26,78.15,375000 4266000,19.5,Unsuitable,black,YES,233.014125,2650.768686,42.8745989999998
375000,4266000,CB4MH,18.04462,1e+06,7,77.49,375000 4266000,5.5,Suitable,dodgerblue,YES,233.014125,2650.768686,42.8745989999998
375000,4266000,CB4MH,41.0105,1e+06,0.46,78.14,375000 4266000,12.5,Unsuitable,black,YES,233.014125,2650.768686,42.8745989999998
375000,4266000,CB4MH,67.25722,1e+06,0.23,78.11,375000 4266000,20.5,Unsuitable,black,YES,233.014125,2650.768686,42.8745989999998
375000,4266000,CB4MH,31.16798,1e+06,2.01,78.02,375000 4266000,9.5,Marginal,orange,YES,233.014125,2650.768686,42.8745989999998
375000,4266000,CB4MH,37.72966,1e+06,0.86,78.07,375000 4266000,11.5,Unsuitable,black,YES,233.014125,2650.768686,42.8745989999998
375000,4266000,CB4MH,21.32546,1e+06,6.29,77.61,375000 4266000,6.5,Suitable,dodgerblue,YES,233.014125,2650.768686,42.8745989999998
375000,4266000,CB4MH,11.48294,1e+06,7.51,77.43,375000 4266000,3.5,Suitable,dodgerblue,YES,233.014125,2650.768686,42.8745989999998
375000,4266000,CB4MH,4.92126,1e+06,7.64,77.5,375000 4266000,1.5,Suitable,dodgerblue,YES,233.014125,2650.768686,42.8745989999998
375000,4266000,CB4MH,50.85302,1e+06,0.24,78.15,375000 4266000,15.5,Unsuitable,black,YES,233.014125,2650.768686,42.8745989999998
375000,4266000,CB4MH,24.6063,1e+06,5.09,77.79,375000 4266000,7.5,Suitable,dodgerblue,YES,233.014125,2650.768686,42.8745989999998
375000,4266000,CB4MH,34.44882,1e+06,1.42,77.97,375000 4266000,10.5,Unsuitable,black,YES,233.014125,2650.768686,42.8745989999998
375000,4266000,CB4MH,57.4147,1e+06,0.28,78.15,375000 4266000,17.5,Unsuitable,black,YES,233.014125,2650.768686,42.8745989999998
375000,4266000,CB4MH,44.29134,1e+06,0.35,78.15,375000 4266000,13.5,Unsuitable,black,YES,233.014125,2650.768686,42.8745989999998
375000,4266000,CB4MH,27.88714,1e+06,3.12,78.02,375000 4266000,8.5,Tolerable,yellow,YES,233.014125,2650.768686,42.8745989999998
375000,4266000,CB4MH,47.57218,1e+06,0.27,78.15,375000 4266000,14.5,Unsuitable,black,YES,233.014125,2650.768686,42.8745989999998
375000,4266000,CB4MH,1.64042,1e+06,7.65,77.51,375000 4266000,0.5,Suitable,dodgerblue,YES,233.014125,2650.768686,42.8745989999998
375000,4266000,CB4MH,60.69554,1e+06,0.28,78.15,375000 4266000,18.5,Unsuitable,black,YES,233.014125,2650.768686,42.8745989999998
375000,4266000,CB4MH,8.2021,1e+06,7.61,77.49,375000 4266000,2.5,Suitable,dodgerblue,YES,233.014125,2650.768686,42.8745989999998
375000,4266000,CB4MH,14.76378,1e+06,7.37,77.37,375000 4266000,4.5,Suitable,dodgerblue,YES,233.014125,2650.768686,42.8745989999998
375000,4266000,CB4MH,54.13386,1e+06,0.27,78.15,375000 4266000,16.5,Unsuitable,black,YES,233.014125,2650.768686,42.8745989999998
375000,4267000,CB4MH,1.64042,1e+06,7.63,77.44,375000 4267000,0.5,Suitable,dodgerblue,YES,233.014125,2651.390057,43.49597
375000,4267000,CB4MH,4.92126,1e+06,7.62,77.44,375000 4267000,1.5,Suitable,dodgerblue,YES,233.014125,2651.390057,43.49597
375000,4267000,CB4MH,44.29134,1e+06,0.35,78.12,375000 4267000,13.5,Unsuitable,black,YES,233.014125,2651.390057,43.49597
375000,4267000,CB4MH,11.48294,1e+06,7.53,77.35,375000 4267000,3.5,Suitable,dodgerblue,YES,233.014125,2651.390057,43.49597
375000,4267000,CB4MH,34.44882,1e+06,1.5,77.94,375000 4267000,10.5,Unsuitable,black,YES,233.014125,2651.390057,43.49597
375000,4267000,CB4MH,63.97638,1e+06,0.27,78.13,375000 4267000,19.5,Unsuitable,black,YES,233.014125,2651.390057,43.49597
375000,4267000,CB4MH,14.76378,1e+06,7.43,77.28,375000 4267000,4.5,Suitable,dodgerblue,YES,233.014125,2651.390057,43.49597
375000,4267000,CB4MH,67.25722,1e+06,0.23,78.1,375000 4267000,20.5,Unsuitable,black,YES,233.014125,2651.390057,43.49597
375000,4267000,CB4MH,60.69554,1e+06,0.29,78.13,375000 4267000,18.5,Unsuitable,black,YES,233.014125,2651.390057,43.49597
375000,4267000,CB4MH,70.53806,1e+06,0.23,78.1,375000 4267000,21.5,Unsuitable,black,YES,233.014125,2651.390057,43.49597
375000,4267000,CB4MH,21.32546,1e+06,6.72,77.51,375000 4267000,6.5,Suitable,dodgerblue,YES,233.014125,2651.390057,43.49597
375000,4267000,CB4MH,8.2021,1e+06,7.6,77.44,375000 4267000,2.5,Suitable,dodgerblue,YES,233.014125,2651.390057,43.49597
375000,4267000,CB4MH,31.16798,1e+06,2.2,77.96,375000 4267000,9.5,Marginal,orange,YES,233.014125,2651.390057,43.49597
375000,4267000,CB4MH,18.04462,1e+06,7.21,77.39,375000 4267000,5.5,Suitable,dodgerblue,YES,233.014125,2651.390057,43.49597
375000,4267000,CB4MH,24.6063,1e+06,5.47,77.7,375000 4267000,7.5,Suitable,dodgerblue,YES,233.014125,2651.390057,43.49597
375000,4267000,CB4MH,37.72966,1e+06,0.9,78.04,375000 4267000,11.5,Unsuitable,black,YES,233.014125,2651.390057,43.49597
375000,4267000,CB4MH,57.4147,1e+06,0.29,78.13,375000 4267000,17.5,Unsuitable,black,YES,233.014125,2651.390057,43.49597
375000,4267000,CB4MH,54.13386,1e+06,0.27,78.13,375000 4267000,16.5,Unsuitable,black,YES,233.014125,2651.390057,43.49597
375000,4267000,CB4MH,50.85302,1e+06,0.23,78.13,375000 4267000,15.5,Unsuitable,black,YES,233.014125,2651.390057,43.49597
375000,4267000,CB4MH,41.0105,1e+06,0.45,78.12,375000 4267000,12.5,Unsuitable,black,YES,233.014125,2651.390057,43.49597
375000,4267000,CB4MH,47.57218,1e+06,0.26,78.13,375000 4267000,14.5,Unsuitable,black,YES,233.014125,2651.390057,43.49597
375000,4267000,CB4MH,27.88714,1e+06,3.5,77.96,375000 4267000,8.5,Tolerable,yellow,YES,233.014125,2651.390057,43.49597
375000,4268000,CB4MH,18.04462,1e+06,7.42,77.3,375000 4268000,5.5,Suitable,dodgerblue,YES,233.014125,2652.011428,44.1173410000001
375000,4268000,CB4MH,37.72966,1e+06,0.94,78.01,375000 4268000,11.5,Unsuitable,black,YES,233.014125,2652.011428,44.1173410000001
375000,4268000,CB4MH,34.44882,1e+06,1.58,77.91,375000 4268000,10.5,Unsuitable,black,YES,233.014125,2652.011428,44.1173410000001
375000,4268000,CB4MH,73.8189,1e+06,0.27,78.1,375000 4268000,22.5,Unsuitable,black,YES,233.014125,2652.011428,44.1173410000001
375000,4268000,CB4MH,31.16798,1e+06,2.37,77.91,375000 4268000,9.5,Marginal,orange,YES,233.014125,2652.011428,44.1173410000001
375000,4268000,CB4MH,63.97638,1e+06,0.27,78.1,375000 4268000,19.5,Unsuitable,black,YES,233.014125,2652.011428,44.1173410000001
375000,4268000,CB4MH,21.32546,1e+06,7.17,77.41,375000 4268000,6.5,Suitable,dodgerblue,YES,233.014125,2652.011428,44.1173410000001
375000,4268000,CB4MH,24.6063,1e+06,5.88,77.61,375000 4268000,7.5,Suitable,dodgerblue,YES,233.014125,2652.011428,44.1173410000001
375000,4268000,CB4MH,27.88714,1e+06,3.84,77.91,375000 4268000,8.5,Tolerable,yellow,YES,233.014125,2652.011428,44.1173410000001
375000,4268000,CB4MH,14.76378,1e+06,7.5,77.2,375000 4268000,4.5,Suitable,dodgerblue,YES,233.014125,2652.011428,44.1173410000001
375000,4268000,CB4MH,11.48294,1e+06,7.55,77.3,375000 4268000,3.5,Suitable,dodgerblue,YES,233.014125,2652.011428,44.1173410000001
375000,4268000,CB4MH,4.92126,1e+06,7.6,77.39,375000 4268000,1.5,Suitable,dodgerblue,YES,233.014125,2652.011428,44.1173410000001
375000,4268000,CB4MH,1.64042,1e+06,7.61,77.39,375000 4268000,0.5,Suitable,dodgerblue,YES,233.014125,2652.011428,44.1173410000001
375000,4268000,CB4MH,67.25722,1e+06,0.23,78.1,375000 4268000,20.5,Unsuitable,black,YES,233.014125,2652.011428,44.1173410000001
375000,4268000,CB4MH,41.0105,1e+06,0.45,78.1,375000 4268000,12.5,Unsuitable,black,YES,233.014125,2652.011428,44.1173410000001
375000,4268000,CB4MH,47.57218,1e+06,0.25,78.1,375000 4268000,14.5,Unsuitable,black,YES,233.014125,2652.011428,44.1173410000001
375000,4268000,CB4MH,54.13386,1e+06,0.27,78.1,375000 4268000,16.5,Unsuitable,black,YES,233.014125,2652.011428,44.1173410000001
375000,4268000,CB4MH,77.09974,1e+06,0.3,78.1,375000 4268000,23.5,Unsuitable,black,YES,233.014125,2652.011428,44.1173410000001
375000,4268000,CB4MH,44.29134,1e+06,0.35,78.1,375000 4268000,13.5,Unsuitable,black,YES,233.014125,2652.011428,44.1173410000001
375000,4268000,CB4MH,70.53806,1e+06,0.22,78.1,375000 4268000,21.5,Unsuitable,black,YES,233.014125,2652.011428,44.1173410000001
375000,4268000,CB4MH,8.2021,1e+06,7.6,77.39,375000 4268000,2.5,Suitable,dodgerblue,YES,233.014125,2652.011428,44.1173410000001
375000,4268000,CB4MH,50.85302,1e+06,0.23,78.1,375000 4268000,15.5,Unsuitable,black,YES,233.014125,2652.011428,44.1173410000001
375000,4268000,CB4MH,57.4147,1e+06,0.3,78.1,375000 4268000,17.5,Unsuitable,black,YES,233.014125,2652.011428,44.1173410000001
375000,4268000,CB4MH,60.69554,1e+06,0.3,78.1,375000 4268000,18.5,Unsuitable,black,YES,233.014125,2652.011428,44.1173410000001
375000,4269000,CB4MH,57.4147,1e+06,0.3,78.1,375000 4269000,17.5,Unsuitable,black,YES,233.014125,2652.632799,44.7387119999999
375000,4269000,CB4MH,73.8189,1e+06,0.27,78.1,375000 4269000,22.5,Unsuitable,black,YES,233.014125,2652.632799,44.7387119999999
375000,4269000,CB4MH,50.85302,1e+06,0.23,78.1,375000 4269000,15.5,Unsuitable,black,YES,233.014125,2652.632799,44.7387119999999
375000,4269000,CB4MH,47.57218,1e+06,0.25,78.1,375000 4269000,14.5,Unsuitable,black,YES,233.014125,2652.632799,44.7387119999999
375000,4269000,CB4MH,41.0105,1e+06,0.45,78.1,375000 4269000,12.5,Unsuitable,black,YES,233.014125,2652.632799,44.7387119999999
375000,4269000,CB4MH,4.92126,1e+06,7.6,77.4,375000 4269000,1.5,Suitable,dodgerblue,YES,233.014125,2652.632799,44.7387119999999
375000,4269000,CB4MH,18.04462,1e+06,7.43,77.3,375000 4269000,5.5,Suitable,dodgerblue,YES,233.014125,2652.632799,44.7387119999999
375000,4269000,CB4MH,27.88714,1e+06,3.85,77.91,375000 4269000,8.5,Tolerable,yellow,YES,233.014125,2652.632799,44.7387119999999
375000,4269000,CB4MH,24.6063,1e+06,5.9,77.61,375000 4269000,7.5,Suitable,dodgerblue,YES,233.014125,2652.632799,44.7387119999999
375000,4269000,CB4MH,44.29134,1e+06,0.35,78.1,375000 4269000,13.5,Unsuitable,black,YES,233.014125,2652.632799,44.7387119999999
375000,4269000,CB4MH,54.13386,1e+06,0.27,78.1,375000 4269000,16.5,Unsuitable,black,YES,233.014125,2652.632799,44.7387119999999
375000,4269000,CB4MH,34.44882,1e+06,1.59,77.9,375000 4269000,10.5,Unsuitable,black,YES,233.014125,2652.632799,44.7387119999999
375000,4269000,CB4MH,37.72966,1e+06,0.94,78,375000 4269000,11.5,Unsuitable,black,YES,233.014125,2652.632799,44.7387119999999
375000,4269000,CB4MH,70.53806,1e+06,0.22,78.1,375000 4269000,21.5,Unsuitable,black,YES,233.014125,2652.632799,44.7387119999999
375000,4269000,CB4MH,21.32546,1e+06,7.19,77.41,375000 4269000,6.5,Suitable,dodgerblue,YES,233.014125,2652.632799,44.7387119999999
375000,4269000,CB4MH,11.48294,1e+06,7.55,77.3,375000 4269000,3.5,Suitable,dodgerblue,YES,233.014125,2652.632799,44.7387119999999
375000,4269000,CB4MH,1.64042,1e+06,7.6,77.4,375000 4269000,0.5,Suitable,dodgerblue,YES,233.014125,2652.632799,44.7387119999999
375000,4269000,CB4MH,14.76378,1e+06,7.5,77.2,375000 4269000,4.5,Suitable,dodgerblue,YES,233.014125,2652.632799,44.7387119999999
375000,4269000,CB4MH,31.16798,1e+06,2.38,77.91,375000 4269000,9.5,Marginal,orange,YES,233.014125,2652.632799,44.7387119999999
375000,4269000,CB4MH,60.69554,1e+06,0.3,78.1,375000 4269000,18.5,Unsuitable,black,YES,233.014125,2652.632799,44.7387119999999
375000,4269000,CB4MH,63.97638,1e+06,0.27,78.1,375000 4269000,19.5,Unsuitable,black,YES,233.014125,2652.632799,44.7387119999999
375000,4269000,CB4MH,8.2021,1e+06,7.6,77.39,375000 4269000,2.5,Suitable,dodgerblue,YES,233.014125,2652.632799,44.7387119999999
375000,4269000,CB4MH,67.25722,1e+06,0.22,78.1,375000 4269000,20.5,Unsuitable,black,YES,233.014125,2652.632799,44.7387119999999
375000,4270000,CB4MH,31.16798,1e+06,2.22,77.95,375000 4270000,9.5,Marginal,orange,YES,233.014125,2653.25417,45.360083
375000,4270000,CB4MH,34.44882,1e+06,1.52,77.93,375000 4270000,10.5,Unsuitable,black,YES,233.014125,2653.25417,45.360083
375000,4270000,CB4MH,47.57218,1e+06,0.26,78.12,375000 4270000,14.5,Unsuitable,black,YES,233.014125,2653.25417,45.360083
375000,4270000,CB4MH,50.85302,1e+06,0.23,78.13,375000 4270000,15.5,Unsuitable,black,YES,233.014125,2653.25417,45.360083
375000,4270000,CB4MH,27.88714,1e+06,3.54,77.94,375000 4270000,8.5,Tolerable,yellow,YES,233.014125,2653.25417,45.360083
375000,4270000,CB4MH,24.6063,1e+06,5.58,77.64,375000 4270000,7.5,Suitable,dodgerblue,YES,233.014125,2653.25417,45.360083
375000,4270000,CB4MH,54.13386,1e+06,0.27,78.13,375000 4270000,16.5,Unsuitable,black,YES,233.014125,2653.25417,45.360083
375000,4270000,CB4MH,21.32546,1e+06,6.83,77.44,375000 4270000,6.5,Suitable,dodgerblue,YES,233.014125,2653.25417,45.360083
375000,4270000,CB4MH,41.0105,1e+06,0.46,78.12,375000 4270000,12.5,Unsuitable,black,YES,233.014125,2653.25417,45.360083
375000,4270000,CB4MH,14.76378,1e+06,7.48,77.2,375000 4270000,4.5,Suitable,dodgerblue,YES,233.014125,2653.25417,45.360083
375000,4270000,CB4MH,8.2021,1e+06,7.63,77.36,375000 4270000,2.5,Suitable,dodgerblue,YES,233.014125,2653.25417,45.360083
375000,4270000,CB4MH,63.97638,1e+06,0.27,78.13,375000 4270000,19.5,Unsuitable,black,YES,233.014125,2653.25417,45.360083
375000,4270000,CB4MH,44.29134,1e+06,0.36,78.12,375000 4270000,13.5,Unsuitable,black,YES,233.014125,2653.25417,45.360083
375000,4270000,CB4MH,4.92126,1e+06,7.63,77.36,375000 4270000,1.5,Suitable,dodgerblue,YES,233.014125,2653.25417,45.360083
375000,4270000,CB4MH,11.48294,1e+06,7.57,77.28,375000 4270000,3.5,Suitable,dodgerblue,YES,233.014125,2653.25417,45.360083
375000,4270000,CB4MH,57.4147,1e+06,0.29,78.13,375000 4270000,17.5,Unsuitable,black,YES,233.014125,2653.25417,45.360083
375000,4270000,CB4MH,37.72966,1e+06,0.91,78.03,375000 4270000,11.5,Unsuitable,black,YES,233.014125,2653.25417,45.360083
375000,4270000,CB4MH,1.64042,1e+06,7.63,77.36,375000 4270000,0.5,Suitable,dodgerblue,YES,233.014125,2653.25417,45.360083
375000,4270000,CB4MH,67.25722,1e+06,0.22,78.11,375000 4270000,20.5,Unsuitable,black,YES,233.014125,2653.25417,45.360083
375000,4270000,CB4MH,18.04462,1e+06,7.29,77.32,375000 4270000,5.5,Suitable,dodgerblue,YES,233.014125,2653.25417,45.360083
375000,4270000,CB4MH,60.69554,1e+06,0.29,78.13,375000 4270000,18.5,Unsuitable,black,YES,233.014125,2653.25417,45.360083
375000,4271000,CB4MH,11.48294,1e+06,7.59,77.25,375000 4271000,3.5,Suitable,dodgerblue,YES,233.014125,2653.875541,45.9814539999998
375000,4271000,CB4MH,37.72966,1e+06,0.9,78.06,375000 4271000,11.5,Unsuitable,black,YES,233.014125,2653.875541,45.9814539999998
375000,4271000,CB4MH,4.92126,1e+06,7.67,77.33,375000 4271000,1.5,Suitable,dodgerblue,YES,233.014125,2653.875541,45.9814539999998
375000,4271000,CB4MH,50.85302,1e+06,0.25,78.16,375000 4271000,15.5,Unsuitable,black,YES,233.014125,2653.875541,45.9814539999998
375000,4271000,CB4MH,18.04462,1e+06,7.16,77.33,375000 4271000,5.5,Suitable,dodgerblue,YES,233.014125,2653.875541,45.9814539999998
375000,4271000,CB4MH,67.25722,1e+06,0.22,78.12,375000 4271000,20.5,Unsuitable,black,YES,233.014125,2653.875541,45.9814539999998
375000,4271000,CB4MH,14.76378,1e+06,7.47,77.21,375000 4271000,4.5,Suitable,dodgerblue,YES,233.014125,2653.875541,45.9814539999998
375000,4271000,CB4MH,8.2021,1e+06,7.66,77.32,375000 4271000,2.5,Suitable,dodgerblue,YES,233.014125,2653.875541,45.9814539999998
375000,4271000,CB4MH,31.16798,1e+06,2.06,78,375000 4271000,9.5,Marginal,orange,YES,233.014125,2653.875541,45.9814539999998
375000,4271000,CB4MH,21.32546,1e+06,6.5,77.47,375000 4271000,6.5,Suitable,dodgerblue,YES,233.014125,2653.875541,45.9814539999998
375000,4271000,CB4MH,1.64042,1e+06,7.68,77.33,375000 4271000,0.5,Suitable,dodgerblue,YES,233.014125,2653.875541,45.9814539999998
375000,4271000,CB4MH,24.6063,1e+06,5.29,77.67,375000 4271000,7.5,Suitable,dodgerblue,YES,233.014125,2653.875541,45.9814539999998
375000,4271000,CB4MH,34.44882,1e+06,1.46,77.96,375000 4271000,10.5,Unsuitable,black,YES,233.014125,2653.875541,45.9814539999998
375000,4271000,CB4MH,27.88714,1e+06,3.2,77.99,375000 4271000,8.5,Tolerable,yellow,YES,233.014125,2653.875541,45.9814539999998
375000,4271000,CB4MH,44.29134,1e+06,0.39,78.14,375000 4271000,13.5,Unsuitable,black,YES,233.014125,2653.875541,45.9814539999998
375000,4271000,CB4MH,60.69554,1e+06,0.27,78.16,375000 4271000,18.5,Unsuitable,black,YES,233.014125,2653.875541,45.9814539999998
375000,4271000,CB4MH,41.0105,1e+06,0.5,78.14,375000 4271000,12.5,Unsuitable,black,YES,233.014125,2653.875541,45.9814539999998
375000,4271000,CB4MH,63.97638,1e+06,0.26,78.16,375000 4271000,19.5,Unsuitable,black,YES,233.014125,2653.875541,45.9814539999998
375000,4271000,CB4MH,57.4147,1e+06,0.28,78.16,375000 4271000,17.5,Unsuitable,black,YES,233.014125,2653.875541,45.9814539999998
375000,4271000,CB4MH,54.13386,1e+06,0.27,78.16,375000 4271000,16.5,Unsuitable,black,YES,233.014125,2653.875541,45.9814539999998
375000,4271000,CB4MH,47.57218,1e+06,0.28,78.15,375000 4271000,14.5,Unsuitable,black,YES,233.014125,2653.875541,45.9814539999998
375000,4272000,CB4MH,4.92126,1e+06,7.71,77.3,375000 4272000,1.5,Suitable,dodgerblue,YES,233.014125,2654.496912,46.6028249999999
375000,4272000,CB4MH,27.88714,1e+06,3.01,78.01,375000 4272000,8.5,Tolerable,yellow,YES,233.014125,2654.496912,46.6028249999999
375000,4272000,CB4MH,11.48294,1e+06,7.6,77.23,375000 4272000,3.5,Suitable,dodgerblue,YES,233.014125,2654.496912,46.6028249999999
375000,4272000,CB4MH,24.6063,1e+06,5.17,77.68,375000 4272000,7.5,Suitable,dodgerblue,YES,233.014125,2654.496912,46.6028249999999
375000,4272000,CB4MH,31.16798,1e+06,1.97,78.04,375000 4272000,9.5,Unsuitable,black,YES,233.014125,2654.496912,46.6028249999999
375000,4272000,CB4MH,47.57218,1e+06,0.33,78.17,375000 4272000,14.5,Unsuitable,black,YES,233.014125,2654.496912,46.6028249999999
375000,4272000,CB4MH,41.0105,1e+06,0.58,78.15,375000 4272000,12.5,Unsuitable,black,YES,233.014125,2654.496912,46.6028249999999
375000,4272000,CB4MH,34.44882,1e+06,1.45,77.98,375000 4272000,10.5,Unsuitable,black,YES,233.014125,2654.496912,46.6028249999999
375000,4272000,CB4MH,44.29134,1e+06,0.45,78.15,375000 4272000,13.5,Unsuitable,black,YES,233.014125,2654.496912,46.6028249999999
375000,4272000,CB4MH,8.2021,1e+06,7.68,77.29,375000 4272000,2.5,Suitable,dodgerblue,YES,233.014125,2654.496912,46.6028249999999
375000,4272000,CB4MH,63.97638,1e+06,0.25,78.18,375000 4272000,19.5,Unsuitable,black,YES,233.014125,2654.496912,46.6028249999999
375000,4272000,CB4MH,50.85302,1e+06,0.27,78.19,375000 4272000,15.5,Unsuitable,black,YES,233.014125,2654.496912,46.6028249999999
375000,4272000,CB4MH,57.4147,1e+06,0.27,78.18,375000 4272000,17.5,Unsuitable,black,YES,233.014125,2654.496912,46.6028249999999
375000,4272000,CB4MH,54.13386,1e+06,0.28,78.19,375000 4272000,16.5,Unsuitable,black,YES,233.014125,2654.496912,46.6028249999999
375000,4272000,CB4MH,1.64042,1e+06,7.72,77.3,375000 4272000,0.5,Suitable,dodgerblue,YES,233.014125,2654.496912,46.6028249999999
375000,4272000,CB4MH,14.76378,1e+06,7.47,77.2,375000 4272000,4.5,Suitable,dodgerblue,YES,233.014125,2654.496912,46.6028249999999
375000,4272000,CB4MH,67.25722,1e+06,0.21,78.15,375000 4272000,20.5,Unsuitable,black,YES,233.014125,2654.496912,46.6028249999999
375000,4272000,CB4MH,21.32546,1e+06,6.33,77.47,375000 4272000,6.5,Suitable,dodgerblue,YES,233.014125,2654.496912,46.6028249999999
375000,4272000,CB4MH,18.04462,1e+06,7.09,77.33,375000 4272000,5.5,Suitable,dodgerblue,YES,233.014125,2654.496912,46.6028249999999
375000,4272000,CB4MH,60.69554,1e+06,0.26,78.18,375000 4272000,18.5,Unsuitable,black,YES,233.014125,2654.496912,46.6028249999999
375000,4272000,CB4MH,37.72966,1e+06,0.94,78.08,375000 4272000,11.5,Unsuitable,black,YES,233.014125,2654.496912,46.6028249999999
375000,4273000,CB4MH,54.13386,1e+06,0.3,78.21,375000 4273000,16.5,Unsuitable,black,YES,233.014125,2655.118283,47.2241960000001
375000,4273000,CB4MH,60.69554,1e+06,0.25,78.21,375000 4273000,18.5,Unsuitable,black,YES,233.014125,2655.118283,47.2241960000001
375000,4273000,CB4MH,37.72966,1e+06,1.04,78.08,375000 4273000,11.5,Unsuitable,black,YES,233.014125,2655.118283,47.2241960000001
375000,4273000,CB4MH,27.88714,1e+06,2.96,78,375000 4273000,8.5,Marginal,orange,YES,233.014125,2655.118283,47.2241960000001
375000,4273000,CB4MH,24.6063,1e+06,4.31,77.71,375000 4273000,7.5,Suitable,dodgerblue,YES,233.014125,2655.118283,47.2241960000001
375000,4273000,CB4MH,34.44882,1e+06,1.52,77.98,375000 4273000,10.5,Unsuitable,black,YES,233.014125,2655.118283,47.2241960000001
375000,4273000,CB4MH,57.4147,1e+06,0.26,78.21,375000 4273000,17.5,Unsuitable,black,YES,233.014125,2655.118283,47.2241960000001
375000,4273000,CB4MH,41.0105,1e+06,0.7,78.15,375000 4273000,12.5,Unsuitable,black,YES,233.014125,2655.118283,47.2241960000001
375000,4273000,CB4MH,8.2021,1e+06,7.52,77.21,375000 4273000,2.5,Suitable,dodgerblue,YES,233.014125,2655.118283,47.2241960000001
375000,4273000,CB4MH,44.29134,1e+06,0.55,78.15,375000 4273000,13.5,Unsuitable,black,YES,233.014125,2655.118283,47.2241960000001
375000,4273000,CB4MH,18.04462,1e+06,6.35,77.35,375000 4273000,5.5,Suitable,dodgerblue,YES,233.014125,2655.118283,47.2241960000001
375000,4273000,CB4MH,1.64042,1e+06,7.59,77.27,375000 4273000,0.5,Suitable,dodgerblue,YES,233.014125,2655.118283,47.2241960000001
375000,4273000,CB4MH,14.76378,1e+06,6.92,77.23,375000 4273000,4.5,Suitable,dodgerblue,YES,233.014125,2655.118283,47.2241960000001
375000,4273000,CB4MH,11.48294,1e+06,7.33,77.19,375000 4273000,3.5,Suitable,dodgerblue,YES,233.014125,2655.118283,47.2241960000001
375000,4273000,CB4MH,21.32546,1e+06,5.53,77.51,375000 4273000,6.5,Suitable,dodgerblue,YES,233.014125,2655.118283,47.2241960000001
375000,4273000,CB4MH,31.16798,1e+06,1.96,78.05,375000 4273000,9.5,Unsuitable,black,YES,233.014125,2655.118283,47.2241960000001
375000,4273000,CB4MH,47.57218,1e+06,0.39,78.18,375000 4273000,14.5,Unsuitable,black,YES,233.014125,2655.118283,47.2241960000001
375000,4273000,CB4MH,4.92126,1e+06,7.57,77.27,375000 4273000,1.5,Suitable,dodgerblue,YES,233.014125,2655.118283,47.2241960000001
375000,4273000,CB4MH,50.85302,1e+06,0.31,78.21,375000 4273000,15.5,Unsuitable,black,YES,233.014125,2655.118283,47.2241960000001
375000,4286000,CB4MH,31.16798,1e+06,3.32,77.75,375000 4286000,9.5,Tolerable,yellow,YES,233.014125,2663.196106,55.3020189999998
375000,4286000,CB4MH,21.32546,1e+06,6.21,77.47,375000 4286000,6.5,Suitable,dodgerblue,YES,233.014125,2663.196106,55.3020189999998
375000,4286000,CB4MH,24.6063,1e+06,4.96,77.53,375000 4286000,7.5,Suitable,dodgerblue,YES,233.014125,2663.196106,55.3020189999998
375000,4286000,CB4MH,37.72966,1e+06,1.91,77.94,375000 4286000,11.5,Unsuitable,black,YES,233.014125,2663.196106,55.3020189999998
375000,4286000,CB4MH,11.48294,1e+06,7.59,77.24,375000 4286000,3.5,Suitable,dodgerblue,YES,233.014125,2663.196106,55.3020189999998
375000,4286000,CB4MH,44.29134,1e+06,0.78,78.18,375000 4286000,13.5,Unsuitable,black,YES,233.014125,2663.196106,55.3020189999998
375000,4286000,CB4MH,1.64042,1e+06,8.16,77.48,375000 4286000,0.5,Suitable,dodgerblue,YES,233.014125,2663.196106,55.3020189999998
375000,4286000,CB4MH,27.88714,1e+06,4.44,77.61,375000 4286000,8.5,Suitable,dodgerblue,YES,233.014125,2663.196106,55.3020189999998
375000,4286000,CB4MH,34.44882,1e+06,2.69,77.8,375000 4286000,10.5,Marginal,orange,YES,233.014125,2663.196106,55.3020189999998
375000,4286000,CB4MH,70.53806,1e+06,0.15,78.3,375000 4286000,21.5,Unsuitable,black,YES,233.014125,2663.196106,55.3020189999998
375000,4286000,CB4MH,18.04462,1e+06,6.54,77.41,375000 4286000,5.5,Suitable,dodgerblue,YES,233.014125,2663.196106,55.3020189999998
375000,4286000,CB4MH,63.97638,1e+06,0.21,78.3,375000 4286000,19.5,Unsuitable,black,YES,233.014125,2663.196106,55.3020189999998
375000,4286000,CB4MH,4.92126,1e+06,8.09,77.38,375000 4286000,1.5,Suitable,dodgerblue,YES,233.014125,2663.196106,55.3020189999998
375000,4286000,CB4MH,8.2021,1e+06,7.94,77.21,375000 4286000,2.5,Suitable,dodgerblue,YES,233.014125,2663.196106,55.3020189999998
375000,4286000,CB4MH,54.13386,1e+06,0.31,78.3,375000 4286000,16.5,Unsuitable,black,YES,233.014125,2663.196106,55.3020189999998
375000,4286000,CB4MH,73.8189,1e+06,0.16,78.28,375000 4286000,22.5,Unsuitable,black,YES,233.014125,2663.196106,55.3020189999998
375000,4286000,CB4MH,60.69554,1e+06,0.21,78.3,375000 4286000,18.5,Unsuitable,black,YES,233.014125,2663.196106,55.3020189999998
375000,4286000,CB4MH,41.0105,1e+06,1.16,78.12,375000 4286000,12.5,Unsuitable,black,YES,233.014125,2663.196106,55.3020189999998
375000,4286000,CB4MH,14.76378,1e+06,6.98,77.36,375000 4286000,4.5,Suitable,dodgerblue,YES,233.014125,2663.196106,55.3020189999998
375000,4286000,CB4MH,67.25722,1e+06,0.18,78.3,375000 4286000,20.5,Unsuitable,black,YES,233.014125,2663.196106,55.3020189999998
375000,4286000,CB4MH,47.57218,1e+06,0.53,78.23,375000 4286000,14.5,Unsuitable,black,YES,233.014125,2663.196106,55.3020189999998
375000,4286000,CB4MH,57.4147,1e+06,0.24,78.3,375000 4286000,17.5,Unsuitable,black,YES,233.014125,2663.196106,55.3020189999998
375000,4286000,CB4MH,50.85302,1e+06,0.38,78.28,375000 4286000,15.5,Unsuitable,black,YES,233.014125,2663.196106,55.3020189999998
375000,4287000,CB4MH,44.29134,1e+06,0.72,78.19,375000 4287000,13.5,Unsuitable,black,YES,233.014125,2663.817477,55.9233899999999
375000,4287000,CB4MH,63.97638,1e+06,0.21,78.3,375000 4287000,19.5,Unsuitable,black,YES,233.014125,2663.817477,55.9233899999999
375000,4287000,CB4MH,70.53806,1e+06,0.16,78.3,375000 4287000,21.5,Unsuitable,black,YES,233.014125,2663.817477,55.9233899999999
375000,4287000,CB4MH,47.57218,1e+06,0.5,78.24,375000 4287000,14.5,Unsuitable,black,YES,233.014125,2663.817477,55.9233899999999
375000,4287000,CB4MH,34.44882,1e+06,2.85,77.78,375000 4287000,10.5,Marginal,orange,YES,233.014125,2663.817477,55.9233899999999
375000,4287000,CB4MH,73.8189,1e+06,0.16,78.28,375000 4287000,22.5,Unsuitable,black,YES,233.014125,2663.817477,55.9233899999999
375000,4287000,CB4MH,11.48294,1e+06,7.59,77.24,375000 4287000,3.5,Suitable,dodgerblue,YES,233.014125,2663.817477,55.9233899999999
375000,4287000,CB4MH,1.64042,1e+06,8.21,77.54,375000 4287000,0.5,Suitable,dodgerblue,YES,233.014125,2663.817477,55.9233899999999
375000,4287000,CB4MH,18.04462,1e+06,6.57,77.41,375000 4287000,5.5,Suitable,dodgerblue,YES,233.014125,2663.817477,55.9233899999999
375000,4287000,CB4MH,41.0105,1e+06,1.13,78.12,375000 4287000,12.5,Unsuitable,black,YES,233.014125,2663.817477,55.9233899999999
375000,4287000,CB4MH,14.76378,1e+06,6.97,77.36,375000 4287000,4.5,Suitable,dodgerblue,YES,233.014125,2663.817477,55.9233899999999
375000,4287000,CB4MH,24.6063,1e+06,5.1,77.5,375000 4287000,7.5,Suitable,dodgerblue,YES,233.014125,2663.817477,55.9233899999999
375000,4287000,CB4MH,4.92126,1e+06,8.13,77.41,375000 4287000,1.5,Suitable,dodgerblue,YES,233.014125,2663.817477,55.9233899999999
375000,4287000,CB4MH,60.69554,1e+06,0.21,78.3,375000 4287000,18.5,Unsuitable,black,YES,233.014125,2663.817477,55.9233899999999
375000,4287000,CB4MH,31.16798,1e+06,3.52,77.71,375000 4287000,9.5,Tolerable,yellow,YES,233.014125,2663.817477,55.9233899999999
375000,4287000,CB4MH,67.25722,1e+06,0.18,78.3,375000 4287000,20.5,Unsuitable,black,YES,233.014125,2663.817477,55.9233899999999
375000,4287000,CB4MH,27.88714,1e+06,4.61,77.58,375000 4287000,8.5,Suitable,dodgerblue,YES,233.014125,2663.817477,55.9233899999999
375000,4287000,CB4MH,21.32546,1e+06,6.23,77.47,375000 4287000,6.5,Suitable,dodgerblue,YES,233.014125,2663.817477,55.9233899999999
375000,4287000,CB4MH,54.13386,1e+06,0.29,78.3,375000 4287000,16.5,Unsuitable,black,YES,233.014125,2663.817477,55.9233899999999
375000,4287000,CB4MH,57.4147,1e+06,0.23,78.3,375000 4287000,17.5,Unsuitable,black,YES,233.014125,2663.817477,55.9233899999999
375000,4287000,CB4MH,8.2021,1e+06,7.96,77.21,375000 4287000,2.5,Suitable,dodgerblue,YES,233.014125,2663.817477,55.9233899999999
375000,4287000,CB4MH,37.72966,1e+06,1.98,77.93,375000 4287000,11.5,Unsuitable,black,YES,233.014125,2663.817477,55.9233899999999
375000,4287000,CB4MH,50.85302,1e+06,0.35,78.28,375000 4287000,15.5,Unsuitable,black,YES,233.014125,2663.817477,55.9233899999999
375000,4288000,CB4MH,18.04462,1e+06,6.41,77.39,375000 4288000,5.5,Suitable,dodgerblue,YES,233.014125,2664.438848,56.5447610000001
375000,4288000,CB4MH,4.92126,1e+06,8.02,77.35,375000 4288000,1.5,Suitable,dodgerblue,YES,233.014125,2664.438848,56.5447610000001
375000,4288000,CB4MH,21.32546,1e+06,5.96,77.47,375000 4288000,6.5,Suitable,dodgerblue,YES,233.014125,2664.438848,56.5447610000001
375000,4288000,CB4MH,44.29134,1e+06,0.66,78.21,375000 4288000,13.5,Unsuitable,black,YES,233.014125,2664.438848,56.5447610000001
375000,4288000,CB4MH,24.6063,1e+06,5.26,77.46,375000 4288000,7.5,Suitable,dodgerblue,YES,233.014125,2664.438848,56.5447610000001
375000,4288000,CB4MH,8.2021,1e+06,7.83,77.13,375000 4288000,2.5,Suitable,dodgerblue,YES,233.014125,2664.438848,56.5447610000001
375000,4288000,CB4MH,73.8189,1e+06,0.17,78.28,375000 4288000,22.5,Unsuitable,black,YES,233.014125,2664.438848,56.5447610000001
375000,4288000,CB4MH,41.0105,1e+06,1.11,78.13,375000 4288000,12.5,Unsuitable,black,YES,233.014125,2664.438848,56.5447610000001
375000,4288000,CB4MH,34.44882,1e+06,3,77.76,375000 4288000,10.5,Tolerable,yellow,YES,233.014125,2664.438848,56.5447610000001
375000,4288000,CB4MH,1.64042,1e+06,8.12,77.63,375000 4288000,0.5,Suitable,dodgerblue,YES,233.014125,2664.438848,56.5447610000001
375000,4288000,CB4MH,11.48294,1e+06,7.45,77.15,375000 4288000,3.5,Suitable,dodgerblue,YES,233.014125,2664.438848,56.5447610000001
375000,4288000,CB4MH,67.25722,1e+06,0.18,78.31,375000 4288000,20.5,Unsuitable,black,YES,233.014125,2664.438848,56.5447610000001
375000,4288000,CB4MH,50.85302,1e+06,0.33,78.28,375000 4288000,15.5,Unsuitable,black,YES,233.014125,2664.438848,56.5447610000001
375000,4288000,CB4MH,60.69554,1e+06,0.21,78.31,375000 4288000,18.5,Unsuitable,black,YES,233.014125,2664.438848,56.5447610000001
375000,4288000,CB4MH,14.76378,1e+06,6.87,77.28,375000 4288000,4.5,Suitable,dodgerblue,YES,233.014125,2664.438848,56.5447610000001
375000,4288000,CB4MH,27.88714,1e+06,4.77,77.55,375000 4288000,8.5,Suitable,dodgerblue,YES,233.014125,2664.438848,56.5447610000001
375000,4288000,CB4MH,47.57218,1e+06,0.47,78.25,375000 4288000,14.5,Unsuitable,black,YES,233.014125,2664.438848,56.5447610000001
375000,4288000,CB4MH,63.97638,1e+06,0.21,78.31,375000 4288000,19.5,Unsuitable,black,YES,233.014125,2664.438848,56.5447610000001
375000,4288000,CB4MH,54.13386,1e+06,0.28,78.31,375000 4288000,16.5,Unsuitable,black,YES,233.014125,2664.438848,56.5447610000001
375000,4288000,CB4MH,31.16798,1e+06,3.73,77.68,375000 4288000,9.5,Tolerable,yellow,YES,233.014125,2664.438848,56.5447610000001
375000,4288000,CB4MH,70.53806,1e+06,0.17,78.31,375000 4288000,21.5,Unsuitable,black,YES,233.014125,2664.438848,56.5447610000001
375000,4288000,CB4MH,37.72966,1e+06,2.05,77.92,375000 4288000,11.5,Marginal,orange,YES,233.014125,2664.438848,56.5447610000001
375000,4288000,CB4MH,57.4147,1e+06,0.23,78.31,375000 4288000,17.5,Unsuitable,black,YES,233.014125,2664.438848,56.5447610000001
375000,4289000,CB4MH,41.0105,1e+06,1.09,78.13,375000 4289000,12.5,Unsuitable,black,YES,233.014125,2665.060219,57.1661319999998
375000,4289000,CB4MH,18.04462,1e+06,6.96,77.25,375000 4289000,5.5,Suitable,dodgerblue,YES,233.014125,2665.060219,57.1661319999998
375000,4289000,CB4MH,50.85302,1e+06,0.32,78.28,375000 4289000,15.5,Unsuitable,black,YES,233.014125,2665.060219,57.1661319999998
375000,4289000,CB4MH,21.32546,1e+06,6.61,77.29,375000 4289000,6.5,Suitable,dodgerblue,YES,233.014125,2665.060219,57.1661319999998
375000,4289000,CB4MH,54.13386,1e+06,0.26,78.32,375000 4289000,16.5,Unsuitable,black,YES,233.014125,2665.060219,57.1661319999998
375000,4289000,CB4MH,44.29134,1e+06,0.61,78.23,375000 4289000,13.5,Unsuitable,black,YES,233.014125,2665.060219,57.1661319999998
375000,4289000,CB4MH,24.6063,1e+06,5.43,77.43,375000 4289000,7.5,Suitable,dodgerblue,YES,233.014125,2665.060219,57.1661319999998
375000,4289000,CB4MH,60.69554,1e+06,0.21,78.32,375000 4289000,18.5,Unsuitable,black,YES,233.014125,2665.060219,57.1661319999998
375000,4289000,CB4MH,63.97638,1e+06,0.2,78.32,375000 4289000,19.5,Unsuitable,black,YES,233.014125,2665.060219,57.1661319999998
375000,4289000,CB4MH,11.48294,1e+06,7.4,77.07,375000 4289000,3.5,Suitable,dodgerblue,YES,233.014125,2665.060219,57.1661319999998
375000,4289000,CB4MH,47.57218,1e+06,0.44,78.26,375000 4289000,14.5,Unsuitable,black,YES,233.014125,2665.060219,57.1661319999998
375000,4289000,CB4MH,67.25722,1e+06,0.19,78.32,375000 4289000,20.5,Unsuitable,black,YES,233.014125,2665.060219,57.1661319999998
375000,4289000,CB4MH,57.4147,1e+06,0.22,78.32,375000 4289000,17.5,Unsuitable,black,YES,233.014125,2665.060219,57.1661319999998
375000,4289000,CB4MH,27.88714,1e+06,4.92,77.52,375000 4289000,8.5,Suitable,dodgerblue,YES,233.014125,2665.060219,57.1661319999998
375000,4289000,CB4MH,1.64042,1e+06,8.07,77.66,375000 4289000,0.5,Suitable,dodgerblue,YES,233.014125,2665.060219,57.1661319999998
375000,4289000,CB4MH,14.76378,1e+06,7.17,77.13,375000 4289000,4.5,Suitable,dodgerblue,YES,233.014125,2665.060219,57.1661319999998
375000,4289000,CB4MH,37.72966,1e+06,2.13,77.9,375000 4289000,11.5,Marginal,orange,YES,233.014125,2665.060219,57.1661319999998
375000,4289000,CB4MH,8.2021,1e+06,7.69,77.11,375000 4289000,2.5,Suitable,dodgerblue,YES,233.014125,2665.060219,57.1661319999998
375000,4289000,CB4MH,4.92126,1e+06,7.93,77.32,375000 4289000,1.5,Suitable,dodgerblue,YES,233.014125,2665.060219,57.1661319999998
375000,4289000,CB4MH,31.16798,1e+06,3.92,77.64,375000 4289000,9.5,Tolerable,yellow,YES,233.014125,2665.060219,57.1661319999998
375000,4289000,CB4MH,34.44882,1e+06,3.14,77.74,375000 4289000,10.5,Tolerable,yellow,YES,233.014125,2665.060219,57.1661319999998
376000,4263000,CB4MH,34.44882,1e+06,1.32,78.03,376000 4263000,10.5,Unsuitable,black,YES,233.635496,2648.904573,41.0104860000001
376000,4263000,CB4MH,4.92126,1e+06,7.59,77.84,376000 4263000,1.5,Suitable,dodgerblue,YES,233.635496,2648.904573,41.0104860000001
376000,4263000,CB4MH,1.64042,1e+06,7.64,77.87,376000 4263000,0.5,Suitable,dodgerblue,YES,233.635496,2648.904573,41.0104860000001
376000,4263000,CB4MH,27.88714,1e+06,2.6,78.24,376000 4263000,8.5,Marginal,orange,YES,233.635496,2648.904573,41.0104860000001
376000,4263000,CB4MH,60.69554,1e+06,0.27,78.19,376000 4263000,18.5,Unsuitable,black,YES,233.635496,2648.904573,41.0104860000001
376000,4263000,CB4MH,63.97638,1e+06,0.26,78.19,376000 4263000,19.5,Unsuitable,black,YES,233.635496,2648.904573,41.0104860000001
376000,4263000,CB4MH,67.25722,1e+06,0.28,78.14,376000 4263000,20.5,Unsuitable,black,YES,233.635496,2648.904573,41.0104860000001
376000,4263000,CB4MH,41.0105,1e+06,0.52,78.18,376000 4263000,12.5,Unsuitable,black,YES,233.635496,2648.904573,41.0104860000001
376000,4263000,CB4MH,11.48294,1e+06,7.32,77.76,376000 4263000,3.5,Suitable,dodgerblue,YES,233.635496,2648.904573,41.0104860000001
376000,4263000,CB4MH,50.85302,1e+06,0.27,78.21,376000 4263000,15.5,Unsuitable,black,YES,233.635496,2648.904573,41.0104860000001
376000,4263000,CB4MH,47.57218,1e+06,0.31,78.2,376000 4263000,14.5,Unsuitable,black,YES,233.635496,2648.904573,41.0104860000001
376000,4263000,CB4MH,24.6063,1e+06,4.2,78.08,376000 4263000,7.5,Suitable,dodgerblue,YES,233.635496,2648.904573,41.0104860000001
376000,4263000,CB4MH,70.53806,1e+06,0.27,78.14,376000 4263000,21.5,Unsuitable,black,YES,233.635496,2648.904573,41.0104860000001
376000,4263000,CB4MH,57.4147,1e+06,0.28,78.2,376000 4263000,17.5,Unsuitable,black,YES,233.635496,2648.904573,41.0104860000001
376000,4263000,CB4MH,37.72966,1e+06,0.83,78.12,376000 4263000,11.5,Unsuitable,black,YES,233.635496,2648.904573,41.0104860000001
376000,4263000,CB4MH,44.29134,1e+06,0.4,78.19,376000 4263000,13.5,Unsuitable,black,YES,233.635496,2648.904573,41.0104860000001
376000,4263000,CB4MH,54.13386,1e+06,0.28,78.21,376000 4263000,16.5,Unsuitable,black,YES,233.635496,2648.904573,41.0104860000001
376000,4263000,CB4MH,8.2021,1e+06,7.5,77.81,376000 4263000,2.5,Suitable,dodgerblue,YES,233.635496,2648.904573,41.0104860000001
376000,4263000,CB4MH,31.16798,1e+06,1.75,78.25,376000 4263000,9.5,Unsuitable,black,YES,233.635496,2648.904573,41.0104860000001
376000,4263000,CB4MH,14.76378,1e+06,7.07,77.72,376000 4263000,4.5,Suitable,dodgerblue,YES,233.635496,2648.904573,41.0104860000001
376000,4263000,CB4MH,18.04462,1e+06,6.45,77.84,376000 4263000,5.5,Suitable,dodgerblue,YES,233.635496,2648.904573,41.0104860000001
376000,4263000,CB4MH,21.32546,1e+06,5.37,77.96,376000 4263000,6.5,Suitable,dodgerblue,YES,233.635496,2648.904573,41.0104860000001
376000,4264000,CB4MH,47.57218,1e+06,0.29,78.19,376000 4264000,14.5,Unsuitable,black,YES,233.635496,2649.525944,41.6318569999999
376000,4264000,CB4MH,60.69554,1e+06,0.27,78.19,376000 4264000,18.5,Unsuitable,black,YES,233.635496,2649.525944,41.6318569999999
376000,4264000,CB4MH,67.25722,1e+06,0.26,78.13,376000 4264000,20.5,Unsuitable,black,YES,233.635496,2649.525944,41.6318569999999
376000,4264000,CB4MH,18.04462,1e+06,6.52,77.73,376000 4264000,5.5,Suitable,dodgerblue,YES,233.635496,2649.525944,41.6318569999999
376000,4264000,CB4MH,1.64042,1e+06,7.62,77.74,376000 4264000,0.5,Suitable,dodgerblue,YES,233.635496,2649.525944,41.6318569999999
376000,4264000,CB4MH,27.88714,1e+06,2.6,78.19,376000 4264000,8.5,Marginal,orange,YES,233.635496,2649.525944,41.6318569999999
376000,4264000,CB4MH,63.97638,1e+06,0.26,78.19,376000 4264000,19.5,Unsuitable,black,YES,233.635496,2649.525944,41.6318569999999
376000,4264000,CB4MH,4.92126,1e+06,7.58,77.72,376000 4264000,1.5,Suitable,dodgerblue,YES,233.635496,2649.525944,41.6318569999999
376000,4264000,CB4MH,34.44882,1e+06,1.3,78.03,376000 4264000,10.5,Unsuitable,black,YES,233.635496,2649.525944,41.6318569999999
376000,4264000,CB4MH,44.29134,1e+06,0.38,78.18,376000 4264000,13.5,Unsuitable,black,YES,233.635496,2649.525944,41.6318569999999
376000,4264000,CB4MH,41.0105,1e+06,0.49,78.18,376000 4264000,12.5,Unsuitable,black,YES,233.635496,2649.525944,41.6318569999999
376000,4264000,CB4MH,54.13386,1e+06,0.27,78.2,376000 4264000,16.5,Unsuitable,black,YES,233.635496,2649.525944,41.6318569999999
376000,4264000,CB4MH,57.4147,1e+06,0.27,78.19,376000 4264000,17.5,Unsuitable,black,YES,233.635496,2649.525944,41.6318569999999
376000,4264000,CB4MH,14.76378,1e+06,7.12,77.61,376000 4264000,4.5,Suitable,dodgerblue,YES,233.635496,2649.525944,41.6318569999999
376000,4264000,CB4MH,37.72966,1e+06,0.81,78.12,376000 4264000,11.5,Unsuitable,black,YES,233.635496,2649.525944,41.6318569999999
376000,4264000,CB4MH,31.16798,1e+06,1.75,78.19,376000 4264000,9.5,Unsuitable,black,YES,233.635496,2649.525944,41.6318569999999
376000,4264000,CB4MH,11.48294,1e+06,7.35,77.65,376000 4264000,3.5,Suitable,dodgerblue,YES,233.635496,2649.525944,41.6318569999999
376000,4264000,CB4MH,24.6063,1e+06,4.25,78.01,376000 4264000,7.5,Suitable,dodgerblue,YES,233.635496,2649.525944,41.6318569999999
376000,4264000,CB4MH,21.32546,1e+06,5.45,77.87,376000 4264000,6.5,Suitable,dodgerblue,YES,233.635496,2649.525944,41.6318569999999
376000,4264000,CB4MH,50.85302,1e+06,0.26,78.2,376000 4264000,15.5,Unsuitable,black,YES,233.635496,2649.525944,41.6318569999999
376000,4264000,CB4MH,8.2021,1e+06,7.51,77.7,376000 4264000,2.5,Suitable,dodgerblue,YES,233.635496,2649.525944,41.6318569999999
376000,4265000,CB4MH,11.48294,1e+06,7.38,77.53,376000 4265000,3.5,Suitable,dodgerblue,YES,233.635496,2650.147315,42.253228
376000,4265000,CB4MH,47.57218,1e+06,0.27,78.18,376000 4265000,14.5,Unsuitable,black,YES,233.635496,2650.147315,42.253228
376000,4265000,CB4MH,44.29134,1e+06,0.35,78.18,376000 4265000,13.5,Unsuitable,black,YES,233.635496,2650.147315,42.253228
376000,4265000,CB4MH,54.13386,1e+06,0.26,78.19,376000 4265000,16.5,Unsuitable,black,YES,233.635496,2650.147315,42.253228
376000,4265000,CB4MH,4.92126,1e+06,7.57,77.6,376000 4265000,1.5,Suitable,dodgerblue,YES,233.635496,2650.147315,42.253228
376000,4265000,CB4MH,41.0105,1e+06,0.46,78.17,376000 4265000,12.5,Unsuitable,black,YES,233.635496,2650.147315,42.253228
376000,4265000,CB4MH,60.69554,1e+06,0.27,78.18,376000 4265000,18.5,Unsuitable,black,YES,233.635496,2650.147315,42.253228
376000,4265000,CB4MH,34.44882,1e+06,1.29,78.02,376000 4265000,10.5,Unsuitable,black,YES,233.635496,2650.147315,42.253228
376000,4265000,CB4MH,57.4147,1e+06,0.27,78.19,376000 4265000,17.5,Unsuitable,black,YES,233.635496,2650.147315,42.253228
376000,4265000,CB4MH,8.2021,1e+06,7.52,77.59,376000 4265000,2.5,Suitable,dodgerblue,YES,233.635496,2650.147315,42.253228
376000,4265000,CB4MH,24.6063,1e+06,4.33,77.94,376000 4265000,7.5,Suitable,dodgerblue,YES,233.635496,2650.147315,42.253228
376000,4265000,CB4MH,21.32546,1e+06,5.57,77.78,376000 4265000,6.5,Suitable,dodgerblue,YES,233.635496,2650.147315,42.253228
376000,4265000,CB4MH,31.16798,1e+06,1.74,78.12,376000 4265000,9.5,Unsuitable,black,YES,233.635496,2650.147315,42.253228
376000,4265000,CB4MH,14.76378,1e+06,7.18,77.49,376000 4265000,4.5,Suitable,dodgerblue,YES,233.635496,2650.147315,42.253228
376000,4265000,CB4MH,37.72966,1e+06,0.8,78.11,376000 4265000,11.5,Unsuitable,black,YES,233.635496,2650.147315,42.253228
376000,4265000,CB4MH,1.64042,1e+06,7.6,77.62,376000 4265000,0.5,Suitable,dodgerblue,YES,233.635496,2650.147315,42.253228
376000,4265000,CB4MH,18.04462,1e+06,6.61,77.63,376000 4265000,5.5,Suitable,dodgerblue,YES,233.635496,2650.147315,42.253228
376000,4265000,CB4MH,27.88714,1e+06,2.6,78.12,376000 4265000,8.5,Marginal,orange,YES,233.635496,2650.147315,42.253228
376000,4265000,CB4MH,50.85302,1e+06,0.24,78.19,376000 4265000,15.5,Unsuitable,black,YES,233.635496,2650.147315,42.253228
376000,4265000,CB4MH,63.97638,1e+06,0.25,78.18,376000 4265000,19.5,Unsuitable,black,YES,233.635496,2650.147315,42.253228
376000,4265000,CB4MH,67.25722,1e+06,0.24,78.12,376000 4265000,20.5,Unsuitable,black,YES,233.635496,2650.147315,42.253228
376000,4266000,CB4MH,18.04462,1e+06,6.74,77.52,376000 4266000,5.5,Suitable,dodgerblue,YES,233.635496,2650.768686,42.8745989999998
376000,4266000,CB4MH,47.57218,1e+06,0.26,78.17,376000 4266000,14.5,Unsuitable,black,YES,233.635496,2650.768686,42.8745989999998
376000,4266000,CB4MH,24.6063,1e+06,4.51,77.86,376000 4266000,7.5,Suitable,dodgerblue,YES,233.635496,2650.768686,42.8745989999998
376000,4266000,CB4MH,67.25722,1e+06,0.23,78.11,376000 4266000,20.5,Unsuitable,black,YES,233.635496,2650.768686,42.8745989999998
376000,4266000,CB4MH,1.64042,1e+06,7.58,77.51,376000 4266000,0.5,Suitable,dodgerblue,YES,233.635496,2650.768686,42.8745989999998
376000,4266000,CB4MH,54.13386,1e+06,0.26,78.17,376000 4266000,16.5,Unsuitable,black,YES,233.635496,2650.768686,42.8745989999998
376000,4266000,CB4MH,11.48294,1e+06,7.42,77.43,376000 4266000,3.5,Suitable,dodgerblue,YES,233.635496,2650.768686,42.8745989999998
376000,4266000,CB4MH,31.16798,1e+06,1.85,78.06,376000 4266000,9.5,Unsuitable,black,YES,233.635496,2650.768686,42.8745989999998
376000,4266000,CB4MH,63.97638,1e+06,0.25,78.17,376000 4266000,19.5,Unsuitable,black,YES,233.635496,2650.768686,42.8745989999998
376000,4266000,CB4MH,14.76378,1e+06,7.24,77.39,376000 4266000,4.5,Suitable,dodgerblue,YES,233.635496,2650.768686,42.8745989999998
376000,4266000,CB4MH,8.2021,1e+06,7.53,77.49,376000 4266000,2.5,Suitable,dodgerblue,YES,233.635496,2650.768686,42.8745989999998
376000,4266000,CB4MH,44.29134,1e+06,0.34,78.17,376000 4266000,13.5,Unsuitable,black,YES,233.635496,2650.768686,42.8745989999998
376000,4266000,CB4MH,27.88714,1e+06,2.81,78.06,376000 4266000,8.5,Marginal,orange,YES,233.635496,2650.768686,42.8745989999998
376000,4266000,CB4MH,37.72966,1e+06,0.81,78.1,376000 4266000,11.5,Unsuitable,black,YES,233.635496,2650.768686,42.8745989999998
376000,4266000,CB4MH,57.4147,1e+06,0.27,78.17,376000 4266000,17.5,Unsuitable,black,YES,233.635496,2650.768686,42.8745989999998
376000,4266000,CB4MH,41.0105,1e+06,0.45,78.16,376000 4266000,12.5,Unsuitable,black,YES,233.635496,2650.768686,42.8745989999998
376000,4266000,CB4MH,4.92126,1e+06,7.56,77.5,376000 4266000,1.5,Suitable,dodgerblue,YES,233.635496,2650.768686,42.8745989999998
376000,4266000,CB4MH,21.32546,1e+06,5.78,77.68,376000 4266000,6.5,Suitable,dodgerblue,YES,233.635496,2650.768686,42.8745989999998
376000,4266000,CB4MH,50.85302,1e+06,0.23,78.17,376000 4266000,15.5,Unsuitable,black,YES,233.635496,2650.768686,42.8745989999998
376000,4266000,CB4MH,34.44882,1e+06,1.32,78,376000 4266000,10.5,Unsuitable,black,YES,233.635496,2650.768686,42.8745989999998
376000,4266000,CB4MH,60.69554,1e+06,0.27,78.17,376000 4266000,18.5,Unsuitable,black,YES,233.635496,2650.768686,42.8745989999998
376000,4274000,CB4MH,31.16798,1e+06,2,78.05,376000 4274000,9.5,Marginal,orange,YES,233.635496,2655.739654,47.8455669999998
376000,4274000,CB4MH,63.97638,1e+06,0.23,78.24,376000 4274000,19.5,Unsuitable,black,YES,233.635496,2655.739654,47.8455669999998
376000,4274000,CB4MH,67.25722,1e+06,0.19,78.22,376000 4274000,20.5,Unsuitable,black,YES,233.635496,2655.739654,47.8455669999998
376000,4274000,CB4MH,77.09974,1e+06,0.2,78.22,376000 4274000,23.5,Unsuitable,black,YES,233.635496,2655.739654,47.8455669999998
376000,4274000,CB4MH,41.0105,1e+06,0.87,78.15,376000 4274000,12.5,Unsuitable,black,YES,233.635496,2655.739654,47.8455669999998
376000,4274000,CB4MH,21.32546,1e+06,5.35,77.51,376000 4274000,6.5,Suitable,dodgerblue,YES,233.635496,2655.739654,47.8455669999998
376000,4274000,CB4MH,86.94226,1e+06,0.28,78.19,376000 4274000,26.5,Unsuitable,black,YES,233.635496,2655.739654,47.8455669999998
376000,4274000,CB4MH,57.4147,1e+06,0.26,78.24,376000 4274000,17.5,Unsuitable,black,YES,233.635496,2655.739654,47.8455669999998
376000,4274000,CB4MH,70.53806,1e+06,0.16,78.22,376000 4274000,21.5,Unsuitable,black,YES,233.635496,2655.739654,47.8455669999998
376000,4274000,CB4MH,27.88714,1e+06,2.98,77.97,376000 4274000,8.5,Marginal,orange,YES,233.635496,2655.739654,47.8455669999998
376000,4274000,CB4MH,47.57218,1e+06,0.48,78.2,376000 4274000,14.5,Unsuitable,black,YES,233.635496,2655.739654,47.8455669999998
376000,4274000,CB4MH,37.72966,1e+06,1.18,78.07,376000 4274000,11.5,Unsuitable,black,YES,233.635496,2655.739654,47.8455669999998
376000,4274000,CB4MH,83.66142,1e+06,0.3,78.19,376000 4274000,25.5,Unsuitable,black,YES,233.635496,2655.739654,47.8455669999998
376000,4274000,CB4MH,80.38058,1e+06,0.23,78.22,376000 4274000,24.5,Unsuitable,black,YES,233.635496,2655.739654,47.8455669999998
376000,4274000,CB4MH,34.44882,1e+06,1.63,77.97,376000 4274000,10.5,Unsuitable,black,YES,233.635496,2655.739654,47.8455669999998
376000,4274000,CB4MH,73.8189,1e+06,0.18,78.22,376000 4274000,22.5,Unsuitable,black,YES,233.635496,2655.739654,47.8455669999998
376000,4274000,CB4MH,44.29134,1e+06,0.7,78.15,376000 4274000,13.5,Unsuitable,black,YES,233.635496,2655.739654,47.8455669999998
376000,4274000,CB4MH,18.04462,1e+06,6.12,77.36,376000 4274000,5.5,Suitable,dodgerblue,YES,233.635496,2655.739654,47.8455669999998
376000,4274000,CB4MH,54.13386,1e+06,0.32,78.24,376000 4274000,16.5,Unsuitable,black,YES,233.635496,2655.739654,47.8455669999998
376000,4274000,CB4MH,4.92126,1e+06,7.61,77.27,376000 4274000,1.5,Suitable,dodgerblue,YES,233.635496,2655.739654,47.8455669999998
376000,4274000,CB4MH,8.2021,1e+06,7.53,77.17,376000 4274000,2.5,Suitable,dodgerblue,YES,233.635496,2655.739654,47.8455669999998
376000,4274000,CB4MH,24.6063,1e+06,4.2,77.7,376000 4274000,7.5,Suitable,dodgerblue,YES,233.635496,2655.739654,47.8455669999998
376000,4274000,CB4MH,14.76378,1e+06,6.75,77.26,376000 4274000,4.5,Suitable,dodgerblue,YES,233.635496,2655.739654,47.8455669999998
376000,4274000,CB4MH,60.69554,1e+06,0.23,78.24,376000 4274000,18.5,Unsuitable,black,YES,233.635496,2655.739654,47.8455669999998
376000,4274000,CB4MH,1.64042,1e+06,7.64,77.27,376000 4274000,0.5,Suitable,dodgerblue,YES,233.635496,2655.739654,47.8455669999998
376000,4274000,CB4MH,11.48294,1e+06,7.29,77.18,376000 4274000,3.5,Suitable,dodgerblue,YES,233.635496,2655.739654,47.8455669999998
376000,4274000,CB4MH,50.85302,1e+06,0.36,78.24,376000 4274000,15.5,Unsuitable,black,YES,233.635496,2655.739654,47.8455669999998
376000,4275000,CB4MH,14.76378,1e+06,6.68,77.26,376000 4275000,4.5,Suitable,dodgerblue,YES,233.635496,2656.361025,48.466938
376000,4275000,CB4MH,18.04462,1e+06,6.08,77.35,376000 4275000,5.5,Suitable,dodgerblue,YES,233.635496,2656.361025,48.466938
376000,4275000,CB4MH,21.32546,1e+06,5.44,77.48,376000 4275000,6.5,Suitable,dodgerblue,YES,233.635496,2656.361025,48.466938
376000,4275000,CB4MH,8.2021,1e+06,7.56,77.16,376000 4275000,2.5,Suitable,dodgerblue,YES,233.635496,2656.361025,48.466938
376000,4275000,CB4MH,67.25722,1e+06,0.17,78.26,376000 4275000,20.5,Unsuitable,black,YES,233.635496,2656.361025,48.466938
376000,4275000,CB4MH,54.13386,1e+06,0.35,78.26,376000 4275000,16.5,Unsuitable,black,YES,233.635496,2656.361025,48.466938
376000,4275000,CB4MH,41.0105,1e+06,1.06,78.13,376000 4275000,12.5,Unsuitable,black,YES,233.635496,2656.361025,48.466938
376000,4275000,CB4MH,73.8189,1e+06,0.14,78.26,376000 4275000,22.5,Unsuitable,black,YES,233.635496,2656.361025,48.466938
376000,4275000,CB4MH,34.44882,1e+06,1.82,77.94,376000 4275000,10.5,Unsuitable,black,YES,233.635496,2656.361025,48.466938
376000,4275000,CB4MH,57.4147,1e+06,0.25,78.26,376000 4275000,17.5,Unsuitable,black,YES,233.635496,2656.361025,48.466938
376000,4275000,CB4MH,27.88714,1e+06,3.21,77.89,376000 4275000,8.5,Tolerable,yellow,YES,233.635496,2656.361025,48.466938
376000,4275000,CB4MH,77.09974,1e+06,0.17,78.26,376000 4275000,23.5,Unsuitable,black,YES,233.635496,2656.361025,48.466938
376000,4275000,CB4MH,11.48294,1e+06,7.28,77.17,376000 4275000,3.5,Suitable,dodgerblue,YES,233.635496,2656.361025,48.466938
376000,4275000,CB4MH,24.6063,1e+06,4.36,77.66,376000 4275000,7.5,Suitable,dodgerblue,YES,233.635496,2656.361025,48.466938
376000,4275000,CB4MH,63.97638,1e+06,0.21,78.26,376000 4275000,19.5,Unsuitable,black,YES,233.635496,2656.361025,48.466938
376000,4275000,CB4MH,44.29134,1e+06,0.86,78.13,376000 4275000,13.5,Unsuitable,black,YES,233.635496,2656.361025,48.466938
376000,4275000,CB4MH,4.92126,1e+06,7.66,77.27,376000 4275000,1.5,Suitable,dodgerblue,YES,233.635496,2656.361025,48.466938
376000,4275000,CB4MH,47.57218,1e+06,0.57,78.2,376000 4275000,14.5,Unsuitable,black,YES,233.635496,2656.361025,48.466938
376000,4275000,CB4MH,1.64042,1e+06,7.7,77.27,376000 4275000,0.5,Suitable,dodgerblue,YES,233.635496,2656.361025,48.466938
376000,4275000,CB4MH,60.69554,1e+06,0.22,78.26,376000 4275000,18.5,Unsuitable,black,YES,233.635496,2656.361025,48.466938
376000,4275000,CB4MH,37.72966,1e+06,1.38,78.04,376000 4275000,11.5,Unsuitable,black,YES,233.635496,2656.361025,48.466938
376000,4275000,CB4MH,50.85302,1e+06,0.4,78.26,376000 4275000,15.5,Unsuitable,black,YES,233.635496,2656.361025,48.466938
376000,4275000,CB4MH,31.16798,1e+06,2.14,78.01,376000 4275000,9.5,Marginal,orange,YES,233.635496,2656.361025,48.466938
376000,4275000,CB4MH,70.53806,1e+06,0.13,78.26,376000 4275000,21.5,Unsuitable,black,YES,233.635496,2656.361025,48.466938
376000,4276000,CB4MH,67.25722,1e+06,0.16,78.28,376000 4276000,20.5,Unsuitable,black,YES,233.635496,2656.982396,49.0883089999998
376000,4276000,CB4MH,57.4147,1e+06,0.25,78.28,376000 4276000,17.5,Unsuitable,black,YES,233.635496,2656.982396,49.0883089999998
376000,4276000,CB4MH,63.97638,1e+06,0.21,78.28,376000 4276000,19.5,Unsuitable,black,YES,233.635496,2656.982396,49.0883089999998
376000,4276000,CB4MH,4.92126,1e+06,7.8,77.29,376000 4276000,1.5,Suitable,dodgerblue,YES,233.635496,2656.982396,49.0883089999998
376000,4276000,CB4MH,54.13386,1e+06,0.37,78.28,376000 4276000,16.5,Unsuitable,black,YES,233.635496,2656.982396,49.0883089999998
376000,4276000,CB4MH,24.6063,1e+06,4.57,77.61,376000 4276000,7.5,Suitable,dodgerblue,YES,233.635496,2656.982396,49.0883089999998
376000,4276000,CB4MH,11.48294,1e+06,7.4,77.17,376000 4276000,3.5,Suitable,dodgerblue,YES,233.635496,2656.982396,49.0883089999998
376000,4276000,CB4MH,60.69554,1e+06,0.21,78.28,376000 4276000,18.5,Unsuitable,black,YES,233.635496,2656.982396,49.0883089999998
376000,4276000,CB4MH,1.64042,1e+06,7.84,77.29,376000 4276000,0.5,Suitable,dodgerblue,YES,233.635496,2656.982396,49.0883089999998
376000,4276000,CB4MH,73.8189,1e+06,0.12,78.28,376000 4276000,22.5,Unsuitable,black,YES,233.635496,2656.982396,49.0883089999998
376000,4276000,CB4MH,77.09974,1e+06,0.14,78.28,376000 4276000,23.5,Unsuitable,black,YES,233.635496,2656.982396,49.0883089999998
376000,4276000,CB4MH,41.0105,1e+06,1.23,78.11,376000 4276000,12.5,Unsuitable,black,YES,233.635496,2656.982396,49.0883089999998
376000,4276000,CB4MH,34.44882,1e+06,1.96,77.92,376000 4276000,10.5,Unsuitable,black,YES,233.635496,2656.982396,49.0883089999998
376000,4276000,CB4MH,21.32546,1e+06,5.95,77.42,376000 4276000,6.5,Suitable,dodgerblue,YES,233.635496,2656.982396,49.0883089999998
376000,4276000,CB4MH,27.88714,1e+06,3.44,77.8,376000 4276000,8.5,Tolerable,yellow,YES,233.635496,2656.982396,49.0883089999998
376000,4276000,CB4MH,44.29134,1e+06,1,78.12,376000 4276000,13.5,Unsuitable,black,YES,233.635496,2656.982396,49.0883089999998
376000,4276000,CB4MH,70.53806,1e+06,0.11,78.28,376000 4276000,21.5,Unsuitable,black,YES,233.635496,2656.982396,49.0883089999998
376000,4276000,CB4MH,47.57218,1e+06,0.66,78.2,376000 4276000,14.5,Unsuitable,black,YES,233.635496,2656.982396,49.0883089999998
376000,4276000,CB4MH,37.72966,1e+06,1.55,78.02,376000 4276000,11.5,Unsuitable,black,YES,233.635496,2656.982396,49.0883089999998
376000,4276000,CB4MH,31.16798,1e+06,2.29,77.96,376000 4276000,9.5,Marginal,orange,YES,233.635496,2656.982396,49.0883089999998
376000,4276000,CB4MH,8.2021,1e+06,7.68,77.17,376000 4276000,2.5,Suitable,dodgerblue,YES,233.635496,2656.982396,49.0883089999998
376000,4276000,CB4MH,18.04462,1e+06,6.36,77.33,376000 4276000,5.5,Suitable,dodgerblue,YES,233.635496,2656.982396,49.0883089999998
376000,4276000,CB4MH,50.85302,1e+06,0.45,78.28,376000 4276000,15.5,Unsuitable,black,YES,233.635496,2656.982396,49.0883089999998
376000,4276000,CB4MH,14.76378,1e+06,6.83,77.27,376000 4276000,4.5,Suitable,dodgerblue,YES,233.635496,2656.982396,49.0883089999998
376000,4277000,CB4MH,8.2021,1e+06,7.64,77.14,376000 4277000,2.5,Suitable,dodgerblue,YES,233.635496,2657.603767,49.7096799999999
376000,4277000,CB4MH,54.13386,1e+06,0.39,78.29,376000 4277000,16.5,Unsuitable,black,YES,233.635496,2657.603767,49.7096799999999
376000,4277000,CB4MH,27.88714,1e+06,3.61,77.74,376000 4277000,8.5,Tolerable,yellow,YES,233.635496,2657.603767,49.7096799999999
376000,4277000,CB4MH,4.92126,1e+06,7.77,77.26,376000 4277000,1.5,Suitable,dodgerblue,YES,233.635496,2657.603767,49.7096799999999
376000,4277000,CB4MH,14.76378,1e+06,6.94,77.19,376000 4277000,4.5,Suitable,dodgerblue,YES,233.635496,2657.603767,49.7096799999999
376000,4277000,CB4MH,41.0105,1e+06,1.34,78.1,376000 4277000,12.5,Unsuitable,black,YES,233.635496,2657.603767,49.7096799999999
376000,4277000,CB4MH,47.57218,1e+06,0.72,78.2,376000 4277000,14.5,Unsuitable,black,YES,233.635496,2657.603767,49.7096799999999
376000,4277000,CB4MH,50.85302,1e+06,0.48,78.29,376000 4277000,15.5,Unsuitable,black,YES,233.635496,2657.603767,49.7096799999999
376000,4277000,CB4MH,31.16798,1e+06,2.39,77.92,376000 4277000,9.5,Marginal,orange,YES,233.635496,2657.603767,49.7096799999999
376000,4277000,CB4MH,11.48294,1e+06,7.39,77.11,376000 4277000,3.5,Suitable,dodgerblue,YES,233.635496,2657.603767,49.7096799999999
376000,4277000,CB4MH,34.44882,1e+06,2.06,77.91,376000 4277000,10.5,Marginal,orange,YES,233.635496,2657.603767,49.7096799999999
376000,4277000,CB4MH,44.29134,1e+06,1.1,78.11,376000 4277000,13.5,Unsuitable,black,YES,233.635496,2657.603767,49.7096799999999
376000,4277000,CB4MH,21.32546,1e+06,6.13,77.36,376000 4277000,6.5,Suitable,dodgerblue,YES,233.635496,2657.603767,49.7096799999999
376000,4277000,CB4MH,24.6063,1e+06,4.92,77.54,376000 4277000,7.5,Suitable,dodgerblue,YES,233.635496,2657.603767,49.7096799999999
376000,4277000,CB4MH,18.04462,1e+06,6.56,77.26,376000 4277000,5.5,Suitable,dodgerblue,YES,233.635496,2657.603767,49.7096799999999
376000,4277000,CB4MH,1.64042,1e+06,7.82,77.26,376000 4277000,0.5,Suitable,dodgerblue,YES,233.635496,2657.603767,49.7096799999999
376000,4277000,CB4MH,63.97638,1e+06,0.2,78.29,376000 4277000,19.5,Unsuitable,black,YES,233.635496,2657.603767,49.7096799999999
376000,4277000,CB4MH,37.72966,1e+06,1.65,78.01,376000 4277000,11.5,Unsuitable,black,YES,233.635496,2657.603767,49.7096799999999
376000,4277000,CB4MH,57.4147,1e+06,0.25,78.29,376000 4277000,17.5,Unsuitable,black,YES,233.635496,2657.603767,49.7096799999999
376000,4277000,CB4MH,60.69554,1e+06,0.2,78.29,376000 4277000,18.5,Unsuitable,black,YES,233.635496,2657.603767,49.7096799999999
376000,4282000,CB4MH,21.32546,1e+06,5.82,77.57,376000 4282000,6.5,Suitable,dodgerblue,YES,233.635496,2660.710622,52.8165349999999
376000,4282000,CB4MH,8.2021,1e+06,7.7,77.31,376000 4282000,2.5,Suitable,dodgerblue,YES,233.635496,2660.710622,52.8165349999999
376000,4282000,CB4MH,1.64042,1e+06,7.87,77.44,376000 4282000,0.5,Suitable,dodgerblue,YES,233.635496,2660.710622,52.8165349999999
376000,4282000,CB4MH,31.16798,1e+06,2.44,77.89,376000 4282000,9.5,Marginal,orange,YES,233.635496,2660.710622,52.8165349999999
376000,4282000,CB4MH,44.29134,1e+06,1,78.12,376000 4282000,13.5,Unsuitable,black,YES,233.635496,2660.710622,52.8165349999999
376000,4282000,CB4MH,54.13386,1e+06,0.38,78.29,376000 4282000,16.5,Unsuitable,black,YES,233.635496,2660.710622,52.8165349999999
376000,4282000,CB4MH,4.92126,1e+06,7.82,77.44,376000 4282000,1.5,Suitable,dodgerblue,YES,233.635496,2660.710622,52.8165349999999
376000,4282000,CB4MH,11.48294,1e+06,7.39,77.33,376000 4282000,3.5,Suitable,dodgerblue,YES,233.635496,2660.710622,52.8165349999999
376000,4282000,CB4MH,50.85302,1e+06,0.46,78.29,376000 4282000,15.5,Unsuitable,black,YES,233.635496,2660.710622,52.8165349999999
376000,4282000,CB4MH,70.53806,1e+06,0.12,78.29,376000 4282000,21.5,Unsuitable,black,YES,233.635496,2660.710622,52.8165349999999
376000,4282000,CB4MH,18.04462,1e+06,6.22,77.49,376000 4282000,5.5,Suitable,dodgerblue,YES,233.635496,2660.710622,52.8165349999999
376000,4282000,CB4MH,41.0105,1e+06,1.25,78.11,376000 4282000,12.5,Unsuitable,black,YES,233.635496,2660.710622,52.8165349999999
376000,4282000,CB4MH,14.76378,1e+06,6.75,77.45,376000 4282000,4.5,Suitable,dodgerblue,YES,233.635496,2660.710622,52.8165349999999
376000,4282000,CB4MH,47.57218,1e+06,0.66,78.2,376000 4282000,14.5,Unsuitable,black,YES,233.635496,2660.710622,52.8165349999999
376000,4282000,CB4MH,67.25722,1e+06,0.16,78.29,376000 4282000,20.5,Unsuitable,black,YES,233.635496,2660.710622,52.8165349999999
376000,4282000,CB4MH,37.72966,1e+06,1.6,78.01,376000 4282000,11.5,Unsuitable,black,YES,233.635496,2660.710622,52.8165349999999
376000,4282000,CB4MH,57.4147,1e+06,0.25,78.29,376000 4282000,17.5,Unsuitable,black,YES,233.635496,2660.710622,52.8165349999999
376000,4282000,CB4MH,27.88714,1e+06,3.62,77.72,376000 4282000,8.5,Tolerable,yellow,YES,233.635496,2660.710622,52.8165349999999
376000,4282000,CB4MH,60.69554,1e+06,0.21,78.29,376000 4282000,18.5,Unsuitable,black,YES,233.635496,2660.710622,52.8165349999999
376000,4282000,CB4MH,24.6063,1e+06,4.45,77.63,376000 4282000,7.5,Suitable,dodgerblue,YES,233.635496,2660.710622,52.8165349999999
376000,4282000,CB4MH,63.97638,1e+06,0.21,78.29,376000 4282000,19.5,Unsuitable,black,YES,233.635496,2660.710622,52.8165349999999
376000,4282000,CB4MH,34.44882,1e+06,2.04,77.91,376000 4282000,10.5,Marginal,orange,YES,233.635496,2660.710622,52.8165349999999
376000,4283000,CB4MH,37.72966,1e+06,1.59,78.01,376000 4283000,11.5,Unsuitable,black,YES,233.635496,2661.331993,53.4379060000001
376000,4283000,CB4MH,54.13386,1e+06,0.37,78.28,376000 4283000,16.5,Unsuitable,black,YES,233.635496,2661.331993,53.4379060000001
376000,4283000,CB4MH,1.64042,1e+06,7.89,77.5,376000 4283000,0.5,Suitable,dodgerblue,YES,233.635496,2661.331993,53.4379060000001
376000,4283000,CB4MH,11.48294,1e+06,7.41,77.39,376000 4283000,3.5,Suitable,dodgerblue,YES,233.635496,2661.331993,53.4379060000001
376000,4283000,CB4MH,8.2021,1e+06,7.73,77.38,376000 4283000,2.5,Suitable,dodgerblue,YES,233.635496,2661.331993,53.4379060000001
376000,4283000,CB4MH,47.57218,1e+06,0.63,78.21,376000 4283000,14.5,Unsuitable,black,YES,233.635496,2661.331993,53.4379060000001
376000,4283000,CB4MH,34.44882,1e+06,2.05,77.91,376000 4283000,10.5,Marginal,orange,YES,233.635496,2661.331993,53.4379060000001
376000,4283000,CB4MH,18.04462,1e+06,6.24,77.55,376000 4283000,5.5,Suitable,dodgerblue,YES,233.635496,2661.331993,53.4379060000001
376000,4283000,CB4MH,27.88714,1e+06,3.62,77.72,376000 4283000,8.5,Tolerable,yellow,YES,233.635496,2661.331993,53.4379060000001
376000,4283000,CB4MH,50.85302,1e+06,0.44,78.28,376000 4283000,15.5,Unsuitable,black,YES,233.635496,2661.331993,53.4379060000001
376000,4283000,CB4MH,4.92126,1e+06,7.84,77.5,376000 4283000,1.5,Suitable,dodgerblue,YES,233.635496,2661.331993,53.4379060000001
376000,4283000,CB4MH,41.0105,1e+06,1.2,78.12,376000 4283000,12.5,Unsuitable,black,YES,233.635496,2661.331993,53.4379060000001
376000,4283000,CB4MH,93.50394,1e+06,0.1,78.3,376000 4283000,28.5,Unsuitable,black,YES,233.635496,2661.331993,53.4379060000001
376000,4283000,CB4MH,44.29134,1e+06,0.95,78.13,376000 4283000,13.5,Unsuitable,black,YES,233.635496,2661.331993,53.4379060000001
376000,4283000,CB4MH,73.8189,1e+06,0.13,78.28,376000 4283000,22.5,Unsuitable,black,YES,233.635496,2661.331993,53.4379060000001
376000,4283000,CB4MH,14.76378,1e+06,6.76,77.51,376000 4283000,4.5,Suitable,dodgerblue,YES,233.635496,2661.331993,53.4379060000001
376000,4283000,CB4MH,24.6063,1e+06,4.37,77.65,376000 4283000,7.5,Suitable,dodgerblue,YES,233.635496,2661.331993,53.4379060000001
376000,4283000,CB4MH,67.25722,1e+06,0.16,78.29,376000 4283000,20.5,Unsuitable,black,YES,233.635496,2661.331993,53.4379060000001
376000,4283000,CB4MH,83.66142,1e+06,0.1,78.3,376000 4283000,25.5,Unsuitable,black,YES,233.635496,2661.331993,53.4379060000001
376000,4283000,CB4MH,31.16798,1e+06,2.46,77.89,376000 4283000,9.5,Marginal,orange,YES,233.635496,2661.331993,53.4379060000001
376000,4283000,CB4MH,77.09974,1e+06,0.14,78.28,376000 4283000,23.5,Unsuitable,black,YES,233.635496,2661.331993,53.4379060000001
376000,4283000,CB4MH,21.32546,1e+06,5.85,77.63,376000 4283000,6.5,Suitable,dodgerblue,YES,233.635496,2661.331993,53.4379060000001
376000,4283000,CB4MH,90.2231,1e+06,0.1,78.3,376000 4283000,27.5,Unsuitable,black,YES,233.635496,2661.331993,53.4379060000001
376000,4283000,CB4MH,86.94226,1e+06,0.1,78.3,376000 4283000,26.5,Unsuitable,black,YES,233.635496,2661.331993,53.4379060000001
376000,4283000,CB4MH,80.38058,1e+06,0.18,78.28,376000 4283000,24.5,Unsuitable,black,YES,233.635496,2661.331993,53.4379060000001
376000,4283000,CB4MH,63.97638,1e+06,0.21,78.28,376000 4283000,19.5,Unsuitable,black,YES,233.635496,2661.331993,53.4379060000001
376000,4283000,CB4MH,57.4147,1e+06,0.25,78.28,376000 4283000,17.5,Unsuitable,black,YES,233.635496,2661.331993,53.4379060000001
376000,4283000,CB4MH,60.69554,1e+06,0.22,78.28,376000 4283000,18.5,Unsuitable,black,YES,233.635496,2661.331993,53.4379060000001
376000,4283000,CB4MH,70.53806,1e+06,0.13,78.29,376000 4283000,21.5,Unsuitable,black,YES,233.635496,2661.331993,53.4379060000001
376000,4284000,CB4MH,41.0105,1e+06,1.23,78.11,376000 4284000,12.5,Unsuitable,black,YES,233.635496,2661.953364,54.0592769999998
376000,4284000,CB4MH,47.57218,1e+06,0.61,78.21,376000 4284000,14.5,Unsuitable,black,YES,233.635496,2661.953364,54.0592769999998
376000,4284000,CB4MH,21.32546,1e+06,5.98,77.48,376000 4284000,6.5,Suitable,dodgerblue,YES,233.635496,2661.953364,54.0592769999998
376000,4284000,CB4MH,50.85302,1e+06,0.42,78.28,376000 4284000,15.5,Unsuitable,black,YES,233.635496,2661.953364,54.0592769999998
376000,4284000,CB4MH,57.4147,1e+06,0.24,78.29,376000 4284000,17.5,Unsuitable,black,YES,233.635496,2661.953364,54.0592769999998
376000,4284000,CB4MH,24.6063,1e+06,4.7,77.58,376000 4284000,7.5,Suitable,dodgerblue,YES,233.635496,2661.953364,54.0592769999998
376000,4284000,CB4MH,80.38058,1e+06,0.18,78.28,376000 4284000,24.5,Unsuitable,black,YES,233.635496,2661.953364,54.0592769999998
376000,4284000,CB4MH,31.16798,1e+06,2.94,77.81,376000 4284000,9.5,Marginal,orange,YES,233.635496,2661.953364,54.0592769999998
376000,4284000,CB4MH,37.72966,1e+06,1.79,77.97,376000 4284000,11.5,Unsuitable,black,YES,233.635496,2661.953364,54.0592769999998
376000,4284000,CB4MH,34.44882,1e+06,2.42,77.85,376000 4284000,10.5,Marginal,orange,YES,233.635496,2661.953364,54.0592769999998
376000,4284000,CB4MH,73.8189,1e+06,0.14,78.28,376000 4284000,22.5,Unsuitable,black,YES,233.635496,2661.953364,54.0592769999998
376000,4284000,CB4MH,54.13386,1e+06,0.35,78.29,376000 4284000,16.5,Unsuitable,black,YES,233.635496,2661.953364,54.0592769999998
376000,4284000,CB4MH,60.69554,1e+06,0.21,78.29,376000 4284000,18.5,Unsuitable,black,YES,233.635496,2661.953364,54.0592769999998
376000,4284000,CB4MH,90.2231,1e+06,0.1,78.3,376000 4284000,27.5,Unsuitable,black,YES,233.635496,2661.953364,54.0592769999998
376000,4284000,CB4MH,27.88714,1e+06,4.13,77.65,376000 4284000,8.5,Suitable,dodgerblue,YES,233.635496,2661.953364,54.0592769999998
376000,4284000,CB4MH,86.94226,1e+06,0.1,78.3,376000 4284000,26.5,Unsuitable,black,YES,233.635496,2661.953364,54.0592769999998
376000,4284000,CB4MH,14.76378,1e+06,6.85,77.35,376000 4284000,4.5,Suitable,dodgerblue,YES,233.635496,2661.953364,54.0592769999998
376000,4284000,CB4MH,70.53806,1e+06,0.13,78.29,376000 4284000,21.5,Unsuitable,black,YES,233.635496,2661.953364,54.0592769999998
376000,4284000,CB4MH,11.48294,1e+06,7.51,77.22,376000 4284000,3.5,Suitable,dodgerblue,YES,233.635496,2661.953364,54.0592769999998
376000,4284000,CB4MH,44.29134,1e+06,0.91,78.14,376000 4284000,13.5,Unsuitable,black,YES,233.635496,2661.953364,54.0592769999998
376000,4284000,CB4MH,63.97638,1e+06,0.21,78.29,376000 4284000,19.5,Unsuitable,black,YES,233.635496,2661.953364,54.0592769999998
376000,4284000,CB4MH,77.09974,1e+06,0.14,78.28,376000 4284000,23.5,Unsuitable,black,YES,233.635496,2661.953364,54.0592769999998
376000,4284000,CB4MH,1.64042,1e+06,8.03,77.39,376000 4284000,0.5,Suitable,dodgerblue,YES,233.635496,2661.953364,54.0592769999998
376000,4284000,CB4MH,83.66142,1e+06,0.1,78.3,376000 4284000,25.5,Unsuitable,black,YES,233.635496,2661.953364,54.0592769999998
376000,4284000,CB4MH,18.04462,1e+06,6.35,77.4,376000 4284000,5.5,Suitable,dodgerblue,YES,233.635496,2661.953364,54.0592769999998
376000,4284000,CB4MH,96.78478,1e+06,0.1,78.3,376000 4284000,29.5,Unsuitable,black,YES,233.635496,2661.953364,54.0592769999998
376000,4284000,CB4MH,8.2021,1e+06,7.85,77.19,376000 4284000,2.5,Suitable,dodgerblue,YES,233.635496,2661.953364,54.0592769999998
376000,4284000,CB4MH,93.50394,1e+06,0.1,78.3,376000 4284000,28.5,Unsuitable,black,YES,233.635496,2661.953364,54.0592769999998
376000,4284000,CB4MH,4.92126,1e+06,7.98,77.34,376000 4284000,1.5,Suitable,dodgerblue,YES,233.635496,2661.953364,54.0592769999998
376000,4284000,CB4MH,67.25722,1e+06,0.17,78.29,376000 4284000,20.5,Unsuitable,black,YES,233.635496,2661.953364,54.0592769999998
376000,4285000,CB4MH,21.32546,1e+06,6.04,77.48,376000 4285000,6.5,Suitable,dodgerblue,YES,233.635496,2662.574735,54.680648
376000,4285000,CB4MH,34.44882,1e+06,2.55,77.83,376000 4285000,10.5,Marginal,orange,YES,233.635496,2662.574735,54.680648
376000,4285000,CB4MH,8.2021,1e+06,7.88,77.2,376000 4285000,2.5,Suitable,dodgerblue,YES,233.635496,2662.574735,54.680648
376000,4285000,CB4MH,47.57218,1e+06,0.57,78.22,376000 4285000,14.5,Unsuitable,black,YES,233.635496,2662.574735,54.680648
376000,4285000,CB4MH,24.6063,1e+06,4.8,77.56,376000 4285000,7.5,Suitable,dodgerblue,YES,233.635496,2662.574735,54.680648
376000,4285000,CB4MH,14.76378,1e+06,6.88,77.36,376000 4285000,4.5,Suitable,dodgerblue,YES,233.635496,2662.574735,54.680648
376000,4285000,CB4MH,18.04462,1e+06,6.4,77.41,376000 4285000,5.5,Suitable,dodgerblue,YES,233.635496,2662.574735,54.680648
376000,4285000,CB4MH,50.85302,1e+06,0.4,78.28,376000 4285000,15.5,Unsuitable,black,YES,233.635496,2662.574735,54.680648
376000,4285000,CB4MH,11.48294,1e+06,7.53,77.23,376000 4285000,3.5,Suitable,dodgerblue,YES,233.635496,2662.574735,54.680648
376000,4285000,CB4MH,67.25722,1e+06,0.17,78.29,376000 4285000,20.5,Unsuitable,black,YES,233.635496,2662.574735,54.680648
376000,4285000,CB4MH,1.64042,1e+06,8.08,77.42,376000 4285000,0.5,Suitable,dodgerblue,YES,233.635496,2662.574735,54.680648
376000,4285000,CB4MH,37.72966,1e+06,1.85,77.95,376000 4285000,11.5,Unsuitable,black,YES,233.635496,2662.574735,54.680648
376000,4285000,CB4MH,63.97638,1e+06,0.21,78.29,376000 4285000,19.5,Unsuitable,black,YES,233.635496,2662.574735,54.680648
376000,4285000,CB4MH,54.13386,1e+06,0.33,78.29,376000 4285000,16.5,Unsuitable,black,YES,233.635496,2662.574735,54.680648
376000,4285000,CB4MH,70.53806,1e+06,0.14,78.29,376000 4285000,21.5,Unsuitable,black,YES,233.635496,2662.574735,54.680648
376000,4285000,CB4MH,4.92126,1e+06,8.02,77.36,376000 4285000,1.5,Suitable,dodgerblue,YES,233.635496,2662.574735,54.680648
376000,4285000,CB4MH,73.8189,1e+06,0.15,78.28,376000 4285000,22.5,Unsuitable,black,YES,233.635496,2662.574735,54.680648
376000,4285000,CB4MH,57.4147,1e+06,0.24,78.29,376000 4285000,17.5,Unsuitable,black,YES,233.635496,2662.574735,54.680648
376000,4285000,CB4MH,31.16798,1e+06,3.13,77.78,376000 4285000,9.5,Tolerable,yellow,YES,233.635496,2662.574735,54.680648
376000,4285000,CB4MH,44.29134,1e+06,0.84,78.16,376000 4285000,13.5,Unsuitable,black,YES,233.635496,2662.574735,54.680648
376000,4285000,CB4MH,41.0105,1e+06,1.19,78.11,376000 4285000,12.5,Unsuitable,black,YES,233.635496,2662.574735,54.680648
376000,4285000,CB4MH,27.88714,1e+06,4.28,77.63,376000 4285000,8.5,Suitable,dodgerblue,YES,233.635496,2662.574735,54.680648
376000,4285000,CB4MH,60.69554,1e+06,0.21,78.29,376000 4285000,18.5,Unsuitable,black,YES,233.635496,2662.574735,54.680648
376000,4289000,CB4MH,44.29134,1e+06,0.6,78.23,376000 4289000,13.5,Unsuitable,black,YES,233.635496,2665.060219,57.1661319999998
376000,4289000,CB4MH,34.44882,1e+06,3.17,77.74,376000 4289000,10.5,Tolerable,yellow,YES,233.635496,2665.060219,57.1661319999998
376000,4289000,CB4MH,1.64042,1e+06,8.04,77.64,376000 4289000,0.5,Suitable,dodgerblue,YES,233.635496,2665.060219,57.1661319999998
376000,4289000,CB4MH,18.04462,1e+06,6.97,77.24,376000 4289000,5.5,Suitable,dodgerblue,YES,233.635496,2665.060219,57.1661319999998
376000,4289000,CB4MH,24.6063,1e+06,5.45,77.43,376000 4289000,7.5,Suitable,dodgerblue,YES,233.635496,2665.060219,57.1661319999998
376000,4289000,CB4MH,37.72966,1e+06,2.14,77.9,376000 4289000,11.5,Marginal,orange,YES,233.635496,2665.060219,57.1661319999998
376000,4289000,CB4MH,63.97638,1e+06,0.21,78.32,376000 4289000,19.5,Unsuitable,black,YES,233.635496,2665.060219,57.1661319999998
376000,4289000,CB4MH,54.13386,1e+06,0.26,78.32,376000 4289000,16.5,Unsuitable,black,YES,233.635496,2665.060219,57.1661319999998
376000,4289000,CB4MH,4.92126,1e+06,7.9,77.3,376000 4289000,1.5,Suitable,dodgerblue,YES,233.635496,2665.060219,57.1661319999998
376000,4289000,CB4MH,57.4147,1e+06,0.22,78.32,376000 4289000,17.5,Unsuitable,black,YES,233.635496,2665.060219,57.1661319999998
376000,4289000,CB4MH,60.69554,1e+06,0.21,78.32,376000 4289000,18.5,Unsuitable,black,YES,233.635496,2665.060219,57.1661319999998
376000,4289000,CB4MH,14.76378,1e+06,7.18,77.12,376000 4289000,4.5,Suitable,dodgerblue,YES,233.635496,2665.060219,57.1661319999998
376000,4289000,CB4MH,21.32546,1e+06,6.61,77.29,376000 4289000,6.5,Suitable,dodgerblue,YES,233.635496,2665.060219,57.1661319999998
376000,4289000,CB4MH,27.88714,1e+06,4.95,77.52,376000 4289000,8.5,Suitable,dodgerblue,YES,233.635496,2665.060219,57.1661319999998
376000,4289000,CB4MH,50.85302,1e+06,0.32,78.29,376000 4289000,15.5,Unsuitable,black,YES,233.635496,2665.060219,57.1661319999998
376000,4289000,CB4MH,11.48294,1e+06,7.39,77.06,376000 4289000,3.5,Suitable,dodgerblue,YES,233.635496,2665.060219,57.1661319999998
376000,4289000,CB4MH,67.25722,1e+06,0.19,78.32,376000 4289000,20.5,Unsuitable,black,YES,233.635496,2665.060219,57.1661319999998
376000,4289000,CB4MH,47.57218,1e+06,0.43,78.26,376000 4289000,14.5,Unsuitable,black,YES,233.635496,2665.060219,57.1661319999998
376000,4289000,CB4MH,31.16798,1e+06,3.95,77.64,376000 4289000,9.5,Tolerable,yellow,YES,233.635496,2665.060219,57.1661319999998
376000,4289000,CB4MH,41.0105,1e+06,1.08,78.13,376000 4289000,12.5,Unsuitable,black,YES,233.635496,2665.060219,57.1661319999998
376000,4289000,CB4MH,8.2021,1e+06,7.67,77.11,376000 4289000,2.5,Suitable,dodgerblue,YES,233.635496,2665.060219,57.1661319999998
376000,4290000,CB4MH,11.48294,1e+06,7.39,77.07,376000 4290000,3.5,Suitable,dodgerblue,YES,233.635496,2665.68159,57.787503
376000,4290000,CB4MH,73.8189,1e+06,0.18,78.29,376000 4290000,22.5,Unsuitable,black,YES,233.635496,2665.68159,57.787503
376000,4290000,CB4MH,67.25722,1e+06,0.19,78.33,376000 4290000,20.5,Unsuitable,black,YES,233.635496,2665.68159,57.787503
376000,4290000,CB4MH,1.64042,1e+06,8.06,77.67,376000 4290000,0.5,Suitable,dodgerblue,YES,233.635496,2665.68159,57.787503
376000,4290000,CB4MH,34.44882,1e+06,3.21,77.83,376000 4290000,10.5,Tolerable,yellow,YES,233.635496,2665.68159,57.787503
376000,4290000,CB4MH,24.6063,1e+06,5.62,77.39,376000 4290000,7.5,Suitable,dodgerblue,YES,233.635496,2665.68159,57.787503
376000,4290000,CB4MH,57.4147,1e+06,0.21,78.33,376000 4290000,17.5,Unsuitable,black,YES,233.635496,2665.68159,57.787503
376000,4290000,CB4MH,60.69554,1e+06,0.2,78.33,376000 4290000,18.5,Unsuitable,black,YES,233.635496,2665.68159,57.787503
376000,4290000,CB4MH,37.72966,1e+06,2.16,78,376000 4290000,11.5,Marginal,orange,YES,233.635496,2665.68159,57.787503
376000,4290000,CB4MH,21.32546,1e+06,6.6,77.3,376000 4290000,6.5,Suitable,dodgerblue,YES,233.635496,2665.68159,57.787503
376000,4290000,CB4MH,4.92126,1e+06,7.92,77.31,376000 4290000,1.5,Suitable,dodgerblue,YES,233.635496,2665.68159,57.787503
376000,4290000,CB4MH,14.76378,1e+06,7.17,77.13,376000 4290000,4.5,Suitable,dodgerblue,YES,233.635496,2665.68159,57.787503
376000,4290000,CB4MH,50.85302,1e+06,0.3,78.29,376000 4290000,15.5,Unsuitable,black,YES,233.635496,2665.68159,57.787503
376000,4290000,CB4MH,27.88714,1e+06,4.87,77.59,376000 4290000,8.5,Suitable,dodgerblue,YES,233.635496,2665.68159,57.787503
376000,4290000,CB4MH,18.04462,1e+06,6.95,77.25,376000 4290000,5.5,Suitable,dodgerblue,YES,233.635496,2665.68159,57.787503
376000,4290000,CB4MH,77.09974,1e+06,0.13,78.28,376000 4290000,23.5,Unsuitable,black,YES,233.635496,2665.68159,57.787503
376000,4290000,CB4MH,8.2021,1e+06,7.69,77.11,376000 4290000,2.5,Suitable,dodgerblue,YES,233.635496,2665.68159,57.787503
376000,4290000,CB4MH,47.57218,1e+06,0.41,78.27,376000 4290000,14.5,Unsuitable,black,YES,233.635496,2665.68159,57.787503
376000,4290000,CB4MH,54.13386,1e+06,0.24,78.33,376000 4290000,16.5,Unsuitable,black,YES,233.635496,2665.68159,57.787503
376000,4290000,CB4MH,31.16798,1e+06,3.98,77.71,376000 4290000,9.5,Tolerable,yellow,YES,233.635496,2665.68159,57.787503
376000,4290000,CB4MH,70.53806,1e+06,0.18,78.33,376000 4290000,21.5,Unsuitable,black,YES,233.635496,2665.68159,57.787503
376000,4290000,CB4MH,44.29134,1e+06,0.55,78.25,376000 4290000,13.5,Unsuitable,black,YES,233.635496,2665.68159,57.787503
376000,4290000,CB4MH,63.97638,1e+06,0.2,78.33,376000 4290000,19.5,Unsuitable,black,YES,233.635496,2665.68159,57.787503
376000,4290000,CB4MH,41.0105,1e+06,1.05,78.24,376000 4290000,12.5,Unsuitable,black,YES,233.635496,2665.68159,57.787503
376000,4291000,CB4MH,93.50394,1e+06,0.1,78.3,376000 4291000,28.5,Unsuitable,black,YES,233.635496,2666.302961,58.4088739999998
376000,4291000,CB4MH,41.0105,1e+06,1.04,78.23,376000 4291000,12.5,Unsuitable,black,YES,233.635496,2666.302961,58.4088739999998
376000,4291000,CB4MH,44.29134,1e+06,0.52,78.26,376000 4291000,13.5,Unsuitable,black,YES,233.635496,2666.302961,58.4088739999998
376000,4291000,CB4MH,57.4147,1e+06,0.21,78.33,376000 4291000,17.5,Unsuitable,black,YES,233.635496,2666.302961,58.4088739999998
376000,4291000,CB4MH,47.57218,1e+06,0.39,78.27,376000 4291000,14.5,Unsuitable,black,YES,233.635496,2666.302961,58.4088739999998
376000,4291000,CB4MH,50.85302,1e+06,0.29,78.29,376000 4291000,15.5,Unsuitable,black,YES,233.635496,2666.302961,58.4088739999998
376000,4291000,CB4MH,21.32546,1e+06,6.6,77.3,376000 4291000,6.5,Suitable,dodgerblue,YES,233.635496,2666.302961,58.4088739999998
376000,4291000,CB4MH,8.2021,1e+06,7.7,77.11,376000 4291000,2.5,Suitable,dodgerblue,YES,233.635496,2666.302961,58.4088739999998
376000,4291000,CB4MH,60.69554,1e+06,0.2,78.33,376000 4291000,18.5,Unsuitable,black,YES,233.635496,2666.302961,58.4088739999998
376000,4291000,CB4MH,24.6063,1e+06,5.77,77.36,376000 4291000,7.5,Suitable,dodgerblue,YES,233.635496,2666.302961,58.4088739999998
376000,4291000,CB4MH,31.16798,1e+06,4.13,77.68,376000 4291000,9.5,Suitable,dodgerblue,YES,233.635496,2666.302961,58.4088739999998
376000,4291000,CB4MH,90.2231,1e+06,0.1,78.3,376000 4291000,27.5,Unsuitable,black,YES,233.635496,2666.302961,58.4088739999998
376000,4291000,CB4MH,4.92126,1e+06,7.94,77.32,376000 4291000,1.5,Suitable,dodgerblue,YES,233.635496,2666.302961,58.4088739999998
376000,4291000,CB4MH,83.66142,1e+06,0.1,78.3,376000 4291000,25.5,Unsuitable,black,YES,233.635496,2666.302961,58.4088739999998
376000,4291000,CB4MH,37.72966,1e+06,2.21,77.98,376000 4291000,11.5,Marginal,orange,YES,233.635496,2666.302961,58.4088739999998
376000,4291000,CB4MH,96.78478,1e+06,0.1,78.3,376000 4291000,29.5,Unsuitable,black,YES,233.635496,2666.302961,58.4088739999998
376000,4291000,CB4MH,67.25722,1e+06,0.19,78.33,376000 4291000,20.5,Unsuitable,black,YES,233.635496,2666.302961,58.4088739999998
376000,4291000,CB4MH,11.48294,1e+06,7.4,77.07,376000 4291000,3.5,Suitable,dodgerblue,YES,233.635496,2666.302961,58.4088739999998
376000,4291000,CB4MH,70.53806,1e+06,0.18,78.33,376000 4291000,21.5,Unsuitable,black,YES,233.635496,2666.302961,58.4088739999998
376000,4291000,CB4MH,27.88714,1e+06,4.99,77.57,376000 4291000,8.5,Suitable,dodgerblue,YES,233.635496,2666.302961,58.4088739999998
376000,4291000,CB4MH,18.04462,1e+06,6.94,77.27,376000 4291000,5.5,Suitable,dodgerblue,YES,233.635496,2666.302961,58.4088739999998
376000,4291000,CB4MH,34.44882,1e+06,3.32,77.8,376000 4291000,10.5,Tolerable,yellow,YES,233.635496,2666.302961,58.4088739999998
376000,4291000,CB4MH,80.38058,1e+06,0.13,78.28,376000 4291000,24.5,Unsuitable,black,YES,233.635496,2666.302961,58.4088739999998
376000,4291000,CB4MH,73.8189,1e+06,0.19,78.29,376000 4291000,22.5,Unsuitable,black,YES,233.635496,2666.302961,58.4088739999998
376000,4291000,CB4MH,14.76378,1e+06,7.16,77.14,376000 4291000,4.5,Suitable,dodgerblue,YES,233.635496,2666.302961,58.4088739999998
376000,4291000,CB4MH,86.94226,1e+06,0.1,78.3,376000 4291000,26.5,Unsuitable,black,YES,233.635496,2666.302961,58.4088739999998
376000,4291000,CB4MH,1.64042,1e+06,8.09,77.71,376000 4291000,0.5,Suitable,dodgerblue,YES,233.635496,2666.302961,58.4088739999998
376000,4291000,CB4MH,63.97638,1e+06,0.2,78.33,376000 4291000,19.5,Unsuitable,black,YES,233.635496,2666.302961,58.4088739999998
376000,4291000,CB4MH,54.13386,1e+06,0.23,78.33,376000 4291000,16.5,Unsuitable,black,YES,233.635496,2666.302961,58.4088739999998
376000,4291000,CB4MH,77.09974,1e+06,0.12,78.28,376000 4291000,23.5,Unsuitable,black,YES,233.635496,2666.302961,58.4088739999998
376000,4292000,CB4MH,14.76378,1e+06,7.16,77.14,376000 4292000,4.5,Suitable,dodgerblue,YES,233.635496,2666.924332,59.0302449999999
376000,4292000,CB4MH,11.48294,1e+06,7.41,77.08,376000 4292000,3.5,Suitable,dodgerblue,YES,233.635496,2666.924332,59.0302449999999
376000,4292000,CB4MH,4.92126,1e+06,7.59,77.63,376000 4292000,1.5,Suitable,dodgerblue,YES,233.635496,2666.924332,59.0302449999999
376000,4292000,CB4MH,1.64042,1e+06,7.85,78.1,376000 4292000,0.5,Suitable,dodgerblue,YES,233.635496,2666.924332,59.0302449999999
376000,4292000,CB4MH,8.2021,1e+06,7.72,77.11,376000 4292000,2.5,Suitable,dodgerblue,YES,233.635496,2666.924332,59.0302449999999
376000,4292000,CB4MH,18.04462,1e+06,6.94,77.28,376000 4292000,5.5,Suitable,dodgerblue,YES,233.635496,2666.924332,59.0302449999999
376000,4292000,CB4MH,83.66142,1e+06,0.1,78.3,376000 4292000,25.5,Unsuitable,black,YES,233.635496,2666.924332,59.0302449999999
376000,4292000,CB4MH,34.44882,1e+06,3.42,77.78,376000 4292000,10.5,Tolerable,yellow,YES,233.635496,2666.924332,59.0302449999999
376000,4292000,CB4MH,31.16798,1e+06,4.26,77.65,376000 4292000,9.5,Suitable,dodgerblue,YES,233.635496,2666.924332,59.0302449999999
376000,4292000,CB4MH,80.38058,1e+06,0.13,78.29,376000 4292000,24.5,Unsuitable,black,YES,233.635496,2666.924332,59.0302449999999
376000,4292000,CB4MH,27.88714,1e+06,5.11,77.55,376000 4292000,8.5,Suitable,dodgerblue,YES,233.635496,2666.924332,59.0302449999999
376000,4292000,CB4MH,37.72966,1e+06,2.26,77.96,376000 4292000,11.5,Marginal,orange,YES,233.635496,2666.924332,59.0302449999999
376000,4292000,CB4MH,21.32546,1e+06,6.59,77.31,376000 4292000,6.5,Suitable,dodgerblue,YES,233.635496,2666.924332,59.0302449999999
376000,4292000,CB4MH,57.4147,1e+06,0.2,78.34,376000 4292000,17.5,Unsuitable,black,YES,233.635496,2666.924332,59.0302449999999
376000,4292000,CB4MH,70.53806,1e+06,0.18,78.34,376000 4292000,21.5,Unsuitable,black,YES,233.635496,2666.924332,59.0302449999999
376000,4292000,CB4MH,73.8189,1e+06,0.19,78.29,376000 4292000,22.5,Unsuitable,black,YES,233.635496,2666.924332,59.0302449999999
376000,4292000,CB4MH,54.13386,1e+06,0.22,78.34,376000 4292000,16.5,Unsuitable,black,YES,233.635496,2666.924332,59.0302449999999
376000,4292000,CB4MH,50.85302,1e+06,0.27,78.29,376000 4292000,15.5,Unsuitable,black,YES,233.635496,2666.924332,59.0302449999999
376000,4292000,CB4MH,77.09974,1e+06,0.12,78.29,376000 4292000,23.5,Unsuitable,black,YES,233.635496,2666.924332,59.0302449999999
376000,4292000,CB4MH,24.6063,1e+06,5.91,77.34,376000 4292000,7.5,Suitable,dodgerblue,YES,233.635496,2666.924332,59.0302449999999
376000,4292000,CB4MH,44.29134,1e+06,0.49,78.27,376000 4292000,13.5,Unsuitable,black,YES,233.635496,2666.924332,59.0302449999999
376000,4292000,CB4MH,86.94226,1e+06,0.1,78.3,376000 4292000,26.5,Unsuitable,black,YES,233.635496,2666.924332,59.0302449999999
376000,4292000,CB4MH,63.97638,1e+06,0.2,78.34,376000 4292000,19.5,Unsuitable,black,YES,233.635496,2666.924332,59.0302449999999
376000,4292000,CB4MH,47.57218,1e+06,0.37,78.28,376000 4292000,14.5,Unsuitable,black,YES,233.635496,2666.924332,59.0302449999999
376000,4292000,CB4MH,60.69554,1e+06,0.2,78.34,376000 4292000,18.5,Unsuitable,black,YES,233.635496,2666.924332,59.0302449999999
376000,4292000,CB4MH,41.0105,1e+06,1.03,78.23,376000 4292000,12.5,Unsuitable,black,YES,233.635496,2666.924332,59.0302449999999
376000,4292000,CB4MH,67.25722,1e+06,0.19,78.34,376000 4292000,20.5,Unsuitable,black,YES,233.635496,2666.924332,59.0302449999999
376000,4293000,CB4MH,77.09974,1e+06,0.11,78.29,376000 4293000,23.5,Unsuitable,black,YES,233.635496,2667.545703,59.6516160000001
376000,4293000,CB4MH,67.25722,1e+06,0.19,78.34,376000 4293000,20.5,Unsuitable,black,YES,233.635496,2667.545703,59.6516160000001
376000,4293000,CB4MH,63.97638,1e+06,0.19,78.34,376000 4293000,19.5,Unsuitable,black,YES,233.635496,2667.545703,59.6516160000001
376000,4293000,CB4MH,18.04462,1e+06,6.94,77.29,376000 4293000,5.5,Suitable,dodgerblue,YES,233.635496,2667.545703,59.6516160000001
376000,4293000,CB4MH,8.2021,1e+06,7.74,77.11,376000 4293000,2.5,Suitable,dodgerblue,YES,233.635496,2667.545703,59.6516160000001
376000,4293000,CB4MH,24.6063,1e+06,6.02,77.32,376000 4293000,7.5,Suitable,dodgerblue,YES,233.635496,2667.545703,59.6516160000001
376000,4293000,CB4MH,4.92126,1e+06,7.66,77.59,376000 4293000,1.5,Suitable,dodgerblue,YES,233.635496,2667.545703,59.6516160000001
376000,4293000,CB4MH,21.32546,1e+06,6.58,77.32,376000 4293000,6.5,Suitable,dodgerblue,YES,233.635496,2667.545703,59.6516160000001
376000,4293000,CB4MH,31.16798,1e+06,4.39,77.62,376000 4293000,9.5,Suitable,dodgerblue,YES,233.635496,2667.545703,59.6516160000001
376000,4293000,CB4MH,44.29134,1e+06,0.47,78.28,376000 4293000,13.5,Unsuitable,black,YES,233.635496,2667.545703,59.6516160000001
376000,4293000,CB4MH,50.85302,1e+06,0.26,78.29,376000 4293000,15.5,Unsuitable,black,YES,233.635496,2667.545703,59.6516160000001
376000,4293000,CB4MH,41.0105,1e+06,1.03,78.22,376000 4293000,12.5,Unsuitable,black,YES,233.635496,2667.545703,59.6516160000001
376000,4293000,CB4MH,1.64042,1e+06,7.91,78.07,376000 4293000,0.5,Suitable,dodgerblue,YES,233.635496,2667.545703,59.6516160000001
376000,4293000,CB4MH,14.76378,1e+06,7.16,77.15,376000 4293000,4.5,Suitable,dodgerblue,YES,233.635496,2667.545703,59.6516160000001
376000,4293000,CB4MH,47.57218,1e+06,0.36,78.29,376000 4293000,14.5,Unsuitable,black,YES,233.635496,2667.545703,59.6516160000001
376000,4293000,CB4MH,70.53806,1e+06,0.18,78.34,376000 4293000,21.5,Unsuitable,black,YES,233.635496,2667.545703,59.6516160000001
376000,4293000,CB4MH,54.13386,1e+06,0.21,78.34,376000 4293000,16.5,Unsuitable,black,YES,233.635496,2667.545703,59.6516160000001
376000,4293000,CB4MH,73.8189,1e+06,0.18,78.29,376000 4293000,22.5,Unsuitable,black,YES,233.635496,2667.545703,59.6516160000001
376000,4293000,CB4MH,34.44882,1e+06,3.51,77.76,376000 4293000,10.5,Tolerable,yellow,YES,233.635496,2667.545703,59.6516160000001
376000,4293000,CB4MH,60.69554,1e+06,0.19,78.34,376000 4293000,18.5,Unsuitable,black,YES,233.635496,2667.545703,59.6516160000001
376000,4293000,CB4MH,57.4147,1e+06,0.2,78.34,376000 4293000,17.5,Unsuitable,black,YES,233.635496,2667.545703,59.6516160000001
376000,4293000,CB4MH,37.72966,1e+06,2.3,77.95,376000 4293000,11.5,Marginal,orange,YES,233.635496,2667.545703,59.6516160000001
376000,4293000,CB4MH,27.88714,1e+06,5.21,77.53,376000 4293000,8.5,Suitable,dodgerblue,YES,233.635496,2667.545703,59.6516160000001
376000,4293000,CB4MH,11.48294,1e+06,7.42,77.08,376000 4293000,3.5,Suitable,dodgerblue,YES,233.635496,2667.545703,59.6516160000001
377000,4262000,CB4MH,41.0105,1e+06,0.56,78.18,377000 4262000,12.5,Unsuitable,black,YES,234.256867,2648.283202,40.389115
377000,4262000,CB4MH,4.92126,1e+06,7.53,78.06,377000 4262000,1.5,Suitable,dodgerblue,YES,234.256867,2648.283202,40.389115
377000,4262000,CB4MH,60.69554,1e+06,0.28,78.19,377000 4262000,18.5,Unsuitable,black,YES,234.256867,2648.283202,40.389115
377000,4262000,CB4MH,63.97638,1e+06,0.27,78.19,377000 4262000,19.5,Unsuitable,black,YES,234.256867,2648.283202,40.389115
377000,4262000,CB4MH,44.29134,1e+06,0.44,78.19,377000 4262000,13.5,Unsuitable,black,YES,234.256867,2648.283202,40.389115
377000,4262000,CB4MH,54.13386,1e+06,0.29,78.22,377000 4262000,16.5,Unsuitable,black,YES,234.256867,2648.283202,40.389115
377000,4262000,CB4MH,21.32546,1e+06,5.03,78.14,377000 4262000,6.5,Suitable,dodgerblue,YES,234.256867,2648.283202,40.389115
377000,4262000,CB4MH,27.88714,1e+06,2.55,78.33,377000 4262000,8.5,Marginal,orange,YES,234.256867,2648.283202,40.389115
377000,4262000,CB4MH,1.64042,1e+06,7.6,78.11,377000 4262000,0.5,Suitable,dodgerblue,YES,234.256867,2648.283202,40.389115
377000,4262000,CB4MH,37.72966,1e+06,0.85,78.13,377000 4262000,11.5,Unsuitable,black,YES,234.256867,2648.283202,40.389115
377000,4262000,CB4MH,24.6063,1e+06,3.85,78.23,377000 4262000,7.5,Tolerable,yellow,YES,234.256867,2648.283202,40.389115
377000,4262000,CB4MH,31.16798,1e+06,1.73,78.34,377000 4262000,9.5,Unsuitable,black,YES,234.256867,2648.283202,40.389115
377000,4262000,CB4MH,8.2021,1e+06,7.41,78.03,377000 4262000,2.5,Suitable,dodgerblue,YES,234.256867,2648.283202,40.389115
377000,4262000,CB4MH,18.04462,1e+06,6.2,78.03,377000 4262000,5.5,Suitable,dodgerblue,YES,234.256867,2648.283202,40.389115
377000,4262000,CB4MH,70.53806,1e+06,0.3,78.16,377000 4262000,21.5,Unsuitable,black,YES,234.256867,2648.283202,40.389115
377000,4262000,CB4MH,14.76378,1e+06,6.88,77.93,377000 4262000,4.5,Suitable,dodgerblue,YES,234.256867,2648.283202,40.389115
377000,4262000,CB4MH,50.85302,1e+06,0.3,78.22,377000 4262000,15.5,Unsuitable,black,YES,234.256867,2648.283202,40.389115
377000,4262000,CB4MH,47.57218,1e+06,0.35,78.22,377000 4262000,14.5,Unsuitable,black,YES,234.256867,2648.283202,40.389115
377000,4262000,CB4MH,67.25722,1e+06,0.31,78.16,377000 4262000,20.5,Unsuitable,black,YES,234.256867,2648.283202,40.389115
377000,4262000,CB4MH,34.44882,1e+06,1.34,78.05,377000 4262000,10.5,Unsuitable,black,YES,234.256867,2648.283202,40.389115
377000,4262000,CB4MH,11.48294,1e+06,7.18,77.98,377000 4262000,3.5,Suitable,dodgerblue,YES,234.256867,2648.283202,40.389115
377000,4262000,CB4MH,57.4147,1e+06,0.29,78.21,377000 4262000,17.5,Unsuitable,black,YES,234.256867,2648.283202,40.389115
377000,4263000,CB4MH,47.57218,1e+06,0.31,78.21,377000 4263000,14.5,Unsuitable,black,YES,234.256867,2648.904573,41.0104860000001
377000,4263000,CB4MH,24.6063,1e+06,3.82,78.17,377000 4263000,7.5,Tolerable,yellow,YES,234.256867,2648.904573,41.0104860000001
377000,4263000,CB4MH,37.72966,1e+06,0.81,78.14,377000 4263000,11.5,Unsuitable,black,YES,234.256867,2648.904573,41.0104860000001
377000,4263000,CB4MH,8.2021,1e+06,7.42,77.9,377000 4263000,2.5,Suitable,dodgerblue,YES,234.256867,2648.904573,41.0104860000001
377000,4263000,CB4MH,41.0105,1e+06,0.51,78.19,377000 4263000,12.5,Unsuitable,black,YES,234.256867,2648.904573,41.0104860000001
377000,4263000,CB4MH,21.32546,1e+06,5.03,78.05,377000 4263000,6.5,Suitable,dodgerblue,YES,234.256867,2648.904573,41.0104860000001
377000,4263000,CB4MH,67.25722,1e+06,0.29,78.15,377000 4263000,20.5,Unsuitable,black,YES,234.256867,2648.904573,41.0104860000001
377000,4263000,CB4MH,70.53806,1e+06,0.28,78.15,377000 4263000,21.5,Unsuitable,black,YES,234.256867,2648.904573,41.0104860000001
377000,4263000,CB4MH,14.76378,1e+06,6.93,77.81,377000 4263000,4.5,Suitable,dodgerblue,YES,234.256867,2648.904573,41.0104860000001
377000,4263000,CB4MH,1.64042,1e+06,7.58,77.97,377000 4263000,0.5,Suitable,dodgerblue,YES,234.256867,2648.904573,41.0104860000001
377000,4263000,CB4MH,27.88714,1e+06,2.44,78.29,377000 4263000,8.5,Marginal,orange,YES,234.256867,2648.904573,41.0104860000001
377000,4263000,CB4MH,31.16798,1e+06,1.67,78.29,377000 4263000,9.5,Unsuitable,black,YES,234.256867,2648.904573,41.0104860000001
377000,4263000,CB4MH,11.48294,1e+06,7.21,77.85,377000 4263000,3.5,Suitable,dodgerblue,YES,234.256867,2648.904573,41.0104860000001
377000,4263000,CB4MH,44.29134,1e+06,0.4,78.2,377000 4263000,13.5,Unsuitable,black,YES,234.256867,2648.904573,41.0104860000001
377000,4263000,CB4MH,60.69554,1e+06,0.27,78.2,377000 4263000,18.5,Unsuitable,black,YES,234.256867,2648.904573,41.0104860000001
377000,4263000,CB4MH,34.44882,1e+06,1.28,78.05,377000 4263000,10.5,Unsuitable,black,YES,234.256867,2648.904573,41.0104860000001
377000,4263000,CB4MH,4.92126,1e+06,7.52,77.93,377000 4263000,1.5,Suitable,dodgerblue,YES,234.256867,2648.904573,41.0104860000001
377000,4263000,CB4MH,54.13386,1e+06,0.28,78.22,377000 4263000,16.5,Unsuitable,black,YES,234.256867,2648.904573,41.0104860000001
377000,4263000,CB4MH,50.85302,1e+06,0.27,78.22,377000 4263000,15.5,Unsuitable,black,YES,234.256867,2648.904573,41.0104860000001
377000,4263000,CB4MH,57.4147,1e+06,0.27,78.21,377000 4263000,17.5,Unsuitable,black,YES,234.256867,2648.904573,41.0104860000001
377000,4263000,CB4MH,63.97638,1e+06,0.26,78.2,377000 4263000,19.5,Unsuitable,black,YES,234.256867,2648.904573,41.0104860000001
377000,4263000,CB4MH,18.04462,1e+06,6.24,77.93,377000 4263000,5.5,Suitable,dodgerblue,YES,234.256867,2648.904573,41.0104860000001
377000,4278000,CB4MH,24.6063,1e+06,5.23,77.47,377000 4278000,7.5,Suitable,dodgerblue,YES,234.256867,2658.225138,50.3310510000001
377000,4278000,CB4MH,70.53806,1e+06,0.1,78.3,377000 4278000,21.5,Unsuitable,black,YES,234.256867,2658.225138,50.3310510000001
377000,4278000,CB4MH,11.48294,1e+06,7.39,77.06,377000 4278000,3.5,Suitable,dodgerblue,YES,234.256867,2658.225138,50.3310510000001
377000,4278000,CB4MH,31.16798,1e+06,2.44,77.9,377000 4278000,9.5,Marginal,orange,YES,234.256867,2658.225138,50.3310510000001
377000,4278000,CB4MH,14.76378,1e+06,7.08,77.1,377000 4278000,4.5,Suitable,dodgerblue,YES,234.256867,2658.225138,50.3310510000001
377000,4278000,CB4MH,41.0105,1e+06,1.39,78.1,377000 4278000,12.5,Unsuitable,black,YES,234.256867,2658.225138,50.3310510000001
377000,4278000,CB4MH,54.13386,1e+06,0.4,78.3,377000 4278000,16.5,Unsuitable,black,YES,234.256867,2658.225138,50.3310510000001
377000,4278000,CB4MH,63.97638,1e+06,0.2,78.3,377000 4278000,19.5,Unsuitable,black,YES,234.256867,2658.225138,50.3310510000001
377000,4278000,CB4MH,73.8189,1e+06,0.1,78.3,377000 4278000,22.5,Unsuitable,black,YES,234.256867,2658.225138,50.3310510000001
377000,4278000,CB4MH,4.92126,1e+06,7.75,77.23,377000 4278000,1.5,Suitable,dodgerblue,YES,234.256867,2658.225138,50.3310510000001
377000,4278000,CB4MH,27.88714,1e+06,3.69,77.7,377000 4278000,8.5,Tolerable,yellow,YES,234.256867,2658.225138,50.3310510000001
377000,4278000,CB4MH,1.64042,1e+06,7.8,77.23,377000 4278000,0.5,Suitable,dodgerblue,YES,234.256867,2658.225138,50.3310510000001
377000,4278000,CB4MH,34.44882,1e+06,2.1,77.9,377000 4278000,10.5,Marginal,orange,YES,234.256867,2658.225138,50.3310510000001
377000,4278000,CB4MH,8.2021,1e+06,7.6,77.12,377000 4278000,2.5,Suitable,dodgerblue,YES,234.256867,2658.225138,50.3310510000001
377000,4278000,CB4MH,37.72966,1e+06,1.7,78,377000 4278000,11.5,Unsuitable,black,YES,234.256867,2658.225138,50.3310510000001
377000,4278000,CB4MH,18.04462,1e+06,6.79,77.19,377000 4278000,5.5,Suitable,dodgerblue,YES,234.256867,2658.225138,50.3310510000001
377000,4278000,CB4MH,67.25722,1e+06,0.15,78.3,377000 4278000,20.5,Unsuitable,black,YES,234.256867,2658.225138,50.3310510000001
377000,4278000,CB4MH,50.85302,1e+06,0.5,78.3,377000 4278000,15.5,Unsuitable,black,YES,234.256867,2658.225138,50.3310510000001
377000,4278000,CB4MH,47.57218,1e+06,0.75,78.2,377000 4278000,14.5,Unsuitable,black,YES,234.256867,2658.225138,50.3310510000001
377000,4278000,CB4MH,60.69554,1e+06,0.2,78.3,377000 4278000,18.5,Unsuitable,black,YES,234.256867,2658.225138,50.3310510000001
377000,4278000,CB4MH,21.32546,1e+06,6.34,77.29,377000 4278000,6.5,Suitable,dodgerblue,YES,234.256867,2658.225138,50.3310510000001
377000,4278000,CB4MH,57.4147,1e+06,0.25,78.3,377000 4278000,17.5,Unsuitable,black,YES,234.256867,2658.225138,50.3310510000001
377000,4278000,CB4MH,44.29134,1e+06,1.14,78.1,377000 4278000,13.5,Unsuitable,black,YES,234.256867,2658.225138,50.3310510000001
377000,4279000,CB4MH,11.48294,1e+06,7.35,77.1,377000 4279000,3.5,Suitable,dodgerblue,YES,234.256867,2658.846509,50.9524219999998
377000,4279000,CB4MH,63.97638,1e+06,0.2,78.3,377000 4279000,19.5,Unsuitable,black,YES,234.256867,2658.846509,50.9524219999998
377000,4279000,CB4MH,27.88714,1e+06,3.68,77.71,377000 4279000,8.5,Tolerable,yellow,YES,234.256867,2658.846509,50.9524219999998
377000,4279000,CB4MH,1.64042,1e+06,7.8,77.25,377000 4279000,0.5,Suitable,dodgerblue,YES,234.256867,2658.846509,50.9524219999998
377000,4279000,CB4MH,31.16798,1e+06,2.44,77.91,377000 4279000,9.5,Marginal,orange,YES,234.256867,2658.846509,50.9524219999998
377000,4279000,CB4MH,77.09974,1e+06,0.13,78.3,377000 4279000,23.5,Unsuitable,black,YES,234.256867,2658.846509,50.9524219999998
377000,4279000,CB4MH,24.6063,1e+06,4.97,77.53,377000 4279000,7.5,Suitable,dodgerblue,YES,234.256867,2658.846509,50.9524219999998
377000,4279000,CB4MH,18.04462,1e+06,6.51,77.25,377000 4279000,5.5,Suitable,dodgerblue,YES,234.256867,2658.846509,50.9524219999998
377000,4279000,CB4MH,50.85302,1e+06,0.5,78.3,377000 4279000,15.5,Unsuitable,black,YES,234.256867,2658.846509,50.9524219999998
377000,4279000,CB4MH,44.29134,1e+06,1.14,78.1,377000 4279000,13.5,Unsuitable,black,YES,234.256867,2658.846509,50.9524219999998
377000,4279000,CB4MH,80.38058,1e+06,0.18,78.3,377000 4279000,24.5,Unsuitable,black,YES,234.256867,2658.846509,50.9524219999998
377000,4279000,CB4MH,14.76378,1e+06,6.9,77.17,377000 4279000,4.5,Suitable,dodgerblue,YES,234.256867,2658.846509,50.9524219999998
377000,4279000,CB4MH,4.92126,1e+06,7.75,77.25,377000 4279000,1.5,Suitable,dodgerblue,YES,234.256867,2658.846509,50.9524219999998
377000,4279000,CB4MH,34.44882,1e+06,2.09,77.9,377000 4279000,10.5,Marginal,orange,YES,234.256867,2658.846509,50.9524219999998
377000,4279000,CB4MH,73.8189,1e+06,0.1,78.3,377000 4279000,22.5,Unsuitable,black,YES,234.256867,2658.846509,50.9524219999998
377000,4279000,CB4MH,54.13386,1e+06,0.4,78.3,377000 4279000,16.5,Unsuitable,black,YES,234.256867,2658.846509,50.9524219999998
377000,4279000,CB4MH,60.69554,1e+06,0.2,78.3,377000 4279000,18.5,Unsuitable,black,YES,234.256867,2658.846509,50.9524219999998
377000,4279000,CB4MH,57.4147,1e+06,0.25,78.3,377000 4279000,17.5,Unsuitable,black,YES,234.256867,2658.846509,50.9524219999998
377000,4279000,CB4MH,41.0105,1e+06,1.39,78.1,377000 4279000,12.5,Unsuitable,black,YES,234.256867,2658.846509,50.9524219999998
377000,4279000,CB4MH,86.94226,1e+06,0.1,78.3,377000 4279000,26.5,Unsuitable,black,YES,234.256867,2658.846509,50.9524219999998
377000,4279000,CB4MH,8.2021,1e+06,7.61,77.13,377000 4279000,2.5,Suitable,dodgerblue,YES,234.256867,2658.846509,50.9524219999998
377000,4279000,CB4MH,21.32546,1e+06,6.06,77.35,377000 4279000,6.5,Suitable,dodgerblue,YES,234.256867,2658.846509,50.9524219999998
377000,4279000,CB4MH,83.66142,1e+06,0.1,78.3,377000 4279000,25.5,Unsuitable,black,YES,234.256867,2658.846509,50.9524219999998
377000,4279000,CB4MH,67.25722,1e+06,0.15,78.3,377000 4279000,20.5,Unsuitable,black,YES,234.256867,2658.846509,50.9524219999998
377000,4279000,CB4MH,70.53806,1e+06,0.1,78.3,377000 4279000,21.5,Unsuitable,black,YES,234.256867,2658.846509,50.9524219999998
377000,4279000,CB4MH,47.57218,1e+06,0.74,78.2,377000 4279000,14.5,Unsuitable,black,YES,234.256867,2658.846509,50.9524219999998
377000,4279000,CB4MH,37.72966,1e+06,1.69,78,377000 4279000,11.5,Unsuitable,black,YES,234.256867,2658.846509,50.9524219999998
377000,4280000,CB4MH,90.2231,1e+06,0.1,78.3,377000 4280000,27.5,Unsuitable,black,YES,234.256867,2659.46788,51.573793
377000,4280000,CB4MH,24.6063,1e+06,4.55,77.61,377000 4280000,7.5,Suitable,dodgerblue,YES,234.256867,2659.46788,51.573793
377000,4280000,CB4MH,86.94226,1e+06,0.1,78.3,377000 4280000,26.5,Unsuitable,black,YES,234.256867,2659.46788,51.573793
377000,4280000,CB4MH,70.53806,1e+06,0.1,78.3,377000 4280000,21.5,Unsuitable,black,YES,234.256867,2659.46788,51.573793
377000,4280000,CB4MH,80.38058,1e+06,0.18,78.3,377000 4280000,24.5,Unsuitable,black,YES,234.256867,2659.46788,51.573793
377000,4280000,CB4MH,67.25722,1e+06,0.15,78.3,377000 4280000,20.5,Unsuitable,black,YES,234.256867,2659.46788,51.573793
377000,4280000,CB4MH,11.48294,1e+06,7.31,77.17,377000 4280000,3.5,Suitable,dodgerblue,YES,234.256867,2659.46788,51.573793
377000,4280000,CB4MH,41.0105,1e+06,1.35,78.1,377000 4280000,12.5,Unsuitable,black,YES,234.256867,2659.46788,51.573793
377000,4280000,CB4MH,100.06562,1e+06,0.1,78.3,377000 4280000,30.5,Unsuitable,black,YES,234.256867,2659.46788,51.573793
377000,4280000,CB4MH,93.50394,1e+06,0.1,78.3,377000 4280000,28.5,Unsuitable,black,YES,234.256867,2659.46788,51.573793
377000,4280000,CB4MH,27.88714,1e+06,3.62,77.74,377000 4280000,8.5,Tolerable,yellow,YES,234.256867,2659.46788,51.573793
377000,4280000,CB4MH,73.8189,1e+06,0.11,78.3,377000 4280000,22.5,Unsuitable,black,YES,234.256867,2659.46788,51.573793
377000,4280000,CB4MH,57.4147,1e+06,0.25,78.3,377000 4280000,17.5,Unsuitable,black,YES,234.256867,2659.46788,51.573793
377000,4280000,CB4MH,83.66142,1e+06,0.1,78.3,377000 4280000,25.5,Unsuitable,black,YES,234.256867,2659.46788,51.573793
377000,4280000,CB4MH,50.85302,1e+06,0.49,78.3,377000 4280000,15.5,Unsuitable,black,YES,234.256867,2659.46788,51.573793
377000,4280000,CB4MH,34.44882,1e+06,2.07,77.9,377000 4280000,10.5,Marginal,orange,YES,234.256867,2659.46788,51.573793
377000,4280000,CB4MH,63.97638,1e+06,0.2,78.3,377000 4280000,19.5,Unsuitable,black,YES,234.256867,2659.46788,51.573793
377000,4280000,CB4MH,96.78478,1e+06,0.1,78.3,377000 4280000,29.5,Unsuitable,black,YES,234.256867,2659.46788,51.573793
377000,4280000,CB4MH,18.04462,1e+06,6.1,77.35,377000 4280000,5.5,Suitable,dodgerblue,YES,234.256867,2659.46788,51.573793
377000,4280000,CB4MH,1.64042,1e+06,7.81,77.29,377000 4280000,0.5,Suitable,dodgerblue,YES,234.256867,2659.46788,51.573793
377000,4280000,CB4MH,44.29134,1e+06,1.11,78.11,377000 4280000,13.5,Unsuitable,black,YES,234.256867,2659.46788,51.573793
377000,4280000,CB4MH,54.13386,1e+06,0.39,78.3,377000 4280000,16.5,Unsuitable,black,YES,234.256867,2659.46788,51.573793
377000,4280000,CB4MH,21.32546,1e+06,5.66,77.45,377000 4280000,6.5,Suitable,dodgerblue,YES,234.256867,2659.46788,51.573793
377000,4280000,CB4MH,77.09974,1e+06,0.13,78.3,377000 4280000,23.5,Unsuitable,black,YES,234.256867,2659.46788,51.573793
377000,4280000,CB4MH,47.57218,1e+06,0.72,78.2,377000 4280000,14.5,Unsuitable,black,YES,234.256867,2659.46788,51.573793
377000,4280000,CB4MH,8.2021,1e+06,7.64,77.15,377000 4280000,2.5,Suitable,dodgerblue,YES,234.256867,2659.46788,51.573793
377000,4280000,CB4MH,4.92126,1e+06,7.76,77.29,377000 4280000,1.5,Suitable,dodgerblue,YES,234.256867,2659.46788,51.573793
377000,4280000,CB4MH,37.72966,1e+06,1.66,78,377000 4280000,11.5,Unsuitable,black,YES,234.256867,2659.46788,51.573793
377000,4280000,CB4MH,60.69554,1e+06,0.2,78.3,377000 4280000,18.5,Unsuitable,black,YES,234.256867,2659.46788,51.573793
377000,4280000,CB4MH,14.76378,1e+06,6.64,77.29,377000 4280000,4.5,Suitable,dodgerblue,YES,234.256867,2659.46788,51.573793
377000,4280000,CB4MH,31.16798,1e+06,2.4,77.93,377000 4280000,9.5,Marginal,orange,YES,234.256867,2659.46788,51.573793
377000,4281000,CB4MH,14.76378,1e+06,6.58,77.41,377000 4281000,4.5,Suitable,dodgerblue,YES,234.256867,2660.089251,52.1951639999998
377000,4281000,CB4MH,21.32546,1e+06,5.58,77.55,377000 4281000,6.5,Suitable,dodgerblue,YES,234.256867,2660.089251,52.1951639999998
377000,4281000,CB4MH,27.88714,1e+06,3.63,77.72,377000 4281000,8.5,Tolerable,yellow,YES,234.256867,2660.089251,52.1951639999998
377000,4281000,CB4MH,63.97638,1e+06,0.21,78.29,377000 4281000,19.5,Unsuitable,black,YES,234.256867,2660.089251,52.1951639999998
377000,4281000,CB4MH,34.44882,1e+06,2.05,77.91,377000 4281000,10.5,Marginal,orange,YES,234.256867,2660.089251,52.1951639999998
377000,4281000,CB4MH,37.72966,1e+06,1.63,78.01,377000 4281000,11.5,Unsuitable,black,YES,234.256867,2660.089251,52.1951639999998
377000,4281000,CB4MH,67.25722,1e+06,0.16,78.29,377000 4281000,20.5,Unsuitable,black,YES,234.256867,2660.089251,52.1951639999998
377000,4281000,CB4MH,47.57218,1e+06,0.7,78.2,377000 4281000,14.5,Unsuitable,black,YES,234.256867,2660.089251,52.1951639999998
377000,4281000,CB4MH,11.48294,1e+06,7.3,77.28,377000 4281000,3.5,Suitable,dodgerblue,YES,234.256867,2660.089251,52.1951639999998
377000,4281000,CB4MH,50.85302,1e+06,0.47,78.29,377000 4281000,15.5,Unsuitable,black,YES,234.256867,2660.089251,52.1951639999998
377000,4281000,CB4MH,31.16798,1e+06,2.43,77.9,377000 4281000,9.5,Marginal,orange,YES,234.256867,2660.089251,52.1951639999998
377000,4281000,CB4MH,73.8189,1e+06,0.11,78.29,377000 4281000,22.5,Unsuitable,black,YES,234.256867,2660.089251,52.1951639999998
377000,4281000,CB4MH,60.69554,1e+06,0.21,78.29,377000 4281000,18.5,Unsuitable,black,YES,234.256867,2660.089251,52.1951639999998
377000,4281000,CB4MH,8.2021,1e+06,7.64,77.25,377000 4281000,2.5,Suitable,dodgerblue,YES,234.256867,2660.089251,52.1951639999998
377000,4281000,CB4MH,24.6063,1e+06,4.41,77.64,377000 4281000,7.5,Suitable,dodgerblue,YES,234.256867,2660.089251,52.1951639999998
377000,4281000,CB4MH,57.4147,1e+06,0.25,78.29,377000 4281000,17.5,Unsuitable,black,YES,234.256867,2660.089251,52.1951639999998
377000,4281000,CB4MH,70.53806,1e+06,0.11,78.29,377000 4281000,21.5,Unsuitable,black,YES,234.256867,2660.089251,52.1951639999998
377000,4281000,CB4MH,1.64042,1e+06,7.82,77.39,377000 4281000,0.5,Suitable,dodgerblue,YES,234.256867,2660.089251,52.1951639999998
377000,4281000,CB4MH,4.92126,1e+06,7.77,77.39,377000 4281000,1.5,Suitable,dodgerblue,YES,234.256867,2660.089251,52.1951639999998
377000,4281000,CB4MH,41.0105,1e+06,1.3,78.11,377000 4281000,12.5,Unsuitable,black,YES,234.256867,2660.089251,52.1951639999998
377000,4281000,CB4MH,44.29134,1e+06,1.06,78.11,377000 4281000,13.5,Unsuitable,black,YES,234.256867,2660.089251,52.1951639999998
377000,4281000,CB4MH,54.13386,1e+06,0.38,78.29,377000 4281000,16.5,Unsuitable,black,YES,234.256867,2660.089251,52.1951639999998
377000,4281000,CB4MH,77.09974,1e+06,0.13,78.29,377000 4281000,23.5,Unsuitable,black,YES,234.256867,2660.089251,52.1951639999998
377000,4281000,CB4MH,18.04462,1e+06,6,77.46,377000 4281000,5.5,Suitable,dodgerblue,YES,234.256867,2660.089251,52.1951639999998
377000,4294000,CB4MH,37.72966,1e+06,2.35,77.92,377000 4294000,11.5,Marginal,orange,YES,234.256867,2668.167074,60.2729869999998
377000,4294000,CB4MH,4.92126,1e+06,7.69,77.46,377000 4294000,1.5,Suitable,dodgerblue,YES,234.256867,2668.167074,60.2729869999998
377000,4294000,CB4MH,67.25722,1e+06,0.19,78.35,377000 4294000,20.5,Unsuitable,black,YES,234.256867,2668.167074,60.2729869999998
377000,4294000,CB4MH,31.16798,1e+06,4.52,77.59,377000 4294000,9.5,Suitable,dodgerblue,YES,234.256867,2668.167074,60.2729869999998
377000,4294000,CB4MH,77.09974,1e+06,0.1,78.3,377000 4294000,23.5,Unsuitable,black,YES,234.256867,2668.167074,60.2729869999998
377000,4294000,CB4MH,86.94226,1e+06,0.1,78.3,377000 4294000,26.5,Unsuitable,black,YES,234.256867,2668.167074,60.2729869999998
377000,4294000,CB4MH,63.97638,1e+06,0.19,78.35,377000 4294000,19.5,Unsuitable,black,YES,234.256867,2668.167074,60.2729869999998
377000,4294000,CB4MH,70.53806,1e+06,0.19,78.35,377000 4294000,21.5,Unsuitable,black,YES,234.256867,2668.167074,60.2729869999998
377000,4294000,CB4MH,50.85302,1e+06,0.28,78.3,377000 4294000,15.5,Unsuitable,black,YES,234.256867,2668.167074,60.2729869999998
377000,4294000,CB4MH,47.57218,1e+06,0.38,78.29,377000 4294000,14.5,Unsuitable,black,YES,234.256867,2668.167074,60.2729869999998
377000,4294000,CB4MH,34.44882,1e+06,3.62,77.72,377000 4294000,10.5,Tolerable,yellow,YES,234.256867,2668.167074,60.2729869999998
377000,4294000,CB4MH,54.13386,1e+06,0.22,78.35,377000 4294000,16.5,Unsuitable,black,YES,234.256867,2668.167074,60.2729869999998
377000,4294000,CB4MH,93.50394,1e+06,0.1,78.3,377000 4294000,28.5,Unsuitable,black,YES,234.256867,2668.167074,60.2729869999998
377000,4294000,CB4MH,57.4147,1e+06,0.21,78.35,377000 4294000,17.5,Unsuitable,black,YES,234.256867,2668.167074,60.2729869999998
377000,4294000,CB4MH,18.04462,1e+06,6.99,77.27,377000 4294000,5.5,Suitable,dodgerblue,YES,234.256867,2668.167074,60.2729869999998
377000,4294000,CB4MH,27.88714,1e+06,5.34,77.49,377000 4294000,8.5,Suitable,dodgerblue,YES,234.256867,2668.167074,60.2729869999998
377000,4294000,CB4MH,90.2231,1e+06,0.1,78.3,377000 4294000,27.5,Unsuitable,black,YES,234.256867,2668.167074,60.2729869999998
377000,4294000,CB4MH,60.69554,1e+06,0.2,78.35,377000 4294000,18.5,Unsuitable,black,YES,234.256867,2668.167074,60.2729869999998
377000,4294000,CB4MH,24.6063,1e+06,6.14,77.3,377000 4294000,7.5,Suitable,dodgerblue,YES,234.256867,2668.167074,60.2729869999998
377000,4294000,CB4MH,11.48294,1e+06,7.45,77.06,377000 4294000,3.5,Suitable,dodgerblue,YES,234.256867,2668.167074,60.2729869999998
377000,4294000,CB4MH,1.64042,1e+06,7.89,77.9,377000 4294000,0.5,Suitable,dodgerblue,YES,234.256867,2668.167074,60.2729869999998
377000,4294000,CB4MH,14.76378,1e+06,7.24,77.13,377000 4294000,4.5,Suitable,dodgerblue,YES,234.256867,2668.167074,60.2729869999998
377000,4294000,CB4MH,83.66142,1e+06,0.1,78.3,377000 4294000,25.5,Unsuitable,black,YES,234.256867,2668.167074,60.2729869999998
377000,4294000,CB4MH,44.29134,1e+06,0.48,78.29,377000 4294000,13.5,Unsuitable,black,YES,234.256867,2668.167074,60.2729869999998
377000,4294000,CB4MH,80.38058,1e+06,0.11,78.3,377000 4294000,24.5,Unsuitable,black,YES,234.256867,2668.167074,60.2729869999998
377000,4294000,CB4MH,41.0105,1e+06,1.03,78.2,377000 4294000,12.5,Unsuitable,black,YES,234.256867,2668.167074,60.2729869999998
377000,4294000,CB4MH,21.32546,1e+06,6.62,77.31,377000 4294000,6.5,Suitable,dodgerblue,YES,234.256867,2668.167074,60.2729869999998
377000,4294000,CB4MH,8.2021,1e+06,7.71,77.09,377000 4294000,2.5,Suitable,dodgerblue,YES,234.256867,2668.167074,60.2729869999998
377000,4294000,CB4MH,73.8189,1e+06,0.18,78.3,377000 4294000,22.5,Unsuitable,black,YES,234.256867,2668.167074,60.2729869999998
377000,4295000,CB4MH,96.78478,1e+06,0.1,78.3,377000 4295000,29.5,Unsuitable,black,YES,234.256867,2668.788445,60.894358
377000,4295000,CB4MH,41.0105,1e+06,1.04,78.2,377000 4295000,12.5,Unsuitable,black,YES,234.256867,2668.788445,60.894358
377000,4295000,CB4MH,83.66142,1e+06,0.1,78.3,377000 4295000,25.5,Unsuitable,black,YES,234.256867,2668.788445,60.894358
377000,4295000,CB4MH,57.4147,1e+06,0.2,78.36,377000 4295000,17.5,Unsuitable,black,YES,234.256867,2668.788445,60.894358
377000,4295000,CB4MH,18.04462,1e+06,7.03,77.29,377000 4295000,5.5,Suitable,dodgerblue,YES,234.256867,2668.788445,60.894358
377000,4295000,CB4MH,93.50394,1e+06,0.1,78.3,377000 4295000,28.5,Unsuitable,black,YES,234.256867,2668.788445,60.894358
377000,4295000,CB4MH,44.29134,1e+06,0.47,78.29,377000 4295000,13.5,Unsuitable,black,YES,234.256867,2668.788445,60.894358
377000,4295000,CB4MH,60.69554,1e+06,0.19,78.36,377000 4295000,18.5,Unsuitable,black,YES,234.256867,2668.788445,60.894358
377000,4295000,CB4MH,54.13386,1e+06,0.2,78.36,377000 4295000,16.5,Unsuitable,black,YES,234.256867,2668.788445,60.894358
377000,4295000,CB4MH,80.38058,1e+06,0.1,78.3,377000 4295000,24.5,Unsuitable,black,YES,234.256867,2668.788445,60.894358
377000,4295000,CB4MH,73.8189,1e+06,0.17,78.3,377000 4295000,22.5,Unsuitable,black,YES,234.256867,2668.788445,60.894358
377000,4295000,CB4MH,34.44882,1e+06,3.71,77.7,377000 4295000,10.5,Tolerable,yellow,YES,234.256867,2668.788445,60.894358
377000,4295000,CB4MH,27.88714,1e+06,5.43,77.48,377000 4295000,8.5,Suitable,dodgerblue,YES,234.256867,2668.788445,60.894358
377000,4295000,CB4MH,37.72966,1e+06,2.39,77.91,377000 4295000,11.5,Marginal,orange,YES,234.256867,2668.788445,60.894358
377000,4295000,CB4MH,14.76378,1e+06,7.31,77.13,377000 4295000,4.5,Suitable,dodgerblue,YES,234.256867,2668.788445,60.894358
377000,4295000,CB4MH,63.97638,1e+06,0.18,78.36,377000 4295000,19.5,Unsuitable,black,YES,234.256867,2668.788445,60.894358
377000,4295000,CB4MH,50.85302,1e+06,0.27,78.3,377000 4295000,15.5,Unsuitable,black,YES,234.256867,2668.788445,60.894358
377000,4295000,CB4MH,103.34646,1e+06,0.1,78.3,377000 4295000,31.5,Unsuitable,black,YES,234.256867,2668.788445,60.894358
377000,4295000,CB4MH,86.94226,1e+06,0.1,78.3,377000 4295000,26.5,Unsuitable,black,YES,234.256867,2668.788445,60.894358
377000,4295000,CB4MH,67.25722,1e+06,0.18,78.36,377000 4295000,20.5,Unsuitable,black,YES,234.256867,2668.788445,60.894358
377000,4295000,CB4MH,70.53806,1e+06,0.18,78.36,377000 4295000,21.5,Unsuitable,black,YES,234.256867,2668.788445,60.894358
377000,4295000,CB4MH,24.6063,1e+06,6.2,77.3,377000 4295000,7.5,Suitable,dodgerblue,YES,234.256867,2668.788445,60.894358
377000,4295000,CB4MH,77.09974,1e+06,0.1,78.3,377000 4295000,23.5,Unsuitable,black,YES,234.256867,2668.788445,60.894358
377000,4295000,CB4MH,21.32546,1e+06,6.64,77.33,377000 4295000,6.5,Suitable,dodgerblue,YES,234.256867,2668.788445,60.894358
377000,4295000,CB4MH,31.16798,1e+06,4.64,77.56,377000 4295000,9.5,Suitable,dodgerblue,YES,234.256867,2668.788445,60.894358
377000,4295000,CB4MH,4.92126,1e+06,7.76,77.4,377000 4295000,1.5,Suitable,dodgerblue,YES,234.256867,2668.788445,60.894358
377000,4295000,CB4MH,1.64042,1e+06,7.94,77.84,377000 4295000,0.5,Suitable,dodgerblue,YES,234.256867,2668.788445,60.894358
377000,4295000,CB4MH,47.57218,1e+06,0.37,78.29,377000 4295000,14.5,Unsuitable,black,YES,234.256867,2668.788445,60.894358
377000,4295000,CB4MH,100.06562,1e+06,0.1,78.3,377000 4295000,30.5,Unsuitable,black,YES,234.256867,2668.788445,60.894358
377000,4295000,CB4MH,90.2231,1e+06,0.1,78.3,377000 4295000,27.5,Unsuitable,black,YES,234.256867,2668.788445,60.894358
377000,4295000,CB4MH,8.2021,1e+06,7.75,77.08,377000 4295000,2.5,Suitable,dodgerblue,YES,234.256867,2668.788445,60.894358
377000,4295000,CB4MH,11.48294,1e+06,7.51,77.06,377000 4295000,3.5,Suitable,dodgerblue,YES,234.256867,2668.788445,60.894358
377000,4296000,CB4MH,34.44882,1e+06,3.81,77.67,377000 4296000,10.5,Tolerable,yellow,YES,234.256867,2669.409816,61.5157289999997
377000,4296000,CB4MH,60.69554,1e+06,0.17,78.37,377000 4296000,18.5,Unsuitable,black,YES,234.256867,2669.409816,61.5157289999997
377000,4296000,CB4MH,44.29134,1e+06,0.47,78.29,377000 4296000,13.5,Unsuitable,black,YES,234.256867,2669.409816,61.5157289999997
377000,4296000,CB4MH,27.88714,1e+06,5.52,77.48,377000 4296000,8.5,Suitable,dodgerblue,YES,234.256867,2669.409816,61.5157289999997
377000,4296000,CB4MH,14.76378,1e+06,7.33,77.16,377000 4296000,4.5,Suitable,dodgerblue,YES,234.256867,2669.409816,61.5157289999997
377000,4296000,CB4MH,37.72966,1e+06,2.44,77.9,377000 4296000,11.5,Marginal,orange,YES,234.256867,2669.409816,61.5157289999997
377000,4296000,CB4MH,63.97638,1e+06,0.16,78.37,377000 4296000,19.5,Unsuitable,black,YES,234.256867,2669.409816,61.5157289999997
377000,4296000,CB4MH,4.92126,1e+06,7.84,77.32,377000 4296000,1.5,Suitable,dodgerblue,YES,234.256867,2669.409816,61.5157289999997
377000,4296000,CB4MH,54.13386,1e+06,0.18,78.37,377000 4296000,16.5,Unsuitable,black,YES,234.256867,2669.409816,61.5157289999997
377000,4296000,CB4MH,80.38058,1e+06,0.1,78.3,377000 4296000,24.5,Unsuitable,black,YES,234.256867,2669.409816,61.5157289999997
377000,4296000,CB4MH,47.57218,1e+06,0.36,78.3,377000 4296000,14.5,Unsuitable,black,YES,234.256867,2669.409816,61.5157289999997
377000,4296000,CB4MH,24.6063,1e+06,6.13,77.39,377000 4296000,7.5,Suitable,dodgerblue,YES,234.256867,2669.409816,61.5157289999997
377000,4296000,CB4MH,31.16798,1e+06,4.77,77.54,377000 4296000,9.5,Suitable,dodgerblue,YES,234.256867,2669.409816,61.5157289999997
377000,4296000,CB4MH,77.09974,1e+06,0.1,78.3,377000 4296000,23.5,Unsuitable,black,YES,234.256867,2669.409816,61.5157289999997
377000,4296000,CB4MH,67.25722,1e+06,0.16,78.37,377000 4296000,20.5,Unsuitable,black,YES,234.256867,2669.409816,61.5157289999997
377000,4296000,CB4MH,8.2021,1e+06,7.75,77.13,377000 4296000,2.5,Suitable,dodgerblue,YES,234.256867,2669.409816,61.5157289999997
377000,4296000,CB4MH,41.0105,1e+06,1.06,78.2,377000 4296000,12.5,Unsuitable,black,YES,234.256867,2669.409816,61.5157289999997
377000,4296000,CB4MH,11.48294,1e+06,7.52,77.09,377000 4296000,3.5,Suitable,dodgerblue,YES,234.256867,2669.409816,61.5157289999997
377000,4296000,CB4MH,21.32546,1e+06,6.58,77.39,377000 4296000,6.5,Suitable,dodgerblue,YES,234.256867,2669.409816,61.5157289999997
377000,4296000,CB4MH,18.04462,1e+06,7.01,77.34,377000 4296000,5.5,Suitable,dodgerblue,YES,234.256867,2669.409816,61.5157289999997
377000,4296000,CB4MH,1.64042,1e+06,7.99,77.77,377000 4296000,0.5,Suitable,dodgerblue,YES,234.256867,2669.409816,61.5157289999997
377000,4296000,CB4MH,83.66142,1e+06,0.1,78.3,377000 4296000,25.5,Unsuitable,black,YES,234.256867,2669.409816,61.5157289999997
377000,4296000,CB4MH,70.53806,1e+06,0.16,78.37,377000 4296000,21.5,Unsuitable,black,YES,234.256867,2669.409816,61.5157289999997
377000,4296000,CB4MH,57.4147,1e+06,0.17,78.37,377000 4296000,17.5,Unsuitable,black,YES,234.256867,2669.409816,61.5157289999997
377000,4296000,CB4MH,73.8189,1e+06,0.16,78.3,377000 4296000,22.5,Unsuitable,black,YES,234.256867,2669.409816,61.5157289999997
377000,4296000,CB4MH,50.85302,1e+06,0.25,78.3,377000 4296000,15.5,Unsuitable,black,YES,234.256867,2669.409816,61.5157289999997
378000,4260000,CB4MH,14.76378,1e+06,6.78,78.3,378000 4260000,4.5,Suitable,dodgerblue,YES,234.878238,2647.04046,39.146373
378000,4260000,CB4MH,70.53806,1e+06,0.37,78.18,378000 4260000,21.5,Unsuitable,black,YES,234.878238,2647.04046,39.146373
378000,4260000,CB4MH,18.04462,1e+06,6.05,78.34,378000 4260000,5.5,Suitable,dodgerblue,YES,234.878238,2647.04046,39.146373
378000,4260000,CB4MH,1.64042,1e+06,7.83,78.82,378000 4260000,0.5,Suitable,dodgerblue,YES,234.878238,2647.04046,39.146373
378000,4260000,CB4MH,50.85302,1e+06,0.37,78.24,378000 4260000,15.5,Unsuitable,black,YES,234.878238,2647.04046,39.146373
378000,4260000,CB4MH,31.16798,1e+06,1.94,78.42,378000 4260000,9.5,Unsuitable,black,YES,234.878238,2647.04046,39.146373
378000,4260000,CB4MH,37.72966,1e+06,0.96,78.13,378000 4260000,11.5,Unsuitable,black,YES,234.878238,2647.04046,39.146373
378000,4260000,CB4MH,57.4147,1e+06,0.32,78.21,378000 4260000,17.5,Unsuitable,black,YES,234.878238,2647.04046,39.146373
378000,4260000,CB4MH,24.6063,1e+06,3.93,78.35,378000 4260000,7.5,Tolerable,yellow,YES,234.878238,2647.04046,39.146373
378000,4260000,CB4MH,47.57218,1e+06,0.44,78.23,378000 4260000,14.5,Unsuitable,black,YES,234.878238,2647.04046,39.146373
378000,4260000,CB4MH,44.29134,1e+06,0.56,78.2,378000 4260000,13.5,Unsuitable,black,YES,234.878238,2647.04046,39.146373
378000,4260000,CB4MH,41.0105,1e+06,0.68,78.17,378000 4260000,12.5,Unsuitable,black,YES,234.878238,2647.04046,39.146373
378000,4260000,CB4MH,11.48294,1e+06,7.27,78.44,378000 4260000,3.5,Suitable,dodgerblue,YES,234.878238,2647.04046,39.146373
378000,4260000,CB4MH,21.32546,1e+06,4.99,78.37,378000 4260000,6.5,Suitable,dodgerblue,YES,234.878238,2647.04046,39.146373
378000,4260000,CB4MH,86.94226,1e+06,0.47,78.13,378000 4260000,26.5,Unsuitable,black,YES,234.878238,2647.04046,39.146373
378000,4260000,CB4MH,83.66142,1e+06,0.51,78.13,378000 4260000,25.5,Unsuitable,black,YES,234.878238,2647.04046,39.146373
378000,4260000,CB4MH,67.25722,1e+06,0.37,78.18,378000 4260000,20.5,Unsuitable,black,YES,234.878238,2647.04046,39.146373
378000,4260000,CB4MH,34.44882,1e+06,1.49,78.06,378000 4260000,10.5,Unsuitable,black,YES,234.878238,2647.04046,39.146373
378000,4260000,CB4MH,80.38058,1e+06,0.4,78.14,378000 4260000,24.5,Unsuitable,black,YES,234.878238,2647.04046,39.146373
378000,4260000,CB4MH,63.97638,1e+06,0.31,78.18,378000 4260000,19.5,Unsuitable,black,YES,234.878238,2647.04046,39.146373
378000,4260000,CB4MH,4.92126,1e+06,7.74,78.71,378000 4260000,1.5,Suitable,dodgerblue,YES,234.878238,2647.04046,39.146373
378000,4260000,CB4MH,27.88714,1e+06,2.9,78.39,378000 4260000,8.5,Marginal,orange,YES,234.878238,2647.04046,39.146373
378000,4260000,CB4MH,8.2021,1e+06,7.62,78.56,378000 4260000,2.5,Suitable,dodgerblue,YES,234.878238,2647.04046,39.146373
378000,4260000,CB4MH,73.8189,1e+06,0.39,78.14,378000 4260000,22.5,Unsuitable,black,YES,234.878238,2647.04046,39.146373
378000,4260000,CB4MH,60.69554,1e+06,0.32,78.18,378000 4260000,18.5,Unsuitable,black,YES,234.878238,2647.04046,39.146373
378000,4260000,CB4MH,77.09974,1e+06,0.4,78.14,378000 4260000,23.5,Unsuitable,black,YES,234.878238,2647.04046,39.146373
378000,4260000,CB4MH,54.13386,1e+06,0.34,78.24,378000 4260000,16.5,Unsuitable,black,YES,234.878238,2647.04046,39.146373
378000,4261000,CB4MH,57.4147,1e+06,0.3,78.21,378000 4261000,17.5,Unsuitable,black,YES,234.878238,2647.661831,39.7677439999998
378000,4261000,CB4MH,50.85302,1e+06,0.33,78.23,378000 4261000,15.5,Unsuitable,black,YES,234.878238,2647.661831,39.7677439999998
378000,4261000,CB4MH,60.69554,1e+06,0.3,78.19,378000 4261000,18.5,Unsuitable,black,YES,234.878238,2647.661831,39.7677439999998
378000,4261000,CB4MH,18.04462,1e+06,5.95,78.31,378000 4261000,5.5,Suitable,dodgerblue,YES,234.878238,2647.661831,39.7677439999998
378000,4261000,CB4MH,67.25722,1e+06,0.35,78.17,378000 4261000,20.5,Unsuitable,black,YES,234.878238,2647.661831,39.7677439999998
378000,4261000,CB4MH,11.48294,1e+06,7.16,78.36,378000 4261000,3.5,Suitable,dodgerblue,YES,234.878238,2647.661831,39.7677439999998
378000,4261000,CB4MH,8.2021,1e+06,7.5,78.47,378000 4261000,2.5,Suitable,dodgerblue,YES,234.878238,2647.661831,39.7677439999998
378000,4261000,CB4MH,70.53806,1e+06,0.34,78.17,378000 4261000,21.5,Unsuitable,black,YES,234.878238,2647.661831,39.7677439999998
378000,4261000,CB4MH,14.76378,1e+06,6.71,78.24,378000 4261000,4.5,Suitable,dodgerblue,YES,234.878238,2647.661831,39.7677439999998
378000,4261000,CB4MH,1.64042,1e+06,7.71,78.69,378000 4261000,0.5,Suitable,dodgerblue,YES,234.878238,2647.661831,39.7677439999998
378000,4261000,CB4MH,31.16798,1e+06,1.79,78.42,378000 4261000,9.5,Unsuitable,black,YES,234.878238,2647.661831,39.7677439999998
378000,4261000,CB4MH,41.0105,1e+06,0.62,78.18,378000 4261000,12.5,Unsuitable,black,YES,234.878238,2647.661831,39.7677439999998
378000,4261000,CB4MH,4.92126,1e+06,7.62,78.58,378000 4261000,1.5,Suitable,dodgerblue,YES,234.878238,2647.661831,39.7677439999998
378000,4261000,CB4MH,44.29134,1e+06,0.5,78.2,378000 4261000,13.5,Unsuitable,black,YES,234.878238,2647.661831,39.7677439999998
378000,4261000,CB4MH,77.09974,1e+06,0.38,78.14,378000 4261000,23.5,Unsuitable,black,YES,234.878238,2647.661831,39.7677439999998
378000,4261000,CB4MH,21.32546,1e+06,4.79,78.36,378000 4261000,6.5,Suitable,dodgerblue,YES,234.878238,2647.661831,39.7677439999998
378000,4261000,CB4MH,63.97638,1e+06,0.29,78.19,378000 4261000,19.5,Unsuitable,black,YES,234.878238,2647.661831,39.7677439999998
378000,4261000,CB4MH,47.57218,1e+06,0.39,78.23,378000 4261000,14.5,Unsuitable,black,YES,234.878238,2647.661831,39.7677439999998
378000,4261000,CB4MH,37.72966,1e+06,0.9,78.14,378000 4261000,11.5,Unsuitable,black,YES,234.878238,2647.661831,39.7677439999998
378000,4261000,CB4MH,54.13386,1e+06,0.32,78.23,378000 4261000,16.5,Unsuitable,black,YES,234.878238,2647.661831,39.7677439999998
378000,4261000,CB4MH,73.8189,1e+06,0.36,78.14,378000 4261000,22.5,Unsuitable,black,YES,234.878238,2647.661831,39.7677439999998
378000,4261000,CB4MH,24.6063,1e+06,3.65,78.37,378000 4261000,7.5,Tolerable,yellow,YES,234.878238,2647.661831,39.7677439999998
378000,4261000,CB4MH,27.88714,1e+06,2.64,78.41,378000 4261000,8.5,Marginal,orange,YES,234.878238,2647.661831,39.7677439999998
378000,4261000,CB4MH,34.44882,1e+06,1.4,78.06,378000 4261000,10.5,Unsuitable,black,YES,234.878238,2647.661831,39.7677439999998
378000,4297000,CB4MH,47.57218,1e+06,0.35,78.3,378000 4297000,14.5,Unsuitable,black,YES,234.878238,2670.031187,62.1370999999999
378000,4297000,CB4MH,37.72966,1e+06,2.5,77.89,378000 4297000,11.5,Marginal,orange,YES,234.878238,2670.031187,62.1370999999999
378000,4297000,CB4MH,96.78478,1e+06,0.1,78.3,378000 4297000,29.5,Unsuitable,black,YES,234.878238,2670.031187,62.1370999999999
378000,4297000,CB4MH,41.0105,1e+06,1.1,78.19,378000 4297000,12.5,Unsuitable,black,YES,234.878238,2670.031187,62.1370999999999
378000,4297000,CB4MH,60.69554,1e+06,0.14,78.38,378000 4297000,18.5,Unsuitable,black,YES,234.878238,2670.031187,62.1370999999999
378000,4297000,CB4MH,57.4147,1e+06,0.14,78.38,378000 4297000,17.5,Unsuitable,black,YES,234.878238,2670.031187,62.1370999999999
378000,4297000,CB4MH,11.48294,1e+06,7.86,77.03,378000 4297000,3.5,Suitable,dodgerblue,YES,234.878238,2670.031187,62.1370999999999
378000,4297000,CB4MH,83.66142,1e+06,0.1,78.3,378000 4297000,25.5,Unsuitable,black,YES,234.878238,2670.031187,62.1370999999999
378000,4297000,CB4MH,70.53806,1e+06,0.14,78.38,378000 4297000,21.5,Unsuitable,black,YES,234.878238,2670.031187,62.1370999999999
378000,4297000,CB4MH,80.38058,1e+06,0.1,78.3,378000 4297000,24.5,Unsuitable,black,YES,234.878238,2670.031187,62.1370999999999
378000,4297000,CB4MH,50.85302,1e+06,0.22,78.3,378000 4297000,15.5,Unsuitable,black,YES,234.878238,2670.031187,62.1370999999999
378000,4297000,CB4MH,63.97638,1e+06,0.14,78.38,378000 4297000,19.5,Unsuitable,black,YES,234.878238,2670.031187,62.1370999999999
378000,4297000,CB4MH,34.44882,1e+06,3.95,77.63,378000 4297000,10.5,Tolerable,yellow,YES,234.878238,2670.031187,62.1370999999999
378000,4297000,CB4MH,100.06562,1e+06,0.1,78.3,378000 4297000,30.5,Unsuitable,black,YES,234.878238,2670.031187,62.1370999999999
378000,4297000,CB4MH,67.25722,1e+06,0.14,78.38,378000 4297000,20.5,Unsuitable,black,YES,234.878238,2670.031187,62.1370999999999
378000,4297000,CB4MH,44.29134,1e+06,0.47,78.3,378000 4297000,13.5,Unsuitable,black,YES,234.878238,2670.031187,62.1370999999999
378000,4297000,CB4MH,73.8189,1e+06,0.14,78.3,378000 4297000,22.5,Unsuitable,black,YES,234.878238,2670.031187,62.1370999999999
378000,4297000,CB4MH,1.64042,1e+06,8.04,77.56,378000 4297000,0.5,Suitable,dodgerblue,YES,234.878238,2670.031187,62.1370999999999
378000,4297000,CB4MH,4.92126,1e+06,7.97,77.12,378000 4297000,1.5,Suitable,dodgerblue,YES,234.878238,2670.031187,62.1370999999999
378000,4297000,CB4MH,90.2231,1e+06,0.1,78.3,378000 4297000,27.5,Unsuitable,black,YES,234.878238,2670.031187,62.1370999999999
378000,4297000,CB4MH,24.6063,1e+06,6.27,77.37,378000 4297000,7.5,Suitable,dodgerblue,YES,234.878238,2670.031187,62.1370999999999
378000,4297000,CB4MH,86.94226,1e+06,0.1,78.3,378000 4297000,26.5,Unsuitable,black,YES,234.878238,2670.031187,62.1370999999999
378000,4297000,CB4MH,27.88714,1e+06,5.64,77.48,378000 4297000,8.5,Suitable,dodgerblue,YES,234.878238,2670.031187,62.1370999999999
378000,4297000,CB4MH,31.16798,1e+06,4.95,77.52,378000 4297000,9.5,Suitable,dodgerblue,YES,234.878238,2670.031187,62.1370999999999
378000,4297000,CB4MH,93.50394,1e+06,0.1,78.3,378000 4297000,28.5,Unsuitable,black,YES,234.878238,2670.031187,62.1370999999999
378000,4297000,CB4MH,21.32546,1e+06,6.77,77.42,378000 4297000,6.5,Suitable,dodgerblue,YES,234.878238,2670.031187,62.1370999999999
378000,4297000,CB4MH,8.2021,1e+06,7.96,77.05,378000 4297000,2.5,Suitable,dodgerblue,YES,234.878238,2670.031187,62.1370999999999
378000,4297000,CB4MH,77.09974,1e+06,0.1,78.3,378000 4297000,23.5,Unsuitable,black,YES,234.878238,2670.031187,62.1370999999999
378000,4297000,CB4MH,54.13386,1e+06,0.14,78.38,378000 4297000,16.5,Unsuitable,black,YES,234.878238,2670.031187,62.1370999999999
378000,4297000,CB4MH,18.04462,1e+06,7.3,77.35,378000 4297000,5.5,Suitable,dodgerblue,YES,234.878238,2670.031187,62.1370999999999
378000,4297000,CB4MH,14.76378,1e+06,7.74,77.12,378000 4297000,4.5,Suitable,dodgerblue,YES,234.878238,2670.031187,62.1370999999999
378000,4298000,CB4MH,18.04462,1e+06,7.46,77.39,378000 4298000,5.5,Suitable,dodgerblue,YES,234.878238,2670.652558,62.7584710000001
378000,4298000,CB4MH,60.69554,1e+06,0.11,78.4,378000 4298000,18.5,Unsuitable,black,YES,234.878238,2670.652558,62.7584710000001
378000,4298000,CB4MH,34.44882,1e+06,4.07,77.61,378000 4298000,10.5,Suitable,dodgerblue,YES,234.878238,2670.652558,62.7584710000001
378000,4298000,CB4MH,24.6063,1e+06,6.33,77.4,378000 4298000,7.5,Suitable,dodgerblue,YES,234.878238,2670.652558,62.7584710000001
378000,4298000,CB4MH,14.76378,1e+06,7.99,77.1,378000 4298000,4.5,Suitable,dodgerblue,YES,234.878238,2670.652558,62.7584710000001
378000,4298000,CB4MH,11.48294,1e+06,8.09,77.01,378000 4298000,3.5,Suitable,dodgerblue,YES,234.878238,2670.652558,62.7584710000001
378000,4298000,CB4MH,57.4147,1e+06,0.11,78.4,378000 4298000,17.5,Unsuitable,black,YES,234.878238,2670.652558,62.7584710000001
378000,4298000,CB4MH,77.09974,1e+06,0.1,78.3,378000 4298000,23.5,Unsuitable,black,YES,234.878238,2670.652558,62.7584710000001
378000,4298000,CB4MH,31.16798,1e+06,5.11,77.5,378000 4298000,9.5,Suitable,dodgerblue,YES,234.878238,2670.652558,62.7584710000001
378000,4298000,CB4MH,1.64042,1e+06,8.17,77.51,378000 4298000,0.5,Suitable,dodgerblue,YES,234.878238,2670.652558,62.7584710000001
378000,4298000,CB4MH,73.8189,1e+06,0.11,78.3,378000 4298000,22.5,Unsuitable,black,YES,234.878238,2670.652558,62.7584710000001
378000,4298000,CB4MH,8.2021,1e+06,8.15,77.01,378000 4298000,2.5,Suitable,dodgerblue,YES,234.878238,2670.652558,62.7584710000001
378000,4298000,CB4MH,4.92126,1e+06,8.15,77.03,378000 4298000,1.5,Suitable,dodgerblue,YES,234.878238,2670.652558,62.7584710000001
378000,4298000,CB4MH,21.32546,1e+06,6.83,77.48,378000 4298000,6.5,Suitable,dodgerblue,YES,234.878238,2670.652558,62.7584710000001
378000,4298000,CB4MH,70.53806,1e+06,0.11,78.4,378000 4298000,21.5,Unsuitable,black,YES,234.878238,2670.652558,62.7584710000001
378000,4298000,CB4MH,41.0105,1e+06,1.14,78.2,378000 4298000,12.5,Unsuitable,black,YES,234.878238,2670.652558,62.7584710000001
378000,4298000,CB4MH,27.88714,1e+06,5.73,77.5,378000 4298000,8.5,Suitable,dodgerblue,YES,234.878238,2670.652558,62.7584710000001
378000,4298000,CB4MH,37.72966,1e+06,2.54,77.9,378000 4298000,11.5,Marginal,orange,YES,234.878238,2670.652558,62.7584710000001
378000,4298000,CB4MH,54.13386,1e+06,0.11,78.4,378000 4298000,16.5,Unsuitable,black,YES,234.878238,2670.652558,62.7584710000001
378000,4298000,CB4MH,50.85302,1e+06,0.2,78.3,378000 4298000,15.5,Unsuitable,black,YES,234.878238,2670.652558,62.7584710000001
378000,4298000,CB4MH,67.25722,1e+06,0.11,78.4,378000 4298000,20.5,Unsuitable,black,YES,234.878238,2670.652558,62.7584710000001
378000,4298000,CB4MH,44.29134,1e+06,0.49,78.3,378000 4298000,13.5,Unsuitable,black,YES,234.878238,2670.652558,62.7584710000001
378000,4298000,CB4MH,63.97638,1e+06,0.11,78.4,378000 4298000,19.5,Unsuitable,black,YES,234.878238,2670.652558,62.7584710000001
378000,4298000,CB4MH,47.57218,1e+06,0.35,78.3,378000 4298000,14.5,Unsuitable,black,YES,234.878238,2670.652558,62.7584710000001
378000,4300000,CB4MH,27.88714,1e+06,5.62,77.49,378000 4300000,8.5,Suitable,dodgerblue,YES,234.878238,2671.8953,64.001213
378000,4300000,CB4MH,4.92126,1e+06,7.95,77.16,378000 4300000,1.5,Suitable,dodgerblue,YES,234.878238,2671.8953,64.001213
378000,4300000,CB4MH,24.6063,1e+06,6.2,77.41,378000 4300000,7.5,Suitable,dodgerblue,YES,234.878238,2671.8953,64.001213
378000,4300000,CB4MH,31.16798,1e+06,4.95,77.53,378000 4300000,9.5,Suitable,dodgerblue,YES,234.878238,2671.8953,64.001213
378000,4300000,CB4MH,41.0105,1e+06,1.11,78.2,378000 4300000,12.5,Unsuitable,black,YES,234.878238,2671.8953,64.001213
378000,4300000,CB4MH,63.97638,1e+06,0.14,78.38,378000 4300000,19.5,Unsuitable,black,YES,234.878238,2671.8953,64.001213
378000,4300000,CB4MH,14.76378,1e+06,7.66,77.13,378000 4300000,4.5,Suitable,dodgerblue,YES,234.878238,2671.8953,64.001213
378000,4300000,CB4MH,44.29134,1e+06,0.48,78.3,378000 4300000,13.5,Unsuitable,black,YES,234.878238,2671.8953,64.001213
378000,4300000,CB4MH,8.2021,1e+06,7.91,77.08,378000 4300000,2.5,Suitable,dodgerblue,YES,234.878238,2671.8953,64.001213
378000,4300000,CB4MH,18.04462,1e+06,7.23,77.37,378000 4300000,5.5,Suitable,dodgerblue,YES,234.878238,2671.8953,64.001213
378000,4300000,CB4MH,50.85302,1e+06,0.23,78.3,378000 4300000,15.5,Unsuitable,black,YES,234.878238,2671.8953,64.001213
378000,4300000,CB4MH,21.32546,1e+06,6.7,77.44,378000 4300000,6.5,Suitable,dodgerblue,YES,234.878238,2671.8953,64.001213
378000,4300000,CB4MH,57.4147,1e+06,0.14,78.38,378000 4300000,17.5,Unsuitable,black,YES,234.878238,2671.8953,64.001213
378000,4300000,CB4MH,1.64042,1e+06,8.03,77.61,378000 4300000,0.5,Suitable,dodgerblue,YES,234.878238,2671.8953,64.001213
378000,4300000,CB4MH,54.13386,1e+06,0.14,78.38,378000 4300000,16.5,Unsuitable,black,YES,234.878238,2671.8953,64.001213
378000,4300000,CB4MH,11.48294,1e+06,7.78,77.05,378000 4300000,3.5,Suitable,dodgerblue,YES,234.878238,2671.8953,64.001213
378000,4300000,CB4MH,34.44882,1e+06,3.95,77.64,378000 4300000,10.5,Tolerable,yellow,YES,234.878238,2671.8953,64.001213
378000,4300000,CB4MH,37.72966,1e+06,2.5,77.91,378000 4300000,11.5,Marginal,orange,YES,234.878238,2671.8953,64.001213
378000,4300000,CB4MH,47.57218,1e+06,0.36,78.3,378000 4300000,14.5,Unsuitable,black,YES,234.878238,2671.8953,64.001213
378000,4300000,CB4MH,60.69554,1e+06,0.14,78.38,378000 4300000,18.5,Unsuitable,black,YES,234.878238,2671.8953,64.001213
378000,4301000,CB4MH,34.44882,1e+06,3.84,77.69,378000 4301000,10.5,Tolerable,yellow,YES,234.878238,2672.516671,64.6225839999997
378000,4301000,CB4MH,24.6063,1e+06,6.02,77.45,378000 4301000,7.5,Suitable,dodgerblue,YES,234.878238,2672.516671,64.6225839999997
378000,4301000,CB4MH,41.0105,1e+06,1.09,78.21,378000 4301000,12.5,Unsuitable,black,YES,234.878238,2672.516671,64.6225839999997
378000,4301000,CB4MH,73.8189,1e+06,0.15,78.3,378000 4301000,22.5,Unsuitable,black,YES,234.878238,2672.516671,64.6225839999997
378000,4301000,CB4MH,18.04462,1e+06,7.02,77.38,378000 4301000,5.5,Suitable,dodgerblue,YES,234.878238,2672.516671,64.6225839999997
378000,4301000,CB4MH,44.29134,1e+06,0.49,78.29,378000 4301000,13.5,Unsuitable,black,YES,234.878238,2672.516671,64.6225839999997
378000,4301000,CB4MH,77.09974,1e+06,0.1,78.3,378000 4301000,23.5,Unsuitable,black,YES,234.878238,2672.516671,64.6225839999997
378000,4301000,CB4MH,54.13386,1e+06,0.18,78.37,378000 4301000,16.5,Unsuitable,black,YES,234.878238,2672.516671,64.6225839999997
378000,4301000,CB4MH,14.76378,1e+06,7.4,77.18,378000 4301000,4.5,Suitable,dodgerblue,YES,234.878238,2672.516671,64.6225839999997
378000,4301000,CB4MH,47.57218,1e+06,0.37,78.3,378000 4301000,14.5,Unsuitable,black,YES,234.878238,2672.516671,64.6225839999997
378000,4301000,CB4MH,1.64042,1e+06,7.92,77.72,378000 4301000,0.5,Suitable,dodgerblue,YES,234.878238,2672.516671,64.6225839999997
378000,4301000,CB4MH,57.4147,1e+06,0.17,78.37,378000 4301000,17.5,Unsuitable,black,YES,234.878238,2672.516671,64.6225839999997
378000,4301000,CB4MH,70.53806,1e+06,0.15,78.37,378000 4301000,21.5,Unsuitable,black,YES,234.878238,2672.516671,64.6225839999997
378000,4301000,CB4MH,37.72966,1e+06,2.45,77.92,378000 4301000,11.5,Marginal,orange,YES,234.878238,2672.516671,64.6225839999997
378000,4301000,CB4MH,21.32546,1e+06,6.56,77.44,378000 4301000,6.5,Suitable,dodgerblue,YES,234.878238,2672.516671,64.6225839999997
378000,4301000,CB4MH,8.2021,1e+06,7.73,77.15,378000 4301000,2.5,Suitable,dodgerblue,YES,234.878238,2672.516671,64.6225839999997
378000,4301000,CB4MH,60.69554,1e+06,0.17,78.37,378000 4301000,18.5,Unsuitable,black,YES,234.878238,2672.516671,64.6225839999997
378000,4301000,CB4MH,31.16798,1e+06,4.81,77.56,378000 4301000,9.5,Suitable,dodgerblue,YES,234.878238,2672.516671,64.6225839999997
378000,4301000,CB4MH,11.48294,1e+06,7.54,77.11,378000 4301000,3.5,Suitable,dodgerblue,YES,234.878238,2672.516671,64.6225839999997
378000,4301000,CB4MH,4.92126,1e+06,7.79,77.28,378000 4301000,1.5,Suitable,dodgerblue,YES,234.878238,2672.516671,64.6225839999997
378000,4301000,CB4MH,67.25722,1e+06,0.15,78.37,378000 4301000,20.5,Unsuitable,black,YES,234.878238,2672.516671,64.6225839999997
378000,4301000,CB4MH,63.97638,1e+06,0.16,78.37,378000 4301000,19.5,Unsuitable,black,YES,234.878238,2672.516671,64.6225839999997
378000,4301000,CB4MH,27.88714,1e+06,5.51,77.51,378000 4301000,8.5,Suitable,dodgerblue,YES,234.878238,2672.516671,64.6225839999997
378000,4301000,CB4MH,50.85302,1e+06,0.26,78.3,378000 4301000,15.5,Unsuitable,black,YES,234.878238,2672.516671,64.6225839999997
378000,4302000,CB4MH,80.38058,1e+06,0.1,78.3,378000 4302000,24.5,Unsuitable,black,YES,234.878238,2673.138042,65.2439549999999
378000,4302000,CB4MH,41.0105,1e+06,1.08,78.23,378000 4302000,12.5,Unsuitable,black,YES,234.878238,2673.138042,65.2439549999999
378000,4302000,CB4MH,57.4147,1e+06,0.21,78.36,378000 4302000,17.5,Unsuitable,black,YES,234.878238,2673.138042,65.2439549999999
378000,4302000,CB4MH,54.13386,1e+06,0.21,78.36,378000 4302000,16.5,Unsuitable,black,YES,234.878238,2673.138042,65.2439549999999
378000,4302000,CB4MH,60.69554,1e+06,0.19,78.37,378000 4302000,18.5,Unsuitable,black,YES,234.878238,2673.138042,65.2439549999999
378000,4302000,CB4MH,47.57218,1e+06,0.4,78.29,378000 4302000,14.5,Unsuitable,black,YES,234.878238,2673.138042,65.2439549999999
378000,4302000,CB4MH,34.44882,1e+06,3.74,77.74,378000 4302000,10.5,Tolerable,yellow,YES,234.878238,2673.138042,65.2439549999999
378000,4302000,CB4MH,31.16798,1e+06,4.67,77.61,378000 4302000,9.5,Suitable,dodgerblue,YES,234.878238,2673.138042,65.2439549999999
378000,4302000,CB4MH,44.29134,1e+06,0.51,78.29,378000 4302000,13.5,Unsuitable,black,YES,234.878238,2673.138042,65.2439549999999
378000,4302000,CB4MH,1.64042,1e+06,7.82,77.85,378000 4302000,0.5,Suitable,dodgerblue,YES,234.878238,2673.138042,65.2439549999999
378000,4302000,CB4MH,50.85302,1e+06,0.29,78.3,378000 4302000,15.5,Unsuitable,black,YES,234.878238,2673.138042,65.2439549999999
378000,4302000,CB4MH,77.09974,1e+06,0.1,78.3,378000 4302000,23.5,Unsuitable,black,YES,234.878238,2673.138042,65.2439549999999
378000,4302000,CB4MH,24.6063,1e+06,5.78,77.53,378000 4302000,7.5,Suitable,dodgerblue,YES,234.878238,2673.138042,65.2439549999999
378000,4302000,CB4MH,63.97638,1e+06,0.18,78.37,378000 4302000,19.5,Unsuitable,black,YES,234.878238,2673.138042,65.2439549999999
378000,4302000,CB4MH,37.72966,1e+06,2.41,77.95,378000 4302000,11.5,Marginal,orange,YES,234.878238,2673.138042,65.2439549999999
378000,4302000,CB4MH,27.88714,1e+06,5.39,77.54,378000 4302000,8.5,Suitable,dodgerblue,YES,234.878238,2673.138042,65.2439549999999
378000,4302000,CB4MH,73.8189,1e+06,0.16,78.3,378000 4302000,22.5,Unsuitable,black,YES,234.878238,2673.138042,65.2439549999999
378000,4302000,CB4MH,4.92126,1e+06,7.64,77.4,378000 4302000,1.5,Suitable,dodgerblue,YES,234.878238,2673.138042,65.2439549999999
378000,4302000,CB4MH,11.48294,1e+06,7.3,77.18,378000 4302000,3.5,Suitable,dodgerblue,YES,234.878238,2673.138042,65.2439549999999
378000,4302000,CB4MH,70.53806,1e+06,0.17,78.37,378000 4302000,21.5,Unsuitable,black,YES,234.878238,2673.138042,65.2439549999999
378000,4302000,CB4MH,67.25722,1e+06,0.17,78.37,378000 4302000,20.5,Unsuitable,black,YES,234.878238,2673.138042,65.2439549999999
378000,4302000,CB4MH,8.2021,1e+06,7.55,77.25,378000 4302000,2.5,Suitable,dodgerblue,YES,234.878238,2673.138042,65.2439549999999
378000,4302000,CB4MH,18.04462,1e+06,6.82,77.41,378000 4302000,5.5,Suitable,dodgerblue,YES,234.878238,2673.138042,65.2439549999999
378000,4302000,CB4MH,14.76378,1e+06,7.15,77.24,378000 4302000,4.5,Suitable,dodgerblue,YES,234.878238,2673.138042,65.2439549999999
378000,4302000,CB4MH,21.32546,1e+06,6.4,77.46,378000 4302000,6.5,Suitable,dodgerblue,YES,234.878238,2673.138042,65.2439549999999
379000,4259000,CB4MH,8.2021,1e+06,7.81,78.74,379000 4259000,2.5,Suitable,dodgerblue,YES,235.499609,2646.419089,38.5250019999999
379000,4259000,CB4MH,31.16798,1e+06,2.15,78.43,379000 4259000,9.5,Marginal,orange,YES,235.499609,2646.419089,38.5250019999999
379000,4259000,CB4MH,54.13386,1e+06,0.4,78.25,379000 4259000,16.5,Unsuitable,black,YES,235.499609,2646.419089,38.5250019999999
379000,4259000,CB4MH,34.44882,1e+06,1.53,78.1,379000 4259000,10.5,Unsuitable,black,YES,235.499609,2646.419089,38.5250019999999
379000,4259000,CB4MH,41.0105,1e+06,0.73,78.17,379000 4259000,12.5,Unsuitable,black,YES,235.499609,2646.419089,38.5250019999999
379000,4259000,CB4MH,1.64042,1e+06,8,79.06,379000 4259000,0.5,Suitable,dodgerblue,YES,235.499609,2646.419089,38.5250019999999
379000,4259000,CB4MH,77.09974,1e+06,0.43,78.13,379000 4259000,23.5,Unsuitable,black,YES,235.499609,2646.419089,38.5250019999999
379000,4259000,CB4MH,11.48294,1e+06,7.42,78.59,379000 4259000,3.5,Suitable,dodgerblue,YES,235.499609,2646.419089,38.5250019999999
379000,4259000,CB4MH,24.6063,1e+06,4.31,78.35,379000 4259000,7.5,Suitable,dodgerblue,YES,235.499609,2646.419089,38.5250019999999
379000,4259000,CB4MH,47.57218,1e+06,0.51,78.25,379000 4259000,14.5,Unsuitable,black,YES,235.499609,2646.419089,38.5250019999999
379000,4259000,CB4MH,18.04462,1e+06,6.16,78.42,379000 4259000,5.5,Suitable,dodgerblue,YES,235.499609,2646.419089,38.5250019999999
379000,4259000,CB4MH,60.69554,1e+06,0.39,78.17,379000 4259000,18.5,Unsuitable,black,YES,235.499609,2646.419089,38.5250019999999
379000,4259000,CB4MH,37.72966,1e+06,0.99,78.15,379000 4259000,11.5,Unsuitable,black,YES,235.499609,2646.419089,38.5250019999999
379000,4259000,CB4MH,50.85302,1e+06,0.44,78.25,379000 4259000,15.5,Unsuitable,black,YES,235.499609,2646.419089,38.5250019999999
379000,4259000,CB4MH,27.88714,1e+06,3.25,78.38,379000 4259000,8.5,Tolerable,yellow,YES,235.499609,2646.419089,38.5250019999999
379000,4259000,CB4MH,44.29134,1e+06,0.62,78.21,379000 4259000,13.5,Unsuitable,black,YES,235.499609,2646.419089,38.5250019999999
379000,4259000,CB4MH,67.25722,1e+06,0.41,78.19,379000 4259000,20.5,Unsuitable,black,YES,235.499609,2646.419089,38.5250019999999
379000,4259000,CB4MH,73.8189,1e+06,0.42,78.13,379000 4259000,22.5,Unsuitable,black,YES,235.499609,2646.419089,38.5250019999999
379000,4259000,CB4MH,80.38058,1e+06,0.43,78.13,379000 4259000,24.5,Unsuitable,black,YES,235.499609,2646.419089,38.5250019999999
379000,4259000,CB4MH,14.76378,1e+06,6.86,78.42,379000 4259000,4.5,Suitable,dodgerblue,YES,235.499609,2646.419089,38.5250019999999
379000,4259000,CB4MH,57.4147,1e+06,0.39,78.21,379000 4259000,17.5,Unsuitable,black,YES,235.499609,2646.419089,38.5250019999999
379000,4259000,CB4MH,21.32546,1e+06,5.23,78.41,379000 4259000,6.5,Suitable,dodgerblue,YES,235.499609,2646.419089,38.5250019999999
379000,4259000,CB4MH,4.92126,1e+06,7.92,78.93,379000 4259000,1.5,Suitable,dodgerblue,YES,235.499609,2646.419089,38.5250019999999
379000,4259000,CB4MH,63.97638,1e+06,0.39,78.17,379000 4259000,19.5,Unsuitable,black,YES,235.499609,2646.419089,38.5250019999999
379000,4259000,CB4MH,70.53806,1e+06,0.41,78.19,379000 4259000,21.5,Unsuitable,black,YES,235.499609,2646.419089,38.5250019999999
379000,4299000,CB4MH,44.29134,1e+06,0.48,78.3,379000 4299000,13.5,Unsuitable,black,YES,235.499609,2671.273929,63.3798419999998
379000,4299000,CB4MH,8.2021,1e+06,8.06,77.03,379000 4299000,2.5,Suitable,dodgerblue,YES,235.499609,2671.273929,63.3798419999998
379000,4299000,CB4MH,14.76378,1e+06,7.9,77.1,379000 4299000,4.5,Suitable,dodgerblue,YES,235.499609,2671.273929,63.3798419999998
379000,4299000,CB4MH,11.48294,1e+06,7.99,77.02,379000 4299000,3.5,Suitable,dodgerblue,YES,235.499609,2671.273929,63.3798419999998
379000,4299000,CB4MH,47.57218,1e+06,0.35,78.3,379000 4299000,14.5,Unsuitable,black,YES,235.499609,2671.273929,63.3798419999998
379000,4299000,CB4MH,34.44882,1e+06,4.02,77.62,379000 4299000,10.5,Suitable,dodgerblue,YES,235.499609,2671.273929,63.3798419999998
379000,4299000,CB4MH,37.72966,1e+06,2.52,77.9,379000 4299000,11.5,Marginal,orange,YES,235.499609,2671.273929,63.3798419999998
379000,4299000,CB4MH,41.0105,1e+06,1.12,78.19,379000 4299000,12.5,Unsuitable,black,YES,235.499609,2671.273929,63.3798419999998
379000,4299000,CB4MH,73.8189,1e+06,0.12,78.3,379000 4299000,22.5,Unsuitable,black,YES,235.499609,2671.273929,63.3798419999998
379000,4299000,CB4MH,70.53806,1e+06,0.12,78.39,379000 4299000,21.5,Unsuitable,black,YES,235.499609,2671.273929,63.3798419999998
379000,4299000,CB4MH,1.64042,1e+06,8.1,77.51,379000 4299000,0.5,Suitable,dodgerblue,YES,235.499609,2671.273929,63.3798419999998
379000,4299000,CB4MH,60.69554,1e+06,0.12,78.39,379000 4299000,18.5,Unsuitable,black,YES,235.499609,2671.273929,63.3798419999998
379000,4299000,CB4MH,18.04462,1e+06,7.4,77.37,379000 4299000,5.5,Suitable,dodgerblue,YES,235.499609,2671.273929,63.3798419999998
379000,4299000,CB4MH,63.97638,1e+06,0.12,78.39,379000 4299000,19.5,Unsuitable,black,YES,235.499609,2671.273929,63.3798419999998
379000,4299000,CB4MH,67.25722,1e+06,0.12,78.39,379000 4299000,20.5,Unsuitable,black,YES,235.499609,2671.273929,63.3798419999998
379000,4299000,CB4MH,4.92126,1e+06,8.07,77.05,379000 4299000,1.5,Suitable,dodgerblue,YES,235.499609,2671.273929,63.3798419999998
379000,4299000,CB4MH,57.4147,1e+06,0.12,78.39,379000 4299000,17.5,Unsuitable,black,YES,235.499609,2671.273929,63.3798419999998
379000,4299000,CB4MH,31.16798,1e+06,5.05,77.51,379000 4299000,9.5,Suitable,dodgerblue,YES,235.499609,2671.273929,63.3798419999998
379000,4299000,CB4MH,50.85302,1e+06,0.21,78.3,379000 4299000,15.5,Unsuitable,black,YES,235.499609,2671.273929,63.3798419999998
379000,4299000,CB4MH,21.32546,1e+06,6.81,77.46,379000 4299000,6.5,Suitable,dodgerblue,YES,235.499609,2671.273929,63.3798419999998
379000,4299000,CB4MH,24.6063,1e+06,6.31,77.38,379000 4299000,7.5,Suitable,dodgerblue,YES,235.499609,2671.273929,63.3798419999998
379000,4299000,CB4MH,27.88714,1e+06,5.7,77.49,379000 4299000,8.5,Suitable,dodgerblue,YES,235.499609,2671.273929,63.3798419999998
379000,4299000,CB4MH,54.13386,1e+06,0.12,78.39,379000 4299000,16.5,Unsuitable,black,YES,235.499609,2671.273929,63.3798419999998
379000,4303000,CB4MH,21.32546,1e+06,6.56,77.49,379000 4303000,6.5,Suitable,dodgerblue,YES,235.499609,2673.759413,65.8653260000001
379000,4303000,CB4MH,11.48294,1e+06,7.58,77.26,379000 4303000,3.5,Suitable,dodgerblue,YES,235.499609,2673.759413,65.8653260000001
379000,4303000,CB4MH,24.6063,1e+06,5.54,77.62,379000 4303000,7.5,Suitable,dodgerblue,YES,235.499609,2673.759413,65.8653260000001
379000,4303000,CB4MH,60.69554,1e+06,0.23,78.36,379000 4303000,18.5,Unsuitable,black,YES,235.499609,2673.759413,65.8653260000001
379000,4303000,CB4MH,63.97638,1e+06,0.2,78.36,379000 4303000,19.5,Unsuitable,black,YES,235.499609,2673.759413,65.8653260000001
379000,4303000,CB4MH,14.76378,1e+06,7.42,77.32,379000 4303000,4.5,Suitable,dodgerblue,YES,235.499609,2673.759413,65.8653260000001
379000,4303000,CB4MH,37.72966,1e+06,2.36,78,379000 4303000,11.5,Marginal,orange,YES,235.499609,2673.759413,65.8653260000001
379000,4303000,CB4MH,47.57218,1e+06,0.43,78.29,379000 4303000,14.5,Unsuitable,black,YES,235.499609,2673.759413,65.8653260000001
379000,4303000,CB4MH,8.2021,1e+06,7.76,77.29,379000 4303000,2.5,Suitable,dodgerblue,YES,235.499609,2673.759413,65.8653260000001
379000,4303000,CB4MH,41.0105,1e+06,1.07,78.27,379000 4303000,12.5,Unsuitable,black,YES,235.499609,2673.759413,65.8653260000001
379000,4303000,CB4MH,1.64042,1e+06,7.82,77.95,379000 4303000,0.5,Suitable,dodgerblue,YES,235.499609,2673.759413,65.8653260000001
379000,4303000,CB4MH,73.8189,1e+06,0.17,78.3,379000 4303000,22.5,Unsuitable,black,YES,235.499609,2673.759413,65.8653260000001
379000,4303000,CB4MH,70.53806,1e+06,0.19,78.36,379000 4303000,21.5,Unsuitable,black,YES,235.499609,2673.759413,65.8653260000001
379000,4303000,CB4MH,77.09974,1e+06,0.1,78.3,379000 4303000,23.5,Unsuitable,black,YES,235.499609,2673.759413,65.8653260000001
379000,4303000,CB4MH,27.88714,1e+06,5.22,77.59,379000 4303000,8.5,Suitable,dodgerblue,YES,235.499609,2673.759413,65.8653260000001
379000,4303000,CB4MH,31.16798,1e+06,4.49,77.67,379000 4303000,9.5,Suitable,dodgerblue,YES,235.499609,2673.759413,65.8653260000001
379000,4303000,CB4MH,44.29134,1e+06,0.53,78.28,379000 4303000,13.5,Unsuitable,black,YES,235.499609,2673.759413,65.8653260000001
379000,4303000,CB4MH,50.85302,1e+06,0.33,78.29,379000 4303000,15.5,Unsuitable,black,YES,235.499609,2673.759413,65.8653260000001
379000,4303000,CB4MH,54.13386,1e+06,0.25,78.35,379000 4303000,16.5,Unsuitable,black,YES,235.499609,2673.759413,65.8653260000001
379000,4303000,CB4MH,57.4147,1e+06,0.25,78.35,379000 4303000,17.5,Unsuitable,black,YES,235.499609,2673.759413,65.8653260000001
379000,4303000,CB4MH,18.04462,1e+06,7.07,77.47,379000 4303000,5.5,Suitable,dodgerblue,YES,235.499609,2673.759413,65.8653260000001
379000,4303000,CB4MH,67.25722,1e+06,0.18,78.36,379000 4303000,20.5,Unsuitable,black,YES,235.499609,2673.759413,65.8653260000001
379000,4303000,CB4MH,34.44882,1e+06,3.6,77.81,379000 4303000,10.5,Tolerable,yellow,YES,235.499609,2673.759413,65.8653260000001
379000,4303000,CB4MH,4.92126,1e+06,7.61,77.52,379000 4303000,1.5,Suitable,dodgerblue,YES,235.499609,2673.759413,65.8653260000001
379000,4304000,CB4MH,37.72966,1e+06,2.32,78.05,379000 4304000,11.5,Marginal,orange,YES,235.499609,2674.380784,66.4866969999998
379000,4304000,CB4MH,57.4147,1e+06,0.29,78.34,379000 4304000,17.5,Unsuitable,black,YES,235.499609,2674.380784,66.4866969999998
379000,4304000,CB4MH,41.0105,1e+06,1.08,78.3,379000 4304000,12.5,Unsuitable,black,YES,235.499609,2674.380784,66.4866969999998
379000,4304000,CB4MH,14.76378,1e+06,6.7,77.38,379000 4304000,4.5,Suitable,dodgerblue,YES,235.499609,2674.380784,66.4866969999998
379000,4304000,CB4MH,18.04462,1e+06,6.42,77.51,379000 4304000,5.5,Suitable,dodgerblue,YES,235.499609,2674.380784,66.4866969999998
379000,4304000,CB4MH,24.6063,1e+06,5.23,77.75,379000 4304000,7.5,Suitable,dodgerblue,YES,235.499609,2674.380784,66.4866969999998
379000,4304000,CB4MH,1.64042,1e+06,7.76,78.1,379000 4304000,0.5,Suitable,dodgerblue,YES,235.499609,2674.380784,66.4866969999998
379000,4304000,CB4MH,70.53806,1e+06,0.2,78.36,379000 4304000,21.5,Unsuitable,black,YES,235.499609,2674.380784,66.4866969999998
379000,4304000,CB4MH,73.8189,1e+06,0.18,78.3,379000 4304000,22.5,Unsuitable,black,YES,235.499609,2674.380784,66.4866969999998
379000,4304000,CB4MH,31.16798,1e+06,4.36,77.74,379000 4304000,9.5,Suitable,dodgerblue,YES,235.499609,2674.380784,66.4866969999998
379000,4304000,CB4MH,63.97638,1e+06,0.21,78.35,379000 4304000,19.5,Unsuitable,black,YES,235.499609,2674.380784,66.4866969999998
379000,4304000,CB4MH,80.38058,1e+06,0.1,78.3,379000 4304000,24.5,Unsuitable,black,YES,235.499609,2674.380784,66.4866969999998
379000,4304000,CB4MH,67.25722,1e+06,0.19,78.36,379000 4304000,20.5,Unsuitable,black,YES,235.499609,2674.380784,66.4866969999998
379000,4304000,CB4MH,21.32546,1e+06,6.07,77.54,379000 4304000,6.5,Suitable,dodgerblue,YES,235.499609,2674.380784,66.4866969999998
379000,4304000,CB4MH,50.85302,1e+06,0.37,78.29,379000 4304000,15.5,Unsuitable,black,YES,235.499609,2674.380784,66.4866969999998
379000,4304000,CB4MH,8.2021,1e+06,7.21,77.44,379000 4304000,2.5,Suitable,dodgerblue,YES,235.499609,2674.380784,66.4866969999998
379000,4304000,CB4MH,34.44882,1e+06,3.51,77.87,379000 4304000,10.5,Tolerable,yellow,YES,235.499609,2674.380784,66.4866969999998
379000,4304000,CB4MH,11.48294,1e+06,6.87,77.34,379000 4304000,3.5,Suitable,dodgerblue,YES,235.499609,2674.380784,66.4866969999998
379000,4304000,CB4MH,47.57218,1e+06,0.48,78.28,379000 4304000,14.5,Unsuitable,black,YES,235.499609,2674.380784,66.4866969999998
379000,4304000,CB4MH,60.69554,1e+06,0.26,78.35,379000 4304000,18.5,Unsuitable,black,YES,235.499609,2674.380784,66.4866969999998
379000,4304000,CB4MH,4.92126,1e+06,7.51,77.66,379000 4304000,1.5,Suitable,dodgerblue,YES,235.499609,2674.380784,66.4866969999998
379000,4304000,CB4MH,27.88714,1e+06,5.08,77.65,379000 4304000,8.5,Suitable,dodgerblue,YES,235.499609,2674.380784,66.4866969999998
379000,4304000,CB4MH,77.09974,1e+06,0.1,78.3,379000 4304000,23.5,Unsuitable,black,YES,235.499609,2674.380784,66.4866969999998
379000,4304000,CB4MH,44.29134,1e+06,0.57,78.28,379000 4304000,13.5,Unsuitable,black,YES,235.499609,2674.380784,66.4866969999998
379000,4304000,CB4MH,54.13386,1e+06,0.29,78.34,379000 4304000,16.5,Unsuitable,black,YES,235.499609,2674.380784,66.4866969999998
379000,4305000,CB4MH,1.64042,1e+06,7.82,78.2,379000 4305000,0.5,Suitable,dodgerblue,YES,235.499609,2675.002155,67.108068
379000,4305000,CB4MH,80.38058,1e+06,0.1,78.3,379000 4305000,24.5,Unsuitable,black,YES,235.499609,2675.002155,67.108068
379000,4305000,CB4MH,67.25722,1e+06,0.2,78.36,379000 4305000,20.5,Unsuitable,black,YES,235.499609,2675.002155,67.108068
379000,4305000,CB4MH,70.53806,1e+06,0.21,78.36,379000 4305000,21.5,Unsuitable,black,YES,235.499609,2675.002155,67.108068
379000,4305000,CB4MH,77.09974,1e+06,0.1,78.3,379000 4305000,23.5,Unsuitable,black,YES,235.499609,2675.002155,67.108068
379000,4305000,CB4MH,21.32546,1e+06,5.83,77.62,379000 4305000,6.5,Suitable,dodgerblue,YES,235.499609,2675.002155,67.108068
379000,4305000,CB4MH,57.4147,1e+06,0.34,78.34,379000 4305000,17.5,Unsuitable,black,YES,235.499609,2675.002155,67.108068
379000,4305000,CB4MH,24.6063,1e+06,5.41,77.67,379000 4305000,7.5,Suitable,dodgerblue,YES,235.499609,2675.002155,67.108068
379000,4305000,CB4MH,73.8189,1e+06,0.18,78.3,379000 4305000,22.5,Unsuitable,black,YES,235.499609,2675.002155,67.108068
379000,4305000,CB4MH,27.88714,1e+06,4.95,77.71,379000 4305000,8.5,Suitable,dodgerblue,YES,235.499609,2675.002155,67.108068
379000,4305000,CB4MH,4.92126,1e+06,7.51,77.84,379000 4305000,1.5,Suitable,dodgerblue,YES,235.499609,2675.002155,67.108068
379000,4305000,CB4MH,34.44882,1e+06,3.44,77.93,379000 4305000,10.5,Tolerable,yellow,YES,235.499609,2675.002155,67.108068
379000,4305000,CB4MH,8.2021,1e+06,7.02,77.59,379000 4305000,2.5,Suitable,dodgerblue,YES,235.499609,2675.002155,67.108068
379000,4305000,CB4MH,37.72966,1e+06,2.3,78.09,379000 4305000,11.5,Marginal,orange,YES,235.499609,2675.002155,67.108068
379000,4305000,CB4MH,18.04462,1e+06,6.17,77.6,379000 4305000,5.5,Suitable,dodgerblue,YES,235.499609,2675.002155,67.108068
379000,4305000,CB4MH,44.29134,1e+06,0.64,78.27,379000 4305000,13.5,Unsuitable,black,YES,235.499609,2675.002155,67.108068
379000,4305000,CB4MH,11.48294,1e+06,6.61,77.45,379000 4305000,3.5,Suitable,dodgerblue,YES,235.499609,2675.002155,67.108068
379000,4305000,CB4MH,31.16798,1e+06,4.24,77.8,379000 4305000,9.5,Suitable,dodgerblue,YES,235.499609,2675.002155,67.108068
379000,4305000,CB4MH,63.97638,1e+06,0.23,78.35,379000 4305000,19.5,Unsuitable,black,YES,235.499609,2675.002155,67.108068
379000,4305000,CB4MH,47.57218,1e+06,0.55,78.27,379000 4305000,14.5,Unsuitable,black,YES,235.499609,2675.002155,67.108068
379000,4305000,CB4MH,41.0105,1e+06,1.11,78.33,379000 4305000,12.5,Unsuitable,black,YES,235.499609,2675.002155,67.108068
379000,4305000,CB4MH,54.13386,1e+06,0.35,78.34,379000 4305000,16.5,Unsuitable,black,YES,235.499609,2675.002155,67.108068
379000,4305000,CB4MH,14.76378,1e+06,6.43,77.49,379000 4305000,4.5,Suitable,dodgerblue,YES,235.499609,2675.002155,67.108068
379000,4305000,CB4MH,60.69554,1e+06,0.3,78.35,379000 4305000,18.5,Unsuitable,black,YES,235.499609,2675.002155,67.108068
379000,4305000,CB4MH,50.85302,1e+06,0.44,78.29,379000 4305000,15.5,Unsuitable,black,YES,235.499609,2675.002155,67.108068
379000,4306000,CB4MH,31.16798,1e+06,4.16,77.85,379000 4306000,9.5,Suitable,dodgerblue,YES,235.499609,2675.623526,67.7294389999997
379000,4306000,CB4MH,11.48294,1e+06,6.33,77.58,379000 4306000,3.5,Suitable,dodgerblue,YES,235.499609,2675.623526,67.7294389999997
379000,4306000,CB4MH,60.69554,1e+06,0.35,78.35,379000 4306000,18.5,Unsuitable,black,YES,235.499609,2675.623526,67.7294389999997
379000,4306000,CB4MH,21.32546,1e+06,5.58,77.72,379000 4306000,6.5,Suitable,dodgerblue,YES,235.499609,2675.623526,67.7294389999997
379000,4306000,CB4MH,24.6063,1e+06,5.18,77.77,379000 4306000,7.5,Suitable,dodgerblue,YES,235.499609,2675.623526,67.7294389999997
379000,4306000,CB4MH,18.04462,1e+06,5.89,77.7,379000 4306000,5.5,Suitable,dodgerblue,YES,235.499609,2675.623526,67.7294389999997
379000,4306000,CB4MH,57.4147,1e+06,0.41,78.33,379000 4306000,17.5,Unsuitable,black,YES,235.499609,2675.623526,67.7294389999997
379000,4306000,CB4MH,1.64042,1e+06,7.77,78.39,379000 4306000,0.5,Suitable,dodgerblue,YES,235.499609,2675.623526,67.7294389999997
379000,4306000,CB4MH,8.2021,1e+06,6.81,77.74,379000 4306000,2.5,Suitable,dodgerblue,YES,235.499609,2675.623526,67.7294389999997
379000,4306000,CB4MH,27.88714,1e+06,4.84,77.76,379000 4306000,8.5,Suitable,dodgerblue,YES,235.499609,2675.623526,67.7294389999997
379000,4306000,CB4MH,44.29134,1e+06,0.74,78.26,379000 4306000,13.5,Unsuitable,black,YES,235.499609,2675.623526,67.7294389999997
379000,4306000,CB4MH,54.13386,1e+06,0.42,78.33,379000 4306000,16.5,Unsuitable,black,YES,235.499609,2675.623526,67.7294389999997
379000,4306000,CB4MH,63.97638,1e+06,0.25,78.35,379000 4306000,19.5,Unsuitable,black,YES,235.499609,2675.623526,67.7294389999997
379000,4306000,CB4MH,37.72966,1e+06,2.3,78.13,379000 4306000,11.5,Marginal,orange,YES,235.499609,2675.623526,67.7294389999997
379000,4306000,CB4MH,34.44882,1e+06,3.38,77.98,379000 4306000,10.5,Tolerable,yellow,YES,235.499609,2675.623526,67.7294389999997
379000,4306000,CB4MH,41.0105,1e+06,1.16,78.35,379000 4306000,12.5,Unsuitable,black,YES,235.499609,2675.623526,67.7294389999997
379000,4306000,CB4MH,4.92126,1e+06,7.4,78.03,379000 4306000,1.5,Suitable,dodgerblue,YES,235.499609,2675.623526,67.7294389999997
379000,4306000,CB4MH,14.76378,1e+06,6.14,77.6,379000 4306000,4.5,Suitable,dodgerblue,YES,235.499609,2675.623526,67.7294389999997
379000,4306000,CB4MH,73.8189,1e+06,0.19,78.3,379000 4306000,22.5,Unsuitable,black,YES,235.499609,2675.623526,67.7294389999997
379000,4306000,CB4MH,50.85302,1e+06,0.52,78.28,379000 4306000,15.5,Unsuitable,black,YES,235.499609,2675.623526,67.7294389999997
379000,4306000,CB4MH,70.53806,1e+06,0.22,78.37,379000 4306000,21.5,Unsuitable,black,YES,235.499609,2675.623526,67.7294389999997
379000,4306000,CB4MH,67.25722,1e+06,0.21,78.37,379000 4306000,20.5,Unsuitable,black,YES,235.499609,2675.623526,67.7294389999997
379000,4306000,CB4MH,47.57218,1e+06,0.64,78.26,379000 4306000,14.5,Unsuitable,black,YES,235.499609,2675.623526,67.7294389999997
379000,4309000,CB4MH,34.44882,1e+06,3.43,78.08,379000 4309000,10.5,Tolerable,yellow,YES,235.499609,2677.487639,69.5935519999998
379000,4309000,CB4MH,24.6063,1e+06,4.7,77.99,379000 4309000,7.5,Suitable,dodgerblue,YES,235.499609,2677.487639,69.5935519999998
379000,4309000,CB4MH,47.57218,1e+06,1.02,78.21,379000 4309000,14.5,Unsuitable,black,YES,235.499609,2677.487639,69.5935519999998
379000,4309000,CB4MH,18.04462,1e+06,5.07,77.96,379000 4309000,5.5,Suitable,dodgerblue,YES,235.499609,2677.487639,69.5935519999998
379000,4309000,CB4MH,50.85302,1e+06,0.86,78.25,379000 4309000,15.5,Unsuitable,black,YES,235.499609,2677.487639,69.5935519999998
379000,4309000,CB4MH,60.69554,1e+06,0.56,78.33,379000 4309000,18.5,Unsuitable,black,YES,235.499609,2677.487639,69.5935519999998
379000,4309000,CB4MH,57.4147,1e+06,0.69,78.28,379000 4309000,17.5,Unsuitable,black,YES,235.499609,2677.487639,69.5935519999998
379000,4309000,CB4MH,44.29134,1e+06,1.13,78.21,379000 4309000,13.5,Unsuitable,black,YES,235.499609,2677.487639,69.5935519999998
379000,4309000,CB4MH,54.13386,1e+06,0.71,78.28,379000 4309000,16.5,Unsuitable,black,YES,235.499609,2677.487639,69.5935519999998
379000,4309000,CB4MH,14.76378,1e+06,5.68,77.97,379000 4309000,4.5,Suitable,dodgerblue,YES,235.499609,2677.487639,69.5935519999998
379000,4309000,CB4MH,21.32546,1e+06,5.36,77.97,379000 4309000,6.5,Suitable,dodgerblue,YES,235.499609,2677.487639,69.5935519999998
379000,4309000,CB4MH,31.16798,1e+06,4.12,77.95,379000 4309000,9.5,Suitable,dodgerblue,YES,235.499609,2677.487639,69.5935519999998
379000,4309000,CB4MH,27.88714,1e+06,4.75,77.86,379000 4309000,8.5,Suitable,dodgerblue,YES,235.499609,2677.487639,69.5935519999998
379000,4309000,CB4MH,1.64042,1e+06,9.94,79.4,379000 4309000,0.5,Suitable,dodgerblue,YES,235.499609,2677.487639,69.5935519999998
379000,4309000,CB4MH,37.72966,1e+06,2.46,78.17,379000 4309000,11.5,Marginal,orange,YES,235.499609,2677.487639,69.5935519999998
379000,4309000,CB4MH,63.97638,1e+06,0.33,78.33,379000 4309000,19.5,Unsuitable,black,YES,235.499609,2677.487639,69.5935519999998
379000,4309000,CB4MH,11.48294,1e+06,6.49,78.09,379000 4309000,3.5,Suitable,dodgerblue,YES,235.499609,2677.487639,69.5935519999998
379000,4309000,CB4MH,4.92126,1e+06,9.31,79.18,379000 4309000,1.5,Suitable,dodgerblue,YES,235.499609,2677.487639,69.5935519999998
379000,4309000,CB4MH,8.2021,1e+06,7.83,78.58,379000 4309000,2.5,Suitable,dodgerblue,YES,235.499609,2677.487639,69.5935519999998
379000,4309000,CB4MH,41.0105,1e+06,1.42,78.35,379000 4309000,12.5,Unsuitable,black,YES,235.499609,2677.487639,69.5935519999998
380000,4257000,CB4MH,27.88714,1e+06,4.28,78.19,380000 4257000,8.5,Suitable,dodgerblue,YES,236.12098,2645.176347,37.28226
380000,4257000,CB4MH,31.16798,1e+06,2.76,78.3,380000 4257000,9.5,Marginal,orange,YES,236.12098,2645.176347,37.28226
380000,4257000,CB4MH,18.04462,1e+06,6.69,78.3,380000 4257000,5.5,Suitable,dodgerblue,YES,236.12098,2645.176347,37.28226
380000,4257000,CB4MH,34.44882,1e+06,1.79,78.1,380000 4257000,10.5,Unsuitable,black,YES,236.12098,2645.176347,37.28226
380000,4257000,CB4MH,44.29134,1e+06,0.79,78.21,380000 4257000,13.5,Unsuitable,black,YES,236.12098,2645.176347,37.28226
380000,4257000,CB4MH,21.32546,1e+06,6.06,78.24,380000 4257000,6.5,Suitable,dodgerblue,YES,236.12098,2645.176347,37.28226
380000,4257000,CB4MH,11.48294,1e+06,7.94,78.57,380000 4257000,3.5,Suitable,dodgerblue,YES,236.12098,2645.176347,37.28226
380000,4257000,CB4MH,90.2231,1e+06,0.52,78.12,380000 4257000,27.5,Unsuitable,black,YES,236.12098,2645.176347,37.28226
380000,4257000,CB4MH,93.50394,1e+06,0.7,78.3,380000 4257000,28.5,Unsuitable,black,YES,236.12098,2645.176347,37.28226
380000,4257000,CB4MH,70.53806,1e+06,0.46,78.2,380000 4257000,21.5,Unsuitable,black,YES,236.12098,2645.176347,37.28226
380000,4257000,CB4MH,50.85302,1e+06,0.54,78.28,380000 4257000,15.5,Unsuitable,black,YES,236.12098,2645.176347,37.28226
380000,4257000,CB4MH,14.76378,1e+06,7.29,78.34,380000 4257000,4.5,Suitable,dodgerblue,YES,236.12098,2645.176347,37.28226
380000,4257000,CB4MH,77.09974,1e+06,0.47,78.12,380000 4257000,23.5,Unsuitable,black,YES,236.12098,2645.176347,37.28226
380000,4257000,CB4MH,41.0105,1e+06,0.92,78.14,380000 4257000,12.5,Unsuitable,black,YES,236.12098,2645.176347,37.28226
380000,4257000,CB4MH,47.57218,1e+06,0.64,78.28,380000 4257000,14.5,Unsuitable,black,YES,236.12098,2645.176347,37.28226
380000,4257000,CB4MH,63.97638,1e+06,0.45,78.14,380000 4257000,19.5,Unsuitable,black,YES,236.12098,2645.176347,37.28226
380000,4257000,CB4MH,54.13386,1e+06,0.48,78.28,380000 4257000,16.5,Unsuitable,black,YES,236.12098,2645.176347,37.28226
380000,4257000,CB4MH,37.72966,1e+06,1.17,78.13,380000 4257000,11.5,Unsuitable,black,YES,236.12098,2645.176347,37.28226
380000,4257000,CB4MH,73.8189,1e+06,0.47,78.12,380000 4257000,22.5,Unsuitable,black,YES,236.12098,2645.176347,37.28226
380000,4257000,CB4MH,8.2021,1e+06,8.35,78.78,380000 4257000,2.5,Suitable,dodgerblue,YES,236.12098,2645.176347,37.28226
380000,4257000,CB4MH,67.25722,1e+06,0.47,78.2,380000 4257000,20.5,Unsuitable,black,YES,236.12098,2645.176347,37.28226
380000,4257000,CB4MH,80.38058,1e+06,0.47,78.12,380000 4257000,24.5,Unsuitable,black,YES,236.12098,2645.176347,37.28226
380000,4257000,CB4MH,57.4147,1e+06,0.45,78.21,380000 4257000,17.5,Unsuitable,black,YES,236.12098,2645.176347,37.28226
380000,4257000,CB4MH,1.64042,1e+06,8.43,79.22,380000 4257000,0.5,Suitable,dodgerblue,YES,236.12098,2645.176347,37.28226
380000,4257000,CB4MH,24.6063,1e+06,5.43,78.14,380000 4257000,7.5,Suitable,dodgerblue,YES,236.12098,2645.176347,37.28226
380000,4257000,CB4MH,4.92126,1e+06,8.4,79.05,380000 4257000,1.5,Suitable,dodgerblue,YES,236.12098,2645.176347,37.28226
380000,4257000,CB4MH,86.94226,1e+06,0.45,78.12,380000 4257000,26.5,Unsuitable,black,YES,236.12098,2645.176347,37.28226
380000,4257000,CB4MH,60.69554,1e+06,0.45,78.14,380000 4257000,18.5,Unsuitable,black,YES,236.12098,2645.176347,37.28226
380000,4257000,CB4MH,83.66142,1e+06,0.5,78.12,380000 4257000,25.5,Unsuitable,black,YES,236.12098,2645.176347,37.28226
380000,4258000,CB4MH,24.6063,1e+06,4.87,78.28,380000 4258000,7.5,Suitable,dodgerblue,YES,236.12098,2645.797718,37.9036310000001
380000,4258000,CB4MH,8.2021,1e+06,8.08,78.82,380000 4258000,2.5,Suitable,dodgerblue,YES,236.12098,2645.797718,37.9036310000001
380000,4258000,CB4MH,70.53806,1e+06,0.44,78.2,380000 4258000,21.5,Unsuitable,black,YES,236.12098,2645.797718,37.9036310000001
380000,4258000,CB4MH,67.25722,1e+06,0.45,78.2,380000 4258000,20.5,Unsuitable,black,YES,236.12098,2645.797718,37.9036310000001
380000,4258000,CB4MH,34.44882,1e+06,1.68,78.1,380000 4258000,10.5,Unsuitable,black,YES,236.12098,2645.797718,37.9036310000001
380000,4258000,CB4MH,44.29134,1e+06,0.72,78.21,380000 4258000,13.5,Unsuitable,black,YES,236.12098,2645.797718,37.9036310000001
380000,4258000,CB4MH,73.8189,1e+06,0.45,78.13,380000 4258000,22.5,Unsuitable,black,YES,236.12098,2645.797718,37.9036310000001
380000,4258000,CB4MH,21.32546,1e+06,5.63,78.36,380000 4258000,6.5,Suitable,dodgerblue,YES,236.12098,2645.797718,37.9036310000001
380000,4258000,CB4MH,4.92126,1e+06,8.17,79.06,380000 4258000,1.5,Suitable,dodgerblue,YES,236.12098,2645.797718,37.9036310000001
380000,4258000,CB4MH,41.0105,1e+06,0.84,78.15,380000 4258000,12.5,Unsuitable,black,YES,236.12098,2645.797718,37.9036310000001
380000,4258000,CB4MH,63.97638,1e+06,0.43,78.15,380000 4258000,19.5,Unsuitable,black,YES,236.12098,2645.797718,37.9036310000001
380000,4258000,CB4MH,14.76378,1e+06,7.05,78.43,380000 4258000,4.5,Suitable,dodgerblue,YES,236.12098,2645.797718,37.9036310000001
380000,4258000,CB4MH,37.72966,1e+06,1.09,78.14,380000 4258000,11.5,Unsuitable,black,YES,236.12098,2645.797718,37.9036310000001
380000,4258000,CB4MH,27.88714,1e+06,3.78,78.31,380000 4258000,8.5,Tolerable,yellow,YES,236.12098,2645.797718,37.9036310000001
380000,4258000,CB4MH,57.4147,1e+06,0.43,78.21,380000 4258000,17.5,Unsuitable,black,YES,236.12098,2645.797718,37.9036310000001
380000,4258000,CB4MH,18.04462,1e+06,6.4,78.41,380000 4258000,5.5,Suitable,dodgerblue,YES,236.12098,2645.797718,37.9036310000001
380000,4258000,CB4MH,50.85302,1e+06,0.5,78.27,380000 4258000,15.5,Unsuitable,black,YES,236.12098,2645.797718,37.9036310000001
380000,4258000,CB4MH,54.13386,1e+06,0.45,78.27,380000 4258000,16.5,Unsuitable,black,YES,236.12098,2645.797718,37.9036310000001
380000,4258000,CB4MH,1.64042,1e+06,8.23,79.22,380000 4258000,0.5,Suitable,dodgerblue,YES,236.12098,2645.797718,37.9036310000001
380000,4258000,CB4MH,11.48294,1e+06,7.67,78.64,380000 4258000,3.5,Suitable,dodgerblue,YES,236.12098,2645.797718,37.9036310000001
380000,4258000,CB4MH,31.16798,1e+06,2.46,78.39,380000 4258000,9.5,Marginal,orange,YES,236.12098,2645.797718,37.9036310000001
380000,4258000,CB4MH,60.69554,1e+06,0.43,78.15,380000 4258000,18.5,Unsuitable,black,YES,236.12098,2645.797718,37.9036310000001
380000,4258000,CB4MH,47.57218,1e+06,0.59,78.27,380000 4258000,14.5,Unsuitable,black,YES,236.12098,2645.797718,37.9036310000001
380000,4307000,CB4MH,31.16798,1e+06,4,77.95,380000 4307000,9.5,Suitable,dodgerblue,YES,236.12098,2676.244897,68.3508099999999
380000,4307000,CB4MH,80.38058,1e+06,0.1,78.3,380000 4307000,24.5,Unsuitable,black,YES,236.12098,2676.244897,68.3508099999999
380000,4307000,CB4MH,54.13386,1e+06,0.52,78.31,380000 4307000,16.5,Unsuitable,black,YES,236.12098,2676.244897,68.3508099999999
380000,4307000,CB4MH,27.88714,1e+06,4.65,77.85,380000 4307000,8.5,Suitable,dodgerblue,YES,236.12098,2676.244897,68.3508099999999
380000,4307000,CB4MH,77.09974,1e+06,0.1,78.3,380000 4307000,23.5,Unsuitable,black,YES,236.12098,2676.244897,68.3508099999999
380000,4307000,CB4MH,37.72966,1e+06,2.28,78.2,380000 4307000,11.5,Marginal,orange,YES,236.12098,2676.244897,68.3508099999999
380000,4307000,CB4MH,63.97638,1e+06,0.28,78.34,380000 4307000,19.5,Unsuitable,black,YES,236.12098,2676.244897,68.3508099999999
380000,4307000,CB4MH,24.6063,1e+06,5.35,77.77,380000 4307000,7.5,Suitable,dodgerblue,YES,236.12098,2676.244897,68.3508099999999
380000,4307000,CB4MH,57.4147,1e+06,0.51,78.31,380000 4307000,17.5,Unsuitable,black,YES,236.12098,2676.244897,68.3508099999999
380000,4307000,CB4MH,14.76378,1e+06,7.57,77.2,380000 4307000,4.5,Suitable,dodgerblue,YES,236.12098,2676.244897,68.3508099999999
380000,4307000,CB4MH,11.48294,1e+06,8.05,77.28,380000 4307000,3.5,Suitable,dodgerblue,YES,236.12098,2676.244897,68.3508099999999
380000,4307000,CB4MH,67.25722,1e+06,0.22,78.37,380000 4307000,20.5,Unsuitable,black,YES,236.12098,2676.244897,68.3508099999999
380000,4307000,CB4MH,34.44882,1e+06,3.28,78.07,380000 4307000,10.5,Tolerable,yellow,YES,236.12098,2676.244897,68.3508099999999
380000,4307000,CB4MH,60.69554,1e+06,0.42,78.34,380000 4307000,18.5,Unsuitable,black,YES,236.12098,2676.244897,68.3508099999999
380000,4307000,CB4MH,21.32546,1e+06,6.7,77.38,380000 4307000,6.5,Suitable,dodgerblue,YES,236.12098,2676.244897,68.3508099999999
380000,4307000,CB4MH,47.57218,1e+06,0.76,78.24,380000 4307000,14.5,Unsuitable,black,YES,236.12098,2676.244897,68.3508099999999
380000,4307000,CB4MH,18.04462,1e+06,7.05,77.3,380000 4307000,5.5,Suitable,dodgerblue,YES,236.12098,2676.244897,68.3508099999999
380000,4307000,CB4MH,50.85302,1e+06,0.63,78.27,380000 4307000,15.5,Unsuitable,black,YES,236.12098,2676.244897,68.3508099999999
380000,4307000,CB4MH,1.64042,1e+06,8.97,78.05,380000 4307000,0.5,Suitable,dodgerblue,YES,236.12098,2676.244897,68.3508099999999
380000,4307000,CB4MH,44.29134,1e+06,0.86,78.24,380000 4307000,13.5,Unsuitable,black,YES,236.12098,2676.244897,68.3508099999999
380000,4307000,CB4MH,4.92126,1e+06,8.81,77.8,380000 4307000,1.5,Suitable,dodgerblue,YES,236.12098,2676.244897,68.3508099999999
380000,4307000,CB4MH,41.0105,1e+06,1.21,78.39,380000 4307000,12.5,Unsuitable,black,YES,236.12098,2676.244897,68.3508099999999
380000,4307000,CB4MH,73.8189,1e+06,0.19,78.3,380000 4307000,22.5,Unsuitable,black,YES,236.12098,2676.244897,68.3508099999999
380000,4307000,CB4MH,8.2021,1e+06,8.5,77.57,380000 4307000,2.5,Suitable,dodgerblue,YES,236.12098,2676.244897,68.3508099999999
380000,4307000,CB4MH,70.53806,1e+06,0.24,78.37,380000 4307000,21.5,Unsuitable,black,YES,236.12098,2676.244897,68.3508099999999
380000,4308000,CB4MH,70.53806,1e+06,0.25,78.37,380000 4308000,21.5,Unsuitable,black,YES,236.12098,2676.866268,68.9721810000001
380000,4308000,CB4MH,4.92126,1e+06,9.85,78.09,380000 4308000,1.5,Suitable,dodgerblue,YES,236.12098,2676.866268,68.9721810000001
380000,4308000,CB4MH,77.09974,1e+06,0.1,78.3,380000 4308000,23.5,Unsuitable,black,YES,236.12098,2676.866268,68.9721810000001
380000,4308000,CB4MH,37.72966,1e+06,2.34,78.21,380000 4308000,11.5,Marginal,orange,YES,236.12098,2676.866268,68.9721810000001
380000,4308000,CB4MH,11.48294,1e+06,7.98,77.4,380000 4308000,3.5,Suitable,dodgerblue,YES,236.12098,2676.866268,68.9721810000001
380000,4308000,CB4MH,14.76378,1e+06,7.25,77.37,380000 4308000,4.5,Suitable,dodgerblue,YES,236.12098,2676.866268,68.9721810000001
380000,4308000,CB4MH,50.85302,1e+06,0.75,78.26,380000 4308000,15.5,Unsuitable,black,YES,236.12098,2676.866268,68.9721810000001
380000,4308000,CB4MH,44.29134,1e+06,1,78.23,380000 4308000,13.5,Unsuitable,black,YES,236.12098,2676.866268,68.9721810000001
380000,4308000,CB4MH,60.69554,1e+06,0.49,78.33,380000 4308000,18.5,Unsuitable,black,YES,236.12098,2676.866268,68.9721810000001
380000,4308000,CB4MH,67.25722,1e+06,0.23,78.37,380000 4308000,20.5,Unsuitable,black,YES,236.12098,2676.866268,68.9721810000001
380000,4308000,CB4MH,73.8189,1e+06,0.19,78.3,380000 4308000,22.5,Unsuitable,black,YES,236.12098,2676.866268,68.9721810000001
380000,4308000,CB4MH,63.97638,1e+06,0.31,78.33,380000 4308000,19.5,Unsuitable,black,YES,236.12098,2676.866268,68.9721810000001
380000,4308000,CB4MH,24.6063,1e+06,4.99,77.87,380000 4308000,7.5,Suitable,dodgerblue,YES,236.12098,2676.866268,68.9721810000001
380000,4308000,CB4MH,57.4147,1e+06,0.6,78.3,380000 4308000,17.5,Unsuitable,black,YES,236.12098,2676.866268,68.9721810000001
380000,4308000,CB4MH,18.04462,1e+06,6.54,77.47,380000 4308000,5.5,Suitable,dodgerblue,YES,236.12098,2676.866268,68.9721810000001
380000,4308000,CB4MH,41.0105,1e+06,1.3,78.39,380000 4308000,12.5,Unsuitable,black,YES,236.12098,2676.866268,68.9721810000001
380000,4308000,CB4MH,47.57218,1e+06,0.9,78.23,380000 4308000,14.5,Unsuitable,black,YES,236.12098,2676.866268,68.9721810000001
380000,4308000,CB4MH,1.64042,1e+06,10.15,78.39,380000 4308000,0.5,Suitable,dodgerblue,YES,236.12098,2676.866268,68.9721810000001
380000,4308000,CB4MH,8.2021,1e+06,8.94,77.71,380000 4308000,2.5,Suitable,dodgerblue,YES,236.12098,2676.866268,68.9721810000001
380000,4308000,CB4MH,54.13386,1e+06,0.62,78.3,380000 4308000,16.5,Unsuitable,black,YES,236.12098,2676.866268,68.9721810000001
380000,4308000,CB4MH,34.44882,1e+06,3.31,78.1,380000 4308000,10.5,Tolerable,yellow,YES,236.12098,2676.866268,68.9721810000001
380000,4308000,CB4MH,31.16798,1e+06,4,77.98,380000 4308000,9.5,Suitable,dodgerblue,YES,236.12098,2676.866268,68.9721810000001
380000,4308000,CB4MH,27.88714,1e+06,4.63,77.88,380000 4308000,8.5,Suitable,dodgerblue,YES,236.12098,2676.866268,68.9721810000001
380000,4308000,CB4MH,21.32546,1e+06,6.69,77.4,380000 4308000,6.5,Suitable,dodgerblue,YES,236.12098,2676.866268,68.9721810000001
380000,4310000,CB4MH,57.4147,1e+06,0.83,78.27,380000 4310000,17.5,Unsuitable,black,YES,236.12098,2678.10901,70.214923
380000,4310000,CB4MH,70.53806,1e+06,0.28,78.38,380000 4310000,21.5,Unsuitable,black,YES,236.12098,2678.10901,70.214923
380000,4310000,CB4MH,41.0105,1e+06,1.55,78.33,380000 4310000,12.5,Unsuitable,black,YES,236.12098,2678.10901,70.214923
380000,4310000,CB4MH,67.25722,1e+06,0.25,78.38,380000 4310000,20.5,Unsuitable,black,YES,236.12098,2678.10901,70.214923
380000,4310000,CB4MH,31.16798,1e+06,4.14,77.99,380000 4310000,9.5,Suitable,dodgerblue,YES,236.12098,2678.10901,70.214923
380000,4310000,CB4MH,34.44882,1e+06,3.49,78.1,380000 4310000,10.5,Tolerable,yellow,YES,236.12098,2678.10901,70.214923
380000,4310000,CB4MH,37.72966,1e+06,2.56,78.18,380000 4310000,11.5,Marginal,orange,YES,236.12098,2678.10901,70.214923
380000,4310000,CB4MH,50.85302,1e+06,1.02,78.24,380000 4310000,15.5,Unsuitable,black,YES,236.12098,2678.10901,70.214923
380000,4310000,CB4MH,54.13386,1e+06,0.86,78.27,380000 4310000,16.5,Unsuitable,black,YES,236.12098,2678.10901,70.214923
380000,4310000,CB4MH,63.97638,1e+06,0.37,78.32,380000 4310000,19.5,Unsuitable,black,YES,236.12098,2678.10901,70.214923
380000,4310000,CB4MH,47.57218,1e+06,1.2,78.19,380000 4310000,14.5,Unsuitable,black,YES,236.12098,2678.10901,70.214923
380000,4310000,CB4MH,60.69554,1e+06,0.66,78.32,380000 4310000,18.5,Unsuitable,black,YES,236.12098,2678.10901,70.214923
380000,4310000,CB4MH,8.2021,1e+06,8.27,78.39,380000 4310000,2.5,Suitable,dodgerblue,YES,236.12098,2678.10901,70.214923
380000,4310000,CB4MH,4.92126,1e+06,9.67,78.97,380000 4310000,1.5,Suitable,dodgerblue,YES,236.12098,2678.10901,70.214923
380000,4310000,CB4MH,11.48294,1e+06,6.94,77.92,380000 4310000,3.5,Suitable,dodgerblue,YES,236.12098,2678.10901,70.214923
380000,4310000,CB4MH,1.64042,1e+06,10.23,79.2,380000 4310000,0.5,Suitable,dodgerblue,YES,236.12098,2678.10901,70.214923
380000,4310000,CB4MH,44.29134,1e+06,1.32,78.19,380000 4310000,13.5,Unsuitable,black,YES,236.12098,2678.10901,70.214923
380000,4310000,CB4MH,18.04462,1e+06,5.41,77.82,380000 4310000,5.5,Suitable,dodgerblue,YES,236.12098,2678.10901,70.214923
380000,4310000,CB4MH,14.76378,1e+06,6.08,77.81,380000 4310000,4.5,Suitable,dodgerblue,YES,236.12098,2678.10901,70.214923
380000,4310000,CB4MH,21.32546,1e+06,5.66,77.86,380000 4310000,6.5,Suitable,dodgerblue,YES,236.12098,2678.10901,70.214923
380000,4310000,CB4MH,27.88714,1e+06,4.75,77.89,380000 4310000,8.5,Suitable,dodgerblue,YES,236.12098,2678.10901,70.214923
380000,4310000,CB4MH,24.6063,1e+06,4.89,77.94,380000 4310000,7.5,Suitable,dodgerblue,YES,236.12098,2678.10901,70.214923
380000,4311000,CB4MH,47.57218,1e+06,1.35,78.17,380000 4311000,14.5,Unsuitable,black,YES,236.12098,2678.730381,70.8362939999997
380000,4311000,CB4MH,67.25722,1e+06,0.27,78.38,380000 4311000,20.5,Unsuitable,black,YES,236.12098,2678.730381,70.8362939999997
380000,4311000,CB4MH,44.29134,1e+06,1.48,78.17,380000 4311000,13.5,Unsuitable,black,YES,236.12098,2678.730381,70.8362939999997
380000,4311000,CB4MH,34.44882,1e+06,3.37,78.34,380000 4311000,10.5,Tolerable,yellow,YES,236.12098,2678.730381,70.8362939999997
380000,4311000,CB4MH,18.04462,1e+06,5.6,77.75,380000 4311000,5.5,Suitable,dodgerblue,YES,236.12098,2678.730381,70.8362939999997
380000,4311000,CB4MH,21.32546,1e+06,5.81,77.81,380000 4311000,6.5,Suitable,dodgerblue,YES,236.12098,2678.730381,70.8362939999997
380000,4311000,CB4MH,83.66142,1e+06,0.1,78.3,380000 4311000,25.5,Unsuitable,black,YES,236.12098,2678.730381,70.8362939999997
380000,4311000,CB4MH,80.38058,1e+06,0.1,78.3,380000 4311000,24.5,Unsuitable,black,YES,236.12098,2678.730381,70.8362939999997
380000,4311000,CB4MH,60.69554,1e+06,0.74,78.32,380000 4311000,18.5,Unsuitable,black,YES,236.12098,2678.730381,70.8362939999997
380000,4311000,CB4MH,8.2021,1e+06,8.47,78.32,380000 4311000,2.5,Suitable,dodgerblue,YES,236.12098,2678.730381,70.8362939999997
380000,4311000,CB4MH,73.8189,1e+06,0.19,78.3,380000 4311000,22.5,Unsuitable,black,YES,236.12098,2678.730381,70.8362939999997
380000,4311000,CB4MH,27.88714,1e+06,4.37,78.2,380000 4311000,8.5,Suitable,dodgerblue,YES,236.12098,2678.730381,70.8362939999997
380000,4311000,CB4MH,37.72966,1e+06,2.71,78.14,380000 4311000,11.5,Marginal,orange,YES,236.12098,2678.730381,70.8362939999997
380000,4311000,CB4MH,54.13386,1e+06,0.97,78.25,380000 4311000,16.5,Unsuitable,black,YES,236.12098,2678.730381,70.8362939999997
380000,4311000,CB4MH,24.6063,1e+06,4.35,78.25,380000 4311000,7.5,Suitable,dodgerblue,YES,236.12098,2678.730381,70.8362939999997
380000,4311000,CB4MH,11.48294,1e+06,7.17,77.84,380000 4311000,3.5,Suitable,dodgerblue,YES,236.12098,2678.730381,70.8362939999997
380000,4311000,CB4MH,70.53806,1e+06,0.3,78.38,380000 4311000,21.5,Unsuitable,black,YES,236.12098,2678.730381,70.8362939999997
380000,4311000,CB4MH,31.16798,1e+06,3.91,78.26,380000 4311000,9.5,Tolerable,yellow,YES,236.12098,2678.730381,70.8362939999997
380000,4311000,CB4MH,77.09974,1e+06,0.1,78.3,380000 4311000,23.5,Unsuitable,black,YES,236.12098,2678.730381,70.8362939999997
380000,4311000,CB4MH,41.0105,1e+06,1.71,78.28,380000 4311000,12.5,Unsuitable,black,YES,236.12098,2678.730381,70.8362939999997
380000,4311000,CB4MH,63.97638,1e+06,0.4,78.32,380000 4311000,19.5,Unsuitable,black,YES,236.12098,2678.730381,70.8362939999997
380000,4311000,CB4MH,50.85302,1e+06,1.16,78.23,380000 4311000,15.5,Unsuitable,black,YES,236.12098,2678.730381,70.8362939999997
380000,4311000,CB4MH,1.64042,1e+06,10.34,79.11,380000 4311000,0.5,Suitable,dodgerblue,YES,236.12098,2678.730381,70.8362939999997
380000,4311000,CB4MH,57.4147,1e+06,0.94,78.25,380000 4311000,17.5,Unsuitable,black,YES,236.12098,2678.730381,70.8362939999997
380000,4311000,CB4MH,14.76378,1e+06,6.28,77.74,380000 4311000,4.5,Suitable,dodgerblue,YES,236.12098,2678.730381,70.8362939999997
380000,4311000,CB4MH,4.92126,1e+06,9.82,78.89,380000 4311000,1.5,Suitable,dodgerblue,YES,236.12098,2678.730381,70.8362939999997
380000,4312000,CB4MH,86.94226,1e+06,0.1,78.3,380000 4312000,26.5,Unsuitable,black,YES,236.12098,2679.351752,71.4576649999999
380000,4312000,CB4MH,83.66142,1e+06,0.1,78.3,380000 4312000,25.5,Unsuitable,black,YES,236.12098,2679.351752,71.4576649999999
380000,4312000,CB4MH,1.64042,1e+06,10.44,79.02,380000 4312000,0.5,Suitable,dodgerblue,YES,236.12098,2679.351752,71.4576649999999
380000,4312000,CB4MH,37.72966,1e+06,2.87,78.09,380000 4312000,11.5,Marginal,orange,YES,236.12098,2679.351752,71.4576649999999
380000,4312000,CB4MH,90.2231,1e+06,0.1,78.3,380000 4312000,27.5,Unsuitable,black,YES,236.12098,2679.351752,71.4576649999999
380000,4312000,CB4MH,93.50394,1e+06,0.1,78.3,380000 4312000,28.5,Unsuitable,black,YES,236.12098,2679.351752,71.4576649999999
380000,4312000,CB4MH,77.09974,1e+06,0.1,78.3,380000 4312000,23.5,Unsuitable,black,YES,236.12098,2679.351752,71.4576649999999
380000,4312000,CB4MH,41.0105,1e+06,1.87,78.22,380000 4312000,12.5,Unsuitable,black,YES,236.12098,2679.351752,71.4576649999999
380000,4312000,CB4MH,96.78478,1e+06,0.1,78.3,380000 4312000,29.5,Unsuitable,black,YES,236.12098,2679.351752,71.4576649999999
380000,4312000,CB4MH,80.38058,1e+06,0.1,78.3,380000 4312000,24.5,Unsuitable,black,YES,236.12098,2679.351752,71.4576649999999
380000,4312000,CB4MH,47.57218,1e+06,1.49,78.15,380000 4312000,14.5,Unsuitable,black,YES,236.12098,2679.351752,71.4576649999999
380000,4312000,CB4MH,24.6063,1e+06,4.14,78.46,380000 4312000,7.5,Suitable,dodgerblue,YES,236.12098,2679.351752,71.4576649999999
380000,4312000,CB4MH,21.32546,1e+06,5.68,77.98,380000 4312000,6.5,Suitable,dodgerblue,YES,236.12098,2679.351752,71.4576649999999
380000,4312000,CB4MH,50.85302,1e+06,1.28,78.22,380000 4312000,15.5,Unsuitable,black,YES,236.12098,2679.351752,71.4576649999999
380000,4312000,CB4MH,4.92126,1e+06,9.96,78.8,380000 4312000,1.5,Suitable,dodgerblue,YES,236.12098,2679.351752,71.4576649999999
380000,4312000,CB4MH,11.48294,1e+06,7.39,77.78,380000 4312000,3.5,Suitable,dodgerblue,YES,236.12098,2679.351752,71.4576649999999
380000,4312000,CB4MH,73.8189,1e+06,0.19,78.3,380000 4312000,22.5,Unsuitable,black,YES,236.12098,2679.351752,71.4576649999999
380000,4312000,CB4MH,44.29134,1e+06,1.62,78.15,380000 4312000,13.5,Unsuitable,black,YES,236.12098,2679.351752,71.4576649999999
380000,4312000,CB4MH,63.97638,1e+06,0.43,78.31,380000 4312000,19.5,Unsuitable,black,YES,236.12098,2679.351752,71.4576649999999
380000,4312000,CB4MH,70.53806,1e+06,0.31,78.39,380000 4312000,21.5,Unsuitable,black,YES,236.12098,2679.351752,71.4576649999999
380000,4312000,CB4MH,67.25722,1e+06,0.27,78.39,380000 4312000,20.5,Unsuitable,black,YES,236.12098,2679.351752,71.4576649999999
380000,4312000,CB4MH,31.16798,1e+06,4.09,78.19,380000 4312000,9.5,Suitable,dodgerblue,YES,236.12098,2679.351752,71.4576649999999
380000,4312000,CB4MH,8.2021,1e+06,8.68,78.25,380000 4312000,2.5,Suitable,dodgerblue,YES,236.12098,2679.351752,71.4576649999999
380000,4312000,CB4MH,60.69554,1e+06,0.81,78.31,380000 4312000,18.5,Unsuitable,black,YES,236.12098,2679.351752,71.4576649999999
380000,4312000,CB4MH,14.76378,1e+06,6.49,77.66,380000 4312000,4.5,Suitable,dodgerblue,YES,236.12098,2679.351752,71.4576649999999
380000,4312000,CB4MH,27.88714,1e+06,4.58,78.13,380000 4312000,8.5,Suitable,dodgerblue,YES,236.12098,2679.351752,71.4576649999999
380000,4312000,CB4MH,18.04462,1e+06,5.78,77.68,380000 4312000,5.5,Suitable,dodgerblue,YES,236.12098,2679.351752,71.4576649999999
380000,4312000,CB4MH,57.4147,1e+06,1.04,78.24,380000 4312000,17.5,Unsuitable,black,YES,236.12098,2679.351752,71.4576649999999
380000,4312000,CB4MH,54.13386,1e+06,1.08,78.24,380000 4312000,16.5,Unsuitable,black,YES,236.12098,2679.351752,71.4576649999999
380000,4312000,CB4MH,34.44882,1e+06,3.54,78.28,380000 4312000,10.5,Tolerable,yellow,YES,236.12098,2679.351752,71.4576649999999
380000,4313000,CB4MH,80.38058,1e+06,0.1,78.3,380000 4313000,24.5,Unsuitable,black,YES,236.12098,2679.973123,72.0790360000001
380000,4313000,CB4MH,44.29134,1e+06,1.75,78.13,380000 4313000,13.5,Unsuitable,black,YES,236.12098,2679.973123,72.0790360000001
380000,4313000,CB4MH,60.69554,1e+06,0.87,78.31,380000 4313000,18.5,Unsuitable,black,YES,236.12098,2679.973123,72.0790360000001
380000,4313000,CB4MH,90.2231,1e+06,0.1,78.3,380000 4313000,27.5,Unsuitable,black,YES,236.12098,2679.973123,72.0790360000001
380000,4313000,CB4MH,41.0105,1e+06,2.02,78.16,380000 4313000,12.5,Marginal,orange,YES,236.12098,2679.973123,72.0790360000001
380000,4313000,CB4MH,37.72966,1e+06,3.03,78.04,380000 4313000,11.5,Tolerable,yellow,YES,236.12098,2679.973123,72.0790360000001
380000,4313000,CB4MH,83.66142,1e+06,0.1,78.3,380000 4313000,25.5,Unsuitable,black,YES,236.12098,2679.973123,72.0790360000001
380000,4313000,CB4MH,57.4147,1e+06,1.12,78.22,380000 4313000,17.5,Unsuitable,black,YES,236.12098,2679.973123,72.0790360000001
380000,4313000,CB4MH,54.13386,1e+06,1.17,78.22,380000 4313000,16.5,Unsuitable,black,YES,236.12098,2679.973123,72.0790360000001
380000,4313000,CB4MH,18.04462,1e+06,5.97,77.62,380000 4313000,5.5,Suitable,dodgerblue,YES,236.12098,2679.973123,72.0790360000001
380000,4313000,CB4MH,34.44882,1e+06,3.73,78.21,380000 4313000,10.5,Tolerable,yellow,YES,236.12098,2679.973123,72.0790360000001
380000,4313000,CB4MH,50.85302,1e+06,1.38,78.22,380000 4313000,15.5,Unsuitable,black,YES,236.12098,2679.973123,72.0790360000001
380000,4313000,CB4MH,67.25722,1e+06,0.28,78.39,380000 4313000,20.5,Unsuitable,black,YES,236.12098,2679.973123,72.0790360000001
380000,4313000,CB4MH,86.94226,1e+06,0.1,78.3,380000 4313000,26.5,Unsuitable,black,YES,236.12098,2679.973123,72.0790360000001
380000,4313000,CB4MH,70.53806,1e+06,0.33,78.39,380000 4313000,21.5,Unsuitable,black,YES,236.12098,2679.973123,72.0790360000001
380000,4313000,CB4MH,1.64042,1e+06,10.53,78.95,380000 4313000,0.5,Suitable,dodgerblue,YES,236.12098,2679.973123,72.0790360000001
380000,4313000,CB4MH,24.6063,1e+06,4.5,78.3,380000 4313000,7.5,Suitable,dodgerblue,YES,236.12098,2679.973123,72.0790360000001
380000,4313000,CB4MH,73.8189,1e+06,0.19,78.3,380000 4313000,22.5,Unsuitable,black,YES,236.12098,2679.973123,72.0790360000001
380000,4313000,CB4MH,4.92126,1e+06,10.08,78.73,380000 4313000,1.5,Suitable,dodgerblue,YES,236.12098,2679.973123,72.0790360000001
380000,4313000,CB4MH,11.48294,1e+06,7.62,77.72,380000 4313000,3.5,Suitable,dodgerblue,YES,236.12098,2679.973123,72.0790360000001
380000,4313000,CB4MH,31.16798,1e+06,4.29,78.12,380000 4313000,9.5,Suitable,dodgerblue,YES,236.12098,2679.973123,72.0790360000001
380000,4313000,CB4MH,47.57218,1e+06,1.61,78.13,380000 4313000,14.5,Unsuitable,black,YES,236.12098,2679.973123,72.0790360000001
380000,4313000,CB4MH,77.09974,1e+06,0.1,78.3,380000 4313000,23.5,Unsuitable,black,YES,236.12098,2679.973123,72.0790360000001
380000,4313000,CB4MH,63.97638,1e+06,0.45,78.31,380000 4313000,19.5,Unsuitable,black,YES,236.12098,2679.973123,72.0790360000001
380000,4313000,CB4MH,14.76378,1e+06,6.69,77.6,380000 4313000,4.5,Suitable,dodgerblue,YES,236.12098,2679.973123,72.0790360000001
380000,4313000,CB4MH,8.2021,1e+06,8.87,78.19,380000 4313000,2.5,Suitable,dodgerblue,YES,236.12098,2679.973123,72.0790360000001
380000,4313000,CB4MH,27.88714,1e+06,4.8,78.05,380000 4313000,8.5,Suitable,dodgerblue,YES,236.12098,2679.973123,72.0790360000001
380000,4313000,CB4MH,21.32546,1e+06,5.93,77.87,380000 4313000,6.5,Suitable,dodgerblue,YES,236.12098,2679.973123,72.0790360000001
380000,4323000,CB3MH,27.88714,1e+06,4.29,77.97,380000 4323000,8.5,Suitable,dodgerblue,YES,236.12098,2686.186833,78.2927460000001
380000,4323000,CB3MH,37.72966,1e+06,3.16,78.04,380000 4323000,11.5,Tolerable,yellow,YES,236.12098,2686.186833,78.2927460000001
380000,4323000,CB3MH,31.16798,1e+06,3.85,78.04,380000 4323000,9.5,Tolerable,yellow,YES,236.12098,2686.186833,78.2927460000001
380000,4323000,CB3MH,4.92126,1e+06,9.86,78.72,380000 4323000,1.5,Suitable,dodgerblue,YES,236.12098,2686.186833,78.2927460000001
380000,4323000,CB3MH,11.48294,1e+06,7.3,77.91,380000 4323000,3.5,Suitable,dodgerblue,YES,236.12098,2686.186833,78.2927460000001
380000,4323000,CB3MH,8.2021,1e+06,8.59,78.27,380000 4323000,2.5,Suitable,dodgerblue,YES,236.12098,2686.186833,78.2927460000001
380000,4323000,CB3MH,14.76378,1e+06,6.52,77.81,380000 4323000,4.5,Suitable,dodgerblue,YES,236.12098,2686.186833,78.2927460000001
380000,4323000,CB3MH,18.04462,1e+06,6.37,77.44,380000 4323000,5.5,Suitable,dodgerblue,YES,236.12098,2686.186833,78.2927460000001
380000,4323000,CB3MH,21.32546,1e+06,6.43,77.55,380000 4323000,6.5,Suitable,dodgerblue,YES,236.12098,2686.186833,78.2927460000001
380000,4323000,CB3MH,41.0105,1e+06,2.16,78.14,380000 4323000,12.5,Marginal,orange,YES,236.12098,2686.186833,78.2927460000001
380000,4323000,CB3MH,34.44882,1e+06,4.07,78.02,380000 4323000,10.5,Suitable,dodgerblue,YES,236.12098,2686.186833,78.2927460000001
380000,4323000,CB3MH,24.6063,1e+06,4.49,77.98,380000 4323000,7.5,Suitable,dodgerblue,YES,236.12098,2686.186833,78.2927460000001
380000,4323000,CB3MH,1.64042,1e+06,10.24,78.95,380000 4323000,0.5,Suitable,dodgerblue,YES,236.12098,2686.186833,78.2927460000001
381000,4255000,CB4MH,34.44882,1e+06,2.01,78.1,381000 4255000,10.5,Marginal,orange,YES,236.742351,2643.933605,36.039518
381000,4255000,CB4MH,21.32546,1e+06,6.96,78.1,381000 4255000,6.5,Suitable,dodgerblue,YES,236.742351,2643.933605,36.039518
381000,4255000,CB4MH,14.76378,1e+06,7.79,78.27,381000 4255000,4.5,Suitable,dodgerblue,YES,236.742351,2643.933605,36.039518
381000,4255000,CB4MH,1.64042,1e+06,8.83,79.33,381000 4255000,0.5,Suitable,dodgerblue,YES,236.742351,2643.933605,36.039518
381000,4255000,CB4MH,47.57218,1e+06,0.75,78.29,381000 4255000,14.5,Unsuitable,black,YES,236.742351,2643.933605,36.039518
381000,4255000,CB4MH,77.09974,1e+06,0.49,78.11,381000 4255000,23.5,Unsuitable,black,YES,236.742351,2643.933605,36.039518
381000,4255000,CB4MH,11.48294,1e+06,8.5,78.53,381000 4255000,3.5,Suitable,dodgerblue,YES,236.742351,2643.933605,36.039518
381000,4255000,CB4MH,80.38058,1e+06,0.5,78.11,381000 4255000,24.5,Unsuitable,black,YES,236.742351,2643.933605,36.039518
381000,4255000,CB4MH,57.4147,1e+06,0.49,78.2,381000 4255000,17.5,Unsuitable,black,YES,236.742351,2643.933605,36.039518
381000,4255000,CB4MH,24.6063,1e+06,6.66,77.99,381000 4255000,7.5,Suitable,dodgerblue,YES,236.742351,2643.933605,36.039518
381000,4255000,CB4MH,18.04462,1e+06,7.29,78.18,381000 4255000,5.5,Suitable,dodgerblue,YES,236.742351,2643.933605,36.039518
381000,4255000,CB4MH,8.2021,1e+06,8.9,78.79,381000 4255000,2.5,Suitable,dodgerblue,YES,236.742351,2643.933605,36.039518
381000,4255000,CB4MH,60.69554,1e+06,0.49,78.12,381000 4255000,18.5,Unsuitable,black,YES,236.742351,2643.933605,36.039518
381000,4255000,CB4MH,54.13386,1e+06,0.53,78.29,381000 4255000,16.5,Unsuitable,black,YES,236.742351,2643.933605,36.039518
381000,4255000,CB4MH,41.0105,1e+06,1.07,78.12,381000 4255000,12.5,Unsuitable,black,YES,236.742351,2643.933605,36.039518
381000,4255000,CB4MH,63.97638,1e+06,0.49,78.12,381000 4255000,19.5,Unsuitable,black,YES,236.742351,2643.933605,36.039518
381000,4255000,CB4MH,67.25722,1e+06,0.49,78.2,381000 4255000,20.5,Unsuitable,black,YES,236.742351,2643.933605,36.039518
381000,4255000,CB4MH,70.53806,1e+06,0.49,78.2,381000 4255000,21.5,Unsuitable,black,YES,236.742351,2643.933605,36.039518
381000,4255000,CB4MH,27.88714,1e+06,5.51,78.06,381000 4255000,8.5,Suitable,dodgerblue,YES,236.742351,2643.933605,36.039518
381000,4255000,CB4MH,4.92126,1e+06,8.85,79.14,381000 4255000,1.5,Suitable,dodgerblue,YES,236.742351,2643.933605,36.039518
381000,4255000,CB4MH,44.29134,1e+06,0.93,78.2,381000 4255000,13.5,Unsuitable,black,YES,236.742351,2643.933605,36.039518
381000,4255000,CB4MH,83.66142,1e+06,0.48,78.11,381000 4255000,25.5,Unsuitable,black,YES,236.742351,2643.933605,36.039518
381000,4255000,CB4MH,73.8189,1e+06,0.49,78.11,381000 4255000,22.5,Unsuitable,black,YES,236.742351,2643.933605,36.039518
381000,4255000,CB4MH,50.85302,1e+06,0.62,78.29,381000 4255000,15.5,Unsuitable,black,YES,236.742351,2643.933605,36.039518
381000,4255000,CB4MH,37.72966,1e+06,1.32,78.11,381000 4255000,11.5,Unsuitable,black,YES,236.742351,2643.933605,36.039518
381000,4255000,CB4MH,31.16798,1e+06,3.34,78.13,381000 4255000,9.5,Tolerable,yellow,YES,236.742351,2643.933605,36.039518
381000,4256000,CB4MH,21.32546,1e+06,6.6,78.26,381000 4256000,6.5,Suitable,dodgerblue,YES,236.742351,2644.554976,36.6608889999998
381000,4256000,CB4MH,1.64042,1e+06,8.68,79.4,381000 4256000,0.5,Suitable,dodgerblue,YES,236.742351,2644.554976,36.6608889999998
381000,4256000,CB4MH,11.48294,1e+06,8.27,78.66,381000 4256000,3.5,Suitable,dodgerblue,YES,236.742351,2644.554976,36.6608889999998
381000,4256000,CB4MH,24.6063,1e+06,6.23,78.15,381000 4256000,7.5,Suitable,dodgerblue,YES,236.742351,2644.554976,36.6608889999998
381000,4256000,CB4MH,4.92126,1e+06,8.68,79.22,381000 4256000,1.5,Suitable,dodgerblue,YES,236.742351,2644.554976,36.6608889999998
381000,4256000,CB4MH,27.88714,1e+06,5.15,78.19,381000 4256000,8.5,Suitable,dodgerblue,YES,236.742351,2644.554976,36.6608889999998
381000,4256000,CB4MH,80.38058,1e+06,0.49,78.12,381000 4256000,24.5,Unsuitable,black,YES,236.742351,2644.554976,36.6608889999998
381000,4256000,CB4MH,8.2021,1e+06,8.69,78.9,381000 4256000,2.5,Suitable,dodgerblue,YES,236.742351,2644.554976,36.6608889999998
381000,4256000,CB4MH,77.09974,1e+06,0.49,78.12,381000 4256000,23.5,Unsuitable,black,YES,236.742351,2644.554976,36.6608889999998
381000,4256000,CB4MH,83.66142,1e+06,0.49,78.11,381000 4256000,25.5,Unsuitable,black,YES,236.742351,2644.554976,36.6608889999998
381000,4256000,CB4MH,67.25722,1e+06,0.49,78.2,381000 4256000,20.5,Unsuitable,black,YES,236.742351,2644.554976,36.6608889999998
381000,4256000,CB4MH,93.50394,1e+06,0.7,78.3,381000 4256000,28.5,Unsuitable,black,YES,236.742351,2644.554976,36.6608889999998
381000,4256000,CB4MH,90.2231,1e+06,0.51,78.11,381000 4256000,27.5,Unsuitable,black,YES,236.742351,2644.554976,36.6608889999998
381000,4256000,CB4MH,31.16798,1e+06,3.15,78.19,381000 4256000,9.5,Tolerable,yellow,YES,236.742351,2644.554976,36.6608889999998
381000,4256000,CB4MH,54.13386,1e+06,0.51,78.29,381000 4256000,16.5,Unsuitable,black,YES,236.742351,2644.554976,36.6608889999998
381000,4256000,CB4MH,47.57218,1e+06,0.71,78.29,381000 4256000,14.5,Unsuitable,black,YES,236.742351,2644.554976,36.6608889999998
381000,4256000,CB4MH,14.76378,1e+06,7.58,78.41,381000 4256000,4.5,Suitable,dodgerblue,YES,236.742351,2644.554976,36.6608889999998
381000,4256000,CB4MH,44.29134,1e+06,0.88,78.21,381000 4256000,13.5,Unsuitable,black,YES,236.742351,2644.554976,36.6608889999998
381000,4256000,CB4MH,57.4147,1e+06,0.48,78.21,381000 4256000,17.5,Unsuitable,black,YES,236.742351,2644.554976,36.6608889999998
381000,4256000,CB4MH,34.44882,1e+06,1.93,78.11,381000 4256000,10.5,Unsuitable,black,YES,236.742351,2644.554976,36.6608889999998
381000,4256000,CB4MH,60.69554,1e+06,0.48,78.13,381000 4256000,18.5,Unsuitable,black,YES,236.742351,2644.554976,36.6608889999998
381000,4256000,CB4MH,86.94226,1e+06,0.44,78.11,381000 4256000,26.5,Unsuitable,black,YES,236.742351,2644.554976,36.6608889999998
381000,4256000,CB4MH,41.0105,1e+06,1.02,78.13,381000 4256000,12.5,Unsuitable,black,YES,236.742351,2644.554976,36.6608889999998
381000,4256000,CB4MH,37.72966,1e+06,1.27,78.12,381000 4256000,11.5,Unsuitable,black,YES,236.742351,2644.554976,36.6608889999998
381000,4256000,CB4MH,18.04462,1e+06,7.04,78.34,381000 4256000,5.5,Suitable,dodgerblue,YES,236.742351,2644.554976,36.6608889999998
381000,4256000,CB4MH,70.53806,1e+06,0.48,78.2,381000 4256000,21.5,Unsuitable,black,YES,236.742351,2644.554976,36.6608889999998
381000,4256000,CB4MH,63.97638,1e+06,0.48,78.13,381000 4256000,19.5,Unsuitable,black,YES,236.742351,2644.554976,36.6608889999998
381000,4256000,CB4MH,73.8189,1e+06,0.49,78.12,381000 4256000,22.5,Unsuitable,black,YES,236.742351,2644.554976,36.6608889999998
381000,4256000,CB4MH,50.85302,1e+06,0.59,78.29,381000 4256000,15.5,Unsuitable,black,YES,236.742351,2644.554976,36.6608889999998
381000,4314000,CB4MH,41.0105,1e+06,2.19,78.09,381000 4314000,12.5,Marginal,orange,YES,236.742351,2680.594494,72.7004069999998
381000,4314000,CB4MH,70.53806,1e+06,0.34,78.4,381000 4314000,21.5,Unsuitable,black,YES,236.742351,2680.594494,72.7004069999998
381000,4314000,CB4MH,11.48294,1e+06,7.97,77.66,381000 4314000,3.5,Suitable,dodgerblue,YES,236.742351,2680.594494,72.7004069999998
381000,4314000,CB4MH,44.29134,1e+06,1.88,78.12,381000 4314000,13.5,Unsuitable,black,YES,236.742351,2680.594494,72.7004069999998
381000,4314000,CB4MH,50.85302,1e+06,1.49,78.21,381000 4314000,15.5,Unsuitable,black,YES,236.742351,2680.594494,72.7004069999998
381000,4314000,CB4MH,8.2021,1e+06,9.25,78.15,381000 4314000,2.5,Suitable,dodgerblue,YES,236.742351,2680.594494,72.7004069999998
381000,4314000,CB4MH,54.13386,1e+06,1.26,78.21,381000 4314000,16.5,Unsuitable,black,YES,236.742351,2680.594494,72.7004069999998
381000,4314000,CB4MH,47.57218,1e+06,1.73,78.12,381000 4314000,14.5,Unsuitable,black,YES,236.742351,2680.594494,72.7004069999998
381000,4314000,CB4MH,73.8189,1e+06,0.2,78.3,381000 4314000,22.5,Unsuitable,black,YES,236.742351,2680.594494,72.7004069999998
381000,4314000,CB4MH,67.25722,1e+06,0.29,78.4,381000 4314000,20.5,Unsuitable,black,YES,236.742351,2680.594494,72.7004069999998
381000,4314000,CB4MH,21.32546,1e+06,6.13,77.74,381000 4314000,6.5,Suitable,dodgerblue,YES,236.742351,2680.594494,72.7004069999998
381000,4314000,CB4MH,18.04462,1e+06,6.15,77.59,381000 4314000,5.5,Suitable,dodgerblue,YES,236.742351,2680.594494,72.7004069999998
381000,4314000,CB4MH,14.76378,1e+06,6.95,77.54,381000 4314000,4.5,Suitable,dodgerblue,YES,236.742351,2680.594494,72.7004069999998
381000,4314000,CB4MH,60.69554,1e+06,0.94,78.3,381000 4314000,18.5,Unsuitable,black,YES,236.742351,2680.594494,72.7004069999998
381000,4314000,CB4MH,31.16798,1e+06,4.61,77.98,381000 4314000,9.5,Suitable,dodgerblue,YES,236.742351,2680.594494,72.7004069999998
381000,4314000,CB4MH,80.38058,1e+06,0.1,78.3,381000 4314000,24.5,Unsuitable,black,YES,236.742351,2680.594494,72.7004069999998
381000,4314000,CB4MH,57.4147,1e+06,1.21,78.21,381000 4314000,17.5,Unsuitable,black,YES,236.742351,2680.594494,72.7004069999998
381000,4314000,CB4MH,77.09974,1e+06,0.1,78.3,381000 4314000,23.5,Unsuitable,black,YES,236.742351,2680.594494,72.7004069999998
381000,4314000,CB4MH,63.97638,1e+06,0.48,78.3,381000 4314000,19.5,Unsuitable,black,YES,236.742351,2680.594494,72.7004069999998
381000,4314000,CB4MH,24.6063,1e+06,5.09,78.03,381000 4314000,7.5,Suitable,dodgerblue,YES,236.742351,2680.594494,72.7004069999998
381000,4314000,CB4MH,37.72966,1e+06,3.21,77.98,381000 4314000,11.5,Tolerable,yellow,YES,236.742351,2680.594494,72.7004069999998
381000,4314000,CB4MH,27.88714,1e+06,5.16,77.9,381000 4314000,8.5,Suitable,dodgerblue,YES,236.742351,2680.594494,72.7004069999998
381000,4314000,CB4MH,1.64042,1e+06,10.79,78.92,381000 4314000,0.5,Suitable,dodgerblue,YES,236.742351,2680.594494,72.7004069999998
381000,4314000,CB4MH,34.44882,1e+06,4.01,78.08,381000 4314000,10.5,Suitable,dodgerblue,YES,236.742351,2680.594494,72.7004069999998
381000,4314000,CB4MH,4.92126,1e+06,10.4,78.7,381000 4314000,1.5,Suitable,dodgerblue,YES,236.742351,2680.594494,72.7004069999998
381000,4315000,CB4MH,34.44882,1e+06,4.18,78,381000 4315000,10.5,Suitable,dodgerblue,YES,236.742351,2681.215865,73.321778
381000,4315000,CB4MH,21.32546,1e+06,6.25,77.67,381000 4315000,6.5,Suitable,dodgerblue,YES,236.742351,2681.215865,73.321778
381000,4315000,CB4MH,24.6063,1e+06,5.4,77.89,381000 4315000,7.5,Suitable,dodgerblue,YES,236.742351,2681.215865,73.321778
381000,4315000,CB4MH,57.4147,1e+06,1.26,78.21,381000 4315000,17.5,Unsuitable,black,YES,236.742351,2681.215865,73.321778
381000,4315000,CB4MH,44.29134,1e+06,1.94,78.11,381000 4315000,13.5,Unsuitable,black,YES,236.742351,2681.215865,73.321778
381000,4315000,CB4MH,4.92126,1e+06,10.48,78.74,381000 4315000,1.5,Suitable,dodgerblue,YES,236.742351,2681.215865,73.321778
381000,4315000,CB4MH,60.69554,1e+06,0.97,78.3,381000 4315000,18.5,Unsuitable,black,YES,236.742351,2681.215865,73.321778
381000,4315000,CB4MH,50.85302,1e+06,1.55,78.2,381000 4315000,15.5,Unsuitable,black,YES,236.742351,2681.215865,73.321778
381000,4315000,CB4MH,18.04462,1e+06,6.22,77.55,381000 4315000,5.5,Suitable,dodgerblue,YES,236.742351,2681.215865,73.321778
381000,4315000,CB4MH,27.88714,1e+06,5.37,77.82,381000 4315000,8.5,Suitable,dodgerblue,YES,236.742351,2681.215865,73.321778
381000,4315000,CB4MH,73.8189,1e+06,0.2,78.3,381000 4315000,22.5,Unsuitable,black,YES,236.742351,2681.215865,73.321778
381000,4315000,CB4MH,54.13386,1e+06,1.31,78.21,381000 4315000,16.5,Unsuitable,black,YES,236.742351,2681.215865,73.321778
381000,4315000,CB4MH,31.16798,1e+06,4.8,77.91,381000 4315000,9.5,Suitable,dodgerblue,YES,236.742351,2681.215865,73.321778
381000,4315000,CB4MH,63.97638,1e+06,0.49,78.3,381000 4315000,19.5,Unsuitable,black,YES,236.742351,2681.215865,73.321778
381000,4315000,CB4MH,1.64042,1e+06,10.85,78.95,381000 4315000,0.5,Suitable,dodgerblue,YES,236.742351,2681.215865,73.321778
381000,4315000,CB4MH,14.76378,1e+06,7.03,77.49,381000 4315000,4.5,Suitable,dodgerblue,YES,236.742351,2681.215865,73.321778
381000,4315000,CB4MH,11.48294,1e+06,8.1,77.63,381000 4315000,3.5,Suitable,dodgerblue,YES,236.742351,2681.215865,73.321778
381000,4315000,CB4MH,41.0105,1e+06,2.29,78.05,381000 4315000,12.5,Marginal,orange,YES,236.742351,2681.215865,73.321778
381000,4315000,CB4MH,77.09974,1e+06,0.1,78.3,381000 4315000,23.5,Unsuitable,black,YES,236.742351,2681.215865,73.321778
381000,4315000,CB4MH,70.53806,1e+06,0.34,78.4,381000 4315000,21.5,Unsuitable,black,YES,236.742351,2681.215865,73.321778
381000,4315000,CB4MH,67.25722,1e+06,0.3,78.4,381000 4315000,20.5,Unsuitable,black,YES,236.742351,2681.215865,73.321778
381000,4315000,CB4MH,47.57218,1e+06,1.79,78.11,381000 4315000,14.5,Unsuitable,black,YES,236.742351,2681.215865,73.321778
381000,4315000,CB4MH,8.2021,1e+06,9.38,78.18,381000 4315000,2.5,Suitable,dodgerblue,YES,236.742351,2681.215865,73.321778
381000,4315000,CB4MH,37.72966,1e+06,3.33,77.94,381000 4315000,11.5,Tolerable,yellow,YES,236.742351,2681.215865,73.321778
381000,4320000,CB3MH,41.0105,1e+06,2.31,78.03,381000 4320000,12.5,Marginal,orange,YES,236.742351,2684.32272,76.428633
381000,4320000,CB3MH,24.6063,1e+06,5.47,77.76,381000 4320000,7.5,Suitable,dodgerblue,YES,236.742351,2684.32272,76.428633
381000,4320000,CB3MH,8.2021,1e+06,9,77.95,381000 4320000,2.5,Suitable,dodgerblue,YES,236.742351,2684.32272,76.428633
381000,4320000,CB3MH,27.88714,1e+06,5.3,77.76,381000 4320000,8.5,Suitable,dodgerblue,YES,236.742351,2684.32272,76.428633
381000,4320000,CB3MH,11.48294,1e+06,7.98,77.63,381000 4320000,3.5,Suitable,dodgerblue,YES,236.742351,2684.32272,76.428633
381000,4320000,CB3MH,37.72966,1e+06,3.36,77.93,381000 4320000,11.5,Tolerable,yellow,YES,236.742351,2684.32272,76.428633
381000,4320000,CB3MH,44.29134,1e+06,1.91,78.13,381000 4320000,13.5,Unsuitable,black,YES,236.742351,2684.32272,76.428633
381000,4320000,CB3MH,31.16798,1e+06,4.74,77.85,381000 4320000,9.5,Suitable,dodgerblue,YES,236.742351,2684.32272,76.428633
381000,4320000,CB3MH,4.92126,1e+06,10.04,78.36,381000 4320000,1.5,Suitable,dodgerblue,YES,236.742351,2684.32272,76.428633
381000,4320000,CB3MH,18.04462,1e+06,6.6,77.48,381000 4320000,5.5,Suitable,dodgerblue,YES,236.742351,2684.32272,76.428633
381000,4320000,CB3MH,47.57218,1e+06,1.77,78.13,381000 4320000,14.5,Unsuitable,black,YES,236.742351,2684.32272,76.428633
381000,4320000,CB3MH,34.44882,1e+06,4.31,77.92,381000 4320000,10.5,Suitable,dodgerblue,YES,236.742351,2684.32272,76.428633
381000,4320000,CB3MH,21.32546,1e+06,6.85,77.47,381000 4320000,6.5,Suitable,dodgerblue,YES,236.742351,2684.32272,76.428633
381000,4320000,CB3MH,1.64042,1e+06,10.41,78.56,381000 4320000,0.5,Suitable,dodgerblue,YES,236.742351,2684.32272,76.428633
381000,4320000,CB3MH,14.76378,1e+06,7.23,77.53,381000 4320000,4.5,Suitable,dodgerblue,YES,236.742351,2684.32272,76.428633
381000,4321000,CB3MH,41.0105,1e+06,2.26,78.05,381000 4321000,12.5,Marginal,orange,YES,236.742351,2684.944091,77.0500039999997
381000,4321000,CB3MH,37.72966,1e+06,3.31,77.95,381000 4321000,11.5,Tolerable,yellow,YES,236.742351,2684.944091,77.0500039999997
381000,4321000,CB3MH,34.44882,1e+06,4.25,77.93,381000 4321000,10.5,Suitable,dodgerblue,YES,236.742351,2684.944091,77.0500039999997
381000,4321000,CB3MH,31.16798,1e+06,4.56,77.88,381000 4321000,9.5,Suitable,dodgerblue,YES,236.742351,2684.944091,77.0500039999997
381000,4321000,CB3MH,11.48294,1e+06,7.77,77.67,381000 4321000,3.5,Suitable,dodgerblue,YES,236.742351,2684.944091,77.0500039999997
381000,4321000,CB3MH,44.29134,1e+06,1.86,78.15,381000 4321000,13.5,Unsuitable,black,YES,236.742351,2684.944091,77.0500039999997
381000,4321000,CB3MH,14.76378,1e+06,6.98,77.58,381000 4321000,4.5,Suitable,dodgerblue,YES,236.742351,2684.944091,77.0500039999997
381000,4321000,CB3MH,21.32546,1e+06,6.69,77.51,381000 4321000,6.5,Suitable,dodgerblue,YES,236.742351,2684.944091,77.0500039999997
381000,4321000,CB3MH,4.92126,1e+06,10.08,78.43,381000 4321000,1.5,Suitable,dodgerblue,YES,236.742351,2684.944091,77.0500039999997
381000,4321000,CB3MH,18.04462,1e+06,6.43,77.52,381000 4321000,5.5,Suitable,dodgerblue,YES,236.742351,2684.944091,77.0500039999997
381000,4321000,CB3MH,24.6063,1e+06,5.28,77.79,381000 4321000,7.5,Suitable,dodgerblue,YES,236.742351,2684.944091,77.0500039999997
381000,4321000,CB3MH,50.85302,1e+06,1.52,78.21,381000 4321000,15.5,Unsuitable,black,YES,236.742351,2684.944091,77.0500039999997
381000,4321000,CB3MH,47.57218,1e+06,1.72,78.15,381000 4321000,14.5,Unsuitable,black,YES,236.742351,2684.944091,77.0500039999997
381000,4321000,CB3MH,27.88714,1e+06,5.09,77.79,381000 4321000,8.5,Suitable,dodgerblue,YES,236.742351,2684.944091,77.0500039999997
381000,4321000,CB3MH,1.64042,1e+06,10.46,78.65,381000 4321000,0.5,Suitable,dodgerblue,YES,236.742351,2684.944091,77.0500039999997
381000,4321000,CB3MH,8.2021,1e+06,8.91,77.99,381000 4321000,2.5,Suitable,dodgerblue,YES,236.742351,2684.944091,77.0500039999997
382000,4253000,CB4MH,41.0105,1e+06,1.14,78.1,382000 4253000,12.5,Unsuitable,black,YES,237.363722,2642.690863,34.7967760000001
382000,4253000,CB4MH,34.44882,1e+06,2.14,78.1,382000 4253000,10.5,Marginal,orange,YES,237.363722,2642.690863,34.7967760000001
382000,4253000,CB4MH,83.66142,1e+06,0.48,78.1,382000 4253000,25.5,Unsuitable,black,YES,237.363722,2642.690863,34.7967760000001
382000,4253000,CB4MH,80.38058,1e+06,0.5,78.1,382000 4253000,24.5,Unsuitable,black,YES,237.363722,2642.690863,34.7967760000001
382000,4253000,CB4MH,24.6063,1e+06,7.21,77.73,382000 4253000,7.5,Suitable,dodgerblue,YES,237.363722,2642.690863,34.7967760000001
382000,4253000,CB4MH,90.2231,1e+06,0.5,78.1,382000 4253000,27.5,Unsuitable,black,YES,237.363722,2642.690863,34.7967760000001
382000,4253000,CB4MH,70.53806,1e+06,0.5,78.2,382000 4253000,21.5,Unsuitable,black,YES,237.363722,2642.690863,34.7967760000001
382000,4253000,CB4MH,27.88714,1e+06,5.92,77.83,382000 4253000,8.5,Suitable,dodgerblue,YES,237.363722,2642.690863,34.7967760000001
382000,4253000,CB4MH,44.29134,1e+06,0.99,78.2,382000 4253000,13.5,Unsuitable,black,YES,237.363722,2642.690863,34.7967760000001
382000,4253000,CB4MH,63.97638,1e+06,0.5,78.1,382000 4253000,19.5,Unsuitable,black,YES,237.363722,2642.690863,34.7967760000001
382000,4253000,CB4MH,77.09974,1e+06,0.5,78.1,382000 4253000,23.5,Unsuitable,black,YES,237.363722,2642.690863,34.7967760000001
382000,4253000,CB4MH,31.16798,1e+06,3.71,78.01,382000 4253000,9.5,Tolerable,yellow,YES,237.363722,2642.690863,34.7967760000001
382000,4253000,CB4MH,54.13386,1e+06,0.55,78.3,382000 4253000,16.5,Unsuitable,black,YES,237.363722,2642.690863,34.7967760000001
382000,4253000,CB4MH,37.72966,1e+06,1.39,78.1,382000 4253000,11.5,Unsuitable,black,YES,237.363722,2642.690863,34.7967760000001
382000,4253000,CB4MH,4.92126,1e+06,9.12,79.02,382000 4253000,1.5,Suitable,dodgerblue,YES,237.363722,2642.690863,34.7967760000001
382000,4253000,CB4MH,60.69554,1e+06,0.5,78.1,382000 4253000,18.5,Unsuitable,black,YES,237.363722,2642.690863,34.7967760000001
382000,4253000,CB4MH,18.04462,1e+06,7.62,77.93,382000 4253000,5.5,Suitable,dodgerblue,YES,237.363722,2642.690863,34.7967760000001
382000,4253000,CB4MH,67.25722,1e+06,0.5,78.2,382000 4253000,20.5,Unsuitable,black,YES,237.363722,2642.690863,34.7967760000001
382000,4253000,CB4MH,57.4147,1e+06,0.5,78.2,382000 4253000,17.5,Unsuitable,black,YES,237.363722,2642.690863,34.7967760000001
382000,4253000,CB4MH,21.32546,1e+06,7.41,77.83,382000 4253000,6.5,Suitable,dodgerblue,YES,237.363722,2642.690863,34.7967760000001
382000,4253000,CB4MH,73.8189,1e+06,0.5,78.1,382000 4253000,22.5,Unsuitable,black,YES,237.363722,2642.690863,34.7967760000001
382000,4253000,CB4MH,47.57218,1e+06,0.8,78.3,382000 4253000,14.5,Unsuitable,black,YES,237.363722,2642.690863,34.7967760000001
382000,4253000,CB4MH,1.64042,1e+06,9.07,79.22,382000 4253000,0.5,Suitable,dodgerblue,YES,237.363722,2642.690863,34.7967760000001
382000,4253000,CB4MH,8.2021,1e+06,9.22,78.62,382000 4253000,2.5,Suitable,dodgerblue,YES,237.363722,2642.690863,34.7967760000001
382000,4253000,CB4MH,14.76378,1e+06,8.07,78.03,382000 4253000,4.5,Suitable,dodgerblue,YES,237.363722,2642.690863,34.7967760000001
382000,4253000,CB4MH,50.85302,1e+06,0.65,78.3,382000 4253000,15.5,Unsuitable,black,YES,237.363722,2642.690863,34.7967760000001
382000,4253000,CB4MH,86.94226,1e+06,0.43,78.1,382000 4253000,26.5,Unsuitable,black,YES,237.363722,2642.690863,34.7967760000001
382000,4253000,CB4MH,11.48294,1e+06,8.82,78.33,382000 4253000,3.5,Suitable,dodgerblue,YES,237.363722,2642.690863,34.7967760000001
382000,4254000,CB4MH,24.6063,1e+06,7.1,77.8,382000 4254000,7.5,Suitable,dodgerblue,YES,237.363722,2643.312234,35.4181469999999
382000,4254000,CB4MH,60.69554,1e+06,0.5,78.11,382000 4254000,18.5,Unsuitable,black,YES,237.363722,2643.312234,35.4181469999999
382000,4254000,CB4MH,21.32546,1e+06,7.32,77.91,382000 4254000,6.5,Suitable,dodgerblue,YES,237.363722,2643.312234,35.4181469999999
382000,4254000,CB4MH,4.92126,1e+06,9.06,79.06,382000 4254000,1.5,Suitable,dodgerblue,YES,237.363722,2643.312234,35.4181469999999
382000,4254000,CB4MH,57.4147,1e+06,0.5,78.2,382000 4254000,17.5,Unsuitable,black,YES,237.363722,2643.312234,35.4181469999999
382000,4254000,CB4MH,1.64042,1e+06,9.02,79.26,382000 4254000,0.5,Suitable,dodgerblue,YES,237.363722,2643.312234,35.4181469999999
382000,4254000,CB4MH,63.97638,1e+06,0.5,78.11,382000 4254000,19.5,Unsuitable,black,YES,237.363722,2643.312234,35.4181469999999
382000,4254000,CB4MH,8.2021,1e+06,9.14,78.68,382000 4254000,2.5,Suitable,dodgerblue,YES,237.363722,2643.312234,35.4181469999999
382000,4254000,CB4MH,18.04462,1e+06,7.55,78.01,382000 4254000,5.5,Suitable,dodgerblue,YES,237.363722,2643.312234,35.4181469999999
382000,4254000,CB4MH,83.66142,1e+06,0.48,78.1,382000 4254000,25.5,Unsuitable,black,YES,237.363722,2643.312234,35.4181469999999
382000,4254000,CB4MH,27.88714,1e+06,5.83,77.89,382000 4254000,8.5,Suitable,dodgerblue,YES,237.363722,2643.312234,35.4181469999999
382000,4254000,CB4MH,50.85302,1e+06,0.64,78.3,382000 4254000,15.5,Unsuitable,black,YES,237.363722,2643.312234,35.4181469999999
382000,4254000,CB4MH,90.2231,1e+06,0.5,78.1,382000 4254000,27.5,Unsuitable,black,YES,237.363722,2643.312234,35.4181469999999
382000,4254000,CB4MH,86.94226,1e+06,0.43,78.1,382000 4254000,26.5,Unsuitable,black,YES,237.363722,2643.312234,35.4181469999999
382000,4254000,CB4MH,77.09974,1e+06,0.5,78.1,382000 4254000,23.5,Unsuitable,black,YES,237.363722,2643.312234,35.4181469999999
382000,4254000,CB4MH,11.48294,1e+06,8.74,78.39,382000 4254000,3.5,Suitable,dodgerblue,YES,237.363722,2643.312234,35.4181469999999
382000,4254000,CB4MH,73.8189,1e+06,0.5,78.1,382000 4254000,22.5,Unsuitable,black,YES,237.363722,2643.312234,35.4181469999999
382000,4254000,CB4MH,41.0105,1e+06,1.13,78.11,382000 4254000,12.5,Unsuitable,black,YES,237.363722,2643.312234,35.4181469999999
382000,4254000,CB4MH,37.72966,1e+06,1.37,78.1,382000 4254000,11.5,Unsuitable,black,YES,237.363722,2643.312234,35.4181469999999
382000,4254000,CB4MH,93.50394,1e+06,0.7,78.3,382000 4254000,28.5,Unsuitable,black,YES,237.363722,2643.312234,35.4181469999999
382000,4254000,CB4MH,54.13386,1e+06,0.55,78.3,382000 4254000,16.5,Unsuitable,black,YES,237.363722,2643.312234,35.4181469999999
382000,4254000,CB4MH,80.38058,1e+06,0.5,78.1,382000 4254000,24.5,Unsuitable,black,YES,237.363722,2643.312234,35.4181469999999
382000,4254000,CB4MH,14.76378,1e+06,8.01,78.11,382000 4254000,4.5,Suitable,dodgerblue,YES,237.363722,2643.312234,35.4181469999999
382000,4254000,CB4MH,47.57218,1e+06,0.79,78.3,382000 4254000,14.5,Unsuitable,black,YES,237.363722,2643.312234,35.4181469999999
382000,4254000,CB4MH,31.16798,1e+06,3.62,78.04,382000 4254000,9.5,Tolerable,yellow,YES,237.363722,2643.312234,35.4181469999999
382000,4254000,CB4MH,67.25722,1e+06,0.5,78.2,382000 4254000,20.5,Unsuitable,black,YES,237.363722,2643.312234,35.4181469999999
382000,4254000,CB4MH,44.29134,1e+06,0.98,78.2,382000 4254000,13.5,Unsuitable,black,YES,237.363722,2643.312234,35.4181469999999
382000,4254000,CB4MH,34.44882,1e+06,2.11,78.1,382000 4254000,10.5,Marginal,orange,YES,237.363722,2643.312234,35.4181469999999
382000,4254000,CB4MH,70.53806,1e+06,0.5,78.2,382000 4254000,21.5,Unsuitable,black,YES,237.363722,2643.312234,35.4181469999999
382000,4316000,CB4MH,50.85302,1e+06,1.59,78.2,382000 4316000,15.5,Unsuitable,black,YES,237.363722,2681.837236,73.9431489999997
382000,4316000,CB4MH,8.2021,1e+06,9.8,78.36,382000 4316000,2.5,Suitable,dodgerblue,YES,237.363722,2681.837236,73.9431489999997
382000,4316000,CB4MH,18.04462,1e+06,6,77.53,382000 4316000,5.5,Suitable,dodgerblue,YES,237.363722,2681.837236,73.9431489999997
382000,4316000,CB4MH,54.13386,1e+06,1.34,78.2,382000 4316000,16.5,Unsuitable,black,YES,237.363722,2681.837236,73.9431489999997
382000,4316000,CB4MH,37.72966,1e+06,3.42,77.91,382000 4316000,11.5,Tolerable,yellow,YES,237.363722,2681.837236,73.9431489999997
382000,4316000,CB4MH,27.88714,1e+06,5.59,77.73,382000 4316000,8.5,Suitable,dodgerblue,YES,237.363722,2681.837236,73.9431489999997
382000,4316000,CB4MH,1.64042,1e+06,11.26,79.28,382000 4316000,0.5,Suitable,dodgerblue,YES,237.363722,2681.837236,73.9431489999997
382000,4316000,CB4MH,4.92126,1e+06,10.92,79.05,382000 4316000,1.5,Suitable,dodgerblue,YES,237.363722,2681.837236,73.9431489999997
382000,4316000,CB4MH,44.29134,1e+06,1.99,78.1,382000 4316000,13.5,Unsuitable,black,YES,237.363722,2681.837236,73.9431489999997
382000,4316000,CB4MH,24.6063,1e+06,5.72,77.74,382000 4316000,7.5,Suitable,dodgerblue,YES,237.363722,2681.837236,73.9431489999997
382000,4316000,CB4MH,14.76378,1e+06,6.9,77.39,382000 4316000,4.5,Suitable,dodgerblue,YES,237.363722,2681.837236,73.9431489999997
382000,4316000,CB4MH,70.53806,1e+06,0.35,78.4,382000 4316000,21.5,Unsuitable,black,YES,237.363722,2681.837236,73.9431489999997
382000,4316000,CB4MH,57.4147,1e+06,1.29,78.2,382000 4316000,17.5,Unsuitable,black,YES,237.363722,2681.837236,73.9431489999997
382000,4316000,CB4MH,21.32546,1e+06,6.01,77.68,382000 4316000,6.5,Suitable,dodgerblue,YES,237.363722,2681.837236,73.9431489999997
382000,4316000,CB4MH,67.25722,1e+06,0.3,78.4,382000 4316000,20.5,Unsuitable,black,YES,237.363722,2681.837236,73.9431489999997
382000,4316000,CB4MH,11.48294,1e+06,8.27,77.58,382000 4316000,3.5,Suitable,dodgerblue,YES,237.363722,2681.837236,73.9431489999997
382000,4316000,CB4MH,47.57218,1e+06,1.84,78.1,382000 4316000,14.5,Unsuitable,black,YES,237.363722,2681.837236,73.9431489999997
382000,4316000,CB4MH,34.44882,1e+06,4.35,77.92,382000 4316000,10.5,Suitable,dodgerblue,YES,237.363722,2681.837236,73.9431489999997
382000,4316000,CB4MH,63.97638,1e+06,0.5,78.3,382000 4316000,19.5,Unsuitable,black,YES,237.363722,2681.837236,73.9431489999997
382000,4316000,CB4MH,31.16798,1e+06,5,77.82,382000 4316000,9.5,Suitable,dodgerblue,YES,237.363722,2681.837236,73.9431489999997
382000,4316000,CB4MH,60.69554,1e+06,0.99,78.3,382000 4316000,18.5,Unsuitable,black,YES,237.363722,2681.837236,73.9431489999997
382000,4316000,CB4MH,41.0105,1e+06,2.38,78.01,382000 4316000,12.5,Marginal,orange,YES,237.363722,2681.837236,73.9431489999997
382000,4317000,CB3MH,47.57218,1e+06,1.85,78.1,382000 4317000,14.5,Unsuitable,black,YES,237.363722,2682.458607,74.5645199999999
382000,4317000,CB3MH,18.04462,1e+06,6.08,77.5,382000 4317000,5.5,Suitable,dodgerblue,YES,237.363722,2682.458607,74.5645199999999
382000,4317000,CB3MH,44.29134,1e+06,2,78.1,382000 4317000,13.5,Marginal,orange,YES,237.363722,2682.458607,74.5645199999999
382000,4317000,CB3MH,11.48294,1e+06,8.72,77.59,382000 4317000,3.5,Suitable,dodgerblue,YES,237.363722,2682.458607,74.5645199999999
382000,4317000,CB3MH,8.2021,1e+06,10.31,78.65,382000 4317000,2.5,Suitable,dodgerblue,YES,237.363722,2682.458607,74.5645199999999
382000,4317000,CB3MH,31.16798,1e+06,5.05,77.8,382000 4317000,9.5,Suitable,dodgerblue,YES,237.363722,2682.458607,74.5645199999999
382000,4317000,CB3MH,63.97638,1e+06,0.5,78.3,382000 4317000,19.5,Unsuitable,black,YES,237.363722,2682.458607,74.5645199999999
382000,4317000,CB3MH,50.85302,1e+06,1.6,78.2,382000 4317000,15.5,Unsuitable,black,YES,237.363722,2682.458607,74.5645199999999
382000,4317000,CB3MH,1.64042,1e+06,11.47,79.64,382000 4317000,0.5,Suitable,dodgerblue,YES,237.363722,2682.458607,74.5645199999999
382000,4317000,CB3MH,60.69554,1e+06,1,78.3,382000 4317000,18.5,Unsuitable,black,YES,237.363722,2682.458607,74.5645199999999
382000,4317000,CB3MH,37.72966,1e+06,3.45,77.9,382000 4317000,11.5,Tolerable,yellow,YES,237.363722,2682.458607,74.5645199999999
382000,4317000,CB3MH,54.13386,1e+06,1.35,78.2,382000 4317000,16.5,Unsuitable,black,YES,237.363722,2682.458607,74.5645199999999
382000,4317000,CB3MH,57.4147,1e+06,1.3,78.2,382000 4317000,17.5,Unsuitable,black,YES,237.363722,2682.458607,74.5645199999999
382000,4317000,CB3MH,41.0105,1e+06,2.4,78,382000 4317000,12.5,Marginal,orange,YES,237.363722,2682.458607,74.5645199999999
382000,4317000,CB3MH,24.6063,1e+06,5.8,77.7,382000 4317000,7.5,Suitable,dodgerblue,YES,237.363722,2682.458607,74.5645199999999
382000,4317000,CB3MH,67.25722,1e+06,0.3,78.4,382000 4317000,20.5,Unsuitable,black,YES,237.363722,2682.458607,74.5645199999999
382000,4317000,CB3MH,14.76378,1e+06,7.07,77.31,382000 4317000,4.5,Suitable,dodgerblue,YES,237.363722,2682.458607,74.5645199999999
382000,4317000,CB3MH,21.32546,1e+06,5.87,77.7,382000 4317000,6.5,Suitable,dodgerblue,YES,237.363722,2682.458607,74.5645199999999
382000,4317000,CB3MH,70.53806,1e+06,0.35,78.4,382000 4317000,21.5,Unsuitable,black,YES,237.363722,2682.458607,74.5645199999999
382000,4317000,CB3MH,34.44882,1e+06,4.4,77.9,382000 4317000,10.5,Suitable,dodgerblue,YES,237.363722,2682.458607,74.5645199999999
382000,4317000,CB3MH,4.92126,1e+06,11.21,79.43,382000 4317000,1.5,Suitable,dodgerblue,YES,237.363722,2682.458607,74.5645199999999
382000,4317000,CB3MH,27.88714,1e+06,5.65,77.7,382000 4317000,8.5,Suitable,dodgerblue,YES,237.363722,2682.458607,74.5645199999999
383000,4250000,CB4MH,86.94226,1e+06,0.45,78.11,383000 4250000,26.5,Unsuitable,black,YES,237.985093,2640.82675,32.9326630000001
383000,4250000,CB4MH,11.48294,1e+06,8.57,78.51,383000 4250000,3.5,Suitable,dodgerblue,YES,237.985093,2640.82675,32.9326630000001
383000,4250000,CB4MH,24.6063,1e+06,6.9,78,383000 4250000,7.5,Suitable,dodgerblue,YES,237.985093,2640.82675,32.9326630000001
383000,4250000,CB4MH,54.13386,1e+06,0.55,78.3,383000 4250000,16.5,Unsuitable,black,YES,237.985093,2640.82675,32.9326630000001
383000,4250000,CB4MH,57.4147,1e+06,0.51,78.21,383000 4250000,17.5,Unsuitable,black,YES,237.985093,2640.82675,32.9326630000001
383000,4250000,CB4MH,90.2231,1e+06,0.51,78.11,383000 4250000,27.5,Unsuitable,black,YES,237.985093,2640.82675,32.9326630000001
383000,4250000,CB4MH,50.85302,1e+06,0.64,78.3,383000 4250000,15.5,Unsuitable,black,YES,237.985093,2640.82675,32.9326630000001
383000,4250000,CB4MH,103.34646,1e+06,0.73,78.3,383000 4250000,31.5,Unsuitable,black,YES,237.985093,2640.82675,32.9326630000001
383000,4250000,CB4MH,41.0105,1e+06,1.1,78.12,383000 4250000,12.5,Unsuitable,black,YES,237.985093,2640.82675,32.9326630000001
383000,4250000,CB4MH,44.29134,1e+06,0.96,78.21,383000 4250000,13.5,Unsuitable,black,YES,237.985093,2640.82675,32.9326630000001
383000,4250000,CB4MH,18.04462,1e+06,7.46,78.18,383000 4250000,5.5,Suitable,dodgerblue,YES,237.985093,2640.82675,32.9326630000001
383000,4250000,CB4MH,83.66142,1e+06,0.49,78.11,383000 4250000,25.5,Unsuitable,black,YES,237.985093,2640.82675,32.9326630000001
383000,4250000,CB4MH,27.88714,1e+06,5.72,78.07,383000 4250000,8.5,Suitable,dodgerblue,YES,237.985093,2640.82675,32.9326630000001
383000,4250000,CB4MH,100.06562,1e+06,0.7,78.3,383000 4250000,30.5,Unsuitable,black,YES,237.985093,2640.82675,32.9326630000001
383000,4250000,CB4MH,37.72966,1e+06,1.34,78.12,383000 4250000,11.5,Unsuitable,black,YES,237.985093,2640.82675,32.9326630000001
383000,4250000,CB4MH,8.2021,1e+06,8.94,78.76,383000 4250000,2.5,Suitable,dodgerblue,YES,237.985093,2640.82675,32.9326630000001
383000,4250000,CB4MH,60.69554,1e+06,0.51,78.12,383000 4250000,18.5,Unsuitable,black,YES,237.985093,2640.82675,32.9326630000001
383000,4250000,CB4MH,34.44882,1e+06,2.03,78.11,383000 4250000,10.5,Marginal,orange,YES,237.985093,2640.82675,32.9326630000001
383000,4250000,CB4MH,96.78478,1e+06,0.7,78.3,383000 4250000,29.5,Unsuitable,black,YES,237.985093,2640.82675,32.9326630000001
383000,4250000,CB4MH,47.57218,1e+06,0.78,78.3,383000 4250000,14.5,Unsuitable,black,YES,237.985093,2640.82675,32.9326630000001
383000,4250000,CB4MH,93.50394,1e+06,0.7,78.3,383000 4250000,28.5,Unsuitable,black,YES,237.985093,2640.82675,32.9326630000001
383000,4250000,CB4MH,77.09974,1e+06,0.51,78.11,383000 4250000,23.5,Unsuitable,black,YES,237.985093,2640.82675,32.9326630000001
383000,4250000,CB4MH,31.16798,1e+06,3.44,78.07,383000 4250000,9.5,Tolerable,yellow,YES,237.985093,2640.82675,32.9326630000001
383000,4250000,CB4MH,70.53806,1e+06,0.51,78.21,383000 4250000,21.5,Unsuitable,black,YES,237.985093,2640.82675,32.9326630000001
383000,4250000,CB4MH,1.64042,1e+06,8.85,79.29,383000 4250000,0.5,Suitable,dodgerblue,YES,237.985093,2640.82675,32.9326630000001
383000,4250000,CB4MH,4.92126,1e+06,8.88,79.1,383000 4250000,1.5,Suitable,dodgerblue,YES,237.985093,2640.82675,32.9326630000001
383000,4250000,CB4MH,21.32546,1e+06,7.16,78.09,383000 4250000,6.5,Suitable,dodgerblue,YES,237.985093,2640.82675,32.9326630000001
383000,4250000,CB4MH,73.8189,1e+06,0.51,78.11,383000 4250000,22.5,Unsuitable,black,YES,237.985093,2640.82675,32.9326630000001
383000,4250000,CB4MH,67.25722,1e+06,0.51,78.21,383000 4250000,20.5,Unsuitable,black,YES,237.985093,2640.82675,32.9326630000001
383000,4250000,CB4MH,80.38058,1e+06,0.51,78.11,383000 4250000,24.5,Unsuitable,black,YES,237.985093,2640.82675,32.9326630000001
383000,4250000,CB4MH,63.97638,1e+06,0.51,78.12,383000 4250000,19.5,Unsuitable,black,YES,237.985093,2640.82675,32.9326630000001
383000,4250000,CB4MH,14.76378,1e+06,7.91,78.26,383000 4250000,4.5,Suitable,dodgerblue,YES,237.985093,2640.82675,32.9326630000001
383000,4251000,CB4MH,77.09974,1e+06,0.5,78.1,383000 4251000,23.5,Unsuitable,black,YES,237.985093,2641.448121,33.5540339999998
383000,4251000,CB4MH,96.78478,1e+06,0.7,78.3,383000 4251000,29.5,Unsuitable,black,YES,237.985093,2641.448121,33.5540339999998
383000,4251000,CB4MH,21.32546,1e+06,7.34,77.91,383000 4251000,6.5,Suitable,dodgerblue,YES,237.985093,2641.448121,33.5540339999998
383000,4251000,CB4MH,8.2021,1e+06,9.14,78.66,383000 4251000,2.5,Suitable,dodgerblue,YES,237.985093,2641.448121,33.5540339999998
383000,4251000,CB4MH,80.38058,1e+06,0.5,78.1,383000 4251000,24.5,Unsuitable,black,YES,237.985093,2641.448121,33.5540339999998
383000,4251000,CB4MH,34.44882,1e+06,2.11,78.1,383000 4251000,10.5,Marginal,orange,YES,237.985093,2641.448121,33.5540339999998
383000,4251000,CB4MH,44.29134,1e+06,0.98,78.2,383000 4251000,13.5,Unsuitable,black,YES,237.985093,2641.448121,33.5540339999998
383000,4251000,CB4MH,18.04462,1e+06,7.57,78,383000 4251000,5.5,Suitable,dodgerblue,YES,237.985093,2641.448121,33.5540339999998
383000,4251000,CB4MH,67.25722,1e+06,0.5,78.2,383000 4251000,20.5,Unsuitable,black,YES,237.985093,2641.448121,33.5540339999998
383000,4251000,CB4MH,11.48294,1e+06,8.75,78.38,383000 4251000,3.5,Suitable,dodgerblue,YES,237.985093,2641.448121,33.5540339999998
383000,4251000,CB4MH,37.72966,1e+06,1.38,78.11,383000 4251000,11.5,Unsuitable,black,YES,237.985093,2641.448121,33.5540339999998
383000,4251000,CB4MH,41.0105,1e+06,1.13,78.11,383000 4251000,12.5,Unsuitable,black,YES,237.985093,2641.448121,33.5540339999998
383000,4251000,CB4MH,100.06562,1e+06,0.7,78.3,383000 4251000,30.5,Unsuitable,black,YES,237.985093,2641.448121,33.5540339999998
383000,4251000,CB4MH,4.92126,1e+06,9.05,79.04,383000 4251000,1.5,Suitable,dodgerblue,YES,237.985093,2641.448121,33.5540339999998
383000,4251000,CB4MH,93.50394,1e+06,0.7,78.3,383000 4251000,28.5,Unsuitable,black,YES,237.985093,2641.448121,33.5540339999998
383000,4251000,CB4MH,70.53806,1e+06,0.5,78.2,383000 4251000,21.5,Unsuitable,black,YES,237.985093,2641.448121,33.5540339999998
383000,4251000,CB4MH,31.16798,1e+06,3.64,78.03,383000 4251000,9.5,Tolerable,yellow,YES,237.985093,2641.448121,33.5540339999998
383000,4251000,CB4MH,86.94226,1e+06,0.43,78.1,383000 4251000,26.5,Unsuitable,black,YES,237.985093,2641.448121,33.5540339999998
383000,4251000,CB4MH,83.66142,1e+06,0.48,78.1,383000 4251000,25.5,Unsuitable,black,YES,237.985093,2641.448121,33.5540339999998
383000,4251000,CB4MH,24.6063,1e+06,7.11,77.81,383000 4251000,7.5,Suitable,dodgerblue,YES,237.985093,2641.448121,33.5540339999998
383000,4251000,CB4MH,90.2231,1e+06,0.5,78.1,383000 4251000,27.5,Unsuitable,black,YES,237.985093,2641.448121,33.5540339999998
383000,4251000,CB4MH,54.13386,1e+06,0.55,78.3,383000 4251000,16.5,Unsuitable,black,YES,237.985093,2641.448121,33.5540339999998
383000,4251000,CB4MH,103.34646,1e+06,0.73,78.3,383000 4251000,31.5,Unsuitable,black,YES,237.985093,2641.448121,33.5540339999998
383000,4251000,CB4MH,14.76378,1e+06,8.02,78.1,383000 4251000,4.5,Suitable,dodgerblue,YES,237.985093,2641.448121,33.5540339999998
383000,4251000,CB4MH,106.6273,1e+06,0.77,78.3,383000 4251000,32.5,Unsuitable,black,YES,237.985093,2641.448121,33.5540339999998
383000,4251000,CB4MH,27.88714,1e+06,5.85,77.9,383000 4251000,8.5,Suitable,dodgerblue,YES,237.985093,2641.448121,33.5540339999998
383000,4251000,CB4MH,47.57218,1e+06,0.79,78.3,383000 4251000,14.5,Unsuitable,black,YES,237.985093,2641.448121,33.5540339999998
383000,4251000,CB4MH,73.8189,1e+06,0.5,78.1,383000 4251000,22.5,Unsuitable,black,YES,237.985093,2641.448121,33.5540339999998
383000,4251000,CB4MH,1.64042,1e+06,9.01,79.24,383000 4251000,0.5,Suitable,dodgerblue,YES,237.985093,2641.448121,33.5540339999998
383000,4251000,CB4MH,63.97638,1e+06,0.5,78.11,383000 4251000,19.5,Unsuitable,black,YES,237.985093,2641.448121,33.5540339999998
383000,4251000,CB4MH,60.69554,1e+06,0.5,78.11,383000 4251000,18.5,Unsuitable,black,YES,237.985093,2641.448121,33.5540339999998
383000,4251000,CB4MH,57.4147,1e+06,0.5,78.2,383000 4251000,17.5,Unsuitable,black,YES,237.985093,2641.448121,33.5540339999998
383000,4251000,CB4MH,50.85302,1e+06,0.65,78.3,383000 4251000,15.5,Unsuitable,black,YES,237.985093,2641.448121,33.5540339999998
383000,4252000,CB4MH,11.48294,1e+06,8.84,78.31,383000 4252000,3.5,Suitable,dodgerblue,YES,237.985093,2642.069492,34.175405
383000,4252000,CB4MH,44.29134,1e+06,1,78.2,383000 4252000,13.5,Unsuitable,black,YES,237.985093,2642.069492,34.175405
383000,4252000,CB4MH,90.2231,1e+06,0.5,78.1,383000 4252000,27.5,Unsuitable,black,YES,237.985093,2642.069492,34.175405
383000,4252000,CB4MH,93.50394,1e+06,0.7,78.3,383000 4252000,28.5,Unsuitable,black,YES,237.985093,2642.069492,34.175405
383000,4252000,CB4MH,14.76378,1e+06,8.09,78.01,383000 4252000,4.5,Suitable,dodgerblue,YES,237.985093,2642.069492,34.175405
383000,4252000,CB4MH,1.64042,1e+06,9.09,79.21,383000 4252000,0.5,Suitable,dodgerblue,YES,237.985093,2642.069492,34.175405
383000,4252000,CB4MH,4.92126,1e+06,9.14,79.01,383000 4252000,1.5,Suitable,dodgerblue,YES,237.985093,2642.069492,34.175405
383000,4252000,CB4MH,77.09974,1e+06,0.5,78.1,383000 4252000,23.5,Unsuitable,black,YES,237.985093,2642.069492,34.175405
383000,4252000,CB4MH,27.88714,1e+06,5.94,77.81,383000 4252000,8.5,Suitable,dodgerblue,YES,237.985093,2642.069492,34.175405
383000,4252000,CB4MH,47.57218,1e+06,0.8,78.3,383000 4252000,14.5,Unsuitable,black,YES,237.985093,2642.069492,34.175405
383000,4252000,CB4MH,41.0105,1e+06,1.15,78.1,383000 4252000,12.5,Unsuitable,black,YES,237.985093,2642.069492,34.175405
383000,4252000,CB4MH,86.94226,1e+06,0.43,78.1,383000 4252000,26.5,Unsuitable,black,YES,237.985093,2642.069492,34.175405
383000,4252000,CB4MH,8.2021,1e+06,9.23,78.61,383000 4252000,2.5,Suitable,dodgerblue,YES,237.985093,2642.069492,34.175405
383000,4252000,CB4MH,70.53806,1e+06,0.5,78.2,383000 4252000,21.5,Unsuitable,black,YES,237.985093,2642.069492,34.175405
383000,4252000,CB4MH,73.8189,1e+06,0.5,78.1,383000 4252000,22.5,Unsuitable,black,YES,237.985093,2642.069492,34.175405
383000,4252000,CB4MH,96.78478,1e+06,0.7,78.3,383000 4252000,29.5,Unsuitable,black,YES,237.985093,2642.069492,34.175405
383000,4252000,CB4MH,83.66142,1e+06,0.48,78.1,383000 4252000,25.5,Unsuitable,black,YES,237.985093,2642.069492,34.175405
383000,4252000,CB4MH,31.16798,1e+06,3.73,78,383000 4252000,9.5,Tolerable,yellow,YES,237.985093,2642.069492,34.175405
383000,4252000,CB4MH,24.6063,1e+06,7.23,77.71,383000 4252000,7.5,Suitable,dodgerblue,YES,237.985093,2642.069492,34.175405
383000,4252000,CB4MH,18.04462,1e+06,7.64,77.91,383000 4252000,5.5,Suitable,dodgerblue,YES,237.985093,2642.069492,34.175405
383000,4252000,CB4MH,80.38058,1e+06,0.5,78.1,383000 4252000,24.5,Unsuitable,black,YES,237.985093,2642.069492,34.175405
383000,4252000,CB4MH,60.69554,1e+06,0.5,78.1,383000 4252000,18.5,Unsuitable,black,YES,237.985093,2642.069492,34.175405
383000,4252000,CB4MH,54.13386,1e+06,0.55,78.3,383000 4252000,16.5,Unsuitable,black,YES,237.985093,2642.069492,34.175405
383000,4252000,CB4MH,50.85302,1e+06,0.65,78.3,383000 4252000,15.5,Unsuitable,black,YES,237.985093,2642.069492,34.175405
383000,4252000,CB4MH,37.72966,1e+06,1.4,78.1,383000 4252000,11.5,Unsuitable,black,YES,237.985093,2642.069492,34.175405
383000,4252000,CB4MH,21.32546,1e+06,7.43,77.81,383000 4252000,6.5,Suitable,dodgerblue,YES,237.985093,2642.069492,34.175405
383000,4252000,CB4MH,67.25722,1e+06,0.5,78.2,383000 4252000,20.5,Unsuitable,black,YES,237.985093,2642.069492,34.175405
383000,4252000,CB4MH,57.4147,1e+06,0.5,78.2,383000 4252000,17.5,Unsuitable,black,YES,237.985093,2642.069492,34.175405
383000,4252000,CB4MH,34.44882,1e+06,2.14,78.1,383000 4252000,10.5,Marginal,orange,YES,237.985093,2642.069492,34.175405
383000,4252000,CB4MH,63.97638,1e+06,0.5,78.1,383000 4252000,19.5,Unsuitable,black,YES,237.985093,2642.069492,34.175405
383000,4318000,CB3MH,44.29134,1e+06,1.99,78.1,383000 4318000,13.5,Unsuitable,black,YES,237.985093,2683.079978,75.1858910000001
383000,4318000,CB3MH,11.48294,1e+06,6.32,77.35,383000 4318000,3.5,Suitable,dodgerblue,YES,237.985093,2683.079978,75.1858910000001
383000,4318000,CB3MH,31.16798,1e+06,4.99,77.81,383000 4318000,9.5,Suitable,dodgerblue,YES,237.985093,2683.079978,75.1858910000001
383000,4318000,CB3MH,21.32546,1e+06,6,77.67,383000 4318000,6.5,Suitable,dodgerblue,YES,237.985093,2683.079978,75.1858910000001
383000,4318000,CB3MH,24.6063,1e+06,5.74,77.71,383000 4318000,7.5,Suitable,dodgerblue,YES,237.985093,2683.079978,75.1858910000001
383000,4318000,CB3MH,63.97638,1e+06,0.5,78.3,383000 4318000,19.5,Unsuitable,black,YES,237.985093,2683.079978,75.1858910000001
383000,4318000,CB3MH,54.13386,1e+06,1.34,78.2,383000 4318000,16.5,Unsuitable,black,YES,237.985093,2683.079978,75.1858910000001
383000,4318000,CB3MH,60.69554,1e+06,0.99,78.3,383000 4318000,18.5,Unsuitable,black,YES,237.985093,2683.079978,75.1858910000001
383000,4318000,CB3MH,57.4147,1e+06,1.29,78.2,383000 4318000,17.5,Unsuitable,black,YES,237.985093,2683.079978,75.1858910000001
383000,4318000,CB3MH,14.76378,1e+06,5.5,77.56,383000 4318000,4.5,Suitable,dodgerblue,YES,237.985093,2683.079978,75.1858910000001
383000,4318000,CB3MH,47.57218,1e+06,1.84,78.1,383000 4318000,14.5,Unsuitable,black,YES,237.985093,2683.079978,75.1858910000001
383000,4318000,CB3MH,41.0105,1e+06,2.39,78,383000 4318000,12.5,Marginal,orange,YES,237.985093,2683.079978,75.1858910000001
383000,4318000,CB3MH,18.04462,1e+06,4.76,77.67,383000 4318000,5.5,Suitable,dodgerblue,YES,237.985093,2683.079978,75.1858910000001
383000,4318000,CB3MH,50.85302,1e+06,1.59,78.2,383000 4318000,15.5,Unsuitable,black,YES,237.985093,2683.079978,75.1858910000001
383000,4318000,CB3MH,1.64042,1e+06,11.42,78.39,383000 4318000,0.5,Suitable,dodgerblue,YES,237.985093,2683.079978,75.1858910000001
383000,4318000,CB3MH,34.44882,1e+06,4.4,77.9,383000 4318000,10.5,Suitable,dodgerblue,YES,237.985093,2683.079978,75.1858910000001
383000,4318000,CB3MH,4.92126,1e+06,10.74,78.02,383000 4318000,1.5,Suitable,dodgerblue,YES,237.985093,2683.079978,75.1858910000001
383000,4318000,CB3MH,27.88714,1e+06,5.58,77.71,383000 4318000,8.5,Suitable,dodgerblue,YES,237.985093,2683.079978,75.1858910000001
383000,4318000,CB3MH,37.72966,1e+06,3.44,77.9,383000 4318000,11.5,Tolerable,yellow,YES,237.985093,2683.079978,75.1858910000001
383000,4318000,CB3MH,8.2021,1e+06,8.28,77.41,383000 4318000,2.5,Suitable,dodgerblue,YES,237.985093,2683.079978,75.1858910000001
383000,4319000,CB3MH,37.72966,1e+06,3.43,77.9,383000 4319000,11.5,Tolerable,yellow,YES,237.985093,2683.701349,75.8072619999998
383000,4319000,CB3MH,31.16798,1e+06,4.88,77.83,383000 4319000,9.5,Suitable,dodgerblue,YES,237.985093,2683.701349,75.8072619999998
383000,4319000,CB3MH,47.57218,1e+06,1.82,78.1,383000 4319000,14.5,Unsuitable,black,YES,237.985093,2683.701349,75.8072619999998
383000,4319000,CB3MH,14.76378,1e+06,5.97,77.54,383000 4319000,4.5,Suitable,dodgerblue,YES,237.985093,2683.701349,75.8072619999998
383000,4319000,CB3MH,44.29134,1e+06,1.97,78.1,383000 4319000,13.5,Unsuitable,black,YES,237.985093,2683.701349,75.8072619999998
383000,4319000,CB3MH,1.64042,1e+06,11.26,78.57,383000 4319000,0.5,Suitable,dodgerblue,YES,237.985093,2683.701349,75.8072619999998
383000,4319000,CB3MH,11.48294,1e+06,6.88,77.44,383000 4319000,3.5,Suitable,dodgerblue,YES,237.985093,2683.701349,75.8072619999998
383000,4319000,CB3MH,21.32546,1e+06,6.19,77.63,383000 4319000,6.5,Suitable,dodgerblue,YES,237.985093,2683.701349,75.8072619999998
383000,4319000,CB3MH,41.0105,1e+06,2.38,78,383000 4319000,12.5,Marginal,orange,YES,237.985093,2683.701349,75.8072619999998
383000,4319000,CB3MH,34.44882,1e+06,4.39,77.9,383000 4319000,10.5,Suitable,dodgerblue,YES,237.985093,2683.701349,75.8072619999998
383000,4319000,CB3MH,8.2021,1e+06,8.64,77.65,383000 4319000,2.5,Suitable,dodgerblue,YES,237.985093,2683.701349,75.8072619999998
383000,4319000,CB3MH,24.6063,1e+06,5.62,77.74,383000 4319000,7.5,Suitable,dodgerblue,YES,237.985093,2683.701349,75.8072619999998
383000,4319000,CB3MH,27.88714,1e+06,5.46,77.74,383000 4319000,8.5,Suitable,dodgerblue,YES,237.985093,2683.701349,75.8072619999998
383000,4319000,CB3MH,18.04462,1e+06,5.2,77.63,383000 4319000,5.5,Suitable,dodgerblue,YES,237.985093,2683.701349,75.8072619999998
383000,4319000,CB3MH,4.92126,1e+06,10.68,78.25,383000 4319000,1.5,Suitable,dodgerblue,YES,237.985093,2683.701349,75.8072619999998
383000,4321000,CB3MH,18.04462,1e+06,5.78,77.62,383000 4321000,5.5,Suitable,dodgerblue,YES,237.985093,2684.944091,77.0500039999997
383000,4321000,CB3MH,24.6063,1e+06,5.19,77.82,383000 4321000,7.5,Suitable,dodgerblue,YES,237.985093,2684.944091,77.0500039999997
383000,4321000,CB3MH,21.32546,1e+06,6.28,77.62,383000 4321000,6.5,Suitable,dodgerblue,YES,237.985093,2684.944091,77.0500039999997
383000,4321000,CB3MH,14.76378,1e+06,6.44,77.56,383000 4321000,4.5,Suitable,dodgerblue,YES,237.985093,2684.944091,77.0500039999997
383000,4321000,CB3MH,11.48294,1e+06,7.33,77.57,383000 4321000,3.5,Suitable,dodgerblue,YES,237.985093,2684.944091,77.0500039999997
383000,4321000,CB3MH,27.88714,1e+06,5.01,77.82,383000 4321000,8.5,Suitable,dodgerblue,YES,237.985093,2684.944091,77.0500039999997
383000,4321000,CB3MH,41.0105,1e+06,2.28,78.05,383000 4321000,12.5,Marginal,orange,YES,237.985093,2684.944091,77.0500039999997
383000,4321000,CB3MH,47.57218,1e+06,1.73,78.15,383000 4321000,14.5,Unsuitable,black,YES,237.985093,2684.944091,77.0500039999997
383000,4321000,CB3MH,1.64042,1e+06,10.88,78.69,383000 4321000,0.5,Suitable,dodgerblue,YES,237.985093,2684.944091,77.0500039999997
383000,4321000,CB3MH,8.2021,1e+06,8.82,77.89,383000 4321000,2.5,Suitable,dodgerblue,YES,237.985093,2684.944091,77.0500039999997
383000,4321000,CB3MH,44.29134,1e+06,1.87,78.15,383000 4321000,13.5,Unsuitable,black,YES,237.985093,2684.944091,77.0500039999997
383000,4321000,CB3MH,31.16798,1e+06,4.48,77.9,383000 4321000,9.5,Suitable,dodgerblue,YES,237.985093,2684.944091,77.0500039999997
383000,4321000,CB3MH,34.44882,1e+06,4.27,77.93,383000 4321000,10.5,Suitable,dodgerblue,YES,237.985093,2684.944091,77.0500039999997
383000,4321000,CB3MH,4.92126,1e+06,10.41,78.43,383000 4321000,1.5,Suitable,dodgerblue,YES,237.985093,2684.944091,77.0500039999997
383000,4321000,CB3MH,37.72966,1e+06,3.32,77.94,383000 4321000,11.5,Tolerable,yellow,YES,237.985093,2684.944091,77.0500039999997
383000,4321000,CB3MH,50.85302,1e+06,1.53,78.21,383000 4321000,15.5,Unsuitable,black,YES,237.985093,2684.944091,77.0500039999997
384000,4248000,CB5MH_MD,77.09974,1e+06,0.56,78.16,384000 4248000,23.5,Unsuitable,black,YES,238.606464,2639.584008,31.6899210000001
384000,4248000,CB5MH_MD,106.6273,1e+06,0.77,78.3,384000 4248000,32.5,Unsuitable,black,YES,238.606464,2639.584008,31.6899210000001
384000,4248000,CB5MH_MD,41.0105,1e+06,1.41,78.55,384000 4248000,12.5,Unsuitable,black,YES,238.606464,2639.584008,31.6899210000001
384000,4248000,CB5MH_MD,109.90814,1e+06,0.8,78.3,384000 4248000,33.5,Unsuitable,black,YES,238.606464,2639.584008,31.6899210000001
384000,4248000,CB5MH_MD,44.29134,1e+06,1.22,78.59,384000 4248000,13.5,Unsuitable,black,YES,238.606464,2639.584008,31.6899210000001
384000,4248000,CB5MH_MD,86.94226,1e+06,0.51,78.17,384000 4248000,26.5,Unsuitable,black,YES,238.606464,2639.584008,31.6899210000001
384000,4248000,CB5MH_MD,27.88714,1e+06,5.46,78.72,384000 4248000,8.5,Suitable,dodgerblue,YES,238.606464,2639.584008,31.6899210000001
384000,4248000,CB5MH_MD,80.38058,1e+06,0.56,78.16,384000 4248000,24.5,Unsuitable,black,YES,238.606464,2639.584008,31.6899210000001
384000,4248000,CB5MH_MD,24.6063,1e+06,6.36,78.67,384000 4248000,7.5,Suitable,dodgerblue,YES,238.606464,2639.584008,31.6899210000001
384000,4248000,CB5MH_MD,70.53806,1e+06,0.56,78.23,384000 4248000,21.5,Unsuitable,black,YES,238.606464,2639.584008,31.6899210000001
384000,4248000,CB5MH_MD,83.66142,1e+06,0.55,78.17,384000 4248000,25.5,Unsuitable,black,YES,238.606464,2639.584008,31.6899210000001
384000,4248000,CB5MH_MD,67.25722,1e+06,0.56,78.23,384000 4248000,20.5,Unsuitable,black,YES,238.606464,2639.584008,31.6899210000001
384000,4248000,CB5MH_MD,37.72966,1e+06,1.65,78.54,384000 4248000,11.5,Unsuitable,black,YES,238.606464,2639.584008,31.6899210000001
384000,4248000,CB5MH_MD,63.97638,1e+06,0.57,78.17,384000 4248000,19.5,Unsuitable,black,YES,238.606464,2639.584008,31.6899210000001
384000,4248000,CB5MH_MD,96.78478,1e+06,0.7,78.3,384000 4248000,29.5,Unsuitable,black,YES,238.606464,2639.584008,31.6899210000001
384000,4248000,CB5MH_MD,50.85302,1e+06,0.85,78.63,384000 4248000,15.5,Unsuitable,black,YES,238.606464,2639.584008,31.6899210000001
384000,4248000,CB5MH_MD,11.48294,1e+06,8.04,78.9,384000 4248000,3.5,Suitable,dodgerblue,YES,238.606464,2639.584008,31.6899210000001
384000,4248000,CB5MH_MD,34.44882,1e+06,2.14,78.51,384000 4248000,10.5,Marginal,orange,YES,238.606464,2639.584008,31.6899210000001
384000,4248000,CB5MH_MD,73.8189,1e+06,0.56,78.16,384000 4248000,22.5,Unsuitable,black,YES,238.606464,2639.584008,31.6899210000001
384000,4248000,CB5MH_MD,90.2231,1e+06,0.57,78.17,384000 4248000,27.5,Unsuitable,black,YES,238.606464,2639.584008,31.6899210000001
384000,4248000,CB5MH_MD,93.50394,1e+06,0.7,78.3,384000 4248000,28.5,Unsuitable,black,YES,238.606464,2639.584008,31.6899210000001
384000,4248000,CB5MH_MD,1.64042,1e+06,8.24,79.37,384000 4248000,0.5,Suitable,dodgerblue,YES,238.606464,2639.584008,31.6899210000001
384000,4248000,CB5MH_MD,21.32546,1e+06,6.72,78.72,384000 4248000,6.5,Suitable,dodgerblue,YES,238.606464,2639.584008,31.6899210000001
384000,4248000,CB5MH_MD,100.06562,1e+06,0.7,78.3,384000 4248000,30.5,Unsuitable,black,YES,238.606464,2639.584008,31.6899210000001
384000,4248000,CB5MH_MD,4.92126,1e+06,8.25,79.22,384000 4248000,1.5,Suitable,dodgerblue,YES,238.606464,2639.584008,31.6899210000001
384000,4248000,CB5MH_MD,31.16798,1e+06,3.11,78.5,384000 4248000,9.5,Tolerable,yellow,YES,238.606464,2639.584008,31.6899210000001
384000,4248000,CB5MH_MD,18.04462,1e+06,7.19,78.74,384000 4248000,5.5,Suitable,dodgerblue,YES,238.606464,2639.584008,31.6899210000001
384000,4248000,CB5MH_MD,103.34646,1e+06,0.73,78.3,384000 4248000,31.5,Unsuitable,black,YES,238.606464,2639.584008,31.6899210000001
384000,4248000,CB5MH_MD,14.76378,1e+06,7.6,78.79,384000 4248000,4.5,Suitable,dodgerblue,YES,238.606464,2639.584008,31.6899210000001
384000,4248000,CB5MH_MD,60.69554,1e+06,0.57,78.17,384000 4248000,18.5,Unsuitable,black,YES,238.606464,2639.584008,31.6899210000001
384000,4248000,CB5MH_MD,57.4147,1e+06,0.55,78.23,384000 4248000,17.5,Unsuitable,black,YES,238.606464,2639.584008,31.6899210000001
384000,4248000,CB5MH_MD,8.2021,1e+06,8.26,79.04,384000 4248000,2.5,Suitable,dodgerblue,YES,238.606464,2639.584008,31.6899210000001
384000,4248000,CB5MH_MD,47.57218,1e+06,1.02,78.64,384000 4248000,14.5,Unsuitable,black,YES,238.606464,2639.584008,31.6899210000001
384000,4248000,CB5MH_MD,54.13386,1e+06,0.58,78.29,384000 4248000,16.5,Unsuitable,black,YES,238.606464,2639.584008,31.6899210000001
384000,4249000,CB5MH_MD,54.13386,1e+06,0.56,78.3,384000 4249000,16.5,Unsuitable,black,YES,238.606464,2640.205379,32.3112919999999
384000,4249000,CB5MH_MD,47.57218,1e+06,0.95,78.54,384000 4249000,14.5,Unsuitable,black,YES,238.606464,2640.205379,32.3112919999999
384000,4249000,CB5MH_MD,1.64042,1e+06,8.5,79.33,384000 4249000,0.5,Suitable,dodgerblue,YES,238.606464,2640.205379,32.3112919999999
384000,4249000,CB5MH_MD,44.29134,1e+06,1.16,78.48,384000 4249000,13.5,Unsuitable,black,YES,238.606464,2640.205379,32.3112919999999
384000,4249000,CB5MH_MD,41.0105,1e+06,1.34,78.41,384000 4249000,12.5,Unsuitable,black,YES,238.606464,2640.205379,32.3112919999999
384000,4249000,CB5MH_MD,8.2021,1e+06,8.56,78.92,384000 4249000,2.5,Suitable,dodgerblue,YES,238.606464,2640.205379,32.3112919999999
384000,4249000,CB5MH_MD,103.34646,1e+06,0.73,78.3,384000 4249000,31.5,Unsuitable,black,YES,238.606464,2640.205379,32.3112919999999
384000,4249000,CB5MH_MD,100.06562,1e+06,0.7,78.3,384000 4249000,30.5,Unsuitable,black,YES,238.606464,2640.205379,32.3112919999999
384000,4249000,CB5MH_MD,57.4147,1e+06,0.53,78.22,384000 4249000,17.5,Unsuitable,black,YES,238.606464,2640.205379,32.3112919999999
384000,4249000,CB5MH_MD,106.6273,1e+06,0.77,78.3,384000 4249000,32.5,Unsuitable,black,YES,238.606464,2640.205379,32.3112919999999
384000,4249000,CB5MH_MD,21.32546,1e+06,6.95,78.45,384000 4249000,6.5,Suitable,dodgerblue,YES,238.606464,2640.205379,32.3112919999999
384000,4249000,CB5MH_MD,73.8189,1e+06,0.53,78.14,384000 4249000,22.5,Unsuitable,black,YES,238.606464,2640.205379,32.3112919999999
384000,4249000,CB5MH_MD,83.66142,1e+06,0.52,78.14,384000 4249000,25.5,Unsuitable,black,YES,238.606464,2640.205379,32.3112919999999
384000,4249000,CB5MH_MD,50.85302,1e+06,0.79,78.53,384000 4249000,15.5,Unsuitable,black,YES,238.606464,2640.205379,32.3112919999999
384000,4249000,CB5MH_MD,31.16798,1e+06,3.34,78.36,384000 4249000,9.5,Tolerable,yellow,YES,238.606464,2640.205379,32.3112919999999
384000,4249000,CB5MH_MD,34.44882,1e+06,2.17,78.38,384000 4249000,10.5,Marginal,orange,YES,238.606464,2640.205379,32.3112919999999
384000,4249000,CB5MH_MD,60.69554,1e+06,0.54,78.14,384000 4249000,18.5,Unsuitable,black,YES,238.606464,2640.205379,32.3112919999999
384000,4249000,CB5MH_MD,63.97638,1e+06,0.54,78.14,384000 4249000,19.5,Unsuitable,black,YES,238.606464,2640.205379,32.3112919999999
384000,4249000,CB5MH_MD,80.38058,1e+06,0.53,78.14,384000 4249000,24.5,Unsuitable,black,YES,238.606464,2640.205379,32.3112919999999
384000,4249000,CB5MH_MD,90.2231,1e+06,0.54,78.14,384000 4249000,27.5,Unsuitable,black,YES,238.606464,2640.205379,32.3112919999999
384000,4249000,CB5MH_MD,96.78478,1e+06,0.7,78.3,384000 4249000,29.5,Unsuitable,black,YES,238.606464,2640.205379,32.3112919999999
384000,4249000,CB5MH_MD,37.72966,1e+06,1.58,78.4,384000 4249000,11.5,Unsuitable,black,YES,238.606464,2640.205379,32.3112919999999
384000,4249000,CB5MH_MD,14.76378,1e+06,7.75,78.56,384000 4249000,4.5,Suitable,dodgerblue,YES,238.606464,2640.205379,32.3112919999999
384000,4249000,CB5MH_MD,27.88714,1e+06,5.63,78.45,384000 4249000,8.5,Suitable,dodgerblue,YES,238.606464,2640.205379,32.3112919999999
384000,4249000,CB5MH_MD,67.25722,1e+06,0.54,78.22,384000 4249000,20.5,Unsuitable,black,YES,238.606464,2640.205379,32.3112919999999
384000,4249000,CB5MH_MD,11.48294,1e+06,8.28,78.73,384000 4249000,3.5,Suitable,dodgerblue,YES,238.606464,2640.205379,32.3112919999999
384000,4249000,CB5MH_MD,77.09974,1e+06,0.53,78.14,384000 4249000,23.5,Unsuitable,black,YES,238.606464,2640.205379,32.3112919999999
384000,4249000,CB5MH_MD,4.92126,1e+06,8.52,79.17,384000 4249000,1.5,Suitable,dodgerblue,YES,238.606464,2640.205379,32.3112919999999
384000,4249000,CB5MH_MD,24.6063,1e+06,6.64,78.39,384000 4249000,7.5,Suitable,dodgerblue,YES,238.606464,2640.205379,32.3112919999999
384000,4249000,CB5MH_MD,70.53806,1e+06,0.53,78.22,384000 4249000,21.5,Unsuitable,black,YES,238.606464,2640.205379,32.3112919999999
384000,4249000,CB5MH_MD,18.04462,1e+06,7.33,78.5,384000 4249000,5.5,Suitable,dodgerblue,YES,238.606464,2640.205379,32.3112919999999
384000,4249000,CB5MH_MD,86.94226,1e+06,0.48,78.14,384000 4249000,26.5,Unsuitable,black,YES,238.606464,2640.205379,32.3112919999999
384000,4249000,CB5MH_MD,93.50394,1e+06,0.7,78.3,384000 4249000,28.5,Unsuitable,black,YES,238.606464,2640.205379,32.3112919999999
384000,4321000,CB3MH,50.85302,1e+06,1.52,78.21,384000 4321000,15.5,Unsuitable,black,YES,238.606464,2684.944091,77.0500039999997
384000,4321000,CB3MH,8.2021,1e+06,8.82,77.88,384000 4321000,2.5,Suitable,dodgerblue,YES,238.606464,2684.944091,77.0500039999997
384000,4321000,CB3MH,24.6063,1e+06,5.03,77.86,384000 4321000,7.5,Suitable,dodgerblue,YES,238.606464,2684.944091,77.0500039999997
384000,4321000,CB3MH,11.48294,1e+06,7.32,77.6,384000 4321000,3.5,Suitable,dodgerblue,YES,238.606464,2684.944091,77.0500039999997
384000,4321000,CB3MH,44.29134,1e+06,1.9,78.11,384000 4321000,13.5,Unsuitable,black,YES,238.606464,2684.944091,77.0500039999997
384000,4321000,CB3MH,21.32546,1e+06,6.08,77.68,384000 4321000,6.5,Suitable,dodgerblue,YES,238.606464,2684.944091,77.0500039999997
384000,4321000,CB3MH,18.04462,1e+06,5.59,77.66,384000 4321000,5.5,Suitable,dodgerblue,YES,238.606464,2684.944091,77.0500039999997
384000,4321000,CB3MH,14.76378,1e+06,6.39,77.61,384000 4321000,4.5,Suitable,dodgerblue,YES,238.606464,2684.944091,77.0500039999997
384000,4321000,CB3MH,1.64042,1e+06,10.96,78.69,384000 4321000,0.5,Suitable,dodgerblue,YES,238.606464,2684.944091,77.0500039999997
384000,4321000,CB3MH,41.0105,1e+06,2.32,78.01,384000 4321000,12.5,Marginal,orange,YES,238.606464,2684.944091,77.0500039999997
384000,4321000,CB3MH,37.72966,1e+06,3.39,77.9,384000 4321000,11.5,Tolerable,yellow,YES,238.606464,2684.944091,77.0500039999997
384000,4321000,CB3MH,47.57218,1e+06,1.76,78.11,384000 4321000,14.5,Unsuitable,black,YES,238.606464,2684.944091,77.0500039999997
384000,4321000,CB3MH,31.16798,1e+06,4.34,77.94,384000 4321000,9.5,Suitable,dodgerblue,YES,238.606464,2684.944091,77.0500039999997
384000,4321000,CB3MH,34.44882,1e+06,4.36,77.88,384000 4321000,10.5,Suitable,dodgerblue,YES,238.606464,2684.944091,77.0500039999997
384000,4321000,CB3MH,4.92126,1e+06,10.46,78.41,384000 4321000,1.5,Suitable,dodgerblue,YES,238.606464,2684.944091,77.0500039999997
384000,4321000,CB3MH,27.88714,1e+06,4.84,77.86,384000 4321000,8.5,Suitable,dodgerblue,YES,238.606464,2684.944091,77.0500039999997
384000,4322000,CB3MH,34.44882,1e+06,4.16,77.94,384000 4322000,10.5,Suitable,dodgerblue,YES,238.606464,2685.565462,77.6713749999999
384000,4322000,CB3MH,21.32546,1e+06,6,77.69,384000 4322000,6.5,Suitable,dodgerblue,YES,238.606464,2685.565462,77.6713749999999
384000,4322000,CB3MH,14.76378,1e+06,6.53,77.65,384000 4322000,4.5,Suitable,dodgerblue,YES,238.606464,2685.565462,77.6713749999999
384000,4322000,CB3MH,50.85302,1e+06,1.49,78.21,384000 4322000,15.5,Unsuitable,black,YES,238.606464,2685.565462,77.6713749999999
384000,4322000,CB3MH,27.88714,1e+06,4.57,77.89,384000 4322000,8.5,Suitable,dodgerblue,YES,238.606464,2685.565462,77.6713749999999
384000,4322000,CB3MH,18.04462,1e+06,5.72,77.68,384000 4322000,5.5,Suitable,dodgerblue,YES,238.606464,2685.565462,77.6713749999999
384000,4322000,CB3MH,11.48294,1e+06,7.46,77.67,384000 4322000,3.5,Suitable,dodgerblue,YES,238.606464,2685.565462,77.6713749999999
384000,4322000,CB3MH,4.92126,1e+06,10.36,78.48,384000 4322000,1.5,Suitable,dodgerblue,YES,238.606464,2685.565462,77.6713749999999
384000,4322000,CB3MH,41.0105,1e+06,2.21,78.08,384000 4322000,12.5,Marginal,orange,YES,238.606464,2685.565462,77.6713749999999
384000,4322000,CB3MH,24.6063,1e+06,4.78,77.89,384000 4322000,7.5,Suitable,dodgerblue,YES,238.606464,2685.565462,77.6713749999999
384000,4322000,CB3MH,31.16798,1e+06,4.1,77.97,384000 4322000,9.5,Suitable,dodgerblue,YES,238.606464,2685.565462,77.6713749999999
384000,4322000,CB3MH,1.64042,1e+06,10.83,78.74,384000 4322000,0.5,Suitable,dodgerblue,YES,238.606464,2685.565462,77.6713749999999
384000,4322000,CB3MH,47.57218,1e+06,1.67,78.18,384000 4322000,14.5,Unsuitable,black,YES,238.606464,2685.565462,77.6713749999999
384000,4322000,CB3MH,37.72966,1e+06,3.25,77.96,384000 4322000,11.5,Tolerable,yellow,YES,238.606464,2685.565462,77.6713749999999
384000,4322000,CB3MH,44.29134,1e+06,1.8,78.18,384000 4322000,13.5,Unsuitable,black,YES,238.606464,2685.565462,77.6713749999999
384000,4322000,CB3MH,8.2021,1e+06,8.87,77.97,384000 4322000,2.5,Suitable,dodgerblue,YES,238.606464,2685.565462,77.6713749999999
384000,4323000,CB3MH,24.6063,1e+06,4.27,78.02,384000 4323000,7.5,Suitable,dodgerblue,YES,238.606464,2686.186833,78.2927460000001
384000,4323000,CB3MH,1.64042,1e+06,10.72,78.82,384000 4323000,0.5,Suitable,dodgerblue,YES,238.606464,2686.186833,78.2927460000001
384000,4323000,CB3MH,37.72966,1e+06,3.21,77.98,384000 4323000,11.5,Tolerable,yellow,YES,238.606464,2686.186833,78.2927460000001
384000,4323000,CB3MH,8.2021,1e+06,8.72,78.03,384000 4323000,2.5,Suitable,dodgerblue,YES,238.606464,2686.186833,78.2927460000001
384000,4323000,CB3MH,21.32546,1e+06,5.87,77.71,384000 4323000,6.5,Suitable,dodgerblue,YES,238.606464,2686.186833,78.2927460000001
384000,4323000,CB3MH,18.04462,1e+06,5.79,77.71,384000 4323000,5.5,Suitable,dodgerblue,YES,238.606464,2686.186833,78.2927460000001
384000,4323000,CB3MH,34.44882,1e+06,4.06,77.98,384000 4323000,10.5,Suitable,dodgerblue,YES,238.606464,2686.186833,78.2927460000001
384000,4323000,CB3MH,27.88714,1e+06,4.07,78.02,384000 4323000,8.5,Suitable,dodgerblue,YES,238.606464,2686.186833,78.2927460000001
384000,4323000,CB3MH,31.16798,1e+06,3.65,78.08,384000 4323000,9.5,Tolerable,yellow,YES,238.606464,2686.186833,78.2927460000001
384000,4323000,CB3MH,14.76378,1e+06,6.36,77.66,384000 4323000,4.5,Suitable,dodgerblue,YES,238.606464,2686.186833,78.2927460000001
384000,4323000,CB3MH,4.92126,1e+06,10.27,78.56,384000 4323000,1.5,Suitable,dodgerblue,YES,238.606464,2686.186833,78.2927460000001
384000,4323000,CB3MH,11.48294,1e+06,7.24,77.69,384000 4323000,3.5,Suitable,dodgerblue,YES,238.606464,2686.186833,78.2927460000001
384000,4323000,CB3MH,41.0105,1e+06,2.26,78.11,384000 4323000,12.5,Marginal,orange,YES,238.606464,2686.186833,78.2927460000001
385000,4246000,CB5MH_MD,106.6273,1e+06,0.77,78.3,385000 4246000,32.5,Unsuitable,black,YES,239.227835,2638.341266,30.4471789999998
385000,4246000,CB5MH_MD,60.69554,1e+06,0.67,78.24,385000 4246000,18.5,Unsuitable,black,YES,239.227835,2638.341266,30.4471789999998
385000,4246000,CB5MH_MD,34.44882,1e+06,1.75,78.58,385000 4246000,10.5,Unsuitable,black,YES,239.227835,2638.341266,30.4471789999998
385000,4246000,CB5MH_MD,37.72966,1e+06,1.48,78.6,385000 4246000,11.5,Unsuitable,black,YES,239.227835,2638.341266,30.4471789999998
385000,4246000,CB5MH_MD,50.85302,1e+06,0.87,78.63,385000 4246000,15.5,Unsuitable,black,YES,239.227835,2638.341266,30.4471789999998
385000,4246000,CB5MH_MD,113.18898,1e+06,0.8,78.3,385000 4246000,34.5,Unsuitable,black,YES,239.227835,2638.341266,30.4471789999998
385000,4246000,CB5MH_MD,103.34646,1e+06,0.73,78.3,385000 4246000,31.5,Unsuitable,black,YES,239.227835,2638.341266,30.4471789999998
385000,4246000,CB5MH_MD,27.88714,1e+06,4.65,78.89,385000 4246000,8.5,Suitable,dodgerblue,YES,239.227835,2638.341266,30.4471789999998
385000,4246000,CB5MH_MD,116.46982,1e+06,0.8,78.3,385000 4246000,35.5,Unsuitable,black,YES,239.227835,2638.341266,30.4471789999998
385000,4246000,CB5MH_MD,1.64042,1e+06,7.95,79.24,385000 4246000,0.5,Suitable,dodgerblue,YES,239.227835,2638.341266,30.4471789999998
385000,4246000,CB5MH_MD,57.4147,1e+06,0.64,78.27,385000 4246000,17.5,Unsuitable,black,YES,239.227835,2638.341266,30.4471789999998
385000,4246000,CB5MH_MD,119.75066,1e+06,0.8,78.3,385000 4246000,36.5,Unsuitable,black,YES,239.227835,2638.341266,30.4471789999998
385000,4246000,CB5MH_MD,44.29134,1e+06,1.13,78.63,385000 4246000,13.5,Unsuitable,black,YES,239.227835,2638.341266,30.4471789999998
385000,4246000,CB5MH_MD,41.0105,1e+06,1.29,78.62,385000 4246000,12.5,Unsuitable,black,YES,239.227835,2638.341266,30.4471789999998
385000,4246000,CB5MH_MD,47.57218,1e+06,0.99,78.64,385000 4246000,14.5,Unsuitable,black,YES,239.227835,2638.341266,30.4471789999998
385000,4246000,CB5MH_MD,96.78478,1e+06,0.7,78.3,385000 4246000,29.5,Unsuitable,black,YES,239.227835,2638.341266,30.4471789999998
385000,4246000,CB5MH_MD,24.6063,1e+06,5.51,78.87,385000 4246000,7.5,Suitable,dodgerblue,YES,239.227835,2638.341266,30.4471789999998
385000,4246000,CB5MH_MD,109.90814,1e+06,0.8,78.3,385000 4246000,33.5,Unsuitable,black,YES,239.227835,2638.341266,30.4471789999998
385000,4246000,CB5MH_MD,14.76378,1e+06,7.42,78.9,385000 4246000,4.5,Suitable,dodgerblue,YES,239.227835,2638.341266,30.4471789999998
385000,4246000,CB5MH_MD,31.16798,1e+06,2.27,78.58,385000 4246000,9.5,Marginal,orange,YES,239.227835,2638.341266,30.4471789999998
385000,4246000,CB5MH_MD,54.13386,1e+06,0.64,78.3,385000 4246000,16.5,Unsuitable,black,YES,239.227835,2638.341266,30.4471789999998
385000,4246000,CB5MH_MD,73.8189,1e+06,0.63,78.24,385000 4246000,22.5,Unsuitable,black,YES,239.227835,2638.341266,30.4471789999998
385000,4246000,CB5MH_MD,90.2231,1e+06,0.64,78.24,385000 4246000,27.5,Unsuitable,black,YES,239.227835,2638.341266,30.4471789999998
385000,4246000,CB5MH_MD,83.66142,1e+06,0.63,78.24,385000 4246000,25.5,Unsuitable,black,YES,239.227835,2638.341266,30.4471789999998
385000,4246000,CB5MH_MD,21.32546,1e+06,6.12,78.89,385000 4246000,6.5,Suitable,dodgerblue,YES,239.227835,2638.341266,30.4471789999998
385000,4246000,CB5MH_MD,93.50394,1e+06,0.7,78.3,385000 4246000,28.5,Unsuitable,black,YES,239.227835,2638.341266,30.4471789999998
385000,4246000,CB5MH_MD,11.48294,1e+06,7.73,78.94,385000 4246000,3.5,Suitable,dodgerblue,YES,239.227835,2638.341266,30.4471789999998
385000,4246000,CB5MH_MD,100.06562,1e+06,0.7,78.3,385000 4246000,30.5,Unsuitable,black,YES,239.227835,2638.341266,30.4471789999998
385000,4246000,CB5MH_MD,18.04462,1e+06,6.93,78.88,385000 4246000,5.5,Suitable,dodgerblue,YES,239.227835,2638.341266,30.4471789999998
385000,4246000,CB5MH_MD,80.38058,1e+06,0.63,78.24,385000 4246000,24.5,Unsuitable,black,YES,239.227835,2638.341266,30.4471789999998
385000,4246000,CB5MH_MD,8.2021,1e+06,7.89,79,385000 4246000,2.5,Suitable,dodgerblue,YES,239.227835,2638.341266,30.4471789999998
385000,4246000,CB5MH_MD,86.94226,1e+06,0.62,78.24,385000 4246000,26.5,Unsuitable,black,YES,239.227835,2638.341266,30.4471789999998
385000,4246000,CB5MH_MD,63.97638,1e+06,0.67,78.24,385000 4246000,19.5,Unsuitable,black,YES,239.227835,2638.341266,30.4471789999998
385000,4246000,CB5MH_MD,4.92126,1e+06,7.94,79.07,385000 4246000,1.5,Suitable,dodgerblue,YES,239.227835,2638.341266,30.4471789999998
385000,4246000,CB5MH_MD,67.25722,1e+06,0.65,78.27,385000 4246000,20.5,Unsuitable,black,YES,239.227835,2638.341266,30.4471789999998
385000,4246000,CB5MH_MD,77.09974,1e+06,0.63,78.24,385000 4246000,23.5,Unsuitable,black,YES,239.227835,2638.341266,30.4471789999998
385000,4246000,CB5MH_MD,70.53806,1e+06,0.63,78.27,385000 4246000,21.5,Unsuitable,black,YES,239.227835,2638.341266,30.4471789999998
385000,4247000,CB5MH_MD,73.8189,1e+06,0.6,78.21,385000 4247000,22.5,Unsuitable,black,YES,239.227835,2638.962637,31.06855
385000,4247000,CB5MH_MD,50.85302,1e+06,0.86,78.64,385000 4247000,15.5,Unsuitable,black,YES,239.227835,2638.962637,31.06855
385000,4247000,CB5MH_MD,27.88714,1e+06,4.98,78.83,385000 4247000,8.5,Suitable,dodgerblue,YES,239.227835,2638.962637,31.06855
385000,4247000,CB5MH_MD,11.48294,1e+06,7.85,78.93,385000 4247000,3.5,Suitable,dodgerblue,YES,239.227835,2638.962637,31.06855
385000,4247000,CB5MH_MD,47.57218,1e+06,1.01,78.65,385000 4247000,14.5,Unsuitable,black,YES,239.227835,2638.962637,31.06855
385000,4247000,CB5MH_MD,21.32546,1e+06,6.36,78.83,385000 4247000,6.5,Suitable,dodgerblue,YES,239.227835,2638.962637,31.06855
385000,4247000,CB5MH_MD,14.76378,1e+06,7.49,78.86,385000 4247000,4.5,Suitable,dodgerblue,YES,239.227835,2638.962637,31.06855
385000,4247000,CB5MH_MD,37.72966,1e+06,1.56,78.59,385000 4247000,11.5,Unsuitable,black,YES,239.227835,2638.962637,31.06855
385000,4247000,CB5MH_MD,80.38058,1e+06,0.6,78.21,385000 4247000,24.5,Unsuitable,black,YES,239.227835,2638.962637,31.06855
385000,4247000,CB5MH_MD,54.13386,1e+06,0.61,78.29,385000 4247000,16.5,Unsuitable,black,YES,239.227835,2638.962637,31.06855
385000,4247000,CB5MH_MD,18.04462,1e+06,7.04,78.83,385000 4247000,5.5,Suitable,dodgerblue,YES,239.227835,2638.962637,31.06855
385000,4247000,CB5MH_MD,70.53806,1e+06,0.6,78.25,385000 4247000,21.5,Unsuitable,black,YES,239.227835,2638.962637,31.06855
385000,4247000,CB5MH_MD,31.16798,1e+06,2.62,78.56,385000 4247000,9.5,Marginal,orange,YES,239.227835,2638.962637,31.06855
385000,4247000,CB5MH_MD,34.44882,1e+06,1.92,78.56,385000 4247000,10.5,Unsuitable,black,YES,239.227835,2638.962637,31.06855
385000,4247000,CB5MH_MD,100.06562,1e+06,0.7,78.3,385000 4247000,30.5,Unsuitable,black,YES,239.227835,2638.962637,31.06855
385000,4247000,CB5MH_MD,77.09974,1e+06,0.6,78.21,385000 4247000,23.5,Unsuitable,black,YES,239.227835,2638.962637,31.06855
385000,4247000,CB5MH_MD,24.6063,1e+06,5.85,78.8,385000 4247000,7.5,Suitable,dodgerblue,YES,239.227835,2638.962637,31.06855
385000,4247000,CB5MH_MD,1.64042,1e+06,8.07,79.29,385000 4247000,0.5,Suitable,dodgerblue,YES,239.227835,2638.962637,31.06855
385000,4247000,CB5MH_MD,8.2021,1e+06,8.03,79.02,385000 4247000,2.5,Suitable,dodgerblue,YES,239.227835,2638.962637,31.06855
385000,4247000,CB5MH_MD,106.6273,1e+06,0.77,78.3,385000 4247000,32.5,Unsuitable,black,YES,239.227835,2638.962637,31.06855
385000,4247000,CB5MH_MD,67.25722,1e+06,0.61,78.25,385000 4247000,20.5,Unsuitable,black,YES,239.227835,2638.962637,31.06855
385000,4247000,CB5MH_MD,63.97638,1e+06,0.63,78.21,385000 4247000,19.5,Unsuitable,black,YES,239.227835,2638.962637,31.06855
385000,4247000,CB5MH_MD,57.4147,1e+06,0.6,78.25,385000 4247000,17.5,Unsuitable,black,YES,239.227835,2638.962637,31.06855
385000,4247000,CB5MH_MD,4.92126,1e+06,8.06,79.13,385000 4247000,1.5,Suitable,dodgerblue,YES,239.227835,2638.962637,31.06855
385000,4247000,CB5MH_MD,93.50394,1e+06,0.7,78.3,385000 4247000,28.5,Unsuitable,black,YES,239.227835,2638.962637,31.06855
385000,4247000,CB5MH_MD,83.66142,1e+06,0.6,78.21,385000 4247000,25.5,Unsuitable,black,YES,239.227835,2638.962637,31.06855
385000,4247000,CB5MH_MD,60.69554,1e+06,0.63,78.21,385000 4247000,18.5,Unsuitable,black,YES,239.227835,2638.962637,31.06855
385000,4247000,CB5MH_MD,44.29134,1e+06,1.18,78.63,385000 4247000,13.5,Unsuitable,black,YES,239.227835,2638.962637,31.06855
385000,4247000,CB5MH_MD,41.0105,1e+06,1.35,78.6,385000 4247000,12.5,Unsuitable,black,YES,239.227835,2638.962637,31.06855
385000,4247000,CB5MH_MD,90.2231,1e+06,0.61,78.21,385000 4247000,27.5,Unsuitable,black,YES,239.227835,2638.962637,31.06855
385000,4247000,CB5MH_MD,96.78478,1e+06,0.7,78.3,385000 4247000,29.5,Unsuitable,black,YES,239.227835,2638.962637,31.06855
385000,4247000,CB5MH_MD,86.94226,1e+06,0.58,78.21,385000 4247000,26.5,Unsuitable,black,YES,239.227835,2638.962637,31.06855
385000,4247000,CB5MH_MD,103.34646,1e+06,0.73,78.3,385000 4247000,31.5,Unsuitable,black,YES,239.227835,2638.962637,31.06855
385000,4324000,CB3MH,11.48294,1e+06,7.39,77.4,385000 4324000,3.5,Suitable,dodgerblue,YES,239.227835,2686.808204,78.9141169999998
385000,4324000,CB3MH,8.2021,1e+06,8.67,77.67,385000 4324000,2.5,Suitable,dodgerblue,YES,239.227835,2686.808204,78.9141169999998
385000,4324000,CB3MH,31.16798,1e+06,3.37,78.02,385000 4324000,9.5,Tolerable,yellow,YES,239.227835,2686.808204,78.9141169999998
385000,4324000,CB3MH,37.72966,1e+06,3.11,78.01,385000 4324000,11.5,Tolerable,yellow,YES,239.227835,2686.808204,78.9141169999998
385000,4324000,CB3MH,1.64042,1e+06,10.42,78.36,385000 4324000,0.5,Suitable,dodgerblue,YES,239.227835,2686.808204,78.9141169999998
385000,4324000,CB3MH,4.92126,1e+06,10.01,78.13,385000 4324000,1.5,Suitable,dodgerblue,YES,239.227835,2686.808204,78.9141169999998
385000,4324000,CB3MH,34.44882,1e+06,3.91,78.01,385000 4324000,10.5,Tolerable,yellow,YES,239.227835,2686.808204,78.9141169999998
385000,4324000,CB3MH,44.29134,1e+06,1.84,78.24,385000 4324000,13.5,Unsuitable,black,YES,239.227835,2686.808204,78.9141169999998
385000,4324000,CB3MH,41.0105,1e+06,2.21,78.15,385000 4324000,12.5,Marginal,orange,YES,239.227835,2686.808204,78.9141169999998
385000,4324000,CB3MH,21.32546,1e+06,5.52,77.77,385000 4324000,6.5,Suitable,dodgerblue,YES,239.227835,2686.808204,78.9141169999998
385000,4324000,CB3MH,14.76378,1e+06,6.53,77.38,385000 4324000,4.5,Suitable,dodgerblue,YES,239.227835,2686.808204,78.9141169999998
385000,4324000,CB3MH,24.6063,1e+06,4.01,77.96,385000 4324000,7.5,Suitable,dodgerblue,YES,239.227835,2686.808204,78.9141169999998
385000,4324000,CB3MH,18.04462,1e+06,5.78,77.45,385000 4324000,5.5,Suitable,dodgerblue,YES,239.227835,2686.808204,78.9141169999998
385000,4324000,CB3MH,27.88714,1e+06,3.74,77.96,385000 4324000,8.5,Tolerable,yellow,YES,239.227835,2686.808204,78.9141169999998
385000,4325000,CB3MH,34.44882,1e+06,3.78,78.04,385000 4325000,10.5,Tolerable,yellow,YES,239.227835,2687.429575,79.535488
385000,4325000,CB3MH,11.48294,1e+06,7.35,77.35,385000 4325000,3.5,Suitable,dodgerblue,YES,239.227835,2687.429575,79.535488
385000,4325000,CB3MH,18.04462,1e+06,5.76,77.41,385000 4325000,5.5,Suitable,dodgerblue,YES,239.227835,2687.429575,79.535488
385000,4325000,CB3MH,8.2021,1e+06,8.55,77.62,385000 4325000,2.5,Suitable,dodgerblue,YES,239.227835,2687.429575,79.535488
385000,4325000,CB3MH,41.0105,1e+06,2.15,78.2,385000 4325000,12.5,Marginal,orange,YES,239.227835,2687.429575,79.535488
385000,4325000,CB3MH,47.57218,1e+06,1.66,78.29,385000 4325000,14.5,Unsuitable,black,YES,239.227835,2687.429575,79.535488
385000,4325000,CB3MH,44.29134,1e+06,1.79,78.29,385000 4325000,13.5,Unsuitable,black,YES,239.227835,2687.429575,79.535488
385000,4325000,CB3MH,1.64042,1e+06,10.17,78.25,385000 4325000,0.5,Suitable,dodgerblue,YES,239.227835,2687.429575,79.535488
385000,4325000,CB3MH,21.32546,1e+06,5.36,77.76,385000 4325000,6.5,Suitable,dodgerblue,YES,239.227835,2687.429575,79.535488
385000,4325000,CB3MH,27.88714,1e+06,3.51,77.95,385000 4325000,8.5,Tolerable,yellow,YES,239.227835,2687.429575,79.535488
385000,4325000,CB3MH,31.16798,1e+06,3.17,77.99,385000 4325000,9.5,Tolerable,yellow,YES,239.227835,2687.429575,79.535488
385000,4325000,CB3MH,37.72966,1e+06,3.01,78.04,385000 4325000,11.5,Tolerable,yellow,YES,239.227835,2687.429575,79.535488
385000,4325000,CB3MH,4.92126,1e+06,9.79,78.04,385000 4325000,1.5,Suitable,dodgerblue,YES,239.227835,2687.429575,79.535488
385000,4325000,CB3MH,14.76378,1e+06,6.51,77.33,385000 4325000,4.5,Suitable,dodgerblue,YES,239.227835,2687.429575,79.535488
385000,4325000,CB3MH,24.6063,1e+06,3.82,77.94,385000 4325000,7.5,Tolerable,yellow,YES,239.227835,2687.429575,79.535488
385000,4333000,CB3MH,4.92126,1e+06,6.51,76.63,385000 4333000,1.5,Suitable,dodgerblue,YES,239.227835,2692.400543,84.5064560000001
385000,4333000,CB3MH,21.32546,1e+06,3.98,77.14,385000 4333000,6.5,Tolerable,yellow,YES,239.227835,2692.400543,84.5064560000001
385000,4333000,CB3MH,11.48294,1e+06,5.66,76.72,385000 4333000,3.5,Suitable,dodgerblue,YES,239.227835,2692.400543,84.5064560000001
385000,4333000,CB3MH,1.64042,1e+06,6.56,76.66,385000 4333000,0.5,Suitable,dodgerblue,YES,239.227835,2692.400543,84.5064560000001
385000,4333000,CB3MH,31.16798,1e+06,2.25,77.58,385000 4333000,9.5,Marginal,orange,YES,239.227835,2692.400543,84.5064560000001
385000,4333000,CB3MH,18.04462,1e+06,4.67,76.86,385000 4333000,5.5,Suitable,dodgerblue,YES,239.227835,2692.400543,84.5064560000001
385000,4333000,CB3MH,34.44882,1e+06,2.65,78.2,385000 4333000,10.5,Marginal,orange,YES,239.227835,2692.400543,84.5064560000001
385000,4333000,CB3MH,8.2021,1e+06,6.19,76.66,385000 4333000,2.5,Suitable,dodgerblue,YES,239.227835,2692.400543,84.5064560000001
385000,4333000,CB3MH,24.6063,1e+06,2.96,77.49,385000 4333000,7.5,Marginal,orange,YES,239.227835,2692.400543,84.5064560000001
385000,4333000,CB3MH,37.72966,1e+06,2.25,78.2,385000 4333000,11.5,Marginal,orange,YES,239.227835,2692.400543,84.5064560000001
385000,4333000,CB3MH,27.88714,1e+06,2.42,77.58,385000 4333000,8.5,Marginal,orange,YES,239.227835,2692.400543,84.5064560000001
385000,4333000,CB3MH,14.76378,1e+06,5.11,76.72,385000 4333000,4.5,Suitable,dodgerblue,YES,239.227835,2692.400543,84.5064560000001
385000,4334000,CB3MH,21.32546,1e+06,3.85,77.12,385000 4334000,6.5,Tolerable,yellow,YES,239.227835,2693.021914,85.1278269999998
385000,4334000,CB3MH,31.16798,1e+06,2.21,77.55,385000 4334000,9.5,Marginal,orange,YES,239.227835,2693.021914,85.1278269999998
385000,4334000,CB3MH,18.04462,1e+06,4.59,76.84,385000 4334000,5.5,Suitable,dodgerblue,YES,239.227835,2693.021914,85.1278269999998
385000,4334000,CB3MH,4.92126,1e+06,6.39,76.5,385000 4334000,1.5,Suitable,dodgerblue,YES,239.227835,2693.021914,85.1278269999998
385000,4334000,CB3MH,14.76378,1e+06,5.15,76.64,385000 4334000,4.5,Suitable,dodgerblue,YES,239.227835,2693.021914,85.1278269999998
385000,4334000,CB3MH,11.48294,1e+06,5.7,76.63,385000 4334000,3.5,Suitable,dodgerblue,YES,239.227835,2693.021914,85.1278269999998
385000,4334000,CB3MH,34.44882,1e+06,2.56,78.19,385000 4334000,10.5,Marginal,orange,YES,239.227835,2693.021914,85.1278269999998
385000,4334000,CB3MH,24.6063,1e+06,2.91,77.46,385000 4334000,7.5,Marginal,orange,YES,239.227835,2693.021914,85.1278269999998
385000,4334000,CB3MH,27.88714,1e+06,2.37,77.55,385000 4334000,8.5,Marginal,orange,YES,239.227835,2693.021914,85.1278269999998
385000,4334000,CB3MH,1.64042,1e+06,6.42,76.52,385000 4334000,0.5,Suitable,dodgerblue,YES,239.227835,2693.021914,85.1278269999998
385000,4334000,CB3MH,8.2021,1e+06,6.15,76.56,385000 4334000,2.5,Suitable,dodgerblue,YES,239.227835,2693.021914,85.1278269999998
386000,4244000,CB5MH_MD,21.32546,1e+06,5.36,78.56,386000 4244000,6.5,Suitable,dodgerblue,YES,239.849206,2637.098524,29.2044369999999
386000,4244000,CB5MH_MD,24.6063,1e+06,4.37,78.56,386000 4244000,7.5,Suitable,dodgerblue,YES,239.849206,2637.098524,29.2044369999999
386000,4244000,CB5MH_MD,4.92126,1e+06,7.94,78.6,386000 4244000,1.5,Suitable,dodgerblue,YES,239.849206,2637.098524,29.2044369999999
386000,4244000,CB5MH_MD,70.53806,1e+06,0.69,78.29,386000 4244000,21.5,Unsuitable,black,YES,239.849206,2637.098524,29.2044369999999
386000,4244000,CB5MH_MD,73.8189,1e+06,0.69,78.29,386000 4244000,22.5,Unsuitable,black,YES,239.849206,2637.098524,29.2044369999999
386000,4244000,CB5MH_MD,11.48294,1e+06,7.67,78.57,386000 4244000,3.5,Suitable,dodgerblue,YES,239.849206,2637.098524,29.2044369999999
386000,4244000,CB5MH_MD,18.04462,1e+06,6.7,78.56,386000 4244000,5.5,Suitable,dodgerblue,YES,239.849206,2637.098524,29.2044369999999
386000,4244000,CB5MH_MD,1.64042,1e+06,7.98,78.85,386000 4244000,0.5,Suitable,dodgerblue,YES,239.849206,2637.098524,29.2044369999999
386000,4244000,CB5MH_MD,63.97638,1e+06,0.76,78.29,386000 4244000,19.5,Unsuitable,black,YES,239.849206,2637.098524,29.2044369999999
386000,4244000,CB5MH_MD,60.69554,1e+06,0.76,78.29,386000 4244000,18.5,Unsuitable,black,YES,239.849206,2637.098524,29.2044369999999
386000,4244000,CB5MH_MD,8.2021,1e+06,7.82,78.58,386000 4244000,2.5,Suitable,dodgerblue,YES,239.849206,2637.098524,29.2044369999999
386000,4244000,CB5MH_MD,77.09974,1e+06,0.69,78.29,386000 4244000,23.5,Unsuitable,black,YES,239.849206,2637.098524,29.2044369999999
386000,4244000,CB5MH_MD,27.88714,1e+06,3.25,78.56,386000 4244000,8.5,Tolerable,yellow,YES,239.849206,2637.098524,29.2044369999999
386000,4244000,CB5MH_MD,37.72966,1e+06,1.08,78.42,386000 4244000,11.5,Unsuitable,black,YES,239.849206,2637.098524,29.2044369999999
386000,4244000,CB5MH_MD,14.76378,1e+06,7.38,78.56,386000 4244000,4.5,Suitable,dodgerblue,YES,239.849206,2637.098524,29.2044369999999
386000,4244000,CB5MH_MD,44.29134,1e+06,0.86,78.42,386000 4244000,13.5,Unsuitable,black,YES,239.849206,2637.098524,29.2044369999999
386000,4244000,CB5MH_MD,67.25722,1e+06,0.72,78.29,386000 4244000,20.5,Unsuitable,black,YES,239.849206,2637.098524,29.2044369999999
386000,4244000,CB5MH_MD,93.50394,1e+06,0.7,78.3,386000 4244000,28.5,Unsuitable,black,YES,239.849206,2637.098524,29.2044369999999
386000,4244000,CB5MH_MD,50.85302,1e+06,0.78,78.42,386000 4244000,15.5,Unsuitable,black,YES,239.849206,2637.098524,29.2044369999999
386000,4244000,CB5MH_MD,41.0105,1e+06,0.95,78.42,386000 4244000,12.5,Unsuitable,black,YES,239.849206,2637.098524,29.2044369999999
386000,4244000,CB5MH_MD,47.57218,1e+06,0.82,78.42,386000 4244000,14.5,Unsuitable,black,YES,239.849206,2637.098524,29.2044369999999
386000,4244000,CB5MH_MD,57.4147,1e+06,0.72,78.29,386000 4244000,17.5,Unsuitable,black,YES,239.849206,2637.098524,29.2044369999999
386000,4244000,CB5MH_MD,54.13386,1e+06,0.7,78.3,386000 4244000,16.5,Unsuitable,black,YES,239.849206,2637.098524,29.2044369999999
386000,4244000,CB5MH_MD,34.44882,1e+06,1.18,78.41,386000 4244000,10.5,Unsuitable,black,YES,239.849206,2637.098524,29.2044369999999
386000,4244000,CB5MH_MD,31.16798,1e+06,1.39,78.41,386000 4244000,9.5,Unsuitable,black,YES,239.849206,2637.098524,29.2044369999999
386000,4244000,CB5MH_MD,83.66142,1e+06,0.69,78.29,386000 4244000,25.5,Unsuitable,black,YES,239.849206,2637.098524,29.2044369999999
386000,4244000,CB5MH_MD,86.94226,1e+06,0.69,78.29,386000 4244000,26.5,Unsuitable,black,YES,239.849206,2637.098524,29.2044369999999
386000,4244000,CB5MH_MD,90.2231,1e+06,0.69,78.29,386000 4244000,27.5,Unsuitable,black,YES,239.849206,2637.098524,29.2044369999999
386000,4244000,CB5MH_MD,80.38058,1e+06,0.69,78.29,386000 4244000,24.5,Unsuitable,black,YES,239.849206,2637.098524,29.2044369999999
386000,4245000,CB5MH_MD,100.06562,1e+06,0.7,78.3,386000 4245000,30.5,Unsuitable,black,YES,239.849206,2637.719895,29.8258080000001
386000,4245000,CB5MH_MD,37.72966,1e+06,1.25,78.49,386000 4245000,11.5,Unsuitable,black,YES,239.849206,2637.719895,29.8258080000001
386000,4245000,CB5MH_MD,24.6063,1e+06,4.8,78.68,386000 4245000,7.5,Suitable,dodgerblue,YES,239.849206,2637.719895,29.8258080000001
386000,4245000,CB5MH_MD,8.2021,1e+06,7.84,78.75,386000 4245000,2.5,Suitable,dodgerblue,YES,239.849206,2637.719895,29.8258080000001
386000,4245000,CB5MH_MD,96.78478,1e+06,0.7,78.3,386000 4245000,29.5,Unsuitable,black,YES,239.849206,2637.719895,29.8258080000001
386000,4245000,CB5MH_MD,34.44882,1e+06,1.41,78.48,386000 4245000,10.5,Unsuitable,black,YES,239.849206,2637.719895,29.8258080000001
386000,4245000,CB5MH_MD,11.48294,1e+06,7.69,78.71,386000 4245000,3.5,Suitable,dodgerblue,YES,239.849206,2637.719895,29.8258080000001
386000,4245000,CB5MH_MD,113.18898,1e+06,0.8,78.3,386000 4245000,34.5,Unsuitable,black,YES,239.849206,2637.719895,29.8258080000001
386000,4245000,CB5MH_MD,4.92126,1e+06,7.93,78.78,386000 4245000,1.5,Suitable,dodgerblue,YES,239.849206,2637.719895,29.8258080000001
386000,4245000,CB5MH_MD,27.88714,1e+06,3.78,78.69,386000 4245000,8.5,Tolerable,yellow,YES,239.849206,2637.719895,29.8258080000001
386000,4245000,CB5MH_MD,14.76378,1e+06,7.39,78.7,386000 4245000,4.5,Suitable,dodgerblue,YES,239.849206,2637.719895,29.8258080000001
386000,4245000,CB5MH_MD,83.66142,1e+06,0.67,78.27,386000 4245000,25.5,Unsuitable,black,YES,239.849206,2637.719895,29.8258080000001
386000,4245000,CB5MH_MD,18.04462,1e+06,6.79,78.69,386000 4245000,5.5,Suitable,dodgerblue,YES,239.849206,2637.719895,29.8258080000001
386000,4245000,CB5MH_MD,93.50394,1e+06,0.7,78.3,386000 4245000,28.5,Unsuitable,black,YES,239.849206,2637.719895,29.8258080000001
386000,4245000,CB5MH_MD,31.16798,1e+06,1.7,78.48,386000 4245000,9.5,Unsuitable,black,YES,239.849206,2637.719895,29.8258080000001
386000,4245000,CB5MH_MD,90.2231,1e+06,0.68,78.27,386000 4245000,27.5,Unsuitable,black,YES,239.849206,2637.719895,29.8258080000001
386000,4245000,CB5MH_MD,1.64042,1e+06,7.96,79,386000 4245000,0.5,Suitable,dodgerblue,YES,239.849206,2637.719895,29.8258080000001
386000,4245000,CB5MH_MD,60.69554,1e+06,0.74,78.27,386000 4245000,18.5,Unsuitable,black,YES,239.849206,2637.719895,29.8258080000001
386000,4245000,CB5MH_MD,106.6273,1e+06,0.77,78.3,386000 4245000,32.5,Unsuitable,black,YES,239.849206,2637.719895,29.8258080000001
386000,4245000,CB5MH_MD,109.90814,1e+06,0.8,78.3,386000 4245000,33.5,Unsuitable,black,YES,239.849206,2637.719895,29.8258080000001
386000,4245000,CB5MH_MD,21.32546,1e+06,5.64,78.69,386000 4245000,6.5,Suitable,dodgerblue,YES,239.849206,2637.719895,29.8258080000001
386000,4245000,CB5MH_MD,57.4147,1e+06,0.7,78.29,386000 4245000,17.5,Unsuitable,black,YES,239.849206,2637.719895,29.8258080000001
386000,4245000,CB5MH_MD,67.25722,1e+06,0.7,78.29,386000 4245000,20.5,Unsuitable,black,YES,239.849206,2637.719895,29.8258080000001
386000,4245000,CB5MH_MD,86.94226,1e+06,0.67,78.27,386000 4245000,26.5,Unsuitable,black,YES,239.849206,2637.719895,29.8258080000001
386000,4245000,CB5MH_MD,63.97638,1e+06,0.74,78.27,386000 4245000,19.5,Unsuitable,black,YES,239.849206,2637.719895,29.8258080000001
386000,4245000,CB5MH_MD,77.09974,1e+06,0.68,78.27,386000 4245000,23.5,Unsuitable,black,YES,239.849206,2637.719895,29.8258080000001
386000,4245000,CB5MH_MD,73.8189,1e+06,0.68,78.27,386000 4245000,22.5,Unsuitable,black,YES,239.849206,2637.719895,29.8258080000001
386000,4245000,CB5MH_MD,103.34646,1e+06,0.73,78.3,386000 4245000,31.5,Unsuitable,black,YES,239.849206,2637.719895,29.8258080000001
386000,4245000,CB5MH_MD,44.29134,1e+06,0.98,78.5,386000 4245000,13.5,Unsuitable,black,YES,239.849206,2637.719895,29.8258080000001
386000,4245000,CB5MH_MD,80.38058,1e+06,0.68,78.27,386000 4245000,24.5,Unsuitable,black,YES,239.849206,2637.719895,29.8258080000001
386000,4245000,CB5MH_MD,41.0105,1e+06,1.1,78.5,386000 4245000,12.5,Unsuitable,black,YES,239.849206,2637.719895,29.8258080000001
386000,4245000,CB5MH_MD,47.57218,1e+06,0.9,78.51,386000 4245000,14.5,Unsuitable,black,YES,239.849206,2637.719895,29.8258080000001
386000,4245000,CB5MH_MD,70.53806,1e+06,0.68,78.29,386000 4245000,21.5,Unsuitable,black,YES,239.849206,2637.719895,29.8258080000001
386000,4245000,CB5MH_MD,54.13386,1e+06,0.69,78.3,386000 4245000,16.5,Unsuitable,black,YES,239.849206,2637.719895,29.8258080000001
386000,4245000,CB5MH_MD,50.85302,1e+06,0.82,78.5,386000 4245000,15.5,Unsuitable,black,YES,239.849206,2637.719895,29.8258080000001
386000,4326000,CB3MH,24.6063,1e+06,3.51,77.93,386000 4326000,7.5,Tolerable,yellow,YES,239.849206,2688.050946,80.1568589999997
386000,4326000,CB3MH,34.44882,1e+06,3.61,78.06,386000 4326000,10.5,Tolerable,yellow,YES,239.849206,2688.050946,80.1568589999997
386000,4326000,CB3MH,4.92126,1e+06,9.45,77.88,386000 4326000,1.5,Suitable,dodgerblue,YES,239.849206,2688.050946,80.1568589999997
386000,4326000,CB3MH,37.72966,1e+06,2.9,78.06,386000 4326000,11.5,Marginal,orange,YES,239.849206,2688.050946,80.1568589999997
386000,4326000,CB3MH,21.32546,1e+06,5.01,77.77,386000 4326000,6.5,Suitable,dodgerblue,YES,239.849206,2688.050946,80.1568589999997
386000,4326000,CB3MH,11.48294,1e+06,7.2,77.27,386000 4326000,3.5,Suitable,dodgerblue,YES,239.849206,2688.050946,80.1568589999997
386000,4326000,CB3MH,8.2021,1e+06,8.33,77.51,386000 4326000,2.5,Suitable,dodgerblue,YES,239.849206,2688.050946,80.1568589999997
386000,4326000,CB3MH,41.0105,1e+06,2.07,78.25,386000 4326000,12.5,Marginal,orange,YES,239.849206,2688.050946,80.1568589999997
386000,4326000,CB3MH,44.29134,1e+06,1.73,78.34,386000 4326000,13.5,Unsuitable,black,YES,239.849206,2688.050946,80.1568589999997
386000,4326000,CB3MH,31.16798,1e+06,2.87,77.98,386000 4326000,9.5,Marginal,orange,YES,239.849206,2688.050946,80.1568589999997
386000,4326000,CB3MH,27.88714,1e+06,3.17,77.94,386000 4326000,8.5,Tolerable,yellow,YES,239.849206,2688.050946,80.1568589999997
386000,4326000,CB3MH,1.64042,1e+06,9.8,78.07,386000 4326000,0.5,Suitable,dodgerblue,YES,239.849206,2688.050946,80.1568589999997
386000,4326000,CB3MH,18.04462,1e+06,5.64,77.35,386000 4326000,5.5,Suitable,dodgerblue,YES,239.849206,2688.050946,80.1568589999997
386000,4326000,CB3MH,47.57218,1e+06,1.61,78.34,386000 4326000,14.5,Unsuitable,black,YES,239.849206,2688.050946,80.1568589999997
386000,4326000,CB3MH,50.85302,1e+06,1.6,78.2,386000 4326000,15.5,Unsuitable,black,YES,239.849206,2688.050946,80.1568589999997
386000,4326000,CB3MH,14.76378,1e+06,6.39,77.25,386000 4326000,4.5,Suitable,dodgerblue,YES,239.849206,2688.050946,80.1568589999997
386000,4331000,CB3MH,41.0105,1e+06,1.66,78.57,386000 4331000,12.5,Unsuitable,black,YES,239.849206,2691.157801,83.2637139999997
386000,4331000,CB3MH,50.85302,1e+06,1.6,78.2,386000 4331000,15.5,Unsuitable,black,YES,239.849206,2691.157801,83.2637139999997
386000,4331000,CB3MH,21.32546,1e+06,4.29,77.18,386000 4331000,6.5,Suitable,dodgerblue,YES,239.849206,2691.157801,83.2637139999997
386000,4331000,CB3MH,44.29134,1e+06,1.4,78.64,386000 4331000,13.5,Unsuitable,black,YES,239.849206,2691.157801,83.2637139999997
386000,4331000,CB3MH,47.57218,1e+06,1.3,78.64,386000 4331000,14.5,Unsuitable,black,YES,239.849206,2691.157801,83.2637139999997
386000,4331000,CB3MH,34.44882,1e+06,2.91,78.15,386000 4331000,10.5,Marginal,orange,YES,239.849206,2691.157801,83.2637139999997
386000,4331000,CB3MH,24.6063,1e+06,3.04,77.56,386000 4331000,7.5,Tolerable,yellow,YES,239.849206,2691.157801,83.2637139999997
386000,4331000,CB3MH,18.04462,1e+06,4.89,76.99,386000 4331000,5.5,Suitable,dodgerblue,YES,239.849206,2691.157801,83.2637139999997
386000,4331000,CB3MH,27.88714,1e+06,2.54,77.63,386000 4331000,8.5,Marginal,orange,YES,239.849206,2691.157801,83.2637139999997
386000,4331000,CB3MH,8.2021,1e+06,6.88,76.79,386000 4331000,2.5,Suitable,dodgerblue,YES,239.849206,2691.157801,83.2637139999997
386000,4331000,CB3MH,11.48294,1e+06,6.28,76.77,386000 4331000,3.5,Suitable,dodgerblue,YES,239.849206,2691.157801,83.2637139999997
386000,4331000,CB3MH,31.16798,1e+06,2.34,77.64,386000 4331000,9.5,Marginal,orange,YES,239.849206,2691.157801,83.2637139999997
386000,4331000,CB3MH,37.72966,1e+06,2.43,78.15,386000 4331000,11.5,Marginal,orange,YES,239.849206,2691.157801,83.2637139999997
386000,4331000,CB3MH,14.76378,1e+06,5.64,76.76,386000 4331000,4.5,Suitable,dodgerblue,YES,239.849206,2691.157801,83.2637139999997
386000,4331000,CB3MH,1.64042,1e+06,7.43,76.91,386000 4331000,0.5,Suitable,dodgerblue,YES,239.849206,2691.157801,83.2637139999997
386000,4331000,CB3MH,4.92126,1e+06,7.31,76.85,386000 4331000,1.5,Suitable,dodgerblue,YES,239.849206,2691.157801,83.2637139999997
386000,4332000,CB3MH,4.92126,1e+06,6.6,76.69,386000 4332000,1.5,Suitable,dodgerblue,YES,239.849206,2691.779172,83.8850849999999
386000,4332000,CB3MH,34.44882,1e+06,2.79,78.15,386000 4332000,10.5,Marginal,orange,YES,239.849206,2691.779172,83.8850849999999
386000,4332000,CB3MH,18.04462,1e+06,4.73,76.88,386000 4332000,5.5,Suitable,dodgerblue,YES,239.849206,2691.779172,83.8850849999999
386000,4332000,CB3MH,21.32546,1e+06,4.07,77.15,386000 4332000,6.5,Suitable,dodgerblue,YES,239.849206,2691.779172,83.8850849999999
386000,4332000,CB3MH,8.2021,1e+06,6.22,76.7,386000 4332000,2.5,Suitable,dodgerblue,YES,239.849206,2691.779172,83.8850849999999
386000,4332000,CB3MH,14.76378,1e+06,5.1,76.77,386000 4332000,4.5,Suitable,dodgerblue,YES,239.849206,2691.779172,83.8850849999999
386000,4332000,CB3MH,1.64042,1e+06,6.67,76.73,386000 4332000,0.5,Suitable,dodgerblue,YES,239.849206,2691.779172,83.8850849999999
386000,4332000,CB3MH,37.72966,1e+06,2.36,78.15,386000 4332000,11.5,Marginal,orange,YES,239.849206,2691.779172,83.8850849999999
386000,4332000,CB3MH,11.48294,1e+06,5.65,76.76,386000 4332000,3.5,Suitable,dodgerblue,YES,239.849206,2691.779172,83.8850849999999
386000,4332000,CB3MH,24.6063,1e+06,2.98,77.5,386000 4332000,7.5,Marginal,orange,YES,239.849206,2691.779172,83.8850849999999
386000,4332000,CB3MH,27.88714,1e+06,2.46,77.58,386000 4332000,8.5,Marginal,orange,YES,239.849206,2691.779172,83.8850849999999
386000,4332000,CB3MH,31.16798,1e+06,2.28,77.59,386000 4332000,9.5,Marginal,orange,YES,239.849206,2691.779172,83.8850849999999
386000,4334000,CB3MH,21.32546,1e+06,3.77,77.11,386000 4334000,6.5,Tolerable,yellow,YES,239.849206,2693.021914,85.1278269999998
386000,4334000,CB3MH,24.6063,1e+06,2.89,77.43,386000 4334000,7.5,Marginal,orange,YES,239.849206,2693.021914,85.1278269999998
386000,4334000,CB3MH,1.64042,1e+06,6.33,76.42,386000 4334000,0.5,Suitable,dodgerblue,YES,239.849206,2693.021914,85.1278269999998
386000,4334000,CB3MH,31.16798,1e+06,2.19,77.53,386000 4334000,9.5,Marginal,orange,YES,239.849206,2693.021914,85.1278269999998
386000,4334000,CB3MH,11.48294,1e+06,5.73,76.57,386000 4334000,3.5,Suitable,dodgerblue,YES,239.849206,2693.021914,85.1278269999998
386000,4334000,CB3MH,8.2021,1e+06,6.13,76.49,386000 4334000,2.5,Suitable,dodgerblue,YES,239.849206,2693.021914,85.1278269999998
386000,4334000,CB3MH,14.76378,1e+06,5.18,76.57,386000 4334000,4.5,Suitable,dodgerblue,YES,239.849206,2693.021914,85.1278269999998
386000,4334000,CB3MH,4.92126,1e+06,6.31,76.41,386000 4334000,1.5,Suitable,dodgerblue,YES,239.849206,2693.021914,85.1278269999998
386000,4334000,CB3MH,34.44882,1e+06,2.62,78.13,386000 4334000,10.5,Marginal,orange,YES,239.849206,2693.021914,85.1278269999998
386000,4334000,CB3MH,18.04462,1e+06,4.53,76.82,386000 4334000,5.5,Suitable,dodgerblue,YES,239.849206,2693.021914,85.1278269999998
386000,4334000,CB3MH,27.88714,1e+06,2.35,77.53,386000 4334000,8.5,Marginal,orange,YES,239.849206,2693.021914,85.1278269999998
386000,4335000,CB3MH,24.6063,1e+06,2.87,77.42,386000 4335000,7.5,Marginal,orange,YES,239.849206,2693.643285,85.749198
386000,4335000,CB3MH,18.04462,1e+06,4.49,76.81,386000 4335000,5.5,Suitable,dodgerblue,YES,239.849206,2693.643285,85.749198
386000,4335000,CB3MH,4.92126,1e+06,6.23,76.38,386000 4335000,1.5,Suitable,dodgerblue,YES,239.849206,2693.643285,85.749198
386000,4335000,CB3MH,1.64042,1e+06,6.23,76.38,386000 4335000,0.5,Suitable,dodgerblue,YES,239.849206,2693.643285,85.749198
386000,4335000,CB3MH,31.16798,1e+06,2.17,77.51,386000 4335000,9.5,Marginal,orange,YES,239.849206,2693.643285,85.749198
386000,4335000,CB3MH,21.32546,1e+06,3.7,77.11,386000 4335000,6.5,Tolerable,yellow,YES,239.849206,2693.643285,85.749198
386000,4335000,CB3MH,11.48294,1e+06,5.74,76.53,386000 4335000,3.5,Suitable,dodgerblue,YES,239.849206,2693.643285,85.749198
386000,4335000,CB3MH,14.76378,1e+06,5.19,76.53,386000 4335000,4.5,Suitable,dodgerblue,YES,239.849206,2693.643285,85.749198
386000,4335000,CB3MH,27.88714,1e+06,2.32,77.51,386000 4335000,8.5,Marginal,orange,YES,239.849206,2693.643285,85.749198
386000,4335000,CB3MH,8.2021,1e+06,6.1,76.47,386000 4335000,2.5,Suitable,dodgerblue,YES,239.849206,2693.643285,85.749198
386000,4336000,CB3MH,21.32546,1e+06,3.67,77.11,386000 4336000,6.5,Tolerable,yellow,YES,239.849206,2694.264656,86.3705689999997
386000,4336000,CB3MH,11.48294,1e+06,5.75,76.54,386000 4336000,3.5,Suitable,dodgerblue,YES,239.849206,2694.264656,86.3705689999997
386000,4336000,CB3MH,4.92126,1e+06,6.22,76.36,386000 4336000,1.5,Suitable,dodgerblue,YES,239.849206,2694.264656,86.3705689999997
386000,4336000,CB3MH,18.04462,1e+06,4.46,76.82,386000 4336000,5.5,Suitable,dodgerblue,YES,239.849206,2694.264656,86.3705689999997
386000,4336000,CB3MH,14.76378,1e+06,5.19,76.54,386000 4336000,4.5,Suitable,dodgerblue,YES,239.849206,2694.264656,86.3705689999997
386000,4336000,CB3MH,1.64042,1e+06,6.23,76.37,386000 4336000,0.5,Suitable,dodgerblue,YES,239.849206,2694.264656,86.3705689999997
386000,4336000,CB3MH,8.2021,1e+06,6.1,76.45,386000 4336000,2.5,Suitable,dodgerblue,YES,239.849206,2694.264656,86.3705689999997
386000,4336000,CB3MH,24.6063,1e+06,2.86,77.41,386000 4336000,7.5,Marginal,orange,YES,239.849206,2694.264656,86.3705689999997
387000,4239000,CB5MH_MD,60.69554,1e+06,0.78,78.29,387000 4239000,18.5,Unsuitable,black,YES,240.470577,2633.991669,26.0975819999999
387000,4239000,CB5MH_MD,54.13386,1e+06,0.72,78.3,387000 4239000,16.5,Unsuitable,black,YES,240.470577,2633.991669,26.0975819999999
387000,4239000,CB5MH_MD,67.25722,1e+06,0.73,78.3,387000 4239000,20.5,Unsuitable,black,YES,240.470577,2633.991669,26.0975819999999
387000,4239000,CB5MH_MD,63.97638,1e+06,0.78,78.29,387000 4239000,19.5,Unsuitable,black,YES,240.470577,2633.991669,26.0975819999999
387000,4239000,CB5MH_MD,37.72966,1e+06,1.18,78.47,387000 4239000,11.5,Unsuitable,black,YES,240.470577,2633.991669,26.0975819999999
387000,4239000,CB5MH_MD,14.76378,1e+06,7.36,78.61,387000 4239000,4.5,Suitable,dodgerblue,YES,240.470577,2633.991669,26.0975819999999
387000,4239000,CB5MH_MD,4.92126,1e+06,7.89,78.63,387000 4239000,1.5,Suitable,dodgerblue,YES,240.470577,2633.991669,26.0975819999999
387000,4239000,CB5MH_MD,57.4147,1e+06,0.74,78.3,387000 4239000,17.5,Unsuitable,black,YES,240.470577,2633.991669,26.0975819999999
387000,4239000,CB5MH_MD,18.04462,1e+06,6.68,78.61,387000 4239000,5.5,Suitable,dodgerblue,YES,240.470577,2633.991669,26.0975819999999
387000,4239000,CB5MH_MD,47.57218,1e+06,0.87,78.47,387000 4239000,14.5,Unsuitable,black,YES,240.470577,2633.991669,26.0975819999999
387000,4239000,CB5MH_MD,70.53806,1e+06,0.7,78.3,387000 4239000,21.5,Unsuitable,black,YES,240.470577,2633.991669,26.0975819999999
387000,4239000,CB5MH_MD,24.6063,1e+06,4.36,78.61,387000 4239000,7.5,Suitable,dodgerblue,YES,240.470577,2633.991669,26.0975819999999
387000,4239000,CB5MH_MD,73.8189,1e+06,0.7,78.29,387000 4239000,22.5,Unsuitable,black,YES,240.470577,2633.991669,26.0975819999999
387000,4239000,CB5MH_MD,41.0105,1e+06,1.03,78.48,387000 4239000,12.5,Unsuitable,black,YES,240.470577,2633.991669,26.0975819999999
387000,4239000,CB5MH_MD,50.85302,1e+06,0.82,78.47,387000 4239000,15.5,Unsuitable,black,YES,240.470577,2633.991669,26.0975819999999
387000,4239000,CB5MH_MD,8.2021,1e+06,7.78,78.62,387000 4239000,2.5,Suitable,dodgerblue,YES,240.470577,2633.991669,26.0975819999999
387000,4239000,CB5MH_MD,77.09974,1e+06,0.7,78.29,387000 4239000,23.5,Unsuitable,black,YES,240.470577,2633.991669,26.0975819999999
387000,4239000,CB5MH_MD,27.88714,1e+06,3.26,78.61,387000 4239000,8.5,Tolerable,yellow,YES,240.470577,2633.991669,26.0975819999999
387000,4239000,CB5MH_MD,11.48294,1e+06,7.63,78.61,387000 4239000,3.5,Suitable,dodgerblue,YES,240.470577,2633.991669,26.0975819999999
387000,4239000,CB5MH_MD,44.29134,1e+06,0.93,78.48,387000 4239000,13.5,Unsuitable,black,YES,240.470577,2633.991669,26.0975819999999
387000,4239000,CB5MH_MD,80.38058,1e+06,0.7,78.29,387000 4239000,24.5,Unsuitable,black,YES,240.470577,2633.991669,26.0975819999999
387000,4239000,CB5MH_MD,31.16798,1e+06,1.49,78.44,387000 4239000,9.5,Unsuitable,black,YES,240.470577,2633.991669,26.0975819999999
387000,4239000,CB5MH_MD,1.64042,1e+06,7.93,78.87,387000 4239000,0.5,Suitable,dodgerblue,YES,240.470577,2633.991669,26.0975819999999
387000,4239000,CB5MH_MD,21.32546,1e+06,5.34,78.61,387000 4239000,6.5,Suitable,dodgerblue,YES,240.470577,2633.991669,26.0975819999999
387000,4239000,CB5MH_MD,34.44882,1e+06,1.28,78.46,387000 4239000,10.5,Unsuitable,black,YES,240.470577,2633.991669,26.0975819999999
387000,4240000,CB5MH_MD,34.44882,1e+06,1.08,78.38,387000 4240000,10.5,Unsuitable,black,YES,240.470577,2634.61304,26.7189530000001
387000,4240000,CB5MH_MD,44.29134,1e+06,0.81,78.38,387000 4240000,13.5,Unsuitable,black,YES,240.470577,2634.61304,26.7189530000001
387000,4240000,CB5MH_MD,18.04462,1e+06,6.65,78.46,387000 4240000,5.5,Suitable,dodgerblue,YES,240.470577,2634.61304,26.7189530000001
387000,4240000,CB5MH_MD,57.4147,1e+06,0.73,78.3,387000 4240000,17.5,Unsuitable,black,YES,240.470577,2634.61304,26.7189530000001
387000,4240000,CB5MH_MD,37.72966,1e+06,1.01,78.38,387000 4240000,11.5,Unsuitable,black,YES,240.470577,2634.61304,26.7189530000001
387000,4240000,CB5MH_MD,24.6063,1e+06,4.07,78.46,387000 4240000,7.5,Suitable,dodgerblue,YES,240.470577,2634.61304,26.7189530000001
387000,4240000,CB5MH_MD,70.53806,1e+06,0.7,78.3,387000 4240000,21.5,Unsuitable,black,YES,240.470577,2634.61304,26.7189530000001
387000,4240000,CB5MH_MD,11.48294,1e+06,7.67,78.46,387000 4240000,3.5,Suitable,dodgerblue,YES,240.470577,2634.61304,26.7189530000001
387000,4240000,CB5MH_MD,1.64042,1e+06,7.99,78.74,387000 4240000,0.5,Suitable,dodgerblue,YES,240.470577,2634.61304,26.7189530000001
387000,4240000,CB5MH_MD,14.76378,1e+06,7.38,78.46,387000 4240000,4.5,Suitable,dodgerblue,YES,240.470577,2634.61304,26.7189530000001
387000,4240000,CB5MH_MD,60.69554,1e+06,0.78,78.3,387000 4240000,18.5,Unsuitable,black,YES,240.470577,2634.61304,26.7189530000001
387000,4240000,CB5MH_MD,27.88714,1e+06,2.88,78.46,387000 4240000,8.5,Marginal,orange,YES,240.470577,2634.61304,26.7189530000001
387000,4240000,CB5MH_MD,21.32546,1e+06,5.16,78.46,387000 4240000,6.5,Suitable,dodgerblue,YES,240.470577,2634.61304,26.7189530000001
387000,4240000,CB5MH_MD,96.78478,1e+06,0.7,78.3,387000 4240000,29.5,Unsuitable,black,YES,240.470577,2634.61304,26.7189530000001
387000,4240000,CB5MH_MD,4.92126,1e+06,7.95,78.47,387000 4240000,1.5,Suitable,dodgerblue,YES,240.470577,2634.61304,26.7189530000001
387000,4240000,CB5MH_MD,41.0105,1e+06,0.88,78.39,387000 4240000,12.5,Unsuitable,black,YES,240.470577,2634.61304,26.7189530000001
387000,4240000,CB5MH_MD,54.13386,1e+06,0.71,78.3,387000 4240000,16.5,Unsuitable,black,YES,240.470577,2634.61304,26.7189530000001
387000,4240000,CB5MH_MD,8.2021,1e+06,7.81,78.47,387000 4240000,2.5,Suitable,dodgerblue,YES,240.470577,2634.61304,26.7189530000001
387000,4240000,CB5MH_MD,77.09974,1e+06,0.7,78.3,387000 4240000,23.5,Unsuitable,black,YES,240.470577,2634.61304,26.7189530000001
387000,4240000,CB5MH_MD,106.6273,1e+06,0.77,78.3,387000 4240000,32.5,Unsuitable,black,YES,240.470577,2634.61304,26.7189530000001
387000,4240000,CB5MH_MD,31.16798,1e+06,1.26,78.37,387000 4240000,9.5,Unsuitable,black,YES,240.470577,2634.61304,26.7189530000001
387000,4240000,CB5MH_MD,47.57218,1e+06,0.78,78.38,387000 4240000,14.5,Unsuitable,black,YES,240.470577,2634.61304,26.7189530000001
387000,4240000,CB5MH_MD,90.2231,1e+06,0.7,78.3,387000 4240000,27.5,Unsuitable,black,YES,240.470577,2634.61304,26.7189530000001
387000,4240000,CB5MH_MD,73.8189,1e+06,0.7,78.3,387000 4240000,22.5,Unsuitable,black,YES,240.470577,2634.61304,26.7189530000001
387000,4240000,CB5MH_MD,67.25722,1e+06,0.73,78.3,387000 4240000,20.5,Unsuitable,black,YES,240.470577,2634.61304,26.7189530000001
387000,4240000,CB5MH_MD,93.50394,1e+06,0.7,78.3,387000 4240000,28.5,Unsuitable,black,YES,240.470577,2634.61304,26.7189530000001
387000,4240000,CB5MH_MD,100.06562,1e+06,0.7,78.3,387000 4240000,30.5,Unsuitable,black,YES,240.470577,2634.61304,26.7189530000001
387000,4240000,CB5MH_MD,50.85302,1e+06,0.76,78.38,387000 4240000,15.5,Unsuitable,black,YES,240.470577,2634.61304,26.7189530000001
387000,4240000,CB5MH_MD,63.97638,1e+06,0.77,78.3,387000 4240000,19.5,Unsuitable,black,YES,240.470577,2634.61304,26.7189530000001
387000,4240000,CB5MH_MD,103.34646,1e+06,0.73,78.3,387000 4240000,31.5,Unsuitable,black,YES,240.470577,2634.61304,26.7189530000001
387000,4240000,CB5MH_MD,83.66142,1e+06,0.7,78.3,387000 4240000,25.5,Unsuitable,black,YES,240.470577,2634.61304,26.7189530000001
387000,4240000,CB5MH_MD,80.38058,1e+06,0.7,78.3,387000 4240000,24.5,Unsuitable,black,YES,240.470577,2634.61304,26.7189530000001
387000,4240000,CB5MH_MD,86.94226,1e+06,0.7,78.3,387000 4240000,26.5,Unsuitable,black,YES,240.470577,2634.61304,26.7189530000001
387000,4241000,CB5MH_MD,54.13386,1e+06,0.7,78.3,387000 4241000,16.5,Unsuitable,black,YES,240.470577,2635.234411,27.3403239999998
387000,4241000,CB5MH_MD,80.38058,1e+06,0.7,78.3,387000 4241000,24.5,Unsuitable,black,YES,240.470577,2635.234411,27.3403239999998
387000,4241000,CB5MH_MD,37.72966,1e+06,0.89,78.32,387000 4241000,11.5,Unsuitable,black,YES,240.470577,2635.234411,27.3403239999998
387000,4241000,CB5MH_MD,90.2231,1e+06,0.7,78.3,387000 4241000,27.5,Unsuitable,black,YES,240.470577,2635.234411,27.3403239999998
387000,4241000,CB5MH_MD,86.94226,1e+06,0.7,78.3,387000 4241000,26.5,Unsuitable,black,YES,240.470577,2635.234411,27.3403239999998
387000,4241000,CB5MH_MD,73.8189,1e+06,0.7,78.3,387000 4241000,22.5,Unsuitable,black,YES,240.470577,2635.234411,27.3403239999998
387000,4241000,CB5MH_MD,109.90814,1e+06,0.8,78.3,387000 4241000,33.5,Unsuitable,black,YES,240.470577,2635.234411,27.3403239999998
387000,4241000,CB5MH_MD,34.44882,1e+06,0.94,78.32,387000 4241000,10.5,Unsuitable,black,YES,240.470577,2635.234411,27.3403239999998
387000,4241000,CB5MH_MD,57.4147,1e+06,0.73,78.3,387000 4241000,17.5,Unsuitable,black,YES,240.470577,2635.234411,27.3403239999998
387000,4241000,CB5MH_MD,83.66142,1e+06,0.7,78.3,387000 4241000,25.5,Unsuitable,black,YES,240.470577,2635.234411,27.3403239999998
387000,4241000,CB5MH_MD,106.6273,1e+06,0.77,78.3,387000 4241000,32.5,Unsuitable,black,YES,240.470577,2635.234411,27.3403239999998
387000,4241000,CB5MH_MD,63.97638,1e+06,0.77,78.3,387000 4241000,19.5,Unsuitable,black,YES,240.470577,2635.234411,27.3403239999998
387000,4241000,CB5MH_MD,41.0105,1e+06,0.78,78.32,387000 4241000,12.5,Unsuitable,black,YES,240.470577,2635.234411,27.3403239999998
387000,4241000,CB5MH_MD,44.29134,1e+06,0.73,78.32,387000 4241000,13.5,Unsuitable,black,YES,240.470577,2635.234411,27.3403239999998
387000,4241000,CB5MH_MD,93.50394,1e+06,0.7,78.3,387000 4241000,28.5,Unsuitable,black,YES,240.470577,2635.234411,27.3403239999998
387000,4241000,CB5MH_MD,31.16798,1e+06,1.1,78.32,387000 4241000,9.5,Unsuitable,black,YES,240.470577,2635.234411,27.3403239999998
387000,4241000,CB5MH_MD,103.34646,1e+06,0.73,78.3,387000 4241000,31.5,Unsuitable,black,YES,240.470577,2635.234411,27.3403239999998
387000,4241000,CB5MH_MD,96.78478,1e+06,0.7,78.3,387000 4241000,29.5,Unsuitable,black,YES,240.470577,2635.234411,27.3403239999998
387000,4241000,CB5MH_MD,50.85302,1e+06,0.71,78.32,387000 4241000,15.5,Unsuitable,black,YES,240.470577,2635.234411,27.3403239999998
387000,4241000,CB5MH_MD,24.6063,1e+06,3.84,78.34,387000 4241000,7.5,Tolerable,yellow,YES,240.470577,2635.234411,27.3403239999998
387000,4241000,CB5MH_MD,27.88714,1e+06,2.57,78.34,387000 4241000,8.5,Marginal,orange,YES,240.470577,2635.234411,27.3403239999998
387000,4241000,CB5MH_MD,47.57218,1e+06,0.72,78.32,387000 4241000,14.5,Unsuitable,black,YES,240.470577,2635.234411,27.3403239999998
387000,4241000,CB5MH_MD,14.76378,1e+06,7.39,78.34,387000 4241000,4.5,Suitable,dodgerblue,YES,240.470577,2635.234411,27.3403239999998
387000,4241000,CB5MH_MD,18.04462,1e+06,6.61,78.34,387000 4241000,5.5,Suitable,dodgerblue,YES,240.470577,2635.234411,27.3403239999998
387000,4241000,CB5MH_MD,11.48294,1e+06,7.69,78.34,387000 4241000,3.5,Suitable,dodgerblue,YES,240.470577,2635.234411,27.3403239999998
387000,4241000,CB5MH_MD,8.2021,1e+06,7.84,78.34,387000 4241000,2.5,Suitable,dodgerblue,YES,240.470577,2635.234411,27.3403239999998
387000,4241000,CB5MH_MD,67.25722,1e+06,0.72,78.3,387000 4241000,20.5,Unsuitable,black,YES,240.470577,2635.234411,27.3403239999998
387000,4241000,CB5MH_MD,77.09974,1e+06,0.7,78.3,387000 4241000,23.5,Unsuitable,black,YES,240.470577,2635.234411,27.3403239999998
387000,4241000,CB5MH_MD,100.06562,1e+06,0.7,78.3,387000 4241000,30.5,Unsuitable,black,YES,240.470577,2635.234411,27.3403239999998
387000,4241000,CB5MH_MD,60.69554,1e+06,0.77,78.3,387000 4241000,18.5,Unsuitable,black,YES,240.470577,2635.234411,27.3403239999998
387000,4241000,CB5MH_MD,1.64042,1e+06,8.04,78.64,387000 4241000,0.5,Suitable,dodgerblue,YES,240.470577,2635.234411,27.3403239999998
387000,4241000,CB5MH_MD,4.92126,1e+06,7.99,78.35,387000 4241000,1.5,Suitable,dodgerblue,YES,240.470577,2635.234411,27.3403239999998
387000,4241000,CB5MH_MD,70.53806,1e+06,0.7,78.3,387000 4241000,21.5,Unsuitable,black,YES,240.470577,2635.234411,27.3403239999998
387000,4241000,CB5MH_MD,21.32546,1e+06,5.01,78.34,387000 4241000,6.5,Suitable,dodgerblue,YES,240.470577,2635.234411,27.3403239999998
387000,4242000,CB5MH_MD,31.16798,1e+06,1.05,78.3,387000 4242000,9.5,Unsuitable,black,YES,240.470577,2635.855782,27.961695
387000,4242000,CB5MH_MD,80.38058,1e+06,0.7,78.3,387000 4242000,24.5,Unsuitable,black,YES,240.470577,2635.855782,27.961695
387000,4242000,CB5MH_MD,60.69554,1e+06,0.77,78.3,387000 4242000,18.5,Unsuitable,black,YES,240.470577,2635.855782,27.961695
387000,4242000,CB5MH_MD,93.50394,1e+06,0.7,78.3,387000 4242000,28.5,Unsuitable,black,YES,240.470577,2635.855782,27.961695
387000,4242000,CB5MH_MD,54.13386,1e+06,0.7,78.3,387000 4242000,16.5,Unsuitable,black,YES,240.470577,2635.855782,27.961695
387000,4242000,CB5MH_MD,83.66142,1e+06,0.7,78.3,387000 4242000,25.5,Unsuitable,black,YES,240.470577,2635.855782,27.961695
387000,4242000,CB5MH_MD,8.2021,1e+06,7.85,78.3,387000 4242000,2.5,Suitable,dodgerblue,YES,240.470577,2635.855782,27.961695
387000,4242000,CB5MH_MD,27.88714,1e+06,2.45,78.3,387000 4242000,8.5,Marginal,orange,YES,240.470577,2635.855782,27.961695
387000,4242000,CB5MH_MD,24.6063,1e+06,3.75,78.3,387000 4242000,7.5,Tolerable,yellow,YES,240.470577,2635.855782,27.961695
387000,4242000,CB5MH_MD,77.09974,1e+06,0.7,78.3,387000 4242000,23.5,Unsuitable,black,YES,240.470577,2635.855782,27.961695
387000,4242000,CB5MH_MD,67.25722,1e+06,0.72,78.3,387000 4242000,20.5,Unsuitable,black,YES,240.470577,2635.855782,27.961695
387000,4242000,CB5MH_MD,1.64042,1e+06,8.05,78.6,387000 4242000,0.5,Suitable,dodgerblue,YES,240.470577,2635.855782,27.961695
387000,4242000,CB5MH_MD,73.8189,1e+06,0.7,78.3,387000 4242000,22.5,Unsuitable,black,YES,240.470577,2635.855782,27.961695
387000,4242000,CB5MH_MD,41.0105,1e+06,0.75,78.3,387000 4242000,12.5,Unsuitable,black,YES,240.470577,2635.855782,27.961695
387000,4242000,CB5MH_MD,44.29134,1e+06,0.7,78.3,387000 4242000,13.5,Unsuitable,black,YES,240.470577,2635.855782,27.961695
387000,4242000,CB5MH_MD,63.97638,1e+06,0.77,78.3,387000 4242000,19.5,Unsuitable,black,YES,240.470577,2635.855782,27.961695
387000,4242000,CB5MH_MD,106.6273,1e+06,0.77,78.3,387000 4242000,32.5,Unsuitable,black,YES,240.470577,2635.855782,27.961695
387000,4242000,CB5MH_MD,47.57218,1e+06,0.7,78.3,387000 4242000,14.5,Unsuitable,black,YES,240.470577,2635.855782,27.961695
387000,4242000,CB5MH_MD,70.53806,1e+06,0.7,78.3,387000 4242000,21.5,Unsuitable,black,YES,240.470577,2635.855782,27.961695
387000,4242000,CB5MH_MD,21.32546,1e+06,4.95,78.3,387000 4242000,6.5,Suitable,dodgerblue,YES,240.470577,2635.855782,27.961695
387000,4242000,CB5MH_MD,37.72966,1e+06,0.85,78.3,387000 4242000,11.5,Unsuitable,black,YES,240.470577,2635.855782,27.961695
387000,4242000,CB5MH_MD,100.06562,1e+06,0.7,78.3,387000 4242000,30.5,Unsuitable,black,YES,240.470577,2635.855782,27.961695
387000,4242000,CB5MH_MD,57.4147,1e+06,0.73,78.3,387000 4242000,17.5,Unsuitable,black,YES,240.470577,2635.855782,27.961695
387000,4242000,CB5MH_MD,96.78478,1e+06,0.7,78.3,387000 4242000,29.5,Unsuitable,black,YES,240.470577,2635.855782,27.961695
387000,4242000,CB5MH_MD,11.48294,1e+06,7.7,78.3,387000 4242000,3.5,Suitable,dodgerblue,YES,240.470577,2635.855782,27.961695
387000,4242000,CB5MH_MD,4.92126,1e+06,8,78.3,387000 4242000,1.5,Suitable,dodgerblue,YES,240.470577,2635.855782,27.961695
387000,4242000,CB5MH_MD,34.44882,1e+06,0.9,78.3,387000 4242000,10.5,Unsuitable,black,YES,240.470577,2635.855782,27.961695
387000,4242000,CB5MH_MD,50.85302,1e+06,0.7,78.3,387000 4242000,15.5,Unsuitable,black,YES,240.470577,2635.855782,27.961695
387000,4242000,CB5MH_MD,14.76378,1e+06,7.4,78.3,387000 4242000,4.5,Suitable,dodgerblue,YES,240.470577,2635.855782,27.961695
387000,4242000,CB5MH_MD,90.2231,1e+06,0.7,78.3,387000 4242000,27.5,Unsuitable,black,YES,240.470577,2635.855782,27.961695
387000,4242000,CB5MH_MD,113.18898,1e+06,0.8,78.3,387000 4242000,34.5,Unsuitable,black,YES,240.470577,2635.855782,27.961695
387000,4242000,CB5MH_MD,18.04462,1e+06,6.6,78.3,387000 4242000,5.5,Suitable,dodgerblue,YES,240.470577,2635.855782,27.961695
387000,4242000,CB5MH_MD,86.94226,1e+06,0.7,78.3,387000 4242000,26.5,Unsuitable,black,YES,240.470577,2635.855782,27.961695
387000,4242000,CB5MH_MD,109.90814,1e+06,0.8,78.3,387000 4242000,33.5,Unsuitable,black,YES,240.470577,2635.855782,27.961695
387000,4242000,CB5MH_MD,103.34646,1e+06,0.73,78.3,387000 4242000,31.5,Unsuitable,black,YES,240.470577,2635.855782,27.961695
387000,4243000,CB5MH_MD,11.48294,1e+06,7.69,78.36,387000 4243000,3.5,Suitable,dodgerblue,YES,240.470577,2636.477153,28.5830660000002
387000,4243000,CB5MH_MD,113.18898,1e+06,0.8,78.3,387000 4243000,34.5,Unsuitable,black,YES,240.470577,2636.477153,28.5830660000002
387000,4243000,CB5MH_MD,73.8189,1e+06,0.7,78.3,387000 4243000,22.5,Unsuitable,black,YES,240.470577,2636.477153,28.5830660000002
387000,4243000,CB5MH_MD,1.64042,1e+06,8.03,78.65,387000 4243000,0.5,Suitable,dodgerblue,YES,240.470577,2636.477153,28.5830660000002
387000,4243000,CB5MH_MD,57.4147,1e+06,0.72,78.3,387000 4243000,17.5,Unsuitable,black,YES,240.470577,2636.477153,28.5830660000002
387000,4243000,CB5MH_MD,86.94226,1e+06,0.7,78.3,387000 4243000,26.5,Unsuitable,black,YES,240.470577,2636.477153,28.5830660000002
387000,4243000,CB5MH_MD,109.90814,1e+06,0.8,78.3,387000 4243000,33.5,Unsuitable,black,YES,240.470577,2636.477153,28.5830660000002
387000,4243000,CB5MH_MD,34.44882,1e+06,0.96,78.32,387000 4243000,10.5,Unsuitable,black,YES,240.470577,2636.477153,28.5830660000002
387000,4243000,CB5MH_MD,8.2021,1e+06,7.84,78.36,387000 4243000,2.5,Suitable,dodgerblue,YES,240.470577,2636.477153,28.5830660000002
387000,4243000,CB5MH_MD,67.25722,1e+06,0.72,78.3,387000 4243000,20.5,Unsuitable,black,YES,240.470577,2636.477153,28.5830660000002
387000,4243000,CB5MH_MD,83.66142,1e+06,0.7,78.3,387000 4243000,25.5,Unsuitable,black,YES,240.470577,2636.477153,28.5830660000002
387000,4243000,CB5MH_MD,60.69554,1e+06,0.77,78.3,387000 4243000,18.5,Unsuitable,black,YES,240.470577,2636.477153,28.5830660000002
387000,4243000,CB5MH_MD,4.92126,1e+06,7.99,78.36,387000 4243000,1.5,Suitable,dodgerblue,YES,240.470577,2636.477153,28.5830660000002
387000,4243000,CB5MH_MD,54.13386,1e+06,0.7,78.3,387000 4243000,16.5,Unsuitable,black,YES,240.470577,2636.477153,28.5830660000002
387000,4243000,CB5MH_MD,77.09974,1e+06,0.7,78.3,387000 4243000,23.5,Unsuitable,black,YES,240.470577,2636.477153,28.5830660000002
387000,4243000,CB5MH_MD,63.97638,1e+06,0.77,78.3,387000 4243000,19.5,Unsuitable,black,YES,240.470577,2636.477153,28.5830660000002
387000,4243000,CB5MH_MD,21.32546,1e+06,5.03,78.35,387000 4243000,6.5,Suitable,dodgerblue,YES,240.470577,2636.477153,28.5830660000002
387000,4243000,CB5MH_MD,27.88714,1e+06,2.61,78.35,387000 4243000,8.5,Marginal,orange,YES,240.470577,2636.477153,28.5830660000002
387000,4243000,CB5MH_MD,70.53806,1e+06,0.7,78.3,387000 4243000,21.5,Unsuitable,black,YES,240.470577,2636.477153,28.5830660000002
387000,4243000,CB5MH_MD,24.6063,1e+06,3.88,78.35,387000 4243000,7.5,Tolerable,yellow,YES,240.470577,2636.477153,28.5830660000002
387000,4243000,CB5MH_MD,47.57218,1e+06,0.72,78.33,387000 4243000,14.5,Unsuitable,black,YES,240.470577,2636.477153,28.5830660000002
387000,4243000,CB5MH_MD,31.16798,1e+06,1.12,78.32,387000 4243000,9.5,Unsuitable,black,YES,240.470577,2636.477153,28.5830660000002
387000,4243000,CB5MH_MD,103.34646,1e+06,0.73,78.3,387000 4243000,31.5,Unsuitable,black,YES,240.470577,2636.477153,28.5830660000002
387000,4243000,CB5MH_MD,50.85302,1e+06,0.72,78.32,387000 4243000,15.5,Unsuitable,black,YES,240.470577,2636.477153,28.5830660000002
387000,4243000,CB5MH_MD,100.06562,1e+06,0.7,78.3,387000 4243000,30.5,Unsuitable,black,YES,240.470577,2636.477153,28.5830660000002
387000,4243000,CB5MH_MD,18.04462,1e+06,6.62,78.35,387000 4243000,5.5,Suitable,dodgerblue,YES,240.470577,2636.477153,28.5830660000002
387000,4243000,CB5MH_MD,14.76378,1e+06,7.4,78.35,387000 4243000,4.5,Suitable,dodgerblue,YES,240.470577,2636.477153,28.5830660000002
387000,4243000,CB5MH_MD,96.78478,1e+06,0.7,78.3,387000 4243000,29.5,Unsuitable,black,YES,240.470577,2636.477153,28.5830660000002
387000,4243000,CB5MH_MD,90.2231,1e+06,0.7,78.3,387000 4243000,27.5,Unsuitable,black,YES,240.470577,2636.477153,28.5830660000002
387000,4243000,CB5MH_MD,37.72966,1e+06,0.9,78.32,387000 4243000,11.5,Unsuitable,black,YES,240.470577,2636.477153,28.5830660000002
387000,4243000,CB5MH_MD,106.6273,1e+06,0.77,78.3,387000 4243000,32.5,Unsuitable,black,YES,240.470577,2636.477153,28.5830660000002
387000,4243000,CB5MH_MD,93.50394,1e+06,0.7,78.3,387000 4243000,28.5,Unsuitable,black,YES,240.470577,2636.477153,28.5830660000002
387000,4243000,CB5MH_MD,44.29134,1e+06,0.73,78.33,387000 4243000,13.5,Unsuitable,black,YES,240.470577,2636.477153,28.5830660000002
387000,4243000,CB5MH_MD,80.38058,1e+06,0.7,78.3,387000 4243000,24.5,Unsuitable,black,YES,240.470577,2636.477153,28.5830660000002
387000,4243000,CB5MH_MD,41.0105,1e+06,0.79,78.33,387000 4243000,12.5,Unsuitable,black,YES,240.470577,2636.477153,28.5830660000002
387000,4327000,CB3MH,34.44882,1e+06,3.45,78.07,387000 4327000,10.5,Tolerable,yellow,YES,240.470577,2688.672317,80.7782299999999
387000,4327000,CB3MH,1.64042,1e+06,9.32,77.84,387000 4327000,0.5,Suitable,dodgerblue,YES,240.470577,2688.672317,80.7782299999999
387000,4327000,CB3MH,18.04462,1e+06,5.49,77.28,387000 4327000,5.5,Suitable,dodgerblue,YES,240.470577,2688.672317,80.7782299999999
387000,4327000,CB3MH,11.48294,1e+06,7.02,77.17,387000 4327000,3.5,Suitable,dodgerblue,YES,240.470577,2688.672317,80.7782299999999
387000,4327000,CB3MH,27.88714,1e+06,2.9,77.91,387000 4327000,8.5,Marginal,orange,YES,240.470577,2688.672317,80.7782299999999
387000,4327000,CB3MH,24.6063,1e+06,3.29,77.89,387000 4327000,7.5,Tolerable,yellow,YES,240.470577,2688.672317,80.7782299999999
387000,4327000,CB3MH,21.32546,1e+06,4.7,77.75,387000 4327000,6.5,Suitable,dodgerblue,YES,240.470577,2688.672317,80.7782299999999
387000,4327000,CB3MH,37.72966,1e+06,2.8,78.07,387000 4327000,11.5,Marginal,orange,YES,240.470577,2688.672317,80.7782299999999
387000,4327000,CB3MH,14.76378,1e+06,6.24,77.15,387000 4327000,4.5,Suitable,dodgerblue,YES,240.470577,2688.672317,80.7782299999999
387000,4327000,CB3MH,8.2021,1e+06,8.04,77.37,387000 4327000,2.5,Suitable,dodgerblue,YES,240.470577,2688.672317,80.7782299999999
387000,4327000,CB3MH,31.16798,1e+06,2.64,77.94,387000 4327000,9.5,Marginal,orange,YES,240.470577,2688.672317,80.7782299999999
387000,4327000,CB3MH,4.92126,1e+06,9.03,77.68,387000 4327000,1.5,Suitable,dodgerblue,YES,240.470577,2688.672317,80.7782299999999
387000,4328000,CB3MH,14.76378,1e+06,6.11,77.06,387000 4328000,4.5,Suitable,dodgerblue,YES,240.470577,2689.293688,81.3996010000001
387000,4328000,CB3MH,1.64042,1e+06,8.87,77.62,387000 4328000,0.5,Suitable,dodgerblue,YES,240.470577,2689.293688,81.3996010000001
387000,4328000,CB3MH,21.32546,1e+06,4.53,77.65,387000 4328000,6.5,Suitable,dodgerblue,YES,240.470577,2689.293688,81.3996010000001
387000,4328000,CB3MH,31.16798,1e+06,2.55,77.86,387000 4328000,9.5,Marginal,orange,YES,240.470577,2689.293688,81.3996010000001
387000,4328000,CB3MH,18.04462,1e+06,5.36,77.21,387000 4328000,5.5,Suitable,dodgerblue,YES,240.470577,2689.293688,81.3996010000001
387000,4328000,CB3MH,24.6063,1e+06,3.21,77.8,387000 4328000,7.5,Tolerable,yellow,YES,240.470577,2689.293688,81.3996010000001
387000,4328000,CB3MH,11.48294,1e+06,6.86,77.08,387000 4328000,3.5,Suitable,dodgerblue,YES,240.470577,2689.293688,81.3996010000001
387000,4328000,CB3MH,27.88714,1e+06,2.79,77.84,387000 4328000,8.5,Marginal,orange,YES,240.470577,2689.293688,81.3996010000001
387000,4328000,CB3MH,8.2021,1e+06,7.77,77.23,387000 4328000,2.5,Suitable,dodgerblue,YES,240.470577,2689.293688,81.3996010000001
387000,4328000,CB3MH,4.92126,1e+06,8.62,77.48,387000 4328000,1.5,Suitable,dodgerblue,YES,240.470577,2689.293688,81.3996010000001
387000,4329000,CB3MH,24.6063,1e+06,3.14,77.72,387000 4329000,7.5,Tolerable,yellow,YES,240.470577,2689.915059,82.0209719999998
387000,4329000,CB3MH,18.04462,1e+06,5.2,77.13,387000 4329000,5.5,Suitable,dodgerblue,YES,240.470577,2689.915059,82.0209719999998
387000,4329000,CB3MH,27.88714,1e+06,2.69,77.77,387000 4329000,8.5,Marginal,orange,YES,240.470577,2689.915059,82.0209719999998
387000,4329000,CB3MH,31.16798,1e+06,2.47,77.78,387000 4329000,9.5,Marginal,orange,YES,240.470577,2689.915059,82.0209719999998
387000,4329000,CB3MH,1.64042,1e+06,8.37,77.38,387000 4329000,0.5,Suitable,dodgerblue,YES,240.470577,2689.915059,82.0209719999998
387000,4329000,CB3MH,4.92126,1e+06,8.16,77.26,387000 4329000,1.5,Suitable,dodgerblue,YES,240.470577,2689.915059,82.0209719999998
387000,4329000,CB3MH,21.32546,1e+06,4.36,77.55,387000 4329000,6.5,Suitable,dodgerblue,YES,240.470577,2689.915059,82.0209719999998
387000,4329000,CB3MH,8.2021,1e+06,7.46,77.08,387000 4329000,2.5,Suitable,dodgerblue,YES,240.470577,2689.915059,82.0209719999998
387000,4329000,CB3MH,14.76378,1e+06,5.95,76.95,387000 4329000,4.5,Suitable,dodgerblue,YES,240.470577,2689.915059,82.0209719999998
387000,4329000,CB3MH,11.48294,1e+06,6.66,76.97,387000 4329000,3.5,Suitable,dodgerblue,YES,240.470577,2689.915059,82.0209719999998
387000,4330000,CB3MH,37.72966,1e+06,2.53,78.11,387000 4330000,11.5,Marginal,orange,YES,240.470577,2690.53643,82.642343
387000,4330000,CB3MH,1.64042,1e+06,7.84,77.12,387000 4330000,0.5,Suitable,dodgerblue,YES,240.470577,2690.53643,82.642343
387000,4330000,CB3MH,34.44882,1e+06,3.05,78.11,387000 4330000,10.5,Tolerable,yellow,YES,240.470577,2690.53643,82.642343
387000,4330000,CB3MH,4.92126,1e+06,7.69,77.03,387000 4330000,1.5,Suitable,dodgerblue,YES,240.470577,2690.53643,82.642343
387000,4330000,CB3MH,18.04462,1e+06,5.03,77.05,387000 4330000,5.5,Suitable,dodgerblue,YES,240.470577,2690.53643,82.642343
387000,4330000,CB3MH,21.32546,1e+06,4.18,77.44,387000 4330000,6.5,Suitable,dodgerblue,YES,240.470577,2690.53643,82.642343
387000,4330000,CB3MH,11.48294,1e+06,6.45,76.86,387000 4330000,3.5,Suitable,dodgerblue,YES,240.470577,2690.53643,82.642343
387000,4330000,CB3MH,8.2021,1e+06,7.14,76.92,387000 4330000,2.5,Suitable,dodgerblue,YES,240.470577,2690.53643,82.642343
387000,4330000,CB3MH,24.6063,1e+06,3.08,77.64,387000 4330000,7.5,Tolerable,yellow,YES,240.470577,2690.53643,82.642343
387000,4330000,CB3MH,14.76378,1e+06,5.77,76.84,387000 4330000,4.5,Suitable,dodgerblue,YES,240.470577,2690.53643,82.642343
387000,4330000,CB3MH,27.88714,1e+06,2.6,77.7,387000 4330000,8.5,Marginal,orange,YES,240.470577,2690.53643,82.642343
387000,4330000,CB3MH,31.16798,1e+06,2.39,77.71,387000 4330000,9.5,Marginal,orange,YES,240.470577,2690.53643,82.642343
388000,4236000,CB5MH_MD,34.44882,1e+06,1.94,78.68,388000 4236000,10.5,Unsuitable,black,YES,241.091948,2632.127556,24.2334689999998
388000,4236000,CB5MH_MD,8.2021,1e+06,7.58,78.93,388000 4236000,2.5,Suitable,dodgerblue,YES,241.091948,2632.127556,24.2334689999998
388000,4236000,CB5MH_MD,77.09974,1e+06,0.72,78.28,388000 4236000,23.5,Unsuitable,black,YES,241.091948,2632.127556,24.2334689999998
388000,4236000,CB5MH_MD,1.64042,1e+06,7.73,79.11,388000 4236000,0.5,Suitable,dodgerblue,YES,241.091948,2632.127556,24.2334689999998
388000,4236000,CB5MH_MD,37.72966,1e+06,1.78,78.71,388000 4236000,11.5,Unsuitable,black,YES,241.091948,2632.127556,24.2334689999998
388000,4236000,CB5MH_MD,21.32546,1e+06,5.56,78.92,388000 4236000,6.5,Suitable,dodgerblue,YES,241.091948,2632.127556,24.2334689999998
388000,4236000,CB5MH_MD,4.92126,1e+06,7.69,78.94,388000 4236000,1.5,Suitable,dodgerblue,YES,241.091948,2632.127556,24.2334689999998
388000,4236000,CB5MH_MD,11.48294,1e+06,7.44,78.91,388000 4236000,3.5,Suitable,dodgerblue,YES,241.091948,2632.127556,24.2334689999998
388000,4236000,CB5MH_MD,60.69554,1e+06,0.83,78.28,388000 4236000,18.5,Unsuitable,black,YES,241.091948,2632.127556,24.2334689999998
388000,4236000,CB5MH_MD,27.88714,1e+06,3.93,78.95,388000 4236000,8.5,Tolerable,yellow,YES,241.091948,2632.127556,24.2334689999998
388000,4236000,CB5MH_MD,63.97638,1e+06,0.81,78.28,388000 4236000,19.5,Unsuitable,black,YES,241.091948,2632.127556,24.2334689999998
388000,4236000,CB5MH_MD,24.6063,1e+06,4.75,78.94,388000 4236000,7.5,Suitable,dodgerblue,YES,241.091948,2632.127556,24.2334689999998
388000,4236000,CB5MH_MD,18.04462,1e+06,6.64,78.89,388000 4236000,5.5,Suitable,dodgerblue,YES,241.091948,2632.127556,24.2334689999998
388000,4236000,CB5MH_MD,67.25722,1e+06,0.77,78.29,388000 4236000,20.5,Unsuitable,black,YES,241.091948,2632.127556,24.2334689999998
388000,4236000,CB5MH_MD,80.38058,1e+06,0.71,78.28,388000 4236000,24.5,Unsuitable,black,YES,241.091948,2632.127556,24.2334689999998
388000,4236000,CB5MH_MD,44.29134,1e+06,1.3,78.73,388000 4236000,13.5,Unsuitable,black,YES,241.091948,2632.127556,24.2334689999998
388000,4236000,CB5MH_MD,73.8189,1e+06,0.73,78.28,388000 4236000,22.5,Unsuitable,black,YES,241.091948,2632.127556,24.2334689999998
388000,4236000,CB5MH_MD,50.85302,1e+06,1.04,78.7,388000 4236000,15.5,Unsuitable,black,YES,241.091948,2632.127556,24.2334689999998
388000,4236000,CB5MH_MD,47.57218,1e+06,1.17,78.71,388000 4236000,14.5,Unsuitable,black,YES,241.091948,2632.127556,24.2334689999998
388000,4236000,CB5MH_MD,14.76378,1e+06,7.2,78.91,388000 4236000,4.5,Suitable,dodgerblue,YES,241.091948,2632.127556,24.2334689999998
388000,4236000,CB5MH_MD,54.13386,1e+06,0.82,78.3,388000 4236000,16.5,Unsuitable,black,YES,241.091948,2632.127556,24.2334689999998
388000,4236000,CB5MH_MD,70.53806,1e+06,0.74,78.29,388000 4236000,21.5,Unsuitable,black,YES,241.091948,2632.127556,24.2334689999998
388000,4236000,CB5MH_MD,31.16798,1e+06,2.21,78.63,388000 4236000,9.5,Marginal,orange,YES,241.091948,2632.127556,24.2334689999998
388000,4236000,CB5MH_MD,57.4147,1e+06,0.81,78.29,388000 4236000,17.5,Unsuitable,black,YES,241.091948,2632.127556,24.2334689999998
388000,4236000,CB5MH_MD,41.0105,1e+06,1.53,78.73,388000 4236000,12.5,Unsuitable,black,YES,241.091948,2632.127556,24.2334689999998
388000,4237000,CB5MH_MD,73.8189,1e+06,0.71,78.28,388000 4237000,22.5,Unsuitable,black,YES,241.091948,2632.748927,24.85484
388000,4237000,CB5MH_MD,80.38058,1e+06,0.7,78.28,388000 4237000,24.5,Unsuitable,black,YES,241.091948,2632.748927,24.85484
388000,4237000,CB5MH_MD,70.53806,1e+06,0.72,78.29,388000 4237000,21.5,Unsuitable,black,YES,241.091948,2632.748927,24.85484
388000,4237000,CB5MH_MD,34.44882,1e+06,1.71,78.61,388000 4237000,10.5,Unsuitable,black,YES,241.091948,2632.748927,24.85484
388000,4237000,CB5MH_MD,41.0105,1e+06,1.36,78.65,388000 4237000,12.5,Unsuitable,black,YES,241.091948,2632.748927,24.85484
388000,4237000,CB5MH_MD,67.25722,1e+06,0.75,78.29,388000 4237000,20.5,Unsuitable,black,YES,241.091948,2632.748927,24.85484
388000,4237000,CB5MH_MD,93.50394,1e+06,0.7,78.3,388000 4237000,28.5,Unsuitable,black,YES,241.091948,2632.748927,24.85484
388000,4237000,CB5MH_MD,57.4147,1e+06,0.78,78.29,388000 4237000,17.5,Unsuitable,black,YES,241.091948,2632.748927,24.85484
388000,4237000,CB5MH_MD,44.29134,1e+06,1.18,78.65,388000 4237000,13.5,Unsuitable,black,YES,241.091948,2632.748927,24.85484
388000,4237000,CB5MH_MD,60.69554,1e+06,0.81,78.28,388000 4237000,18.5,Unsuitable,black,YES,241.091948,2632.748927,24.85484
388000,4237000,CB5MH_MD,1.64042,1e+06,7.78,79.04,388000 4237000,0.5,Suitable,dodgerblue,YES,241.091948,2632.748927,24.85484
388000,4237000,CB5MH_MD,86.94226,1e+06,0.7,78.28,388000 4237000,26.5,Unsuitable,black,YES,241.091948,2632.748927,24.85484
388000,4237000,CB5MH_MD,47.57218,1e+06,1.07,78.63,388000 4237000,14.5,Unsuitable,black,YES,241.091948,2632.748927,24.85484
388000,4237000,CB5MH_MD,83.66142,1e+06,0.7,78.28,388000 4237000,25.5,Unsuitable,black,YES,241.091948,2632.748927,24.85484
388000,4237000,CB5MH_MD,90.2231,1e+06,0.71,78.28,388000 4237000,27.5,Unsuitable,black,YES,241.091948,2632.748927,24.85484
388000,4237000,CB5MH_MD,8.2021,1e+06,7.62,78.84,388000 4237000,2.5,Suitable,dodgerblue,YES,241.091948,2632.748927,24.85484
388000,4237000,CB5MH_MD,50.85302,1e+06,0.96,78.62,388000 4237000,15.5,Unsuitable,black,YES,241.091948,2632.748927,24.85484
388000,4237000,CB5MH_MD,14.76378,1e+06,7.24,78.83,388000 4237000,4.5,Suitable,dodgerblue,YES,241.091948,2632.748927,24.85484
388000,4237000,CB5MH_MD,77.09974,1e+06,0.71,78.28,388000 4237000,23.5,Unsuitable,black,YES,241.091948,2632.748927,24.85484
388000,4237000,CB5MH_MD,109.90814,1e+06,0.8,78.3,388000 4237000,33.5,Unsuitable,black,YES,241.091948,2632.748927,24.85484
388000,4237000,CB5MH_MD,37.72966,1e+06,1.57,78.63,388000 4237000,11.5,Unsuitable,black,YES,241.091948,2632.748927,24.85484
388000,4237000,CB5MH_MD,100.06562,1e+06,0.7,78.3,388000 4237000,30.5,Unsuitable,black,YES,241.091948,2632.748927,24.85484
388000,4237000,CB5MH_MD,106.6273,1e+06,0.77,78.3,388000 4237000,32.5,Unsuitable,black,YES,241.091948,2632.748927,24.85484
388000,4237000,CB5MH_MD,116.46982,1e+06,0.8,78.3,388000 4237000,35.5,Unsuitable,black,YES,241.091948,2632.748927,24.85484
388000,4237000,CB5MH_MD,18.04462,1e+06,6.64,78.81,388000 4237000,5.5,Suitable,dodgerblue,YES,241.091948,2632.748927,24.85484
388000,4237000,CB5MH_MD,63.97638,1e+06,0.8,78.28,388000 4237000,19.5,Unsuitable,black,YES,241.091948,2632.748927,24.85484
388000,4237000,CB5MH_MD,21.32546,1e+06,5.47,78.84,388000 4237000,6.5,Suitable,dodgerblue,YES,241.091948,2632.748927,24.85484
388000,4237000,CB5MH_MD,31.16798,1e+06,1.97,78.57,388000 4237000,9.5,Unsuitable,black,YES,241.091948,2632.748927,24.85484
388000,4237000,CB5MH_MD,54.13386,1e+06,0.77,78.3,388000 4237000,16.5,Unsuitable,black,YES,241.091948,2632.748927,24.85484
388000,4237000,CB5MH_MD,24.6063,1e+06,4.61,78.85,388000 4237000,7.5,Suitable,dodgerblue,YES,241.091948,2632.748927,24.85484
388000,4237000,CB5MH_MD,27.88714,1e+06,3.7,78.86,388000 4237000,8.5,Tolerable,yellow,YES,241.091948,2632.748927,24.85484
388000,4237000,CB5MH_MD,96.78478,1e+06,0.7,78.3,388000 4237000,29.5,Unsuitable,black,YES,241.091948,2632.748927,24.85484
388000,4237000,CB5MH_MD,11.48294,1e+06,7.48,78.82,388000 4237000,3.5,Suitable,dodgerblue,YES,241.091948,2632.748927,24.85484
388000,4237000,CB5MH_MD,113.18898,1e+06,0.8,78.3,388000 4237000,34.5,Unsuitable,black,YES,241.091948,2632.748927,24.85484
388000,4237000,CB5MH_MD,103.34646,1e+06,0.73,78.3,388000 4237000,31.5,Unsuitable,black,YES,241.091948,2632.748927,24.85484
388000,4237000,CB5MH_MD,4.92126,1e+06,7.74,78.85,388000 4237000,1.5,Suitable,dodgerblue,YES,241.091948,2632.748927,24.85484
388000,4238000,CB5MH_MD,60.69554,1e+06,0.79,78.29,388000 4238000,18.5,Unsuitable,black,YES,241.091948,2633.370298,25.4762109999997
388000,4238000,CB5MH_MD,77.09974,1e+06,0.7,78.29,388000 4238000,23.5,Unsuitable,black,YES,241.091948,2633.370298,25.4762109999997
388000,4238000,CB5MH_MD,34.44882,1e+06,1.49,78.53,388000 4238000,10.5,Unsuitable,black,YES,241.091948,2633.370298,25.4762109999997
388000,4238000,CB5MH_MD,73.8189,1e+06,0.71,78.29,388000 4238000,22.5,Unsuitable,black,YES,241.091948,2633.370298,25.4762109999997
388000,4238000,CB5MH_MD,67.25722,1e+06,0.74,78.29,388000 4238000,20.5,Unsuitable,black,YES,241.091948,2633.370298,25.4762109999997
388000,4238000,CB5MH_MD,44.29134,1e+06,1.05,78.56,388000 4238000,13.5,Unsuitable,black,YES,241.091948,2633.370298,25.4762109999997
388000,4238000,CB5MH_MD,63.97638,1e+06,0.78,78.29,388000 4238000,19.5,Unsuitable,black,YES,241.091948,2633.370298,25.4762109999997
388000,4238000,CB5MH_MD,54.13386,1e+06,0.74,78.3,388000 4238000,16.5,Unsuitable,black,YES,241.091948,2633.370298,25.4762109999997
388000,4238000,CB5MH_MD,47.57218,1e+06,0.96,78.55,388000 4238000,14.5,Unsuitable,black,YES,241.091948,2633.370298,25.4762109999997
388000,4238000,CB5MH_MD,24.6063,1e+06,4.57,78.72,388000 4238000,7.5,Suitable,dodgerblue,YES,241.091948,2633.370298,25.4762109999997
388000,4238000,CB5MH_MD,41.0105,1e+06,1.19,78.56,388000 4238000,12.5,Unsuitable,black,YES,241.091948,2633.370298,25.4762109999997
388000,4238000,CB5MH_MD,57.4147,1e+06,0.76,78.29,388000 4238000,17.5,Unsuitable,black,YES,241.091948,2633.370298,25.4762109999997
388000,4238000,CB5MH_MD,70.53806,1e+06,0.71,78.29,388000 4238000,21.5,Unsuitable,black,YES,241.091948,2633.370298,25.4762109999997
388000,4238000,CB5MH_MD,31.16798,1e+06,1.73,78.5,388000 4238000,9.5,Unsuitable,black,YES,241.091948,2633.370298,25.4762109999997
388000,4238000,CB5MH_MD,18.04462,1e+06,6.71,78.71,388000 4238000,5.5,Suitable,dodgerblue,YES,241.091948,2633.370298,25.4762109999997
388000,4238000,CB5MH_MD,27.88714,1e+06,3.54,78.72,388000 4238000,8.5,Tolerable,yellow,YES,241.091948,2633.370298,25.4762109999997
388000,4238000,CB5MH_MD,11.48294,1e+06,7.61,78.72,388000 4238000,3.5,Suitable,dodgerblue,YES,241.091948,2633.370298,25.4762109999997
388000,4238000,CB5MH_MD,86.94226,1e+06,0.7,78.29,388000 4238000,26.5,Unsuitable,black,YES,241.091948,2633.370298,25.4762109999997
388000,4238000,CB5MH_MD,14.76378,1e+06,7.34,78.72,388000 4238000,4.5,Suitable,dodgerblue,YES,241.091948,2633.370298,25.4762109999997
388000,4238000,CB5MH_MD,1.64042,1e+06,7.9,78.97,388000 4238000,0.5,Suitable,dodgerblue,YES,241.091948,2633.370298,25.4762109999997
388000,4238000,CB5MH_MD,37.72966,1e+06,1.37,78.55,388000 4238000,11.5,Unsuitable,black,YES,241.091948,2633.370298,25.4762109999997
388000,4238000,CB5MH_MD,21.32546,1e+06,5.47,78.72,388000 4238000,6.5,Suitable,dodgerblue,YES,241.091948,2633.370298,25.4762109999997
388000,4238000,CB5MH_MD,50.85302,1e+06,0.89,78.54,388000 4238000,15.5,Unsuitable,black,YES,241.091948,2633.370298,25.4762109999997
388000,4238000,CB5MH_MD,8.2021,1e+06,7.75,78.74,388000 4238000,2.5,Suitable,dodgerblue,YES,241.091948,2633.370298,25.4762109999997
388000,4238000,CB5MH_MD,4.92126,1e+06,7.86,78.75,388000 4238000,1.5,Suitable,dodgerblue,YES,241.091948,2633.370298,25.4762109999997
388000,4238000,CB5MH_MD,83.66142,1e+06,0.7,78.29,388000 4238000,25.5,Unsuitable,black,YES,241.091948,2633.370298,25.4762109999997
388000,4238000,CB5MH_MD,80.38058,1e+06,0.7,78.29,388000 4238000,24.5,Unsuitable,black,YES,241.091948,2633.370298,25.4762109999997
388000,4329000,CB3MH,8.2021,1e+06,7.43,77.06,388000 4329000,2.5,Suitable,dodgerblue,YES,241.091948,2689.915059,82.0209719999998
388000,4329000,CB3MH,31.16798,1e+06,2.42,77.8,388000 4329000,9.5,Marginal,orange,YES,241.091948,2689.915059,82.0209719999998
388000,4329000,CB3MH,11.48294,1e+06,6.63,76.96,388000 4329000,3.5,Suitable,dodgerblue,YES,241.091948,2689.915059,82.0209719999998
388000,4329000,CB3MH,18.04462,1e+06,5.17,77.12,388000 4329000,5.5,Suitable,dodgerblue,YES,241.091948,2689.915059,82.0209719999998
388000,4329000,CB3MH,21.32546,1e+06,4.28,77.58,388000 4329000,6.5,Suitable,dodgerblue,YES,241.091948,2689.915059,82.0209719999998
388000,4329000,CB3MH,24.6063,1e+06,3.1,77.74,388000 4329000,7.5,Tolerable,yellow,YES,241.091948,2689.915059,82.0209719999998
388000,4329000,CB3MH,27.88714,1e+06,2.64,77.78,388000 4329000,8.5,Marginal,orange,YES,241.091948,2689.915059,82.0209719999998
388000,4329000,CB3MH,14.76378,1e+06,5.92,76.94,388000 4329000,4.5,Suitable,dodgerblue,YES,241.091948,2689.915059,82.0209719999998
388000,4329000,CB3MH,4.92126,1e+06,8.11,77.24,388000 4329000,1.5,Suitable,dodgerblue,YES,241.091948,2689.915059,82.0209719999998
388000,4329000,CB3MH,1.64042,1e+06,8.31,77.35,388000 4329000,0.5,Suitable,dodgerblue,YES,241.091948,2689.915059,82.0209719999998
389000,4234000,CB5MH_MD,44.29134,1e+06,1.52,78.79,389000 4234000,13.5,Unsuitable,black,YES,241.713319,2630.884814,22.9907269999999
389000,4234000,CB5MH_MD,41.0105,1e+06,1.83,78.8,389000 4234000,12.5,Unsuitable,black,YES,241.713319,2630.884814,22.9907269999999
389000,4234000,CB5MH_MD,34.44882,1e+06,2.34,78.73,389000 4234000,10.5,Marginal,orange,YES,241.713319,2630.884814,22.9907269999999
389000,4234000,CB5MH_MD,77.09974,1e+06,0.75,78.28,389000 4234000,23.5,Unsuitable,black,YES,241.713319,2630.884814,22.9907269999999
389000,4234000,CB5MH_MD,1.64042,1e+06,7.69,79.16,389000 4234000,0.5,Suitable,dodgerblue,YES,241.713319,2630.884814,22.9907269999999
389000,4234000,CB5MH_MD,27.88714,1e+06,4.16,78.98,389000 4234000,8.5,Suitable,dodgerblue,YES,241.713319,2630.884814,22.9907269999999
389000,4234000,CB5MH_MD,73.8189,1e+06,0.77,78.28,389000 4234000,22.5,Unsuitable,black,YES,241.713319,2630.884814,22.9907269999999
389000,4234000,CB5MH_MD,31.16798,1e+06,2.63,78.67,389000 4234000,9.5,Marginal,orange,YES,241.713319,2630.884814,22.9907269999999
389000,4234000,CB5MH_MD,37.72966,1e+06,2.16,78.76,389000 4234000,11.5,Marginal,orange,YES,241.713319,2630.884814,22.9907269999999
389000,4234000,CB5MH_MD,63.97638,1e+06,0.87,78.28,389000 4234000,19.5,Unsuitable,black,YES,241.713319,2630.884814,22.9907269999999
389000,4234000,CB5MH_MD,50.85302,1e+06,1.19,78.75,389000 4234000,15.5,Unsuitable,black,YES,241.713319,2630.884814,22.9907269999999
389000,4234000,CB5MH_MD,24.6063,1e+06,4.88,78.96,389000 4234000,7.5,Suitable,dodgerblue,YES,241.713319,2630.884814,22.9907269999999
389000,4234000,CB5MH_MD,18.04462,1e+06,6.6,78.89,389000 4234000,5.5,Suitable,dodgerblue,YES,241.713319,2630.884814,22.9907269999999
389000,4234000,CB5MH_MD,80.38058,1e+06,0.74,78.28,389000 4234000,24.5,Unsuitable,black,YES,241.713319,2630.884814,22.9907269999999
389000,4234000,CB5MH_MD,8.2021,1e+06,7.53,78.98,389000 4234000,2.5,Suitable,dodgerblue,YES,241.713319,2630.884814,22.9907269999999
389000,4234000,CB5MH_MD,67.25722,1e+06,0.83,78.29,389000 4234000,20.5,Unsuitable,black,YES,241.713319,2630.884814,22.9907269999999
389000,4234000,CB5MH_MD,21.32546,1e+06,5.63,78.93,389000 4234000,6.5,Suitable,dodgerblue,YES,241.713319,2630.884814,22.9907269999999
389000,4234000,CB5MH_MD,11.48294,1e+06,7.37,78.94,389000 4234000,3.5,Suitable,dodgerblue,YES,241.713319,2630.884814,22.9907269999999
389000,4234000,CB5MH_MD,70.53806,1e+06,0.79,78.29,389000 4234000,21.5,Unsuitable,black,YES,241.713319,2630.884814,22.9907269999999
389000,4234000,CB5MH_MD,47.57218,1e+06,1.35,78.76,389000 4234000,14.5,Unsuitable,black,YES,241.713319,2630.884814,22.9907269999999
389000,4234000,CB5MH_MD,14.76378,1e+06,7.12,78.93,389000 4234000,4.5,Suitable,dodgerblue,YES,241.713319,2630.884814,22.9907269999999
389000,4234000,CB5MH_MD,54.13386,1e+06,0.95,78.3,389000 4234000,16.5,Unsuitable,black,YES,241.713319,2630.884814,22.9907269999999
389000,4234000,CB5MH_MD,4.92126,1e+06,7.66,79.03,389000 4234000,1.5,Suitable,dodgerblue,YES,241.713319,2630.884814,22.9907269999999
389000,4234000,CB5MH_MD,60.69554,1e+06,0.91,78.28,389000 4234000,18.5,Unsuitable,black,YES,241.713319,2630.884814,22.9907269999999
389000,4234000,CB5MH_MD,57.4147,1e+06,0.93,78.29,389000 4234000,17.5,Unsuitable,black,YES,241.713319,2630.884814,22.9907269999999
389000,4235000,CB5MH_MD,113.18898,1e+06,0.8,78.3,389000 4235000,34.5,Unsuitable,black,YES,241.713319,2631.506185,23.6120980000001
389000,4235000,CB5MH_MD,11.48294,1e+06,7.41,78.92,389000 4235000,3.5,Suitable,dodgerblue,YES,241.713319,2631.506185,23.6120980000001
389000,4235000,CB5MH_MD,70.53806,1e+06,0.77,78.29,389000 4235000,21.5,Unsuitable,black,YES,241.713319,2631.506185,23.6120980000001
389000,4235000,CB5MH_MD,103.34646,1e+06,0.73,78.3,389000 4235000,31.5,Unsuitable,black,YES,241.713319,2631.506185,23.6120980000001
389000,4235000,CB5MH_MD,34.44882,1e+06,2.14,78.7,389000 4235000,10.5,Marginal,orange,YES,241.713319,2631.506185,23.6120980000001
389000,4235000,CB5MH_MD,73.8189,1e+06,0.75,78.28,389000 4235000,22.5,Unsuitable,black,YES,241.713319,2631.506185,23.6120980000001
389000,4235000,CB5MH_MD,54.13386,1e+06,0.88,78.3,389000 4235000,16.5,Unsuitable,black,YES,241.713319,2631.506185,23.6120980000001
389000,4235000,CB5MH_MD,77.09974,1e+06,0.73,78.28,389000 4235000,23.5,Unsuitable,black,YES,241.713319,2631.506185,23.6120980000001
389000,4235000,CB5MH_MD,1.64042,1e+06,7.71,79.13,389000 4235000,0.5,Suitable,dodgerblue,YES,241.713319,2631.506185,23.6120980000001
389000,4235000,CB5MH_MD,80.38058,1e+06,0.72,78.28,389000 4235000,24.5,Unsuitable,black,YES,241.713319,2631.506185,23.6120980000001
389000,4235000,CB5MH_MD,31.16798,1e+06,2.43,78.65,389000 4235000,9.5,Marginal,orange,YES,241.713319,2631.506185,23.6120980000001
389000,4235000,CB5MH_MD,83.66142,1e+06,0.72,78.28,389000 4235000,25.5,Unsuitable,black,YES,241.713319,2631.506185,23.6120980000001
389000,4235000,CB5MH_MD,63.97638,1e+06,0.84,78.28,389000 4235000,19.5,Unsuitable,black,YES,241.713319,2631.506185,23.6120980000001
389000,4235000,CB5MH_MD,37.72966,1e+06,1.97,78.73,389000 4235000,11.5,Unsuitable,black,YES,241.713319,2631.506185,23.6120980000001
389000,4235000,CB5MH_MD,67.25722,1e+06,0.8,78.29,389000 4235000,20.5,Unsuitable,black,YES,241.713319,2631.506185,23.6120980000001
389000,4235000,CB5MH_MD,60.69554,1e+06,0.87,78.28,389000 4235000,18.5,Unsuitable,black,YES,241.713319,2631.506185,23.6120980000001
389000,4235000,CB5MH_MD,100.06562,1e+06,0.7,78.3,389000 4235000,30.5,Unsuitable,black,YES,241.713319,2631.506185,23.6120980000001
389000,4235000,CB5MH_MD,109.90814,1e+06,0.8,78.3,389000 4235000,33.5,Unsuitable,black,YES,241.713319,2631.506185,23.6120980000001
389000,4235000,CB5MH_MD,44.29134,1e+06,1.41,78.76,389000 4235000,13.5,Unsuitable,black,YES,241.713319,2631.506185,23.6120980000001
389000,4235000,CB5MH_MD,27.88714,1e+06,4.04,78.96,389000 4235000,8.5,Suitable,dodgerblue,YES,241.713319,2631.506185,23.6120980000001
389000,4235000,CB5MH_MD,18.04462,1e+06,6.61,78.88,389000 4235000,5.5,Suitable,dodgerblue,YES,241.713319,2631.506185,23.6120980000001
389000,4235000,CB5MH_MD,50.85302,1e+06,1.12,78.72,389000 4235000,15.5,Unsuitable,black,YES,241.713319,2631.506185,23.6120980000001
389000,4235000,CB5MH_MD,41.0105,1e+06,1.68,78.76,389000 4235000,12.5,Unsuitable,black,YES,241.713319,2631.506185,23.6120980000001
389000,4235000,CB5MH_MD,21.32546,1e+06,5.59,78.92,389000 4235000,6.5,Suitable,dodgerblue,YES,241.713319,2631.506185,23.6120980000001
389000,4235000,CB5MH_MD,96.78478,1e+06,0.7,78.3,389000 4235000,29.5,Unsuitable,black,YES,241.713319,2631.506185,23.6120980000001
389000,4235000,CB5MH_MD,90.2231,1e+06,0.75,78.28,389000 4235000,27.5,Unsuitable,black,YES,241.713319,2631.506185,23.6120980000001
389000,4235000,CB5MH_MD,57.4147,1e+06,0.87,78.29,389000 4235000,17.5,Unsuitable,black,YES,241.713319,2631.506185,23.6120980000001
389000,4235000,CB5MH_MD,24.6063,1e+06,4.81,78.95,389000 4235000,7.5,Suitable,dodgerblue,YES,241.713319,2631.506185,23.6120980000001
389000,4235000,CB5MH_MD,14.76378,1e+06,7.16,78.91,389000 4235000,4.5,Suitable,dodgerblue,YES,241.713319,2631.506185,23.6120980000001
389000,4235000,CB5MH_MD,4.92126,1e+06,7.68,78.98,389000 4235000,1.5,Suitable,dodgerblue,YES,241.713319,2631.506185,23.6120980000001
389000,4235000,CB5MH_MD,86.94226,1e+06,0.72,78.28,389000 4235000,26.5,Unsuitable,black,YES,241.713319,2631.506185,23.6120980000001
389000,4235000,CB5MH_MD,106.6273,1e+06,0.77,78.3,389000 4235000,32.5,Unsuitable,black,YES,241.713319,2631.506185,23.6120980000001
389000,4235000,CB5MH_MD,47.57218,1e+06,1.26,78.73,389000 4235000,14.5,Unsuitable,black,YES,241.713319,2631.506185,23.6120980000001
389000,4235000,CB5MH_MD,93.50394,1e+06,0.7,78.3,389000 4235000,28.5,Unsuitable,black,YES,241.713319,2631.506185,23.6120980000001
389000,4235000,CB5MH_MD,8.2021,1e+06,7.56,78.95,389000 4235000,2.5,Suitable,dodgerblue,YES,241.713319,2631.506185,23.6120980000001
389000,4337000,CB3MH,21.32546,1e+06,3.73,77.14,389000 4337000,6.5,Tolerable,yellow,YES,241.713319,2694.886027,86.9919399999999
389000,4337000,CB3MH,27.88714,1e+06,2.37,77.53,389000 4337000,8.5,Marginal,orange,YES,241.713319,2694.886027,86.9919399999999
389000,4337000,CB3MH,14.76378,1e+06,5.23,76.56,389000 4337000,4.5,Suitable,dodgerblue,YES,241.713319,2694.886027,86.9919399999999
389000,4337000,CB3MH,4.92126,1e+06,6.28,76.49,389000 4337000,1.5,Suitable,dodgerblue,YES,241.713319,2694.886027,86.9919399999999
389000,4337000,CB3MH,31.16798,1e+06,2.21,77.53,389000 4337000,9.5,Marginal,orange,YES,241.713319,2694.886027,86.9919399999999
389000,4337000,CB3MH,8.2021,1e+06,6.13,76.55,389000 4337000,2.5,Suitable,dodgerblue,YES,241.713319,2694.886027,86.9919399999999
389000,4337000,CB3MH,18.04462,1e+06,4.55,76.82,389000 4337000,5.5,Suitable,dodgerblue,YES,241.713319,2694.886027,86.9919399999999
389000,4337000,CB3MH,1.64042,1e+06,6.29,76.5,389000 4337000,0.5,Suitable,dodgerblue,YES,241.713319,2694.886027,86.9919399999999
389000,4337000,CB3MH,34.44882,1e+06,2.63,77.85,389000 4337000,10.5,Marginal,orange,YES,241.713319,2694.886027,86.9919399999999
389000,4337000,CB3MH,24.6063,1e+06,2.93,77.44,389000 4337000,7.5,Marginal,orange,YES,241.713319,2694.886027,86.9919399999999
389000,4337000,CB3MH,11.48294,1e+06,5.76,76.55,389000 4337000,3.5,Suitable,dodgerblue,YES,241.713319,2694.886027,86.9919399999999
389000,4338000,CB3MH,1.64042,1e+06,6.36,76.63,389000 4338000,0.5,Suitable,dodgerblue,YES,241.713319,2695.507398,87.6133110000001
389000,4338000,CB3MH,8.2021,1e+06,6.16,76.65,389000 4338000,2.5,Suitable,dodgerblue,YES,241.713319,2695.507398,87.6133110000001
389000,4338000,CB3MH,18.04462,1e+06,4.62,76.86,389000 4338000,5.5,Suitable,dodgerblue,YES,241.713319,2695.507398,87.6133110000001
389000,4338000,CB3MH,21.32546,1e+06,3.82,77.16,389000 4338000,6.5,Tolerable,yellow,YES,241.713319,2695.507398,87.6133110000001
389000,4338000,CB3MH,24.6063,1e+06,3.02,77.45,389000 4338000,7.5,Tolerable,yellow,YES,241.713319,2695.507398,87.6133110000001
389000,4338000,CB3MH,14.76378,1e+06,5.31,76.58,389000 4338000,4.5,Suitable,dodgerblue,YES,241.713319,2695.507398,87.6133110000001
389000,4338000,CB3MH,34.44882,1e+06,2.62,77.81,389000 4338000,10.5,Marginal,orange,YES,241.713319,2695.507398,87.6133110000001
389000,4338000,CB3MH,27.88714,1e+06,2.46,77.53,389000 4338000,8.5,Marginal,orange,YES,241.713319,2695.507398,87.6133110000001
389000,4338000,CB3MH,31.16798,1e+06,2.25,77.54,389000 4338000,9.5,Marginal,orange,YES,241.713319,2695.507398,87.6133110000001
389000,4338000,CB3MH,4.92126,1e+06,6.34,76.62,389000 4338000,1.5,Suitable,dodgerblue,YES,241.713319,2695.507398,87.6133110000001
389000,4338000,CB3MH,11.48294,1e+06,5.8,76.57,389000 4338000,3.5,Suitable,dodgerblue,YES,241.713319,2695.507398,87.6133110000001
389000,4339000,CB3MH,21.32546,1e+06,3.96,77.19,389000 4339000,6.5,Tolerable,yellow,YES,241.713319,2696.128769,88.2346819999998
389000,4339000,CB3MH,18.04462,1e+06,4.75,76.89,389000 4339000,5.5,Suitable,dodgerblue,YES,241.713319,2696.128769,88.2346819999998
389000,4339000,CB3MH,8.2021,1e+06,6.24,76.69,389000 4339000,2.5,Suitable,dodgerblue,YES,241.713319,2696.128769,88.2346819999998
389000,4339000,CB3MH,24.6063,1e+06,3.15,77.47,389000 4339000,7.5,Tolerable,yellow,YES,241.713319,2696.128769,88.2346819999998
389000,4339000,CB3MH,11.48294,1e+06,5.96,76.63,389000 4339000,3.5,Suitable,dodgerblue,YES,241.713319,2696.128769,88.2346819999998
389000,4339000,CB3MH,14.76378,1e+06,5.45,76.64,389000 4339000,4.5,Suitable,dodgerblue,YES,241.713319,2696.128769,88.2346819999998
389000,4339000,CB3MH,4.92126,1e+06,6.4,76.68,389000 4339000,1.5,Suitable,dodgerblue,YES,241.713319,2696.128769,88.2346819999998
389000,4339000,CB3MH,1.64042,1e+06,6.43,76.69,389000 4339000,0.5,Suitable,dodgerblue,YES,241.713319,2696.128769,88.2346819999998
390000,4232000,CB5MH_MD,70.53806,1e+06,0.88,78.29,390000 4232000,21.5,Unsuitable,black,YES,242.33469,2629.642072,21.747985
390000,4232000,CB5MH_MD,57.4147,1e+06,1.13,78.3,390000 4232000,17.5,Unsuitable,black,YES,242.33469,2629.642072,21.747985
390000,4232000,CB5MH_MD,1.64042,1e+06,7.71,79.11,390000 4232000,0.5,Suitable,dodgerblue,YES,242.33469,2629.642072,21.747985
390000,4232000,CB5MH_MD,60.69554,1e+06,1.02,78.28,390000 4232000,18.5,Unsuitable,black,YES,242.33469,2629.642072,21.747985
390000,4232000,CB5MH_MD,44.29134,1e+06,1.69,78.78,390000 4232000,13.5,Unsuitable,black,YES,242.33469,2629.642072,21.747985
390000,4232000,CB5MH_MD,31.16798,1e+06,2.98,78.63,390000 4232000,9.5,Marginal,orange,YES,242.33469,2629.642072,21.747985
390000,4232000,CB5MH_MD,11.48294,1e+06,7.33,78.86,390000 4232000,3.5,Suitable,dodgerblue,YES,242.33469,2629.642072,21.747985
390000,4232000,CB5MH_MD,54.13386,1e+06,1.17,78.31,390000 4232000,16.5,Unsuitable,black,YES,242.33469,2629.642072,21.747985
390000,4232000,CB5MH_MD,37.72966,1e+06,2.54,78.73,390000 4232000,11.5,Marginal,orange,YES,242.33469,2629.642072,21.747985
390000,4232000,CB5MH_MD,47.57218,1e+06,1.51,78.73,390000 4232000,14.5,Unsuitable,black,YES,242.33469,2629.642072,21.747985
390000,4232000,CB5MH_MD,63.97638,1e+06,0.97,78.28,390000 4232000,19.5,Unsuitable,black,YES,242.33469,2629.642072,21.747985
390000,4232000,CB5MH_MD,8.2021,1e+06,7.53,78.93,390000 4232000,2.5,Suitable,dodgerblue,YES,242.33469,2629.642072,21.747985
390000,4232000,CB5MH_MD,73.8189,1e+06,0.83,78.28,390000 4232000,22.5,Unsuitable,black,YES,242.33469,2629.642072,21.747985
390000,4232000,CB5MH_MD,21.32546,1e+06,5.62,78.79,390000 4232000,6.5,Suitable,dodgerblue,YES,242.33469,2629.642072,21.747985
390000,4232000,CB5MH_MD,24.6063,1e+06,4.89,78.86,390000 4232000,7.5,Suitable,dodgerblue,YES,242.33469,2629.642072,21.747985
390000,4232000,CB5MH_MD,41.0105,1e+06,2.1,78.78,390000 4232000,12.5,Marginal,orange,YES,242.33469,2629.642072,21.747985
390000,4232000,CB5MH_MD,27.88714,1e+06,4.25,78.9,390000 4232000,8.5,Suitable,dodgerblue,YES,242.33469,2629.642072,21.747985
390000,4232000,CB5MH_MD,50.85302,1e+06,1.34,78.72,390000 4232000,15.5,Unsuitable,black,YES,242.33469,2629.642072,21.747985
390000,4232000,CB5MH_MD,77.09974,1e+06,0.8,78.28,390000 4232000,23.5,Unsuitable,black,YES,242.33469,2629.642072,21.747985
390000,4232000,CB5MH_MD,4.92126,1e+06,7.69,79.02,390000 4232000,1.5,Suitable,dodgerblue,YES,242.33469,2629.642072,21.747985
390000,4232000,CB5MH_MD,14.76378,1e+06,7.05,78.81,390000 4232000,4.5,Suitable,dodgerblue,YES,242.33469,2629.642072,21.747985
390000,4232000,CB5MH_MD,34.44882,1e+06,2.73,78.7,390000 4232000,10.5,Marginal,orange,YES,242.33469,2629.642072,21.747985
390000,4232000,CB5MH_MD,67.25722,1e+06,0.92,78.29,390000 4232000,20.5,Unsuitable,black,YES,242.33469,2629.642072,21.747985
390000,4232000,CB5MH_MD,18.04462,1e+06,6.52,78.74,390000 4232000,5.5,Suitable,dodgerblue,YES,242.33469,2629.642072,21.747985
390000,4233000,CB5MH_MD,44.29134,1e+06,1.61,78.78,390000 4233000,13.5,Unsuitable,black,YES,242.33469,2630.263443,22.3693559999997
390000,4233000,CB5MH_MD,109.90814,1e+06,0.8,78.3,390000 4233000,33.5,Unsuitable,black,YES,242.33469,2630.263443,22.3693559999997
390000,4233000,CB5MH_MD,41.0105,1e+06,1.97,78.79,390000 4233000,12.5,Unsuitable,black,YES,242.33469,2630.263443,22.3693559999997
390000,4233000,CB5MH_MD,100.06562,1e+06,0.7,78.3,390000 4233000,30.5,Unsuitable,black,YES,242.33469,2630.263443,22.3693559999997
390000,4233000,CB5MH_MD,24.6063,1e+06,4.88,78.91,390000 4233000,7.5,Suitable,dodgerblue,YES,242.33469,2630.263443,22.3693559999997
390000,4233000,CB5MH_MD,106.6273,1e+06,0.77,78.3,390000 4233000,32.5,Unsuitable,black,YES,242.33469,2630.263443,22.3693559999997
390000,4233000,CB5MH_MD,83.66142,1e+06,0.76,78.28,390000 4233000,25.5,Unsuitable,black,YES,242.33469,2630.263443,22.3693559999997
390000,4233000,CB5MH_MD,1.64042,1e+06,7.7,79.13,390000 4233000,0.5,Suitable,dodgerblue,YES,242.33469,2630.263443,22.3693559999997
390000,4233000,CB5MH_MD,73.8189,1e+06,0.8,78.28,390000 4233000,22.5,Unsuitable,black,YES,242.33469,2630.263443,22.3693559999997
390000,4233000,CB5MH_MD,90.2231,1e+06,0.8,78.28,390000 4233000,27.5,Unsuitable,black,YES,242.33469,2630.263443,22.3693559999997
390000,4233000,CB5MH_MD,80.38058,1e+06,0.76,78.28,390000 4233000,24.5,Unsuitable,black,YES,242.33469,2630.263443,22.3693559999997
390000,4233000,CB5MH_MD,93.50394,1e+06,0.7,78.3,390000 4233000,28.5,Unsuitable,black,YES,242.33469,2630.263443,22.3693559999997
390000,4233000,CB5MH_MD,34.44882,1e+06,2.55,78.71,390000 4233000,10.5,Marginal,orange,YES,242.33469,2630.263443,22.3693559999997
390000,4233000,CB5MH_MD,63.97638,1e+06,0.92,78.28,390000 4233000,19.5,Unsuitable,black,YES,242.33469,2630.263443,22.3693559999997
390000,4233000,CB5MH_MD,96.78478,1e+06,0.7,78.3,390000 4233000,29.5,Unsuitable,black,YES,242.33469,2630.263443,22.3693559999997
390000,4233000,CB5MH_MD,60.69554,1e+06,0.97,78.28,390000 4233000,18.5,Unsuitable,black,YES,242.33469,2630.263443,22.3693559999997
390000,4233000,CB5MH_MD,27.88714,1e+06,4.21,78.93,390000 4233000,8.5,Suitable,dodgerblue,YES,242.33469,2630.263443,22.3693559999997
390000,4233000,CB5MH_MD,4.92126,1e+06,7.68,79.02,390000 4233000,1.5,Suitable,dodgerblue,YES,242.33469,2630.263443,22.3693559999997
390000,4233000,CB5MH_MD,37.72966,1e+06,2.36,78.74,390000 4233000,11.5,Marginal,orange,YES,242.33469,2630.263443,22.3693559999997
390000,4233000,CB5MH_MD,18.04462,1e+06,6.56,78.81,390000 4233000,5.5,Suitable,dodgerblue,YES,242.33469,2630.263443,22.3693559999997
390000,4233000,CB5MH_MD,8.2021,1e+06,7.53,78.95,390000 4233000,2.5,Suitable,dodgerblue,YES,242.33469,2630.263443,22.3693559999997
390000,4233000,CB5MH_MD,70.53806,1e+06,0.84,78.29,390000 4233000,21.5,Unsuitable,black,YES,242.33469,2630.263443,22.3693559999997
390000,4233000,CB5MH_MD,54.13386,1e+06,1.05,78.3,390000 4233000,16.5,Unsuitable,black,YES,242.33469,2630.263443,22.3693559999997
390000,4233000,CB5MH_MD,103.34646,1e+06,0.73,78.3,390000 4233000,31.5,Unsuitable,black,YES,242.33469,2630.263443,22.3693559999997
390000,4233000,CB5MH_MD,31.16798,1e+06,2.82,78.64,390000 4233000,9.5,Marginal,orange,YES,242.33469,2630.263443,22.3693559999997
390000,4233000,CB5MH_MD,14.76378,1e+06,7.08,78.86,390000 4233000,4.5,Suitable,dodgerblue,YES,242.33469,2630.263443,22.3693559999997
390000,4233000,CB5MH_MD,77.09974,1e+06,0.78,78.28,390000 4233000,23.5,Unsuitable,black,YES,242.33469,2630.263443,22.3693559999997
390000,4233000,CB5MH_MD,67.25722,1e+06,0.88,78.29,390000 4233000,20.5,Unsuitable,black,YES,242.33469,2630.263443,22.3693559999997
390000,4233000,CB5MH_MD,21.32546,1e+06,5.62,78.85,390000 4233000,6.5,Suitable,dodgerblue,YES,242.33469,2630.263443,22.3693559999997
390000,4233000,CB5MH_MD,86.94226,1e+06,0.77,78.28,390000 4233000,26.5,Unsuitable,black,YES,242.33469,2630.263443,22.3693559999997
390000,4233000,CB5MH_MD,57.4147,1e+06,1.01,78.29,390000 4233000,17.5,Unsuitable,black,YES,242.33469,2630.263443,22.3693559999997
390000,4233000,CB5MH_MD,11.48294,1e+06,7.35,78.9,390000 4233000,3.5,Suitable,dodgerblue,YES,242.33469,2630.263443,22.3693559999997
390000,4233000,CB5MH_MD,47.57218,1e+06,1.43,78.74,390000 4233000,14.5,Unsuitable,black,YES,242.33469,2630.263443,22.3693559999997
390000,4233000,CB5MH_MD,50.85302,1e+06,1.27,78.73,390000 4233000,15.5,Unsuitable,black,YES,242.33469,2630.263443,22.3693559999997
391000,4230000,CB5MH_MD,1.64042,1e+06,7.77,79,391000 4230000,0.5,Suitable,dodgerblue,YES,242.956061,2628.39933,20.5052430000001
391000,4230000,CB5MH_MD,27.88714,1e+06,4.23,78.71,391000 4230000,8.5,Suitable,dodgerblue,YES,242.956061,2628.39933,20.5052430000001
391000,4230000,CB5MH_MD,47.57218,1e+06,1.72,78.64,391000 4230000,14.5,Unsuitable,black,YES,242.956061,2628.39933,20.5052430000001
391000,4230000,CB5MH_MD,31.16798,1e+06,3.38,78.52,391000 4230000,9.5,Tolerable,yellow,YES,242.956061,2628.39933,20.5052430000001
391000,4230000,CB5MH_MD,37.72966,1e+06,3.04,78.63,391000 4230000,11.5,Tolerable,yellow,YES,242.956061,2628.39933,20.5052430000001
391000,4230000,CB5MH_MD,63.97638,1e+06,1.07,78.28,391000 4230000,19.5,Unsuitable,black,YES,242.956061,2628.39933,20.5052430000001
391000,4230000,CB5MH_MD,44.29134,1e+06,1.91,78.7,391000 4230000,13.5,Unsuitable,black,YES,242.956061,2628.39933,20.5052430000001
391000,4230000,CB5MH_MD,18.04462,1e+06,6.43,78.48,391000 4230000,5.5,Suitable,dodgerblue,YES,242.956061,2628.39933,20.5052430000001
391000,4230000,CB5MH_MD,50.85302,1e+06,1.56,78.63,391000 4230000,15.5,Unsuitable,black,YES,242.956061,2628.39933,20.5052430000001
391000,4230000,CB5MH_MD,8.2021,1e+06,7.56,78.79,391000 4230000,2.5,Suitable,dodgerblue,YES,242.956061,2628.39933,20.5052430000001
391000,4230000,CB5MH_MD,14.76378,1e+06,6.98,78.59,391000 4230000,4.5,Suitable,dodgerblue,YES,242.956061,2628.39933,20.5052430000001
391000,4230000,CB5MH_MD,11.48294,1e+06,7.31,78.68,391000 4230000,3.5,Suitable,dodgerblue,YES,242.956061,2628.39933,20.5052430000001
391000,4230000,CB5MH_MD,41.0105,1e+06,2.42,78.72,391000 4230000,12.5,Marginal,orange,YES,242.956061,2628.39933,20.5052430000001
391000,4230000,CB5MH_MD,70.53806,1e+06,0.97,78.29,391000 4230000,21.5,Unsuitable,black,YES,242.956061,2628.39933,20.5052430000001
391000,4230000,CB5MH_MD,77.09974,1e+06,0.86,78.28,391000 4230000,23.5,Unsuitable,black,YES,242.956061,2628.39933,20.5052430000001
391000,4230000,CB5MH_MD,54.13386,1e+06,1.36,78.31,391000 4230000,16.5,Unsuitable,black,YES,242.956061,2628.39933,20.5052430000001
391000,4230000,CB5MH_MD,57.4147,1e+06,1.29,78.3,391000 4230000,17.5,Unsuitable,black,YES,242.956061,2628.39933,20.5052430000001
391000,4230000,CB5MH_MD,73.8189,1e+06,0.91,78.28,391000 4230000,22.5,Unsuitable,black,YES,242.956061,2628.39933,20.5052430000001
391000,4230000,CB5MH_MD,4.92126,1e+06,7.76,78.94,391000 4230000,1.5,Suitable,dodgerblue,YES,242.956061,2628.39933,20.5052430000001
391000,4230000,CB5MH_MD,60.69554,1e+06,1.15,78.28,391000 4230000,18.5,Unsuitable,black,YES,242.956061,2628.39933,20.5052430000001
391000,4230000,CB5MH_MD,24.6063,1e+06,4.81,78.65,391000 4230000,7.5,Suitable,dodgerblue,YES,242.956061,2628.39933,20.5052430000001
391000,4230000,CB5MH_MD,34.44882,1e+06,3.28,78.59,391000 4230000,10.5,Tolerable,yellow,YES,242.956061,2628.39933,20.5052430000001
391000,4230000,CB5MH_MD,67.25722,1e+06,1.03,78.29,391000 4230000,20.5,Unsuitable,black,YES,242.956061,2628.39933,20.5052430000001
391000,4230000,CB5MH_MD,21.32546,1e+06,5.55,78.55,391000 4230000,6.5,Suitable,dodgerblue,YES,242.956061,2628.39933,20.5052430000001
391000,4231000,CB5MH_MD,63.97638,1e+06,1.03,78.28,391000 4231000,19.5,Unsuitable,black,YES,242.956061,2629.020701,21.1266139999998
391000,4231000,CB5MH_MD,54.13386,1e+06,1.28,78.31,391000 4231000,16.5,Unsuitable,black,YES,242.956061,2629.020701,21.1266139999998
391000,4231000,CB5MH_MD,96.78478,1e+06,0.7,78.3,391000 4231000,29.5,Unsuitable,black,YES,242.956061,2629.020701,21.1266139999998
391000,4231000,CB5MH_MD,93.50394,1e+06,0.7,78.3,391000 4231000,28.5,Unsuitable,black,YES,242.956061,2629.020701,21.1266139999998
391000,4231000,CB5MH_MD,106.6273,1e+06,0.77,78.3,391000 4231000,32.5,Unsuitable,black,YES,242.956061,2629.020701,21.1266139999998
391000,4231000,CB5MH_MD,70.53806,1e+06,0.93,78.29,391000 4231000,21.5,Unsuitable,black,YES,242.956061,2629.020701,21.1266139999998
391000,4231000,CB5MH_MD,37.72966,1e+06,2.73,78.67,391000 4231000,11.5,Marginal,orange,YES,242.956061,2629.020701,21.1266139999998
391000,4231000,CB5MH_MD,44.29134,1e+06,1.77,78.73,391000 4231000,13.5,Unsuitable,black,YES,242.956061,2629.020701,21.1266139999998
391000,4231000,CB5MH_MD,60.69554,1e+06,1.09,78.28,391000 4231000,18.5,Unsuitable,black,YES,242.956061,2629.020701,21.1266139999998
391000,4231000,CB5MH_MD,41.0105,1e+06,2.23,78.73,391000 4231000,12.5,Marginal,orange,YES,242.956061,2629.020701,21.1266139999998
391000,4231000,CB5MH_MD,67.25722,1e+06,0.98,78.29,391000 4231000,20.5,Unsuitable,black,YES,242.956061,2629.020701,21.1266139999998
391000,4231000,CB5MH_MD,109.90814,1e+06,0.8,78.3,391000 4231000,33.5,Unsuitable,black,YES,242.956061,2629.020701,21.1266139999998
391000,4231000,CB5MH_MD,77.09974,1e+06,0.83,78.28,391000 4231000,23.5,Unsuitable,black,YES,242.956061,2629.020701,21.1266139999998
391000,4231000,CB5MH_MD,83.66142,1e+06,0.8,78.28,391000 4231000,25.5,Unsuitable,black,YES,242.956061,2629.020701,21.1266139999998
391000,4231000,CB5MH_MD,50.85302,1e+06,1.42,78.66,391000 4231000,15.5,Unsuitable,black,YES,242.956061,2629.020701,21.1266139999998
391000,4231000,CB5MH_MD,113.18898,1e+06,0.8,78.3,391000 4231000,34.5,Unsuitable,black,YES,242.956061,2629.020701,21.1266139999998
391000,4231000,CB5MH_MD,100.06562,1e+06,0.7,78.3,391000 4231000,30.5,Unsuitable,black,YES,242.956061,2629.020701,21.1266139999998
391000,4231000,CB5MH_MD,14.76378,1e+06,7.01,78.69,391000 4231000,4.5,Suitable,dodgerblue,YES,242.956061,2629.020701,21.1266139999998
391000,4231000,CB5MH_MD,116.46982,1e+06,0.8,78.3,391000 4231000,35.5,Unsuitable,black,YES,242.956061,2629.020701,21.1266139999998
391000,4231000,CB5MH_MD,57.4147,1e+06,1.22,78.3,391000 4231000,17.5,Unsuitable,black,YES,242.956061,2629.020701,21.1266139999998
391000,4231000,CB5MH_MD,31.16798,1e+06,3.14,78.56,391000 4231000,9.5,Tolerable,yellow,YES,242.956061,2629.020701,21.1266139999998
391000,4231000,CB5MH_MD,90.2231,1e+06,0.87,78.28,391000 4231000,27.5,Unsuitable,black,YES,242.956061,2629.020701,21.1266139999998
391000,4231000,CB5MH_MD,119.75066,1e+06,0.8,78.3,391000 4231000,36.5,Unsuitable,black,YES,242.956061,2629.020701,21.1266139999998
391000,4231000,CB5MH_MD,27.88714,1e+06,4.24,78.79,391000 4231000,8.5,Suitable,dodgerblue,YES,242.956061,2629.020701,21.1266139999998
391000,4231000,CB5MH_MD,80.38058,1e+06,0.81,78.28,391000 4231000,24.5,Unsuitable,black,YES,242.956061,2629.020701,21.1266139999998
391000,4231000,CB5MH_MD,73.8189,1e+06,0.87,78.28,391000 4231000,22.5,Unsuitable,black,YES,242.956061,2629.020701,21.1266139999998
391000,4231000,CB5MH_MD,103.34646,1e+06,0.73,78.3,391000 4231000,31.5,Unsuitable,black,YES,242.956061,2629.020701,21.1266139999998
391000,4231000,CB5MH_MD,86.94226,1e+06,0.83,78.28,391000 4231000,26.5,Unsuitable,black,YES,242.956061,2629.020701,21.1266139999998
391000,4231000,CB5MH_MD,4.92126,1e+06,7.73,78.97,391000 4231000,1.5,Suitable,dodgerblue,YES,242.956061,2629.020701,21.1266139999998
391000,4231000,CB5MH_MD,24.6063,1e+06,4.85,78.75,391000 4231000,7.5,Suitable,dodgerblue,YES,242.956061,2629.020701,21.1266139999998
391000,4231000,CB5MH_MD,21.32546,1e+06,5.58,78.66,391000 4231000,6.5,Suitable,dodgerblue,YES,242.956061,2629.020701,21.1266139999998
391000,4231000,CB5MH_MD,47.57218,1e+06,1.59,78.67,391000 4231000,14.5,Unsuitable,black,YES,242.956061,2629.020701,21.1266139999998
391000,4231000,CB5MH_MD,34.44882,1e+06,2.92,78.65,391000 4231000,10.5,Marginal,orange,YES,242.956061,2629.020701,21.1266139999998
391000,4231000,CB5MH_MD,8.2021,1e+06,7.55,78.85,391000 4231000,2.5,Suitable,dodgerblue,YES,242.956061,2629.020701,21.1266139999998
391000,4231000,CB5MH_MD,18.04462,1e+06,6.47,78.6,391000 4231000,5.5,Suitable,dodgerblue,YES,242.956061,2629.020701,21.1266139999998
391000,4231000,CB5MH_MD,1.64042,1e+06,7.75,79.05,391000 4231000,0.5,Suitable,dodgerblue,YES,242.956061,2629.020701,21.1266139999998
391000,4231000,CB5MH_MD,11.48294,1e+06,7.32,78.76,391000 4231000,3.5,Suitable,dodgerblue,YES,242.956061,2629.020701,21.1266139999998
391000,4346000,CB2OH,21.32546,1e+06,5.14,77.18,391000 4346000,6.5,Suitable,dodgerblue,YES,242.956061,2700.478366,92.5842789999997
391000,4346000,CB2OH,8.2021,1e+06,6.62,76.68,391000 4346000,2.5,Suitable,dodgerblue,YES,242.956061,2700.478366,92.5842789999997
391000,4346000,CB2OH,1.64042,1e+06,6.83,76.74,391000 4346000,0.5,Suitable,dodgerblue,YES,242.956061,2700.478366,92.5842789999997
391000,4346000,CB2OH,14.76378,1e+06,6.32,76.6,391000 4346000,4.5,Suitable,dodgerblue,YES,242.956061,2700.478366,92.5842789999997
391000,4346000,CB2OH,11.48294,1e+06,6.48,76.51,391000 4346000,3.5,Suitable,dodgerblue,YES,242.956061,2700.478366,92.5842789999997
391000,4346000,CB2OH,4.92126,1e+06,6.77,76.73,391000 4346000,1.5,Suitable,dodgerblue,YES,242.956061,2700.478366,92.5842789999997
391000,4346000,CB2OH,18.04462,1e+06,5.92,76.8,391000 4346000,5.5,Suitable,dodgerblue,YES,242.956061,2700.478366,92.5842789999997
391000,4347000,CB2OH,31.16798,1e+06,2.95,77.5,391000 4347000,9.5,Marginal,orange,YES,242.956061,2701.099737,93.2056499999999
391000,4347000,CB2OH,11.48294,1e+06,6.48,76.52,391000 4347000,3.5,Suitable,dodgerblue,YES,242.956061,2701.099737,93.2056499999999
391000,4347000,CB2OH,27.88714,1e+06,3.47,77.48,391000 4347000,8.5,Tolerable,yellow,YES,242.956061,2701.099737,93.2056499999999
391000,4347000,CB2OH,8.2021,1e+06,6.62,76.78,391000 4347000,2.5,Suitable,dodgerblue,YES,242.956061,2701.099737,93.2056499999999
391000,4347000,CB2OH,1.64042,1e+06,6.86,76.86,391000 4347000,0.5,Suitable,dodgerblue,YES,242.956061,2701.099737,93.2056499999999
391000,4347000,CB2OH,34.44882,1e+06,2.75,77.5,391000 4347000,10.5,Marginal,orange,YES,242.956061,2701.099737,93.2056499999999
391000,4347000,CB2OH,4.92126,1e+06,6.79,76.85,391000 4347000,1.5,Suitable,dodgerblue,YES,242.956061,2701.099737,93.2056499999999
391000,4347000,CB2OH,18.04462,1e+06,5.92,76.8,391000 4347000,5.5,Suitable,dodgerblue,YES,242.956061,2701.099737,93.2056499999999
391000,4347000,CB2OH,14.76378,1e+06,6.32,76.61,391000 4347000,4.5,Suitable,dodgerblue,YES,242.956061,2701.099737,93.2056499999999
391000,4347000,CB2OH,21.32546,1e+06,5.16,77.17,391000 4347000,6.5,Suitable,dodgerblue,YES,242.956061,2701.099737,93.2056499999999
391000,4347000,CB2OH,24.6063,1e+06,4.22,77.47,391000 4347000,7.5,Suitable,dodgerblue,YES,242.956061,2701.099737,93.2056499999999
392000,4221000,CB5MH_MD,31.16798,1e+06,3.7,78.2,392000 4221000,9.5,Tolerable,yellow,YES,243.577432,2622.806991,14.9129039999998
392000,4221000,CB5MH_MD,41.0105,1e+06,2.75,78.4,392000 4221000,12.5,Marginal,orange,YES,243.577432,2622.806991,14.9129039999998
392000,4221000,CB5MH_MD,18.04462,1e+06,6.2,77.7,392000 4221000,5.5,Suitable,dodgerblue,YES,243.577432,2622.806991,14.9129039999998
392000,4221000,CB5MH_MD,63.97638,1e+06,1.28,78.3,392000 4221000,19.5,Unsuitable,black,YES,243.577432,2622.806991,14.9129039999998
392000,4221000,CB5MH_MD,44.29134,1e+06,2.05,78.4,392000 4221000,13.5,Marginal,orange,YES,243.577432,2622.806991,14.9129039999998
392000,4221000,CB5MH_MD,34.44882,1e+06,3.7,78.3,392000 4221000,10.5,Tolerable,yellow,YES,243.577432,2622.806991,14.9129039999998
392000,4221000,CB5MH_MD,37.72966,1e+06,3.55,78.3,392000 4221000,11.5,Tolerable,yellow,YES,243.577432,2622.806991,14.9129039999998
392000,4221000,CB5MH_MD,24.6063,1e+06,4.45,78,392000 4221000,7.5,Suitable,dodgerblue,YES,243.577432,2622.806991,14.9129039999998
392000,4221000,CB5MH_MD,4.92126,1e+06,8,78.6,392000 4221000,1.5,Suitable,dodgerblue,YES,243.577432,2622.806991,14.9129039999998
392000,4221000,CB5MH_MD,70.53806,1e+06,1.15,78.3,392000 4221000,21.5,Unsuitable,black,YES,243.577432,2622.806991,14.9129039999998
392000,4221000,CB5MH_MD,11.48294,1e+06,7.3,78.1,392000 4221000,3.5,Suitable,dodgerblue,YES,243.577432,2622.806991,14.9129039999998
392000,4221000,CB5MH_MD,1.64042,1e+06,8,78.6,392000 4221000,0.5,Suitable,dodgerblue,YES,243.577432,2622.806991,14.9129039999998
392000,4221000,CB5MH_MD,14.76378,1e+06,6.85,77.9,392000 4221000,4.5,Suitable,dodgerblue,YES,243.577432,2622.806991,14.9129039999998
392000,4221000,CB5MH_MD,47.57218,1e+06,1.9,78.3,392000 4221000,14.5,Unsuitable,black,YES,243.577432,2622.806991,14.9129039999998
392000,4221000,CB5MH_MD,60.69554,1e+06,1.4,78.3,392000 4221000,18.5,Unsuitable,black,YES,243.577432,2622.806991,14.9129039999998
392000,4221000,CB5MH_MD,8.2021,1e+06,7.7,78.3,392000 4221000,2.5,Suitable,dodgerblue,YES,243.577432,2622.806991,14.9129039999998
392000,4221000,CB5MH_MD,67.25722,1e+06,1.23,78.3,392000 4221000,20.5,Unsuitable,black,YES,243.577432,2622.806991,14.9129039999998
392000,4221000,CB5MH_MD,73.8189,1e+06,1.05,78.3,392000 4221000,22.5,Unsuitable,black,YES,243.577432,2622.806991,14.9129039999998
392000,4221000,CB5MH_MD,77.09974,1e+06,0.98,78.3,392000 4221000,23.5,Unsuitable,black,YES,243.577432,2622.806991,14.9129039999998
392000,4221000,CB5MH_MD,27.88714,1e+06,3.95,78.1,392000 4221000,8.5,Tolerable,yellow,YES,243.577432,2622.806991,14.9129039999998
392000,4221000,CB5MH_MD,80.38058,1e+06,0.92,78.3,392000 4221000,24.5,Unsuitable,black,YES,243.577432,2622.806991,14.9129039999998
392000,4221000,CB5MH_MD,83.66142,1e+06,0.92,78.3,392000 4221000,25.5,Unsuitable,black,YES,243.577432,2622.806991,14.9129039999998
392000,4221000,CB5MH_MD,86.94226,1e+06,0.97,78.3,392000 4221000,26.5,Unsuitable,black,YES,243.577432,2622.806991,14.9129039999998
392000,4221000,CB5MH_MD,54.13386,1e+06,1.73,78.3,392000 4221000,16.5,Unsuitable,black,YES,243.577432,2622.806991,14.9129039999998
392000,4221000,CB5MH_MD,50.85302,1e+06,1.78,78.3,392000 4221000,15.5,Unsuitable,black,YES,243.577432,2622.806991,14.9129039999998
392000,4221000,CB5MH_MD,21.32546,1e+06,5.3,77.8,392000 4221000,6.5,Suitable,dodgerblue,YES,243.577432,2622.806991,14.9129039999998
392000,4221000,CB5MH_MD,57.4147,1e+06,1.6,78.3,392000 4221000,17.5,Unsuitable,black,YES,243.577432,2622.806991,14.9129039999998
392000,4222000,CB5MH_MD,27.88714,1e+06,3.95,78.1,392000 4222000,8.5,Tolerable,yellow,YES,243.577432,2623.428362,15.534275
392000,4222000,CB5MH_MD,83.66142,1e+06,0.92,78.3,392000 4222000,25.5,Unsuitable,black,YES,243.577432,2623.428362,15.534275
392000,4222000,CB5MH_MD,86.94226,1e+06,0.97,78.3,392000 4222000,26.5,Unsuitable,black,YES,243.577432,2623.428362,15.534275
392000,4222000,CB5MH_MD,90.2231,1e+06,1.05,78.3,392000 4222000,27.5,Unsuitable,black,YES,243.577432,2623.428362,15.534275
392000,4222000,CB5MH_MD,47.57218,1e+06,1.9,78.3,392000 4222000,14.5,Unsuitable,black,YES,243.577432,2623.428362,15.534275
392000,4222000,CB5MH_MD,93.50394,1e+06,0.7,78.3,392000 4222000,28.5,Unsuitable,black,YES,243.577432,2623.428362,15.534275
392000,4222000,CB5MH_MD,31.16798,1e+06,3.7,78.2,392000 4222000,9.5,Tolerable,yellow,YES,243.577432,2623.428362,15.534275
392000,4222000,CB5MH_MD,54.13386,1e+06,1.72,78.3,392000 4222000,16.5,Unsuitable,black,YES,243.577432,2623.428362,15.534275
392000,4222000,CB5MH_MD,77.09974,1e+06,0.97,78.3,392000 4222000,23.5,Unsuitable,black,YES,243.577432,2623.428362,15.534275
392000,4222000,CB5MH_MD,70.53806,1e+06,1.15,78.3,392000 4222000,21.5,Unsuitable,black,YES,243.577432,2623.428362,15.534275
392000,4222000,CB5MH_MD,21.32546,1e+06,5.3,77.8,392000 4222000,6.5,Suitable,dodgerblue,YES,243.577432,2623.428362,15.534275
392000,4222000,CB5MH_MD,67.25722,1e+06,1.22,78.3,392000 4222000,20.5,Unsuitable,black,YES,243.577432,2623.428362,15.534275
392000,4222000,CB5MH_MD,14.76378,1e+06,6.85,77.9,392000 4222000,4.5,Suitable,dodgerblue,YES,243.577432,2623.428362,15.534275
392000,4222000,CB5MH_MD,37.72966,1e+06,3.55,78.3,392000 4222000,11.5,Tolerable,yellow,YES,243.577432,2623.428362,15.534275
392000,4222000,CB5MH_MD,80.38058,1e+06,0.92,78.3,392000 4222000,24.5,Unsuitable,black,YES,243.577432,2623.428362,15.534275
392000,4222000,CB5MH_MD,44.29134,1e+06,2.05,78.4,392000 4222000,13.5,Marginal,orange,YES,243.577432,2623.428362,15.534275
392000,4222000,CB5MH_MD,63.97638,1e+06,1.27,78.3,392000 4222000,19.5,Unsuitable,black,YES,243.577432,2623.428362,15.534275
392000,4222000,CB5MH_MD,50.85302,1e+06,1.77,78.3,392000 4222000,15.5,Unsuitable,black,YES,243.577432,2623.428362,15.534275
392000,4222000,CB5MH_MD,1.64042,1e+06,8,78.6,392000 4222000,0.5,Suitable,dodgerblue,YES,243.577432,2623.428362,15.534275
392000,4222000,CB5MH_MD,18.04462,1e+06,6.2,77.7,392000 4222000,5.5,Suitable,dodgerblue,YES,243.577432,2623.428362,15.534275
392000,4222000,CB5MH_MD,60.69554,1e+06,1.4,78.3,392000 4222000,18.5,Unsuitable,black,YES,243.577432,2623.428362,15.534275
392000,4222000,CB5MH_MD,11.48294,1e+06,7.3,78.1,392000 4222000,3.5,Suitable,dodgerblue,YES,243.577432,2623.428362,15.534275
392000,4222000,CB5MH_MD,24.6063,1e+06,4.45,78,392000 4222000,7.5,Suitable,dodgerblue,YES,243.577432,2623.428362,15.534275
392000,4222000,CB5MH_MD,96.78478,1e+06,0.7,78.3,392000 4222000,29.5,Unsuitable,black,YES,243.577432,2623.428362,15.534275
392000,4222000,CB5MH_MD,57.4147,1e+06,1.6,78.3,392000 4222000,17.5,Unsuitable,black,YES,243.577432,2623.428362,15.534275
392000,4222000,CB5MH_MD,8.2021,1e+06,7.7,78.3,392000 4222000,2.5,Suitable,dodgerblue,YES,243.577432,2623.428362,15.534275
392000,4222000,CB5MH_MD,73.8189,1e+06,1.05,78.3,392000 4222000,22.5,Unsuitable,black,YES,243.577432,2623.428362,15.534275
392000,4222000,CB5MH_MD,34.44882,1e+06,3.7,78.3,392000 4222000,10.5,Tolerable,yellow,YES,243.577432,2623.428362,15.534275
392000,4222000,CB5MH_MD,41.0105,1e+06,2.75,78.4,392000 4222000,12.5,Marginal,orange,YES,243.577432,2623.428362,15.534275
392000,4222000,CB5MH_MD,4.92126,1e+06,8,78.6,392000 4222000,1.5,Suitable,dodgerblue,YES,243.577432,2623.428362,15.534275
392000,4223000,CB5MH_MD,100.06562,1e+06,0.7,78.3,392000 4223000,30.5,Unsuitable,black,YES,243.577432,2624.049733,16.1556459999997
392000,4223000,CB5MH_MD,54.13386,1e+06,1.72,78.3,392000 4223000,16.5,Unsuitable,black,YES,243.577432,2624.049733,16.1556459999997
392000,4223000,CB5MH_MD,31.16798,1e+06,3.7,78.21,392000 4223000,9.5,Tolerable,yellow,YES,243.577432,2624.049733,16.1556459999997
392000,4223000,CB5MH_MD,77.09974,1e+06,0.97,78.3,392000 4223000,23.5,Unsuitable,black,YES,243.577432,2624.049733,16.1556459999997
392000,4223000,CB5MH_MD,80.38058,1e+06,0.92,78.3,392000 4223000,24.5,Unsuitable,black,YES,243.577432,2624.049733,16.1556459999997
392000,4223000,CB5MH_MD,47.57218,1e+06,1.9,78.31,392000 4223000,14.5,Unsuitable,black,YES,243.577432,2624.049733,16.1556459999997
392000,4223000,CB5MH_MD,57.4147,1e+06,1.6,78.3,392000 4223000,17.5,Unsuitable,black,YES,243.577432,2624.049733,16.1556459999997
392000,4223000,CB5MH_MD,96.78478,1e+06,0.7,78.3,392000 4223000,29.5,Unsuitable,black,YES,243.577432,2624.049733,16.1556459999997
392000,4223000,CB5MH_MD,21.32546,1e+06,5.31,77.81,392000 4223000,6.5,Suitable,dodgerblue,YES,243.577432,2624.049733,16.1556459999997
392000,4223000,CB5MH_MD,86.94226,1e+06,0.97,78.3,392000 4223000,26.5,Unsuitable,black,YES,243.577432,2624.049733,16.1556459999997
392000,4223000,CB5MH_MD,90.2231,1e+06,1.05,78.3,392000 4223000,27.5,Unsuitable,black,YES,243.577432,2624.049733,16.1556459999997
392000,4223000,CB5MH_MD,24.6063,1e+06,4.46,78.01,392000 4223000,7.5,Suitable,dodgerblue,YES,243.577432,2624.049733,16.1556459999997
392000,4223000,CB5MH_MD,18.04462,1e+06,6.21,77.71,392000 4223000,5.5,Suitable,dodgerblue,YES,243.577432,2624.049733,16.1556459999997
392000,4223000,CB5MH_MD,27.88714,1e+06,3.96,78.11,392000 4223000,8.5,Tolerable,yellow,YES,243.577432,2624.049733,16.1556459999997
392000,4223000,CB5MH_MD,4.92126,1e+06,8,78.6,392000 4223000,1.5,Suitable,dodgerblue,YES,243.577432,2624.049733,16.1556459999997
392000,4223000,CB5MH_MD,34.44882,1e+06,3.7,78.31,392000 4223000,10.5,Tolerable,yellow,YES,243.577432,2624.049733,16.1556459999997
392000,4223000,CB5MH_MD,70.53806,1e+06,1.15,78.3,392000 4223000,21.5,Unsuitable,black,YES,243.577432,2624.049733,16.1556459999997
392000,4223000,CB5MH_MD,83.66142,1e+06,0.92,78.3,392000 4223000,25.5,Unsuitable,black,YES,243.577432,2624.049733,16.1556459999997
392000,4223000,CB5MH_MD,44.29134,1e+06,2.05,78.41,392000 4223000,13.5,Marginal,orange,YES,243.577432,2624.049733,16.1556459999997
392000,4223000,CB5MH_MD,60.69554,1e+06,1.4,78.3,392000 4223000,18.5,Unsuitable,black,YES,243.577432,2624.049733,16.1556459999997
392000,4223000,CB5MH_MD,73.8189,1e+06,1.05,78.3,392000 4223000,22.5,Unsuitable,black,YES,243.577432,2624.049733,16.1556459999997
392000,4223000,CB5MH_MD,67.25722,1e+06,1.22,78.3,392000 4223000,20.5,Unsuitable,black,YES,243.577432,2624.049733,16.1556459999997
392000,4223000,CB5MH_MD,14.76378,1e+06,6.86,77.91,392000 4223000,4.5,Suitable,dodgerblue,YES,243.577432,2624.049733,16.1556459999997
392000,4223000,CB5MH_MD,63.97638,1e+06,1.27,78.3,392000 4223000,19.5,Unsuitable,black,YES,243.577432,2624.049733,16.1556459999997
392000,4223000,CB5MH_MD,41.0105,1e+06,2.74,78.41,392000 4223000,12.5,Marginal,orange,YES,243.577432,2624.049733,16.1556459999997
392000,4223000,CB5MH_MD,50.85302,1e+06,1.77,78.31,392000 4223000,15.5,Unsuitable,black,YES,243.577432,2624.049733,16.1556459999997
392000,4223000,CB5MH_MD,93.50394,1e+06,0.7,78.3,392000 4223000,28.5,Unsuitable,black,YES,243.577432,2624.049733,16.1556459999997
392000,4223000,CB5MH_MD,37.72966,1e+06,3.54,78.31,392000 4223000,11.5,Tolerable,yellow,YES,243.577432,2624.049733,16.1556459999997
392000,4223000,CB5MH_MD,1.64042,1e+06,8,78.6,392000 4223000,0.5,Suitable,dodgerblue,YES,243.577432,2624.049733,16.1556459999997
392000,4223000,CB5MH_MD,8.2021,1e+06,7.7,78.31,392000 4223000,2.5,Suitable,dodgerblue,YES,243.577432,2624.049733,16.1556459999997
392000,4223000,CB5MH_MD,11.48294,1e+06,7.3,78.11,392000 4223000,3.5,Suitable,dodgerblue,YES,243.577432,2624.049733,16.1556459999997
392000,4224000,CB5MH_MD,60.69554,1e+06,1.39,78.3,392000 4224000,18.5,Unsuitable,black,YES,243.577432,2624.671104,16.7770169999999
392000,4224000,CB5MH_MD,57.4147,1e+06,1.59,78.3,392000 4224000,17.5,Unsuitable,black,YES,243.577432,2624.671104,16.7770169999999
392000,4224000,CB5MH_MD,37.72966,1e+06,3.52,78.33,392000 4224000,11.5,Tolerable,yellow,YES,243.577432,2624.671104,16.7770169999999
392000,4224000,CB5MH_MD,63.97638,1e+06,1.27,78.3,392000 4224000,19.5,Unsuitable,black,YES,243.577432,2624.671104,16.7770169999999
392000,4224000,CB5MH_MD,86.94226,1e+06,0.97,78.3,392000 4224000,26.5,Unsuitable,black,YES,243.577432,2624.671104,16.7770169999999
392000,4224000,CB5MH_MD,73.8189,1e+06,1.04,78.3,392000 4224000,22.5,Unsuitable,black,YES,243.577432,2624.671104,16.7770169999999
392000,4224000,CB5MH_MD,47.57218,1e+06,1.89,78.33,392000 4224000,14.5,Unsuitable,black,YES,243.577432,2624.671104,16.7770169999999
392000,4224000,CB5MH_MD,54.13386,1e+06,1.71,78.3,392000 4224000,16.5,Unsuitable,black,YES,243.577432,2624.671104,16.7770169999999
392000,4224000,CB5MH_MD,44.29134,1e+06,2.05,78.43,392000 4224000,13.5,Marginal,orange,YES,243.577432,2624.671104,16.7770169999999
392000,4224000,CB5MH_MD,96.78478,1e+06,0.7,78.3,392000 4224000,29.5,Unsuitable,black,YES,243.577432,2624.671104,16.7770169999999
392000,4224000,CB5MH_MD,67.25722,1e+06,1.22,78.3,392000 4224000,20.5,Unsuitable,black,YES,243.577432,2624.671104,16.7770169999999
392000,4224000,CB5MH_MD,34.44882,1e+06,3.69,78.32,392000 4224000,10.5,Tolerable,yellow,YES,243.577432,2624.671104,16.7770169999999
392000,4224000,CB5MH_MD,50.85302,1e+06,1.76,78.33,392000 4224000,15.5,Unsuitable,black,YES,243.577432,2624.671104,16.7770169999999
392000,4224000,CB5MH_MD,31.16798,1e+06,3.7,78.22,392000 4224000,9.5,Tolerable,yellow,YES,243.577432,2624.671104,16.7770169999999
392000,4224000,CB5MH_MD,41.0105,1e+06,2.73,78.43,392000 4224000,12.5,Marginal,orange,YES,243.577432,2624.671104,16.7770169999999
392000,4224000,CB5MH_MD,24.6063,1e+06,4.49,78.03,392000 4224000,7.5,Suitable,dodgerblue,YES,243.577432,2624.671104,16.7770169999999
392000,4224000,CB5MH_MD,80.38058,1e+06,0.92,78.3,392000 4224000,24.5,Unsuitable,black,YES,243.577432,2624.671104,16.7770169999999
392000,4224000,CB5MH_MD,103.34646,1e+06,0.73,78.3,392000 4224000,31.5,Unsuitable,black,YES,243.577432,2624.671104,16.7770169999999
392000,4224000,CB5MH_MD,70.53806,1e+06,1.14,78.3,392000 4224000,21.5,Unsuitable,black,YES,243.577432,2624.671104,16.7770169999999
392000,4224000,CB5MH_MD,100.06562,1e+06,0.7,78.3,392000 4224000,30.5,Unsuitable,black,YES,243.577432,2624.671104,16.7770169999999
392000,4224000,CB5MH_MD,27.88714,1e+06,3.98,78.12,392000 4224000,8.5,Tolerable,yellow,YES,243.577432,2624.671104,16.7770169999999
392000,4224000,CB5MH_MD,83.66142,1e+06,0.92,78.3,392000 4224000,25.5,Unsuitable,black,YES,243.577432,2624.671104,16.7770169999999
392000,4224000,CB5MH_MD,14.76378,1e+06,6.87,77.93,392000 4224000,4.5,Suitable,dodgerblue,YES,243.577432,2624.671104,16.7770169999999
392000,4224000,CB5MH_MD,77.09974,1e+06,0.97,78.3,392000 4224000,23.5,Unsuitable,black,YES,243.577432,2624.671104,16.7770169999999
392000,4224000,CB5MH_MD,21.32546,1e+06,5.33,77.84,392000 4224000,6.5,Suitable,dodgerblue,YES,243.577432,2624.671104,16.7770169999999
392000,4224000,CB5MH_MD,90.2231,1e+06,1.04,78.3,392000 4224000,27.5,Unsuitable,black,YES,243.577432,2624.671104,16.7770169999999
392000,4224000,CB5MH_MD,4.92126,1e+06,7.99,78.61,392000 4224000,1.5,Suitable,dodgerblue,YES,243.577432,2624.671104,16.7770169999999
392000,4224000,CB5MH_MD,18.04462,1e+06,6.22,77.74,392000 4224000,5.5,Suitable,dodgerblue,YES,243.577432,2624.671104,16.7770169999999
392000,4224000,CB5MH_MD,93.50394,1e+06,0.7,78.3,392000 4224000,28.5,Unsuitable,black,YES,243.577432,2624.671104,16.7770169999999
392000,4224000,CB5MH_MD,11.48294,1e+06,7.31,78.13,392000 4224000,3.5,Suitable,dodgerblue,YES,243.577432,2624.671104,16.7770169999999
392000,4224000,CB5MH_MD,1.64042,1e+06,7.99,78.61,392000 4224000,0.5,Suitable,dodgerblue,YES,243.577432,2624.671104,16.7770169999999
392000,4224000,CB5MH_MD,8.2021,1e+06,7.7,78.32,392000 4224000,2.5,Suitable,dodgerblue,YES,243.577432,2624.671104,16.7770169999999
392000,4225000,CB5MH_MD,93.50394,1e+06,0.7,78.3,392000 4225000,28.5,Unsuitable,black,YES,243.577432,2625.292475,17.3983880000001
392000,4225000,CB5MH_MD,90.2231,1e+06,1.04,78.3,392000 4225000,27.5,Unsuitable,black,YES,243.577432,2625.292475,17.3983880000001
392000,4225000,CB5MH_MD,77.09974,1e+06,0.97,78.3,392000 4225000,23.5,Unsuitable,black,YES,243.577432,2625.292475,17.3983880000001
392000,4225000,CB5MH_MD,86.94226,1e+06,0.97,78.3,392000 4225000,26.5,Unsuitable,black,YES,243.577432,2625.292475,17.3983880000001
392000,4225000,CB5MH_MD,83.66142,1e+06,0.92,78.3,392000 4225000,25.5,Unsuitable,black,YES,243.577432,2625.292475,17.3983880000001
392000,4225000,CB5MH_MD,80.38058,1e+06,0.92,78.3,392000 4225000,24.5,Unsuitable,black,YES,243.577432,2625.292475,17.3983880000001
392000,4225000,CB5MH_MD,37.72966,1e+06,3.49,78.36,392000 4225000,11.5,Tolerable,yellow,YES,243.577432,2625.292475,17.3983880000001
392000,4225000,CB5MH_MD,63.97638,1e+06,1.26,78.3,392000 4225000,19.5,Unsuitable,black,YES,243.577432,2625.292475,17.3983880000001
392000,4225000,CB5MH_MD,73.8189,1e+06,1.04,78.3,392000 4225000,22.5,Unsuitable,black,YES,243.577432,2625.292475,17.3983880000001
392000,4225000,CB5MH_MD,31.16798,1e+06,3.7,78.25,392000 4225000,9.5,Tolerable,yellow,YES,243.577432,2625.292475,17.3983880000001
392000,4225000,CB5MH_MD,96.78478,1e+06,0.7,78.3,392000 4225000,29.5,Unsuitable,black,YES,243.577432,2625.292475,17.3983880000001
392000,4225000,CB5MH_MD,70.53806,1e+06,1.13,78.3,392000 4225000,21.5,Unsuitable,black,YES,243.577432,2625.292475,17.3983880000001
392000,4225000,CB5MH_MD,34.44882,1e+06,3.67,78.34,392000 4225000,10.5,Tolerable,yellow,YES,243.577432,2625.292475,17.3983880000001
392000,4225000,CB5MH_MD,106.6273,1e+06,0.77,78.3,392000 4225000,32.5,Unsuitable,black,YES,243.577432,2625.292475,17.3983880000001
392000,4225000,CB5MH_MD,113.18898,1e+06,0.8,78.3,392000 4225000,34.5,Unsuitable,black,YES,243.577432,2625.292475,17.3983880000001
392000,4225000,CB5MH_MD,67.25722,1e+06,1.21,78.3,392000 4225000,20.5,Unsuitable,black,YES,243.577432,2625.292475,17.3983880000001
392000,4225000,CB5MH_MD,109.90814,1e+06,0.8,78.3,392000 4225000,33.5,Unsuitable,black,YES,243.577432,2625.292475,17.3983880000001
392000,4225000,CB5MH_MD,14.76378,1e+06,6.88,77.97,392000 4225000,4.5,Suitable,dodgerblue,YES,243.577432,2625.292475,17.3983880000001
392000,4225000,CB5MH_MD,100.06562,1e+06,0.7,78.3,392000 4225000,30.5,Unsuitable,black,YES,243.577432,2625.292475,17.3983880000001
392000,4225000,CB5MH_MD,41.0105,1e+06,2.71,78.46,392000 4225000,12.5,Marginal,orange,YES,243.577432,2625.292475,17.3983880000001
392000,4225000,CB5MH_MD,27.88714,1e+06,4,78.15,392000 4225000,8.5,Suitable,dodgerblue,YES,243.577432,2625.292475,17.3983880000001
392000,4225000,CB5MH_MD,103.34646,1e+06,0.73,78.3,392000 4225000,31.5,Unsuitable,black,YES,243.577432,2625.292475,17.3983880000001
392000,4225000,CB5MH_MD,44.29134,1e+06,2.04,78.45,392000 4225000,13.5,Marginal,orange,YES,243.577432,2625.292475,17.3983880000001
392000,4225000,CB5MH_MD,54.13386,1e+06,1.69,78.3,392000 4225000,16.5,Unsuitable,black,YES,243.577432,2625.292475,17.3983880000001
392000,4225000,CB5MH_MD,18.04462,1e+06,6.25,77.79,392000 4225000,5.5,Suitable,dodgerblue,YES,243.577432,2625.292475,17.3983880000001
392000,4225000,CB5MH_MD,21.32546,1e+06,5.36,77.88,392000 4225000,6.5,Suitable,dodgerblue,YES,243.577432,2625.292475,17.3983880000001
392000,4225000,CB5MH_MD,11.48294,1e+06,7.32,78.15,392000 4225000,3.5,Suitable,dodgerblue,YES,243.577432,2625.292475,17.3983880000001
392000,4225000,CB5MH_MD,50.85302,1e+06,1.75,78.36,392000 4225000,15.5,Unsuitable,black,YES,243.577432,2625.292475,17.3983880000001
392000,4225000,CB5MH_MD,24.6063,1e+06,4.52,78.06,392000 4225000,7.5,Suitable,dodgerblue,YES,243.577432,2625.292475,17.3983880000001
392000,4225000,CB5MH_MD,60.69554,1e+06,1.38,78.3,392000 4225000,18.5,Unsuitable,black,YES,243.577432,2625.292475,17.3983880000001
392000,4225000,CB5MH_MD,57.4147,1e+06,1.57,78.3,392000 4225000,17.5,Unsuitable,black,YES,243.577432,2625.292475,17.3983880000001
392000,4225000,CB5MH_MD,8.2021,1e+06,7.69,78.34,392000 4225000,2.5,Suitable,dodgerblue,YES,243.577432,2625.292475,17.3983880000001
392000,4225000,CB5MH_MD,4.92126,1e+06,7.97,78.61,392000 4225000,1.5,Suitable,dodgerblue,YES,243.577432,2625.292475,17.3983880000001
392000,4225000,CB5MH_MD,47.57218,1e+06,1.88,78.36,392000 4225000,14.5,Unsuitable,black,YES,243.577432,2625.292475,17.3983880000001
392000,4225000,CB5MH_MD,1.64042,1e+06,7.98,78.62,392000 4225000,0.5,Suitable,dodgerblue,YES,243.577432,2625.292475,17.3983880000001
392000,4226000,CB5MH_MD,90.2231,1e+06,1.03,78.3,392000 4226000,27.5,Unsuitable,black,YES,243.577432,2625.913846,18.0197589999998
392000,4226000,CB5MH_MD,86.94226,1e+06,0.96,78.3,392000 4226000,26.5,Unsuitable,black,YES,243.577432,2625.913846,18.0197589999998
392000,4226000,CB5MH_MD,60.69554,1e+06,1.36,78.3,392000 4226000,18.5,Unsuitable,black,YES,243.577432,2625.913846,18.0197589999998
392000,4226000,CB5MH_MD,8.2021,1e+06,7.69,78.36,392000 4226000,2.5,Suitable,dodgerblue,YES,243.577432,2625.913846,18.0197589999998
392000,4226000,CB5MH_MD,31.16798,1e+06,3.68,78.29,392000 4226000,9.5,Tolerable,yellow,YES,243.577432,2625.913846,18.0197589999998
392000,4226000,CB5MH_MD,70.53806,1e+06,1.12,78.3,392000 4226000,21.5,Unsuitable,black,YES,243.577432,2625.913846,18.0197589999998
392000,4226000,CB5MH_MD,73.8189,1e+06,1.03,78.3,392000 4226000,22.5,Unsuitable,black,YES,243.577432,2625.913846,18.0197589999998
392000,4226000,CB5MH_MD,54.13386,1e+06,1.66,78.3,392000 4226000,16.5,Unsuitable,black,YES,243.577432,2625.913846,18.0197589999998
392000,4226000,CB5MH_MD,4.92126,1e+06,7.96,78.62,392000 4226000,1.5,Suitable,dodgerblue,YES,243.577432,2625.913846,18.0197589999998
392000,4226000,CB5MH_MD,83.66142,1e+06,0.91,78.3,392000 4226000,25.5,Unsuitable,black,YES,243.577432,2625.913846,18.0197589999998
392000,4226000,CB5MH_MD,24.6063,1e+06,4.56,78.1,392000 4226000,7.5,Suitable,dodgerblue,YES,243.577432,2625.913846,18.0197589999998
392000,4226000,CB5MH_MD,1.64042,1e+06,7.96,78.64,392000 4226000,0.5,Suitable,dodgerblue,YES,243.577432,2625.913846,18.0197589999998
392000,4226000,CB5MH_MD,27.88714,1e+06,4.03,78.19,392000 4226000,8.5,Suitable,dodgerblue,YES,243.577432,2625.913846,18.0197589999998
392000,4226000,CB5MH_MD,67.25722,1e+06,1.19,78.3,392000 4226000,20.5,Unsuitable,black,YES,243.577432,2625.913846,18.0197589999998
392000,4226000,CB5MH_MD,80.38058,1e+06,0.91,78.3,392000 4226000,24.5,Unsuitable,black,YES,243.577432,2625.913846,18.0197589999998
392000,4226000,CB5MH_MD,63.97638,1e+06,1.24,78.3,392000 4226000,19.5,Unsuitable,black,YES,243.577432,2625.913846,18.0197589999998
392000,4226000,CB5MH_MD,96.78478,1e+06,0.7,78.3,392000 4226000,29.5,Unsuitable,black,YES,243.577432,2625.913846,18.0197589999998
392000,4226000,CB5MH_MD,57.4147,1e+06,1.55,78.3,392000 4226000,17.5,Unsuitable,black,YES,243.577432,2625.913846,18.0197589999998
392000,4226000,CB5MH_MD,100.06562,1e+06,0.7,78.3,392000 4226000,30.5,Unsuitable,black,YES,243.577432,2625.913846,18.0197589999998
392000,4226000,CB5MH_MD,14.76378,1e+06,6.91,78.02,392000 4226000,4.5,Suitable,dodgerblue,YES,243.577432,2625.913846,18.0197589999998
392000,4226000,CB5MH_MD,21.32546,1e+06,5.39,77.93,392000 4226000,6.5,Suitable,dodgerblue,YES,243.577432,2625.913846,18.0197589999998
392000,4226000,CB5MH_MD,77.09974,1e+06,0.96,78.3,392000 4226000,23.5,Unsuitable,black,YES,243.577432,2625.913846,18.0197589999998
392000,4226000,CB5MH_MD,47.57218,1e+06,1.86,78.4,392000 4226000,14.5,Unsuitable,black,YES,243.577432,2625.913846,18.0197589999998
392000,4226000,CB5MH_MD,18.04462,1e+06,6.28,77.84,392000 4226000,5.5,Suitable,dodgerblue,YES,243.577432,2625.913846,18.0197589999998
392000,4226000,CB5MH_MD,50.85302,1e+06,1.73,78.4,392000 4226000,15.5,Unsuitable,black,YES,243.577432,2625.913846,18.0197589999998
392000,4226000,CB5MH_MD,106.6273,1e+06,0.77,78.3,392000 4226000,32.5,Unsuitable,black,YES,243.577432,2625.913846,18.0197589999998
392000,4226000,CB5MH_MD,37.72966,1e+06,3.44,78.4,392000 4226000,11.5,Tolerable,yellow,YES,243.577432,2625.913846,18.0197589999998
392000,4226000,CB5MH_MD,11.48294,1e+06,7.33,78.19,392000 4226000,3.5,Suitable,dodgerblue,YES,243.577432,2625.913846,18.0197589999998
392000,4226000,CB5MH_MD,44.29134,1e+06,2.03,78.49,392000 4226000,13.5,Marginal,orange,YES,243.577432,2625.913846,18.0197589999998
392000,4226000,CB5MH_MD,34.44882,1e+06,3.64,78.38,392000 4226000,10.5,Tolerable,yellow,YES,243.577432,2625.913846,18.0197589999998
392000,4226000,CB5MH_MD,41.0105,1e+06,2.68,78.49,392000 4226000,12.5,Marginal,orange,YES,243.577432,2625.913846,18.0197589999998
392000,4226000,CB5MH_MD,103.34646,1e+06,0.73,78.3,392000 4226000,31.5,Unsuitable,black,YES,243.577432,2625.913846,18.0197589999998
392000,4226000,CB5MH_MD,93.50394,1e+06,0.7,78.3,392000 4226000,28.5,Unsuitable,black,YES,243.577432,2625.913846,18.0197589999998
392000,4227000,CB5MH_MD,63.97638,1e+06,1.22,78.3,392000 4227000,19.5,Unsuitable,black,YES,243.577432,2626.535217,18.64113
392000,4227000,CB5MH_MD,54.13386,1e+06,1.62,78.31,392000 4227000,16.5,Unsuitable,black,YES,243.577432,2626.535217,18.64113
392000,4227000,CB5MH_MD,60.69554,1e+06,1.34,78.3,392000 4227000,18.5,Unsuitable,black,YES,243.577432,2626.535217,18.64113
392000,4227000,CB5MH_MD,96.78478,1e+06,0.7,78.3,392000 4227000,29.5,Unsuitable,black,YES,243.577432,2626.535217,18.64113
392000,4227000,CB5MH_MD,57.4147,1e+06,1.52,78.31,392000 4227000,17.5,Unsuitable,black,YES,243.577432,2626.535217,18.64113
392000,4227000,CB5MH_MD,90.2231,1e+06,1.01,78.3,392000 4227000,27.5,Unsuitable,black,YES,243.577432,2626.535217,18.64113
392000,4227000,CB5MH_MD,100.06562,1e+06,0.7,78.3,392000 4227000,30.5,Unsuitable,black,YES,243.577432,2626.535217,18.64113
392000,4227000,CB5MH_MD,70.53806,1e+06,1.1,78.3,392000 4227000,21.5,Unsuitable,black,YES,243.577432,2626.535217,18.64113
392000,4227000,CB5MH_MD,50.85302,1e+06,1.7,78.45,392000 4227000,15.5,Unsuitable,black,YES,243.577432,2626.535217,18.64113
392000,4227000,CB5MH_MD,31.16798,1e+06,3.64,78.33,392000 4227000,9.5,Tolerable,yellow,YES,243.577432,2626.535217,18.64113
392000,4227000,CB5MH_MD,83.66142,1e+06,0.9,78.3,392000 4227000,25.5,Unsuitable,black,YES,243.577432,2626.535217,18.64113
392000,4227000,CB5MH_MD,47.57218,1e+06,1.84,78.45,392000 4227000,14.5,Unsuitable,black,YES,243.577432,2626.535217,18.64113
392000,4227000,CB5MH_MD,86.94226,1e+06,0.95,78.3,392000 4227000,26.5,Unsuitable,black,YES,243.577432,2626.535217,18.64113
392000,4227000,CB5MH_MD,44.29134,1e+06,2.01,78.54,392000 4227000,13.5,Marginal,orange,YES,243.577432,2626.535217,18.64113
392000,4227000,CB5MH_MD,93.50394,1e+06,0.7,78.3,392000 4227000,28.5,Unsuitable,black,YES,243.577432,2626.535217,18.64113
392000,4227000,CB5MH_MD,80.38058,1e+06,0.9,78.3,392000 4227000,24.5,Unsuitable,black,YES,243.577432,2626.535217,18.64113
392000,4227000,CB5MH_MD,41.0105,1e+06,2.64,78.54,392000 4227000,12.5,Marginal,orange,YES,243.577432,2626.535217,18.64113
392000,4227000,CB5MH_MD,21.32546,1e+06,5.43,78,392000 4227000,6.5,Suitable,dodgerblue,YES,243.577432,2626.535217,18.64113
392000,4227000,CB5MH_MD,24.6063,1e+06,4.61,78.16,392000 4227000,7.5,Suitable,dodgerblue,YES,243.577432,2626.535217,18.64113
392000,4227000,CB5MH_MD,1.64042,1e+06,7.95,78.66,392000 4227000,0.5,Suitable,dodgerblue,YES,243.577432,2626.535217,18.64113
392000,4227000,CB5MH_MD,4.92126,1e+06,7.94,78.64,392000 4227000,1.5,Suitable,dodgerblue,YES,243.577432,2626.535217,18.64113
392000,4227000,CB5MH_MD,27.88714,1e+06,4.05,78.23,392000 4227000,8.5,Suitable,dodgerblue,YES,243.577432,2626.535217,18.64113
392000,4227000,CB5MH_MD,18.04462,1e+06,6.31,77.92,392000 4227000,5.5,Suitable,dodgerblue,YES,243.577432,2626.535217,18.64113
392000,4227000,CB5MH_MD,67.25722,1e+06,1.17,78.3,392000 4227000,20.5,Unsuitable,black,YES,243.577432,2626.535217,18.64113
392000,4227000,CB5MH_MD,34.44882,1e+06,3.59,78.42,392000 4227000,10.5,Tolerable,yellow,YES,243.577432,2626.535217,18.64113
392000,4227000,CB5MH_MD,73.8189,1e+06,1.01,78.3,392000 4227000,22.5,Unsuitable,black,YES,243.577432,2626.535217,18.64113
392000,4227000,CB5MH_MD,77.09974,1e+06,0.95,78.3,392000 4227000,23.5,Unsuitable,black,YES,243.577432,2626.535217,18.64113
392000,4227000,CB5MH_MD,37.72966,1e+06,3.37,78.44,392000 4227000,11.5,Tolerable,yellow,YES,243.577432,2626.535217,18.64113
392000,4227000,CB5MH_MD,8.2021,1e+06,7.68,78.4,392000 4227000,2.5,Suitable,dodgerblue,YES,243.577432,2626.535217,18.64113
392000,4227000,CB5MH_MD,11.48294,1e+06,7.34,78.24,392000 4227000,3.5,Suitable,dodgerblue,YES,243.577432,2626.535217,18.64113
392000,4227000,CB5MH_MD,14.76378,1e+06,6.94,78.08,392000 4227000,4.5,Suitable,dodgerblue,YES,243.577432,2626.535217,18.64113
392000,4228000,CB5MH_MD,4.92126,1e+06,7.85,78.81,392000 4228000,1.5,Suitable,dodgerblue,YES,243.577432,2627.156588,19.2625009999997
392000,4228000,CB5MH_MD,8.2021,1e+06,7.61,78.6,392000 4228000,2.5,Suitable,dodgerblue,YES,243.577432,2627.156588,19.2625009999997
392000,4228000,CB5MH_MD,50.85302,1e+06,1.66,78.5,392000 4228000,15.5,Unsuitable,black,YES,243.577432,2627.156588,19.2625009999997
392000,4228000,CB5MH_MD,57.4147,1e+06,1.47,78.31,392000 4228000,17.5,Unsuitable,black,YES,243.577432,2627.156588,19.2625009999997
392000,4228000,CB5MH_MD,60.69554,1e+06,1.3,78.3,392000 4228000,18.5,Unsuitable,black,YES,243.577432,2627.156588,19.2625009999997
392000,4228000,CB5MH_MD,77.09974,1e+06,0.93,78.3,392000 4228000,23.5,Unsuitable,black,YES,243.577432,2627.156588,19.2625009999997
392000,4228000,CB5MH_MD,100.06562,1e+06,0.7,78.3,392000 4228000,30.5,Unsuitable,black,YES,243.577432,2627.156588,19.2625009999997
392000,4228000,CB5MH_MD,73.8189,1e+06,1,78.3,392000 4228000,22.5,Unsuitable,black,YES,243.577432,2627.156588,19.2625009999997
392000,4228000,CB5MH_MD,47.57218,1e+06,1.81,78.5,392000 4228000,14.5,Unsuitable,black,YES,243.577432,2627.156588,19.2625009999997
392000,4228000,CB5MH_MD,1.64042,1e+06,7.86,78.84,392000 4228000,0.5,Suitable,dodgerblue,YES,243.577432,2627.156588,19.2625009999997
392000,4228000,CB5MH_MD,44.29134,1e+06,1.99,78.58,392000 4228000,13.5,Unsuitable,black,YES,243.577432,2627.156588,19.2625009999997
392000,4228000,CB5MH_MD,37.72966,1e+06,3.28,78.5,392000 4228000,11.5,Tolerable,yellow,YES,243.577432,2627.156588,19.2625009999997
392000,4228000,CB5MH_MD,27.88714,1e+06,4.14,78.47,392000 4228000,8.5,Suitable,dodgerblue,YES,243.577432,2627.156588,19.2625009999997
392000,4228000,CB5MH_MD,31.16798,1e+06,3.58,78.39,392000 4228000,9.5,Tolerable,yellow,YES,243.577432,2627.156588,19.2625009999997
392000,4228000,CB5MH_MD,67.25722,1e+06,1.15,78.3,392000 4228000,20.5,Unsuitable,black,YES,243.577432,2627.156588,19.2625009999997
392000,4228000,CB5MH_MD,70.53806,1e+06,1.08,78.3,392000 4228000,21.5,Unsuitable,black,YES,243.577432,2627.156588,19.2625009999997
392000,4228000,CB5MH_MD,96.78478,1e+06,0.7,78.3,392000 4228000,29.5,Unsuitable,black,YES,243.577432,2627.156588,19.2625009999997
392000,4228000,CB5MH_MD,54.13386,1e+06,1.57,78.31,392000 4228000,16.5,Unsuitable,black,YES,243.577432,2627.156588,19.2625009999997
392000,4228000,CB5MH_MD,41.0105,1e+06,2.58,78.59,392000 4228000,12.5,Marginal,orange,YES,243.577432,2627.156588,19.2625009999997
392000,4228000,CB5MH_MD,34.44882,1e+06,3.51,78.47,392000 4228000,10.5,Tolerable,yellow,YES,243.577432,2627.156588,19.2625009999997
392000,4228000,CB5MH_MD,90.2231,1e+06,1,78.3,392000 4228000,27.5,Unsuitable,black,YES,243.577432,2627.156588,19.2625009999997
392000,4228000,CB5MH_MD,18.04462,1e+06,6.34,78.17,392000 4228000,5.5,Suitable,dodgerblue,YES,243.577432,2627.156588,19.2625009999997
392000,4228000,CB5MH_MD,86.94226,1e+06,0.93,78.3,392000 4228000,26.5,Unsuitable,black,YES,243.577432,2627.156588,19.2625009999997
392000,4228000,CB5MH_MD,14.76378,1e+06,6.92,78.32,392000 4228000,4.5,Suitable,dodgerblue,YES,243.577432,2627.156588,19.2625009999997
392000,4228000,CB5MH_MD,24.6063,1e+06,4.68,78.4,392000 4228000,7.5,Suitable,dodgerblue,YES,243.577432,2627.156588,19.2625009999997
392000,4228000,CB5MH_MD,21.32546,1e+06,5.46,78.25,392000 4228000,6.5,Suitable,dodgerblue,YES,243.577432,2627.156588,19.2625009999997
392000,4228000,CB5MH_MD,83.66142,1e+06,0.89,78.3,392000 4228000,25.5,Unsuitable,black,YES,243.577432,2627.156588,19.2625009999997
392000,4228000,CB5MH_MD,80.38058,1e+06,0.89,78.3,392000 4228000,24.5,Unsuitable,black,YES,243.577432,2627.156588,19.2625009999997
392000,4228000,CB5MH_MD,93.50394,1e+06,0.7,78.3,392000 4228000,28.5,Unsuitable,black,YES,243.577432,2627.156588,19.2625009999997
392000,4228000,CB5MH_MD,11.48294,1e+06,7.3,78.46,392000 4228000,3.5,Suitable,dodgerblue,YES,243.577432,2627.156588,19.2625009999997
392000,4228000,CB5MH_MD,63.97638,1e+06,1.2,78.3,392000 4228000,19.5,Unsuitable,black,YES,243.577432,2627.156588,19.2625009999997
392000,4229000,CB5MH_MD,1.64042,1e+06,7.82,78.91,392000 4229000,0.5,Suitable,dodgerblue,YES,243.577432,2627.777959,19.8838719999999
392000,4229000,CB5MH_MD,80.38058,1e+06,0.88,78.3,392000 4229000,24.5,Unsuitable,black,YES,243.577432,2627.777959,19.8838719999999
392000,4229000,CB5MH_MD,41.0105,1e+06,2.51,78.64,392000 4229000,12.5,Marginal,orange,YES,243.577432,2627.777959,19.8838719999999
392000,4229000,CB5MH_MD,90.2231,1e+06,0.97,78.3,392000 4229000,27.5,Unsuitable,black,YES,243.577432,2627.777959,19.8838719999999
392000,4229000,CB5MH_MD,103.34646,1e+06,0.73,78.3,392000 4229000,31.5,Unsuitable,black,YES,243.577432,2627.777959,19.8838719999999
392000,4229000,CB5MH_MD,100.06562,1e+06,0.7,78.3,392000 4229000,30.5,Unsuitable,black,YES,243.577432,2627.777959,19.8838719999999
392000,4229000,CB5MH_MD,83.66142,1e+06,0.88,78.3,392000 4229000,25.5,Unsuitable,black,YES,243.577432,2627.777959,19.8838719999999
392000,4229000,CB5MH_MD,93.50394,1e+06,0.7,78.3,392000 4229000,28.5,Unsuitable,black,YES,243.577432,2627.777959,19.8838719999999
392000,4229000,CB5MH_MD,24.6063,1e+06,4.74,78.51,392000 4229000,7.5,Suitable,dodgerblue,YES,243.577432,2627.777959,19.8838719999999
392000,4229000,CB5MH_MD,96.78478,1e+06,0.7,78.3,392000 4229000,29.5,Unsuitable,black,YES,243.577432,2627.777959,19.8838719999999
392000,4229000,CB5MH_MD,86.94226,1e+06,0.92,78.3,392000 4229000,26.5,Unsuitable,black,YES,243.577432,2627.777959,19.8838719999999
392000,4229000,CB5MH_MD,60.69554,1e+06,1.26,78.3,392000 4229000,18.5,Unsuitable,black,YES,243.577432,2627.777959,19.8838719999999
392000,4229000,CB5MH_MD,27.88714,1e+06,4.18,78.57,392000 4229000,8.5,Suitable,dodgerblue,YES,243.577432,2627.777959,19.8838719999999
392000,4229000,CB5MH_MD,54.13386,1e+06,1.51,78.31,392000 4229000,16.5,Unsuitable,black,YES,243.577432,2627.777959,19.8838719999999
392000,4229000,CB5MH_MD,31.16798,1e+06,3.5,78.44,392000 4229000,9.5,Tolerable,yellow,YES,243.577432,2627.777959,19.8838719999999
392000,4229000,CB5MH_MD,77.09974,1e+06,0.92,78.3,392000 4229000,23.5,Unsuitable,black,YES,243.577432,2627.777959,19.8838719999999
392000,4229000,CB5MH_MD,57.4147,1e+06,1.42,78.31,392000 4229000,17.5,Unsuitable,black,YES,243.577432,2627.777959,19.8838719999999
392000,4229000,CB5MH_MD,73.8189,1e+06,0.97,78.3,392000 4229000,22.5,Unsuitable,black,YES,243.577432,2627.777959,19.8838719999999
392000,4229000,CB5MH_MD,70.53806,1e+06,1.05,78.3,392000 4229000,21.5,Unsuitable,black,YES,243.577432,2627.777959,19.8838719999999
392000,4229000,CB5MH_MD,67.25722,1e+06,1.12,78.3,392000 4229000,20.5,Unsuitable,black,YES,243.577432,2627.777959,19.8838719999999
392000,4229000,CB5MH_MD,18.04462,1e+06,6.38,78.31,392000 4229000,5.5,Suitable,dodgerblue,YES,243.577432,2627.777959,19.8838719999999
392000,4229000,CB5MH_MD,63.97638,1e+06,1.17,78.3,392000 4229000,19.5,Unsuitable,black,YES,243.577432,2627.777959,19.8838719999999
392000,4229000,CB5MH_MD,11.48294,1e+06,7.3,78.55,392000 4229000,3.5,Suitable,dodgerblue,YES,243.577432,2627.777959,19.8838719999999
392000,4229000,CB5MH_MD,106.6273,1e+06,0.77,78.3,392000 4229000,32.5,Unsuitable,black,YES,243.577432,2627.777959,19.8838719999999
392000,4229000,CB5MH_MD,4.92126,1e+06,7.81,78.87,392000 4229000,1.5,Suitable,dodgerblue,YES,243.577432,2627.777959,19.8838719999999
392000,4229000,CB5MH_MD,21.32546,1e+06,5.5,78.38,392000 4229000,6.5,Suitable,dodgerblue,YES,243.577432,2627.777959,19.8838719999999
392000,4229000,CB5MH_MD,50.85302,1e+06,1.62,78.55,392000 4229000,15.5,Unsuitable,black,YES,243.577432,2627.777959,19.8838719999999
392000,4229000,CB5MH_MD,8.2021,1e+06,7.59,78.68,392000 4229000,2.5,Suitable,dodgerblue,YES,243.577432,2627.777959,19.8838719999999
392000,4229000,CB5MH_MD,34.44882,1e+06,3.42,78.52,392000 4229000,10.5,Tolerable,yellow,YES,243.577432,2627.777959,19.8838719999999
392000,4229000,CB5MH_MD,14.76378,1e+06,6.95,78.44,392000 4229000,4.5,Suitable,dodgerblue,YES,243.577432,2627.777959,19.8838719999999
392000,4229000,CB5MH_MD,37.72966,1e+06,3.18,78.55,392000 4229000,11.5,Tolerable,yellow,YES,243.577432,2627.777959,19.8838719999999
392000,4229000,CB5MH_MD,44.29134,1e+06,1.96,78.64,392000 4229000,13.5,Unsuitable,black,YES,243.577432,2627.777959,19.8838719999999
392000,4229000,CB5MH_MD,47.57218,1e+06,1.77,78.56,392000 4229000,14.5,Unsuitable,black,YES,243.577432,2627.777959,19.8838719999999
392000,4340000,CB3MH,1.64042,1e+06,6.68,76.84,392000 4340000,0.5,Suitable,dodgerblue,YES,243.577432,2696.75014,88.856053
392000,4341000,CB2OH,27.88714,1e+06,3.25,77.49,392000 4341000,8.5,Tolerable,yellow,YES,243.577432,2697.371511,89.4774239999997
392000,4341000,CB2OH,44.29134,1e+06,2.5,77.5,392000 4341000,13.5,Marginal,orange,YES,243.577432,2697.371511,89.4774239999997
392000,4341000,CB2OH,24.6063,1e+06,3.95,77.45,392000 4341000,7.5,Tolerable,yellow,YES,243.577432,2697.371511,89.4774239999997
392000,4341000,CB2OH,18.04462,1e+06,5.62,76.8,392000 4341000,5.5,Suitable,dodgerblue,YES,243.577432,2697.371511,89.4774239999997
392000,4341000,CB2OH,21.32546,1e+06,4.86,77.16,392000 4341000,6.5,Suitable,dodgerblue,YES,243.577432,2697.371511,89.4774239999997
392000,4341000,CB2OH,34.44882,1e+06,2.75,77.5,392000 4341000,10.5,Marginal,orange,YES,243.577432,2697.371511,89.4774239999997
392000,4341000,CB2OH,4.92126,1e+06,6.68,76.8,392000 4341000,1.5,Suitable,dodgerblue,YES,243.577432,2697.371511,89.4774239999997
392000,4341000,CB2OH,14.76378,1e+06,6.09,76.58,392000 4341000,4.5,Suitable,dodgerblue,YES,243.577432,2697.371511,89.4774239999997
392000,4341000,CB2OH,37.72966,1e+06,2.55,77.5,392000 4341000,11.5,Marginal,orange,YES,243.577432,2697.371511,89.4774239999997
392000,4341000,CB2OH,1.64042,1e+06,6.74,76.82,392000 4341000,0.5,Suitable,dodgerblue,YES,243.577432,2697.371511,89.4774239999997
392000,4341000,CB2OH,11.48294,1e+06,6.33,76.51,392000 4341000,3.5,Suitable,dodgerblue,YES,243.577432,2697.371511,89.4774239999997
392000,4341000,CB2OH,31.16798,1e+06,2.78,77.5,392000 4341000,9.5,Marginal,orange,YES,243.577432,2697.371511,89.4774239999997
392000,4341000,CB2OH,8.2021,1e+06,6.52,76.76,392000 4341000,2.5,Suitable,dodgerblue,YES,243.577432,2697.371511,89.4774239999997
392000,4341000,CB2OH,41.0105,1e+06,2.5,77.5,392000 4341000,12.5,Marginal,orange,YES,243.577432,2697.371511,89.4774239999997
392000,4341000,CB2OH,47.57218,1e+06,2.5,77.5,392000 4341000,14.5,Marginal,orange,YES,243.577432,2697.371511,89.4774239999997
392000,4342000,CB2OH,4.92126,1e+06,6.72,76.74,392000 4342000,1.5,Suitable,dodgerblue,YES,243.577432,2697.992882,90.0987949999999
392000,4342000,CB2OH,8.2021,1e+06,6.57,76.7,392000 4342000,2.5,Suitable,dodgerblue,YES,243.577432,2697.992882,90.0987949999999
392000,4342000,CB2OH,11.48294,1e+06,6.41,76.51,392000 4342000,3.5,Suitable,dodgerblue,YES,243.577432,2697.992882,90.0987949999999
392000,4342000,CB2OH,18.04462,1e+06,5.77,76.8,392000 4342000,5.5,Suitable,dodgerblue,YES,243.577432,2697.992882,90.0987949999999
392000,4342000,CB2OH,24.6063,1e+06,4.06,77.47,392000 4342000,7.5,Suitable,dodgerblue,YES,243.577432,2697.992882,90.0987949999999
392000,4342000,CB2OH,1.64042,1e+06,6.78,76.75,392000 4342000,0.5,Suitable,dodgerblue,YES,243.577432,2697.992882,90.0987949999999
392000,4342000,CB2OH,14.76378,1e+06,6.21,76.59,392000 4342000,4.5,Suitable,dodgerblue,YES,243.577432,2697.992882,90.0987949999999
392000,4342000,CB2OH,21.32546,1e+06,5,77.17,392000 4342000,6.5,Suitable,dodgerblue,YES,243.577432,2697.992882,90.0987949999999
393000,4209000,CB5MH_MD,47.57218,1e+06,2.65,78.53,393000 4209000,14.5,Marginal,orange,YES,244.198803,2615.350539,7.4564519999999
393000,4209000,CB5MH_MD,70.53806,1e+06,2.84,78.75,393000 4209000,21.5,Marginal,orange,YES,244.198803,2615.350539,7.4564519999999
393000,4209000,CB5MH_MD,21.32546,1e+06,5.97,78.12,393000 4209000,6.5,Suitable,dodgerblue,YES,244.198803,2615.350539,7.4564519999999
393000,4209000,CB5MH_MD,50.85302,1e+06,2.56,78.54,393000 4209000,15.5,Marginal,orange,YES,244.198803,2615.350539,7.4564519999999
393000,4209000,CB5MH_MD,60.69554,1e+06,2.9,78.72,393000 4209000,18.5,Marginal,orange,YES,244.198803,2615.350539,7.4564519999999
393000,4209000,CB5MH_MD,44.29134,1e+06,2.83,78.53,393000 4209000,13.5,Marginal,orange,YES,244.198803,2615.350539,7.4564519999999
393000,4209000,CB5MH_MD,63.97638,1e+06,2.87,78.76,393000 4209000,19.5,Marginal,orange,YES,244.198803,2615.350539,7.4564519999999
393000,4209000,CB5MH_MD,67.25722,1e+06,2.88,78.75,393000 4209000,20.5,Marginal,orange,YES,244.198803,2615.350539,7.4564519999999
393000,4209000,CB5MH_MD,57.4147,1e+06,2.48,78.56,393000 4209000,17.5,Marginal,orange,YES,244.198803,2615.350539,7.4564519999999
393000,4209000,CB5MH_MD,73.8189,1e+06,2.79,78.76,393000 4209000,22.5,Marginal,orange,YES,244.198803,2615.350539,7.4564519999999
393000,4209000,CB5MH_MD,18.04462,1e+06,6.45,78.1,393000 4209000,5.5,Suitable,dodgerblue,YES,244.198803,2615.350539,7.4564519999999
393000,4209000,CB5MH_MD,11.48294,1e+06,7.53,78.19,393000 4209000,3.5,Suitable,dodgerblue,YES,244.198803,2615.350539,7.4564519999999
393000,4209000,CB5MH_MD,37.72966,1e+06,3.85,78.34,393000 4209000,11.5,Tolerable,yellow,YES,244.198803,2615.350539,7.4564519999999
393000,4209000,CB5MH_MD,4.92126,1e+06,7.95,78.41,393000 4209000,1.5,Suitable,dodgerblue,YES,244.198803,2615.350539,7.4564519999999
393000,4209000,CB5MH_MD,27.88714,1e+06,4.75,78.15,393000 4209000,8.5,Suitable,dodgerblue,YES,244.198803,2615.350539,7.4564519999999
393000,4209000,CB5MH_MD,54.13386,1e+06,2.52,78.54,393000 4209000,16.5,Marginal,orange,YES,244.198803,2615.350539,7.4564519999999
393000,4209000,CB5MH_MD,41.0105,1e+06,3.19,78.49,393000 4209000,12.5,Tolerable,yellow,YES,244.198803,2615.350539,7.4564519999999
393000,4209000,CB5MH_MD,34.44882,1e+06,4.47,78.2,393000 4209000,10.5,Suitable,dodgerblue,YES,244.198803,2615.350539,7.4564519999999
393000,4209000,CB5MH_MD,14.76378,1e+06,7.13,78.11,393000 4209000,4.5,Suitable,dodgerblue,YES,244.198803,2615.350539,7.4564519999999
393000,4209000,CB5MH_MD,31.16798,1e+06,4.63,78.17,393000 4209000,9.5,Suitable,dodgerblue,YES,244.198803,2615.350539,7.4564519999999
393000,4209000,CB5MH_MD,8.2021,1e+06,7.77,78.28,393000 4209000,2.5,Suitable,dodgerblue,YES,244.198803,2615.350539,7.4564519999999
393000,4209000,CB5MH_MD,24.6063,1e+06,5.34,78.13,393000 4209000,7.5,Suitable,dodgerblue,YES,244.198803,2615.350539,7.4564519999999
393000,4209000,CB5MH_MD,1.64042,1e+06,7.97,78.41,393000 4209000,0.5,Suitable,dodgerblue,YES,244.198803,2615.350539,7.4564519999999
393000,4210000,CB5MH_MD,18.04462,1e+06,6.45,78.08,393000 4210000,5.5,Suitable,dodgerblue,YES,244.198803,2615.97191,8.07782300000008
393000,4210000,CB5MH_MD,14.76378,1e+06,7.1,78.13,393000 4210000,4.5,Suitable,dodgerblue,YES,244.198803,2615.97191,8.07782300000008
393000,4210000,CB5MH_MD,70.53806,1e+06,2.41,78.71,393000 4210000,21.5,Marginal,orange,YES,244.198803,2615.97191,8.07782300000008
393000,4210000,CB5MH_MD,77.09974,1e+06,2.33,78.71,393000 4210000,23.5,Marginal,orange,YES,244.198803,2615.97191,8.07782300000008
393000,4210000,CB5MH_MD,60.69554,1e+06,2.49,78.67,393000 4210000,18.5,Marginal,orange,YES,244.198803,2615.97191,8.07782300000008
393000,4210000,CB5MH_MD,83.66142,1e+06,0.93,78.3,393000 4210000,25.5,Unsuitable,black,YES,244.198803,2615.97191,8.07782300000008
393000,4210000,CB5MH_MD,50.85302,1e+06,2.29,78.52,393000 4210000,15.5,Marginal,orange,YES,244.198803,2615.97191,8.07782300000008
393000,4210000,CB5MH_MD,1.64042,1e+06,7.97,78.45,393000 4210000,0.5,Suitable,dodgerblue,YES,244.198803,2615.97191,8.07782300000008
393000,4210000,CB5MH_MD,31.16798,1e+06,4.45,78.2,393000 4210000,9.5,Suitable,dodgerblue,YES,244.198803,2615.97191,8.07782300000008
393000,4210000,CB5MH_MD,80.38058,1e+06,0.93,78.3,393000 4210000,24.5,Unsuitable,black,YES,244.198803,2615.97191,8.07782300000008
393000,4210000,CB5MH_MD,63.97638,1e+06,2.46,78.71,393000 4210000,19.5,Marginal,orange,YES,244.198803,2615.97191,8.07782300000008
393000,4210000,CB5MH_MD,21.32546,1e+06,5.9,78.12,393000 4210000,6.5,Suitable,dodgerblue,YES,244.198803,2615.97191,8.07782300000008
393000,4210000,CB5MH_MD,37.72966,1e+06,3.66,78.36,393000 4210000,11.5,Tolerable,yellow,YES,244.198803,2615.97191,8.07782300000008
393000,4210000,CB5MH_MD,24.6063,1e+06,5.19,78.15,393000 4210000,7.5,Suitable,dodgerblue,YES,244.198803,2615.97191,8.07782300000008
393000,4210000,CB5MH_MD,73.8189,1e+06,2.36,78.71,393000 4210000,22.5,Marginal,orange,YES,244.198803,2615.97191,8.07782300000008
393000,4210000,CB5MH_MD,11.48294,1e+06,7.55,78.22,393000 4210000,3.5,Suitable,dodgerblue,YES,244.198803,2615.97191,8.07782300000008
393000,4210000,CB5MH_MD,27.88714,1e+06,4.57,78.18,393000 4210000,8.5,Suitable,dodgerblue,YES,244.198803,2615.97191,8.07782300000008
393000,4210000,CB5MH_MD,34.44882,1e+06,4.3,78.22,393000 4210000,10.5,Suitable,dodgerblue,YES,244.198803,2615.97191,8.07782300000008
393000,4210000,CB5MH_MD,8.2021,1e+06,7.78,78.31,393000 4210000,2.5,Suitable,dodgerblue,YES,244.198803,2615.97191,8.07782300000008
393000,4210000,CB5MH_MD,47.57218,1e+06,2.37,78.52,393000 4210000,14.5,Marginal,orange,YES,244.198803,2615.97191,8.07782300000008
393000,4210000,CB5MH_MD,57.4147,1e+06,2.19,78.54,393000 4210000,17.5,Marginal,orange,YES,244.198803,2615.97191,8.07782300000008
393000,4210000,CB5MH_MD,67.25722,1e+06,2.45,78.71,393000 4210000,20.5,Marginal,orange,YES,244.198803,2615.97191,8.07782300000008
393000,4210000,CB5MH_MD,44.29134,1e+06,2.56,78.53,393000 4210000,13.5,Marginal,orange,YES,244.198803,2615.97191,8.07782300000008
393000,4210000,CB5MH_MD,41.0105,1e+06,2.95,78.5,393000 4210000,12.5,Marginal,orange,YES,244.198803,2615.97191,8.07782300000008
393000,4210000,CB5MH_MD,54.13386,1e+06,2.24,78.52,393000 4210000,16.5,Marginal,orange,YES,244.198803,2615.97191,8.07782300000008
393000,4210000,CB5MH_MD,4.92126,1e+06,7.95,78.45,393000 4210000,1.5,Suitable,dodgerblue,YES,244.198803,2615.97191,8.07782300000008
393000,4211000,CB5MH_MD,77.09974,1e+06,2.09,78.64,393000 4211000,23.5,Marginal,orange,YES,244.198803,2616.593281,8.69919399999981
393000,4211000,CB5MH_MD,14.76378,1e+06,7.07,78.11,393000 4211000,4.5,Suitable,dodgerblue,YES,244.198803,2616.593281,8.69919399999981
393000,4211000,CB5MH_MD,11.48294,1e+06,7.51,78.21,393000 4211000,3.5,Suitable,dodgerblue,YES,244.198803,2616.593281,8.69919399999981
393000,4211000,CB5MH_MD,24.6063,1e+06,5.13,78.14,393000 4211000,7.5,Suitable,dodgerblue,YES,244.198803,2616.593281,8.69919399999981
393000,4211000,CB5MH_MD,73.8189,1e+06,2.13,78.64,393000 4211000,22.5,Marginal,orange,YES,244.198803,2616.593281,8.69919399999981
393000,4211000,CB5MH_MD,27.88714,1e+06,4.52,78.16,393000 4211000,8.5,Suitable,dodgerblue,YES,244.198803,2616.593281,8.69919399999981
393000,4211000,CB5MH_MD,44.29134,1e+06,2.48,78.51,393000 4211000,13.5,Marginal,orange,YES,244.198803,2616.593281,8.69919399999981
393000,4211000,CB5MH_MD,1.64042,1e+06,7.96,78.46,393000 4211000,0.5,Suitable,dodgerblue,YES,244.198803,2616.593281,8.69919399999981
393000,4211000,CB5MH_MD,8.2021,1e+06,7.76,78.32,393000 4211000,2.5,Suitable,dodgerblue,YES,244.198803,2616.593281,8.69919399999981
393000,4211000,CB5MH_MD,21.32546,1e+06,5.85,78.09,393000 4211000,6.5,Suitable,dodgerblue,YES,244.198803,2616.593281,8.69919399999981
393000,4211000,CB5MH_MD,18.04462,1e+06,6.42,78.05,393000 4211000,5.5,Suitable,dodgerblue,YES,244.198803,2616.593281,8.69919399999981
393000,4211000,CB5MH_MD,34.44882,1e+06,4.25,78.22,393000 4211000,10.5,Suitable,dodgerblue,YES,244.198803,2616.593281,8.69919399999981
393000,4211000,CB5MH_MD,57.4147,1e+06,2.1,78.51,393000 4211000,17.5,Marginal,orange,YES,244.198803,2616.593281,8.69919399999981
393000,4211000,CB5MH_MD,60.69554,1e+06,2.3,78.61,393000 4211000,18.5,Marginal,orange,YES,244.198803,2616.593281,8.69919399999981
393000,4211000,CB5MH_MD,67.25722,1e+06,2.23,78.64,393000 4211000,20.5,Marginal,orange,YES,244.198803,2616.593281,8.69919399999981
393000,4211000,CB5MH_MD,80.38058,1e+06,0.93,78.3,393000 4211000,24.5,Unsuitable,black,YES,244.198803,2616.593281,8.69919399999981
393000,4211000,CB5MH_MD,54.13386,1e+06,2.16,78.49,393000 4211000,16.5,Marginal,orange,YES,244.198803,2616.593281,8.69919399999981
393000,4211000,CB5MH_MD,37.72966,1e+06,3.64,78.35,393000 4211000,11.5,Tolerable,yellow,YES,244.198803,2616.593281,8.69919399999981
393000,4211000,CB5MH_MD,50.85302,1e+06,2.21,78.49,393000 4211000,15.5,Marginal,orange,YES,244.198803,2616.593281,8.69919399999981
393000,4211000,CB5MH_MD,63.97638,1e+06,2.25,78.64,393000 4211000,19.5,Marginal,orange,YES,244.198803,2616.593281,8.69919399999981
393000,4211000,CB5MH_MD,70.53806,1e+06,2.18,78.64,393000 4211000,21.5,Marginal,orange,YES,244.198803,2616.593281,8.69919399999981
393000,4211000,CB5MH_MD,31.16798,1e+06,4.39,78.19,393000 4211000,9.5,Suitable,dodgerblue,YES,244.198803,2616.593281,8.69919399999981
393000,4211000,CB5MH_MD,47.57218,1e+06,2.3,78.49,393000 4211000,14.5,Marginal,orange,YES,244.198803,2616.593281,8.69919399999981
393000,4211000,CB5MH_MD,4.92126,1e+06,7.94,78.46,393000 4211000,1.5,Suitable,dodgerblue,YES,244.198803,2616.593281,8.69919399999981
393000,4211000,CB5MH_MD,41.0105,1e+06,2.9,78.49,393000 4211000,12.5,Marginal,orange,YES,244.198803,2616.593281,8.69919399999981
393000,4212000,CB5MH_MD,1.64042,1e+06,7.96,78.48,393000 4212000,0.5,Suitable,dodgerblue,YES,244.198803,2617.214652,9.32056499999999
393000,4212000,CB5MH_MD,18.04462,1e+06,6.4,78.01,393000 4212000,5.5,Suitable,dodgerblue,YES,244.198803,2617.214652,9.32056499999999
393000,4212000,CB5MH_MD,47.57218,1e+06,2.23,78.46,393000 4212000,14.5,Marginal,orange,YES,244.198803,2617.214652,9.32056499999999
393000,4212000,CB5MH_MD,11.48294,1e+06,7.48,78.2,393000 4212000,3.5,Suitable,dodgerblue,YES,244.198803,2617.214652,9.32056499999999
393000,4212000,CB5MH_MD,44.29134,1e+06,2.41,78.49,393000 4212000,13.5,Marginal,orange,YES,244.198803,2617.214652,9.32056499999999
393000,4212000,CB5MH_MD,4.92126,1e+06,7.94,78.48,393000 4212000,1.5,Suitable,dodgerblue,YES,244.198803,2617.214652,9.32056499999999
393000,4212000,CB5MH_MD,31.16798,1e+06,4.32,78.19,393000 4212000,9.5,Suitable,dodgerblue,YES,244.198803,2617.214652,9.32056499999999
393000,4212000,CB5MH_MD,24.6063,1e+06,5.05,78.12,393000 4212000,7.5,Suitable,dodgerblue,YES,244.198803,2617.214652,9.32056499999999
393000,4212000,CB5MH_MD,8.2021,1e+06,7.74,78.32,393000 4212000,2.5,Suitable,dodgerblue,YES,244.198803,2617.214652,9.32056499999999
393000,4212000,CB5MH_MD,41.0105,1e+06,2.87,78.47,393000 4212000,12.5,Marginal,orange,YES,244.198803,2617.214652,9.32056499999999
393000,4212000,CB5MH_MD,67.25722,1e+06,2.03,78.57,393000 4212000,20.5,Marginal,orange,YES,244.198803,2617.214652,9.32056499999999
393000,4212000,CB5MH_MD,37.72966,1e+06,3.62,78.34,393000 4212000,11.5,Tolerable,yellow,YES,244.198803,2617.214652,9.32056499999999
393000,4212000,CB5MH_MD,27.88714,1e+06,4.46,78.15,393000 4212000,8.5,Suitable,dodgerblue,YES,244.198803,2617.214652,9.32056499999999
393000,4212000,CB5MH_MD,21.32546,1e+06,5.79,78.06,393000 4212000,6.5,Suitable,dodgerblue,YES,244.198803,2617.214652,9.32056499999999
393000,4212000,CB5MH_MD,14.76378,1e+06,7.04,78.09,393000 4212000,4.5,Suitable,dodgerblue,YES,244.198803,2617.214652,9.32056499999999
393000,4212000,CB5MH_MD,54.13386,1e+06,2.08,78.46,393000 4212000,16.5,Marginal,orange,YES,244.198803,2617.214652,9.32056499999999
393000,4212000,CB5MH_MD,77.09974,1e+06,1.87,78.57,393000 4212000,23.5,Unsuitable,black,YES,244.198803,2617.214652,9.32056499999999
393000,4212000,CB5MH_MD,70.53806,1e+06,1.98,78.57,393000 4212000,21.5,Unsuitable,black,YES,244.198803,2617.214652,9.32056499999999
393000,4212000,CB5MH_MD,73.8189,1e+06,1.91,78.57,393000 4212000,22.5,Unsuitable,black,YES,244.198803,2617.214652,9.32056499999999
393000,4212000,CB5MH_MD,63.97638,1e+06,2.06,78.57,393000 4212000,19.5,Marginal,orange,YES,244.198803,2617.214652,9.32056499999999
393000,4212000,CB5MH_MD,34.44882,1e+06,4.2,78.22,393000 4212000,10.5,Suitable,dodgerblue,YES,244.198803,2617.214652,9.32056499999999
393000,4212000,CB5MH_MD,50.85302,1e+06,2.13,78.46,393000 4212000,15.5,Marginal,orange,YES,244.198803,2617.214652,9.32056499999999
393000,4212000,CB5MH_MD,60.69554,1e+06,2.12,78.54,393000 4212000,18.5,Marginal,orange,YES,244.198803,2617.214652,9.32056499999999
393000,4212000,CB5MH_MD,57.4147,1e+06,2.02,78.48,393000 4212000,17.5,Marginal,orange,YES,244.198803,2617.214652,9.32056499999999
393000,4212000,CB5MH_MD,80.38058,1e+06,0.93,78.3,393000 4212000,24.5,Unsuitable,black,YES,244.198803,2617.214652,9.32056499999999
393000,4213000,CB5MH_MD,27.88714,1e+06,4.39,78.14,393000 4213000,8.5,Suitable,dodgerblue,YES,244.198803,2617.836023,9.94193599999971
393000,4213000,CB5MH_MD,50.85302,1e+06,2.07,78.43,393000 4213000,15.5,Marginal,orange,YES,244.198803,2617.836023,9.94193599999971
393000,4213000,CB5MH_MD,73.8189,1e+06,1.72,78.51,393000 4213000,22.5,Unsuitable,black,YES,244.198803,2617.836023,9.94193599999971
393000,4213000,CB5MH_MD,60.69554,1e+06,1.96,78.49,393000 4213000,18.5,Unsuitable,black,YES,244.198803,2617.836023,9.94193599999971
393000,4213000,CB5MH_MD,4.92126,1e+06,7.94,78.5,393000 4213000,1.5,Suitable,dodgerblue,YES,244.198803,2617.836023,9.94193599999971
393000,4213000,CB5MH_MD,14.76378,1e+06,7.01,78.06,393000 4213000,4.5,Suitable,dodgerblue,YES,244.198803,2617.836023,9.94193599999971
393000,4213000,CB5MH_MD,1.64042,1e+06,7.96,78.5,393000 4213000,0.5,Suitable,dodgerblue,YES,244.198803,2617.836023,9.94193599999971
393000,4213000,CB5MH_MD,63.97638,1e+06,1.88,78.51,393000 4213000,19.5,Unsuitable,black,YES,244.198803,2617.836023,9.94193599999971
393000,4213000,CB5MH_MD,24.6063,1e+06,4.97,78.1,393000 4213000,7.5,Suitable,dodgerblue,YES,244.198803,2617.836023,9.94193599999971
393000,4213000,CB5MH_MD,57.4147,1e+06,1.95,78.45,393000 4213000,17.5,Unsuitable,black,YES,244.198803,2617.836023,9.94193599999971
393000,4213000,CB5MH_MD,67.25722,1e+06,1.85,78.51,393000 4213000,20.5,Unsuitable,black,YES,244.198803,2617.836023,9.94193599999971
393000,4213000,CB5MH_MD,70.53806,1e+06,1.79,78.51,393000 4213000,21.5,Unsuitable,black,YES,244.198803,2617.836023,9.94193599999971
393000,4213000,CB5MH_MD,8.2021,1e+06,7.73,78.31,393000 4213000,2.5,Suitable,dodgerblue,YES,244.198803,2617.836023,9.94193599999971
393000,4213000,CB5MH_MD,21.32546,1e+06,5.72,78.02,393000 4213000,6.5,Suitable,dodgerblue,YES,244.198803,2617.836023,9.94193599999971
393000,4213000,CB5MH_MD,54.13386,1e+06,2.02,78.43,393000 4213000,16.5,Marginal,orange,YES,244.198803,2617.836023,9.94193599999971
393000,4213000,CB5MH_MD,11.48294,1e+06,7.45,78.19,393000 4213000,3.5,Suitable,dodgerblue,YES,244.198803,2617.836023,9.94193599999971
393000,4213000,CB5MH_MD,47.57218,1e+06,2.17,78.43,393000 4213000,14.5,Marginal,orange,YES,244.198803,2617.836023,9.94193599999971
393000,4213000,CB5MH_MD,31.16798,1e+06,4.24,78.19,393000 4213000,9.5,Suitable,dodgerblue,YES,244.198803,2617.836023,9.94193599999971
393000,4213000,CB5MH_MD,18.04462,1e+06,6.37,77.97,393000 4213000,5.5,Suitable,dodgerblue,YES,244.198803,2617.836023,9.94193599999971
393000,4213000,CB5MH_MD,41.0105,1e+06,2.84,78.46,393000 4213000,12.5,Marginal,orange,YES,244.198803,2617.836023,9.94193599999971
393000,4213000,CB5MH_MD,44.29134,1e+06,2.35,78.47,393000 4213000,13.5,Marginal,orange,YES,244.198803,2617.836023,9.94193599999971
393000,4213000,CB5MH_MD,80.38058,1e+06,0.93,78.3,393000 4213000,24.5,Unsuitable,black,YES,244.198803,2617.836023,9.94193599999971
393000,4213000,CB5MH_MD,77.09974,1e+06,1.67,78.51,393000 4213000,23.5,Unsuitable,black,YES,244.198803,2617.836023,9.94193599999971
393000,4213000,CB5MH_MD,83.66142,1e+06,0.93,78.3,393000 4213000,25.5,Unsuitable,black,YES,244.198803,2617.836023,9.94193599999971
393000,4213000,CB5MH_MD,37.72966,1e+06,3.6,78.33,393000 4213000,11.5,Tolerable,yellow,YES,244.198803,2617.836023,9.94193599999971
393000,4213000,CB5MH_MD,34.44882,1e+06,4.13,78.23,393000 4213000,10.5,Suitable,dodgerblue,YES,244.198803,2617.836023,9.94193599999971
393000,4214000,CB5MH_MD,73.8189,1e+06,1.55,78.46,393000 4214000,22.5,Unsuitable,black,YES,244.198803,2618.457394,10.5633069999999
393000,4214000,CB5MH_MD,57.4147,1e+06,1.88,78.42,393000 4214000,17.5,Unsuitable,black,YES,244.198803,2618.457394,10.5633069999999
393000,4214000,CB5MH_MD,80.38058,1e+06,0.93,78.3,393000 4214000,24.5,Unsuitable,black,YES,244.198803,2618.457394,10.5633069999999
393000,4214000,CB5MH_MD,14.76378,1e+06,6.98,78.04,393000 4214000,4.5,Suitable,dodgerblue,YES,244.198803,2618.457394,10.5633069999999
393000,4214000,CB5MH_MD,50.85302,1e+06,2.01,78.41,393000 4214000,15.5,Marginal,orange,YES,244.198803,2618.457394,10.5633069999999
393000,4214000,CB5MH_MD,44.29134,1e+06,2.29,78.46,393000 4214000,13.5,Marginal,orange,YES,244.198803,2618.457394,10.5633069999999
393000,4214000,CB5MH_MD,67.25722,1e+06,1.69,78.46,393000 4214000,20.5,Unsuitable,black,YES,244.198803,2618.457394,10.5633069999999
393000,4214000,CB5MH_MD,77.09974,1e+06,1.5,78.46,393000 4214000,23.5,Unsuitable,black,YES,244.198803,2618.457394,10.5633069999999
393000,4214000,CB5MH_MD,31.16798,1e+06,4.15,78.19,393000 4214000,9.5,Suitable,dodgerblue,YES,244.198803,2618.457394,10.5633069999999
393000,4214000,CB5MH_MD,27.88714,1e+06,4.31,78.14,393000 4214000,8.5,Suitable,dodgerblue,YES,244.198803,2618.457394,10.5633069999999
393000,4214000,CB5MH_MD,21.32546,1e+06,5.65,77.98,393000 4214000,6.5,Suitable,dodgerblue,YES,244.198803,2618.457394,10.5633069999999
393000,4214000,CB5MH_MD,34.44882,1e+06,4.06,78.24,393000 4214000,10.5,Suitable,dodgerblue,YES,244.198803,2618.457394,10.5633069999999
393000,4214000,CB5MH_MD,54.13386,1e+06,1.96,78.41,393000 4214000,16.5,Unsuitable,black,YES,244.198803,2618.457394,10.5633069999999
393000,4214000,CB5MH_MD,41.0105,1e+06,2.82,78.45,393000 4214000,12.5,Marginal,orange,YES,244.198803,2618.457394,10.5633069999999
393000,4214000,CB5MH_MD,24.6063,1e+06,4.88,78.09,393000 4214000,7.5,Suitable,dodgerblue,YES,244.198803,2618.457394,10.5633069999999
393000,4214000,CB5MH_MD,60.69554,1e+06,1.82,78.44,393000 4214000,18.5,Unsuitable,black,YES,244.198803,2618.457394,10.5633069999999
393000,4214000,CB5MH_MD,47.57218,1e+06,2.11,78.41,393000 4214000,14.5,Marginal,orange,YES,244.198803,2618.457394,10.5633069999999
393000,4214000,CB5MH_MD,63.97638,1e+06,1.73,78.46,393000 4214000,19.5,Unsuitable,black,YES,244.198803,2618.457394,10.5633069999999
393000,4214000,CB5MH_MD,1.64042,1e+06,7.96,78.51,393000 4214000,0.5,Suitable,dodgerblue,YES,244.198803,2618.457394,10.5633069999999
393000,4214000,CB5MH_MD,37.72966,1e+06,3.59,78.32,393000 4214000,11.5,Tolerable,yellow,YES,244.198803,2618.457394,10.5633069999999
393000,4214000,CB5MH_MD,4.92126,1e+06,7.95,78.51,393000 4214000,1.5,Suitable,dodgerblue,YES,244.198803,2618.457394,10.5633069999999
393000,4214000,CB5MH_MD,70.53806,1e+06,1.63,78.46,393000 4214000,21.5,Unsuitable,black,YES,244.198803,2618.457394,10.5633069999999
393000,4214000,CB5MH_MD,11.48294,1e+06,7.42,78.17,393000 4214000,3.5,Suitable,dodgerblue,YES,244.198803,2618.457394,10.5633069999999
393000,4214000,CB5MH_MD,8.2021,1e+06,7.72,78.31,393000 4214000,2.5,Suitable,dodgerblue,YES,244.198803,2618.457394,10.5633069999999
393000,4214000,CB5MH_MD,18.04462,1e+06,6.34,77.92,393000 4214000,5.5,Suitable,dodgerblue,YES,244.198803,2618.457394,10.5633069999999
393000,4215000,CB5MH_MD,34.44882,1e+06,3.98,78.25,393000 4215000,10.5,Tolerable,yellow,YES,244.198803,2619.078765,11.1846780000001
393000,4215000,CB5MH_MD,70.53806,1e+06,1.5,78.41,393000 4215000,21.5,Unsuitable,black,YES,244.198803,2619.078765,11.1846780000001
393000,4215000,CB5MH_MD,63.97638,1e+06,1.6,78.41,393000 4215000,19.5,Unsuitable,black,YES,244.198803,2619.078765,11.1846780000001
393000,4215000,CB5MH_MD,21.32546,1e+06,5.58,77.94,393000 4215000,6.5,Suitable,dodgerblue,YES,244.198803,2619.078765,11.1846780000001
393000,4215000,CB5MH_MD,14.76378,1e+06,6.95,78.01,393000 4215000,4.5,Suitable,dodgerblue,YES,244.198803,2619.078765,11.1846780000001
393000,4215000,CB5MH_MD,31.16798,1e+06,4.06,78.19,393000 4215000,9.5,Suitable,dodgerblue,YES,244.198803,2619.078765,11.1846780000001
393000,4215000,CB5MH_MD,4.92126,1e+06,7.96,78.53,393000 4215000,1.5,Suitable,dodgerblue,YES,244.198803,2619.078765,11.1846780000001
393000,4215000,CB5MH_MD,18.04462,1e+06,6.31,77.87,393000 4215000,5.5,Suitable,dodgerblue,YES,244.198803,2619.078765,11.1846780000001
393000,4215000,CB5MH_MD,57.4147,1e+06,1.81,78.39,393000 4215000,17.5,Unsuitable,black,YES,244.198803,2619.078765,11.1846780000001
393000,4215000,CB5MH_MD,47.57218,1e+06,2.06,78.38,393000 4215000,14.5,Marginal,orange,YES,244.198803,2619.078765,11.1846780000001
393000,4215000,CB5MH_MD,8.2021,1e+06,7.71,78.31,393000 4215000,2.5,Suitable,dodgerblue,YES,244.198803,2619.078765,11.1846780000001
393000,4215000,CB5MH_MD,1.64042,1e+06,7.97,78.53,393000 4215000,0.5,Suitable,dodgerblue,YES,244.198803,2619.078765,11.1846780000001
393000,4215000,CB5MH_MD,44.29134,1e+06,2.23,78.45,393000 4215000,13.5,Marginal,orange,YES,244.198803,2619.078765,11.1846780000001
393000,4215000,CB5MH_MD,54.13386,1e+06,1.9,78.38,393000 4215000,16.5,Unsuitable,black,YES,244.198803,2619.078765,11.1846780000001
393000,4215000,CB5MH_MD,41.0105,1e+06,2.8,78.44,393000 4215000,12.5,Marginal,orange,YES,244.198803,2619.078765,11.1846780000001
393000,4215000,CB5MH_MD,67.25722,1e+06,1.56,78.41,393000 4215000,20.5,Unsuitable,black,YES,244.198803,2619.078765,11.1846780000001
393000,4215000,CB5MH_MD,24.6063,1e+06,4.79,78.07,393000 4215000,7.5,Suitable,dodgerblue,YES,244.198803,2619.078765,11.1846780000001
393000,4215000,CB5MH_MD,27.88714,1e+06,4.24,78.13,393000 4215000,8.5,Suitable,dodgerblue,YES,244.198803,2619.078765,11.1846780000001
393000,4215000,CB5MH_MD,50.85302,1e+06,1.95,78.38,393000 4215000,15.5,Unsuitable,black,YES,244.198803,2619.078765,11.1846780000001
393000,4215000,CB5MH_MD,60.69554,1e+06,1.7,78.4,393000 4215000,18.5,Unsuitable,black,YES,244.198803,2619.078765,11.1846780000001
393000,4215000,CB5MH_MD,11.48294,1e+06,7.39,78.16,393000 4215000,3.5,Suitable,dodgerblue,YES,244.198803,2619.078765,11.1846780000001
393000,4215000,CB5MH_MD,37.72966,1e+06,3.58,78.32,393000 4215000,11.5,Tolerable,yellow,YES,244.198803,2619.078765,11.1846780000001
393000,4218000,CB5MH_MD,63.97638,1e+06,1.35,78.33,393000 4218000,19.5,Unsuitable,black,YES,244.198803,2620.942878,13.0487909999997
393000,4218000,CB5MH_MD,18.04462,1e+06,6.24,77.76,393000 4218000,5.5,Suitable,dodgerblue,YES,244.198803,2620.942878,13.0487909999997
393000,4218000,CB5MH_MD,44.29134,1e+06,2.08,78.41,393000 4218000,13.5,Marginal,orange,YES,244.198803,2620.942878,13.0487909999997
393000,4218000,CB5MH_MD,34.44882,1e+06,3.73,78.28,393000 4218000,10.5,Tolerable,yellow,YES,244.198803,2620.942878,13.0487909999997
393000,4218000,CB5MH_MD,21.32546,1e+06,5.38,77.85,393000 4218000,6.5,Suitable,dodgerblue,YES,244.198803,2620.942878,13.0487909999997
393000,4218000,CB5MH_MD,47.57218,1e+06,1.92,78.32,393000 4218000,14.5,Unsuitable,black,YES,244.198803,2620.942878,13.0487909999997
393000,4218000,CB5MH_MD,70.53806,1e+06,1.23,78.33,393000 4218000,21.5,Unsuitable,black,YES,244.198803,2620.942878,13.0487909999997
393000,4218000,CB5MH_MD,77.09974,1e+06,1.06,78.33,393000 4218000,23.5,Unsuitable,black,YES,244.198803,2620.942878,13.0487909999997
393000,4218000,CB5MH_MD,4.92126,1e+06,7.99,78.57,393000 4218000,1.5,Suitable,dodgerblue,YES,244.198803,2620.942878,13.0487909999997
393000,4218000,CB5MH_MD,37.72966,1e+06,3.5,78.3,393000 4218000,11.5,Tolerable,yellow,YES,244.198803,2620.942878,13.0487909999997
393000,4218000,CB5MH_MD,41.0105,1e+06,2.72,78.41,393000 4218000,12.5,Marginal,orange,YES,244.198803,2620.942878,13.0487909999997
393000,4218000,CB5MH_MD,1.64042,1e+06,7.99,78.58,393000 4218000,0.5,Suitable,dodgerblue,YES,244.198803,2620.942878,13.0487909999997
393000,4218000,CB5MH_MD,27.88714,1e+06,4.01,78.11,393000 4218000,8.5,Suitable,dodgerblue,YES,244.198803,2620.942878,13.0487909999997
393000,4218000,CB5MH_MD,24.6063,1e+06,4.54,78.03,393000 4218000,7.5,Suitable,dodgerblue,YES,244.198803,2620.942878,13.0487909999997
393000,4218000,CB5MH_MD,31.16798,1e+06,3.75,78.2,393000 4218000,9.5,Tolerable,yellow,YES,244.198803,2620.942878,13.0487909999997
393000,4218000,CB5MH_MD,50.85302,1e+06,1.8,78.32,393000 4218000,15.5,Unsuitable,black,YES,244.198803,2620.942878,13.0487909999997
393000,4218000,CB5MH_MD,60.69554,1e+06,1.46,78.33,393000 4218000,18.5,Unsuitable,black,YES,244.198803,2620.942878,13.0487909999997
393000,4218000,CB5MH_MD,14.76378,1e+06,6.89,77.94,393000 4218000,4.5,Suitable,dodgerblue,YES,244.198803,2620.942878,13.0487909999997
393000,4218000,CB5MH_MD,57.4147,1e+06,1.64,78.33,393000 4218000,17.5,Unsuitable,black,YES,244.198803,2620.942878,13.0487909999997
393000,4218000,CB5MH_MD,54.13386,1e+06,1.76,78.32,393000 4218000,16.5,Unsuitable,black,YES,244.198803,2620.942878,13.0487909999997
393000,4218000,CB5MH_MD,67.25722,1e+06,1.3,78.33,393000 4218000,20.5,Unsuitable,black,YES,244.198803,2620.942878,13.0487909999997
393000,4218000,CB5MH_MD,8.2021,1e+06,7.71,78.3,393000 4218000,2.5,Suitable,dodgerblue,YES,244.198803,2620.942878,13.0487909999997
393000,4218000,CB5MH_MD,73.8189,1e+06,1.13,78.33,393000 4218000,22.5,Unsuitable,black,YES,244.198803,2620.942878,13.0487909999997
393000,4218000,CB5MH_MD,11.48294,1e+06,7.34,78.12,393000 4218000,3.5,Suitable,dodgerblue,YES,244.198803,2620.942878,13.0487909999997
393000,4219000,CB5MH_MD,31.16798,1e+06,3.72,78.2,393000 4219000,9.5,Tolerable,yellow,YES,244.198803,2621.564249,13.6701619999999
393000,4219000,CB5MH_MD,50.85302,1e+06,1.79,78.31,393000 4219000,15.5,Unsuitable,black,YES,244.198803,2621.564249,13.6701619999999
393000,4219000,CB5MH_MD,60.69554,1e+06,1.43,78.31,393000 4219000,18.5,Unsuitable,black,YES,244.198803,2621.564249,13.6701619999999
393000,4219000,CB5MH_MD,21.32546,1e+06,5.34,77.83,393000 4219000,6.5,Suitable,dodgerblue,YES,244.198803,2621.564249,13.6701619999999
393000,4219000,CB5MH_MD,18.04462,1e+06,6.22,77.74,393000 4219000,5.5,Suitable,dodgerblue,YES,244.198803,2621.564249,13.6701619999999
393000,4219000,CB5MH_MD,24.6063,1e+06,4.49,78.01,393000 4219000,7.5,Suitable,dodgerblue,YES,244.198803,2621.564249,13.6701619999999
393000,4219000,CB5MH_MD,57.4147,1e+06,1.62,78.31,393000 4219000,17.5,Unsuitable,black,YES,244.198803,2621.564249,13.6701619999999
393000,4219000,CB5MH_MD,106.6273,1e+06,0.77,78.3,393000 4219000,32.5,Unsuitable,black,YES,244.198803,2621.564249,13.6701619999999
393000,4219000,CB5MH_MD,96.78478,1e+06,0.7,78.3,393000 4219000,29.5,Unsuitable,black,YES,244.198803,2621.564249,13.6701619999999
393000,4219000,CB5MH_MD,54.13386,1e+06,1.74,78.31,393000 4219000,16.5,Unsuitable,black,YES,244.198803,2621.564249,13.6701619999999
393000,4219000,CB5MH_MD,27.88714,1e+06,3.98,78.11,393000 4219000,8.5,Tolerable,yellow,YES,244.198803,2621.564249,13.6701619999999
393000,4219000,CB5MH_MD,14.76378,1e+06,6.87,77.92,393000 4219000,4.5,Suitable,dodgerblue,YES,244.198803,2621.564249,13.6701619999999
393000,4219000,CB5MH_MD,1.64042,1e+06,7.99,78.59,393000 4219000,0.5,Suitable,dodgerblue,YES,244.198803,2621.564249,13.6701619999999
393000,4219000,CB5MH_MD,11.48294,1e+06,7.32,78.11,393000 4219000,3.5,Suitable,dodgerblue,YES,244.198803,2621.564249,13.6701619999999
393000,4219000,CB5MH_MD,47.57218,1e+06,1.91,78.31,393000 4219000,14.5,Unsuitable,black,YES,244.198803,2621.564249,13.6701619999999
393000,4219000,CB5MH_MD,90.2231,1e+06,1.05,78.3,393000 4219000,27.5,Unsuitable,black,YES,244.198803,2621.564249,13.6701619999999
393000,4219000,CB5MH_MD,100.06562,1e+06,0.7,78.3,393000 4219000,30.5,Unsuitable,black,YES,244.198803,2621.564249,13.6701619999999
393000,4219000,CB5MH_MD,119.75066,1e+06,0.8,78.3,393000 4219000,36.5,Unsuitable,black,YES,244.198803,2621.564249,13.6701619999999
393000,4219000,CB5MH_MD,4.92126,1e+06,7.99,78.59,393000 4219000,1.5,Suitable,dodgerblue,YES,244.198803,2621.564249,13.6701619999999
393000,4219000,CB5MH_MD,80.38058,1e+06,0.92,78.3,393000 4219000,24.5,Unsuitable,black,YES,244.198803,2621.564249,13.6701619999999
393000,4219000,CB5MH_MD,86.94226,1e+06,0.97,78.3,393000 4219000,26.5,Unsuitable,black,YES,244.198803,2621.564249,13.6701619999999
393000,4219000,CB5MH_MD,8.2021,1e+06,7.7,78.3,393000 4219000,2.5,Suitable,dodgerblue,YES,244.198803,2621.564249,13.6701619999999
393000,4219000,CB5MH_MD,113.18898,1e+06,0.8,78.3,393000 4219000,34.5,Unsuitable,black,YES,244.198803,2621.564249,13.6701619999999
393000,4219000,CB5MH_MD,109.90814,1e+06,0.8,78.3,393000 4219000,33.5,Unsuitable,black,YES,244.198803,2621.564249,13.6701619999999
393000,4219000,CB5MH_MD,63.97638,1e+06,1.31,78.31,393000 4219000,19.5,Unsuitable,black,YES,244.198803,2621.564249,13.6701619999999
393000,4219000,CB5MH_MD,93.50394,1e+06,0.7,78.3,393000 4219000,28.5,Unsuitable,black,YES,244.198803,2621.564249,13.6701619999999
393000,4219000,CB5MH_MD,44.29134,1e+06,2.06,78.41,393000 4219000,13.5,Marginal,orange,YES,244.198803,2621.564249,13.6701619999999
393000,4219000,CB5MH_MD,37.72966,1e+06,3.52,78.3,393000 4219000,11.5,Tolerable,yellow,YES,244.198803,2621.564249,13.6701619999999
393000,4219000,CB5MH_MD,83.66142,1e+06,0.92,78.3,393000 4219000,25.5,Unsuitable,black,YES,244.198803,2621.564249,13.6701619999999
393000,4219000,CB5MH_MD,103.34646,1e+06,0.73,78.3,393000 4219000,31.5,Unsuitable,black,YES,244.198803,2621.564249,13.6701619999999
393000,4219000,CB5MH_MD,41.0105,1e+06,2.73,78.4,393000 4219000,12.5,Marginal,orange,YES,244.198803,2621.564249,13.6701619999999
393000,4219000,CB5MH_MD,73.8189,1e+06,1.09,78.31,393000 4219000,22.5,Unsuitable,black,YES,244.198803,2621.564249,13.6701619999999
393000,4219000,CB5MH_MD,77.09974,1e+06,1.02,78.31,393000 4219000,23.5,Unsuitable,black,YES,244.198803,2621.564249,13.6701619999999
393000,4219000,CB5MH_MD,70.53806,1e+06,1.19,78.31,393000 4219000,21.5,Unsuitable,black,YES,244.198803,2621.564249,13.6701619999999
393000,4219000,CB5MH_MD,116.46982,1e+06,0.8,78.3,393000 4219000,35.5,Unsuitable,black,YES,244.198803,2621.564249,13.6701619999999
393000,4219000,CB5MH_MD,34.44882,1e+06,3.71,78.29,393000 4219000,10.5,Tolerable,yellow,YES,244.198803,2621.564249,13.6701619999999
393000,4219000,CB5MH_MD,67.25722,1e+06,1.26,78.31,393000 4219000,20.5,Unsuitable,black,YES,244.198803,2621.564249,13.6701619999999
393000,4220000,CB5MH_MD,24.6063,1e+06,4.47,78.01,393000 4220000,7.5,Suitable,dodgerblue,YES,244.198803,2622.18562,14.2915330000001
393000,4220000,CB5MH_MD,21.32546,1e+06,5.32,77.81,393000 4220000,6.5,Suitable,dodgerblue,YES,244.198803,2622.18562,14.2915330000001
393000,4220000,CB5MH_MD,4.92126,1e+06,8,78.59,393000 4220000,1.5,Suitable,dodgerblue,YES,244.198803,2622.18562,14.2915330000001
393000,4220000,CB5MH_MD,83.66142,1e+06,0.92,78.3,393000 4220000,25.5,Unsuitable,black,YES,244.198803,2622.18562,14.2915330000001
393000,4220000,CB5MH_MD,11.48294,1e+06,7.31,78.11,393000 4220000,3.5,Suitable,dodgerblue,YES,244.198803,2622.18562,14.2915330000001
393000,4220000,CB5MH_MD,8.2021,1e+06,7.7,78.3,393000 4220000,2.5,Suitable,dodgerblue,YES,244.198803,2622.18562,14.2915330000001
393000,4220000,CB5MH_MD,18.04462,1e+06,6.21,77.71,393000 4220000,5.5,Suitable,dodgerblue,YES,244.198803,2622.18562,14.2915330000001
393000,4220000,CB5MH_MD,54.13386,1e+06,1.73,78.31,393000 4220000,16.5,Unsuitable,black,YES,244.198803,2622.18562,14.2915330000001
393000,4220000,CB5MH_MD,1.64042,1e+06,8,78.6,393000 4220000,0.5,Suitable,dodgerblue,YES,244.198803,2622.18562,14.2915330000001
393000,4220000,CB5MH_MD,77.09974,1e+06,0.99,78.31,393000 4220000,23.5,Unsuitable,black,YES,244.198803,2622.18562,14.2915330000001
393000,4220000,CB5MH_MD,47.57218,1e+06,1.9,78.31,393000 4220000,14.5,Unsuitable,black,YES,244.198803,2622.18562,14.2915330000001
393000,4220000,CB5MH_MD,80.38058,1e+06,0.92,78.3,393000 4220000,24.5,Unsuitable,black,YES,244.198803,2622.18562,14.2915330000001
393000,4220000,CB5MH_MD,50.85302,1e+06,1.78,78.31,393000 4220000,15.5,Unsuitable,black,YES,244.198803,2622.18562,14.2915330000001
393000,4220000,CB5MH_MD,63.97638,1e+06,1.29,78.31,393000 4220000,19.5,Unsuitable,black,YES,244.198803,2622.18562,14.2915330000001
393000,4220000,CB5MH_MD,27.88714,1e+06,3.96,78.1,393000 4220000,8.5,Tolerable,yellow,YES,244.198803,2622.18562,14.2915330000001
393000,4220000,CB5MH_MD,31.16798,1e+06,3.71,78.2,393000 4220000,9.5,Tolerable,yellow,YES,244.198803,2622.18562,14.2915330000001
393000,4220000,CB5MH_MD,67.25722,1e+06,1.24,78.31,393000 4220000,20.5,Unsuitable,black,YES,244.198803,2622.18562,14.2915330000001
393000,4220000,CB5MH_MD,60.69554,1e+06,1.41,78.31,393000 4220000,18.5,Unsuitable,black,YES,244.198803,2622.18562,14.2915330000001
393000,4220000,CB5MH_MD,73.8189,1e+06,1.07,78.31,393000 4220000,22.5,Unsuitable,black,YES,244.198803,2622.18562,14.2915330000001
393000,4220000,CB5MH_MD,14.76378,1e+06,6.86,77.91,393000 4220000,4.5,Suitable,dodgerblue,YES,244.198803,2622.18562,14.2915330000001
393000,4220000,CB5MH_MD,70.53806,1e+06,1.16,78.31,393000 4220000,21.5,Unsuitable,black,YES,244.198803,2622.18562,14.2915330000001
393000,4220000,CB5MH_MD,57.4147,1e+06,1.61,78.31,393000 4220000,17.5,Unsuitable,black,YES,244.198803,2622.18562,14.2915330000001
393000,4220000,CB5MH_MD,44.29134,1e+06,2.05,78.4,393000 4220000,13.5,Marginal,orange,YES,244.198803,2622.18562,14.2915330000001
393000,4220000,CB5MH_MD,37.72966,1e+06,3.53,78.3,393000 4220000,11.5,Tolerable,yellow,YES,244.198803,2622.18562,14.2915330000001
393000,4220000,CB5MH_MD,34.44882,1e+06,3.7,78.3,393000 4220000,10.5,Tolerable,yellow,YES,244.198803,2622.18562,14.2915330000001
393000,4220000,CB5MH_MD,41.0105,1e+06,2.74,78.4,393000 4220000,12.5,Marginal,orange,YES,244.198803,2622.18562,14.2915330000001
393000,4343000,CB2OH,18.04462,1e+06,5.9,76.8,393000 4343000,5.5,Suitable,dodgerblue,YES,244.198803,2698.614253,90.7201660000001
393000,4343000,CB2OH,14.76378,1e+06,6.31,76.6,393000 4343000,4.5,Suitable,dodgerblue,YES,244.198803,2698.614253,90.7201660000001
393000,4343000,CB2OH,1.64042,1e+06,6.8,76.62,393000 4343000,0.5,Suitable,dodgerblue,YES,244.198803,2698.614253,90.7201660000001
393000,4343000,CB2OH,27.88714,1e+06,3.37,77.49,393000 4343000,8.5,Tolerable,yellow,YES,244.198803,2698.614253,90.7201660000001
393000,4343000,CB2OH,21.32546,1e+06,5.12,77.19,393000 4343000,6.5,Suitable,dodgerblue,YES,244.198803,2698.614253,90.7201660000001
393000,4343000,CB2OH,8.2021,1e+06,6.62,76.59,393000 4343000,2.5,Suitable,dodgerblue,YES,244.198803,2698.614253,90.7201660000001
393000,4343000,CB2OH,24.6063,1e+06,4.14,77.49,393000 4343000,7.5,Suitable,dodgerblue,YES,244.198803,2698.614253,90.7201660000001
393000,4343000,CB2OH,11.48294,1e+06,6.47,76.51,393000 4343000,3.5,Suitable,dodgerblue,YES,244.198803,2698.614253,90.7201660000001
393000,4343000,CB2OH,4.92126,1e+06,6.75,76.61,393000 4343000,1.5,Suitable,dodgerblue,YES,244.198803,2698.614253,90.7201660000001
393000,4344000,CB2OH,14.76378,1e+06,6.34,76.6,393000 4344000,4.5,Suitable,dodgerblue,YES,244.198803,2699.235624,91.3415369999998
393000,4344000,CB2OH,8.2021,1e+06,6.64,76.53,393000 4344000,2.5,Suitable,dodgerblue,YES,244.198803,2699.235624,91.3415369999998
393000,4344000,CB2OH,1.64042,1e+06,6.8,76.54,393000 4344000,0.5,Suitable,dodgerblue,YES,244.198803,2699.235624,91.3415369999998
393000,4344000,CB2OH,21.32546,1e+06,5.14,77.2,393000 4344000,6.5,Suitable,dodgerblue,YES,244.198803,2699.235624,91.3415369999998
393000,4344000,CB2OH,24.6063,1e+06,4.15,77.5,393000 4344000,7.5,Suitable,dodgerblue,YES,244.198803,2699.235624,91.3415369999998
393000,4344000,CB2OH,4.92126,1e+06,6.75,76.54,393000 4344000,1.5,Suitable,dodgerblue,YES,244.198803,2699.235624,91.3415369999998
393000,4344000,CB2OH,11.48294,1e+06,6.49,76.5,393000 4344000,3.5,Suitable,dodgerblue,YES,244.198803,2699.235624,91.3415369999998
393000,4344000,CB2OH,18.04462,1e+06,5.94,76.8,393000 4344000,5.5,Suitable,dodgerblue,YES,244.198803,2699.235624,91.3415369999998
393000,4345000,CB2OH,21.32546,1e+06,5.15,77.2,393000 4345000,6.5,Suitable,dodgerblue,YES,244.198803,2699.856995,91.962908
393000,4345000,CB2OH,4.92126,1e+06,6.75,76.5,393000 4345000,1.5,Suitable,dodgerblue,YES,244.198803,2699.856995,91.962908
393000,4345000,CB2OH,8.2021,1e+06,6.65,76.5,393000 4345000,2.5,Suitable,dodgerblue,YES,244.198803,2699.856995,91.962908
393000,4345000,CB2OH,18.04462,1e+06,5.95,76.8,393000 4345000,5.5,Suitable,dodgerblue,YES,244.198803,2699.856995,91.962908
393000,4345000,CB2OH,14.76378,1e+06,6.35,76.6,393000 4345000,4.5,Suitable,dodgerblue,YES,244.198803,2699.856995,91.962908
393000,4345000,CB2OH,11.48294,1e+06,6.5,76.5,393000 4345000,3.5,Suitable,dodgerblue,YES,244.198803,2699.856995,91.962908
393000,4345000,CB2OH,1.64042,1e+06,6.8,76.5,393000 4345000,0.5,Suitable,dodgerblue,YES,244.198803,2699.856995,91.962908
393000,4351000,CB2OH,31.16798,1e+06,2.9,77.5,393000 4351000,9.5,Marginal,orange,YES,244.198803,2703.585221,95.6911340000002
393000,4351000,CB2OH,8.2021,1e+06,6.64,77.66,393000 4351000,2.5,Suitable,dodgerblue,YES,244.198803,2703.585221,95.6911340000002
393000,4351000,CB2OH,18.04462,1e+06,6.17,76.8,393000 4351000,5.5,Suitable,dodgerblue,YES,244.198803,2703.585221,95.6911340000002
393000,4351000,CB2OH,37.72966,1e+06,2.55,77.5,393000 4351000,11.5,Marginal,orange,YES,244.198803,2703.585221,95.6911340000002
393000,4351000,CB2OH,11.48294,1e+06,6.61,76.59,393000 4351000,3.5,Suitable,dodgerblue,YES,244.198803,2703.585221,95.6911340000002
393000,4351000,CB2OH,14.76378,1e+06,6.48,76.66,393000 4351000,4.5,Suitable,dodgerblue,YES,244.198803,2703.585221,95.6911340000002
393000,4351000,CB2OH,27.88714,1e+06,4.43,77.39,393000 4351000,8.5,Suitable,dodgerblue,YES,244.198803,2703.585221,95.6911340000002
393000,4351000,CB2OH,4.92126,1e+06,6.92,78.07,393000 4351000,1.5,Suitable,dodgerblue,YES,244.198803,2703.585221,95.6911340000002
393000,4351000,CB2OH,1.64042,1e+06,7,78.1,393000 4351000,0.5,Suitable,dodgerblue,YES,244.198803,2703.585221,95.6911340000002
393000,4351000,CB2OH,34.44882,1e+06,2.75,77.5,393000 4351000,10.5,Marginal,orange,YES,244.198803,2703.585221,95.6911340000002
393000,4351000,CB2OH,21.32546,1e+06,5.65,77.05,393000 4351000,6.5,Suitable,dodgerblue,YES,244.198803,2703.585221,95.6911340000002
393000,4351000,CB2OH,24.6063,1e+06,4.98,77.32,393000 4351000,7.5,Suitable,dodgerblue,YES,244.198803,2703.585221,95.6911340000002
394000,4207000,CB5MH_MD,60.69554,1e+06,3.29,78.85,394000 4207000,18.5,Tolerable,yellow,YES,244.820174,2614.107797,6.21370999999999
394000,4207000,CB5MH_MD,57.4147,1e+06,2.82,78.66,394000 4207000,17.5,Marginal,orange,YES,244.820174,2614.107797,6.21370999999999
394000,4207000,CB5MH_MD,50.85302,1e+06,2.89,78.63,394000 4207000,15.5,Marginal,orange,YES,244.820174,2614.107797,6.21370999999999
394000,4207000,CB5MH_MD,77.09974,1e+06,3.27,78.91,394000 4207000,23.5,Tolerable,yellow,YES,244.820174,2614.107797,6.21370999999999
394000,4207000,CB5MH_MD,67.25722,1e+06,3.32,78.89,394000 4207000,20.5,Tolerable,yellow,YES,244.820174,2614.107797,6.21370999999999
394000,4207000,CB5MH_MD,1.64042,1e+06,8.05,78.38,394000 4207000,0.5,Suitable,dodgerblue,YES,244.820174,2614.107797,6.21370999999999
394000,4207000,CB5MH_MD,18.04462,1e+06,6.48,78.14,394000 4207000,5.5,Suitable,dodgerblue,YES,244.820174,2614.107797,6.21370999999999
394000,4207000,CB5MH_MD,63.97638,1e+06,3.29,78.91,394000 4207000,19.5,Tolerable,yellow,YES,244.820174,2614.107797,6.21370999999999
394000,4207000,CB5MH_MD,34.44882,1e+06,4.52,78.25,394000 4207000,10.5,Suitable,dodgerblue,YES,244.820174,2614.107797,6.21370999999999
394000,4207000,CB5MH_MD,47.57218,1e+06,2.97,78.62,394000 4207000,14.5,Marginal,orange,YES,244.820174,2614.107797,6.21370999999999
394000,4207000,CB5MH_MD,41.0105,1e+06,3.43,78.54,394000 4207000,12.5,Tolerable,yellow,YES,244.820174,2614.107797,6.21370999999999
394000,4207000,CB5MH_MD,54.13386,1e+06,2.85,78.63,394000 4207000,16.5,Marginal,orange,YES,244.820174,2614.107797,6.21370999999999
394000,4207000,CB5MH_MD,21.32546,1e+06,6.02,78.15,394000 4207000,6.5,Suitable,dodgerblue,YES,244.820174,2614.107797,6.21370999999999
394000,4207000,CB5MH_MD,31.16798,1e+06,4.67,78.21,394000 4207000,9.5,Suitable,dodgerblue,YES,244.820174,2614.107797,6.21370999999999
394000,4207000,CB5MH_MD,27.88714,1e+06,4.83,78.18,394000 4207000,8.5,Suitable,dodgerblue,YES,244.820174,2614.107797,6.21370999999999
394000,4207000,CB5MH_MD,44.29134,1e+06,3.13,78.59,394000 4207000,13.5,Tolerable,yellow,YES,244.820174,2614.107797,6.21370999999999
394000,4207000,CB5MH_MD,73.8189,1e+06,3.26,78.91,394000 4207000,22.5,Tolerable,yellow,YES,244.820174,2614.107797,6.21370999999999
394000,4207000,CB5MH_MD,80.38058,1e+06,1.89,78.39,394000 4207000,24.5,Unsuitable,black,YES,244.820174,2614.107797,6.21370999999999
394000,4207000,CB5MH_MD,24.6063,1e+06,5.42,78.15,394000 4207000,7.5,Suitable,dodgerblue,YES,244.820174,2614.107797,6.21370999999999
394000,4207000,CB5MH_MD,14.76378,1e+06,7.2,78.12,394000 4207000,4.5,Suitable,dodgerblue,YES,244.820174,2614.107797,6.21370999999999
394000,4207000,CB5MH_MD,70.53806,1e+06,3.29,78.89,394000 4207000,21.5,Tolerable,yellow,YES,244.820174,2614.107797,6.21370999999999
394000,4207000,CB5MH_MD,37.72966,1e+06,3.99,78.39,394000 4207000,11.5,Tolerable,yellow,YES,244.820174,2614.107797,6.21370999999999
394000,4207000,CB5MH_MD,4.92126,1e+06,8.03,78.38,394000 4207000,1.5,Suitable,dodgerblue,YES,244.820174,2614.107797,6.21370999999999
394000,4207000,CB5MH_MD,11.48294,1e+06,7.63,78.16,394000 4207000,3.5,Suitable,dodgerblue,YES,244.820174,2614.107797,6.21370999999999
394000,4207000,CB5MH_MD,8.2021,1e+06,7.86,78.25,394000 4207000,2.5,Suitable,dodgerblue,YES,244.820174,2614.107797,6.21370999999999
394000,4208000,CB5MH_MD,18.04462,1e+06,6.47,78.11,394000 4208000,5.5,Suitable,dodgerblue,YES,244.820174,2614.729168,6.83508099999972
394000,4208000,CB5MH_MD,73.8189,1e+06,3.06,78.84,394000 4208000,22.5,Tolerable,yellow,YES,244.820174,2614.729168,6.83508099999972
394000,4208000,CB5MH_MD,80.38058,1e+06,1.75,78.38,394000 4208000,24.5,Unsuitable,black,YES,244.820174,2614.729168,6.83508099999972
394000,4208000,CB5MH_MD,24.6063,1e+06,5.38,78.14,394000 4208000,7.5,Suitable,dodgerblue,YES,244.820174,2614.729168,6.83508099999972
394000,4208000,CB5MH_MD,70.53806,1e+06,3.09,78.83,394000 4208000,21.5,Tolerable,yellow,YES,244.820174,2614.729168,6.83508099999972
394000,4208000,CB5MH_MD,50.85302,1e+06,2.76,78.59,394000 4208000,15.5,Marginal,orange,YES,244.820174,2614.729168,6.83508099999972
394000,4208000,CB5MH_MD,34.44882,1e+06,4.49,78.23,394000 4208000,10.5,Suitable,dodgerblue,YES,244.820174,2614.729168,6.83508099999972
394000,4208000,CB5MH_MD,77.09974,1e+06,3.05,78.84,394000 4208000,23.5,Tolerable,yellow,YES,244.820174,2614.729168,6.83508099999972
394000,4208000,CB5MH_MD,14.76378,1e+06,7.17,78.11,394000 4208000,4.5,Suitable,dodgerblue,YES,244.820174,2614.729168,6.83508099999972
394000,4208000,CB5MH_MD,47.57218,1e+06,2.85,78.58,394000 4208000,14.5,Marginal,orange,YES,244.820174,2614.729168,6.83508099999972
394000,4208000,CB5MH_MD,54.13386,1e+06,2.72,78.59,394000 4208000,16.5,Marginal,orange,YES,244.820174,2614.729168,6.83508099999972
394000,4208000,CB5MH_MD,21.32546,1e+06,5.99,78.13,394000 4208000,6.5,Suitable,dodgerblue,YES,244.820174,2614.729168,6.83508099999972
394000,4208000,CB5MH_MD,57.4147,1e+06,2.69,78.62,394000 4208000,17.5,Marginal,orange,YES,244.820174,2614.729168,6.83508099999972
394000,4208000,CB5MH_MD,27.88714,1e+06,4.79,78.17,394000 4208000,8.5,Suitable,dodgerblue,YES,244.820174,2614.729168,6.83508099999972
394000,4208000,CB5MH_MD,67.25722,1e+06,3.13,78.83,394000 4208000,20.5,Tolerable,yellow,YES,244.820174,2614.729168,6.83508099999972
394000,4208000,CB5MH_MD,11.48294,1e+06,7.59,78.17,394000 4208000,3.5,Suitable,dodgerblue,YES,244.820174,2614.729168,6.83508099999972
394000,4208000,CB5MH_MD,8.2021,1e+06,7.83,78.26,394000 4208000,2.5,Suitable,dodgerblue,YES,244.820174,2614.729168,6.83508099999972
394000,4208000,CB5MH_MD,63.97638,1e+06,3.11,78.84,394000 4208000,19.5,Tolerable,yellow,YES,244.820174,2614.729168,6.83508099999972
394000,4208000,CB5MH_MD,41.0105,1e+06,3.34,78.52,394000 4208000,12.5,Tolerable,yellow,YES,244.820174,2614.729168,6.83508099999972
394000,4208000,CB5MH_MD,4.92126,1e+06,8,78.39,394000 4208000,1.5,Suitable,dodgerblue,YES,244.820174,2614.729168,6.83508099999972
394000,4208000,CB5MH_MD,37.72966,1e+06,3.94,78.37,394000 4208000,11.5,Tolerable,yellow,YES,244.820174,2614.729168,6.83508099999972
394000,4208000,CB5MH_MD,31.16798,1e+06,4.64,78.2,394000 4208000,9.5,Suitable,dodgerblue,YES,244.820174,2614.729168,6.83508099999972
394000,4208000,CB5MH_MD,1.64042,1e+06,8.02,78.39,394000 4208000,0.5,Suitable,dodgerblue,YES,244.820174,2614.729168,6.83508099999972
394000,4208000,CB5MH_MD,60.69554,1e+06,3.12,78.79,394000 4208000,18.5,Tolerable,yellow,YES,244.820174,2614.729168,6.83508099999972
394000,4208000,CB5MH_MD,44.29134,1e+06,3.01,78.56,394000 4208000,13.5,Tolerable,yellow,YES,244.820174,2614.729168,6.83508099999972
394000,4216000,CB5MH_MD,24.6063,1e+06,4.7,78.05,394000 4216000,7.5,Suitable,dodgerblue,YES,244.820174,2619.700136,11.8060489999998
394000,4216000,CB5MH_MD,70.53806,1e+06,1.41,78.38,394000 4216000,21.5,Unsuitable,black,YES,244.820174,2619.700136,11.8060489999998
394000,4216000,CB5MH_MD,21.32546,1e+06,5.5,77.91,394000 4216000,6.5,Suitable,dodgerblue,YES,244.820174,2619.700136,11.8060489999998
394000,4216000,CB5MH_MD,18.04462,1e+06,6.28,77.83,394000 4216000,5.5,Suitable,dodgerblue,YES,244.820174,2619.700136,11.8060489999998
394000,4216000,CB5MH_MD,60.69554,1e+06,1.62,78.38,394000 4216000,18.5,Unsuitable,black,YES,244.820174,2619.700136,11.8060489999998
394000,4216000,CB5MH_MD,14.76378,1e+06,6.93,77.98,394000 4216000,4.5,Suitable,dodgerblue,YES,244.820174,2619.700136,11.8060489999998
394000,4216000,CB5MH_MD,4.92126,1e+06,7.97,78.55,394000 4216000,1.5,Suitable,dodgerblue,YES,244.820174,2619.700136,11.8060489999998
394000,4216000,CB5MH_MD,50.85302,1e+06,1.92,78.36,394000 4216000,15.5,Unsuitable,black,YES,244.820174,2619.700136,11.8060489999998
394000,4216000,CB5MH_MD,57.4147,1e+06,1.77,78.37,394000 4216000,17.5,Unsuitable,black,YES,244.820174,2619.700136,11.8060489999998
394000,4216000,CB5MH_MD,1.64042,1e+06,7.98,78.55,394000 4216000,0.5,Suitable,dodgerblue,YES,244.820174,2619.700136,11.8060489999998
394000,4216000,CB5MH_MD,8.2021,1e+06,7.72,78.31,394000 4216000,2.5,Suitable,dodgerblue,YES,244.820174,2619.700136,11.8060489999998
394000,4216000,CB5MH_MD,37.72966,1e+06,3.58,78.31,394000 4216000,11.5,Tolerable,yellow,YES,244.820174,2619.700136,11.8060489999998
394000,4216000,CB5MH_MD,41.0105,1e+06,2.8,78.43,394000 4216000,12.5,Marginal,orange,YES,244.820174,2619.700136,11.8060489999998
394000,4216000,CB5MH_MD,11.48294,1e+06,7.37,78.14,394000 4216000,3.5,Suitable,dodgerblue,YES,244.820174,2619.700136,11.8060489999998
394000,4216000,CB5MH_MD,31.16798,1e+06,3.96,78.19,394000 4216000,9.5,Tolerable,yellow,YES,244.820174,2619.700136,11.8060489999998
394000,4216000,CB5MH_MD,34.44882,1e+06,3.9,78.27,394000 4216000,10.5,Tolerable,yellow,YES,244.820174,2619.700136,11.8060489999998
394000,4216000,CB5MH_MD,47.57218,1e+06,2.03,78.36,394000 4216000,14.5,Marginal,orange,YES,244.820174,2619.700136,11.8060489999998
394000,4216000,CB5MH_MD,44.29134,1e+06,2.19,78.44,394000 4216000,13.5,Marginal,orange,YES,244.820174,2619.700136,11.8060489999998
394000,4216000,CB5MH_MD,67.25722,1e+06,1.47,78.38,394000 4216000,20.5,Unsuitable,black,YES,244.820174,2619.700136,11.8060489999998
394000,4216000,CB5MH_MD,54.13386,1e+06,1.87,78.36,394000 4216000,16.5,Unsuitable,black,YES,244.820174,2619.700136,11.8060489999998
394000,4216000,CB5MH_MD,63.97638,1e+06,1.52,78.38,394000 4216000,19.5,Unsuitable,black,YES,244.820174,2619.700136,11.8060489999998
394000,4216000,CB5MH_MD,27.88714,1e+06,4.16,78.12,394000 4216000,8.5,Suitable,dodgerblue,YES,244.820174,2619.700136,11.8060489999998
394000,4217000,CB5MH_MD,44.29134,1e+06,2.15,78.42,394000 4217000,13.5,Marginal,orange,YES,244.820174,2620.321507,12.42742
394000,4217000,CB5MH_MD,34.44882,1e+06,3.84,78.28,394000 4217000,10.5,Tolerable,yellow,YES,244.820174,2620.321507,12.42742
394000,4217000,CB5MH_MD,41.0105,1e+06,2.78,78.42,394000 4217000,12.5,Marginal,orange,YES,244.820174,2620.321507,12.42742
394000,4217000,CB5MH_MD,21.32546,1e+06,5.44,77.87,394000 4217000,6.5,Suitable,dodgerblue,YES,244.820174,2620.321507,12.42742
394000,4217000,CB5MH_MD,63.97638,1e+06,1.43,78.36,394000 4217000,19.5,Unsuitable,black,YES,244.820174,2620.321507,12.42742
394000,4217000,CB5MH_MD,27.88714,1e+06,4.1,78.11,394000 4217000,8.5,Suitable,dodgerblue,YES,244.820174,2620.321507,12.42742
394000,4217000,CB5MH_MD,37.72966,1e+06,3.57,78.31,394000 4217000,11.5,Tolerable,yellow,YES,244.820174,2620.321507,12.42742
394000,4217000,CB5MH_MD,54.13386,1e+06,1.82,78.34,394000 4217000,16.5,Unsuitable,black,YES,244.820174,2620.321507,12.42742
394000,4217000,CB5MH_MD,70.53806,1e+06,1.32,78.36,394000 4217000,21.5,Unsuitable,black,YES,244.820174,2620.321507,12.42742
394000,4217000,CB5MH_MD,18.04462,1e+06,6.26,77.79,394000 4217000,5.5,Suitable,dodgerblue,YES,244.820174,2620.321507,12.42742
394000,4217000,CB5MH_MD,14.76378,1e+06,6.9,77.95,394000 4217000,4.5,Suitable,dodgerblue,YES,244.820174,2620.321507,12.42742
394000,4217000,CB5MH_MD,8.2021,1e+06,7.71,78.3,394000 4217000,2.5,Suitable,dodgerblue,YES,244.820174,2620.321507,12.42742
394000,4217000,CB5MH_MD,60.69554,1e+06,1.55,78.35,394000 4217000,18.5,Unsuitable,black,YES,244.820174,2620.321507,12.42742
394000,4217000,CB5MH_MD,24.6063,1e+06,4.62,78.03,394000 4217000,7.5,Suitable,dodgerblue,YES,244.820174,2620.321507,12.42742
394000,4217000,CB5MH_MD,67.25722,1e+06,1.39,78.36,394000 4217000,20.5,Unsuitable,black,YES,244.820174,2620.321507,12.42742
394000,4217000,CB5MH_MD,50.85302,1e+06,1.87,78.34,394000 4217000,15.5,Unsuitable,black,YES,244.820174,2620.321507,12.42742
394000,4217000,CB5MH_MD,57.4147,1e+06,1.72,78.35,394000 4217000,17.5,Unsuitable,black,YES,244.820174,2620.321507,12.42742
394000,4217000,CB5MH_MD,31.16798,1e+06,3.88,78.2,394000 4217000,9.5,Tolerable,yellow,YES,244.820174,2620.321507,12.42742
394000,4217000,CB5MH_MD,47.57218,1e+06,1.99,78.34,394000 4217000,14.5,Unsuitable,black,YES,244.820174,2620.321507,12.42742
394000,4217000,CB5MH_MD,11.48294,1e+06,7.35,78.13,394000 4217000,3.5,Suitable,dodgerblue,YES,244.820174,2620.321507,12.42742
394000,4217000,CB5MH_MD,4.92126,1e+06,7.98,78.57,394000 4217000,1.5,Suitable,dodgerblue,YES,244.820174,2620.321507,12.42742
394000,4217000,CB5MH_MD,1.64042,1e+06,7.99,78.57,394000 4217000,0.5,Suitable,dodgerblue,YES,244.820174,2620.321507,12.42742
394000,4348000,CB2OH,14.76378,1e+06,6.35,76.61,394000 4348000,4.5,Suitable,dodgerblue,YES,244.820174,2701.721108,93.8270210000001
394000,4348000,CB2OH,11.48294,1e+06,6.51,76.53,394000 4348000,3.5,Suitable,dodgerblue,YES,244.820174,2701.721108,93.8270210000001
394000,4348000,CB2OH,1.64042,1e+06,6.85,76.78,394000 4348000,0.5,Suitable,dodgerblue,YES,244.820174,2701.721108,93.8270210000001
394000,4348000,CB2OH,18.04462,1e+06,5.98,76.8,394000 4348000,5.5,Suitable,dodgerblue,YES,244.820174,2701.721108,93.8270210000001
394000,4348000,CB2OH,4.92126,1e+06,6.79,76.77,394000 4348000,1.5,Suitable,dodgerblue,YES,244.820174,2701.721108,93.8270210000001
394000,4348000,CB2OH,21.32546,1e+06,5.25,77.16,394000 4348000,6.5,Suitable,dodgerblue,YES,244.820174,2701.721108,93.8270210000001
394000,4348000,CB2OH,8.2021,1e+06,6.64,76.72,394000 4348000,2.5,Suitable,dodgerblue,YES,244.820174,2701.721108,93.8270210000001
394000,4349000,CB2OH,21.32546,1e+06,5.37,77.12,394000 4349000,6.5,Suitable,dodgerblue,YES,244.820174,2702.342479,94.4483919999998
394000,4349000,CB2OH,27.88714,1e+06,3.87,77.45,394000 4349000,8.5,Tolerable,yellow,YES,244.820174,2702.342479,94.4483919999998
394000,4349000,CB2OH,4.92126,1e+06,6.85,77.33,394000 4349000,1.5,Suitable,dodgerblue,YES,244.820174,2702.342479,94.4483919999998
394000,4349000,CB2OH,24.6063,1e+06,4.54,77.41,394000 4349000,7.5,Suitable,dodgerblue,YES,244.820174,2702.342479,94.4483919999998
394000,4349000,CB2OH,11.48294,1e+06,6.55,76.54,394000 4349000,3.5,Suitable,dodgerblue,YES,244.820174,2702.342479,94.4483919999998
394000,4349000,CB2OH,1.64042,1e+06,6.91,77.35,394000 4349000,0.5,Suitable,dodgerblue,YES,244.820174,2702.342479,94.4483919999998
394000,4349000,CB2OH,14.76378,1e+06,6.4,76.63,394000 4349000,4.5,Suitable,dodgerblue,YES,244.820174,2702.342479,94.4483919999998
394000,4349000,CB2OH,18.04462,1e+06,6.03,76.8,394000 4349000,5.5,Suitable,dodgerblue,YES,244.820174,2702.342479,94.4483919999998
394000,4349000,CB2OH,8.2021,1e+06,6.65,76.85,394000 4349000,2.5,Suitable,dodgerblue,YES,244.820174,2702.342479,94.4483919999998
394000,4350000,CB2OH,11.48294,1e+06,6.59,76.57,394000 4350000,3.5,Suitable,dodgerblue,YES,244.820174,2702.96385,95.069763
394000,4350000,CB2OH,8.2021,1e+06,6.65,77.36,394000 4350000,2.5,Suitable,dodgerblue,YES,244.820174,2702.96385,95.069763
394000,4350000,CB2OH,14.76378,1e+06,6.45,76.65,394000 4350000,4.5,Suitable,dodgerblue,YES,244.820174,2702.96385,95.069763
394000,4350000,CB2OH,18.04462,1e+06,6.12,76.8,394000 4350000,5.5,Suitable,dodgerblue,YES,244.820174,2702.96385,95.069763
394000,4350000,CB2OH,1.64042,1e+06,6.95,77.66,394000 4350000,0.5,Suitable,dodgerblue,YES,244.820174,2702.96385,95.069763
394000,4350000,CB2OH,4.92126,1e+06,6.89,77.64,394000 4350000,1.5,Suitable,dodgerblue,YES,244.820174,2702.96385,95.069763
394000,4350000,CB2OH,21.32546,1e+06,5.55,77.08,394000 4350000,6.5,Suitable,dodgerblue,YES,244.820174,2702.96385,95.069763
395000,4204000,CB5MH_MD,8.2021,1e+06,8.1,78.19,395000 4204000,2.5,Suitable,dodgerblue,YES,245.441545,2612.243684,4.3495969999999
395000,4204000,CB5MH_MD,24.6063,1e+06,5.53,78.19,395000 4204000,7.5,Suitable,dodgerblue,YES,245.441545,2612.243684,4.3495969999999
395000,4204000,CB5MH_MD,1.64042,1e+06,8.22,78.27,395000 4204000,0.5,Suitable,dodgerblue,YES,245.441545,2612.243684,4.3495969999999
395000,4204000,CB5MH_MD,54.13386,1e+06,3.36,78.77,395000 4204000,16.5,Tolerable,yellow,YES,245.441545,2612.243684,4.3495969999999
395000,4204000,CB5MH_MD,21.32546,1e+06,6.09,78.2,395000 4204000,6.5,Suitable,dodgerblue,YES,245.441545,2612.243684,4.3495969999999
395000,4204000,CB5MH_MD,4.92126,1e+06,8.21,78.28,395000 4204000,1.5,Suitable,dodgerblue,YES,245.441545,2612.243684,4.3495969999999
395000,4204000,CB5MH_MD,41.0105,1e+06,3.79,78.63,395000 4204000,12.5,Tolerable,yellow,YES,245.441545,2612.243684,4.3495969999999
395000,4204000,CB5MH_MD,27.88714,1e+06,4.89,78.25,395000 4204000,8.5,Suitable,dodgerblue,YES,245.441545,2612.243684,4.3495969999999
395000,4204000,CB5MH_MD,14.76378,1e+06,7.33,78.14,395000 4204000,4.5,Suitable,dodgerblue,YES,245.441545,2612.243684,4.3495969999999
395000,4204000,CB5MH_MD,11.48294,1e+06,7.9,78.1,395000 4204000,3.5,Suitable,dodgerblue,YES,245.441545,2612.243684,4.3495969999999
395000,4204000,CB5MH_MD,44.29134,1e+06,3.58,78.7,395000 4204000,13.5,Tolerable,yellow,YES,245.441545,2612.243684,4.3495969999999
395000,4204000,CB5MH_MD,50.85302,1e+06,3.4,78.77,395000 4204000,15.5,Tolerable,yellow,YES,245.441545,2612.243684,4.3495969999999
395000,4204000,CB5MH_MD,37.72966,1e+06,4.18,78.49,395000 4204000,11.5,Suitable,dodgerblue,YES,245.441545,2612.243684,4.3495969999999
395000,4204000,CB5MH_MD,18.04462,1e+06,6.54,78.19,395000 4204000,5.5,Suitable,dodgerblue,YES,245.441545,2612.243684,4.3495969999999
395000,4204000,CB5MH_MD,34.44882,1e+06,4.55,78.37,395000 4204000,10.5,Suitable,dodgerblue,YES,245.441545,2612.243684,4.3495969999999
395000,4204000,CB5MH_MD,47.57218,1e+06,3.46,78.76,395000 4204000,14.5,Tolerable,yellow,YES,245.441545,2612.243684,4.3495969999999
395000,4204000,CB5MH_MD,31.16798,1e+06,4.67,78.3,395000 4204000,9.5,Suitable,dodgerblue,YES,245.441545,2612.243684,4.3495969999999
395000,4205000,CB5MH_MD,8.2021,1e+06,8.04,78.2,395000 4205000,2.5,Suitable,dodgerblue,YES,245.441545,2612.865055,4.97096800000008
395000,4205000,CB5MH_MD,1.64042,1e+06,8.17,78.28,395000 4205000,0.5,Suitable,dodgerblue,YES,245.441545,2612.865055,4.97096800000008
395000,4205000,CB5MH_MD,83.66142,1e+06,2.21,78.42,395000 4205000,25.5,Marginal,orange,YES,245.441545,2612.865055,4.97096800000008
395000,4205000,CB5MH_MD,11.48294,1e+06,7.85,78.11,395000 4205000,3.5,Suitable,dodgerblue,YES,245.441545,2612.865055,4.97096800000008
395000,4205000,CB5MH_MD,57.4147,1e+06,3.2,78.77,395000 4205000,17.5,Tolerable,yellow,YES,245.441545,2612.865055,4.97096800000008
395000,4205000,CB5MH_MD,4.92126,1e+06,8.16,78.29,395000 4205000,1.5,Suitable,dodgerblue,YES,245.441545,2612.865055,4.97096800000008
395000,4205000,CB5MH_MD,67.25722,1e+06,3.68,79.02,395000 4205000,20.5,Tolerable,yellow,YES,245.441545,2612.865055,4.97096800000008
395000,4205000,CB5MH_MD,18.04462,1e+06,6.52,78.18,395000 4205000,5.5,Suitable,dodgerblue,YES,245.441545,2612.865055,4.97096800000008
395000,4205000,CB5MH_MD,44.29134,1e+06,3.45,78.66,395000 4205000,13.5,Tolerable,yellow,YES,245.441545,2612.865055,4.97096800000008
395000,4205000,CB5MH_MD,60.69554,1e+06,3.62,78.96,395000 4205000,18.5,Tolerable,yellow,YES,245.441545,2612.865055,4.97096800000008
395000,4205000,CB5MH_MD,47.57218,1e+06,3.32,78.71,395000 4205000,14.5,Tolerable,yellow,YES,245.441545,2612.865055,4.97096800000008
395000,4205000,CB5MH_MD,63.97638,1e+06,3.65,79.03,395000 4205000,19.5,Tolerable,yellow,YES,245.441545,2612.865055,4.97096800000008
395000,4205000,CB5MH_MD,54.13386,1e+06,3.22,78.72,395000 4205000,16.5,Tolerable,yellow,YES,245.441545,2612.865055,4.97096800000008
395000,4205000,CB5MH_MD,21.32546,1e+06,6.07,78.18,395000 4205000,6.5,Suitable,dodgerblue,YES,245.441545,2612.865055,4.97096800000008
395000,4205000,CB5MH_MD,14.76378,1e+06,7.29,78.13,395000 4205000,4.5,Suitable,dodgerblue,YES,245.441545,2612.865055,4.97096800000008
395000,4205000,CB5MH_MD,41.0105,1e+06,3.69,78.6,395000 4205000,12.5,Tolerable,yellow,YES,245.441545,2612.865055,4.97096800000008
395000,4205000,CB5MH_MD,77.09974,1e+06,3.67,79.03,395000 4205000,23.5,Tolerable,yellow,YES,245.441545,2612.865055,4.97096800000008
395000,4205000,CB5MH_MD,50.85302,1e+06,3.26,78.72,395000 4205000,15.5,Tolerable,yellow,YES,245.441545,2612.865055,4.97096800000008
395000,4205000,CB5MH_MD,31.16798,1e+06,4.67,78.27,395000 4205000,9.5,Suitable,dodgerblue,YES,245.441545,2612.865055,4.97096800000008
395000,4205000,CB5MH_MD,27.88714,1e+06,4.88,78.23,395000 4205000,8.5,Suitable,dodgerblue,YES,245.441545,2612.865055,4.97096800000008
395000,4205000,CB5MH_MD,70.53806,1e+06,3.66,79.02,395000 4205000,21.5,Tolerable,yellow,YES,245.441545,2612.865055,4.97096800000008
395000,4205000,CB5MH_MD,73.8189,1e+06,3.65,79.03,395000 4205000,22.5,Tolerable,yellow,YES,245.441545,2612.865055,4.97096800000008
395000,4205000,CB5MH_MD,80.38058,1e+06,2.23,78.42,395000 4205000,24.5,Marginal,orange,YES,245.441545,2612.865055,4.97096800000008
395000,4205000,CB5MH_MD,34.44882,1e+06,4.55,78.33,395000 4205000,10.5,Suitable,dodgerblue,YES,245.441545,2612.865055,4.97096800000008
395000,4205000,CB5MH_MD,37.72966,1e+06,4.13,78.46,395000 4205000,11.5,Suitable,dodgerblue,YES,245.441545,2612.865055,4.97096800000008
395000,4205000,CB5MH_MD,24.6063,1e+06,5.5,78.18,395000 4205000,7.5,Suitable,dodgerblue,YES,245.441545,2612.865055,4.97096800000008
395000,4206000,CB5MH_MD,60.69554,1e+06,3.48,78.91,395000 4206000,18.5,Tolerable,yellow,YES,245.441545,2613.486426,5.59233899999981
395000,4206000,CB5MH_MD,57.4147,1e+06,3.05,78.72,395000 4206000,17.5,Tolerable,yellow,YES,245.441545,2613.486426,5.59233899999981
395000,4206000,CB5MH_MD,4.92126,1e+06,8.12,78.3,395000 4206000,1.5,Suitable,dodgerblue,YES,245.441545,2613.486426,5.59233899999981
395000,4206000,CB5MH_MD,63.97638,1e+06,3.5,78.98,395000 4206000,19.5,Tolerable,yellow,YES,245.441545,2613.486426,5.59233899999981
395000,4206000,CB5MH_MD,37.72966,1e+06,4.08,78.43,395000 4206000,11.5,Suitable,dodgerblue,YES,245.441545,2613.486426,5.59233899999981
395000,4206000,CB5MH_MD,21.32546,1e+06,6.04,78.16,395000 4206000,6.5,Suitable,dodgerblue,YES,245.441545,2613.486426,5.59233899999981
395000,4206000,CB5MH_MD,27.88714,1e+06,4.85,78.21,395000 4206000,8.5,Suitable,dodgerblue,YES,245.441545,2613.486426,5.59233899999981
395000,4206000,CB5MH_MD,18.04462,1e+06,6.5,78.16,395000 4206000,5.5,Suitable,dodgerblue,YES,245.441545,2613.486426,5.59233899999981
395000,4206000,CB5MH_MD,44.29134,1e+06,3.33,78.63,395000 4206000,13.5,Tolerable,yellow,YES,245.441545,2613.486426,5.59233899999981
395000,4206000,CB5MH_MD,24.6063,1e+06,5.46,78.17,395000 4206000,7.5,Suitable,dodgerblue,YES,245.441545,2613.486426,5.59233899999981
395000,4206000,CB5MH_MD,34.44882,1e+06,4.53,78.3,395000 4206000,10.5,Suitable,dodgerblue,YES,245.441545,2613.486426,5.59233899999981
395000,4206000,CB5MH_MD,31.16798,1e+06,4.67,78.25,395000 4206000,9.5,Suitable,dodgerblue,YES,245.441545,2613.486426,5.59233899999981
395000,4206000,CB5MH_MD,14.76378,1e+06,7.26,78.12,395000 4206000,4.5,Suitable,dodgerblue,YES,245.441545,2613.486426,5.59233899999981
395000,4206000,CB5MH_MD,8.2021,1e+06,7.99,78.21,395000 4206000,2.5,Suitable,dodgerblue,YES,245.441545,2613.486426,5.59233899999981
395000,4206000,CB5MH_MD,47.57218,1e+06,3.19,78.67,395000 4206000,14.5,Tolerable,yellow,YES,245.441545,2613.486426,5.59233899999981
395000,4206000,CB5MH_MD,1.64042,1e+06,8.13,78.29,395000 4206000,0.5,Suitable,dodgerblue,YES,245.441545,2613.486426,5.59233899999981
395000,4206000,CB5MH_MD,41.0105,1e+06,3.59,78.58,395000 4206000,12.5,Tolerable,yellow,YES,245.441545,2613.486426,5.59233899999981
395000,4206000,CB5MH_MD,54.13386,1e+06,3.07,78.68,395000 4206000,16.5,Tolerable,yellow,YES,245.441545,2613.486426,5.59233899999981
395000,4206000,CB5MH_MD,11.48294,1e+06,7.79,78.12,395000 4206000,3.5,Suitable,dodgerblue,YES,245.441545,2613.486426,5.59233899999981
395000,4206000,CB5MH_MD,50.85302,1e+06,3.12,78.68,395000 4206000,15.5,Tolerable,yellow,YES,245.441545,2613.486426,5.59233899999981
395000,4352000,CB2OH,1.64042,1e+06,6.83,77.81,395000 4352000,0.5,Suitable,dodgerblue,YES,245.441545,2704.206592,96.3125049999999
395000,4352000,CB2OH,11.48294,1e+06,6.73,76.66,395000 4352000,3.5,Suitable,dodgerblue,YES,245.441545,2704.206592,96.3125049999999
395000,4352000,CB2OH,8.2021,1e+06,6.72,77.55,395000 4352000,2.5,Suitable,dodgerblue,YES,245.441545,2704.206592,96.3125049999999
395000,4352000,CB2OH,24.6063,1e+06,5.67,77.19,395000 4352000,7.5,Suitable,dodgerblue,YES,245.441545,2704.206592,96.3125049999999
395000,4352000,CB2OH,14.76378,1e+06,6.64,76.71,395000 4352000,4.5,Suitable,dodgerblue,YES,245.441545,2704.206592,96.3125049999999
395000,4352000,CB2OH,21.32546,1e+06,6.12,76.95,395000 4352000,6.5,Suitable,dodgerblue,YES,245.441545,2704.206592,96.3125049999999
395000,4352000,CB2OH,18.04462,1e+06,6.44,76.8,395000 4352000,5.5,Suitable,dodgerblue,YES,245.441545,2704.206592,96.3125049999999
395000,4352000,CB2OH,4.92126,1e+06,6.81,77.8,395000 4352000,1.5,Suitable,dodgerblue,YES,245.441545,2704.206592,96.3125049999999
396000,4199000,CB5MH_MD,4.92126,1e+06,8.44,78.27,396000 4199000,1.5,Suitable,dodgerblue,YES,246.062916,2609.136829,1.24274199999991
396000,4199000,CB5MH_MD,27.88714,1e+06,4.84,78.37,396000 4199000,8.5,Suitable,dodgerblue,YES,246.062916,2609.136829,1.24274199999991
396000,4199000,CB5MH_MD,14.76378,1e+06,7.51,78.18,396000 4199000,4.5,Suitable,dodgerblue,YES,246.062916,2609.136829,1.24274199999991
396000,4199000,CB5MH_MD,31.16798,1e+06,4.52,78.46,396000 4199000,9.5,Suitable,dodgerblue,YES,246.062916,2609.136829,1.24274199999991
396000,4199000,CB5MH_MD,24.6063,1e+06,5.57,78.28,396000 4199000,7.5,Suitable,dodgerblue,YES,246.062916,2609.136829,1.24274199999991
396000,4199000,CB5MH_MD,21.32546,1e+06,6.14,78.28,396000 4199000,6.5,Suitable,dodgerblue,YES,246.062916,2609.136829,1.24274199999991
396000,4199000,CB5MH_MD,1.64042,1e+06,8.44,78.27,396000 4199000,0.5,Suitable,dodgerblue,YES,246.062916,2609.136829,1.24274199999991
396000,4199000,CB5MH_MD,8.2021,1e+06,8.33,78.18,396000 4199000,2.5,Suitable,dodgerblue,YES,246.062916,2609.136829,1.24274199999991
396000,4199000,CB5MH_MD,18.04462,1e+06,6.63,78.28,396000 4199000,5.5,Suitable,dodgerblue,YES,246.062916,2609.136829,1.24274199999991
396000,4199000,CB5MH_MD,67.25722,1e+06,4.17,79.26,396000 4199000,20.5,Suitable,dodgerblue,YES,246.062916,2609.136829,1.24274199999991
396000,4199000,CB5MH_MD,73.8189,1e+06,4.19,79.26,396000 4199000,22.5,Suitable,dodgerblue,YES,246.062916,2609.136829,1.24274199999991
396000,4199000,CB5MH_MD,80.38058,1e+06,3.25,78.51,396000 4199000,24.5,Tolerable,yellow,YES,246.062916,2609.136829,1.24274199999991
396000,4199000,CB5MH_MD,63.97638,1e+06,4.12,79.26,396000 4199000,19.5,Suitable,dodgerblue,YES,246.062916,2609.136829,1.24274199999991
396000,4199000,CB5MH_MD,77.09974,1e+06,4.23,79.26,396000 4199000,23.5,Suitable,dodgerblue,YES,246.062916,2609.136829,1.24274199999991
396000,4199000,CB5MH_MD,11.48294,1e+06,8.13,78.08,396000 4199000,3.5,Suitable,dodgerblue,YES,246.062916,2609.136829,1.24274199999991
396000,4199000,CB5MH_MD,70.53806,1e+06,4.17,79.26,396000 4199000,21.5,Suitable,dodgerblue,YES,246.062916,2609.136829,1.24274199999991
396000,4199000,CB5MH_MD,60.69554,1e+06,4.03,79.17,396000 4199000,18.5,Suitable,dodgerblue,YES,246.062916,2609.136829,1.24274199999991
396000,4199000,CB5MH_MD,44.29134,1e+06,4.02,78.86,396000 4199000,13.5,Suitable,dodgerblue,YES,246.062916,2609.136829,1.24274199999991
396000,4199000,CB5MH_MD,57.4147,1e+06,3.9,79.05,396000 4199000,17.5,Tolerable,yellow,YES,246.062916,2609.136829,1.24274199999991
396000,4199000,CB5MH_MD,41.0105,1e+06,4.13,78.77,396000 4199000,12.5,Suitable,dodgerblue,YES,246.062916,2609.136829,1.24274199999991
396000,4199000,CB5MH_MD,50.85302,1e+06,3.95,78.96,396000 4199000,15.5,Tolerable,yellow,YES,246.062916,2609.136829,1.24274199999991
396000,4199000,CB5MH_MD,54.13386,1e+06,3.9,78.96,396000 4199000,16.5,Tolerable,yellow,YES,246.062916,2609.136829,1.24274199999991
396000,4199000,CB5MH_MD,34.44882,1e+06,4.45,78.56,396000 4199000,10.5,Suitable,dodgerblue,YES,246.062916,2609.136829,1.24274199999991
396000,4199000,CB5MH_MD,37.72966,1e+06,4.32,78.66,396000 4199000,11.5,Suitable,dodgerblue,YES,246.062916,2609.136829,1.24274199999991
396000,4199000,CB5MH_MD,47.57218,1e+06,3.96,78.96,396000 4199000,14.5,Tolerable,yellow,YES,246.062916,2609.136829,1.24274199999991
396000,4354000,CB2OH,31.16798,1e+06,2.85,77.5,396000 4354000,9.5,Marginal,orange,YES,246.062916,2705.449334,97.5552469999998
396000,4354000,CB2OH,21.32546,1e+06,6.63,76.85,396000 4354000,6.5,Suitable,dodgerblue,YES,246.062916,2705.449334,97.5552469999998
396000,4354000,CB2OH,8.2021,1e+06,6.83,77.31,396000 4354000,2.5,Suitable,dodgerblue,YES,246.062916,2705.449334,97.5552469999998
396000,4354000,CB2OH,11.48294,1e+06,6.84,76.74,396000 4354000,3.5,Suitable,dodgerblue,YES,246.062916,2705.449334,97.5552469999998
396000,4354000,CB2OH,1.64042,1e+06,6.9,77.5,396000 4354000,0.5,Suitable,dodgerblue,YES,246.062916,2705.449334,97.5552469999998
396000,4354000,CB2OH,4.92126,1e+06,6.89,77.5,396000 4354000,1.5,Suitable,dodgerblue,YES,246.062916,2705.449334,97.5552469999998
396000,4354000,CB2OH,34.44882,1e+06,2.75,77.5,396000 4354000,10.5,Marginal,orange,YES,246.062916,2705.449334,97.5552469999998
396000,4354000,CB2OH,14.76378,1e+06,6.81,76.76,396000 4354000,4.5,Suitable,dodgerblue,YES,246.062916,2705.449334,97.5552469999998
396000,4354000,CB2OH,18.04462,1e+06,6.73,76.8,396000 4354000,5.5,Suitable,dodgerblue,YES,246.062916,2705.449334,97.5552469999998
396000,4354000,CB2OH,24.6063,1e+06,6.41,77.07,396000 4354000,7.5,Suitable,dodgerblue,YES,246.062916,2705.449334,97.5552469999998
396000,4354000,CB2OH,27.88714,1e+06,6.17,77.24,396000 4354000,8.5,Suitable,dodgerblue,YES,246.062916,2705.449334,97.5552469999998
397000,4197000,CB5MH_MD,8.2021,1e+06,8.4,78.2,397000 4197000,2.5,Suitable,dodgerblue,YES,246.684287,2607.894087,0
397000,4197000,CB5MH_MD,86.94226,1e+06,4.55,78.46,397000 4197000,26.5,Suitable,dodgerblue,YES,246.684287,2607.894087,0
397000,4197000,CB5MH_MD,14.76378,1e+06,7.55,78.2,397000 4197000,4.5,Suitable,dodgerblue,YES,246.684287,2607.894087,0
397000,4197000,CB5MH_MD,44.29134,1e+06,4.05,78.9,397000 4197000,13.5,Suitable,dodgerblue,YES,246.684287,2607.894087,0
397000,4197000,CB5MH_MD,11.48294,1e+06,8.2,78.1,397000 4197000,3.5,Suitable,dodgerblue,YES,246.684287,2607.894087,0
397000,4197000,CB5MH_MD,34.44882,1e+06,4.4,78.6,397000 4197000,10.5,Suitable,dodgerblue,YES,246.684287,2607.894087,0
397000,4197000,CB5MH_MD,24.6063,1e+06,5.55,78.3,397000 4197000,7.5,Suitable,dodgerblue,YES,246.684287,2607.894087,0
397000,4197000,CB5MH_MD,37.72966,1e+06,4.3,78.7,397000 4197000,11.5,Suitable,dodgerblue,YES,246.684287,2607.894087,0
397000,4197000,CB5MH_MD,1.64042,1e+06,8.5,78.3,397000 4197000,0.5,Suitable,dodgerblue,YES,246.684287,2607.894087,0
397000,4197000,CB5MH_MD,77.09974,1e+06,4.28,79.3,397000 4197000,23.5,Suitable,dodgerblue,YES,246.684287,2607.894087,0
397000,4197000,CB5MH_MD,70.53806,1e+06,4.2,79.3,397000 4197000,21.5,Suitable,dodgerblue,YES,246.684287,2607.894087,0
397000,4197000,CB5MH_MD,27.88714,1e+06,4.8,78.4,397000 4197000,8.5,Suitable,dodgerblue,YES,246.684287,2607.894087,0
397000,4197000,CB5MH_MD,80.38058,1e+06,4.66,78.44,397000 4197000,24.5,Suitable,dodgerblue,YES,246.684287,2607.894087,0
397000,4197000,CB5MH_MD,31.16798,1e+06,4.45,78.5,397000 4197000,9.5,Suitable,dodgerblue,YES,246.684287,2607.894087,0
397000,4197000,CB5MH_MD,73.8189,1e+06,4.23,79.3,397000 4197000,22.5,Suitable,dodgerblue,YES,246.684287,2607.894087,0
397000,4197000,CB5MH_MD,67.25722,1e+06,4.2,79.3,397000 4197000,20.5,Suitable,dodgerblue,YES,246.684287,2607.894087,0
397000,4197000,CB5MH_MD,41.0105,1e+06,4.15,78.8,397000 4197000,12.5,Suitable,dodgerblue,YES,246.684287,2607.894087,0
397000,4197000,CB5MH_MD,83.66142,1e+06,4.59,78.46,397000 4197000,25.5,Suitable,dodgerblue,YES,246.684287,2607.894087,0
397000,4197000,CB5MH_MD,54.13386,1e+06,3.95,79,397000 4197000,16.5,Tolerable,yellow,YES,246.684287,2607.894087,0
397000,4197000,CB5MH_MD,18.04462,1e+06,6.65,78.3,397000 4197000,5.5,Suitable,dodgerblue,YES,246.684287,2607.894087,0
397000,4197000,CB5MH_MD,21.32546,1e+06,6.15,78.3,397000 4197000,6.5,Suitable,dodgerblue,YES,246.684287,2607.894087,0
397000,4197000,CB5MH_MD,4.92126,1e+06,8.5,78.3,397000 4197000,1.5,Suitable,dodgerblue,YES,246.684287,2607.894087,0
397000,4197000,CB5MH_MD,63.97638,1e+06,4.15,79.3,397000 4197000,19.5,Suitable,dodgerblue,YES,246.684287,2607.894087,0
397000,4197000,CB5MH_MD,57.4147,1e+06,3.95,79.1,397000 4197000,17.5,Tolerable,yellow,YES,246.684287,2607.894087,0
397000,4197000,CB5MH_MD,50.85302,1e+06,4,79,397000 4197000,15.5,Suitable,dodgerblue,YES,246.684287,2607.894087,0
397000,4197000,CB5MH_MD,47.57218,1e+06,4,79,397000 4197000,14.5,Suitable,dodgerblue,YES,246.684287,2607.894087,0
397000,4197000,CB5MH_MD,60.69554,1e+06,4.05,79.2,397000 4197000,18.5,Suitable,dodgerblue,YES,246.684287,2607.894087,0
397000,4198000,CB5MH_MD,63.97638,1e+06,4.15,79.29,397000 4198000,19.5,Suitable,dodgerblue,YES,246.684287,2608.515458,0.621370999999726
397000,4198000,CB5MH_MD,57.4147,1e+06,3.95,79.09,397000 4198000,17.5,Tolerable,yellow,YES,246.684287,2608.515458,0.621370999999726
397000,4198000,CB5MH_MD,77.09974,1e+06,4.27,79.29,397000 4198000,23.5,Suitable,dodgerblue,YES,246.684287,2608.515458,0.621370999999726
397000,4198000,CB5MH_MD,8.2021,1e+06,8.38,78.19,397000 4198000,2.5,Suitable,dodgerblue,YES,246.684287,2608.515458,0.621370999999726
397000,4198000,CB5MH_MD,11.48294,1e+06,8.18,78.09,397000 4198000,3.5,Suitable,dodgerblue,YES,246.684287,2608.515458,0.621370999999726
397000,4198000,CB5MH_MD,31.16798,1e+06,4.48,78.49,397000 4198000,9.5,Suitable,dodgerblue,YES,246.684287,2608.515458,0.621370999999726
397000,4198000,CB5MH_MD,41.0105,1e+06,4.16,78.79,397000 4198000,12.5,Suitable,dodgerblue,YES,246.684287,2608.515458,0.621370999999726
397000,4198000,CB5MH_MD,60.69554,1e+06,4.05,79.19,397000 4198000,18.5,Suitable,dodgerblue,YES,246.684287,2608.515458,0.621370999999726
397000,4198000,CB5MH_MD,44.29134,1e+06,4.06,78.89,397000 4198000,13.5,Suitable,dodgerblue,YES,246.684287,2608.515458,0.621370999999726
397000,4198000,CB5MH_MD,14.76378,1e+06,7.54,78.19,397000 4198000,4.5,Suitable,dodgerblue,YES,246.684287,2608.515458,0.621370999999726
397000,4198000,CB5MH_MD,54.13386,1e+06,3.95,78.99,397000 4198000,16.5,Tolerable,yellow,YES,246.684287,2608.515458,0.621370999999726
397000,4198000,CB5MH_MD,1.64042,1e+06,8.48,78.29,397000 4198000,0.5,Suitable,dodgerblue,YES,246.684287,2608.515458,0.621370999999726
397000,4198000,CB5MH_MD,73.8189,1e+06,4.22,79.29,397000 4198000,22.5,Suitable,dodgerblue,YES,246.684287,2608.515458,0.621370999999726
397000,4198000,CB5MH_MD,47.57218,1e+06,4.01,78.99,397000 4198000,14.5,Suitable,dodgerblue,YES,246.684287,2608.515458,0.621370999999726
397000,4198000,CB5MH_MD,70.53806,1e+06,4.2,79.28,397000 4198000,21.5,Suitable,dodgerblue,YES,246.684287,2608.515458,0.621370999999726
397000,4198000,CB5MH_MD,34.44882,1e+06,4.43,78.59,397000 4198000,10.5,Suitable,dodgerblue,YES,246.684287,2608.515458,0.621370999999726
397000,4198000,CB5MH_MD,4.92126,1e+06,8.48,78.29,397000 4198000,1.5,Suitable,dodgerblue,YES,246.684287,2608.515458,0.621370999999726
397000,4198000,CB5MH_MD,18.04462,1e+06,6.65,78.29,397000 4198000,5.5,Suitable,dodgerblue,YES,246.684287,2608.515458,0.621370999999726
397000,4198000,CB5MH_MD,24.6063,1e+06,5.56,78.29,397000 4198000,7.5,Suitable,dodgerblue,YES,246.684287,2608.515458,0.621370999999726
397000,4198000,CB5MH_MD,50.85302,1e+06,4,78.99,397000 4198000,15.5,Suitable,dodgerblue,YES,246.684287,2608.515458,0.621370999999726
397000,4198000,CB5MH_MD,67.25722,1e+06,4.2,79.28,397000 4198000,20.5,Suitable,dodgerblue,YES,246.684287,2608.515458,0.621370999999726
397000,4198000,CB5MH_MD,27.88714,1e+06,4.82,78.39,397000 4198000,8.5,Suitable,dodgerblue,YES,246.684287,2608.515458,0.621370999999726
397000,4198000,CB5MH_MD,37.72966,1e+06,4.32,78.69,397000 4198000,11.5,Suitable,dodgerblue,YES,246.684287,2608.515458,0.621370999999726
397000,4198000,CB5MH_MD,21.32546,1e+06,6.16,78.29,397000 4198000,6.5,Suitable,dodgerblue,YES,246.684287,2608.515458,0.621370999999726
397000,4202000,CB5MH_MD,34.44882,1e+06,4.52,78.47,397000 4202000,10.5,Suitable,dodgerblue,YES,246.684287,2611.000942,3.106855
397000,4202000,CB5MH_MD,57.4147,1e+06,3.7,78.95,397000 4202000,17.5,Tolerable,yellow,YES,246.684287,2611.000942,3.106855
397000,4202000,CB5MH_MD,31.16798,1e+06,4.6,78.39,397000 4202000,9.5,Suitable,dodgerblue,YES,246.684287,2611.000942,3.106855
397000,4202000,CB5MH_MD,21.32546,1e+06,6.12,78.24,397000 4202000,6.5,Suitable,dodgerblue,YES,246.684287,2611.000942,3.106855
397000,4202000,CB5MH_MD,18.04462,1e+06,6.59,78.24,397000 4202000,5.5,Suitable,dodgerblue,YES,246.684287,2611.000942,3.106855
397000,4202000,CB5MH_MD,14.76378,1e+06,7.43,78.16,397000 4202000,4.5,Suitable,dodgerblue,YES,246.684287,2611.000942,3.106855
397000,4202000,CB5MH_MD,63.97638,1e+06,3.99,79.19,397000 4202000,19.5,Tolerable,yellow,YES,246.684287,2611.000942,3.106855
397000,4202000,CB5MH_MD,37.72966,1e+06,4.29,78.58,397000 4202000,11.5,Suitable,dodgerblue,YES,246.684287,2611.000942,3.106855
397000,4202000,CB5MH_MD,41.0105,1e+06,4.03,78.7,397000 4202000,12.5,Suitable,dodgerblue,YES,246.684287,2611.000942,3.106855
397000,4202000,CB5MH_MD,60.69554,1e+06,3.92,79.1,397000 4202000,18.5,Tolerable,yellow,YES,246.684287,2611.000942,3.106855
397000,4202000,CB5MH_MD,4.92126,1e+06,8.33,78.24,397000 4202000,1.5,Suitable,dodgerblue,YES,246.684287,2611.000942,3.106855
397000,4202000,CB5MH_MD,73.8189,1e+06,4.04,79.19,397000 4202000,22.5,Suitable,dodgerblue,YES,246.684287,2611.000942,3.106855
397000,4202000,CB5MH_MD,27.88714,1e+06,4.89,78.31,397000 4202000,8.5,Suitable,dodgerblue,YES,246.684287,2611.000942,3.106855
397000,4202000,CB5MH_MD,70.53806,1e+06,4.03,79.18,397000 4202000,21.5,Suitable,dodgerblue,YES,246.684287,2611.000942,3.106855
397000,4202000,CB5MH_MD,67.25722,1e+06,4.04,79.18,397000 4202000,20.5,Suitable,dodgerblue,YES,246.684287,2611.000942,3.106855
397000,4202000,CB5MH_MD,11.48294,1e+06,8.02,78.06,397000 4202000,3.5,Suitable,dodgerblue,YES,246.684287,2611.000942,3.106855
397000,4202000,CB5MH_MD,83.66142,1e+06,2.75,78.47,397000 4202000,25.5,Marginal,orange,YES,246.684287,2611.000942,3.106855
397000,4202000,CB5MH_MD,24.6063,1e+06,5.56,78.23,397000 4202000,7.5,Suitable,dodgerblue,YES,246.684287,2611.000942,3.106855
397000,4202000,CB5MH_MD,50.85302,1e+06,3.75,78.88,397000 4202000,15.5,Tolerable,yellow,YES,246.684287,2611.000942,3.106855
397000,4202000,CB5MH_MD,80.38058,1e+06,2.78,78.47,397000 4202000,24.5,Marginal,orange,YES,246.684287,2611.000942,3.106855
397000,4202000,CB5MH_MD,86.94226,1e+06,2.75,78.47,397000 4202000,26.5,Marginal,orange,YES,246.684287,2611.000942,3.106855
397000,4202000,CB5MH_MD,1.64042,1e+06,8.33,78.23,397000 4202000,0.5,Suitable,dodgerblue,YES,246.684287,2611.000942,3.106855
397000,4202000,CB5MH_MD,90.2231,1e+06,2.73,78.53,397000 4202000,27.5,Marginal,orange,YES,246.684287,2611.000942,3.106855
397000,4202000,CB5MH_MD,8.2021,1e+06,8.22,78.16,397000 4202000,2.5,Suitable,dodgerblue,YES,246.684287,2611.000942,3.106855
397000,4202000,CB5MH_MD,54.13386,1e+06,3.7,78.88,397000 4202000,16.5,Tolerable,yellow,YES,246.684287,2611.000942,3.106855
397000,4202000,CB5MH_MD,47.57218,1e+06,3.78,78.87,397000 4202000,14.5,Tolerable,yellow,YES,246.684287,2611.000942,3.106855
397000,4202000,CB5MH_MD,77.09974,1e+06,4.08,79.19,397000 4202000,23.5,Suitable,dodgerblue,YES,246.684287,2611.000942,3.106855
397000,4202000,CB5MH_MD,44.29134,1e+06,3.87,78.79,397000 4202000,13.5,Tolerable,yellow,YES,246.684287,2611.000942,3.106855
397000,4203000,CB5MH_MD,4.92126,1e+06,8.3,78.27,397000 4203000,1.5,Suitable,dodgerblue,YES,246.684287,2611.622313,3.72822599999972
397000,4203000,CB5MH_MD,27.88714,1e+06,4.89,78.29,397000 4203000,8.5,Suitable,dodgerblue,YES,246.684287,2611.622313,3.72822599999972
397000,4203000,CB5MH_MD,11.48294,1e+06,8,78.08,397000 4203000,3.5,Suitable,dodgerblue,YES,246.684287,2611.622313,3.72822599999972
397000,4203000,CB5MH_MD,31.16798,1e+06,4.63,78.36,397000 4203000,9.5,Suitable,dodgerblue,YES,246.684287,2611.622313,3.72822599999972
397000,4203000,CB5MH_MD,1.64042,1e+06,8.31,78.26,397000 4203000,0.5,Suitable,dodgerblue,YES,246.684287,2611.622313,3.72822599999972
397000,4203000,CB5MH_MD,8.2021,1e+06,8.19,78.18,397000 4203000,2.5,Suitable,dodgerblue,YES,246.684287,2611.622313,3.72822599999972
397000,4203000,CB5MH_MD,34.44882,1e+06,4.53,78.43,397000 4203000,10.5,Suitable,dodgerblue,YES,246.684287,2611.622313,3.72822599999972
397000,4203000,CB5MH_MD,18.04462,1e+06,6.57,78.22,397000 4203000,5.5,Suitable,dodgerblue,YES,246.684287,2611.622313,3.72822599999972
397000,4203000,CB5MH_MD,21.32546,1e+06,6.11,78.22,397000 4203000,6.5,Suitable,dodgerblue,YES,246.684287,2611.622313,3.72822599999972
397000,4203000,CB5MH_MD,24.6063,1e+06,5.55,78.22,397000 4203000,7.5,Suitable,dodgerblue,YES,246.684287,2611.622313,3.72822599999972
397000,4203000,CB5MH_MD,41.0105,1e+06,3.96,78.67,397000 4203000,12.5,Tolerable,yellow,YES,246.684287,2611.622313,3.72822599999972
397000,4203000,CB5MH_MD,14.76378,1e+06,7.4,78.15,397000 4203000,4.5,Suitable,dodgerblue,YES,246.684287,2611.622313,3.72822599999972
397000,4203000,CB5MH_MD,37.72966,1e+06,4.26,78.55,397000 4203000,11.5,Suitable,dodgerblue,YES,246.684287,2611.622313,3.72822599999972
397000,4353000,CB2OH,21.32546,1e+06,6.59,76.86,397000 4353000,6.5,Suitable,dodgerblue,YES,246.684287,2704.827963,96.9338760000001
397000,4353000,CB2OH,24.6063,1e+06,6.36,77.07,397000 4353000,7.5,Suitable,dodgerblue,YES,246.684287,2704.827963,96.9338760000001
397000,4353000,CB2OH,14.76378,1e+06,6.8,76.76,397000 4353000,4.5,Suitable,dodgerblue,YES,246.684287,2704.827963,96.9338760000001
397000,4353000,CB2OH,11.48294,1e+06,6.84,76.74,397000 4353000,3.5,Suitable,dodgerblue,YES,246.684287,2704.827963,96.9338760000001
397000,4353000,CB2OH,18.04462,1e+06,6.72,76.8,397000 4353000,5.5,Suitable,dodgerblue,YES,246.684287,2704.827963,96.9338760000001
397000,4353000,CB2OH,1.64042,1e+06,6.91,77.38,397000 4353000,0.5,Suitable,dodgerblue,YES,246.684287,2704.827963,96.9338760000001
397000,4353000,CB2OH,4.92126,1e+06,6.9,77.38,397000 4353000,1.5,Suitable,dodgerblue,YES,246.684287,2704.827963,96.9338760000001
397000,4353000,CB2OH,27.88714,1e+06,6.12,77.25,397000 4353000,8.5,Suitable,dodgerblue,YES,246.684287,2704.827963,96.9338760000001
397000,4353000,CB2OH,8.2021,1e+06,6.84,77.24,397000 4353000,2.5,Suitable,dodgerblue,YES,246.684287,2704.827963,96.9338760000001
398000,4200000,CB5MH_MD,14.76378,1e+06,7.5,78.18,398000 4200000,4.5,Suitable,dodgerblue,YES,247.305658,2609.7582,1.86411300000009
398000,4200000,CB5MH_MD,37.72966,1e+06,4.32,78.64,398000 4200000,11.5,Suitable,dodgerblue,YES,247.305658,2609.7582,1.86411300000009
398000,4200000,CB5MH_MD,4.92126,1e+06,8.42,78.26,398000 4200000,1.5,Suitable,dodgerblue,YES,247.305658,2609.7582,1.86411300000009
398000,4200000,CB5MH_MD,8.2021,1e+06,8.31,78.17,398000 4200000,2.5,Suitable,dodgerblue,YES,247.305658,2609.7582,1.86411300000009
398000,4200000,CB5MH_MD,47.57218,1e+06,3.93,78.94,398000 4200000,14.5,Tolerable,yellow,YES,247.305658,2609.7582,1.86411300000009
398000,4200000,CB5MH_MD,77.09974,1e+06,4.24,79.22,398000 4200000,23.5,Suitable,dodgerblue,YES,247.305658,2609.7582,1.86411300000009
398000,4200000,CB5MH_MD,18.04462,1e+06,6.62,78.27,398000 4200000,5.5,Suitable,dodgerblue,YES,247.305658,2609.7582,1.86411300000009
398000,4200000,CB5MH_MD,1.64042,1e+06,8.42,78.26,398000 4200000,0.5,Suitable,dodgerblue,YES,247.305658,2609.7582,1.86411300000009
398000,4200000,CB5MH_MD,31.16798,1e+06,4.54,78.45,398000 4200000,9.5,Suitable,dodgerblue,YES,247.305658,2609.7582,1.86411300000009
398000,4200000,CB5MH_MD,50.85302,1e+06,3.92,78.95,398000 4200000,15.5,Tolerable,yellow,YES,247.305658,2609.7582,1.86411300000009
398000,4200000,CB5MH_MD,11.48294,1e+06,8.12,78.07,398000 4200000,3.5,Suitable,dodgerblue,YES,247.305658,2609.7582,1.86411300000009
398000,4200000,CB5MH_MD,70.53806,1e+06,4.18,79.22,398000 4200000,21.5,Suitable,dodgerblue,YES,247.305658,2609.7582,1.86411300000009
398000,4200000,CB5MH_MD,67.25722,1e+06,4.18,79.22,398000 4200000,20.5,Suitable,dodgerblue,YES,247.305658,2609.7582,1.86411300000009
398000,4200000,CB5MH_MD,41.0105,1e+06,4.12,78.75,398000 4200000,12.5,Suitable,dodgerblue,YES,247.305658,2609.7582,1.86411300000009
398000,4200000,CB5MH_MD,54.13386,1e+06,3.87,78.95,398000 4200000,16.5,Tolerable,yellow,YES,247.305658,2609.7582,1.86411300000009
398000,4200000,CB5MH_MD,63.97638,1e+06,4.13,79.22,398000 4200000,19.5,Suitable,dodgerblue,YES,247.305658,2609.7582,1.86411300000009
398000,4200000,CB5MH_MD,44.29134,1e+06,4,78.85,398000 4200000,13.5,Suitable,dodgerblue,YES,247.305658,2609.7582,1.86411300000009
398000,4200000,CB5MH_MD,27.88714,1e+06,4.86,78.36,398000 4200000,8.5,Suitable,dodgerblue,YES,247.305658,2609.7582,1.86411300000009
398000,4200000,CB5MH_MD,73.8189,1e+06,4.19,79.22,398000 4200000,22.5,Suitable,dodgerblue,YES,247.305658,2609.7582,1.86411300000009
398000,4200000,CB5MH_MD,21.32546,1e+06,6.14,78.27,398000 4200000,6.5,Suitable,dodgerblue,YES,247.305658,2609.7582,1.86411300000009
398000,4200000,CB5MH_MD,24.6063,1e+06,5.57,78.27,398000 4200000,7.5,Suitable,dodgerblue,YES,247.305658,2609.7582,1.86411300000009
398000,4200000,CB5MH_MD,34.44882,1e+06,4.47,78.54,398000 4200000,10.5,Suitable,dodgerblue,YES,247.305658,2609.7582,1.86411300000009
398000,4200000,CB5MH_MD,60.69554,1e+06,4.05,79.13,398000 4200000,18.5,Suitable,dodgerblue,YES,247.305658,2609.7582,1.86411300000009
398000,4200000,CB5MH_MD,57.4147,1e+06,3.87,79.03,398000 4200000,17.5,Tolerable,yellow,YES,247.305658,2609.7582,1.86411300000009
398000,4201000,CB5MH_MD,21.32546,1e+06,6.13,78.25,398000 4201000,6.5,Suitable,dodgerblue,YES,247.305658,2610.379571,2.48548399999982
398000,4201000,CB5MH_MD,57.4147,1e+06,3.8,79,398000 4201000,17.5,Tolerable,yellow,YES,247.305658,2610.379571,2.48548399999982
398000,4201000,CB5MH_MD,50.85302,1e+06,3.85,78.92,398000 4201000,15.5,Tolerable,yellow,YES,247.305658,2610.379571,2.48548399999982
398000,4201000,CB5MH_MD,73.8189,1e+06,4.11,79.22,398000 4201000,22.5,Suitable,dodgerblue,YES,247.305658,2610.379571,2.48548399999982
398000,4201000,CB5MH_MD,63.97638,1e+06,4.05,79.22,398000 4201000,19.5,Suitable,dodgerblue,YES,247.305658,2610.379571,2.48548399999982
398000,4201000,CB5MH_MD,18.04462,1e+06,6.6,78.26,398000 4201000,5.5,Suitable,dodgerblue,YES,247.305658,2610.379571,2.48548399999982
398000,4201000,CB5MH_MD,67.25722,1e+06,4.1,79.21,398000 4201000,20.5,Suitable,dodgerblue,YES,247.305658,2610.379571,2.48548399999982
398000,4201000,CB5MH_MD,60.69554,1e+06,3.98,79.13,398000 4201000,18.5,Tolerable,yellow,YES,247.305658,2610.379571,2.48548399999982
398000,4201000,CB5MH_MD,70.53806,1e+06,4.1,79.21,398000 4201000,21.5,Suitable,dodgerblue,YES,247.305658,2610.379571,2.48548399999982
398000,4201000,CB5MH_MD,37.72966,1e+06,4.31,78.61,398000 4201000,11.5,Suitable,dodgerblue,YES,247.305658,2610.379571,2.48548399999982
398000,4201000,CB5MH_MD,54.13386,1e+06,3.81,78.92,398000 4201000,16.5,Tolerable,yellow,YES,247.305658,2610.379571,2.48548399999982
398000,4201000,CB5MH_MD,14.76378,1e+06,7.47,78.17,398000 4201000,4.5,Suitable,dodgerblue,YES,247.305658,2610.379571,2.48548399999982
398000,4201000,CB5MH_MD,47.57218,1e+06,3.88,78.91,398000 4201000,14.5,Tolerable,yellow,YES,247.305658,2610.379571,2.48548399999982
398000,4201000,CB5MH_MD,44.29134,1e+06,3.95,78.82,398000 4201000,13.5,Tolerable,yellow,YES,247.305658,2610.379571,2.48548399999982
398000,4201000,CB5MH_MD,80.38058,1e+06,2.96,78.49,398000 4201000,24.5,Marginal,orange,YES,247.305658,2610.379571,2.48548399999982
398000,4201000,CB5MH_MD,34.44882,1e+06,4.49,78.51,398000 4201000,10.5,Suitable,dodgerblue,YES,247.305658,2610.379571,2.48548399999982
398000,4201000,CB5MH_MD,24.6063,1e+06,5.57,78.25,398000 4201000,7.5,Suitable,dodgerblue,YES,247.305658,2610.379571,2.48548399999982
398000,4201000,CB5MH_MD,77.09974,1e+06,4.15,79.22,398000 4201000,23.5,Suitable,dodgerblue,YES,247.305658,2610.379571,2.48548399999982
398000,4201000,CB5MH_MD,31.16798,1e+06,4.57,78.42,398000 4201000,9.5,Suitable,dodgerblue,YES,247.305658,2610.379571,2.48548399999982
398000,4201000,CB5MH_MD,41.0105,1e+06,4.09,78.73,398000 4201000,12.5,Suitable,dodgerblue,YES,247.305658,2610.379571,2.48548399999982
398000,4201000,CB5MH_MD,8.2021,1e+06,8.27,78.16,398000 4201000,2.5,Suitable,dodgerblue,YES,247.305658,2610.379571,2.48548399999982
398000,4201000,CB5MH_MD,4.92126,1e+06,8.38,78.25,398000 4201000,1.5,Suitable,dodgerblue,YES,247.305658,2610.379571,2.48548399999982
398000,4201000,CB5MH_MD,11.48294,1e+06,8.07,78.07,398000 4201000,3.5,Suitable,dodgerblue,YES,247.305658,2610.379571,2.48548399999982
398000,4201000,CB5MH_MD,1.64042,1e+06,8.38,78.24,398000 4201000,0.5,Suitable,dodgerblue,YES,247.305658,2610.379571,2.48548399999982
398000,4201000,CB5MH_MD,27.88714,1e+06,4.88,78.33,398000 4201000,8.5,Suitable,dodgerblue,YES,247.305658,2610.379571,2.48548399999982
398000,4355000,CB2OH,14.76378,1e+06,6.89,76.8,398000 4355000,4.5,Suitable,dodgerblue,YES,247.305658,2706.070705,98.176618
398000,4355000,CB2OH,1.64042,1e+06,6.99,76.9,398000 4355000,0.5,Suitable,dodgerblue,YES,247.305658,2706.070705,98.176618
398000,4355000,CB2OH,18.04462,1e+06,6.88,76.8,398000 4355000,5.5,Suitable,dodgerblue,YES,247.305658,2706.070705,98.176618
398000,4355000,CB2OH,24.6063,1e+06,6.76,77.01,398000 4355000,7.5,Suitable,dodgerblue,YES,247.305658,2706.070705,98.176618
398000,4355000,CB2OH,4.92126,1e+06,6.98,76.9,398000 4355000,1.5,Suitable,dodgerblue,YES,247.305658,2706.070705,98.176618
398000,4355000,CB2OH,8.2021,1e+06,6.94,76.85,398000 4355000,2.5,Suitable,dodgerblue,YES,247.305658,2706.070705,98.176618
398000,4355000,CB2OH,27.88714,1e+06,6.6,77.2,398000 4355000,8.5,Suitable,dodgerblue,YES,247.305658,2706.070705,98.176618
398000,4355000,CB2OH,34.44882,1e+06,2.75,77.5,398000 4355000,10.5,Marginal,orange,YES,247.305658,2706.070705,98.176618
398000,4355000,CB2OH,21.32546,1e+06,6.87,76.81,398000 4355000,6.5,Suitable,dodgerblue,YES,247.305658,2706.070705,98.176618
398000,4355000,CB2OH,31.16798,1e+06,2.83,77.5,398000 4355000,9.5,Marginal,orange,YES,247.305658,2706.070705,98.176618
398000,4355000,CB2OH,11.48294,1e+06,6.89,76.79,398000 4355000,3.5,Suitable,dodgerblue,YES,247.305658,2706.070705,98.176618
399000,4356000,CB2OH,27.88714,1e+06,6.65,77.2,399000 4356000,8.5,Suitable,dodgerblue,YES,247.927029,2706.692076,98.7979890000002
399000,4356000,CB2OH,1.64042,1e+06,7,76.8,399000 4356000,0.5,Suitable,dodgerblue,YES,247.927029,2706.692076,98.7979890000002
399000,4356000,CB2OH,24.6063,1e+06,6.8,77,399000 4356000,7.5,Suitable,dodgerblue,YES,247.927029,2706.692076,98.7979890000002
399000,4356000,CB2OH,4.92126,1e+06,7,76.8,399000 4356000,1.5,Suitable,dodgerblue,YES,247.927029,2706.692076,98.7979890000002
399000,4356000,CB2OH,21.32546,1e+06,6.9,76.8,399000 4356000,6.5,Suitable,dodgerblue,YES,247.927029,2706.692076,98.7979890000002
399000,4356000,CB2OH,18.04462,1e+06,6.9,76.8,399000 4356000,5.5,Suitable,dodgerblue,YES,247.927029,2706.692076,98.7979890000002
399000,4356000,CB2OH,11.48294,1e+06,6.9,76.8,399000 4356000,3.5,Suitable,dodgerblue,YES,247.927029,2706.692076,98.7979890000002
399000,4356000,CB2OH,14.76378,1e+06,6.9,76.8,399000 4356000,4.5,Suitable,dodgerblue,YES,247.927029,2706.692076,98.7979890000002
399000,4356000,CB2OH,31.16798,1e+06,2.82,77.5,399000 4356000,9.5,Marginal,orange,YES,247.927029,2706.692076,98.7979890000002
399000,4356000,CB2OH,8.2021,1e+06,6.95,76.8,399000 4356000,2.5,Suitable,dodgerblue,YES,247.927029,2706.692076,98.7979890000002
399000,4357000,CB2OH,24.6063,1e+06,6.77,77,399000 4357000,7.5,Suitable,dodgerblue,YES,247.927029,2707.313447,99.4193599999999
399000,4357000,CB2OH,11.48294,1e+06,6.9,76.79,399000 4357000,3.5,Suitable,dodgerblue,YES,247.927029,2707.313447,99.4193599999999
399000,4357000,CB2OH,27.88714,1e+06,6.62,77.2,399000 4357000,8.5,Suitable,dodgerblue,YES,247.927029,2707.313447,99.4193599999999
399000,4357000,CB2OH,14.76378,1e+06,6.89,76.8,399000 4357000,4.5,Suitable,dodgerblue,YES,247.927029,2707.313447,99.4193599999999
399000,4357000,CB2OH,4.92126,1e+06,6.99,76.9,399000 4357000,1.5,Suitable,dodgerblue,YES,247.927029,2707.313447,99.4193599999999
399000,4357000,CB2OH,1.64042,1e+06,6.99,76.9,399000 4357000,0.5,Suitable,dodgerblue,YES,247.927029,2707.313447,99.4193599999999
399000,4357000,CB2OH,8.2021,1e+06,6.94,76.86,399000 4357000,2.5,Suitable,dodgerblue,YES,247.927029,2707.313447,99.4193599999999
399000,4357000,CB2OH,18.04462,1e+06,6.89,76.8,399000 4357000,5.5,Suitable,dodgerblue,YES,247.927029,2707.313447,99.4193599999999
399000,4357000,CB2OH,21.32546,1e+06,6.88,76.8,399000 4357000,6.5,Suitable,dodgerblue,YES,247.927029,2707.313447,99.4193599999999
402000,4358000,CB2OH,8.2021,1e+06,6.91,77.2,402000 4358000,2.5,Suitable,dodgerblue,YES,249.791142,2707.934818,100.040731
402000,4358000,CB2OH,18.04462,1e+06,6.85,76.8,402000 4358000,5.5,Suitable,dodgerblue,YES,249.791142,2707.934818,100.040731
402000,4358000,CB2OH,14.76378,1e+06,6.89,76.77,402000 4358000,4.5,Suitable,dodgerblue,YES,249.791142,2707.934818,100.040731
402000,4358000,CB2OH,1.64042,1e+06,6.98,77.21,402000 4358000,0.5,Suitable,dodgerblue,YES,249.791142,2707.934818,100.040731
402000,4358000,CB2OH,21.32546,1e+06,6.8,76.82,402000 4358000,6.5,Suitable,dodgerblue,YES,249.791142,2707.934818,100.040731
402000,4358000,CB2OH,24.6063,1e+06,6.65,77.03,402000 4358000,7.5,Suitable,dodgerblue,YES,249.791142,2707.934818,100.040731
402000,4358000,CB2OH,11.48294,1e+06,6.92,76.73,402000 4358000,3.5,Suitable,dodgerblue,YES,249.791142,2707.934818,100.040731
402000,4358000,CB2OH,4.92126,1e+06,6.96,77.2,402000 4358000,1.5,Suitable,dodgerblue,YES,249.791142,2707.934818,100.040731
402000,4358000,CB2OH,27.88714,1e+06,6.46,77.22,402000 4358000,8.5,Suitable,dodgerblue,YES,249.791142,2707.934818,100.040731
403000,4358000,CB2OH,1.64042,1e+06,7,77.27,403000 4358000,0.5,Suitable,dodgerblue,YES,250.412513,2707.934818,100.040731
403000,4358000,CB2OH,18.04462,1e+06,6.83,76.8,403000 4358000,5.5,Suitable,dodgerblue,YES,250.412513,2707.934818,100.040731
403000,4358000,CB2OH,21.32546,1e+06,6.76,76.83,403000 4358000,6.5,Suitable,dodgerblue,YES,250.412513,2707.934818,100.040731
403000,4358000,CB2OH,8.2021,1e+06,6.92,77.26,403000 4358000,2.5,Suitable,dodgerblue,YES,250.412513,2707.934818,100.040731
403000,4358000,CB2OH,24.6063,1e+06,6.59,77.04,403000 4358000,7.5,Suitable,dodgerblue,YES,250.412513,2707.934818,100.040731
403000,4358000,CB2OH,14.76378,1e+06,6.9,76.75,403000 4358000,4.5,Suitable,dodgerblue,YES,250.412513,2707.934818,100.040731
403000,4358000,CB2OH,4.92126,1e+06,6.98,77.26,403000 4358000,1.5,Suitable,dodgerblue,YES,250.412513,2707.934818,100.040731
403000,4358000,CB2OH,27.88714,1e+06,6.39,77.22,403000 4358000,8.5,Suitable,dodgerblue,YES,250.412513,2707.934818,100.040731
403000,4358000,CB2OH,11.48294,1e+06,6.94,76.69,403000 4358000,3.5,Suitable,dodgerblue,YES,250.412513,2707.934818,100.040731
403000,4359000,CB2OH,14.76378,1e+06,6.91,76.74,403000 4359000,4.5,Suitable,dodgerblue,YES,250.412513,2708.556189,100.662102
403000,4359000,CB2OH,24.6063,1e+06,6.57,77.04,403000 4359000,7.5,Suitable,dodgerblue,YES,250.412513,2708.556189,100.662102
403000,4359000,CB2OH,4.92126,1e+06,6.98,77.38,403000 4359000,1.5,Suitable,dodgerblue,YES,250.412513,2708.556189,100.662102
403000,4359000,CB2OH,18.04462,1e+06,6.82,76.8,403000 4359000,5.5,Suitable,dodgerblue,YES,250.412513,2708.556189,100.662102
403000,4359000,CB2OH,8.2021,1e+06,6.92,77.38,403000 4359000,2.5,Suitable,dodgerblue,YES,250.412513,2708.556189,100.662102
403000,4359000,CB2OH,21.32546,1e+06,6.75,76.83,403000 4359000,6.5,Suitable,dodgerblue,YES,250.412513,2708.556189,100.662102
403000,4359000,CB2OH,11.48294,1e+06,6.96,76.66,403000 4359000,3.5,Suitable,dodgerblue,YES,250.412513,2708.556189,100.662102
403000,4359000,CB2OH,1.64042,1e+06,7,77.39,403000 4359000,0.5,Suitable,dodgerblue,YES,250.412513,2708.556189,100.662102
406000,4360000,CB2OH,8.2021,1e+06,7.11,77.17,406000 4360000,2.5,Suitable,dodgerblue,YES,252.276626,2709.17756,101.283473
406000,4360000,CB2OH,11.48294,1e+06,7.11,76.46,406000 4360000,3.5,Suitable,dodgerblue,YES,252.276626,2709.17756,101.283473
406000,4360000,CB2OH,21.32546,1e+06,6.64,76.86,406000 4360000,6.5,Suitable,dodgerblue,YES,252.276626,2709.17756,101.283473
406000,4360000,CB2OH,4.92126,1e+06,7.18,77.17,406000 4360000,1.5,Suitable,dodgerblue,YES,252.276626,2709.17756,101.283473
406000,4360000,CB2OH,1.64042,1e+06,7.22,77.18,406000 4360000,0.5,Suitable,dodgerblue,YES,252.276626,2709.17756,101.283473
406000,4360000,CB2OH,27.88714,1e+06,6.15,77.25,406000 4360000,8.5,Suitable,dodgerblue,YES,252.276626,2709.17756,101.283473
406000,4360000,CB2OH,18.04462,1e+06,6.76,76.8,406000 4360000,5.5,Suitable,dodgerblue,YES,252.276626,2709.17756,101.283473
406000,4360000,CB2OH,24.6063,1e+06,6.4,77.08,406000 4360000,7.5,Suitable,dodgerblue,YES,252.276626,2709.17756,101.283473
406000,4360000,CB2OH,14.76378,1e+06,6.99,76.65,406000 4360000,4.5,Suitable,dodgerblue,YES,252.276626,2709.17756,101.283473
407500,4359500,SASOH,14.76378,62500,5.6,83.7,407500 4359500,4.5,Tolerable,yellow,YES,253.2086825,2708.8668745,100.9727875
407500,4359500,SASOH,18.04462,62500,5.55,83.6,407500 4359500,5.5,Tolerable,yellow,YES,253.2086825,2708.8668745,100.9727875
407500,4359500,SASOH,11.48294,62500,5.65,83.8,407500 4359500,3.5,Tolerable,yellow,YES,253.2086825,2708.8668745,100.9727875
407500,4359500,SASOH,8.2021,62500,5.7,83.8,407500 4359500,2.5,Tolerable,yellow,YES,253.2086825,2708.8668745,100.9727875
407500,4359500,SASOH,1.64042,62500,5.8,83.9,407500 4359500,0.5,Tolerable,yellow,YES,253.2086825,2708.8668745,100.9727875
407500,4359500,SASOH,4.92126,62500,5.7,83.8,407500 4359500,1.5,Tolerable,yellow,YES,253.2086825,2708.8668745,100.9727875
407750,4359500,SASOH,8.2021,62500,5.7,83.8,407750 4359500,2.5,Tolerable,yellow,YES,253.36402525,2708.8668745,100.9727875
407750,4359500,SASOH,11.48294,62500,5.65,83.8,407750 4359500,3.5,Tolerable,yellow,YES,253.36402525,2708.8668745,100.9727875
407750,4359500,SASOH,4.92126,62500,5.7,83.8,407750 4359500,1.5,Tolerable,yellow,YES,253.36402525,2708.8668745,100.9727875
407750,4359500,SASOH,1.64042,62500,5.8,83.9,407750 4359500,0.5,Tolerable,yellow,YES,253.36402525,2708.8668745,100.9727875
407750,4359500,SASOH,14.76378,62500,5.6,83.7,407750 4359500,4.5,Tolerable,yellow,YES,253.36402525,2708.8668745,100.9727875
407750,4359500,SASOH,18.04462,62500,5.55,83.6,407750 4359500,5.5,Tolerable,yellow,YES,253.36402525,2708.8668745,100.9727875
408000,4359500,SASOH,1.64042,62500,5.8,83.9,408000 4359500,0.5,Tolerable,yellow,YES,253.519368,2708.8668745,100.9727875
408000,4359500,SASOH,4.92126,62500,5.7,83.8,408000 4359500,1.5,Tolerable,yellow,YES,253.519368,2708.8668745,100.9727875
408000,4359500,SASOH,8.2021,62500,5.7,83.8,408000 4359500,2.5,Tolerable,yellow,YES,253.519368,2708.8668745,100.9727875
408000,4359500,SASOH,11.48294,62500,5.65,83.8,408000 4359500,3.5,Tolerable,yellow,YES,253.519368,2708.8668745,100.9727875
408000,4359500,SASOH,14.76378,62500,5.6,83.7,408000 4359500,4.5,Tolerable,yellow,YES,253.519368,2708.8668745,100.9727875
408000,4359500,SASOH,18.04462,62500,5.55,83.6,408000 4359500,5.5,Tolerable,yellow,YES,253.519368,2708.8668745,100.9727875
408000,4361000,CB2OH,8.2021,1e+06,7.35,76.71,408000 4361000,2.5,Suitable,dodgerblue,YES,253.519368,2709.798931,101.904844
408000,4361000,CB2OH,11.48294,1e+06,7.25,76.3,408000 4361000,3.5,Suitable,dodgerblue,YES,253.519368,2709.798931,101.904844
408000,4361000,CB2OH,1.64042,1e+06,7.48,76.72,408000 4361000,0.5,Suitable,dodgerblue,YES,253.519368,2709.798931,101.904844
408000,4361000,CB2OH,4.92126,1e+06,7.43,76.71,408000 4361000,1.5,Suitable,dodgerblue,YES,253.519368,2709.798931,101.904844
408000,4361000,CB2OH,14.76378,1e+06,7.07,76.58,408000 4361000,4.5,Suitable,dodgerblue,YES,253.519368,2709.798931,101.904844
408000,4361000,CB2OH,18.04462,1e+06,6.72,76.8,408000 4361000,5.5,Suitable,dodgerblue,YES,253.519368,2709.798931,101.904844
408250,4359750,SASOH,18.04462,62500,5.55,83.6,408250 4359750,5.5,Tolerable,yellow,YES,253.67471075,2709.02221725,101.12813025
408250,4359750,SASOH,14.76378,62500,5.6,83.7,408250 4359750,4.5,Tolerable,yellow,YES,253.67471075,2709.02221725,101.12813025
408250,4359750,SASOH,1.64042,62500,5.8,83.9,408250 4359750,0.5,Tolerable,yellow,YES,253.67471075,2709.02221725,101.12813025
408250,4359750,SASOH,4.92126,62500,5.7,83.8,408250 4359750,1.5,Tolerable,yellow,YES,253.67471075,2709.02221725,101.12813025
408250,4359750,SASOH,8.2021,62500,5.7,83.8,408250 4359750,2.5,Tolerable,yellow,YES,253.67471075,2709.02221725,101.12813025
408250,4359750,SASOH,11.48294,62500,5.65,83.8,408250 4359750,3.5,Tolerable,yellow,YES,253.67471075,2709.02221725,101.12813025
409000,4361000,CB2OH,4.92126,1e+06,7.52,76.53,409000 4361000,1.5,Suitable,dodgerblue,YES,254.140739,2709.798931,101.904844
409000,4361000,CB2OH,11.48294,1e+06,7.29,76.26,409000 4361000,3.5,Suitable,dodgerblue,YES,254.140739,2709.798931,101.904844
409000,4361000,CB2OH,18.04462,1e+06,6.7,76.8,409000 4361000,5.5,Suitable,dodgerblue,YES,254.140739,2709.798931,101.904844
409000,4361000,CB2OH,1.64042,1e+06,7.56,76.54,409000 4361000,0.5,Suitable,dodgerblue,YES,254.140739,2709.798931,101.904844
409000,4361000,CB2OH,8.2021,1e+06,7.43,76.53,409000 4361000,2.5,Suitable,dodgerblue,YES,254.140739,2709.798931,101.904844
409000,4361000,CB2OH,14.76378,1e+06,7.1,76.56,409000 4361000,4.5,Suitable,dodgerblue,YES,254.140739,2709.798931,101.904844
410000,4360250,SASOH,11.48294,62500,5.65,83.8,410000 4360250,3.5,Tolerable,yellow,YES,254.76211,2709.33290275,101.43881575
410000,4360250,SASOH,8.2021,62500,5.7,83.8,410000 4360250,2.5,Tolerable,yellow,YES,254.76211,2709.33290275,101.43881575
410000,4360250,SASOH,1.64042,62500,5.8,83.9,410000 4360250,0.5,Tolerable,yellow,YES,254.76211,2709.33290275,101.43881575
410000,4360250,SASOH,4.92126,62500,5.7,83.8,410000 4360250,1.5,Tolerable,yellow,YES,254.76211,2709.33290275,101.43881575
410000,4362000,CB2OH,21.32546,1e+06,6.51,76.89,410000 4362000,6.5,Suitable,dodgerblue,YES,254.76211,2710.420302,102.526215
410000,4362000,CB2OH,18.04462,1e+06,6.69,76.8,410000 4362000,5.5,Suitable,dodgerblue,YES,254.76211,2710.420302,102.526215
410000,4362000,CB2OH,1.64042,1e+06,7.71,76.22,410000 4362000,0.5,Suitable,dodgerblue,YES,254.76211,2710.420302,102.526215
410000,4362000,CB2OH,4.92126,1e+06,7.67,76.22,410000 4362000,1.5,Suitable,dodgerblue,YES,254.76211,2710.420302,102.526215
410000,4362000,CB2OH,11.48294,1e+06,7.36,76.19,410000 4362000,3.5,Suitable,dodgerblue,YES,254.76211,2710.420302,102.526215
410000,4362000,CB2OH,31.16798,1e+06,3,77.5,410000 4362000,9.5,Tolerable,yellow,YES,254.76211,2710.420302,102.526215
410000,4362000,CB2OH,8.2021,1e+06,7.57,76.22,410000 4362000,2.5,Suitable,dodgerblue,YES,254.76211,2710.420302,102.526215
410000,4362000,CB2OH,27.88714,1e+06,5.92,77.27,410000 4362000,8.5,Suitable,dodgerblue,YES,254.76211,2710.420302,102.526215
410000,4362000,CB2OH,24.6063,1e+06,6.21,77.11,410000 4362000,7.5,Suitable,dodgerblue,YES,254.76211,2710.420302,102.526215
410000,4362000,CB2OH,34.44882,1e+06,2.75,77.5,410000 4362000,10.5,Marginal,orange,YES,254.76211,2710.420302,102.526215
410000,4362000,CB2OH,14.76378,1e+06,7.14,76.54,410000 4362000,4.5,Suitable,dodgerblue,YES,254.76211,2710.420302,102.526215
411000,4363000,CB1TF,1.64042,1e+06,7.87,76.12,411000 4363000,0.5,Suitable,dodgerblue,YES,255.383481,2711.041673,103.147586
411000,4363000,CB1TF,11.48294,1e+06,7.42,76.13,411000 4363000,3.5,Suitable,dodgerblue,YES,255.383481,2711.041673,103.147586
411000,4363000,CB1TF,18.04462,1e+06,6.9,76.8,411000 4363000,5.5,Suitable,dodgerblue,YES,255.383481,2711.041673,103.147586
411000,4363000,CB1TF,8.2021,1e+06,7.75,75.92,411000 4363000,2.5,Suitable,dodgerblue,YES,255.383481,2711.041673,103.147586
411000,4363000,CB1TF,4.92126,1e+06,7.84,75.92,411000 4363000,1.5,Suitable,dodgerblue,YES,255.383481,2711.041673,103.147586
411000,4363000,CB1TF,24.6063,1e+06,6.8,77,411000 4363000,7.5,Suitable,dodgerblue,YES,255.383481,2711.041673,103.147586
411000,4363000,CB1TF,21.32546,1e+06,6.9,76.8,411000 4363000,6.5,Suitable,dodgerblue,YES,255.383481,2711.041673,103.147586
411000,4363000,CB1TF,14.76378,1e+06,7.19,76.51,411000 4363000,4.5,Suitable,dodgerblue,YES,255.383481,2711.041673,103.147586
411000,4363000,CB1TF,27.88714,1e+06,6.65,77.2,411000 4363000,8.5,Suitable,dodgerblue,YES,255.383481,2711.041673,103.147586
411000,4363000,CB1TF,31.16798,1e+06,6.6,77.2,411000 4363000,9.5,Suitable,dodgerblue,YES,255.383481,2711.041673,103.147586
412000,4364000,CB1TF,21.32546,1e+06,6.9,76.8,412000 4364000,6.5,Suitable,dodgerblue,YES,256.004852,2711.663044,103.768957
412000,4364000,CB1TF,4.92126,1e+06,7.88,75.8,412000 4364000,1.5,Suitable,dodgerblue,YES,256.004852,2711.663044,103.768957
412000,4364000,CB1TF,31.16798,1e+06,6.6,77.2,412000 4364000,9.5,Suitable,dodgerblue,YES,256.004852,2711.663044,103.768957
412000,4364000,CB1TF,18.04462,1e+06,6.9,76.8,412000 4364000,5.5,Suitable,dodgerblue,YES,256.004852,2711.663044,103.768957
412000,4364000,CB1TF,27.88714,1e+06,6.65,77.2,412000 4364000,8.5,Suitable,dodgerblue,YES,256.004852,2711.663044,103.768957
412000,4364000,CB1TF,1.64042,1e+06,7.91,75.91,412000 4364000,0.5,Suitable,dodgerblue,YES,256.004852,2711.663044,103.768957
412000,4364000,CB1TF,24.6063,1e+06,6.8,77,412000 4364000,7.5,Suitable,dodgerblue,YES,256.004852,2711.663044,103.768957
412000,4364000,CB1TF,8.2021,1e+06,7.78,75.8,412000 4364000,2.5,Suitable,dodgerblue,YES,256.004852,2711.663044,103.768957
412000,4364000,CB1TF,14.76378,1e+06,7.19,76.51,412000 4364000,4.5,Suitable,dodgerblue,YES,256.004852,2711.663044,103.768957
412000,4364000,CB1TF,11.48294,1e+06,7.44,76.11,412000 4364000,3.5,Suitable,dodgerblue,YES,256.004852,2711.663044,103.768957
413000,4365000,CB1TF,8.2021,1e+06,7.79,75.76,413000 4365000,2.5,Suitable,dodgerblue,YES,256.626223,2712.284415,104.390328
413000,4365000,CB1TF,14.76378,1e+06,7.2,76.5,413000 4365000,4.5,Suitable,dodgerblue,YES,256.626223,2712.284415,104.390328
413000,4365000,CB1TF,21.32546,1e+06,6.9,76.8,413000 4365000,6.5,Suitable,dodgerblue,YES,256.626223,2712.284415,104.390328
413000,4365000,CB1TF,4.92126,1e+06,7.89,75.76,413000 4365000,1.5,Suitable,dodgerblue,YES,256.626223,2712.284415,104.390328
413000,4365000,CB1TF,18.04462,1e+06,6.9,76.8,413000 4365000,5.5,Suitable,dodgerblue,YES,256.626223,2712.284415,104.390328
413000,4365000,CB1TF,11.48294,1e+06,7.44,76.11,413000 4365000,3.5,Suitable,dodgerblue,YES,256.626223,2712.284415,104.390328
413000,4365000,CB1TF,1.64042,1e+06,7.93,75.84,413000 4365000,0.5,Suitable,dodgerblue,YES,256.626223,2712.284415,104.390328
414000,4365500,ELKOH,8.2021,250000,7.77,75.95,414000 4365500,2.5,Suitable,dodgerblue,YES,257.247594,2712.5951005,104.7010135
414000,4365500,ELKOH,4.92126,250000,7.87,75.96,414000 4365500,1.5,Suitable,dodgerblue,YES,257.247594,2712.5951005,104.7010135
414000,4365500,ELKOH,1.64042,250000,7.92,75.96,414000 4365500,0.5,Suitable,dodgerblue,YES,257.247594,2712.5951005,104.7010135
414000,4366000,ELKOH,21.32546,250000,6.9,82.6,414000 4366000,6.5,Tolerable,yellow,YES,257.247594,2712.905786,105.011699
414000,4366000,ELKOH,11.48294,250000,7.43,76.33,414000 4366000,3.5,Suitable,dodgerblue,YES,257.247594,2712.905786,105.011699
414000,4366000,ELKOH,18.04462,250000,6.9,82.7,414000 4366000,5.5,Tolerable,yellow,YES,257.247594,2712.905786,105.011699
414000,4366000,ELKOH,1.64042,250000,7.92,75.96,414000 4366000,0.5,Suitable,dodgerblue,YES,257.247594,2712.905786,105.011699
414000,4366000,ELKOH,8.2021,250000,7.77,75.95,414000 4366000,2.5,Suitable,dodgerblue,YES,257.247594,2712.905786,105.011699
414000,4366000,ELKOH,14.76378,250000,7.19,76.72,414000 4366000,4.5,Suitable,dodgerblue,YES,257.247594,2712.905786,105.011699
414000,4366000,ELKOH,4.92126,250000,7.87,75.95,414000 4366000,1.5,Suitable,dodgerblue,YES,257.247594,2712.905786,105.011699
414500,4366500,ELKOH,18.04462,250000,6.9,82.7,414500 4366500,5.5,Tolerable,yellow,YES,257.5582795,2713.2164715,105.3223845
414500,4366500,ELKOH,14.76378,250000,7.18,76.87,414500 4366500,4.5,Suitable,dodgerblue,YES,257.5582795,2713.2164715,105.3223845
414500,4366500,ELKOH,8.2021,250000,7.75,76.12,414500 4366500,2.5,Suitable,dodgerblue,YES,257.5582795,2713.2164715,105.3223845
414500,4366500,ELKOH,11.48294,250000,7.42,76.49,414500 4366500,3.5,Suitable,dodgerblue,YES,257.5582795,2713.2164715,105.3223845
414500,4366500,ELKOH,21.32546,250000,6.9,82.6,414500 4366500,6.5,Tolerable,yellow,YES,257.5582795,2713.2164715,105.3223845
414500,4366500,ELKOH,4.92126,250000,7.86,76.13,414500 4366500,1.5,Suitable,dodgerblue,YES,257.5582795,2713.2164715,105.3223845
414500,4366500,ELKOH,1.64042,250000,7.91,76.14,414500 4366500,0.5,Suitable,dodgerblue,YES,257.5582795,2713.2164715,105.3223845
414500,4367000,ELKOH,11.48294,250000,7.41,76.55,414500 4367000,3.5,Suitable,dodgerblue,YES,257.5582795,2713.527157,105.63307
414500,4367000,ELKOH,4.92126,250000,7.85,76.19,414500 4367000,1.5,Suitable,dodgerblue,YES,257.5582795,2713.527157,105.63307
414500,4367000,ELKOH,8.2021,250000,7.75,76.18,414500 4367000,2.5,Suitable,dodgerblue,YES,257.5582795,2713.527157,105.63307
414500,4367000,ELKOH,1.64042,250000,7.9,76.2,414500 4367000,0.5,Suitable,dodgerblue,YES,257.5582795,2713.527157,105.63307
414500,4367000,ELKOH,14.76378,250000,7.18,76.92,414500 4367000,4.5,Suitable,dodgerblue,YES,257.5582795,2713.527157,105.63307
414500,4367000,ELKOH,18.04462,250000,6.9,82.7,414500 4367000,5.5,Tolerable,yellow,YES,257.5582795,2713.527157,105.63307
415000,4366000,ELKOH,21.32546,250000,6.9,82.6,415000 4366000,6.5,Tolerable,yellow,YES,257.868965,2712.905786,105.011699
415000,4366000,ELKOH,1.64042,250000,7.89,76.29,415000 4366000,0.5,Suitable,dodgerblue,YES,257.868965,2712.905786,105.011699
415000,4366000,ELKOH,14.76378,250000,7.18,77,415000 4366000,4.5,Suitable,dodgerblue,YES,257.868965,2712.905786,105.011699
415000,4366000,ELKOH,18.04462,250000,6.9,82.7,415000 4366000,5.5,Tolerable,yellow,YES,257.868965,2712.905786,105.011699
415000,4366000,ELKOH,4.92126,250000,7.84,76.28,415000 4366000,1.5,Suitable,dodgerblue,YES,257.868965,2712.905786,105.011699
415000,4366000,ELKOH,8.2021,250000,7.74,76.27,415000 4366000,2.5,Suitable,dodgerblue,YES,257.868965,2712.905786,105.011699
415000,4366000,ELKOH,11.48294,250000,7.41,76.64,415000 4366000,3.5,Suitable,dodgerblue,YES,257.868965,2712.905786,105.011699
415000,4367000,ELKOH,18.04462,250000,6.9,82.7,415000 4367000,5.5,Tolerable,yellow,YES,257.868965,2713.527157,105.63307
415000,4367000,ELKOH,14.76378,250000,7.17,77.11,415000 4367000,4.5,Suitable,dodgerblue,YES,257.868965,2713.527157,105.63307
415000,4367000,ELKOH,8.2021,250000,7.72,76.38,415000 4367000,2.5,Suitable,dodgerblue,YES,257.868965,2713.527157,105.63307
415000,4367000,ELKOH,11.48294,250000,7.4,76.75,415000 4367000,3.5,Suitable,dodgerblue,YES,257.868965,2713.527157,105.63307
415000,4367000,ELKOH,4.92126,250000,7.83,76.4,415000 4367000,1.5,Suitable,dodgerblue,YES,257.868965,2713.527157,105.63307
415000,4367000,ELKOH,1.64042,250000,7.88,76.41,415000 4367000,0.5,Suitable,dodgerblue,YES,257.868965,2713.527157,105.63307
415000,4367500,ELKOH,4.92126,250000,7.82,76.51,415000 4367500,1.5,Suitable,dodgerblue,YES,257.868965,2713.8378425,105.9437555
415000,4367500,ELKOH,21.32546,250000,6.9,82.6,415000 4367500,6.5,Tolerable,yellow,YES,257.868965,2713.8378425,105.9437555
415000,4367500,ELKOH,18.04462,250000,6.9,82.7,415000 4367500,5.5,Tolerable,yellow,YES,257.868965,2713.8378425,105.9437555
415000,4367500,ELKOH,11.48294,250000,7.39,76.85,415000 4367500,3.5,Suitable,dodgerblue,YES,257.868965,2713.8378425,105.9437555
415000,4367500,ELKOH,1.64042,250000,7.87,76.52,415000 4367500,0.5,Suitable,dodgerblue,YES,257.868965,2713.8378425,105.9437555
415000,4367500,ELKOH,14.76378,250000,7.17,77.2,415000 4367500,4.5,Suitable,dodgerblue,YES,257.868965,2713.8378425,105.9437555
415000,4367500,ELKOH,8.2021,250000,7.71,76.49,415000 4367500,2.5,Suitable,dodgerblue,YES,257.868965,2713.8378425,105.9437555
415500,4368000,ELKOH,1.64042,250000,7.82,76.97,415500 4368000,0.5,Suitable,dodgerblue,YES,258.1796505,2714.148528,106.254441
415500,4368000,ELKOH,18.04462,250000,6.9,82.7,415500 4368000,5.5,Tolerable,yellow,YES,258.1796505,2714.148528,106.254441
415500,4368000,ELKOH,21.32546,250000,6.9,82.6,415500 4368000,6.5,Tolerable,yellow,YES,258.1796505,2714.148528,106.254441
415500,4368000,ELKOH,14.76378,250000,7.15,77.58,415500 4368000,4.5,Suitable,dodgerblue,YES,258.1796505,2714.148528,106.254441
415500,4368000,ELKOH,11.48294,250000,7.36,77.25,415500 4368000,3.5,Suitable,dodgerblue,YES,258.1796505,2714.148528,106.254441
415500,4368000,ELKOH,4.92126,250000,7.77,76.95,415500 4368000,1.5,Suitable,dodgerblue,YES,258.1796505,2714.148528,106.254441
415500,4368000,ELKOH,8.2021,250000,7.66,76.92,415500 4368000,2.5,Suitable,dodgerblue,YES,258.1796505,2714.148528,106.254441
416000,4368000,ELKOH,18.04462,250000,6.9,82.7,416000 4368000,5.5,Tolerable,yellow,YES,258.490336,2714.148528,106.254441
416000,4368000,ELKOH,14.76378,250000,7.13,77.87,416000 4368000,4.5,Suitable,dodgerblue,YES,258.490336,2714.148528,106.254441
416000,4368000,ELKOH,21.32546,250000,6.9,82.6,416000 4368000,6.5,Tolerable,yellow,YES,258.490336,2714.148528,106.254441
416000,4368000,ELKOH,11.48294,250000,7.33,77.56,416000 4368000,3.5,Suitable,dodgerblue,YES,258.490336,2714.148528,106.254441
416000,4368000,ELKOH,8.2021,250000,7.63,77.24,416000 4368000,2.5,Suitable,dodgerblue,YES,258.490336,2714.148528,106.254441
416000,4368000,ELKOH,1.64042,250000,7.79,77.31,416000 4368000,0.5,Suitable,dodgerblue,YES,258.490336,2714.148528,106.254441
416000,4368000,ELKOH,4.92126,250000,7.74,77.29,416000 4368000,1.5,Suitable,dodgerblue,YES,258.490336,2714.148528,106.254441
416000,4368500,ELKOH,4.92126,250000,7.71,77.51,416000 4368500,1.5,Suitable,dodgerblue,YES,258.490336,2714.4592135,106.5651265
416000,4368500,ELKOH,24.6063,250000,6.9,82.6,416000 4368500,7.5,Tolerable,yellow,YES,258.490336,2714.4592135,106.5651265
416000,4368500,ELKOH,8.2021,250000,7.6,77.46,416000 4368500,2.5,Suitable,dodgerblue,YES,258.490336,2714.4592135,106.5651265
416000,4368500,ELKOH,1.64042,250000,7.76,77.53,416000 4368500,0.5,Suitable,dodgerblue,YES,258.490336,2714.4592135,106.5651265
416000,4368500,ELKOH,18.04462,250000,6.9,82.7,416000 4368500,5.5,Tolerable,yellow,YES,258.490336,2714.4592135,106.5651265
416000,4368500,ELKOH,14.76378,250000,7.13,78.06,416000 4368500,4.5,Suitable,dodgerblue,YES,258.490336,2714.4592135,106.5651265
416000,4368500,ELKOH,11.48294,250000,7.31,77.76,416000 4368500,3.5,Suitable,dodgerblue,YES,258.490336,2714.4592135,106.5651265
416000,4368500,ELKOH,21.32546,250000,6.9,82.6,416000 4368500,6.5,Tolerable,yellow,YES,258.490336,2714.4592135,106.5651265
416500,4369000,ELKOH,18.04462,250000,6.9,82.7,416500 4369000,5.5,Tolerable,yellow,YES,258.8010215,2714.769899,106.875812
416500,4369000,ELKOH,14.76378,250000,7.1,78.63,416500 4369000,4.5,Suitable,dodgerblue,YES,258.8010215,2714.769899,106.875812
416500,4369000,ELKOH,24.6063,250000,6.9,82.6,416500 4369000,7.5,Tolerable,yellow,YES,258.8010215,2714.769899,106.875812
416500,4369000,ELKOH,1.64042,250000,7.7,78.21,416500 4369000,0.5,Suitable,dodgerblue,YES,258.8010215,2714.769899,106.875812
416500,4369000,ELKOH,4.92126,250000,7.65,78.17,416500 4369000,1.5,Suitable,dodgerblue,YES,258.8010215,2714.769899,106.875812
416500,4369000,ELKOH,8.2021,250000,7.53,78.1,416500 4369000,2.5,Suitable,dodgerblue,YES,258.8010215,2714.769899,106.875812
416500,4369000,ELKOH,21.32546,250000,6.9,82.6,416500 4369000,6.5,Tolerable,yellow,YES,258.8010215,2714.769899,106.875812
416500,4369000,ELKOH,11.48294,250000,7.26,78.37,416500 4369000,3.5,Suitable,dodgerblue,YES,258.8010215,2714.769899,106.875812
416500,4369000,ELKOH,27.88714,250000,6.9,82.6,416500 4369000,8.5,Tolerable,yellow,YES,258.8010215,2714.769899,106.875812
417000,4369500,ELKOH,11.48294,250000,7.21,79.05,417000 4369500,3.5,Suitable,dodgerblue,YES,259.111707,2715.0805845,107.1864975
417000,4369500,ELKOH,8.2021,250000,7.45,78.82,417000 4369500,2.5,Suitable,dodgerblue,YES,259.111707,2715.0805845,107.1864975
417000,4369500,ELKOH,24.6063,250000,6.9,82.6,417000 4369500,7.5,Tolerable,yellow,YES,259.111707,2715.0805845,107.1864975
417000,4369500,ELKOH,21.32546,250000,6.9,82.6,417000 4369500,6.5,Tolerable,yellow,YES,259.111707,2715.0805845,107.1864975
417000,4369500,ELKOH,1.64042,250000,7.62,78.95,417000 4369500,0.5,Suitable,dodgerblue,YES,259.111707,2715.0805845,107.1864975
417000,4369500,ELKOH,4.92126,250000,7.57,78.91,417000 4369500,1.5,Suitable,dodgerblue,YES,259.111707,2715.0805845,107.1864975
417000,4369500,ELKOH,18.04462,250000,6.9,82.7,417000 4369500,5.5,Tolerable,yellow,YES,259.111707,2715.0805845,107.1864975
417000,4369500,ELKOH,14.76378,250000,7.07,79.27,417000 4369500,4.5,Suitable,dodgerblue,YES,259.111707,2715.0805845,107.1864975
417000,4369500,ELKOH,27.88714,250000,6.9,82.6,417000 4369500,8.5,Tolerable,yellow,YES,259.111707,2715.0805845,107.1864975
417500,4370000,ELKOH,11.48294,250000,7.15,79.75,417500 4370000,3.5,Suitable,dodgerblue,YES,259.4223925,2715.39127,107.497183
417500,4370000,ELKOH,21.32546,250000,6.9,82.6,417500 4370000,6.5,Tolerable,yellow,YES,259.4223925,2715.39127,107.497183
417500,4370000,ELKOH,1.64042,250000,7.54,79.73,417500 4370000,0.5,Suitable,dodgerblue,YES,259.4223925,2715.39127,107.497183
417500,4370000,ELKOH,14.76378,250000,7.04,79.93,417500 4370000,4.5,Suitable,dodgerblue,YES,259.4223925,2715.39127,107.497183
417500,4370000,ELKOH,18.04462,250000,6.9,82.7,417500 4370000,5.5,Tolerable,yellow,YES,259.4223925,2715.39127,107.497183
417500,4370000,ELKOH,8.2021,250000,7.36,79.57,417500 4370000,2.5,Suitable,dodgerblue,YES,259.4223925,2715.39127,107.497183
417500,4370000,ELKOH,4.92126,250000,7.49,79.68,417500 4370000,1.5,Suitable,dodgerblue,YES,259.4223925,2715.39127,107.497183
418000,4370500,ELKOH,11.48294,250000,7.09,80.44,418000 4370500,3.5,Suitable,dodgerblue,YES,259.733078,2715.7019555,107.8078685
418000,4370500,ELKOH,18.04462,250000,6.9,82.7,418000 4370500,5.5,Tolerable,yellow,YES,259.733078,2715.7019555,107.8078685
418000,4370500,ELKOH,8.2021,250000,7.28,80.3,418000 4370500,2.5,Suitable,dodgerblue,YES,259.733078,2715.7019555,107.8078685
418000,4370500,ELKOH,1.64042,250000,7.46,80.49,418000 4370500,0.5,Suitable,dodgerblue,YES,259.733078,2715.7019555,107.8078685
418000,4370500,ELKOH,21.32546,250000,6.9,82.6,418000 4370500,6.5,Tolerable,yellow,YES,259.733078,2715.7019555,107.8078685
418000,4370500,ELKOH,4.92126,250000,7.41,80.43,418000 4370500,1.5,Suitable,dodgerblue,YES,259.733078,2715.7019555,107.8078685
418000,4370500,ELKOH,14.76378,250000,7.01,80.58,418000 4370500,4.5,Suitable,dodgerblue,YES,259.733078,2715.7019555,107.8078685
419500,4371000,ELKOH,4.92126,250000,7.28,81.78,419500 4371000,1.5,Suitable,dodgerblue,YES,260.6651345,2716.012641,108.118554
419500,4371000,ELKOH,1.64042,250000,7.33,81.86,419500 4371000,0.5,Suitable,dodgerblue,YES,260.6651345,2716.012641,108.118554
419500,4371500,ELKOH,14.76378,250000,6.94,81.92,419500 4371500,4.5,Suitable,dodgerblue,YES,260.6651345,2716.3233265,108.4292395
419500,4371500,ELKOH,8.2021,250000,7.11,81.8,419500 4371500,2.5,Suitable,dodgerblue,YES,260.6651345,2716.3233265,108.4292395
419500,4371500,ELKOH,1.64042,250000,7.31,82.06,419500 4371500,0.5,Suitable,dodgerblue,YES,260.6651345,2716.3233265,108.4292395
419500,4371500,ELKOH,4.92126,250000,7.26,81.98,419500 4371500,1.5,Suitable,dodgerblue,YES,260.6651345,2716.3233265,108.4292395
419500,4371500,ELKOH,11.48294,250000,6.98,81.86,419500 4371500,3.5,Suitable,dodgerblue,YES,260.6651345,2716.3233265,108.4292395
420000,4372000,ELKOH,11.48294,250000,6.95,82.22,420000 4372000,3.5,Suitable,dodgerblue,YES,260.97582,2716.634012,108.739925
420000,4372000,ELKOH,4.92126,250000,7.21,82.37,420000 4372000,1.5,Suitable,dodgerblue,YES,260.97582,2716.634012,108.739925
420000,4372000,ELKOH,8.2021,250000,7.07,82.19,420000 4372000,2.5,Suitable,dodgerblue,YES,260.97582,2716.634012,108.739925
420000,4372000,ELKOH,1.64042,250000,7.26,82.46,420000 4372000,0.5,Tolerable,yellow,YES,260.97582,2716.634012,108.739925
420000,4372500,ELKOH,8.2021,250000,7.06,82.29,420000 4372500,2.5,Suitable,dodgerblue,YES,260.97582,2716.9446975,109.0506105
420000,4372500,ELKOH,14.76378,250000,6.92,82.35,420000 4372500,4.5,Suitable,dodgerblue,YES,260.97582,2716.9446975,109.0506105
420000,4372500,ELKOH,11.48294,250000,6.94,82.32,420000 4372500,3.5,Suitable,dodgerblue,YES,260.97582,2716.9446975,109.0506105
420000,4372500,ELKOH,4.92126,250000,7.2,82.48,420000 4372500,1.5,Tolerable,yellow,YES,260.97582,2716.9446975,109.0506105
420000,4372500,ELKOH,1.64042,250000,7.25,82.57,420000 4372500,0.5,Tolerable,yellow,YES,260.97582,2716.9446975,109.0506105
420500,4373000,ELKOH,1.64042,250000,7.23,82.81,420500 4373000,0.5,Tolerable,yellow,YES,261.2865055,2717.255383,109.361296
420500,4373000,ELKOH,21.32546,250000,6.9,82.6,420500 4373000,6.5,Tolerable,yellow,YES,261.2865055,2717.255383,109.361296
420500,4373000,ELKOH,4.92126,250000,7.18,82.71,420500 4373000,1.5,Tolerable,yellow,YES,261.2865055,2717.255383,109.361296
420500,4373000,ELKOH,18.04462,250000,6.9,82.7,420500 4373000,5.5,Tolerable,yellow,YES,261.2865055,2717.255383,109.361296
420500,4373000,ELKOH,11.48294,250000,6.92,82.54,420500 4373000,3.5,Tolerable,yellow,YES,261.2865055,2717.255383,109.361296
420500,4373000,ELKOH,14.76378,250000,6.91,82.55,420500 4373000,4.5,Tolerable,yellow,YES,261.2865055,2717.255383,109.361296
420500,4373000,ELKOH,8.2021,250000,7.03,82.52,420500 4373000,2.5,Tolerable,yellow,YES,261.2865055,2717.255383,109.361296
422000,4373500,ELKOH,4.92126,250000,7.15,82.98,422000 4373500,1.5,Tolerable,yellow,YES,262.218562,2717.5660685,109.6719815
422000,4373500,ELKOH,11.48294,250000,6.9,82.78,422000 4373500,3.5,Tolerable,yellow,YES,262.218562,2717.5660685,109.6719815
422000,4373500,ELKOH,24.6063,250000,6.9,82.6,422000 4373500,7.5,Tolerable,yellow,YES,262.218562,2717.5660685,109.6719815
422000,4373500,ELKOH,21.32546,250000,6.9,82.6,422000 4373500,6.5,Tolerable,yellow,YES,262.218562,2717.5660685,109.6719815
422000,4373500,ELKOH,8.2021,250000,7,82.78,422000 4373500,2.5,Tolerable,yellow,YES,262.218562,2717.5660685,109.6719815
422000,4373500,ELKOH,1.64042,250000,7.2,83.08,422000 4373500,0.5,Tolerable,yellow,YES,262.218562,2717.5660685,109.6719815
422000,4373500,ELKOH,27.88714,250000,6.9,82.6,422000 4373500,8.5,Tolerable,yellow,YES,262.218562,2717.5660685,109.6719815
422000,4373500,ELKOH,14.76378,250000,6.9,82.78,422000 4373500,4.5,Tolerable,yellow,YES,262.218562,2717.5660685,109.6719815
422000,4373500,ELKOH,31.16798,250000,6.9,82.6,422000 4373500,9.5,Tolerable,yellow,YES,262.218562,2717.5660685,109.6719815
422000,4373500,ELKOH,18.04462,250000,6.9,82.7,422000 4373500,5.5,Tolerable,yellow,YES,262.218562,2717.5660685,109.6719815
423500,4374000,ELKOH,14.76378,250000,6.9,82.77,423500 4374000,4.5,Tolerable,yellow,YES,263.1506185,2717.876754,109.982667
423500,4374000,ELKOH,11.48294,250000,6.9,82.77,423500 4374000,3.5,Tolerable,yellow,YES,263.1506185,2717.876754,109.982667
423500,4374000,ELKOH,18.04462,250000,6.9,82.7,423500 4374000,5.5,Tolerable,yellow,YES,263.1506185,2717.876754,109.982667
423500,4374000,ELKOH,27.88714,250000,6.9,82.6,423500 4374000,8.5,Tolerable,yellow,YES,263.1506185,2717.876754,109.982667
423500,4374000,ELKOH,21.32546,250000,6.9,82.6,423500 4374000,6.5,Tolerable,yellow,YES,263.1506185,2717.876754,109.982667
423500,4374000,ELKOH,4.92126,250000,7.15,82.97,423500 4374000,1.5,Tolerable,yellow,YES,263.1506185,2717.876754,109.982667
423500,4374000,ELKOH,24.6063,250000,6.9,82.6,423500 4374000,7.5,Tolerable,yellow,YES,263.1506185,2717.876754,109.982667
423500,4374000,ELKOH,8.2021,250000,7,82.77,423500 4374000,2.5,Tolerable,yellow,YES,263.1506185,2717.876754,109.982667
423500,4374000,ELKOH,1.64042,250000,7.2,83.07,423500 4374000,0.5,Tolerable,yellow,YES,263.1506185,2717.876754,109.982667
424000,4374500,ELKOH,24.6063,250000,6.9,82.6,424000 4374500,7.5,Tolerable,yellow,YES,263.461304,2718.1874395,110.2933525
424000,4374500,ELKOH,18.04462,250000,6.9,82.7,424000 4374500,5.5,Tolerable,yellow,YES,263.461304,2718.1874395,110.2933525
424000,4374500,ELKOH,4.92126,250000,7.16,82.91,424000 4374500,1.5,Tolerable,yellow,YES,263.461304,2718.1874395,110.2933525
424000,4374500,ELKOH,31.16798,250000,6.9,82.6,424000 4374500,9.5,Tolerable,yellow,YES,263.461304,2718.1874395,110.2933525
424000,4374500,ELKOH,21.32546,250000,6.9,82.6,424000 4374500,6.5,Tolerable,yellow,YES,263.461304,2718.1874395,110.2933525
424000,4374500,ELKOH,27.88714,250000,6.9,82.6,424000 4374500,8.5,Tolerable,yellow,YES,263.461304,2718.1874395,110.2933525
424000,4374500,ELKOH,1.64042,250000,7.21,83.01,424000 4374500,0.5,Tolerable,yellow,YES,263.461304,2718.1874395,110.2933525
424000,4374500,ELKOH,14.76378,250000,6.9,82.72,424000 4374500,4.5,Tolerable,yellow,YES,263.461304,2718.1874395,110.2933525
424000,4374500,ELKOH,8.2021,250000,7.01,82.72,424000 4374500,2.5,Tolerable,yellow,YES,263.461304,2718.1874395,110.2933525
424000,4374500,ELKOH,11.48294,250000,6.91,82.72,424000 4374500,3.5,Tolerable,yellow,YES,263.461304,2718.1874395,110.2933525
424500,4375000,ELKOH,14.76378,250000,6.91,82.66,424500 4375000,4.5,Tolerable,yellow,YES,263.7719895,2718.498125,110.604038
424500,4375000,ELKOH,8.2021,250000,7.02,82.64,424500 4375000,2.5,Tolerable,yellow,YES,263.7719895,2718.498125,110.604038
424500,4375000,ELKOH,21.32546,250000,6.9,82.6,424500 4375000,6.5,Tolerable,yellow,YES,263.7719895,2718.498125,110.604038
424500,4375000,ELKOH,18.04462,250000,6.9,82.7,424500 4375000,5.5,Tolerable,yellow,YES,263.7719895,2718.498125,110.604038
424500,4375000,ELKOH,4.92126,250000,7.17,82.84,424500 4375000,1.5,Tolerable,yellow,YES,263.7719895,2718.498125,110.604038
424500,4375000,ELKOH,1.64042,250000,7.22,82.94,424500 4375000,0.5,Tolerable,yellow,YES,263.7719895,2718.498125,110.604038
424500,4375000,ELKOH,11.48294,250000,6.91,82.65,424500 4375000,3.5,Tolerable,yellow,YES,263.7719895,2718.498125,110.604038
425000,4375300,C&DOH,18.04462,10000,7.07,82.86,425000 4375300,5.5,Tolerable,yellow,YES,264.082675,2718.6845363,110.7904493
425000,4375300,C&DOH,14.76378,10000,7.09,82.78,425000 4375300,4.5,Tolerable,yellow,YES,264.082675,2718.6845363,110.7904493
425000,4375300,C&DOH,21.32546,10000,7.05,82.79,425000 4375300,6.5,Tolerable,yellow,YES,264.082675,2718.6845363,110.7904493
425000,4375300,C&DOH,8.2021,10000,7.17,82.84,425000 4375300,2.5,Tolerable,yellow,YES,264.082675,2718.6845363,110.7904493
425000,4375300,C&DOH,11.48294,10000,7.09,82.8,425000 4375300,3.5,Tolerable,yellow,YES,264.082675,2718.6845363,110.7904493
425000,4375300,C&DOH,1.64042,10000,7.32,83.13,425000 4375300,0.5,Tolerable,yellow,YES,264.082675,2718.6845363,110.7904493
425000,4375300,C&DOH,24.6063,10000,7.03,82.79,425000 4375300,7.5,Tolerable,yellow,YES,264.082675,2718.6845363,110.7904493
425000,4375300,C&DOH,27.88714,10000,7.01,82.79,425000 4375300,8.5,Tolerable,yellow,YES,264.082675,2718.6845363,110.7904493
425000,4375300,C&DOH,4.92126,10000,7.28,83.04,425000 4375300,1.5,Tolerable,yellow,YES,264.082675,2718.6845363,110.7904493
425000,4375400,C&DOH,34.44882,10000,6.99,82.79,425000 4375400,10.5,Tolerable,yellow,YES,264.082675,2718.7466734,110.8525864
425000,4375400,C&DOH,1.64042,10000,7.32,83.14,425000 4375400,0.5,Tolerable,yellow,YES,264.082675,2718.7466734,110.8525864
425000,4375400,C&DOH,24.6063,10000,7.03,82.79,425000 4375400,7.5,Tolerable,yellow,YES,264.082675,2718.7466734,110.8525864
425000,4375400,C&DOH,31.16798,10000,7,82.79,425000 4375400,9.5,Tolerable,yellow,YES,264.082675,2718.7466734,110.8525864
425000,4375400,C&DOH,27.88714,10000,7.02,82.79,425000 4375400,8.5,Tolerable,yellow,YES,264.082675,2718.7466734,110.8525864
425000,4375400,C&DOH,14.76378,10000,7.09,82.78,425000 4375400,4.5,Tolerable,yellow,YES,264.082675,2718.7466734,110.8525864
425000,4375400,C&DOH,18.04462,10000,7.08,82.86,425000 4375400,5.5,Tolerable,yellow,YES,264.082675,2718.7466734,110.8525864
425000,4375400,C&DOH,11.48294,10000,7.1,82.8,425000 4375400,3.5,Tolerable,yellow,YES,264.082675,2718.7466734,110.8525864
425000,4375400,C&DOH,21.32546,10000,7.05,82.79,425000 4375400,6.5,Tolerable,yellow,YES,264.082675,2718.7466734,110.8525864
425000,4375400,C&DOH,4.92126,10000,7.29,83.04,425000 4375400,1.5,Tolerable,yellow,YES,264.082675,2718.7466734,110.8525864
425000,4375400,C&DOH,8.2021,10000,7.18,82.84,425000 4375400,2.5,Tolerable,yellow,YES,264.082675,2718.7466734,110.8525864
425100,4375400,C&DOH,4.92126,10000,7.3,83.05,425100 4375400,1.5,Tolerable,yellow,YES,264.1448121,2718.7466734,110.8525864
425100,4375400,C&DOH,34.44882,10000,6.99,82.8,425100 4375400,10.5,Tolerable,yellow,YES,264.1448121,2718.7466734,110.8525864
425100,4375400,C&DOH,21.32546,10000,7.06,82.8,425100 4375400,6.5,Tolerable,yellow,YES,264.1448121,2718.7466734,110.8525864
425100,4375400,C&DOH,31.16798,10000,7.01,82.8,425100 4375400,9.5,Tolerable,yellow,YES,264.1448121,2718.7466734,110.8525864
425100,4375400,C&DOH,8.2021,10000,7.19,82.85,425100 4375400,2.5,Tolerable,yellow,YES,264.1448121,2718.7466734,110.8525864
425100,4375400,C&DOH,1.64042,10000,7.33,83.15,425100 4375400,0.5,Tolerable,yellow,YES,264.1448121,2718.7466734,110.8525864
425100,4375400,C&DOH,18.04462,10000,7.09,82.88,425100 4375400,5.5,Tolerable,yellow,YES,264.1448121,2718.7466734,110.8525864
425100,4375400,C&DOH,24.6063,10000,7.04,82.8,425100 4375400,7.5,Tolerable,yellow,YES,264.1448121,2718.7466734,110.8525864
425100,4375400,C&DOH,11.48294,10000,7.11,82.81,425100 4375400,3.5,Tolerable,yellow,YES,264.1448121,2718.7466734,110.8525864
425100,4375400,C&DOH,14.76378,10000,7.11,82.79,425100 4375400,4.5,Tolerable,yellow,YES,264.1448121,2718.7466734,110.8525864
425100,4375400,C&DOH,27.88714,10000,7.02,82.8,425100 4375400,8.5,Tolerable,yellow,YES,264.1448121,2718.7466734,110.8525864
425100,4375500,C&DOH,1.64042,10000,7.34,83.15,425100 4375500,0.5,Tolerable,yellow,YES,264.1448121,2718.8088105,110.9147235
425100,4375500,C&DOH,14.76378,10000,7.11,82.79,425100 4375500,4.5,Tolerable,yellow,YES,264.1448121,2718.8088105,110.9147235
425100,4375500,C&DOH,4.92126,10000,7.3,83.05,425100 4375500,1.5,Tolerable,yellow,YES,264.1448121,2718.8088105,110.9147235
425100,4375500,C&DOH,34.44882,10000,7,82.81,425100 4375500,10.5,Tolerable,yellow,YES,264.1448121,2718.8088105,110.9147235
425100,4375500,C&DOH,18.04462,10000,7.09,82.88,425100 4375500,5.5,Tolerable,yellow,YES,264.1448121,2718.8088105,110.9147235
425100,4375500,C&DOH,8.2021,10000,7.2,82.86,425100 4375500,2.5,Tolerable,yellow,YES,264.1448121,2718.8088105,110.9147235
425100,4375500,C&DOH,21.32546,10000,7.06,82.81,425100 4375500,6.5,Tolerable,yellow,YES,264.1448121,2718.8088105,110.9147235
425100,4375500,C&DOH,24.6063,10000,7.04,82.81,425100 4375500,7.5,Tolerable,yellow,YES,264.1448121,2718.8088105,110.9147235
425100,4375500,C&DOH,31.16798,10000,7.01,82.81,425100 4375500,9.5,Tolerable,yellow,YES,264.1448121,2718.8088105,110.9147235
425100,4375500,C&DOH,27.88714,10000,7.03,82.81,425100 4375500,8.5,Tolerable,yellow,YES,264.1448121,2718.8088105,110.9147235
425100,4375500,C&DOH,11.48294,10000,7.12,82.81,425100 4375500,3.5,Tolerable,yellow,YES,264.1448121,2718.8088105,110.9147235
425200,4375500,C&DOH,21.32546,10000,7.08,82.82,425200 4375500,6.5,Tolerable,yellow,YES,264.2069492,2718.8088105,110.9147235
425200,4375500,C&DOH,11.48294,10000,7.13,82.82,425200 4375500,3.5,Tolerable,yellow,YES,264.2069492,2718.8088105,110.9147235
425200,4375500,C&DOH,31.16798,10000,7.02,82.82,425200 4375500,9.5,Tolerable,yellow,YES,264.2069492,2718.8088105,110.9147235
425200,4375500,C&DOH,8.2021,10000,7.21,82.87,425200 4375500,2.5,Tolerable,yellow,YES,264.2069492,2718.8088105,110.9147235
425200,4375500,C&DOH,24.6063,10000,7.05,82.82,425200 4375500,7.5,Tolerable,yellow,YES,264.2069492,2718.8088105,110.9147235
425200,4375500,C&DOH,27.88714,10000,7.04,82.82,425200 4375500,8.5,Tolerable,yellow,YES,264.2069492,2718.8088105,110.9147235
425200,4375500,C&DOH,18.04462,10000,7.11,82.89,425200 4375500,5.5,Tolerable,yellow,YES,264.2069492,2718.8088105,110.9147235
425200,4375500,C&DOH,1.64042,10000,7.34,83.16,425200 4375500,0.5,Tolerable,yellow,YES,264.2069492,2718.8088105,110.9147235
425200,4375500,C&DOH,4.92126,10000,7.31,83.07,425200 4375500,1.5,Tolerable,yellow,YES,264.2069492,2718.8088105,110.9147235
425200,4375500,C&DOH,14.76378,10000,7.13,82.8,425200 4375500,4.5,Tolerable,yellow,YES,264.2069492,2718.8088105,110.9147235
425200,4375500,C&DOH,34.44882,10000,7,82.82,425200 4375500,10.5,Tolerable,yellow,YES,264.2069492,2718.8088105,110.9147235
425300,4375600,C&DOH,31.16798,10000,7.03,82.84,425300 4375600,9.5,Tolerable,yellow,YES,264.2690863,2718.8709476,110.9768606
425300,4375600,C&DOH,11.48294,10000,7.15,82.83,425300 4375600,3.5,Tolerable,yellow,YES,264.2690863,2718.8709476,110.9768606
425300,4375600,C&DOH,27.88714,10000,7.05,82.84,425300 4375600,8.5,Tolerable,yellow,YES,264.2690863,2718.8709476,110.9768606
425300,4375600,C&DOH,21.32546,10000,7.09,82.84,425300 4375600,6.5,Tolerable,yellow,YES,264.2690863,2718.8709476,110.9768606
425300,4375600,C&DOH,24.6063,10000,7.07,82.84,425300 4375600,7.5,Tolerable,yellow,YES,264.2690863,2718.8709476,110.9768606
425300,4375600,C&DOH,18.04462,10000,7.13,82.91,425300 4375600,5.5,Tolerable,yellow,YES,264.2690863,2718.8709476,110.9768606
425300,4375600,C&DOH,1.64042,10000,7.36,83.18,425300 4375600,0.5,Tolerable,yellow,YES,264.2690863,2718.8709476,110.9768606
425300,4375600,C&DOH,8.2021,10000,7.22,82.89,425300 4375600,2.5,Tolerable,yellow,YES,264.2690863,2718.8709476,110.9768606
425300,4375600,C&DOH,4.92126,10000,7.32,83.08,425300 4375600,1.5,Tolerable,yellow,YES,264.2690863,2718.8709476,110.9768606
425300,4375600,C&DOH,14.76378,10000,7.15,82.81,425300 4375600,4.5,Tolerable,yellow,YES,264.2690863,2718.8709476,110.9768606
425300,4375600,C&DOH,34.44882,10000,7.01,82.84,425300 4375600,10.5,Tolerable,yellow,YES,264.2690863,2718.8709476,110.9768606
425400,4375600,C&DOH,31.16798,10000,7.04,82.86,425400 4375600,9.5,Tolerable,yellow,YES,264.3312234,2718.8709476,110.9768606
425400,4375600,C&DOH,14.76378,10000,7.16,82.82,425400 4375600,4.5,Tolerable,yellow,YES,264.3312234,2718.8709476,110.9768606
425400,4375600,C&DOH,34.44882,10000,7.02,82.86,425400 4375600,10.5,Tolerable,yellow,YES,264.3312234,2718.8709476,110.9768606
425400,4375600,C&DOH,11.48294,10000,7.17,82.84,425400 4375600,3.5,Tolerable,yellow,YES,264.3312234,2718.8709476,110.9768606
425400,4375600,C&DOH,4.92126,10000,7.33,83.1,425400 4375600,1.5,Tolerable,yellow,YES,264.3312234,2718.8709476,110.9768606
425400,4375600,C&DOH,27.88714,10000,7.06,82.86,425400 4375600,8.5,Tolerable,yellow,YES,264.3312234,2718.8709476,110.9768606
425400,4375600,C&DOH,1.64042,10000,7.36,83.2,425400 4375600,0.5,Tolerable,yellow,YES,264.3312234,2718.8709476,110.9768606
425400,4375600,C&DOH,8.2021,10000,7.24,82.9,425400 4375600,2.5,Tolerable,yellow,YES,264.3312234,2718.8709476,110.9768606
425400,4375600,C&DOH,18.04462,10000,7.14,82.92,425400 4375600,5.5,Tolerable,yellow,YES,264.3312234,2718.8709476,110.9768606
425400,4375600,C&DOH,24.6063,10000,7.08,82.86,425400 4375600,7.5,Tolerable,yellow,YES,264.3312234,2718.8709476,110.9768606
425400,4375600,C&DOH,21.32546,10000,7.1,82.86,425400 4375600,6.5,Tolerable,yellow,YES,264.3312234,2718.8709476,110.9768606
425400,4375700,C&DOH,24.6063,10000,7.08,82.86,425400 4375700,7.5,Tolerable,yellow,YES,264.3312234,2718.9330847,111.0389977
425400,4375700,C&DOH,34.44882,10000,7.02,82.86,425400 4375700,10.5,Tolerable,yellow,YES,264.3312234,2718.9330847,111.0389977
425400,4375700,C&DOH,27.88714,10000,7.06,82.86,425400 4375700,8.5,Tolerable,yellow,YES,264.3312234,2718.9330847,111.0389977
425400,4375700,C&DOH,18.04462,10000,7.15,82.93,425400 4375700,5.5,Tolerable,yellow,YES,264.3312234,2718.9330847,111.0389977
425400,4375700,C&DOH,21.32546,10000,7.11,82.86,425400 4375700,6.5,Tolerable,yellow,YES,264.3312234,2718.9330847,111.0389977
425400,4375700,C&DOH,14.76378,10000,7.16,82.82,425400 4375700,4.5,Tolerable,yellow,YES,264.3312234,2718.9330847,111.0389977
425400,4375700,C&DOH,8.2021,10000,7.24,82.91,425400 4375700,2.5,Tolerable,yellow,YES,264.3312234,2718.9330847,111.0389977
425400,4375700,C&DOH,31.16798,10000,7.04,82.86,425400 4375700,9.5,Tolerable,yellow,YES,264.3312234,2718.9330847,111.0389977
425400,4375700,C&DOH,11.48294,10000,7.17,82.84,425400 4375700,3.5,Tolerable,yellow,YES,264.3312234,2718.9330847,111.0389977
425400,4375700,C&DOH,1.64042,10000,7.37,83.2,425400 4375700,0.5,Tolerable,yellow,YES,264.3312234,2718.9330847,111.0389977
425400,4375700,C&DOH,4.92126,10000,7.33,83.1,425400 4375700,1.5,Tolerable,yellow,YES,264.3312234,2718.9330847,111.0389977
425500,4375700,C&DOH,18.04462,10000,7.16,82.94,425500 4375700,5.5,Tolerable,yellow,YES,264.3933605,2718.9330847,111.0389977
425500,4375700,C&DOH,4.92126,10000,7.34,83.12,425500 4375700,1.5,Tolerable,yellow,YES,264.3933605,2718.9330847,111.0389977
425500,4375700,C&DOH,1.64042,10000,7.37,83.22,425500 4375700,0.5,Tolerable,yellow,YES,264.3933605,2718.9330847,111.0389977
425500,4375700,C&DOH,21.32546,10000,7.12,82.88,425500 4375700,6.5,Tolerable,yellow,YES,264.3933605,2718.9330847,111.0389977
425500,4375700,C&DOH,8.2021,10000,7.25,82.92,425500 4375700,2.5,Tolerable,yellow,YES,264.3933605,2718.9330847,111.0389977
425500,4375700,C&DOH,31.16798,10000,7.05,82.88,425500 4375700,9.5,Tolerable,yellow,YES,264.3933605,2718.9330847,111.0389977
425500,4375700,C&DOH,34.44882,10000,7.03,82.88,425500 4375700,10.5,Tolerable,yellow,YES,264.3933605,2718.9330847,111.0389977
425500,4375700,C&DOH,14.76378,10000,7.18,82.83,425500 4375700,4.5,Tolerable,yellow,YES,264.3933605,2718.9330847,111.0389977
425500,4375700,C&DOH,27.88714,10000,7.07,82.88,425500 4375700,8.5,Tolerable,yellow,YES,264.3933605,2718.9330847,111.0389977
425500,4375700,C&DOH,24.6063,10000,7.09,82.88,425500 4375700,7.5,Tolerable,yellow,YES,264.3933605,2718.9330847,111.0389977
425500,4375700,C&DOH,11.48294,10000,7.19,82.86,425500 4375700,3.5,Tolerable,yellow,YES,264.3933605,2718.9330847,111.0389977
425500,4375800,C&DOH,1.64042,10000,7.38,83.22,425500 4375800,0.5,Tolerable,yellow,YES,264.3933605,2718.9952218,111.1011348
425500,4375800,C&DOH,34.44882,10000,7.03,82.88,425500 4375800,10.5,Tolerable,yellow,YES,264.3933605,2718.9952218,111.1011348
425500,4375800,C&DOH,31.16798,10000,7.05,82.88,425500 4375800,9.5,Tolerable,yellow,YES,264.3933605,2718.9952218,111.1011348
425500,4375800,C&DOH,21.32546,10000,7.12,82.88,425500 4375800,6.5,Tolerable,yellow,YES,264.3933605,2718.9952218,111.1011348
425500,4375800,C&DOH,24.6063,10000,7.09,82.88,425500 4375800,7.5,Tolerable,yellow,YES,264.3933605,2718.9952218,111.1011348
425500,4375800,C&DOH,18.04462,10000,7.16,82.94,425500 4375800,5.5,Tolerable,yellow,YES,264.3933605,2718.9952218,111.1011348
425500,4375800,C&DOH,27.88714,10000,7.07,82.88,425500 4375800,8.5,Tolerable,yellow,YES,264.3933605,2718.9952218,111.1011348
425500,4375800,C&DOH,8.2021,10000,7.26,82.93,425500 4375800,2.5,Tolerable,yellow,YES,264.3933605,2718.9952218,111.1011348
425500,4375800,C&DOH,14.76378,10000,7.18,82.83,425500 4375800,4.5,Tolerable,yellow,YES,264.3933605,2718.9952218,111.1011348
425500,4375800,C&DOH,11.48294,10000,7.19,82.86,425500 4375800,3.5,Tolerable,yellow,YES,264.3933605,2718.9952218,111.1011348
425500,4375800,C&DOH,4.92126,10000,7.35,83.12,425500 4375800,1.5,Tolerable,yellow,YES,264.3933605,2718.9952218,111.1011348
425600,4375700,C&DOH,31.16798,10000,7.06,82.89,425600 4375700,9.5,Tolerable,yellow,YES,264.4554976,2718.9330847,111.0389977
425600,4375700,C&DOH,24.6063,10000,7.1,82.89,425600 4375700,7.5,Tolerable,yellow,YES,264.4554976,2718.9330847,111.0389977
425600,4375700,C&DOH,27.88714,10000,7.08,82.89,425600 4375700,8.5,Tolerable,yellow,YES,264.4554976,2718.9330847,111.0389977
425600,4375700,C&DOH,11.48294,10000,7.2,82.87,425600 4375700,3.5,Tolerable,yellow,YES,264.4554976,2718.9330847,111.0389977
425600,4375700,C&DOH,34.44882,10000,7.04,82.89,425600 4375700,10.5,Tolerable,yellow,YES,264.4554976,2718.9330847,111.0389977
425600,4375700,C&DOH,21.32546,10000,7.13,82.89,425600 4375700,6.5,Tolerable,yellow,YES,264.4554976,2718.9330847,111.0389977
425600,4375700,C&DOH,4.92126,10000,7.35,83.14,425600 4375700,1.5,Tolerable,yellow,YES,264.4554976,2718.9330847,111.0389977
425600,4375700,C&DOH,8.2021,10000,7.27,82.94,425600 4375700,2.5,Tolerable,yellow,YES,264.4554976,2718.9330847,111.0389977
425600,4375700,C&DOH,18.04462,10000,7.17,82.95,425600 4375700,5.5,Tolerable,yellow,YES,264.4554976,2718.9330847,111.0389977
425600,4375700,C&DOH,1.64042,10000,7.38,83.23,425600 4375700,0.5,Tolerable,yellow,YES,264.4554976,2718.9330847,111.0389977
425600,4375700,C&DOH,14.76378,10000,7.19,82.84,425600 4375700,4.5,Tolerable,yellow,YES,264.4554976,2718.9330847,111.0389977
425600,4375800,C&DOH,11.48294,10000,7.21,82.87,425600 4375800,3.5,Tolerable,yellow,YES,264.4554976,2718.9952218,111.1011348
425600,4375800,C&DOH,18.04462,10000,7.18,82.96,425600 4375800,5.5,Tolerable,yellow,YES,264.4554976,2718.9952218,111.1011348
425600,4375800,C&DOH,4.92126,10000,7.36,83.14,425600 4375800,1.5,Tolerable,yellow,YES,264.4554976,2718.9952218,111.1011348
425600,4375800,C&DOH,34.44882,10000,7.04,82.9,425600 4375800,10.5,Tolerable,yellow,YES,264.4554976,2718.9952218,111.1011348
425600,4375800,C&DOH,14.76378,10000,7.2,82.84,425600 4375800,4.5,Tolerable,yellow,YES,264.4554976,2718.9952218,111.1011348
425600,4375800,C&DOH,31.16798,10000,7.06,82.9,425600 4375800,9.5,Tolerable,yellow,YES,264.4554976,2718.9952218,111.1011348
425600,4375800,C&DOH,24.6063,10000,7.1,82.9,425600 4375800,7.5,Tolerable,yellow,YES,264.4554976,2718.9952218,111.1011348
425600,4375800,C&DOH,8.2021,10000,7.27,82.94,425600 4375800,2.5,Tolerable,yellow,YES,264.4554976,2718.9952218,111.1011348
425600,4375800,C&DOH,1.64042,10000,7.39,83.24,425600 4375800,0.5,Tolerable,yellow,YES,264.4554976,2718.9952218,111.1011348
425600,4375800,C&DOH,21.32546,10000,7.14,82.9,425600 4375800,6.5,Tolerable,yellow,YES,264.4554976,2718.9952218,111.1011348
425600,4375800,C&DOH,27.88714,10000,7.08,82.9,425600 4375800,8.5,Tolerable,yellow,YES,264.4554976,2718.9952218,111.1011348
425600,4375900,C&DOH,18.04462,10000,7.18,82.96,425600 4375900,5.5,Tolerable,yellow,YES,264.4554976,2719.0573589,111.1632719
425600,4375900,C&DOH,21.32546,10000,7.14,82.9,425600 4375900,6.5,Tolerable,yellow,YES,264.4554976,2719.0573589,111.1632719
425600,4375900,C&DOH,14.76378,10000,7.2,82.84,425600 4375900,4.5,Tolerable,yellow,YES,264.4554976,2719.0573589,111.1632719
425600,4375900,C&DOH,8.2021,10000,7.28,82.95,425600 4375900,2.5,Tolerable,yellow,YES,264.4554976,2719.0573589,111.1632719
425600,4375900,C&DOH,31.16798,10000,7.06,82.9,425600 4375900,9.5,Tolerable,yellow,YES,264.4554976,2719.0573589,111.1632719
425600,4375900,C&DOH,27.88714,10000,7.08,82.9,425600 4375900,8.5,Tolerable,yellow,YES,264.4554976,2719.0573589,111.1632719
425600,4375900,C&DOH,4.92126,10000,7.36,83.14,425600 4375900,1.5,Tolerable,yellow,YES,264.4554976,2719.0573589,111.1632719
425600,4375900,C&DOH,34.44882,10000,7.04,82.9,425600 4375900,10.5,Tolerable,yellow,YES,264.4554976,2719.0573589,111.1632719
425600,4375900,C&DOH,11.48294,10000,7.21,82.87,425600 4375900,3.5,Tolerable,yellow,YES,264.4554976,2719.0573589,111.1632719
425600,4375900,C&DOH,24.6063,10000,7.11,82.9,425600 4375900,7.5,Tolerable,yellow,YES,264.4554976,2719.0573589,111.1632719
425600,4375900,C&DOH,1.64042,10000,7.39,83.24,425600 4375900,0.5,Tolerable,yellow,YES,264.4554976,2719.0573589,111.1632719
425700,4375900,C&DOH,27.88714,10000,7.09,82.92,425700 4375900,8.5,Tolerable,yellow,YES,264.5176347,2719.0573589,111.1632719
425700,4375900,C&DOH,21.32546,10000,7.15,82.92,425700 4375900,6.5,Tolerable,yellow,YES,264.5176347,2719.0573589,111.1632719
425700,4375900,C&DOH,24.6063,10000,7.12,82.92,425700 4375900,7.5,Tolerable,yellow,YES,264.5176347,2719.0573589,111.1632719
425700,4375900,C&DOH,18.04462,10000,7.2,82.97,425700 4375900,5.5,Tolerable,yellow,YES,264.5176347,2719.0573589,111.1632719
425700,4375900,C&DOH,1.64042,10000,7.4,83.26,425700 4375900,0.5,Tolerable,yellow,YES,264.5176347,2719.0573589,111.1632719
425700,4375900,C&DOH,31.16798,10000,7.07,82.92,425700 4375900,9.5,Tolerable,yellow,YES,264.5176347,2719.0573589,111.1632719
425700,4375900,C&DOH,14.76378,10000,7.22,82.85,425700 4375900,4.5,Tolerable,yellow,YES,264.5176347,2719.0573589,111.1632719
425700,4375900,C&DOH,11.48294,10000,7.23,82.89,425700 4375900,3.5,Tolerable,yellow,YES,264.5176347,2719.0573589,111.1632719
425700,4375900,C&DOH,4.92126,10000,7.37,83.16,425700 4375900,1.5,Tolerable,yellow,YES,264.5176347,2719.0573589,111.1632719
425700,4375900,C&DOH,34.44882,10000,7.05,82.92,425700 4375900,10.5,Tolerable,yellow,YES,264.5176347,2719.0573589,111.1632719
425700,4375900,C&DOH,8.2021,10000,7.29,82.96,425700 4375900,2.5,Tolerable,yellow,YES,264.5176347,2719.0573589,111.1632719
425800,4375900,C&DOH,8.2021,10000,7.3,82.98,425800 4375900,2.5,Tolerable,yellow,YES,264.5797718,2719.0573589,111.1632719
425800,4375900,C&DOH,21.32546,10000,7.16,82.94,425800 4375900,6.5,Tolerable,yellow,YES,264.5797718,2719.0573589,111.1632719
425800,4375900,C&DOH,4.92126,10000,7.38,83.18,425800 4375900,1.5,Tolerable,yellow,YES,264.5797718,2719.0573589,111.1632719
425800,4375900,C&DOH,18.04462,10000,7.21,82.99,425800 4375900,5.5,Tolerable,yellow,YES,264.5797718,2719.0573589,111.1632719
425800,4375900,C&DOH,34.44882,10000,7.06,82.94,425800 4375900,10.5,Tolerable,yellow,YES,264.5797718,2719.0573589,111.1632719
425800,4375900,C&DOH,14.76378,10000,7.23,82.87,425800 4375900,4.5,Tolerable,yellow,YES,264.5797718,2719.0573589,111.1632719
425800,4375900,C&DOH,11.48294,10000,7.24,82.9,425800 4375900,3.5,Tolerable,yellow,YES,264.5797718,2719.0573589,111.1632719
425800,4375900,C&DOH,24.6063,10000,7.13,82.94,425800 4375900,7.5,Tolerable,yellow,YES,264.5797718,2719.0573589,111.1632719
425800,4375900,C&DOH,1.64042,10000,7.41,83.28,425800 4375900,0.5,Tolerable,yellow,YES,264.5797718,2719.0573589,111.1632719
425800,4375900,C&DOH,31.16798,10000,7.08,82.94,425800 4375900,9.5,Tolerable,yellow,YES,264.5797718,2719.0573589,111.1632719
425800,4375900,C&DOH,27.88714,10000,7.1,82.94,425800 4375900,8.5,Tolerable,yellow,YES,264.5797718,2719.0573589,111.1632719
425800,4376000,C&DOH,31.16798,10000,7.08,82.94,425800 4376000,9.5,Tolerable,yellow,YES,264.5797718,2719.119496,111.225409
425800,4376000,C&DOH,8.2021,10000,7.3,82.99,425800 4376000,2.5,Tolerable,yellow,YES,264.5797718,2719.119496,111.225409
425800,4376000,C&DOH,18.04462,10000,7.21,82.99,425800 4376000,5.5,Tolerable,yellow,YES,264.5797718,2719.119496,111.225409
425800,4376000,C&DOH,21.32546,10000,7.17,82.94,425800 4376000,6.5,Tolerable,yellow,YES,264.5797718,2719.119496,111.225409
425800,4376000,C&DOH,34.44882,10000,7.06,82.94,425800 4376000,10.5,Tolerable,yellow,YES,264.5797718,2719.119496,111.225409
425800,4376000,C&DOH,27.88714,10000,7.11,82.94,425800 4376000,8.5,Tolerable,yellow,YES,264.5797718,2719.119496,111.225409
425800,4376000,C&DOH,14.76378,10000,7.24,82.87,425800 4376000,4.5,Tolerable,yellow,YES,264.5797718,2719.119496,111.225409
425800,4376000,C&DOH,1.64042,10000,7.41,83.28,425800 4376000,0.5,Tolerable,yellow,YES,264.5797718,2719.119496,111.225409
425800,4376000,C&DOH,24.6063,10000,7.13,82.94,425800 4376000,7.5,Tolerable,yellow,YES,264.5797718,2719.119496,111.225409
425800,4376000,C&DOH,4.92126,10000,7.38,83.18,425800 4376000,1.5,Tolerable,yellow,YES,264.5797718,2719.119496,111.225409
425800,4376000,C&DOH,11.48294,10000,7.24,82.9,425800 4376000,3.5,Tolerable,yellow,YES,264.5797718,2719.119496,111.225409
425900,4376000,C&DOH,4.92126,10000,7.39,83.2,425900 4376000,1.5,Tolerable,yellow,YES,264.6419089,2719.119496,111.225409
425900,4376000,C&DOH,8.2021,10000,7.32,83.01,425900 4376000,2.5,Tolerable,yellow,YES,264.6419089,2719.119496,111.225409
425900,4376000,C&DOH,24.6063,10000,7.14,82.95,425900 4376000,7.5,Tolerable,yellow,YES,264.6419089,2719.119496,111.225409
425900,4376000,C&DOH,34.44882,10000,7.06,82.95,425900 4376000,10.5,Tolerable,yellow,YES,264.6419089,2719.119496,111.225409
425900,4376000,C&DOH,14.76378,10000,7.25,82.88,425900 4376000,4.5,Tolerable,yellow,YES,264.6419089,2719.119496,111.225409
425900,4376000,C&DOH,18.04462,10000,7.23,83,425900 4376000,5.5,Tolerable,yellow,YES,264.6419089,2719.119496,111.225409
425900,4376000,C&DOH,1.64042,10000,7.42,83.3,425900 4376000,0.5,Tolerable,yellow,YES,264.6419089,2719.119496,111.225409
425900,4376000,C&DOH,21.32546,10000,7.18,82.95,425900 4376000,6.5,Tolerable,yellow,YES,264.6419089,2719.119496,111.225409
425900,4376000,C&DOH,11.48294,10000,7.26,82.92,425900 4376000,3.5,Tolerable,yellow,YES,264.6419089,2719.119496,111.225409
425900,4376000,C&DOH,27.88714,10000,7.12,82.95,425900 4376000,8.5,Tolerable,yellow,YES,264.6419089,2719.119496,111.225409
425900,4376000,C&DOH,31.16798,10000,7.09,82.95,425900 4376000,9.5,Tolerable,yellow,YES,264.6419089,2719.119496,111.225409
426000,4376000,C&DOH,8.2021,10000,7.33,83.03,426000 4376000,2.5,Tolerable,yellow,YES,264.704046,2719.119496,111.225409
426000,4376000,C&DOH,27.88714,10000,7.12,82.97,426000 4376000,8.5,Tolerable,yellow,YES,264.704046,2719.119496,111.225409
426000,4376000,C&DOH,11.48294,10000,7.28,82.93,426000 4376000,3.5,Tolerable,yellow,YES,264.704046,2719.119496,111.225409
426000,4376000,C&DOH,24.6063,10000,7.15,82.97,426000 4376000,7.5,Tolerable,yellow,YES,264.704046,2719.119496,111.225409
426000,4376000,C&DOH,34.44882,10000,7.07,82.97,426000 4376000,10.5,Tolerable,yellow,YES,264.704046,2719.119496,111.225409
426000,4376000,C&DOH,31.16798,10000,7.1,82.97,426000 4376000,9.5,Tolerable,yellow,YES,264.704046,2719.119496,111.225409
426000,4376000,C&DOH,1.64042,10000,7.43,83.32,426000 4376000,0.5,Tolerable,yellow,YES,264.704046,2719.119496,111.225409
426000,4376000,C&DOH,4.92126,10000,7.4,83.22,426000 4376000,1.5,Tolerable,yellow,YES,264.704046,2719.119496,111.225409
426000,4376000,C&DOH,21.32546,10000,7.19,82.97,426000 4376000,6.5,Tolerable,yellow,YES,264.704046,2719.119496,111.225409
426000,4376000,C&DOH,14.76378,10000,7.27,82.89,426000 4376000,4.5,Tolerable,yellow,YES,264.704046,2719.119496,111.225409
426000,4376000,C&DOH,18.04462,10000,7.24,83.02,426000 4376000,5.5,Tolerable,yellow,YES,264.704046,2719.119496,111.225409
426100,4376000,C&DOH,14.76378,10000,7.28,82.91,426100 4376000,4.5,Tolerable,yellow,YES,264.7661831,2719.119496,111.225409
426100,4376000,C&DOH,11.48294,10000,7.29,82.95,426100 4376000,3.5,Tolerable,yellow,YES,264.7661831,2719.119496,111.225409
426100,4376000,C&DOH,4.92126,10000,7.41,83.24,426100 4376000,1.5,Tolerable,yellow,YES,264.7661831,2719.119496,111.225409
426100,4376000,C&DOH,8.2021,10000,7.34,83.05,426100 4376000,2.5,Tolerable,yellow,YES,264.7661831,2719.119496,111.225409
426100,4376000,C&DOH,34.44882,10000,7.08,82.99,426100 4376000,10.5,Tolerable,yellow,YES,264.7661831,2719.119496,111.225409
426100,4376000,C&DOH,31.16798,10000,7.11,82.99,426100 4376000,9.5,Tolerable,yellow,YES,264.7661831,2719.119496,111.225409
426100,4376000,C&DOH,21.32546,10000,7.2,82.99,426100 4376000,6.5,Tolerable,yellow,YES,264.7661831,2719.119496,111.225409
426100,4376000,C&DOH,18.04462,10000,7.26,83.03,426100 4376000,5.5,Tolerable,yellow,YES,264.7661831,2719.119496,111.225409
426100,4376000,C&DOH,27.88714,10000,7.13,82.99,426100 4376000,8.5,Tolerable,yellow,YES,264.7661831,2719.119496,111.225409
426100,4376000,C&DOH,1.64042,10000,7.43,83.34,426100 4376000,0.5,Tolerable,yellow,YES,264.7661831,2719.119496,111.225409
426100,4376000,C&DOH,24.6063,10000,7.16,82.99,426100 4376000,7.5,Tolerable,yellow,YES,264.7661831,2719.119496,111.225409
426200,4376000,C&DOH,27.88714,10000,7.14,83,426200 4376000,8.5,Tolerable,yellow,YES,264.8283202,2719.119496,111.225409
426200,4376000,C&DOH,34.44882,10000,7.09,83,426200 4376000,10.5,Tolerable,yellow,YES,264.8283202,2719.119496,111.225409
426200,4376000,C&DOH,24.6063,10000,7.17,83,426200 4376000,7.5,Tolerable,yellow,YES,264.8283202,2719.119496,111.225409
426200,4376000,C&DOH,18.04462,10000,7.27,83.04,426200 4376000,5.5,Tolerable,yellow,YES,264.8283202,2719.119496,111.225409
426200,4376000,C&DOH,1.64042,10000,7.44,83.36,426200 4376000,0.5,Tolerable,yellow,YES,264.8283202,2719.119496,111.225409
426200,4376000,C&DOH,4.92126,10000,7.42,83.26,426200 4376000,1.5,Tolerable,yellow,YES,264.8283202,2719.119496,111.225409
426200,4376000,C&DOH,31.16798,10000,7.12,83,426200 4376000,9.5,Tolerable,yellow,YES,264.8283202,2719.119496,111.225409
426200,4376000,C&DOH,14.76378,10000,7.3,82.92,426200 4376000,4.5,Tolerable,yellow,YES,264.8283202,2719.119496,111.225409
426200,4376000,C&DOH,8.2021,10000,7.36,83.07,426200 4376000,2.5,Tolerable,yellow,YES,264.8283202,2719.119496,111.225409
426200,4376000,C&DOH,21.32546,10000,7.22,83,426200 4376000,6.5,Tolerable,yellow,YES,264.8283202,2719.119496,111.225409
426200,4376000,C&DOH,11.48294,10000,7.31,82.97,426200 4376000,3.5,Tolerable,yellow,YES,264.8283202,2719.119496,111.225409
426300,4376100,C&DOH,11.48294,10000,7.32,82.99,426300 4376100,3.5,Tolerable,yellow,YES,264.8904573,2719.1816331,111.2875461
426300,4376100,C&DOH,34.44882,10000,7.1,83.02,426300 4376100,10.5,Tolerable,yellow,YES,264.8904573,2719.1816331,111.2875461
426300,4376100,C&DOH,31.16798,10000,7.13,83.02,426300 4376100,9.5,Tolerable,yellow,YES,264.8904573,2719.1816331,111.2875461
426300,4376100,C&DOH,1.64042,10000,7.45,83.39,426300 4376100,0.5,Tolerable,yellow,YES,264.8904573,2719.1816331,111.2875461
426300,4376100,C&DOH,8.2021,10000,7.37,83.09,426300 4376100,2.5,Tolerable,yellow,YES,264.8904573,2719.1816331,111.2875461
426300,4376100,C&DOH,21.32546,10000,7.23,83.02,426300 4376100,6.5,Tolerable,yellow,YES,264.8904573,2719.1816331,111.2875461
426300,4376100,C&DOH,27.88714,10000,7.16,83.02,426300 4376100,8.5,Tolerable,yellow,YES,264.8904573,2719.1816331,111.2875461
426300,4376100,C&DOH,14.76378,10000,7.32,82.94,426300 4376100,4.5,Tolerable,yellow,YES,264.8904573,2719.1816331,111.2875461
426300,4376100,C&DOH,24.6063,10000,7.19,83.02,426300 4376100,7.5,Tolerable,yellow,YES,264.8904573,2719.1816331,111.2875461
426300,4376100,C&DOH,18.04462,10000,7.29,83.06,426300 4376100,5.5,Tolerable,yellow,YES,264.8904573,2719.1816331,111.2875461
426300,4376100,C&DOH,4.92126,10000,7.43,83.29,426300 4376100,1.5,Tolerable,yellow,YES,264.8904573,2719.1816331,111.2875461
426600,4376100,C&DOH,24.6063,10000,7.22,83.07,426600 4376100,7.5,Tolerable,yellow,YES,265.0768686,2719.1816331,111.2875461
426600,4376100,C&DOH,27.88714,10000,7.18,83.07,426600 4376100,8.5,Tolerable,yellow,YES,265.0768686,2719.1816331,111.2875461
426600,4376100,C&DOH,31.16798,10000,7.15,83.07,426600 4376100,9.5,Tolerable,yellow,YES,265.0768686,2719.1816331,111.2875461
426600,4376100,C&DOH,34.44882,10000,7.12,83.07,426600 4376100,10.5,Tolerable,yellow,YES,265.0768686,2719.1816331,111.2875461
426600,4376100,C&DOH,14.76378,10000,7.36,82.98,426600 4376100,4.5,Tolerable,yellow,YES,265.0768686,2719.1816331,111.2875461
426600,4376100,C&DOH,8.2021,10000,7.41,83.16,426600 4376100,2.5,Tolerable,yellow,YES,265.0768686,2719.1816331,111.2875461
426600,4376100,C&DOH,1.64042,10000,7.48,83.45,426600 4376100,0.5,Tolerable,yellow,YES,265.0768686,2719.1816331,111.2875461
426600,4376100,C&DOH,21.32546,10000,7.27,83.07,426600 4376100,6.5,Tolerable,yellow,YES,265.0768686,2719.1816331,111.2875461
426600,4376100,C&DOH,4.92126,10000,7.46,83.36,426600 4376100,1.5,Tolerable,yellow,YES,265.0768686,2719.1816331,111.2875461
426600,4376100,C&DOH,18.04462,10000,7.33,83.1,426600 4376100,5.5,Tolerable,yellow,YES,265.0768686,2719.1816331,111.2875461
426600,4376100,C&DOH,11.48294,10000,7.37,83.04,426600 4376100,3.5,Tolerable,yellow,YES,265.0768686,2719.1816331,111.2875461
426900,4376100,C&DOH,1.64042,10000,7.5,83.52,426900 4376100,0.5,Tolerable,yellow,YES,265.2632799,2719.1816331,111.2875461
426900,4376100,C&DOH,4.92126,10000,7.49,83.42,426900 4376100,1.5,Tolerable,yellow,YES,265.2632799,2719.1816331,111.2875461
426900,4376100,C&DOH,18.04462,10000,7.37,83.14,426900 4376100,5.5,Tolerable,yellow,YES,265.2632799,2719.1816331,111.2875461
426900,4376100,C&DOH,34.44882,10000,7.14,83.11,426900 4376100,10.5,Tolerable,yellow,YES,265.2632799,2719.1816331,111.2875461
426900,4376100,C&DOH,21.32546,10000,7.3,83.11,426900 4376100,6.5,Tolerable,yellow,YES,265.2632799,2719.1816331,111.2875461
426900,4376100,C&DOH,27.88714,10000,7.21,83.11,426900 4376100,8.5,Tolerable,yellow,YES,265.2632799,2719.1816331,111.2875461
426900,4376100,C&DOH,11.48294,10000,7.41,83.09,426900 4376100,3.5,Tolerable,yellow,YES,265.2632799,2719.1816331,111.2875461
426900,4376100,C&DOH,31.16798,10000,7.17,83.11,426900 4376100,9.5,Tolerable,yellow,YES,265.2632799,2719.1816331,111.2875461
426900,4376100,C&DOH,14.76378,10000,7.4,83.03,426900 4376100,4.5,Tolerable,yellow,YES,265.2632799,2719.1816331,111.2875461
426900,4376100,C&DOH,24.6063,10000,7.24,83.11,426900 4376100,7.5,Tolerable,yellow,YES,265.2632799,2719.1816331,111.2875461
426900,4376100,C&DOH,8.2021,10000,7.44,83.23,426900 4376100,2.5,Tolerable,yellow,YES,265.2632799,2719.1816331,111.2875461
427200,4376100,C&DOH,4.92126,10000,7.51,83.49,427200 4376100,1.5,Tolerable,yellow,YES,265.4496912,2719.1816331,111.2875461
427200,4376100,C&DOH,8.2021,10000,7.48,83.29,427200 4376100,2.5,Tolerable,yellow,YES,265.4496912,2719.1816331,111.2875461
427200,4376100,C&DOH,18.04462,10000,7.41,83.17,427200 4376100,5.5,Tolerable,yellow,YES,265.4496912,2719.1816331,111.2875461
427200,4376100,C&DOH,11.48294,10000,7.45,83.15,427200 4376100,3.5,Tolerable,yellow,YES,265.4496912,2719.1816331,111.2875461
427200,4376100,C&DOH,34.44882,10000,7.15,83.15,427200 4376100,10.5,Tolerable,yellow,YES,265.4496912,2719.1816331,111.2875461
427200,4376100,C&DOH,14.76378,10000,7.44,83.08,427200 4376100,4.5,Tolerable,yellow,YES,265.4496912,2719.1816331,111.2875461
427200,4376100,C&DOH,27.88714,10000,7.23,83.15,427200 4376100,8.5,Tolerable,yellow,YES,265.4496912,2719.1816331,111.2875461
427200,4376100,C&DOH,1.64042,10000,7.52,83.59,427200 4376100,0.5,Tolerable,yellow,YES,265.4496912,2719.1816331,111.2875461
427200,4376100,C&DOH,21.32546,10000,7.33,83.15,427200 4376100,6.5,Tolerable,yellow,YES,265.4496912,2719.1816331,111.2875461
427200,4376100,C&DOH,31.16798,10000,7.19,83.15,427200 4376100,9.5,Tolerable,yellow,YES,265.4496912,2719.1816331,111.2875461
427200,4376100,C&DOH,24.6063,10000,7.27,83.15,427200 4376100,7.5,Tolerable,yellow,YES,265.4496912,2719.1816331,111.2875461
427300,4376100,C&DOH,27.88714,10000,7.24,83.16,427300 4376100,8.5,Tolerable,yellow,YES,265.5118283,2719.1816331,111.2875461
427300,4376100,C&DOH,18.04462,10000,7.42,83.18,427300 4376100,5.5,Tolerable,yellow,YES,265.5118283,2719.1816331,111.2875461
427300,4376100,C&DOH,24.6063,10000,7.28,83.16,427300 4376100,7.5,Tolerable,yellow,YES,265.5118283,2719.1816331,111.2875461
427300,4376100,C&DOH,31.16798,10000,7.2,83.16,427300 4376100,9.5,Tolerable,yellow,YES,265.5118283,2719.1816331,111.2875461
427300,4376100,C&DOH,8.2021,10000,7.49,83.31,427300 4376100,2.5,Tolerable,yellow,YES,265.5118283,2719.1816331,111.2875461
427300,4376100,C&DOH,4.92126,10000,7.52,83.51,427300 4376100,1.5,Tolerable,yellow,YES,265.5118283,2719.1816331,111.2875461
427300,4376100,C&DOH,21.32546,10000,7.34,83.16,427300 4376100,6.5,Tolerable,yellow,YES,265.5118283,2719.1816331,111.2875461
427300,4376100,C&DOH,11.48294,10000,7.46,83.16,427300 4376100,3.5,Tolerable,yellow,YES,265.5118283,2719.1816331,111.2875461
427300,4376100,C&DOH,14.76378,10000,7.46,83.09,427300 4376100,4.5,Tolerable,yellow,YES,265.5118283,2719.1816331,111.2875461
427300,4376100,C&DOH,34.44882,10000,7.16,83.16,427300 4376100,10.5,Tolerable,yellow,YES,265.5118283,2719.1816331,111.2875461
427300,4376100,C&DOH,1.64042,10000,7.53,83.61,427300 4376100,0.5,Tolerable,yellow,YES,265.5118283,2719.1816331,111.2875461
427600,4376100,C&DOH,21.32546,10000,7.37,83.19,427600 4376100,6.5,Tolerable,yellow,YES,265.6982396,2719.1816331,111.2875461
427600,4376100,C&DOH,1.64042,10000,7.54,83.67,427600 4376100,0.5,Tolerable,yellow,YES,265.6982396,2719.1816331,111.2875461
427600,4376100,C&DOH,4.92126,10000,7.54,83.57,427600 4376100,1.5,Tolerable,yellow,YES,265.6982396,2719.1816331,111.2875461
427600,4376100,C&DOH,34.44882,10000,7.18,83.19,427600 4376100,10.5,Tolerable,yellow,YES,265.6982396,2719.1816331,111.2875461
427600,4376100,C&DOH,8.2021,10000,7.51,83.37,427600 4376100,2.5,Tolerable,yellow,YES,265.6982396,2719.1816331,111.2875461
427600,4376100,C&DOH,11.48294,10000,7.49,83.21,427600 4376100,3.5,Tolerable,yellow,YES,265.6982396,2719.1816331,111.2875461
427600,4376100,C&DOH,27.88714,10000,7.26,83.19,427600 4376100,8.5,Tolerable,yellow,YES,265.6982396,2719.1816331,111.2875461
427600,4376100,C&DOH,18.04462,10000,7.45,83.21,427600 4376100,5.5,Tolerable,yellow,YES,265.6982396,2719.1816331,111.2875461
427600,4376100,C&DOH,24.6063,10000,7.3,83.19,427600 4376100,7.5,Tolerable,yellow,YES,265.6982396,2719.1816331,111.2875461
427600,4376100,C&DOH,14.76378,10000,7.49,83.13,427600 4376100,4.5,Tolerable,yellow,YES,265.6982396,2719.1816331,111.2875461
427600,4376100,C&DOH,31.16798,10000,7.22,83.19,427600 4376100,9.5,Tolerable,yellow,YES,265.6982396,2719.1816331,111.2875461
427900,4376100,C&DOH,8.2021,10000,7.54,83.43,427900 4376100,2.5,Tolerable,yellow,YES,265.8846509,2719.1816331,111.2875461
427900,4376100,C&DOH,24.6063,10000,7.32,83.22,427900 4376100,7.5,Tolerable,yellow,YES,265.8846509,2719.1816331,111.2875461
427900,4376100,C&DOH,31.16798,10000,7.23,83.22,427900 4376100,9.5,Tolerable,yellow,YES,265.8846509,2719.1816331,111.2875461
427900,4376100,C&DOH,14.76378,10000,7.52,83.17,427900 4376100,4.5,Tolerable,yellow,YES,265.8846509,2719.1816331,111.2875461
427900,4376100,C&DOH,1.64042,10000,7.56,83.72,427900 4376100,0.5,Tolerable,yellow,YES,265.8846509,2719.1816331,111.2875461
427900,4376100,C&DOH,18.04462,10000,7.48,83.23,427900 4376100,5.5,Tolerable,yellow,YES,265.8846509,2719.1816331,111.2875461
427900,4376100,C&DOH,11.48294,10000,7.52,83.26,427900 4376100,3.5,Tolerable,yellow,YES,265.8846509,2719.1816331,111.2875461
427900,4376100,C&DOH,4.92126,10000,7.55,83.63,427900 4376100,1.5,Tolerable,yellow,YES,265.8846509,2719.1816331,111.2875461
427900,4376100,C&DOH,27.88714,10000,7.28,83.22,427900 4376100,8.5,Tolerable,yellow,YES,265.8846509,2719.1816331,111.2875461
427900,4376100,C&DOH,21.32546,10000,7.39,83.22,427900 4376100,6.5,Tolerable,yellow,YES,265.8846509,2719.1816331,111.2875461
427900,4376100,C&DOH,34.44882,10000,7.19,83.22,427900 4376100,10.5,Tolerable,yellow,YES,265.8846509,2719.1816331,111.2875461
428200,4376100,C&DOH,34.44882,10000,7.2,83.24,428200 4376100,10.5,Tolerable,yellow,YES,266.0710622,2719.1816331,111.2875461
428200,4376100,C&DOH,11.48294,10000,7.54,83.29,428200 4376100,3.5,Tolerable,yellow,YES,266.0710622,2719.1816331,111.2875461
428200,4376100,C&DOH,14.76378,10000,7.54,83.21,428200 4376100,4.5,Tolerable,yellow,YES,266.0710622,2719.1816331,111.2875461
428200,4376100,C&DOH,21.32546,10000,7.41,83.24,428200 4376100,6.5,Tolerable,yellow,YES,266.0710622,2719.1816331,111.2875461
428200,4376100,C&DOH,27.88714,10000,7.29,83.24,428200 4376100,8.5,Tolerable,yellow,YES,266.0710622,2719.1816331,111.2875461
428200,4376100,C&DOH,18.04462,10000,7.5,83.25,428200 4376100,5.5,Tolerable,yellow,YES,266.0710622,2719.1816331,111.2875461
428200,4376100,C&DOH,24.6063,10000,7.34,83.24,428200 4376100,7.5,Tolerable,yellow,YES,266.0710622,2719.1816331,111.2875461
428200,4376100,C&DOH,1.64042,10000,7.57,83.77,428200 4376100,0.5,Tolerable,yellow,YES,266.0710622,2719.1816331,111.2875461
428200,4376100,C&DOH,31.16798,10000,7.25,83.24,428200 4376100,9.5,Tolerable,yellow,YES,266.0710622,2719.1816331,111.2875461
428200,4376100,C&DOH,8.2021,10000,7.55,83.47,428200 4376100,2.5,Tolerable,yellow,YES,266.0710622,2719.1816331,111.2875461
428200,4376100,C&DOH,4.92126,10000,7.57,83.67,428200 4376100,1.5,Tolerable,yellow,YES,266.0710622,2719.1816331,111.2875461
