UTMX,UTMY,Segment,Sdepth,volume_m,DO,Wtemp,uniqueID,Sdepthm,habitat,color,keep,milesX,milesY,distfrommouth
375000,4266000,CB4MH,47.57218,1e+06,10.69,40.4,375000 4266000,14.5,Suitable,dodgerblue,YES,233.014125,2650.768686,42.8745989999998
375000,4266000,CB4MH,41.0105,1e+06,10.88,41.2,375000 4266000,12.5,Suitable,dodgerblue,YES,233.014125,2650.768686,42.8745989999998
375000,4266000,CB4MH,31.16798,1e+06,11.1,42.3,375000 4266000,9.5,Suitable,dodgerblue,YES,233.014125,2650.768686,42.8745989999998
375000,4266000,CB4MH,27.88714,1e+06,11.19,42.5,375000 4266000,8.5,Suitable,dodgerblue,YES,233.014125,2650.768686,42.8745989999998
375000,4266000,CB4MH,60.69554,1e+06,10.11,38.5,375000 4266000,18.5,Suitable,dodgerblue,YES,233.014125,2650.768686,42.8745989999998
375000,4266000,CB4MH,37.72966,1e+06,10.94,41.8,375000 4266000,11.5,Suitable,dodgerblue,YES,233.014125,2650.768686,42.8745989999998
375000,4266000,CB4MH,11.48294,1e+06,11.37,42.7,375000 4266000,3.5,Suitable,dodgerblue,YES,233.014125,2650.768686,42.8745989999998
375000,4266000,CB4MH,67.25722,1e+06,9.97,38,375000 4266000,20.5,Suitable,dodgerblue,YES,233.014125,2650.768686,42.8745989999998
375000,4266000,CB4MH,18.04462,1e+06,11.33,42.8,375000 4266000,5.5,Suitable,dodgerblue,YES,233.014125,2650.768686,42.8745989999998
375000,4266000,CB4MH,14.76378,1e+06,11.34,42.8,375000 4266000,4.5,Suitable,dodgerblue,YES,233.014125,2650.768686,42.8745989999998
375000,4266000,CB4MH,50.85302,1e+06,10.55,40,375000 4266000,15.5,Suitable,dodgerblue,YES,233.014125,2650.768686,42.8745989999998
375000,4266000,CB4MH,34.44882,1e+06,11.01,42.2,375000 4266000,10.5,Suitable,dodgerblue,YES,233.014125,2650.768686,42.8745989999998
375000,4266000,CB4MH,63.97638,1e+06,9.99,38.2,375000 4266000,19.5,Suitable,dodgerblue,YES,233.014125,2650.768686,42.8745989999998
375000,4266000,CB4MH,21.32546,1e+06,11.31,42.7,375000 4266000,6.5,Suitable,dodgerblue,YES,233.014125,2650.768686,42.8745989999998
375000,4266000,CB4MH,8.2021,1e+06,11.38,42.7,375000 4266000,2.5,Suitable,dodgerblue,YES,233.014125,2650.768686,42.8745989999998
375000,4266000,CB4MH,1.64042,1e+06,11.45,42.7,375000 4266000,0.5,Suitable,dodgerblue,YES,233.014125,2650.768686,42.8745989999998
375000,4266000,CB4MH,24.6063,1e+06,11.26,42.5,375000 4266000,7.5,Suitable,dodgerblue,YES,233.014125,2650.768686,42.8745989999998
375000,4266000,CB4MH,54.13386,1e+06,10.38,39.5,375000 4266000,16.5,Suitable,dodgerblue,YES,233.014125,2650.768686,42.8745989999998
375000,4266000,CB4MH,4.92126,1e+06,11.41,42.7,375000 4266000,1.5,Suitable,dodgerblue,YES,233.014125,2650.768686,42.8745989999998
375000,4266000,CB4MH,44.29134,1e+06,10.79,40.7,375000 4266000,13.5,Suitable,dodgerblue,YES,233.014125,2650.768686,42.8745989999998
375000,4266000,CB4MH,57.4147,1e+06,10.27,38.9,375000 4266000,17.5,Suitable,dodgerblue,YES,233.014125,2650.768686,42.8745989999998
375000,4267000,CB4MH,63.97638,1e+06,9.99,38,375000 4267000,19.5,Suitable,dodgerblue,YES,233.014125,2651.390057,43.49597
375000,4267000,CB4MH,11.48294,1e+06,11.39,42.6,375000 4267000,3.5,Suitable,dodgerblue,YES,233.014125,2651.390057,43.49597
375000,4267000,CB4MH,21.32546,1e+06,11.35,42.6,375000 4267000,6.5,Suitable,dodgerblue,YES,233.014125,2651.390057,43.49597
375000,4267000,CB4MH,8.2021,1e+06,11.39,42.6,375000 4267000,2.5,Suitable,dodgerblue,YES,233.014125,2651.390057,43.49597
375000,4267000,CB4MH,4.92126,1e+06,11.43,42.6,375000 4267000,1.5,Suitable,dodgerblue,YES,233.014125,2651.390057,43.49597
375000,4267000,CB4MH,31.16798,1e+06,11.13,42.3,375000 4267000,9.5,Suitable,dodgerblue,YES,233.014125,2651.390057,43.49597
375000,4267000,CB4MH,37.72966,1e+06,10.97,41.9,375000 4267000,11.5,Suitable,dodgerblue,YES,233.014125,2651.390057,43.49597
375000,4267000,CB4MH,47.57218,1e+06,10.72,40.4,375000 4267000,14.5,Suitable,dodgerblue,YES,233.014125,2651.390057,43.49597
375000,4267000,CB4MH,1.64042,1e+06,11.48,42.7,375000 4267000,0.5,Suitable,dodgerblue,YES,233.014125,2651.390057,43.49597
375000,4267000,CB4MH,14.76378,1e+06,11.37,42.7,375000 4267000,4.5,Suitable,dodgerblue,YES,233.014125,2651.390057,43.49597
375000,4267000,CB4MH,18.04462,1e+06,11.36,42.8,375000 4267000,5.5,Suitable,dodgerblue,YES,233.014125,2651.390057,43.49597
375000,4267000,CB4MH,57.4147,1e+06,10.26,38.9,375000 4267000,17.5,Suitable,dodgerblue,YES,233.014125,2651.390057,43.49597
375000,4267000,CB4MH,60.69554,1e+06,10.11,38.4,375000 4267000,18.5,Suitable,dodgerblue,YES,233.014125,2651.390057,43.49597
375000,4267000,CB4MH,34.44882,1e+06,11.03,42.2,375000 4267000,10.5,Suitable,dodgerblue,YES,233.014125,2651.390057,43.49597
375000,4267000,CB4MH,54.13386,1e+06,10.39,39.5,375000 4267000,16.5,Suitable,dodgerblue,YES,233.014125,2651.390057,43.49597
375000,4267000,CB4MH,67.25722,1e+06,9.98,37.9,375000 4267000,20.5,Suitable,dodgerblue,YES,233.014125,2651.390057,43.49597
375000,4267000,CB4MH,24.6063,1e+06,11.3,42.5,375000 4267000,7.5,Suitable,dodgerblue,YES,233.014125,2651.390057,43.49597
375000,4267000,CB4MH,41.0105,1e+06,10.91,41.4,375000 4267000,12.5,Suitable,dodgerblue,YES,233.014125,2651.390057,43.49597
375000,4267000,CB4MH,50.85302,1e+06,10.57,40,375000 4267000,15.5,Suitable,dodgerblue,YES,233.014125,2651.390057,43.49597
375000,4267000,CB4MH,70.53806,1e+06,10,37.7,375000 4267000,21.5,Suitable,dodgerblue,YES,233.014125,2651.390057,43.49597
375000,4267000,CB4MH,27.88714,1e+06,11.22,42.4,375000 4267000,8.5,Suitable,dodgerblue,YES,233.014125,2651.390057,43.49597
375000,4267000,CB4MH,44.29134,1e+06,10.82,40.8,375000 4267000,13.5,Suitable,dodgerblue,YES,233.014125,2651.390057,43.49597
375000,4268000,CB4MH,77.09974,1e+06,10,37.6,375000 4268000,23.5,Suitable,dodgerblue,YES,233.014125,2652.011428,44.1173410000001
375000,4268000,CB4MH,73.8189,1e+06,10,37.6,375000 4268000,22.5,Suitable,dodgerblue,YES,233.014125,2652.011428,44.1173410000001
375000,4268000,CB4MH,14.76378,1e+06,11.4,42.7,375000 4268000,4.5,Suitable,dodgerblue,YES,233.014125,2652.011428,44.1173410000001
375000,4268000,CB4MH,4.92126,1e+06,11.45,42.6,375000 4268000,1.5,Suitable,dodgerblue,YES,233.014125,2652.011428,44.1173410000001
375000,4268000,CB4MH,63.97638,1e+06,10,37.9,375000 4268000,19.5,Suitable,dodgerblue,YES,233.014125,2652.011428,44.1173410000001
375000,4268000,CB4MH,37.72966,1e+06,10.99,42,375000 4268000,11.5,Suitable,dodgerblue,YES,233.014125,2652.011428,44.1173410000001
375000,4268000,CB4MH,21.32546,1e+06,11.39,42.5,375000 4268000,6.5,Suitable,dodgerblue,YES,233.014125,2652.011428,44.1173410000001
375000,4268000,CB4MH,11.48294,1e+06,11.4,42.6,375000 4268000,3.5,Suitable,dodgerblue,YES,233.014125,2652.011428,44.1173410000001
375000,4268000,CB4MH,60.69554,1e+06,10.1,38.3,375000 4268000,18.5,Suitable,dodgerblue,YES,233.014125,2652.011428,44.1173410000001
375000,4268000,CB4MH,57.4147,1e+06,10.25,38.8,375000 4268000,17.5,Suitable,dodgerblue,YES,233.014125,2652.011428,44.1173410000001
375000,4268000,CB4MH,31.16798,1e+06,11.15,42.3,375000 4268000,9.5,Suitable,dodgerblue,YES,233.014125,2652.011428,44.1173410000001
375000,4268000,CB4MH,18.04462,1e+06,11.4,42.7,375000 4268000,5.5,Suitable,dodgerblue,YES,233.014125,2652.011428,44.1173410000001
375000,4268000,CB4MH,8.2021,1e+06,11.4,42.6,375000 4268000,2.5,Suitable,dodgerblue,YES,233.014125,2652.011428,44.1173410000001
375000,4268000,CB4MH,70.53806,1e+06,10,37.7,375000 4268000,21.5,Suitable,dodgerblue,YES,233.014125,2652.011428,44.1173410000001
375000,4268000,CB4MH,47.57218,1e+06,10.75,40.5,375000 4268000,14.5,Suitable,dodgerblue,YES,233.014125,2652.011428,44.1173410000001
375000,4268000,CB4MH,27.88714,1e+06,11.25,42.3,375000 4268000,8.5,Suitable,dodgerblue,YES,233.014125,2652.011428,44.1173410000001
375000,4268000,CB4MH,54.13386,1e+06,10.4,39.5,375000 4268000,16.5,Suitable,dodgerblue,YES,233.014125,2652.011428,44.1173410000001
375000,4268000,CB4MH,50.85302,1e+06,10.6,40.1,375000 4268000,15.5,Suitable,dodgerblue,YES,233.014125,2652.011428,44.1173410000001
375000,4268000,CB4MH,41.0105,1e+06,10.94,41.5,375000 4268000,12.5,Suitable,dodgerblue,YES,233.014125,2652.011428,44.1173410000001
375000,4268000,CB4MH,1.64042,1e+06,11.5,42.7,375000 4268000,0.5,Suitable,dodgerblue,YES,233.014125,2652.011428,44.1173410000001
375000,4268000,CB4MH,34.44882,1e+06,11.05,42.2,375000 4268000,10.5,Suitable,dodgerblue,YES,233.014125,2652.011428,44.1173410000001
375000,4268000,CB4MH,24.6063,1e+06,11.34,42.4,375000 4268000,7.5,Suitable,dodgerblue,YES,233.014125,2652.011428,44.1173410000001
375000,4268000,CB4MH,67.25722,1e+06,10,37.8,375000 4268000,20.5,Suitable,dodgerblue,YES,233.014125,2652.011428,44.1173410000001
375000,4268000,CB4MH,44.29134,1e+06,10.84,40.9,375000 4268000,13.5,Suitable,dodgerblue,YES,233.014125,2652.011428,44.1173410000001
375000,4269000,CB4MH,31.16798,1e+06,11.15,42.3,375000 4269000,9.5,Suitable,dodgerblue,YES,233.014125,2652.632799,44.7387119999999
375000,4269000,CB4MH,8.2021,1e+06,11.4,42.6,375000 4269000,2.5,Suitable,dodgerblue,YES,233.014125,2652.632799,44.7387119999999
375000,4269000,CB4MH,73.8189,1e+06,10,37.6,375000 4269000,22.5,Suitable,dodgerblue,YES,233.014125,2652.632799,44.7387119999999
375000,4269000,CB4MH,47.57218,1e+06,10.75,40.5,375000 4269000,14.5,Suitable,dodgerblue,YES,233.014125,2652.632799,44.7387119999999
375000,4269000,CB4MH,27.88714,1e+06,11.25,42.3,375000 4269000,8.5,Suitable,dodgerblue,YES,233.014125,2652.632799,44.7387119999999
375000,4269000,CB4MH,1.64042,1e+06,11.5,42.7,375000 4269000,0.5,Suitable,dodgerblue,YES,233.014125,2652.632799,44.7387119999999
375000,4269000,CB4MH,37.72966,1e+06,11,42,375000 4269000,11.5,Suitable,dodgerblue,YES,233.014125,2652.632799,44.7387119999999
375000,4269000,CB4MH,11.48294,1e+06,11.4,42.6,375000 4269000,3.5,Suitable,dodgerblue,YES,233.014125,2652.632799,44.7387119999999
375000,4269000,CB4MH,54.13386,1e+06,10.4,39.5,375000 4269000,16.5,Suitable,dodgerblue,YES,233.014125,2652.632799,44.7387119999999
375000,4269000,CB4MH,14.76378,1e+06,11.4,42.7,375000 4269000,4.5,Suitable,dodgerblue,YES,233.014125,2652.632799,44.7387119999999
375000,4269000,CB4MH,24.6063,1e+06,11.35,42.4,375000 4269000,7.5,Suitable,dodgerblue,YES,233.014125,2652.632799,44.7387119999999
375000,4269000,CB4MH,44.29134,1e+06,10.85,40.9,375000 4269000,13.5,Suitable,dodgerblue,YES,233.014125,2652.632799,44.7387119999999
375000,4269000,CB4MH,18.04462,1e+06,11.4,42.7,375000 4269000,5.5,Suitable,dodgerblue,YES,233.014125,2652.632799,44.7387119999999
375000,4269000,CB4MH,4.92126,1e+06,11.45,42.6,375000 4269000,1.5,Suitable,dodgerblue,YES,233.014125,2652.632799,44.7387119999999
375000,4269000,CB4MH,63.97638,1e+06,10,37.9,375000 4269000,19.5,Suitable,dodgerblue,YES,233.014125,2652.632799,44.7387119999999
375000,4269000,CB4MH,21.32546,1e+06,11.4,42.5,375000 4269000,6.5,Suitable,dodgerblue,YES,233.014125,2652.632799,44.7387119999999
375000,4269000,CB4MH,70.53806,1e+06,10,37.7,375000 4269000,21.5,Suitable,dodgerblue,YES,233.014125,2652.632799,44.7387119999999
375000,4269000,CB4MH,67.25722,1e+06,10,37.8,375000 4269000,20.5,Suitable,dodgerblue,YES,233.014125,2652.632799,44.7387119999999
375000,4269000,CB4MH,60.69554,1e+06,10.1,38.3,375000 4269000,18.5,Suitable,dodgerblue,YES,233.014125,2652.632799,44.7387119999999
375000,4269000,CB4MH,50.85302,1e+06,10.6,40.1,375000 4269000,15.5,Suitable,dodgerblue,YES,233.014125,2652.632799,44.7387119999999
375000,4269000,CB4MH,41.0105,1e+06,10.95,41.5,375000 4269000,12.5,Suitable,dodgerblue,YES,233.014125,2652.632799,44.7387119999999
375000,4269000,CB4MH,57.4147,1e+06,10.25,38.8,375000 4269000,17.5,Suitable,dodgerblue,YES,233.014125,2652.632799,44.7387119999999
375000,4269000,CB4MH,34.44882,1e+06,11.05,42.2,375000 4269000,10.5,Suitable,dodgerblue,YES,233.014125,2652.632799,44.7387119999999
375000,4270000,CB4MH,21.32546,1e+06,11.37,42.6,375000 4270000,6.5,Suitable,dodgerblue,YES,233.014125,2653.25417,45.360083
375000,4270000,CB4MH,34.44882,1e+06,11.02,42.2,375000 4270000,10.5,Suitable,dodgerblue,YES,233.014125,2653.25417,45.360083
375000,4270000,CB4MH,24.6063,1e+06,11.32,42.5,375000 4270000,7.5,Suitable,dodgerblue,YES,233.014125,2653.25417,45.360083
375000,4270000,CB4MH,67.25722,1e+06,9.98,37.9,375000 4270000,20.5,Suitable,dodgerblue,YES,233.014125,2653.25417,45.360083
375000,4270000,CB4MH,37.72966,1e+06,10.96,41.9,375000 4270000,11.5,Suitable,dodgerblue,YES,233.014125,2653.25417,45.360083
375000,4270000,CB4MH,57.4147,1e+06,10.26,38.8,375000 4270000,17.5,Suitable,dodgerblue,YES,233.014125,2653.25417,45.360083
375000,4270000,CB4MH,1.64042,1e+06,11.5,42.7,375000 4270000,0.5,Suitable,dodgerblue,YES,233.014125,2653.25417,45.360083
375000,4270000,CB4MH,8.2021,1e+06,11.41,42.6,375000 4270000,2.5,Suitable,dodgerblue,YES,233.014125,2653.25417,45.360083
375000,4270000,CB4MH,14.76378,1e+06,11.39,42.7,375000 4270000,4.5,Suitable,dodgerblue,YES,233.014125,2653.25417,45.360083
375000,4270000,CB4MH,18.04462,1e+06,11.38,42.7,375000 4270000,5.5,Suitable,dodgerblue,YES,233.014125,2653.25417,45.360083
375000,4270000,CB4MH,4.92126,1e+06,11.45,42.6,375000 4270000,1.5,Suitable,dodgerblue,YES,233.014125,2653.25417,45.360083
375000,4270000,CB4MH,27.88714,1e+06,11.22,42.3,375000 4270000,8.5,Suitable,dodgerblue,YES,233.014125,2653.25417,45.360083
375000,4270000,CB4MH,47.57218,1e+06,10.72,40.4,375000 4270000,14.5,Suitable,dodgerblue,YES,233.014125,2653.25417,45.360083
375000,4270000,CB4MH,54.13386,1e+06,10.39,39.5,375000 4270000,16.5,Suitable,dodgerblue,YES,233.014125,2653.25417,45.360083
375000,4270000,CB4MH,63.97638,1e+06,9.99,38,375000 4270000,19.5,Suitable,dodgerblue,YES,233.014125,2653.25417,45.360083
375000,4270000,CB4MH,11.48294,1e+06,11.41,42.6,375000 4270000,3.5,Suitable,dodgerblue,YES,233.014125,2653.25417,45.360083
375000,4270000,CB4MH,31.16798,1e+06,11.12,42.3,375000 4270000,9.5,Suitable,dodgerblue,YES,233.014125,2653.25417,45.360083
375000,4270000,CB4MH,44.29134,1e+06,10.82,40.8,375000 4270000,13.5,Suitable,dodgerblue,YES,233.014125,2653.25417,45.360083
375000,4270000,CB4MH,41.0105,1e+06,10.91,41.3,375000 4270000,12.5,Suitable,dodgerblue,YES,233.014125,2653.25417,45.360083
375000,4270000,CB4MH,60.69554,1e+06,10.1,38.4,375000 4270000,18.5,Suitable,dodgerblue,YES,233.014125,2653.25417,45.360083
375000,4270000,CB4MH,50.85302,1e+06,10.57,40,375000 4270000,15.5,Suitable,dodgerblue,YES,233.014125,2653.25417,45.360083
375000,4271000,CB4MH,37.72966,1e+06,10.91,41.7,375000 4271000,11.5,Suitable,dodgerblue,YES,233.014125,2653.875541,45.9814539999998
375000,4271000,CB4MH,18.04462,1e+06,11.37,42.8,375000 4271000,5.5,Suitable,dodgerblue,YES,233.014125,2653.875541,45.9814539999998
375000,4271000,CB4MH,44.29134,1e+06,10.77,40.6,375000 4271000,13.5,Suitable,dodgerblue,YES,233.014125,2653.875541,45.9814539999998
375000,4271000,CB4MH,63.97638,1e+06,9.99,38.1,375000 4271000,19.5,Suitable,dodgerblue,YES,233.014125,2653.875541,45.9814539999998
375000,4271000,CB4MH,57.4147,1e+06,10.26,38.9,375000 4271000,17.5,Suitable,dodgerblue,YES,233.014125,2653.875541,45.9814539999998
375000,4271000,CB4MH,54.13386,1e+06,10.37,39.4,375000 4271000,16.5,Suitable,dodgerblue,YES,233.014125,2653.875541,45.9814539999998
375000,4271000,CB4MH,21.32546,1e+06,11.35,42.6,375000 4271000,6.5,Suitable,dodgerblue,YES,233.014125,2653.875541,45.9814539999998
375000,4271000,CB4MH,31.16798,1e+06,11.09,42.3,375000 4271000,9.5,Suitable,dodgerblue,YES,233.014125,2653.875541,45.9814539999998
375000,4271000,CB4MH,8.2021,1e+06,11.43,42.6,375000 4271000,2.5,Suitable,dodgerblue,YES,233.014125,2653.875541,45.9814539999998
375000,4271000,CB4MH,27.88714,1e+06,11.2,42.4,375000 4271000,8.5,Suitable,dodgerblue,YES,233.014125,2653.875541,45.9814539999998
375000,4271000,CB4MH,24.6063,1e+06,11.29,42.5,375000 4271000,7.5,Suitable,dodgerblue,YES,233.014125,2653.875541,45.9814539999998
375000,4271000,CB4MH,11.48294,1e+06,11.42,42.6,375000 4271000,3.5,Suitable,dodgerblue,YES,233.014125,2653.875541,45.9814539999998
375000,4271000,CB4MH,50.85302,1e+06,10.54,39.9,375000 4271000,15.5,Suitable,dodgerblue,YES,233.014125,2653.875541,45.9814539999998
375000,4271000,CB4MH,14.76378,1e+06,11.39,42.7,375000 4271000,4.5,Suitable,dodgerblue,YES,233.014125,2653.875541,45.9814539999998
375000,4271000,CB4MH,1.64042,1e+06,11.5,42.7,375000 4271000,0.5,Suitable,dodgerblue,YES,233.014125,2653.875541,45.9814539999998
375000,4271000,CB4MH,41.0105,1e+06,10.85,41.1,375000 4271000,12.5,Suitable,dodgerblue,YES,233.014125,2653.875541,45.9814539999998
375000,4271000,CB4MH,60.69554,1e+06,10.11,38.5,375000 4271000,18.5,Suitable,dodgerblue,YES,233.014125,2653.875541,45.9814539999998
375000,4271000,CB4MH,34.44882,1e+06,10.99,42.1,375000 4271000,10.5,Suitable,dodgerblue,YES,233.014125,2653.875541,45.9814539999998
375000,4271000,CB4MH,47.57218,1e+06,10.68,40.3,375000 4271000,14.5,Suitable,dodgerblue,YES,233.014125,2653.875541,45.9814539999998
375000,4271000,CB4MH,4.92126,1e+06,11.46,42.6,375000 4271000,1.5,Suitable,dodgerblue,YES,233.014125,2653.875541,45.9814539999998
375000,4271000,CB4MH,67.25722,1e+06,9.97,38,375000 4271000,20.5,Suitable,dodgerblue,YES,233.014125,2653.875541,45.9814539999998
375000,4272000,CB4MH,11.48294,1e+06,11.43,42.6,375000 4272000,3.5,Suitable,dodgerblue,YES,233.014125,2654.496912,46.6028249999999
375000,4272000,CB4MH,8.2021,1e+06,11.44,42.6,375000 4272000,2.5,Suitable,dodgerblue,YES,233.014125,2654.496912,46.6028249999999
375000,4272000,CB4MH,31.16798,1e+06,11.04,42.2,375000 4272000,9.5,Suitable,dodgerblue,YES,233.014125,2654.496912,46.6028249999999
375000,4272000,CB4MH,63.97638,1e+06,9.99,38.2,375000 4272000,19.5,Suitable,dodgerblue,YES,233.014125,2654.496912,46.6028249999999
375000,4272000,CB4MH,37.72966,1e+06,10.84,41.5,375000 4272000,11.5,Suitable,dodgerblue,YES,233.014125,2654.496912,46.6028249999999
375000,4272000,CB4MH,50.85302,1e+06,10.5,39.8,375000 4272000,15.5,Suitable,dodgerblue,YES,233.014125,2654.496912,46.6028249999999
375000,4272000,CB4MH,1.64042,1e+06,11.5,42.7,375000 4272000,0.5,Suitable,dodgerblue,YES,233.014125,2654.496912,46.6028249999999
375000,4272000,CB4MH,21.32546,1e+06,11.35,42.7,375000 4272000,6.5,Suitable,dodgerblue,YES,233.014125,2654.496912,46.6028249999999
375000,4272000,CB4MH,14.76378,1e+06,11.4,42.8,375000 4272000,4.5,Suitable,dodgerblue,YES,233.014125,2654.496912,46.6028249999999
375000,4272000,CB4MH,44.29134,1e+06,10.71,40.5,375000 4272000,13.5,Suitable,dodgerblue,YES,233.014125,2654.496912,46.6028249999999
375000,4272000,CB4MH,24.6063,1e+06,11.28,42.5,375000 4272000,7.5,Suitable,dodgerblue,YES,233.014125,2654.496912,46.6028249999999
375000,4272000,CB4MH,54.13386,1e+06,10.35,39.3,375000 4272000,16.5,Suitable,dodgerblue,YES,233.014125,2654.496912,46.6028249999999
375000,4272000,CB4MH,60.69554,1e+06,10.11,38.5,375000 4272000,18.5,Suitable,dodgerblue,YES,233.014125,2654.496912,46.6028249999999
375000,4272000,CB4MH,41.0105,1e+06,10.78,40.9,375000 4272000,12.5,Suitable,dodgerblue,YES,233.014125,2654.496912,46.6028249999999
375000,4272000,CB4MH,27.88714,1e+06,11.17,42.4,375000 4272000,8.5,Suitable,dodgerblue,YES,233.014125,2654.496912,46.6028249999999
375000,4272000,CB4MH,67.25722,1e+06,9.97,38.1,375000 4272000,20.5,Suitable,dodgerblue,YES,233.014125,2654.496912,46.6028249999999
375000,4272000,CB4MH,47.57218,1e+06,10.63,40.2,375000 4272000,14.5,Suitable,dodgerblue,YES,233.014125,2654.496912,46.6028249999999
375000,4272000,CB4MH,18.04462,1e+06,11.37,42.8,375000 4272000,5.5,Suitable,dodgerblue,YES,233.014125,2654.496912,46.6028249999999
375000,4272000,CB4MH,4.92126,1e+06,11.47,42.7,375000 4272000,1.5,Suitable,dodgerblue,YES,233.014125,2654.496912,46.6028249999999
375000,4272000,CB4MH,34.44882,1e+06,10.93,42,375000 4272000,10.5,Suitable,dodgerblue,YES,233.014125,2654.496912,46.6028249999999
375000,4272000,CB4MH,57.4147,1e+06,10.26,38.9,375000 4272000,17.5,Suitable,dodgerblue,YES,233.014125,2654.496912,46.6028249999999
375000,4273000,CB4MH,14.76378,1e+06,11.44,42.9,375000 4273000,4.5,Suitable,dodgerblue,YES,233.014125,2655.118283,47.2241960000001
375000,4273000,CB4MH,24.6063,1e+06,11.31,42.7,375000 4273000,7.5,Suitable,dodgerblue,YES,233.014125,2655.118283,47.2241960000001
375000,4273000,CB4MH,18.04462,1e+06,11.41,43,375000 4273000,5.5,Suitable,dodgerblue,YES,233.014125,2655.118283,47.2241960000001
375000,4273000,CB4MH,44.29134,1e+06,10.64,40.2,375000 4273000,13.5,Suitable,dodgerblue,YES,233.014125,2655.118283,47.2241960000001
375000,4273000,CB4MH,1.64042,1e+06,11.53,42.9,375000 4273000,0.5,Suitable,dodgerblue,YES,233.014125,2655.118283,47.2241960000001
375000,4273000,CB4MH,37.72966,1e+06,10.75,41.2,375000 4273000,11.5,Suitable,dodgerblue,YES,233.014125,2655.118283,47.2241960000001
375000,4273000,CB4MH,50.85302,1e+06,10.46,39.6,375000 4273000,15.5,Suitable,dodgerblue,YES,233.014125,2655.118283,47.2241960000001
375000,4273000,CB4MH,21.32546,1e+06,11.39,42.8,375000 4273000,6.5,Suitable,dodgerblue,YES,233.014125,2655.118283,47.2241960000001
375000,4273000,CB4MH,54.13386,1e+06,10.33,39.2,375000 4273000,16.5,Suitable,dodgerblue,YES,233.014125,2655.118283,47.2241960000001
375000,4273000,CB4MH,31.16798,1e+06,10.98,42.1,375000 4273000,9.5,Suitable,dodgerblue,YES,233.014125,2655.118283,47.2241960000001
375000,4273000,CB4MH,60.69554,1e+06,10.12,38.5,375000 4273000,18.5,Suitable,dodgerblue,YES,233.014125,2655.118283,47.2241960000001
375000,4273000,CB4MH,47.57218,1e+06,10.57,39.9,375000 4273000,14.5,Suitable,dodgerblue,YES,233.014125,2655.118283,47.2241960000001
375000,4273000,CB4MH,41.0105,1e+06,10.7,40.6,375000 4273000,12.5,Suitable,dodgerblue,YES,233.014125,2655.118283,47.2241960000001
375000,4273000,CB4MH,4.92126,1e+06,11.5,42.9,375000 4273000,1.5,Suitable,dodgerblue,YES,233.014125,2655.118283,47.2241960000001
375000,4273000,CB4MH,57.4147,1e+06,10.25,38.8,375000 4273000,17.5,Suitable,dodgerblue,YES,233.014125,2655.118283,47.2241960000001
375000,4273000,CB4MH,34.44882,1e+06,10.86,41.7,375000 4273000,10.5,Suitable,dodgerblue,YES,233.014125,2655.118283,47.2241960000001
375000,4273000,CB4MH,8.2021,1e+06,11.49,42.9,375000 4273000,2.5,Suitable,dodgerblue,YES,233.014125,2655.118283,47.2241960000001
375000,4273000,CB4MH,27.88714,1e+06,11.14,42.3,375000 4273000,8.5,Suitable,dodgerblue,YES,233.014125,2655.118283,47.2241960000001
375000,4273000,CB4MH,11.48294,1e+06,11.48,42.8,375000 4273000,3.5,Suitable,dodgerblue,YES,233.014125,2655.118283,47.2241960000001
375000,4286000,CB4MH,50.85302,1e+06,10.29,39.3,375000 4286000,15.5,Suitable,dodgerblue,YES,233.014125,2663.196106,55.3020189999998
375000,4286000,CB4MH,41.0105,1e+06,10.42,40.1,375000 4286000,12.5,Suitable,dodgerblue,YES,233.014125,2663.196106,55.3020189999998
375000,4286000,CB4MH,73.8189,1e+06,9.87,37.9,375000 4286000,22.5,Suitable,dodgerblue,YES,233.014125,2663.196106,55.3020189999998
375000,4286000,CB4MH,4.92126,1e+06,11.66,43.2,375000 4286000,1.5,Suitable,dodgerblue,YES,233.014125,2663.196106,55.3020189999998
375000,4286000,CB4MH,44.29134,1e+06,10.4,39.9,375000 4286000,13.5,Suitable,dodgerblue,YES,233.014125,2663.196106,55.3020189999998
375000,4286000,CB4MH,21.32546,1e+06,11.41,42.7,375000 4286000,6.5,Suitable,dodgerblue,YES,233.014125,2663.196106,55.3020189999998
375000,4286000,CB4MH,1.64042,1e+06,11.67,43.3,375000 4286000,0.5,Suitable,dodgerblue,YES,233.014125,2663.196106,55.3020189999998
375000,4286000,CB4MH,24.6063,1e+06,11.26,42.5,375000 4286000,7.5,Suitable,dodgerblue,YES,233.014125,2663.196106,55.3020189999998
375000,4286000,CB4MH,54.13386,1e+06,10.21,39,375000 4286000,16.5,Suitable,dodgerblue,YES,233.014125,2663.196106,55.3020189999998
375000,4286000,CB4MH,70.53806,1e+06,9.88,38,375000 4286000,21.5,Suitable,dodgerblue,YES,233.014125,2663.196106,55.3020189999998
375000,4286000,CB4MH,11.48294,1e+06,11.62,43.1,375000 4286000,3.5,Suitable,dodgerblue,YES,233.014125,2663.196106,55.3020189999998
375000,4286000,CB4MH,37.72966,1e+06,10.46,40.4,375000 4286000,11.5,Suitable,dodgerblue,YES,233.014125,2663.196106,55.3020189999998
375000,4286000,CB4MH,8.2021,1e+06,11.63,43.2,375000 4286000,2.5,Suitable,dodgerblue,YES,233.014125,2663.196106,55.3020189999998
375000,4286000,CB4MH,34.44882,1e+06,10.56,40.9,375000 4286000,10.5,Suitable,dodgerblue,YES,233.014125,2663.196106,55.3020189999998
375000,4286000,CB4MH,27.88714,1e+06,10.84,42,375000 4286000,8.5,Suitable,dodgerblue,YES,233.014125,2663.196106,55.3020189999998
375000,4286000,CB4MH,47.57218,1e+06,10.36,39.6,375000 4286000,14.5,Suitable,dodgerblue,YES,233.014125,2663.196106,55.3020189999998
375000,4286000,CB4MH,63.97638,1e+06,9.97,38.2,375000 4286000,19.5,Suitable,dodgerblue,YES,233.014125,2663.196106,55.3020189999998
375000,4286000,CB4MH,57.4147,1e+06,10.15,38.7,375000 4286000,17.5,Suitable,dodgerblue,YES,233.014125,2663.196106,55.3020189999998
375000,4286000,CB4MH,67.25722,1e+06,9.92,38.1,375000 4286000,20.5,Suitable,dodgerblue,YES,233.014125,2663.196106,55.3020189999998
375000,4286000,CB4MH,14.76378,1e+06,11.59,42.9,375000 4286000,4.5,Suitable,dodgerblue,YES,233.014125,2663.196106,55.3020189999998
375000,4286000,CB4MH,18.04462,1e+06,11.5,42.9,375000 4286000,5.5,Suitable,dodgerblue,YES,233.014125,2663.196106,55.3020189999998
375000,4286000,CB4MH,31.16798,1e+06,10.71,41.4,375000 4286000,9.5,Suitable,dodgerblue,YES,233.014125,2663.196106,55.3020189999998
375000,4286000,CB4MH,60.69554,1e+06,10.05,38.5,375000 4286000,18.5,Suitable,dodgerblue,YES,233.014125,2663.196106,55.3020189999998
375000,4287000,CB4MH,4.92126,1e+06,11.68,43.3,375000 4287000,1.5,Suitable,dodgerblue,YES,233.014125,2663.817477,55.9233899999999
375000,4287000,CB4MH,1.64042,1e+06,11.69,43.3,375000 4287000,0.5,Suitable,dodgerblue,YES,233.014125,2663.817477,55.9233899999999
375000,4287000,CB4MH,21.32546,1e+06,11.36,42.7,375000 4287000,6.5,Suitable,dodgerblue,YES,233.014125,2663.817477,55.9233899999999
375000,4287000,CB4MH,18.04462,1e+06,11.48,42.8,375000 4287000,5.5,Suitable,dodgerblue,YES,233.014125,2663.817477,55.9233899999999
375000,4287000,CB4MH,31.16798,1e+06,10.7,41.4,375000 4287000,9.5,Suitable,dodgerblue,YES,233.014125,2663.817477,55.9233899999999
375000,4287000,CB4MH,67.25722,1e+06,9.9,38.1,375000 4287000,20.5,Suitable,dodgerblue,YES,233.014125,2663.817477,55.9233899999999
375000,4287000,CB4MH,60.69554,1e+06,10.04,38.5,375000 4287000,18.5,Suitable,dodgerblue,YES,233.014125,2663.817477,55.9233899999999
375000,4287000,CB4MH,34.44882,1e+06,10.57,41,375000 4287000,10.5,Suitable,dodgerblue,YES,233.014125,2663.817477,55.9233899999999
375000,4287000,CB4MH,24.6063,1e+06,11.21,42.5,375000 4287000,7.5,Suitable,dodgerblue,YES,233.014125,2663.817477,55.9233899999999
375000,4287000,CB4MH,8.2021,1e+06,11.64,43.2,375000 4287000,2.5,Suitable,dodgerblue,YES,233.014125,2663.817477,55.9233899999999
375000,4287000,CB4MH,63.97638,1e+06,9.95,38.3,375000 4287000,19.5,Suitable,dodgerblue,YES,233.014125,2663.817477,55.9233899999999
375000,4287000,CB4MH,37.72966,1e+06,10.48,40.5,375000 4287000,11.5,Suitable,dodgerblue,YES,233.014125,2663.817477,55.9233899999999
375000,4287000,CB4MH,44.29134,1e+06,10.4,40,375000 4287000,13.5,Suitable,dodgerblue,YES,233.014125,2663.817477,55.9233899999999
375000,4287000,CB4MH,54.13386,1e+06,10.2,39.1,375000 4287000,16.5,Suitable,dodgerblue,YES,233.014125,2663.817477,55.9233899999999
375000,4287000,CB4MH,47.57218,1e+06,10.36,39.7,375000 4287000,14.5,Suitable,dodgerblue,YES,233.014125,2663.817477,55.9233899999999
375000,4287000,CB4MH,27.88714,1e+06,10.76,42.1,375000 4287000,8.5,Suitable,dodgerblue,YES,233.014125,2663.817477,55.9233899999999
375000,4287000,CB4MH,41.0105,1e+06,10.43,40.2,375000 4287000,12.5,Suitable,dodgerblue,YES,233.014125,2663.817477,55.9233899999999
375000,4287000,CB4MH,14.76378,1e+06,11.59,42.9,375000 4287000,4.5,Suitable,dodgerblue,YES,233.014125,2663.817477,55.9233899999999
375000,4287000,CB4MH,11.48294,1e+06,11.62,43.1,375000 4287000,3.5,Suitable,dodgerblue,YES,233.014125,2663.817477,55.9233899999999
375000,4287000,CB4MH,70.53806,1e+06,9.85,38,375000 4287000,21.5,Suitable,dodgerblue,YES,233.014125,2663.817477,55.9233899999999
375000,4287000,CB4MH,50.85302,1e+06,10.28,39.4,375000 4287000,15.5,Suitable,dodgerblue,YES,233.014125,2663.817477,55.9233899999999
375000,4287000,CB4MH,57.4147,1e+06,10.14,38.8,375000 4287000,17.5,Suitable,dodgerblue,YES,233.014125,2663.817477,55.9233899999999
375000,4287000,CB4MH,73.8189,1e+06,9.84,37.9,375000 4287000,22.5,Suitable,dodgerblue,YES,233.014125,2663.817477,55.9233899999999
375000,4288000,CB4MH,73.8189,1e+06,9.81,38,375000 4288000,22.5,Suitable,dodgerblue,YES,233.014125,2664.438848,56.5447610000001
375000,4288000,CB4MH,67.25722,1e+06,9.88,38.1,375000 4288000,20.5,Suitable,dodgerblue,YES,233.014125,2664.438848,56.5447610000001
375000,4288000,CB4MH,57.4147,1e+06,10.13,38.9,375000 4288000,17.5,Suitable,dodgerblue,YES,233.014125,2664.438848,56.5447610000001
375000,4288000,CB4MH,47.57218,1e+06,10.35,39.9,375000 4288000,14.5,Suitable,dodgerblue,YES,233.014125,2664.438848,56.5447610000001
375000,4288000,CB4MH,44.29134,1e+06,10.41,40.2,375000 4288000,13.5,Suitable,dodgerblue,YES,233.014125,2664.438848,56.5447610000001
375000,4288000,CB4MH,8.2021,1e+06,11.69,43.5,375000 4288000,2.5,Suitable,dodgerblue,YES,233.014125,2664.438848,56.5447610000001
375000,4288000,CB4MH,70.53806,1e+06,9.83,38,375000 4288000,21.5,Suitable,dodgerblue,YES,233.014125,2664.438848,56.5447610000001
375000,4288000,CB4MH,41.0105,1e+06,10.44,40.4,375000 4288000,12.5,Suitable,dodgerblue,YES,233.014125,2664.438848,56.5447610000001
375000,4288000,CB4MH,54.13386,1e+06,10.2,39.2,375000 4288000,16.5,Suitable,dodgerblue,YES,233.014125,2664.438848,56.5447610000001
375000,4288000,CB4MH,1.64042,1e+06,11.73,43.6,375000 4288000,0.5,Suitable,dodgerblue,YES,233.014125,2664.438848,56.5447610000001
375000,4288000,CB4MH,60.69554,1e+06,10.02,38.6,375000 4288000,18.5,Suitable,dodgerblue,YES,233.014125,2664.438848,56.5447610000001
375000,4288000,CB4MH,14.76378,1e+06,11.54,43,375000 4288000,4.5,Suitable,dodgerblue,YES,233.014125,2664.438848,56.5447610000001
375000,4288000,CB4MH,63.97638,1e+06,9.93,38.3,375000 4288000,19.5,Suitable,dodgerblue,YES,233.014125,2664.438848,56.5447610000001
375000,4288000,CB4MH,34.44882,1e+06,10.57,41,375000 4288000,10.5,Suitable,dodgerblue,YES,233.014125,2664.438848,56.5447610000001
375000,4288000,CB4MH,24.6063,1e+06,11.01,42.9,375000 4288000,7.5,Suitable,dodgerblue,YES,233.014125,2664.438848,56.5447610000001
375000,4288000,CB4MH,11.48294,1e+06,11.65,43.3,375000 4288000,3.5,Suitable,dodgerblue,YES,233.014125,2664.438848,56.5447610000001
375000,4288000,CB4MH,27.88714,1e+06,10.6,42.2,375000 4288000,8.5,Suitable,dodgerblue,YES,233.014125,2664.438848,56.5447610000001
375000,4288000,CB4MH,31.16798,1e+06,10.68,41.4,375000 4288000,9.5,Suitable,dodgerblue,YES,233.014125,2664.438848,56.5447610000001
375000,4288000,CB4MH,21.32546,1e+06,11.22,42.8,375000 4288000,6.5,Suitable,dodgerblue,YES,233.014125,2664.438848,56.5447610000001
375000,4288000,CB4MH,37.72966,1e+06,10.49,40.6,375000 4288000,11.5,Suitable,dodgerblue,YES,233.014125,2664.438848,56.5447610000001
375000,4288000,CB4MH,18.04462,1e+06,11.36,42.8,375000 4288000,5.5,Suitable,dodgerblue,YES,233.014125,2664.438848,56.5447610000001
375000,4288000,CB4MH,4.92126,1e+06,11.71,43.6,375000 4288000,1.5,Suitable,dodgerblue,YES,233.014125,2664.438848,56.5447610000001
375000,4288000,CB4MH,50.85302,1e+06,10.28,39.5,375000 4288000,15.5,Suitable,dodgerblue,YES,233.014125,2664.438848,56.5447610000001
375000,4289000,CB4MH,24.6063,1e+06,10.75,43.1,375000 4289000,7.5,Suitable,dodgerblue,YES,233.014125,2665.060219,57.1661319999998
375000,4289000,CB4MH,57.4147,1e+06,10.12,39,375000 4289000,17.5,Suitable,dodgerblue,YES,233.014125,2665.060219,57.1661319999998
375000,4289000,CB4MH,11.48294,1e+06,11.6,43.5,375000 4289000,3.5,Suitable,dodgerblue,YES,233.014125,2665.060219,57.1661319999998
375000,4289000,CB4MH,67.25722,1e+06,9.85,38.1,375000 4289000,20.5,Suitable,dodgerblue,YES,233.014125,2665.060219,57.1661319999998
375000,4289000,CB4MH,54.13386,1e+06,10.19,39.3,375000 4289000,16.5,Suitable,dodgerblue,YES,233.014125,2665.060219,57.1661319999998
375000,4289000,CB4MH,14.76378,1e+06,11.39,43.3,375000 4289000,4.5,Suitable,dodgerblue,YES,233.014125,2665.060219,57.1661319999998
375000,4289000,CB4MH,47.57218,1e+06,10.35,40,375000 4289000,14.5,Suitable,dodgerblue,YES,233.014125,2665.060219,57.1661319999998
375000,4289000,CB4MH,1.64042,1e+06,11.82,43.7,375000 4289000,0.5,Suitable,dodgerblue,YES,233.014125,2665.060219,57.1661319999998
375000,4289000,CB4MH,34.44882,1e+06,10.58,41.1,375000 4289000,10.5,Suitable,dodgerblue,YES,233.014125,2665.060219,57.1661319999998
375000,4289000,CB4MH,41.0105,1e+06,10.45,40.5,375000 4289000,12.5,Suitable,dodgerblue,YES,233.014125,2665.060219,57.1661319999998
375000,4289000,CB4MH,60.69554,1e+06,10.01,38.6,375000 4289000,18.5,Suitable,dodgerblue,YES,233.014125,2665.060219,57.1661319999998
375000,4289000,CB4MH,31.16798,1e+06,10.67,41.4,375000 4289000,9.5,Suitable,dodgerblue,YES,233.014125,2665.060219,57.1661319999998
375000,4289000,CB4MH,27.88714,1e+06,10.57,42.2,375000 4289000,8.5,Suitable,dodgerblue,YES,233.014125,2665.060219,57.1661319999998
375000,4289000,CB4MH,63.97638,1e+06,9.92,38.3,375000 4289000,19.5,Suitable,dodgerblue,YES,233.014125,2665.060219,57.1661319999998
375000,4289000,CB4MH,50.85302,1e+06,10.27,39.6,375000 4289000,15.5,Suitable,dodgerblue,YES,233.014125,2665.060219,57.1661319999998
375000,4289000,CB4MH,8.2021,1e+06,11.73,43.6,375000 4289000,2.5,Suitable,dodgerblue,YES,233.014125,2665.060219,57.1661319999998
375000,4289000,CB4MH,21.32546,1e+06,10.98,43.2,375000 4289000,6.5,Suitable,dodgerblue,YES,233.014125,2665.060219,57.1661319999998
375000,4289000,CB4MH,18.04462,1e+06,11.16,43.2,375000 4289000,5.5,Suitable,dodgerblue,YES,233.014125,2665.060219,57.1661319999998
375000,4289000,CB4MH,44.29134,1e+06,10.41,40.3,375000 4289000,13.5,Suitable,dodgerblue,YES,233.014125,2665.060219,57.1661319999998
375000,4289000,CB4MH,4.92126,1e+06,11.79,43.6,375000 4289000,1.5,Suitable,dodgerblue,YES,233.014125,2665.060219,57.1661319999998
375000,4289000,CB4MH,37.72966,1e+06,10.5,40.7,375000 4289000,11.5,Suitable,dodgerblue,YES,233.014125,2665.060219,57.1661319999998
376000,4263000,CB4MH,50.85302,1e+06,10.52,39.9,376000 4263000,15.5,Suitable,dodgerblue,YES,233.635496,2648.904573,41.0104860000001
376000,4263000,CB4MH,67.25722,1e+06,9.99,38.3,376000 4263000,20.5,Suitable,dodgerblue,YES,233.635496,2648.904573,41.0104860000001
376000,4263000,CB4MH,24.6063,1e+06,11.16,42.7,376000 4263000,7.5,Suitable,dodgerblue,YES,233.635496,2648.904573,41.0104860000001
376000,4263000,CB4MH,60.69554,1e+06,10.16,38.8,376000 4263000,18.5,Suitable,dodgerblue,YES,233.635496,2648.904573,41.0104860000001
376000,4263000,CB4MH,47.57218,1e+06,10.66,40.3,376000 4263000,14.5,Suitable,dodgerblue,YES,233.635496,2648.904573,41.0104860000001
376000,4263000,CB4MH,27.88714,1e+06,11.11,42.7,376000 4263000,8.5,Suitable,dodgerblue,YES,233.635496,2648.904573,41.0104860000001
376000,4263000,CB4MH,11.48294,1e+06,11.3,42.8,376000 4263000,3.5,Suitable,dodgerblue,YES,233.635496,2648.904573,41.0104860000001
376000,4263000,CB4MH,14.76378,1e+06,11.25,43,376000 4263000,4.5,Suitable,dodgerblue,YES,233.635496,2648.904573,41.0104860000001
376000,4263000,CB4MH,57.4147,1e+06,10.32,39.1,376000 4263000,17.5,Suitable,dodgerblue,YES,233.635496,2648.904573,41.0104860000001
376000,4263000,CB4MH,44.29134,1e+06,10.75,40.6,376000 4263000,13.5,Suitable,dodgerblue,YES,233.635496,2648.904573,41.0104860000001
376000,4263000,CB4MH,34.44882,1e+06,10.99,42.1,376000 4263000,10.5,Suitable,dodgerblue,YES,233.635496,2648.904573,41.0104860000001
376000,4263000,CB4MH,18.04462,1e+06,11.23,43,376000 4263000,5.5,Suitable,dodgerblue,YES,233.635496,2648.904573,41.0104860000001
376000,4263000,CB4MH,63.97638,1e+06,10.02,38.5,376000 4263000,19.5,Suitable,dodgerblue,YES,233.635496,2648.904573,41.0104860000001
376000,4263000,CB4MH,70.53806,1e+06,10.05,38,376000 4263000,21.5,Suitable,dodgerblue,YES,233.635496,2648.904573,41.0104860000001
376000,4263000,CB4MH,41.0105,1e+06,10.82,41,376000 4263000,12.5,Suitable,dodgerblue,YES,233.635496,2648.904573,41.0104860000001
376000,4263000,CB4MH,54.13386,1e+06,10.39,39.5,376000 4263000,16.5,Suitable,dodgerblue,YES,233.635496,2648.904573,41.0104860000001
376000,4263000,CB4MH,4.92126,1e+06,11.33,42.8,376000 4263000,1.5,Suitable,dodgerblue,YES,233.635496,2648.904573,41.0104860000001
376000,4263000,CB4MH,8.2021,1e+06,11.32,42.8,376000 4263000,2.5,Suitable,dodgerblue,YES,233.635496,2648.904573,41.0104860000001
376000,4263000,CB4MH,31.16798,1e+06,11.07,42.4,376000 4263000,9.5,Suitable,dodgerblue,YES,233.635496,2648.904573,41.0104860000001
376000,4263000,CB4MH,21.32546,1e+06,11.21,42.9,376000 4263000,6.5,Suitable,dodgerblue,YES,233.635496,2648.904573,41.0104860000001
376000,4263000,CB4MH,37.72966,1e+06,10.89,41.6,376000 4263000,11.5,Suitable,dodgerblue,YES,233.635496,2648.904573,41.0104860000001
376000,4263000,CB4MH,1.64042,1e+06,11.36,42.9,376000 4263000,0.5,Suitable,dodgerblue,YES,233.635496,2648.904573,41.0104860000001
376000,4264000,CB4MH,11.48294,1e+06,11.32,42.8,376000 4264000,3.5,Suitable,dodgerblue,YES,233.635496,2649.525944,41.6318569999999
376000,4264000,CB4MH,4.92126,1e+06,11.35,42.8,376000 4264000,1.5,Suitable,dodgerblue,YES,233.635496,2649.525944,41.6318569999999
376000,4264000,CB4MH,14.76378,1e+06,11.27,42.9,376000 4264000,4.5,Suitable,dodgerblue,YES,233.635496,2649.525944,41.6318569999999
376000,4264000,CB4MH,54.13386,1e+06,10.38,39.5,376000 4264000,16.5,Suitable,dodgerblue,YES,233.635496,2649.525944,41.6318569999999
376000,4264000,CB4MH,57.4147,1e+06,10.3,39.1,376000 4264000,17.5,Suitable,dodgerblue,YES,233.635496,2649.525944,41.6318569999999
376000,4264000,CB4MH,18.04462,1e+06,11.24,43,376000 4264000,5.5,Suitable,dodgerblue,YES,233.635496,2649.525944,41.6318569999999
376000,4264000,CB4MH,37.72966,1e+06,10.9,41.7,376000 4264000,11.5,Suitable,dodgerblue,YES,233.635496,2649.525944,41.6318569999999
376000,4264000,CB4MH,27.88714,1e+06,11.13,42.6,376000 4264000,8.5,Suitable,dodgerblue,YES,233.635496,2649.525944,41.6318569999999
376000,4264000,CB4MH,50.85302,1e+06,10.52,39.9,376000 4264000,15.5,Suitable,dodgerblue,YES,233.635496,2649.525944,41.6318569999999
376000,4264000,CB4MH,21.32546,1e+06,11.22,42.8,376000 4264000,6.5,Suitable,dodgerblue,YES,233.635496,2649.525944,41.6318569999999
376000,4264000,CB4MH,1.64042,1e+06,11.39,42.8,376000 4264000,0.5,Suitable,dodgerblue,YES,233.635496,2649.525944,41.6318569999999
376000,4264000,CB4MH,24.6063,1e+06,11.18,42.7,376000 4264000,7.5,Suitable,dodgerblue,YES,233.635496,2649.525944,41.6318569999999
376000,4264000,CB4MH,63.97638,1e+06,10,38.4,376000 4264000,19.5,Suitable,dodgerblue,YES,233.635496,2649.525944,41.6318569999999
376000,4264000,CB4MH,60.69554,1e+06,10.14,38.7,376000 4264000,18.5,Suitable,dodgerblue,YES,233.635496,2649.525944,41.6318569999999
376000,4264000,CB4MH,47.57218,1e+06,10.66,40.3,376000 4264000,14.5,Suitable,dodgerblue,YES,233.635496,2649.525944,41.6318569999999
376000,4264000,CB4MH,8.2021,1e+06,11.34,42.8,376000 4264000,2.5,Suitable,dodgerblue,YES,233.635496,2649.525944,41.6318569999999
376000,4264000,CB4MH,31.16798,1e+06,11.07,42.4,376000 4264000,9.5,Suitable,dodgerblue,YES,233.635496,2649.525944,41.6318569999999
376000,4264000,CB4MH,67.25722,1e+06,9.97,38.3,376000 4264000,20.5,Suitable,dodgerblue,YES,233.635496,2649.525944,41.6318569999999
376000,4264000,CB4MH,44.29134,1e+06,10.75,40.6,376000 4264000,13.5,Suitable,dodgerblue,YES,233.635496,2649.525944,41.6318569999999
376000,4264000,CB4MH,34.44882,1e+06,10.99,42.2,376000 4264000,10.5,Suitable,dodgerblue,YES,233.635496,2649.525944,41.6318569999999
376000,4264000,CB4MH,41.0105,1e+06,10.83,41,376000 4264000,12.5,Suitable,dodgerblue,YES,233.635496,2649.525944,41.6318569999999
376000,4265000,CB4MH,47.57218,1e+06,10.66,40.3,376000 4265000,14.5,Suitable,dodgerblue,YES,233.635496,2650.147315,42.253228
376000,4265000,CB4MH,18.04462,1e+06,11.26,42.9,376000 4265000,5.5,Suitable,dodgerblue,YES,233.635496,2650.147315,42.253228
376000,4265000,CB4MH,41.0105,1e+06,10.83,41.1,376000 4265000,12.5,Suitable,dodgerblue,YES,233.635496,2650.147315,42.253228
376000,4265000,CB4MH,60.69554,1e+06,10.13,38.6,376000 4265000,18.5,Suitable,dodgerblue,YES,233.635496,2650.147315,42.253228
376000,4265000,CB4MH,8.2021,1e+06,11.35,42.7,376000 4265000,2.5,Suitable,dodgerblue,YES,233.635496,2650.147315,42.253228
376000,4265000,CB4MH,31.16798,1e+06,11.08,42.4,376000 4265000,9.5,Suitable,dodgerblue,YES,233.635496,2650.147315,42.253228
376000,4265000,CB4MH,4.92126,1e+06,11.38,42.7,376000 4265000,1.5,Suitable,dodgerblue,YES,233.635496,2650.147315,42.253228
376000,4265000,CB4MH,37.72966,1e+06,10.9,41.7,376000 4265000,11.5,Suitable,dodgerblue,YES,233.635496,2650.147315,42.253228
376000,4265000,CB4MH,34.44882,1e+06,10.99,42.2,376000 4265000,10.5,Suitable,dodgerblue,YES,233.635496,2650.147315,42.253228
376000,4265000,CB4MH,57.4147,1e+06,10.29,39,376000 4265000,17.5,Suitable,dodgerblue,YES,233.635496,2650.147315,42.253228
376000,4265000,CB4MH,63.97638,1e+06,9.99,38.3,376000 4265000,19.5,Suitable,dodgerblue,YES,233.635496,2650.147315,42.253228
376000,4265000,CB4MH,24.6063,1e+06,11.2,42.7,376000 4265000,7.5,Suitable,dodgerblue,YES,233.635496,2650.147315,42.253228
376000,4265000,CB4MH,44.29134,1e+06,10.76,40.6,376000 4265000,13.5,Suitable,dodgerblue,YES,233.635496,2650.147315,42.253228
376000,4265000,CB4MH,67.25722,1e+06,9.96,38.2,376000 4265000,20.5,Suitable,dodgerblue,YES,233.635496,2650.147315,42.253228
376000,4265000,CB4MH,54.13386,1e+06,10.37,39.5,376000 4265000,16.5,Suitable,dodgerblue,YES,233.635496,2650.147315,42.253228
376000,4265000,CB4MH,14.76378,1e+06,11.29,42.9,376000 4265000,4.5,Suitable,dodgerblue,YES,233.635496,2650.147315,42.253228
376000,4265000,CB4MH,27.88714,1e+06,11.14,42.6,376000 4265000,8.5,Suitable,dodgerblue,YES,233.635496,2650.147315,42.253228
376000,4265000,CB4MH,50.85302,1e+06,10.52,39.9,376000 4265000,15.5,Suitable,dodgerblue,YES,233.635496,2650.147315,42.253228
376000,4265000,CB4MH,11.48294,1e+06,11.34,42.7,376000 4265000,3.5,Suitable,dodgerblue,YES,233.635496,2650.147315,42.253228
376000,4265000,CB4MH,21.32546,1e+06,11.24,42.8,376000 4265000,6.5,Suitable,dodgerblue,YES,233.635496,2650.147315,42.253228
376000,4265000,CB4MH,1.64042,1e+06,11.41,42.8,376000 4265000,0.5,Suitable,dodgerblue,YES,233.635496,2650.147315,42.253228
376000,4266000,CB4MH,31.16798,1e+06,11.09,42.4,376000 4266000,9.5,Suitable,dodgerblue,YES,233.635496,2650.768686,42.8745989999998
376000,4266000,CB4MH,18.04462,1e+06,11.29,42.9,376000 4266000,5.5,Suitable,dodgerblue,YES,233.635496,2650.768686,42.8745989999998
376000,4266000,CB4MH,21.32546,1e+06,11.27,42.7,376000 4266000,6.5,Suitable,dodgerblue,YES,233.635496,2650.768686,42.8745989999998
376000,4266000,CB4MH,67.25722,1e+06,9.96,38.1,376000 4266000,20.5,Suitable,dodgerblue,YES,233.635496,2650.768686,42.8745989999998
376000,4266000,CB4MH,27.88714,1e+06,11.16,42.5,376000 4266000,8.5,Suitable,dodgerblue,YES,233.635496,2650.768686,42.8745989999998
376000,4266000,CB4MH,4.92126,1e+06,11.4,42.7,376000 4266000,1.5,Suitable,dodgerblue,YES,233.635496,2650.768686,42.8745989999998
376000,4266000,CB4MH,63.97638,1e+06,9.98,38.2,376000 4266000,19.5,Suitable,dodgerblue,YES,233.635496,2650.768686,42.8745989999998
376000,4266000,CB4MH,24.6063,1e+06,11.22,42.6,376000 4266000,7.5,Suitable,dodgerblue,YES,233.635496,2650.768686,42.8745989999998
376000,4266000,CB4MH,41.0105,1e+06,10.85,41.1,376000 4266000,12.5,Suitable,dodgerblue,YES,233.635496,2650.768686,42.8745989999998
376000,4266000,CB4MH,1.64042,1e+06,11.44,42.7,376000 4266000,0.5,Suitable,dodgerblue,YES,233.635496,2650.768686,42.8745989999998
376000,4266000,CB4MH,54.13386,1e+06,10.37,39.5,376000 4266000,16.5,Suitable,dodgerblue,YES,233.635496,2650.768686,42.8745989999998
376000,4266000,CB4MH,8.2021,1e+06,11.37,42.7,376000 4266000,2.5,Suitable,dodgerblue,YES,233.635496,2650.768686,42.8745989999998
376000,4266000,CB4MH,11.48294,1e+06,11.36,42.7,376000 4266000,3.5,Suitable,dodgerblue,YES,233.635496,2650.768686,42.8745989999998
376000,4266000,CB4MH,37.72966,1e+06,10.92,41.8,376000 4266000,11.5,Suitable,dodgerblue,YES,233.635496,2650.768686,42.8745989999998
376000,4266000,CB4MH,14.76378,1e+06,11.31,42.8,376000 4266000,4.5,Suitable,dodgerblue,YES,233.635496,2650.768686,42.8745989999998
376000,4266000,CB4MH,57.4147,1e+06,10.28,39,376000 4266000,17.5,Suitable,dodgerblue,YES,233.635496,2650.768686,42.8745989999998
376000,4266000,CB4MH,50.85302,1e+06,10.53,39.9,376000 4266000,15.5,Suitable,dodgerblue,YES,233.635496,2650.768686,42.8745989999998
376000,4266000,CB4MH,60.69554,1e+06,10.11,38.6,376000 4266000,18.5,Suitable,dodgerblue,YES,233.635496,2650.768686,42.8745989999998
376000,4266000,CB4MH,47.57218,1e+06,10.67,40.4,376000 4266000,14.5,Suitable,dodgerblue,YES,233.635496,2650.768686,42.8745989999998
376000,4266000,CB4MH,44.29134,1e+06,10.77,40.7,376000 4266000,13.5,Suitable,dodgerblue,YES,233.635496,2650.768686,42.8745989999998
376000,4266000,CB4MH,34.44882,1e+06,11,42.2,376000 4266000,10.5,Suitable,dodgerblue,YES,233.635496,2650.768686,42.8745989999998
376000,4274000,CB4MH,24.6063,1e+06,11.34,42.8,376000 4274000,7.5,Suitable,dodgerblue,YES,233.635496,2655.739654,47.8455669999998
376000,4274000,CB4MH,67.25722,1e+06,9.98,38.1,376000 4274000,20.5,Suitable,dodgerblue,YES,233.635496,2655.739654,47.8455669999998
376000,4274000,CB4MH,21.32546,1e+06,11.43,42.9,376000 4274000,6.5,Suitable,dodgerblue,YES,233.635496,2655.739654,47.8455669999998
376000,4274000,CB4MH,18.04462,1e+06,11.46,43,376000 4274000,5.5,Suitable,dodgerblue,YES,233.635496,2655.739654,47.8455669999998
376000,4274000,CB4MH,31.16798,1e+06,10.91,41.9,376000 4274000,9.5,Suitable,dodgerblue,YES,233.635496,2655.739654,47.8455669999998
376000,4274000,CB4MH,70.53806,1e+06,10,37.9,376000 4274000,21.5,Suitable,dodgerblue,YES,233.635496,2655.739654,47.8455669999998
376000,4274000,CB4MH,86.94226,1e+06,9.89,37.6,376000 4274000,26.5,Suitable,dodgerblue,YES,233.635496,2655.739654,47.8455669999998
376000,4274000,CB4MH,11.48294,1e+06,11.52,42.9,376000 4274000,3.5,Suitable,dodgerblue,YES,233.635496,2655.739654,47.8455669999998
376000,4274000,CB4MH,44.29134,1e+06,10.55,39.9,376000 4274000,13.5,Suitable,dodgerblue,YES,233.635496,2655.739654,47.8455669999998
376000,4274000,CB4MH,80.38058,1e+06,9.99,37.8,376000 4274000,24.5,Suitable,dodgerblue,YES,233.635496,2655.739654,47.8455669999998
376000,4274000,CB4MH,4.92126,1e+06,11.54,43,376000 4274000,1.5,Suitable,dodgerblue,YES,233.635496,2655.739654,47.8455669999998
376000,4274000,CB4MH,37.72966,1e+06,10.63,40.7,376000 4274000,11.5,Suitable,dodgerblue,YES,233.635496,2655.739654,47.8455669999998
376000,4274000,CB4MH,1.64042,1e+06,11.55,43,376000 4274000,0.5,Suitable,dodgerblue,YES,233.635496,2655.739654,47.8455669999998
376000,4274000,CB4MH,50.85302,1e+06,10.41,39.3,376000 4274000,15.5,Suitable,dodgerblue,YES,233.635496,2655.739654,47.8455669999998
376000,4274000,CB4MH,73.8189,1e+06,10,37.8,376000 4274000,22.5,Suitable,dodgerblue,YES,233.635496,2655.739654,47.8455669999998
376000,4274000,CB4MH,54.13386,1e+06,10.3,39,376000 4274000,16.5,Suitable,dodgerblue,YES,233.635496,2655.739654,47.8455669999998
376000,4274000,CB4MH,57.4147,1e+06,10.24,38.7,376000 4274000,17.5,Suitable,dodgerblue,YES,233.635496,2655.739654,47.8455669999998
376000,4274000,CB4MH,41.0105,1e+06,10.59,40.2,376000 4274000,12.5,Suitable,dodgerblue,YES,233.635496,2655.739654,47.8455669999998
376000,4274000,CB4MH,47.57218,1e+06,10.5,39.6,376000 4274000,14.5,Suitable,dodgerblue,YES,233.635496,2655.739654,47.8455669999998
376000,4274000,CB4MH,14.76378,1e+06,11.49,43,376000 4274000,4.5,Suitable,dodgerblue,YES,233.635496,2655.739654,47.8455669999998
376000,4274000,CB4MH,27.88714,1e+06,11.06,42.3,376000 4274000,8.5,Suitable,dodgerblue,YES,233.635496,2655.739654,47.8455669999998
376000,4274000,CB4MH,60.69554,1e+06,10.12,38.5,376000 4274000,18.5,Suitable,dodgerblue,YES,233.635496,2655.739654,47.8455669999998
376000,4274000,CB4MH,77.09974,1e+06,10,37.8,376000 4274000,23.5,Suitable,dodgerblue,YES,233.635496,2655.739654,47.8455669999998
376000,4274000,CB4MH,8.2021,1e+06,11.52,43,376000 4274000,2.5,Suitable,dodgerblue,YES,233.635496,2655.739654,47.8455669999998
376000,4274000,CB4MH,63.97638,1e+06,10.02,38.2,376000 4274000,19.5,Suitable,dodgerblue,YES,233.635496,2655.739654,47.8455669999998
376000,4274000,CB4MH,83.66142,1e+06,9.94,37.8,376000 4274000,25.5,Suitable,dodgerblue,YES,233.635496,2655.739654,47.8455669999998
376000,4274000,CB4MH,34.44882,1e+06,10.75,41.4,376000 4274000,10.5,Suitable,dodgerblue,YES,233.635496,2655.739654,47.8455669999998
376000,4275000,CB4MH,4.92126,1e+06,11.56,43.1,376000 4275000,1.5,Suitable,dodgerblue,YES,233.635496,2656.361025,48.466938
376000,4275000,CB4MH,24.6063,1e+06,11.37,42.8,376000 4275000,7.5,Suitable,dodgerblue,YES,233.635496,2656.361025,48.466938
376000,4275000,CB4MH,50.85302,1e+06,10.36,39.1,376000 4275000,15.5,Suitable,dodgerblue,YES,233.635496,2656.361025,48.466938
376000,4275000,CB4MH,27.88714,1e+06,11.03,42.2,376000 4275000,8.5,Suitable,dodgerblue,YES,233.635496,2656.361025,48.466938
376000,4275000,CB4MH,60.69554,1e+06,10.11,38.4,376000 4275000,18.5,Suitable,dodgerblue,YES,233.635496,2656.361025,48.466938
376000,4275000,CB4MH,8.2021,1e+06,11.56,43.1,376000 4275000,2.5,Suitable,dodgerblue,YES,233.635496,2656.361025,48.466938
376000,4275000,CB4MH,18.04462,1e+06,11.5,43.1,376000 4275000,5.5,Suitable,dodgerblue,YES,233.635496,2656.361025,48.466938
376000,4275000,CB4MH,21.32546,1e+06,11.48,42.9,376000 4275000,6.5,Suitable,dodgerblue,YES,233.635496,2656.361025,48.466938
376000,4275000,CB4MH,41.0105,1e+06,10.48,39.8,376000 4275000,12.5,Suitable,dodgerblue,YES,233.635496,2656.361025,48.466938
376000,4275000,CB4MH,14.76378,1e+06,11.54,43,376000 4275000,4.5,Suitable,dodgerblue,YES,233.635496,2656.361025,48.466938
376000,4275000,CB4MH,1.64042,1e+06,11.57,43.1,376000 4275000,0.5,Suitable,dodgerblue,YES,233.635496,2656.361025,48.466938
376000,4275000,CB4MH,63.97638,1e+06,10.03,38.2,376000 4275000,19.5,Suitable,dodgerblue,YES,233.635496,2656.361025,48.466938
376000,4275000,CB4MH,47.57218,1e+06,10.42,39.3,376000 4275000,14.5,Suitable,dodgerblue,YES,233.635496,2656.361025,48.466938
376000,4275000,CB4MH,31.16798,1e+06,10.82,41.6,376000 4275000,9.5,Suitable,dodgerblue,YES,233.635496,2656.361025,48.466938
376000,4275000,CB4MH,11.48294,1e+06,11.55,43,376000 4275000,3.5,Suitable,dodgerblue,YES,233.635496,2656.361025,48.466938
376000,4275000,CB4MH,57.4147,1e+06,10.21,38.6,376000 4275000,17.5,Suitable,dodgerblue,YES,233.635496,2656.361025,48.466938
376000,4275000,CB4MH,54.13386,1e+06,10.26,38.8,376000 4275000,16.5,Suitable,dodgerblue,YES,233.635496,2656.361025,48.466938
376000,4275000,CB4MH,34.44882,1e+06,10.63,41,376000 4275000,10.5,Suitable,dodgerblue,YES,233.635496,2656.361025,48.466938
376000,4275000,CB4MH,77.09974,1e+06,9.99,37.8,376000 4275000,23.5,Suitable,dodgerblue,YES,233.635496,2656.361025,48.466938
376000,4275000,CB4MH,67.25722,1e+06,9.99,38.1,376000 4275000,20.5,Suitable,dodgerblue,YES,233.635496,2656.361025,48.466938
376000,4275000,CB4MH,73.8189,1e+06,9.99,37.8,376000 4275000,22.5,Suitable,dodgerblue,YES,233.635496,2656.361025,48.466938
376000,4275000,CB4MH,44.29134,1e+06,10.45,39.5,376000 4275000,13.5,Suitable,dodgerblue,YES,233.635496,2656.361025,48.466938
376000,4275000,CB4MH,70.53806,1e+06,9.99,37.9,376000 4275000,21.5,Suitable,dodgerblue,YES,233.635496,2656.361025,48.466938
376000,4275000,CB4MH,37.72966,1e+06,10.5,40.3,376000 4275000,11.5,Suitable,dodgerblue,YES,233.635496,2656.361025,48.466938
376000,4276000,CB4MH,24.6063,1e+06,11.4,42.7,376000 4276000,7.5,Suitable,dodgerblue,YES,233.635496,2656.982396,49.0883089999998
376000,4276000,CB4MH,50.85302,1e+06,10.32,38.8,376000 4276000,15.5,Suitable,dodgerblue,YES,233.635496,2656.982396,49.0883089999998
376000,4276000,CB4MH,63.97638,1e+06,10.05,38.1,376000 4276000,19.5,Suitable,dodgerblue,YES,233.635496,2656.982396,49.0883089999998
376000,4276000,CB4MH,34.44882,1e+06,10.54,40.7,376000 4276000,10.5,Suitable,dodgerblue,YES,233.635496,2656.982396,49.0883089999998
376000,4276000,CB4MH,57.4147,1e+06,10.19,38.4,376000 4276000,17.5,Suitable,dodgerblue,YES,233.635496,2656.982396,49.0883089999998
376000,4276000,CB4MH,4.92126,1e+06,11.6,43.2,376000 4276000,1.5,Suitable,dodgerblue,YES,233.635496,2656.982396,49.0883089999998
376000,4276000,CB4MH,60.69554,1e+06,10.12,38.3,376000 4276000,18.5,Suitable,dodgerblue,YES,233.635496,2656.982396,49.0883089999998
376000,4276000,CB4MH,1.64042,1e+06,11.6,43.2,376000 4276000,0.5,Suitable,dodgerblue,YES,233.635496,2656.982396,49.0883089999998
376000,4276000,CB4MH,77.09974,1e+06,9.99,37.9,376000 4276000,23.5,Suitable,dodgerblue,YES,233.635496,2656.982396,49.0883089999998
376000,4276000,CB4MH,67.25722,1e+06,10.01,38,376000 4276000,20.5,Suitable,dodgerblue,YES,233.635496,2656.982396,49.0883089999998
376000,4276000,CB4MH,31.16798,1e+06,10.76,41.4,376000 4276000,9.5,Suitable,dodgerblue,YES,233.635496,2656.982396,49.0883089999998
376000,4276000,CB4MH,27.88714,1e+06,10.99,42.1,376000 4276000,8.5,Suitable,dodgerblue,YES,233.635496,2656.982396,49.0883089999998
376000,4276000,CB4MH,41.0105,1e+06,10.39,39.4,376000 4276000,12.5,Suitable,dodgerblue,YES,233.635496,2656.982396,49.0883089999998
376000,4276000,CB4MH,73.8189,1e+06,9.99,37.9,376000 4276000,22.5,Suitable,dodgerblue,YES,233.635496,2656.982396,49.0883089999998
376000,4276000,CB4MH,70.53806,1e+06,9.99,37.9,376000 4276000,21.5,Suitable,dodgerblue,YES,233.635496,2656.982396,49.0883089999998
376000,4276000,CB4MH,37.72966,1e+06,10.4,39.9,376000 4276000,11.5,Suitable,dodgerblue,YES,233.635496,2656.982396,49.0883089999998
376000,4276000,CB4MH,44.29134,1e+06,10.37,39.2,376000 4276000,13.5,Suitable,dodgerblue,YES,233.635496,2656.982396,49.0883089999998
376000,4276000,CB4MH,54.13386,1e+06,10.24,38.6,376000 4276000,16.5,Suitable,dodgerblue,YES,233.635496,2656.982396,49.0883089999998
376000,4276000,CB4MH,11.48294,1e+06,11.59,43.1,376000 4276000,3.5,Suitable,dodgerblue,YES,233.635496,2656.982396,49.0883089999998
376000,4276000,CB4MH,8.2021,1e+06,11.59,43.1,376000 4276000,2.5,Suitable,dodgerblue,YES,233.635496,2656.982396,49.0883089999998
376000,4276000,CB4MH,21.32546,1e+06,11.52,42.9,376000 4276000,6.5,Suitable,dodgerblue,YES,233.635496,2656.982396,49.0883089999998
376000,4276000,CB4MH,47.57218,1e+06,10.36,39.1,376000 4276000,14.5,Suitable,dodgerblue,YES,233.635496,2656.982396,49.0883089999998
376000,4276000,CB4MH,14.76378,1e+06,11.59,43,376000 4276000,4.5,Suitable,dodgerblue,YES,233.635496,2656.982396,49.0883089999998
376000,4276000,CB4MH,18.04462,1e+06,11.56,43,376000 4276000,5.5,Suitable,dodgerblue,YES,233.635496,2656.982396,49.0883089999998
376000,4277000,CB4MH,14.76378,1e+06,11.6,43,376000 4277000,4.5,Suitable,dodgerblue,YES,233.635496,2657.603767,49.7096799999999
376000,4277000,CB4MH,21.32546,1e+06,11.52,42.9,376000 4277000,6.5,Suitable,dodgerblue,YES,233.635496,2657.603767,49.7096799999999
376000,4277000,CB4MH,47.57218,1e+06,10.32,38.9,376000 4277000,14.5,Suitable,dodgerblue,YES,233.635496,2657.603767,49.7096799999999
376000,4277000,CB4MH,50.85302,1e+06,10.29,38.7,376000 4277000,15.5,Suitable,dodgerblue,YES,233.635496,2657.603767,49.7096799999999
376000,4277000,CB4MH,8.2021,1e+06,11.6,43.1,376000 4277000,2.5,Suitable,dodgerblue,YES,233.635496,2657.603767,49.7096799999999
376000,4277000,CB4MH,4.92126,1e+06,11.6,43.2,376000 4277000,1.5,Suitable,dodgerblue,YES,233.635496,2657.603767,49.7096799999999
376000,4277000,CB4MH,1.64042,1e+06,11.6,43.2,376000 4277000,0.5,Suitable,dodgerblue,YES,233.635496,2657.603767,49.7096799999999
376000,4277000,CB4MH,11.48294,1e+06,11.6,43.1,376000 4277000,3.5,Suitable,dodgerblue,YES,233.635496,2657.603767,49.7096799999999
376000,4277000,CB4MH,18.04462,1e+06,11.56,43,376000 4277000,5.5,Suitable,dodgerblue,YES,233.635496,2657.603767,49.7096799999999
376000,4277000,CB4MH,57.4147,1e+06,10.18,38.3,376000 4277000,17.5,Suitable,dodgerblue,YES,233.635496,2657.603767,49.7096799999999
376000,4277000,CB4MH,24.6063,1e+06,11.37,42.7,376000 4277000,7.5,Suitable,dodgerblue,YES,233.635496,2657.603767,49.7096799999999
376000,4277000,CB4MH,27.88714,1e+06,10.97,42,376000 4277000,8.5,Suitable,dodgerblue,YES,233.635496,2657.603767,49.7096799999999
376000,4277000,CB4MH,63.97638,1e+06,10.06,38.1,376000 4277000,19.5,Suitable,dodgerblue,YES,233.635496,2657.603767,49.7096799999999
376000,4277000,CB4MH,34.44882,1e+06,10.48,40.5,376000 4277000,10.5,Suitable,dodgerblue,YES,233.635496,2657.603767,49.7096799999999
376000,4277000,CB4MH,31.16798,1e+06,10.72,41.3,376000 4277000,9.5,Suitable,dodgerblue,YES,233.635496,2657.603767,49.7096799999999
376000,4277000,CB4MH,54.13386,1e+06,10.23,38.5,376000 4277000,16.5,Suitable,dodgerblue,YES,233.635496,2657.603767,49.7096799999999
376000,4277000,CB4MH,44.29134,1e+06,10.32,39,376000 4277000,13.5,Suitable,dodgerblue,YES,233.635496,2657.603767,49.7096799999999
376000,4277000,CB4MH,60.69554,1e+06,10.12,38.2,376000 4277000,18.5,Suitable,dodgerblue,YES,233.635496,2657.603767,49.7096799999999
376000,4277000,CB4MH,41.0105,1e+06,10.33,39.2,376000 4277000,12.5,Suitable,dodgerblue,YES,233.635496,2657.603767,49.7096799999999
376000,4277000,CB4MH,37.72966,1e+06,10.33,39.6,376000 4277000,11.5,Suitable,dodgerblue,YES,233.635496,2657.603767,49.7096799999999
376000,4282000,CB4MH,27.88714,1e+06,11,42.1,376000 4282000,8.5,Suitable,dodgerblue,YES,233.635496,2660.710622,52.8165349999999
376000,4282000,CB4MH,31.16798,1e+06,10.75,41.4,376000 4282000,9.5,Suitable,dodgerblue,YES,233.635496,2660.710622,52.8165349999999
376000,4282000,CB4MH,54.13386,1e+06,10.24,38.6,376000 4282000,16.5,Suitable,dodgerblue,YES,233.635496,2660.710622,52.8165349999999
376000,4282000,CB4MH,18.04462,1e+06,11.52,43.1,376000 4282000,5.5,Suitable,dodgerblue,YES,233.635496,2660.710622,52.8165349999999
376000,4282000,CB4MH,21.32546,1e+06,11.48,43,376000 4282000,6.5,Suitable,dodgerblue,YES,233.635496,2660.710622,52.8165349999999
376000,4282000,CB4MH,63.97638,1e+06,10.05,38.2,376000 4282000,19.5,Suitable,dodgerblue,YES,233.635496,2660.710622,52.8165349999999
376000,4282000,CB4MH,37.72966,1e+06,10.39,39.9,376000 4282000,11.5,Suitable,dodgerblue,YES,233.635496,2660.710622,52.8165349999999
376000,4282000,CB4MH,57.4147,1e+06,10.19,38.5,376000 4282000,17.5,Suitable,dodgerblue,YES,233.635496,2660.710622,52.8165349999999
376000,4282000,CB4MH,44.29134,1e+06,10.36,39.2,376000 4282000,13.5,Suitable,dodgerblue,YES,233.635496,2660.710622,52.8165349999999
376000,4282000,CB4MH,34.44882,1e+06,10.53,40.7,376000 4282000,10.5,Suitable,dodgerblue,YES,233.635496,2660.710622,52.8165349999999
376000,4282000,CB4MH,50.85302,1e+06,10.31,38.9,376000 4282000,15.5,Suitable,dodgerblue,YES,233.635496,2660.710622,52.8165349999999
376000,4282000,CB4MH,24.6063,1e+06,11.41,42.7,376000 4282000,7.5,Suitable,dodgerblue,YES,233.635496,2660.710622,52.8165349999999
376000,4282000,CB4MH,60.69554,1e+06,10.11,38.3,376000 4282000,18.5,Suitable,dodgerblue,YES,233.635496,2660.710622,52.8165349999999
376000,4282000,CB4MH,8.2021,1e+06,11.55,43.3,376000 4282000,2.5,Suitable,dodgerblue,YES,233.635496,2660.710622,52.8165349999999
376000,4282000,CB4MH,14.76378,1e+06,11.55,43.2,376000 4282000,4.5,Suitable,dodgerblue,YES,233.635496,2660.710622,52.8165349999999
376000,4282000,CB4MH,47.57218,1e+06,10.35,39.1,376000 4282000,14.5,Suitable,dodgerblue,YES,233.635496,2660.710622,52.8165349999999
376000,4282000,CB4MH,4.92126,1e+06,11.56,43.3,376000 4282000,1.5,Suitable,dodgerblue,YES,233.635496,2660.710622,52.8165349999999
376000,4282000,CB4MH,11.48294,1e+06,11.55,43.2,376000 4282000,3.5,Suitable,dodgerblue,YES,233.635496,2660.710622,52.8165349999999
376000,4282000,CB4MH,67.25722,1e+06,10.01,38,376000 4282000,20.5,Suitable,dodgerblue,YES,233.635496,2660.710622,52.8165349999999
376000,4282000,CB4MH,70.53806,1e+06,9.97,37.9,376000 4282000,21.5,Suitable,dodgerblue,YES,233.635496,2660.710622,52.8165349999999
376000,4282000,CB4MH,1.64042,1e+06,11.57,43.3,376000 4282000,0.5,Suitable,dodgerblue,YES,233.635496,2660.710622,52.8165349999999
376000,4282000,CB4MH,41.0105,1e+06,10.37,39.5,376000 4282000,12.5,Suitable,dodgerblue,YES,233.635496,2660.710622,52.8165349999999
376000,4283000,CB4MH,37.72966,1e+06,10.41,40,376000 4283000,11.5,Suitable,dodgerblue,YES,233.635496,2661.331993,53.4379060000001
376000,4283000,CB4MH,1.64042,1e+06,11.55,43.4,376000 4283000,0.5,Suitable,dodgerblue,YES,233.635496,2661.331993,53.4379060000001
376000,4283000,CB4MH,8.2021,1e+06,11.54,43.3,376000 4283000,2.5,Suitable,dodgerblue,YES,233.635496,2661.331993,53.4379060000001
376000,4283000,CB4MH,34.44882,1e+06,10.55,40.8,376000 4283000,10.5,Suitable,dodgerblue,YES,233.635496,2661.331993,53.4379060000001
376000,4283000,CB4MH,47.57218,1e+06,10.36,39.2,376000 4283000,14.5,Suitable,dodgerblue,YES,233.635496,2661.331993,53.4379060000001
376000,4283000,CB4MH,67.25722,1e+06,9.99,38.1,376000 4283000,20.5,Suitable,dodgerblue,YES,233.635496,2661.331993,53.4379060000001
376000,4283000,CB4MH,63.97638,1e+06,10.04,38.2,376000 4283000,19.5,Suitable,dodgerblue,YES,233.635496,2661.331993,53.4379060000001
376000,4283000,CB4MH,41.0105,1e+06,10.4,39.6,376000 4283000,12.5,Suitable,dodgerblue,YES,233.635496,2661.331993,53.4379060000001
376000,4283000,CB4MH,90.2231,1e+06,9.38,37.4,376000 4283000,27.5,Suitable,dodgerblue,YES,233.635496,2661.331993,53.4379060000001
376000,4283000,CB4MH,18.04462,1e+06,11.5,43.2,376000 4283000,5.5,Suitable,dodgerblue,YES,233.635496,2661.331993,53.4379060000001
376000,4283000,CB4MH,11.48294,1e+06,11.53,43.2,376000 4283000,3.5,Suitable,dodgerblue,YES,233.635496,2661.331993,53.4379060000001
376000,4283000,CB4MH,21.32546,1e+06,11.46,43.1,376000 4283000,6.5,Suitable,dodgerblue,YES,233.635496,2661.331993,53.4379060000001
376000,4283000,CB4MH,27.88714,1e+06,10.97,42,376000 4283000,8.5,Suitable,dodgerblue,YES,233.635496,2661.331993,53.4379060000001
376000,4283000,CB4MH,24.6063,1e+06,11.37,42.7,376000 4283000,7.5,Suitable,dodgerblue,YES,233.635496,2661.331993,53.4379060000001
376000,4283000,CB4MH,83.66142,1e+06,9.91,37.8,376000 4283000,25.5,Suitable,dodgerblue,YES,233.635496,2661.331993,53.4379060000001
376000,4283000,CB4MH,31.16798,1e+06,10.76,41.4,376000 4283000,9.5,Suitable,dodgerblue,YES,233.635496,2661.331993,53.4379060000001
376000,4283000,CB4MH,54.13386,1e+06,10.24,38.7,376000 4283000,16.5,Suitable,dodgerblue,YES,233.635496,2661.331993,53.4379060000001
376000,4283000,CB4MH,50.85302,1e+06,10.32,39,376000 4283000,15.5,Suitable,dodgerblue,YES,233.635496,2661.331993,53.4379060000001
376000,4283000,CB4MH,60.69554,1e+06,10.11,38.3,376000 4283000,18.5,Suitable,dodgerblue,YES,233.635496,2661.331993,53.4379060000001
376000,4283000,CB4MH,44.29134,1e+06,10.38,39.4,376000 4283000,13.5,Suitable,dodgerblue,YES,233.635496,2661.331993,53.4379060000001
376000,4283000,CB4MH,70.53806,1e+06,9.95,37.9,376000 4283000,21.5,Suitable,dodgerblue,YES,233.635496,2661.331993,53.4379060000001
376000,4283000,CB4MH,86.94226,1e+06,9.68,37.5,376000 4283000,26.5,Suitable,dodgerblue,YES,233.635496,2661.331993,53.4379060000001
376000,4283000,CB4MH,80.38058,1e+06,9.96,37.8,376000 4283000,24.5,Suitable,dodgerblue,YES,233.635496,2661.331993,53.4379060000001
376000,4283000,CB4MH,57.4147,1e+06,10.2,38.5,376000 4283000,17.5,Suitable,dodgerblue,YES,233.635496,2661.331993,53.4379060000001
376000,4283000,CB4MH,77.09974,1e+06,9.95,37.9,376000 4283000,23.5,Suitable,dodgerblue,YES,233.635496,2661.331993,53.4379060000001
376000,4283000,CB4MH,4.92126,1e+06,11.55,43.3,376000 4283000,1.5,Suitable,dodgerblue,YES,233.635496,2661.331993,53.4379060000001
376000,4283000,CB4MH,14.76378,1e+06,11.53,43.2,376000 4283000,4.5,Suitable,dodgerblue,YES,233.635496,2661.331993,53.4379060000001
376000,4283000,CB4MH,93.50394,1e+06,9.32,37.4,376000 4283000,28.5,Suitable,dodgerblue,YES,233.635496,2661.331993,53.4379060000001
376000,4283000,CB4MH,73.8189,1e+06,9.95,37.9,376000 4283000,22.5,Suitable,dodgerblue,YES,233.635496,2661.331993,53.4379060000001
376000,4284000,CB4MH,50.85302,1e+06,10.3,39.1,376000 4284000,15.5,Suitable,dodgerblue,YES,233.635496,2661.953364,54.0592769999998
376000,4284000,CB4MH,77.09974,1e+06,9.92,37.9,376000 4284000,23.5,Suitable,dodgerblue,YES,233.635496,2661.953364,54.0592769999998
376000,4284000,CB4MH,18.04462,1e+06,11.54,43,376000 4284000,5.5,Suitable,dodgerblue,YES,233.635496,2661.953364,54.0592769999998
376000,4284000,CB4MH,21.32546,1e+06,11.48,42.8,376000 4284000,6.5,Suitable,dodgerblue,YES,233.635496,2661.953364,54.0592769999998
376000,4284000,CB4MH,47.57218,1e+06,10.35,39.3,376000 4284000,14.5,Suitable,dodgerblue,YES,233.635496,2661.953364,54.0592769999998
376000,4284000,CB4MH,93.50394,1e+06,9.32,37.4,376000 4284000,28.5,Suitable,dodgerblue,YES,233.635496,2661.953364,54.0592769999998
376000,4284000,CB4MH,44.29134,1e+06,10.37,39.5,376000 4284000,13.5,Suitable,dodgerblue,YES,233.635496,2661.953364,54.0592769999998
376000,4284000,CB4MH,73.8189,1e+06,9.93,37.9,376000 4284000,22.5,Suitable,dodgerblue,YES,233.635496,2661.953364,54.0592769999998
376000,4284000,CB4MH,37.72966,1e+06,10.41,40.1,376000 4284000,11.5,Suitable,dodgerblue,YES,233.635496,2661.953364,54.0592769999998
376000,4284000,CB4MH,60.69554,1e+06,10.08,38.4,376000 4284000,18.5,Suitable,dodgerblue,YES,233.635496,2661.953364,54.0592769999998
376000,4284000,CB4MH,31.16798,1e+06,10.72,41.3,376000 4284000,9.5,Suitable,dodgerblue,YES,233.635496,2661.953364,54.0592769999998
376000,4284000,CB4MH,4.92126,1e+06,11.64,43.2,376000 4284000,1.5,Suitable,dodgerblue,YES,233.635496,2661.953364,54.0592769999998
376000,4284000,CB4MH,86.94226,1e+06,9.65,37.5,376000 4284000,26.5,Suitable,dodgerblue,YES,233.635496,2661.953364,54.0592769999998
376000,4284000,CB4MH,63.97638,1e+06,10.01,38.2,376000 4284000,19.5,Suitable,dodgerblue,YES,233.635496,2661.953364,54.0592769999998
376000,4284000,CB4MH,11.48294,1e+06,11.61,43.1,376000 4284000,3.5,Suitable,dodgerblue,YES,233.635496,2661.953364,54.0592769999998
376000,4284000,CB4MH,70.53806,1e+06,9.93,37.9,376000 4284000,21.5,Suitable,dodgerblue,YES,233.635496,2661.953364,54.0592769999998
376000,4284000,CB4MH,8.2021,1e+06,11.62,43.2,376000 4284000,2.5,Suitable,dodgerblue,YES,233.635496,2661.953364,54.0592769999998
376000,4284000,CB4MH,96.78478,1e+06,9.3,37.4,376000 4284000,29.5,Suitable,dodgerblue,YES,233.635496,2661.953364,54.0592769999998
376000,4284000,CB4MH,80.38058,1e+06,9.93,37.8,376000 4284000,24.5,Suitable,dodgerblue,YES,233.635496,2661.953364,54.0592769999998
376000,4284000,CB4MH,57.4147,1e+06,10.16,38.6,376000 4284000,17.5,Suitable,dodgerblue,YES,233.635496,2661.953364,54.0592769999998
376000,4284000,CB4MH,24.6063,1e+06,11.35,42.6,376000 4284000,7.5,Suitable,dodgerblue,YES,233.635496,2661.953364,54.0592769999998
376000,4284000,CB4MH,67.25722,1e+06,9.97,38,376000 4284000,20.5,Suitable,dodgerblue,YES,233.635496,2661.953364,54.0592769999998
376000,4284000,CB4MH,27.88714,1e+06,10.91,42,376000 4284000,8.5,Suitable,dodgerblue,YES,233.635496,2661.953364,54.0592769999998
376000,4284000,CB4MH,90.2231,1e+06,9.38,37.4,376000 4284000,27.5,Suitable,dodgerblue,YES,233.635496,2661.953364,54.0592769999998
376000,4284000,CB4MH,83.66142,1e+06,9.89,37.8,376000 4284000,25.5,Suitable,dodgerblue,YES,233.635496,2661.953364,54.0592769999998
376000,4284000,CB4MH,34.44882,1e+06,10.53,40.8,376000 4284000,10.5,Suitable,dodgerblue,YES,233.635496,2661.953364,54.0592769999998
376000,4284000,CB4MH,14.76378,1e+06,11.6,43,376000 4284000,4.5,Suitable,dodgerblue,YES,233.635496,2661.953364,54.0592769999998
376000,4284000,CB4MH,1.64042,1e+06,11.64,43.2,376000 4284000,0.5,Suitable,dodgerblue,YES,233.635496,2661.953364,54.0592769999998
376000,4284000,CB4MH,54.13386,1e+06,10.22,38.8,376000 4284000,16.5,Suitable,dodgerblue,YES,233.635496,2661.953364,54.0592769999998
376000,4284000,CB4MH,41.0105,1e+06,10.39,39.7,376000 4284000,12.5,Suitable,dodgerblue,YES,233.635496,2661.953364,54.0592769999998
376000,4285000,CB4MH,31.16798,1e+06,10.72,41.4,376000 4285000,9.5,Suitable,dodgerblue,YES,233.635496,2662.574735,54.680648
376000,4285000,CB4MH,34.44882,1e+06,10.55,40.8,376000 4285000,10.5,Suitable,dodgerblue,YES,233.635496,2662.574735,54.680648
376000,4285000,CB4MH,73.8189,1e+06,9.9,37.9,376000 4285000,22.5,Suitable,dodgerblue,YES,233.635496,2662.574735,54.680648
376000,4285000,CB4MH,47.57218,1e+06,10.35,39.5,376000 4285000,14.5,Suitable,dodgerblue,YES,233.635496,2662.574735,54.680648
376000,4285000,CB4MH,57.4147,1e+06,10.16,38.7,376000 4285000,17.5,Suitable,dodgerblue,YES,233.635496,2662.574735,54.680648
376000,4285000,CB4MH,54.13386,1e+06,10.22,38.9,376000 4285000,16.5,Suitable,dodgerblue,YES,233.635496,2662.574735,54.680648
376000,4285000,CB4MH,67.25722,1e+06,9.95,38,376000 4285000,20.5,Suitable,dodgerblue,YES,233.635496,2662.574735,54.680648
376000,4285000,CB4MH,70.53806,1e+06,9.91,37.9,376000 4285000,21.5,Suitable,dodgerblue,YES,233.635496,2662.574735,54.680648
376000,4285000,CB4MH,11.48294,1e+06,11.61,43.1,376000 4285000,3.5,Suitable,dodgerblue,YES,233.635496,2662.574735,54.680648
376000,4285000,CB4MH,8.2021,1e+06,11.63,43.2,376000 4285000,2.5,Suitable,dodgerblue,YES,233.635496,2662.574735,54.680648
376000,4285000,CB4MH,1.64042,1e+06,11.65,43.3,376000 4285000,0.5,Suitable,dodgerblue,YES,233.635496,2662.574735,54.680648
376000,4285000,CB4MH,60.69554,1e+06,10.07,38.4,376000 4285000,18.5,Suitable,dodgerblue,YES,233.635496,2662.574735,54.680648
376000,4285000,CB4MH,37.72966,1e+06,10.44,40.2,376000 4285000,11.5,Suitable,dodgerblue,YES,233.635496,2662.574735,54.680648
376000,4285000,CB4MH,27.88714,1e+06,10.88,42,376000 4285000,8.5,Suitable,dodgerblue,YES,233.635496,2662.574735,54.680648
376000,4285000,CB4MH,24.6063,1e+06,11.31,42.6,376000 4285000,7.5,Suitable,dodgerblue,YES,233.635496,2662.574735,54.680648
376000,4285000,CB4MH,41.0105,1e+06,10.41,39.9,376000 4285000,12.5,Suitable,dodgerblue,YES,233.635496,2662.574735,54.680648
376000,4285000,CB4MH,50.85302,1e+06,10.3,39.2,376000 4285000,15.5,Suitable,dodgerblue,YES,233.635496,2662.574735,54.680648
376000,4285000,CB4MH,4.92126,1e+06,11.65,43.2,376000 4285000,1.5,Suitable,dodgerblue,YES,233.635496,2662.574735,54.680648
376000,4285000,CB4MH,18.04462,1e+06,11.52,42.9,376000 4285000,5.5,Suitable,dodgerblue,YES,233.635496,2662.574735,54.680648
376000,4285000,CB4MH,44.29134,1e+06,10.38,39.7,376000 4285000,13.5,Suitable,dodgerblue,YES,233.635496,2662.574735,54.680648
376000,4285000,CB4MH,21.32546,1e+06,11.45,42.8,376000 4285000,6.5,Suitable,dodgerblue,YES,233.635496,2662.574735,54.680648
376000,4285000,CB4MH,63.97638,1e+06,9.99,38.2,376000 4285000,19.5,Suitable,dodgerblue,YES,233.635496,2662.574735,54.680648
376000,4285000,CB4MH,14.76378,1e+06,11.59,43,376000 4285000,4.5,Suitable,dodgerblue,YES,233.635496,2662.574735,54.680648
376000,4289000,CB4MH,37.72966,1e+06,10.5,40.8,376000 4289000,11.5,Suitable,dodgerblue,YES,233.635496,2665.060219,57.1661319999998
376000,4289000,CB4MH,47.57218,1e+06,10.35,40,376000 4289000,14.5,Suitable,dodgerblue,YES,233.635496,2665.060219,57.1661319999998
376000,4289000,CB4MH,21.32546,1e+06,10.98,43.2,376000 4289000,6.5,Suitable,dodgerblue,YES,233.635496,2665.060219,57.1661319999998
376000,4289000,CB4MH,44.29134,1e+06,10.41,40.3,376000 4289000,13.5,Suitable,dodgerblue,YES,233.635496,2665.060219,57.1661319999998
376000,4289000,CB4MH,34.44882,1e+06,10.58,41.1,376000 4289000,10.5,Suitable,dodgerblue,YES,233.635496,2665.060219,57.1661319999998
376000,4289000,CB4MH,1.64042,1e+06,11.82,43.7,376000 4289000,0.5,Suitable,dodgerblue,YES,233.635496,2665.060219,57.1661319999998
376000,4289000,CB4MH,57.4147,1e+06,10.12,39,376000 4289000,17.5,Suitable,dodgerblue,YES,233.635496,2665.060219,57.1661319999998
376000,4289000,CB4MH,41.0105,1e+06,10.45,40.5,376000 4289000,12.5,Suitable,dodgerblue,YES,233.635496,2665.060219,57.1661319999998
376000,4289000,CB4MH,50.85302,1e+06,10.27,39.7,376000 4289000,15.5,Suitable,dodgerblue,YES,233.635496,2665.060219,57.1661319999998
376000,4289000,CB4MH,31.16798,1e+06,10.67,41.4,376000 4289000,9.5,Suitable,dodgerblue,YES,233.635496,2665.060219,57.1661319999998
376000,4289000,CB4MH,14.76378,1e+06,11.38,43.3,376000 4289000,4.5,Suitable,dodgerblue,YES,233.635496,2665.060219,57.1661319999998
376000,4289000,CB4MH,24.6063,1e+06,10.76,43.2,376000 4289000,7.5,Suitable,dodgerblue,YES,233.635496,2665.060219,57.1661319999998
376000,4289000,CB4MH,67.25722,1e+06,9.85,38.1,376000 4289000,20.5,Suitable,dodgerblue,YES,233.635496,2665.060219,57.1661319999998
376000,4289000,CB4MH,54.13386,1e+06,10.19,39.4,376000 4289000,16.5,Suitable,dodgerblue,YES,233.635496,2665.060219,57.1661319999998
376000,4289000,CB4MH,11.48294,1e+06,11.59,43.6,376000 4289000,3.5,Suitable,dodgerblue,YES,233.635496,2665.060219,57.1661319999998
376000,4289000,CB4MH,27.88714,1e+06,10.58,42.3,376000 4289000,8.5,Suitable,dodgerblue,YES,233.635496,2665.060219,57.1661319999998
376000,4289000,CB4MH,4.92126,1e+06,11.79,43.6,376000 4289000,1.5,Suitable,dodgerblue,YES,233.635496,2665.060219,57.1661319999998
376000,4289000,CB4MH,63.97638,1e+06,9.91,38.3,376000 4289000,19.5,Suitable,dodgerblue,YES,233.635496,2665.060219,57.1661319999998
376000,4289000,CB4MH,60.69554,1e+06,10.01,38.6,376000 4289000,18.5,Suitable,dodgerblue,YES,233.635496,2665.060219,57.1661319999998
376000,4289000,CB4MH,18.04462,1e+06,11.16,43.2,376000 4289000,5.5,Suitable,dodgerblue,YES,233.635496,2665.060219,57.1661319999998
376000,4289000,CB4MH,8.2021,1e+06,11.73,43.6,376000 4289000,2.5,Suitable,dodgerblue,YES,233.635496,2665.060219,57.1661319999998
376000,4290000,CB4MH,31.16798,1e+06,10.61,41.6,376000 4290000,9.5,Suitable,dodgerblue,YES,233.635496,2665.68159,57.787503
376000,4290000,CB4MH,8.2021,1e+06,11.74,43.7,376000 4290000,2.5,Suitable,dodgerblue,YES,233.635496,2665.68159,57.787503
376000,4290000,CB4MH,18.04462,1e+06,11.13,43.2,376000 4290000,5.5,Suitable,dodgerblue,YES,233.635496,2665.68159,57.787503
376000,4290000,CB4MH,77.09974,1e+06,9.72,37.9,376000 4290000,23.5,Suitable,dodgerblue,YES,233.635496,2665.68159,57.787503
376000,4290000,CB4MH,21.32546,1e+06,10.94,43.3,376000 4290000,6.5,Suitable,dodgerblue,YES,233.635496,2665.68159,57.787503
376000,4290000,CB4MH,70.53806,1e+06,9.77,38,376000 4290000,21.5,Suitable,dodgerblue,YES,233.635496,2665.68159,57.787503
376000,4290000,CB4MH,60.69554,1e+06,9.99,38.7,376000 4290000,18.5,Suitable,dodgerblue,YES,233.635496,2665.68159,57.787503
376000,4290000,CB4MH,4.92126,1e+06,11.8,43.7,376000 4290000,1.5,Suitable,dodgerblue,YES,233.635496,2665.68159,57.787503
376000,4290000,CB4MH,34.44882,1e+06,10.53,41.4,376000 4290000,10.5,Suitable,dodgerblue,YES,233.635496,2665.68159,57.787503
376000,4290000,CB4MH,24.6063,1e+06,10.72,43.2,376000 4290000,7.5,Suitable,dodgerblue,YES,233.635496,2665.68159,57.787503
376000,4290000,CB4MH,27.88714,1e+06,10.55,42.3,376000 4290000,8.5,Suitable,dodgerblue,YES,233.635496,2665.68159,57.787503
376000,4290000,CB4MH,50.85302,1e+06,10.26,39.7,376000 4290000,15.5,Suitable,dodgerblue,YES,233.635496,2665.68159,57.787503
376000,4290000,CB4MH,73.8189,1e+06,9.75,38,376000 4290000,22.5,Suitable,dodgerblue,YES,233.635496,2665.68159,57.787503
376000,4290000,CB4MH,14.76378,1e+06,11.36,43.3,376000 4290000,4.5,Suitable,dodgerblue,YES,233.635496,2665.68159,57.787503
376000,4290000,CB4MH,11.48294,1e+06,11.6,43.6,376000 4290000,3.5,Suitable,dodgerblue,YES,233.635496,2665.68159,57.787503
376000,4290000,CB4MH,1.64042,1e+06,11.83,43.7,376000 4290000,0.5,Suitable,dodgerblue,YES,233.635496,2665.68159,57.787503
376000,4290000,CB4MH,47.57218,1e+06,10.34,40.1,376000 4290000,14.5,Suitable,dodgerblue,YES,233.635496,2665.68159,57.787503
376000,4290000,CB4MH,63.97638,1e+06,9.9,38.4,376000 4290000,19.5,Suitable,dodgerblue,YES,233.635496,2665.68159,57.787503
376000,4290000,CB4MH,54.13386,1e+06,10.18,39.4,376000 4290000,16.5,Suitable,dodgerblue,YES,233.635496,2665.68159,57.787503
376000,4290000,CB4MH,37.72966,1e+06,10.46,41.1,376000 4290000,11.5,Suitable,dodgerblue,YES,233.635496,2665.68159,57.787503
376000,4290000,CB4MH,67.25722,1e+06,9.83,38.1,376000 4290000,20.5,Suitable,dodgerblue,YES,233.635496,2665.68159,57.787503
376000,4290000,CB4MH,41.0105,1e+06,10.45,40.6,376000 4290000,12.5,Suitable,dodgerblue,YES,233.635496,2665.68159,57.787503
376000,4290000,CB4MH,57.4147,1e+06,10.11,39.1,376000 4290000,17.5,Suitable,dodgerblue,YES,233.635496,2665.68159,57.787503
376000,4290000,CB4MH,44.29134,1e+06,10.41,40.4,376000 4290000,13.5,Suitable,dodgerblue,YES,233.635496,2665.68159,57.787503
376000,4291000,CB4MH,14.76378,1e+06,11.36,43.3,376000 4291000,4.5,Suitable,dodgerblue,YES,233.635496,2666.302961,58.4088739999998
376000,4291000,CB4MH,11.48294,1e+06,11.6,43.6,376000 4291000,3.5,Suitable,dodgerblue,YES,233.635496,2666.302961,58.4088739999998
376000,4291000,CB4MH,96.78478,1e+06,9.3,37.4,376000 4291000,29.5,Suitable,dodgerblue,YES,233.635496,2666.302961,58.4088739999998
376000,4291000,CB4MH,8.2021,1e+06,11.75,43.7,376000 4291000,2.5,Suitable,dodgerblue,YES,233.635496,2666.302961,58.4088739999998
376000,4291000,CB4MH,86.94226,1e+06,9.46,37.4,376000 4291000,26.5,Suitable,dodgerblue,YES,233.635496,2666.302961,58.4088739999998
376000,4291000,CB4MH,73.8189,1e+06,9.73,38,376000 4291000,22.5,Suitable,dodgerblue,YES,233.635496,2666.302961,58.4088739999998
376000,4291000,CB4MH,24.6063,1e+06,10.69,43.3,376000 4291000,7.5,Suitable,dodgerblue,YES,233.635496,2666.302961,58.4088739999998
376000,4291000,CB4MH,31.16798,1e+06,10.6,41.6,376000 4291000,9.5,Suitable,dodgerblue,YES,233.635496,2666.302961,58.4088739999998
376000,4291000,CB4MH,37.72966,1e+06,10.47,41.2,376000 4291000,11.5,Suitable,dodgerblue,YES,233.635496,2666.302961,58.4088739999998
376000,4291000,CB4MH,67.25722,1e+06,9.81,38.1,376000 4291000,20.5,Suitable,dodgerblue,YES,233.635496,2666.302961,58.4088739999998
376000,4291000,CB4MH,80.38058,1e+06,9.63,37.6,376000 4291000,24.5,Suitable,dodgerblue,YES,233.635496,2666.302961,58.4088739999998
376000,4291000,CB4MH,77.09974,1e+06,9.7,37.9,376000 4291000,23.5,Suitable,dodgerblue,YES,233.635496,2666.302961,58.4088739999998
376000,4291000,CB4MH,83.66142,1e+06,9.58,37.5,376000 4291000,25.5,Suitable,dodgerblue,YES,233.635496,2666.302961,58.4088739999998
376000,4291000,CB4MH,1.64042,1e+06,11.84,43.7,376000 4291000,0.5,Suitable,dodgerblue,YES,233.635496,2666.302961,58.4088739999998
376000,4291000,CB4MH,57.4147,1e+06,10.1,39.1,376000 4291000,17.5,Suitable,dodgerblue,YES,233.635496,2666.302961,58.4088739999998
376000,4291000,CB4MH,44.29134,1e+06,10.41,40.5,376000 4291000,13.5,Suitable,dodgerblue,YES,233.635496,2666.302961,58.4088739999998
376000,4291000,CB4MH,21.32546,1e+06,10.92,43.2,376000 4291000,6.5,Suitable,dodgerblue,YES,233.635496,2666.302961,58.4088739999998
376000,4291000,CB4MH,18.04462,1e+06,11.11,43.2,376000 4291000,5.5,Suitable,dodgerblue,YES,233.635496,2666.302961,58.4088739999998
376000,4291000,CB4MH,27.88714,1e+06,10.53,42.3,376000 4291000,8.5,Suitable,dodgerblue,YES,233.635496,2666.302961,58.4088739999998
376000,4291000,CB4MH,70.53806,1e+06,9.75,38,376000 4291000,21.5,Suitable,dodgerblue,YES,233.635496,2666.302961,58.4088739999998
376000,4291000,CB4MH,60.69554,1e+06,9.98,38.7,376000 4291000,18.5,Suitable,dodgerblue,YES,233.635496,2666.302961,58.4088739999998
376000,4291000,CB4MH,4.92126,1e+06,11.81,43.7,376000 4291000,1.5,Suitable,dodgerblue,YES,233.635496,2666.302961,58.4088739999998
376000,4291000,CB4MH,90.2231,1e+06,9.38,37.4,376000 4291000,27.5,Suitable,dodgerblue,YES,233.635496,2666.302961,58.4088739999998
376000,4291000,CB4MH,54.13386,1e+06,10.17,39.5,376000 4291000,16.5,Suitable,dodgerblue,YES,233.635496,2666.302961,58.4088739999998
376000,4291000,CB4MH,50.85302,1e+06,10.25,39.8,376000 4291000,15.5,Suitable,dodgerblue,YES,233.635496,2666.302961,58.4088739999998
376000,4291000,CB4MH,41.0105,1e+06,10.45,40.7,376000 4291000,12.5,Suitable,dodgerblue,YES,233.635496,2666.302961,58.4088739999998
376000,4291000,CB4MH,34.44882,1e+06,10.54,41.4,376000 4291000,10.5,Suitable,dodgerblue,YES,233.635496,2666.302961,58.4088739999998
376000,4291000,CB4MH,63.97638,1e+06,9.88,38.4,376000 4291000,19.5,Suitable,dodgerblue,YES,233.635496,2666.302961,58.4088739999998
376000,4291000,CB4MH,93.50394,1e+06,9.32,37.4,376000 4291000,28.5,Suitable,dodgerblue,YES,233.635496,2666.302961,58.4088739999998
376000,4291000,CB4MH,47.57218,1e+06,10.34,40.2,376000 4291000,14.5,Suitable,dodgerblue,YES,233.635496,2666.302961,58.4088739999998
376000,4292000,CB4MH,4.92126,1e+06,11.77,44.1,376000 4292000,1.5,Suitable,dodgerblue,YES,233.635496,2666.924332,59.0302449999999
376000,4292000,CB4MH,63.97638,1e+06,9.87,38.4,376000 4292000,19.5,Suitable,dodgerblue,YES,233.635496,2666.924332,59.0302449999999
376000,4292000,CB4MH,21.32546,1e+06,10.9,43.2,376000 4292000,6.5,Suitable,dodgerblue,YES,233.635496,2666.924332,59.0302449999999
376000,4292000,CB4MH,8.2021,1e+06,11.7,44.1,376000 4292000,2.5,Suitable,dodgerblue,YES,233.635496,2666.924332,59.0302449999999
376000,4292000,CB4MH,27.88714,1e+06,10.51,42.3,376000 4292000,8.5,Suitable,dodgerblue,YES,233.635496,2666.924332,59.0302449999999
376000,4292000,CB4MH,73.8189,1e+06,9.71,38,376000 4292000,22.5,Suitable,dodgerblue,YES,233.635496,2666.924332,59.0302449999999
376000,4292000,CB4MH,37.72966,1e+06,10.48,41.2,376000 4292000,11.5,Suitable,dodgerblue,YES,233.635496,2666.924332,59.0302449999999
376000,4292000,CB4MH,34.44882,1e+06,10.54,41.4,376000 4292000,10.5,Suitable,dodgerblue,YES,233.635496,2666.924332,59.0302449999999
376000,4292000,CB4MH,83.66142,1e+06,9.54,37.5,376000 4292000,25.5,Suitable,dodgerblue,YES,233.635496,2666.924332,59.0302449999999
376000,4292000,CB4MH,31.16798,1e+06,10.59,41.6,376000 4292000,9.5,Suitable,dodgerblue,YES,233.635496,2666.924332,59.0302449999999
376000,4292000,CB4MH,70.53806,1e+06,9.74,38.1,376000 4292000,21.5,Suitable,dodgerblue,YES,233.635496,2666.924332,59.0302449999999
376000,4292000,CB4MH,60.69554,1e+06,9.97,38.7,376000 4292000,18.5,Suitable,dodgerblue,YES,233.635496,2666.924332,59.0302449999999
376000,4292000,CB4MH,1.64042,1e+06,11.8,44.1,376000 4292000,0.5,Suitable,dodgerblue,YES,233.635496,2666.924332,59.0302449999999
376000,4292000,CB4MH,77.09974,1e+06,9.68,37.9,376000 4292000,23.5,Suitable,dodgerblue,YES,233.635496,2666.924332,59.0302449999999
376000,4292000,CB4MH,86.94226,1e+06,9.44,37.4,376000 4292000,26.5,Suitable,dodgerblue,YES,233.635496,2666.924332,59.0302449999999
376000,4292000,CB4MH,80.38058,1e+06,9.59,37.6,376000 4292000,24.5,Suitable,dodgerblue,YES,233.635496,2666.924332,59.0302449999999
376000,4292000,CB4MH,18.04462,1e+06,11.1,43.2,376000 4292000,5.5,Suitable,dodgerblue,YES,233.635496,2666.924332,59.0302449999999
376000,4292000,CB4MH,41.0105,1e+06,10.45,40.8,376000 4292000,12.5,Suitable,dodgerblue,YES,233.635496,2666.924332,59.0302449999999
376000,4292000,CB4MH,44.29134,1e+06,10.41,40.6,376000 4292000,13.5,Suitable,dodgerblue,YES,233.635496,2666.924332,59.0302449999999
376000,4292000,CB4MH,11.48294,1e+06,11.6,43.6,376000 4292000,3.5,Suitable,dodgerblue,YES,233.635496,2666.924332,59.0302449999999
376000,4292000,CB4MH,50.85302,1e+06,10.24,39.8,376000 4292000,15.5,Suitable,dodgerblue,YES,233.635496,2666.924332,59.0302449999999
376000,4292000,CB4MH,57.4147,1e+06,10.09,39.1,376000 4292000,17.5,Suitable,dodgerblue,YES,233.635496,2666.924332,59.0302449999999
376000,4292000,CB4MH,67.25722,1e+06,9.8,38.2,376000 4292000,20.5,Suitable,dodgerblue,YES,233.635496,2666.924332,59.0302449999999
376000,4292000,CB4MH,24.6063,1e+06,10.67,43.2,376000 4292000,7.5,Suitable,dodgerblue,YES,233.635496,2666.924332,59.0302449999999
376000,4292000,CB4MH,14.76378,1e+06,11.36,43.3,376000 4292000,4.5,Suitable,dodgerblue,YES,233.635496,2666.924332,59.0302449999999
376000,4292000,CB4MH,47.57218,1e+06,10.33,40.2,376000 4292000,14.5,Suitable,dodgerblue,YES,233.635496,2666.924332,59.0302449999999
376000,4292000,CB4MH,54.13386,1e+06,10.16,39.5,376000 4292000,16.5,Suitable,dodgerblue,YES,233.635496,2666.924332,59.0302449999999
376000,4293000,CB4MH,60.69554,1e+06,9.96,38.7,376000 4293000,18.5,Suitable,dodgerblue,YES,233.635496,2667.545703,59.6516160000001
376000,4293000,CB4MH,54.13386,1e+06,10.15,39.6,376000 4293000,16.5,Suitable,dodgerblue,YES,233.635496,2667.545703,59.6516160000001
376000,4293000,CB4MH,44.29134,1e+06,10.4,40.6,376000 4293000,13.5,Suitable,dodgerblue,YES,233.635496,2667.545703,59.6516160000001
376000,4293000,CB4MH,1.64042,1e+06,11.81,44.1,376000 4293000,0.5,Suitable,dodgerblue,YES,233.635496,2667.545703,59.6516160000001
376000,4293000,CB4MH,73.8189,1e+06,9.69,38,376000 4293000,22.5,Suitable,dodgerblue,YES,233.635496,2667.545703,59.6516160000001
376000,4293000,CB4MH,31.16798,1e+06,10.59,41.5,376000 4293000,9.5,Suitable,dodgerblue,YES,233.635496,2667.545703,59.6516160000001
376000,4293000,CB4MH,70.53806,1e+06,9.72,38.1,376000 4293000,21.5,Suitable,dodgerblue,YES,233.635496,2667.545703,59.6516160000001
376000,4293000,CB4MH,67.25722,1e+06,9.78,38.2,376000 4293000,20.5,Suitable,dodgerblue,YES,233.635496,2667.545703,59.6516160000001
376000,4293000,CB4MH,63.97638,1e+06,9.86,38.4,376000 4293000,19.5,Suitable,dodgerblue,YES,233.635496,2667.545703,59.6516160000001
376000,4293000,CB4MH,18.04462,1e+06,11.1,43.1,376000 4293000,5.5,Suitable,dodgerblue,YES,233.635496,2667.545703,59.6516160000001
376000,4293000,CB4MH,24.6063,1e+06,10.65,43.2,376000 4293000,7.5,Suitable,dodgerblue,YES,233.635496,2667.545703,59.6516160000001
376000,4293000,CB4MH,4.92126,1e+06,11.78,44.1,376000 4293000,1.5,Suitable,dodgerblue,YES,233.635496,2667.545703,59.6516160000001
376000,4293000,CB4MH,8.2021,1e+06,11.71,44.1,376000 4293000,2.5,Suitable,dodgerblue,YES,233.635496,2667.545703,59.6516160000001
376000,4293000,CB4MH,34.44882,1e+06,10.55,41.3,376000 4293000,10.5,Suitable,dodgerblue,YES,233.635496,2667.545703,59.6516160000001
376000,4293000,CB4MH,27.88714,1e+06,10.49,42.3,376000 4293000,8.5,Suitable,dodgerblue,YES,233.635496,2667.545703,59.6516160000001
376000,4293000,CB4MH,14.76378,1e+06,11.36,43.3,376000 4293000,4.5,Suitable,dodgerblue,YES,233.635496,2667.545703,59.6516160000001
376000,4293000,CB4MH,21.32546,1e+06,10.88,43.2,376000 4293000,6.5,Suitable,dodgerblue,YES,233.635496,2667.545703,59.6516160000001
376000,4293000,CB4MH,50.85302,1e+06,10.23,39.8,376000 4293000,15.5,Suitable,dodgerblue,YES,233.635496,2667.545703,59.6516160000001
376000,4293000,CB4MH,41.0105,1e+06,10.45,40.8,376000 4293000,12.5,Suitable,dodgerblue,YES,233.635496,2667.545703,59.6516160000001
376000,4293000,CB4MH,11.48294,1e+06,11.61,43.6,376000 4293000,3.5,Suitable,dodgerblue,YES,233.635496,2667.545703,59.6516160000001
376000,4293000,CB4MH,47.57218,1e+06,10.33,40.2,376000 4293000,14.5,Suitable,dodgerblue,YES,233.635496,2667.545703,59.6516160000001
376000,4293000,CB4MH,77.09974,1e+06,9.66,37.9,376000 4293000,23.5,Suitable,dodgerblue,YES,233.635496,2667.545703,59.6516160000001
376000,4293000,CB4MH,37.72966,1e+06,10.49,41.2,376000 4293000,11.5,Suitable,dodgerblue,YES,233.635496,2667.545703,59.6516160000001
376000,4293000,CB4MH,57.4147,1e+06,10.08,39.2,376000 4293000,17.5,Suitable,dodgerblue,YES,233.635496,2667.545703,59.6516160000001
377000,4262000,CB4MH,44.29134,1e+06,10.75,40.6,377000 4262000,13.5,Suitable,dodgerblue,YES,234.256867,2648.283202,40.389115
377000,4262000,CB4MH,21.32546,1e+06,11.16,43,377000 4262000,6.5,Suitable,dodgerblue,YES,234.256867,2648.283202,40.389115
377000,4262000,CB4MH,1.64042,1e+06,11.3,43,377000 4262000,0.5,Suitable,dodgerblue,YES,234.256867,2648.283202,40.389115
377000,4262000,CB4MH,70.53806,1e+06,10.08,38.2,377000 4262000,21.5,Suitable,dodgerblue,YES,234.256867,2648.283202,40.389115
377000,4262000,CB4MH,8.2021,1e+06,11.27,42.9,377000 4262000,2.5,Suitable,dodgerblue,YES,234.256867,2648.283202,40.389115
377000,4262000,CB4MH,27.88714,1e+06,11.08,42.8,377000 4262000,8.5,Suitable,dodgerblue,YES,234.256867,2648.283202,40.389115
377000,4262000,CB4MH,11.48294,1e+06,11.25,42.9,377000 4262000,3.5,Suitable,dodgerblue,YES,234.256867,2648.283202,40.389115
377000,4262000,CB4MH,4.92126,1e+06,11.28,42.9,377000 4262000,1.5,Suitable,dodgerblue,YES,234.256867,2648.283202,40.389115
377000,4262000,CB4MH,24.6063,1e+06,11.12,42.8,377000 4262000,7.5,Suitable,dodgerblue,YES,234.256867,2648.283202,40.389115
377000,4262000,CB4MH,14.76378,1e+06,11.2,43.1,377000 4262000,4.5,Suitable,dodgerblue,YES,234.256867,2648.283202,40.389115
377000,4262000,CB4MH,67.25722,1e+06,10.02,38.5,377000 4262000,20.5,Suitable,dodgerblue,YES,234.256867,2648.283202,40.389115
377000,4262000,CB4MH,57.4147,1e+06,10.35,39.2,377000 4262000,17.5,Suitable,dodgerblue,YES,234.256867,2648.283202,40.389115
377000,4262000,CB4MH,41.0105,1e+06,10.82,40.9,377000 4262000,12.5,Suitable,dodgerblue,YES,234.256867,2648.283202,40.389115
377000,4262000,CB4MH,18.04462,1e+06,11.18,43.1,377000 4262000,5.5,Suitable,dodgerblue,YES,234.256867,2648.283202,40.389115
377000,4262000,CB4MH,47.57218,1e+06,10.65,40.3,377000 4262000,14.5,Suitable,dodgerblue,YES,234.256867,2648.283202,40.389115
377000,4262000,CB4MH,34.44882,1e+06,10.99,42.1,377000 4262000,10.5,Suitable,dodgerblue,YES,234.256867,2648.283202,40.389115
377000,4262000,CB4MH,60.69554,1e+06,10.2,38.9,377000 4262000,18.5,Suitable,dodgerblue,YES,234.256867,2648.283202,40.389115
377000,4262000,CB4MH,37.72966,1e+06,10.9,41.6,377000 4262000,11.5,Suitable,dodgerblue,YES,234.256867,2648.283202,40.389115
377000,4262000,CB4MH,50.85302,1e+06,10.53,39.9,377000 4262000,15.5,Suitable,dodgerblue,YES,234.256867,2648.283202,40.389115
377000,4262000,CB4MH,63.97638,1e+06,10.06,38.7,377000 4262000,19.5,Suitable,dodgerblue,YES,234.256867,2648.283202,40.389115
377000,4262000,CB4MH,31.16798,1e+06,11.07,42.4,377000 4262000,9.5,Suitable,dodgerblue,YES,234.256867,2648.283202,40.389115
377000,4262000,CB4MH,54.13386,1e+06,10.41,39.5,377000 4262000,16.5,Suitable,dodgerblue,YES,234.256867,2648.283202,40.389115
377000,4263000,CB4MH,41.0105,1e+06,10.81,41,377000 4263000,12.5,Suitable,dodgerblue,YES,234.256867,2648.904573,41.0104860000001
377000,4263000,CB4MH,47.57218,1e+06,10.65,40.3,377000 4263000,14.5,Suitable,dodgerblue,YES,234.256867,2648.904573,41.0104860000001
377000,4263000,CB4MH,37.72966,1e+06,10.89,41.6,377000 4263000,11.5,Suitable,dodgerblue,YES,234.256867,2648.904573,41.0104860000001
377000,4263000,CB4MH,11.48294,1e+06,11.27,42.9,377000 4263000,3.5,Suitable,dodgerblue,YES,234.256867,2648.904573,41.0104860000001
377000,4263000,CB4MH,4.92126,1e+06,11.3,42.9,377000 4263000,1.5,Suitable,dodgerblue,YES,234.256867,2648.904573,41.0104860000001
377000,4263000,CB4MH,44.29134,1e+06,10.74,40.6,377000 4263000,13.5,Suitable,dodgerblue,YES,234.256867,2648.904573,41.0104860000001
377000,4263000,CB4MH,54.13386,1e+06,10.39,39.5,377000 4263000,16.5,Suitable,dodgerblue,YES,234.256867,2648.904573,41.0104860000001
377000,4263000,CB4MH,18.04462,1e+06,11.19,43.1,377000 4263000,5.5,Suitable,dodgerblue,YES,234.256867,2648.904573,41.0104860000001
377000,4263000,CB4MH,8.2021,1e+06,11.29,42.9,377000 4263000,2.5,Suitable,dodgerblue,YES,234.256867,2648.904573,41.0104860000001
377000,4263000,CB4MH,57.4147,1e+06,10.32,39.2,377000 4263000,17.5,Suitable,dodgerblue,YES,234.256867,2648.904573,41.0104860000001
377000,4263000,CB4MH,34.44882,1e+06,10.99,42.2,377000 4263000,10.5,Suitable,dodgerblue,YES,234.256867,2648.904573,41.0104860000001
377000,4263000,CB4MH,31.16798,1e+06,11.06,42.4,377000 4263000,9.5,Suitable,dodgerblue,YES,234.256867,2648.904573,41.0104860000001
377000,4263000,CB4MH,27.88714,1e+06,11.09,42.7,377000 4263000,8.5,Suitable,dodgerblue,YES,234.256867,2648.904573,41.0104860000001
377000,4263000,CB4MH,1.64042,1e+06,11.33,42.9,377000 4263000,0.5,Suitable,dodgerblue,YES,234.256867,2648.904573,41.0104860000001
377000,4263000,CB4MH,60.69554,1e+06,10.17,38.8,377000 4263000,18.5,Suitable,dodgerblue,YES,234.256867,2648.904573,41.0104860000001
377000,4263000,CB4MH,67.25722,1e+06,9.99,38.4,377000 4263000,20.5,Suitable,dodgerblue,YES,234.256867,2648.904573,41.0104860000001
377000,4263000,CB4MH,24.6063,1e+06,11.13,42.8,377000 4263000,7.5,Suitable,dodgerblue,YES,234.256867,2648.904573,41.0104860000001
377000,4263000,CB4MH,63.97638,1e+06,10.02,38.6,377000 4263000,19.5,Suitable,dodgerblue,YES,234.256867,2648.904573,41.0104860000001
377000,4263000,CB4MH,50.85302,1e+06,10.52,39.9,377000 4263000,15.5,Suitable,dodgerblue,YES,234.256867,2648.904573,41.0104860000001
377000,4263000,CB4MH,14.76378,1e+06,11.22,43,377000 4263000,4.5,Suitable,dodgerblue,YES,234.256867,2648.904573,41.0104860000001
377000,4263000,CB4MH,70.53806,1e+06,10.06,38,377000 4263000,21.5,Suitable,dodgerblue,YES,234.256867,2648.904573,41.0104860000001
377000,4263000,CB4MH,21.32546,1e+06,11.17,42.9,377000 4263000,6.5,Suitable,dodgerblue,YES,234.256867,2648.904573,41.0104860000001
377000,4278000,CB4MH,11.48294,1e+06,11.6,43,377000 4278000,3.5,Suitable,dodgerblue,YES,234.256867,2658.225138,50.3310510000001
377000,4278000,CB4MH,14.76378,1e+06,11.6,43,377000 4278000,4.5,Suitable,dodgerblue,YES,234.256867,2658.225138,50.3310510000001
377000,4278000,CB4MH,67.25722,1e+06,10.03,38,377000 4278000,20.5,Suitable,dodgerblue,YES,234.256867,2658.225138,50.3310510000001
377000,4278000,CB4MH,18.04462,1e+06,11.56,43,377000 4278000,5.5,Suitable,dodgerblue,YES,234.256867,2658.225138,50.3310510000001
377000,4278000,CB4MH,24.6063,1e+06,11.34,42.7,377000 4278000,7.5,Suitable,dodgerblue,YES,234.256867,2658.225138,50.3310510000001
377000,4278000,CB4MH,1.64042,1e+06,11.6,43.2,377000 4278000,0.5,Suitable,dodgerblue,YES,234.256867,2658.225138,50.3310510000001
377000,4278000,CB4MH,21.32546,1e+06,11.51,42.9,377000 4278000,6.5,Suitable,dodgerblue,YES,234.256867,2658.225138,50.3310510000001
377000,4278000,CB4MH,31.16798,1e+06,10.7,41.2,377000 4278000,9.5,Suitable,dodgerblue,YES,234.256867,2658.225138,50.3310510000001
377000,4278000,CB4MH,50.85302,1e+06,10.28,38.6,377000 4278000,15.5,Suitable,dodgerblue,YES,234.256867,2658.225138,50.3310510000001
377000,4278000,CB4MH,60.69554,1e+06,10.12,38.2,377000 4278000,18.5,Suitable,dodgerblue,YES,234.256867,2658.225138,50.3310510000001
377000,4278000,CB4MH,73.8189,1e+06,10,37.9,377000 4278000,22.5,Suitable,dodgerblue,YES,234.256867,2658.225138,50.3310510000001
377000,4278000,CB4MH,27.88714,1e+06,10.95,42,377000 4278000,8.5,Suitable,dodgerblue,YES,234.256867,2658.225138,50.3310510000001
377000,4278000,CB4MH,37.72966,1e+06,10.3,39.5,377000 4278000,11.5,Suitable,dodgerblue,YES,234.256867,2658.225138,50.3310510000001
377000,4278000,CB4MH,70.53806,1e+06,10,37.9,377000 4278000,21.5,Suitable,dodgerblue,YES,234.256867,2658.225138,50.3310510000001
377000,4278000,CB4MH,34.44882,1e+06,10.45,40.4,377000 4278000,10.5,Suitable,dodgerblue,YES,234.256867,2658.225138,50.3310510000001
377000,4278000,CB4MH,4.92126,1e+06,11.6,43.2,377000 4278000,1.5,Suitable,dodgerblue,YES,234.256867,2658.225138,50.3310510000001
377000,4278000,CB4MH,57.4147,1e+06,10.18,38.3,377000 4278000,17.5,Suitable,dodgerblue,YES,234.256867,2658.225138,50.3310510000001
377000,4278000,CB4MH,63.97638,1e+06,10.07,38.1,377000 4278000,19.5,Suitable,dodgerblue,YES,234.256867,2658.225138,50.3310510000001
377000,4278000,CB4MH,8.2021,1e+06,11.6,43.1,377000 4278000,2.5,Suitable,dodgerblue,YES,234.256867,2658.225138,50.3310510000001
377000,4278000,CB4MH,41.0105,1e+06,10.3,39.1,377000 4278000,12.5,Suitable,dodgerblue,YES,234.256867,2658.225138,50.3310510000001
377000,4278000,CB4MH,54.13386,1e+06,10.22,38.4,377000 4278000,16.5,Suitable,dodgerblue,YES,234.256867,2658.225138,50.3310510000001
377000,4278000,CB4MH,44.29134,1e+06,10.3,38.9,377000 4278000,13.5,Suitable,dodgerblue,YES,234.256867,2658.225138,50.3310510000001
377000,4278000,CB4MH,47.57218,1e+06,10.3,38.8,377000 4278000,14.5,Suitable,dodgerblue,YES,234.256867,2658.225138,50.3310510000001
377000,4279000,CB4MH,77.09974,1e+06,10,37.9,377000 4279000,23.5,Suitable,dodgerblue,YES,234.256867,2658.846509,50.9524219999998
377000,4279000,CB4MH,57.4147,1e+06,10.18,38.3,377000 4279000,17.5,Suitable,dodgerblue,YES,234.256867,2658.846509,50.9524219999998
377000,4279000,CB4MH,63.97638,1e+06,10.07,38.1,377000 4279000,19.5,Suitable,dodgerblue,YES,234.256867,2658.846509,50.9524219999998
377000,4279000,CB4MH,83.66142,1e+06,9.95,37.9,377000 4279000,25.5,Suitable,dodgerblue,YES,234.256867,2658.846509,50.9524219999998
377000,4279000,CB4MH,60.69554,1e+06,10.12,38.2,377000 4279000,18.5,Suitable,dodgerblue,YES,234.256867,2658.846509,50.9524219999998
377000,4279000,CB4MH,54.13386,1e+06,10.22,38.4,377000 4279000,16.5,Suitable,dodgerblue,YES,234.256867,2658.846509,50.9524219999998
377000,4279000,CB4MH,27.88714,1e+06,10.95,42,377000 4279000,8.5,Suitable,dodgerblue,YES,234.256867,2658.846509,50.9524219999998
377000,4279000,CB4MH,31.16798,1e+06,10.7,41.2,377000 4279000,9.5,Suitable,dodgerblue,YES,234.256867,2658.846509,50.9524219999998
377000,4279000,CB4MH,80.38058,1e+06,10,37.9,377000 4279000,24.5,Suitable,dodgerblue,YES,234.256867,2658.846509,50.9524219999998
377000,4279000,CB4MH,47.57218,1e+06,10.3,38.8,377000 4279000,14.5,Suitable,dodgerblue,YES,234.256867,2658.846509,50.9524219999998
377000,4279000,CB4MH,18.04462,1e+06,11.56,43,377000 4279000,5.5,Suitable,dodgerblue,YES,234.256867,2658.846509,50.9524219999998
377000,4279000,CB4MH,70.53806,1e+06,10,37.9,377000 4279000,21.5,Suitable,dodgerblue,YES,234.256867,2658.846509,50.9524219999998
377000,4279000,CB4MH,41.0105,1e+06,10.31,39.1,377000 4279000,12.5,Suitable,dodgerblue,YES,234.256867,2658.846509,50.9524219999998
377000,4279000,CB4MH,21.32546,1e+06,11.52,42.9,377000 4279000,6.5,Suitable,dodgerblue,YES,234.256867,2658.846509,50.9524219999998
377000,4279000,CB4MH,14.76378,1e+06,11.6,43,377000 4279000,4.5,Suitable,dodgerblue,YES,234.256867,2658.846509,50.9524219999998
377000,4279000,CB4MH,37.72966,1e+06,10.31,39.5,377000 4279000,11.5,Suitable,dodgerblue,YES,234.256867,2658.846509,50.9524219999998
377000,4279000,CB4MH,34.44882,1e+06,10.46,40.4,377000 4279000,10.5,Suitable,dodgerblue,YES,234.256867,2658.846509,50.9524219999998
377000,4279000,CB4MH,50.85302,1e+06,10.28,38.6,377000 4279000,15.5,Suitable,dodgerblue,YES,234.256867,2658.846509,50.9524219999998
377000,4279000,CB4MH,24.6063,1e+06,11.37,42.8,377000 4279000,7.5,Suitable,dodgerblue,YES,234.256867,2658.846509,50.9524219999998
377000,4279000,CB4MH,67.25722,1e+06,10.03,38,377000 4279000,20.5,Suitable,dodgerblue,YES,234.256867,2658.846509,50.9524219999998
377000,4279000,CB4MH,4.92126,1e+06,11.6,43.2,377000 4279000,1.5,Suitable,dodgerblue,YES,234.256867,2658.846509,50.9524219999998
377000,4279000,CB4MH,8.2021,1e+06,11.6,43.1,377000 4279000,2.5,Suitable,dodgerblue,YES,234.256867,2658.846509,50.9524219999998
377000,4279000,CB4MH,73.8189,1e+06,10,37.9,377000 4279000,22.5,Suitable,dodgerblue,YES,234.256867,2658.846509,50.9524219999998
377000,4279000,CB4MH,11.48294,1e+06,11.6,43.1,377000 4279000,3.5,Suitable,dodgerblue,YES,234.256867,2658.846509,50.9524219999998
377000,4279000,CB4MH,86.94226,1e+06,9.81,37.6,377000 4279000,26.5,Suitable,dodgerblue,YES,234.256867,2658.846509,50.9524219999998
377000,4279000,CB4MH,44.29134,1e+06,10.3,38.9,377000 4279000,13.5,Suitable,dodgerblue,YES,234.256867,2658.846509,50.9524219999998
377000,4279000,CB4MH,1.64042,1e+06,11.6,43.2,377000 4279000,0.5,Suitable,dodgerblue,YES,234.256867,2658.846509,50.9524219999998
377000,4280000,CB4MH,96.78478,1e+06,9.3,37.4,377000 4280000,29.5,Suitable,dodgerblue,YES,234.256867,2659.46788,51.573793
377000,4280000,CB4MH,27.88714,1e+06,10.97,42,377000 4280000,8.5,Suitable,dodgerblue,YES,234.256867,2659.46788,51.573793
377000,4280000,CB4MH,34.44882,1e+06,10.47,40.5,377000 4280000,10.5,Suitable,dodgerblue,YES,234.256867,2659.46788,51.573793
377000,4280000,CB4MH,63.97638,1e+06,10.06,38.1,377000 4280000,19.5,Suitable,dodgerblue,YES,234.256867,2659.46788,51.573793
377000,4280000,CB4MH,80.38058,1e+06,10,37.9,377000 4280000,24.5,Suitable,dodgerblue,YES,234.256867,2659.46788,51.573793
377000,4280000,CB4MH,100.06562,1e+06,9.3,37.4,377000 4280000,30.5,Suitable,dodgerblue,YES,234.256867,2659.46788,51.573793
377000,4280000,CB4MH,73.8189,1e+06,9.99,37.9,377000 4280000,22.5,Suitable,dodgerblue,YES,234.256867,2659.46788,51.573793
377000,4280000,CB4MH,83.66142,1e+06,9.95,37.9,377000 4280000,25.5,Suitable,dodgerblue,YES,234.256867,2659.46788,51.573793
377000,4280000,CB4MH,60.69554,1e+06,10.12,38.2,377000 4280000,18.5,Suitable,dodgerblue,YES,234.256867,2659.46788,51.573793
377000,4280000,CB4MH,90.2231,1e+06,9.38,37.4,377000 4280000,27.5,Suitable,dodgerblue,YES,234.256867,2659.46788,51.573793
377000,4280000,CB4MH,93.50394,1e+06,9.32,37.4,377000 4280000,28.5,Suitable,dodgerblue,YES,234.256867,2659.46788,51.573793
377000,4280000,CB4MH,24.6063,1e+06,11.42,42.8,377000 4280000,7.5,Suitable,dodgerblue,YES,234.256867,2659.46788,51.573793
377000,4280000,CB4MH,31.16798,1e+06,10.72,41.3,377000 4280000,9.5,Suitable,dodgerblue,YES,234.256867,2659.46788,51.573793
377000,4280000,CB4MH,86.94226,1e+06,9.78,37.5,377000 4280000,26.5,Suitable,dodgerblue,YES,234.256867,2659.46788,51.573793
377000,4280000,CB4MH,70.53806,1e+06,9.99,37.9,377000 4280000,21.5,Suitable,dodgerblue,YES,234.256867,2659.46788,51.573793
377000,4280000,CB4MH,11.48294,1e+06,11.6,43.1,377000 4280000,3.5,Suitable,dodgerblue,YES,234.256867,2659.46788,51.573793
377000,4280000,CB4MH,37.72966,1e+06,10.33,39.6,377000 4280000,11.5,Suitable,dodgerblue,YES,234.256867,2659.46788,51.573793
377000,4280000,CB4MH,8.2021,1e+06,11.6,43.2,377000 4280000,2.5,Suitable,dodgerblue,YES,234.256867,2659.46788,51.573793
377000,4280000,CB4MH,21.32546,1e+06,11.54,43,377000 4280000,6.5,Suitable,dodgerblue,YES,234.256867,2659.46788,51.573793
377000,4280000,CB4MH,77.09974,1e+06,9.99,37.9,377000 4280000,23.5,Suitable,dodgerblue,YES,234.256867,2659.46788,51.573793
377000,4280000,CB4MH,54.13386,1e+06,10.23,38.5,377000 4280000,16.5,Suitable,dodgerblue,YES,234.256867,2659.46788,51.573793
377000,4280000,CB4MH,44.29134,1e+06,10.32,39,377000 4280000,13.5,Suitable,dodgerblue,YES,234.256867,2659.46788,51.573793
377000,4280000,CB4MH,67.25722,1e+06,10.02,38,377000 4280000,20.5,Suitable,dodgerblue,YES,234.256867,2659.46788,51.573793
377000,4280000,CB4MH,57.4147,1e+06,10.18,38.3,377000 4280000,17.5,Suitable,dodgerblue,YES,234.256867,2659.46788,51.573793
377000,4280000,CB4MH,18.04462,1e+06,11.57,43.1,377000 4280000,5.5,Suitable,dodgerblue,YES,234.256867,2659.46788,51.573793
377000,4280000,CB4MH,14.76378,1e+06,11.6,43.1,377000 4280000,4.5,Suitable,dodgerblue,YES,234.256867,2659.46788,51.573793
377000,4280000,CB4MH,1.64042,1e+06,11.6,43.2,377000 4280000,0.5,Suitable,dodgerblue,YES,234.256867,2659.46788,51.573793
377000,4280000,CB4MH,41.0105,1e+06,10.32,39.2,377000 4280000,12.5,Suitable,dodgerblue,YES,234.256867,2659.46788,51.573793
377000,4280000,CB4MH,4.92126,1e+06,11.6,43.2,377000 4280000,1.5,Suitable,dodgerblue,YES,234.256867,2659.46788,51.573793
377000,4280000,CB4MH,47.57218,1e+06,10.32,38.9,377000 4280000,14.5,Suitable,dodgerblue,YES,234.256867,2659.46788,51.573793
377000,4280000,CB4MH,50.85302,1e+06,10.29,38.7,377000 4280000,15.5,Suitable,dodgerblue,YES,234.256867,2659.46788,51.573793
377000,4281000,CB4MH,63.97638,1e+06,10.06,38.1,377000 4281000,19.5,Suitable,dodgerblue,YES,234.256867,2660.089251,52.1951639999998
377000,4281000,CB4MH,37.72966,1e+06,10.36,39.7,377000 4281000,11.5,Suitable,dodgerblue,YES,234.256867,2660.089251,52.1951639999998
377000,4281000,CB4MH,24.6063,1e+06,11.43,42.8,377000 4281000,7.5,Suitable,dodgerblue,YES,234.256867,2660.089251,52.1951639999998
377000,4281000,CB4MH,50.85302,1e+06,10.3,38.8,377000 4281000,15.5,Suitable,dodgerblue,YES,234.256867,2660.089251,52.1951639999998
377000,4281000,CB4MH,54.13386,1e+06,10.23,38.5,377000 4281000,16.5,Suitable,dodgerblue,YES,234.256867,2660.089251,52.1951639999998
377000,4281000,CB4MH,8.2021,1e+06,11.57,43.2,377000 4281000,2.5,Suitable,dodgerblue,YES,234.256867,2660.089251,52.1951639999998
377000,4281000,CB4MH,47.57218,1e+06,10.33,39,377000 4281000,14.5,Suitable,dodgerblue,YES,234.256867,2660.089251,52.1951639999998
377000,4281000,CB4MH,57.4147,1e+06,10.19,38.4,377000 4281000,17.5,Suitable,dodgerblue,YES,234.256867,2660.089251,52.1951639999998
377000,4281000,CB4MH,73.8189,1e+06,9.98,37.9,377000 4281000,22.5,Suitable,dodgerblue,YES,234.256867,2660.089251,52.1951639999998
377000,4281000,CB4MH,41.0105,1e+06,10.35,39.3,377000 4281000,12.5,Suitable,dodgerblue,YES,234.256867,2660.089251,52.1951639999998
377000,4281000,CB4MH,18.04462,1e+06,11.54,43.1,377000 4281000,5.5,Suitable,dodgerblue,YES,234.256867,2660.089251,52.1951639999998
377000,4281000,CB4MH,77.09974,1e+06,9.98,37.9,377000 4281000,23.5,Suitable,dodgerblue,YES,234.256867,2660.089251,52.1951639999998
377000,4281000,CB4MH,70.53806,1e+06,9.99,37.9,377000 4281000,21.5,Suitable,dodgerblue,YES,234.256867,2660.089251,52.1951639999998
377000,4281000,CB4MH,11.48294,1e+06,11.57,43.2,377000 4281000,3.5,Suitable,dodgerblue,YES,234.256867,2660.089251,52.1951639999998
377000,4281000,CB4MH,1.64042,1e+06,11.58,43.3,377000 4281000,0.5,Suitable,dodgerblue,YES,234.256867,2660.089251,52.1951639999998
377000,4281000,CB4MH,31.16798,1e+06,10.73,41.3,377000 4281000,9.5,Suitable,dodgerblue,YES,234.256867,2660.089251,52.1951639999998
377000,4281000,CB4MH,60.69554,1e+06,10.12,38.3,377000 4281000,18.5,Suitable,dodgerblue,YES,234.256867,2660.089251,52.1951639999998
377000,4281000,CB4MH,21.32546,1e+06,11.51,43,377000 4281000,6.5,Suitable,dodgerblue,YES,234.256867,2660.089251,52.1951639999998
377000,4281000,CB4MH,27.88714,1e+06,10.98,42.1,377000 4281000,8.5,Suitable,dodgerblue,YES,234.256867,2660.089251,52.1951639999998
377000,4281000,CB4MH,34.44882,1e+06,10.5,40.6,377000 4281000,10.5,Suitable,dodgerblue,YES,234.256867,2660.089251,52.1951639999998
377000,4281000,CB4MH,4.92126,1e+06,11.57,43.3,377000 4281000,1.5,Suitable,dodgerblue,YES,234.256867,2660.089251,52.1951639999998
377000,4281000,CB4MH,44.29134,1e+06,10.34,39.1,377000 4281000,13.5,Suitable,dodgerblue,YES,234.256867,2660.089251,52.1951639999998
377000,4281000,CB4MH,14.76378,1e+06,11.57,43.1,377000 4281000,4.5,Suitable,dodgerblue,YES,234.256867,2660.089251,52.1951639999998
377000,4281000,CB4MH,67.25722,1e+06,10.01,38,377000 4281000,20.5,Suitable,dodgerblue,YES,234.256867,2660.089251,52.1951639999998
377000,4294000,CB4MH,8.2021,1e+06,11.73,44,377000 4294000,2.5,Suitable,dodgerblue,YES,234.256867,2668.167074,60.2729869999998
377000,4294000,CB4MH,1.64042,1e+06,11.82,44,377000 4294000,0.5,Suitable,dodgerblue,YES,234.256867,2668.167074,60.2729869999998
377000,4294000,CB4MH,83.66142,1e+06,9.44,37.4,377000 4294000,25.5,Suitable,dodgerblue,YES,234.256867,2668.167074,60.2729869999998
377000,4294000,CB4MH,18.04462,1e+06,11.08,43.3,377000 4294000,5.5,Suitable,dodgerblue,YES,234.256867,2668.167074,60.2729869999998
377000,4294000,CB4MH,11.48294,1e+06,11.6,43.7,377000 4294000,3.5,Suitable,dodgerblue,YES,234.256867,2668.167074,60.2729869999998
377000,4294000,CB4MH,21.32546,1e+06,10.88,43.4,377000 4294000,6.5,Suitable,dodgerblue,YES,234.256867,2668.167074,60.2729869999998
377000,4294000,CB4MH,67.25722,1e+06,9.76,38.2,377000 4294000,20.5,Suitable,dodgerblue,YES,234.256867,2668.167074,60.2729869999998
377000,4294000,CB4MH,90.2231,1e+06,9.38,37.4,377000 4294000,27.5,Suitable,dodgerblue,YES,234.256867,2668.167074,60.2729869999998
377000,4294000,CB4MH,31.16798,1e+06,10.59,41.5,377000 4294000,9.5,Suitable,dodgerblue,YES,234.256867,2668.167074,60.2729869999998
377000,4294000,CB4MH,80.38058,1e+06,9.49,37.5,377000 4294000,24.5,Suitable,dodgerblue,YES,234.256867,2668.167074,60.2729869999998
377000,4294000,CB4MH,63.97638,1e+06,9.83,38.4,377000 4294000,19.5,Suitable,dodgerblue,YES,234.256867,2668.167074,60.2729869999998
377000,4294000,CB4MH,93.50394,1e+06,9.32,37.4,377000 4294000,28.5,Suitable,dodgerblue,YES,234.256867,2668.167074,60.2729869999998
377000,4294000,CB4MH,27.88714,1e+06,10.51,42.5,377000 4294000,8.5,Suitable,dodgerblue,YES,234.256867,2668.167074,60.2729869999998
377000,4294000,CB4MH,60.69554,1e+06,9.93,38.8,377000 4294000,18.5,Suitable,dodgerblue,YES,234.256867,2668.167074,60.2729869999998
377000,4294000,CB4MH,57.4147,1e+06,10.05,39.2,377000 4294000,17.5,Suitable,dodgerblue,YES,234.256867,2668.167074,60.2729869999998
377000,4294000,CB4MH,24.6063,1e+06,10.66,43.5,377000 4294000,7.5,Suitable,dodgerblue,YES,234.256867,2668.167074,60.2729869999998
377000,4294000,CB4MH,34.44882,1e+06,10.55,41.3,377000 4294000,10.5,Suitable,dodgerblue,YES,234.256867,2668.167074,60.2729869999998
377000,4294000,CB4MH,77.09974,1e+06,9.63,37.9,377000 4294000,23.5,Suitable,dodgerblue,YES,234.256867,2668.167074,60.2729869999998
377000,4294000,CB4MH,47.57218,1e+06,10.3,40.2,377000 4294000,14.5,Suitable,dodgerblue,YES,234.256867,2668.167074,60.2729869999998
377000,4294000,CB4MH,86.94226,1e+06,9.4,37.4,377000 4294000,26.5,Suitable,dodgerblue,YES,234.256867,2668.167074,60.2729869999998
377000,4294000,CB4MH,37.72966,1e+06,10.5,41.2,377000 4294000,11.5,Suitable,dodgerblue,YES,234.256867,2668.167074,60.2729869999998
377000,4294000,CB4MH,73.8189,1e+06,9.66,38,377000 4294000,22.5,Suitable,dodgerblue,YES,234.256867,2668.167074,60.2729869999998
377000,4294000,CB4MH,41.0105,1e+06,10.43,40.8,377000 4294000,12.5,Suitable,dodgerblue,YES,234.256867,2668.167074,60.2729869999998
377000,4294000,CB4MH,44.29134,1e+06,10.38,40.7,377000 4294000,13.5,Suitable,dodgerblue,YES,234.256867,2668.167074,60.2729869999998
377000,4294000,CB4MH,50.85302,1e+06,10.2,39.8,377000 4294000,15.5,Suitable,dodgerblue,YES,234.256867,2668.167074,60.2729869999998
377000,4294000,CB4MH,70.53806,1e+06,9.69,38.1,377000 4294000,21.5,Suitable,dodgerblue,YES,234.256867,2668.167074,60.2729869999998
377000,4294000,CB4MH,14.76378,1e+06,11.32,43.4,377000 4294000,4.5,Suitable,dodgerblue,YES,234.256867,2668.167074,60.2729869999998
377000,4294000,CB4MH,4.92126,1e+06,11.79,44,377000 4294000,1.5,Suitable,dodgerblue,YES,234.256867,2668.167074,60.2729869999998
377000,4294000,CB4MH,54.13386,1e+06,10.13,39.6,377000 4294000,16.5,Suitable,dodgerblue,YES,234.256867,2668.167074,60.2729869999998
377000,4295000,CB4MH,83.66142,1e+06,9.42,37.4,377000 4295000,25.5,Suitable,dodgerblue,YES,234.256867,2668.788445,60.894358
377000,4295000,CB4MH,80.38058,1e+06,9.47,37.5,377000 4295000,24.5,Suitable,dodgerblue,YES,234.256867,2668.788445,60.894358
377000,4295000,CB4MH,86.94226,1e+06,9.4,37.4,377000 4295000,26.5,Suitable,dodgerblue,YES,234.256867,2668.788445,60.894358
377000,4295000,CB4MH,31.16798,1e+06,10.58,41.4,377000 4295000,9.5,Suitable,dodgerblue,YES,234.256867,2668.788445,60.894358
377000,4295000,CB4MH,18.04462,1e+06,11.08,43.3,377000 4295000,5.5,Suitable,dodgerblue,YES,234.256867,2668.788445,60.894358
377000,4295000,CB4MH,100.06562,1e+06,9.3,37.4,377000 4295000,30.5,Suitable,dodgerblue,YES,234.256867,2668.788445,60.894358
377000,4295000,CB4MH,63.97638,1e+06,9.82,38.4,377000 4295000,19.5,Suitable,dodgerblue,YES,234.256867,2668.788445,60.894358
377000,4295000,CB4MH,60.69554,1e+06,9.92,38.7,377000 4295000,18.5,Suitable,dodgerblue,YES,234.256867,2668.788445,60.894358
377000,4295000,CB4MH,21.32546,1e+06,10.89,43.4,377000 4295000,6.5,Suitable,dodgerblue,YES,234.256867,2668.788445,60.894358
377000,4295000,CB4MH,41.0105,1e+06,10.44,40.8,377000 4295000,12.5,Suitable,dodgerblue,YES,234.256867,2668.788445,60.894358
377000,4295000,CB4MH,57.4147,1e+06,10.04,39.1,377000 4295000,17.5,Suitable,dodgerblue,YES,234.256867,2668.788445,60.894358
377000,4295000,CB4MH,24.6063,1e+06,10.66,43.6,377000 4295000,7.5,Suitable,dodgerblue,YES,234.256867,2668.788445,60.894358
377000,4295000,CB4MH,27.88714,1e+06,10.51,42.6,377000 4295000,8.5,Suitable,dodgerblue,YES,234.256867,2668.788445,60.894358
377000,4295000,CB4MH,4.92126,1e+06,11.8,44,377000 4295000,1.5,Suitable,dodgerblue,YES,234.256867,2668.788445,60.894358
377000,4295000,CB4MH,93.50394,1e+06,9.32,37.4,377000 4295000,28.5,Suitable,dodgerblue,YES,234.256867,2668.788445,60.894358
377000,4295000,CB4MH,50.85302,1e+06,10.19,39.8,377000 4295000,15.5,Suitable,dodgerblue,YES,234.256867,2668.788445,60.894358
377000,4295000,CB4MH,70.53806,1e+06,9.69,38,377000 4295000,21.5,Suitable,dodgerblue,YES,234.256867,2668.788445,60.894358
377000,4295000,CB4MH,54.13386,1e+06,10.12,39.5,377000 4295000,16.5,Suitable,dodgerblue,YES,234.256867,2668.788445,60.894358
377000,4295000,CB4MH,47.57218,1e+06,10.3,40.2,377000 4295000,14.5,Suitable,dodgerblue,YES,234.256867,2668.788445,60.894358
377000,4295000,CB4MH,37.72966,1e+06,10.51,41.1,377000 4295000,11.5,Suitable,dodgerblue,YES,234.256867,2668.788445,60.894358
377000,4295000,CB4MH,77.09974,1e+06,9.61,37.9,377000 4295000,23.5,Suitable,dodgerblue,YES,234.256867,2668.788445,60.894358
377000,4295000,CB4MH,67.25722,1e+06,9.75,38.1,377000 4295000,20.5,Suitable,dodgerblue,YES,234.256867,2668.788445,60.894358
377000,4295000,CB4MH,44.29134,1e+06,10.39,40.6,377000 4295000,13.5,Suitable,dodgerblue,YES,234.256867,2668.788445,60.894358
377000,4295000,CB4MH,96.78478,1e+06,9.3,37.4,377000 4295000,29.5,Suitable,dodgerblue,YES,234.256867,2668.788445,60.894358
377000,4295000,CB4MH,90.2231,1e+06,9.38,37.4,377000 4295000,27.5,Suitable,dodgerblue,YES,234.256867,2668.788445,60.894358
377000,4295000,CB4MH,1.64042,1e+06,11.82,44,377000 4295000,0.5,Suitable,dodgerblue,YES,234.256867,2668.788445,60.894358
377000,4295000,CB4MH,103.34646,1e+06,9.3,37.4,377000 4295000,31.5,Suitable,dodgerblue,YES,234.256867,2668.788445,60.894358
377000,4295000,CB4MH,34.44882,1e+06,10.55,41.2,377000 4295000,10.5,Suitable,dodgerblue,YES,234.256867,2668.788445,60.894358
377000,4295000,CB4MH,8.2021,1e+06,11.74,44,377000 4295000,2.5,Suitable,dodgerblue,YES,234.256867,2668.788445,60.894358
377000,4295000,CB4MH,11.48294,1e+06,11.6,43.7,377000 4295000,3.5,Suitable,dodgerblue,YES,234.256867,2668.788445,60.894358
377000,4295000,CB4MH,73.8189,1e+06,9.65,38,377000 4295000,22.5,Suitable,dodgerblue,YES,234.256867,2668.788445,60.894358
377000,4295000,CB4MH,14.76378,1e+06,11.32,43.4,377000 4295000,4.5,Suitable,dodgerblue,YES,234.256867,2668.788445,60.894358
377000,4296000,CB4MH,77.09974,1e+06,9.6,37.9,377000 4296000,23.5,Suitable,dodgerblue,YES,234.256867,2669.409816,61.5157289999997
377000,4296000,CB4MH,60.69554,1e+06,9.91,38.7,377000 4296000,18.5,Suitable,dodgerblue,YES,234.256867,2669.409816,61.5157289999997
377000,4296000,CB4MH,80.38058,1e+06,9.46,37.5,377000 4296000,24.5,Suitable,dodgerblue,YES,234.256867,2669.409816,61.5157289999997
377000,4296000,CB4MH,44.29134,1e+06,10.39,40.6,377000 4296000,13.5,Suitable,dodgerblue,YES,234.256867,2669.409816,61.5157289999997
377000,4296000,CB4MH,41.0105,1e+06,10.44,40.8,377000 4296000,12.5,Suitable,dodgerblue,YES,234.256867,2669.409816,61.5157289999997
377000,4296000,CB4MH,4.92126,1e+06,11.8,44,377000 4296000,1.5,Suitable,dodgerblue,YES,234.256867,2669.409816,61.5157289999997
377000,4296000,CB4MH,1.64042,1e+06,11.82,44,377000 4296000,0.5,Suitable,dodgerblue,YES,234.256867,2669.409816,61.5157289999997
377000,4296000,CB4MH,8.2021,1e+06,11.75,44,377000 4296000,2.5,Suitable,dodgerblue,YES,234.256867,2669.409816,61.5157289999997
377000,4296000,CB4MH,11.48294,1e+06,11.61,43.9,377000 4296000,3.5,Suitable,dodgerblue,YES,234.256867,2669.409816,61.5157289999997
377000,4296000,CB4MH,57.4147,1e+06,10.02,39.1,377000 4296000,17.5,Suitable,dodgerblue,YES,234.256867,2669.409816,61.5157289999997
377000,4296000,CB4MH,18.04462,1e+06,11.08,43.3,377000 4296000,5.5,Suitable,dodgerblue,YES,234.256867,2669.409816,61.5157289999997
377000,4296000,CB4MH,14.76378,1e+06,11.32,43.5,377000 4296000,4.5,Suitable,dodgerblue,YES,234.256867,2669.409816,61.5157289999997
377000,4296000,CB4MH,50.85302,1e+06,10.17,39.6,377000 4296000,15.5,Suitable,dodgerblue,YES,234.256867,2669.409816,61.5157289999997
377000,4296000,CB4MH,34.44882,1e+06,10.54,41.1,377000 4296000,10.5,Suitable,dodgerblue,YES,234.256867,2669.409816,61.5157289999997
377000,4296000,CB4MH,21.32546,1e+06,10.89,43.5,377000 4296000,6.5,Suitable,dodgerblue,YES,234.256867,2669.409816,61.5157289999997
377000,4296000,CB4MH,73.8189,1e+06,9.65,38,377000 4296000,22.5,Suitable,dodgerblue,YES,234.256867,2669.409816,61.5157289999997
377000,4296000,CB4MH,27.88714,1e+06,10.5,42.7,377000 4296000,8.5,Suitable,dodgerblue,YES,234.256867,2669.409816,61.5157289999997
377000,4296000,CB4MH,63.97638,1e+06,9.81,38.4,377000 4296000,19.5,Suitable,dodgerblue,YES,234.256867,2669.409816,61.5157289999997
377000,4296000,CB4MH,70.53806,1e+06,9.69,38,377000 4296000,21.5,Suitable,dodgerblue,YES,234.256867,2669.409816,61.5157289999997
377000,4296000,CB4MH,31.16798,1e+06,10.56,41.3,377000 4296000,9.5,Suitable,dodgerblue,YES,234.256867,2669.409816,61.5157289999997
377000,4296000,CB4MH,37.72966,1e+06,10.51,41,377000 4296000,11.5,Suitable,dodgerblue,YES,234.256867,2669.409816,61.5157289999997
377000,4296000,CB4MH,54.13386,1e+06,10.1,39.4,377000 4296000,16.5,Suitable,dodgerblue,YES,234.256867,2669.409816,61.5157289999997
377000,4296000,CB4MH,67.25722,1e+06,9.74,38.1,377000 4296000,20.5,Suitable,dodgerblue,YES,234.256867,2669.409816,61.5157289999997
377000,4296000,CB4MH,24.6063,1e+06,10.65,43.8,377000 4296000,7.5,Suitable,dodgerblue,YES,234.256867,2669.409816,61.5157289999997
377000,4296000,CB4MH,47.57218,1e+06,10.29,40.1,377000 4296000,14.5,Suitable,dodgerblue,YES,234.256867,2669.409816,61.5157289999997
377000,4296000,CB4MH,83.66142,1e+06,9.41,37.4,377000 4296000,25.5,Suitable,dodgerblue,YES,234.256867,2669.409816,61.5157289999997
378000,4260000,CB4MH,11.48294,1e+06,11.17,43.1,378000 4260000,3.5,Suitable,dodgerblue,YES,234.878238,2647.04046,39.146373
378000,4260000,CB4MH,41.0105,1e+06,10.85,41,378000 4260000,12.5,Suitable,dodgerblue,YES,234.878238,2647.04046,39.146373
378000,4260000,CB4MH,50.85302,1e+06,10.57,40,378000 4260000,15.5,Suitable,dodgerblue,YES,234.878238,2647.04046,39.146373
378000,4260000,CB4MH,57.4147,1e+06,10.43,39.4,378000 4260000,17.5,Suitable,dodgerblue,YES,234.878238,2647.04046,39.146373
378000,4260000,CB4MH,77.09974,1e+06,10.08,38.1,378000 4260000,23.5,Suitable,dodgerblue,YES,234.878238,2647.04046,39.146373
378000,4260000,CB4MH,47.57218,1e+06,10.68,40.3,378000 4260000,14.5,Suitable,dodgerblue,YES,234.878238,2647.04046,39.146373
378000,4260000,CB4MH,18.04462,1e+06,11.09,43.2,378000 4260000,5.5,Suitable,dodgerblue,YES,234.878238,2647.04046,39.146373
378000,4260000,CB4MH,24.6063,1e+06,11.06,42.9,378000 4260000,7.5,Suitable,dodgerblue,YES,234.878238,2647.04046,39.146373
378000,4260000,CB4MH,63.97638,1e+06,10.18,39,378000 4260000,19.5,Suitable,dodgerblue,YES,234.878238,2647.04046,39.146373
378000,4260000,CB4MH,21.32546,1e+06,11.08,43,378000 4260000,6.5,Suitable,dodgerblue,YES,234.878238,2647.04046,39.146373
378000,4260000,CB4MH,27.88714,1e+06,11.03,42.8,378000 4260000,8.5,Suitable,dodgerblue,YES,234.878238,2647.04046,39.146373
378000,4260000,CB4MH,14.76378,1e+06,11.12,43.2,378000 4260000,4.5,Suitable,dodgerblue,YES,234.878238,2647.04046,39.146373
378000,4260000,CB4MH,31.16798,1e+06,11.08,42.4,378000 4260000,9.5,Suitable,dodgerblue,YES,234.878238,2647.04046,39.146373
378000,4260000,CB4MH,8.2021,1e+06,11.19,43.1,378000 4260000,2.5,Suitable,dodgerblue,YES,234.878238,2647.04046,39.146373
378000,4260000,CB4MH,37.72966,1e+06,10.93,41.5,378000 4260000,11.5,Suitable,dodgerblue,YES,234.878238,2647.04046,39.146373
378000,4260000,CB4MH,70.53806,1e+06,10.15,38.5,378000 4260000,21.5,Suitable,dodgerblue,YES,234.878238,2647.04046,39.146373
378000,4260000,CB4MH,54.13386,1e+06,10.48,39.7,378000 4260000,16.5,Suitable,dodgerblue,YES,234.878238,2647.04046,39.146373
378000,4260000,CB4MH,34.44882,1e+06,11.02,42.1,378000 4260000,10.5,Suitable,dodgerblue,YES,234.878238,2647.04046,39.146373
378000,4260000,CB4MH,73.8189,1e+06,10.1,38.3,378000 4260000,22.5,Suitable,dodgerblue,YES,234.878238,2647.04046,39.146373
378000,4260000,CB4MH,4.92126,1e+06,11.2,43.1,378000 4260000,1.5,Suitable,dodgerblue,YES,234.878238,2647.04046,39.146373
378000,4260000,CB4MH,1.64042,1e+06,11.23,43.2,378000 4260000,0.5,Suitable,dodgerblue,YES,234.878238,2647.04046,39.146373
378000,4260000,CB4MH,60.69554,1e+06,10.3,39.2,378000 4260000,18.5,Suitable,dodgerblue,YES,234.878238,2647.04046,39.146373
378000,4260000,CB4MH,67.25722,1e+06,10.13,38.8,378000 4260000,20.5,Suitable,dodgerblue,YES,234.878238,2647.04046,39.146373
378000,4260000,CB4MH,83.66142,1e+06,9.83,37.6,378000 4260000,25.5,Suitable,dodgerblue,YES,234.878238,2647.04046,39.146373
378000,4260000,CB4MH,86.94226,1e+06,9.8,37.5,378000 4260000,26.5,Suitable,dodgerblue,YES,234.878238,2647.04046,39.146373
378000,4260000,CB4MH,80.38058,1e+06,9.95,37.8,378000 4260000,24.5,Suitable,dodgerblue,YES,234.878238,2647.04046,39.146373
378000,4260000,CB4MH,44.29134,1e+06,10.78,40.6,378000 4260000,13.5,Suitable,dodgerblue,YES,234.878238,2647.04046,39.146373
378000,4261000,CB4MH,67.25722,1e+06,10.07,38.7,378000 4261000,20.5,Suitable,dodgerblue,YES,234.878238,2647.661831,39.7677439999998
378000,4261000,CB4MH,4.92126,1e+06,11.21,43.1,378000 4261000,1.5,Suitable,dodgerblue,YES,234.878238,2647.661831,39.7677439999998
378000,4261000,CB4MH,8.2021,1e+06,11.19,43.1,378000 4261000,2.5,Suitable,dodgerblue,YES,234.878238,2647.661831,39.7677439999998
378000,4261000,CB4MH,47.57218,1e+06,10.67,40.3,378000 4261000,14.5,Suitable,dodgerblue,YES,234.878238,2647.661831,39.7677439999998
378000,4261000,CB4MH,18.04462,1e+06,11.09,43.2,378000 4261000,5.5,Suitable,dodgerblue,YES,234.878238,2647.661831,39.7677439999998
378000,4261000,CB4MH,54.13386,1e+06,10.44,39.6,378000 4261000,16.5,Suitable,dodgerblue,YES,234.878238,2647.661831,39.7677439999998
378000,4261000,CB4MH,77.09974,1e+06,10.06,38,378000 4261000,23.5,Suitable,dodgerblue,YES,234.878238,2647.661831,39.7677439999998
378000,4261000,CB4MH,21.32546,1e+06,11.08,43,378000 4261000,6.5,Suitable,dodgerblue,YES,234.878238,2647.661831,39.7677439999998
378000,4261000,CB4MH,41.0105,1e+06,10.83,40.9,378000 4261000,12.5,Suitable,dodgerblue,YES,234.878238,2647.661831,39.7677439999998
378000,4261000,CB4MH,73.8189,1e+06,10.08,38.2,378000 4261000,22.5,Suitable,dodgerblue,YES,234.878238,2647.661831,39.7677439999998
378000,4261000,CB4MH,50.85302,1e+06,10.55,39.9,378000 4261000,15.5,Suitable,dodgerblue,YES,234.878238,2647.661831,39.7677439999998
378000,4261000,CB4MH,70.53806,1e+06,10.12,38.4,378000 4261000,21.5,Suitable,dodgerblue,YES,234.878238,2647.661831,39.7677439999998
378000,4261000,CB4MH,1.64042,1e+06,11.23,43.2,378000 4261000,0.5,Suitable,dodgerblue,YES,234.878238,2647.661831,39.7677439999998
378000,4261000,CB4MH,60.69554,1e+06,10.25,39.1,378000 4261000,18.5,Suitable,dodgerblue,YES,234.878238,2647.661831,39.7677439999998
378000,4261000,CB4MH,37.72966,1e+06,10.91,41.5,378000 4261000,11.5,Suitable,dodgerblue,YES,234.878238,2647.661831,39.7677439999998
378000,4261000,CB4MH,27.88714,1e+06,11.02,42.9,378000 4261000,8.5,Suitable,dodgerblue,YES,234.878238,2647.661831,39.7677439999998
378000,4261000,CB4MH,63.97638,1e+06,10.12,38.8,378000 4261000,19.5,Suitable,dodgerblue,YES,234.878238,2647.661831,39.7677439999998
378000,4261000,CB4MH,57.4147,1e+06,10.39,39.3,378000 4261000,17.5,Suitable,dodgerblue,YES,234.878238,2647.661831,39.7677439999998
378000,4261000,CB4MH,44.29134,1e+06,10.76,40.6,378000 4261000,13.5,Suitable,dodgerblue,YES,234.878238,2647.661831,39.7677439999998
378000,4261000,CB4MH,34.44882,1e+06,11,42.1,378000 4261000,10.5,Suitable,dodgerblue,YES,234.878238,2647.661831,39.7677439999998
378000,4261000,CB4MH,11.48294,1e+06,11.18,43.1,378000 4261000,3.5,Suitable,dodgerblue,YES,234.878238,2647.661831,39.7677439999998
378000,4261000,CB4MH,14.76378,1e+06,11.12,43.2,378000 4261000,4.5,Suitable,dodgerblue,YES,234.878238,2647.661831,39.7677439999998
378000,4261000,CB4MH,24.6063,1e+06,11.05,42.9,378000 4261000,7.5,Suitable,dodgerblue,YES,234.878238,2647.661831,39.7677439999998
378000,4261000,CB4MH,31.16798,1e+06,11.07,42.4,378000 4261000,9.5,Suitable,dodgerblue,YES,234.878238,2647.661831,39.7677439999998
378000,4297000,CB4MH,63.97638,1e+06,9.8,38.3,378000 4297000,19.5,Suitable,dodgerblue,YES,234.878238,2670.031187,62.1370999999999
378000,4297000,CB4MH,86.94226,1e+06,9.4,37.4,378000 4297000,26.5,Suitable,dodgerblue,YES,234.878238,2670.031187,62.1370999999999
378000,4297000,CB4MH,47.57218,1e+06,10.27,39.9,378000 4297000,14.5,Suitable,dodgerblue,YES,234.878238,2670.031187,62.1370999999999
378000,4297000,CB4MH,67.25722,1e+06,9.73,38.1,378000 4297000,20.5,Suitable,dodgerblue,YES,234.878238,2670.031187,62.1370999999999
378000,4297000,CB4MH,73.8189,1e+06,9.63,38,378000 4297000,22.5,Suitable,dodgerblue,YES,234.878238,2670.031187,62.1370999999999
378000,4297000,CB4MH,100.06562,1e+06,9.3,37.4,378000 4297000,30.5,Suitable,dodgerblue,YES,234.878238,2670.031187,62.1370999999999
378000,4297000,CB4MH,27.88714,1e+06,10.52,43.1,378000 4297000,8.5,Suitable,dodgerblue,YES,234.878238,2670.031187,62.1370999999999
378000,4297000,CB4MH,21.32546,1e+06,10.94,43.5,378000 4297000,6.5,Suitable,dodgerblue,YES,234.878238,2670.031187,62.1370999999999
378000,4297000,CB4MH,31.16798,1e+06,10.54,41.2,378000 4297000,9.5,Suitable,dodgerblue,YES,234.878238,2670.031187,62.1370999999999
378000,4297000,CB4MH,90.2231,1e+06,9.38,37.4,378000 4297000,27.5,Suitable,dodgerblue,YES,234.878238,2670.031187,62.1370999999999
378000,4297000,CB4MH,93.50394,1e+06,9.32,37.4,378000 4297000,28.5,Suitable,dodgerblue,YES,234.878238,2670.031187,62.1370999999999
378000,4297000,CB4MH,8.2021,1e+06,11.78,44,378000 4297000,2.5,Suitable,dodgerblue,YES,234.878238,2670.031187,62.1370999999999
378000,4297000,CB4MH,57.4147,1e+06,9.99,39,378000 4297000,17.5,Suitable,dodgerblue,YES,234.878238,2670.031187,62.1370999999999
378000,4297000,CB4MH,11.48294,1e+06,11.63,43.9,378000 4297000,3.5,Suitable,dodgerblue,YES,234.878238,2670.031187,62.1370999999999
378000,4297000,CB4MH,77.09974,1e+06,9.58,37.8,378000 4297000,23.5,Suitable,dodgerblue,YES,234.878238,2670.031187,62.1370999999999
378000,4297000,CB4MH,1.64042,1e+06,11.81,44,378000 4297000,0.5,Suitable,dodgerblue,YES,234.878238,2670.031187,62.1370999999999
378000,4297000,CB4MH,37.72966,1e+06,10.51,40.9,378000 4297000,11.5,Suitable,dodgerblue,YES,234.878238,2670.031187,62.1370999999999
378000,4297000,CB4MH,60.69554,1e+06,9.88,38.6,378000 4297000,18.5,Suitable,dodgerblue,YES,234.878238,2670.031187,62.1370999999999
378000,4297000,CB4MH,83.66142,1e+06,9.4,37.4,378000 4297000,25.5,Suitable,dodgerblue,YES,234.878238,2670.031187,62.1370999999999
378000,4297000,CB4MH,4.92126,1e+06,11.8,44,378000 4297000,1.5,Suitable,dodgerblue,YES,234.878238,2670.031187,62.1370999999999
378000,4297000,CB4MH,70.53806,1e+06,9.68,38,378000 4297000,21.5,Suitable,dodgerblue,YES,234.878238,2670.031187,62.1370999999999
378000,4297000,CB4MH,96.78478,1e+06,9.3,37.4,378000 4297000,29.5,Suitable,dodgerblue,YES,234.878238,2670.031187,62.1370999999999
378000,4297000,CB4MH,24.6063,1e+06,10.69,44.3,378000 4297000,7.5,Suitable,dodgerblue,YES,234.878238,2670.031187,62.1370999999999
378000,4297000,CB4MH,18.04462,1e+06,11.1,43.2,378000 4297000,5.5,Suitable,dodgerblue,YES,234.878238,2670.031187,62.1370999999999
378000,4297000,CB4MH,14.76378,1e+06,11.33,43.4,378000 4297000,4.5,Suitable,dodgerblue,YES,234.878238,2670.031187,62.1370999999999
378000,4297000,CB4MH,44.29134,1e+06,10.4,40.5,378000 4297000,13.5,Suitable,dodgerblue,YES,234.878238,2670.031187,62.1370999999999
378000,4297000,CB4MH,41.0105,1e+06,10.45,40.7,378000 4297000,12.5,Suitable,dodgerblue,YES,234.878238,2670.031187,62.1370999999999
378000,4297000,CB4MH,50.85302,1e+06,10.14,39.4,378000 4297000,15.5,Suitable,dodgerblue,YES,234.878238,2670.031187,62.1370999999999
378000,4297000,CB4MH,34.44882,1e+06,10.52,41,378000 4297000,10.5,Suitable,dodgerblue,YES,234.878238,2670.031187,62.1370999999999
378000,4297000,CB4MH,54.13386,1e+06,10.08,39.3,378000 4297000,16.5,Suitable,dodgerblue,YES,234.878238,2670.031187,62.1370999999999
378000,4297000,CB4MH,80.38058,1e+06,9.45,37.5,378000 4297000,24.5,Suitable,dodgerblue,YES,234.878238,2670.031187,62.1370999999999
378000,4298000,CB4MH,67.25722,1e+06,9.72,38,378000 4298000,20.5,Suitable,dodgerblue,YES,234.878238,2670.652558,62.7584710000001
378000,4298000,CB4MH,47.57218,1e+06,10.25,39.7,378000 4298000,14.5,Suitable,dodgerblue,YES,234.878238,2670.652558,62.7584710000001
378000,4298000,CB4MH,14.76378,1e+06,11.38,43.2,378000 4298000,4.5,Suitable,dodgerblue,YES,234.878238,2670.652558,62.7584710000001
378000,4298000,CB4MH,18.04462,1e+06,11.14,43,378000 4298000,5.5,Suitable,dodgerblue,YES,234.878238,2670.652558,62.7584710000001
378000,4298000,CB4MH,57.4147,1e+06,9.96,38.8,378000 4298000,17.5,Suitable,dodgerblue,YES,234.878238,2670.652558,62.7584710000001
378000,4298000,CB4MH,50.85302,1e+06,10.11,39.2,378000 4298000,15.5,Suitable,dodgerblue,YES,234.878238,2670.652558,62.7584710000001
378000,4298000,CB4MH,31.16798,1e+06,10.51,41,378000 4298000,9.5,Suitable,dodgerblue,YES,234.878238,2670.652558,62.7584710000001
378000,4298000,CB4MH,73.8189,1e+06,9.62,37.9,378000 4298000,22.5,Suitable,dodgerblue,YES,234.878238,2670.652558,62.7584710000001
378000,4298000,CB4MH,41.0105,1e+06,10.45,40.5,378000 4298000,12.5,Suitable,dodgerblue,YES,234.878238,2670.652558,62.7584710000001
378000,4298000,CB4MH,44.29134,1e+06,10.4,40.3,378000 4298000,13.5,Suitable,dodgerblue,YES,234.878238,2670.652558,62.7584710000001
378000,4298000,CB4MH,11.48294,1e+06,11.69,43.9,378000 4298000,3.5,Suitable,dodgerblue,YES,234.878238,2670.652558,62.7584710000001
378000,4298000,CB4MH,63.97638,1e+06,9.78,38.2,378000 4298000,19.5,Suitable,dodgerblue,YES,234.878238,2670.652558,62.7584710000001
378000,4298000,CB4MH,27.88714,1e+06,10.5,43.2,378000 4298000,8.5,Suitable,dodgerblue,YES,234.878238,2670.652558,62.7584710000001
378000,4298000,CB4MH,37.72966,1e+06,10.5,40.7,378000 4298000,11.5,Suitable,dodgerblue,YES,234.878238,2670.652558,62.7584710000001
378000,4298000,CB4MH,77.09974,1e+06,9.56,37.8,378000 4298000,23.5,Suitable,dodgerblue,YES,234.878238,2670.652558,62.7584710000001
378000,4298000,CB4MH,34.44882,1e+06,10.5,40.8,378000 4298000,10.5,Suitable,dodgerblue,YES,234.878238,2670.652558,62.7584710000001
378000,4298000,CB4MH,24.6063,1e+06,10.7,44.5,378000 4298000,7.5,Suitable,dodgerblue,YES,234.878238,2670.652558,62.7584710000001
378000,4298000,CB4MH,21.32546,1e+06,10.99,43.3,378000 4298000,6.5,Suitable,dodgerblue,YES,234.878238,2670.652558,62.7584710000001
378000,4298000,CB4MH,60.69554,1e+06,9.86,38.5,378000 4298000,18.5,Suitable,dodgerblue,YES,234.878238,2670.652558,62.7584710000001
378000,4298000,CB4MH,54.13386,1e+06,10.06,39.1,378000 4298000,16.5,Suitable,dodgerblue,YES,234.878238,2670.652558,62.7584710000001
378000,4298000,CB4MH,8.2021,1e+06,11.8,44.1,378000 4298000,2.5,Suitable,dodgerblue,YES,234.878238,2670.652558,62.7584710000001
378000,4298000,CB4MH,1.64042,1e+06,11.8,44.1,378000 4298000,0.5,Suitable,dodgerblue,YES,234.878238,2670.652558,62.7584710000001
378000,4298000,CB4MH,4.92126,1e+06,11.8,44.1,378000 4298000,1.5,Suitable,dodgerblue,YES,234.878238,2670.652558,62.7584710000001
378000,4298000,CB4MH,70.53806,1e+06,9.68,37.9,378000 4298000,21.5,Suitable,dodgerblue,YES,234.878238,2670.652558,62.7584710000001
378000,4300000,CB4MH,27.88714,1e+06,10.51,43.1,378000 4300000,8.5,Suitable,dodgerblue,YES,234.878238,2671.8953,64.001213
378000,4300000,CB4MH,11.48294,1e+06,11.64,43.9,378000 4300000,3.5,Suitable,dodgerblue,YES,234.878238,2671.8953,64.001213
378000,4300000,CB4MH,14.76378,1e+06,11.34,43.4,378000 4300000,4.5,Suitable,dodgerblue,YES,234.878238,2671.8953,64.001213
378000,4300000,CB4MH,50.85302,1e+06,10.14,39.4,378000 4300000,15.5,Suitable,dodgerblue,YES,234.878238,2671.8953,64.001213
378000,4300000,CB4MH,24.6063,1e+06,10.68,44.3,378000 4300000,7.5,Suitable,dodgerblue,YES,234.878238,2671.8953,64.001213
378000,4300000,CB4MH,8.2021,1e+06,11.77,44.1,378000 4300000,2.5,Suitable,dodgerblue,YES,234.878238,2671.8953,64.001213
378000,4300000,CB4MH,31.16798,1e+06,10.53,41.2,378000 4300000,9.5,Suitable,dodgerblue,YES,234.878238,2671.8953,64.001213
378000,4300000,CB4MH,60.69554,1e+06,9.88,38.6,378000 4300000,18.5,Suitable,dodgerblue,YES,234.878238,2671.8953,64.001213
378000,4300000,CB4MH,34.44882,1e+06,10.52,41,378000 4300000,10.5,Suitable,dodgerblue,YES,234.878238,2671.8953,64.001213
378000,4300000,CB4MH,1.64042,1e+06,11.81,44.1,378000 4300000,0.5,Suitable,dodgerblue,YES,234.878238,2671.8953,64.001213
378000,4300000,CB4MH,54.13386,1e+06,10.08,39.2,378000 4300000,16.5,Suitable,dodgerblue,YES,234.878238,2671.8953,64.001213
378000,4300000,CB4MH,44.29134,1e+06,10.39,40.5,378000 4300000,13.5,Suitable,dodgerblue,YES,234.878238,2671.8953,64.001213
378000,4300000,CB4MH,4.92126,1e+06,11.8,44.1,378000 4300000,1.5,Suitable,dodgerblue,YES,234.878238,2671.8953,64.001213
378000,4300000,CB4MH,37.72966,1e+06,10.5,40.9,378000 4300000,11.5,Suitable,dodgerblue,YES,234.878238,2671.8953,64.001213
378000,4300000,CB4MH,18.04462,1e+06,11.1,43.2,378000 4300000,5.5,Suitable,dodgerblue,YES,234.878238,2671.8953,64.001213
378000,4300000,CB4MH,63.97638,1e+06,9.8,38.3,378000 4300000,19.5,Suitable,dodgerblue,YES,234.878238,2671.8953,64.001213
378000,4300000,CB4MH,57.4147,1e+06,9.99,39,378000 4300000,17.5,Suitable,dodgerblue,YES,234.878238,2671.8953,64.001213
378000,4300000,CB4MH,21.32546,1e+06,10.94,43.5,378000 4300000,6.5,Suitable,dodgerblue,YES,234.878238,2671.8953,64.001213
378000,4300000,CB4MH,41.0105,1e+06,10.44,40.6,378000 4300000,12.5,Suitable,dodgerblue,YES,234.878238,2671.8953,64.001213
378000,4300000,CB4MH,47.57218,1e+06,10.27,39.9,378000 4300000,14.5,Suitable,dodgerblue,YES,234.878238,2671.8953,64.001213
378000,4301000,CB4MH,70.53806,1e+06,9.68,38,378000 4301000,21.5,Suitable,dodgerblue,YES,234.878238,2672.516671,64.6225839999997
378000,4301000,CB4MH,47.57218,1e+06,10.28,40,378000 4301000,14.5,Suitable,dodgerblue,YES,234.878238,2672.516671,64.6225839999997
378000,4301000,CB4MH,24.6063,1e+06,10.67,44.2,378000 4301000,7.5,Suitable,dodgerblue,YES,234.878238,2672.516671,64.6225839999997
378000,4301000,CB4MH,21.32546,1e+06,10.91,43.6,378000 4301000,6.5,Suitable,dodgerblue,YES,234.878238,2672.516671,64.6225839999997
378000,4301000,CB4MH,37.72966,1e+06,10.49,41,378000 4301000,11.5,Suitable,dodgerblue,YES,234.878238,2672.516671,64.6225839999997
378000,4301000,CB4MH,41.0105,1e+06,10.43,40.7,378000 4301000,12.5,Suitable,dodgerblue,YES,234.878238,2672.516671,64.6225839999997
378000,4301000,CB4MH,67.25722,1e+06,9.73,38.1,378000 4301000,20.5,Suitable,dodgerblue,YES,234.878238,2672.516671,64.6225839999997
378000,4301000,CB4MH,63.97638,1e+06,9.8,38.3,378000 4301000,19.5,Suitable,dodgerblue,YES,234.878238,2672.516671,64.6225839999997
378000,4301000,CB4MH,34.44882,1e+06,10.52,41.1,378000 4301000,10.5,Suitable,dodgerblue,YES,234.878238,2672.516671,64.6225839999997
378000,4301000,CB4MH,31.16798,1e+06,10.54,41.3,378000 4301000,9.5,Suitable,dodgerblue,YES,234.878238,2672.516671,64.6225839999997
378000,4301000,CB4MH,4.92126,1e+06,11.79,44.1,378000 4301000,1.5,Suitable,dodgerblue,YES,234.878238,2672.516671,64.6225839999997
378000,4301000,CB4MH,44.29134,1e+06,10.39,40.5,378000 4301000,13.5,Suitable,dodgerblue,YES,234.878238,2672.516671,64.6225839999997
378000,4301000,CB4MH,54.13386,1e+06,10.09,39.3,378000 4301000,16.5,Suitable,dodgerblue,YES,234.878238,2672.516671,64.6225839999997
378000,4301000,CB4MH,18.04462,1e+06,11.07,43.4,378000 4301000,5.5,Suitable,dodgerblue,YES,234.878238,2672.516671,64.6225839999997
378000,4301000,CB4MH,8.2021,1e+06,11.75,44.1,378000 4301000,2.5,Suitable,dodgerblue,YES,234.878238,2672.516671,64.6225839999997
378000,4301000,CB4MH,73.8189,1e+06,9.64,38,378000 4301000,22.5,Suitable,dodgerblue,YES,234.878238,2672.516671,64.6225839999997
378000,4301000,CB4MH,77.09974,1e+06,9.59,37.8,378000 4301000,23.5,Suitable,dodgerblue,YES,234.878238,2672.516671,64.6225839999997
378000,4301000,CB4MH,14.76378,1e+06,11.31,43.6,378000 4301000,4.5,Suitable,dodgerblue,YES,234.878238,2672.516671,64.6225839999997
378000,4301000,CB4MH,11.48294,1e+06,11.6,44,378000 4301000,3.5,Suitable,dodgerblue,YES,234.878238,2672.516671,64.6225839999997
378000,4301000,CB4MH,57.4147,1e+06,10,39,378000 4301000,17.5,Suitable,dodgerblue,YES,234.878238,2672.516671,64.6225839999997
378000,4301000,CB4MH,50.85302,1e+06,10.15,39.5,378000 4301000,15.5,Suitable,dodgerblue,YES,234.878238,2672.516671,64.6225839999997
378000,4301000,CB4MH,27.88714,1e+06,10.52,43,378000 4301000,8.5,Suitable,dodgerblue,YES,234.878238,2672.516671,64.6225839999997
378000,4301000,CB4MH,60.69554,1e+06,9.89,38.7,378000 4301000,18.5,Suitable,dodgerblue,YES,234.878238,2672.516671,64.6225839999997
378000,4301000,CB4MH,1.64042,1e+06,11.8,44.1,378000 4301000,0.5,Suitable,dodgerblue,YES,234.878238,2672.516671,64.6225839999997
378000,4302000,CB4MH,31.16798,1e+06,10.55,41.5,378000 4302000,9.5,Suitable,dodgerblue,YES,234.878238,2673.138042,65.2439549999999
378000,4302000,CB4MH,21.32546,1e+06,10.89,43.7,378000 4302000,6.5,Suitable,dodgerblue,YES,234.878238,2673.138042,65.2439549999999
378000,4302000,CB4MH,44.29134,1e+06,10.37,40.5,378000 4302000,13.5,Suitable,dodgerblue,YES,234.878238,2673.138042,65.2439549999999
378000,4302000,CB4MH,73.8189,1e+06,9.63,38,378000 4302000,22.5,Suitable,dodgerblue,YES,234.878238,2673.138042,65.2439549999999
378000,4302000,CB4MH,47.57218,1e+06,10.27,40.1,378000 4302000,14.5,Suitable,dodgerblue,YES,234.878238,2673.138042,65.2439549999999
378000,4302000,CB4MH,54.13386,1e+06,10.09,39.4,378000 4302000,16.5,Suitable,dodgerblue,YES,234.878238,2673.138042,65.2439549999999
378000,4302000,CB4MH,80.38058,1e+06,9.46,37.5,378000 4302000,24.5,Suitable,dodgerblue,YES,234.878238,2673.138042,65.2439549999999
378000,4302000,CB4MH,57.4147,1e+06,10,39.1,378000 4302000,17.5,Suitable,dodgerblue,YES,234.878238,2673.138042,65.2439549999999
378000,4302000,CB4MH,77.09974,1e+06,9.59,37.9,378000 4302000,23.5,Suitable,dodgerblue,YES,234.878238,2673.138042,65.2439549999999
378000,4302000,CB4MH,1.64042,1e+06,11.79,44.2,378000 4302000,0.5,Suitable,dodgerblue,YES,234.878238,2673.138042,65.2439549999999
378000,4302000,CB4MH,24.6063,1e+06,10.66,44.1,378000 4302000,7.5,Suitable,dodgerblue,YES,234.878238,2673.138042,65.2439549999999
378000,4302000,CB4MH,50.85302,1e+06,10.16,39.6,378000 4302000,15.5,Suitable,dodgerblue,YES,234.878238,2673.138042,65.2439549999999
378000,4302000,CB4MH,37.72966,1e+06,10.48,41.2,378000 4302000,11.5,Suitable,dodgerblue,YES,234.878238,2673.138042,65.2439549999999
378000,4302000,CB4MH,60.69554,1e+06,9.89,38.7,378000 4302000,18.5,Suitable,dodgerblue,YES,234.878238,2673.138042,65.2439549999999
378000,4302000,CB4MH,18.04462,1e+06,11.06,43.6,378000 4302000,5.5,Suitable,dodgerblue,YES,234.878238,2673.138042,65.2439549999999
378000,4302000,CB4MH,4.92126,1e+06,11.77,44.1,378000 4302000,1.5,Suitable,dodgerblue,YES,234.878238,2673.138042,65.2439549999999
378000,4302000,CB4MH,63.97638,1e+06,9.8,38.4,378000 4302000,19.5,Suitable,dodgerblue,YES,234.878238,2673.138042,65.2439549999999
378000,4302000,CB4MH,34.44882,1e+06,10.52,41.3,378000 4302000,10.5,Suitable,dodgerblue,YES,234.878238,2673.138042,65.2439549999999
378000,4302000,CB4MH,27.88714,1e+06,10.51,42.9,378000 4302000,8.5,Suitable,dodgerblue,YES,234.878238,2673.138042,65.2439549999999
378000,4302000,CB4MH,11.48294,1e+06,11.57,44.1,378000 4302000,3.5,Suitable,dodgerblue,YES,234.878238,2673.138042,65.2439549999999
378000,4302000,CB4MH,70.53806,1e+06,9.67,38,378000 4302000,21.5,Suitable,dodgerblue,YES,234.878238,2673.138042,65.2439549999999
378000,4302000,CB4MH,8.2021,1e+06,11.73,44.1,378000 4302000,2.5,Suitable,dodgerblue,YES,234.878238,2673.138042,65.2439549999999
378000,4302000,CB4MH,67.25722,1e+06,9.73,38.1,378000 4302000,20.5,Suitable,dodgerblue,YES,234.878238,2673.138042,65.2439549999999
378000,4302000,CB4MH,14.76378,1e+06,11.28,43.7,378000 4302000,4.5,Suitable,dodgerblue,YES,234.878238,2673.138042,65.2439549999999
378000,4302000,CB4MH,41.0105,1e+06,10.42,40.7,378000 4302000,12.5,Suitable,dodgerblue,YES,234.878238,2673.138042,65.2439549999999
379000,4259000,CB4MH,50.85302,1e+06,10.64,40.2,379000 4259000,15.5,Suitable,dodgerblue,YES,235.499609,2646.419089,38.5250019999999
379000,4259000,CB4MH,27.88714,1e+06,11.03,42.8,379000 4259000,8.5,Suitable,dodgerblue,YES,235.499609,2646.419089,38.5250019999999
379000,4259000,CB4MH,1.64042,1e+06,11.22,43.2,379000 4259000,0.5,Suitable,dodgerblue,YES,235.499609,2646.419089,38.5250019999999
379000,4259000,CB4MH,21.32546,1e+06,11.08,43,379000 4259000,6.5,Suitable,dodgerblue,YES,235.499609,2646.419089,38.5250019999999
379000,4259000,CB4MH,8.2021,1e+06,11.17,43.1,379000 4259000,2.5,Suitable,dodgerblue,YES,235.499609,2646.419089,38.5250019999999
379000,4259000,CB4MH,70.53806,1e+06,10.2,38.8,379000 4259000,21.5,Suitable,dodgerblue,YES,235.499609,2646.419089,38.5250019999999
379000,4259000,CB4MH,73.8189,1e+06,10.14,38.5,379000 4259000,22.5,Suitable,dodgerblue,YES,235.499609,2646.419089,38.5250019999999
379000,4259000,CB4MH,18.04462,1e+06,11.08,43.1,379000 4259000,5.5,Suitable,dodgerblue,YES,235.499609,2646.419089,38.5250019999999
379000,4259000,CB4MH,24.6063,1e+06,11.05,42.9,379000 4259000,7.5,Suitable,dodgerblue,YES,235.499609,2646.419089,38.5250019999999
379000,4259000,CB4MH,41.0105,1e+06,10.93,41.2,379000 4259000,12.5,Suitable,dodgerblue,YES,235.499609,2646.419089,38.5250019999999
379000,4259000,CB4MH,60.69554,1e+06,10.37,39.4,379000 4259000,18.5,Suitable,dodgerblue,YES,235.499609,2646.419089,38.5250019999999
379000,4259000,CB4MH,11.48294,1e+06,11.16,43.1,379000 4259000,3.5,Suitable,dodgerblue,YES,235.499609,2646.419089,38.5250019999999
379000,4259000,CB4MH,4.92126,1e+06,11.19,43.1,379000 4259000,1.5,Suitable,dodgerblue,YES,235.499609,2646.419089,38.5250019999999
379000,4259000,CB4MH,31.16798,1e+06,11.13,42.4,379000 4259000,9.5,Suitable,dodgerblue,YES,235.499609,2646.419089,38.5250019999999
379000,4259000,CB4MH,14.76378,1e+06,11.11,43.2,379000 4259000,4.5,Suitable,dodgerblue,YES,235.499609,2646.419089,38.5250019999999
379000,4259000,CB4MH,57.4147,1e+06,10.5,39.7,379000 4259000,17.5,Suitable,dodgerblue,YES,235.499609,2646.419089,38.5250019999999
379000,4259000,CB4MH,47.57218,1e+06,10.75,40.6,379000 4259000,14.5,Suitable,dodgerblue,YES,235.499609,2646.419089,38.5250019999999
379000,4259000,CB4MH,44.29134,1e+06,10.85,40.8,379000 4259000,13.5,Suitable,dodgerblue,YES,235.499609,2646.419089,38.5250019999999
379000,4259000,CB4MH,63.97638,1e+06,10.26,39.3,379000 4259000,19.5,Suitable,dodgerblue,YES,235.499609,2646.419089,38.5250019999999
379000,4259000,CB4MH,77.09974,1e+06,10.11,38.3,379000 4259000,23.5,Suitable,dodgerblue,YES,235.499609,2646.419089,38.5250019999999
379000,4259000,CB4MH,67.25722,1e+06,10.2,39.1,379000 4259000,20.5,Suitable,dodgerblue,YES,235.499609,2646.419089,38.5250019999999
379000,4259000,CB4MH,34.44882,1e+06,11.09,42.2,379000 4259000,10.5,Suitable,dodgerblue,YES,235.499609,2646.419089,38.5250019999999
379000,4259000,CB4MH,37.72966,1e+06,11.02,41.7,379000 4259000,11.5,Suitable,dodgerblue,YES,235.499609,2646.419089,38.5250019999999
379000,4259000,CB4MH,80.38058,1e+06,9.95,37.9,379000 4259000,24.5,Suitable,dodgerblue,YES,235.499609,2646.419089,38.5250019999999
379000,4259000,CB4MH,54.13386,1e+06,10.54,40,379000 4259000,16.5,Suitable,dodgerblue,YES,235.499609,2646.419089,38.5250019999999
379000,4299000,CB4MH,41.0105,1e+06,10.45,40.6,379000 4299000,12.5,Suitable,dodgerblue,YES,235.499609,2671.273929,63.3798419999998
379000,4299000,CB4MH,70.53806,1e+06,9.68,37.9,379000 4299000,21.5,Suitable,dodgerblue,YES,235.499609,2671.273929,63.3798419999998
379000,4299000,CB4MH,31.16798,1e+06,10.52,41.1,379000 4299000,9.5,Suitable,dodgerblue,YES,235.499609,2671.273929,63.3798419999998
379000,4299000,CB4MH,60.69554,1e+06,9.87,38.6,379000 4299000,18.5,Suitable,dodgerblue,YES,235.499609,2671.273929,63.3798419999998
379000,4299000,CB4MH,14.76378,1e+06,11.36,43.3,379000 4299000,4.5,Suitable,dodgerblue,YES,235.499609,2671.273929,63.3798419999998
379000,4299000,CB4MH,4.92126,1e+06,11.8,44.1,379000 4299000,1.5,Suitable,dodgerblue,YES,235.499609,2671.273929,63.3798419999998
379000,4299000,CB4MH,1.64042,1e+06,11.81,44.1,379000 4299000,0.5,Suitable,dodgerblue,YES,235.499609,2671.273929,63.3798419999998
379000,4299000,CB4MH,18.04462,1e+06,11.12,43.1,379000 4299000,5.5,Suitable,dodgerblue,YES,235.499609,2671.273929,63.3798419999998
379000,4299000,CB4MH,27.88714,1e+06,10.52,43.2,379000 4299000,8.5,Suitable,dodgerblue,YES,235.499609,2671.273929,63.3798419999998
379000,4299000,CB4MH,54.13386,1e+06,10.07,39.1,379000 4299000,16.5,Suitable,dodgerblue,YES,235.499609,2671.273929,63.3798419999998
379000,4299000,CB4MH,57.4147,1e+06,9.97,38.9,379000 4299000,17.5,Suitable,dodgerblue,YES,235.499609,2671.273929,63.3798419999998
379000,4299000,CB4MH,8.2021,1e+06,11.79,44.1,379000 4299000,2.5,Suitable,dodgerblue,YES,235.499609,2671.273929,63.3798419999998
379000,4299000,CB4MH,44.29134,1e+06,10.4,40.4,379000 4299000,13.5,Suitable,dodgerblue,YES,235.499609,2671.273929,63.3798419999998
379000,4299000,CB4MH,73.8189,1e+06,9.63,37.9,379000 4299000,22.5,Suitable,dodgerblue,YES,235.499609,2671.273929,63.3798419999998
379000,4299000,CB4MH,47.57218,1e+06,10.26,39.8,379000 4299000,14.5,Suitable,dodgerblue,YES,235.499609,2671.273929,63.3798419999998
379000,4299000,CB4MH,37.72966,1e+06,10.5,40.8,379000 4299000,11.5,Suitable,dodgerblue,YES,235.499609,2671.273929,63.3798419999998
379000,4299000,CB4MH,11.48294,1e+06,11.66,43.9,379000 4299000,3.5,Suitable,dodgerblue,YES,235.499609,2671.273929,63.3798419999998
379000,4299000,CB4MH,63.97638,1e+06,9.79,38.3,379000 4299000,19.5,Suitable,dodgerblue,YES,235.499609,2671.273929,63.3798419999998
379000,4299000,CB4MH,34.44882,1e+06,10.51,40.9,379000 4299000,10.5,Suitable,dodgerblue,YES,235.499609,2671.273929,63.3798419999998
379000,4299000,CB4MH,21.32546,1e+06,10.97,43.4,379000 4299000,6.5,Suitable,dodgerblue,YES,235.499609,2671.273929,63.3798419999998
379000,4299000,CB4MH,67.25722,1e+06,9.73,38,379000 4299000,20.5,Suitable,dodgerblue,YES,235.499609,2671.273929,63.3798419999998
379000,4299000,CB4MH,24.6063,1e+06,10.7,44.4,379000 4299000,7.5,Suitable,dodgerblue,YES,235.499609,2671.273929,63.3798419999998
379000,4299000,CB4MH,50.85302,1e+06,10.12,39.3,379000 4299000,15.5,Suitable,dodgerblue,YES,235.499609,2671.273929,63.3798419999998
379000,4303000,CB4MH,1.64042,1e+06,11.76,44.2,379000 4303000,0.5,Suitable,dodgerblue,YES,235.499609,2673.759413,65.8653260000001
379000,4303000,CB4MH,73.8189,1e+06,9.63,38,379000 4303000,22.5,Suitable,dodgerblue,YES,235.499609,2673.759413,65.8653260000001
379000,4303000,CB4MH,50.85302,1e+06,10.16,39.7,379000 4303000,15.5,Suitable,dodgerblue,YES,235.499609,2673.759413,65.8653260000001
379000,4303000,CB4MH,54.13386,1e+06,10.08,39.5,379000 4303000,16.5,Suitable,dodgerblue,YES,235.499609,2673.759413,65.8653260000001
379000,4303000,CB4MH,21.32546,1e+06,10.86,43.8,379000 4303000,6.5,Suitable,dodgerblue,YES,235.499609,2673.759413,65.8653260000001
379000,4303000,CB4MH,11.48294,1e+06,11.51,44,379000 4303000,3.5,Suitable,dodgerblue,YES,235.499609,2673.759413,65.8653260000001
379000,4303000,CB4MH,37.72966,1e+06,10.46,41.3,379000 4303000,11.5,Suitable,dodgerblue,YES,235.499609,2673.759413,65.8653260000001
379000,4303000,CB4MH,14.76378,1e+06,11.22,43.7,379000 4303000,4.5,Suitable,dodgerblue,YES,235.499609,2673.759413,65.8653260000001
379000,4303000,CB4MH,67.25722,1e+06,9.72,38.1,379000 4303000,20.5,Suitable,dodgerblue,YES,235.499609,2673.759413,65.8653260000001
379000,4303000,CB4MH,18.04462,1e+06,11.01,43.6,379000 4303000,5.5,Suitable,dodgerblue,YES,235.499609,2673.759413,65.8653260000001
379000,4303000,CB4MH,4.92126,1e+06,11.73,44.1,379000 4303000,1.5,Suitable,dodgerblue,YES,235.499609,2673.759413,65.8653260000001
379000,4303000,CB4MH,70.53806,1e+06,9.66,38,379000 4303000,21.5,Suitable,dodgerblue,YES,235.499609,2673.759413,65.8653260000001
379000,4303000,CB4MH,63.97638,1e+06,9.79,38.4,379000 4303000,19.5,Suitable,dodgerblue,YES,235.499609,2673.759413,65.8653260000001
379000,4303000,CB4MH,57.4147,1e+06,10,39.1,379000 4303000,17.5,Suitable,dodgerblue,YES,235.499609,2673.759413,65.8653260000001
379000,4303000,CB4MH,60.69554,1e+06,9.89,38.7,379000 4303000,18.5,Suitable,dodgerblue,YES,235.499609,2673.759413,65.8653260000001
379000,4303000,CB4MH,34.44882,1e+06,10.51,41.4,379000 4303000,10.5,Suitable,dodgerblue,YES,235.499609,2673.759413,65.8653260000001
379000,4303000,CB4MH,31.16798,1e+06,10.55,41.7,379000 4303000,9.5,Suitable,dodgerblue,YES,235.499609,2673.759413,65.8653260000001
379000,4303000,CB4MH,77.09974,1e+06,9.59,37.9,379000 4303000,23.5,Suitable,dodgerblue,YES,235.499609,2673.759413,65.8653260000001
379000,4303000,CB4MH,8.2021,1e+06,11.72,44.1,379000 4303000,2.5,Suitable,dodgerblue,YES,235.499609,2673.759413,65.8653260000001
379000,4303000,CB4MH,44.29134,1e+06,10.36,40.6,379000 4303000,13.5,Suitable,dodgerblue,YES,235.499609,2673.759413,65.8653260000001
379000,4303000,CB4MH,41.0105,1e+06,10.4,40.7,379000 4303000,12.5,Suitable,dodgerblue,YES,235.499609,2673.759413,65.8653260000001
379000,4303000,CB4MH,24.6063,1e+06,10.65,44.1,379000 4303000,7.5,Suitable,dodgerblue,YES,235.499609,2673.759413,65.8653260000001
379000,4303000,CB4MH,27.88714,1e+06,10.52,43,379000 4303000,8.5,Suitable,dodgerblue,YES,235.499609,2673.759413,65.8653260000001
379000,4303000,CB4MH,47.57218,1e+06,10.27,40.1,379000 4303000,14.5,Suitable,dodgerblue,YES,235.499609,2673.759413,65.8653260000001
379000,4304000,CB4MH,8.2021,1e+06,11.69,44.3,379000 4304000,2.5,Suitable,dodgerblue,YES,235.499609,2674.380784,66.4866969999998
379000,4304000,CB4MH,4.92126,1e+06,11.7,44.2,379000 4304000,1.5,Suitable,dodgerblue,YES,235.499609,2674.380784,66.4866969999998
379000,4304000,CB4MH,41.0105,1e+06,10.38,40.7,379000 4304000,12.5,Suitable,dodgerblue,YES,235.499609,2674.380784,66.4866969999998
379000,4304000,CB4MH,1.64042,1e+06,11.73,44.3,379000 4304000,0.5,Suitable,dodgerblue,YES,235.499609,2674.380784,66.4866969999998
379000,4304000,CB4MH,11.48294,1e+06,11.52,44.3,379000 4304000,3.5,Suitable,dodgerblue,YES,235.499609,2674.380784,66.4866969999998
379000,4304000,CB4MH,24.6063,1e+06,10.64,44.1,379000 4304000,7.5,Suitable,dodgerblue,YES,235.499609,2674.380784,66.4866969999998
379000,4304000,CB4MH,37.72966,1e+06,10.43,41.4,379000 4304000,11.5,Suitable,dodgerblue,YES,235.499609,2674.380784,66.4866969999998
379000,4304000,CB4MH,70.53806,1e+06,9.64,38,379000 4304000,21.5,Suitable,dodgerblue,YES,235.499609,2674.380784,66.4866969999998
379000,4304000,CB4MH,44.29134,1e+06,10.33,40.6,379000 4304000,13.5,Suitable,dodgerblue,YES,235.499609,2674.380784,66.4866969999998
379000,4304000,CB4MH,77.09974,1e+06,9.58,37.9,379000 4304000,23.5,Suitable,dodgerblue,YES,235.499609,2674.380784,66.4866969999998
379000,4304000,CB4MH,60.69554,1e+06,9.86,38.7,379000 4304000,18.5,Suitable,dodgerblue,YES,235.499609,2674.380784,66.4866969999998
379000,4304000,CB4MH,34.44882,1e+06,10.49,41.6,379000 4304000,10.5,Suitable,dodgerblue,YES,235.499609,2674.380784,66.4866969999998
379000,4304000,CB4MH,18.04462,1e+06,11.02,43.9,379000 4304000,5.5,Suitable,dodgerblue,YES,235.499609,2674.380784,66.4866969999998
379000,4304000,CB4MH,80.38058,1e+06,9.45,37.5,379000 4304000,24.5,Suitable,dodgerblue,YES,235.499609,2674.380784,66.4866969999998
379000,4304000,CB4MH,27.88714,1e+06,10.52,43,379000 4304000,8.5,Suitable,dodgerblue,YES,235.499609,2674.380784,66.4866969999998
379000,4304000,CB4MH,67.25722,1e+06,9.7,38.1,379000 4304000,20.5,Suitable,dodgerblue,YES,235.499609,2674.380784,66.4866969999998
379000,4304000,CB4MH,14.76378,1e+06,11.24,44,379000 4304000,4.5,Suitable,dodgerblue,YES,235.499609,2674.380784,66.4866969999998
379000,4304000,CB4MH,57.4147,1e+06,9.98,39.1,379000 4304000,17.5,Suitable,dodgerblue,YES,235.499609,2674.380784,66.4866969999998
379000,4304000,CB4MH,31.16798,1e+06,10.54,41.8,379000 4304000,9.5,Suitable,dodgerblue,YES,235.499609,2674.380784,66.4866969999998
379000,4304000,CB4MH,73.8189,1e+06,9.61,38,379000 4304000,22.5,Suitable,dodgerblue,YES,235.499609,2674.380784,66.4866969999998
379000,4304000,CB4MH,47.57218,1e+06,10.25,40.1,379000 4304000,14.5,Suitable,dodgerblue,YES,235.499609,2674.380784,66.4866969999998
379000,4304000,CB4MH,63.97638,1e+06,9.77,38.4,379000 4304000,19.5,Suitable,dodgerblue,YES,235.499609,2674.380784,66.4866969999998
379000,4304000,CB4MH,21.32546,1e+06,10.86,44,379000 4304000,6.5,Suitable,dodgerblue,YES,235.499609,2674.380784,66.4866969999998
379000,4304000,CB4MH,54.13386,1e+06,10.06,39.4,379000 4304000,16.5,Suitable,dodgerblue,YES,235.499609,2674.380784,66.4866969999998
379000,4304000,CB4MH,50.85302,1e+06,10.14,39.7,379000 4304000,15.5,Suitable,dodgerblue,YES,235.499609,2674.380784,66.4866969999998
379000,4305000,CB4MH,63.97638,1e+06,9.74,38.3,379000 4305000,19.5,Suitable,dodgerblue,YES,235.499609,2675.002155,67.108068
379000,4305000,CB4MH,14.76378,1e+06,11.22,44.2,379000 4305000,4.5,Suitable,dodgerblue,YES,235.499609,2675.002155,67.108068
379000,4305000,CB4MH,44.29134,1e+06,10.3,40.5,379000 4305000,13.5,Suitable,dodgerblue,YES,235.499609,2675.002155,67.108068
379000,4305000,CB4MH,41.0105,1e+06,10.35,40.6,379000 4305000,12.5,Suitable,dodgerblue,YES,235.499609,2675.002155,67.108068
379000,4305000,CB4MH,80.38058,1e+06,9.45,37.5,379000 4305000,24.5,Suitable,dodgerblue,YES,235.499609,2675.002155,67.108068
379000,4305000,CB4MH,70.53806,1e+06,9.62,38,379000 4305000,21.5,Suitable,dodgerblue,YES,235.499609,2675.002155,67.108068
379000,4305000,CB4MH,1.64042,1e+06,11.73,44.5,379000 4305000,0.5,Suitable,dodgerblue,YES,235.499609,2675.002155,67.108068
379000,4305000,CB4MH,21.32546,1e+06,10.85,44.2,379000 4305000,6.5,Suitable,dodgerblue,YES,235.499609,2675.002155,67.108068
379000,4305000,CB4MH,31.16798,1e+06,10.53,41.9,379000 4305000,9.5,Suitable,dodgerblue,YES,235.499609,2675.002155,67.108068
379000,4305000,CB4MH,37.72966,1e+06,10.4,41.5,379000 4305000,11.5,Suitable,dodgerblue,YES,235.499609,2675.002155,67.108068
379000,4305000,CB4MH,18.04462,1e+06,11.01,44.1,379000 4305000,5.5,Suitable,dodgerblue,YES,235.499609,2675.002155,67.108068
379000,4305000,CB4MH,34.44882,1e+06,10.46,41.6,379000 4305000,10.5,Suitable,dodgerblue,YES,235.499609,2675.002155,67.108068
379000,4305000,CB4MH,47.57218,1e+06,10.22,40.1,379000 4305000,14.5,Suitable,dodgerblue,YES,235.499609,2675.002155,67.108068
379000,4305000,CB4MH,60.69554,1e+06,9.83,38.6,379000 4305000,18.5,Suitable,dodgerblue,YES,235.499609,2675.002155,67.108068
379000,4305000,CB4MH,54.13386,1e+06,10.03,39.4,379000 4305000,16.5,Suitable,dodgerblue,YES,235.499609,2675.002155,67.108068
379000,4305000,CB4MH,11.48294,1e+06,11.49,44.4,379000 4305000,3.5,Suitable,dodgerblue,YES,235.499609,2675.002155,67.108068
379000,4305000,CB4MH,73.8189,1e+06,9.59,38,379000 4305000,22.5,Suitable,dodgerblue,YES,235.499609,2675.002155,67.108068
379000,4305000,CB4MH,67.25722,1e+06,9.67,38.1,379000 4305000,20.5,Suitable,dodgerblue,YES,235.499609,2675.002155,67.108068
379000,4305000,CB4MH,57.4147,1e+06,9.94,39,379000 4305000,17.5,Suitable,dodgerblue,YES,235.499609,2675.002155,67.108068
379000,4305000,CB4MH,50.85302,1e+06,10.11,39.7,379000 4305000,15.5,Suitable,dodgerblue,YES,235.499609,2675.002155,67.108068
379000,4305000,CB4MH,24.6063,1e+06,10.7,43.7,379000 4305000,7.5,Suitable,dodgerblue,YES,235.499609,2675.002155,67.108068
379000,4305000,CB4MH,27.88714,1e+06,10.55,42.7,379000 4305000,8.5,Suitable,dodgerblue,YES,235.499609,2675.002155,67.108068
379000,4305000,CB4MH,77.09974,1e+06,9.56,37.8,379000 4305000,23.5,Suitable,dodgerblue,YES,235.499609,2675.002155,67.108068
379000,4305000,CB4MH,8.2021,1e+06,11.66,44.4,379000 4305000,2.5,Suitable,dodgerblue,YES,235.499609,2675.002155,67.108068
379000,4305000,CB4MH,4.92126,1e+06,11.71,44.4,379000 4305000,1.5,Suitable,dodgerblue,YES,235.499609,2675.002155,67.108068
379000,4306000,CB4MH,11.48294,1e+06,11.46,44.6,379000 4306000,3.5,Suitable,dodgerblue,YES,235.499609,2675.623526,67.7294389999997
379000,4306000,CB4MH,63.97638,1e+06,9.7,38.3,379000 4306000,19.5,Suitable,dodgerblue,YES,235.499609,2675.623526,67.7294389999997
379000,4306000,CB4MH,8.2021,1e+06,11.62,44.6,379000 4306000,2.5,Suitable,dodgerblue,YES,235.499609,2675.623526,67.7294389999997
379000,4306000,CB4MH,57.4147,1e+06,9.9,39,379000 4306000,17.5,Suitable,dodgerblue,YES,235.499609,2675.623526,67.7294389999997
379000,4306000,CB4MH,60.69554,1e+06,9.79,38.6,379000 4306000,18.5,Suitable,dodgerblue,YES,235.499609,2675.623526,67.7294389999997
379000,4306000,CB4MH,54.13386,1e+06,9.99,39.3,379000 4306000,16.5,Suitable,dodgerblue,YES,235.499609,2675.623526,67.7294389999997
379000,4306000,CB4MH,37.72966,1e+06,10.36,41.5,379000 4306000,11.5,Suitable,dodgerblue,YES,235.499609,2675.623526,67.7294389999997
379000,4306000,CB4MH,47.57218,1e+06,10.18,40,379000 4306000,14.5,Suitable,dodgerblue,YES,235.499609,2675.623526,67.7294389999997
379000,4306000,CB4MH,34.44882,1e+06,10.43,41.7,379000 4306000,10.5,Suitable,dodgerblue,YES,235.499609,2675.623526,67.7294389999997
379000,4306000,CB4MH,31.16798,1e+06,10.51,42,379000 4306000,9.5,Suitable,dodgerblue,YES,235.499609,2675.623526,67.7294389999997
379000,4306000,CB4MH,70.53806,1e+06,9.59,38,379000 4306000,21.5,Suitable,dodgerblue,YES,235.499609,2675.623526,67.7294389999997
379000,4306000,CB4MH,18.04462,1e+06,11,44.3,379000 4306000,5.5,Suitable,dodgerblue,YES,235.499609,2675.623526,67.7294389999997
379000,4306000,CB4MH,41.0105,1e+06,10.31,40.5,379000 4306000,12.5,Suitable,dodgerblue,YES,235.499609,2675.623526,67.7294389999997
379000,4306000,CB4MH,4.92126,1e+06,11.67,44.6,379000 4306000,1.5,Suitable,dodgerblue,YES,235.499609,2675.623526,67.7294389999997
379000,4306000,CB4MH,1.64042,1e+06,11.69,44.7,379000 4306000,0.5,Suitable,dodgerblue,YES,235.499609,2675.623526,67.7294389999997
379000,4306000,CB4MH,24.6063,1e+06,10.72,43.6,379000 4306000,7.5,Suitable,dodgerblue,YES,235.499609,2675.623526,67.7294389999997
379000,4306000,CB4MH,14.76378,1e+06,11.2,44.4,379000 4306000,4.5,Suitable,dodgerblue,YES,235.499609,2675.623526,67.7294389999997
379000,4306000,CB4MH,44.29134,1e+06,10.26,40.4,379000 4306000,13.5,Suitable,dodgerblue,YES,235.499609,2675.623526,67.7294389999997
379000,4306000,CB4MH,50.85302,1e+06,10.07,39.6,379000 4306000,15.5,Suitable,dodgerblue,YES,235.499609,2675.623526,67.7294389999997
379000,4306000,CB4MH,73.8189,1e+06,9.56,37.9,379000 4306000,22.5,Suitable,dodgerblue,YES,235.499609,2675.623526,67.7294389999997
379000,4306000,CB4MH,27.88714,1e+06,10.56,42.6,379000 4306000,8.5,Suitable,dodgerblue,YES,235.499609,2675.623526,67.7294389999997
379000,4306000,CB4MH,67.25722,1e+06,9.64,38.1,379000 4306000,20.5,Suitable,dodgerblue,YES,235.499609,2675.623526,67.7294389999997
379000,4306000,CB4MH,21.32546,1e+06,10.84,44.4,379000 4306000,6.5,Suitable,dodgerblue,YES,235.499609,2675.623526,67.7294389999997
379000,4309000,CB4MH,37.72966,1e+06,10.22,41.2,379000 4309000,11.5,Suitable,dodgerblue,YES,235.499609,2677.487639,69.5935519999998
379000,4309000,CB4MH,54.13386,1e+06,9.8,38.9,379000 4309000,16.5,Suitable,dodgerblue,YES,235.499609,2677.487639,69.5935519999998
379000,4309000,CB4MH,44.29134,1e+06,10.08,39.9,379000 4309000,13.5,Suitable,dodgerblue,YES,235.499609,2677.487639,69.5935519999998
379000,4309000,CB4MH,57.4147,1e+06,9.71,38.6,379000 4309000,17.5,Suitable,dodgerblue,YES,235.499609,2677.487639,69.5935519999998
379000,4309000,CB4MH,4.92126,1e+06,11.27,44.3,379000 4309000,1.5,Suitable,dodgerblue,YES,235.499609,2677.487639,69.5935519999998
379000,4309000,CB4MH,18.04462,1e+06,10.96,43.8,379000 4309000,5.5,Suitable,dodgerblue,YES,235.499609,2677.487639,69.5935519999998
379000,4309000,CB4MH,47.57218,1e+06,10.02,39.7,379000 4309000,14.5,Suitable,dodgerblue,YES,235.499609,2677.487639,69.5935519999998
379000,4309000,CB4MH,50.85302,1e+06,9.91,39.3,379000 4309000,15.5,Suitable,dodgerblue,YES,235.499609,2677.487639,69.5935519999998
379000,4309000,CB4MH,1.64042,1e+06,11.3,44.4,379000 4309000,0.5,Suitable,dodgerblue,YES,235.499609,2677.487639,69.5935519999998
379000,4309000,CB4MH,24.6063,1e+06,10.72,43,379000 4309000,7.5,Suitable,dodgerblue,YES,235.499609,2677.487639,69.5935519999998
379000,4309000,CB4MH,27.88714,1e+06,10.6,42.5,379000 4309000,8.5,Suitable,dodgerblue,YES,235.499609,2677.487639,69.5935519999998
379000,4309000,CB4MH,41.0105,1e+06,10.13,40,379000 4309000,12.5,Suitable,dodgerblue,YES,235.499609,2677.487639,69.5935519999998
379000,4309000,CB4MH,60.69554,1e+06,9.61,38.3,379000 4309000,18.5,Suitable,dodgerblue,YES,235.499609,2677.487639,69.5935519999998
379000,4309000,CB4MH,63.97638,1e+06,9.55,38.1,379000 4309000,19.5,Suitable,dodgerblue,YES,235.499609,2677.487639,69.5935519999998
379000,4309000,CB4MH,11.48294,1e+06,11.14,44.1,379000 4309000,3.5,Suitable,dodgerblue,YES,235.499609,2677.487639,69.5935519999998
379000,4309000,CB4MH,21.32546,1e+06,10.88,43.7,379000 4309000,6.5,Suitable,dodgerblue,YES,235.499609,2677.487639,69.5935519999998
379000,4309000,CB4MH,14.76378,1e+06,11.05,44,379000 4309000,4.5,Suitable,dodgerblue,YES,235.499609,2677.487639,69.5935519999998
379000,4309000,CB4MH,8.2021,1e+06,11.21,44.2,379000 4309000,2.5,Suitable,dodgerblue,YES,235.499609,2677.487639,69.5935519999998
379000,4309000,CB4MH,31.16798,1e+06,10.45,42.1,379000 4309000,9.5,Suitable,dodgerblue,YES,235.499609,2677.487639,69.5935519999998
379000,4309000,CB4MH,34.44882,1e+06,10.31,41.6,379000 4309000,10.5,Suitable,dodgerblue,YES,235.499609,2677.487639,69.5935519999998
380000,4257000,CB4MH,57.4147,1e+06,10.62,40,380000 4257000,17.5,Suitable,dodgerblue,YES,236.12098,2645.176347,37.28226
380000,4257000,CB4MH,37.72966,1e+06,11.08,41.7,380000 4257000,11.5,Suitable,dodgerblue,YES,236.12098,2645.176347,37.28226
380000,4257000,CB4MH,34.44882,1e+06,11.14,42.1,380000 4257000,10.5,Suitable,dodgerblue,YES,236.12098,2645.176347,37.28226
380000,4257000,CB4MH,93.50394,1e+06,9.69,37.4,380000 4257000,28.5,Suitable,dodgerblue,YES,236.12098,2645.176347,37.28226
380000,4257000,CB4MH,41.0105,1e+06,10.99,41.3,380000 4257000,12.5,Suitable,dodgerblue,YES,236.12098,2645.176347,37.28226
380000,4257000,CB4MH,8.2021,1e+06,11.2,42.9,380000 4257000,2.5,Suitable,dodgerblue,YES,236.12098,2645.176347,37.28226
380000,4257000,CB4MH,14.76378,1e+06,11.15,43,380000 4257000,4.5,Suitable,dodgerblue,YES,236.12098,2645.176347,37.28226
380000,4257000,CB4MH,73.8189,1e+06,10.2,38.8,380000 4257000,22.5,Suitable,dodgerblue,YES,236.12098,2645.176347,37.28226
380000,4257000,CB4MH,47.57218,1e+06,10.8,40.7,380000 4257000,14.5,Suitable,dodgerblue,YES,236.12098,2645.176347,37.28226
380000,4257000,CB4MH,18.04462,1e+06,11.11,43,380000 4257000,5.5,Suitable,dodgerblue,YES,236.12098,2645.176347,37.28226
380000,4257000,CB4MH,31.16798,1e+06,11.17,42.4,380000 4257000,9.5,Suitable,dodgerblue,YES,236.12098,2645.176347,37.28226
380000,4257000,CB4MH,1.64042,1e+06,11.27,43,380000 4257000,0.5,Suitable,dodgerblue,YES,236.12098,2645.176347,37.28226
380000,4257000,CB4MH,54.13386,1e+06,10.65,40.2,380000 4257000,16.5,Suitable,dodgerblue,YES,236.12098,2645.176347,37.28226
380000,4257000,CB4MH,24.6063,1e+06,11.1,42.7,380000 4257000,7.5,Suitable,dodgerblue,YES,236.12098,2645.176347,37.28226
380000,4257000,CB4MH,44.29134,1e+06,10.9,40.9,380000 4257000,13.5,Suitable,dodgerblue,YES,236.12098,2645.176347,37.28226
380000,4257000,CB4MH,67.25722,1e+06,10.37,39.5,380000 4257000,20.5,Suitable,dodgerblue,YES,236.12098,2645.176347,37.28226
380000,4257000,CB4MH,27.88714,1e+06,11.09,42.7,380000 4257000,8.5,Suitable,dodgerblue,YES,236.12098,2645.176347,37.28226
380000,4257000,CB4MH,11.48294,1e+06,11.2,42.9,380000 4257000,3.5,Suitable,dodgerblue,YES,236.12098,2645.176347,37.28226
380000,4257000,CB4MH,86.94226,1e+06,9.73,37.4,380000 4257000,26.5,Suitable,dodgerblue,YES,236.12098,2645.176347,37.28226
380000,4257000,CB4MH,90.2231,1e+06,9.69,37.4,380000 4257000,27.5,Suitable,dodgerblue,YES,236.12098,2645.176347,37.28226
380000,4257000,CB4MH,21.32546,1e+06,11.11,42.8,380000 4257000,6.5,Suitable,dodgerblue,YES,236.12098,2645.176347,37.28226
380000,4257000,CB4MH,4.92126,1e+06,11.23,42.9,380000 4257000,1.5,Suitable,dodgerblue,YES,236.12098,2645.176347,37.28226
380000,4257000,CB4MH,63.97638,1e+06,10.44,39.8,380000 4257000,19.5,Suitable,dodgerblue,YES,236.12098,2645.176347,37.28226
380000,4257000,CB4MH,83.66142,1e+06,9.75,37.5,380000 4257000,25.5,Suitable,dodgerblue,YES,236.12098,2645.176347,37.28226
380000,4257000,CB4MH,60.69554,1e+06,10.53,39.9,380000 4257000,18.5,Suitable,dodgerblue,YES,236.12098,2645.176347,37.28226
380000,4257000,CB4MH,50.85302,1e+06,10.71,40.4,380000 4257000,15.5,Suitable,dodgerblue,YES,236.12098,2645.176347,37.28226
380000,4257000,CB4MH,70.53806,1e+06,10.28,39.1,380000 4257000,21.5,Suitable,dodgerblue,YES,236.12098,2645.176347,37.28226
380000,4257000,CB4MH,77.09974,1e+06,10.16,38.5,380000 4257000,23.5,Suitable,dodgerblue,YES,236.12098,2645.176347,37.28226
380000,4257000,CB4MH,80.38058,1e+06,9.94,38,380000 4257000,24.5,Suitable,dodgerblue,YES,236.12098,2645.176347,37.28226
380000,4258000,CB4MH,21.32546,1e+06,11.09,42.9,380000 4258000,6.5,Suitable,dodgerblue,YES,236.12098,2645.797718,37.9036310000001
380000,4258000,CB4MH,41.0105,1e+06,10.96,41.2,380000 4258000,12.5,Suitable,dodgerblue,YES,236.12098,2645.797718,37.9036310000001
380000,4258000,CB4MH,67.25722,1e+06,10.3,39.3,380000 4258000,20.5,Suitable,dodgerblue,YES,236.12098,2645.797718,37.9036310000001
380000,4258000,CB4MH,27.88714,1e+06,11.06,42.8,380000 4258000,8.5,Suitable,dodgerblue,YES,236.12098,2645.797718,37.9036310000001
380000,4258000,CB4MH,8.2021,1e+06,11.18,43,380000 4258000,2.5,Suitable,dodgerblue,YES,236.12098,2645.797718,37.9036310000001
380000,4258000,CB4MH,11.48294,1e+06,11.17,43,380000 4258000,3.5,Suitable,dodgerblue,YES,236.12098,2645.797718,37.9036310000001
380000,4258000,CB4MH,14.76378,1e+06,11.12,43.1,380000 4258000,4.5,Suitable,dodgerblue,YES,236.12098,2645.797718,37.9036310000001
380000,4258000,CB4MH,54.13386,1e+06,10.61,40.1,380000 4258000,16.5,Suitable,dodgerblue,YES,236.12098,2645.797718,37.9036310000001
380000,4258000,CB4MH,63.97638,1e+06,10.37,39.6,380000 4258000,19.5,Suitable,dodgerblue,YES,236.12098,2645.797718,37.9036310000001
380000,4258000,CB4MH,24.6063,1e+06,11.07,42.8,380000 4258000,7.5,Suitable,dodgerblue,YES,236.12098,2645.797718,37.9036310000001
380000,4258000,CB4MH,50.85302,1e+06,10.68,40.3,380000 4258000,15.5,Suitable,dodgerblue,YES,236.12098,2645.797718,37.9036310000001
380000,4258000,CB4MH,37.72966,1e+06,11.05,41.7,380000 4258000,11.5,Suitable,dodgerblue,YES,236.12098,2645.797718,37.9036310000001
380000,4258000,CB4MH,44.29134,1e+06,10.88,40.9,380000 4258000,13.5,Suitable,dodgerblue,YES,236.12098,2645.797718,37.9036310000001
380000,4258000,CB4MH,1.64042,1e+06,11.23,43.1,380000 4258000,0.5,Suitable,dodgerblue,YES,236.12098,2645.797718,37.9036310000001
380000,4258000,CB4MH,18.04462,1e+06,11.08,43.1,380000 4258000,5.5,Suitable,dodgerblue,YES,236.12098,2645.797718,37.9036310000001
380000,4258000,CB4MH,4.92126,1e+06,11.2,43,380000 4258000,1.5,Suitable,dodgerblue,YES,236.12098,2645.797718,37.9036310000001
380000,4258000,CB4MH,34.44882,1e+06,11.12,42.1,380000 4258000,10.5,Suitable,dodgerblue,YES,236.12098,2645.797718,37.9036310000001
380000,4258000,CB4MH,31.16798,1e+06,11.15,42.4,380000 4258000,9.5,Suitable,dodgerblue,YES,236.12098,2645.797718,37.9036310000001
380000,4258000,CB4MH,73.8189,1e+06,10.18,38.6,380000 4258000,22.5,Suitable,dodgerblue,YES,236.12098,2645.797718,37.9036310000001
380000,4258000,CB4MH,60.69554,1e+06,10.46,39.7,380000 4258000,18.5,Suitable,dodgerblue,YES,236.12098,2645.797718,37.9036310000001
380000,4258000,CB4MH,47.57218,1e+06,10.78,40.6,380000 4258000,14.5,Suitable,dodgerblue,YES,236.12098,2645.797718,37.9036310000001
380000,4258000,CB4MH,70.53806,1e+06,10.25,39,380000 4258000,21.5,Suitable,dodgerblue,YES,236.12098,2645.797718,37.9036310000001
380000,4258000,CB4MH,57.4147,1e+06,10.57,39.9,380000 4258000,17.5,Suitable,dodgerblue,YES,236.12098,2645.797718,37.9036310000001
380000,4307000,CB4MH,11.48294,1e+06,11.43,43.5,380000 4307000,3.5,Suitable,dodgerblue,YES,236.12098,2676.244897,68.3508099999999
380000,4307000,CB4MH,73.8189,1e+06,9.53,37.9,380000 4307000,22.5,Suitable,dodgerblue,YES,236.12098,2676.244897,68.3508099999999
380000,4307000,CB4MH,77.09974,1e+06,9.51,37.8,380000 4307000,23.5,Suitable,dodgerblue,YES,236.12098,2676.244897,68.3508099999999
380000,4307000,CB4MH,54.13386,1e+06,9.93,39.2,380000 4307000,16.5,Suitable,dodgerblue,YES,236.12098,2676.244897,68.3508099999999
380000,4307000,CB4MH,60.69554,1e+06,9.73,38.5,380000 4307000,18.5,Suitable,dodgerblue,YES,236.12098,2676.244897,68.3508099999999
380000,4307000,CB4MH,63.97638,1e+06,9.65,38.2,380000 4307000,19.5,Suitable,dodgerblue,YES,236.12098,2676.244897,68.3508099999999
380000,4307000,CB4MH,34.44882,1e+06,10.39,41.8,380000 4307000,10.5,Suitable,dodgerblue,YES,236.12098,2676.244897,68.3508099999999
380000,4307000,CB4MH,31.16798,1e+06,10.49,42.2,380000 4307000,9.5,Suitable,dodgerblue,YES,236.12098,2676.244897,68.3508099999999
380000,4307000,CB4MH,1.64042,1e+06,11.65,43.6,380000 4307000,0.5,Suitable,dodgerblue,YES,236.12098,2676.244897,68.3508099999999
380000,4307000,CB4MH,14.76378,1e+06,11.18,43.4,380000 4307000,4.5,Suitable,dodgerblue,YES,236.12098,2676.244897,68.3508099999999
380000,4307000,CB4MH,50.85302,1e+06,10.02,39.5,380000 4307000,15.5,Suitable,dodgerblue,YES,236.12098,2676.244897,68.3508099999999
380000,4307000,CB4MH,4.92126,1e+06,11.63,43.6,380000 4307000,1.5,Suitable,dodgerblue,YES,236.12098,2676.244897,68.3508099999999
380000,4307000,CB4MH,47.57218,1e+06,10.13,39.9,380000 4307000,14.5,Suitable,dodgerblue,YES,236.12098,2676.244897,68.3508099999999
380000,4307000,CB4MH,37.72966,1e+06,10.31,41.6,380000 4307000,11.5,Suitable,dodgerblue,YES,236.12098,2676.244897,68.3508099999999
380000,4307000,CB4MH,67.25722,1e+06,9.6,38,380000 4307000,20.5,Suitable,dodgerblue,YES,236.12098,2676.244897,68.3508099999999
380000,4307000,CB4MH,41.0105,1e+06,10.25,40.4,380000 4307000,12.5,Suitable,dodgerblue,YES,236.12098,2676.244897,68.3508099999999
380000,4307000,CB4MH,44.29134,1e+06,10.2,40.2,380000 4307000,13.5,Suitable,dodgerblue,YES,236.12098,2676.244897,68.3508099999999
380000,4307000,CB4MH,8.2021,1e+06,11.59,43.5,380000 4307000,2.5,Suitable,dodgerblue,YES,236.12098,2676.244897,68.3508099999999
380000,4307000,CB4MH,18.04462,1e+06,11.02,43.3,380000 4307000,5.5,Suitable,dodgerblue,YES,236.12098,2676.244897,68.3508099999999
380000,4307000,CB4MH,80.38058,1e+06,9.45,37.5,380000 4307000,24.5,Suitable,dodgerblue,YES,236.12098,2676.244897,68.3508099999999
380000,4307000,CB4MH,57.4147,1e+06,9.84,38.9,380000 4307000,17.5,Suitable,dodgerblue,YES,236.12098,2676.244897,68.3508099999999
380000,4307000,CB4MH,24.6063,1e+06,10.72,43.5,380000 4307000,7.5,Suitable,dodgerblue,YES,236.12098,2676.244897,68.3508099999999
380000,4307000,CB4MH,21.32546,1e+06,10.89,43.3,380000 4307000,6.5,Suitable,dodgerblue,YES,236.12098,2676.244897,68.3508099999999
380000,4307000,CB4MH,70.53806,1e+06,9.55,37.9,380000 4307000,21.5,Suitable,dodgerblue,YES,236.12098,2676.244897,68.3508099999999
380000,4307000,CB4MH,27.88714,1e+06,10.59,43.4,380000 4307000,8.5,Suitable,dodgerblue,YES,236.12098,2676.244897,68.3508099999999
380000,4308000,CB4MH,67.25722,1e+06,9.55,38,380000 4308000,20.5,Suitable,dodgerblue,YES,236.12098,2676.866268,68.9721810000001
380000,4308000,CB4MH,63.97638,1e+06,9.6,38.1,380000 4308000,19.5,Suitable,dodgerblue,YES,236.12098,2676.866268,68.9721810000001
380000,4308000,CB4MH,37.72966,1e+06,10.26,41.5,380000 4308000,11.5,Suitable,dodgerblue,YES,236.12098,2676.866268,68.9721810000001
380000,4308000,CB4MH,73.8189,1e+06,9.49,37.9,380000 4308000,22.5,Suitable,dodgerblue,YES,236.12098,2676.866268,68.9721810000001
380000,4308000,CB4MH,57.4147,1e+06,9.77,38.7,380000 4308000,17.5,Suitable,dodgerblue,YES,236.12098,2676.866268,68.9721810000001
380000,4308000,CB4MH,54.13386,1e+06,9.86,39.1,380000 4308000,16.5,Suitable,dodgerblue,YES,236.12098,2676.866268,68.9721810000001
380000,4308000,CB4MH,8.2021,1e+06,11.42,43.3,380000 4308000,2.5,Suitable,dodgerblue,YES,236.12098,2676.866268,68.9721810000001
380000,4308000,CB4MH,60.69554,1e+06,9.67,38.4,380000 4308000,18.5,Suitable,dodgerblue,YES,236.12098,2676.866268,68.9721810000001
380000,4308000,CB4MH,31.16798,1e+06,10.47,42.2,380000 4308000,9.5,Suitable,dodgerblue,YES,236.12098,2676.866268,68.9721810000001
380000,4308000,CB4MH,77.09974,1e+06,9.48,37.8,380000 4308000,23.5,Suitable,dodgerblue,YES,236.12098,2676.866268,68.9721810000001
380000,4308000,CB4MH,44.29134,1e+06,10.14,40.1,380000 4308000,13.5,Suitable,dodgerblue,YES,236.12098,2676.866268,68.9721810000001
380000,4308000,CB4MH,34.44882,1e+06,10.35,41.8,380000 4308000,10.5,Suitable,dodgerblue,YES,236.12098,2676.866268,68.9721810000001
380000,4308000,CB4MH,41.0105,1e+06,10.19,40.2,380000 4308000,12.5,Suitable,dodgerblue,YES,236.12098,2676.866268,68.9721810000001
380000,4308000,CB4MH,50.85302,1e+06,9.97,39.4,380000 4308000,15.5,Suitable,dodgerblue,YES,236.12098,2676.866268,68.9721810000001
380000,4308000,CB4MH,4.92126,1e+06,11.48,43.4,380000 4308000,1.5,Suitable,dodgerblue,YES,236.12098,2676.866268,68.9721810000001
380000,4308000,CB4MH,47.57218,1e+06,10.07,39.8,380000 4308000,14.5,Suitable,dodgerblue,YES,236.12098,2676.866268,68.9721810000001
380000,4308000,CB4MH,27.88714,1e+06,10.6,43.4,380000 4308000,8.5,Suitable,dodgerblue,YES,236.12098,2676.866268,68.9721810000001
380000,4308000,CB4MH,24.6063,1e+06,10.73,43.2,380000 4308000,7.5,Suitable,dodgerblue,YES,236.12098,2676.866268,68.9721810000001
380000,4308000,CB4MH,14.76378,1e+06,11.19,42.9,380000 4308000,4.5,Suitable,dodgerblue,YES,236.12098,2676.866268,68.9721810000001
380000,4308000,CB4MH,11.48294,1e+06,11.34,43.2,380000 4308000,3.5,Suitable,dodgerblue,YES,236.12098,2676.866268,68.9721810000001
380000,4308000,CB4MH,70.53806,1e+06,9.51,37.9,380000 4308000,21.5,Suitable,dodgerblue,YES,236.12098,2676.866268,68.9721810000001
380000,4308000,CB4MH,18.04462,1e+06,11.05,42.7,380000 4308000,5.5,Suitable,dodgerblue,YES,236.12098,2676.866268,68.9721810000001
380000,4308000,CB4MH,1.64042,1e+06,11.5,43.5,380000 4308000,0.5,Suitable,dodgerblue,YES,236.12098,2676.866268,68.9721810000001
380000,4308000,CB4MH,21.32546,1e+06,10.95,42.7,380000 4308000,6.5,Suitable,dodgerblue,YES,236.12098,2676.866268,68.9721810000001
380000,4310000,CB4MH,50.85302,1e+06,9.83,39.1,380000 4310000,15.5,Suitable,dodgerblue,YES,236.12098,2678.10901,70.214923
380000,4310000,CB4MH,24.6063,1e+06,10.74,42.8,380000 4310000,7.5,Suitable,dodgerblue,YES,236.12098,2678.10901,70.214923
380000,4310000,CB4MH,31.16798,1e+06,10.42,42.1,380000 4310000,9.5,Suitable,dodgerblue,YES,236.12098,2678.10901,70.214923
380000,4310000,CB4MH,60.69554,1e+06,9.53,38.2,380000 4310000,18.5,Suitable,dodgerblue,YES,236.12098,2678.10901,70.214923
380000,4310000,CB4MH,63.97638,1e+06,9.47,38,380000 4310000,19.5,Suitable,dodgerblue,YES,236.12098,2678.10901,70.214923
380000,4310000,CB4MH,11.48294,1e+06,11.17,43.7,380000 4310000,3.5,Suitable,dodgerblue,YES,236.12098,2678.10901,70.214923
380000,4310000,CB4MH,57.4147,1e+06,9.62,38.5,380000 4310000,17.5,Suitable,dodgerblue,YES,236.12098,2678.10901,70.214923
380000,4310000,CB4MH,37.72966,1e+06,10.15,41,380000 4310000,11.5,Suitable,dodgerblue,YES,236.12098,2678.10901,70.214923
380000,4310000,CB4MH,70.53806,1e+06,9.41,37.8,380000 4310000,21.5,Suitable,dodgerblue,YES,236.12098,2678.10901,70.214923
380000,4310000,CB4MH,21.32546,1e+06,10.9,43.3,380000 4310000,6.5,Suitable,dodgerblue,YES,236.12098,2678.10901,70.214923
380000,4310000,CB4MH,34.44882,1e+06,10.25,41.5,380000 4310000,10.5,Suitable,dodgerblue,YES,236.12098,2678.10901,70.214923
380000,4310000,CB4MH,54.13386,1e+06,9.72,38.7,380000 4310000,16.5,Suitable,dodgerblue,YES,236.12098,2678.10901,70.214923
380000,4310000,CB4MH,67.25722,1e+06,9.44,37.8,380000 4310000,20.5,Suitable,dodgerblue,YES,236.12098,2678.10901,70.214923
380000,4310000,CB4MH,1.64042,1e+06,11.33,44,380000 4310000,0.5,Suitable,dodgerblue,YES,236.12098,2678.10901,70.214923
380000,4310000,CB4MH,41.0105,1e+06,10.05,39.8,380000 4310000,12.5,Suitable,dodgerblue,YES,236.12098,2678.10901,70.214923
380000,4310000,CB4MH,4.92126,1e+06,11.3,44,380000 4310000,1.5,Suitable,dodgerblue,YES,236.12098,2678.10901,70.214923
380000,4310000,CB4MH,47.57218,1e+06,9.94,39.5,380000 4310000,14.5,Suitable,dodgerblue,YES,236.12098,2678.10901,70.214923
380000,4310000,CB4MH,14.76378,1e+06,11.07,43.6,380000 4310000,4.5,Suitable,dodgerblue,YES,236.12098,2678.10901,70.214923
380000,4310000,CB4MH,18.04462,1e+06,10.98,43.5,380000 4310000,5.5,Suitable,dodgerblue,YES,236.12098,2678.10901,70.214923
380000,4310000,CB4MH,27.88714,1e+06,10.64,43.2,380000 4310000,8.5,Suitable,dodgerblue,YES,236.12098,2678.10901,70.214923
380000,4310000,CB4MH,8.2021,1e+06,11.24,43.8,380000 4310000,2.5,Suitable,dodgerblue,YES,236.12098,2678.10901,70.214923
380000,4310000,CB4MH,44.29134,1e+06,10,39.7,380000 4310000,13.5,Suitable,dodgerblue,YES,236.12098,2678.10901,70.214923
380000,4311000,CB4MH,1.64042,1e+06,11.34,43.9,380000 4311000,0.5,Suitable,dodgerblue,YES,236.12098,2678.730381,70.8362939999997
380000,4311000,CB4MH,47.57218,1e+06,9.87,39.3,380000 4311000,14.5,Suitable,dodgerblue,YES,236.12098,2678.730381,70.8362939999997
380000,4311000,CB4MH,8.2021,1e+06,11.25,43.7,380000 4311000,2.5,Suitable,dodgerblue,YES,236.12098,2678.730381,70.8362939999997
380000,4311000,CB4MH,60.69554,1e+06,9.46,38.1,380000 4311000,18.5,Suitable,dodgerblue,YES,236.12098,2678.730381,70.8362939999997
380000,4311000,CB4MH,73.8189,1e+06,9.35,37.7,380000 4311000,22.5,Suitable,dodgerblue,YES,236.12098,2678.730381,70.8362939999997
380000,4311000,CB4MH,24.6063,1e+06,10.71,42.8,380000 4311000,7.5,Suitable,dodgerblue,YES,236.12098,2678.730381,70.8362939999997
380000,4311000,CB4MH,67.25722,1e+06,9.38,37.8,380000 4311000,20.5,Suitable,dodgerblue,YES,236.12098,2678.730381,70.8362939999997
380000,4311000,CB4MH,21.32546,1e+06,10.9,43.2,380000 4311000,6.5,Suitable,dodgerblue,YES,236.12098,2678.730381,70.8362939999997
380000,4311000,CB4MH,41.0105,1e+06,9.98,39.6,380000 4311000,12.5,Suitable,dodgerblue,YES,236.12098,2678.730381,70.8362939999997
380000,4311000,CB4MH,34.44882,1e+06,10.29,41.3,380000 4311000,10.5,Suitable,dodgerblue,YES,236.12098,2678.730381,70.8362939999997
380000,4311000,CB4MH,31.16798,1e+06,10.48,42.1,380000 4311000,9.5,Suitable,dodgerblue,YES,236.12098,2678.730381,70.8362939999997
380000,4311000,CB4MH,37.72966,1e+06,10.2,40.8,380000 4311000,11.5,Suitable,dodgerblue,YES,236.12098,2678.730381,70.8362939999997
380000,4311000,CB4MH,44.29134,1e+06,9.93,39.5,380000 4311000,13.5,Suitable,dodgerblue,YES,236.12098,2678.730381,70.8362939999997
380000,4311000,CB4MH,11.48294,1e+06,11.18,43.6,380000 4311000,3.5,Suitable,dodgerblue,YES,236.12098,2678.730381,70.8362939999997
380000,4311000,CB4MH,4.92126,1e+06,11.32,43.8,380000 4311000,1.5,Suitable,dodgerblue,YES,236.12098,2678.730381,70.8362939999997
380000,4311000,CB4MH,57.4147,1e+06,9.54,38.3,380000 4311000,17.5,Suitable,dodgerblue,YES,236.12098,2678.730381,70.8362939999997
380000,4311000,CB4MH,27.88714,1e+06,10.75,43.1,380000 4311000,8.5,Suitable,dodgerblue,YES,236.12098,2678.730381,70.8362939999997
380000,4311000,CB4MH,77.09974,1e+06,9.37,37.7,380000 4311000,23.5,Suitable,dodgerblue,YES,236.12098,2678.730381,70.8362939999997
380000,4311000,CB4MH,18.04462,1e+06,10.99,43.3,380000 4311000,5.5,Suitable,dodgerblue,YES,236.12098,2678.730381,70.8362939999997
380000,4311000,CB4MH,83.66142,1e+06,9.4,37.4,380000 4311000,25.5,Suitable,dodgerblue,YES,236.12098,2678.730381,70.8362939999997
380000,4311000,CB4MH,80.38058,1e+06,9.45,37.5,380000 4311000,24.5,Suitable,dodgerblue,YES,236.12098,2678.730381,70.8362939999997
380000,4311000,CB4MH,14.76378,1e+06,11.08,43.5,380000 4311000,4.5,Suitable,dodgerblue,YES,236.12098,2678.730381,70.8362939999997
380000,4311000,CB4MH,70.53806,1e+06,9.36,37.8,380000 4311000,21.5,Suitable,dodgerblue,YES,236.12098,2678.730381,70.8362939999997
380000,4311000,CB4MH,50.85302,1e+06,9.77,38.9,380000 4311000,15.5,Suitable,dodgerblue,YES,236.12098,2678.730381,70.8362939999997
380000,4311000,CB4MH,63.97638,1e+06,9.41,37.9,380000 4311000,19.5,Suitable,dodgerblue,YES,236.12098,2678.730381,70.8362939999997
380000,4311000,CB4MH,54.13386,1e+06,9.64,38.6,380000 4311000,16.5,Suitable,dodgerblue,YES,236.12098,2678.730381,70.8362939999997
380000,4312000,CB4MH,77.09974,1e+06,9.34,37.7,380000 4312000,23.5,Suitable,dodgerblue,YES,236.12098,2679.351752,71.4576649999999
380000,4312000,CB4MH,4.92126,1e+06,11.33,43.7,380000 4312000,1.5,Suitable,dodgerblue,YES,236.12098,2679.351752,71.4576649999999
380000,4312000,CB4MH,34.44882,1e+06,10.24,41.1,380000 4312000,10.5,Suitable,dodgerblue,YES,236.12098,2679.351752,71.4576649999999
380000,4312000,CB4MH,37.72966,1e+06,10.15,40.5,380000 4312000,11.5,Suitable,dodgerblue,YES,236.12098,2679.351752,71.4576649999999
380000,4312000,CB4MH,31.16798,1e+06,10.46,42,380000 4312000,9.5,Suitable,dodgerblue,YES,236.12098,2679.351752,71.4576649999999
380000,4312000,CB4MH,18.04462,1e+06,11,43.2,380000 4312000,5.5,Suitable,dodgerblue,YES,236.12098,2679.351752,71.4576649999999
380000,4312000,CB4MH,50.85302,1e+06,9.71,38.8,380000 4312000,15.5,Suitable,dodgerblue,YES,236.12098,2679.351752,71.4576649999999
380000,4312000,CB4MH,90.2231,1e+06,9.38,37.4,380000 4312000,27.5,Suitable,dodgerblue,YES,236.12098,2679.351752,71.4576649999999
380000,4312000,CB4MH,27.88714,1e+06,10.76,42.9,380000 4312000,8.5,Suitable,dodgerblue,YES,236.12098,2679.351752,71.4576649999999
380000,4312000,CB4MH,63.97638,1e+06,9.35,37.8,380000 4312000,19.5,Suitable,dodgerblue,YES,236.12098,2679.351752,71.4576649999999
380000,4312000,CB4MH,54.13386,1e+06,9.58,38.4,380000 4312000,16.5,Suitable,dodgerblue,YES,236.12098,2679.351752,71.4576649999999
380000,4312000,CB4MH,8.2021,1e+06,11.26,43.5,380000 4312000,2.5,Suitable,dodgerblue,YES,236.12098,2679.351752,71.4576649999999
380000,4312000,CB4MH,67.25722,1e+06,9.33,37.7,380000 4312000,20.5,Suitable,dodgerblue,YES,236.12098,2679.351752,71.4576649999999
380000,4312000,CB4MH,11.48294,1e+06,11.19,43.4,380000 4312000,3.5,Suitable,dodgerblue,YES,236.12098,2679.351752,71.4576649999999
380000,4312000,CB4MH,41.0105,1e+06,9.91,39.4,380000 4312000,12.5,Suitable,dodgerblue,YES,236.12098,2679.351752,71.4576649999999
380000,4312000,CB4MH,80.38058,1e+06,9.45,37.5,380000 4312000,24.5,Suitable,dodgerblue,YES,236.12098,2679.351752,71.4576649999999
380000,4312000,CB4MH,60.69554,1e+06,9.39,38,380000 4312000,18.5,Suitable,dodgerblue,YES,236.12098,2679.351752,71.4576649999999
380000,4312000,CB4MH,73.8189,1e+06,9.31,37.7,380000 4312000,22.5,Suitable,dodgerblue,YES,236.12098,2679.351752,71.4576649999999
380000,4312000,CB4MH,1.64042,1e+06,11.36,43.7,380000 4312000,0.5,Suitable,dodgerblue,YES,236.12098,2679.351752,71.4576649999999
380000,4312000,CB4MH,83.66142,1e+06,9.4,37.4,380000 4312000,25.5,Suitable,dodgerblue,YES,236.12098,2679.351752,71.4576649999999
380000,4312000,CB4MH,86.94226,1e+06,9.4,37.4,380000 4312000,26.5,Suitable,dodgerblue,YES,236.12098,2679.351752,71.4576649999999
380000,4312000,CB4MH,44.29134,1e+06,9.86,39.3,380000 4312000,13.5,Suitable,dodgerblue,YES,236.12098,2679.351752,71.4576649999999
380000,4312000,CB4MH,70.53806,1e+06,9.32,37.7,380000 4312000,21.5,Suitable,dodgerblue,YES,236.12098,2679.351752,71.4576649999999
380000,4312000,CB4MH,14.76378,1e+06,11.09,43.3,380000 4312000,4.5,Suitable,dodgerblue,YES,236.12098,2679.351752,71.4576649999999
380000,4312000,CB4MH,21.32546,1e+06,10.91,43,380000 4312000,6.5,Suitable,dodgerblue,YES,236.12098,2679.351752,71.4576649999999
380000,4312000,CB4MH,47.57218,1e+06,9.81,39.2,380000 4312000,14.5,Suitable,dodgerblue,YES,236.12098,2679.351752,71.4576649999999
380000,4312000,CB4MH,93.50394,1e+06,9.32,37.4,380000 4312000,28.5,Suitable,dodgerblue,YES,236.12098,2679.351752,71.4576649999999
380000,4312000,CB4MH,57.4147,1e+06,9.47,38.2,380000 4312000,17.5,Suitable,dodgerblue,YES,236.12098,2679.351752,71.4576649999999
380000,4312000,CB4MH,96.78478,1e+06,9.3,37.4,380000 4312000,29.5,Suitable,dodgerblue,YES,236.12098,2679.351752,71.4576649999999
380000,4312000,CB4MH,24.6063,1e+06,10.78,42.6,380000 4312000,7.5,Suitable,dodgerblue,YES,236.12098,2679.351752,71.4576649999999
380000,4313000,CB4MH,86.94226,1e+06,9.4,37.4,380000 4313000,26.5,Suitable,dodgerblue,YES,236.12098,2679.973123,72.0790360000001
380000,4313000,CB4MH,1.64042,1e+06,11.37,43.6,380000 4313000,0.5,Suitable,dodgerblue,YES,236.12098,2679.973123,72.0790360000001
380000,4313000,CB4MH,24.6063,1e+06,10.78,42.5,380000 4313000,7.5,Suitable,dodgerblue,YES,236.12098,2679.973123,72.0790360000001
380000,4313000,CB4MH,57.4147,1e+06,9.41,38.1,380000 4313000,17.5,Suitable,dodgerblue,YES,236.12098,2679.973123,72.0790360000001
380000,4313000,CB4MH,44.29134,1e+06,9.81,39.1,380000 4313000,13.5,Suitable,dodgerblue,YES,236.12098,2679.973123,72.0790360000001
380000,4313000,CB4MH,14.76378,1e+06,11.1,43.2,380000 4313000,4.5,Suitable,dodgerblue,YES,236.12098,2679.973123,72.0790360000001
380000,4313000,CB4MH,34.44882,1e+06,10.2,40.9,380000 4313000,10.5,Suitable,dodgerblue,YES,236.12098,2679.973123,72.0790360000001
380000,4313000,CB4MH,31.16798,1e+06,10.43,41.8,380000 4313000,9.5,Suitable,dodgerblue,YES,236.12098,2679.973123,72.0790360000001
380000,4313000,CB4MH,90.2231,1e+06,9.38,37.4,380000 4313000,27.5,Suitable,dodgerblue,YES,236.12098,2679.973123,72.0790360000001
380000,4313000,CB4MH,47.57218,1e+06,9.76,39.1,380000 4313000,14.5,Suitable,dodgerblue,YES,236.12098,2679.973123,72.0790360000001
380000,4313000,CB4MH,37.72966,1e+06,10.09,40.2,380000 4313000,11.5,Suitable,dodgerblue,YES,236.12098,2679.973123,72.0790360000001
380000,4313000,CB4MH,77.09974,1e+06,9.31,37.6,380000 4313000,23.5,Suitable,dodgerblue,YES,236.12098,2679.973123,72.0790360000001
380000,4313000,CB4MH,41.0105,1e+06,9.86,39.2,380000 4313000,12.5,Suitable,dodgerblue,YES,236.12098,2679.973123,72.0790360000001
380000,4313000,CB4MH,63.97638,1e+06,9.3,37.7,380000 4313000,19.5,Suitable,dodgerblue,YES,236.12098,2679.973123,72.0790360000001
380000,4313000,CB4MH,27.88714,1e+06,10.77,42.8,380000 4313000,8.5,Suitable,dodgerblue,YES,236.12098,2679.973123,72.0790360000001
380000,4313000,CB4MH,54.13386,1e+06,9.52,38.3,380000 4313000,16.5,Suitable,dodgerblue,YES,236.12098,2679.973123,72.0790360000001
380000,4313000,CB4MH,60.69554,1e+06,9.34,37.9,380000 4313000,18.5,Suitable,dodgerblue,YES,236.12098,2679.973123,72.0790360000001
380000,4313000,CB4MH,11.48294,1e+06,11.2,43.3,380000 4313000,3.5,Suitable,dodgerblue,YES,236.12098,2679.973123,72.0790360000001
380000,4313000,CB4MH,73.8189,1e+06,9.27,37.7,380000 4313000,22.5,Suitable,dodgerblue,YES,236.12098,2679.973123,72.0790360000001
380000,4313000,CB4MH,80.38058,1e+06,9.45,37.5,380000 4313000,24.5,Suitable,dodgerblue,YES,236.12098,2679.973123,72.0790360000001
380000,4313000,CB4MH,83.66142,1e+06,9.4,37.4,380000 4313000,25.5,Suitable,dodgerblue,YES,236.12098,2679.973123,72.0790360000001
380000,4313000,CB4MH,21.32546,1e+06,10.91,42.8,380000 4313000,6.5,Suitable,dodgerblue,YES,236.12098,2679.973123,72.0790360000001
380000,4313000,CB4MH,70.53806,1e+06,9.28,37.7,380000 4313000,21.5,Suitable,dodgerblue,YES,236.12098,2679.973123,72.0790360000001
380000,4313000,CB4MH,67.25722,1e+06,9.29,37.7,380000 4313000,20.5,Suitable,dodgerblue,YES,236.12098,2679.973123,72.0790360000001
380000,4313000,CB4MH,4.92126,1e+06,11.34,43.5,380000 4313000,1.5,Suitable,dodgerblue,YES,236.12098,2679.973123,72.0790360000001
380000,4313000,CB4MH,8.2021,1e+06,11.27,43.4,380000 4313000,2.5,Suitable,dodgerblue,YES,236.12098,2679.973123,72.0790360000001
380000,4313000,CB4MH,18.04462,1e+06,11,43,380000 4313000,5.5,Suitable,dodgerblue,YES,236.12098,2679.973123,72.0790360000001
380000,4313000,CB4MH,50.85302,1e+06,9.66,38.7,380000 4313000,15.5,Suitable,dodgerblue,YES,236.12098,2679.973123,72.0790360000001
380000,4323000,CB3MH,37.72966,1e+06,9.83,40.8,380000 4323000,11.5,Suitable,dodgerblue,YES,236.12098,2686.186833,78.2927460000001
380000,4323000,CB3MH,41.0105,1e+06,9.79,40.5,380000 4323000,12.5,Suitable,dodgerblue,YES,236.12098,2686.186833,78.2927460000001
380000,4323000,CB3MH,11.48294,1e+06,11.16,43.5,380000 4323000,3.5,Suitable,dodgerblue,YES,236.12098,2686.186833,78.2927460000001
380000,4323000,CB3MH,4.92126,1e+06,11.34,43.8,380000 4323000,1.5,Suitable,dodgerblue,YES,236.12098,2686.186833,78.2927460000001
380000,4323000,CB3MH,21.32546,1e+06,10.77,42.8,380000 4323000,6.5,Suitable,dodgerblue,YES,236.12098,2686.186833,78.2927460000001
380000,4323000,CB3MH,31.16798,1e+06,10.17,42.3,380000 4323000,9.5,Suitable,dodgerblue,YES,236.12098,2686.186833,78.2927460000001
380000,4323000,CB3MH,1.64042,1e+06,11.38,43.9,380000 4323000,0.5,Suitable,dodgerblue,YES,236.12098,2686.186833,78.2927460000001
380000,4323000,CB3MH,18.04462,1e+06,10.87,43,380000 4323000,5.5,Suitable,dodgerblue,YES,236.12098,2686.186833,78.2927460000001
380000,4323000,CB3MH,8.2021,1e+06,11.26,43.7,380000 4323000,2.5,Suitable,dodgerblue,YES,236.12098,2686.186833,78.2927460000001
380000,4323000,CB3MH,24.6063,1e+06,10.5,42.5,380000 4323000,7.5,Suitable,dodgerblue,YES,236.12098,2686.186833,78.2927460000001
380000,4323000,CB3MH,14.76378,1e+06,11.01,43.3,380000 4323000,4.5,Suitable,dodgerblue,YES,236.12098,2686.186833,78.2927460000001
380000,4323000,CB3MH,27.88714,1e+06,10.43,43,380000 4323000,8.5,Suitable,dodgerblue,YES,236.12098,2686.186833,78.2927460000001
380000,4323000,CB3MH,34.44882,1e+06,9.99,41.5,380000 4323000,10.5,Suitable,dodgerblue,YES,236.12098,2686.186833,78.2927460000001
381000,4255000,CB4MH,1.64042,1e+06,11.47,42.6,381000 4255000,0.5,Suitable,dodgerblue,YES,236.742351,2643.933605,36.039518
381000,4255000,CB4MH,11.48294,1e+06,11.39,42.4,381000 4255000,3.5,Suitable,dodgerblue,YES,236.742351,2643.933605,36.039518
381000,4255000,CB4MH,50.85302,1e+06,10.77,40.5,381000 4255000,15.5,Suitable,dodgerblue,YES,236.742351,2643.933605,36.039518
381000,4255000,CB4MH,4.92126,1e+06,11.43,42.5,381000 4255000,1.5,Suitable,dodgerblue,YES,236.742351,2643.933605,36.039518
381000,4255000,CB4MH,8.2021,1e+06,11.39,42.4,381000 4255000,2.5,Suitable,dodgerblue,YES,236.742351,2643.933605,36.039518
381000,4255000,CB4MH,41.0105,1e+06,11.03,41.3,381000 4255000,12.5,Suitable,dodgerblue,YES,236.742351,2643.933605,36.039518
381000,4255000,CB4MH,47.57218,1e+06,10.83,40.7,381000 4255000,14.5,Suitable,dodgerblue,YES,236.742351,2643.933605,36.039518
381000,4255000,CB4MH,18.04462,1e+06,11.3,42.4,381000 4255000,5.5,Suitable,dodgerblue,YES,236.742351,2643.933605,36.039518
381000,4255000,CB4MH,31.16798,1e+06,11.19,42.4,381000 4255000,9.5,Suitable,dodgerblue,YES,236.742351,2643.933605,36.039518
381000,4255000,CB4MH,34.44882,1e+06,11.18,42,381000 4255000,10.5,Suitable,dodgerblue,YES,236.742351,2643.933605,36.039518
381000,4255000,CB4MH,37.72966,1e+06,11.13,41.6,381000 4255000,11.5,Suitable,dodgerblue,YES,236.742351,2643.933605,36.039518
381000,4255000,CB4MH,27.88714,1e+06,11.16,42.5,381000 4255000,8.5,Suitable,dodgerblue,YES,236.742351,2643.933605,36.039518
381000,4255000,CB4MH,14.76378,1e+06,11.34,42.5,381000 4255000,4.5,Suitable,dodgerblue,YES,236.742351,2643.933605,36.039518
381000,4255000,CB4MH,73.8189,1e+06,10.26,39,381000 4255000,22.5,Suitable,dodgerblue,YES,236.742351,2643.933605,36.039518
381000,4255000,CB4MH,67.25722,1e+06,10.51,39.9,381000 4255000,20.5,Suitable,dodgerblue,YES,236.742351,2643.933605,36.039518
381000,4255000,CB4MH,80.38058,1e+06,9.94,38.1,381000 4255000,24.5,Suitable,dodgerblue,YES,236.742351,2643.933605,36.039518
381000,4255000,CB4MH,70.53806,1e+06,10.35,39.4,381000 4255000,21.5,Suitable,dodgerblue,YES,236.742351,2643.933605,36.039518
381000,4255000,CB4MH,44.29134,1e+06,10.93,40.9,381000 4255000,13.5,Suitable,dodgerblue,YES,236.742351,2643.933605,36.039518
381000,4255000,CB4MH,24.6063,1e+06,11.29,42.2,381000 4255000,7.5,Suitable,dodgerblue,YES,236.742351,2643.933605,36.039518
381000,4255000,CB4MH,57.4147,1e+06,10.73,40.3,381000 4255000,17.5,Suitable,dodgerblue,YES,236.742351,2643.933605,36.039518
381000,4255000,CB4MH,54.13386,1e+06,10.75,40.4,381000 4255000,16.5,Suitable,dodgerblue,YES,236.742351,2643.933605,36.039518
381000,4255000,CB4MH,63.97638,1e+06,10.6,40.2,381000 4255000,19.5,Suitable,dodgerblue,YES,236.742351,2643.933605,36.039518
381000,4255000,CB4MH,60.69554,1e+06,10.67,40.3,381000 4255000,18.5,Suitable,dodgerblue,YES,236.742351,2643.933605,36.039518
381000,4255000,CB4MH,83.66142,1e+06,9.71,37.5,381000 4255000,25.5,Suitable,dodgerblue,YES,236.742351,2643.933605,36.039518
381000,4255000,CB4MH,77.09974,1e+06,10.21,38.7,381000 4255000,23.5,Suitable,dodgerblue,YES,236.742351,2643.933605,36.039518
381000,4255000,CB4MH,21.32546,1e+06,11.3,42.3,381000 4255000,6.5,Suitable,dodgerblue,YES,236.742351,2643.933605,36.039518
381000,4256000,CB4MH,77.09974,1e+06,10.2,38.6,381000 4256000,23.5,Suitable,dodgerblue,YES,236.742351,2644.554976,36.6608889999998
381000,4256000,CB4MH,90.2231,1e+06,9.69,37.4,381000 4256000,27.5,Suitable,dodgerblue,YES,236.742351,2644.554976,36.6608889999998
381000,4256000,CB4MH,54.13386,1e+06,10.71,40.3,381000 4256000,16.5,Suitable,dodgerblue,YES,236.742351,2644.554976,36.6608889999998
381000,4256000,CB4MH,24.6063,1e+06,11.3,42.3,381000 4256000,7.5,Suitable,dodgerblue,YES,236.742351,2644.554976,36.6608889999998
381000,4256000,CB4MH,57.4147,1e+06,10.69,40.2,381000 4256000,17.5,Suitable,dodgerblue,YES,236.742351,2644.554976,36.6608889999998
381000,4256000,CB4MH,18.04462,1e+06,11.3,42.5,381000 4256000,5.5,Suitable,dodgerblue,YES,236.742351,2644.554976,36.6608889999998
381000,4256000,CB4MH,21.32546,1e+06,11.3,42.4,381000 4256000,6.5,Suitable,dodgerblue,YES,236.742351,2644.554976,36.6608889999998
381000,4256000,CB4MH,63.97638,1e+06,10.55,40.1,381000 4256000,19.5,Suitable,dodgerblue,YES,236.742351,2644.554976,36.6608889999998
381000,4256000,CB4MH,60.69554,1e+06,10.62,40.1,381000 4256000,18.5,Suitable,dodgerblue,YES,236.742351,2644.554976,36.6608889999998
381000,4256000,CB4MH,27.88714,1e+06,11.13,42.6,381000 4256000,8.5,Suitable,dodgerblue,YES,236.742351,2644.554976,36.6608889999998
381000,4256000,CB4MH,93.50394,1e+06,9.69,37.4,381000 4256000,28.5,Suitable,dodgerblue,YES,236.742351,2644.554976,36.6608889999998
381000,4256000,CB4MH,67.25722,1e+06,10.46,39.8,381000 4256000,20.5,Suitable,dodgerblue,YES,236.742351,2644.554976,36.6608889999998
381000,4256000,CB4MH,86.94226,1e+06,9.71,37.4,381000 4256000,26.5,Suitable,dodgerblue,YES,236.742351,2644.554976,36.6608889999998
381000,4256000,CB4MH,4.92126,1e+06,11.43,42.5,381000 4256000,1.5,Suitable,dodgerblue,YES,236.742351,2644.554976,36.6608889999998
381000,4256000,CB4MH,11.48294,1e+06,11.39,42.5,381000 4256000,3.5,Suitable,dodgerblue,YES,236.742351,2644.554976,36.6608889999998
381000,4256000,CB4MH,83.66142,1e+06,9.72,37.5,381000 4256000,25.5,Suitable,dodgerblue,YES,236.742351,2644.554976,36.6608889999998
381000,4256000,CB4MH,41.0105,1e+06,11.02,41.3,381000 4256000,12.5,Suitable,dodgerblue,YES,236.742351,2644.554976,36.6608889999998
381000,4256000,CB4MH,37.72966,1e+06,11.11,41.6,381000 4256000,11.5,Suitable,dodgerblue,YES,236.742351,2644.554976,36.6608889999998
381000,4256000,CB4MH,14.76378,1e+06,11.34,42.5,381000 4256000,4.5,Suitable,dodgerblue,YES,236.742351,2644.554976,36.6608889999998
381000,4256000,CB4MH,1.64042,1e+06,11.47,42.6,381000 4256000,0.5,Suitable,dodgerblue,YES,236.742351,2644.554976,36.6608889999998
381000,4256000,CB4MH,44.29134,1e+06,10.92,40.9,381000 4256000,13.5,Suitable,dodgerblue,YES,236.742351,2644.554976,36.6608889999998
381000,4256000,CB4MH,34.44882,1e+06,11.17,42.1,381000 4256000,10.5,Suitable,dodgerblue,YES,236.742351,2644.554976,36.6608889999998
381000,4256000,CB4MH,31.16798,1e+06,11.18,42.4,381000 4256000,9.5,Suitable,dodgerblue,YES,236.742351,2644.554976,36.6608889999998
381000,4256000,CB4MH,80.38058,1e+06,9.94,38,381000 4256000,24.5,Suitable,dodgerblue,YES,236.742351,2644.554976,36.6608889999998
381000,4256000,CB4MH,8.2021,1e+06,11.4,42.5,381000 4256000,2.5,Suitable,dodgerblue,YES,236.742351,2644.554976,36.6608889999998
381000,4256000,CB4MH,50.85302,1e+06,10.75,40.4,381000 4256000,15.5,Suitable,dodgerblue,YES,236.742351,2644.554976,36.6608889999998
381000,4256000,CB4MH,73.8189,1e+06,10.24,38.9,381000 4256000,22.5,Suitable,dodgerblue,YES,236.742351,2644.554976,36.6608889999998
381000,4256000,CB4MH,47.57218,1e+06,10.82,40.7,381000 4256000,14.5,Suitable,dodgerblue,YES,236.742351,2644.554976,36.6608889999998
381000,4256000,CB4MH,70.53806,1e+06,10.33,39.3,381000 4256000,21.5,Suitable,dodgerblue,YES,236.742351,2644.554976,36.6608889999998
381000,4314000,CB4MH,21.32546,1e+06,10.98,42.6,381000 4314000,6.5,Suitable,dodgerblue,YES,236.742351,2680.594494,72.7004069999998
381000,4314000,CB4MH,57.4147,1e+06,9.34,38,381000 4314000,17.5,Suitable,dodgerblue,YES,236.742351,2680.594494,72.7004069999998
381000,4314000,CB4MH,4.92126,1e+06,11.37,43.3,381000 4314000,1.5,Suitable,dodgerblue,YES,236.742351,2680.594494,72.7004069999998
381000,4314000,CB4MH,11.48294,1e+06,11.24,43,381000 4314000,3.5,Suitable,dodgerblue,YES,236.742351,2680.594494,72.7004069999998
381000,4314000,CB4MH,41.0105,1e+06,9.8,39.1,381000 4314000,12.5,Suitable,dodgerblue,YES,236.742351,2680.594494,72.7004069999998
381000,4314000,CB4MH,24.6063,1e+06,10.81,42.5,381000 4314000,7.5,Suitable,dodgerblue,YES,236.742351,2680.594494,72.7004069999998
381000,4314000,CB4MH,47.57218,1e+06,9.7,38.9,381000 4314000,14.5,Suitable,dodgerblue,YES,236.742351,2680.594494,72.7004069999998
381000,4314000,CB4MH,27.88714,1e+06,10.76,42.6,381000 4314000,8.5,Suitable,dodgerblue,YES,236.742351,2680.594494,72.7004069999998
381000,4314000,CB4MH,18.04462,1e+06,11.06,42.8,381000 4314000,5.5,Suitable,dodgerblue,YES,236.742351,2680.594494,72.7004069999998
381000,4314000,CB4MH,60.69554,1e+06,9.28,37.8,381000 4314000,18.5,Suitable,dodgerblue,YES,236.742351,2680.594494,72.7004069999998
381000,4314000,CB4MH,77.09974,1e+06,9.28,37.6,381000 4314000,23.5,Suitable,dodgerblue,YES,236.742351,2680.594494,72.7004069999998
381000,4314000,CB4MH,70.53806,1e+06,9.24,37.6,381000 4314000,21.5,Suitable,dodgerblue,YES,236.742351,2680.594494,72.7004069999998
381000,4314000,CB4MH,1.64042,1e+06,11.4,43.3,381000 4314000,0.5,Suitable,dodgerblue,YES,236.742351,2680.594494,72.7004069999998
381000,4314000,CB4MH,8.2021,1e+06,11.31,43.2,381000 4314000,2.5,Suitable,dodgerblue,YES,236.742351,2680.594494,72.7004069999998
381000,4314000,CB4MH,31.16798,1e+06,10.37,41.7,381000 4314000,9.5,Suitable,dodgerblue,YES,236.742351,2680.594494,72.7004069999998
381000,4314000,CB4MH,44.29134,1e+06,9.75,39,381000 4314000,13.5,Suitable,dodgerblue,YES,236.742351,2680.594494,72.7004069999998
381000,4314000,CB4MH,63.97638,1e+06,9.25,37.7,381000 4314000,19.5,Suitable,dodgerblue,YES,236.742351,2680.594494,72.7004069999998
381000,4314000,CB4MH,54.13386,1e+06,9.46,38.1,381000 4314000,16.5,Suitable,dodgerblue,YES,236.742351,2680.594494,72.7004069999998
381000,4314000,CB4MH,34.44882,1e+06,10.11,40.5,381000 4314000,10.5,Suitable,dodgerblue,YES,236.742351,2680.594494,72.7004069999998
381000,4314000,CB4MH,50.85302,1e+06,9.6,38.5,381000 4314000,15.5,Suitable,dodgerblue,YES,236.742351,2680.594494,72.7004069999998
381000,4314000,CB4MH,14.76378,1e+06,11.15,42.9,381000 4314000,4.5,Suitable,dodgerblue,YES,236.742351,2680.594494,72.7004069999998
381000,4314000,CB4MH,67.25722,1e+06,9.24,37.6,381000 4314000,20.5,Suitable,dodgerblue,YES,236.742351,2680.594494,72.7004069999998
381000,4314000,CB4MH,80.38058,1e+06,9.45,37.5,381000 4314000,24.5,Suitable,dodgerblue,YES,236.742351,2680.594494,72.7004069999998
381000,4314000,CB4MH,73.8189,1e+06,9.24,37.6,381000 4314000,22.5,Suitable,dodgerblue,YES,236.742351,2680.594494,72.7004069999998
381000,4314000,CB4MH,37.72966,1e+06,9.98,39.8,381000 4314000,11.5,Suitable,dodgerblue,YES,236.742351,2680.594494,72.7004069999998
381000,4315000,CB4MH,70.53806,1e+06,9.22,37.6,381000 4315000,21.5,Suitable,dodgerblue,YES,236.742351,2681.215865,73.321778
381000,4315000,CB4MH,67.25722,1e+06,9.22,37.6,381000 4315000,20.5,Suitable,dodgerblue,YES,236.742351,2681.215865,73.321778
381000,4315000,CB4MH,77.09974,1e+06,9.26,37.6,381000 4315000,23.5,Suitable,dodgerblue,YES,236.742351,2681.215865,73.321778
381000,4315000,CB4MH,24.6063,1e+06,10.82,42.5,381000 4315000,7.5,Suitable,dodgerblue,YES,236.742351,2681.215865,73.321778
381000,4315000,CB4MH,27.88714,1e+06,10.76,42.5,381000 4315000,8.5,Suitable,dodgerblue,YES,236.742351,2681.215865,73.321778
381000,4315000,CB4MH,63.97638,1e+06,9.22,37.6,381000 4315000,19.5,Suitable,dodgerblue,YES,236.742351,2681.215865,73.321778
381000,4315000,CB4MH,18.04462,1e+06,11.07,42.8,381000 4315000,5.5,Suitable,dodgerblue,YES,236.742351,2681.215865,73.321778
381000,4315000,CB4MH,31.16798,1e+06,10.34,41.5,381000 4315000,9.5,Suitable,dodgerblue,YES,236.742351,2681.215865,73.321778
381000,4315000,CB4MH,73.8189,1e+06,9.22,37.6,381000 4315000,22.5,Suitable,dodgerblue,YES,236.742351,2681.215865,73.321778
381000,4315000,CB4MH,4.92126,1e+06,11.38,43.2,381000 4315000,1.5,Suitable,dodgerblue,YES,236.742351,2681.215865,73.321778
381000,4315000,CB4MH,54.13386,1e+06,9.43,38.1,381000 4315000,16.5,Suitable,dodgerblue,YES,236.742351,2681.215865,73.321778
381000,4315000,CB4MH,21.32546,1e+06,10.98,42.6,381000 4315000,6.5,Suitable,dodgerblue,YES,236.742351,2681.215865,73.321778
381000,4315000,CB4MH,37.72966,1e+06,9.93,39.6,381000 4315000,11.5,Suitable,dodgerblue,YES,236.742351,2681.215865,73.321778
381000,4315000,CB4MH,50.85302,1e+06,9.58,38.5,381000 4315000,15.5,Suitable,dodgerblue,YES,236.742351,2681.215865,73.321778
381000,4315000,CB4MH,34.44882,1e+06,10.06,40.3,381000 4315000,10.5,Suitable,dodgerblue,YES,236.742351,2681.215865,73.321778
381000,4315000,CB4MH,57.4147,1e+06,9.31,38,381000 4315000,17.5,Suitable,dodgerblue,YES,236.742351,2681.215865,73.321778
381000,4315000,CB4MH,41.0105,1e+06,9.78,39,381000 4315000,12.5,Suitable,dodgerblue,YES,236.742351,2681.215865,73.321778
381000,4315000,CB4MH,14.76378,1e+06,11.17,42.9,381000 4315000,4.5,Suitable,dodgerblue,YES,236.742351,2681.215865,73.321778
381000,4315000,CB4MH,8.2021,1e+06,11.32,43.1,381000 4315000,2.5,Suitable,dodgerblue,YES,236.742351,2681.215865,73.321778
381000,4315000,CB4MH,60.69554,1e+06,9.25,37.7,381000 4315000,18.5,Suitable,dodgerblue,YES,236.742351,2681.215865,73.321778
381000,4315000,CB4MH,1.64042,1e+06,11.4,43.3,381000 4315000,0.5,Suitable,dodgerblue,YES,236.742351,2681.215865,73.321778
381000,4315000,CB4MH,11.48294,1e+06,11.26,43,381000 4315000,3.5,Suitable,dodgerblue,YES,236.742351,2681.215865,73.321778
381000,4315000,CB4MH,44.29134,1e+06,9.73,38.9,381000 4315000,13.5,Suitable,dodgerblue,YES,236.742351,2681.215865,73.321778
381000,4315000,CB4MH,47.57218,1e+06,9.68,38.9,381000 4315000,14.5,Suitable,dodgerblue,YES,236.742351,2681.215865,73.321778
381000,4320000,CB3MH,14.76378,1e+06,11.05,42.8,381000 4320000,4.5,Suitable,dodgerblue,YES,236.742351,2684.32272,76.428633
381000,4320000,CB3MH,24.6063,1e+06,10.62,42,381000 4320000,7.5,Suitable,dodgerblue,YES,236.742351,2684.32272,76.428633
381000,4320000,CB3MH,8.2021,1e+06,11.27,43.2,381000 4320000,2.5,Suitable,dodgerblue,YES,236.742351,2684.32272,76.428633
381000,4320000,CB3MH,11.48294,1e+06,11.18,43,381000 4320000,3.5,Suitable,dodgerblue,YES,236.742351,2684.32272,76.428633
381000,4320000,CB3MH,37.72966,1e+06,9.85,39.7,381000 4320000,11.5,Suitable,dodgerblue,YES,236.742351,2684.32272,76.428633
381000,4320000,CB3MH,47.57218,1e+06,9.67,39.1,381000 4320000,14.5,Suitable,dodgerblue,YES,236.742351,2684.32272,76.428633
381000,4320000,CB3MH,21.32546,1e+06,10.81,42.4,381000 4320000,6.5,Suitable,dodgerblue,YES,236.742351,2684.32272,76.428633
381000,4320000,CB3MH,44.29134,1e+06,9.73,39.2,381000 4320000,13.5,Suitable,dodgerblue,YES,236.742351,2684.32272,76.428633
381000,4320000,CB3MH,4.92126,1e+06,11.36,43.3,381000 4320000,1.5,Suitable,dodgerblue,YES,236.742351,2684.32272,76.428633
381000,4320000,CB3MH,1.64042,1e+06,11.4,43.4,381000 4320000,0.5,Suitable,dodgerblue,YES,236.742351,2684.32272,76.428633
381000,4320000,CB3MH,27.88714,1e+06,10.67,42.6,381000 4320000,8.5,Suitable,dodgerblue,YES,236.742351,2684.32272,76.428633
381000,4320000,CB3MH,34.44882,1e+06,10.01,40.5,381000 4320000,10.5,Suitable,dodgerblue,YES,236.742351,2684.32272,76.428633
381000,4320000,CB3MH,18.04462,1e+06,10.91,42.6,381000 4320000,5.5,Suitable,dodgerblue,YES,236.742351,2684.32272,76.428633
381000,4320000,CB3MH,41.0105,1e+06,9.78,39.3,381000 4320000,12.5,Suitable,dodgerblue,YES,236.742351,2684.32272,76.428633
381000,4320000,CB3MH,31.16798,1e+06,10.28,41.7,381000 4320000,9.5,Suitable,dodgerblue,YES,236.742351,2684.32272,76.428633
381000,4321000,CB3MH,47.57218,1e+06,9.68,39.3,381000 4321000,14.5,Suitable,dodgerblue,YES,236.742351,2684.944091,77.0500039999997
381000,4321000,CB3MH,24.6063,1e+06,10.63,42.2,381000 4321000,7.5,Suitable,dodgerblue,YES,236.742351,2684.944091,77.0500039999997
381000,4321000,CB3MH,1.64042,1e+06,11.39,43.5,381000 4321000,0.5,Suitable,dodgerblue,YES,236.742351,2684.944091,77.0500039999997
381000,4321000,CB3MH,18.04462,1e+06,10.92,42.7,381000 4321000,5.5,Suitable,dodgerblue,YES,236.742351,2684.944091,77.0500039999997
381000,4321000,CB3MH,34.44882,1e+06,10.01,40.8,381000 4321000,10.5,Suitable,dodgerblue,YES,236.742351,2684.944091,77.0500039999997
381000,4321000,CB3MH,50.85302,1e+06,9.59,38.5,381000 4321000,15.5,Suitable,dodgerblue,YES,236.742351,2684.944091,77.0500039999997
381000,4321000,CB3MH,8.2021,1e+06,11.27,43.2,381000 4321000,2.5,Suitable,dodgerblue,YES,236.742351,2684.944091,77.0500039999997
381000,4321000,CB3MH,44.29134,1e+06,9.72,39.4,381000 4321000,13.5,Suitable,dodgerblue,YES,236.742351,2684.944091,77.0500039999997
381000,4321000,CB3MH,21.32546,1e+06,10.83,42.5,381000 4321000,6.5,Suitable,dodgerblue,YES,236.742351,2684.944091,77.0500039999997
381000,4321000,CB3MH,27.88714,1e+06,10.61,42.7,381000 4321000,8.5,Suitable,dodgerblue,YES,236.742351,2684.944091,77.0500039999997
381000,4321000,CB3MH,31.16798,1e+06,10.25,41.8,381000 4321000,9.5,Suitable,dodgerblue,YES,236.742351,2684.944091,77.0500039999997
381000,4321000,CB3MH,4.92126,1e+06,11.36,43.4,381000 4321000,1.5,Suitable,dodgerblue,YES,236.742351,2684.944091,77.0500039999997
381000,4321000,CB3MH,41.0105,1e+06,9.78,39.6,381000 4321000,12.5,Suitable,dodgerblue,YES,236.742351,2684.944091,77.0500039999997
381000,4321000,CB3MH,14.76378,1e+06,11.05,42.9,381000 4321000,4.5,Suitable,dodgerblue,YES,236.742351,2684.944091,77.0500039999997
381000,4321000,CB3MH,11.48294,1e+06,11.18,43.1,381000 4321000,3.5,Suitable,dodgerblue,YES,236.742351,2684.944091,77.0500039999997
381000,4321000,CB3MH,37.72966,1e+06,9.85,39.9,381000 4321000,11.5,Suitable,dodgerblue,YES,236.742351,2684.944091,77.0500039999997
382000,4253000,CB4MH,73.8189,1e+06,10.3,39.1,382000 4253000,22.5,Suitable,dodgerblue,YES,237.363722,2642.690863,34.7967760000001
382000,4253000,CB4MH,47.57218,1e+06,10.85,40.7,382000 4253000,14.5,Suitable,dodgerblue,YES,237.363722,2642.690863,34.7967760000001
382000,4253000,CB4MH,63.97638,1e+06,10.69,40.5,382000 4253000,19.5,Suitable,dodgerblue,YES,237.363722,2642.690863,34.7967760000001
382000,4253000,CB4MH,67.25722,1e+06,10.59,40.2,382000 4253000,20.5,Suitable,dodgerblue,YES,237.363722,2642.690863,34.7967760000001
382000,4253000,CB4MH,80.38058,1e+06,9.95,38.1,382000 4253000,24.5,Suitable,dodgerblue,YES,237.363722,2642.690863,34.7967760000001
382000,4253000,CB4MH,77.09974,1e+06,10.25,38.8,382000 4253000,23.5,Suitable,dodgerblue,YES,237.363722,2642.690863,34.7967760000001
382000,4253000,CB4MH,70.53806,1e+06,10.4,39.6,382000 4253000,21.5,Suitable,dodgerblue,YES,237.363722,2642.690863,34.7967760000001
382000,4253000,CB4MH,24.6063,1e+06,11.22,42.4,382000 4253000,7.5,Suitable,dodgerblue,YES,237.363722,2642.690863,34.7967760000001
382000,4253000,CB4MH,18.04462,1e+06,11.22,42.6,382000 4253000,5.5,Suitable,dodgerblue,YES,237.363722,2642.690863,34.7967760000001
382000,4253000,CB4MH,44.29134,1e+06,10.95,40.9,382000 4253000,13.5,Suitable,dodgerblue,YES,237.363722,2642.690863,34.7967760000001
382000,4253000,CB4MH,14.76378,1e+06,11.27,42.6,382000 4253000,4.5,Suitable,dodgerblue,YES,237.363722,2642.690863,34.7967760000001
382000,4253000,CB4MH,57.4147,1e+06,10.79,40.5,382000 4253000,17.5,Suitable,dodgerblue,YES,237.363722,2642.690863,34.7967760000001
382000,4253000,CB4MH,31.16798,1e+06,11.2,42.4,382000 4253000,9.5,Suitable,dodgerblue,YES,237.363722,2642.690863,34.7967760000001
382000,4253000,CB4MH,34.44882,1e+06,11.2,42,382000 4253000,10.5,Suitable,dodgerblue,YES,237.363722,2642.690863,34.7967760000001
382000,4253000,CB4MH,4.92126,1e+06,11.36,42.6,382000 4253000,1.5,Suitable,dodgerblue,YES,237.363722,2642.690863,34.7967760000001
382000,4253000,CB4MH,54.13386,1e+06,10.79,40.5,382000 4253000,16.5,Suitable,dodgerblue,YES,237.363722,2642.690863,34.7967760000001
382000,4253000,CB4MH,50.85302,1e+06,10.8,40.5,382000 4253000,15.5,Suitable,dodgerblue,YES,237.363722,2642.690863,34.7967760000001
382000,4253000,CB4MH,21.32546,1e+06,11.22,42.5,382000 4253000,6.5,Suitable,dodgerblue,YES,237.363722,2642.690863,34.7967760000001
382000,4253000,CB4MH,60.69554,1e+06,10.74,40.5,382000 4253000,18.5,Suitable,dodgerblue,YES,237.363722,2642.690863,34.7967760000001
382000,4253000,CB4MH,83.66142,1e+06,9.7,37.5,382000 4253000,25.5,Suitable,dodgerblue,YES,237.363722,2642.690863,34.7967760000001
382000,4253000,CB4MH,11.48294,1e+06,11.32,42.6,382000 4253000,3.5,Suitable,dodgerblue,YES,237.363722,2642.690863,34.7967760000001
382000,4253000,CB4MH,8.2021,1e+06,11.32,42.6,382000 4253000,2.5,Suitable,dodgerblue,YES,237.363722,2642.690863,34.7967760000001
382000,4253000,CB4MH,86.94226,1e+06,9.7,37.4,382000 4253000,26.5,Suitable,dodgerblue,YES,237.363722,2642.690863,34.7967760000001
382000,4253000,CB4MH,1.64042,1e+06,11.41,42.7,382000 4253000,0.5,Suitable,dodgerblue,YES,237.363722,2642.690863,34.7967760000001
382000,4253000,CB4MH,37.72966,1e+06,11.15,41.6,382000 4253000,11.5,Suitable,dodgerblue,YES,237.363722,2642.690863,34.7967760000001
382000,4253000,CB4MH,41.0105,1e+06,11.05,41.3,382000 4253000,12.5,Suitable,dodgerblue,YES,237.363722,2642.690863,34.7967760000001
382000,4253000,CB4MH,90.2231,1e+06,9.7,37.4,382000 4253000,27.5,Suitable,dodgerblue,YES,237.363722,2642.690863,34.7967760000001
382000,4253000,CB4MH,27.88714,1e+06,11.2,42.4,382000 4253000,8.5,Suitable,dodgerblue,YES,237.363722,2642.690863,34.7967760000001
382000,4254000,CB4MH,44.29134,1e+06,10.95,40.9,382000 4254000,13.5,Suitable,dodgerblue,YES,237.363722,2643.312234,35.4181469999999
382000,4254000,CB4MH,8.2021,1e+06,11.34,42.5,382000 4254000,2.5,Suitable,dodgerblue,YES,237.363722,2643.312234,35.4181469999999
382000,4254000,CB4MH,47.57218,1e+06,10.85,40.7,382000 4254000,14.5,Suitable,dodgerblue,YES,237.363722,2643.312234,35.4181469999999
382000,4254000,CB4MH,24.6063,1e+06,11.24,42.3,382000 4254000,7.5,Suitable,dodgerblue,YES,237.363722,2643.312234,35.4181469999999
382000,4254000,CB4MH,41.0105,1e+06,11.04,41.3,382000 4254000,12.5,Suitable,dodgerblue,YES,237.363722,2643.312234,35.4181469999999
382000,4254000,CB4MH,50.85302,1e+06,10.79,40.5,382000 4254000,15.5,Suitable,dodgerblue,YES,237.363722,2643.312234,35.4181469999999
382000,4254000,CB4MH,70.53806,1e+06,10.38,39.5,382000 4254000,21.5,Suitable,dodgerblue,YES,237.363722,2643.312234,35.4181469999999
382000,4254000,CB4MH,37.72966,1e+06,11.14,41.6,382000 4254000,11.5,Suitable,dodgerblue,YES,237.363722,2643.312234,35.4181469999999
382000,4254000,CB4MH,31.16798,1e+06,11.2,42.4,382000 4254000,9.5,Suitable,dodgerblue,YES,237.363722,2643.312234,35.4181469999999
382000,4254000,CB4MH,27.88714,1e+06,11.19,42.4,382000 4254000,8.5,Suitable,dodgerblue,YES,237.363722,2643.312234,35.4181469999999
382000,4254000,CB4MH,21.32546,1e+06,11.24,42.4,382000 4254000,6.5,Suitable,dodgerblue,YES,237.363722,2643.312234,35.4181469999999
382000,4254000,CB4MH,1.64042,1e+06,11.43,42.6,382000 4254000,0.5,Suitable,dodgerblue,YES,237.363722,2643.312234,35.4181469999999
382000,4254000,CB4MH,63.97638,1e+06,10.67,40.4,382000 4254000,19.5,Suitable,dodgerblue,YES,237.363722,2643.312234,35.4181469999999
382000,4254000,CB4MH,14.76378,1e+06,11.29,42.5,382000 4254000,4.5,Suitable,dodgerblue,YES,237.363722,2643.312234,35.4181469999999
382000,4254000,CB4MH,90.2231,1e+06,9.7,37.4,382000 4254000,27.5,Suitable,dodgerblue,YES,237.363722,2643.312234,35.4181469999999
382000,4254000,CB4MH,18.04462,1e+06,11.24,42.5,382000 4254000,5.5,Suitable,dodgerblue,YES,237.363722,2643.312234,35.4181469999999
382000,4254000,CB4MH,4.92126,1e+06,11.39,42.5,382000 4254000,1.5,Suitable,dodgerblue,YES,237.363722,2643.312234,35.4181469999999
382000,4254000,CB4MH,34.44882,1e+06,11.19,42,382000 4254000,10.5,Suitable,dodgerblue,YES,237.363722,2643.312234,35.4181469999999
382000,4254000,CB4MH,60.69554,1e+06,10.72,40.4,382000 4254000,18.5,Suitable,dodgerblue,YES,237.363722,2643.312234,35.4181469999999
382000,4254000,CB4MH,86.94226,1e+06,9.7,37.4,382000 4254000,26.5,Suitable,dodgerblue,YES,237.363722,2643.312234,35.4181469999999
382000,4254000,CB4MH,83.66142,1e+06,9.7,37.5,382000 4254000,25.5,Suitable,dodgerblue,YES,237.363722,2643.312234,35.4181469999999
382000,4254000,CB4MH,11.48294,1e+06,11.34,42.5,382000 4254000,3.5,Suitable,dodgerblue,YES,237.363722,2643.312234,35.4181469999999
382000,4254000,CB4MH,93.50394,1e+06,9.7,37.4,382000 4254000,28.5,Suitable,dodgerblue,YES,237.363722,2643.312234,35.4181469999999
382000,4254000,CB4MH,80.38058,1e+06,9.95,38.1,382000 4254000,24.5,Suitable,dodgerblue,YES,237.363722,2643.312234,35.4181469999999
382000,4254000,CB4MH,57.4147,1e+06,10.78,40.4,382000 4254000,17.5,Suitable,dodgerblue,YES,237.363722,2643.312234,35.4181469999999
382000,4254000,CB4MH,54.13386,1e+06,10.78,40.5,382000 4254000,16.5,Suitable,dodgerblue,YES,237.363722,2643.312234,35.4181469999999
382000,4254000,CB4MH,67.25722,1e+06,10.57,40.1,382000 4254000,20.5,Suitable,dodgerblue,YES,237.363722,2643.312234,35.4181469999999
382000,4254000,CB4MH,77.09974,1e+06,10.24,38.8,382000 4254000,23.5,Suitable,dodgerblue,YES,237.363722,2643.312234,35.4181469999999
382000,4254000,CB4MH,73.8189,1e+06,10.29,39.1,382000 4254000,22.5,Suitable,dodgerblue,YES,237.363722,2643.312234,35.4181469999999
382000,4316000,CB4MH,24.6063,1e+06,10.97,42.7,382000 4316000,7.5,Suitable,dodgerblue,YES,237.363722,2681.837236,73.9431489999997
382000,4316000,CB4MH,34.44882,1e+06,10.01,40.2,382000 4316000,10.5,Suitable,dodgerblue,YES,237.363722,2681.837236,73.9431489999997
382000,4316000,CB4MH,50.85302,1e+06,9.56,38.4,382000 4316000,15.5,Suitable,dodgerblue,YES,237.363722,2681.837236,73.9431489999997
382000,4316000,CB4MH,21.32546,1e+06,11.1,42.8,382000 4316000,6.5,Suitable,dodgerblue,YES,237.363722,2681.837236,73.9431489999997
382000,4316000,CB4MH,18.04462,1e+06,11.19,42.9,382000 4316000,5.5,Suitable,dodgerblue,YES,237.363722,2681.837236,73.9431489999997
382000,4316000,CB4MH,54.13386,1e+06,9.41,38,382000 4316000,16.5,Suitable,dodgerblue,YES,237.363722,2681.837236,73.9431489999997
382000,4316000,CB4MH,57.4147,1e+06,9.29,37.9,382000 4316000,17.5,Suitable,dodgerblue,YES,237.363722,2681.837236,73.9431489999997
382000,4316000,CB4MH,37.72966,1e+06,9.87,39.4,382000 4316000,11.5,Suitable,dodgerblue,YES,237.363722,2681.837236,73.9431489999997
382000,4316000,CB4MH,1.64042,1e+06,11.4,43.2,382000 4316000,0.5,Suitable,dodgerblue,YES,237.363722,2681.837236,73.9431489999997
382000,4316000,CB4MH,14.76378,1e+06,11.25,43,382000 4316000,4.5,Suitable,dodgerblue,YES,237.363722,2681.837236,73.9431489999997
382000,4316000,CB4MH,70.53806,1e+06,9.2,37.6,382000 4316000,21.5,Suitable,dodgerblue,YES,237.363722,2681.837236,73.9431489999997
382000,4316000,CB4MH,31.16798,1e+06,10.31,41.4,382000 4316000,9.5,Suitable,dodgerblue,YES,237.363722,2681.837236,73.9431489999997
382000,4316000,CB4MH,44.29134,1e+06,9.71,38.8,382000 4316000,13.5,Suitable,dodgerblue,YES,237.363722,2681.837236,73.9431489999997
382000,4316000,CB4MH,41.0105,1e+06,9.76,38.9,382000 4316000,12.5,Suitable,dodgerblue,YES,237.363722,2681.837236,73.9431489999997
382000,4316000,CB4MH,27.88714,1e+06,10.75,42.4,382000 4316000,8.5,Suitable,dodgerblue,YES,237.363722,2681.837236,73.9431489999997
382000,4316000,CB4MH,47.57218,1e+06,9.66,38.8,382000 4316000,14.5,Suitable,dodgerblue,YES,237.363722,2681.837236,73.9431489999997
382000,4316000,CB4MH,4.92126,1e+06,11.39,43.2,382000 4316000,1.5,Suitable,dodgerblue,YES,237.363722,2681.837236,73.9431489999997
382000,4316000,CB4MH,67.25722,1e+06,9.2,37.6,382000 4316000,20.5,Suitable,dodgerblue,YES,237.363722,2681.837236,73.9431489999997
382000,4316000,CB4MH,8.2021,1e+06,11.35,43.2,382000 4316000,2.5,Suitable,dodgerblue,YES,237.363722,2681.837236,73.9431489999997
382000,4316000,CB4MH,60.69554,1e+06,9.23,37.7,382000 4316000,18.5,Suitable,dodgerblue,YES,237.363722,2681.837236,73.9431489999997
382000,4316000,CB4MH,11.48294,1e+06,11.31,43.1,382000 4316000,3.5,Suitable,dodgerblue,YES,237.363722,2681.837236,73.9431489999997
382000,4316000,CB4MH,63.97638,1e+06,9.2,37.6,382000 4316000,19.5,Suitable,dodgerblue,YES,237.363722,2681.837236,73.9431489999997
382000,4317000,CB3MH,4.92126,1e+06,11.4,43.2,382000 4317000,1.5,Suitable,dodgerblue,YES,237.363722,2682.458607,74.5645199999999
382000,4317000,CB3MH,14.76378,1e+06,11.34,43.2,382000 4317000,4.5,Suitable,dodgerblue,YES,237.363722,2682.458607,74.5645199999999
382000,4317000,CB3MH,47.57218,1e+06,9.65,38.8,382000 4317000,14.5,Suitable,dodgerblue,YES,237.363722,2682.458607,74.5645199999999
382000,4317000,CB3MH,63.97638,1e+06,9.2,37.6,382000 4317000,19.5,Suitable,dodgerblue,YES,237.363722,2682.458607,74.5645199999999
382000,4317000,CB3MH,8.2021,1e+06,11.39,43.2,382000 4317000,2.5,Suitable,dodgerblue,YES,237.363722,2682.458607,74.5645199999999
382000,4317000,CB3MH,11.48294,1e+06,11.39,43.2,382000 4317000,3.5,Suitable,dodgerblue,YES,237.363722,2682.458607,74.5645199999999
382000,4317000,CB3MH,18.04462,1e+06,11.28,43.1,382000 4317000,5.5,Suitable,dodgerblue,YES,237.363722,2682.458607,74.5645199999999
382000,4317000,CB3MH,54.13386,1e+06,9.4,38,382000 4317000,16.5,Suitable,dodgerblue,YES,237.363722,2682.458607,74.5645199999999
382000,4317000,CB3MH,41.0105,1e+06,9.75,38.9,382000 4317000,12.5,Suitable,dodgerblue,YES,237.363722,2682.458607,74.5645199999999
382000,4317000,CB3MH,34.44882,1e+06,10,40.1,382000 4317000,10.5,Suitable,dodgerblue,YES,237.363722,2682.458607,74.5645199999999
382000,4317000,CB3MH,1.64042,1e+06,11.4,43.2,382000 4317000,0.5,Suitable,dodgerblue,YES,237.363722,2682.458607,74.5645199999999
382000,4317000,CB3MH,31.16798,1e+06,10.3,41.4,382000 4317000,9.5,Suitable,dodgerblue,YES,237.363722,2682.458607,74.5645199999999
382000,4317000,CB3MH,24.6063,1e+06,11.04,42.9,382000 4317000,7.5,Suitable,dodgerblue,YES,237.363722,2682.458607,74.5645199999999
382000,4317000,CB3MH,60.69554,1e+06,9.22,37.7,382000 4317000,18.5,Suitable,dodgerblue,YES,237.363722,2682.458607,74.5645199999999
382000,4317000,CB3MH,67.25722,1e+06,9.2,37.6,382000 4317000,20.5,Suitable,dodgerblue,YES,237.363722,2682.458607,74.5645199999999
382000,4317000,CB3MH,27.88714,1e+06,10.75,42.4,382000 4317000,8.5,Suitable,dodgerblue,YES,237.363722,2682.458607,74.5645199999999
382000,4317000,CB3MH,37.72966,1e+06,9.85,39.3,382000 4317000,11.5,Suitable,dodgerblue,YES,237.363722,2682.458607,74.5645199999999
382000,4317000,CB3MH,44.29134,1e+06,9.7,38.8,382000 4317000,13.5,Suitable,dodgerblue,YES,237.363722,2682.458607,74.5645199999999
382000,4317000,CB3MH,50.85302,1e+06,9.55,38.4,382000 4317000,15.5,Suitable,dodgerblue,YES,237.363722,2682.458607,74.5645199999999
382000,4317000,CB3MH,21.32546,1e+06,11.19,43,382000 4317000,6.5,Suitable,dodgerblue,YES,237.363722,2682.458607,74.5645199999999
382000,4317000,CB3MH,57.4147,1e+06,9.28,37.9,382000 4317000,17.5,Suitable,dodgerblue,YES,237.363722,2682.458607,74.5645199999999
382000,4317000,CB3MH,70.53806,1e+06,9.2,37.6,382000 4317000,21.5,Suitable,dodgerblue,YES,237.363722,2682.458607,74.5645199999999
383000,4250000,CB4MH,93.50394,1e+06,9.69,37.4,383000 4250000,28.5,Suitable,dodgerblue,YES,237.985093,2640.82675,32.9326630000001
383000,4250000,CB4MH,4.92126,1e+06,11.55,42.2,383000 4250000,1.5,Suitable,dodgerblue,YES,237.985093,2640.82675,32.9326630000001
383000,4250000,CB4MH,83.66142,1e+06,9.7,37.5,383000 4250000,25.5,Suitable,dodgerblue,YES,237.985093,2640.82675,32.9326630000001
383000,4250000,CB4MH,96.78478,1e+06,9.57,37.6,383000 4250000,29.5,Suitable,dodgerblue,YES,237.985093,2640.82675,32.9326630000001
383000,4250000,CB4MH,86.94226,1e+06,9.7,37.4,383000 4250000,26.5,Suitable,dodgerblue,YES,237.985093,2640.82675,32.9326630000001
383000,4250000,CB4MH,41.0105,1e+06,11.04,41.3,383000 4250000,12.5,Suitable,dodgerblue,YES,237.985093,2640.82675,32.9326630000001
383000,4250000,CB4MH,103.34646,1e+06,9.5,37.6,383000 4250000,31.5,Suitable,dodgerblue,YES,237.985093,2640.82675,32.9326630000001
383000,4250000,CB4MH,1.64042,1e+06,11.59,42.3,383000 4250000,0.5,Suitable,dodgerblue,YES,237.985093,2640.82675,32.9326630000001
383000,4250000,CB4MH,90.2231,1e+06,9.69,37.4,383000 4250000,27.5,Suitable,dodgerblue,YES,237.985093,2640.82675,32.9326630000001
383000,4250000,CB4MH,50.85302,1e+06,10.78,40.5,383000 4250000,15.5,Suitable,dodgerblue,YES,237.985093,2640.82675,32.9326630000001
383000,4250000,CB4MH,47.57218,1e+06,10.84,40.7,383000 4250000,14.5,Suitable,dodgerblue,YES,237.985093,2640.82675,32.9326630000001
383000,4250000,CB4MH,100.06562,1e+06,9.53,37.6,383000 4250000,30.5,Suitable,dodgerblue,YES,237.985093,2640.82675,32.9326630000001
383000,4250000,CB4MH,24.6063,1e+06,11.41,42,383000 4250000,7.5,Suitable,dodgerblue,YES,237.985093,2640.82675,32.9326630000001
383000,4250000,CB4MH,11.48294,1e+06,11.5,42.1,383000 4250000,3.5,Suitable,dodgerblue,YES,237.985093,2640.82675,32.9326630000001
383000,4250000,CB4MH,63.97638,1e+06,10.61,40.3,383000 4250000,19.5,Suitable,dodgerblue,YES,237.985093,2640.82675,32.9326630000001
383000,4250000,CB4MH,34.44882,1e+06,11.19,42,383000 4250000,10.5,Suitable,dodgerblue,YES,237.985093,2640.82675,32.9326630000001
383000,4250000,CB4MH,44.29134,1e+06,10.94,40.9,383000 4250000,13.5,Suitable,dodgerblue,YES,237.985093,2640.82675,32.9326630000001
383000,4250000,CB4MH,37.72966,1e+06,11.14,41.6,383000 4250000,11.5,Suitable,dodgerblue,YES,237.985093,2640.82675,32.9326630000001
383000,4250000,CB4MH,21.32546,1e+06,11.41,42.1,383000 4250000,6.5,Suitable,dodgerblue,YES,237.985093,2640.82675,32.9326630000001
383000,4250000,CB4MH,57.4147,1e+06,10.74,40.4,383000 4250000,17.5,Suitable,dodgerblue,YES,237.985093,2640.82675,32.9326630000001
383000,4250000,CB4MH,8.2021,1e+06,11.5,42.2,383000 4250000,2.5,Suitable,dodgerblue,YES,237.985093,2640.82675,32.9326630000001
383000,4250000,CB4MH,54.13386,1e+06,10.75,40.5,383000 4250000,16.5,Suitable,dodgerblue,YES,237.985093,2640.82675,32.9326630000001
383000,4250000,CB4MH,60.69554,1e+06,10.67,40.3,383000 4250000,18.5,Suitable,dodgerblue,YES,237.985093,2640.82675,32.9326630000001
383000,4250000,CB4MH,70.53806,1e+06,10.35,39.4,383000 4250000,21.5,Suitable,dodgerblue,YES,237.985093,2640.82675,32.9326630000001
383000,4250000,CB4MH,80.38058,1e+06,9.93,38.1,383000 4250000,24.5,Suitable,dodgerblue,YES,237.985093,2640.82675,32.9326630000001
383000,4250000,CB4MH,73.8189,1e+06,10.25,39,383000 4250000,22.5,Suitable,dodgerblue,YES,237.985093,2640.82675,32.9326630000001
383000,4250000,CB4MH,77.09974,1e+06,10.21,38.7,383000 4250000,23.5,Suitable,dodgerblue,YES,237.985093,2640.82675,32.9326630000001
383000,4250000,CB4MH,67.25722,1e+06,10.52,40,383000 4250000,20.5,Suitable,dodgerblue,YES,237.985093,2640.82675,32.9326630000001
383000,4250000,CB4MH,14.76378,1e+06,11.46,42.2,383000 4250000,4.5,Suitable,dodgerblue,YES,237.985093,2640.82675,32.9326630000001
383000,4250000,CB4MH,18.04462,1e+06,11.41,42.2,383000 4250000,5.5,Suitable,dodgerblue,YES,237.985093,2640.82675,32.9326630000001
383000,4250000,CB4MH,27.88714,1e+06,11.18,42.4,383000 4250000,8.5,Suitable,dodgerblue,YES,237.985093,2640.82675,32.9326630000001
383000,4250000,CB4MH,31.16798,1e+06,11.2,42.4,383000 4250000,9.5,Suitable,dodgerblue,YES,237.985093,2640.82675,32.9326630000001
383000,4251000,CB4MH,63.97638,1e+06,10.67,40.4,383000 4251000,19.5,Suitable,dodgerblue,YES,237.985093,2641.448121,33.5540339999998
383000,4251000,CB4MH,50.85302,1e+06,10.79,40.5,383000 4251000,15.5,Suitable,dodgerblue,YES,237.985093,2641.448121,33.5540339999998
383000,4251000,CB4MH,24.6063,1e+06,11.27,42.3,383000 4251000,7.5,Suitable,dodgerblue,YES,237.985093,2641.448121,33.5540339999998
383000,4251000,CB4MH,96.78478,1e+06,9.57,37.6,383000 4251000,29.5,Suitable,dodgerblue,YES,237.985093,2641.448121,33.5540339999998
383000,4251000,CB4MH,54.13386,1e+06,10.78,40.5,383000 4251000,16.5,Suitable,dodgerblue,YES,237.985093,2641.448121,33.5540339999998
383000,4251000,CB4MH,37.72966,1e+06,11.14,41.6,383000 4251000,11.5,Suitable,dodgerblue,YES,237.985093,2641.448121,33.5540339999998
383000,4251000,CB4MH,90.2231,1e+06,9.7,37.4,383000 4251000,27.5,Suitable,dodgerblue,YES,237.985093,2641.448121,33.5540339999998
383000,4251000,CB4MH,83.66142,1e+06,9.7,37.5,383000 4251000,25.5,Suitable,dodgerblue,YES,237.985093,2641.448121,33.5540339999998
383000,4251000,CB4MH,18.04462,1e+06,11.27,42.5,383000 4251000,5.5,Suitable,dodgerblue,YES,237.985093,2641.448121,33.5540339999998
383000,4251000,CB4MH,60.69554,1e+06,10.72,40.4,383000 4251000,18.5,Suitable,dodgerblue,YES,237.985093,2641.448121,33.5540339999998
383000,4251000,CB4MH,1.64042,1e+06,11.46,42.6,383000 4251000,0.5,Suitable,dodgerblue,YES,237.985093,2641.448121,33.5540339999998
383000,4251000,CB4MH,27.88714,1e+06,11.19,42.4,383000 4251000,8.5,Suitable,dodgerblue,YES,237.985093,2641.448121,33.5540339999998
383000,4251000,CB4MH,93.50394,1e+06,9.7,37.4,383000 4251000,28.5,Suitable,dodgerblue,YES,237.985093,2641.448121,33.5540339999998
383000,4251000,CB4MH,67.25722,1e+06,10.57,40.1,383000 4251000,20.5,Suitable,dodgerblue,YES,237.985093,2641.448121,33.5540339999998
383000,4251000,CB4MH,100.06562,1e+06,9.53,37.6,383000 4251000,30.5,Suitable,dodgerblue,YES,237.985093,2641.448121,33.5540339999998
383000,4251000,CB4MH,86.94226,1e+06,9.7,37.4,383000 4251000,26.5,Suitable,dodgerblue,YES,237.985093,2641.448121,33.5540339999998
383000,4251000,CB4MH,77.09974,1e+06,10.24,38.8,383000 4251000,23.5,Suitable,dodgerblue,YES,237.985093,2641.448121,33.5540339999998
383000,4251000,CB4MH,41.0105,1e+06,11.05,41.3,383000 4251000,12.5,Suitable,dodgerblue,YES,237.985093,2641.448121,33.5540339999998
383000,4251000,CB4MH,34.44882,1e+06,11.2,42,383000 4251000,10.5,Suitable,dodgerblue,YES,237.985093,2641.448121,33.5540339999998
383000,4251000,CB4MH,47.57218,1e+06,10.85,40.7,383000 4251000,14.5,Suitable,dodgerblue,YES,237.985093,2641.448121,33.5540339999998
383000,4251000,CB4MH,73.8189,1e+06,10.28,39.1,383000 4251000,22.5,Suitable,dodgerblue,YES,237.985093,2641.448121,33.5540339999998
383000,4251000,CB4MH,4.92126,1e+06,11.41,42.5,383000 4251000,1.5,Suitable,dodgerblue,YES,237.985093,2641.448121,33.5540339999998
383000,4251000,CB4MH,57.4147,1e+06,10.78,40.4,383000 4251000,17.5,Suitable,dodgerblue,YES,237.985093,2641.448121,33.5540339999998
383000,4251000,CB4MH,21.32546,1e+06,11.27,42.4,383000 4251000,6.5,Suitable,dodgerblue,YES,237.985093,2641.448121,33.5540339999998
383000,4251000,CB4MH,14.76378,1e+06,11.32,42.5,383000 4251000,4.5,Suitable,dodgerblue,YES,237.985093,2641.448121,33.5540339999998
383000,4251000,CB4MH,70.53806,1e+06,10.38,39.5,383000 4251000,21.5,Suitable,dodgerblue,YES,237.985093,2641.448121,33.5540339999998
383000,4251000,CB4MH,106.6273,1e+06,9.5,37.6,383000 4251000,32.5,Suitable,dodgerblue,YES,237.985093,2641.448121,33.5540339999998
383000,4251000,CB4MH,11.48294,1e+06,11.37,42.5,383000 4251000,3.5,Suitable,dodgerblue,YES,237.985093,2641.448121,33.5540339999998
383000,4251000,CB4MH,44.29134,1e+06,10.95,40.9,383000 4251000,13.5,Suitable,dodgerblue,YES,237.985093,2641.448121,33.5540339999998
383000,4251000,CB4MH,80.38058,1e+06,9.94,38.1,383000 4251000,24.5,Suitable,dodgerblue,YES,237.985093,2641.448121,33.5540339999998
383000,4251000,CB4MH,8.2021,1e+06,11.37,42.5,383000 4251000,2.5,Suitable,dodgerblue,YES,237.985093,2641.448121,33.5540339999998
383000,4251000,CB4MH,103.34646,1e+06,9.5,37.6,383000 4251000,31.5,Suitable,dodgerblue,YES,237.985093,2641.448121,33.5540339999998
383000,4251000,CB4MH,31.16798,1e+06,11.2,42.4,383000 4251000,9.5,Suitable,dodgerblue,YES,237.985093,2641.448121,33.5540339999998
383000,4252000,CB4MH,90.2231,1e+06,9.7,37.4,383000 4252000,27.5,Suitable,dodgerblue,YES,237.985093,2642.069492,34.175405
383000,4252000,CB4MH,96.78478,1e+06,9.57,37.6,383000 4252000,29.5,Suitable,dodgerblue,YES,237.985093,2642.069492,34.175405
383000,4252000,CB4MH,77.09974,1e+06,10.25,38.8,383000 4252000,23.5,Suitable,dodgerblue,YES,237.985093,2642.069492,34.175405
383000,4252000,CB4MH,8.2021,1e+06,11.31,42.6,383000 4252000,2.5,Suitable,dodgerblue,YES,237.985093,2642.069492,34.175405
383000,4252000,CB4MH,83.66142,1e+06,9.7,37.5,383000 4252000,25.5,Suitable,dodgerblue,YES,237.985093,2642.069492,34.175405
383000,4252000,CB4MH,86.94226,1e+06,9.7,37.4,383000 4252000,26.5,Suitable,dodgerblue,YES,237.985093,2642.069492,34.175405
383000,4252000,CB4MH,73.8189,1e+06,10.3,39.1,383000 4252000,22.5,Suitable,dodgerblue,YES,237.985093,2642.069492,34.175405
383000,4252000,CB4MH,4.92126,1e+06,11.36,42.6,383000 4252000,1.5,Suitable,dodgerblue,YES,237.985093,2642.069492,34.175405
383000,4252000,CB4MH,70.53806,1e+06,10.4,39.6,383000 4252000,21.5,Suitable,dodgerblue,YES,237.985093,2642.069492,34.175405
383000,4252000,CB4MH,93.50394,1e+06,9.7,37.4,383000 4252000,28.5,Suitable,dodgerblue,YES,237.985093,2642.069492,34.175405
383000,4252000,CB4MH,80.38058,1e+06,9.95,38.1,383000 4252000,24.5,Suitable,dodgerblue,YES,237.985093,2642.069492,34.175405
383000,4252000,CB4MH,50.85302,1e+06,10.8,40.5,383000 4252000,15.5,Suitable,dodgerblue,YES,237.985093,2642.069492,34.175405
383000,4252000,CB4MH,31.16798,1e+06,11.2,42.4,383000 4252000,9.5,Suitable,dodgerblue,YES,237.985093,2642.069492,34.175405
383000,4252000,CB4MH,37.72966,1e+06,11.15,41.6,383000 4252000,11.5,Suitable,dodgerblue,YES,237.985093,2642.069492,34.175405
383000,4252000,CB4MH,11.48294,1e+06,11.31,42.6,383000 4252000,3.5,Suitable,dodgerblue,YES,237.985093,2642.069492,34.175405
383000,4252000,CB4MH,14.76378,1e+06,11.26,42.6,383000 4252000,4.5,Suitable,dodgerblue,YES,237.985093,2642.069492,34.175405
383000,4252000,CB4MH,67.25722,1e+06,10.6,40.2,383000 4252000,20.5,Suitable,dodgerblue,YES,237.985093,2642.069492,34.175405
383000,4252000,CB4MH,57.4147,1e+06,10.8,40.5,383000 4252000,17.5,Suitable,dodgerblue,YES,237.985093,2642.069492,34.175405
383000,4252000,CB4MH,34.44882,1e+06,11.2,42,383000 4252000,10.5,Suitable,dodgerblue,YES,237.985093,2642.069492,34.175405
383000,4252000,CB4MH,27.88714,1e+06,11.2,42.4,383000 4252000,8.5,Suitable,dodgerblue,YES,237.985093,2642.069492,34.175405
383000,4252000,CB4MH,41.0105,1e+06,11.05,41.3,383000 4252000,12.5,Suitable,dodgerblue,YES,237.985093,2642.069492,34.175405
383000,4252000,CB4MH,60.69554,1e+06,10.75,40.5,383000 4252000,18.5,Suitable,dodgerblue,YES,237.985093,2642.069492,34.175405
383000,4252000,CB4MH,21.32546,1e+06,11.21,42.5,383000 4252000,6.5,Suitable,dodgerblue,YES,237.985093,2642.069492,34.175405
383000,4252000,CB4MH,44.29134,1e+06,10.95,40.9,383000 4252000,13.5,Suitable,dodgerblue,YES,237.985093,2642.069492,34.175405
383000,4252000,CB4MH,63.97638,1e+06,10.7,40.5,383000 4252000,19.5,Suitable,dodgerblue,YES,237.985093,2642.069492,34.175405
383000,4252000,CB4MH,24.6063,1e+06,11.21,42.4,383000 4252000,7.5,Suitable,dodgerblue,YES,237.985093,2642.069492,34.175405
383000,4252000,CB4MH,54.13386,1e+06,10.8,40.5,383000 4252000,16.5,Suitable,dodgerblue,YES,237.985093,2642.069492,34.175405
383000,4252000,CB4MH,18.04462,1e+06,11.21,42.6,383000 4252000,5.5,Suitable,dodgerblue,YES,237.985093,2642.069492,34.175405
383000,4252000,CB4MH,1.64042,1e+06,11.41,42.7,383000 4252000,0.5,Suitable,dodgerblue,YES,237.985093,2642.069492,34.175405
383000,4252000,CB4MH,47.57218,1e+06,10.85,40.7,383000 4252000,14.5,Suitable,dodgerblue,YES,237.985093,2642.069492,34.175405
383000,4318000,CB3MH,11.48294,1e+06,11.1,42.8,383000 4318000,3.5,Suitable,dodgerblue,YES,237.985093,2683.079978,75.1858910000001
383000,4318000,CB3MH,50.85302,1e+06,9.55,38.4,383000 4318000,15.5,Suitable,dodgerblue,YES,237.985093,2683.079978,75.1858910000001
383000,4318000,CB3MH,14.76378,1e+06,11.04,42.7,383000 4318000,4.5,Suitable,dodgerblue,YES,237.985093,2683.079978,75.1858910000001
383000,4318000,CB3MH,41.0105,1e+06,9.75,38.9,383000 4318000,12.5,Suitable,dodgerblue,YES,237.985093,2683.079978,75.1858910000001
383000,4318000,CB3MH,60.69554,1e+06,9.22,37.7,383000 4318000,18.5,Suitable,dodgerblue,YES,237.985093,2683.079978,75.1858910000001
383000,4318000,CB3MH,4.92126,1e+06,11.36,43.2,383000 4318000,1.5,Suitable,dodgerblue,YES,237.985093,2683.079978,75.1858910000001
383000,4318000,CB3MH,8.2021,1e+06,11.23,43,383000 4318000,2.5,Suitable,dodgerblue,YES,237.985093,2683.079978,75.1858910000001
383000,4318000,CB3MH,18.04462,1e+06,11.03,42.7,383000 4318000,5.5,Suitable,dodgerblue,YES,237.985093,2683.079978,75.1858910000001
383000,4318000,CB3MH,21.32546,1e+06,11.02,42.6,383000 4318000,6.5,Suitable,dodgerblue,YES,237.985093,2683.079978,75.1858910000001
383000,4318000,CB3MH,37.72966,1e+06,9.85,39.3,383000 4318000,11.5,Suitable,dodgerblue,YES,237.985093,2683.079978,75.1858910000001
383000,4318000,CB3MH,44.29134,1e+06,9.7,38.8,383000 4318000,13.5,Suitable,dodgerblue,YES,237.985093,2683.079978,75.1858910000001
383000,4318000,CB3MH,24.6063,1e+06,10.97,42.8,383000 4318000,7.5,Suitable,dodgerblue,YES,237.985093,2683.079978,75.1858910000001
383000,4318000,CB3MH,31.16798,1e+06,10.3,41.4,383000 4318000,9.5,Suitable,dodgerblue,YES,237.985093,2683.079978,75.1858910000001
383000,4318000,CB3MH,1.64042,1e+06,11.4,43.3,383000 4318000,0.5,Suitable,dodgerblue,YES,237.985093,2683.079978,75.1858910000001
383000,4318000,CB3MH,57.4147,1e+06,9.29,37.9,383000 4318000,17.5,Suitable,dodgerblue,YES,237.985093,2683.079978,75.1858910000001
383000,4318000,CB3MH,47.57218,1e+06,9.65,38.8,383000 4318000,14.5,Suitable,dodgerblue,YES,237.985093,2683.079978,75.1858910000001
383000,4318000,CB3MH,34.44882,1e+06,10,40.2,383000 4318000,10.5,Suitable,dodgerblue,YES,237.985093,2683.079978,75.1858910000001
383000,4318000,CB3MH,54.13386,1e+06,9.4,38,383000 4318000,16.5,Suitable,dodgerblue,YES,237.985093,2683.079978,75.1858910000001
383000,4318000,CB3MH,63.97638,1e+06,9.2,37.6,383000 4318000,19.5,Suitable,dodgerblue,YES,237.985093,2683.079978,75.1858910000001
383000,4318000,CB3MH,27.88714,1e+06,10.74,42.4,383000 4318000,8.5,Suitable,dodgerblue,YES,237.985093,2683.079978,75.1858910000001
383000,4319000,CB3MH,8.2021,1e+06,11.25,43.1,383000 4319000,2.5,Suitable,dodgerblue,YES,237.985093,2683.701349,75.8072619999998
383000,4319000,CB3MH,14.76378,1e+06,11.08,42.8,383000 4319000,4.5,Suitable,dodgerblue,YES,237.985093,2683.701349,75.8072619999998
383000,4319000,CB3MH,1.64042,1e+06,11.4,43.3,383000 4319000,0.5,Suitable,dodgerblue,YES,237.985093,2683.701349,75.8072619999998
383000,4319000,CB3MH,21.32546,1e+06,11.01,42.6,383000 4319000,6.5,Suitable,dodgerblue,YES,237.985093,2683.701349,75.8072619999998
383000,4319000,CB3MH,18.04462,1e+06,11.05,42.7,383000 4319000,5.5,Suitable,dodgerblue,YES,237.985093,2683.701349,75.8072619999998
383000,4319000,CB3MH,24.6063,1e+06,10.86,42.6,383000 4319000,7.5,Suitable,dodgerblue,YES,237.985093,2683.701349,75.8072619999998
383000,4319000,CB3MH,11.48294,1e+06,11.15,42.8,383000 4319000,3.5,Suitable,dodgerblue,YES,237.985093,2683.701349,75.8072619999998
383000,4319000,CB3MH,34.44882,1e+06,10.01,40.3,383000 4319000,10.5,Suitable,dodgerblue,YES,237.985093,2683.701349,75.8072619999998
383000,4319000,CB3MH,41.0105,1e+06,9.76,39,383000 4319000,12.5,Suitable,dodgerblue,YES,237.985093,2683.701349,75.8072619999998
383000,4319000,CB3MH,47.57218,1e+06,9.66,38.9,383000 4319000,14.5,Suitable,dodgerblue,YES,237.985093,2683.701349,75.8072619999998
383000,4319000,CB3MH,37.72966,1e+06,9.85,39.4,383000 4319000,11.5,Suitable,dodgerblue,YES,237.985093,2683.701349,75.8072619999998
383000,4319000,CB3MH,44.29134,1e+06,9.71,38.9,383000 4319000,13.5,Suitable,dodgerblue,YES,237.985093,2683.701349,75.8072619999998
383000,4319000,CB3MH,27.88714,1e+06,10.72,42.5,383000 4319000,8.5,Suitable,dodgerblue,YES,237.985093,2683.701349,75.8072619999998
383000,4319000,CB3MH,4.92126,1e+06,11.36,43.2,383000 4319000,1.5,Suitable,dodgerblue,YES,237.985093,2683.701349,75.8072619999998
383000,4319000,CB3MH,31.16798,1e+06,10.3,41.5,383000 4319000,9.5,Suitable,dodgerblue,YES,237.985093,2683.701349,75.8072619999998
383000,4321000,CB3MH,34.44882,1e+06,10.03,40.7,383000 4321000,10.5,Suitable,dodgerblue,YES,237.985093,2684.944091,77.0500039999997
383000,4321000,CB3MH,44.29134,1e+06,9.74,39.3,383000 4321000,13.5,Suitable,dodgerblue,YES,237.985093,2684.944091,77.0500039999997
383000,4321000,CB3MH,11.48294,1e+06,11.17,43,383000 4321000,3.5,Suitable,dodgerblue,YES,237.985093,2684.944091,77.0500039999997
383000,4321000,CB3MH,24.6063,1e+06,10.74,42.5,383000 4321000,7.5,Suitable,dodgerblue,YES,237.985093,2684.944091,77.0500039999997
383000,4321000,CB3MH,37.72966,1e+06,9.85,39.7,383000 4321000,11.5,Suitable,dodgerblue,YES,237.985093,2684.944091,77.0500039999997
383000,4321000,CB3MH,27.88714,1e+06,10.63,42.6,383000 4321000,8.5,Suitable,dodgerblue,YES,237.985093,2684.944091,77.0500039999997
383000,4321000,CB3MH,50.85302,1e+06,9.59,38.5,383000 4321000,15.5,Suitable,dodgerblue,YES,237.985093,2684.944091,77.0500039999997
383000,4321000,CB3MH,18.04462,1e+06,10.99,42.8,383000 4321000,5.5,Suitable,dodgerblue,YES,237.985093,2684.944091,77.0500039999997
383000,4321000,CB3MH,21.32546,1e+06,10.93,42.6,383000 4321000,6.5,Suitable,dodgerblue,YES,237.985093,2684.944091,77.0500039999997
383000,4321000,CB3MH,8.2021,1e+06,11.27,43.2,383000 4321000,2.5,Suitable,dodgerblue,YES,237.985093,2684.944091,77.0500039999997
383000,4321000,CB3MH,1.64042,1e+06,11.4,43.4,383000 4321000,0.5,Suitable,dodgerblue,YES,237.985093,2684.944091,77.0500039999997
383000,4321000,CB3MH,31.16798,1e+06,10.27,41.8,383000 4321000,9.5,Suitable,dodgerblue,YES,237.985093,2684.944091,77.0500039999997
383000,4321000,CB3MH,41.0105,1e+06,9.79,39.4,383000 4321000,12.5,Suitable,dodgerblue,YES,237.985093,2684.944091,77.0500039999997
383000,4321000,CB3MH,47.57218,1e+06,9.68,39.2,383000 4321000,14.5,Suitable,dodgerblue,YES,237.985093,2684.944091,77.0500039999997
383000,4321000,CB3MH,14.76378,1e+06,11.08,42.9,383000 4321000,4.5,Suitable,dodgerblue,YES,237.985093,2684.944091,77.0500039999997
383000,4321000,CB3MH,4.92126,1e+06,11.36,43.3,383000 4321000,1.5,Suitable,dodgerblue,YES,237.985093,2684.944091,77.0500039999997
384000,4248000,CB5MH_MD,57.4147,1e+06,10.57,40,384000 4248000,17.5,Suitable,dodgerblue,YES,238.606464,2639.584008,31.6899210000001
384000,4248000,CB5MH_MD,24.6063,1e+06,12.01,40.8,384000 4248000,7.5,Suitable,dodgerblue,YES,238.606464,2639.584008,31.6899210000001
384000,4248000,CB5MH_MD,70.53806,1e+06,10.19,39,384000 4248000,21.5,Suitable,dodgerblue,YES,238.606464,2639.584008,31.6899210000001
384000,4248000,CB5MH_MD,83.66142,1e+06,9.7,37.5,384000 4248000,25.5,Suitable,dodgerblue,YES,238.606464,2639.584008,31.6899210000001
384000,4248000,CB5MH_MD,109.90814,1e+06,9.5,37.6,384000 4248000,33.5,Suitable,dodgerblue,YES,238.606464,2639.584008,31.6899210000001
384000,4248000,CB5MH_MD,54.13386,1e+06,10.64,40.4,384000 4248000,16.5,Suitable,dodgerblue,YES,238.606464,2639.584008,31.6899210000001
384000,4248000,CB5MH_MD,63.97638,1e+06,10.38,39.6,384000 4248000,19.5,Suitable,dodgerblue,YES,238.606464,2639.584008,31.6899210000001
384000,4248000,CB5MH_MD,100.06562,1e+06,9.53,37.6,384000 4248000,30.5,Suitable,dodgerblue,YES,238.606464,2639.584008,31.6899210000001
384000,4248000,CB5MH_MD,21.32546,1e+06,12.02,40.8,384000 4248000,6.5,Suitable,dodgerblue,YES,238.606464,2639.584008,31.6899210000001
384000,4248000,CB5MH_MD,96.78478,1e+06,9.57,37.6,384000 4248000,29.5,Suitable,dodgerblue,YES,238.606464,2639.584008,31.6899210000001
384000,4248000,CB5MH_MD,106.6273,1e+06,9.5,37.6,384000 4248000,32.5,Suitable,dodgerblue,YES,238.606464,2639.584008,31.6899210000001
384000,4248000,CB5MH_MD,103.34646,1e+06,9.5,37.6,384000 4248000,31.5,Suitable,dodgerblue,YES,238.606464,2639.584008,31.6899210000001
384000,4248000,CB5MH_MD,77.09974,1e+06,10.07,38.4,384000 4248000,23.5,Suitable,dodgerblue,YES,238.606464,2639.584008,31.6899210000001
384000,4248000,CB5MH_MD,90.2231,1e+06,9.67,37.5,384000 4248000,27.5,Suitable,dodgerblue,YES,238.606464,2639.584008,31.6899210000001
384000,4248000,CB5MH_MD,4.92126,1e+06,12.13,40.9,384000 4248000,1.5,Suitable,dodgerblue,YES,238.606464,2639.584008,31.6899210000001
384000,4248000,CB5MH_MD,60.69554,1e+06,10.47,39.7,384000 4248000,18.5,Suitable,dodgerblue,YES,238.606464,2639.584008,31.6899210000001
384000,4248000,CB5MH_MD,73.8189,1e+06,10.11,38.6,384000 4248000,22.5,Suitable,dodgerblue,YES,238.606464,2639.584008,31.6899210000001
384000,4248000,CB5MH_MD,14.76378,1e+06,12.07,40.8,384000 4248000,4.5,Suitable,dodgerblue,YES,238.606464,2639.584008,31.6899210000001
384000,4248000,CB5MH_MD,8.2021,1e+06,12.1,40.8,384000 4248000,2.5,Suitable,dodgerblue,YES,238.606464,2639.584008,31.6899210000001
384000,4248000,CB5MH_MD,47.57218,1e+06,11.13,40.5,384000 4248000,14.5,Suitable,dodgerblue,YES,238.606464,2639.584008,31.6899210000001
384000,4248000,CB5MH_MD,86.94226,1e+06,9.68,37.5,384000 4248000,26.5,Suitable,dodgerblue,YES,238.606464,2639.584008,31.6899210000001
384000,4248000,CB5MH_MD,80.38058,1e+06,9.87,37.9,384000 4248000,24.5,Suitable,dodgerblue,YES,238.606464,2639.584008,31.6899210000001
384000,4248000,CB5MH_MD,11.48294,1e+06,12.1,40.8,384000 4248000,3.5,Suitable,dodgerblue,YES,238.606464,2639.584008,31.6899210000001
384000,4248000,CB5MH_MD,67.25722,1e+06,10.31,39.3,384000 4248000,20.5,Suitable,dodgerblue,YES,238.606464,2639.584008,31.6899210000001
384000,4248000,CB5MH_MD,18.04462,1e+06,12.03,40.8,384000 4248000,5.5,Suitable,dodgerblue,YES,238.606464,2639.584008,31.6899210000001
384000,4248000,CB5MH_MD,50.85302,1e+06,10.74,40.6,384000 4248000,15.5,Suitable,dodgerblue,YES,238.606464,2639.584008,31.6899210000001
384000,4248000,CB5MH_MD,27.88714,1e+06,11.45,41.9,384000 4248000,8.5,Suitable,dodgerblue,YES,238.606464,2639.584008,31.6899210000001
384000,4248000,CB5MH_MD,31.16798,1e+06,11.46,41.8,384000 4248000,9.5,Suitable,dodgerblue,YES,238.606464,2639.584008,31.6899210000001
384000,4248000,CB5MH_MD,37.72966,1e+06,11.39,41.3,384000 4248000,11.5,Suitable,dodgerblue,YES,238.606464,2639.584008,31.6899210000001
384000,4248000,CB5MH_MD,1.64042,1e+06,12.16,40.9,384000 4248000,0.5,Suitable,dodgerblue,YES,238.606464,2639.584008,31.6899210000001
384000,4248000,CB5MH_MD,93.50394,1e+06,9.67,37.5,384000 4248000,28.5,Suitable,dodgerblue,YES,238.606464,2639.584008,31.6899210000001
384000,4248000,CB5MH_MD,34.44882,1e+06,11.45,41.6,384000 4248000,10.5,Suitable,dodgerblue,YES,238.606464,2639.584008,31.6899210000001
384000,4248000,CB5MH_MD,41.0105,1e+06,11.31,41,384000 4248000,12.5,Suitable,dodgerblue,YES,238.606464,2639.584008,31.6899210000001
384000,4248000,CB5MH_MD,44.29134,1e+06,11.23,40.7,384000 4248000,13.5,Suitable,dodgerblue,YES,238.606464,2639.584008,31.6899210000001
384000,4249000,CB5MH_MD,31.16798,1e+06,11.39,42,384000 4249000,9.5,Suitable,dodgerblue,YES,238.606464,2640.205379,32.3112919999999
384000,4249000,CB5MH_MD,83.66142,1e+06,9.7,37.5,384000 4249000,25.5,Suitable,dodgerblue,YES,238.606464,2640.205379,32.3112919999999
384000,4249000,CB5MH_MD,70.53806,1e+06,10.27,39.2,384000 4249000,21.5,Suitable,dodgerblue,YES,238.606464,2640.205379,32.3112919999999
384000,4249000,CB5MH_MD,63.97638,1e+06,10.5,39.9,384000 4249000,19.5,Suitable,dodgerblue,YES,238.606464,2640.205379,32.3112919999999
384000,4249000,CB5MH_MD,60.69554,1e+06,10.57,40,384000 4249000,18.5,Suitable,dodgerblue,YES,238.606464,2640.205379,32.3112919999999
384000,4249000,CB5MH_MD,77.09974,1e+06,10.14,38.6,384000 4249000,23.5,Suitable,dodgerblue,YES,238.606464,2640.205379,32.3112919999999
384000,4249000,CB5MH_MD,73.8189,1e+06,10.18,38.8,384000 4249000,22.5,Suitable,dodgerblue,YES,238.606464,2640.205379,32.3112919999999
384000,4249000,CB5MH_MD,67.25722,1e+06,10.42,39.7,384000 4249000,20.5,Suitable,dodgerblue,YES,238.606464,2640.205379,32.3112919999999
384000,4249000,CB5MH_MD,18.04462,1e+06,11.79,41.4,384000 4249000,5.5,Suitable,dodgerblue,YES,238.606464,2640.205379,32.3112919999999
384000,4249000,CB5MH_MD,86.94226,1e+06,9.69,37.4,384000 4249000,26.5,Suitable,dodgerblue,YES,238.606464,2640.205379,32.3112919999999
384000,4249000,CB5MH_MD,34.44882,1e+06,11.37,41.7,384000 4249000,10.5,Suitable,dodgerblue,YES,238.606464,2640.205379,32.3112919999999
384000,4249000,CB5MH_MD,44.29134,1e+06,11.14,40.7,384000 4249000,13.5,Suitable,dodgerblue,YES,238.606464,2640.205379,32.3112919999999
384000,4249000,CB5MH_MD,14.76378,1e+06,11.83,41.3,384000 4249000,4.5,Suitable,dodgerblue,YES,238.606464,2640.205379,32.3112919999999
384000,4249000,CB5MH_MD,47.57218,1e+06,11.05,40.5,384000 4249000,14.5,Suitable,dodgerblue,YES,238.606464,2640.205379,32.3112919999999
384000,4249000,CB5MH_MD,27.88714,1e+06,11.37,42.1,384000 4249000,8.5,Suitable,dodgerblue,YES,238.606464,2640.205379,32.3112919999999
384000,4249000,CB5MH_MD,93.50394,1e+06,9.68,37.4,384000 4249000,28.5,Suitable,dodgerblue,YES,238.606464,2640.205379,32.3112919999999
384000,4249000,CB5MH_MD,96.78478,1e+06,9.57,37.6,384000 4249000,29.5,Suitable,dodgerblue,YES,238.606464,2640.205379,32.3112919999999
384000,4249000,CB5MH_MD,106.6273,1e+06,9.5,37.6,384000 4249000,32.5,Suitable,dodgerblue,YES,238.606464,2640.205379,32.3112919999999
384000,4249000,CB5MH_MD,57.4147,1e+06,10.66,40.2,384000 4249000,17.5,Suitable,dodgerblue,YES,238.606464,2640.205379,32.3112919999999
384000,4249000,CB5MH_MD,90.2231,1e+06,9.68,37.4,384000 4249000,27.5,Suitable,dodgerblue,YES,238.606464,2640.205379,32.3112919999999
384000,4249000,CB5MH_MD,21.32546,1e+06,11.78,41.3,384000 4249000,6.5,Suitable,dodgerblue,YES,238.606464,2640.205379,32.3112919999999
384000,4249000,CB5MH_MD,41.0105,1e+06,11.23,41.1,384000 4249000,12.5,Suitable,dodgerblue,YES,238.606464,2640.205379,32.3112919999999
384000,4249000,CB5MH_MD,8.2021,1e+06,11.86,41.3,384000 4249000,2.5,Suitable,dodgerblue,YES,238.606464,2640.205379,32.3112919999999
384000,4249000,CB5MH_MD,24.6063,1e+06,11.77,41.3,384000 4249000,7.5,Suitable,dodgerblue,YES,238.606464,2640.205379,32.3112919999999
384000,4249000,CB5MH_MD,100.06562,1e+06,9.53,37.6,384000 4249000,30.5,Suitable,dodgerblue,YES,238.606464,2640.205379,32.3112919999999
384000,4249000,CB5MH_MD,11.48294,1e+06,11.87,41.3,384000 4249000,3.5,Suitable,dodgerblue,YES,238.606464,2640.205379,32.3112919999999
384000,4249000,CB5MH_MD,37.72966,1e+06,11.32,41.3,384000 4249000,11.5,Suitable,dodgerblue,YES,238.606464,2640.205379,32.3112919999999
384000,4249000,CB5MH_MD,80.38058,1e+06,9.9,38,384000 4249000,24.5,Suitable,dodgerblue,YES,238.606464,2640.205379,32.3112919999999
384000,4249000,CB5MH_MD,50.85302,1e+06,10.76,40.6,384000 4249000,15.5,Suitable,dodgerblue,YES,238.606464,2640.205379,32.3112919999999
384000,4249000,CB5MH_MD,54.13386,1e+06,10.7,40.4,384000 4249000,16.5,Suitable,dodgerblue,YES,238.606464,2640.205379,32.3112919999999
384000,4249000,CB5MH_MD,103.34646,1e+06,9.5,37.6,384000 4249000,31.5,Suitable,dodgerblue,YES,238.606464,2640.205379,32.3112919999999
384000,4249000,CB5MH_MD,1.64042,1e+06,11.94,41.5,384000 4249000,0.5,Suitable,dodgerblue,YES,238.606464,2640.205379,32.3112919999999
384000,4249000,CB5MH_MD,4.92126,1e+06,11.9,41.4,384000 4249000,1.5,Suitable,dodgerblue,YES,238.606464,2640.205379,32.3112919999999
384000,4321000,CB3MH,50.85302,1e+06,9.59,38.5,384000 4321000,15.5,Suitable,dodgerblue,YES,238.606464,2684.944091,77.0500039999997
384000,4321000,CB3MH,47.57218,1e+06,9.69,39.2,384000 4321000,14.5,Suitable,dodgerblue,YES,238.606464,2684.944091,77.0500039999997
384000,4321000,CB3MH,21.32546,1e+06,10.97,42.6,384000 4321000,6.5,Suitable,dodgerblue,YES,238.606464,2684.944091,77.0500039999997
384000,4321000,CB3MH,27.88714,1e+06,10.63,42.6,384000 4321000,8.5,Suitable,dodgerblue,YES,238.606464,2684.944091,77.0500039999997
384000,4321000,CB3MH,8.2021,1e+06,11.27,43.1,384000 4321000,2.5,Suitable,dodgerblue,YES,238.606464,2684.944091,77.0500039999997
384000,4321000,CB3MH,1.64042,1e+06,11.42,43.3,384000 4321000,0.5,Suitable,dodgerblue,YES,238.606464,2684.944091,77.0500039999997
384000,4321000,CB3MH,11.48294,1e+06,11.17,42.9,384000 4321000,3.5,Suitable,dodgerblue,YES,238.606464,2684.944091,77.0500039999997
384000,4321000,CB3MH,34.44882,1e+06,10.04,40.8,384000 4321000,10.5,Suitable,dodgerblue,YES,238.606464,2684.944091,77.0500039999997
384000,4321000,CB3MH,18.04462,1e+06,11.03,42.7,384000 4321000,5.5,Suitable,dodgerblue,YES,238.606464,2684.944091,77.0500039999997
384000,4321000,CB3MH,4.92126,1e+06,11.37,43.2,384000 4321000,1.5,Suitable,dodgerblue,YES,238.606464,2684.944091,77.0500039999997
384000,4321000,CB3MH,24.6063,1e+06,10.76,42.6,384000 4321000,7.5,Suitable,dodgerblue,YES,238.606464,2684.944091,77.0500039999997
384000,4321000,CB3MH,41.0105,1e+06,9.79,39.4,384000 4321000,12.5,Suitable,dodgerblue,YES,238.606464,2684.944091,77.0500039999997
384000,4321000,CB3MH,44.29134,1e+06,9.74,39.3,384000 4321000,13.5,Suitable,dodgerblue,YES,238.606464,2684.944091,77.0500039999997
384000,4321000,CB3MH,14.76378,1e+06,11.09,42.8,384000 4321000,4.5,Suitable,dodgerblue,YES,238.606464,2684.944091,77.0500039999997
384000,4321000,CB3MH,37.72966,1e+06,9.85,39.7,384000 4321000,11.5,Suitable,dodgerblue,YES,238.606464,2684.944091,77.0500039999997
384000,4321000,CB3MH,31.16798,1e+06,10.28,41.8,384000 4321000,9.5,Suitable,dodgerblue,YES,238.606464,2684.944091,77.0500039999997
384000,4322000,CB3MH,18.04462,1e+06,11.02,42.7,384000 4322000,5.5,Suitable,dodgerblue,YES,238.606464,2685.565462,77.6713749999999
384000,4322000,CB3MH,1.64042,1e+06,11.42,43.3,384000 4322000,0.5,Suitable,dodgerblue,YES,238.606464,2685.565462,77.6713749999999
384000,4322000,CB3MH,37.72966,1e+06,9.84,39.9,384000 4322000,11.5,Suitable,dodgerblue,YES,238.606464,2685.565462,77.6713749999999
384000,4322000,CB3MH,41.0105,1e+06,9.78,39.7,384000 4322000,12.5,Suitable,dodgerblue,YES,238.606464,2685.565462,77.6713749999999
384000,4322000,CB3MH,27.88714,1e+06,10.57,42.7,384000 4322000,8.5,Suitable,dodgerblue,YES,238.606464,2685.565462,77.6713749999999
384000,4322000,CB3MH,24.6063,1e+06,10.73,42.6,384000 4322000,7.5,Suitable,dodgerblue,YES,238.606464,2685.565462,77.6713749999999
384000,4322000,CB3MH,31.16798,1e+06,10.25,41.9,384000 4322000,9.5,Suitable,dodgerblue,YES,238.606464,2685.565462,77.6713749999999
384000,4322000,CB3MH,21.32546,1e+06,10.95,42.6,384000 4322000,6.5,Suitable,dodgerblue,YES,238.606464,2685.565462,77.6713749999999
384000,4322000,CB3MH,4.92126,1e+06,11.38,43.2,384000 4322000,1.5,Suitable,dodgerblue,YES,238.606464,2685.565462,77.6713749999999
384000,4322000,CB3MH,11.48294,1e+06,11.18,42.9,384000 4322000,3.5,Suitable,dodgerblue,YES,238.606464,2685.565462,77.6713749999999
384000,4322000,CB3MH,44.29134,1e+06,9.73,39.5,384000 4322000,13.5,Suitable,dodgerblue,YES,238.606464,2685.565462,77.6713749999999
384000,4322000,CB3MH,14.76378,1e+06,11.1,42.8,384000 4322000,4.5,Suitable,dodgerblue,YES,238.606464,2685.565462,77.6713749999999
384000,4322000,CB3MH,8.2021,1e+06,11.28,43.1,384000 4322000,2.5,Suitable,dodgerblue,YES,238.606464,2685.565462,77.6713749999999
384000,4322000,CB3MH,34.44882,1e+06,10.04,41,384000 4322000,10.5,Suitable,dodgerblue,YES,238.606464,2685.565462,77.6713749999999
384000,4322000,CB3MH,47.57218,1e+06,9.7,39.4,384000 4322000,14.5,Suitable,dodgerblue,YES,238.606464,2685.565462,77.6713749999999
384000,4322000,CB3MH,50.85302,1e+06,9.6,38.5,384000 4322000,15.5,Suitable,dodgerblue,YES,238.606464,2685.565462,77.6713749999999
384000,4323000,CB3MH,14.76378,1e+06,11.06,43.1,384000 4323000,4.5,Suitable,dodgerblue,YES,238.606464,2686.186833,78.2927460000001
384000,4323000,CB3MH,41.0105,1e+06,9.74,40,384000 4323000,12.5,Suitable,dodgerblue,YES,238.606464,2686.186833,78.2927460000001
384000,4323000,CB3MH,24.6063,1e+06,10.71,42.7,384000 4323000,7.5,Suitable,dodgerblue,YES,238.606464,2686.186833,78.2927460000001
384000,4323000,CB3MH,8.2021,1e+06,11.27,43.4,384000 4323000,2.5,Suitable,dodgerblue,YES,238.606464,2686.186833,78.2927460000001
384000,4323000,CB3MH,1.64042,1e+06,11.39,43.6,384000 4323000,0.5,Suitable,dodgerblue,YES,238.606464,2686.186833,78.2927460000001
384000,4323000,CB3MH,34.44882,1e+06,10.03,41.2,384000 4323000,10.5,Suitable,dodgerblue,YES,238.606464,2686.186833,78.2927460000001
384000,4323000,CB3MH,31.16798,1e+06,10.22,42,384000 4323000,9.5,Suitable,dodgerblue,YES,238.606464,2686.186833,78.2927460000001
384000,4323000,CB3MH,11.48294,1e+06,11.17,43.2,384000 4323000,3.5,Suitable,dodgerblue,YES,238.606464,2686.186833,78.2927460000001
384000,4323000,CB3MH,21.32546,1e+06,10.89,42.7,384000 4323000,6.5,Suitable,dodgerblue,YES,238.606464,2686.186833,78.2927460000001
384000,4323000,CB3MH,37.72966,1e+06,9.8,40.2,384000 4323000,11.5,Suitable,dodgerblue,YES,238.606464,2686.186833,78.2927460000001
384000,4323000,CB3MH,27.88714,1e+06,10.5,42.7,384000 4323000,8.5,Suitable,dodgerblue,YES,238.606464,2686.186833,78.2927460000001
384000,4323000,CB3MH,4.92126,1e+06,11.35,43.5,384000 4323000,1.5,Suitable,dodgerblue,YES,238.606464,2686.186833,78.2927460000001
384000,4323000,CB3MH,18.04462,1e+06,10.96,42.9,384000 4323000,5.5,Suitable,dodgerblue,YES,238.606464,2686.186833,78.2927460000001
385000,4246000,CB5MH_MD,116.46982,1e+06,9.5,37.6,385000 4246000,35.5,Suitable,dodgerblue,YES,239.227835,2638.341266,30.4471789999998
385000,4246000,CB5MH_MD,86.94226,1e+06,9.65,37.5,385000 4246000,26.5,Suitable,dodgerblue,YES,239.227835,2638.341266,30.4471789999998
385000,4246000,CB5MH_MD,100.06562,1e+06,9.53,37.6,385000 4246000,30.5,Suitable,dodgerblue,YES,239.227835,2638.341266,30.4471789999998
385000,4246000,CB5MH_MD,47.57218,1e+06,11.14,40.7,385000 4246000,14.5,Suitable,dodgerblue,YES,239.227835,2638.341266,30.4471789999998
385000,4246000,CB5MH_MD,27.88714,1e+06,11.46,41.9,385000 4246000,8.5,Suitable,dodgerblue,YES,239.227835,2638.341266,30.4471789999998
385000,4246000,CB5MH_MD,18.04462,1e+06,12.12,40.7,385000 4246000,5.5,Suitable,dodgerblue,YES,239.227835,2638.341266,30.4471789999998
385000,4246000,CB5MH_MD,11.48294,1e+06,12.18,40.5,385000 4246000,3.5,Suitable,dodgerblue,YES,239.227835,2638.341266,30.4471789999998
385000,4246000,CB5MH_MD,113.18898,1e+06,9.5,37.6,385000 4246000,34.5,Suitable,dodgerblue,YES,239.227835,2638.341266,30.4471789999998
385000,4246000,CB5MH_MD,41.0105,1e+06,11.31,41.2,385000 4246000,12.5,Suitable,dodgerblue,YES,239.227835,2638.341266,30.4471789999998
385000,4246000,CB5MH_MD,44.29134,1e+06,11.23,41,385000 4246000,13.5,Suitable,dodgerblue,YES,239.227835,2638.341266,30.4471789999998
385000,4246000,CB5MH_MD,50.85302,1e+06,10.69,40.8,385000 4246000,15.5,Suitable,dodgerblue,YES,239.227835,2638.341266,30.4471789999998
385000,4246000,CB5MH_MD,21.32546,1e+06,12.09,40.6,385000 4246000,6.5,Suitable,dodgerblue,YES,239.227835,2638.341266,30.4471789999998
385000,4246000,CB5MH_MD,109.90814,1e+06,9.5,37.6,385000 4246000,33.5,Suitable,dodgerblue,YES,239.227835,2638.341266,30.4471789999998
385000,4246000,CB5MH_MD,106.6273,1e+06,9.5,37.6,385000 4246000,32.5,Suitable,dodgerblue,YES,239.227835,2638.341266,30.4471789999998
385000,4246000,CB5MH_MD,4.92126,1e+06,12.21,40.6,385000 4246000,1.5,Suitable,dodgerblue,YES,239.227835,2638.341266,30.4471789999998
385000,4246000,CB5MH_MD,96.78478,1e+06,9.57,37.6,385000 4246000,29.5,Suitable,dodgerblue,YES,239.227835,2638.341266,30.4471789999998
385000,4246000,CB5MH_MD,34.44882,1e+06,11.43,41.7,385000 4246000,10.5,Suitable,dodgerblue,YES,239.227835,2638.341266,30.4471789999998
385000,4246000,CB5MH_MD,31.16798,1e+06,11.47,41.8,385000 4246000,9.5,Suitable,dodgerblue,YES,239.227835,2638.341266,30.4471789999998
385000,4246000,CB5MH_MD,14.76378,1e+06,12.15,40.6,385000 4246000,4.5,Suitable,dodgerblue,YES,239.227835,2638.341266,30.4471789999998
385000,4246000,CB5MH_MD,37.72966,1e+06,11.37,41.5,385000 4246000,11.5,Suitable,dodgerblue,YES,239.227835,2638.341266,30.4471789999998
385000,4246000,CB5MH_MD,80.38058,1e+06,9.78,37.7,385000 4246000,24.5,Suitable,dodgerblue,YES,239.227835,2638.341266,30.4471789999998
385000,4246000,CB5MH_MD,54.13386,1e+06,10.48,40.3,385000 4246000,16.5,Suitable,dodgerblue,YES,239.227835,2638.341266,30.4471789999998
385000,4246000,CB5MH_MD,57.4147,1e+06,10.34,39.5,385000 4246000,17.5,Suitable,dodgerblue,YES,239.227835,2638.341266,30.4471789999998
385000,4246000,CB5MH_MD,103.34646,1e+06,9.5,37.6,385000 4246000,31.5,Suitable,dodgerblue,YES,239.227835,2638.341266,30.4471789999998
385000,4246000,CB5MH_MD,119.75066,1e+06,9.5,37.6,385000 4246000,36.5,Suitable,dodgerblue,YES,239.227835,2638.341266,30.4471789999998
385000,4246000,CB5MH_MD,8.2021,1e+06,12.18,40.5,385000 4246000,2.5,Suitable,dodgerblue,YES,239.227835,2638.341266,30.4471789999998
385000,4246000,CB5MH_MD,67.25722,1e+06,10.03,38.5,385000 4246000,20.5,Suitable,dodgerblue,YES,239.227835,2638.341266,30.4471789999998
385000,4246000,CB5MH_MD,1.64042,1e+06,12.24,40.7,385000 4246000,0.5,Suitable,dodgerblue,YES,239.227835,2638.341266,30.4471789999998
385000,4246000,CB5MH_MD,93.50394,1e+06,9.63,37.5,385000 4246000,28.5,Suitable,dodgerblue,YES,239.227835,2638.341266,30.4471789999998
385000,4246000,CB5MH_MD,90.2231,1e+06,9.63,37.5,385000 4246000,27.5,Suitable,dodgerblue,YES,239.227835,2638.341266,30.4471789999998
385000,4246000,CB5MH_MD,24.6063,1e+06,12.07,40.7,385000 4246000,7.5,Suitable,dodgerblue,YES,239.227835,2638.341266,30.4471789999998
385000,4246000,CB5MH_MD,73.8189,1e+06,9.9,38.2,385000 4246000,22.5,Suitable,dodgerblue,YES,239.227835,2638.341266,30.4471789999998
385000,4246000,CB5MH_MD,70.53806,1e+06,9.97,38.3,385000 4246000,21.5,Suitable,dodgerblue,YES,239.227835,2638.341266,30.4471789999998
385000,4246000,CB5MH_MD,60.69554,1e+06,10.19,38.9,385000 4246000,18.5,Suitable,dodgerblue,YES,239.227835,2638.341266,30.4471789999998
385000,4246000,CB5MH_MD,77.09974,1e+06,9.87,38,385000 4246000,23.5,Suitable,dodgerblue,YES,239.227835,2638.341266,30.4471789999998
385000,4246000,CB5MH_MD,63.97638,1e+06,10.06,38.7,385000 4246000,19.5,Suitable,dodgerblue,YES,239.227835,2638.341266,30.4471789999998
385000,4246000,CB5MH_MD,83.66142,1e+06,9.69,37.6,385000 4246000,25.5,Suitable,dodgerblue,YES,239.227835,2638.341266,30.4471789999998
385000,4247000,CB5MH_MD,27.88714,1e+06,11.46,41.9,385000 4247000,8.5,Suitable,dodgerblue,YES,239.227835,2638.962637,31.06855
385000,4247000,CB5MH_MD,24.6063,1e+06,12.05,40.7,385000 4247000,7.5,Suitable,dodgerblue,YES,239.227835,2638.962637,31.06855
385000,4247000,CB5MH_MD,80.38058,1e+06,9.82,37.8,385000 4247000,24.5,Suitable,dodgerblue,YES,239.227835,2638.962637,31.06855
385000,4247000,CB5MH_MD,47.57218,1e+06,11.14,40.6,385000 4247000,14.5,Suitable,dodgerblue,YES,239.227835,2638.962637,31.06855
385000,4247000,CB5MH_MD,54.13386,1e+06,10.54,40.3,385000 4247000,16.5,Suitable,dodgerblue,YES,239.227835,2638.962637,31.06855
385000,4247000,CB5MH_MD,11.48294,1e+06,12.15,40.6,385000 4247000,3.5,Suitable,dodgerblue,YES,239.227835,2638.962637,31.06855
385000,4247000,CB5MH_MD,8.2021,1e+06,12.15,40.6,385000 4247000,2.5,Suitable,dodgerblue,YES,239.227835,2638.962637,31.06855
385000,4247000,CB5MH_MD,77.09974,1e+06,9.95,38.2,385000 4247000,23.5,Suitable,dodgerblue,YES,239.227835,2638.962637,31.06855
385000,4247000,CB5MH_MD,73.8189,1e+06,9.98,38.4,385000 4247000,22.5,Suitable,dodgerblue,YES,239.227835,2638.962637,31.06855
385000,4247000,CB5MH_MD,57.4147,1e+06,10.44,39.7,385000 4247000,17.5,Suitable,dodgerblue,YES,239.227835,2638.962637,31.06855
385000,4247000,CB5MH_MD,44.29134,1e+06,11.24,40.8,385000 4247000,13.5,Suitable,dodgerblue,YES,239.227835,2638.962637,31.06855
385000,4247000,CB5MH_MD,67.25722,1e+06,10.15,38.9,385000 4247000,20.5,Suitable,dodgerblue,YES,239.227835,2638.962637,31.06855
385000,4247000,CB5MH_MD,18.04462,1e+06,12.09,40.7,385000 4247000,5.5,Suitable,dodgerblue,YES,239.227835,2638.962637,31.06855
385000,4247000,CB5MH_MD,21.32546,1e+06,12.07,40.7,385000 4247000,6.5,Suitable,dodgerblue,YES,239.227835,2638.962637,31.06855
385000,4247000,CB5MH_MD,14.76378,1e+06,12.12,40.7,385000 4247000,4.5,Suitable,dodgerblue,YES,239.227835,2638.962637,31.06855
385000,4247000,CB5MH_MD,70.53806,1e+06,10.06,38.6,385000 4247000,21.5,Suitable,dodgerblue,YES,239.227835,2638.962637,31.06855
385000,4247000,CB5MH_MD,1.64042,1e+06,12.21,40.8,385000 4247000,0.5,Suitable,dodgerblue,YES,239.227835,2638.962637,31.06855
385000,4247000,CB5MH_MD,63.97638,1e+06,10.19,39,385000 4247000,19.5,Suitable,dodgerblue,YES,239.227835,2638.962637,31.06855
385000,4247000,CB5MH_MD,60.69554,1e+06,10.3,39.2,385000 4247000,18.5,Suitable,dodgerblue,YES,239.227835,2638.962637,31.06855
385000,4247000,CB5MH_MD,50.85302,1e+06,10.71,40.7,385000 4247000,15.5,Suitable,dodgerblue,YES,239.227835,2638.962637,31.06855
385000,4247000,CB5MH_MD,103.34646,1e+06,9.5,37.6,385000 4247000,31.5,Suitable,dodgerblue,YES,239.227835,2638.962637,31.06855
385000,4247000,CB5MH_MD,31.16798,1e+06,11.47,41.8,385000 4247000,9.5,Suitable,dodgerblue,YES,239.227835,2638.962637,31.06855
385000,4247000,CB5MH_MD,34.44882,1e+06,11.45,41.6,385000 4247000,10.5,Suitable,dodgerblue,YES,239.227835,2638.962637,31.06855
385000,4247000,CB5MH_MD,4.92126,1e+06,12.18,40.7,385000 4247000,1.5,Suitable,dodgerblue,YES,239.227835,2638.962637,31.06855
385000,4247000,CB5MH_MD,90.2231,1e+06,9.65,37.5,385000 4247000,27.5,Suitable,dodgerblue,YES,239.227835,2638.962637,31.06855
385000,4247000,CB5MH_MD,86.94226,1e+06,9.66,37.5,385000 4247000,26.5,Suitable,dodgerblue,YES,239.227835,2638.962637,31.06855
385000,4247000,CB5MH_MD,96.78478,1e+06,9.57,37.6,385000 4247000,29.5,Suitable,dodgerblue,YES,239.227835,2638.962637,31.06855
385000,4247000,CB5MH_MD,37.72966,1e+06,11.38,41.4,385000 4247000,11.5,Suitable,dodgerblue,YES,239.227835,2638.962637,31.06855
385000,4247000,CB5MH_MD,106.6273,1e+06,9.5,37.6,385000 4247000,32.5,Suitable,dodgerblue,YES,239.227835,2638.962637,31.06855
385000,4247000,CB5MH_MD,100.06562,1e+06,9.53,37.6,385000 4247000,30.5,Suitable,dodgerblue,YES,239.227835,2638.962637,31.06855
385000,4247000,CB5MH_MD,93.50394,1e+06,9.65,37.5,385000 4247000,28.5,Suitable,dodgerblue,YES,239.227835,2638.962637,31.06855
385000,4247000,CB5MH_MD,41.0105,1e+06,11.32,41.1,385000 4247000,12.5,Suitable,dodgerblue,YES,239.227835,2638.962637,31.06855
385000,4247000,CB5MH_MD,83.66142,1e+06,9.7,37.6,385000 4247000,25.5,Suitable,dodgerblue,YES,239.227835,2638.962637,31.06855
385000,4324000,CB3MH,18.04462,1e+06,10.88,42.7,385000 4324000,5.5,Suitable,dodgerblue,YES,239.227835,2686.808204,78.9141169999998
385000,4324000,CB3MH,14.76378,1e+06,11.03,42.9,385000 4324000,4.5,Suitable,dodgerblue,YES,239.227835,2686.808204,78.9141169999998
385000,4324000,CB3MH,37.72966,1e+06,9.74,40.3,385000 4324000,11.5,Suitable,dodgerblue,YES,239.227835,2686.808204,78.9141169999998
385000,4324000,CB3MH,11.48294,1e+06,11.18,43,385000 4324000,3.5,Suitable,dodgerblue,YES,239.227835,2686.808204,78.9141169999998
385000,4324000,CB3MH,41.0105,1e+06,9.73,40.2,385000 4324000,12.5,Suitable,dodgerblue,YES,239.227835,2686.808204,78.9141169999998
385000,4324000,CB3MH,44.29134,1e+06,9.7,39.9,385000 4324000,13.5,Suitable,dodgerblue,YES,239.227835,2686.808204,78.9141169999998
385000,4324000,CB3MH,27.88714,1e+06,10.42,42.6,385000 4324000,8.5,Suitable,dodgerblue,YES,239.227835,2686.808204,78.9141169999998
385000,4324000,CB3MH,4.92126,1e+06,11.4,43.3,385000 4324000,1.5,Suitable,dodgerblue,YES,239.227835,2686.808204,78.9141169999998
385000,4324000,CB3MH,21.32546,1e+06,10.79,42.5,385000 4324000,6.5,Suitable,dodgerblue,YES,239.227835,2686.808204,78.9141169999998
385000,4324000,CB3MH,24.6063,1e+06,10.58,42.3,385000 4324000,7.5,Suitable,dodgerblue,YES,239.227835,2686.808204,78.9141169999998
385000,4324000,CB3MH,31.16798,1e+06,10.18,42,385000 4324000,9.5,Suitable,dodgerblue,YES,239.227835,2686.808204,78.9141169999998
385000,4324000,CB3MH,34.44882,1e+06,10.02,41.3,385000 4324000,10.5,Suitable,dodgerblue,YES,239.227835,2686.808204,78.9141169999998
385000,4324000,CB3MH,8.2021,1e+06,11.29,43.2,385000 4324000,2.5,Suitable,dodgerblue,YES,239.227835,2686.808204,78.9141169999998
385000,4324000,CB3MH,1.64042,1e+06,11.44,43.4,385000 4324000,0.5,Suitable,dodgerblue,YES,239.227835,2686.808204,78.9141169999998
385000,4325000,CB3MH,18.04462,1e+06,10.82,42.6,385000 4325000,5.5,Suitable,dodgerblue,YES,239.227835,2687.429575,79.535488
385000,4325000,CB3MH,37.72966,1e+06,9.71,40.4,385000 4325000,11.5,Suitable,dodgerblue,YES,239.227835,2687.429575,79.535488
385000,4325000,CB3MH,1.64042,1e+06,11.46,43.4,385000 4325000,0.5,Suitable,dodgerblue,YES,239.227835,2687.429575,79.535488
385000,4325000,CB3MH,21.32546,1e+06,10.71,42.4,385000 4325000,6.5,Suitable,dodgerblue,YES,239.227835,2687.429575,79.535488
385000,4325000,CB3MH,8.2021,1e+06,11.3,43.2,385000 4325000,2.5,Suitable,dodgerblue,YES,239.227835,2687.429575,79.535488
385000,4325000,CB3MH,11.48294,1e+06,11.17,43,385000 4325000,3.5,Suitable,dodgerblue,YES,239.227835,2687.429575,79.535488
385000,4325000,CB3MH,27.88714,1e+06,10.33,42.6,385000 4325000,8.5,Suitable,dodgerblue,YES,239.227835,2687.429575,79.535488
385000,4325000,CB3MH,14.76378,1e+06,11,42.9,385000 4325000,4.5,Suitable,dodgerblue,YES,239.227835,2687.429575,79.535488
385000,4325000,CB3MH,41.0105,1e+06,9.72,40.4,385000 4325000,12.5,Suitable,dodgerblue,YES,239.227835,2687.429575,79.535488
385000,4325000,CB3MH,47.57218,1e+06,9.65,39.8,385000 4325000,14.5,Suitable,dodgerblue,YES,239.227835,2687.429575,79.535488
385000,4325000,CB3MH,24.6063,1e+06,10.39,42.4,385000 4325000,7.5,Suitable,dodgerblue,YES,239.227835,2687.429575,79.535488
385000,4325000,CB3MH,31.16798,1e+06,10.12,42,385000 4325000,9.5,Suitable,dodgerblue,YES,239.227835,2687.429575,79.535488
385000,4325000,CB3MH,34.44882,1e+06,9.99,41.3,385000 4325000,10.5,Suitable,dodgerblue,YES,239.227835,2687.429575,79.535488
385000,4325000,CB3MH,4.92126,1e+06,11.42,43.3,385000 4325000,1.5,Suitable,dodgerblue,YES,239.227835,2687.429575,79.535488
385000,4325000,CB3MH,44.29134,1e+06,9.7,40.1,385000 4325000,13.5,Suitable,dodgerblue,YES,239.227835,2687.429575,79.535488
385000,4333000,CB3MH,14.76378,1e+06,10.52,43.6,385000 4333000,4.5,Suitable,dodgerblue,YES,239.227835,2692.400543,84.5064560000001
385000,4333000,CB3MH,21.32546,1e+06,9.62,42.4,385000 4333000,6.5,Suitable,dodgerblue,YES,239.227835,2692.400543,84.5064560000001
385000,4333000,CB3MH,27.88714,1e+06,9.41,40.7,385000 4333000,8.5,Suitable,dodgerblue,YES,239.227835,2692.400543,84.5064560000001
385000,4333000,CB3MH,24.6063,1e+06,9.49,41.5,385000 4333000,7.5,Suitable,dodgerblue,YES,239.227835,2692.400543,84.5064560000001
385000,4333000,CB3MH,1.64042,1e+06,11.74,44.4,385000 4333000,0.5,Suitable,dodgerblue,YES,239.227835,2692.400543,84.5064560000001
385000,4333000,CB3MH,18.04462,1e+06,9.89,42.9,385000 4333000,5.5,Suitable,dodgerblue,YES,239.227835,2692.400543,84.5064560000001
385000,4333000,CB3MH,11.48294,1e+06,11.08,44,385000 4333000,3.5,Suitable,dodgerblue,YES,239.227835,2692.400543,84.5064560000001
385000,4333000,CB3MH,37.72966,1e+06,9.48,40,385000 4333000,11.5,Suitable,dodgerblue,YES,239.227835,2692.400543,84.5064560000001
385000,4333000,CB3MH,31.16798,1e+06,9.42,40.3,385000 4333000,9.5,Suitable,dodgerblue,YES,239.227835,2692.400543,84.5064560000001
385000,4333000,CB3MH,4.92126,1e+06,11.64,44.3,385000 4333000,1.5,Suitable,dodgerblue,YES,239.227835,2692.400543,84.5064560000001
385000,4333000,CB3MH,8.2021,1e+06,11.41,44.2,385000 4333000,2.5,Suitable,dodgerblue,YES,239.227835,2692.400543,84.5064560000001
385000,4333000,CB3MH,34.44882,1e+06,9.45,40,385000 4333000,10.5,Suitable,dodgerblue,YES,239.227835,2692.400543,84.5064560000001
385000,4334000,CB3MH,21.32546,1e+06,9.57,42.3,385000 4334000,6.5,Suitable,dodgerblue,YES,239.227835,2693.021914,85.1278269999998
385000,4334000,CB3MH,24.6063,1e+06,9.46,41.4,385000 4334000,7.5,Suitable,dodgerblue,YES,239.227835,2693.021914,85.1278269999998
385000,4334000,CB3MH,14.76378,1e+06,10.51,43.5,385000 4334000,4.5,Suitable,dodgerblue,YES,239.227835,2693.021914,85.1278269999998
385000,4334000,CB3MH,8.2021,1e+06,11.43,44.1,385000 4334000,2.5,Suitable,dodgerblue,YES,239.227835,2693.021914,85.1278269999998
385000,4334000,CB3MH,31.16798,1e+06,9.39,40.2,385000 4334000,9.5,Suitable,dodgerblue,YES,239.227835,2693.021914,85.1278269999998
385000,4334000,CB3MH,11.48294,1e+06,11.09,43.9,385000 4334000,3.5,Suitable,dodgerblue,YES,239.227835,2693.021914,85.1278269999998
385000,4334000,CB3MH,1.64042,1e+06,11.76,44.3,385000 4334000,0.5,Suitable,dodgerblue,YES,239.227835,2693.021914,85.1278269999998
385000,4334000,CB3MH,27.88714,1e+06,9.37,40.6,385000 4334000,8.5,Suitable,dodgerblue,YES,239.227835,2693.021914,85.1278269999998
385000,4334000,CB3MH,18.04462,1e+06,9.85,42.9,385000 4334000,5.5,Suitable,dodgerblue,YES,239.227835,2693.021914,85.1278269999998
385000,4334000,CB3MH,4.92126,1e+06,11.66,44.2,385000 4334000,1.5,Suitable,dodgerblue,YES,239.227835,2693.021914,85.1278269999998
385000,4334000,CB3MH,34.44882,1e+06,9.43,39.9,385000 4334000,10.5,Suitable,dodgerblue,YES,239.227835,2693.021914,85.1278269999998
386000,4244000,CB5MH_MD,11.48294,1e+06,11.73,41.3,386000 4244000,3.5,Suitable,dodgerblue,YES,239.849206,2637.098524,29.2044369999999
386000,4244000,CB5MH_MD,18.04462,1e+06,11.64,41.6,386000 4244000,5.5,Suitable,dodgerblue,YES,239.849206,2637.098524,29.2044369999999
386000,4244000,CB5MH_MD,60.69554,1e+06,10,38.4,386000 4244000,18.5,Suitable,dodgerblue,YES,239.849206,2637.098524,29.2044369999999
386000,4244000,CB5MH_MD,83.66142,1e+06,9.69,37.6,386000 4244000,25.5,Suitable,dodgerblue,YES,239.849206,2637.098524,29.2044369999999
386000,4244000,CB5MH_MD,14.76378,1e+06,11.69,41.4,386000 4244000,4.5,Suitable,dodgerblue,YES,239.849206,2637.098524,29.2044369999999
386000,4244000,CB5MH_MD,47.57218,1e+06,10.95,41.2,386000 4244000,14.5,Suitable,dodgerblue,YES,239.849206,2637.098524,29.2044369999999
386000,4244000,CB5MH_MD,4.92126,1e+06,11.77,41.4,386000 4244000,1.5,Suitable,dodgerblue,YES,239.849206,2637.098524,29.2044369999999
386000,4244000,CB5MH_MD,50.85302,1e+06,10.66,41,386000 4244000,15.5,Suitable,dodgerblue,YES,239.849206,2637.098524,29.2044369999999
386000,4244000,CB5MH_MD,67.25722,1e+06,9.85,38,386000 4244000,20.5,Suitable,dodgerblue,YES,239.849206,2637.098524,29.2044369999999
386000,4244000,CB5MH_MD,44.29134,1e+06,11.05,41.5,386000 4244000,13.5,Suitable,dodgerblue,YES,239.849206,2637.098524,29.2044369999999
386000,4244000,CB5MH_MD,73.8189,1e+06,9.76,37.9,386000 4244000,22.5,Suitable,dodgerblue,YES,239.849206,2637.098524,29.2044369999999
386000,4244000,CB5MH_MD,8.2021,1e+06,11.73,41.3,386000 4244000,2.5,Suitable,dodgerblue,YES,239.849206,2637.098524,29.2044369999999
386000,4244000,CB5MH_MD,21.32546,1e+06,11.6,41.6,386000 4244000,6.5,Suitable,dodgerblue,YES,239.849206,2637.098524,29.2044369999999
386000,4244000,CB5MH_MD,77.09974,1e+06,9.74,37.8,386000 4244000,23.5,Suitable,dodgerblue,YES,239.849206,2637.098524,29.2044369999999
386000,4244000,CB5MH_MD,37.72966,1e+06,11.17,42,386000 4244000,11.5,Suitable,dodgerblue,YES,239.849206,2637.098524,29.2044369999999
386000,4244000,CB5MH_MD,70.53806,1e+06,9.82,37.9,386000 4244000,21.5,Suitable,dodgerblue,YES,239.849206,2637.098524,29.2044369999999
386000,4244000,CB5MH_MD,86.94226,1e+06,9.63,37.6,386000 4244000,26.5,Suitable,dodgerblue,YES,239.849206,2637.098524,29.2044369999999
386000,4244000,CB5MH_MD,34.44882,1e+06,11.25,42.2,386000 4244000,10.5,Suitable,dodgerblue,YES,239.849206,2637.098524,29.2044369999999
386000,4244000,CB5MH_MD,27.88714,1e+06,11.29,42.2,386000 4244000,8.5,Suitable,dodgerblue,YES,239.849206,2637.098524,29.2044369999999
386000,4244000,CB5MH_MD,41.0105,1e+06,11.13,41.8,386000 4244000,12.5,Suitable,dodgerblue,YES,239.849206,2637.098524,29.2044369999999
386000,4244000,CB5MH_MD,63.97638,1e+06,9.86,38.1,386000 4244000,19.5,Suitable,dodgerblue,YES,239.849206,2637.098524,29.2044369999999
386000,4244000,CB5MH_MD,93.50394,1e+06,9.61,37.6,386000 4244000,28.5,Suitable,dodgerblue,YES,239.849206,2637.098524,29.2044369999999
386000,4244000,CB5MH_MD,31.16798,1e+06,11.3,42.2,386000 4244000,9.5,Suitable,dodgerblue,YES,239.849206,2637.098524,29.2044369999999
386000,4244000,CB5MH_MD,57.4147,1e+06,10.19,39.2,386000 4244000,17.5,Suitable,dodgerblue,YES,239.849206,2637.098524,29.2044369999999
386000,4244000,CB5MH_MD,24.6063,1e+06,11.56,41.7,386000 4244000,7.5,Suitable,dodgerblue,YES,239.849206,2637.098524,29.2044369999999
386000,4244000,CB5MH_MD,80.38058,1e+06,9.72,37.7,386000 4244000,24.5,Suitable,dodgerblue,YES,239.849206,2637.098524,29.2044369999999
386000,4244000,CB5MH_MD,90.2231,1e+06,9.61,37.6,386000 4244000,27.5,Suitable,dodgerblue,YES,239.849206,2637.098524,29.2044369999999
386000,4244000,CB5MH_MD,1.64042,1e+06,11.81,41.5,386000 4244000,0.5,Suitable,dodgerblue,YES,239.849206,2637.098524,29.2044369999999
386000,4244000,CB5MH_MD,54.13386,1e+06,10.38,40.3,386000 4244000,16.5,Suitable,dodgerblue,YES,239.849206,2637.098524,29.2044369999999
386000,4245000,CB5MH_MD,90.2231,1e+06,9.62,37.6,386000 4245000,27.5,Suitable,dodgerblue,YES,239.849206,2637.719895,29.8258080000001
386000,4245000,CB5MH_MD,106.6273,1e+06,9.5,37.6,386000 4245000,32.5,Suitable,dodgerblue,YES,239.849206,2637.719895,29.8258080000001
386000,4245000,CB5MH_MD,37.72966,1e+06,11.25,41.8,386000 4245000,11.5,Suitable,dodgerblue,YES,239.849206,2637.719895,29.8258080000001
386000,4245000,CB5MH_MD,113.18898,1e+06,9.5,37.6,386000 4245000,34.5,Suitable,dodgerblue,YES,239.849206,2637.719895,29.8258080000001
386000,4245000,CB5MH_MD,100.06562,1e+06,9.53,37.6,386000 4245000,30.5,Suitable,dodgerblue,YES,239.849206,2637.719895,29.8258080000001
386000,4245000,CB5MH_MD,34.44882,1e+06,11.32,42,386000 4245000,10.5,Suitable,dodgerblue,YES,239.849206,2637.719895,29.8258080000001
386000,4245000,CB5MH_MD,96.78478,1e+06,9.57,37.6,386000 4245000,29.5,Suitable,dodgerblue,YES,239.849206,2637.719895,29.8258080000001
386000,4245000,CB5MH_MD,18.04462,1e+06,11.83,41.2,386000 4245000,5.5,Suitable,dodgerblue,YES,239.849206,2637.719895,29.8258080000001
386000,4245000,CB5MH_MD,1.64042,1e+06,11.98,41.2,386000 4245000,0.5,Suitable,dodgerblue,YES,239.849206,2637.719895,29.8258080000001
386000,4245000,CB5MH_MD,109.90814,1e+06,9.5,37.6,386000 4245000,33.5,Suitable,dodgerblue,YES,239.849206,2637.719895,29.8258080000001
386000,4245000,CB5MH_MD,93.50394,1e+06,9.62,37.6,386000 4245000,28.5,Suitable,dodgerblue,YES,239.849206,2637.719895,29.8258080000001
386000,4245000,CB5MH_MD,86.94226,1e+06,9.64,37.6,386000 4245000,26.5,Suitable,dodgerblue,YES,239.849206,2637.719895,29.8258080000001
386000,4245000,CB5MH_MD,60.69554,1e+06,10.07,38.6,386000 4245000,18.5,Suitable,dodgerblue,YES,239.849206,2637.719895,29.8258080000001
386000,4245000,CB5MH_MD,24.6063,1e+06,11.76,41.3,386000 4245000,7.5,Suitable,dodgerblue,YES,239.849206,2637.719895,29.8258080000001
386000,4245000,CB5MH_MD,27.88714,1e+06,11.36,42.1,386000 4245000,8.5,Suitable,dodgerblue,YES,239.849206,2637.719895,29.8258080000001
386000,4245000,CB5MH_MD,31.16798,1e+06,11.36,42.1,386000 4245000,9.5,Suitable,dodgerblue,YES,239.849206,2637.719895,29.8258080000001
386000,4245000,CB5MH_MD,14.76378,1e+06,11.87,41.1,386000 4245000,4.5,Suitable,dodgerblue,YES,239.849206,2637.719895,29.8258080000001
386000,4245000,CB5MH_MD,57.4147,1e+06,10.24,39.3,386000 4245000,17.5,Suitable,dodgerblue,YES,239.849206,2637.719895,29.8258080000001
386000,4245000,CB5MH_MD,103.34646,1e+06,9.5,37.6,386000 4245000,31.5,Suitable,dodgerblue,YES,239.849206,2637.719895,29.8258080000001
386000,4245000,CB5MH_MD,41.0105,1e+06,11.2,41.6,386000 4245000,12.5,Suitable,dodgerblue,YES,239.849206,2637.719895,29.8258080000001
386000,4245000,CB5MH_MD,80.38058,1e+06,9.74,37.7,386000 4245000,24.5,Suitable,dodgerblue,YES,239.849206,2637.719895,29.8258080000001
386000,4245000,CB5MH_MD,4.92126,1e+06,11.94,41.1,386000 4245000,1.5,Suitable,dodgerblue,YES,239.849206,2637.719895,29.8258080000001
386000,4245000,CB5MH_MD,83.66142,1e+06,9.69,37.6,386000 4245000,25.5,Suitable,dodgerblue,YES,239.849206,2637.719895,29.8258080000001
386000,4245000,CB5MH_MD,21.32546,1e+06,11.79,41.2,386000 4245000,6.5,Suitable,dodgerblue,YES,239.849206,2637.719895,29.8258080000001
386000,4245000,CB5MH_MD,70.53806,1e+06,9.87,38.1,386000 4245000,21.5,Suitable,dodgerblue,YES,239.849206,2637.719895,29.8258080000001
386000,4245000,CB5MH_MD,77.09974,1e+06,9.78,37.9,386000 4245000,23.5,Suitable,dodgerblue,YES,239.849206,2637.719895,29.8258080000001
386000,4245000,CB5MH_MD,63.97638,1e+06,9.93,38.3,386000 4245000,19.5,Suitable,dodgerblue,YES,239.849206,2637.719895,29.8258080000001
386000,4245000,CB5MH_MD,67.25722,1e+06,9.92,38.2,386000 4245000,20.5,Suitable,dodgerblue,YES,239.849206,2637.719895,29.8258080000001
386000,4245000,CB5MH_MD,47.57218,1e+06,11.03,41.1,386000 4245000,14.5,Suitable,dodgerblue,YES,239.849206,2637.719895,29.8258080000001
386000,4245000,CB5MH_MD,11.48294,1e+06,11.91,41,386000 4245000,3.5,Suitable,dodgerblue,YES,239.849206,2637.719895,29.8258080000001
386000,4245000,CB5MH_MD,8.2021,1e+06,11.91,41,386000 4245000,2.5,Suitable,dodgerblue,YES,239.849206,2637.719895,29.8258080000001
386000,4245000,CB5MH_MD,73.8189,1e+06,9.81,38,386000 4245000,22.5,Suitable,dodgerblue,YES,239.849206,2637.719895,29.8258080000001
386000,4245000,CB5MH_MD,50.85302,1e+06,10.67,40.9,386000 4245000,15.5,Suitable,dodgerblue,YES,239.849206,2637.719895,29.8258080000001
386000,4245000,CB5MH_MD,44.29134,1e+06,11.12,41.3,386000 4245000,13.5,Suitable,dodgerblue,YES,239.849206,2637.719895,29.8258080000001
386000,4245000,CB5MH_MD,54.13386,1e+06,10.41,40.4,386000 4245000,16.5,Suitable,dodgerblue,YES,239.849206,2637.719895,29.8258080000001
386000,4326000,CB3MH,37.72966,1e+06,9.67,40.4,386000 4326000,11.5,Suitable,dodgerblue,YES,239.849206,2688.050946,80.1568589999997
386000,4326000,CB3MH,14.76378,1e+06,10.96,42.9,386000 4326000,4.5,Suitable,dodgerblue,YES,239.849206,2688.050946,80.1568589999997
386000,4326000,CB3MH,31.16798,1e+06,10.06,41.9,386000 4326000,9.5,Suitable,dodgerblue,YES,239.849206,2688.050946,80.1568589999997
386000,4326000,CB3MH,41.0105,1e+06,9.71,40.6,386000 4326000,12.5,Suitable,dodgerblue,YES,239.849206,2688.050946,80.1568589999997
386000,4326000,CB3MH,34.44882,1e+06,9.95,41.3,386000 4326000,10.5,Suitable,dodgerblue,YES,239.849206,2688.050946,80.1568589999997
386000,4326000,CB3MH,24.6063,1e+06,10.41,42.2,386000 4326000,7.5,Suitable,dodgerblue,YES,239.849206,2688.050946,80.1568589999997
386000,4326000,CB3MH,21.32546,1e+06,10.6,42.4,386000 4326000,6.5,Suitable,dodgerblue,YES,239.849206,2688.050946,80.1568589999997
386000,4326000,CB3MH,18.04462,1e+06,10.73,42.7,386000 4326000,5.5,Suitable,dodgerblue,YES,239.849206,2688.050946,80.1568589999997
386000,4326000,CB3MH,8.2021,1e+06,11.32,43.3,386000 4326000,2.5,Suitable,dodgerblue,YES,239.849206,2688.050946,80.1568589999997
386000,4326000,CB3MH,1.64042,1e+06,11.49,43.5,386000 4326000,0.5,Suitable,dodgerblue,YES,239.849206,2688.050946,80.1568589999997
386000,4326000,CB3MH,4.92126,1e+06,11.44,43.4,386000 4326000,1.5,Suitable,dodgerblue,YES,239.849206,2688.050946,80.1568589999997
386000,4326000,CB3MH,44.29134,1e+06,9.7,40.3,386000 4326000,13.5,Suitable,dodgerblue,YES,239.849206,2688.050946,80.1568589999997
386000,4326000,CB3MH,50.85302,1e+06,9.55,38.4,386000 4326000,15.5,Suitable,dodgerblue,YES,239.849206,2688.050946,80.1568589999997
386000,4326000,CB3MH,47.57218,1e+06,9.65,39.9,386000 4326000,14.5,Suitable,dodgerblue,YES,239.849206,2688.050946,80.1568589999997
386000,4326000,CB3MH,27.88714,1e+06,10.22,42.4,386000 4326000,8.5,Suitable,dodgerblue,YES,239.849206,2688.050946,80.1568589999997
386000,4326000,CB3MH,11.48294,1e+06,11.17,43.1,386000 4326000,3.5,Suitable,dodgerblue,YES,239.849206,2688.050946,80.1568589999997
386000,4331000,CB3MH,14.76378,1e+06,10.66,43.2,386000 4331000,4.5,Suitable,dodgerblue,YES,239.849206,2691.157801,83.2637139999997
386000,4331000,CB3MH,1.64042,1e+06,11.69,44,386000 4331000,0.5,Suitable,dodgerblue,YES,239.849206,2691.157801,83.2637139999997
386000,4331000,CB3MH,24.6063,1e+06,9.69,41.7,386000 4331000,7.5,Suitable,dodgerblue,YES,239.849206,2691.157801,83.2637139999997
386000,4331000,CB3MH,41.0105,1e+06,9.65,41.3,386000 4331000,12.5,Suitable,dodgerblue,YES,239.849206,2691.157801,83.2637139999997
386000,4331000,CB3MH,31.16798,1e+06,9.49,40.6,386000 4331000,9.5,Suitable,dodgerblue,YES,239.849206,2691.157801,83.2637139999997
386000,4331000,CB3MH,21.32546,1e+06,9.88,42.2,386000 4331000,6.5,Suitable,dodgerblue,YES,239.849206,2691.157801,83.2637139999997
386000,4331000,CB3MH,11.48294,1e+06,11.12,43.6,386000 4331000,3.5,Suitable,dodgerblue,YES,239.849206,2691.157801,83.2637139999997
386000,4331000,CB3MH,18.04462,1e+06,10.12,42.7,386000 4331000,5.5,Suitable,dodgerblue,YES,239.849206,2691.157801,83.2637139999997
386000,4331000,CB3MH,34.44882,1e+06,9.49,40.3,386000 4331000,10.5,Suitable,dodgerblue,YES,239.849206,2691.157801,83.2637139999997
386000,4331000,CB3MH,4.92126,1e+06,11.61,43.9,386000 4331000,1.5,Suitable,dodgerblue,YES,239.849206,2691.157801,83.2637139999997
386000,4331000,CB3MH,37.72966,1e+06,9.51,40.1,386000 4331000,11.5,Suitable,dodgerblue,YES,239.849206,2691.157801,83.2637139999997
386000,4331000,CB3MH,47.57218,1e+06,9.65,40.5,386000 4331000,14.5,Suitable,dodgerblue,YES,239.849206,2691.157801,83.2637139999997
386000,4331000,CB3MH,44.29134,1e+06,9.69,40.9,386000 4331000,13.5,Suitable,dodgerblue,YES,239.849206,2691.157801,83.2637139999997
386000,4331000,CB3MH,27.88714,1e+06,9.51,41,386000 4331000,8.5,Suitable,dodgerblue,YES,239.849206,2691.157801,83.2637139999997
386000,4331000,CB3MH,8.2021,1e+06,11.4,43.8,386000 4331000,2.5,Suitable,dodgerblue,YES,239.849206,2691.157801,83.2637139999997
386000,4331000,CB3MH,50.85302,1e+06,9.55,38.4,386000 4331000,15.5,Suitable,dodgerblue,YES,239.849206,2691.157801,83.2637139999997
386000,4332000,CB3MH,31.16798,1e+06,9.44,40.4,386000 4332000,9.5,Suitable,dodgerblue,YES,239.849206,2691.779172,83.8850849999999
386000,4332000,CB3MH,37.72966,1e+06,9.49,40,386000 4332000,11.5,Suitable,dodgerblue,YES,239.849206,2691.779172,83.8850849999999
386000,4332000,CB3MH,24.6063,1e+06,9.51,41.6,386000 4332000,7.5,Suitable,dodgerblue,YES,239.849206,2691.779172,83.8850849999999
386000,4332000,CB3MH,8.2021,1e+06,11.4,44.2,386000 4332000,2.5,Suitable,dodgerblue,YES,239.849206,2691.779172,83.8850849999999
386000,4332000,CB3MH,21.32546,1e+06,9.65,42.4,386000 4332000,6.5,Suitable,dodgerblue,YES,239.849206,2691.779172,83.8850849999999
386000,4332000,CB3MH,34.44882,1e+06,9.46,40.1,386000 4332000,10.5,Suitable,dodgerblue,YES,239.849206,2691.779172,83.8850849999999
386000,4332000,CB3MH,1.64042,1e+06,11.72,44.4,386000 4332000,0.5,Suitable,dodgerblue,YES,239.849206,2691.779172,83.8850849999999
386000,4332000,CB3MH,27.88714,1e+06,9.43,40.8,386000 4332000,8.5,Suitable,dodgerblue,YES,239.849206,2691.779172,83.8850849999999
386000,4332000,CB3MH,18.04462,1e+06,9.91,43,386000 4332000,5.5,Suitable,dodgerblue,YES,239.849206,2691.779172,83.8850849999999
386000,4332000,CB3MH,14.76378,1e+06,10.53,43.6,386000 4332000,4.5,Suitable,dodgerblue,YES,239.849206,2691.779172,83.8850849999999
386000,4332000,CB3MH,11.48294,1e+06,11.08,44,386000 4332000,3.5,Suitable,dodgerblue,YES,239.849206,2691.779172,83.8850849999999
386000,4332000,CB3MH,4.92126,1e+06,11.63,44.3,386000 4332000,1.5,Suitable,dodgerblue,YES,239.849206,2691.779172,83.8850849999999
386000,4334000,CB3MH,1.64042,1e+06,11.78,44.3,386000 4334000,0.5,Suitable,dodgerblue,YES,239.849206,2693.021914,85.1278269999998
386000,4334000,CB3MH,31.16798,1e+06,9.37,40,386000 4334000,9.5,Suitable,dodgerblue,YES,239.849206,2693.021914,85.1278269999998
386000,4334000,CB3MH,34.44882,1e+06,9.42,39.8,386000 4334000,10.5,Suitable,dodgerblue,YES,239.849206,2693.021914,85.1278269999998
386000,4334000,CB3MH,4.92126,1e+06,11.68,44.2,386000 4334000,1.5,Suitable,dodgerblue,YES,239.849206,2693.021914,85.1278269999998
386000,4334000,CB3MH,11.48294,1e+06,11.09,43.9,386000 4334000,3.5,Suitable,dodgerblue,YES,239.849206,2693.021914,85.1278269999998
386000,4334000,CB3MH,8.2021,1e+06,11.44,44.1,386000 4334000,2.5,Suitable,dodgerblue,YES,239.849206,2693.021914,85.1278269999998
386000,4334000,CB3MH,14.76378,1e+06,10.51,43.5,386000 4334000,4.5,Suitable,dodgerblue,YES,239.849206,2693.021914,85.1278269999998
386000,4334000,CB3MH,21.32546,1e+06,9.54,42.2,386000 4334000,6.5,Suitable,dodgerblue,YES,239.849206,2693.021914,85.1278269999998
386000,4334000,CB3MH,24.6063,1e+06,9.43,41.3,386000 4334000,7.5,Suitable,dodgerblue,YES,239.849206,2693.021914,85.1278269999998
386000,4334000,CB3MH,27.88714,1e+06,9.34,40.5,386000 4334000,8.5,Suitable,dodgerblue,YES,239.849206,2693.021914,85.1278269999998
386000,4334000,CB3MH,18.04462,1e+06,9.83,42.8,386000 4334000,5.5,Suitable,dodgerblue,YES,239.849206,2693.021914,85.1278269999998
386000,4335000,CB3MH,27.88714,1e+06,9.32,40.4,386000 4335000,8.5,Suitable,dodgerblue,YES,239.849206,2693.643285,85.749198
386000,4335000,CB3MH,4.92126,1e+06,11.69,44.2,386000 4335000,1.5,Suitable,dodgerblue,YES,239.849206,2693.643285,85.749198
386000,4335000,CB3MH,18.04462,1e+06,9.81,42.7,386000 4335000,5.5,Suitable,dodgerblue,YES,239.849206,2693.643285,85.749198
386000,4335000,CB3MH,1.64042,1e+06,11.79,44.3,386000 4335000,0.5,Suitable,dodgerblue,YES,239.849206,2693.643285,85.749198
386000,4335000,CB3MH,14.76378,1e+06,10.5,43.4,386000 4335000,4.5,Suitable,dodgerblue,YES,239.849206,2693.643285,85.749198
386000,4335000,CB3MH,21.32546,1e+06,9.52,42.1,386000 4335000,6.5,Suitable,dodgerblue,YES,239.849206,2693.643285,85.749198
386000,4335000,CB3MH,24.6063,1e+06,9.41,41.3,386000 4335000,7.5,Suitable,dodgerblue,YES,239.849206,2693.643285,85.749198
386000,4335000,CB3MH,8.2021,1e+06,11.44,44.1,386000 4335000,2.5,Suitable,dodgerblue,YES,239.849206,2693.643285,85.749198
386000,4335000,CB3MH,31.16798,1e+06,9.36,40,386000 4335000,9.5,Suitable,dodgerblue,YES,239.849206,2693.643285,85.749198
386000,4335000,CB3MH,11.48294,1e+06,11.1,43.8,386000 4335000,3.5,Suitable,dodgerblue,YES,239.849206,2693.643285,85.749198
386000,4336000,CB3MH,14.76378,1e+06,10.5,43.4,386000 4336000,4.5,Suitable,dodgerblue,YES,239.849206,2694.264656,86.3705689999997
386000,4336000,CB3MH,4.92126,1e+06,11.69,44.2,386000 4336000,1.5,Suitable,dodgerblue,YES,239.849206,2694.264656,86.3705689999997
386000,4336000,CB3MH,21.32546,1e+06,9.51,42.1,386000 4336000,6.5,Suitable,dodgerblue,YES,239.849206,2694.264656,86.3705689999997
386000,4336000,CB3MH,18.04462,1e+06,9.81,42.7,386000 4336000,5.5,Suitable,dodgerblue,YES,239.849206,2694.264656,86.3705689999997
386000,4336000,CB3MH,24.6063,1e+06,9.41,41.2,386000 4336000,7.5,Suitable,dodgerblue,YES,239.849206,2694.264656,86.3705689999997
386000,4336000,CB3MH,8.2021,1e+06,11.44,44.1,386000 4336000,2.5,Suitable,dodgerblue,YES,239.849206,2694.264656,86.3705689999997
386000,4336000,CB3MH,1.64042,1e+06,11.79,44.2,386000 4336000,0.5,Suitable,dodgerblue,YES,239.849206,2694.264656,86.3705689999997
386000,4336000,CB3MH,11.48294,1e+06,11.1,43.8,386000 4336000,3.5,Suitable,dodgerblue,YES,239.849206,2694.264656,86.3705689999997
387000,4239000,CB5MH_MD,80.38058,1e+06,9.73,37.7,387000 4239000,24.5,Suitable,dodgerblue,YES,240.470577,2633.991669,26.0975819999999
387000,4239000,CB5MH_MD,31.16798,1e+06,11.33,42.1,387000 4239000,9.5,Suitable,dodgerblue,YES,240.470577,2633.991669,26.0975819999999
387000,4239000,CB5MH_MD,57.4147,1e+06,10.19,39.3,387000 4239000,17.5,Suitable,dodgerblue,YES,240.470577,2633.991669,26.0975819999999
387000,4239000,CB5MH_MD,44.29134,1e+06,11.09,41.4,387000 4239000,13.5,Suitable,dodgerblue,YES,240.470577,2633.991669,26.0975819999999
387000,4239000,CB5MH_MD,41.0105,1e+06,11.16,41.7,387000 4239000,12.5,Suitable,dodgerblue,YES,240.470577,2633.991669,26.0975819999999
387000,4239000,CB5MH_MD,60.69554,1e+06,10,38.4,387000 4239000,18.5,Suitable,dodgerblue,YES,240.470577,2633.991669,26.0975819999999
387000,4239000,CB5MH_MD,70.53806,1e+06,9.83,38,387000 4239000,21.5,Suitable,dodgerblue,YES,240.470577,2633.991669,26.0975819999999
387000,4239000,CB5MH_MD,27.88714,1e+06,11.34,42.1,387000 4239000,8.5,Suitable,dodgerblue,YES,240.470577,2633.991669,26.0975819999999
387000,4239000,CB5MH_MD,50.85302,1e+06,10.66,41,387000 4239000,15.5,Suitable,dodgerblue,YES,240.470577,2633.991669,26.0975819999999
387000,4239000,CB5MH_MD,11.48294,1e+06,11.77,41.2,387000 4239000,3.5,Suitable,dodgerblue,YES,240.470577,2633.991669,26.0975819999999
387000,4239000,CB5MH_MD,63.97638,1e+06,9.86,38.1,387000 4239000,19.5,Suitable,dodgerblue,YES,240.470577,2633.991669,26.0975819999999
387000,4239000,CB5MH_MD,77.09974,1e+06,9.74,37.8,387000 4239000,23.5,Suitable,dodgerblue,YES,240.470577,2633.991669,26.0975819999999
387000,4239000,CB5MH_MD,24.6063,1e+06,11.6,41.6,387000 4239000,7.5,Suitable,dodgerblue,YES,240.470577,2633.991669,26.0975819999999
387000,4239000,CB5MH_MD,21.32546,1e+06,11.64,41.5,387000 4239000,6.5,Suitable,dodgerblue,YES,240.470577,2633.991669,26.0975819999999
387000,4239000,CB5MH_MD,1.64042,1e+06,11.85,41.4,387000 4239000,0.5,Suitable,dodgerblue,YES,240.470577,2633.991669,26.0975819999999
387000,4239000,CB5MH_MD,54.13386,1e+06,10.38,40.4,387000 4239000,16.5,Suitable,dodgerblue,YES,240.470577,2633.991669,26.0975819999999
387000,4239000,CB5MH_MD,34.44882,1e+06,11.28,42.1,387000 4239000,10.5,Suitable,dodgerblue,YES,240.470577,2633.991669,26.0975819999999
387000,4239000,CB5MH_MD,4.92126,1e+06,11.81,41.3,387000 4239000,1.5,Suitable,dodgerblue,YES,240.470577,2633.991669,26.0975819999999
387000,4239000,CB5MH_MD,14.76378,1e+06,11.73,41.4,387000 4239000,4.5,Suitable,dodgerblue,YES,240.470577,2633.991669,26.0975819999999
387000,4239000,CB5MH_MD,67.25722,1e+06,9.85,38,387000 4239000,20.5,Suitable,dodgerblue,YES,240.470577,2633.991669,26.0975819999999
387000,4239000,CB5MH_MD,8.2021,1e+06,11.77,41.2,387000 4239000,2.5,Suitable,dodgerblue,YES,240.470577,2633.991669,26.0975819999999
387000,4239000,CB5MH_MD,18.04462,1e+06,11.68,41.5,387000 4239000,5.5,Suitable,dodgerblue,YES,240.470577,2633.991669,26.0975819999999
387000,4239000,CB5MH_MD,47.57218,1e+06,10.99,41.2,387000 4239000,14.5,Suitable,dodgerblue,YES,240.470577,2633.991669,26.0975819999999
387000,4239000,CB5MH_MD,73.8189,1e+06,9.76,37.9,387000 4239000,22.5,Suitable,dodgerblue,YES,240.470577,2633.991669,26.0975819999999
387000,4239000,CB5MH_MD,37.72966,1e+06,11.21,41.9,387000 4239000,11.5,Suitable,dodgerblue,YES,240.470577,2633.991669,26.0975819999999
387000,4240000,CB5MH_MD,21.32546,1e+06,11.46,41.9,387000 4240000,6.5,Suitable,dodgerblue,YES,240.470577,2634.61304,26.7189530000001
387000,4240000,CB5MH_MD,83.66142,1e+06,9.69,37.6,387000 4240000,25.5,Suitable,dodgerblue,YES,240.470577,2634.61304,26.7189530000001
387000,4240000,CB5MH_MD,37.72966,1e+06,11.14,42.1,387000 4240000,11.5,Suitable,dodgerblue,YES,240.470577,2634.61304,26.7189530000001
387000,4240000,CB5MH_MD,14.76378,1e+06,11.55,41.7,387000 4240000,4.5,Suitable,dodgerblue,YES,240.470577,2634.61304,26.7189530000001
387000,4240000,CB5MH_MD,8.2021,1e+06,11.59,41.5,387000 4240000,2.5,Suitable,dodgerblue,YES,240.470577,2634.61304,26.7189530000001
387000,4240000,CB5MH_MD,31.16798,1e+06,11.26,42.3,387000 4240000,9.5,Suitable,dodgerblue,YES,240.470577,2634.61304,26.7189530000001
387000,4240000,CB5MH_MD,11.48294,1e+06,11.59,41.5,387000 4240000,3.5,Suitable,dodgerblue,YES,240.470577,2634.61304,26.7189530000001
387000,4240000,CB5MH_MD,18.04462,1e+06,11.5,41.9,387000 4240000,5.5,Suitable,dodgerblue,YES,240.470577,2634.61304,26.7189530000001
387000,4240000,CB5MH_MD,44.29134,1e+06,11.02,41.6,387000 4240000,13.5,Suitable,dodgerblue,YES,240.470577,2634.61304,26.7189530000001
387000,4240000,CB5MH_MD,24.6063,1e+06,11.41,42,387000 4240000,7.5,Suitable,dodgerblue,YES,240.470577,2634.61304,26.7189530000001
387000,4240000,CB5MH_MD,80.38058,1e+06,9.71,37.6,387000 4240000,24.5,Suitable,dodgerblue,YES,240.470577,2634.61304,26.7189530000001
387000,4240000,CB5MH_MD,77.09974,1e+06,9.72,37.8,387000 4240000,23.5,Suitable,dodgerblue,YES,240.470577,2634.61304,26.7189530000001
387000,4240000,CB5MH_MD,27.88714,1e+06,11.27,42.3,387000 4240000,8.5,Suitable,dodgerblue,YES,240.470577,2634.61304,26.7189530000001
387000,4240000,CB5MH_MD,70.53806,1e+06,9.8,37.9,387000 4240000,21.5,Suitable,dodgerblue,YES,240.470577,2634.61304,26.7189530000001
387000,4240000,CB5MH_MD,96.78478,1e+06,9.57,37.6,387000 4240000,29.5,Suitable,dodgerblue,YES,240.470577,2634.61304,26.7189530000001
387000,4240000,CB5MH_MD,54.13386,1e+06,10.36,40.3,387000 4240000,16.5,Suitable,dodgerblue,YES,240.470577,2634.61304,26.7189530000001
387000,4240000,CB5MH_MD,41.0105,1e+06,11.09,41.9,387000 4240000,12.5,Suitable,dodgerblue,YES,240.470577,2634.61304,26.7189530000001
387000,4240000,CB5MH_MD,1.64042,1e+06,11.68,41.7,387000 4240000,0.5,Suitable,dodgerblue,YES,240.470577,2634.61304,26.7189530000001
387000,4240000,CB5MH_MD,86.94226,1e+06,9.63,37.6,387000 4240000,26.5,Suitable,dodgerblue,YES,240.470577,2634.61304,26.7189530000001
387000,4240000,CB5MH_MD,103.34646,1e+06,9.5,37.6,387000 4240000,31.5,Suitable,dodgerblue,YES,240.470577,2634.61304,26.7189530000001
387000,4240000,CB5MH_MD,73.8189,1e+06,9.74,37.9,387000 4240000,22.5,Suitable,dodgerblue,YES,240.470577,2634.61304,26.7189530000001
387000,4240000,CB5MH_MD,34.44882,1e+06,11.21,42.3,387000 4240000,10.5,Suitable,dodgerblue,YES,240.470577,2634.61304,26.7189530000001
387000,4240000,CB5MH_MD,67.25722,1e+06,9.82,37.9,387000 4240000,20.5,Suitable,dodgerblue,YES,240.470577,2634.61304,26.7189530000001
387000,4240000,CB5MH_MD,100.06562,1e+06,9.53,37.6,387000 4240000,30.5,Suitable,dodgerblue,YES,240.470577,2634.61304,26.7189530000001
387000,4240000,CB5MH_MD,93.50394,1e+06,9.61,37.6,387000 4240000,28.5,Suitable,dodgerblue,YES,240.470577,2634.61304,26.7189530000001
387000,4240000,CB5MH_MD,47.57218,1e+06,10.92,41.3,387000 4240000,14.5,Suitable,dodgerblue,YES,240.470577,2634.61304,26.7189530000001
387000,4240000,CB5MH_MD,90.2231,1e+06,9.61,37.6,387000 4240000,27.5,Suitable,dodgerblue,YES,240.470577,2634.61304,26.7189530000001
387000,4240000,CB5MH_MD,4.92126,1e+06,11.64,41.6,387000 4240000,1.5,Suitable,dodgerblue,YES,240.470577,2634.61304,26.7189530000001
387000,4240000,CB5MH_MD,57.4147,1e+06,10.17,39.2,387000 4240000,17.5,Suitable,dodgerblue,YES,240.470577,2634.61304,26.7189530000001
387000,4240000,CB5MH_MD,63.97638,1e+06,9.83,38,387000 4240000,19.5,Suitable,dodgerblue,YES,240.470577,2634.61304,26.7189530000001
387000,4240000,CB5MH_MD,106.6273,1e+06,9.5,37.6,387000 4240000,32.5,Suitable,dodgerblue,YES,240.470577,2634.61304,26.7189530000001
387000,4240000,CB5MH_MD,60.69554,1e+06,9.97,38.3,387000 4240000,18.5,Suitable,dodgerblue,YES,240.470577,2634.61304,26.7189530000001
387000,4240000,CB5MH_MD,50.85302,1e+06,10.65,41,387000 4240000,15.5,Suitable,dodgerblue,YES,240.470577,2634.61304,26.7189530000001
387000,4241000,CB5MH_MD,77.09974,1e+06,9.7,37.7,387000 4241000,23.5,Suitable,dodgerblue,YES,240.470577,2635.234411,27.3403239999998
387000,4241000,CB5MH_MD,63.97638,1e+06,9.81,37.9,387000 4241000,19.5,Suitable,dodgerblue,YES,240.470577,2635.234411,27.3403239999998
387000,4241000,CB5MH_MD,47.57218,1e+06,10.87,41.4,387000 4241000,14.5,Suitable,dodgerblue,YES,240.470577,2635.234411,27.3403239999998
387000,4241000,CB5MH_MD,60.69554,1e+06,9.96,38.2,387000 4241000,18.5,Suitable,dodgerblue,YES,240.470577,2635.234411,27.3403239999998
387000,4241000,CB5MH_MD,44.29134,1e+06,10.97,41.7,387000 4241000,13.5,Suitable,dodgerblue,YES,240.470577,2635.234411,27.3403239999998
387000,4241000,CB5MH_MD,80.38058,1e+06,9.7,37.6,387000 4241000,24.5,Suitable,dodgerblue,YES,240.470577,2635.234411,27.3403239999998
387000,4241000,CB5MH_MD,24.6063,1e+06,11.26,42.3,387000 4241000,7.5,Suitable,dodgerblue,YES,240.470577,2635.234411,27.3403239999998
387000,4241000,CB5MH_MD,67.25722,1e+06,9.81,37.8,387000 4241000,20.5,Suitable,dodgerblue,YES,240.470577,2635.234411,27.3403239999998
387000,4241000,CB5MH_MD,31.16798,1e+06,11.22,42.4,387000 4241000,9.5,Suitable,dodgerblue,YES,240.470577,2635.234411,27.3403239999998
387000,4241000,CB5MH_MD,73.8189,1e+06,9.73,37.8,387000 4241000,22.5,Suitable,dodgerblue,YES,240.470577,2635.234411,27.3403239999998
387000,4241000,CB5MH_MD,27.88714,1e+06,11.22,42.4,387000 4241000,8.5,Suitable,dodgerblue,YES,240.470577,2635.234411,27.3403239999998
387000,4241000,CB5MH_MD,18.04462,1e+06,11.35,42.2,387000 4241000,5.5,Suitable,dodgerblue,YES,240.470577,2635.234411,27.3403239999998
387000,4241000,CB5MH_MD,57.4147,1e+06,10.15,39.1,387000 4241000,17.5,Suitable,dodgerblue,YES,240.470577,2635.234411,27.3403239999998
387000,4241000,CB5MH_MD,34.44882,1e+06,11.17,42.4,387000 4241000,10.5,Suitable,dodgerblue,YES,240.470577,2635.234411,27.3403239999998
387000,4241000,CB5MH_MD,100.06562,1e+06,9.53,37.6,387000 4241000,30.5,Suitable,dodgerblue,YES,240.470577,2635.234411,27.3403239999998
387000,4241000,CB5MH_MD,21.32546,1e+06,11.31,42.2,387000 4241000,6.5,Suitable,dodgerblue,YES,240.470577,2635.234411,27.3403239999998
387000,4241000,CB5MH_MD,54.13386,1e+06,10.35,40.3,387000 4241000,16.5,Suitable,dodgerblue,YES,240.470577,2635.234411,27.3403239999998
387000,4241000,CB5MH_MD,37.72966,1e+06,11.09,42.2,387000 4241000,11.5,Suitable,dodgerblue,YES,240.470577,2635.234411,27.3403239999998
387000,4241000,CB5MH_MD,109.90814,1e+06,9.5,37.6,387000 4241000,33.5,Suitable,dodgerblue,YES,240.470577,2635.234411,27.3403239999998
387000,4241000,CB5MH_MD,41.0105,1e+06,11.05,42,387000 4241000,12.5,Suitable,dodgerblue,YES,240.470577,2635.234411,27.3403239999998
387000,4241000,CB5MH_MD,50.85302,1e+06,10.65,41,387000 4241000,15.5,Suitable,dodgerblue,YES,240.470577,2635.234411,27.3403239999998
387000,4241000,CB5MH_MD,90.2231,1e+06,9.6,37.6,387000 4241000,27.5,Suitable,dodgerblue,YES,240.470577,2635.234411,27.3403239999998
387000,4241000,CB5MH_MD,70.53806,1e+06,9.79,37.8,387000 4241000,21.5,Suitable,dodgerblue,YES,240.470577,2635.234411,27.3403239999998
387000,4241000,CB5MH_MD,83.66142,1e+06,9.68,37.6,387000 4241000,25.5,Suitable,dodgerblue,YES,240.470577,2635.234411,27.3403239999998
387000,4241000,CB5MH_MD,14.76378,1e+06,11.4,42,387000 4241000,4.5,Suitable,dodgerblue,YES,240.470577,2635.234411,27.3403239999998
387000,4241000,CB5MH_MD,11.48294,1e+06,11.45,41.8,387000 4241000,3.5,Suitable,dodgerblue,YES,240.470577,2635.234411,27.3403239999998
387000,4241000,CB5MH_MD,93.50394,1e+06,9.6,37.6,387000 4241000,28.5,Suitable,dodgerblue,YES,240.470577,2635.234411,27.3403239999998
387000,4241000,CB5MH_MD,96.78478,1e+06,9.57,37.6,387000 4241000,29.5,Suitable,dodgerblue,YES,240.470577,2635.234411,27.3403239999998
387000,4241000,CB5MH_MD,4.92126,1e+06,11.5,41.9,387000 4241000,1.5,Suitable,dodgerblue,YES,240.470577,2635.234411,27.3403239999998
387000,4241000,CB5MH_MD,1.64042,1e+06,11.55,42,387000 4241000,0.5,Suitable,dodgerblue,YES,240.470577,2635.234411,27.3403239999998
387000,4241000,CB5MH_MD,106.6273,1e+06,9.5,37.6,387000 4241000,32.5,Suitable,dodgerblue,YES,240.470577,2635.234411,27.3403239999998
387000,4241000,CB5MH_MD,86.94226,1e+06,9.62,37.6,387000 4241000,26.5,Suitable,dodgerblue,YES,240.470577,2635.234411,27.3403239999998
387000,4241000,CB5MH_MD,8.2021,1e+06,11.45,41.8,387000 4241000,2.5,Suitable,dodgerblue,YES,240.470577,2635.234411,27.3403239999998
387000,4241000,CB5MH_MD,103.34646,1e+06,9.5,37.6,387000 4241000,31.5,Suitable,dodgerblue,YES,240.470577,2635.234411,27.3403239999998
387000,4242000,CB5MH_MD,37.72966,1e+06,11.07,42.2,387000 4242000,11.5,Suitable,dodgerblue,YES,240.470577,2635.855782,27.961695
387000,4242000,CB5MH_MD,18.04462,1e+06,11.3,42.3,387000 4242000,5.5,Suitable,dodgerblue,YES,240.470577,2635.855782,27.961695
387000,4242000,CB5MH_MD,21.32546,1e+06,11.25,42.3,387000 4242000,6.5,Suitable,dodgerblue,YES,240.470577,2635.855782,27.961695
387000,4242000,CB5MH_MD,27.88714,1e+06,11.2,42.4,387000 4242000,8.5,Suitable,dodgerblue,YES,240.470577,2635.855782,27.961695
387000,4242000,CB5MH_MD,90.2231,1e+06,9.6,37.6,387000 4242000,27.5,Suitable,dodgerblue,YES,240.470577,2635.855782,27.961695
387000,4242000,CB5MH_MD,77.09974,1e+06,9.7,37.7,387000 4242000,23.5,Suitable,dodgerblue,YES,240.470577,2635.855782,27.961695
387000,4242000,CB5MH_MD,73.8189,1e+06,9.72,37.8,387000 4242000,22.5,Suitable,dodgerblue,YES,240.470577,2635.855782,27.961695
387000,4242000,CB5MH_MD,93.50394,1e+06,9.6,37.6,387000 4242000,28.5,Suitable,dodgerblue,YES,240.470577,2635.855782,27.961695
387000,4242000,CB5MH_MD,24.6063,1e+06,11.2,42.4,387000 4242000,7.5,Suitable,dodgerblue,YES,240.470577,2635.855782,27.961695
387000,4242000,CB5MH_MD,60.69554,1e+06,9.95,38.2,387000 4242000,18.5,Suitable,dodgerblue,YES,240.470577,2635.855782,27.961695
387000,4242000,CB5MH_MD,1.64042,1e+06,11.5,42.1,387000 4242000,0.5,Suitable,dodgerblue,YES,240.470577,2635.855782,27.961695
387000,4242000,CB5MH_MD,31.16798,1e+06,11.2,42.4,387000 4242000,9.5,Suitable,dodgerblue,YES,240.470577,2635.855782,27.961695
387000,4242000,CB5MH_MD,44.29134,1e+06,10.95,41.7,387000 4242000,13.5,Suitable,dodgerblue,YES,240.470577,2635.855782,27.961695
387000,4242000,CB5MH_MD,41.0105,1e+06,11.03,42,387000 4242000,12.5,Suitable,dodgerblue,YES,240.470577,2635.855782,27.961695
387000,4242000,CB5MH_MD,34.44882,1e+06,11.15,42.4,387000 4242000,10.5,Suitable,dodgerblue,YES,240.470577,2635.855782,27.961695
387000,4242000,CB5MH_MD,67.25722,1e+06,9.8,37.8,387000 4242000,20.5,Suitable,dodgerblue,YES,240.470577,2635.855782,27.961695
387000,4242000,CB5MH_MD,70.53806,1e+06,9.78,37.8,387000 4242000,21.5,Suitable,dodgerblue,YES,240.470577,2635.855782,27.961695
387000,4242000,CB5MH_MD,63.97638,1e+06,9.8,37.9,387000 4242000,19.5,Suitable,dodgerblue,YES,240.470577,2635.855782,27.961695
387000,4242000,CB5MH_MD,50.85302,1e+06,10.65,41,387000 4242000,15.5,Suitable,dodgerblue,YES,240.470577,2635.855782,27.961695
387000,4242000,CB5MH_MD,113.18898,1e+06,9.5,37.6,387000 4242000,34.5,Suitable,dodgerblue,YES,240.470577,2635.855782,27.961695
387000,4242000,CB5MH_MD,100.06562,1e+06,9.53,37.6,387000 4242000,30.5,Suitable,dodgerblue,YES,240.470577,2635.855782,27.961695
387000,4242000,CB5MH_MD,47.57218,1e+06,10.85,41.4,387000 4242000,14.5,Suitable,dodgerblue,YES,240.470577,2635.855782,27.961695
387000,4242000,CB5MH_MD,57.4147,1e+06,10.15,39.1,387000 4242000,17.5,Suitable,dodgerblue,YES,240.470577,2635.855782,27.961695
387000,4242000,CB5MH_MD,4.92126,1e+06,11.45,42,387000 4242000,1.5,Suitable,dodgerblue,YES,240.470577,2635.855782,27.961695
387000,4242000,CB5MH_MD,103.34646,1e+06,9.5,37.6,387000 4242000,31.5,Suitable,dodgerblue,YES,240.470577,2635.855782,27.961695
387000,4242000,CB5MH_MD,86.94226,1e+06,9.62,37.6,387000 4242000,26.5,Suitable,dodgerblue,YES,240.470577,2635.855782,27.961695
387000,4242000,CB5MH_MD,11.48294,1e+06,11.4,41.9,387000 4242000,3.5,Suitable,dodgerblue,YES,240.470577,2635.855782,27.961695
387000,4242000,CB5MH_MD,80.38058,1e+06,9.7,37.6,387000 4242000,24.5,Suitable,dodgerblue,YES,240.470577,2635.855782,27.961695
387000,4242000,CB5MH_MD,96.78478,1e+06,9.57,37.6,387000 4242000,29.5,Suitable,dodgerblue,YES,240.470577,2635.855782,27.961695
387000,4242000,CB5MH_MD,106.6273,1e+06,9.5,37.6,387000 4242000,32.5,Suitable,dodgerblue,YES,240.470577,2635.855782,27.961695
387000,4242000,CB5MH_MD,54.13386,1e+06,10.35,40.3,387000 4242000,16.5,Suitable,dodgerblue,YES,240.470577,2635.855782,27.961695
387000,4242000,CB5MH_MD,14.76378,1e+06,11.35,42.1,387000 4242000,4.5,Suitable,dodgerblue,YES,240.470577,2635.855782,27.961695
387000,4242000,CB5MH_MD,8.2021,1e+06,11.4,41.9,387000 4242000,2.5,Suitable,dodgerblue,YES,240.470577,2635.855782,27.961695
387000,4242000,CB5MH_MD,83.66142,1e+06,9.68,37.6,387000 4242000,25.5,Suitable,dodgerblue,YES,240.470577,2635.855782,27.961695
387000,4242000,CB5MH_MD,109.90814,1e+06,9.5,37.6,387000 4242000,33.5,Suitable,dodgerblue,YES,240.470577,2635.855782,27.961695
387000,4243000,CB5MH_MD,103.34646,1e+06,9.5,37.6,387000 4243000,31.5,Suitable,dodgerblue,YES,240.470577,2636.477153,28.5830660000002
387000,4243000,CB5MH_MD,21.32546,1e+06,11.32,42.2,387000 4243000,6.5,Suitable,dodgerblue,YES,240.470577,2636.477153,28.5830660000002
387000,4243000,CB5MH_MD,100.06562,1e+06,9.53,37.6,387000 4243000,30.5,Suitable,dodgerblue,YES,240.470577,2636.477153,28.5830660000002
387000,4243000,CB5MH_MD,113.18898,1e+06,9.5,37.6,387000 4243000,34.5,Suitable,dodgerblue,YES,240.470577,2636.477153,28.5830660000002
387000,4243000,CB5MH_MD,96.78478,1e+06,9.57,37.6,387000 4243000,29.5,Suitable,dodgerblue,YES,240.470577,2636.477153,28.5830660000002
387000,4243000,CB5MH_MD,31.16798,1e+06,11.22,42.4,387000 4243000,9.5,Suitable,dodgerblue,YES,240.470577,2636.477153,28.5830660000002
387000,4243000,CB5MH_MD,11.48294,1e+06,11.47,41.8,387000 4243000,3.5,Suitable,dodgerblue,YES,240.470577,2636.477153,28.5830660000002
387000,4243000,CB5MH_MD,44.29134,1e+06,10.97,41.7,387000 4243000,13.5,Suitable,dodgerblue,YES,240.470577,2636.477153,28.5830660000002
387000,4243000,CB5MH_MD,41.0105,1e+06,11.05,42,387000 4243000,12.5,Suitable,dodgerblue,YES,240.470577,2636.477153,28.5830660000002
387000,4243000,CB5MH_MD,50.85302,1e+06,10.65,41,387000 4243000,15.5,Suitable,dodgerblue,YES,240.470577,2636.477153,28.5830660000002
387000,4243000,CB5MH_MD,77.09974,1e+06,9.71,37.7,387000 4243000,23.5,Suitable,dodgerblue,YES,240.470577,2636.477153,28.5830660000002
387000,4243000,CB5MH_MD,106.6273,1e+06,9.5,37.6,387000 4243000,32.5,Suitable,dodgerblue,YES,240.470577,2636.477153,28.5830660000002
387000,4243000,CB5MH_MD,54.13386,1e+06,10.36,40.3,387000 4243000,16.5,Suitable,dodgerblue,YES,240.470577,2636.477153,28.5830660000002
387000,4243000,CB5MH_MD,83.66142,1e+06,9.68,37.6,387000 4243000,25.5,Suitable,dodgerblue,YES,240.470577,2636.477153,28.5830660000002
387000,4243000,CB5MH_MD,47.57218,1e+06,10.87,41.4,387000 4243000,14.5,Suitable,dodgerblue,YES,240.470577,2636.477153,28.5830660000002
387000,4243000,CB5MH_MD,70.53806,1e+06,9.79,37.8,387000 4243000,21.5,Suitable,dodgerblue,YES,240.470577,2636.477153,28.5830660000002
387000,4243000,CB5MH_MD,24.6063,1e+06,11.27,42.3,387000 4243000,7.5,Suitable,dodgerblue,YES,240.470577,2636.477153,28.5830660000002
387000,4243000,CB5MH_MD,1.64042,1e+06,11.56,42,387000 4243000,0.5,Suitable,dodgerblue,YES,240.470577,2636.477153,28.5830660000002
387000,4243000,CB5MH_MD,67.25722,1e+06,9.81,37.8,387000 4243000,20.5,Suitable,dodgerblue,YES,240.470577,2636.477153,28.5830660000002
387000,4243000,CB5MH_MD,8.2021,1e+06,11.47,41.8,387000 4243000,2.5,Suitable,dodgerblue,YES,240.470577,2636.477153,28.5830660000002
387000,4243000,CB5MH_MD,80.38058,1e+06,9.7,37.6,387000 4243000,24.5,Suitable,dodgerblue,YES,240.470577,2636.477153,28.5830660000002
387000,4243000,CB5MH_MD,27.88714,1e+06,11.22,42.4,387000 4243000,8.5,Suitable,dodgerblue,YES,240.470577,2636.477153,28.5830660000002
387000,4243000,CB5MH_MD,14.76378,1e+06,11.42,42,387000 4243000,4.5,Suitable,dodgerblue,YES,240.470577,2636.477153,28.5830660000002
387000,4243000,CB5MH_MD,63.97638,1e+06,9.81,37.9,387000 4243000,19.5,Suitable,dodgerblue,YES,240.470577,2636.477153,28.5830660000002
387000,4243000,CB5MH_MD,37.72966,1e+06,11.09,42.2,387000 4243000,11.5,Suitable,dodgerblue,YES,240.470577,2636.477153,28.5830660000002
387000,4243000,CB5MH_MD,60.69554,1e+06,9.96,38.2,387000 4243000,18.5,Suitable,dodgerblue,YES,240.470577,2636.477153,28.5830660000002
387000,4243000,CB5MH_MD,109.90814,1e+06,9.5,37.6,387000 4243000,33.5,Suitable,dodgerblue,YES,240.470577,2636.477153,28.5830660000002
387000,4243000,CB5MH_MD,57.4147,1e+06,10.16,39.1,387000 4243000,17.5,Suitable,dodgerblue,YES,240.470577,2636.477153,28.5830660000002
387000,4243000,CB5MH_MD,18.04462,1e+06,11.37,42.2,387000 4243000,5.5,Suitable,dodgerblue,YES,240.470577,2636.477153,28.5830660000002
387000,4243000,CB5MH_MD,34.44882,1e+06,11.17,42.4,387000 4243000,10.5,Suitable,dodgerblue,YES,240.470577,2636.477153,28.5830660000002
387000,4243000,CB5MH_MD,73.8189,1e+06,9.73,37.8,387000 4243000,22.5,Suitable,dodgerblue,YES,240.470577,2636.477153,28.5830660000002
387000,4243000,CB5MH_MD,86.94226,1e+06,9.62,37.6,387000 4243000,26.5,Suitable,dodgerblue,YES,240.470577,2636.477153,28.5830660000002
387000,4243000,CB5MH_MD,4.92126,1e+06,11.52,41.9,387000 4243000,1.5,Suitable,dodgerblue,YES,240.470577,2636.477153,28.5830660000002
387000,4243000,CB5MH_MD,90.2231,1e+06,9.6,37.6,387000 4243000,27.5,Suitable,dodgerblue,YES,240.470577,2636.477153,28.5830660000002
387000,4243000,CB5MH_MD,93.50394,1e+06,9.6,37.6,387000 4243000,28.5,Suitable,dodgerblue,YES,240.470577,2636.477153,28.5830660000002
387000,4327000,CB3MH,37.72966,1e+06,9.62,40.4,387000 4327000,11.5,Suitable,dodgerblue,YES,240.470577,2688.672317,80.7782299999999
387000,4327000,CB3MH,31.16798,1e+06,9.98,41.7,387000 4327000,9.5,Suitable,dodgerblue,YES,240.470577,2688.672317,80.7782299999999
387000,4327000,CB3MH,27.88714,1e+06,10.1,42.2,387000 4327000,8.5,Suitable,dodgerblue,YES,240.470577,2688.672317,80.7782299999999
387000,4327000,CB3MH,21.32546,1e+06,10.46,42.4,387000 4327000,6.5,Suitable,dodgerblue,YES,240.470577,2688.672317,80.7782299999999
387000,4327000,CB3MH,11.48294,1e+06,11.16,43.2,387000 4327000,3.5,Suitable,dodgerblue,YES,240.470577,2688.672317,80.7782299999999
387000,4327000,CB3MH,18.04462,1e+06,10.61,42.7,387000 4327000,5.5,Suitable,dodgerblue,YES,240.470577,2688.672317,80.7782299999999
387000,4327000,CB3MH,8.2021,1e+06,11.34,43.4,387000 4327000,2.5,Suitable,dodgerblue,YES,240.470577,2688.672317,80.7782299999999
387000,4327000,CB3MH,34.44882,1e+06,9.9,41.2,387000 4327000,10.5,Suitable,dodgerblue,YES,240.470577,2688.672317,80.7782299999999
387000,4327000,CB3MH,14.76378,1e+06,10.9,43,387000 4327000,4.5,Suitable,dodgerblue,YES,240.470577,2688.672317,80.7782299999999
387000,4327000,CB3MH,24.6063,1e+06,10.28,42.1,387000 4327000,7.5,Suitable,dodgerblue,YES,240.470577,2688.672317,80.7782299999999
387000,4327000,CB3MH,1.64042,1e+06,11.53,43.6,387000 4327000,0.5,Suitable,dodgerblue,YES,240.470577,2688.672317,80.7782299999999
387000,4327000,CB3MH,4.92126,1e+06,11.48,43.5,387000 4327000,1.5,Suitable,dodgerblue,YES,240.470577,2688.672317,80.7782299999999
387000,4328000,CB3MH,14.76378,1e+06,10.84,43.1,387000 4328000,4.5,Suitable,dodgerblue,YES,240.470577,2689.293688,81.3996010000001
387000,4328000,CB3MH,31.16798,1e+06,9.88,41.4,387000 4328000,9.5,Suitable,dodgerblue,YES,240.470577,2689.293688,81.3996010000001
387000,4328000,CB3MH,18.04462,1e+06,10.49,42.7,387000 4328000,5.5,Suitable,dodgerblue,YES,240.470577,2689.293688,81.3996010000001
387000,4328000,CB3MH,11.48294,1e+06,11.15,43.3,387000 4328000,3.5,Suitable,dodgerblue,YES,240.470577,2689.293688,81.3996010000001
387000,4328000,CB3MH,4.92126,1e+06,11.51,43.6,387000 4328000,1.5,Suitable,dodgerblue,YES,240.470577,2689.293688,81.3996010000001
387000,4328000,CB3MH,27.88714,1e+06,9.98,41.9,387000 4328000,8.5,Suitable,dodgerblue,YES,240.470577,2689.293688,81.3996010000001
387000,4328000,CB3MH,21.32546,1e+06,10.32,42.3,387000 4328000,6.5,Suitable,dodgerblue,YES,240.470577,2689.293688,81.3996010000001
387000,4328000,CB3MH,1.64042,1e+06,11.57,43.7,387000 4328000,0.5,Suitable,dodgerblue,YES,240.470577,2689.293688,81.3996010000001
387000,4328000,CB3MH,24.6063,1e+06,10.15,42,387000 4328000,7.5,Suitable,dodgerblue,YES,240.470577,2689.293688,81.3996010000001
387000,4328000,CB3MH,8.2021,1e+06,11.35,43.5,387000 4328000,2.5,Suitable,dodgerblue,YES,240.470577,2689.293688,81.3996010000001
387000,4329000,CB3MH,14.76378,1e+06,10.78,43.1,387000 4329000,4.5,Suitable,dodgerblue,YES,240.470577,2689.915059,82.0209719999998
387000,4329000,CB3MH,4.92126,1e+06,11.54,43.7,387000 4329000,1.5,Suitable,dodgerblue,YES,240.470577,2689.915059,82.0209719999998
387000,4329000,CB3MH,8.2021,1e+06,11.37,43.6,387000 4329000,2.5,Suitable,dodgerblue,YES,240.470577,2689.915059,82.0209719999998
387000,4329000,CB3MH,24.6063,1e+06,10,41.8,387000 4329000,7.5,Suitable,dodgerblue,YES,240.470577,2689.915059,82.0209719999998
387000,4329000,CB3MH,31.16798,1e+06,9.78,41.2,387000 4329000,9.5,Suitable,dodgerblue,YES,240.470577,2689.915059,82.0209719999998
387000,4329000,CB3MH,21.32546,1e+06,10.16,42.3,387000 4329000,6.5,Suitable,dodgerblue,YES,240.470577,2689.915059,82.0209719999998
387000,4329000,CB3MH,27.88714,1e+06,9.84,41.6,387000 4329000,8.5,Suitable,dodgerblue,YES,240.470577,2689.915059,82.0209719999998
387000,4329000,CB3MH,1.64042,1e+06,11.61,43.8,387000 4329000,0.5,Suitable,dodgerblue,YES,240.470577,2689.915059,82.0209719999998
387000,4329000,CB3MH,18.04462,1e+06,10.36,42.7,387000 4329000,5.5,Suitable,dodgerblue,YES,240.470577,2689.915059,82.0209719999998
387000,4329000,CB3MH,11.48294,1e+06,11.14,43.4,387000 4329000,3.5,Suitable,dodgerblue,YES,240.470577,2689.915059,82.0209719999998
387000,4330000,CB3MH,4.92126,1e+06,11.58,43.8,387000 4330000,1.5,Suitable,dodgerblue,YES,240.470577,2690.53643,82.642343
387000,4330000,CB3MH,14.76378,1e+06,10.71,43.2,387000 4330000,4.5,Suitable,dodgerblue,YES,240.470577,2690.53643,82.642343
387000,4330000,CB3MH,34.44882,1e+06,9.66,40.6,387000 4330000,10.5,Suitable,dodgerblue,YES,240.470577,2690.53643,82.642343
387000,4330000,CB3MH,21.32546,1e+06,10,42.2,387000 4330000,6.5,Suitable,dodgerblue,YES,240.470577,2690.53643,82.642343
387000,4330000,CB3MH,27.88714,1e+06,9.71,41.3,387000 4330000,8.5,Suitable,dodgerblue,YES,240.470577,2690.53643,82.642343
387000,4330000,CB3MH,18.04462,1e+06,10.23,42.7,387000 4330000,5.5,Suitable,dodgerblue,YES,240.470577,2690.53643,82.642343
387000,4330000,CB3MH,24.6063,1e+06,9.78,41.8,387000 4330000,7.5,Suitable,dodgerblue,YES,240.470577,2690.53643,82.642343
387000,4330000,CB3MH,8.2021,1e+06,11.39,43.7,387000 4330000,2.5,Suitable,dodgerblue,YES,240.470577,2690.53643,82.642343
387000,4330000,CB3MH,1.64042,1e+06,11.66,43.9,387000 4330000,0.5,Suitable,dodgerblue,YES,240.470577,2690.53643,82.642343
387000,4330000,CB3MH,31.16798,1e+06,9.67,40.9,387000 4330000,9.5,Suitable,dodgerblue,YES,240.470577,2690.53643,82.642343
387000,4330000,CB3MH,11.48294,1e+06,11.13,43.5,387000 4330000,3.5,Suitable,dodgerblue,YES,240.470577,2690.53643,82.642343
387000,4330000,CB3MH,37.72966,1e+06,9.53,40.2,387000 4330000,11.5,Suitable,dodgerblue,YES,240.470577,2690.53643,82.642343
388000,4236000,CB5MH_MD,11.48294,1e+06,12.16,40.5,388000 4236000,3.5,Suitable,dodgerblue,YES,241.091948,2632.127556,24.2334689999998
388000,4236000,CB5MH_MD,4.92126,1e+06,12.18,40.6,388000 4236000,1.5,Suitable,dodgerblue,YES,241.091948,2632.127556,24.2334689999998
388000,4236000,CB5MH_MD,8.2021,1e+06,12.15,40.5,388000 4236000,2.5,Suitable,dodgerblue,YES,241.091948,2632.127556,24.2334689999998
388000,4236000,CB5MH_MD,63.97638,1e+06,10,38.7,388000 4236000,19.5,Suitable,dodgerblue,YES,241.091948,2632.127556,24.2334689999998
388000,4236000,CB5MH_MD,73.8189,1e+06,9.88,38.4,388000 4236000,22.5,Suitable,dodgerblue,YES,241.091948,2632.127556,24.2334689999998
388000,4236000,CB5MH_MD,60.69554,1e+06,10.12,39,388000 4236000,18.5,Suitable,dodgerblue,YES,241.091948,2632.127556,24.2334689999998
388000,4236000,CB5MH_MD,70.53806,1e+06,9.94,38.5,388000 4236000,21.5,Suitable,dodgerblue,YES,241.091948,2632.127556,24.2334689999998
388000,4236000,CB5MH_MD,1.64042,1e+06,12.21,40.7,388000 4236000,0.5,Suitable,dodgerblue,YES,241.091948,2632.127556,24.2334689999998
388000,4236000,CB5MH_MD,41.0105,1e+06,11.33,41.4,388000 4236000,12.5,Suitable,dodgerblue,YES,241.091948,2632.127556,24.2334689999998
388000,4236000,CB5MH_MD,67.25722,1e+06,9.98,38.5,388000 4236000,20.5,Suitable,dodgerblue,YES,241.091948,2632.127556,24.2334689999998
388000,4236000,CB5MH_MD,54.13386,1e+06,10.44,40.7,388000 4236000,16.5,Suitable,dodgerblue,YES,241.091948,2632.127556,24.2334689999998
388000,4236000,CB5MH_MD,37.72966,1e+06,11.38,41.6,388000 4236000,11.5,Suitable,dodgerblue,YES,241.091948,2632.127556,24.2334689999998
388000,4236000,CB5MH_MD,44.29134,1e+06,11.26,41.2,388000 4236000,13.5,Suitable,dodgerblue,YES,241.091948,2632.127556,24.2334689999998
388000,4236000,CB5MH_MD,80.38058,1e+06,9.82,38,388000 4236000,24.5,Suitable,dodgerblue,YES,241.091948,2632.127556,24.2334689999998
388000,4236000,CB5MH_MD,14.76378,1e+06,12.12,40.6,388000 4236000,4.5,Suitable,dodgerblue,YES,241.091948,2632.127556,24.2334689999998
388000,4236000,CB5MH_MD,57.4147,1e+06,10.28,39.7,388000 4236000,17.5,Suitable,dodgerblue,YES,241.091948,2632.127556,24.2334689999998
388000,4236000,CB5MH_MD,47.57218,1e+06,11.18,41,388000 4236000,14.5,Suitable,dodgerblue,YES,241.091948,2632.127556,24.2334689999998
388000,4236000,CB5MH_MD,34.44882,1e+06,11.45,41.7,388000 4236000,10.5,Suitable,dodgerblue,YES,241.091948,2632.127556,24.2334689999998
388000,4236000,CB5MH_MD,31.16798,1e+06,11.51,41.8,388000 4236000,9.5,Suitable,dodgerblue,YES,241.091948,2632.127556,24.2334689999998
388000,4236000,CB5MH_MD,50.85302,1e+06,10.67,41.2,388000 4236000,15.5,Suitable,dodgerblue,YES,241.091948,2632.127556,24.2334689999998
388000,4236000,CB5MH_MD,18.04462,1e+06,12.09,40.7,388000 4236000,5.5,Suitable,dodgerblue,YES,241.091948,2632.127556,24.2334689999998
388000,4236000,CB5MH_MD,24.6063,1e+06,11.98,40.8,388000 4236000,7.5,Suitable,dodgerblue,YES,241.091948,2632.127556,24.2334689999998
388000,4236000,CB5MH_MD,21.32546,1e+06,12.04,40.8,388000 4236000,6.5,Suitable,dodgerblue,YES,241.091948,2632.127556,24.2334689999998
388000,4236000,CB5MH_MD,27.88714,1e+06,11.52,41.8,388000 4236000,8.5,Suitable,dodgerblue,YES,241.091948,2632.127556,24.2334689999998
388000,4236000,CB5MH_MD,77.09974,1e+06,9.85,38.2,388000 4236000,23.5,Suitable,dodgerblue,YES,241.091948,2632.127556,24.2334689999998
388000,4237000,CB5MH_MD,27.88714,1e+06,11.46,41.9,388000 4237000,8.5,Suitable,dodgerblue,YES,241.091948,2632.748927,24.85484
388000,4237000,CB5MH_MD,34.44882,1e+06,11.4,41.8,388000 4237000,10.5,Suitable,dodgerblue,YES,241.091948,2632.748927,24.85484
388000,4237000,CB5MH_MD,44.29134,1e+06,11.21,41.2,388000 4237000,13.5,Suitable,dodgerblue,YES,241.091948,2632.748927,24.85484
388000,4237000,CB5MH_MD,70.53806,1e+06,9.9,38.3,388000 4237000,21.5,Suitable,dodgerblue,YES,241.091948,2632.748927,24.85484
388000,4237000,CB5MH_MD,47.57218,1e+06,11.13,41,388000 4237000,14.5,Suitable,dodgerblue,YES,241.091948,2632.748927,24.85484
388000,4237000,CB5MH_MD,63.97638,1e+06,9.95,38.5,388000 4237000,19.5,Suitable,dodgerblue,YES,241.091948,2632.748927,24.85484
388000,4237000,CB5MH_MD,57.4147,1e+06,10.25,39.5,388000 4237000,17.5,Suitable,dodgerblue,YES,241.091948,2632.748927,24.85484
388000,4237000,CB5MH_MD,67.25722,1e+06,9.93,38.3,388000 4237000,20.5,Suitable,dodgerblue,YES,241.091948,2632.748927,24.85484
388000,4237000,CB5MH_MD,60.69554,1e+06,10.08,38.8,388000 4237000,18.5,Suitable,dodgerblue,YES,241.091948,2632.748927,24.85484
388000,4237000,CB5MH_MD,8.2021,1e+06,12.05,40.7,388000 4237000,2.5,Suitable,dodgerblue,YES,241.091948,2632.748927,24.85484
388000,4237000,CB5MH_MD,83.66142,1e+06,9.74,37.8,388000 4237000,25.5,Suitable,dodgerblue,YES,241.091948,2632.748927,24.85484
388000,4237000,CB5MH_MD,31.16798,1e+06,11.45,41.9,388000 4237000,9.5,Suitable,dodgerblue,YES,241.091948,2632.748927,24.85484
388000,4237000,CB5MH_MD,41.0105,1e+06,11.28,41.5,388000 4237000,12.5,Suitable,dodgerblue,YES,241.091948,2632.748927,24.85484
388000,4237000,CB5MH_MD,54.13386,1e+06,10.42,40.5,388000 4237000,16.5,Suitable,dodgerblue,YES,241.091948,2632.748927,24.85484
388000,4237000,CB5MH_MD,18.04462,1e+06,11.98,40.9,388000 4237000,5.5,Suitable,dodgerblue,YES,241.091948,2632.748927,24.85484
388000,4237000,CB5MH_MD,80.38058,1e+06,9.78,37.9,388000 4237000,24.5,Suitable,dodgerblue,YES,241.091948,2632.748927,24.85484
388000,4237000,CB5MH_MD,90.2231,1e+06,9.66,37.7,388000 4237000,27.5,Suitable,dodgerblue,YES,241.091948,2632.748927,24.85484
388000,4237000,CB5MH_MD,93.50394,1e+06,9.65,37.7,388000 4237000,28.5,Suitable,dodgerblue,YES,241.091948,2632.748927,24.85484
388000,4237000,CB5MH_MD,73.8189,1e+06,9.84,38.2,388000 4237000,22.5,Suitable,dodgerblue,YES,241.091948,2632.748927,24.85484
388000,4237000,CB5MH_MD,11.48294,1e+06,12.05,40.7,388000 4237000,3.5,Suitable,dodgerblue,YES,241.091948,2632.748927,24.85484
388000,4237000,CB5MH_MD,109.90814,1e+06,9.5,37.6,388000 4237000,33.5,Suitable,dodgerblue,YES,241.091948,2632.748927,24.85484
388000,4237000,CB5MH_MD,86.94226,1e+06,9.68,37.8,388000 4237000,26.5,Suitable,dodgerblue,YES,241.091948,2632.748927,24.85484
388000,4237000,CB5MH_MD,113.18898,1e+06,9.5,37.6,388000 4237000,34.5,Suitable,dodgerblue,YES,241.091948,2632.748927,24.85484
388000,4237000,CB5MH_MD,103.34646,1e+06,9.5,37.6,388000 4237000,31.5,Suitable,dodgerblue,YES,241.091948,2632.748927,24.85484
388000,4237000,CB5MH_MD,77.09974,1e+06,9.81,38,388000 4237000,23.5,Suitable,dodgerblue,YES,241.091948,2632.748927,24.85484
388000,4237000,CB5MH_MD,21.32546,1e+06,11.93,41,388000 4237000,6.5,Suitable,dodgerblue,YES,241.091948,2632.748927,24.85484
388000,4237000,CB5MH_MD,1.64042,1e+06,12.11,40.9,388000 4237000,0.5,Suitable,dodgerblue,YES,241.091948,2632.748927,24.85484
388000,4237000,CB5MH_MD,106.6273,1e+06,9.5,37.6,388000 4237000,32.5,Suitable,dodgerblue,YES,241.091948,2632.748927,24.85484
388000,4237000,CB5MH_MD,96.78478,1e+06,9.57,37.6,388000 4237000,29.5,Suitable,dodgerblue,YES,241.091948,2632.748927,24.85484
388000,4237000,CB5MH_MD,14.76378,1e+06,12.01,40.8,388000 4237000,4.5,Suitable,dodgerblue,YES,241.091948,2632.748927,24.85484
388000,4237000,CB5MH_MD,116.46982,1e+06,9.5,37.6,388000 4237000,35.5,Suitable,dodgerblue,YES,241.091948,2632.748927,24.85484
388000,4237000,CB5MH_MD,37.72966,1e+06,11.33,41.7,388000 4237000,11.5,Suitable,dodgerblue,YES,241.091948,2632.748927,24.85484
388000,4237000,CB5MH_MD,50.85302,1e+06,10.67,41.1,388000 4237000,15.5,Suitable,dodgerblue,YES,241.091948,2632.748927,24.85484
388000,4237000,CB5MH_MD,24.6063,1e+06,11.88,41,388000 4237000,7.5,Suitable,dodgerblue,YES,241.091948,2632.748927,24.85484
388000,4237000,CB5MH_MD,4.92126,1e+06,12.08,40.8,388000 4237000,1.5,Suitable,dodgerblue,YES,241.091948,2632.748927,24.85484
388000,4237000,CB5MH_MD,100.06562,1e+06,9.53,37.6,388000 4237000,30.5,Suitable,dodgerblue,YES,241.091948,2632.748927,24.85484
388000,4238000,CB5MH_MD,67.25722,1e+06,9.89,38.2,388000 4238000,20.5,Suitable,dodgerblue,YES,241.091948,2633.370298,25.4762109999997
388000,4238000,CB5MH_MD,60.69554,1e+06,10.04,38.6,388000 4238000,18.5,Suitable,dodgerblue,YES,241.091948,2633.370298,25.4762109999997
388000,4238000,CB5MH_MD,57.4147,1e+06,10.22,39.4,388000 4238000,17.5,Suitable,dodgerblue,YES,241.091948,2633.370298,25.4762109999997
388000,4238000,CB5MH_MD,70.53806,1e+06,9.86,38.1,388000 4238000,21.5,Suitable,dodgerblue,YES,241.091948,2633.370298,25.4762109999997
388000,4238000,CB5MH_MD,50.85302,1e+06,10.66,41.1,388000 4238000,15.5,Suitable,dodgerblue,YES,241.091948,2633.370298,25.4762109999997
388000,4238000,CB5MH_MD,54.13386,1e+06,10.4,40.5,388000 4238000,16.5,Suitable,dodgerblue,YES,241.091948,2633.370298,25.4762109999997
388000,4238000,CB5MH_MD,47.57218,1e+06,11.06,41.1,388000 4238000,14.5,Suitable,dodgerblue,YES,241.091948,2633.370298,25.4762109999997
388000,4238000,CB5MH_MD,44.29134,1e+06,11.15,41.3,388000 4238000,13.5,Suitable,dodgerblue,YES,241.091948,2633.370298,25.4762109999997
388000,4238000,CB5MH_MD,73.8189,1e+06,9.8,38.1,388000 4238000,22.5,Suitable,dodgerblue,YES,241.091948,2633.370298,25.4762109999997
388000,4238000,CB5MH_MD,37.72966,1e+06,11.26,41.8,388000 4238000,11.5,Suitable,dodgerblue,YES,241.091948,2633.370298,25.4762109999997
388000,4238000,CB5MH_MD,34.44882,1e+06,11.34,42,388000 4238000,10.5,Suitable,dodgerblue,YES,241.091948,2633.370298,25.4762109999997
388000,4238000,CB5MH_MD,31.16798,1e+06,11.39,42,388000 4238000,9.5,Suitable,dodgerblue,YES,241.091948,2633.370298,25.4762109999997
388000,4238000,CB5MH_MD,41.0105,1e+06,11.22,41.6,388000 4238000,12.5,Suitable,dodgerblue,YES,241.091948,2633.370298,25.4762109999997
388000,4238000,CB5MH_MD,86.94226,1e+06,9.66,37.7,388000 4238000,26.5,Suitable,dodgerblue,YES,241.091948,2633.370298,25.4762109999997
388000,4238000,CB5MH_MD,21.32546,1e+06,11.78,41.3,388000 4238000,6.5,Suitable,dodgerblue,YES,241.091948,2633.370298,25.4762109999997
388000,4238000,CB5MH_MD,83.66142,1e+06,9.72,37.7,388000 4238000,25.5,Suitable,dodgerblue,YES,241.091948,2633.370298,25.4762109999997
388000,4238000,CB5MH_MD,24.6063,1e+06,11.74,41.3,388000 4238000,7.5,Suitable,dodgerblue,YES,241.091948,2633.370298,25.4762109999997
388000,4238000,CB5MH_MD,11.48294,1e+06,11.89,41,388000 4238000,3.5,Suitable,dodgerblue,YES,241.091948,2633.370298,25.4762109999997
388000,4238000,CB5MH_MD,63.97638,1e+06,9.9,38.3,388000 4238000,19.5,Suitable,dodgerblue,YES,241.091948,2633.370298,25.4762109999997
388000,4238000,CB5MH_MD,27.88714,1e+06,11.4,42,388000 4238000,8.5,Suitable,dodgerblue,YES,241.091948,2633.370298,25.4762109999997
388000,4238000,CB5MH_MD,80.38058,1e+06,9.75,37.8,388000 4238000,24.5,Suitable,dodgerblue,YES,241.091948,2633.370298,25.4762109999997
388000,4238000,CB5MH_MD,18.04462,1e+06,11.81,41.3,388000 4238000,5.5,Suitable,dodgerblue,YES,241.091948,2633.370298,25.4762109999997
388000,4238000,CB5MH_MD,14.76378,1e+06,11.85,41.1,388000 4238000,4.5,Suitable,dodgerblue,YES,241.091948,2633.370298,25.4762109999997
388000,4238000,CB5MH_MD,1.64042,1e+06,11.96,41.2,388000 4238000,0.5,Suitable,dodgerblue,YES,241.091948,2633.370298,25.4762109999997
388000,4238000,CB5MH_MD,4.92126,1e+06,11.92,41.1,388000 4238000,1.5,Suitable,dodgerblue,YES,241.091948,2633.370298,25.4762109999997
388000,4238000,CB5MH_MD,77.09974,1e+06,9.77,37.9,388000 4238000,23.5,Suitable,dodgerblue,YES,241.091948,2633.370298,25.4762109999997
388000,4238000,CB5MH_MD,8.2021,1e+06,11.89,41,388000 4238000,2.5,Suitable,dodgerblue,YES,241.091948,2633.370298,25.4762109999997
388000,4329000,CB3MH,21.32546,1e+06,10.15,42.3,388000 4329000,6.5,Suitable,dodgerblue,YES,241.091948,2689.915059,82.0209719999998
388000,4329000,CB3MH,24.6063,1e+06,10,41.8,388000 4329000,7.5,Suitable,dodgerblue,YES,241.091948,2689.915059,82.0209719999998
388000,4329000,CB3MH,31.16798,1e+06,9.78,41.2,388000 4329000,9.5,Suitable,dodgerblue,YES,241.091948,2689.915059,82.0209719999998
388000,4329000,CB3MH,8.2021,1e+06,11.37,43.6,388000 4329000,2.5,Suitable,dodgerblue,YES,241.091948,2689.915059,82.0209719999998
388000,4329000,CB3MH,4.92126,1e+06,11.55,43.7,388000 4329000,1.5,Suitable,dodgerblue,YES,241.091948,2689.915059,82.0209719999998
388000,4329000,CB3MH,1.64042,1e+06,11.62,43.8,388000 4329000,0.5,Suitable,dodgerblue,YES,241.091948,2689.915059,82.0209719999998
388000,4329000,CB3MH,18.04462,1e+06,10.35,42.7,388000 4329000,5.5,Suitable,dodgerblue,YES,241.091948,2689.915059,82.0209719999998
388000,4329000,CB3MH,11.48294,1e+06,11.14,43.4,388000 4329000,3.5,Suitable,dodgerblue,YES,241.091948,2689.915059,82.0209719999998
388000,4329000,CB3MH,27.88714,1e+06,9.84,41.6,388000 4329000,8.5,Suitable,dodgerblue,YES,241.091948,2689.915059,82.0209719999998
388000,4329000,CB3MH,14.76378,1e+06,10.77,43.1,388000 4329000,4.5,Suitable,dodgerblue,YES,241.091948,2689.915059,82.0209719999998
389000,4234000,CB5MH_MD,37.72966,1e+06,11.39,41.5,389000 4234000,11.5,Suitable,dodgerblue,YES,241.713319,2630.884814,22.9907269999999
389000,4234000,CB5MH_MD,41.0105,1e+06,11.34,41.4,389000 4234000,12.5,Suitable,dodgerblue,YES,241.713319,2630.884814,22.9907269999999
389000,4234000,CB5MH_MD,80.38058,1e+06,9.92,38.4,389000 4234000,24.5,Suitable,dodgerblue,YES,241.713319,2630.884814,22.9907269999999
389000,4234000,CB5MH_MD,63.97638,1e+06,10.13,39.4,389000 4234000,19.5,Suitable,dodgerblue,YES,241.713319,2630.884814,22.9907269999999
389000,4234000,CB5MH_MD,34.44882,1e+06,11.47,41.7,389000 4234000,10.5,Suitable,dodgerblue,YES,241.713319,2630.884814,22.9907269999999
389000,4234000,CB5MH_MD,24.6063,1e+06,12.03,40.7,389000 4234000,7.5,Suitable,dodgerblue,YES,241.713319,2630.884814,22.9907269999999
389000,4234000,CB5MH_MD,18.04462,1e+06,12.17,40.6,389000 4234000,5.5,Suitable,dodgerblue,YES,241.713319,2630.884814,22.9907269999999
389000,4234000,CB5MH_MD,60.69554,1e+06,10.23,39.6,389000 4234000,18.5,Suitable,dodgerblue,YES,241.713319,2630.884814,22.9907269999999
389000,4234000,CB5MH_MD,70.53806,1e+06,10.06,39,389000 4234000,21.5,Suitable,dodgerblue,YES,241.713319,2630.884814,22.9907269999999
389000,4234000,CB5MH_MD,57.4147,1e+06,10.36,40.2,389000 4234000,17.5,Suitable,dodgerblue,YES,241.713319,2630.884814,22.9907269999999
389000,4234000,CB5MH_MD,21.32546,1e+06,12.1,40.6,389000 4234000,6.5,Suitable,dodgerblue,YES,241.713319,2630.884814,22.9907269999999
389000,4234000,CB5MH_MD,73.8189,1e+06,10,38.8,389000 4234000,22.5,Suitable,dodgerblue,YES,241.713319,2630.884814,22.9907269999999
389000,4234000,CB5MH_MD,50.85302,1e+06,10.68,41.5,389000 4234000,15.5,Suitable,dodgerblue,YES,241.713319,2630.884814,22.9907269999999
389000,4234000,CB5MH_MD,47.57218,1e+06,11.22,41.1,389000 4234000,14.5,Suitable,dodgerblue,YES,241.713319,2630.884814,22.9907269999999
389000,4234000,CB5MH_MD,14.76378,1e+06,12.2,40.5,389000 4234000,4.5,Suitable,dodgerblue,YES,241.713319,2630.884814,22.9907269999999
389000,4234000,CB5MH_MD,31.16798,1e+06,11.54,41.7,389000 4234000,9.5,Suitable,dodgerblue,YES,241.713319,2630.884814,22.9907269999999
389000,4234000,CB5MH_MD,77.09974,1e+06,9.96,38.6,389000 4234000,23.5,Suitable,dodgerblue,YES,241.713319,2630.884814,22.9907269999999
389000,4234000,CB5MH_MD,4.92126,1e+06,12.25,40.6,389000 4234000,1.5,Suitable,dodgerblue,YES,241.713319,2630.884814,22.9907269999999
389000,4234000,CB5MH_MD,67.25722,1e+06,10.1,39.1,389000 4234000,20.5,Suitable,dodgerblue,YES,241.713319,2630.884814,22.9907269999999
389000,4234000,CB5MH_MD,27.88714,1e+06,11.55,41.7,389000 4234000,8.5,Suitable,dodgerblue,YES,241.713319,2630.884814,22.9907269999999
389000,4234000,CB5MH_MD,54.13386,1e+06,10.49,41,389000 4234000,16.5,Suitable,dodgerblue,YES,241.713319,2630.884814,22.9907269999999
389000,4234000,CB5MH_MD,8.2021,1e+06,12.24,40.5,389000 4234000,2.5,Suitable,dodgerblue,YES,241.713319,2630.884814,22.9907269999999
389000,4234000,CB5MH_MD,11.48294,1e+06,12.23,40.4,389000 4234000,3.5,Suitable,dodgerblue,YES,241.713319,2630.884814,22.9907269999999
389000,4234000,CB5MH_MD,1.64042,1e+06,12.28,40.6,389000 4234000,0.5,Suitable,dodgerblue,YES,241.713319,2630.884814,22.9907269999999
389000,4234000,CB5MH_MD,44.29134,1e+06,11.28,41.2,389000 4234000,13.5,Suitable,dodgerblue,YES,241.713319,2630.884814,22.9907269999999
389000,4235000,CB5MH_MD,24.6063,1e+06,12,40.8,389000 4235000,7.5,Suitable,dodgerblue,YES,241.713319,2631.506185,23.6120980000001
389000,4235000,CB5MH_MD,77.09974,1e+06,9.91,38.4,389000 4235000,23.5,Suitable,dodgerblue,YES,241.713319,2631.506185,23.6120980000001
389000,4235000,CB5MH_MD,31.16798,1e+06,11.52,41.7,389000 4235000,9.5,Suitable,dodgerblue,YES,241.713319,2631.506185,23.6120980000001
389000,4235000,CB5MH_MD,113.18898,1e+06,9.5,37.6,389000 4235000,34.5,Suitable,dodgerblue,YES,241.713319,2631.506185,23.6120980000001
389000,4235000,CB5MH_MD,11.48294,1e+06,12.19,40.5,389000 4235000,3.5,Suitable,dodgerblue,YES,241.713319,2631.506185,23.6120980000001
389000,4235000,CB5MH_MD,60.69554,1e+06,10.18,39.3,389000 4235000,18.5,Suitable,dodgerblue,YES,241.713319,2631.506185,23.6120980000001
389000,4235000,CB5MH_MD,4.92126,1e+06,12.21,40.6,389000 4235000,1.5,Suitable,dodgerblue,YES,241.713319,2631.506185,23.6120980000001
389000,4235000,CB5MH_MD,63.97638,1e+06,10.07,39.1,389000 4235000,19.5,Suitable,dodgerblue,YES,241.713319,2631.506185,23.6120980000001
389000,4235000,CB5MH_MD,93.50394,1e+06,9.71,37.9,389000 4235000,28.5,Suitable,dodgerblue,YES,241.713319,2631.506185,23.6120980000001
389000,4235000,CB5MH_MD,67.25722,1e+06,10.04,38.9,389000 4235000,20.5,Suitable,dodgerblue,YES,241.713319,2631.506185,23.6120980000001
389000,4235000,CB5MH_MD,41.0105,1e+06,11.33,41.4,389000 4235000,12.5,Suitable,dodgerblue,YES,241.713319,2631.506185,23.6120980000001
389000,4235000,CB5MH_MD,54.13386,1e+06,10.47,40.8,389000 4235000,16.5,Suitable,dodgerblue,YES,241.713319,2631.506185,23.6120980000001
389000,4235000,CB5MH_MD,8.2021,1e+06,12.19,40.5,389000 4235000,2.5,Suitable,dodgerblue,YES,241.713319,2631.506185,23.6120980000001
389000,4235000,CB5MH_MD,90.2231,1e+06,9.72,37.9,389000 4235000,27.5,Suitable,dodgerblue,YES,241.713319,2631.506185,23.6120980000001
389000,4235000,CB5MH_MD,37.72966,1e+06,11.38,41.6,389000 4235000,11.5,Suitable,dodgerblue,YES,241.713319,2631.506185,23.6120980000001
389000,4235000,CB5MH_MD,96.78478,1e+06,9.57,37.6,389000 4235000,29.5,Suitable,dodgerblue,YES,241.713319,2631.506185,23.6120980000001
389000,4235000,CB5MH_MD,50.85302,1e+06,10.68,41.3,389000 4235000,15.5,Suitable,dodgerblue,YES,241.713319,2631.506185,23.6120980000001
389000,4235000,CB5MH_MD,80.38058,1e+06,9.87,38.2,389000 4235000,24.5,Suitable,dodgerblue,YES,241.713319,2631.506185,23.6120980000001
389000,4235000,CB5MH_MD,27.88714,1e+06,11.53,41.7,389000 4235000,8.5,Suitable,dodgerblue,YES,241.713319,2631.506185,23.6120980000001
389000,4235000,CB5MH_MD,57.4147,1e+06,10.33,40,389000 4235000,17.5,Suitable,dodgerblue,YES,241.713319,2631.506185,23.6120980000001
389000,4235000,CB5MH_MD,18.04462,1e+06,12.12,40.7,389000 4235000,5.5,Suitable,dodgerblue,YES,241.713319,2631.506185,23.6120980000001
389000,4235000,CB5MH_MD,47.57218,1e+06,11.2,41,389000 4235000,14.5,Suitable,dodgerblue,YES,241.713319,2631.506185,23.6120980000001
389000,4235000,CB5MH_MD,86.94226,1e+06,9.75,38,389000 4235000,26.5,Suitable,dodgerblue,YES,241.713319,2631.506185,23.6120980000001
389000,4235000,CB5MH_MD,109.90814,1e+06,9.5,37.6,389000 4235000,33.5,Suitable,dodgerblue,YES,241.713319,2631.506185,23.6120980000001
389000,4235000,CB5MH_MD,73.8189,1e+06,9.94,38.6,389000 4235000,22.5,Suitable,dodgerblue,YES,241.713319,2631.506185,23.6120980000001
389000,4235000,CB5MH_MD,83.66142,1e+06,9.81,38.1,389000 4235000,25.5,Suitable,dodgerblue,YES,241.713319,2631.506185,23.6120980000001
389000,4235000,CB5MH_MD,103.34646,1e+06,9.5,37.6,389000 4235000,31.5,Suitable,dodgerblue,YES,241.713319,2631.506185,23.6120980000001
389000,4235000,CB5MH_MD,44.29134,1e+06,11.27,41.2,389000 4235000,13.5,Suitable,dodgerblue,YES,241.713319,2631.506185,23.6120980000001
389000,4235000,CB5MH_MD,34.44882,1e+06,11.46,41.7,389000 4235000,10.5,Suitable,dodgerblue,YES,241.713319,2631.506185,23.6120980000001
389000,4235000,CB5MH_MD,1.64042,1e+06,12.24,40.7,389000 4235000,0.5,Suitable,dodgerblue,YES,241.713319,2631.506185,23.6120980000001
389000,4235000,CB5MH_MD,106.6273,1e+06,9.5,37.6,389000 4235000,32.5,Suitable,dodgerblue,YES,241.713319,2631.506185,23.6120980000001
389000,4235000,CB5MH_MD,100.06562,1e+06,9.53,37.6,389000 4235000,30.5,Suitable,dodgerblue,YES,241.713319,2631.506185,23.6120980000001
389000,4235000,CB5MH_MD,14.76378,1e+06,12.16,40.6,389000 4235000,4.5,Suitable,dodgerblue,YES,241.713319,2631.506185,23.6120980000001
389000,4235000,CB5MH_MD,70.53806,1e+06,10.01,38.7,389000 4235000,21.5,Suitable,dodgerblue,YES,241.713319,2631.506185,23.6120980000001
389000,4235000,CB5MH_MD,21.32546,1e+06,12.06,40.7,389000 4235000,6.5,Suitable,dodgerblue,YES,241.713319,2631.506185,23.6120980000001
389000,4337000,CB3MH,4.92126,1e+06,11.66,44.3,389000 4337000,1.5,Suitable,dodgerblue,YES,241.713319,2694.886027,86.9919399999999
389000,4337000,CB3MH,27.88714,1e+06,9.33,40.5,389000 4337000,8.5,Suitable,dodgerblue,YES,241.713319,2694.886027,86.9919399999999
389000,4337000,CB3MH,8.2021,1e+06,11.42,44.2,389000 4337000,2.5,Suitable,dodgerblue,YES,241.713319,2694.886027,86.9919399999999
389000,4337000,CB3MH,18.04462,1e+06,9.83,42.8,389000 4337000,5.5,Suitable,dodgerblue,YES,241.713319,2694.886027,86.9919399999999
389000,4337000,CB3MH,34.44882,1e+06,9.41,39.9,389000 4337000,10.5,Suitable,dodgerblue,YES,241.713319,2694.886027,86.9919399999999
389000,4337000,CB3MH,24.6063,1e+06,9.44,41.4,389000 4337000,7.5,Suitable,dodgerblue,YES,241.713319,2694.886027,86.9919399999999
389000,4337000,CB3MH,11.48294,1e+06,11.09,43.9,389000 4337000,3.5,Suitable,dodgerblue,YES,241.713319,2694.886027,86.9919399999999
389000,4337000,CB3MH,14.76378,1e+06,10.5,43.5,389000 4337000,4.5,Suitable,dodgerblue,YES,241.713319,2694.886027,86.9919399999999
389000,4337000,CB3MH,21.32546,1e+06,9.54,42.2,389000 4337000,6.5,Suitable,dodgerblue,YES,241.713319,2694.886027,86.9919399999999
389000,4337000,CB3MH,1.64042,1e+06,11.76,44.4,389000 4337000,0.5,Suitable,dodgerblue,YES,241.713319,2694.886027,86.9919399999999
389000,4337000,CB3MH,31.16798,1e+06,9.37,40.1,389000 4337000,9.5,Suitable,dodgerblue,YES,241.713319,2694.886027,86.9919399999999
389000,4338000,CB3MH,11.48294,1e+06,11.08,44,389000 4338000,3.5,Suitable,dodgerblue,YES,241.713319,2695.507398,87.6133110000001
389000,4338000,CB3MH,24.6063,1e+06,9.46,41.5,389000 4338000,7.5,Suitable,dodgerblue,YES,241.713319,2695.507398,87.6133110000001
389000,4338000,CB3MH,4.92126,1e+06,11.63,44.4,389000 4338000,1.5,Suitable,dodgerblue,YES,241.713319,2695.507398,87.6133110000001
389000,4338000,CB3MH,31.16798,1e+06,9.39,40.3,389000 4338000,9.5,Suitable,dodgerblue,YES,241.713319,2695.507398,87.6133110000001
389000,4338000,CB3MH,8.2021,1e+06,11.4,44.3,389000 4338000,2.5,Suitable,dodgerblue,YES,241.713319,2695.507398,87.6133110000001
389000,4338000,CB3MH,27.88714,1e+06,9.36,40.7,389000 4338000,8.5,Suitable,dodgerblue,YES,241.713319,2695.507398,87.6133110000001
389000,4338000,CB3MH,1.64042,1e+06,11.72,44.5,389000 4338000,0.5,Suitable,dodgerblue,YES,241.713319,2695.507398,87.6133110000001
389000,4338000,CB3MH,14.76378,1e+06,10.5,43.6,389000 4338000,4.5,Suitable,dodgerblue,YES,241.713319,2695.507398,87.6133110000001
389000,4338000,CB3MH,34.44882,1e+06,9.41,40.1,389000 4338000,10.5,Suitable,dodgerblue,YES,241.713319,2695.507398,87.6133110000001
389000,4338000,CB3MH,21.32546,1e+06,9.57,42.4,389000 4338000,6.5,Suitable,dodgerblue,YES,241.713319,2695.507398,87.6133110000001
389000,4338000,CB3MH,18.04462,1e+06,9.85,43,389000 4338000,5.5,Suitable,dodgerblue,YES,241.713319,2695.507398,87.6133110000001
389000,4339000,CB3MH,1.64042,1e+06,11.67,44.7,389000 4339000,0.5,Suitable,dodgerblue,YES,241.713319,2696.128769,88.2346819999998
389000,4339000,CB3MH,11.48294,1e+06,11.08,44.1,389000 4339000,3.5,Suitable,dodgerblue,YES,241.713319,2696.128769,88.2346819999998
389000,4339000,CB3MH,24.6063,1e+06,9.51,41.7,389000 4339000,7.5,Suitable,dodgerblue,YES,241.713319,2696.128769,88.2346819999998
389000,4339000,CB3MH,4.92126,1e+06,11.58,44.6,389000 4339000,1.5,Suitable,dodgerblue,YES,241.713319,2696.128769,88.2346819999998
389000,4339000,CB3MH,21.32546,1e+06,9.62,42.5,389000 4339000,6.5,Suitable,dodgerblue,YES,241.713319,2696.128769,88.2346819999998
389000,4339000,CB3MH,14.76378,1e+06,10.51,43.7,389000 4339000,4.5,Suitable,dodgerblue,YES,241.713319,2696.128769,88.2346819999998
389000,4339000,CB3MH,18.04462,1e+06,9.89,43.1,389000 4339000,5.5,Suitable,dodgerblue,YES,241.713319,2696.128769,88.2346819999998
389000,4339000,CB3MH,8.2021,1e+06,11.37,44.5,389000 4339000,2.5,Suitable,dodgerblue,YES,241.713319,2696.128769,88.2346819999998
390000,4232000,CB5MH_MD,54.13386,1e+06,10.57,41.6,390000 4232000,16.5,Suitable,dodgerblue,YES,242.33469,2629.642072,21.747985
390000,4232000,CB5MH_MD,21.32546,1e+06,12.04,40.8,390000 4232000,6.5,Suitable,dodgerblue,YES,242.33469,2629.642072,21.747985
390000,4232000,CB5MH_MD,31.16798,1e+06,11.49,41.8,390000 4232000,9.5,Suitable,dodgerblue,YES,242.33469,2629.642072,21.747985
390000,4232000,CB5MH_MD,44.29134,1e+06,11.22,41.5,390000 4232000,13.5,Suitable,dodgerblue,YES,242.33469,2629.642072,21.747985
390000,4232000,CB5MH_MD,57.4147,1e+06,10.48,41,390000 4232000,17.5,Suitable,dodgerblue,YES,242.33469,2629.642072,21.747985
390000,4232000,CB5MH_MD,50.85302,1e+06,10.72,41.9,390000 4232000,15.5,Suitable,dodgerblue,YES,242.33469,2629.642072,21.747985
390000,4232000,CB5MH_MD,60.69554,1e+06,10.36,40.4,390000 4232000,18.5,Suitable,dodgerblue,YES,242.33469,2629.642072,21.747985
390000,4232000,CB5MH_MD,27.88714,1e+06,11.51,41.8,390000 4232000,8.5,Suitable,dodgerblue,YES,242.33469,2629.642072,21.747985
390000,4232000,CB5MH_MD,63.97638,1e+06,10.28,40.2,390000 4232000,19.5,Suitable,dodgerblue,YES,242.33469,2629.642072,21.747985
390000,4232000,CB5MH_MD,37.72966,1e+06,11.32,41.7,390000 4232000,11.5,Suitable,dodgerblue,YES,242.33469,2629.642072,21.747985
390000,4232000,CB5MH_MD,77.09974,1e+06,10.1,39.1,390000 4232000,23.5,Suitable,dodgerblue,YES,242.33469,2629.642072,21.747985
390000,4232000,CB5MH_MD,18.04462,1e+06,12.13,40.7,390000 4232000,5.5,Suitable,dodgerblue,YES,242.33469,2629.642072,21.747985
390000,4232000,CB5MH_MD,67.25722,1e+06,10.24,39.9,390000 4232000,20.5,Suitable,dodgerblue,YES,242.33469,2629.642072,21.747985
390000,4232000,CB5MH_MD,70.53806,1e+06,10.21,39.7,390000 4232000,21.5,Suitable,dodgerblue,YES,242.33469,2629.642072,21.747985
390000,4232000,CB5MH_MD,34.44882,1e+06,11.41,41.8,390000 4232000,10.5,Suitable,dodgerblue,YES,242.33469,2629.642072,21.747985
390000,4232000,CB5MH_MD,1.64042,1e+06,12.24,40.7,390000 4232000,0.5,Suitable,dodgerblue,YES,242.33469,2629.642072,21.747985
390000,4232000,CB5MH_MD,47.57218,1e+06,11.16,41.4,390000 4232000,14.5,Suitable,dodgerblue,YES,242.33469,2629.642072,21.747985
390000,4232000,CB5MH_MD,73.8189,1e+06,10.15,39.4,390000 4232000,22.5,Suitable,dodgerblue,YES,242.33469,2629.642072,21.747985
390000,4232000,CB5MH_MD,8.2021,1e+06,12.21,40.6,390000 4232000,2.5,Suitable,dodgerblue,YES,242.33469,2629.642072,21.747985
390000,4232000,CB5MH_MD,4.92126,1e+06,12.22,40.7,390000 4232000,1.5,Suitable,dodgerblue,YES,242.33469,2629.642072,21.747985
390000,4232000,CB5MH_MD,41.0105,1e+06,11.27,41.6,390000 4232000,12.5,Suitable,dodgerblue,YES,242.33469,2629.642072,21.747985
390000,4232000,CB5MH_MD,24.6063,1e+06,11.95,40.9,390000 4232000,7.5,Suitable,dodgerblue,YES,242.33469,2629.642072,21.747985
390000,4232000,CB5MH_MD,11.48294,1e+06,12.2,40.6,390000 4232000,3.5,Suitable,dodgerblue,YES,242.33469,2629.642072,21.747985
390000,4232000,CB5MH_MD,14.76378,1e+06,12.17,40.7,390000 4232000,4.5,Suitable,dodgerblue,YES,242.33469,2629.642072,21.747985
390000,4233000,CB5MH_MD,24.6063,1e+06,11.99,40.8,390000 4233000,7.5,Suitable,dodgerblue,YES,242.33469,2630.263443,22.3693559999997
390000,4233000,CB5MH_MD,96.78478,1e+06,9.57,37.6,390000 4233000,29.5,Suitable,dodgerblue,YES,242.33469,2630.263443,22.3693559999997
390000,4233000,CB5MH_MD,11.48294,1e+06,12.21,40.5,390000 4233000,3.5,Suitable,dodgerblue,YES,242.33469,2630.263443,22.3693559999997
390000,4233000,CB5MH_MD,1.64042,1e+06,12.25,40.7,390000 4233000,0.5,Suitable,dodgerblue,YES,242.33469,2630.263443,22.3693559999997
390000,4233000,CB5MH_MD,93.50394,1e+06,9.8,38.2,390000 4233000,28.5,Suitable,dodgerblue,YES,242.33469,2630.263443,22.3693559999997
390000,4233000,CB5MH_MD,77.09974,1e+06,10.04,38.9,390000 4233000,23.5,Suitable,dodgerblue,YES,242.33469,2630.263443,22.3693559999997
390000,4233000,CB5MH_MD,18.04462,1e+06,12.14,40.7,390000 4233000,5.5,Suitable,dodgerblue,YES,242.33469,2630.263443,22.3693559999997
390000,4233000,CB5MH_MD,109.90814,1e+06,9.5,37.6,390000 4233000,33.5,Suitable,dodgerblue,YES,242.33469,2630.263443,22.3693559999997
390000,4233000,CB5MH_MD,34.44882,1e+06,11.43,41.8,390000 4233000,10.5,Suitable,dodgerblue,YES,242.33469,2630.263443,22.3693559999997
390000,4233000,CB5MH_MD,103.34646,1e+06,9.5,37.6,390000 4233000,31.5,Suitable,dodgerblue,YES,242.33469,2630.263443,22.3693559999997
390000,4233000,CB5MH_MD,63.97638,1e+06,10.21,39.8,390000 4233000,19.5,Suitable,dodgerblue,YES,242.33469,2630.263443,22.3693559999997
390000,4233000,CB5MH_MD,4.92126,1e+06,12.23,40.6,390000 4233000,1.5,Suitable,dodgerblue,YES,242.33469,2630.263443,22.3693559999997
390000,4233000,CB5MH_MD,106.6273,1e+06,9.5,37.6,390000 4233000,32.5,Suitable,dodgerblue,YES,242.33469,2630.263443,22.3693559999997
390000,4233000,CB5MH_MD,14.76378,1e+06,12.18,40.6,390000 4233000,4.5,Suitable,dodgerblue,YES,242.33469,2630.263443,22.3693559999997
390000,4233000,CB5MH_MD,86.94226,1e+06,9.85,38.4,390000 4233000,26.5,Suitable,dodgerblue,YES,242.33469,2630.263443,22.3693559999997
390000,4233000,CB5MH_MD,21.32546,1e+06,12.07,40.7,390000 4233000,6.5,Suitable,dodgerblue,YES,242.33469,2630.263443,22.3693559999997
390000,4233000,CB5MH_MD,31.16798,1e+06,11.51,41.8,390000 4233000,9.5,Suitable,dodgerblue,YES,242.33469,2630.263443,22.3693559999997
390000,4233000,CB5MH_MD,27.88714,1e+06,11.53,41.8,390000 4233000,8.5,Suitable,dodgerblue,YES,242.33469,2630.263443,22.3693559999997
390000,4233000,CB5MH_MD,47.57218,1e+06,11.18,41.2,390000 4233000,14.5,Suitable,dodgerblue,YES,242.33469,2630.263443,22.3693559999997
390000,4233000,CB5MH_MD,80.38058,1e+06,9.99,38.7,390000 4233000,24.5,Suitable,dodgerblue,YES,242.33469,2630.263443,22.3693559999997
390000,4233000,CB5MH_MD,8.2021,1e+06,12.22,40.6,390000 4233000,2.5,Suitable,dodgerblue,YES,242.33469,2630.263443,22.3693559999997
390000,4233000,CB5MH_MD,37.72966,1e+06,11.35,41.6,390000 4233000,11.5,Suitable,dodgerblue,YES,242.33469,2630.263443,22.3693559999997
390000,4233000,CB5MH_MD,70.53806,1e+06,10.14,39.4,390000 4233000,21.5,Suitable,dodgerblue,YES,242.33469,2630.263443,22.3693559999997
390000,4233000,CB5MH_MD,67.25722,1e+06,10.18,39.5,390000 4233000,20.5,Suitable,dodgerblue,YES,242.33469,2630.263443,22.3693559999997
390000,4233000,CB5MH_MD,100.06562,1e+06,9.53,37.6,390000 4233000,30.5,Suitable,dodgerblue,YES,242.33469,2630.263443,22.3693559999997
390000,4233000,CB5MH_MD,83.66142,1e+06,9.92,38.5,390000 4233000,25.5,Suitable,dodgerblue,YES,242.33469,2630.263443,22.3693559999997
390000,4233000,CB5MH_MD,54.13386,1e+06,10.52,41.3,390000 4233000,16.5,Suitable,dodgerblue,YES,242.33469,2630.263443,22.3693559999997
390000,4233000,CB5MH_MD,50.85302,1e+06,10.68,41.7,390000 4233000,15.5,Suitable,dodgerblue,YES,242.33469,2630.263443,22.3693559999997
390000,4233000,CB5MH_MD,60.69554,1e+06,10.31,40.1,390000 4233000,18.5,Suitable,dodgerblue,YES,242.33469,2630.263443,22.3693559999997
390000,4233000,CB5MH_MD,73.8189,1e+06,10.08,39.2,390000 4233000,22.5,Suitable,dodgerblue,YES,242.33469,2630.263443,22.3693559999997
390000,4233000,CB5MH_MD,41.0105,1e+06,11.3,41.5,390000 4233000,12.5,Suitable,dodgerblue,YES,242.33469,2630.263443,22.3693559999997
390000,4233000,CB5MH_MD,57.4147,1e+06,10.42,40.6,390000 4233000,17.5,Suitable,dodgerblue,YES,242.33469,2630.263443,22.3693559999997
390000,4233000,CB5MH_MD,90.2231,1e+06,9.82,38.3,390000 4233000,27.5,Suitable,dodgerblue,YES,242.33469,2630.263443,22.3693559999997
390000,4233000,CB5MH_MD,44.29134,1e+06,11.24,41.4,390000 4233000,13.5,Suitable,dodgerblue,YES,242.33469,2630.263443,22.3693559999997
391000,4230000,CB5MH_MD,11.48294,1e+06,12.08,40.9,391000 4230000,3.5,Suitable,dodgerblue,YES,242.956061,2628.39933,20.5052430000001
391000,4230000,CB5MH_MD,47.57218,1e+06,11.07,42,391000 4230000,14.5,Suitable,dodgerblue,YES,242.956061,2628.39933,20.5052430000001
391000,4230000,CB5MH_MD,50.85302,1e+06,10.72,42.3,391000 4230000,15.5,Suitable,dodgerblue,YES,242.956061,2628.39933,20.5052430000001
391000,4230000,CB5MH_MD,77.09974,1e+06,10.23,39.6,391000 4230000,23.5,Suitable,dodgerblue,YES,242.956061,2628.39933,20.5052430000001
391000,4230000,CB5MH_MD,54.13386,1e+06,10.62,42.1,391000 4230000,16.5,Suitable,dodgerblue,YES,242.956061,2628.39933,20.5052430000001
391000,4230000,CB5MH_MD,44.29134,1e+06,11.1,42.1,391000 4230000,13.5,Suitable,dodgerblue,YES,242.956061,2628.39933,20.5052430000001
391000,4230000,CB5MH_MD,27.88714,1e+06,11.41,42.1,391000 4230000,8.5,Suitable,dodgerblue,YES,242.956061,2628.39933,20.5052430000001
391000,4230000,CB5MH_MD,37.72966,1e+06,11.19,42.2,391000 4230000,11.5,Suitable,dodgerblue,YES,242.956061,2628.39933,20.5052430000001
391000,4230000,CB5MH_MD,73.8189,1e+06,10.29,40.1,391000 4230000,22.5,Suitable,dodgerblue,YES,242.956061,2628.39933,20.5052430000001
391000,4230000,CB5MH_MD,60.69554,1e+06,10.49,41.2,391000 4230000,18.5,Suitable,dodgerblue,YES,242.956061,2628.39933,20.5052430000001
391000,4230000,CB5MH_MD,67.25722,1e+06,10.39,40.6,391000 4230000,20.5,Suitable,dodgerblue,YES,242.956061,2628.39933,20.5052430000001
391000,4230000,CB5MH_MD,14.76378,1e+06,12.04,41,391000 4230000,4.5,Suitable,dodgerblue,YES,242.956061,2628.39933,20.5052430000001
391000,4230000,CB5MH_MD,8.2021,1e+06,12.1,41,391000 4230000,2.5,Suitable,dodgerblue,YES,242.956061,2628.39933,20.5052430000001
391000,4230000,CB5MH_MD,31.16798,1e+06,11.38,42.1,391000 4230000,9.5,Suitable,dodgerblue,YES,242.956061,2628.39933,20.5052430000001
391000,4230000,CB5MH_MD,34.44882,1e+06,11.28,42.2,391000 4230000,10.5,Suitable,dodgerblue,YES,242.956061,2628.39933,20.5052430000001
391000,4230000,CB5MH_MD,18.04462,1e+06,12,41.1,391000 4230000,5.5,Suitable,dodgerblue,YES,242.956061,2628.39933,20.5052430000001
391000,4230000,CB5MH_MD,41.0105,1e+06,11.14,42.1,391000 4230000,12.5,Suitable,dodgerblue,YES,242.956061,2628.39933,20.5052430000001
391000,4230000,CB5MH_MD,63.97638,1e+06,10.43,41,391000 4230000,19.5,Suitable,dodgerblue,YES,242.956061,2628.39933,20.5052430000001
391000,4230000,CB5MH_MD,57.4147,1e+06,10.56,41.7,391000 4230000,17.5,Suitable,dodgerblue,YES,242.956061,2628.39933,20.5052430000001
391000,4230000,CB5MH_MD,70.53806,1e+06,10.35,40.4,391000 4230000,21.5,Suitable,dodgerblue,YES,242.956061,2628.39933,20.5052430000001
391000,4230000,CB5MH_MD,1.64042,1e+06,12.12,41.1,391000 4230000,0.5,Suitable,dodgerblue,YES,242.956061,2628.39933,20.5052430000001
391000,4230000,CB5MH_MD,4.92126,1e+06,12.11,41,391000 4230000,1.5,Suitable,dodgerblue,YES,242.956061,2628.39933,20.5052430000001
391000,4230000,CB5MH_MD,21.32546,1e+06,11.88,41.2,391000 4230000,6.5,Suitable,dodgerblue,YES,242.956061,2628.39933,20.5052430000001
391000,4230000,CB5MH_MD,24.6063,1e+06,11.76,41.3,391000 4230000,7.5,Suitable,dodgerblue,YES,242.956061,2628.39933,20.5052430000001
391000,4231000,CB5MH_MD,37.72966,1e+06,11.24,41.9,391000 4231000,11.5,Suitable,dodgerblue,YES,242.956061,2629.020701,21.1266139999998
391000,4231000,CB5MH_MD,93.50394,1e+06,9.9,38.5,391000 4231000,28.5,Suitable,dodgerblue,YES,242.956061,2629.020701,21.1266139999998
391000,4231000,CB5MH_MD,60.69554,1e+06,10.44,40.9,391000 4231000,18.5,Suitable,dodgerblue,YES,242.956061,2629.020701,21.1266139999998
391000,4231000,CB5MH_MD,63.97638,1e+06,10.37,40.6,391000 4231000,19.5,Suitable,dodgerblue,YES,242.956061,2629.020701,21.1266139999998
391000,4231000,CB5MH_MD,83.66142,1e+06,10.05,39,391000 4231000,25.5,Suitable,dodgerblue,YES,242.956061,2629.020701,21.1266139999998
391000,4231000,CB5MH_MD,90.2231,1e+06,9.93,38.6,391000 4231000,27.5,Suitable,dodgerblue,YES,242.956061,2629.020701,21.1266139999998
391000,4231000,CB5MH_MD,116.46982,1e+06,9.5,37.6,391000 4231000,35.5,Suitable,dodgerblue,YES,242.956061,2629.020701,21.1266139999998
391000,4231000,CB5MH_MD,119.75066,1e+06,9.5,37.6,391000 4231000,36.5,Suitable,dodgerblue,YES,242.956061,2629.020701,21.1266139999998
391000,4231000,CB5MH_MD,47.57218,1e+06,11.1,41.6,391000 4231000,14.5,Suitable,dodgerblue,YES,242.956061,2629.020701,21.1266139999998
391000,4231000,CB5MH_MD,54.13386,1e+06,10.6,41.9,391000 4231000,16.5,Suitable,dodgerblue,YES,242.956061,2629.020701,21.1266139999998
391000,4231000,CB5MH_MD,41.0105,1e+06,11.19,41.8,391000 4231000,12.5,Suitable,dodgerblue,YES,242.956061,2629.020701,21.1266139999998
391000,4231000,CB5MH_MD,103.34646,1e+06,9.5,37.6,391000 4231000,31.5,Suitable,dodgerblue,YES,242.956061,2629.020701,21.1266139999998
391000,4231000,CB5MH_MD,57.4147,1e+06,10.53,41.4,391000 4231000,17.5,Suitable,dodgerblue,YES,242.956061,2629.020701,21.1266139999998
391000,4231000,CB5MH_MD,34.44882,1e+06,11.33,42,391000 4231000,10.5,Suitable,dodgerblue,YES,242.956061,2629.020701,21.1266139999998
391000,4231000,CB5MH_MD,106.6273,1e+06,9.5,37.6,391000 4231000,32.5,Suitable,dodgerblue,YES,242.956061,2629.020701,21.1266139999998
391000,4231000,CB5MH_MD,86.94226,1e+06,9.97,38.8,391000 4231000,26.5,Suitable,dodgerblue,YES,242.956061,2629.020701,21.1266139999998
391000,4231000,CB5MH_MD,50.85302,1e+06,10.72,42.1,391000 4231000,15.5,Suitable,dodgerblue,YES,242.956061,2629.020701,21.1266139999998
391000,4231000,CB5MH_MD,44.29134,1e+06,11.14,41.7,391000 4231000,13.5,Suitable,dodgerblue,YES,242.956061,2629.020701,21.1266139999998
391000,4231000,CB5MH_MD,109.90814,1e+06,9.5,37.6,391000 4231000,33.5,Suitable,dodgerblue,YES,242.956061,2629.020701,21.1266139999998
391000,4231000,CB5MH_MD,100.06562,1e+06,9.53,37.6,391000 4231000,30.5,Suitable,dodgerblue,YES,242.956061,2629.020701,21.1266139999998
391000,4231000,CB5MH_MD,70.53806,1e+06,10.29,40.1,391000 4231000,21.5,Suitable,dodgerblue,YES,242.956061,2629.020701,21.1266139999998
391000,4231000,CB5MH_MD,77.09974,1e+06,10.17,39.4,391000 4231000,23.5,Suitable,dodgerblue,YES,242.956061,2629.020701,21.1266139999998
391000,4231000,CB5MH_MD,24.6063,1e+06,11.85,41.1,391000 4231000,7.5,Suitable,dodgerblue,YES,242.956061,2629.020701,21.1266139999998
391000,4231000,CB5MH_MD,80.38058,1e+06,10.12,39.2,391000 4231000,24.5,Suitable,dodgerblue,YES,242.956061,2629.020701,21.1266139999998
391000,4231000,CB5MH_MD,18.04462,1e+06,12.06,40.9,391000 4231000,5.5,Suitable,dodgerblue,YES,242.956061,2629.020701,21.1266139999998
391000,4231000,CB5MH_MD,96.78478,1e+06,9.57,37.6,391000 4231000,29.5,Suitable,dodgerblue,YES,242.956061,2629.020701,21.1266139999998
391000,4231000,CB5MH_MD,31.16798,1e+06,11.42,42,391000 4231000,9.5,Suitable,dodgerblue,YES,242.956061,2629.020701,21.1266139999998
391000,4231000,CB5MH_MD,8.2021,1e+06,12.15,40.8,391000 4231000,2.5,Suitable,dodgerblue,YES,242.956061,2629.020701,21.1266139999998
391000,4231000,CB5MH_MD,113.18898,1e+06,9.5,37.6,391000 4231000,34.5,Suitable,dodgerblue,YES,242.956061,2629.020701,21.1266139999998
391000,4231000,CB5MH_MD,4.92126,1e+06,12.16,40.9,391000 4231000,1.5,Suitable,dodgerblue,YES,242.956061,2629.020701,21.1266139999998
391000,4231000,CB5MH_MD,67.25722,1e+06,10.32,40.3,391000 4231000,20.5,Suitable,dodgerblue,YES,242.956061,2629.020701,21.1266139999998
391000,4231000,CB5MH_MD,73.8189,1e+06,10.23,39.8,391000 4231000,22.5,Suitable,dodgerblue,YES,242.956061,2629.020701,21.1266139999998
391000,4231000,CB5MH_MD,27.88714,1e+06,11.45,41.9,391000 4231000,8.5,Suitable,dodgerblue,YES,242.956061,2629.020701,21.1266139999998
391000,4231000,CB5MH_MD,1.64042,1e+06,12.17,40.9,391000 4231000,0.5,Suitable,dodgerblue,YES,242.956061,2629.020701,21.1266139999998
391000,4231000,CB5MH_MD,21.32546,1e+06,11.95,41,391000 4231000,6.5,Suitable,dodgerblue,YES,242.956061,2629.020701,21.1266139999998
391000,4231000,CB5MH_MD,14.76378,1e+06,12.1,40.8,391000 4231000,4.5,Suitable,dodgerblue,YES,242.956061,2629.020701,21.1266139999998
391000,4231000,CB5MH_MD,11.48294,1e+06,12.13,40.8,391000 4231000,3.5,Suitable,dodgerblue,YES,242.956061,2629.020701,21.1266139999998
391000,4346000,CB2OH,14.76378,1e+06,10.43,44.7,391000 4346000,4.5,Suitable,dodgerblue,YES,242.956061,2700.478366,92.5842789999997
391000,4346000,CB2OH,4.92126,1e+06,11.34,45.5,391000 4346000,1.5,Suitable,dodgerblue,YES,242.956061,2700.478366,92.5842789999997
391000,4346000,CB2OH,1.64042,1e+06,11.39,45.5,391000 4346000,0.5,Suitable,dodgerblue,YES,242.956061,2700.478366,92.5842789999997
391000,4346000,CB2OH,21.32546,1e+06,9.78,43.6,391000 4346000,6.5,Suitable,dodgerblue,YES,242.956061,2700.478366,92.5842789999997
391000,4346000,CB2OH,18.04462,1e+06,9.98,44.1,391000 4346000,5.5,Suitable,dodgerblue,YES,242.956061,2700.478366,92.5842789999997
391000,4346000,CB2OH,11.48294,1e+06,10.92,45,391000 4346000,3.5,Suitable,dodgerblue,YES,242.956061,2700.478366,92.5842789999997
391000,4346000,CB2OH,8.2021,1e+06,11.2,45.4,391000 4346000,2.5,Suitable,dodgerblue,YES,242.956061,2700.478366,92.5842789999997
391000,4347000,CB2OH,1.64042,1e+06,11.38,45.6,391000 4347000,0.5,Suitable,dodgerblue,YES,242.956061,2701.099737,93.2056499999999
391000,4347000,CB2OH,21.32546,1e+06,9.8,43.6,391000 4347000,6.5,Suitable,dodgerblue,YES,242.956061,2701.099737,93.2056499999999
391000,4347000,CB2OH,4.92126,1e+06,11.33,45.6,391000 4347000,1.5,Suitable,dodgerblue,YES,242.956061,2701.099737,93.2056499999999
391000,4347000,CB2OH,31.16798,1e+06,9.43,42.2,391000 4347000,9.5,Suitable,dodgerblue,YES,242.956061,2701.099737,93.2056499999999
391000,4347000,CB2OH,18.04462,1e+06,10,44.1,391000 4347000,5.5,Suitable,dodgerblue,YES,242.956061,2701.099737,93.2056499999999
391000,4347000,CB2OH,8.2021,1e+06,11.19,45.5,391000 4347000,2.5,Suitable,dodgerblue,YES,242.956061,2701.099737,93.2056499999999
391000,4347000,CB2OH,34.44882,1e+06,9.31,41.8,391000 4347000,10.5,Suitable,dodgerblue,YES,242.956061,2701.099737,93.2056499999999
391000,4347000,CB2OH,11.48294,1e+06,10.92,45,391000 4347000,3.5,Suitable,dodgerblue,YES,242.956061,2701.099737,93.2056499999999
391000,4347000,CB2OH,14.76378,1e+06,10.44,44.7,391000 4347000,4.5,Suitable,dodgerblue,YES,242.956061,2701.099737,93.2056499999999
391000,4347000,CB2OH,27.88714,1e+06,9.52,42.5,391000 4347000,8.5,Suitable,dodgerblue,YES,242.956061,2701.099737,93.2056499999999
391000,4347000,CB2OH,24.6063,1e+06,9.66,43.1,391000 4347000,7.5,Suitable,dodgerblue,YES,242.956061,2701.099737,93.2056499999999
392000,4221000,CB5MH_MD,60.69554,1e+06,10.7,42.7,392000 4221000,18.5,Suitable,dodgerblue,YES,243.577432,2622.806991,14.9129039999998
392000,4221000,CB5MH_MD,24.6063,1e+06,11.15,42.6,392000 4221000,7.5,Suitable,dodgerblue,YES,243.577432,2622.806991,14.9129039999998
392000,4221000,CB5MH_MD,27.88714,1e+06,11.1,42.7,392000 4221000,8.5,Suitable,dodgerblue,YES,243.577432,2622.806991,14.9129039999998
392000,4221000,CB5MH_MD,34.44882,1e+06,10.9,42.9,392000 4221000,10.5,Suitable,dodgerblue,YES,243.577432,2622.806991,14.9129039999998
392000,4221000,CB5MH_MD,31.16798,1e+06,11.05,42.8,392000 4221000,9.5,Suitable,dodgerblue,YES,243.577432,2622.806991,14.9129039999998
392000,4221000,CB5MH_MD,21.32546,1e+06,11.35,42.4,392000 4221000,6.5,Suitable,dodgerblue,YES,243.577432,2622.806991,14.9129039999998
392000,4221000,CB5MH_MD,80.38058,1e+06,10.43,40.5,392000 4221000,24.5,Suitable,dodgerblue,YES,243.577432,2622.806991,14.9129039999998
392000,4221000,CB5MH_MD,8.2021,1e+06,11.7,42.1,392000 4221000,2.5,Suitable,dodgerblue,YES,243.577432,2622.806991,14.9129039999998
392000,4221000,CB5MH_MD,18.04462,1e+06,11.55,42.2,392000 4221000,5.5,Suitable,dodgerblue,YES,243.577432,2622.806991,14.9129039999998
392000,4221000,CB5MH_MD,57.4147,1e+06,10.7,42.9,392000 4221000,17.5,Suitable,dodgerblue,YES,243.577432,2622.806991,14.9129039999998
392000,4221000,CB5MH_MD,63.97638,1e+06,10.68,42.4,392000 4221000,19.5,Suitable,dodgerblue,YES,243.577432,2622.806991,14.9129039999998
392000,4221000,CB5MH_MD,1.64042,1e+06,11.7,42.1,392000 4221000,0.5,Suitable,dodgerblue,YES,243.577432,2622.806991,14.9129039999998
392000,4221000,CB5MH_MD,37.72966,1e+06,10.78,43,392000 4221000,11.5,Suitable,dodgerblue,YES,243.577432,2622.806991,14.9129039999998
392000,4221000,CB5MH_MD,73.8189,1e+06,10.55,41.2,392000 4221000,22.5,Suitable,dodgerblue,YES,243.577432,2622.806991,14.9129039999998
392000,4221000,CB5MH_MD,11.48294,1e+06,11.65,42.1,392000 4221000,3.5,Suitable,dodgerblue,YES,243.577432,2622.806991,14.9129039999998
392000,4221000,CB5MH_MD,77.09974,1e+06,10.47,40.6,392000 4221000,23.5,Suitable,dodgerblue,YES,243.577432,2622.806991,14.9129039999998
392000,4221000,CB5MH_MD,4.92126,1e+06,11.7,42.1,392000 4221000,1.5,Suitable,dodgerblue,YES,243.577432,2622.806991,14.9129039999998
392000,4221000,CB5MH_MD,67.25722,1e+06,10.62,41.9,392000 4221000,20.5,Suitable,dodgerblue,YES,243.577432,2622.806991,14.9129039999998
392000,4221000,CB5MH_MD,54.13386,1e+06,10.7,43,392000 4221000,16.5,Suitable,dodgerblue,YES,243.577432,2622.806991,14.9129039999998
392000,4221000,CB5MH_MD,86.94226,1e+06,10.25,39.8,392000 4221000,26.5,Suitable,dodgerblue,YES,243.577432,2622.806991,14.9129039999998
392000,4221000,CB5MH_MD,41.0105,1e+06,10.72,43,392000 4221000,12.5,Suitable,dodgerblue,YES,243.577432,2622.806991,14.9129039999998
392000,4221000,CB5MH_MD,44.29134,1e+06,10.7,43,392000 4221000,13.5,Suitable,dodgerblue,YES,243.577432,2622.806991,14.9129039999998
392000,4221000,CB5MH_MD,70.53806,1e+06,10.6,41.7,392000 4221000,21.5,Suitable,dodgerblue,YES,243.577432,2622.806991,14.9129039999998
392000,4221000,CB5MH_MD,83.66142,1e+06,10.35,40.2,392000 4221000,25.5,Suitable,dodgerblue,YES,243.577432,2622.806991,14.9129039999998
392000,4221000,CB5MH_MD,14.76378,1e+06,11.6,42.1,392000 4221000,4.5,Suitable,dodgerblue,YES,243.577432,2622.806991,14.9129039999998
392000,4221000,CB5MH_MD,47.57218,1e+06,10.7,43,392000 4221000,14.5,Suitable,dodgerblue,YES,243.577432,2622.806991,14.9129039999998
392000,4221000,CB5MH_MD,50.85302,1e+06,10.7,43,392000 4221000,15.5,Suitable,dodgerblue,YES,243.577432,2622.806991,14.9129039999998
392000,4222000,CB5MH_MD,14.76378,1e+06,11.6,42.1,392000 4222000,4.5,Suitable,dodgerblue,YES,243.577432,2623.428362,15.534275
392000,4222000,CB5MH_MD,24.6063,1e+06,11.15,42.6,392000 4222000,7.5,Suitable,dodgerblue,YES,243.577432,2623.428362,15.534275
392000,4222000,CB5MH_MD,73.8189,1e+06,10.55,41.2,392000 4222000,22.5,Suitable,dodgerblue,YES,243.577432,2623.428362,15.534275
392000,4222000,CB5MH_MD,54.13386,1e+06,10.7,43,392000 4222000,16.5,Suitable,dodgerblue,YES,243.577432,2623.428362,15.534275
392000,4222000,CB5MH_MD,21.32546,1e+06,11.35,42.4,392000 4222000,6.5,Suitable,dodgerblue,YES,243.577432,2623.428362,15.534275
392000,4222000,CB5MH_MD,77.09974,1e+06,10.47,40.6,392000 4222000,23.5,Suitable,dodgerblue,YES,243.577432,2623.428362,15.534275
392000,4222000,CB5MH_MD,63.97638,1e+06,10.68,42.4,392000 4222000,19.5,Suitable,dodgerblue,YES,243.577432,2623.428362,15.534275
392000,4222000,CB5MH_MD,90.2231,1e+06,10.18,39.5,392000 4222000,27.5,Suitable,dodgerblue,YES,243.577432,2623.428362,15.534275
392000,4222000,CB5MH_MD,18.04462,1e+06,11.55,42.2,392000 4222000,5.5,Suitable,dodgerblue,YES,243.577432,2623.428362,15.534275
392000,4222000,CB5MH_MD,57.4147,1e+06,10.7,42.9,392000 4222000,17.5,Suitable,dodgerblue,YES,243.577432,2623.428362,15.534275
392000,4222000,CB5MH_MD,86.94226,1e+06,10.25,39.8,392000 4222000,26.5,Suitable,dodgerblue,YES,243.577432,2623.428362,15.534275
392000,4222000,CB5MH_MD,50.85302,1e+06,10.7,43,392000 4222000,15.5,Suitable,dodgerblue,YES,243.577432,2623.428362,15.534275
392000,4222000,CB5MH_MD,80.38058,1e+06,10.43,40.5,392000 4222000,24.5,Suitable,dodgerblue,YES,243.577432,2623.428362,15.534275
392000,4222000,CB5MH_MD,96.78478,1e+06,9.57,37.6,392000 4222000,29.5,Suitable,dodgerblue,YES,243.577432,2623.428362,15.534275
392000,4222000,CB5MH_MD,47.57218,1e+06,10.7,43,392000 4222000,14.5,Suitable,dodgerblue,YES,243.577432,2623.428362,15.534275
392000,4222000,CB5MH_MD,70.53806,1e+06,10.6,41.7,392000 4222000,21.5,Suitable,dodgerblue,YES,243.577432,2623.428362,15.534275
392000,4222000,CB5MH_MD,27.88714,1e+06,11.1,42.7,392000 4222000,8.5,Suitable,dodgerblue,YES,243.577432,2623.428362,15.534275
392000,4222000,CB5MH_MD,83.66142,1e+06,10.35,40.2,392000 4222000,25.5,Suitable,dodgerblue,YES,243.577432,2623.428362,15.534275
392000,4222000,CB5MH_MD,4.92126,1e+06,11.7,42.1,392000 4222000,1.5,Suitable,dodgerblue,YES,243.577432,2623.428362,15.534275
392000,4222000,CB5MH_MD,11.48294,1e+06,11.65,42.1,392000 4222000,3.5,Suitable,dodgerblue,YES,243.577432,2623.428362,15.534275
392000,4222000,CB5MH_MD,44.29134,1e+06,10.7,43,392000 4222000,13.5,Suitable,dodgerblue,YES,243.577432,2623.428362,15.534275
392000,4222000,CB5MH_MD,60.69554,1e+06,10.7,42.7,392000 4222000,18.5,Suitable,dodgerblue,YES,243.577432,2623.428362,15.534275
392000,4222000,CB5MH_MD,67.25722,1e+06,10.62,41.9,392000 4222000,20.5,Suitable,dodgerblue,YES,243.577432,2623.428362,15.534275
392000,4222000,CB5MH_MD,41.0105,1e+06,10.72,43,392000 4222000,12.5,Suitable,dodgerblue,YES,243.577432,2623.428362,15.534275
392000,4222000,CB5MH_MD,1.64042,1e+06,11.7,42.1,392000 4222000,0.5,Suitable,dodgerblue,YES,243.577432,2623.428362,15.534275
392000,4222000,CB5MH_MD,8.2021,1e+06,11.7,42.1,392000 4222000,2.5,Suitable,dodgerblue,YES,243.577432,2623.428362,15.534275
392000,4222000,CB5MH_MD,34.44882,1e+06,10.9,42.9,392000 4222000,10.5,Suitable,dodgerblue,YES,243.577432,2623.428362,15.534275
392000,4222000,CB5MH_MD,93.50394,1e+06,10.12,39.3,392000 4222000,28.5,Suitable,dodgerblue,YES,243.577432,2623.428362,15.534275
392000,4222000,CB5MH_MD,37.72966,1e+06,10.78,43,392000 4222000,11.5,Suitable,dodgerblue,YES,243.577432,2623.428362,15.534275
392000,4222000,CB5MH_MD,31.16798,1e+06,11.05,42.8,392000 4222000,9.5,Suitable,dodgerblue,YES,243.577432,2623.428362,15.534275
392000,4223000,CB5MH_MD,73.8189,1e+06,10.55,41.2,392000 4223000,22.5,Suitable,dodgerblue,YES,243.577432,2624.049733,16.1556459999997
392000,4223000,CB5MH_MD,21.32546,1e+06,11.36,42.4,392000 4223000,6.5,Suitable,dodgerblue,YES,243.577432,2624.049733,16.1556459999997
392000,4223000,CB5MH_MD,54.13386,1e+06,10.7,43,392000 4223000,16.5,Suitable,dodgerblue,YES,243.577432,2624.049733,16.1556459999997
392000,4223000,CB5MH_MD,47.57218,1e+06,10.71,43,392000 4223000,14.5,Suitable,dodgerblue,YES,243.577432,2624.049733,16.1556459999997
392000,4223000,CB5MH_MD,24.6063,1e+06,11.16,42.6,392000 4223000,7.5,Suitable,dodgerblue,YES,243.577432,2624.049733,16.1556459999997
392000,4223000,CB5MH_MD,96.78478,1e+06,9.57,37.6,392000 4223000,29.5,Suitable,dodgerblue,YES,243.577432,2624.049733,16.1556459999997
392000,4223000,CB5MH_MD,100.06562,1e+06,9.53,37.6,392000 4223000,30.5,Suitable,dodgerblue,YES,243.577432,2624.049733,16.1556459999997
392000,4223000,CB5MH_MD,50.85302,1e+06,10.7,43,392000 4223000,15.5,Suitable,dodgerblue,YES,243.577432,2624.049733,16.1556459999997
392000,4223000,CB5MH_MD,93.50394,1e+06,10.12,39.3,392000 4223000,28.5,Suitable,dodgerblue,YES,243.577432,2624.049733,16.1556459999997
392000,4223000,CB5MH_MD,27.88714,1e+06,11.11,42.7,392000 4223000,8.5,Suitable,dodgerblue,YES,243.577432,2624.049733,16.1556459999997
392000,4223000,CB5MH_MD,80.38058,1e+06,10.43,40.5,392000 4223000,24.5,Suitable,dodgerblue,YES,243.577432,2624.049733,16.1556459999997
392000,4223000,CB5MH_MD,77.09974,1e+06,10.47,40.6,392000 4223000,23.5,Suitable,dodgerblue,YES,243.577432,2624.049733,16.1556459999997
392000,4223000,CB5MH_MD,37.72966,1e+06,10.79,43,392000 4223000,11.5,Suitable,dodgerblue,YES,243.577432,2624.049733,16.1556459999997
392000,4223000,CB5MH_MD,90.2231,1e+06,10.18,39.5,392000 4223000,27.5,Suitable,dodgerblue,YES,243.577432,2624.049733,16.1556459999997
392000,4223000,CB5MH_MD,70.53806,1e+06,10.6,41.7,392000 4223000,21.5,Suitable,dodgerblue,YES,243.577432,2624.049733,16.1556459999997
392000,4223000,CB5MH_MD,86.94226,1e+06,10.25,39.8,392000 4223000,26.5,Suitable,dodgerblue,YES,243.577432,2624.049733,16.1556459999997
392000,4223000,CB5MH_MD,41.0105,1e+06,10.73,43,392000 4223000,12.5,Suitable,dodgerblue,YES,243.577432,2624.049733,16.1556459999997
392000,4223000,CB5MH_MD,44.29134,1e+06,10.71,43,392000 4223000,13.5,Suitable,dodgerblue,YES,243.577432,2624.049733,16.1556459999997
392000,4223000,CB5MH_MD,34.44882,1e+06,10.91,42.9,392000 4223000,10.5,Suitable,dodgerblue,YES,243.577432,2624.049733,16.1556459999997
392000,4223000,CB5MH_MD,14.76378,1e+06,11.6,42.1,392000 4223000,4.5,Suitable,dodgerblue,YES,243.577432,2624.049733,16.1556459999997
392000,4223000,CB5MH_MD,83.66142,1e+06,10.35,40.2,392000 4223000,25.5,Suitable,dodgerblue,YES,243.577432,2624.049733,16.1556459999997
392000,4223000,CB5MH_MD,67.25722,1e+06,10.62,41.9,392000 4223000,20.5,Suitable,dodgerblue,YES,243.577432,2624.049733,16.1556459999997
392000,4223000,CB5MH_MD,63.97638,1e+06,10.68,42.4,392000 4223000,19.5,Suitable,dodgerblue,YES,243.577432,2624.049733,16.1556459999997
392000,4223000,CB5MH_MD,31.16798,1e+06,11.06,42.8,392000 4223000,9.5,Suitable,dodgerblue,YES,243.577432,2624.049733,16.1556459999997
392000,4223000,CB5MH_MD,60.69554,1e+06,10.7,42.7,392000 4223000,18.5,Suitable,dodgerblue,YES,243.577432,2624.049733,16.1556459999997
392000,4223000,CB5MH_MD,18.04462,1e+06,11.55,42.2,392000 4223000,5.5,Suitable,dodgerblue,YES,243.577432,2624.049733,16.1556459999997
392000,4223000,CB5MH_MD,57.4147,1e+06,10.7,42.9,392000 4223000,17.5,Suitable,dodgerblue,YES,243.577432,2624.049733,16.1556459999997
392000,4223000,CB5MH_MD,11.48294,1e+06,11.65,42.1,392000 4223000,3.5,Suitable,dodgerblue,YES,243.577432,2624.049733,16.1556459999997
392000,4223000,CB5MH_MD,1.64042,1e+06,11.7,42.1,392000 4223000,0.5,Suitable,dodgerblue,YES,243.577432,2624.049733,16.1556459999997
392000,4223000,CB5MH_MD,4.92126,1e+06,11.7,42.1,392000 4223000,1.5,Suitable,dodgerblue,YES,243.577432,2624.049733,16.1556459999997
392000,4223000,CB5MH_MD,8.2021,1e+06,11.7,42.1,392000 4223000,2.5,Suitable,dodgerblue,YES,243.577432,2624.049733,16.1556459999997
392000,4224000,CB5MH_MD,54.13386,1e+06,10.7,42.9,392000 4224000,16.5,Suitable,dodgerblue,YES,243.577432,2624.671104,16.7770169999999
392000,4224000,CB5MH_MD,47.57218,1e+06,10.74,42.9,392000 4224000,14.5,Suitable,dodgerblue,YES,243.577432,2624.671104,16.7770169999999
392000,4224000,CB5MH_MD,50.85302,1e+06,10.7,43,392000 4224000,15.5,Suitable,dodgerblue,YES,243.577432,2624.671104,16.7770169999999
392000,4224000,CB5MH_MD,44.29134,1e+06,10.74,42.9,392000 4224000,13.5,Suitable,dodgerblue,YES,243.577432,2624.671104,16.7770169999999
392000,4224000,CB5MH_MD,60.69554,1e+06,10.69,42.6,392000 4224000,18.5,Suitable,dodgerblue,YES,243.577432,2624.671104,16.7770169999999
392000,4224000,CB5MH_MD,77.09974,1e+06,10.46,40.6,392000 4224000,23.5,Suitable,dodgerblue,YES,243.577432,2624.671104,16.7770169999999
392000,4224000,CB5MH_MD,70.53806,1e+06,10.59,41.6,392000 4224000,21.5,Suitable,dodgerblue,YES,243.577432,2624.671104,16.7770169999999
392000,4224000,CB5MH_MD,14.76378,1e+06,11.61,42.1,392000 4224000,4.5,Suitable,dodgerblue,YES,243.577432,2624.671104,16.7770169999999
392000,4224000,CB5MH_MD,57.4147,1e+06,10.69,42.8,392000 4224000,17.5,Suitable,dodgerblue,YES,243.577432,2624.671104,16.7770169999999
392000,4224000,CB5MH_MD,37.72966,1e+06,10.82,42.9,392000 4224000,11.5,Suitable,dodgerblue,YES,243.577432,2624.671104,16.7770169999999
392000,4224000,CB5MH_MD,27.88714,1e+06,11.13,42.7,392000 4224000,8.5,Suitable,dodgerblue,YES,243.577432,2624.671104,16.7770169999999
392000,4224000,CB5MH_MD,73.8189,1e+06,10.54,41.1,392000 4224000,22.5,Suitable,dodgerblue,YES,243.577432,2624.671104,16.7770169999999
392000,4224000,CB5MH_MD,63.97638,1e+06,10.67,42.3,392000 4224000,19.5,Suitable,dodgerblue,YES,243.577432,2624.671104,16.7770169999999
392000,4224000,CB5MH_MD,93.50394,1e+06,10.11,39.3,392000 4224000,28.5,Suitable,dodgerblue,YES,243.577432,2624.671104,16.7770169999999
392000,4224000,CB5MH_MD,86.94226,1e+06,10.24,39.8,392000 4224000,26.5,Suitable,dodgerblue,YES,243.577432,2624.671104,16.7770169999999
392000,4224000,CB5MH_MD,41.0105,1e+06,10.76,42.9,392000 4224000,12.5,Suitable,dodgerblue,YES,243.577432,2624.671104,16.7770169999999
392000,4224000,CB5MH_MD,34.44882,1e+06,10.93,42.8,392000 4224000,10.5,Suitable,dodgerblue,YES,243.577432,2624.671104,16.7770169999999
392000,4224000,CB5MH_MD,31.16798,1e+06,11.08,42.8,392000 4224000,9.5,Suitable,dodgerblue,YES,243.577432,2624.671104,16.7770169999999
392000,4224000,CB5MH_MD,11.48294,1e+06,11.66,42.1,392000 4224000,3.5,Suitable,dodgerblue,YES,243.577432,2624.671104,16.7770169999999
392000,4224000,CB5MH_MD,67.25722,1e+06,10.61,41.8,392000 4224000,20.5,Suitable,dodgerblue,YES,243.577432,2624.671104,16.7770169999999
392000,4224000,CB5MH_MD,90.2231,1e+06,10.17,39.5,392000 4224000,27.5,Suitable,dodgerblue,YES,243.577432,2624.671104,16.7770169999999
392000,4224000,CB5MH_MD,100.06562,1e+06,9.53,37.6,392000 4224000,30.5,Suitable,dodgerblue,YES,243.577432,2624.671104,16.7770169999999
392000,4224000,CB5MH_MD,96.78478,1e+06,9.57,37.6,392000 4224000,29.5,Suitable,dodgerblue,YES,243.577432,2624.671104,16.7770169999999
392000,4224000,CB5MH_MD,1.64042,1e+06,11.71,42.1,392000 4224000,0.5,Suitable,dodgerblue,YES,243.577432,2624.671104,16.7770169999999
392000,4224000,CB5MH_MD,8.2021,1e+06,11.71,42.1,392000 4224000,2.5,Suitable,dodgerblue,YES,243.577432,2624.671104,16.7770169999999
392000,4224000,CB5MH_MD,18.04462,1e+06,11.56,42.2,392000 4224000,5.5,Suitable,dodgerblue,YES,243.577432,2624.671104,16.7770169999999
392000,4224000,CB5MH_MD,83.66142,1e+06,10.34,40.2,392000 4224000,25.5,Suitable,dodgerblue,YES,243.577432,2624.671104,16.7770169999999
392000,4224000,CB5MH_MD,21.32546,1e+06,11.37,42.4,392000 4224000,6.5,Suitable,dodgerblue,YES,243.577432,2624.671104,16.7770169999999
392000,4224000,CB5MH_MD,24.6063,1e+06,11.18,42.6,392000 4224000,7.5,Suitable,dodgerblue,YES,243.577432,2624.671104,16.7770169999999
392000,4224000,CB5MH_MD,103.34646,1e+06,9.5,37.6,392000 4224000,31.5,Suitable,dodgerblue,YES,243.577432,2624.671104,16.7770169999999
392000,4224000,CB5MH_MD,80.38058,1e+06,10.42,40.5,392000 4224000,24.5,Suitable,dodgerblue,YES,243.577432,2624.671104,16.7770169999999
392000,4224000,CB5MH_MD,4.92126,1e+06,11.71,42.1,392000 4224000,1.5,Suitable,dodgerblue,YES,243.577432,2624.671104,16.7770169999999
392000,4225000,CB5MH_MD,80.38058,1e+06,10.41,40.4,392000 4225000,24.5,Suitable,dodgerblue,YES,243.577432,2625.292475,17.3983880000001
392000,4225000,CB5MH_MD,90.2231,1e+06,10.16,39.4,392000 4225000,27.5,Suitable,dodgerblue,YES,243.577432,2625.292475,17.3983880000001
392000,4225000,CB5MH_MD,63.97638,1e+06,10.65,42.2,392000 4225000,19.5,Suitable,dodgerblue,YES,243.577432,2625.292475,17.3983880000001
392000,4225000,CB5MH_MD,113.18898,1e+06,9.5,37.6,392000 4225000,34.5,Suitable,dodgerblue,YES,243.577432,2625.292475,17.3983880000001
392000,4225000,CB5MH_MD,86.94226,1e+06,10.23,39.7,392000 4225000,26.5,Suitable,dodgerblue,YES,243.577432,2625.292475,17.3983880000001
392000,4225000,CB5MH_MD,106.6273,1e+06,9.5,37.6,392000 4225000,32.5,Suitable,dodgerblue,YES,243.577432,2625.292475,17.3983880000001
392000,4225000,CB5MH_MD,41.0105,1e+06,10.8,42.9,392000 4225000,12.5,Suitable,dodgerblue,YES,243.577432,2625.292475,17.3983880000001
392000,4225000,CB5MH_MD,83.66142,1e+06,10.33,40.1,392000 4225000,25.5,Suitable,dodgerblue,YES,243.577432,2625.292475,17.3983880000001
392000,4225000,CB5MH_MD,67.25722,1e+06,10.59,41.8,392000 4225000,20.5,Suitable,dodgerblue,YES,243.577432,2625.292475,17.3983880000001
392000,4225000,CB5MH_MD,34.44882,1e+06,10.97,42.8,392000 4225000,10.5,Suitable,dodgerblue,YES,243.577432,2625.292475,17.3983880000001
392000,4225000,CB5MH_MD,31.16798,1e+06,11.11,42.7,392000 4225000,9.5,Suitable,dodgerblue,YES,243.577432,2625.292475,17.3983880000001
392000,4225000,CB5MH_MD,37.72966,1e+06,10.85,42.9,392000 4225000,11.5,Suitable,dodgerblue,YES,243.577432,2625.292475,17.3983880000001
392000,4225000,CB5MH_MD,70.53806,1e+06,10.57,41.6,392000 4225000,21.5,Suitable,dodgerblue,YES,243.577432,2625.292475,17.3983880000001
392000,4225000,CB5MH_MD,109.90814,1e+06,9.5,37.6,392000 4225000,33.5,Suitable,dodgerblue,YES,243.577432,2625.292475,17.3983880000001
392000,4225000,CB5MH_MD,57.4147,1e+06,10.68,42.8,392000 4225000,17.5,Suitable,dodgerblue,YES,243.577432,2625.292475,17.3983880000001
392000,4225000,CB5MH_MD,27.88714,1e+06,11.15,42.6,392000 4225000,8.5,Suitable,dodgerblue,YES,243.577432,2625.292475,17.3983880000001
392000,4225000,CB5MH_MD,73.8189,1e+06,10.52,41.1,392000 4225000,22.5,Suitable,dodgerblue,YES,243.577432,2625.292475,17.3983880000001
392000,4225000,CB5MH_MD,21.32546,1e+06,11.4,42.3,392000 4225000,6.5,Suitable,dodgerblue,YES,243.577432,2625.292475,17.3983880000001
392000,4225000,CB5MH_MD,8.2021,1e+06,11.72,42,392000 4225000,2.5,Suitable,dodgerblue,YES,243.577432,2625.292475,17.3983880000001
392000,4225000,CB5MH_MD,18.04462,1e+06,11.58,42.1,392000 4225000,5.5,Suitable,dodgerblue,YES,243.577432,2625.292475,17.3983880000001
392000,4225000,CB5MH_MD,60.69554,1e+06,10.67,42.5,392000 4225000,18.5,Suitable,dodgerblue,YES,243.577432,2625.292475,17.3983880000001
392000,4225000,CB5MH_MD,103.34646,1e+06,9.5,37.6,392000 4225000,31.5,Suitable,dodgerblue,YES,243.577432,2625.292475,17.3983880000001
392000,4225000,CB5MH_MD,11.48294,1e+06,11.68,42,392000 4225000,3.5,Suitable,dodgerblue,YES,243.577432,2625.292475,17.3983880000001
392000,4225000,CB5MH_MD,47.57218,1e+06,10.77,42.8,392000 4225000,14.5,Suitable,dodgerblue,YES,243.577432,2625.292475,17.3983880000001
392000,4225000,CB5MH_MD,77.09974,1e+06,10.44,40.5,392000 4225000,23.5,Suitable,dodgerblue,YES,243.577432,2625.292475,17.3983880000001
392000,4225000,CB5MH_MD,14.76378,1e+06,11.63,42,392000 4225000,4.5,Suitable,dodgerblue,YES,243.577432,2625.292475,17.3983880000001
392000,4225000,CB5MH_MD,93.50394,1e+06,10.1,39.2,392000 4225000,28.5,Suitable,dodgerblue,YES,243.577432,2625.292475,17.3983880000001
392000,4225000,CB5MH_MD,54.13386,1e+06,10.69,42.9,392000 4225000,16.5,Suitable,dodgerblue,YES,243.577432,2625.292475,17.3983880000001
392000,4225000,CB5MH_MD,24.6063,1e+06,11.21,42.5,392000 4225000,7.5,Suitable,dodgerblue,YES,243.577432,2625.292475,17.3983880000001
392000,4225000,CB5MH_MD,44.29134,1e+06,10.77,42.9,392000 4225000,13.5,Suitable,dodgerblue,YES,243.577432,2625.292475,17.3983880000001
392000,4225000,CB5MH_MD,1.64042,1e+06,11.73,42,392000 4225000,0.5,Suitable,dodgerblue,YES,243.577432,2625.292475,17.3983880000001
392000,4225000,CB5MH_MD,50.85302,1e+06,10.71,42.9,392000 4225000,15.5,Suitable,dodgerblue,YES,243.577432,2625.292475,17.3983880000001
392000,4225000,CB5MH_MD,100.06562,1e+06,9.53,37.6,392000 4225000,30.5,Suitable,dodgerblue,YES,243.577432,2625.292475,17.3983880000001
392000,4225000,CB5MH_MD,4.92126,1e+06,11.73,42,392000 4225000,1.5,Suitable,dodgerblue,YES,243.577432,2625.292475,17.3983880000001
392000,4225000,CB5MH_MD,96.78478,1e+06,9.57,37.6,392000 4225000,29.5,Suitable,dodgerblue,YES,243.577432,2625.292475,17.3983880000001
392000,4226000,CB5MH_MD,50.85302,1e+06,10.71,42.9,392000 4226000,15.5,Suitable,dodgerblue,YES,243.577432,2625.913846,18.0197589999998
392000,4226000,CB5MH_MD,60.69554,1e+06,10.65,42.4,392000 4226000,18.5,Suitable,dodgerblue,YES,243.577432,2625.913846,18.0197589999998
392000,4226000,CB5MH_MD,54.13386,1e+06,10.68,42.8,392000 4226000,16.5,Suitable,dodgerblue,YES,243.577432,2625.913846,18.0197589999998
392000,4226000,CB5MH_MD,24.6063,1e+06,11.25,42.4,392000 4226000,7.5,Suitable,dodgerblue,YES,243.577432,2625.913846,18.0197589999998
392000,4226000,CB5MH_MD,83.66142,1e+06,10.31,40,392000 4226000,25.5,Suitable,dodgerblue,YES,243.577432,2625.913846,18.0197589999998
392000,4226000,CB5MH_MD,57.4147,1e+06,10.67,42.6,392000 4226000,17.5,Suitable,dodgerblue,YES,243.577432,2625.913846,18.0197589999998
392000,4226000,CB5MH_MD,80.38058,1e+06,10.38,40.3,392000 4226000,24.5,Suitable,dodgerblue,YES,243.577432,2625.913846,18.0197589999998
392000,4226000,CB5MH_MD,21.32546,1e+06,11.43,42.2,392000 4226000,6.5,Suitable,dodgerblue,YES,243.577432,2625.913846,18.0197589999998
392000,4226000,CB5MH_MD,27.88714,1e+06,11.19,42.5,392000 4226000,8.5,Suitable,dodgerblue,YES,243.577432,2625.913846,18.0197589999998
392000,4226000,CB5MH_MD,73.8189,1e+06,10.5,41,392000 4226000,22.5,Suitable,dodgerblue,YES,243.577432,2625.913846,18.0197589999998
392000,4226000,CB5MH_MD,1.64042,1e+06,11.75,42,392000 4226000,0.5,Suitable,dodgerblue,YES,243.577432,2625.913846,18.0197589999998
392000,4226000,CB5MH_MD,77.09974,1e+06,10.42,40.4,392000 4226000,23.5,Suitable,dodgerblue,YES,243.577432,2625.913846,18.0197589999998
392000,4226000,CB5MH_MD,47.57218,1e+06,10.82,42.7,392000 4226000,14.5,Suitable,dodgerblue,YES,243.577432,2625.913846,18.0197589999998
392000,4226000,CB5MH_MD,70.53806,1e+06,10.55,41.5,392000 4226000,21.5,Suitable,dodgerblue,YES,243.577432,2625.913846,18.0197589999998
392000,4226000,CB5MH_MD,4.92126,1e+06,11.75,42,392000 4226000,1.5,Suitable,dodgerblue,YES,243.577432,2625.913846,18.0197589999998
392000,4226000,CB5MH_MD,106.6273,1e+06,9.5,37.6,392000 4226000,32.5,Suitable,dodgerblue,YES,243.577432,2625.913846,18.0197589999998
392000,4226000,CB5MH_MD,63.97638,1e+06,10.63,42.1,392000 4226000,19.5,Suitable,dodgerblue,YES,243.577432,2625.913846,18.0197589999998
392000,4226000,CB5MH_MD,67.25722,1e+06,10.57,41.6,392000 4226000,20.5,Suitable,dodgerblue,YES,243.577432,2625.913846,18.0197589999998
392000,4226000,CB5MH_MD,18.04462,1e+06,11.61,42.1,392000 4226000,5.5,Suitable,dodgerblue,YES,243.577432,2625.913846,18.0197589999998
392000,4226000,CB5MH_MD,100.06562,1e+06,9.53,37.6,392000 4226000,30.5,Suitable,dodgerblue,YES,243.577432,2625.913846,18.0197589999998
392000,4226000,CB5MH_MD,103.34646,1e+06,9.5,37.6,392000 4226000,31.5,Suitable,dodgerblue,YES,243.577432,2625.913846,18.0197589999998
392000,4226000,CB5MH_MD,93.50394,1e+06,10.09,39.2,392000 4226000,28.5,Suitable,dodgerblue,YES,243.577432,2625.913846,18.0197589999998
392000,4226000,CB5MH_MD,96.78478,1e+06,9.57,37.6,392000 4226000,29.5,Suitable,dodgerblue,YES,243.577432,2625.913846,18.0197589999998
392000,4226000,CB5MH_MD,44.29134,1e+06,10.82,42.7,392000 4226000,13.5,Suitable,dodgerblue,YES,243.577432,2625.913846,18.0197589999998
392000,4226000,CB5MH_MD,41.0105,1e+06,10.85,42.8,392000 4226000,12.5,Suitable,dodgerblue,YES,243.577432,2625.913846,18.0197589999998
392000,4226000,CB5MH_MD,14.76378,1e+06,11.66,42,392000 4226000,4.5,Suitable,dodgerblue,YES,243.577432,2625.913846,18.0197589999998
392000,4226000,CB5MH_MD,31.16798,1e+06,11.15,42.6,392000 4226000,9.5,Suitable,dodgerblue,YES,243.577432,2625.913846,18.0197589999998
392000,4226000,CB5MH_MD,86.94226,1e+06,10.21,39.7,392000 4226000,26.5,Suitable,dodgerblue,YES,243.577432,2625.913846,18.0197589999998
392000,4226000,CB5MH_MD,90.2231,1e+06,10.14,39.4,392000 4226000,27.5,Suitable,dodgerblue,YES,243.577432,2625.913846,18.0197589999998
392000,4226000,CB5MH_MD,37.72966,1e+06,10.9,42.8,392000 4226000,11.5,Suitable,dodgerblue,YES,243.577432,2625.913846,18.0197589999998
392000,4226000,CB5MH_MD,8.2021,1e+06,11.74,42,392000 4226000,2.5,Suitable,dodgerblue,YES,243.577432,2625.913846,18.0197589999998
392000,4226000,CB5MH_MD,11.48294,1e+06,11.7,42,392000 4226000,3.5,Suitable,dodgerblue,YES,243.577432,2625.913846,18.0197589999998
392000,4226000,CB5MH_MD,34.44882,1e+06,11.01,42.7,392000 4226000,10.5,Suitable,dodgerblue,YES,243.577432,2625.913846,18.0197589999998
392000,4227000,CB5MH_MD,93.50394,1e+06,10.07,39.1,392000 4227000,28.5,Suitable,dodgerblue,YES,243.577432,2626.535217,18.64113
392000,4227000,CB5MH_MD,57.4147,1e+06,10.65,42.5,392000 4227000,17.5,Suitable,dodgerblue,YES,243.577432,2626.535217,18.64113
392000,4227000,CB5MH_MD,96.78478,1e+06,9.57,37.6,392000 4227000,29.5,Suitable,dodgerblue,YES,243.577432,2626.535217,18.64113
392000,4227000,CB5MH_MD,70.53806,1e+06,10.52,41.3,392000 4227000,21.5,Suitable,dodgerblue,YES,243.577432,2626.535217,18.64113
392000,4227000,CB5MH_MD,73.8189,1e+06,10.47,40.9,392000 4227000,22.5,Suitable,dodgerblue,YES,243.577432,2626.535217,18.64113
392000,4227000,CB5MH_MD,63.97638,1e+06,10.59,41.9,392000 4227000,19.5,Suitable,dodgerblue,YES,243.577432,2626.535217,18.64113
392000,4227000,CB5MH_MD,60.69554,1e+06,10.62,42.2,392000 4227000,18.5,Suitable,dodgerblue,YES,243.577432,2626.535217,18.64113
392000,4227000,CB5MH_MD,27.88714,1e+06,11.24,42.4,392000 4227000,8.5,Suitable,dodgerblue,YES,243.577432,2626.535217,18.64113
392000,4227000,CB5MH_MD,1.64042,1e+06,11.78,41.9,392000 4227000,0.5,Suitable,dodgerblue,YES,243.577432,2626.535217,18.64113
392000,4227000,CB5MH_MD,90.2231,1e+06,10.12,39.3,392000 4227000,27.5,Suitable,dodgerblue,YES,243.577432,2626.535217,18.64113
392000,4227000,CB5MH_MD,100.06562,1e+06,9.53,37.6,392000 4227000,30.5,Suitable,dodgerblue,YES,243.577432,2626.535217,18.64113
392000,4227000,CB5MH_MD,4.92126,1e+06,11.77,41.9,392000 4227000,1.5,Suitable,dodgerblue,YES,243.577432,2626.535217,18.64113
392000,4227000,CB5MH_MD,41.0105,1e+06,10.91,42.6,392000 4227000,12.5,Suitable,dodgerblue,YES,243.577432,2626.535217,18.64113
392000,4227000,CB5MH_MD,54.13386,1e+06,10.67,42.7,392000 4227000,16.5,Suitable,dodgerblue,YES,243.577432,2626.535217,18.64113
392000,4227000,CB5MH_MD,83.66142,1e+06,10.28,39.9,392000 4227000,25.5,Suitable,dodgerblue,YES,243.577432,2626.535217,18.64113
392000,4227000,CB5MH_MD,47.57218,1e+06,10.87,42.6,392000 4227000,14.5,Suitable,dodgerblue,YES,243.577432,2626.535217,18.64113
392000,4227000,CB5MH_MD,80.38058,1e+06,10.36,40.2,392000 4227000,24.5,Suitable,dodgerblue,YES,243.577432,2626.535217,18.64113
392000,4227000,CB5MH_MD,50.85302,1e+06,10.71,42.8,392000 4227000,15.5,Suitable,dodgerblue,YES,243.577432,2626.535217,18.64113
392000,4227000,CB5MH_MD,67.25722,1e+06,10.54,41.5,392000 4227000,20.5,Suitable,dodgerblue,YES,243.577432,2626.535217,18.64113
392000,4227000,CB5MH_MD,44.29134,1e+06,10.88,42.6,392000 4227000,13.5,Suitable,dodgerblue,YES,243.577432,2626.535217,18.64113
392000,4227000,CB5MH_MD,14.76378,1e+06,11.69,41.9,392000 4227000,4.5,Suitable,dodgerblue,YES,243.577432,2626.535217,18.64113
392000,4227000,CB5MH_MD,77.09974,1e+06,10.39,40.3,392000 4227000,23.5,Suitable,dodgerblue,YES,243.577432,2626.535217,18.64113
392000,4227000,CB5MH_MD,24.6063,1e+06,11.31,42.3,392000 4227000,7.5,Suitable,dodgerblue,YES,243.577432,2626.535217,18.64113
392000,4227000,CB5MH_MD,34.44882,1e+06,11.07,42.6,392000 4227000,10.5,Suitable,dodgerblue,YES,243.577432,2626.535217,18.64113
392000,4227000,CB5MH_MD,86.94226,1e+06,10.19,39.6,392000 4227000,26.5,Suitable,dodgerblue,YES,243.577432,2626.535217,18.64113
392000,4227000,CB5MH_MD,31.16798,1e+06,11.19,42.5,392000 4227000,9.5,Suitable,dodgerblue,YES,243.577432,2626.535217,18.64113
392000,4227000,CB5MH_MD,18.04462,1e+06,11.64,42,392000 4227000,5.5,Suitable,dodgerblue,YES,243.577432,2626.535217,18.64113
392000,4227000,CB5MH_MD,11.48294,1e+06,11.73,41.9,392000 4227000,3.5,Suitable,dodgerblue,YES,243.577432,2626.535217,18.64113
392000,4227000,CB5MH_MD,21.32546,1e+06,11.47,42.1,392000 4227000,6.5,Suitable,dodgerblue,YES,243.577432,2626.535217,18.64113
392000,4227000,CB5MH_MD,37.72966,1e+06,10.96,42.7,392000 4227000,11.5,Suitable,dodgerblue,YES,243.577432,2626.535217,18.64113
392000,4227000,CB5MH_MD,8.2021,1e+06,11.77,41.9,392000 4227000,2.5,Suitable,dodgerblue,YES,243.577432,2626.535217,18.64113
392000,4228000,CB5MH_MD,8.2021,1e+06,11.95,41.4,392000 4228000,2.5,Suitable,dodgerblue,YES,243.577432,2627.156588,19.2625009999997
392000,4228000,CB5MH_MD,44.29134,1e+06,10.95,42.5,392000 4228000,13.5,Suitable,dodgerblue,YES,243.577432,2627.156588,19.2625009999997
392000,4228000,CB5MH_MD,41.0105,1e+06,10.97,42.5,392000 4228000,12.5,Suitable,dodgerblue,YES,243.577432,2627.156588,19.2625009999997
392000,4228000,CB5MH_MD,37.72966,1e+06,11.03,42.5,392000 4228000,11.5,Suitable,dodgerblue,YES,243.577432,2627.156588,19.2625009999997
392000,4228000,CB5MH_MD,47.57218,1e+06,10.93,42.4,392000 4228000,14.5,Suitable,dodgerblue,YES,243.577432,2627.156588,19.2625009999997
392000,4228000,CB5MH_MD,1.64042,1e+06,11.96,41.5,392000 4228000,0.5,Suitable,dodgerblue,YES,243.577432,2627.156588,19.2625009999997
392000,4228000,CB5MH_MD,4.92126,1e+06,11.96,41.4,392000 4228000,1.5,Suitable,dodgerblue,YES,243.577432,2627.156588,19.2625009999997
392000,4228000,CB5MH_MD,100.06562,1e+06,9.53,37.6,392000 4228000,30.5,Suitable,dodgerblue,YES,243.577432,2627.156588,19.2625009999997
392000,4228000,CB5MH_MD,80.38058,1e+06,10.32,40.1,392000 4228000,24.5,Suitable,dodgerblue,YES,243.577432,2627.156588,19.2625009999997
392000,4228000,CB5MH_MD,21.32546,1e+06,11.68,41.7,392000 4228000,6.5,Suitable,dodgerblue,YES,243.577432,2627.156588,19.2625009999997
392000,4228000,CB5MH_MD,54.13386,1e+06,10.66,42.6,392000 4228000,16.5,Suitable,dodgerblue,YES,243.577432,2627.156588,19.2625009999997
392000,4228000,CB5MH_MD,24.6063,1e+06,11.53,41.8,392000 4228000,7.5,Suitable,dodgerblue,YES,243.577432,2627.156588,19.2625009999997
392000,4228000,CB5MH_MD,96.78478,1e+06,9.57,37.6,392000 4228000,29.5,Suitable,dodgerblue,YES,243.577432,2627.156588,19.2625009999997
392000,4228000,CB5MH_MD,83.66142,1e+06,10.25,39.8,392000 4228000,25.5,Suitable,dodgerblue,YES,243.577432,2627.156588,19.2625009999997
392000,4228000,CB5MH_MD,18.04462,1e+06,11.83,41.5,392000 4228000,5.5,Suitable,dodgerblue,YES,243.577432,2627.156588,19.2625009999997
392000,4228000,CB5MH_MD,70.53806,1e+06,10.47,41.1,392000 4228000,21.5,Suitable,dodgerblue,YES,243.577432,2627.156588,19.2625009999997
392000,4228000,CB5MH_MD,86.94226,1e+06,10.15,39.5,392000 4228000,26.5,Suitable,dodgerblue,YES,243.577432,2627.156588,19.2625009999997
392000,4228000,CB5MH_MD,50.85302,1e+06,10.72,42.7,392000 4228000,15.5,Suitable,dodgerblue,YES,243.577432,2627.156588,19.2625009999997
392000,4228000,CB5MH_MD,31.16798,1e+06,11.25,42.4,392000 4228000,9.5,Suitable,dodgerblue,YES,243.577432,2627.156588,19.2625009999997
392000,4228000,CB5MH_MD,67.25722,1e+06,10.49,41.3,392000 4228000,20.5,Suitable,dodgerblue,YES,243.577432,2627.156588,19.2625009999997
392000,4228000,CB5MH_MD,57.4147,1e+06,10.62,42.3,392000 4228000,17.5,Suitable,dodgerblue,YES,243.577432,2627.156588,19.2625009999997
392000,4228000,CB5MH_MD,34.44882,1e+06,11.13,42.5,392000 4228000,10.5,Suitable,dodgerblue,YES,243.577432,2627.156588,19.2625009999997
392000,4228000,CB5MH_MD,60.69554,1e+06,10.59,42,392000 4228000,18.5,Suitable,dodgerblue,YES,243.577432,2627.156588,19.2625009999997
392000,4228000,CB5MH_MD,90.2231,1e+06,10.09,39.2,392000 4228000,27.5,Suitable,dodgerblue,YES,243.577432,2627.156588,19.2625009999997
392000,4228000,CB5MH_MD,14.76378,1e+06,11.88,41.4,392000 4228000,4.5,Suitable,dodgerblue,YES,243.577432,2627.156588,19.2625009999997
392000,4228000,CB5MH_MD,27.88714,1e+06,11.29,42.3,392000 4228000,8.5,Suitable,dodgerblue,YES,243.577432,2627.156588,19.2625009999997
392000,4228000,CB5MH_MD,11.48294,1e+06,11.92,41.4,392000 4228000,3.5,Suitable,dodgerblue,YES,243.577432,2627.156588,19.2625009999997
392000,4228000,CB5MH_MD,93.50394,1e+06,10.04,39,392000 4228000,28.5,Suitable,dodgerblue,YES,243.577432,2627.156588,19.2625009999997
392000,4228000,CB5MH_MD,77.09974,1e+06,10.35,40.2,392000 4228000,23.5,Suitable,dodgerblue,YES,243.577432,2627.156588,19.2625009999997
392000,4228000,CB5MH_MD,73.8189,1e+06,10.42,40.7,392000 4228000,22.5,Suitable,dodgerblue,YES,243.577432,2627.156588,19.2625009999997
392000,4228000,CB5MH_MD,63.97638,1e+06,10.55,41.7,392000 4228000,19.5,Suitable,dodgerblue,YES,243.577432,2627.156588,19.2625009999997
392000,4229000,CB5MH_MD,80.38058,1e+06,10.27,39.9,392000 4229000,24.5,Suitable,dodgerblue,YES,243.577432,2627.777959,19.8838719999999
392000,4229000,CB5MH_MD,73.8189,1e+06,10.37,40.5,392000 4229000,22.5,Suitable,dodgerblue,YES,243.577432,2627.777959,19.8838719999999
392000,4229000,CB5MH_MD,86.94226,1e+06,10.11,39.3,392000 4229000,26.5,Suitable,dodgerblue,YES,243.577432,2627.777959,19.8838719999999
392000,4229000,CB5MH_MD,103.34646,1e+06,9.5,37.6,392000 4229000,31.5,Suitable,dodgerblue,YES,243.577432,2627.777959,19.8838719999999
392000,4229000,CB5MH_MD,100.06562,1e+06,9.53,37.6,392000 4229000,30.5,Suitable,dodgerblue,YES,243.577432,2627.777959,19.8838719999999
392000,4229000,CB5MH_MD,96.78478,1e+06,9.57,37.6,392000 4229000,29.5,Suitable,dodgerblue,YES,243.577432,2627.777959,19.8838719999999
392000,4229000,CB5MH_MD,83.66142,1e+06,10.2,39.6,392000 4229000,25.5,Suitable,dodgerblue,YES,243.577432,2627.777959,19.8838719999999
392000,4229000,CB5MH_MD,77.09974,1e+06,10.3,40,392000 4229000,23.5,Suitable,dodgerblue,YES,243.577432,2627.777959,19.8838719999999
392000,4229000,CB5MH_MD,18.04462,1e+06,11.91,41.3,392000 4229000,5.5,Suitable,dodgerblue,YES,243.577432,2627.777959,19.8838719999999
392000,4229000,CB5MH_MD,70.53806,1e+06,10.42,40.9,392000 4229000,21.5,Suitable,dodgerblue,YES,243.577432,2627.777959,19.8838719999999
392000,4229000,CB5MH_MD,63.97638,1e+06,10.49,41.4,392000 4229000,19.5,Suitable,dodgerblue,YES,243.577432,2627.777959,19.8838719999999
392000,4229000,CB5MH_MD,90.2231,1e+06,10.05,39.1,392000 4229000,27.5,Suitable,dodgerblue,YES,243.577432,2627.777959,19.8838719999999
392000,4229000,CB5MH_MD,50.85302,1e+06,10.72,42.6,392000 4229000,15.5,Suitable,dodgerblue,YES,243.577432,2627.777959,19.8838719999999
392000,4229000,CB5MH_MD,93.50394,1e+06,10.01,38.9,392000 4229000,28.5,Suitable,dodgerblue,YES,243.577432,2627.777959,19.8838719999999
392000,4229000,CB5MH_MD,41.0105,1e+06,11.04,42.3,392000 4229000,12.5,Suitable,dodgerblue,YES,243.577432,2627.777959,19.8838719999999
392000,4229000,CB5MH_MD,8.2021,1e+06,12.02,41.2,392000 4229000,2.5,Suitable,dodgerblue,YES,243.577432,2627.777959,19.8838719999999
392000,4229000,CB5MH_MD,11.48294,1e+06,11.99,41.2,392000 4229000,3.5,Suitable,dodgerblue,YES,243.577432,2627.777959,19.8838719999999
392000,4229000,CB5MH_MD,57.4147,1e+06,10.59,42.1,392000 4229000,17.5,Suitable,dodgerblue,YES,243.577432,2627.777959,19.8838719999999
392000,4229000,CB5MH_MD,106.6273,1e+06,9.5,37.6,392000 4229000,32.5,Suitable,dodgerblue,YES,243.577432,2627.777959,19.8838719999999
392000,4229000,CB5MH_MD,47.57218,1e+06,10.99,42.2,392000 4229000,14.5,Suitable,dodgerblue,YES,243.577432,2627.777959,19.8838719999999
392000,4229000,CB5MH_MD,31.16798,1e+06,11.3,42.3,392000 4229000,9.5,Suitable,dodgerblue,YES,243.577432,2627.777959,19.8838719999999
392000,4229000,CB5MH_MD,60.69554,1e+06,10.54,41.7,392000 4229000,18.5,Suitable,dodgerblue,YES,243.577432,2627.777959,19.8838719999999
392000,4229000,CB5MH_MD,21.32546,1e+06,11.77,41.5,392000 4229000,6.5,Suitable,dodgerblue,YES,243.577432,2627.777959,19.8838719999999
392000,4229000,CB5MH_MD,14.76378,1e+06,11.95,41.2,392000 4229000,4.5,Suitable,dodgerblue,YES,243.577432,2627.777959,19.8838719999999
392000,4229000,CB5MH_MD,54.13386,1e+06,10.64,42.4,392000 4229000,16.5,Suitable,dodgerblue,YES,243.577432,2627.777959,19.8838719999999
392000,4229000,CB5MH_MD,4.92126,1e+06,12.02,41.3,392000 4229000,1.5,Suitable,dodgerblue,YES,243.577432,2627.777959,19.8838719999999
392000,4229000,CB5MH_MD,34.44882,1e+06,11.19,42.4,392000 4229000,10.5,Suitable,dodgerblue,YES,243.577432,2627.777959,19.8838719999999
392000,4229000,CB5MH_MD,24.6063,1e+06,11.63,41.6,392000 4229000,7.5,Suitable,dodgerblue,YES,243.577432,2627.777959,19.8838719999999
392000,4229000,CB5MH_MD,67.25722,1e+06,10.44,41,392000 4229000,20.5,Suitable,dodgerblue,YES,243.577432,2627.777959,19.8838719999999
392000,4229000,CB5MH_MD,37.72966,1e+06,11.09,42.4,392000 4229000,11.5,Suitable,dodgerblue,YES,243.577432,2627.777959,19.8838719999999
392000,4229000,CB5MH_MD,27.88714,1e+06,11.34,42.2,392000 4229000,8.5,Suitable,dodgerblue,YES,243.577432,2627.777959,19.8838719999999
392000,4229000,CB5MH_MD,44.29134,1e+06,11.01,42.3,392000 4229000,13.5,Suitable,dodgerblue,YES,243.577432,2627.777959,19.8838719999999
392000,4229000,CB5MH_MD,1.64042,1e+06,12.03,41.3,392000 4229000,0.5,Suitable,dodgerblue,YES,243.577432,2627.777959,19.8838719999999
392000,4340000,CB3MH,1.64042,1e+06,11.5,45.2,392000 4340000,0.5,Suitable,dodgerblue,YES,243.577432,2696.75014,88.856053
392000,4341000,CB2OH,37.72966,1e+06,9.34,41.2,392000 4341000,11.5,Suitable,dodgerblue,YES,243.577432,2697.371511,89.4774239999997
392000,4341000,CB2OH,8.2021,1e+06,11.24,45.2,392000 4341000,2.5,Suitable,dodgerblue,YES,243.577432,2697.371511,89.4774239999997
392000,4341000,CB2OH,41.0105,1e+06,9.3,41.7,392000 4341000,12.5,Suitable,dodgerblue,YES,243.577432,2697.371511,89.4774239999997
392000,4341000,CB2OH,11.48294,1e+06,10.96,44.8,392000 4341000,3.5,Suitable,dodgerblue,YES,243.577432,2697.371511,89.4774239999997
392000,4341000,CB2OH,34.44882,1e+06,9.33,41.3,392000 4341000,10.5,Suitable,dodgerblue,YES,243.577432,2697.371511,89.4774239999997
392000,4341000,CB2OH,24.6063,1e+06,9.61,42.7,392000 4341000,7.5,Suitable,dodgerblue,YES,243.577432,2697.371511,89.4774239999997
392000,4341000,CB2OH,47.57218,1e+06,9.3,41.7,392000 4341000,14.5,Suitable,dodgerblue,YES,243.577432,2697.371511,89.4774239999997
392000,4341000,CB2OH,1.64042,1e+06,11.46,45.3,392000 4341000,0.5,Suitable,dodgerblue,YES,243.577432,2697.371511,89.4774239999997
392000,4341000,CB2OH,27.88714,1e+06,9.48,42.1,392000 4341000,8.5,Suitable,dodgerblue,YES,243.577432,2697.371511,89.4774239999997
392000,4341000,CB2OH,14.76378,1e+06,10.46,44.4,392000 4341000,4.5,Suitable,dodgerblue,YES,243.577432,2697.371511,89.4774239999997
392000,4341000,CB2OH,44.29134,1e+06,9.3,41.7,392000 4341000,13.5,Suitable,dodgerblue,YES,243.577432,2697.371511,89.4774239999997
392000,4341000,CB2OH,4.92126,1e+06,11.4,45.3,392000 4341000,1.5,Suitable,dodgerblue,YES,243.577432,2697.371511,89.4774239999997
392000,4341000,CB2OH,18.04462,1e+06,9.96,43.8,392000 4341000,5.5,Suitable,dodgerblue,YES,243.577432,2697.371511,89.4774239999997
392000,4341000,CB2OH,21.32546,1e+06,9.75,43.3,392000 4341000,6.5,Suitable,dodgerblue,YES,243.577432,2697.371511,89.4774239999997
392000,4341000,CB2OH,31.16798,1e+06,9.42,41.8,392000 4341000,9.5,Suitable,dodgerblue,YES,243.577432,2697.371511,89.4774239999997
392000,4342000,CB2OH,4.92126,1e+06,11.37,45.4,392000 4342000,1.5,Suitable,dodgerblue,YES,243.577432,2697.992882,90.0987949999999
392000,4342000,CB2OH,18.04462,1e+06,9.97,43.9,392000 4342000,5.5,Suitable,dodgerblue,YES,243.577432,2697.992882,90.0987949999999
392000,4342000,CB2OH,1.64042,1e+06,11.43,45.4,392000 4342000,0.5,Suitable,dodgerblue,YES,243.577432,2697.992882,90.0987949999999
392000,4342000,CB2OH,24.6063,1e+06,9.62,42.9,392000 4342000,7.5,Suitable,dodgerblue,YES,243.577432,2697.992882,90.0987949999999
392000,4342000,CB2OH,14.76378,1e+06,10.44,44.5,392000 4342000,4.5,Suitable,dodgerblue,YES,243.577432,2697.992882,90.0987949999999
392000,4342000,CB2OH,21.32546,1e+06,9.76,43.4,392000 4342000,6.5,Suitable,dodgerblue,YES,243.577432,2697.992882,90.0987949999999
392000,4342000,CB2OH,8.2021,1e+06,11.22,45.3,392000 4342000,2.5,Suitable,dodgerblue,YES,243.577432,2697.992882,90.0987949999999
392000,4342000,CB2OH,11.48294,1e+06,10.94,44.9,392000 4342000,3.5,Suitable,dodgerblue,YES,243.577432,2697.992882,90.0987949999999
393000,4209000,CB5MH_MD,34.44882,1e+06,11.07,43.1,393000 4209000,10.5,Suitable,dodgerblue,YES,244.198803,2615.350539,7.4564519999999
393000,4209000,CB5MH_MD,31.16798,1e+06,11.13,43,393000 4209000,9.5,Suitable,dodgerblue,YES,244.198803,2615.350539,7.4564519999999
393000,4209000,CB5MH_MD,14.76378,1e+06,11.43,42.7,393000 4209000,4.5,Suitable,dodgerblue,YES,244.198803,2615.350539,7.4564519999999
393000,4209000,CB5MH_MD,47.57218,1e+06,10.98,43.1,393000 4209000,14.5,Suitable,dodgerblue,YES,244.198803,2615.350539,7.4564519999999
393000,4209000,CB5MH_MD,24.6063,1e+06,11.18,42.9,393000 4209000,7.5,Suitable,dodgerblue,YES,244.198803,2615.350539,7.4564519999999
393000,4209000,CB5MH_MD,57.4147,1e+06,10.7,42.6,393000 4209000,17.5,Suitable,dodgerblue,YES,244.198803,2615.350539,7.4564519999999
393000,4209000,CB5MH_MD,44.29134,1e+06,10.98,43.1,393000 4209000,13.5,Suitable,dodgerblue,YES,244.198803,2615.350539,7.4564519999999
393000,4209000,CB5MH_MD,37.72966,1e+06,11.01,43.1,393000 4209000,11.5,Suitable,dodgerblue,YES,244.198803,2615.350539,7.4564519999999
393000,4209000,CB5MH_MD,60.69554,1e+06,10.7,42.7,393000 4209000,18.5,Suitable,dodgerblue,YES,244.198803,2615.350539,7.4564519999999
393000,4209000,CB5MH_MD,54.13386,1e+06,10.76,42.7,393000 4209000,16.5,Suitable,dodgerblue,YES,244.198803,2615.350539,7.4564519999999
393000,4209000,CB5MH_MD,41.0105,1e+06,10.99,43.1,393000 4209000,12.5,Suitable,dodgerblue,YES,244.198803,2615.350539,7.4564519999999
393000,4209000,CB5MH_MD,11.48294,1e+06,11.45,42.7,393000 4209000,3.5,Suitable,dodgerblue,YES,244.198803,2615.350539,7.4564519999999
393000,4209000,CB5MH_MD,67.25722,1e+06,10.62,41.9,393000 4209000,20.5,Suitable,dodgerblue,YES,244.198803,2615.350539,7.4564519999999
393000,4209000,CB5MH_MD,50.85302,1e+06,10.9,42.9,393000 4209000,15.5,Suitable,dodgerblue,YES,244.198803,2615.350539,7.4564519999999
393000,4209000,CB5MH_MD,18.04462,1e+06,11.38,42.8,393000 4209000,5.5,Suitable,dodgerblue,YES,244.198803,2615.350539,7.4564519999999
393000,4209000,CB5MH_MD,8.2021,1e+06,11.48,42.7,393000 4209000,2.5,Suitable,dodgerblue,YES,244.198803,2615.350539,7.4564519999999
393000,4209000,CB5MH_MD,63.97638,1e+06,10.68,42.4,393000 4209000,19.5,Suitable,dodgerblue,YES,244.198803,2615.350539,7.4564519999999
393000,4209000,CB5MH_MD,21.32546,1e+06,11.27,42.8,393000 4209000,6.5,Suitable,dodgerblue,YES,244.198803,2615.350539,7.4564519999999
393000,4209000,CB5MH_MD,27.88714,1e+06,11.16,43,393000 4209000,8.5,Suitable,dodgerblue,YES,244.198803,2615.350539,7.4564519999999
393000,4209000,CB5MH_MD,4.92126,1e+06,11.48,42.7,393000 4209000,1.5,Suitable,dodgerblue,YES,244.198803,2615.350539,7.4564519999999
393000,4209000,CB5MH_MD,70.53806,1e+06,10.6,41.7,393000 4209000,21.5,Suitable,dodgerblue,YES,244.198803,2615.350539,7.4564519999999
393000,4209000,CB5MH_MD,73.8189,1e+06,10.55,41.2,393000 4209000,22.5,Suitable,dodgerblue,YES,244.198803,2615.350539,7.4564519999999
393000,4209000,CB5MH_MD,1.64042,1e+06,11.48,42.7,393000 4209000,0.5,Suitable,dodgerblue,YES,244.198803,2615.350539,7.4564519999999
393000,4210000,CB5MH_MD,11.48294,1e+06,11.47,42.7,393000 4210000,3.5,Suitable,dodgerblue,YES,244.198803,2615.97191,8.07782300000008
393000,4210000,CB5MH_MD,70.53806,1e+06,10.6,41.7,393000 4210000,21.5,Suitable,dodgerblue,YES,244.198803,2615.97191,8.07782300000008
393000,4210000,CB5MH_MD,83.66142,1e+06,10.35,40.2,393000 4210000,25.5,Suitable,dodgerblue,YES,244.198803,2615.97191,8.07782300000008
393000,4210000,CB5MH_MD,73.8189,1e+06,10.55,41.2,393000 4210000,22.5,Suitable,dodgerblue,YES,244.198803,2615.97191,8.07782300000008
393000,4210000,CB5MH_MD,80.38058,1e+06,10.43,40.5,393000 4210000,24.5,Suitable,dodgerblue,YES,244.198803,2615.97191,8.07782300000008
393000,4210000,CB5MH_MD,21.32546,1e+06,11.27,42.8,393000 4210000,6.5,Suitable,dodgerblue,YES,244.198803,2615.97191,8.07782300000008
393000,4210000,CB5MH_MD,24.6063,1e+06,11.18,42.9,393000 4210000,7.5,Suitable,dodgerblue,YES,244.198803,2615.97191,8.07782300000008
393000,4210000,CB5MH_MD,14.76378,1e+06,11.44,42.7,393000 4210000,4.5,Suitable,dodgerblue,YES,244.198803,2615.97191,8.07782300000008
393000,4210000,CB5MH_MD,8.2021,1e+06,11.49,42.7,393000 4210000,2.5,Suitable,dodgerblue,YES,244.198803,2615.97191,8.07782300000008
393000,4210000,CB5MH_MD,1.64042,1e+06,11.49,42.7,393000 4210000,0.5,Suitable,dodgerblue,YES,244.198803,2615.97191,8.07782300000008
393000,4210000,CB5MH_MD,4.92126,1e+06,11.49,42.7,393000 4210000,1.5,Suitable,dodgerblue,YES,244.198803,2615.97191,8.07782300000008
393000,4210000,CB5MH_MD,27.88714,1e+06,11.15,43,393000 4210000,8.5,Suitable,dodgerblue,YES,244.198803,2615.97191,8.07782300000008
393000,4210000,CB5MH_MD,44.29134,1e+06,10.96,43.1,393000 4210000,13.5,Suitable,dodgerblue,YES,244.198803,2615.97191,8.07782300000008
393000,4210000,CB5MH_MD,50.85302,1e+06,10.88,42.9,393000 4210000,15.5,Suitable,dodgerblue,YES,244.198803,2615.97191,8.07782300000008
393000,4210000,CB5MH_MD,47.57218,1e+06,10.96,43.1,393000 4210000,14.5,Suitable,dodgerblue,YES,244.198803,2615.97191,8.07782300000008
393000,4210000,CB5MH_MD,77.09974,1e+06,10.47,40.6,393000 4210000,23.5,Suitable,dodgerblue,YES,244.198803,2615.97191,8.07782300000008
393000,4210000,CB5MH_MD,67.25722,1e+06,10.62,41.9,393000 4210000,20.5,Suitable,dodgerblue,YES,244.198803,2615.97191,8.07782300000008
393000,4210000,CB5MH_MD,54.13386,1e+06,10.75,42.7,393000 4210000,16.5,Suitable,dodgerblue,YES,244.198803,2615.97191,8.07782300000008
393000,4210000,CB5MH_MD,41.0105,1e+06,10.97,43.1,393000 4210000,12.5,Suitable,dodgerblue,YES,244.198803,2615.97191,8.07782300000008
393000,4210000,CB5MH_MD,18.04462,1e+06,11.39,42.7,393000 4210000,5.5,Suitable,dodgerblue,YES,244.198803,2615.97191,8.07782300000008
393000,4210000,CB5MH_MD,31.16798,1e+06,11.13,43,393000 4210000,9.5,Suitable,dodgerblue,YES,244.198803,2615.97191,8.07782300000008
393000,4210000,CB5MH_MD,63.97638,1e+06,10.68,42.4,393000 4210000,19.5,Suitable,dodgerblue,YES,244.198803,2615.97191,8.07782300000008
393000,4210000,CB5MH_MD,57.4147,1e+06,10.7,42.6,393000 4210000,17.5,Suitable,dodgerblue,YES,244.198803,2615.97191,8.07782300000008
393000,4210000,CB5MH_MD,37.72966,1e+06,11,43.1,393000 4210000,11.5,Suitable,dodgerblue,YES,244.198803,2615.97191,8.07782300000008
393000,4210000,CB5MH_MD,34.44882,1e+06,11.06,43.1,393000 4210000,10.5,Suitable,dodgerblue,YES,244.198803,2615.97191,8.07782300000008
393000,4210000,CB5MH_MD,60.69554,1e+06,10.7,42.7,393000 4210000,18.5,Suitable,dodgerblue,YES,244.198803,2615.97191,8.07782300000008
393000,4211000,CB5MH_MD,14.76378,1e+06,11.46,42.6,393000 4211000,4.5,Suitable,dodgerblue,YES,244.198803,2616.593281,8.69919399999981
393000,4211000,CB5MH_MD,77.09974,1e+06,10.47,40.6,393000 4211000,23.5,Suitable,dodgerblue,YES,244.198803,2616.593281,8.69919399999981
393000,4211000,CB5MH_MD,73.8189,1e+06,10.55,41.2,393000 4211000,22.5,Suitable,dodgerblue,YES,244.198803,2616.593281,8.69919399999981
393000,4211000,CB5MH_MD,8.2021,1e+06,11.51,42.6,393000 4211000,2.5,Suitable,dodgerblue,YES,244.198803,2616.593281,8.69919399999981
393000,4211000,CB5MH_MD,57.4147,1e+06,10.7,42.6,393000 4211000,17.5,Suitable,dodgerblue,YES,244.198803,2616.593281,8.69919399999981
393000,4211000,CB5MH_MD,70.53806,1e+06,10.6,41.7,393000 4211000,21.5,Suitable,dodgerblue,YES,244.198803,2616.593281,8.69919399999981
393000,4211000,CB5MH_MD,21.32546,1e+06,11.28,42.8,393000 4211000,6.5,Suitable,dodgerblue,YES,244.198803,2616.593281,8.69919399999981
393000,4211000,CB5MH_MD,54.13386,1e+06,10.75,42.7,393000 4211000,16.5,Suitable,dodgerblue,YES,244.198803,2616.593281,8.69919399999981
393000,4211000,CB5MH_MD,18.04462,1e+06,11.41,42.7,393000 4211000,5.5,Suitable,dodgerblue,YES,244.198803,2616.593281,8.69919399999981
393000,4211000,CB5MH_MD,80.38058,1e+06,10.43,40.5,393000 4211000,24.5,Suitable,dodgerblue,YES,244.198803,2616.593281,8.69919399999981
393000,4211000,CB5MH_MD,11.48294,1e+06,11.49,42.6,393000 4211000,3.5,Suitable,dodgerblue,YES,244.198803,2616.593281,8.69919399999981
393000,4211000,CB5MH_MD,34.44882,1e+06,11.04,43,393000 4211000,10.5,Suitable,dodgerblue,YES,244.198803,2616.593281,8.69919399999981
393000,4211000,CB5MH_MD,41.0105,1e+06,10.94,43.1,393000 4211000,12.5,Suitable,dodgerblue,YES,244.198803,2616.593281,8.69919399999981
393000,4211000,CB5MH_MD,50.85302,1e+06,10.86,42.9,393000 4211000,15.5,Suitable,dodgerblue,YES,244.198803,2616.593281,8.69919399999981
393000,4211000,CB5MH_MD,31.16798,1e+06,11.12,43,393000 4211000,9.5,Suitable,dodgerblue,YES,244.198803,2616.593281,8.69919399999981
393000,4211000,CB5MH_MD,63.97638,1e+06,10.68,42.4,393000 4211000,19.5,Suitable,dodgerblue,YES,244.198803,2616.593281,8.69919399999981
393000,4211000,CB5MH_MD,60.69554,1e+06,10.7,42.7,393000 4211000,18.5,Suitable,dodgerblue,YES,244.198803,2616.593281,8.69919399999981
393000,4211000,CB5MH_MD,27.88714,1e+06,11.15,42.9,393000 4211000,8.5,Suitable,dodgerblue,YES,244.198803,2616.593281,8.69919399999981
393000,4211000,CB5MH_MD,24.6063,1e+06,11.17,42.9,393000 4211000,7.5,Suitable,dodgerblue,YES,244.198803,2616.593281,8.69919399999981
393000,4211000,CB5MH_MD,37.72966,1e+06,10.98,43.1,393000 4211000,11.5,Suitable,dodgerblue,YES,244.198803,2616.593281,8.69919399999981
393000,4211000,CB5MH_MD,4.92126,1e+06,11.51,42.6,393000 4211000,1.5,Suitable,dodgerblue,YES,244.198803,2616.593281,8.69919399999981
393000,4211000,CB5MH_MD,47.57218,1e+06,10.93,43.1,393000 4211000,14.5,Suitable,dodgerblue,YES,244.198803,2616.593281,8.69919399999981
393000,4211000,CB5MH_MD,1.64042,1e+06,11.51,42.6,393000 4211000,0.5,Suitable,dodgerblue,YES,244.198803,2616.593281,8.69919399999981
393000,4211000,CB5MH_MD,67.25722,1e+06,10.62,41.9,393000 4211000,20.5,Suitable,dodgerblue,YES,244.198803,2616.593281,8.69919399999981
393000,4211000,CB5MH_MD,44.29134,1e+06,10.93,43.1,393000 4211000,13.5,Suitable,dodgerblue,YES,244.198803,2616.593281,8.69919399999981
393000,4212000,CB5MH_MD,47.57218,1e+06,10.9,43.1,393000 4212000,14.5,Suitable,dodgerblue,YES,244.198803,2617.214652,9.32056499999999
393000,4212000,CB5MH_MD,37.72966,1e+06,10.95,43.1,393000 4212000,11.5,Suitable,dodgerblue,YES,244.198803,2617.214652,9.32056499999999
393000,4212000,CB5MH_MD,50.85302,1e+06,10.84,42.9,393000 4212000,15.5,Suitable,dodgerblue,YES,244.198803,2617.214652,9.32056499999999
393000,4212000,CB5MH_MD,4.92126,1e+06,11.54,42.6,393000 4212000,1.5,Suitable,dodgerblue,YES,244.198803,2617.214652,9.32056499999999
393000,4212000,CB5MH_MD,34.44882,1e+06,11.02,43,393000 4212000,10.5,Suitable,dodgerblue,YES,244.198803,2617.214652,9.32056499999999
393000,4212000,CB5MH_MD,31.16798,1e+06,11.11,43,393000 4212000,9.5,Suitable,dodgerblue,YES,244.198803,2617.214652,9.32056499999999
393000,4212000,CB5MH_MD,63.97638,1e+06,10.68,42.4,393000 4212000,19.5,Suitable,dodgerblue,YES,244.198803,2617.214652,9.32056499999999
393000,4212000,CB5MH_MD,41.0105,1e+06,10.92,43.1,393000 4212000,12.5,Suitable,dodgerblue,YES,244.198803,2617.214652,9.32056499999999
393000,4212000,CB5MH_MD,11.48294,1e+06,11.51,42.6,393000 4212000,3.5,Suitable,dodgerblue,YES,244.198803,2617.214652,9.32056499999999
393000,4212000,CB5MH_MD,44.29134,1e+06,10.9,43.1,393000 4212000,13.5,Suitable,dodgerblue,YES,244.198803,2617.214652,9.32056499999999
393000,4212000,CB5MH_MD,24.6063,1e+06,11.17,42.8,393000 4212000,7.5,Suitable,dodgerblue,YES,244.198803,2617.214652,9.32056499999999
393000,4212000,CB5MH_MD,27.88714,1e+06,11.14,42.9,393000 4212000,8.5,Suitable,dodgerblue,YES,244.198803,2617.214652,9.32056499999999
393000,4212000,CB5MH_MD,1.64042,1e+06,11.54,42.6,393000 4212000,0.5,Suitable,dodgerblue,YES,244.198803,2617.214652,9.32056499999999
393000,4212000,CB5MH_MD,80.38058,1e+06,10.43,40.5,393000 4212000,24.5,Suitable,dodgerblue,YES,244.198803,2617.214652,9.32056499999999
393000,4212000,CB5MH_MD,70.53806,1e+06,10.6,41.7,393000 4212000,21.5,Suitable,dodgerblue,YES,244.198803,2617.214652,9.32056499999999
393000,4212000,CB5MH_MD,60.69554,1e+06,10.7,42.7,393000 4212000,18.5,Suitable,dodgerblue,YES,244.198803,2617.214652,9.32056499999999
393000,4212000,CB5MH_MD,8.2021,1e+06,11.54,42.6,393000 4212000,2.5,Suitable,dodgerblue,YES,244.198803,2617.214652,9.32056499999999
393000,4212000,CB5MH_MD,18.04462,1e+06,11.43,42.6,393000 4212000,5.5,Suitable,dodgerblue,YES,244.198803,2617.214652,9.32056499999999
393000,4212000,CB5MH_MD,73.8189,1e+06,10.55,41.2,393000 4212000,22.5,Suitable,dodgerblue,YES,244.198803,2617.214652,9.32056499999999
393000,4212000,CB5MH_MD,14.76378,1e+06,11.48,42.6,393000 4212000,4.5,Suitable,dodgerblue,YES,244.198803,2617.214652,9.32056499999999
393000,4212000,CB5MH_MD,67.25722,1e+06,10.62,41.9,393000 4212000,20.5,Suitable,dodgerblue,YES,244.198803,2617.214652,9.32056499999999
393000,4212000,CB5MH_MD,54.13386,1e+06,10.74,42.8,393000 4212000,16.5,Suitable,dodgerblue,YES,244.198803,2617.214652,9.32056499999999
393000,4212000,CB5MH_MD,77.09974,1e+06,10.47,40.6,393000 4212000,23.5,Suitable,dodgerblue,YES,244.198803,2617.214652,9.32056499999999
393000,4212000,CB5MH_MD,21.32546,1e+06,11.29,42.7,393000 4212000,6.5,Suitable,dodgerblue,YES,244.198803,2617.214652,9.32056499999999
393000,4212000,CB5MH_MD,57.4147,1e+06,10.7,42.7,393000 4212000,17.5,Suitable,dodgerblue,YES,244.198803,2617.214652,9.32056499999999
393000,4213000,CB5MH_MD,24.6063,1e+06,11.17,42.8,393000 4213000,7.5,Suitable,dodgerblue,YES,244.198803,2617.836023,9.94193599999971
393000,4213000,CB5MH_MD,47.57218,1e+06,10.87,43.1,393000 4213000,14.5,Suitable,dodgerblue,YES,244.198803,2617.836023,9.94193599999971
393000,4213000,CB5MH_MD,11.48294,1e+06,11.53,42.5,393000 4213000,3.5,Suitable,dodgerblue,YES,244.198803,2617.836023,9.94193599999971
393000,4213000,CB5MH_MD,37.72966,1e+06,10.93,43.1,393000 4213000,11.5,Suitable,dodgerblue,YES,244.198803,2617.836023,9.94193599999971
393000,4213000,CB5MH_MD,44.29134,1e+06,10.87,43.1,393000 4213000,13.5,Suitable,dodgerblue,YES,244.198803,2617.836023,9.94193599999971
393000,4213000,CB5MH_MD,4.92126,1e+06,11.56,42.5,393000 4213000,1.5,Suitable,dodgerblue,YES,244.198803,2617.836023,9.94193599999971
393000,4213000,CB5MH_MD,60.69554,1e+06,10.7,42.7,393000 4213000,18.5,Suitable,dodgerblue,YES,244.198803,2617.836023,9.94193599999971
393000,4213000,CB5MH_MD,50.85302,1e+06,10.82,42.9,393000 4213000,15.5,Suitable,dodgerblue,YES,244.198803,2617.836023,9.94193599999971
393000,4213000,CB5MH_MD,21.32546,1e+06,11.3,42.7,393000 4213000,6.5,Suitable,dodgerblue,YES,244.198803,2617.836023,9.94193599999971
393000,4213000,CB5MH_MD,31.16798,1e+06,11.1,42.9,393000 4213000,9.5,Suitable,dodgerblue,YES,244.198803,2617.836023,9.94193599999971
393000,4213000,CB5MH_MD,54.13386,1e+06,10.73,42.8,393000 4213000,16.5,Suitable,dodgerblue,YES,244.198803,2617.836023,9.94193599999971
393000,4213000,CB5MH_MD,63.97638,1e+06,10.68,42.4,393000 4213000,19.5,Suitable,dodgerblue,YES,244.198803,2617.836023,9.94193599999971
393000,4213000,CB5MH_MD,80.38058,1e+06,10.43,40.5,393000 4213000,24.5,Suitable,dodgerblue,YES,244.198803,2617.836023,9.94193599999971
393000,4213000,CB5MH_MD,14.76378,1e+06,11.5,42.5,393000 4213000,4.5,Suitable,dodgerblue,YES,244.198803,2617.836023,9.94193599999971
393000,4213000,CB5MH_MD,67.25722,1e+06,10.62,41.9,393000 4213000,20.5,Suitable,dodgerblue,YES,244.198803,2617.836023,9.94193599999971
393000,4213000,CB5MH_MD,57.4147,1e+06,10.7,42.7,393000 4213000,17.5,Suitable,dodgerblue,YES,244.198803,2617.836023,9.94193599999971
393000,4213000,CB5MH_MD,1.64042,1e+06,11.56,42.5,393000 4213000,0.5,Suitable,dodgerblue,YES,244.198803,2617.836023,9.94193599999971
393000,4213000,CB5MH_MD,77.09974,1e+06,10.47,40.6,393000 4213000,23.5,Suitable,dodgerblue,YES,244.198803,2617.836023,9.94193599999971
393000,4213000,CB5MH_MD,18.04462,1e+06,11.45,42.5,393000 4213000,5.5,Suitable,dodgerblue,YES,244.198803,2617.836023,9.94193599999971
393000,4213000,CB5MH_MD,34.44882,1e+06,11,43,393000 4213000,10.5,Suitable,dodgerblue,YES,244.198803,2617.836023,9.94193599999971
393000,4213000,CB5MH_MD,83.66142,1e+06,10.35,40.2,393000 4213000,25.5,Suitable,dodgerblue,YES,244.198803,2617.836023,9.94193599999971
393000,4213000,CB5MH_MD,8.2021,1e+06,11.56,42.5,393000 4213000,2.5,Suitable,dodgerblue,YES,244.198803,2617.836023,9.94193599999971
393000,4213000,CB5MH_MD,27.88714,1e+06,11.13,42.9,393000 4213000,8.5,Suitable,dodgerblue,YES,244.198803,2617.836023,9.94193599999971
393000,4213000,CB5MH_MD,70.53806,1e+06,10.6,41.7,393000 4213000,21.5,Suitable,dodgerblue,YES,244.198803,2617.836023,9.94193599999971
393000,4213000,CB5MH_MD,41.0105,1e+06,10.89,43.1,393000 4213000,12.5,Suitable,dodgerblue,YES,244.198803,2617.836023,9.94193599999971
393000,4213000,CB5MH_MD,73.8189,1e+06,10.55,41.2,393000 4213000,22.5,Suitable,dodgerblue,YES,244.198803,2617.836023,9.94193599999971
393000,4214000,CB5MH_MD,57.4147,1e+06,10.7,42.7,393000 4214000,17.5,Suitable,dodgerblue,YES,244.198803,2618.457394,10.5633069999999
393000,4214000,CB5MH_MD,31.16798,1e+06,11.09,42.9,393000 4214000,9.5,Suitable,dodgerblue,YES,244.198803,2618.457394,10.5633069999999
393000,4214000,CB5MH_MD,70.53806,1e+06,10.6,41.7,393000 4214000,21.5,Suitable,dodgerblue,YES,244.198803,2618.457394,10.5633069999999
393000,4214000,CB5MH_MD,27.88714,1e+06,11.13,42.8,393000 4214000,8.5,Suitable,dodgerblue,YES,244.198803,2618.457394,10.5633069999999
393000,4214000,CB5MH_MD,54.13386,1e+06,10.73,42.8,393000 4214000,16.5,Suitable,dodgerblue,YES,244.198803,2618.457394,10.5633069999999
393000,4214000,CB5MH_MD,41.0105,1e+06,10.86,43.1,393000 4214000,12.5,Suitable,dodgerblue,YES,244.198803,2618.457394,10.5633069999999
393000,4214000,CB5MH_MD,60.69554,1e+06,10.7,42.7,393000 4214000,18.5,Suitable,dodgerblue,YES,244.198803,2618.457394,10.5633069999999
393000,4214000,CB5MH_MD,24.6063,1e+06,11.16,42.8,393000 4214000,7.5,Suitable,dodgerblue,YES,244.198803,2618.457394,10.5633069999999
393000,4214000,CB5MH_MD,44.29134,1e+06,10.84,43.1,393000 4214000,13.5,Suitable,dodgerblue,YES,244.198803,2618.457394,10.5633069999999
393000,4214000,CB5MH_MD,21.32546,1e+06,11.31,42.6,393000 4214000,6.5,Suitable,dodgerblue,YES,244.198803,2618.457394,10.5633069999999
393000,4214000,CB5MH_MD,77.09974,1e+06,10.47,40.6,393000 4214000,23.5,Suitable,dodgerblue,YES,244.198803,2618.457394,10.5633069999999
393000,4214000,CB5MH_MD,47.57218,1e+06,10.84,43.1,393000 4214000,14.5,Suitable,dodgerblue,YES,244.198803,2618.457394,10.5633069999999
393000,4214000,CB5MH_MD,67.25722,1e+06,10.62,41.9,393000 4214000,20.5,Suitable,dodgerblue,YES,244.198803,2618.457394,10.5633069999999
393000,4214000,CB5MH_MD,34.44882,1e+06,10.98,43,393000 4214000,10.5,Suitable,dodgerblue,YES,244.198803,2618.457394,10.5633069999999
393000,4214000,CB5MH_MD,37.72966,1e+06,10.9,43.1,393000 4214000,11.5,Suitable,dodgerblue,YES,244.198803,2618.457394,10.5633069999999
393000,4214000,CB5MH_MD,50.85302,1e+06,10.8,42.9,393000 4214000,15.5,Suitable,dodgerblue,YES,244.198803,2618.457394,10.5633069999999
393000,4214000,CB5MH_MD,63.97638,1e+06,10.68,42.4,393000 4214000,19.5,Suitable,dodgerblue,YES,244.198803,2618.457394,10.5633069999999
393000,4214000,CB5MH_MD,80.38058,1e+06,10.43,40.5,393000 4214000,24.5,Suitable,dodgerblue,YES,244.198803,2618.457394,10.5633069999999
393000,4214000,CB5MH_MD,73.8189,1e+06,10.55,41.2,393000 4214000,22.5,Suitable,dodgerblue,YES,244.198803,2618.457394,10.5633069999999
393000,4214000,CB5MH_MD,14.76378,1e+06,11.52,42.4,393000 4214000,4.5,Suitable,dodgerblue,YES,244.198803,2618.457394,10.5633069999999
393000,4214000,CB5MH_MD,8.2021,1e+06,11.59,42.4,393000 4214000,2.5,Suitable,dodgerblue,YES,244.198803,2618.457394,10.5633069999999
393000,4214000,CB5MH_MD,1.64042,1e+06,11.59,42.4,393000 4214000,0.5,Suitable,dodgerblue,YES,244.198803,2618.457394,10.5633069999999
393000,4214000,CB5MH_MD,18.04462,1e+06,11.47,42.5,393000 4214000,5.5,Suitable,dodgerblue,YES,244.198803,2618.457394,10.5633069999999
393000,4214000,CB5MH_MD,11.48294,1e+06,11.55,42.4,393000 4214000,3.5,Suitable,dodgerblue,YES,244.198803,2618.457394,10.5633069999999
393000,4214000,CB5MH_MD,4.92126,1e+06,11.59,42.4,393000 4214000,1.5,Suitable,dodgerblue,YES,244.198803,2618.457394,10.5633069999999
393000,4215000,CB5MH_MD,60.69554,1e+06,10.7,42.7,393000 4215000,18.5,Suitable,dodgerblue,YES,244.198803,2619.078765,11.1846780000001
393000,4215000,CB5MH_MD,67.25722,1e+06,10.62,41.9,393000 4215000,20.5,Suitable,dodgerblue,YES,244.198803,2619.078765,11.1846780000001
393000,4215000,CB5MH_MD,70.53806,1e+06,10.6,41.7,393000 4215000,21.5,Suitable,dodgerblue,YES,244.198803,2619.078765,11.1846780000001
393000,4215000,CB5MH_MD,31.16798,1e+06,11.08,42.9,393000 4215000,9.5,Suitable,dodgerblue,YES,244.198803,2619.078765,11.1846780000001
393000,4215000,CB5MH_MD,27.88714,1e+06,11.12,42.8,393000 4215000,8.5,Suitable,dodgerblue,YES,244.198803,2619.078765,11.1846780000001
393000,4215000,CB5MH_MD,24.6063,1e+06,11.16,42.7,393000 4215000,7.5,Suitable,dodgerblue,YES,244.198803,2619.078765,11.1846780000001
393000,4215000,CB5MH_MD,41.0105,1e+06,10.82,43,393000 4215000,12.5,Suitable,dodgerblue,YES,244.198803,2619.078765,11.1846780000001
393000,4215000,CB5MH_MD,63.97638,1e+06,10.68,42.4,393000 4215000,19.5,Suitable,dodgerblue,YES,244.198803,2619.078765,11.1846780000001
393000,4215000,CB5MH_MD,34.44882,1e+06,10.97,43,393000 4215000,10.5,Suitable,dodgerblue,YES,244.198803,2619.078765,11.1846780000001
393000,4215000,CB5MH_MD,44.29134,1e+06,10.81,43,393000 4215000,13.5,Suitable,dodgerblue,YES,244.198803,2619.078765,11.1846780000001
393000,4215000,CB5MH_MD,57.4147,1e+06,10.7,42.8,393000 4215000,17.5,Suitable,dodgerblue,YES,244.198803,2619.078765,11.1846780000001
393000,4215000,CB5MH_MD,37.72966,1e+06,10.87,43,393000 4215000,11.5,Suitable,dodgerblue,YES,244.198803,2619.078765,11.1846780000001
393000,4215000,CB5MH_MD,50.85302,1e+06,10.78,43,393000 4215000,15.5,Suitable,dodgerblue,YES,244.198803,2619.078765,11.1846780000001
393000,4215000,CB5MH_MD,11.48294,1e+06,11.57,42.3,393000 4215000,3.5,Suitable,dodgerblue,YES,244.198803,2619.078765,11.1846780000001
393000,4215000,CB5MH_MD,21.32546,1e+06,11.32,42.6,393000 4215000,6.5,Suitable,dodgerblue,YES,244.198803,2619.078765,11.1846780000001
393000,4215000,CB5MH_MD,54.13386,1e+06,10.72,42.9,393000 4215000,16.5,Suitable,dodgerblue,YES,244.198803,2619.078765,11.1846780000001
393000,4215000,CB5MH_MD,18.04462,1e+06,11.48,42.4,393000 4215000,5.5,Suitable,dodgerblue,YES,244.198803,2619.078765,11.1846780000001
393000,4215000,CB5MH_MD,8.2021,1e+06,11.61,42.3,393000 4215000,2.5,Suitable,dodgerblue,YES,244.198803,2619.078765,11.1846780000001
393000,4215000,CB5MH_MD,1.64042,1e+06,11.61,42.3,393000 4215000,0.5,Suitable,dodgerblue,YES,244.198803,2619.078765,11.1846780000001
393000,4215000,CB5MH_MD,14.76378,1e+06,11.53,42.3,393000 4215000,4.5,Suitable,dodgerblue,YES,244.198803,2619.078765,11.1846780000001
393000,4215000,CB5MH_MD,47.57218,1e+06,10.81,43,393000 4215000,14.5,Suitable,dodgerblue,YES,244.198803,2619.078765,11.1846780000001
393000,4215000,CB5MH_MD,4.92126,1e+06,11.61,42.3,393000 4215000,1.5,Suitable,dodgerblue,YES,244.198803,2619.078765,11.1846780000001
393000,4218000,CB5MH_MD,44.29134,1e+06,10.74,43,393000 4218000,13.5,Suitable,dodgerblue,YES,244.198803,2620.942878,13.0487909999997
393000,4218000,CB5MH_MD,1.64042,1e+06,11.67,42.2,393000 4218000,0.5,Suitable,dodgerblue,YES,244.198803,2620.942878,13.0487909999997
393000,4218000,CB5MH_MD,21.32546,1e+06,11.34,42.4,393000 4218000,6.5,Suitable,dodgerblue,YES,244.198803,2620.942878,13.0487909999997
393000,4218000,CB5MH_MD,37.72966,1e+06,10.81,43,393000 4218000,11.5,Suitable,dodgerblue,YES,244.198803,2620.942878,13.0487909999997
393000,4218000,CB5MH_MD,67.25722,1e+06,10.6,41.8,393000 4218000,20.5,Suitable,dodgerblue,YES,244.198803,2620.942878,13.0487909999997
393000,4218000,CB5MH_MD,54.13386,1e+06,10.7,42.9,393000 4218000,16.5,Suitable,dodgerblue,YES,244.198803,2620.942878,13.0487909999997
393000,4218000,CB5MH_MD,34.44882,1e+06,10.92,42.9,393000 4218000,10.5,Suitable,dodgerblue,YES,244.198803,2620.942878,13.0487909999997
393000,4218000,CB5MH_MD,63.97638,1e+06,10.66,42.3,393000 4218000,19.5,Suitable,dodgerblue,YES,244.198803,2620.942878,13.0487909999997
393000,4218000,CB5MH_MD,41.0105,1e+06,10.76,43,393000 4218000,12.5,Suitable,dodgerblue,YES,244.198803,2620.942878,13.0487909999997
393000,4218000,CB5MH_MD,18.04462,1e+06,11.53,42.3,393000 4218000,5.5,Suitable,dodgerblue,YES,244.198803,2620.942878,13.0487909999997
393000,4218000,CB5MH_MD,47.57218,1e+06,10.73,43,393000 4218000,14.5,Suitable,dodgerblue,YES,244.198803,2620.942878,13.0487909999997
393000,4218000,CB5MH_MD,27.88714,1e+06,11.11,42.7,393000 4218000,8.5,Suitable,dodgerblue,YES,244.198803,2620.942878,13.0487909999997
393000,4218000,CB5MH_MD,11.48294,1e+06,11.62,42.2,393000 4218000,3.5,Suitable,dodgerblue,YES,244.198803,2620.942878,13.0487909999997
393000,4218000,CB5MH_MD,57.4147,1e+06,10.69,42.8,393000 4218000,17.5,Suitable,dodgerblue,YES,244.198803,2620.942878,13.0487909999997
393000,4218000,CB5MH_MD,31.16798,1e+06,11.06,42.8,393000 4218000,9.5,Suitable,dodgerblue,YES,244.198803,2620.942878,13.0487909999997
393000,4218000,CB5MH_MD,14.76378,1e+06,11.58,42.2,393000 4218000,4.5,Suitable,dodgerblue,YES,244.198803,2620.942878,13.0487909999997
393000,4218000,CB5MH_MD,60.69554,1e+06,10.68,42.6,393000 4218000,18.5,Suitable,dodgerblue,YES,244.198803,2620.942878,13.0487909999997
393000,4218000,CB5MH_MD,50.85302,1e+06,10.72,42.9,393000 4218000,15.5,Suitable,dodgerblue,YES,244.198803,2620.942878,13.0487909999997
393000,4218000,CB5MH_MD,70.53806,1e+06,10.58,41.6,393000 4218000,21.5,Suitable,dodgerblue,YES,244.198803,2620.942878,13.0487909999997
393000,4218000,CB5MH_MD,24.6063,1e+06,11.15,42.6,393000 4218000,7.5,Suitable,dodgerblue,YES,244.198803,2620.942878,13.0487909999997
393000,4218000,CB5MH_MD,77.09974,1e+06,10.45,40.5,393000 4218000,23.5,Suitable,dodgerblue,YES,244.198803,2620.942878,13.0487909999997
393000,4218000,CB5MH_MD,8.2021,1e+06,11.67,42.2,393000 4218000,2.5,Suitable,dodgerblue,YES,244.198803,2620.942878,13.0487909999997
393000,4218000,CB5MH_MD,73.8189,1e+06,10.53,41.1,393000 4218000,22.5,Suitable,dodgerblue,YES,244.198803,2620.942878,13.0487909999997
393000,4218000,CB5MH_MD,4.92126,1e+06,11.67,42.2,393000 4218000,1.5,Suitable,dodgerblue,YES,244.198803,2620.942878,13.0487909999997
393000,4219000,CB5MH_MD,21.32546,1e+06,11.34,42.4,393000 4219000,6.5,Suitable,dodgerblue,YES,244.198803,2621.564249,13.6701619999999
393000,4219000,CB5MH_MD,14.76378,1e+06,11.59,42.1,393000 4219000,4.5,Suitable,dodgerblue,YES,244.198803,2621.564249,13.6701619999999
393000,4219000,CB5MH_MD,4.92126,1e+06,11.68,42.1,393000 4219000,1.5,Suitable,dodgerblue,YES,244.198803,2621.564249,13.6701619999999
393000,4219000,CB5MH_MD,93.50394,1e+06,10.11,39.3,393000 4219000,28.5,Suitable,dodgerblue,YES,244.198803,2621.564249,13.6701619999999
393000,4219000,CB5MH_MD,119.75066,1e+06,9.5,37.6,393000 4219000,36.5,Suitable,dodgerblue,YES,244.198803,2621.564249,13.6701619999999
393000,4219000,CB5MH_MD,18.04462,1e+06,11.54,42.2,393000 4219000,5.5,Suitable,dodgerblue,YES,244.198803,2621.564249,13.6701619999999
393000,4219000,CB5MH_MD,83.66142,1e+06,10.34,40.2,393000 4219000,25.5,Suitable,dodgerblue,YES,244.198803,2621.564249,13.6701619999999
393000,4219000,CB5MH_MD,63.97638,1e+06,10.67,42.3,393000 4219000,19.5,Suitable,dodgerblue,YES,244.198803,2621.564249,13.6701619999999
393000,4219000,CB5MH_MD,86.94226,1e+06,10.24,39.8,393000 4219000,26.5,Suitable,dodgerblue,YES,244.198803,2621.564249,13.6701619999999
393000,4219000,CB5MH_MD,8.2021,1e+06,11.68,42.1,393000 4219000,2.5,Suitable,dodgerblue,YES,244.198803,2621.564249,13.6701619999999
393000,4219000,CB5MH_MD,31.16798,1e+06,11.06,42.8,393000 4219000,9.5,Suitable,dodgerblue,YES,244.198803,2621.564249,13.6701619999999
393000,4219000,CB5MH_MD,50.85302,1e+06,10.71,43,393000 4219000,15.5,Suitable,dodgerblue,YES,244.198803,2621.564249,13.6701619999999
393000,4219000,CB5MH_MD,47.57218,1e+06,10.72,43,393000 4219000,14.5,Suitable,dodgerblue,YES,244.198803,2621.564249,13.6701619999999
393000,4219000,CB5MH_MD,44.29134,1e+06,10.72,43,393000 4219000,13.5,Suitable,dodgerblue,YES,244.198803,2621.564249,13.6701619999999
393000,4219000,CB5MH_MD,1.64042,1e+06,11.68,42.1,393000 4219000,0.5,Suitable,dodgerblue,YES,244.198803,2621.564249,13.6701619999999
393000,4219000,CB5MH_MD,11.48294,1e+06,11.64,42.1,393000 4219000,3.5,Suitable,dodgerblue,YES,244.198803,2621.564249,13.6701619999999
393000,4219000,CB5MH_MD,113.18898,1e+06,9.5,37.6,393000 4219000,34.5,Suitable,dodgerblue,YES,244.198803,2621.564249,13.6701619999999
393000,4219000,CB5MH_MD,116.46982,1e+06,9.5,37.6,393000 4219000,35.5,Suitable,dodgerblue,YES,244.198803,2621.564249,13.6701619999999
393000,4219000,CB5MH_MD,73.8189,1e+06,10.54,41.2,393000 4219000,22.5,Suitable,dodgerblue,YES,244.198803,2621.564249,13.6701619999999
393000,4219000,CB5MH_MD,27.88714,1e+06,11.1,42.7,393000 4219000,8.5,Suitable,dodgerblue,YES,244.198803,2621.564249,13.6701619999999
393000,4219000,CB5MH_MD,37.72966,1e+06,10.8,43,393000 4219000,11.5,Suitable,dodgerblue,YES,244.198803,2621.564249,13.6701619999999
393000,4219000,CB5MH_MD,77.09974,1e+06,10.46,40.6,393000 4219000,23.5,Suitable,dodgerblue,YES,244.198803,2621.564249,13.6701619999999
393000,4219000,CB5MH_MD,41.0105,1e+06,10.74,43,393000 4219000,12.5,Suitable,dodgerblue,YES,244.198803,2621.564249,13.6701619999999
393000,4219000,CB5MH_MD,90.2231,1e+06,10.17,39.5,393000 4219000,27.5,Suitable,dodgerblue,YES,244.198803,2621.564249,13.6701619999999
393000,4219000,CB5MH_MD,60.69554,1e+06,10.69,42.6,393000 4219000,18.5,Suitable,dodgerblue,YES,244.198803,2621.564249,13.6701619999999
393000,4219000,CB5MH_MD,96.78478,1e+06,9.57,37.6,393000 4219000,29.5,Suitable,dodgerblue,YES,244.198803,2621.564249,13.6701619999999
393000,4219000,CB5MH_MD,57.4147,1e+06,10.69,42.8,393000 4219000,17.5,Suitable,dodgerblue,YES,244.198803,2621.564249,13.6701619999999
393000,4219000,CB5MH_MD,24.6063,1e+06,11.15,42.6,393000 4219000,7.5,Suitable,dodgerblue,YES,244.198803,2621.564249,13.6701619999999
393000,4219000,CB5MH_MD,70.53806,1e+06,10.59,41.6,393000 4219000,21.5,Suitable,dodgerblue,YES,244.198803,2621.564249,13.6701619999999
393000,4219000,CB5MH_MD,54.13386,1e+06,10.7,42.9,393000 4219000,16.5,Suitable,dodgerblue,YES,244.198803,2621.564249,13.6701619999999
393000,4219000,CB5MH_MD,34.44882,1e+06,10.91,42.9,393000 4219000,10.5,Suitable,dodgerblue,YES,244.198803,2621.564249,13.6701619999999
393000,4219000,CB5MH_MD,80.38058,1e+06,10.42,40.5,393000 4219000,24.5,Suitable,dodgerblue,YES,244.198803,2621.564249,13.6701619999999
393000,4219000,CB5MH_MD,106.6273,1e+06,9.5,37.6,393000 4219000,32.5,Suitable,dodgerblue,YES,244.198803,2621.564249,13.6701619999999
393000,4219000,CB5MH_MD,67.25722,1e+06,10.61,41.8,393000 4219000,20.5,Suitable,dodgerblue,YES,244.198803,2621.564249,13.6701619999999
393000,4219000,CB5MH_MD,103.34646,1e+06,9.5,37.6,393000 4219000,31.5,Suitable,dodgerblue,YES,244.198803,2621.564249,13.6701619999999
393000,4219000,CB5MH_MD,109.90814,1e+06,9.5,37.6,393000 4219000,33.5,Suitable,dodgerblue,YES,244.198803,2621.564249,13.6701619999999
393000,4219000,CB5MH_MD,100.06562,1e+06,9.53,37.6,393000 4219000,30.5,Suitable,dodgerblue,YES,244.198803,2621.564249,13.6701619999999
393000,4220000,CB5MH_MD,24.6063,1e+06,11.15,42.6,393000 4220000,7.5,Suitable,dodgerblue,YES,244.198803,2622.18562,14.2915330000001
393000,4220000,CB5MH_MD,83.66142,1e+06,10.35,40.2,393000 4220000,25.5,Suitable,dodgerblue,YES,244.198803,2622.18562,14.2915330000001
393000,4220000,CB5MH_MD,21.32546,1e+06,11.35,42.4,393000 4220000,6.5,Suitable,dodgerblue,YES,244.198803,2622.18562,14.2915330000001
393000,4220000,CB5MH_MD,8.2021,1e+06,11.69,42.1,393000 4220000,2.5,Suitable,dodgerblue,YES,244.198803,2622.18562,14.2915330000001
393000,4220000,CB5MH_MD,80.38058,1e+06,10.43,40.5,393000 4220000,24.5,Suitable,dodgerblue,YES,244.198803,2622.18562,14.2915330000001
393000,4220000,CB5MH_MD,37.72966,1e+06,10.79,43,393000 4220000,11.5,Suitable,dodgerblue,YES,244.198803,2622.18562,14.2915330000001
393000,4220000,CB5MH_MD,34.44882,1e+06,10.91,42.9,393000 4220000,10.5,Suitable,dodgerblue,YES,244.198803,2622.18562,14.2915330000001
393000,4220000,CB5MH_MD,44.29134,1e+06,10.71,43,393000 4220000,13.5,Suitable,dodgerblue,YES,244.198803,2622.18562,14.2915330000001
393000,4220000,CB5MH_MD,4.92126,1e+06,11.69,42.1,393000 4220000,1.5,Suitable,dodgerblue,YES,244.198803,2622.18562,14.2915330000001
393000,4220000,CB5MH_MD,18.04462,1e+06,11.54,42.2,393000 4220000,5.5,Suitable,dodgerblue,YES,244.198803,2622.18562,14.2915330000001
393000,4220000,CB5MH_MD,11.48294,1e+06,11.64,42.1,393000 4220000,3.5,Suitable,dodgerblue,YES,244.198803,2622.18562,14.2915330000001
393000,4220000,CB5MH_MD,47.57218,1e+06,10.71,43,393000 4220000,14.5,Suitable,dodgerblue,YES,244.198803,2622.18562,14.2915330000001
393000,4220000,CB5MH_MD,77.09974,1e+06,10.47,40.6,393000 4220000,23.5,Suitable,dodgerblue,YES,244.198803,2622.18562,14.2915330000001
393000,4220000,CB5MH_MD,41.0105,1e+06,10.73,43,393000 4220000,12.5,Suitable,dodgerblue,YES,244.198803,2622.18562,14.2915330000001
393000,4220000,CB5MH_MD,31.16798,1e+06,11.05,42.8,393000 4220000,9.5,Suitable,dodgerblue,YES,244.198803,2622.18562,14.2915330000001
393000,4220000,CB5MH_MD,60.69554,1e+06,10.7,42.7,393000 4220000,18.5,Suitable,dodgerblue,YES,244.198803,2622.18562,14.2915330000001
393000,4220000,CB5MH_MD,73.8189,1e+06,10.54,41.2,393000 4220000,22.5,Suitable,dodgerblue,YES,244.198803,2622.18562,14.2915330000001
393000,4220000,CB5MH_MD,70.53806,1e+06,10.59,41.7,393000 4220000,21.5,Suitable,dodgerblue,YES,244.198803,2622.18562,14.2915330000001
393000,4220000,CB5MH_MD,14.76378,1e+06,11.59,42.1,393000 4220000,4.5,Suitable,dodgerblue,YES,244.198803,2622.18562,14.2915330000001
393000,4220000,CB5MH_MD,1.64042,1e+06,11.69,42.1,393000 4220000,0.5,Suitable,dodgerblue,YES,244.198803,2622.18562,14.2915330000001
393000,4220000,CB5MH_MD,27.88714,1e+06,11.1,42.7,393000 4220000,8.5,Suitable,dodgerblue,YES,244.198803,2622.18562,14.2915330000001
393000,4220000,CB5MH_MD,63.97638,1e+06,10.67,42.4,393000 4220000,19.5,Suitable,dodgerblue,YES,244.198803,2622.18562,14.2915330000001
393000,4220000,CB5MH_MD,57.4147,1e+06,10.7,42.9,393000 4220000,17.5,Suitable,dodgerblue,YES,244.198803,2622.18562,14.2915330000001
393000,4220000,CB5MH_MD,67.25722,1e+06,10.61,41.9,393000 4220000,20.5,Suitable,dodgerblue,YES,244.198803,2622.18562,14.2915330000001
393000,4220000,CB5MH_MD,54.13386,1e+06,10.7,43,393000 4220000,16.5,Suitable,dodgerblue,YES,244.198803,2622.18562,14.2915330000001
393000,4220000,CB5MH_MD,50.85302,1e+06,10.7,43,393000 4220000,15.5,Suitable,dodgerblue,YES,244.198803,2622.18562,14.2915330000001
393000,4343000,CB2OH,4.92126,1e+06,11.35,45.5,393000 4343000,1.5,Suitable,dodgerblue,YES,244.198803,2698.614253,90.7201660000001
393000,4343000,CB2OH,27.88714,1e+06,9.47,42.5,393000 4343000,8.5,Suitable,dodgerblue,YES,244.198803,2698.614253,90.7201660000001
393000,4343000,CB2OH,21.32546,1e+06,9.76,43.6,393000 4343000,6.5,Suitable,dodgerblue,YES,244.198803,2698.614253,90.7201660000001
393000,4343000,CB2OH,8.2021,1e+06,11.2,45.4,393000 4343000,2.5,Suitable,dodgerblue,YES,244.198803,2698.614253,90.7201660000001
393000,4343000,CB2OH,14.76378,1e+06,10.42,44.6,393000 4343000,4.5,Suitable,dodgerblue,YES,244.198803,2698.614253,90.7201660000001
393000,4343000,CB2OH,11.48294,1e+06,10.91,45,393000 4343000,3.5,Suitable,dodgerblue,YES,244.198803,2698.614253,90.7201660000001
393000,4343000,CB2OH,1.64042,1e+06,11.41,45.5,393000 4343000,0.5,Suitable,dodgerblue,YES,244.198803,2698.614253,90.7201660000001
393000,4343000,CB2OH,24.6063,1e+06,9.62,43.1,393000 4343000,7.5,Suitable,dodgerblue,YES,244.198803,2698.614253,90.7201660000001
393000,4343000,CB2OH,18.04462,1e+06,9.96,44.1,393000 4343000,5.5,Suitable,dodgerblue,YES,244.198803,2698.614253,90.7201660000001
393000,4344000,CB2OH,24.6063,1e+06,9.61,43.1,393000 4344000,7.5,Suitable,dodgerblue,YES,244.198803,2699.235624,91.3415369999998
393000,4344000,CB2OH,11.48294,1e+06,10.9,45.1,393000 4344000,3.5,Suitable,dodgerblue,YES,244.198803,2699.235624,91.3415369999998
393000,4344000,CB2OH,8.2021,1e+06,11.2,45.4,393000 4344000,2.5,Suitable,dodgerblue,YES,244.198803,2699.235624,91.3415369999998
393000,4344000,CB2OH,21.32546,1e+06,9.76,43.6,393000 4344000,6.5,Suitable,dodgerblue,YES,244.198803,2699.235624,91.3415369999998
393000,4344000,CB2OH,14.76378,1e+06,10.41,44.7,393000 4344000,4.5,Suitable,dodgerblue,YES,244.198803,2699.235624,91.3415369999998
393000,4344000,CB2OH,4.92126,1e+06,11.35,45.5,393000 4344000,1.5,Suitable,dodgerblue,YES,244.198803,2699.235624,91.3415369999998
393000,4344000,CB2OH,1.64042,1e+06,11.4,45.5,393000 4344000,0.5,Suitable,dodgerblue,YES,244.198803,2699.235624,91.3415369999998
393000,4344000,CB2OH,18.04462,1e+06,9.96,44.1,393000 4344000,5.5,Suitable,dodgerblue,YES,244.198803,2699.235624,91.3415369999998
393000,4345000,CB2OH,4.92126,1e+06,11.35,45.5,393000 4345000,1.5,Suitable,dodgerblue,YES,244.198803,2699.856995,91.962908
393000,4345000,CB2OH,11.48294,1e+06,10.9,45.1,393000 4345000,3.5,Suitable,dodgerblue,YES,244.198803,2699.856995,91.962908
393000,4345000,CB2OH,1.64042,1e+06,11.4,45.5,393000 4345000,0.5,Suitable,dodgerblue,YES,244.198803,2699.856995,91.962908
393000,4345000,CB2OH,18.04462,1e+06,9.95,44.1,393000 4345000,5.5,Suitable,dodgerblue,YES,244.198803,2699.856995,91.962908
393000,4345000,CB2OH,14.76378,1e+06,10.4,44.7,393000 4345000,4.5,Suitable,dodgerblue,YES,244.198803,2699.856995,91.962908
393000,4345000,CB2OH,21.32546,1e+06,9.75,43.6,393000 4345000,6.5,Suitable,dodgerblue,YES,244.198803,2699.856995,91.962908
393000,4345000,CB2OH,8.2021,1e+06,11.2,45.4,393000 4345000,2.5,Suitable,dodgerblue,YES,244.198803,2699.856995,91.962908
393000,4351000,CB2OH,34.44882,1e+06,9.31,41.6,393000 4351000,10.5,Suitable,dodgerblue,YES,244.198803,2703.585221,95.6911340000002
393000,4351000,CB2OH,1.64042,1e+06,11.19,45.9,393000 4351000,0.5,Suitable,dodgerblue,YES,244.198803,2703.585221,95.6911340000002
393000,4351000,CB2OH,31.16798,1e+06,9.86,43,393000 4351000,9.5,Suitable,dodgerblue,YES,244.198803,2703.585221,95.6911340000002
393000,4351000,CB2OH,8.2021,1e+06,11.04,46,393000 4351000,2.5,Suitable,dodgerblue,YES,244.198803,2703.585221,95.6911340000002
393000,4351000,CB2OH,27.88714,1e+06,9.93,43.2,393000 4351000,8.5,Suitable,dodgerblue,YES,244.198803,2703.585221,95.6911340000002
393000,4351000,CB2OH,24.6063,1e+06,10.04,43.7,393000 4351000,7.5,Suitable,dodgerblue,YES,244.198803,2703.585221,95.6911340000002
393000,4351000,CB2OH,14.76378,1e+06,10.68,44.8,393000 4351000,4.5,Suitable,dodgerblue,YES,244.198803,2703.585221,95.6911340000002
393000,4351000,CB2OH,37.72966,1e+06,9.32,41.5,393000 4351000,11.5,Suitable,dodgerblue,YES,244.198803,2703.585221,95.6911340000002
393000,4351000,CB2OH,11.48294,1e+06,11.02,45,393000 4351000,3.5,Suitable,dodgerblue,YES,244.198803,2703.585221,95.6911340000002
393000,4351000,CB2OH,21.32546,1e+06,10.15,44,393000 4351000,6.5,Suitable,dodgerblue,YES,244.198803,2703.585221,95.6911340000002
393000,4351000,CB2OH,18.04462,1e+06,10.36,44.4,393000 4351000,5.5,Suitable,dodgerblue,YES,244.198803,2703.585221,95.6911340000002
393000,4351000,CB2OH,4.92126,1e+06,11.15,46.1,393000 4351000,1.5,Suitable,dodgerblue,YES,244.198803,2703.585221,95.6911340000002
394000,4207000,CB5MH_MD,73.8189,1e+06,10.55,41.2,394000 4207000,22.5,Suitable,dodgerblue,YES,244.820174,2614.107797,6.21370999999999
394000,4207000,CB5MH_MD,31.16798,1e+06,11.14,43,394000 4207000,9.5,Suitable,dodgerblue,YES,244.820174,2614.107797,6.21370999999999
394000,4207000,CB5MH_MD,41.0105,1e+06,11,43.1,394000 4207000,12.5,Suitable,dodgerblue,YES,244.820174,2614.107797,6.21370999999999
394000,4207000,CB5MH_MD,37.72966,1e+06,11.03,43.1,394000 4207000,11.5,Suitable,dodgerblue,YES,244.820174,2614.107797,6.21370999999999
394000,4207000,CB5MH_MD,70.53806,1e+06,10.6,41.7,394000 4207000,21.5,Suitable,dodgerblue,YES,244.820174,2614.107797,6.21370999999999
394000,4207000,CB5MH_MD,77.09974,1e+06,10.47,40.6,394000 4207000,23.5,Suitable,dodgerblue,YES,244.820174,2614.107797,6.21370999999999
394000,4207000,CB5MH_MD,34.44882,1e+06,11.08,43.1,394000 4207000,10.5,Suitable,dodgerblue,YES,244.820174,2614.107797,6.21370999999999
394000,4207000,CB5MH_MD,27.88714,1e+06,11.16,43,394000 4207000,8.5,Suitable,dodgerblue,YES,244.820174,2614.107797,6.21370999999999
394000,4207000,CB5MH_MD,44.29134,1e+06,10.99,43.1,394000 4207000,13.5,Suitable,dodgerblue,YES,244.820174,2614.107797,6.21370999999999
394000,4207000,CB5MH_MD,63.97638,1e+06,10.68,42.4,394000 4207000,19.5,Suitable,dodgerblue,YES,244.820174,2614.107797,6.21370999999999
394000,4207000,CB5MH_MD,11.48294,1e+06,11.45,42.7,394000 4207000,3.5,Suitable,dodgerblue,YES,244.820174,2614.107797,6.21370999999999
394000,4207000,CB5MH_MD,60.69554,1e+06,10.7,42.7,394000 4207000,18.5,Suitable,dodgerblue,YES,244.820174,2614.107797,6.21370999999999
394000,4207000,CB5MH_MD,67.25722,1e+06,10.62,41.9,394000 4207000,20.5,Suitable,dodgerblue,YES,244.820174,2614.107797,6.21370999999999
394000,4207000,CB5MH_MD,80.38058,1e+06,10.43,40.5,394000 4207000,24.5,Suitable,dodgerblue,YES,244.820174,2614.107797,6.21370999999999
394000,4207000,CB5MH_MD,21.32546,1e+06,11.26,42.9,394000 4207000,6.5,Suitable,dodgerblue,YES,244.820174,2614.107797,6.21370999999999
394000,4207000,CB5MH_MD,18.04462,1e+06,11.37,42.8,394000 4207000,5.5,Suitable,dodgerblue,YES,244.820174,2614.107797,6.21370999999999
394000,4207000,CB5MH_MD,50.85302,1e+06,10.9,42.9,394000 4207000,15.5,Suitable,dodgerblue,YES,244.820174,2614.107797,6.21370999999999
394000,4207000,CB5MH_MD,47.57218,1e+06,10.99,43.1,394000 4207000,14.5,Suitable,dodgerblue,YES,244.820174,2614.107797,6.21370999999999
394000,4207000,CB5MH_MD,14.76378,1e+06,11.42,42.7,394000 4207000,4.5,Suitable,dodgerblue,YES,244.820174,2614.107797,6.21370999999999
394000,4207000,CB5MH_MD,8.2021,1e+06,11.47,42.7,394000 4207000,2.5,Suitable,dodgerblue,YES,244.820174,2614.107797,6.21370999999999
394000,4207000,CB5MH_MD,24.6063,1e+06,11.18,43,394000 4207000,7.5,Suitable,dodgerblue,YES,244.820174,2614.107797,6.21370999999999
394000,4207000,CB5MH_MD,4.92126,1e+06,11.47,42.7,394000 4207000,1.5,Suitable,dodgerblue,YES,244.820174,2614.107797,6.21370999999999
394000,4207000,CB5MH_MD,57.4147,1e+06,10.7,42.5,394000 4207000,17.5,Suitable,dodgerblue,YES,244.820174,2614.107797,6.21370999999999
394000,4207000,CB5MH_MD,54.13386,1e+06,10.76,42.6,394000 4207000,16.5,Suitable,dodgerblue,YES,244.820174,2614.107797,6.21370999999999
394000,4207000,CB5MH_MD,1.64042,1e+06,11.47,42.7,394000 4207000,0.5,Suitable,dodgerblue,YES,244.820174,2614.107797,6.21370999999999
394000,4208000,CB5MH_MD,8.2021,1e+06,11.48,42.7,394000 4208000,2.5,Suitable,dodgerblue,YES,244.820174,2614.729168,6.83508099999972
394000,4208000,CB5MH_MD,73.8189,1e+06,10.55,41.2,394000 4208000,22.5,Suitable,dodgerblue,YES,244.820174,2614.729168,6.83508099999972
394000,4208000,CB5MH_MD,70.53806,1e+06,10.6,41.7,394000 4208000,21.5,Suitable,dodgerblue,YES,244.820174,2614.729168,6.83508099999972
394000,4208000,CB5MH_MD,37.72966,1e+06,11.01,43.1,394000 4208000,11.5,Suitable,dodgerblue,YES,244.820174,2614.729168,6.83508099999972
394000,4208000,CB5MH_MD,57.4147,1e+06,10.7,42.6,394000 4208000,17.5,Suitable,dodgerblue,YES,244.820174,2614.729168,6.83508099999972
394000,4208000,CB5MH_MD,34.44882,1e+06,11.07,43.1,394000 4208000,10.5,Suitable,dodgerblue,YES,244.820174,2614.729168,6.83508099999972
394000,4208000,CB5MH_MD,44.29134,1e+06,10.98,43.1,394000 4208000,13.5,Suitable,dodgerblue,YES,244.820174,2614.729168,6.83508099999972
394000,4208000,CB5MH_MD,63.97638,1e+06,10.68,42.4,394000 4208000,19.5,Suitable,dodgerblue,YES,244.820174,2614.729168,6.83508099999972
394000,4208000,CB5MH_MD,41.0105,1e+06,10.99,43.1,394000 4208000,12.5,Suitable,dodgerblue,YES,244.820174,2614.729168,6.83508099999972
394000,4208000,CB5MH_MD,54.13386,1e+06,10.76,42.7,394000 4208000,16.5,Suitable,dodgerblue,YES,244.820174,2614.729168,6.83508099999972
394000,4208000,CB5MH_MD,11.48294,1e+06,11.46,42.7,394000 4208000,3.5,Suitable,dodgerblue,YES,244.820174,2614.729168,6.83508099999972
394000,4208000,CB5MH_MD,47.57218,1e+06,10.98,43.1,394000 4208000,14.5,Suitable,dodgerblue,YES,244.820174,2614.729168,6.83508099999972
394000,4208000,CB5MH_MD,50.85302,1e+06,10.89,42.9,394000 4208000,15.5,Suitable,dodgerblue,YES,244.820174,2614.729168,6.83508099999972
394000,4208000,CB5MH_MD,18.04462,1e+06,11.38,42.8,394000 4208000,5.5,Suitable,dodgerblue,YES,244.820174,2614.729168,6.83508099999972
394000,4208000,CB5MH_MD,14.76378,1e+06,11.43,42.7,394000 4208000,4.5,Suitable,dodgerblue,YES,244.820174,2614.729168,6.83508099999972
394000,4208000,CB5MH_MD,31.16798,1e+06,11.13,43,394000 4208000,9.5,Suitable,dodgerblue,YES,244.820174,2614.729168,6.83508099999972
394000,4208000,CB5MH_MD,67.25722,1e+06,10.62,41.9,394000 4208000,20.5,Suitable,dodgerblue,YES,244.820174,2614.729168,6.83508099999972
394000,4208000,CB5MH_MD,4.92126,1e+06,11.48,42.7,394000 4208000,1.5,Suitable,dodgerblue,YES,244.820174,2614.729168,6.83508099999972
394000,4208000,CB5MH_MD,60.69554,1e+06,10.7,42.7,394000 4208000,18.5,Suitable,dodgerblue,YES,244.820174,2614.729168,6.83508099999972
394000,4208000,CB5MH_MD,77.09974,1e+06,10.47,40.6,394000 4208000,23.5,Suitable,dodgerblue,YES,244.820174,2614.729168,6.83508099999972
394000,4208000,CB5MH_MD,24.6063,1e+06,11.18,42.9,394000 4208000,7.5,Suitable,dodgerblue,YES,244.820174,2614.729168,6.83508099999972
394000,4208000,CB5MH_MD,27.88714,1e+06,11.16,43,394000 4208000,8.5,Suitable,dodgerblue,YES,244.820174,2614.729168,6.83508099999972
394000,4208000,CB5MH_MD,80.38058,1e+06,10.43,40.5,394000 4208000,24.5,Suitable,dodgerblue,YES,244.820174,2614.729168,6.83508099999972
394000,4208000,CB5MH_MD,21.32546,1e+06,11.27,42.8,394000 4208000,6.5,Suitable,dodgerblue,YES,244.820174,2614.729168,6.83508099999972
394000,4208000,CB5MH_MD,1.64042,1e+06,11.48,42.7,394000 4208000,0.5,Suitable,dodgerblue,YES,244.820174,2614.729168,6.83508099999972
394000,4216000,CB5MH_MD,21.32546,1e+06,11.33,42.5,394000 4216000,6.5,Suitable,dodgerblue,YES,244.820174,2619.700136,11.8060489999998
394000,4216000,CB5MH_MD,67.25722,1e+06,10.62,41.9,394000 4216000,20.5,Suitable,dodgerblue,YES,244.820174,2619.700136,11.8060489999998
394000,4216000,CB5MH_MD,24.6063,1e+06,11.16,42.7,394000 4216000,7.5,Suitable,dodgerblue,YES,244.820174,2619.700136,11.8060489999998
394000,4216000,CB5MH_MD,60.69554,1e+06,10.7,42.7,394000 4216000,18.5,Suitable,dodgerblue,YES,244.820174,2619.700136,11.8060489999998
394000,4216000,CB5MH_MD,14.76378,1e+06,11.56,42.3,394000 4216000,4.5,Suitable,dodgerblue,YES,244.820174,2619.700136,11.8060489999998
394000,4216000,CB5MH_MD,54.13386,1e+06,10.71,42.9,394000 4216000,16.5,Suitable,dodgerblue,YES,244.820174,2619.700136,11.8060489999998
394000,4216000,CB5MH_MD,18.04462,1e+06,11.51,42.3,394000 4216000,5.5,Suitable,dodgerblue,YES,244.820174,2619.700136,11.8060489999998
394000,4216000,CB5MH_MD,1.64042,1e+06,11.64,42.3,394000 4216000,0.5,Suitable,dodgerblue,YES,244.820174,2619.700136,11.8060489999998
394000,4216000,CB5MH_MD,44.29134,1e+06,10.77,43,394000 4216000,13.5,Suitable,dodgerblue,YES,244.820174,2619.700136,11.8060489999998
394000,4216000,CB5MH_MD,47.57218,1e+06,10.77,43,394000 4216000,14.5,Suitable,dodgerblue,YES,244.820174,2619.700136,11.8060489999998
394000,4216000,CB5MH_MD,63.97638,1e+06,10.68,42.4,394000 4216000,19.5,Suitable,dodgerblue,YES,244.820174,2619.700136,11.8060489999998
394000,4216000,CB5MH_MD,11.48294,1e+06,11.6,42.3,394000 4216000,3.5,Suitable,dodgerblue,YES,244.820174,2619.700136,11.8060489999998
394000,4216000,CB5MH_MD,34.44882,1e+06,10.94,42.9,394000 4216000,10.5,Suitable,dodgerblue,YES,244.820174,2619.700136,11.8060489999998
394000,4216000,CB5MH_MD,37.72966,1e+06,10.84,43,394000 4216000,11.5,Suitable,dodgerblue,YES,244.820174,2619.700136,11.8060489999998
394000,4216000,CB5MH_MD,70.53806,1e+06,10.6,41.7,394000 4216000,21.5,Suitable,dodgerblue,YES,244.820174,2619.700136,11.8060489999998
394000,4216000,CB5MH_MD,31.16798,1e+06,11.07,42.9,394000 4216000,9.5,Suitable,dodgerblue,YES,244.820174,2619.700136,11.8060489999998
394000,4216000,CB5MH_MD,57.4147,1e+06,10.7,42.8,394000 4216000,17.5,Suitable,dodgerblue,YES,244.820174,2619.700136,11.8060489999998
394000,4216000,CB5MH_MD,27.88714,1e+06,11.11,42.8,394000 4216000,8.5,Suitable,dodgerblue,YES,244.820174,2619.700136,11.8060489999998
394000,4216000,CB5MH_MD,50.85302,1e+06,10.75,43,394000 4216000,15.5,Suitable,dodgerblue,YES,244.820174,2619.700136,11.8060489999998
394000,4216000,CB5MH_MD,41.0105,1e+06,10.79,43,394000 4216000,12.5,Suitable,dodgerblue,YES,244.820174,2619.700136,11.8060489999998
394000,4216000,CB5MH_MD,8.2021,1e+06,11.64,42.3,394000 4216000,2.5,Suitable,dodgerblue,YES,244.820174,2619.700136,11.8060489999998
394000,4216000,CB5MH_MD,4.92126,1e+06,11.64,42.3,394000 4216000,1.5,Suitable,dodgerblue,YES,244.820174,2619.700136,11.8060489999998
394000,4217000,CB5MH_MD,24.6063,1e+06,11.16,42.7,394000 4217000,7.5,Suitable,dodgerblue,YES,244.820174,2620.321507,12.42742
394000,4217000,CB5MH_MD,34.44882,1e+06,10.93,42.9,394000 4217000,10.5,Suitable,dodgerblue,YES,244.820174,2620.321507,12.42742
394000,4217000,CB5MH_MD,70.53806,1e+06,10.6,41.7,394000 4217000,21.5,Suitable,dodgerblue,YES,244.820174,2620.321507,12.42742
394000,4217000,CB5MH_MD,18.04462,1e+06,11.52,42.3,394000 4217000,5.5,Suitable,dodgerblue,YES,244.820174,2620.321507,12.42742
394000,4217000,CB5MH_MD,4.92126,1e+06,11.66,42.2,394000 4217000,1.5,Suitable,dodgerblue,YES,244.820174,2620.321507,12.42742
394000,4217000,CB5MH_MD,57.4147,1e+06,10.7,42.8,394000 4217000,17.5,Suitable,dodgerblue,YES,244.820174,2620.321507,12.42742
394000,4217000,CB5MH_MD,41.0105,1e+06,10.77,43,394000 4217000,12.5,Suitable,dodgerblue,YES,244.820174,2620.321507,12.42742
394000,4217000,CB5MH_MD,11.48294,1e+06,11.61,42.2,394000 4217000,3.5,Suitable,dodgerblue,YES,244.820174,2620.321507,12.42742
394000,4217000,CB5MH_MD,31.16798,1e+06,11.07,42.8,394000 4217000,9.5,Suitable,dodgerblue,YES,244.820174,2620.321507,12.42742
394000,4217000,CB5MH_MD,27.88714,1e+06,11.11,42.8,394000 4217000,8.5,Suitable,dodgerblue,YES,244.820174,2620.321507,12.42742
394000,4217000,CB5MH_MD,44.29134,1e+06,10.75,43,394000 4217000,13.5,Suitable,dodgerblue,YES,244.820174,2620.321507,12.42742
394000,4217000,CB5MH_MD,21.32546,1e+06,11.33,42.5,394000 4217000,6.5,Suitable,dodgerblue,YES,244.820174,2620.321507,12.42742
394000,4217000,CB5MH_MD,8.2021,1e+06,11.66,42.2,394000 4217000,2.5,Suitable,dodgerblue,YES,244.820174,2620.321507,12.42742
394000,4217000,CB5MH_MD,50.85302,1e+06,10.74,43,394000 4217000,15.5,Suitable,dodgerblue,YES,244.820174,2620.321507,12.42742
394000,4217000,CB5MH_MD,67.25722,1e+06,10.62,41.9,394000 4217000,20.5,Suitable,dodgerblue,YES,244.820174,2620.321507,12.42742
394000,4217000,CB5MH_MD,60.69554,1e+06,10.7,42.7,394000 4217000,18.5,Suitable,dodgerblue,YES,244.820174,2620.321507,12.42742
394000,4217000,CB5MH_MD,37.72966,1e+06,10.82,43,394000 4217000,11.5,Suitable,dodgerblue,YES,244.820174,2620.321507,12.42742
394000,4217000,CB5MH_MD,14.76378,1e+06,11.57,42.2,394000 4217000,4.5,Suitable,dodgerblue,YES,244.820174,2620.321507,12.42742
394000,4217000,CB5MH_MD,1.64042,1e+06,11.66,42.2,394000 4217000,0.5,Suitable,dodgerblue,YES,244.820174,2620.321507,12.42742
394000,4217000,CB5MH_MD,47.57218,1e+06,10.75,43,394000 4217000,14.5,Suitable,dodgerblue,YES,244.820174,2620.321507,12.42742
394000,4217000,CB5MH_MD,54.13386,1e+06,10.71,42.9,394000 4217000,16.5,Suitable,dodgerblue,YES,244.820174,2620.321507,12.42742
394000,4217000,CB5MH_MD,63.97638,1e+06,10.68,42.4,394000 4217000,19.5,Suitable,dodgerblue,YES,244.820174,2620.321507,12.42742
394000,4348000,CB2OH,1.64042,1e+06,11.38,45.5,394000 4348000,0.5,Suitable,dodgerblue,YES,244.820174,2701.721108,93.8270210000001
394000,4348000,CB2OH,11.48294,1e+06,10.93,45,394000 4348000,3.5,Suitable,dodgerblue,YES,244.820174,2701.721108,93.8270210000001
394000,4348000,CB2OH,8.2021,1e+06,11.19,45.4,394000 4348000,2.5,Suitable,dodgerblue,YES,244.820174,2701.721108,93.8270210000001
394000,4348000,CB2OH,18.04462,1e+06,10.04,44.1,394000 4348000,5.5,Suitable,dodgerblue,YES,244.820174,2701.721108,93.8270210000001
394000,4348000,CB2OH,4.92126,1e+06,11.33,45.5,394000 4348000,1.5,Suitable,dodgerblue,YES,244.820174,2701.721108,93.8270210000001
394000,4348000,CB2OH,21.32546,1e+06,9.85,43.7,394000 4348000,6.5,Suitable,dodgerblue,YES,244.820174,2701.721108,93.8270210000001
394000,4348000,CB2OH,14.76378,1e+06,10.46,44.7,394000 4348000,4.5,Suitable,dodgerblue,YES,244.820174,2701.721108,93.8270210000001
394000,4349000,CB2OH,4.92126,1e+06,11.3,45.5,394000 4349000,1.5,Suitable,dodgerblue,YES,244.820174,2702.342479,94.4483919999998
394000,4349000,CB2OH,1.64042,1e+06,11.29,45.7,394000 4349000,0.5,Suitable,dodgerblue,YES,244.820174,2702.342479,94.4483919999998
394000,4349000,CB2OH,18.04462,1e+06,10.16,44.2,394000 4349000,5.5,Suitable,dodgerblue,YES,244.820174,2702.342479,94.4483919999998
394000,4349000,CB2OH,27.88714,1e+06,9.69,42.8,394000 4349000,8.5,Suitable,dodgerblue,YES,244.820174,2702.342479,94.4483919999998
394000,4349000,CB2OH,24.6063,1e+06,9.82,43.3,394000 4349000,7.5,Suitable,dodgerblue,YES,244.820174,2702.342479,94.4483919999998
394000,4349000,CB2OH,14.76378,1e+06,10.55,44.7,394000 4349000,4.5,Suitable,dodgerblue,YES,244.820174,2702.342479,94.4483919999998
394000,4349000,CB2OH,11.48294,1e+06,10.97,45,394000 4349000,3.5,Suitable,dodgerblue,YES,244.820174,2702.342479,94.4483919999998
394000,4349000,CB2OH,21.32546,1e+06,9.95,43.8,394000 4349000,6.5,Suitable,dodgerblue,YES,244.820174,2702.342479,94.4483919999998
394000,4349000,CB2OH,8.2021,1e+06,11.18,45.5,394000 4349000,2.5,Suitable,dodgerblue,YES,244.820174,2702.342479,94.4483919999998
394000,4350000,CB2OH,14.76378,1e+06,10.62,44.7,394000 4350000,4.5,Suitable,dodgerblue,YES,244.820174,2702.96385,95.069763
394000,4350000,CB2OH,4.92126,1e+06,11.2,45.9,394000 4350000,1.5,Suitable,dodgerblue,YES,244.820174,2702.96385,95.069763
394000,4350000,CB2OH,8.2021,1e+06,11.08,45.8,394000 4350000,2.5,Suitable,dodgerblue,YES,244.820174,2702.96385,95.069763
394000,4350000,CB2OH,18.04462,1e+06,10.28,44.3,394000 4350000,5.5,Suitable,dodgerblue,YES,244.820174,2702.96385,95.069763
394000,4350000,CB2OH,11.48294,1e+06,10.99,45,394000 4350000,3.5,Suitable,dodgerblue,YES,244.820174,2702.96385,95.069763
394000,4350000,CB2OH,1.64042,1e+06,11.24,45.8,394000 4350000,0.5,Suitable,dodgerblue,YES,244.820174,2702.96385,95.069763
394000,4350000,CB2OH,21.32546,1e+06,10.07,43.9,394000 4350000,6.5,Suitable,dodgerblue,YES,244.820174,2702.96385,95.069763
395000,4204000,CB5MH_MD,4.92126,1e+06,11.45,42.8,395000 4204000,1.5,Suitable,dodgerblue,YES,245.441545,2612.243684,4.3495969999999
395000,4204000,CB5MH_MD,14.76378,1e+06,11.42,42.8,395000 4204000,4.5,Suitable,dodgerblue,YES,245.441545,2612.243684,4.3495969999999
395000,4204000,CB5MH_MD,11.48294,1e+06,11.44,42.8,395000 4204000,3.5,Suitable,dodgerblue,YES,245.441545,2612.243684,4.3495969999999
395000,4204000,CB5MH_MD,47.57218,1e+06,11.01,43.1,395000 4204000,14.5,Suitable,dodgerblue,YES,245.441545,2612.243684,4.3495969999999
395000,4204000,CB5MH_MD,44.29134,1e+06,11.01,43.1,395000 4204000,13.5,Suitable,dodgerblue,YES,245.441545,2612.243684,4.3495969999999
395000,4204000,CB5MH_MD,18.04462,1e+06,11.37,42.8,395000 4204000,5.5,Suitable,dodgerblue,YES,245.441545,2612.243684,4.3495969999999
395000,4204000,CB5MH_MD,54.13386,1e+06,10.76,42.6,395000 4204000,16.5,Suitable,dodgerblue,YES,245.441545,2612.243684,4.3495969999999
395000,4204000,CB5MH_MD,50.85302,1e+06,10.91,42.9,395000 4204000,15.5,Suitable,dodgerblue,YES,245.441545,2612.243684,4.3495969999999
395000,4204000,CB5MH_MD,21.32546,1e+06,11.26,42.9,395000 4204000,6.5,Suitable,dodgerblue,YES,245.441545,2612.243684,4.3495969999999
395000,4204000,CB5MH_MD,31.16798,1e+06,11.14,43,395000 4204000,9.5,Suitable,dodgerblue,YES,245.441545,2612.243684,4.3495969999999
395000,4204000,CB5MH_MD,1.64042,1e+06,11.45,42.8,395000 4204000,0.5,Suitable,dodgerblue,YES,245.441545,2612.243684,4.3495969999999
395000,4204000,CB5MH_MD,34.44882,1e+06,11.08,43.1,395000 4204000,10.5,Suitable,dodgerblue,YES,245.441545,2612.243684,4.3495969999999
395000,4204000,CB5MH_MD,41.0105,1e+06,11.01,43.1,395000 4204000,12.5,Suitable,dodgerblue,YES,245.441545,2612.243684,4.3495969999999
395000,4204000,CB5MH_MD,37.72966,1e+06,11.04,43.1,395000 4204000,11.5,Suitable,dodgerblue,YES,245.441545,2612.243684,4.3495969999999
395000,4204000,CB5MH_MD,8.2021,1e+06,11.45,42.8,395000 4204000,2.5,Suitable,dodgerblue,YES,245.441545,2612.243684,4.3495969999999
395000,4204000,CB5MH_MD,24.6063,1e+06,11.18,43,395000 4204000,7.5,Suitable,dodgerblue,YES,245.441545,2612.243684,4.3495969999999
395000,4204000,CB5MH_MD,27.88714,1e+06,11.16,43,395000 4204000,8.5,Suitable,dodgerblue,YES,245.441545,2612.243684,4.3495969999999
395000,4205000,CB5MH_MD,47.57218,1e+06,11,43.1,395000 4205000,14.5,Suitable,dodgerblue,YES,245.441545,2612.865055,4.97096800000008
395000,4205000,CB5MH_MD,44.29134,1e+06,11,43.1,395000 4205000,13.5,Suitable,dodgerblue,YES,245.441545,2612.865055,4.97096800000008
395000,4205000,CB5MH_MD,8.2021,1e+06,11.46,42.8,395000 4205000,2.5,Suitable,dodgerblue,YES,245.441545,2612.865055,4.97096800000008
395000,4205000,CB5MH_MD,37.72966,1e+06,11.03,43.1,395000 4205000,11.5,Suitable,dodgerblue,YES,245.441545,2612.865055,4.97096800000008
395000,4205000,CB5MH_MD,27.88714,1e+06,11.16,43,395000 4205000,8.5,Suitable,dodgerblue,YES,245.441545,2612.865055,4.97096800000008
395000,4205000,CB5MH_MD,80.38058,1e+06,10.43,40.5,395000 4205000,24.5,Suitable,dodgerblue,YES,245.441545,2612.865055,4.97096800000008
395000,4205000,CB5MH_MD,4.92126,1e+06,11.46,42.8,395000 4205000,1.5,Suitable,dodgerblue,YES,245.441545,2612.865055,4.97096800000008
395000,4205000,CB5MH_MD,1.64042,1e+06,11.46,42.8,395000 4205000,0.5,Suitable,dodgerblue,YES,245.441545,2612.865055,4.97096800000008
395000,4205000,CB5MH_MD,83.66142,1e+06,10.35,40.2,395000 4205000,25.5,Suitable,dodgerblue,YES,245.441545,2612.865055,4.97096800000008
395000,4205000,CB5MH_MD,57.4147,1e+06,10.7,42.5,395000 4205000,17.5,Suitable,dodgerblue,YES,245.441545,2612.865055,4.97096800000008
395000,4205000,CB5MH_MD,41.0105,1e+06,11.01,43.1,395000 4205000,12.5,Suitable,dodgerblue,YES,245.441545,2612.865055,4.97096800000008
395000,4205000,CB5MH_MD,73.8189,1e+06,10.55,41.2,395000 4205000,22.5,Suitable,dodgerblue,YES,245.441545,2612.865055,4.97096800000008
395000,4205000,CB5MH_MD,11.48294,1e+06,11.44,42.8,395000 4205000,3.5,Suitable,dodgerblue,YES,245.441545,2612.865055,4.97096800000008
395000,4205000,CB5MH_MD,31.16798,1e+06,11.14,43,395000 4205000,9.5,Suitable,dodgerblue,YES,245.441545,2612.865055,4.97096800000008
395000,4205000,CB5MH_MD,24.6063,1e+06,11.18,43,395000 4205000,7.5,Suitable,dodgerblue,YES,245.441545,2612.865055,4.97096800000008
395000,4205000,CB5MH_MD,14.76378,1e+06,11.42,42.8,395000 4205000,4.5,Suitable,dodgerblue,YES,245.441545,2612.865055,4.97096800000008
395000,4205000,CB5MH_MD,67.25722,1e+06,10.62,41.9,395000 4205000,20.5,Suitable,dodgerblue,YES,245.441545,2612.865055,4.97096800000008
395000,4205000,CB5MH_MD,50.85302,1e+06,10.91,42.9,395000 4205000,15.5,Suitable,dodgerblue,YES,245.441545,2612.865055,4.97096800000008
395000,4205000,CB5MH_MD,77.09974,1e+06,10.47,40.6,395000 4205000,23.5,Suitable,dodgerblue,YES,245.441545,2612.865055,4.97096800000008
395000,4205000,CB5MH_MD,21.32546,1e+06,11.26,42.9,395000 4205000,6.5,Suitable,dodgerblue,YES,245.441545,2612.865055,4.97096800000008
395000,4205000,CB5MH_MD,70.53806,1e+06,10.6,41.7,395000 4205000,21.5,Suitable,dodgerblue,YES,245.441545,2612.865055,4.97096800000008
395000,4205000,CB5MH_MD,54.13386,1e+06,10.76,42.6,395000 4205000,16.5,Suitable,dodgerblue,YES,245.441545,2612.865055,4.97096800000008
395000,4205000,CB5MH_MD,34.44882,1e+06,11.08,43.1,395000 4205000,10.5,Suitable,dodgerblue,YES,245.441545,2612.865055,4.97096800000008
395000,4205000,CB5MH_MD,63.97638,1e+06,10.68,42.4,395000 4205000,19.5,Suitable,dodgerblue,YES,245.441545,2612.865055,4.97096800000008
395000,4205000,CB5MH_MD,18.04462,1e+06,11.37,42.8,395000 4205000,5.5,Suitable,dodgerblue,YES,245.441545,2612.865055,4.97096800000008
395000,4205000,CB5MH_MD,60.69554,1e+06,10.7,42.7,395000 4205000,18.5,Suitable,dodgerblue,YES,245.441545,2612.865055,4.97096800000008
395000,4206000,CB5MH_MD,57.4147,1e+06,10.7,42.6,395000 4206000,17.5,Suitable,dodgerblue,YES,245.441545,2613.486426,5.59233899999981
395000,4206000,CB5MH_MD,34.44882,1e+06,11.07,43.1,395000 4206000,10.5,Suitable,dodgerblue,YES,245.441545,2613.486426,5.59233899999981
395000,4206000,CB5MH_MD,47.57218,1e+06,10.99,43.1,395000 4206000,14.5,Suitable,dodgerblue,YES,245.441545,2613.486426,5.59233899999981
395000,4206000,CB5MH_MD,60.69554,1e+06,10.7,42.7,395000 4206000,18.5,Suitable,dodgerblue,YES,245.441545,2613.486426,5.59233899999981
395000,4206000,CB5MH_MD,50.85302,1e+06,10.9,42.9,395000 4206000,15.5,Suitable,dodgerblue,YES,245.441545,2613.486426,5.59233899999981
395000,4206000,CB5MH_MD,21.32546,1e+06,11.26,42.9,395000 4206000,6.5,Suitable,dodgerblue,YES,245.441545,2613.486426,5.59233899999981
395000,4206000,CB5MH_MD,37.72966,1e+06,11.02,43.1,395000 4206000,11.5,Suitable,dodgerblue,YES,245.441545,2613.486426,5.59233899999981
395000,4206000,CB5MH_MD,41.0105,1e+06,11,43.1,395000 4206000,12.5,Suitable,dodgerblue,YES,245.441545,2613.486426,5.59233899999981
395000,4206000,CB5MH_MD,8.2021,1e+06,11.47,42.7,395000 4206000,2.5,Suitable,dodgerblue,YES,245.441545,2613.486426,5.59233899999981
395000,4206000,CB5MH_MD,54.13386,1e+06,10.76,42.7,395000 4206000,16.5,Suitable,dodgerblue,YES,245.441545,2613.486426,5.59233899999981
395000,4206000,CB5MH_MD,31.16798,1e+06,11.14,43,395000 4206000,9.5,Suitable,dodgerblue,YES,245.441545,2613.486426,5.59233899999981
395000,4206000,CB5MH_MD,18.04462,1e+06,11.38,42.8,395000 4206000,5.5,Suitable,dodgerblue,YES,245.441545,2613.486426,5.59233899999981
395000,4206000,CB5MH_MD,24.6063,1e+06,11.18,42.9,395000 4206000,7.5,Suitable,dodgerblue,YES,245.441545,2613.486426,5.59233899999981
395000,4206000,CB5MH_MD,63.97638,1e+06,10.68,42.4,395000 4206000,19.5,Suitable,dodgerblue,YES,245.441545,2613.486426,5.59233899999981
395000,4206000,CB5MH_MD,11.48294,1e+06,11.45,42.7,395000 4206000,3.5,Suitable,dodgerblue,YES,245.441545,2613.486426,5.59233899999981
395000,4206000,CB5MH_MD,27.88714,1e+06,11.16,43,395000 4206000,8.5,Suitable,dodgerblue,YES,245.441545,2613.486426,5.59233899999981
395000,4206000,CB5MH_MD,44.29134,1e+06,10.99,43.1,395000 4206000,13.5,Suitable,dodgerblue,YES,245.441545,2613.486426,5.59233899999981
395000,4206000,CB5MH_MD,1.64042,1e+06,11.47,42.7,395000 4206000,0.5,Suitable,dodgerblue,YES,245.441545,2613.486426,5.59233899999981
395000,4206000,CB5MH_MD,4.92126,1e+06,11.47,42.7,395000 4206000,1.5,Suitable,dodgerblue,YES,245.441545,2613.486426,5.59233899999981
395000,4206000,CB5MH_MD,14.76378,1e+06,11.43,42.7,395000 4206000,4.5,Suitable,dodgerblue,YES,245.441545,2613.486426,5.59233899999981
395000,4352000,CB2OH,4.92126,1e+06,11.11,45.9,395000 4352000,1.5,Suitable,dodgerblue,YES,245.441545,2704.206592,96.3125049999999
395000,4352000,CB2OH,24.6063,1e+06,10.37,44.2,395000 4352000,7.5,Suitable,dodgerblue,YES,245.441545,2704.206592,96.3125049999999
395000,4352000,CB2OH,21.32546,1e+06,10.46,44.4,395000 4352000,6.5,Suitable,dodgerblue,YES,245.441545,2704.206592,96.3125049999999
395000,4352000,CB2OH,11.48294,1e+06,11.06,45,395000 4352000,3.5,Suitable,dodgerblue,YES,245.441545,2704.206592,96.3125049999999
395000,4352000,CB2OH,14.76378,1e+06,10.83,44.9,395000 4352000,4.5,Suitable,dodgerblue,YES,245.441545,2704.206592,96.3125049999999
395000,4352000,CB2OH,18.04462,1e+06,10.61,44.6,395000 4352000,5.5,Suitable,dodgerblue,YES,245.441545,2704.206592,96.3125049999999
395000,4352000,CB2OH,1.64042,1e+06,11.13,45.9,395000 4352000,0.5,Suitable,dodgerblue,YES,245.441545,2704.206592,96.3125049999999
395000,4352000,CB2OH,8.2021,1e+06,11.02,45.8,395000 4352000,2.5,Suitable,dodgerblue,YES,245.441545,2704.206592,96.3125049999999
396000,4199000,CB5MH_MD,24.6063,1e+06,11.18,43,396000 4199000,7.5,Suitable,dodgerblue,YES,246.062916,2609.136829,1.24274199999991
396000,4199000,CB5MH_MD,77.09974,1e+06,10.47,40.6,396000 4199000,23.5,Suitable,dodgerblue,YES,246.062916,2609.136829,1.24274199999991
396000,4199000,CB5MH_MD,21.32546,1e+06,11.25,42.9,396000 4199000,6.5,Suitable,dodgerblue,YES,246.062916,2609.136829,1.24274199999991
396000,4199000,CB5MH_MD,1.64042,1e+06,11.45,42.8,396000 4199000,0.5,Suitable,dodgerblue,YES,246.062916,2609.136829,1.24274199999991
396000,4199000,CB5MH_MD,80.38058,1e+06,10.43,40.5,396000 4199000,24.5,Suitable,dodgerblue,YES,246.062916,2609.136829,1.24274199999991
396000,4199000,CB5MH_MD,11.48294,1e+06,11.43,42.8,396000 4199000,3.5,Suitable,dodgerblue,YES,246.062916,2609.136829,1.24274199999991
396000,4199000,CB5MH_MD,34.44882,1e+06,11.09,43.1,396000 4199000,10.5,Suitable,dodgerblue,YES,246.062916,2609.136829,1.24274199999991
396000,4199000,CB5MH_MD,18.04462,1e+06,11.36,42.8,396000 4199000,5.5,Suitable,dodgerblue,YES,246.062916,2609.136829,1.24274199999991
396000,4199000,CB5MH_MD,8.2021,1e+06,11.45,42.8,396000 4199000,2.5,Suitable,dodgerblue,YES,246.062916,2609.136829,1.24274199999991
396000,4199000,CB5MH_MD,57.4147,1e+06,10.7,42.5,396000 4199000,17.5,Suitable,dodgerblue,YES,246.062916,2609.136829,1.24274199999991
396000,4199000,CB5MH_MD,37.72966,1e+06,11.05,43.1,396000 4199000,11.5,Suitable,dodgerblue,YES,246.062916,2609.136829,1.24274199999991
396000,4199000,CB5MH_MD,73.8189,1e+06,10.55,41.2,396000 4199000,22.5,Suitable,dodgerblue,YES,246.062916,2609.136829,1.24274199999991
396000,4199000,CB5MH_MD,14.76378,1e+06,11.41,42.8,396000 4199000,4.5,Suitable,dodgerblue,YES,246.062916,2609.136829,1.24274199999991
396000,4199000,CB5MH_MD,4.92126,1e+06,11.45,42.8,396000 4199000,1.5,Suitable,dodgerblue,YES,246.062916,2609.136829,1.24274199999991
396000,4199000,CB5MH_MD,60.69554,1e+06,10.7,42.7,396000 4199000,18.5,Suitable,dodgerblue,YES,246.062916,2609.136829,1.24274199999991
396000,4199000,CB5MH_MD,47.57218,1e+06,11.02,43.1,396000 4199000,14.5,Suitable,dodgerblue,YES,246.062916,2609.136829,1.24274199999991
396000,4199000,CB5MH_MD,70.53806,1e+06,10.6,41.7,396000 4199000,21.5,Suitable,dodgerblue,YES,246.062916,2609.136829,1.24274199999991
396000,4199000,CB5MH_MD,67.25722,1e+06,10.62,41.9,396000 4199000,20.5,Suitable,dodgerblue,YES,246.062916,2609.136829,1.24274199999991
396000,4199000,CB5MH_MD,63.97638,1e+06,10.68,42.4,396000 4199000,19.5,Suitable,dodgerblue,YES,246.062916,2609.136829,1.24274199999991
396000,4199000,CB5MH_MD,50.85302,1e+06,10.92,42.9,396000 4199000,15.5,Suitable,dodgerblue,YES,246.062916,2609.136829,1.24274199999991
396000,4199000,CB5MH_MD,31.16798,1e+06,11.15,43.1,396000 4199000,9.5,Suitable,dodgerblue,YES,246.062916,2609.136829,1.24274199999991
396000,4199000,CB5MH_MD,44.29134,1e+06,11.02,43.1,396000 4199000,13.5,Suitable,dodgerblue,YES,246.062916,2609.136829,1.24274199999991
396000,4199000,CB5MH_MD,41.0105,1e+06,11.02,43.1,396000 4199000,12.5,Suitable,dodgerblue,YES,246.062916,2609.136829,1.24274199999991
396000,4199000,CB5MH_MD,54.13386,1e+06,10.76,42.6,396000 4199000,16.5,Suitable,dodgerblue,YES,246.062916,2609.136829,1.24274199999991
396000,4199000,CB5MH_MD,27.88714,1e+06,11.16,43,396000 4199000,8.5,Suitable,dodgerblue,YES,246.062916,2609.136829,1.24274199999991
396000,4354000,CB2OH,11.48294,1e+06,11.1,45.1,396000 4354000,3.5,Suitable,dodgerblue,YES,246.062916,2705.449334,97.5552469999998
396000,4354000,CB2OH,4.92126,1e+06,11.08,45.7,396000 4354000,1.5,Suitable,dodgerblue,YES,246.062916,2705.449334,97.5552469999998
396000,4354000,CB2OH,8.2021,1e+06,11.03,45.6,396000 4354000,2.5,Suitable,dodgerblue,YES,246.062916,2705.449334,97.5552469999998
396000,4354000,CB2OH,31.16798,1e+06,10.6,44.6,396000 4354000,9.5,Suitable,dodgerblue,YES,246.062916,2705.449334,97.5552469999998
396000,4354000,CB2OH,34.44882,1e+06,9.32,41.5,396000 4354000,10.5,Suitable,dodgerblue,YES,246.062916,2705.449334,97.5552469999998
396000,4354000,CB2OH,24.6063,1e+06,10.72,44.8,396000 4354000,7.5,Suitable,dodgerblue,YES,246.062916,2705.449334,97.5552469999998
396000,4354000,CB2OH,27.88714,1e+06,10.66,44.7,396000 4354000,8.5,Suitable,dodgerblue,YES,246.062916,2705.449334,97.5552469999998
396000,4354000,CB2OH,1.64042,1e+06,11.11,45.7,396000 4354000,0.5,Suitable,dodgerblue,YES,246.062916,2705.449334,97.5552469999998
396000,4354000,CB2OH,18.04462,1e+06,10.88,44.9,396000 4354000,5.5,Suitable,dodgerblue,YES,246.062916,2705.449334,97.5552469999998
396000,4354000,CB2OH,21.32546,1e+06,10.78,44.9,396000 4354000,6.5,Suitable,dodgerblue,YES,246.062916,2705.449334,97.5552469999998
396000,4354000,CB2OH,14.76378,1e+06,10.99,45,396000 4354000,4.5,Suitable,dodgerblue,YES,246.062916,2705.449334,97.5552469999998
397000,4197000,CB5MH_MD,8.2021,1e+06,10.92,44.6,397000 4197000,2.5,Suitable,dodgerblue,YES,246.684287,2607.894087,0
397000,4197000,CB5MH_MD,4.92126,1e+06,10.92,44.6,397000 4197000,1.5,Suitable,dodgerblue,YES,246.684287,2607.894087,0
397000,4197000,CB5MH_MD,31.16798,1e+06,10.85,44.4,397000 4197000,9.5,Suitable,dodgerblue,YES,246.684287,2607.894087,0
397000,4197000,CB5MH_MD,60.69554,1e+06,10.24,45.9,397000 4197000,18.5,Suitable,dodgerblue,YES,246.684287,2607.894087,0
397000,4197000,CB5MH_MD,34.44882,1e+06,10.84,44.4,397000 4197000,10.5,Suitable,dodgerblue,YES,246.684287,2607.894087,0
397000,4197000,CB5MH_MD,77.09974,1e+06,10.23,45.9,397000 4197000,23.5,Suitable,dodgerblue,YES,246.684287,2607.894087,0
397000,4197000,CB5MH_MD,27.88714,1e+06,10.85,44.4,397000 4197000,8.5,Suitable,dodgerblue,YES,246.684287,2607.894087,0
397000,4197000,CB5MH_MD,70.53806,1e+06,10.23,45.9,397000 4197000,21.5,Suitable,dodgerblue,YES,246.684287,2607.894087,0
397000,4197000,CB5MH_MD,18.04462,1e+06,10.89,44.4,397000 4197000,5.5,Suitable,dodgerblue,YES,246.684287,2607.894087,0
397000,4197000,CB5MH_MD,80.38058,1e+06,10.23,45.9,397000 4197000,24.5,Suitable,dodgerblue,YES,246.684287,2607.894087,0
397000,4197000,CB5MH_MD,73.8189,1e+06,10.23,45.9,397000 4197000,22.5,Suitable,dodgerblue,YES,246.684287,2607.894087,0
397000,4197000,CB5MH_MD,11.48294,1e+06,10.92,44.5,397000 4197000,3.5,Suitable,dodgerblue,YES,246.684287,2607.894087,0
397000,4197000,CB5MH_MD,21.32546,1e+06,10.85,44.4,397000 4197000,6.5,Suitable,dodgerblue,YES,246.684287,2607.894087,0
397000,4197000,CB5MH_MD,37.72966,1e+06,10.84,44.4,397000 4197000,11.5,Suitable,dodgerblue,YES,246.684287,2607.894087,0
397000,4197000,CB5MH_MD,41.0105,1e+06,10.83,44.4,397000 4197000,12.5,Suitable,dodgerblue,YES,246.684287,2607.894087,0
397000,4197000,CB5MH_MD,63.97638,1e+06,10.24,45.9,397000 4197000,19.5,Suitable,dodgerblue,YES,246.684287,2607.894087,0
397000,4197000,CB5MH_MD,50.85302,1e+06,10.73,44.1,397000 4197000,15.5,Suitable,dodgerblue,YES,246.684287,2607.894087,0
397000,4197000,CB5MH_MD,24.6063,1e+06,10.85,44.4,397000 4197000,7.5,Suitable,dodgerblue,YES,246.684287,2607.894087,0
397000,4197000,CB5MH_MD,1.64042,1e+06,10.92,44.6,397000 4197000,0.5,Suitable,dodgerblue,YES,246.684287,2607.894087,0
397000,4197000,CB5MH_MD,54.13386,1e+06,10.58,43.8,397000 4197000,16.5,Suitable,dodgerblue,YES,246.684287,2607.894087,0
397000,4197000,CB5MH_MD,67.25722,1e+06,10.23,45.9,397000 4197000,20.5,Suitable,dodgerblue,YES,246.684287,2607.894087,0
397000,4197000,CB5MH_MD,44.29134,1e+06,10.83,44.3,397000 4197000,13.5,Suitable,dodgerblue,YES,246.684287,2607.894087,0
397000,4197000,CB5MH_MD,57.4147,1e+06,10.51,43.8,397000 4197000,17.5,Suitable,dodgerblue,YES,246.684287,2607.894087,0
397000,4197000,CB5MH_MD,14.76378,1e+06,10.92,44.4,397000 4197000,4.5,Suitable,dodgerblue,YES,246.684287,2607.894087,0
397000,4197000,CB5MH_MD,47.57218,1e+06,10.82,44.3,397000 4197000,14.5,Suitable,dodgerblue,YES,246.684287,2607.894087,0
397000,4198000,CB5MH_MD,50.85302,1e+06,10.74,43.7,397000 4198000,15.5,Suitable,dodgerblue,YES,246.684287,2608.515458,0.621370999999726
397000,4198000,CB5MH_MD,47.57218,1e+06,10.81,43.9,397000 4198000,14.5,Suitable,dodgerblue,YES,246.684287,2608.515458,0.621370999999726
397000,4198000,CB5MH_MD,54.13386,1e+06,10.62,43.5,397000 4198000,16.5,Suitable,dodgerblue,YES,246.684287,2608.515458,0.621370999999726
397000,4198000,CB5MH_MD,1.64042,1e+06,11.16,43.9,397000 4198000,0.5,Suitable,dodgerblue,YES,246.684287,2608.515458,0.621370999999726
397000,4198000,CB5MH_MD,8.2021,1e+06,11.15,43.8,397000 4198000,2.5,Suitable,dodgerblue,YES,246.684287,2608.515458,0.621370999999726
397000,4198000,CB5MH_MD,67.25722,1e+06,10.42,43.9,397000 4198000,20.5,Suitable,dodgerblue,YES,246.684287,2608.515458,0.621370999999726
397000,4198000,CB5MH_MD,4.92126,1e+06,11.16,43.9,397000 4198000,1.5,Suitable,dodgerblue,YES,246.684287,2608.515458,0.621370999999726
397000,4198000,CB5MH_MD,34.44882,1e+06,10.88,43.9,397000 4198000,10.5,Suitable,dodgerblue,YES,246.684287,2608.515458,0.621370999999726
397000,4198000,CB5MH_MD,21.32546,1e+06,11.01,43.8,397000 4198000,6.5,Suitable,dodgerblue,YES,246.684287,2608.515458,0.621370999999726
397000,4198000,CB5MH_MD,60.69554,1e+06,10.47,44.3,397000 4198000,18.5,Suitable,dodgerblue,YES,246.684287,2608.515458,0.621370999999726
397000,4198000,CB5MH_MD,41.0105,1e+06,10.82,43.9,397000 4198000,12.5,Suitable,dodgerblue,YES,246.684287,2608.515458,0.621370999999726
397000,4198000,CB5MH_MD,37.72966,1e+06,10.84,43.9,397000 4198000,11.5,Suitable,dodgerblue,YES,246.684287,2608.515458,0.621370999999726
397000,4198000,CB5MH_MD,24.6063,1e+06,10.95,43.8,397000 4198000,7.5,Suitable,dodgerblue,YES,246.684287,2608.515458,0.621370999999726
397000,4198000,CB5MH_MD,70.53806,1e+06,10.6,41.7,397000 4198000,21.5,Suitable,dodgerblue,YES,246.684287,2608.515458,0.621370999999726
397000,4198000,CB5MH_MD,11.48294,1e+06,11.14,43.8,397000 4198000,3.5,Suitable,dodgerblue,YES,246.684287,2608.515458,0.621370999999726
397000,4198000,CB5MH_MD,44.29134,1e+06,10.81,43.9,397000 4198000,13.5,Suitable,dodgerblue,YES,246.684287,2608.515458,0.621370999999726
397000,4198000,CB5MH_MD,27.88714,1e+06,10.94,43.8,397000 4198000,8.5,Suitable,dodgerblue,YES,246.684287,2608.515458,0.621370999999726
397000,4198000,CB5MH_MD,77.09974,1e+06,10.47,40.6,397000 4198000,23.5,Suitable,dodgerblue,YES,246.684287,2608.515458,0.621370999999726
397000,4198000,CB5MH_MD,73.8189,1e+06,10.55,41.2,397000 4198000,22.5,Suitable,dodgerblue,YES,246.684287,2608.515458,0.621370999999726
397000,4198000,CB5MH_MD,63.97638,1e+06,10.46,44.2,397000 4198000,19.5,Suitable,dodgerblue,YES,246.684287,2608.515458,0.621370999999726
397000,4198000,CB5MH_MD,31.16798,1e+06,10.92,43.9,397000 4198000,9.5,Suitable,dodgerblue,YES,246.684287,2608.515458,0.621370999999726
397000,4198000,CB5MH_MD,18.04462,1e+06,11.09,43.7,397000 4198000,5.5,Suitable,dodgerblue,YES,246.684287,2608.515458,0.621370999999726
397000,4198000,CB5MH_MD,14.76378,1e+06,11.13,43.7,397000 4198000,4.5,Suitable,dodgerblue,YES,246.684287,2608.515458,0.621370999999726
397000,4198000,CB5MH_MD,57.4147,1e+06,10.57,43.5,397000 4198000,17.5,Suitable,dodgerblue,YES,246.684287,2608.515458,0.621370999999726
397000,4202000,CB5MH_MD,11.48294,1e+06,11.44,42.7,397000 4202000,3.5,Suitable,dodgerblue,YES,246.684287,2611.000942,3.106855
397000,4202000,CB5MH_MD,63.97638,1e+06,10.68,42.4,397000 4202000,19.5,Suitable,dodgerblue,YES,246.684287,2611.000942,3.106855
397000,4202000,CB5MH_MD,60.69554,1e+06,10.7,42.7,397000 4202000,18.5,Suitable,dodgerblue,YES,246.684287,2611.000942,3.106855
397000,4202000,CB5MH_MD,18.04462,1e+06,11.37,42.8,397000 4202000,5.5,Suitable,dodgerblue,YES,246.684287,2611.000942,3.106855
397000,4202000,CB5MH_MD,21.32546,1e+06,11.26,42.9,397000 4202000,6.5,Suitable,dodgerblue,YES,246.684287,2611.000942,3.106855
397000,4202000,CB5MH_MD,24.6063,1e+06,11.18,43,397000 4202000,7.5,Suitable,dodgerblue,YES,246.684287,2611.000942,3.106855
397000,4202000,CB5MH_MD,34.44882,1e+06,11.08,43.1,397000 4202000,10.5,Suitable,dodgerblue,YES,246.684287,2611.000942,3.106855
397000,4202000,CB5MH_MD,31.16798,1e+06,11.14,43,397000 4202000,9.5,Suitable,dodgerblue,YES,246.684287,2611.000942,3.106855
397000,4202000,CB5MH_MD,67.25722,1e+06,10.62,41.9,397000 4202000,20.5,Suitable,dodgerblue,YES,246.684287,2611.000942,3.106855
397000,4202000,CB5MH_MD,47.57218,1e+06,11,43.1,397000 4202000,14.5,Suitable,dodgerblue,YES,246.684287,2611.000942,3.106855
397000,4202000,CB5MH_MD,57.4147,1e+06,10.7,42.5,397000 4202000,17.5,Suitable,dodgerblue,YES,246.684287,2611.000942,3.106855
397000,4202000,CB5MH_MD,14.76378,1e+06,11.42,42.7,397000 4202000,4.5,Suitable,dodgerblue,YES,246.684287,2611.000942,3.106855
397000,4202000,CB5MH_MD,86.94226,1e+06,10.25,39.8,397000 4202000,26.5,Suitable,dodgerblue,YES,246.684287,2611.000942,3.106855
397000,4202000,CB5MH_MD,77.09974,1e+06,10.47,40.6,397000 4202000,23.5,Suitable,dodgerblue,YES,246.684287,2611.000942,3.106855
397000,4202000,CB5MH_MD,37.72966,1e+06,11.03,43.1,397000 4202000,11.5,Suitable,dodgerblue,YES,246.684287,2611.000942,3.106855
397000,4202000,CB5MH_MD,27.88714,1e+06,11.16,43,397000 4202000,8.5,Suitable,dodgerblue,YES,246.684287,2611.000942,3.106855
397000,4202000,CB5MH_MD,80.38058,1e+06,10.43,40.5,397000 4202000,24.5,Suitable,dodgerblue,YES,246.684287,2611.000942,3.106855
397000,4202000,CB5MH_MD,50.85302,1e+06,10.91,42.9,397000 4202000,15.5,Suitable,dodgerblue,YES,246.684287,2611.000942,3.106855
397000,4202000,CB5MH_MD,1.64042,1e+06,11.46,42.7,397000 4202000,0.5,Suitable,dodgerblue,YES,246.684287,2611.000942,3.106855
397000,4202000,CB5MH_MD,8.2021,1e+06,11.46,42.7,397000 4202000,2.5,Suitable,dodgerblue,YES,246.684287,2611.000942,3.106855
397000,4202000,CB5MH_MD,54.13386,1e+06,10.76,42.6,397000 4202000,16.5,Suitable,dodgerblue,YES,246.684287,2611.000942,3.106855
397000,4202000,CB5MH_MD,4.92126,1e+06,11.46,42.7,397000 4202000,1.5,Suitable,dodgerblue,YES,246.684287,2611.000942,3.106855
397000,4202000,CB5MH_MD,73.8189,1e+06,10.55,41.2,397000 4202000,22.5,Suitable,dodgerblue,YES,246.684287,2611.000942,3.106855
397000,4202000,CB5MH_MD,83.66142,1e+06,10.35,40.2,397000 4202000,25.5,Suitable,dodgerblue,YES,246.684287,2611.000942,3.106855
397000,4202000,CB5MH_MD,44.29134,1e+06,11,43.1,397000 4202000,13.5,Suitable,dodgerblue,YES,246.684287,2611.000942,3.106855
397000,4202000,CB5MH_MD,70.53806,1e+06,10.6,41.7,397000 4202000,21.5,Suitable,dodgerblue,YES,246.684287,2611.000942,3.106855
397000,4202000,CB5MH_MD,41.0105,1e+06,11,43.1,397000 4202000,12.5,Suitable,dodgerblue,YES,246.684287,2611.000942,3.106855
397000,4202000,CB5MH_MD,90.2231,1e+06,10.18,39.5,397000 4202000,27.5,Suitable,dodgerblue,YES,246.684287,2611.000942,3.106855
397000,4203000,CB5MH_MD,24.6063,1e+06,11.18,42.9,397000 4203000,7.5,Suitable,dodgerblue,YES,246.684287,2611.622313,3.72822599999972
397000,4203000,CB5MH_MD,1.64042,1e+06,11.47,42.7,397000 4203000,0.5,Suitable,dodgerblue,YES,246.684287,2611.622313,3.72822599999972
397000,4203000,CB5MH_MD,31.16798,1e+06,11.14,43,397000 4203000,9.5,Suitable,dodgerblue,YES,246.684287,2611.622313,3.72822599999972
397000,4203000,CB5MH_MD,27.88714,1e+06,11.16,43,397000 4203000,8.5,Suitable,dodgerblue,YES,246.684287,2611.622313,3.72822599999972
397000,4203000,CB5MH_MD,34.44882,1e+06,11.07,43.1,397000 4203000,10.5,Suitable,dodgerblue,YES,246.684287,2611.622313,3.72822599999972
397000,4203000,CB5MH_MD,21.32546,1e+06,11.26,42.9,397000 4203000,6.5,Suitable,dodgerblue,YES,246.684287,2611.622313,3.72822599999972
397000,4203000,CB5MH_MD,11.48294,1e+06,11.45,42.7,397000 4203000,3.5,Suitable,dodgerblue,YES,246.684287,2611.622313,3.72822599999972
397000,4203000,CB5MH_MD,14.76378,1e+06,11.43,42.7,397000 4203000,4.5,Suitable,dodgerblue,YES,246.684287,2611.622313,3.72822599999972
397000,4203000,CB5MH_MD,18.04462,1e+06,11.38,42.8,397000 4203000,5.5,Suitable,dodgerblue,YES,246.684287,2611.622313,3.72822599999972
397000,4203000,CB5MH_MD,4.92126,1e+06,11.47,42.7,397000 4203000,1.5,Suitable,dodgerblue,YES,246.684287,2611.622313,3.72822599999972
397000,4203000,CB5MH_MD,41.0105,1e+06,11,43.1,397000 4203000,12.5,Suitable,dodgerblue,YES,246.684287,2611.622313,3.72822599999972
397000,4203000,CB5MH_MD,8.2021,1e+06,11.47,42.7,397000 4203000,2.5,Suitable,dodgerblue,YES,246.684287,2611.622313,3.72822599999972
397000,4203000,CB5MH_MD,37.72966,1e+06,11.02,43.1,397000 4203000,11.5,Suitable,dodgerblue,YES,246.684287,2611.622313,3.72822599999972
397000,4353000,CB2OH,18.04462,1e+06,10.86,44.9,397000 4353000,5.5,Suitable,dodgerblue,YES,246.684287,2704.827963,96.9338760000001
397000,4353000,CB2OH,14.76378,1e+06,10.98,45,397000 4353000,4.5,Suitable,dodgerblue,YES,246.684287,2704.827963,96.9338760000001
397000,4353000,CB2OH,4.92126,1e+06,11.09,45.6,397000 4353000,1.5,Suitable,dodgerblue,YES,246.684287,2704.827963,96.9338760000001
397000,4353000,CB2OH,8.2021,1e+06,11.05,45.5,397000 4353000,2.5,Suitable,dodgerblue,YES,246.684287,2704.827963,96.9338760000001
397000,4353000,CB2OH,1.64042,1e+06,11.12,45.6,397000 4353000,0.5,Suitable,dodgerblue,YES,246.684287,2704.827963,96.9338760000001
397000,4353000,CB2OH,21.32546,1e+06,10.76,44.8,397000 4353000,6.5,Suitable,dodgerblue,YES,246.684287,2704.827963,96.9338760000001
397000,4353000,CB2OH,27.88714,1e+06,10.63,44.6,397000 4353000,8.5,Suitable,dodgerblue,YES,246.684287,2704.827963,96.9338760000001
397000,4353000,CB2OH,11.48294,1e+06,11.09,45.1,397000 4353000,3.5,Suitable,dodgerblue,YES,246.684287,2704.827963,96.9338760000001
397000,4353000,CB2OH,24.6063,1e+06,10.7,44.7,397000 4353000,7.5,Suitable,dodgerblue,YES,246.684287,2704.827963,96.9338760000001
398000,4200000,CB5MH_MD,4.92126,1e+06,11.19,43.7,398000 4200000,1.5,Suitable,dodgerblue,YES,247.305658,2609.7582,1.86411300000009
398000,4200000,CB5MH_MD,21.32546,1e+06,11.03,43.7,398000 4200000,6.5,Suitable,dodgerblue,YES,247.305658,2609.7582,1.86411300000009
398000,4200000,CB5MH_MD,1.64042,1e+06,11.19,43.7,398000 4200000,0.5,Suitable,dodgerblue,YES,247.305658,2609.7582,1.86411300000009
398000,4200000,CB5MH_MD,18.04462,1e+06,11.12,43.6,398000 4200000,5.5,Suitable,dodgerblue,YES,247.305658,2609.7582,1.86411300000009
398000,4200000,CB5MH_MD,60.69554,1e+06,10.49,44.1,398000 4200000,18.5,Suitable,dodgerblue,YES,247.305658,2609.7582,1.86411300000009
398000,4200000,CB5MH_MD,34.44882,1e+06,10.89,43.8,398000 4200000,10.5,Suitable,dodgerblue,YES,247.305658,2609.7582,1.86411300000009
398000,4200000,CB5MH_MD,70.53806,1e+06,10.6,41.7,398000 4200000,21.5,Suitable,dodgerblue,YES,247.305658,2609.7582,1.86411300000009
398000,4200000,CB5MH_MD,11.48294,1e+06,11.18,43.6,398000 4200000,3.5,Suitable,dodgerblue,YES,247.305658,2609.7582,1.86411300000009
398000,4200000,CB5MH_MD,41.0105,1e+06,10.83,43.8,398000 4200000,12.5,Suitable,dodgerblue,YES,247.305658,2609.7582,1.86411300000009
398000,4200000,CB5MH_MD,73.8189,1e+06,10.55,41.2,398000 4200000,22.5,Suitable,dodgerblue,YES,247.305658,2609.7582,1.86411300000009
398000,4200000,CB5MH_MD,37.72966,1e+06,10.85,43.8,398000 4200000,11.5,Suitable,dodgerblue,YES,247.305658,2609.7582,1.86411300000009
398000,4200000,CB5MH_MD,57.4147,1e+06,10.59,43.4,398000 4200000,17.5,Suitable,dodgerblue,YES,247.305658,2609.7582,1.86411300000009
398000,4200000,CB5MH_MD,8.2021,1e+06,11.19,43.7,398000 4200000,2.5,Suitable,dodgerblue,YES,247.305658,2609.7582,1.86411300000009
398000,4200000,CB5MH_MD,50.85302,1e+06,10.75,43.6,398000 4200000,15.5,Suitable,dodgerblue,YES,247.305658,2609.7582,1.86411300000009
398000,4200000,CB5MH_MD,67.25722,1e+06,10.44,43.7,398000 4200000,20.5,Suitable,dodgerblue,YES,247.305658,2609.7582,1.86411300000009
398000,4200000,CB5MH_MD,44.29134,1e+06,10.82,43.8,398000 4200000,13.5,Suitable,dodgerblue,YES,247.305658,2609.7582,1.86411300000009
398000,4200000,CB5MH_MD,24.6063,1e+06,10.97,43.7,398000 4200000,7.5,Suitable,dodgerblue,YES,247.305658,2609.7582,1.86411300000009
398000,4200000,CB5MH_MD,77.09974,1e+06,10.47,40.6,398000 4200000,23.5,Suitable,dodgerblue,YES,247.305658,2609.7582,1.86411300000009
398000,4200000,CB5MH_MD,27.88714,1e+06,10.96,43.8,398000 4200000,8.5,Suitable,dodgerblue,YES,247.305658,2609.7582,1.86411300000009
398000,4200000,CB5MH_MD,31.16798,1e+06,10.94,43.8,398000 4200000,9.5,Suitable,dodgerblue,YES,247.305658,2609.7582,1.86411300000009
398000,4200000,CB5MH_MD,63.97638,1e+06,10.48,44,398000 4200000,19.5,Suitable,dodgerblue,YES,247.305658,2609.7582,1.86411300000009
398000,4200000,CB5MH_MD,54.13386,1e+06,10.63,43.5,398000 4200000,16.5,Suitable,dodgerblue,YES,247.305658,2609.7582,1.86411300000009
398000,4200000,CB5MH_MD,14.76378,1e+06,11.16,43.6,398000 4200000,4.5,Suitable,dodgerblue,YES,247.305658,2609.7582,1.86411300000009
398000,4200000,CB5MH_MD,47.57218,1e+06,10.82,43.8,398000 4200000,14.5,Suitable,dodgerblue,YES,247.305658,2609.7582,1.86411300000009
398000,4201000,CB5MH_MD,14.76378,1e+06,11.43,42.7,398000 4201000,4.5,Suitable,dodgerblue,YES,247.305658,2610.379571,2.48548399999982
398000,4201000,CB5MH_MD,67.25722,1e+06,10.62,41.9,398000 4201000,20.5,Suitable,dodgerblue,YES,247.305658,2610.379571,2.48548399999982
398000,4201000,CB5MH_MD,54.13386,1e+06,10.76,42.7,398000 4201000,16.5,Suitable,dodgerblue,YES,247.305658,2610.379571,2.48548399999982
398000,4201000,CB5MH_MD,50.85302,1e+06,10.9,42.9,398000 4201000,15.5,Suitable,dodgerblue,YES,247.305658,2610.379571,2.48548399999982
398000,4201000,CB5MH_MD,47.57218,1e+06,10.99,43.1,398000 4201000,14.5,Suitable,dodgerblue,YES,247.305658,2610.379571,2.48548399999982
398000,4201000,CB5MH_MD,63.97638,1e+06,10.68,42.4,398000 4201000,19.5,Suitable,dodgerblue,YES,247.305658,2610.379571,2.48548399999982
398000,4201000,CB5MH_MD,4.92126,1e+06,11.47,42.7,398000 4201000,1.5,Suitable,dodgerblue,YES,247.305658,2610.379571,2.48548399999982
398000,4201000,CB5MH_MD,11.48294,1e+06,11.45,42.7,398000 4201000,3.5,Suitable,dodgerblue,YES,247.305658,2610.379571,2.48548399999982
398000,4201000,CB5MH_MD,57.4147,1e+06,10.7,42.6,398000 4201000,17.5,Suitable,dodgerblue,YES,247.305658,2610.379571,2.48548399999982
398000,4201000,CB5MH_MD,73.8189,1e+06,10.55,41.2,398000 4201000,22.5,Suitable,dodgerblue,YES,247.305658,2610.379571,2.48548399999982
398000,4201000,CB5MH_MD,8.2021,1e+06,11.47,42.7,398000 4201000,2.5,Suitable,dodgerblue,YES,247.305658,2610.379571,2.48548399999982
398000,4201000,CB5MH_MD,37.72966,1e+06,11.02,43.1,398000 4201000,11.5,Suitable,dodgerblue,YES,247.305658,2610.379571,2.48548399999982
398000,4201000,CB5MH_MD,41.0105,1e+06,11,43.1,398000 4201000,12.5,Suitable,dodgerblue,YES,247.305658,2610.379571,2.48548399999982
398000,4201000,CB5MH_MD,44.29134,1e+06,10.99,43.1,398000 4201000,13.5,Suitable,dodgerblue,YES,247.305658,2610.379571,2.48548399999982
398000,4201000,CB5MH_MD,21.32546,1e+06,11.26,42.9,398000 4201000,6.5,Suitable,dodgerblue,YES,247.305658,2610.379571,2.48548399999982
398000,4201000,CB5MH_MD,1.64042,1e+06,11.47,42.7,398000 4201000,0.5,Suitable,dodgerblue,YES,247.305658,2610.379571,2.48548399999982
398000,4201000,CB5MH_MD,60.69554,1e+06,10.7,42.7,398000 4201000,18.5,Suitable,dodgerblue,YES,247.305658,2610.379571,2.48548399999982
398000,4201000,CB5MH_MD,77.09974,1e+06,10.47,40.6,398000 4201000,23.5,Suitable,dodgerblue,YES,247.305658,2610.379571,2.48548399999982
398000,4201000,CB5MH_MD,18.04462,1e+06,11.38,42.8,398000 4201000,5.5,Suitable,dodgerblue,YES,247.305658,2610.379571,2.48548399999982
398000,4201000,CB5MH_MD,27.88714,1e+06,11.16,43,398000 4201000,8.5,Suitable,dodgerblue,YES,247.305658,2610.379571,2.48548399999982
398000,4201000,CB5MH_MD,70.53806,1e+06,10.6,41.7,398000 4201000,21.5,Suitable,dodgerblue,YES,247.305658,2610.379571,2.48548399999982
398000,4201000,CB5MH_MD,31.16798,1e+06,11.14,43,398000 4201000,9.5,Suitable,dodgerblue,YES,247.305658,2610.379571,2.48548399999982
398000,4201000,CB5MH_MD,80.38058,1e+06,10.43,40.5,398000 4201000,24.5,Suitable,dodgerblue,YES,247.305658,2610.379571,2.48548399999982
398000,4201000,CB5MH_MD,24.6063,1e+06,11.18,42.9,398000 4201000,7.5,Suitable,dodgerblue,YES,247.305658,2610.379571,2.48548399999982
398000,4201000,CB5MH_MD,34.44882,1e+06,11.07,43.1,398000 4201000,10.5,Suitable,dodgerblue,YES,247.305658,2610.379571,2.48548399999982
398000,4355000,CB2OH,27.88714,1e+06,10.83,45.1,398000 4355000,8.5,Suitable,dodgerblue,YES,247.305658,2706.070705,98.176618
398000,4355000,CB2OH,18.04462,1e+06,10.99,45.1,398000 4355000,5.5,Suitable,dodgerblue,YES,247.305658,2706.070705,98.176618
398000,4355000,CB2OH,31.16798,1e+06,10.78,45.1,398000 4355000,9.5,Suitable,dodgerblue,YES,247.305658,2706.070705,98.176618
398000,4355000,CB2OH,4.92126,1e+06,11.1,45.3,398000 4355000,1.5,Suitable,dodgerblue,YES,247.305658,2706.070705,98.176618
398000,4355000,CB2OH,14.76378,1e+06,11.04,45.1,398000 4355000,4.5,Suitable,dodgerblue,YES,247.305658,2706.070705,98.176618
398000,4355000,CB2OH,1.64042,1e+06,11.14,45.4,398000 4355000,0.5,Suitable,dodgerblue,YES,247.305658,2706.070705,98.176618
398000,4355000,CB2OH,34.44882,1e+06,9.32,41.5,398000 4355000,10.5,Suitable,dodgerblue,YES,247.305658,2706.070705,98.176618
398000,4355000,CB2OH,8.2021,1e+06,11.09,45.2,398000 4355000,2.5,Suitable,dodgerblue,YES,247.305658,2706.070705,98.176618
398000,4355000,CB2OH,24.6063,1e+06,10.88,45.1,398000 4355000,7.5,Suitable,dodgerblue,YES,247.305658,2706.070705,98.176618
398000,4355000,CB2OH,21.32546,1e+06,10.93,45.1,398000 4355000,6.5,Suitable,dodgerblue,YES,247.305658,2706.070705,98.176618
398000,4355000,CB2OH,11.48294,1e+06,11.1,45.1,398000 4355000,3.5,Suitable,dodgerblue,YES,247.305658,2706.070705,98.176618
399000,4356000,CB2OH,24.6063,1e+06,10.9,45.1,399000 4356000,7.5,Suitable,dodgerblue,YES,247.927029,2706.692076,98.7979890000002
399000,4356000,CB2OH,21.32546,1e+06,10.95,45.1,399000 4356000,6.5,Suitable,dodgerblue,YES,247.927029,2706.692076,98.7979890000002
399000,4356000,CB2OH,14.76378,1e+06,11.05,45.1,399000 4356000,4.5,Suitable,dodgerblue,YES,247.927029,2706.692076,98.7979890000002
399000,4356000,CB2OH,1.64042,1e+06,11.15,45.3,399000 4356000,0.5,Suitable,dodgerblue,YES,247.927029,2706.692076,98.7979890000002
399000,4356000,CB2OH,27.88714,1e+06,10.85,45.1,399000 4356000,8.5,Suitable,dodgerblue,YES,247.927029,2706.692076,98.7979890000002
399000,4356000,CB2OH,18.04462,1e+06,11,45.1,399000 4356000,5.5,Suitable,dodgerblue,YES,247.927029,2706.692076,98.7979890000002
399000,4356000,CB2OH,8.2021,1e+06,11.1,45.2,399000 4356000,2.5,Suitable,dodgerblue,YES,247.927029,2706.692076,98.7979890000002
399000,4356000,CB2OH,4.92126,1e+06,11.1,45.3,399000 4356000,1.5,Suitable,dodgerblue,YES,247.927029,2706.692076,98.7979890000002
399000,4356000,CB2OH,11.48294,1e+06,11.1,45.1,399000 4356000,3.5,Suitable,dodgerblue,YES,247.927029,2706.692076,98.7979890000002
399000,4356000,CB2OH,31.16798,1e+06,10.8,45.1,399000 4356000,9.5,Suitable,dodgerblue,YES,247.927029,2706.692076,98.7979890000002
399000,4357000,CB2OH,21.32546,1e+06,10.94,45.1,399000 4357000,6.5,Suitable,dodgerblue,YES,247.927029,2707.313447,99.4193599999999
399000,4357000,CB2OH,27.88714,1e+06,10.84,45.1,399000 4357000,8.5,Suitable,dodgerblue,YES,247.927029,2707.313447,99.4193599999999
399000,4357000,CB2OH,11.48294,1e+06,11.1,45.1,399000 4357000,3.5,Suitable,dodgerblue,YES,247.927029,2707.313447,99.4193599999999
399000,4357000,CB2OH,1.64042,1e+06,11.14,45.4,399000 4357000,0.5,Suitable,dodgerblue,YES,247.927029,2707.313447,99.4193599999999
399000,4357000,CB2OH,24.6063,1e+06,10.89,45.1,399000 4357000,7.5,Suitable,dodgerblue,YES,247.927029,2707.313447,99.4193599999999
399000,4357000,CB2OH,14.76378,1e+06,11.05,45.1,399000 4357000,4.5,Suitable,dodgerblue,YES,247.927029,2707.313447,99.4193599999999
399000,4357000,CB2OH,8.2021,1e+06,11.09,45.2,399000 4357000,2.5,Suitable,dodgerblue,YES,247.927029,2707.313447,99.4193599999999
399000,4357000,CB2OH,18.04462,1e+06,10.99,45.1,399000 4357000,5.5,Suitable,dodgerblue,YES,247.927029,2707.313447,99.4193599999999
399000,4357000,CB2OH,4.92126,1e+06,11.1,45.3,399000 4357000,1.5,Suitable,dodgerblue,YES,247.927029,2707.313447,99.4193599999999
402000,4358000,CB2OH,8.2021,1e+06,11.07,45.6,402000 4358000,2.5,Suitable,dodgerblue,YES,249.791142,2707.934818,100.040731
402000,4358000,CB2OH,18.04462,1e+06,11.01,45,402000 4358000,5.5,Suitable,dodgerblue,YES,249.791142,2707.934818,100.040731
402000,4358000,CB2OH,21.32546,1e+06,10.88,45,402000 4358000,6.5,Suitable,dodgerblue,YES,249.791142,2707.934818,100.040731
402000,4358000,CB2OH,4.92126,1e+06,11.11,45.7,402000 4358000,1.5,Suitable,dodgerblue,YES,249.791142,2707.934818,100.040731
402000,4358000,CB2OH,1.64042,1e+06,11.16,45.7,402000 4358000,0.5,Suitable,dodgerblue,YES,249.791142,2707.934818,100.040731
402000,4358000,CB2OH,14.76378,1e+06,11.08,45.1,402000 4358000,4.5,Suitable,dodgerblue,YES,249.791142,2707.934818,100.040731
402000,4358000,CB2OH,24.6063,1e+06,10.83,45,402000 4358000,7.5,Suitable,dodgerblue,YES,249.791142,2707.934818,100.040731
402000,4358000,CB2OH,27.88714,1e+06,10.77,45,402000 4358000,8.5,Suitable,dodgerblue,YES,249.791142,2707.934818,100.040731
402000,4358000,CB2OH,11.48294,1e+06,11.15,45.1,402000 4358000,3.5,Suitable,dodgerblue,YES,249.791142,2707.934818,100.040731
403000,4358000,CB2OH,18.04462,1e+06,11.03,45,403000 4358000,5.5,Suitable,dodgerblue,YES,250.412513,2707.934818,100.040731
403000,4358000,CB2OH,21.32546,1e+06,10.86,45,403000 4358000,6.5,Suitable,dodgerblue,YES,250.412513,2707.934818,100.040731
403000,4358000,CB2OH,8.2021,1e+06,11.08,45.6,403000 4358000,2.5,Suitable,dodgerblue,YES,250.412513,2707.934818,100.040731
403000,4358000,CB2OH,1.64042,1e+06,11.19,45.7,403000 4358000,0.5,Suitable,dodgerblue,YES,250.412513,2707.934818,100.040731
403000,4358000,CB2OH,27.88714,1e+06,10.74,44.9,403000 4358000,8.5,Suitable,dodgerblue,YES,250.412513,2707.934818,100.040731
403000,4358000,CB2OH,14.76378,1e+06,11.11,45.1,403000 4358000,4.5,Suitable,dodgerblue,YES,250.412513,2707.934818,100.040731
403000,4358000,CB2OH,24.6063,1e+06,10.8,44.9,403000 4358000,7.5,Suitable,dodgerblue,YES,250.412513,2707.934818,100.040731
403000,4358000,CB2OH,11.48294,1e+06,11.19,45.1,403000 4358000,3.5,Suitable,dodgerblue,YES,250.412513,2707.934818,100.040731
403000,4358000,CB2OH,4.92126,1e+06,11.14,45.7,403000 4358000,1.5,Suitable,dodgerblue,YES,250.412513,2707.934818,100.040731
403000,4359000,CB2OH,8.2021,1e+06,11.07,45.8,403000 4359000,2.5,Suitable,dodgerblue,YES,250.412513,2708.556189,100.662102
403000,4359000,CB2OH,4.92126,1e+06,11.14,45.8,403000 4359000,1.5,Suitable,dodgerblue,YES,250.412513,2708.556189,100.662102
403000,4359000,CB2OH,24.6063,1e+06,10.79,44.9,403000 4359000,7.5,Suitable,dodgerblue,YES,250.412513,2708.556189,100.662102
403000,4359000,CB2OH,11.48294,1e+06,11.22,45.1,403000 4359000,3.5,Suitable,dodgerblue,YES,250.412513,2708.556189,100.662102
403000,4359000,CB2OH,1.64042,1e+06,11.19,45.8,403000 4359000,0.5,Suitable,dodgerblue,YES,250.412513,2708.556189,100.662102
403000,4359000,CB2OH,18.04462,1e+06,11.05,45,403000 4359000,5.5,Suitable,dodgerblue,YES,250.412513,2708.556189,100.662102
403000,4359000,CB2OH,14.76378,1e+06,11.13,45.1,403000 4359000,4.5,Suitable,dodgerblue,YES,250.412513,2708.556189,100.662102
403000,4359000,CB2OH,21.32546,1e+06,10.85,45,403000 4359000,6.5,Suitable,dodgerblue,YES,250.412513,2708.556189,100.662102
406000,4360000,CB2OH,14.76378,1e+06,11.36,45.1,406000 4360000,4.5,Suitable,dodgerblue,YES,252.276626,2709.17756,101.283473
406000,4360000,CB2OH,24.6063,1e+06,10.7,44.8,406000 4360000,7.5,Suitable,dodgerblue,YES,252.276626,2709.17756,101.283473
406000,4360000,CB2OH,4.92126,1e+06,11.34,45.9,406000 4360000,1.5,Suitable,dodgerblue,YES,252.276626,2709.17756,101.283473
406000,4360000,CB2OH,1.64042,1e+06,11.37,45.9,406000 4360000,0.5,Suitable,dodgerblue,YES,252.276626,2709.17756,101.283473
406000,4360000,CB2OH,18.04462,1e+06,11.27,45,406000 4360000,5.5,Suitable,dodgerblue,YES,252.276626,2709.17756,101.283473
406000,4360000,CB2OH,21.32546,1e+06,10.77,44.9,406000 4360000,6.5,Suitable,dodgerblue,YES,252.276626,2709.17756,101.283473
406000,4360000,CB2OH,8.2021,1e+06,11.26,45.8,406000 4360000,2.5,Suitable,dodgerblue,YES,252.276626,2709.17756,101.283473
406000,4360000,CB2OH,27.88714,1e+06,10.64,44.7,406000 4360000,8.5,Suitable,dodgerblue,YES,252.276626,2709.17756,101.283473
406000,4360000,CB2OH,11.48294,1e+06,11.44,45.1,406000 4360000,3.5,Suitable,dodgerblue,YES,252.276626,2709.17756,101.283473
407500,4359500,SASOH,11.48294,62500,10.9,48.8,407500 4359500,3.5,Suitable,dodgerblue,YES,253.2086825,2708.8668745,100.9727875
407500,4359500,SASOH,1.64042,62500,10.9,49.2,407500 4359500,0.5,Suitable,dodgerblue,YES,253.2086825,2708.8668745,100.9727875
407500,4359500,SASOH,4.92126,62500,10.9,49.1,407500 4359500,1.5,Suitable,dodgerblue,YES,253.2086825,2708.8668745,100.9727875
407500,4359500,SASOH,8.2021,62500,10.9,48.9,407500 4359500,2.5,Suitable,dodgerblue,YES,253.2086825,2708.8668745,100.9727875
407500,4359500,SASOH,14.76378,62500,10.9,48.8,407500 4359500,4.5,Suitable,dodgerblue,YES,253.2086825,2708.8668745,100.9727875
407500,4359500,SASOH,18.04462,62500,10.85,48.8,407500 4359500,5.5,Suitable,dodgerblue,YES,253.2086825,2708.8668745,100.9727875
407750,4359500,SASOH,8.2021,62500,10.9,48.9,407750 4359500,2.5,Suitable,dodgerblue,YES,253.36402525,2708.8668745,100.9727875
407750,4359500,SASOH,11.48294,62500,10.9,48.8,407750 4359500,3.5,Suitable,dodgerblue,YES,253.36402525,2708.8668745,100.9727875
407750,4359500,SASOH,1.64042,62500,10.9,49.2,407750 4359500,0.5,Suitable,dodgerblue,YES,253.36402525,2708.8668745,100.9727875
407750,4359500,SASOH,4.92126,62500,10.9,49.1,407750 4359500,1.5,Suitable,dodgerblue,YES,253.36402525,2708.8668745,100.9727875
407750,4359500,SASOH,14.76378,62500,10.9,48.8,407750 4359500,4.5,Suitable,dodgerblue,YES,253.36402525,2708.8668745,100.9727875
407750,4359500,SASOH,18.04462,62500,10.85,48.8,407750 4359500,5.5,Suitable,dodgerblue,YES,253.36402525,2708.8668745,100.9727875
408000,4359500,SASOH,1.64042,62500,10.9,49.2,408000 4359500,0.5,Suitable,dodgerblue,YES,253.519368,2708.8668745,100.9727875
408000,4359500,SASOH,4.92126,62500,10.9,49.1,408000 4359500,1.5,Suitable,dodgerblue,YES,253.519368,2708.8668745,100.9727875
408000,4359500,SASOH,8.2021,62500,10.9,48.9,408000 4359500,2.5,Suitable,dodgerblue,YES,253.519368,2708.8668745,100.9727875
408000,4359500,SASOH,11.48294,62500,10.9,48.8,408000 4359500,3.5,Suitable,dodgerblue,YES,253.519368,2708.8668745,100.9727875
408000,4359500,SASOH,14.76378,62500,10.9,48.8,408000 4359500,4.5,Suitable,dodgerblue,YES,253.519368,2708.8668745,100.9727875
408000,4359500,SASOH,18.04462,62500,10.85,48.8,408000 4359500,5.5,Suitable,dodgerblue,YES,253.519368,2708.8668745,100.9727875
408000,4361000,CB2OH,8.2021,1e+06,11.48,45.6,408000 4361000,2.5,Suitable,dodgerblue,YES,253.519368,2709.798931,101.904844
408000,4361000,CB2OH,1.64042,1e+06,11.56,45.7,408000 4361000,0.5,Suitable,dodgerblue,YES,253.519368,2709.798931,101.904844
408000,4361000,CB2OH,11.48294,1e+06,11.64,45.1,408000 4361000,3.5,Suitable,dodgerblue,YES,253.519368,2709.798931,101.904844
408000,4361000,CB2OH,4.92126,1e+06,11.54,45.7,408000 4361000,1.5,Suitable,dodgerblue,YES,253.519368,2709.798931,101.904844
408000,4361000,CB2OH,18.04462,1e+06,11.49,45,408000 4361000,5.5,Suitable,dodgerblue,YES,253.519368,2709.798931,101.904844
408000,4361000,CB2OH,14.76378,1e+06,11.56,45.1,408000 4361000,4.5,Suitable,dodgerblue,YES,253.519368,2709.798931,101.904844
408250,4359750,SASOH,18.04462,62500,10.85,48.8,408250 4359750,5.5,Suitable,dodgerblue,YES,253.67471075,2709.02221725,101.12813025
408250,4359750,SASOH,14.76378,62500,10.9,48.8,408250 4359750,4.5,Suitable,dodgerblue,YES,253.67471075,2709.02221725,101.12813025
408250,4359750,SASOH,11.48294,62500,10.9,48.8,408250 4359750,3.5,Suitable,dodgerblue,YES,253.67471075,2709.02221725,101.12813025
408250,4359750,SASOH,1.64042,62500,10.9,49.2,408250 4359750,0.5,Suitable,dodgerblue,YES,253.67471075,2709.02221725,101.12813025
408250,4359750,SASOH,4.92126,62500,10.9,49.1,408250 4359750,1.5,Suitable,dodgerblue,YES,253.67471075,2709.02221725,101.12813025
408250,4359750,SASOH,8.2021,62500,10.9,48.9,408250 4359750,2.5,Suitable,dodgerblue,YES,253.67471075,2709.02221725,101.12813025
409000,4361000,CB2OH,1.64042,1e+06,11.63,45.7,409000 4361000,0.5,Suitable,dodgerblue,YES,254.140739,2709.798931,101.904844
409000,4361000,CB2OH,8.2021,1e+06,11.56,45.5,409000 4361000,2.5,Suitable,dodgerblue,YES,254.140739,2709.798931,101.904844
409000,4361000,CB2OH,14.76378,1e+06,11.62,45.1,409000 4361000,4.5,Suitable,dodgerblue,YES,254.140739,2709.798931,101.904844
409000,4361000,CB2OH,11.48294,1e+06,11.69,45.1,409000 4361000,3.5,Suitable,dodgerblue,YES,254.140739,2709.798931,101.904844
409000,4361000,CB2OH,18.04462,1e+06,11.55,45,409000 4361000,5.5,Suitable,dodgerblue,YES,254.140739,2709.798931,101.904844
409000,4361000,CB2OH,4.92126,1e+06,11.61,45.6,409000 4361000,1.5,Suitable,dodgerblue,YES,254.140739,2709.798931,101.904844
410000,4360250,SASOH,11.48294,62500,10.9,48.8,410000 4360250,3.5,Suitable,dodgerblue,YES,254.76211,2709.33290275,101.43881575
410000,4360250,SASOH,1.64042,62500,10.9,49.2,410000 4360250,0.5,Suitable,dodgerblue,YES,254.76211,2709.33290275,101.43881575
410000,4360250,SASOH,4.92126,62500,10.9,49.1,410000 4360250,1.5,Suitable,dodgerblue,YES,254.76211,2709.33290275,101.43881575
410000,4360250,SASOH,8.2021,62500,10.9,48.9,410000 4360250,2.5,Suitable,dodgerblue,YES,254.76211,2709.33290275,101.43881575
410000,4362000,CB2OH,21.32546,1e+06,10.68,44.8,410000 4362000,6.5,Suitable,dodgerblue,YES,254.76211,2710.420302,102.526215
410000,4362000,CB2OH,24.6063,1e+06,10.61,44.7,410000 4362000,7.5,Suitable,dodgerblue,YES,254.76211,2710.420302,102.526215
410000,4362000,CB2OH,34.44882,1e+06,9.3,41.9,410000 4362000,10.5,Suitable,dodgerblue,YES,254.76211,2710.420302,102.526215
410000,4362000,CB2OH,14.76378,1e+06,11.72,45.1,410000 4362000,4.5,Suitable,dodgerblue,YES,254.76211,2710.420302,102.526215
410000,4362000,CB2OH,11.48294,1e+06,11.78,45.1,410000 4362000,3.5,Suitable,dodgerblue,YES,254.76211,2710.420302,102.526215
410000,4362000,CB2OH,31.16798,1e+06,10.48,44.5,410000 4362000,9.5,Suitable,dodgerblue,YES,254.76211,2710.420302,102.526215
410000,4362000,CB2OH,1.64042,1e+06,11.73,45.5,410000 4362000,0.5,Suitable,dodgerblue,YES,254.76211,2710.420302,102.526215
410000,4362000,CB2OH,4.92126,1e+06,11.72,45.5,410000 4362000,1.5,Suitable,dodgerblue,YES,254.76211,2710.420302,102.526215
410000,4362000,CB2OH,18.04462,1e+06,11.66,45.1,410000 4362000,5.5,Suitable,dodgerblue,YES,254.76211,2710.420302,102.526215
410000,4362000,CB2OH,8.2021,1e+06,11.69,45.4,410000 4362000,2.5,Suitable,dodgerblue,YES,254.76211,2710.420302,102.526215
410000,4362000,CB2OH,27.88714,1e+06,10.54,44.5,410000 4362000,8.5,Suitable,dodgerblue,YES,254.76211,2710.420302,102.526215
411000,4363000,CB1TF,1.64042,1e+06,11.85,45.4,411000 4363000,0.5,Suitable,dodgerblue,YES,255.383481,2711.041673,103.147586
411000,4363000,CB1TF,4.92126,1e+06,11.85,45.3,411000 4363000,1.5,Suitable,dodgerblue,YES,255.383481,2711.041673,103.147586
411000,4363000,CB1TF,27.88714,1e+06,10.85,45.1,411000 4363000,8.5,Suitable,dodgerblue,YES,255.383481,2711.041673,103.147586
411000,4363000,CB1TF,18.04462,1e+06,11.76,45.1,411000 4363000,5.5,Suitable,dodgerblue,YES,255.383481,2711.041673,103.147586
411000,4363000,CB1TF,24.6063,1e+06,10.9,45.1,411000 4363000,7.5,Suitable,dodgerblue,YES,255.383481,2711.041673,103.147586
411000,4363000,CB1TF,8.2021,1e+06,11.87,45.1,411000 4363000,2.5,Suitable,dodgerblue,YES,255.383481,2711.041673,103.147586
411000,4363000,CB1TF,14.76378,1e+06,11.82,45.1,411000 4363000,4.5,Suitable,dodgerblue,YES,255.383481,2711.041673,103.147586
411000,4363000,CB1TF,31.16798,1e+06,10.8,45.1,411000 4363000,9.5,Suitable,dodgerblue,YES,255.383481,2711.041673,103.147586
411000,4363000,CB1TF,21.32546,1e+06,10.95,45.1,411000 4363000,6.5,Suitable,dodgerblue,YES,255.383481,2711.041673,103.147586
411000,4363000,CB1TF,11.48294,1e+06,11.87,45.1,411000 4363000,3.5,Suitable,dodgerblue,YES,255.383481,2711.041673,103.147586
412000,4364000,CB1TF,4.92126,1e+06,11.88,45.2,412000 4364000,1.5,Suitable,dodgerblue,YES,256.004852,2711.663044,103.768957
412000,4364000,CB1TF,18.04462,1e+06,11.79,45.1,412000 4364000,5.5,Suitable,dodgerblue,YES,256.004852,2711.663044,103.768957
412000,4364000,CB1TF,8.2021,1e+06,11.89,45.1,412000 4364000,2.5,Suitable,dodgerblue,YES,256.004852,2711.663044,103.768957
412000,4364000,CB1TF,24.6063,1e+06,10.9,45.1,412000 4364000,7.5,Suitable,dodgerblue,YES,256.004852,2711.663044,103.768957
412000,4364000,CB1TF,21.32546,1e+06,10.95,45.1,412000 4364000,6.5,Suitable,dodgerblue,YES,256.004852,2711.663044,103.768957
412000,4364000,CB1TF,1.64042,1e+06,11.88,45.3,412000 4364000,0.5,Suitable,dodgerblue,YES,256.004852,2711.663044,103.768957
412000,4364000,CB1TF,27.88714,1e+06,10.85,45.1,412000 4364000,8.5,Suitable,dodgerblue,YES,256.004852,2711.663044,103.768957
412000,4364000,CB1TF,14.76378,1e+06,11.84,45.1,412000 4364000,4.5,Suitable,dodgerblue,YES,256.004852,2711.663044,103.768957
412000,4364000,CB1TF,31.16798,1e+06,10.8,45.1,412000 4364000,9.5,Suitable,dodgerblue,YES,256.004852,2711.663044,103.768957
412000,4364000,CB1TF,11.48294,1e+06,11.89,45.1,412000 4364000,3.5,Suitable,dodgerblue,YES,256.004852,2711.663044,103.768957
413000,4365000,CB1TF,4.92126,1e+06,11.89,45.2,413000 4365000,1.5,Suitable,dodgerblue,YES,256.626223,2712.284415,104.390328
413000,4365000,CB1TF,11.48294,1e+06,11.9,45.1,413000 4365000,3.5,Suitable,dodgerblue,YES,256.626223,2712.284415,104.390328
413000,4365000,CB1TF,1.64042,1e+06,11.89,45.3,413000 4365000,0.5,Suitable,dodgerblue,YES,256.626223,2712.284415,104.390328
413000,4365000,CB1TF,8.2021,1e+06,11.9,45.1,413000 4365000,2.5,Suitable,dodgerblue,YES,256.626223,2712.284415,104.390328
413000,4365000,CB1TF,18.04462,1e+06,11.79,45.1,413000 4365000,5.5,Suitable,dodgerblue,YES,256.626223,2712.284415,104.390328
413000,4365000,CB1TF,21.32546,1e+06,10.95,45.1,413000 4365000,6.5,Suitable,dodgerblue,YES,256.626223,2712.284415,104.390328
413000,4365000,CB1TF,14.76378,1e+06,11.85,45.1,413000 4365000,4.5,Suitable,dodgerblue,YES,256.626223,2712.284415,104.390328
414000,4365500,ELKOH,1.64042,250000,11.88,45.4,414000 4365500,0.5,Suitable,dodgerblue,YES,257.247594,2712.5951005,104.7010135
414000,4365500,ELKOH,8.2021,250000,11.88,45.2,414000 4365500,2.5,Suitable,dodgerblue,YES,257.247594,2712.5951005,104.7010135
414000,4365500,ELKOH,4.92126,250000,11.88,45.3,414000 4365500,1.5,Suitable,dodgerblue,YES,257.247594,2712.5951005,104.7010135
414000,4366000,ELKOH,11.48294,250000,11.88,45.2,414000 4366000,3.5,Suitable,dodgerblue,YES,257.247594,2712.905786,105.011699
414000,4366000,ELKOH,8.2021,250000,11.88,45.2,414000 4366000,2.5,Suitable,dodgerblue,YES,257.247594,2712.905786,105.011699
414000,4366000,ELKOH,18.04462,250000,11.78,45.2,414000 4366000,5.5,Suitable,dodgerblue,YES,257.247594,2712.905786,105.011699
414000,4366000,ELKOH,21.32546,250000,11.3,46.9,414000 4366000,6.5,Suitable,dodgerblue,YES,257.247594,2712.905786,105.011699
414000,4366000,ELKOH,1.64042,250000,11.88,45.4,414000 4366000,0.5,Suitable,dodgerblue,YES,257.247594,2712.905786,105.011699
414000,4366000,ELKOH,4.92126,250000,11.88,45.3,414000 4366000,1.5,Suitable,dodgerblue,YES,257.247594,2712.905786,105.011699
414000,4366000,ELKOH,14.76378,250000,11.83,45.2,414000 4366000,4.5,Suitable,dodgerblue,YES,257.247594,2712.905786,105.011699
414500,4366500,ELKOH,18.04462,250000,11.77,45.2,414500 4366500,5.5,Suitable,dodgerblue,YES,257.5582795,2713.2164715,105.3223845
414500,4366500,ELKOH,14.76378,250000,11.82,45.2,414500 4366500,4.5,Suitable,dodgerblue,YES,257.5582795,2713.2164715,105.3223845
414500,4366500,ELKOH,11.48294,250000,11.86,45.2,414500 4366500,3.5,Suitable,dodgerblue,YES,257.5582795,2713.2164715,105.3223845
414500,4366500,ELKOH,4.92126,250000,11.86,45.3,414500 4366500,1.5,Suitable,dodgerblue,YES,257.5582795,2713.2164715,105.3223845
414500,4366500,ELKOH,21.32546,250000,11.3,46.9,414500 4366500,6.5,Suitable,dodgerblue,YES,257.5582795,2713.2164715,105.3223845
414500,4366500,ELKOH,8.2021,250000,11.86,45.2,414500 4366500,2.5,Suitable,dodgerblue,YES,257.5582795,2713.2164715,105.3223845
414500,4366500,ELKOH,1.64042,250000,11.86,45.4,414500 4366500,0.5,Suitable,dodgerblue,YES,257.5582795,2713.2164715,105.3223845
414500,4367000,ELKOH,8.2021,250000,11.86,45.2,414500 4367000,2.5,Suitable,dodgerblue,YES,257.5582795,2713.527157,105.63307
414500,4367000,ELKOH,1.64042,250000,11.86,45.4,414500 4367000,0.5,Suitable,dodgerblue,YES,257.5582795,2713.527157,105.63307
414500,4367000,ELKOH,18.04462,250000,11.77,45.2,414500 4367000,5.5,Suitable,dodgerblue,YES,257.5582795,2713.527157,105.63307
414500,4367000,ELKOH,4.92126,250000,11.86,45.3,414500 4367000,1.5,Suitable,dodgerblue,YES,257.5582795,2713.527157,105.63307
414500,4367000,ELKOH,14.76378,250000,11.81,45.2,414500 4367000,4.5,Suitable,dodgerblue,YES,257.5582795,2713.527157,105.63307
414500,4367000,ELKOH,11.48294,250000,11.86,45.2,414500 4367000,3.5,Suitable,dodgerblue,YES,257.5582795,2713.527157,105.63307
415000,4366000,ELKOH,14.76378,250000,11.81,45.3,415000 4366000,4.5,Suitable,dodgerblue,YES,257.868965,2712.905786,105.011699
415000,4366000,ELKOH,1.64042,250000,11.85,45.4,415000 4366000,0.5,Suitable,dodgerblue,YES,257.868965,2712.905786,105.011699
415000,4366000,ELKOH,21.32546,250000,11.3,46.9,415000 4366000,6.5,Suitable,dodgerblue,YES,257.868965,2712.905786,105.011699
415000,4366000,ELKOH,18.04462,250000,11.76,45.2,415000 4366000,5.5,Suitable,dodgerblue,YES,257.868965,2712.905786,105.011699
415000,4366000,ELKOH,4.92126,250000,11.85,45.4,415000 4366000,1.5,Suitable,dodgerblue,YES,257.868965,2712.905786,105.011699
415000,4366000,ELKOH,11.48294,250000,11.85,45.3,415000 4366000,3.5,Suitable,dodgerblue,YES,257.868965,2712.905786,105.011699
415000,4366000,ELKOH,8.2021,250000,11.85,45.3,415000 4366000,2.5,Suitable,dodgerblue,YES,257.868965,2712.905786,105.011699
415000,4367000,ELKOH,14.76378,250000,11.8,45.3,415000 4367000,4.5,Suitable,dodgerblue,YES,257.868965,2713.527157,105.63307
415000,4367000,ELKOH,11.48294,250000,11.84,45.3,415000 4367000,3.5,Suitable,dodgerblue,YES,257.868965,2713.527157,105.63307
415000,4367000,ELKOH,8.2021,250000,11.84,45.3,415000 4367000,2.5,Suitable,dodgerblue,YES,257.868965,2713.527157,105.63307
415000,4367000,ELKOH,18.04462,250000,11.75,45.3,415000 4367000,5.5,Suitable,dodgerblue,YES,257.868965,2713.527157,105.63307
415000,4367000,ELKOH,1.64042,250000,11.84,45.5,415000 4367000,0.5,Suitable,dodgerblue,YES,257.868965,2713.527157,105.63307
415000,4367000,ELKOH,4.92126,250000,11.84,45.4,415000 4367000,1.5,Suitable,dodgerblue,YES,257.868965,2713.527157,105.63307
415000,4367500,ELKOH,21.32546,250000,11.3,46.9,415000 4367500,6.5,Suitable,dodgerblue,YES,257.868965,2713.8378425,105.9437555
415000,4367500,ELKOH,18.04462,250000,11.74,45.3,415000 4367500,5.5,Suitable,dodgerblue,YES,257.868965,2713.8378425,105.9437555
415000,4367500,ELKOH,1.64042,250000,11.83,45.5,415000 4367500,0.5,Suitable,dodgerblue,YES,257.868965,2713.8378425,105.9437555
415000,4367500,ELKOH,8.2021,250000,11.83,45.3,415000 4367500,2.5,Suitable,dodgerblue,YES,257.868965,2713.8378425,105.9437555
415000,4367500,ELKOH,14.76378,250000,11.79,45.3,415000 4367500,4.5,Suitable,dodgerblue,YES,257.868965,2713.8378425,105.9437555
415000,4367500,ELKOH,11.48294,250000,11.83,45.3,415000 4367500,3.5,Suitable,dodgerblue,YES,257.868965,2713.8378425,105.9437555
415000,4367500,ELKOH,4.92126,250000,11.83,45.4,415000 4367500,1.5,Suitable,dodgerblue,YES,257.868965,2713.8378425,105.9437555
415500,4368000,ELKOH,21.32546,250000,11.3,46.9,415500 4368000,6.5,Suitable,dodgerblue,YES,258.1796505,2714.148528,106.254441
415500,4368000,ELKOH,1.64042,250000,11.8,45.6,415500 4368000,0.5,Suitable,dodgerblue,YES,258.1796505,2714.148528,106.254441
415500,4368000,ELKOH,4.92126,250000,11.8,45.5,415500 4368000,1.5,Suitable,dodgerblue,YES,258.1796505,2714.148528,106.254441
415500,4368000,ELKOH,18.04462,250000,11.71,45.4,415500 4368000,5.5,Suitable,dodgerblue,YES,258.1796505,2714.148528,106.254441
415500,4368000,ELKOH,14.76378,250000,11.76,45.4,415500 4368000,4.5,Suitable,dodgerblue,YES,258.1796505,2714.148528,106.254441
415500,4368000,ELKOH,11.48294,250000,11.8,45.4,415500 4368000,3.5,Suitable,dodgerblue,YES,258.1796505,2714.148528,106.254441
415500,4368000,ELKOH,8.2021,250000,11.8,45.4,415500 4368000,2.5,Suitable,dodgerblue,YES,258.1796505,2714.148528,106.254441
416000,4368000,ELKOH,14.76378,250000,11.73,45.5,416000 4368000,4.5,Suitable,dodgerblue,YES,258.490336,2714.148528,106.254441
416000,4368000,ELKOH,18.04462,250000,11.69,45.5,416000 4368000,5.5,Suitable,dodgerblue,YES,258.490336,2714.148528,106.254441
416000,4368000,ELKOH,11.48294,250000,11.77,45.5,416000 4368000,3.5,Suitable,dodgerblue,YES,258.490336,2714.148528,106.254441
416000,4368000,ELKOH,1.64042,250000,11.77,45.7,416000 4368000,0.5,Suitable,dodgerblue,YES,258.490336,2714.148528,106.254441
416000,4368000,ELKOH,8.2021,250000,11.77,45.5,416000 4368000,2.5,Suitable,dodgerblue,YES,258.490336,2714.148528,106.254441
416000,4368000,ELKOH,21.32546,250000,11.3,46.9,416000 4368000,6.5,Suitable,dodgerblue,YES,258.490336,2714.148528,106.254441
416000,4368000,ELKOH,4.92126,250000,11.77,45.6,416000 4368000,1.5,Suitable,dodgerblue,YES,258.490336,2714.148528,106.254441
416000,4368500,ELKOH,1.64042,250000,11.75,45.7,416000 4368500,0.5,Suitable,dodgerblue,YES,258.490336,2714.4592135,106.5651265
416000,4368500,ELKOH,21.32546,250000,11.3,46.9,416000 4368500,6.5,Suitable,dodgerblue,YES,258.490336,2714.4592135,106.5651265
416000,4368500,ELKOH,4.92126,250000,11.75,45.7,416000 4368500,1.5,Suitable,dodgerblue,YES,258.490336,2714.4592135,106.5651265
416000,4368500,ELKOH,11.48294,250000,11.75,45.6,416000 4368500,3.5,Suitable,dodgerblue,YES,258.490336,2714.4592135,106.5651265
416000,4368500,ELKOH,8.2021,250000,11.75,45.6,416000 4368500,2.5,Suitable,dodgerblue,YES,258.490336,2714.4592135,106.5651265
416000,4368500,ELKOH,18.04462,250000,11.68,45.5,416000 4368500,5.5,Suitable,dodgerblue,YES,258.490336,2714.4592135,106.5651265
416000,4368500,ELKOH,24.6063,250000,11.3,46.9,416000 4368500,7.5,Suitable,dodgerblue,YES,258.490336,2714.4592135,106.5651265
416000,4368500,ELKOH,14.76378,250000,11.71,45.6,416000 4368500,4.5,Suitable,dodgerblue,YES,258.490336,2714.4592135,106.5651265
416500,4369000,ELKOH,27.88714,250000,11.3,46.7,416500 4369000,8.5,Suitable,dodgerblue,YES,258.8010215,2714.769899,106.875812
416500,4369000,ELKOH,14.76378,250000,11.66,45.7,416500 4369000,4.5,Suitable,dodgerblue,YES,258.8010215,2714.769899,106.875812
416500,4369000,ELKOH,11.48294,250000,11.7,45.8,416500 4369000,3.5,Suitable,dodgerblue,YES,258.8010215,2714.769899,106.875812
416500,4369000,ELKOH,4.92126,250000,11.7,45.8,416500 4369000,1.5,Suitable,dodgerblue,YES,258.8010215,2714.769899,106.875812
416500,4369000,ELKOH,8.2021,250000,11.7,45.8,416500 4369000,2.5,Suitable,dodgerblue,YES,258.8010215,2714.769899,106.875812
416500,4369000,ELKOH,1.64042,250000,11.7,45.9,416500 4369000,0.5,Suitable,dodgerblue,YES,258.8010215,2714.769899,106.875812
416500,4369000,ELKOH,24.6063,250000,11.3,46.9,416500 4369000,7.5,Suitable,dodgerblue,YES,258.8010215,2714.769899,106.875812
416500,4369000,ELKOH,18.04462,250000,11.63,45.7,416500 4369000,5.5,Suitable,dodgerblue,YES,258.8010215,2714.769899,106.875812
416500,4369000,ELKOH,21.32546,250000,11.3,46.9,416500 4369000,6.5,Suitable,dodgerblue,YES,258.8010215,2714.769899,106.875812
417000,4369500,ELKOH,21.32546,250000,11.3,46.9,417000 4369500,6.5,Suitable,dodgerblue,YES,259.111707,2715.0805845,107.1864975
417000,4369500,ELKOH,24.6063,250000,11.3,46.9,417000 4369500,7.5,Suitable,dodgerblue,YES,259.111707,2715.0805845,107.1864975
417000,4369500,ELKOH,14.76378,250000,11.61,45.9,417000 4369500,4.5,Suitable,dodgerblue,YES,259.111707,2715.0805845,107.1864975
417000,4369500,ELKOH,18.04462,250000,11.58,45.9,417000 4369500,5.5,Suitable,dodgerblue,YES,259.111707,2715.0805845,107.1864975
417000,4369500,ELKOH,27.88714,250000,11.3,46.7,417000 4369500,8.5,Suitable,dodgerblue,YES,259.111707,2715.0805845,107.1864975
417000,4369500,ELKOH,11.48294,250000,11.64,46,417000 4369500,3.5,Suitable,dodgerblue,YES,259.111707,2715.0805845,107.1864975
417000,4369500,ELKOH,4.92126,250000,11.64,46,417000 4369500,1.5,Suitable,dodgerblue,YES,259.111707,2715.0805845,107.1864975
417000,4369500,ELKOH,1.64042,250000,11.64,46.1,417000 4369500,0.5,Suitable,dodgerblue,YES,259.111707,2715.0805845,107.1864975
417000,4369500,ELKOH,8.2021,250000,11.64,46,417000 4369500,2.5,Suitable,dodgerblue,YES,259.111707,2715.0805845,107.1864975
417500,4370000,ELKOH,4.92126,250000,11.57,46.2,417500 4370000,1.5,Suitable,dodgerblue,YES,259.4223925,2715.39127,107.497183
417500,4370000,ELKOH,11.48294,250000,11.57,46.2,417500 4370000,3.5,Suitable,dodgerblue,YES,259.4223925,2715.39127,107.497183
417500,4370000,ELKOH,21.32546,250000,11.3,46.9,417500 4370000,6.5,Suitable,dodgerblue,YES,259.4223925,2715.39127,107.497183
417500,4370000,ELKOH,14.76378,250000,11.55,46.1,417500 4370000,4.5,Suitable,dodgerblue,YES,259.4223925,2715.39127,107.497183
417500,4370000,ELKOH,8.2021,250000,11.57,46.2,417500 4370000,2.5,Suitable,dodgerblue,YES,259.4223925,2715.39127,107.497183
417500,4370000,ELKOH,1.64042,250000,11.57,46.3,417500 4370000,0.5,Suitable,dodgerblue,YES,259.4223925,2715.39127,107.497183
417500,4370000,ELKOH,18.04462,250000,11.53,46.1,417500 4370000,5.5,Suitable,dodgerblue,YES,259.4223925,2715.39127,107.497183
418000,4370500,ELKOH,8.2021,250000,11.51,46.4,418000 4370500,2.5,Suitable,dodgerblue,YES,259.733078,2715.7019555,107.8078685
418000,4370500,ELKOH,4.92126,250000,11.51,46.4,418000 4370500,1.5,Suitable,dodgerblue,YES,259.733078,2715.7019555,107.8078685
418000,4370500,ELKOH,18.04462,250000,11.48,46.3,418000 4370500,5.5,Suitable,dodgerblue,YES,259.733078,2715.7019555,107.8078685
418000,4370500,ELKOH,11.48294,250000,11.51,46.4,418000 4370500,3.5,Suitable,dodgerblue,YES,259.733078,2715.7019555,107.8078685
418000,4370500,ELKOH,1.64042,250000,11.51,46.5,418000 4370500,0.5,Suitable,dodgerblue,YES,259.733078,2715.7019555,107.8078685
418000,4370500,ELKOH,21.32546,250000,11.3,46.9,418000 4370500,6.5,Suitable,dodgerblue,YES,259.733078,2715.7019555,107.8078685
418000,4370500,ELKOH,14.76378,250000,11.49,46.3,418000 4370500,4.5,Suitable,dodgerblue,YES,259.733078,2715.7019555,107.8078685
419500,4371000,ELKOH,4.92126,250000,11.4,46.8,419500 4371000,1.5,Suitable,dodgerblue,YES,260.6651345,2716.012641,108.118554
419500,4371000,ELKOH,1.64042,250000,11.4,46.8,419500 4371000,0.5,Suitable,dodgerblue,YES,260.6651345,2716.012641,108.118554
419500,4371500,ELKOH,11.48294,250000,11.38,46.8,419500 4371500,3.5,Suitable,dodgerblue,YES,260.6651345,2716.3233265,108.4292395
419500,4371500,ELKOH,14.76378,250000,11.38,46.7,419500 4371500,4.5,Suitable,dodgerblue,YES,260.6651345,2716.3233265,108.4292395
419500,4371500,ELKOH,8.2021,250000,11.38,46.8,419500 4371500,2.5,Suitable,dodgerblue,YES,260.6651345,2716.3233265,108.4292395
419500,4371500,ELKOH,4.92126,250000,11.38,46.8,419500 4371500,1.5,Suitable,dodgerblue,YES,260.6651345,2716.3233265,108.4292395
419500,4371500,ELKOH,1.64042,250000,11.38,46.8,419500 4371500,0.5,Suitable,dodgerblue,YES,260.6651345,2716.3233265,108.4292395
420000,4372000,ELKOH,4.92126,250000,11.35,46.9,420000 4372000,1.5,Suitable,dodgerblue,YES,260.97582,2716.634012,108.739925
420000,4372000,ELKOH,8.2021,250000,11.35,46.9,420000 4372000,2.5,Suitable,dodgerblue,YES,260.97582,2716.634012,108.739925
420000,4372000,ELKOH,11.48294,250000,11.35,46.9,420000 4372000,3.5,Suitable,dodgerblue,YES,260.97582,2716.634012,108.739925
420000,4372000,ELKOH,1.64042,250000,11.35,46.9,420000 4372000,0.5,Suitable,dodgerblue,YES,260.97582,2716.634012,108.739925
420000,4372500,ELKOH,1.64042,250000,11.34,47,420000 4372500,0.5,Suitable,dodgerblue,YES,260.97582,2716.9446975,109.0506105
420000,4372500,ELKOH,14.76378,250000,11.34,46.9,420000 4372500,4.5,Suitable,dodgerblue,YES,260.97582,2716.9446975,109.0506105
420000,4372500,ELKOH,4.92126,250000,11.34,47,420000 4372500,1.5,Suitable,dodgerblue,YES,260.97582,2716.9446975,109.0506105
420000,4372500,ELKOH,8.2021,250000,11.34,47,420000 4372500,2.5,Suitable,dodgerblue,YES,260.97582,2716.9446975,109.0506105
420000,4372500,ELKOH,11.48294,250000,11.34,47,420000 4372500,3.5,Suitable,dodgerblue,YES,260.97582,2716.9446975,109.0506105
420500,4373000,ELKOH,21.32546,250000,11.3,46.9,420500 4373000,6.5,Suitable,dodgerblue,YES,261.2865055,2717.255383,109.361296
420500,4373000,ELKOH,1.64042,250000,11.32,47,420500 4373000,0.5,Suitable,dodgerblue,YES,261.2865055,2717.255383,109.361296
420500,4373000,ELKOH,11.48294,250000,11.32,47,420500 4373000,3.5,Suitable,dodgerblue,YES,261.2865055,2717.255383,109.361296
420500,4373000,ELKOH,8.2021,250000,11.32,47,420500 4373000,2.5,Suitable,dodgerblue,YES,261.2865055,2717.255383,109.361296
420500,4373000,ELKOH,18.04462,250000,11.32,46.8,420500 4373000,5.5,Suitable,dodgerblue,YES,261.2865055,2717.255383,109.361296
420500,4373000,ELKOH,14.76378,250000,11.32,46.9,420500 4373000,4.5,Suitable,dodgerblue,YES,261.2865055,2717.255383,109.361296
420500,4373000,ELKOH,4.92126,250000,11.32,47,420500 4373000,1.5,Suitable,dodgerblue,YES,261.2865055,2717.255383,109.361296
422000,4373500,ELKOH,1.64042,250000,11.3,47.1,422000 4373500,0.5,Suitable,dodgerblue,YES,262.218562,2717.5660685,109.6719815
422000,4373500,ELKOH,27.88714,250000,11.3,46.7,422000 4373500,8.5,Suitable,dodgerblue,YES,262.218562,2717.5660685,109.6719815
422000,4373500,ELKOH,31.16798,250000,11.28,46.5,422000 4373500,9.5,Suitable,dodgerblue,YES,262.218562,2717.5660685,109.6719815
422000,4373500,ELKOH,24.6063,250000,11.3,46.9,422000 4373500,7.5,Suitable,dodgerblue,YES,262.218562,2717.5660685,109.6719815
422000,4373500,ELKOH,21.32546,250000,11.3,46.9,422000 4373500,6.5,Suitable,dodgerblue,YES,262.218562,2717.5660685,109.6719815
422000,4373500,ELKOH,14.76378,250000,11.3,47,422000 4373500,4.5,Suitable,dodgerblue,YES,262.218562,2717.5660685,109.6719815
422000,4373500,ELKOH,4.92126,250000,11.3,47.1,422000 4373500,1.5,Suitable,dodgerblue,YES,262.218562,2717.5660685,109.6719815
422000,4373500,ELKOH,8.2021,250000,11.3,47.1,422000 4373500,2.5,Suitable,dodgerblue,YES,262.218562,2717.5660685,109.6719815
422000,4373500,ELKOH,18.04462,250000,11.3,46.9,422000 4373500,5.5,Suitable,dodgerblue,YES,262.218562,2717.5660685,109.6719815
422000,4373500,ELKOH,11.48294,250000,11.3,47.1,422000 4373500,3.5,Suitable,dodgerblue,YES,262.218562,2717.5660685,109.6719815
423500,4374000,ELKOH,11.48294,250000,11.3,47.1,423500 4374000,3.5,Suitable,dodgerblue,YES,263.1506185,2717.876754,109.982667
423500,4374000,ELKOH,1.64042,250000,11.3,47.1,423500 4374000,0.5,Suitable,dodgerblue,YES,263.1506185,2717.876754,109.982667
423500,4374000,ELKOH,18.04462,250000,11.3,46.9,423500 4374000,5.5,Suitable,dodgerblue,YES,263.1506185,2717.876754,109.982667
423500,4374000,ELKOH,8.2021,250000,11.3,47.1,423500 4374000,2.5,Suitable,dodgerblue,YES,263.1506185,2717.876754,109.982667
423500,4374000,ELKOH,24.6063,250000,11.3,46.9,423500 4374000,7.5,Suitable,dodgerblue,YES,263.1506185,2717.876754,109.982667
423500,4374000,ELKOH,27.88714,250000,11.3,46.7,423500 4374000,8.5,Suitable,dodgerblue,YES,263.1506185,2717.876754,109.982667
423500,4374000,ELKOH,21.32546,250000,11.3,46.9,423500 4374000,6.5,Suitable,dodgerblue,YES,263.1506185,2717.876754,109.982667
423500,4374000,ELKOH,14.76378,250000,11.3,47,423500 4374000,4.5,Suitable,dodgerblue,YES,263.1506185,2717.876754,109.982667
423500,4374000,ELKOH,4.92126,250000,11.3,47.1,423500 4374000,1.5,Suitable,dodgerblue,YES,263.1506185,2717.876754,109.982667
424000,4374500,ELKOH,31.16798,250000,11.28,46.5,424000 4374500,9.5,Suitable,dodgerblue,YES,263.461304,2718.1874395,110.2933525
424000,4374500,ELKOH,18.04462,250000,11.31,46.9,424000 4374500,5.5,Suitable,dodgerblue,YES,263.461304,2718.1874395,110.2933525
424000,4374500,ELKOH,27.88714,250000,11.3,46.7,424000 4374500,8.5,Suitable,dodgerblue,YES,263.461304,2718.1874395,110.2933525
424000,4374500,ELKOH,24.6063,250000,11.3,46.9,424000 4374500,7.5,Suitable,dodgerblue,YES,263.461304,2718.1874395,110.2933525
424000,4374500,ELKOH,8.2021,250000,11.31,47.1,424000 4374500,2.5,Suitable,dodgerblue,YES,263.461304,2718.1874395,110.2933525
424000,4374500,ELKOH,14.76378,250000,11.31,47,424000 4374500,4.5,Suitable,dodgerblue,YES,263.461304,2718.1874395,110.2933525
424000,4374500,ELKOH,1.64042,250000,11.31,47.1,424000 4374500,0.5,Suitable,dodgerblue,YES,263.461304,2718.1874395,110.2933525
424000,4374500,ELKOH,4.92126,250000,11.31,47.1,424000 4374500,1.5,Suitable,dodgerblue,YES,263.461304,2718.1874395,110.2933525
424000,4374500,ELKOH,21.32546,250000,11.3,46.9,424000 4374500,6.5,Suitable,dodgerblue,YES,263.461304,2718.1874395,110.2933525
424000,4374500,ELKOH,11.48294,250000,11.31,47.1,424000 4374500,3.5,Suitable,dodgerblue,YES,263.461304,2718.1874395,110.2933525
424500,4375000,ELKOH,11.48294,250000,11.31,47.1,424500 4375000,3.5,Suitable,dodgerblue,YES,263.7719895,2718.498125,110.604038
424500,4375000,ELKOH,18.04462,250000,11.31,46.9,424500 4375000,5.5,Suitable,dodgerblue,YES,263.7719895,2718.498125,110.604038
424500,4375000,ELKOH,14.76378,250000,11.31,47,424500 4375000,4.5,Suitable,dodgerblue,YES,263.7719895,2718.498125,110.604038
424500,4375000,ELKOH,4.92126,250000,11.31,47.1,424500 4375000,1.5,Suitable,dodgerblue,YES,263.7719895,2718.498125,110.604038
424500,4375000,ELKOH,8.2021,250000,11.31,47.1,424500 4375000,2.5,Suitable,dodgerblue,YES,263.7719895,2718.498125,110.604038
424500,4375000,ELKOH,1.64042,250000,11.31,47.1,424500 4375000,0.5,Suitable,dodgerblue,YES,263.7719895,2718.498125,110.604038
424500,4375000,ELKOH,21.32546,250000,11.3,46.9,424500 4375000,6.5,Suitable,dodgerblue,YES,263.7719895,2718.498125,110.604038
425000,4375300,C&DOH,14.76378,10000,11.31,46.9,425000 4375300,4.5,Suitable,dodgerblue,YES,264.082675,2718.6845363,110.7904493
425000,4375300,C&DOH,18.04462,10000,11.31,46.8,425000 4375300,5.5,Suitable,dodgerblue,YES,264.082675,2718.6845363,110.7904493
425000,4375300,C&DOH,24.6063,10000,11.3,46.9,425000 4375300,7.5,Suitable,dodgerblue,YES,264.082675,2718.6845363,110.7904493
425000,4375300,C&DOH,8.2021,10000,11.31,47,425000 4375300,2.5,Suitable,dodgerblue,YES,264.082675,2718.6845363,110.7904493
425000,4375300,C&DOH,11.48294,10000,11.31,47,425000 4375300,3.5,Suitable,dodgerblue,YES,264.082675,2718.6845363,110.7904493
425000,4375300,C&DOH,4.92126,10000,11.31,47,425000 4375300,1.5,Suitable,dodgerblue,YES,264.082675,2718.6845363,110.7904493
425000,4375300,C&DOH,1.64042,10000,11.31,47,425000 4375300,0.5,Suitable,dodgerblue,YES,264.082675,2718.6845363,110.7904493
425000,4375300,C&DOH,21.32546,10000,11.3,46.9,425000 4375300,6.5,Suitable,dodgerblue,YES,264.082675,2718.6845363,110.7904493
425000,4375300,C&DOH,27.88714,10000,11.3,46.7,425000 4375300,8.5,Suitable,dodgerblue,YES,264.082675,2718.6845363,110.7904493
425000,4375400,C&DOH,1.64042,10000,11.31,47,425000 4375400,0.5,Suitable,dodgerblue,YES,264.082675,2718.7466734,110.8525864
425000,4375400,C&DOH,31.16798,10000,11.29,46.6,425000 4375400,9.5,Suitable,dodgerblue,YES,264.082675,2718.7466734,110.8525864
425000,4375400,C&DOH,21.32546,10000,11.3,46.9,425000 4375400,6.5,Suitable,dodgerblue,YES,264.082675,2718.7466734,110.8525864
425000,4375400,C&DOH,11.48294,10000,11.31,47,425000 4375400,3.5,Suitable,dodgerblue,YES,264.082675,2718.7466734,110.8525864
425000,4375400,C&DOH,34.44882,10000,11.24,46.5,425000 4375400,10.5,Suitable,dodgerblue,YES,264.082675,2718.7466734,110.8525864
425000,4375400,C&DOH,24.6063,10000,11.3,46.9,425000 4375400,7.5,Suitable,dodgerblue,YES,264.082675,2718.7466734,110.8525864
425000,4375400,C&DOH,8.2021,10000,11.31,47,425000 4375400,2.5,Suitable,dodgerblue,YES,264.082675,2718.7466734,110.8525864
425000,4375400,C&DOH,4.92126,10000,11.31,47,425000 4375400,1.5,Suitable,dodgerblue,YES,264.082675,2718.7466734,110.8525864
425000,4375400,C&DOH,27.88714,10000,11.3,46.7,425000 4375400,8.5,Suitable,dodgerblue,YES,264.082675,2718.7466734,110.8525864
425000,4375400,C&DOH,18.04462,10000,11.31,46.8,425000 4375400,5.5,Suitable,dodgerblue,YES,264.082675,2718.7466734,110.8525864
425000,4375400,C&DOH,14.76378,10000,11.31,46.9,425000 4375400,4.5,Suitable,dodgerblue,YES,264.082675,2718.7466734,110.8525864
425100,4375400,C&DOH,27.88714,10000,11.3,46.7,425100 4375400,8.5,Suitable,dodgerblue,YES,264.1448121,2718.7466734,110.8525864
425100,4375400,C&DOH,11.48294,10000,11.31,47,425100 4375400,3.5,Suitable,dodgerblue,YES,264.1448121,2718.7466734,110.8525864
425100,4375400,C&DOH,1.64042,10000,11.31,47,425100 4375400,0.5,Suitable,dodgerblue,YES,264.1448121,2718.7466734,110.8525864
425100,4375400,C&DOH,34.44882,10000,11.24,46.5,425100 4375400,10.5,Suitable,dodgerblue,YES,264.1448121,2718.7466734,110.8525864
425100,4375400,C&DOH,24.6063,10000,11.3,46.9,425100 4375400,7.5,Suitable,dodgerblue,YES,264.1448121,2718.7466734,110.8525864
425100,4375400,C&DOH,4.92126,10000,11.31,47,425100 4375400,1.5,Suitable,dodgerblue,YES,264.1448121,2718.7466734,110.8525864
425100,4375400,C&DOH,31.16798,10000,11.29,46.6,425100 4375400,9.5,Suitable,dodgerblue,YES,264.1448121,2718.7466734,110.8525864
425100,4375400,C&DOH,18.04462,10000,11.31,46.8,425100 4375400,5.5,Suitable,dodgerblue,YES,264.1448121,2718.7466734,110.8525864
425100,4375400,C&DOH,14.76378,10000,11.31,46.9,425100 4375400,4.5,Suitable,dodgerblue,YES,264.1448121,2718.7466734,110.8525864
425100,4375400,C&DOH,21.32546,10000,11.3,46.9,425100 4375400,6.5,Suitable,dodgerblue,YES,264.1448121,2718.7466734,110.8525864
425100,4375400,C&DOH,8.2021,10000,11.31,47,425100 4375400,2.5,Suitable,dodgerblue,YES,264.1448121,2718.7466734,110.8525864
425100,4375500,C&DOH,1.64042,10000,11.31,47,425100 4375500,0.5,Suitable,dodgerblue,YES,264.1448121,2718.8088105,110.9147235
425100,4375500,C&DOH,18.04462,10000,11.31,46.8,425100 4375500,5.5,Suitable,dodgerblue,YES,264.1448121,2718.8088105,110.9147235
425100,4375500,C&DOH,8.2021,10000,11.31,47,425100 4375500,2.5,Suitable,dodgerblue,YES,264.1448121,2718.8088105,110.9147235
425100,4375500,C&DOH,21.32546,10000,11.3,46.9,425100 4375500,6.5,Suitable,dodgerblue,YES,264.1448121,2718.8088105,110.9147235
425100,4375500,C&DOH,14.76378,10000,11.31,46.9,425100 4375500,4.5,Suitable,dodgerblue,YES,264.1448121,2718.8088105,110.9147235
425100,4375500,C&DOH,4.92126,10000,11.31,47,425100 4375500,1.5,Suitable,dodgerblue,YES,264.1448121,2718.8088105,110.9147235
425100,4375500,C&DOH,27.88714,10000,11.3,46.7,425100 4375500,8.5,Suitable,dodgerblue,YES,264.1448121,2718.8088105,110.9147235
425100,4375500,C&DOH,34.44882,10000,11.24,46.5,425100 4375500,10.5,Suitable,dodgerblue,YES,264.1448121,2718.8088105,110.9147235
425100,4375500,C&DOH,11.48294,10000,11.31,47,425100 4375500,3.5,Suitable,dodgerblue,YES,264.1448121,2718.8088105,110.9147235
425100,4375500,C&DOH,24.6063,10000,11.3,46.9,425100 4375500,7.5,Suitable,dodgerblue,YES,264.1448121,2718.8088105,110.9147235
425100,4375500,C&DOH,31.16798,10000,11.29,46.6,425100 4375500,9.5,Suitable,dodgerblue,YES,264.1448121,2718.8088105,110.9147235
425200,4375500,C&DOH,34.44882,10000,11.25,46.5,425200 4375500,10.5,Suitable,dodgerblue,YES,264.2069492,2718.8088105,110.9147235
425200,4375500,C&DOH,31.16798,10000,11.29,46.6,425200 4375500,9.5,Suitable,dodgerblue,YES,264.2069492,2718.8088105,110.9147235
425200,4375500,C&DOH,21.32546,10000,11.3,46.9,425200 4375500,6.5,Suitable,dodgerblue,YES,264.2069492,2718.8088105,110.9147235
425200,4375500,C&DOH,27.88714,10000,11.3,46.7,425200 4375500,8.5,Suitable,dodgerblue,YES,264.2069492,2718.8088105,110.9147235
425200,4375500,C&DOH,18.04462,10000,11.31,46.8,425200 4375500,5.5,Suitable,dodgerblue,YES,264.2069492,2718.8088105,110.9147235
425200,4375500,C&DOH,14.76378,10000,11.31,46.9,425200 4375500,4.5,Suitable,dodgerblue,YES,264.2069492,2718.8088105,110.9147235
425200,4375500,C&DOH,24.6063,10000,11.3,46.9,425200 4375500,7.5,Suitable,dodgerblue,YES,264.2069492,2718.8088105,110.9147235
425200,4375500,C&DOH,11.48294,10000,11.32,47,425200 4375500,3.5,Suitable,dodgerblue,YES,264.2069492,2718.8088105,110.9147235
425200,4375500,C&DOH,4.92126,10000,11.32,47,425200 4375500,1.5,Suitable,dodgerblue,YES,264.2069492,2718.8088105,110.9147235
425200,4375500,C&DOH,1.64042,10000,11.32,47,425200 4375500,0.5,Suitable,dodgerblue,YES,264.2069492,2718.8088105,110.9147235
425200,4375500,C&DOH,8.2021,10000,11.32,47,425200 4375500,2.5,Suitable,dodgerblue,YES,264.2069492,2718.8088105,110.9147235
425300,4375600,C&DOH,8.2021,10000,11.32,46.9,425300 4375600,2.5,Suitable,dodgerblue,YES,264.2690863,2718.8709476,110.9768606
425300,4375600,C&DOH,18.04462,10000,11.31,46.8,425300 4375600,5.5,Suitable,dodgerblue,YES,264.2690863,2718.8709476,110.9768606
425300,4375600,C&DOH,11.48294,10000,11.32,46.9,425300 4375600,3.5,Suitable,dodgerblue,YES,264.2690863,2718.8709476,110.9768606
425300,4375600,C&DOH,27.88714,10000,11.3,46.7,425300 4375600,8.5,Suitable,dodgerblue,YES,264.2690863,2718.8709476,110.9768606
425300,4375600,C&DOH,34.44882,10000,11.25,46.5,425300 4375600,10.5,Suitable,dodgerblue,YES,264.2690863,2718.8709476,110.9768606
425300,4375600,C&DOH,24.6063,10000,11.3,46.9,425300 4375600,7.5,Suitable,dodgerblue,YES,264.2690863,2718.8709476,110.9768606
425300,4375600,C&DOH,21.32546,10000,11.3,46.9,425300 4375600,6.5,Suitable,dodgerblue,YES,264.2690863,2718.8709476,110.9768606
425300,4375600,C&DOH,4.92126,10000,11.32,46.9,425300 4375600,1.5,Suitable,dodgerblue,YES,264.2690863,2718.8709476,110.9768606
425300,4375600,C&DOH,14.76378,10000,11.31,46.9,425300 4375600,4.5,Suitable,dodgerblue,YES,264.2690863,2718.8709476,110.9768606
425300,4375600,C&DOH,31.16798,10000,11.29,46.6,425300 4375600,9.5,Suitable,dodgerblue,YES,264.2690863,2718.8709476,110.9768606
425300,4375600,C&DOH,1.64042,10000,11.32,47,425300 4375600,0.5,Suitable,dodgerblue,YES,264.2690863,2718.8709476,110.9768606
425400,4375600,C&DOH,11.48294,10000,11.32,46.9,425400 4375600,3.5,Suitable,dodgerblue,YES,264.3312234,2718.8709476,110.9768606
425400,4375600,C&DOH,4.92126,10000,11.32,46.9,425400 4375600,1.5,Suitable,dodgerblue,YES,264.3312234,2718.8709476,110.9768606
425400,4375600,C&DOH,34.44882,10000,11.25,46.5,425400 4375600,10.5,Suitable,dodgerblue,YES,264.3312234,2718.8709476,110.9768606
425400,4375600,C&DOH,8.2021,10000,11.32,46.9,425400 4375600,2.5,Suitable,dodgerblue,YES,264.3312234,2718.8709476,110.9768606
425400,4375600,C&DOH,31.16798,10000,11.29,46.6,425400 4375600,9.5,Suitable,dodgerblue,YES,264.3312234,2718.8709476,110.9768606
425400,4375600,C&DOH,14.76378,10000,11.31,46.9,425400 4375600,4.5,Suitable,dodgerblue,YES,264.3312234,2718.8709476,110.9768606
425400,4375600,C&DOH,1.64042,10000,11.32,46.9,425400 4375600,0.5,Suitable,dodgerblue,YES,264.3312234,2718.8709476,110.9768606
425400,4375600,C&DOH,24.6063,10000,11.3,46.9,425400 4375600,7.5,Suitable,dodgerblue,YES,264.3312234,2718.8709476,110.9768606
425400,4375600,C&DOH,27.88714,10000,11.3,46.7,425400 4375600,8.5,Suitable,dodgerblue,YES,264.3312234,2718.8709476,110.9768606
425400,4375600,C&DOH,21.32546,10000,11.3,46.9,425400 4375600,6.5,Suitable,dodgerblue,YES,264.3312234,2718.8709476,110.9768606
425400,4375600,C&DOH,18.04462,10000,11.31,46.8,425400 4375600,5.5,Suitable,dodgerblue,YES,264.3312234,2718.8709476,110.9768606
425400,4375700,C&DOH,21.32546,10000,11.3,46.9,425400 4375700,6.5,Suitable,dodgerblue,YES,264.3312234,2718.9330847,111.0389977
425400,4375700,C&DOH,8.2021,10000,11.32,46.9,425400 4375700,2.5,Suitable,dodgerblue,YES,264.3312234,2718.9330847,111.0389977
425400,4375700,C&DOH,27.88714,10000,11.3,46.7,425400 4375700,8.5,Suitable,dodgerblue,YES,264.3312234,2718.9330847,111.0389977
425400,4375700,C&DOH,31.16798,10000,11.29,46.6,425400 4375700,9.5,Suitable,dodgerblue,YES,264.3312234,2718.9330847,111.0389977
425400,4375700,C&DOH,14.76378,10000,11.31,46.9,425400 4375700,4.5,Suitable,dodgerblue,YES,264.3312234,2718.9330847,111.0389977
425400,4375700,C&DOH,11.48294,10000,11.32,46.9,425400 4375700,3.5,Suitable,dodgerblue,YES,264.3312234,2718.9330847,111.0389977
425400,4375700,C&DOH,4.92126,10000,11.32,46.9,425400 4375700,1.5,Suitable,dodgerblue,YES,264.3312234,2718.9330847,111.0389977
425400,4375700,C&DOH,24.6063,10000,11.3,46.9,425400 4375700,7.5,Suitable,dodgerblue,YES,264.3312234,2718.9330847,111.0389977
425400,4375700,C&DOH,18.04462,10000,11.31,46.8,425400 4375700,5.5,Suitable,dodgerblue,YES,264.3312234,2718.9330847,111.0389977
425400,4375700,C&DOH,34.44882,10000,11.25,46.6,425400 4375700,10.5,Suitable,dodgerblue,YES,264.3312234,2718.9330847,111.0389977
425400,4375700,C&DOH,1.64042,10000,11.32,46.9,425400 4375700,0.5,Suitable,dodgerblue,YES,264.3312234,2718.9330847,111.0389977
425500,4375700,C&DOH,11.48294,10000,11.32,46.9,425500 4375700,3.5,Suitable,dodgerblue,YES,264.3933605,2718.9330847,111.0389977
425500,4375700,C&DOH,34.44882,10000,11.25,46.6,425500 4375700,10.5,Suitable,dodgerblue,YES,264.3933605,2718.9330847,111.0389977
425500,4375700,C&DOH,18.04462,10000,11.31,46.8,425500 4375700,5.5,Suitable,dodgerblue,YES,264.3933605,2718.9330847,111.0389977
425500,4375700,C&DOH,8.2021,10000,11.32,46.9,425500 4375700,2.5,Suitable,dodgerblue,YES,264.3933605,2718.9330847,111.0389977
425500,4375700,C&DOH,14.76378,10000,11.31,46.9,425500 4375700,4.5,Suitable,dodgerblue,YES,264.3933605,2718.9330847,111.0389977
425500,4375700,C&DOH,1.64042,10000,11.32,46.9,425500 4375700,0.5,Suitable,dodgerblue,YES,264.3933605,2718.9330847,111.0389977
425500,4375700,C&DOH,27.88714,10000,11.3,46.7,425500 4375700,8.5,Suitable,dodgerblue,YES,264.3933605,2718.9330847,111.0389977
425500,4375700,C&DOH,21.32546,10000,11.3,46.9,425500 4375700,6.5,Suitable,dodgerblue,YES,264.3933605,2718.9330847,111.0389977
425500,4375700,C&DOH,31.16798,10000,11.29,46.6,425500 4375700,9.5,Suitable,dodgerblue,YES,264.3933605,2718.9330847,111.0389977
425500,4375700,C&DOH,24.6063,10000,11.3,46.9,425500 4375700,7.5,Suitable,dodgerblue,YES,264.3933605,2718.9330847,111.0389977
425500,4375700,C&DOH,4.92126,10000,11.32,46.9,425500 4375700,1.5,Suitable,dodgerblue,YES,264.3933605,2718.9330847,111.0389977
425500,4375800,C&DOH,31.16798,10000,11.29,46.6,425500 4375800,9.5,Suitable,dodgerblue,YES,264.3933605,2718.9952218,111.1011348
425500,4375800,C&DOH,21.32546,10000,11.3,46.9,425500 4375800,6.5,Suitable,dodgerblue,YES,264.3933605,2718.9952218,111.1011348
425500,4375800,C&DOH,14.76378,10000,11.31,46.9,425500 4375800,4.5,Suitable,dodgerblue,YES,264.3933605,2718.9952218,111.1011348
425500,4375800,C&DOH,18.04462,10000,11.31,46.8,425500 4375800,5.5,Suitable,dodgerblue,YES,264.3933605,2718.9952218,111.1011348
425500,4375800,C&DOH,27.88714,10000,11.3,46.7,425500 4375800,8.5,Suitable,dodgerblue,YES,264.3933605,2718.9952218,111.1011348
425500,4375800,C&DOH,11.48294,10000,11.32,46.9,425500 4375800,3.5,Suitable,dodgerblue,YES,264.3933605,2718.9952218,111.1011348
425500,4375800,C&DOH,8.2021,10000,11.32,46.9,425500 4375800,2.5,Suitable,dodgerblue,YES,264.3933605,2718.9952218,111.1011348
425500,4375800,C&DOH,34.44882,10000,11.25,46.6,425500 4375800,10.5,Suitable,dodgerblue,YES,264.3933605,2718.9952218,111.1011348
425500,4375800,C&DOH,24.6063,10000,11.3,46.9,425500 4375800,7.5,Suitable,dodgerblue,YES,264.3933605,2718.9952218,111.1011348
425500,4375800,C&DOH,1.64042,10000,11.32,46.9,425500 4375800,0.5,Suitable,dodgerblue,YES,264.3933605,2718.9952218,111.1011348
425500,4375800,C&DOH,4.92126,10000,11.32,46.9,425500 4375800,1.5,Suitable,dodgerblue,YES,264.3933605,2718.9952218,111.1011348
425600,4375700,C&DOH,4.92126,10000,11.32,46.9,425600 4375700,1.5,Suitable,dodgerblue,YES,264.4554976,2718.9330847,111.0389977
425600,4375700,C&DOH,18.04462,10000,11.31,46.8,425600 4375700,5.5,Suitable,dodgerblue,YES,264.4554976,2718.9330847,111.0389977
425600,4375700,C&DOH,1.64042,10000,11.32,46.9,425600 4375700,0.5,Suitable,dodgerblue,YES,264.4554976,2718.9330847,111.0389977
425600,4375700,C&DOH,24.6063,10000,11.3,46.9,425600 4375700,7.5,Suitable,dodgerblue,YES,264.4554976,2718.9330847,111.0389977
425600,4375700,C&DOH,21.32546,10000,11.3,46.9,425600 4375700,6.5,Suitable,dodgerblue,YES,264.4554976,2718.9330847,111.0389977
425600,4375700,C&DOH,31.16798,10000,11.29,46.6,425600 4375700,9.5,Suitable,dodgerblue,YES,264.4554976,2718.9330847,111.0389977
425600,4375700,C&DOH,34.44882,10000,11.25,46.6,425600 4375700,10.5,Suitable,dodgerblue,YES,264.4554976,2718.9330847,111.0389977
425600,4375700,C&DOH,8.2021,10000,11.32,46.9,425600 4375700,2.5,Suitable,dodgerblue,YES,264.4554976,2718.9330847,111.0389977
425600,4375700,C&DOH,11.48294,10000,11.32,46.9,425600 4375700,3.5,Suitable,dodgerblue,YES,264.4554976,2718.9330847,111.0389977
425600,4375700,C&DOH,14.76378,10000,11.31,46.9,425600 4375700,4.5,Suitable,dodgerblue,YES,264.4554976,2718.9330847,111.0389977
425600,4375700,C&DOH,27.88714,10000,11.3,46.7,425600 4375700,8.5,Suitable,dodgerblue,YES,264.4554976,2718.9330847,111.0389977
425600,4375800,C&DOH,18.04462,10000,11.31,46.8,425600 4375800,5.5,Suitable,dodgerblue,YES,264.4554976,2718.9952218,111.1011348
425600,4375800,C&DOH,34.44882,10000,11.25,46.6,425600 4375800,10.5,Suitable,dodgerblue,YES,264.4554976,2718.9952218,111.1011348
425600,4375800,C&DOH,11.48294,10000,11.32,46.9,425600 4375800,3.5,Suitable,dodgerblue,YES,264.4554976,2718.9952218,111.1011348
425600,4375800,C&DOH,14.76378,10000,11.31,46.9,425600 4375800,4.5,Suitable,dodgerblue,YES,264.4554976,2718.9952218,111.1011348
425600,4375800,C&DOH,21.32546,10000,11.3,46.9,425600 4375800,6.5,Suitable,dodgerblue,YES,264.4554976,2718.9952218,111.1011348
425600,4375800,C&DOH,1.64042,10000,11.32,46.9,425600 4375800,0.5,Suitable,dodgerblue,YES,264.4554976,2718.9952218,111.1011348
425600,4375800,C&DOH,31.16798,10000,11.29,46.6,425600 4375800,9.5,Suitable,dodgerblue,YES,264.4554976,2718.9952218,111.1011348
425600,4375800,C&DOH,24.6063,10000,11.3,46.9,425600 4375800,7.5,Suitable,dodgerblue,YES,264.4554976,2718.9952218,111.1011348
425600,4375800,C&DOH,4.92126,10000,11.32,46.9,425600 4375800,1.5,Suitable,dodgerblue,YES,264.4554976,2718.9952218,111.1011348
425600,4375800,C&DOH,27.88714,10000,11.3,46.7,425600 4375800,8.5,Suitable,dodgerblue,YES,264.4554976,2718.9952218,111.1011348
425600,4375800,C&DOH,8.2021,10000,11.32,46.9,425600 4375800,2.5,Suitable,dodgerblue,YES,264.4554976,2718.9952218,111.1011348
425600,4375900,C&DOH,11.48294,10000,11.32,46.9,425600 4375900,3.5,Suitable,dodgerblue,YES,264.4554976,2719.0573589,111.1632719
425600,4375900,C&DOH,4.92126,10000,11.32,46.9,425600 4375900,1.5,Suitable,dodgerblue,YES,264.4554976,2719.0573589,111.1632719
425600,4375900,C&DOH,8.2021,10000,11.32,46.9,425600 4375900,2.5,Suitable,dodgerblue,YES,264.4554976,2719.0573589,111.1632719
425600,4375900,C&DOH,1.64042,10000,11.32,46.9,425600 4375900,0.5,Suitable,dodgerblue,YES,264.4554976,2719.0573589,111.1632719
425600,4375900,C&DOH,27.88714,10000,11.3,46.7,425600 4375900,8.5,Suitable,dodgerblue,YES,264.4554976,2719.0573589,111.1632719
425600,4375900,C&DOH,18.04462,10000,11.31,46.8,425600 4375900,5.5,Suitable,dodgerblue,YES,264.4554976,2719.0573589,111.1632719
425600,4375900,C&DOH,21.32546,10000,11.3,46.9,425600 4375900,6.5,Suitable,dodgerblue,YES,264.4554976,2719.0573589,111.1632719
425600,4375900,C&DOH,31.16798,10000,11.29,46.6,425600 4375900,9.5,Suitable,dodgerblue,YES,264.4554976,2719.0573589,111.1632719
425600,4375900,C&DOH,34.44882,10000,11.25,46.6,425600 4375900,10.5,Suitable,dodgerblue,YES,264.4554976,2719.0573589,111.1632719
425600,4375900,C&DOH,14.76378,10000,11.31,46.9,425600 4375900,4.5,Suitable,dodgerblue,YES,264.4554976,2719.0573589,111.1632719
425600,4375900,C&DOH,24.6063,10000,11.3,46.9,425600 4375900,7.5,Suitable,dodgerblue,YES,264.4554976,2719.0573589,111.1632719
425700,4375900,C&DOH,24.6063,10000,11.3,46.9,425700 4375900,7.5,Suitable,dodgerblue,YES,264.5176347,2719.0573589,111.1632719
425700,4375900,C&DOH,27.88714,10000,11.3,46.7,425700 4375900,8.5,Suitable,dodgerblue,YES,264.5176347,2719.0573589,111.1632719
425700,4375900,C&DOH,8.2021,10000,11.32,46.9,425700 4375900,2.5,Suitable,dodgerblue,YES,264.5176347,2719.0573589,111.1632719
425700,4375900,C&DOH,21.32546,10000,11.3,46.9,425700 4375900,6.5,Suitable,dodgerblue,YES,264.5176347,2719.0573589,111.1632719
425700,4375900,C&DOH,4.92126,10000,11.32,46.9,425700 4375900,1.5,Suitable,dodgerblue,YES,264.5176347,2719.0573589,111.1632719
425700,4375900,C&DOH,31.16798,10000,11.29,46.6,425700 4375900,9.5,Suitable,dodgerblue,YES,264.5176347,2719.0573589,111.1632719
425700,4375900,C&DOH,34.44882,10000,11.26,46.6,425700 4375900,10.5,Suitable,dodgerblue,YES,264.5176347,2719.0573589,111.1632719
425700,4375900,C&DOH,1.64042,10000,11.32,46.9,425700 4375900,0.5,Suitable,dodgerblue,YES,264.5176347,2719.0573589,111.1632719
425700,4375900,C&DOH,14.76378,10000,11.31,46.9,425700 4375900,4.5,Suitable,dodgerblue,YES,264.5176347,2719.0573589,111.1632719
425700,4375900,C&DOH,11.48294,10000,11.32,46.9,425700 4375900,3.5,Suitable,dodgerblue,YES,264.5176347,2719.0573589,111.1632719
425700,4375900,C&DOH,18.04462,10000,11.31,46.8,425700 4375900,5.5,Suitable,dodgerblue,YES,264.5176347,2719.0573589,111.1632719
425800,4375900,C&DOH,14.76378,10000,11.31,46.9,425800 4375900,4.5,Suitable,dodgerblue,YES,264.5797718,2719.0573589,111.1632719
425800,4375900,C&DOH,18.04462,10000,11.31,46.8,425800 4375900,5.5,Suitable,dodgerblue,YES,264.5797718,2719.0573589,111.1632719
425800,4375900,C&DOH,11.48294,10000,11.32,46.9,425800 4375900,3.5,Suitable,dodgerblue,YES,264.5797718,2719.0573589,111.1632719
425800,4375900,C&DOH,4.92126,10000,11.32,46.9,425800 4375900,1.5,Suitable,dodgerblue,YES,264.5797718,2719.0573589,111.1632719
425800,4375900,C&DOH,31.16798,10000,11.29,46.6,425800 4375900,9.5,Suitable,dodgerblue,YES,264.5797718,2719.0573589,111.1632719
425800,4375900,C&DOH,1.64042,10000,11.32,46.9,425800 4375900,0.5,Suitable,dodgerblue,YES,264.5797718,2719.0573589,111.1632719
425800,4375900,C&DOH,34.44882,10000,11.26,46.6,425800 4375900,10.5,Suitable,dodgerblue,YES,264.5797718,2719.0573589,111.1632719
425800,4375900,C&DOH,21.32546,10000,11.3,46.9,425800 4375900,6.5,Suitable,dodgerblue,YES,264.5797718,2719.0573589,111.1632719
425800,4375900,C&DOH,27.88714,10000,11.3,46.7,425800 4375900,8.5,Suitable,dodgerblue,YES,264.5797718,2719.0573589,111.1632719
425800,4375900,C&DOH,8.2021,10000,11.32,46.9,425800 4375900,2.5,Suitable,dodgerblue,YES,264.5797718,2719.0573589,111.1632719
425800,4375900,C&DOH,24.6063,10000,11.3,46.9,425800 4375900,7.5,Suitable,dodgerblue,YES,264.5797718,2719.0573589,111.1632719
425800,4376000,C&DOH,31.16798,10000,11.29,46.6,425800 4376000,9.5,Suitable,dodgerblue,YES,264.5797718,2719.119496,111.225409
425800,4376000,C&DOH,18.04462,10000,11.31,46.8,425800 4376000,5.5,Suitable,dodgerblue,YES,264.5797718,2719.119496,111.225409
425800,4376000,C&DOH,8.2021,10000,11.32,46.9,425800 4376000,2.5,Suitable,dodgerblue,YES,264.5797718,2719.119496,111.225409
425800,4376000,C&DOH,27.88714,10000,11.3,46.7,425800 4376000,8.5,Suitable,dodgerblue,YES,264.5797718,2719.119496,111.225409
425800,4376000,C&DOH,24.6063,10000,11.3,46.9,425800 4376000,7.5,Suitable,dodgerblue,YES,264.5797718,2719.119496,111.225409
425800,4376000,C&DOH,14.76378,10000,11.31,46.9,425800 4376000,4.5,Suitable,dodgerblue,YES,264.5797718,2719.119496,111.225409
425800,4376000,C&DOH,4.92126,10000,11.32,46.9,425800 4376000,1.5,Suitable,dodgerblue,YES,264.5797718,2719.119496,111.225409
425800,4376000,C&DOH,11.48294,10000,11.32,46.9,425800 4376000,3.5,Suitable,dodgerblue,YES,264.5797718,2719.119496,111.225409
425800,4376000,C&DOH,34.44882,10000,11.26,46.6,425800 4376000,10.5,Suitable,dodgerblue,YES,264.5797718,2719.119496,111.225409
425800,4376000,C&DOH,21.32546,10000,11.3,46.9,425800 4376000,6.5,Suitable,dodgerblue,YES,264.5797718,2719.119496,111.225409
425800,4376000,C&DOH,1.64042,10000,11.32,46.9,425800 4376000,0.5,Suitable,dodgerblue,YES,264.5797718,2719.119496,111.225409
425900,4376000,C&DOH,1.64042,10000,11.32,46.9,425900 4376000,0.5,Suitable,dodgerblue,YES,264.6419089,2719.119496,111.225409
425900,4376000,C&DOH,14.76378,10000,11.31,46.9,425900 4376000,4.5,Suitable,dodgerblue,YES,264.6419089,2719.119496,111.225409
425900,4376000,C&DOH,34.44882,10000,11.26,46.6,425900 4376000,10.5,Suitable,dodgerblue,YES,264.6419089,2719.119496,111.225409
425900,4376000,C&DOH,27.88714,10000,11.3,46.8,425900 4376000,8.5,Suitable,dodgerblue,YES,264.6419089,2719.119496,111.225409
425900,4376000,C&DOH,11.48294,10000,11.32,46.9,425900 4376000,3.5,Suitable,dodgerblue,YES,264.6419089,2719.119496,111.225409
425900,4376000,C&DOH,8.2021,10000,11.32,46.9,425900 4376000,2.5,Suitable,dodgerblue,YES,264.6419089,2719.119496,111.225409
425900,4376000,C&DOH,31.16798,10000,11.29,46.7,425900 4376000,9.5,Suitable,dodgerblue,YES,264.6419089,2719.119496,111.225409
425900,4376000,C&DOH,4.92126,10000,11.32,46.9,425900 4376000,1.5,Suitable,dodgerblue,YES,264.6419089,2719.119496,111.225409
425900,4376000,C&DOH,18.04462,10000,11.31,46.8,425900 4376000,5.5,Suitable,dodgerblue,YES,264.6419089,2719.119496,111.225409
425900,4376000,C&DOH,21.32546,10000,11.3,46.8,425900 4376000,6.5,Suitable,dodgerblue,YES,264.6419089,2719.119496,111.225409
425900,4376000,C&DOH,24.6063,10000,11.3,46.8,425900 4376000,7.5,Suitable,dodgerblue,YES,264.6419089,2719.119496,111.225409
426000,4376000,C&DOH,31.16798,10000,11.29,46.7,426000 4376000,9.5,Suitable,dodgerblue,YES,264.704046,2719.119496,111.225409
426000,4376000,C&DOH,11.48294,10000,11.32,46.9,426000 4376000,3.5,Suitable,dodgerblue,YES,264.704046,2719.119496,111.225409
426000,4376000,C&DOH,8.2021,10000,11.32,46.9,426000 4376000,2.5,Suitable,dodgerblue,YES,264.704046,2719.119496,111.225409
426000,4376000,C&DOH,4.92126,10000,11.32,46.9,426000 4376000,1.5,Suitable,dodgerblue,YES,264.704046,2719.119496,111.225409
426000,4376000,C&DOH,1.64042,10000,11.32,46.9,426000 4376000,0.5,Suitable,dodgerblue,YES,264.704046,2719.119496,111.225409
426000,4376000,C&DOH,24.6063,10000,11.3,46.8,426000 4376000,7.5,Suitable,dodgerblue,YES,264.704046,2719.119496,111.225409
426000,4376000,C&DOH,27.88714,10000,11.3,46.8,426000 4376000,8.5,Suitable,dodgerblue,YES,264.704046,2719.119496,111.225409
426000,4376000,C&DOH,14.76378,10000,11.31,46.8,426000 4376000,4.5,Suitable,dodgerblue,YES,264.704046,2719.119496,111.225409
426000,4376000,C&DOH,34.44882,10000,11.26,46.6,426000 4376000,10.5,Suitable,dodgerblue,YES,264.704046,2719.119496,111.225409
426000,4376000,C&DOH,21.32546,10000,11.3,46.8,426000 4376000,6.5,Suitable,dodgerblue,YES,264.704046,2719.119496,111.225409
426000,4376000,C&DOH,18.04462,10000,11.31,46.8,426000 4376000,5.5,Suitable,dodgerblue,YES,264.704046,2719.119496,111.225409
426100,4376000,C&DOH,34.44882,10000,11.26,46.6,426100 4376000,10.5,Suitable,dodgerblue,YES,264.7661831,2719.119496,111.225409
426100,4376000,C&DOH,24.6063,10000,11.3,46.8,426100 4376000,7.5,Suitable,dodgerblue,YES,264.7661831,2719.119496,111.225409
426100,4376000,C&DOH,31.16798,10000,11.29,46.7,426100 4376000,9.5,Suitable,dodgerblue,YES,264.7661831,2719.119496,111.225409
426100,4376000,C&DOH,8.2021,10000,11.32,46.9,426100 4376000,2.5,Suitable,dodgerblue,YES,264.7661831,2719.119496,111.225409
426100,4376000,C&DOH,21.32546,10000,11.3,46.8,426100 4376000,6.5,Suitable,dodgerblue,YES,264.7661831,2719.119496,111.225409
426100,4376000,C&DOH,11.48294,10000,11.32,46.9,426100 4376000,3.5,Suitable,dodgerblue,YES,264.7661831,2719.119496,111.225409
426100,4376000,C&DOH,4.92126,10000,11.32,46.9,426100 4376000,1.5,Suitable,dodgerblue,YES,264.7661831,2719.119496,111.225409
426100,4376000,C&DOH,27.88714,10000,11.3,46.8,426100 4376000,8.5,Suitable,dodgerblue,YES,264.7661831,2719.119496,111.225409
426100,4376000,C&DOH,18.04462,10000,11.31,46.8,426100 4376000,5.5,Suitable,dodgerblue,YES,264.7661831,2719.119496,111.225409
426100,4376000,C&DOH,14.76378,10000,11.31,46.8,426100 4376000,4.5,Suitable,dodgerblue,YES,264.7661831,2719.119496,111.225409
426100,4376000,C&DOH,1.64042,10000,11.32,46.9,426100 4376000,0.5,Suitable,dodgerblue,YES,264.7661831,2719.119496,111.225409
426200,4376000,C&DOH,24.6063,10000,11.3,46.8,426200 4376000,7.5,Suitable,dodgerblue,YES,264.8283202,2719.119496,111.225409
426200,4376000,C&DOH,31.16798,10000,11.29,46.7,426200 4376000,9.5,Suitable,dodgerblue,YES,264.8283202,2719.119496,111.225409
426200,4376000,C&DOH,18.04462,10000,11.31,46.8,426200 4376000,5.5,Suitable,dodgerblue,YES,264.8283202,2719.119496,111.225409
426200,4376000,C&DOH,27.88714,10000,11.3,46.8,426200 4376000,8.5,Suitable,dodgerblue,YES,264.8283202,2719.119496,111.225409
426200,4376000,C&DOH,34.44882,10000,11.27,46.6,426200 4376000,10.5,Suitable,dodgerblue,YES,264.8283202,2719.119496,111.225409
426200,4376000,C&DOH,11.48294,10000,11.32,46.9,426200 4376000,3.5,Suitable,dodgerblue,YES,264.8283202,2719.119496,111.225409
426200,4376000,C&DOH,21.32546,10000,11.3,46.8,426200 4376000,6.5,Suitable,dodgerblue,YES,264.8283202,2719.119496,111.225409
426200,4376000,C&DOH,14.76378,10000,11.31,46.8,426200 4376000,4.5,Suitable,dodgerblue,YES,264.8283202,2719.119496,111.225409
426200,4376000,C&DOH,4.92126,10000,11.32,46.9,426200 4376000,1.5,Suitable,dodgerblue,YES,264.8283202,2719.119496,111.225409
426200,4376000,C&DOH,8.2021,10000,11.32,46.9,426200 4376000,2.5,Suitable,dodgerblue,YES,264.8283202,2719.119496,111.225409
426200,4376000,C&DOH,1.64042,10000,11.32,46.9,426200 4376000,0.5,Suitable,dodgerblue,YES,264.8283202,2719.119496,111.225409
426300,4376100,C&DOH,27.88714,10000,11.3,46.8,426300 4376100,8.5,Suitable,dodgerblue,YES,264.8904573,2719.1816331,111.2875461
426300,4376100,C&DOH,24.6063,10000,11.3,46.8,426300 4376100,7.5,Suitable,dodgerblue,YES,264.8904573,2719.1816331,111.2875461
426300,4376100,C&DOH,4.92126,10000,11.31,46.9,426300 4376100,1.5,Suitable,dodgerblue,YES,264.8904573,2719.1816331,111.2875461
426300,4376100,C&DOH,1.64042,10000,11.31,46.9,426300 4376100,0.5,Suitable,dodgerblue,YES,264.8904573,2719.1816331,111.2875461
426300,4376100,C&DOH,18.04462,10000,11.31,46.8,426300 4376100,5.5,Suitable,dodgerblue,YES,264.8904573,2719.1816331,111.2875461
426300,4376100,C&DOH,34.44882,10000,11.27,46.6,426300 4376100,10.5,Suitable,dodgerblue,YES,264.8904573,2719.1816331,111.2875461
426300,4376100,C&DOH,21.32546,10000,11.3,46.8,426300 4376100,6.5,Suitable,dodgerblue,YES,264.8904573,2719.1816331,111.2875461
426300,4376100,C&DOH,31.16798,10000,11.29,46.7,426300 4376100,9.5,Suitable,dodgerblue,YES,264.8904573,2719.1816331,111.2875461
426300,4376100,C&DOH,8.2021,10000,11.31,46.9,426300 4376100,2.5,Suitable,dodgerblue,YES,264.8904573,2719.1816331,111.2875461
426300,4376100,C&DOH,11.48294,10000,11.31,46.9,426300 4376100,3.5,Suitable,dodgerblue,YES,264.8904573,2719.1816331,111.2875461
426300,4376100,C&DOH,14.76378,10000,11.31,46.8,426300 4376100,4.5,Suitable,dodgerblue,YES,264.8904573,2719.1816331,111.2875461
426600,4376100,C&DOH,8.2021,10000,11.31,46.9,426600 4376100,2.5,Suitable,dodgerblue,YES,265.0768686,2719.1816331,111.2875461
426600,4376100,C&DOH,4.92126,10000,11.31,46.9,426600 4376100,1.5,Suitable,dodgerblue,YES,265.0768686,2719.1816331,111.2875461
426600,4376100,C&DOH,14.76378,10000,11.31,46.8,426600 4376100,4.5,Suitable,dodgerblue,YES,265.0768686,2719.1816331,111.2875461
426600,4376100,C&DOH,31.16798,10000,11.29,46.7,426600 4376100,9.5,Suitable,dodgerblue,YES,265.0768686,2719.1816331,111.2875461
426600,4376100,C&DOH,34.44882,10000,11.27,46.7,426600 4376100,10.5,Suitable,dodgerblue,YES,265.0768686,2719.1816331,111.2875461
426600,4376100,C&DOH,24.6063,10000,11.3,46.8,426600 4376100,7.5,Suitable,dodgerblue,YES,265.0768686,2719.1816331,111.2875461
426600,4376100,C&DOH,21.32546,10000,11.3,46.8,426600 4376100,6.5,Suitable,dodgerblue,YES,265.0768686,2719.1816331,111.2875461
426600,4376100,C&DOH,11.48294,10000,11.31,46.9,426600 4376100,3.5,Suitable,dodgerblue,YES,265.0768686,2719.1816331,111.2875461
426600,4376100,C&DOH,1.64042,10000,11.31,46.9,426600 4376100,0.5,Suitable,dodgerblue,YES,265.0768686,2719.1816331,111.2875461
426600,4376100,C&DOH,18.04462,10000,11.31,46.8,426600 4376100,5.5,Suitable,dodgerblue,YES,265.0768686,2719.1816331,111.2875461
426600,4376100,C&DOH,27.88714,10000,11.3,46.8,426600 4376100,8.5,Suitable,dodgerblue,YES,265.0768686,2719.1816331,111.2875461
426900,4376100,C&DOH,14.76378,10000,11.31,46.8,426900 4376100,4.5,Suitable,dodgerblue,YES,265.2632799,2719.1816331,111.2875461
426900,4376100,C&DOH,27.88714,10000,11.3,46.8,426900 4376100,8.5,Suitable,dodgerblue,YES,265.2632799,2719.1816331,111.2875461
426900,4376100,C&DOH,21.32546,10000,11.3,46.8,426900 4376100,6.5,Suitable,dodgerblue,YES,265.2632799,2719.1816331,111.2875461
426900,4376100,C&DOH,18.04462,10000,11.31,46.8,426900 4376100,5.5,Suitable,dodgerblue,YES,265.2632799,2719.1816331,111.2875461
426900,4376100,C&DOH,31.16798,10000,11.29,46.7,426900 4376100,9.5,Suitable,dodgerblue,YES,265.2632799,2719.1816331,111.2875461
426900,4376100,C&DOH,24.6063,10000,11.3,46.8,426900 4376100,7.5,Suitable,dodgerblue,YES,265.2632799,2719.1816331,111.2875461
426900,4376100,C&DOH,11.48294,10000,11.31,46.8,426900 4376100,3.5,Suitable,dodgerblue,YES,265.2632799,2719.1816331,111.2875461
426900,4376100,C&DOH,4.92126,10000,11.31,46.8,426900 4376100,1.5,Suitable,dodgerblue,YES,265.2632799,2719.1816331,111.2875461
426900,4376100,C&DOH,8.2021,10000,11.31,46.8,426900 4376100,2.5,Suitable,dodgerblue,YES,265.2632799,2719.1816331,111.2875461
426900,4376100,C&DOH,1.64042,10000,11.31,46.9,426900 4376100,0.5,Suitable,dodgerblue,YES,265.2632799,2719.1816331,111.2875461
426900,4376100,C&DOH,34.44882,10000,11.28,46.7,426900 4376100,10.5,Suitable,dodgerblue,YES,265.2632799,2719.1816331,111.2875461
427200,4376100,C&DOH,18.04462,10000,11.31,46.8,427200 4376100,5.5,Suitable,dodgerblue,YES,265.4496912,2719.1816331,111.2875461
427200,4376100,C&DOH,1.64042,10000,11.31,46.8,427200 4376100,0.5,Suitable,dodgerblue,YES,265.4496912,2719.1816331,111.2875461
427200,4376100,C&DOH,11.48294,10000,11.31,46.8,427200 4376100,3.5,Suitable,dodgerblue,YES,265.4496912,2719.1816331,111.2875461
427200,4376100,C&DOH,8.2021,10000,11.31,46.8,427200 4376100,2.5,Suitable,dodgerblue,YES,265.4496912,2719.1816331,111.2875461
427200,4376100,C&DOH,31.16798,10000,11.3,46.7,427200 4376100,9.5,Suitable,dodgerblue,YES,265.4496912,2719.1816331,111.2875461
427200,4376100,C&DOH,14.76378,10000,11.31,46.8,427200 4376100,4.5,Suitable,dodgerblue,YES,265.4496912,2719.1816331,111.2875461
427200,4376100,C&DOH,21.32546,10000,11.3,46.8,427200 4376100,6.5,Suitable,dodgerblue,YES,265.4496912,2719.1816331,111.2875461
427200,4376100,C&DOH,34.44882,10000,11.28,46.7,427200 4376100,10.5,Suitable,dodgerblue,YES,265.4496912,2719.1816331,111.2875461
427200,4376100,C&DOH,4.92126,10000,11.31,46.8,427200 4376100,1.5,Suitable,dodgerblue,YES,265.4496912,2719.1816331,111.2875461
427200,4376100,C&DOH,24.6063,10000,11.3,46.8,427200 4376100,7.5,Suitable,dodgerblue,YES,265.4496912,2719.1816331,111.2875461
427200,4376100,C&DOH,27.88714,10000,11.3,46.8,427200 4376100,8.5,Suitable,dodgerblue,YES,265.4496912,2719.1816331,111.2875461
427300,4376100,C&DOH,34.44882,10000,11.28,46.7,427300 4376100,10.5,Suitable,dodgerblue,YES,265.5118283,2719.1816331,111.2875461
427300,4376100,C&DOH,18.04462,10000,11.31,46.8,427300 4376100,5.5,Suitable,dodgerblue,YES,265.5118283,2719.1816331,111.2875461
427300,4376100,C&DOH,24.6063,10000,11.3,46.8,427300 4376100,7.5,Suitable,dodgerblue,YES,265.5118283,2719.1816331,111.2875461
427300,4376100,C&DOH,27.88714,10000,11.3,46.8,427300 4376100,8.5,Suitable,dodgerblue,YES,265.5118283,2719.1816331,111.2875461
427300,4376100,C&DOH,4.92126,10000,11.31,46.8,427300 4376100,1.5,Suitable,dodgerblue,YES,265.5118283,2719.1816331,111.2875461
427300,4376100,C&DOH,21.32546,10000,11.3,46.8,427300 4376100,6.5,Suitable,dodgerblue,YES,265.5118283,2719.1816331,111.2875461
427300,4376100,C&DOH,11.48294,10000,11.31,46.8,427300 4376100,3.5,Suitable,dodgerblue,YES,265.5118283,2719.1816331,111.2875461
427300,4376100,C&DOH,31.16798,10000,11.3,46.7,427300 4376100,9.5,Suitable,dodgerblue,YES,265.5118283,2719.1816331,111.2875461
427300,4376100,C&DOH,1.64042,10000,11.31,46.8,427300 4376100,0.5,Suitable,dodgerblue,YES,265.5118283,2719.1816331,111.2875461
427300,4376100,C&DOH,8.2021,10000,11.31,46.8,427300 4376100,2.5,Suitable,dodgerblue,YES,265.5118283,2719.1816331,111.2875461
427300,4376100,C&DOH,14.76378,10000,11.31,46.8,427300 4376100,4.5,Suitable,dodgerblue,YES,265.5118283,2719.1816331,111.2875461
427600,4376100,C&DOH,1.64042,10000,11.31,46.8,427600 4376100,0.5,Suitable,dodgerblue,YES,265.6982396,2719.1816331,111.2875461
427600,4376100,C&DOH,4.92126,10000,11.31,46.8,427600 4376100,1.5,Suitable,dodgerblue,YES,265.6982396,2719.1816331,111.2875461
427600,4376100,C&DOH,21.32546,10000,11.3,46.8,427600 4376100,6.5,Suitable,dodgerblue,YES,265.6982396,2719.1816331,111.2875461
427600,4376100,C&DOH,11.48294,10000,11.31,46.8,427600 4376100,3.5,Suitable,dodgerblue,YES,265.6982396,2719.1816331,111.2875461
427600,4376100,C&DOH,24.6063,10000,11.3,46.8,427600 4376100,7.5,Suitable,dodgerblue,YES,265.6982396,2719.1816331,111.2875461
427600,4376100,C&DOH,27.88714,10000,11.3,46.8,427600 4376100,8.5,Suitable,dodgerblue,YES,265.6982396,2719.1816331,111.2875461
427600,4376100,C&DOH,31.16798,10000,11.3,46.8,427600 4376100,9.5,Suitable,dodgerblue,YES,265.6982396,2719.1816331,111.2875461
427600,4376100,C&DOH,34.44882,10000,11.29,46.7,427600 4376100,10.5,Suitable,dodgerblue,YES,265.6982396,2719.1816331,111.2875461
427600,4376100,C&DOH,8.2021,10000,11.31,46.8,427600 4376100,2.5,Suitable,dodgerblue,YES,265.6982396,2719.1816331,111.2875461
427600,4376100,C&DOH,18.04462,10000,11.31,46.8,427600 4376100,5.5,Suitable,dodgerblue,YES,265.6982396,2719.1816331,111.2875461
427600,4376100,C&DOH,14.76378,10000,11.31,46.8,427600 4376100,4.5,Suitable,dodgerblue,YES,265.6982396,2719.1816331,111.2875461
427900,4376100,C&DOH,8.2021,10000,11.31,46.8,427900 4376100,2.5,Suitable,dodgerblue,YES,265.8846509,2719.1816331,111.2875461
427900,4376100,C&DOH,4.92126,10000,11.31,46.8,427900 4376100,1.5,Suitable,dodgerblue,YES,265.8846509,2719.1816331,111.2875461
427900,4376100,C&DOH,31.16798,10000,11.3,46.8,427900 4376100,9.5,Suitable,dodgerblue,YES,265.8846509,2719.1816331,111.2875461
427900,4376100,C&DOH,34.44882,10000,11.29,46.8,427900 4376100,10.5,Suitable,dodgerblue,YES,265.8846509,2719.1816331,111.2875461
427900,4376100,C&DOH,27.88714,10000,11.3,46.8,427900 4376100,8.5,Suitable,dodgerblue,YES,265.8846509,2719.1816331,111.2875461
427900,4376100,C&DOH,21.32546,10000,11.3,46.8,427900 4376100,6.5,Suitable,dodgerblue,YES,265.8846509,2719.1816331,111.2875461
427900,4376100,C&DOH,14.76378,10000,11.31,46.8,427900 4376100,4.5,Suitable,dodgerblue,YES,265.8846509,2719.1816331,111.2875461
427900,4376100,C&DOH,1.64042,10000,11.31,46.8,427900 4376100,0.5,Suitable,dodgerblue,YES,265.8846509,2719.1816331,111.2875461
427900,4376100,C&DOH,11.48294,10000,11.31,46.8,427900 4376100,3.5,Suitable,dodgerblue,YES,265.8846509,2719.1816331,111.2875461
427900,4376100,C&DOH,18.04462,10000,11.31,46.8,427900 4376100,5.5,Suitable,dodgerblue,YES,265.8846509,2719.1816331,111.2875461
427900,4376100,C&DOH,24.6063,10000,11.3,46.8,427900 4376100,7.5,Suitable,dodgerblue,YES,265.8846509,2719.1816331,111.2875461
428200,4376100,C&DOH,24.6063,10000,11.3,46.8,428200 4376100,7.5,Suitable,dodgerblue,YES,266.0710622,2719.1816331,111.2875461
428200,4376100,C&DOH,27.88714,10000,11.3,46.8,428200 4376100,8.5,Suitable,dodgerblue,YES,266.0710622,2719.1816331,111.2875461
428200,4376100,C&DOH,31.16798,10000,11.3,46.8,428200 4376100,9.5,Suitable,dodgerblue,YES,266.0710622,2719.1816331,111.2875461
428200,4376100,C&DOH,8.2021,10000,11.3,46.8,428200 4376100,2.5,Suitable,dodgerblue,YES,266.0710622,2719.1816331,111.2875461
428200,4376100,C&DOH,34.44882,10000,11.29,46.8,428200 4376100,10.5,Suitable,dodgerblue,YES,266.0710622,2719.1816331,111.2875461
428200,4376100,C&DOH,1.64042,10000,11.3,46.8,428200 4376100,0.5,Suitable,dodgerblue,YES,266.0710622,2719.1816331,111.2875461
428200,4376100,C&DOH,4.92126,10000,11.3,46.8,428200 4376100,1.5,Suitable,dodgerblue,YES,266.0710622,2719.1816331,111.2875461
428200,4376100,C&DOH,21.32546,10000,11.3,46.8,428200 4376100,6.5,Suitable,dodgerblue,YES,266.0710622,2719.1816331,111.2875461
428200,4376100,C&DOH,18.04462,10000,11.3,46.8,428200 4376100,5.5,Suitable,dodgerblue,YES,266.0710622,2719.1816331,111.2875461
428200,4376100,C&DOH,11.48294,10000,11.3,46.8,428200 4376100,3.5,Suitable,dodgerblue,YES,266.0710622,2719.1816331,111.2875461
428200,4376100,C&DOH,14.76378,10000,11.3,46.8,428200 4376100,4.5,Suitable,dodgerblue,YES,266.0710622,2719.1816331,111.2875461
